[2026-09-28 04:38:57,645] DEBUG: Calling start method of knee
[2026-09-28 04:38:58,518] DEBUG: [knee] Entering Voltage control mode.
[2026-09-28 04:38:58,518] DEBUG: Calling start method of LoadcellBase
[2026-09-28 04:38:59,519] DEBUG: Calling start method of EncoderBase
[2026-09-28 04:38:59,519] INFO: Opening encoder communication: EncoderBase
[2026-09-28 04:38:59,523] INFO: [KNEE] Homing knee joint. Please make sure the joint is free to move and press Enter to continue.
[2026-09-28 04:39:01,299] DEBUG: [knee] Already in VOLTAGE control mode.
[2026-09-28 04:39:01,693] INFO: [KNEE] Homing complete.
[2026-09-28 04:39:01,693] INFO: OSL homing complete. If you'd like to create or load encoder maps to correct for nonlinearities, call `make_encoder_linearization_map()` method.
[2026-09-28 04:39:01,693] INFO: [LoadcellBase] Initiating zeroing routine, please ensure that there is no ground contact force.
[2026-09-28 04:39:05,463] INFO: [LoadcellBase] Calibration routine complete.
[2026-09-28 04:39:07,369] DEBUG: [knee]  Exiting Voltage control mode.
[2026-09-28 04:39:07,470] DEBUG: [knee]  Entering Impedance control mode.
[2026-09-28 04:39:07,478] DEBUG: No valid transitions from state early_stance
[2026-09-28 04:39:07,478] WARNING: Velocity attribute does not use the linearization map. Please calculate the velocity using the position attribute.
[2026-09-28 04:39:07,484] INFO: T:0.000, State:early_stance, Fz:0.84, ThetaRef:15.00, ThetaActual:1.29, EncoderTheta:99.29, EncoderVelocity:-0.02, K:20.00, B:1.00
[2026-09-28 04:39:07,486] DEBUG: No valid transitions from state early_stance
[2026-09-28 04:39:07,487] WARNING: Velocity attribute does not use the linearization map. Please calculate the velocity using the position attribute.
[2026-09-28 04:39:07,492] INFO: T:0.009, State:early_stance, Fz:1.54, ThetaRef:15.00, ThetaActual:1.29, EncoderTheta:99.29, EncoderVelocity:0.00, K:20.00, B:1.00
[2026-09-28 04:39:07,495] DEBUG: No valid transitions from state early_stance
[2026-09-28 04:39:07,495] WARNING: Velocity attribute does not use the linearization map. Please calculate the velocity using the position attribute.
[2026-09-28 04:39:07,501] INFO: T:0.017, State:early_stance, Fz:2.06, ThetaRef:15.00, ThetaActual:1.29, EncoderTheta:99.34, EncoderVelocity:5.10, K:20.00, B:1.00
[2026-09-28 04:39:07,503] DEBUG: No valid transitions from state early_stance
[2026-09-28 04:39:07,504] WARNING: Velocity attribute does not use the linearization map. Please calculate the velocity using the position attribute.
[2026-09-28 04:39:07,509] INFO: T:0.026, State:early_stance, Fz:3.87, ThetaRef:15.00, ThetaActual:1.29, EncoderTheta:99.32, EncoderVelocity:-2.58, K:20.00, B:1.00
[2026-09-28 04:39:07,512] DEBUG: No valid transitions from state early_stance
[2026-09-28 04:39:07,512] WARNING: Velocity attribute does not use the linearization map. Please calculate the velocity using the position attribute.
[2026-09-28 04:39:07,518] INFO: T:0.034, State:early_stance, Fz:3.33, ThetaRef:15.00, ThetaActual:1.29, EncoderTheta:99.25, EncoderVelocity:-7.80, K:20.00, B:1.00
[2026-09-28 04:39:07,520] DEBUG: No valid transitions from state early_stance
[2026-09-28 04:39:07,520] WARNING: Velocity attribute does not use the linearization map. Please calculate the velocity using the position attribute.
[2026-09-28 04:39:07,526] INFO: T:0.043, State:early_stance, Fz:2.90, ThetaRef:15.00, ThetaActual:1.29, EncoderTheta:99.34, EncoderVelocity:10.42, K:20.00, B:1.00
[2026-09-28 04:39:07,529] DEBUG: No valid transitions from state early_stance
[2026-09-28 04:39:07,529] WARNING: Velocity attribute does not use the linearization map. Please calculate the velocity using the position attribute.
[2026-09-28 04:39:07,534] INFO: T:0.051, State:early_stance, Fz:2.08, ThetaRef:15.00, ThetaActual:1.29, EncoderTheta:99.29, EncoderVelocity:-5.23, K:20.00, B:1.00
[2026-09-28 04:39:07,537] DEBUG: No valid transitions from state early_stance
[2026-09-28 04:39:07,537] WARNING: Velocity attribute does not use the linearization map. Please calculate the velocity using the position attribute.
[2026-09-28 04:39:07,544] INFO: T:0.060, State:early_stance, Fz:1.48, ThetaRef:15.00, ThetaActual:1.29, EncoderTheta:99.25, EncoderVelocity:-5.20, K:20.00, B:1.00
[2026-09-28 04:39:07,546] DEBUG: No valid transitions from state early_stance
[2026-09-28 04:39:07,547] WARNING: Velocity attribute does not use the linearization map. Please calculate the velocity using the position attribute.
[2026-09-28 04:39:07,552] INFO: T:0.069, State:early_stance, Fz:2.93, ThetaRef:15.00, ThetaActual:1.29, EncoderTheta:99.27, EncoderVelocity:2.40, K:20.00, B:1.00
[2026-09-28 04:39:07,555] DEBUG: No valid transitions from state early_stance
[2026-09-28 04:39:07,555] WARNING: Velocity attribute does not use the linearization map. Please calculate the velocity using the position attribute.
[2026-09-28 04:39:07,561] INFO: T:0.077, State:early_stance, Fz:3.56, ThetaRef:15.00, ThetaActual:1.29, EncoderTheta:99.29, EncoderVelocity:2.58, K:20.00, B:1.00
[2026-09-28 04:39:07,563] DEBUG: No valid transitions from state early_stance
[2026-09-28 04:39:07,563] WARNING: Velocity attribute does not use the linearization map. Please calculate the velocity using the position attribute.
[2026-09-28 04:39:07,569] INFO: T:0.086, State:early_stance, Fz:2.59, ThetaRef:15.00, ThetaActual:1.29, EncoderTheta:99.36, EncoderVelocity:7.81, K:20.00, B:1.00
[2026-09-28 04:39:07,572] DEBUG: No valid transitions from state early_stance
[2026-09-28 04:39:07,572] WARNING: Velocity attribute does not use the linearization map. Please calculate the velocity using the position attribute.
[2026-09-28 04:39:07,577] INFO: T:0.094, State:early_stance, Fz:3.79, ThetaRef:15.00, ThetaActual:1.29, EncoderTheta:99.32, EncoderVelocity:-5.25, K:20.00, B:1.00
[2026-09-28 04:39:07,580] DEBUG: No valid transitions from state early_stance
[2026-09-28 04:39:07,580] WARNING: Velocity attribute does not use the linearization map. Please calculate the velocity using the position attribute.
[2026-09-28 04:39:07,586] INFO: T:0.103, State:early_stance, Fz:3.28, ThetaRef:15.00, ThetaActual:1.29, EncoderTheta:99.34, EncoderVelocity:2.65, K:20.00, B:1.00
[2026-09-28 04:39:07,588] DEBUG: No valid transitions from state early_stance
[2026-09-28 04:39:07,588] WARNING: Velocity attribute does not use the linearization map. Please calculate the velocity using the position attribute.
[2026-09-28 04:39:07,594] INFO: T:0.111, State:early_stance, Fz:2.83, ThetaRef:15.00, ThetaActual:1.29, EncoderTheta:99.36, EncoderVelocity:2.64, K:20.00, B:1.00
[2026-09-28 04:39:07,597] DEBUG: No valid transitions from state early_stance
[2026-09-28 04:39:07,597] WARNING: Velocity attribute does not use the linearization map. Please calculate the velocity using the position attribute.
[2026-09-28 04:39:07,602] INFO: T:0.119, State:early_stance, Fz:4.01, ThetaRef:15.00, ThetaActual:1.29, EncoderTheta:99.29, EncoderVelocity:-7.92, K:20.00, B:1.00
[2026-09-28 04:39:07,605] DEBUG: No valid transitions from state early_stance
[2026-09-28 04:39:07,605] WARNING: Velocity attribute does not use the linearization map. Please calculate the velocity using the position attribute.
[2026-09-28 04:39:07,611] INFO: T:0.128, State:early_stance, Fz:2.93, ThetaRef:15.00, ThetaActual:1.29, EncoderTheta:99.34, EncoderVelocity:5.24, K:20.00, B:1.00
[2026-09-28 04:39:07,613] DEBUG: No valid transitions from state early_stance
[2026-09-28 04:39:07,613] WARNING: Velocity attribute does not use the linearization map. Please calculate the velocity using the position attribute.
[2026-09-28 04:39:07,619] INFO: T:0.136, State:early_stance, Fz:4.07, ThetaRef:15.00, ThetaActual:1.29, EncoderTheta:99.32, EncoderVelocity:-2.65, K:20.00, B:1.00
[2026-09-28 04:39:07,622] DEBUG: No valid transitions from state early_stance
[2026-09-28 04:39:07,622] WARNING: Velocity attribute does not use the linearization map. Please calculate the velocity using the position attribute.
[2026-09-28 04:39:07,628] INFO: T:0.144, State:early_stance, Fz:5.40, ThetaRef:15.00, ThetaActual:1.29, EncoderTheta:99.29, EncoderVelocity:-2.60, K:20.00, B:1.00
[2026-09-28 04:39:07,630] DEBUG: No valid transitions from state early_stance
[2026-09-28 04:39:07,630] WARNING: Velocity attribute does not use the linearization map. Please calculate the velocity using the position attribute.
[2026-09-28 04:39:07,636] INFO: T:0.153, State:early_stance, Fz:4.47, ThetaRef:15.00, ThetaActual:1.29, EncoderTheta:99.34, EncoderVelocity:5.19, K:20.00, B:1.00
[2026-09-28 04:39:07,639] DEBUG: No valid transitions from state early_stance
[2026-09-28 04:39:07,639] WARNING: Velocity attribute does not use the linearization map. Please calculate the velocity using the position attribute.
[2026-09-28 04:39:07,645] INFO: T:0.161, State:early_stance, Fz:3.81, ThetaRef:15.00, ThetaActual:1.29, EncoderTheta:99.29, EncoderVelocity:-5.19, K:20.00, B:1.00
[2026-09-28 04:39:07,647] DEBUG: No valid transitions from state early_stance
[2026-09-28 04:39:07,647] WARNING: Velocity attribute does not use the linearization map. Please calculate the velocity using the position attribute.
[2026-09-28 04:39:07,653] INFO: T:0.170, State:early_stance, Fz:3.76, ThetaRef:15.00, ThetaActual:1.29, EncoderTheta:99.32, EncoderVelocity:2.56, K:20.00, B:1.00
[2026-09-28 04:39:07,656] DEBUG: No valid transitions from state early_stance
[2026-09-28 04:39:07,656] WARNING: Velocity attribute does not use the linearization map. Please calculate the velocity using the position attribute.
[2026-09-28 04:39:07,661] INFO: T:0.178, State:early_stance, Fz:3.21, ThetaRef:15.00, ThetaActual:1.29, EncoderTheta:99.27, EncoderVelocity:-5.18, K:20.00, B:1.00
[2026-09-28 04:39:07,664] DEBUG: No valid transitions from state early_stance
[2026-09-28 04:39:07,664] WARNING: Velocity attribute does not use the linearization map. Please calculate the velocity using the position attribute.
[2026-09-28 04:39:07,670] INFO: T:0.187, State:early_stance, Fz:4.29, ThetaRef:15.00, ThetaActual:1.29, EncoderTheta:99.27, EncoderVelocity:0.00, K:20.00, B:1.00
[2026-09-28 04:39:07,673] DEBUG: No valid transitions from state early_stance
[2026-09-28 04:39:07,673] WARNING: Velocity attribute does not use the linearization map. Please calculate the velocity using the position attribute.
[2026-09-28 04:39:07,679] INFO: T:0.195, State:early_stance, Fz:4.10, ThetaRef:15.00, ThetaActual:1.29, EncoderTheta:99.32, EncoderVelocity:5.11, K:20.00, B:1.00
[2026-09-28 04:39:07,681] DEBUG: No valid transitions from state early_stance
[2026-09-28 04:39:07,681] WARNING: Velocity attribute does not use the linearization map. Please calculate the velocity using the position attribute.
[2026-09-28 04:39:07,687] INFO: T:0.204, State:early_stance, Fz:3.49, ThetaRef:15.00, ThetaActual:1.29, EncoderTheta:99.29, EncoderVelocity:-2.60, K:20.00, B:1.00
[2026-09-28 04:39:07,689] DEBUG: No valid transitions from state early_stance
[2026-09-28 04:39:07,690] WARNING: Velocity attribute does not use the linearization map. Please calculate the velocity using the position attribute.
[2026-09-28 04:39:07,695] INFO: T:0.212, State:early_stance, Fz:3.50, ThetaRef:15.00, ThetaActual:1.29, EncoderTheta:99.29, EncoderVelocity:0.00, K:20.00, B:1.00
[2026-09-28 04:39:07,698] DEBUG: No valid transitions from state early_stance
[2026-09-28 04:39:07,698] WARNING: Velocity attribute does not use the linearization map. Please calculate the velocity using the position attribute.
[2026-09-28 04:39:07,704] INFO: T:0.220, State:early_stance, Fz:5.45, ThetaRef:15.00, ThetaActual:1.29, EncoderTheta:99.29, EncoderVelocity:0.00, K:20.00, B:1.00
[2026-09-28 04:39:07,706] DEBUG: No valid transitions from state early_stance
[2026-09-28 04:39:07,706] WARNING: Velocity attribute does not use the linearization map. Please calculate the velocity using the position attribute.
[2026-09-28 04:39:07,712] INFO: T:0.229, State:early_stance, Fz:4.06, ThetaRef:15.00, ThetaActual:1.29, EncoderTheta:99.32, EncoderVelocity:2.62, K:20.00, B:1.00
[2026-09-28 04:39:07,715] DEBUG: No valid transitions from state early_stance
[2026-09-28 04:39:07,715] WARNING: Velocity attribute does not use the linearization map. Please calculate the velocity using the position attribute.
[2026-09-28 04:39:07,720] INFO: T:0.237, State:early_stance, Fz:3.96, ThetaRef:15.00, ThetaActual:1.29, EncoderTheta:99.32, EncoderVelocity:0.00, K:20.00, B:1.00
[2026-09-28 04:39:07,723] DEBUG: No valid transitions from state early_stance
[2026-09-28 04:39:07,723] WARNING: Velocity attribute does not use the linearization map. Please calculate the velocity using the position attribute.
[2026-09-28 04:39:07,729] INFO: T:0.246, State:early_stance, Fz:3.37, ThetaRef:15.00, ThetaActual:1.29, EncoderTheta:99.25, EncoderVelocity:-7.83, K:20.00, B:1.00
[2026-09-28 04:39:07,731] DEBUG: No valid transitions from state early_stance
[2026-09-28 04:39:07,731] WARNING: Velocity attribute does not use the linearization map. Please calculate the velocity using the position attribute.
[2026-09-28 04:39:07,737] INFO: T:0.254, State:early_stance, Fz:1.45, ThetaRef:15.00, ThetaActual:1.29, EncoderTheta:99.32, EncoderVelocity:7.84, K:20.00, B:1.00
[2026-09-28 04:39:07,740] DEBUG: No valid transitions from state early_stance
[2026-09-28 04:39:07,740] WARNING: Velocity attribute does not use the linearization map. Please calculate the velocity using the position attribute.
[2026-09-28 04:39:07,745] INFO: T:0.262, State:early_stance, Fz:0.45, ThetaRef:15.00, ThetaActual:1.29, EncoderTheta:99.25, EncoderVelocity:-7.89, K:20.00, B:1.00
[2026-09-28 04:39:07,748] DEBUG: No valid transitions from state early_stance
[2026-09-28 04:39:07,748] WARNING: Velocity attribute does not use the linearization map. Please calculate the velocity using the position attribute.
[2026-09-28 04:39:07,754] INFO: T:0.271, State:early_stance, Fz:3.16, ThetaRef:15.00, ThetaActual:1.29, EncoderTheta:99.34, EncoderVelocity:10.49, K:20.00, B:1.00
[2026-09-28 04:39:07,756] DEBUG: No valid transitions from state early_stance
[2026-09-28 04:39:07,756] WARNING: Velocity attribute does not use the linearization map. Please calculate the velocity using the position attribute.
[2026-09-28 04:39:07,762] INFO: T:0.279, State:early_stance, Fz:1.79, ThetaRef:15.00, ThetaActual:1.29, EncoderTheta:99.29, EncoderVelocity:-5.29, K:20.00, B:1.00
[2026-09-28 04:39:07,765] DEBUG: No valid transitions from state early_stance
[2026-09-28 04:39:07,765] WARNING: Velocity attribute does not use the linearization map. Please calculate the velocity using the position attribute.
[2026-09-28 04:39:07,771] INFO: T:0.287, State:early_stance, Fz:2.73, ThetaRef:15.00, ThetaActual:1.29, EncoderTheta:99.27, EncoderVelocity:-2.63, K:20.00, B:1.00
[2026-09-28 04:39:07,773] DEBUG: No valid transitions from state early_stance
[2026-09-28 04:39:07,773] WARNING: Velocity attribute does not use the linearization map. Please calculate the velocity using the position attribute.
[2026-09-28 04:39:07,779] INFO: T:0.296, State:early_stance, Fz:2.45, ThetaRef:15.00, ThetaActual:1.29, EncoderTheta:99.29, EncoderVelocity:2.63, K:20.00, B:1.00
[2026-09-28 04:39:07,781] DEBUG: No valid transitions from state early_stance
[2026-09-28 04:39:07,782] WARNING: Velocity attribute does not use the linearization map. Please calculate the velocity using the position attribute.
[2026-09-28 04:39:07,787] INFO: T:0.304, State:early_stance, Fz:-0.72, ThetaRef:15.00, ThetaActual:1.29, EncoderTheta:99.29, EncoderVelocity:0.00, K:20.00, B:1.00
[2026-09-28 04:39:07,790] DEBUG: No valid transitions from state early_stance
[2026-09-28 04:39:07,790] WARNING: Velocity attribute does not use the linearization map. Please calculate the velocity using the position attribute.
[2026-09-28 04:39:07,795] INFO: T:0.312, State:early_stance, Fz:1.27, ThetaRef:15.00, ThetaActual:1.29, EncoderTheta:99.32, EncoderVelocity:2.67, K:20.00, B:1.00
[2026-09-28 04:39:07,798] DEBUG: No valid transitions from state early_stance
[2026-09-28 04:39:07,798] WARNING: Velocity attribute does not use the linearization map. Please calculate the velocity using the position attribute.
[2026-09-28 04:39:07,804] INFO: T:0.321, State:early_stance, Fz:2.77, ThetaRef:15.00, ThetaActual:1.29, EncoderTheta:99.29, EncoderVelocity:-2.61, K:20.00, B:1.00
[2026-09-28 04:39:07,806] DEBUG: No valid transitions from state early_stance
[2026-09-28 04:39:07,806] WARNING: Velocity attribute does not use the linearization map. Please calculate the velocity using the position attribute.
[2026-09-28 04:39:07,812] INFO: T:0.329, State:early_stance, Fz:1.50, ThetaRef:15.00, ThetaActual:1.29, EncoderTheta:99.32, EncoderVelocity:2.66, K:20.00, B:1.00
[2026-09-28 04:39:07,815] DEBUG: No valid transitions from state early_stance
[2026-09-28 04:39:07,815] WARNING: Velocity attribute does not use the linearization map. Please calculate the velocity using the position attribute.
[2026-09-28 04:39:07,821] INFO: T:0.337, State:early_stance, Fz:0.53, ThetaRef:15.00, ThetaActual:1.29, EncoderTheta:99.34, EncoderVelocity:2.62, K:20.00, B:1.00
[2026-09-28 04:39:07,823] DEBUG: No valid transitions from state early_stance
[2026-09-28 04:39:07,823] WARNING: Velocity attribute does not use the linearization map. Please calculate the velocity using the position attribute.
[2026-09-28 04:39:07,829] INFO: T:0.346, State:early_stance, Fz:1.76, ThetaRef:15.00, ThetaActual:1.29, EncoderTheta:99.27, EncoderVelocity:-7.80, K:20.00, B:1.00
[2026-09-28 04:39:07,832] DEBUG: No valid transitions from state early_stance
[2026-09-28 04:39:07,832] WARNING: Velocity attribute does not use the linearization map. Please calculate the velocity using the position attribute.
[2026-09-28 04:39:07,837] INFO: T:0.354, State:early_stance, Fz:0.23, ThetaRef:15.00, ThetaActual:1.29, EncoderTheta:99.32, EncoderVelocity:5.23, K:20.00, B:1.00
[2026-09-28 04:39:07,840] DEBUG: No valid transitions from state early_stance
[2026-09-28 04:39:07,840] WARNING: Velocity attribute does not use the linearization map. Please calculate the velocity using the position attribute.
[2026-09-28 04:39:07,846] INFO: T:0.363, State:early_stance, Fz:1.03, ThetaRef:15.00, ThetaActual:1.29, EncoderTheta:99.36, EncoderVelocity:5.24, K:20.00, B:1.00
[2026-09-28 04:39:07,848] DEBUG: No valid transitions from state early_stance
[2026-09-28 04:39:07,848] WARNING: Velocity attribute does not use the linearization map. Please calculate the velocity using the position attribute.
[2026-09-28 04:39:07,854] INFO: T:0.371, State:early_stance, Fz:2.12, ThetaRef:15.00, ThetaActual:1.29, EncoderTheta:99.32, EncoderVelocity:-5.33, K:20.00, B:1.00
[2026-09-28 04:39:07,856] DEBUG: No valid transitions from state early_stance
[2026-09-28 04:39:07,857] WARNING: Velocity attribute does not use the linearization map. Please calculate the velocity using the position attribute.
[2026-09-28 04:39:07,862] INFO: T:0.379, State:early_stance, Fz:1.00, ThetaRef:15.00, ThetaActual:1.29, EncoderTheta:99.32, EncoderVelocity:0.00, K:20.00, B:1.00
[2026-09-28 04:39:07,865] DEBUG: No valid transitions from state early_stance
[2026-09-28 04:39:07,865] WARNING: Velocity attribute does not use the linearization map. Please calculate the velocity using the position attribute.
[2026-09-28 04:39:07,870] INFO: T:0.387, State:early_stance, Fz:1.11, ThetaRef:15.00, ThetaActual:1.29, EncoderTheta:99.34, EncoderVelocity:2.65, K:20.00, B:1.00
[2026-09-28 04:39:07,873] DEBUG: No valid transitions from state early_stance
[2026-09-28 04:39:07,873] WARNING: Velocity attribute does not use the linearization map. Please calculate the velocity using the position attribute.
[2026-09-28 04:39:07,879] INFO: T:0.396, State:early_stance, Fz:1.18, ThetaRef:15.00, ThetaActual:1.29, EncoderTheta:99.29, EncoderVelocity:-5.24, K:20.00, B:1.00
[2026-09-28 04:39:07,882] DEBUG: No valid transitions from state early_stance
[2026-09-28 04:39:07,882] WARNING: Velocity attribute does not use the linearization map. Please calculate the velocity using the position attribute.
[2026-09-28 04:39:07,887] INFO: T:0.404, State:early_stance, Fz:1.26, ThetaRef:15.00, ThetaActual:1.29, EncoderTheta:99.36, EncoderVelocity:7.86, K:20.00, B:1.00
[2026-09-28 04:39:07,890] DEBUG: No valid transitions from state early_stance
[2026-09-28 04:39:07,890] WARNING: Velocity attribute does not use the linearization map. Please calculate the velocity using the position attribute.
[2026-09-28 04:39:07,896] INFO: T:0.413, State:early_stance, Fz:0.80, ThetaRef:15.00, ThetaActual:1.29, EncoderTheta:99.32, EncoderVelocity:-5.23, K:20.00, B:1.00
[2026-09-28 04:39:07,898] DEBUG: No valid transitions from state early_stance
[2026-09-28 04:39:07,898] WARNING: Velocity attribute does not use the linearization map. Please calculate the velocity using the position attribute.
[2026-09-28 04:39:07,904] INFO: T:0.421, State:early_stance, Fz:0.90, ThetaRef:15.00, ThetaActual:1.29, EncoderTheta:99.34, EncoderVelocity:2.62, K:20.00, B:1.00
[2026-09-28 04:39:07,907] DEBUG: No valid transitions from state early_stance
[2026-09-28 04:39:07,907] WARNING: Velocity attribute does not use the linearization map. Please calculate the velocity using the position attribute.
[2026-09-28 04:39:07,913] INFO: T:0.429, State:early_stance, Fz:0.07, ThetaRef:15.00, ThetaActual:1.29, EncoderTheta:99.32, EncoderVelocity:-2.61, K:20.00, B:1.00
[2026-09-28 04:39:07,915] DEBUG: No valid transitions from state early_stance
[2026-09-28 04:39:07,915] WARNING: Velocity attribute does not use the linearization map. Please calculate the velocity using the position attribute.
[2026-09-28 04:39:07,921] INFO: T:0.438, State:early_stance, Fz:0.41, ThetaRef:15.00, ThetaActual:1.29, EncoderTheta:99.34, EncoderVelocity:2.59, K:20.00, B:1.00
[2026-09-28 04:39:07,924] DEBUG: No valid transitions from state early_stance
[2026-09-28 04:39:07,924] WARNING: Velocity attribute does not use the linearization map. Please calculate the velocity using the position attribute.
[2026-09-28 04:39:07,929] INFO: T:0.446, State:early_stance, Fz:0.67, ThetaRef:15.00, ThetaActual:1.29, EncoderTheta:99.32, EncoderVelocity:-2.65, K:20.00, B:1.00
[2026-09-28 04:39:07,932] DEBUG: No valid transitions from state early_stance
[2026-09-28 04:39:07,932] WARNING: Velocity attribute does not use the linearization map. Please calculate the velocity using the position attribute.
[2026-09-28 04:39:07,938] INFO: T:0.454, State:early_stance, Fz:0.85, ThetaRef:15.00, ThetaActual:1.29, EncoderTheta:99.27, EncoderVelocity:-5.24, K:20.00, B:1.00
[2026-09-28 04:39:07,940] DEBUG: No valid transitions from state early_stance
[2026-09-28 04:39:07,940] WARNING: Velocity attribute does not use the linearization map. Please calculate the velocity using the position attribute.
[2026-09-28 04:39:07,946] INFO: T:0.463, State:early_stance, Fz:1.47, ThetaRef:15.00, ThetaActual:1.29, EncoderTheta:99.34, EncoderVelocity:7.93, K:20.00, B:1.00
[2026-09-28 04:39:07,949] DEBUG: No valid transitions from state early_stance
[2026-09-28 04:39:07,949] WARNING: Velocity attribute does not use the linearization map. Please calculate the velocity using the position attribute.
[2026-09-28 04:39:07,954] INFO: T:0.471, State:early_stance, Fz:2.95, ThetaRef:15.00, ThetaActual:1.29, EncoderTheta:99.27, EncoderVelocity:-7.76, K:20.00, B:1.00
[2026-09-28 04:39:07,957] DEBUG: No valid transitions from state early_stance
[2026-09-28 04:39:07,957] WARNING: Velocity attribute does not use the linearization map. Please calculate the velocity using the position attribute.
[2026-09-28 04:39:07,963] INFO: T:0.480, State:early_stance, Fz:4.06, ThetaRef:15.00, ThetaActual:1.29, EncoderTheta:99.34, EncoderVelocity:7.86, K:20.00, B:1.00
[2026-09-28 04:39:07,966] DEBUG: No valid transitions from state early_stance
[2026-09-28 04:39:07,966] WARNING: Velocity attribute does not use the linearization map. Please calculate the velocity using the position attribute.
[2026-09-28 04:39:07,971] INFO: T:0.488, State:early_stance, Fz:2.98, ThetaRef:15.00, ThetaActual:1.29, EncoderTheta:99.29, EncoderVelocity:-5.24, K:20.00, B:1.00
[2026-09-28 04:39:07,974] DEBUG: No valid transitions from state early_stance
[2026-09-28 04:39:07,974] WARNING: Velocity attribute does not use the linearization map. Please calculate the velocity using the position attribute.
[2026-09-28 04:39:07,980] INFO: T:0.497, State:early_stance, Fz:3.60, ThetaRef:15.00, ThetaActual:1.29, EncoderTheta:99.29, EncoderVelocity:0.00, K:20.00, B:1.00
[2026-09-28 04:39:07,982] DEBUG: No valid transitions from state early_stance
[2026-09-28 04:39:07,983] WARNING: Velocity attribute does not use the linearization map. Please calculate the velocity using the position attribute.
[2026-09-28 04:39:07,988] INFO: T:0.505, State:early_stance, Fz:3.08, ThetaRef:15.00, ThetaActual:1.29, EncoderTheta:99.34, EncoderVelocity:5.21, K:20.00, B:1.00
[2026-09-28 04:39:07,991] DEBUG: No valid transitions from state early_stance
[2026-09-28 04:39:07,991] WARNING: Velocity attribute does not use the linearization map. Please calculate the velocity using the position attribute.
[2026-09-28 04:39:07,997] INFO: T:0.513, State:early_stance, Fz:4.16, ThetaRef:15.00, ThetaActual:1.29, EncoderTheta:99.34, EncoderVelocity:0.00, K:20.00, B:1.00
[2026-09-28 04:39:07,999] DEBUG: No valid transitions from state early_stance
[2026-09-28 04:39:07,999] WARNING: Velocity attribute does not use the linearization map. Please calculate the velocity using the position attribute.
[2026-09-28 04:39:08,005] INFO: T:0.522, State:early_stance, Fz:3.04, ThetaRef:15.00, ThetaActual:1.29, EncoderTheta:99.27, EncoderVelocity:-7.88, K:20.00, B:1.00
[2026-09-28 04:39:08,007] DEBUG: No valid transitions from state early_stance
[2026-09-28 04:39:08,008] WARNING: Velocity attribute does not use the linearization map. Please calculate the velocity using the position attribute.
[2026-09-28 04:39:08,013] INFO: T:0.530, State:early_stance, Fz:3.15, ThetaRef:15.00, ThetaActual:1.29, EncoderTheta:99.32, EncoderVelocity:5.33, K:20.00, B:1.00
[2026-09-28 04:39:08,016] DEBUG: No valid transitions from state early_stance
[2026-09-28 04:39:08,016] WARNING: Velocity attribute does not use the linearization map. Please calculate the velocity using the position attribute.
[2026-09-28 04:39:08,021] INFO: T:0.538, State:early_stance, Fz:4.25, ThetaRef:15.00, ThetaActual:1.29, EncoderTheta:99.32, EncoderVelocity:0.00, K:20.00, B:1.00
[2026-09-28 04:39:08,024] DEBUG: No valid transitions from state early_stance
[2026-09-28 04:39:08,024] WARNING: Velocity attribute does not use the linearization map. Please calculate the velocity using the position attribute.
[2026-09-28 04:39:08,030] INFO: T:0.547, State:early_stance, Fz:4.60, ThetaRef:15.00, ThetaActual:1.29, EncoderTheta:99.32, EncoderVelocity:0.00, K:20.00, B:1.00
[2026-09-28 04:39:08,032] DEBUG: No valid transitions from state early_stance
[2026-09-28 04:39:08,033] WARNING: Velocity attribute does not use the linearization map. Please calculate the velocity using the position attribute.
[2026-09-28 04:39:08,038] INFO: T:0.555, State:early_stance, Fz:6.34, ThetaRef:15.00, ThetaActual:1.29, EncoderTheta:99.25, EncoderVelocity:-7.89, K:20.00, B:1.00
[2026-09-28 04:39:08,041] DEBUG: No valid transitions from state early_stance
[2026-09-28 04:39:08,041] WARNING: Velocity attribute does not use the linearization map. Please calculate the velocity using the position attribute.
[2026-09-28 04:39:08,047] INFO: T:0.563, State:early_stance, Fz:6.16, ThetaRef:15.00, ThetaActual:1.29, EncoderTheta:99.34, EncoderVelocity:10.52, K:20.00, B:1.00
[2026-09-28 04:39:08,049] DEBUG: No valid transitions from state early_stance
[2026-09-28 04:39:08,049] WARNING: Velocity attribute does not use the linearization map. Please calculate the velocity using the position attribute.
[2026-09-28 04:39:08,055] INFO: T:0.572, State:early_stance, Fz:5.07, ThetaRef:15.00, ThetaActual:1.29, EncoderTheta:99.29, EncoderVelocity:-5.28, K:20.00, B:1.00
[2026-09-28 04:39:08,057] DEBUG: No valid transitions from state early_stance
[2026-09-28 04:39:08,057] WARNING: Velocity attribute does not use the linearization map. Please calculate the velocity using the position attribute.
[2026-09-28 04:39:08,063] INFO: T:0.580, State:early_stance, Fz:5.20, ThetaRef:15.00, ThetaActual:1.29, EncoderTheta:99.32, EncoderVelocity:2.66, K:20.00, B:1.00
[2026-09-28 04:39:08,066] DEBUG: No valid transitions from state early_stance
[2026-09-28 04:39:08,066] WARNING: Velocity attribute does not use the linearization map. Please calculate the velocity using the position attribute.
[2026-09-28 04:39:08,072] INFO: T:0.588, State:early_stance, Fz:4.82, ThetaRef:15.00, ThetaActual:1.29, EncoderTheta:99.29, EncoderVelocity:-2.63, K:20.00, B:1.00
[2026-09-28 04:39:08,074] DEBUG: No valid transitions from state early_stance
[2026-09-28 04:39:08,074] WARNING: Velocity attribute does not use the linearization map. Please calculate the velocity using the position attribute.
[2026-09-28 04:39:08,080] INFO: T:0.597, State:early_stance, Fz:5.57, ThetaRef:15.00, ThetaActual:1.29, EncoderTheta:99.36, EncoderVelocity:7.77, K:20.00, B:1.00
[2026-09-28 04:39:08,083] DEBUG: No valid transitions from state early_stance
[2026-09-28 04:39:08,083] WARNING: Velocity attribute does not use the linearization map. Please calculate the velocity using the position attribute.
[2026-09-28 04:39:08,088] INFO: T:0.605, State:early_stance, Fz:5.13, ThetaRef:15.00, ThetaActual:1.29, EncoderTheta:99.34, EncoderVelocity:-2.61, K:20.00, B:1.00
[2026-09-28 04:39:08,091] DEBUG: No valid transitions from state early_stance
[2026-09-28 04:39:08,091] WARNING: Velocity attribute does not use the linearization map. Please calculate the velocity using the position attribute.
[2026-09-28 04:39:08,097] INFO: T:0.614, State:early_stance, Fz:4.26, ThetaRef:15.00, ThetaActual:1.29, EncoderTheta:99.32, EncoderVelocity:-2.63, K:20.00, B:1.00
[2026-09-28 04:39:08,099] DEBUG: No valid transitions from state early_stance
[2026-09-28 04:39:08,099] WARNING: Velocity attribute does not use the linearization map. Please calculate the velocity using the position attribute.
[2026-09-28 04:39:08,105] INFO: T:0.622, State:early_stance, Fz:3.12, ThetaRef:15.00, ThetaActual:1.29, EncoderTheta:99.34, EncoderVelocity:2.66, K:20.00, B:1.00
[2026-09-28 04:39:08,107] DEBUG: No valid transitions from state early_stance
[2026-09-28 04:39:08,108] WARNING: Velocity attribute does not use the linearization map. Please calculate the velocity using the position attribute.
[2026-09-28 04:39:08,113] INFO: T:0.630, State:early_stance, Fz:4.20, ThetaRef:15.00, ThetaActual:1.29, EncoderTheta:99.32, EncoderVelocity:-2.67, K:20.00, B:1.00
[2026-09-28 04:39:08,116] DEBUG: No valid transitions from state early_stance
[2026-09-28 04:39:08,116] WARNING: Velocity attribute does not use the linearization map. Please calculate the velocity using the position attribute.
[2026-09-28 04:39:08,121] INFO: T:0.638, State:early_stance, Fz:2.57, ThetaRef:15.00, ThetaActual:1.29, EncoderTheta:99.36, EncoderVelocity:5.30, K:20.00, B:1.00
[2026-09-28 04:39:08,124] DEBUG: No valid transitions from state early_stance
[2026-09-28 04:39:08,124] WARNING: Velocity attribute does not use the linearization map. Please calculate the velocity using the position attribute.
[2026-09-28 04:39:08,130] INFO: T:0.647, State:early_stance, Fz:1.81, ThetaRef:15.00, ThetaActual:1.29, EncoderTheta:99.32, EncoderVelocity:-5.27, K:20.00, B:1.00
[2026-09-28 04:39:08,132] DEBUG: No valid transitions from state early_stance
[2026-09-28 04:39:08,133] WARNING: Velocity attribute does not use the linearization map. Please calculate the velocity using the position attribute.
[2026-09-28 04:39:08,138] INFO: T:0.655, State:early_stance, Fz:1.73, ThetaRef:15.00, ThetaActual:1.29, EncoderTheta:99.32, EncoderVelocity:0.00, K:20.00, B:1.00
[2026-09-28 04:39:08,141] DEBUG: No valid transitions from state early_stance
[2026-09-28 04:39:08,141] WARNING: Velocity attribute does not use the linearization map. Please calculate the velocity using the position attribute.
[2026-09-28 04:39:08,147] INFO: T:0.663, State:early_stance, Fz:1.65, ThetaRef:15.00, ThetaActual:1.29, EncoderTheta:99.36, EncoderVelocity:5.24, K:20.00, B:1.00
[2026-09-28 04:39:08,149] DEBUG: No valid transitions from state early_stance
[2026-09-28 04:39:08,149] WARNING: Velocity attribute does not use the linearization map. Please calculate the velocity using the position attribute.
[2026-09-28 04:39:08,155] INFO: T:0.672, State:early_stance, Fz:1.12, ThetaRef:15.00, ThetaActual:1.29, EncoderTheta:99.32, EncoderVelocity:-5.26, K:20.00, B:1.00
[2026-09-28 04:39:08,157] DEBUG: No valid transitions from state early_stance
[2026-09-28 04:39:08,158] WARNING: Velocity attribute does not use the linearization map. Please calculate the velocity using the position attribute.
[2026-09-28 04:39:08,163] INFO: T:0.680, State:early_stance, Fz:1.18, ThetaRef:15.00, ThetaActual:1.29, EncoderTheta:99.34, EncoderVelocity:2.65, K:20.00, B:1.00
[2026-09-28 04:39:08,166] DEBUG: No valid transitions from state early_stance
[2026-09-28 04:39:08,166] WARNING: Velocity attribute does not use the linearization map. Please calculate the velocity using the position attribute.
[2026-09-28 04:39:08,172] INFO: T:0.688, State:early_stance, Fz:0.29, ThetaRef:15.00, ThetaActual:1.29, EncoderTheta:99.32, EncoderVelocity:-2.62, K:20.00, B:1.00
[2026-09-28 04:39:08,174] DEBUG: No valid transitions from state early_stance
[2026-09-28 04:39:08,174] WARNING: Velocity attribute does not use the linearization map. Please calculate the velocity using the position attribute.
[2026-09-28 04:39:08,180] INFO: T:0.697, State:early_stance, Fz:0.59, ThetaRef:15.00, ThetaActual:1.29, EncoderTheta:99.29, EncoderVelocity:-2.64, K:20.00, B:1.00
[2026-09-28 04:39:08,183] DEBUG: No valid transitions from state early_stance
[2026-09-28 04:39:08,183] WARNING: Velocity attribute does not use the linearization map. Please calculate the velocity using the position attribute.
[2026-09-28 04:39:08,188] INFO: T:0.705, State:early_stance, Fz:1.25, ThetaRef:15.00, ThetaActual:1.29, EncoderTheta:99.32, EncoderVelocity:2.60, K:20.00, B:1.00
[2026-09-28 04:39:08,191] DEBUG: No valid transitions from state early_stance
[2026-09-28 04:39:08,191] WARNING: Velocity attribute does not use the linearization map. Please calculate the velocity using the position attribute.
[2026-09-28 04:39:08,197] INFO: T:0.713, State:early_stance, Fz:0.30, ThetaRef:15.00, ThetaActual:1.29, EncoderTheta:99.34, EncoderVelocity:2.65, K:20.00, B:1.00
[2026-09-28 04:39:08,199] DEBUG: No valid transitions from state early_stance
[2026-09-28 04:39:08,199] WARNING: Velocity attribute does not use the linearization map. Please calculate the velocity using the position attribute.
[2026-09-28 04:39:08,205] INFO: T:0.722, State:early_stance, Fz:0.09, ThetaRef:15.00, ThetaActual:1.29, EncoderTheta:99.36, EncoderVelocity:2.61, K:20.00, B:1.00
[2026-09-28 04:39:08,208] DEBUG: No valid transitions from state early_stance
[2026-09-28 04:39:08,208] WARNING: Velocity attribute does not use the linearization map. Please calculate the velocity using the position attribute.
[2026-09-28 04:39:08,214] INFO: T:0.730, State:early_stance, Fz:1.84, ThetaRef:15.00, ThetaActual:1.29, EncoderTheta:99.34, EncoderVelocity:-2.60, K:20.00, B:1.00
[2026-09-28 04:39:08,216] DEBUG: No valid transitions from state early_stance
[2026-09-28 04:39:08,216] WARNING: Velocity attribute does not use the linearization map. Please calculate the velocity using the position attribute.
[2026-09-28 04:39:08,222] INFO: T:0.739, State:early_stance, Fz:2.70, ThetaRef:15.00, ThetaActual:1.29, EncoderTheta:99.29, EncoderVelocity:-5.13, K:20.00, B:1.00
[2026-09-28 04:39:08,225] DEBUG: No valid transitions from state early_stance
[2026-09-28 04:39:08,225] WARNING: Velocity attribute does not use the linearization map. Please calculate the velocity using the position attribute.
[2026-09-28 04:39:08,231] INFO: T:0.747, State:early_stance, Fz:2.39, ThetaRef:15.00, ThetaActual:1.29, EncoderTheta:99.29, EncoderVelocity:0.00, K:20.00, B:1.00
[2026-09-28 04:39:08,233] DEBUG: No valid transitions from state early_stance
[2026-09-28 04:39:08,233] WARNING: Velocity attribute does not use the linearization map. Please calculate the velocity using the position attribute.
[2026-09-28 04:39:08,239] INFO: T:0.756, State:early_stance, Fz:2.70, ThetaRef:15.00, ThetaActual:1.29, EncoderTheta:99.29, EncoderVelocity:0.00, K:20.00, B:1.00
[2026-09-28 04:39:08,242] DEBUG: No valid transitions from state early_stance
[2026-09-28 04:39:08,242] WARNING: Velocity attribute does not use the linearization map. Please calculate the velocity using the position attribute.
[2026-09-28 04:39:08,247] INFO: T:0.764, State:early_stance, Fz:3.87, ThetaRef:15.00, ThetaActual:1.29, EncoderTheta:99.29, EncoderVelocity:0.00, K:20.00, B:1.00
[2026-09-28 04:39:08,250] DEBUG: No valid transitions from state early_stance
[2026-09-28 04:39:08,250] WARNING: Velocity attribute does not use the linearization map. Please calculate the velocity using the position attribute.
[2026-09-28 04:39:08,256] INFO: T:0.772, State:early_stance, Fz:2.29, ThetaRef:15.00, ThetaActual:1.29, EncoderTheta:99.36, EncoderVelocity:7.92, K:20.00, B:1.00
[2026-09-28 04:39:08,258] DEBUG: No valid transitions from state early_stance
[2026-09-28 04:39:08,258] WARNING: Velocity attribute does not use the linearization map. Please calculate the velocity using the position attribute.
[2026-09-28 04:39:08,264] INFO: T:0.781, State:early_stance, Fz:1.60, ThetaRef:15.00, ThetaActual:1.29, EncoderTheta:99.32, EncoderVelocity:-5.24, K:20.00, B:1.00
[2026-09-28 04:39:08,266] DEBUG: No valid transitions from state early_stance
[2026-09-28 04:39:08,267] WARNING: Velocity attribute does not use the linearization map. Please calculate the velocity using the position attribute.
[2026-09-28 04:39:08,272] INFO: T:0.789, State:early_stance, Fz:2.54, ThetaRef:15.00, ThetaActual:1.29, EncoderTheta:99.34, EncoderVelocity:2.66, K:20.00, B:1.00
[2026-09-28 04:39:08,275] DEBUG: No valid transitions from state early_stance
[2026-09-28 04:39:08,275] WARNING: Velocity attribute does not use the linearization map. Please calculate the velocity using the position attribute.
[2026-09-28 04:39:08,281] INFO: T:0.797, State:early_stance, Fz:0.31, ThetaRef:15.00, ThetaActual:1.29, EncoderTheta:99.34, EncoderVelocity:0.00, K:20.00, B:1.00
[2026-09-28 04:39:08,284] DEBUG: No valid transitions from state early_stance
[2026-09-28 04:39:08,284] WARNING: Velocity attribute does not use the linearization map. Please calculate the velocity using the position attribute.
[2026-09-28 04:39:08,289] INFO: T:0.806, State:early_stance, Fz:-1.97, ThetaRef:15.00, ThetaActual:1.29, EncoderTheta:99.38, EncoderVelocity:5.01, K:20.00, B:1.00
[2026-09-28 04:39:08,292] DEBUG: No valid transitions from state early_stance
[2026-09-28 04:39:08,292] WARNING: Velocity attribute does not use the linearization map. Please calculate the velocity using the position attribute.
[2026-09-28 04:39:08,298] INFO: T:0.815, State:early_stance, Fz:-3.27, ThetaRef:15.00, ThetaActual:1.29, EncoderTheta:99.51, EncoderVelocity:15.64, K:20.00, B:1.00
[2026-09-28 04:39:08,300] DEBUG: No valid transitions from state early_stance
[2026-09-28 04:39:08,300] WARNING: Velocity attribute does not use the linearization map. Please calculate the velocity using the position attribute.
[2026-09-28 04:39:08,306] INFO: T:0.823, State:early_stance, Fz:-3.75, ThetaRef:15.00, ThetaActual:1.29, EncoderTheta:99.56, EncoderVelocity:5.28, K:20.00, B:1.00
[2026-09-28 04:39:08,309] DEBUG: No valid transitions from state early_stance
[2026-09-28 04:39:08,309] WARNING: Velocity attribute does not use the linearization map. Please calculate the velocity using the position attribute.
[2026-09-28 04:39:08,314] INFO: T:0.831, State:early_stance, Fz:-11.95, ThetaRef:15.00, ThetaActual:1.29, EncoderTheta:99.51, EncoderVelocity:-5.26, K:20.00, B:1.00
[2026-09-28 04:39:08,317] DEBUG: No valid transitions from state early_stance
[2026-09-28 04:39:08,317] WARNING: Velocity attribute does not use the linearization map. Please calculate the velocity using the position attribute.
[2026-09-28 04:39:08,323] INFO: T:0.840, State:early_stance, Fz:-10.37, ThetaRef:15.00, ThetaActual:1.29, EncoderTheta:99.58, EncoderVelocity:7.89, K:20.00, B:1.00
[2026-09-28 04:39:08,325] DEBUG: No valid transitions from state early_stance
[2026-09-28 04:39:08,325] WARNING: Velocity attribute does not use the linearization map. Please calculate the velocity using the position attribute.
[2026-09-28 04:39:08,331] INFO: T:0.848, State:early_stance, Fz:-6.67, ThetaRef:15.00, ThetaActual:1.29, EncoderTheta:99.54, EncoderVelocity:-5.30, K:20.00, B:1.00
[2026-09-28 04:39:08,334] DEBUG: No valid transitions from state early_stance
[2026-09-28 04:39:08,334] WARNING: Velocity attribute does not use the linearization map. Please calculate the velocity using the position attribute.
[2026-09-28 04:39:08,339] INFO: T:0.856, State:early_stance, Fz:-4.84, ThetaRef:15.00, ThetaActual:1.29, EncoderTheta:99.56, EncoderVelocity:2.64, K:20.00, B:1.00
[2026-09-28 04:39:08,342] DEBUG: No valid transitions from state early_stance
[2026-09-28 04:39:08,342] WARNING: Velocity attribute does not use the linearization map. Please calculate the velocity using the position attribute.
[2026-09-28 04:39:08,348] INFO: T:0.865, State:early_stance, Fz:-2.92, ThetaRef:15.00, ThetaActual:1.29, EncoderTheta:99.54, EncoderVelocity:-2.64, K:20.00, B:1.00
[2026-09-28 04:39:08,350] DEBUG: No valid transitions from state early_stance
[2026-09-28 04:39:08,350] WARNING: Velocity attribute does not use the linearization map. Please calculate the velocity using the position attribute.
[2026-09-28 04:39:08,356] INFO: T:0.873, State:early_stance, Fz:-0.51, ThetaRef:15.00, ThetaActual:1.29, EncoderTheta:99.60, EncoderVelocity:7.91, K:20.00, B:1.00
[2026-09-28 04:39:08,359] DEBUG: No valid transitions from state early_stance
[2026-09-28 04:39:08,359] WARNING: Velocity attribute does not use the linearization map. Please calculate the velocity using the position attribute.
[2026-09-28 04:39:08,365] INFO: T:0.881, State:early_stance, Fz:0.37, ThetaRef:15.00, ThetaActual:1.29, EncoderTheta:99.56, EncoderVelocity:-5.19, K:20.00, B:1.00
[2026-09-28 04:39:08,367] DEBUG: No valid transitions from state early_stance
[2026-09-28 04:39:08,367] WARNING: Velocity attribute does not use the linearization map. Please calculate the velocity using the position attribute.
[2026-09-28 04:39:08,373] INFO: T:0.890, State:early_stance, Fz:1.54, ThetaRef:15.00, ThetaActual:1.29, EncoderTheta:99.51, EncoderVelocity:-5.28, K:20.00, B:1.00
[2026-09-28 04:39:08,377] DEBUG: No valid transitions from state early_stance
[2026-09-28 04:39:08,377] WARNING: Velocity attribute does not use the linearization map. Please calculate the velocity using the position attribute.
[2026-09-28 04:39:08,383] INFO: T:0.899, State:early_stance, Fz:4.40, ThetaRef:15.00, ThetaActual:1.29, EncoderTheta:99.51, EncoderVelocity:0.00, K:20.00, B:1.00
[2026-09-28 04:39:08,386] DEBUG: No valid transitions from state early_stance
[2026-09-28 04:39:08,386] WARNING: Velocity attribute does not use the linearization map. Please calculate the velocity using the position attribute.
[2026-09-28 04:39:08,392] INFO: T:0.908, State:early_stance, Fz:6.17, ThetaRef:15.00, ThetaActual:1.29, EncoderTheta:99.51, EncoderVelocity:0.00, K:20.00, B:1.00
[2026-09-28 04:39:08,395] DEBUG: No valid transitions from state early_stance
[2026-09-28 04:39:08,395] WARNING: Velocity attribute does not use the linearization map. Please calculate the velocity using the position attribute.
[2026-09-28 04:39:08,401] INFO: T:0.918, State:early_stance, Fz:9.49, ThetaRef:15.00, ThetaActual:1.29, EncoderTheta:99.47, EncoderVelocity:-4.76, K:20.00, B:1.00
[2026-09-28 04:39:08,404] DEBUG: No valid transitions from state early_stance
[2026-09-28 04:39:08,404] WARNING: Velocity attribute does not use the linearization map. Please calculate the velocity using the position attribute.
[2026-09-28 04:39:08,409] INFO: T:0.926, State:early_stance, Fz:12.00, ThetaRef:15.00, ThetaActual:1.29, EncoderTheta:99.49, EncoderVelocity:2.59, K:20.00, B:1.00
[2026-09-28 04:39:08,412] DEBUG: No valid transitions from state early_stance
[2026-09-28 04:39:08,412] WARNING: Velocity attribute does not use the linearization map. Please calculate the velocity using the position attribute.
[2026-09-28 04:39:08,418] INFO: T:0.935, State:early_stance, Fz:15.94, ThetaRef:15.00, ThetaActual:1.29, EncoderTheta:99.51, EncoderVelocity:2.60, K:20.00, B:1.00
[2026-09-28 04:39:08,421] DEBUG: No valid transitions from state early_stance
[2026-09-28 04:39:08,421] WARNING: Velocity attribute does not use the linearization map. Please calculate the velocity using the position attribute.
[2026-09-28 04:39:08,427] INFO: T:0.943, State:early_stance, Fz:18.45, ThetaRef:15.00, ThetaActual:1.29, EncoderTheta:99.51, EncoderVelocity:0.00, K:20.00, B:1.00
[2026-09-28 04:39:08,429] DEBUG: No valid transitions from state early_stance
[2026-09-28 04:39:08,429] WARNING: Velocity attribute does not use the linearization map. Please calculate the velocity using the position attribute.
[2026-09-28 04:39:08,435] INFO: T:0.952, State:early_stance, Fz:21.82, ThetaRef:15.00, ThetaActual:1.29, EncoderTheta:99.47, EncoderVelocity:-5.20, K:20.00, B:1.00
[2026-09-28 04:39:08,438] DEBUG: No valid transitions from state early_stance
[2026-09-28 04:39:08,438] WARNING: Velocity attribute does not use the linearization map. Please calculate the velocity using the position attribute.
[2026-09-28 04:39:08,443] INFO: T:0.960, State:early_stance, Fz:24.36, ThetaRef:15.00, ThetaActual:1.29, EncoderTheta:99.49, EncoderVelocity:2.61, K:20.00, B:1.00
[2026-09-28 04:39:08,446] DEBUG: No valid transitions from state early_stance
[2026-09-28 04:39:08,446] WARNING: Velocity attribute does not use the linearization map. Please calculate the velocity using the position attribute.
[2026-09-28 04:39:08,452] INFO: T:0.969, State:early_stance, Fz:26.80, ThetaRef:15.00, ThetaActual:1.29, EncoderTheta:99.49, EncoderVelocity:0.00, K:20.00, B:1.00
[2026-09-28 04:39:08,454] DEBUG: No valid transitions from state early_stance
[2026-09-28 04:39:08,454] WARNING: Velocity attribute does not use the linearization map. Please calculate the velocity using the position attribute.
[2026-09-28 04:39:08,460] INFO: T:0.977, State:early_stance, Fz:29.18, ThetaRef:15.00, ThetaActual:1.29, EncoderTheta:99.45, EncoderVelocity:-5.30, K:20.00, B:1.00
[2026-09-28 04:39:08,463] DEBUG: No valid transitions from state early_stance
[2026-09-28 04:39:08,463] WARNING: Velocity attribute does not use the linearization map. Please calculate the velocity using the position attribute.
[2026-09-28 04:39:08,468] INFO: T:0.985, State:early_stance, Fz:32.96, ThetaRef:15.00, ThetaActual:1.29, EncoderTheta:99.45, EncoderVelocity:0.00, K:20.00, B:1.00
[2026-09-28 04:39:08,471] DEBUG: No valid transitions from state early_stance
[2026-09-28 04:39:08,471] WARNING: Velocity attribute does not use the linearization map. Please calculate the velocity using the position attribute.
[2026-09-28 04:39:08,477] INFO: T:0.994, State:early_stance, Fz:34.85, ThetaRef:15.00, ThetaActual:1.29, EncoderTheta:99.54, EncoderVelocity:10.57, K:20.00, B:1.00
[2026-09-28 04:39:08,479] DEBUG: No valid transitions from state early_stance
[2026-09-28 04:39:08,480] WARNING: Velocity attribute does not use the linearization map. Please calculate the velocity using the position attribute.
[2026-09-28 04:39:08,485] INFO: T:1.002, State:early_stance, Fz:37.82, ThetaRef:15.00, ThetaActual:1.29, EncoderTheta:99.51, EncoderVelocity:-2.63, K:20.00, B:1.00
[2026-09-28 04:39:08,488] DEBUG: No valid transitions from state early_stance
[2026-09-28 04:39:08,488] WARNING: Velocity attribute does not use the linearization map. Please calculate the velocity using the position attribute.
[2026-09-28 04:39:08,494] INFO: T:1.010, State:early_stance, Fz:41.10, ThetaRef:15.00, ThetaActual:1.29, EncoderTheta:99.51, EncoderVelocity:0.00, K:20.00, B:1.00
[2026-09-28 04:39:08,496] DEBUG: No valid transitions from state early_stance
[2026-09-28 04:39:08,496] WARNING: Velocity attribute does not use the linearization map. Please calculate the velocity using the position attribute.
[2026-09-28 04:39:08,502] INFO: T:1.019, State:early_stance, Fz:45.03, ThetaRef:15.00, ThetaActual:1.29, EncoderTheta:99.47, EncoderVelocity:-5.28, K:20.00, B:1.00
[2026-09-28 04:39:08,505] DEBUG: No valid transitions from state early_stance
[2026-09-28 04:39:08,505] WARNING: Velocity attribute does not use the linearization map. Please calculate the velocity using the position attribute.
[2026-09-28 04:39:08,510] INFO: T:1.027, State:early_stance, Fz:48.02, ThetaRef:15.00, ThetaActual:1.29, EncoderTheta:99.49, EncoderVelocity:2.63, K:20.00, B:1.00
[2026-09-28 04:39:08,513] DEBUG: No valid transitions from state early_stance
[2026-09-28 04:39:08,513] WARNING: Velocity attribute does not use the linearization map. Please calculate the velocity using the position attribute.
[2026-09-28 04:39:08,519] INFO: T:1.035, State:early_stance, Fz:51.28, ThetaRef:15.00, ThetaActual:1.29, EncoderTheta:99.43, EncoderVelocity:-7.90, K:20.00, B:1.00
[2026-09-28 04:39:08,521] DEBUG: No valid transitions from state early_stance
[2026-09-28 04:39:08,521] WARNING: Velocity attribute does not use the linearization map. Please calculate the velocity using the position attribute.
[2026-09-28 04:39:08,527] INFO: T:1.044, State:early_stance, Fz:55.22, ThetaRef:15.00, ThetaActual:1.29, EncoderTheta:99.54, EncoderVelocity:13.19, K:20.00, B:1.00
[2026-09-28 04:39:08,530] DEBUG: No valid transitions from state early_stance
[2026-09-28 04:39:08,530] WARNING: Velocity attribute does not use the linearization map. Please calculate the velocity using the position attribute.
[2026-09-28 04:39:08,535] INFO: T:1.052, State:early_stance, Fz:58.24, ThetaRef:15.00, ThetaActual:1.29, EncoderTheta:99.56, EncoderVelocity:2.65, K:20.00, B:1.00
[2026-09-28 04:39:08,538] DEBUG: No valid transitions from state early_stance
[2026-09-28 04:39:08,538] WARNING: Velocity attribute does not use the linearization map. Please calculate the velocity using the position attribute.
[2026-09-28 04:39:08,544] INFO: T:1.060, State:early_stance, Fz:60.05, ThetaRef:15.00, ThetaActual:1.29, EncoderTheta:99.45, EncoderVelocity:-13.23, K:20.00, B:1.00
[2026-09-28 04:39:08,546] DEBUG: No valid transitions from state early_stance
[2026-09-28 04:39:08,546] WARNING: Velocity attribute does not use the linearization map. Please calculate the velocity using the position attribute.
[2026-09-28 04:39:08,552] INFO: T:1.069, State:early_stance, Fz:63.37, ThetaRef:15.00, ThetaActual:1.29, EncoderTheta:99.49, EncoderVelocity:5.28, K:20.00, B:1.00
[2026-09-28 04:39:08,554] DEBUG: No valid transitions from state early_stance
[2026-09-28 04:39:08,554] WARNING: Velocity attribute does not use the linearization map. Please calculate the velocity using the position attribute.
[2026-09-28 04:39:08,560] INFO: T:1.077, State:early_stance, Fz:67.43, ThetaRef:15.00, ThetaActual:1.29, EncoderTheta:99.51, EncoderVelocity:2.67, K:20.00, B:1.00
[2026-09-28 04:39:08,563] DEBUG: No valid transitions from state early_stance
[2026-09-28 04:39:08,563] WARNING: Velocity attribute does not use the linearization map. Please calculate the velocity using the position attribute.
[2026-09-28 04:39:08,568] INFO: T:1.085, State:early_stance, Fz:71.44, ThetaRef:15.00, ThetaActual:1.29, EncoderTheta:99.47, EncoderVelocity:-5.27, K:20.00, B:1.00
[2026-09-28 04:39:08,571] DEBUG: No valid transitions from state early_stance
[2026-09-28 04:39:08,571] WARNING: Velocity attribute does not use the linearization map. Please calculate the velocity using the position attribute.
[2026-09-28 04:39:08,577] INFO: T:1.094, State:early_stance, Fz:73.55, ThetaRef:15.00, ThetaActual:1.29, EncoderTheta:99.49, EncoderVelocity:2.59, K:20.00, B:1.00
[2026-09-28 04:39:08,580] DEBUG: No valid transitions from state early_stance
[2026-09-28 04:39:08,580] WARNING: Velocity attribute does not use the linearization map. Please calculate the velocity using the position attribute.
[2026-09-28 04:39:08,585] INFO: T:1.102, State:early_stance, Fz:75.66, ThetaRef:15.00, ThetaActual:1.29, EncoderTheta:99.49, EncoderVelocity:0.00, K:20.00, B:1.00
[2026-09-28 04:39:08,588] DEBUG: No valid transitions from state early_stance
[2026-09-28 04:39:08,588] WARNING: Velocity attribute does not use the linearization map. Please calculate the velocity using the position attribute.
[2026-09-28 04:39:08,594] INFO: T:1.111, State:early_stance, Fz:78.71, ThetaRef:15.00, ThetaActual:1.29, EncoderTheta:99.49, EncoderVelocity:0.00, K:20.00, B:1.00
[2026-09-28 04:39:08,596] DEBUG: No valid transitions from state early_stance
[2026-09-28 04:39:08,596] WARNING: Velocity attribute does not use the linearization map. Please calculate the velocity using the position attribute.
[2026-09-28 04:39:08,602] INFO: T:1.119, State:early_stance, Fz:82.02, ThetaRef:15.00, ThetaActual:1.29, EncoderTheta:99.51, EncoderVelocity:2.66, K:20.00, B:1.00
[2026-09-28 04:39:08,605] DEBUG: No valid transitions from state early_stance
[2026-09-28 04:39:08,605] WARNING: Velocity attribute does not use the linearization map. Please calculate the velocity using the position attribute.
[2026-09-28 04:39:08,610] INFO: T:1.127, State:early_stance, Fz:84.06, ThetaRef:15.00, ThetaActual:1.29, EncoderTheta:99.49, EncoderVelocity:-2.62, K:20.00, B:1.00
[2026-09-28 04:39:08,613] DEBUG: No valid transitions from state early_stance
[2026-09-28 04:39:08,613] WARNING: Velocity attribute does not use the linearization map. Please calculate the velocity using the position attribute.
[2026-09-28 04:39:08,619] INFO: T:1.136, State:early_stance, Fz:87.59, ThetaRef:15.00, ThetaActual:1.29, EncoderTheta:99.54, EncoderVelocity:5.27, K:20.00, B:1.00
[2026-09-28 04:39:08,621] DEBUG: No valid transitions from state early_stance
[2026-09-28 04:39:08,621] WARNING: Velocity attribute does not use the linearization map. Please calculate the velocity using the position attribute.
[2026-09-28 04:39:08,627] INFO: T:1.144, State:early_stance, Fz:89.33, ThetaRef:15.00, ThetaActual:1.29, EncoderTheta:99.54, EncoderVelocity:0.00, K:20.00, B:1.00
[2026-09-28 04:39:08,630] DEBUG: No valid transitions from state early_stance
[2026-09-28 04:39:08,630] WARNING: Velocity attribute does not use the linearization map. Please calculate the velocity using the position attribute.
[2026-09-28 04:39:08,636] INFO: T:1.152, State:early_stance, Fz:93.15, ThetaRef:15.00, ThetaActual:1.29, EncoderTheta:99.54, EncoderVelocity:0.00, K:20.00, B:1.00
[2026-09-28 04:39:08,638] DEBUG: No valid transitions from state early_stance
[2026-09-28 04:39:08,638] WARNING: Velocity attribute does not use the linearization map. Please calculate the velocity using the position attribute.
[2026-09-28 04:39:08,644] INFO: T:1.161, State:early_stance, Fz:96.53, ThetaRef:15.00, ThetaActual:1.29, EncoderTheta:99.60, EncoderVelocity:7.77, K:20.00, B:1.00
[2026-09-28 04:39:08,647] DEBUG: No valid transitions from state early_stance
[2026-09-28 04:39:08,647] WARNING: Velocity attribute does not use the linearization map. Please calculate the velocity using the position attribute.
[2026-09-28 04:39:08,653] INFO: T:1.169, State:early_stance, Fz:99.59, ThetaRef:15.00, ThetaActual:1.29, EncoderTheta:99.62, EncoderVelocity:2.55, K:20.00, B:1.00
[2026-09-28 04:39:08,656] DEBUG: No valid transitions from state early_stance
[2026-09-28 04:39:08,656] WARNING: Velocity attribute does not use the linearization map. Please calculate the velocity using the position attribute.
[2026-09-28 04:39:08,661] INFO: T:1.178, State:early_stance, Fz:102.40, ThetaRef:15.00, ThetaActual:1.29, EncoderTheta:99.69, EncoderVelocity:7.67, K:20.00, B:1.00
[2026-09-28 04:39:08,664] DEBUG: No valid transitions from state early_stance
[2026-09-28 04:39:08,664] WARNING: Velocity attribute does not use the linearization map. Please calculate the velocity using the position attribute.
[2026-09-28 04:39:08,670] INFO: T:1.187, State:early_stance, Fz:104.10, ThetaRef:15.00, ThetaActual:1.29, EncoderTheta:99.69, EncoderVelocity:0.00, K:20.00, B:1.00
[2026-09-28 04:39:08,672] DEBUG: No valid transitions from state early_stance
[2026-09-28 04:39:08,672] WARNING: Velocity attribute does not use the linearization map. Please calculate the velocity using the position attribute.
[2026-09-28 04:39:08,678] INFO: T:1.195, State:early_stance, Fz:105.39, ThetaRef:15.00, ThetaActual:1.29, EncoderTheta:99.69, EncoderVelocity:0.00, K:20.00, B:1.00
[2026-09-28 04:39:08,681] DEBUG: No valid transitions from state early_stance
[2026-09-28 04:39:08,681] WARNING: Velocity attribute does not use the linearization map. Please calculate the velocity using the position attribute.
[2026-09-28 04:39:08,686] INFO: T:1.203, State:early_stance, Fz:108.85, ThetaRef:15.00, ThetaActual:1.28, EncoderTheta:99.78, EncoderVelocity:10.55, K:20.00, B:1.00
[2026-09-28 04:39:08,689] DEBUG: No valid transitions from state early_stance
[2026-09-28 04:39:08,689] WARNING: Velocity attribute does not use the linearization map. Please calculate the velocity using the position attribute.
[2026-09-28 04:39:08,695] INFO: T:1.212, State:early_stance, Fz:113.41, ThetaRef:15.00, ThetaActual:1.28, EncoderTheta:99.84, EncoderVelocity:7.85, K:20.00, B:1.00
[2026-09-28 04:39:08,697] DEBUG: No valid transitions from state early_stance
[2026-09-28 04:39:08,697] WARNING: Velocity attribute does not use the linearization map. Please calculate the velocity using the position attribute.
[2026-09-28 04:39:08,703] INFO: T:1.220, State:early_stance, Fz:114.50, ThetaRef:15.00, ThetaActual:1.28, EncoderTheta:99.91, EncoderVelocity:7.95, K:20.00, B:1.00
[2026-09-28 04:39:08,706] DEBUG: No valid transitions from state early_stance
[2026-09-28 04:39:08,706] WARNING: Velocity attribute does not use the linearization map. Please calculate the velocity using the position attribute.
[2026-09-28 04:39:08,712] INFO: T:1.228, State:early_stance, Fz:116.79, ThetaRef:15.00, ThetaActual:1.28, EncoderTheta:99.87, EncoderVelocity:-5.25, K:20.00, B:1.00
[2026-09-28 04:39:08,714] DEBUG: No valid transitions from state early_stance
[2026-09-28 04:39:08,714] WARNING: Velocity attribute does not use the linearization map. Please calculate the velocity using the position attribute.
[2026-09-28 04:39:08,720] INFO: T:1.237, State:early_stance, Fz:118.55, ThetaRef:15.00, ThetaActual:1.28, EncoderTheta:99.98, EncoderVelocity:13.09, K:20.00, B:1.00
[2026-09-28 04:39:08,722] DEBUG: No valid transitions from state early_stance
[2026-09-28 04:39:08,722] WARNING: Velocity attribute does not use the linearization map. Please calculate the velocity using the position attribute.
[2026-09-28 04:39:08,728] INFO: T:1.245, State:early_stance, Fz:113.34, ThetaRef:15.00, ThetaActual:1.28, EncoderTheta:100.00, EncoderVelocity:2.66, K:20.00, B:1.00
[2026-09-28 04:39:08,731] DEBUG: No valid transitions from state early_stance
[2026-09-28 04:39:08,731] WARNING: Velocity attribute does not use the linearization map. Please calculate the velocity using the position attribute.
[2026-09-28 04:39:08,736] INFO: T:1.253, State:early_stance, Fz:110.82, ThetaRef:15.00, ThetaActual:1.28, EncoderTheta:99.98, EncoderVelocity:-2.65, K:20.00, B:1.00
[2026-09-28 04:39:08,739] DEBUG: No valid transitions from state early_stance
[2026-09-28 04:39:08,739] WARNING: Velocity attribute does not use the linearization map. Please calculate the velocity using the position attribute.
[2026-09-28 04:39:08,745] INFO: T:1.262, State:early_stance, Fz:116.36, ThetaRef:15.00, ThetaActual:1.28, EncoderTheta:100.02, EncoderVelocity:5.26, K:20.00, B:1.00
[2026-09-28 04:39:08,747] DEBUG: No valid transitions from state early_stance
[2026-09-28 04:39:08,747] WARNING: Velocity attribute does not use the linearization map. Please calculate the velocity using the position attribute.
[2026-09-28 04:39:08,753] INFO: T:1.270, State:early_stance, Fz:120.64, ThetaRef:15.00, ThetaActual:1.28, EncoderTheta:99.98, EncoderVelocity:-5.31, K:20.00, B:1.00
[2026-09-28 04:39:08,756] DEBUG: No valid transitions from state early_stance
[2026-09-28 04:39:08,756] WARNING: Velocity attribute does not use the linearization map. Please calculate the velocity using the position attribute.
[2026-09-28 04:39:08,762] INFO: T:1.279, State:early_stance, Fz:116.90, ThetaRef:15.00, ThetaActual:1.28, EncoderTheta:99.98, EncoderVelocity:0.00, K:20.00, B:1.00
[2026-09-28 04:39:08,764] DEBUG: No valid transitions from state early_stance
[2026-09-28 04:39:08,765] WARNING: Velocity attribute does not use the linearization map. Please calculate the velocity using the position attribute.
[2026-09-28 04:39:08,770] INFO: T:1.287, State:early_stance, Fz:113.45, ThetaRef:15.00, ThetaActual:1.28, EncoderTheta:99.95, EncoderVelocity:-2.61, K:20.00, B:1.00
[2026-09-28 04:39:08,773] DEBUG: No valid transitions from state early_stance
[2026-09-28 04:39:08,773] WARNING: Velocity attribute does not use the linearization map. Please calculate the velocity using the position attribute.
[2026-09-28 04:39:08,779] INFO: T:1.295, State:early_stance, Fz:118.29, ThetaRef:15.00, ThetaActual:1.28, EncoderTheta:100.00, EncoderVelocity:5.25, K:20.00, B:1.00
[2026-09-28 04:39:08,781] DEBUG: No valid transitions from state early_stance
[2026-09-28 04:39:08,781] WARNING: Velocity attribute does not use the linearization map. Please calculate the velocity using the position attribute.
[2026-09-28 04:39:08,787] INFO: T:1.304, State:early_stance, Fz:127.51, ThetaRef:15.00, ThetaActual:1.28, EncoderTheta:99.98, EncoderVelocity:-2.63, K:20.00, B:1.00
[2026-09-28 04:39:08,790] DEBUG: No valid transitions from state early_stance
[2026-09-28 04:39:08,790] WARNING: Velocity attribute does not use the linearization map. Please calculate the velocity using the position attribute.
[2026-09-28 04:39:08,795] INFO: T:1.312, State:early_stance, Fz:135.56, ThetaRef:15.00, ThetaActual:1.28, EncoderTheta:99.98, EncoderVelocity:0.00, K:20.00, B:1.00
[2026-09-28 04:39:08,798] DEBUG: No valid transitions from state early_stance
[2026-09-28 04:39:08,798] WARNING: Velocity attribute does not use the linearization map. Please calculate the velocity using the position attribute.
[2026-09-28 04:39:08,804] INFO: T:1.321, State:early_stance, Fz:144.13, ThetaRef:15.00, ThetaActual:1.28, EncoderTheta:100.02, EncoderVelocity:5.12, K:20.00, B:1.00
[2026-09-28 04:39:08,807] DEBUG: No valid transitions from state early_stance
[2026-09-28 04:39:08,807] WARNING: Velocity attribute does not use the linearization map. Please calculate the velocity using the position attribute.
[2026-09-28 04:39:08,813] INFO: T:1.330, State:early_stance, Fz:149.19, ThetaRef:15.00, ThetaActual:1.28, EncoderTheta:99.98, EncoderVelocity:-4.94, K:20.00, B:1.00
[2026-09-28 04:39:08,816] DEBUG: No valid transitions from state early_stance
[2026-09-28 04:39:08,816] WARNING: Velocity attribute does not use the linearization map. Please calculate the velocity using the position attribute.
[2026-09-28 04:39:08,821] INFO: T:1.338, State:early_stance, Fz:151.52, ThetaRef:15.00, ThetaActual:1.28, EncoderTheta:99.98, EncoderVelocity:0.00, K:20.00, B:1.00
[2026-09-28 04:39:08,824] DEBUG: No valid transitions from state early_stance
[2026-09-28 04:39:08,824] WARNING: Velocity attribute does not use the linearization map. Please calculate the velocity using the position attribute.
[2026-09-28 04:39:08,830] INFO: T:1.347, State:early_stance, Fz:153.26, ThetaRef:15.00, ThetaActual:1.28, EncoderTheta:100.06, EncoderVelocity:10.45, K:20.00, B:1.00
[2026-09-28 04:39:08,832] DEBUG: No valid transitions from state early_stance
[2026-09-28 04:39:08,832] WARNING: Velocity attribute does not use the linearization map. Please calculate the velocity using the position attribute.
[2026-09-28 04:39:08,838] INFO: T:1.355, State:early_stance, Fz:156.09, ThetaRef:15.00, ThetaActual:1.28, EncoderTheta:100.02, EncoderVelocity:-5.30, K:20.00, B:1.00
[2026-09-28 04:39:08,841] DEBUG: No valid transitions from state early_stance
[2026-09-28 04:39:08,841] WARNING: Velocity attribute does not use the linearization map. Please calculate the velocity using the position attribute.
[2026-09-28 04:39:08,846] INFO: T:1.363, State:early_stance, Fz:159.73, ThetaRef:15.00, ThetaActual:1.28, EncoderTheta:100.02, EncoderVelocity:0.00, K:20.00, B:1.00
[2026-09-28 04:39:08,849] DEBUG: No valid transitions from state early_stance
[2026-09-28 04:39:08,849] WARNING: Velocity attribute does not use the linearization map. Please calculate the velocity using the position attribute.
[2026-09-28 04:39:08,855] INFO: T:1.371, State:early_stance, Fz:164.44, ThetaRef:15.00, ThetaActual:1.28, EncoderTheta:100.02, EncoderVelocity:0.00, K:20.00, B:1.00
[2026-09-28 04:39:08,857] DEBUG: No valid transitions from state early_stance
[2026-09-28 04:39:08,857] WARNING: Velocity attribute does not use the linearization map. Please calculate the velocity using the position attribute.
[2026-09-28 04:39:08,863] INFO: T:1.380, State:early_stance, Fz:168.53, ThetaRef:15.00, ThetaActual:1.28, EncoderTheta:100.00, EncoderVelocity:-2.61, K:20.00, B:1.00
[2026-09-28 04:39:08,866] DEBUG: No valid transitions from state early_stance
[2026-09-28 04:39:08,866] WARNING: Velocity attribute does not use the linearization map. Please calculate the velocity using the position attribute.
[2026-09-28 04:39:08,871] INFO: T:1.388, State:early_stance, Fz:174.07, ThetaRef:15.00, ThetaActual:1.28, EncoderTheta:100.00, EncoderVelocity:0.00, K:20.00, B:1.00
[2026-09-28 04:39:08,874] DEBUG: No valid transitions from state early_stance
[2026-09-28 04:39:08,874] WARNING: Velocity attribute does not use the linearization map. Please calculate the velocity using the position attribute.
[2026-09-28 04:39:08,880] INFO: T:1.397, State:early_stance, Fz:178.77, ThetaRef:15.00, ThetaActual:1.28, EncoderTheta:100.04, EncoderVelocity:5.25, K:20.00, B:1.00
[2026-09-28 04:39:08,882] DEBUG: No valid transitions from state early_stance
[2026-09-28 04:39:08,883] WARNING: Velocity attribute does not use the linearization map. Please calculate the velocity using the position attribute.
[2026-09-28 04:39:08,888] INFO: T:1.405, State:early_stance, Fz:182.86, ThetaRef:15.00, ThetaActual:1.28, EncoderTheta:100.04, EncoderVelocity:0.00, K:20.00, B:1.00
[2026-09-28 04:39:08,891] DEBUG: No valid transitions from state early_stance
[2026-09-28 04:39:08,891] WARNING: Velocity attribute does not use the linearization map. Please calculate the velocity using the position attribute.
[2026-09-28 04:39:08,897] INFO: T:1.413, State:early_stance, Fz:188.39, ThetaRef:15.00, ThetaActual:1.28, EncoderTheta:100.04, EncoderVelocity:0.00, K:20.00, B:1.00
[2026-09-28 04:39:08,899] DEBUG: No valid transitions from state early_stance
[2026-09-28 04:39:08,899] WARNING: Velocity attribute does not use the linearization map. Please calculate the velocity using the position attribute.
[2026-09-28 04:39:08,905] INFO: T:1.422, State:early_stance, Fz:193.60, ThetaRef:15.00, ThetaActual:1.28, EncoderTheta:100.06, EncoderVelocity:2.63, K:20.00, B:1.00
[2026-09-28 04:39:08,908] DEBUG: No valid transitions from state early_stance
[2026-09-28 04:39:08,908] WARNING: Velocity attribute does not use the linearization map. Please calculate the velocity using the position attribute.
[2026-09-28 04:39:08,914] INFO: T:1.430, State:early_stance, Fz:198.51, ThetaRef:15.00, ThetaActual:1.28, EncoderTheta:99.98, EncoderVelocity:-10.41, K:20.00, B:1.00
[2026-09-28 04:39:08,916] DEBUG: No valid transitions from state early_stance
[2026-09-28 04:39:08,916] WARNING: Velocity attribute does not use the linearization map. Please calculate the velocity using the position attribute.
[2026-09-28 04:39:08,922] INFO: T:1.439, State:early_stance, Fz:203.72, ThetaRef:15.00, ThetaActual:1.28, EncoderTheta:100.04, EncoderVelocity:7.62, K:20.00, B:1.00
[2026-09-28 04:39:08,925] DEBUG: No valid transitions from state early_stance
[2026-09-28 04:39:08,925] WARNING: Velocity attribute does not use the linearization map. Please calculate the velocity using the position attribute.
[2026-09-28 04:39:08,931] INFO: T:1.447, State:early_stance, Fz:208.21, ThetaRef:15.00, ThetaActual:1.28, EncoderTheta:100.02, EncoderVelocity:-2.59, K:20.00, B:1.00
[2026-09-28 04:39:08,933] DEBUG: No valid transitions from state early_stance
[2026-09-28 04:39:08,933] WARNING: Velocity attribute does not use the linearization map. Please calculate the velocity using the position attribute.
[2026-09-28 04:39:08,939] INFO: T:1.456, State:early_stance, Fz:215.05, ThetaRef:15.00, ThetaActual:1.28, EncoderTheta:100.00, EncoderVelocity:-2.64, K:20.00, B:1.00
[2026-09-28 04:39:08,942] DEBUG: No valid transitions from state early_stance
[2026-09-28 04:39:08,942] WARNING: Velocity attribute does not use the linearization map. Please calculate the velocity using the position attribute.
[2026-09-28 04:39:08,947] INFO: T:1.464, State:early_stance, Fz:218.79, ThetaRef:15.00, ThetaActual:1.28, EncoderTheta:100.00, EncoderVelocity:0.00, K:20.00, B:1.00
[2026-09-28 04:39:08,950] DEBUG: No valid transitions from state early_stance
[2026-09-28 04:39:08,950] WARNING: Velocity attribute does not use the linearization map. Please calculate the velocity using the position attribute.
[2026-09-28 04:39:08,956] INFO: T:1.472, State:early_stance, Fz:223.10, ThetaRef:15.00, ThetaActual:1.28, EncoderTheta:100.02, EncoderVelocity:2.63, K:20.00, B:1.00
[2026-09-28 04:39:08,958] DEBUG: No valid transitions from state early_stance
[2026-09-28 04:39:08,958] WARNING: Velocity attribute does not use the linearization map. Please calculate the velocity using the position attribute.
[2026-09-28 04:39:08,964] INFO: T:1.481, State:early_stance, Fz:226.84, ThetaRef:15.00, ThetaActual:1.28, EncoderTheta:100.02, EncoderVelocity:0.00, K:20.00, B:1.00
[2026-09-28 04:39:08,967] DEBUG: No valid transitions from state early_stance
[2026-09-28 04:39:08,967] WARNING: Velocity attribute does not use the linearization map. Please calculate the velocity using the position attribute.
[2026-09-28 04:39:08,972] INFO: T:1.489, State:early_stance, Fz:231.15, ThetaRef:15.00, ThetaActual:1.28, EncoderTheta:99.98, EncoderVelocity:-5.28, K:20.00, B:1.00
[2026-09-28 04:39:08,975] DEBUG: No valid transitions from state early_stance
[2026-09-28 04:39:08,975] WARNING: Velocity attribute does not use the linearization map. Please calculate the velocity using the position attribute.
[2026-09-28 04:39:08,981] INFO: T:1.497, State:early_stance, Fz:234.89, ThetaRef:15.00, ThetaActual:1.28, EncoderTheta:100.00, EncoderVelocity:2.64, K:20.00, B:1.00
[2026-09-28 04:39:08,983] DEBUG: No valid transitions from state early_stance
[2026-09-28 04:39:08,983] WARNING: Velocity attribute does not use the linearization map. Please calculate the velocity using the position attribute.
[2026-09-28 04:39:08,989] INFO: T:1.506, State:early_stance, Fz:240.16, ThetaRef:15.00, ThetaActual:1.28, EncoderTheta:100.06, EncoderVelocity:7.95, K:20.00, B:1.00
[2026-09-28 04:39:08,992] DEBUG: No valid transitions from state early_stance
[2026-09-28 04:39:08,992] WARNING: Velocity attribute does not use the linearization map. Please calculate the velocity using the position attribute.
[2026-09-28 04:39:08,997] INFO: T:1.514, State:early_stance, Fz:242.76, ThetaRef:15.00, ThetaActual:1.28, EncoderTheta:100.04, EncoderVelocity:-2.61, K:20.00, B:1.00
[2026-09-28 04:39:09,000] DEBUG: No valid transitions from state early_stance
[2026-09-28 04:39:09,000] WARNING: Velocity attribute does not use the linearization map. Please calculate the velocity using the position attribute.
[2026-09-28 04:39:09,006] INFO: T:1.523, State:early_stance, Fz:245.17, ThetaRef:15.00, ThetaActual:1.28, EncoderTheta:100.00, EncoderVelocity:-5.20, K:20.00, B:1.00
[2026-09-28 04:39:09,008] DEBUG: No valid transitions from state early_stance
[2026-09-28 04:39:09,009] WARNING: Velocity attribute does not use the linearization map. Please calculate the velocity using the position attribute.
[2026-09-28 04:39:09,014] INFO: T:1.531, State:early_stance, Fz:247.43, ThetaRef:15.00, ThetaActual:1.28, EncoderTheta:100.04, EncoderVelocity:5.24, K:20.00, B:1.00
[2026-09-28 04:39:09,017] DEBUG: No valid transitions from state early_stance
[2026-09-28 04:39:09,017] WARNING: Velocity attribute does not use the linearization map. Please calculate the velocity using the position attribute.
[2026-09-28 04:39:09,023] INFO: T:1.540, State:early_stance, Fz:250.12, ThetaRef:15.00, ThetaActual:1.28, EncoderTheta:100.06, EncoderVelocity:2.57, K:20.00, B:1.00
[2026-09-28 04:39:09,025] DEBUG: No valid transitions from state early_stance
[2026-09-28 04:39:09,025] WARNING: Velocity attribute does not use the linearization map. Please calculate the velocity using the position attribute.
[2026-09-28 04:39:09,031] INFO: T:1.548, State:early_stance, Fz:250.18, ThetaRef:15.00, ThetaActual:1.28, EncoderTheta:100.04, EncoderVelocity:-2.63, K:20.00, B:1.00
[2026-09-28 04:39:09,034] DEBUG: No valid transitions from state early_stance
[2026-09-28 04:39:09,034] WARNING: Velocity attribute does not use the linearization map. Please calculate the velocity using the position attribute.
[2026-09-28 04:39:09,039] INFO: T:1.556, State:early_stance, Fz:252.20, ThetaRef:15.00, ThetaActual:1.27, EncoderTheta:100.06, EncoderVelocity:2.64, K:20.00, B:1.00
[2026-09-28 04:39:09,042] DEBUG: No valid transitions from state early_stance
[2026-09-28 04:39:09,042] WARNING: Velocity attribute does not use the linearization map. Please calculate the velocity using the position attribute.
[2026-09-28 04:39:09,048] INFO: T:1.565, State:early_stance, Fz:256.67, ThetaRef:15.00, ThetaActual:1.28, EncoderTheta:100.04, EncoderVelocity:-2.64, K:20.00, B:1.00
[2026-09-28 04:39:09,050] DEBUG: No valid transitions from state early_stance
[2026-09-28 04:39:09,050] WARNING: Velocity attribute does not use the linearization map. Please calculate the velocity using the position attribute.
[2026-09-28 04:39:09,056] INFO: T:1.573, State:early_stance, Fz:258.62, ThetaRef:15.00, ThetaActual:1.28, EncoderTheta:100.06, EncoderVelocity:2.67, K:20.00, B:1.00
[2026-09-28 04:39:09,059] DEBUG: No valid transitions from state early_stance
[2026-09-28 04:39:09,059] WARNING: Velocity attribute does not use the linearization map. Please calculate the velocity using the position attribute.
[2026-09-28 04:39:09,064] INFO: T:1.581, State:early_stance, Fz:261.07, ThetaRef:15.00, ThetaActual:1.28, EncoderTheta:100.09, EncoderVelocity:2.65, K:20.00, B:1.00
[2026-09-28 04:39:09,067] DEBUG: No valid transitions from state early_stance
[2026-09-28 04:39:09,067] WARNING: Velocity attribute does not use the linearization map. Please calculate the velocity using the position attribute.
[2026-09-28 04:39:09,073] INFO: T:1.589, State:early_stance, Fz:262.87, ThetaRef:15.00, ThetaActual:1.28, EncoderTheta:100.09, EncoderVelocity:0.00, K:20.00, B:1.00
[2026-09-28 04:39:09,075] DEBUG: No valid transitions from state early_stance
[2026-09-28 04:39:09,075] WARNING: Velocity attribute does not use the linearization map. Please calculate the velocity using the position attribute.
[2026-09-28 04:39:09,081] INFO: T:1.598, State:early_stance, Fz:264.74, ThetaRef:15.00, ThetaActual:1.28, EncoderTheta:100.00, EncoderVelocity:-10.38, K:20.00, B:1.00
[2026-09-28 04:39:09,084] DEBUG: No valid transitions from state early_stance
[2026-09-28 04:39:09,084] WARNING: Velocity attribute does not use the linearization map. Please calculate the velocity using the position attribute.
[2026-09-28 04:39:09,089] INFO: T:1.606, State:early_stance, Fz:265.18, ThetaRef:15.00, ThetaActual:1.27, EncoderTheta:100.02, EncoderVelocity:2.64, K:20.00, B:1.00
[2026-09-28 04:39:09,092] DEBUG: No valid transitions from state early_stance
[2026-09-28 04:39:09,092] WARNING: Velocity attribute does not use the linearization map. Please calculate the velocity using the position attribute.
[2026-09-28 04:39:09,098] INFO: T:1.615, State:early_stance, Fz:267.92, ThetaRef:15.00, ThetaActual:1.27, EncoderTheta:100.04, EncoderVelocity:2.64, K:20.00, B:1.00
[2026-09-28 04:39:09,100] DEBUG: No valid transitions from state early_stance
[2026-09-28 04:39:09,100] WARNING: Velocity attribute does not use the linearization map. Please calculate the velocity using the position attribute.
[2026-09-28 04:39:09,106] INFO: T:1.623, State:early_stance, Fz:269.63, ThetaRef:15.00, ThetaActual:1.27, EncoderTheta:100.04, EncoderVelocity:0.00, K:20.00, B:1.00
[2026-09-28 04:39:09,109] DEBUG: No valid transitions from state early_stance
[2026-09-28 04:39:09,109] WARNING: Velocity attribute does not use the linearization map. Please calculate the velocity using the position attribute.
[2026-09-28 04:39:09,114] INFO: T:1.631, State:early_stance, Fz:270.89, ThetaRef:15.00, ThetaActual:1.27, EncoderTheta:100.04, EncoderVelocity:0.00, K:20.00, B:1.00
[2026-09-28 04:39:09,117] DEBUG: No valid transitions from state early_stance
[2026-09-28 04:39:09,117] WARNING: Velocity attribute does not use the linearization map. Please calculate the velocity using the position attribute.
[2026-09-28 04:39:09,123] INFO: T:1.640, State:early_stance, Fz:271.87, ThetaRef:15.00, ThetaActual:1.27, EncoderTheta:100.06, EncoderVelocity:2.63, K:20.00, B:1.00
[2026-09-28 04:39:09,125] DEBUG: No valid transitions from state early_stance
[2026-09-28 04:39:09,125] WARNING: Velocity attribute does not use the linearization map. Please calculate the velocity using the position attribute.
[2026-09-28 04:39:09,131] INFO: T:1.648, State:early_stance, Fz:272.13, ThetaRef:15.00, ThetaActual:1.27, EncoderTheta:100.06, EncoderVelocity:0.00, K:20.00, B:1.00
[2026-09-28 04:39:09,134] DEBUG: No valid transitions from state early_stance
[2026-09-28 04:39:09,134] WARNING: Velocity attribute does not use the linearization map. Please calculate the velocity using the position attribute.
[2026-09-28 04:39:09,139] INFO: T:1.656, State:early_stance, Fz:274.76, ThetaRef:15.00, ThetaActual:1.25, EncoderTheta:100.11, EncoderVelocity:5.26, K:20.00, B:1.00
[2026-09-28 04:39:09,142] DEBUG: No valid transitions from state early_stance
[2026-09-28 04:39:09,142] WARNING: Velocity attribute does not use the linearization map. Please calculate the velocity using the position attribute.
[2026-09-28 04:39:09,148] INFO: T:1.665, State:early_stance, Fz:275.81, ThetaRef:15.00, ThetaActual:1.24, EncoderTheta:100.04, EncoderVelocity:-7.93, K:20.00, B:1.00
[2026-09-28 04:39:09,150] DEBUG: No valid transitions from state early_stance
[2026-09-28 04:39:09,150] WARNING: Velocity attribute does not use the linearization map. Please calculate the velocity using the position attribute.
[2026-09-28 04:39:09,156] INFO: T:1.673, State:early_stance, Fz:277.63, ThetaRef:15.00, ThetaActual:1.24, EncoderTheta:100.06, EncoderVelocity:2.65, K:20.00, B:1.00
[2026-09-28 04:39:09,159] DEBUG: No valid transitions from state early_stance
[2026-09-28 04:39:09,159] WARNING: Velocity attribute does not use the linearization map. Please calculate the velocity using the position attribute.
[2026-09-28 04:39:09,164] INFO: T:1.681, State:early_stance, Fz:280.02, ThetaRef:15.00, ThetaActual:1.24, EncoderTheta:100.09, EncoderVelocity:2.63, K:20.00, B:1.00
[2026-09-28 04:39:09,167] DEBUG: No valid transitions from state early_stance
[2026-09-28 04:39:09,167] WARNING: Velocity attribute does not use the linearization map. Please calculate the velocity using the position attribute.
[2026-09-28 04:39:09,173] INFO: T:1.690, State:early_stance, Fz:282.39, ThetaRef:15.00, ThetaActual:1.24, EncoderTheta:100.06, EncoderVelocity:-2.59, K:20.00, B:1.00
[2026-09-28 04:39:09,176] DEBUG: No valid transitions from state early_stance
[2026-09-28 04:39:09,176] WARNING: Velocity attribute does not use the linearization map. Please calculate the velocity using the position attribute.
[2026-09-28 04:39:09,181] INFO: T:1.698, State:early_stance, Fz:285.14, ThetaRef:15.00, ThetaActual:1.24, EncoderTheta:100.11, EncoderVelocity:5.21, K:20.00, B:1.00
[2026-09-28 04:39:09,184] DEBUG: No valid transitions from state early_stance
[2026-09-28 04:39:09,184] WARNING: Velocity attribute does not use the linearization map. Please calculate the velocity using the position attribute.
[2026-09-28 04:39:09,190] INFO: T:1.707, State:early_stance, Fz:287.27, ThetaRef:15.00, ThetaActual:1.24, EncoderTheta:100.06, EncoderVelocity:-5.23, K:20.00, B:1.00
[2026-09-28 04:39:09,192] DEBUG: No valid transitions from state early_stance
[2026-09-28 04:39:09,193] WARNING: Velocity attribute does not use the linearization map. Please calculate the velocity using the position attribute.
[2026-09-28 04:39:09,198] INFO: T:1.715, State:early_stance, Fz:294.29, ThetaRef:15.00, ThetaActual:1.24, EncoderTheta:100.06, EncoderVelocity:0.00, K:20.00, B:1.00
[2026-09-28 04:39:09,201] DEBUG: No valid transitions from state early_stance
[2026-09-28 04:39:09,201] WARNING: Velocity attribute does not use the linearization map. Please calculate the velocity using the position attribute.
[2026-09-28 04:39:09,207] INFO: T:1.724, State:early_stance, Fz:297.67, ThetaRef:15.00, ThetaActual:1.24, EncoderTheta:100.06, EncoderVelocity:0.00, K:20.00, B:1.00
[2026-09-28 04:39:09,209] DEBUG: No valid transitions from state early_stance
[2026-09-28 04:39:09,210] WARNING: Velocity attribute does not use the linearization map. Please calculate the velocity using the position attribute.
[2026-09-28 04:39:09,215] INFO: T:1.732, State:early_stance, Fz:288.18, ThetaRef:15.00, ThetaActual:1.24, EncoderTheta:100.11, EncoderVelocity:5.22, K:20.00, B:1.00
[2026-09-28 04:39:09,218] DEBUG: No valid transitions from state early_stance
[2026-09-28 04:39:09,218] WARNING: Velocity attribute does not use the linearization map. Please calculate the velocity using the position attribute.
[2026-09-28 04:39:09,224] INFO: T:1.740, State:early_stance, Fz:269.49, ThetaRef:15.00, ThetaActual:1.25, EncoderTheta:100.13, EncoderVelocity:2.59, K:20.00, B:1.00
[2026-09-28 04:39:09,226] DEBUG: No valid transitions from state early_stance
[2026-09-28 04:39:09,226] WARNING: Velocity attribute does not use the linearization map. Please calculate the velocity using the position attribute.
[2026-09-28 04:39:09,232] INFO: T:1.749, State:early_stance, Fz:246.32, ThetaRef:15.00, ThetaActual:1.25, EncoderTheta:100.15, EncoderVelocity:2.63, K:20.00, B:1.00
[2026-09-28 04:39:09,235] DEBUG: No valid transitions from state early_stance
[2026-09-28 04:39:09,235] WARNING: Velocity attribute does not use the linearization map. Please calculate the velocity using the position attribute.
[2026-09-28 04:39:09,240] INFO: T:1.757, State:early_stance, Fz:222.67, ThetaRef:15.00, ThetaActual:1.24, EncoderTheta:100.13, EncoderVelocity:-2.65, K:20.00, B:1.00
[2026-09-28 04:39:09,243] DEBUG: No valid transitions from state early_stance
[2026-09-28 04:39:09,243] WARNING: Velocity attribute does not use the linearization map. Please calculate the velocity using the position attribute.
[2026-09-28 04:39:09,249] INFO: T:1.765, State:early_stance, Fz:200.69, ThetaRef:15.00, ThetaActual:1.24, EncoderTheta:100.13, EncoderVelocity:0.00, K:20.00, B:1.00
[2026-09-28 04:39:09,251] DEBUG: No valid transitions from state early_stance
[2026-09-28 04:39:09,251] WARNING: Velocity attribute does not use the linearization map. Please calculate the velocity using the position attribute.
[2026-09-28 04:39:09,257] INFO: T:1.774, State:early_stance, Fz:181.38, ThetaRef:15.00, ThetaActual:1.24, EncoderTheta:100.11, EncoderVelocity:-2.63, K:20.00, B:1.00
[2026-09-28 04:39:09,260] DEBUG: No valid transitions from state early_stance
[2026-09-28 04:39:09,260] WARNING: Velocity attribute does not use the linearization map. Please calculate the velocity using the position attribute.
[2026-09-28 04:39:09,265] INFO: T:1.782, State:early_stance, Fz:154.25, ThetaRef:15.00, ThetaActual:1.24, EncoderTheta:100.13, EncoderVelocity:2.61, K:20.00, B:1.00
[2026-09-28 04:39:09,268] DEBUG: No valid transitions from state early_stance
[2026-09-28 04:39:09,268] WARNING: Velocity attribute does not use the linearization map. Please calculate the velocity using the position attribute.
[2026-09-28 04:39:09,274] INFO: T:1.791, State:early_stance, Fz:127.15, ThetaRef:15.00, ThetaActual:1.24, EncoderTheta:100.13, EncoderVelocity:0.00, K:20.00, B:1.00
[2026-09-28 04:39:09,276] DEBUG: No valid transitions from state early_stance
[2026-09-28 04:39:09,276] WARNING: Velocity attribute does not use the linearization map. Please calculate the velocity using the position attribute.
[2026-09-28 04:39:09,282] INFO: T:1.799, State:early_stance, Fz:97.02, ThetaRef:15.00, ThetaActual:1.24, EncoderTheta:100.09, EncoderVelocity:-5.29, K:20.00, B:1.00
[2026-09-28 04:39:09,285] DEBUG: No valid transitions from state early_stance
[2026-09-28 04:39:09,285] WARNING: Velocity attribute does not use the linearization map. Please calculate the velocity using the position attribute.
[2026-09-28 04:39:09,291] INFO: T:1.807, State:early_stance, Fz:69.54, ThetaRef:15.00, ThetaActual:1.24, EncoderTheta:100.11, EncoderVelocity:2.58, K:20.00, B:1.00
[2026-09-28 04:39:09,293] DEBUG: No valid transitions from state early_stance
[2026-09-28 04:39:09,293] WARNING: Velocity attribute does not use the linearization map. Please calculate the velocity using the position attribute.
[2026-09-28 04:39:09,299] INFO: T:1.816, State:early_stance, Fz:43.13, ThetaRef:15.00, ThetaActual:1.24, EncoderTheta:100.11, EncoderVelocity:0.00, K:20.00, B:1.00
[2026-09-28 04:39:09,302] DEBUG: No valid transitions from state early_stance
[2026-09-28 04:39:09,302] WARNING: Velocity attribute does not use the linearization map. Please calculate the velocity using the position attribute.
[2026-09-28 04:39:09,307] INFO: T:1.824, State:early_stance, Fz:17.55, ThetaRef:15.00, ThetaActual:1.24, EncoderTheta:100.13, EncoderVelocity:2.62, K:20.00, B:1.00
[2026-09-28 04:39:09,310] DEBUG: No valid transitions from state early_stance
[2026-09-28 04:39:09,310] WARNING: Velocity attribute does not use the linearization map. Please calculate the velocity using the position attribute.
[2026-09-28 04:39:09,316] INFO: T:1.832, State:early_stance, Fz:-6.45, ThetaRef:15.00, ThetaActual:1.24, EncoderTheta:100.15, EncoderVelocity:2.63, K:20.00, B:1.00
[2026-09-28 04:39:09,318] DEBUG: No valid transitions from state early_stance
[2026-09-28 04:39:09,318] WARNING: Velocity attribute does not use the linearization map. Please calculate the velocity using the position attribute.
[2026-09-28 04:39:09,324] INFO: T:1.841, State:early_stance, Fz:-27.54, ThetaRef:15.00, ThetaActual:1.24, EncoderTheta:100.15, EncoderVelocity:0.00, K:20.00, B:1.00
[2026-09-28 04:39:09,327] WARNING: Velocity attribute does not use the linearization map. Please calculate the velocity using the position attribute.
[2026-09-28 04:39:09,332] INFO: T:1.849, State:late_stance, Fz:-54.15, ThetaRef:5.00, ThetaActual:1.24, EncoderTheta:100.15, EncoderVelocity:0.00, K:500.00, B:20.00
[2026-09-28 04:39:09,335] DEBUG: No valid transitions from state late_stance
[2026-09-28 04:39:09,335] WARNING: Velocity attribute does not use the linearization map. Please calculate the velocity using the position attribute.
[2026-09-28 04:39:09,341] INFO: T:1.858, State:late_stance, Fz:-80.88, ThetaRef:5.00, ThetaActual:1.24, EncoderTheta:100.17, EncoderVelocity:2.63, K:500.00, B:20.00
[2026-09-28 04:39:09,343] DEBUG: No valid transitions from state late_stance
[2026-09-28 04:39:09,343] WARNING: Velocity attribute does not use the linearization map. Please calculate the velocity using the position attribute.
[2026-09-28 04:39:09,349] INFO: T:1.866, State:late_stance, Fz:-107.74, ThetaRef:5.00, ThetaActual:1.24, EncoderTheta:100.15, EncoderVelocity:-2.63, K:500.00, B:20.00
[2026-09-28 04:39:09,352] DEBUG: No valid transitions from state late_stance
[2026-09-28 04:39:09,352] WARNING: Velocity attribute does not use the linearization map. Please calculate the velocity using the position attribute.
[2026-09-28 04:39:09,358] INFO: T:1.875, State:late_stance, Fz:-134.65, ThetaRef:5.00, ThetaActual:1.24, EncoderTheta:100.17, EncoderVelocity:2.53, K:500.00, B:20.00
[2026-09-28 04:39:09,361] DEBUG: No valid transitions from state late_stance
[2026-09-28 04:39:09,361] WARNING: Velocity attribute does not use the linearization map. Please calculate the velocity using the position attribute.
[2026-09-28 04:39:09,366] INFO: T:1.883, State:late_stance, Fz:-161.12, ThetaRef:5.00, ThetaActual:1.24, EncoderTheta:100.15, EncoderVelocity:-2.58, K:500.00, B:20.00
[2026-09-28 04:39:09,369] DEBUG: No valid transitions from state late_stance
[2026-09-28 04:39:09,369] WARNING: Velocity attribute does not use the linearization map. Please calculate the velocity using the position attribute.
[2026-09-28 04:39:09,375] INFO: T:1.892, State:late_stance, Fz:-188.25, ThetaRef:5.00, ThetaActual:1.17, EncoderTheta:100.17, EncoderVelocity:2.57, K:500.00, B:20.00
[2026-09-28 04:39:09,378] DEBUG: No valid transitions from state late_stance
[2026-09-28 04:39:09,378] WARNING: Velocity attribute does not use the linearization map. Please calculate the velocity using the position attribute.
[2026-09-28 04:39:09,383] INFO: T:1.900, State:late_stance, Fz:-211.93, ThetaRef:5.00, ThetaActual:0.96, EncoderTheta:100.15, EncoderVelocity:-2.57, K:500.00, B:20.00
[2026-09-28 04:39:09,386] DEBUG: No valid transitions from state late_stance
[2026-09-28 04:39:09,386] WARNING: Velocity attribute does not use the linearization map. Please calculate the velocity using the position attribute.
[2026-09-28 04:39:09,392] INFO: T:1.909, State:late_stance, Fz:-236.49, ThetaRef:5.00, ThetaActual:0.75, EncoderTheta:100.15, EncoderVelocity:0.00, K:500.00, B:20.00
[2026-09-28 04:39:09,395] DEBUG: No valid transitions from state late_stance
[2026-09-28 04:39:09,395] WARNING: Velocity attribute does not use the linearization map. Please calculate the velocity using the position attribute.
[2026-09-28 04:39:09,401] INFO: T:1.918, State:late_stance, Fz:-262.63, ThetaRef:5.00, ThetaActual:0.68, EncoderTheta:100.17, EncoderVelocity:2.42, K:500.00, B:20.00
[2026-09-28 04:39:09,404] DEBUG: No valid transitions from state late_stance
[2026-09-28 04:39:09,404] WARNING: Velocity attribute does not use the linearization map. Please calculate the velocity using the position attribute.
[2026-09-28 04:39:09,410] INFO: T:1.926, State:late_stance, Fz:-287.03, ThetaRef:5.00, ThetaActual:0.60, EncoderTheta:100.20, EncoderVelocity:2.53, K:500.00, B:20.00
[2026-09-28 04:39:09,412] DEBUG: No valid transitions from state late_stance
[2026-09-28 04:39:09,412] WARNING: Velocity attribute does not use the linearization map. Please calculate the velocity using the position attribute.
[2026-09-28 04:39:09,418] INFO: T:1.935, State:late_stance, Fz:-310.66, ThetaRef:5.00, ThetaActual:0.56, EncoderTheta:100.26, EncoderVelocity:7.83, K:500.00, B:20.00
[2026-09-28 04:39:09,421] DEBUG: No valid transitions from state late_stance
[2026-09-28 04:39:09,421] WARNING: Velocity attribute does not use the linearization map. Please calculate the velocity using the position attribute.
[2026-09-28 04:39:09,426] INFO: T:1.943, State:late_stance, Fz:-336.59, ThetaRef:5.00, ThetaActual:0.54, EncoderTheta:100.15, EncoderVelocity:-13.13, K:500.00, B:20.00
[2026-09-28 04:39:09,429] DEBUG: No valid transitions from state late_stance
[2026-09-28 04:39:09,429] WARNING: Velocity attribute does not use the linearization map. Please calculate the velocity using the position attribute.
[2026-09-28 04:39:09,435] INFO: T:1.952, State:late_stance, Fz:-359.33, ThetaRef:5.00, ThetaActual:0.53, EncoderTheta:100.24, EncoderVelocity:10.40, K:500.00, B:20.00
[2026-09-28 04:39:09,437] DEBUG: No valid transitions from state late_stance
[2026-09-28 04:39:09,438] WARNING: Velocity attribute does not use the linearization map. Please calculate the velocity using the position attribute.
[2026-09-28 04:39:09,443] INFO: T:1.960, State:late_stance, Fz:-383.16, ThetaRef:5.00, ThetaActual:0.52, EncoderTheta:100.24, EncoderVelocity:0.00, K:500.00, B:20.00
[2026-09-28 04:39:09,446] DEBUG: No valid transitions from state late_stance
[2026-09-28 04:39:09,446] WARNING: Velocity attribute does not use the linearization map. Please calculate the velocity using the position attribute.
[2026-09-28 04:39:09,452] INFO: T:1.968, State:late_stance, Fz:-416.15, ThetaRef:5.00, ThetaActual:0.52, EncoderTheta:100.24, EncoderVelocity:0.00, K:500.00, B:20.00
[2026-09-28 04:39:09,454] DEBUG: No valid transitions from state late_stance
[2026-09-28 04:39:09,455] WARNING: Velocity attribute does not use the linearization map. Please calculate the velocity using the position attribute.
[2026-09-28 04:39:09,460] INFO: T:1.977, State:late_stance, Fz:-439.43, ThetaRef:5.00, ThetaActual:0.52, EncoderTheta:100.22, EncoderVelocity:-2.54, K:500.00, B:20.00
[2026-09-28 04:39:09,463] DEBUG: No valid transitions from state late_stance
[2026-09-28 04:39:09,463] WARNING: Velocity attribute does not use the linearization map. Please calculate the velocity using the position attribute.
[2026-09-28 04:39:09,469] INFO: T:1.985, State:late_stance, Fz:-463.70, ThetaRef:5.00, ThetaActual:0.52, EncoderTheta:100.22, EncoderVelocity:0.00, K:500.00, B:20.00
[2026-09-28 04:39:09,471] DEBUG: No valid transitions from state late_stance
[2026-09-28 04:39:09,471] WARNING: Velocity attribute does not use the linearization map. Please calculate the velocity using the position attribute.
[2026-09-28 04:39:09,477] INFO: T:1.994, State:late_stance, Fz:-487.19, ThetaRef:5.00, ThetaActual:0.52, EncoderTheta:100.20, EncoderVelocity:-2.62, K:500.00, B:20.00
[2026-09-28 04:39:09,479] DEBUG: No valid transitions from state late_stance
[2026-09-28 04:39:09,480] WARNING: Velocity attribute does not use the linearization map. Please calculate the velocity using the position attribute.
[2026-09-28 04:39:09,485] INFO: T:2.002, State:late_stance, Fz:-513.51, ThetaRef:5.00, ThetaActual:0.52, EncoderTheta:100.22, EncoderVelocity:2.66, K:500.00, B:20.00
[2026-09-28 04:39:09,488] DEBUG: No valid transitions from state late_stance
[2026-09-28 04:39:09,488] WARNING: Velocity attribute does not use the linearization map. Please calculate the velocity using the position attribute.
[2026-09-28 04:39:09,493] INFO: T:2.010, State:late_stance, Fz:-537.56, ThetaRef:5.00, ThetaActual:0.52, EncoderTheta:100.17, EncoderVelocity:-5.28, K:500.00, B:20.00
[2026-09-28 04:39:09,496] DEBUG: No valid transitions from state late_stance
[2026-09-28 04:39:09,496] WARNING: Velocity attribute does not use the linearization map. Please calculate the velocity using the position attribute.
[2026-09-28 04:39:09,502] INFO: T:2.019, State:late_stance, Fz:-561.85, ThetaRef:5.00, ThetaActual:0.52, EncoderTheta:100.28, EncoderVelocity:13.25, K:500.00, B:20.00
[2026-09-28 04:39:09,505] DEBUG: No valid transitions from state late_stance
[2026-09-28 04:39:09,505] WARNING: Velocity attribute does not use the linearization map. Please calculate the velocity using the position attribute.
[2026-09-28 04:39:09,510] INFO: T:2.027, State:late_stance, Fz:-586.80, ThetaRef:5.00, ThetaActual:0.52, EncoderTheta:100.31, EncoderVelocity:2.61, K:500.00, B:20.00
[2026-09-28 04:39:09,513] DEBUG: No valid transitions from state late_stance
[2026-09-28 04:39:09,513] WARNING: Velocity attribute does not use the linearization map. Please calculate the velocity using the position attribute.
[2026-09-28 04:39:09,518] INFO: T:2.035, State:late_stance, Fz:-612.82, ThetaRef:5.00, ThetaActual:0.52, EncoderTheta:100.28, EncoderVelocity:-2.62, K:500.00, B:20.00
[2026-09-28 04:39:09,521] DEBUG: No valid transitions from state late_stance
[2026-09-28 04:39:09,521] WARNING: Velocity attribute does not use the linearization map. Please calculate the velocity using the position attribute.
[2026-09-28 04:39:09,527] INFO: T:2.044, State:late_stance, Fz:-636.62, ThetaRef:5.00, ThetaActual:0.52, EncoderTheta:100.26, EncoderVelocity:-2.65, K:500.00, B:20.00
[2026-09-28 04:39:09,530] DEBUG: No valid transitions from state late_stance
[2026-09-28 04:39:09,530] WARNING: Velocity attribute does not use the linearization map. Please calculate the velocity using the position attribute.
[2026-09-28 04:39:09,536] INFO: T:2.052, State:late_stance, Fz:-662.16, ThetaRef:5.00, ThetaActual:0.52, EncoderTheta:100.31, EncoderVelocity:5.09, K:500.00, B:20.00
[2026-09-28 04:39:09,538] DEBUG: No valid transitions from state late_stance
[2026-09-28 04:39:09,538] WARNING: Velocity attribute does not use the linearization map. Please calculate the velocity using the position attribute.
[2026-09-28 04:39:09,544] INFO: T:2.061, State:late_stance, Fz:-687.55, ThetaRef:5.00, ThetaActual:0.52, EncoderTheta:100.26, EncoderVelocity:-5.14, K:500.00, B:20.00
[2026-09-28 04:39:09,547] DEBUG: No valid transitions from state late_stance
[2026-09-28 04:39:09,547] WARNING: Velocity attribute does not use the linearization map. Please calculate the velocity using the position attribute.
[2026-09-28 04:39:09,553] INFO: T:2.069, State:late_stance, Fz:-708.90, ThetaRef:5.00, ThetaActual:0.52, EncoderTheta:100.22, EncoderVelocity:-5.13, K:500.00, B:20.00
[2026-09-28 04:39:09,555] DEBUG: No valid transitions from state late_stance
[2026-09-28 04:39:09,555] WARNING: Velocity attribute does not use the linearization map. Please calculate the velocity using the position attribute.
[2026-09-28 04:39:09,561] INFO: T:2.078, State:late_stance, Fz:-729.62, ThetaRef:5.00, ThetaActual:0.52, EncoderTheta:100.26, EncoderVelocity:5.21, K:500.00, B:20.00
[2026-09-28 04:39:09,564] DEBUG: No valid transitions from state late_stance
[2026-09-28 04:39:09,564] WARNING: Velocity attribute does not use the linearization map. Please calculate the velocity using the position attribute.
[2026-09-28 04:39:09,570] INFO: T:2.087, State:late_stance, Fz:-749.38, ThetaRef:5.00, ThetaActual:0.52, EncoderTheta:100.26, EncoderVelocity:0.00, K:500.00, B:20.00
[2026-09-28 04:39:09,573] DEBUG: No valid transitions from state late_stance
[2026-09-28 04:39:09,573] WARNING: Velocity attribute does not use the linearization map. Please calculate the velocity using the position attribute.
[2026-09-28 04:39:09,579] INFO: T:2.095, State:late_stance, Fz:-766.89, ThetaRef:5.00, ThetaActual:0.51, EncoderTheta:100.31, EncoderVelocity:5.15, K:500.00, B:20.00
[2026-09-28 04:39:09,581] DEBUG: No valid transitions from state late_stance
[2026-09-28 04:39:09,581] WARNING: Velocity attribute does not use the linearization map. Please calculate the velocity using the position attribute.
[2026-09-28 04:39:09,587] INFO: T:2.104, State:late_stance, Fz:-784.66, ThetaRef:5.00, ThetaActual:0.52, EncoderTheta:100.31, EncoderVelocity:0.00, K:500.00, B:20.00
[2026-09-28 04:39:09,589] DEBUG: No valid transitions from state late_stance
[2026-09-28 04:39:09,590] WARNING: Velocity attribute does not use the linearization map. Please calculate the velocity using the position attribute.
[2026-09-28 04:39:09,595] INFO: T:2.112, State:late_stance, Fz:-803.21, ThetaRef:5.00, ThetaActual:0.52, EncoderTheta:100.31, EncoderVelocity:0.00, K:500.00, B:20.00
[2026-09-28 04:39:09,598] DEBUG: No valid transitions from state late_stance
[2026-09-28 04:39:09,598] WARNING: Velocity attribute does not use the linearization map. Please calculate the velocity using the position attribute.
[2026-09-28 04:39:09,604] INFO: T:2.120, State:late_stance, Fz:-818.34, ThetaRef:5.00, ThetaActual:0.52, EncoderTheta:100.31, EncoderVelocity:0.00, K:500.00, B:20.00
[2026-09-28 04:39:09,606] DEBUG: No valid transitions from state late_stance
[2026-09-28 04:39:09,606] WARNING: Velocity attribute does not use the linearization map. Please calculate the velocity using the position attribute.
[2026-09-28 04:39:09,612] INFO: T:2.129, State:late_stance, Fz:-831.89, ThetaRef:5.00, ThetaActual:0.52, EncoderTheta:100.28, EncoderVelocity:-2.58, K:500.00, B:20.00
[2026-09-28 04:39:09,615] DEBUG: No valid transitions from state late_stance
[2026-09-28 04:39:09,615] WARNING: Velocity attribute does not use the linearization map. Please calculate the velocity using the position attribute.
[2026-09-28 04:39:09,620] INFO: T:2.137, State:late_stance, Fz:-848.12, ThetaRef:5.00, ThetaActual:0.51, EncoderTheta:100.26, EncoderVelocity:-2.64, K:500.00, B:20.00
[2026-09-28 04:39:09,623] DEBUG: No valid transitions from state late_stance
[2026-09-28 04:39:09,623] WARNING: Velocity attribute does not use the linearization map. Please calculate the velocity using the position attribute.
[2026-09-28 04:39:09,629] INFO: T:2.146, State:late_stance, Fz:-862.96, ThetaRef:5.00, ThetaActual:0.51, EncoderTheta:100.28, EncoderVelocity:2.57, K:500.00, B:20.00
[2026-09-28 04:39:09,632] DEBUG: No valid transitions from state late_stance
[2026-09-28 04:39:09,632] WARNING: Velocity attribute does not use the linearization map. Please calculate the velocity using the position attribute.
[2026-09-28 04:39:09,637] INFO: T:2.154, State:late_stance, Fz:-875.80, ThetaRef:5.00, ThetaActual:0.51, EncoderTheta:100.28, EncoderVelocity:0.00, K:500.00, B:20.00
[2026-09-28 04:39:09,640] DEBUG: No valid transitions from state late_stance
[2026-09-28 04:39:09,640] WARNING: Velocity attribute does not use the linearization map. Please calculate the velocity using the position attribute.
[2026-09-28 04:39:09,646] INFO: T:2.163, State:late_stance, Fz:-888.07, ThetaRef:5.00, ThetaActual:0.51, EncoderTheta:100.28, EncoderVelocity:0.00, K:500.00, B:20.00
[2026-09-28 04:39:09,649] DEBUG: No valid transitions from state late_stance
[2026-09-28 04:39:09,649] WARNING: Velocity attribute does not use the linearization map. Please calculate the velocity using the position attribute.
[2026-09-28 04:39:09,654] INFO: T:2.171, State:late_stance, Fz:-898.94, ThetaRef:5.00, ThetaActual:0.51, EncoderTheta:100.31, EncoderVelocity:2.58, K:500.00, B:20.00
[2026-09-28 04:39:09,657] DEBUG: No valid transitions from state late_stance
[2026-09-28 04:39:09,657] WARNING: Velocity attribute does not use the linearization map. Please calculate the velocity using the position attribute.
[2026-09-28 04:39:09,663] INFO: T:2.180, State:late_stance, Fz:-912.69, ThetaRef:5.00, ThetaActual:0.51, EncoderTheta:100.26, EncoderVelocity:-5.17, K:500.00, B:20.00
[2026-09-28 04:39:09,666] DEBUG: No valid transitions from state late_stance
[2026-09-28 04:39:09,666] WARNING: Velocity attribute does not use the linearization map. Please calculate the velocity using the position attribute.
[2026-09-28 04:39:09,671] INFO: T:2.188, State:late_stance, Fz:-924.16, ThetaRef:5.00, ThetaActual:0.51, EncoderTheta:100.28, EncoderVelocity:2.57, K:500.00, B:20.00
[2026-09-28 04:39:09,674] DEBUG: No valid transitions from state late_stance
[2026-09-28 04:39:09,674] WARNING: Velocity attribute does not use the linearization map. Please calculate the velocity using the position attribute.
[2026-09-28 04:39:09,680] INFO: T:2.196, State:late_stance, Fz:-935.92, ThetaRef:5.00, ThetaActual:0.51, EncoderTheta:100.28, EncoderVelocity:0.00, K:500.00, B:20.00
[2026-09-28 04:39:09,682] DEBUG: No valid transitions from state late_stance
[2026-09-28 04:39:09,682] WARNING: Velocity attribute does not use the linearization map. Please calculate the velocity using the position attribute.
[2026-09-28 04:39:09,688] INFO: T:2.205, State:late_stance, Fz:-948.34, ThetaRef:5.00, ThetaActual:0.51, EncoderTheta:100.31, EncoderVelocity:2.65, K:500.00, B:20.00
[2026-09-28 04:39:09,691] DEBUG: No valid transitions from state late_stance
[2026-09-28 04:39:09,691] WARNING: Velocity attribute does not use the linearization map. Please calculate the velocity using the position attribute.
[2026-09-28 04:39:09,697] INFO: T:2.213, State:late_stance, Fz:-960.26, ThetaRef:5.00, ThetaActual:0.51, EncoderTheta:100.26, EncoderVelocity:-5.17, K:500.00, B:20.00
[2026-09-28 04:39:09,699] DEBUG: No valid transitions from state late_stance
[2026-09-28 04:39:09,699] WARNING: Velocity attribute does not use the linearization map. Please calculate the velocity using the position attribute.
[2026-09-28 04:39:09,705] INFO: T:2.222, State:late_stance, Fz:-969.85, ThetaRef:5.00, ThetaActual:0.51, EncoderTheta:100.31, EncoderVelocity:5.10, K:500.00, B:20.00
[2026-09-28 04:39:09,708] DEBUG: No valid transitions from state late_stance
[2026-09-28 04:39:09,708] WARNING: Velocity attribute does not use the linearization map. Please calculate the velocity using the position attribute.
[2026-09-28 04:39:09,713] INFO: T:2.230, State:late_stance, Fz:-978.64, ThetaRef:5.00, ThetaActual:0.51, EncoderTheta:100.28, EncoderVelocity:-2.56, K:500.00, B:20.00
[2026-09-28 04:39:09,716] DEBUG: No valid transitions from state late_stance
[2026-09-28 04:39:09,716] WARNING: Velocity attribute does not use the linearization map. Please calculate the velocity using the position attribute.
[2026-09-28 04:39:09,722] INFO: T:2.239, State:late_stance, Fz:-986.78, ThetaRef:5.00, ThetaActual:0.51, EncoderTheta:100.24, EncoderVelocity:-5.32, K:500.00, B:20.00
[2026-09-28 04:39:09,724] DEBUG: No valid transitions from state late_stance
[2026-09-28 04:39:09,724] WARNING: Velocity attribute does not use the linearization map. Please calculate the velocity using the position attribute.
[2026-09-28 04:39:09,730] INFO: T:2.247, State:late_stance, Fz:-996.40, ThetaRef:5.00, ThetaActual:0.51, EncoderTheta:100.26, EncoderVelocity:2.66, K:500.00, B:20.00
[2026-09-28 04:39:09,733] DEBUG: No valid transitions from state late_stance
[2026-09-28 04:39:09,733] WARNING: Velocity attribute does not use the linearization map. Please calculate the velocity using the position attribute.
[2026-09-28 04:39:09,739] INFO: T:2.256, State:late_stance, Fz:-1003.22, ThetaRef:5.00, ThetaActual:0.51, EncoderTheta:100.26, EncoderVelocity:0.00, K:500.00, B:20.00
[2026-09-28 04:39:09,741] DEBUG: No valid transitions from state late_stance
[2026-09-28 04:39:09,741] WARNING: Velocity attribute does not use the linearization map. Please calculate the velocity using the position attribute.
[2026-09-28 04:39:09,747] INFO: T:2.264, State:late_stance, Fz:-1008.42, ThetaRef:5.00, ThetaActual:0.51, EncoderTheta:100.31, EncoderVelocity:5.30, K:500.00, B:20.00
[2026-09-28 04:39:09,750] DEBUG: No valid transitions from state late_stance
[2026-09-28 04:39:09,750] WARNING: Velocity attribute does not use the linearization map. Please calculate the velocity using the position attribute.
[2026-09-28 04:39:09,755] INFO: T:2.272, State:late_stance, Fz:-1016.78, ThetaRef:5.00, ThetaActual:0.51, EncoderTheta:100.28, EncoderVelocity:-2.57, K:500.00, B:20.00
[2026-09-28 04:39:09,758] DEBUG: No valid transitions from state late_stance
[2026-09-28 04:39:09,758] WARNING: Velocity attribute does not use the linearization map. Please calculate the velocity using the position attribute.
[2026-09-28 04:39:09,764] INFO: T:2.281, State:late_stance, Fz:-1023.11, ThetaRef:5.00, ThetaActual:0.51, EncoderTheta:100.35, EncoderVelocity:7.93, K:500.00, B:20.00
[2026-09-28 04:39:09,767] DEBUG: No valid transitions from state late_stance
[2026-09-28 04:39:09,767] WARNING: Velocity attribute does not use the linearization map. Please calculate the velocity using the position attribute.
[2026-09-28 04:39:09,772] INFO: T:2.289, State:late_stance, Fz:-1027.39, ThetaRef:5.00, ThetaActual:0.51, EncoderTheta:100.28, EncoderVelocity:-7.72, K:500.00, B:20.00
[2026-09-28 04:39:09,775] DEBUG: No valid transitions from state late_stance
[2026-09-28 04:39:09,775] WARNING: Velocity attribute does not use the linearization map. Please calculate the velocity using the position attribute.
[2026-09-28 04:39:09,781] INFO: T:2.298, State:late_stance, Fz:-1030.09, ThetaRef:5.00, ThetaActual:0.51, EncoderTheta:100.31, EncoderVelocity:2.64, K:500.00, B:20.00
[2026-09-28 04:39:09,783] DEBUG: No valid transitions from state late_stance
[2026-09-28 04:39:09,784] WARNING: Velocity attribute does not use the linearization map. Please calculate the velocity using the position attribute.
[2026-09-28 04:39:09,789] INFO: T:2.306, State:late_stance, Fz:-1029.12, ThetaRef:5.00, ThetaActual:0.50, EncoderTheta:100.26, EncoderVelocity:-5.22, K:500.00, B:20.00
[2026-09-28 04:39:09,792] DEBUG: No valid transitions from state late_stance
[2026-09-28 04:39:09,792] WARNING: Velocity attribute does not use the linearization map. Please calculate the velocity using the position attribute.
[2026-09-28 04:39:09,798] INFO: T:2.315, State:late_stance, Fz:-1024.80, ThetaRef:5.00, ThetaActual:0.50, EncoderTheta:100.33, EncoderVelocity:7.59, K:500.00, B:20.00
[2026-09-28 04:39:09,801] DEBUG: No valid transitions from state late_stance
[2026-09-28 04:39:09,801] WARNING: Velocity attribute does not use the linearization map. Please calculate the velocity using the position attribute.
[2026-09-28 04:39:09,807] INFO: T:2.323, State:late_stance, Fz:-1016.49, ThetaRef:5.00, ThetaActual:0.49, EncoderTheta:100.28, EncoderVelocity:-5.04, K:500.00, B:20.00
[2026-09-28 04:39:09,810] DEBUG: No valid transitions from state late_stance
[2026-09-28 04:39:09,810] WARNING: Velocity attribute does not use the linearization map. Please calculate the velocity using the position attribute.
[2026-09-28 04:39:09,815] INFO: T:2.332, State:late_stance, Fz:-1005.08, ThetaRef:5.00, ThetaActual:0.49, EncoderTheta:100.22, EncoderVelocity:-7.61, K:500.00, B:20.00
[2026-09-28 04:39:09,818] DEBUG: No valid transitions from state late_stance
[2026-09-28 04:39:09,818] WARNING: Velocity attribute does not use the linearization map. Please calculate the velocity using the position attribute.
[2026-09-28 04:39:09,824] INFO: T:2.341, State:late_stance, Fz:-990.80, ThetaRef:5.00, ThetaActual:0.49, EncoderTheta:100.28, EncoderVelocity:7.58, K:500.00, B:20.00
[2026-09-28 04:39:09,827] DEBUG: No valid transitions from state late_stance
[2026-09-28 04:39:09,827] WARNING: Velocity attribute does not use the linearization map. Please calculate the velocity using the position attribute.
[2026-09-28 04:39:09,832] INFO: T:2.349, State:late_stance, Fz:-971.90, ThetaRef:5.00, ThetaActual:0.49, EncoderTheta:100.26, EncoderVelocity:-2.62, K:500.00, B:20.00
[2026-09-28 04:39:09,835] DEBUG: No valid transitions from state late_stance
[2026-09-28 04:39:09,835] WARNING: Velocity attribute does not use the linearization map. Please calculate the velocity using the position attribute.
[2026-09-28 04:39:09,841] INFO: T:2.358, State:late_stance, Fz:-947.49, ThetaRef:5.00, ThetaActual:0.49, EncoderTheta:100.24, EncoderVelocity:-2.56, K:500.00, B:20.00
[2026-09-28 04:39:09,844] DEBUG: No valid transitions from state late_stance
[2026-09-28 04:39:09,844] WARNING: Velocity attribute does not use the linearization map. Please calculate the velocity using the position attribute.
[2026-09-28 04:39:09,849] INFO: T:2.366, State:late_stance, Fz:-918.44, ThetaRef:5.00, ThetaActual:0.49, EncoderTheta:100.28, EncoderVelocity:5.10, K:500.00, B:20.00
[2026-09-28 04:39:09,852] DEBUG: No valid transitions from state late_stance
[2026-09-28 04:39:09,852] WARNING: Velocity attribute does not use the linearization map. Please calculate the velocity using the position attribute.
[2026-09-28 04:39:09,858] INFO: T:2.375, State:late_stance, Fz:-887.74, ThetaRef:5.00, ThetaActual:0.49, EncoderTheta:100.24, EncoderVelocity:-5.31, K:500.00, B:20.00
[2026-09-28 04:39:09,860] DEBUG: No valid transitions from state late_stance
[2026-09-28 04:39:09,861] WARNING: Velocity attribute does not use the linearization map. Please calculate the velocity using the position attribute.
[2026-09-28 04:39:09,866] INFO: T:2.383, State:late_stance, Fz:-855.85, ThetaRef:5.00, ThetaActual:0.49, EncoderTheta:100.22, EncoderVelocity:-2.62, K:500.00, B:20.00
[2026-09-28 04:39:09,869] DEBUG: No valid transitions from state late_stance
[2026-09-28 04:39:09,869] WARNING: Velocity attribute does not use the linearization map. Please calculate the velocity using the position attribute.
[2026-09-28 04:39:09,875] INFO: T:2.392, State:late_stance, Fz:-818.61, ThetaRef:5.00, ThetaActual:0.49, EncoderTheta:100.28, EncoderVelocity:7.69, K:500.00, B:20.00
[2026-09-28 04:39:09,877] DEBUG: No valid transitions from state late_stance
[2026-09-28 04:39:09,877] WARNING: Velocity attribute does not use the linearization map. Please calculate the velocity using the position attribute.
[2026-09-28 04:39:09,883] INFO: T:2.400, State:late_stance, Fz:-778.78, ThetaRef:5.00, ThetaActual:0.49, EncoderTheta:100.17, EncoderVelocity:-13.23, K:500.00, B:20.00
[2026-09-28 04:39:09,886] DEBUG: No valid transitions from state late_stance
[2026-09-28 04:39:09,886] WARNING: Velocity attribute does not use the linearization map. Please calculate the velocity using the position attribute.
[2026-09-28 04:39:09,892] INFO: T:2.408, State:late_stance, Fz:-739.43, ThetaRef:5.00, ThetaActual:0.49, EncoderTheta:100.22, EncoderVelocity:5.21, K:500.00, B:20.00
[2026-09-28 04:39:09,894] DEBUG: No valid transitions from state late_stance
[2026-09-28 04:39:09,894] WARNING: Velocity attribute does not use the linearization map. Please calculate the velocity using the position attribute.
[2026-09-28 04:39:09,900] INFO: T:2.417, State:late_stance, Fz:-699.50, ThetaRef:5.00, ThetaActual:0.49, EncoderTheta:100.15, EncoderVelocity:-7.67, K:500.00, B:20.00
[2026-09-28 04:39:09,903] DEBUG: No valid transitions from state late_stance
[2026-09-28 04:39:09,903] WARNING: Velocity attribute does not use the linearization map. Please calculate the velocity using the position attribute.
[2026-09-28 04:39:09,909] INFO: T:2.425, State:late_stance, Fz:-657.09, ThetaRef:5.00, ThetaActual:0.49, EncoderTheta:100.22, EncoderVelocity:7.71, K:500.00, B:20.00
[2026-09-28 04:39:09,911] DEBUG: No valid transitions from state late_stance
[2026-09-28 04:39:09,912] WARNING: Velocity attribute does not use the linearization map. Please calculate the velocity using the position attribute.
[2026-09-28 04:39:09,917] INFO: T:2.434, State:late_stance, Fz:-614.32, ThetaRef:5.00, ThetaActual:0.49, EncoderTheta:100.15, EncoderVelocity:-7.69, K:500.00, B:20.00
[2026-09-28 04:39:09,920] DEBUG: No valid transitions from state late_stance
[2026-09-28 04:39:09,920] WARNING: Velocity attribute does not use the linearization map. Please calculate the velocity using the position attribute.
[2026-09-28 04:39:09,926] INFO: T:2.443, State:late_stance, Fz:-573.79, ThetaRef:5.00, ThetaActual:0.49, EncoderTheta:100.17, EncoderVelocity:2.57, K:500.00, B:20.00
[2026-09-28 04:39:09,929] DEBUG: No valid transitions from state late_stance
[2026-09-28 04:39:09,929] WARNING: Velocity attribute does not use the linearization map. Please calculate the velocity using the position attribute.
[2026-09-28 04:39:09,934] INFO: T:2.451, State:late_stance, Fz:-536.37, ThetaRef:5.00, ThetaActual:0.49, EncoderTheta:100.13, EncoderVelocity:-5.16, K:500.00, B:20.00
[2026-09-28 04:39:09,937] DEBUG: No valid transitions from state late_stance
[2026-09-28 04:39:09,937] WARNING: Velocity attribute does not use the linearization map. Please calculate the velocity using the position attribute.
[2026-09-28 04:39:09,942] INFO: T:2.459, State:late_stance, Fz:-504.84, ThetaRef:5.00, ThetaActual:0.49, EncoderTheta:100.15, EncoderVelocity:2.67, K:500.00, B:20.00
[2026-09-28 04:39:09,945] DEBUG: No valid transitions from state late_stance
[2026-09-28 04:39:09,945] WARNING: Velocity attribute does not use the linearization map. Please calculate the velocity using the position attribute.
[2026-09-28 04:39:09,951] INFO: T:2.468, State:late_stance, Fz:-473.34, ThetaRef:5.00, ThetaActual:0.49, EncoderTheta:100.15, EncoderVelocity:0.00, K:500.00, B:20.00
[2026-09-28 04:39:09,954] DEBUG: No valid transitions from state late_stance
[2026-09-28 04:39:09,954] WARNING: Velocity attribute does not use the linearization map. Please calculate the velocity using the position attribute.
[2026-09-28 04:39:09,959] INFO: T:2.476, State:late_stance, Fz:-445.38, ThetaRef:5.00, ThetaActual:0.49, EncoderTheta:100.13, EncoderVelocity:-2.58, K:500.00, B:20.00
[2026-09-28 04:39:09,962] DEBUG: No valid transitions from state late_stance
[2026-09-28 04:39:09,962] WARNING: Velocity attribute does not use the linearization map. Please calculate the velocity using the position attribute.
[2026-09-28 04:39:09,968] INFO: T:2.485, State:late_stance, Fz:-420.63, ThetaRef:5.00, ThetaActual:0.49, EncoderTheta:100.17, EncoderVelocity:5.26, K:500.00, B:20.00
[2026-09-28 04:39:09,971] DEBUG: No valid transitions from state late_stance
[2026-09-28 04:39:09,971] WARNING: Velocity attribute does not use the linearization map. Please calculate the velocity using the position attribute.
[2026-09-28 04:39:09,976] INFO: T:2.493, State:late_stance, Fz:-397.75, ThetaRef:5.00, ThetaActual:0.49, EncoderTheta:100.13, EncoderVelocity:-5.16, K:500.00, B:20.00
[2026-09-28 04:39:09,979] DEBUG: No valid transitions from state late_stance
[2026-09-28 04:39:09,979] WARNING: Velocity attribute does not use the linearization map. Please calculate the velocity using the position attribute.
[2026-09-28 04:39:09,985] INFO: T:2.501, State:late_stance, Fz:-376.81, ThetaRef:5.00, ThetaActual:0.49, EncoderTheta:100.13, EncoderVelocity:0.00, K:500.00, B:20.00
[2026-09-28 04:39:09,987] DEBUG: No valid transitions from state late_stance
[2026-09-28 04:39:09,988] WARNING: Velocity attribute does not use the linearization map. Please calculate the velocity using the position attribute.
[2026-09-28 04:39:09,993] INFO: T:2.510, State:late_stance, Fz:-353.99, ThetaRef:5.00, ThetaActual:0.49, EncoderTheta:100.11, EncoderVelocity:-2.58, K:500.00, B:20.00
[2026-09-28 04:39:09,996] DEBUG: No valid transitions from state late_stance
[2026-09-28 04:39:09,996] WARNING: Velocity attribute does not use the linearization map. Please calculate the velocity using the position attribute.
[2026-09-28 04:39:10,002] INFO: T:2.519, State:late_stance, Fz:-334.55, ThetaRef:5.00, ThetaActual:0.49, EncoderTheta:100.11, EncoderVelocity:0.00, K:500.00, B:20.00
[2026-09-28 04:39:10,004] DEBUG: No valid transitions from state late_stance
[2026-09-28 04:39:10,005] WARNING: Velocity attribute does not use the linearization map. Please calculate the velocity using the position attribute.
[2026-09-28 04:39:10,010] INFO: T:2.527, State:late_stance, Fz:-315.22, ThetaRef:5.00, ThetaActual:0.49, EncoderTheta:100.13, EncoderVelocity:2.63, K:500.00, B:20.00
[2026-09-28 04:39:10,013] DEBUG: No valid transitions from state late_stance
[2026-09-28 04:39:10,013] WARNING: Velocity attribute does not use the linearization map. Please calculate the velocity using the position attribute.
[2026-09-28 04:39:10,019] INFO: T:2.536, State:late_stance, Fz:-296.57, ThetaRef:5.00, ThetaActual:0.49, EncoderTheta:100.13, EncoderVelocity:0.00, K:500.00, B:20.00
[2026-09-28 04:39:10,022] DEBUG: No valid transitions from state late_stance
[2026-09-28 04:39:10,022] WARNING: Velocity attribute does not use the linearization map. Please calculate the velocity using the position attribute.
[2026-09-28 04:39:10,027] INFO: T:2.544, State:late_stance, Fz:-277.86, ThetaRef:5.00, ThetaActual:0.50, EncoderTheta:100.09, EncoderVelocity:-5.09, K:500.00, B:20.00
[2026-09-28 04:39:10,030] DEBUG: No valid transitions from state late_stance
[2026-09-28 04:39:10,030] WARNING: Velocity attribute does not use the linearization map. Please calculate the velocity using the position attribute.
[2026-09-28 04:39:10,036] INFO: T:2.553, State:late_stance, Fz:-258.62, ThetaRef:5.00, ThetaActual:0.50, EncoderTheta:100.11, EncoderVelocity:2.56, K:500.00, B:20.00
[2026-09-28 04:39:10,039] DEBUG: No valid transitions from state late_stance
[2026-09-28 04:39:10,039] WARNING: Velocity attribute does not use the linearization map. Please calculate the velocity using the position attribute.
[2026-09-28 04:39:10,044] INFO: T:2.561, State:late_stance, Fz:-237.99, ThetaRef:5.00, ThetaActual:0.50, EncoderTheta:100.11, EncoderVelocity:0.00, K:500.00, B:20.00
[2026-09-28 04:39:10,047] DEBUG: No valid transitions from state late_stance
[2026-09-28 04:39:10,047] WARNING: Velocity attribute does not use the linearization map. Please calculate the velocity using the position attribute.
[2026-09-28 04:39:10,053] INFO: T:2.569, State:late_stance, Fz:-219.71, ThetaRef:5.00, ThetaActual:0.50, EncoderTheta:100.09, EncoderVelocity:-2.65, K:500.00, B:20.00
[2026-09-28 04:39:10,055] DEBUG: No valid transitions from state late_stance
[2026-09-28 04:39:10,055] WARNING: Velocity attribute does not use the linearization map. Please calculate the velocity using the position attribute.
[2026-09-28 04:39:10,061] INFO: T:2.578, State:late_stance, Fz:-201.30, ThetaRef:5.00, ThetaActual:0.50, EncoderTheta:100.04, EncoderVelocity:-5.16, K:500.00, B:20.00
[2026-09-28 04:39:10,064] DEBUG: No valid transitions from state late_stance
[2026-09-28 04:39:10,064] WARNING: Velocity attribute does not use the linearization map. Please calculate the velocity using the position attribute.
[2026-09-28 04:39:10,069] INFO: T:2.586, State:late_stance, Fz:-180.81, ThetaRef:5.00, ThetaActual:0.52, EncoderTheta:100.06, EncoderVelocity:2.61, K:500.00, B:20.00
[2026-09-28 04:39:10,072] DEBUG: No valid transitions from state late_stance
[2026-09-28 04:39:10,072] WARNING: Velocity attribute does not use the linearization map. Please calculate the velocity using the position attribute.
[2026-09-28 04:39:10,078] INFO: T:2.595, State:late_stance, Fz:-161.60, ThetaRef:5.00, ThetaActual:0.53, EncoderTheta:100.06, EncoderVelocity:0.00, K:500.00, B:20.00
[2026-09-28 04:39:10,080] DEBUG: No valid transitions from state late_stance
[2026-09-28 04:39:10,080] WARNING: Velocity attribute does not use the linearization map. Please calculate the velocity using the position attribute.
[2026-09-28 04:39:10,086] INFO: T:2.603, State:late_stance, Fz:-142.94, ThetaRef:5.00, ThetaActual:0.53, EncoderTheta:100.00, EncoderVelocity:-7.91, K:500.00, B:20.00
[2026-09-28 04:39:10,089] DEBUG: No valid transitions from state late_stance
[2026-09-28 04:39:10,089] WARNING: Velocity attribute does not use the linearization map. Please calculate the velocity using the position attribute.
[2026-09-28 04:39:10,095] INFO: T:2.611, State:late_stance, Fz:-123.23, ThetaRef:5.00, ThetaActual:0.53, EncoderTheta:100.00, EncoderVelocity:0.00, K:500.00, B:20.00
[2026-09-28 04:39:10,098] DEBUG: No valid transitions from state late_stance
[2026-09-28 04:39:10,098] WARNING: Velocity attribute does not use the linearization map. Please calculate the velocity using the position attribute.
[2026-09-28 04:39:10,104] INFO: T:2.620, State:late_stance, Fz:-105.62, ThetaRef:5.00, ThetaActual:0.55, EncoderTheta:99.93, EncoderVelocity:-7.44, K:500.00, B:20.00
[2026-09-28 04:39:10,106] DEBUG: No valid transitions from state late_stance
[2026-09-28 04:39:10,106] WARNING: Velocity attribute does not use the linearization map. Please calculate the velocity using the position attribute.
[2026-09-28 04:39:10,112] INFO: T:2.629, State:late_stance, Fz:-87.68, ThetaRef:5.00, ThetaActual:0.59, EncoderTheta:99.82, EncoderVelocity:-12.88, K:500.00, B:20.00
[2026-09-28 04:39:10,115] DEBUG: No valid transitions from state late_stance
[2026-09-28 04:39:10,115] WARNING: Velocity attribute does not use the linearization map. Please calculate the velocity using the position attribute.
[2026-09-28 04:39:10,121] INFO: T:2.637, State:late_stance, Fz:-68.50, ThetaRef:5.00, ThetaActual:0.61, EncoderTheta:99.76, EncoderVelocity:-7.64, K:500.00, B:20.00
[2026-09-28 04:39:10,124] DEBUG: No valid transitions from state late_stance
[2026-09-28 04:39:10,124] WARNING: Velocity attribute does not use the linearization map. Please calculate the velocity using the position attribute.
[2026-09-28 04:39:10,129] INFO: T:2.646, State:late_stance, Fz:-49.39, ThetaRef:5.00, ThetaActual:0.68, EncoderTheta:99.67, EncoderVelocity:-10.27, K:500.00, B:20.00
[2026-09-28 04:39:10,132] DEBUG: No valid transitions from state late_stance
[2026-09-28 04:39:10,132] WARNING: Velocity attribute does not use the linearization map. Please calculate the velocity using the position attribute.
[2026-09-28 04:39:10,137] INFO: T:2.654, State:late_stance, Fz:-31.27, ThetaRef:5.00, ThetaActual:0.75, EncoderTheta:99.62, EncoderVelocity:-5.34, K:500.00, B:20.00
[2026-09-28 04:39:10,140] WARNING: Velocity attribute does not use the linearization map. Please calculate the velocity using the position attribute.
[2026-09-28 04:39:10,146] INFO: T:2.663, State:swing, Fz:-13.95, ThetaRef:60.00, ThetaActual:0.80, EncoderTheta:99.49, EncoderVelocity:-15.85, K:10.00, B:0.50
[2026-09-28 04:39:10,148] DEBUG: No valid transitions from state swing
[2026-09-28 04:39:10,148] WARNING: Velocity attribute does not use the linearization map. Please calculate the velocity using the position attribute.
[2026-09-28 04:39:10,154] INFO: T:2.671, State:swing, Fz:-0.23, ThetaRef:60.00, ThetaActual:0.88, EncoderTheta:99.49, EncoderVelocity:0.00, K:10.00, B:0.50
[2026-09-28 04:39:10,157] DEBUG: No valid transitions from state swing
[2026-09-28 04:39:10,157] WARNING: Velocity attribute does not use the linearization map. Please calculate the velocity using the position attribute.
[2026-09-28 04:39:10,162] INFO: T:2.679, State:swing, Fz:12.24, ThetaRef:60.00, ThetaActual:0.94, EncoderTheta:99.38, EncoderVelocity:-12.79, K:10.00, B:0.50
[2026-09-28 04:39:10,165] DEBUG: No valid transitions from state swing
[2026-09-28 04:39:10,165] WARNING: Velocity attribute does not use the linearization map. Please calculate the velocity using the position attribute.
[2026-09-28 04:39:10,171] INFO: T:2.688, State:swing, Fz:21.73, ThetaRef:60.00, ThetaActual:0.96, EncoderTheta:99.36, EncoderVelocity:-2.65, K:10.00, B:0.50
[2026-09-28 04:39:10,174] DEBUG: No valid transitions from state swing
[2026-09-28 04:39:10,174] WARNING: Velocity attribute does not use the linearization map. Please calculate the velocity using the position attribute.
[2026-09-28 04:39:10,179] INFO: T:2.696, State:swing, Fz:28.44, ThetaRef:60.00, ThetaActual:1.01, EncoderTheta:99.27, EncoderVelocity:-10.32, K:10.00, B:0.50
[2026-09-28 04:39:10,182] DEBUG: No valid transitions from state swing
[2026-09-28 04:39:10,182] WARNING: Velocity attribute does not use the linearization map. Please calculate the velocity using the position attribute.
[2026-09-28 04:39:10,188] INFO: T:2.704, State:swing, Fz:26.02, ThetaRef:60.00, ThetaActual:1.19, EncoderTheta:99.07, EncoderVelocity:-23.96, K:10.00, B:0.50
[2026-09-28 04:39:10,190] DEBUG: No valid transitions from state swing
[2026-09-28 04:39:10,190] WARNING: Velocity attribute does not use the linearization map. Please calculate the velocity using the position attribute.
[2026-09-28 04:39:10,196] INFO: T:2.713, State:swing, Fz:25.19, ThetaRef:60.00, ThetaActual:1.36, EncoderTheta:98.66, EncoderVelocity:-49.51, K:10.00, B:0.50
[2026-09-28 04:39:10,199] DEBUG: No valid transitions from state swing
[2026-09-28 04:39:10,199] WARNING: Velocity attribute does not use the linearization map. Please calculate the velocity using the position attribute.
[2026-09-28 04:39:10,204] INFO: T:2.721, State:swing, Fz:26.11, ThetaRef:60.00, ThetaActual:1.82, EncoderTheta:98.15, EncoderVelocity:-61.00, K:10.00, B:0.50
[2026-09-28 04:39:10,207] DEBUG: No valid transitions from state swing
[2026-09-28 04:39:10,207] WARNING: Velocity attribute does not use the linearization map. Please calculate the velocity using the position attribute.
[2026-09-28 04:39:10,213] INFO: T:2.730, State:swing, Fz:26.88, ThetaRef:60.00, ThetaActual:2.47, EncoderTheta:97.49, EncoderVelocity:-77.10, K:10.00, B:0.50
[2026-09-28 04:39:10,216] DEBUG: No valid transitions from state swing
[2026-09-28 04:39:10,216] WARNING: Velocity attribute does not use the linearization map. Please calculate the velocity using the position attribute.
[2026-09-28 04:39:10,222] INFO: T:2.738, State:swing, Fz:25.02, ThetaRef:60.00, ThetaActual:2.86, EncoderTheta:96.77, EncoderVelocity:-84.03, K:10.00, B:0.50
[2026-09-28 04:39:10,225] DEBUG: No valid transitions from state swing
[2026-09-28 04:39:10,225] WARNING: Velocity attribute does not use the linearization map. Please calculate the velocity using the position attribute.
[2026-09-28 04:39:10,230] INFO: T:2.747, State:swing, Fz:23.14, ThetaRef:60.00, ThetaActual:3.77, EncoderTheta:95.89, EncoderVelocity:-99.80, K:10.00, B:0.50
[2026-09-28 04:39:10,233] DEBUG: No valid transitions from state swing
[2026-09-28 04:39:10,233] WARNING: Velocity attribute does not use the linearization map. Please calculate the velocity using the position attribute.
[2026-09-28 04:39:10,239] INFO: T:2.756, State:swing, Fz:20.72, ThetaRef:60.00, ThetaActual:4.83, EncoderTheta:94.97, EncoderVelocity:-109.97, K:10.00, B:0.50
[2026-09-28 04:39:10,242] DEBUG: No valid transitions from state swing
[2026-09-28 04:39:10,242] WARNING: Velocity attribute does not use the linearization map. Please calculate the velocity using the position attribute.
[2026-09-28 04:39:10,247] INFO: T:2.764, State:swing, Fz:18.92, ThetaRef:60.00, ThetaActual:5.90, EncoderTheta:93.80, EncoderVelocity:-135.98, K:10.00, B:0.50
[2026-09-28 04:39:10,250] DEBUG: No valid transitions from state swing
[2026-09-28 04:39:10,250] WARNING: Velocity attribute does not use the linearization map. Please calculate the velocity using the position attribute.
[2026-09-28 04:39:10,256] INFO: T:2.773, State:swing, Fz:15.12, ThetaRef:60.00, ThetaActual:6.54, EncoderTheta:92.68, EncoderVelocity:-131.36, K:10.00, B:0.50
[2026-09-28 04:39:10,258] DEBUG: No valid transitions from state swing
[2026-09-28 04:39:10,259] WARNING: Velocity attribute does not use the linearization map. Please calculate the velocity using the position attribute.
[2026-09-28 04:39:10,264] INFO: T:2.781, State:swing, Fz:12.22, ThetaRef:60.00, ThetaActual:7.92, EncoderTheta:91.47, EncoderVelocity:-145.84, K:10.00, B:0.50
[2026-09-28 04:39:10,267] DEBUG: No valid transitions from state swing
[2026-09-28 04:39:10,267] WARNING: Velocity attribute does not use the linearization map. Please calculate the velocity using the position attribute.
[2026-09-28 04:39:10,273] INFO: T:2.789, State:swing, Fz:5.07, ThetaRef:60.00, ThetaActual:9.41, EncoderTheta:90.15, EncoderVelocity:-157.18, K:10.00, B:0.50
[2026-09-28 04:39:10,275] DEBUG: No valid transitions from state swing
[2026-09-28 04:39:10,275] WARNING: Velocity attribute does not use the linearization map. Please calculate the velocity using the position attribute.
[2026-09-28 04:39:10,281] INFO: T:2.798, State:swing, Fz:-7.92, ThetaRef:60.00, ThetaActual:10.20, EncoderTheta:88.95, EncoderVelocity:-141.35, K:10.00, B:0.50
[2026-09-28 04:39:10,284] DEBUG: No valid transitions from state swing
[2026-09-28 04:39:10,284] WARNING: Velocity attribute does not use the linearization map. Please calculate the velocity using the position attribute.
[2026-09-28 04:39:10,290] INFO: T:2.807, State:swing, Fz:-19.91, ThetaRef:60.00, ThetaActual:11.81, EncoderTheta:87.58, EncoderVelocity:-158.12, K:10.00, B:0.50
[2026-09-28 04:39:10,292] DEBUG: No valid transitions from state swing
[2026-09-28 04:39:10,292] WARNING: Velocity attribute does not use the linearization map. Please calculate the velocity using the position attribute.
[2026-09-28 04:39:10,298] INFO: T:2.815, State:swing, Fz:-25.61, ThetaRef:60.00, ThetaActual:13.42, EncoderTheta:86.22, EncoderVelocity:-164.63, K:10.00, B:0.50
[2026-09-28 04:39:10,301] DEBUG: No valid transitions from state swing
[2026-09-28 04:39:10,301] WARNING: Velocity attribute does not use the linearization map. Please calculate the velocity using the position attribute.
[2026-09-28 04:39:10,306] INFO: T:2.823, State:swing, Fz:-27.41, ThetaRef:60.00, ThetaActual:14.24, EncoderTheta:84.86, EncoderVelocity:-163.88, K:10.00, B:0.50
[2026-09-28 04:39:10,309] DEBUG: No valid transitions from state swing
[2026-09-28 04:39:10,309] WARNING: Velocity attribute does not use the linearization map. Please calculate the velocity using the position attribute.
[2026-09-28 04:39:10,315] INFO: T:2.831, State:swing, Fz:-23.79, ThetaRef:60.00, ThetaActual:15.86, EncoderTheta:83.50, EncoderVelocity:-164.52, K:10.00, B:0.50
[2026-09-28 04:39:10,317] DEBUG: No valid transitions from state swing
[2026-09-28 04:39:10,318] WARNING: Velocity attribute does not use the linearization map. Please calculate the velocity using the position attribute.
[2026-09-28 04:39:10,323] INFO: T:2.840, State:swing, Fz:-17.99, ThetaRef:60.00, ThetaActual:17.50, EncoderTheta:82.09, EncoderVelocity:-163.51, K:10.00, B:0.50
[2026-09-28 04:39:10,326] DEBUG: No valid transitions from state swing
[2026-09-28 04:39:10,326] WARNING: Velocity attribute does not use the linearization map. Please calculate the velocity using the position attribute.
[2026-09-28 04:39:10,332] INFO: T:2.848, State:swing, Fz:-14.01, ThetaRef:60.00, ThetaActual:18.34, EncoderTheta:80.66, EncoderVelocity:-172.53, K:10.00, B:0.50
[2026-09-28 04:39:10,334] DEBUG: No valid transitions from state swing
[2026-09-28 04:39:10,334] WARNING: Velocity attribute does not use the linearization map. Please calculate the velocity using the position attribute.
[2026-09-28 04:39:10,340] INFO: T:2.857, State:swing, Fz:-9.47, ThetaRef:60.00, ThetaActual:20.01, EncoderTheta:79.28, EncoderVelocity:-163.27, K:10.00, B:0.50
[2026-09-28 04:39:10,343] DEBUG: No valid transitions from state swing
[2026-09-28 04:39:10,343] WARNING: Velocity attribute does not use the linearization map. Please calculate the velocity using the position attribute.
[2026-09-28 04:39:10,349] INFO: T:2.865, State:swing, Fz:-0.11, ThetaRef:60.00, ThetaActual:21.68, EncoderTheta:77.78, EncoderVelocity:-174.42, K:10.00, B:0.50
[2026-09-28 04:39:10,351] DEBUG: No valid transitions from state swing
[2026-09-28 04:39:10,351] WARNING: Velocity attribute does not use the linearization map. Please calculate the velocity using the position attribute.
[2026-09-28 04:39:10,357] INFO: T:2.874, State:swing, Fz:9.93, ThetaRef:60.00, ThetaActual:23.38, EncoderTheta:76.29, EncoderVelocity:-174.34, K:10.00, B:0.50
[2026-09-28 04:39:10,360] DEBUG: No valid transitions from state swing
[2026-09-28 04:39:10,360] WARNING: Velocity attribute does not use the linearization map. Please calculate the velocity using the position attribute.
[2026-09-28 04:39:10,365] INFO: T:2.882, State:swing, Fz:19.49, ThetaRef:60.00, ThetaActual:24.22, EncoderTheta:74.88, EncoderVelocity:-164.91, K:10.00, B:0.50
[2026-09-28 04:39:10,368] DEBUG: No valid transitions from state swing
[2026-09-28 04:39:10,368] WARNING: Velocity attribute does not use the linearization map. Please calculate the velocity using the position attribute.
[2026-09-28 04:39:10,374] INFO: T:2.891, State:swing, Fz:26.30, ThetaRef:60.00, ThetaActual:25.92, EncoderTheta:73.45, EncoderVelocity:-171.69, K:10.00, B:0.50
[2026-09-28 04:39:10,377] DEBUG: No valid transitions from state swing
[2026-09-28 04:39:10,377] WARNING: Velocity attribute does not use the linearization map. Please calculate the velocity using the position attribute.
[2026-09-28 04:39:10,382] INFO: T:2.899, State:swing, Fz:33.82, ThetaRef:60.00, ThetaActual:27.62, EncoderTheta:72.03, EncoderVelocity:-165.92, K:10.00, B:0.50
[2026-09-28 04:39:10,385] DEBUG: No valid transitions from state swing
[2026-09-28 04:39:10,385] WARNING: Velocity attribute does not use the linearization map. Please calculate the velocity using the position attribute.
[2026-09-28 04:39:10,391] INFO: T:2.908, State:swing, Fz:40.03, ThetaRef:60.00, ThetaActual:28.45, EncoderTheta:70.66, EncoderVelocity:-162.17, K:10.00, B:0.50
[2026-09-28 04:39:10,394] DEBUG: No valid transitions from state swing
[2026-09-28 04:39:10,394] WARNING: Velocity attribute does not use the linearization map. Please calculate the velocity using the position attribute.
[2026-09-28 04:39:10,399] INFO: T:2.916, State:swing, Fz:46.24, ThetaRef:60.00, ThetaActual:30.09, EncoderTheta:69.30, EncoderVelocity:-160.90, K:10.00, B:0.50
[2026-09-28 04:39:10,402] DEBUG: No valid transitions from state swing
[2026-09-28 04:39:10,402] WARNING: Velocity attribute does not use the linearization map. Please calculate the velocity using the position attribute.
[2026-09-28 04:39:10,408] INFO: T:2.925, State:swing, Fz:49.90, ThetaRef:60.00, ThetaActual:31.68, EncoderTheta:67.92, EncoderVelocity:-161.53, K:10.00, B:0.50
[2026-09-28 04:39:10,411] DEBUG: No valid transitions from state swing
[2026-09-28 04:39:10,411] WARNING: Velocity attribute does not use the linearization map. Please calculate the velocity using the position attribute.
[2026-09-28 04:39:10,417] INFO: T:2.933, State:swing, Fz:54.66, ThetaRef:60.00, ThetaActual:32.45, EncoderTheta:66.60, EncoderVelocity:-151.01, K:10.00, B:0.50
[2026-09-28 04:39:10,420] DEBUG: No valid transitions from state swing
[2026-09-28 04:39:10,420] WARNING: Velocity attribute does not use the linearization map. Please calculate the velocity using the position attribute.
[2026-09-28 04:39:10,425] INFO: T:2.942, State:swing, Fz:61.28, ThetaRef:60.00, ThetaActual:33.96, EncoderTheta:65.39, EncoderVelocity:-140.81, K:10.00, B:0.50
[2026-09-28 04:39:10,428] DEBUG: No valid transitions from state swing
[2026-09-28 04:39:10,428] WARNING: Velocity attribute does not use the linearization map. Please calculate the velocity using the position attribute.
[2026-09-28 04:39:10,434] INFO: T:2.951, State:swing, Fz:66.81, ThetaRef:60.00, ThetaActual:35.42, EncoderTheta:64.05, EncoderVelocity:-155.29, K:10.00, B:0.50
[2026-09-28 04:39:10,436] DEBUG: No valid transitions from state swing
[2026-09-28 04:39:10,437] WARNING: Velocity attribute does not use the linearization map. Please calculate the velocity using the position attribute.
[2026-09-28 04:39:10,442] INFO: T:2.959, State:swing, Fz:73.00, ThetaRef:60.00, ThetaActual:36.84, EncoderTheta:62.95, EncoderVelocity:-132.12, K:10.00, B:0.50
[2026-09-28 04:39:10,445] DEBUG: No valid transitions from state swing
[2026-09-28 04:39:10,445] WARNING: Velocity attribute does not use the linearization map. Please calculate the velocity using the position attribute.
[2026-09-28 04:39:10,451] INFO: T:2.967, State:swing, Fz:79.65, ThetaRef:60.00, ThetaActual:37.52, EncoderTheta:61.85, EncoderVelocity:-132.79, K:10.00, B:0.50
[2026-09-28 04:39:10,453] DEBUG: No valid transitions from state swing
[2026-09-28 04:39:10,453] WARNING: Velocity attribute does not use the linearization map. Please calculate the velocity using the position attribute.
[2026-09-28 04:39:10,459] INFO: T:2.976, State:swing, Fz:83.25, ThetaRef:60.00, ThetaActual:38.85, EncoderTheta:60.78, EncoderVelocity:-125.23, K:10.00, B:0.50
[2026-09-28 04:39:10,462] DEBUG: No valid transitions from state swing
[2026-09-28 04:39:10,462] WARNING: Velocity attribute does not use the linearization map. Please calculate the velocity using the position attribute.
[2026-09-28 04:39:10,467] INFO: T:2.984, State:swing, Fz:86.43, ThetaRef:60.00, ThetaActual:40.14, EncoderTheta:59.63, EncoderVelocity:-135.80, K:10.00, B:0.50
[2026-09-28 04:39:10,470] DEBUG: No valid transitions from state swing
[2026-09-28 04:39:10,470] WARNING: Velocity attribute does not use the linearization map. Please calculate the velocity using the position attribute.
[2026-09-28 04:39:10,476] INFO: T:2.993, State:swing, Fz:86.31, ThetaRef:60.00, ThetaActual:40.75, EncoderTheta:58.73, EncoderVelocity:-108.30, K:10.00, B:0.50
[2026-09-28 04:39:10,479] DEBUG: No valid transitions from state swing
[2026-09-28 04:39:10,479] WARNING: Velocity attribute does not use the linearization map. Please calculate the velocity using the position attribute.
[2026-09-28 04:39:10,484] INFO: T:3.001, State:swing, Fz:84.17, ThetaRef:60.00, ThetaActual:41.92, EncoderTheta:57.79, EncoderVelocity:-111.89, K:10.00, B:0.50
[2026-09-28 04:39:10,487] DEBUG: No valid transitions from state swing
[2026-09-28 04:39:10,487] WARNING: Velocity attribute does not use the linearization map. Please calculate the velocity using the position attribute.
[2026-09-28 04:39:10,493] INFO: T:3.009, State:swing, Fz:81.00, ThetaRef:60.00, ThetaActual:42.99, EncoderTheta:57.00, EncoderVelocity:-94.00, K:10.00, B:0.50
[2026-09-28 04:39:10,495] DEBUG: No valid transitions from state swing
[2026-09-28 04:39:10,496] WARNING: Velocity attribute does not use the linearization map. Please calculate the velocity using the position attribute.
[2026-09-28 04:39:10,501] INFO: T:3.018, State:swing, Fz:78.60, ThetaRef:60.00, ThetaActual:43.48, EncoderTheta:56.23, EncoderVelocity:-91.82, K:10.00, B:0.50
[2026-09-28 04:39:10,504] DEBUG: No valid transitions from state swing
[2026-09-28 04:39:10,504] WARNING: Velocity attribute does not use the linearization map. Please calculate the velocity using the position attribute.
[2026-09-28 04:39:10,510] INFO: T:3.027, State:swing, Fz:73.25, ThetaRef:60.00, ThetaActual:44.37, EncoderTheta:55.57, EncoderVelocity:-74.02, K:10.00, B:0.50
[2026-09-28 04:39:10,513] DEBUG: No valid transitions from state swing
[2026-09-28 04:39:10,513] WARNING: Velocity attribute does not use the linearization map. Please calculate the velocity using the position attribute.
[2026-09-28 04:39:10,519] INFO: T:3.035, State:swing, Fz:68.65, ThetaRef:60.00, ThetaActual:45.10, EncoderTheta:55.02, EncoderVelocity:-63.93, K:10.00, B:0.50
[2026-09-28 04:39:10,521] DEBUG: No valid transitions from state swing
[2026-09-28 04:39:10,521] WARNING: Velocity attribute does not use the linearization map. Please calculate the velocity using the position attribute.
[2026-09-28 04:39:10,527] INFO: T:3.044, State:swing, Fz:66.65, ThetaRef:60.00, ThetaActual:45.67, EncoderTheta:54.65, EncoderVelocity:-43.64, K:10.00, B:0.50
[2026-09-28 04:39:10,530] DEBUG: No valid transitions from state swing
[2026-09-28 04:39:10,530] WARNING: Velocity attribute does not use the linearization map. Please calculate the velocity using the position attribute.
[2026-09-28 04:39:10,536] INFO: T:3.052, State:swing, Fz:66.07, ThetaRef:60.00, ThetaActual:45.89, EncoderTheta:54.34, EncoderVelocity:-35.97, K:10.00, B:0.50
[2026-09-28 04:39:10,539] DEBUG: No valid transitions from state swing
[2026-09-28 04:39:10,539] WARNING: Velocity attribute does not use the linearization map. Please calculate the velocity using the position attribute.
[2026-09-28 04:39:10,544] INFO: T:3.061, State:swing, Fz:64.19, ThetaRef:60.00, ThetaActual:46.20, EncoderTheta:54.23, EncoderVelocity:-12.81, K:10.00, B:0.50
[2026-09-28 04:39:10,547] DEBUG: No valid transitions from state swing
[2026-09-28 04:39:10,547] WARNING: Velocity attribute does not use the linearization map. Please calculate the velocity using the position attribute.
[2026-09-28 04:39:10,553] INFO: T:3.070, State:swing, Fz:62.82, ThetaRef:60.00, ThetaActual:46.33, EncoderTheta:54.25, EncoderVelocity:2.54, K:10.00, B:0.50
[2026-09-28 04:39:10,556] DEBUG: No valid transitions from state swing
[2026-09-28 04:39:10,556] WARNING: Velocity attribute does not use the linearization map. Please calculate the velocity using the position attribute.
[2026-09-28 04:39:10,561] INFO: T:3.078, State:swing, Fz:60.75, ThetaRef:60.00, ThetaActual:46.33, EncoderTheta:54.32, EncoderVelocity:7.86, K:10.00, B:0.50
[2026-09-28 04:39:10,564] DEBUG: No valid transitions from state swing
[2026-09-28 04:39:10,564] WARNING: Velocity attribute does not use the linearization map. Please calculate the velocity using the position attribute.
[2026-09-28 04:39:10,570] INFO: T:3.086, State:swing, Fz:56.62, ThetaRef:60.00, ThetaActual:46.27, EncoderTheta:54.47, EncoderVelocity:18.52, K:10.00, B:0.50
[2026-09-28 04:39:10,572] DEBUG: No valid transitions from state swing
[2026-09-28 04:39:10,572] WARNING: Velocity attribute does not use the linearization map. Please calculate the velocity using the position attribute.
[2026-09-28 04:39:10,578] INFO: T:3.095, State:swing, Fz:51.00, ThetaRef:60.00, ThetaActual:46.15, EncoderTheta:54.65, EncoderVelocity:20.67, K:10.00, B:0.50
[2026-09-28 04:39:10,581] DEBUG: No valid transitions from state swing
[2026-09-28 04:39:10,581] WARNING: Velocity attribute does not use the linearization map. Please calculate the velocity using the position attribute.
[2026-09-28 04:39:10,587] INFO: T:3.103, State:swing, Fz:43.67, ThetaRef:60.00, ThetaActual:46.04, EncoderTheta:54.93, EncoderVelocity:34.23, K:10.00, B:0.50
[2026-09-28 04:39:10,589] DEBUG: No valid transitions from state swing
[2026-09-28 04:39:10,589] WARNING: Velocity attribute does not use the linearization map. Please calculate the velocity using the position attribute.
[2026-09-28 04:39:10,596] INFO: T:3.112, State:swing, Fz:36.62, ThetaRef:60.00, ThetaActual:45.75, EncoderTheta:55.28, EncoderVelocity:41.22, K:10.00, B:0.50
[2026-09-28 04:39:10,600] DEBUG: No valid transitions from state swing
[2026-09-28 04:39:10,600] WARNING: Velocity attribute does not use the linearization map. Please calculate the velocity using the position attribute.
[2026-09-28 04:39:10,606] INFO: T:3.122, State:swing, Fz:29.72, ThetaRef:60.00, ThetaActual:45.34, EncoderTheta:55.96, EncoderVelocity:65.57, K:10.00, B:0.50
[2026-09-28 04:39:10,610] DEBUG: No valid transitions from state swing
[2026-09-28 04:39:10,610] WARNING: Velocity attribute does not use the linearization map. Please calculate the velocity using the position attribute.
[2026-09-28 04:39:10,615] INFO: T:3.131, State:swing, Fz:22.45, ThetaRef:60.00, ThetaActual:44.79, EncoderTheta:56.60, EncoderVelocity:65.62, K:10.00, B:0.50
[2026-09-28 04:39:10,618] DEBUG: No valid transitions from state swing
[2026-09-28 04:39:10,618] WARNING: Velocity attribute does not use the linearization map. Please calculate the velocity using the position attribute.
[2026-09-28 04:39:10,624] INFO: T:3.141, State:swing, Fz:15.93, ThetaRef:60.00, ThetaActual:44.09, EncoderTheta:57.41, EncoderVelocity:91.77, K:10.00, B:0.50
[2026-09-28 04:39:10,627] DEBUG: No valid transitions from state swing
[2026-09-28 04:39:10,627] WARNING: Velocity attribute does not use the linearization map. Please calculate the velocity using the position attribute.
[2026-09-28 04:39:10,633] INFO: T:3.150, State:swing, Fz:8.99, ThetaRef:60.00, ThetaActual:43.24, EncoderTheta:58.25, EncoderVelocity:94.32, K:10.00, B:0.50
[2026-09-28 04:39:10,636] DEBUG: No valid transitions from state swing
[2026-09-28 04:39:10,636] WARNING: Velocity attribute does not use the linearization map. Please calculate the velocity using the position attribute.
[2026-09-28 04:39:10,641] INFO: T:3.158, State:swing, Fz:3.72, ThetaRef:60.00, ThetaActual:42.77, EncoderTheta:59.22, EncoderVelocity:110.80, K:10.00, B:0.50
[2026-09-28 04:39:10,644] DEBUG: No valid transitions from state swing
[2026-09-28 04:39:10,644] WARNING: Velocity attribute does not use the linearization map. Please calculate the velocity using the position attribute.
[2026-09-28 04:39:10,650] INFO: T:3.167, State:swing, Fz:1.65, ThetaRef:60.00, ThetaActual:41.70, EncoderTheta:60.25, EncoderVelocity:124.74, K:10.00, B:0.50
[2026-09-28 04:39:10,652] DEBUG: No valid transitions from state swing
[2026-09-28 04:39:10,652] WARNING: Velocity attribute does not use the linearization map. Please calculate the velocity using the position attribute.
[2026-09-28 04:39:10,658] INFO: T:3.175, State:swing, Fz:-1.92, ThetaRef:60.00, ThetaActual:40.50, EncoderTheta:61.33, EncoderVelocity:130.11, K:10.00, B:0.50
[2026-09-28 04:39:10,661] DEBUG: No valid transitions from state swing
[2026-09-28 04:39:10,661] WARNING: Velocity attribute does not use the linearization map. Please calculate the velocity using the position attribute.
[2026-09-28 04:39:10,666] INFO: T:3.183, State:swing, Fz:-2.70, ThetaRef:60.00, ThetaActual:39.85, EncoderTheta:62.53, EncoderVelocity:145.94, K:10.00, B:0.50
[2026-09-28 04:39:10,669] DEBUG: No valid transitions from state swing
[2026-09-28 04:39:10,669] WARNING: Velocity attribute does not use the linearization map. Please calculate the velocity using the position attribute.
[2026-09-28 04:39:10,675] INFO: T:3.192, State:swing, Fz:-5.74, ThetaRef:60.00, ThetaActual:38.46, EncoderTheta:63.87, EncoderVelocity:156.70, K:10.00, B:0.50
[2026-09-28 04:39:10,677] DEBUG: No valid transitions from state swing
[2026-09-28 04:39:10,678] WARNING: Velocity attribute does not use the linearization map. Please calculate the velocity using the position attribute.
[2026-09-28 04:39:10,683] INFO: T:3.200, State:swing, Fz:-7.60, ThetaRef:60.00, ThetaActual:36.96, EncoderTheta:65.24, EncoderVelocity:164.30, K:10.00, B:0.50
[2026-09-28 04:39:10,686] DEBUG: No valid transitions from state swing
[2026-09-28 04:39:10,686] WARNING: Velocity attribute does not use the linearization map. Please calculate the velocity using the position attribute.
[2026-09-28 04:39:10,692] INFO: T:3.209, State:swing, Fz:-10.98, ThetaRef:60.00, ThetaActual:36.17, EncoderTheta:66.69, EncoderVelocity:170.02, K:10.00, B:0.50
[2026-09-28 04:39:10,694] DEBUG: No valid transitions from state swing
[2026-09-28 04:39:10,695] WARNING: Velocity attribute does not use the linearization map. Please calculate the velocity using the position attribute.
[2026-09-28 04:39:10,700] INFO: T:3.217, State:swing, Fz:-14.04, ThetaRef:60.00, ThetaActual:34.51, EncoderTheta:68.18, EncoderVelocity:176.63, K:10.00, B:0.50
[2026-09-28 04:39:10,703] DEBUG: No valid transitions from state swing
[2026-09-28 04:39:10,703] WARNING: Velocity attribute does not use the linearization map. Please calculate the velocity using the position attribute.
[2026-09-28 04:39:10,709] INFO: T:3.226, State:swing, Fz:-15.38, ThetaRef:60.00, ThetaActual:32.75, EncoderTheta:69.74, EncoderVelocity:180.34, K:10.00, B:0.50
[2026-09-28 04:39:10,712] DEBUG: No valid transitions from state swing
[2026-09-28 04:39:10,712] WARNING: Velocity attribute does not use the linearization map. Please calculate the velocity using the position attribute.
[2026-09-28 04:39:10,717] INFO: T:3.234, State:swing, Fz:-17.43, ThetaRef:60.00, ThetaActual:30.90, EncoderTheta:71.39, EncoderVelocity:190.85, K:10.00, B:0.50
[2026-09-28 04:39:10,720] DEBUG: No valid transitions from state swing
[2026-09-28 04:39:10,720] WARNING: Velocity attribute does not use the linearization map. Please calculate the velocity using the position attribute.
[2026-09-28 04:39:10,726] INFO: T:3.243, State:swing, Fz:-19.92, ThetaRef:60.00, ThetaActual:29.94, EncoderTheta:73.08, EncoderVelocity:204.18, K:10.00, B:0.50
[2026-09-28 04:39:10,729] DEBUG: No valid transitions from state swing
[2026-09-28 04:39:10,729] WARNING: Velocity attribute does not use the linearization map. Please calculate the velocity using the position attribute.
[2026-09-28 04:39:10,734] INFO: T:3.251, State:swing, Fz:-22.84, ThetaRef:60.00, ThetaActual:27.99, EncoderTheta:74.79, EncoderVelocity:200.87, K:10.00, B:0.50
[2026-09-28 04:39:10,737] DEBUG: No valid transitions from state swing
[2026-09-28 04:39:10,737] WARNING: Velocity attribute does not use the linearization map. Please calculate the velocity using the position attribute.
[2026-09-28 04:39:10,742] INFO: T:3.259, State:swing, Fz:-22.58, ThetaRef:60.00, ThetaActual:25.97, EncoderTheta:76.44, EncoderVelocity:200.50, K:10.00, B:0.50
[2026-09-28 04:39:10,745] DEBUG: No valid transitions from state swing
[2026-09-28 04:39:10,745] WARNING: Velocity attribute does not use the linearization map. Please calculate the velocity using the position attribute.
[2026-09-28 04:39:10,751] INFO: T:3.268, State:swing, Fz:-23.81, ThetaRef:60.00, ThetaActual:24.95, EncoderTheta:78.18, EncoderVelocity:206.56, K:10.00, B:0.50
[2026-09-28 04:39:10,754] DEBUG: No valid transitions from state swing
[2026-09-28 04:39:10,754] WARNING: Velocity attribute does not use the linearization map. Please calculate the velocity using the position attribute.
[2026-09-28 04:39:10,760] INFO: T:3.276, State:swing, Fz:-21.82, ThetaRef:60.00, ThetaActual:22.87, EncoderTheta:80.00, EncoderVelocity:207.74, K:10.00, B:0.50
[2026-09-28 04:39:10,763] DEBUG: No valid transitions from state swing
[2026-09-28 04:39:10,763] WARNING: Velocity attribute does not use the linearization map. Please calculate the velocity using the position attribute.
[2026-09-28 04:39:10,768] INFO: T:3.285, State:swing, Fz:-23.23, ThetaRef:60.00, ThetaActual:20.78, EncoderTheta:81.83, EncoderVelocity:211.84, K:10.00, B:0.50
[2026-09-28 04:39:10,771] DEBUG: No valid transitions from state swing
[2026-09-28 04:39:10,771] WARNING: Velocity attribute does not use the linearization map. Please calculate the velocity using the position attribute.
[2026-09-28 04:39:10,777] INFO: T:3.293, State:swing, Fz:-24.85, ThetaRef:60.00, ThetaActual:19.73, EncoderTheta:83.56, EncoderVelocity:207.96, K:10.00, B:0.50
[2026-09-28 04:39:10,779] DEBUG: No valid transitions from state swing
[2026-09-28 04:39:10,780] WARNING: Velocity attribute does not use the linearization map. Please calculate the velocity using the position attribute.
[2026-09-28 04:39:10,785] INFO: T:3.302, State:swing, Fz:-26.06, ThetaRef:60.00, ThetaActual:17.63, EncoderTheta:85.39, EncoderVelocity:212.83, K:10.00, B:0.50
[2026-09-28 04:39:10,788] DEBUG: No valid transitions from state swing
[2026-09-28 04:39:10,788] WARNING: Velocity attribute does not use the linearization map. Please calculate the velocity using the position attribute.
[2026-09-28 04:39:10,794] INFO: T:3.310, State:swing, Fz:-26.02, ThetaRef:60.00, ThetaActual:15.54, EncoderTheta:87.08, EncoderVelocity:203.73, K:10.00, B:0.50
[2026-09-28 04:39:10,796] DEBUG: No valid transitions from state swing
[2026-09-28 04:39:10,796] WARNING: Velocity attribute does not use the linearization map. Please calculate the velocity using the position attribute.
[2026-09-28 04:39:10,802] INFO: T:3.319, State:swing, Fz:-25.51, ThetaRef:60.00, ThetaActual:13.47, EncoderTheta:88.79, EncoderVelocity:199.01, K:10.00, B:0.50
[2026-09-28 04:39:10,805] WARNING: Velocity attribute does not use the linearization map. Please calculate the velocity using the position attribute.
[2026-09-28 04:39:10,810] INFO: T:3.327, State:early_stance, Fz:-26.08, ThetaRef:15.00, ThetaActual:12.44, EncoderTheta:90.53, EncoderVelocity:209.69, K:20.00, B:1.00
[2026-09-28 04:39:10,813] DEBUG: No valid transitions from state early_stance
[2026-09-28 04:39:10,813] WARNING: Velocity attribute does not use the linearization map. Please calculate the velocity using the position attribute.
[2026-09-28 04:39:10,819] INFO: T:3.335, State:early_stance, Fz:-26.04, ThetaRef:15.00, ThetaActual:10.44, EncoderTheta:92.22, EncoderVelocity:205.05, K:20.00, B:1.00
[2026-09-28 04:39:10,821] DEBUG: No valid transitions from state early_stance
[2026-09-28 04:39:10,822] WARNING: Velocity attribute does not use the linearization map. Please calculate the velocity using the position attribute.
[2026-09-28 04:39:10,827] INFO: T:3.344, State:early_stance, Fz:-27.95, ThetaRef:15.00, ThetaActual:8.47, EncoderTheta:93.87, EncoderVelocity:192.90, K:20.00, B:1.00
[2026-09-28 04:39:10,830] DEBUG: No valid transitions from state early_stance
[2026-09-28 04:39:10,830] WARNING: Velocity attribute does not use the linearization map. Please calculate the velocity using the position attribute.
[2026-09-28 04:39:10,836] INFO: T:3.353, State:early_stance, Fz:-28.45, ThetaRef:15.00, ThetaActual:7.51, EncoderTheta:95.43, EncoderVelocity:181.66, K:20.00, B:1.00
[2026-09-28 04:39:10,838] DEBUG: No valid transitions from state early_stance
[2026-09-28 04:39:10,838] WARNING: Velocity attribute does not use the linearization map. Please calculate the velocity using the position attribute.
[2026-09-28 04:39:10,844] INFO: T:3.361, State:early_stance, Fz:-29.33, ThetaRef:15.00, ThetaActual:5.63, EncoderTheta:96.94, EncoderVelocity:183.35, K:20.00, B:1.00
[2026-09-28 04:39:10,847] DEBUG: No valid transitions from state early_stance
[2026-09-28 04:39:10,847] WARNING: Velocity attribute does not use the linearization map. Please calculate the velocity using the position attribute.
[2026-09-28 04:39:10,852] INFO: T:3.369, State:early_stance, Fz:-29.53, ThetaRef:15.00, ThetaActual:3.82, EncoderTheta:98.35, EncoderVelocity:170.29, K:20.00, B:1.00
[2026-09-28 04:39:10,855] DEBUG: No valid transitions from state early_stance
[2026-09-28 04:39:10,855] WARNING: Velocity attribute does not use the linearization map. Please calculate the velocity using the position attribute.
[2026-09-28 04:39:10,861] INFO: T:3.377, State:early_stance, Fz:-30.19, ThetaRef:15.00, ThetaActual:2.95, EncoderTheta:99.76, EncoderVelocity:169.63, K:20.00, B:1.00
[2026-09-28 04:39:10,863] DEBUG: No valid transitions from state early_stance
[2026-09-28 04:39:10,863] WARNING: Velocity attribute does not use the linearization map. Please calculate the velocity using the position attribute.
[2026-09-28 04:39:10,869] INFO: T:3.386, State:early_stance, Fz:-65.35, ThetaRef:15.00, ThetaActual:1.30, EncoderTheta:100.24, EncoderVelocity:57.74, K:20.00, B:1.00
[2026-09-28 04:39:10,872] DEBUG: No valid transitions from state early_stance
[2026-09-28 04:39:10,872] WARNING: Velocity attribute does not use the linearization map. Please calculate the velocity using the position attribute.
[2026-09-28 04:39:10,878] INFO: T:3.394, State:early_stance, Fz:-101.11, ThetaRef:15.00, ThetaActual:-0.18, EncoderTheta:100.20, EncoderVelocity:-5.06, K:20.00, B:1.00
[2026-09-28 04:39:10,880] DEBUG: No valid transitions from state early_stance
[2026-09-28 04:39:10,881] WARNING: Velocity attribute does not use the linearization map. Please calculate the velocity using the position attribute.
[2026-09-28 04:39:10,887] INFO: T:3.403, State:early_stance, Fz:-48.59, ThetaRef:15.00, ThetaActual:-0.65, EncoderTheta:100.17, EncoderVelocity:-2.58, K:20.00, B:1.00
[2026-09-28 04:39:10,890] DEBUG: No valid transitions from state early_stance
[2026-09-28 04:39:10,890] WARNING: Velocity attribute does not use the linearization map. Please calculate the velocity using the position attribute.
[2026-09-28 04:39:10,895] INFO: T:3.412, State:early_stance, Fz:-71.15, ThetaRef:15.00, ThetaActual:-0.54, EncoderTheta:100.09, EncoderVelocity:-9.64, K:20.00, B:1.00
[2026-09-28 04:39:10,898] DEBUG: No valid transitions from state early_stance
[2026-09-28 04:39:10,898] WARNING: Velocity attribute does not use the linearization map. Please calculate the velocity using the position attribute.
[2026-09-28 04:39:10,904] INFO: T:3.420, State:early_stance, Fz:-65.89, ThetaRef:15.00, ThetaActual:0.46, EncoderTheta:99.93, EncoderVelocity:-18.45, K:20.00, B:1.00
[2026-09-28 04:39:10,907] DEBUG: No valid transitions from state early_stance
[2026-09-28 04:39:10,907] WARNING: Velocity attribute does not use the linearization map. Please calculate the velocity using the position attribute.
[2026-09-28 04:39:10,913] INFO: T:3.429, State:early_stance, Fz:-60.42, ThetaRef:15.00, ThetaActual:1.56, EncoderTheta:99.51, EncoderVelocity:-46.73, K:20.00, B:1.00
[2026-09-28 04:39:10,915] DEBUG: No valid transitions from state early_stance
[2026-09-28 04:39:10,916] WARNING: Velocity attribute does not use the linearization map. Please calculate the velocity using the position attribute.
[2026-09-28 04:39:10,921] INFO: T:3.438, State:early_stance, Fz:-76.28, ThetaRef:15.00, ThetaActual:2.06, EncoderTheta:98.88, EncoderVelocity:-74.04, K:20.00, B:1.00
[2026-09-28 04:39:10,924] DEBUG: No valid transitions from state early_stance
[2026-09-28 04:39:10,924] WARNING: Velocity attribute does not use the linearization map. Please calculate the velocity using the position attribute.
[2026-09-28 04:39:10,930] INFO: T:3.447, State:early_stance, Fz:-67.81, ThetaRef:15.00, ThetaActual:2.83, EncoderTheta:98.02, EncoderVelocity:-99.38, K:20.00, B:1.00
[2026-09-28 04:39:10,932] DEBUG: No valid transitions from state early_stance
[2026-09-28 04:39:10,933] WARNING: Velocity attribute does not use the linearization map. Please calculate the velocity using the position attribute.
[2026-09-28 04:39:10,938] INFO: T:3.455, State:early_stance, Fz:-55.22, ThetaRef:15.00, ThetaActual:3.37, EncoderTheta:97.40, EncoderVelocity:-73.41, K:20.00, B:1.00
[2026-09-28 04:39:10,941] DEBUG: No valid transitions from state early_stance
[2026-09-28 04:39:10,941] WARNING: Velocity attribute does not use the linearization map. Please calculate the velocity using the position attribute.
[2026-09-28 04:39:10,947] INFO: T:3.463, State:early_stance, Fz:-42.17, ThetaRef:15.00, ThetaActual:3.59, EncoderTheta:96.88, EncoderVelocity:-61.99, K:20.00, B:1.00
[2026-09-28 04:39:10,950] DEBUG: No valid transitions from state early_stance
[2026-09-28 04:39:10,950] WARNING: Velocity attribute does not use the linearization map. Please calculate the velocity using the position attribute.
[2026-09-28 04:39:10,955] INFO: T:3.472, State:early_stance, Fz:-32.72, ThetaRef:15.00, ThetaActual:3.96, EncoderTheta:96.46, EncoderVelocity:-48.66, K:20.00, B:1.00
[2026-09-28 04:39:10,958] DEBUG: No valid transitions from state early_stance
[2026-09-28 04:39:10,958] WARNING: Velocity attribute does not use the linearization map. Please calculate the velocity using the position attribute.
[2026-09-28 04:39:10,964] INFO: T:3.480, State:early_stance, Fz:-19.56, ThetaRef:15.00, ThetaActual:4.27, EncoderTheta:96.28, EncoderVelocity:-21.30, K:20.00, B:1.00
[2026-09-28 04:39:10,966] DEBUG: No valid transitions from state early_stance
[2026-09-28 04:39:10,966] WARNING: Velocity attribute does not use the linearization map. Please calculate the velocity using the position attribute.
[2026-09-28 04:39:10,972] INFO: T:3.489, State:early_stance, Fz:-13.56, ThetaRef:15.00, ThetaActual:4.55, EncoderTheta:96.11, EncoderVelocity:-20.48, K:20.00, B:1.00
[2026-09-28 04:39:10,975] DEBUG: No valid transitions from state early_stance
[2026-09-28 04:39:10,975] WARNING: Velocity attribute does not use the linearization map. Please calculate the velocity using the position attribute.
[2026-09-28 04:39:10,980] INFO: T:3.497, State:early_stance, Fz:-12.51, ThetaRef:15.00, ThetaActual:4.67, EncoderTheta:95.98, EncoderVelocity:-15.58, K:20.00, B:1.00
[2026-09-28 04:39:10,983] DEBUG: No valid transitions from state early_stance
[2026-09-28 04:39:10,983] WARNING: Velocity attribute does not use the linearization map. Please calculate the velocity using the position attribute.
[2026-09-28 04:39:10,989] INFO: T:3.506, State:early_stance, Fz:-10.71, ThetaRef:15.00, ThetaActual:4.86, EncoderTheta:95.78, EncoderVelocity:-23.77, K:20.00, B:1.00
[2026-09-28 04:39:10,992] DEBUG: No valid transitions from state early_stance
[2026-09-28 04:39:10,992] WARNING: Velocity attribute does not use the linearization map. Please calculate the velocity using the position attribute.
[2026-09-28 04:39:10,997] INFO: T:3.514, State:early_stance, Fz:-6.32, ThetaRef:15.00, ThetaActual:4.98, EncoderTheta:95.73, EncoderVelocity:-5.18, K:20.00, B:1.00
[2026-09-28 04:39:11,000] DEBUG: No valid transitions from state early_stance
[2026-09-28 04:39:11,000] WARNING: Velocity attribute does not use the linearization map. Please calculate the velocity using the position attribute.
[2026-09-28 04:39:11,006] INFO: T:3.523, State:early_stance, Fz:-3.41, ThetaRef:15.00, ThetaActual:5.02, EncoderTheta:95.62, EncoderVelocity:-13.10, K:20.00, B:1.00
[2026-09-28 04:39:11,009] DEBUG: No valid transitions from state early_stance
[2026-09-28 04:39:11,009] WARNING: Velocity attribute does not use the linearization map. Please calculate the velocity using the position attribute.
[2026-09-28 04:39:11,014] INFO: T:3.531, State:early_stance, Fz:-1.74, ThetaRef:15.00, ThetaActual:5.09, EncoderTheta:95.62, EncoderVelocity:0.00, K:20.00, B:1.00
[2026-09-28 04:39:11,017] DEBUG: No valid transitions from state early_stance
[2026-09-28 04:39:11,017] WARNING: Velocity attribute does not use the linearization map. Please calculate the velocity using the position attribute.
[2026-09-28 04:39:11,023] INFO: T:3.540, State:early_stance, Fz:-2.50, ThetaRef:15.00, ThetaActual:5.12, EncoderTheta:95.62, EncoderVelocity:0.00, K:20.00, B:1.00
[2026-09-28 04:39:11,026] DEBUG: No valid transitions from state early_stance
[2026-09-28 04:39:11,026] WARNING: Velocity attribute does not use the linearization map. Please calculate the velocity using the position attribute.
[2026-09-28 04:39:11,032] INFO: T:3.548, State:early_stance, Fz:-4.55, ThetaRef:15.00, ThetaActual:5.12, EncoderTheta:95.62, EncoderVelocity:0.00, K:20.00, B:1.00
[2026-09-28 04:39:11,034] DEBUG: No valid transitions from state early_stance
[2026-09-28 04:39:11,035] WARNING: Velocity attribute does not use the linearization map. Please calculate the velocity using the position attribute.
[2026-09-28 04:39:11,040] INFO: T:3.557, State:early_stance, Fz:-6.11, ThetaRef:15.00, ThetaActual:5.11, EncoderTheta:95.65, EncoderVelocity:2.54, K:20.00, B:1.00
[2026-09-28 04:39:11,043] DEBUG: No valid transitions from state early_stance
[2026-09-28 04:39:11,043] WARNING: Velocity attribute does not use the linearization map. Please calculate the velocity using the position attribute.
[2026-09-28 04:39:11,049] INFO: T:3.566, State:early_stance, Fz:-6.78, ThetaRef:15.00, ThetaActual:5.10, EncoderTheta:95.67, EncoderVelocity:2.56, K:20.00, B:1.00
[2026-09-28 04:39:11,051] DEBUG: No valid transitions from state early_stance
[2026-09-28 04:39:11,051] WARNING: Velocity attribute does not use the linearization map. Please calculate the velocity using the position attribute.
[2026-09-28 04:39:11,057] INFO: T:3.574, State:early_stance, Fz:-6.84, ThetaRef:15.00, ThetaActual:5.10, EncoderTheta:95.69, EncoderVelocity:2.66, K:20.00, B:1.00
[2026-09-28 04:39:11,060] DEBUG: No valid transitions from state early_stance
[2026-09-28 04:39:11,060] WARNING: Velocity attribute does not use the linearization map. Please calculate the velocity using the position attribute.
[2026-09-28 04:39:11,066] INFO: T:3.582, State:early_stance, Fz:-6.37, ThetaRef:15.00, ThetaActual:5.10, EncoderTheta:95.58, EncoderVelocity:-12.96, K:20.00, B:1.00
[2026-09-28 04:39:11,068] DEBUG: No valid transitions from state early_stance
[2026-09-28 04:39:11,068] WARNING: Velocity attribute does not use the linearization map. Please calculate the velocity using the position attribute.
[2026-09-28 04:39:11,074] INFO: T:3.591, State:early_stance, Fz:-5.51, ThetaRef:15.00, ThetaActual:5.10, EncoderTheta:95.62, EncoderVelocity:5.17, K:20.00, B:1.00
[2026-09-28 04:39:11,076] DEBUG: No valid transitions from state early_stance
[2026-09-28 04:39:11,077] WARNING: Velocity attribute does not use the linearization map. Please calculate the velocity using the position attribute.
[2026-09-28 04:39:11,082] INFO: T:3.599, State:early_stance, Fz:-3.86, ThetaRef:15.00, ThetaActual:5.10, EncoderTheta:95.62, EncoderVelocity:0.00, K:20.00, B:1.00
[2026-09-28 04:39:11,085] DEBUG: No valid transitions from state early_stance
[2026-09-28 04:39:11,085] WARNING: Velocity attribute does not use the linearization map. Please calculate the velocity using the position attribute.
[2026-09-28 04:39:11,091] INFO: T:3.607, State:early_stance, Fz:-3.08, ThetaRef:15.00, ThetaActual:5.11, EncoderTheta:95.58, EncoderVelocity:-5.31, K:20.00, B:1.00
[2026-09-28 04:39:11,093] DEBUG: No valid transitions from state early_stance
[2026-09-28 04:39:11,093] WARNING: Velocity attribute does not use the linearization map. Please calculate the velocity using the position attribute.
[2026-09-28 04:39:11,099] INFO: T:3.616, State:early_stance, Fz:-1.50, ThetaRef:15.00, ThetaActual:5.11, EncoderTheta:95.65, EncoderVelocity:7.71, K:20.00, B:1.00
[2026-09-28 04:39:11,102] DEBUG: No valid transitions from state early_stance
[2026-09-28 04:39:11,102] WARNING: Velocity attribute does not use the linearization map. Please calculate the velocity using the position attribute.
[2026-09-28 04:39:11,107] INFO: T:3.624, State:early_stance, Fz:-0.33, ThetaRef:15.00, ThetaActual:5.11, EncoderTheta:95.58, EncoderVelocity:-7.89, K:20.00, B:1.00
[2026-09-28 04:39:11,110] DEBUG: No valid transitions from state early_stance
[2026-09-28 04:39:11,110] WARNING: Velocity attribute does not use the linearization map. Please calculate the velocity using the position attribute.
[2026-09-28 04:39:11,116] INFO: T:3.633, State:early_stance, Fz:-0.43, ThetaRef:15.00, ThetaActual:5.11, EncoderTheta:95.65, EncoderVelocity:7.91, K:20.00, B:1.00
[2026-09-28 04:39:11,119] DEBUG: No valid transitions from state early_stance
[2026-09-28 04:39:11,119] WARNING: Velocity attribute does not use the linearization map. Please calculate the velocity using the position attribute.
[2026-09-28 04:39:11,124] INFO: T:3.641, State:early_stance, Fz:-0.49, ThetaRef:15.00, ThetaActual:5.11, EncoderTheta:95.62, EncoderVelocity:-2.55, K:20.00, B:1.00
[2026-09-28 04:39:11,127] DEBUG: No valid transitions from state early_stance
[2026-09-28 04:39:11,127] WARNING: Velocity attribute does not use the linearization map. Please calculate the velocity using the position attribute.
[2026-09-28 04:39:11,133] INFO: T:3.650, State:early_stance, Fz:-0.05, ThetaRef:15.00, ThetaActual:5.11, EncoderTheta:95.60, EncoderVelocity:-2.61, K:20.00, B:1.00
[2026-09-28 04:39:11,135] DEBUG: No valid transitions from state early_stance
[2026-09-28 04:39:11,135] WARNING: Velocity attribute does not use the linearization map. Please calculate the velocity using the position attribute.
[2026-09-28 04:39:11,141] INFO: T:3.658, State:early_stance, Fz:1.77, ThetaRef:15.00, ThetaActual:5.11, EncoderTheta:95.62, EncoderVelocity:2.66, K:20.00, B:1.00
[2026-09-28 04:39:11,144] DEBUG: No valid transitions from state early_stance
[2026-09-28 04:39:11,144] WARNING: Velocity attribute does not use the linearization map. Please calculate the velocity using the position attribute.
[2026-09-28 04:39:11,149] INFO: T:3.666, State:early_stance, Fz:1.71, ThetaRef:15.00, ThetaActual:5.11, EncoderTheta:95.62, EncoderVelocity:0.00, K:20.00, B:1.00
[2026-09-28 04:39:11,152] DEBUG: No valid transitions from state early_stance
[2026-09-28 04:39:11,152] WARNING: Velocity attribute does not use the linearization map. Please calculate the velocity using the position attribute.
[2026-09-28 04:39:11,158] INFO: T:3.675, State:early_stance, Fz:1.63, ThetaRef:15.00, ThetaActual:5.11, EncoderTheta:95.62, EncoderVelocity:0.00, K:20.00, B:1.00
[2026-09-28 04:39:11,160] DEBUG: No valid transitions from state early_stance
[2026-09-28 04:39:11,161] WARNING: Velocity attribute does not use the linearization map. Please calculate the velocity using the position attribute.
[2026-09-28 04:39:11,166] INFO: T:3.683, State:early_stance, Fz:2.50, ThetaRef:15.00, ThetaActual:5.11, EncoderTheta:95.62, EncoderVelocity:0.00, K:20.00, B:1.00
[2026-09-28 04:39:11,169] DEBUG: No valid transitions from state early_stance
[2026-09-28 04:39:11,169] WARNING: Velocity attribute does not use the linearization map. Please calculate the velocity using the position attribute.
[2026-09-28 04:39:11,175] INFO: T:3.692, State:early_stance, Fz:2.21, ThetaRef:15.00, ThetaActual:5.11, EncoderTheta:95.67, EncoderVelocity:4.99, K:20.00, B:1.00
[2026-09-28 04:39:11,178] DEBUG: No valid transitions from state early_stance
[2026-09-28 04:39:11,178] WARNING: Velocity attribute does not use the linearization map. Please calculate the velocity using the position attribute.
[2026-09-28 04:39:11,183] INFO: T:3.700, State:early_stance, Fz:1.52, ThetaRef:15.00, ThetaActual:5.11, EncoderTheta:95.56, EncoderVelocity:-13.11, K:20.00, B:1.00
[2026-09-28 04:39:11,186] DEBUG: No valid transitions from state early_stance
[2026-09-28 04:39:11,186] WARNING: Velocity attribute does not use the linearization map. Please calculate the velocity using the position attribute.
[2026-09-28 04:39:11,192] INFO: T:3.709, State:early_stance, Fz:1.99, ThetaRef:15.00, ThetaActual:5.11, EncoderTheta:95.62, EncoderVelocity:7.68, K:20.00, B:1.00
[2026-09-28 04:39:11,195] DEBUG: No valid transitions from state early_stance
[2026-09-28 04:39:11,195] WARNING: Velocity attribute does not use the linearization map. Please calculate the velocity using the position attribute.
[2026-09-28 04:39:11,200] INFO: T:3.717, State:early_stance, Fz:2.87, ThetaRef:15.00, ThetaActual:5.11, EncoderTheta:95.60, EncoderVelocity:-2.59, K:20.00, B:1.00
[2026-09-28 04:39:11,203] DEBUG: No valid transitions from state early_stance
[2026-09-28 04:39:11,203] WARNING: Velocity attribute does not use the linearization map. Please calculate the velocity using the position attribute.
[2026-09-28 04:39:11,209] INFO: T:3.726, State:early_stance, Fz:3.53, ThetaRef:15.00, ThetaActual:5.11, EncoderTheta:95.62, EncoderVelocity:2.64, K:20.00, B:1.00
[2026-09-28 04:39:11,212] DEBUG: No valid transitions from state early_stance
[2026-09-28 04:39:11,212] WARNING: Velocity attribute does not use the linearization map. Please calculate the velocity using the position attribute.
[2026-09-28 04:39:11,217] INFO: T:3.734, State:early_stance, Fz:3.07, ThetaRef:15.00, ThetaActual:5.11, EncoderTheta:95.62, EncoderVelocity:0.00, K:20.00, B:1.00
[2026-09-28 04:39:11,220] DEBUG: No valid transitions from state early_stance
[2026-09-28 04:39:11,220] WARNING: Velocity attribute does not use the linearization map. Please calculate the velocity using the position attribute.
[2026-09-28 04:39:11,226] INFO: T:3.743, State:early_stance, Fz:3.20, ThetaRef:15.00, ThetaActual:5.11, EncoderTheta:95.58, EncoderVelocity:-5.26, K:20.00, B:1.00
[2026-09-28 04:39:11,229] DEBUG: No valid transitions from state early_stance
[2026-09-28 04:39:11,229] WARNING: Velocity attribute does not use the linearization map. Please calculate the velocity using the position attribute.
[2026-09-28 04:39:11,234] INFO: T:3.751, State:early_stance, Fz:4.26, ThetaRef:15.00, ThetaActual:5.11, EncoderTheta:95.65, EncoderVelocity:7.65, K:20.00, B:1.00
[2026-09-28 04:39:11,237] DEBUG: No valid transitions from state early_stance
[2026-09-28 04:39:11,237] WARNING: Velocity attribute does not use the linearization map. Please calculate the velocity using the position attribute.
[2026-09-28 04:39:11,242] INFO: T:3.759, State:early_stance, Fz:4.10, ThetaRef:15.00, ThetaActual:5.11, EncoderTheta:95.62, EncoderVelocity:-2.66, K:20.00, B:1.00
[2026-09-28 04:39:11,245] DEBUG: No valid transitions from state early_stance
[2026-09-28 04:39:11,245] WARNING: Velocity attribute does not use the linearization map. Please calculate the velocity using the position attribute.
[2026-09-28 04:39:11,251] INFO: T:3.768, State:early_stance, Fz:2.99, ThetaRef:15.00, ThetaActual:5.11, EncoderTheta:95.60, EncoderVelocity:-2.65, K:20.00, B:1.00
[2026-09-28 04:39:11,254] DEBUG: No valid transitions from state early_stance
[2026-09-28 04:39:11,254] WARNING: Velocity attribute does not use the linearization map. Please calculate the velocity using the position attribute.
[2026-09-28 04:39:11,259] INFO: T:3.776, State:early_stance, Fz:4.09, ThetaRef:15.00, ThetaActual:5.11, EncoderTheta:95.60, EncoderVelocity:0.00, K:20.00, B:1.00
[2026-09-28 04:39:11,262] DEBUG: No valid transitions from state early_stance
[2026-09-28 04:39:11,262] WARNING: Velocity attribute does not use the linearization map. Please calculate the velocity using the position attribute.
[2026-09-28 04:39:11,267] INFO: T:3.784, State:early_stance, Fz:4.46, ThetaRef:15.00, ThetaActual:5.11, EncoderTheta:95.58, EncoderVelocity:-2.66, K:20.00, B:1.00
[2026-09-28 04:39:11,270] DEBUG: No valid transitions from state early_stance
[2026-09-28 04:39:11,270] WARNING: Velocity attribute does not use the linearization map. Please calculate the velocity using the position attribute.
[2026-09-28 04:39:11,276] INFO: T:3.793, State:early_stance, Fz:5.27, ThetaRef:15.00, ThetaActual:5.11, EncoderTheta:95.62, EncoderVelocity:5.33, K:20.00, B:1.00
[2026-09-28 04:39:11,279] DEBUG: No valid transitions from state early_stance
[2026-09-28 04:39:11,279] WARNING: Velocity attribute does not use the linearization map. Please calculate the velocity using the position attribute.
[2026-09-28 04:39:11,284] INFO: T:3.801, State:early_stance, Fz:5.87, ThetaRef:15.00, ThetaActual:5.11, EncoderTheta:95.62, EncoderVelocity:0.00, K:20.00, B:1.00
[2026-09-28 04:39:11,287] DEBUG: No valid transitions from state early_stance
[2026-09-28 04:39:11,287] WARNING: Velocity attribute does not use the linearization map. Please calculate the velocity using the position attribute.
[2026-09-28 04:39:11,293] INFO: T:3.809, State:early_stance, Fz:6.29, ThetaRef:15.00, ThetaActual:5.11, EncoderTheta:95.58, EncoderVelocity:-5.32, K:20.00, B:1.00
[2026-09-28 04:39:11,295] DEBUG: No valid transitions from state early_stance
[2026-09-28 04:39:11,296] WARNING: Velocity attribute does not use the linearization map. Please calculate the velocity using the position attribute.
[2026-09-28 04:39:11,301] INFO: T:3.818, State:early_stance, Fz:6.10, ThetaRef:15.00, ThetaActual:5.11, EncoderTheta:95.60, EncoderVelocity:2.59, K:20.00, B:1.00
[2026-09-28 04:39:11,304] DEBUG: No valid transitions from state early_stance
[2026-09-28 04:39:11,304] WARNING: Velocity attribute does not use the linearization map. Please calculate the velocity using the position attribute.
[2026-09-28 04:39:11,310] INFO: T:3.826, State:early_stance, Fz:6.48, ThetaRef:15.00, ThetaActual:5.11, EncoderTheta:95.67, EncoderVelocity:7.98, K:20.00, B:1.00
[2026-09-28 04:39:11,312] DEBUG: No valid transitions from state early_stance
[2026-09-28 04:39:11,313] WARNING: Velocity attribute does not use the linearization map. Please calculate the velocity using the position attribute.
[2026-09-28 04:39:11,318] INFO: T:3.835, State:early_stance, Fz:7.26, ThetaRef:15.00, ThetaActual:5.11, EncoderTheta:95.62, EncoderVelocity:-5.06, K:20.00, B:1.00
[2026-09-28 04:39:11,321] DEBUG: No valid transitions from state early_stance
[2026-09-28 04:39:11,321] WARNING: Velocity attribute does not use the linearization map. Please calculate the velocity using the position attribute.
[2026-09-28 04:39:11,327] INFO: T:3.844, State:early_stance, Fz:6.36, ThetaRef:15.00, ThetaActual:5.11, EncoderTheta:95.58, EncoderVelocity:-5.05, K:20.00, B:1.00
[2026-09-28 04:39:11,329] DEBUG: No valid transitions from state early_stance
[2026-09-28 04:39:11,329] WARNING: Velocity attribute does not use the linearization map. Please calculate the velocity using the position attribute.
[2026-09-28 04:39:11,335] INFO: T:3.852, State:early_stance, Fz:8.13, ThetaRef:15.00, ThetaActual:5.11, EncoderTheta:95.62, EncoderVelocity:5.30, K:20.00, B:1.00
[2026-09-28 04:39:11,338] DEBUG: No valid transitions from state early_stance
[2026-09-28 04:39:11,338] WARNING: Velocity attribute does not use the linearization map. Please calculate the velocity using the position attribute.
[2026-09-28 04:39:11,344] INFO: T:3.860, State:early_stance, Fz:7.03, ThetaRef:15.00, ThetaActual:5.11, EncoderTheta:95.54, EncoderVelocity:-10.53, K:20.00, B:1.00
[2026-09-28 04:39:11,346] DEBUG: No valid transitions from state early_stance
[2026-09-28 04:39:11,346] WARNING: Velocity attribute does not use the linearization map. Please calculate the velocity using the position attribute.
[2026-09-28 04:39:11,352] INFO: T:3.869, State:early_stance, Fz:8.15, ThetaRef:15.00, ThetaActual:5.11, EncoderTheta:95.65, EncoderVelocity:12.94, K:20.00, B:1.00
[2026-09-28 04:39:11,354] DEBUG: No valid transitions from state early_stance
[2026-09-28 04:39:11,355] WARNING: Velocity attribute does not use the linearization map. Please calculate the velocity using the position attribute.
[2026-09-28 04:39:11,360] INFO: T:3.877, State:early_stance, Fz:7.53, ThetaRef:15.00, ThetaActual:5.11, EncoderTheta:95.58, EncoderVelocity:-8.01, K:20.00, B:1.00
[2026-09-28 04:39:11,363] DEBUG: No valid transitions from state early_stance
[2026-09-28 04:39:11,363] WARNING: Velocity attribute does not use the linearization map. Please calculate the velocity using the position attribute.
[2026-09-28 04:39:11,369] INFO: T:3.886, State:early_stance, Fz:7.02, ThetaRef:15.00, ThetaActual:5.11, EncoderTheta:95.65, EncoderVelocity:7.73, K:20.00, B:1.00
[2026-09-28 04:39:11,371] DEBUG: No valid transitions from state early_stance
[2026-09-28 04:39:11,371] WARNING: Velocity attribute does not use the linearization map. Please calculate the velocity using the position attribute.
[2026-09-28 04:39:11,377] INFO: T:3.894, State:early_stance, Fz:6.65, ThetaRef:15.00, ThetaActual:5.11, EncoderTheta:95.60, EncoderVelocity:-5.32, K:20.00, B:1.00
[2026-09-28 04:39:11,380] DEBUG: No valid transitions from state early_stance
[2026-09-28 04:39:11,380] WARNING: Velocity attribute does not use the linearization map. Please calculate the velocity using the position attribute.
[2026-09-28 04:39:11,385] INFO: T:3.902, State:early_stance, Fz:6.39, ThetaRef:15.00, ThetaActual:5.11, EncoderTheta:95.62, EncoderVelocity:2.55, K:20.00, B:1.00
[2026-09-28 04:39:11,388] DEBUG: No valid transitions from state early_stance
[2026-09-28 04:39:11,388] WARNING: Velocity attribute does not use the linearization map. Please calculate the velocity using the position attribute.
[2026-09-28 04:39:11,394] INFO: T:3.911, State:early_stance, Fz:7.14, ThetaRef:15.00, ThetaActual:5.11, EncoderTheta:95.62, EncoderVelocity:0.00, K:20.00, B:1.00
[2026-09-28 04:39:11,397] DEBUG: No valid transitions from state early_stance
[2026-09-28 04:39:11,397] WARNING: Velocity attribute does not use the linearization map. Please calculate the velocity using the position attribute.
[2026-09-28 04:39:11,403] INFO: T:3.919, State:early_stance, Fz:5.24, ThetaRef:15.00, ThetaActual:5.11, EncoderTheta:95.67, EncoderVelocity:5.12, K:20.00, B:1.00
[2026-09-28 04:39:11,405] DEBUG: No valid transitions from state early_stance
[2026-09-28 04:39:11,406] WARNING: Velocity attribute does not use the linearization map. Please calculate the velocity using the position attribute.
[2026-09-28 04:39:11,411] INFO: T:3.928, State:early_stance, Fz:4.84, ThetaRef:15.00, ThetaActual:5.11, EncoderTheta:95.60, EncoderVelocity:-7.61, K:20.00, B:1.00
[2026-09-28 04:39:11,414] DEBUG: No valid transitions from state early_stance
[2026-09-28 04:39:11,414] WARNING: Velocity attribute does not use the linearization map. Please calculate the velocity using the position attribute.
[2026-09-28 04:39:11,419] INFO: T:3.936, State:early_stance, Fz:3.03, ThetaRef:15.00, ThetaActual:5.11, EncoderTheta:95.65, EncoderVelocity:5.30, K:20.00, B:1.00
[2026-09-28 04:39:11,422] DEBUG: No valid transitions from state early_stance
[2026-09-28 04:39:11,422] WARNING: Velocity attribute does not use the linearization map. Please calculate the velocity using the position attribute.
[2026-09-28 04:39:11,428] INFO: T:3.945, State:early_stance, Fz:2.63, ThetaRef:15.00, ThetaActual:5.11, EncoderTheta:95.67, EncoderVelocity:2.63, K:20.00, B:1.00
[2026-09-28 04:39:11,431] DEBUG: No valid transitions from state early_stance
[2026-09-28 04:39:11,431] WARNING: Velocity attribute does not use the linearization map. Please calculate the velocity using the position attribute.
[2026-09-28 04:39:11,436] INFO: T:3.953, State:early_stance, Fz:2.82, ThetaRef:15.00, ThetaActual:5.11, EncoderTheta:95.62, EncoderVelocity:-5.12, K:20.00, B:1.00
[2026-09-28 04:39:11,439] DEBUG: No valid transitions from state early_stance
[2026-09-28 04:39:11,439] WARNING: Velocity attribute does not use the linearization map. Please calculate the velocity using the position attribute.
[2026-09-28 04:39:11,445] INFO: T:3.962, State:early_stance, Fz:1.47, ThetaRef:15.00, ThetaActual:5.11, EncoderTheta:95.62, EncoderVelocity:0.00, K:20.00, B:1.00
[2026-09-28 04:39:11,448] DEBUG: No valid transitions from state early_stance
[2026-09-28 04:39:11,448] WARNING: Velocity attribute does not use the linearization map. Please calculate the velocity using the position attribute.
[2026-09-28 04:39:11,454] INFO: T:3.970, State:early_stance, Fz:1.44, ThetaRef:15.00, ThetaActual:5.11, EncoderTheta:95.60, EncoderVelocity:-2.52, K:20.00, B:1.00
[2026-09-28 04:39:11,457] DEBUG: No valid transitions from state early_stance
[2026-09-28 04:39:11,457] WARNING: Velocity attribute does not use the linearization map. Please calculate the velocity using the position attribute.
[2026-09-28 04:39:11,462] INFO: T:3.979, State:early_stance, Fz:0.91, ThetaRef:15.00, ThetaActual:5.11, EncoderTheta:95.58, EncoderVelocity:-2.52, K:20.00, B:1.00
[2026-09-28 04:39:11,465] DEBUG: No valid transitions from state early_stance
[2026-09-28 04:39:11,465] WARNING: Velocity attribute does not use the linearization map. Please calculate the velocity using the position attribute.
[2026-09-28 04:39:11,471] INFO: T:3.988, State:early_stance, Fz:0.51, ThetaRef:15.00, ThetaActual:5.11, EncoderTheta:95.65, EncoderVelocity:7.71, K:20.00, B:1.00
[2026-09-28 04:39:11,474] DEBUG: No valid transitions from state early_stance
[2026-09-28 04:39:11,474] WARNING: Velocity attribute does not use the linearization map. Please calculate the velocity using the position attribute.
[2026-09-28 04:39:11,479] INFO: T:3.996, State:early_stance, Fz:1.70, ThetaRef:15.00, ThetaActual:5.11, EncoderTheta:95.60, EncoderVelocity:-5.15, K:20.00, B:1.00
[2026-09-28 04:39:11,482] DEBUG: No valid transitions from state early_stance
[2026-09-28 04:39:11,482] WARNING: Velocity attribute does not use the linearization map. Please calculate the velocity using the position attribute.
[2026-09-28 04:39:11,488] INFO: T:4.005, State:early_stance, Fz:-0.37, ThetaRef:15.00, ThetaActual:5.11, EncoderTheta:95.56, EncoderVelocity:-5.31, K:20.00, B:1.00
[2026-09-28 04:39:11,491] DEBUG: No valid transitions from state early_stance
[2026-09-28 04:39:11,491] WARNING: Velocity attribute does not use the linearization map. Please calculate the velocity using the position attribute.
[2026-09-28 04:39:11,496] INFO: T:4.013, State:early_stance, Fz:-0.01, ThetaRef:15.00, ThetaActual:5.11, EncoderTheta:95.65, EncoderVelocity:10.18, K:20.00, B:1.00
[2026-09-28 04:39:11,499] DEBUG: No valid transitions from state early_stance
[2026-09-28 04:39:11,499] WARNING: Velocity attribute does not use the linearization map. Please calculate the velocity using the position attribute.
[2026-09-28 04:39:11,505] INFO: T:4.022, State:early_stance, Fz:-0.70, ThetaRef:15.00, ThetaActual:5.11, EncoderTheta:95.65, EncoderVelocity:0.00, K:20.00, B:1.00
[2026-09-28 04:39:11,507] DEBUG: No valid transitions from state early_stance
[2026-09-28 04:39:11,507] WARNING: Velocity attribute does not use the linearization map. Please calculate the velocity using the position attribute.
[2026-09-28 04:39:11,513] INFO: T:4.030, State:early_stance, Fz:-2.18, ThetaRef:15.00, ThetaActual:5.11, EncoderTheta:95.62, EncoderVelocity:-2.66, K:20.00, B:1.00
[2026-09-28 04:39:11,516] DEBUG: No valid transitions from state early_stance
[2026-09-28 04:39:11,516] WARNING: Velocity attribute does not use the linearization map. Please calculate the velocity using the position attribute.
[2026-09-28 04:39:11,521] INFO: T:4.038, State:early_stance, Fz:-3.30, ThetaRef:15.00, ThetaActual:5.11, EncoderTheta:95.62, EncoderVelocity:0.00, K:20.00, B:1.00
[2026-09-28 04:39:11,524] DEBUG: No valid transitions from state early_stance
[2026-09-28 04:39:11,524] WARNING: Velocity attribute does not use the linearization map. Please calculate the velocity using the position attribute.
[2026-09-28 04:39:11,530] INFO: T:4.047, State:early_stance, Fz:-4.15, ThetaRef:15.00, ThetaActual:5.11, EncoderTheta:95.62, EncoderVelocity:0.00, K:20.00, B:1.00
[2026-09-28 04:39:11,533] DEBUG: No valid transitions from state early_stance
[2026-09-28 04:39:11,533] WARNING: Velocity attribute does not use the linearization map. Please calculate the velocity using the position attribute.
[2026-09-28 04:39:11,538] INFO: T:4.055, State:early_stance, Fz:-3.33, ThetaRef:15.00, ThetaActual:5.11, EncoderTheta:95.62, EncoderVelocity:0.00, K:20.00, B:1.00
[2026-09-28 04:39:11,541] DEBUG: No valid transitions from state early_stance
[2026-09-28 04:39:11,541] WARNING: Velocity attribute does not use the linearization map. Please calculate the velocity using the position attribute.
[2026-09-28 04:39:11,547] INFO: T:4.063, State:early_stance, Fz:-1.69, ThetaRef:15.00, ThetaActual:5.11, EncoderTheta:95.58, EncoderVelocity:-5.31, K:20.00, B:1.00
[2026-09-28 04:39:11,549] DEBUG: No valid transitions from state early_stance
[2026-09-28 04:39:11,549] WARNING: Velocity attribute does not use the linearization map. Please calculate the velocity using the position attribute.
[2026-09-28 04:39:11,555] INFO: T:4.072, State:early_stance, Fz:0.00, ThetaRef:15.00, ThetaActual:5.11, EncoderTheta:95.67, EncoderVelocity:10.50, K:20.00, B:1.00
[2026-09-28 04:39:11,558] DEBUG: No valid transitions from state early_stance
[2026-09-28 04:39:11,558] WARNING: Velocity attribute does not use the linearization map. Please calculate the velocity using the position attribute.
[2026-09-28 04:39:11,563] INFO: T:4.080, State:early_stance, Fz:-1.62, ThetaRef:15.00, ThetaActual:5.11, EncoderTheta:95.60, EncoderVelocity:-7.72, K:20.00, B:1.00
[2026-09-28 04:39:11,566] DEBUG: No valid transitions from state early_stance
[2026-09-28 04:39:11,566] WARNING: Velocity attribute does not use the linearization map. Please calculate the velocity using the position attribute.
[2026-09-28 04:39:11,572] INFO: T:4.089, State:early_stance, Fz:-1.82, ThetaRef:15.00, ThetaActual:5.11, EncoderTheta:95.60, EncoderVelocity:0.00, K:20.00, B:1.00
[2026-09-28 04:39:11,575] DEBUG: No valid transitions from state early_stance
[2026-09-28 04:39:11,575] WARNING: Velocity attribute does not use the linearization map. Please calculate the velocity using the position attribute.
[2026-09-28 04:39:11,581] INFO: T:4.097, State:early_stance, Fz:-2.06, ThetaRef:15.00, ThetaActual:5.11, EncoderTheta:95.62, EncoderVelocity:2.56, K:20.00, B:1.00
[2026-09-28 04:39:11,583] DEBUG: No valid transitions from state early_stance
[2026-09-28 04:39:11,584] WARNING: Velocity attribute does not use the linearization map. Please calculate the velocity using the position attribute.
[2026-09-28 04:39:11,589] INFO: T:4.106, State:early_stance, Fz:-1.73, ThetaRef:15.00, ThetaActual:5.11, EncoderTheta:95.65, EncoderVelocity:2.55, K:20.00, B:1.00
[2026-09-28 04:39:11,592] DEBUG: No valid transitions from state early_stance
[2026-09-28 04:39:11,592] WARNING: Velocity attribute does not use the linearization map. Please calculate the velocity using the position attribute.
[2026-09-28 04:39:11,597] INFO: T:4.114, State:early_stance, Fz:-0.97, ThetaRef:15.00, ThetaActual:5.11, EncoderTheta:95.69, EncoderVelocity:5.20, K:20.00, B:1.00
[2026-09-28 04:39:11,600] DEBUG: No valid transitions from state early_stance
[2026-09-28 04:39:11,600] WARNING: Velocity attribute does not use the linearization map. Please calculate the velocity using the position attribute.
[2026-09-28 04:39:11,606] INFO: T:4.123, State:early_stance, Fz:-2.41, ThetaRef:15.00, ThetaActual:5.11, EncoderTheta:95.62, EncoderVelocity:-7.93, K:20.00, B:1.00
[2026-09-28 04:39:11,608] DEBUG: No valid transitions from state early_stance
[2026-09-28 04:39:11,609] WARNING: Velocity attribute does not use the linearization map. Please calculate the velocity using the position attribute.
[2026-09-28 04:39:11,615] INFO: T:4.131, State:early_stance, Fz:-2.02, ThetaRef:15.00, ThetaActual:5.11, EncoderTheta:95.67, EncoderVelocity:5.32, K:20.00, B:1.00
[2026-09-28 04:39:11,618] DEBUG: No valid transitions from state early_stance
[2026-09-28 04:39:11,618] WARNING: Velocity attribute does not use the linearization map. Please calculate the velocity using the position attribute.
[2026-09-28 04:39:11,623] INFO: T:4.140, State:early_stance, Fz:-0.71, ThetaRef:15.00, ThetaActual:5.11, EncoderTheta:95.65, EncoderVelocity:-2.43, K:20.00, B:1.00
[2026-09-28 04:39:11,626] DEBUG: No valid transitions from state early_stance
[2026-09-28 04:39:11,626] WARNING: Velocity attribute does not use the linearization map. Please calculate the velocity using the position attribute.
[2026-09-28 04:39:11,632] INFO: T:4.148, State:early_stance, Fz:-1.20, ThetaRef:15.00, ThetaActual:5.11, EncoderTheta:95.65, EncoderVelocity:0.00, K:20.00, B:1.00
[2026-09-28 04:39:11,635] DEBUG: No valid transitions from state early_stance
[2026-09-28 04:39:11,635] WARNING: Velocity attribute does not use the linearization map. Please calculate the velocity using the position attribute.
[2026-09-28 04:39:11,640] INFO: T:4.157, State:early_stance, Fz:-0.12, ThetaRef:15.00, ThetaActual:5.11, EncoderTheta:95.60, EncoderVelocity:-5.08, K:20.00, B:1.00
[2026-09-28 04:39:11,643] DEBUG: No valid transitions from state early_stance
[2026-09-28 04:39:11,643] WARNING: Velocity attribute does not use the linearization map. Please calculate the velocity using the position attribute.
[2026-09-28 04:39:11,649] INFO: T:4.165, State:early_stance, Fz:0.23, ThetaRef:15.00, ThetaActual:5.11, EncoderTheta:95.62, EncoderVelocity:2.63, K:20.00, B:1.00
[2026-09-28 04:39:11,652] DEBUG: No valid transitions from state early_stance
[2026-09-28 04:39:11,652] WARNING: Velocity attribute does not use the linearization map. Please calculate the velocity using the position attribute.
[2026-09-28 04:39:11,657] INFO: T:4.174, State:early_stance, Fz:-0.41, ThetaRef:15.00, ThetaActual:5.11, EncoderTheta:95.62, EncoderVelocity:0.00, K:20.00, B:1.00
[2026-09-28 04:39:11,660] DEBUG: No valid transitions from state early_stance
[2026-09-28 04:39:11,660] WARNING: Velocity attribute does not use the linearization map. Please calculate the velocity using the position attribute.
[2026-09-28 04:39:11,666] INFO: T:4.183, State:early_stance, Fz:0.09, ThetaRef:15.00, ThetaActual:5.11, EncoderTheta:95.67, EncoderVelocity:5.10, K:20.00, B:1.00
[2026-09-28 04:39:11,669] DEBUG: No valid transitions from state early_stance
[2026-09-28 04:39:11,669] WARNING: Velocity attribute does not use the linearization map. Please calculate the velocity using the position attribute.
[2026-09-28 04:39:11,674] INFO: T:4.191, State:early_stance, Fz:0.88, ThetaRef:15.00, ThetaActual:5.11, EncoderTheta:95.62, EncoderVelocity:-5.17, K:20.00, B:1.00
[2026-09-28 04:39:11,677] DEBUG: No valid transitions from state early_stance
[2026-09-28 04:39:11,677] WARNING: Velocity attribute does not use the linearization map. Please calculate the velocity using the position attribute.
[2026-09-28 04:39:11,683] INFO: T:4.200, State:early_stance, Fz:0.49, ThetaRef:15.00, ThetaActual:5.11, EncoderTheta:95.67, EncoderVelocity:5.23, K:20.00, B:1.00
[2026-09-28 04:39:11,685] DEBUG: No valid transitions from state early_stance
[2026-09-28 04:39:11,685] WARNING: Velocity attribute does not use the linearization map. Please calculate the velocity using the position attribute.
[2026-09-28 04:39:11,691] INFO: T:4.208, State:early_stance, Fz:1.18, ThetaRef:15.00, ThetaActual:5.11, EncoderTheta:95.65, EncoderVelocity:-2.67, K:20.00, B:1.00
[2026-09-28 04:39:11,694] DEBUG: No valid transitions from state early_stance
[2026-09-28 04:39:11,694] WARNING: Velocity attribute does not use the linearization map. Please calculate the velocity using the position attribute.
[2026-09-28 04:39:11,699] INFO: T:4.216, State:early_stance, Fz:0.75, ThetaRef:15.00, ThetaActual:5.11, EncoderTheta:95.62, EncoderVelocity:-2.65, K:20.00, B:1.00
[2026-09-28 04:39:11,702] DEBUG: No valid transitions from state early_stance
[2026-09-28 04:39:11,702] WARNING: Velocity attribute does not use the linearization map. Please calculate the velocity using the position attribute.
[2026-09-28 04:39:11,708] INFO: T:4.225, State:early_stance, Fz:-0.11, ThetaRef:15.00, ThetaActual:5.11, EncoderTheta:95.62, EncoderVelocity:0.00, K:20.00, B:1.00
[2026-09-28 04:39:11,710] DEBUG: No valid transitions from state early_stance
[2026-09-28 04:39:11,711] WARNING: Velocity attribute does not use the linearization map. Please calculate the velocity using the position attribute.
[2026-09-28 04:39:11,716] INFO: T:4.233, State:early_stance, Fz:-0.76, ThetaRef:15.00, ThetaActual:5.11, EncoderTheta:95.65, EncoderVelocity:2.61, K:20.00, B:1.00
[2026-09-28 04:39:11,719] DEBUG: No valid transitions from state early_stance
[2026-09-28 04:39:11,719] WARNING: Velocity attribute does not use the linearization map. Please calculate the velocity using the position attribute.
[2026-09-28 04:39:11,725] INFO: T:4.242, State:early_stance, Fz:-0.70, ThetaRef:15.00, ThetaActual:5.11, EncoderTheta:95.67, EncoderVelocity:2.53, K:20.00, B:1.00
[2026-09-28 04:39:11,727] DEBUG: No valid transitions from state early_stance
[2026-09-28 04:39:11,728] WARNING: Velocity attribute does not use the linearization map. Please calculate the velocity using the position attribute.
[2026-09-28 04:39:11,733] INFO: T:4.250, State:early_stance, Fz:-1.65, ThetaRef:15.00, ThetaActual:5.11, EncoderTheta:95.60, EncoderVelocity:-7.93, K:20.00, B:1.00
[2026-09-28 04:39:11,736] DEBUG: No valid transitions from state early_stance
[2026-09-28 04:39:11,736] WARNING: Velocity attribute does not use the linearization map. Please calculate the velocity using the position attribute.
[2026-09-28 04:39:11,742] INFO: T:4.258, State:early_stance, Fz:-1.91, ThetaRef:15.00, ThetaActual:5.11, EncoderTheta:95.67, EncoderVelocity:7.98, K:20.00, B:1.00
[2026-09-28 04:39:11,744] DEBUG: No valid transitions from state early_stance
[2026-09-28 04:39:11,744] WARNING: Velocity attribute does not use the linearization map. Please calculate the velocity using the position attribute.
[2026-09-28 04:39:11,750] INFO: T:4.267, State:early_stance, Fz:-2.11, ThetaRef:15.00, ThetaActual:5.11, EncoderTheta:95.69, EncoderVelocity:2.57, K:20.00, B:1.00
[2026-09-28 04:39:11,753] DEBUG: No valid transitions from state early_stance
[2026-09-28 04:39:11,753] WARNING: Velocity attribute does not use the linearization map. Please calculate the velocity using the position attribute.
[2026-09-28 04:39:11,758] INFO: T:4.275, State:early_stance, Fz:-2.74, ThetaRef:15.00, ThetaActual:5.11, EncoderTheta:95.62, EncoderVelocity:-7.99, K:20.00, B:1.00
[2026-09-28 04:39:11,761] DEBUG: No valid transitions from state early_stance
[2026-09-28 04:39:11,761] WARNING: Velocity attribute does not use the linearization map. Please calculate the velocity using the position attribute.
[2026-09-28 04:39:11,767] INFO: T:4.284, State:early_stance, Fz:-1.79, ThetaRef:15.00, ThetaActual:5.11, EncoderTheta:95.62, EncoderVelocity:0.00, K:20.00, B:1.00
[2026-09-28 04:39:11,769] DEBUG: No valid transitions from state early_stance
[2026-09-28 04:39:11,769] WARNING: Velocity attribute does not use the linearization map. Please calculate the velocity using the position attribute.
[2026-09-28 04:39:11,775] INFO: T:4.292, State:early_stance, Fz:-0.56, ThetaRef:15.00, ThetaActual:5.11, EncoderTheta:95.65, EncoderVelocity:2.67, K:20.00, B:1.00
[2026-09-28 04:39:11,778] DEBUG: No valid transitions from state early_stance
[2026-09-28 04:39:11,778] WARNING: Velocity attribute does not use the linearization map. Please calculate the velocity using the position attribute.
[2026-09-28 04:39:11,784] INFO: T:4.300, State:early_stance, Fz:-2.06, ThetaRef:15.00, ThetaActual:5.11, EncoderTheta:95.65, EncoderVelocity:0.00, K:20.00, B:1.00
[2026-09-28 04:39:11,786] DEBUG: No valid transitions from state early_stance
[2026-09-28 04:39:11,786] WARNING: Velocity attribute does not use the linearization map. Please calculate the velocity using the position attribute.
[2026-09-28 04:39:11,792] INFO: T:4.309, State:early_stance, Fz:-1.75, ThetaRef:15.00, ThetaActual:5.11, EncoderTheta:95.62, EncoderVelocity:-2.56, K:20.00, B:1.00
[2026-09-28 04:39:11,795] DEBUG: No valid transitions from state early_stance
[2026-09-28 04:39:11,795] WARNING: Velocity attribute does not use the linearization map. Please calculate the velocity using the position attribute.
[2026-09-28 04:39:11,801] INFO: T:4.317, State:early_stance, Fz:-1.54, ThetaRef:15.00, ThetaActual:5.11, EncoderTheta:95.67, EncoderVelocity:5.07, K:20.00, B:1.00
[2026-09-28 04:39:11,804] DEBUG: No valid transitions from state early_stance
[2026-09-28 04:39:11,804] WARNING: Velocity attribute does not use the linearization map. Please calculate the velocity using the position attribute.
[2026-09-28 04:39:11,810] INFO: T:4.327, State:early_stance, Fz:-2.34, ThetaRef:15.00, ThetaActual:5.11, EncoderTheta:95.67, EncoderVelocity:0.00, K:20.00, B:1.00
[2026-09-28 04:39:11,812] DEBUG: No valid transitions from state early_stance
[2026-09-28 04:39:11,813] WARNING: Velocity attribute does not use the linearization map. Please calculate the velocity using the position attribute.
[2026-09-28 04:39:11,818] INFO: T:4.335, State:early_stance, Fz:-3.44, ThetaRef:15.00, ThetaActual:5.11, EncoderTheta:95.62, EncoderVelocity:-5.26, K:20.00, B:1.00
[2026-09-28 04:39:11,821] DEBUG: No valid transitions from state early_stance
[2026-09-28 04:39:11,821] WARNING: Velocity attribute does not use the linearization map. Please calculate the velocity using the position attribute.
[2026-09-28 04:39:11,827] INFO: T:4.344, State:early_stance, Fz:-2.80, ThetaRef:15.00, ThetaActual:5.11, EncoderTheta:95.67, EncoderVelocity:5.10, K:20.00, B:1.00
[2026-09-28 04:39:11,829] DEBUG: No valid transitions from state early_stance
[2026-09-28 04:39:11,829] WARNING: Velocity attribute does not use the linearization map. Please calculate the velocity using the position attribute.
[2026-09-28 04:39:11,835] INFO: T:4.352, State:early_stance, Fz:-2.82, ThetaRef:15.00, ThetaActual:5.11, EncoderTheta:95.65, EncoderVelocity:-2.65, K:20.00, B:1.00
[2026-09-28 04:39:11,838] DEBUG: No valid transitions from state early_stance
[2026-09-28 04:39:11,838] WARNING: Velocity attribute does not use the linearization map. Please calculate the velocity using the position attribute.
[2026-09-28 04:39:11,844] INFO: T:4.361, State:early_stance, Fz:-2.88, ThetaRef:15.00, ThetaActual:5.11, EncoderTheta:95.67, EncoderVelocity:2.47, K:20.00, B:1.00
[2026-09-28 04:39:11,847] DEBUG: No valid transitions from state early_stance
[2026-09-28 04:39:11,847] WARNING: Velocity attribute does not use the linearization map. Please calculate the velocity using the position attribute.
[2026-09-28 04:39:11,853] INFO: T:4.369, State:early_stance, Fz:-0.52, ThetaRef:15.00, ThetaActual:5.10, EncoderTheta:95.80, EncoderVelocity:15.60, K:20.00, B:1.00
[2026-09-28 04:39:11,855] DEBUG: No valid transitions from state early_stance
[2026-09-28 04:39:11,855] WARNING: Velocity attribute does not use the linearization map. Please calculate the velocity using the position attribute.
[2026-09-28 04:39:11,861] INFO: T:4.378, State:early_stance, Fz:6.23, ThetaRef:15.00, ThetaActual:5.10, EncoderTheta:95.78, EncoderVelocity:-2.58, K:20.00, B:1.00
[2026-09-28 04:39:11,864] DEBUG: No valid transitions from state early_stance
[2026-09-28 04:39:11,864] WARNING: Velocity attribute does not use the linearization map. Please calculate the velocity using the position attribute.
[2026-09-28 04:39:11,870] INFO: T:4.386, State:early_stance, Fz:14.41, ThetaRef:15.00, ThetaActual:5.10, EncoderTheta:95.71, EncoderVelocity:-7.74, K:20.00, B:1.00
[2026-09-28 04:39:11,872] DEBUG: No valid transitions from state early_stance
[2026-09-28 04:39:11,872] WARNING: Velocity attribute does not use the linearization map. Please calculate the velocity using the position attribute.
[2026-09-28 04:39:11,878] INFO: T:4.395, State:early_stance, Fz:24.69, ThetaRef:15.00, ThetaActual:5.10, EncoderTheta:95.62, EncoderVelocity:-10.33, K:20.00, B:1.00
[2026-09-28 04:39:11,880] DEBUG: No valid transitions from state early_stance
[2026-09-28 04:39:11,881] WARNING: Velocity attribute does not use the linearization map. Please calculate the velocity using the position attribute.
[2026-09-28 04:39:11,886] INFO: T:4.403, State:early_stance, Fz:38.52, ThetaRef:15.00, ThetaActual:5.10, EncoderTheta:95.62, EncoderVelocity:0.00, K:20.00, B:1.00
[2026-09-28 04:39:11,889] DEBUG: No valid transitions from state early_stance
[2026-09-28 04:39:11,889] WARNING: Velocity attribute does not use the linearization map. Please calculate the velocity using the position attribute.
[2026-09-28 04:39:11,895] INFO: T:4.412, State:early_stance, Fz:50.08, ThetaRef:15.00, ThetaActual:5.11, EncoderTheta:95.60, EncoderVelocity:-2.58, K:20.00, B:1.00
[2026-09-28 04:39:11,897] DEBUG: No valid transitions from state early_stance
[2026-09-28 04:39:11,897] WARNING: Velocity attribute does not use the linearization map. Please calculate the velocity using the position attribute.
[2026-09-28 04:39:11,903] INFO: T:4.420, State:early_stance, Fz:60.28, ThetaRef:15.00, ThetaActual:5.11, EncoderTheta:95.58, EncoderVelocity:-2.63, K:20.00, B:1.00
[2026-09-28 04:39:11,906] DEBUG: No valid transitions from state early_stance
[2026-09-28 04:39:11,906] WARNING: Velocity attribute does not use the linearization map. Please calculate the velocity using the position attribute.
[2026-09-28 04:39:11,911] INFO: T:4.428, State:early_stance, Fz:64.53, ThetaRef:15.00, ThetaActual:5.11, EncoderTheta:95.60, EncoderVelocity:2.65, K:20.00, B:1.00
[2026-09-28 04:39:11,914] DEBUG: No valid transitions from state early_stance
[2026-09-28 04:39:11,914] WARNING: Velocity attribute does not use the linearization map. Please calculate the velocity using the position attribute.
[2026-09-28 04:39:11,920] INFO: T:4.437, State:early_stance, Fz:67.22, ThetaRef:15.00, ThetaActual:5.11, EncoderTheta:95.71, EncoderVelocity:13.09, K:20.00, B:1.00
[2026-09-28 04:39:11,923] DEBUG: No valid transitions from state early_stance
[2026-09-28 04:39:11,923] WARNING: Velocity attribute does not use the linearization map. Please calculate the velocity using the position attribute.
[2026-09-28 04:39:11,928] INFO: T:4.445, State:early_stance, Fz:68.82, ThetaRef:15.00, ThetaActual:5.11, EncoderTheta:95.62, EncoderVelocity:-10.30, K:20.00, B:1.00
[2026-09-28 04:39:11,931] DEBUG: No valid transitions from state early_stance
[2026-09-28 04:39:11,931] WARNING: Velocity attribute does not use the linearization map. Please calculate the velocity using the position attribute.
[2026-09-28 04:39:11,937] INFO: T:4.453, State:early_stance, Fz:73.00, ThetaRef:15.00, ThetaActual:5.11, EncoderTheta:95.62, EncoderVelocity:0.00, K:20.00, B:1.00
[2026-09-28 04:39:11,939] DEBUG: No valid transitions from state early_stance
[2026-09-28 04:39:11,939] WARNING: Velocity attribute does not use the linearization map. Please calculate the velocity using the position attribute.
[2026-09-28 04:39:11,945] INFO: T:4.462, State:early_stance, Fz:79.14, ThetaRef:15.00, ThetaActual:5.11, EncoderTheta:95.62, EncoderVelocity:0.00, K:20.00, B:1.00
[2026-09-28 04:39:11,948] DEBUG: No valid transitions from state early_stance
[2026-09-28 04:39:11,948] WARNING: Velocity attribute does not use the linearization map. Please calculate the velocity using the position attribute.
[2026-09-28 04:39:11,954] INFO: T:4.470, State:early_stance, Fz:83.89, ThetaRef:15.00, ThetaActual:5.11, EncoderTheta:95.62, EncoderVelocity:0.00, K:20.00, B:1.00
[2026-09-28 04:39:11,956] DEBUG: No valid transitions from state early_stance
[2026-09-28 04:39:11,957] WARNING: Velocity attribute does not use the linearization map. Please calculate the velocity using the position attribute.
[2026-09-28 04:39:11,962] INFO: T:4.479, State:early_stance, Fz:88.02, ThetaRef:15.00, ThetaActual:5.11, EncoderTheta:95.60, EncoderVelocity:-2.56, K:20.00, B:1.00
[2026-09-28 04:39:11,965] DEBUG: No valid transitions from state early_stance
[2026-09-28 04:39:11,965] WARNING: Velocity attribute does not use the linearization map. Please calculate the velocity using the position attribute.
[2026-09-28 04:39:11,971] INFO: T:4.488, State:early_stance, Fz:92.63, ThetaRef:15.00, ThetaActual:5.11, EncoderTheta:95.67, EncoderVelocity:7.58, K:20.00, B:1.00
[2026-09-28 04:39:11,974] DEBUG: No valid transitions from state early_stance
[2026-09-28 04:39:11,974] WARNING: Velocity attribute does not use the linearization map. Please calculate the velocity using the position attribute.
[2026-09-28 04:39:11,979] INFO: T:4.496, State:early_stance, Fz:95.66, ThetaRef:15.00, ThetaActual:5.11, EncoderTheta:95.65, EncoderVelocity:-2.56, K:20.00, B:1.00
[2026-09-28 04:39:11,982] DEBUG: No valid transitions from state early_stance
[2026-09-28 04:39:11,982] WARNING: Velocity attribute does not use the linearization map. Please calculate the velocity using the position attribute.
[2026-09-28 04:39:11,988] INFO: T:4.505, State:early_stance, Fz:99.86, ThetaRef:15.00, ThetaActual:5.11, EncoderTheta:95.60, EncoderVelocity:-5.12, K:20.00, B:1.00
[2026-09-28 04:39:11,991] DEBUG: No valid transitions from state early_stance
[2026-09-28 04:39:11,991] WARNING: Velocity attribute does not use the linearization map. Please calculate the velocity using the position attribute.
[2026-09-28 04:39:11,997] INFO: T:4.513, State:early_stance, Fz:104.11, ThetaRef:15.00, ThetaActual:5.11, EncoderTheta:95.62, EncoderVelocity:2.60, K:20.00, B:1.00
[2026-09-28 04:39:11,999] DEBUG: No valid transitions from state early_stance
[2026-09-28 04:39:12,000] WARNING: Velocity attribute does not use the linearization map. Please calculate the velocity using the position attribute.
[2026-09-28 04:39:12,005] INFO: T:4.522, State:early_stance, Fz:107.90, ThetaRef:15.00, ThetaActual:5.11, EncoderTheta:95.65, EncoderVelocity:2.53, K:20.00, B:1.00
[2026-09-28 04:39:12,008] DEBUG: No valid transitions from state early_stance
[2026-09-28 04:39:12,008] WARNING: Velocity attribute does not use the linearization map. Please calculate the velocity using the position attribute.
[2026-09-28 04:39:12,014] INFO: T:4.531, State:early_stance, Fz:112.28, ThetaRef:15.00, ThetaActual:5.11, EncoderTheta:95.56, EncoderVelocity:-10.20, K:20.00, B:1.00
[2026-09-28 04:39:12,016] DEBUG: No valid transitions from state early_stance
[2026-09-28 04:39:12,017] WARNING: Velocity attribute does not use the linearization map. Please calculate the velocity using the position attribute.
[2026-09-28 04:39:12,022] INFO: T:4.539, State:early_stance, Fz:118.56, ThetaRef:15.00, ThetaActual:5.11, EncoderTheta:95.60, EncoderVelocity:5.23, K:20.00, B:1.00
[2026-09-28 04:39:12,025] DEBUG: No valid transitions from state early_stance
[2026-09-28 04:39:12,025] WARNING: Velocity attribute does not use the linearization map. Please calculate the velocity using the position attribute.
[2026-09-28 04:39:12,031] INFO: T:4.547, State:early_stance, Fz:124.32, ThetaRef:15.00, ThetaActual:5.11, EncoderTheta:95.60, EncoderVelocity:0.00, K:20.00, B:1.00
[2026-09-28 04:39:12,033] DEBUG: No valid transitions from state early_stance
[2026-09-28 04:39:12,033] WARNING: Velocity attribute does not use the linearization map. Please calculate the velocity using the position attribute.
[2026-09-28 04:39:12,039] INFO: T:4.556, State:early_stance, Fz:126.25, ThetaRef:15.00, ThetaActual:5.11, EncoderTheta:95.65, EncoderVelocity:5.14, K:20.00, B:1.00
[2026-09-28 04:39:12,042] DEBUG: No valid transitions from state early_stance
[2026-09-28 04:39:12,042] WARNING: Velocity attribute does not use the linearization map. Please calculate the velocity using the position attribute.
[2026-09-28 04:39:12,048] INFO: T:4.564, State:early_stance, Fz:130.67, ThetaRef:15.00, ThetaActual:5.11, EncoderTheta:95.60, EncoderVelocity:-5.29, K:20.00, B:1.00
[2026-09-28 04:39:12,050] DEBUG: No valid transitions from state early_stance
[2026-09-28 04:39:12,050] WARNING: Velocity attribute does not use the linearization map. Please calculate the velocity using the position attribute.
[2026-09-28 04:39:12,056] INFO: T:4.573, State:early_stance, Fz:134.09, ThetaRef:15.00, ThetaActual:5.11, EncoderTheta:95.62, EncoderVelocity:2.57, K:20.00, B:1.00
[2026-09-28 04:39:12,059] DEBUG: No valid transitions from state early_stance
[2026-09-28 04:39:12,059] WARNING: Velocity attribute does not use the linearization map. Please calculate the velocity using the position attribute.
[2026-09-28 04:39:12,064] INFO: T:4.581, State:early_stance, Fz:136.69, ThetaRef:15.00, ThetaActual:5.11, EncoderTheta:95.67, EncoderVelocity:5.32, K:20.00, B:1.00
[2026-09-28 04:39:12,067] DEBUG: No valid transitions from state early_stance
[2026-09-28 04:39:12,067] WARNING: Velocity attribute does not use the linearization map. Please calculate the velocity using the position attribute.
[2026-09-28 04:39:12,073] INFO: T:4.589, State:early_stance, Fz:139.15, ThetaRef:15.00, ThetaActual:5.11, EncoderTheta:95.56, EncoderVelocity:-13.09, K:20.00, B:1.00
[2026-09-28 04:39:12,075] DEBUG: No valid transitions from state early_stance
[2026-09-28 04:39:12,076] WARNING: Velocity attribute does not use the linearization map. Please calculate the velocity using the position attribute.
[2026-09-28 04:39:12,081] INFO: T:4.598, State:early_stance, Fz:141.51, ThetaRef:15.00, ThetaActual:5.11, EncoderTheta:95.62, EncoderVelocity:7.72, K:20.00, B:1.00
[2026-09-28 04:39:12,084] DEBUG: No valid transitions from state early_stance
[2026-09-28 04:39:12,084] WARNING: Velocity attribute does not use the linearization map. Please calculate the velocity using the position attribute.
[2026-09-28 04:39:12,089] INFO: T:4.606, State:early_stance, Fz:142.82, ThetaRef:15.00, ThetaActual:5.11, EncoderTheta:95.67, EncoderVelocity:5.28, K:20.00, B:1.00
[2026-09-28 04:39:12,092] DEBUG: No valid transitions from state early_stance
[2026-09-28 04:39:12,092] WARNING: Velocity attribute does not use the linearization map. Please calculate the velocity using the position attribute.
[2026-09-28 04:39:12,098] INFO: T:4.615, State:early_stance, Fz:145.77, ThetaRef:15.00, ThetaActual:5.11, EncoderTheta:95.65, EncoderVelocity:-2.66, K:20.00, B:1.00
[2026-09-28 04:39:12,101] DEBUG: No valid transitions from state early_stance
[2026-09-28 04:39:12,101] WARNING: Velocity attribute does not use the linearization map. Please calculate the velocity using the position attribute.
[2026-09-28 04:39:12,107] INFO: T:4.623, State:early_stance, Fz:149.47, ThetaRef:15.00, ThetaActual:5.11, EncoderTheta:95.65, EncoderVelocity:0.00, K:20.00, B:1.00
[2026-09-28 04:39:12,109] DEBUG: No valid transitions from state early_stance
[2026-09-28 04:39:12,109] WARNING: Velocity attribute does not use the linearization map. Please calculate the velocity using the position attribute.
[2026-09-28 04:39:12,115] INFO: T:4.632, State:early_stance, Fz:154.77, ThetaRef:15.00, ThetaActual:5.11, EncoderTheta:95.62, EncoderVelocity:-2.56, K:20.00, B:1.00
[2026-09-28 04:39:12,118] DEBUG: No valid transitions from state early_stance
[2026-09-28 04:39:12,118] WARNING: Velocity attribute does not use the linearization map. Please calculate the velocity using the position attribute.
[2026-09-28 04:39:12,124] INFO: T:4.640, State:early_stance, Fz:159.82, ThetaRef:15.00, ThetaActual:5.11, EncoderTheta:95.67, EncoderVelocity:5.13, K:20.00, B:1.00
[2026-09-28 04:39:12,126] DEBUG: No valid transitions from state early_stance
[2026-09-28 04:39:12,127] WARNING: Velocity attribute does not use the linearization map. Please calculate the velocity using the position attribute.
[2026-09-28 04:39:12,132] INFO: T:4.649, State:early_stance, Fz:166.15, ThetaRef:15.00, ThetaActual:5.11, EncoderTheta:95.71, EncoderVelocity:5.14, K:20.00, B:1.00
[2026-09-28 04:39:12,135] DEBUG: No valid transitions from state early_stance
[2026-09-28 04:39:12,135] WARNING: Velocity attribute does not use the linearization map. Please calculate the velocity using the position attribute.
[2026-09-28 04:39:12,140] INFO: T:4.657, State:early_stance, Fz:175.41, ThetaRef:15.00, ThetaActual:5.11, EncoderTheta:95.78, EncoderVelocity:7.99, K:20.00, B:1.00
[2026-09-28 04:39:12,143] DEBUG: No valid transitions from state early_stance
[2026-09-28 04:39:12,143] WARNING: Velocity attribute does not use the linearization map. Please calculate the velocity using the position attribute.
[2026-09-28 04:39:12,149] INFO: T:4.666, State:early_stance, Fz:187.44, ThetaRef:15.00, ThetaActual:5.10, EncoderTheta:96.00, EncoderVelocity:26.49, K:20.00, B:1.00
[2026-09-28 04:39:12,152] DEBUG: No valid transitions from state early_stance
[2026-09-28 04:39:12,152] WARNING: Velocity attribute does not use the linearization map. Please calculate the velocity using the position attribute.
[2026-09-28 04:39:12,158] INFO: T:4.675, State:early_stance, Fz:201.50, ThetaRef:15.00, ThetaActual:5.10, EncoderTheta:96.35, EncoderVelocity:39.16, K:20.00, B:1.00
[2026-09-28 04:39:12,161] DEBUG: No valid transitions from state early_stance
[2026-09-28 04:39:12,161] WARNING: Velocity attribute does not use the linearization map. Please calculate the velocity using the position attribute.
[2026-09-28 04:39:12,167] INFO: T:4.683, State:early_stance, Fz:209.00, ThetaRef:15.00, ThetaActual:5.09, EncoderTheta:96.64, EncoderVelocity:32.80, K:20.00, B:1.00
[2026-09-28 04:39:12,169] DEBUG: No valid transitions from state early_stance
[2026-09-28 04:39:12,169] WARNING: Velocity attribute does not use the linearization map. Please calculate the velocity using the position attribute.
[2026-09-28 04:39:12,175] INFO: T:4.692, State:early_stance, Fz:212.15, ThetaRef:15.00, ThetaActual:5.00, EncoderTheta:96.90, EncoderVelocity:30.75, K:20.00, B:1.00
[2026-09-28 04:39:12,178] DEBUG: No valid transitions from state early_stance
[2026-09-28 04:39:12,178] WARNING: Velocity attribute does not use the linearization map. Please calculate the velocity using the position attribute.
[2026-09-28 04:39:12,183] INFO: T:4.700, State:early_stance, Fz:222.05, ThetaRef:15.00, ThetaActual:4.77, EncoderTheta:97.05, EncoderVelocity:18.62, K:20.00, B:1.00
[2026-09-28 04:39:12,186] DEBUG: No valid transitions from state early_stance
[2026-09-28 04:39:12,186] WARNING: Velocity attribute does not use the linearization map. Please calculate the velocity using the position attribute.
[2026-09-28 04:39:12,192] INFO: T:4.709, State:early_stance, Fz:240.13, ThetaRef:15.00, ThetaActual:4.60, EncoderTheta:97.34, EncoderVelocity:33.17, K:20.00, B:1.00
[2026-09-28 04:39:12,195] DEBUG: No valid transitions from state early_stance
[2026-09-28 04:39:12,195] WARNING: Velocity attribute does not use the linearization map. Please calculate the velocity using the position attribute.
[2026-09-28 04:39:12,200] INFO: T:4.717, State:early_stance, Fz:260.85, ThetaRef:15.00, ThetaActual:4.19, EncoderTheta:97.67, EncoderVelocity:39.24, K:20.00, B:1.00
[2026-09-28 04:39:12,203] DEBUG: No valid transitions from state early_stance
[2026-09-28 04:39:12,203] WARNING: Velocity attribute does not use the linearization map. Please calculate the velocity using the position attribute.
[2026-09-28 04:39:12,209] INFO: T:4.726, State:early_stance, Fz:283.06, ThetaRef:15.00, ThetaActual:3.75, EncoderTheta:98.00, EncoderVelocity:38.41, K:20.00, B:1.00
[2026-09-28 04:39:12,211] DEBUG: No valid transitions from state early_stance
[2026-09-28 04:39:12,212] WARNING: Velocity attribute does not use the linearization map. Please calculate the velocity using the position attribute.
[2026-09-28 04:39:12,217] INFO: T:4.734, State:early_stance, Fz:300.45, ThetaRef:15.00, ThetaActual:3.30, EncoderTheta:98.37, EncoderVelocity:44.77, K:20.00, B:1.00
[2026-09-28 04:39:12,220] DEBUG: No valid transitions from state early_stance
[2026-09-28 04:39:12,220] WARNING: Velocity attribute does not use the linearization map. Please calculate the velocity using the position attribute.
[2026-09-28 04:39:12,226] INFO: T:4.743, State:early_stance, Fz:309.24, ThetaRef:15.00, ThetaActual:3.07, EncoderTheta:98.85, EncoderVelocity:56.34, K:20.00, B:1.00
[2026-09-28 04:39:12,228] DEBUG: No valid transitions from state early_stance
[2026-09-28 04:39:12,229] WARNING: Velocity attribute does not use the linearization map. Please calculate the velocity using the position attribute.
[2026-09-28 04:39:12,234] INFO: T:4.751, State:early_stance, Fz:314.87, ThetaRef:15.00, ThetaActual:2.61, EncoderTheta:99.29, EncoderVelocity:52.83, K:20.00, B:1.00
[2026-09-28 04:39:12,237] DEBUG: No valid transitions from state early_stance
[2026-09-28 04:39:12,237] WARNING: Velocity attribute does not use the linearization map. Please calculate the velocity using the position attribute.
[2026-09-28 04:39:12,243] INFO: T:4.759, State:early_stance, Fz:319.54, ThetaRef:15.00, ThetaActual:2.10, EncoderTheta:99.82, EncoderVelocity:62.17, K:20.00, B:1.00
[2026-09-28 04:39:12,245] DEBUG: No valid transitions from state early_stance
[2026-09-28 04:39:12,245] WARNING: Velocity attribute does not use the linearization map. Please calculate the velocity using the position attribute.
[2026-09-28 04:39:12,251] INFO: T:4.768, State:early_stance, Fz:320.56, ThetaRef:15.00, ThetaActual:1.82, EncoderTheta:100.15, EncoderVelocity:38.79, K:20.00, B:1.00
[2026-09-28 04:39:12,254] DEBUG: No valid transitions from state early_stance
[2026-09-28 04:39:12,254] WARNING: Velocity attribute does not use the linearization map. Please calculate the velocity using the position attribute.
[2026-09-28 04:39:12,259] INFO: T:4.776, State:early_stance, Fz:268.13, ThetaRef:15.00, ThetaActual:1.28, EncoderTheta:100.17, EncoderVelocity:2.63, K:20.00, B:1.00
[2026-09-28 04:39:12,262] DEBUG: No valid transitions from state early_stance
[2026-09-28 04:39:12,262] WARNING: Velocity attribute does not use the linearization map. Please calculate the velocity using the position attribute.
[2026-09-28 04:39:12,268] INFO: T:4.785, State:early_stance, Fz:226.63, ThetaRef:15.00, ThetaActual:0.69, EncoderTheta:100.11, EncoderVelocity:-7.96, K:20.00, B:1.00
[2026-09-28 04:39:12,270] DEBUG: No valid transitions from state early_stance
[2026-09-28 04:39:12,270] WARNING: Velocity attribute does not use the linearization map. Please calculate the velocity using the position attribute.
[2026-09-28 04:39:12,276] INFO: T:4.793, State:early_stance, Fz:233.05, ThetaRef:15.00, ThetaActual:0.43, EncoderTheta:100.15, EncoderVelocity:5.30, K:20.00, B:1.00
[2026-09-28 04:39:12,279] DEBUG: No valid transitions from state early_stance
[2026-09-28 04:39:12,279] WARNING: Velocity attribute does not use the linearization map. Please calculate the velocity using the position attribute.
[2026-09-28 04:39:12,284] INFO: T:4.801, State:early_stance, Fz:260.00, ThetaRef:15.00, ThetaActual:0.13, EncoderTheta:100.15, EncoderVelocity:0.00, K:20.00, B:1.00
[2026-09-28 04:39:12,287] DEBUG: No valid transitions from state early_stance
[2026-09-28 04:39:12,287] WARNING: Velocity attribute does not use the linearization map. Please calculate the velocity using the position attribute.
[2026-09-28 04:39:12,293] INFO: T:4.810, State:early_stance, Fz:282.52, ThetaRef:15.00, ThetaActual:0.26, EncoderTheta:100.13, EncoderVelocity:-2.63, K:20.00, B:1.00
[2026-09-28 04:39:12,296] DEBUG: No valid transitions from state early_stance
[2026-09-28 04:39:12,296] WARNING: Velocity attribute does not use the linearization map. Please calculate the velocity using the position attribute.
[2026-09-28 04:39:12,301] INFO: T:4.818, State:early_stance, Fz:292.54, ThetaRef:15.00, ThetaActual:0.41, EncoderTheta:100.13, EncoderVelocity:0.00, K:20.00, B:1.00
[2026-09-28 04:39:12,304] DEBUG: No valid transitions from state early_stance
[2026-09-28 04:39:12,304] WARNING: Velocity attribute does not use the linearization map. Please calculate the velocity using the position attribute.
[2026-09-28 04:39:12,310] INFO: T:4.826, State:early_stance, Fz:284.10, ThetaRef:15.00, ThetaActual:0.76, EncoderTheta:100.15, EncoderVelocity:2.64, K:20.00, B:1.00
[2026-09-28 04:39:12,312] DEBUG: No valid transitions from state early_stance
[2026-09-28 04:39:12,312] WARNING: Velocity attribute does not use the linearization map. Please calculate the velocity using the position attribute.
[2026-09-28 04:39:12,318] INFO: T:4.835, State:early_stance, Fz:272.17, ThetaRef:15.00, ThetaActual:1.08, EncoderTheta:100.11, EncoderVelocity:-5.25, K:20.00, B:1.00
[2026-09-28 04:39:12,321] DEBUG: No valid transitions from state early_stance
[2026-09-28 04:39:12,321] WARNING: Velocity attribute does not use the linearization map. Please calculate the velocity using the position attribute.
[2026-09-28 04:39:12,327] INFO: T:4.843, State:early_stance, Fz:274.51, ThetaRef:15.00, ThetaActual:1.21, EncoderTheta:100.11, EncoderVelocity:0.00, K:20.00, B:1.00
[2026-09-28 04:39:12,329] DEBUG: No valid transitions from state early_stance
[2026-09-28 04:39:12,329] WARNING: Velocity attribute does not use the linearization map. Please calculate the velocity using the position attribute.
[2026-09-28 04:39:12,335] INFO: T:4.852, State:early_stance, Fz:289.71, ThetaRef:15.00, ThetaActual:1.40, EncoderTheta:100.13, EncoderVelocity:2.59, K:20.00, B:1.00
[2026-09-28 04:39:12,338] DEBUG: No valid transitions from state early_stance
[2026-09-28 04:39:12,338] WARNING: Velocity attribute does not use the linearization map. Please calculate the velocity using the position attribute.
[2026-09-28 04:39:12,343] INFO: T:4.860, State:early_stance, Fz:303.82, ThetaRef:15.00, ThetaActual:1.42, EncoderTheta:100.13, EncoderVelocity:0.00, K:20.00, B:1.00
[2026-09-28 04:39:12,346] DEBUG: No valid transitions from state early_stance
[2026-09-28 04:39:12,346] WARNING: Velocity attribute does not use the linearization map. Please calculate the velocity using the position attribute.
[2026-09-28 04:39:12,352] INFO: T:4.869, State:early_stance, Fz:312.05, ThetaRef:15.00, ThetaActual:1.39, EncoderTheta:100.13, EncoderVelocity:0.00, K:20.00, B:1.00
[2026-09-28 04:39:12,354] DEBUG: No valid transitions from state early_stance
[2026-09-28 04:39:12,355] WARNING: Velocity attribute does not use the linearization map. Please calculate the velocity using the position attribute.
[2026-09-28 04:39:12,360] INFO: T:4.877, State:early_stance, Fz:314.76, ThetaRef:15.00, ThetaActual:1.30, EncoderTheta:100.13, EncoderVelocity:0.00, K:20.00, B:1.00
[2026-09-28 04:39:12,363] DEBUG: No valid transitions from state early_stance
[2026-09-28 04:39:12,363] WARNING: Velocity attribute does not use the linearization map. Please calculate the velocity using the position attribute.
[2026-09-28 04:39:12,369] INFO: T:4.885, State:early_stance, Fz:314.23, ThetaRef:15.00, ThetaActual:1.20, EncoderTheta:100.15, EncoderVelocity:2.59, K:20.00, B:1.00
[2026-09-28 04:39:12,371] DEBUG: No valid transitions from state early_stance
[2026-09-28 04:39:12,371] WARNING: Velocity attribute does not use the linearization map. Please calculate the velocity using the position attribute.
[2026-09-28 04:39:12,377] INFO: T:4.894, State:early_stance, Fz:316.30, ThetaRef:15.00, ThetaActual:1.16, EncoderTheta:100.20, EncoderVelocity:5.33, K:20.00, B:1.00
[2026-09-28 04:39:12,380] DEBUG: No valid transitions from state early_stance
[2026-09-28 04:39:12,380] WARNING: Velocity attribute does not use the linearization map. Please calculate the velocity using the position attribute.
[2026-09-28 04:39:12,385] INFO: T:4.902, State:early_stance, Fz:321.38, ThetaRef:15.00, ThetaActual:1.10, EncoderTheta:100.13, EncoderVelocity:-7.79, K:20.00, B:1.00
[2026-09-28 04:39:12,388] DEBUG: No valid transitions from state early_stance
[2026-09-28 04:39:12,388] WARNING: Velocity attribute does not use the linearization map. Please calculate the velocity using the position attribute.
[2026-09-28 04:39:12,394] INFO: T:4.910, State:early_stance, Fz:329.22, ThetaRef:15.00, ThetaActual:1.06, EncoderTheta:100.17, EncoderVelocity:5.30, K:20.00, B:1.00
[2026-09-28 04:39:12,397] DEBUG: No valid transitions from state early_stance
[2026-09-28 04:39:12,397] WARNING: Velocity attribute does not use the linearization map. Please calculate the velocity using the position attribute.
[2026-09-28 04:39:12,402] INFO: T:4.919, State:early_stance, Fz:333.79, ThetaRef:15.00, ThetaActual:1.04, EncoderTheta:100.15, EncoderVelocity:-2.57, K:20.00, B:1.00
[2026-09-28 04:39:12,405] DEBUG: No valid transitions from state early_stance
[2026-09-28 04:39:12,405] WARNING: Velocity attribute does not use the linearization map. Please calculate the velocity using the position attribute.
[2026-09-28 04:39:12,411] INFO: T:4.928, State:early_stance, Fz:339.30, ThetaRef:15.00, ThetaActual:1.04, EncoderTheta:100.17, EncoderVelocity:2.53, K:20.00, B:1.00
[2026-09-28 04:39:12,413] DEBUG: No valid transitions from state early_stance
[2026-09-28 04:39:12,414] WARNING: Velocity attribute does not use the linearization map. Please calculate the velocity using the position attribute.
[2026-09-28 04:39:12,419] INFO: T:4.936, State:early_stance, Fz:346.45, ThetaRef:15.00, ThetaActual:1.04, EncoderTheta:100.17, EncoderVelocity:0.00, K:20.00, B:1.00
[2026-09-28 04:39:12,422] DEBUG: No valid transitions from state early_stance
[2026-09-28 04:39:12,422] WARNING: Velocity attribute does not use the linearization map. Please calculate the velocity using the position attribute.
[2026-09-28 04:39:12,428] INFO: T:4.945, State:early_stance, Fz:355.37, ThetaRef:15.00, ThetaActual:1.04, EncoderTheta:100.13, EncoderVelocity:-5.18, K:20.00, B:1.00
[2026-09-28 04:39:12,430] DEBUG: No valid transitions from state early_stance
[2026-09-28 04:39:12,431] WARNING: Velocity attribute does not use the linearization map. Please calculate the velocity using the position attribute.
[2026-09-28 04:39:12,436] INFO: T:4.953, State:early_stance, Fz:363.14, ThetaRef:15.00, ThetaActual:1.04, EncoderTheta:100.20, EncoderVelocity:7.78, K:20.00, B:1.00
[2026-09-28 04:39:12,439] DEBUG: No valid transitions from state early_stance
[2026-09-28 04:39:12,439] WARNING: Velocity attribute does not use the linearization map. Please calculate the velocity using the position attribute.
[2026-09-28 04:39:12,445] INFO: T:4.961, State:early_stance, Fz:370.56, ThetaRef:15.00, ThetaActual:1.04, EncoderTheta:100.15, EncoderVelocity:-5.16, K:20.00, B:1.00
[2026-09-28 04:39:12,447] DEBUG: No valid transitions from state early_stance
[2026-09-28 04:39:12,448] WARNING: Velocity attribute does not use the linearization map. Please calculate the velocity using the position attribute.
[2026-09-28 04:39:12,453] INFO: T:4.970, State:early_stance, Fz:375.73, ThetaRef:15.00, ThetaActual:1.04, EncoderTheta:100.13, EncoderVelocity:-2.58, K:20.00, B:1.00
[2026-09-28 04:39:12,456] DEBUG: No valid transitions from state early_stance
[2026-09-28 04:39:12,456] WARNING: Velocity attribute does not use the linearization map. Please calculate the velocity using the position attribute.
[2026-09-28 04:39:12,461] INFO: T:4.978, State:early_stance, Fz:383.15, ThetaRef:15.00, ThetaActual:1.04, EncoderTheta:100.13, EncoderVelocity:0.00, K:20.00, B:1.00
[2026-09-28 04:39:12,464] DEBUG: No valid transitions from state early_stance
[2026-09-28 04:39:12,464] WARNING: Velocity attribute does not use the linearization map. Please calculate the velocity using the position attribute.
[2026-09-28 04:39:12,470] INFO: T:4.986, State:early_stance, Fz:389.37, ThetaRef:15.00, ThetaActual:1.04, EncoderTheta:100.13, EncoderVelocity:0.00, K:20.00, B:1.00
[2026-09-28 04:39:12,473] DEBUG: No valid transitions from state early_stance
[2026-09-28 04:39:12,473] WARNING: Velocity attribute does not use the linearization map. Please calculate the velocity using the position attribute.
[2026-09-28 04:39:12,478] INFO: T:4.995, State:early_stance, Fz:393.13, ThetaRef:15.00, ThetaActual:1.04, EncoderTheta:100.17, EncoderVelocity:5.04, K:20.00, B:1.00
[2026-09-28 04:39:12,481] DEBUG: No valid transitions from state early_stance
[2026-09-28 04:39:12,481] WARNING: Velocity attribute does not use the linearization map. Please calculate the velocity using the position attribute.
[2026-09-28 04:39:12,487] INFO: T:5.004, State:early_stance, Fz:389.03, ThetaRef:15.00, ThetaActual:1.04, EncoderTheta:100.13, EncoderVelocity:-5.28, K:20.00, B:1.00
[2026-09-28 04:39:12,489] DEBUG: No valid transitions from state early_stance
[2026-09-28 04:39:12,489] WARNING: Velocity attribute does not use the linearization map. Please calculate the velocity using the position attribute.
[2026-09-28 04:39:12,495] INFO: T:5.012, State:early_stance, Fz:378.41, ThetaRef:15.00, ThetaActual:1.04, EncoderTheta:100.13, EncoderVelocity:0.00, K:20.00, B:1.00
[2026-09-28 04:39:12,498] DEBUG: No valid transitions from state early_stance
[2026-09-28 04:39:12,498] WARNING: Velocity attribute does not use the linearization map. Please calculate the velocity using the position attribute.
[2026-09-28 04:39:12,504] INFO: T:5.020, State:early_stance, Fz:363.35, ThetaRef:15.00, ThetaActual:1.04, EncoderTheta:100.15, EncoderVelocity:2.57, K:20.00, B:1.00
[2026-09-28 04:39:12,507] DEBUG: No valid transitions from state early_stance
[2026-09-28 04:39:12,507] WARNING: Velocity attribute does not use the linearization map. Please calculate the velocity using the position attribute.
[2026-09-28 04:39:12,513] INFO: T:5.029, State:early_stance, Fz:347.47, ThetaRef:15.00, ThetaActual:1.04, EncoderTheta:100.11, EncoderVelocity:-5.18, K:20.00, B:1.00
[2026-09-28 04:39:12,516] DEBUG: No valid transitions from state early_stance
[2026-09-28 04:39:12,516] WARNING: Velocity attribute does not use the linearization map. Please calculate the velocity using the position attribute.
[2026-09-28 04:39:12,522] INFO: T:5.038, State:early_stance, Fz:329.00, ThetaRef:15.00, ThetaActual:1.04, EncoderTheta:100.15, EncoderVelocity:4.62, K:20.00, B:1.00
[2026-09-28 04:39:12,525] DEBUG: No valid transitions from state early_stance
[2026-09-28 04:39:12,525] WARNING: Velocity attribute does not use the linearization map. Please calculate the velocity using the position attribute.
[2026-09-28 04:39:12,530] INFO: T:5.047, State:early_stance, Fz:306.05, ThetaRef:15.00, ThetaActual:1.04, EncoderTheta:100.09, EncoderVelocity:-7.55, K:20.00, B:1.00
[2026-09-28 04:39:12,533] DEBUG: No valid transitions from state early_stance
[2026-09-28 04:39:12,533] WARNING: Velocity attribute does not use the linearization map. Please calculate the velocity using the position attribute.
[2026-09-28 04:39:12,539] INFO: T:5.056, State:early_stance, Fz:281.62, ThetaRef:15.00, ThetaActual:1.04, EncoderTheta:100.17, EncoderVelocity:10.23, K:20.00, B:1.00
[2026-09-28 04:39:12,542] DEBUG: No valid transitions from state early_stance
[2026-09-28 04:39:12,542] WARNING: Velocity attribute does not use the linearization map. Please calculate the velocity using the position attribute.
[2026-09-28 04:39:12,547] INFO: T:5.064, State:early_stance, Fz:255.58, ThetaRef:15.00, ThetaActual:1.04, EncoderTheta:100.11, EncoderVelocity:-7.77, K:20.00, B:1.00
[2026-09-28 04:39:12,550] DEBUG: No valid transitions from state early_stance
[2026-09-28 04:39:12,550] WARNING: Velocity attribute does not use the linearization map. Please calculate the velocity using the position attribute.
[2026-09-28 04:39:12,555] INFO: T:5.072, State:early_stance, Fz:228.35, ThetaRef:15.00, ThetaActual:1.04, EncoderTheta:100.13, EncoderVelocity:2.66, K:20.00, B:1.00
[2026-09-28 04:39:12,558] DEBUG: No valid transitions from state early_stance
[2026-09-28 04:39:12,558] WARNING: Velocity attribute does not use the linearization map. Please calculate the velocity using the position attribute.
[2026-09-28 04:39:12,564] INFO: T:5.081, State:early_stance, Fz:200.20, ThetaRef:15.00, ThetaActual:1.04, EncoderTheta:100.11, EncoderVelocity:-2.67, K:20.00, B:1.00
[2026-09-28 04:39:12,567] DEBUG: No valid transitions from state early_stance
[2026-09-28 04:39:12,567] WARNING: Velocity attribute does not use the linearization map. Please calculate the velocity using the position attribute.
[2026-09-28 04:39:12,572] INFO: T:5.089, State:early_stance, Fz:170.80, ThetaRef:15.00, ThetaActual:1.04, EncoderTheta:100.13, EncoderVelocity:2.59, K:20.00, B:1.00
[2026-09-28 04:39:12,575] DEBUG: No valid transitions from state early_stance
[2026-09-28 04:39:12,575] WARNING: Velocity attribute does not use the linearization map. Please calculate the velocity using the position attribute.
[2026-09-28 04:39:12,581] INFO: T:5.098, State:early_stance, Fz:140.04, ThetaRef:15.00, ThetaActual:1.04, EncoderTheta:100.15, EncoderVelocity:2.58, K:20.00, B:1.00
[2026-09-28 04:39:12,584] DEBUG: No valid transitions from state early_stance
[2026-09-28 04:39:12,584] WARNING: Velocity attribute does not use the linearization map. Please calculate the velocity using the position attribute.
[2026-09-28 04:39:12,590] INFO: T:5.106, State:early_stance, Fz:111.18, ThetaRef:15.00, ThetaActual:1.04, EncoderTheta:100.15, EncoderVelocity:0.00, K:20.00, B:1.00
[2026-09-28 04:39:12,593] DEBUG: No valid transitions from state early_stance
[2026-09-28 04:39:12,593] WARNING: Velocity attribute does not use the linearization map. Please calculate the velocity using the position attribute.
[2026-09-28 04:39:12,598] INFO: T:5.115, State:early_stance, Fz:81.78, ThetaRef:15.00, ThetaActual:1.04, EncoderTheta:100.20, EncoderVelocity:4.83, K:20.00, B:1.00
[2026-09-28 04:39:12,601] DEBUG: No valid transitions from state early_stance
[2026-09-28 04:39:12,602] WARNING: Velocity attribute does not use the linearization map. Please calculate the velocity using the position attribute.
[2026-09-28 04:39:12,607] INFO: T:5.124, State:early_stance, Fz:51.45, ThetaRef:15.00, ThetaActual:1.04, EncoderTheta:100.15, EncoderVelocity:-5.11, K:20.00, B:1.00
[2026-09-28 04:39:12,610] DEBUG: No valid transitions from state early_stance
[2026-09-28 04:39:12,610] WARNING: Velocity attribute does not use the linearization map. Please calculate the velocity using the position attribute.
[2026-09-28 04:39:12,616] INFO: T:5.132, State:early_stance, Fz:22.38, ThetaRef:15.00, ThetaActual:1.04, EncoderTheta:100.15, EncoderVelocity:0.00, K:20.00, B:1.00
[2026-09-28 04:39:12,619] DEBUG: No valid transitions from state early_stance
[2026-09-28 04:39:12,619] WARNING: Velocity attribute does not use the linearization map. Please calculate the velocity using the position attribute.
[2026-09-28 04:39:12,624] INFO: T:5.141, State:early_stance, Fz:2.34, ThetaRef:15.00, ThetaActual:1.04, EncoderTheta:100.15, EncoderVelocity:0.00, K:20.00, B:1.00
[2026-09-28 04:39:12,627] DEBUG: No valid transitions from state early_stance
[2026-09-28 04:39:12,627] WARNING: Velocity attribute does not use the linearization map. Please calculate the velocity using the position attribute.
[2026-09-28 04:39:12,633] INFO: T:5.150, State:early_stance, Fz:-24.94, ThetaRef:15.00, ThetaActual:1.04, EncoderTheta:100.13, EncoderVelocity:-2.56, K:20.00, B:1.00
[2026-09-28 04:39:12,636] WARNING: Velocity attribute does not use the linearization map. Please calculate the velocity using the position attribute.
[2026-09-28 04:39:12,641] INFO: T:5.158, State:late_stance, Fz:-52.67, ThetaRef:5.00, ThetaActual:1.04, EncoderTheta:100.20, EncoderVelocity:7.93, K:500.00, B:20.00
[2026-09-28 04:39:12,644] DEBUG: No valid transitions from state late_stance
[2026-09-28 04:39:12,644] WARNING: Velocity attribute does not use the linearization map. Please calculate the velocity using the position attribute.
[2026-09-28 04:39:12,650] INFO: T:5.167, State:late_stance, Fz:-79.73, ThetaRef:5.00, ThetaActual:1.04, EncoderTheta:100.22, EncoderVelocity:2.52, K:500.00, B:20.00
[2026-09-28 04:39:12,653] DEBUG: No valid transitions from state late_stance
[2026-09-28 04:39:12,653] WARNING: Velocity attribute does not use the linearization map. Please calculate the velocity using the position attribute.
[2026-09-28 04:39:12,659] INFO: T:5.175, State:late_stance, Fz:-106.31, ThetaRef:5.00, ThetaActual:1.04, EncoderTheta:100.15, EncoderVelocity:-7.65, K:500.00, B:20.00
[2026-09-28 04:39:12,661] DEBUG: No valid transitions from state late_stance
[2026-09-28 04:39:12,662] WARNING: Velocity attribute does not use the linearization map. Please calculate the velocity using the position attribute.
[2026-09-28 04:39:12,667] INFO: T:5.184, State:late_stance, Fz:-131.56, ThetaRef:5.00, ThetaActual:1.04, EncoderTheta:100.13, EncoderVelocity:-2.54, K:500.00, B:20.00
[2026-09-28 04:39:12,670] DEBUG: No valid transitions from state late_stance
[2026-09-28 04:39:12,670] WARNING: Velocity attribute does not use the linearization map. Please calculate the velocity using the position attribute.
[2026-09-28 04:39:12,676] INFO: T:5.193, State:late_stance, Fz:-157.79, ThetaRef:5.00, ThetaActual:1.04, EncoderTheta:100.17, EncoderVelocity:5.11, K:500.00, B:20.00
[2026-09-28 04:39:12,678] DEBUG: No valid transitions from state late_stance
[2026-09-28 04:39:12,678] WARNING: Velocity attribute does not use the linearization map. Please calculate the velocity using the position attribute.
[2026-09-28 04:39:12,684] INFO: T:5.201, State:late_stance, Fz:-185.24, ThetaRef:5.00, ThetaActual:0.97, EncoderTheta:100.15, EncoderVelocity:-2.65, K:500.00, B:20.00
[2026-09-28 04:39:12,687] DEBUG: No valid transitions from state late_stance
[2026-09-28 04:39:12,687] WARNING: Velocity attribute does not use the linearization map. Please calculate the velocity using the position attribute.
[2026-09-28 04:39:12,693] INFO: T:5.210, State:late_stance, Fz:-211.64, ThetaRef:5.00, ThetaActual:0.81, EncoderTheta:100.22, EncoderVelocity:7.60, K:500.00, B:20.00
[2026-09-28 04:39:12,695] DEBUG: No valid transitions from state late_stance
[2026-09-28 04:39:12,696] WARNING: Velocity attribute does not use the linearization map. Please calculate the velocity using the position attribute.
[2026-09-28 04:39:12,701] INFO: T:5.218, State:late_stance, Fz:-238.20, ThetaRef:5.00, ThetaActual:0.73, EncoderTheta:100.17, EncoderVelocity:-5.24, K:500.00, B:20.00
[2026-09-28 04:39:12,704] DEBUG: No valid transitions from state late_stance
[2026-09-28 04:39:12,704] WARNING: Velocity attribute does not use the linearization map. Please calculate the velocity using the position attribute.
[2026-09-28 04:39:12,710] INFO: T:5.227, State:late_stance, Fz:-261.98, ThetaRef:5.00, ThetaActual:0.61, EncoderTheta:100.20, EncoderVelocity:2.54, K:500.00, B:20.00
[2026-09-28 04:39:12,712] DEBUG: No valid transitions from state late_stance
[2026-09-28 04:39:12,712] WARNING: Velocity attribute does not use the linearization map. Please calculate the velocity using the position attribute.
[2026-09-28 04:39:12,718] INFO: T:5.235, State:late_stance, Fz:-288.96, ThetaRef:5.00, ThetaActual:0.56, EncoderTheta:100.22, EncoderVelocity:2.64, K:500.00, B:20.00
[2026-09-28 04:39:12,721] DEBUG: No valid transitions from state late_stance
[2026-09-28 04:39:12,721] WARNING: Velocity attribute does not use the linearization map. Please calculate the velocity using the position attribute.
[2026-09-28 04:39:12,727] INFO: T:5.243, State:late_stance, Fz:-311.98, ThetaRef:5.00, ThetaActual:0.54, EncoderTheta:100.22, EncoderVelocity:0.00, K:500.00, B:20.00
[2026-09-28 04:39:12,729] DEBUG: No valid transitions from state late_stance
[2026-09-28 04:39:12,729] WARNING: Velocity attribute does not use the linearization map. Please calculate the velocity using the position attribute.
[2026-09-28 04:39:12,735] INFO: T:5.252, State:late_stance, Fz:-335.53, ThetaRef:5.00, ThetaActual:0.53, EncoderTheta:100.17, EncoderVelocity:-5.12, K:500.00, B:20.00
[2026-09-28 04:39:12,738] DEBUG: No valid transitions from state late_stance
[2026-09-28 04:39:12,738] WARNING: Velocity attribute does not use the linearization map. Please calculate the velocity using the position attribute.
[2026-09-28 04:39:12,743] INFO: T:5.260, State:late_stance, Fz:-360.89, ThetaRef:5.00, ThetaActual:0.52, EncoderTheta:100.17, EncoderVelocity:0.00, K:500.00, B:20.00
[2026-09-28 04:39:12,746] DEBUG: No valid transitions from state late_stance
[2026-09-28 04:39:12,746] WARNING: Velocity attribute does not use the linearization map. Please calculate the velocity using the position attribute.
[2026-09-28 04:39:12,752] INFO: T:5.269, State:late_stance, Fz:-387.68, ThetaRef:5.00, ThetaActual:0.52, EncoderTheta:100.13, EncoderVelocity:-5.30, K:500.00, B:20.00
[2026-09-28 04:39:12,754] DEBUG: No valid transitions from state late_stance
[2026-09-28 04:39:12,755] WARNING: Velocity attribute does not use the linearization map. Please calculate the velocity using the position attribute.
[2026-09-28 04:39:12,760] INFO: T:5.277, State:late_stance, Fz:-412.03, ThetaRef:5.00, ThetaActual:0.52, EncoderTheta:100.22, EncoderVelocity:10.63, K:500.00, B:20.00
[2026-09-28 04:39:12,763] DEBUG: No valid transitions from state late_stance
[2026-09-28 04:39:12,763] WARNING: Velocity attribute does not use the linearization map. Please calculate the velocity using the position attribute.
[2026-09-28 04:39:12,769] INFO: T:5.286, State:late_stance, Fz:-434.60, ThetaRef:5.00, ThetaActual:0.52, EncoderTheta:100.13, EncoderVelocity:-10.24, K:500.00, B:20.00
[2026-09-28 04:39:12,771] DEBUG: No valid transitions from state late_stance
[2026-09-28 04:39:12,771] WARNING: Velocity attribute does not use the linearization map. Please calculate the velocity using the position attribute.
[2026-09-28 04:39:12,777] INFO: T:5.294, State:late_stance, Fz:-458.72, ThetaRef:5.00, ThetaActual:0.52, EncoderTheta:100.24, EncoderVelocity:13.30, K:500.00, B:20.00
[2026-09-28 04:39:12,780] DEBUG: No valid transitions from state late_stance
[2026-09-28 04:39:12,780] WARNING: Velocity attribute does not use the linearization map. Please calculate the velocity using the position attribute.
[2026-09-28 04:39:12,786] INFO: T:5.302, State:late_stance, Fz:-483.01, ThetaRef:5.00, ThetaActual:0.52, EncoderTheta:100.20, EncoderVelocity:-5.12, K:500.00, B:20.00
[2026-09-28 04:39:12,789] DEBUG: No valid transitions from state late_stance
[2026-09-28 04:39:12,789] WARNING: Velocity attribute does not use the linearization map. Please calculate the velocity using the position attribute.
[2026-09-28 04:39:12,794] INFO: T:5.311, State:late_stance, Fz:-505.43, ThetaRef:5.00, ThetaActual:0.52, EncoderTheta:100.20, EncoderVelocity:0.00, K:500.00, B:20.00
[2026-09-28 04:39:12,797] DEBUG: No valid transitions from state late_stance
[2026-09-28 04:39:12,797] WARNING: Velocity attribute does not use the linearization map. Please calculate the velocity using the position attribute.
[2026-09-28 04:39:12,803] INFO: T:5.319, State:late_stance, Fz:-529.95, ThetaRef:5.00, ThetaActual:0.52, EncoderTheta:100.15, EncoderVelocity:-5.28, K:500.00, B:20.00
[2026-09-28 04:39:12,805] DEBUG: No valid transitions from state late_stance
[2026-09-28 04:39:12,805] WARNING: Velocity attribute does not use the linearization map. Please calculate the velocity using the position attribute.
[2026-09-28 04:39:12,811] INFO: T:5.328, State:late_stance, Fz:-554.09, ThetaRef:5.00, ThetaActual:0.52, EncoderTheta:100.17, EncoderVelocity:2.61, K:500.00, B:20.00
[2026-09-28 04:39:12,814] DEBUG: No valid transitions from state late_stance
[2026-09-28 04:39:12,814] WARNING: Velocity attribute does not use the linearization map. Please calculate the velocity using the position attribute.
[2026-09-28 04:39:12,819] INFO: T:5.336, State:late_stance, Fz:-581.39, ThetaRef:5.00, ThetaActual:0.52, EncoderTheta:100.22, EncoderVelocity:5.26, K:500.00, B:20.00
[2026-09-28 04:39:12,822] DEBUG: No valid transitions from state late_stance
[2026-09-28 04:39:12,822] WARNING: Velocity attribute does not use the linearization map. Please calculate the velocity using the position attribute.
[2026-09-28 04:39:12,828] INFO: T:5.345, State:late_stance, Fz:-607.60, ThetaRef:5.00, ThetaActual:0.52, EncoderTheta:100.20, EncoderVelocity:-2.56, K:500.00, B:20.00
[2026-09-28 04:39:12,831] DEBUG: No valid transitions from state late_stance
[2026-09-28 04:39:12,831] WARNING: Velocity attribute does not use the linearization map. Please calculate the velocity using the position attribute.
[2026-09-28 04:39:12,837] INFO: T:5.354, State:late_stance, Fz:-634.47, ThetaRef:5.00, ThetaActual:0.52, EncoderTheta:100.26, EncoderVelocity:7.39, K:500.00, B:20.00
[2026-09-28 04:39:12,839] DEBUG: No valid transitions from state late_stance
[2026-09-28 04:39:12,840] WARNING: Velocity attribute does not use the linearization map. Please calculate the velocity using the position attribute.
[2026-09-28 04:39:12,845] INFO: T:5.362, State:late_stance, Fz:-659.80, ThetaRef:5.00, ThetaActual:0.52, EncoderTheta:100.17, EncoderVelocity:-10.57, K:500.00, B:20.00
[2026-09-28 04:39:12,848] DEBUG: No valid transitions from state late_stance
[2026-09-28 04:39:12,848] WARNING: Velocity attribute does not use the linearization map. Please calculate the velocity using the position attribute.
[2026-09-28 04:39:12,854] INFO: T:5.370, State:late_stance, Fz:-683.08, ThetaRef:5.00, ThetaActual:0.52, EncoderTheta:100.20, EncoderVelocity:2.63, K:500.00, B:20.00
[2026-09-28 04:39:12,856] DEBUG: No valid transitions from state late_stance
[2026-09-28 04:39:12,856] WARNING: Velocity attribute does not use the linearization map. Please calculate the velocity using the position attribute.
[2026-09-28 04:39:12,862] INFO: T:5.379, State:late_stance, Fz:-708.10, ThetaRef:5.00, ThetaActual:0.52, EncoderTheta:100.24, EncoderVelocity:5.14, K:500.00, B:20.00
[2026-09-28 04:39:12,865] DEBUG: No valid transitions from state late_stance
[2026-09-28 04:39:12,865] WARNING: Velocity attribute does not use the linearization map. Please calculate the velocity using the position attribute.
[2026-09-28 04:39:12,870] INFO: T:5.387, State:late_stance, Fz:-731.05, ThetaRef:5.00, ThetaActual:0.52, EncoderTheta:100.22, EncoderVelocity:-2.64, K:500.00, B:20.00
[2026-09-28 04:39:12,873] DEBUG: No valid transitions from state late_stance
[2026-09-28 04:39:12,873] WARNING: Velocity attribute does not use the linearization map. Please calculate the velocity using the position attribute.
[2026-09-28 04:39:12,879] INFO: T:5.396, State:late_stance, Fz:-749.48, ThetaRef:5.00, ThetaActual:0.52, EncoderTheta:100.22, EncoderVelocity:0.00, K:500.00, B:20.00
[2026-09-28 04:39:12,881] DEBUG: No valid transitions from state late_stance
[2026-09-28 04:39:12,882] WARNING: Velocity attribute does not use the linearization map. Please calculate the velocity using the position attribute.
[2026-09-28 04:39:12,887] INFO: T:5.404, State:late_stance, Fz:-762.51, ThetaRef:5.00, ThetaActual:0.52, EncoderTheta:100.20, EncoderVelocity:-2.60, K:500.00, B:20.00
[2026-09-28 04:39:12,890] DEBUG: No valid transitions from state late_stance
[2026-09-28 04:39:12,890] WARNING: Velocity attribute does not use the linearization map. Please calculate the velocity using the position attribute.
[2026-09-28 04:39:12,896] INFO: T:5.413, State:late_stance, Fz:-771.96, ThetaRef:5.00, ThetaActual:0.52, EncoderTheta:100.22, EncoderVelocity:2.57, K:500.00, B:20.00
[2026-09-28 04:39:12,899] DEBUG: No valid transitions from state late_stance
[2026-09-28 04:39:12,899] WARNING: Velocity attribute does not use the linearization map. Please calculate the velocity using the position attribute.
[2026-09-28 04:39:12,904] INFO: T:5.421, State:late_stance, Fz:-778.16, ThetaRef:5.00, ThetaActual:0.52, EncoderTheta:100.22, EncoderVelocity:0.00, K:500.00, B:20.00
[2026-09-28 04:39:12,907] DEBUG: No valid transitions from state late_stance
[2026-09-28 04:39:12,907] WARNING: Velocity attribute does not use the linearization map. Please calculate the velocity using the position attribute.
[2026-09-28 04:39:12,913] INFO: T:5.429, State:late_stance, Fz:-779.40, ThetaRef:5.00, ThetaActual:0.52, EncoderTheta:100.22, EncoderVelocity:0.00, K:500.00, B:20.00
[2026-09-28 04:39:12,915] DEBUG: No valid transitions from state late_stance
[2026-09-28 04:39:12,915] WARNING: Velocity attribute does not use the linearization map. Please calculate the velocity using the position attribute.
[2026-09-28 04:39:12,921] INFO: T:5.438, State:late_stance, Fz:-777.43, ThetaRef:5.00, ThetaActual:0.52, EncoderTheta:100.22, EncoderVelocity:0.00, K:500.00, B:20.00
[2026-09-28 04:39:12,924] DEBUG: No valid transitions from state late_stance
[2026-09-28 04:39:12,924] WARNING: Velocity attribute does not use the linearization map. Please calculate the velocity using the position attribute.
[2026-09-28 04:39:12,929] INFO: T:5.446, State:late_stance, Fz:-775.41, ThetaRef:5.00, ThetaActual:0.52, EncoderTheta:100.22, EncoderVelocity:0.00, K:500.00, B:20.00
[2026-09-28 04:39:12,932] DEBUG: No valid transitions from state late_stance
[2026-09-28 04:39:12,932] WARNING: Velocity attribute does not use the linearization map. Please calculate the velocity using the position attribute.
[2026-09-28 04:39:12,938] INFO: T:5.454, State:late_stance, Fz:-770.97, ThetaRef:5.00, ThetaActual:0.52, EncoderTheta:100.20, EncoderVelocity:-2.65, K:500.00, B:20.00
[2026-09-28 04:39:12,940] DEBUG: No valid transitions from state late_stance
[2026-09-28 04:39:12,940] WARNING: Velocity attribute does not use the linearization map. Please calculate the velocity using the position attribute.
[2026-09-28 04:39:12,946] INFO: T:5.463, State:late_stance, Fz:-765.67, ThetaRef:5.00, ThetaActual:0.52, EncoderTheta:100.17, EncoderVelocity:-2.62, K:500.00, B:20.00
[2026-09-28 04:39:12,949] DEBUG: No valid transitions from state late_stance
[2026-09-28 04:39:12,949] WARNING: Velocity attribute does not use the linearization map. Please calculate the velocity using the position attribute.
[2026-09-28 04:39:12,955] INFO: T:5.471, State:late_stance, Fz:-766.52, ThetaRef:5.00, ThetaActual:0.52, EncoderTheta:100.22, EncoderVelocity:5.16, K:500.00, B:20.00
[2026-09-28 04:39:12,957] DEBUG: No valid transitions from state late_stance
[2026-09-28 04:39:12,957] WARNING: Velocity attribute does not use the linearization map. Please calculate the velocity using the position attribute.
[2026-09-28 04:39:12,963] INFO: T:5.480, State:late_stance, Fz:-756.91, ThetaRef:5.00, ThetaActual:0.52, EncoderTheta:100.17, EncoderVelocity:-5.19, K:500.00, B:20.00
[2026-09-28 04:39:12,966] DEBUG: No valid transitions from state late_stance
[2026-09-28 04:39:12,966] WARNING: Velocity attribute does not use the linearization map. Please calculate the velocity using the position attribute.
[2026-09-28 04:39:12,971] INFO: T:5.488, State:late_stance, Fz:-747.13, ThetaRef:5.00, ThetaActual:0.52, EncoderTheta:100.17, EncoderVelocity:0.00, K:500.00, B:20.00
[2026-09-28 04:39:12,974] DEBUG: No valid transitions from state late_stance
[2026-09-28 04:39:12,974] WARNING: Velocity attribute does not use the linearization map. Please calculate the velocity using the position attribute.
[2026-09-28 04:39:12,981] INFO: T:5.497, State:late_stance, Fz:-736.73, ThetaRef:5.00, ThetaActual:0.52, EncoderTheta:100.20, EncoderVelocity:2.55, K:500.00, B:20.00
[2026-09-28 04:39:12,983] DEBUG: No valid transitions from state late_stance
[2026-09-28 04:39:12,983] WARNING: Velocity attribute does not use the linearization map. Please calculate the velocity using the position attribute.
[2026-09-28 04:39:12,989] INFO: T:5.506, State:late_stance, Fz:-727.93, ThetaRef:5.00, ThetaActual:0.52, EncoderTheta:100.22, EncoderVelocity:2.45, K:500.00, B:20.00
[2026-09-28 04:39:12,992] DEBUG: No valid transitions from state late_stance
[2026-09-28 04:39:12,992] WARNING: Velocity attribute does not use the linearization map. Please calculate the velocity using the position attribute.
[2026-09-28 04:39:12,998] INFO: T:5.514, State:late_stance, Fz:-720.15, ThetaRef:5.00, ThetaActual:0.52, EncoderTheta:100.17, EncoderVelocity:-5.09, K:500.00, B:20.00
[2026-09-28 04:39:13,001] DEBUG: No valid transitions from state late_stance
[2026-09-28 04:39:13,001] WARNING: Velocity attribute does not use the linearization map. Please calculate the velocity using the position attribute.
[2026-09-28 04:39:13,007] INFO: T:5.523, State:late_stance, Fz:-712.30, ThetaRef:5.00, ThetaActual:0.52, EncoderTheta:100.17, EncoderVelocity:0.00, K:500.00, B:20.00
[2026-09-28 04:39:13,009] DEBUG: No valid transitions from state late_stance
[2026-09-28 04:39:13,009] WARNING: Velocity attribute does not use the linearization map. Please calculate the velocity using the position attribute.
[2026-09-28 04:39:13,015] INFO: T:5.532, State:late_stance, Fz:-704.84, ThetaRef:5.00, ThetaActual:0.52, EncoderTheta:100.13, EncoderVelocity:-5.10, K:500.00, B:20.00
[2026-09-28 04:39:13,018] DEBUG: No valid transitions from state late_stance
[2026-09-28 04:39:13,018] WARNING: Velocity attribute does not use the linearization map. Please calculate the velocity using the position attribute.
[2026-09-28 04:39:13,023] INFO: T:5.540, State:late_stance, Fz:-695.70, ThetaRef:5.00, ThetaActual:0.52, EncoderTheta:100.17, EncoderVelocity:5.24, K:500.00, B:20.00
[2026-09-28 04:39:13,026] DEBUG: No valid transitions from state late_stance
[2026-09-28 04:39:13,026] WARNING: Velocity attribute does not use the linearization map. Please calculate the velocity using the position attribute.
[2026-09-28 04:39:13,032] INFO: T:5.549, State:late_stance, Fz:-685.22, ThetaRef:5.00, ThetaActual:0.52, EncoderTheta:100.09, EncoderVelocity:-10.47, K:500.00, B:20.00
[2026-09-28 04:39:13,035] DEBUG: No valid transitions from state late_stance
[2026-09-28 04:39:13,035] WARNING: Velocity attribute does not use the linearization map. Please calculate the velocity using the position attribute.
[2026-09-28 04:39:13,040] INFO: T:5.557, State:late_stance, Fz:-672.73, ThetaRef:5.00, ThetaActual:0.52, EncoderTheta:100.11, EncoderVelocity:2.56, K:500.00, B:20.00
[2026-09-28 04:39:13,043] DEBUG: No valid transitions from state late_stance
[2026-09-28 04:39:13,043] WARNING: Velocity attribute does not use the linearization map. Please calculate the velocity using the position attribute.
[2026-09-28 04:39:13,049] INFO: T:5.566, State:late_stance, Fz:-658.69, ThetaRef:5.00, ThetaActual:0.52, EncoderTheta:100.13, EncoderVelocity:2.61, K:500.00, B:20.00
[2026-09-28 04:39:13,052] DEBUG: No valid transitions from state late_stance
[2026-09-28 04:39:13,052] WARNING: Velocity attribute does not use the linearization map. Please calculate the velocity using the position attribute.
[2026-09-28 04:39:13,058] INFO: T:5.574, State:late_stance, Fz:-641.96, ThetaRef:5.00, ThetaActual:0.52, EncoderTheta:100.20, EncoderVelocity:7.67, K:500.00, B:20.00
[2026-09-28 04:39:13,060] DEBUG: No valid transitions from state late_stance
[2026-09-28 04:39:13,060] WARNING: Velocity attribute does not use the linearization map. Please calculate the velocity using the position attribute.
[2026-09-28 04:39:13,066] INFO: T:5.583, State:late_stance, Fz:-619.70, ThetaRef:5.00, ThetaActual:0.52, EncoderTheta:100.13, EncoderVelocity:-7.67, K:500.00, B:20.00
[2026-09-28 04:39:13,069] DEBUG: No valid transitions from state late_stance
[2026-09-28 04:39:13,069] WARNING: Velocity attribute does not use the linearization map. Please calculate the velocity using the position attribute.
[2026-09-28 04:39:13,074] INFO: T:5.591, State:late_stance, Fz:-592.30, ThetaRef:5.00, ThetaActual:0.52, EncoderTheta:100.11, EncoderVelocity:-2.62, K:500.00, B:20.00
[2026-09-28 04:39:13,077] DEBUG: No valid transitions from state late_stance
[2026-09-28 04:39:13,077] WARNING: Velocity attribute does not use the linearization map. Please calculate the velocity using the position attribute.
[2026-09-28 04:39:13,083] INFO: T:5.600, State:late_stance, Fz:-559.37, ThetaRef:5.00, ThetaActual:0.52, EncoderTheta:100.04, EncoderVelocity:-7.65, K:500.00, B:20.00
[2026-09-28 04:39:13,085] DEBUG: No valid transitions from state late_stance
[2026-09-28 04:39:13,086] WARNING: Velocity attribute does not use the linearization map. Please calculate the velocity using the position attribute.
[2026-09-28 04:39:13,091] INFO: T:5.608, State:late_stance, Fz:-523.25, ThetaRef:5.00, ThetaActual:0.52, EncoderTheta:100.11, EncoderVelocity:7.98, K:500.00, B:20.00
[2026-09-28 04:39:13,094] DEBUG: No valid transitions from state late_stance
[2026-09-28 04:39:13,094] WARNING: Velocity attribute does not use the linearization map. Please calculate the velocity using the position attribute.
[2026-09-28 04:39:13,100] INFO: T:5.616, State:late_stance, Fz:-484.24, ThetaRef:5.00, ThetaActual:0.52, EncoderTheta:100.04, EncoderVelocity:-7.95, K:500.00, B:20.00
[2026-09-28 04:39:13,102] DEBUG: No valid transitions from state late_stance
[2026-09-28 04:39:13,102] WARNING: Velocity attribute does not use the linearization map. Please calculate the velocity using the position attribute.
[2026-09-28 04:39:13,108] INFO: T:5.625, State:late_stance, Fz:-444.44, ThetaRef:5.00, ThetaActual:0.52, EncoderTheta:100.13, EncoderVelocity:10.33, K:500.00, B:20.00
[2026-09-28 04:39:13,111] DEBUG: No valid transitions from state late_stance
[2026-09-28 04:39:13,111] WARNING: Velocity attribute does not use the linearization map. Please calculate the velocity using the position attribute.
[2026-09-28 04:39:13,117] INFO: T:5.633, State:late_stance, Fz:-406.59, ThetaRef:5.00, ThetaActual:0.52, EncoderTheta:100.13, EncoderVelocity:0.00, K:500.00, B:20.00
[2026-09-28 04:39:13,119] DEBUG: No valid transitions from state late_stance
[2026-09-28 04:39:13,119] WARNING: Velocity attribute does not use the linearization map. Please calculate the velocity using the position attribute.
[2026-09-28 04:39:13,125] INFO: T:5.642, State:late_stance, Fz:-368.77, ThetaRef:5.00, ThetaActual:0.52, EncoderTheta:100.04, EncoderVelocity:-10.43, K:500.00, B:20.00
[2026-09-28 04:39:13,128] DEBUG: No valid transitions from state late_stance
[2026-09-28 04:39:13,128] WARNING: Velocity attribute does not use the linearization map. Please calculate the velocity using the position attribute.
[2026-09-28 04:39:13,133] INFO: T:5.650, State:late_stance, Fz:-332.99, ThetaRef:5.00, ThetaActual:0.52, EncoderTheta:100.00, EncoderVelocity:-5.31, K:500.00, B:20.00
[2026-09-28 04:39:13,136] DEBUG: No valid transitions from state late_stance
[2026-09-28 04:39:13,136] WARNING: Velocity attribute does not use the linearization map. Please calculate the velocity using the position attribute.
[2026-09-28 04:39:13,142] INFO: T:5.658, State:late_stance, Fz:-299.71, ThetaRef:5.00, ThetaActual:0.52, EncoderTheta:100.02, EncoderVelocity:2.63, K:500.00, B:20.00
[2026-09-28 04:39:13,144] DEBUG: No valid transitions from state late_stance
[2026-09-28 04:39:13,145] WARNING: Velocity attribute does not use the linearization map. Please calculate the velocity using the position attribute.
[2026-09-28 04:39:13,150] INFO: T:5.667, State:late_stance, Fz:-269.86, ThetaRef:5.00, ThetaActual:0.53, EncoderTheta:99.98, EncoderVelocity:-5.14, K:500.00, B:20.00
[2026-09-28 04:39:13,153] DEBUG: No valid transitions from state late_stance
[2026-09-28 04:39:13,153] WARNING: Velocity attribute does not use the linearization map. Please calculate the velocity using the position attribute.
[2026-09-28 04:39:13,158] INFO: T:5.675, State:late_stance, Fz:-237.19, ThetaRef:5.00, ThetaActual:0.53, EncoderTheta:100.02, EncoderVelocity:5.30, K:500.00, B:20.00
[2026-09-28 04:39:13,161] DEBUG: No valid transitions from state late_stance
[2026-09-28 04:39:13,161] WARNING: Velocity attribute does not use the linearization map. Please calculate the velocity using the position attribute.
[2026-09-28 04:39:13,167] INFO: T:5.684, State:late_stance, Fz:-210.76, ThetaRef:5.00, ThetaActual:0.53, EncoderTheta:99.95, EncoderVelocity:-7.90, K:500.00, B:20.00
[2026-09-28 04:39:13,170] DEBUG: No valid transitions from state late_stance
[2026-09-28 04:39:13,170] WARNING: Velocity attribute does not use the linearization map. Please calculate the velocity using the position attribute.
[2026-09-28 04:39:13,175] INFO: T:5.692, State:late_stance, Fz:-187.14, ThetaRef:5.00, ThetaActual:0.54, EncoderTheta:99.89, EncoderVelocity:-7.74, K:500.00, B:20.00
[2026-09-28 04:39:13,178] DEBUG: No valid transitions from state late_stance
[2026-09-28 04:39:13,178] WARNING: Velocity attribute does not use the linearization map. Please calculate the velocity using the position attribute.
[2026-09-28 04:39:13,184] INFO: T:5.701, State:late_stance, Fz:-165.14, ThetaRef:5.00, ThetaActual:0.56, EncoderTheta:99.84, EncoderVelocity:-5.05, K:500.00, B:20.00
[2026-09-28 04:39:13,187] DEBUG: No valid transitions from state late_stance
[2026-09-28 04:39:13,187] WARNING: Velocity attribute does not use the linearization map. Please calculate the velocity using the position attribute.
[2026-09-28 04:39:13,193] INFO: T:5.709, State:late_stance, Fz:-142.44, ThetaRef:5.00, ThetaActual:0.61, EncoderTheta:99.78, EncoderVelocity:-7.74, K:500.00, B:20.00
[2026-09-28 04:39:13,195] DEBUG: No valid transitions from state late_stance
[2026-09-28 04:39:13,195] WARNING: Velocity attribute does not use the linearization map. Please calculate the velocity using the position attribute.
[2026-09-28 04:39:13,201] INFO: T:5.718, State:late_stance, Fz:-121.14, ThetaRef:5.00, ThetaActual:0.64, EncoderTheta:99.71, EncoderVelocity:-7.72, K:500.00, B:20.00
[2026-09-28 04:39:13,204] DEBUG: No valid transitions from state late_stance
[2026-09-28 04:39:13,204] WARNING: Velocity attribute does not use the linearization map. Please calculate the velocity using the position attribute.
[2026-09-28 04:39:13,209] INFO: T:5.726, State:late_stance, Fz:-109.79, ThetaRef:5.00, ThetaActual:0.71, EncoderTheta:99.58, EncoderVelocity:-15.71, K:500.00, B:20.00
[2026-09-28 04:39:13,212] DEBUG: No valid transitions from state late_stance
[2026-09-28 04:39:13,212] WARNING: Velocity attribute does not use the linearization map. Please calculate the velocity using the position attribute.
[2026-09-28 04:39:13,218] INFO: T:5.735, State:late_stance, Fz:-90.78, ThetaRef:5.00, ThetaActual:0.79, EncoderTheta:99.51, EncoderVelocity:-7.90, K:500.00, B:20.00
[2026-09-28 04:39:13,220] DEBUG: No valid transitions from state late_stance
[2026-09-28 04:39:13,221] WARNING: Velocity attribute does not use the linearization map. Please calculate the velocity using the position attribute.
[2026-09-28 04:39:13,226] INFO: T:5.743, State:late_stance, Fz:-71.84, ThetaRef:5.00, ThetaActual:0.82, EncoderTheta:99.45, EncoderVelocity:-7.87, K:500.00, B:20.00
[2026-09-28 04:39:13,229] DEBUG: No valid transitions from state late_stance
[2026-09-28 04:39:13,229] WARNING: Velocity attribute does not use the linearization map. Please calculate the velocity using the position attribute.
[2026-09-28 04:39:13,237] INFO: T:5.752, State:late_stance, Fz:-52.95, ThetaRef:5.00, ThetaActual:0.90, EncoderTheta:99.34, EncoderVelocity:-12.84, K:500.00, B:20.00
[2026-09-28 04:39:13,240] DEBUG: No valid transitions from state late_stance
[2026-09-28 04:39:13,240] WARNING: Velocity attribute does not use the linearization map. Please calculate the velocity using the position attribute.
[2026-09-28 04:39:13,246] INFO: T:5.762, State:late_stance, Fz:-37.51, ThetaRef:5.00, ThetaActual:0.97, EncoderTheta:99.29, EncoderVelocity:-4.16, K:500.00, B:20.00
[2026-09-28 04:39:13,248] DEBUG: No valid transitions from state late_stance
[2026-09-28 04:39:13,249] WARNING: Velocity attribute does not use the linearization map. Please calculate the velocity using the position attribute.
[2026-09-28 04:39:13,254] INFO: T:5.771, State:late_stance, Fz:-24.22, ThetaRef:5.00, ThetaActual:1.04, EncoderTheta:99.21, EncoderVelocity:-9.92, K:500.00, B:20.00
[2026-09-28 04:39:13,257] WARNING: Velocity attribute does not use the linearization map. Please calculate the velocity using the position attribute.
[2026-09-28 04:39:13,263] INFO: T:5.780, State:swing, Fz:-12.03, ThetaRef:60.00, ThetaActual:1.10, EncoderTheta:99.14, EncoderVelocity:-7.65, K:10.00, B:0.50
[2026-09-28 04:39:13,265] DEBUG: No valid transitions from state swing
[2026-09-28 04:39:13,265] WARNING: Velocity attribute does not use the linearization map. Please calculate the velocity using the position attribute.
[2026-09-28 04:39:13,271] INFO: T:5.788, State:swing, Fz:0.24, ThetaRef:60.00, ThetaActual:1.13, EncoderTheta:99.01, EncoderVelocity:-15.90, K:10.00, B:0.50
[2026-09-28 04:39:13,274] DEBUG: No valid transitions from state swing
[2026-09-28 04:39:13,274] WARNING: Velocity attribute does not use the linearization map. Please calculate the velocity using the position attribute.
[2026-09-28 04:39:13,280] INFO: T:5.796, State:swing, Fz:12.06, ThetaRef:60.00, ThetaActual:1.19, EncoderTheta:98.99, EncoderVelocity:-2.59, K:10.00, B:0.50
[2026-09-28 04:39:13,282] DEBUG: No valid transitions from state swing
[2026-09-28 04:39:13,282] WARNING: Velocity attribute does not use the linearization map. Please calculate the velocity using the position attribute.
[2026-09-28 04:39:13,288] INFO: T:5.805, State:swing, Fz:23.08, ThetaRef:60.00, ThetaActual:1.25, EncoderTheta:98.99, EncoderVelocity:0.00, K:10.00, B:0.50
[2026-09-28 04:39:13,291] DEBUG: No valid transitions from state swing
[2026-09-28 04:39:13,291] WARNING: Velocity attribute does not use the linearization map. Please calculate the velocity using the position attribute.
[2026-09-28 04:39:13,297] INFO: T:5.813, State:swing, Fz:31.91, ThetaRef:60.00, ThetaActual:1.28, EncoderTheta:98.81, EncoderVelocity:-20.53, K:10.00, B:0.50
[2026-09-28 04:39:13,299] DEBUG: No valid transitions from state swing
[2026-09-28 04:39:13,300] WARNING: Velocity attribute does not use the linearization map. Please calculate the velocity using the position attribute.
[2026-09-28 04:39:13,305] INFO: T:5.822, State:swing, Fz:24.63, ThetaRef:60.00, ThetaActual:1.44, EncoderTheta:98.50, EncoderVelocity:-36.05, K:10.00, B:0.50
[2026-09-28 04:39:13,308] DEBUG: No valid transitions from state swing
[2026-09-28 04:39:13,308] WARNING: Velocity attribute does not use the linearization map. Please calculate the velocity using the position attribute.
[2026-09-28 04:39:13,314] INFO: T:5.831, State:swing, Fz:7.08, ThetaRef:60.00, ThetaActual:1.89, EncoderTheta:98.00, EncoderVelocity:-59.05, K:10.00, B:0.50
[2026-09-28 04:39:13,317] DEBUG: No valid transitions from state swing
[2026-09-28 04:39:13,317] WARNING: Velocity attribute does not use the linearization map. Please calculate the velocity using the position attribute.
[2026-09-28 04:39:13,322] INFO: T:5.839, State:swing, Fz:-6.78, ThetaRef:60.00, ThetaActual:2.55, EncoderTheta:97.32, EncoderVelocity:-77.60, K:10.00, B:0.50
[2026-09-28 04:39:13,325] DEBUG: No valid transitions from state swing
[2026-09-28 04:39:13,325] WARNING: Velocity attribute does not use the linearization map. Please calculate the velocity using the position attribute.
[2026-09-28 04:39:13,331] INFO: T:5.848, State:swing, Fz:-13.88, ThetaRef:60.00, ThetaActual:2.95, EncoderTheta:96.57, EncoderVelocity:-88.33, K:10.00, B:0.50
[2026-09-28 04:39:13,334] DEBUG: No valid transitions from state swing
[2026-09-28 04:39:13,334] WARNING: Velocity attribute does not use the linearization map. Please calculate the velocity using the position attribute.
[2026-09-28 04:39:13,340] INFO: T:5.856, State:swing, Fz:-21.32, ThetaRef:60.00, ThetaActual:3.86, EncoderTheta:95.67, EncoderVelocity:-106.34, K:10.00, B:0.50
[2026-09-28 04:39:13,342] DEBUG: No valid transitions from state swing
[2026-09-28 04:39:13,342] WARNING: Velocity attribute does not use the linearization map. Please calculate the velocity using the position attribute.
[2026-09-28 04:39:13,348] INFO: T:5.865, State:swing, Fz:-35.97, ThetaRef:60.00, ThetaActual:4.95, EncoderTheta:94.75, EncoderVelocity:-107.55, K:10.00, B:0.50
[2026-09-28 04:39:13,351] DEBUG: No valid transitions from state swing
[2026-09-28 04:39:13,351] WARNING: Velocity attribute does not use the linearization map. Please calculate the velocity using the position attribute.
[2026-09-28 04:39:13,357] INFO: T:5.873, State:swing, Fz:-55.11, ThetaRef:60.00, ThetaActual:5.54, EncoderTheta:93.74, EncoderVelocity:-117.52, K:10.00, B:0.50
[2026-09-28 04:39:13,359] DEBUG: No valid transitions from state swing
[2026-09-28 04:39:13,359] WARNING: Velocity attribute does not use the linearization map. Please calculate the velocity using the position attribute.
[2026-09-28 04:39:13,365] INFO: T:5.882, State:swing, Fz:-71.14, ThetaRef:60.00, ThetaActual:6.77, EncoderTheta:92.66, EncoderVelocity:-127.03, K:10.00, B:0.50
[2026-09-28 04:39:13,368] DEBUG: No valid transitions from state swing
[2026-09-28 04:39:13,368] WARNING: Velocity attribute does not use the linearization map. Please calculate the velocity using the position attribute.
[2026-09-28 04:39:13,374] INFO: T:5.890, State:swing, Fz:-80.42, ThetaRef:60.00, ThetaActual:8.06, EncoderTheta:91.47, EncoderVelocity:-137.44, K:10.00, B:0.50
[2026-09-28 04:39:13,376] DEBUG: No valid transitions from state swing
[2026-09-28 04:39:13,376] WARNING: Velocity attribute does not use the linearization map. Please calculate the velocity using the position attribute.
[2026-09-28 04:39:13,382] INFO: T:5.899, State:swing, Fz:-85.52, ThetaRef:60.00, ThetaActual:9.41, EncoderTheta:90.35, EncoderVelocity:-133.65, K:10.00, B:0.50
[2026-09-28 04:39:13,385] DEBUG: No valid transitions from state swing
[2026-09-28 04:39:13,385] WARNING: Velocity attribute does not use the linearization map. Please calculate the velocity using the position attribute.
[2026-09-28 04:39:13,391] INFO: T:5.907, State:swing, Fz:-90.87, ThetaRef:60.00, ThetaActual:10.10, EncoderTheta:89.19, EncoderVelocity:-135.97, K:10.00, B:0.50
[2026-09-28 04:39:13,393] DEBUG: No valid transitions from state swing
[2026-09-28 04:39:13,394] WARNING: Velocity attribute does not use the linearization map. Please calculate the velocity using the position attribute.
[2026-09-28 04:39:13,399] INFO: T:5.916, State:swing, Fz:-94.94, ThetaRef:60.00, ThetaActual:11.52, EncoderTheta:87.93, EncoderVelocity:-147.10, K:10.00, B:0.50
[2026-09-28 04:39:13,402] DEBUG: No valid transitions from state swing
[2026-09-28 04:39:13,402] WARNING: Velocity attribute does not use the linearization map. Please calculate the velocity using the position attribute.
[2026-09-28 04:39:13,408] INFO: T:5.925, State:swing, Fz:-96.03, ThetaRef:60.00, ThetaActual:12.96, EncoderTheta:86.70, EncoderVelocity:-142.05, K:10.00, B:0.50
[2026-09-28 04:39:13,410] DEBUG: No valid transitions from state swing
[2026-09-28 04:39:13,411] WARNING: Velocity attribute does not use the linearization map. Please calculate the velocity using the position attribute.
[2026-09-28 04:39:13,416] INFO: T:5.933, State:swing, Fz:-93.84, ThetaRef:60.00, ThetaActual:13.70, EncoderTheta:85.43, EncoderVelocity:-152.50, K:10.00, B:0.50
[2026-09-28 04:39:13,419] DEBUG: No valid transitions from state swing
[2026-09-28 04:39:13,419] WARNING: Velocity attribute does not use the linearization map. Please calculate the velocity using the position attribute.
[2026-09-28 04:39:13,425] INFO: T:5.942, State:swing, Fz:-90.65, ThetaRef:60.00, ThetaActual:15.21, EncoderTheta:84.09, EncoderVelocity:-155.42, K:10.00, B:0.50
[2026-09-28 04:39:13,428] DEBUG: No valid transitions from state swing
[2026-09-28 04:39:13,428] WARNING: Velocity attribute does not use the linearization map. Please calculate the velocity using the position attribute.
[2026-09-28 04:39:13,433] INFO: T:5.950, State:swing, Fz:-85.18, ThetaRef:60.00, ThetaActual:16.76, EncoderTheta:82.75, EncoderVelocity:-158.04, K:10.00, B:0.50
[2026-09-28 04:39:13,436] DEBUG: No valid transitions from state swing
[2026-09-28 04:39:13,436] WARNING: Velocity attribute does not use the linearization map. Please calculate the velocity using the position attribute.
[2026-09-28 04:39:13,442] INFO: T:5.959, State:swing, Fz:-76.57, ThetaRef:60.00, ThetaActual:17.55, EncoderTheta:81.43, EncoderVelocity:-153.49, K:10.00, B:0.50
[2026-09-28 04:39:13,445] DEBUG: No valid transitions from state swing
[2026-09-28 04:39:13,445] WARNING: Velocity attribute does not use the linearization map. Please calculate the velocity using the position attribute.
[2026-09-28 04:39:13,451] INFO: T:5.967, State:swing, Fz:-67.52, ThetaRef:60.00, ThetaActual:19.18, EncoderTheta:79.94, EncoderVelocity:-171.98, K:10.00, B:0.50
[2026-09-28 04:39:13,454] DEBUG: No valid transitions from state swing
[2026-09-28 04:39:13,454] WARNING: Velocity attribute does not use the linearization map. Please calculate the velocity using the position attribute.
[2026-09-28 04:39:13,459] INFO: T:5.976, State:swing, Fz:-57.60, ThetaRef:60.00, ThetaActual:20.83, EncoderTheta:78.49, EncoderVelocity:-166.69, K:10.00, B:0.50
[2026-09-28 04:39:13,462] DEBUG: No valid transitions from state swing
[2026-09-28 04:39:13,462] WARNING: Velocity attribute does not use the linearization map. Please calculate the velocity using the position attribute.
[2026-09-28 04:39:13,468] INFO: T:5.984, State:swing, Fz:-47.03, ThetaRef:60.00, ThetaActual:22.52, EncoderTheta:76.97, EncoderVelocity:-180.06, K:10.00, B:0.50
[2026-09-28 04:39:13,471] DEBUG: No valid transitions from state swing
[2026-09-28 04:39:13,471] WARNING: Velocity attribute does not use the linearization map. Please calculate the velocity using the position attribute.
[2026-09-28 04:39:13,476] INFO: T:5.993, State:swing, Fz:-38.43, ThetaRef:60.00, ThetaActual:23.39, EncoderTheta:75.50, EncoderVelocity:-171.11, K:10.00, B:0.50
[2026-09-28 04:39:13,479] DEBUG: No valid transitions from state swing
[2026-09-28 04:39:13,479] WARNING: Velocity attribute does not use the linearization map. Please calculate the velocity using the position attribute.
[2026-09-28 04:39:13,485] INFO: T:6.002, State:swing, Fz:-29.42, ThetaRef:60.00, ThetaActual:25.15, EncoderTheta:73.92, EncoderVelocity:-186.55, K:10.00, B:0.50
[2026-09-28 04:39:13,488] DEBUG: No valid transitions from state swing
[2026-09-28 04:39:13,488] WARNING: Velocity attribute does not use the linearization map. Please calculate the velocity using the position attribute.
[2026-09-28 04:39:13,494] INFO: T:6.010, State:swing, Fz:-19.57, ThetaRef:60.00, ThetaActual:26.97, EncoderTheta:72.27, EncoderVelocity:-187.46, K:10.00, B:0.50
[2026-09-28 04:39:13,497] DEBUG: No valid transitions from state swing
[2026-09-28 04:39:13,497] WARNING: Velocity attribute does not use the linearization map. Please calculate the velocity using the position attribute.
[2026-09-28 04:39:13,502] INFO: T:6.019, State:swing, Fz:-7.55, ThetaRef:60.00, ThetaActual:28.84, EncoderTheta:70.60, EncoderVelocity:-192.11, K:10.00, B:0.50
[2026-09-28 04:39:13,505] DEBUG: No valid transitions from state swing
[2026-09-28 04:39:13,505] WARNING: Velocity attribute does not use the linearization map. Please calculate the velocity using the position attribute.
[2026-09-28 04:39:13,511] INFO: T:6.028, State:swing, Fz:5.07, ThetaRef:60.00, ThetaActual:29.78, EncoderTheta:68.95, EncoderVelocity:-194.47, K:10.00, B:0.50
[2026-09-28 04:39:13,514] DEBUG: No valid transitions from state swing
[2026-09-28 04:39:13,514] WARNING: Velocity attribute does not use the linearization map. Please calculate the velocity using the position attribute.
[2026-09-28 04:39:13,519] INFO: T:6.036, State:swing, Fz:18.14, ThetaRef:60.00, ThetaActual:31.69, EncoderTheta:67.30, EncoderVelocity:-190.89, K:10.00, B:0.50
[2026-09-28 04:39:13,522] DEBUG: No valid transitions from state swing
[2026-09-28 04:39:13,522] WARNING: Velocity attribute does not use the linearization map. Please calculate the velocity using the position attribute.
[2026-09-28 04:39:13,528] INFO: T:6.045, State:swing, Fz:32.07, ThetaRef:60.00, ThetaActual:33.64, EncoderTheta:65.61, EncoderVelocity:-197.98, K:10.00, B:0.50
[2026-09-28 04:39:13,530] DEBUG: No valid transitions from state swing
[2026-09-28 04:39:13,531] WARNING: Velocity attribute does not use the linearization map. Please calculate the velocity using the position attribute.
[2026-09-28 04:39:13,536] INFO: T:6.053, State:swing, Fz:44.09, ThetaRef:60.00, ThetaActual:34.62, EncoderTheta:63.90, EncoderVelocity:-206.89, K:10.00, B:0.50
[2026-09-28 04:39:13,539] DEBUG: No valid transitions from state swing
[2026-09-28 04:39:13,539] WARNING: Velocity attribute does not use the linearization map. Please calculate the velocity using the position attribute.
[2026-09-28 04:39:13,545] INFO: T:6.062, State:swing, Fz:55.76, ThetaRef:60.00, ThetaActual:36.63, EncoderTheta:62.18, EncoderVelocity:-200.67, K:10.00, B:0.50
[2026-09-28 04:39:13,547] DEBUG: No valid transitions from state swing
[2026-09-28 04:39:13,547] WARNING: Velocity attribute does not use the linearization map. Please calculate the velocity using the position attribute.
[2026-09-28 04:39:13,553] INFO: T:6.070, State:swing, Fz:67.65, ThetaRef:60.00, ThetaActual:38.63, EncoderTheta:60.45, EncoderVelocity:-209.10, K:10.00, B:0.50
[2026-09-28 04:39:13,556] DEBUG: No valid transitions from state swing
[2026-09-28 04:39:13,556] WARNING: Velocity attribute does not use the linearization map. Please calculate the velocity using the position attribute.
[2026-09-28 04:39:13,561] INFO: T:6.078, State:swing, Fz:77.60, ThetaRef:60.00, ThetaActual:39.63, EncoderTheta:58.84, EncoderVelocity:-193.78, K:10.00, B:0.50
[2026-09-28 04:39:13,564] DEBUG: No valid transitions from state swing
[2026-09-28 04:39:13,564] WARNING: Velocity attribute does not use the linearization map. Please calculate the velocity using the position attribute.
[2026-09-28 04:39:13,570] INFO: T:6.087, State:swing, Fz:81.15, ThetaRef:60.00, ThetaActual:41.63, EncoderTheta:57.13, EncoderVelocity:-200.01, K:10.00, B:0.50
[2026-09-28 04:39:13,572] DEBUG: No valid transitions from state swing
[2026-09-28 04:39:13,572] WARNING: Velocity attribute does not use the linearization map. Please calculate the velocity using the position attribute.
[2026-09-28 04:39:13,578] INFO: T:6.095, State:swing, Fz:81.84, ThetaRef:60.00, ThetaActual:43.57, EncoderTheta:55.57, EncoderVelocity:-188.30, K:10.00, B:0.50
[2026-09-28 04:39:13,581] DEBUG: No valid transitions from state swing
[2026-09-28 04:39:13,581] WARNING: Velocity attribute does not use the linearization map. Please calculate the velocity using the position attribute.
[2026-09-28 04:39:13,587] INFO: T:6.104, State:swing, Fz:80.80, ThetaRef:60.00, ThetaActual:44.52, EncoderTheta:54.05, EncoderVelocity:-177.07, K:10.00, B:0.50
[2026-09-28 04:39:13,590] DEBUG: No valid transitions from state swing
[2026-09-28 04:39:13,590] WARNING: Velocity attribute does not use the linearization map. Please calculate the velocity using the position attribute.
[2026-09-28 04:39:13,595] INFO: T:6.112, State:swing, Fz:78.97, ThetaRef:60.00, ThetaActual:46.30, EncoderTheta:52.67, EncoderVelocity:-162.15, K:10.00, B:0.50
[2026-09-28 04:39:13,598] DEBUG: No valid transitions from state swing
[2026-09-28 04:39:13,598] WARNING: Velocity attribute does not use the linearization map. Please calculate the velocity using the position attribute.
[2026-09-28 04:39:13,604] INFO: T:6.120, State:swing, Fz:77.58, ThetaRef:60.00, ThetaActual:47.93, EncoderTheta:51.35, EncoderVelocity:-157.50, K:10.00, B:0.50
[2026-09-28 04:39:13,607] DEBUG: No valid transitions from state swing
[2026-09-28 04:39:13,607] WARNING: Velocity attribute does not use the linearization map. Please calculate the velocity using the position attribute.
[2026-09-28 04:39:13,612] INFO: T:6.129, State:swing, Fz:75.45, ThetaRef:60.00, ThetaActual:49.41, EncoderTheta:50.25, EncoderVelocity:-127.60, K:10.00, B:0.50
[2026-09-28 04:39:13,615] DEBUG: No valid transitions from state swing
[2026-09-28 04:39:13,615] WARNING: Velocity attribute does not use the linearization map. Please calculate the velocity using the position attribute.
[2026-09-28 04:39:13,621] INFO: T:6.138, State:swing, Fz:73.83, ThetaRef:60.00, ThetaActual:50.08, EncoderTheta:49.24, EncoderVelocity:-117.42, K:10.00, B:0.50
[2026-09-28 04:39:13,623] DEBUG: No valid transitions from state swing
[2026-09-28 04:39:13,624] WARNING: Velocity attribute does not use the linearization map. Please calculate the velocity using the position attribute.
[2026-09-28 04:39:13,629] INFO: T:6.146, State:swing, Fz:72.62, ThetaRef:60.00, ThetaActual:51.28, EncoderTheta:48.41, EncoderVelocity:-99.54, K:10.00, B:0.50
[2026-09-28 04:39:13,632] DEBUG: No valid transitions from state swing
[2026-09-28 04:39:13,632] WARNING: Velocity attribute does not use the linearization map. Please calculate the velocity using the position attribute.
[2026-09-28 04:39:13,638] INFO: T:6.154, State:swing, Fz:72.15, ThetaRef:60.00, ThetaActual:52.29, EncoderTheta:47.59, EncoderVelocity:-96.50, K:10.00, B:0.50
[2026-09-28 04:39:13,640] DEBUG: No valid transitions from state swing
[2026-09-28 04:39:13,640] WARNING: Velocity attribute does not use the linearization map. Please calculate the velocity using the position attribute.
[2026-09-28 04:39:13,646] INFO: T:6.163, State:swing, Fz:70.81, ThetaRef:60.00, ThetaActual:52.73, EncoderTheta:47.04, EncoderVelocity:-65.88, K:10.00, B:0.50
[2026-09-28 04:39:13,649] DEBUG: No valid transitions from state swing
[2026-09-28 04:39:13,649] WARNING: Velocity attribute does not use the linearization map. Please calculate the velocity using the position attribute.
[2026-09-28 04:39:13,655] INFO: T:6.171, State:swing, Fz:67.80, ThetaRef:60.00, ThetaActual:53.46, EncoderTheta:46.58, EncoderVelocity:-54.71, K:10.00, B:0.50
[2026-09-28 04:39:13,657] DEBUG: No valid transitions from state swing
[2026-09-28 04:39:13,657] WARNING: Velocity attribute does not use the linearization map. Please calculate the velocity using the position attribute.
[2026-09-28 04:39:13,663] INFO: T:6.180, State:swing, Fz:63.99, ThetaRef:60.00, ThetaActual:53.97, EncoderTheta:46.21, EncoderVelocity:-43.30, K:10.00, B:0.50
[2026-09-28 04:39:13,666] DEBUG: No valid transitions from state swing
[2026-09-28 04:39:13,666] WARNING: Velocity attribute does not use the linearization map. Please calculate the velocity using the position attribute.
[2026-09-28 04:39:13,672] INFO: T:6.188, State:swing, Fz:60.09, ThetaRef:60.00, ThetaActual:54.14, EncoderTheta:46.21, EncoderVelocity:0.00, K:10.00, B:0.50
[2026-09-28 04:39:13,674] DEBUG: No valid transitions from state swing
[2026-09-28 04:39:13,674] WARNING: Velocity attribute does not use the linearization map. Please calculate the velocity using the position attribute.
[2026-09-28 04:39:13,680] INFO: T:6.197, State:swing, Fz:56.05, ThetaRef:60.00, ThetaActual:54.28, EncoderTheta:46.23, EncoderVelocity:2.62, K:10.00, B:0.50
[2026-09-28 04:39:13,683] DEBUG: No valid transitions from state swing
[2026-09-28 04:39:13,683] WARNING: Velocity attribute does not use the linearization map. Please calculate the velocity using the position attribute.
[2026-09-28 04:39:13,689] INFO: T:6.205, State:swing, Fz:47.94, ThetaRef:60.00, ThetaActual:54.20, EncoderTheta:46.52, EncoderVelocity:33.58, K:10.00, B:0.50
[2026-09-28 04:39:13,691] DEBUG: No valid transitions from state swing
[2026-09-28 04:39:13,691] WARNING: Velocity attribute does not use the linearization map. Please calculate the velocity using the position attribute.
[2026-09-28 04:39:13,697] INFO: T:6.214, State:swing, Fz:39.31, ThetaRef:60.00, ThetaActual:54.11, EncoderTheta:46.89, EncoderVelocity:43.66, K:10.00, B:0.50
[2026-09-28 04:39:13,700] DEBUG: No valid transitions from state swing
[2026-09-28 04:39:13,700] WARNING: Velocity attribute does not use the linearization map. Please calculate the velocity using the position attribute.
[2026-09-28 04:39:13,705] INFO: T:6.222, State:swing, Fz:29.24, ThetaRef:60.00, ThetaActual:53.77, EncoderTheta:47.50, EncoderVelocity:71.95, K:10.00, B:0.50
[2026-09-28 04:39:13,708] DEBUG: No valid transitions from state swing
[2026-09-28 04:39:13,708] WARNING: Velocity attribute does not use the linearization map. Please calculate the velocity using the position attribute.
[2026-09-28 04:39:13,714] INFO: T:6.231, State:swing, Fz:22.48, ThetaRef:60.00, ThetaActual:53.23, EncoderTheta:48.16, EncoderVelocity:79.80, K:10.00, B:0.50
[2026-09-28 04:39:13,716] DEBUG: No valid transitions from state swing
[2026-09-28 04:39:13,717] WARNING: Velocity attribute does not use the linearization map. Please calculate the velocity using the position attribute.
[2026-09-28 04:39:13,722] INFO: T:6.239, State:swing, Fz:14.95, ThetaRef:60.00, ThetaActual:52.45, EncoderTheta:48.96, EncoderVelocity:94.82, K:10.00, B:0.50
[2026-09-28 04:39:13,725] DEBUG: No valid transitions from state swing
[2026-09-28 04:39:13,725] WARNING: Velocity attribute does not use the linearization map. Please calculate the velocity using the position attribute.
[2026-09-28 04:39:13,731] INFO: T:6.248, State:swing, Fz:10.16, ThetaRef:60.00, ThetaActual:51.99, EncoderTheta:49.88, EncoderVelocity:106.77, K:10.00, B:0.50
[2026-09-28 04:39:13,733] DEBUG: No valid transitions from state swing
[2026-09-28 04:39:13,733] WARNING: Velocity attribute does not use the linearization map. Please calculate the velocity using the position attribute.
[2026-09-28 04:39:13,739] INFO: T:6.256, State:swing, Fz:6.54, ThetaRef:60.00, ThetaActual:50.91, EncoderTheta:50.89, EncoderVelocity:122.13, K:10.00, B:0.50
[2026-09-28 04:39:13,742] DEBUG: No valid transitions from state swing
[2026-09-28 04:39:13,742] WARNING: Velocity attribute does not use the linearization map. Please calculate the velocity using the position attribute.
[2026-09-28 04:39:13,748] INFO: T:6.264, State:swing, Fz:2.27, ThetaRef:60.00, ThetaActual:49.64, EncoderTheta:52.05, EncoderVelocity:139.04, K:10.00, B:0.50
[2026-09-28 04:39:13,750] DEBUG: No valid transitions from state swing
[2026-09-28 04:39:13,750] WARNING: Velocity attribute does not use the linearization map. Please calculate the velocity using the position attribute.
[2026-09-28 04:39:13,756] INFO: T:6.273, State:swing, Fz:-1.00, ThetaRef:60.00, ThetaActual:48.94, EncoderTheta:53.39, EncoderVelocity:156.43, K:10.00, B:0.50
[2026-09-28 04:39:13,759] DEBUG: No valid transitions from state swing
[2026-09-28 04:39:13,759] WARNING: Velocity attribute does not use the linearization map. Please calculate the velocity using the position attribute.
[2026-09-28 04:39:13,764] INFO: T:6.281, State:swing, Fz:-2.93, ThetaRef:60.00, ThetaActual:47.40, EncoderTheta:54.80, EncoderVelocity:168.32, K:10.00, B:0.50
[2026-09-28 04:39:13,767] DEBUG: No valid transitions from state swing
[2026-09-28 04:39:13,767] WARNING: Velocity attribute does not use the linearization map. Please calculate the velocity using the position attribute.
[2026-09-28 04:39:13,773] INFO: T:6.290, State:swing, Fz:-3.94, ThetaRef:60.00, ThetaActual:45.72, EncoderTheta:56.36, EncoderVelocity:185.98, K:10.00, B:0.50
[2026-09-28 04:39:13,776] DEBUG: No valid transitions from state swing
[2026-09-28 04:39:13,776] WARNING: Velocity attribute does not use the linearization map. Please calculate the velocity using the position attribute.
[2026-09-28 04:39:13,781] INFO: T:6.298, State:swing, Fz:-7.64, ThetaRef:60.00, ThetaActual:44.83, EncoderTheta:57.96, EncoderVelocity:188.35, K:10.00, B:0.50
[2026-09-28 04:39:13,784] DEBUG: No valid transitions from state swing
[2026-09-28 04:39:13,784] WARNING: Velocity attribute does not use the linearization map. Please calculate the velocity using the position attribute.
[2026-09-28 04:39:13,790] INFO: T:6.307, State:swing, Fz:-11.44, ThetaRef:60.00, ThetaActual:42.94, EncoderTheta:59.74, EncoderVelocity:209.71, K:10.00, B:0.50
[2026-09-28 04:39:13,793] DEBUG: No valid transitions from state swing
[2026-09-28 04:39:13,793] WARNING: Velocity attribute does not use the linearization map. Please calculate the velocity using the position attribute.
[2026-09-28 04:39:13,798] INFO: T:6.315, State:swing, Fz:-13.39, ThetaRef:60.00, ThetaActual:40.93, EncoderTheta:61.48, EncoderVelocity:204.64, K:10.00, B:0.50
[2026-09-28 04:39:13,801] DEBUG: No valid transitions from state swing
[2026-09-28 04:39:13,801] WARNING: Velocity attribute does not use the linearization map. Please calculate the velocity using the position attribute.
[2026-09-28 04:39:13,807] INFO: T:6.324, State:swing, Fz:-15.85, ThetaRef:60.00, ThetaActual:39.88, EncoderTheta:63.37, EncoderVelocity:219.69, K:10.00, B:0.50
[2026-09-28 04:39:13,810] DEBUG: No valid transitions from state swing
[2026-09-28 04:39:13,810] WARNING: Velocity attribute does not use the linearization map. Please calculate the velocity using the position attribute.
[2026-09-28 04:39:13,815] INFO: T:6.332, State:swing, Fz:-17.24, ThetaRef:60.00, ThetaActual:37.71, EncoderTheta:65.32, EncoderVelocity:228.64, K:10.00, B:0.50
[2026-09-28 04:39:13,818] DEBUG: No valid transitions from state swing
[2026-09-28 04:39:13,818] WARNING: Velocity attribute does not use the linearization map. Please calculate the velocity using the position attribute.
[2026-09-28 04:39:13,824] INFO: T:6.341, State:swing, Fz:-17.85, ThetaRef:60.00, ThetaActual:35.45, EncoderTheta:67.26, EncoderVelocity:233.32, K:10.00, B:0.50
[2026-09-28 04:39:13,827] DEBUG: No valid transitions from state swing
[2026-09-28 04:39:13,827] WARNING: Velocity attribute does not use the linearization map. Please calculate the velocity using the position attribute.
[2026-09-28 04:39:13,832] INFO: T:6.349, State:swing, Fz:-19.76, ThetaRef:60.00, ThetaActual:33.12, EncoderTheta:69.30, EncoderVelocity:238.66, K:10.00, B:0.50
[2026-09-28 04:39:13,835] DEBUG: No valid transitions from state swing
[2026-09-28 04:39:13,835] WARNING: Velocity attribute does not use the linearization map. Please calculate the velocity using the position attribute.
[2026-09-28 04:39:13,841] INFO: T:6.357, State:swing, Fz:-21.20, ThetaRef:60.00, ThetaActual:31.93, EncoderTheta:71.35, EncoderVelocity:245.87, K:10.00, B:0.50
[2026-09-28 04:39:13,843] DEBUG: No valid transitions from state swing
[2026-09-28 04:39:13,844] WARNING: Velocity attribute does not use the linearization map. Please calculate the velocity using the position attribute.
[2026-09-28 04:39:13,849] INFO: T:6.366, State:swing, Fz:-21.35, ThetaRef:60.00, ThetaActual:29.51, EncoderTheta:73.45, EncoderVelocity:245.03, K:10.00, B:0.50
[2026-09-28 04:39:13,852] DEBUG: No valid transitions from state swing
[2026-09-28 04:39:13,852] WARNING: Velocity attribute does not use the linearization map. Please calculate the velocity using the position attribute.
[2026-09-28 04:39:13,858] INFO: T:6.374, State:swing, Fz:-23.95, ThetaRef:60.00, ThetaActual:27.05, EncoderTheta:75.54, EncoderVelocity:248.46, K:10.00, B:0.50
[2026-09-28 04:39:13,860] DEBUG: No valid transitions from state swing
[2026-09-28 04:39:13,860] WARNING: Velocity attribute does not use the linearization map. Please calculate the velocity using the position attribute.
[2026-09-28 04:39:13,866] INFO: T:6.383, State:swing, Fz:-25.83, ThetaRef:60.00, ThetaActual:25.80, EncoderTheta:77.59, EncoderVelocity:244.08, K:10.00, B:0.50
[2026-09-28 04:39:13,869] DEBUG: No valid transitions from state swing
[2026-09-28 04:39:13,869] WARNING: Velocity attribute does not use the linearization map. Please calculate the velocity using the position attribute.
[2026-09-28 04:39:13,874] INFO: T:6.391, State:swing, Fz:-25.82, ThetaRef:60.00, ThetaActual:23.31, EncoderTheta:79.72, EncoderVelocity:253.53, K:10.00, B:0.50
[2026-09-28 04:39:13,877] DEBUG: No valid transitions from state swing
[2026-09-28 04:39:13,877] WARNING: Velocity attribute does not use the linearization map. Please calculate the velocity using the position attribute.
[2026-09-28 04:39:13,883] INFO: T:6.400, State:swing, Fz:-26.77, ThetaRef:60.00, ThetaActual:20.81, EncoderTheta:81.87, EncoderVelocity:253.07, K:10.00, B:0.50
[2026-09-28 04:39:13,886] DEBUG: No valid transitions from state swing
[2026-09-28 04:39:13,886] WARNING: Velocity attribute does not use the linearization map. Please calculate the velocity using the position attribute.
[2026-09-28 04:39:13,891] INFO: T:6.408, State:swing, Fz:-27.58, ThetaRef:60.00, ThetaActual:19.57, EncoderTheta:83.91, EncoderVelocity:240.23, K:10.00, B:0.50
[2026-09-28 04:39:13,894] DEBUG: No valid transitions from state swing
[2026-09-28 04:39:13,894] WARNING: Velocity attribute does not use the linearization map. Please calculate the velocity using the position attribute.
[2026-09-28 04:39:13,900] INFO: T:6.417, State:swing, Fz:-27.69, ThetaRef:60.00, ThetaActual:17.09, EncoderTheta:86.04, EncoderVelocity:250.81, K:10.00, B:0.50
[2026-09-28 04:39:13,903] DEBUG: No valid transitions from state swing
[2026-09-28 04:39:13,903] WARNING: Velocity attribute does not use the linearization map. Please calculate the velocity using the position attribute.
[2026-09-28 04:39:13,908] INFO: T:6.425, State:swing, Fz:-29.25, ThetaRef:60.00, ThetaActual:14.66, EncoderTheta:88.07, EncoderVelocity:235.03, K:10.00, B:0.50
[2026-09-28 04:39:13,911] WARNING: Velocity attribute does not use the linearization map. Please calculate the velocity using the position attribute.
[2026-09-28 04:39:13,917] INFO: T:6.434, State:early_stance, Fz:-29.46, ThetaRef:15.00, ThetaActual:13.45, EncoderTheta:90.02, EncoderVelocity:236.28, K:20.00, B:1.00
[2026-09-28 04:39:13,919] DEBUG: No valid transitions from state early_stance
[2026-09-28 04:39:13,919] WARNING: Velocity attribute does not use the linearization map. Please calculate the velocity using the position attribute.
[2026-09-28 04:39:13,925] INFO: T:6.442, State:early_stance, Fz:-30.57, ThetaRef:15.00, ThetaActual:11.08, EncoderTheta:91.91, EncoderVelocity:228.77, K:20.00, B:1.00
[2026-09-28 04:39:13,928] DEBUG: No valid transitions from state early_stance
[2026-09-28 04:39:13,928] WARNING: Velocity attribute does not use the linearization map. Please calculate the velocity using the position attribute.
[2026-09-28 04:39:13,933] INFO: T:6.450, State:early_stance, Fz:-31.43, ThetaRef:15.00, ThetaActual:8.77, EncoderTheta:93.87, EncoderVelocity:229.80, K:20.00, B:1.00
[2026-09-28 04:39:13,936] DEBUG: No valid transitions from state early_stance
[2026-09-28 04:39:13,936] WARNING: Velocity attribute does not use the linearization map. Please calculate the velocity using the position attribute.
[2026-09-28 04:39:13,942] INFO: T:6.459, State:early_stance, Fz:-31.61, ThetaRef:15.00, ThetaActual:7.65, EncoderTheta:95.65, EncoderVelocity:216.23, K:20.00, B:1.00
[2026-09-28 04:39:13,945] DEBUG: No valid transitions from state early_stance
[2026-09-28 04:39:13,945] WARNING: Velocity attribute does not use the linearization map. Please calculate the velocity using the position attribute.
[2026-09-28 04:39:13,950] INFO: T:6.467, State:early_stance, Fz:-32.75, ThetaRef:15.00, ThetaActual:5.45, EncoderTheta:97.40, EncoderVelocity:207.18, K:20.00, B:1.00
[2026-09-28 04:39:13,953] DEBUG: No valid transitions from state early_stance
[2026-09-28 04:39:13,953] WARNING: Velocity attribute does not use the linearization map. Please calculate the velocity using the position attribute.
[2026-09-28 04:39:13,959] INFO: T:6.475, State:early_stance, Fz:-34.10, ThetaRef:15.00, ThetaActual:3.35, EncoderTheta:99.05, EncoderVelocity:197.85, K:20.00, B:1.00
[2026-09-28 04:39:13,961] DEBUG: No valid transitions from state early_stance
[2026-09-28 04:39:13,961] WARNING: Velocity attribute does not use the linearization map. Please calculate the velocity using the position attribute.
[2026-09-28 04:39:13,967] INFO: T:6.484, State:early_stance, Fz:-48.17, ThetaRef:15.00, ThetaActual:1.38, EncoderTheta:100.17, EncoderVelocity:131.17, K:20.00, B:1.00
[2026-09-28 04:39:13,970] DEBUG: No valid transitions from state early_stance
[2026-09-28 04:39:13,970] WARNING: Velocity attribute does not use the linearization map. Please calculate the velocity using the position attribute.
[2026-09-28 04:39:13,976] INFO: T:6.493, State:early_stance, Fz:-131.64, ThetaRef:15.00, ThetaActual:0.44, EncoderTheta:100.28, EncoderVelocity:12.69, K:20.00, B:1.00
[2026-09-28 04:39:13,979] DEBUG: No valid transitions from state early_stance
[2026-09-28 04:39:13,979] WARNING: Velocity attribute does not use the linearization map. Please calculate the velocity using the position attribute.
[2026-09-28 04:39:13,984] INFO: T:6.501, State:early_stance, Fz:-71.98, ThetaRef:15.00, ThetaActual:-0.94, EncoderTheta:100.20, EncoderVelocity:-10.37, K:20.00, B:1.00
[2026-09-28 04:39:13,987] DEBUG: No valid transitions from state early_stance
[2026-09-28 04:39:13,987] WARNING: Velocity attribute does not use the linearization map. Please calculate the velocity using the position attribute.
[2026-09-28 04:39:13,993] INFO: T:6.509, State:early_stance, Fz:-64.88, ThetaRef:15.00, ThetaActual:-0.73, EncoderTheta:100.15, EncoderVelocity:-5.25, K:20.00, B:1.00
[2026-09-28 04:39:13,995] DEBUG: No valid transitions from state early_stance
[2026-09-28 04:39:13,995] WARNING: Velocity attribute does not use the linearization map. Please calculate the velocity using the position attribute.
[2026-09-28 04:39:14,001] INFO: T:6.518, State:early_stance, Fz:-87.55, ThetaRef:15.00, ThetaActual:-0.16, EncoderTheta:100.02, EncoderVelocity:-15.78, K:20.00, B:1.00
[2026-09-28 04:39:14,004] DEBUG: No valid transitions from state early_stance
[2026-09-28 04:39:14,004] WARNING: Velocity attribute does not use the linearization map. Please calculate the velocity using the position attribute.
[2026-09-28 04:39:14,010] INFO: T:6.526, State:early_stance, Fz:-80.26, ThetaRef:15.00, ThetaActual:1.20, EncoderTheta:99.54, EncoderVelocity:-57.11, K:20.00, B:1.00
[2026-09-28 04:39:14,012] DEBUG: No valid transitions from state early_stance
[2026-09-28 04:39:14,012] WARNING: Velocity attribute does not use the linearization map. Please calculate the velocity using the position attribute.
[2026-09-28 04:39:14,018] INFO: T:6.535, State:early_stance, Fz:-97.79, ThetaRef:15.00, ThetaActual:2.44, EncoderTheta:98.68, EncoderVelocity:-100.66, K:20.00, B:1.00
[2026-09-28 04:39:14,021] DEBUG: No valid transitions from state early_stance
[2026-09-28 04:39:14,021] WARNING: Velocity attribute does not use the linearization map. Please calculate the velocity using the position attribute.
[2026-09-28 04:39:14,026] INFO: T:6.543, State:early_stance, Fz:-95.60, ThetaRef:15.00, ThetaActual:2.94, EncoderTheta:97.71, EncoderVelocity:-116.23, K:20.00, B:1.00
[2026-09-28 04:39:14,029] DEBUG: No valid transitions from state early_stance
[2026-09-28 04:39:14,029] WARNING: Velocity attribute does not use the linearization map. Please calculate the velocity using the position attribute.
[2026-09-28 04:39:14,035] INFO: T:6.551, State:early_stance, Fz:-75.40, ThetaRef:15.00, ThetaActual:3.71, EncoderTheta:96.88, EncoderVelocity:-100.17, K:20.00, B:1.00
[2026-09-28 04:39:14,037] DEBUG: No valid transitions from state early_stance
[2026-09-28 04:39:14,037] WARNING: Velocity attribute does not use the linearization map. Please calculate the velocity using the position attribute.
[2026-09-28 04:39:14,043] INFO: T:6.560, State:early_stance, Fz:-56.52, ThetaRef:15.00, ThetaActual:4.31, EncoderTheta:96.17, EncoderVelocity:-84.31, K:20.00, B:1.00
[2026-09-28 04:39:14,045] DEBUG: No valid transitions from state early_stance
[2026-09-28 04:39:14,046] WARNING: Velocity attribute does not use the linearization map. Please calculate the velocity using the position attribute.
[2026-09-28 04:39:14,051] INFO: T:6.568, State:early_stance, Fz:-41.08, ThetaRef:15.00, ThetaActual:4.58, EncoderTheta:95.67, EncoderVelocity:-61.07, K:20.00, B:1.00
[2026-09-28 04:39:14,054] DEBUG: No valid transitions from state early_stance
[2026-09-28 04:39:14,054] WARNING: Velocity attribute does not use the linearization map. Please calculate the velocity using the position attribute.
[2026-09-28 04:39:14,059] INFO: T:6.576, State:early_stance, Fz:-26.85, ThetaRef:15.00, ThetaActual:5.07, EncoderTheta:95.30, EncoderVelocity:-45.15, K:20.00, B:1.00
[2026-09-28 04:39:14,062] DEBUG: No valid transitions from state early_stance
[2026-09-28 04:39:14,062] WARNING: Velocity attribute does not use the linearization map. Please calculate the velocity using the position attribute.
[2026-09-28 04:39:14,068] INFO: T:6.585, State:early_stance, Fz:-20.56, ThetaRef:15.00, ThetaActual:5.52, EncoderTheta:95.03, EncoderVelocity:-31.64, K:20.00, B:1.00
[2026-09-28 04:39:14,070] DEBUG: No valid transitions from state early_stance
[2026-09-28 04:39:14,070] WARNING: Velocity attribute does not use the linearization map. Please calculate the velocity using the position attribute.
[2026-09-28 04:39:14,076] INFO: T:6.593, State:early_stance, Fz:-19.29, ThetaRef:15.00, ThetaActual:5.72, EncoderTheta:94.70, EncoderVelocity:-39.81, K:20.00, B:1.00
[2026-09-28 04:39:14,079] DEBUG: No valid transitions from state early_stance
[2026-09-28 04:39:14,079] WARNING: Velocity attribute does not use the linearization map. Please calculate the velocity using the position attribute.
[2026-09-28 04:39:14,084] INFO: T:6.601, State:early_stance, Fz:-14.84, ThetaRef:15.00, ThetaActual:6.06, EncoderTheta:94.44, EncoderVelocity:-31.57, K:20.00, B:1.00
[2026-09-28 04:39:14,087] DEBUG: No valid transitions from state early_stance
[2026-09-28 04:39:14,087] WARNING: Velocity attribute does not use the linearization map. Please calculate the velocity using the position attribute.
[2026-09-28 04:39:14,093] INFO: T:6.610, State:early_stance, Fz:-6.89, ThetaRef:15.00, ThetaActual:6.34, EncoderTheta:94.22, EncoderVelocity:-26.58, K:20.00, B:1.00
[2026-09-28 04:39:14,095] DEBUG: No valid transitions from state early_stance
[2026-09-28 04:39:14,095] WARNING: Velocity attribute does not use the linearization map. Please calculate the velocity using the position attribute.
[2026-09-28 04:39:14,101] INFO: T:6.618, State:early_stance, Fz:-0.33, ThetaRef:15.00, ThetaActual:6.46, EncoderTheta:94.04, EncoderVelocity:-21.26, K:20.00, B:1.00
[2026-09-28 04:39:14,103] DEBUG: No valid transitions from state early_stance
[2026-09-28 04:39:14,104] WARNING: Velocity attribute does not use the linearization map. Please calculate the velocity using the position attribute.
[2026-09-28 04:39:14,109] INFO: T:6.626, State:early_stance, Fz:2.58, ThetaRef:15.00, ThetaActual:6.68, EncoderTheta:93.93, EncoderVelocity:-13.38, K:20.00, B:1.00
[2026-09-28 04:39:14,112] DEBUG: No valid transitions from state early_stance
[2026-09-28 04:39:14,112] WARNING: Velocity attribute does not use the linearization map. Please calculate the velocity using the position attribute.
[2026-09-28 04:39:14,117] INFO: T:6.634, State:early_stance, Fz:2.29, ThetaRef:15.00, ThetaActual:6.86, EncoderTheta:93.85, EncoderVelocity:-10.54, K:20.00, B:1.00
[2026-09-28 04:39:14,120] DEBUG: No valid transitions from state early_stance
[2026-09-28 04:39:14,120] WARNING: Velocity attribute does not use the linearization map. Please calculate the velocity using the position attribute.
[2026-09-28 04:39:14,126] INFO: T:6.643, State:early_stance, Fz:2.57, ThetaRef:15.00, ThetaActual:6.93, EncoderTheta:93.78, EncoderVelocity:-7.95, K:20.00, B:1.00
[2026-09-28 04:39:14,129] DEBUG: No valid transitions from state early_stance
[2026-09-28 04:39:14,129] WARNING: Velocity attribute does not use the linearization map. Please calculate the velocity using the position attribute.
[2026-09-28 04:39:14,135] INFO: T:6.651, State:early_stance, Fz:5.73, ThetaRef:15.00, ThetaActual:7.00, EncoderTheta:93.67, EncoderVelocity:-12.68, K:20.00, B:1.00
[2026-09-28 04:39:14,137] DEBUG: No valid transitions from state early_stance
[2026-09-28 04:39:14,137] WARNING: Velocity attribute does not use the linearization map. Please calculate the velocity using the position attribute.
[2026-09-28 04:39:14,143] INFO: T:6.660, State:early_stance, Fz:4.22, ThetaRef:15.00, ThetaActual:7.01, EncoderTheta:93.74, EncoderVelocity:7.82, K:20.00, B:1.00
[2026-09-28 04:39:14,145] DEBUG: No valid transitions from state early_stance
[2026-09-28 04:39:14,146] WARNING: Velocity attribute does not use the linearization map. Please calculate the velocity using the position attribute.
[2026-09-28 04:39:14,151] INFO: T:6.668, State:early_stance, Fz:3.07, ThetaRef:15.00, ThetaActual:7.01, EncoderTheta:93.78, EncoderVelocity:5.31, K:20.00, B:1.00
[2026-09-28 04:39:14,154] DEBUG: No valid transitions from state early_stance
[2026-09-28 04:39:14,154] WARNING: Velocity attribute does not use the linearization map. Please calculate the velocity using the position attribute.
[2026-09-28 04:39:14,160] INFO: T:6.677, State:early_stance, Fz:1.66, ThetaRef:15.00, ThetaActual:6.99, EncoderTheta:93.74, EncoderVelocity:-5.09, K:20.00, B:1.00
[2026-09-28 04:39:14,162] DEBUG: No valid transitions from state early_stance
[2026-09-28 04:39:14,163] WARNING: Velocity attribute does not use the linearization map. Please calculate the velocity using the position attribute.
[2026-09-28 04:39:14,168] INFO: T:6.685, State:early_stance, Fz:1.05, ThetaRef:15.00, ThetaActual:6.99, EncoderTheta:93.76, EncoderVelocity:2.61, K:20.00, B:1.00
[2026-09-28 04:39:14,171] DEBUG: No valid transitions from state early_stance
[2026-09-28 04:39:14,171] WARNING: Velocity attribute does not use the linearization map. Please calculate the velocity using the position attribute.
[2026-09-28 04:39:14,177] INFO: T:6.693, State:early_stance, Fz:0.65, ThetaRef:15.00, ThetaActual:6.99, EncoderTheta:93.74, EncoderVelocity:-2.63, K:20.00, B:1.00
[2026-09-28 04:39:14,179] DEBUG: No valid transitions from state early_stance
[2026-09-28 04:39:14,179] WARNING: Velocity attribute does not use the linearization map. Please calculate the velocity using the position attribute.
[2026-09-28 04:39:14,185] INFO: T:6.702, State:early_stance, Fz:2.32, ThetaRef:15.00, ThetaActual:6.99, EncoderTheta:93.78, EncoderVelocity:5.29, K:20.00, B:1.00
[2026-09-28 04:39:14,187] DEBUG: No valid transitions from state early_stance
[2026-09-28 04:39:14,188] WARNING: Velocity attribute does not use the linearization map. Please calculate the velocity using the position attribute.
[2026-09-28 04:39:14,193] INFO: T:6.710, State:early_stance, Fz:5.54, ThetaRef:15.00, ThetaActual:6.99, EncoderTheta:93.74, EncoderVelocity:-5.29, K:20.00, B:1.00
[2026-09-28 04:39:14,196] DEBUG: No valid transitions from state early_stance
[2026-09-28 04:39:14,196] WARNING: Velocity attribute does not use the linearization map. Please calculate the velocity using the position attribute.
[2026-09-28 04:39:14,202] INFO: T:6.718, State:early_stance, Fz:6.56, ThetaRef:15.00, ThetaActual:6.99, EncoderTheta:93.74, EncoderVelocity:0.00, K:20.00, B:1.00
[2026-09-28 04:39:14,204] DEBUG: No valid transitions from state early_stance
[2026-09-28 04:39:14,204] WARNING: Velocity attribute does not use the linearization map. Please calculate the velocity using the position attribute.
[2026-09-28 04:39:14,210] INFO: T:6.727, State:early_stance, Fz:8.27, ThetaRef:15.00, ThetaActual:6.99, EncoderTheta:93.74, EncoderVelocity:0.00, K:20.00, B:1.00
[2026-09-28 04:39:14,212] DEBUG: No valid transitions from state early_stance
[2026-09-28 04:39:14,212] WARNING: Velocity attribute does not use the linearization map. Please calculate the velocity using the position attribute.
[2026-09-28 04:39:14,218] INFO: T:6.735, State:early_stance, Fz:8.60, ThetaRef:15.00, ThetaActual:6.99, EncoderTheta:93.71, EncoderVelocity:-2.65, K:20.00, B:1.00
[2026-09-28 04:39:14,221] DEBUG: No valid transitions from state early_stance
[2026-09-28 04:39:14,221] WARNING: Velocity attribute does not use the linearization map. Please calculate the velocity using the position attribute.
[2026-09-28 04:39:14,226] INFO: T:6.743, State:early_stance, Fz:9.35, ThetaRef:15.00, ThetaActual:6.99, EncoderTheta:93.74, EncoderVelocity:2.64, K:20.00, B:1.00
[2026-09-28 04:39:14,229] DEBUG: No valid transitions from state early_stance
[2026-09-28 04:39:14,229] WARNING: Velocity attribute does not use the linearization map. Please calculate the velocity using the position attribute.
[2026-09-28 04:39:14,235] INFO: T:6.752, State:early_stance, Fz:9.42, ThetaRef:15.00, ThetaActual:6.99, EncoderTheta:93.76, EncoderVelocity:2.64, K:20.00, B:1.00
[2026-09-28 04:39:14,237] DEBUG: No valid transitions from state early_stance
[2026-09-28 04:39:14,237] WARNING: Velocity attribute does not use the linearization map. Please calculate the velocity using the position attribute.
[2026-09-28 04:39:14,243] INFO: T:6.760, State:early_stance, Fz:8.51, ThetaRef:15.00, ThetaActual:6.99, EncoderTheta:93.78, EncoderVelocity:2.68, K:20.00, B:1.00
[2026-09-28 04:39:14,246] DEBUG: No valid transitions from state early_stance
[2026-09-28 04:39:14,246] WARNING: Velocity attribute does not use the linearization map. Please calculate the velocity using the position attribute.
[2026-09-28 04:39:14,251] INFO: T:6.768, State:early_stance, Fz:7.82, ThetaRef:15.00, ThetaActual:6.99, EncoderTheta:93.67, EncoderVelocity:-13.26, K:20.00, B:1.00
[2026-09-28 04:39:14,254] DEBUG: No valid transitions from state early_stance
[2026-09-28 04:39:14,254] WARNING: Velocity attribute does not use the linearization map. Please calculate the velocity using the position attribute.
[2026-09-28 04:39:14,260] INFO: T:6.776, State:early_stance, Fz:7.30, ThetaRef:15.00, ThetaActual:6.99, EncoderTheta:93.74, EncoderVelocity:7.90, K:20.00, B:1.00
[2026-09-28 04:39:14,262] DEBUG: No valid transitions from state early_stance
[2026-09-28 04:39:14,262] WARNING: Velocity attribute does not use the linearization map. Please calculate the velocity using the position attribute.
[2026-09-28 04:39:14,268] INFO: T:6.785, State:early_stance, Fz:5.93, ThetaRef:15.00, ThetaActual:6.99, EncoderTheta:93.76, EncoderVelocity:2.62, K:20.00, B:1.00
[2026-09-28 04:39:14,271] DEBUG: No valid transitions from state early_stance
[2026-09-28 04:39:14,271] WARNING: Velocity attribute does not use the linearization map. Please calculate the velocity using the position attribute.
[2026-09-28 04:39:14,276] INFO: T:6.793, State:early_stance, Fz:4.88, ThetaRef:15.00, ThetaActual:6.99, EncoderTheta:93.78, EncoderVelocity:2.63, K:20.00, B:1.00
[2026-09-28 04:39:14,279] DEBUG: No valid transitions from state early_stance
[2026-09-28 04:39:14,279] WARNING: Velocity attribute does not use the linearization map. Please calculate the velocity using the position attribute.
[2026-09-28 04:39:14,285] INFO: T:6.802, State:early_stance, Fz:6.05, ThetaRef:15.00, ThetaActual:6.99, EncoderTheta:93.76, EncoderVelocity:-2.64, K:20.00, B:1.00
[2026-09-28 04:39:14,287] DEBUG: No valid transitions from state early_stance
[2026-09-28 04:39:14,287] WARNING: Velocity attribute does not use the linearization map. Please calculate the velocity using the position attribute.
[2026-09-28 04:39:14,293] INFO: T:6.810, State:early_stance, Fz:5.52, ThetaRef:15.00, ThetaActual:6.99, EncoderTheta:93.67, EncoderVelocity:-10.49, K:20.00, B:1.00
[2026-09-28 04:39:14,296] DEBUG: No valid transitions from state early_stance
[2026-09-28 04:39:14,296] WARNING: Velocity attribute does not use the linearization map. Please calculate the velocity using the position attribute.
[2026-09-28 04:39:14,301] INFO: T:6.818, State:early_stance, Fz:4.10, ThetaRef:15.00, ThetaActual:6.99, EncoderTheta:93.69, EncoderVelocity:2.66, K:20.00, B:1.00
[2026-09-28 04:39:14,304] DEBUG: No valid transitions from state early_stance
[2026-09-28 04:39:14,304] WARNING: Velocity attribute does not use the linearization map. Please calculate the velocity using the position attribute.
[2026-09-28 04:39:14,310] INFO: T:6.826, State:early_stance, Fz:3.47, ThetaRef:15.00, ThetaActual:6.99, EncoderTheta:93.74, EncoderVelocity:5.32, K:20.00, B:1.00
[2026-09-28 04:39:14,312] DEBUG: No valid transitions from state early_stance
[2026-09-28 04:39:14,312] WARNING: Velocity attribute does not use the linearization map. Please calculate the velocity using the position attribute.
[2026-09-28 04:39:14,318] INFO: T:6.835, State:early_stance, Fz:2.55, ThetaRef:15.00, ThetaActual:6.99, EncoderTheta:93.71, EncoderVelocity:-2.63, K:20.00, B:1.00
[2026-09-28 04:39:14,320] DEBUG: No valid transitions from state early_stance
[2026-09-28 04:39:14,321] WARNING: Velocity attribute does not use the linearization map. Please calculate the velocity using the position attribute.
[2026-09-28 04:39:14,326] INFO: T:6.843, State:early_stance, Fz:3.80, ThetaRef:15.00, ThetaActual:6.99, EncoderTheta:93.69, EncoderVelocity:-2.67, K:20.00, B:1.00
[2026-09-28 04:39:14,329] DEBUG: No valid transitions from state early_stance
[2026-09-28 04:39:14,329] WARNING: Velocity attribute does not use the linearization map. Please calculate the velocity using the position attribute.
[2026-09-28 04:39:14,334] INFO: T:6.851, State:early_stance, Fz:2.83, ThetaRef:15.00, ThetaActual:6.99, EncoderTheta:93.69, EncoderVelocity:0.00, K:20.00, B:1.00
[2026-09-28 04:39:14,337] DEBUG: No valid transitions from state early_stance
[2026-09-28 04:39:14,337] WARNING: Velocity attribute does not use the linearization map. Please calculate the velocity using the position attribute.
[2026-09-28 04:39:14,343] INFO: T:6.860, State:early_stance, Fz:4.02, ThetaRef:15.00, ThetaActual:6.99, EncoderTheta:93.69, EncoderVelocity:0.00, K:20.00, B:1.00
[2026-09-28 04:39:14,345] DEBUG: No valid transitions from state early_stance
[2026-09-28 04:39:14,345] WARNING: Velocity attribute does not use the linearization map. Please calculate the velocity using the position attribute.
[2026-09-28 04:39:14,351] INFO: T:6.868, State:early_stance, Fz:5.36, ThetaRef:15.00, ThetaActual:6.99, EncoderTheta:93.80, EncoderVelocity:13.37, K:20.00, B:1.00
[2026-09-28 04:39:14,354] DEBUG: No valid transitions from state early_stance
[2026-09-28 04:39:14,354] WARNING: Velocity attribute does not use the linearization map. Please calculate the velocity using the position attribute.
[2026-09-28 04:39:14,359] INFO: T:6.876, State:early_stance, Fz:5.45, ThetaRef:15.00, ThetaActual:6.99, EncoderTheta:93.78, EncoderVelocity:-2.63, K:20.00, B:1.00
[2026-09-28 04:39:14,362] DEBUG: No valid transitions from state early_stance
[2026-09-28 04:39:14,362] WARNING: Velocity attribute does not use the linearization map. Please calculate the velocity using the position attribute.
[2026-09-28 04:39:14,368] INFO: T:6.885, State:early_stance, Fz:5.98, ThetaRef:15.00, ThetaActual:6.99, EncoderTheta:93.74, EncoderVelocity:-5.30, K:20.00, B:1.00
[2026-09-28 04:39:14,370] DEBUG: No valid transitions from state early_stance
[2026-09-28 04:39:14,370] WARNING: Velocity attribute does not use the linearization map. Please calculate the velocity using the position attribute.
[2026-09-28 04:39:14,376] INFO: T:6.893, State:early_stance, Fz:3.96, ThetaRef:15.00, ThetaActual:6.99, EncoderTheta:93.71, EncoderVelocity:-2.65, K:20.00, B:1.00
[2026-09-28 04:39:14,378] DEBUG: No valid transitions from state early_stance
[2026-09-28 04:39:14,379] WARNING: Velocity attribute does not use the linearization map. Please calculate the velocity using the position attribute.
[2026-09-28 04:39:14,384] INFO: T:6.901, State:early_stance, Fz:3.89, ThetaRef:15.00, ThetaActual:6.99, EncoderTheta:93.74, EncoderVelocity:2.67, K:20.00, B:1.00
[2026-09-28 04:39:14,387] DEBUG: No valid transitions from state early_stance
[2026-09-28 04:39:14,387] WARNING: Velocity attribute does not use the linearization map. Please calculate the velocity using the position attribute.
[2026-09-28 04:39:14,393] INFO: T:6.909, State:early_stance, Fz:4.80, ThetaRef:15.00, ThetaActual:6.99, EncoderTheta:93.69, EncoderVelocity:-5.23, K:20.00, B:1.00
[2026-09-28 04:39:14,395] DEBUG: No valid transitions from state early_stance
[2026-09-28 04:39:14,395] WARNING: Velocity attribute does not use the linearization map. Please calculate the velocity using the position attribute.
[2026-09-28 04:39:14,401] INFO: T:6.918, State:early_stance, Fz:4.47, ThetaRef:15.00, ThetaActual:6.99, EncoderTheta:93.71, EncoderVelocity:2.62, K:20.00, B:1.00
[2026-09-28 04:39:14,404] DEBUG: No valid transitions from state early_stance
[2026-09-28 04:39:14,404] WARNING: Velocity attribute does not use the linearization map. Please calculate the velocity using the position attribute.
[2026-09-28 04:39:14,409] INFO: T:6.926, State:early_stance, Fz:4.75, ThetaRef:15.00, ThetaActual:6.99, EncoderTheta:93.67, EncoderVelocity:-5.28, K:20.00, B:1.00
[2026-09-28 04:39:14,412] DEBUG: No valid transitions from state early_stance
[2026-09-28 04:39:14,412] WARNING: Velocity attribute does not use the linearization map. Please calculate the velocity using the position attribute.
[2026-09-28 04:39:14,418] INFO: T:6.934, State:early_stance, Fz:7.42, ThetaRef:15.00, ThetaActual:6.99, EncoderTheta:93.67, EncoderVelocity:0.00, K:20.00, B:1.00
[2026-09-28 04:39:14,420] DEBUG: No valid transitions from state early_stance
[2026-09-28 04:39:14,420] WARNING: Velocity attribute does not use the linearization map. Please calculate the velocity using the position attribute.
[2026-09-28 04:39:14,426] INFO: T:6.943, State:early_stance, Fz:9.03, ThetaRef:15.00, ThetaActual:6.99, EncoderTheta:93.69, EncoderVelocity:2.64, K:20.00, B:1.00
[2026-09-28 04:39:14,428] DEBUG: No valid transitions from state early_stance
[2026-09-28 04:39:14,429] WARNING: Velocity attribute does not use the linearization map. Please calculate the velocity using the position attribute.
[2026-09-28 04:39:14,434] INFO: T:6.951, State:early_stance, Fz:8.75, ThetaRef:15.00, ThetaActual:6.99, EncoderTheta:93.71, EncoderVelocity:2.65, K:20.00, B:1.00
[2026-09-28 04:39:14,437] DEBUG: No valid transitions from state early_stance
[2026-09-28 04:39:14,437] WARNING: Velocity attribute does not use the linearization map. Please calculate the velocity using the position attribute.
[2026-09-28 04:39:14,443] INFO: T:6.959, State:early_stance, Fz:8.98, ThetaRef:15.00, ThetaActual:6.99, EncoderTheta:93.69, EncoderVelocity:-2.65, K:20.00, B:1.00
[2026-09-28 04:39:14,446] DEBUG: No valid transitions from state early_stance
[2026-09-28 04:39:14,446] WARNING: Velocity attribute does not use the linearization map. Please calculate the velocity using the position attribute.
[2026-09-28 04:39:14,452] INFO: T:6.968, State:early_stance, Fz:9.68, ThetaRef:15.00, ThetaActual:6.99, EncoderTheta:93.69, EncoderVelocity:0.00, K:20.00, B:1.00
[2026-09-28 04:39:14,454] DEBUG: No valid transitions from state early_stance
[2026-09-28 04:39:14,454] WARNING: Velocity attribute does not use the linearization map. Please calculate the velocity using the position attribute.
[2026-09-28 04:39:14,460] INFO: T:6.977, State:early_stance, Fz:8.23, ThetaRef:15.00, ThetaActual:6.99, EncoderTheta:93.67, EncoderVelocity:-2.58, K:20.00, B:1.00
[2026-09-28 04:39:14,463] DEBUG: No valid transitions from state early_stance
[2026-09-28 04:39:14,463] WARNING: Velocity attribute does not use the linearization map. Please calculate the velocity using the position attribute.
[2026-09-28 04:39:14,468] INFO: T:6.985, State:early_stance, Fz:7.64, ThetaRef:15.00, ThetaActual:6.99, EncoderTheta:93.69, EncoderVelocity:2.64, K:20.00, B:1.00
[2026-09-28 04:39:14,471] DEBUG: No valid transitions from state early_stance
[2026-09-28 04:39:14,471] WARNING: Velocity attribute does not use the linearization map. Please calculate the velocity using the position attribute.
[2026-09-28 04:39:14,477] INFO: T:6.993, State:early_stance, Fz:8.62, ThetaRef:15.00, ThetaActual:6.99, EncoderTheta:93.69, EncoderVelocity:0.00, K:20.00, B:1.00
[2026-09-28 04:39:14,479] DEBUG: No valid transitions from state early_stance
[2026-09-28 04:39:14,479] WARNING: Velocity attribute does not use the linearization map. Please calculate the velocity using the position attribute.
[2026-09-28 04:39:14,485] INFO: T:7.002, State:early_stance, Fz:6.43, ThetaRef:15.00, ThetaActual:6.99, EncoderTheta:93.76, EncoderVelocity:7.83, K:20.00, B:1.00
[2026-09-28 04:39:14,488] DEBUG: No valid transitions from state early_stance
[2026-09-28 04:39:14,488] WARNING: Velocity attribute does not use the linearization map. Please calculate the velocity using the position attribute.
[2026-09-28 04:39:14,493] INFO: T:7.010, State:early_stance, Fz:5.26, ThetaRef:15.00, ThetaActual:6.99, EncoderTheta:93.74, EncoderVelocity:-2.63, K:20.00, B:1.00
[2026-09-28 04:39:14,496] DEBUG: No valid transitions from state early_stance
[2026-09-28 04:39:14,496] WARNING: Velocity attribute does not use the linearization map. Please calculate the velocity using the position attribute.
[2026-09-28 04:39:14,502] INFO: T:7.019, State:early_stance, Fz:2.86, ThetaRef:15.00, ThetaActual:6.99, EncoderTheta:93.80, EncoderVelocity:7.93, K:20.00, B:1.00
[2026-09-28 04:39:14,504] DEBUG: No valid transitions from state early_stance
[2026-09-28 04:39:14,504] WARNING: Velocity attribute does not use the linearization map. Please calculate the velocity using the position attribute.
[2026-09-28 04:39:14,510] INFO: T:7.027, State:early_stance, Fz:2.95, ThetaRef:15.00, ThetaActual:6.99, EncoderTheta:93.71, EncoderVelocity:-10.47, K:20.00, B:1.00
[2026-09-28 04:39:14,513] DEBUG: No valid transitions from state early_stance
[2026-09-28 04:39:14,513] WARNING: Velocity attribute does not use the linearization map. Please calculate the velocity using the position attribute.
[2026-09-28 04:39:14,519] INFO: T:7.035, State:early_stance, Fz:3.04, ThetaRef:15.00, ThetaActual:6.99, EncoderTheta:93.80, EncoderVelocity:10.33, K:20.00, B:1.00
[2026-09-28 04:39:14,521] DEBUG: No valid transitions from state early_stance
[2026-09-28 04:39:14,521] WARNING: Velocity attribute does not use the linearization map. Please calculate the velocity using the position attribute.
[2026-09-28 04:39:14,527] INFO: T:7.044, State:early_stance, Fz:1.18, ThetaRef:15.00, ThetaActual:6.99, EncoderTheta:93.71, EncoderVelocity:-10.43, K:20.00, B:1.00
[2026-09-28 04:39:14,530] DEBUG: No valid transitions from state early_stance
[2026-09-28 04:39:14,530] WARNING: Velocity attribute does not use the linearization map. Please calculate the velocity using the position attribute.
[2026-09-28 04:39:14,535] INFO: T:7.052, State:early_stance, Fz:0.76, ThetaRef:15.00, ThetaActual:6.99, EncoderTheta:93.74, EncoderVelocity:2.63, K:20.00, B:1.00
[2026-09-28 04:39:14,538] DEBUG: No valid transitions from state early_stance
[2026-09-28 04:39:14,538] WARNING: Velocity attribute does not use the linearization map. Please calculate the velocity using the position attribute.
[2026-09-28 04:39:14,544] INFO: T:7.060, State:early_stance, Fz:-0.50, ThetaRef:15.00, ThetaActual:6.99, EncoderTheta:93.74, EncoderVelocity:0.00, K:20.00, B:1.00
[2026-09-28 04:39:14,546] DEBUG: No valid transitions from state early_stance
[2026-09-28 04:39:14,546] WARNING: Velocity attribute does not use the linearization map. Please calculate the velocity using the position attribute.
[2026-09-28 04:39:14,552] INFO: T:7.069, State:early_stance, Fz:0.00, ThetaRef:15.00, ThetaActual:6.99, EncoderTheta:93.71, EncoderVelocity:-2.63, K:20.00, B:1.00
[2026-09-28 04:39:14,555] DEBUG: No valid transitions from state early_stance
[2026-09-28 04:39:14,555] WARNING: Velocity attribute does not use the linearization map. Please calculate the velocity using the position attribute.
[2026-09-28 04:39:14,560] INFO: T:7.077, State:early_stance, Fz:0.36, ThetaRef:15.00, ThetaActual:6.99, EncoderTheta:93.74, EncoderVelocity:2.66, K:20.00, B:1.00
[2026-09-28 04:39:14,563] DEBUG: No valid transitions from state early_stance
[2026-09-28 04:39:14,563] WARNING: Velocity attribute does not use the linearization map. Please calculate the velocity using the position attribute.
[2026-09-28 04:39:14,569] INFO: T:7.085, State:early_stance, Fz:-0.86, ThetaRef:15.00, ThetaActual:6.99, EncoderTheta:93.78, EncoderVelocity:5.24, K:20.00, B:1.00
[2026-09-28 04:39:14,571] DEBUG: No valid transitions from state early_stance
[2026-09-28 04:39:14,571] WARNING: Velocity attribute does not use the linearization map. Please calculate the velocity using the position attribute.
[2026-09-28 04:39:14,577] INFO: T:7.094, State:early_stance, Fz:-2.77, ThetaRef:15.00, ThetaActual:6.99, EncoderTheta:93.78, EncoderVelocity:0.00, K:20.00, B:1.00
[2026-09-28 04:39:14,580] DEBUG: No valid transitions from state early_stance
[2026-09-28 04:39:14,580] WARNING: Velocity attribute does not use the linearization map. Please calculate the velocity using the position attribute.
[2026-09-28 04:39:14,585] INFO: T:7.102, State:early_stance, Fz:-2.31, ThetaRef:15.00, ThetaActual:6.99, EncoderTheta:93.74, EncoderVelocity:-5.27, K:20.00, B:1.00
[2026-09-28 04:39:14,588] DEBUG: No valid transitions from state early_stance
[2026-09-28 04:39:14,588] WARNING: Velocity attribute does not use the linearization map. Please calculate the velocity using the position attribute.
[2026-09-28 04:39:14,594] INFO: T:7.110, State:early_stance, Fz:-4.83, ThetaRef:15.00, ThetaActual:6.99, EncoderTheta:93.74, EncoderVelocity:0.00, K:20.00, B:1.00
[2026-09-28 04:39:14,596] DEBUG: No valid transitions from state early_stance
[2026-09-28 04:39:14,596] WARNING: Velocity attribute does not use the linearization map. Please calculate the velocity using the position attribute.
[2026-09-28 04:39:14,602] INFO: T:7.119, State:early_stance, Fz:-6.29, ThetaRef:15.00, ThetaActual:6.99, EncoderTheta:93.78, EncoderVelocity:5.22, K:20.00, B:1.00
[2026-09-28 04:39:14,605] DEBUG: No valid transitions from state early_stance
[2026-09-28 04:39:14,605] WARNING: Velocity attribute does not use the linearization map. Please calculate the velocity using the position attribute.
[2026-09-28 04:39:14,610] INFO: T:7.127, State:early_stance, Fz:-6.40, ThetaRef:15.00, ThetaActual:6.99, EncoderTheta:93.78, EncoderVelocity:0.00, K:20.00, B:1.00
[2026-09-28 04:39:14,613] DEBUG: No valid transitions from state early_stance
[2026-09-28 04:39:14,613] WARNING: Velocity attribute does not use the linearization map. Please calculate the velocity using the position attribute.
[2026-09-28 04:39:14,619] INFO: T:7.136, State:early_stance, Fz:-8.03, ThetaRef:15.00, ThetaActual:6.99, EncoderTheta:93.74, EncoderVelocity:-5.27, K:20.00, B:1.00
[2026-09-28 04:39:14,621] DEBUG: No valid transitions from state early_stance
[2026-09-28 04:39:14,621] WARNING: Velocity attribute does not use the linearization map. Please calculate the velocity using the position attribute.
[2026-09-28 04:39:14,627] INFO: T:7.144, State:early_stance, Fz:-7.76, ThetaRef:15.00, ThetaActual:6.99, EncoderTheta:93.74, EncoderVelocity:0.00, K:20.00, B:1.00
[2026-09-28 04:39:14,630] DEBUG: No valid transitions from state early_stance
[2026-09-28 04:39:14,630] WARNING: Velocity attribute does not use the linearization map. Please calculate the velocity using the position attribute.
[2026-09-28 04:39:14,635] INFO: T:7.152, State:early_stance, Fz:-6.10, ThetaRef:15.00, ThetaActual:6.99, EncoderTheta:93.76, EncoderVelocity:2.66, K:20.00, B:1.00
[2026-09-28 04:39:14,638] DEBUG: No valid transitions from state early_stance
[2026-09-28 04:39:14,638] WARNING: Velocity attribute does not use the linearization map. Please calculate the velocity using the position attribute.
[2026-09-28 04:39:14,644] INFO: T:7.160, State:early_stance, Fz:-4.31, ThetaRef:15.00, ThetaActual:6.99, EncoderTheta:93.78, EncoderVelocity:2.66, K:20.00, B:1.00
[2026-09-28 04:39:14,646] DEBUG: No valid transitions from state early_stance
[2026-09-28 04:39:14,646] WARNING: Velocity attribute does not use the linearization map. Please calculate the velocity using the position attribute.
[2026-09-28 04:39:14,652] INFO: T:7.169, State:early_stance, Fz:-2.97, ThetaRef:15.00, ThetaActual:6.99, EncoderTheta:93.78, EncoderVelocity:0.00, K:20.00, B:1.00
[2026-09-28 04:39:14,654] DEBUG: No valid transitions from state early_stance
[2026-09-28 04:39:14,654] WARNING: Velocity attribute does not use the linearization map. Please calculate the velocity using the position attribute.
[2026-09-28 04:39:14,660] INFO: T:7.177, State:early_stance, Fz:-2.90, ThetaRef:15.00, ThetaActual:6.99, EncoderTheta:93.74, EncoderVelocity:-5.35, K:20.00, B:1.00
[2026-09-28 04:39:14,663] DEBUG: No valid transitions from state early_stance
[2026-09-28 04:39:14,663] WARNING: Velocity attribute does not use the linearization map. Please calculate the velocity using the position attribute.
[2026-09-28 04:39:14,668] INFO: T:7.185, State:early_stance, Fz:-0.92, ThetaRef:15.00, ThetaActual:6.99, EncoderTheta:93.74, EncoderVelocity:0.00, K:20.00, B:1.00
[2026-09-28 04:39:14,671] DEBUG: No valid transitions from state early_stance
[2026-09-28 04:39:14,671] WARNING: Velocity attribute does not use the linearization map. Please calculate the velocity using the position attribute.
[2026-09-28 04:39:14,677] INFO: T:7.193, State:early_stance, Fz:-0.34, ThetaRef:15.00, ThetaActual:6.99, EncoderTheta:93.71, EncoderVelocity:-2.65, K:20.00, B:1.00
[2026-09-28 04:39:14,679] DEBUG: No valid transitions from state early_stance
[2026-09-28 04:39:14,679] WARNING: Velocity attribute does not use the linearization map. Please calculate the velocity using the position attribute.
[2026-09-28 04:39:14,685] INFO: T:7.202, State:early_stance, Fz:1.58, ThetaRef:15.00, ThetaActual:6.99, EncoderTheta:93.78, EncoderVelocity:7.96, K:20.00, B:1.00
[2026-09-28 04:39:14,688] DEBUG: No valid transitions from state early_stance
[2026-09-28 04:39:14,688] WARNING: Velocity attribute does not use the linearization map. Please calculate the velocity using the position attribute.
[2026-09-28 04:39:14,693] INFO: T:7.210, State:early_stance, Fz:3.02, ThetaRef:15.00, ThetaActual:6.99, EncoderTheta:93.78, EncoderVelocity:0.00, K:20.00, B:1.00
[2026-09-28 04:39:14,696] DEBUG: No valid transitions from state early_stance
[2026-09-28 04:39:14,696] WARNING: Velocity attribute does not use the linearization map. Please calculate the velocity using the position attribute.
[2026-09-28 04:39:14,702] INFO: T:7.219, State:early_stance, Fz:2.60, ThetaRef:15.00, ThetaActual:6.99, EncoderTheta:93.71, EncoderVelocity:-7.77, K:20.00, B:1.00
[2026-09-28 04:39:14,704] DEBUG: No valid transitions from state early_stance
[2026-09-28 04:39:14,704] WARNING: Velocity attribute does not use the linearization map. Please calculate the velocity using the position attribute.
[2026-09-28 04:39:14,710] INFO: T:7.227, State:early_stance, Fz:2.31, ThetaRef:15.00, ThetaActual:6.99, EncoderTheta:93.74, EncoderVelocity:2.64, K:20.00, B:1.00
[2026-09-28 04:39:14,713] DEBUG: No valid transitions from state early_stance
[2026-09-28 04:39:14,713] WARNING: Velocity attribute does not use the linearization map. Please calculate the velocity using the position attribute.
[2026-09-28 04:39:14,718] INFO: T:7.235, State:early_stance, Fz:3.06, ThetaRef:15.00, ThetaActual:6.99, EncoderTheta:93.74, EncoderVelocity:0.00, K:20.00, B:1.00
[2026-09-28 04:39:14,721] DEBUG: No valid transitions from state early_stance
[2026-09-28 04:39:14,721] WARNING: Velocity attribute does not use the linearization map. Please calculate the velocity using the position attribute.
[2026-09-28 04:39:14,727] INFO: T:7.244, State:early_stance, Fz:1.68, ThetaRef:15.00, ThetaActual:6.99, EncoderTheta:93.74, EncoderVelocity:0.00, K:20.00, B:1.00
[2026-09-28 04:39:14,729] DEBUG: No valid transitions from state early_stance
[2026-09-28 04:39:14,729] WARNING: Velocity attribute does not use the linearization map. Please calculate the velocity using the position attribute.
[2026-09-28 04:39:14,735] INFO: T:7.252, State:early_stance, Fz:0.15, ThetaRef:15.00, ThetaActual:6.99, EncoderTheta:93.76, EncoderVelocity:2.67, K:20.00, B:1.00
[2026-09-28 04:39:14,738] DEBUG: No valid transitions from state early_stance
[2026-09-28 04:39:14,738] WARNING: Velocity attribute does not use the linearization map. Please calculate the velocity using the position attribute.
[2026-09-28 04:39:14,743] INFO: T:7.260, State:early_stance, Fz:-1.03, ThetaRef:15.00, ThetaActual:6.99, EncoderTheta:93.78, EncoderVelocity:2.66, K:20.00, B:1.00
[2026-09-28 04:39:14,746] DEBUG: No valid transitions from state early_stance
[2026-09-28 04:39:14,746] WARNING: Velocity attribute does not use the linearization map. Please calculate the velocity using the position attribute.
[2026-09-28 04:39:14,752] INFO: T:7.268, State:early_stance, Fz:-3.92, ThetaRef:15.00, ThetaActual:6.99, EncoderTheta:93.71, EncoderVelocity:-7.94, K:20.00, B:1.00
[2026-09-28 04:39:14,754] DEBUG: No valid transitions from state early_stance
[2026-09-28 04:39:14,754] WARNING: Velocity attribute does not use the linearization map. Please calculate the velocity using the position attribute.
[2026-09-28 04:39:14,760] INFO: T:7.277, State:early_stance, Fz:-4.16, ThetaRef:15.00, ThetaActual:6.99, EncoderTheta:93.76, EncoderVelocity:5.29, K:20.00, B:1.00
[2026-09-28 04:39:14,762] DEBUG: No valid transitions from state early_stance
[2026-09-28 04:39:14,762] WARNING: Velocity attribute does not use the linearization map. Please calculate the velocity using the position attribute.
[2026-09-28 04:39:14,768] INFO: T:7.285, State:early_stance, Fz:-4.80, ThetaRef:15.00, ThetaActual:6.99, EncoderTheta:93.78, EncoderVelocity:2.68, K:20.00, B:1.00
[2026-09-28 04:39:14,771] DEBUG: No valid transitions from state early_stance
[2026-09-28 04:39:14,771] WARNING: Velocity attribute does not use the linearization map. Please calculate the velocity using the position attribute.
[2026-09-28 04:39:14,776] INFO: T:7.293, State:early_stance, Fz:-3.84, ThetaRef:15.00, ThetaActual:6.99, EncoderTheta:93.74, EncoderVelocity:-5.27, K:20.00, B:1.00
[2026-09-28 04:39:14,779] DEBUG: No valid transitions from state early_stance
[2026-09-28 04:39:14,779] WARNING: Velocity attribute does not use the linearization map. Please calculate the velocity using the position attribute.
[2026-09-28 04:39:14,785] INFO: T:7.302, State:early_stance, Fz:-3.61, ThetaRef:15.00, ThetaActual:6.99, EncoderTheta:93.78, EncoderVelocity:5.31, K:20.00, B:1.00
[2026-09-28 04:39:14,787] DEBUG: No valid transitions from state early_stance
[2026-09-28 04:39:14,787] WARNING: Velocity attribute does not use the linearization map. Please calculate the velocity using the position attribute.
[2026-09-28 04:39:14,793] INFO: T:7.310, State:early_stance, Fz:-4.94, ThetaRef:15.00, ThetaActual:6.99, EncoderTheta:93.71, EncoderVelocity:-7.94, K:20.00, B:1.00
[2026-09-28 04:39:14,796] DEBUG: No valid transitions from state early_stance
[2026-09-28 04:39:14,796] WARNING: Velocity attribute does not use the linearization map. Please calculate the velocity using the position attribute.
[2026-09-28 04:39:14,801] INFO: T:7.318, State:early_stance, Fz:-6.41, ThetaRef:15.00, ThetaActual:6.99, EncoderTheta:93.76, EncoderVelocity:5.23, K:20.00, B:1.00
[2026-09-28 04:39:14,804] DEBUG: No valid transitions from state early_stance
[2026-09-28 04:39:14,804] WARNING: Velocity attribute does not use the linearization map. Please calculate the velocity using the position attribute.
[2026-09-28 04:39:14,810] INFO: T:7.327, State:early_stance, Fz:-5.11, ThetaRef:15.00, ThetaActual:6.99, EncoderTheta:93.78, EncoderVelocity:2.65, K:20.00, B:1.00
[2026-09-28 04:39:14,813] DEBUG: No valid transitions from state early_stance
[2026-09-28 04:39:14,813] WARNING: Velocity attribute does not use the linearization map. Please calculate the velocity using the position attribute.
[2026-09-28 04:39:14,818] INFO: T:7.335, State:early_stance, Fz:-5.01, ThetaRef:15.00, ThetaActual:6.99, EncoderTheta:93.74, EncoderVelocity:-5.05, K:20.00, B:1.00
[2026-09-28 04:39:14,821] DEBUG: No valid transitions from state early_stance
[2026-09-28 04:39:14,821] WARNING: Velocity attribute does not use the linearization map. Please calculate the velocity using the position attribute.
[2026-09-28 04:39:14,827] INFO: T:7.344, State:early_stance, Fz:-5.96, ThetaRef:15.00, ThetaActual:6.99, EncoderTheta:93.76, EncoderVelocity:2.62, K:20.00, B:1.00
[2026-09-28 04:39:14,829] DEBUG: No valid transitions from state early_stance
[2026-09-28 04:39:14,829] WARNING: Velocity attribute does not use the linearization map. Please calculate the velocity using the position attribute.
[2026-09-28 04:39:14,835] INFO: T:7.352, State:early_stance, Fz:-5.71, ThetaRef:15.00, ThetaActual:6.99, EncoderTheta:93.82, EncoderVelocity:8.03, K:20.00, B:1.00
[2026-09-28 04:39:14,838] DEBUG: No valid transitions from state early_stance
[2026-09-28 04:39:14,838] WARNING: Velocity attribute does not use the linearization map. Please calculate the velocity using the position attribute.
[2026-09-28 04:39:14,843] INFO: T:7.360, State:early_stance, Fz:-7.02, ThetaRef:15.00, ThetaActual:6.99, EncoderTheta:93.80, EncoderVelocity:-2.66, K:20.00, B:1.00
[2026-09-28 04:39:14,846] DEBUG: No valid transitions from state early_stance
[2026-09-28 04:39:14,846] WARNING: Velocity attribute does not use the linearization map. Please calculate the velocity using the position attribute.
[2026-09-28 04:39:14,851] INFO: T:7.368, State:early_stance, Fz:-6.00, ThetaRef:15.00, ThetaActual:6.99, EncoderTheta:93.85, EncoderVelocity:5.30, K:20.00, B:1.00
[2026-09-28 04:39:14,854] DEBUG: No valid transitions from state early_stance
[2026-09-28 04:39:14,854] WARNING: Velocity attribute does not use the linearization map. Please calculate the velocity using the position attribute.
[2026-09-28 04:39:14,860] INFO: T:7.377, State:early_stance, Fz:-3.77, ThetaRef:15.00, ThetaActual:6.99, EncoderTheta:93.78, EncoderVelocity:-7.99, K:20.00, B:1.00
[2026-09-28 04:39:14,862] DEBUG: No valid transitions from state early_stance
[2026-09-28 04:39:14,862] WARNING: Velocity attribute does not use the linearization map. Please calculate the velocity using the position attribute.
[2026-09-28 04:39:14,868] INFO: T:7.385, State:early_stance, Fz:-2.49, ThetaRef:15.00, ThetaActual:6.99, EncoderTheta:93.78, EncoderVelocity:0.00, K:20.00, B:1.00
[2026-09-28 04:39:14,870] DEBUG: No valid transitions from state early_stance
[2026-09-28 04:39:14,870] WARNING: Velocity attribute does not use the linearization map. Please calculate the velocity using the position attribute.
[2026-09-28 04:39:14,876] INFO: T:7.393, State:early_stance, Fz:-1.57, ThetaRef:15.00, ThetaActual:6.99, EncoderTheta:93.78, EncoderVelocity:0.00, K:20.00, B:1.00
[2026-09-28 04:39:14,879] DEBUG: No valid transitions from state early_stance
[2026-09-28 04:39:14,879] WARNING: Velocity attribute does not use the linearization map. Please calculate the velocity using the position attribute.
[2026-09-28 04:39:14,884] INFO: T:7.401, State:early_stance, Fz:-2.32, ThetaRef:15.00, ThetaActual:6.99, EncoderTheta:93.78, EncoderVelocity:0.00, K:20.00, B:1.00
[2026-09-28 04:39:14,887] DEBUG: No valid transitions from state early_stance
[2026-09-28 04:39:14,887] WARNING: Velocity attribute does not use the linearization map. Please calculate the velocity using the position attribute.
[2026-09-28 04:39:14,893] INFO: T:7.410, State:early_stance, Fz:-1.92, ThetaRef:15.00, ThetaActual:6.99, EncoderTheta:93.78, EncoderVelocity:0.00, K:20.00, B:1.00
[2026-09-28 04:39:14,895] DEBUG: No valid transitions from state early_stance
[2026-09-28 04:39:14,895] WARNING: Velocity attribute does not use the linearization map. Please calculate the velocity using the position attribute.
[2026-09-28 04:39:14,901] INFO: T:7.418, State:early_stance, Fz:-3.10, ThetaRef:15.00, ThetaActual:6.99, EncoderTheta:93.80, EncoderVelocity:2.66, K:20.00, B:1.00
[2026-09-28 04:39:14,904] DEBUG: No valid transitions from state early_stance
[2026-09-28 04:39:14,904] WARNING: Velocity attribute does not use the linearization map. Please calculate the velocity using the position attribute.
[2026-09-28 04:39:14,909] INFO: T:7.426, State:early_stance, Fz:-3.00, ThetaRef:15.00, ThetaActual:6.99, EncoderTheta:93.85, EncoderVelocity:5.23, K:20.00, B:1.00
[2026-09-28 04:39:14,912] DEBUG: No valid transitions from state early_stance
[2026-09-28 04:39:14,912] WARNING: Velocity attribute does not use the linearization map. Please calculate the velocity using the position attribute.
[2026-09-28 04:39:14,918] INFO: T:7.434, State:early_stance, Fz:-1.48, ThetaRef:15.00, ThetaActual:6.99, EncoderTheta:93.76, EncoderVelocity:-10.59, K:20.00, B:1.00
[2026-09-28 04:39:14,921] DEBUG: No valid transitions from state early_stance
[2026-09-28 04:39:14,921] WARNING: Velocity attribute does not use the linearization map. Please calculate the velocity using the position attribute.
[2026-09-28 04:39:14,927] INFO: T:7.443, State:early_stance, Fz:-2.32, ThetaRef:15.00, ThetaActual:6.99, EncoderTheta:93.80, EncoderVelocity:4.88, K:20.00, B:1.00
[2026-09-28 04:39:14,929] DEBUG: No valid transitions from state early_stance
[2026-09-28 04:39:14,929] WARNING: Velocity attribute does not use the linearization map. Please calculate the velocity using the position attribute.
[2026-09-28 04:39:14,935] INFO: T:7.452, State:early_stance, Fz:-1.92, ThetaRef:15.00, ThetaActual:6.99, EncoderTheta:93.78, EncoderVelocity:-2.60, K:20.00, B:1.00
[2026-09-28 04:39:14,938] DEBUG: No valid transitions from state early_stance
[2026-09-28 04:39:14,938] WARNING: Velocity attribute does not use the linearization map. Please calculate the velocity using the position attribute.
[2026-09-28 04:39:14,943] INFO: T:7.460, State:early_stance, Fz:-3.64, ThetaRef:15.00, ThetaActual:6.99, EncoderTheta:93.78, EncoderVelocity:0.00, K:20.00, B:1.00
[2026-09-28 04:39:14,946] DEBUG: No valid transitions from state early_stance
[2026-09-28 04:39:14,946] WARNING: Velocity attribute does not use the linearization map. Please calculate the velocity using the position attribute.
[2026-09-28 04:39:14,952] INFO: T:7.468, State:early_stance, Fz:-3.46, ThetaRef:15.00, ThetaActual:6.99, EncoderTheta:93.78, EncoderVelocity:0.00, K:20.00, B:1.00
[2026-09-28 04:39:14,954] DEBUG: No valid transitions from state early_stance
[2026-09-28 04:39:14,954] WARNING: Velocity attribute does not use the linearization map. Please calculate the velocity using the position attribute.
[2026-09-28 04:39:14,960] INFO: T:7.477, State:early_stance, Fz:-0.97, ThetaRef:15.00, ThetaActual:6.99, EncoderTheta:93.85, EncoderVelocity:7.93, K:20.00, B:1.00
[2026-09-28 04:39:14,963] DEBUG: No valid transitions from state early_stance
[2026-09-28 04:39:14,963] WARNING: Velocity attribute does not use the linearization map. Please calculate the velocity using the position attribute.
[2026-09-28 04:39:14,968] INFO: T:7.485, State:early_stance, Fz:-0.57, ThetaRef:15.00, ThetaActual:6.98, EncoderTheta:94.06, EncoderVelocity:26.01, K:20.00, B:1.00
[2026-09-28 04:39:14,971] DEBUG: No valid transitions from state early_stance
[2026-09-28 04:39:14,971] WARNING: Velocity attribute does not use the linearization map. Please calculate the velocity using the position attribute.
[2026-09-28 04:39:14,977] INFO: T:7.494, State:early_stance, Fz:6.50, ThetaRef:15.00, ThetaActual:6.97, EncoderTheta:94.42, EncoderVelocity:41.65, K:20.00, B:1.00
[2026-09-28 04:39:14,980] DEBUG: No valid transitions from state early_stance
[2026-09-28 04:39:14,980] WARNING: Velocity attribute does not use the linearization map. Please calculate the velocity using the position attribute.
[2026-09-28 04:39:14,985] INFO: T:7.502, State:early_stance, Fz:16.39, ThetaRef:15.00, ThetaActual:6.90, EncoderTheta:94.46, EncoderVelocity:5.24, K:20.00, B:1.00
[2026-09-28 04:39:14,988] DEBUG: No valid transitions from state early_stance
[2026-09-28 04:39:14,988] WARNING: Velocity attribute does not use the linearization map. Please calculate the velocity using the position attribute.
[2026-09-28 04:39:14,994] INFO: T:7.510, State:early_stance, Fz:21.14, ThetaRef:15.00, ThetaActual:6.78, EncoderTheta:94.53, EncoderVelocity:7.91, K:20.00, B:1.00
[2026-09-28 04:39:14,996] DEBUG: No valid transitions from state early_stance
[2026-09-28 04:39:14,996] WARNING: Velocity attribute does not use the linearization map. Please calculate the velocity using the position attribute.
[2026-09-28 04:39:15,002] INFO: T:7.519, State:early_stance, Fz:27.36, ThetaRef:15.00, ThetaActual:6.70, EncoderTheta:94.50, EncoderVelocity:-2.64, K:20.00, B:1.00
[2026-09-28 04:39:15,004] DEBUG: No valid transitions from state early_stance
[2026-09-28 04:39:15,005] WARNING: Velocity attribute does not use the linearization map. Please calculate the velocity using the position attribute.
[2026-09-28 04:39:15,010] INFO: T:7.527, State:early_stance, Fz:36.03, ThetaRef:15.00, ThetaActual:6.52, EncoderTheta:94.46, EncoderVelocity:-5.33, K:20.00, B:1.00
[2026-09-28 04:39:15,013] DEBUG: No valid transitions from state early_stance
[2026-09-28 04:39:15,013] WARNING: Velocity attribute does not use the linearization map. Please calculate the velocity using the position attribute.
[2026-09-28 04:39:15,019] INFO: T:7.535, State:early_stance, Fz:47.63, ThetaRef:15.00, ThetaActual:6.34, EncoderTheta:94.48, EncoderVelocity:2.58, K:20.00, B:1.00
[2026-09-28 04:39:15,021] DEBUG: No valid transitions from state early_stance
[2026-09-28 04:39:15,021] WARNING: Velocity attribute does not use the linearization map. Please calculate the velocity using the position attribute.
[2026-09-28 04:39:15,027] INFO: T:7.544, State:early_stance, Fz:62.45, ThetaRef:15.00, ThetaActual:6.26, EncoderTheta:94.59, EncoderVelocity:13.17, K:20.00, B:1.00
[2026-09-28 04:39:15,029] DEBUG: No valid transitions from state early_stance
[2026-09-28 04:39:15,030] WARNING: Velocity attribute does not use the linearization map. Please calculate the velocity using the position attribute.
[2026-09-28 04:39:15,035] INFO: T:7.552, State:early_stance, Fz:72.19, ThetaRef:15.00, ThetaActual:6.14, EncoderTheta:94.68, EncoderVelocity:10.66, K:20.00, B:1.00
[2026-09-28 04:39:15,038] DEBUG: No valid transitions from state early_stance
[2026-09-28 04:39:15,038] WARNING: Velocity attribute does not use the linearization map. Please calculate the velocity using the position attribute.
[2026-09-28 04:39:15,044] INFO: T:7.560, State:early_stance, Fz:74.62, ThetaRef:15.00, ThetaActual:6.08, EncoderTheta:94.77, EncoderVelocity:10.39, K:20.00, B:1.00
[2026-09-28 04:39:15,046] DEBUG: No valid transitions from state early_stance
[2026-09-28 04:39:15,046] WARNING: Velocity attribute does not use the linearization map. Please calculate the velocity using the position attribute.
[2026-09-28 04:39:15,052] INFO: T:7.569, State:early_stance, Fz:77.95, ThetaRef:15.00, ThetaActual:6.06, EncoderTheta:94.77, EncoderVelocity:0.00, K:20.00, B:1.00
[2026-09-28 04:39:15,055] DEBUG: No valid transitions from state early_stance
[2026-09-28 04:39:15,055] WARNING: Velocity attribute does not use the linearization map. Please calculate the velocity using the position attribute.
[2026-09-28 04:39:15,061] INFO: T:7.577, State:early_stance, Fz:85.96, ThetaRef:15.00, ThetaActual:6.04, EncoderTheta:94.77, EncoderVelocity:0.00, K:20.00, B:1.00
[2026-09-28 04:39:15,063] DEBUG: No valid transitions from state early_stance
[2026-09-28 04:39:15,063] WARNING: Velocity attribute does not use the linearization map. Please calculate the velocity using the position attribute.
[2026-09-28 04:39:15,069] INFO: T:7.586, State:early_stance, Fz:97.03, ThetaRef:15.00, ThetaActual:6.01, EncoderTheta:94.70, EncoderVelocity:-7.80, K:20.00, B:1.00
[2026-09-28 04:39:15,072] DEBUG: No valid transitions from state early_stance
[2026-09-28 04:39:15,072] WARNING: Velocity attribute does not use the linearization map. Please calculate the velocity using the position attribute.
[2026-09-28 04:39:15,077] INFO: T:7.594, State:early_stance, Fz:108.04, ThetaRef:15.00, ThetaActual:6.01, EncoderTheta:94.66, EncoderVelocity:-5.29, K:20.00, B:1.00
[2026-09-28 04:39:15,080] DEBUG: No valid transitions from state early_stance
[2026-09-28 04:39:15,080] WARNING: Velocity attribute does not use the linearization map. Please calculate the velocity using the position attribute.
[2026-09-28 04:39:15,086] INFO: T:7.603, State:early_stance, Fz:121.42, ThetaRef:15.00, ThetaActual:6.02, EncoderTheta:94.61, EncoderVelocity:-5.27, K:20.00, B:1.00
[2026-09-28 04:39:15,088] DEBUG: No valid transitions from state early_stance
[2026-09-28 04:39:15,088] WARNING: Velocity attribute does not use the linearization map. Please calculate the velocity using the position attribute.
[2026-09-28 04:39:15,094] INFO: T:7.611, State:early_stance, Fz:132.56, ThetaRef:15.00, ThetaActual:6.05, EncoderTheta:94.64, EncoderVelocity:2.63, K:20.00, B:1.00
[2026-09-28 04:39:15,097] DEBUG: No valid transitions from state early_stance
[2026-09-28 04:39:15,097] WARNING: Velocity attribute does not use the linearization map. Please calculate the velocity using the position attribute.
[2026-09-28 04:39:15,102] INFO: T:7.619, State:early_stance, Fz:138.03, ThetaRef:15.00, ThetaActual:6.09, EncoderTheta:94.57, EncoderVelocity:-7.98, K:20.00, B:1.00
[2026-09-28 04:39:15,105] DEBUG: No valid transitions from state early_stance
[2026-09-28 04:39:15,105] WARNING: Velocity attribute does not use the linearization map. Please calculate the velocity using the position attribute.
[2026-09-28 04:39:15,111] INFO: T:7.627, State:early_stance, Fz:144.16, ThetaRef:15.00, ThetaActual:6.11, EncoderTheta:94.55, EncoderVelocity:-2.65, K:20.00, B:1.00
[2026-09-28 04:39:15,113] DEBUG: No valid transitions from state early_stance
[2026-09-28 04:39:15,113] WARNING: Velocity attribute does not use the linearization map. Please calculate the velocity using the position attribute.
[2026-09-28 04:39:15,119] INFO: T:7.636, State:early_stance, Fz:152.86, ThetaRef:15.00, ThetaActual:6.16, EncoderTheta:94.46, EncoderVelocity:-10.58, K:20.00, B:1.00
[2026-09-28 04:39:15,121] DEBUG: No valid transitions from state early_stance
[2026-09-28 04:39:15,121] WARNING: Velocity attribute does not use the linearization map. Please calculate the velocity using the position attribute.
[2026-09-28 04:39:15,127] INFO: T:7.644, State:early_stance, Fz:161.51, ThetaRef:15.00, ThetaActual:6.17, EncoderTheta:94.42, EncoderVelocity:-5.38, K:20.00, B:1.00
[2026-09-28 04:39:15,130] DEBUG: No valid transitions from state early_stance
[2026-09-28 04:39:15,130] WARNING: Velocity attribute does not use the linearization map. Please calculate the velocity using the position attribute.
[2026-09-28 04:39:15,135] INFO: T:7.652, State:early_stance, Fz:170.52, ThetaRef:15.00, ThetaActual:6.21, EncoderTheta:94.42, EncoderVelocity:0.00, K:20.00, B:1.00
[2026-09-28 04:39:15,138] DEBUG: No valid transitions from state early_stance
[2026-09-28 04:39:15,138] WARNING: Velocity attribute does not use the linearization map. Please calculate the velocity using the position attribute.
[2026-09-28 04:39:15,144] INFO: T:7.660, State:early_stance, Fz:177.41, ThetaRef:15.00, ThetaActual:6.27, EncoderTheta:94.31, EncoderVelocity:-13.22, K:20.00, B:1.00
[2026-09-28 04:39:15,146] DEBUG: No valid transitions from state early_stance
[2026-09-28 04:39:15,146] WARNING: Velocity attribute does not use the linearization map. Please calculate the velocity using the position attribute.
[2026-09-28 04:39:15,152] INFO: T:7.669, State:early_stance, Fz:183.12, ThetaRef:15.00, ThetaActual:6.31, EncoderTheta:94.26, EncoderVelocity:-5.31, K:20.00, B:1.00
[2026-09-28 04:39:15,154] DEBUG: No valid transitions from state early_stance
[2026-09-28 04:39:15,154] WARNING: Velocity attribute does not use the linearization map. Please calculate the velocity using the position attribute.
[2026-09-28 04:39:15,160] INFO: T:7.677, State:early_stance, Fz:187.01, ThetaRef:15.00, ThetaActual:6.40, EncoderTheta:94.20, EncoderVelocity:-8.02, K:20.00, B:1.00
[2026-09-28 04:39:15,163] DEBUG: No valid transitions from state early_stance
[2026-09-28 04:39:15,163] WARNING: Velocity attribute does not use the linearization map. Please calculate the velocity using the position attribute.
[2026-09-28 04:39:15,168] INFO: T:7.685, State:early_stance, Fz:192.94, ThetaRef:15.00, ThetaActual:6.48, EncoderTheta:94.11, EncoderVelocity:-10.61, K:20.00, B:1.00
[2026-09-28 04:39:15,171] DEBUG: No valid transitions from state early_stance
[2026-09-28 04:39:15,171] WARNING: Velocity attribute does not use the linearization map. Please calculate the velocity using the position attribute.
[2026-09-28 04:39:15,177] INFO: T:7.694, State:early_stance, Fz:200.40, ThetaRef:15.00, ThetaActual:6.52, EncoderTheta:94.09, EncoderVelocity:-2.66, K:20.00, B:1.00
[2026-09-28 04:39:15,179] DEBUG: No valid transitions from state early_stance
[2026-09-28 04:39:15,179] WARNING: Velocity attribute does not use the linearization map. Please calculate the velocity using the position attribute.
[2026-09-28 04:39:15,185] INFO: T:7.702, State:early_stance, Fz:205.57, ThetaRef:15.00, ThetaActual:6.60, EncoderTheta:94.02, EncoderVelocity:-7.92, K:20.00, B:1.00
[2026-09-28 04:39:15,188] DEBUG: No valid transitions from state early_stance
[2026-09-28 04:39:15,188] WARNING: Velocity attribute does not use the linearization map. Please calculate the velocity using the position attribute.
[2026-09-28 04:39:15,193] INFO: T:7.710, State:early_stance, Fz:215.44, ThetaRef:15.00, ThetaActual:6.67, EncoderTheta:94.04, EncoderVelocity:2.67, K:20.00, B:1.00
[2026-09-28 04:39:15,196] DEBUG: No valid transitions from state early_stance
[2026-09-28 04:39:15,196] WARNING: Velocity attribute does not use the linearization map. Please calculate the velocity using the position attribute.
[2026-09-28 04:39:15,201] INFO: T:7.718, State:early_stance, Fz:221.49, ThetaRef:15.00, ThetaActual:6.70, EncoderTheta:94.11, EncoderVelocity:7.97, K:20.00, B:1.00
[2026-09-28 04:39:15,204] DEBUG: No valid transitions from state early_stance
[2026-09-28 04:39:15,204] WARNING: Velocity attribute does not use the linearization map. Please calculate the velocity using the position attribute.
[2026-09-28 04:39:15,210] INFO: T:7.727, State:early_stance, Fz:227.98, ThetaRef:15.00, ThetaActual:6.72, EncoderTheta:94.28, EncoderVelocity:21.33, K:20.00, B:1.00
[2026-09-28 04:39:15,213] DEBUG: No valid transitions from state early_stance
[2026-09-28 04:39:15,213] WARNING: Velocity attribute does not use the linearization map. Please calculate the velocity using the position attribute.
[2026-09-28 04:39:15,218] INFO: T:7.735, State:early_stance, Fz:239.77, ThetaRef:15.00, ThetaActual:6.70, EncoderTheta:94.39, EncoderVelocity:12.78, K:20.00, B:1.00
[2026-09-28 04:39:15,221] DEBUG: No valid transitions from state early_stance
[2026-09-28 04:39:15,221] WARNING: Velocity attribute does not use the linearization map. Please calculate the velocity using the position attribute.
[2026-09-28 04:39:15,227] INFO: T:7.744, State:early_stance, Fz:256.11, ThetaRef:15.00, ThetaActual:6.67, EncoderTheta:94.53, EncoderVelocity:15.72, K:20.00, B:1.00
[2026-09-28 04:39:15,229] DEBUG: No valid transitions from state early_stance
[2026-09-28 04:39:15,229] WARNING: Velocity attribute does not use the linearization map. Please calculate the velocity using the position attribute.
[2026-09-28 04:39:15,235] INFO: T:7.752, State:early_stance, Fz:273.08, ThetaRef:15.00, ThetaActual:6.59, EncoderTheta:94.70, EncoderVelocity:21.30, K:20.00, B:1.00
[2026-09-28 04:39:15,238] DEBUG: No valid transitions from state early_stance
[2026-09-28 04:39:15,238] WARNING: Velocity attribute does not use the linearization map. Please calculate the velocity using the position attribute.
[2026-09-28 04:39:15,243] INFO: T:7.760, State:early_stance, Fz:289.46, ThetaRef:15.00, ThetaActual:6.48, EncoderTheta:94.81, EncoderVelocity:13.26, K:20.00, B:1.00
[2026-09-28 04:39:15,246] DEBUG: No valid transitions from state early_stance
[2026-09-28 04:39:15,246] WARNING: Velocity attribute does not use the linearization map. Please calculate the velocity using the position attribute.
[2026-09-28 04:39:15,252] INFO: T:7.768, State:early_stance, Fz:301.44, ThetaRef:15.00, ThetaActual:6.41, EncoderTheta:95.01, EncoderVelocity:23.89, K:20.00, B:1.00
[2026-09-28 04:39:15,254] DEBUG: No valid transitions from state early_stance
[2026-09-28 04:39:15,254] WARNING: Velocity attribute does not use the linearization map. Please calculate the velocity using the position attribute.
[2026-09-28 04:39:15,260] INFO: T:7.777, State:early_stance, Fz:313.47, ThetaRef:15.00, ThetaActual:6.24, EncoderTheta:95.21, EncoderVelocity:23.81, K:20.00, B:1.00
[2026-09-28 04:39:15,262] DEBUG: No valid transitions from state early_stance
[2026-09-28 04:39:15,262] WARNING: Velocity attribute does not use the linearization map. Please calculate the velocity using the position attribute.
[2026-09-28 04:39:15,268] INFO: T:7.785, State:early_stance, Fz:324.07, ThetaRef:15.00, ThetaActual:6.06, EncoderTheta:95.36, EncoderVelocity:18.69, K:20.00, B:1.00
[2026-09-28 04:39:15,271] DEBUG: No valid transitions from state early_stance
[2026-09-28 04:39:15,271] WARNING: Velocity attribute does not use the linearization map. Please calculate the velocity using the position attribute.
[2026-09-28 04:39:15,276] INFO: T:7.793, State:early_stance, Fz:332.66, ThetaRef:15.00, ThetaActual:5.94, EncoderTheta:95.56, EncoderVelocity:23.71, K:20.00, B:1.00
[2026-09-28 04:39:15,279] DEBUG: No valid transitions from state early_stance
[2026-09-28 04:39:15,279] WARNING: Velocity attribute does not use the linearization map. Please calculate the velocity using the position attribute.
[2026-09-28 04:39:15,285] INFO: T:7.802, State:early_stance, Fz:342.65, ThetaRef:15.00, ThetaActual:5.70, EncoderTheta:95.76, EncoderVelocity:23.83, K:20.00, B:1.00
[2026-09-28 04:39:15,287] DEBUG: No valid transitions from state early_stance
[2026-09-28 04:39:15,288] WARNING: Velocity attribute does not use the linearization map. Please calculate the velocity using the position attribute.
[2026-09-28 04:39:15,293] INFO: T:7.810, State:early_stance, Fz:350.31, ThetaRef:15.00, ThetaActual:5.43, EncoderTheta:96.02, EncoderVelocity:31.22, K:20.00, B:1.00
[2026-09-28 04:39:15,296] DEBUG: No valid transitions from state early_stance
[2026-09-28 04:39:15,296] WARNING: Velocity attribute does not use the linearization map. Please calculate the velocity using the position attribute.
[2026-09-28 04:39:15,302] INFO: T:7.818, State:early_stance, Fz:359.12, ThetaRef:15.00, ThetaActual:5.30, EncoderTheta:96.20, EncoderVelocity:20.87, K:20.00, B:1.00
[2026-09-28 04:39:15,304] DEBUG: No valid transitions from state early_stance
[2026-09-28 04:39:15,304] WARNING: Velocity attribute does not use the linearization map. Please calculate the velocity using the position attribute.
[2026-09-28 04:39:15,310] INFO: T:7.827, State:early_stance, Fz:367.79, ThetaRef:15.00, ThetaActual:5.02, EncoderTheta:96.42, EncoderVelocity:25.93, K:20.00, B:1.00
[2026-09-28 04:39:15,313] DEBUG: No valid transitions from state early_stance
[2026-09-28 04:39:15,313] WARNING: Velocity attribute does not use the linearization map. Please calculate the velocity using the position attribute.
[2026-09-28 04:39:15,318] INFO: T:7.835, State:early_stance, Fz:376.34, ThetaRef:15.00, ThetaActual:4.75, EncoderTheta:96.68, EncoderVelocity:31.59, K:20.00, B:1.00
[2026-09-28 04:39:15,321] DEBUG: No valid transitions from state early_stance
[2026-09-28 04:39:15,321] WARNING: Velocity attribute does not use the linearization map. Please calculate the velocity using the position attribute.
[2026-09-28 04:39:15,327] INFO: T:7.844, State:early_stance, Fz:382.35, ThetaRef:15.00, ThetaActual:4.62, EncoderTheta:97.03, EncoderVelocity:42.25, K:20.00, B:1.00
[2026-09-28 04:39:15,329] DEBUG: No valid transitions from state early_stance
[2026-09-28 04:39:15,329] WARNING: Velocity attribute does not use the linearization map. Please calculate the velocity using the position attribute.
[2026-09-28 04:39:15,335] INFO: T:7.852, State:early_stance, Fz:386.42, ThetaRef:15.00, ThetaActual:4.35, EncoderTheta:97.32, EncoderVelocity:34.43, K:20.00, B:1.00
[2026-09-28 04:39:15,338] DEBUG: No valid transitions from state early_stance
[2026-09-28 04:39:15,338] WARNING: Velocity attribute does not use the linearization map. Please calculate the velocity using the position attribute.
[2026-09-28 04:39:15,343] INFO: T:7.860, State:early_stance, Fz:389.43, ThetaRef:15.00, ThetaActual:4.07, EncoderTheta:97.60, EncoderVelocity:34.40, K:20.00, B:1.00
[2026-09-28 04:39:15,346] DEBUG: No valid transitions from state early_stance
[2026-09-28 04:39:15,346] WARNING: Velocity attribute does not use the linearization map. Please calculate the velocity using the position attribute.
[2026-09-28 04:39:15,352] INFO: T:7.869, State:early_stance, Fz:388.76, ThetaRef:15.00, ThetaActual:3.93, EncoderTheta:98.00, EncoderVelocity:47.53, K:20.00, B:1.00
[2026-09-28 04:39:15,354] DEBUG: No valid transitions from state early_stance
[2026-09-28 04:39:15,354] WARNING: Velocity attribute does not use the linearization map. Please calculate the velocity using the position attribute.
[2026-09-28 04:39:15,360] INFO: T:7.877, State:early_stance, Fz:384.70, ThetaRef:15.00, ThetaActual:3.59, EncoderTheta:98.42, EncoderVelocity:50.39, K:20.00, B:1.00
[2026-09-28 04:39:15,362] DEBUG: No valid transitions from state early_stance
[2026-09-28 04:39:15,363] WARNING: Velocity attribute does not use the linearization map. Please calculate the velocity using the position attribute.
[2026-09-28 04:39:15,368] INFO: T:7.885, State:early_stance, Fz:379.14, ThetaRef:15.00, ThetaActual:3.18, EncoderTheta:98.81, EncoderVelocity:48.07, K:20.00, B:1.00
[2026-09-28 04:39:15,371] DEBUG: No valid transitions from state early_stance
[2026-09-28 04:39:15,371] WARNING: Velocity attribute does not use the linearization map. Please calculate the velocity using the position attribute.
[2026-09-28 04:39:15,376] INFO: T:7.893, State:early_stance, Fz:379.38, ThetaRef:15.00, ThetaActual:2.93, EncoderTheta:99.32, EncoderVelocity:60.81, K:20.00, B:1.00
[2026-09-28 04:39:15,379] DEBUG: No valid transitions from state early_stance
[2026-09-28 04:39:15,379] WARNING: Velocity attribute does not use the linearization map. Please calculate the velocity using the position attribute.
[2026-09-28 04:39:15,385] INFO: T:7.902, State:early_stance, Fz:382.51, ThetaRef:15.00, ThetaActual:2.36, EncoderTheta:99.89, EncoderVelocity:69.06, K:20.00, B:1.00
[2026-09-28 04:39:15,387] DEBUG: No valid transitions from state early_stance
[2026-09-28 04:39:15,387] WARNING: Velocity attribute does not use the linearization map. Please calculate the velocity using the position attribute.
[2026-09-28 04:39:15,393] INFO: T:7.910, State:early_stance, Fz:376.37, ThetaRef:15.00, ThetaActual:1.68, EncoderTheta:100.15, EncoderVelocity:31.89, K:20.00, B:1.00
[2026-09-28 04:39:15,396] DEBUG: No valid transitions from state early_stance
[2026-09-28 04:39:15,396] WARNING: Velocity attribute does not use the linearization map. Please calculate the velocity using the position attribute.
[2026-09-28 04:39:15,401] INFO: T:7.918, State:early_stance, Fz:299.56, ThetaRef:15.00, ThetaActual:1.32, EncoderTheta:100.20, EncoderVelocity:5.30, K:20.00, B:1.00
[2026-09-28 04:39:15,404] DEBUG: No valid transitions from state early_stance
[2026-09-28 04:39:15,404] WARNING: Velocity attribute does not use the linearization map. Please calculate the velocity using the position attribute.
[2026-09-28 04:39:15,410] INFO: T:7.927, State:early_stance, Fz:237.62, ThetaRef:15.00, ThetaActual:0.61, EncoderTheta:100.22, EncoderVelocity:2.61, K:20.00, B:1.00
[2026-09-28 04:39:15,412] DEBUG: No valid transitions from state early_stance
[2026-09-28 04:39:15,412] WARNING: Velocity attribute does not use the linearization map. Please calculate the velocity using the position attribute.
[2026-09-28 04:39:15,418] INFO: T:7.935, State:early_stance, Fz:228.03, ThetaRef:15.00, ThetaActual:0.06, EncoderTheta:100.15, EncoderVelocity:-7.93, K:20.00, B:1.00
[2026-09-28 04:39:15,421] DEBUG: No valid transitions from state early_stance
[2026-09-28 04:39:15,421] WARNING: Velocity attribute does not use the linearization map. Please calculate the velocity using the position attribute.
[2026-09-28 04:39:15,426] INFO: T:7.943, State:early_stance, Fz:246.62, ThetaRef:15.00, ThetaActual:-0.04, EncoderTheta:100.17, EncoderVelocity:2.64, K:20.00, B:1.00
[2026-09-28 04:39:15,429] DEBUG: No valid transitions from state early_stance
[2026-09-28 04:39:15,429] WARNING: Velocity attribute does not use the linearization map. Please calculate the velocity using the position attribute.
[2026-09-28 04:39:15,435] INFO: T:7.952, State:early_stance, Fz:259.93, ThetaRef:15.00, ThetaActual:0.18, EncoderTheta:100.15, EncoderVelocity:-2.55, K:20.00, B:1.00
[2026-09-28 04:39:15,438] DEBUG: No valid transitions from state early_stance
[2026-09-28 04:39:15,438] WARNING: Velocity attribute does not use the linearization map. Please calculate the velocity using the position attribute.
[2026-09-28 04:39:15,443] INFO: T:7.960, State:early_stance, Fz:251.59, ThetaRef:15.00, ThetaActual:0.62, EncoderTheta:100.20, EncoderVelocity:5.23, K:20.00, B:1.00
[2026-09-28 04:39:15,446] DEBUG: No valid transitions from state early_stance
[2026-09-28 04:39:15,446] WARNING: Velocity attribute does not use the linearization map. Please calculate the velocity using the position attribute.
[2026-09-28 04:39:15,452] INFO: T:7.969, State:early_stance, Fz:230.76, ThetaRef:15.00, ThetaActual:0.84, EncoderTheta:100.22, EncoderVelocity:2.65, K:20.00, B:1.00
[2026-09-28 04:39:15,454] DEBUG: No valid transitions from state early_stance
[2026-09-28 04:39:15,454] WARNING: Velocity attribute does not use the linearization map. Please calculate the velocity using the position attribute.
[2026-09-28 04:39:15,460] INFO: T:7.977, State:early_stance, Fz:210.93, ThetaRef:15.00, ThetaActual:1.24, EncoderTheta:100.11, EncoderVelocity:-13.26, K:20.00, B:1.00
[2026-09-28 04:39:15,462] DEBUG: No valid transitions from state early_stance
[2026-09-28 04:39:15,463] WARNING: Velocity attribute does not use the linearization map. Please calculate the velocity using the position attribute.
[2026-09-28 04:39:15,468] INFO: T:7.985, State:early_stance, Fz:207.89, ThetaRef:15.00, ThetaActual:1.51, EncoderTheta:100.11, EncoderVelocity:0.00, K:20.00, B:1.00
[2026-09-28 04:39:15,471] DEBUG: No valid transitions from state early_stance
[2026-09-28 04:39:15,471] WARNING: Velocity attribute does not use the linearization map. Please calculate the velocity using the position attribute.
[2026-09-28 04:39:15,477] INFO: T:7.994, State:early_stance, Fz:216.60, ThetaRef:15.00, ThetaActual:1.57, EncoderTheta:100.15, EncoderVelocity:5.18, K:20.00, B:1.00
[2026-09-28 04:39:15,480] DEBUG: No valid transitions from state early_stance
[2026-09-28 04:39:15,480] WARNING: Velocity attribute does not use the linearization map. Please calculate the velocity using the position attribute.
[2026-09-28 04:39:15,485] INFO: T:8.002, State:early_stance, Fz:228.18, ThetaRef:15.00, ThetaActual:1.49, EncoderTheta:100.13, EncoderVelocity:-2.52, K:20.00, B:1.00
[2026-09-28 04:39:15,488] DEBUG: No valid transitions from state early_stance
[2026-09-28 04:39:15,488] WARNING: Velocity attribute does not use the linearization map. Please calculate the velocity using the position attribute.
[2026-09-28 04:39:15,494] INFO: T:8.011, State:early_stance, Fz:230.01, ThetaRef:15.00, ThetaActual:1.32, EncoderTheta:100.13, EncoderVelocity:0.00, K:20.00, B:1.00
[2026-09-28 04:39:15,496] DEBUG: No valid transitions from state early_stance
[2026-09-28 04:39:15,496] WARNING: Velocity attribute does not use the linearization map. Please calculate the velocity using the position attribute.
[2026-09-28 04:39:15,502] INFO: T:8.019, State:early_stance, Fz:224.08, ThetaRef:15.00, ThetaActual:1.23, EncoderTheta:100.17, EncoderVelocity:5.31, K:20.00, B:1.00
[2026-09-28 04:39:15,504] DEBUG: No valid transitions from state early_stance
[2026-09-28 04:39:15,505] WARNING: Velocity attribute does not use the linearization map. Please calculate the velocity using the position attribute.
[2026-09-28 04:39:15,510] INFO: T:8.027, State:early_stance, Fz:222.01, ThetaRef:15.00, ThetaActual:1.07, EncoderTheta:100.15, EncoderVelocity:-2.66, K:20.00, B:1.00
[2026-09-28 04:39:15,513] DEBUG: No valid transitions from state early_stance
[2026-09-28 04:39:15,513] WARNING: Velocity attribute does not use the linearization map. Please calculate the velocity using the position attribute.
[2026-09-28 04:39:15,518] INFO: T:8.035, State:early_stance, Fz:213.42, ThetaRef:15.00, ThetaActual:0.93, EncoderTheta:100.13, EncoderVelocity:-2.65, K:20.00, B:1.00
[2026-09-28 04:39:15,521] DEBUG: No valid transitions from state early_stance
[2026-09-28 04:39:15,521] WARNING: Velocity attribute does not use the linearization map. Please calculate the velocity using the position attribute.
[2026-09-28 04:39:15,527] INFO: T:8.044, State:early_stance, Fz:196.93, ThetaRef:15.00, ThetaActual:0.89, EncoderTheta:100.15, EncoderVelocity:2.66, K:20.00, B:1.00
[2026-09-28 04:39:15,529] DEBUG: No valid transitions from state early_stance
[2026-09-28 04:39:15,529] WARNING: Velocity attribute does not use the linearization map. Please calculate the velocity using the position attribute.
[2026-09-28 04:39:15,535] INFO: T:8.052, State:early_stance, Fz:174.44, ThetaRef:15.00, ThetaActual:0.82, EncoderTheta:100.17, EncoderVelocity:2.69, K:20.00, B:1.00
[2026-09-28 04:39:15,538] DEBUG: No valid transitions from state early_stance
[2026-09-28 04:39:15,538] WARNING: Velocity attribute does not use the linearization map. Please calculate the velocity using the position attribute.
[2026-09-28 04:39:15,543] INFO: T:8.060, State:early_stance, Fz:152.34, ThetaRef:15.00, ThetaActual:0.80, EncoderTheta:100.20, EncoderVelocity:2.64, K:20.00, B:1.00
[2026-09-28 04:39:15,546] DEBUG: No valid transitions from state early_stance
[2026-09-28 04:39:15,546] WARNING: Velocity attribute does not use the linearization map. Please calculate the velocity using the position attribute.
[2026-09-28 04:39:15,552] INFO: T:8.068, State:early_stance, Fz:134.01, ThetaRef:15.00, ThetaActual:0.80, EncoderTheta:100.17, EncoderVelocity:-2.63, K:20.00, B:1.00
[2026-09-28 04:39:15,554] DEBUG: No valid transitions from state early_stance
[2026-09-28 04:39:15,554] WARNING: Velocity attribute does not use the linearization map. Please calculate the velocity using the position attribute.
[2026-09-28 04:39:15,560] INFO: T:8.077, State:early_stance, Fz:105.68, ThetaRef:15.00, ThetaActual:0.80, EncoderTheta:100.17, EncoderVelocity:0.00, K:20.00, B:1.00
[2026-09-28 04:39:15,563] DEBUG: No valid transitions from state early_stance
[2026-09-28 04:39:15,563] WARNING: Velocity attribute does not use the linearization map. Please calculate the velocity using the position attribute.
[2026-09-28 04:39:15,569] INFO: T:8.085, State:early_stance, Fz:83.47, ThetaRef:15.00, ThetaActual:0.80, EncoderTheta:100.17, EncoderVelocity:0.00, K:20.00, B:1.00
[2026-09-28 04:39:15,571] DEBUG: No valid transitions from state early_stance
[2026-09-28 04:39:15,571] WARNING: Velocity attribute does not use the linearization map. Please calculate the velocity using the position attribute.
[2026-09-28 04:39:15,577] INFO: T:8.094, State:early_stance, Fz:55.12, ThetaRef:15.00, ThetaActual:0.80, EncoderTheta:100.17, EncoderVelocity:0.00, K:20.00, B:1.00
[2026-09-28 04:39:15,580] DEBUG: No valid transitions from state early_stance
[2026-09-28 04:39:15,580] WARNING: Velocity attribute does not use the linearization map. Please calculate the velocity using the position attribute.
[2026-09-28 04:39:15,585] INFO: T:8.102, State:early_stance, Fz:29.45, ThetaRef:15.00, ThetaActual:0.80, EncoderTheta:100.20, EncoderVelocity:2.62, K:20.00, B:1.00
[2026-09-28 04:39:15,588] DEBUG: No valid transitions from state early_stance
[2026-09-28 04:39:15,588] WARNING: Velocity attribute does not use the linearization map. Please calculate the velocity using the position attribute.
[2026-09-28 04:39:15,594] INFO: T:8.111, State:early_stance, Fz:0.50, ThetaRef:15.00, ThetaActual:0.80, EncoderTheta:100.22, EncoderVelocity:2.63, K:20.00, B:1.00
[2026-09-28 04:39:15,599] DEBUG: No valid transitions from state early_stance
[2026-09-28 04:39:15,599] WARNING: Velocity attribute does not use the linearization map. Please calculate the velocity using the position attribute.
[2026-09-28 04:39:15,605] INFO: T:8.119, State:early_stance, Fz:-26.05, ThetaRef:15.00, ThetaActual:0.80, EncoderTheta:100.22, EncoderVelocity:0.00, K:20.00, B:1.00
[2026-09-28 04:39:15,608] WARNING: Velocity attribute does not use the linearization map. Please calculate the velocity using the position attribute.
[2026-09-28 04:39:15,615] INFO: T:8.130, State:late_stance, Fz:-54.27, ThetaRef:5.00, ThetaActual:0.80, EncoderTheta:100.20, EncoderVelocity:-2.01, K:500.00, B:20.00
[2026-09-28 04:39:15,618] DEBUG: No valid transitions from state late_stance
[2026-09-28 04:39:15,618] WARNING: Velocity attribute does not use the linearization map. Please calculate the velocity using the position attribute.
[2026-09-28 04:39:15,624] INFO: T:8.140, State:late_stance, Fz:-83.19, ThetaRef:5.00, ThetaActual:0.80, EncoderTheta:100.13, EncoderVelocity:-6.71, K:500.00, B:20.00
[2026-09-28 04:39:15,626] DEBUG: No valid transitions from state late_stance
[2026-09-28 04:39:15,627] WARNING: Velocity attribute does not use the linearization map. Please calculate the velocity using the position attribute.
[2026-09-28 04:39:15,632] INFO: T:8.149, State:late_stance, Fz:-111.69, ThetaRef:5.00, ThetaActual:0.80, EncoderTheta:100.22, EncoderVelocity:10.24, K:500.00, B:20.00
[2026-09-28 04:39:15,635] DEBUG: No valid transitions from state late_stance
[2026-09-28 04:39:15,635] WARNING: Velocity attribute does not use the linearization map. Please calculate the velocity using the position attribute.
[2026-09-28 04:39:15,641] INFO: T:8.157, State:late_stance, Fz:-139.39, ThetaRef:5.00, ThetaActual:0.80, EncoderTheta:100.17, EncoderVelocity:-5.20, K:500.00, B:20.00
[2026-09-28 04:39:15,643] DEBUG: No valid transitions from state late_stance
[2026-09-28 04:39:15,643] WARNING: Velocity attribute does not use the linearization map. Please calculate the velocity using the position attribute.
[2026-09-28 04:39:15,649] INFO: T:8.166, State:late_stance, Fz:-166.93, ThetaRef:5.00, ThetaActual:0.80, EncoderTheta:100.20, EncoderVelocity:2.62, K:500.00, B:20.00
[2026-09-28 04:39:15,652] DEBUG: No valid transitions from state late_stance
[2026-09-28 04:39:15,652] WARNING: Velocity attribute does not use the linearization map. Please calculate the velocity using the position attribute.
[2026-09-28 04:39:15,657] INFO: T:8.174, State:late_stance, Fz:-192.85, ThetaRef:5.00, ThetaActual:0.75, EncoderTheta:100.15, EncoderVelocity:-5.25, K:500.00, B:20.00
[2026-09-28 04:39:15,660] DEBUG: No valid transitions from state late_stance
[2026-09-28 04:39:15,660] WARNING: Velocity attribute does not use the linearization map. Please calculate the velocity using the position attribute.
[2026-09-28 04:39:15,666] INFO: T:8.183, State:late_stance, Fz:-222.04, ThetaRef:5.00, ThetaActual:0.70, EncoderTheta:100.20, EncoderVelocity:5.25, K:500.00, B:20.00
[2026-09-28 04:39:15,668] DEBUG: No valid transitions from state late_stance
[2026-09-28 04:39:15,668] WARNING: Velocity attribute does not use the linearization map. Please calculate the velocity using the position attribute.
[2026-09-28 04:39:15,674] INFO: T:8.191, State:late_stance, Fz:-250.17, ThetaRef:5.00, ThetaActual:0.61, EncoderTheta:100.24, EncoderVelocity:5.28, K:500.00, B:20.00
[2026-09-28 04:39:15,677] DEBUG: No valid transitions from state late_stance
[2026-09-28 04:39:15,677] WARNING: Velocity attribute does not use the linearization map. Please calculate the velocity using the position attribute.
[2026-09-28 04:39:15,682] INFO: T:8.199, State:late_stance, Fz:-281.04, ThetaRef:5.00, ThetaActual:0.54, EncoderTheta:100.24, EncoderVelocity:0.00, K:500.00, B:20.00
[2026-09-28 04:39:15,685] DEBUG: No valid transitions from state late_stance
[2026-09-28 04:39:15,685] WARNING: Velocity attribute does not use the linearization map. Please calculate the velocity using the position attribute.
[2026-09-28 04:39:15,691] INFO: T:8.208, State:late_stance, Fz:-309.99, ThetaRef:5.00, ThetaActual:0.53, EncoderTheta:100.22, EncoderVelocity:-2.64, K:500.00, B:20.00
[2026-09-28 04:39:15,693] DEBUG: No valid transitions from state late_stance
[2026-09-28 04:39:15,693] WARNING: Velocity attribute does not use the linearization map. Please calculate the velocity using the position attribute.
[2026-09-28 04:39:15,699] INFO: T:8.216, State:late_stance, Fz:-338.46, ThetaRef:5.00, ThetaActual:0.52, EncoderTheta:100.20, EncoderVelocity:-2.63, K:500.00, B:20.00
[2026-09-28 04:39:15,702] DEBUG: No valid transitions from state late_stance
[2026-09-28 04:39:15,702] WARNING: Velocity attribute does not use the linearization map. Please calculate the velocity using the position attribute.
[2026-09-28 04:39:15,707] INFO: T:8.224, State:late_stance, Fz:-364.56, ThetaRef:5.00, ThetaActual:0.52, EncoderTheta:100.15, EncoderVelocity:-5.26, K:500.00, B:20.00
[2026-09-28 04:39:15,710] DEBUG: No valid transitions from state late_stance
[2026-09-28 04:39:15,710] WARNING: Velocity attribute does not use the linearization map. Please calculate the velocity using the position attribute.
[2026-09-28 04:39:15,716] INFO: T:8.233, State:late_stance, Fz:-394.27, ThetaRef:5.00, ThetaActual:0.52, EncoderTheta:100.22, EncoderVelocity:7.96, K:500.00, B:20.00
[2026-09-28 04:39:15,718] DEBUG: No valid transitions from state late_stance
[2026-09-28 04:39:15,718] WARNING: Velocity attribute does not use the linearization map. Please calculate the velocity using the position attribute.
[2026-09-28 04:39:15,724] INFO: T:8.241, State:late_stance, Fz:-420.84, ThetaRef:5.00, ThetaActual:0.52, EncoderTheta:100.26, EncoderVelocity:5.28, K:500.00, B:20.00
[2026-09-28 04:39:15,727] DEBUG: No valid transitions from state late_stance
[2026-09-28 04:39:15,727] WARNING: Velocity attribute does not use the linearization map. Please calculate the velocity using the position attribute.
[2026-09-28 04:39:15,732] INFO: T:8.249, State:late_stance, Fz:-445.99, ThetaRef:5.00, ThetaActual:0.52, EncoderTheta:100.20, EncoderVelocity:-7.94, K:500.00, B:20.00
[2026-09-28 04:39:15,735] DEBUG: No valid transitions from state late_stance
[2026-09-28 04:39:15,735] WARNING: Velocity attribute does not use the linearization map. Please calculate the velocity using the position attribute.
[2026-09-28 04:39:15,741] INFO: T:8.258, State:late_stance, Fz:-472.59, ThetaRef:5.00, ThetaActual:0.52, EncoderTheta:100.24, EncoderVelocity:5.21, K:500.00, B:20.00
[2026-09-28 04:39:15,743] DEBUG: No valid transitions from state late_stance
[2026-09-28 04:39:15,744] WARNING: Velocity attribute does not use the linearization map. Please calculate the velocity using the position attribute.
[2026-09-28 04:39:15,749] INFO: T:8.266, State:late_stance, Fz:-496.39, ThetaRef:5.00, ThetaActual:0.52, EncoderTheta:100.22, EncoderVelocity:-2.61, K:500.00, B:20.00
[2026-09-28 04:39:15,752] DEBUG: No valid transitions from state late_stance
[2026-09-28 04:39:15,752] WARNING: Velocity attribute does not use the linearization map. Please calculate the velocity using the position attribute.
[2026-09-28 04:39:15,757] INFO: T:8.274, State:late_stance, Fz:-517.98, ThetaRef:5.00, ThetaActual:0.52, EncoderTheta:100.24, EncoderVelocity:2.64, K:500.00, B:20.00
[2026-09-28 04:39:15,760] DEBUG: No valid transitions from state late_stance
[2026-09-28 04:39:15,760] WARNING: Velocity attribute does not use the linearization map. Please calculate the velocity using the position attribute.
[2026-09-28 04:39:15,766] INFO: T:8.283, State:late_stance, Fz:-542.31, ThetaRef:5.00, ThetaActual:0.52, EncoderTheta:100.20, EncoderVelocity:-5.27, K:500.00, B:20.00
[2026-09-28 04:39:15,768] DEBUG: No valid transitions from state late_stance
[2026-09-28 04:39:15,768] WARNING: Velocity attribute does not use the linearization map. Please calculate the velocity using the position attribute.
[2026-09-28 04:39:15,774] INFO: T:8.291, State:late_stance, Fz:-563.35, ThetaRef:5.00, ThetaActual:0.52, EncoderTheta:100.26, EncoderVelocity:8.02, K:500.00, B:20.00
[2026-09-28 04:39:15,777] DEBUG: No valid transitions from state late_stance
[2026-09-28 04:39:15,777] WARNING: Velocity attribute does not use the linearization map. Please calculate the velocity using the position attribute.
[2026-09-28 04:39:15,783] INFO: T:8.299, State:late_stance, Fz:-584.39, ThetaRef:5.00, ThetaActual:0.52, EncoderTheta:100.22, EncoderVelocity:-5.27, K:500.00, B:20.00
[2026-09-28 04:39:15,785] DEBUG: No valid transitions from state late_stance
[2026-09-28 04:39:15,785] WARNING: Velocity attribute does not use the linearization map. Please calculate the velocity using the position attribute.
[2026-09-28 04:39:15,791] INFO: T:8.308, State:late_stance, Fz:-605.92, ThetaRef:5.00, ThetaActual:0.52, EncoderTheta:100.24, EncoderVelocity:2.57, K:500.00, B:20.00
[2026-09-28 04:39:15,794] DEBUG: No valid transitions from state late_stance
[2026-09-28 04:39:15,794] WARNING: Velocity attribute does not use the linearization map. Please calculate the velocity using the position attribute.
[2026-09-28 04:39:15,799] INFO: T:8.316, State:late_stance, Fz:-628.36, ThetaRef:5.00, ThetaActual:0.52, EncoderTheta:100.22, EncoderVelocity:-2.61, K:500.00, B:20.00
[2026-09-28 04:39:15,802] DEBUG: No valid transitions from state late_stance
[2026-09-28 04:39:15,802] WARNING: Velocity attribute does not use the linearization map. Please calculate the velocity using the position attribute.
[2026-09-28 04:39:15,808] INFO: T:8.325, State:late_stance, Fz:-648.96, ThetaRef:5.00, ThetaActual:0.52, EncoderTheta:100.24, EncoderVelocity:2.65, K:500.00, B:20.00
[2026-09-28 04:39:15,810] DEBUG: No valid transitions from state late_stance
[2026-09-28 04:39:15,810] WARNING: Velocity attribute does not use the linearization map. Please calculate the velocity using the position attribute.
[2026-09-28 04:39:15,816] INFO: T:8.333, State:late_stance, Fz:-670.11, ThetaRef:5.00, ThetaActual:0.52, EncoderTheta:100.24, EncoderVelocity:0.00, K:500.00, B:20.00
[2026-09-28 04:39:15,818] DEBUG: No valid transitions from state late_stance
[2026-09-28 04:39:15,819] WARNING: Velocity attribute does not use the linearization map. Please calculate the velocity using the position attribute.
[2026-09-28 04:39:15,824] INFO: T:8.341, State:late_stance, Fz:-687.18, ThetaRef:5.00, ThetaActual:0.52, EncoderTheta:100.22, EncoderVelocity:-2.67, K:500.00, B:20.00
[2026-09-28 04:39:15,827] DEBUG: No valid transitions from state late_stance
[2026-09-28 04:39:15,827] WARNING: Velocity attribute does not use the linearization map. Please calculate the velocity using the position attribute.
[2026-09-28 04:39:15,833] INFO: T:8.349, State:late_stance, Fz:-700.72, ThetaRef:5.00, ThetaActual:0.52, EncoderTheta:100.20, EncoderVelocity:-2.65, K:500.00, B:20.00
[2026-09-28 04:39:15,835] DEBUG: No valid transitions from state late_stance
[2026-09-28 04:39:15,835] WARNING: Velocity attribute does not use the linearization map. Please calculate the velocity using the position attribute.
[2026-09-28 04:39:15,841] INFO: T:8.358, State:late_stance, Fz:-716.53, ThetaRef:5.00, ThetaActual:0.52, EncoderTheta:100.24, EncoderVelocity:5.23, K:500.00, B:20.00
[2026-09-28 04:39:15,843] DEBUG: No valid transitions from state late_stance
[2026-09-28 04:39:15,843] WARNING: Velocity attribute does not use the linearization map. Please calculate the velocity using the position attribute.
[2026-09-28 04:39:15,849] INFO: T:8.366, State:late_stance, Fz:-730.07, ThetaRef:5.00, ThetaActual:0.52, EncoderTheta:100.26, EncoderVelocity:2.67, K:500.00, B:20.00
[2026-09-28 04:39:15,852] DEBUG: No valid transitions from state late_stance
[2026-09-28 04:39:15,852] WARNING: Velocity attribute does not use the linearization map. Please calculate the velocity using the position attribute.
[2026-09-28 04:39:15,858] INFO: T:8.374, State:late_stance, Fz:-744.91, ThetaRef:5.00, ThetaActual:0.52, EncoderTheta:100.22, EncoderVelocity:-5.24, K:500.00, B:20.00
[2026-09-28 04:39:15,860] DEBUG: No valid transitions from state late_stance
[2026-09-28 04:39:15,860] WARNING: Velocity attribute does not use the linearization map. Please calculate the velocity using the position attribute.
[2026-09-28 04:39:15,866] INFO: T:8.383, State:late_stance, Fz:-762.11, ThetaRef:5.00, ThetaActual:0.52, EncoderTheta:100.22, EncoderVelocity:0.00, K:500.00, B:20.00
[2026-09-28 04:39:15,868] DEBUG: No valid transitions from state late_stance
[2026-09-28 04:39:15,869] WARNING: Velocity attribute does not use the linearization map. Please calculate the velocity using the position attribute.
[2026-09-28 04:39:15,874] INFO: T:8.391, State:late_stance, Fz:-778.68, ThetaRef:5.00, ThetaActual:0.52, EncoderTheta:100.24, EncoderVelocity:2.66, K:500.00, B:20.00
[2026-09-28 04:39:15,877] DEBUG: No valid transitions from state late_stance
[2026-09-28 04:39:15,877] WARNING: Velocity attribute does not use the linearization map. Please calculate the velocity using the position attribute.
[2026-09-28 04:39:15,882] INFO: T:8.399, State:late_stance, Fz:-795.31, ThetaRef:5.00, ThetaActual:0.52, EncoderTheta:100.24, EncoderVelocity:0.00, K:500.00, B:20.00
[2026-09-28 04:39:15,885] DEBUG: No valid transitions from state late_stance
[2026-09-28 04:39:15,885] WARNING: Velocity attribute does not use the linearization map. Please calculate the velocity using the position attribute.
[2026-09-28 04:39:15,891] INFO: T:8.408, State:late_stance, Fz:-813.37, ThetaRef:5.00, ThetaActual:0.52, EncoderTheta:100.22, EncoderVelocity:-2.64, K:500.00, B:20.00
[2026-09-28 04:39:15,893] DEBUG: No valid transitions from state late_stance
[2026-09-28 04:39:15,893] WARNING: Velocity attribute does not use the linearization map. Please calculate the velocity using the position attribute.
[2026-09-28 04:39:15,899] INFO: T:8.416, State:late_stance, Fz:-830.07, ThetaRef:5.00, ThetaActual:0.52, EncoderTheta:100.22, EncoderVelocity:0.00, K:500.00, B:20.00
[2026-09-28 04:39:15,902] DEBUG: No valid transitions from state late_stance
[2026-09-28 04:39:15,902] WARNING: Velocity attribute does not use the linearization map. Please calculate the velocity using the position attribute.
[2026-09-28 04:39:15,907] INFO: T:8.424, State:late_stance, Fz:-848.18, ThetaRef:5.00, ThetaActual:0.52, EncoderTheta:100.28, EncoderVelocity:7.96, K:500.00, B:20.00
[2026-09-28 04:39:15,910] DEBUG: No valid transitions from state late_stance
[2026-09-28 04:39:15,910] WARNING: Velocity attribute does not use the linearization map. Please calculate the velocity using the position attribute.
[2026-09-28 04:39:15,916] INFO: T:8.433, State:late_stance, Fz:-862.93, ThetaRef:5.00, ThetaActual:0.52, EncoderTheta:100.26, EncoderVelocity:-2.64, K:500.00, B:20.00
[2026-09-28 04:39:15,918] DEBUG: No valid transitions from state late_stance
[2026-09-28 04:39:15,918] WARNING: Velocity attribute does not use the linearization map. Please calculate the velocity using the position attribute.
[2026-09-28 04:39:15,924] INFO: T:8.441, State:late_stance, Fz:-880.07, ThetaRef:5.00, ThetaActual:0.52, EncoderTheta:100.26, EncoderVelocity:0.00, K:500.00, B:20.00
[2026-09-28 04:39:15,926] DEBUG: No valid transitions from state late_stance
[2026-09-28 04:39:15,927] WARNING: Velocity attribute does not use the linearization map. Please calculate the velocity using the position attribute.
[2026-09-28 04:39:15,932] INFO: T:8.449, State:late_stance, Fz:-899.07, ThetaRef:5.00, ThetaActual:0.52, EncoderTheta:100.20, EncoderVelocity:-8.06, K:500.00, B:20.00
[2026-09-28 04:39:15,935] DEBUG: No valid transitions from state late_stance
[2026-09-28 04:39:15,935] WARNING: Velocity attribute does not use the linearization map. Please calculate the velocity using the position attribute.
[2026-09-28 04:39:15,940] INFO: T:8.457, State:late_stance, Fz:-917.05, ThetaRef:5.00, ThetaActual:0.52, EncoderTheta:100.22, EncoderVelocity:2.64, K:500.00, B:20.00
[2026-09-28 04:39:15,943] DEBUG: No valid transitions from state late_stance
[2026-09-28 04:39:15,943] WARNING: Velocity attribute does not use the linearization map. Please calculate the velocity using the position attribute.
[2026-09-28 04:39:15,949] INFO: T:8.466, State:late_stance, Fz:-935.14, ThetaRef:5.00, ThetaActual:0.52, EncoderTheta:100.22, EncoderVelocity:0.00, K:500.00, B:20.00
[2026-09-28 04:39:15,951] DEBUG: No valid transitions from state late_stance
[2026-09-28 04:39:15,951] WARNING: Velocity attribute does not use the linearization map. Please calculate the velocity using the position attribute.
[2026-09-28 04:39:15,957] INFO: T:8.474, State:late_stance, Fz:-950.83, ThetaRef:5.00, ThetaActual:0.52, EncoderTheta:100.22, EncoderVelocity:0.00, K:500.00, B:20.00
[2026-09-28 04:39:15,960] DEBUG: No valid transitions from state late_stance
[2026-09-28 04:39:15,960] WARNING: Velocity attribute does not use the linearization map. Please calculate the velocity using the position attribute.
[2026-09-28 04:39:15,965] INFO: T:8.482, State:late_stance, Fz:-960.74, ThetaRef:5.00, ThetaActual:0.52, EncoderTheta:100.22, EncoderVelocity:0.00, K:500.00, B:20.00
[2026-09-28 04:39:15,968] DEBUG: No valid transitions from state late_stance
[2026-09-28 04:39:15,968] WARNING: Velocity attribute does not use the linearization map. Please calculate the velocity using the position attribute.
[2026-09-28 04:39:15,974] INFO: T:8.491, State:late_stance, Fz:-966.72, ThetaRef:5.00, ThetaActual:0.51, EncoderTheta:100.17, EncoderVelocity:-5.27, K:500.00, B:20.00
[2026-09-28 04:39:15,976] DEBUG: No valid transitions from state late_stance
[2026-09-28 04:39:15,976] WARNING: Velocity attribute does not use the linearization map. Please calculate the velocity using the position attribute.
[2026-09-28 04:39:15,982] INFO: T:8.499, State:late_stance, Fz:-963.77, ThetaRef:5.00, ThetaActual:0.52, EncoderTheta:100.24, EncoderVelocity:7.96, K:500.00, B:20.00
[2026-09-28 04:39:15,985] DEBUG: No valid transitions from state late_stance
[2026-09-28 04:39:15,985] WARNING: Velocity attribute does not use the linearization map. Please calculate the velocity using the position attribute.
[2026-09-28 04:39:15,991] INFO: T:8.507, State:late_stance, Fz:-951.48, ThetaRef:5.00, ThetaActual:0.52, EncoderTheta:100.15, EncoderVelocity:-10.32, K:500.00, B:20.00
[2026-09-28 04:39:15,993] DEBUG: No valid transitions from state late_stance
[2026-09-28 04:39:15,993] WARNING: Velocity attribute does not use the linearization map. Please calculate the velocity using the position attribute.
[2026-09-28 04:39:15,999] INFO: T:8.516, State:late_stance, Fz:-934.09, ThetaRef:5.00, ThetaActual:0.52, EncoderTheta:100.20, EncoderVelocity:5.23, K:500.00, B:20.00
[2026-09-28 04:39:16,002] DEBUG: No valid transitions from state late_stance
[2026-09-28 04:39:16,002] WARNING: Velocity attribute does not use the linearization map. Please calculate the velocity using the position attribute.
[2026-09-28 04:39:16,007] INFO: T:8.524, State:late_stance, Fz:-909.90, ThetaRef:5.00, ThetaActual:0.52, EncoderTheta:100.17, EncoderVelocity:-2.61, K:500.00, B:20.00
[2026-09-28 04:39:16,010] DEBUG: No valid transitions from state late_stance
[2026-09-28 04:39:16,010] WARNING: Velocity attribute does not use the linearization map. Please calculate the velocity using the position attribute.
[2026-09-28 04:39:16,016] INFO: T:8.533, State:late_stance, Fz:-882.97, ThetaRef:5.00, ThetaActual:0.52, EncoderTheta:100.20, EncoderVelocity:2.61, K:500.00, B:20.00
[2026-09-28 04:39:16,018] DEBUG: No valid transitions from state late_stance
[2026-09-28 04:39:16,018] WARNING: Velocity attribute does not use the linearization map. Please calculate the velocity using the position attribute.
[2026-09-28 04:39:16,024] INFO: T:8.541, State:late_stance, Fz:-852.50, ThetaRef:5.00, ThetaActual:0.52, EncoderTheta:100.17, EncoderVelocity:-2.66, K:500.00, B:20.00
[2026-09-28 04:39:16,027] DEBUG: No valid transitions from state late_stance
[2026-09-28 04:39:16,027] WARNING: Velocity attribute does not use the linearization map. Please calculate the velocity using the position attribute.
[2026-09-28 04:39:16,032] INFO: T:8.549, State:late_stance, Fz:-819.30, ThetaRef:5.00, ThetaActual:0.52, EncoderTheta:100.15, EncoderVelocity:-2.64, K:500.00, B:20.00
[2026-09-28 04:39:16,035] DEBUG: No valid transitions from state late_stance
[2026-09-28 04:39:16,035] WARNING: Velocity attribute does not use the linearization map. Please calculate the velocity using the position attribute.
[2026-09-28 04:39:16,041] INFO: T:8.558, State:late_stance, Fz:-784.07, ThetaRef:5.00, ThetaActual:0.52, EncoderTheta:100.17, EncoderVelocity:2.63, K:500.00, B:20.00
[2026-09-28 04:39:16,043] DEBUG: No valid transitions from state late_stance
[2026-09-28 04:39:16,043] WARNING: Velocity attribute does not use the linearization map. Please calculate the velocity using the position attribute.
[2026-09-28 04:39:16,049] INFO: T:8.566, State:late_stance, Fz:-749.75, ThetaRef:5.00, ThetaActual:0.52, EncoderTheta:100.11, EncoderVelocity:-7.95, K:500.00, B:20.00
[2026-09-28 04:39:16,052] DEBUG: No valid transitions from state late_stance
[2026-09-28 04:39:16,052] WARNING: Velocity attribute does not use the linearization map. Please calculate the velocity using the position attribute.
[2026-09-28 04:39:16,057] INFO: T:8.574, State:late_stance, Fz:-715.69, ThetaRef:5.00, ThetaActual:0.52, EncoderTheta:100.15, EncoderVelocity:5.31, K:500.00, B:20.00
[2026-09-28 04:39:16,060] DEBUG: No valid transitions from state late_stance
[2026-09-28 04:39:16,060] WARNING: Velocity attribute does not use the linearization map. Please calculate the velocity using the position attribute.
[2026-09-28 04:39:16,066] INFO: T:8.582, State:late_stance, Fz:-680.33, ThetaRef:5.00, ThetaActual:0.52, EncoderTheta:100.15, EncoderVelocity:0.00, K:500.00, B:20.00
[2026-09-28 04:39:16,068] DEBUG: No valid transitions from state late_stance
[2026-09-28 04:39:16,068] WARNING: Velocity attribute does not use the linearization map. Please calculate the velocity using the position attribute.
[2026-09-28 04:39:16,074] INFO: T:8.591, State:late_stance, Fz:-643.50, ThetaRef:5.00, ThetaActual:0.52, EncoderTheta:100.11, EncoderVelocity:-5.26, K:500.00, B:20.00
[2026-09-28 04:39:16,076] DEBUG: No valid transitions from state late_stance
[2026-09-28 04:39:16,076] WARNING: Velocity attribute does not use the linearization map. Please calculate the velocity using the position attribute.
[2026-09-28 04:39:16,082] INFO: T:8.599, State:late_stance, Fz:-605.48, ThetaRef:5.00, ThetaActual:0.52, EncoderTheta:100.13, EncoderVelocity:2.67, K:500.00, B:20.00
[2026-09-28 04:39:16,085] DEBUG: No valid transitions from state late_stance
[2026-09-28 04:39:16,085] WARNING: Velocity attribute does not use the linearization map. Please calculate the velocity using the position attribute.
[2026-09-28 04:39:16,090] INFO: T:8.607, State:late_stance, Fz:-569.08, ThetaRef:5.00, ThetaActual:0.52, EncoderTheta:100.11, EncoderVelocity:-2.64, K:500.00, B:20.00
[2026-09-28 04:39:16,093] DEBUG: No valid transitions from state late_stance
[2026-09-28 04:39:16,093] WARNING: Velocity attribute does not use the linearization map. Please calculate the velocity using the position attribute.
[2026-09-28 04:39:16,099] INFO: T:8.616, State:late_stance, Fz:-534.42, ThetaRef:5.00, ThetaActual:0.52, EncoderTheta:100.17, EncoderVelocity:7.92, K:500.00, B:20.00
[2026-09-28 04:39:16,102] DEBUG: No valid transitions from state late_stance
[2026-09-28 04:39:16,102] WARNING: Velocity attribute does not use the linearization map. Please calculate the velocity using the position attribute.
[2026-09-28 04:39:16,107] INFO: T:8.624, State:late_stance, Fz:-501.16, ThetaRef:5.00, ThetaActual:0.52, EncoderTheta:100.11, EncoderVelocity:-7.79, K:500.00, B:20.00
[2026-09-28 04:39:16,110] DEBUG: No valid transitions from state late_stance
[2026-09-28 04:39:16,110] WARNING: Velocity attribute does not use the linearization map. Please calculate the velocity using the position attribute.
[2026-09-28 04:39:16,116] INFO: T:8.632, State:late_stance, Fz:-470.86, ThetaRef:5.00, ThetaActual:0.52, EncoderTheta:100.13, EncoderVelocity:2.65, K:500.00, B:20.00
[2026-09-28 04:39:16,118] DEBUG: No valid transitions from state late_stance
[2026-09-28 04:39:16,119] WARNING: Velocity attribute does not use the linearization map. Please calculate the velocity using the position attribute.
[2026-09-28 04:39:16,124] INFO: T:8.641, State:late_stance, Fz:-446.79, ThetaRef:5.00, ThetaActual:0.52, EncoderTheta:100.11, EncoderVelocity:-2.54, K:500.00, B:20.00
[2026-09-28 04:39:16,127] DEBUG: No valid transitions from state late_stance
[2026-09-28 04:39:16,127] WARNING: Velocity attribute does not use the linearization map. Please calculate the velocity using the position attribute.
[2026-09-28 04:39:16,132] INFO: T:8.649, State:late_stance, Fz:-425.00, ThetaRef:5.00, ThetaActual:0.52, EncoderTheta:100.13, EncoderVelocity:2.66, K:500.00, B:20.00
[2026-09-28 04:39:16,135] DEBUG: No valid transitions from state late_stance
[2026-09-28 04:39:16,135] WARNING: Velocity attribute does not use the linearization map. Please calculate the velocity using the position attribute.
[2026-09-28 04:39:16,141] INFO: T:8.658, State:late_stance, Fz:-402.99, ThetaRef:5.00, ThetaActual:0.52, EncoderTheta:100.09, EncoderVelocity:-5.25, K:500.00, B:20.00
[2026-09-28 04:39:16,143] DEBUG: No valid transitions from state late_stance
[2026-09-28 04:39:16,143] WARNING: Velocity attribute does not use the linearization map. Please calculate the velocity using the position attribute.
[2026-09-28 04:39:16,149] INFO: T:8.666, State:late_stance, Fz:-384.67, ThetaRef:5.00, ThetaActual:0.52, EncoderTheta:100.06, EncoderVelocity:-2.66, K:500.00, B:20.00
[2026-09-28 04:39:16,152] DEBUG: No valid transitions from state late_stance
[2026-09-28 04:39:16,152] WARNING: Velocity attribute does not use the linearization map. Please calculate the velocity using the position attribute.
[2026-09-28 04:39:16,157] INFO: T:8.674, State:late_stance, Fz:-367.77, ThetaRef:5.00, ThetaActual:0.52, EncoderTheta:100.09, EncoderVelocity:2.63, K:500.00, B:20.00
[2026-09-28 04:39:16,160] DEBUG: No valid transitions from state late_stance
[2026-09-28 04:39:16,160] WARNING: Velocity attribute does not use the linearization map. Please calculate the velocity using the position attribute.
[2026-09-28 04:39:16,166] INFO: T:8.683, State:late_stance, Fz:-351.41, ThetaRef:5.00, ThetaActual:0.52, EncoderTheta:100.06, EncoderVelocity:-2.64, K:500.00, B:20.00
[2026-09-28 04:39:16,168] DEBUG: No valid transitions from state late_stance
[2026-09-28 04:39:16,168] WARNING: Velocity attribute does not use the linearization map. Please calculate the velocity using the position attribute.
[2026-09-28 04:39:16,174] INFO: T:8.691, State:late_stance, Fz:-334.97, ThetaRef:5.00, ThetaActual:0.52, EncoderTheta:100.11, EncoderVelocity:5.37, K:500.00, B:20.00
[2026-09-28 04:39:16,176] DEBUG: No valid transitions from state late_stance
[2026-09-28 04:39:16,177] WARNING: Velocity attribute does not use the linearization map. Please calculate the velocity using the position attribute.
[2026-09-28 04:39:16,182] INFO: T:8.699, State:late_stance, Fz:-315.98, ThetaRef:5.00, ThetaActual:0.52, EncoderTheta:100.11, EncoderVelocity:0.00, K:500.00, B:20.00
[2026-09-28 04:39:16,185] DEBUG: No valid transitions from state late_stance
[2026-09-28 04:39:16,185] WARNING: Velocity attribute does not use the linearization map. Please calculate the velocity using the position attribute.
[2026-09-28 04:39:16,190] INFO: T:8.707, State:late_stance, Fz:-297.46, ThetaRef:5.00, ThetaActual:0.52, EncoderTheta:100.09, EncoderVelocity:-2.65, K:500.00, B:20.00
[2026-09-28 04:39:16,193] DEBUG: No valid transitions from state late_stance
[2026-09-28 04:39:16,193] WARNING: Velocity attribute does not use the linearization map. Please calculate the velocity using the position attribute.
[2026-09-28 04:39:16,199] INFO: T:8.716, State:late_stance, Fz:-279.85, ThetaRef:5.00, ThetaActual:0.52, EncoderTheta:99.98, EncoderVelocity:-13.31, K:500.00, B:20.00
[2026-09-28 04:39:16,201] DEBUG: No valid transitions from state late_stance
[2026-09-28 04:39:16,201] WARNING: Velocity attribute does not use the linearization map. Please calculate the velocity using the position attribute.
[2026-09-28 04:39:16,207] INFO: T:8.724, State:late_stance, Fz:-259.45, ThetaRef:5.00, ThetaActual:0.52, EncoderTheta:100.00, EncoderVelocity:2.68, K:500.00, B:20.00
[2026-09-28 04:39:16,209] DEBUG: No valid transitions from state late_stance
[2026-09-28 04:39:16,209] WARNING: Velocity attribute does not use the linearization map. Please calculate the velocity using the position attribute.
[2026-09-28 04:39:16,215] INFO: T:8.732, State:late_stance, Fz:-238.36, ThetaRef:5.00, ThetaActual:0.53, EncoderTheta:100.04, EncoderVelocity:5.37, K:500.00, B:20.00
[2026-09-28 04:39:16,218] DEBUG: No valid transitions from state late_stance
[2026-09-28 04:39:16,218] WARNING: Velocity attribute does not use the linearization map. Please calculate the velocity using the position attribute.
[2026-09-28 04:39:16,223] INFO: T:8.740, State:late_stance, Fz:-213.84, ThetaRef:5.00, ThetaActual:0.53, EncoderTheta:100.00, EncoderVelocity:-5.27, K:500.00, B:20.00
[2026-09-28 04:39:16,226] DEBUG: No valid transitions from state late_stance
[2026-09-28 04:39:16,226] WARNING: Velocity attribute does not use the linearization map. Please calculate the velocity using the position attribute.
[2026-09-28 04:39:16,232] INFO: T:8.749, State:late_stance, Fz:-190.56, ThetaRef:5.00, ThetaActual:0.53, EncoderTheta:99.95, EncoderVelocity:-5.25, K:500.00, B:20.00
[2026-09-28 04:39:16,234] DEBUG: No valid transitions from state late_stance
[2026-09-28 04:39:16,234] WARNING: Velocity attribute does not use the linearization map. Please calculate the velocity using the position attribute.
[2026-09-28 04:39:16,240] INFO: T:8.757, State:late_stance, Fz:-170.82, ThetaRef:5.00, ThetaActual:0.54, EncoderTheta:99.93, EncoderVelocity:-2.66, K:500.00, B:20.00
[2026-09-28 04:39:16,243] DEBUG: No valid transitions from state late_stance
[2026-09-28 04:39:16,243] WARNING: Velocity attribute does not use the linearization map. Please calculate the velocity using the position attribute.
[2026-09-28 04:39:16,248] INFO: T:8.765, State:late_stance, Fz:-149.32, ThetaRef:5.00, ThetaActual:0.57, EncoderTheta:99.80, EncoderVelocity:-15.92, K:500.00, B:20.00
[2026-09-28 04:39:16,251] DEBUG: No valid transitions from state late_stance
[2026-09-28 04:39:16,251] WARNING: Velocity attribute does not use the linearization map. Please calculate the velocity using the position attribute.
[2026-09-28 04:39:16,257] INFO: T:8.773, State:late_stance, Fz:-127.38, ThetaRef:5.00, ThetaActual:0.59, EncoderTheta:99.80, EncoderVelocity:0.00, K:500.00, B:20.00
[2026-09-28 04:39:16,259] DEBUG: No valid transitions from state late_stance
[2026-09-28 04:39:16,259] WARNING: Velocity attribute does not use the linearization map. Please calculate the velocity using the position attribute.
[2026-09-28 04:39:16,265] INFO: T:8.782, State:late_stance, Fz:-102.21, ThetaRef:5.00, ThetaActual:0.66, EncoderTheta:99.60, EncoderVelocity:-23.91, K:500.00, B:20.00
[2026-09-28 04:39:16,268] DEBUG: No valid transitions from state late_stance
[2026-09-28 04:39:16,268] WARNING: Velocity attribute does not use the linearization map. Please calculate the velocity using the position attribute.
[2026-09-28 04:39:16,273] INFO: T:8.790, State:late_stance, Fz:-79.91, ThetaRef:5.00, ThetaActual:0.73, EncoderTheta:99.51, EncoderVelocity:-10.33, K:500.00, B:20.00
[2026-09-28 04:39:16,276] DEBUG: No valid transitions from state late_stance
[2026-09-28 04:39:16,276] WARNING: Velocity attribute does not use the linearization map. Please calculate the velocity using the position attribute.
[2026-09-28 04:39:16,282] INFO: T:8.799, State:late_stance, Fz:-57.96, ThetaRef:5.00, ThetaActual:0.78, EncoderTheta:99.43, EncoderVelocity:-10.39, K:500.00, B:20.00
[2026-09-28 04:39:16,284] DEBUG: No valid transitions from state late_stance
[2026-09-28 04:39:16,285] WARNING: Velocity attribute does not use the linearization map. Please calculate the velocity using the position attribute.
[2026-09-28 04:39:16,290] INFO: T:8.807, State:late_stance, Fz:-34.78, ThetaRef:5.00, ThetaActual:0.88, EncoderTheta:99.27, EncoderVelocity:-18.41, K:500.00, B:20.00
[2026-09-28 04:39:16,293] WARNING: Velocity attribute does not use the linearization map. Please calculate the velocity using the position attribute.
[2026-09-28 04:39:16,298] INFO: T:8.815, State:swing, Fz:-11.66, ThetaRef:60.00, ThetaActual:0.97, EncoderTheta:99.23, EncoderVelocity:-5.28, K:10.00, B:0.50
[2026-09-28 04:39:16,301] DEBUG: No valid transitions from state swing
[2026-09-28 04:39:16,301] WARNING: Velocity attribute does not use the linearization map. Please calculate the velocity using the position attribute.
[2026-09-28 04:39:16,307] INFO: T:8.824, State:swing, Fz:6.45, ThetaRef:60.00, ThetaActual:1.02, EncoderTheta:99.16, EncoderVelocity:-8.01, K:10.00, B:0.50
[2026-09-28 04:39:16,309] DEBUG: No valid transitions from state swing
[2026-09-28 04:39:16,309] WARNING: Velocity attribute does not use the linearization map. Please calculate the velocity using the position attribute.
[2026-09-28 04:39:16,315] INFO: T:8.832, State:swing, Fz:23.70, ThetaRef:60.00, ThetaActual:1.12, EncoderTheta:99.03, EncoderVelocity:-15.81, K:10.00, B:0.50
[2026-09-28 04:39:16,318] DEBUG: No valid transitions from state swing
[2026-09-28 04:39:16,318] WARNING: Velocity attribute does not use the linearization map. Please calculate the velocity using the position attribute.
[2026-09-28 04:39:16,323] INFO: T:8.840, State:swing, Fz:36.85, ThetaRef:60.00, ThetaActual:1.18, EncoderTheta:99.01, EncoderVelocity:-2.65, K:10.00, B:0.50
[2026-09-28 04:39:16,326] DEBUG: No valid transitions from state swing
[2026-09-28 04:39:16,326] WARNING: Velocity attribute does not use the linearization map. Please calculate the velocity using the position attribute.
[2026-09-28 04:39:16,332] INFO: T:8.849, State:swing, Fz:46.85, ThetaRef:60.00, ThetaActual:1.21, EncoderTheta:98.85, EncoderVelocity:-18.49, K:10.00, B:0.50
[2026-09-28 04:39:16,334] DEBUG: No valid transitions from state swing
[2026-09-28 04:39:16,334] WARNING: Velocity attribute does not use the linearization map. Please calculate the velocity using the position attribute.
[2026-09-28 04:39:16,340] INFO: T:8.857, State:swing, Fz:49.91, ThetaRef:60.00, ThetaActual:1.36, EncoderTheta:98.55, EncoderVelocity:-37.02, K:10.00, B:0.50
[2026-09-28 04:39:16,342] DEBUG: No valid transitions from state swing
[2026-09-28 04:39:16,343] WARNING: Velocity attribute does not use the linearization map. Please calculate the velocity using the position attribute.
[2026-09-28 04:39:16,348] INFO: T:8.865, State:swing, Fz:50.26, ThetaRef:60.00, ThetaActual:1.79, EncoderTheta:98.09, EncoderVelocity:-56.13, K:10.00, B:0.50
[2026-09-28 04:39:16,351] DEBUG: No valid transitions from state swing
[2026-09-28 04:39:16,351] WARNING: Velocity attribute does not use the linearization map. Please calculate the velocity using the position attribute.
[2026-09-28 04:39:16,357] INFO: T:8.873, State:swing, Fz:55.00, ThetaRef:60.00, ThetaActual:2.10, EncoderTheta:97.36, EncoderVelocity:-86.81, K:10.00, B:0.50
[2026-09-28 04:39:16,359] DEBUG: No valid transitions from state swing
[2026-09-28 04:39:16,359] WARNING: Velocity attribute does not use the linearization map. Please calculate the velocity using the position attribute.
[2026-09-28 04:39:16,365] INFO: T:8.882, State:swing, Fz:58.14, ThetaRef:60.00, ThetaActual:2.91, EncoderTheta:96.48, EncoderVelocity:-105.83, K:10.00, B:0.50
[2026-09-28 04:39:16,367] DEBUG: No valid transitions from state swing
[2026-09-28 04:39:16,367] WARNING: Velocity attribute does not use the linearization map. Please calculate the velocity using the position attribute.
[2026-09-28 04:39:16,373] INFO: T:8.890, State:swing, Fz:58.59, ThetaRef:60.00, ThetaActual:3.97, EncoderTheta:95.52, EncoderVelocity:-117.45, K:10.00, B:0.50
[2026-09-28 04:39:16,376] DEBUG: No valid transitions from state swing
[2026-09-28 04:39:16,376] WARNING: Velocity attribute does not use the linearization map. Please calculate the velocity using the position attribute.
[2026-09-28 04:39:16,381] INFO: T:8.898, State:swing, Fz:51.89, ThetaRef:60.00, ThetaActual:4.59, EncoderTheta:94.44, EncoderVelocity:-128.54, K:10.00, B:0.50
[2026-09-28 04:39:16,384] DEBUG: No valid transitions from state swing
[2026-09-28 04:39:16,384] WARNING: Velocity attribute does not use the linearization map. Please calculate the velocity using the position attribute.
[2026-09-28 04:39:16,390] INFO: T:8.907, State:swing, Fz:32.74, ThetaRef:60.00, ThetaActual:5.98, EncoderTheta:93.21, EncoderVelocity:-147.01, K:10.00, B:0.50
[2026-09-28 04:39:16,392] DEBUG: No valid transitions from state swing
[2026-09-28 04:39:16,393] WARNING: Velocity attribute does not use the linearization map. Please calculate the velocity using the position attribute.
[2026-09-28 04:39:16,398] INFO: T:8.915, State:swing, Fz:12.58, ThetaRef:60.00, ThetaActual:7.51, EncoderTheta:91.93, EncoderVelocity:-152.45, K:10.00, B:0.50
[2026-09-28 04:39:16,401] DEBUG: No valid transitions from state swing
[2026-09-28 04:39:16,401] WARNING: Velocity attribute does not use the linearization map. Please calculate the velocity using the position attribute.
[2026-09-28 04:39:16,406] INFO: T:8.923, State:swing, Fz:-0.38, ThetaRef:60.00, ThetaActual:8.31, EncoderTheta:90.62, EncoderVelocity:-158.49, K:10.00, B:0.50
[2026-09-28 04:39:16,409] DEBUG: No valid transitions from state swing
[2026-09-28 04:39:16,409] WARNING: Velocity attribute does not use the linearization map. Please calculate the velocity using the position attribute.
[2026-09-28 04:39:16,415] INFO: T:8.932, State:swing, Fz:-10.68, ThetaRef:60.00, ThetaActual:9.93, EncoderTheta:89.23, EncoderVelocity:-163.98, K:10.00, B:0.50
[2026-09-28 04:39:16,418] DEBUG: No valid transitions from state swing
[2026-09-28 04:39:16,418] WARNING: Velocity attribute does not use the linearization map. Please calculate the velocity using the position attribute.
[2026-09-28 04:39:16,423] INFO: T:8.940, State:swing, Fz:-17.03, ThetaRef:60.00, ThetaActual:11.60, EncoderTheta:87.80, EncoderVelocity:-172.22, K:10.00, B:0.50
[2026-09-28 04:39:16,426] DEBUG: No valid transitions from state swing
[2026-09-28 04:39:16,426] WARNING: Velocity attribute does not use the linearization map. Please calculate the velocity using the position attribute.
[2026-09-28 04:39:16,431] INFO: T:8.948, State:swing, Fz:-21.92, ThetaRef:60.00, ThetaActual:12.44, EncoderTheta:86.44, EncoderVelocity:-165.31, K:10.00, B:0.50
[2026-09-28 04:39:16,434] DEBUG: No valid transitions from state swing
[2026-09-28 04:39:16,434] WARNING: Velocity attribute does not use the linearization map. Please calculate the velocity using the position attribute.
[2026-09-28 04:39:16,440] INFO: T:8.957, State:swing, Fz:-29.11, ThetaRef:60.00, ThetaActual:14.16, EncoderTheta:85.03, EncoderVelocity:-169.42, K:10.00, B:0.50
[2026-09-28 04:39:16,442] DEBUG: No valid transitions from state swing
[2026-09-28 04:39:16,442] WARNING: Velocity attribute does not use the linearization map. Please calculate the velocity using the position attribute.
[2026-09-28 04:39:16,448] INFO: T:8.965, State:swing, Fz:-34.63, ThetaRef:60.00, ThetaActual:15.90, EncoderTheta:83.58, EncoderVelocity:-176.60, K:10.00, B:0.50
[2026-09-28 04:39:16,450] DEBUG: No valid transitions from state swing
[2026-09-28 04:39:16,451] WARNING: Velocity attribute does not use the linearization map. Please calculate the velocity using the position attribute.
[2026-09-28 04:39:16,456] INFO: T:8.973, State:swing, Fz:-37.78, ThetaRef:60.00, ThetaActual:16.77, EncoderTheta:82.24, EncoderVelocity:-163.66, K:10.00, B:0.50
[2026-09-28 04:39:16,459] DEBUG: No valid transitions from state swing
[2026-09-28 04:39:16,459] WARNING: Velocity attribute does not use the linearization map. Please calculate the velocity using the position attribute.
[2026-09-28 04:39:16,465] INFO: T:8.981, State:swing, Fz:-35.73, ThetaRef:60.00, ThetaActual:18.51, EncoderTheta:80.75, EncoderVelocity:-178.33, K:10.00, B:0.50
[2026-09-28 04:39:16,468] DEBUG: No valid transitions from state swing
[2026-09-28 04:39:16,468] WARNING: Velocity attribute does not use the linearization map. Please calculate the velocity using the position attribute.
[2026-09-28 04:39:16,473] INFO: T:8.990, State:swing, Fz:-32.16, ThetaRef:60.00, ThetaActual:20.25, EncoderTheta:79.23, EncoderVelocity:-176.63, K:10.00, B:0.50
[2026-09-28 04:39:16,476] DEBUG: No valid transitions from state swing
[2026-09-28 04:39:16,476] WARNING: Velocity attribute does not use the linearization map. Please calculate the velocity using the position attribute.
[2026-09-28 04:39:16,484] INFO: T:8.999, State:swing, Fz:-26.94, ThetaRef:60.00, ThetaActual:21.12, EncoderTheta:77.67, EncoderVelocity:-176.39, K:10.00, B:0.50
[2026-09-28 04:39:16,487] DEBUG: No valid transitions from state swing
[2026-09-28 04:39:16,487] WARNING: Velocity attribute does not use the linearization map. Please calculate the velocity using the position attribute.
[2026-09-28 04:39:16,493] INFO: T:9.009, State:swing, Fz:-19.49, ThetaRef:60.00, ThetaActual:23.74, EncoderTheta:75.78, EncoderVelocity:-176.90, K:10.00, B:0.50
[2026-09-28 04:39:16,496] DEBUG: No valid transitions from state swing
[2026-09-28 04:39:16,496] WARNING: Velocity attribute does not use the linearization map. Please calculate the velocity using the position attribute.
[2026-09-28 04:39:16,502] INFO: T:9.018, State:swing, Fz:-14.23, ThetaRef:60.00, ThetaActual:24.62, EncoderTheta:74.22, EncoderVelocity:-176.20, K:10.00, B:0.50
[2026-09-28 04:39:16,504] DEBUG: No valid transitions from state swing
[2026-09-28 04:39:16,504] WARNING: Velocity attribute does not use the linearization map. Please calculate the velocity using the position attribute.
[2026-09-28 04:39:16,510] INFO: T:9.027, State:swing, Fz:-5.27, ThetaRef:60.00, ThetaActual:26.37, EncoderTheta:72.73, EncoderVelocity:-177.37, K:10.00, B:0.50
[2026-09-28 04:39:16,513] DEBUG: No valid transitions from state swing
[2026-09-28 04:39:16,513] WARNING: Velocity attribute does not use the linearization map. Please calculate the velocity using the position attribute.
[2026-09-28 04:39:16,518] INFO: T:9.035, State:swing, Fz:4.05, ThetaRef:60.00, ThetaActual:28.14, EncoderTheta:71.26, EncoderVelocity:-178.08, K:10.00, B:0.50
[2026-09-28 04:39:16,521] DEBUG: No valid transitions from state swing
[2026-09-28 04:39:16,521] WARNING: Velocity attribute does not use the linearization map. Please calculate the velocity using the position attribute.
[2026-09-28 04:39:16,527] INFO: T:9.044, State:swing, Fz:16.10, ThetaRef:60.00, ThetaActual:29.02, EncoderTheta:69.65, EncoderVelocity:-185.30, K:10.00, B:0.50
[2026-09-28 04:39:16,530] DEBUG: No valid transitions from state swing
[2026-09-28 04:39:16,530] WARNING: Velocity attribute does not use the linearization map. Please calculate the velocity using the position attribute.
[2026-09-28 04:39:16,536] INFO: T:9.053, State:swing, Fz:25.85, ThetaRef:60.00, ThetaActual:30.76, EncoderTheta:68.14, EncoderVelocity:-171.83, K:10.00, B:0.50
[2026-09-28 04:39:16,538] DEBUG: No valid transitions from state swing
[2026-09-28 04:39:16,539] WARNING: Velocity attribute does not use the linearization map. Please calculate the velocity using the position attribute.
[2026-09-28 04:39:16,544] INFO: T:9.061, State:swing, Fz:36.17, ThetaRef:60.00, ThetaActual:32.51, EncoderTheta:66.69, EncoderVelocity:-171.70, K:10.00, B:0.50
[2026-09-28 04:39:16,547] DEBUG: No valid transitions from state swing
[2026-09-28 04:39:16,547] WARNING: Velocity attribute does not use the linearization map. Please calculate the velocity using the position attribute.
[2026-09-28 04:39:16,553] INFO: T:9.069, State:swing, Fz:46.53, ThetaRef:60.00, ThetaActual:34.25, EncoderTheta:65.19, EncoderVelocity:-177.34, K:10.00, B:0.50
[2026-09-28 04:39:16,555] DEBUG: No valid transitions from state swing
[2026-09-28 04:39:16,555] WARNING: Velocity attribute does not use the linearization map. Please calculate the velocity using the position attribute.
[2026-09-28 04:39:16,561] INFO: T:9.078, State:swing, Fz:53.96, ThetaRef:60.00, ThetaActual:35.11, EncoderTheta:63.72, EncoderVelocity:-176.47, K:10.00, B:0.50
[2026-09-28 04:39:16,564] DEBUG: No valid transitions from state swing
[2026-09-28 04:39:16,564] WARNING: Velocity attribute does not use the linearization map. Please calculate the velocity using the position attribute.
[2026-09-28 04:39:16,569] INFO: T:9.086, State:swing, Fz:62.60, ThetaRef:60.00, ThetaActual:36.83, EncoderTheta:62.27, EncoderVelocity:-174.40, K:10.00, B:0.50
[2026-09-28 04:39:16,572] DEBUG: No valid transitions from state swing
[2026-09-28 04:39:16,572] WARNING: Velocity attribute does not use the linearization map. Please calculate the velocity using the position attribute.
[2026-09-28 04:39:16,578] INFO: T:9.094, State:swing, Fz:73.65, ThetaRef:60.00, ThetaActual:38.52, EncoderTheta:60.86, EncoderVelocity:-168.37, K:10.00, B:0.50
[2026-09-28 04:39:16,580] DEBUG: No valid transitions from state swing
[2026-09-28 04:39:16,580] WARNING: Velocity attribute does not use the linearization map. Please calculate the velocity using the position attribute.
[2026-09-28 04:39:16,586] INFO: T:9.103, State:swing, Fz:79.54, ThetaRef:60.00, ThetaActual:39.36, EncoderTheta:59.61, EncoderVelocity:-149.62, K:10.00, B:0.50
[2026-09-28 04:39:16,589] DEBUG: No valid transitions from state swing
[2026-09-28 04:39:16,589] WARNING: Velocity attribute does not use the linearization map. Please calculate the velocity using the position attribute.
[2026-09-28 04:39:16,594] INFO: T:9.111, State:swing, Fz:83.00, ThetaRef:60.00, ThetaActual:41.01, EncoderTheta:58.21, EncoderVelocity:-168.69, K:10.00, B:0.50
[2026-09-28 04:39:16,597] DEBUG: No valid transitions from state swing
[2026-09-28 04:39:16,597] WARNING: Velocity attribute does not use the linearization map. Please calculate the velocity using the position attribute.
[2026-09-28 04:39:16,603] INFO: T:9.119, State:swing, Fz:86.57, ThetaRef:60.00, ThetaActual:42.61, EncoderTheta:56.89, EncoderVelocity:-158.66, K:10.00, B:0.50
[2026-09-28 04:39:16,605] DEBUG: No valid transitions from state swing
[2026-09-28 04:39:16,605] WARNING: Velocity attribute does not use the linearization map. Please calculate the velocity using the position attribute.
[2026-09-28 04:39:16,611] INFO: T:9.128, State:swing, Fz:88.33, ThetaRef:60.00, ThetaActual:43.37, EncoderTheta:55.68, EncoderVelocity:-144.37, K:10.00, B:0.50
[2026-09-28 04:39:16,614] DEBUG: No valid transitions from state swing
[2026-09-28 04:39:16,614] WARNING: Velocity attribute does not use the linearization map. Please calculate the velocity using the position attribute.
[2026-09-28 04:39:16,620] INFO: T:9.136, State:swing, Fz:90.66, ThetaRef:60.00, ThetaActual:44.85, EncoderTheta:54.51, EncoderVelocity:-141.37, K:10.00, B:0.50
[2026-09-28 04:39:16,623] DEBUG: No valid transitions from state swing
[2026-09-28 04:39:16,623] WARNING: Velocity attribute does not use the linearization map. Please calculate the velocity using the position attribute.
[2026-09-28 04:39:16,628] INFO: T:9.145, State:swing, Fz:91.93, ThetaRef:60.00, ThetaActual:46.23, EncoderTheta:53.31, EncoderVelocity:-134.60, K:10.00, B:0.50
[2026-09-28 04:39:16,631] DEBUG: No valid transitions from state swing
[2026-09-28 04:39:16,631] WARNING: Velocity attribute does not use the linearization map. Please calculate the velocity using the position attribute.
[2026-09-28 04:39:16,637] INFO: T:9.154, State:swing, Fz:95.85, ThetaRef:60.00, ThetaActual:46.88, EncoderTheta:52.21, EncoderVelocity:-125.62, K:10.00, B:0.50
[2026-09-28 04:39:16,640] DEBUG: No valid transitions from state swing
[2026-09-28 04:39:16,640] WARNING: Velocity attribute does not use the linearization map. Please calculate the velocity using the position attribute.
[2026-09-28 04:39:16,645] INFO: T:9.162, State:swing, Fz:99.31, ThetaRef:60.00, ThetaActual:48.11, EncoderTheta:51.24, EncoderVelocity:-115.61, K:10.00, B:0.50
[2026-09-28 04:39:16,648] DEBUG: No valid transitions from state swing
[2026-09-28 04:39:16,648] WARNING: Velocity attribute does not use the linearization map. Please calculate the velocity using the position attribute.
[2026-09-28 04:39:16,654] INFO: T:9.170, State:swing, Fz:102.94, ThetaRef:60.00, ThetaActual:49.24, EncoderTheta:50.36, EncoderVelocity:-105.32, K:10.00, B:0.50
[2026-09-28 04:39:16,656] DEBUG: No valid transitions from state swing
[2026-09-28 04:39:16,656] WARNING: Velocity attribute does not use the linearization map. Please calculate the velocity using the position attribute.
[2026-09-28 04:39:16,662] INFO: T:9.179, State:swing, Fz:106.23, ThetaRef:60.00, ThetaActual:49.77, EncoderTheta:49.57, EncoderVelocity:-94.60, K:10.00, B:0.50
[2026-09-28 04:39:16,665] DEBUG: No valid transitions from state swing
[2026-09-28 04:39:16,665] WARNING: Velocity attribute does not use the linearization map. Please calculate the velocity using the position attribute.
[2026-09-28 04:39:16,670] INFO: T:9.187, State:swing, Fz:108.66, ThetaRef:60.00, ThetaActual:50.75, EncoderTheta:48.78, EncoderVelocity:-95.24, K:10.00, B:0.50
[2026-09-28 04:39:16,673] DEBUG: No valid transitions from state swing
[2026-09-28 04:39:16,673] WARNING: Velocity attribute does not use the linearization map. Please calculate the velocity using the position attribute.
[2026-09-28 04:39:16,679] INFO: T:9.196, State:swing, Fz:109.04, ThetaRef:60.00, ThetaActual:51.62, EncoderTheta:48.16, EncoderVelocity:-73.40, K:10.00, B:0.50
[2026-09-28 04:39:16,681] DEBUG: No valid transitions from state swing
[2026-09-28 04:39:16,681] WARNING: Velocity attribute does not use the linearization map. Please calculate the velocity using the position attribute.
[2026-09-28 04:39:16,687] INFO: T:9.204, State:swing, Fz:108.33, ThetaRef:60.00, ThetaActual:52.01, EncoderTheta:47.61, EncoderVelocity:-66.10, K:10.00, B:0.50
[2026-09-28 04:39:16,690] DEBUG: No valid transitions from state swing
[2026-09-28 04:39:16,690] WARNING: Velocity attribute does not use the linearization map. Please calculate the velocity using the position attribute.
[2026-09-28 04:39:16,695] INFO: T:9.212, State:swing, Fz:103.32, ThetaRef:60.00, ThetaActual:52.71, EncoderTheta:47.13, EncoderVelocity:-58.28, K:10.00, B:0.50
[2026-09-28 04:39:16,698] DEBUG: No valid transitions from state swing
[2026-09-28 04:39:16,698] WARNING: Velocity attribute does not use the linearization map. Please calculate the velocity using the position attribute.
[2026-09-28 04:39:16,704] INFO: T:9.221, State:swing, Fz:94.47, ThetaRef:60.00, ThetaActual:53.27, EncoderTheta:46.85, EncoderVelocity:-34.16, K:10.00, B:0.50
[2026-09-28 04:39:16,706] DEBUG: No valid transitions from state swing
[2026-09-28 04:39:16,706] WARNING: Velocity attribute does not use the linearization map. Please calculate the velocity using the position attribute.
[2026-09-28 04:39:16,712] INFO: T:9.229, State:swing, Fz:89.71, ThetaRef:60.00, ThetaActual:53.48, EncoderTheta:46.65, EncoderVelocity:-23.96, K:10.00, B:0.50
[2026-09-28 04:39:16,715] DEBUG: No valid transitions from state swing
[2026-09-28 04:39:16,715] WARNING: Velocity attribute does not use the linearization map. Please calculate the velocity using the position attribute.
[2026-09-28 04:39:16,720] INFO: T:9.237, State:swing, Fz:88.06, ThetaRef:60.00, ThetaActual:53.76, EncoderTheta:46.58, EncoderVelocity:-7.87, K:10.00, B:0.50
[2026-09-28 04:39:16,723] DEBUG: No valid transitions from state swing
[2026-09-28 04:39:16,723] WARNING: Velocity attribute does not use the linearization map. Please calculate the velocity using the position attribute.
[2026-09-28 04:39:16,729] INFO: T:9.246, State:swing, Fz:80.87, ThetaRef:60.00, ThetaActual:53.82, EncoderTheta:46.65, EncoderVelocity:7.83, K:10.00, B:0.50
[2026-09-28 04:39:16,731] DEBUG: No valid transitions from state swing
[2026-09-28 04:39:16,731] WARNING: Velocity attribute does not use the linearization map. Please calculate the velocity using the position attribute.
[2026-09-28 04:39:16,737] INFO: T:9.254, State:swing, Fz:72.90, ThetaRef:60.00, ThetaActual:53.80, EncoderTheta:46.78, EncoderVelocity:15.83, K:10.00, B:0.50
[2026-09-28 04:39:16,740] DEBUG: No valid transitions from state swing
[2026-09-28 04:39:16,740] WARNING: Velocity attribute does not use the linearization map. Please calculate the velocity using the position attribute.
[2026-09-28 04:39:16,745] INFO: T:9.262, State:swing, Fz:63.32, ThetaRef:60.00, ThetaActual:53.67, EncoderTheta:47.07, EncoderVelocity:34.50, K:10.00, B:0.50
[2026-09-28 04:39:16,748] DEBUG: No valid transitions from state swing
[2026-09-28 04:39:16,748] WARNING: Velocity attribute does not use the linearization map. Please calculate the velocity using the position attribute.
[2026-09-28 04:39:16,754] INFO: T:9.270, State:swing, Fz:53.52, ThetaRef:60.00, ThetaActual:53.41, EncoderTheta:47.42, EncoderVelocity:42.62, K:10.00, B:0.50
[2026-09-28 04:39:16,756] DEBUG: No valid transitions from state swing
[2026-09-28 04:39:16,756] WARNING: Velocity attribute does not use the linearization map. Please calculate the velocity using the position attribute.
[2026-09-28 04:39:16,762] INFO: T:9.279, State:swing, Fz:46.05, ThetaRef:60.00, ThetaActual:53.22, EncoderTheta:47.86, EncoderVelocity:52.62, K:10.00, B:0.50
[2026-09-28 04:39:16,764] DEBUG: No valid transitions from state swing
[2026-09-28 04:39:16,765] WARNING: Velocity attribute does not use the linearization map. Please calculate the velocity using the position attribute.
[2026-09-28 04:39:16,770] INFO: T:9.287, State:swing, Fz:38.87, ThetaRef:60.00, ThetaActual:52.73, EncoderTheta:48.43, EncoderVelocity:69.11, K:10.00, B:0.50
[2026-09-28 04:39:16,773] DEBUG: No valid transitions from state swing
[2026-09-28 04:39:16,773] WARNING: Velocity attribute does not use the linearization map. Please calculate the velocity using the position attribute.
[2026-09-28 04:39:16,779] INFO: T:9.295, State:swing, Fz:32.94, ThetaRef:60.00, ThetaActual:52.08, EncoderTheta:49.13, EncoderVelocity:85.13, K:10.00, B:0.50
[2026-09-28 04:39:16,781] DEBUG: No valid transitions from state swing
[2026-09-28 04:39:16,781] WARNING: Velocity attribute does not use the linearization map. Please calculate the velocity using the position attribute.
[2026-09-28 04:39:16,787] INFO: T:9.304, State:swing, Fz:26.88, ThetaRef:60.00, ThetaActual:51.70, EncoderTheta:49.86, EncoderVelocity:84.32, K:10.00, B:0.50
[2026-09-28 04:39:16,790] DEBUG: No valid transitions from state swing
[2026-09-28 04:39:16,790] WARNING: Velocity attribute does not use the linearization map. Please calculate the velocity using the position attribute.
[2026-09-28 04:39:16,795] INFO: T:9.312, State:swing, Fz:20.33, ThetaRef:60.00, ThetaActual:50.81, EncoderTheta:50.82, EncoderVelocity:116.08, K:10.00, B:0.50
[2026-09-28 04:39:16,798] DEBUG: No valid transitions from state swing
[2026-09-28 04:39:16,798] WARNING: Velocity attribute does not use the linearization map. Please calculate the velocity using the position attribute.
[2026-09-28 04:39:16,804] INFO: T:9.321, State:swing, Fz:13.83, ThetaRef:60.00, ThetaActual:49.76, EncoderTheta:51.79, EncoderVelocity:115.71, K:10.00, B:0.50
[2026-09-28 04:39:16,806] DEBUG: No valid transitions from state swing
[2026-09-28 04:39:16,806] WARNING: Velocity attribute does not use the linearization map. Please calculate the velocity using the position attribute.
[2026-09-28 04:39:16,812] INFO: T:9.329, State:swing, Fz:9.84, ThetaRef:60.00, ThetaActual:49.17, EncoderTheta:52.98, EncoderVelocity:143.41, K:10.00, B:0.50
[2026-09-28 04:39:16,815] DEBUG: No valid transitions from state swing
[2026-09-28 04:39:16,815] WARNING: Velocity attribute does not use the linearization map. Please calculate the velocity using the position attribute.
[2026-09-28 04:39:16,821] INFO: T:9.337, State:swing, Fz:5.81, ThetaRef:60.00, ThetaActual:47.87, EncoderTheta:54.18, EncoderVelocity:145.05, K:10.00, B:0.50
[2026-09-28 04:39:16,823] DEBUG: No valid transitions from state swing
[2026-09-28 04:39:16,823] WARNING: Velocity attribute does not use the linearization map. Please calculate the velocity using the position attribute.
[2026-09-28 04:39:16,829] INFO: T:9.346, State:swing, Fz:2.78, ThetaRef:60.00, ThetaActual:46.44, EncoderTheta:55.57, EncoderVelocity:160.79, K:10.00, B:0.50
[2026-09-28 04:39:16,832] DEBUG: No valid transitions from state swing
[2026-09-28 04:39:16,832] WARNING: Velocity attribute does not use the linearization map. Please calculate the velocity using the position attribute.
[2026-09-28 04:39:16,837] INFO: T:9.354, State:swing, Fz:0.47, ThetaRef:60.00, ThetaActual:44.87, EncoderTheta:56.89, EncoderVelocity:157.57, K:10.00, B:0.50
[2026-09-28 04:39:16,840] DEBUG: No valid transitions from state swing
[2026-09-28 04:39:16,840] WARNING: Velocity attribute does not use the linearization map. Please calculate the velocity using the position attribute.
[2026-09-28 04:39:16,846] INFO: T:9.362, State:swing, Fz:-2.30, ThetaRef:60.00, ThetaActual:44.04, EncoderTheta:58.49, EncoderVelocity:193.63, K:10.00, B:0.50
[2026-09-28 04:39:16,848] DEBUG: No valid transitions from state swing
[2026-09-28 04:39:16,848] WARNING: Velocity attribute does not use the linearization map. Please calculate the velocity using the position attribute.
[2026-09-28 04:39:16,854] INFO: T:9.371, State:swing, Fz:-6.40, ThetaRef:60.00, ThetaActual:42.28, EncoderTheta:59.96, EncoderVelocity:177.14, K:10.00, B:0.50
[2026-09-28 04:39:16,856] DEBUG: No valid transitions from state swing
[2026-09-28 04:39:16,857] WARNING: Velocity attribute does not use the linearization map. Please calculate the velocity using the position attribute.
[2026-09-28 04:39:16,862] INFO: T:9.379, State:swing, Fz:-9.49, ThetaRef:60.00, ThetaActual:41.36, EncoderTheta:61.59, EncoderVelocity:196.76, K:10.00, B:0.50
[2026-09-28 04:39:16,865] DEBUG: No valid transitions from state swing
[2026-09-28 04:39:16,865] WARNING: Velocity attribute does not use the linearization map. Please calculate the velocity using the position attribute.
[2026-09-28 04:39:16,870] INFO: T:9.387, State:swing, Fz:-9.94, ThetaRef:60.00, ThetaActual:39.43, EncoderTheta:63.30, EncoderVelocity:205.38, K:10.00, B:0.50
[2026-09-28 04:39:16,873] DEBUG: No valid transitions from state swing
[2026-09-28 04:39:16,873] WARNING: Velocity attribute does not use the linearization map. Please calculate the velocity using the position attribute.
[2026-09-28 04:39:16,879] INFO: T:9.396, State:swing, Fz:-12.68, ThetaRef:60.00, ThetaActual:37.42, EncoderTheta:65.08, EncoderVelocity:214.97, K:10.00, B:0.50
[2026-09-28 04:39:16,881] DEBUG: No valid transitions from state swing
[2026-09-28 04:39:16,881] WARNING: Velocity attribute does not use the linearization map. Please calculate the velocity using the position attribute.
[2026-09-28 04:39:16,887] INFO: T:9.404, State:swing, Fz:-14.78, ThetaRef:60.00, ThetaActual:36.39, EncoderTheta:66.86, EncoderVelocity:215.72, K:10.00, B:0.50
[2026-09-28 04:39:16,890] DEBUG: No valid transitions from state swing
[2026-09-28 04:39:16,890] WARNING: Velocity attribute does not use the linearization map. Please calculate the velocity using the position attribute.
[2026-09-28 04:39:16,895] INFO: T:9.412, State:swing, Fz:-18.39, ThetaRef:60.00, ThetaActual:34.25, EncoderTheta:68.71, EncoderVelocity:223.52, K:10.00, B:0.50
[2026-09-28 04:39:16,898] DEBUG: No valid transitions from state swing
[2026-09-28 04:39:16,898] WARNING: Velocity attribute does not use the linearization map. Please calculate the velocity using the position attribute.
[2026-09-28 04:39:16,904] INFO: T:9.420, State:swing, Fz:-20.11, ThetaRef:60.00, ThetaActual:32.05, EncoderTheta:70.62, EncoderVelocity:229.80, K:10.00, B:0.50
[2026-09-28 04:39:16,906] DEBUG: No valid transitions from state swing
[2026-09-28 04:39:16,906] WARNING: Velocity attribute does not use the linearization map. Please calculate the velocity using the position attribute.
[2026-09-28 04:39:16,912] INFO: T:9.429, State:swing, Fz:-20.49, ThetaRef:60.00, ThetaActual:30.93, EncoderTheta:72.51, EncoderVelocity:228.13, K:10.00, B:0.50
[2026-09-28 04:39:16,915] DEBUG: No valid transitions from state swing
[2026-09-28 04:39:16,915] WARNING: Velocity attribute does not use the linearization map. Please calculate the velocity using the position attribute.
[2026-09-28 04:39:16,920] INFO: T:9.437, State:swing, Fz:-23.22, ThetaRef:60.00, ThetaActual:28.66, EncoderTheta:74.44, EncoderVelocity:228.18, K:10.00, B:0.50
[2026-09-28 04:39:16,923] DEBUG: No valid transitions from state swing
[2026-09-28 04:39:16,923] WARNING: Velocity attribute does not use the linearization map. Please calculate the velocity using the position attribute.
[2026-09-28 04:39:16,929] INFO: T:9.446, State:swing, Fz:-25.30, ThetaRef:60.00, ThetaActual:26.34, EncoderTheta:76.40, EncoderVelocity:231.74, K:10.00, B:0.50
[2026-09-28 04:39:16,931] DEBUG: No valid transitions from state swing
[2026-09-28 04:39:16,931] WARNING: Velocity attribute does not use the linearization map. Please calculate the velocity using the position attribute.
[2026-09-28 04:39:16,937] INFO: T:9.454, State:swing, Fz:-25.45, ThetaRef:60.00, ThetaActual:25.18, EncoderTheta:78.33, EncoderVelocity:233.84, K:10.00, B:0.50
[2026-09-28 04:39:16,940] DEBUG: No valid transitions from state swing
[2026-09-28 04:39:16,940] WARNING: Velocity attribute does not use the linearization map. Please calculate the velocity using the position attribute.
[2026-09-28 04:39:16,945] INFO: T:9.462, State:swing, Fz:-27.00, ThetaRef:60.00, ThetaActual:22.84, EncoderTheta:80.22, EncoderVelocity:227.99, K:10.00, B:0.50
[2026-09-28 04:39:16,948] DEBUG: No valid transitions from state swing
[2026-09-28 04:39:16,948] WARNING: Velocity attribute does not use the linearization map. Please calculate the velocity using the position attribute.
[2026-09-28 04:39:16,954] INFO: T:9.471, State:swing, Fz:-26.73, ThetaRef:60.00, ThetaActual:20.49, EncoderTheta:82.24, EncoderVelocity:241.08, K:10.00, B:0.50
[2026-09-28 04:39:16,956] DEBUG: No valid transitions from state swing
[2026-09-28 04:39:16,956] WARNING: Velocity attribute does not use the linearization map. Please calculate the velocity using the position attribute.
[2026-09-28 04:39:16,962] INFO: T:9.479, State:swing, Fz:-25.05, ThetaRef:60.00, ThetaActual:19.33, EncoderTheta:84.13, EncoderVelocity:229.86, K:10.00, B:0.50
[2026-09-28 04:39:16,965] DEBUG: No valid transitions from state swing
[2026-09-28 04:39:16,965] WARNING: Velocity attribute does not use the linearization map. Please calculate the velocity using the position attribute.
[2026-09-28 04:39:16,970] INFO: T:9.487, State:swing, Fz:-26.70, ThetaRef:60.00, ThetaActual:17.02, EncoderTheta:86.00, EncoderVelocity:223.55, K:10.00, B:0.50
[2026-09-28 04:39:16,973] DEBUG: No valid transitions from state swing
[2026-09-28 04:39:16,973] WARNING: Velocity attribute does not use the linearization map. Please calculate the velocity using the position attribute.
[2026-09-28 04:39:16,979] INFO: T:9.495, State:swing, Fz:-27.50, ThetaRef:60.00, ThetaActual:14.75, EncoderTheta:87.93, EncoderVelocity:233.17, K:10.00, B:0.50
[2026-09-28 04:39:16,981] DEBUG: No valid transitions from state swing
[2026-09-28 04:39:16,981] WARNING: Velocity attribute does not use the linearization map. Please calculate the velocity using the position attribute.
[2026-09-28 04:39:16,987] INFO: T:9.504, State:swing, Fz:-28.12, ThetaRef:60.00, ThetaActual:13.63, EncoderTheta:89.69, EncoderVelocity:211.11, K:10.00, B:0.50
[2026-09-28 04:39:16,990] WARNING: Velocity attribute does not use the linearization map. Please calculate the velocity using the position attribute.
[2026-09-28 04:39:16,995] INFO: T:9.512, State:early_stance, Fz:-28.08, ThetaRef:15.00, ThetaActual:11.43, EncoderTheta:91.38, EncoderVelocity:205.93, K:20.00, B:1.00
[2026-09-28 04:39:16,998] DEBUG: No valid transitions from state early_stance
[2026-09-28 04:39:16,998] WARNING: Velocity attribute does not use the linearization map. Please calculate the velocity using the position attribute.
[2026-09-28 04:39:17,004] INFO: T:9.520, State:early_stance, Fz:-26.59, ThetaRef:15.00, ThetaActual:9.28, EncoderTheta:93.14, EncoderVelocity:209.52, K:20.00, B:1.00
[2026-09-28 04:39:17,006] DEBUG: No valid transitions from state early_stance
[2026-09-28 04:39:17,006] WARNING: Velocity attribute does not use the linearization map. Please calculate the velocity using the position attribute.
[2026-09-28 04:39:17,012] INFO: T:9.529, State:early_stance, Fz:-27.41, ThetaRef:15.00, ThetaActual:8.24, EncoderTheta:94.70, EncoderVelocity:188.79, K:20.00, B:1.00
[2026-09-28 04:39:17,015] DEBUG: No valid transitions from state early_stance
[2026-09-28 04:39:17,015] WARNING: Velocity attribute does not use the linearization map. Please calculate the velocity using the position attribute.
[2026-09-28 04:39:17,020] INFO: T:9.537, State:early_stance, Fz:-26.55, ThetaRef:15.00, ThetaActual:6.21, EncoderTheta:96.33, EncoderVelocity:191.04, K:20.00, B:1.00
[2026-09-28 04:39:17,023] DEBUG: No valid transitions from state early_stance
[2026-09-28 04:39:17,023] WARNING: Velocity attribute does not use the linearization map. Please calculate the velocity using the position attribute.
[2026-09-28 04:39:17,029] INFO: T:9.546, State:early_stance, Fz:-25.92, ThetaRef:15.00, ThetaActual:4.27, EncoderTheta:97.87, EncoderVelocity:181.90, K:20.00, B:1.00
[2026-09-28 04:39:17,031] DEBUG: No valid transitions from state early_stance
[2026-09-28 04:39:17,031] WARNING: Velocity attribute does not use the linearization map. Please calculate the velocity using the position attribute.
[2026-09-28 04:39:17,037] INFO: T:9.554, State:early_stance, Fz:-25.92, ThetaRef:15.00, ThetaActual:3.35, EncoderTheta:99.32, EncoderVelocity:175.04, K:20.00, B:1.00
[2026-09-28 04:39:17,040] DEBUG: No valid transitions from state early_stance
[2026-09-28 04:39:17,040] WARNING: Velocity attribute does not use the linearization map. Please calculate the velocity using the position attribute.
[2026-09-28 04:39:17,045] INFO: T:9.562, State:early_stance, Fz:-38.45, ThetaRef:15.00, ThetaActual:1.60, EncoderTheta:100.13, EncoderVelocity:98.26, K:20.00, B:1.00
[2026-09-28 04:39:17,048] DEBUG: No valid transitions from state early_stance
[2026-09-28 04:39:17,048] WARNING: Velocity attribute does not use the linearization map. Please calculate the velocity using the position attribute.
[2026-09-28 04:39:17,054] INFO: T:9.571, State:early_stance, Fz:-107.22, ThetaRef:15.00, ThetaActual:0.01, EncoderTheta:100.22, EncoderVelocity:10.60, K:20.00, B:1.00
[2026-09-28 04:39:17,056] DEBUG: No valid transitions from state early_stance
[2026-09-28 04:39:17,056] WARNING: Velocity attribute does not use the linearization map. Please calculate the velocity using the position attribute.
[2026-09-28 04:39:17,062] INFO: T:9.579, State:early_stance, Fz:-61.26, ThetaRef:15.00, ThetaActual:-0.58, EncoderTheta:100.11, EncoderVelocity:-13.09, K:20.00, B:1.00
[2026-09-28 04:39:17,065] DEBUG: No valid transitions from state early_stance
[2026-09-28 04:39:17,065] WARNING: Velocity attribute does not use the linearization map. Please calculate the velocity using the position attribute.
[2026-09-28 04:39:17,070] INFO: T:9.587, State:early_stance, Fz:-42.69, ThetaRef:15.00, ThetaActual:-0.71, EncoderTheta:100.13, EncoderVelocity:2.65, K:20.00, B:1.00
[2026-09-28 04:39:17,073] DEBUG: No valid transitions from state early_stance
[2026-09-28 04:39:17,073] WARNING: Velocity attribute does not use the linearization map. Please calculate the velocity using the position attribute.
[2026-09-28 04:39:17,079] INFO: T:9.596, State:early_stance, Fz:-59.19, ThetaRef:15.00, ThetaActual:0.25, EncoderTheta:100.02, EncoderVelocity:-13.12, K:20.00, B:1.00
[2026-09-28 04:39:17,081] DEBUG: No valid transitions from state early_stance
[2026-09-28 04:39:17,082] WARNING: Velocity attribute does not use the linearization map. Please calculate the velocity using the position attribute.
[2026-09-28 04:39:17,087] INFO: T:9.604, State:early_stance, Fz:-55.77, ThetaRef:15.00, ThetaActual:0.85, EncoderTheta:99.62, EncoderVelocity:-46.59, K:20.00, B:1.00
[2026-09-28 04:39:17,090] DEBUG: No valid transitions from state early_stance
[2026-09-28 04:39:17,090] WARNING: Velocity attribute does not use the linearization map. Please calculate the velocity using the position attribute.
[2026-09-28 04:39:17,095] INFO: T:9.612, State:early_stance, Fz:-74.70, ThetaRef:15.00, ThetaActual:1.97, EncoderTheta:98.94, EncoderVelocity:-81.85, K:20.00, B:1.00
[2026-09-28 04:39:17,098] DEBUG: No valid transitions from state early_stance
[2026-09-28 04:39:17,098] WARNING: Velocity attribute does not use the linearization map. Please calculate the velocity using the position attribute.
[2026-09-28 04:39:17,104] INFO: T:9.621, State:early_stance, Fz:-70.62, ThetaRef:15.00, ThetaActual:2.83, EncoderTheta:98.09, EncoderVelocity:-102.96, K:20.00, B:1.00
[2026-09-28 04:39:17,106] DEBUG: No valid transitions from state early_stance
[2026-09-28 04:39:17,106] WARNING: Velocity attribute does not use the linearization map. Please calculate the velocity using the position attribute.
[2026-09-28 04:39:17,112] INFO: T:9.629, State:early_stance, Fz:-57.34, ThetaRef:15.00, ThetaActual:3.16, EncoderTheta:97.32, EncoderVelocity:-92.81, K:20.00, B:1.00
[2026-09-28 04:39:17,115] DEBUG: No valid transitions from state early_stance
[2026-09-28 04:39:17,115] WARNING: Velocity attribute does not use the linearization map. Please calculate the velocity using the position attribute.
[2026-09-28 04:39:17,120] INFO: T:9.637, State:early_stance, Fz:-45.21, ThetaRef:15.00, ThetaActual:3.70, EncoderTheta:96.68, EncoderVelocity:-76.40, K:20.00, B:1.00
[2026-09-28 04:39:17,123] DEBUG: No valid transitions from state early_stance
[2026-09-28 04:39:17,123] WARNING: Velocity attribute does not use the linearization map. Please calculate the velocity using the position attribute.
[2026-09-28 04:39:17,129] INFO: T:9.646, State:early_stance, Fz:-30.98, ThetaRef:15.00, ThetaActual:4.14, EncoderTheta:96.31, EncoderVelocity:-44.63, K:20.00, B:1.00
[2026-09-28 04:39:17,131] DEBUG: No valid transitions from state early_stance
[2026-09-28 04:39:17,131] WARNING: Velocity attribute does not use the linearization map. Please calculate the velocity using the position attribute.
[2026-09-28 04:39:17,137] INFO: T:9.654, State:early_stance, Fz:-20.66, ThetaRef:15.00, ThetaActual:4.34, EncoderTheta:96.02, EncoderVelocity:-34.61, K:20.00, B:1.00
[2026-09-28 04:39:17,140] DEBUG: No valid transitions from state early_stance
[2026-09-28 04:39:17,140] WARNING: Velocity attribute does not use the linearization map. Please calculate the velocity using the position attribute.
[2026-09-28 04:39:17,145] INFO: T:9.662, State:early_stance, Fz:-17.82, ThetaRef:15.00, ThetaActual:4.72, EncoderTheta:95.80, EncoderVelocity:-26.27, K:20.00, B:1.00
[2026-09-28 04:39:17,148] DEBUG: No valid transitions from state early_stance
[2026-09-28 04:39:17,148] WARNING: Velocity attribute does not use the linearization map. Please calculate the velocity using the position attribute.
[2026-09-28 04:39:17,154] INFO: T:9.671, State:early_stance, Fz:-16.75, ThetaRef:15.00, ThetaActual:5.06, EncoderTheta:95.60, EncoderVelocity:-23.65, K:20.00, B:1.00
[2026-09-28 04:39:17,156] DEBUG: No valid transitions from state early_stance
[2026-09-28 04:39:17,156] WARNING: Velocity attribute does not use the linearization map. Please calculate the velocity using the position attribute.
[2026-09-28 04:39:17,162] INFO: T:9.679, State:early_stance, Fz:-17.30, ThetaRef:15.00, ThetaActual:5.20, EncoderTheta:95.36, EncoderVelocity:-29.11, K:20.00, B:1.00
[2026-09-28 04:39:17,165] DEBUG: No valid transitions from state early_stance
[2026-09-28 04:39:17,165] WARNING: Velocity attribute does not use the linearization map. Please calculate the velocity using the position attribute.
[2026-09-28 04:39:17,171] INFO: T:9.687, State:early_stance, Fz:-12.74, ThetaRef:15.00, ThetaActual:5.41, EncoderTheta:95.21, EncoderVelocity:-18.23, K:20.00, B:1.00
[2026-09-28 04:39:17,173] DEBUG: No valid transitions from state early_stance
[2026-09-28 04:39:17,173] WARNING: Velocity attribute does not use the linearization map. Please calculate the velocity using the position attribute.
[2026-09-28 04:39:17,179] INFO: T:9.696, State:early_stance, Fz:-5.80, ThetaRef:15.00, ThetaActual:5.55, EncoderTheta:95.10, EncoderVelocity:-13.05, K:20.00, B:1.00
[2026-09-28 04:39:17,182] DEBUG: No valid transitions from state early_stance
[2026-09-28 04:39:17,182] WARNING: Velocity attribute does not use the linearization map. Please calculate the velocity using the position attribute.
[2026-09-28 04:39:17,187] INFO: T:9.704, State:early_stance, Fz:-3.04, ThetaRef:15.00, ThetaActual:5.64, EncoderTheta:95.12, EncoderVelocity:2.65, K:20.00, B:1.00
[2026-09-28 04:39:17,190] DEBUG: No valid transitions from state early_stance
[2026-09-28 04:39:17,190] WARNING: Velocity attribute does not use the linearization map. Please calculate the velocity using the position attribute.
[2026-09-28 04:39:17,196] INFO: T:9.712, State:early_stance, Fz:-3.94, ThetaRef:15.00, ThetaActual:5.67, EncoderTheta:95.16, EncoderVelocity:5.28, K:20.00, B:1.00
[2026-09-28 04:39:17,198] DEBUG: No valid transitions from state early_stance
[2026-09-28 04:39:17,198] WARNING: Velocity attribute does not use the linearization map. Please calculate the velocity using the position attribute.
[2026-09-28 04:39:17,204] INFO: T:9.721, State:early_stance, Fz:-6.17, ThetaRef:15.00, ThetaActual:5.69, EncoderTheta:95.19, EncoderVelocity:2.63, K:20.00, B:1.00
[2026-09-28 04:39:17,206] DEBUG: No valid transitions from state early_stance
[2026-09-28 04:39:17,207] WARNING: Velocity attribute does not use the linearization map. Please calculate the velocity using the position attribute.
[2026-09-28 04:39:17,212] INFO: T:9.729, State:early_stance, Fz:-9.77, ThetaRef:15.00, ThetaActual:5.68, EncoderTheta:95.16, EncoderVelocity:-2.67, K:20.00, B:1.00
[2026-09-28 04:39:17,215] DEBUG: No valid transitions from state early_stance
[2026-09-28 04:39:17,215] WARNING: Velocity attribute does not use the linearization map. Please calculate the velocity using the position attribute.
[2026-09-28 04:39:17,221] INFO: T:9.737, State:early_stance, Fz:-11.54, ThetaRef:15.00, ThetaActual:5.67, EncoderTheta:95.27, EncoderVelocity:13.13, K:20.00, B:1.00
[2026-09-28 04:39:17,223] DEBUG: No valid transitions from state early_stance
[2026-09-28 04:39:17,223] WARNING: Velocity attribute does not use the linearization map. Please calculate the velocity using the position attribute.
[2026-09-28 04:39:17,229] INFO: T:9.746, State:early_stance, Fz:-11.96, ThetaRef:15.00, ThetaActual:5.65, EncoderTheta:95.27, EncoderVelocity:0.00, K:20.00, B:1.00
[2026-09-28 04:39:17,231] DEBUG: No valid transitions from state early_stance
[2026-09-28 04:39:17,232] WARNING: Velocity attribute does not use the linearization map. Please calculate the velocity using the position attribute.
[2026-09-28 04:39:17,237] INFO: T:9.754, State:early_stance, Fz:-13.27, ThetaRef:15.00, ThetaActual:5.63, EncoderTheta:95.30, EncoderVelocity:2.66, K:20.00, B:1.00
[2026-09-28 04:39:17,240] DEBUG: No valid transitions from state early_stance
[2026-09-28 04:39:17,240] WARNING: Velocity attribute does not use the linearization map. Please calculate the velocity using the position attribute.
[2026-09-28 04:39:17,245] INFO: T:9.762, State:early_stance, Fz:-13.79, ThetaRef:15.00, ThetaActual:5.59, EncoderTheta:95.36, EncoderVelocity:7.93, K:20.00, B:1.00
[2026-09-28 04:39:17,248] DEBUG: No valid transitions from state early_stance
[2026-09-28 04:39:17,248] WARNING: Velocity attribute does not use the linearization map. Please calculate the velocity using the position attribute.
[2026-09-28 04:39:17,254] INFO: T:9.771, State:early_stance, Fz:-14.66, ThetaRef:15.00, ThetaActual:5.56, EncoderTheta:95.32, EncoderVelocity:-5.31, K:20.00, B:1.00
[2026-09-28 04:39:17,256] DEBUG: No valid transitions from state early_stance
[2026-09-28 04:39:17,256] WARNING: Velocity attribute does not use the linearization map. Please calculate the velocity using the position attribute.
[2026-09-28 04:39:17,262] INFO: T:9.779, State:early_stance, Fz:-15.29, ThetaRef:15.00, ThetaActual:5.54, EncoderTheta:95.38, EncoderVelocity:7.93, K:20.00, B:1.00
[2026-09-28 04:39:17,265] DEBUG: No valid transitions from state early_stance
[2026-09-28 04:39:17,265] WARNING: Velocity attribute does not use the linearization map. Please calculate the velocity using the position attribute.
[2026-09-28 04:39:17,270] INFO: T:9.787, State:early_stance, Fz:-14.79, ThetaRef:15.00, ThetaActual:5.51, EncoderTheta:95.34, EncoderVelocity:-5.30, K:20.00, B:1.00
[2026-09-28 04:39:17,273] DEBUG: No valid transitions from state early_stance
[2026-09-28 04:39:17,273] WARNING: Velocity attribute does not use the linearization map. Please calculate the velocity using the position attribute.
[2026-09-28 04:39:17,279] INFO: T:9.796, State:early_stance, Fz:-14.92, ThetaRef:15.00, ThetaActual:5.48, EncoderTheta:95.41, EncoderVelocity:7.94, K:20.00, B:1.00
[2026-09-28 04:39:17,281] DEBUG: No valid transitions from state early_stance
[2026-09-28 04:39:17,281] WARNING: Velocity attribute does not use the linearization map. Please calculate the velocity using the position attribute.
[2026-09-28 04:39:17,287] INFO: T:9.804, State:early_stance, Fz:-14.52, ThetaRef:15.00, ThetaActual:5.47, EncoderTheta:95.45, EncoderVelocity:5.32, K:20.00, B:1.00
[2026-09-28 04:39:17,289] DEBUG: No valid transitions from state early_stance
[2026-09-28 04:39:17,290] WARNING: Velocity attribute does not use the linearization map. Please calculate the velocity using the position attribute.
[2026-09-28 04:39:17,295] INFO: T:9.812, State:early_stance, Fz:-15.19, ThetaRef:15.00, ThetaActual:5.45, EncoderTheta:95.47, EncoderVelocity:2.67, K:20.00, B:1.00
[2026-09-28 04:39:17,298] DEBUG: No valid transitions from state early_stance
[2026-09-28 04:39:17,298] WARNING: Velocity attribute does not use the linearization map. Please calculate the velocity using the position attribute.
[2026-09-28 04:39:17,303] INFO: T:9.820, State:early_stance, Fz:-15.70, ThetaRef:15.00, ThetaActual:5.44, EncoderTheta:95.43, EncoderVelocity:-5.31, K:20.00, B:1.00
[2026-09-28 04:39:17,306] DEBUG: No valid transitions from state early_stance
[2026-09-28 04:39:17,306] WARNING: Velocity attribute does not use the linearization map. Please calculate the velocity using the position attribute.
[2026-09-28 04:39:17,312] INFO: T:9.829, State:early_stance, Fz:-16.59, ThetaRef:15.00, ThetaActual:5.43, EncoderTheta:95.47, EncoderVelocity:5.32, K:20.00, B:1.00
[2026-09-28 04:39:17,314] DEBUG: No valid transitions from state early_stance
[2026-09-28 04:39:17,314] WARNING: Velocity attribute does not use the linearization map. Please calculate the velocity using the position attribute.
[2026-09-28 04:39:17,320] INFO: T:9.837, State:early_stance, Fz:-18.74, ThetaRef:15.00, ThetaActual:5.43, EncoderTheta:95.47, EncoderVelocity:0.00, K:20.00, B:1.00
[2026-09-28 04:39:17,323] DEBUG: No valid transitions from state early_stance
[2026-09-28 04:39:17,323] WARNING: Velocity attribute does not use the linearization map. Please calculate the velocity using the position attribute.
[2026-09-28 04:39:17,328] INFO: T:9.845, State:early_stance, Fz:-17.38, ThetaRef:15.00, ThetaActual:5.42, EncoderTheta:95.43, EncoderVelocity:-5.22, K:20.00, B:1.00
[2026-09-28 04:39:17,331] DEBUG: No valid transitions from state early_stance
[2026-09-28 04:39:17,331] WARNING: Velocity attribute does not use the linearization map. Please calculate the velocity using the position attribute.
[2026-09-28 04:39:17,337] INFO: T:9.854, State:early_stance, Fz:-16.42, ThetaRef:15.00, ThetaActual:5.41, EncoderTheta:95.47, EncoderVelocity:5.28, K:20.00, B:1.00
[2026-09-28 04:39:17,339] DEBUG: No valid transitions from state early_stance
[2026-09-28 04:39:17,339] WARNING: Velocity attribute does not use the linearization map. Please calculate the velocity using the position attribute.
[2026-09-28 04:39:17,345] INFO: T:9.862, State:early_stance, Fz:-17.57, ThetaRef:15.00, ThetaActual:5.39, EncoderTheta:95.47, EncoderVelocity:0.00, K:20.00, B:1.00
[2026-09-28 04:39:17,347] DEBUG: No valid transitions from state early_stance
[2026-09-28 04:39:17,348] WARNING: Velocity attribute does not use the linearization map. Please calculate the velocity using the position attribute.
[2026-09-28 04:39:17,353] INFO: T:9.870, State:early_stance, Fz:-17.48, ThetaRef:15.00, ThetaActual:5.38, EncoderTheta:95.47, EncoderVelocity:0.00, K:20.00, B:1.00
[2026-09-28 04:39:17,356] DEBUG: No valid transitions from state early_stance
[2026-09-28 04:39:17,356] WARNING: Velocity attribute does not use the linearization map. Please calculate the velocity using the position attribute.
[2026-09-28 04:39:17,361] INFO: T:9.878, State:early_stance, Fz:-18.91, ThetaRef:15.00, ThetaActual:5.37, EncoderTheta:95.45, EncoderVelocity:-2.66, K:20.00, B:1.00
[2026-09-28 04:39:17,364] DEBUG: No valid transitions from state early_stance
[2026-09-28 04:39:17,364] WARNING: Velocity attribute does not use the linearization map. Please calculate the velocity using the position attribute.
[2026-09-28 04:39:17,370] INFO: T:9.887, State:early_stance, Fz:-17.48, ThetaRef:15.00, ThetaActual:5.38, EncoderTheta:95.41, EncoderVelocity:-5.28, K:20.00, B:1.00
[2026-09-28 04:39:17,372] DEBUG: No valid transitions from state early_stance
[2026-09-28 04:39:17,372] WARNING: Velocity attribute does not use the linearization map. Please calculate the velocity using the position attribute.
[2026-09-28 04:39:17,378] INFO: T:9.895, State:early_stance, Fz:-14.46, ThetaRef:15.00, ThetaActual:5.38, EncoderTheta:95.43, EncoderVelocity:2.68, K:20.00, B:1.00
[2026-09-28 04:39:17,381] DEBUG: No valid transitions from state early_stance
[2026-09-28 04:39:17,381] WARNING: Velocity attribute does not use the linearization map. Please calculate the velocity using the position attribute.
[2026-09-28 04:39:17,386] INFO: T:9.903, State:early_stance, Fz:-13.08, ThetaRef:15.00, ThetaActual:5.38, EncoderTheta:95.38, EncoderVelocity:-5.31, K:20.00, B:1.00
[2026-09-28 04:39:17,389] DEBUG: No valid transitions from state early_stance
[2026-09-28 04:39:17,389] WARNING: Velocity attribute does not use the linearization map. Please calculate the velocity using the position attribute.
[2026-09-28 04:39:17,395] INFO: T:9.911, State:early_stance, Fz:-10.06, ThetaRef:15.00, ThetaActual:5.38, EncoderTheta:95.38, EncoderVelocity:0.00, K:20.00, B:1.00
[2026-09-28 04:39:17,397] DEBUG: No valid transitions from state early_stance
[2026-09-28 04:39:17,397] WARNING: Velocity attribute does not use the linearization map. Please calculate the velocity using the position attribute.
[2026-09-28 04:39:17,403] INFO: T:9.920, State:early_stance, Fz:-10.21, ThetaRef:15.00, ThetaActual:5.38, EncoderTheta:95.38, EncoderVelocity:0.00, K:20.00, B:1.00
[2026-09-28 04:39:17,405] DEBUG: No valid transitions from state early_stance
[2026-09-28 04:39:17,405] WARNING: Velocity attribute does not use the linearization map. Please calculate the velocity using the position attribute.
[2026-09-28 04:39:17,411] INFO: T:9.928, State:early_stance, Fz:-8.38, ThetaRef:15.00, ThetaActual:5.38, EncoderTheta:95.38, EncoderVelocity:0.00, K:20.00, B:1.00
[2026-09-28 04:39:17,414] DEBUG: No valid transitions from state early_stance
[2026-09-28 04:39:17,414] WARNING: Velocity attribute does not use the linearization map. Please calculate the velocity using the position attribute.
[2026-09-28 04:39:17,419] INFO: T:9.936, State:early_stance, Fz:-6.50, ThetaRef:15.00, ThetaActual:5.38, EncoderTheta:95.38, EncoderVelocity:0.00, K:20.00, B:1.00
[2026-09-28 04:39:17,422] DEBUG: No valid transitions from state early_stance
[2026-09-28 04:39:17,422] WARNING: Velocity attribute does not use the linearization map. Please calculate the velocity using the position attribute.
[2026-09-28 04:39:17,428] INFO: T:9.945, State:early_stance, Fz:-6.01, ThetaRef:15.00, ThetaActual:5.38, EncoderTheta:95.36, EncoderVelocity:-2.63, K:20.00, B:1.00
[2026-09-28 04:39:17,430] DEBUG: No valid transitions from state early_stance
[2026-09-28 04:39:17,430] WARNING: Velocity attribute does not use the linearization map. Please calculate the velocity using the position attribute.
[2026-09-28 04:39:17,436] INFO: T:9.953, State:early_stance, Fz:-5.64, ThetaRef:15.00, ThetaActual:5.38, EncoderTheta:95.38, EncoderVelocity:2.67, K:20.00, B:1.00
[2026-09-28 04:39:17,439] DEBUG: No valid transitions from state early_stance
[2026-09-28 04:39:17,439] WARNING: Velocity attribute does not use the linearization map. Please calculate the velocity using the position attribute.
[2026-09-28 04:39:17,444] INFO: T:9.961, State:early_stance, Fz:-12.24, ThetaRef:15.00, ThetaActual:5.38, EncoderTheta:95.34, EncoderVelocity:-5.23, K:20.00, B:1.00
[2026-09-28 04:39:17,447] DEBUG: No valid transitions from state early_stance
[2026-09-28 04:39:17,447] WARNING: Velocity attribute does not use the linearization map. Please calculate the velocity using the position attribute.
[2026-09-28 04:39:17,453] INFO: T:9.970, State:early_stance, Fz:-10.40, ThetaRef:15.00, ThetaActual:5.38, EncoderTheta:95.36, EncoderVelocity:2.63, K:20.00, B:1.00
[2026-09-28 04:39:17,455] DEBUG: No valid transitions from state early_stance
[2026-09-28 04:39:17,455] WARNING: Velocity attribute does not use the linearization map. Please calculate the velocity using the position attribute.
[2026-09-28 04:39:17,461] INFO: T:9.978, State:early_stance, Fz:-7.52, ThetaRef:15.00, ThetaActual:5.38, EncoderTheta:95.34, EncoderVelocity:-2.65, K:20.00, B:1.00
[2026-09-28 04:39:17,464] DEBUG: No valid transitions from state early_stance
[2026-09-28 04:39:17,464] WARNING: Velocity attribute does not use the linearization map. Please calculate the velocity using the position attribute.
[2026-09-28 04:39:17,469] INFO: T:9.986, State:early_stance, Fz:-7.24, ThetaRef:15.00, ThetaActual:5.38, EncoderTheta:95.38, EncoderVelocity:5.26, K:20.00, B:1.00
[2026-09-28 04:39:17,472] DEBUG: No valid transitions from state early_stance
[2026-09-28 04:39:17,472] WARNING: Velocity attribute does not use the linearization map. Please calculate the velocity using the position attribute.
[2026-09-28 04:39:17,478] INFO: T:9.995, State:early_stance, Fz:-6.57, ThetaRef:15.00, ThetaActual:5.38, EncoderTheta:95.34, EncoderVelocity:-5.27, K:20.00, B:1.00
[2026-09-28 04:39:17,480] DEBUG: No valid transitions from state early_stance
[2026-09-28 04:39:17,480] WARNING: Velocity attribute does not use the linearization map. Please calculate the velocity using the position attribute.
[2026-09-28 04:39:17,486] INFO: T:10.003, State:early_stance, Fz:-5.09, ThetaRef:15.00, ThetaActual:5.38, EncoderTheta:95.32, EncoderVelocity:-2.66, K:20.00, B:1.00
[2026-09-28 04:39:17,488] DEBUG: No valid transitions from state early_stance
[2026-09-28 04:39:17,489] WARNING: Velocity attribute does not use the linearization map. Please calculate the velocity using the position attribute.
[2026-09-28 04:39:17,494] INFO: T:10.011, State:early_stance, Fz:-6.44, ThetaRef:15.00, ThetaActual:5.38, EncoderTheta:95.36, EncoderVelocity:5.35, K:20.00, B:1.00
[2026-09-28 04:39:17,497] DEBUG: No valid transitions from state early_stance
[2026-09-28 04:39:17,497] WARNING: Velocity attribute does not use the linearization map. Please calculate the velocity using the position attribute.
[2026-09-28 04:39:17,503] INFO: T:10.020, State:early_stance, Fz:-7.47, ThetaRef:15.00, ThetaActual:5.38, EncoderTheta:95.38, EncoderVelocity:2.47, K:20.00, B:1.00
[2026-09-28 04:39:17,506] DEBUG: No valid transitions from state early_stance
[2026-09-28 04:39:17,506] WARNING: Velocity attribute does not use the linearization map. Please calculate the velocity using the position attribute.
[2026-09-28 04:39:17,512] INFO: T:10.028, State:early_stance, Fz:-7.76, ThetaRef:15.00, ThetaActual:5.38, EncoderTheta:95.36, EncoderVelocity:-2.60, K:20.00, B:1.00
[2026-09-28 04:39:17,514] DEBUG: No valid transitions from state early_stance
[2026-09-28 04:39:17,514] WARNING: Velocity attribute does not use the linearization map. Please calculate the velocity using the position attribute.
[2026-09-28 04:39:17,520] INFO: T:10.037, State:early_stance, Fz:-7.97, ThetaRef:15.00, ThetaActual:5.38, EncoderTheta:95.34, EncoderVelocity:-2.62, K:20.00, B:1.00
[2026-09-28 04:39:17,523] DEBUG: No valid transitions from state early_stance
[2026-09-28 04:39:17,523] WARNING: Velocity attribute does not use the linearization map. Please calculate the velocity using the position attribute.
[2026-09-28 04:39:17,528] INFO: T:10.045, State:early_stance, Fz:-8.60, ThetaRef:15.00, ThetaActual:5.38, EncoderTheta:95.32, EncoderVelocity:-2.65, K:20.00, B:1.00
[2026-09-28 04:39:17,531] DEBUG: No valid transitions from state early_stance
[2026-09-28 04:39:17,531] WARNING: Velocity attribute does not use the linearization map. Please calculate the velocity using the position attribute.
[2026-09-28 04:39:17,537] INFO: T:10.053, State:early_stance, Fz:-7.10, ThetaRef:15.00, ThetaActual:5.38, EncoderTheta:95.41, EncoderVelocity:10.49, K:20.00, B:1.00
[2026-09-28 04:39:17,539] DEBUG: No valid transitions from state early_stance
[2026-09-28 04:39:17,539] WARNING: Velocity attribute does not use the linearization map. Please calculate the velocity using the position attribute.
[2026-09-28 04:39:17,545] INFO: T:10.062, State:early_stance, Fz:-6.97, ThetaRef:15.00, ThetaActual:5.38, EncoderTheta:95.38, EncoderVelocity:-2.66, K:20.00, B:1.00
[2026-09-28 04:39:17,547] DEBUG: No valid transitions from state early_stance
[2026-09-28 04:39:17,547] WARNING: Velocity attribute does not use the linearization map. Please calculate the velocity using the position attribute.
[2026-09-28 04:39:17,553] INFO: T:10.070, State:early_stance, Fz:-9.32, ThetaRef:15.00, ThetaActual:5.38, EncoderTheta:95.32, EncoderVelocity:-8.00, K:20.00, B:1.00
[2026-09-28 04:39:17,556] DEBUG: No valid transitions from state early_stance
[2026-09-28 04:39:17,556] WARNING: Velocity attribute does not use the linearization map. Please calculate the velocity using the position attribute.
[2026-09-28 04:39:17,561] INFO: T:10.078, State:early_stance, Fz:-8.66, ThetaRef:15.00, ThetaActual:5.38, EncoderTheta:95.34, EncoderVelocity:2.68, K:20.00, B:1.00
[2026-09-28 04:39:17,564] DEBUG: No valid transitions from state early_stance
[2026-09-28 04:39:17,564] WARNING: Velocity attribute does not use the linearization map. Please calculate the velocity using the position attribute.
[2026-09-28 04:39:17,570] INFO: T:10.086, State:early_stance, Fz:-9.12, ThetaRef:15.00, ThetaActual:5.38, EncoderTheta:95.34, EncoderVelocity:0.00, K:20.00, B:1.00
[2026-09-28 04:39:17,572] DEBUG: No valid transitions from state early_stance
[2026-09-28 04:39:17,572] WARNING: Velocity attribute does not use the linearization map. Please calculate the velocity using the position attribute.
[2026-09-28 04:39:17,578] INFO: T:10.095, State:early_stance, Fz:-8.02, ThetaRef:15.00, ThetaActual:5.38, EncoderTheta:95.34, EncoderVelocity:0.00, K:20.00, B:1.00
[2026-09-28 04:39:17,581] DEBUG: No valid transitions from state early_stance
[2026-09-28 04:39:17,581] WARNING: Velocity attribute does not use the linearization map. Please calculate the velocity using the position attribute.
[2026-09-28 04:39:17,587] INFO: T:10.103, State:early_stance, Fz:-6.20, ThetaRef:15.00, ThetaActual:5.38, EncoderTheta:95.38, EncoderVelocity:5.08, K:20.00, B:1.00
[2026-09-28 04:39:17,589] DEBUG: No valid transitions from state early_stance
[2026-09-28 04:39:17,589] WARNING: Velocity attribute does not use the linearization map. Please calculate the velocity using the position attribute.
[2026-09-28 04:39:17,595] INFO: T:10.112, State:early_stance, Fz:-5.32, ThetaRef:15.00, ThetaActual:5.38, EncoderTheta:95.34, EncoderVelocity:-5.26, K:20.00, B:1.00
[2026-09-28 04:39:17,597] DEBUG: No valid transitions from state early_stance
[2026-09-28 04:39:17,598] WARNING: Velocity attribute does not use the linearization map. Please calculate the velocity using the position attribute.
[2026-09-28 04:39:17,603] INFO: T:10.120, State:early_stance, Fz:-7.13, ThetaRef:15.00, ThetaActual:5.38, EncoderTheta:95.41, EncoderVelocity:8.00, K:20.00, B:1.00
[2026-09-28 04:39:17,606] DEBUG: No valid transitions from state early_stance
[2026-09-28 04:39:17,606] WARNING: Velocity attribute does not use the linearization map. Please calculate the velocity using the position attribute.
[2026-09-28 04:39:17,611] INFO: T:10.128, State:early_stance, Fz:-6.53, ThetaRef:15.00, ThetaActual:5.38, EncoderTheta:95.41, EncoderVelocity:0.00, K:20.00, B:1.00
[2026-09-28 04:39:17,614] DEBUG: No valid transitions from state early_stance
[2026-09-28 04:39:17,614] WARNING: Velocity attribute does not use the linearization map. Please calculate the velocity using the position attribute.
[2026-09-28 04:39:17,620] INFO: T:10.137, State:early_stance, Fz:-7.56, ThetaRef:15.00, ThetaActual:5.38, EncoderTheta:95.41, EncoderVelocity:0.00, K:20.00, B:1.00
[2026-09-28 04:39:17,622] DEBUG: No valid transitions from state early_stance
[2026-09-28 04:39:17,622] WARNING: Velocity attribute does not use the linearization map. Please calculate the velocity using the position attribute.
[2026-09-28 04:39:17,628] INFO: T:10.145, State:early_stance, Fz:-8.33, ThetaRef:15.00, ThetaActual:5.38, EncoderTheta:95.43, EncoderVelocity:2.65, K:20.00, B:1.00
[2026-09-28 04:39:17,631] DEBUG: No valid transitions from state early_stance
[2026-09-28 04:39:17,631] WARNING: Velocity attribute does not use the linearization map. Please calculate the velocity using the position attribute.
[2026-09-28 04:39:17,636] INFO: T:10.153, State:early_stance, Fz:-8.41, ThetaRef:15.00, ThetaActual:5.38, EncoderTheta:95.45, EncoderVelocity:2.66, K:20.00, B:1.00
[2026-09-28 04:39:17,639] DEBUG: No valid transitions from state early_stance
[2026-09-28 04:39:17,639] WARNING: Velocity attribute does not use the linearization map. Please calculate the velocity using the position attribute.
[2026-09-28 04:39:17,645] INFO: T:10.161, State:early_stance, Fz:-10.47, ThetaRef:15.00, ThetaActual:5.38, EncoderTheta:95.45, EncoderVelocity:0.00, K:20.00, B:1.00
[2026-09-28 04:39:17,647] DEBUG: No valid transitions from state early_stance
[2026-09-28 04:39:17,647] WARNING: Velocity attribute does not use the linearization map. Please calculate the velocity using the position attribute.
[2026-09-28 04:39:17,653] INFO: T:10.170, State:early_stance, Fz:-11.57, ThetaRef:15.00, ThetaActual:5.38, EncoderTheta:95.45, EncoderVelocity:0.00, K:20.00, B:1.00
[2026-09-28 04:39:17,656] DEBUG: No valid transitions from state early_stance
[2026-09-28 04:39:17,656] WARNING: Velocity attribute does not use the linearization map. Please calculate the velocity using the position attribute.
[2026-09-28 04:39:17,661] INFO: T:10.178, State:early_stance, Fz:-9.98, ThetaRef:15.00, ThetaActual:5.38, EncoderTheta:95.43, EncoderVelocity:-2.64, K:20.00, B:1.00
[2026-09-28 04:39:17,664] DEBUG: No valid transitions from state early_stance
[2026-09-28 04:39:17,664] WARNING: Velocity attribute does not use the linearization map. Please calculate the velocity using the position attribute.
[2026-09-28 04:39:17,670] INFO: T:10.186, State:early_stance, Fz:-11.66, ThetaRef:15.00, ThetaActual:5.38, EncoderTheta:95.38, EncoderVelocity:-5.28, K:20.00, B:1.00
[2026-09-28 04:39:17,672] DEBUG: No valid transitions from state early_stance
[2026-09-28 04:39:17,672] WARNING: Velocity attribute does not use the linearization map. Please calculate the velocity using the position attribute.
[2026-09-28 04:39:17,678] INFO: T:10.195, State:early_stance, Fz:-11.52, ThetaRef:15.00, ThetaActual:5.38, EncoderTheta:95.43, EncoderVelocity:5.25, K:20.00, B:1.00
[2026-09-28 04:39:17,681] DEBUG: No valid transitions from state early_stance
[2026-09-28 04:39:17,681] WARNING: Velocity attribute does not use the linearization map. Please calculate the velocity using the position attribute.
[2026-09-28 04:39:17,686] INFO: T:10.203, State:early_stance, Fz:-11.93, ThetaRef:15.00, ThetaActual:5.38, EncoderTheta:95.47, EncoderVelocity:5.29, K:20.00, B:1.00
[2026-09-28 04:39:17,689] DEBUG: No valid transitions from state early_stance
[2026-09-28 04:39:17,689] WARNING: Velocity attribute does not use the linearization map. Please calculate the velocity using the position attribute.
[2026-09-28 04:39:17,695] INFO: T:10.211, State:early_stance, Fz:-14.70, ThetaRef:15.00, ThetaActual:5.38, EncoderTheta:95.45, EncoderVelocity:-2.63, K:20.00, B:1.00
[2026-09-28 04:39:17,697] DEBUG: No valid transitions from state early_stance
[2026-09-28 04:39:17,698] WARNING: Velocity attribute does not use the linearization map. Please calculate the velocity using the position attribute.
[2026-09-28 04:39:17,703] INFO: T:10.220, State:early_stance, Fz:-15.37, ThetaRef:15.00, ThetaActual:5.38, EncoderTheta:95.41, EncoderVelocity:-5.17, K:20.00, B:1.00
[2026-09-28 04:39:17,706] DEBUG: No valid transitions from state early_stance
[2026-09-28 04:39:17,706] WARNING: Velocity attribute does not use the linearization map. Please calculate the velocity using the position attribute.
[2026-09-28 04:39:17,711] INFO: T:10.228, State:early_stance, Fz:-13.91, ThetaRef:15.00, ThetaActual:5.38, EncoderTheta:95.47, EncoderVelocity:7.85, K:20.00, B:1.00
[2026-09-28 04:39:17,714] DEBUG: No valid transitions from state early_stance
[2026-09-28 04:39:17,714] WARNING: Velocity attribute does not use the linearization map. Please calculate the velocity using the position attribute.
[2026-09-28 04:39:17,720] INFO: T:10.237, State:early_stance, Fz:-16.22, ThetaRef:15.00, ThetaActual:5.38, EncoderTheta:95.47, EncoderVelocity:0.00, K:20.00, B:1.00
[2026-09-28 04:39:17,722] DEBUG: No valid transitions from state early_stance
[2026-09-28 04:39:17,723] WARNING: Velocity attribute does not use the linearization map. Please calculate the velocity using the position attribute.
[2026-09-28 04:39:17,728] INFO: T:10.245, State:early_stance, Fz:-17.00, ThetaRef:15.00, ThetaActual:5.38, EncoderTheta:95.45, EncoderVelocity:-2.61, K:20.00, B:1.00
[2026-09-28 04:39:17,731] DEBUG: No valid transitions from state early_stance
[2026-09-28 04:39:17,731] WARNING: Velocity attribute does not use the linearization map. Please calculate the velocity using the position attribute.
[2026-09-28 04:39:17,737] INFO: T:10.253, State:early_stance, Fz:-17.11, ThetaRef:15.00, ThetaActual:5.38, EncoderTheta:95.49, EncoderVelocity:5.25, K:20.00, B:1.00
[2026-09-28 04:39:17,739] DEBUG: No valid transitions from state early_stance
[2026-09-28 04:39:17,739] WARNING: Velocity attribute does not use the linearization map. Please calculate the velocity using the position attribute.
[2026-09-28 04:39:17,745] INFO: T:10.262, State:early_stance, Fz:-20.16, ThetaRef:15.00, ThetaActual:5.38, EncoderTheta:95.54, EncoderVelocity:5.27, K:20.00, B:1.00
[2026-09-28 04:39:17,747] DEBUG: No valid transitions from state early_stance
[2026-09-28 04:39:17,748] WARNING: Velocity attribute does not use the linearization map. Please calculate the velocity using the position attribute.
[2026-09-28 04:39:17,753] INFO: T:10.270, State:early_stance, Fz:-19.52, ThetaRef:15.00, ThetaActual:5.38, EncoderTheta:95.54, EncoderVelocity:0.00, K:20.00, B:1.00
[2026-09-28 04:39:17,756] DEBUG: No valid transitions from state early_stance
[2026-09-28 04:39:17,756] WARNING: Velocity attribute does not use the linearization map. Please calculate the velocity using the position attribute.
[2026-09-28 04:39:17,761] INFO: T:10.278, State:early_stance, Fz:-17.59, ThetaRef:15.00, ThetaActual:5.38, EncoderTheta:95.56, EncoderVelocity:2.65, K:20.00, B:1.00
[2026-09-28 04:39:17,764] DEBUG: No valid transitions from state early_stance
[2026-09-28 04:39:17,764] WARNING: Velocity attribute does not use the linearization map. Please calculate the velocity using the position attribute.
[2026-09-28 04:39:17,770] INFO: T:10.287, State:early_stance, Fz:-18.54, ThetaRef:15.00, ThetaActual:5.38, EncoderTheta:95.54, EncoderVelocity:-2.64, K:20.00, B:1.00
[2026-09-28 04:39:17,772] DEBUG: No valid transitions from state early_stance
[2026-09-28 04:39:17,772] WARNING: Velocity attribute does not use the linearization map. Please calculate the velocity using the position attribute.
[2026-09-28 04:39:17,778] INFO: T:10.295, State:early_stance, Fz:-19.28, ThetaRef:15.00, ThetaActual:5.38, EncoderTheta:95.52, EncoderVelocity:-2.66, K:20.00, B:1.00
[2026-09-28 04:39:17,780] DEBUG: No valid transitions from state early_stance
[2026-09-28 04:39:17,781] WARNING: Velocity attribute does not use the linearization map. Please calculate the velocity using the position attribute.
[2026-09-28 04:39:17,786] INFO: T:10.303, State:early_stance, Fz:-21.85, ThetaRef:15.00, ThetaActual:5.38, EncoderTheta:95.49, EncoderVelocity:-2.69, K:20.00, B:1.00
[2026-09-28 04:39:17,789] DEBUG: No valid transitions from state early_stance
[2026-09-28 04:39:17,789] WARNING: Velocity attribute does not use the linearization map. Please calculate the velocity using the position attribute.
[2026-09-28 04:39:17,794] INFO: T:10.311, State:early_stance, Fz:-20.34, ThetaRef:15.00, ThetaActual:5.38, EncoderTheta:95.43, EncoderVelocity:-7.96, K:20.00, B:1.00
[2026-09-28 04:39:17,797] DEBUG: No valid transitions from state early_stance
[2026-09-28 04:39:17,797] WARNING: Velocity attribute does not use the linearization map. Please calculate the velocity using the position attribute.
[2026-09-28 04:39:17,803] INFO: T:10.320, State:early_stance, Fz:-19.20, ThetaRef:15.00, ThetaActual:5.38, EncoderTheta:95.56, EncoderVelocity:15.93, K:20.00, B:1.00
[2026-09-28 04:39:17,805] DEBUG: No valid transitions from state early_stance
[2026-09-28 04:39:17,805] WARNING: Velocity attribute does not use the linearization map. Please calculate the velocity using the position attribute.
[2026-09-28 04:39:17,811] INFO: T:10.328, State:early_stance, Fz:-17.84, ThetaRef:15.00, ThetaActual:5.38, EncoderTheta:95.54, EncoderVelocity:-2.68, K:20.00, B:1.00
[2026-09-28 04:39:17,814] DEBUG: No valid transitions from state early_stance
[2026-09-28 04:39:17,814] WARNING: Velocity attribute does not use the linearization map. Please calculate the velocity using the position attribute.
[2026-09-28 04:39:17,819] INFO: T:10.336, State:early_stance, Fz:-14.82, ThetaRef:15.00, ThetaActual:5.38, EncoderTheta:95.54, EncoderVelocity:0.00, K:20.00, B:1.00
[2026-09-28 04:39:17,822] DEBUG: No valid transitions from state early_stance
[2026-09-28 04:39:17,822] WARNING: Velocity attribute does not use the linearization map. Please calculate the velocity using the position attribute.
[2026-09-28 04:39:17,828] INFO: T:10.344, State:early_stance, Fz:-15.02, ThetaRef:15.00, ThetaActual:5.38, EncoderTheta:95.52, EncoderVelocity:-2.63, K:20.00, B:1.00
[2026-09-28 04:39:17,830] DEBUG: No valid transitions from state early_stance
[2026-09-28 04:39:17,831] WARNING: Velocity attribute does not use the linearization map. Please calculate the velocity using the position attribute.
[2026-09-28 04:39:17,836] INFO: T:10.353, State:early_stance, Fz:-14.22, ThetaRef:15.00, ThetaActual:5.38, EncoderTheta:95.45, EncoderVelocity:-7.68, K:20.00, B:1.00
[2026-09-28 04:39:17,839] DEBUG: No valid transitions from state early_stance
[2026-09-28 04:39:17,839] WARNING: Velocity attribute does not use the linearization map. Please calculate the velocity using the position attribute.
[2026-09-28 04:39:17,845] INFO: T:10.361, State:early_stance, Fz:-13.07, ThetaRef:15.00, ThetaActual:5.38, EncoderTheta:95.56, EncoderVelocity:13.05, K:20.00, B:1.00
[2026-09-28 04:39:17,847] DEBUG: No valid transitions from state early_stance
[2026-09-28 04:39:17,847] WARNING: Velocity attribute does not use the linearization map. Please calculate the velocity using the position attribute.
[2026-09-28 04:39:17,853] INFO: T:10.370, State:early_stance, Fz:-10.74, ThetaRef:15.00, ThetaActual:5.38, EncoderTheta:95.58, EncoderVelocity:2.64, K:20.00, B:1.00
[2026-09-28 04:39:17,855] DEBUG: No valid transitions from state early_stance
[2026-09-28 04:39:17,856] WARNING: Velocity attribute does not use the linearization map. Please calculate the velocity using the position attribute.
[2026-09-28 04:39:17,861] INFO: T:10.378, State:early_stance, Fz:-11.40, ThetaRef:15.00, ThetaActual:5.38, EncoderTheta:95.52, EncoderVelocity:-7.98, K:20.00, B:1.00
[2026-09-28 04:39:17,864] DEBUG: No valid transitions from state early_stance
[2026-09-28 04:39:17,864] WARNING: Velocity attribute does not use the linearization map. Please calculate the velocity using the position attribute.
[2026-09-28 04:39:17,869] INFO: T:10.386, State:early_stance, Fz:-10.92, ThetaRef:15.00, ThetaActual:5.37, EncoderTheta:95.47, EncoderVelocity:-5.28, K:20.00, B:1.00
[2026-09-28 04:39:17,872] DEBUG: No valid transitions from state early_stance
[2026-09-28 04:39:17,872] WARNING: Velocity attribute does not use the linearization map. Please calculate the velocity using the position attribute.
[2026-09-28 04:39:17,878] INFO: T:10.395, State:early_stance, Fz:-9.61, ThetaRef:15.00, ThetaActual:5.38, EncoderTheta:95.49, EncoderVelocity:2.63, K:20.00, B:1.00
[2026-09-28 04:39:17,880] DEBUG: No valid transitions from state early_stance
[2026-09-28 04:39:17,880] WARNING: Velocity attribute does not use the linearization map. Please calculate the velocity using the position attribute.
[2026-09-28 04:39:17,886] INFO: T:10.403, State:early_stance, Fz:-8.10, ThetaRef:15.00, ThetaActual:5.38, EncoderTheta:95.49, EncoderVelocity:0.00, K:20.00, B:1.00
[2026-09-28 04:39:17,889] DEBUG: No valid transitions from state early_stance
[2026-09-28 04:39:17,889] WARNING: Velocity attribute does not use the linearization map. Please calculate the velocity using the position attribute.
[2026-09-28 04:39:17,894] INFO: T:10.411, State:early_stance, Fz:-6.93, ThetaRef:15.00, ThetaActual:5.38, EncoderTheta:95.49, EncoderVelocity:0.00, K:20.00, B:1.00
[2026-09-28 04:39:17,897] DEBUG: No valid transitions from state early_stance
[2026-09-28 04:39:17,897] WARNING: Velocity attribute does not use the linearization map. Please calculate the velocity using the position attribute.
[2026-09-28 04:39:17,903] INFO: T:10.420, State:early_stance, Fz:-7.50, ThetaRef:15.00, ThetaActual:5.38, EncoderTheta:95.47, EncoderVelocity:-2.63, K:20.00, B:1.00
[2026-09-28 04:39:17,905] DEBUG: No valid transitions from state early_stance
[2026-09-28 04:39:17,905] WARNING: Velocity attribute does not use the linearization map. Please calculate the velocity using the position attribute.
[2026-09-28 04:39:17,911] INFO: T:10.428, State:early_stance, Fz:-7.40, ThetaRef:15.00, ThetaActual:5.38, EncoderTheta:95.49, EncoderVelocity:2.65, K:20.00, B:1.00
[2026-09-28 04:39:17,914] DEBUG: No valid transitions from state early_stance
[2026-09-28 04:39:17,914] WARNING: Velocity attribute does not use the linearization map. Please calculate the velocity using the position attribute.
[2026-09-28 04:39:17,919] INFO: T:10.436, State:early_stance, Fz:-7.35, ThetaRef:15.00, ThetaActual:5.38, EncoderTheta:95.43, EncoderVelocity:-7.92, K:20.00, B:1.00
[2026-09-28 04:39:17,922] DEBUG: No valid transitions from state early_stance
[2026-09-28 04:39:17,922] WARNING: Velocity attribute does not use the linearization map. Please calculate the velocity using the position attribute.
[2026-09-28 04:39:17,928] INFO: T:10.445, State:early_stance, Fz:-7.81, ThetaRef:15.00, ThetaActual:5.37, EncoderTheta:95.52, EncoderVelocity:10.46, K:20.00, B:1.00
[2026-09-28 04:39:17,930] DEBUG: No valid transitions from state early_stance
[2026-09-28 04:39:17,930] WARNING: Velocity attribute does not use the linearization map. Please calculate the velocity using the position attribute.
[2026-09-28 04:39:17,936] INFO: T:10.453, State:early_stance, Fz:-6.68, ThetaRef:15.00, ThetaActual:5.38, EncoderTheta:95.47, EncoderVelocity:-5.28, K:20.00, B:1.00
[2026-09-28 04:39:17,939] DEBUG: No valid transitions from state early_stance
[2026-09-28 04:39:17,939] WARNING: Velocity attribute does not use the linearization map. Please calculate the velocity using the position attribute.
[2026-09-28 04:39:17,944] INFO: T:10.461, State:early_stance, Fz:-4.41, ThetaRef:15.00, ThetaActual:5.38, EncoderTheta:95.47, EncoderVelocity:0.00, K:20.00, B:1.00
[2026-09-28 04:39:17,947] DEBUG: No valid transitions from state early_stance
[2026-09-28 04:39:17,947] WARNING: Velocity attribute does not use the linearization map. Please calculate the velocity using the position attribute.
[2026-09-28 04:39:17,953] INFO: T:10.470, State:early_stance, Fz:2.47, ThetaRef:15.00, ThetaActual:5.38, EncoderTheta:95.45, EncoderVelocity:-2.63, K:20.00, B:1.00
[2026-09-28 04:39:17,956] DEBUG: No valid transitions from state early_stance
[2026-09-28 04:39:17,956] WARNING: Velocity attribute does not use the linearization map. Please calculate the velocity using the position attribute.
[2026-09-28 04:39:17,962] INFO: T:10.478, State:early_stance, Fz:2.17, ThetaRef:15.00, ThetaActual:5.38, EncoderTheta:95.43, EncoderVelocity:-2.54, K:20.00, B:1.00
[2026-09-28 04:39:17,964] DEBUG: No valid transitions from state early_stance
[2026-09-28 04:39:17,964] WARNING: Velocity attribute does not use the linearization map. Please calculate the velocity using the position attribute.
[2026-09-28 04:39:17,970] INFO: T:10.487, State:early_stance, Fz:2.37, ThetaRef:15.00, ThetaActual:5.38, EncoderTheta:95.41, EncoderVelocity:-2.62, K:20.00, B:1.00
[2026-09-28 04:39:17,972] DEBUG: No valid transitions from state early_stance
[2026-09-28 04:39:17,973] WARNING: Velocity attribute does not use the linearization map. Please calculate the velocity using the position attribute.
[2026-09-28 04:39:17,978] INFO: T:10.495, State:early_stance, Fz:2.07, ThetaRef:15.00, ThetaActual:5.38, EncoderTheta:95.43, EncoderVelocity:2.65, K:20.00, B:1.00
[2026-09-28 04:39:17,981] DEBUG: No valid transitions from state early_stance
[2026-09-28 04:39:17,981] WARNING: Velocity attribute does not use the linearization map. Please calculate the velocity using the position attribute.
[2026-09-28 04:39:17,986] INFO: T:10.503, State:early_stance, Fz:1.82, ThetaRef:15.00, ThetaActual:5.38, EncoderTheta:95.41, EncoderVelocity:-2.64, K:20.00, B:1.00
[2026-09-28 04:39:17,989] DEBUG: No valid transitions from state early_stance
[2026-09-28 04:39:17,989] WARNING: Velocity attribute does not use the linearization map. Please calculate the velocity using the position attribute.
[2026-09-28 04:39:17,995] INFO: T:10.512, State:early_stance, Fz:2.15, ThetaRef:15.00, ThetaActual:5.38, EncoderTheta:95.41, EncoderVelocity:0.00, K:20.00, B:1.00
[2026-09-28 04:39:17,998] DEBUG: No valid transitions from state early_stance
[2026-09-28 04:39:17,998] WARNING: Velocity attribute does not use the linearization map. Please calculate the velocity using the position attribute.
[2026-09-28 04:39:18,003] INFO: T:10.520, State:early_stance, Fz:3.34, ThetaRef:15.00, ThetaActual:5.38, EncoderTheta:95.36, EncoderVelocity:-5.17, K:20.00, B:1.00
[2026-09-28 04:39:18,006] DEBUG: No valid transitions from state early_stance
[2026-09-28 04:39:18,006] WARNING: Velocity attribute does not use the linearization map. Please calculate the velocity using the position attribute.
[2026-09-28 04:39:18,012] INFO: T:10.529, State:early_stance, Fz:2.35, ThetaRef:15.00, ThetaActual:5.38, EncoderTheta:95.43, EncoderVelocity:7.81, K:20.00, B:1.00
[2026-09-28 04:39:18,014] DEBUG: No valid transitions from state early_stance
[2026-09-28 04:39:18,015] WARNING: Velocity attribute does not use the linearization map. Please calculate the velocity using the position attribute.
[2026-09-28 04:39:18,020] INFO: T:10.537, State:early_stance, Fz:2.59, ThetaRef:15.00, ThetaActual:5.38, EncoderTheta:95.38, EncoderVelocity:-5.27, K:20.00, B:1.00
[2026-09-28 04:39:18,023] DEBUG: No valid transitions from state early_stance
[2026-09-28 04:39:18,023] WARNING: Velocity attribute does not use the linearization map. Please calculate the velocity using the position attribute.
[2026-09-28 04:39:18,029] INFO: T:10.545, State:early_stance, Fz:2.28, ThetaRef:15.00, ThetaActual:5.38, EncoderTheta:95.38, EncoderVelocity:0.00, K:20.00, B:1.00
[2026-09-28 04:39:18,031] DEBUG: No valid transitions from state early_stance
[2026-09-28 04:39:18,031] WARNING: Velocity attribute does not use the linearization map. Please calculate the velocity using the position attribute.
[2026-09-28 04:39:18,037] INFO: T:10.554, State:early_stance, Fz:1.49, ThetaRef:15.00, ThetaActual:5.38, EncoderTheta:95.41, EncoderVelocity:2.62, K:20.00, B:1.00
[2026-09-28 04:39:18,039] DEBUG: No valid transitions from state early_stance
[2026-09-28 04:39:18,040] WARNING: Velocity attribute does not use the linearization map. Please calculate the velocity using the position attribute.
[2026-09-28 04:39:18,045] INFO: T:10.562, State:early_stance, Fz:2.91, ThetaRef:15.00, ThetaActual:5.38, EncoderTheta:95.41, EncoderVelocity:0.00, K:20.00, B:1.00
[2026-09-28 04:39:18,048] DEBUG: No valid transitions from state early_stance
[2026-09-28 04:39:18,048] WARNING: Velocity attribute does not use the linearization map. Please calculate the velocity using the position attribute.
[2026-09-28 04:39:18,053] INFO: T:10.570, State:early_stance, Fz:3.52, ThetaRef:15.00, ThetaActual:5.38, EncoderTheta:95.36, EncoderVelocity:-5.30, K:20.00, B:1.00
[2026-09-28 04:39:18,056] DEBUG: No valid transitions from state early_stance
[2026-09-28 04:39:18,056] WARNING: Velocity attribute does not use the linearization map. Please calculate the velocity using the position attribute.
[2026-09-28 04:39:18,062] INFO: T:10.579, State:early_stance, Fz:3.05, ThetaRef:15.00, ThetaActual:5.38, EncoderTheta:95.38, EncoderVelocity:2.65, K:20.00, B:1.00
[2026-09-28 04:39:18,064] DEBUG: No valid transitions from state early_stance
[2026-09-28 04:39:18,065] WARNING: Velocity attribute does not use the linearization map. Please calculate the velocity using the position attribute.
[2026-09-28 04:39:18,070] INFO: T:10.587, State:early_stance, Fz:4.14, ThetaRef:15.00, ThetaActual:5.38, EncoderTheta:95.36, EncoderVelocity:-2.62, K:20.00, B:1.00
[2026-09-28 04:39:18,073] DEBUG: No valid transitions from state early_stance
[2026-09-28 04:39:18,073] WARNING: Velocity attribute does not use the linearization map. Please calculate the velocity using the position attribute.
[2026-09-28 04:39:18,078] INFO: T:10.595, State:early_stance, Fz:5.48, ThetaRef:15.00, ThetaActual:5.38, EncoderTheta:95.32, EncoderVelocity:-5.30, K:20.00, B:1.00
[2026-09-28 04:39:18,081] DEBUG: No valid transitions from state early_stance
[2026-09-28 04:39:18,081] WARNING: Velocity attribute does not use the linearization map. Please calculate the velocity using the position attribute.
[2026-09-28 04:39:18,087] INFO: T:10.604, State:early_stance, Fz:4.03, ThetaRef:15.00, ThetaActual:5.38, EncoderTheta:95.34, EncoderVelocity:2.66, K:20.00, B:1.00
[2026-09-28 04:39:18,089] DEBUG: No valid transitions from state early_stance
[2026-09-28 04:39:18,089] WARNING: Velocity attribute does not use the linearization map. Please calculate the velocity using the position attribute.
[2026-09-28 04:39:18,095] INFO: T:10.612, State:early_stance, Fz:5.88, ThetaRef:15.00, ThetaActual:5.38, EncoderTheta:95.41, EncoderVelocity:8.01, K:20.00, B:1.00
[2026-09-28 04:39:18,098] DEBUG: No valid transitions from state early_stance
[2026-09-28 04:39:18,098] WARNING: Velocity attribute does not use the linearization map. Please calculate the velocity using the position attribute.
[2026-09-28 04:39:18,104] INFO: T:10.620, State:early_stance, Fz:7.78, ThetaRef:15.00, ThetaActual:5.38, EncoderTheta:95.32, EncoderVelocity:-10.20, K:20.00, B:1.00
[2026-09-28 04:39:18,106] DEBUG: No valid transitions from state early_stance
[2026-09-28 04:39:18,106] WARNING: Velocity attribute does not use the linearization map. Please calculate the velocity using the position attribute.
[2026-09-28 04:39:18,112] INFO: T:10.629, State:early_stance, Fz:7.79, ThetaRef:15.00, ThetaActual:5.38, EncoderTheta:95.32, EncoderVelocity:0.00, K:20.00, B:1.00
[2026-09-28 04:39:18,115] DEBUG: No valid transitions from state early_stance
[2026-09-28 04:39:18,115] WARNING: Velocity attribute does not use the linearization map. Please calculate the velocity using the position attribute.
[2026-09-28 04:39:18,120] INFO: T:10.637, State:early_stance, Fz:9.77, ThetaRef:15.00, ThetaActual:5.38, EncoderTheta:95.32, EncoderVelocity:0.00, K:20.00, B:1.00
[2026-09-28 04:39:18,123] DEBUG: No valid transitions from state early_stance
[2026-09-28 04:39:18,123] WARNING: Velocity attribute does not use the linearization map. Please calculate the velocity using the position attribute.
[2026-09-28 04:39:18,129] INFO: T:10.645, State:early_stance, Fz:10.78, ThetaRef:15.00, ThetaActual:5.38, EncoderTheta:95.32, EncoderVelocity:0.00, K:20.00, B:1.00
[2026-09-28 04:39:18,131] DEBUG: No valid transitions from state early_stance
[2026-09-28 04:39:18,131] WARNING: Velocity attribute does not use the linearization map. Please calculate the velocity using the position attribute.
[2026-09-28 04:39:18,137] INFO: T:10.654, State:early_stance, Fz:11.54, ThetaRef:15.00, ThetaActual:5.38, EncoderTheta:95.34, EncoderVelocity:2.64, K:20.00, B:1.00
[2026-09-28 04:39:18,139] DEBUG: No valid transitions from state early_stance
[2026-09-28 04:39:18,139] WARNING: Velocity attribute does not use the linearization map. Please calculate the velocity using the position attribute.
[2026-09-28 04:39:18,145] INFO: T:10.662, State:early_stance, Fz:11.10, ThetaRef:15.00, ThetaActual:5.38, EncoderTheta:95.32, EncoderVelocity:-2.68, K:20.00, B:1.00
[2026-09-28 04:39:18,148] DEBUG: No valid transitions from state early_stance
[2026-09-28 04:39:18,148] WARNING: Velocity attribute does not use the linearization map. Please calculate the velocity using the position attribute.
[2026-09-28 04:39:18,153] INFO: T:10.670, State:early_stance, Fz:12.25, ThetaRef:15.00, ThetaActual:5.38, EncoderTheta:95.34, EncoderVelocity:2.63, K:20.00, B:1.00
[2026-09-28 04:39:18,156] DEBUG: No valid transitions from state early_stance
[2026-09-28 04:39:18,156] WARNING: Velocity attribute does not use the linearization map. Please calculate the velocity using the position attribute.
[2026-09-28 04:39:18,162] INFO: T:10.679, State:early_stance, Fz:12.66, ThetaRef:15.00, ThetaActual:5.38, EncoderTheta:95.36, EncoderVelocity:2.64, K:20.00, B:1.00
[2026-09-28 04:39:18,164] DEBUG: No valid transitions from state early_stance
[2026-09-28 04:39:18,164] WARNING: Velocity attribute does not use the linearization map. Please calculate the velocity using the position attribute.
[2026-09-28 04:39:18,170] INFO: T:10.687, State:early_stance, Fz:12.44, ThetaRef:15.00, ThetaActual:5.38, EncoderTheta:95.32, EncoderVelocity:-5.33, K:20.00, B:1.00
[2026-09-28 04:39:18,172] DEBUG: No valid transitions from state early_stance
[2026-09-28 04:39:18,173] WARNING: Velocity attribute does not use the linearization map. Please calculate the velocity using the position attribute.
[2026-09-28 04:39:18,178] INFO: T:10.695, State:early_stance, Fz:9.31, ThetaRef:15.00, ThetaActual:5.38, EncoderTheta:95.34, EncoderVelocity:2.69, K:20.00, B:1.00
[2026-09-28 04:39:18,181] DEBUG: No valid transitions from state early_stance
[2026-09-28 04:39:18,181] WARNING: Velocity attribute does not use the linearization map. Please calculate the velocity using the position attribute.
[2026-09-28 04:39:18,186] INFO: T:10.703, State:early_stance, Fz:7.93, ThetaRef:15.00, ThetaActual:5.38, EncoderTheta:95.38, EncoderVelocity:5.28, K:20.00, B:1.00
[2026-09-28 04:39:18,189] DEBUG: No valid transitions from state early_stance
[2026-09-28 04:39:18,189] WARNING: Velocity attribute does not use the linearization map. Please calculate the velocity using the position attribute.
[2026-09-28 04:39:18,195] INFO: T:10.712, State:early_stance, Fz:6.35, ThetaRef:15.00, ThetaActual:5.38, EncoderTheta:95.36, EncoderVelocity:-2.66, K:20.00, B:1.00
[2026-09-28 04:39:18,198] DEBUG: No valid transitions from state early_stance
[2026-09-28 04:39:18,198] WARNING: Velocity attribute does not use the linearization map. Please calculate the velocity using the position attribute.
[2026-09-28 04:39:18,203] INFO: T:10.720, State:early_stance, Fz:5.16, ThetaRef:15.00, ThetaActual:5.38, EncoderTheta:95.34, EncoderVelocity:-2.57, K:20.00, B:1.00
[2026-09-28 04:39:18,206] DEBUG: No valid transitions from state early_stance
[2026-09-28 04:39:18,206] WARNING: Velocity attribute does not use the linearization map. Please calculate the velocity using the position attribute.
[2026-09-28 04:39:18,212] INFO: T:10.729, State:early_stance, Fz:5.21, ThetaRef:15.00, ThetaActual:5.38, EncoderTheta:95.38, EncoderVelocity:5.24, K:20.00, B:1.00
[2026-09-28 04:39:18,214] DEBUG: No valid transitions from state early_stance
[2026-09-28 04:39:18,214] WARNING: Velocity attribute does not use the linearization map. Please calculate the velocity using the position attribute.
[2026-09-28 04:39:18,220] INFO: T:10.737, State:early_stance, Fz:5.71, ThetaRef:15.00, ThetaActual:5.38, EncoderTheta:95.34, EncoderVelocity:-5.29, K:20.00, B:1.00
[2026-09-28 04:39:18,223] DEBUG: No valid transitions from state early_stance
[2026-09-28 04:39:18,223] WARNING: Velocity attribute does not use the linearization map. Please calculate the velocity using the position attribute.
[2026-09-28 04:39:18,228] INFO: T:10.745, State:early_stance, Fz:4.62, ThetaRef:15.00, ThetaActual:5.38, EncoderTheta:95.34, EncoderVelocity:0.00, K:20.00, B:1.00
[2026-09-28 04:39:18,231] DEBUG: No valid transitions from state early_stance
[2026-09-28 04:39:18,231] WARNING: Velocity attribute does not use the linearization map. Please calculate the velocity using the position attribute.
[2026-09-28 04:39:18,237] INFO: T:10.754, State:early_stance, Fz:4.30, ThetaRef:15.00, ThetaActual:5.38, EncoderTheta:95.36, EncoderVelocity:2.58, K:20.00, B:1.00
[2026-09-28 04:39:18,239] DEBUG: No valid transitions from state early_stance
[2026-09-28 04:39:18,240] WARNING: Velocity attribute does not use the linearization map. Please calculate the velocity using the position attribute.
[2026-09-28 04:39:18,245] INFO: T:10.762, State:early_stance, Fz:6.50, ThetaRef:15.00, ThetaActual:5.38, EncoderTheta:95.36, EncoderVelocity:0.00, K:20.00, B:1.00
[2026-09-28 04:39:18,248] DEBUG: No valid transitions from state early_stance
[2026-09-28 04:39:18,248] WARNING: Velocity attribute does not use the linearization map. Please calculate the velocity using the position attribute.
[2026-09-28 04:39:18,253] INFO: T:10.770, State:early_stance, Fz:5.77, ThetaRef:15.00, ThetaActual:5.38, EncoderTheta:95.36, EncoderVelocity:0.00, K:20.00, B:1.00
[2026-09-28 04:39:18,256] DEBUG: No valid transitions from state early_stance
[2026-09-28 04:39:18,256] WARNING: Velocity attribute does not use the linearization map. Please calculate the velocity using the position attribute.
[2026-09-28 04:39:18,262] INFO: T:10.779, State:early_stance, Fz:6.14, ThetaRef:15.00, ThetaActual:5.38, EncoderTheta:95.32, EncoderVelocity:-5.28, K:20.00, B:1.00
[2026-09-28 04:39:18,264] DEBUG: No valid transitions from state early_stance
[2026-09-28 04:39:18,264] WARNING: Velocity attribute does not use the linearization map. Please calculate the velocity using the position attribute.
[2026-09-28 04:39:18,270] INFO: T:10.787, State:early_stance, Fz:7.93, ThetaRef:15.00, ThetaActual:5.38, EncoderTheta:95.27, EncoderVelocity:-5.34, K:20.00, B:1.00
[2026-09-28 04:39:18,273] DEBUG: No valid transitions from state early_stance
[2026-09-28 04:39:18,273] WARNING: Velocity attribute does not use the linearization map. Please calculate the velocity using the position attribute.
[2026-09-28 04:39:18,278] INFO: T:10.795, State:early_stance, Fz:6.85, ThetaRef:15.00, ThetaActual:5.38, EncoderTheta:95.36, EncoderVelocity:10.62, K:20.00, B:1.00
[2026-09-28 04:39:18,281] DEBUG: No valid transitions from state early_stance
[2026-09-28 04:39:18,281] WARNING: Velocity attribute does not use the linearization map. Please calculate the velocity using the position attribute.
[2026-09-28 04:39:18,287] INFO: T:10.804, State:early_stance, Fz:8.02, ThetaRef:15.00, ThetaActual:5.38, EncoderTheta:95.32, EncoderVelocity:-5.26, K:20.00, B:1.00
[2026-09-28 04:39:18,289] DEBUG: No valid transitions from state early_stance
[2026-09-28 04:39:18,289] WARNING: Velocity attribute does not use the linearization map. Please calculate the velocity using the position attribute.
[2026-09-28 04:39:18,295] INFO: T:10.812, State:early_stance, Fz:6.95, ThetaRef:15.00, ThetaActual:5.38, EncoderTheta:95.32, EncoderVelocity:0.00, K:20.00, B:1.00
[2026-09-28 04:39:18,297] DEBUG: No valid transitions from state early_stance
[2026-09-28 04:39:18,298] WARNING: Velocity attribute does not use the linearization map. Please calculate the velocity using the position attribute.
[2026-09-28 04:39:18,303] INFO: T:10.820, State:early_stance, Fz:7.61, ThetaRef:15.00, ThetaActual:5.38, EncoderTheta:95.30, EncoderVelocity:-2.67, K:20.00, B:1.00
[2026-09-28 04:39:18,306] DEBUG: No valid transitions from state early_stance
[2026-09-28 04:39:18,306] WARNING: Velocity attribute does not use the linearization map. Please calculate the velocity using the position attribute.
[2026-09-28 04:39:18,311] INFO: T:10.828, State:early_stance, Fz:9.11, ThetaRef:15.00, ThetaActual:5.38, EncoderTheta:95.32, EncoderVelocity:2.66, K:20.00, B:1.00
[2026-09-28 04:39:18,314] DEBUG: No valid transitions from state early_stance
[2026-09-28 04:39:18,314] WARNING: Velocity attribute does not use the linearization map. Please calculate the velocity using the position attribute.
[2026-09-28 04:39:18,320] INFO: T:10.837, State:early_stance, Fz:8.31, ThetaRef:15.00, ThetaActual:5.38, EncoderTheta:95.32, EncoderVelocity:0.00, K:20.00, B:1.00
[2026-09-28 04:39:18,322] DEBUG: No valid transitions from state early_stance
[2026-09-28 04:39:18,322] WARNING: Velocity attribute does not use the linearization map. Please calculate the velocity using the position attribute.
[2026-09-28 04:39:18,328] INFO: T:10.845, State:early_stance, Fz:8.66, ThetaRef:15.00, ThetaActual:5.38, EncoderTheta:95.32, EncoderVelocity:0.00, K:20.00, B:1.00
[2026-09-28 04:39:18,331] DEBUG: No valid transitions from state early_stance
[2026-09-28 04:39:18,331] WARNING: Velocity attribute does not use the linearization map. Please calculate the velocity using the position attribute.
[2026-09-28 04:39:18,336] INFO: T:10.853, State:early_stance, Fz:10.91, ThetaRef:15.00, ThetaActual:5.38, EncoderTheta:95.30, EncoderVelocity:-2.63, K:20.00, B:1.00
[2026-09-28 04:39:18,339] DEBUG: No valid transitions from state early_stance
[2026-09-28 04:39:18,339] WARNING: Velocity attribute does not use the linearization map. Please calculate the velocity using the position attribute.
[2026-09-28 04:39:18,345] INFO: T:10.862, State:early_stance, Fz:11.65, ThetaRef:15.00, ThetaActual:5.38, EncoderTheta:95.32, EncoderVelocity:2.65, K:20.00, B:1.00
[2026-09-28 04:39:18,347] DEBUG: No valid transitions from state early_stance
[2026-09-28 04:39:18,347] WARNING: Velocity attribute does not use the linearization map. Please calculate the velocity using the position attribute.
[2026-09-28 04:39:18,353] INFO: T:10.870, State:early_stance, Fz:12.21, ThetaRef:15.00, ThetaActual:5.38, EncoderTheta:95.27, EncoderVelocity:-5.36, K:20.00, B:1.00
[2026-09-28 04:39:18,355] DEBUG: No valid transitions from state early_stance
[2026-09-28 04:39:18,356] WARNING: Velocity attribute does not use the linearization map. Please calculate the velocity using the position attribute.
[2026-09-28 04:39:18,362] INFO: T:10.878, State:early_stance, Fz:11.16, ThetaRef:15.00, ThetaActual:5.38, EncoderTheta:95.30, EncoderVelocity:2.66, K:20.00, B:1.00
[2026-09-28 04:39:18,364] DEBUG: No valid transitions from state early_stance
[2026-09-28 04:39:18,364] WARNING: Velocity attribute does not use the linearization map. Please calculate the velocity using the position attribute.
[2026-09-28 04:39:18,370] INFO: T:10.887, State:early_stance, Fz:10.86, ThetaRef:15.00, ThetaActual:5.38, EncoderTheta:95.34, EncoderVelocity:4.95, K:20.00, B:1.00
[2026-09-28 04:39:18,373] DEBUG: No valid transitions from state early_stance
[2026-09-28 04:39:18,373] WARNING: Velocity attribute does not use the linearization map. Please calculate the velocity using the position attribute.
[2026-09-28 04:39:18,379] INFO: T:10.895, State:early_stance, Fz:11.58, ThetaRef:15.00, ThetaActual:5.38, EncoderTheta:95.30, EncoderVelocity:-5.17, K:20.00, B:1.00
[2026-09-28 04:39:18,381] DEBUG: No valid transitions from state early_stance
[2026-09-28 04:39:18,381] WARNING: Velocity attribute does not use the linearization map. Please calculate the velocity using the position attribute.
[2026-09-28 04:39:18,387] INFO: T:10.904, State:early_stance, Fz:11.17, ThetaRef:15.00, ThetaActual:5.38, EncoderTheta:95.25, EncoderVelocity:-5.24, K:20.00, B:1.00
[2026-09-28 04:39:18,390] DEBUG: No valid transitions from state early_stance
[2026-09-28 04:39:18,390] WARNING: Velocity attribute does not use the linearization map. Please calculate the velocity using the position attribute.
[2026-09-28 04:39:18,395] INFO: T:10.912, State:early_stance, Fz:11.80, ThetaRef:15.00, ThetaActual:5.38, EncoderTheta:95.32, EncoderVelocity:7.92, K:20.00, B:1.00
[2026-09-28 04:39:18,398] DEBUG: No valid transitions from state early_stance
[2026-09-28 04:39:18,398] WARNING: Velocity attribute does not use the linearization map. Please calculate the velocity using the position attribute.
[2026-09-28 04:39:18,404] INFO: T:10.920, State:early_stance, Fz:11.33, ThetaRef:15.00, ThetaActual:5.38, EncoderTheta:95.30, EncoderVelocity:-2.65, K:20.00, B:1.00
[2026-09-28 04:39:18,406] DEBUG: No valid transitions from state early_stance
[2026-09-28 04:39:18,406] WARNING: Velocity attribute does not use the linearization map. Please calculate the velocity using the position attribute.
[2026-09-28 04:39:18,412] INFO: T:10.929, State:early_stance, Fz:10.00, ThetaRef:15.00, ThetaActual:5.38, EncoderTheta:95.34, EncoderVelocity:5.29, K:20.00, B:1.00
[2026-09-28 04:39:18,414] DEBUG: No valid transitions from state early_stance
[2026-09-28 04:39:18,415] WARNING: Velocity attribute does not use the linearization map. Please calculate the velocity using the position attribute.
[2026-09-28 04:39:18,420] INFO: T:10.937, State:early_stance, Fz:6.96, ThetaRef:15.00, ThetaActual:5.38, EncoderTheta:95.34, EncoderVelocity:0.00, K:20.00, B:1.00
[2026-09-28 04:39:18,423] DEBUG: No valid transitions from state early_stance
[2026-09-28 04:39:18,423] WARNING: Velocity attribute does not use the linearization map. Please calculate the velocity using the position attribute.
[2026-09-28 04:39:18,428] INFO: T:10.945, State:early_stance, Fz:6.65, ThetaRef:15.00, ThetaActual:5.38, EncoderTheta:95.34, EncoderVelocity:0.00, K:20.00, B:1.00
[2026-09-28 04:39:18,431] DEBUG: No valid transitions from state early_stance
[2026-09-28 04:39:18,431] WARNING: Velocity attribute does not use the linearization map. Please calculate the velocity using the position attribute.
[2026-09-28 04:39:18,437] INFO: T:10.954, State:early_stance, Fz:7.37, ThetaRef:15.00, ThetaActual:5.38, EncoderTheta:95.30, EncoderVelocity:-5.28, K:20.00, B:1.00
[2026-09-28 04:39:18,439] DEBUG: No valid transitions from state early_stance
[2026-09-28 04:39:18,439] WARNING: Velocity attribute does not use the linearization map. Please calculate the velocity using the position attribute.
[2026-09-28 04:39:18,445] INFO: T:10.962, State:early_stance, Fz:5.51, ThetaRef:15.00, ThetaActual:5.38, EncoderTheta:95.38, EncoderVelocity:10.62, K:20.00, B:1.00
[2026-09-28 04:39:18,448] DEBUG: No valid transitions from state early_stance
[2026-09-28 04:39:18,448] WARNING: Velocity attribute does not use the linearization map. Please calculate the velocity using the position attribute.
[2026-09-28 04:39:18,453] INFO: T:10.970, State:early_stance, Fz:5.57, ThetaRef:15.00, ThetaActual:5.38, EncoderTheta:95.32, EncoderVelocity:-7.95, K:20.00, B:1.00
[2026-09-28 04:39:18,456] DEBUG: No valid transitions from state early_stance
[2026-09-28 04:39:18,456] WARNING: Velocity attribute does not use the linearization map. Please calculate the velocity using the position attribute.
[2026-09-28 04:39:18,462] INFO: T:10.979, State:early_stance, Fz:5.57, ThetaRef:15.00, ThetaActual:5.38, EncoderTheta:95.34, EncoderVelocity:2.64, K:20.00, B:1.00
[2026-09-28 04:39:18,464] DEBUG: No valid transitions from state early_stance
[2026-09-28 04:39:18,464] WARNING: Velocity attribute does not use the linearization map. Please calculate the velocity using the position attribute.
[2026-09-28 04:39:18,470] INFO: T:10.987, State:early_stance, Fz:5.62, ThetaRef:15.00, ThetaActual:5.38, EncoderTheta:95.34, EncoderVelocity:0.00, K:20.00, B:1.00
[2026-09-28 04:39:18,472] DEBUG: No valid transitions from state early_stance
[2026-09-28 04:39:18,473] WARNING: Velocity attribute does not use the linearization map. Please calculate the velocity using the position attribute.
[2026-09-28 04:39:18,478] INFO: T:10.995, State:early_stance, Fz:7.12, ThetaRef:15.00, ThetaActual:5.38, EncoderTheta:95.25, EncoderVelocity:-10.71, K:20.00, B:1.00
[2026-09-28 04:39:18,481] DEBUG: No valid transitions from state early_stance
[2026-09-28 04:39:18,481] WARNING: Velocity attribute does not use the linearization map. Please calculate the velocity using the position attribute.
[2026-09-28 04:39:18,487] INFO: T:11.003, State:early_stance, Fz:7.35, ThetaRef:15.00, ThetaActual:5.38, EncoderTheta:95.34, EncoderVelocity:10.42, K:20.00, B:1.00
[2026-09-28 04:39:18,489] DEBUG: No valid transitions from state early_stance
[2026-09-28 04:39:18,490] WARNING: Velocity attribute does not use the linearization map. Please calculate the velocity using the position attribute.
[2026-09-28 04:39:18,495] INFO: T:11.012, State:early_stance, Fz:8.03, ThetaRef:15.00, ThetaActual:5.38, EncoderTheta:95.32, EncoderVelocity:-2.60, K:20.00, B:1.00
[2026-09-28 04:39:18,498] DEBUG: No valid transitions from state early_stance
[2026-09-28 04:39:18,498] WARNING: Velocity attribute does not use the linearization map. Please calculate the velocity using the position attribute.
[2026-09-28 04:39:18,504] INFO: T:11.020, State:early_stance, Fz:8.51, ThetaRef:15.00, ThetaActual:5.38, EncoderTheta:95.32, EncoderVelocity:0.00, K:20.00, B:1.00
[2026-09-28 04:39:18,506] DEBUG: No valid transitions from state early_stance
[2026-09-28 04:39:18,506] WARNING: Velocity attribute does not use the linearization map. Please calculate the velocity using the position attribute.
[2026-09-28 04:39:18,512] INFO: T:11.029, State:early_stance, Fz:10.85, ThetaRef:15.00, ThetaActual:5.38, EncoderTheta:95.30, EncoderVelocity:-2.63, K:20.00, B:1.00
[2026-09-28 04:39:18,514] DEBUG: No valid transitions from state early_stance
[2026-09-28 04:39:18,515] WARNING: Velocity attribute does not use the linearization map. Please calculate the velocity using the position attribute.
[2026-09-28 04:39:18,520] INFO: T:11.037, State:early_stance, Fz:10.12, ThetaRef:15.00, ThetaActual:5.38, EncoderTheta:95.23, EncoderVelocity:-7.97, K:20.00, B:1.00
[2026-09-28 04:39:18,523] DEBUG: No valid transitions from state early_stance
[2026-09-28 04:39:18,523] WARNING: Velocity attribute does not use the linearization map. Please calculate the velocity using the position attribute.
[2026-09-28 04:39:18,529] INFO: T:11.045, State:early_stance, Fz:10.08, ThetaRef:15.00, ThetaActual:5.38, EncoderTheta:95.27, EncoderVelocity:5.22, K:20.00, B:1.00
[2026-09-28 04:39:18,531] DEBUG: No valid transitions from state early_stance
[2026-09-28 04:39:18,531] WARNING: Velocity attribute does not use the linearization map. Please calculate the velocity using the position attribute.
[2026-09-28 04:39:18,537] INFO: T:11.054, State:early_stance, Fz:11.48, ThetaRef:15.00, ThetaActual:5.38, EncoderTheta:95.30, EncoderVelocity:2.63, K:20.00, B:1.00
[2026-09-28 04:39:18,539] DEBUG: No valid transitions from state early_stance
[2026-09-28 04:39:18,540] WARNING: Velocity attribute does not use the linearization map. Please calculate the velocity using the position attribute.
[2026-09-28 04:39:18,545] INFO: T:11.062, State:early_stance, Fz:9.66, ThetaRef:15.00, ThetaActual:5.38, EncoderTheta:95.34, EncoderVelocity:5.36, K:20.00, B:1.00
[2026-09-28 04:39:18,548] DEBUG: No valid transitions from state early_stance
[2026-09-28 04:39:18,548] WARNING: Velocity attribute does not use the linearization map. Please calculate the velocity using the position attribute.
[2026-09-28 04:39:18,553] INFO: T:11.070, State:early_stance, Fz:7.74, ThetaRef:15.00, ThetaActual:5.38, EncoderTheta:95.32, EncoderVelocity:-2.65, K:20.00, B:1.00
[2026-09-28 04:39:18,556] DEBUG: No valid transitions from state early_stance
[2026-09-28 04:39:18,556] WARNING: Velocity attribute does not use the linearization map. Please calculate the velocity using the position attribute.
[2026-09-28 04:39:18,562] INFO: T:11.079, State:early_stance, Fz:5.28, ThetaRef:15.00, ThetaActual:5.38, EncoderTheta:95.32, EncoderVelocity:0.00, K:20.00, B:1.00
[2026-09-28 04:39:18,564] DEBUG: No valid transitions from state early_stance
[2026-09-28 04:39:18,564] WARNING: Velocity attribute does not use the linearization map. Please calculate the velocity using the position attribute.
[2026-09-28 04:39:18,570] INFO: T:11.087, State:early_stance, Fz:5.40, ThetaRef:15.00, ThetaActual:5.38, EncoderTheta:95.32, EncoderVelocity:0.00, K:20.00, B:1.00
[2026-09-28 04:39:18,573] DEBUG: No valid transitions from state early_stance
[2026-09-28 04:39:18,573] WARNING: Velocity attribute does not use the linearization map. Please calculate the velocity using the position attribute.
[2026-09-28 04:39:18,578] INFO: T:11.095, State:early_stance, Fz:5.94, ThetaRef:15.00, ThetaActual:5.38, EncoderTheta:95.30, EncoderVelocity:-2.61, K:20.00, B:1.00
[2026-09-28 04:39:18,581] DEBUG: No valid transitions from state early_stance
[2026-09-28 04:39:18,581] WARNING: Velocity attribute does not use the linearization map. Please calculate the velocity using the position attribute.
[2026-09-28 04:39:18,587] INFO: T:11.104, State:early_stance, Fz:4.46, ThetaRef:15.00, ThetaActual:5.38, EncoderTheta:95.34, EncoderVelocity:5.24, K:20.00, B:1.00
[2026-09-28 04:39:18,590] DEBUG: No valid transitions from state early_stance
[2026-09-28 04:39:18,590] WARNING: Velocity attribute does not use the linearization map. Please calculate the velocity using the position attribute.
[2026-09-28 04:39:18,596] INFO: T:11.112, State:early_stance, Fz:3.77, ThetaRef:15.00, ThetaActual:5.38, EncoderTheta:95.34, EncoderVelocity:0.00, K:20.00, B:1.00
[2026-09-28 04:39:18,598] DEBUG: No valid transitions from state early_stance
[2026-09-28 04:39:18,598] WARNING: Velocity attribute does not use the linearization map. Please calculate the velocity using the position attribute.
[2026-09-28 04:39:18,604] INFO: T:11.121, State:early_stance, Fz:4.75, ThetaRef:15.00, ThetaActual:5.38, EncoderTheta:95.30, EncoderVelocity:-5.15, K:20.00, B:1.00
[2026-09-28 04:39:18,606] DEBUG: No valid transitions from state early_stance
[2026-09-28 04:39:18,607] WARNING: Velocity attribute does not use the linearization map. Please calculate the velocity using the position attribute.
[2026-09-28 04:39:18,612] INFO: T:11.129, State:early_stance, Fz:4.47, ThetaRef:15.00, ThetaActual:5.38, EncoderTheta:95.34, EncoderVelocity:5.31, K:20.00, B:1.00
[2026-09-28 04:39:18,615] DEBUG: No valid transitions from state early_stance
[2026-09-28 04:39:18,615] WARNING: Velocity attribute does not use the linearization map. Please calculate the velocity using the position attribute.
[2026-09-28 04:39:18,620] INFO: T:11.137, State:early_stance, Fz:2.29, ThetaRef:15.00, ThetaActual:5.38, EncoderTheta:95.34, EncoderVelocity:0.00, K:20.00, B:1.00
[2026-09-28 04:39:18,623] DEBUG: No valid transitions from state early_stance
[2026-09-28 04:39:18,623] WARNING: Velocity attribute does not use the linearization map. Please calculate the velocity using the position attribute.
[2026-09-28 04:39:18,629] INFO: T:11.146, State:early_stance, Fz:0.59, ThetaRef:15.00, ThetaActual:5.38, EncoderTheta:95.34, EncoderVelocity:0.00, K:20.00, B:1.00
[2026-09-28 04:39:18,632] DEBUG: No valid transitions from state early_stance
[2026-09-28 04:39:18,632] WARNING: Velocity attribute does not use the linearization map. Please calculate the velocity using the position attribute.
[2026-09-28 04:39:18,637] INFO: T:11.154, State:early_stance, Fz:1.31, ThetaRef:15.00, ThetaActual:5.38, EncoderTheta:95.34, EncoderVelocity:0.00, K:20.00, B:1.00
[2026-09-28 04:39:18,640] DEBUG: No valid transitions from state early_stance
[2026-09-28 04:39:18,640] WARNING: Velocity attribute does not use the linearization map. Please calculate the velocity using the position attribute.
[2026-09-28 04:39:18,646] INFO: T:11.162, State:early_stance, Fz:-0.14, ThetaRef:15.00, ThetaActual:5.38, EncoderTheta:95.34, EncoderVelocity:0.00, K:20.00, B:1.00
[2026-09-28 04:39:18,648] DEBUG: No valid transitions from state early_stance
[2026-09-28 04:39:18,648] WARNING: Velocity attribute does not use the linearization map. Please calculate the velocity using the position attribute.
[2026-09-28 04:39:18,654] INFO: T:11.171, State:early_stance, Fz:-1.21, ThetaRef:15.00, ThetaActual:5.38, EncoderTheta:95.32, EncoderVelocity:-2.62, K:20.00, B:1.00
[2026-09-28 04:39:18,657] DEBUG: No valid transitions from state early_stance
[2026-09-28 04:39:18,657] WARNING: Velocity attribute does not use the linearization map. Please calculate the velocity using the position attribute.
[2026-09-28 04:39:18,662] INFO: T:11.179, State:early_stance, Fz:-1.07, ThetaRef:15.00, ThetaActual:5.38, EncoderTheta:95.36, EncoderVelocity:5.26, K:20.00, B:1.00
[2026-09-28 04:39:18,665] DEBUG: No valid transitions from state early_stance
[2026-09-28 04:39:18,665] WARNING: Velocity attribute does not use the linearization map. Please calculate the velocity using the position attribute.
[2026-09-28 04:39:18,671] INFO: T:11.188, State:early_stance, Fz:-2.98, ThetaRef:15.00, ThetaActual:5.38, EncoderTheta:95.32, EncoderVelocity:-5.28, K:20.00, B:1.00
[2026-09-28 04:39:18,673] DEBUG: No valid transitions from state early_stance
[2026-09-28 04:39:18,673] WARNING: Velocity attribute does not use the linearization map. Please calculate the velocity using the position attribute.
[2026-09-28 04:39:18,679] INFO: T:11.196, State:early_stance, Fz:-1.95, ThetaRef:15.00, ThetaActual:5.38, EncoderTheta:95.36, EncoderVelocity:5.33, K:20.00, B:1.00
[2026-09-28 04:39:18,681] DEBUG: No valid transitions from state early_stance
[2026-09-28 04:39:18,682] WARNING: Velocity attribute does not use the linearization map. Please calculate the velocity using the position attribute.
[2026-09-28 04:39:18,687] INFO: T:11.204, State:early_stance, Fz:-1.65, ThetaRef:15.00, ThetaActual:5.38, EncoderTheta:95.38, EncoderVelocity:2.66, K:20.00, B:1.00
[2026-09-28 04:39:18,690] DEBUG: No valid transitions from state early_stance
[2026-09-28 04:39:18,690] WARNING: Velocity attribute does not use the linearization map. Please calculate the velocity using the position attribute.
[2026-09-28 04:39:18,696] INFO: T:11.212, State:early_stance, Fz:-1.38, ThetaRef:15.00, ThetaActual:5.38, EncoderTheta:95.36, EncoderVelocity:-2.64, K:20.00, B:1.00
[2026-09-28 04:39:18,698] DEBUG: No valid transitions from state early_stance
[2026-09-28 04:39:18,698] WARNING: Velocity attribute does not use the linearization map. Please calculate the velocity using the position attribute.
[2026-09-28 04:39:18,704] INFO: T:11.221, State:early_stance, Fz:-1.67, ThetaRef:15.00, ThetaActual:5.38, EncoderTheta:95.36, EncoderVelocity:0.00, K:20.00, B:1.00
[2026-09-28 04:39:18,706] DEBUG: No valid transitions from state early_stance
[2026-09-28 04:39:18,707] WARNING: Velocity attribute does not use the linearization map. Please calculate the velocity using the position attribute.
[2026-09-28 04:39:18,712] INFO: T:11.229, State:early_stance, Fz:-2.43, ThetaRef:15.00, ThetaActual:5.38, EncoderTheta:95.34, EncoderVelocity:-2.66, K:20.00, B:1.00
[2026-09-28 04:39:18,715] DEBUG: No valid transitions from state early_stance
[2026-09-28 04:39:18,715] WARNING: Velocity attribute does not use the linearization map. Please calculate the velocity using the position attribute.
[2026-09-28 04:39:18,720] INFO: T:11.237, State:early_stance, Fz:-2.45, ThetaRef:15.00, ThetaActual:5.38, EncoderTheta:95.34, EncoderVelocity:0.00, K:20.00, B:1.00
[2026-09-28 04:39:18,723] DEBUG: No valid transitions from state early_stance
[2026-09-28 04:39:18,723] WARNING: Velocity attribute does not use the linearization map. Please calculate the velocity using the position attribute.
[2026-09-28 04:39:18,729] INFO: T:11.246, State:early_stance, Fz:0.46, ThetaRef:15.00, ThetaActual:5.38, EncoderTheta:95.32, EncoderVelocity:-2.63, K:20.00, B:1.00
[2026-09-28 04:39:18,731] DEBUG: No valid transitions from state early_stance
[2026-09-28 04:39:18,731] WARNING: Velocity attribute does not use the linearization map. Please calculate the velocity using the position attribute.
[2026-09-28 04:39:18,737] INFO: T:11.254, State:early_stance, Fz:-0.27, ThetaRef:15.00, ThetaActual:5.38, EncoderTheta:95.32, EncoderVelocity:0.00, K:20.00, B:1.00
[2026-09-28 04:39:18,740] DEBUG: No valid transitions from state early_stance
[2026-09-28 04:39:18,740] WARNING: Velocity attribute does not use the linearization map. Please calculate the velocity using the position attribute.
[2026-09-28 04:39:18,745] INFO: T:11.262, State:early_stance, Fz:-0.28, ThetaRef:15.00, ThetaActual:5.38, EncoderTheta:95.36, EncoderVelocity:5.28, K:20.00, B:1.00
[2026-09-28 04:39:18,748] DEBUG: No valid transitions from state early_stance
[2026-09-28 04:39:18,748] WARNING: Velocity attribute does not use the linearization map. Please calculate the velocity using the position attribute.
[2026-09-28 04:39:18,754] INFO: T:11.271, State:early_stance, Fz:0.22, ThetaRef:15.00, ThetaActual:5.38, EncoderTheta:95.34, EncoderVelocity:-2.62, K:20.00, B:1.00
[2026-09-28 04:39:18,756] DEBUG: No valid transitions from state early_stance
[2026-09-28 04:39:18,757] WARNING: Velocity attribute does not use the linearization map. Please calculate the velocity using the position attribute.
[2026-09-28 04:39:18,762] INFO: T:11.279, State:early_stance, Fz:-2.90, ThetaRef:15.00, ThetaActual:5.38, EncoderTheta:95.34, EncoderVelocity:0.00, K:20.00, B:1.00
[2026-09-28 04:39:18,765] DEBUG: No valid transitions from state early_stance
[2026-09-28 04:39:18,765] WARNING: Velocity attribute does not use the linearization map. Please calculate the velocity using the position attribute.
[2026-09-28 04:39:18,771] INFO: T:11.287, State:early_stance, Fz:-3.28, ThetaRef:15.00, ThetaActual:5.38, EncoderTheta:95.34, EncoderVelocity:0.00, K:20.00, B:1.00
[2026-09-28 04:39:18,773] DEBUG: No valid transitions from state early_stance
[2026-09-28 04:39:18,773] WARNING: Velocity attribute does not use the linearization map. Please calculate the velocity using the position attribute.
[2026-09-28 04:39:18,779] INFO: T:11.296, State:early_stance, Fz:-2.12, ThetaRef:15.00, ThetaActual:5.38, EncoderTheta:95.32, EncoderVelocity:-2.64, K:20.00, B:1.00
[2026-09-28 04:39:18,781] DEBUG: No valid transitions from state early_stance
[2026-09-28 04:39:18,781] WARNING: Velocity attribute does not use the linearization map. Please calculate the velocity using the position attribute.
[2026-09-28 04:39:18,787] INFO: T:11.304, State:early_stance, Fz:-3.20, ThetaRef:15.00, ThetaActual:5.38, EncoderTheta:95.32, EncoderVelocity:0.00, K:20.00, B:1.00
[2026-09-28 04:39:18,790] DEBUG: No valid transitions from state early_stance
[2026-09-28 04:39:18,790] WARNING: Velocity attribute does not use the linearization map. Please calculate the velocity using the position attribute.
[2026-09-28 04:39:18,795] INFO: T:11.312, State:early_stance, Fz:-4.02, ThetaRef:15.00, ThetaActual:5.38, EncoderTheta:95.34, EncoderVelocity:2.63, K:20.00, B:1.00
[2026-09-28 04:39:18,798] DEBUG: No valid transitions from state early_stance
[2026-09-28 04:39:18,798] WARNING: Velocity attribute does not use the linearization map. Please calculate the velocity using the position attribute.
[2026-09-28 04:39:18,804] INFO: T:11.321, State:early_stance, Fz:-4.20, ThetaRef:15.00, ThetaActual:5.38, EncoderTheta:95.36, EncoderVelocity:2.64, K:20.00, B:1.00
[2026-09-28 04:39:18,806] DEBUG: No valid transitions from state early_stance
[2026-09-28 04:39:18,806] WARNING: Velocity attribute does not use the linearization map. Please calculate the velocity using the position attribute.
[2026-09-28 04:39:18,812] INFO: T:11.329, State:early_stance, Fz:-4.79, ThetaRef:15.00, ThetaActual:5.38, EncoderTheta:95.34, EncoderVelocity:-2.65, K:20.00, B:1.00
[2026-09-28 04:39:18,815] DEBUG: No valid transitions from state early_stance
[2026-09-28 04:39:18,815] WARNING: Velocity attribute does not use the linearization map. Please calculate the velocity using the position attribute.
[2026-09-28 04:39:18,820] INFO: T:11.337, State:early_stance, Fz:-3.29, ThetaRef:15.00, ThetaActual:5.38, EncoderTheta:95.38, EncoderVelocity:5.29, K:20.00, B:1.00
[2026-09-28 04:39:18,823] DEBUG: No valid transitions from state early_stance
[2026-09-28 04:39:18,823] WARNING: Velocity attribute does not use the linearization map. Please calculate the velocity using the position attribute.
[2026-09-28 04:39:18,829] INFO: T:11.345, State:early_stance, Fz:-4.12, ThetaRef:15.00, ThetaActual:5.38, EncoderTheta:95.38, EncoderVelocity:0.00, K:20.00, B:1.00
[2026-09-28 04:39:18,831] DEBUG: No valid transitions from state early_stance
[2026-09-28 04:39:18,831] WARNING: Velocity attribute does not use the linearization map. Please calculate the velocity using the position attribute.
[2026-09-28 04:39:18,837] INFO: T:11.354, State:early_stance, Fz:-3.25, ThetaRef:15.00, ThetaActual:5.38, EncoderTheta:95.34, EncoderVelocity:-5.28, K:20.00, B:1.00
[2026-09-28 04:39:18,839] DEBUG: No valid transitions from state early_stance
[2026-09-28 04:39:18,840] WARNING: Velocity attribute does not use the linearization map. Please calculate the velocity using the position attribute.
[2026-09-28 04:39:18,845] INFO: T:11.362, State:early_stance, Fz:-3.11, ThetaRef:15.00, ThetaActual:5.38, EncoderTheta:95.36, EncoderVelocity:2.67, K:20.00, B:1.00
[2026-09-28 04:39:18,848] DEBUG: No valid transitions from state early_stance
[2026-09-28 04:39:18,848] WARNING: Velocity attribute does not use the linearization map. Please calculate the velocity using the position attribute.
[2026-09-28 04:39:18,854] INFO: T:11.370, State:early_stance, Fz:-4.00, ThetaRef:15.00, ThetaActual:5.38, EncoderTheta:95.38, EncoderVelocity:2.62, K:20.00, B:1.00
[2026-09-28 04:39:18,856] DEBUG: No valid transitions from state early_stance
[2026-09-28 04:39:18,856] WARNING: Velocity attribute does not use the linearization map. Please calculate the velocity using the position attribute.
[2026-09-28 04:39:18,862] INFO: T:11.379, State:early_stance, Fz:-3.71, ThetaRef:15.00, ThetaActual:5.38, EncoderTheta:95.32, EncoderVelocity:-7.93, K:20.00, B:1.00
[2026-09-28 04:39:18,864] DEBUG: No valid transitions from state early_stance
[2026-09-28 04:39:18,864] WARNING: Velocity attribute does not use the linearization map. Please calculate the velocity using the position attribute.
[2026-09-28 04:39:18,870] INFO: T:11.387, State:early_stance, Fz:-2.51, ThetaRef:15.00, ThetaActual:5.38, EncoderTheta:95.34, EncoderVelocity:2.68, K:20.00, B:1.00
[2026-09-28 04:39:18,873] DEBUG: No valid transitions from state early_stance
[2026-09-28 04:39:18,873] WARNING: Velocity attribute does not use the linearization map. Please calculate the velocity using the position attribute.
[2026-09-28 04:39:18,878] INFO: T:11.395, State:early_stance, Fz:-2.07, ThetaRef:15.00, ThetaActual:5.38, EncoderTheta:95.30, EncoderVelocity:-5.32, K:20.00, B:1.00
[2026-09-28 04:39:18,881] DEBUG: No valid transitions from state early_stance
[2026-09-28 04:39:18,881] WARNING: Velocity attribute does not use the linearization map. Please calculate the velocity using the position attribute.
[2026-09-28 04:39:18,887] INFO: T:11.404, State:early_stance, Fz:-1.73, ThetaRef:15.00, ThetaActual:5.38, EncoderTheta:95.34, EncoderVelocity:5.29, K:20.00, B:1.00
[2026-09-28 04:39:18,890] DEBUG: No valid transitions from state early_stance
[2026-09-28 04:39:18,890] WARNING: Velocity attribute does not use the linearization map. Please calculate the velocity using the position attribute.
[2026-09-28 04:39:18,895] INFO: T:11.412, State:early_stance, Fz:-0.99, ThetaRef:15.00, ThetaActual:5.38, EncoderTheta:95.36, EncoderVelocity:2.56, K:20.00, B:1.00
[2026-09-28 04:39:18,898] DEBUG: No valid transitions from state early_stance
[2026-09-28 04:39:18,898] WARNING: Velocity attribute does not use the linearization map. Please calculate the velocity using the position attribute.
[2026-09-28 04:39:18,904] INFO: T:11.421, State:early_stance, Fz:-0.46, ThetaRef:15.00, ThetaActual:5.38, EncoderTheta:95.38, EncoderVelocity:2.58, K:20.00, B:1.00
[2026-09-28 04:39:18,906] DEBUG: No valid transitions from state early_stance
[2026-09-28 04:39:18,906] WARNING: Velocity attribute does not use the linearization map. Please calculate the velocity using the position attribute.
[2026-09-28 04:39:18,912] INFO: T:11.429, State:early_stance, Fz:-0.05, ThetaRef:15.00, ThetaActual:5.38, EncoderTheta:95.34, EncoderVelocity:-5.30, K:20.00, B:1.00
[2026-09-28 04:39:18,915] DEBUG: No valid transitions from state early_stance
[2026-09-28 04:39:18,915] WARNING: Velocity attribute does not use the linearization map. Please calculate the velocity using the position attribute.
[2026-09-28 04:39:18,920] INFO: T:11.437, State:early_stance, Fz:2.21, ThetaRef:15.00, ThetaActual:5.38, EncoderTheta:95.41, EncoderVelocity:7.90, K:20.00, B:1.00
[2026-09-28 04:39:18,923] DEBUG: No valid transitions from state early_stance
[2026-09-28 04:39:18,923] WARNING: Velocity attribute does not use the linearization map. Please calculate the velocity using the position attribute.
[2026-09-28 04:39:18,929] INFO: T:11.446, State:early_stance, Fz:1.03, ThetaRef:15.00, ThetaActual:5.38, EncoderTheta:95.36, EncoderVelocity:-5.29, K:20.00, B:1.00
[2026-09-28 04:39:18,931] DEBUG: No valid transitions from state early_stance
[2026-09-28 04:39:18,931] WARNING: Velocity attribute does not use the linearization map. Please calculate the velocity using the position attribute.
[2026-09-28 04:39:18,937] INFO: T:11.454, State:early_stance, Fz:-0.37, ThetaRef:15.00, ThetaActual:5.38, EncoderTheta:95.36, EncoderVelocity:0.00, K:20.00, B:1.00
[2026-09-28 04:39:18,940] DEBUG: No valid transitions from state early_stance
[2026-09-28 04:39:18,940] WARNING: Velocity attribute does not use the linearization map. Please calculate the velocity using the position attribute.
[2026-09-28 04:39:18,945] INFO: T:11.462, State:early_stance, Fz:0.98, ThetaRef:15.00, ThetaActual:5.38, EncoderTheta:95.32, EncoderVelocity:-5.30, K:20.00, B:1.00
[2026-09-28 04:39:18,948] DEBUG: No valid transitions from state early_stance
[2026-09-28 04:39:18,948] WARNING: Velocity attribute does not use the linearization map. Please calculate the velocity using the position attribute.
[2026-09-28 04:39:18,954] INFO: T:11.470, State:early_stance, Fz:1.54, ThetaRef:15.00, ThetaActual:5.38, EncoderTheta:95.32, EncoderVelocity:0.00, K:20.00, B:1.00
[2026-09-28 04:39:18,956] DEBUG: No valid transitions from state early_stance
[2026-09-28 04:39:18,956] WARNING: Velocity attribute does not use the linearization map. Please calculate the velocity using the position attribute.
[2026-09-28 04:39:18,962] INFO: T:11.479, State:early_stance, Fz:2.46, ThetaRef:15.00, ThetaActual:5.38, EncoderTheta:95.36, EncoderVelocity:5.27, K:20.00, B:1.00
[2026-09-28 04:39:18,965] DEBUG: No valid transitions from state early_stance
[2026-09-28 04:39:18,965] WARNING: Velocity attribute does not use the linearization map. Please calculate the velocity using the position attribute.
[2026-09-28 04:39:18,970] INFO: T:11.487, State:early_stance, Fz:2.70, ThetaRef:15.00, ThetaActual:5.38, EncoderTheta:95.34, EncoderVelocity:-2.61, K:20.00, B:1.00
[2026-09-28 04:39:18,973] DEBUG: No valid transitions from state early_stance
[2026-09-28 04:39:18,973] WARNING: Velocity attribute does not use the linearization map. Please calculate the velocity using the position attribute.
[2026-09-28 04:39:18,979] INFO: T:11.496, State:early_stance, Fz:3.39, ThetaRef:15.00, ThetaActual:5.38, EncoderTheta:95.32, EncoderVelocity:-2.64, K:20.00, B:1.00
[2026-09-28 04:39:18,981] DEBUG: No valid transitions from state early_stance
[2026-09-28 04:39:18,981] WARNING: Velocity attribute does not use the linearization map. Please calculate the velocity using the position attribute.
[2026-09-28 04:39:18,987] INFO: T:11.504, State:early_stance, Fz:4.38, ThetaRef:15.00, ThetaActual:5.38, EncoderTheta:95.32, EncoderVelocity:0.00, K:20.00, B:1.00
[2026-09-28 04:39:18,990] DEBUG: No valid transitions from state early_stance
[2026-09-28 04:39:18,990] WARNING: Velocity attribute does not use the linearization map. Please calculate the velocity using the position attribute.
[2026-09-28 04:39:18,995] INFO: T:11.512, State:early_stance, Fz:4.14, ThetaRef:15.00, ThetaActual:5.38, EncoderTheta:95.30, EncoderVelocity:-2.65, K:20.00, B:1.00
[2026-09-28 04:39:18,998] DEBUG: No valid transitions from state early_stance
[2026-09-28 04:39:18,998] WARNING: Velocity attribute does not use the linearization map. Please calculate the velocity using the position attribute.
[2026-09-28 04:39:19,004] INFO: T:11.521, State:early_stance, Fz:5.95, ThetaRef:15.00, ThetaActual:5.38, EncoderTheta:95.32, EncoderVelocity:2.54, K:20.00, B:1.00
[2026-09-28 04:39:19,007] DEBUG: No valid transitions from state early_stance
[2026-09-28 04:39:19,007] WARNING: Velocity attribute does not use the linearization map. Please calculate the velocity using the position attribute.
[2026-09-28 04:39:19,013] INFO: T:11.529, State:early_stance, Fz:7.30, ThetaRef:15.00, ThetaActual:5.38, EncoderTheta:95.36, EncoderVelocity:5.17, K:20.00, B:1.00
[2026-09-28 04:39:19,015] DEBUG: No valid transitions from state early_stance
[2026-09-28 04:39:19,016] WARNING: Velocity attribute does not use the linearization map. Please calculate the velocity using the position attribute.
[2026-09-28 04:39:19,021] INFO: T:11.538, State:early_stance, Fz:8.35, ThetaRef:15.00, ThetaActual:5.38, EncoderTheta:95.36, EncoderVelocity:0.00, K:20.00, B:1.00
[2026-09-28 04:39:19,024] DEBUG: No valid transitions from state early_stance
[2026-09-28 04:39:19,024] WARNING: Velocity attribute does not use the linearization map. Please calculate the velocity using the position attribute.
[2026-09-28 04:39:19,030] INFO: T:11.546, State:early_stance, Fz:9.68, ThetaRef:15.00, ThetaActual:5.38, EncoderTheta:95.36, EncoderVelocity:0.00, K:20.00, B:1.00
[2026-09-28 04:39:19,032] DEBUG: No valid transitions from state early_stance
[2026-09-28 04:39:19,032] WARNING: Velocity attribute does not use the linearization map. Please calculate the velocity using the position attribute.
[2026-09-28 04:39:19,038] INFO: T:11.555, State:early_stance, Fz:11.15, ThetaRef:15.00, ThetaActual:5.38, EncoderTheta:95.32, EncoderVelocity:-5.22, K:20.00, B:1.00
[2026-09-28 04:39:19,041] DEBUG: No valid transitions from state early_stance
[2026-09-28 04:39:19,041] WARNING: Velocity attribute does not use the linearization map. Please calculate the velocity using the position attribute.
[2026-09-28 04:39:19,046] INFO: T:11.563, State:early_stance, Fz:10.30, ThetaRef:15.00, ThetaActual:5.38, EncoderTheta:95.27, EncoderVelocity:-5.24, K:20.00, B:1.00
[2026-09-28 04:39:19,049] DEBUG: No valid transitions from state early_stance
[2026-09-28 04:39:19,049] WARNING: Velocity attribute does not use the linearization map. Please calculate the velocity using the position attribute.
[2026-09-28 04:39:19,055] INFO: T:11.572, State:early_stance, Fz:9.67, ThetaRef:15.00, ThetaActual:5.38, EncoderTheta:95.34, EncoderVelocity:7.84, K:20.00, B:1.00
[2026-09-28 04:39:19,058] DEBUG: No valid transitions from state early_stance
[2026-09-28 04:39:19,058] WARNING: Velocity attribute does not use the linearization map. Please calculate the velocity using the position attribute.
[2026-09-28 04:39:19,063] INFO: T:11.580, State:early_stance, Fz:10.14, ThetaRef:15.00, ThetaActual:5.38, EncoderTheta:95.34, EncoderVelocity:0.00, K:20.00, B:1.00
[2026-09-28 04:39:19,066] DEBUG: No valid transitions from state early_stance
[2026-09-28 04:39:19,066] WARNING: Velocity attribute does not use the linearization map. Please calculate the velocity using the position attribute.
[2026-09-28 04:39:19,072] INFO: T:11.588, State:early_stance, Fz:8.53, ThetaRef:15.00, ThetaActual:5.38, EncoderTheta:95.34, EncoderVelocity:0.00, K:20.00, B:1.00
[2026-09-28 04:39:19,074] DEBUG: No valid transitions from state early_stance
[2026-09-28 04:39:19,074] WARNING: Velocity attribute does not use the linearization map. Please calculate the velocity using the position attribute.
[2026-09-28 04:39:19,080] INFO: T:11.597, State:early_stance, Fz:7.33, ThetaRef:15.00, ThetaActual:5.38, EncoderTheta:95.30, EncoderVelocity:-5.29, K:20.00, B:1.00
[2026-09-28 04:39:19,082] DEBUG: No valid transitions from state early_stance
[2026-09-28 04:39:19,083] WARNING: Velocity attribute does not use the linearization map. Please calculate the velocity using the position attribute.
[2026-09-28 04:39:19,088] INFO: T:11.605, State:early_stance, Fz:7.86, ThetaRef:15.00, ThetaActual:5.38, EncoderTheta:95.32, EncoderVelocity:2.66, K:20.00, B:1.00
[2026-09-28 04:39:19,091] DEBUG: No valid transitions from state early_stance
[2026-09-28 04:39:19,091] WARNING: Velocity attribute does not use the linearization map. Please calculate the velocity using the position attribute.
[2026-09-28 04:39:19,096] INFO: T:11.613, State:early_stance, Fz:4.87, ThetaRef:15.00, ThetaActual:5.38, EncoderTheta:95.38, EncoderVelocity:7.89, K:20.00, B:1.00
[2026-09-28 04:39:19,099] DEBUG: No valid transitions from state early_stance
[2026-09-28 04:39:19,099] WARNING: Velocity attribute does not use the linearization map. Please calculate the velocity using the position attribute.
[2026-09-28 04:39:19,105] INFO: T:11.622, State:early_stance, Fz:5.03, ThetaRef:15.00, ThetaActual:5.38, EncoderTheta:95.36, EncoderVelocity:-2.64, K:20.00, B:1.00
[2026-09-28 04:39:19,107] DEBUG: No valid transitions from state early_stance
[2026-09-28 04:39:19,107] WARNING: Velocity attribute does not use the linearization map. Please calculate the velocity using the position attribute.
[2026-09-28 04:39:19,113] INFO: T:11.630, State:early_stance, Fz:4.67, ThetaRef:15.00, ThetaActual:5.38, EncoderTheta:95.36, EncoderVelocity:0.00, K:20.00, B:1.00
[2026-09-28 04:39:19,116] DEBUG: No valid transitions from state early_stance
[2026-09-28 04:39:19,116] WARNING: Velocity attribute does not use the linearization map. Please calculate the velocity using the position attribute.
[2026-09-28 04:39:19,121] INFO: T:11.638, State:early_stance, Fz:3.40, ThetaRef:15.00, ThetaActual:5.38, EncoderTheta:95.32, EncoderVelocity:-5.26, K:20.00, B:1.00
[2026-09-28 04:39:19,124] DEBUG: No valid transitions from state early_stance
[2026-09-28 04:39:19,124] WARNING: Velocity attribute does not use the linearization map. Please calculate the velocity using the position attribute.
[2026-09-28 04:39:19,130] INFO: T:11.647, State:early_stance, Fz:2.92, ThetaRef:15.00, ThetaActual:5.38, EncoderTheta:95.32, EncoderVelocity:0.00, K:20.00, B:1.00
[2026-09-28 04:39:19,132] DEBUG: No valid transitions from state early_stance
[2026-09-28 04:39:19,132] WARNING: Velocity attribute does not use the linearization map. Please calculate the velocity using the position attribute.
[2026-09-28 04:39:19,138] INFO: T:11.655, State:early_stance, Fz:2.59, ThetaRef:15.00, ThetaActual:5.38, EncoderTheta:95.34, EncoderVelocity:2.66, K:20.00, B:1.00
[2026-09-28 04:39:19,141] DEBUG: No valid transitions from state early_stance
[2026-09-28 04:39:19,141] WARNING: Velocity attribute does not use the linearization map. Please calculate the velocity using the position attribute.
[2026-09-28 04:39:19,146] INFO: T:11.663, State:early_stance, Fz:3.33, ThetaRef:15.00, ThetaActual:5.38, EncoderTheta:95.34, EncoderVelocity:0.00, K:20.00, B:1.00
[2026-09-28 04:39:19,149] DEBUG: No valid transitions from state early_stance
[2026-09-28 04:39:19,149] WARNING: Velocity attribute does not use the linearization map. Please calculate the velocity using the position attribute.
[2026-09-28 04:39:19,155] INFO: T:11.672, State:early_stance, Fz:3.35, ThetaRef:15.00, ThetaActual:5.38, EncoderTheta:95.36, EncoderVelocity:2.59, K:20.00, B:1.00
[2026-09-28 04:39:19,157] DEBUG: No valid transitions from state early_stance
[2026-09-28 04:39:19,158] WARNING: Velocity attribute does not use the linearization map. Please calculate the velocity using the position attribute.
[2026-09-28 04:39:19,163] INFO: T:11.680, State:early_stance, Fz:3.41, ThetaRef:15.00, ThetaActual:5.38, EncoderTheta:95.38, EncoderVelocity:2.63, K:20.00, B:1.00
[2026-09-28 04:39:19,166] DEBUG: No valid transitions from state early_stance
[2026-09-28 04:39:19,166] WARNING: Velocity attribute does not use the linearization map. Please calculate the velocity using the position attribute.
[2026-09-28 04:39:19,172] INFO: T:11.688, State:early_stance, Fz:2.93, ThetaRef:15.00, ThetaActual:5.38, EncoderTheta:95.32, EncoderVelocity:-7.93, K:20.00, B:1.00
[2026-09-28 04:39:19,174] DEBUG: No valid transitions from state early_stance
[2026-09-28 04:39:19,174] WARNING: Velocity attribute does not use the linearization map. Please calculate the velocity using the position attribute.
[2026-09-28 04:39:19,180] INFO: T:11.697, State:early_stance, Fz:3.53, ThetaRef:15.00, ThetaActual:5.38, EncoderTheta:95.41, EncoderVelocity:10.57, K:20.00, B:1.00
[2026-09-28 04:39:19,182] DEBUG: No valid transitions from state early_stance
[2026-09-28 04:39:19,182] WARNING: Velocity attribute does not use the linearization map. Please calculate the velocity using the position attribute.
[2026-09-28 04:39:19,188] INFO: T:11.705, State:early_stance, Fz:2.04, ThetaRef:15.00, ThetaActual:5.38, EncoderTheta:95.34, EncoderVelocity:-8.03, K:20.00, B:1.00
[2026-09-28 04:39:19,191] DEBUG: No valid transitions from state early_stance
[2026-09-28 04:39:19,191] WARNING: Velocity attribute does not use the linearization map. Please calculate the velocity using the position attribute.
[2026-09-28 04:39:19,196] INFO: T:11.713, State:early_stance, Fz:1.92, ThetaRef:15.00, ThetaActual:5.38, EncoderTheta:95.36, EncoderVelocity:2.62, K:20.00, B:1.00
[2026-09-28 04:39:19,199] DEBUG: No valid transitions from state early_stance
[2026-09-28 04:39:19,199] WARNING: Velocity attribute does not use the linearization map. Please calculate the velocity using the position attribute.
[2026-09-28 04:39:19,205] INFO: T:11.722, State:early_stance, Fz:2.29, ThetaRef:15.00, ThetaActual:5.38, EncoderTheta:95.34, EncoderVelocity:-2.66, K:20.00, B:1.00
[2026-09-28 04:39:19,207] DEBUG: No valid transitions from state early_stance
[2026-09-28 04:39:19,207] WARNING: Velocity attribute does not use the linearization map. Please calculate the velocity using the position attribute.
[2026-09-28 04:39:19,213] INFO: T:11.730, State:early_stance, Fz:1.08, ThetaRef:15.00, ThetaActual:5.38, EncoderTheta:95.34, EncoderVelocity:0.00, K:20.00, B:1.00
[2026-09-28 04:39:19,216] DEBUG: No valid transitions from state early_stance
[2026-09-28 04:39:19,216] WARNING: Velocity attribute does not use the linearization map. Please calculate the velocity using the position attribute.
[2026-09-28 04:39:19,221] INFO: T:11.738, State:early_stance, Fz:0.14, ThetaRef:15.00, ThetaActual:5.38, EncoderTheta:95.34, EncoderVelocity:0.00, K:20.00, B:1.00
[2026-09-28 04:39:19,224] DEBUG: No valid transitions from state early_stance
[2026-09-28 04:39:19,224] WARNING: Velocity attribute does not use the linearization map. Please calculate the velocity using the position attribute.
[2026-09-28 04:39:19,230] INFO: T:11.746, State:early_stance, Fz:0.95, ThetaRef:15.00, ThetaActual:5.38, EncoderTheta:95.34, EncoderVelocity:0.00, K:20.00, B:1.00
[2026-09-28 04:39:19,232] DEBUG: No valid transitions from state early_stance
[2026-09-28 04:39:19,232] WARNING: Velocity attribute does not use the linearization map. Please calculate the velocity using the position attribute.
[2026-09-28 04:39:19,238] INFO: T:11.755, State:early_stance, Fz:1.07, ThetaRef:15.00, ThetaActual:5.38, EncoderTheta:95.32, EncoderVelocity:-2.62, K:20.00, B:1.00
[2026-09-28 04:39:19,240] DEBUG: No valid transitions from state early_stance
[2026-09-28 04:39:19,241] WARNING: Velocity attribute does not use the linearization map. Please calculate the velocity using the position attribute.
[2026-09-28 04:39:19,246] INFO: T:11.763, State:early_stance, Fz:2.15, ThetaRef:15.00, ThetaActual:5.38, EncoderTheta:95.36, EncoderVelocity:5.34, K:20.00, B:1.00
[2026-09-28 04:39:19,249] DEBUG: No valid transitions from state early_stance
[2026-09-28 04:39:19,249] WARNING: Velocity attribute does not use the linearization map. Please calculate the velocity using the position attribute.
[2026-09-28 04:39:19,254] INFO: T:11.771, State:early_stance, Fz:1.44, ThetaRef:15.00, ThetaActual:5.38, EncoderTheta:95.32, EncoderVelocity:-5.33, K:20.00, B:1.00
[2026-09-28 04:39:19,257] DEBUG: No valid transitions from state early_stance
[2026-09-28 04:39:19,257] WARNING: Velocity attribute does not use the linearization map. Please calculate the velocity using the position attribute.
[2026-09-28 04:39:19,263] INFO: T:11.780, State:early_stance, Fz:2.44, ThetaRef:15.00, ThetaActual:5.38, EncoderTheta:95.30, EncoderVelocity:-2.64, K:20.00, B:1.00
[2026-09-28 04:39:19,265] DEBUG: No valid transitions from state early_stance
[2026-09-28 04:39:19,265] WARNING: Velocity attribute does not use the linearization map. Please calculate the velocity using the position attribute.
[2026-09-28 04:39:19,271] INFO: T:11.788, State:early_stance, Fz:3.69, ThetaRef:15.00, ThetaActual:5.38, EncoderTheta:95.34, EncoderVelocity:5.37, K:20.00, B:1.00
[2026-09-28 04:39:19,273] DEBUG: No valid transitions from state early_stance
[2026-09-28 04:39:19,274] WARNING: Velocity attribute does not use the linearization map. Please calculate the velocity using the position attribute.
[2026-09-28 04:39:19,279] INFO: T:11.796, State:early_stance, Fz:3.17, ThetaRef:15.00, ThetaActual:5.38, EncoderTheta:95.32, EncoderVelocity:-2.66, K:20.00, B:1.00
[2026-09-28 04:39:19,282] DEBUG: No valid transitions from state early_stance
[2026-09-28 04:39:19,282] WARNING: Velocity attribute does not use the linearization map. Please calculate the velocity using the position attribute.
[2026-09-28 04:39:19,287] INFO: T:11.804, State:early_stance, Fz:4.24, ThetaRef:15.00, ThetaActual:5.38, EncoderTheta:95.32, EncoderVelocity:0.00, K:20.00, B:1.00
[2026-09-28 04:39:19,290] DEBUG: No valid transitions from state early_stance
[2026-09-28 04:39:19,290] WARNING: Velocity attribute does not use the linearization map. Please calculate the velocity using the position attribute.
[2026-09-28 04:39:19,296] INFO: T:11.813, State:early_stance, Fz:4.03, ThetaRef:15.00, ThetaActual:5.38, EncoderTheta:95.36, EncoderVelocity:5.24, K:20.00, B:1.00
[2026-09-28 04:39:19,298] DEBUG: No valid transitions from state early_stance
[2026-09-28 04:39:19,298] WARNING: Velocity attribute does not use the linearization map. Please calculate the velocity using the position attribute.
[2026-09-28 04:39:19,304] INFO: T:11.821, State:early_stance, Fz:3.86, ThetaRef:15.00, ThetaActual:5.38, EncoderTheta:95.34, EncoderVelocity:-2.66, K:20.00, B:1.00
[2026-09-28 04:39:19,307] DEBUG: No valid transitions from state early_stance
[2026-09-28 04:39:19,307] WARNING: Velocity attribute does not use the linearization map. Please calculate the velocity using the position attribute.
[2026-09-28 04:39:19,313] INFO: T:11.829, State:early_stance, Fz:4.23, ThetaRef:15.00, ThetaActual:5.38, EncoderTheta:95.34, EncoderVelocity:0.00, K:20.00, B:1.00
[2026-09-28 04:39:19,315] DEBUG: No valid transitions from state early_stance
[2026-09-28 04:39:19,315] WARNING: Velocity attribute does not use the linearization map. Please calculate the velocity using the position attribute.
[2026-09-28 04:39:19,321] INFO: T:11.838, State:early_stance, Fz:3.56, ThetaRef:15.00, ThetaActual:5.38, EncoderTheta:95.32, EncoderVelocity:-2.58, K:20.00, B:1.00
[2026-09-28 04:39:19,323] DEBUG: No valid transitions from state early_stance
[2026-09-28 04:39:19,324] WARNING: Velocity attribute does not use the linearization map. Please calculate the velocity using the position attribute.
[2026-09-28 04:39:19,329] INFO: T:11.846, State:early_stance, Fz:3.06, ThetaRef:15.00, ThetaActual:5.38, EncoderTheta:95.36, EncoderVelocity:5.32, K:20.00, B:1.00
[2026-09-28 04:39:19,332] DEBUG: No valid transitions from state early_stance
[2026-09-28 04:39:19,332] WARNING: Velocity attribute does not use the linearization map. Please calculate the velocity using the position attribute.
[2026-09-28 04:39:19,337] INFO: T:11.854, State:early_stance, Fz:3.16, ThetaRef:15.00, ThetaActual:5.38, EncoderTheta:95.34, EncoderVelocity:-2.64, K:20.00, B:1.00
[2026-09-28 04:39:19,340] DEBUG: No valid transitions from state early_stance
[2026-09-28 04:39:19,340] WARNING: Velocity attribute does not use the linearization map. Please calculate the velocity using the position attribute.
[2026-09-28 04:39:19,346] INFO: T:11.863, State:early_stance, Fz:1.26, ThetaRef:15.00, ThetaActual:5.38, EncoderTheta:95.34, EncoderVelocity:0.00, K:20.00, B:1.00
[2026-09-28 04:39:19,348] DEBUG: No valid transitions from state early_stance
[2026-09-28 04:39:19,348] WARNING: Velocity attribute does not use the linearization map. Please calculate the velocity using the position attribute.
[2026-09-28 04:39:19,354] INFO: T:11.871, State:early_stance, Fz:1.77, ThetaRef:15.00, ThetaActual:5.38, EncoderTheta:95.36, EncoderVelocity:2.69, K:20.00, B:1.00
[2026-09-28 04:39:19,356] DEBUG: No valid transitions from state early_stance
[2026-09-28 04:39:19,357] WARNING: Velocity attribute does not use the linearization map. Please calculate the velocity using the position attribute.
[2026-09-28 04:39:19,362] INFO: T:11.879, State:early_stance, Fz:0.23, ThetaRef:15.00, ThetaActual:5.38, EncoderTheta:95.36, EncoderVelocity:0.00, K:20.00, B:1.00
[2026-09-28 04:39:19,365] DEBUG: No valid transitions from state early_stance
[2026-09-28 04:39:19,365] WARNING: Velocity attribute does not use the linearization map. Please calculate the velocity using the position attribute.
[2026-09-28 04:39:19,371] INFO: T:11.887, State:early_stance, Fz:-0.50, ThetaRef:15.00, ThetaActual:5.38, EncoderTheta:95.38, EncoderVelocity:2.63, K:20.00, B:1.00
[2026-09-28 04:39:19,373] DEBUG: No valid transitions from state early_stance
[2026-09-28 04:39:19,373] WARNING: Velocity attribute does not use the linearization map. Please calculate the velocity using the position attribute.
[2026-09-28 04:39:19,379] INFO: T:11.896, State:early_stance, Fz:0.42, ThetaRef:15.00, ThetaActual:5.38, EncoderTheta:95.41, EncoderVelocity:2.64, K:20.00, B:1.00
[2026-09-28 04:39:19,381] DEBUG: No valid transitions from state early_stance
[2026-09-28 04:39:19,381] WARNING: Velocity attribute does not use the linearization map. Please calculate the velocity using the position attribute.
[2026-09-28 04:39:19,387] INFO: T:11.904, State:early_stance, Fz:-0.34, ThetaRef:15.00, ThetaActual:5.38, EncoderTheta:95.34, EncoderVelocity:-8.08, K:20.00, B:1.00
[2026-09-28 04:39:19,389] DEBUG: No valid transitions from state early_stance
[2026-09-28 04:39:19,390] WARNING: Velocity attribute does not use the linearization map. Please calculate the velocity using the position attribute.
[2026-09-28 04:39:19,395] INFO: T:11.912, State:early_stance, Fz:0.01, ThetaRef:15.00, ThetaActual:5.38, EncoderTheta:95.43, EncoderVelocity:10.73, K:20.00, B:1.00
[2026-09-28 04:39:19,398] DEBUG: No valid transitions from state early_stance
[2026-09-28 04:39:19,398] WARNING: Velocity attribute does not use the linearization map. Please calculate the velocity using the position attribute.
[2026-09-28 04:39:19,404] INFO: T:11.921, State:early_stance, Fz:-2.13, ThetaRef:15.00, ThetaActual:5.38, EncoderTheta:95.36, EncoderVelocity:-7.75, K:20.00, B:1.00
[2026-09-28 04:39:19,406] DEBUG: No valid transitions from state early_stance
[2026-09-28 04:39:19,406] WARNING: Velocity attribute does not use the linearization map. Please calculate the velocity using the position attribute.
[2026-09-28 04:39:19,412] INFO: T:11.929, State:early_stance, Fz:-2.29, ThetaRef:15.00, ThetaActual:5.38, EncoderTheta:95.34, EncoderVelocity:-2.63, K:20.00, B:1.00
[2026-09-28 04:39:19,415] DEBUG: No valid transitions from state early_stance
[2026-09-28 04:39:19,415] WARNING: Velocity attribute does not use the linearization map. Please calculate the velocity using the position attribute.
[2026-09-28 04:39:19,420] INFO: T:11.937, State:early_stance, Fz:-1.44, ThetaRef:15.00, ThetaActual:5.38, EncoderTheta:95.36, EncoderVelocity:2.64, K:20.00, B:1.00
[2026-09-28 04:39:19,423] DEBUG: No valid transitions from state early_stance
[2026-09-28 04:39:19,423] WARNING: Velocity attribute does not use the linearization map. Please calculate the velocity using the position attribute.
[2026-09-28 04:39:19,429] INFO: T:11.946, State:early_stance, Fz:-2.75, ThetaRef:15.00, ThetaActual:5.38, EncoderTheta:95.34, EncoderVelocity:-2.65, K:20.00, B:1.00
[2026-09-28 04:39:19,431] DEBUG: No valid transitions from state early_stance
[2026-09-28 04:39:19,431] WARNING: Velocity attribute does not use the linearization map. Please calculate the velocity using the position attribute.
[2026-09-28 04:39:19,437] INFO: T:11.954, State:early_stance, Fz:-3.29, ThetaRef:15.00, ThetaActual:5.38, EncoderTheta:95.32, EncoderVelocity:-2.62, K:20.00, B:1.00
[2026-09-28 04:39:19,440] DEBUG: No valid transitions from state early_stance
[2026-09-28 04:39:19,440] WARNING: Velocity attribute does not use the linearization map. Please calculate the velocity using the position attribute.
[2026-09-28 04:39:19,445] INFO: T:11.962, State:early_stance, Fz:-1.27, ThetaRef:15.00, ThetaActual:5.38, EncoderTheta:95.34, EncoderVelocity:2.65, K:20.00, B:1.00
[2026-09-28 04:39:19,448] DEBUG: No valid transitions from state early_stance
[2026-09-28 04:39:19,448] WARNING: Velocity attribute does not use the linearization map. Please calculate the velocity using the position attribute.
[2026-09-28 04:39:19,454] INFO: T:11.971, State:early_stance, Fz:-3.60, ThetaRef:15.00, ThetaActual:5.38, EncoderTheta:95.36, EncoderVelocity:2.63, K:20.00, B:1.00
[2026-09-28 04:39:19,456] DEBUG: No valid transitions from state early_stance
[2026-09-28 04:39:19,456] WARNING: Velocity attribute does not use the linearization map. Please calculate the velocity using the position attribute.
[2026-09-28 04:39:19,462] INFO: T:11.979, State:early_stance, Fz:-4.90, ThetaRef:15.00, ThetaActual:5.38, EncoderTheta:95.36, EncoderVelocity:0.00, K:20.00, B:1.00
[2026-09-28 04:39:19,465] DEBUG: No valid transitions from state early_stance
[2026-09-28 04:39:19,465] WARNING: Velocity attribute does not use the linearization map. Please calculate the velocity using the position attribute.
[2026-09-28 04:39:19,470] INFO: T:11.987, State:early_stance, Fz:-4.41, ThetaRef:15.00, ThetaActual:5.38, EncoderTheta:95.38, EncoderVelocity:2.66, K:20.00, B:1.00
[2026-09-28 04:39:19,473] DEBUG: No valid transitions from state early_stance
[2026-09-28 04:39:19,473] WARNING: Velocity attribute does not use the linearization map. Please calculate the velocity using the position attribute.
[2026-09-28 04:39:19,479] INFO: T:11.995, State:early_stance, Fz:-5.04, ThetaRef:15.00, ThetaActual:5.38, EncoderTheta:95.41, EncoderVelocity:2.64, K:20.00, B:1.00
[2026-09-28 04:39:19,481] DEBUG: No valid transitions from state early_stance
[2026-09-28 04:39:19,481] WARNING: Velocity attribute does not use the linearization map. Please calculate the velocity using the position attribute.
[2026-09-28 04:39:19,487] INFO: T:12.004, State:early_stance, Fz:-5.53, ThetaRef:15.00, ThetaActual:5.38, EncoderTheta:95.43, EncoderVelocity:2.65, K:20.00, B:1.00
[2026-09-28 04:39:19,489] DEBUG: No valid transitions from state early_stance
[2026-09-28 04:39:19,490] WARNING: Velocity attribute does not use the linearization map. Please calculate the velocity using the position attribute.
[2026-09-28 04:39:19,495] INFO: T:12.012, State:early_stance, Fz:-6.84, ThetaRef:15.00, ThetaActual:5.38, EncoderTheta:95.32, EncoderVelocity:-13.22, K:20.00, B:1.00
[2026-09-28 04:39:19,498] DEBUG: No valid transitions from state early_stance
[2026-09-28 04:39:19,498] WARNING: Velocity attribute does not use the linearization map. Please calculate the velocity using the position attribute.
[2026-09-28 04:39:19,503] INFO: T:12.020, State:early_stance, Fz:-5.90, ThetaRef:15.00, ThetaActual:5.38, EncoderTheta:95.41, EncoderVelocity:10.61, K:20.00, B:1.00
[2026-09-28 04:39:19,506] DEBUG: No valid transitions from state early_stance
[2026-09-28 04:39:19,506] WARNING: Velocity attribute does not use the linearization map. Please calculate the velocity using the position attribute.
[2026-09-28 04:39:19,512] INFO: T:12.029, State:early_stance, Fz:-6.16, ThetaRef:15.00, ThetaActual:5.38, EncoderTheta:95.41, EncoderVelocity:0.00, K:20.00, B:1.00
[2026-09-28 04:39:19,514] DEBUG: No valid transitions from state early_stance
[2026-09-28 04:39:19,514] WARNING: Velocity attribute does not use the linearization map. Please calculate the velocity using the position attribute.
[2026-09-28 04:39:19,520] INFO: T:12.037, State:early_stance, Fz:-6.33, ThetaRef:15.00, ThetaActual:5.38, EncoderTheta:95.34, EncoderVelocity:-8.03, K:20.00, B:1.00
[2026-09-28 04:39:19,523] DEBUG: No valid transitions from state early_stance
[2026-09-28 04:39:19,523] WARNING: Velocity attribute does not use the linearization map. Please calculate the velocity using the position attribute.
[2026-09-28 04:39:19,528] INFO: T:12.045, State:early_stance, Fz:-4.97, ThetaRef:15.00, ThetaActual:5.38, EncoderTheta:95.32, EncoderVelocity:-2.62, K:20.00, B:1.00
[2026-09-28 04:39:19,531] DEBUG: No valid transitions from state early_stance
[2026-09-28 04:39:19,531] WARNING: Velocity attribute does not use the linearization map. Please calculate the velocity using the position attribute.
[2026-09-28 04:39:19,537] INFO: T:12.054, State:early_stance, Fz:-3.97, ThetaRef:15.00, ThetaActual:5.38, EncoderTheta:95.41, EncoderVelocity:10.56, K:20.00, B:1.00
[2026-09-28 04:39:19,539] DEBUG: No valid transitions from state early_stance
[2026-09-28 04:39:19,539] WARNING: Velocity attribute does not use the linearization map. Please calculate the velocity using the position attribute.
[2026-09-28 04:39:19,545] INFO: T:12.062, State:early_stance, Fz:-3.67, ThetaRef:15.00, ThetaActual:5.38, EncoderTheta:95.34, EncoderVelocity:-7.91, K:20.00, B:1.00
[2026-09-28 04:39:19,548] DEBUG: No valid transitions from state early_stance
[2026-09-28 04:39:19,548] WARNING: Velocity attribute does not use the linearization map. Please calculate the velocity using the position attribute.
[2026-09-28 04:39:19,553] INFO: T:12.070, State:early_stance, Fz:-2.92, ThetaRef:15.00, ThetaActual:5.38, EncoderTheta:95.36, EncoderVelocity:2.61, K:20.00, B:1.00
[2026-09-28 04:39:19,556] DEBUG: No valid transitions from state early_stance
[2026-09-28 04:39:19,556] WARNING: Velocity attribute does not use the linearization map. Please calculate the velocity using the position attribute.
[2026-09-28 04:39:19,562] INFO: T:12.079, State:early_stance, Fz:-1.42, ThetaRef:15.00, ThetaActual:5.38, EncoderTheta:95.38, EncoderVelocity:2.65, K:20.00, B:1.00
[2026-09-28 04:39:19,565] DEBUG: No valid transitions from state early_stance
[2026-09-28 04:39:19,565] WARNING: Velocity attribute does not use the linearization map. Please calculate the velocity using the position attribute.
[2026-09-28 04:39:19,570] INFO: T:12.087, State:early_stance, Fz:-1.76, ThetaRef:15.00, ThetaActual:5.38, EncoderTheta:95.34, EncoderVelocity:-5.12, K:20.00, B:1.00
[2026-09-28 04:39:19,573] DEBUG: No valid transitions from state early_stance
[2026-09-28 04:39:19,573] WARNING: Velocity attribute does not use the linearization map. Please calculate the velocity using the position attribute.
[2026-09-28 04:39:19,579] INFO: T:12.096, State:early_stance, Fz:-1.02, ThetaRef:15.00, ThetaActual:5.38, EncoderTheta:95.41, EncoderVelocity:7.88, K:20.00, B:1.00
[2026-09-28 04:39:19,581] DEBUG: No valid transitions from state early_stance
[2026-09-28 04:39:19,581] WARNING: Velocity attribute does not use the linearization map. Please calculate the velocity using the position attribute.
[2026-09-28 04:39:19,587] INFO: T:12.104, State:early_stance, Fz:1.05, ThetaRef:15.00, ThetaActual:5.38, EncoderTheta:95.34, EncoderVelocity:-8.00, K:20.00, B:1.00
[2026-09-28 04:39:19,590] DEBUG: No valid transitions from state early_stance
[2026-09-28 04:39:19,590] WARNING: Velocity attribute does not use the linearization map. Please calculate the velocity using the position attribute.
[2026-09-28 04:39:19,595] INFO: T:12.112, State:early_stance, Fz:1.18, ThetaRef:15.00, ThetaActual:5.38, EncoderTheta:95.41, EncoderVelocity:8.01, K:20.00, B:1.00
[2026-09-28 04:39:19,598] DEBUG: No valid transitions from state early_stance
[2026-09-28 04:39:19,598] WARNING: Velocity attribute does not use the linearization map. Please calculate the velocity using the position attribute.
[2026-09-28 04:39:19,603] INFO: T:12.120, State:early_stance, Fz:0.77, ThetaRef:15.00, ThetaActual:5.38, EncoderTheta:95.36, EncoderVelocity:-5.34, K:20.00, B:1.00
[2026-09-28 04:39:19,606] DEBUG: No valid transitions from state early_stance
[2026-09-28 04:39:19,606] WARNING: Velocity attribute does not use the linearization map. Please calculate the velocity using the position attribute.
[2026-09-28 04:39:19,612] INFO: T:12.129, State:early_stance, Fz:0.39, ThetaRef:15.00, ThetaActual:5.38, EncoderTheta:95.34, EncoderVelocity:-2.66, K:20.00, B:1.00
[2026-09-28 04:39:19,614] DEBUG: No valid transitions from state early_stance
[2026-09-28 04:39:19,614] WARNING: Velocity attribute does not use the linearization map. Please calculate the velocity using the position attribute.
[2026-09-28 04:39:19,620] INFO: T:12.137, State:early_stance, Fz:1.60, ThetaRef:15.00, ThetaActual:5.38, EncoderTheta:95.34, EncoderVelocity:0.00, K:20.00, B:1.00
[2026-09-28 04:39:19,622] DEBUG: No valid transitions from state early_stance
[2026-09-28 04:39:19,622] WARNING: Velocity attribute does not use the linearization map. Please calculate the velocity using the position attribute.
[2026-09-28 04:39:19,628] INFO: T:12.145, State:early_stance, Fz:2.55, ThetaRef:15.00, ThetaActual:5.38, EncoderTheta:95.38, EncoderVelocity:5.37, K:20.00, B:1.00
[2026-09-28 04:39:19,631] DEBUG: No valid transitions from state early_stance
[2026-09-28 04:39:19,631] WARNING: Velocity attribute does not use the linearization map. Please calculate the velocity using the position attribute.
[2026-09-28 04:39:19,636] INFO: T:12.153, State:early_stance, Fz:3.26, ThetaRef:15.00, ThetaActual:5.38, EncoderTheta:95.36, EncoderVelocity:-2.64, K:20.00, B:1.00
[2026-09-28 04:39:19,639] DEBUG: No valid transitions from state early_stance
[2026-09-28 04:39:19,639] WARNING: Velocity attribute does not use the linearization map. Please calculate the velocity using the position attribute.
[2026-09-28 04:39:19,645] INFO: T:12.162, State:early_stance, Fz:2.82, ThetaRef:15.00, ThetaActual:5.38, EncoderTheta:95.36, EncoderVelocity:0.00, K:20.00, B:1.00
[2026-09-28 04:39:19,647] DEBUG: No valid transitions from state early_stance
[2026-09-28 04:39:19,647] WARNING: Velocity attribute does not use the linearization map. Please calculate the velocity using the position attribute.
[2026-09-28 04:39:19,653] INFO: T:12.170, State:early_stance, Fz:1.46, ThetaRef:15.00, ThetaActual:5.38, EncoderTheta:95.34, EncoderVelocity:-2.65, K:20.00, B:1.00
[2026-09-28 04:39:19,656] DEBUG: No valid transitions from state early_stance
[2026-09-28 04:39:19,656] WARNING: Velocity attribute does not use the linearization map. Please calculate the velocity using the position attribute.
[2026-09-28 04:39:19,661] INFO: T:12.178, State:early_stance, Fz:0.37, ThetaRef:15.00, ThetaActual:5.38, EncoderTheta:95.38, EncoderVelocity:5.33, K:20.00, B:1.00
[2026-09-28 04:39:19,664] DEBUG: No valid transitions from state early_stance
[2026-09-28 04:39:19,664] WARNING: Velocity attribute does not use the linearization map. Please calculate the velocity using the position attribute.
[2026-09-28 04:39:19,670] INFO: T:12.186, State:early_stance, Fz:-2.92, ThetaRef:15.00, ThetaActual:5.38, EncoderTheta:95.47, EncoderVelocity:10.57, K:20.00, B:1.00
[2026-09-28 04:39:19,672] DEBUG: No valid transitions from state early_stance
[2026-09-28 04:39:19,672] WARNING: Velocity attribute does not use the linearization map. Please calculate the velocity using the position attribute.
[2026-09-28 04:39:19,678] INFO: T:12.195, State:early_stance, Fz:-3.04, ThetaRef:15.00, ThetaActual:5.38, EncoderTheta:95.60, EncoderVelocity:15.81, K:20.00, B:1.00
[2026-09-28 04:39:19,681] DEBUG: No valid transitions from state early_stance
[2026-09-28 04:39:19,681] WARNING: Velocity attribute does not use the linearization map. Please calculate the velocity using the position attribute.
[2026-09-28 04:39:19,686] INFO: T:12.203, State:early_stance, Fz:0.81, ThetaRef:15.00, ThetaActual:5.37, EncoderTheta:95.62, EncoderVelocity:2.59, K:20.00, B:1.00
[2026-09-28 04:39:19,689] DEBUG: No valid transitions from state early_stance
[2026-09-28 04:39:19,689] WARNING: Velocity attribute does not use the linearization map. Please calculate the velocity using the position attribute.
[2026-09-28 04:39:19,695] INFO: T:12.212, State:early_stance, Fz:4.30, ThetaRef:15.00, ThetaActual:5.37, EncoderTheta:95.62, EncoderVelocity:0.00, K:20.00, B:1.00
[2026-09-28 04:39:19,697] DEBUG: No valid transitions from state early_stance
[2026-09-28 04:39:19,697] WARNING: Velocity attribute does not use the linearization map. Please calculate the velocity using the position attribute.
[2026-09-28 04:39:19,703] INFO: T:12.220, State:early_stance, Fz:7.04, ThetaRef:15.00, ThetaActual:5.35, EncoderTheta:95.58, EncoderVelocity:-5.34, K:20.00, B:1.00
[2026-09-28 04:39:19,706] DEBUG: No valid transitions from state early_stance
[2026-09-28 04:39:19,706] WARNING: Velocity attribute does not use the linearization map. Please calculate the velocity using the position attribute.
[2026-09-28 04:39:19,711] INFO: T:12.228, State:early_stance, Fz:12.56, ThetaRef:15.00, ThetaActual:5.34, EncoderTheta:95.54, EncoderVelocity:-5.33, K:20.00, B:1.00
[2026-09-28 04:39:19,714] DEBUG: No valid transitions from state early_stance
[2026-09-28 04:39:19,714] WARNING: Velocity attribute does not use the linearization map. Please calculate the velocity using the position attribute.
[2026-09-28 04:39:19,720] INFO: T:12.236, State:early_stance, Fz:16.83, ThetaRef:15.00, ThetaActual:5.33, EncoderTheta:95.54, EncoderVelocity:0.00, K:20.00, B:1.00
[2026-09-28 04:39:19,722] DEBUG: No valid transitions from state early_stance
[2026-09-28 04:39:19,722] WARNING: Velocity attribute does not use the linearization map. Please calculate the velocity using the position attribute.
[2026-09-28 04:39:19,728] INFO: T:12.245, State:early_stance, Fz:21.98, ThetaRef:15.00, ThetaActual:5.34, EncoderTheta:95.49, EncoderVelocity:-5.30, K:20.00, B:1.00
[2026-09-28 04:39:19,730] DEBUG: No valid transitions from state early_stance
[2026-09-28 04:39:19,730] WARNING: Velocity attribute does not use the linearization map. Please calculate the velocity using the position attribute.
[2026-09-28 04:39:19,736] INFO: T:12.253, State:early_stance, Fz:27.36, ThetaRef:15.00, ThetaActual:5.34, EncoderTheta:95.49, EncoderVelocity:0.00, K:20.00, B:1.00
[2026-09-28 04:39:19,739] DEBUG: No valid transitions from state early_stance
[2026-09-28 04:39:19,739] WARNING: Velocity attribute does not use the linearization map. Please calculate the velocity using the position attribute.
[2026-09-28 04:39:19,744] INFO: T:12.261, State:early_stance, Fz:30.47, ThetaRef:15.00, ThetaActual:5.34, EncoderTheta:95.49, EncoderVelocity:0.00, K:20.00, B:1.00
[2026-09-28 04:39:19,747] DEBUG: No valid transitions from state early_stance
[2026-09-28 04:39:19,747] WARNING: Velocity attribute does not use the linearization map. Please calculate the velocity using the position attribute.
[2026-09-28 04:39:19,753] INFO: T:12.270, State:early_stance, Fz:33.81, ThetaRef:15.00, ThetaActual:5.34, EncoderTheta:95.52, EncoderVelocity:2.65, K:20.00, B:1.00
[2026-09-28 04:39:19,755] DEBUG: No valid transitions from state early_stance
[2026-09-28 04:39:19,755] WARNING: Velocity attribute does not use the linearization map. Please calculate the velocity using the position attribute.
[2026-09-28 04:39:19,761] INFO: T:12.278, State:early_stance, Fz:37.40, ThetaRef:15.00, ThetaActual:5.34, EncoderTheta:95.54, EncoderVelocity:2.66, K:20.00, B:1.00
[2026-09-28 04:39:19,764] DEBUG: No valid transitions from state early_stance
[2026-09-28 04:39:19,764] WARNING: Velocity attribute does not use the linearization map. Please calculate the velocity using the position attribute.
[2026-09-28 04:39:19,769] INFO: T:12.286, State:early_stance, Fz:41.62, ThetaRef:15.00, ThetaActual:5.34, EncoderTheta:95.54, EncoderVelocity:0.00, K:20.00, B:1.00
[2026-09-28 04:39:19,772] DEBUG: No valid transitions from state early_stance
[2026-09-28 04:39:19,772] WARNING: Velocity attribute does not use the linearization map. Please calculate the velocity using the position attribute.
[2026-09-28 04:39:19,778] INFO: T:12.294, State:early_stance, Fz:47.30, ThetaRef:15.00, ThetaActual:5.34, EncoderTheta:95.52, EncoderVelocity:-2.64, K:20.00, B:1.00
[2026-09-28 04:39:19,780] DEBUG: No valid transitions from state early_stance
[2026-09-28 04:39:19,780] WARNING: Velocity attribute does not use the linearization map. Please calculate the velocity using the position attribute.
[2026-09-28 04:39:19,786] INFO: T:12.303, State:early_stance, Fz:52.15, ThetaRef:15.00, ThetaActual:5.34, EncoderTheta:95.52, EncoderVelocity:0.00, K:20.00, B:1.00
[2026-09-28 04:39:19,788] DEBUG: No valid transitions from state early_stance
[2026-09-28 04:39:19,789] WARNING: Velocity attribute does not use the linearization map. Please calculate the velocity using the position attribute.
[2026-09-28 04:39:19,794] INFO: T:12.311, State:early_stance, Fz:58.28, ThetaRef:15.00, ThetaActual:5.34, EncoderTheta:95.54, EncoderVelocity:2.67, K:20.00, B:1.00
[2026-09-28 04:39:19,797] DEBUG: No valid transitions from state early_stance
[2026-09-28 04:39:19,797] WARNING: Velocity attribute does not use the linearization map. Please calculate the velocity using the position attribute.
[2026-09-28 04:39:19,803] INFO: T:12.319, State:early_stance, Fz:65.93, ThetaRef:15.00, ThetaActual:5.34, EncoderTheta:95.45, EncoderVelocity:-10.53, K:20.00, B:1.00
[2026-09-28 04:39:19,805] DEBUG: No valid transitions from state early_stance
[2026-09-28 04:39:19,805] WARNING: Velocity attribute does not use the linearization map. Please calculate the velocity using the position attribute.
[2026-09-28 04:39:19,811] INFO: T:12.328, State:early_stance, Fz:73.79, ThetaRef:15.00, ThetaActual:5.34, EncoderTheta:95.43, EncoderVelocity:-2.60, K:20.00, B:1.00
[2026-09-28 04:39:19,814] DEBUG: No valid transitions from state early_stance
[2026-09-28 04:39:19,814] WARNING: Velocity attribute does not use the linearization map. Please calculate the velocity using the position attribute.
[2026-09-28 04:39:19,819] INFO: T:12.336, State:early_stance, Fz:80.29, ThetaRef:15.00, ThetaActual:5.34, EncoderTheta:95.41, EncoderVelocity:-2.65, K:20.00, B:1.00
[2026-09-28 04:39:19,822] DEBUG: No valid transitions from state early_stance
[2026-09-28 04:39:19,822] WARNING: Velocity attribute does not use the linearization map. Please calculate the velocity using the position attribute.
[2026-09-28 04:39:19,828] INFO: T:12.344, State:early_stance, Fz:87.72, ThetaRef:15.00, ThetaActual:5.34, EncoderTheta:95.43, EncoderVelocity:2.62, K:20.00, B:1.00
[2026-09-28 04:39:19,830] DEBUG: No valid transitions from state early_stance
[2026-09-28 04:39:19,830] WARNING: Velocity attribute does not use the linearization map. Please calculate the velocity using the position attribute.
[2026-09-28 04:39:19,836] INFO: T:12.353, State:early_stance, Fz:95.37, ThetaRef:15.00, ThetaActual:5.34, EncoderTheta:95.41, EncoderVelocity:-2.65, K:20.00, B:1.00
[2026-09-28 04:39:19,838] DEBUG: No valid transitions from state early_stance
[2026-09-28 04:39:19,839] WARNING: Velocity attribute does not use the linearization map. Please calculate the velocity using the position attribute.
[2026-09-28 04:39:19,844] INFO: T:12.361, State:early_stance, Fz:103.19, ThetaRef:15.00, ThetaActual:5.34, EncoderTheta:95.45, EncoderVelocity:5.34, K:20.00, B:1.00
[2026-09-28 04:39:19,847] DEBUG: No valid transitions from state early_stance
[2026-09-28 04:39:19,847] WARNING: Velocity attribute does not use the linearization map. Please calculate the velocity using the position attribute.
[2026-09-28 04:39:19,852] INFO: T:12.369, State:early_stance, Fz:109.21, ThetaRef:15.00, ThetaActual:5.35, EncoderTheta:95.38, EncoderVelocity:-7.97, K:20.00, B:1.00
[2026-09-28 04:39:19,855] DEBUG: No valid transitions from state early_stance
[2026-09-28 04:39:19,855] WARNING: Velocity attribute does not use the linearization map. Please calculate the velocity using the position attribute.
[2026-09-28 04:39:19,861] INFO: T:12.378, State:early_stance, Fz:115.77, ThetaRef:15.00, ThetaActual:5.34, EncoderTheta:95.41, EncoderVelocity:2.65, K:20.00, B:1.00
[2026-09-28 04:39:19,863] DEBUG: No valid transitions from state early_stance
[2026-09-28 04:39:19,863] WARNING: Velocity attribute does not use the linearization map. Please calculate the velocity using the position attribute.
[2026-09-28 04:39:19,869] INFO: T:12.386, State:early_stance, Fz:121.21, ThetaRef:15.00, ThetaActual:5.34, EncoderTheta:95.38, EncoderVelocity:-2.67, K:20.00, B:1.00
[2026-09-28 04:39:19,872] DEBUG: No valid transitions from state early_stance
[2026-09-28 04:39:19,872] WARNING: Velocity attribute does not use the linearization map. Please calculate the velocity using the position attribute.
[2026-09-28 04:39:19,877] INFO: T:12.394, State:early_stance, Fz:124.91, ThetaRef:15.00, ThetaActual:5.35, EncoderTheta:95.43, EncoderVelocity:5.32, K:20.00, B:1.00
[2026-09-28 04:39:19,880] DEBUG: No valid transitions from state early_stance
[2026-09-28 04:39:19,880] WARNING: Velocity attribute does not use the linearization map. Please calculate the velocity using the position attribute.
[2026-09-28 04:39:19,886] INFO: T:12.402, State:early_stance, Fz:131.19, ThetaRef:15.00, ThetaActual:5.35, EncoderTheta:95.41, EncoderVelocity:-2.64, K:20.00, B:1.00
[2026-09-28 04:39:19,888] DEBUG: No valid transitions from state early_stance
[2026-09-28 04:39:19,888] WARNING: Velocity attribute does not use the linearization map. Please calculate the velocity using the position attribute.
[2026-09-28 04:39:19,894] INFO: T:12.411, State:early_stance, Fz:136.00, ThetaRef:15.00, ThetaActual:5.35, EncoderTheta:95.36, EncoderVelocity:-5.28, K:20.00, B:1.00
[2026-09-28 04:39:19,896] DEBUG: No valid transitions from state early_stance
[2026-09-28 04:39:19,896] WARNING: Velocity attribute does not use the linearization map. Please calculate the velocity using the position attribute.
[2026-09-28 04:39:19,902] INFO: T:12.419, State:early_stance, Fz:142.16, ThetaRef:15.00, ThetaActual:5.35, EncoderTheta:95.36, EncoderVelocity:0.00, K:20.00, B:1.00
[2026-09-28 04:39:19,905] DEBUG: No valid transitions from state early_stance
[2026-09-28 04:39:19,905] WARNING: Velocity attribute does not use the linearization map. Please calculate the velocity using the position attribute.
[2026-09-28 04:39:19,910] INFO: T:12.427, State:early_stance, Fz:149.32, ThetaRef:15.00, ThetaActual:5.35, EncoderTheta:95.41, EncoderVelocity:5.31, K:20.00, B:1.00
[2026-09-28 04:39:19,913] DEBUG: No valid transitions from state early_stance
[2026-09-28 04:39:19,913] WARNING: Velocity attribute does not use the linearization map. Please calculate the velocity using the position attribute.
[2026-09-28 04:39:19,919] INFO: T:12.436, State:early_stance, Fz:156.75, ThetaRef:15.00, ThetaActual:5.35, EncoderTheta:95.41, EncoderVelocity:0.00, K:20.00, B:1.00
[2026-09-28 04:39:19,921] DEBUG: No valid transitions from state early_stance
[2026-09-28 04:39:19,922] WARNING: Velocity attribute does not use the linearization map. Please calculate the velocity using the position attribute.
[2026-09-28 04:39:19,927] INFO: T:12.444, State:early_stance, Fz:163.39, ThetaRef:15.00, ThetaActual:5.35, EncoderTheta:95.36, EncoderVelocity:-5.24, K:20.00, B:1.00
[2026-09-28 04:39:19,930] DEBUG: No valid transitions from state early_stance
[2026-09-28 04:39:19,930] WARNING: Velocity attribute does not use the linearization map. Please calculate the velocity using the position attribute.
[2026-09-28 04:39:19,936] INFO: T:12.452, State:early_stance, Fz:171.85, ThetaRef:15.00, ThetaActual:5.35, EncoderTheta:95.36, EncoderVelocity:0.00, K:20.00, B:1.00
[2026-09-28 04:39:19,938] DEBUG: No valid transitions from state early_stance
[2026-09-28 04:39:19,938] WARNING: Velocity attribute does not use the linearization map. Please calculate the velocity using the position attribute.
[2026-09-28 04:39:19,944] INFO: T:12.461, State:early_stance, Fz:177.88, ThetaRef:15.00, ThetaActual:5.35, EncoderTheta:95.32, EncoderVelocity:-5.29, K:20.00, B:1.00
[2026-09-28 04:39:19,946] DEBUG: No valid transitions from state early_stance
[2026-09-28 04:39:19,947] WARNING: Velocity attribute does not use the linearization map. Please calculate the velocity using the position attribute.
[2026-09-28 04:39:19,952] INFO: T:12.469, State:early_stance, Fz:184.91, ThetaRef:15.00, ThetaActual:5.35, EncoderTheta:95.38, EncoderVelocity:8.00, K:20.00, B:1.00
[2026-09-28 04:39:19,955] DEBUG: No valid transitions from state early_stance
[2026-09-28 04:39:19,955] WARNING: Velocity attribute does not use the linearization map. Please calculate the velocity using the position attribute.
[2026-09-28 04:39:19,960] INFO: T:12.477, State:early_stance, Fz:193.68, ThetaRef:15.00, ThetaActual:5.35, EncoderTheta:95.38, EncoderVelocity:0.00, K:20.00, B:1.00
[2026-09-28 04:39:19,963] DEBUG: No valid transitions from state early_stance
[2026-09-28 04:39:19,963] WARNING: Velocity attribute does not use the linearization map. Please calculate the velocity using the position attribute.
[2026-09-28 04:39:19,969] INFO: T:12.486, State:early_stance, Fz:202.85, ThetaRef:15.00, ThetaActual:5.35, EncoderTheta:95.43, EncoderVelocity:5.30, K:20.00, B:1.00
[2026-09-28 04:39:19,971] DEBUG: No valid transitions from state early_stance
[2026-09-28 04:39:19,971] WARNING: Velocity attribute does not use the linearization map. Please calculate the velocity using the position attribute.
[2026-09-28 04:39:19,977] INFO: T:12.494, State:early_stance, Fz:211.74, ThetaRef:15.00, ThetaActual:5.35, EncoderTheta:95.54, EncoderVelocity:13.34, K:20.00, B:1.00
[2026-09-28 04:39:19,979] DEBUG: No valid transitions from state early_stance
[2026-09-28 04:39:19,980] WARNING: Velocity attribute does not use the linearization map. Please calculate the velocity using the position attribute.
[2026-09-28 04:39:19,985] INFO: T:12.502, State:early_stance, Fz:220.42, ThetaRef:15.00, ThetaActual:5.34, EncoderTheta:95.71, EncoderVelocity:21.20, K:20.00, B:1.00
[2026-09-28 04:39:19,988] DEBUG: No valid transitions from state early_stance
[2026-09-28 04:39:19,988] WARNING: Velocity attribute does not use the linearization map. Please calculate the velocity using the position attribute.
[2026-09-28 04:39:19,994] INFO: T:12.510, State:early_stance, Fz:233.85, ThetaRef:15.00, ThetaActual:5.33, EncoderTheta:95.78, EncoderVelocity:7.92, K:20.00, B:1.00
[2026-09-28 04:39:19,996] DEBUG: No valid transitions from state early_stance
[2026-09-28 04:39:19,996] WARNING: Velocity attribute does not use the linearization map. Please calculate the velocity using the position attribute.
[2026-09-28 04:39:20,002] INFO: T:12.519, State:early_stance, Fz:250.03, ThetaRef:15.00, ThetaActual:5.33, EncoderTheta:95.87, EncoderVelocity:10.49, K:20.00, B:1.00
[2026-09-28 04:39:20,005] DEBUG: No valid transitions from state early_stance
[2026-09-28 04:39:20,005] WARNING: Velocity attribute does not use the linearization map. Please calculate the velocity using the position attribute.
[2026-09-28 04:39:20,010] INFO: T:12.527, State:early_stance, Fz:263.83, ThetaRef:15.00, ThetaActual:5.31, EncoderTheta:95.93, EncoderVelocity:7.89, K:20.00, B:1.00
[2026-09-28 04:39:20,013] DEBUG: No valid transitions from state early_stance
[2026-09-28 04:39:20,013] WARNING: Velocity attribute does not use the linearization map. Please calculate the velocity using the position attribute.
[2026-09-28 04:39:20,019] INFO: T:12.536, State:early_stance, Fz:277.29, ThetaRef:15.00, ThetaActual:5.26, EncoderTheta:96.02, EncoderVelocity:10.41, K:20.00, B:1.00
[2026-09-28 04:39:20,021] DEBUG: No valid transitions from state early_stance
[2026-09-28 04:39:20,022] WARNING: Velocity attribute does not use the linearization map. Please calculate the velocity using the position attribute.
[2026-09-28 04:39:20,027] INFO: T:12.544, State:early_stance, Fz:291.47, ThetaRef:15.00, ThetaActual:5.23, EncoderTheta:96.04, EncoderVelocity:2.60, K:20.00, B:1.00
[2026-09-28 04:39:20,030] DEBUG: No valid transitions from state early_stance
[2026-09-28 04:39:20,030] WARNING: Velocity attribute does not use the linearization map. Please calculate the velocity using the position attribute.
[2026-09-28 04:39:20,036] INFO: T:12.552, State:early_stance, Fz:303.25, ThetaRef:15.00, ThetaActual:5.14, EncoderTheta:96.11, EncoderVelocity:7.80, K:20.00, B:1.00
[2026-09-28 04:39:20,038] DEBUG: No valid transitions from state early_stance
[2026-09-28 04:39:20,038] WARNING: Velocity attribute does not use the linearization map. Please calculate the velocity using the position attribute.
[2026-09-28 04:39:20,044] INFO: T:12.561, State:early_stance, Fz:314.73, ThetaRef:15.00, ThetaActual:5.04, EncoderTheta:96.22, EncoderVelocity:13.06, K:20.00, B:1.00
[2026-09-28 04:39:20,047] DEBUG: No valid transitions from state early_stance
[2026-09-28 04:39:20,047] WARNING: Velocity attribute does not use the linearization map. Please calculate the velocity using the position attribute.
[2026-09-28 04:39:20,052] INFO: T:12.569, State:early_stance, Fz:326.88, ThetaRef:15.00, ThetaActual:4.99, EncoderTheta:96.28, EncoderVelocity:7.95, K:20.00, B:1.00
[2026-09-28 04:39:20,055] DEBUG: No valid transitions from state early_stance
[2026-09-28 04:39:20,055] WARNING: Velocity attribute does not use the linearization map. Please calculate the velocity using the position attribute.
[2026-09-28 04:39:20,061] INFO: T:12.577, State:early_stance, Fz:340.04, ThetaRef:15.00, ThetaActual:4.88, EncoderTheta:96.28, EncoderVelocity:0.00, K:20.00, B:1.00
[2026-09-28 04:39:20,063] DEBUG: No valid transitions from state early_stance
[2026-09-28 04:39:20,063] WARNING: Velocity attribute does not use the linearization map. Please calculate the velocity using the position attribute.
[2026-09-28 04:39:20,069] INFO: T:12.586, State:early_stance, Fz:352.08, ThetaRef:15.00, ThetaActual:4.77, EncoderTheta:96.42, EncoderVelocity:15.89, K:20.00, B:1.00
[2026-09-28 04:39:20,071] DEBUG: No valid transitions from state early_stance
[2026-09-28 04:39:20,072] WARNING: Velocity attribute does not use the linearization map. Please calculate the velocity using the position attribute.
[2026-09-28 04:39:20,077] INFO: T:12.594, State:early_stance, Fz:364.70, ThetaRef:15.00, ThetaActual:4.72, EncoderTheta:96.55, EncoderVelocity:15.96, K:20.00, B:1.00
[2026-09-28 04:39:20,080] DEBUG: No valid transitions from state early_stance
[2026-09-28 04:39:20,080] WARNING: Velocity attribute does not use the linearization map. Please calculate the velocity using the position attribute.
[2026-09-28 04:39:20,085] INFO: T:12.602, State:early_stance, Fz:376.32, ThetaRef:15.00, ThetaActual:4.61, EncoderTheta:96.70, EncoderVelocity:18.49, K:20.00, B:1.00
[2026-09-28 04:39:20,088] DEBUG: No valid transitions from state early_stance
[2026-09-28 04:39:20,088] WARNING: Velocity attribute does not use the linearization map. Please calculate the velocity using the position attribute.
[2026-09-28 04:39:20,094] INFO: T:12.611, State:early_stance, Fz:387.60, ThetaRef:15.00, ThetaActual:4.50, EncoderTheta:96.88, EncoderVelocity:21.30, K:20.00, B:1.00
[2026-09-28 04:39:20,096] DEBUG: No valid transitions from state early_stance
[2026-09-28 04:39:20,096] WARNING: Velocity attribute does not use the linearization map. Please calculate the velocity using the position attribute.
[2026-09-28 04:39:20,102] INFO: T:12.619, State:early_stance, Fz:396.56, ThetaRef:15.00, ThetaActual:4.44, EncoderTheta:97.10, EncoderVelocity:26.74, K:20.00, B:1.00
[2026-09-28 04:39:20,104] DEBUG: No valid transitions from state early_stance
[2026-09-28 04:39:20,104] WARNING: Velocity attribute does not use the linearization map. Please calculate the velocity using the position attribute.
[2026-09-28 04:39:20,110] INFO: T:12.627, State:early_stance, Fz:395.40, ThetaRef:15.00, ThetaActual:4.31, EncoderTheta:97.38, EncoderVelocity:34.91, K:20.00, B:1.00
[2026-09-28 04:39:20,113] DEBUG: No valid transitions from state early_stance
[2026-09-28 04:39:20,113] WARNING: Velocity attribute does not use the linearization map. Please calculate the velocity using the position attribute.
[2026-09-28 04:39:20,119] INFO: T:12.636, State:early_stance, Fz:380.50, ThetaRef:15.00, ThetaActual:4.13, EncoderTheta:97.73, EncoderVelocity:40.60, K:20.00, B:1.00
[2026-09-28 04:39:20,121] DEBUG: No valid transitions from state early_stance
[2026-09-28 04:39:20,122] WARNING: Velocity attribute does not use the linearization map. Please calculate the velocity using the position attribute.
[2026-09-28 04:39:20,127] INFO: T:12.644, State:early_stance, Fz:362.07, ThetaRef:15.00, ThetaActual:4.00, EncoderTheta:98.09, EncoderVelocity:41.71, K:20.00, B:1.00
[2026-09-28 04:39:20,130] DEBUG: No valid transitions from state early_stance
[2026-09-28 04:39:20,130] WARNING: Velocity attribute does not use the linearization map. Please calculate the velocity using the position attribute.
[2026-09-28 04:39:20,136] INFO: T:12.652, State:early_stance, Fz:344.14, ThetaRef:15.00, ThetaActual:3.65, EncoderTheta:98.46, EncoderVelocity:44.73, K:20.00, B:1.00
[2026-09-28 04:39:20,138] DEBUG: No valid transitions from state early_stance
[2026-09-28 04:39:20,138] WARNING: Velocity attribute does not use the linearization map. Please calculate the velocity using the position attribute.
[2026-09-28 04:39:20,144] INFO: T:12.661, State:early_stance, Fz:333.45, ThetaRef:15.00, ThetaActual:3.14, EncoderTheta:98.94, EncoderVelocity:58.24, K:20.00, B:1.00
[2026-09-28 04:39:20,146] DEBUG: No valid transitions from state early_stance
[2026-09-28 04:39:20,146] WARNING: Velocity attribute does not use the linearization map. Please calculate the velocity using the position attribute.
[2026-09-28 04:39:20,152] INFO: T:12.669, State:early_stance, Fz:328.28, ThetaRef:15.00, ThetaActual:2.84, EncoderTheta:99.47, EncoderVelocity:63.71, K:20.00, B:1.00
[2026-09-28 04:39:20,155] DEBUG: No valid transitions from state early_stance
[2026-09-28 04:39:20,155] WARNING: Velocity attribute does not use the linearization map. Please calculate the velocity using the position attribute.
[2026-09-28 04:39:20,160] INFO: T:12.677, State:early_stance, Fz:322.32, ThetaRef:15.00, ThetaActual:2.17, EncoderTheta:100.11, EncoderVelocity:76.44, K:20.00, B:1.00
[2026-09-28 04:39:20,163] DEBUG: No valid transitions from state early_stance
[2026-09-28 04:39:20,163] WARNING: Velocity attribute does not use the linearization map. Please calculate the velocity using the position attribute.
[2026-09-28 04:39:20,169] INFO: T:12.686, State:early_stance, Fz:258.11, ThetaRef:15.00, ThetaActual:1.42, EncoderTheta:100.26, EncoderVelocity:18.54, K:20.00, B:1.00
[2026-09-28 04:39:20,171] DEBUG: No valid transitions from state early_stance
[2026-09-28 04:39:20,171] WARNING: Velocity attribute does not use the linearization map. Please calculate the velocity using the position attribute.
[2026-09-28 04:39:20,177] INFO: T:12.694, State:early_stance, Fz:172.62, ThetaRef:15.00, ThetaActual:1.03, EncoderTheta:100.22, EncoderVelocity:-5.32, K:20.00, B:1.00
[2026-09-28 04:39:20,180] DEBUG: No valid transitions from state early_stance
[2026-09-28 04:39:20,180] WARNING: Velocity attribute does not use the linearization map. Please calculate the velocity using the position attribute.
[2026-09-28 04:39:20,185] INFO: T:12.702, State:early_stance, Fz:112.97, ThetaRef:15.00, ThetaActual:0.31, EncoderTheta:100.26, EncoderVelocity:5.27, K:20.00, B:1.00
[2026-09-28 04:39:20,188] DEBUG: No valid transitions from state early_stance
[2026-09-28 04:39:20,188] WARNING: Velocity attribute does not use the linearization map. Please calculate the velocity using the position attribute.
[2026-09-28 04:39:20,194] INFO: T:12.710, State:early_stance, Fz:66.63, ThetaRef:15.00, ThetaActual:-0.08, EncoderTheta:100.24, EncoderVelocity:-2.65, K:20.00, B:1.00
[2026-09-28 04:39:20,196] DEBUG: No valid transitions from state early_stance
[2026-09-28 04:39:20,196] WARNING: Velocity attribute does not use the linearization map. Please calculate the velocity using the position attribute.
[2026-09-28 04:39:20,202] INFO: T:12.719, State:early_stance, Fz:36.92, ThetaRef:15.00, ThetaActual:-0.05, EncoderTheta:100.26, EncoderVelocity:2.63, K:20.00, B:1.00
[2026-09-28 04:39:20,205] DEBUG: No valid transitions from state early_stance
[2026-09-28 04:39:20,205] WARNING: Velocity attribute does not use the linearization map. Please calculate the velocity using the position attribute.
[2026-09-28 04:39:20,210] INFO: T:12.727, State:early_stance, Fz:4.41, ThetaRef:15.00, ThetaActual:0.32, EncoderTheta:100.20, EncoderVelocity:-7.83, K:20.00, B:1.00
[2026-09-28 04:39:20,213] DEBUG: No valid transitions from state early_stance
[2026-09-28 04:39:20,213] WARNING: Velocity attribute does not use the linearization map. Please calculate the velocity using the position attribute.
[2026-09-28 04:39:20,219] INFO: T:12.736, State:early_stance, Fz:-26.24, ThetaRef:15.00, ThetaActual:0.80, EncoderTheta:100.22, EncoderVelocity:2.60, K:20.00, B:1.00
[2026-09-28 04:39:20,221] WARNING: Velocity attribute does not use the linearization map. Please calculate the velocity using the position attribute.
[2026-09-28 04:39:20,227] INFO: T:12.744, State:late_stance, Fz:-55.99, ThetaRef:5.00, ThetaActual:1.02, EncoderTheta:100.20, EncoderVelocity:-2.64, K:500.00, B:20.00
[2026-09-28 04:39:20,230] DEBUG: No valid transitions from state late_stance
[2026-09-28 04:39:20,230] WARNING: Velocity attribute does not use the linearization map. Please calculate the velocity using the position attribute.
[2026-09-28 04:39:20,235] INFO: T:12.752, State:late_stance, Fz:-82.59, ThetaRef:5.00, ThetaActual:1.40, EncoderTheta:100.20, EncoderVelocity:0.00, K:500.00, B:20.00
[2026-09-28 04:39:20,238] DEBUG: No valid transitions from state late_stance
[2026-09-28 04:39:20,238] WARNING: Velocity attribute does not use the linearization map. Please calculate the velocity using the position attribute.
[2026-09-28 04:39:20,244] INFO: T:12.760, State:late_stance, Fz:-109.26, ThetaRef:5.00, ThetaActual:1.59, EncoderTheta:100.17, EncoderVelocity:-2.65, K:500.00, B:20.00
[2026-09-28 04:39:20,246] DEBUG: No valid transitions from state late_stance
[2026-09-28 04:39:20,246] WARNING: Velocity attribute does not use the linearization map. Please calculate the velocity using the position attribute.
[2026-09-28 04:39:20,252] INFO: T:12.769, State:late_stance, Fz:-139.94, ThetaRef:5.00, ThetaActual:1.57, EncoderTheta:100.17, EncoderVelocity:0.00, K:500.00, B:20.00
[2026-09-28 04:39:20,254] DEBUG: No valid transitions from state late_stance
[2026-09-28 04:39:20,255] WARNING: Velocity attribute does not use the linearization map. Please calculate the velocity using the position attribute.
[2026-09-28 04:39:20,260] INFO: T:12.777, State:late_stance, Fz:-170.73, ThetaRef:5.00, ThetaActual:1.42, EncoderTheta:100.20, EncoderVelocity:2.67, K:500.00, B:20.00
[2026-09-28 04:39:20,263] DEBUG: No valid transitions from state late_stance
[2026-09-28 04:39:20,263] WARNING: Velocity attribute does not use the linearization map. Please calculate the velocity using the position attribute.
[2026-09-28 04:39:20,269] INFO: T:12.786, State:late_stance, Fz:-203.09, ThetaRef:5.00, ThetaActual:1.17, EncoderTheta:100.17, EncoderVelocity:-2.55, K:500.00, B:20.00
[2026-09-28 04:39:20,271] DEBUG: No valid transitions from state late_stance
[2026-09-28 04:39:20,271] WARNING: Velocity attribute does not use the linearization map. Please calculate the velocity using the position attribute.
[2026-09-28 04:39:20,277] INFO: T:12.794, State:late_stance, Fz:-237.10, ThetaRef:5.00, ThetaActual:1.03, EncoderTheta:100.13, EncoderVelocity:-5.27, K:500.00, B:20.00
[2026-09-28 04:39:20,280] DEBUG: No valid transitions from state late_stance
[2026-09-28 04:39:20,280] WARNING: Velocity attribute does not use the linearization map. Please calculate the velocity using the position attribute.
[2026-09-28 04:39:20,285] INFO: T:12.802, State:late_stance, Fz:-269.93, ThetaRef:5.00, ThetaActual:0.81, EncoderTheta:100.24, EncoderVelocity:13.17, K:500.00, B:20.00
[2026-09-28 04:39:20,288] DEBUG: No valid transitions from state late_stance
[2026-09-28 04:39:20,288] WARNING: Velocity attribute does not use the linearization map. Please calculate the velocity using the position attribute.
[2026-09-28 04:39:20,294] INFO: T:12.811, State:late_stance, Fz:-303.88, ThetaRef:5.00, ThetaActual:0.66, EncoderTheta:100.22, EncoderVelocity:-2.64, K:500.00, B:20.00
[2026-09-28 04:39:20,296] DEBUG: No valid transitions from state late_stance
[2026-09-28 04:39:20,296] WARNING: Velocity attribute does not use the linearization map. Please calculate the velocity using the position attribute.
[2026-09-28 04:39:20,302] INFO: T:12.819, State:late_stance, Fz:-341.12, ThetaRef:5.00, ThetaActual:0.62, EncoderTheta:100.24, EncoderVelocity:2.69, K:500.00, B:20.00
[2026-09-28 04:39:20,305] DEBUG: No valid transitions from state late_stance
[2026-09-28 04:39:20,305] WARNING: Velocity attribute does not use the linearization map. Please calculate the velocity using the position attribute.
[2026-09-28 04:39:20,310] INFO: T:12.827, State:late_stance, Fz:-378.00, ThetaRef:5.00, ThetaActual:0.57, EncoderTheta:100.26, EncoderVelocity:2.64, K:500.00, B:20.00
[2026-09-28 04:39:20,313] DEBUG: No valid transitions from state late_stance
[2026-09-28 04:39:20,313] WARNING: Velocity attribute does not use the linearization map. Please calculate the velocity using the position attribute.
[2026-09-28 04:39:20,319] INFO: T:12.835, State:late_stance, Fz:-418.01, ThetaRef:5.00, ThetaActual:0.53, EncoderTheta:100.22, EncoderVelocity:-5.29, K:500.00, B:20.00
[2026-09-28 04:39:20,321] DEBUG: No valid transitions from state late_stance
[2026-09-28 04:39:20,321] WARNING: Velocity attribute does not use the linearization map. Please calculate the velocity using the position attribute.
[2026-09-28 04:39:20,327] INFO: T:12.844, State:late_stance, Fz:-454.43, ThetaRef:5.00, ThetaActual:0.52, EncoderTheta:100.20, EncoderVelocity:-2.67, K:500.00, B:20.00
[2026-09-28 04:39:20,329] DEBUG: No valid transitions from state late_stance
[2026-09-28 04:39:20,329] WARNING: Velocity attribute does not use the linearization map. Please calculate the velocity using the position attribute.
[2026-09-28 04:39:20,335] INFO: T:12.852, State:late_stance, Fz:-492.18, ThetaRef:5.00, ThetaActual:0.52, EncoderTheta:100.22, EncoderVelocity:2.67, K:500.00, B:20.00
[2026-09-28 04:39:20,338] DEBUG: No valid transitions from state late_stance
[2026-09-28 04:39:20,338] WARNING: Velocity attribute does not use the linearization map. Please calculate the velocity using the position attribute.
[2026-09-28 04:39:20,344] INFO: T:12.860, State:late_stance, Fz:-528.87, ThetaRef:5.00, ThetaActual:0.52, EncoderTheta:100.24, EncoderVelocity:2.58, K:500.00, B:20.00
[2026-09-28 04:39:20,346] DEBUG: No valid transitions from state late_stance
[2026-09-28 04:39:20,346] WARNING: Velocity attribute does not use the linearization map. Please calculate the velocity using the position attribute.
[2026-09-28 04:39:20,352] INFO: T:12.869, State:late_stance, Fz:-563.76, ThetaRef:5.00, ThetaActual:0.52, EncoderTheta:100.22, EncoderVelocity:-2.61, K:500.00, B:20.00
[2026-09-28 04:39:20,355] DEBUG: No valid transitions from state late_stance
[2026-09-28 04:39:20,355] WARNING: Velocity attribute does not use the linearization map. Please calculate the velocity using the position attribute.
[2026-09-28 04:39:20,360] INFO: T:12.877, State:late_stance, Fz:-597.30, ThetaRef:5.00, ThetaActual:0.52, EncoderTheta:100.28, EncoderVelocity:7.90, K:500.00, B:20.00
[2026-09-28 04:39:20,363] DEBUG: No valid transitions from state late_stance
[2026-09-28 04:39:20,363] WARNING: Velocity attribute does not use the linearization map. Please calculate the velocity using the position attribute.
[2026-09-28 04:39:20,369] INFO: T:12.886, State:late_stance, Fz:-631.26, ThetaRef:5.00, ThetaActual:0.52, EncoderTheta:100.28, EncoderVelocity:0.00, K:500.00, B:20.00
[2026-09-28 04:39:20,371] DEBUG: No valid transitions from state late_stance
[2026-09-28 04:39:20,371] WARNING: Velocity attribute does not use the linearization map. Please calculate the velocity using the position attribute.
[2026-09-28 04:39:20,377] INFO: T:12.894, State:late_stance, Fz:-662.58, ThetaRef:5.00, ThetaActual:0.52, EncoderTheta:100.28, EncoderVelocity:0.00, K:500.00, B:20.00
[2026-09-28 04:39:20,380] DEBUG: No valid transitions from state late_stance
[2026-09-28 04:39:20,380] WARNING: Velocity attribute does not use the linearization map. Please calculate the velocity using the position attribute.
[2026-09-28 04:39:20,386] INFO: T:12.902, State:late_stance, Fz:-693.90, ThetaRef:5.00, ThetaActual:0.52, EncoderTheta:100.31, EncoderVelocity:2.63, K:500.00, B:20.00
[2026-09-28 04:39:20,388] DEBUG: No valid transitions from state late_stance
[2026-09-28 04:39:20,388] WARNING: Velocity attribute does not use the linearization map. Please calculate the velocity using the position attribute.
[2026-09-28 04:39:20,394] INFO: T:12.911, State:late_stance, Fz:-733.55, ThetaRef:5.00, ThetaActual:0.52, EncoderTheta:100.28, EncoderVelocity:-2.62, K:500.00, B:20.00
[2026-09-28 04:39:20,396] DEBUG: No valid transitions from state late_stance
[2026-09-28 04:39:20,397] WARNING: Velocity attribute does not use the linearization map. Please calculate the velocity using the position attribute.
[2026-09-28 04:39:20,402] INFO: T:12.919, State:late_stance, Fz:-762.40, ThetaRef:5.00, ThetaActual:0.52, EncoderTheta:100.31, EncoderVelocity:2.64, K:500.00, B:20.00
[2026-09-28 04:39:20,405] DEBUG: No valid transitions from state late_stance
[2026-09-28 04:39:20,405] WARNING: Velocity attribute does not use the linearization map. Please calculate the velocity using the position attribute.
[2026-09-28 04:39:20,411] INFO: T:12.927, State:late_stance, Fz:-789.34, ThetaRef:5.00, ThetaActual:0.51, EncoderTheta:100.26, EncoderVelocity:-5.27, K:500.00, B:20.00
[2026-09-28 04:39:20,413] DEBUG: No valid transitions from state late_stance
[2026-09-28 04:39:20,413] WARNING: Velocity attribute does not use the linearization map. Please calculate the velocity using the position attribute.
[2026-09-28 04:39:20,419] INFO: T:12.936, State:late_stance, Fz:-820.74, ThetaRef:5.00, ThetaActual:0.52, EncoderTheta:100.28, EncoderVelocity:2.63, K:500.00, B:20.00
[2026-09-28 04:39:20,422] DEBUG: No valid transitions from state late_stance
[2026-09-28 04:39:20,422] WARNING: Velocity attribute does not use the linearization map. Please calculate the velocity using the position attribute.
[2026-09-28 04:39:20,427] INFO: T:12.944, State:late_stance, Fz:-849.61, ThetaRef:5.00, ThetaActual:0.51, EncoderTheta:100.31, EncoderVelocity:2.63, K:500.00, B:20.00
[2026-09-28 04:39:20,430] DEBUG: No valid transitions from state late_stance
[2026-09-28 04:39:20,430] WARNING: Velocity attribute does not use the linearization map. Please calculate the velocity using the position attribute.
[2026-09-28 04:39:20,436] INFO: T:12.952, State:late_stance, Fz:-879.54, ThetaRef:5.00, ThetaActual:0.51, EncoderTheta:100.33, EncoderVelocity:2.65, K:500.00, B:20.00
[2026-09-28 04:39:20,438] DEBUG: No valid transitions from state late_stance
[2026-09-28 04:39:20,438] WARNING: Velocity attribute does not use the linearization map. Please calculate the velocity using the position attribute.
[2026-09-28 04:39:20,444] INFO: T:12.961, State:late_stance, Fz:-910.35, ThetaRef:5.00, ThetaActual:0.51, EncoderTheta:100.28, EncoderVelocity:-5.26, K:500.00, B:20.00
[2026-09-28 04:39:20,447] DEBUG: No valid transitions from state late_stance
[2026-09-28 04:39:20,447] WARNING: Velocity attribute does not use the linearization map. Please calculate the velocity using the position attribute.
[2026-09-28 04:39:20,453] INFO: T:12.969, State:late_stance, Fz:-940.26, ThetaRef:5.00, ThetaActual:0.51, EncoderTheta:100.31, EncoderVelocity:2.61, K:500.00, B:20.00
[2026-09-28 04:39:20,455] DEBUG: No valid transitions from state late_stance
[2026-09-28 04:39:20,455] WARNING: Velocity attribute does not use the linearization map. Please calculate the velocity using the position attribute.
[2026-09-28 04:39:20,461] INFO: T:12.978, State:late_stance, Fz:-970.47, ThetaRef:5.00, ThetaActual:0.51, EncoderTheta:100.33, EncoderVelocity:2.53, K:500.00, B:20.00
[2026-09-28 04:39:20,464] DEBUG: No valid transitions from state late_stance
[2026-09-28 04:39:20,464] WARNING: Velocity attribute does not use the linearization map. Please calculate the velocity using the position attribute.
[2026-09-28 04:39:20,469] INFO: T:12.986, State:late_stance, Fz:-1000.47, ThetaRef:5.00, ThetaActual:0.51, EncoderTheta:100.31, EncoderVelocity:-2.60, K:500.00, B:20.00
[2026-09-28 04:39:20,472] DEBUG: No valid transitions from state late_stance
[2026-09-28 04:39:20,472] WARNING: Velocity attribute does not use the linearization map. Please calculate the velocity using the position attribute.
[2026-09-28 04:39:20,478] INFO: T:12.995, State:late_stance, Fz:-1031.29, ThetaRef:5.00, ThetaActual:0.51, EncoderTheta:100.35, EncoderVelocity:5.24, K:500.00, B:20.00
[2026-09-28 04:39:20,480] DEBUG: No valid transitions from state late_stance
[2026-09-28 04:39:20,480] WARNING: Velocity attribute does not use the linearization map. Please calculate the velocity using the position attribute.
[2026-09-28 04:39:20,486] INFO: T:13.003, State:late_stance, Fz:-1060.18, ThetaRef:5.00, ThetaActual:0.50, EncoderTheta:100.28, EncoderVelocity:-7.98, K:500.00, B:20.00
[2026-09-28 04:39:20,489] DEBUG: No valid transitions from state late_stance
[2026-09-28 04:39:20,489] WARNING: Velocity attribute does not use the linearization map. Please calculate the velocity using the position attribute.
[2026-09-28 04:39:20,494] INFO: T:13.011, State:late_stance, Fz:-1089.64, ThetaRef:5.00, ThetaActual:0.49, EncoderTheta:100.39, EncoderVelocity:13.18, K:500.00, B:20.00
[2026-09-28 04:39:20,497] DEBUG: No valid transitions from state late_stance
[2026-09-28 04:39:20,497] WARNING: Velocity attribute does not use the linearization map. Please calculate the velocity using the position attribute.
[2026-09-28 04:39:20,503] INFO: T:13.020, State:late_stance, Fz:-1118.56, ThetaRef:5.00, ThetaActual:0.48, EncoderTheta:100.35, EncoderVelocity:-5.10, K:500.00, B:20.00
[2026-09-28 04:39:20,506] DEBUG: No valid transitions from state late_stance
[2026-09-28 04:39:20,506] WARNING: Velocity attribute does not use the linearization map. Please calculate the velocity using the position attribute.
[2026-09-28 04:39:20,511] INFO: T:13.028, State:late_stance, Fz:-1147.01, ThetaRef:5.00, ThetaActual:0.48, EncoderTheta:100.35, EncoderVelocity:0.00, K:500.00, B:20.00
[2026-09-28 04:39:20,514] DEBUG: No valid transitions from state late_stance
[2026-09-28 04:39:20,514] WARNING: Velocity attribute does not use the linearization map. Please calculate the velocity using the position attribute.
[2026-09-28 04:39:20,520] INFO: T:13.036, State:late_stance, Fz:-1170.62, ThetaRef:5.00, ThetaActual:0.48, EncoderTheta:100.37, EncoderVelocity:2.64, K:500.00, B:20.00
[2026-09-28 04:39:20,522] DEBUG: No valid transitions from state late_stance
[2026-09-28 04:39:20,522] WARNING: Velocity attribute does not use the linearization map. Please calculate the velocity using the position attribute.
[2026-09-28 04:39:20,528] INFO: T:13.045, State:late_stance, Fz:-1191.14, ThetaRef:5.00, ThetaActual:0.48, EncoderTheta:100.37, EncoderVelocity:0.00, K:500.00, B:20.00
[2026-09-28 04:39:20,531] DEBUG: No valid transitions from state late_stance
[2026-09-28 04:39:20,531] WARNING: Velocity attribute does not use the linearization map. Please calculate the velocity using the position attribute.
[2026-09-28 04:39:20,536] INFO: T:13.053, State:late_stance, Fz:-1211.11, ThetaRef:5.00, ThetaActual:0.48, EncoderTheta:100.33, EncoderVelocity:-5.25, K:500.00, B:20.00
[2026-09-28 04:39:20,539] DEBUG: No valid transitions from state late_stance
[2026-09-28 04:39:20,539] WARNING: Velocity attribute does not use the linearization map. Please calculate the velocity using the position attribute.
[2026-09-28 04:39:20,545] INFO: T:13.062, State:late_stance, Fz:-1225.84, ThetaRef:5.00, ThetaActual:0.48, EncoderTheta:100.35, EncoderVelocity:2.64, K:500.00, B:20.00
[2026-09-28 04:39:20,547] DEBUG: No valid transitions from state late_stance
[2026-09-28 04:39:20,547] WARNING: Velocity attribute does not use the linearization map. Please calculate the velocity using the position attribute.
[2026-09-28 04:39:20,553] INFO: T:13.070, State:late_stance, Fz:-1239.52, ThetaRef:5.00, ThetaActual:0.48, EncoderTheta:100.37, EncoderVelocity:2.64, K:500.00, B:20.00
[2026-09-28 04:39:20,556] DEBUG: No valid transitions from state late_stance
[2026-09-28 04:39:20,556] WARNING: Velocity attribute does not use the linearization map. Please calculate the velocity using the position attribute.
[2026-09-28 04:39:20,562] INFO: T:13.078, State:late_stance, Fz:-1251.89, ThetaRef:5.00, ThetaActual:0.48, EncoderTheta:100.37, EncoderVelocity:0.00, K:500.00, B:20.00
[2026-09-28 04:39:20,568] DEBUG: No valid transitions from state late_stance
[2026-09-28 04:39:20,568] WARNING: Velocity attribute does not use the linearization map. Please calculate the velocity using the position attribute.
[2026-09-28 04:39:20,574] INFO: T:13.087, State:late_stance, Fz:-1263.80, ThetaRef:5.00, ThetaActual:0.48, EncoderTheta:100.35, EncoderVelocity:-1.83, K:500.00, B:20.00
[2026-09-28 04:39:20,577] DEBUG: No valid transitions from state late_stance
[2026-09-28 04:39:20,577] WARNING: Velocity attribute does not use the linearization map. Please calculate the velocity using the position attribute.
[2026-09-28 04:39:20,582] INFO: T:13.099, State:late_stance, Fz:-1273.79, ThetaRef:5.00, ThetaActual:0.48, EncoderTheta:100.33, EncoderVelocity:-2.50, K:500.00, B:20.00
[2026-09-28 04:39:20,585] DEBUG: No valid transitions from state late_stance
[2026-09-28 04:39:20,585] WARNING: Velocity attribute does not use the linearization map. Please calculate the velocity using the position attribute.
[2026-09-28 04:39:20,591] INFO: T:13.108, State:late_stance, Fz:-1282.89, ThetaRef:5.00, ThetaActual:0.48, EncoderTheta:100.37, EncoderVelocity:5.06, K:500.00, B:20.00
[2026-09-28 04:39:20,594] DEBUG: No valid transitions from state late_stance
[2026-09-28 04:39:20,595] WARNING: Velocity attribute does not use the linearization map. Please calculate the velocity using the position attribute.
[2026-09-28 04:39:20,600] INFO: T:13.116, State:late_stance, Fz:-1289.80, ThetaRef:5.00, ThetaActual:0.48, EncoderTheta:100.33, EncoderVelocity:-5.08, K:500.00, B:20.00
[2026-09-28 04:39:20,603] DEBUG: No valid transitions from state late_stance
[2026-09-28 04:39:20,603] WARNING: Velocity attribute does not use the linearization map. Please calculate the velocity using the position attribute.
[2026-09-28 04:39:20,611] INFO: T:13.126, State:late_stance, Fz:-1295.58, ThetaRef:5.00, ThetaActual:0.48, EncoderTheta:100.39, EncoderVelocity:7.14, K:500.00, B:20.00
[2026-09-28 04:39:20,614] DEBUG: No valid transitions from state late_stance
[2026-09-28 04:39:20,614] WARNING: Velocity attribute does not use the linearization map. Please calculate the velocity using the position attribute.
[2026-09-28 04:39:20,620] INFO: T:13.136, State:late_stance, Fz:-1297.45, ThetaRef:5.00, ThetaActual:0.48, EncoderTheta:100.33, EncoderVelocity:-6.23, K:500.00, B:20.00
[2026-09-28 04:39:20,622] DEBUG: No valid transitions from state late_stance
[2026-09-28 04:39:20,622] WARNING: Velocity attribute does not use the linearization map. Please calculate the velocity using the position attribute.
[2026-09-28 04:39:20,628] INFO: T:13.145, State:late_stance, Fz:-1303.28, ThetaRef:5.00, ThetaActual:0.48, EncoderTheta:100.31, EncoderVelocity:-2.55, K:500.00, B:20.00
[2026-09-28 04:39:20,631] DEBUG: No valid transitions from state late_stance
[2026-09-28 04:39:20,631] WARNING: Velocity attribute does not use the linearization map. Please calculate the velocity using the position attribute.
[2026-09-28 04:39:20,636] INFO: T:13.153, State:late_stance, Fz:-1306.17, ThetaRef:5.00, ThetaActual:0.48, EncoderTheta:100.31, EncoderVelocity:0.00, K:500.00, B:20.00
[2026-09-28 04:39:20,639] DEBUG: No valid transitions from state late_stance
[2026-09-28 04:39:20,639] WARNING: Velocity attribute does not use the linearization map. Please calculate the velocity using the position attribute.
[2026-09-28 04:39:20,645] INFO: T:13.162, State:late_stance, Fz:-1308.39, ThetaRef:5.00, ThetaActual:0.48, EncoderTheta:100.35, EncoderVelocity:5.20, K:500.00, B:20.00
[2026-09-28 04:39:20,647] DEBUG: No valid transitions from state late_stance
[2026-09-28 04:39:20,647] WARNING: Velocity attribute does not use the linearization map. Please calculate the velocity using the position attribute.
[2026-09-28 04:39:20,653] INFO: T:13.170, State:late_stance, Fz:-1311.50, ThetaRef:5.00, ThetaActual:0.48, EncoderTheta:100.35, EncoderVelocity:0.00, K:500.00, B:20.00
[2026-09-28 04:39:20,656] DEBUG: No valid transitions from state late_stance
[2026-09-28 04:39:20,656] WARNING: Velocity attribute does not use the linearization map. Please calculate the velocity using the position attribute.
[2026-09-28 04:39:20,661] INFO: T:13.178, State:late_stance, Fz:-1313.30, ThetaRef:5.00, ThetaActual:0.48, EncoderTheta:100.33, EncoderVelocity:-2.62, K:500.00, B:20.00
[2026-09-28 04:39:20,664] DEBUG: No valid transitions from state late_stance
[2026-09-28 04:39:20,664] WARNING: Velocity attribute does not use the linearization map. Please calculate the velocity using the position attribute.
[2026-09-28 04:39:20,670] INFO: T:13.187, State:late_stance, Fz:-1313.13, ThetaRef:5.00, ThetaActual:0.48, EncoderTheta:100.35, EncoderVelocity:2.62, K:500.00, B:20.00
[2026-09-28 04:39:20,672] DEBUG: No valid transitions from state late_stance
[2026-09-28 04:39:20,672] WARNING: Velocity attribute does not use the linearization map. Please calculate the velocity using the position attribute.
[2026-09-28 04:39:20,678] INFO: T:13.195, State:late_stance, Fz:-1317.85, ThetaRef:5.00, ThetaActual:0.48, EncoderTheta:100.33, EncoderVelocity:-2.65, K:500.00, B:20.00
[2026-09-28 04:39:20,681] DEBUG: No valid transitions from state late_stance
[2026-09-28 04:39:20,681] WARNING: Velocity attribute does not use the linearization map. Please calculate the velocity using the position attribute.
[2026-09-28 04:39:20,686] INFO: T:13.203, State:late_stance, Fz:-1320.41, ThetaRef:5.00, ThetaActual:0.48, EncoderTheta:100.33, EncoderVelocity:0.00, K:500.00, B:20.00
[2026-09-28 04:39:20,689] DEBUG: No valid transitions from state late_stance
[2026-09-28 04:39:20,689] WARNING: Velocity attribute does not use the linearization map. Please calculate the velocity using the position attribute.
[2026-09-28 04:39:20,695] INFO: T:13.212, State:late_stance, Fz:-1322.77, ThetaRef:5.00, ThetaActual:0.48, EncoderTheta:100.37, EncoderVelocity:5.24, K:500.00, B:20.00
[2026-09-28 04:39:20,697] DEBUG: No valid transitions from state late_stance
[2026-09-28 04:39:20,697] WARNING: Velocity attribute does not use the linearization map. Please calculate the velocity using the position attribute.
[2026-09-28 04:39:20,703] INFO: T:13.220, State:late_stance, Fz:-1323.01, ThetaRef:5.00, ThetaActual:0.48, EncoderTheta:100.31, EncoderVelocity:-7.99, K:500.00, B:20.00
[2026-09-28 04:39:20,706] DEBUG: No valid transitions from state late_stance
[2026-09-28 04:39:20,706] WARNING: Velocity attribute does not use the linearization map. Please calculate the velocity using the position attribute.
[2026-09-28 04:39:20,711] INFO: T:13.228, State:late_stance, Fz:-1314.15, ThetaRef:5.00, ThetaActual:0.48, EncoderTheta:100.35, EncoderVelocity:5.31, K:500.00, B:20.00
[2026-09-28 04:39:20,714] DEBUG: No valid transitions from state late_stance
[2026-09-28 04:39:20,714] WARNING: Velocity attribute does not use the linearization map. Please calculate the velocity using the position attribute.
[2026-09-28 04:39:20,720] INFO: T:13.236, State:late_stance, Fz:-1296.39, ThetaRef:5.00, ThetaActual:0.48, EncoderTheta:100.31, EncoderVelocity:-5.26, K:500.00, B:20.00
[2026-09-28 04:39:20,722] DEBUG: No valid transitions from state late_stance
[2026-09-28 04:39:20,722] WARNING: Velocity attribute does not use the linearization map. Please calculate the velocity using the position attribute.
[2026-09-28 04:39:20,728] INFO: T:13.245, State:late_stance, Fz:-1271.32, ThetaRef:5.00, ThetaActual:0.48, EncoderTheta:100.31, EncoderVelocity:0.00, K:500.00, B:20.00
[2026-09-28 04:39:20,731] DEBUG: No valid transitions from state late_stance
[2026-09-28 04:39:20,731] WARNING: Velocity attribute does not use the linearization map. Please calculate the velocity using the position attribute.
[2026-09-28 04:39:20,736] INFO: T:13.253, State:late_stance, Fz:-1230.74, ThetaRef:5.00, ThetaActual:0.48, EncoderTheta:100.31, EncoderVelocity:0.00, K:500.00, B:20.00
[2026-09-28 04:39:20,739] DEBUG: No valid transitions from state late_stance
[2026-09-28 04:39:20,739] WARNING: Velocity attribute does not use the linearization map. Please calculate the velocity using the position attribute.
[2026-09-28 04:39:20,745] INFO: T:13.262, State:late_stance, Fz:-1177.93, ThetaRef:5.00, ThetaActual:0.48, EncoderTheta:100.24, EncoderVelocity:-7.88, K:500.00, B:20.00
[2026-09-28 04:39:20,747] DEBUG: No valid transitions from state late_stance
[2026-09-28 04:39:20,747] WARNING: Velocity attribute does not use the linearization map. Please calculate the velocity using the position attribute.
[2026-09-28 04:39:20,753] INFO: T:13.270, State:late_stance, Fz:-1113.27, ThetaRef:5.00, ThetaActual:0.48, EncoderTheta:100.22, EncoderVelocity:-2.64, K:500.00, B:20.00
[2026-09-28 04:39:20,756] DEBUG: No valid transitions from state late_stance
[2026-09-28 04:39:20,756] WARNING: Velocity attribute does not use the linearization map. Please calculate the velocity using the position attribute.
[2026-09-28 04:39:20,761] INFO: T:13.278, State:late_stance, Fz:-1037.12, ThetaRef:5.00, ThetaActual:0.48, EncoderTheta:100.22, EncoderVelocity:0.00, K:500.00, B:20.00
[2026-09-28 04:39:20,764] DEBUG: No valid transitions from state late_stance
[2026-09-28 04:39:20,764] WARNING: Velocity attribute does not use the linearization map. Please calculate the velocity using the position attribute.
[2026-09-28 04:39:20,770] INFO: T:13.286, State:late_stance, Fz:-954.26, ThetaRef:5.00, ThetaActual:0.48, EncoderTheta:100.22, EncoderVelocity:0.00, K:500.00, B:20.00
[2026-09-28 04:39:20,772] DEBUG: No valid transitions from state late_stance
[2026-09-28 04:39:20,772] WARNING: Velocity attribute does not use the linearization map. Please calculate the velocity using the position attribute.
[2026-09-28 04:39:20,778] INFO: T:13.295, State:late_stance, Fz:-870.80, ThetaRef:5.00, ThetaActual:0.48, EncoderTheta:100.15, EncoderVelocity:-7.91, K:500.00, B:20.00
[2026-09-28 04:39:20,780] DEBUG: No valid transitions from state late_stance
[2026-09-28 04:39:20,780] WARNING: Velocity attribute does not use the linearization map. Please calculate the velocity using the position attribute.
[2026-09-28 04:39:20,786] INFO: T:13.303, State:late_stance, Fz:-784.95, ThetaRef:5.00, ThetaActual:0.49, EncoderTheta:100.17, EncoderVelocity:2.68, K:500.00, B:20.00
[2026-09-28 04:39:20,789] DEBUG: No valid transitions from state late_stance
[2026-09-28 04:39:20,789] WARNING: Velocity attribute does not use the linearization map. Please calculate the velocity using the position attribute.
[2026-09-28 04:39:20,794] INFO: T:13.311, State:late_stance, Fz:-702.70, ThetaRef:5.00, ThetaActual:0.49, EncoderTheta:100.17, EncoderVelocity:0.00, K:500.00, B:20.00
[2026-09-28 04:39:20,797] DEBUG: No valid transitions from state late_stance
[2026-09-28 04:39:20,797] WARNING: Velocity attribute does not use the linearization map. Please calculate the velocity using the position attribute.
[2026-09-28 04:39:20,803] INFO: T:13.320, State:late_stance, Fz:-623.62, ThetaRef:5.00, ThetaActual:0.49, EncoderTheta:100.15, EncoderVelocity:-2.63, K:500.00, B:20.00
[2026-09-28 04:39:20,805] DEBUG: No valid transitions from state late_stance
[2026-09-28 04:39:20,805] WARNING: Velocity attribute does not use the linearization map. Please calculate the velocity using the position attribute.
[2026-09-28 04:39:20,811] INFO: T:13.328, State:late_stance, Fz:-551.01, ThetaRef:5.00, ThetaActual:0.49, EncoderTheta:100.13, EncoderVelocity:-2.64, K:500.00, B:20.00
[2026-09-28 04:39:20,814] DEBUG: No valid transitions from state late_stance
[2026-09-28 04:39:20,814] WARNING: Velocity attribute does not use the linearization map. Please calculate the velocity using the position attribute.
[2026-09-28 04:39:20,819] INFO: T:13.336, State:late_stance, Fz:-487.26, ThetaRef:5.00, ThetaActual:0.49, EncoderTheta:100.09, EncoderVelocity:-5.28, K:500.00, B:20.00
[2026-09-28 04:39:20,822] DEBUG: No valid transitions from state late_stance
[2026-09-28 04:39:20,822] WARNING: Velocity attribute does not use the linearization map. Please calculate the velocity using the position attribute.
[2026-09-28 04:39:20,828] INFO: T:13.345, State:late_stance, Fz:-431.32, ThetaRef:5.00, ThetaActual:0.50, EncoderTheta:100.13, EncoderVelocity:5.26, K:500.00, B:20.00
[2026-09-28 04:39:20,830] DEBUG: No valid transitions from state late_stance
[2026-09-28 04:39:20,830] WARNING: Velocity attribute does not use the linearization map. Please calculate the velocity using the position attribute.
[2026-09-28 04:39:20,836] INFO: T:13.353, State:late_stance, Fz:-384.30, ThetaRef:5.00, ThetaActual:0.50, EncoderTheta:100.11, EncoderVelocity:-2.68, K:500.00, B:20.00
[2026-09-28 04:39:20,839] DEBUG: No valid transitions from state late_stance
[2026-09-28 04:39:20,839] WARNING: Velocity attribute does not use the linearization map. Please calculate the velocity using the position attribute.
[2026-09-28 04:39:20,844] INFO: T:13.361, State:late_stance, Fz:-339.12, ThetaRef:5.00, ThetaActual:0.50, EncoderTheta:100.15, EncoderVelocity:5.32, K:500.00, B:20.00
[2026-09-28 04:39:20,847] DEBUG: No valid transitions from state late_stance
[2026-09-28 04:39:20,847] WARNING: Velocity attribute does not use the linearization map. Please calculate the velocity using the position attribute.
[2026-09-28 04:39:20,852] INFO: T:13.369, State:late_stance, Fz:-298.28, ThetaRef:5.00, ThetaActual:0.51, EncoderTheta:100.09, EncoderVelocity:-7.98, K:500.00, B:20.00
[2026-09-28 04:39:20,855] DEBUG: No valid transitions from state late_stance
[2026-09-28 04:39:20,855] WARNING: Velocity attribute does not use the linearization map. Please calculate the velocity using the position attribute.
[2026-09-28 04:39:20,861] INFO: T:13.378, State:late_stance, Fz:-264.14, ThetaRef:5.00, ThetaActual:0.52, EncoderTheta:100.09, EncoderVelocity:0.00, K:500.00, B:20.00
[2026-09-28 04:39:20,863] DEBUG: No valid transitions from state late_stance
[2026-09-28 04:39:20,863] WARNING: Velocity attribute does not use the linearization map. Please calculate the velocity using the position attribute.
[2026-09-28 04:39:20,869] INFO: T:13.386, State:late_stance, Fz:-231.68, ThetaRef:5.00, ThetaActual:0.53, EncoderTheta:100.04, EncoderVelocity:-5.35, K:500.00, B:20.00
[2026-09-28 04:39:20,871] DEBUG: No valid transitions from state late_stance
[2026-09-28 04:39:20,872] WARNING: Velocity attribute does not use the linearization map. Please calculate the velocity using the position attribute.
[2026-09-28 04:39:20,877] INFO: T:13.394, State:late_stance, Fz:-203.45, ThetaRef:5.00, ThetaActual:0.53, EncoderTheta:100.02, EncoderVelocity:-2.68, K:500.00, B:20.00
[2026-09-28 04:39:20,880] DEBUG: No valid transitions from state late_stance
[2026-09-28 04:39:20,880] WARNING: Velocity attribute does not use the linearization map. Please calculate the velocity using the position attribute.
[2026-09-28 04:39:20,886] INFO: T:13.402, State:late_stance, Fz:-174.54, ThetaRef:5.00, ThetaActual:0.53, EncoderTheta:100.00, EncoderVelocity:-2.64, K:500.00, B:20.00
[2026-09-28 04:39:20,888] DEBUG: No valid transitions from state late_stance
[2026-09-28 04:39:20,888] WARNING: Velocity attribute does not use the linearization map. Please calculate the velocity using the position attribute.
[2026-09-28 04:39:20,894] INFO: T:13.411, State:late_stance, Fz:-149.02, ThetaRef:5.00, ThetaActual:0.54, EncoderTheta:100.02, EncoderVelocity:2.63, K:500.00, B:20.00
[2026-09-28 04:39:20,896] DEBUG: No valid transitions from state late_stance
[2026-09-28 04:39:20,897] WARNING: Velocity attribute does not use the linearization map. Please calculate the velocity using the position attribute.
[2026-09-28 04:39:20,902] INFO: T:13.419, State:late_stance, Fz:-125.51, ThetaRef:5.00, ThetaActual:0.56, EncoderTheta:99.93, EncoderVelocity:-10.52, K:500.00, B:20.00
[2026-09-28 04:39:20,905] DEBUG: No valid transitions from state late_stance
[2026-09-28 04:39:20,905] WARNING: Velocity attribute does not use the linearization map. Please calculate the velocity using the position attribute.
[2026-09-28 04:39:20,911] INFO: T:13.427, State:late_stance, Fz:-104.14, ThetaRef:5.00, ThetaActual:0.59, EncoderTheta:99.87, EncoderVelocity:-7.92, K:500.00, B:20.00
[2026-09-28 04:39:20,913] DEBUG: No valid transitions from state late_stance
[2026-09-28 04:39:20,913] WARNING: Velocity attribute does not use the linearization map. Please calculate the velocity using the position attribute.
[2026-09-28 04:39:20,919] INFO: T:13.436, State:late_stance, Fz:-81.94, ThetaRef:5.00, ThetaActual:0.64, EncoderTheta:99.76, EncoderVelocity:-13.23, K:500.00, B:20.00
[2026-09-28 04:39:20,921] DEBUG: No valid transitions from state late_stance
[2026-09-28 04:39:20,921] WARNING: Velocity attribute does not use the linearization map. Please calculate the velocity using the position attribute.
[2026-09-28 04:39:20,927] INFO: T:13.444, State:late_stance, Fz:-61.45, ThetaRef:5.00, ThetaActual:0.67, EncoderTheta:99.67, EncoderVelocity:-10.62, K:500.00, B:20.00
[2026-09-28 04:39:20,930] DEBUG: No valid transitions from state late_stance
[2026-09-28 04:39:20,930] WARNING: Velocity attribute does not use the linearization map. Please calculate the velocity using the position attribute.
[2026-09-28 04:39:20,936] INFO: T:13.452, State:late_stance, Fz:-38.88, ThetaRef:5.00, ThetaActual:0.73, EncoderTheta:99.56, EncoderVelocity:-13.06, K:500.00, B:20.00
[2026-09-28 04:39:20,938] WARNING: Velocity attribute does not use the linearization map. Please calculate the velocity using the position attribute.
[2026-09-28 04:39:20,944] INFO: T:13.461, State:swing, Fz:-20.15, ThetaRef:60.00, ThetaActual:0.81, EncoderTheta:99.51, EncoderVelocity:-5.27, K:10.00, B:0.50
[2026-09-28 04:39:20,946] DEBUG: No valid transitions from state swing
[2026-09-28 04:39:20,947] WARNING: Velocity attribute does not use the linearization map. Please calculate the velocity using the position attribute.
[2026-09-28 04:39:20,952] INFO: T:13.469, State:swing, Fz:-1.87, ThetaRef:60.00, ThetaActual:0.85, EncoderTheta:99.43, EncoderVelocity:-10.68, K:10.00, B:0.50
[2026-09-28 04:39:20,955] DEBUG: No valid transitions from state swing
[2026-09-28 04:39:20,955] WARNING: Velocity attribute does not use the linearization map. Please calculate the velocity using the position attribute.
[2026-09-28 04:39:20,961] INFO: T:13.477, State:swing, Fz:17.09, ThetaRef:60.00, ThetaActual:0.93, EncoderTheta:99.34, EncoderVelocity:-10.52, K:10.00, B:0.50
[2026-09-28 04:39:20,963] DEBUG: No valid transitions from state swing
[2026-09-28 04:39:20,964] WARNING: Velocity attribute does not use the linearization map. Please calculate the velocity using the position attribute.
[2026-09-28 04:39:20,969] INFO: T:13.486, State:swing, Fz:34.48, ThetaRef:60.00, ThetaActual:1.01, EncoderTheta:99.23, EncoderVelocity:-12.66, K:10.00, B:0.50
[2026-09-28 04:39:20,972] DEBUG: No valid transitions from state swing
[2026-09-28 04:39:20,972] WARNING: Velocity attribute does not use the linearization map. Please calculate the velocity using the position attribute.
[2026-09-28 04:39:20,978] INFO: T:13.494, State:swing, Fz:51.19, ThetaRef:60.00, ThetaActual:1.11, EncoderTheta:99.05, EncoderVelocity:-20.82, K:10.00, B:0.50
[2026-09-28 04:39:20,980] DEBUG: No valid transitions from state swing
[2026-09-28 04:39:20,980] WARNING: Velocity attribute does not use the linearization map. Please calculate the velocity using the position attribute.
[2026-09-28 04:39:20,986] INFO: T:13.503, State:swing, Fz:53.94, ThetaRef:60.00, ThetaActual:1.23, EncoderTheta:98.79, EncoderVelocity:-31.52, K:10.00, B:0.50
[2026-09-28 04:39:20,989] DEBUG: No valid transitions from state swing
[2026-09-28 04:39:20,989] WARNING: Velocity attribute does not use the linearization map. Please calculate the velocity using the position attribute.
[2026-09-28 04:39:20,994] INFO: T:13.511, State:swing, Fz:45.56, ThetaRef:60.00, ThetaActual:1.68, EncoderTheta:98.26, EncoderVelocity:-63.64, K:10.00, B:0.50
[2026-09-28 04:39:20,997] DEBUG: No valid transitions from state swing
[2026-09-28 04:39:20,997] WARNING: Velocity attribute does not use the linearization map. Please calculate the velocity using the position attribute.
[2026-09-28 04:39:21,003] INFO: T:13.520, State:swing, Fz:38.26, ThetaRef:60.00, ThetaActual:2.35, EncoderTheta:97.58, EncoderVelocity:-80.63, K:10.00, B:0.50
[2026-09-28 04:39:21,006] DEBUG: No valid transitions from state swing
[2026-09-28 04:39:21,006] WARNING: Velocity attribute does not use the linearization map. Please calculate the velocity using the position attribute.
[2026-09-28 04:39:21,011] INFO: T:13.528, State:swing, Fz:40.13, ThetaRef:60.00, ThetaActual:2.75, EncoderTheta:96.77, EncoderVelocity:-93.74, K:10.00, B:0.50
[2026-09-28 04:39:21,014] DEBUG: No valid transitions from state swing
[2026-09-28 04:39:21,014] WARNING: Velocity attribute does not use the linearization map. Please calculate the velocity using the position attribute.
[2026-09-28 04:39:21,020] INFO: T:13.537, State:swing, Fz:46.05, ThetaRef:60.00, ThetaActual:3.70, EncoderTheta:95.89, EncoderVelocity:-104.26, K:10.00, B:0.50
[2026-09-28 04:39:21,022] DEBUG: No valid transitions from state swing
[2026-09-28 04:39:21,023] WARNING: Velocity attribute does not use the linearization map. Please calculate the velocity using the position attribute.
[2026-09-28 04:39:21,028] INFO: T:13.545, State:swing, Fz:47.59, ThetaRef:60.00, ThetaActual:4.86, EncoderTheta:94.77, EncoderVelocity:-133.31, K:10.00, B:0.50
[2026-09-28 04:39:21,031] DEBUG: No valid transitions from state swing
[2026-09-28 04:39:21,031] WARNING: Velocity attribute does not use the linearization map. Please calculate the velocity using the position attribute.
[2026-09-28 04:39:21,037] INFO: T:13.553, State:swing, Fz:44.23, ThetaRef:60.00, ThetaActual:6.21, EncoderTheta:93.60, EncoderVelocity:-139.16, K:10.00, B:0.50
[2026-09-28 04:39:21,039] DEBUG: No valid transitions from state swing
[2026-09-28 04:39:21,039] WARNING: Velocity attribute does not use the linearization map. Please calculate the velocity using the position attribute.
[2026-09-28 04:39:21,045] INFO: T:13.562, State:swing, Fz:37.18, ThetaRef:60.00, ThetaActual:6.93, EncoderTheta:92.37, EncoderVelocity:-146.80, K:10.00, B:0.50
[2026-09-28 04:39:21,048] DEBUG: No valid transitions from state swing
[2026-09-28 04:39:21,048] WARNING: Velocity attribute does not use the linearization map. Please calculate the velocity using the position attribute.
[2026-09-28 04:39:21,053] INFO: T:13.570, State:swing, Fz:32.31, ThetaRef:60.00, ThetaActual:8.47, EncoderTheta:91.12, EncoderVelocity:-151.10, K:10.00, B:0.50
[2026-09-28 04:39:21,056] DEBUG: No valid transitions from state swing
[2026-09-28 04:39:21,056] WARNING: Velocity attribute does not use the linearization map. Please calculate the velocity using the position attribute.
[2026-09-28 04:39:21,062] INFO: T:13.578, State:swing, Fz:30.08, ThetaRef:60.00, ThetaActual:9.27, EncoderTheta:89.71, EncoderVelocity:-168.54, K:10.00, B:0.50
[2026-09-28 04:39:21,064] DEBUG: No valid transitions from state swing
[2026-09-28 04:39:21,064] WARNING: Velocity attribute does not use the linearization map. Please calculate the velocity using the position attribute.
[2026-09-28 04:39:21,070] INFO: T:13.587, State:swing, Fz:27.90, ThetaRef:60.00, ThetaActual:10.94, EncoderTheta:88.29, EncoderVelocity:-170.90, K:10.00, B:0.50
[2026-09-28 04:39:21,072] DEBUG: No valid transitions from state swing
[2026-09-28 04:39:21,073] WARNING: Velocity attribute does not use the linearization map. Please calculate the velocity using the position attribute.
[2026-09-28 04:39:21,078] INFO: T:13.595, State:swing, Fz:25.23, ThetaRef:60.00, ThetaActual:12.66, EncoderTheta:86.90, EncoderVelocity:-167.58, K:10.00, B:0.50
[2026-09-28 04:39:21,081] DEBUG: No valid transitions from state swing
[2026-09-28 04:39:21,081] WARNING: Velocity attribute does not use the linearization map. Please calculate the velocity using the position attribute.
[2026-09-28 04:39:21,086] INFO: T:13.603, State:swing, Fz:21.19, ThetaRef:60.00, ThetaActual:13.55, EncoderTheta:85.47, EncoderVelocity:-172.43, K:10.00, B:0.50
[2026-09-28 04:39:21,089] DEBUG: No valid transitions from state swing
[2026-09-28 04:39:21,089] WARNING: Velocity attribute does not use the linearization map. Please calculate the velocity using the position attribute.
[2026-09-28 04:39:21,095] INFO: T:13.612, State:swing, Fz:19.55, ThetaRef:60.00, ThetaActual:15.35, EncoderTheta:83.89, EncoderVelocity:-188.83, K:10.00, B:0.50
[2026-09-28 04:39:21,097] DEBUG: No valid transitions from state swing
[2026-09-28 04:39:21,097] WARNING: Velocity attribute does not use the linearization map. Please calculate the velocity using the position attribute.
[2026-09-28 04:39:21,103] INFO: T:13.620, State:swing, Fz:20.33, ThetaRef:60.00, ThetaActual:17.17, EncoderTheta:82.44, EncoderVelocity:-174.93, K:10.00, B:0.50
[2026-09-28 04:39:21,106] DEBUG: No valid transitions from state swing
[2026-09-28 04:39:21,106] WARNING: Velocity attribute does not use the linearization map. Please calculate the velocity using the position attribute.
[2026-09-28 04:39:21,111] INFO: T:13.628, State:swing, Fz:22.49, ThetaRef:60.00, ThetaActual:18.09, EncoderTheta:80.86, EncoderVelocity:-190.62, K:10.00, B:0.50
[2026-09-28 04:39:21,114] DEBUG: No valid transitions from state swing
[2026-09-28 04:39:21,114] WARNING: Velocity attribute does not use the linearization map. Please calculate the velocity using the position attribute.
[2026-09-28 04:39:21,120] INFO: T:13.637, State:swing, Fz:26.58, ThetaRef:60.00, ThetaActual:19.94, EncoderTheta:79.28, EncoderVelocity:-191.71, K:10.00, B:0.50
[2026-09-28 04:39:21,122] DEBUG: No valid transitions from state swing
[2026-09-28 04:39:21,122] WARNING: Velocity attribute does not use the linearization map. Please calculate the velocity using the position attribute.
[2026-09-28 04:39:21,128] INFO: T:13.645, State:swing, Fz:32.67, ThetaRef:60.00, ThetaActual:21.79, EncoderTheta:77.78, EncoderVelocity:-180.67, K:10.00, B:0.50
[2026-09-28 04:39:21,131] DEBUG: No valid transitions from state swing
[2026-09-28 04:39:21,131] WARNING: Velocity attribute does not use the linearization map. Please calculate the velocity using the position attribute.
[2026-09-28 04:39:21,136] INFO: T:13.653, State:swing, Fz:41.29, ThetaRef:60.00, ThetaActual:22.73, EncoderTheta:76.20, EncoderVelocity:-189.87, K:10.00, B:0.50
[2026-09-28 04:39:21,139] DEBUG: No valid transitions from state swing
[2026-09-28 04:39:21,139] WARNING: Velocity attribute does not use the linearization map. Please calculate the velocity using the position attribute.
[2026-09-28 04:39:21,145] INFO: T:13.662, State:swing, Fz:51.33, ThetaRef:60.00, ThetaActual:24.59, EncoderTheta:74.66, EncoderVelocity:-183.35, K:10.00, B:0.50
[2026-09-28 04:39:21,147] DEBUG: No valid transitions from state swing
[2026-09-28 04:39:21,147] WARNING: Velocity attribute does not use the linearization map. Please calculate the velocity using the position attribute.
[2026-09-28 04:39:21,159] INFO: T:13.670, State:swing, Fz:59.48, ThetaRef:60.00, ThetaActual:26.45, EncoderTheta:73.08, EncoderVelocity:-189.81, K:10.00, B:0.50
[2026-09-28 04:39:21,162] DEBUG: No valid transitions from state swing
[2026-09-28 04:39:21,162] WARNING: Velocity attribute does not use the linearization map. Please calculate the velocity using the position attribute.
[2026-09-28 04:39:21,168] INFO: T:13.684, State:swing, Fz:67.12, ThetaRef:60.00, ThetaActual:29.25, EncoderTheta:70.42, EncoderVelocity:-186.32, K:10.00, B:0.50
[2026-09-28 04:39:21,170] DEBUG: No valid transitions from state swing
[2026-09-28 04:39:21,170] WARNING: Velocity attribute does not use the linearization map. Please calculate the velocity using the position attribute.
[2026-09-28 04:39:21,176] INFO: T:13.693, State:swing, Fz:74.42, ThetaRef:60.00, ThetaActual:30.15, EncoderTheta:68.88, EncoderVelocity:-176.94, K:10.00, B:0.50
[2026-09-28 04:39:21,179] DEBUG: No valid transitions from state swing
[2026-09-28 04:39:21,179] WARNING: Velocity attribute does not use the linearization map. Please calculate the velocity using the position attribute.
[2026-09-28 04:39:21,184] INFO: T:13.701, State:swing, Fz:78.52, ThetaRef:60.00, ThetaActual:31.95, EncoderTheta:67.39, EncoderVelocity:-177.19, K:10.00, B:0.50
[2026-09-28 04:39:21,187] DEBUG: No valid transitions from state swing
[2026-09-28 04:39:21,187] WARNING: Velocity attribute does not use the linearization map. Please calculate the velocity using the position attribute.
[2026-09-28 04:39:21,193] INFO: T:13.710, State:swing, Fz:83.12, ThetaRef:60.00, ThetaActual:33.68, EncoderTheta:65.96, EncoderVelocity:-170.93, K:10.00, B:0.50
[2026-09-28 04:39:21,195] DEBUG: No valid transitions from state swing
[2026-09-28 04:39:21,195] WARNING: Velocity attribute does not use the linearization map. Please calculate the velocity using the position attribute.
[2026-09-28 04:39:21,201] INFO: T:13.718, State:swing, Fz:89.11, ThetaRef:60.00, ThetaActual:34.53, EncoderTheta:64.64, EncoderVelocity:-159.99, K:10.00, B:0.50
[2026-09-28 04:39:21,204] DEBUG: No valid transitions from state swing
[2026-09-28 04:39:21,204] WARNING: Velocity attribute does not use the linearization map. Please calculate the velocity using the position attribute.
[2026-09-28 04:39:21,209] INFO: T:13.726, State:swing, Fz:93.72, ThetaRef:60.00, ThetaActual:36.18, EncoderTheta:63.17, EncoderVelocity:-176.82, K:10.00, B:0.50
[2026-09-28 04:39:21,212] DEBUG: No valid transitions from state swing
[2026-09-28 04:39:21,212] WARNING: Velocity attribute does not use the linearization map. Please calculate the velocity using the position attribute.
[2026-09-28 04:39:21,218] INFO: T:13.735, State:swing, Fz:97.70, ThetaRef:60.00, ThetaActual:37.78, EncoderTheta:61.85, EncoderVelocity:-154.26, K:10.00, B:0.50
[2026-09-28 04:39:21,221] DEBUG: No valid transitions from state swing
[2026-09-28 04:39:21,221] WARNING: Velocity attribute does not use the linearization map. Please calculate the velocity using the position attribute.
[2026-09-28 04:39:21,226] INFO: T:13.743, State:swing, Fz:105.17, ThetaRef:60.00, ThetaActual:38.55, EncoderTheta:60.56, EncoderVelocity:-154.37, K:10.00, B:0.50
[2026-09-28 04:39:21,229] DEBUG: No valid transitions from state swing
[2026-09-28 04:39:21,229] WARNING: Velocity attribute does not use the linearization map. Please calculate the velocity using the position attribute.
[2026-09-28 04:39:21,235] INFO: T:13.752, State:swing, Fz:110.36, ThetaRef:60.00, ThetaActual:40.06, EncoderTheta:59.30, EncoderVelocity:-146.62, K:10.00, B:0.50
[2026-09-28 04:39:21,238] DEBUG: No valid transitions from state swing
[2026-09-28 04:39:21,238] WARNING: Velocity attribute does not use the linearization map. Please calculate the velocity using the position attribute.
[2026-09-28 04:39:21,243] INFO: T:13.760, State:swing, Fz:111.82, ThetaRef:60.00, ThetaActual:41.52, EncoderTheta:58.16, EncoderVelocity:-135.98, K:10.00, B:0.50
[2026-09-28 04:39:21,246] DEBUG: No valid transitions from state swing
[2026-09-28 04:39:21,246] WARNING: Velocity attribute does not use the linearization map. Please calculate the velocity using the position attribute.
[2026-09-28 04:39:21,252] INFO: T:13.768, State:swing, Fz:112.95, ThetaRef:60.00, ThetaActual:42.91, EncoderTheta:57.02, EncoderVelocity:-136.57, K:10.00, B:0.50
[2026-09-28 04:39:21,254] DEBUG: No valid transitions from state swing
[2026-09-28 04:39:21,254] WARNING: Velocity attribute does not use the linearization map. Please calculate the velocity using the position attribute.
[2026-09-28 04:39:21,260] INFO: T:13.777, State:swing, Fz:114.24, ThetaRef:60.00, ThetaActual:43.57, EncoderTheta:55.96, EncoderVelocity:-126.26, K:10.00, B:0.50
[2026-09-28 04:39:21,263] DEBUG: No valid transitions from state swing
[2026-09-28 04:39:21,263] WARNING: Velocity attribute does not use the linearization map. Please calculate the velocity using the position attribute.
[2026-09-28 04:39:21,268] INFO: T:13.785, State:swing, Fz:111.73, ThetaRef:60.00, ThetaActual:44.84, EncoderTheta:54.89, EncoderVelocity:-128.87, K:10.00, B:0.50
[2026-09-28 04:39:21,271] DEBUG: No valid transitions from state swing
[2026-09-28 04:39:21,271] WARNING: Velocity attribute does not use the linearization map. Please calculate the velocity using the position attribute.
[2026-09-28 04:39:21,277] INFO: T:13.794, State:swing, Fz:109.76, ThetaRef:60.00, ThetaActual:45.86, EncoderTheta:54.05, EncoderVelocity:-97.92, K:10.00, B:0.50
[2026-09-28 04:39:21,279] DEBUG: No valid transitions from state swing
[2026-09-28 04:39:21,280] WARNING: Velocity attribute does not use the linearization map. Please calculate the velocity using the position attribute.
[2026-09-28 04:39:21,285] INFO: T:13.802, State:swing, Fz:108.25, ThetaRef:60.00, ThetaActual:46.39, EncoderTheta:53.26, EncoderVelocity:-94.76, K:10.00, B:0.50
[2026-09-28 04:39:21,288] DEBUG: No valid transitions from state swing
[2026-09-28 04:39:21,288] WARNING: Velocity attribute does not use the linearization map. Please calculate the velocity using the position attribute.
[2026-09-28 04:39:21,293] INFO: T:13.810, State:swing, Fz:98.29, ThetaRef:60.00, ThetaActual:47.33, EncoderTheta:52.58, EncoderVelocity:-81.70, K:10.00, B:0.50
[2026-09-28 04:39:21,296] DEBUG: No valid transitions from state swing
[2026-09-28 04:39:21,296] WARNING: Velocity attribute does not use the linearization map. Please calculate the velocity using the position attribute.
[2026-09-28 04:39:21,302] INFO: T:13.819, State:swing, Fz:99.09, ThetaRef:60.00, ThetaActual:48.12, EncoderTheta:52.01, EncoderVelocity:-68.85, K:10.00, B:0.50
[2026-09-28 04:39:21,304] DEBUG: No valid transitions from state swing
[2026-09-28 04:39:21,304] WARNING: Velocity attribute does not use the linearization map. Please calculate the velocity using the position attribute.
[2026-09-28 04:39:21,310] INFO: T:13.827, State:swing, Fz:99.67, ThetaRef:60.00, ThetaActual:48.46, EncoderTheta:51.50, EncoderVelocity:-60.98, K:10.00, B:0.50
[2026-09-28 04:39:21,313] DEBUG: No valid transitions from state swing
[2026-09-28 04:39:21,313] WARNING: Velocity attribute does not use the linearization map. Please calculate the velocity using the position attribute.
[2026-09-28 04:39:21,318] INFO: T:13.835, State:swing, Fz:99.18, ThetaRef:60.00, ThetaActual:49.04, EncoderTheta:51.11, EncoderVelocity:-47.75, K:10.00, B:0.50
[2026-09-28 04:39:21,321] DEBUG: No valid transitions from state swing
[2026-09-28 04:39:21,321] WARNING: Velocity attribute does not use the linearization map. Please calculate the velocity using the position attribute.
[2026-09-28 04:39:21,327] INFO: T:13.844, State:swing, Fz:100.26, ThetaRef:60.00, ThetaActual:49.46, EncoderTheta:50.80, EncoderVelocity:-36.80, K:10.00, B:0.50
[2026-09-28 04:39:21,329] DEBUG: No valid transitions from state swing
[2026-09-28 04:39:21,329] WARNING: Velocity attribute does not use the linearization map. Please calculate the velocity using the position attribute.
[2026-09-28 04:39:21,335] INFO: T:13.852, State:swing, Fz:102.05, ThetaRef:60.00, ThetaActual:49.63, EncoderTheta:50.65, EncoderVelocity:-18.65, K:10.00, B:0.50
[2026-09-28 04:39:21,338] DEBUG: No valid transitions from state swing
[2026-09-28 04:39:21,338] WARNING: Velocity attribute does not use the linearization map. Please calculate the velocity using the position attribute.
[2026-09-28 04:39:21,343] INFO: T:13.860, State:swing, Fz:103.96, ThetaRef:60.00, ThetaActual:49.84, EncoderTheta:50.58, EncoderVelocity:-7.96, K:10.00, B:0.50
[2026-09-28 04:39:21,346] DEBUG: No valid transitions from state swing
[2026-09-28 04:39:21,346] WARNING: Velocity attribute does not use the linearization map. Please calculate the velocity using the position attribute.
[2026-09-28 04:39:21,352] INFO: T:13.868, State:swing, Fz:105.35, ThetaRef:60.00, ThetaActual:49.89, EncoderTheta:50.56, EncoderVelocity:-2.65, K:10.00, B:0.50
[2026-09-28 04:39:21,354] DEBUG: No valid transitions from state swing
[2026-09-28 04:39:21,354] WARNING: Velocity attribute does not use the linearization map. Please calculate the velocity using the position attribute.
[2026-09-28 04:39:21,360] INFO: T:13.877, State:swing, Fz:100.45, ThetaRef:60.00, ThetaActual:49.89, EncoderTheta:50.60, EncoderVelocity:5.25, K:10.00, B:0.50
[2026-09-28 04:39:21,362] DEBUG: No valid transitions from state swing
[2026-09-28 04:39:21,363] WARNING: Velocity attribute does not use the linearization map. Please calculate the velocity using the position attribute.
[2026-09-28 04:39:21,368] INFO: T:13.885, State:swing, Fz:94.24, ThetaRef:60.00, ThetaActual:49.84, EncoderTheta:50.69, EncoderVelocity:10.67, K:10.00, B:0.50
[2026-09-28 04:39:21,371] DEBUG: No valid transitions from state swing
[2026-09-28 04:39:21,371] WARNING: Velocity attribute does not use the linearization map. Please calculate the velocity using the position attribute.
[2026-09-28 04:39:21,377] INFO: T:13.893, State:swing, Fz:87.01, ThetaRef:60.00, ThetaActual:49.78, EncoderTheta:50.91, EncoderVelocity:26.31, K:10.00, B:0.50
[2026-09-28 04:39:21,379] DEBUG: No valid transitions from state swing
[2026-09-28 04:39:21,379] WARNING: Velocity attribute does not use the linearization map. Please calculate the velocity using the position attribute.
[2026-09-28 04:39:21,385] INFO: T:13.902, State:swing, Fz:79.06, ThetaRef:60.00, ThetaActual:49.62, EncoderTheta:51.11, EncoderVelocity:23.66, K:10.00, B:0.50
[2026-09-28 04:39:21,388] DEBUG: No valid transitions from state swing
[2026-09-28 04:39:21,388] WARNING: Velocity attribute does not use the linearization map. Please calculate the velocity using the position attribute.
[2026-09-28 04:39:21,393] INFO: T:13.910, State:swing, Fz:75.42, ThetaRef:60.00, ThetaActual:49.36, EncoderTheta:51.37, EncoderVelocity:30.69, K:10.00, B:0.50
[2026-09-28 04:39:21,396] DEBUG: No valid transitions from state swing
[2026-09-28 04:39:21,396] WARNING: Velocity attribute does not use the linearization map. Please calculate the velocity using the position attribute.
[2026-09-28 04:39:21,402] INFO: T:13.919, State:swing, Fz:70.21, ThetaRef:60.00, ThetaActual:49.02, EncoderTheta:51.75, EncoderVelocity:44.43, K:10.00, B:0.50
[2026-09-28 04:39:21,405] DEBUG: No valid transitions from state swing
[2026-09-28 04:39:21,405] WARNING: Velocity attribute does not use the linearization map. Please calculate the velocity using the position attribute.
[2026-09-28 04:39:21,410] INFO: T:13.927, State:swing, Fz:63.70, ThetaRef:60.00, ThetaActual:48.82, EncoderTheta:52.23, EncoderVelocity:57.65, K:10.00, B:0.50
[2026-09-28 04:39:21,413] DEBUG: No valid transitions from state swing
[2026-09-28 04:39:21,413] WARNING: Velocity attribute does not use the linearization map. Please calculate the velocity using the position attribute.
[2026-09-28 04:39:21,419] INFO: T:13.935, State:swing, Fz:56.81, ThetaRef:60.00, ThetaActual:48.35, EncoderTheta:52.67, EncoderVelocity:52.50, K:10.00, B:0.50
[2026-09-28 04:39:21,421] DEBUG: No valid transitions from state swing
[2026-09-28 04:39:21,421] WARNING: Velocity attribute does not use the linearization map. Please calculate the velocity using the position attribute.
[2026-09-28 04:39:21,427] INFO: T:13.944, State:swing, Fz:51.58, ThetaRef:60.00, ThetaActual:47.78, EncoderTheta:53.22, EncoderVelocity:65.73, K:10.00, B:0.50
[2026-09-28 04:39:21,430] DEBUG: No valid transitions from state swing
[2026-09-28 04:39:21,430] WARNING: Velocity attribute does not use the linearization map. Please calculate the velocity using the position attribute.
[2026-09-28 04:39:21,435] INFO: T:13.952, State:swing, Fz:48.05, ThetaRef:60.00, ThetaActual:47.45, EncoderTheta:53.83, EncoderVelocity:73.97, K:10.00, B:0.50
[2026-09-28 04:39:21,438] DEBUG: No valid transitions from state swing
[2026-09-28 04:39:21,438] WARNING: Velocity attribute does not use the linearization map. Please calculate the velocity using the position attribute.
[2026-09-28 04:39:21,444] INFO: T:13.961, State:swing, Fz:44.35, ThetaRef:60.00, ThetaActual:46.75, EncoderTheta:54.54, EncoderVelocity:84.01, K:10.00, B:0.50
[2026-09-28 04:39:21,446] DEBUG: No valid transitions from state swing
[2026-09-28 04:39:21,446] WARNING: Velocity attribute does not use the linearization map. Please calculate the velocity using the position attribute.
[2026-09-28 04:39:21,452] INFO: T:13.969, State:swing, Fz:40.07, ThetaRef:60.00, ThetaActual:45.95, EncoderTheta:55.31, EncoderVelocity:92.79, K:10.00, B:0.50
[2026-09-28 04:39:21,455] DEBUG: No valid transitions from state swing
[2026-09-28 04:39:21,455] WARNING: Velocity attribute does not use the linearization map. Please calculate the velocity using the position attribute.
[2026-09-28 04:39:21,460] INFO: T:13.977, State:swing, Fz:34.31, ThetaRef:60.00, ThetaActual:45.51, EncoderTheta:56.12, EncoderVelocity:98.14, K:10.00, B:0.50
[2026-09-28 04:39:21,463] DEBUG: No valid transitions from state swing
[2026-09-28 04:39:21,463] WARNING: Velocity attribute does not use the linearization map. Please calculate the velocity using the position attribute.
[2026-09-28 04:39:21,469] INFO: T:13.985, State:swing, Fz:27.47, ThetaRef:60.00, ThetaActual:44.56, EncoderTheta:57.00, EncoderVelocity:105.92, K:10.00, B:0.50
[2026-09-28 04:39:21,471] DEBUG: No valid transitions from state swing
[2026-09-28 04:39:21,471] WARNING: Velocity attribute does not use the linearization map. Please calculate the velocity using the position attribute.
[2026-09-28 04:39:21,477] INFO: T:13.994, State:swing, Fz:20.72, ThetaRef:60.00, ThetaActual:43.50, EncoderTheta:57.99, EncoderVelocity:118.54, K:10.00, B:0.50
[2026-09-28 04:39:21,479] DEBUG: No valid transitions from state swing
[2026-09-28 04:39:21,479] WARNING: Velocity attribute does not use the linearization map. Please calculate the velocity using the position attribute.
[2026-09-28 04:39:21,485] INFO: T:14.002, State:swing, Fz:13.59, ThetaRef:60.00, ThetaActual:42.92, EncoderTheta:59.02, EncoderVelocity:125.24, K:10.00, B:0.50
[2026-09-28 04:39:21,488] DEBUG: No valid transitions from state swing
[2026-09-28 04:39:21,488] WARNING: Velocity attribute does not use the linearization map. Please calculate the velocity using the position attribute.
[2026-09-28 04:39:21,493] INFO: T:14.010, State:swing, Fz:9.67, ThetaRef:60.00, ThetaActual:41.68, EncoderTheta:60.14, EncoderVelocity:134.05, K:10.00, B:0.50
[2026-09-28 04:39:21,496] DEBUG: No valid transitions from state swing
[2026-09-28 04:39:21,496] WARNING: Velocity attribute does not use the linearization map. Please calculate the velocity using the position attribute.
[2026-09-28 04:39:21,502] INFO: T:14.019, State:swing, Fz:7.66, ThetaRef:60.00, ThetaActual:40.34, EncoderTheta:61.35, EncoderVelocity:145.53, K:10.00, B:0.50
[2026-09-28 04:39:21,504] DEBUG: No valid transitions from state swing
[2026-09-28 04:39:21,505] WARNING: Velocity attribute does not use the linearization map. Please calculate the velocity using the position attribute.
[2026-09-28 04:39:21,510] INFO: T:14.027, State:swing, Fz:3.63, ThetaRef:60.00, ThetaActual:39.62, EncoderTheta:62.58, EncoderVelocity:147.36, K:10.00, B:0.50
[2026-09-28 04:39:21,513] DEBUG: No valid transitions from state swing
[2026-09-28 04:39:21,513] WARNING: Velocity attribute does not use the linearization map. Please calculate the velocity using the position attribute.
[2026-09-28 04:39:21,519] INFO: T:14.035, State:swing, Fz:2.10, ThetaRef:60.00, ThetaActual:38.14, EncoderTheta:63.90, EncoderVelocity:157.86, K:10.00, B:0.50
[2026-09-28 04:39:21,521] DEBUG: No valid transitions from state swing
[2026-09-28 04:39:21,521] WARNING: Velocity attribute does not use the linearization map. Please calculate the velocity using the position attribute.
[2026-09-28 04:39:21,527] INFO: T:14.044, State:swing, Fz:-1.07, ThetaRef:60.00, ThetaActual:36.57, EncoderTheta:65.35, EncoderVelocity:173.47, K:10.00, B:0.50
[2026-09-28 04:39:21,530] DEBUG: No valid transitions from state swing
[2026-09-28 04:39:21,530] WARNING: Velocity attribute does not use the linearization map. Please calculate the velocity using the position attribute.
[2026-09-28 04:39:21,535] INFO: T:14.052, State:swing, Fz:-4.98, ThetaRef:60.00, ThetaActual:35.75, EncoderTheta:66.80, EncoderVelocity:172.37, K:10.00, B:0.50
[2026-09-28 04:39:21,538] DEBUG: No valid transitions from state swing
[2026-09-28 04:39:21,538] WARNING: Velocity attribute does not use the linearization map. Please calculate the velocity using the position attribute.
[2026-09-28 04:39:21,544] INFO: T:14.061, State:swing, Fz:-8.94, ThetaRef:60.00, ThetaActual:34.06, EncoderTheta:68.31, EncoderVelocity:178.39, K:10.00, B:0.50
[2026-09-28 04:39:21,546] DEBUG: No valid transitions from state swing
[2026-09-28 04:39:21,546] WARNING: Velocity attribute does not use the linearization map. Please calculate the velocity using the position attribute.
[2026-09-28 04:39:21,552] INFO: T:14.069, State:swing, Fz:-9.49, ThetaRef:60.00, ThetaActual:32.30, EncoderTheta:69.76, EncoderVelocity:174.56, K:10.00, B:0.50
[2026-09-28 04:39:21,555] DEBUG: No valid transitions from state swing
[2026-09-28 04:39:21,555] WARNING: Velocity attribute does not use the linearization map. Please calculate the velocity using the position attribute.
[2026-09-28 04:39:21,560] INFO: T:14.077, State:swing, Fz:-11.89, ThetaRef:60.00, ThetaActual:31.40, EncoderTheta:71.32, EncoderVelocity:187.79, K:10.00, B:0.50
[2026-09-28 04:39:21,563] DEBUG: No valid transitions from state swing
[2026-09-28 04:39:21,563] WARNING: Velocity attribute does not use the linearization map. Please calculate the velocity using the position attribute.
[2026-09-28 04:39:21,569] INFO: T:14.086, State:swing, Fz:-13.69, ThetaRef:60.00, ThetaActual:29.55, EncoderTheta:72.91, EncoderVelocity:190.98, K:10.00, B:0.50
[2026-09-28 04:39:21,571] DEBUG: No valid transitions from state swing
[2026-09-28 04:39:21,571] WARNING: Velocity attribute does not use the linearization map. Please calculate the velocity using the position attribute.
[2026-09-28 04:39:21,580] INFO: T:14.094, State:swing, Fz:-14.59, ThetaRef:60.00, ThetaActual:27.66, EncoderTheta:74.49, EncoderVelocity:193.04, K:10.00, B:0.50
[2026-09-28 04:39:21,583] DEBUG: No valid transitions from state swing
[2026-09-28 04:39:21,583] WARNING: Velocity attribute does not use the linearization map. Please calculate the velocity using the position attribute.
[2026-09-28 04:39:21,588] INFO: T:14.105, State:swing, Fz:-16.72, ThetaRef:60.00, ThetaActual:25.73, EncoderTheta:76.66, EncoderVelocity:191.39, K:10.00, B:0.50
[2026-09-28 04:39:21,591] DEBUG: No valid transitions from state swing
[2026-09-28 04:39:21,591] WARNING: Velocity attribute does not use the linearization map. Please calculate the velocity using the position attribute.
[2026-09-28 04:39:21,597] INFO: T:14.114, State:swing, Fz:-18.40, ThetaRef:60.00, ThetaActual:23.78, EncoderTheta:78.42, EncoderVelocity:204.28, K:10.00, B:0.50
[2026-09-28 04:39:21,600] DEBUG: No valid transitions from state swing
[2026-09-28 04:39:21,600] WARNING: Velocity attribute does not use the linearization map. Please calculate the velocity using the position attribute.
[2026-09-28 04:39:21,605] INFO: T:14.122, State:swing, Fz:-19.64, ThetaRef:60.00, ThetaActual:22.80, EncoderTheta:80.07, EncoderVelocity:196.90, K:10.00, B:0.50
[2026-09-28 04:39:21,608] DEBUG: No valid transitions from state swing
[2026-09-28 04:39:21,608] WARNING: Velocity attribute does not use the linearization map. Please calculate the velocity using the position attribute.
[2026-09-28 04:39:21,614] INFO: T:14.130, State:swing, Fz:-21.59, ThetaRef:60.00, ThetaActual:20.82, EncoderTheta:81.63, EncoderVelocity:187.11, K:10.00, B:0.50
[2026-09-28 04:39:21,617] DEBUG: No valid transitions from state swing
[2026-09-28 04:39:21,618] WARNING: Velocity attribute does not use the linearization map. Please calculate the velocity using the position attribute.
[2026-09-28 04:39:21,623] INFO: T:14.140, State:swing, Fz:-23.10, ThetaRef:60.00, ThetaActual:18.85, EncoderTheta:83.63, EncoderVelocity:209.91, K:10.00, B:0.50
[2026-09-28 04:39:21,626] DEBUG: No valid transitions from state swing
[2026-09-28 04:39:21,626] WARNING: Velocity attribute does not use the linearization map. Please calculate the velocity using the position attribute.
[2026-09-28 04:39:21,632] INFO: T:14.149, State:swing, Fz:-23.77, ThetaRef:60.00, ThetaActual:16.89, EncoderTheta:85.32, EncoderVelocity:193.77, K:10.00, B:0.50
[2026-09-28 04:39:21,635] DEBUG: No valid transitions from state swing
[2026-09-28 04:39:21,635] WARNING: Velocity attribute does not use the linearization map. Please calculate the velocity using the position attribute.
[2026-09-28 04:39:21,640] INFO: T:14.157, State:swing, Fz:-23.75, ThetaRef:60.00, ThetaActual:15.92, EncoderTheta:86.99, EncoderVelocity:195.43, K:10.00, B:0.50
[2026-09-28 04:39:21,643] DEBUG: No valid transitions from state swing
[2026-09-28 04:39:21,643] WARNING: Velocity attribute does not use the linearization map. Please calculate the velocity using the position attribute.
[2026-09-28 04:39:21,649] INFO: T:14.166, State:swing, Fz:-24.22, ThetaRef:60.00, ThetaActual:13.98, EncoderTheta:88.62, EncoderVelocity:192.59, K:10.00, B:0.50
[2026-09-28 04:39:21,652] WARNING: Velocity attribute does not use the linearization map. Please calculate the velocity using the position attribute.
[2026-09-28 04:39:21,657] INFO: T:14.174, State:early_stance, Fz:-27.10, ThetaRef:15.00, ThetaActual:12.08, EncoderTheta:90.20, EncoderVelocity:187.69, K:20.00, B:1.00
[2026-09-28 04:39:21,660] DEBUG: No valid transitions from state early_stance
[2026-09-28 04:39:21,660] WARNING: Velocity attribute does not use the linearization map. Please calculate the velocity using the position attribute.
[2026-09-28 04:39:21,666] INFO: T:14.182, State:early_stance, Fz:-28.77, ThetaRef:15.00, ThetaActual:11.15, EncoderTheta:91.69, EncoderVelocity:180.72, K:20.00, B:1.00
[2026-09-28 04:39:21,668] DEBUG: No valid transitions from state early_stance
[2026-09-28 04:39:21,668] WARNING: Velocity attribute does not use the linearization map. Please calculate the velocity using the position attribute.
[2026-09-28 04:39:21,674] INFO: T:14.191, State:early_stance, Fz:-28.13, ThetaRef:15.00, ThetaActual:9.31, EncoderTheta:93.25, EncoderVelocity:181.51, K:20.00, B:1.00
[2026-09-28 04:39:21,677] DEBUG: No valid transitions from state early_stance
[2026-09-28 04:39:21,677] WARNING: Velocity attribute does not use the linearization map. Please calculate the velocity using the position attribute.
[2026-09-28 04:39:21,682] INFO: T:14.199, State:early_stance, Fz:-28.63, ThetaRef:15.00, ThetaActual:7.53, EncoderTheta:94.75, EncoderVelocity:178.50, K:20.00, B:1.00
[2026-09-28 04:39:21,685] DEBUG: No valid transitions from state early_stance
[2026-09-28 04:39:21,685] WARNING: Velocity attribute does not use the linearization map. Please calculate the velocity using the position attribute.
[2026-09-28 04:39:21,691] INFO: T:14.208, State:early_stance, Fz:-29.44, ThetaRef:15.00, ThetaActual:6.65, EncoderTheta:96.15, EncoderVelocity:169.04, K:20.00, B:1.00
[2026-09-28 04:39:21,693] DEBUG: No valid transitions from state early_stance
[2026-09-28 04:39:21,693] WARNING: Velocity attribute does not use the linearization map. Please calculate the velocity using the position attribute.
[2026-09-28 04:39:21,699] INFO: T:14.216, State:early_stance, Fz:-31.06, ThetaRef:15.00, ThetaActual:4.95, EncoderTheta:97.51, EncoderVelocity:164.95, K:20.00, B:1.00
[2026-09-28 04:39:21,702] DEBUG: No valid transitions from state early_stance
[2026-09-28 04:39:21,702] WARNING: Velocity attribute does not use the linearization map. Please calculate the velocity using the position attribute.
[2026-09-28 04:39:21,707] INFO: T:14.224, State:early_stance, Fz:-30.89, ThetaRef:15.00, ThetaActual:3.33, EncoderTheta:98.81, EncoderVelocity:154.48, K:20.00, B:1.00
[2026-09-28 04:39:21,710] DEBUG: No valid transitions from state early_stance
[2026-09-28 04:39:21,710] WARNING: Velocity attribute does not use the linearization map. Please calculate the velocity using the position attribute.
[2026-09-28 04:39:21,716] INFO: T:14.233, State:early_stance, Fz:-31.73, ThetaRef:15.00, ThetaActual:2.56, EncoderTheta:100.13, EncoderVelocity:157.93, K:20.00, B:1.00
[2026-09-28 04:39:21,718] DEBUG: No valid transitions from state early_stance
[2026-09-28 04:39:21,719] WARNING: Velocity attribute does not use the linearization map. Please calculate the velocity using the position attribute.
[2026-09-28 04:39:21,724] INFO: T:14.241, State:early_stance, Fz:-85.51, ThetaRef:15.00, ThetaActual:1.08, EncoderTheta:100.20, EncoderVelocity:7.83, K:20.00, B:1.00
[2026-09-28 04:39:21,727] DEBUG: No valid transitions from state early_stance
[2026-09-28 04:39:21,727] WARNING: Velocity attribute does not use the linearization map. Please calculate the velocity using the position attribute.
[2026-09-28 04:39:21,733] INFO: T:14.249, State:early_stance, Fz:-81.95, ThetaRef:15.00, ThetaActual:-0.21, EncoderTheta:100.20, EncoderVelocity:0.00, K:20.00, B:1.00
[2026-09-28 04:39:21,735] DEBUG: No valid transitions from state early_stance
[2026-09-28 04:39:21,735] WARNING: Velocity attribute does not use the linearization map. Please calculate the velocity using the position attribute.
[2026-09-28 04:39:21,741] INFO: T:14.258, State:early_stance, Fz:-47.95, ThetaRef:15.00, ThetaActual:-0.57, EncoderTheta:100.20, EncoderVelocity:0.00, K:20.00, B:1.00
[2026-09-28 04:39:21,744] DEBUG: No valid transitions from state early_stance
[2026-09-28 04:39:21,744] WARNING: Velocity attribute does not use the linearization map. Please calculate the velocity using the position attribute.
[2026-09-28 04:39:21,749] INFO: T:14.266, State:early_stance, Fz:-70.15, ThetaRef:15.00, ThetaActual:-0.36, EncoderTheta:100.11, EncoderVelocity:-10.54, K:20.00, B:1.00
[2026-09-28 04:39:21,752] DEBUG: No valid transitions from state early_stance
[2026-09-28 04:39:21,752] WARNING: Velocity attribute does not use the linearization map. Please calculate the velocity using the position attribute.
[2026-09-28 04:39:21,758] INFO: T:14.275, State:early_stance, Fz:-66.10, ThetaRef:15.00, ThetaActual:0.55, EncoderTheta:99.87, EncoderVelocity:-28.96, K:20.00, B:1.00
[2026-09-28 04:39:21,760] DEBUG: No valid transitions from state early_stance
[2026-09-28 04:39:21,760] WARNING: Velocity attribute does not use the linearization map. Please calculate the velocity using the position attribute.
[2026-09-28 04:39:21,766] INFO: T:14.283, State:early_stance, Fz:-59.43, ThetaRef:15.00, ThetaActual:1.05, EncoderTheta:99.71, EncoderVelocity:-18.55, K:20.00, B:1.00
[2026-09-28 04:39:21,769] DEBUG: No valid transitions from state early_stance
[2026-09-28 04:39:21,769] WARNING: Velocity attribute does not use the linearization map. Please calculate the velocity using the position attribute.
[2026-09-28 04:39:21,774] INFO: T:14.291, State:early_stance, Fz:-76.50, ThetaRef:15.00, ThetaActual:1.96, EncoderTheta:99.18, EncoderVelocity:-63.44, K:20.00, B:1.00
[2026-09-28 04:39:21,777] DEBUG: No valid transitions from state early_stance
[2026-09-28 04:39:21,777] WARNING: Velocity attribute does not use the linearization map. Please calculate the velocity using the position attribute.
[2026-09-28 04:39:21,783] INFO: T:14.300, State:early_stance, Fz:-71.99, ThetaRef:15.00, ThetaActual:2.62, EncoderTheta:98.48, EncoderVelocity:-83.97, K:20.00, B:1.00
[2026-09-28 04:39:21,785] DEBUG: No valid transitions from state early_stance
[2026-09-28 04:39:21,785] WARNING: Velocity attribute does not use the linearization map. Please calculate the velocity using the position attribute.
[2026-09-28 04:39:21,791] INFO: T:14.308, State:early_stance, Fz:-67.39, ThetaRef:15.00, ThetaActual:2.85, EncoderTheta:97.98, EncoderVelocity:-60.29, K:20.00, B:1.00
[2026-09-28 04:39:21,794] DEBUG: No valid transitions from state early_stance
[2026-09-28 04:39:21,794] WARNING: Velocity attribute does not use the linearization map. Please calculate the velocity using the position attribute.
[2026-09-28 04:39:21,800] INFO: T:14.316, State:early_stance, Fz:-50.97, ThetaRef:15.00, ThetaActual:3.22, EncoderTheta:97.40, EncoderVelocity:-68.06, K:20.00, B:1.00
[2026-09-28 04:39:21,802] DEBUG: No valid transitions from state early_stance
[2026-09-28 04:39:21,802] WARNING: Velocity attribute does not use the linearization map. Please calculate the velocity using the position attribute.
[2026-09-28 04:39:21,808] INFO: T:14.325, State:early_stance, Fz:-39.89, ThetaRef:15.00, ThetaActual:3.49, EncoderTheta:97.12, EncoderVelocity:-33.95, K:20.00, B:1.00
[2026-09-28 04:39:21,810] DEBUG: No valid transitions from state early_stance
[2026-09-28 04:39:21,811] WARNING: Velocity attribute does not use the linearization map. Please calculate the velocity using the position attribute.
[2026-09-28 04:39:21,816] INFO: T:14.333, State:early_stance, Fz:-29.46, ThetaRef:15.00, ThetaActual:3.60, EncoderTheta:96.90, EncoderVelocity:-26.60, K:20.00, B:1.00
[2026-09-28 04:39:21,819] DEBUG: No valid transitions from state early_stance
[2026-09-28 04:39:21,819] WARNING: Velocity attribute does not use the linearization map. Please calculate the velocity using the position attribute.
[2026-09-28 04:39:21,824] INFO: T:14.341, State:early_stance, Fz:-23.51, ThetaRef:15.00, ThetaActual:3.79, EncoderTheta:96.79, EncoderVelocity:-13.17, K:20.00, B:1.00
[2026-09-28 04:39:21,827] DEBUG: No valid transitions from state early_stance
[2026-09-28 04:39:21,827] WARNING: Velocity attribute does not use the linearization map. Please calculate the velocity using the position attribute.
[2026-09-28 04:39:21,833] INFO: T:14.350, State:early_stance, Fz:-18.63, ThetaRef:15.00, ThetaActual:3.95, EncoderTheta:96.77, EncoderVelocity:-2.62, K:20.00, B:1.00
[2026-09-28 04:39:21,836] DEBUG: No valid transitions from state early_stance
[2026-09-28 04:39:21,836] WARNING: Velocity attribute does not use the linearization map. Please calculate the velocity using the position attribute.
[2026-09-28 04:39:21,841] INFO: T:14.358, State:early_stance, Fz:-17.30, ThetaRef:15.00, ThetaActual:4.01, EncoderTheta:96.70, EncoderVelocity:-7.85, K:20.00, B:1.00
[2026-09-28 04:39:21,844] DEBUG: No valid transitions from state early_stance
[2026-09-28 04:39:21,844] WARNING: Velocity attribute does not use the linearization map. Please calculate the velocity using the position attribute.
[2026-09-28 04:39:21,850] INFO: T:14.366, State:early_stance, Fz:-12.32, ThetaRef:15.00, ThetaActual:4.08, EncoderTheta:96.59, EncoderVelocity:-13.13, K:20.00, B:1.00
[2026-09-28 04:39:21,852] DEBUG: No valid transitions from state early_stance
[2026-09-28 04:39:21,852] WARNING: Velocity attribute does not use the linearization map. Please calculate the velocity using the position attribute.
[2026-09-28 04:39:21,858] INFO: T:14.375, State:early_stance, Fz:-6.00, ThetaRef:15.00, ThetaActual:4.11, EncoderTheta:96.66, EncoderVelocity:7.95, K:20.00, B:1.00
[2026-09-28 04:39:21,861] DEBUG: No valid transitions from state early_stance
[2026-09-28 04:39:21,861] WARNING: Velocity attribute does not use the linearization map. Please calculate the velocity using the position attribute.
[2026-09-28 04:39:21,866] INFO: T:14.383, State:early_stance, Fz:-6.16, ThetaRef:15.00, ThetaActual:4.12, EncoderTheta:96.66, EncoderVelocity:0.00, K:20.00, B:1.00
[2026-09-28 04:39:21,869] DEBUG: No valid transitions from state early_stance
[2026-09-28 04:39:21,869] WARNING: Velocity attribute does not use the linearization map. Please calculate the velocity using the position attribute.
[2026-09-28 04:39:21,875] INFO: T:14.391, State:early_stance, Fz:-6.84, ThetaRef:15.00, ThetaActual:4.13, EncoderTheta:96.66, EncoderVelocity:0.00, K:20.00, B:1.00
[2026-09-28 04:39:21,877] DEBUG: No valid transitions from state early_stance
[2026-09-28 04:39:21,877] WARNING: Velocity attribute does not use the linearization map. Please calculate the velocity using the position attribute.
[2026-09-28 04:39:21,883] INFO: T:14.400, State:early_stance, Fz:-5.93, ThetaRef:15.00, ThetaActual:4.13, EncoderTheta:96.64, EncoderVelocity:-2.63, K:20.00, B:1.00
[2026-09-28 04:39:21,885] DEBUG: No valid transitions from state early_stance
[2026-09-28 04:39:21,886] WARNING: Velocity attribute does not use the linearization map. Please calculate the velocity using the position attribute.
[2026-09-28 04:39:21,891] INFO: T:14.408, State:early_stance, Fz:-6.65, ThetaRef:15.00, ThetaActual:4.13, EncoderTheta:96.66, EncoderVelocity:2.66, K:20.00, B:1.00
[2026-09-28 04:39:21,894] DEBUG: No valid transitions from state early_stance
[2026-09-28 04:39:21,894] WARNING: Velocity attribute does not use the linearization map. Please calculate the velocity using the position attribute.
[2026-09-28 04:39:21,899] INFO: T:14.416, State:early_stance, Fz:-6.69, ThetaRef:15.00, ThetaActual:4.13, EncoderTheta:96.61, EncoderVelocity:-5.31, K:20.00, B:1.00
[2026-09-28 04:39:21,902] DEBUG: No valid transitions from state early_stance
[2026-09-28 04:39:21,902] WARNING: Velocity attribute does not use the linearization map. Please calculate the velocity using the position attribute.
[2026-09-28 04:39:21,908] INFO: T:14.425, State:early_stance, Fz:-6.26, ThetaRef:15.00, ThetaActual:4.13, EncoderTheta:96.64, EncoderVelocity:2.63, K:20.00, B:1.00
[2026-09-28 04:39:21,910] DEBUG: No valid transitions from state early_stance
[2026-09-28 04:39:21,910] WARNING: Velocity attribute does not use the linearization map. Please calculate the velocity using the position attribute.
[2026-09-28 04:39:21,916] INFO: T:14.433, State:early_stance, Fz:-5.43, ThetaRef:15.00, ThetaActual:4.13, EncoderTheta:96.59, EncoderVelocity:-5.33, K:20.00, B:1.00
[2026-09-28 04:39:21,919] DEBUG: No valid transitions from state early_stance
[2026-09-28 04:39:21,919] WARNING: Velocity attribute does not use the linearization map. Please calculate the velocity using the position attribute.
[2026-09-28 04:39:21,924] INFO: T:14.441, State:early_stance, Fz:-2.85, ThetaRef:15.00, ThetaActual:4.13, EncoderTheta:96.61, EncoderVelocity:2.66, K:20.00, B:1.00
[2026-09-28 04:39:21,927] DEBUG: No valid transitions from state early_stance
[2026-09-28 04:39:21,927] WARNING: Velocity attribute does not use the linearization map. Please calculate the velocity using the position attribute.
[2026-09-28 04:39:21,933] INFO: T:14.449, State:early_stance, Fz:-3.28, ThetaRef:15.00, ThetaActual:4.13, EncoderTheta:96.57, EncoderVelocity:-5.27, K:20.00, B:1.00
[2026-09-28 04:39:21,935] DEBUG: No valid transitions from state early_stance
[2026-09-28 04:39:21,935] WARNING: Velocity attribute does not use the linearization map. Please calculate the velocity using the position attribute.
[2026-09-28 04:39:21,941] INFO: T:14.458, State:early_stance, Fz:-2.65, ThetaRef:15.00, ThetaActual:4.13, EncoderTheta:96.59, EncoderVelocity:2.63, K:20.00, B:1.00
[2026-09-28 04:39:21,943] DEBUG: No valid transitions from state early_stance
[2026-09-28 04:39:21,944] WARNING: Velocity attribute does not use the linearization map. Please calculate the velocity using the position attribute.
[2026-09-28 04:39:21,949] INFO: T:14.466, State:early_stance, Fz:-2.21, ThetaRef:15.00, ThetaActual:4.13, EncoderTheta:96.64, EncoderVelocity:5.36, K:20.00, B:1.00
[2026-09-28 04:39:21,952] DEBUG: No valid transitions from state early_stance
[2026-09-28 04:39:21,952] WARNING: Velocity attribute does not use the linearization map. Please calculate the velocity using the position attribute.
[2026-09-28 04:39:21,958] INFO: T:14.474, State:early_stance, Fz:-1.88, ThetaRef:15.00, ThetaActual:4.14, EncoderTheta:96.57, EncoderVelocity:-7.97, K:20.00, B:1.00
[2026-09-28 04:39:21,960] DEBUG: No valid transitions from state early_stance
[2026-09-28 04:39:21,960] WARNING: Velocity attribute does not use the linearization map. Please calculate the velocity using the position attribute.
[2026-09-28 04:39:21,966] INFO: T:14.483, State:early_stance, Fz:-0.64, ThetaRef:15.00, ThetaActual:4.13, EncoderTheta:96.61, EncoderVelocity:5.21, K:20.00, B:1.00
[2026-09-28 04:39:21,968] DEBUG: No valid transitions from state early_stance
[2026-09-28 04:39:21,969] WARNING: Velocity attribute does not use the linearization map. Please calculate the velocity using the position attribute.
[2026-09-28 04:39:21,974] INFO: T:14.491, State:early_stance, Fz:-0.68, ThetaRef:15.00, ThetaActual:4.13, EncoderTheta:96.61, EncoderVelocity:0.00, K:20.00, B:1.00
[2026-09-28 04:39:21,977] DEBUG: No valid transitions from state early_stance
[2026-09-28 04:39:21,977] WARNING: Velocity attribute does not use the linearization map. Please calculate the velocity using the position attribute.
[2026-09-28 04:39:21,983] INFO: T:14.499, State:early_stance, Fz:0.26, ThetaRef:15.00, ThetaActual:4.13, EncoderTheta:96.66, EncoderVelocity:5.25, K:20.00, B:1.00
[2026-09-28 04:39:21,985] DEBUG: No valid transitions from state early_stance
[2026-09-28 04:39:21,985] WARNING: Velocity attribute does not use the linearization map. Please calculate the velocity using the position attribute.
[2026-09-28 04:39:21,991] INFO: T:14.508, State:early_stance, Fz:1.00, ThetaRef:15.00, ThetaActual:4.13, EncoderTheta:96.59, EncoderVelocity:-7.91, K:20.00, B:1.00
[2026-09-28 04:39:21,993] DEBUG: No valid transitions from state early_stance
[2026-09-28 04:39:21,993] WARNING: Velocity attribute does not use the linearization map. Please calculate the velocity using the position attribute.
[2026-09-28 04:39:21,999] INFO: T:14.516, State:early_stance, Fz:-0.88, ThetaRef:15.00, ThetaActual:4.14, EncoderTheta:96.61, EncoderVelocity:2.67, K:20.00, B:1.00
[2026-09-28 04:39:22,002] DEBUG: No valid transitions from state early_stance
[2026-09-28 04:39:22,002] WARNING: Velocity attribute does not use the linearization map. Please calculate the velocity using the position attribute.
[2026-09-28 04:39:22,007] INFO: T:14.524, State:early_stance, Fz:-0.38, ThetaRef:15.00, ThetaActual:4.14, EncoderTheta:96.61, EncoderVelocity:0.00, K:20.00, B:1.00
[2026-09-28 04:39:22,010] DEBUG: No valid transitions from state early_stance
[2026-09-28 04:39:22,010] WARNING: Velocity attribute does not use the linearization map. Please calculate the velocity using the position attribute.
[2026-09-28 04:39:22,016] INFO: T:14.533, State:early_stance, Fz:0.53, ThetaRef:15.00, ThetaActual:4.14, EncoderTheta:96.61, EncoderVelocity:0.00, K:20.00, B:1.00
[2026-09-28 04:39:22,018] DEBUG: No valid transitions from state early_stance
[2026-09-28 04:39:22,018] WARNING: Velocity attribute does not use the linearization map. Please calculate the velocity using the position attribute.
[2026-09-28 04:39:22,024] INFO: T:14.541, State:early_stance, Fz:0.27, ThetaRef:15.00, ThetaActual:4.14, EncoderTheta:96.57, EncoderVelocity:-5.31, K:20.00, B:1.00
[2026-09-28 04:39:22,027] DEBUG: No valid transitions from state early_stance
[2026-09-28 04:39:22,027] WARNING: Velocity attribute does not use the linearization map. Please calculate the velocity using the position attribute.
[2026-09-28 04:39:22,032] INFO: T:14.549, State:early_stance, Fz:0.05, ThetaRef:15.00, ThetaActual:4.14, EncoderTheta:96.59, EncoderVelocity:2.61, K:20.00, B:1.00
[2026-09-28 04:39:22,035] DEBUG: No valid transitions from state early_stance
[2026-09-28 04:39:22,035] WARNING: Velocity attribute does not use the linearization map. Please calculate the velocity using the position attribute.
[2026-09-28 04:39:22,041] INFO: T:14.558, State:early_stance, Fz:0.90, ThetaRef:15.00, ThetaActual:4.14, EncoderTheta:96.61, EncoderVelocity:2.61, K:20.00, B:1.00
[2026-09-28 04:39:22,044] DEBUG: No valid transitions from state early_stance
[2026-09-28 04:39:22,044] WARNING: Velocity attribute does not use the linearization map. Please calculate the velocity using the position attribute.
[2026-09-28 04:39:22,049] INFO: T:14.566, State:early_stance, Fz:-0.40, ThetaRef:15.00, ThetaActual:4.14, EncoderTheta:96.55, EncoderVelocity:-7.88, K:20.00, B:1.00
[2026-09-28 04:39:22,052] DEBUG: No valid transitions from state early_stance
[2026-09-28 04:39:22,052] WARNING: Velocity attribute does not use the linearization map. Please calculate the velocity using the position attribute.
[2026-09-28 04:39:22,058] INFO: T:14.574, State:early_stance, Fz:0.06, ThetaRef:15.00, ThetaActual:4.14, EncoderTheta:96.61, EncoderVelocity:7.87, K:20.00, B:1.00
[2026-09-28 04:39:22,060] DEBUG: No valid transitions from state early_stance
[2026-09-28 04:39:22,060] WARNING: Velocity attribute does not use the linearization map. Please calculate the velocity using the position attribute.
[2026-09-28 04:39:22,066] INFO: T:14.583, State:early_stance, Fz:0.88, ThetaRef:15.00, ThetaActual:4.14, EncoderTheta:96.64, EncoderVelocity:2.61, K:20.00, B:1.00
[2026-09-28 04:39:22,069] DEBUG: No valid transitions from state early_stance
[2026-09-28 04:39:22,069] WARNING: Velocity attribute does not use the linearization map. Please calculate the velocity using the position attribute.
[2026-09-28 04:39:22,074] INFO: T:14.591, State:early_stance, Fz:1.06, ThetaRef:15.00, ThetaActual:4.14, EncoderTheta:96.57, EncoderVelocity:-7.90, K:20.00, B:1.00
[2026-09-28 04:39:22,077] DEBUG: No valid transitions from state early_stance
[2026-09-28 04:39:22,077] WARNING: Velocity attribute does not use the linearization map. Please calculate the velocity using the position attribute.
[2026-09-28 04:39:22,083] INFO: T:14.600, State:early_stance, Fz:1.70, ThetaRef:15.00, ThetaActual:4.14, EncoderTheta:96.59, EncoderVelocity:2.64, K:20.00, B:1.00
[2026-09-28 04:39:22,085] DEBUG: No valid transitions from state early_stance
[2026-09-28 04:39:22,085] WARNING: Velocity attribute does not use the linearization map. Please calculate the velocity using the position attribute.
[2026-09-28 04:39:22,091] INFO: T:14.608, State:early_stance, Fz:2.17, ThetaRef:15.00, ThetaActual:4.14, EncoderTheta:96.57, EncoderVelocity:-2.64, K:20.00, B:1.00
[2026-09-28 04:39:22,094] DEBUG: No valid transitions from state early_stance
[2026-09-28 04:39:22,094] WARNING: Velocity attribute does not use the linearization map. Please calculate the velocity using the position attribute.
[2026-09-28 04:39:22,099] INFO: T:14.616, State:early_stance, Fz:1.03, ThetaRef:15.00, ThetaActual:4.14, EncoderTheta:96.61, EncoderVelocity:5.31, K:20.00, B:1.00
[2026-09-28 04:39:22,102] DEBUG: No valid transitions from state early_stance
[2026-09-28 04:39:22,102] WARNING: Velocity attribute does not use the linearization map. Please calculate the velocity using the position attribute.
[2026-09-28 04:39:22,108] INFO: T:14.624, State:early_stance, Fz:1.13, ThetaRef:15.00, ThetaActual:4.14, EncoderTheta:96.59, EncoderVelocity:-2.63, K:20.00, B:1.00
[2026-09-28 04:39:22,110] DEBUG: No valid transitions from state early_stance
[2026-09-28 04:39:22,110] WARNING: Velocity attribute does not use the linearization map. Please calculate the velocity using the position attribute.
[2026-09-28 04:39:22,116] INFO: T:14.633, State:early_stance, Fz:1.22, ThetaRef:15.00, ThetaActual:4.14, EncoderTheta:96.59, EncoderVelocity:0.00, K:20.00, B:1.00
[2026-09-28 04:39:22,118] DEBUG: No valid transitions from state early_stance
[2026-09-28 04:39:22,119] WARNING: Velocity attribute does not use the linearization map. Please calculate the velocity using the position attribute.
[2026-09-28 04:39:22,124] INFO: T:14.641, State:early_stance, Fz:1.31, ThetaRef:15.00, ThetaActual:4.14, EncoderTheta:96.59, EncoderVelocity:0.00, K:20.00, B:1.00
[2026-09-28 04:39:22,127] DEBUG: No valid transitions from state early_stance
[2026-09-28 04:39:22,127] WARNING: Velocity attribute does not use the linearization map. Please calculate the velocity using the position attribute.
[2026-09-28 04:39:22,132] INFO: T:14.649, State:early_stance, Fz:-0.11, ThetaRef:15.00, ThetaActual:4.14, EncoderTheta:96.57, EncoderVelocity:-2.66, K:20.00, B:1.00
[2026-09-28 04:39:22,135] DEBUG: No valid transitions from state early_stance
[2026-09-28 04:39:22,135] WARNING: Velocity attribute does not use the linearization map. Please calculate the velocity using the position attribute.
[2026-09-28 04:39:22,141] INFO: T:14.658, State:early_stance, Fz:-2.21, ThetaRef:15.00, ThetaActual:4.14, EncoderTheta:96.66, EncoderVelocity:10.64, K:20.00, B:1.00
[2026-09-28 04:39:22,143] DEBUG: No valid transitions from state early_stance
[2026-09-28 04:39:22,143] WARNING: Velocity attribute does not use the linearization map. Please calculate the velocity using the position attribute.
[2026-09-28 04:39:22,149] INFO: T:14.666, State:early_stance, Fz:-2.33, ThetaRef:15.00, ThetaActual:4.14, EncoderTheta:96.61, EncoderVelocity:-5.33, K:20.00, B:1.00
[2026-09-28 04:39:22,151] DEBUG: No valid transitions from state early_stance
[2026-09-28 04:39:22,151] WARNING: Velocity attribute does not use the linearization map. Please calculate the velocity using the position attribute.
[2026-09-28 04:39:22,157] INFO: T:14.674, State:early_stance, Fz:-3.39, ThetaRef:15.00, ThetaActual:4.14, EncoderTheta:96.57, EncoderVelocity:-5.36, K:20.00, B:1.00
[2026-09-28 04:39:22,160] DEBUG: No valid transitions from state early_stance
[2026-09-28 04:39:22,160] WARNING: Velocity attribute does not use the linearization map. Please calculate the velocity using the position attribute.
[2026-09-28 04:39:22,165] INFO: T:14.682, State:early_stance, Fz:-2.25, ThetaRef:15.00, ThetaActual:4.14, EncoderTheta:96.61, EncoderVelocity:5.30, K:20.00, B:1.00
[2026-09-28 04:39:22,168] DEBUG: No valid transitions from state early_stance
[2026-09-28 04:39:22,168] WARNING: Velocity attribute does not use the linearization map. Please calculate the velocity using the position attribute.
[2026-09-28 04:39:22,174] INFO: T:14.691, State:early_stance, Fz:-2.35, ThetaRef:15.00, ThetaActual:4.14, EncoderTheta:96.57, EncoderVelocity:-5.31, K:20.00, B:1.00
[2026-09-28 04:39:22,176] DEBUG: No valid transitions from state early_stance
[2026-09-28 04:39:22,176] WARNING: Velocity attribute does not use the linearization map. Please calculate the velocity using the position attribute.
[2026-09-28 04:39:22,182] INFO: T:14.699, State:early_stance, Fz:-2.42, ThetaRef:15.00, ThetaActual:4.14, EncoderTheta:96.66, EncoderVelocity:10.74, K:20.00, B:1.00
[2026-09-28 04:39:22,184] DEBUG: No valid transitions from state early_stance
[2026-09-28 04:39:22,185] WARNING: Velocity attribute does not use the linearization map. Please calculate the velocity using the position attribute.
[2026-09-28 04:39:22,190] INFO: T:14.707, State:early_stance, Fz:-2.01, ThetaRef:15.00, ThetaActual:4.14, EncoderTheta:96.61, EncoderVelocity:-5.31, K:20.00, B:1.00
[2026-09-28 04:39:22,193] DEBUG: No valid transitions from state early_stance
[2026-09-28 04:39:22,193] WARNING: Velocity attribute does not use the linearization map. Please calculate the velocity using the position attribute.
[2026-09-28 04:39:22,198] INFO: T:14.715, State:early_stance, Fz:-3.18, ThetaRef:15.00, ThetaActual:4.14, EncoderTheta:96.59, EncoderVelocity:-2.65, K:20.00, B:1.00
[2026-09-28 04:39:22,201] DEBUG: No valid transitions from state early_stance
[2026-09-28 04:39:22,201] WARNING: Velocity attribute does not use the linearization map. Please calculate the velocity using the position attribute.
[2026-09-28 04:39:22,207] INFO: T:14.724, State:early_stance, Fz:-4.56, ThetaRef:15.00, ThetaActual:4.14, EncoderTheta:96.61, EncoderVelocity:2.64, K:20.00, B:1.00
[2026-09-28 04:39:22,209] DEBUG: No valid transitions from state early_stance
[2026-09-28 04:39:22,209] WARNING: Velocity attribute does not use the linearization map. Please calculate the velocity using the position attribute.
[2026-09-28 04:39:22,215] INFO: T:14.732, State:early_stance, Fz:-4.16, ThetaRef:15.00, ThetaActual:4.14, EncoderTheta:96.64, EncoderVelocity:2.65, K:20.00, B:1.00
[2026-09-28 04:39:22,218] DEBUG: No valid transitions from state early_stance
[2026-09-28 04:39:22,218] WARNING: Velocity attribute does not use the linearization map. Please calculate the velocity using the position attribute.
[2026-09-28 04:39:22,223] INFO: T:14.740, State:early_stance, Fz:-5.83, ThetaRef:15.00, ThetaActual:4.14, EncoderTheta:96.64, EncoderVelocity:0.00, K:20.00, B:1.00
[2026-09-28 04:39:22,226] DEBUG: No valid transitions from state early_stance
[2026-09-28 04:39:22,226] WARNING: Velocity attribute does not use the linearization map. Please calculate the velocity using the position attribute.
[2026-09-28 04:39:22,232] INFO: T:14.749, State:early_stance, Fz:-7.14, ThetaRef:15.00, ThetaActual:4.14, EncoderTheta:96.61, EncoderVelocity:-2.65, K:20.00, B:1.00
[2026-09-28 04:39:22,234] DEBUG: No valid transitions from state early_stance
[2026-09-28 04:39:22,234] WARNING: Velocity attribute does not use the linearization map. Please calculate the velocity using the position attribute.
[2026-09-28 04:39:22,240] INFO: T:14.757, State:early_stance, Fz:-6.65, ThetaRef:15.00, ThetaActual:4.14, EncoderTheta:96.66, EncoderVelocity:5.34, K:20.00, B:1.00
[2026-09-28 04:39:22,243] DEBUG: No valid transitions from state early_stance
[2026-09-28 04:39:22,243] WARNING: Velocity attribute does not use the linearization map. Please calculate the velocity using the position attribute.
[2026-09-28 04:39:22,248] INFO: T:14.765, State:early_stance, Fz:-6.74, ThetaRef:15.00, ThetaActual:4.14, EncoderTheta:96.59, EncoderVelocity:-7.99, K:20.00, B:1.00
[2026-09-28 04:39:22,251] DEBUG: No valid transitions from state early_stance
[2026-09-28 04:39:22,251] WARNING: Velocity attribute does not use the linearization map. Please calculate the velocity using the position attribute.
[2026-09-28 04:39:22,256] INFO: T:14.773, State:early_stance, Fz:-7.32, ThetaRef:15.00, ThetaActual:4.14, EncoderTheta:96.68, EncoderVelocity:10.62, K:20.00, B:1.00
[2026-09-28 04:39:22,259] DEBUG: No valid transitions from state early_stance
[2026-09-28 04:39:22,259] WARNING: Velocity attribute does not use the linearization map. Please calculate the velocity using the position attribute.
[2026-09-28 04:39:22,265] INFO: T:14.782, State:early_stance, Fz:-12.39, ThetaRef:15.00, ThetaActual:4.13, EncoderTheta:97.05, EncoderVelocity:44.94, K:20.00, B:1.00
[2026-09-28 04:39:22,267] DEBUG: No valid transitions from state early_stance
[2026-09-28 04:39:22,267] WARNING: Velocity attribute does not use the linearization map. Please calculate the velocity using the position attribute.
[2026-09-28 04:39:22,273] INFO: T:14.790, State:early_stance, Fz:-5.89, ThetaRef:15.00, ThetaActual:4.12, EncoderTheta:97.43, EncoderVelocity:45.18, K:20.00, B:1.00
[2026-09-28 04:39:22,276] DEBUG: No valid transitions from state early_stance
[2026-09-28 04:39:22,276] WARNING: Velocity attribute does not use the linearization map. Please calculate the velocity using the position attribute.
[2026-09-28 04:39:22,281] INFO: T:14.798, State:early_stance, Fz:-1.95, ThetaRef:15.00, ThetaActual:4.11, EncoderTheta:97.43, EncoderVelocity:0.00, K:20.00, B:1.00
[2026-09-28 04:39:22,284] DEBUG: No valid transitions from state early_stance
[2026-09-28 04:39:22,284] WARNING: Velocity attribute does not use the linearization map. Please calculate the velocity using the position attribute.
[2026-09-28 04:39:22,290] INFO: T:14.807, State:early_stance, Fz:9.61, ThetaRef:15.00, ThetaActual:4.05, EncoderTheta:97.38, EncoderVelocity:-5.29, K:20.00, B:1.00
[2026-09-28 04:39:22,292] DEBUG: No valid transitions from state early_stance
[2026-09-28 04:39:22,292] WARNING: Velocity attribute does not use the linearization map. Please calculate the velocity using the position attribute.
[2026-09-28 04:39:22,298] INFO: T:14.815, State:early_stance, Fz:26.43, ThetaRef:15.00, ThetaActual:3.92, EncoderTheta:97.25, EncoderVelocity:-15.98, K:20.00, B:1.00
[2026-09-28 04:39:22,300] DEBUG: No valid transitions from state early_stance
[2026-09-28 04:39:22,301] WARNING: Velocity attribute does not use the linearization map. Please calculate the velocity using the position attribute.
[2026-09-28 04:39:22,306] INFO: T:14.823, State:early_stance, Fz:39.77, ThetaRef:15.00, ThetaActual:3.86, EncoderTheta:97.14, EncoderVelocity:-13.33, K:20.00, B:1.00
[2026-09-28 04:39:22,309] DEBUG: No valid transitions from state early_stance
[2026-09-28 04:39:22,309] WARNING: Velocity attribute does not use the linearization map. Please calculate the velocity using the position attribute.
[2026-09-28 04:39:22,316] INFO: T:14.831, State:early_stance, Fz:56.84, ThetaRef:15.00, ThetaActual:3.75, EncoderTheta:97.08, EncoderVelocity:-7.95, K:20.00, B:1.00
[2026-09-28 04:39:22,319] DEBUG: No valid transitions from state early_stance
[2026-09-28 04:39:22,319] WARNING: Velocity attribute does not use the linearization map. Please calculate the velocity using the position attribute.
[2026-09-28 04:39:22,325] INFO: T:14.841, State:early_stance, Fz:71.85, ThetaRef:15.00, ThetaActual:3.67, EncoderTheta:97.10, EncoderVelocity:2.18, K:20.00, B:1.00
[2026-09-28 04:39:22,327] DEBUG: No valid transitions from state early_stance
[2026-09-28 04:39:22,327] WARNING: Velocity attribute does not use the linearization map. Please calculate the velocity using the position attribute.
[2026-09-28 04:39:22,333] INFO: T:14.850, State:early_stance, Fz:79.24, ThetaRef:15.00, ThetaActual:3.67, EncoderTheta:97.19, EncoderVelocity:10.37, K:20.00, B:1.00
[2026-09-28 04:39:22,336] DEBUG: No valid transitions from state early_stance
[2026-09-28 04:39:22,336] WARNING: Velocity attribute does not use the linearization map. Please calculate the velocity using the position attribute.
[2026-09-28 04:39:22,341] INFO: T:14.858, State:early_stance, Fz:82.82, ThetaRef:15.00, ThetaActual:3.67, EncoderTheta:97.27, EncoderVelocity:10.57, K:20.00, B:1.00
[2026-09-28 04:39:22,344] DEBUG: No valid transitions from state early_stance
[2026-09-28 04:39:22,344] WARNING: Velocity attribute does not use the linearization map. Please calculate the velocity using the position attribute.
[2026-09-28 04:39:22,350] INFO: T:14.866, State:early_stance, Fz:85.08, ThetaRef:15.00, ThetaActual:3.66, EncoderTheta:97.36, EncoderVelocity:10.60, K:20.00, B:1.00
[2026-09-28 04:39:22,352] DEBUG: No valid transitions from state early_stance
[2026-09-28 04:39:22,352] WARNING: Velocity attribute does not use the linearization map. Please calculate the velocity using the position attribute.
[2026-09-28 04:39:22,359] INFO: T:14.875, State:early_stance, Fz:89.22, ThetaRef:15.00, ThetaActual:3.66, EncoderTheta:97.47, EncoderVelocity:13.10, K:20.00, B:1.00
[2026-09-28 04:39:22,361] DEBUG: No valid transitions from state early_stance
[2026-09-28 04:39:22,361] WARNING: Velocity attribute does not use the linearization map. Please calculate the velocity using the position attribute.
[2026-09-28 04:39:22,367] INFO: T:14.884, State:early_stance, Fz:91.86, ThetaRef:15.00, ThetaActual:3.66, EncoderTheta:97.47, EncoderVelocity:0.00, K:20.00, B:1.00
[2026-09-28 04:39:22,369] DEBUG: No valid transitions from state early_stance
[2026-09-28 04:39:22,370] WARNING: Velocity attribute does not use the linearization map. Please calculate the velocity using the position attribute.
[2026-09-28 04:39:22,375] INFO: T:14.892, State:early_stance, Fz:96.91, ThetaRef:15.00, ThetaActual:3.66, EncoderTheta:97.43, EncoderVelocity:-5.36, K:20.00, B:1.00
[2026-09-28 04:39:22,378] DEBUG: No valid transitions from state early_stance
[2026-09-28 04:39:22,378] WARNING: Velocity attribute does not use the linearization map. Please calculate the velocity using the position attribute.
[2026-09-28 04:39:22,383] INFO: T:14.900, State:early_stance, Fz:103.25, ThetaRef:15.00, ThetaActual:3.66, EncoderTheta:97.34, EncoderVelocity:-10.77, K:20.00, B:1.00
[2026-09-28 04:39:22,386] DEBUG: No valid transitions from state early_stance
[2026-09-28 04:39:22,386] WARNING: Velocity attribute does not use the linearization map. Please calculate the velocity using the position attribute.
[2026-09-28 04:39:22,391] INFO: T:14.908, State:early_stance, Fz:110.07, ThetaRef:15.00, ThetaActual:3.66, EncoderTheta:97.25, EncoderVelocity:-10.81, K:20.00, B:1.00
[2026-09-28 04:39:22,394] DEBUG: No valid transitions from state early_stance
[2026-09-28 04:39:22,394] WARNING: Velocity attribute does not use the linearization map. Please calculate the velocity using the position attribute.
[2026-09-28 04:39:22,399] INFO: T:14.916, State:early_stance, Fz:116.33, ThetaRef:15.00, ThetaActual:3.66, EncoderTheta:97.19, EncoderVelocity:-8.10, K:20.00, B:1.00
[2026-09-28 04:39:22,402] DEBUG: No valid transitions from state early_stance
[2026-09-28 04:39:22,402] WARNING: Velocity attribute does not use the linearization map. Please calculate the velocity using the position attribute.
[2026-09-28 04:39:22,408] INFO: T:14.925, State:early_stance, Fz:128.53, ThetaRef:15.00, ThetaActual:3.66, EncoderTheta:97.05, EncoderVelocity:-16.20, K:20.00, B:1.00
[2026-09-28 04:39:22,410] DEBUG: No valid transitions from state early_stance
[2026-09-28 04:39:22,410] WARNING: Velocity attribute does not use the linearization map. Please calculate the velocity using the position attribute.
[2026-09-28 04:39:22,416] INFO: T:14.933, State:early_stance, Fz:142.36, ThetaRef:15.00, ThetaActual:3.66, EncoderTheta:97.05, EncoderVelocity:0.00, K:20.00, B:1.00
[2026-09-28 04:39:22,418] DEBUG: No valid transitions from state early_stance
[2026-09-28 04:39:22,418] WARNING: Velocity attribute does not use the linearization map. Please calculate the velocity using the position attribute.
[2026-09-28 04:39:22,424] INFO: T:14.941, State:early_stance, Fz:158.28, ThetaRef:15.00, ThetaActual:3.66, EncoderTheta:97.01, EncoderVelocity:-5.39, K:20.00, B:1.00
[2026-09-28 04:39:22,427] DEBUG: No valid transitions from state early_stance
[2026-09-28 04:39:22,427] WARNING: Velocity attribute does not use the linearization map. Please calculate the velocity using the position attribute.
[2026-09-28 04:39:22,432] INFO: T:14.949, State:early_stance, Fz:170.88, ThetaRef:15.00, ThetaActual:3.67, EncoderTheta:97.05, EncoderVelocity:5.37, K:20.00, B:1.00
[2026-09-28 04:39:22,435] DEBUG: No valid transitions from state early_stance
[2026-09-28 04:39:22,435] WARNING: Velocity attribute does not use the linearization map. Please calculate the velocity using the position attribute.
[2026-09-28 04:39:22,440] INFO: T:14.957, State:early_stance, Fz:181.94, ThetaRef:15.00, ThetaActual:3.68, EncoderTheta:97.03, EncoderVelocity:-2.66, K:20.00, B:1.00
[2026-09-28 04:39:22,443] DEBUG: No valid transitions from state early_stance
[2026-09-28 04:39:22,443] WARNING: Velocity attribute does not use the linearization map. Please calculate the velocity using the position attribute.
[2026-09-28 04:39:22,449] INFO: T:14.966, State:early_stance, Fz:189.38, ThetaRef:15.00, ThetaActual:3.68, EncoderTheta:97.05, EncoderVelocity:2.69, K:20.00, B:1.00
[2026-09-28 04:39:22,451] DEBUG: No valid transitions from state early_stance
[2026-09-28 04:39:22,451] WARNING: Velocity attribute does not use the linearization map. Please calculate the velocity using the position attribute.
[2026-09-28 04:39:22,457] INFO: T:14.974, State:early_stance, Fz:198.48, ThetaRef:15.00, ThetaActual:3.68, EncoderTheta:97.08, EncoderVelocity:2.66, K:20.00, B:1.00
[2026-09-28 04:39:22,460] DEBUG: No valid transitions from state early_stance
[2026-09-28 04:39:22,460] WARNING: Velocity attribute does not use the linearization map. Please calculate the velocity using the position attribute.
[2026-09-28 04:39:22,465] INFO: T:14.982, State:early_stance, Fz:205.96, ThetaRef:15.00, ThetaActual:3.68, EncoderTheta:97.10, EncoderVelocity:2.66, K:20.00, B:1.00
[2026-09-28 04:39:22,468] DEBUG: No valid transitions from state early_stance
[2026-09-28 04:39:22,468] WARNING: Velocity attribute does not use the linearization map. Please calculate the velocity using the position attribute.
[2026-09-28 04:39:22,473] INFO: T:14.990, State:early_stance, Fz:214.61, ThetaRef:15.00, ThetaActual:3.68, EncoderTheta:97.10, EncoderVelocity:0.00, K:20.00, B:1.00
[2026-09-28 04:39:22,476] DEBUG: No valid transitions from state early_stance
[2026-09-28 04:39:22,476] WARNING: Velocity attribute does not use the linearization map. Please calculate the velocity using the position attribute.
[2026-09-28 04:39:22,481] INFO: T:14.998, State:early_stance, Fz:224.71, ThetaRef:15.00, ThetaActual:3.68, EncoderTheta:97.21, EncoderVelocity:13.53, K:20.00, B:1.00
[2026-09-28 04:39:22,484] DEBUG: No valid transitions from state early_stance
[2026-09-28 04:39:22,484] WARNING: Velocity attribute does not use the linearization map. Please calculate the velocity using the position attribute.
[2026-09-28 04:39:22,489] INFO: T:15.006, State:early_stance, Fz:237.25, ThetaRef:15.00, ThetaActual:3.68, EncoderTheta:97.45, EncoderVelocity:29.56, K:20.00, B:1.00
[2026-09-28 04:39:22,492] DEBUG: No valid transitions from state early_stance
[2026-09-28 04:39:22,492] WARNING: Velocity attribute does not use the linearization map. Please calculate the velocity using the position attribute.
[2026-09-28 04:39:22,498] INFO: T:15.015, State:early_stance, Fz:250.25, ThetaRef:15.00, ThetaActual:3.67, EncoderTheta:97.69, EncoderVelocity:29.71, K:20.00, B:1.00
[2026-09-28 04:39:22,500] DEBUG: No valid transitions from state early_stance
[2026-09-28 04:39:22,500] WARNING: Velocity attribute does not use the linearization map. Please calculate the velocity using the position attribute.
[2026-09-28 04:39:22,506] INFO: T:15.023, State:early_stance, Fz:262.97, ThetaRef:15.00, ThetaActual:3.66, EncoderTheta:97.93, EncoderVelocity:29.91, K:20.00, B:1.00
[2026-09-28 04:39:22,508] DEBUG: No valid transitions from state early_stance
[2026-09-28 04:39:22,508] WARNING: Velocity attribute does not use the linearization map. Please calculate the velocity using the position attribute.
[2026-09-28 04:39:22,514] INFO: T:15.031, State:early_stance, Fz:272.14, ThetaRef:15.00, ThetaActual:3.61, EncoderTheta:98.13, EncoderVelocity:24.33, K:20.00, B:1.00
[2026-09-28 04:39:22,517] DEBUG: No valid transitions from state early_stance
[2026-09-28 04:39:22,517] WARNING: Velocity attribute does not use the linearization map. Please calculate the velocity using the position attribute.
[2026-09-28 04:39:22,522] INFO: T:15.039, State:early_stance, Fz:282.55, ThetaRef:15.00, ThetaActual:3.47, EncoderTheta:98.31, EncoderVelocity:20.98, K:20.00, B:1.00
[2026-09-28 04:39:22,525] DEBUG: No valid transitions from state early_stance
[2026-09-28 04:39:22,525] WARNING: Velocity attribute does not use the linearization map. Please calculate the velocity using the position attribute.
[2026-09-28 04:39:22,530] INFO: T:15.047, State:early_stance, Fz:296.92, ThetaRef:15.00, ThetaActual:3.36, EncoderTheta:98.57, EncoderVelocity:32.15, K:20.00, B:1.00
[2026-09-28 04:39:22,533] DEBUG: No valid transitions from state early_stance
[2026-09-28 04:39:22,533] WARNING: Velocity attribute does not use the linearization map. Please calculate the velocity using the position attribute.
[2026-09-28 04:39:22,539] INFO: T:15.056, State:early_stance, Fz:324.24, ThetaRef:15.00, ThetaActual:3.04, EncoderTheta:98.77, EncoderVelocity:24.07, K:20.00, B:1.00
[2026-09-28 04:39:22,541] DEBUG: No valid transitions from state early_stance
[2026-09-28 04:39:22,541] WARNING: Velocity attribute does not use the linearization map. Please calculate the velocity using the position attribute.
[2026-09-28 04:39:22,547] INFO: T:15.064, State:early_stance, Fz:351.57, ThetaRef:15.00, ThetaActual:2.66, EncoderTheta:99.07, EncoderVelocity:37.24, K:20.00, B:1.00
[2026-09-28 04:39:22,550] DEBUG: No valid transitions from state early_stance
[2026-09-28 04:39:22,550] WARNING: Velocity attribute does not use the linearization map. Please calculate the velocity using the position attribute.
[2026-09-28 04:39:22,555] INFO: T:15.072, State:early_stance, Fz:374.83, ThetaRef:15.00, ThetaActual:2.46, EncoderTheta:99.40, EncoderVelocity:39.90, K:20.00, B:1.00
[2026-09-28 04:39:22,558] DEBUG: No valid transitions from state early_stance
[2026-09-28 04:39:22,558] WARNING: Velocity attribute does not use the linearization map. Please calculate the velocity using the position attribute.
[2026-09-28 04:39:22,563] INFO: T:15.080, State:early_stance, Fz:392.98, ThetaRef:15.00, ThetaActual:2.05, EncoderTheta:99.71, EncoderVelocity:37.18, K:20.00, B:1.00
[2026-09-28 04:39:22,566] DEBUG: No valid transitions from state early_stance
[2026-09-28 04:39:22,566] WARNING: Velocity attribute does not use the linearization map. Please calculate the velocity using the position attribute.
[2026-09-28 04:39:22,572] INFO: T:15.089, State:early_stance, Fz:400.27, ThetaRef:15.00, ThetaActual:1.63, EncoderTheta:100.04, EncoderVelocity:39.98, K:20.00, B:1.00
[2026-09-28 04:39:22,574] DEBUG: No valid transitions from state early_stance
[2026-09-28 04:39:22,574] WARNING: Velocity attribute does not use the linearization map. Please calculate the velocity using the position attribute.
[2026-09-28 04:39:22,580] INFO: T:15.097, State:early_stance, Fz:364.07, ThetaRef:15.00, ThetaActual:1.40, EncoderTheta:100.15, EncoderVelocity:13.31, K:20.00, B:1.00
[2026-09-28 04:39:22,583] DEBUG: No valid transitions from state early_stance
[2026-09-28 04:39:22,583] WARNING: Velocity attribute does not use the linearization map. Please calculate the velocity using the position attribute.
[2026-09-28 04:39:22,588] INFO: T:15.105, State:early_stance, Fz:320.48, ThetaRef:15.00, ThetaActual:0.96, EncoderTheta:100.15, EncoderVelocity:0.00, K:20.00, B:1.00
[2026-09-28 04:39:22,591] DEBUG: No valid transitions from state early_stance
[2026-09-28 04:39:22,591] WARNING: Velocity attribute does not use the linearization map. Please calculate the velocity using the position attribute.
[2026-09-28 04:39:22,597] INFO: T:15.114, State:early_stance, Fz:305.83, ThetaRef:15.00, ThetaActual:0.58, EncoderTheta:100.13, EncoderVelocity:-2.62, K:20.00, B:1.00
[2026-09-28 04:39:22,599] DEBUG: No valid transitions from state early_stance
[2026-09-28 04:39:22,599] WARNING: Velocity attribute does not use the linearization map. Please calculate the velocity using the position attribute.
[2026-09-28 04:39:22,605] INFO: T:15.122, State:early_stance, Fz:327.18, ThetaRef:15.00, ThetaActual:0.43, EncoderTheta:100.15, EncoderVelocity:2.63, K:20.00, B:1.00
[2026-09-28 04:39:22,608] DEBUG: No valid transitions from state early_stance
[2026-09-28 04:39:22,608] WARNING: Velocity attribute does not use the linearization map. Please calculate the velocity using the position attribute.
[2026-09-28 04:39:22,613] INFO: T:15.130, State:early_stance, Fz:351.98, ThetaRef:15.00, ThetaActual:0.33, EncoderTheta:100.11, EncoderVelocity:-5.33, K:20.00, B:1.00
[2026-09-28 04:39:22,616] DEBUG: No valid transitions from state early_stance
[2026-09-28 04:39:22,616] WARNING: Velocity attribute does not use the linearization map. Please calculate the velocity using the position attribute.
[2026-09-28 04:39:22,622] INFO: T:15.138, State:early_stance, Fz:360.28, ThetaRef:15.00, ThetaActual:0.47, EncoderTheta:100.11, EncoderVelocity:0.00, K:20.00, B:1.00
[2026-09-28 04:39:22,624] DEBUG: No valid transitions from state early_stance
[2026-09-28 04:39:22,624] WARNING: Velocity attribute does not use the linearization map. Please calculate the velocity using the position attribute.
[2026-09-28 04:39:22,630] INFO: T:15.147, State:early_stance, Fz:351.11, ThetaRef:15.00, ThetaActual:0.57, EncoderTheta:100.15, EncoderVelocity:5.33, K:20.00, B:1.00
[2026-09-28 04:39:22,632] DEBUG: No valid transitions from state early_stance
[2026-09-28 04:39:22,632] WARNING: Velocity attribute does not use the linearization map. Please calculate the velocity using the position attribute.
[2026-09-28 04:39:22,638] INFO: T:15.155, State:early_stance, Fz:340.67, ThetaRef:15.00, ThetaActual:0.77, EncoderTheta:100.13, EncoderVelocity:-2.68, K:20.00, B:1.00
[2026-09-28 04:39:22,641] DEBUG: No valid transitions from state early_stance
[2026-09-28 04:39:22,641] WARNING: Velocity attribute does not use the linearization map. Please calculate the velocity using the position attribute.
[2026-09-28 04:39:22,646] INFO: T:15.163, State:early_stance, Fz:340.77, ThetaRef:15.00, ThetaActual:0.86, EncoderTheta:100.09, EncoderVelocity:-5.33, K:20.00, B:1.00
[2026-09-28 04:39:22,649] DEBUG: No valid transitions from state early_stance
[2026-09-28 04:39:22,649] WARNING: Velocity attribute does not use the linearization map. Please calculate the velocity using the position attribute.
[2026-09-28 04:39:22,654] INFO: T:15.171, State:early_stance, Fz:344.41, ThetaRef:15.00, ThetaActual:1.00, EncoderTheta:100.06, EncoderVelocity:-2.67, K:20.00, B:1.00
[2026-09-28 04:39:22,657] DEBUG: No valid transitions from state early_stance
[2026-09-28 04:39:22,657] WARNING: Velocity attribute does not use the linearization map. Please calculate the velocity using the position attribute.
[2026-09-28 04:39:22,663] INFO: T:15.180, State:early_stance, Fz:345.65, ThetaRef:15.00, ThetaActual:1.08, EncoderTheta:100.11, EncoderVelocity:5.30, K:20.00, B:1.00
[2026-09-28 04:39:22,665] DEBUG: No valid transitions from state early_stance
[2026-09-28 04:39:22,665] WARNING: Velocity attribute does not use the linearization map. Please calculate the velocity using the position attribute.
[2026-09-28 04:39:22,671] INFO: T:15.188, State:early_stance, Fz:334.71, ThetaRef:15.00, ThetaActual:1.09, EncoderTheta:100.13, EncoderVelocity:2.68, K:20.00, B:1.00
[2026-09-28 04:39:22,674] DEBUG: No valid transitions from state early_stance
[2026-09-28 04:39:22,674] WARNING: Velocity attribute does not use the linearization map. Please calculate the velocity using the position attribute.
[2026-09-28 04:39:22,679] INFO: T:15.196, State:early_stance, Fz:318.93, ThetaRef:15.00, ThetaActual:1.08, EncoderTheta:100.11, EncoderVelocity:-2.67, K:20.00, B:1.00
[2026-09-28 04:39:22,682] DEBUG: No valid transitions from state early_stance
[2026-09-28 04:39:22,682] WARNING: Velocity attribute does not use the linearization map. Please calculate the velocity using the position attribute.
[2026-09-28 04:39:22,687] INFO: T:15.204, State:early_stance, Fz:301.93, ThetaRef:15.00, ThetaActual:1.07, EncoderTheta:100.15, EncoderVelocity:5.34, K:20.00, B:1.00
[2026-09-28 04:39:22,690] DEBUG: No valid transitions from state early_stance
[2026-09-28 04:39:22,690] WARNING: Velocity attribute does not use the linearization map. Please calculate the velocity using the position attribute.
[2026-09-28 04:39:22,696] INFO: T:15.212, State:early_stance, Fz:290.49, ThetaRef:15.00, ThetaActual:1.07, EncoderTheta:100.06, EncoderVelocity:-10.78, K:20.00, B:1.00
[2026-09-28 04:39:22,698] DEBUG: No valid transitions from state early_stance
[2026-09-28 04:39:22,698] WARNING: Velocity attribute does not use the linearization map. Please calculate the velocity using the position attribute.
[2026-09-28 04:39:22,704] INFO: T:15.221, State:early_stance, Fz:279.40, ThetaRef:15.00, ThetaActual:1.07, EncoderTheta:100.15, EncoderVelocity:10.70, K:20.00, B:1.00
[2026-09-28 04:39:22,706] DEBUG: No valid transitions from state early_stance
[2026-09-28 04:39:22,706] WARNING: Velocity attribute does not use the linearization map. Please calculate the velocity using the position attribute.
[2026-09-28 04:39:22,712] INFO: T:15.229, State:early_stance, Fz:270.46, ThetaRef:15.00, ThetaActual:1.07, EncoderTheta:100.13, EncoderVelocity:-2.68, K:20.00, B:1.00
[2026-09-28 04:39:22,715] DEBUG: No valid transitions from state early_stance
[2026-09-28 04:39:22,715] WARNING: Velocity attribute does not use the linearization map. Please calculate the velocity using the position attribute.
[2026-09-28 04:39:22,720] INFO: T:15.237, State:early_stance, Fz:261.67, ThetaRef:15.00, ThetaActual:1.07, EncoderTheta:100.20, EncoderVelocity:8.04, K:20.00, B:1.00
[2026-09-28 04:39:22,723] DEBUG: No valid transitions from state early_stance
[2026-09-28 04:39:22,723] WARNING: Velocity attribute does not use the linearization map. Please calculate the velocity using the position attribute.
[2026-09-28 04:39:22,728] INFO: T:15.245, State:early_stance, Fz:253.04, ThetaRef:15.00, ThetaActual:1.07, EncoderTheta:100.09, EncoderVelocity:-13.36, K:20.00, B:1.00
[2026-09-28 04:39:22,731] DEBUG: No valid transitions from state early_stance
[2026-09-28 04:39:22,731] WARNING: Velocity attribute does not use the linearization map. Please calculate the velocity using the position attribute.
[2026-09-28 04:39:22,737] INFO: T:15.254, State:early_stance, Fz:245.98, ThetaRef:15.00, ThetaActual:1.07, EncoderTheta:100.15, EncoderVelocity:7.95, K:20.00, B:1.00
[2026-09-28 04:39:22,739] DEBUG: No valid transitions from state early_stance
[2026-09-28 04:39:22,739] WARNING: Velocity attribute does not use the linearization map. Please calculate the velocity using the position attribute.
[2026-09-28 04:39:22,745] INFO: T:15.262, State:early_stance, Fz:239.66, ThetaRef:15.00, ThetaActual:1.07, EncoderTheta:100.09, EncoderVelocity:-7.94, K:20.00, B:1.00
[2026-09-28 04:39:22,748] DEBUG: No valid transitions from state early_stance
[2026-09-28 04:39:22,748] WARNING: Velocity attribute does not use the linearization map. Please calculate the velocity using the position attribute.
[2026-09-28 04:39:22,753] INFO: T:15.270, State:early_stance, Fz:233.87, ThetaRef:15.00, ThetaActual:1.07, EncoderTheta:100.15, EncoderVelocity:8.00, K:20.00, B:1.00
[2026-09-28 04:39:22,756] DEBUG: No valid transitions from state early_stance
[2026-09-28 04:39:22,756] WARNING: Velocity attribute does not use the linearization map. Please calculate the velocity using the position attribute.
[2026-09-28 04:39:22,762] INFO: T:15.278, State:early_stance, Fz:228.97, ThetaRef:15.00, ThetaActual:1.07, EncoderTheta:100.13, EncoderVelocity:-2.64, K:20.00, B:1.00
[2026-09-28 04:39:22,764] DEBUG: No valid transitions from state early_stance
[2026-09-28 04:39:22,764] WARNING: Velocity attribute does not use the linearization map. Please calculate the velocity using the position attribute.
[2026-09-28 04:39:22,770] INFO: T:15.287, State:early_stance, Fz:224.74, ThetaRef:15.00, ThetaActual:1.07, EncoderTheta:100.15, EncoderVelocity:2.67, K:20.00, B:1.00
[2026-09-28 04:39:22,772] DEBUG: No valid transitions from state early_stance
[2026-09-28 04:39:22,772] WARNING: Velocity attribute does not use the linearization map. Please calculate the velocity using the position attribute.
[2026-09-28 04:39:22,778] INFO: T:15.295, State:early_stance, Fz:219.51, ThetaRef:15.00, ThetaActual:1.07, EncoderTheta:100.13, EncoderVelocity:-2.67, K:20.00, B:1.00
[2026-09-28 04:39:22,781] DEBUG: No valid transitions from state early_stance
[2026-09-28 04:39:22,781] WARNING: Velocity attribute does not use the linearization map. Please calculate the velocity using the position attribute.
[2026-09-28 04:39:22,786] INFO: T:15.303, State:early_stance, Fz:215.08, ThetaRef:15.00, ThetaActual:1.07, EncoderTheta:100.15, EncoderVelocity:2.68, K:20.00, B:1.00
[2026-09-28 04:39:22,789] DEBUG: No valid transitions from state early_stance
[2026-09-28 04:39:22,789] WARNING: Velocity attribute does not use the linearization map. Please calculate the velocity using the position attribute.
[2026-09-28 04:39:22,794] INFO: T:15.311, State:early_stance, Fz:210.67, ThetaRef:15.00, ThetaActual:1.07, EncoderTheta:100.13, EncoderVelocity:-2.68, K:20.00, B:1.00
[2026-09-28 04:39:22,797] DEBUG: No valid transitions from state early_stance
[2026-09-28 04:39:22,797] WARNING: Velocity attribute does not use the linearization map. Please calculate the velocity using the position attribute.
[2026-09-28 04:39:22,803] INFO: T:15.320, State:early_stance, Fz:205.34, ThetaRef:15.00, ThetaActual:1.07, EncoderTheta:100.11, EncoderVelocity:-2.66, K:20.00, B:1.00
[2026-09-28 04:39:22,805] DEBUG: No valid transitions from state early_stance
[2026-09-28 04:39:22,805] WARNING: Velocity attribute does not use the linearization map. Please calculate the velocity using the position attribute.
[2026-09-28 04:39:22,811] INFO: T:15.328, State:early_stance, Fz:204.22, ThetaRef:15.00, ThetaActual:1.07, EncoderTheta:100.11, EncoderVelocity:0.00, K:20.00, B:1.00
[2026-09-28 04:39:22,813] DEBUG: No valid transitions from state early_stance
[2026-09-28 04:39:22,814] WARNING: Velocity attribute does not use the linearization map. Please calculate the velocity using the position attribute.
[2026-09-28 04:39:22,819] INFO: T:15.336, State:early_stance, Fz:201.89, ThetaRef:15.00, ThetaActual:1.07, EncoderTheta:100.13, EncoderVelocity:2.67, K:20.00, B:1.00
[2026-09-28 04:39:22,822] DEBUG: No valid transitions from state early_stance
[2026-09-28 04:39:22,822] WARNING: Velocity attribute does not use the linearization map. Please calculate the velocity using the position attribute.
[2026-09-28 04:39:22,827] INFO: T:15.344, State:early_stance, Fz:201.11, ThetaRef:15.00, ThetaActual:1.07, EncoderTheta:100.13, EncoderVelocity:0.00, K:20.00, B:1.00
[2026-09-28 04:39:22,830] DEBUG: No valid transitions from state early_stance
[2026-09-28 04:39:22,830] WARNING: Velocity attribute does not use the linearization map. Please calculate the velocity using the position attribute.
[2026-09-28 04:39:22,835] INFO: T:15.352, State:early_stance, Fz:199.01, ThetaRef:15.00, ThetaActual:1.07, EncoderTheta:100.13, EncoderVelocity:0.00, K:20.00, B:1.00
[2026-09-28 04:39:22,838] DEBUG: No valid transitions from state early_stance
[2026-09-28 04:39:22,838] WARNING: Velocity attribute does not use the linearization map. Please calculate the velocity using the position attribute.
[2026-09-28 04:39:22,844] INFO: T:15.361, State:early_stance, Fz:201.33, ThetaRef:15.00, ThetaActual:1.07, EncoderTheta:100.11, EncoderVelocity:-2.67, K:20.00, B:1.00
[2026-09-28 04:39:22,846] DEBUG: No valid transitions from state early_stance
[2026-09-28 04:39:22,846] WARNING: Velocity attribute does not use the linearization map. Please calculate the velocity using the position attribute.
[2026-09-28 04:39:22,852] INFO: T:15.369, State:early_stance, Fz:202.63, ThetaRef:15.00, ThetaActual:1.07, EncoderTheta:100.15, EncoderVelocity:5.31, K:20.00, B:1.00
[2026-09-28 04:39:22,855] DEBUG: No valid transitions from state early_stance
[2026-09-28 04:39:22,855] WARNING: Velocity attribute does not use the linearization map. Please calculate the velocity using the position attribute.
[2026-09-28 04:39:22,860] INFO: T:15.377, State:early_stance, Fz:204.60, ThetaRef:15.00, ThetaActual:1.07, EncoderTheta:100.15, EncoderVelocity:0.00, K:20.00, B:1.00
[2026-09-28 04:39:22,863] DEBUG: No valid transitions from state early_stance
[2026-09-28 04:39:22,863] WARNING: Velocity attribute does not use the linearization map. Please calculate the velocity using the position attribute.
[2026-09-28 04:39:22,869] INFO: T:15.385, State:early_stance, Fz:206.11, ThetaRef:15.00, ThetaActual:1.07, EncoderTheta:100.13, EncoderVelocity:-2.65, K:20.00, B:1.00
[2026-09-28 04:39:22,871] DEBUG: No valid transitions from state early_stance
[2026-09-28 04:39:22,871] WARNING: Velocity attribute does not use the linearization map. Please calculate the velocity using the position attribute.
[2026-09-28 04:39:22,877] INFO: T:15.394, State:early_stance, Fz:206.77, ThetaRef:15.00, ThetaActual:1.07, EncoderTheta:100.15, EncoderVelocity:2.68, K:20.00, B:1.00
[2026-09-28 04:39:22,879] DEBUG: No valid transitions from state early_stance
[2026-09-28 04:39:22,880] WARNING: Velocity attribute does not use the linearization map. Please calculate the velocity using the position attribute.
[2026-09-28 04:39:22,885] INFO: T:15.402, State:early_stance, Fz:208.74, ThetaRef:15.00, ThetaActual:1.07, EncoderTheta:100.17, EncoderVelocity:2.66, K:20.00, B:1.00
[2026-09-28 04:39:22,888] DEBUG: No valid transitions from state early_stance
[2026-09-28 04:39:22,888] WARNING: Velocity attribute does not use the linearization map. Please calculate the velocity using the position attribute.
[2026-09-28 04:39:22,893] INFO: T:15.410, State:early_stance, Fz:210.75, ThetaRef:15.00, ThetaActual:1.07, EncoderTheta:100.13, EncoderVelocity:-5.34, K:20.00, B:1.00
[2026-09-28 04:39:22,896] DEBUG: No valid transitions from state early_stance
[2026-09-28 04:39:22,896] WARNING: Velocity attribute does not use the linearization map. Please calculate the velocity using the position attribute.
[2026-09-28 04:39:22,901] INFO: T:15.418, State:early_stance, Fz:212.33, ThetaRef:15.00, ThetaActual:1.07, EncoderTheta:100.13, EncoderVelocity:0.00, K:20.00, B:1.00
[2026-09-28 04:39:22,904] DEBUG: No valid transitions from state early_stance
[2026-09-28 04:39:22,904] WARNING: Velocity attribute does not use the linearization map. Please calculate the velocity using the position attribute.
[2026-09-28 04:39:22,910] INFO: T:15.427, State:early_stance, Fz:208.07, ThetaRef:15.00, ThetaActual:1.07, EncoderTheta:100.11, EncoderVelocity:-2.66, K:20.00, B:1.00
[2026-09-28 04:39:22,912] DEBUG: No valid transitions from state early_stance
[2026-09-28 04:39:22,912] WARNING: Velocity attribute does not use the linearization map. Please calculate the velocity using the position attribute.
[2026-09-28 04:39:22,918] INFO: T:15.435, State:early_stance, Fz:202.22, ThetaRef:15.00, ThetaActual:1.07, EncoderTheta:100.11, EncoderVelocity:0.00, K:20.00, B:1.00
[2026-09-28 04:39:22,921] DEBUG: No valid transitions from state early_stance
[2026-09-28 04:39:22,921] WARNING: Velocity attribute does not use the linearization map. Please calculate the velocity using the position attribute.
[2026-09-28 04:39:22,926] INFO: T:15.443, State:early_stance, Fz:184.32, ThetaRef:15.00, ThetaActual:1.07, EncoderTheta:100.17, EncoderVelocity:8.01, K:20.00, B:1.00
[2026-09-28 04:39:22,929] DEBUG: No valid transitions from state early_stance
[2026-09-28 04:39:22,929] WARNING: Velocity attribute does not use the linearization map. Please calculate the velocity using the position attribute.
[2026-09-28 04:39:22,934] INFO: T:15.451, State:early_stance, Fz:161.77, ThetaRef:15.00, ThetaActual:1.07, EncoderTheta:100.15, EncoderVelocity:-2.68, K:20.00, B:1.00
[2026-09-28 04:39:22,937] DEBUG: No valid transitions from state early_stance
[2026-09-28 04:39:22,937] WARNING: Velocity attribute does not use the linearization map. Please calculate the velocity using the position attribute.
[2026-09-28 04:39:22,943] INFO: T:15.460, State:early_stance, Fz:138.12, ThetaRef:15.00, ThetaActual:1.07, EncoderTheta:100.13, EncoderVelocity:-2.63, K:20.00, B:1.00
[2026-09-28 04:39:22,945] DEBUG: No valid transitions from state early_stance
[2026-09-28 04:39:22,945] WARNING: Velocity attribute does not use the linearization map. Please calculate the velocity using the position attribute.
[2026-09-28 04:39:22,951] INFO: T:15.468, State:early_stance, Fz:113.68, ThetaRef:15.00, ThetaActual:1.07, EncoderTheta:100.11, EncoderVelocity:-2.66, K:20.00, B:1.00
[2026-09-28 04:39:22,954] DEBUG: No valid transitions from state early_stance
[2026-09-28 04:39:22,954] WARNING: Velocity attribute does not use the linearization map. Please calculate the velocity using the position attribute.
[2026-09-28 04:39:22,959] INFO: T:15.476, State:early_stance, Fz:89.10, ThetaRef:15.00, ThetaActual:1.07, EncoderTheta:100.13, EncoderVelocity:2.67, K:20.00, B:1.00
[2026-09-28 04:39:22,962] DEBUG: No valid transitions from state early_stance
[2026-09-28 04:39:22,962] WARNING: Velocity attribute does not use the linearization map. Please calculate the velocity using the position attribute.
[2026-09-28 04:39:22,967] INFO: T:15.484, State:early_stance, Fz:60.50, ThetaRef:15.00, ThetaActual:1.07, EncoderTheta:100.15, EncoderVelocity:2.68, K:20.00, B:1.00
[2026-09-28 04:39:22,970] DEBUG: No valid transitions from state early_stance
[2026-09-28 04:39:22,970] WARNING: Velocity attribute does not use the linearization map. Please calculate the velocity using the position attribute.
[2026-09-28 04:39:22,976] INFO: T:15.493, State:early_stance, Fz:32.31, ThetaRef:15.00, ThetaActual:1.07, EncoderTheta:100.13, EncoderVelocity:-2.64, K:20.00, B:1.00
[2026-09-28 04:39:22,978] DEBUG: No valid transitions from state early_stance
[2026-09-28 04:39:22,978] WARNING: Velocity attribute does not use the linearization map. Please calculate the velocity using the position attribute.
[2026-09-28 04:39:22,984] INFO: T:15.501, State:early_stance, Fz:3.90, ThetaRef:15.00, ThetaActual:1.07, EncoderTheta:100.17, EncoderVelocity:5.32, K:20.00, B:1.00
[2026-09-28 04:39:22,987] DEBUG: No valid transitions from state early_stance
[2026-09-28 04:39:22,987] WARNING: Velocity attribute does not use the linearization map. Please calculate the velocity using the position attribute.
[2026-09-28 04:39:22,992] INFO: T:15.509, State:early_stance, Fz:-27.63, ThetaRef:15.00, ThetaActual:1.07, EncoderTheta:100.15, EncoderVelocity:-2.64, K:20.00, B:1.00
[2026-09-28 04:39:22,995] WARNING: Velocity attribute does not use the linearization map. Please calculate the velocity using the position attribute.
[2026-09-28 04:39:23,000] INFO: T:15.517, State:late_stance, Fz:-59.57, ThetaRef:5.00, ThetaActual:1.07, EncoderTheta:100.20, EncoderVelocity:5.35, K:500.00, B:20.00
[2026-09-28 04:39:23,003] DEBUG: No valid transitions from state late_stance
[2026-09-28 04:39:23,003] WARNING: Velocity attribute does not use the linearization map. Please calculate the velocity using the position attribute.
[2026-09-28 04:39:23,009] INFO: T:15.526, State:late_stance, Fz:-93.30, ThetaRef:5.00, ThetaActual:1.07, EncoderTheta:100.15, EncoderVelocity:-5.39, K:500.00, B:20.00
[2026-09-28 04:39:23,011] DEBUG: No valid transitions from state late_stance
[2026-09-28 04:39:23,011] WARNING: Velocity attribute does not use the linearization map. Please calculate the velocity using the position attribute.
[2026-09-28 04:39:23,017] INFO: T:15.534, State:late_stance, Fz:-125.91, ThetaRef:5.00, ThetaActual:1.07, EncoderTheta:100.15, EncoderVelocity:0.00, K:500.00, B:20.00
[2026-09-28 04:39:23,020] DEBUG: No valid transitions from state late_stance
[2026-09-28 04:39:23,020] WARNING: Velocity attribute does not use the linearization map. Please calculate the velocity using the position attribute.
[2026-09-28 04:39:23,025] INFO: T:15.542, State:late_stance, Fz:-159.72, ThetaRef:5.00, ThetaActual:1.07, EncoderTheta:100.15, EncoderVelocity:0.00, K:500.00, B:20.00
[2026-09-28 04:39:23,028] DEBUG: No valid transitions from state late_stance
[2026-09-28 04:39:23,028] WARNING: Velocity attribute does not use the linearization map. Please calculate the velocity using the position attribute.
[2026-09-28 04:39:23,033] INFO: T:15.550, State:late_stance, Fz:-193.39, ThetaRef:5.00, ThetaActual:1.07, EncoderTheta:100.13, EncoderVelocity:-2.67, K:500.00, B:20.00
[2026-09-28 04:39:23,036] DEBUG: No valid transitions from state late_stance
[2026-09-28 04:39:23,036] WARNING: Velocity attribute does not use the linearization map. Please calculate the velocity using the position attribute.
[2026-09-28 04:39:23,042] INFO: T:15.559, State:late_stance, Fz:-226.53, ThetaRef:5.00, ThetaActual:0.96, EncoderTheta:100.15, EncoderVelocity:2.66, K:500.00, B:20.00
[2026-09-28 04:39:23,044] DEBUG: No valid transitions from state late_stance
[2026-09-28 04:39:23,044] WARNING: Velocity attribute does not use the linearization map. Please calculate the velocity using the position attribute.
[2026-09-28 04:39:23,050] INFO: T:15.567, State:late_stance, Fz:-260.65, ThetaRef:5.00, ThetaActual:0.87, EncoderTheta:100.20, EncoderVelocity:5.32, K:500.00, B:20.00
[2026-09-28 04:39:23,053] DEBUG: No valid transitions from state late_stance
[2026-09-28 04:39:23,053] WARNING: Velocity attribute does not use the linearization map. Please calculate the velocity using the position attribute.
[2026-09-28 04:39:23,058] INFO: T:15.575, State:late_stance, Fz:-294.12, ThetaRef:5.00, ThetaActual:0.71, EncoderTheta:100.20, EncoderVelocity:0.00, K:500.00, B:20.00
[2026-09-28 04:39:23,061] DEBUG: No valid transitions from state late_stance
[2026-09-28 04:39:23,061] WARNING: Velocity attribute does not use the linearization map. Please calculate the velocity using the position attribute.
[2026-09-28 04:39:23,067] INFO: T:15.583, State:late_stance, Fz:-326.10, ThetaRef:5.00, ThetaActual:0.60, EncoderTheta:100.20, EncoderVelocity:0.00, K:500.00, B:20.00
[2026-09-28 04:39:23,069] DEBUG: No valid transitions from state late_stance
[2026-09-28 04:39:23,069] WARNING: Velocity attribute does not use the linearization map. Please calculate the velocity using the position attribute.
[2026-09-28 04:39:23,075] INFO: T:15.592, State:late_stance, Fz:-356.83, ThetaRef:5.00, ThetaActual:0.57, EncoderTheta:100.24, EncoderVelocity:5.28, K:500.00, B:20.00
[2026-09-28 04:39:23,078] DEBUG: No valid transitions from state late_stance
[2026-09-28 04:39:23,078] WARNING: Velocity attribute does not use the linearization map. Please calculate the velocity using the position attribute.
[2026-09-28 04:39:23,083] INFO: T:15.600, State:late_stance, Fz:-386.66, ThetaRef:5.00, ThetaActual:0.54, EncoderTheta:100.24, EncoderVelocity:0.00, K:500.00, B:20.00
[2026-09-28 04:39:23,086] DEBUG: No valid transitions from state late_stance
[2026-09-28 04:39:23,086] WARNING: Velocity attribute does not use the linearization map. Please calculate the velocity using the position attribute.
[2026-09-28 04:39:23,091] INFO: T:15.608, State:late_stance, Fz:-417.27, ThetaRef:5.00, ThetaActual:0.53, EncoderTheta:100.20, EncoderVelocity:-5.33, K:500.00, B:20.00
[2026-09-28 04:39:23,094] DEBUG: No valid transitions from state late_stance
[2026-09-28 04:39:23,094] WARNING: Velocity attribute does not use the linearization map. Please calculate the velocity using the position attribute.
[2026-09-28 04:39:23,100] INFO: T:15.617, State:late_stance, Fz:-445.49, ThetaRef:5.00, ThetaActual:0.52, EncoderTheta:100.17, EncoderVelocity:-2.68, K:500.00, B:20.00
[2026-09-28 04:39:23,102] DEBUG: No valid transitions from state late_stance
[2026-09-28 04:39:23,102] WARNING: Velocity attribute does not use the linearization map. Please calculate the velocity using the position attribute.
[2026-09-28 04:39:23,108] INFO: T:15.625, State:late_stance, Fz:-473.45, ThetaRef:5.00, ThetaActual:0.52, EncoderTheta:100.17, EncoderVelocity:0.00, K:500.00, B:20.00
[2026-09-28 04:39:23,110] DEBUG: No valid transitions from state late_stance
[2026-09-28 04:39:23,111] WARNING: Velocity attribute does not use the linearization map. Please calculate the velocity using the position attribute.
[2026-09-28 04:39:23,116] INFO: T:15.633, State:late_stance, Fz:-501.18, ThetaRef:5.00, ThetaActual:0.52, EncoderTheta:100.22, EncoderVelocity:5.35, K:500.00, B:20.00
[2026-09-28 04:39:23,119] DEBUG: No valid transitions from state late_stance
[2026-09-28 04:39:23,119] WARNING: Velocity attribute does not use the linearization map. Please calculate the velocity using the position attribute.
[2026-09-28 04:39:23,124] INFO: T:15.641, State:late_stance, Fz:-531.16, ThetaRef:5.00, ThetaActual:0.52, EncoderTheta:100.22, EncoderVelocity:0.00, K:500.00, B:20.00
[2026-09-28 04:39:23,127] DEBUG: No valid transitions from state late_stance
[2026-09-28 04:39:23,127] WARNING: Velocity attribute does not use the linearization map. Please calculate the velocity using the position attribute.
[2026-09-28 04:39:23,132] INFO: T:15.649, State:late_stance, Fz:-562.88, ThetaRef:5.00, ThetaActual:0.52, EncoderTheta:100.22, EncoderVelocity:0.00, K:500.00, B:20.00
[2026-09-28 04:39:23,135] DEBUG: No valid transitions from state late_stance
[2026-09-28 04:39:23,135] WARNING: Velocity attribute does not use the linearization map. Please calculate the velocity using the position attribute.
[2026-09-28 04:39:23,141] INFO: T:15.658, State:late_stance, Fz:-595.99, ThetaRef:5.00, ThetaActual:0.52, EncoderTheta:100.22, EncoderVelocity:0.00, K:500.00, B:20.00
[2026-09-28 04:39:23,143] DEBUG: No valid transitions from state late_stance
[2026-09-28 04:39:23,144] WARNING: Velocity attribute does not use the linearization map. Please calculate the velocity using the position attribute.
[2026-09-28 04:39:23,149] INFO: T:15.666, State:late_stance, Fz:-629.59, ThetaRef:5.00, ThetaActual:0.52, EncoderTheta:100.17, EncoderVelocity:-5.17, K:500.00, B:20.00
[2026-09-28 04:39:23,152] DEBUG: No valid transitions from state late_stance
[2026-09-28 04:39:23,152] WARNING: Velocity attribute does not use the linearization map. Please calculate the velocity using the position attribute.
[2026-09-28 04:39:23,157] INFO: T:15.674, State:late_stance, Fz:-666.53, ThetaRef:5.00, ThetaActual:0.52, EncoderTheta:100.22, EncoderVelocity:5.25, K:500.00, B:20.00
[2026-09-28 04:39:23,160] DEBUG: No valid transitions from state late_stance
[2026-09-28 04:39:23,160] WARNING: Velocity attribute does not use the linearization map. Please calculate the velocity using the position attribute.
[2026-09-28 04:39:23,166] INFO: T:15.683, State:late_stance, Fz:-699.08, ThetaRef:5.00, ThetaActual:0.52, EncoderTheta:100.24, EncoderVelocity:2.65, K:500.00, B:20.00
[2026-09-28 04:39:23,168] DEBUG: No valid transitions from state late_stance
[2026-09-28 04:39:23,168] WARNING: Velocity attribute does not use the linearization map. Please calculate the velocity using the position attribute.
[2026-09-28 04:39:23,174] INFO: T:15.691, State:late_stance, Fz:-728.73, ThetaRef:5.00, ThetaActual:0.52, EncoderTheta:100.20, EncoderVelocity:-5.33, K:500.00, B:20.00
[2026-09-28 04:39:23,177] DEBUG: No valid transitions from state late_stance
[2026-09-28 04:39:23,177] WARNING: Velocity attribute does not use the linearization map. Please calculate the velocity using the position attribute.
[2026-09-28 04:39:23,182] INFO: T:15.699, State:late_stance, Fz:-755.21, ThetaRef:5.00, ThetaActual:0.52, EncoderTheta:100.20, EncoderVelocity:0.00, K:500.00, B:20.00
[2026-09-28 04:39:23,185] DEBUG: No valid transitions from state late_stance
[2026-09-28 04:39:23,185] WARNING: Velocity attribute does not use the linearization map. Please calculate the velocity using the position attribute.
[2026-09-28 04:39:23,190] INFO: T:15.707, State:late_stance, Fz:-776.83, ThetaRef:5.00, ThetaActual:0.52, EncoderTheta:100.15, EncoderVelocity:-5.33, K:500.00, B:20.00
[2026-09-28 04:39:23,193] DEBUG: No valid transitions from state late_stance
[2026-09-28 04:39:23,193] WARNING: Velocity attribute does not use the linearization map. Please calculate the velocity using the position attribute.
[2026-09-28 04:39:23,199] INFO: T:15.716, State:late_stance, Fz:-788.78, ThetaRef:5.00, ThetaActual:0.52, EncoderTheta:100.22, EncoderVelocity:8.01, K:500.00, B:20.00
[2026-09-28 04:39:23,201] DEBUG: No valid transitions from state late_stance
[2026-09-28 04:39:23,201] WARNING: Velocity attribute does not use the linearization map. Please calculate the velocity using the position attribute.
[2026-09-28 04:39:23,207] INFO: T:15.724, State:late_stance, Fz:-794.36, ThetaRef:5.00, ThetaActual:0.52, EncoderTheta:100.20, EncoderVelocity:-2.66, K:500.00, B:20.00
[2026-09-28 04:39:23,210] DEBUG: No valid transitions from state late_stance
[2026-09-28 04:39:23,210] WARNING: Velocity attribute does not use the linearization map. Please calculate the velocity using the position attribute.
[2026-09-28 04:39:23,215] INFO: T:15.732, State:late_stance, Fz:-792.12, ThetaRef:5.00, ThetaActual:0.52, EncoderTheta:100.20, EncoderVelocity:0.00, K:500.00, B:20.00
[2026-09-28 04:39:23,218] DEBUG: No valid transitions from state late_stance
[2026-09-28 04:39:23,218] WARNING: Velocity attribute does not use the linearization map. Please calculate the velocity using the position attribute.
[2026-09-28 04:39:23,224] INFO: T:15.740, State:late_stance, Fz:-781.98, ThetaRef:5.00, ThetaActual:0.52, EncoderTheta:100.20, EncoderVelocity:0.00, K:500.00, B:20.00
[2026-09-28 04:39:23,226] DEBUG: No valid transitions from state late_stance
[2026-09-28 04:39:23,226] WARNING: Velocity attribute does not use the linearization map. Please calculate the velocity using the position attribute.
[2026-09-28 04:39:23,232] INFO: T:15.749, State:late_stance, Fz:-767.78, ThetaRef:5.00, ThetaActual:0.52, EncoderTheta:100.15, EncoderVelocity:-5.32, K:500.00, B:20.00
[2026-09-28 04:39:23,235] DEBUG: No valid transitions from state late_stance
[2026-09-28 04:39:23,235] WARNING: Velocity attribute does not use the linearization map. Please calculate the velocity using the position attribute.
[2026-09-28 04:39:23,240] INFO: T:15.757, State:late_stance, Fz:-746.97, ThetaRef:5.00, ThetaActual:0.52, EncoderTheta:100.15, EncoderVelocity:0.00, K:500.00, B:20.00
[2026-09-28 04:39:23,243] DEBUG: No valid transitions from state late_stance
[2026-09-28 04:39:23,243] WARNING: Velocity attribute does not use the linearization map. Please calculate the velocity using the position attribute.
[2026-09-28 04:39:23,248] INFO: T:15.765, State:late_stance, Fz:-723.10, ThetaRef:5.00, ThetaActual:0.52, EncoderTheta:100.15, EncoderVelocity:0.00, K:500.00, B:20.00
[2026-09-28 04:39:23,251] DEBUG: No valid transitions from state late_stance
[2026-09-28 04:39:23,251] WARNING: Velocity attribute does not use the linearization map. Please calculate the velocity using the position attribute.
[2026-09-28 04:39:23,257] INFO: T:15.774, State:late_stance, Fz:-695.47, ThetaRef:5.00, ThetaActual:0.52, EncoderTheta:100.13, EncoderVelocity:-2.66, K:500.00, B:20.00
[2026-09-28 04:39:23,259] DEBUG: No valid transitions from state late_stance
[2026-09-28 04:39:23,259] WARNING: Velocity attribute does not use the linearization map. Please calculate the velocity using the position attribute.
[2026-09-28 04:39:23,265] INFO: T:15.782, State:late_stance, Fz:-664.51, ThetaRef:5.00, ThetaActual:0.52, EncoderTheta:100.15, EncoderVelocity:2.67, K:500.00, B:20.00
[2026-09-28 04:39:23,268] DEBUG: No valid transitions from state late_stance
[2026-09-28 04:39:23,268] WARNING: Velocity attribute does not use the linearization map. Please calculate the velocity using the position attribute.
[2026-09-28 04:39:23,273] INFO: T:15.790, State:late_stance, Fz:-635.97, ThetaRef:5.00, ThetaActual:0.52, EncoderTheta:100.15, EncoderVelocity:0.00, K:500.00, B:20.00
[2026-09-28 04:39:23,276] DEBUG: No valid transitions from state late_stance
[2026-09-28 04:39:23,276] WARNING: Velocity attribute does not use the linearization map. Please calculate the velocity using the position attribute.
[2026-09-28 04:39:23,281] INFO: T:15.798, State:late_stance, Fz:-603.87, ThetaRef:5.00, ThetaActual:0.52, EncoderTheta:100.13, EncoderVelocity:-2.67, K:500.00, B:20.00
[2026-09-28 04:39:23,284] DEBUG: No valid transitions from state late_stance
[2026-09-28 04:39:23,284] WARNING: Velocity attribute does not use the linearization map. Please calculate the velocity using the position attribute.
[2026-09-28 04:39:23,290] INFO: T:15.807, State:late_stance, Fz:-575.42, ThetaRef:5.00, ThetaActual:0.52, EncoderTheta:100.13, EncoderVelocity:0.00, K:500.00, B:20.00
[2026-09-28 04:39:23,292] DEBUG: No valid transitions from state late_stance
[2026-09-28 04:39:23,292] WARNING: Velocity attribute does not use the linearization map. Please calculate the velocity using the position attribute.
[2026-09-28 04:39:23,298] INFO: T:15.815, State:late_stance, Fz:-544.31, ThetaRef:5.00, ThetaActual:0.52, EncoderTheta:100.11, EncoderVelocity:-2.69, K:500.00, B:20.00
[2026-09-28 04:39:23,300] DEBUG: No valid transitions from state late_stance
[2026-09-28 04:39:23,300] WARNING: Velocity attribute does not use the linearization map. Please calculate the velocity using the position attribute.
[2026-09-28 04:39:23,306] INFO: T:15.823, State:late_stance, Fz:-514.65, ThetaRef:5.00, ThetaActual:0.52, EncoderTheta:100.13, EncoderVelocity:2.67, K:500.00, B:20.00
[2026-09-28 04:39:23,308] DEBUG: No valid transitions from state late_stance
[2026-09-28 04:39:23,309] WARNING: Velocity attribute does not use the linearization map. Please calculate the velocity using the position attribute.
[2026-09-28 04:39:23,314] INFO: T:15.831, State:late_stance, Fz:-479.69, ThetaRef:5.00, ThetaActual:0.52, EncoderTheta:100.11, EncoderVelocity:-2.70, K:500.00, B:20.00
[2026-09-28 04:39:23,317] DEBUG: No valid transitions from state late_stance
[2026-09-28 04:39:23,317] WARNING: Velocity attribute does not use the linearization map. Please calculate the velocity using the position attribute.
[2026-09-28 04:39:23,322] INFO: T:15.839, State:late_stance, Fz:-444.56, ThetaRef:5.00, ThetaActual:0.52, EncoderTheta:100.04, EncoderVelocity:-8.00, K:500.00, B:20.00
[2026-09-28 04:39:23,325] DEBUG: No valid transitions from state late_stance
[2026-09-28 04:39:23,325] WARNING: Velocity attribute does not use the linearization map. Please calculate the velocity using the position attribute.
[2026-09-28 04:39:23,331] INFO: T:15.848, State:late_stance, Fz:-410.87, ThetaRef:5.00, ThetaActual:0.52, EncoderTheta:100.11, EncoderVelocity:8.04, K:500.00, B:20.00
[2026-09-28 04:39:23,333] DEBUG: No valid transitions from state late_stance
[2026-09-28 04:39:23,333] WARNING: Velocity attribute does not use the linearization map. Please calculate the velocity using the position attribute.
[2026-09-28 04:39:23,339] INFO: T:15.856, State:late_stance, Fz:-375.82, ThetaRef:5.00, ThetaActual:0.52, EncoderTheta:100.04, EncoderVelocity:-8.06, K:500.00, B:20.00
[2026-09-28 04:39:23,341] DEBUG: No valid transitions from state late_stance
[2026-09-28 04:39:23,341] WARNING: Velocity attribute does not use the linearization map. Please calculate the velocity using the position attribute.
[2026-09-28 04:39:23,347] INFO: T:15.864, State:late_stance, Fz:-342.16, ThetaRef:5.00, ThetaActual:0.52, EncoderTheta:100.09, EncoderVelocity:5.33, K:500.00, B:20.00
[2026-09-28 04:39:23,350] DEBUG: No valid transitions from state late_stance
[2026-09-28 04:39:23,350] WARNING: Velocity attribute does not use the linearization map. Please calculate the velocity using the position attribute.
[2026-09-28 04:39:23,355] INFO: T:15.872, State:late_stance, Fz:-311.02, ThetaRef:5.00, ThetaActual:0.52, EncoderTheta:100.09, EncoderVelocity:0.00, K:500.00, B:20.00
[2026-09-28 04:39:23,358] DEBUG: No valid transitions from state late_stance
[2026-09-28 04:39:23,358] WARNING: Velocity attribute does not use the linearization map. Please calculate the velocity using the position attribute.
[2026-09-28 04:39:23,363] INFO: T:15.880, State:late_stance, Fz:-282.83, ThetaRef:5.00, ThetaActual:0.52, EncoderTheta:100.09, EncoderVelocity:0.00, K:500.00, B:20.00
[2026-09-28 04:39:23,366] DEBUG: No valid transitions from state late_stance
[2026-09-28 04:39:23,366] WARNING: Velocity attribute does not use the linearization map. Please calculate the velocity using the position attribute.
[2026-09-28 04:39:23,372] INFO: T:15.889, State:late_stance, Fz:-256.41, ThetaRef:5.00, ThetaActual:0.53, EncoderTheta:100.04, EncoderVelocity:-5.35, K:500.00, B:20.00
[2026-09-28 04:39:23,374] DEBUG: No valid transitions from state late_stance
[2026-09-28 04:39:23,374] WARNING: Velocity attribute does not use the linearization map. Please calculate the velocity using the position attribute.
[2026-09-28 04:39:23,380] INFO: T:15.897, State:late_stance, Fz:-231.27, ThetaRef:5.00, ThetaActual:0.53, EncoderTheta:100.02, EncoderVelocity:-2.69, K:500.00, B:20.00
[2026-09-28 04:39:23,382] DEBUG: No valid transitions from state late_stance
[2026-09-28 04:39:23,383] WARNING: Velocity attribute does not use the linearization map. Please calculate the velocity using the position attribute.
[2026-09-28 04:39:23,388] INFO: T:15.905, State:late_stance, Fz:-208.66, ThetaRef:5.00, ThetaActual:0.53, EncoderTheta:100.02, EncoderVelocity:0.00, K:500.00, B:20.00
[2026-09-28 04:39:23,391] DEBUG: No valid transitions from state late_stance
[2026-09-28 04:39:23,391] WARNING: Velocity attribute does not use the linearization map. Please calculate the velocity using the position attribute.
[2026-09-28 04:39:23,396] INFO: T:15.913, State:late_stance, Fz:-187.40, ThetaRef:5.00, ThetaActual:0.53, EncoderTheta:100.00, EncoderVelocity:-2.63, K:500.00, B:20.00
[2026-09-28 04:39:23,399] DEBUG: No valid transitions from state late_stance
[2026-09-28 04:39:23,399] WARNING: Velocity attribute does not use the linearization map. Please calculate the velocity using the position attribute.
[2026-09-28 04:39:23,405] INFO: T:15.922, State:late_stance, Fz:-166.26, ThetaRef:5.00, ThetaActual:0.53, EncoderTheta:99.98, EncoderVelocity:-2.65, K:500.00, B:20.00
[2026-09-28 04:39:23,407] DEBUG: No valid transitions from state late_stance
[2026-09-28 04:39:23,407] WARNING: Velocity attribute does not use the linearization map. Please calculate the velocity using the position attribute.
[2026-09-28 04:39:23,413] INFO: T:15.930, State:late_stance, Fz:-147.19, ThetaRef:5.00, ThetaActual:0.54, EncoderTheta:100.00, EncoderVelocity:2.67, K:500.00, B:20.00
[2026-09-28 04:39:23,416] DEBUG: No valid transitions from state late_stance
[2026-09-28 04:39:23,416] WARNING: Velocity attribute does not use the linearization map. Please calculate the velocity using the position attribute.
[2026-09-28 04:39:23,421] INFO: T:15.938, State:late_stance, Fz:-131.13, ThetaRef:5.00, ThetaActual:0.55, EncoderTheta:99.95, EncoderVelocity:-5.30, K:500.00, B:20.00
[2026-09-28 04:39:23,424] DEBUG: No valid transitions from state late_stance
[2026-09-28 04:39:23,424] WARNING: Velocity attribute does not use the linearization map. Please calculate the velocity using the position attribute.
[2026-09-28 04:39:23,429] INFO: T:15.946, State:late_stance, Fz:-114.94, ThetaRef:5.00, ThetaActual:0.58, EncoderTheta:99.82, EncoderVelocity:-16.09, K:500.00, B:20.00
[2026-09-28 04:39:23,432] DEBUG: No valid transitions from state late_stance
[2026-09-28 04:39:23,432] WARNING: Velocity attribute does not use the linearization map. Please calculate the velocity using the position attribute.
[2026-09-28 04:39:23,438] INFO: T:15.955, State:late_stance, Fz:-102.05, ThetaRef:5.00, ThetaActual:0.63, EncoderTheta:99.73, EncoderVelocity:-10.68, K:500.00, B:20.00
[2026-09-28 04:39:23,440] DEBUG: No valid transitions from state late_stance
[2026-09-28 04:39:23,440] WARNING: Velocity attribute does not use the linearization map. Please calculate the velocity using the position attribute.
[2026-09-28 04:39:23,446] INFO: T:15.963, State:late_stance, Fz:-88.78, ThetaRef:5.00, ThetaActual:0.66, EncoderTheta:99.67, EncoderVelocity:-7.90, K:500.00, B:20.00
[2026-09-28 04:39:23,449] DEBUG: No valid transitions from state late_stance
[2026-09-28 04:39:23,449] WARNING: Velocity attribute does not use the linearization map. Please calculate the velocity using the position attribute.
[2026-09-28 04:39:23,454] INFO: T:15.971, State:late_stance, Fz:-75.20, ThetaRef:5.00, ThetaActual:0.72, EncoderTheta:99.60, EncoderVelocity:-8.02, K:500.00, B:20.00
[2026-09-28 04:39:23,457] DEBUG: No valid transitions from state late_stance
[2026-09-28 04:39:23,457] WARNING: Velocity attribute does not use the linearization map. Please calculate the velocity using the position attribute.
[2026-09-28 04:39:23,462] INFO: T:15.979, State:late_stance, Fz:-62.37, ThetaRef:5.00, ThetaActual:0.80, EncoderTheta:99.51, EncoderVelocity:-10.66, K:500.00, B:20.00
[2026-09-28 04:39:23,465] DEBUG: No valid transitions from state late_stance
[2026-09-28 04:39:23,465] WARNING: Velocity attribute does not use the linearization map. Please calculate the velocity using the position attribute.
[2026-09-28 04:39:23,471] INFO: T:15.988, State:late_stance, Fz:-47.15, ThetaRef:5.00, ThetaActual:0.83, EncoderTheta:99.43, EncoderVelocity:-10.65, K:500.00, B:20.00
[2026-09-28 04:39:23,473] DEBUG: No valid transitions from state late_stance
[2026-09-28 04:39:23,473] WARNING: Velocity attribute does not use the linearization map. Please calculate the velocity using the position attribute.
[2026-09-28 04:39:23,479] INFO: T:15.996, State:late_stance, Fz:-34.03, ThetaRef:5.00, ThetaActual:0.90, EncoderTheta:99.38, EncoderVelocity:-5.35, K:500.00, B:20.00
[2026-09-28 04:39:23,482] WARNING: Velocity attribute does not use the linearization map. Please calculate the velocity using the position attribute.
[2026-09-28 04:39:23,487] INFO: T:16.004, State:swing, Fz:-20.60, ThetaRef:60.00, ThetaActual:0.97, EncoderTheta:99.25, EncoderVelocity:-16.00, K:10.00, B:0.50
[2026-09-28 04:39:23,490] DEBUG: No valid transitions from state swing
[2026-09-28 04:39:23,490] WARNING: Velocity attribute does not use the linearization map. Please calculate the velocity using the position attribute.
[2026-09-28 04:39:23,495] INFO: T:16.012, State:swing, Fz:-11.33, ThetaRef:60.00, ThetaActual:1.01, EncoderTheta:99.18, EncoderVelocity:-8.05, K:10.00, B:0.50
[2026-09-28 04:39:23,498] DEBUG: No valid transitions from state swing
[2026-09-28 04:39:23,498] WARNING: Velocity attribute does not use the linearization map. Please calculate the velocity using the position attribute.
[2026-09-28 04:39:23,504] INFO: T:16.021, State:swing, Fz:1.66, ThetaRef:60.00, ThetaActual:1.08, EncoderTheta:99.12, EncoderVelocity:-7.89, K:10.00, B:0.50
[2026-09-28 04:39:23,507] DEBUG: No valid transitions from state swing
[2026-09-28 04:39:23,507] WARNING: Velocity attribute does not use the linearization map. Please calculate the velocity using the position attribute.
[2026-09-28 04:39:23,512] INFO: T:16.029, State:swing, Fz:13.59, ThetaRef:60.00, ThetaActual:1.15, EncoderTheta:99.10, EncoderVelocity:-2.58, K:10.00, B:0.50
[2026-09-28 04:39:23,515] DEBUG: No valid transitions from state swing
[2026-09-28 04:39:23,515] WARNING: Velocity attribute does not use the linearization map. Please calculate the velocity using the position attribute.
[2026-09-28 04:39:23,521] INFO: T:16.038, State:swing, Fz:21.67, ThetaRef:60.00, ThetaActual:1.18, EncoderTheta:98.96, EncoderVelocity:-15.57, K:10.00, B:0.50
[2026-09-28 04:39:23,523] DEBUG: No valid transitions from state swing
[2026-09-28 04:39:23,524] WARNING: Velocity attribute does not use the linearization map. Please calculate the velocity using the position attribute.
[2026-09-28 04:39:23,529] INFO: T:16.046, State:swing, Fz:17.79, ThetaRef:60.00, ThetaActual:1.35, EncoderTheta:98.66, EncoderVelocity:-36.86, K:10.00, B:0.50
[2026-09-28 04:39:23,532] DEBUG: No valid transitions from state swing
[2026-09-28 04:39:23,532] WARNING: Velocity attribute does not use the linearization map. Please calculate the velocity using the position attribute.
[2026-09-28 04:39:23,537] INFO: T:16.054, State:swing, Fz:2.77, ThetaRef:60.00, ThetaActual:1.81, EncoderTheta:98.17, EncoderVelocity:-57.96, K:10.00, B:0.50
[2026-09-28 04:39:23,540] DEBUG: No valid transitions from state swing
[2026-09-28 04:39:23,540] WARNING: Velocity attribute does not use the linearization map. Please calculate the velocity using the position attribute.
[2026-09-28 04:39:23,546] INFO: T:16.063, State:swing, Fz:-18.59, ThetaRef:60.00, ThetaActual:2.11, EncoderTheta:97.58, EncoderVelocity:-71.02, K:10.00, B:0.50
[2026-09-28 04:39:23,548] DEBUG: No valid transitions from state swing
[2026-09-28 04:39:23,549] WARNING: Velocity attribute does not use the linearization map. Please calculate the velocity using the position attribute.
[2026-09-28 04:39:23,554] INFO: T:16.071, State:swing, Fz:-23.52, ThetaRef:60.00, ThetaActual:2.86, EncoderTheta:96.83, EncoderVelocity:-89.86, K:10.00, B:0.50
[2026-09-28 04:39:23,557] DEBUG: No valid transitions from state swing
[2026-09-28 04:39:23,557] WARNING: Velocity attribute does not use the linearization map. Please calculate the velocity using the position attribute.
[2026-09-28 04:39:23,562] INFO: T:16.079, State:swing, Fz:-27.79, ThetaRef:60.00, ThetaActual:3.77, EncoderTheta:96.04, EncoderVelocity:-95.55, K:10.00, B:0.50
[2026-09-28 04:39:23,565] DEBUG: No valid transitions from state swing
[2026-09-28 04:39:23,565] WARNING: Velocity attribute does not use the linearization map. Please calculate the velocity using the position attribute.
[2026-09-28 04:39:23,571] INFO: T:16.088, State:swing, Fz:-41.47, ThetaRef:60.00, ThetaActual:4.28, EncoderTheta:95.14, EncoderVelocity:-108.20, K:10.00, B:0.50
[2026-09-28 04:39:23,573] DEBUG: No valid transitions from state swing
[2026-09-28 04:39:23,573] WARNING: Velocity attribute does not use the linearization map. Please calculate the velocity using the position attribute.
[2026-09-28 04:39:23,579] INFO: T:16.096, State:swing, Fz:-55.91, ThetaRef:60.00, ThetaActual:5.43, EncoderTheta:94.17, EncoderVelocity:-116.98, K:10.00, B:0.50
[2026-09-28 04:39:23,582] DEBUG: No valid transitions from state swing
[2026-09-28 04:39:23,582] WARNING: Velocity attribute does not use the linearization map. Please calculate the velocity using the position attribute.
[2026-09-28 04:39:23,587] INFO: T:16.104, State:swing, Fz:-72.45, ThetaRef:60.00, ThetaActual:6.67, EncoderTheta:93.14, EncoderVelocity:-125.42, K:10.00, B:0.50
[2026-09-28 04:39:23,590] DEBUG: No valid transitions from state swing
[2026-09-28 04:39:23,590] WARNING: Velocity attribute does not use the linearization map. Please calculate the velocity using the position attribute.
[2026-09-28 04:39:23,595] INFO: T:16.112, State:swing, Fz:-83.56, ThetaRef:60.00, ThetaActual:7.32, EncoderTheta:92.02, EncoderVelocity:-136.31, K:10.00, B:0.50
[2026-09-28 04:39:23,598] DEBUG: No valid transitions from state swing
[2026-09-28 04:39:23,598] WARNING: Velocity attribute does not use the linearization map. Please calculate the velocity using the position attribute.
[2026-09-28 04:39:23,604] INFO: T:16.121, State:swing, Fz:-90.04, ThetaRef:60.00, ThetaActual:8.65, EncoderTheta:90.94, EncoderVelocity:-130.18, K:10.00, B:0.50
[2026-09-28 04:39:23,606] DEBUG: No valid transitions from state swing
[2026-09-28 04:39:23,606] WARNING: Velocity attribute does not use the linearization map. Please calculate the velocity using the position attribute.
[2026-09-28 04:39:23,612] INFO: T:16.129, State:swing, Fz:-96.97, ThetaRef:60.00, ThetaActual:10.05, EncoderTheta:89.78, EncoderVelocity:-141.75, K:10.00, B:0.50
[2026-09-28 04:39:23,615] DEBUG: No valid transitions from state swing
[2026-09-28 04:39:23,615] WARNING: Velocity attribute does not use the linearization map. Please calculate the velocity using the position attribute.
[2026-09-28 04:39:23,620] INFO: T:16.137, State:swing, Fz:-103.72, ThetaRef:60.00, ThetaActual:10.76, EncoderTheta:88.66, EncoderVelocity:-135.24, K:10.00, B:0.50
[2026-09-28 04:39:23,623] DEBUG: No valid transitions from state swing
[2026-09-28 04:39:23,623] WARNING: Velocity attribute does not use the linearization map. Please calculate the velocity using the position attribute.
[2026-09-28 04:39:23,628] INFO: T:16.145, State:swing, Fz:-110.87, ThetaRef:60.00, ThetaActual:12.20, EncoderTheta:87.47, EncoderVelocity:-141.98, K:10.00, B:0.50
[2026-09-28 04:39:23,631] DEBUG: No valid transitions from state swing
[2026-09-28 04:39:23,631] WARNING: Velocity attribute does not use the linearization map. Please calculate the velocity using the position attribute.
[2026-09-28 04:39:23,637] INFO: T:16.154, State:swing, Fz:-110.34, ThetaRef:60.00, ThetaActual:13.66, EncoderTheta:86.20, EncoderVelocity:-153.79, K:10.00, B:0.50
[2026-09-28 04:39:23,639] DEBUG: No valid transitions from state swing
[2026-09-28 04:39:23,639] WARNING: Velocity attribute does not use the linearization map. Please calculate the velocity using the position attribute.
[2026-09-28 04:39:23,645] INFO: T:16.162, State:swing, Fz:-108.44, ThetaRef:60.00, ThetaActual:14.40, EncoderTheta:84.92, EncoderVelocity:-154.89, K:10.00, B:0.50
[2026-09-28 04:39:23,648] DEBUG: No valid transitions from state swing
[2026-09-28 04:39:23,648] WARNING: Velocity attribute does not use the linearization map. Please calculate the velocity using the position attribute.
[2026-09-28 04:39:23,653] INFO: T:16.170, State:swing, Fz:-106.95, ThetaRef:60.00, ThetaActual:15.90, EncoderTheta:83.72, EncoderVelocity:-147.23, K:10.00, B:0.50
[2026-09-28 04:39:23,656] DEBUG: No valid transitions from state swing
[2026-09-28 04:39:23,656] WARNING: Velocity attribute does not use the linearization map. Please calculate the velocity using the position attribute.
[2026-09-28 04:39:23,661] INFO: T:16.178, State:swing, Fz:-103.29, ThetaRef:60.00, ThetaActual:17.43, EncoderTheta:82.44, EncoderVelocity:-153.96, K:10.00, B:0.50
[2026-09-28 04:39:23,664] DEBUG: No valid transitions from state swing
[2026-09-28 04:39:23,664] WARNING: Velocity attribute does not use the linearization map. Please calculate the velocity using the position attribute.
[2026-09-28 04:39:23,670] INFO: T:16.187, State:swing, Fz:-98.46, ThetaRef:60.00, ThetaActual:18.21, EncoderTheta:81.12, EncoderVelocity:-159.53, K:10.00, B:0.50
[2026-09-28 04:39:23,672] DEBUG: No valid transitions from state swing
[2026-09-28 04:39:23,672] WARNING: Velocity attribute does not use the linearization map. Please calculate the velocity using the position attribute.
[2026-09-28 04:39:23,678] INFO: T:16.195, State:swing, Fz:-87.33, ThetaRef:60.00, ThetaActual:19.77, EncoderTheta:79.80, EncoderVelocity:-160.22, K:10.00, B:0.50
[2026-09-28 04:39:23,681] DEBUG: No valid transitions from state swing
[2026-09-28 04:39:23,681] WARNING: Velocity attribute does not use the linearization map. Please calculate the velocity using the position attribute.
[2026-09-28 04:39:23,686] INFO: T:16.203, State:swing, Fz:-75.82, ThetaRef:60.00, ThetaActual:20.57, EncoderTheta:78.44, EncoderVelocity:-164.54, K:10.00, B:0.50
[2026-09-28 04:39:23,689] DEBUG: No valid transitions from state swing
[2026-09-28 04:39:23,689] WARNING: Velocity attribute does not use the linearization map. Please calculate the velocity using the position attribute.
[2026-09-28 04:39:23,695] INFO: T:16.211, State:swing, Fz:-61.53, ThetaRef:60.00, ThetaActual:22.19, EncoderTheta:77.01, EncoderVelocity:-171.16, K:10.00, B:0.50
[2026-09-28 04:39:23,697] DEBUG: No valid transitions from state swing
[2026-09-28 04:39:23,697] WARNING: Velocity attribute does not use the linearization map. Please calculate the velocity using the position attribute.
[2026-09-28 04:39:23,703] INFO: T:16.220, State:swing, Fz:-48.18, ThetaRef:60.00, ThetaActual:23.86, EncoderTheta:75.59, EncoderVelocity:-171.50, K:10.00, B:0.50
[2026-09-28 04:39:23,706] DEBUG: No valid transitions from state swing
[2026-09-28 04:39:23,706] WARNING: Velocity attribute does not use the linearization map. Please calculate the velocity using the position attribute.
[2026-09-28 04:39:23,711] INFO: T:16.228, State:swing, Fz:-36.00, ThetaRef:60.00, ThetaActual:24.72, EncoderTheta:74.16, EncoderVelocity:-172.74, K:10.00, B:0.50
[2026-09-28 04:39:23,714] DEBUG: No valid transitions from state swing
[2026-09-28 04:39:23,714] WARNING: Velocity attribute does not use the linearization map. Please calculate the velocity using the position attribute.
[2026-09-28 04:39:23,720] INFO: T:16.236, State:swing, Fz:-22.22, ThetaRef:60.00, ThetaActual:26.48, EncoderTheta:72.64, EncoderVelocity:-181.68, K:10.00, B:0.50
[2026-09-28 04:39:23,722] DEBUG: No valid transitions from state swing
[2026-09-28 04:39:23,722] WARNING: Velocity attribute does not use the linearization map. Please calculate the velocity using the position attribute.
[2026-09-28 04:39:23,728] INFO: T:16.245, State:swing, Fz:-5.31, ThetaRef:60.00, ThetaActual:28.29, EncoderTheta:71.10, EncoderVelocity:-184.93, K:10.00, B:0.50
[2026-09-28 04:39:23,730] DEBUG: No valid transitions from state swing
[2026-09-28 04:39:23,731] WARNING: Velocity attribute does not use the linearization map. Please calculate the velocity using the position attribute.
[2026-09-28 04:39:23,736] INFO: T:16.253, State:swing, Fz:9.62, ThetaRef:60.00, ThetaActual:29.21, EncoderTheta:69.48, EncoderVelocity:-197.37, K:10.00, B:0.50
[2026-09-28 04:39:23,739] DEBUG: No valid transitions from state swing
[2026-09-28 04:39:23,739] WARNING: Velocity attribute does not use the linearization map. Please calculate the velocity using the position attribute.
[2026-09-28 04:39:23,744] INFO: T:16.261, State:swing, Fz:23.49, ThetaRef:60.00, ThetaActual:31.08, EncoderTheta:67.90, EncoderVelocity:-191.36, K:10.00, B:0.50
[2026-09-28 04:39:23,747] DEBUG: No valid transitions from state swing
[2026-09-28 04:39:23,747] WARNING: Velocity attribute does not use the linearization map. Please calculate the velocity using the position attribute.
[2026-09-28 04:39:23,753] INFO: T:16.270, State:swing, Fz:37.99, ThetaRef:60.00, ThetaActual:32.99, EncoderTheta:66.34, EncoderVelocity:-189.03, K:10.00, B:0.50
[2026-09-28 04:39:23,755] DEBUG: No valid transitions from state swing
[2026-09-28 04:39:23,755] WARNING: Velocity attribute does not use the linearization map. Please calculate the velocity using the position attribute.
[2026-09-28 04:39:23,761] INFO: T:16.278, State:swing, Fz:52.07, ThetaRef:60.00, ThetaActual:33.95, EncoderTheta:64.69, EncoderVelocity:-196.30, K:10.00, B:0.50
[2026-09-28 04:39:23,764] DEBUG: No valid transitions from state swing
[2026-09-28 04:39:23,764] WARNING: Velocity attribute does not use the linearization map. Please calculate the velocity using the position attribute.
[2026-09-28 04:39:23,769] INFO: T:16.286, State:swing, Fz:65.22, ThetaRef:60.00, ThetaActual:35.91, EncoderTheta:63.04, EncoderVelocity:-198.57, K:10.00, B:0.50
[2026-09-28 04:39:23,772] DEBUG: No valid transitions from state swing
[2026-09-28 04:39:23,772] WARNING: Velocity attribute does not use the linearization map. Please calculate the velocity using the position attribute.
[2026-09-28 04:39:23,778] INFO: T:16.295, State:swing, Fz:74.21, ThetaRef:60.00, ThetaActual:37.87, EncoderTheta:61.44, EncoderVelocity:-193.29, K:10.00, B:0.50
[2026-09-28 04:39:23,780] DEBUG: No valid transitions from state swing
[2026-09-28 04:39:23,780] WARNING: Velocity attribute does not use the linearization map. Please calculate the velocity using the position attribute.
[2026-09-28 04:39:23,786] INFO: T:16.303, State:swing, Fz:80.00, ThetaRef:60.00, ThetaActual:38.84, EncoderTheta:59.81, EncoderVelocity:-195.61, K:10.00, B:0.50
[2026-09-28 04:39:23,789] DEBUG: No valid transitions from state swing
[2026-09-28 04:39:23,789] WARNING: Velocity attribute does not use the linearization map. Please calculate the velocity using the position attribute.
[2026-09-28 04:39:23,794] INFO: T:16.311, State:swing, Fz:82.82, ThetaRef:60.00, ThetaActual:40.77, EncoderTheta:58.27, EncoderVelocity:-186.11, K:10.00, B:0.50
[2026-09-28 04:39:23,797] DEBUG: No valid transitions from state swing
[2026-09-28 04:39:23,797] WARNING: Velocity attribute does not use the linearization map. Please calculate the velocity using the position attribute.
[2026-09-28 04:39:23,802] INFO: T:16.319, State:swing, Fz:82.98, ThetaRef:60.00, ThetaActual:42.60, EncoderTheta:56.84, EncoderVelocity:-172.42, K:10.00, B:0.50
[2026-09-28 04:39:23,805] DEBUG: No valid transitions from state swing
[2026-09-28 04:39:23,805] WARNING: Velocity attribute does not use the linearization map. Please calculate the velocity using the position attribute.
[2026-09-28 04:39:23,811] INFO: T:16.328, State:swing, Fz:83.04, ThetaRef:60.00, ThetaActual:43.48, EncoderTheta:55.46, EncoderVelocity:-169.01, K:10.00, B:0.50
[2026-09-28 04:39:23,813] DEBUG: No valid transitions from state swing
[2026-09-28 04:39:23,813] WARNING: Velocity attribute does not use the linearization map. Please calculate the velocity using the position attribute.
[2026-09-28 04:39:23,819] INFO: T:16.336, State:swing, Fz:81.14, ThetaRef:60.00, ThetaActual:45.14, EncoderTheta:54.18, EncoderVelocity:-155.39, K:10.00, B:0.50
[2026-09-28 04:39:23,821] DEBUG: No valid transitions from state swing
[2026-09-28 04:39:23,821] WARNING: Velocity attribute does not use the linearization map. Please calculate the velocity using the position attribute.
[2026-09-28 04:39:23,827] INFO: T:16.344, State:swing, Fz:79.65, ThetaRef:60.00, ThetaActual:46.65, EncoderTheta:53.04, EncoderVelocity:-140.09, K:10.00, B:0.50
[2026-09-28 04:39:23,830] DEBUG: No valid transitions from state swing
[2026-09-28 04:39:23,830] WARNING: Velocity attribute does not use the linearization map. Please calculate the velocity using the position attribute.
[2026-09-28 04:39:23,835] INFO: T:16.352, State:swing, Fz:77.52, ThetaRef:60.00, ThetaActual:47.34, EncoderTheta:52.05, EncoderVelocity:-120.85, K:10.00, B:0.50
[2026-09-28 04:39:23,838] DEBUG: No valid transitions from state swing
[2026-09-28 04:39:23,838] WARNING: Velocity attribute does not use the linearization map. Please calculate the velocity using the position attribute.
[2026-09-28 04:39:23,843] INFO: T:16.360, State:swing, Fz:77.32, ThetaRef:60.00, ThetaActual:48.61, EncoderTheta:51.06, EncoderVelocity:-119.28, K:10.00, B:0.50
[2026-09-28 04:39:23,846] DEBUG: No valid transitions from state swing
[2026-09-28 04:39:23,846] WARNING: Velocity attribute does not use the linearization map. Please calculate the velocity using the position attribute.
[2026-09-28 04:39:23,852] INFO: T:16.369, State:swing, Fz:74.23, ThetaRef:60.00, ThetaActual:49.70, EncoderTheta:50.25, EncoderVelocity:-99.22, K:10.00, B:0.50
[2026-09-28 04:39:23,854] DEBUG: No valid transitions from state swing
[2026-09-28 04:39:23,854] WARNING: Velocity attribute does not use the linearization map. Please calculate the velocity using the position attribute.
[2026-09-28 04:39:23,860] INFO: T:16.377, State:swing, Fz:72.36, ThetaRef:60.00, ThetaActual:50.17, EncoderTheta:49.57, EncoderVelocity:-83.50, K:10.00, B:0.50
[2026-09-28 04:39:23,862] DEBUG: No valid transitions from state swing
[2026-09-28 04:39:23,863] WARNING: Velocity attribute does not use the linearization map. Please calculate the velocity using the position attribute.
[2026-09-28 04:39:23,868] INFO: T:16.385, State:swing, Fz:69.39, ThetaRef:60.00, ThetaActual:50.99, EncoderTheta:49.11, EncoderVelocity:-56.22, K:10.00, B:0.50
[2026-09-28 04:39:23,871] DEBUG: No valid transitions from state swing
[2026-09-28 04:39:23,871] WARNING: Velocity attribute does not use the linearization map. Please calculate the velocity using the position attribute.
[2026-09-28 04:39:23,876] INFO: T:16.393, State:swing, Fz:67.13, ThetaRef:60.00, ThetaActual:51.32, EncoderTheta:48.63, EncoderVelocity:-58.73, K:10.00, B:0.50
[2026-09-28 04:39:23,879] DEBUG: No valid transitions from state swing
[2026-09-28 04:39:23,879] WARNING: Velocity attribute does not use the linearization map. Please calculate the velocity using the position attribute.
[2026-09-28 04:39:23,885] INFO: T:16.402, State:swing, Fz:63.89, ThetaRef:60.00, ThetaActual:51.84, EncoderTheta:48.41, EncoderVelocity:-26.39, K:10.00, B:0.50
[2026-09-28 04:39:23,887] DEBUG: No valid transitions from state swing
[2026-09-28 04:39:23,887] WARNING: Velocity attribute does not use the linearization map. Please calculate the velocity using the position attribute.
[2026-09-28 04:39:23,893] INFO: T:16.410, State:swing, Fz:58.97, ThetaRef:60.00, ThetaActual:52.14, EncoderTheta:48.30, EncoderVelocity:-13.18, K:10.00, B:0.50
[2026-09-28 04:39:23,896] DEBUG: No valid transitions from state swing
[2026-09-28 04:39:23,896] WARNING: Velocity attribute does not use the linearization map. Please calculate the velocity using the position attribute.
[2026-09-28 04:39:23,901] INFO: T:16.418, State:swing, Fz:53.20, ThetaRef:60.00, ThetaActual:52.20, EncoderTheta:48.36, EncoderVelocity:7.90, K:10.00, B:0.50
[2026-09-28 04:39:23,904] DEBUG: No valid transitions from state swing
[2026-09-28 04:39:23,904] WARNING: Velocity attribute does not use the linearization map. Please calculate the velocity using the position attribute.
[2026-09-28 04:39:23,910] INFO: T:16.426, State:swing, Fz:47.24, ThetaRef:60.00, ThetaActual:52.14, EncoderTheta:48.67, EncoderVelocity:37.17, K:10.00, B:0.50
[2026-09-28 04:39:23,912] DEBUG: No valid transitions from state swing
[2026-09-28 04:39:23,912] WARNING: Velocity attribute does not use the linearization map. Please calculate the velocity using the position attribute.
[2026-09-28 04:39:23,918] INFO: T:16.435, State:swing, Fz:37.77, ThetaRef:60.00, ThetaActual:51.91, EncoderTheta:49.02, EncoderVelocity:42.58, K:10.00, B:0.50
[2026-09-28 04:39:23,920] DEBUG: No valid transitions from state swing
[2026-09-28 04:39:23,921] WARNING: Velocity attribute does not use the linearization map. Please calculate the velocity using the position attribute.
[2026-09-28 04:39:23,926] INFO: T:16.443, State:swing, Fz:29.00, ThetaRef:60.00, ThetaActual:51.72, EncoderTheta:49.53, EncoderVelocity:61.16, K:10.00, B:0.50
[2026-09-28 04:39:23,929] DEBUG: No valid transitions from state swing
[2026-09-28 04:39:23,929] WARNING: Velocity attribute does not use the linearization map. Please calculate the velocity using the position attribute.
[2026-09-28 04:39:23,934] INFO: T:16.451, State:swing, Fz:20.93, ThetaRef:60.00, ThetaActual:51.21, EncoderTheta:50.12, EncoderVelocity:71.86, K:10.00, B:0.50
[2026-09-28 04:39:23,937] DEBUG: No valid transitions from state swing
[2026-09-28 04:39:23,937] WARNING: Velocity attribute does not use the linearization map. Please calculate the velocity using the position attribute.
[2026-09-28 04:39:23,943] INFO: T:16.460, State:swing, Fz:14.28, ThetaRef:60.00, ThetaActual:50.48, EncoderTheta:50.84, EncoderVelocity:87.52, K:10.00, B:0.50
[2026-09-28 04:39:23,945] DEBUG: No valid transitions from state swing
[2026-09-28 04:39:23,945] WARNING: Velocity attribute does not use the linearization map. Please calculate the velocity using the position attribute.
[2026-09-28 04:39:23,951] INFO: T:16.468, State:swing, Fz:11.13, ThetaRef:60.00, ThetaActual:50.05, EncoderTheta:51.70, EncoderVelocity:102.40, K:10.00, B:0.50
[2026-09-28 04:39:23,954] DEBUG: No valid transitions from state swing
[2026-09-28 04:39:23,954] WARNING: Velocity attribute does not use the linearization map. Please calculate the velocity using the position attribute.
[2026-09-28 04:39:23,959] INFO: T:16.476, State:swing, Fz:9.33, ThetaRef:60.00, ThetaActual:49.05, EncoderTheta:52.67, EncoderVelocity:116.74, K:10.00, B:0.50
[2026-09-28 04:39:23,962] DEBUG: No valid transitions from state swing
[2026-09-28 04:39:23,962] WARNING: Velocity attribute does not use the linearization map. Please calculate the velocity using the position attribute.
[2026-09-28 04:39:23,968] INFO: T:16.484, State:swing, Fz:6.90, ThetaRef:60.00, ThetaActual:47.89, EncoderTheta:53.70, EncoderVelocity:125.37, K:10.00, B:0.50
[2026-09-28 04:39:23,970] DEBUG: No valid transitions from state swing
[2026-09-28 04:39:23,970] WARNING: Velocity attribute does not use the linearization map. Please calculate the velocity using the position attribute.
[2026-09-28 04:39:23,976] INFO: T:16.493, State:swing, Fz:1.14, ThetaRef:60.00, ThetaActual:47.25, EncoderTheta:54.87, EncoderVelocity:140.82, K:10.00, B:0.50
[2026-09-28 04:39:23,978] DEBUG: No valid transitions from state swing
[2026-09-28 04:39:23,978] WARNING: Velocity attribute does not use the linearization map. Please calculate the velocity using the position attribute.
[2026-09-28 04:39:23,984] INFO: T:16.501, State:swing, Fz:-3.25, ThetaRef:60.00, ThetaActual:45.88, EncoderTheta:56.10, EncoderVelocity:149.41, K:10.00, B:0.50
[2026-09-28 04:39:23,987] DEBUG: No valid transitions from state swing
[2026-09-28 04:39:23,987] WARNING: Velocity attribute does not use the linearization map. Please calculate the velocity using the position attribute.
[2026-09-28 04:39:23,992] INFO: T:16.509, State:swing, Fz:-6.15, ThetaRef:60.00, ThetaActual:44.37, EncoderTheta:57.41, EncoderVelocity:159.61, K:10.00, B:0.50
[2026-09-28 04:39:23,995] DEBUG: No valid transitions from state swing
[2026-09-28 04:39:23,995] WARNING: Velocity attribute does not use the linearization map. Please calculate the velocity using the position attribute.
[2026-09-28 04:39:24,001] INFO: T:16.518, State:swing, Fz:-7.81, ThetaRef:60.00, ThetaActual:43.56, EncoderTheta:58.86, EncoderVelocity:174.41, K:10.00, B:0.50
[2026-09-28 04:39:24,003] DEBUG: No valid transitions from state swing
[2026-09-28 04:39:24,003] WARNING: Velocity attribute does not use the linearization map. Please calculate the velocity using the position attribute.
[2026-09-28 04:39:24,009] INFO: T:16.526, State:swing, Fz:-7.58, ThetaRef:60.00, ThetaActual:41.86, EncoderTheta:60.38, EncoderVelocity:183.69, K:10.00, B:0.50
[2026-09-28 04:39:24,012] DEBUG: No valid transitions from state swing
[2026-09-28 04:39:24,012] WARNING: Velocity attribute does not use the linearization map. Please calculate the velocity using the position attribute.
[2026-09-28 04:39:24,017] INFO: T:16.534, State:swing, Fz:-9.41, ThetaRef:60.00, ThetaActual:40.06, EncoderTheta:61.96, EncoderVelocity:190.01, K:10.00, B:0.50
[2026-09-28 04:39:24,020] DEBUG: No valid transitions from state swing
[2026-09-28 04:39:24,020] WARNING: Velocity attribute does not use the linearization map. Please calculate the velocity using the position attribute.
[2026-09-28 04:39:24,026] INFO: T:16.542, State:swing, Fz:-10.31, ThetaRef:60.00, ThetaActual:39.11, EncoderTheta:63.57, EncoderVelocity:190.29, K:10.00, B:0.50
[2026-09-28 04:39:24,028] DEBUG: No valid transitions from state swing
[2026-09-28 04:39:24,028] WARNING: Velocity attribute does not use the linearization map. Please calculate the velocity using the position attribute.
[2026-09-28 04:39:24,034] INFO: T:16.551, State:swing, Fz:-12.99, ThetaRef:60.00, ThetaActual:37.17, EncoderTheta:65.28, EncoderVelocity:204.50, K:10.00, B:0.50
[2026-09-28 04:39:24,037] DEBUG: No valid transitions from state swing
[2026-09-28 04:39:24,037] WARNING: Velocity attribute does not use the linearization map. Please calculate the velocity using the position attribute.
[2026-09-28 04:39:24,042] INFO: T:16.559, State:swing, Fz:-15.55, ThetaRef:60.00, ThetaActual:35.15, EncoderTheta:67.06, EncoderVelocity:213.29, K:10.00, B:0.50
[2026-09-28 04:39:24,045] DEBUG: No valid transitions from state swing
[2026-09-28 04:39:24,045] WARNING: Velocity attribute does not use the linearization map. Please calculate the velocity using the position attribute.
[2026-09-28 04:39:24,051] INFO: T:16.568, State:swing, Fz:-17.44, ThetaRef:60.00, ThetaActual:34.11, EncoderTheta:68.88, EncoderVelocity:217.69, K:10.00, B:0.50
[2026-09-28 04:39:24,053] DEBUG: No valid transitions from state swing
[2026-09-28 04:39:24,053] WARNING: Velocity attribute does not use the linearization map. Please calculate the velocity using the position attribute.
[2026-09-28 04:39:24,059] INFO: T:16.576, State:swing, Fz:-16.95, ThetaRef:60.00, ThetaActual:31.97, EncoderTheta:70.66, EncoderVelocity:214.52, K:10.00, B:0.50
[2026-09-28 04:39:24,062] DEBUG: No valid transitions from state swing
[2026-09-28 04:39:24,062] WARNING: Velocity attribute does not use the linearization map. Please calculate the velocity using the position attribute.
[2026-09-28 04:39:24,067] INFO: T:16.584, State:swing, Fz:-19.02, ThetaRef:60.00, ThetaActual:29.78, EncoderTheta:72.49, EncoderVelocity:221.46, K:10.00, B:0.50
[2026-09-28 04:39:24,070] DEBUG: No valid transitions from state swing
[2026-09-28 04:39:24,070] WARNING: Velocity attribute does not use the linearization map. Please calculate the velocity using the position attribute.
[2026-09-28 04:39:24,075] INFO: T:16.592, State:swing, Fz:-21.14, ThetaRef:60.00, ThetaActual:28.67, EncoderTheta:74.44, EncoderVelocity:236.10, K:10.00, B:0.50
[2026-09-28 04:39:24,078] DEBUG: No valid transitions from state swing
[2026-09-28 04:39:24,078] WARNING: Velocity attribute does not use the linearization map. Please calculate the velocity using the position attribute.
[2026-09-28 04:39:24,084] INFO: T:16.601, State:swing, Fz:-21.81, ThetaRef:60.00, ThetaActual:26.42, EncoderTheta:76.27, EncoderVelocity:222.17, K:10.00, B:0.50
[2026-09-28 04:39:24,086] DEBUG: No valid transitions from state swing
[2026-09-28 04:39:24,086] WARNING: Velocity attribute does not use the linearization map. Please calculate the velocity using the position attribute.
[2026-09-28 04:39:24,092] INFO: T:16.609, State:swing, Fz:-21.80, ThetaRef:60.00, ThetaActual:24.14, EncoderTheta:78.13, EncoderVelocity:225.21, K:10.00, B:0.50
[2026-09-28 04:39:24,095] DEBUG: No valid transitions from state swing
[2026-09-28 04:39:24,095] WARNING: Velocity attribute does not use the linearization map. Please calculate the velocity using the position attribute.
[2026-09-28 04:39:24,100] INFO: T:16.617, State:swing, Fz:-20.29, ThetaRef:60.00, ThetaActual:23.00, EncoderTheta:80.02, EncoderVelocity:230.22, K:10.00, B:0.50
[2026-09-28 04:39:24,103] DEBUG: No valid transitions from state swing
[2026-09-28 04:39:24,103] WARNING: Velocity attribute does not use the linearization map. Please calculate the velocity using the position attribute.
[2026-09-28 04:39:24,108] INFO: T:16.625, State:swing, Fz:-20.63, ThetaRef:60.00, ThetaActual:20.70, EncoderTheta:81.89, EncoderVelocity:225.18, K:10.00, B:0.50
[2026-09-28 04:39:24,111] DEBUG: No valid transitions from state swing
[2026-09-28 04:39:24,111] WARNING: Velocity attribute does not use the linearization map. Please calculate the velocity using the position attribute.
[2026-09-28 04:39:24,117] INFO: T:16.634, State:swing, Fz:-21.87, ThetaRef:60.00, ThetaActual:18.43, EncoderTheta:83.80, EncoderVelocity:232.03, K:10.00, B:0.50
[2026-09-28 04:39:24,119] DEBUG: No valid transitions from state swing
[2026-09-28 04:39:24,119] WARNING: Velocity attribute does not use the linearization map. Please calculate the velocity using the position attribute.
[2026-09-28 04:39:24,125] INFO: T:16.642, State:swing, Fz:-24.82, ThetaRef:60.00, ThetaActual:17.29, EncoderTheta:85.72, EncoderVelocity:231.65, K:10.00, B:0.50
[2026-09-28 04:39:24,128] DEBUG: No valid transitions from state swing
[2026-09-28 04:39:24,128] WARNING: Velocity attribute does not use the linearization map. Please calculate the velocity using the position attribute.
[2026-09-28 04:39:24,133] INFO: T:16.650, State:swing, Fz:-24.61, ThetaRef:60.00, ThetaActual:15.05, EncoderTheta:87.56, EncoderVelocity:223.75, K:10.00, B:0.50
[2026-09-28 04:39:24,136] DEBUG: No valid transitions from state swing
[2026-09-28 04:39:24,136] WARNING: Velocity attribute does not use the linearization map. Please calculate the velocity using the position attribute.
[2026-09-28 04:39:24,141] INFO: T:16.658, State:swing, Fz:-26.40, ThetaRef:60.00, ThetaActual:13.94, EncoderTheta:89.32, EncoderVelocity:214.49, K:10.00, B:0.50
[2026-09-28 04:39:24,144] WARNING: Velocity attribute does not use the linearization map. Please calculate the velocity using the position attribute.
[2026-09-28 04:39:24,150] INFO: T:16.667, State:early_stance, Fz:-26.79, ThetaRef:15.00, ThetaActual:11.76, EncoderTheta:91.08, EncoderVelocity:212.07, K:20.00, B:1.00
[2026-09-28 04:39:24,152] DEBUG: No valid transitions from state early_stance
[2026-09-28 04:39:24,152] WARNING: Velocity attribute does not use the linearization map. Please calculate the velocity using the position attribute.
[2026-09-28 04:39:24,158] INFO: T:16.675, State:early_stance, Fz:-26.65, ThetaRef:15.00, ThetaActual:9.63, EncoderTheta:92.72, EncoderVelocity:201.16, K:20.00, B:1.00
[2026-09-28 04:39:24,161] DEBUG: No valid transitions from state early_stance
[2026-09-28 04:39:24,161] WARNING: Velocity attribute does not use the linearization map. Please calculate the velocity using the position attribute.
[2026-09-28 04:39:24,166] INFO: T:16.683, State:early_stance, Fz:-27.49, ThetaRef:15.00, ThetaActual:8.59, EncoderTheta:94.46, EncoderVelocity:208.47, K:20.00, B:1.00
[2026-09-28 04:39:24,169] DEBUG: No valid transitions from state early_stance
[2026-09-28 04:39:24,169] WARNING: Velocity attribute does not use the linearization map. Please calculate the velocity using the position attribute.
[2026-09-28 04:39:24,174] INFO: T:16.691, State:early_stance, Fz:-27.15, ThetaRef:15.00, ThetaActual:6.56, EncoderTheta:96.00, EncoderVelocity:186.42, K:20.00, B:1.00
[2026-09-28 04:39:24,177] DEBUG: No valid transitions from state early_stance
[2026-09-28 04:39:24,177] WARNING: Velocity attribute does not use the linearization map. Please calculate the velocity using the position attribute.
[2026-09-28 04:39:24,183] INFO: T:16.700, State:early_stance, Fz:-29.33, ThetaRef:15.00, ThetaActual:4.59, EncoderTheta:97.56, EncoderVelocity:189.28, K:20.00, B:1.00
[2026-09-28 04:39:24,185] DEBUG: No valid transitions from state early_stance
[2026-09-28 04:39:24,185] WARNING: Velocity attribute does not use the linearization map. Please calculate the velocity using the position attribute.
[2026-09-28 04:39:24,191] INFO: T:16.708, State:early_stance, Fz:-29.99, ThetaRef:15.00, ThetaActual:3.65, EncoderTheta:99.03, EncoderVelocity:178.67, K:20.00, B:1.00
[2026-09-28 04:39:24,194] DEBUG: No valid transitions from state early_stance
[2026-09-28 04:39:24,194] WARNING: Velocity attribute does not use the linearization map. Please calculate the velocity using the position attribute.
[2026-09-28 04:39:24,199] INFO: T:16.716, State:early_stance, Fz:-29.54, ThetaRef:15.00, ThetaActual:1.86, EncoderTheta:100.09, EncoderVelocity:127.86, K:20.00, B:1.00
[2026-09-28 04:39:24,202] DEBUG: No valid transitions from state early_stance
[2026-09-28 04:39:24,202] WARNING: Velocity attribute does not use the linearization map. Please calculate the velocity using the position attribute.
[2026-09-28 04:39:24,207] INFO: T:16.724, State:early_stance, Fz:-104.47, ThetaRef:15.00, ThetaActual:0.19, EncoderTheta:100.26, EncoderVelocity:21.36, K:20.00, B:1.00
[2026-09-28 04:39:24,210] DEBUG: No valid transitions from state early_stance
[2026-09-28 04:39:24,210] WARNING: Velocity attribute does not use the linearization map. Please calculate the velocity using the position attribute.
[2026-09-28 04:39:24,216] INFO: T:16.733, State:early_stance, Fz:-75.82, ThetaRef:15.00, ThetaActual:-0.47, EncoderTheta:100.17, EncoderVelocity:-10.70, K:20.00, B:1.00
[2026-09-28 04:39:24,218] DEBUG: No valid transitions from state early_stance
[2026-09-28 04:39:24,218] WARNING: Velocity attribute does not use the linearization map. Please calculate the velocity using the position attribute.
[2026-09-28 04:39:24,224] INFO: T:16.741, State:early_stance, Fz:-34.30, ThetaRef:15.00, ThetaActual:-0.80, EncoderTheta:100.09, EncoderVelocity:-10.59, K:20.00, B:1.00
[2026-09-28 04:39:24,227] DEBUG: No valid transitions from state early_stance
[2026-09-28 04:39:24,227] WARNING: Velocity attribute does not use the linearization map. Please calculate the velocity using the position attribute.
[2026-09-28 04:39:24,232] INFO: T:16.749, State:early_stance, Fz:-63.80, ThetaRef:15.00, ThetaActual:0.10, EncoderTheta:100.09, EncoderVelocity:0.00, K:20.00, B:1.00
[2026-09-28 04:39:24,235] DEBUG: No valid transitions from state early_stance
[2026-09-28 04:39:24,235] WARNING: Velocity attribute does not use the linearization map. Please calculate the velocity using the position attribute.
[2026-09-28 04:39:24,240] INFO: T:16.757, State:early_stance, Fz:-57.82, ThetaRef:15.00, ThetaActual:0.71, EncoderTheta:99.78, EncoderVelocity:-37.21, K:20.00, B:1.00
[2026-09-28 04:39:24,243] DEBUG: No valid transitions from state early_stance
[2026-09-28 04:39:24,243] WARNING: Velocity attribute does not use the linearization map. Please calculate the velocity using the position attribute.
[2026-09-28 04:39:24,249] INFO: T:16.766, State:early_stance, Fz:-69.24, ThetaRef:15.00, ThetaActual:1.88, EncoderTheta:99.18, EncoderVelocity:-72.14, K:20.00, B:1.00
[2026-09-28 04:39:24,251] DEBUG: No valid transitions from state early_stance
[2026-09-28 04:39:24,251] WARNING: Velocity attribute does not use the linearization map. Please calculate the velocity using the position attribute.
[2026-09-28 04:39:24,257] INFO: T:16.774, State:early_stance, Fz:-79.47, ThetaRef:15.00, ThetaActual:2.81, EncoderTheta:98.37, EncoderVelocity:-98.51, K:20.00, B:1.00
[2026-09-28 04:39:24,260] DEBUG: No valid transitions from state early_stance
[2026-09-28 04:39:24,260] WARNING: Velocity attribute does not use the linearization map. Please calculate the velocity using the position attribute.
[2026-09-28 04:39:24,265] INFO: T:16.782, State:early_stance, Fz:-67.68, ThetaRef:15.00, ThetaActual:3.15, EncoderTheta:97.58, EncoderVelocity:-95.98, K:20.00, B:1.00
[2026-09-28 04:39:24,268] DEBUG: No valid transitions from state early_stance
[2026-09-28 04:39:24,268] WARNING: Velocity attribute does not use the linearization map. Please calculate the velocity using the position attribute.
[2026-09-28 04:39:24,274] INFO: T:16.790, State:early_stance, Fz:-53.59, ThetaRef:15.00, ThetaActual:3.71, EncoderTheta:96.86, EncoderVelocity:-87.99, K:20.00, B:1.00
[2026-09-28 04:39:24,276] DEBUG: No valid transitions from state early_stance
[2026-09-28 04:39:24,276] WARNING: Velocity attribute does not use the linearization map. Please calculate the velocity using the position attribute.
[2026-09-28 04:39:24,282] INFO: T:16.799, State:early_stance, Fz:-39.85, ThetaRef:15.00, ThetaActual:4.15, EncoderTheta:96.31, EncoderVelocity:-66.01, K:20.00, B:1.00
[2026-09-28 04:39:24,285] DEBUG: No valid transitions from state early_stance
[2026-09-28 04:39:24,285] WARNING: Velocity attribute does not use the linearization map. Please calculate the velocity using the position attribute.
[2026-09-28 04:39:24,290] INFO: T:16.807, State:early_stance, Fz:-21.95, ThetaRef:15.00, ThetaActual:4.31, EncoderTheta:96.00, EncoderVelocity:-36.87, K:20.00, B:1.00
[2026-09-28 04:39:24,293] DEBUG: No valid transitions from state early_stance
[2026-09-28 04:39:24,293] WARNING: Velocity attribute does not use the linearization map. Please calculate the velocity using the position attribute.
[2026-09-28 04:39:24,298] INFO: T:16.815, State:early_stance, Fz:-16.38, ThetaRef:15.00, ThetaActual:4.71, EncoderTheta:95.80, EncoderVelocity:-23.74, K:20.00, B:1.00
[2026-09-28 04:39:24,301] DEBUG: No valid transitions from state early_stance
[2026-09-28 04:39:24,301] WARNING: Velocity attribute does not use the linearization map. Please calculate the velocity using the position attribute.
[2026-09-28 04:39:24,307] INFO: T:16.824, State:early_stance, Fz:-16.12, ThetaRef:15.00, ThetaActual:5.07, EncoderTheta:95.60, EncoderVelocity:-23.81, K:20.00, B:1.00
[2026-09-28 04:39:24,309] DEBUG: No valid transitions from state early_stance
[2026-09-28 04:39:24,309] WARNING: Velocity attribute does not use the linearization map. Please calculate the velocity using the position attribute.
[2026-09-28 04:39:24,315] INFO: T:16.832, State:early_stance, Fz:-16.89, ThetaRef:15.00, ThetaActual:5.23, EncoderTheta:95.34, EncoderVelocity:-31.98, K:20.00, B:1.00
[2026-09-28 04:39:24,318] DEBUG: No valid transitions from state early_stance
[2026-09-28 04:39:24,318] WARNING: Velocity attribute does not use the linearization map. Please calculate the velocity using the position attribute.
[2026-09-28 04:39:24,323] INFO: T:16.840, State:early_stance, Fz:-13.44, ThetaRef:15.00, ThetaActual:5.48, EncoderTheta:95.10, EncoderVelocity:-29.13, K:20.00, B:1.00
[2026-09-28 04:39:24,326] DEBUG: No valid transitions from state early_stance
[2026-09-28 04:39:24,326] WARNING: Velocity attribute does not use the linearization map. Please calculate the velocity using the position attribute.
[2026-09-28 04:39:24,332] INFO: T:16.849, State:early_stance, Fz:-4.33, ThetaRef:15.00, ThetaActual:5.66, EncoderTheta:94.92, EncoderVelocity:-21.21, K:20.00, B:1.00
[2026-09-28 04:39:24,334] DEBUG: No valid transitions from state early_stance
[2026-09-28 04:39:24,334] WARNING: Velocity attribute does not use the linearization map. Please calculate the velocity using the position attribute.
[2026-09-28 04:39:24,340] INFO: T:16.857, State:early_stance, Fz:1.06, ThetaRef:15.00, ThetaActual:5.75, EncoderTheta:94.83, EncoderVelocity:-10.63, K:20.00, B:1.00
[2026-09-28 04:39:24,342] DEBUG: No valid transitions from state early_stance
[2026-09-28 04:39:24,343] WARNING: Velocity attribute does not use the linearization map. Please calculate the velocity using the position attribute.
[2026-09-28 04:39:24,348] INFO: T:16.865, State:early_stance, Fz:-0.33, ThetaRef:15.00, ThetaActual:5.90, EncoderTheta:94.81, EncoderVelocity:-2.66, K:20.00, B:1.00
[2026-09-28 04:39:24,351] DEBUG: No valid transitions from state early_stance
[2026-09-28 04:39:24,351] WARNING: Velocity attribute does not use the linearization map. Please calculate the velocity using the position attribute.
[2026-09-28 04:39:24,357] INFO: T:16.873, State:early_stance, Fz:-1.88, ThetaRef:15.00, ThetaActual:5.96, EncoderTheta:94.75, EncoderVelocity:-7.86, K:20.00, B:1.00
[2026-09-28 04:39:24,359] DEBUG: No valid transitions from state early_stance
[2026-09-28 04:39:24,359] WARNING: Velocity attribute does not use the linearization map. Please calculate the velocity using the position attribute.
[2026-09-28 04:39:24,365] INFO: T:16.882, State:early_stance, Fz:-2.07, ThetaRef:15.00, ThetaActual:6.01, EncoderTheta:94.79, EncoderVelocity:5.33, K:20.00, B:1.00
[2026-09-28 04:39:24,367] DEBUG: No valid transitions from state early_stance
[2026-09-28 04:39:24,368] WARNING: Velocity attribute does not use the linearization map. Please calculate the velocity using the position attribute.
[2026-09-28 04:39:24,373] INFO: T:16.890, State:early_stance, Fz:-1.70, ThetaRef:15.00, ThetaActual:6.02, EncoderTheta:94.68, EncoderVelocity:-13.20, K:20.00, B:1.00
[2026-09-28 04:39:24,376] DEBUG: No valid transitions from state early_stance
[2026-09-28 04:39:24,376] WARNING: Velocity attribute does not use the linearization map. Please calculate the velocity using the position attribute.
[2026-09-28 04:39:24,381] INFO: T:16.898, State:early_stance, Fz:-0.47, ThetaRef:15.00, ThetaActual:6.01, EncoderTheta:94.72, EncoderVelocity:5.31, K:20.00, B:1.00
[2026-09-28 04:39:24,384] DEBUG: No valid transitions from state early_stance
[2026-09-28 04:39:24,384] WARNING: Velocity attribute does not use the linearization map. Please calculate the velocity using the position attribute.
[2026-09-28 04:39:24,390] INFO: T:16.907, State:early_stance, Fz:-2.97, ThetaRef:15.00, ThetaActual:6.00, EncoderTheta:94.72, EncoderVelocity:0.00, K:20.00, B:1.00
[2026-09-28 04:39:24,392] DEBUG: No valid transitions from state early_stance
[2026-09-28 04:39:24,392] WARNING: Velocity attribute does not use the linearization map. Please calculate the velocity using the position attribute.
[2026-09-28 04:39:24,398] INFO: T:16.915, State:early_stance, Fz:-3.44, ThetaRef:15.00, ThetaActual:6.00, EncoderTheta:94.66, EncoderVelocity:-8.01, K:20.00, B:1.00
[2026-09-28 04:39:24,400] DEBUG: No valid transitions from state early_stance
[2026-09-28 04:39:24,401] WARNING: Velocity attribute does not use the linearization map. Please calculate the velocity using the position attribute.
[2026-09-28 04:39:24,406] INFO: T:16.923, State:early_stance, Fz:-3.75, ThetaRef:15.00, ThetaActual:6.00, EncoderTheta:94.75, EncoderVelocity:10.64, K:20.00, B:1.00
[2026-09-28 04:39:24,409] DEBUG: No valid transitions from state early_stance
[2026-09-28 04:39:24,409] WARNING: Velocity attribute does not use the linearization map. Please calculate the velocity using the position attribute.
[2026-09-28 04:39:24,414] INFO: T:16.931, State:early_stance, Fz:-0.97, ThetaRef:15.00, ThetaActual:6.00, EncoderTheta:94.70, EncoderVelocity:-5.28, K:20.00, B:1.00
[2026-09-28 04:39:24,417] DEBUG: No valid transitions from state early_stance
[2026-09-28 04:39:24,417] WARNING: Velocity attribute does not use the linearization map. Please calculate the velocity using the position attribute.
[2026-09-28 04:39:24,423] INFO: T:16.940, State:early_stance, Fz:2.58, ThetaRef:15.00, ThetaActual:6.00, EncoderTheta:94.68, EncoderVelocity:-2.63, K:20.00, B:1.00
[2026-09-28 04:39:24,425] DEBUG: No valid transitions from state early_stance
[2026-09-28 04:39:24,425] WARNING: Velocity attribute does not use the linearization map. Please calculate the velocity using the position attribute.
[2026-09-28 04:39:24,431] INFO: T:16.948, State:early_stance, Fz:2.84, ThetaRef:15.00, ThetaActual:6.00, EncoderTheta:94.70, EncoderVelocity:2.67, K:20.00, B:1.00
[2026-09-28 04:39:24,434] DEBUG: No valid transitions from state early_stance
[2026-09-28 04:39:24,434] WARNING: Velocity attribute does not use the linearization map. Please calculate the velocity using the position attribute.
[2026-09-28 04:39:24,439] INFO: T:16.956, State:early_stance, Fz:2.04, ThetaRef:15.00, ThetaActual:6.00, EncoderTheta:94.70, EncoderVelocity:0.00, K:20.00, B:1.00
[2026-09-28 04:39:24,442] DEBUG: No valid transitions from state early_stance
[2026-09-28 04:39:24,442] WARNING: Velocity attribute does not use the linearization map. Please calculate the velocity using the position attribute.
[2026-09-28 04:39:24,447] INFO: T:16.964, State:early_stance, Fz:0.92, ThetaRef:15.00, ThetaActual:6.00, EncoderTheta:94.68, EncoderVelocity:-2.68, K:20.00, B:1.00
[2026-09-28 04:39:24,450] DEBUG: No valid transitions from state early_stance
[2026-09-28 04:39:24,450] WARNING: Velocity attribute does not use the linearization map. Please calculate the velocity using the position attribute.
[2026-09-28 04:39:24,456] INFO: T:16.973, State:early_stance, Fz:2.53, ThetaRef:15.00, ThetaActual:6.00, EncoderTheta:94.72, EncoderVelocity:5.27, K:20.00, B:1.00
[2026-09-28 04:39:24,458] DEBUG: No valid transitions from state early_stance
[2026-09-28 04:39:24,459] WARNING: Velocity attribute does not use the linearization map. Please calculate the velocity using the position attribute.
[2026-09-28 04:39:24,464] INFO: T:16.981, State:early_stance, Fz:3.77, ThetaRef:15.00, ThetaActual:6.00, EncoderTheta:94.77, EncoderVelocity:5.33, K:20.00, B:1.00
[2026-09-28 04:39:24,467] DEBUG: No valid transitions from state early_stance
[2026-09-28 04:39:24,467] WARNING: Velocity attribute does not use the linearization map. Please calculate the velocity using the position attribute.
[2026-09-28 04:39:24,472] INFO: T:16.989, State:early_stance, Fz:4.26, ThetaRef:15.00, ThetaActual:6.00, EncoderTheta:94.68, EncoderVelocity:-10.65, K:20.00, B:1.00
[2026-09-28 04:39:24,475] DEBUG: No valid transitions from state early_stance
[2026-09-28 04:39:24,475] WARNING: Velocity attribute does not use the linearization map. Please calculate the velocity using the position attribute.
[2026-09-28 04:39:24,480] INFO: T:16.997, State:early_stance, Fz:4.11, ThetaRef:15.00, ThetaActual:6.00, EncoderTheta:94.70, EncoderVelocity:2.66, K:20.00, B:1.00
[2026-09-28 04:39:24,483] DEBUG: No valid transitions from state early_stance
[2026-09-28 04:39:24,483] WARNING: Velocity attribute does not use the linearization map. Please calculate the velocity using the position attribute.
[2026-09-28 04:39:24,489] INFO: T:17.006, State:early_stance, Fz:2.03, ThetaRef:15.00, ThetaActual:6.00, EncoderTheta:94.72, EncoderVelocity:2.68, K:20.00, B:1.00
[2026-09-28 04:39:24,491] DEBUG: No valid transitions from state early_stance
[2026-09-28 04:39:24,491] WARNING: Velocity attribute does not use the linearization map. Please calculate the velocity using the position attribute.
[2026-09-28 04:39:24,497] INFO: T:17.014, State:early_stance, Fz:3.89, ThetaRef:15.00, ThetaActual:6.00, EncoderTheta:94.70, EncoderVelocity:-2.66, K:20.00, B:1.00
[2026-09-28 04:39:24,500] DEBUG: No valid transitions from state early_stance
[2026-09-28 04:39:24,500] WARNING: Velocity attribute does not use the linearization map. Please calculate the velocity using the position attribute.
[2026-09-28 04:39:24,505] INFO: T:17.022, State:early_stance, Fz:4.35, ThetaRef:15.00, ThetaActual:6.00, EncoderTheta:94.70, EncoderVelocity:0.00, K:20.00, B:1.00
[2026-09-28 04:39:24,508] DEBUG: No valid transitions from state early_stance
[2026-09-28 04:39:24,508] WARNING: Velocity attribute does not use the linearization map. Please calculate the velocity using the position attribute.
[2026-09-28 04:39:24,513] INFO: T:17.030, State:early_stance, Fz:5.72, ThetaRef:15.00, ThetaActual:6.00, EncoderTheta:94.75, EncoderVelocity:5.34, K:20.00, B:1.00
[2026-09-28 04:39:24,516] DEBUG: No valid transitions from state early_stance
[2026-09-28 04:39:24,516] WARNING: Velocity attribute does not use the linearization map. Please calculate the velocity using the position attribute.
[2026-09-28 04:39:24,522] INFO: T:17.039, State:early_stance, Fz:7.20, ThetaRef:15.00, ThetaActual:6.00, EncoderTheta:94.72, EncoderVelocity:-2.68, K:20.00, B:1.00
[2026-09-28 04:39:24,524] DEBUG: No valid transitions from state early_stance
[2026-09-28 04:39:24,524] WARNING: Velocity attribute does not use the linearization map. Please calculate the velocity using the position attribute.
[2026-09-28 04:39:24,530] INFO: T:17.047, State:early_stance, Fz:8.86, ThetaRef:15.00, ThetaActual:6.00, EncoderTheta:94.70, EncoderVelocity:-2.67, K:20.00, B:1.00
[2026-09-28 04:39:24,532] DEBUG: No valid transitions from state early_stance
[2026-09-28 04:39:24,533] WARNING: Velocity attribute does not use the linearization map. Please calculate the velocity using the position attribute.
[2026-09-28 04:39:24,538] INFO: T:17.055, State:early_stance, Fz:9.64, ThetaRef:15.00, ThetaActual:6.00, EncoderTheta:94.70, EncoderVelocity:0.00, K:20.00, B:1.00
[2026-09-28 04:39:24,541] DEBUG: No valid transitions from state early_stance
[2026-09-28 04:39:24,541] WARNING: Velocity attribute does not use the linearization map. Please calculate the velocity using the position attribute.
[2026-09-28 04:39:24,546] INFO: T:17.063, State:early_stance, Fz:9.25, ThetaRef:15.00, ThetaActual:6.00, EncoderTheta:94.66, EncoderVelocity:-5.36, K:20.00, B:1.00
[2026-09-28 04:39:24,549] DEBUG: No valid transitions from state early_stance
[2026-09-28 04:39:24,549] WARNING: Velocity attribute does not use the linearization map. Please calculate the velocity using the position attribute.
[2026-09-28 04:39:24,555] INFO: T:17.071, State:early_stance, Fz:8.99, ThetaRef:15.00, ThetaActual:6.00, EncoderTheta:94.68, EncoderVelocity:2.67, K:20.00, B:1.00
[2026-09-28 04:39:24,557] DEBUG: No valid transitions from state early_stance
[2026-09-28 04:39:24,557] WARNING: Velocity attribute does not use the linearization map. Please calculate the velocity using the position attribute.
[2026-09-28 04:39:24,563] INFO: T:17.080, State:early_stance, Fz:6.78, ThetaRef:15.00, ThetaActual:6.00, EncoderTheta:94.68, EncoderVelocity:0.00, K:20.00, B:1.00
[2026-09-28 04:39:24,566] DEBUG: No valid transitions from state early_stance
[2026-09-28 04:39:24,566] WARNING: Velocity attribute does not use the linearization map. Please calculate the velocity using the position attribute.
[2026-09-28 04:39:24,571] INFO: T:17.088, State:early_stance, Fz:7.07, ThetaRef:15.00, ThetaActual:6.00, EncoderTheta:94.68, EncoderVelocity:0.00, K:20.00, B:1.00
[2026-09-28 04:39:24,574] DEBUG: No valid transitions from state early_stance
[2026-09-28 04:39:24,574] WARNING: Velocity attribute does not use the linearization map. Please calculate the velocity using the position attribute.
[2026-09-28 04:39:24,580] INFO: T:17.097, State:early_stance, Fz:8.75, ThetaRef:15.00, ThetaActual:6.00, EncoderTheta:94.75, EncoderVelocity:7.97, K:20.00, B:1.00
[2026-09-28 04:39:24,582] DEBUG: No valid transitions from state early_stance
[2026-09-28 04:39:24,582] WARNING: Velocity attribute does not use the linearization map. Please calculate the velocity using the position attribute.
[2026-09-28 04:39:24,588] INFO: T:17.105, State:early_stance, Fz:8.09, ThetaRef:15.00, ThetaActual:6.00, EncoderTheta:94.68, EncoderVelocity:-8.03, K:20.00, B:1.00
[2026-09-28 04:39:24,590] DEBUG: No valid transitions from state early_stance
[2026-09-28 04:39:24,590] WARNING: Velocity attribute does not use the linearization map. Please calculate the velocity using the position attribute.
[2026-09-28 04:39:24,596] INFO: T:17.113, State:early_stance, Fz:8.57, ThetaRef:15.00, ThetaActual:6.00, EncoderTheta:94.68, EncoderVelocity:0.00, K:20.00, B:1.00
[2026-09-28 04:39:24,599] DEBUG: No valid transitions from state early_stance
[2026-09-28 04:39:24,599] WARNING: Velocity attribute does not use the linearization map. Please calculate the velocity using the position attribute.
[2026-09-28 04:39:24,604] INFO: T:17.121, State:early_stance, Fz:6.96, ThetaRef:15.00, ThetaActual:6.01, EncoderTheta:94.66, EncoderVelocity:-2.67, K:20.00, B:1.00
[2026-09-28 04:39:24,607] DEBUG: No valid transitions from state early_stance
[2026-09-28 04:39:24,607] WARNING: Velocity attribute does not use the linearization map. Please calculate the velocity using the position attribute.
[2026-09-28 04:39:24,612] INFO: T:17.129, State:early_stance, Fz:8.67, ThetaRef:15.00, ThetaActual:6.01, EncoderTheta:94.66, EncoderVelocity:0.00, K:20.00, B:1.00
[2026-09-28 04:39:24,615] DEBUG: No valid transitions from state early_stance
[2026-09-28 04:39:24,615] WARNING: Velocity attribute does not use the linearization map. Please calculate the velocity using the position attribute.
[2026-09-28 04:39:24,621] INFO: T:17.138, State:early_stance, Fz:8.49, ThetaRef:15.00, ThetaActual:6.01, EncoderTheta:94.68, EncoderVelocity:2.66, K:20.00, B:1.00
[2026-09-28 04:39:24,623] DEBUG: No valid transitions from state early_stance
[2026-09-28 04:39:24,623] WARNING: Velocity attribute does not use the linearization map. Please calculate the velocity using the position attribute.
[2026-09-28 04:39:24,629] INFO: T:17.146, State:early_stance, Fz:9.36, ThetaRef:15.00, ThetaActual:6.01, EncoderTheta:94.70, EncoderVelocity:2.66, K:20.00, B:1.00
[2026-09-28 04:39:24,632] DEBUG: No valid transitions from state early_stance
[2026-09-28 04:39:24,632] WARNING: Velocity attribute does not use the linearization map. Please calculate the velocity using the position attribute.
[2026-09-28 04:39:24,637] INFO: T:17.154, State:early_stance, Fz:9.50, ThetaRef:15.00, ThetaActual:6.01, EncoderTheta:94.68, EncoderVelocity:-2.66, K:20.00, B:1.00
[2026-09-28 04:39:24,640] DEBUG: No valid transitions from state early_stance
[2026-09-28 04:39:24,640] WARNING: Velocity attribute does not use the linearization map. Please calculate the velocity using the position attribute.
[2026-09-28 04:39:24,645] INFO: T:17.162, State:early_stance, Fz:9.11, ThetaRef:15.00, ThetaActual:6.01, EncoderTheta:94.64, EncoderVelocity:-5.36, K:20.00, B:1.00
[2026-09-28 04:39:24,648] DEBUG: No valid transitions from state early_stance
[2026-09-28 04:39:24,648] WARNING: Velocity attribute does not use the linearization map. Please calculate the velocity using the position attribute.
[2026-09-28 04:39:24,654] INFO: T:17.171, State:early_stance, Fz:10.77, ThetaRef:15.00, ThetaActual:6.01, EncoderTheta:94.70, EncoderVelocity:8.01, K:20.00, B:1.00
[2026-09-28 04:39:24,656] DEBUG: No valid transitions from state early_stance
[2026-09-28 04:39:24,656] WARNING: Velocity attribute does not use the linearization map. Please calculate the velocity using the position attribute.
[2026-09-28 04:39:24,662] INFO: T:17.179, State:early_stance, Fz:9.13, ThetaRef:15.00, ThetaActual:6.01, EncoderTheta:94.72, EncoderVelocity:2.67, K:20.00, B:1.00
[2026-09-28 04:39:24,665] DEBUG: No valid transitions from state early_stance
[2026-09-28 04:39:24,665] WARNING: Velocity attribute does not use the linearization map. Please calculate the velocity using the position attribute.
[2026-09-28 04:39:24,670] INFO: T:17.187, State:early_stance, Fz:7.85, ThetaRef:15.00, ThetaActual:6.01, EncoderTheta:94.72, EncoderVelocity:0.00, K:20.00, B:1.00
[2026-09-28 04:39:24,673] DEBUG: No valid transitions from state early_stance
[2026-09-28 04:39:24,673] WARNING: Velocity attribute does not use the linearization map. Please calculate the velocity using the position attribute.
[2026-09-28 04:39:24,678] INFO: T:17.195, State:early_stance, Fz:-0.03, ThetaRef:15.00, ThetaActual:6.01, EncoderTheta:94.68, EncoderVelocity:-5.33, K:20.00, B:1.00
[2026-09-28 04:39:24,681] DEBUG: No valid transitions from state early_stance
[2026-09-28 04:39:24,681] WARNING: Velocity attribute does not use the linearization map. Please calculate the velocity using the position attribute.
[2026-09-28 04:39:24,687] INFO: T:17.204, State:early_stance, Fz:4.49, ThetaRef:15.00, ThetaActual:6.01, EncoderTheta:94.75, EncoderVelocity:7.91, K:20.00, B:1.00
[2026-09-28 04:39:24,689] DEBUG: No valid transitions from state early_stance
[2026-09-28 04:39:24,689] WARNING: Velocity attribute does not use the linearization map. Please calculate the velocity using the position attribute.
[2026-09-28 04:39:24,695] INFO: T:17.212, State:early_stance, Fz:9.64, ThetaRef:15.00, ThetaActual:6.01, EncoderTheta:94.72, EncoderVelocity:-2.66, K:20.00, B:1.00
[2026-09-28 04:39:24,698] DEBUG: No valid transitions from state early_stance
[2026-09-28 04:39:24,698] WARNING: Velocity attribute does not use the linearization map. Please calculate the velocity using the position attribute.
[2026-09-28 04:39:24,703] INFO: T:17.220, State:early_stance, Fz:10.24, ThetaRef:15.00, ThetaActual:6.01, EncoderTheta:94.68, EncoderVelocity:-5.32, K:20.00, B:1.00
[2026-09-28 04:39:24,706] DEBUG: No valid transitions from state early_stance
[2026-09-28 04:39:24,706] WARNING: Velocity attribute does not use the linearization map. Please calculate the velocity using the position attribute.
[2026-09-28 04:39:24,712] INFO: T:17.228, State:early_stance, Fz:2.05, ThetaRef:15.00, ThetaActual:6.01, EncoderTheta:94.68, EncoderVelocity:0.00, K:20.00, B:1.00
[2026-09-28 04:39:24,714] DEBUG: No valid transitions from state early_stance
[2026-09-28 04:39:24,714] WARNING: Velocity attribute does not use the linearization map. Please calculate the velocity using the position attribute.
[2026-09-28 04:39:24,720] INFO: T:17.237, State:early_stance, Fz:2.89, ThetaRef:15.00, ThetaActual:6.01, EncoderTheta:94.70, EncoderVelocity:2.66, K:20.00, B:1.00
[2026-09-28 04:39:24,722] DEBUG: No valid transitions from state early_stance
[2026-09-28 04:39:24,723] WARNING: Velocity attribute does not use the linearization map. Please calculate the velocity using the position attribute.
[2026-09-28 04:39:24,728] INFO: T:17.245, State:early_stance, Fz:7.74, ThetaRef:15.00, ThetaActual:6.01, EncoderTheta:94.70, EncoderVelocity:0.00, K:20.00, B:1.00
[2026-09-28 04:39:24,731] DEBUG: No valid transitions from state early_stance
[2026-09-28 04:39:24,731] WARNING: Velocity attribute does not use the linearization map. Please calculate the velocity using the position attribute.
[2026-09-28 04:39:24,736] INFO: T:17.253, State:early_stance, Fz:0.42, ThetaRef:15.00, ThetaActual:6.01, EncoderTheta:94.72, EncoderVelocity:2.65, K:20.00, B:1.00
[2026-09-28 04:39:24,739] DEBUG: No valid transitions from state early_stance
[2026-09-28 04:39:24,739] WARNING: Velocity attribute does not use the linearization map. Please calculate the velocity using the position attribute.
[2026-09-28 04:39:24,745] INFO: T:17.262, State:early_stance, Fz:10.57, ThetaRef:15.00, ThetaActual:6.01, EncoderTheta:94.70, EncoderVelocity:-2.67, K:20.00, B:1.00
[2026-09-28 04:39:24,747] DEBUG: No valid transitions from state early_stance
[2026-09-28 04:39:24,747] WARNING: Velocity attribute does not use the linearization map. Please calculate the velocity using the position attribute.
[2026-09-28 04:39:24,753] INFO: T:17.270, State:early_stance, Fz:11.10, ThetaRef:15.00, ThetaActual:6.00, EncoderTheta:94.70, EncoderVelocity:0.00, K:20.00, B:1.00
[2026-09-28 04:39:24,755] DEBUG: No valid transitions from state early_stance
[2026-09-28 04:39:24,755] WARNING: Velocity attribute does not use the linearization map. Please calculate the velocity using the position attribute.
[2026-09-28 04:39:24,761] INFO: T:17.278, State:early_stance, Fz:3.98, ThetaRef:15.00, ThetaActual:6.00, EncoderTheta:94.75, EncoderVelocity:5.36, K:20.00, B:1.00
[2026-09-28 04:39:24,764] DEBUG: No valid transitions from state early_stance
[2026-09-28 04:39:24,764] WARNING: Velocity attribute does not use the linearization map. Please calculate the velocity using the position attribute.
[2026-09-28 04:39:24,769] INFO: T:17.286, State:early_stance, Fz:7.29, ThetaRef:15.00, ThetaActual:6.01, EncoderTheta:94.68, EncoderVelocity:-8.02, K:20.00, B:1.00
[2026-09-28 04:39:24,772] DEBUG: No valid transitions from state early_stance
[2026-09-28 04:39:24,772] WARNING: Velocity attribute does not use the linearization map. Please calculate the velocity using the position attribute.
[2026-09-28 04:39:24,777] INFO: T:17.294, State:early_stance, Fz:2.10, ThetaRef:15.00, ThetaActual:6.01, EncoderTheta:94.72, EncoderVelocity:5.36, K:20.00, B:1.00
[2026-09-28 04:39:24,780] DEBUG: No valid transitions from state early_stance
[2026-09-28 04:39:24,780] WARNING: Velocity attribute does not use the linearization map. Please calculate the velocity using the position attribute.
[2026-09-28 04:39:24,786] INFO: T:17.303, State:early_stance, Fz:-1.57, ThetaRef:15.00, ThetaActual:6.01, EncoderTheta:94.75, EncoderVelocity:2.68, K:20.00, B:1.00
[2026-09-28 04:39:24,788] DEBUG: No valid transitions from state early_stance
[2026-09-28 04:39:24,788] WARNING: Velocity attribute does not use the linearization map. Please calculate the velocity using the position attribute.
[2026-09-28 04:39:24,794] INFO: T:17.311, State:early_stance, Fz:-1.39, ThetaRef:15.00, ThetaActual:6.00, EncoderTheta:94.70, EncoderVelocity:-5.37, K:20.00, B:1.00
[2026-09-28 04:39:24,796] DEBUG: No valid transitions from state early_stance
[2026-09-28 04:39:24,796] WARNING: Velocity attribute does not use the linearization map. Please calculate the velocity using the position attribute.
[2026-09-28 04:39:24,802] INFO: T:17.319, State:early_stance, Fz:8.19, ThetaRef:15.00, ThetaActual:6.00, EncoderTheta:94.75, EncoderVelocity:5.35, K:20.00, B:1.00
[2026-09-28 04:39:24,805] DEBUG: No valid transitions from state early_stance
[2026-09-28 04:39:24,805] WARNING: Velocity attribute does not use the linearization map. Please calculate the velocity using the position attribute.
[2026-09-28 04:39:24,810] INFO: T:17.327, State:early_stance, Fz:8.30, ThetaRef:15.00, ThetaActual:6.00, EncoderTheta:94.72, EncoderVelocity:-2.69, K:20.00, B:1.00
[2026-09-28 04:39:24,813] DEBUG: No valid transitions from state early_stance
[2026-09-28 04:39:24,813] WARNING: Velocity attribute does not use the linearization map. Please calculate the velocity using the position attribute.
[2026-09-28 04:39:24,818] INFO: T:17.335, State:early_stance, Fz:20.58, ThetaRef:15.00, ThetaActual:6.00, EncoderTheta:94.68, EncoderVelocity:-5.34, K:20.00, B:1.00
[2026-09-28 04:39:24,821] DEBUG: No valid transitions from state early_stance
[2026-09-28 04:39:24,821] WARNING: Velocity attribute does not use the linearization map. Please calculate the velocity using the position attribute.
[2026-09-28 04:39:24,827] INFO: T:17.344, State:early_stance, Fz:10.89, ThetaRef:15.00, ThetaActual:6.00, EncoderTheta:94.70, EncoderVelocity:2.68, K:20.00, B:1.00
[2026-09-28 04:39:24,829] DEBUG: No valid transitions from state early_stance
[2026-09-28 04:39:24,829] WARNING: Velocity attribute does not use the linearization map. Please calculate the velocity using the position attribute.
[2026-09-28 04:39:24,835] INFO: T:17.352, State:early_stance, Fz:9.95, ThetaRef:15.00, ThetaActual:6.00, EncoderTheta:94.68, EncoderVelocity:-2.66, K:20.00, B:1.00
[2026-09-28 04:39:24,838] DEBUG: No valid transitions from state early_stance
[2026-09-28 04:39:24,838] WARNING: Velocity attribute does not use the linearization map. Please calculate the velocity using the position attribute.
[2026-09-28 04:39:24,843] INFO: T:17.360, State:early_stance, Fz:9.44, ThetaRef:15.00, ThetaActual:6.01, EncoderTheta:94.70, EncoderVelocity:2.65, K:20.00, B:1.00
[2026-09-28 04:39:24,846] DEBUG: No valid transitions from state early_stance
[2026-09-28 04:39:24,846] WARNING: Velocity attribute does not use the linearization map. Please calculate the velocity using the position attribute.
[2026-09-28 04:39:24,851] INFO: T:17.368, State:early_stance, Fz:7.60, ThetaRef:15.00, ThetaActual:6.00, EncoderTheta:94.72, EncoderVelocity:2.68, K:20.00, B:1.00
[2026-09-28 04:39:24,854] DEBUG: No valid transitions from state early_stance
[2026-09-28 04:39:24,854] WARNING: Velocity attribute does not use the linearization map. Please calculate the velocity using the position attribute.
[2026-09-28 04:39:24,860] INFO: T:17.377, State:early_stance, Fz:4.71, ThetaRef:15.00, ThetaActual:6.00, EncoderTheta:94.72, EncoderVelocity:0.00, K:20.00, B:1.00
[2026-09-28 04:39:24,862] DEBUG: No valid transitions from state early_stance
[2026-09-28 04:39:24,862] WARNING: Velocity attribute does not use the linearization map. Please calculate the velocity using the position attribute.
[2026-09-28 04:39:24,868] INFO: T:17.385, State:early_stance, Fz:2.01, ThetaRef:15.00, ThetaActual:6.01, EncoderTheta:94.72, EncoderVelocity:0.00, K:20.00, B:1.00
[2026-09-28 04:39:24,870] DEBUG: No valid transitions from state early_stance
[2026-09-28 04:39:24,870] WARNING: Velocity attribute does not use the linearization map. Please calculate the velocity using the position attribute.
[2026-09-28 04:39:24,876] INFO: T:17.393, State:early_stance, Fz:2.88, ThetaRef:15.00, ThetaActual:6.00, EncoderTheta:94.72, EncoderVelocity:0.00, K:20.00, B:1.00
[2026-09-28 04:39:24,879] DEBUG: No valid transitions from state early_stance
[2026-09-28 04:39:24,879] WARNING: Velocity attribute does not use the linearization map. Please calculate the velocity using the position attribute.
[2026-09-28 04:39:24,884] INFO: T:17.401, State:early_stance, Fz:2.54, ThetaRef:15.00, ThetaActual:6.00, EncoderTheta:94.70, EncoderVelocity:-2.67, K:20.00, B:1.00
[2026-09-28 04:39:24,887] DEBUG: No valid transitions from state early_stance
[2026-09-28 04:39:24,887] WARNING: Velocity attribute does not use the linearization map. Please calculate the velocity using the position attribute.
[2026-09-28 04:39:24,892] INFO: T:17.409, State:early_stance, Fz:0.27, ThetaRef:15.00, ThetaActual:6.00, EncoderTheta:94.72, EncoderVelocity:2.70, K:20.00, B:1.00
[2026-09-28 04:39:24,895] DEBUG: No valid transitions from state early_stance
[2026-09-28 04:39:24,895] WARNING: Velocity attribute does not use the linearization map. Please calculate the velocity using the position attribute.
[2026-09-28 04:39:24,901] INFO: T:17.417, State:early_stance, Fz:9.52, ThetaRef:15.00, ThetaActual:6.00, EncoderTheta:94.70, EncoderVelocity:-2.67, K:20.00, B:1.00
[2026-09-28 04:39:24,903] DEBUG: No valid transitions from state early_stance
[2026-09-28 04:39:24,903] WARNING: Velocity attribute does not use the linearization map. Please calculate the velocity using the position attribute.
[2026-09-28 04:39:24,909] INFO: T:17.426, State:early_stance, Fz:11.56, ThetaRef:15.00, ThetaActual:6.00, EncoderTheta:94.70, EncoderVelocity:0.00, K:20.00, B:1.00
[2026-09-28 04:39:24,911] DEBUG: No valid transitions from state early_stance
[2026-09-28 04:39:24,911] WARNING: Velocity attribute does not use the linearization map. Please calculate the velocity using the position attribute.
[2026-09-28 04:39:24,917] INFO: T:17.434, State:early_stance, Fz:10.78, ThetaRef:15.00, ThetaActual:6.00, EncoderTheta:94.66, EncoderVelocity:-5.35, K:20.00, B:1.00
[2026-09-28 04:39:24,920] DEBUG: No valid transitions from state early_stance
[2026-09-28 04:39:24,920] WARNING: Velocity attribute does not use the linearization map. Please calculate the velocity using the position attribute.
[2026-09-28 04:39:24,925] INFO: T:17.442, State:early_stance, Fz:2.27, ThetaRef:15.00, ThetaActual:6.00, EncoderTheta:94.66, EncoderVelocity:0.00, K:20.00, B:1.00
[2026-09-28 04:39:24,928] DEBUG: No valid transitions from state early_stance
[2026-09-28 04:39:24,928] WARNING: Velocity attribute does not use the linearization map. Please calculate the velocity using the position attribute.
[2026-09-28 04:39:24,933] INFO: T:17.450, State:early_stance, Fz:9.75, ThetaRef:15.00, ThetaActual:6.00, EncoderTheta:94.70, EncoderVelocity:5.33, K:20.00, B:1.00
[2026-09-28 04:39:24,936] DEBUG: No valid transitions from state early_stance
[2026-09-28 04:39:24,936] WARNING: Velocity attribute does not use the linearization map. Please calculate the velocity using the position attribute.
[2026-09-28 04:39:24,942] INFO: T:17.459, State:early_stance, Fz:8.83, ThetaRef:15.00, ThetaActual:6.00, EncoderTheta:94.68, EncoderVelocity:-2.62, K:20.00, B:1.00
[2026-09-28 04:39:24,944] DEBUG: No valid transitions from state early_stance
[2026-09-28 04:39:24,945] WARNING: Velocity attribute does not use the linearization map. Please calculate the velocity using the position attribute.
[2026-09-28 04:39:24,950] INFO: T:17.467, State:early_stance, Fz:11.15, ThetaRef:15.00, ThetaActual:6.00, EncoderTheta:94.68, EncoderVelocity:0.00, K:20.00, B:1.00
[2026-09-28 04:39:24,953] DEBUG: No valid transitions from state early_stance
[2026-09-28 04:39:24,953] WARNING: Velocity attribute does not use the linearization map. Please calculate the velocity using the position attribute.
[2026-09-28 04:39:24,958] INFO: T:17.475, State:early_stance, Fz:10.35, ThetaRef:15.00, ThetaActual:6.00, EncoderTheta:94.75, EncoderVelocity:7.83, K:20.00, B:1.00
[2026-09-28 04:39:24,961] DEBUG: No valid transitions from state early_stance
[2026-09-28 04:39:24,961] WARNING: Velocity attribute does not use the linearization map. Please calculate the velocity using the position attribute.
[2026-09-28 04:39:24,967] INFO: T:17.484, State:early_stance, Fz:10.24, ThetaRef:15.00, ThetaActual:6.00, EncoderTheta:94.70, EncoderVelocity:-5.35, K:20.00, B:1.00
[2026-09-28 04:39:24,969] DEBUG: No valid transitions from state early_stance
[2026-09-28 04:39:24,969] WARNING: Velocity attribute does not use the linearization map. Please calculate the velocity using the position attribute.
[2026-09-28 04:39:24,975] INFO: T:17.492, State:early_stance, Fz:10.17, ThetaRef:15.00, ThetaActual:6.00, EncoderTheta:94.70, EncoderVelocity:0.00, K:20.00, B:1.00
[2026-09-28 04:39:24,978] DEBUG: No valid transitions from state early_stance
[2026-09-28 04:39:24,978] WARNING: Velocity attribute does not use the linearization map. Please calculate the velocity using the position attribute.
[2026-09-28 04:39:24,983] INFO: T:17.500, State:early_stance, Fz:7.13, ThetaRef:15.00, ThetaActual:6.01, EncoderTheta:94.72, EncoderVelocity:2.68, K:20.00, B:1.00
[2026-09-28 04:39:24,986] DEBUG: No valid transitions from state early_stance
[2026-09-28 04:39:24,986] WARNING: Velocity attribute does not use the linearization map. Please calculate the velocity using the position attribute.
[2026-09-28 04:39:24,991] INFO: T:17.508, State:early_stance, Fz:6.29, ThetaRef:15.00, ThetaActual:6.01, EncoderTheta:94.68, EncoderVelocity:-5.34, K:20.00, B:1.00
[2026-09-28 04:39:24,994] DEBUG: No valid transitions from state early_stance
[2026-09-28 04:39:24,994] WARNING: Velocity attribute does not use the linearization map. Please calculate the velocity using the position attribute.
[2026-09-28 04:39:25,000] INFO: T:17.517, State:early_stance, Fz:4.21, ThetaRef:15.00, ThetaActual:6.01, EncoderTheta:94.68, EncoderVelocity:0.00, K:20.00, B:1.00
[2026-09-28 04:39:25,002] DEBUG: No valid transitions from state early_stance
[2026-09-28 04:39:25,002] WARNING: Velocity attribute does not use the linearization map. Please calculate the velocity using the position attribute.
[2026-09-28 04:39:25,008] INFO: T:17.525, State:early_stance, Fz:3.09, ThetaRef:15.00, ThetaActual:6.00, EncoderTheta:94.68, EncoderVelocity:0.00, K:20.00, B:1.00
[2026-09-28 04:39:25,010] DEBUG: No valid transitions from state early_stance
[2026-09-28 04:39:25,011] WARNING: Velocity attribute does not use the linearization map. Please calculate the velocity using the position attribute.
[2026-09-28 04:39:25,016] INFO: T:17.533, State:early_stance, Fz:-6.80, ThetaRef:15.00, ThetaActual:6.01, EncoderTheta:94.68, EncoderVelocity:0.00, K:20.00, B:1.00
[2026-09-28 04:39:25,019] DEBUG: No valid transitions from state early_stance
[2026-09-28 04:39:25,019] WARNING: Velocity attribute does not use the linearization map. Please calculate the velocity using the position attribute.
[2026-09-28 04:39:25,024] INFO: T:17.541, State:early_stance, Fz:6.85, ThetaRef:15.00, ThetaActual:6.00, EncoderTheta:94.68, EncoderVelocity:0.00, K:20.00, B:1.00
[2026-09-28 04:39:25,027] DEBUG: No valid transitions from state early_stance
[2026-09-28 04:39:25,027] WARNING: Velocity attribute does not use the linearization map. Please calculate the velocity using the position attribute.
[2026-09-28 04:39:25,033] INFO: T:17.550, State:early_stance, Fz:7.52, ThetaRef:15.00, ThetaActual:6.00, EncoderTheta:94.68, EncoderVelocity:0.00, K:20.00, B:1.00
[2026-09-28 04:39:25,035] DEBUG: No valid transitions from state early_stance
[2026-09-28 04:39:25,036] WARNING: Velocity attribute does not use the linearization map. Please calculate the velocity using the position attribute.
[2026-09-28 04:39:25,041] INFO: T:17.558, State:early_stance, Fz:6.12, ThetaRef:15.00, ThetaActual:6.00, EncoderTheta:94.66, EncoderVelocity:-2.59, K:20.00, B:1.00
[2026-09-28 04:39:25,044] DEBUG: No valid transitions from state early_stance
[2026-09-28 04:39:25,044] WARNING: Velocity attribute does not use the linearization map. Please calculate the velocity using the position attribute.
[2026-09-28 04:39:25,049] INFO: T:17.566, State:early_stance, Fz:6.55, ThetaRef:15.00, ThetaActual:6.00, EncoderTheta:94.75, EncoderVelocity:10.60, K:20.00, B:1.00
[2026-09-28 04:39:25,052] DEBUG: No valid transitions from state early_stance
[2026-09-28 04:39:25,052] WARNING: Velocity attribute does not use the linearization map. Please calculate the velocity using the position attribute.
[2026-09-28 04:39:25,058] INFO: T:17.575, State:early_stance, Fz:7.36, ThetaRef:15.00, ThetaActual:6.01, EncoderTheta:94.66, EncoderVelocity:-10.63, K:20.00, B:1.00
[2026-09-28 04:39:25,060] DEBUG: No valid transitions from state early_stance
[2026-09-28 04:39:25,060] WARNING: Velocity attribute does not use the linearization map. Please calculate the velocity using the position attribute.
[2026-09-28 04:39:25,066] INFO: T:17.583, State:early_stance, Fz:8.51, ThetaRef:15.00, ThetaActual:6.00, EncoderTheta:94.70, EncoderVelocity:5.35, K:20.00, B:1.00
[2026-09-28 04:39:25,069] DEBUG: No valid transitions from state early_stance
[2026-09-28 04:39:25,069] WARNING: Velocity attribute does not use the linearization map. Please calculate the velocity using the position attribute.
[2026-09-28 04:39:25,074] INFO: T:17.591, State:early_stance, Fz:8.85, ThetaRef:15.00, ThetaActual:6.00, EncoderTheta:94.70, EncoderVelocity:0.00, K:20.00, B:1.00
[2026-09-28 04:39:25,077] DEBUG: No valid transitions from state early_stance
[2026-09-28 04:39:25,077] WARNING: Velocity attribute does not use the linearization map. Please calculate the velocity using the position attribute.
[2026-09-28 04:39:25,083] INFO: T:17.600, State:early_stance, Fz:9.12, ThetaRef:15.00, ThetaActual:6.01, EncoderTheta:94.66, EncoderVelocity:-5.22, K:20.00, B:1.00
[2026-09-28 04:39:25,085] DEBUG: No valid transitions from state early_stance
[2026-09-28 04:39:25,085] WARNING: Velocity attribute does not use the linearization map. Please calculate the velocity using the position attribute.
[2026-09-28 04:39:25,091] INFO: T:17.608, State:early_stance, Fz:8.90, ThetaRef:15.00, ThetaActual:6.01, EncoderTheta:94.66, EncoderVelocity:0.00, K:20.00, B:1.00
[2026-09-28 04:39:25,096] DEBUG: No valid transitions from state early_stance
[2026-09-28 04:39:25,096] WARNING: Velocity attribute does not use the linearization map. Please calculate the velocity using the position attribute.
[2026-09-28 04:39:25,102] INFO: T:17.618, State:early_stance, Fz:9.21, ThetaRef:15.00, ThetaActual:6.00, EncoderTheta:94.70, EncoderVelocity:4.20, K:20.00, B:1.00
[2026-09-28 04:39:25,104] DEBUG: No valid transitions from state early_stance
[2026-09-28 04:39:25,105] WARNING: Velocity attribute does not use the linearization map. Please calculate the velocity using the position attribute.
[2026-09-28 04:39:25,110] INFO: T:17.627, State:early_stance, Fz:12.97, ThetaRef:15.00, ThetaActual:6.00, EncoderTheta:94.72, EncoderVelocity:2.54, K:20.00, B:1.00
[2026-09-28 04:39:25,113] DEBUG: No valid transitions from state early_stance
[2026-09-28 04:39:25,113] WARNING: Velocity attribute does not use the linearization map. Please calculate the velocity using the position attribute.
[2026-09-28 04:39:25,118] INFO: T:17.635, State:early_stance, Fz:12.26, ThetaRef:15.00, ThetaActual:6.01, EncoderTheta:94.68, EncoderVelocity:-5.26, K:20.00, B:1.00
[2026-09-28 04:39:25,121] DEBUG: No valid transitions from state early_stance
[2026-09-28 04:39:25,121] WARNING: Velocity attribute does not use the linearization map. Please calculate the velocity using the position attribute.
[2026-09-28 04:39:25,127] INFO: T:17.644, State:early_stance, Fz:12.23, ThetaRef:15.00, ThetaActual:6.01, EncoderTheta:94.66, EncoderVelocity:-2.65, K:20.00, B:1.00
[2026-09-28 04:39:25,129] DEBUG: No valid transitions from state early_stance
[2026-09-28 04:39:25,129] WARNING: Velocity attribute does not use the linearization map. Please calculate the velocity using the position attribute.
[2026-09-28 04:39:25,137] INFO: T:17.652, State:early_stance, Fz:13.64, ThetaRef:15.00, ThetaActual:6.00, EncoderTheta:94.70, EncoderVelocity:5.33, K:20.00, B:1.00
[2026-09-28 04:39:25,139] DEBUG: No valid transitions from state early_stance
[2026-09-28 04:39:25,140] WARNING: Velocity attribute does not use the linearization map. Please calculate the velocity using the position attribute.
[2026-09-28 04:39:25,145] INFO: T:17.662, State:early_stance, Fz:12.28, ThetaRef:15.00, ThetaActual:6.01, EncoderTheta:94.66, EncoderVelocity:-4.40, K:20.00, B:1.00
[2026-09-28 04:39:25,148] DEBUG: No valid transitions from state early_stance
[2026-09-28 04:39:25,148] WARNING: Velocity attribute does not use the linearization map. Please calculate the velocity using the position attribute.
[2026-09-28 04:39:25,153] INFO: T:17.670, State:early_stance, Fz:12.17, ThetaRef:15.00, ThetaActual:6.00, EncoderTheta:94.68, EncoderVelocity:2.62, K:20.00, B:1.00
[2026-09-28 04:39:25,156] DEBUG: No valid transitions from state early_stance
[2026-09-28 04:39:25,156] WARNING: Velocity attribute does not use the linearization map. Please calculate the velocity using the position attribute.
[2026-09-28 04:39:25,162] INFO: T:17.679, State:early_stance, Fz:12.69, ThetaRef:15.00, ThetaActual:6.00, EncoderTheta:94.70, EncoderVelocity:2.67, K:20.00, B:1.00
[2026-09-28 04:39:25,164] DEBUG: No valid transitions from state early_stance
[2026-09-28 04:39:25,164] WARNING: Velocity attribute does not use the linearization map. Please calculate the velocity using the position attribute.
[2026-09-28 04:39:25,170] INFO: T:17.687, State:early_stance, Fz:13.00, ThetaRef:15.00, ThetaActual:6.00, EncoderTheta:94.70, EncoderVelocity:0.00, K:20.00, B:1.00
[2026-09-28 04:39:25,172] DEBUG: No valid transitions from state early_stance
[2026-09-28 04:39:25,173] WARNING: Velocity attribute does not use the linearization map. Please calculate the velocity using the position attribute.
[2026-09-28 04:39:25,178] INFO: T:17.695, State:early_stance, Fz:11.78, ThetaRef:15.00, ThetaActual:6.01, EncoderTheta:94.64, EncoderVelocity:-7.99, K:20.00, B:1.00
[2026-09-28 04:39:25,181] DEBUG: No valid transitions from state early_stance
[2026-09-28 04:39:25,181] WARNING: Velocity attribute does not use the linearization map. Please calculate the velocity using the position attribute.
[2026-09-28 04:39:25,186] INFO: T:17.703, State:early_stance, Fz:10.85, ThetaRef:15.00, ThetaActual:6.00, EncoderTheta:94.68, EncoderVelocity:5.36, K:20.00, B:1.00
[2026-09-28 04:39:25,189] DEBUG: No valid transitions from state early_stance
[2026-09-28 04:39:25,189] WARNING: Velocity attribute does not use the linearization map. Please calculate the velocity using the position attribute.
[2026-09-28 04:39:25,195] INFO: T:17.711, State:early_stance, Fz:8.15, ThetaRef:15.00, ThetaActual:6.01, EncoderTheta:94.70, EncoderVelocity:2.68, K:20.00, B:1.00
[2026-09-28 04:39:25,197] DEBUG: No valid transitions from state early_stance
[2026-09-28 04:39:25,197] WARNING: Velocity attribute does not use the linearization map. Please calculate the velocity using the position attribute.
[2026-09-28 04:39:25,203] INFO: T:17.720, State:early_stance, Fz:7.55, ThetaRef:15.00, ThetaActual:6.01, EncoderTheta:94.66, EncoderVelocity:-5.34, K:20.00, B:1.00
[2026-09-28 04:39:25,205] DEBUG: No valid transitions from state early_stance
[2026-09-28 04:39:25,206] WARNING: Velocity attribute does not use the linearization map. Please calculate the velocity using the position attribute.
[2026-09-28 04:39:25,211] INFO: T:17.728, State:early_stance, Fz:7.12, ThetaRef:15.00, ThetaActual:6.01, EncoderTheta:94.72, EncoderVelocity:7.94, K:20.00, B:1.00
[2026-09-28 04:39:25,214] DEBUG: No valid transitions from state early_stance
[2026-09-28 04:39:25,214] WARNING: Velocity attribute does not use the linearization map. Please calculate the velocity using the position attribute.
[2026-09-28 04:39:25,219] INFO: T:17.736, State:early_stance, Fz:7.31, ThetaRef:15.00, ThetaActual:6.00, EncoderTheta:94.70, EncoderVelocity:-2.64, K:20.00, B:1.00
[2026-09-28 04:39:25,222] DEBUG: No valid transitions from state early_stance
[2026-09-28 04:39:25,222] WARNING: Velocity attribute does not use the linearization map. Please calculate the velocity using the position attribute.
[2026-09-28 04:39:25,228] INFO: T:17.745, State:early_stance, Fz:8.42, ThetaRef:15.00, ThetaActual:6.00, EncoderTheta:94.72, EncoderVelocity:2.67, K:20.00, B:1.00
[2026-09-28 04:39:25,230] DEBUG: No valid transitions from state early_stance
[2026-09-28 04:39:25,230] WARNING: Velocity attribute does not use the linearization map. Please calculate the velocity using the position attribute.
[2026-09-28 04:39:25,236] INFO: T:17.753, State:early_stance, Fz:6.28, ThetaRef:15.00, ThetaActual:6.01, EncoderTheta:94.70, EncoderVelocity:-2.65, K:20.00, B:1.00
[2026-09-28 04:39:25,238] DEBUG: No valid transitions from state early_stance
[2026-09-28 04:39:25,239] WARNING: Velocity attribute does not use the linearization map. Please calculate the velocity using the position attribute.
[2026-09-28 04:39:25,244] INFO: T:17.761, State:early_stance, Fz:7.60, ThetaRef:15.00, ThetaActual:6.00, EncoderTheta:94.66, EncoderVelocity:-5.36, K:20.00, B:1.00
[2026-09-28 04:39:25,247] DEBUG: No valid transitions from state early_stance
[2026-09-28 04:39:25,247] WARNING: Velocity attribute does not use the linearization map. Please calculate the velocity using the position attribute.
[2026-09-28 04:39:25,252] INFO: T:17.769, State:early_stance, Fz:6.68, ThetaRef:15.00, ThetaActual:6.00, EncoderTheta:94.66, EncoderVelocity:0.00, K:20.00, B:1.00
[2026-09-28 04:39:25,255] DEBUG: No valid transitions from state early_stance
[2026-09-28 04:39:25,255] WARNING: Velocity attribute does not use the linearization map. Please calculate the velocity using the position attribute.
[2026-09-28 04:39:25,261] INFO: T:17.778, State:early_stance, Fz:6.46, ThetaRef:15.00, ThetaActual:6.01, EncoderTheta:94.70, EncoderVelocity:5.34, K:20.00, B:1.00
[2026-09-28 04:39:25,263] DEBUG: No valid transitions from state early_stance
[2026-09-28 04:39:25,263] WARNING: Velocity attribute does not use the linearization map. Please calculate the velocity using the position attribute.
[2026-09-28 04:39:25,269] INFO: T:17.786, State:early_stance, Fz:7.23, ThetaRef:15.00, ThetaActual:6.01, EncoderTheta:94.70, EncoderVelocity:0.00, K:20.00, B:1.00
[2026-09-28 04:39:25,271] DEBUG: No valid transitions from state early_stance
[2026-09-28 04:39:25,272] WARNING: Velocity attribute does not use the linearization map. Please calculate the velocity using the position attribute.
[2026-09-28 04:39:25,277] INFO: T:17.794, State:early_stance, Fz:6.88, ThetaRef:15.00, ThetaActual:6.01, EncoderTheta:94.77, EncoderVelocity:7.95, K:20.00, B:1.00
[2026-09-28 04:39:25,280] DEBUG: No valid transitions from state early_stance
[2026-09-28 04:39:25,280] WARNING: Velocity attribute does not use the linearization map. Please calculate the velocity using the position attribute.
[2026-09-28 04:39:25,285] INFO: T:17.802, State:early_stance, Fz:8.08, ThetaRef:15.00, ThetaActual:6.00, EncoderTheta:94.70, EncoderVelocity:-8.04, K:20.00, B:1.00
[2026-09-28 04:39:25,288] DEBUG: No valid transitions from state early_stance
[2026-09-28 04:39:25,288] WARNING: Velocity attribute does not use the linearization map. Please calculate the velocity using the position attribute.
[2026-09-28 04:39:25,293] INFO: T:17.810, State:early_stance, Fz:7.54, ThetaRef:15.00, ThetaActual:6.00, EncoderTheta:94.66, EncoderVelocity:-5.34, K:20.00, B:1.00
[2026-09-28 04:39:25,296] DEBUG: No valid transitions from state early_stance
[2026-09-28 04:39:25,296] WARNING: Velocity attribute does not use the linearization map. Please calculate the velocity using the position attribute.
[2026-09-28 04:39:25,302] INFO: T:17.819, State:early_stance, Fz:6.60, ThetaRef:15.00, ThetaActual:6.00, EncoderTheta:94.72, EncoderVelocity:8.02, K:20.00, B:1.00
[2026-09-28 04:39:25,304] DEBUG: No valid transitions from state early_stance
[2026-09-28 04:39:25,304] WARNING: Velocity attribute does not use the linearization map. Please calculate the velocity using the position attribute.
[2026-09-28 04:39:25,310] INFO: T:17.827, State:early_stance, Fz:4.41, ThetaRef:15.00, ThetaActual:6.01, EncoderTheta:94.70, EncoderVelocity:-2.69, K:20.00, B:1.00
[2026-09-28 04:39:25,312] DEBUG: No valid transitions from state early_stance
[2026-09-28 04:39:25,313] WARNING: Velocity attribute does not use the linearization map. Please calculate the velocity using the position attribute.
[2026-09-28 04:39:25,318] INFO: T:17.835, State:early_stance, Fz:5.67, ThetaRef:15.00, ThetaActual:6.00, EncoderTheta:94.68, EncoderVelocity:-2.69, K:20.00, B:1.00
[2026-09-28 04:39:25,321] DEBUG: No valid transitions from state early_stance
[2026-09-28 04:39:25,321] WARNING: Velocity attribute does not use the linearization map. Please calculate the velocity using the position attribute.
[2026-09-28 04:39:25,326] INFO: T:17.843, State:early_stance, Fz:4.70, ThetaRef:15.00, ThetaActual:6.01, EncoderTheta:94.70, EncoderVelocity:2.69, K:20.00, B:1.00
[2026-09-28 04:39:25,329] DEBUG: No valid transitions from state early_stance
[2026-09-28 04:39:25,329] WARNING: Velocity attribute does not use the linearization map. Please calculate the velocity using the position attribute.
[2026-09-28 04:39:25,334] INFO: T:17.851, State:early_stance, Fz:3.95, ThetaRef:15.00, ThetaActual:6.01, EncoderTheta:94.72, EncoderVelocity:2.69, K:20.00, B:1.00
[2026-09-28 04:39:25,337] DEBUG: No valid transitions from state early_stance
[2026-09-28 04:39:25,337] WARNING: Velocity attribute does not use the linearization map. Please calculate the velocity using the position attribute.
[2026-09-28 04:39:25,343] INFO: T:17.860, State:early_stance, Fz:2.88, ThetaRef:15.00, ThetaActual:6.00, EncoderTheta:94.68, EncoderVelocity:-5.36, K:20.00, B:1.00
[2026-09-28 04:39:25,345] DEBUG: No valid transitions from state early_stance
[2026-09-28 04:39:25,345] WARNING: Velocity attribute does not use the linearization map. Please calculate the velocity using the position attribute.
[2026-09-28 04:39:25,351] INFO: T:17.868, State:early_stance, Fz:4.03, ThetaRef:15.00, ThetaActual:6.01, EncoderTheta:94.70, EncoderVelocity:2.66, K:20.00, B:1.00
[2026-09-28 04:39:25,354] DEBUG: No valid transitions from state early_stance
[2026-09-28 04:39:25,354] WARNING: Velocity attribute does not use the linearization map. Please calculate the velocity using the position attribute.
[2026-09-28 04:39:25,359] INFO: T:17.876, State:early_stance, Fz:3.42, ThetaRef:15.00, ThetaActual:6.00, EncoderTheta:94.72, EncoderVelocity:2.62, K:20.00, B:1.00
[2026-09-28 04:39:25,362] DEBUG: No valid transitions from state early_stance
[2026-09-28 04:39:25,362] WARNING: Velocity attribute does not use the linearization map. Please calculate the velocity using the position attribute.
[2026-09-28 04:39:25,368] INFO: T:17.885, State:early_stance, Fz:2.96, ThetaRef:15.00, ThetaActual:6.01, EncoderTheta:94.68, EncoderVelocity:-5.26, K:20.00, B:1.00
[2026-09-28 04:39:25,370] DEBUG: No valid transitions from state early_stance
[2026-09-28 04:39:25,370] WARNING: Velocity attribute does not use the linearization map. Please calculate the velocity using the position attribute.
[2026-09-28 04:39:25,376] INFO: T:17.893, State:early_stance, Fz:3.11, ThetaRef:15.00, ThetaActual:6.00, EncoderTheta:94.77, EncoderVelocity:10.67, K:20.00, B:1.00
[2026-09-28 04:39:25,379] DEBUG: No valid transitions from state early_stance
[2026-09-28 04:39:25,379] WARNING: Velocity attribute does not use the linearization map. Please calculate the velocity using the position attribute.
[2026-09-28 04:39:25,384] INFO: T:17.901, State:early_stance, Fz:1.75, ThetaRef:15.00, ThetaActual:6.01, EncoderTheta:94.70, EncoderVelocity:-7.99, K:20.00, B:1.00
[2026-09-28 04:39:25,387] DEBUG: No valid transitions from state early_stance
[2026-09-28 04:39:25,387] WARNING: Velocity attribute does not use the linearization map. Please calculate the velocity using the position attribute.
[2026-09-28 04:39:25,392] INFO: T:17.909, State:early_stance, Fz:2.14, ThetaRef:15.00, ThetaActual:6.00, EncoderTheta:94.72, EncoderVelocity:2.66, K:20.00, B:1.00
[2026-09-28 04:39:25,395] DEBUG: No valid transitions from state early_stance
[2026-09-28 04:39:25,395] WARNING: Velocity attribute does not use the linearization map. Please calculate the velocity using the position attribute.
[2026-09-28 04:39:25,401] INFO: T:17.918, State:early_stance, Fz:2.97, ThetaRef:15.00, ThetaActual:6.00, EncoderTheta:94.70, EncoderVelocity:-2.68, K:20.00, B:1.00
[2026-09-28 04:39:25,403] DEBUG: No valid transitions from state early_stance
[2026-09-28 04:39:25,403] WARNING: Velocity attribute does not use the linearization map. Please calculate the velocity using the position attribute.
[2026-09-28 04:39:25,409] INFO: T:17.926, State:early_stance, Fz:4.15, ThetaRef:15.00, ThetaActual:6.01, EncoderTheta:94.75, EncoderVelocity:5.31, K:20.00, B:1.00
[2026-09-28 04:39:25,412] DEBUG: No valid transitions from state early_stance
[2026-09-28 04:39:25,412] WARNING: Velocity attribute does not use the linearization map. Please calculate the velocity using the position attribute.
[2026-09-28 04:39:25,417] INFO: T:17.934, State:early_stance, Fz:4.96, ThetaRef:15.00, ThetaActual:6.01, EncoderTheta:94.70, EncoderVelocity:-5.29, K:20.00, B:1.00
[2026-09-28 04:39:25,420] DEBUG: No valid transitions from state early_stance
[2026-09-28 04:39:25,420] WARNING: Velocity attribute does not use the linearization map. Please calculate the velocity using the position attribute.
[2026-09-28 04:39:25,425] INFO: T:17.942, State:early_stance, Fz:3.69, ThetaRef:15.00, ThetaActual:6.01, EncoderTheta:94.70, EncoderVelocity:0.00, K:20.00, B:1.00
[2026-09-28 04:39:25,428] DEBUG: No valid transitions from state early_stance
[2026-09-28 04:39:25,428] WARNING: Velocity attribute does not use the linearization map. Please calculate the velocity using the position attribute.
[2026-09-28 04:39:25,434] INFO: T:17.951, State:early_stance, Fz:4.66, ThetaRef:15.00, ThetaActual:6.00, EncoderTheta:94.70, EncoderVelocity:0.00, K:20.00, B:1.00
[2026-09-28 04:39:25,436] DEBUG: No valid transitions from state early_stance
[2026-09-28 04:39:25,436] WARNING: Velocity attribute does not use the linearization map. Please calculate the velocity using the position attribute.
[2026-09-28 04:39:25,442] INFO: T:17.959, State:early_stance, Fz:2.94, ThetaRef:15.00, ThetaActual:6.00, EncoderTheta:94.72, EncoderVelocity:2.69, K:20.00, B:1.00
[2026-09-28 04:39:25,444] DEBUG: No valid transitions from state early_stance
[2026-09-28 04:39:25,444] WARNING: Velocity attribute does not use the linearization map. Please calculate the velocity using the position attribute.
[2026-09-28 04:39:25,450] INFO: T:17.967, State:early_stance, Fz:2.65, ThetaRef:15.00, ThetaActual:6.00, EncoderTheta:94.68, EncoderVelocity:-5.37, K:20.00, B:1.00
[2026-09-28 04:39:25,452] DEBUG: No valid transitions from state early_stance
[2026-09-28 04:39:25,453] WARNING: Velocity attribute does not use the linearization map. Please calculate the velocity using the position attribute.
[2026-09-28 04:39:25,458] INFO: T:17.975, State:early_stance, Fz:0.39, ThetaRef:15.00, ThetaActual:6.01, EncoderTheta:94.75, EncoderVelocity:8.05, K:20.00, B:1.00
[2026-09-28 04:39:25,461] DEBUG: No valid transitions from state early_stance
[2026-09-28 04:39:25,461] WARNING: Velocity attribute does not use the linearization map. Please calculate the velocity using the position attribute.
[2026-09-28 04:39:25,466] INFO: T:17.983, State:early_stance, Fz:1.17, ThetaRef:15.00, ThetaActual:6.00, EncoderTheta:94.72, EncoderVelocity:-2.62, K:20.00, B:1.00
[2026-09-28 04:39:25,469] DEBUG: No valid transitions from state early_stance
[2026-09-28 04:39:25,469] WARNING: Velocity attribute does not use the linearization map. Please calculate the velocity using the position attribute.
[2026-09-28 04:39:25,475] INFO: T:17.992, State:early_stance, Fz:3.28, ThetaRef:15.00, ThetaActual:6.00, EncoderTheta:94.68, EncoderVelocity:-5.33, K:20.00, B:1.00
[2026-09-28 04:39:25,477] DEBUG: No valid transitions from state early_stance
[2026-09-28 04:39:25,478] WARNING: Velocity attribute does not use the linearization map. Please calculate the velocity using the position attribute.
[2026-09-28 04:39:25,483] INFO: T:18.000, State:early_stance, Fz:3.88, ThetaRef:15.00, ThetaActual:6.00, EncoderTheta:94.72, EncoderVelocity:5.30, K:20.00, B:1.00
[2026-09-28 04:39:25,486] DEBUG: No valid transitions from state early_stance
[2026-09-28 04:39:25,486] WARNING: Velocity attribute does not use the linearization map. Please calculate the velocity using the position attribute.
[2026-09-28 04:39:25,492] INFO: T:18.008, State:early_stance, Fz:5.33, ThetaRef:15.00, ThetaActual:6.01, EncoderTheta:94.70, EncoderVelocity:-2.62, K:20.00, B:1.00
[2026-09-28 04:39:25,494] DEBUG: No valid transitions from state early_stance
[2026-09-28 04:39:25,494] WARNING: Velocity attribute does not use the linearization map. Please calculate the velocity using the position attribute.
[2026-09-28 04:39:25,500] INFO: T:18.017, State:early_stance, Fz:6.93, ThetaRef:15.00, ThetaActual:6.01, EncoderTheta:94.70, EncoderVelocity:0.00, K:20.00, B:1.00
[2026-09-28 04:39:25,503] DEBUG: No valid transitions from state early_stance
[2026-09-28 04:39:25,503] WARNING: Velocity attribute does not use the linearization map. Please calculate the velocity using the position attribute.
[2026-09-28 04:39:25,508] INFO: T:18.025, State:early_stance, Fz:5.65, ThetaRef:15.00, ThetaActual:6.00, EncoderTheta:94.70, EncoderVelocity:0.00, K:20.00, B:1.00
[2026-09-28 04:39:25,511] DEBUG: No valid transitions from state early_stance
[2026-09-28 04:39:25,511] WARNING: Velocity attribute does not use the linearization map. Please calculate the velocity using the position attribute.
[2026-09-28 04:39:25,516] INFO: T:18.033, State:early_stance, Fz:6.20, ThetaRef:15.00, ThetaActual:6.00, EncoderTheta:94.64, EncoderVelocity:-7.95, K:20.00, B:1.00
[2026-09-28 04:39:25,519] DEBUG: No valid transitions from state early_stance
[2026-09-28 04:39:25,519] WARNING: Velocity attribute does not use the linearization map. Please calculate the velocity using the position attribute.
[2026-09-28 04:39:25,525] INFO: T:18.042, State:early_stance, Fz:4.64, ThetaRef:15.00, ThetaActual:6.01, EncoderTheta:94.70, EncoderVelocity:8.02, K:20.00, B:1.00
[2026-09-28 04:39:25,525] DEBUG: Calling stop method of knee
[2026-09-28 04:39:25,525] DEBUG: [knee]  Exiting Impedance control mode.
[2026-09-28 04:39:26,651] DEBUG: Calling stop method of LoadcellBase
[2026-09-28 04:39:26,651] DEBUG: Calling stop method of EncoderBase
