state_time,accelx,accely,accelz,gyrox,gyroy,gyroz,mot_ang,mot_vel,mot_acc,mot_cur,mot_volt,batt_volt,batt_curr,temperature,status_mn,status_ex,status_re,genvar_0,genvar_1,genvar_2,genvar_3,genvar_4,genvar_5,genvar_6,genvar_7,genvar_8,genvar_9,ank_ang,ank_vel,sys_time,event flags
37103,-1012,8068,268,80,-6,14,13491,-2,1,-3,0,37117,122,27,65,0,0,0,0,0,0,0,0,-32311,0,0,0,0,0,1340,0
37108,-1026,8066,272,69,-2,14,13492,9,0,-4,0,37117,121,27,65,0,0,0,0,0,0,0,0,-32311,0,0,0,0,0,37108,0
37113,-1054,8070,258,74,-7,16,13492,3,2,-2,0,37117,121,27,65,0,0,0,0,0,0,0,0,-32311,0,0,0,0,0,37113,0
37118,-1070,8080,254,77,-7,12,13492,5,6,-1,0,37115,127,27,65,0,0,0,0,0,0,0,0,-32311,0,0,0,0,0,37118,0
37123,-1058,8064,258,75,-8,12,13491,-3,0,-1,0,37115,127,27,65,0,0,0,0,0,0,0,0,-32311,0,0,0,0,0,37123,0
37128,-1036,8038,246,77,-7,14,13491,1,0,-1,0,37114,129,27,65,0,0,0,0,0,0,0,0,-32311,0,0,0,0,0,37128,0
37133,-1042,8056,256,80,-9,15,13492,3,-3,0,0,37114,129,27,65,0,0,0,0,0,0,0,0,-32311,0,0,0,0,0,37133,0
37138,-1076,8110,240,76,-7,14,13492,3,1,-2,0,37113,126,27,65,0,0,0,0,0,0,0,0,-32311,0,0,0,0,0,37138,0
37143,-1088,8072,250,74,-9,14,13493,7,1,0,0,37113,126,27,65,0,0,0,0,0,0,0,0,-32311,0,0,0,0,0,37143,0
37148,-1042,8056,270,77,-9,16,13491,0,2,-2,0,37116,120,27,65,0,0,0,0,0,0,0,0,-32311,0,0,0,0,0,37148,0
37153,-1048,8038,270,79,-1,16,13491,-4,-3,-3,0,37116,120,27,65,0,0,0,0,0,0,0,0,-32311,0,0,0,0,0,37153,0
37158,-1066,8084,268,80,-9,16,13491,-3,-7,-3,0,37116,116,27,65,0,0,0,0,0,0,0,0,-32311,0,0,0,0,0,37158,0
37163,-1062,8068,260,75,-3,13,13492,-3,-2,-2,0,37116,116,27,65,0,0,0,0,0,0,0,0,-32311,0,0,0,0,0,37163,0
37168,-1054,8080,234,80,-4,19,13491,3,2,-1,0,37113,115,27,65,0,0,0,0,0,0,0,0,-32311,0,0,0,0,0,37168,0
37173,-1066,8086,234,77,-4,23,13492,0,2,-1,0,37113,115,27,65,0,0,0,0,0,0,0,0,-32311,0,0,0,0,0,37173,0
37178,-1110,8068,226,77,-7,27,13491,1,-1,0,0,37103,119,27,65,0,0,0,0,0,0,0,0,-32311,0,0,0,0,0,37178,0
37183,-1094,8032,244,75,-10,22,13491,-2,0,0,0,37103,119,27,65,0,0,0,0,0,0,0,0,-32311,0,0,0,0,0,37183,0
37188,-1064,8058,246,80,-10,23,13492,2,0,-2,0,37095,126,27,65,0,0,0,0,0,0,0,0,-32311,0,0,0,0,0,37188,0
37193,-1090,8066,246,77,-11,27,13492,0,2,-1,0,37095,126,27,65,0,0,0,0,0,0,0,0,-32311,0,0,0,0,0,37193,0
37198,-1068,8046,258,83,-6,24,13492,5,1,-2,0,37089,135,27,65,0,0,0,0,0,0,0,0,-32311,0,0,0,0,0,37198,0
37203,-1088,8080,262,80,-8,23,13492,2,-2,-2,0,37089,135,27,65,0,0,0,0,0,0,0,0,-32311,0,0,0,0,0,37203,0
37208,-1076,8098,256,79,-7,24,13492,8,0,-4,0,37089,130,27,65,0,0,0,0,0,0,0,0,-32311,0,0,0,0,0,37208,0
37213,-1042,8094,260,75,-6,24,13492,3,1,-2,0,37089,130,27,65,0,0,0,0,0,0,0,0,-32311,0,0,0,0,0,37213,0
37218,-1054,8054,270,77,-6,25,13492,0,-1,-2,0,37091,125,27,65,0,0,0,0,0,0,0,0,-32311,0,0,0,0,0,37218,0
37223,-1080,8054,236,77,-4,28,13492,-4,-2,-2,0,37091,125,27,65,0,0,0,0,0,0,0,0,-32311,0,0,0,0,0,37223,0
37228,-1076,8080,258,82,-5,30,13492,0,-2,-2,0,37091,123,27,65,0,0,0,0,0,0,0,0,-32311,0,0,0,0,0,37228,0
37233,-1050,8086,250,78,-6,29,13492,-7,-5,-1,0,37091,123,27,65,0,0,0,0,0,0,0,0,-32311,0,0,0,0,0,37233,0
37238,-1064,8072,252,78,-10,30,13491,-2,-3,-2,0,37089,130,27,65,0,0,0,0,0,0,0,0,-32311,0,0,0,0,0,37238,0
37243,-1050,8084,278,84,-4,31,13492,0,1,-1,0,37089,130,27,65,0,0,0,0,0,0,0,0,-32311,0,0,0,0,0,37243,0
37248,-1034,8076,256,82,-7,30,13491,-1,2,-5,0,37087,131,27,65,0,0,0,0,0,0,0,0,-32311,0,0,0,0,0,37248,0
37253,-1032,8060,270,82,-2,29,13492,-2,2,-2,0,37087,131,27,65,0,0,0,0,0,0,0,0,-32311,0,0,0,0,0,37253,0
37258,-1026,8072,262,82,-4,25,13492,-2,0,-2,0,37089,136,27,65,0,0,0,0,0,0,0,0,-32311,0,0,0,0,0,37258,0
37263,-1038,8084,268,81,-1,25,13491,0,2,-3,0,37089,136,27,65,0,0,0,0,0,0,0,0,-32311,0,0,0,0,0,37263,0
37268,-1036,8078,234,82,-1,27,13492,7,1,-2,0,37091,141,27,65,0,0,0,0,0,0,0,0,-32311,0,0,0,0,0,37268,0
37273,-1026,8092,244,79,-8,26,13491,-2,1,-3,0,37091,141,27,65,0,0,0,0,0,0,0,0,-32311,0,0,0,0,0,37273,0
37278,-1030,8060,240,84,-8,27,13491,-5,2,-1,0,37096,137,27,65,0,0,0,0,0,0,0,0,-32311,0,0,0,0,0,37278,0
37283,-998,8082,252,90,-1,27,13492,1,0,-1,0,37096,137,27,65,0,0,0,0,0,0,0,0,-32311,0,0,0,0,0,37283,0
37288,-1036,8094,226,83,-6,25,13492,0,0,-3,0,37092,132,27,65,0,0,0,0,0,0,0,0,-32311,0,0,0,0,0,37288,0
37293,-1028,8086,220,81,-2,30,13491,0,4,-2,0,37092,132,27,65,0,0,0,0,0,0,0,0,-32310,0,0,0,0,0,37293,0
37298,-1016,8090,240,83,-7,26,13492,4,2,-2,0,37090,115,27,65,0,0,0,0,0,0,0,0,-32311,0,0,0,0,0,37298,0
37303,-1056,8094,216,81,-4,25,13492,2,0,-1,0,37090,115,27,65,0,0,0,0,0,0,0,0,-32311,0,0,0,0,0,37303,0
37308,-1016,8070,214,77,-8,17,13491,-3,5,-2,0,37085,113,27,65,0,0,0,0,0,0,0,0,-32311,0,0,0,0,0,37309,0
37313,-1054,8080,236,80,1,26,13492,3,0,-2,0,37085,113,27,65,0,0,0,0,0,0,0,0,-32311,0,0,0,0,0,37314,0
37318,-1060,8092,230,81,-6,22,13492,4,2,-2,0,37078,116,27,65,0,0,0,0,0,0,0,0,-32311,0,0,0,0,0,37319,0
37323,-1028,8092,222,76,-9,24,13492,-1,-1,-1,0,37078,116,27,65,0,0,0,0,0,0,0,0,-32311,0,0,0,0,0,37324,0
37328,-1014,8060,216,76,-6,24,13492,0,0,0,0,37075,120,27,65,0,0,0,0,0,0,0,0,-32311,0,0,0,0,0,37329,0
37333,-1032,8092,244,74,-12,22,13491,8,-2,-1,0,37075,120,27,65,0,0,0,0,0,0,0,0,-32311,0,0,0,0,0,37334,0
37338,-1032,8076,234,77,-5,26,13492,1,1,-2,0,37078,129,27,65,0,0,0,0,0,0,0,0,-32310,0,0,0,0,0,37339,0
37343,-1026,8052,224,79,-7,19,13493,14,-2,-2,0,37078,129,27,65,0,0,0,0,0,0,0,0,-32311,0,0,0,0,0,37344,0
37348,-1042,8064,224,75,-12,19,13492,0,2,-1,0,37085,123,27,65,0,0,0,0,0,0,0,0,-32310,0,0,0,0,0,37349,0
37353,-1046,8048,240,76,-3,25,13491,-3,2,-3,0,37085,123,27,65,0,0,0,0,0,0,0,0,-32311,0,0,0,0,0,37354,0
37358,-1026,8078,222,80,-6,24,13491,-3,-7,-3,0,37091,122,27,65,0,0,0,0,0,0,0,0,-32311,0,0,0,0,0,37359,0
37363,-1036,8104,220,75,-11,21,13492,-1,-5,-3,0,37091,122,27,65,0,0,0,0,0,0,0,0,-32312,0,0,0,0,0,37364,0
37368,-1028,8084,216,74,-5,19,13492,4,1,-2,0,37090,127,27,65,0,0,0,0,0,0,0,0,-32311,0,0,0,0,0,37369,0
37373,-1072,8070,228,75,-7,21,13491,2,2,-2,0,37090,127,27,65,0,0,0,0,0,0,0,0,-32311,0,0,0,0,0,37374,0
37378,-1048,8078,210,73,-12,27,13492,0,1,-1,0,37090,123,27,65,0,0,0,0,0,0,0,0,-32311,0,0,0,0,0,37379,0
37383,-1026,8082,228,75,-7,22,13491,0,-1,-2,0,37090,123,27,65,0,0,0,0,0,0,0,0,-32310,0,0,0,0,0,37384,0
37388,-1024,8086,236,71,-8,21,13492,0,3,-2,0,37086,123,27,65,0,0,0,0,0,0,0,0,-32311,0,0,0,0,0,37389,0
37393,-1040,8086,230,80,-3,16,13492,2,-4,-1,0,37086,123,27,65,0,0,0,0,0,0,0,0,-32311,0,0,0,0,0,37394,0
37398,-1008,8094,222,71,-8,22,13491,-6,1,-2,0,37086,126,27,65,0,0,0,0,0,0,0,0,-32311,0,0,0,0,0,37399,0
37403,-1008,8082,212,74,-13,22,13492,-1,-2,-3,0,37086,126,27,65,0,0,0,0,0,0,0,0,-32311,0,0,0,0,0,37404,0
37408,-1044,8070,234,71,-4,18,13491,0,1,-3,0,37088,129,27,65,0,0,0,0,0,0,0,0,-32311,0,0,0,0,0,37409,0
37413,-1062,8074,196,76,-7,23,13492,0,-2,-2,0,37088,129,27,65,0,0,0,0,0,0,0,0,-32311,0,0,0,0,0,37414,0
37418,-1044,8106,212,68,-4,19,13492,0,-1,-3,0,37087,136,27,65,0,0,0,0,0,0,0,0,-32311,0,0,0,0,0,37419,0
37423,-1032,8076,222,70,-4,20,13492,6,3,-1,0,37087,136,27,65,0,0,0,0,0,0,0,0,-32311,0,0,0,0,0,37424,0
37428,-1064,8082,216,71,-1,23,13491,-1,0,-1,0,37087,136,27,65,0,0,0,0,0,0,0,0,-32311,0,0,0,0,0,37429,0
37433,-1060,8092,226,65,-9,23,13493,7,-5,-1,0,37087,136,27,65,0,0,0,0,0,0,0,0,-32311,0,0,0,0,0,37434,0
37438,-1048,8064,202,71,-6,23,13492,1,-1,-3,0,37086,130,27,65,0,0,0,0,0,0,0,0,-32311,0,0,0,0,0,37439,0
37443,-1062,8090,204,63,-5,24,13491,-3,3,-2,0,37086,130,27,65,0,0,0,0,0,0,0,0,-32311,0,0,0,0,0,37444,0
37448,-1050,8062,196,65,-4,22,13492,0,-6,-3,0,37086,134,27,65,0,0,0,0,0,0,0,0,-32311,0,0,0,0,0,37449,0
37453,-1058,8094,204,63,-9,26,13493,2,-4,-2,0,37086,134,27,65,0,0,0,0,0,0,0,0,-32311,0,0,0,0,0,37454,0
37458,-1056,8072,208,64,-11,28,13491,0,-1,-5,0,37089,130,27,65,0,0,0,0,0,0,0,0,-32311,0,0,0,0,0,37459,0
37463,-1058,8076,170,61,-8,24,13491,0,-3,-2,0,37089,130,27,65,0,0,0,0,0,0,0,0,-32311,0,0,0,0,0,37464,0
37468,-1048,8088,188,61,-15,23,13491,0,2,-2,0,37089,125,27,65,0,0,0,0,0,0,0,0,-32311,0,0,0,0,0,37469,0
37473,-1072,8090,200,54,-7,25,13492,-1,-2,-1,0,37089,125,27,65,0,0,0,0,0,0,0,0,-32310,0,0,0,0,0,37474,0
37478,-1062,8108,196,54,-14,26,13491,3,7,-1,0,37089,120,27,65,0,0,0,0,0,0,0,0,-32311,0,0,0,0,0,37479,0
37483,-1034,8070,188,51,-7,27,13491,1,-2,-1,0,37089,120,27,65,0,0,0,0,0,0,0,0,-32311,0,0,0,0,0,37484,0
37488,-1060,8088,208,52,-12,26,13492,-1,1,-2,0,37089,123,27,65,0,0,0,0,0,0,0,0,-32311,0,0,0,0,0,37489,0
37493,-1036,8092,202,53,-9,30,13492,3,0,-3,0,37089,123,27,65,0,0,0,0,0,0,0,0,-32311,0,0,0,0,0,37494,0
37498,-1022,8090,232,48,-10,25,13491,-3,2,-3,0,37084,123,27,65,0,0,0,0,0,0,0,0,-32311,0,0,0,0,0,37499,0
37503,-1046,8076,194,53,-11,27,13492,3,0,-2,0,37084,123,27,65,0,0,0,0,0,0,0,0,-32311,0,0,0,0,0,37504,0
37508,-1034,8100,236,46,-14,21,13491,-2,-4,-1,0,37085,121,27,65,0,0,0,0,0,0,0,0,-32311,0,0,0,0,0,37509,0
37513,-1006,8100,230,50,-10,25,13493,11,4,-2,0,37085,121,27,65,0,0,0,0,0,0,0,0,-32311,0,0,0,0,0,37514,0
37518,-1018,8060,212,55,-8,23,13492,4,-2,-2,0,37085,119,27,65,0,0,0,0,0,0,0,0,-32311,0,0,0,0,0,37519,0
37523,-990,8106,218,45,-12,22,13491,-5,-1,-2,0,37085,119,27,65,0,0,0,0,0,0,0,0,-32311,0,0,0,0,0,37524,0
37528,-1006,8084,234,50,-8,17,13492,4,2,-2,0,37087,123,27,65,0,0,0,0,0,0,0,0,-32311,0,0,0,0,0,37529,0
37533,-996,8106,238,41,-12,20,13491,1,-4,-1,0,37087,123,27,65,0,0,0,0,0,0,0,0,-32311,0,0,0,0,0,37534,0
37538,-1008,8088,218,45,-9,20,13491,0,-2,-2,0,37088,123,27,65,0,0,0,0,0,0,0,0,-32311,0,0,0,0,0,37539,0
37543,-986,8114,222,51,-12,15,13491,-5,1,-3,0,37088,123,27,65,0,0,0,0,0,0,0,0,-32311,0,0,0,0,0,37544,0
37548,-994,8098,234,48,-6,15,13492,0,0,-3,0,37088,123,27,65,0,0,0,0,0,0,0,0,-32311,0,0,0,0,0,37549,0
37553,-980,8084,228,42,-7,13,13491,-1,-4,-2,0,37088,123,27,65,0,0,0,0,0,0,0,0,-32311,0,0,0,0,0,37554,0
37558,-1016,8114,220,40,-13,10,13492,4,1,-1,0,37088,120,27,65,0,0,0,0,0,0,0,0,-32311,0,0,0,0,0,37559,0
37563,-1048,8084,230,42,-7,13,13492,-1,2,1,0,37088,120,27,65,0,0,0,0,0,0,0,0,-32311,0,0,0,0,0,37564,0
37568,-1028,8090,224,47,-15,8,13492,-1,-2,-2,0,37090,127,27,65,0,0,0,0,0,0,0,0,-32310,0,0,0,0,0,37569,0
37573,-1002,8078,220,39,-13,5,13493,3,4,-1,0,37090,127,27,65,0,0,0,0,0,0,0,0,-32311,0,0,0,0,0,37574,0
37578,-1020,8084,220,38,-5,12,13492,8,-3,0,0,37089,131,27,65,0,0,0,0,0,0,0,0,-32311,0,0,0,0,0,37579,0
37583,-1020,8088,212,41,-10,5,13491,2,-4,-1,0,37089,131,27,65,0,0,0,0,0,0,0,0,-32311,0,0,0,0,0,37584,0
37588,-1034,8112,224,46,-12,6,13491,-2,3,-1,0,37087,138,27,65,0,0,0,0,0,0,0,0,-32311,0,0,0,0,0,37589,0
37593,-986,8140,252,38,-10,9,13491,3,2,-2,0,37087,138,27,65,0,0,0,0,0,0,0,0,-32310,0,0,0,0,0,37594,0
37598,-994,8108,248,37,-15,10,13490,1,-2,-1,0,37085,129,27,65,0,0,0,0,0,0,0,0,-32311,0,0,0,0,0,37599,0
37603,-1012,8038,260,33,-17,7,13492,0,2,-1,0,37085,129,27,65,0,0,0,0,0,0,0,0,-32311,0,0,0,0,0,37604,0
37608,-1034,8114,236,38,-13,0,13492,0,1,-3,0,37085,125,27,65,0,0,0,0,0,0,0,0,-32311,0,0,0,0,0,37609,0
37613,-1000,8130,266,40,-7,4,13491,5,-2,-1,0,37085,125,27,65,0,0,0,0,0,0,0,0,-32311,0,0,0,0,0,37614,0
37618,-1000,8098,238,27,-14,0,13490,-9,-13,-3,0,37084,129,27,65,0,0,0,0,0,0,0,0,-32311,0,0,0,0,0,37619,0
37623,-990,8080,248,40,-5,3,13492,-1,1,-3,0,37084,129,27,65,0,0,0,0,0,0,0,0,-32311,0,0,0,0,0,37624,0
37628,-1014,8100,244,29,-8,0,13493,1,3,-2,0,37082,128,27,65,0,0,0,0,0,0,0,0,-32311,0,0,0,0,0,37629,0
37633,-1036,8106,252,36,-8,-1,13491,-4,-6,-1,0,37082,128,27,65,0,0,0,0,0,0,0,0,-32311,0,0,0,0,0,37634,0
37638,-1018,8112,246,36,-10,2,13492,5,1,-2,0,37091,130,27,65,0,0,0,0,0,0,0,0,-32311,0,0,0,0,0,37639,0
37643,-1010,8106,246,34,-13,-3,13492,4,-2,-3,0,37091,130,27,65,0,0,0,0,0,0,0,0,-32311,0,0,0,0,0,37644,0
37648,-986,8062,236,37,-5,-4,13492,3,1,-3,0,37100,127,27,65,0,0,0,0,0,0,0,0,-32311,0,0,0,0,0,37649,0
37653,-1014,8080,258,36,-9,-6,13491,-1,-1,-3,0,37100,127,27,65,0,0,0,0,0,0,0,0,-32311,0,0,0,0,0,37654,0
37658,-1000,8136,264,36,-4,-2,13492,-5,0,-2,0,37101,119,27,65,0,0,0,0,0,0,0,0,-32310,0,0,0,0,0,37659,0
37663,-1010,8096,276,33,-7,-5,13492,7,-2,-5,0,37101,119,27,65,0,0,0,0,0,0,0,0,-32311,0,0,0,0,0,37664,0
37668,-1010,8066,242,34,-4,-7,13491,-4,-3,-2,0,37101,120,27,65,0,0,0,0,0,0,0,0,-32311,0,0,0,0,0,37669,0
37673,-1030,8096,236,36,-7,-8,13491,-3,0,0,0,37101,120,27,65,0,0,0,0,0,0,0,0,-32311,0,0,0,0,0,37674,0
37678,-988,8136,260,29,-5,-6,13491,-2,-3,0,0,37091,123,27,65,0,0,0,0,0,0,0,0,-32311,0,0,0,0,0,37679,0
37683,-1036,8120,282,30,-8,-6,13490,-3,-4,-2,0,37091,123,27,65,0,0,0,0,0,0,0,0,-32311,0,0,0,0,0,37684,0
37688,-1096,8066,242,28,-14,-13,13491,1,-4,-1,0,37089,125,27,65,0,0,0,0,0,0,0,0,-32311,0,0,0,0,0,37689,0
37693,-998,8100,266,34,-11,-12,13492,-1,2,-2,0,37089,125,27,65,0,0,0,0,0,0,0,0,-32311,0,0,0,0,0,37694,0
37698,-1034,8074,262,30,-14,-14,13492,4,0,-2,0,37083,122,27,65,0,0,0,0,0,0,0,0,-32311,0,0,0,0,0,37699,0
37703,-1054,8062,274,34,-15,-14,13492,-3,1,-1,0,37083,122,27,65,0,0,0,0,0,0,0,0,-32311,0,0,0,0,0,37704,0
37708,-1042,8084,252,34,-9,-11,13492,4,0,-2,0,37083,120,27,65,0,0,0,0,0,0,0,0,-32311,0,0,0,0,0,37709,0
37713,-1058,8088,274,31,-9,-12,13492,10,-1,-1,0,37083,120,27,65,0,0,0,0,0,0,0,0,-32311,0,0,0,0,0,37714,0
37718,-1044,8080,272,30,-9,-6,13492,-1,0,-1,0,37083,123,27,65,0,0,0,0,0,0,0,0,-32311,0,0,0,0,0,37719,0
37723,-1112,8064,280,29,-11,-14,13493,0,5,-1,0,37083,123,27,65,0,0,0,0,0,0,0,0,-32311,0,0,0,0,0,37724,0
37728,-1050,8066,288,30,-10,-5,13493,6,4,-1,0,37083,117,27,65,0,0,0,0,0,0,0,0,-32311,0,0,0,0,0,37729,0
37733,-1056,8058,278,29,-9,-13,13492,1,-3,-1,0,37083,117,27,65,0,0,0,0,0,0,0,0,-32310,0,0,0,0,0,37734,0
37738,-1088,8086,298,35,-5,-7,13490,-1,-4,0,0,37081,115,27,65,0,0,0,0,0,0,0,0,-32311,0,0,0,0,0,37739,0
37743,-1132,8094,292,31,-6,-11,13491,1,-1,-1,0,37081,115,27,65,0,0,0,0,0,0,0,0,-32311,0,0,0,0,0,37744,0
37748,-1008,8080,268,31,-8,-7,13492,0,-1,-1,0,37080,120,27,65,0,0,0,0,0,0,0,0,-32311,0,0,0,0,0,37749,0
37753,-1104,8074,296,34,-6,-6,13492,0,0,-2,0,37080,120,27,65,0,0,0,0,0,0,0,0,-32311,0,0,0,0,0,37754,0
37758,-1136,8024,304,32,-8,-8,13491,0,-2,-2,0,37078,134,27,65,0,0,0,0,0,0,0,0,-32312,0,0,0,0,0,37759,0
37763,-1088,8066,328,31,-3,-2,13491,0,-5,-2,0,37078,134,27,65,0,0,0,0,0,0,0,0,-32311,0,0,0,0,0,37764,0
37768,-1028,8076,290,30,0,-5,13492,2,0,-4,0,37079,140,27,65,0,0,0,0,0,0,0,0,-32311,0,0,0,0,0,37769,0
37773,-1026,8114,334,30,6,-8,13491,-1,-2,-4,0,37079,140,27,65,0,0,0,0,0,0,0,0,-32311,0,0,0,0,0,37774,0
37778,-1026,8092,352,32,6,-6,13491,-6,-2,-1,0,37083,138,27,65,0,0,0,0,0,0,0,0,-32312,0,0,0,0,0,37779,0
37783,-1036,8068,330,30,11,-4,13491,-8,-2,-2,0,37083,138,27,65,0,0,0,0,0,0,0,0,-32311,0,0,0,0,0,37784,0
37788,-964,8076,316,25,22,-7,13491,0,-5,-1,0,37087,136,27,65,0,0,0,0,0,0,0,0,-32312,0,0,0,0,0,37789,0
37793,-1016,8080,344,25,30,0,13491,-5,-5,-2,0,37087,136,27,65,0,0,0,0,0,0,0,0,-32311,0,0,0,0,0,37794,0
37798,-1048,8038,366,25,35,2,13492,7,4,-2,0,37089,127,27,65,0,0,0,0,0,0,0,0,-32312,0,0,0,0,0,37799,0
37803,-1022,8056,378,33,42,-7,13491,-3,0,-2,0,37089,127,27,65,0,0,0,0,0,0,0,0,-32311,0,0,0,0,0,37804,0
37808,-970,8116,372,24,62,3,13491,-9,7,-2,0,37087,115,27,65,0,0,0,0,0,0,0,0,-32311,0,0,0,0,0,37809,0
37813,-1002,8048,370,14,77,0,13492,-1,-1,-2,0,37087,115,27,65,0,0,0,0,0,0,0,0,-32311,0,0,0,0,0,37814,0
37818,-1006,8040,384,17,80,3,13492,3,4,-3,0,37088,112,27,65,0,0,0,0,0,0,0,0,-32311,0,0,0,0,0,37819,0
37823,-1040,8094,382,21,92,3,13491,-2,0,-3,0,37088,112,27,65,0,0,0,0,0,0,0,0,-32311,0,0,0,0,0,37824,0
37828,-984,8082,410,14,113,7,13492,0,-3,-3,0,37087,112,27,65,0,0,0,0,0,0,0,0,-32311,0,0,0,0,0,37829,0
37833,-982,8072,418,13,124,7,13492,2,0,-3,0,37087,112,27,65,0,0,0,0,0,0,0,0,-32311,0,0,0,0,0,37834,0
37838,-986,8084,418,9,129,6,13490,-7,2,-3,0,37085,117,27,65,0,0,0,0,0,0,0,0,-32311,0,0,0,0,0,37839,0
37843,-990,8082,376,13,145,9,13491,0,1,-2,0,37085,117,27,65,0,0,0,0,0,0,0,0,-32311,0,0,0,0,0,37844,0
37848,-1010,8046,440,9,158,7,13492,-4,-4,-1,0,37083,121,27,65,0,0,0,0,0,0,0,0,-32311,0,0,0,0,0,37849,0
37853,-1012,8038,422,12,174,3,13493,4,3,-1,0,37083,121,27,65,0,0,0,0,0,0,0,0,-32311,0,0,0,0,0,37854,0
37858,-972,8086,412,5,183,10,13492,3,3,-2,0,37085,123,27,65,0,0,0,0,0,0,0,0,-32311,0,0,0,0,0,37859,0
37863,-954,8070,390,9,191,9,13491,-1,3,-2,0,37085,123,27,65,0,0,0,0,0,0,0,0,-32311,0,0,0,0,0,37864,0
37868,-1040,8052,444,10,210,8,13492,6,-3,-3,0,37085,119,27,65,0,0,0,0,0,0,0,0,-32312,0,0,0,0,0,37869,0
37873,-1022,8060,436,2,222,17,13491,-5,1,-2,0,37085,119,27,65,0,0,0,0,0,0,0,0,-32311,0,0,0,0,0,37874,0
37878,-986,8058,426,2,234,19,13490,-4,3,2,0,37089,115,27,65,0,0,0,0,0,0,0,0,-32311,0,0,0,0,0,37879,0
37883,-984,8084,424,7,244,13,13491,-5,-4,-1,0,37089,115,27,65,0,0,0,0,0,0,0,0,-32311,0,0,0,0,0,37884,0
37888,-1018,8054,462,2,269,17,13491,3,2,-2,0,37089,116,27,65,0,0,0,0,0,0,0,0,-32311,0,0,0,0,0,37889,0
37893,-972,8052,466,0,276,17,13492,3,2,-3,0,37089,116,27,65,0,0,0,0,0,0,0,0,-32311,0,0,0,0,0,37894,0
37898,-958,8092,468,2,291,23,13491,-4,5,-2,0,37089,119,27,65,0,0,0,0,0,0,0,0,-32311,0,0,0,0,0,37899,0
37903,-936,8068,450,-1,302,22,13492,1,-2,-2,0,37089,119,27,65,0,0,0,0,0,0,0,0,-32310,0,0,0,0,0,37904,0
37908,-970,8068,464,-11,328,21,13491,0,0,-3,0,37090,129,27,65,0,0,0,0,0,0,0,0,-32311,0,0,0,0,0,37909,0
37913,-968,8098,474,-5,345,20,13491,0,-2,-3,0,37090,129,27,65,0,0,0,0,0,0,0,0,-32311,0,0,0,0,0,37914,0
37918,-968,8094,472,-9,360,22,13491,-1,2,-3,0,37083,130,27,65,0,0,0,0,0,0,0,0,-32311,0,0,0,0,0,37919,0
37923,-932,8090,466,-10,365,24,13491,-7,2,-2,0,37083,130,27,65,0,0,0,0,0,0,0,0,-32311,0,0,0,0,0,37924,0
37928,-960,8048,462,-14,397,25,13492,0,0,-1,0,37084,133,27,65,0,0,0,0,0,0,0,0,-32311,0,0,0,0,0,37929,0
37933,-950,8084,472,-15,411,27,13492,2,3,-3,0,37084,133,27,65,0,0,0,0,0,0,0,0,-32312,0,0,0,0,0,37934,0
37938,-978,8078,482,-15,422,24,13492,-1,-1,-3,0,37085,133,27,65,0,0,0,0,0,0,0,0,-32311,0,0,0,0,0,37939,0
37943,-918,8054,462,-13,437,27,13492,-1,-1,-1,0,37085,133,27,65,0,0,0,0,0,0,0,0,-32311,0,0,0,0,0,37944,0
37948,-952,8078,452,-20,466,25,13492,0,0,-1,0,37084,129,27,65,0,0,0,0,0,0,0,0,-32311,0,0,0,0,0,37949,0
37953,-894,8116,488,-22,479,29,13490,-10,1,-1,0,37084,129,27,65,0,0,0,0,0,0,0,0,-32311,0,0,0,0,0,37954,0
37958,-938,8096,478,-20,499,23,13491,-7,-5,-1,0,37083,132,27,65,0,0,0,0,0,0,0,0,-32311,0,0,0,0,0,37959,0
37963,-908,8100,498,-20,512,23,13492,2,-2,-1,0,37083,132,27,65,0,0,0,0,0,0,0,0,-32311,0,0,0,0,0,37964,0
37968,-902,8046,486,-24,543,26,13492,2,5,-2,0,37082,124,27,65,0,0,0,0,0,0,0,0,-32311,0,0,0,0,0,37969,0
37973,-896,8042,488,-29,556,30,13491,3,2,-2,0,37082,124,27,65,0,0,0,0,0,0,0,0,-32311,0,0,0,0,0,37974,0
37978,-896,8072,488,-28,572,31,13492,5,1,-1,0,37081,129,27,65,0,0,0,0,0,0,0,0,-32311,0,0,0,0,0,37979,0
37983,-894,8076,478,-29,590,26,13491,-2,0,-1,0,37081,129,27,65,0,0,0,0,0,0,0,0,-32311,0,0,0,0,0,37984,0
37988,-892,8106,504,-35,620,30,13492,-1,0,-2,0,37087,134,27,65,0,0,0,0,0,0,0,0,-32311,0,0,0,0,0,37989,0
37993,-906,8084,506,-36,635,25,13492,3,-1,-2,0,37087,134,27,65,0,0,0,0,0,0,0,0,-32311,0,0,0,0,0,37994,0
37998,-934,8106,528,-44,651,29,13493,2,-1,-3,0,37089,138,27,65,0,0,0,0,0,0,0,0,-32311,0,0,0,0,0,37999,0
38003,-890,8074,534,-43,666,31,13491,-2,1,-2,0,37089,138,27,65,0,0,0,0,0,0,0,0,-32310,0,0,0,0,0,38004,0
38008,-860,8064,532,-47,706,28,13492,3,-2,-2,0,37090,137,27,65,0,0,0,0,0,0,0,0,-32311,0,0,0,0,0,38009,0
38013,-860,8082,534,-44,727,28,13493,10,-1,-2,0,37090,137,27,65,0,0,0,0,0,0,0,0,-32311,0,0,0,0,0,38014,0
38018,-894,8082,556,-47,738,23,13491,0,1,-2,0,37085,123,27,65,0,0,0,0,0,0,0,0,-32311,0,0,0,0,0,38019,0
38023,-890,8114,534,-40,751,27,13492,-2,-1,-2,0,37085,123,27,65,0,0,0,0,0,0,0,0,-32310,0,0,0,0,0,38024,0
38028,-848,8070,542,-49,783,24,13492,3,1,-1,0,37083,119,27,65,0,0,0,0,0,0,0,0,-32310,0,0,0,0,0,38029,0
38033,-866,8084,512,-47,810,26,13492,-2,2,-1,0,37083,119,27,65,0,0,0,0,0,0,0,0,-32311,0,0,0,0,0,38034,0
38038,-840,8102,546,-53,822,26,13491,1,-4,-1,0,37081,125,27,65,0,0,0,0,0,0,0,0,-32311,0,0,0,0,0,38039,0
38043,-874,8072,560,-51,843,22,13491,0,-2,-2,0,37081,125,27,65,0,0,0,0,0,0,0,0,-32311,0,0,0,0,0,38044,0
38048,-790,8126,568,-60,878,23,13491,1,5,-3,0,37079,131,27,65,0,0,0,0,0,0,0,0,-32311,0,0,0,0,0,38049,0
38053,-856,8064,548,-57,902,26,13492,7,0,-1,0,37079,131,27,65,0,0,0,0,0,0,0,0,-32311,0,0,0,0,0,38054,0
38058,-850,8076,542,-61,920,25,13491,2,3,-3,0,37080,127,27,65,0,0,0,0,0,0,0,0,-32311,0,0,0,0,0,38059,0
38063,-878,8100,538,-58,936,20,13491,0,1,-3,0,37080,127,27,65,0,0,0,0,0,0,0,0,-32310,0,0,0,0,0,38064,0
38068,-810,8112,542,-64,981,23,13491,-1,0,-2,0,37085,128,27,65,0,0,0,0,0,0,0,0,-32312,0,0,0,0,0,38069,0
38073,-818,8124,572,-62,1003,18,13491,-1,0,-1,0,37085,128,27,65,0,0,0,0,0,0,0,0,-32311,0,0,0,0,0,38074,0
38078,-834,8110,536,-70,1021,27,13491,0,-1,-1,0,37088,125,27,65,0,0,0,0,0,0,0,0,-32311,0,0,0,0,0,38079,0
38083,-872,8102,568,-66,1046,24,13491,-3,2,-1,0,37088,125,27,65,0,0,0,0,0,0,0,0,-32311,0,0,0,0,0,38084,0
38088,-850,8098,576,-72,1088,32,13492,1,0,1,0,37089,123,27,65,0,0,0,0,0,0,0,0,-32311,0,0,0,0,0,38089,0
38093,-884,8092,554,-75,1106,25,13492,1,0,-2,0,37089,123,27,65,0,0,0,0,0,0,0,0,-32311,0,0,0,0,0,38094,0
38098,-844,8060,546,-78,1126,27,13491,0,3,-2,0,37084,120,27,65,0,0,0,0,0,0,0,0,-32311,0,0,0,0,0,38099,0
38103,-866,8066,546,-78,1141,24,13491,-5,1,-2,0,37084,120,27,65,0,0,0,0,0,0,0,0,-32311,0,0,0,0,0,38104,0
38108,-892,8068,550,-83,1179,29,13493,1,1,-1,0,37082,118,27,65,0,0,0,0,0,0,0,0,-32311,0,0,0,0,0,38109,0
38113,-898,8064,564,-86,1195,24,13492,0,1,-2,0,37082,118,27,65,0,0,0,0,0,0,0,0,-32311,0,0,0,0,0,38114,0
38118,-884,8086,550,-86,1216,27,13491,2,2,-2,0,37085,120,27,65,0,0,0,0,0,0,0,0,-32311,0,0,0,0,0,38119,0
38123,-906,8054,530,-83,1233,26,13491,-2,-3,-2,0,37085,120,27,65,0,0,0,0,0,0,0,0,-32311,0,0,0,0,0,38124,0
38128,-884,8082,542,-80,1273,26,13492,0,1,-2,0,37081,123,27,65,0,0,0,0,0,0,0,0,-32311,0,0,0,0,0,38129,0
38133,-918,8082,536,-81,1286,21,13492,-3,-1,-2,0,37081,123,27,65,0,0,0,0,0,0,0,0,-32311,0,0,0,0,0,38134,0
38138,-910,8072,542,-85,1306,28,13492,5,2,-2,0,37080,118,27,65,0,0,0,0,0,0,0,0,-32311,0,0,0,0,0,38139,0
38143,-890,8094,508,-82,1322,29,13491,0,2,-1,0,37080,118,27,65,0,0,0,0,0,0,0,0,-32311,0,0,0,0,0,38144,0
38148,-888,8100,514,-83,1351,26,13493,3,-4,-3,0,37080,116,27,65,0,0,0,0,0,0,0,0,-32311,0,0,0,0,0,38149,0
38153,-906,8068,530,-83,1372,30,13493,9,1,-2,0,37080,116,27,65,0,0,0,0,0,0,0,0,-32311,0,0,0,0,0,38154,0
38158,-910,8066,526,-89,1387,23,13491,1,3,-1,0,37082,122,27,65,0,0,0,0,0,0,0,0,-32311,0,0,0,0,0,38159,0
38163,-932,8040,502,-85,1396,27,13492,2,-4,-3,0,37082,122,27,65,0,0,0,0,0,0,0,0,-32311,0,0,0,0,0,38164,0
38168,-924,8030,530,-88,1436,27,13492,-1,-3,-4,0,37083,125,27,65,0,0,0,0,0,0,0,0,-32311,0,0,0,0,0,38169,0
38173,-926,8050,518,-88,1447,29,13492,-1,2,-2,0,37083,125,27,65,0,0,0,0,0,0,0,0,-32311,0,0,0,0,0,38174,0
38178,-938,8066,532,-87,1463,28,13493,7,2,0,0,37081,125,27,65,0,0,0,0,0,0,0,0,-32311,0,0,0,0,0,38179,0
38183,-918,8078,526,-84,1485,30,13492,0,0,-2,0,37081,125,27,65,0,0,0,0,0,0,0,0,-32311,0,0,0,0,0,38184,0
38188,-920,8030,488,-87,1511,30,13492,6,-3,-2,0,37080,128,27,65,0,0,0,0,0,0,0,0,-32311,0,0,0,0,0,38189,0
38193,-910,8062,504,-85,1523,37,13492,4,3,-3,0,37080,128,27,65,0,0,0,0,0,0,0,0,-32311,0,0,0,0,0,38194,0
38198,-930,8068,502,-91,1545,33,13492,2,-1,-3,0,37083,133,27,65,0,0,0,0,0,0,0,0,-32311,0,0,0,0,0,38199,0
38203,-916,8076,512,-93,1562,33,13493,0,-4,-1,0,37083,133,27,65,0,0,0,0,0,0,0,0,-32311,0,0,0,0,0,38204,0
38208,-928,8068,494,-90,1597,33,13491,-2,-3,0,0,37083,135,27,65,0,0,0,0,0,0,0,0,-32311,0,0,0,0,0,38209,0
38213,-964,8068,482,-85,1606,37,13491,-5,-3,0,0,37083,135,27,65,0,0,0,0,0,0,0,0,-32311,0,0,0,0,0,38214,0
38218,-924,8068,506,-89,1627,38,13492,1,-6,-1,0,37084,130,27,65,0,0,0,0,0,0,0,0,-32311,0,0,0,0,0,38219,0
38223,-934,8060,482,-91,1640,33,13491,-4,1,-1,0,37084,130,27,65,0,0,0,0,0,0,0,0,-32311,0,0,0,0,0,38224,0
38228,-948,8050,490,-91,1667,42,13491,0,1,-1,0,37085,128,27,65,0,0,0,0,0,0,0,0,-32311,0,0,0,0,0,38230,0
38233,-966,8078,458,-90,1686,43,13492,-1,2,-1,0,37085,128,27,65,0,0,0,0,0,0,0,0,-32311,0,0,0,0,0,38234,0
38238,-998,8048,464,-93,1705,44,13492,3,0,-2,0,37084,129,27,65,0,0,0,0,0,0,0,0,-32311,0,0,0,0,0,38239,0
38243,-962,8046,460,-97,1711,49,13493,2,1,-2,0,37084,129,27,65,0,0,0,0,0,0,0,0,-32311,0,0,0,0,0,38244,0
38248,-974,8026,488,-89,1750,52,13493,6,3,-1,0,37083,129,27,65,0,0,0,0,0,0,0,0,-32311,0,0,0,0,0,38249,0
38253,-966,8038,476,-97,1765,54,13492,1,-3,-1,0,37083,129,27,65,0,0,0,0,0,0,0,0,-32311,0,0,0,0,0,38254,0
38258,-956,8066,438,-101,1779,49,13491,6,-1,-1,0,37080,132,27,65,0,0,0,0,0,0,0,0,-32311,0,0,0,0,0,38259,0
38263,-978,8036,458,-93,1796,55,13492,-6,-6,-2,0,37080,132,27,65,0,0,0,0,0,0,0,0,-32311,0,0,0,0,0,38264,0
38268,-964,8052,468,-100,1825,60,13492,0,-2,-2,0,37079,130,27,65,0,0,0,0,0,0,0,0,-32311,0,0,0,0,0,38269,0
38273,-954,8048,444,-94,1840,62,13491,-11,-3,0,0,37079,130,27,65,0,0,0,0,0,0,0,0,-32311,0,0,0,0,0,38274,0
38278,-1006,8030,434,-93,1852,58,13493,4,-2,-1,0,37080,133,27,65,0,0,0,0,0,0,0,0,-32311,0,0,0,0,0,38279,0
38283,-1014,8030,438,-92,1865,61,13491,1,-7,-2,0,37080,133,27,65,0,0,0,0,0,0,0,0,-32311,0,0,0,0,0,38284,0
38288,-1014,8036,438,-93,1898,66,13491,3,6,-1,0,37081,133,27,65,0,0,0,0,0,0,0,0,-32311,0,0,0,0,0,38289,0
38293,-1044,8042,450,-97,1902,79,13491,1,-1,0,0,37081,133,27,65,0,0,0,0,0,0,0,0,-32311,0,0,0,0,0,38294,0
38298,-1028,8010,424,-95,1913,79,13491,5,4,-1,0,37082,127,27,65,0,0,0,0,0,0,0,0,-32311,0,0,0,0,0,38299,0
38303,-1024,7990,426,-88,1929,77,13492,3,2,-1,0,37082,127,27,65,0,0,0,0,0,0,0,0,-32311,0,0,0,0,0,38304,0
38308,-1040,7994,416,-86,1952,84,13492,2,2,-3,0,37087,123,27,65,0,0,0,0,0,0,0,0,-32310,0,0,0,0,0,38310,0
38313,-1050,8032,406,-84,1969,86,13491,-2,-1,-3,0,37087,123,27,65,0,0,0,0,0,0,0,0,-32311,0,0,0,0,0,38315,0
38318,-1052,7996,440,-84,1982,96,13491,1,0,-2,0,37090,121,27,65,0,0,0,0,0,0,0,0,-32311,0,0,0,0,0,38320,0
38323,-1048,8014,420,-81,1992,94,13492,1,-6,-2,0,37090,121,27,65,0,0,0,0,0,0,0,0,-32311,0,0,0,0,0,38325,0
38328,-1064,8010,408,-83,2020,104,13491,-9,2,-2,0,37089,121,27,65,0,0,0,0,0,0,0,0,-32311,0,0,0,0,0,38330,0
38333,-1064,8032,412,-86,2028,108,13491,-4,1,-1,0,37089,121,27,65,0,0,0,0,0,0,0,0,-32311,0,0,0,0,0,38335,0
38338,-1080,8012,428,-84,2044,112,13492,-3,0,-2,0,37084,114,27,65,0,0,0,0,0,0,0,0,-32311,0,0,0,0,0,38340,0
38343,-1066,8022,416,-77,2056,113,13491,-1,0,-1,0,37084,114,27,65,0,0,0,0,0,0,0,0,-32311,0,0,0,0,0,38345,0
38348,-1084,8024,392,-87,2086,123,13490,-6,-2,0,0,37081,120,27,65,0,0,0,0,0,0,0,0,-32311,0,0,0,0,0,38350,0
38353,-1086,8012,384,-88,2104,135,13491,-2,4,-2,0,37081,120,27,65,0,0,0,0,0,0,0,0,-32311,0,0,0,0,0,38355,0
38358,-1108,8024,386,-85,2121,140,13492,0,5,-1,0,37082,108,27,65,0,0,0,0,0,0,0,0,-32311,0,0,0,0,0,38360,0
38363,-1086,7998,422,-85,2132,143,13492,3,7,-2,0,37082,108,27,65,0,0,0,0,0,0,0,0,-32311,0,0,0,0,0,38365,0
38368,-1020,7968,378,-85,2169,150,13491,-1,2,-3,0,37082,107,27,65,0,0,0,0,0,0,0,0,-32311,0,0,0,0,0,38370,0
38373,-980,7990,370,-92,2188,159,13493,5,2,-1,0,37082,107,27,65,0,0,0,0,0,0,0,0,-32311,0,0,0,0,0,38375,0
38378,-996,7974,390,-92,2210,163,13491,2,-3,-1,0,37083,117,27,65,0,0,0,0,0,0,0,0,-32311,0,0,0,0,0,38380,0
38383,-1022,8014,360,-90,2231,167,13491,-3,1,-2,0,37083,117,27,65,0,0,0,0,0,0,0,0,-32311,0,0,0,0,0,38385,0
38388,-1020,8010,368,-95,2262,177,13493,8,0,-1,0,37084,119,27,65,0,0,0,0,0,0,0,0,-32311,0,0,0,0,0,38390,0
38393,-936,8034,388,-94,2287,180,13491,0,4,-2,0,37084,119,27,65,0,0,0,0,0,0,0,0,-32311,0,0,0,0,0,38395,0
38398,-908,8056,386,-99,2307,186,13491,1,1,-2,0,37081,125,27,65,0,0,0,0,0,0,0,0,-32311,0,0,0,0,0,38400,0
38403,-950,8058,400,-97,2325,192,13491,0,0,-4,0,37081,125,27,65,0,0,0,0,0,0,0,0,-32311,0,0,0,0,0,38405,0
38408,-938,8066,404,-101,2367,206,13492,-6,3,-6,0,37084,124,27,65,0,0,0,0,0,0,0,0,-32311,0,0,0,0,0,38410,0
38413,-916,8060,388,-101,2383,204,13491,-1,-2,-3,0,37084,124,27,65,0,0,0,0,0,0,0,0,-32311,0,0,0,0,0,38415,0
38418,-926,8008,402,-101,2406,207,13493,6,1,-2,0,37086,131,27,65,0,0,0,0,0,0,0,0,-32312,0,0,0,0,0,38420,0
38423,-904,7998,364,-95,2421,213,13492,0,-2,-2,0,37086,131,27,65,0,0,0,0,0,0,0,0,-32311,0,0,0,0,0,38425,0
38428,-944,8020,362,-106,2458,215,13491,3,3,0,0,37088,139,27,65,0,0,0,0,0,0,0,0,-32311,0,0,0,0,0,38430,0
38433,-904,8032,404,-97,2475,218,13492,1,-2,-1,0,37088,139,27,65,0,0,0,0,0,0,0,0,-32311,0,0,0,0,0,38435,0
38438,-876,8046,370,-101,2489,219,13492,0,1,-2,0,37083,133,27,65,0,0,0,0,0,0,0,0,-32311,0,0,0,0,0,38440,0
38443,-874,8074,326,-105,2510,224,13491,-1,0,-3,0,37083,133,27,65,0,0,0,0,0,0,0,0,-32311,0,0,0,0,0,38445,0
38448,-934,8312,284,-96,2541,235,13490,-7,-1,-1,0,37081,122,27,65,0,0,0,0,0,0,0,0,-32311,0,0,0,0,0,38450,0
38453,-918,8408,248,-91,2552,233,13491,-7,0,-3,0,37081,122,27,65,0,0,0,0,0,0,0,0,-32311,0,0,0,0,0,38455,0
38458,-896,8328,200,-86,2551,240,13491,0,0,-3,0,37083,123,27,65,0,0,0,0,0,0,0,0,-32311,0,0,0,0,0,38460,0
38463,-854,8192,212,-88,2548,234,13492,5,6,-1,0,37083,123,27,65,0,0,0,0,0,0,0,0,-32311,0,0,0,0,0,38465,0
38468,-886,7936,184,-76,2543,231,13492,5,1,-1,0,37083,121,27,65,0,0,0,0,0,0,0,0,-32311,0,0,0,0,0,38470,0
38473,-900,7880,162,-74,2534,229,13493,2,0,0,0,37083,121,27,65,0,0,0,0,0,0,0,0,-32311,0,0,0,0,0,38475,0
38478,-986,7898,84,-65,2533,226,13492,3,3,-1,0,37082,125,27,65,0,0,0,0,0,0,0,0,-32311,0,0,0,0,0,38480,0
38483,-984,7964,96,-60,2524,220,13493,0,-2,-2,0,37082,125,27,65,0,0,0,0,0,0,0,0,-32310,0,0,0,0,0,38485,0
38488,-1012,8178,18,-46,2503,213,13492,0,-4,-2,0,37082,127,27,65,0,0,0,0,0,0,0,0,-32311,0,0,0,0,0,38490,0
38493,-912,8188,-28,-40,2483,205,13492,5,-7,-1,0,37082,127,27,65,0,0,0,0,0,0,0,0,-32311,0,0,0,0,0,38495,0
38498,-906,8254,-118,-31,2463,195,13493,2,0,-1,0,37082,130,27,65,0,0,0,0,0,0,0,0,-32311,0,0,0,0,0,38500,0
38503,-966,8216,-92,-28,2436,196,13492,0,-2,-3,0,37082,130,27,65,0,0,0,0,0,0,0,0,-32310,0,0,0,0,0,38505,0
38508,-944,8078,-100,-15,2379,182,13492,1,3,-2,0,37082,126,27,65,0,0,0,0,0,0,0,0,-32311,0,0,0,0,0,38510,0
38513,-964,8026,-180,-2,2353,170,13492,2,0,0,0,37082,126,27,65,0,0,0,0,0,0,0,0,-32311,0,0,0,0,0,38515,0
38518,-936,7970,-234,0,2330,161,13492,0,0,-2,0,37084,132,27,65,0,0,0,0,0,0,0,0,-32311,0,0,0,0,0,38520,0
38523,-986,8000,-164,5,2309,151,13492,0,-1,-2,0,37084,132,27,65,0,0,0,0,0,0,0,0,-32311,0,0,0,0,0,38525,0
38528,-972,8176,-248,26,2238,130,13492,1,3,-2,0,37083,125,27,65,0,0,0,0,0,0,0,0,-32311,0,0,0,0,0,38530,0
38533,-924,8240,-326,28,2205,122,13492,2,0,-2,0,37083,125,27,65,0,0,0,0,0,0,0,0,-32311,0,0,0,0,0,38535,0
38538,-898,8190,-328,40,2178,112,13492,0,1,-2,0,37083,126,27,65,0,0,0,0,0,0,0,0,-32311,0,0,0,0,0,38540,0
38543,-978,8152,-296,47,2136,99,13492,0,5,-1,0,37083,126,27,65,0,0,0,0,0,0,0,0,-32311,0,0,0,0,0,38545,0
38548,-928,8110,-336,53,2060,79,13490,-3,-1,0,0,37079,118,27,65,0,0,0,0,0,0,0,0,-32311,0,0,0,0,0,38550,0
38553,-902,8142,-310,58,2031,67,13492,2,1,-2,0,37079,118,27,65,0,0,0,0,0,0,0,0,-32311,0,0,0,0,0,38555,0
38558,-920,8062,-348,62,2005,55,13491,0,-3,-2,0,37077,127,27,65,0,0,0,0,0,0,0,0,-32311,0,0,0,0,0,38560,0
38563,-1006,8048,-348,72,1972,45,13492,3,1,-2,0,37077,127,27,65,0,0,0,0,0,0,0,0,-32311,0,0,0,0,0,38565,0
38568,-1010,8194,-334,71,1900,25,13492,0,1,-3,0,37078,136,27,65,0,0,0,0,0,0,0,0,-32311,0,0,0,0,0,38570,0
38573,-976,8212,-348,73,1878,14,13492,1,2,-1,0,37078,136,27,65,0,0,0,0,0,0,0,0,-32311,0,0,0,0,0,38575,0
38578,-932,8170,-344,75,1849,4,13492,0,0,-2,0,37080,137,27,65,0,0,0,0,0,0,0,0,-32311,0,0,0,0,0,38580,0
38583,-950,8160,-372,85,1825,2,13492,1,1,-2,0,37080,137,27,65,0,0,0,0,0,0,0,0,-32311,0,0,0,0,0,38585,0
38588,-1008,8156,-332,86,1769,-15,13491,0,-1,-2,0,37083,135,27,65,0,0,0,0,0,0,0,0,-32311,0,0,0,0,0,38590,0
38593,-924,8178,-328,84,1749,-27,13492,-1,4,-1,0,37083,135,27,65,0,0,0,0,0,0,0,0,-32311,0,0,0,0,0,38595,0
38598,-868,8136,-314,86,1744,-33,13491,0,-1,-1,0,37082,132,27,65,0,0,0,0,0,0,0,0,-32311,0,0,0,0,0,38600,0
38603,-866,8108,-330,79,1728,-41,13491,-3,-3,-1,0,37082,132,27,65,0,0,0,0,0,0,0,0,-32311,0,0,0,0,0,38605,0
38608,-980,8192,-288,78,1704,-50,13491,-4,-3,-2,0,37081,131,27,65,0,0,0,0,0,0,0,0,-32311,0,0,0,0,0,38610,0
38613,-980,8230,-260,74,1688,-57,13491,0,-2,0,0,37081,131,27,65,0,0,0,0,0,0,0,0,-32311,0,0,0,0,0,38615,0
38618,-862,8236,-272,67,1687,-62,13491,-5,-3,0,0,37079,123,27,65,0,0,0,0,0,0,0,0,-32311,0,0,0,0,0,38620,0
38623,-822,8180,-260,64,1685,-64,13491,-9,0,0,0,37079,123,27,65,0,0,0,0,0,0,0,0,-32311,0,0,0,0,0,38625,0
38628,-814,8168,-266,49,1705,-70,13492,0,0,0,0,37078,126,27,65,0,0,0,0,0,0,0,0,-32311,0,0,0,0,0,38630,0
38633,-846,8220,-232,34,1717,-76,13492,2,2,0,0,37078,126,27,65,0,0,0,0,0,0,0,0,-32311,0,0,0,0,0,38635,0
38638,-846,8258,-196,25,1734,-75,13493,5,3,-1,0,37078,125,27,65,0,0,0,0,0,0,0,0,-32311,0,0,0,0,0,38640,0
38643,-902,8180,-156,21,1739,-75,13491,-6,-2,-2,0,37078,125,27,65,0,0,0,0,0,0,0,0,-32311,0,0,0,0,0,38645,0
38648,-864,8220,-126,1,1769,-73,13492,1,1,-1,0,37077,129,27,65,0,0,0,0,0,0,0,0,-32311,0,0,0,0,0,38650,0
38653,-762,8144,-194,-13,1791,-73,13492,0,-1,-2,0,37077,129,27,65,0,0,0,0,0,0,0,0,-32311,0,0,0,0,0,38655,0
38658,-744,8186,-148,-25,1823,-76,13492,-6,1,-3,0,37075,119,27,65,0,0,0,0,0,0,0,0,-32311,0,0,0,0,0,38660,0
38663,-770,8214,-138,-43,1853,-73,13492,5,1,-1,0,37075,119,27,65,0,0,0,0,0,0,0,0,-32311,0,0,0,0,0,38665,0
38668,-744,8224,-112,-72,1930,-62,13492,-2,-3,-2,0,37076,116,27,65,0,0,0,0,0,0,0,0,-32311,0,0,0,0,0,38670,0
38673,-738,8210,-88,-90,1975,-63,13492,3,-2,-1,0,37076,116,27,65,0,0,0,0,0,0,0,0,-32312,0,0,0,0,0,38675,0
38678,-740,8172,-70,-105,2019,-53,13493,9,-1,0,0,37077,121,27,65,0,0,0,0,0,0,0,0,-32311,0,0,0,0,0,38680,0
38683,-822,8204,-64,-124,2054,-56,13492,1,1,-2,0,37077,121,27,65,0,0,0,0,0,0,0,0,-32311,0,0,0,0,0,38685,0
38688,-818,8172,-34,-155,2141,-46,13492,-4,-3,-1,0,37076,123,27,65,0,0,0,0,0,0,0,0,-32311,0,0,0,0,0,38690,0
38693,-844,8138,-14,-166,2181,-35,13492,0,1,-2,0,37076,123,27,65,0,0,0,0,0,0,0,0,-32311,0,0,0,0,0,38695,0
38698,-832,8150,-16,-177,2221,-35,13492,0,-3,-1,0,37074,125,27,65,0,0,0,0,0,0,0,0,-32311,0,0,0,0,0,38700,0
38703,-842,8152,-20,-189,2250,-23,13492,0,-2,-2,0,37074,125,27,65,0,0,0,0,0,0,0,0,-32311,0,0,0,0,0,38705,0
38708,-924,8078,24,-204,2311,-16,13492,6,2,-2,0,37075,124,27,65,0,0,0,0,0,0,0,0,-32312,0,0,0,0,0,38710,0
38713,-974,8088,10,-215,2330,-9,13491,0,-3,-2,0,37075,124,27,65,0,0,0,0,0,0,0,0,-32311,0,0,0,0,0,38715,0
38718,-992,8110,40,-223,2358,-7,13492,0,0,-2,0,37078,130,27,65,0,0,0,0,0,0,0,0,-32311,0,0,0,0,0,38720,0
38723,-1002,8050,22,-225,2371,3,13493,9,-1,-1,0,37078,130,27,65,0,0,0,0,0,0,0,0,-32311,0,0,0,0,0,38725,0
38728,-1076,8042,30,-220,2403,11,13492,2,2,0,0,37081,127,27,65,0,0,0,0,0,0,0,0,-32311,0,0,0,0,0,38730,0
38733,-1100,7998,14,-223,2422,18,13492,0,2,0,0,37081,127,27,65,0,0,0,0,0,0,0,0,-32311,0,0,0,0,0,38735,0
38738,-1130,7986,30,-222,2426,28,13493,7,2,0,0,37086,126,27,65,0,0,0,0,0,0,0,0,-32311,0,0,0,0,0,38740,0
38743,-1130,7992,20,-220,2439,33,13491,-9,-3,-2,0,37086,126,27,65,0,0,0,0,0,0,0,0,-32311,0,0,0,0,0,38745,0
38748,-1198,7952,14,-216,2450,42,13492,-5,2,-1,0,37085,123,27,65,0,0,0,0,0,0,0,0,-32311,0,0,0,0,0,38750,0
38753,-1184,7958,26,-214,2454,50,13492,1,1,-3,0,37085,123,27,65,0,0,0,0,0,0,0,0,-32311,0,0,0,0,0,38755,0
38758,-1188,8000,6,-216,2464,58,13491,-2,-7,-3,0,37086,125,27,65,0,0,0,0,0,0,0,0,-32311,0,0,0,0,0,38760,0
38763,-1224,7994,-36,-206,2464,58,13491,0,0,-2,0,37086,125,27,65,0,0,0,0,0,0,0,0,-32311,0,0,0,0,0,38765,0
38768,-1206,7984,-22,-203,2471,71,13492,0,0,-3,0,37080,133,27,65,0,0,0,0,0,0,0,0,-32311,0,0,0,0,0,38770,0
38773,-1194,8000,-16,-198,2474,76,13492,5,1,-2,0,37080,133,27,65,0,0,0,0,0,0,0,0,-32311,0,0,0,0,0,38775,0
38778,-1200,8010,-30,-195,2474,85,13491,-3,-4,0,0,37079,131,27,65,0,0,0,0,0,0,0,0,-32311,0,0,0,0,0,38780,0
38783,-1206,7982,-54,-193,2479,90,13492,-1,-1,-1,0,37079,131,27,65,0,0,0,0,0,0,0,0,-32311,0,0,0,0,0,38785,0
38788,-1222,8044,-60,-193,2484,101,13490,-5,-5,-1,0,37076,128,27,65,0,0,0,0,0,0,0,0,-32311,0,0,0,0,0,38790,0
38793,-1202,8050,-108,-190,2485,106,13492,0,1,0,0,37076,128,27,65,0,0,0,0,0,0,0,0,-32311,0,0,0,0,0,38795,0
38798,-1210,8028,-114,-190,2494,113,13492,-1,4,-1,0,37078,122,27,65,0,0,0,0,0,0,0,0,-32312,0,0,0,0,0,38800,0
38803,-1218,8018,-156,-188,2497,123,13492,-1,-5,-2,0,37078,122,27,65,0,0,0,0,0,0,0,0,-32311,0,0,0,0,0,38805,0
38808,-1246,8016,-176,-187,2500,128,13492,0,1,-1,0,37078,116,27,65,0,0,0,0,0,0,0,0,-32311,0,0,0,0,0,38810,0
38813,-1216,8054,-192,-184,2489,133,13490,-7,4,-1,0,37078,116,27,65,0,0,0,0,0,0,0,0,-32311,0,0,0,0,0,38815,0
38818,-1188,8102,-258,-185,2485,141,13493,3,-1,-3,0,37079,124,27,65,0,0,0,0,0,0,0,0,-32311,0,0,0,0,0,38820,0
38823,-1208,8062,-280,-184,2475,140,13491,1,-1,-2,0,37079,124,27,65,0,0,0,0,0,0,0,0,-32311,0,0,0,0,0,38825,0
38828,-1232,8066,-298,-174,2452,147,13492,-1,1,-1,0,37079,127,27,65,0,0,0,0,0,0,0,0,-32311,0,0,0,0,0,38830,0
38833,-1222,8054,-358,-172,2433,148,13492,4,0,-1,0,37079,127,27,65,0,0,0,0,0,0,0,0,-32311,0,0,0,0,0,38835,0
38838,-1214,8034,-354,-170,2417,148,13492,3,3,-2,0,37084,125,27,65,0,0,0,0,0,0,0,0,-32311,0,0,0,0,0,38840,0
38843,-1228,8026,-392,-168,2404,149,13492,0,-2,-2,0,37084,125,27,65,0,0,0,0,0,0,0,0,-32311,0,0,0,0,0,38845,0
38848,-1242,8062,-412,-157,2359,145,13492,6,-6,-2,0,37086,119,27,65,0,0,0,0,0,0,0,0,-32311,0,0,0,0,0,38850,0
38853,-1234,8108,-430,-153,2329,144,13492,0,1,-2,0,37086,119,27,65,0,0,0,0,0,0,0,0,-32311,0,0,0,0,0,38855,0
38858,-1208,8118,-496,-152,2308,141,13492,6,1,-2,0,37091,114,27,65,0,0,0,0,0,0,0,0,-32311,0,0,0,0,0,38860,0
38863,-1226,8144,-534,-145,2280,144,13492,5,1,-1,0,37091,114,27,65,0,0,0,0,0,0,0,0,-32310,0,0,0,0,0,38865,0
38868,-1258,8044,-514,-140,2218,141,13491,-2,-5,-2,0,37086,119,27,65,0,0,0,0,0,0,0,0,-32311,0,0,0,0,0,38870,0
38873,-1272,7990,-556,-145,2191,134,13492,3,-3,-2,0,37086,119,27,65,0,0,0,0,0,0,0,0,-32311,0,0,0,0,0,38875,0
38878,-1268,8052,-550,-133,2155,129,13491,0,1,-1,0,37084,119,27,65,0,0,0,0,0,0,0,0,-32311,0,0,0,0,0,38880,0
38883,-1208,8086,-638,-133,2120,124,13491,-4,2,-2,0,37084,119,27,65,0,0,0,0,0,0,0,0,-32311,0,0,0,0,0,38885,0
38888,-1248,8170,-654,-128,2058,112,13493,2,-3,-3,0,37080,120,27,65,0,0,0,0,0,0,0,0,-32311,0,0,0,0,0,38890,0
38893,-1262,8136,-666,-121,2024,111,13492,5,0,-2,0,37080,120,27,65,0,0,0,0,0,0,0,0,-32311,0,0,0,0,0,38895,0
38898,-1238,8168,-674,-119,1981,109,13493,3,1,-2,0,37079,127,27,65,0,0,0,0,0,0,0,0,-32311,0,0,0,0,0,38900,0
38903,-1230,8130,-694,-119,1941,96,13491,-5,0,-1,0,37079,127,27,65,0,0,0,0,0,0,0,0,-32311,0,0,0,0,0,38905,0
38908,-1264,8110,-734,-109,1851,86,13491,-1,-1,-2,0,37079,131,27,65,0,0,0,0,0,0,0,0,-32311,0,0,0,0,0,38910,0
38913,-1290,8130,-732,-112,1813,80,13491,-2,-4,-1,0,37079,131,27,65,0,0,0,0,0,0,0,0,-32311,0,0,0,0,0,38915,0
38918,-1300,8108,-770,-109,1771,74,13491,0,0,-2,0,37088,133,27,65,0,0,0,0,0,0,0,0,-32310,0,0,0,0,0,38920,0
38923,-1288,8084,-792,-102,1728,62,13493,3,0,-1,0,37088,133,27,65,0,0,0,0,0,0,0,0,-32311,0,0,0,0,0,38925,0
38928,-1308,8160,-742,-101,1626,50,13491,0,4,-1,0,37098,136,27,65,0,0,0,0,0,0,0,0,-32311,0,0,0,0,0,38930,0
38933,-1286,8138,-780,-97,1577,50,13492,4,4,-1,0,37098,136,27,65,0,0,0,0,0,0,0,0,-32311,0,0,0,0,0,38935,0
38938,-1304,8084,-784,-91,1531,42,13493,0,-6,-3,0,37114,136,27,65,0,0,0,0,0,0,0,0,-32311,0,0,0,0,0,38940,0
38943,-1332,8126,-830,-94,1485,36,13492,1,3,-3,0,37114,136,27,65,0,0,0,0,0,0,0,0,-32311,0,0,0,0,0,38945,0
38948,-1348,8126,-756,-82,1389,27,13491,0,2,0,0,37104,125,27,65,0,0,0,0,0,0,0,0,-32311,0,0,0,0,0,38950,0
38953,-1364,8088,-786,-88,1342,17,13492,-6,-2,-3,0,37104,125,27,65,0,0,0,0,0,0,0,0,-32311,0,0,0,0,0,38955,0
38958,-1384,8076,-808,-83,1299,14,13491,0,-5,-1,0,37091,116,27,65,0,0,0,0,0,0,0,0,-32311,0,0,0,0,0,38960,0
38963,-1362,8128,-780,-88,1250,13,13492,0,0,-2,0,37091,116,27,65,0,0,0,0,0,0,0,0,-32311,0,0,0,0,0,38965,0
38968,-1404,8148,-756,-82,1174,3,13492,-1,1,-3,0,37078,115,27,65,0,0,0,0,0,0,0,0,-32311,0,0,0,0,0,38970,0
38973,-1400,8112,-754,-86,1134,4,13491,0,1,0,0,37078,115,27,65,0,0,0,0,0,0,0,0,-32311,0,0,0,0,0,38975,0
38978,-1394,8090,-740,-95,1094,0,13492,-1,0,0,0,37078,118,27,65,0,0,0,0,0,0,0,0,-32311,0,0,0,0,0,38980,0
38983,-1408,8092,-722,-91,1058,2,13492,0,-2,-2,0,37078,118,27,65,0,0,0,0,0,0,0,0,-32311,0,0,0,0,0,38985,0
38988,-1448,8088,-726,-87,989,-1,13491,3,3,-2,0,37078,126,27,65,0,0,0,0,0,0,0,0,-32311,0,0,0,0,0,38990,0
38993,-1484,8094,-706,-100,952,5,13492,1,3,-2,0,37078,126,27,65,0,0,0,0,0,0,0,0,-32311,0,0,0,0,0,38995,0
38998,-1520,8068,-700,-93,912,1,13492,3,-3,-2,0,37075,128,27,65,0,0,0,0,0,0,0,0,-32311,0,0,0,0,0,39000,0
39003,-1524,8068,-704,-97,879,7,13492,0,3,-2,0,37075,128,27,65,0,0,0,0,0,0,0,0,-32311,0,0,0,0,0,39005,0
39008,-1566,8026,-648,-94,816,9,13491,2,-2,-3,0,37077,128,27,65,0,0,0,0,0,0,0,0,-32311,0,0,0,0,0,39010,0
39013,-1590,8044,-630,-99,774,18,13492,-4,1,-1,0,37077,128,27,65,0,0,0,0,0,0,0,0,-32310,0,0,0,0,0,39015,0
39018,-1646,8008,-648,-95,732,16,13492,1,-3,-2,0,37079,122,27,65,0,0,0,0,0,0,0,0,-32311,0,0,0,0,0,39020,0
39023,-1660,8002,-624,-89,690,19,13492,5,1,-1,0,37079,122,27,65,0,0,0,0,0,0,0,0,-32311,0,0,0,0,0,39025,0
39028,-1730,8004,-610,-83,605,26,13491,-1,1,-2,0,37079,117,27,65,0,0,0,0,0,0,0,0,-32311,0,0,0,0,0,39030,0
39033,-1758,7988,-672,-76,558,32,13491,0,-3,-2,0,37079,117,27,65,0,0,0,0,0,0,0,0,-32311,0,0,0,0,0,39035,0
39038,-1726,8080,-502,-79,518,34,13491,0,3,-5,0,37079,118,27,65,0,0,0,0,0,0,0,0,-32311,0,0,0,0,0,39040,0
39043,-1792,7946,-622,-71,471,44,13491,3,4,-3,0,37079,118,27,65,0,0,0,0,0,0,0,0,-32311,0,0,0,0,0,39045,0
39048,-1766,7986,-606,-61,389,50,13491,-3,-1,-2,0,37082,118,27,65,0,0,0,0,0,0,0,0,-32311,0,0,0,0,0,39050,0
39053,-1778,7996,-582,-59,347,58,13491,-8,0,-3,0,37082,118,27,65,0,0,0,0,0,0,0,0,-32311,0,0,0,0,0,39055,0
39058,-1770,7984,-552,-57,300,63,13492,0,-2,-1,0,37084,115,27,65,0,0,0,0,0,0,0,0,-32311,0,0,0,0,0,39060,0
39063,-1772,8000,-620,-41,258,68,13493,5,0,-1,0,37084,115,27,65,0,0,0,0,0,0,0,0,-32312,0,0,0,0,0,39065,0
39068,-1778,7972,-604,-35,167,83,13492,2,0,-3,0,37085,118,27,65,0,0,0,0,0,0,0,0,-32312,0,0,0,0,0,39070,0
39073,-1770,7972,-596,-33,122,85,13491,0,0,-2,0,37085,118,27,65,0,0,0,0,0,0,0,0,-32312,0,0,0,0,0,39075,0
39078,-1790,7964,-596,-25,71,89,13491,-3,4,-1,0,37081,126,27,65,0,0,0,0,0,0,0,0,-32311,0,0,0,0,0,39080,0
39083,-1794,7986,-592,-26,35,96,13492,-4,-4,-2,0,37081,126,27,65,0,0,0,0,0,0,0,0,-32311,0,0,0,0,0,39085,0
39088,-1730,8006,-578,-14,-53,102,13492,-2,-1,-3,0,37079,130,27,65,0,0,0,0,0,0,0,0,-32311,0,0,0,0,0,39090,0
39093,-1632,8064,-476,-16,-90,106,13493,6,1,-3,0,37079,130,27,65,0,0,0,0,0,0,0,0,-32311,0,0,0,0,0,39095,0
39098,-1472,8058,-370,-23,-107,115,13491,-1,1,-3,0,37079,126,27,65,0,0,0,0,0,0,0,0,-32311,0,0,0,0,0,39100,0
39103,-1304,8062,-244,-26,-110,121,13492,6,-1,-1,0,37079,126,27,65,0,0,0,0,0,0,0,0,-32311,0,0,0,0,0,39105,0
39108,-1168,8030,-72,-43,-69,135,13491,-3,0,-1,0,37081,121,27,65,0,0,0,0,0,0,0,0,-32311,0,0,0,0,0,39110,0
39113,-1104,8088,8,-44,-41,141,13491,3,4,-2,0,37081,121,27,65,0,0,0,0,0,0,0,0,-32311,0,0,0,0,0,39115,0
39118,-1060,8060,24,-62,-20,153,13492,0,1,-3,0,37084,120,27,65,0,0,0,0,0,0,0,0,-32311,0,0,0,0,0,39120,0
39123,-1166,8034,-20,-59,0,149,13492,2,0,-1,0,37084,120,27,65,0,0,0,0,0,0,0,0,-32311,0,0,0,0,0,39125,0
39128,-1262,8060,-80,-64,5,167,13491,2,0,-1,0,37083,123,27,65,0,0,0,0,0,0,0,0,-32311,0,0,0,0,0,39130,0
39133,-1330,8068,-136,-65,-2,166,13492,0,0,-2,0,37083,123,27,65,0,0,0,0,0,0,0,0,-32311,0,0,0,0,0,39135,0
39138,-1404,8056,-158,-61,-20,171,13492,7,0,-2,0,37080,120,27,65,0,0,0,0,0,0,0,0,-32311,0,0,0,0,0,39140,0
39143,-1374,8030,-154,-64,-33,175,13491,2,5,-5,0,37080,120,27,65,0,0,0,0,0,0,0,0,-32311,0,0,0,0,0,39145,0
39148,-1238,8086,-148,-64,-54,186,13492,2,-4,-2,0,37080,120,27,65,0,0,0,0,0,0,0,0,-32312,0,0,0,0,0,39150,0
39153,-1230,8040,-108,-67,-49,186,13490,-4,-3,-3,0,37080,120,27,65,0,0,0,0,0,0,0,0,-32311,0,0,0,0,0,39155,0
39158,-1210,8070,-48,-71,-47,193,13493,2,4,-1,0,37079,120,27,65,0,0,0,0,0,0,0,0,-32311,0,0,0,0,0,39160,0
39163,-1098,8102,-36,-73,-38,196,13492,0,-6,-1,0,37079,120,27,65,0,0,0,0,0,0,0,0,-32311,0,0,0,0,0,39165,0
39168,-1136,8070,-64,-77,-31,199,13491,0,3,-3,0,37080,117,27,65,0,0,0,0,0,0,0,0,-32311,0,0,0,0,0,39170,0
39173,-1164,8046,-54,-78,-24,198,13492,-4,-8,0,0,37080,117,27,65,0,0,0,0,0,0,0,0,-32311,0,0,0,0,0,39175,0
39178,-1098,8100,-38,-82,-20,201,13491,5,0,0,0,37080,116,27,65,0,0,0,0,0,0,0,0,-32311,0,0,0,0,0,39180,0
39183,-1042,8142,-48,-80,-22,207,13492,5,1,-2,0,37080,116,27,65,0,0,0,0,0,0,0,0,-32311,0,0,0,0,0,39185,0
39188,-1162,8084,-92,-80,-32,198,13490,-6,1,-1,0,37078,116,27,65,0,0,0,0,0,0,0,0,-32311,0,0,0,0,0,39190,0
39193,-1138,8090,-34,-81,-40,207,13491,-3,3,-2,0,37078,116,27,65,0,0,0,0,0,0,0,0,-32311,0,0,0,0,0,39195,0
39198,-1006,8122,-4,-81,-43,201,13491,-1,0,-2,0,37077,123,27,65,0,0,0,0,0,0,0,0,-32311,0,0,0,0,0,39200,0
39203,-968,8154,-4,-84,-43,204,13492,-1,2,-1,0,37077,123,27,65,0,0,0,0,0,0,0,0,-32311,0,0,0,0,0,39205,0
39208,-994,8072,22,-78,-49,200,13493,6,1,-1,0,37077,123,27,65,0,0,0,0,0,0,0,0,-32311,0,0,0,0,0,39210,0
39213,-896,8088,72,-86,-40,198,13492,0,-1,-2,0,37077,123,27,65,0,0,0,0,0,0,0,0,-32311,0,0,0,0,0,39215,0
39218,-854,8076,50,-82,-41,192,13492,1,-1,-4,0,37079,130,27,65,0,0,0,0,0,0,0,0,-32311,0,0,0,0,0,39220,0
39223,-904,8094,122,-80,-33,189,13492,2,-2,-3,0,37079,130,27,65,0,0,0,0,0,0,0,0,-32311,0,0,0,0,0,39225,0
39228,-812,8118,96,-77,-30,184,13491,1,-1,-2,0,37079,128,27,65,0,0,0,0,0,0,0,0,-32311,0,0,0,0,0,39230,0
39233,-868,8120,116,-75,-33,169,13492,1,2,-1,0,37079,128,27,65,0,0,0,0,0,0,0,0,-32311,0,0,0,0,0,39235,0
39238,-776,8176,152,-69,-38,168,13491,-4,-1,-2,0,37080,134,27,65,0,0,0,0,0,0,0,0,-32311,0,0,0,0,0,39240,0
39243,-784,8116,92,-67,-36,163,13492,2,2,0,0,37080,134,27,65,0,0,0,0,0,0,0,0,-32311,0,0,0,0,0,39245,0
39248,-774,8082,158,-59,-38,153,13491,-2,-1,1,0,37080,117,27,65,0,0,0,0,0,0,0,0,-32311,0,0,0,0,0,39250,0
39253,-766,8110,228,-60,-40,139,13491,-3,4,-3,0,37080,117,27,65,0,0,0,0,0,0,0,0,-32311,0,0,0,0,0,39255,0
39258,-718,8124,198,-52,-36,137,13492,-4,-3,-4,0,37080,107,27,65,0,0,0,0,0,0,0,0,-32311,0,0,0,0,0,39260,0
39263,-676,8136,222,-54,-36,133,13492,2,4,-2,0,37080,107,27,65,0,0,0,0,0,0,0,0,-32311,0,0,0,0,0,39265,0
39268,-688,8116,178,-38,-31,109,13491,-4,-2,-2,0,37081,107,27,65,0,0,0,0,0,0,0,0,-32311,0,0,0,0,0,39270,0
39273,-742,8102,226,-33,-24,99,13491,-1,1,-2,0,37081,107,27,65,0,0,0,0,0,0,0,0,-32311,0,0,0,0,0,39275,0
39278,-684,8096,226,-38,-27,99,13493,4,-1,-1,0,37079,121,27,65,0,0,0,0,0,0,0,0,-32311,0,0,0,0,0,39280,0
39283,-694,8110,236,-31,-20,82,13492,1,4,-1,0,37079,121,27,65,0,0,0,0,0,0,0,0,-32311,0,0,0,0,0,39285,0
39288,-688,8092,200,-26,-22,69,13491,-1,-1,-1,0,37078,123,27,65,0,0,0,0,0,0,0,0,-32311,0,0,0,0,0,39290,0
39293,-662,8090,262,-18,-22,63,13492,1,-4,0,0,37078,123,27,65,0,0,0,0,0,0,0,0,-32311,0,0,0,0,0,39295,0
39298,-662,8120,188,-14,-17,51,13491,-1,1,-2,0,37077,120,27,65,0,0,0,0,0,0,0,0,-32311,0,0,0,0,0,39300,0
39303,-688,8082,210,-12,-15,45,13491,2,2,-2,0,37077,120,27,65,0,0,0,0,0,0,0,0,-32311,0,0,0,0,0,39305,0
39308,-678,8154,252,-5,-13,26,13493,5,-2,-2,0,37079,127,27,65,0,0,0,0,0,0,0,0,-32311,0,0,0,0,0,39311,0
39313,-664,8138,254,10,-23,22,13491,3,-2,-2,0,37079,127,27,65,0,0,0,0,0,0,0,0,-32311,0,0,0,0,0,39316,0
39318,-698,8126,208,7,-18,12,13490,-10,6,-2,0,37080,128,27,65,0,0,0,0,0,0,0,0,-32311,0,0,0,0,0,39321,0
39323,-732,8112,204,13,-14,10,13493,6,-2,-2,0,37080,128,27,65,0,0,0,0,0,0,0,0,-32311,0,0,0,0,0,39326,0
39328,-806,8068,262,23,-24,-8,13493,4,0,-1,0,37079,124,27,65,0,0,0,0,0,0,0,0,-32311,0,0,0,0,0,39331,0
39333,-770,8046,292,24,-13,-14,13491,-2,1,-1,0,37079,124,27,65,0,0,0,0,0,0,0,0,-32311,0,0,0,0,0,39336,0
39338,-746,8042,272,27,-14,-16,13493,6,-2,-2,0,37077,120,27,65,0,0,0,0,0,0,0,0,-32311,0,0,0,0,0,39341,0
39343,-712,8068,258,41,-16,-24,13491,-10,2,-1,0,37077,120,27,65,0,0,0,0,0,0,0,0,-32311,0,0,0,0,0,39346,0
39348,-820,8116,274,44,0,-35,13491,4,1,0,0,37079,124,27,65,0,0,0,0,0,0,0,0,-32311,0,0,0,0,0,39351,0
39353,-860,8136,280,51,-3,-38,13492,3,-2,-1,0,37079,124,27,65,0,0,0,0,0,0,0,0,-32311,0,0,0,0,0,39356,0
39358,-868,8134,272,55,3,-45,13491,-5,4,-2,0,37081,126,27,65,0,0,0,0,0,0,0,0,-32311,0,0,0,0,0,39361,0
39363,-872,8068,256,61,1,-43,13491,-2,2,-2,0,37081,126,27,65,0,0,0,0,0,0,0,0,-32311,0,0,0,0,0,39366,0
39368,-914,8028,224,64,5,-47,13491,-7,3,-3,0,37085,125,27,65,0,0,0,0,0,0,0,0,-32311,0,0,0,0,0,39371,0
39373,-954,8052,236,71,1,-49,13493,5,-2,-3,0,37085,125,27,65,0,0,0,0,0,0,0,0,-32311,0,0,0,0,0,39376,0
39378,-966,8084,214,77,7,-54,13492,-3,1,0,0,37087,123,27,65,0,0,0,0,0,0,0,0,-32311,0,0,0,0,0,39381,0
39383,-978,8086,206,74,8,-56,13492,2,2,-1,0,37087,123,27,65,0,0,0,0,0,0,0,0,-32311,0,0,0,0,0,39386,0
39388,-976,8122,132,81,12,-55,13492,-5,-5,-2,0,37083,115,27,65,0,0,0,0,0,0,0,0,-32311,0,0,0,0,0,39391,0
39393,-1008,8094,100,83,9,-52,13492,1,1,-2,0,37083,115,27,65,0,0,0,0,0,0,0,0,-32311,0,0,0,0,0,39396,0
39398,-1060,8100,70,74,6,-50,13492,0,-1,-2,0,37080,123,27,65,0,0,0,0,0,0,0,0,-32311,0,0,0,0,0,39401,0
39403,-1088,8068,58,80,9,-51,13492,5,1,-1,0,37080,123,27,65,0,0,0,0,0,0,0,0,-32311,0,0,0,0,0,39406,0
39408,-1172,8056,-24,79,0,-40,13492,2,2,-2,0,37078,127,27,65,0,0,0,0,0,0,0,0,-32311,0,0,0,0,0,39411,0
39413,-1174,8074,-66,76,-2,-42,13492,1,1,-3,0,37078,127,27,65,0,0,0,0,0,0,0,0,-32311,0,0,0,0,0,39416,0
39418,-1174,8082,-90,74,3,-38,13491,1,3,-2,0,37078,129,27,65,0,0,0,0,0,0,0,0,-32311,0,0,0,0,0,39421,0
39423,-1212,8098,-76,68,-3,-34,13492,0,1,-1,0,37078,129,27,65,0,0,0,0,0,0,0,0,-32311,0,0,0,0,0,39426,0
39428,-1232,8086,-126,62,-2,-18,13491,-1,0,-1,0,37078,131,27,65,0,0,0,0,0,0,0,0,-32311,0,0,0,0,0,39431,0
39433,-1234,8052,-174,50,-3,-10,13491,0,0,-1,0,37078,131,27,65,0,0,0,0,0,0,0,0,-32311,0,0,0,0,0,39436,0
39438,-1290,8060,-194,48,3,-6,13492,-5,2,-3,0,37078,124,27,65,0,0,0,0,0,0,0,0,-32311,0,0,0,0,0,39441,0
39443,-1324,8056,-184,43,0,2,13492,0,3,-2,0,37078,124,27,65,0,0,0,0,0,0,0,0,-32311,0,0,0,0,0,39446,0
39448,-1364,8084,-216,28,-3,21,13492,-2,0,-1,0,37082,124,27,65,0,0,0,0,0,0,0,0,-32311,0,0,0,0,0,39451,0
39453,-1284,8080,-220,20,-12,29,13492,3,-3,-3,0,37082,124,27,65,0,0,0,0,0,0,0,0,-32311,0,0,0,0,0,39456,0
39458,-1316,8044,-206,20,-16,33,13491,-5,-1,-2,0,37083,127,27,65,0,0,0,0,0,0,0,0,-32311,0,0,0,0,0,39461,0
39463,-1386,8098,-198,13,-24,41,13492,3,2,-1,0,37083,127,27,65,0,0,0,0,0,0,0,0,-32311,0,0,0,0,0,39466,0
39468,-1378,8074,-174,-8,-26,58,13491,-1,-2,-2,0,37083,126,27,65,0,0,0,0,0,0,0,0,-32311,0,0,0,0,0,39471,0
39473,-1290,8080,-148,-2,-25,68,13492,3,1,-2,0,37083,126,27,65,0,0,0,0,0,0,0,0,-32311,0,0,0,0,0,39476,0
39478,-1300,8066,-172,-19,-25,81,13492,0,-4,-1,0,37084,125,27,65,0,0,0,0,0,0,0,0,-32311,0,0,0,0,0,39481,0
39483,-1316,8064,-144,-16,-24,85,13491,0,1,-3,0,37084,125,27,65,0,0,0,0,0,0,0,0,-32311,0,0,0,0,0,39486,0
39488,-1304,8072,-92,-25,-23,100,13491,-4,1,-2,0,37080,121,27,65,0,0,0,0,0,0,0,0,-32311,0,0,0,0,0,39491,0
39493,-1286,8050,-100,-35,-26,109,13491,-4,-4,-1,0,37080,121,27,65,0,0,0,0,0,0,0,0,-32311,0,0,0,0,0,39496,0
39498,-1290,8026,-70,-37,-33,117,13492,3,0,-3,0,37080,121,27,65,0,0,0,0,0,0,0,0,-32311,0,0,0,0,0,39501,0
39503,-1240,8054,-72,-46,-31,124,13491,4,-2,-2,0,37080,121,27,65,0,0,0,0,0,0,0,0,-32311,0,0,0,0,0,39506,0
39508,-1202,8120,-8,-50,-33,135,13492,-3,4,-1,0,37080,118,27,65,0,0,0,0,0,0,0,0,-32311,0,0,0,0,0,39511,0
39513,-1146,8106,22,-51,-33,137,13491,-3,4,-2,0,37080,118,27,65,0,0,0,0,0,0,0,0,-32311,0,0,0,0,0,39516,0
39518,-1048,8080,40,-57,-32,143,13492,-5,2,-3,0,37081,117,27,65,0,0,0,0,0,0,0,0,-32311,0,0,0,0,0,39521,0
39523,-1054,8064,24,-52,-25,143,13492,-2,0,-2,0,37081,117,27,65,0,0,0,0,0,0,0,0,-32311,0,0,0,0,0,39526,0
39528,-976,8110,100,-64,-25,144,13492,1,2,-2,0,37082,128,27,65,0,0,0,0,0,0,0,0,-32311,0,0,0,0,0,39531,0
39533,-964,8116,82,-53,-21,146,13492,-2,2,-2,0,37082,128,27,65,0,0,0,0,0,0,0,0,-32310,0,0,0,0,0,39536,0
39538,-970,8108,132,-61,-31,148,13491,0,-4,-2,0,37081,126,27,65,0,0,0,0,0,0,0,0,-32311,0,0,0,0,0,39541,0
39543,-910,8092,132,-58,-20,143,13491,-3,-1,-1,0,37081,126,27,65,0,0,0,0,0,0,0,0,-32311,0,0,0,0,0,39546,0
39548,-830,8110,190,-54,-22,137,13491,-8,-3,-2,0,37079,121,27,65,0,0,0,0,0,0,0,0,-32311,0,0,0,0,0,39551,0
39553,-840,8122,192,-55,-20,131,13492,-1,5,-3,0,37079,121,27,65,0,0,0,0,0,0,0,0,-32311,0,0,0,0,0,39556,0
39558,-828,8120,208,-56,-23,126,13492,3,0,-2,0,37080,118,27,65,0,0,0,0,0,0,0,0,-32311,0,0,0,0,0,39561,0
39563,-828,8122,162,-60,-18,124,13491,0,-5,-1,0,37080,118,27,65,0,0,0,0,0,0,0,0,-32311,0,0,0,0,0,39566,0
39568,-722,8150,246,-46,-22,115,13491,0,-1,-3,0,37082,127,27,65,0,0,0,0,0,0,0,0,-32311,0,0,0,0,0,39571,0
39573,-746,8126,192,-48,-15,102,13492,0,1,-1,0,37082,127,27,65,0,0,0,0,0,0,0,0,-32311,0,0,0,0,0,39576,0
39578,-722,8172,224,-42,-17,104,13491,-4,0,-1,0,37081,136,27,65,0,0,0,0,0,0,0,0,-32311,0,0,0,0,0,39581,0
39583,-768,8154,206,-46,-13,92,13492,0,-5,-2,0,37081,136,27,65,0,0,0,0,0,0,0,0,-32311,0,0,0,0,0,39586,0
39588,-734,8096,234,-41,-18,74,13492,-2,3,-1,0,37078,125,27,65,0,0,0,0,0,0,0,0,-32311,0,0,0,0,0,39591,0
39593,-786,8052,238,-30,-17,70,13492,-5,1,-2,0,37078,125,27,65,0,0,0,0,0,0,0,0,-32311,0,0,0,0,0,39596,0
39598,-718,8094,230,-32,-22,64,13491,-2,-4,-3,0,37075,126,27,65,0,0,0,0,0,0,0,0,-32311,0,0,0,0,0,39601,0
39603,-670,8138,242,-30,-14,58,13492,5,3,-2,0,37075,126,27,65,0,0,0,0,0,0,0,0,-32311,0,0,0,0,0,39606,0
39608,-700,8176,276,-23,-8,43,13492,5,1,-1,0,37078,123,27,65,0,0,0,0,0,0,0,0,-32311,0,0,0,0,0,39611,0
39613,-668,8152,280,-24,-10,32,13492,-2,1,0,0,37078,123,27,65,0,0,0,0,0,0,0,0,-32311,0,0,0,0,0,39616,0
39618,-682,8116,252,-17,-10,23,13492,-6,0,-1,0,37080,129,27,65,0,0,0,0,0,0,0,0,-32311,0,0,0,0,0,39621,0
39623,-662,8102,230,-19,-12,15,13492,0,2,0,0,37080,129,27,65,0,0,0,0,0,0,0,0,-32311,0,0,0,0,0,39626,0
39628,-682,8072,260,-12,-19,0,13492,0,-2,-1,0,37081,125,27,65,0,0,0,0,0,0,0,0,-32311,0,0,0,0,0,39631,0
39633,-688,8104,288,-10,-22,-7,13493,5,4,-2,0,37081,125,27,65,0,0,0,0,0,0,0,0,-32311,0,0,0,0,0,39636,0
39638,-700,8132,286,-8,-15,-17,13491,-8,0,-1,0,37080,125,27,65,0,0,0,0,0,0,0,0,-32311,0,0,0,0,0,39641,0
39643,-668,8134,296,-4,-17,-21,13492,0,0,-1,0,37080,125,27,65,0,0,0,0,0,0,0,0,-32311,0,0,0,0,0,39646,0
39648,-672,8128,318,6,-15,-41,13491,-4,-3,-4,0,37080,118,27,65,0,0,0,0,0,0,0,0,-32311,0,0,0,0,0,39651,0
39653,-692,8140,304,13,-6,-48,13490,-11,-5,-5,0,37080,118,27,65,0,0,0,0,0,0,0,0,-32311,0,0,0,0,0,39656,0
39658,-706,8130,320,8,-9,-57,13491,1,-6,-1,0,37084,123,27,65,0,0,0,0,0,0,0,0,-32311,0,0,0,0,0,39661,0
39663,-758,8118,324,11,-11,-62,13491,-8,0,-1,0,37084,123,27,65,0,0,0,0,0,0,0,0,-32311,0,0,0,0,0,39666,0
39668,-796,8092,328,27,-4,-73,13491,-7,-3,-2,0,37083,118,27,65,0,0,0,0,0,0,0,0,-32311,0,0,0,0,0,39671,0
39673,-810,8096,316,27,-12,-75,13491,-3,-4,-1,0,37083,118,27,65,0,0,0,0,0,0,0,0,-32311,0,0,0,0,0,39676,0
39678,-856,8060,306,34,-6,-84,13492,0,1,-2,0,37083,123,27,65,0,0,0,0,0,0,0,0,-32311,0,0,0,0,0,39681,0
39683,-904,8052,314,36,-10,-82,13493,5,0,-3,0,37083,123,27,65,0,0,0,0,0,0,0,0,-32311,0,0,0,0,0,39686,0
39688,-926,8080,344,45,-8,-89,13491,1,3,-2,0,37078,119,27,65,0,0,0,0,0,0,0,0,-32311,0,0,0,0,0,39691,0
39693,-930,8070,320,49,-11,-91,13492,2,2,-2,0,37078,119,27,65,0,0,0,0,0,0,0,0,-32311,0,0,0,0,0,39696,0
39698,-972,8068,332,57,-11,-91,13492,1,2,-2,0,37078,123,27,65,0,0,0,0,0,0,0,0,-32311,0,0,0,0,0,39701,0
39703,-1000,8048,354,57,-17,-89,13492,0,1,-1,0,37078,123,27,65,0,0,0,0,0,0,0,0,-32311,0,0,0,0,0,39706,0
39708,-1056,8046,382,68,-15,-86,13492,0,0,-1,0,37078,130,27,65,0,0,0,0,0,0,0,0,-32311,0,0,0,0,0,39711,0
39713,-1074,8016,384,78,-13,-87,13491,0,-5,-3,0,37078,130,27,65,0,0,0,0,0,0,0,0,-32310,0,0,0,0,0,39716,0
39718,-1130,7970,388,78,-21,-80,13492,2,1,-3,0,37078,140,27,65,0,0,0,0,0,0,0,0,-32311,0,0,0,0,0,39721,0
39723,-1096,7958,412,87,-21,-79,13491,-1,-3,-2,0,37078,140,27,65,0,0,0,0,0,0,0,0,-32310,0,0,0,0,0,39726,0
39728,-1148,7988,458,96,-15,-70,13492,0,-1,0,0,37078,143,27,65,0,0,0,0,0,0,0,0,-32311,0,0,0,0,0,39731,0
39733,-1182,7972,376,99,-13,-69,13491,0,-3,0,0,37078,143,27,65,0,0,0,0,0,0,0,0,-32311,0,0,0,0,0,39736,0
39738,-1122,8006,398,106,-4,-56,13492,5,0,0,0,37078,136,27,65,0,0,0,0,0,0,0,0,-32310,0,0,0,0,0,39741,0
39743,-1184,8048,420,113,-3,-49,13492,-5,1,-2,0,37078,136,27,65,0,0,0,0,0,0,0,0,-32311,0,0,0,0,0,39746,0
39748,-1298,7958,408,134,-2,-42,13491,-2,-3,-2,0,37078,127,27,65,0,0,0,0,0,0,0,0,-32311,0,0,0,0,0,39751,0
39753,-1310,7934,386,140,3,-37,13493,4,2,-2,0,37078,127,27,65,0,0,0,0,0,0,0,0,-32311,0,0,0,0,0,39756,0
39758,-1274,7928,328,137,0,-26,13491,10,-3,-1,0,37079,121,27,65,0,0,0,0,0,0,0,0,-32310,0,0,0,0,0,39761,0
39763,-1316,7936,384,146,-5,-20,13491,-2,2,-2,0,37079,121,27,65,0,0,0,0,0,0,0,0,-32311,0,0,0,0,0,39766,0
39768,-1278,7910,412,161,-5,-2,13492,-2,7,-1,0,37079,118,27,65,0,0,0,0,0,0,0,0,-32311,0,0,0,0,0,39771,0
39773,-1278,7980,432,165,-7,4,13491,-4,-1,-1,0,37079,118,27,65,0,0,0,0,0,0,0,0,-32311,0,0,0,0,0,39776,0
39778,-1280,7978,426,169,-1,13,13492,3,1,0,0,37080,117,27,65,0,0,0,0,0,0,0,0,-32311,0,0,0,0,0,39781,0
39783,-1274,7964,410,179,8,15,13491,-3,-4,-1,0,37080,117,27,65,0,0,0,0,0,0,0,0,-32311,0,0,0,0,0,39786,0
39788,-1276,7982,386,186,9,34,13491,-4,-2,0,0,37080,123,27,65,0,0,0,0,0,0,0,0,-32311,0,0,0,0,0,39791,0
39793,-1278,7998,360,192,10,42,13492,3,1,-3,0,37080,123,27,65,0,0,0,0,0,0,0,0,-32311,0,0,0,0,0,39796,0
39798,-1272,7946,382,198,18,48,13491,-6,-1,-3,0,37077,131,27,65,0,0,0,0,0,0,0,0,-32311,0,0,0,0,0,39801,0
39803,-1280,7950,338,207,12,56,13491,5,-3,-2,0,37077,131,27,65,0,0,0,0,0,0,0,0,-32311,0,0,0,0,0,39806,0
39808,-1272,7976,326,217,9,67,13491,-2,0,-2,0,37077,123,27,65,0,0,0,0,0,0,0,0,-32311,0,0,0,0,0,39811,0
39813,-1232,7982,334,218,13,75,13492,4,7,-2,0,37077,123,27,65,0,0,0,0,0,0,0,0,-32311,0,0,0,0,0,39816,0
39818,-1172,8016,332,229,5,75,13493,1,1,-3,0,37077,120,27,65,0,0,0,0,0,0,0,0,-32311,0,0,0,0,0,39821,0
39823,-1174,8034,316,230,9,83,13492,2,4,-2,0,37077,120,27,65,0,0,0,0,0,0,0,0,-32311,0,0,0,0,0,39826,0
39828,-1164,8008,284,240,12,96,13492,3,1,0,0,37078,118,27,65,0,0,0,0,0,0,0,0,-32311,0,0,0,0,0,39831,0
39833,-1150,8018,292,246,10,94,13492,5,-1,-1,0,37078,118,27,65,0,0,0,0,0,0,0,0,-32311,0,0,0,0,0,39836,0
39838,-1116,8024,292,248,15,100,13491,0,-4,-2,0,37078,125,27,65,0,0,0,0,0,0,0,0,-32311,0,0,0,0,0,39841,0
39843,-1126,8000,264,249,15,100,13492,1,4,-2,0,37078,125,27,65,0,0,0,0,0,0,0,0,-32310,0,0,0,0,0,39846,0
39848,-1080,7984,234,263,13,106,13493,6,1,-3,0,37075,134,27,65,0,0,0,0,0,0,0,0,-32311,0,0,0,0,0,39851,0
39853,-1064,8010,252,266,10,110,13491,0,0,-3,0,37075,134,27,65,0,0,0,0,0,0,0,0,-32311,0,0,0,0,0,39856,0
39858,-1084,8046,278,263,12,109,13491,1,-4,-3,0,37074,136,27,65,0,0,0,0,0,0,0,0,-32311,0,0,0,0,0,39861,0
39863,-1006,8092,270,273,8,109,13492,0,-1,-4,0,37074,136,27,65,0,0,0,0,0,0,0,0,-32311,0,0,0,0,0,39866,0
39868,-934,8058,210,282,14,110,13492,0,3,-1,0,37082,134,27,65,0,0,0,0,0,0,0,0,-32311,0,0,0,0,0,39871,0
39873,-944,8078,216,284,13,111,13492,-1,2,-1,0,37082,134,27,65,0,0,0,0,0,0,0,0,-32311,0,0,0,0,0,39876,0
39878,-934,8046,234,284,18,106,13491,0,-4,-2,0,37087,136,27,65,0,0,0,0,0,0,0,0,-32311,0,0,0,0,0,39881,0
39883,-1004,8058,202,288,20,105,13492,0,0,-2,0,37087,136,27,65,0,0,0,0,0,0,0,0,-32311,0,0,0,0,0,39886,0
39888,-1000,8054,158,296,25,97,13492,0,0,-1,0,37087,128,27,65,0,0,0,0,0,0,0,0,-32311,0,0,0,0,0,39891,0
39893,-908,8092,166,292,27,94,13492,-2,-1,-1,0,37087,128,27,65,0,0,0,0,0,0,0,0,-32310,0,0,0,0,0,39896,0
39898,-888,8110,132,299,22,95,13492,-1,1,-1,0,37081,120,27,65,0,0,0,0,0,0,0,0,-32310,0,0,0,0,0,39901,0
39903,-828,8164,134,295,21,93,13491,-4,-3,-1,0,37081,120,27,65,0,0,0,0,0,0,0,0,-32311,0,0,0,0,0,39906,0
39908,-746,8208,-6,294,41,83,13491,-11,-2,-1,0,37080,122,27,65,0,0,0,0,0,0,0,0,-32311,0,0,0,0,0,39911,0
39913,-690,8180,-34,291,41,83,13492,0,0,-1,0,37080,122,27,65,0,0,0,0,0,0,0,0,-32311,0,0,0,0,0,39916,0
39918,-692,8220,-136,282,57,70,13492,1,2,-3,0,37077,127,27,65,0,0,0,0,0,0,0,0,-32311,0,0,0,0,0,39921,0
39923,-736,8232,-168,279,58,63,13491,2,3,-2,0,37077,127,27,65,0,0,0,0,0,0,0,0,-32311,0,0,0,0,0,39926,0
39928,-784,8142,-366,262,58,45,13492,2,-1,-2,0,37075,126,27,65,0,0,0,0,0,0,0,0,-32311,0,0,0,0,0,39931,0
39933,-774,8230,-396,247,52,44,13491,-3,1,-1,0,37075,126,27,65,0,0,0,0,0,0,0,0,-32311,0,0,0,0,0,39936,0
39938,-740,8274,-484,236,51,38,13492,2,1,-2,0,37076,126,27,65,0,0,0,0,0,0,0,0,-32311,0,0,0,0,0,39941,0
39943,-702,8326,-538,225,38,23,13491,-8,-2,-2,0,37076,126,27,65,0,0,0,0,0,0,0,0,-32311,0,0,0,0,0,39946,0
39948,-660,8262,-616,193,33,11,13491,1,1,-3,0,37077,122,27,65,0,0,0,0,0,0,0,0,-32311,0,0,0,0,0,39951,0
39953,-684,8284,-716,177,26,3,13493,1,-4,-3,0,37077,122,27,65,0,0,0,0,0,0,0,0,-32311,0,0,0,0,0,39956,0
39958,-744,8292,-714,163,23,-11,13493,5,3,0,0,37078,118,27,65,0,0,0,0,0,0,0,0,-32311,0,0,0,0,0,39961,0
39963,-796,8306,-760,144,20,-17,13491,4,3,0,0,37078,118,27,65,0,0,0,0,0,0,0,0,-32311,0,0,0,0,0,39966,0
39968,-840,8290,-768,108,-4,-33,13491,-4,-2,-3,0,37082,135,27,65,0,0,0,0,0,0,0,0,-32311,0,0,0,0,0,39971,0
39973,-834,8292,-752,92,-7,-34,13492,0,-4,-3,0,37082,135,27,65,0,0,0,0,0,0,0,0,-32311,0,0,0,0,0,39976,0
39978,-868,8294,-778,73,-13,-44,13491,-4,3,-1,0,37081,133,27,65,0,0,0,0,0,0,0,0,-32311,0,0,0,0,0,39981,0
39983,-870,8272,-766,52,-23,-45,13492,0,0,-1,0,37081,133,27,65,0,0,0,0,0,0,0,0,-32311,0,0,0,0,0,39986,0
39988,-930,8256,-694,14,-22,-51,13491,0,-3,-1,0,37080,133,27,65,0,0,0,0,0,0,0,0,-32311,0,0,0,0,0,39991,0
39993,-924,8254,-676,-3,-19,-55,13492,-2,4,-2,0,37080,133,27,65,0,0,0,0,0,0,0,0,-32311,0,0,0,0,0,39996,0
39998,-940,8244,-632,-19,-19,-53,13492,0,-1,-3,0,37074,117,27,65,0,0,0,0,0,0,0,0,-32311,0,0,0,0,0,40001,0
40003,-944,8268,-604,-35,-23,-55,13491,-4,1,-2,0,37074,117,27,65,0,0,0,0,0,0,0,0,-32311,0,0,0,0,0,40006,0
40008,-1064,8276,-594,-69,-30,-60,13492,1,1,-2,0,37076,115,27,65,0,0,0,0,0,0,0,0,-32311,0,0,0,0,0,40011,0
40013,-1130,8252,-594,-78,-23,-50,13491,-2,-2,-1,0,37076,115,27,65,0,0,0,0,0,0,0,0,-32311,0,0,0,0,0,40016,0
40018,-1272,8196,-530,-92,-31,-47,13491,-5,1,-2,0,37076,126,27,65,0,0,0,0,0,0,0,0,-32311,0,0,0,0,0,40021,0
40023,-1254,8226,-454,-109,-42,-42,13492,1,-1,-2,0,37076,126,27,65,0,0,0,0,0,0,0,0,-32311,0,0,0,0,0,40026,0
40028,-1176,8048,-540,-137,-26,-36,13492,2,2,-2,0,37075,124,27,65,0,0,0,0,0,0,0,0,-32310,0,0,0,0,0,40031,0
40033,-1196,8116,-420,-141,-33,-23,13492,-1,1,-2,0,37075,124,27,65,0,0,0,0,0,0,0,0,-32311,0,0,0,0,0,40036,0
40038,-1272,8202,-436,-170,-28,-20,13491,0,-2,-2,0,37075,127,27,65,0,0,0,0,0,0,0,0,-32311,0,0,0,0,0,40041,0
40043,-1304,8206,-476,-182,-26,-8,13491,1,2,-3,0,37075,127,27,65,0,0,0,0,0,0,0,0,-32311,0,0,0,0,0,40046,0
40048,-1342,8178,-460,-200,-25,9,13492,0,1,-2,0,37076,128,27,65,0,0,0,0,0,0,0,0,-32310,0,0,0,0,0,40051,0
40053,-1354,8162,-472,-217,-23,15,13491,-5,0,-3,0,37076,128,27,65,0,0,0,0,0,0,0,0,-32311,0,0,0,0,0,40056,0
40058,-1398,8120,-462,-227,-35,29,13492,0,1,-2,0,37077,131,27,65,0,0,0,0,0,0,0,0,-32311,0,0,0,0,0,40061,0
40063,-1420,8056,-456,-237,-43,34,13491,-2,-4,0,0,37077,131,27,65,0,0,0,0,0,0,0,0,-32311,0,0,0,0,0,40066,0
40068,-1452,8114,-474,-271,-55,50,13492,0,-1,-2,0,37081,131,27,65,0,0,0,0,0,0,0,0,-32311,0,0,0,0,0,40071,0
40073,-1432,8102,-494,-280,-53,69,13492,2,3,-1,0,37081,131,27,65,0,0,0,0,0,0,0,0,-32312,0,0,0,0,0,40076,0
40078,-1432,8112,-466,-297,-48,79,13491,1,1,-2,0,37080,128,27,65,0,0,0,0,0,0,0,0,-32310,0,0,0,0,0,40081,0
40083,-1372,8132,-476,-315,-42,91,13491,0,-1,-2,0,37080,128,27,65,0,0,0,0,0,0,0,0,-32311,0,0,0,0,0,40086,0
40088,-1466,8162,-490,-339,-42,118,13492,3,-2,-2,0,37081,129,27,65,0,0,0,0,0,0,0,0,-32311,0,0,0,0,0,40091,0
40093,-1542,8166,-524,-356,-43,130,13492,4,4,-1,0,37081,129,27,65,0,0,0,0,0,0,0,0,-32310,0,0,0,0,0,40096,0
40098,-1546,8152,-524,-370,-53,145,13493,3,-1,-3,0,37076,134,27,65,0,0,0,0,0,0,0,0,-32311,0,0,0,0,0,40101,0
40103,-1544,8118,-514,-387,-55,158,13492,1,-4,-3,0,37076,134,27,65,0,0,0,0,0,0,0,0,-32311,0,0,0,0,0,40106,0
40108,-1446,8044,-462,-411,-73,180,13490,0,1,-1,0,37074,130,27,65,0,0,0,0,0,0,0,0,-32311,0,0,0,0,0,40111,0
40113,-1392,8060,-406,-433,-79,189,13491,0,-1,-2,0,37074,130,27,65,0,0,0,0,0,0,0,0,-32311,0,0,0,0,0,40116,0
40118,-1376,8132,-400,-445,-82,199,13492,2,0,-3,0,37075,127,27,65,0,0,0,0,0,0,0,0,-32311,0,0,0,0,0,40121,0
40123,-1332,8168,-356,-454,-81,203,13491,0,2,-1,0,37075,127,27,65,0,0,0,0,0,0,0,0,-32311,0,0,0,0,0,40126,0
40128,-1302,8134,-302,-488,-75,225,13492,6,1,0,0,37077,120,27,65,0,0,0,0,0,0,0,0,-32311,0,0,0,0,0,40131,0
40133,-1284,8140,-268,-499,-78,233,13494,12,-3,-2,0,37077,120,27,65,0,0,0,0,0,0,0,0,-32311,0,0,0,0,0,40136,0
40138,-1276,8134,-230,-507,-76,247,13491,-1,1,-3,0,37080,122,27,65,0,0,0,0,0,0,0,0,-32311,0,0,0,0,0,40141,0
40143,-1196,8092,-218,-519,-80,251,13492,-3,-3,-2,0,37080,122,27,65,0,0,0,0,0,0,0,0,-32311,0,0,0,0,0,40146,0
40148,-1170,8024,-200,-541,-82,265,13491,-1,-7,-2,0,37079,125,27,65,0,0,0,0,0,0,0,0,-32311,0,0,0,0,0,40151,0
40153,-1184,8080,-116,-551,-79,270,13492,-3,-5,-2,0,37079,125,27,65,0,0,0,0,0,0,0,0,-32311,0,0,0,0,0,40156,0
40158,-1110,8162,-82,-569,-74,276,13492,-6,-5,-2,0,37079,125,27,65,0,0,0,0,0,0,0,0,-32311,0,0,0,0,0,40161,0
40163,-1042,8176,-102,-570,-70,279,13492,-2,2,-3,0,37079,125,27,65,0,0,0,0,0,0,0,0,-32311,0,0,0,0,0,40166,0
40168,-1036,8176,-94,-595,-68,281,13491,-3,2,-5,0,37082,126,27,65,0,0,0,0,0,0,0,0,-32311,0,0,0,0,0,40171,0
40173,-984,8210,-64,-607,-72,289,13491,-2,-5,-3,0,37082,126,27,65,0,0,0,0,0,0,0,0,-32311,0,0,0,0,0,40176,0
40178,-942,8220,-32,-603,-74,283,13492,-2,1,0,0,37084,113,27,65,0,0,0,0,0,0,0,0,-32311,0,0,0,0,0,40181,0
40183,-1002,8150,-36,-616,-79,287,13492,-4,2,-1,0,37084,113,27,65,0,0,0,0,0,0,0,0,-32310,0,0,0,0,0,40186,0
40188,-920,8120,36,-628,-91,286,13492,3,1,-1,0,37083,116,27,65,0,0,0,0,0,0,0,0,-32311,0,0,0,0,0,40191,0
40193,-896,8096,152,-636,-98,285,13492,2,-3,-1,0,37083,116,27,65,0,0,0,0,0,0,0,0,-32311,0,0,0,0,0,40196,0
40198,-838,8066,122,-642,-102,282,13492,7,0,-2,0,37091,120,27,65,0,0,0,0,0,0,0,0,-32311,0,0,0,0,0,40201,0
40203,-862,8072,166,-652,-104,283,13492,4,1,-2,0,37091,120,27,65,0,0,0,0,0,0,0,0,-32311,0,0,0,0,0,40206,0
40208,-838,8108,190,-657,-102,270,13491,6,4,-2,0,37092,131,27,65,0,0,0,0,0,0,0,0,-32311,0,0,0,0,0,40211,0
40213,-720,8164,310,-667,-107,270,13491,0,0,0,0,37092,131,27,65,0,0,0,0,0,0,0,0,-32311,0,0,0,0,0,40216,0
40218,-712,8140,262,-668,-109,262,13491,-3,0,-2,0,37092,135,27,65,0,0,0,0,0,0,0,0,-32311,0,0,0,0,0,40221,0
40223,-664,8170,360,-670,-107,262,13490,-11,0,-1,0,37092,135,27,65,0,0,0,0,0,0,0,0,-32311,0,0,0,0,0,40226,0
40228,-590,8162,416,-677,-114,245,13490,-6,-1,-1,0,37087,136,27,65,0,0,0,0,0,0,0,0,-32311,0,0,0,0,0,40231,0
40233,-614,8114,436,-671,-112,235,13491,-6,2,-1,0,37087,136,27,65,0,0,0,0,0,0,0,0,-32311,0,0,0,0,0,40236,0
40238,-558,8100,438,-673,-117,228,13491,-7,-2,-2,0,37077,138,27,65,0,0,0,0,0,0,0,0,-32311,0,0,0,0,0,40241,0
40243,-442,8096,514,-678,-117,225,13492,3,3,-2,0,37077,138,27,65,0,0,0,0,0,0,0,0,-32311,0,0,0,0,0,40246,0
40248,-462,8068,572,-678,-119,201,13492,5,2,-1,0,37077,128,27,65,0,0,0,0,0,0,0,0,-32311,0,0,0,0,0,40251,0
40253,-464,8040,582,-678,-112,193,13492,5,5,-3,0,37077,128,27,65,0,0,0,0,0,0,0,0,-32311,0,0,0,0,0,40256,0
40258,-464,8038,650,-675,-103,179,13492,3,1,-2,0,37077,117,27,65,0,0,0,0,0,0,0,0,-32311,0,0,0,0,0,40261,0
40263,-410,8130,654,-679,-105,172,13491,-1,-1,-3,0,37077,117,27,65,0,0,0,0,0,0,0,0,-32311,0,0,0,0,0,40266,0
40268,-358,8060,674,-668,-94,146,13494,8,0,-3,0,37077,118,27,65,0,0,0,0,0,0,0,0,-32311,0,0,0,0,0,40271,0
40273,-344,8056,734,-671,-88,142,13493,5,1,0,0,37077,118,27,65,0,0,0,0,0,0,0,0,-32311,0,0,0,0,0,40276,0
40278,-332,8092,670,-666,-82,121,13491,-4,-4,0,0,37082,121,27,65,0,0,0,0,0,0,0,0,-32311,0,0,0,0,0,40281,0
40283,-342,8092,716,-667,-80,119,13491,4,-4,-3,0,37082,121,27,65,0,0,0,0,0,0,0,0,-32311,0,0,0,0,0,40286,0
40288,-356,8236,810,-673,-60,86,13492,1,-2,-2,0,37082,124,27,65,0,0,0,0,0,0,0,0,-32311,0,0,0,0,0,40291,0
40293,-200,8156,726,-678,-40,81,13492,4,4,-2,0,37082,124,27,65,0,0,0,0,0,0,0,0,-32311,0,0,0,0,0,40296,0
40298,-256,7966,580,-671,-37,64,13490,-1,0,-3,0,37082,127,27,65,0,0,0,0,0,0,0,0,-32311,0,0,0,0,0,40301,0
40303,-400,8040,594,-666,-35,55,13493,9,-1,-2,0,37082,127,27,65,0,0,0,0,0,0,0,0,-32311,0,0,0,0,0,40306,0
40308,-592,8062,762,-672,-53,28,13490,-7,-2,-2,0,37078,123,27,65,0,0,0,0,0,0,0,0,-32311,0,0,0,0,0,40312,0
40313,-654,8054,722,-668,-66,23,13492,0,7,-2,0,37078,123,27,65,0,0,0,0,0,0,0,0,-32311,0,0,0,0,0,40317,0
40318,-610,8106,740,-676,-85,6,13491,-3,-1,-3,0,37077,120,27,65,0,0,0,0,0,0,0,0,-32311,0,0,0,0,0,40322,0
40323,-594,8060,716,-668,-98,1,13492,0,-1,-2,0,37077,120,27,65,0,0,0,0,0,0,0,0,-32311,0,0,0,0,0,40327,0
40328,-508,8094,830,-662,-111,-16,13492,-3,-2,0,0,37078,116,27,65,0,0,0,0,0,0,0,0,-32311,0,0,0,0,0,40332,0
40333,-506,8090,860,-660,-109,-25,13492,3,1,-1,0,37078,116,27,65,0,0,0,0,0,0,0,0,-32311,0,0,0,0,0,40337,0
40338,-482,8114,934,-658,-105,-31,13492,-3,2,-2,0,37078,118,27,65,0,0,0,0,0,0,0,0,-32311,0,0,0,0,0,40342,0
40343,-504,8120,994,-654,-95,-41,13491,-3,0,-1,0,37078,118,27,65,0,0,0,0,0,0,0,0,-32311,0,0,0,0,0,40347,0
40348,-458,8042,1030,-659,-70,-54,13491,-1,-3,-1,0,37078,120,27,65,0,0,0,0,0,0,0,0,-32311,0,0,0,0,0,40352,0
40353,-488,8040,1038,-648,-55,-62,13493,3,1,-2,0,37078,120,27,65,0,0,0,0,0,0,0,0,-32311,0,0,0,0,0,40357,0
40358,-524,7978,1042,-652,-48,-67,13492,-1,-3,-2,0,37075,123,27,65,0,0,0,0,0,0,0,0,-32311,0,0,0,0,0,40362,0
40363,-630,7988,1078,-642,-49,-71,13491,-1,2,-2,0,37075,123,27,65,0,0,0,0,0,0,0,0,-32311,0,0,0,0,0,40367,0
40368,-738,8022,1152,-634,-67,-81,13492,0,-6,-3,0,37077,130,27,65,0,0,0,0,0,0,0,0,-32311,0,0,0,0,0,40372,0
40373,-770,7968,1156,-625,-70,-88,13491,0,1,-4,0,37077,130,27,65,0,0,0,0,0,0,0,0,-32311,0,0,0,0,0,40377,0
40378,-776,7970,1172,-613,-88,-92,13491,-5,4,-4,0,37083,144,27,65,0,0,0,0,0,0,0,0,-32311,0,0,0,0,0,40382,0
40383,-868,8000,1236,-607,-106,-96,13491,-1,-1,-2,0,37083,144,27,65,0,0,0,0,0,0,0,0,-32311,0,0,0,0,0,40387,0
40388,-774,8006,1448,-575,-132,-99,13492,0,2,-2,0,37085,138,27,65,0,0,0,0,0,0,0,0,-32311,0,0,0,0,0,40392,0
40393,-888,8012,1504,-558,-148,-105,13491,-1,3,-2,0,37085,138,27,65,0,0,0,0,0,0,0,0,-32311,0,0,0,0,0,40397,0
40398,-810,7876,1568,-549,-144,-99,13491,-3,5,-2,0,37085,126,27,65,0,0,0,0,0,0,0,0,-32311,0,0,0,0,0,40402,0
40403,-820,7798,1534,-529,-144,-105,13491,0,0,-2,0,37085,126,27,65,0,0,0,0,0,0,0,0,-32311,0,0,0,0,0,40407,0
40408,-710,7748,1756,-508,-118,-95,13493,4,0,-2,0,37080,109,27,65,0,0,0,0,0,0,0,0,-32311,0,0,0,0,0,40412,0
40413,-916,7726,1718,-497,-103,-101,13491,0,1,-1,0,37080,109,27,65,0,0,0,0,0,0,0,0,-32311,0,0,0,0,0,40417,0
40418,-954,7728,1786,-479,-89,-88,13492,3,0,-4,0,37079,119,27,65,0,0,0,0,0,0,0,0,-32311,0,0,0,0,0,40422,0
40423,-1034,7832,1844,-465,-81,-92,13492,2,-4,-4,0,37079,119,27,65,0,0,0,0,0,0,0,0,-32311,0,0,0,0,0,40427,0
40428,-922,7812,1696,-435,-57,-82,13491,-1,0,0,0,37080,122,27,65,0,0,0,0,0,0,0,0,-32311,0,0,0,0,0,40432,0
40433,-860,7878,1698,-418,-35,-77,13491,1,-1,-1,0,37080,122,27,65,0,0,0,0,0,0,0,0,-32311,0,0,0,0,0,40437,0
40438,-966,7852,1628,-407,-23,-69,13492,5,-5,-2,0,37079,128,27,65,0,0,0,0,0,0,0,0,-32311,0,0,0,0,0,40442,0
40443,-1004,7790,1614,-401,-21,-63,13492,-2,-2,-1,0,37079,128,27,65,0,0,0,0,0,0,0,0,-32311,0,0,0,0,0,40447,0
40448,-1002,7928,1514,-389,-17,-48,13492,0,3,-1,0,37079,126,27,65,0,0,0,0,0,0,0,0,-32311,0,0,0,0,0,40452,0
40453,-1110,7868,1434,-371,-25,-50,13491,-2,-5,-2,0,37079,126,27,65,0,0,0,0,0,0,0,0,-32311,0,0,0,0,0,40457,0
40458,-1220,7862,1372,-362,-29,-58,13491,-5,-5,-2,0,37078,128,27,65,0,0,0,0,0,0,0,0,-32310,0,0,0,0,0,40462,0
40463,-1108,7814,1352,-350,-48,-42,13492,0,-4,-2,0,37078,128,27,65,0,0,0,0,0,0,0,0,-32311,0,0,0,0,0,40467,0
40468,-1106,7858,1294,-340,-63,-38,13491,2,4,-3,0,37077,130,27,65,0,0,0,0,0,0,0,0,-32310,0,0,0,0,0,40472,0
40473,-1076,7926,1352,-341,-64,-24,13491,-6,0,-1,0,37077,130,27,65,0,0,0,0,0,0,0,0,-32310,0,0,0,0,0,40477,0
40478,-1062,7906,1348,-331,-65,-24,13492,0,0,-1,0,37074,125,27,65,0,0,0,0,0,0,0,0,-32311,0,0,0,0,0,40482,0
40483,-1070,7946,1400,-323,-67,-14,13491,-7,2,-3,0,37074,125,27,65,0,0,0,0,0,0,0,0,-32311,0,0,0,0,0,40487,0
40488,-1114,7848,1342,-317,-53,-6,13491,-4,1,-3,0,37077,129,27,65,0,0,0,0,0,0,0,0,-32311,0,0,0,0,0,40492,0
40493,-1090,7778,1388,-312,-60,3,13491,-1,-1,-3,0,37077,129,27,65,0,0,0,0,0,0,0,0,-32311,0,0,0,0,0,40497,0
40498,-1094,7856,1426,-308,-57,14,13492,0,3,-2,0,37078,133,27,65,0,0,0,0,0,0,0,0,-32311,0,0,0,0,0,40502,0
40503,-1126,7916,1500,-305,-61,19,13492,-3,1,-2,0,37078,133,27,65,0,0,0,0,0,0,0,0,-32311,0,0,0,0,0,40507,0
40508,-1134,7876,1460,-291,-53,29,13491,0,1,-1,0,37077,129,27,65,0,0,0,0,0,0,0,0,-32310,0,0,0,0,0,40512,0
40513,-1088,7860,1494,-284,-55,31,13491,-3,-1,-1,0,37077,129,27,65,0,0,0,0,0,0,0,0,-32310,0,0,0,0,0,40517,0
40518,-1068,7878,1524,-278,-53,43,13492,0,3,-1,0,37073,127,27,65,0,0,0,0,0,0,0,0,-32311,0,0,0,0,0,40522,0
40523,-1046,7866,1570,-266,-54,45,13491,0,0,-4,0,37073,127,27,65,0,0,0,0,0,0,0,0,-32311,0,0,0,0,0,40527,0
40528,-1086,7884,1570,-256,-52,58,13492,4,0,-2,0,37074,124,27,65,0,0,0,0,0,0,0,0,-32311,0,0,0,0,0,40532,0
40533,-1034,7876,1586,-250,-48,61,13491,2,2,-1,0,37074,124,27,65,0,0,0,0,0,0,0,0,-32310,0,0,0,0,0,40537,0
40538,-1030,7852,1592,-236,-44,66,13491,-2,-3,-2,0,37075,131,27,65,0,0,0,0,0,0,0,0,-32311,0,0,0,0,0,40542,0
40543,-1032,7838,1620,-226,-50,70,13493,5,2,-2,0,37075,131,27,65,0,0,0,0,0,0,0,0,-32311,0,0,0,0,0,40547,0
40548,-970,7840,1660,-213,-47,77,13493,2,2,-1,0,37076,133,27,65,0,0,0,0,0,0,0,0,-32311,0,0,0,0,0,40552,0
40553,-998,7856,1654,-204,-47,80,13491,1,-3,-1,0,37076,133,27,65,0,0,0,0,0,0,0,0,-32311,0,0,0,0,0,40557,0
40558,-980,7852,1678,-199,-41,86,13493,0,6,-2,0,37075,129,27,65,0,0,0,0,0,0,0,0,-32311,0,0,0,0,0,40562,0
40563,-986,7850,1666,-179,-40,89,13492,1,2,-1,0,37075,129,27,65,0,0,0,0,0,0,0,0,-32311,0,0,0,0,0,40567,0
40568,-932,7876,1680,-170,-34,93,13491,-5,-4,-2,0,37075,120,27,65,0,0,0,0,0,0,0,0,-32311,0,0,0,0,0,40572,0
40573,-922,7870,1662,-165,-29,100,13491,-5,0,-2,0,37075,120,27,65,0,0,0,0,0,0,0,0,-32311,0,0,0,0,0,40577,0
40578,-926,7886,1680,-155,-30,101,13492,0,4,-1,0,37075,122,27,65,0,0,0,0,0,0,0,0,-32311,0,0,0,0,0,40582,0
40583,-924,7870,1632,-147,-27,105,13492,1,2,0,0,37075,122,27,65,0,0,0,0,0,0,0,0,-32311,0,0,0,0,0,40587,0
40588,-928,7896,1590,-131,-17,109,13492,-1,0,1,0,37078,121,27,65,0,0,0,0,0,0,0,0,-32311,0,0,0,0,0,40592,0
40593,-942,7906,1580,-127,-24,109,13493,0,2,-3,0,37078,121,27,65,0,0,0,0,0,0,0,0,-32311,0,0,0,0,0,40597,0
40598,-910,7930,1536,-119,-17,108,13491,-1,-3,-2,0,37079,124,27,65,0,0,0,0,0,0,0,0,-32311,0,0,0,0,0,40602,0
40603,-920,7926,1540,-116,-21,116,13491,1,-3,-1,0,37079,124,27,65,0,0,0,0,0,0,0,0,-32311,0,0,0,0,0,40607,0
40608,-940,7906,1528,-101,-21,119,13493,3,5,-2,0,37077,122,27,65,0,0,0,0,0,0,0,0,-32311,0,0,0,0,0,40612,0
40613,-950,7906,1530,-101,-26,124,13492,5,1,0,0,37077,122,27,65,0,0,0,0,0,0,0,0,-32311,0,0,0,0,0,40617,0
40618,-916,7926,1522,-92,-28,121,13492,-3,-1,-2,0,37077,114,27,65,0,0,0,0,0,0,0,0,-32310,0,0,0,0,0,40622,0
40623,-940,7912,1544,-90,-27,121,13492,3,2,-4,0,37077,114,27,65,0,0,0,0,0,0,0,0,-32311,0,0,0,0,0,40627,0
40628,-846,7924,1566,-78,-25,123,13490,-2,-4,-2,0,37075,118,27,65,0,0,0,0,0,0,0,0,-32311,0,0,0,0,0,40632,0
40633,-832,7904,1604,-72,-28,122,13491,-3,-2,-1,0,37075,118,27,65,0,0,0,0,0,0,0,0,-32311,0,0,0,0,0,40637,0
40638,-820,7926,1574,-63,-23,125,13492,-1,2,-2,0,37078,115,27,65,0,0,0,0,0,0,0,0,-32311,0,0,0,0,0,40642,0
40643,-808,7922,1598,-60,-24,126,13492,0,-1,-2,0,37078,115,27,65,0,0,0,0,0,0,0,0,-32311,0,0,0,0,0,40647,0
40648,-796,7922,1632,-58,-24,124,13493,1,1,-2,0,37082,129,27,65,0,0,0,0,0,0,0,0,-32311,0,0,0,0,0,40652,0
40653,-768,7936,1614,-46,-20,117,13492,0,2,-3,0,37082,129,27,65,0,0,0,0,0,0,0,0,-32310,0,0,0,0,0,40657,0
40658,-748,7918,1626,-43,-21,116,13492,8,-7,-3,0,37081,130,27,65,0,0,0,0,0,0,0,0,-32311,0,0,0,0,0,40662,0
40663,-730,7930,1638,-29,-15,118,13492,0,2,-2,0,37081,130,27,65,0,0,0,0,0,0,0,0,-32311,0,0,0,0,0,40667,0
40668,-690,7916,1640,-21,-16,109,13492,1,3,-2,0,37080,131,27,65,0,0,0,0,0,0,0,0,-32311,0,0,0,0,0,40672,0
40673,-666,7958,1634,-11,-11,108,13492,7,0,-3,0,37080,131,27,65,0,0,0,0,0,0,0,0,-32311,0,0,0,0,0,40677,0
40678,-716,7914,1602,-13,-10,106,13491,-4,1,-2,0,37080,130,27,65,0,0,0,0,0,0,0,0,-32311,0,0,0,0,0,40682,0
40683,-696,7944,1598,-8,-6,105,13492,-3,5,-2,0,37080,130,27,65,0,0,0,0,0,0,0,0,-32311,0,0,0,0,0,40687,0
40688,-708,7942,1580,-3,-10,96,13492,-1,1,0,0,37080,132,27,65,0,0,0,0,0,0,0,0,-32311,0,0,0,0,0,40692,0
40693,-710,7914,1568,3,-14,90,13492,2,0,-1,0,37080,132,27,65,0,0,0,0,0,0,0,0,-32311,0,0,0,0,0,40697,0
40698,-632,7918,1602,1,-8,89,13492,-2,1,-1,0,37080,137,27,65,0,0,0,0,0,0,0,0,-32310,0,0,0,0,0,40702,0
40703,-672,7954,1548,7,-3,83,13491,-1,1,-1,0,37080,137,27,65,0,0,0,0,0,0,0,0,-32311,0,0,0,0,0,40707,0
40708,-660,8002,1500,18,1,74,13493,8,3,-3,0,37079,134,27,65,0,0,0,0,0,0,0,0,-32311,0,0,0,0,0,40712,0
40713,-660,8000,1470,26,6,78,13492,3,4,-2,0,37079,134,27,65,0,0,0,0,0,0,0,0,-32311,0,0,0,0,0,40717,0
40718,-664,7968,1516,14,-2,73,13492,7,4,-3,0,37081,141,27,65,0,0,0,0,0,0,0,0,-32311,0,0,0,0,0,40722,0
40723,-736,7940,1452,20,-3,63,13492,0,1,-3,0,37081,141,27,65,0,0,0,0,0,0,0,0,-32311,0,0,0,0,0,40727,0
40728,-690,7956,1450,26,0,59,13492,5,3,-1,0,37078,136,27,65,0,0,0,0,0,0,0,0,-32311,0,0,0,0,0,40732,0
40733,-704,8026,1434,27,0,50,13491,-4,-1,-1,0,37078,136,27,65,0,0,0,0,0,0,0,0,-32311,0,0,0,0,0,40737,0
40738,-702,8040,1462,30,0,50,13492,1,3,-1,0,37076,134,27,65,0,0,0,0,0,0,0,0,-32311,0,0,0,0,0,40742,0
40743,-666,8028,1466,29,-9,43,13491,0,-4,0,0,37076,134,27,65,0,0,0,0,0,0,0,0,-32311,0,0,0,0,0,40747,0
40748,-634,8000,1428,26,-17,36,13491,0,-2,0,0,37076,127,27,65,0,0,0,0,0,0,0,0,-32311,0,0,0,0,0,40752,0
40753,-662,7968,1442,32,-16,34,13491,-4,0,-3,0,37076,127,27,65,0,0,0,0,0,0,0,0,-32310,0,0,0,0,0,40757,0
40758,-648,7990,1450,34,-13,24,13492,6,4,-3,0,37080,128,27,65,0,0,0,0,0,0,0,0,-32311,0,0,0,0,0,40762,0
40763,-668,7966,1480,34,-14,23,13491,1,-1,-4,0,37080,128,27,65,0,0,0,0,0,0,0,0,-32311,0,0,0,0,0,40767,0
40768,-650,7980,1478,39,-13,16,13491,4,2,-3,0,37082,122,27,65,0,0,0,0,0,0,0,0,-32310,0,0,0,0,0,40772,0
40773,-684,7974,1490,43,-14,7,13492,0,1,-3,0,37082,122,27,65,0,0,0,0,0,0,0,0,-32311,0,0,0,0,0,40777,0
40778,-648,7972,1498,35,-17,7,13491,-2,-1,-2,0,37081,128,27,65,0,0,0,0,0,0,0,0,-32311,0,0,0,0,0,40782,0
40783,-674,7998,1472,45,-19,5,13492,-2,-1,-2,0,37081,128,27,65,0,0,0,0,0,0,0,0,-32311,0,0,0,0,0,40787,0
40788,-688,7988,1476,47,-10,-2,13490,3,-5,-1,0,37081,122,27,65,0,0,0,0,0,0,0,0,-32311,0,0,0,0,0,40792,0
40793,-688,8000,1482,43,-8,-3,13492,0,-1,0,0,37081,122,27,65,0,0,0,0,0,0,0,0,-32311,0,0,0,0,0,40797,0
40798,-712,7998,1438,44,-6,-5,13493,6,7,-4,0,37081,117,27,65,0,0,0,0,0,0,0,0,-32311,0,0,0,0,0,40802,0
40803,-710,7976,1426,44,-3,-7,13491,-9,-2,-4,0,37081,117,27,65,0,0,0,0,0,0,0,0,-32311,0,0,0,0,0,40807,0
40808,-772,7988,1440,43,-4,-12,13492,2,4,-3,0,37086,118,27,65,0,0,0,0,0,0,0,0,-32311,0,0,0,0,0,40812,0
40813,-766,7992,1418,43,-8,-12,13491,-6,-1,-1,0,37086,118,27,65,0,0,0,0,0,0,0,0,-32311,0,0,0,0,0,40817,0
40818,-758,7972,1410,46,-6,-18,13492,3,1,-3,0,37085,112,27,65,0,0,0,0,0,0,0,0,-32311,0,0,0,0,0,40822,0
40823,-776,7962,1418,45,-10,-20,13492,3,0,-3,0,37085,112,27,65,0,0,0,0,0,0,0,0,-32311,0,0,0,0,0,40827,0
40828,-782,7956,1426,53,-15,-26,13491,-5,0,-2,0,37086,124,27,65,0,0,0,0,0,0,0,0,-32311,0,0,0,0,0,40832,0
40833,-788,7966,1432,52,-10,-25,13492,2,-2,-2,0,37086,124,27,65,0,0,0,0,0,0,0,0,-32311,0,0,0,0,0,40837,0
40838,-776,7962,1444,47,-16,-27,13491,0,1,-1,0,37082,118,27,65,0,0,0,0,0,0,0,0,-32311,0,0,0,0,0,40842,0
40843,-740,7952,1442,48,-11,-30,13493,3,1,-1,0,37082,118,27,65,0,0,0,0,0,0,0,0,-32311,0,0,0,0,0,40847,0
40848,-790,7942,1462,47,-12,-33,13492,1,-2,0,0,37084,125,27,65,0,0,0,0,0,0,0,0,-32311,0,0,0,0,0,40852,0
40853,-822,7956,1454,53,-9,-26,13493,5,0,-1,0,37084,125,27,65,0,0,0,0,0,0,0,0,-32311,0,0,0,0,0,40857,0
40858,-838,7946,1458,57,-12,-28,13491,-7,-8,-1,0,37083,133,27,65,0,0,0,0,0,0,0,0,-32311,0,0,0,0,0,40862,0
40863,-860,7966,1474,53,-10,-31,13491,-2,-2,-2,0,37083,133,27,65,0,0,0,0,0,0,0,0,-32311,0,0,0,0,0,40867,0
40868,-858,7942,1434,48,-15,-28,13491,1,-3,-2,0,37083,136,27,65,0,0,0,0,0,0,0,0,-32310,0,0,0,0,0,40872,0
40873,-884,7960,1436,53,-11,-27,13491,3,3,-2,0,37083,136,27,65,0,0,0,0,0,0,0,0,-32311,0,0,0,0,0,40877,0
40878,-886,7986,1424,50,-12,-21,13492,6,-2,-2,0,37080,137,27,65,0,0,0,0,0,0,0,0,-32311,0,0,0,0,0,40882,0
40883,-880,7950,1456,49,-11,-27,13492,5,0,-2,0,37080,137,27,65,0,0,0,0,0,0,0,0,-32311,0,0,0,0,0,40887,0
40888,-890,7962,1436,49,-10,-19,13491,0,-1,-1,0,37083,141,27,65,0,0,0,0,0,0,0,0,-32311,0,0,0,0,0,40892,0
40893,-862,7958,1440,53,-11,-17,13493,3,-1,-1,0,37083,141,27,65,0,0,0,0,0,0,0,0,-32310,0,0,0,0,0,40897,0
40898,-906,7958,1424,57,-8,-22,13492,2,-3,-3,0,37084,137,27,65,0,0,0,0,0,0,0,0,-32311,0,0,0,0,0,40902,0
40903,-888,7930,1426,55,-2,-16,13491,-1,0,-6,0,37084,137,27,65,0,0,0,0,0,0,0,0,-32310,0,0,0,0,0,40907,0
40908,-930,7932,1410,56,-8,-12,13493,0,-6,-3,0,37090,133,27,65,0,0,0,0,0,0,0,0,-32311,0,0,0,0,0,40912,0
40913,-904,7934,1438,57,-4,-11,13491,-5,2,-1,0,37090,133,27,65,0,0,0,0,0,0,0,0,-32310,0,0,0,0,0,40917,0
40918,-930,7962,1428,59,-5,-8,13491,-3,0,-3,0,37087,124,27,65,0,0,0,0,0,0,0,0,-32311,0,0,0,0,0,40922,0
40923,-910,7956,1446,56,-5,0,13493,0,-5,-1,0,37087,124,27,65,0,0,0,0,0,0,0,0,-32311,0,0,0,0,0,40927,0
40928,-914,7954,1434,57,-8,-1,13492,2,2,0,0,37088,117,27,65,0,0,0,0,0,0,0,0,-32311,0,0,0,0,0,40932,0
40933,-924,7970,1424,58,-7,3,13491,-3,0,0,0,37088,117,27,65,0,0,0,0,0,0,0,0,-32311,0,0,0,0,0,40937,0
40938,-932,7952,1446,57,-12,7,13492,-1,-1,-1,0,37083,131,27,65,0,0,0,0,0,0,0,0,-32311,0,0,0,0,0,40942,0
40943,-958,7970,1436,57,-11,5,13491,-2,-2,-2,0,37083,131,27,65,0,0,0,0,0,0,0,0,-32311,0,0,0,0,0,40947,0
40948,-940,7922,1450,59,-9,10,13491,0,1,-2,0,37083,139,27,65,0,0,0,0,0,0,0,0,-32310,0,0,0,0,0,40952,0
40953,-942,7922,1442,63,-14,15,13491,-2,-4,-2,0,37083,139,27,65,0,0,0,0,0,0,0,0,-32311,0,0,0,0,0,40957,0
40958,-964,7936,1464,58,-12,13,13491,-7,0,-2,0,37080,135,27,65,0,0,0,0,0,0,0,0,-32311,0,0,0,0,0,40962,0
40963,-958,7936,1464,61,-14,22,13492,0,-2,-2,0,37080,135,27,65,0,0,0,0,0,0,0,0,-32311,0,0,0,0,0,40967,0
40968,-946,7916,1492,64,-13,25,13492,1,2,-3,0,37081,125,27,65,0,0,0,0,0,0,0,0,-32311,0,0,0,0,0,40972,0
40973,-936,7932,1452,60,-10,25,13492,0,-1,-3,0,37081,125,27,65,0,0,0,0,0,0,0,0,-32311,0,0,0,0,0,40977,0
40978,-920,7942,1482,61,-8,34,13492,4,0,-1,0,37083,125,27,65,0,0,0,0,0,0,0,0,-32311,0,0,0,0,0,40982,0
40983,-906,7930,1462,63,-3,30,13492,3,2,-2,0,37083,125,27,65,0,0,0,0,0,0,0,0,-32310,0,0,0,0,0,40987,0
40988,-902,7934,1464,64,2,38,13491,1,-1,-1,0,37084,118,27,65,0,0,0,0,0,0,0,0,-32311,0,0,0,0,0,40992,0
40993,-926,7934,1458,60,-1,41,13492,-1,3,-1,0,37084,118,27,65,0,0,0,0,0,0,0,0,-32311,0,0,0,0,0,40997,0
40998,-910,7946,1418,59,2,45,13491,-4,-1,-2,0,37081,119,27,65,0,0,0,0,0,0,0,0,-32311,0,0,0,0,0,41002,0
41003,-922,7948,1434,67,2,43,13492,-3,2,-4,0,37081,119,27,65,0,0,0,0,0,0,0,0,-32310,0,0,0,0,0,41007,0
41008,-952,7936,1442,67,-6,48,13492,1,-3,-5,0,37086,112,27,65,0,0,0,0,0,0,0,0,-32310,0,0,0,0,0,41012,0
41013,-926,7936,1418,62,-5,52,13492,3,0,-1,0,37086,112,27,65,0,0,0,0,0,0,0,0,-32311,0,0,0,0,0,41017,0
41018,-914,7946,1432,63,-10,46,13492,0,-1,-2,0,37087,113,27,65,0,0,0,0,0,0,0,0,-32311,0,0,0,0,0,41022,0
41023,-868,7948,1414,62,-8,52,13492,0,1,-2,0,37087,113,27,65,0,0,0,0,0,0,0,0,-32311,0,0,0,0,0,41027,0
41028,-874,7956,1444,66,-13,52,13492,3,2,-1,0,37089,126,27,65,0,0,0,0,0,0,0,0,-32311,0,0,0,0,0,41032,0
41033,-858,7940,1460,68,-9,58,13492,-2,-6,-2,0,37089,126,27,65,0,0,0,0,0,0,0,0,-32310,0,0,0,0,0,41037,0
41038,-860,7942,1464,69,-11,60,13492,5,1,-3,0,37082,130,27,65,0,0,0,0,0,0,0,0,-32311,0,0,0,0,0,41042,0
41043,-848,7932,1482,68,-15,62,13492,2,0,-2,0,37082,130,27,65,0,0,0,0,0,0,0,0,-32311,0,0,0,0,0,41047,0
41048,-878,7914,1456,71,-12,55,13492,0,-1,-3,0,37081,131,27,65,0,0,0,0,0,0,0,0,-32311,0,0,0,0,0,41052,0
41053,-854,7936,1470,75,-11,59,13493,5,-3,-3,0,37081,131,27,65,0,0,0,0,0,0,0,0,-32310,0,0,0,0,0,41057,0
41058,-860,7936,1470,65,-1,61,13491,-2,0,-2,0,37083,121,27,65,0,0,0,0,0,0,0,0,-32311,0,0,0,0,0,41062,0
41063,-822,7928,1452,72,-5,60,13491,-6,-1,-2,0,37083,121,27,65,0,0,0,0,0,0,0,0,-32311,0,0,0,0,0,41067,0
41068,-824,7958,1450,72,-8,66,13491,-1,-4,-2,0,37084,124,27,65,0,0,0,0,0,0,0,0,-32311,0,0,0,0,0,41072,0
41073,-816,7992,1432,73,-4,60,13491,-3,3,-2,0,37084,124,27,65,0,0,0,0,0,0,0,0,-32312,0,0,0,0,0,41077,0
41078,-816,7982,1452,70,-4,63,13492,3,1,-2,0,37083,128,27,65,0,0,0,0,0,0,0,0,-32311,0,0,0,0,0,41082,0
41083,-814,7988,1428,72,-2,64,13492,1,-1,-3,0,37083,128,27,65,0,0,0,0,0,0,0,0,-32311,0,0,0,0,0,41087,0
41088,-784,7970,1414,69,-6,56,13491,1,2,-1,0,37080,130,27,65,0,0,0,0,0,0,0,0,-32311,0,0,0,0,0,41092,0
41093,-810,7938,1420,70,-6,61,13493,4,-3,-1,0,37080,130,27,65,0,0,0,0,0,0,0,0,-32311,0,0,0,0,0,41097,0
41098,-784,7932,1406,71,-7,59,13491,1,3,-2,0,37081,126,27,65,0,0,0,0,0,0,0,0,-32311,0,0,0,0,0,41102,0
41103,-780,7940,1408,67,-7,52,13489,-7,-1,-2,0,37081,126,27,65,0,0,0,0,0,0,0,0,-32311,0,0,0,0,0,41107,0
41108,-764,7990,1428,72,-9,51,13492,-1,-8,-1,0,37084,122,27,65,0,0,0,0,0,0,0,0,-32311,0,0,0,0,0,41112,0
41113,-790,7986,1430,79,-11,52,13492,3,0,-2,0,37084,122,27,65,0,0,0,0,0,0,0,0,-32311,0,0,0,0,0,41117,0
41118,-752,7978,1426,68,-10,51,13492,2,6,-3,0,37085,126,27,65,0,0,0,0,0,0,0,0,-32311,0,0,0,0,0,41122,0
41123,-740,7982,1420,72,-10,44,13491,1,-5,-2,0,37085,126,27,65,0,0,0,0,0,0,0,0,-32311,0,0,0,0,0,41127,0
41128,-720,7962,1456,67,-7,42,13492,-2,-1,-1,0,37085,128,27,65,0,0,0,0,0,0,0,0,-32311,0,0,0,0,0,41132,0
41133,-754,7954,1420,69,-7,41,13492,1,-2,-1,0,37085,128,27,65,0,0,0,0,0,0,0,0,-32311,0,0,0,0,0,41137,0
41138,-758,7964,1430,71,-9,38,13492,4,0,-1,0,37081,124,27,65,0,0,0,0,0,0,0,0,-32311,0,0,0,0,0,41142,0
41143,-766,7980,1428,71,-5,40,13491,-2,1,-2,0,37081,124,27,65,0,0,0,0,0,0,0,0,-32311,0,0,0,0,0,41147,0
41148,-796,7946,1414,67,-11,35,13491,1,-1,-3,0,37083,124,27,65,0,0,0,0,0,0,0,0,-32311,0,0,0,0,0,41152,0
41153,-772,7958,1434,73,-11,35,13492,-1,1,-4,0,37083,124,27,65,0,0,0,0,0,0,0,0,-32310,0,0,0,0,0,41157,0
41158,-782,7986,1428,67,-9,32,13492,0,-1,-2,0,37086,127,27,65,0,0,0,0,0,0,0,0,-32311,0,0,0,0,0,41162,0
41163,-724,7976,1416,69,-11,30,13492,-5,2,-2,0,37086,127,27,65,0,0,0,0,0,0,0,0,-32311,0,0,0,0,0,41167,0
41168,-762,8016,1402,67,-3,27,13491,3,-2,-2,0,37088,135,27,65,0,0,0,0,0,0,0,0,-32311,0,0,0,0,0,41172,0
41173,-748,7980,1408,60,-3,21,13492,7,2,-3,0,37088,135,27,65,0,0,0,0,0,0,0,0,-32311,0,0,0,0,0,41177,0
41178,-778,7960,1384,58,-3,26,13492,0,-5,-1,0,37086,126,27,65,0,0,0,0,0,0,0,0,-32311,0,0,0,0,0,41182,0
41183,-750,7992,1390,61,1,26,13491,0,4,0,0,37086,126,27,65,0,0,0,0,0,0,0,0,-32311,0,0,0,0,0,41187,0
41188,-764,7974,1402,64,-7,17,13492,0,0,-1,0,37084,128,27,65,0,0,0,0,0,0,0,0,-32311,0,0,0,0,0,41192,0
41193,-762,7968,1382,66,-7,12,13492,1,-1,-1,0,37084,128,27,65,0,0,0,0,0,0,0,0,-32310,0,0,0,0,0,41197,0
41198,-750,7992,1384,57,-7,14,13491,4,-2,-2,0,37083,129,27,65,0,0,0,0,0,0,0,0,-32311,0,0,0,0,0,41202,0
41203,-738,8012,1394,61,-13,12,13492,0,-1,-2,0,37083,129,27,65,0,0,0,0,0,0,0,0,-32310,0,0,0,0,0,41207,0
41208,-754,8018,1414,57,-17,8,13491,-1,1,-2,0,37080,130,27,65,0,0,0,0,0,0,0,0,-32311,0,0,0,0,0,41212,0
41213,-730,8004,1410,59,-13,6,13492,0,0,-4,0,37080,130,27,65,0,0,0,0,0,0,0,0,-32311,0,0,0,0,0,41217,0
41218,-748,7974,1420,54,-7,-1,13492,-1,0,-7,0,37078,133,27,65,0,0,0,0,0,0,0,0,-32311,0,0,0,0,0,41222,0
41223,-758,7974,1428,58,-13,1,13492,0,-2,-3,0,37078,133,27,65,0,0,0,0,0,0,0,0,-32310,0,0,0,0,0,41227,0
41228,-800,7982,1442,52,-15,0,13491,4,3,0,0,37080,126,27,65,0,0,0,0,0,0,0,0,-32311,0,0,0,0,0,41232,0
41233,-782,7970,1436,57,-14,-2,13492,3,1,-2,0,37080,126,27,65,0,0,0,0,0,0,0,0,-32311,0,0,0,0,0,41237,0
41238,-800,7960,1432,57,-14,-5,13492,1,-1,-2,0,37080,131,27,65,0,0,0,0,0,0,0,0,-32311,0,0,0,0,0,41242,0
41243,-806,7952,1434,60,-17,-4,13491,-4,3,-1,0,37080,131,27,65,0,0,0,0,0,0,0,0,-32311,0,0,0,0,0,41247,0
41248,-804,7966,1456,53,-10,-2,13492,0,-1,-1,0,37082,127,27,65,0,0,0,0,0,0,0,0,-32311,0,0,0,0,0,41252,0
41253,-818,7964,1446,56,2,-8,13492,0,-2,-2,0,37082,127,27,65,0,0,0,0,0,0,0,0,-32311,0,0,0,0,0,41257,0
41258,-808,7956,1456,53,-6,-7,13492,3,1,-2,0,37081,129,27,65,0,0,0,0,0,0,0,0,-32311,0,0,0,0,0,41262,0
41263,-844,7984,1414,55,-5,-10,13492,1,3,-2,0,37081,129,27,65,0,0,0,0,0,0,0,0,-32311,0,0,0,0,0,41267,0
41268,-872,7944,1430,55,-8,-8,13492,1,1,-3,0,37082,125,27,65,0,0,0,0,0,0,0,0,-32311,0,0,0,0,0,41272,0
41273,-846,7972,1404,54,-6,-5,13492,-3,-4,-2,0,37082,125,27,65,0,0,0,0,0,0,0,0,-32311,0,0,0,0,0,41277,0
41278,-852,7954,1418,58,-5,-9,13491,2,0,-2,0,37085,124,27,65,0,0,0,0,0,0,0,0,-32311,0,0,0,0,0,41282,0
41283,-818,7974,1428,48,-7,-4,13491,-7,2,-2,0,37085,124,27,65,0,0,0,0,0,0,0,0,-32311,0,0,0,0,0,41287,0
41288,-864,7976,1430,55,-10,-5,13492,1,0,-1,0,37083,126,27,65,0,0,0,0,0,0,0,0,-32311,0,0,0,0,0,41292,0
41293,-826,7972,1426,51,-7,-4,13491,-1,1,-2,0,37083,126,27,65,0,0,0,0,0,0,0,0,-32311,0,0,0,0,0,41297,0
41298,-848,7974,1442,45,-7,-3,13492,1,-1,-2,0,37080,125,27,65,0,0,0,0,0,0,0,0,-32311,0,0,0,0,0,41302,0
41303,-856,7964,1442,54,-10,-4,13492,-4,-3,-1,0,37080,125,27,65,0,0,0,0,0,0,0,0,-32311,0,0,0,0,0,41307,0
41308,-856,7942,1452,49,-14,-4,13493,1,2,0,0,37080,120,27,65,0,0,0,0,0,0,0,0,-32311,0,0,0,0,0,41313,0
41313,-882,7950,1438,53,-13,-3,13491,9,3,-2,0,37080,120,27,65,0,0,0,0,0,0,0,0,-32311,0,0,0,0,0,41318,0
41318,-844,7934,1436,48,-16,-2,13492,4,-2,-1,0,37083,119,27,65,0,0,0,0,0,0,0,0,-32310,0,0,0,0,0,41323,0
41323,-850,7940,1454,54,-15,-4,13491,0,-1,-1,0,37083,119,27,65,0,0,0,0,0,0,0,0,-32311,0,0,0,0,0,41328,0
41328,-868,7948,1458,50,-15,-1,13492,2,-1,-2,0,37087,121,27,65,0,0,0,0,0,0,0,0,-32311,0,0,0,0,0,41333,0
41333,-888,7970,1450,48,-8,1,13492,-5,-2,-2,0,37087,121,27,65,0,0,0,0,0,0,0,0,-32311,0,0,0,0,0,41338,0
41338,-874,7942,1444,54,-13,2,13491,-1,-2,-2,0,37085,125,27,65,0,0,0,0,0,0,0,0,-32311,0,0,0,0,0,41343,0
41343,-886,7936,1428,52,-11,3,13491,-1,-4,-3,0,37085,125,27,65,0,0,0,0,0,0,0,0,-32311,0,0,0,0,0,41348,0
41348,-892,7928,1450,58,-10,7,13492,1,-3,-1,0,37084,123,27,65,0,0,0,0,0,0,0,0,-32311,0,0,0,0,0,41353,0
41353,-888,7938,1464,54,-5,11,13492,0,0,-1,0,37084,123,27,65,0,0,0,0,0,0,0,0,-32311,0,0,0,0,0,41358,0
41358,-878,7972,1458,55,-7,10,13493,5,1,-1,0,37083,125,27,65,0,0,0,0,0,0,0,0,-32311,0,0,0,0,0,41363,0
41363,-892,7950,1456,56,-13,11,13492,1,-1,-2,0,37083,125,27,65,0,0,0,0,0,0,0,0,-32311,0,0,0,0,0,41368,0
41368,-898,7944,1492,54,-6,13,13491,-1,0,-2,0,37083,129,27,65,0,0,0,0,0,0,0,0,-32311,0,0,0,0,0,41373,0
41373,-910,7956,1480,59,-13,16,13492,2,-5,-3,0,37083,129,27,65,0,0,0,0,0,0,0,0,-32311,0,0,0,0,0,41378,0
41378,-898,7938,1456,56,-15,17,13491,-3,2,0,0,37083,134,27,65,0,0,0,0,0,0,0,0,-32311,0,0,0,0,0,41383,0
41383,-906,7942,1454,56,-10,23,13490,-7,-2,-1,0,37083,134,27,65,0,0,0,0,0,0,0,0,-32311,0,0,0,0,0,41388,0
41388,-916,7948,1468,59,-9,19,13491,-9,-7,-2,0,37082,140,27,65,0,0,0,0,0,0,0,0,-32311,0,0,0,0,0,41393,0
41393,-904,7936,1464,60,-8,24,13492,-5,0,-1,0,37082,140,27,65,0,0,0,0,0,0,0,0,-32311,0,0,0,0,0,41398,0
41398,-896,7948,1478,63,-9,28,13491,-3,2,-2,0,37080,135,27,65,0,0,0,0,0,0,0,0,-32311,0,0,0,0,0,41403,0
41403,-880,7958,1466,62,-6,25,13491,-6,1,-1,0,37080,135,27,65,0,0,0,0,0,0,0,0,-32310,0,0,0,0,0,41408,0
41408,-870,7940,1484,58,-8,33,13492,4,-1,-2,0,37081,118,27,65,0,0,0,0,0,0,0,0,-32311,0,0,0,0,0,41413,0
41413,-876,7922,1482,65,-7,32,13492,2,4,-1,0,37081,118,27,65,0,0,0,0,0,0,0,0,-32311,0,0,0,0,0,41418,0
41418,-884,7940,1464,61,-3,31,13491,2,5,-3,0,37084,124,27,65,0,0,0,0,0,0,0,0,-32311,0,0,0,0,0,41423,0
41423,-866,7962,1468,62,-7,30,13491,-1,1,-4,0,37084,124,27,65,0,0,0,0,0,0,0,0,-32311,0,0,0,0,0,41428,0
41428,-880,7960,1472,65,-13,32,13492,1,0,-3,0,37091,122,27,65,0,0,0,0,0,0,0,0,-32311,0,0,0,0,0,41433,0
41433,-874,7978,1472,66,-5,34,13492,1,1,-1,0,37091,122,27,65,0,0,0,0,0,0,0,0,-32311,0,0,0,0,0,41438,0
41438,-866,7970,1464,71,-6,35,13491,-2,1,0,0,37092,124,27,65,0,0,0,0,0,0,0,0,-32310,0,0,0,0,0,41443,0
41443,-888,7946,1466,65,-10,34,13492,0,-3,-1,0,37092,124,27,65,0,0,0,0,0,0,0,0,-32311,0,0,0,0,0,41448,0
41448,-894,7934,1458,65,-11,37,13492,0,-3,-1,0,37089,114,27,65,0,0,0,0,0,0,0,0,-32311,0,0,0,0,0,41453,0
41453,-886,7970,1454,69,-11,39,13492,5,-1,-2,0,37089,114,27,65,0,0,0,0,0,0,0,0,-32311,0,0,0,0,0,41458,0
41458,-888,7954,1464,73,-11,45,13493,5,-2,-2,0,37083,120,27,65,0,0,0,0,0,0,0,0,-32311,0,0,0,0,0,41463,0
41463,-866,7936,1464,69,-8,36,13491,-5,1,-3,0,37083,120,27,65,0,0,0,0,0,0,0,0,-32311,0,0,0,0,0,41468,0
41468,-828,7952,1470,73,-10,43,13491,-4,-4,-2,0,37083,122,27,65,0,0,0,0,0,0,0,0,-32311,0,0,0,0,0,41473,0
41473,-830,7956,1474,71,-8,43,13492,-6,-3,-2,0,37083,122,27,65,0,0,0,0,0,0,0,0,-32311,0,0,0,0,0,41478,0
41478,-836,7942,1464,76,-4,44,13492,0,1,-1,0,37092,118,27,65,0,0,0,0,0,0,0,0,-32310,0,0,0,0,0,41483,0
41483,-836,7962,1448,70,-8,48,13492,-2,2,-3,0,37092,118,27,65,0,0,0,0,0,0,0,0,-32311,0,0,0,0,0,41488,0
41488,-832,7954,1442,69,-2,46,13492,1,-3,-2,0,37103,116,27,65,0,0,0,0,0,0,0,0,-32311,0,0,0,0,0,41493,0
41493,-854,7932,1450,72,-4,47,13492,-1,-1,-1,0,37103,116,27,65,0,0,0,0,0,0,0,0,-32311,0,0,0,0,0,41498,0
41498,-834,7964,1444,76,-6,48,13492,0,1,-2,0,37114,127,27,65,0,0,0,0,0,0,0,0,-32311,0,0,0,0,0,41503,0
41503,-814,7940,1454,73,-4,46,13491,-6,-2,-2,0,37114,127,27,65,0,0,0,0,0,0,0,0,-32311,0,0,0,0,0,41508,0
41508,-820,7946,1452,75,-7,42,13491,2,-1,-4,0,37107,132,27,65,0,0,0,0,0,0,0,0,-32311,0,0,0,0,0,41513,0
41513,-808,7974,1436,69,-13,40,13492,8,-2,-2,0,37107,132,27,65,0,0,0,0,0,0,0,0,-32311,0,0,0,0,0,41518,0
41518,-808,7986,1450,83,-4,38,13492,0,0,-2,0,37095,134,27,65,0,0,0,0,0,0,0,0,-32311,0,0,0,0,0,41523,0
41523,-804,7996,1450,75,-11,42,13492,4,2,-3,0,37095,134,27,65,0,0,0,0,0,0,0,0,-32311,0,0,0,0,0,41528,0
41528,-784,7954,1486,80,-4,38,13492,1,0,-1,0,37086,133,27,65,0,0,0,0,0,0,0,0,-32311,0,0,0,0,0,41533,0
41533,-802,7948,1460,77,-11,37,13491,0,-4,-1,0,37086,133,27,65,0,0,0,0,0,0,0,0,-32311,0,0,0,0,0,41538,0
41538,-786,7960,1482,79,-13,36,13492,-1,0,-2,0,37087,130,27,65,0,0,0,0,0,0,0,0,-32311,0,0,0,0,0,41543,0
41543,-818,7954,1480,78,-11,36,13490,-3,-6,-1,0,37087,130,27,65,0,0,0,0,0,0,0,0,-32310,0,0,0,0,0,41548,0
41548,-772,7978,1470,77,-6,33,13493,5,0,-1,0,37085,122,27,65,0,0,0,0,0,0,0,0,-32310,0,0,0,0,0,41553,0
41553,-802,7964,1488,76,-11,34,13492,3,0,-3,0,37085,122,27,65,0,0,0,0,0,0,0,0,-32311,0,0,0,0,0,41558,0
41558,-804,7964,1454,76,-6,35,13491,2,-2,-3,0,37083,110,27,65,0,0,0,0,0,0,0,0,-32311,0,0,0,0,0,41563,0
41563,-802,7986,1450,77,-9,39,13492,0,1,-1,0,37083,110,27,65,0,0,0,0,0,0,0,0,-32311,0,0,0,0,0,41568,0
41568,-798,7972,1452,81,-5,30,13491,3,-1,0,0,37082,119,27,65,0,0,0,0,0,0,0,0,-32311,0,0,0,0,0,41573,0
41573,-818,7978,1414,80,1,31,13491,-2,0,-2,0,37082,119,27,65,0,0,0,0,0,0,0,0,-32311,0,0,0,0,0,41578,0
41578,-806,7980,1432,80,-2,30,13492,3,2,-1,0,37085,125,27,65,0,0,0,0,0,0,0,0,-32311,0,0,0,0,0,41583,0
41583,-788,7968,1404,79,-1,31,13491,0,0,-3,0,37085,125,27,65,0,0,0,0,0,0,0,0,-32311,0,0,0,0,0,41588,0
41588,-810,7974,1392,75,-6,26,13492,-1,-1,-3,0,37084,129,27,65,0,0,0,0,0,0,0,0,-32311,0,0,0,0,0,41593,0
41593,-828,7986,1384,70,-6,30,13491,0,-3,-2,0,37084,129,27,65,0,0,0,0,0,0,0,0,-32311,0,0,0,0,0,41598,0
41598,-786,7968,1404,79,-4,28,13492,0,-5,-2,0,37079,125,27,65,0,0,0,0,0,0,0,0,-32311,0,0,0,0,0,41603,0
41603,-792,7986,1412,78,-6,29,13492,6,1,-2,0,37079,125,27,65,0,0,0,0,0,0,0,0,-32311,0,0,0,0,0,41608,0
41608,-768,7954,1428,73,-15,21,13491,-5,-3,-1,0,37079,121,27,65,0,0,0,0,0,0,0,0,-32311,0,0,0,0,0,41613,0
41613,-774,7976,1420,71,-9,24,13492,2,5,-1,0,37079,121,27,65,0,0,0,0,0,0,0,0,-32311,0,0,0,0,0,41618,0
41618,-776,7968,1422,73,-11,19,13492,8,1,-4,0,37081,124,27,65,0,0,0,0,0,0,0,0,-32311,0,0,0,0,0,41623,0
41623,-770,7964,1440,75,-9,21,13493,7,3,-2,0,37081,124,27,65,0,0,0,0,0,0,0,0,-32310,0,0,0,0,0,41628,0
41628,-776,7972,1468,76,-15,13,13492,1,1,-1,0,37084,126,27,65,0,0,0,0,0,0,0,0,-32311,0,0,0,0,0,41633,0
41633,-768,7988,1476,73,-14,13,13491,-6,-2,-1,0,37084,126,27,65,0,0,0,0,0,0,0,0,-32311,0,0,0,0,0,41638,0
41638,-784,7976,1470,72,-13,15,13493,8,2,-2,0,37086,133,27,65,0,0,0,0,0,0,0,0,-32311,0,0,0,0,0,41643,0
41643,-766,7986,1458,74,-4,14,13491,-4,-6,-2,0,37086,133,27,65,0,0,0,0,0,0,0,0,-32311,0,0,0,0,0,41648,0
41648,-818,7944,1452,72,-4,18,13492,1,-2,-1,0,37084,136,27,65,0,0,0,0,0,0,0,0,-32311,0,0,0,0,0,41653,0
41653,-790,7976,1446,74,-10,11,13491,-2,-1,-2,0,37084,136,27,65,0,0,0,0,0,0,0,0,-32311,0,0,0,0,0,41658,0
41658,-800,7986,1464,71,-6,17,13491,-5,2,-1,0,37083,134,27,65,0,0,0,0,0,0,0,0,-32311,0,0,0,0,0,41663,0
41663,-830,7966,1452,76,-6,7,13492,-1,-1,-2,0,37083,134,27,65,0,0,0,0,0,0,0,0,-32310,0,0,0,0,0,41668,0
41668,-814,7984,1422,79,-8,6,13491,0,-4,-3,0,37080,134,27,65,0,0,0,0,0,0,0,0,-32311,0,0,0,0,0,41673,0
41673,-822,7972,1438,79,-4,7,13491,0,-5,-3,0,37080,134,27,65,0,0,0,0,0,0,0,0,-32310,0,0,0,0,0,41678,0
41678,-818,7978,1424,79,-2,7,13492,0,1,-1,0,37082,141,27,65,0,0,0,0,0,0,0,0,-32311,0,0,0,0,0,41683,0
41683,-790,7978,1424,73,-7,10,13492,4,4,-1,0,37082,141,27,65,0,0,0,0,0,0,0,0,-32311,0,0,0,0,0,41688,0
41688,-832,7982,1412,67,-11,8,13491,-5,-2,0,0,37084,142,27,65,0,0,0,0,0,0,0,0,-32311,0,0,0,0,0,41693,0
41693,-816,7968,1418,73,-7,8,13492,-3,4,-1,0,37084,142,27,65,0,0,0,0,0,0,0,0,-32311,0,0,0,0,0,41698,0
41698,-818,7990,1418,74,-18,8,13491,-1,3,-4,0,37085,134,27,65,0,0,0,0,0,0,0,0,-32311,0,0,0,0,0,41703,0
41703,-844,7964,1424,71,-12,4,13492,3,1,-1,0,37085,134,27,65,0,0,0,0,0,0,0,0,-32311,0,0,0,0,0,41708,0
41708,-826,7948,1434,75,-9,4,13492,3,1,-1,0,37086,116,27,65,0,0,0,0,0,0,0,0,-32311,0,0,0,0,0,41713,0
41713,-830,7944,1434,76,-10,5,13492,-2,3,-1,0,37086,116,27,65,0,0,0,0,0,0,0,0,-32311,0,0,0,0,0,41718,0
41718,-814,7970,1466,67,-12,5,13492,3,1,-3,0,37084,108,27,65,0,0,0,0,0,0,0,0,-32311,0,0,0,0,0,41723,0
41723,-842,7970,1466,73,-9,7,13491,3,-5,-4,0,37084,108,27,65,0,0,0,0,0,0,0,0,-32310,0,0,0,0,0,41728,0
41728,-856,7960,1454,78,-12,2,13491,0,1,-2,0,37082,110,27,65,0,0,0,0,0,0,0,0,-32310,0,0,0,0,0,41733,0
41733,-878,7948,1468,75,-12,5,13492,4,4,-2,0,37082,110,27,65,0,0,0,0,0,0,0,0,-32311,0,0,0,0,0,41738,0
41738,-872,7942,1454,71,-8,5,13490,-7,-2,-2,0,37079,119,27,65,0,0,0,0,0,0,0,0,-32311,0,0,0,0,0,41743,0
41743,-876,7944,1464,75,-10,2,13492,-1,1,0,0,37079,119,27,65,0,0,0,0,0,0,0,0,-32310,0,0,0,0,0,41748,0
41748,-874,7928,1484,75,-10,4,13492,0,3,0,0,37084,123,27,65,0,0,0,0,0,0,0,0,-32311,0,0,0,0,0,41753,0
41753,-878,7958,1458,77,-5,9,13492,-1,-1,-3,0,37084,123,27,65,0,0,0,0,0,0,0,0,-32311,0,0,0,0,0,41758,0
41758,-882,7948,1450,76,-5,11,13491,-5,-3,-2,0,37086,123,27,65,0,0,0,0,0,0,0,0,-32311,0,0,0,0,0,41763,0
41763,-878,7944,1450,84,-8,14,13492,-2,-2,-1,0,37086,123,27,65,0,0,0,0,0,0,0,0,-32311,0,0,0,0,0,41768,0
41768,-858,7940,1436,78,-5,16,13492,0,-4,-2,0,37086,119,27,65,0,0,0,0,0,0,0,0,-32311,0,0,0,0,0,41773,0
41773,-882,7946,1458,81,-1,15,13493,3,5,-3,0,37086,119,27,65,0,0,0,0,0,0,0,0,-32311,0,0,0,0,0,41778,0
41778,-898,7952,1454,79,-4,16,13491,1,-4,-1,0,37083,117,27,65,0,0,0,0,0,0,0,0,-32311,0,0,0,0,0,41783,0
41783,-838,7978,1444,81,-6,15,13492,-4,-2,-1,0,37083,117,27,65,0,0,0,0,0,0,0,0,-32310,0,0,0,0,0,41788,0
41788,-852,7930,1460,80,-7,21,13492,0,3,0,0,37082,116,27,65,0,0,0,0,0,0,0,0,-32311,0,0,0,0,0,41793,0
41793,-870,7982,1452,82,-4,18,13492,-2,-2,-2,0,37082,116,27,65,0,0,0,0,0,0,0,0,-32311,0,0,0,0,0,41798,0
41798,-882,7962,1432,80,-6,22,13492,0,2,-2,0,37081,111,27,65,0,0,0,0,0,0,0,0,-32311,0,0,0,0,0,41803,0
41803,-874,7950,1436,84,-11,19,13491,1,-7,-3,0,37081,111,27,65,0,0,0,0,0,0,0,0,-32310,0,0,0,0,0,41808,0
41808,-852,7970,1442,78,-9,21,13492,0,1,-3,0,37080,109,27,65,0,0,0,0,0,0,0,0,-32311,0,0,0,0,0,41813,0
41813,-834,7948,1432,80,-10,21,13490,-7,2,-1,0,37080,109,27,65,0,0,0,0,0,0,0,0,-32311,0,0,0,0,0,41818,0
41818,-842,7964,1410,84,-13,20,13492,0,-5,-3,0,37081,110,27,65,0,0,0,0,0,0,0,0,-32311,0,0,0,0,0,41823,0
41823,-868,7938,1440,81,-9,18,13491,-1,-4,-2,0,37081,110,27,65,0,0,0,0,0,0,0,0,-32310,0,0,0,0,0,41828,0
41828,-876,7966,1450,86,-12,22,13491,-8,3,-2,0,37083,120,27,65,0,0,0,0,0,0,0,0,-32310,0,0,0,0,0,41833,0
41833,-836,7984,1448,80,-9,26,13492,6,-1,-3,0,37083,120,27,65,0,0,0,0,0,0,0,0,-32311,0,0,0,0,0,41838,0
41838,-860,7960,1450,85,-3,23,13492,2,0,-2,0,37084,123,27,65,0,0,0,0,0,0,0,0,-32311,0,0,0,0,0,41843,0
41843,-872,7964,1436,85,-10,21,13491,0,0,-2,0,37084,123,27,65,0,0,0,0,0,0,0,0,-32311,0,0,0,0,0,41848,0
41848,-872,7960,1426,86,-5,29,13492,0,-1,-1,0,37082,121,27,65,0,0,0,0,0,0,0,0,-32311,0,0,0,0,0,41853,0
41853,-858,7956,1430,87,-4,29,13491,4,5,0,0,37082,121,27,65,0,0,0,0,0,0,0,0,-32311,0,0,0,0,0,41858,0
41858,-858,7970,1420,86,-5,28,13492,0,3,-2,0,37086,124,27,65,0,0,0,0,0,0,0,0,-32310,0,0,0,0,0,41863,0
41863,-862,7972,1420,75,-1,29,13492,-1,-3,-1,0,37086,124,27,65,0,0,0,0,0,0,0,0,-32310,0,0,0,0,0,41868,0
41868,-874,7962,1418,82,-3,31,13491,0,-1,-2,0,37087,133,27,65,0,0,0,0,0,0,0,0,-32311,0,0,0,0,0,41873,0
41873,-884,7976,1398,79,-5,34,13492,0,-3,-4,0,37087,133,27,65,0,0,0,0,0,0,0,0,-32311,0,0,0,0,0,41878,0
41878,-892,7988,1386,82,0,35,13491,-3,-4,-1,0,37088,136,27,65,0,0,0,0,0,0,0,0,-32311,0,0,0,0,0,41883,0
41883,-836,7954,1372,79,-3,33,13492,0,1,-2,0,37088,136,27,65,0,0,0,0,0,0,0,0,-32310,0,0,0,0,0,41888,0
41888,-882,7970,1412,78,-9,30,13491,-1,-2,-2,0,37081,135,27,65,0,0,0,0,0,0,0,0,-32310,0,0,0,0,0,41893,0
41893,-856,7966,1390,87,-9,36,13492,6,-2,-1,0,37081,135,27,65,0,0,0,0,0,0,0,0,-32311,0,0,0,0,0,41898,0
41898,-880,7962,1392,79,-11,35,13493,4,1,0,0,37079,131,27,65,0,0,0,0,0,0,0,0,-32311,0,0,0,0,0,41903,0
41903,-882,7958,1398,78,-9,37,13492,4,2,0,0,37079,131,27,65,0,0,0,0,0,0,0,0,-32311,0,0,0,0,0,41908,0
41908,-868,7972,1394,77,-14,34,13491,6,3,-3,0,37078,131,27,65,0,0,0,0,0,0,0,0,-32311,0,0,0,0,0,41913,0
41913,-892,7956,1418,78,-9,34,13492,3,-4,-2,0,37078,131,27,65,0,0,0,0,0,0,0,0,-32311,0,0,0,0,0,41918,0
41918,-862,7960,1394,76,-6,36,13491,-2,-1,-2,0,37078,127,27,65,0,0,0,0,0,0,0,0,-32311,0,0,0,0,0,41923,0
41923,-874,7968,1406,74,-9,38,13492,4,-1,-2,0,37078,127,27,65,0,0,0,0,0,0,0,0,-32311,0,0,0,0,0,41928,0
41928,-856,7964,1396,74,-7,43,13491,0,0,-2,0,37078,118,27,65,0,0,0,0,0,0,0,0,-32311,0,0,0,0,0,41933,0
41933,-852,7970,1408,67,1,39,13492,1,2,-2,0,37078,118,27,65,0,0,0,0,0,0,0,0,-32311,0,0,0,0,0,41938,0
41938,-878,7940,1390,70,-4,42,13492,0,0,-2,0,37078,121,27,65,0,0,0,0,0,0,0,0,-32311,0,0,0,0,0,41943,0
41943,-838,7966,1426,71,-6,38,13492,0,2,-3,0,37078,121,27,65,0,0,0,0,0,0,0,0,-32311,0,0,0,0,0,41948,0
41948,-824,7984,1392,76,-4,38,13491,-2,-5,-1,0,37080,128,27,65,0,0,0,0,0,0,0,0,-32311,0,0,0,0,0,41953,0
41953,-824,7970,1398,75,-7,46,13493,7,-2,-2,0,37080,128,27,65,0,0,0,0,0,0,0,0,-32311,0,0,0,0,0,41958,0
41958,-856,7964,1416,73,-7,38,13491,5,1,-3,0,37082,121,27,65,0,0,0,0,0,0,0,0,-32310,0,0,0,0,0,41963,0
41963,-818,7948,1414,66,-9,36,13492,-3,1,-4,0,37082,121,27,65,0,0,0,0,0,0,0,0,-32310,0,0,0,0,0,41968,0
41968,-788,7988,1434,76,-10,32,13491,0,-2,-2,0,37088,116,27,65,0,0,0,0,0,0,0,0,-32310,0,0,0,0,0,41973,0
41973,-794,7974,1448,66,-9,38,13492,-6,2,-2,0,37088,116,27,65,0,0,0,0,0,0,0,0,-32311,0,0,0,0,0,41978,0
41978,-796,7976,1450,73,-12,30,13492,5,0,-2,0,37088,107,27,65,0,0,0,0,0,0,0,0,-32311,0,0,0,0,0,41983,0
41983,-796,7986,1446,71,-12,26,13491,-4,-2,-1,0,37088,107,27,65,0,0,0,0,0,0,0,0,-32310,0,0,0,0,0,41988,0
41988,-798,7942,1446,73,-10,32,13492,0,0,-2,0,37087,113,27,65,0,0,0,0,0,0,0,0,-32311,0,0,0,0,0,41993,0
41993,-808,7966,1438,73,-11,34,13491,-5,-2,-1,0,37087,113,27,65,0,0,0,0,0,0,0,0,-32311,0,0,0,0,0,41998,0
41998,-822,7946,1452,77,-16,25,13492,4,6,-2,0,37081,115,27,65,0,0,0,0,0,0,0,0,-32311,0,0,0,0,0,42003,0
42003,-812,7976,1442,72,-5,32,13491,0,1,-2,0,37081,115,27,65,0,0,0,0,0,0,0,0,-32311,0,0,0,0,0,42008,0
42008,-788,7974,1434,77,0,20,13492,2,2,-2,0,37079,129,27,65,0,0,0,0,0,0,0,0,-32310,0,0,0,0,0,42013,0
42013,-802,7978,1422,68,-8,27,13491,-8,-1,-3,0,37079,129,27,65,0,0,0,0,0,0,0,0,-32311,0,0,0,0,0,42018,0
42018,-786,7978,1406,69,-5,27,13492,5,2,-5,0,37079,125,27,65,0,0,0,0,0,0,0,0,-32310,0,0,0,0,0,42023,0
42023,-800,7980,1420,74,0,26,13492,3,3,-3,0,37079,125,27,65,0,0,0,0,0,0,0,0,-32311,0,0,0,0,0,42028,0
42028,-804,7962,1390,74,-7,22,13492,0,-4,-2,0,37080,131,27,65,0,0,0,0,0,0,0,0,-32311,0,0,0,0,0,42033,0
42033,-788,7998,1400,72,-4,19,13492,2,-2,-3,0,37080,131,27,65,0,0,0,0,0,0,0,0,-32311,0,0,0,0,0,42038,0
42038,-792,7968,1408,71,-4,23,13491,-5,0,-3,0,37082,128,27,65,0,0,0,0,0,0,0,0,-32311,0,0,0,0,0,42043,0
42043,-800,7988,1420,69,-5,17,13492,0,-3,-1,0,37082,128,27,65,0,0,0,0,0,0,0,0,-32310,0,0,0,0,0,42048,0
42048,-792,7968,1426,74,-15,16,13491,-4,-1,0,0,37081,125,27,65,0,0,0,0,0,0,0,0,-32311,0,0,0,0,0,42053,0
42053,-770,7964,1446,74,-6,14,13492,5,0,-1,0,37081,125,27,65,0,0,0,0,0,0,0,0,-32311,0,0,0,0,0,42058,0
42058,-774,7966,1436,72,-8,10,13492,-2,-2,0,0,37081,118,27,65,0,0,0,0,0,0,0,0,-32311,0,0,0,0,0,42063,0
42063,-788,7974,1450,73,-8,7,13491,0,0,-2,0,37081,118,27,65,0,0,0,0,0,0,0,0,-32310,0,0,0,0,0,42068,0
42068,-782,7956,1466,77,-8,6,13490,-3,-2,-5,0,37085,109,27,65,0,0,0,0,0,0,0,0,-32311,0,0,0,0,0,42073,0
42073,-768,7980,1484,77,-8,5,13491,-3,-1,-4,0,37085,109,27,65,0,0,0,0,0,0,0,0,-32311,0,0,0,0,0,42078,0
42078,-796,7960,1476,75,-10,3,13492,-5,0,-1,0,37086,107,27,65,0,0,0,0,0,0,0,0,-32312,0,0,0,0,0,42083,0
42083,-780,7964,1484,83,-9,0,13492,-1,2,-2,0,37086,107,27,65,0,0,0,0,0,0,0,0,-32311,0,0,0,0,0,42088,0
42088,-790,7964,1468,80,-5,3,13492,4,1,-3,0,37085,117,27,65,0,0,0,0,0,0,0,0,-32311,0,0,0,0,0,42093,0
42093,-816,7936,1460,86,-6,-3,13492,6,-6,-2,0,37085,117,27,65,0,0,0,0,0,0,0,0,-32311,0,0,0,0,0,42098,0
42098,-802,7966,1480,82,-2,1,13492,6,1,-2,0,37082,122,27,65,0,0,0,0,0,0,0,0,-32311,0,0,0,0,0,42103,0
42103,-830,7996,1436,85,-6,-2,13491,-3,2,-1,0,37082,122,27,65,0,0,0,0,0,0,0,0,-32311,0,0,0,0,0,42108,0
42108,-828,7960,1424,86,-5,-3,13491,0,3,-2,0,37080,123,27,65,0,0,0,0,0,0,0,0,-32311,0,0,0,0,0,42113,0
42113,-832,7968,1444,82,-3,-4,13492,0,-2,-2,0,37080,123,27,65,0,0,0,0,0,0,0,0,-32311,0,0,0,0,0,42118,0
42118,-834,7974,1424,85,-5,-1,13492,7,2,-3,0,37080,116,27,65,0,0,0,0,0,0,0,0,-32311,0,0,0,0,0,42123,0
42123,-872,7964,1416,85,-3,0,13492,2,-3,-3,0,37080,116,27,65,0,0,0,0,0,0,0,0,-32311,0,0,0,0,0,42128,0
42128,-856,7964,1400,87,-2,-1,13492,1,-2,0,0,37081,115,27,65,0,0,0,0,0,0,0,0,-32311,0,0,0,0,0,42133,0
42133,-886,7958,1392,82,-8,-1,13491,-4,-2,-1,0,37081,115,27,65,0,0,0,0,0,0,0,0,-32311,0,0,0,0,0,42138,0
42138,-866,7950,1420,84,-6,-1,13493,6,-2,-2,0,37080,117,27,65,0,0,0,0,0,0,0,0,-32311,0,0,0,0,0,42143,0
42143,-876,7960,1406,86,-11,-3,13492,1,-4,-1,0,37080,117,27,65,0,0,0,0,0,0,0,0,-32310,0,0,0,0,0,42148,0
42148,-856,8000,1432,88,-5,4,13492,-2,-2,-1,0,37077,114,27,65,0,0,0,0,0,0,0,0,-32311,0,0,0,0,0,42153,0
42153,-872,7976,1446,85,-17,2,13491,-1,-4,-2,0,37077,114,27,65,0,0,0,0,0,0,0,0,-32311,0,0,0,0,0,42158,0
42158,-878,7968,1444,87,-5,3,13491,-6,-2,-3,0,37077,121,27,65,0,0,0,0,0,0,0,0,-32311,0,0,0,0,0,42163,0
42163,-860,7958,1440,87,-7,5,13492,0,-1,-1,0,37077,121,27,65,0,0,0,0,0,0,0,0,-32311,0,0,0,0,0,42168,0
42168,-842,7926,1464,92,-8,3,13491,3,0,-2,0,37080,131,27,65,0,0,0,0,0,0,0,0,-32310,0,0,0,0,0,42173,0
42173,-876,7926,1452,90,-10,5,13493,6,3,-2,0,37080,131,27,65,0,0,0,0,0,0,0,0,-32311,0,0,0,0,0,42178,0
42178,-892,7918,1454,92,-2,7,13491,-3,-6,-1,0,37083,135,27,65,0,0,0,0,0,0,0,0,-32311,0,0,0,0,0,42183,0
42183,-932,7918,1444,90,-5,5,13491,-4,5,-2,0,37083,135,27,65,0,0,0,0,0,0,0,0,-32311,0,0,0,0,0,42188,0
42188,-928,7940,1420,93,-8,13,13492,1,0,-2,0,37082,131,27,65,0,0,0,0,0,0,0,0,-32311,0,0,0,0,0,42193,0
42193,-934,7968,1438,93,-4,7,13493,2,-3,-2,0,37082,131,27,65,0,0,0,0,0,0,0,0,-32311,0,0,0,0,0,42198,0
42198,-914,7964,1422,95,-3,15,13491,0,1,-3,0,37083,130,27,65,0,0,0,0,0,0,0,0,-32311,0,0,0,0,0,42203,0
42203,-914,7970,1422,94,-2,19,13492,4,1,-2,0,37083,130,27,65,0,0,0,0,0,0,0,0,-32311,0,0,0,0,0,42208,0
42208,-908,7960,1406,86,1,21,13492,0,-1,-3,0,37081,124,27,65,0,0,0,0,0,0,0,0,-32311,0,0,0,0,0,42213,0
42213,-944,7936,1388,95,-2,24,13492,-1,-3,-3,0,37081,124,27,65,0,0,0,0,0,0,0,0,-32311,0,0,0,0,0,42218,0
42218,-938,7952,1388,96,1,28,13492,3,1,-3,0,37085,117,27,65,0,0,0,0,0,0,0,0,-32311,0,0,0,0,0,42223,0
42223,-928,7954,1384,90,-2,27,13492,2,-1,-2,0,37085,117,27,65,0,0,0,0,0,0,0,0,-32311,0,0,0,0,0,42228,0
42228,-904,7990,1408,88,-5,32,13493,5,-1,-1,0,37084,112,27,65,0,0,0,0,0,0,0,0,-32311,0,0,0,0,0,42233,0
42233,-890,7974,1394,96,-6,30,13492,0,-1,-2,0,37084,112,27,65,0,0,0,0,0,0,0,0,-32311,0,0,0,0,0,42238,0
42238,-904,7974,1404,93,-7,31,13492,2,0,-1,0,37082,112,27,65,0,0,0,0,0,0,0,0,-32311,0,0,0,0,0,42243,0
42243,-904,7980,1414,98,-8,31,13491,-4,-5,0,0,37082,112,27,65,0,0,0,0,0,0,0,0,-32311,0,0,0,0,0,42248,0
42248,-888,7954,1428,86,-8,29,13492,4,0,0,0,37080,110,27,65,0,0,0,0,0,0,0,0,-32311,0,0,0,0,0,42253,0
42253,-870,7938,1412,91,-7,38,13491,-5,-5,-2,0,37080,110,27,65,0,0,0,0,0,0,0,0,-32310,0,0,0,0,0,42258,0
42258,-874,7958,1424,95,-4,37,13491,1,0,0,0,37080,110,27,65,0,0,0,0,0,0,0,0,-32311,0,0,0,0,0,42263,0
42263,-854,7942,1408,90,-10,38,13492,4,0,0,0,37080,110,27,65,0,0,0,0,0,0,0,0,-32311,0,0,0,0,0,42268,0
42268,-872,7932,1436,92,-6,36,13493,3,3,-3,0,37081,108,27,65,0,0,0,0,0,0,0,0,-32311,0,0,0,0,0,42273,0
42273,-864,7970,1462,94,-7,36,13492,1,0,-2,0,37081,108,27,65,0,0,0,0,0,0,0,0,-32311,0,0,0,0,0,42278,0
42278,-840,7968,1424,96,1,38,13491,0,-1,0,0,37085,118,27,65,0,0,0,0,0,0,0,0,-32311,0,0,0,0,0,42283,0
42283,-860,7952,1412,94,-1,38,13492,4,-3,-1,0,37085,118,27,65,0,0,0,0,0,0,0,0,-32311,0,0,0,0,0,42288,0
42288,-850,7966,1430,96,2,40,13491,0,0,0,0,37083,115,27,65,0,0,0,0,0,0,0,0,-32311,0,0,0,0,0,42293,0
42293,-848,7954,1424,97,2,43,13493,1,1,-1,0,37083,115,27,65,0,0,0,0,0,0,0,0,-32310,0,0,0,0,0,42298,0
42298,-862,7952,1386,96,-1,39,13493,8,-2,-3,0,37082,120,27,65,0,0,0,0,0,0,0,0,-32311,0,0,0,0,0,42304,0
42303,-878,7980,1396,99,1,38,13491,-4,-2,-3,0,37082,120,27,65,0,0,0,0,0,0,0,0,-32310,0,0,0,0,0,42308,0
42308,-838,7976,1392,98,-4,35,13492,1,-4,-3,0,37077,125,27,65,0,0,0,0,0,0,0,0,-32311,0,0,0,0,0,42314,0
42313,-846,7968,1378,99,-6,35,13492,-1,-5,-2,0,37077,125,27,65,0,0,0,0,0,0,0,0,-32311,0,0,0,0,0,42320,0
42318,-856,7968,1376,96,-4,38,13491,-1,1,-3,0,37070,125,27,65,0,0,0,0,0,0,0,0,-32311,0,0,0,0,0,42324,0
42323,-836,7968,1380,98,-7,40,13492,4,-3,-4,0,37070,125,27,65,0,0,0,0,0,0,0,0,-32311,0,0,0,0,0,42329,0
42328,-828,7980,1376,97,-7,37,13491,1,-2,-2,0,37067,125,27,65,0,0,0,0,0,0,0,0,-32310,0,0,0,0,0,42334,0
42333,-832,7998,1398,95,-7,38,13492,-2,0,-1,0,37067,125,27,65,0,0,0,0,0,0,0,0,-32311,0,0,0,0,0,42339,0
42338,-834,7988,1396,96,-10,39,13491,-2,1,-1,0,37068,119,27,65,0,0,0,0,0,0,0,0,-32311,0,0,0,0,0,42344,0
42343,-818,7958,1380,93,-6,36,13492,-2,2,-1,0,37068,119,27,65,0,0,0,0,0,0,0,0,-32311,0,0,0,0,0,42349,0
42348,-832,7970,1420,93,-8,37,13491,-1,-2,-1,0,37071,120,27,65,0,0,0,0,0,0,0,0,-32311,0,0,0,0,0,42354,0
42353,-826,7940,1414,94,-5,30,13491,-3,0,-1,0,37071,120,27,65,0,0,0,0,0,0,0,0,-32311,0,0,0,0,0,42359,0
42358,-824,7972,1394,93,-9,35,13491,-4,1,-2,0,37074,121,27,65,0,0,0,0,0,0,0,0,-32311,0,0,0,0,0,42364,0
42363,-804,7960,1396,89,-2,33,13492,3,1,-2,0,37074,121,27,65,0,0,0,0,0,0,0,0,-32311,0,0,0,0,0,42369,0
42368,-858,7986,1398,96,0,36,13491,0,7,-2,0,37074,120,27,65,0,0,0,0,0,0,0,0,-32311,0,0,0,0,0,42374,0
42373,-840,7978,1370,95,-2,31,13491,-6,1,-2,0,37074,120,27,65,0,0,0,0,0,0,0,0,-32311,0,0,0,0,0,42379,0
42378,-836,8006,1378,94,-3,33,13491,-2,0,-3,0,37081,118,27,65,0,0,0,0,0,0,0,0,-32311,0,0,0,0,0,42384,0
42383,-838,7990,1350,89,-2,31,13492,0,1,-3,0,37081,118,27,65,0,0,0,0,0,0,0,0,-32311,0,0,0,0,0,42389,0
42388,-830,7988,1368,90,-2,34,13492,-1,-1,-1,0,37081,120,27,65,0,0,0,0,0,0,0,0,-32311,0,0,0,0,0,42394,0
42393,-834,7982,1360,90,-9,32,13492,4,1,-1,0,37081,120,27,65,0,0,0,0,0,0,0,0,-32311,0,0,0,0,0,42399,0
42398,-822,7954,1344,89,-4,26,13491,0,-1,-3,0,37080,122,27,65,0,0,0,0,0,0,0,0,-32311,0,0,0,0,0,42404,0
42403,-812,7970,1338,91,-6,33,13491,-8,1,-3,0,37080,122,27,65,0,0,0,0,0,0,0,0,-32311,0,0,0,0,0,42409,0
42408,-830,7984,1368,87,-5,31,13491,-2,-1,-2,0,37080,124,27,65,0,0,0,0,0,0,0,0,-32311,0,0,0,0,0,42414,0
42413,-836,7988,1370,86,-6,31,13492,0,2,-3,0,37080,124,27,65,0,0,0,0,0,0,0,0,-32311,0,0,0,0,0,42419,0
42418,-818,7988,1350,86,-9,30,13491,-2,3,-4,0,37075,127,27,65,0,0,0,0,0,0,0,0,-32311,0,0,0,0,0,42424,0
42423,-824,8002,1362,86,-10,29,13492,1,2,-4,0,37075,127,27,65,0,0,0,0,0,0,0,0,-32310,0,0,0,0,0,42429,0
42428,-826,7974,1336,85,-4,23,13492,1,0,-2,0,37078,126,27,65,0,0,0,0,0,0,0,0,-32311,0,0,0,0,0,42434,0
42433,-830,7998,1370,87,-8,23,13491,-5,-1,-2,0,37078,126,27,65,0,0,0,0,0,0,0,0,-32311,0,0,0,0,0,42439,0
42438,-802,7988,1378,86,-8,26,13493,7,-2,-2,0,37077,120,27,65,0,0,0,0,0,0,0,0,-32311,0,0,0,0,0,42444,0
42443,-812,7984,1378,85,-8,21,13491,-8,-1,0,0,37077,120,27,65,0,0,0,0,0,0,0,0,-32311,0,0,0,0,0,42449,0
42448,-856,7970,1368,77,-8,24,13492,0,2,-1,0,37075,118,27,65,0,0,0,0,0,0,0,0,-32311,0,0,0,0,0,42454,0
42453,-842,7970,1356,83,-4,24,13491,-2,-5,-1,0,37075,118,27,65,0,0,0,0,0,0,0,0,-32311,0,0,0,0,0,42459,0
42458,-836,7996,1378,78,-6,17,13491,-7,-3,-1,0,37075,114,27,65,0,0,0,0,0,0,0,0,-32310,0,0,0,0,0,42464,0
42463,-836,7984,1364,83,-7,22,13493,3,-2,-3,0,37075,114,27,65,0,0,0,0,0,0,0,0,-32311,0,0,0,0,0,42469,0
42468,-828,7984,1376,82,-9,22,13492,6,5,-3,0,37078,117,27,65,0,0,0,0,0,0,0,0,-32311,0,0,0,0,0,42474,0
42473,-852,7970,1372,78,-10,17,13492,-3,2,-3,0,37078,117,27,65,0,0,0,0,0,0,0,0,-32310,0,0,0,0,0,42479,0
42478,-824,7982,1370,69,-10,26,13492,1,-3,0,0,37083,126,27,65,0,0,0,0,0,0,0,0,-32311,0,0,0,0,0,42484,0
42483,-802,7980,1392,78,-6,18,13492,-5,-1,-1,0,37083,126,27,65,0,0,0,0,0,0,0,0,-32311,0,0,0,0,0,42489,0
42488,-832,7962,1382,77,-4,21,13492,-5,-2,-2,0,37084,122,27,65,0,0,0,0,0,0,0,0,-32311,0,0,0,0,0,42494,0
42493,-828,7970,1396,74,-13,17,13491,-6,-2,-2,0,37084,122,27,65,0,0,0,0,0,0,0,0,-32311,0,0,0,0,0,42499,0
42498,-808,7968,1400,76,-8,17,13492,7,3,-2,0,37082,128,27,65,0,0,0,0,0,0,0,0,-32311,0,0,0,0,0,42504,0
42503,-818,7964,1378,74,-7,14,13491,-6,-1,-2,0,37082,128,27,65,0,0,0,0,0,0,0,0,-32310,0,0,0,0,0,42509,0
42508,-826,7968,1390,78,-9,15,13492,3,4,-2,0,37079,129,27,65,0,0,0,0,0,0,0,0,-32311,0,0,0,0,0,42514,0
42513,-808,7974,1380,78,-7,12,13492,0,1,-2,0,37079,129,27,65,0,0,0,0,0,0,0,0,-32311,0,0,0,0,0,42519,0
42518,-834,7956,1388,75,-5,15,13491,-3,3,-3,0,37078,129,27,65,0,0,0,0,0,0,0,0,-32311,0,0,0,0,0,42524,0
42523,-836,7988,1380,77,-7,13,13491,-3,-8,-3,0,37078,129,27,65,0,0,0,0,0,0,0,0,-32311,0,0,0,0,0,42529,0
42528,-838,7966,1386,72,-8,10,13492,0,2,-3,0,37076,132,27,65,0,0,0,0,0,0,0,0,-32311,0,0,0,0,0,42534,0
42533,-866,7976,1370,76,-7,11,13491,-8,-1,-1,0,37076,132,27,65,0,0,0,0,0,0,0,0,-32311,0,0,0,0,0,42539,0
42538,-862,7976,1384,75,-7,8,13491,1,-2,-2,0,37076,134,27,65,0,0,0,0,0,0,0,0,-32311,0,0,0,0,0,42544,0
42543,-842,7992,1358,74,-5,10,13491,-4,-4,-1,0,37076,134,27,65,0,0,0,0,0,0,0,0,-32311,0,0,0,0,0,42549,0
42548,-880,7978,1360,73,-8,10,13491,0,2,-3,0,37075,123,27,65,0,0,0,0,0,0,0,0,-32311,0,0,0,0,0,42554,0
42553,-856,7968,1378,70,-10,6,13492,3,1,-4,0,37075,123,27,65,0,0,0,0,0,0,0,0,-32311,0,0,0,0,0,42559,0
42558,-870,7976,1346,75,-7,12,13492,-4,-2,-3,0,37075,117,27,65,0,0,0,0,0,0,0,0,-32311,0,0,0,0,0,42564,0
42563,-898,7926,1366,78,-12,10,13491,-4,1,-3,0,37075,117,27,65,0,0,0,0,0,0,0,0,-32311,0,0,0,0,0,42569,0
42568,-880,7990,1370,68,-5,15,13490,-7,-3,-2,0,37075,112,27,65,0,0,0,0,0,0,0,0,-32311,0,0,0,0,0,42574,0
42573,-866,7988,1356,72,-8,17,13492,-3,-2,-2,0,37075,112,27,65,0,0,0,0,0,0,0,0,-32311,0,0,0,0,0,42579,0
42578,-858,7976,1406,73,-8,18,13491,-5,-2,-2,0,37076,116,27,65,0,0,0,0,0,0,0,0,-32311,0,0,0,0,0,42584,0
42583,-874,7978,1368,68,-8,15,13492,3,0,0,0,37076,116,27,65,0,0,0,0,0,0,0,0,-32311,0,0,0,0,0,42589,0
42588,-888,7936,1390,65,-5,19,13491,1,-1,0,0,37077,116,27,65,0,0,0,0,0,0,0,0,-32311,0,0,0,0,0,42594,0
42593,-884,7954,1370,66,-7,20,13492,-3,3,-3,0,37077,116,27,65,0,0,0,0,0,0,0,0,-32311,0,0,0,0,0,42599,0
42598,-886,7962,1370,70,-8,21,13491,-2,-1,-2,0,37075,116,27,65,0,0,0,0,0,0,0,0,-32311,0,0,0,0,0,42604,0
42603,-852,7964,1402,71,-4,22,13491,-3,-3,-2,0,37075,116,27,65,0,0,0,0,0,0,0,0,-32311,0,0,0,0,0,42609,0
42608,-848,7968,1372,70,-7,19,13492,4,1,-3,0,37074,120,27,65,0,0,0,0,0,0,0,0,-32311,0,0,0,0,0,42614,0
42613,-852,7966,1394,70,-6,23,13492,3,-1,-2,0,37074,120,27,65,0,0,0,0,0,0,0,0,-32311,0,0,0,0,0,42619,0
42618,-866,7966,1392,71,-8,29,13492,0,1,-2,0,37072,117,27,65,0,0,0,0,0,0,0,0,-32311,0,0,0,0,0,42624,0
42623,-862,7986,1378,69,-6,23,13490,0,-5,-1,0,37072,117,27,65,0,0,0,0,0,0,0,0,-32311,0,0,0,0,0,42629,0
42628,-872,7988,1386,68,-9,20,13492,1,3,-1,0,37074,121,27,65,0,0,0,0,0,0,0,0,-32311,0,0,0,0,0,42634,0
42633,-876,7960,1400,68,-11,26,13492,-1,-2,-1,0,37074,121,27,65,0,0,0,0,0,0,0,0,-32311,0,0,0,0,0,42639,0
42638,-862,7968,1400,75,-5,23,13492,1,1,-2,0,37074,124,27,65,0,0,0,0,0,0,0,0,-32311,0,0,0,0,0,42644,0
42643,-880,7964,1422,76,-12,23,13491,-2,-3,-2,0,37074,124,27,65,0,0,0,0,0,0,0,0,-32311,0,0,0,0,0,42649,0
42648,-860,7960,1414,73,-8,23,13491,-5,0,-2,0,37075,130,27,65,0,0,0,0,0,0,0,0,-32311,0,0,0,0,0,42654,0
42653,-840,7970,1408,76,-8,23,13492,4,1,-1,0,37075,130,27,65,0,0,0,0,0,0,0,0,-32310,0,0,0,0,0,42659,0
42658,-838,7998,1394,82,-6,23,13492,1,0,-1,0,37073,122,27,65,0,0,0,0,0,0,0,0,-32311,0,0,0,0,0,42664,0
42663,-836,7920,1384,75,-9,20,13490,-11,-1,-2,0,37073,122,27,65,0,0,0,0,0,0,0,0,-32311,0,0,0,0,0,42669,0
42668,-880,7972,1414,77,-7,26,13491,-2,-4,-2,0,37075,118,27,65,0,0,0,0,0,0,0,0,-32311,0,0,0,0,0,42674,0
42673,-876,7976,1390,72,-4,28,13492,0,1,-3,0,37075,118,27,65,0,0,0,0,0,0,0,0,-32311,0,0,0,0,0,42679,0
42678,-854,7966,1392,81,-2,24,13491,-2,-2,-2,0,37076,119,27,65,0,0,0,0,0,0,0,0,-32311,0,0,0,0,0,42684,0
42683,-864,7946,1384,77,0,24,13492,1,1,-3,0,37076,119,27,65,0,0,0,0,0,0,0,0,-32311,0,0,0,0,0,42689,0
42688,-854,7952,1394,74,-5,27,13492,0,3,-2,0,37076,126,27,65,0,0,0,0,0,0,0,0,-32311,0,0,0,0,0,42694,0
42693,-862,7970,1396,73,-3,26,13492,1,2,-4,0,37076,126,27,65,0,0,0,0,0,0,0,0,-32310,0,0,0,0,0,42699,0
42698,-842,7964,1374,78,-3,28,13492,0,-2,-4,0,37077,128,27,65,0,0,0,0,0,0,0,0,-32310,0,0,0,0,0,42704,0
42703,-872,7956,1396,79,-4,28,13491,3,-2,0,0,37077,128,27,65,0,0,0,0,0,0,0,0,-32311,0,0,0,0,0,42709,0
42708,-828,7980,1364,75,-5,29,13491,-3,0,-1,0,37077,124,27,65,0,0,0,0,0,0,0,0,-32311,0,0,0,0,0,42714,0
42713,-840,7966,1390,82,-7,27,13493,5,1,-2,0,37077,124,27,65,0,0,0,0,0,0,0,0,-32311,0,0,0,0,0,42719,0
42718,-820,8000,1382,78,-3,27,13491,-1,-2,-2,0,37079,114,27,65,0,0,0,0,0,0,0,0,-32311,0,0,0,0,0,42724,0
42723,-836,7978,1378,83,-7,24,13491,-5,-4,-4,0,37079,114,27,65,0,0,0,0,0,0,0,0,-32311,0,0,0,0,0,42729,0
42728,-854,7966,1382,73,-7,26,13492,0,-2,-2,0,37078,113,27,65,0,0,0,0,0,0,0,0,-32310,0,0,0,0,0,42734,0
42733,-868,7978,1380,79,-5,29,13491,-7,-4,-2,0,37078,113,27,65,0,0,0,0,0,0,0,0,-32311,0,0,0,0,0,42739,0
42738,-862,7974,1380,83,-9,24,13492,-1,-1,0,0,37080,105,27,65,0,0,0,0,0,0,0,0,-32311,0,0,0,0,0,42744,0
42743,-868,7974,1362,81,-8,21,13492,-3,-2,0,0,37080,105,27,65,0,0,0,0,0,0,0,0,-32311,0,0,0,0,0,42749,0
42748,-862,7954,1366,80,-12,24,13492,-2,2,0,0,37080,110,27,65,0,0,0,0,0,0,0,0,-32311,0,0,0,0,0,42754,0
42753,-854,7992,1380,77,-15,29,13492,-1,-1,-1,0,37080,110,27,65,0,0,0,0,0,0,0,0,-32311,0,0,0,0,0,42759,0
42758,-876,7966,1358,78,-6,19,13491,0,-1,-1,0,37086,112,27,65,0,0,0,0,0,0,0,0,-32311,0,0,0,0,0,42764,0
42763,-846,7960,1374,80,-10,26,13491,-9,-2,-3,0,37086,112,27,65,0,0,0,0,0,0,0,0,-32311,0,0,0,0,0,42769,0
42768,-870,7964,1350,79,-7,25,13490,0,-4,-3,0,37091,115,27,65,0,0,0,0,0,0,0,0,-32310,0,0,0,0,0,42774,0
42773,-868,7960,1378,80,-4,27,13492,-5,-2,-3,0,37091,115,27,65,0,0,0,0,0,0,0,0,-32311,0,0,0,0,0,42779,0
42778,-856,7992,1368,75,-15,27,13491,0,0,-1,0,37090,117,27,65,0,0,0,0,0,0,0,0,-32311,0,0,0,0,0,42784,0
42783,-870,7972,1378,74,-12,26,13491,-5,-2,-1,0,37090,117,27,65,0,0,0,0,0,0,0,0,-32311,0,0,0,0,0,42789,0
42788,-882,7980,1364,76,-9,29,13491,-1,-3,-1,0,37084,112,27,65,0,0,0,0,0,0,0,0,-32311,0,0,0,0,0,42794,0
42793,-868,7996,1346,74,-7,29,13491,-3,-2,-4,0,37084,112,27,65,0,0,0,0,0,0,0,0,-32311,0,0,0,0,0,42799,0
42798,-846,7996,1382,74,-9,28,13492,2,-3,-4,0,37078,113,27,65,0,0,0,0,0,0,0,0,-32311,0,0,0,0,0,42804,0
42803,-858,8012,1388,78,-10,24,13492,1,0,0,0,37078,113,27,65,0,0,0,0,0,0,0,0,-32311,0,0,0,0,0,42809,0
42808,-828,7980,1366,78,0,29,13491,-1,1,-2,0,37076,112,27,65,0,0,0,0,0,0,0,0,-32310,0,0,0,0,0,42814,0
42813,-818,7962,1368,83,-12,28,13491,-3,0,-3,0,37076,112,27,65,0,0,0,0,0,0,0,0,-32311,0,0,0,0,0,42819,0
42818,-824,7970,1384,76,-1,26,13492,1,5,-3,0,37075,120,27,65,0,0,0,0,0,0,0,0,-32310,0,0,0,0,0,42824,0
42823,-846,7962,1382,70,-8,27,13492,-1,-2,-3,0,37075,120,27,65,0,0,0,0,0,0,0,0,-32310,0,0,0,0,0,42829,0
42828,-824,7974,1376,76,-7,28,13492,0,1,-2,0,37073,126,27,65,0,0,0,0,0,0,0,0,-32311,0,0,0,0,0,42834,0
42833,-824,7982,1356,79,-7,18,13492,-1,-6,-1,0,37073,126,27,65,0,0,0,0,0,0,0,0,-32311,0,0,0,0,0,42839,0
42838,-808,7984,1374,76,-9,23,13491,-3,0,-1,0,37075,128,27,65,0,0,0,0,0,0,0,0,-32310,0,0,0,0,0,42844,0
42843,-822,7990,1380,78,-12,26,13492,0,-1,-1,0,37075,128,27,65,0,0,0,0,0,0,0,0,-32310,0,0,0,0,0,42849,0
42848,-830,7962,1358,76,-11,20,13491,2,1,-2,0,37075,128,27,65,0,0,0,0,0,0,0,0,-32310,0,0,0,0,0,42854,0
42853,-848,7972,1388,75,-6,25,13491,-5,1,-3,0,37075,128,27,65,0,0,0,0,0,0,0,0,-32310,0,0,0,0,0,42859,0
42858,-850,7974,1364,72,-10,18,13491,-4,-6,-1,0,37075,112,27,65,0,0,0,0,0,0,0,0,-32311,0,0,0,0,0,42864,0
42863,-854,7976,1340,78,-5,24,13491,-7,2,-2,0,37075,112,27,65,0,0,0,0,0,0,0,0,-32311,0,0,0,0,0,42869,0
42868,-848,7990,1352,68,-10,21,13492,1,4,-3,0,37073,112,27,65,0,0,0,0,0,0,0,0,-32311,0,0,0,0,0,42874,0
42873,-894,7982,1352,74,-8,23,13493,4,0,-4,0,37073,112,27,65,0,0,0,0,0,0,0,0,-32311,0,0,0,0,0,42879,0
42878,-842,7996,1318,66,-10,23,13491,-1,1,-1,0,37074,104,27,65,0,0,0,0,0,0,0,0,-32310,0,0,0,0,0,42884,0
42883,-844,7992,1320,72,-7,21,13492,-3,2,-2,0,37074,104,27,65,0,0,0,0,0,0,0,0,-32310,0,0,0,0,0,42889,0
42888,-868,7964,1354,76,-9,19,13491,-1,-2,-2,0,37075,110,27,65,0,0,0,0,0,0,0,0,-32310,0,0,0,0,0,42894,0
42893,-858,7968,1370,73,-9,20,13493,6,3,-1,0,37075,110,27,65,0,0,0,0,0,0,0,0,-32310,0,0,0,0,0,42899,0
42898,-838,7958,1376,70,-12,20,13491,0,-1,-4,0,37080,112,27,65,0,0,0,0,0,0,0,0,-32311,0,0,0,0,0,42904,0
42903,-836,8004,1370,68,-10,19,13492,2,0,-2,0,37080,112,27,65,0,0,0,0,0,0,0,0,-32311,0,0,0,0,0,42909,0
42908,-820,7966,1372,70,-11,21,13491,0,0,-2,0,37080,116,27,65,0,0,0,0,0,0,0,0,-32311,0,0,0,0,0,42914,0
42913,-804,7990,1384,69,-13,21,13491,0,4,0,0,37080,116,27,65,0,0,0,0,0,0,0,0,-32311,0,0,0,0,0,42919,0
42918,-838,7984,1350,71,-5,17,13492,3,-3,-1,0,37077,111,27,65,0,0,0,0,0,0,0,0,-32311,0,0,0,0,0,42924,0
42923,-836,7964,1370,74,-6,18,13493,4,-2,-3,0,37077,111,27,65,0,0,0,0,0,0,0,0,-32310,0,0,0,0,0,42929,0
42928,-826,7980,1368,76,-4,19,13492,-1,1,-2,0,37077,113,27,65,0,0,0,0,0,0,0,0,-32311,0,0,0,0,0,42934,0
42933,-838,7966,1384,67,-11,14,13491,3,-1,-1,0,37077,113,27,65,0,0,0,0,0,0,0,0,-32310,0,0,0,0,0,42939,0
42938,-860,7970,1374,71,-8,15,13492,-2,-6,-2,0,37073,118,27,65,0,0,0,0,0,0,0,0,-32311,0,0,0,0,0,42944,0
42943,-858,7980,1390,70,-9,16,13492,0,-3,-2,0,37073,118,27,65,0,0,0,0,0,0,0,0,-32311,0,0,0,0,0,42949,0
42948,-872,7946,1366,70,-7,13,13492,5,1,-1,0,37074,130,27,65,0,0,0,0,0,0,0,0,-32310,0,0,0,0,0,42954,0
42953,-846,7988,1372,63,-9,19,13492,0,3,-2,0,37074,130,27,65,0,0,0,0,0,0,0,0,-32311,0,0,0,0,0,42959,0
42958,-846,7980,1370,67,-7,16,13492,7,-2,-2,0,37070,125,27,65,0,0,0,0,0,0,0,0,-32311,0,0,0,0,0,42964,0
42963,-846,7962,1362,67,-13,16,13492,-2,-2,-2,0,37070,125,27,65,0,0,0,0,0,0,0,0,-32311,0,0,0,0,0,42969,0
42968,-870,7968,1366,67,-9,18,13491,-5,-6,-2,0,37071,114,27,65,0,0,0,0,0,0,0,0,-32310,0,0,0,0,0,42974,0
42973,-842,7970,1388,70,-13,14,13491,2,-1,-3,0,37071,114,27,65,0,0,0,0,0,0,0,0,-32311,0,0,0,0,0,42979,0
42978,-868,7988,1394,73,-6,17,13492,5,0,-2,0,37074,110,27,65,0,0,0,0,0,0,0,0,-32311,0,0,0,0,0,42984,0
42983,-858,7946,1366,68,-12,17,13492,5,0,-1,0,37074,110,27,65,0,0,0,0,0,0,0,0,-32311,0,0,0,0,0,42989,0
42988,-842,7974,1390,69,-8,23,13491,3,-1,-2,0,37078,117,27,65,0,0,0,0,0,0,0,0,-32310,0,0,0,0,0,42994,0
42993,-864,7960,1388,69,-8,19,13491,-2,2,-2,0,37078,117,27,65,0,0,0,0,0,0,0,0,-32310,0,0,0,0,0,42999,0
42998,-832,7976,1378,72,-8,16,13492,0,-4,0,0,37077,119,27,65,0,0,0,0,0,0,0,0,-32311,0,0,0,0,0,43004,0
43003,-836,7972,1382,69,-9,18,13492,1,1,1,0,37077,119,27,65,0,0,0,0,0,0,0,0,-32310,0,0,0,0,0,43009,0
43008,-834,7942,1392,64,-6,14,13491,-3,-2,-2,0,37082,116,27,65,0,0,0,0,0,0,0,0,-32311,0,0,0,0,0,43014,0
43013,-842,7974,1380,68,-5,21,13492,0,0,-1,0,37082,116,27,65,0,0,0,0,0,0,0,0,-32311,0,0,0,0,0,43019,0
43018,-852,7954,1388,71,-7,17,13493,5,-2,-3,0,37080,121,27,65,0,0,0,0,0,0,0,0,-32310,0,0,0,0,0,43024,0
43023,-862,7978,1378,69,-6,19,13492,-4,-2,-1,0,37080,121,27,65,0,0,0,0,0,0,0,0,-32311,0,0,0,0,0,43029,0
43028,-856,7978,1382,68,-9,17,13492,9,-1,-3,0,37078,121,27,65,0,0,0,0,0,0,0,0,-32311,0,0,0,0,0,43034,0
43033,-848,7954,1382,71,-6,12,13491,0,-3,-2,0,37078,121,27,65,0,0,0,0,0,0,0,0,-32310,0,0,0,0,0,43039,0
43038,-864,7934,1396,77,-5,18,13492,-6,0,-1,0,37072,123,27,65,0,0,0,0,0,0,0,0,-32310,0,0,0,0,0,43044,0
43043,-866,7986,1376,68,-10,16,13491,-1,-1,-1,0,37072,123,27,65,0,0,0,0,0,0,0,0,-32310,0,0,0,0,0,43049,0
43048,-838,7984,1416,77,-7,16,13492,0,3,-1,0,37072,109,27,65,0,0,0,0,0,0,0,0,-32311,0,0,0,0,0,43054,0
43053,-830,7946,1406,76,-6,12,13492,1,-4,-2,0,37072,109,27,65,0,0,0,0,0,0,0,0,-32311,0,0,0,0,0,43059,0
43058,-824,7964,1396,71,-5,18,13492,0,0,-1,0,37073,116,27,65,0,0,0,0,0,0,0,0,-32311,0,0,0,0,0,43064,0
43063,-834,7972,1390,79,-8,11,13491,-2,2,-2,0,37073,116,27,65,0,0,0,0,0,0,0,0,-32311,0,0,0,0,0,43069,0
43068,-848,7976,1390,79,-4,9,13491,-5,0,-3,0,37074,115,27,65,0,0,0,0,0,0,0,0,-32311,0,0,0,0,0,43074,0
43073,-834,7968,1388,73,-6,13,13492,-3,1,-2,0,37074,115,27,65,0,0,0,0,0,0,0,0,-32310,0,0,0,0,0,43079,0
43078,-840,7988,1380,77,-5,16,13492,8,2,-2,0,37072,113,27,65,0,0,0,0,0,0,0,0,-32312,0,0,0,0,0,43084,0
43083,-842,7976,1372,78,-5,11,13490,0,1,-2,0,37072,113,27,65,0,0,0,0,0,0,0,0,-32311,0,0,0,0,0,43089,0
43088,-870,7974,1356,75,-8,10,13491,-1,0,-2,0,37074,116,27,65,0,0,0,0,0,0,0,0,-32311,0,0,0,0,0,43094,0
43093,-850,7954,1350,81,-1,12,13491,0,-3,-1,0,37074,116,27,65,0,0,0,0,0,0,0,0,-32311,0,0,0,0,0,43099,0
43098,-860,7972,1362,78,-13,9,13491,-3,4,-3,0,37074,112,27,65,0,0,0,0,0,0,0,0,-32311,0,0,0,0,0,43104,0
43103,-852,7958,1356,82,-8,14,13492,0,-1,-1,0,37074,112,27,65,0,0,0,0,0,0,0,0,-32311,0,0,0,0,0,43109,0
43108,-886,7962,1366,77,-13,9,13491,-4,-1,-3,0,37074,121,27,65,0,0,0,0,0,0,0,0,-32311,0,0,0,0,0,43114,0
43113,-908,7976,1356,75,-10,17,13491,-6,-1,-1,0,37074,121,27,65,0,0,0,0,0,0,0,0,-32311,0,0,0,0,0,43119,0
43118,-880,7968,1366,75,-8,12,13492,-1,-3,-2,0,37073,123,27,65,0,0,0,0,0,0,0,0,-32311,0,0,0,0,0,43124,0
43123,-876,7952,1376,79,-6,12,13491,3,1,-2,0,37073,123,27,65,0,0,0,0,0,0,0,0,-32310,0,0,0,0,0,43129,0
43128,-916,7964,1384,79,-11,13,13491,0,2,-2,0,37074,130,27,65,0,0,0,0,0,0,0,0,-32311,0,0,0,0,0,43134,0
43133,-862,7964,1376,75,-5,18,13491,-1,0,-2,0,37074,130,27,65,0,0,0,0,0,0,0,0,-32310,0,0,0,0,0,43139,0
43138,-886,7984,1368,78,-5,18,13491,1,0,-1,0,37075,121,27,65,0,0,0,0,0,0,0,0,-32311,0,0,0,0,0,43144,0
43143,-902,7914,1372,79,-7,17,13492,2,3,-1,0,37075,121,27,65,0,0,0,0,0,0,0,0,-32311,0,0,0,0,0,43149,0
43148,-874,7970,1372,79,-3,24,13492,0,-1,-1,0,37074,124,27,65,0,0,0,0,0,0,0,0,-32311,0,0,0,0,0,43154,0
43153,-886,7958,1382,76,-10,21,13492,0,3,-2,0,37074,124,27,65,0,0,0,0,0,0,0,0,-32310,0,0,0,0,0,43159,0
43158,-902,7980,1374,79,-13,20,13491,-1,1,-2,0,37073,117,27,65,0,0,0,0,0,0,0,0,-32311,0,0,0,0,0,43164,0
43163,-910,7964,1356,80,-8,22,13492,-5,-7,-2,0,37073,117,27,65,0,0,0,0,0,0,0,0,-32311,0,0,0,0,0,43169,0
43168,-916,7960,1362,80,-12,27,13490,-14,-2,-2,0,37072,118,27,65,0,0,0,0,0,0,0,0,-32311,0,0,0,0,0,43174,0
43173,-890,7986,1370,79,-11,22,13492,0,0,-2,0,37072,118,27,65,0,0,0,0,0,0,0,0,-32311,0,0,0,0,0,43179,0
43178,-900,7930,1376,85,-7,28,13491,-4,2,-3,0,37072,118,27,65,0,0,0,0,0,0,0,0,-32311,0,0,0,0,0,43184,0
43183,-892,7958,1368,82,-10,23,13491,4,4,-2,0,37072,118,27,65,0,0,0,0,0,0,0,0,-32310,0,0,0,0,0,43189,0
43188,-898,7982,1364,79,-6,29,13492,0,2,-2,0,37073,123,27,65,0,0,0,0,0,0,0,0,-32311,0,0,0,0,0,43194,0
43193,-888,7984,1382,77,-7,32,13492,-1,2,0,0,37073,123,27,65,0,0,0,0,0,0,0,0,-32311,0,0,0,0,0,43199,0
43198,-906,7968,1382,79,-7,32,13492,0,2,-1,0,37074,125,27,65,0,0,0,0,0,0,0,0,-32311,0,0,0,0,0,43204,0
43203,-884,7950,1386,80,0,36,13493,7,1,-1,0,37074,125,27,65,0,0,0,0,0,0,0,0,-32310,0,0,0,0,0,43209,0
43208,-880,7954,1356,78,-3,37,13492,7,1,-2,0,37079,124,27,65,0,0,0,0,0,0,0,0,-32311,0,0,0,0,0,43214,0
43213,-904,7952,1364,81,-11,34,13492,1,2,-2,0,37079,124,27,65,0,0,0,0,0,0,0,0,-32311,0,0,0,0,0,43219,0
43218,-898,7978,1374,79,-7,37,13491,0,-3,-3,0,37078,114,27,65,0,0,0,0,0,0,0,0,-32311,0,0,0,0,0,43224,0
43223,-878,7956,1352,84,-7,37,13492,-3,-5,-2,0,37078,114,27,65,0,0,0,0,0,0,0,0,-32311,0,0,0,0,0,43229,0
43228,-890,7960,1348,84,-12,41,13492,-2,2,0,0,37079,110,27,65,0,0,0,0,0,0,0,0,-32311,0,0,0,0,0,43234,0
43233,-870,7968,1350,83,-5,39,13492,3,1,-1,0,37079,110,27,65,0,0,0,0,0,0,0,0,-32311,0,0,0,0,0,43239,0
43238,-858,7978,1340,76,-4,42,13492,1,-3,-2,0,37078,114,27,65,0,0,0,0,0,0,0,0,-32311,0,0,0,0,0,43244,0
43243,-858,7984,1340,76,-7,40,13492,-5,-2,-2,0,37078,114,27,65,0,0,0,0,0,0,0,0,-32311,0,0,0,0,0,43249,0
43248,-860,7974,1338,77,-12,41,13492,0,1,-2,0,37072,119,27,65,0,0,0,0,0,0,0,0,-32311,0,0,0,0,0,43254,0
43253,-866,7980,1364,79,-5,38,13492,-4,-1,-2,0,37072,119,27,65,0,0,0,0,0,0,0,0,-32310,0,0,0,0,0,43259,0
43258,-876,7972,1346,77,-8,39,13492,1,-2,-3,0,37068,113,27,65,0,0,0,0,0,0,0,0,-32310,0,0,0,0,0,43264,0
43263,-846,7978,1368,76,-10,40,13491,-2,-2,-1,0,37068,113,27,65,0,0,0,0,0,0,0,0,-32310,0,0,0,0,0,43269,0
43268,-820,7974,1368,73,-7,39,13492,0,0,-2,0,37069,110,27,65,0,0,0,0,0,0,0,0,-32310,0,0,0,0,0,43274,0
43273,-834,8000,1352,76,-10,38,13492,0,-4,-3,0,37069,110,27,65,0,0,0,0,0,0,0,0,-32311,0,0,0,0,0,43279,0
43278,-826,7978,1364,74,-14,39,13492,7,2,-2,0,37071,105,27,65,0,0,0,0,0,0,0,0,-32311,0,0,0,0,0,43284,0
43283,-828,8000,1368,79,-8,39,13492,7,-1,-2,0,37071,105,27,65,0,0,0,0,0,0,0,0,-32311,0,0,0,0,0,43289,0
43288,-826,7950,1378,73,-4,36,13492,3,-1,-1,0,37070,115,27,65,0,0,0,0,0,0,0,0,-32311,0,0,0,0,0,43294,0
43293,-818,7970,1374,80,-5,40,13491,3,-1,-1,0,37070,115,27,65,0,0,0,0,0,0,0,0,-32311,0,0,0,0,0,43299,0
43298,-836,7950,1384,74,-8,32,13491,-4,-1,-2,0,37067,114,27,65,0,0,0,0,0,0,0,0,-32311,0,0,0,0,0,43304,0
43303,-832,7956,1392,81,-12,30,13492,-2,1,-3,0,37067,114,27,65,0,0,0,0,0,0,0,0,-32311,0,0,0,0,0,43309,0
43308,-818,8004,1402,84,-11,30,13492,0,-2,-4,0,37067,122,27,65,0,0,0,0,0,0,0,0,-32311,0,0,0,0,0,43314,0
43313,-804,7990,1384,75,-8,38,13492,6,1,-2,0,37067,122,27,65,0,0,0,0,0,0,0,0,-32311,0,0,0,0,0,43320,0
43318,-808,7994,1380,82,-10,29,13492,3,-2,-3,0,37076,126,27,65,0,0,0,0,0,0,0,0,-32311,0,0,0,0,0,43325,0
43323,-832,7964,1392,84,1,27,13491,3,3,-2,0,37076,126,27,65,0,0,0,0,0,0,0,0,-32311,0,0,0,0,0,43330,0
43328,-820,7962,1378,82,-4,26,13491,1,4,-1,0,37075,129,27,65,0,0,0,0,0,0,0,0,-32311,0,0,0,0,0,43335,0
43333,-828,7976,1344,76,-1,31,13490,-4,-1,-1,0,37075,129,27,65,0,0,0,0,0,0,0,0,-32310,0,0,0,0,0,43340,0
43338,-820,7984,1360,83,-4,29,13492,0,0,-1,0,37075,134,27,65,0,0,0,0,0,0,0,0,-32311,0,0,0,0,0,43345,0
43343,-838,7974,1336,81,-3,26,13492,2,1,-2,0,37075,134,27,65,0,0,0,0,0,0,0,0,-32311,0,0,0,0,0,43350,0
43348,-834,7992,1332,81,-3,24,13491,-3,1,-2,0,37068,125,27,65,0,0,0,0,0,0,0,0,-32311,0,0,0,0,0,43355,0
43353,-864,7996,1300,77,-6,29,13491,-5,0,-2,0,37068,125,27,65,0,0,0,0,0,0,0,0,-32310,0,0,0,0,0,43360,0
43358,-862,7992,1312,78,-8,26,13491,-3,2,-2,0,37070,119,27,65,0,0,0,0,0,0,0,0,-32311,0,0,0,0,0,43365,0
43363,-860,8010,1308,75,-12,21,13491,-1,1,-2,0,37070,119,27,65,0,0,0,0,0,0,0,0,-32310,0,0,0,0,0,43370,0
43368,-864,7976,1338,77,-13,28,13492,-4,-1,-2,0,37071,113,27,65,0,0,0,0,0,0,0,0,-32310,0,0,0,0,0,43375,0
43373,-818,7962,1348,77,-9,18,13491,-3,1,-2,0,37071,113,27,65,0,0,0,0,0,0,0,0,-32311,0,0,0,0,0,43380,0
43378,-814,7990,1326,72,-15,24,13490,-9,3,-2,0,37072,112,27,65,0,0,0,0,0,0,0,0,-32311,0,0,0,0,0,43385,0
43383,-850,8002,1384,73,-9,19,13492,1,-1,-3,0,37072,112,27,65,0,0,0,0,0,0,0,0,-32310,0,0,0,0,0,43390,0
43388,-814,7990,1362,69,-16,15,13491,0,-2,-1,0,37072,122,27,65,0,0,0,0,0,0,0,0,-32311,0,0,0,0,0,43395,0
43393,-838,7988,1378,77,-7,25,13492,-3,2,-2,0,37072,122,27,65,0,0,0,0,0,0,0,0,-32311,0,0,0,0,0,43400,0
43398,-828,7982,1382,73,-12,19,13492,-1,-2,-2,0,37073,121,27,65,0,0,0,0,0,0,0,0,-32311,0,0,0,0,0,43405,0
43403,-826,7986,1410,79,-8,16,13491,-5,1,-2,0,37073,121,27,65,0,0,0,0,0,0,0,0,-32311,0,0,0,0,0,43410,0
43408,-830,7996,1356,77,-2,20,13492,2,1,-3,0,37073,119,27,65,0,0,0,0,0,0,0,0,-32310,0,0,0,0,0,43415,0
43413,-834,7964,1380,78,-5,21,13491,0,-3,-2,0,37073,119,27,65,0,0,0,0,0,0,0,0,-32311,0,0,0,0,0,43420,0
43418,-840,7958,1364,78,-4,21,13491,0,2,-4,0,37078,120,27,65,0,0,0,0,0,0,0,0,-32311,0,0,0,0,0,43425,0
43423,-836,7984,1348,81,-1,16,13491,-3,0,-4,0,37078,120,27,65,0,0,0,0,0,0,0,0,-32311,0,0,0,0,0,43430,0
43428,-854,7980,1340,80,-5,19,13491,-2,3,-3,0,37081,117,27,65,0,0,0,0,0,0,0,0,-32311,0,0,0,0,0,43435,0
43433,-838,7972,1338,78,-6,19,13492,0,0,-3,0,37081,117,27,65,0,0,0,0,0,0,0,0,-32311,0,0,0,0,0,43440,0
43438,-846,7998,1308,78,-13,14,13491,-1,2,-1,0,37081,109,27,65,0,0,0,0,0,0,0,0,-32311,0,0,0,0,0,43445,0
43443,-862,7954,1336,72,-6,15,13491,0,4,0,0,37081,109,27,65,0,0,0,0,0,0,0,0,-32311,0,0,0,0,0,43450,0
43448,-850,7964,1354,77,-7,17,13492,0,-6,-1,0,37081,110,27,65,0,0,0,0,0,0,0,0,-32311,0,0,0,0,0,43455,0
43453,-852,7988,1338,77,-12,17,13492,2,2,-1,0,37081,110,27,65,0,0,0,0,0,0,0,0,-32311,0,0,0,0,0,43460,0
43458,-850,7990,1336,72,-7,20,13492,3,1,-2,0,37071,119,27,65,0,0,0,0,0,0,0,0,-32311,0,0,0,0,0,43465,0
43463,-842,7950,1340,77,-12,17,13491,0,-3,-2,0,37071,119,27,65,0,0,0,0,0,0,0,0,-32311,0,0,0,0,0,43470,0
43468,-856,7970,1354,77,-9,12,13490,-5,1,-2,0,37069,123,27,65,0,0,0,0,0,0,0,0,-32311,0,0,0,0,0,43475,0
43473,-860,7970,1372,77,-8,13,13491,0,-3,-3,0,37069,123,27,65,0,0,0,0,0,0,0,0,-32311,0,0,0,0,0,43480,0
43478,-858,7978,1374,70,-9,15,13490,-9,0,-2,0,37072,123,27,65,0,0,0,0,0,0,0,0,-32311,0,0,0,0,0,43485,0
43483,-840,7976,1380,70,-11,12,13491,-5,3,-2,0,37072,123,27,65,0,0,0,0,0,0,0,0,-32311,0,0,0,0,0,43490,0
43488,-868,7994,1394,73,-9,17,13491,0,0,-2,0,37076,120,27,65,0,0,0,0,0,0,0,0,-32311,0,0,0,0,0,43495,0
43493,-870,7992,1360,76,-7,12,13491,-4,2,-2,0,37076,120,27,65,0,0,0,0,0,0,0,0,-32311,0,0,0,0,0,43500,0
43498,-842,7974,1358,77,-4,13,13492,-3,1,-4,0,37080,125,27,65,0,0,0,0,0,0,0,0,-32311,0,0,0,0,0,43505,0
43503,-832,7992,1386,79,-6,14,13491,-7,3,-1,0,37080,125,27,65,0,0,0,0,0,0,0,0,-32311,0,0,0,0,0,43510,0
43508,-884,7994,1366,74,-8,19,13491,1,1,-1,0,37078,125,27,65,0,0,0,0,0,0,0,0,-32311,0,0,0,0,0,43515,0
43513,-860,7976,1348,73,-8,17,13491,-1,-5,-2,0,37078,125,27,65,0,0,0,0,0,0,0,0,-32310,0,0,0,0,0,43520,0
43518,-862,7982,1352,76,-5,16,13491,-3,0,-3,0,37075,128,27,65,0,0,0,0,0,0,0,0,-32310,0,0,0,0,0,43525,0
43523,-880,7960,1358,77,-9,15,13492,2,2,-5,0,37075,128,27,65,0,0,0,0,0,0,0,0,-32311,0,0,0,0,0,43530,0
43528,-886,7984,1326,75,-9,17,13491,-1,-3,-1,0,37076,122,27,65,0,0,0,0,0,0,0,0,-32310,0,0,0,0,0,43535,0
43533,-884,7976,1364,73,-7,22,13492,1,0,-1,0,37076,122,27,65,0,0,0,0,0,0,0,0,-32310,0,0,0,0,0,43540,0
43538,-866,7970,1342,75,-4,25,13492,3,1,-2,0,37076,122,27,65,0,0,0,0,0,0,0,0,-32311,0,0,0,0,0,43545,0
43543,-884,7980,1328,74,0,21,13492,4,2,-1,0,37076,122,27,65,0,0,0,0,0,0,0,0,-32310,0,0,0,0,0,43550,0
43548,-878,7986,1318,73,-3,21,13493,6,6,-2,0,37076,127,27,65,0,0,0,0,0,0,0,0,-32311,0,0,0,0,0,43555,0
43553,-900,7998,1344,72,-3,21,13492,0,-3,-3,0,37076,127,27,65,0,0,0,0,0,0,0,0,-32311,0,0,0,0,0,43560,0
43558,-890,7994,1324,73,-5,24,13491,-1,2,-3,0,37069,123,27,65,0,0,0,0,0,0,0,0,-32311,0,0,0,0,0,43565,0
43563,-884,7974,1320,72,-3,26,13492,-1,0,-2,0,37069,123,27,65,0,0,0,0,0,0,0,0,-32311,0,0,0,0,0,43570,0
43568,-876,7980,1326,74,-8,30,13491,-3,-2,-2,0,37070,122,27,65,0,0,0,0,0,0,0,0,-32311,0,0,0,0,0,43575,0
43573,-902,7988,1322,69,-11,23,13493,2,1,-4,0,37070,122,27,65,0,0,0,0,0,0,0,0,-32310,0,0,0,0,0,43580,0
43578,-898,7970,1312,73,-10,28,13493,5,3,-3,0,37072,114,27,65,0,0,0,0,0,0,0,0,-32311,0,0,0,0,0,43585,0
43583,-882,7984,1326,69,-9,31,13492,1,2,-3,0,37072,114,27,65,0,0,0,0,0,0,0,0,-32311,0,0,0,0,0,43590,0
43588,-886,7966,1358,77,-11,31,13493,11,0,-1,0,37073,120,27,65,0,0,0,0,0,0,0,0,-32311,0,0,0,0,0,43595,0
43593,-894,7962,1358,66,-14,31,13490,0,1,-1,0,37073,120,27,65,0,0,0,0,0,0,0,0,-32311,0,0,0,0,0,43600,0
43598,-872,7978,1358,70,-12,29,13492,0,5,-3,0,37069,124,27,65,0,0,0,0,0,0,0,0,-32311,0,0,0,0,0,43605,0
43603,-882,7978,1352,73,-16,31,13491,0,-3,-2,0,37069,124,27,65,0,0,0,0,0,0,0,0,-32310,0,0,0,0,0,43610,0
43608,-870,7978,1354,69,-13,32,13491,0,-1,-1,0,37068,125,27,65,0,0,0,0,0,0,0,0,-32310,0,0,0,0,0,43615,0
43613,-864,7956,1368,73,-10,32,13491,-5,-4,-1,0,37068,125,27,65,0,0,0,0,0,0,0,0,-32311,0,0,0,0,0,43620,0
43618,-870,7960,1388,69,-8,29,13491,-11,-4,-2,0,37069,120,27,65,0,0,0,0,0,0,0,0,-32310,0,0,0,0,0,43625,0
43623,-858,7950,1402,69,-4,34,13493,-2,1,-2,0,37069,120,27,65,0,0,0,0,0,0,0,0,-32310,0,0,0,0,0,43630,0
43628,-852,7958,1388,66,-2,34,13493,5,0,0,0,37070,123,27,65,0,0,0,0,0,0,0,0,-32311,0,0,0,0,0,43635,0
43633,-854,7986,1376,74,-2,37,13491,-3,-8,0,0,37070,123,27,65,0,0,0,0,0,0,0,0,-32311,0,0,0,0,0,43640,0
43638,-822,7994,1354,77,-1,37,13491,-5,-3,-2,0,37075,128,27,65,0,0,0,0,0,0,0,0,-32311,0,0,0,0,0,43645,0
43643,-844,7982,1360,65,3,34,13490,-3,-3,-1,0,37075,128,27,65,0,0,0,0,0,0,0,0,-32311,0,0,0,0,0,43650,0
43648,-864,7982,1332,73,-8,37,13491,-3,-1,0,0,37075,126,27,65,0,0,0,0,0,0,0,0,-32311,0,0,0,0,0,43655,0
43653,-854,7984,1338,71,-6,36,13492,4,2,-2,0,37075,126,27,65,0,0,0,0,0,0,0,0,-32311,0,0,0,0,0,43660,0
43658,-856,7996,1334,78,-5,31,13491,-4,-3,-2,0,37074,125,27,65,0,0,0,0,0,0,0,0,-32311,0,0,0,0,0,43665,0
43663,-878,7980,1340,71,-13,29,13492,-3,3,-3,0,37074,125,27,65,0,0,0,0,0,0,0,0,-32311,0,0,0,0,0,43670,0
43668,-848,7998,1336,70,-7,32,13492,4,0,-2,0,37069,119,27,65,0,0,0,0,0,0,0,0,-32311,0,0,0,0,0,43675,0
43673,-864,7958,1344,75,-14,28,13492,3,0,-2,0,37069,119,27,65,0,0,0,0,0,0,0,0,-32311,0,0,0,0,0,43680,0
43678,-852,7954,1332,70,-14,32,13492,0,5,-1,0,37069,129,27,65,0,0,0,0,0,0,0,0,-32311,0,0,0,0,0,43685,0
43683,-832,7978,1378,75,-11,29,13491,-3,-2,-2,0,37069,129,27,65,0,0,0,0,0,0,0,0,-32310,0,0,0,0,0,43690,0
43688,-840,7980,1356,74,-13,27,13492,0,1,-2,0,37071,135,27,65,0,0,0,0,0,0,0,0,-32311,0,0,0,0,0,43695,0
43693,-830,7994,1366,81,-11,31,13491,0,-1,-2,0,37071,135,27,65,0,0,0,0,0,0,0,0,-32311,0,0,0,0,0,43700,0
43698,-834,8000,1380,75,-11,32,13492,1,0,-2,0,37071,130,27,65,0,0,0,0,0,0,0,0,-32311,0,0,0,0,0,43705,0
43703,-852,7980,1384,72,-8,28,13491,0,-2,0,0,37071,130,27,65,0,0,0,0,0,0,0,0,-32310,0,0,0,0,0,43710,0
43708,-802,7956,1388,79,-6,26,13491,-8,-2,-1,0,37070,122,27,65,0,0,0,0,0,0,0,0,-32311,0,0,0,0,0,43715,0
43713,-810,7972,1346,76,-5,29,13493,1,5,-1,0,37070,122,27,65,0,0,0,0,0,0,0,0,-32311,0,0,0,0,0,43720,0
43718,-830,7994,1362,76,-3,25,13491,-3,-3,-3,0,37069,124,27,65,0,0,0,0,0,0,0,0,-32311,0,0,0,0,0,43725,0
43723,-856,7980,1344,81,-1,27,13492,2,-4,-4,0,37069,124,27,65,0,0,0,0,0,0,0,0,-32310,0,0,0,0,0,43730,0
43728,-834,7986,1372,77,-5,28,13492,6,3,-2,0,37070,131,27,65,0,0,0,0,0,0,0,0,-32310,0,0,0,0,0,43735,0
43733,-830,7994,1358,79,-5,20,13492,0,-2,-1,0,37070,131,27,65,0,0,0,0,0,0,0,0,-32310,0,0,0,0,0,43740,0
43738,-874,7982,1376,79,-6,22,13492,2,1,1,0,37073,127,27,65,0,0,0,0,0,0,0,0,-32311,0,0,0,0,0,43745,0
43743,-846,7972,1370,83,-9,20,13492,1,0,-1,0,37073,127,27,65,0,0,0,0,0,0,0,0,-32310,0,0,0,0,0,43750,0
43748,-850,7994,1340,75,-11,21,13492,5,0,-2,0,37073,120,27,65,0,0,0,0,0,0,0,0,-32311,0,0,0,0,0,43755,0
43753,-836,7980,1332,81,-5,22,13491,0,-4,-2,0,37073,120,27,65,0,0,0,0,0,0,0,0,-32311,0,0,0,0,0,43760,0
43758,-846,7988,1326,81,-9,20,13492,1,3,-2,0,37072,121,27,65,0,0,0,0,0,0,0,0,-32311,0,0,0,0,0,43765,0
43763,-858,7994,1328,77,-9,21,13492,0,4,-1,0,37072,121,27,65,0,0,0,0,0,0,0,0,-32311,0,0,0,0,0,43770,0
43768,-854,7998,1328,75,-8,19,13493,4,3,-1,0,37073,120,27,65,0,0,0,0,0,0,0,0,-32311,0,0,0,0,0,43775,0
43773,-864,8010,1334,79,-7,24,13492,1,0,-2,0,37073,120,27,65,0,0,0,0,0,0,0,0,-32311,0,0,0,0,0,43780,0
43778,-842,7964,1334,78,-10,17,13492,7,0,-2,0,37071,116,27,65,0,0,0,0,0,0,0,0,-32311,0,0,0,0,0,43785,0
43783,-864,7992,1336,72,-6,22,13491,-4,1,-3,0,37071,116,27,65,0,0,0,0,0,0,0,0,-32311,0,0,0,0,0,43790,0
43788,-836,7976,1350,76,-8,19,13492,3,6,-1,0,37072,121,27,65,0,0,0,0,0,0,0,0,-32311,0,0,0,0,0,43795,0
43793,-864,7988,1330,71,-7,14,13491,-11,-3,0,0,37072,121,27,65,0,0,0,0,0,0,0,0,-32311,0,0,0,0,0,43800,0
43798,-844,7974,1328,74,-6,23,13491,-4,0,-1,0,37073,123,27,65,0,0,0,0,0,0,0,0,-32311,0,0,0,0,0,43805,0
43803,-852,7964,1346,73,-9,19,13493,1,1,0,0,37073,123,27,65,0,0,0,0,0,0,0,0,-32311,0,0,0,0,0,43810,0
43808,-840,8004,1352,78,-6,17,13492,3,0,-1,0,37071,122,27,65,0,0,0,0,0,0,0,0,-32311,0,0,0,0,0,43815,0
43813,-850,7974,1358,77,-7,16,13491,-4,2,-1,0,37071,122,27,65,0,0,0,0,0,0,0,0,-32311,0,0,0,0,0,43820,0
43818,-872,7990,1348,76,-13,13,13491,-5,1,-2,0,37069,123,27,65,0,0,0,0,0,0,0,0,-32310,0,0,0,0,0,43825,0
43823,-846,7978,1336,78,-9,17,13493,1,-1,-3,0,37069,123,27,65,0,0,0,0,0,0,0,0,-32311,0,0,0,0,0,43830,0
43828,-864,7996,1368,69,-9,21,13492,-4,-1,-2,0,37070,123,27,65,0,0,0,0,0,0,0,0,-32311,0,0,0,0,0,43835,0
43833,-872,7968,1346,77,-5,17,13491,-1,-1,-2,0,37070,123,27,65,0,0,0,0,0,0,0,0,-32310,0,0,0,0,0,43840,0
43838,-852,7978,1356,71,-6,15,13491,-1,-2,-4,0,37072,130,27,65,0,0,0,0,0,0,0,0,-32311,0,0,0,0,0,43845,0
43843,-862,8008,1352,76,-3,18,13491,-3,4,-5,0,37072,130,27,65,0,0,0,0,0,0,0,0,-32310,0,0,0,0,0,43850,0
43848,-862,7956,1340,74,-8,14,13492,-3,-1,-1,0,37075,128,27,65,0,0,0,0,0,0,0,0,-32310,0,0,0,0,0,43855,0
43853,-866,7974,1342,76,-8,14,13492,3,-2,0,0,37075,128,27,65,0,0,0,0,0,0,0,0,-32311,0,0,0,0,0,43860,0
43858,-844,7998,1326,80,-5,14,13492,-2,2,0,0,37072,123,27,65,0,0,0,0,0,0,0,0,-32311,0,0,0,0,0,43865,0
43863,-894,7974,1340,75,-4,19,13492,3,1,-3,0,37072,123,27,65,0,0,0,0,0,0,0,0,-32311,0,0,0,0,0,43870,0
43868,-876,7968,1306,72,-2,20,13492,1,0,-3,0,37071,113,27,65,0,0,0,0,0,0,0,0,-32311,0,0,0,0,0,43875,0
43873,-874,7966,1318,74,-8,17,13493,6,-3,-3,0,37071,113,27,65,0,0,0,0,0,0,0,0,-32310,0,0,0,0,0,43880,0
43878,-872,7982,1338,69,-9,16,13491,3,-1,-2,0,37069,117,27,65,0,0,0,0,0,0,0,0,-32311,0,0,0,0,0,43885,0
43883,-894,7992,1308,76,-2,18,13493,3,2,-2,0,37069,117,27,65,0,0,0,0,0,0,0,0,-32311,0,0,0,0,0,43890,0
43888,-894,7958,1330,72,-11,22,13491,-5,-6,-2,0,37069,115,27,65,0,0,0,0,0,0,0,0,-32311,0,0,0,0,0,43895,0
43893,-866,7980,1340,70,-10,21,13492,1,1,0,0,37069,115,27,65,0,0,0,0,0,0,0,0,-32311,0,0,0,0,0,43900,0
43898,-876,7962,1328,71,-11,24,13492,3,-4,-1,0,37066,127,27,65,0,0,0,0,0,0,0,0,-32311,0,0,0,0,0,43905,0
43903,-874,7980,1336,71,-7,19,13492,0,3,-2,0,37066,127,27,65,0,0,0,0,0,0,0,0,-32311,0,0,0,0,0,43910,0
43908,-888,7962,1340,67,-12,22,13491,-10,-2,-2,0,37066,132,27,65,0,0,0,0,0,0,0,0,-32311,0,0,0,0,0,43915,0
43913,-862,7976,1348,70,-12,23,13492,2,-1,-1,0,37066,132,27,65,0,0,0,0,0,0,0,0,-32310,0,0,0,0,0,43920,0
43918,-870,7990,1354,77,-7,17,13491,-1,-2,-3,0,37067,128,27,65,0,0,0,0,0,0,0,0,-32311,0,0,0,0,0,43925,0
43923,-898,7956,1344,72,-12,20,13493,-1,1,-3,0,37067,128,27,65,0,0,0,0,0,0,0,0,-32311,0,0,0,0,0,43930,0
43928,-882,7970,1348,72,-9,24,13493,5,1,-3,0,37069,122,27,65,0,0,0,0,0,0,0,0,-32311,0,0,0,0,0,43935,0
43933,-874,7978,1348,74,-11,21,13492,3,6,-2,0,37069,122,27,65,0,0,0,0,0,0,0,0,-32311,0,0,0,0,0,43940,0
43938,-884,7992,1366,67,-9,26,13491,1,-4,-2,0,37071,116,27,65,0,0,0,0,0,0,0,0,-32311,0,0,0,0,0,43945,0
43943,-868,7972,1336,69,-4,28,13491,0,-3,0,0,37071,116,27,65,0,0,0,0,0,0,0,0,-32311,0,0,0,0,0,43950,0
43948,-880,7970,1362,76,-3,25,13491,3,3,-2,0,37073,115,27,65,0,0,0,0,0,0,0,0,-32311,0,0,0,0,0,43955,0
43953,-852,7980,1350,67,-13,25,13492,-3,-3,-2,0,37073,115,27,65,0,0,0,0,0,0,0,0,-32310,0,0,0,0,0,43960,0
43958,-866,7984,1342,70,-9,23,13492,1,3,-1,0,37072,116,27,65,0,0,0,0,0,0,0,0,-32311,0,0,0,0,0,43965,0
43963,-872,8006,1346,71,-5,26,13491,-1,-5,-2,0,37072,116,27,65,0,0,0,0,0,0,0,0,-32311,0,0,0,0,0,43970,0
43968,-880,7974,1350,74,-4,23,13492,0,-1,-4,0,37071,111,27,65,0,0,0,0,0,0,0,0,-32311,0,0,0,0,0,43975,0
43973,-888,7968,1332,72,-5,26,13491,-5,-1,-1,0,37071,111,27,65,0,0,0,0,0,0,0,0,-32310,0,0,0,0,0,43980,0
43978,-860,7964,1340,71,-10,28,13492,0,2,-1,0,37068,125,27,65,0,0,0,0,0,0,0,0,-32311,0,0,0,0,0,43985,0
43983,-856,7976,1324,79,-10,27,13492,0,-2,-1,0,37068,125,27,65,0,0,0,0,0,0,0,0,-32311,0,0,0,0,0,43990,0
43988,-864,7966,1360,74,-5,30,13492,2,3,-1,0,37071,133,27,65,0,0,0,0,0,0,0,0,-32311,0,0,0,0,0,43995,0
43993,-868,7960,1350,79,-7,24,13490,-9,1,0,0,37071,133,27,65,0,0,0,0,0,0,0,0,-32311,0,0,0,0,0,44000,0
43998,-880,8004,1342,69,-9,30,13492,4,2,-1,0,37074,130,27,65,0,0,0,0,0,0,0,0,-32311,0,0,0,0,0,44005,0
44003,-864,7954,1352,69,-7,28,13492,-1,-2,0,0,37074,130,27,65,0,0,0,0,0,0,0,0,-32311,0,0,0,0,0,44010,0
44008,-848,7978,1336,79,-10,28,13492,5,7,-3,0,37075,115,27,65,0,0,0,0,0,0,0,0,-32311,0,0,0,0,0,44015,0
44013,-840,7972,1366,70,-10,27,13491,0,-1,-3,0,37075,115,27,65,0,0,0,0,0,0,0,0,-32311,0,0,0,0,0,44020,0
44018,-840,7956,1362,78,-9,26,13492,6,0,-3,0,37073,110,27,65,0,0,0,0,0,0,0,0,-32311,0,0,0,0,0,44025,0
44023,-826,7986,1372,74,-10,22,13492,0,1,-4,0,37073,110,27,65,0,0,0,0,0,0,0,0,-32311,0,0,0,0,0,44030,0
44028,-864,7986,1386,74,-4,25,13492,1,3,-1,0,37073,114,27,65,0,0,0,0,0,0,0,0,-32311,0,0,0,0,0,44035,0
44033,-820,7980,1356,72,-6,26,13492,1,-2,-1,0,37073,114,27,65,0,0,0,0,0,0,0,0,-32311,0,0,0,0,0,44040,0
44038,-848,7984,1370,72,-3,27,13491,-7,-2,-2,0,37078,120,27,65,0,0,0,0,0,0,0,0,-32311,0,0,0,0,0,44045,0
44043,-864,7970,1364,73,-2,22,13492,1,-2,-1,0,37078,120,27,65,0,0,0,0,0,0,0,0,-32310,0,0,0,0,0,44050,0
44048,-852,7972,1380,81,-6,29,13492,2,4,-2,0,37086,128,27,65,0,0,0,0,0,0,0,0,-32311,0,0,0,0,0,44055,0
44053,-834,7962,1372,79,-12,28,13492,-5,2,-3,0,37086,128,27,65,0,0,0,0,0,0,0,0,-32311,0,0,0,0,0,44060,0
44058,-850,7984,1366,83,-6,22,13491,-1,2,-1,0,37097,124,27,65,0,0,0,0,0,0,0,0,-32311,0,0,0,0,0,44065,0
44063,-864,7960,1374,81,-6,25,13492,3,-1,-1,0,37097,124,27,65,0,0,0,0,0,0,0,0,-32311,0,0,0,0,0,44070,0
44068,-854,7964,1336,82,-7,28,13492,-3,-1,-2,0,37094,121,27,65,0,0,0,0,0,0,0,0,-32311,0,0,0,0,0,44075,0
44073,-834,7986,1346,79,-2,23,13492,-1,-1,-3,0,37094,121,27,65,0,0,0,0,0,0,0,0,-32310,0,0,0,0,0,44080,0
44078,-862,7992,1342,78,-5,27,13492,-4,0,-1,0,37084,118,27,65,0,0,0,0,0,0,0,0,-32311,0,0,0,0,0,44085,0
44083,-866,7996,1326,79,-1,26,13492,2,0,-2,0,37084,118,27,65,0,0,0,0,0,0,0,0,-32312,0,0,0,0,0,44090,0
44088,-870,8006,1314,76,-9,22,13490,-4,-1,-2,0,37074,119,27,65,0,0,0,0,0,0,0,0,-32311,0,0,0,0,0,44095,0
44093,-876,8004,1308,78,-10,27,13492,-2,2,-1,0,37074,119,27,65,0,0,0,0,0,0,0,0,-32310,0,0,0,0,0,44100,0
44098,-878,7992,1326,83,-9,21,13491,-1,-1,0,0,37071,120,27,65,0,0,0,0,0,0,0,0,-32311,0,0,0,0,0,44105,0
44103,-870,7980,1304,75,-8,25,13492,2,7,0,0,37071,120,27,65,0,0,0,0,0,0,0,0,-32311,0,0,0,0,0,44110,0
44108,-882,7996,1298,77,-4,19,13493,9,3,-2,0,37069,118,27,65,0,0,0,0,0,0,0,0,-32310,0,0,0,0,0,44115,0
44113,-858,8000,1322,79,-11,24,13492,1,-1,-2,0,37069,118,27,65,0,0,0,0,0,0,0,0,-32310,0,0,0,0,0,44120,0
44118,-868,7996,1316,75,-6,29,13491,-5,0,-2,0,37067,125,27,65,0,0,0,0,0,0,0,0,-32311,0,0,0,0,0,44125,0
44123,-882,7976,1324,78,-13,24,13491,-1,-1,-2,0,37067,125,27,65,0,0,0,0,0,0,0,0,-32311,0,0,0,0,0,44130,0
44128,-858,7970,1348,75,-8,21,13492,6,1,-1,0,37068,137,27,65,0,0,0,0,0,0,0,0,-32311,0,0,0,0,0,44135,0
44133,-842,7970,1334,74,-13,25,13493,7,-2,-1,0,37068,137,27,65,0,0,0,0,0,0,0,0,-32311,0,0,0,0,0,44140,0
44138,-874,7972,1344,74,-6,22,13491,-6,-4,-1,0,37070,136,27,65,0,0,0,0,0,0,0,0,-32311,0,0,0,0,0,44145,0
44143,-856,7972,1362,71,-6,26,13491,-12,3,-1,0,37070,136,27,65,0,0,0,0,0,0,0,0,-32311,0,0,0,0,0,44150,0
44148,-842,7966,1340,75,-6,23,13491,-1,-4,0,0,37070,131,27,65,0,0,0,0,0,0,0,0,-32311,0,0,0,0,0,44155,0
44153,-882,7986,1332,79,-7,23,13493,8,-2,0,0,37070,131,27,65,0,0,0,0,0,0,0,0,-32311,0,0,0,0,0,44160,0
44158,-868,7960,1334,76,-16,21,13493,0,-3,-1,0,37078,118,27,65,0,0,0,0,0,0,0,0,-32311,0,0,0,0,0,44165,0
44163,-866,7974,1346,77,-13,22,13492,-1,-3,-3,0,37078,118,27,65,0,0,0,0,0,0,0,0,-32310,0,0,0,0,0,44170,0
44168,-866,7978,1358,76,-7,26,13492,5,0,-4,0,37078,113,27,65,0,0,0,0,0,0,0,0,-32310,0,0,0,0,0,44175,0
44173,-882,7980,1332,69,-7,28,13491,0,-4,-4,0,37078,113,27,65,0,0,0,0,0,0,0,0,-32311,0,0,0,0,0,44180,0
44178,-864,7968,1356,76,-9,26,13492,0,-1,-2,0,37079,115,27,65,0,0,0,0,0,0,0,0,-32311,0,0,0,0,0,44185,0
44183,-852,7970,1338,78,-6,28,13492,4,-3,-1,0,37079,115,27,65,0,0,0,0,0,0,0,0,-32311,0,0,0,0,0,44190,0
44188,-884,7990,1336,70,-8,31,13493,6,1,-1,0,37070,111,27,65,0,0,0,0,0,0,0,0,-32311,0,0,0,0,0,44195,0
44193,-856,8006,1326,79,-4,28,13493,3,-2,0,0,37070,111,27,65,0,0,0,0,0,0,0,0,-32310,0,0,0,0,0,44200,0
44198,-866,7982,1328,72,-7,29,13491,4,-1,-2,0,37067,123,27,65,0,0,0,0,0,0,0,0,-32311,0,0,0,0,0,44205,0
44203,-882,7980,1332,70,-8,27,13493,4,-4,0,0,37067,123,27,65,0,0,0,0,0,0,0,0,-32311,0,0,0,0,0,44210,0
44208,-858,7968,1298,74,-4,28,13490,-7,-3,-2,0,37068,128,27,65,0,0,0,0,0,0,0,0,-32311,0,0,0,0,0,44215,0
44213,-862,7972,1322,69,-10,26,13490,-6,-1,-2,0,37068,128,27,65,0,0,0,0,0,0,0,0,-32311,0,0,0,0,0,44220,0
44218,-860,7972,1344,75,-6,26,13492,-3,-2,-3,0,37067,131,27,65,0,0,0,0,0,0,0,0,-32311,0,0,0,0,0,44225,0
44223,-878,7988,1326,73,-6,27,13492,0,3,-2,0,37067,131,27,65,0,0,0,0,0,0,0,0,-32311,0,0,0,0,0,44230,0
44228,-862,7976,1356,74,-12,26,13492,4,3,-1,0,37067,130,27,65,0,0,0,0,0,0,0,0,-32311,0,0,0,0,0,44235,0
44233,-864,7958,1346,74,-7,22,13492,11,1,-2,0,37067,130,27,65,0,0,0,0,0,0,0,0,-32311,0,0,0,0,0,44240,0
44238,-846,7974,1336,73,-9,29,13492,1,0,-1,0,37068,130,27,65,0,0,0,0,0,0,0,0,-32311,0,0,0,0,0,44245,0
44243,-818,7970,1318,69,-11,24,13490,-7,2,-1,0,37068,130,27,65,0,0,0,0,0,0,0,0,-32311,0,0,0,0,0,44250,0
44248,-850,7976,1332,71,-5,27,13491,-5,7,-2,0,37069,131,27,65,0,0,0,0,0,0,0,0,-32311,0,0,0,0,0,44255,0
44253,-826,7968,1354,72,-7,22,13492,-1,-2,-1,0,37069,131,27,65,0,0,0,0,0,0,0,0,-32311,0,0,0,0,0,44260,0
44258,-872,7976,1352,75,-3,26,13491,-7,3,-1,0,37076,122,27,65,0,0,0,0,0,0,0,0,-32311,0,0,0,0,0,44265,0
44263,-852,7974,1344,74,-4,26,13491,-10,1,-3,0,37076,122,27,65,0,0,0,0,0,0,0,0,-32310,0,0,0,0,0,44270,0
44268,-860,7976,1328,73,-8,26,13491,-4,3,-3,0,37075,121,27,65,0,0,0,0,0,0,0,0,-32311,0,0,0,0,0,44275,0
44273,-820,7960,1320,73,-6,24,13492,-3,-2,-2,0,37075,121,27,65,0,0,0,0,0,0,0,0,-32311,0,0,0,0,0,44280,0
44278,-834,7952,1326,74,-5,25,13491,0,0,-3,0,37075,118,27,65,0,0,0,0,0,0,0,0,-32311,0,0,0,0,0,44285,0
44283,-852,8002,1322,72,-4,26,13491,-1,2,-2,0,37075,118,27,65,0,0,0,0,0,0,0,0,-32311,0,0,0,0,0,44290,0
44288,-842,7994,1298,71,-11,24,13493,2,2,-1,0,37070,124,27,65,0,0,0,0,0,0,0,0,-32311,0,0,0,0,0,44295,0
44293,-870,7984,1340,70,-8,21,13492,3,2,-2,0,37070,124,27,65,0,0,0,0,0,0,0,0,-32311,0,0,0,0,0,44300,0
44298,-850,7984,1314,67,-11,24,13492,-2,3,-2,0,37071,121,27,65,0,0,0,0,0,0,0,0,-32311,0,0,0,0,0,44305,0
44303,-856,7962,1322,64,-3,19,13491,0,-6,-1,0,37071,121,27,65,0,0,0,0,0,0,0,0,-32311,0,0,0,0,0,44310,0
44308,-858,7990,1318,70,-14,18,13492,0,1,-1,0,37071,118,27,65,0,0,0,0,0,0,0,0,-32310,0,0,0,0,0,44315,0
44313,-858,7998,1344,78,-9,17,13492,1,2,-1,0,37071,118,27,65,0,0,0,0,0,0,0,0,-32311,0,0,0,0,0,44321,0
44318,-850,7988,1330,71,-6,19,13492,0,1,-2,0,37069,121,27,65,0,0,0,0,0,0,0,0,-32311,0,0,0,0,0,44326,0
44323,-860,7976,1324,70,-10,17,13492,-1,-2,-2,0,37069,121,27,65,0,0,0,0,0,0,0,0,-32311,0,0,0,0,0,44331,0
44328,-870,7980,1358,68,-15,16,13492,1,-1,-2,0,37068,124,27,65,0,0,0,0,0,0,0,0,-32311,0,0,0,0,0,44336,0
44333,-840,7982,1354,68,-8,17,13492,5,-2,-3,0,37068,124,27,65,0,0,0,0,0,0,0,0,-32311,0,0,0,0,0,44341,0
44338,-846,8010,1362,78,-7,16,13491,1,-3,-2,0,37067,120,27,65,0,0,0,0,0,0,0,0,-32311,0,0,0,0,0,44346,0
44343,-852,7972,1338,76,-12,23,13491,-8,2,0,0,37067,120,27,65,0,0,0,0,0,0,0,0,-32310,0,0,0,0,0,44351,0
44348,-856,7968,1380,72,-7,15,13492,0,2,-1,0,37066,119,27,65,0,0,0,0,0,0,0,0,-32311,0,0,0,0,0,44356,0
44353,-850,7972,1344,74,-6,17,13492,0,1,-2,0,37066,119,27,65,0,0,0,0,0,0,0,0,-32310,0,0,0,0,0,44361,0
44358,-866,7964,1354,77,-7,24,13492,0,-1,0,0,37065,118,27,65,0,0,0,0,0,0,0,0,-32311,0,0,0,0,0,44366,0
44363,-854,7976,1340,73,-6,23,13491,3,-1,1,0,37065,118,27,65,0,0,0,0,0,0,0,0,-32311,0,0,0,0,0,44371,0
44368,-872,7972,1328,79,-4,17,13491,0,4,-1,0,37068,117,27,65,0,0,0,0,0,0,0,0,-32311,0,0,0,0,0,44376,0
44373,-870,7980,1324,67,-5,19,13491,-4,0,-2,0,37068,117,27,65,0,0,0,0,0,0,0,0,-32310,0,0,0,0,0,44381,0
44378,-880,7984,1294,74,-8,15,13491,-1,2,-2,0,37070,119,27,65,0,0,0,0,0,0,0,0,-32311,0,0,0,0,0,44386,0
44383,-894,7970,1316,71,-6,17,13491,1,8,-1,0,37070,119,27,65,0,0,0,0,0,0,0,0,-32311,0,0,0,0,0,44391,0
44388,-862,7982,1306,74,-6,25,13492,-1,-2,-1,0,37071,119,27,65,0,0,0,0,0,0,0,0,-32311,0,0,0,0,0,44396,0
44393,-872,8006,1312,70,-8,19,13491,2,1,-2,0,37071,119,27,65,0,0,0,0,0,0,0,0,-32310,0,0,0,0,0,44401,0
44398,-888,7974,1304,71,-8,20,13491,0,4,-2,0,37066,128,27,65,0,0,0,0,0,0,0,0,-32310,0,0,0,0,0,44406,0
44403,-878,7974,1300,73,-8,21,13492,0,0,-2,0,37066,128,27,65,0,0,0,0,0,0,0,0,-32310,0,0,0,0,0,44411,0
44408,-882,8000,1316,72,-16,24,13492,-3,0,-1,0,37064,121,27,65,0,0,0,0,0,0,0,0,-32311,0,0,0,0,0,44416,0
44413,-852,7974,1326,68,-6,22,13491,0,4,-2,0,37064,121,27,65,0,0,0,0,0,0,0,0,-32310,0,0,0,0,0,44421,0
44418,-866,7970,1336,69,-12,26,13492,3,0,-3,0,37064,118,27,65,0,0,0,0,0,0,0,0,-32311,0,0,0,0,0,44426,0
44423,-880,7986,1336,66,-7,23,13492,1,-2,0,0,37064,118,27,65,0,0,0,0,0,0,0,0,-32311,0,0,0,0,0,44431,0
44428,-894,7990,1356,74,-6,23,13492,2,0,0,0,37067,124,27,65,0,0,0,0,0,0,0,0,-32310,0,0,0,0,0,44436,0
44433,-854,7982,1320,67,-7,24,13492,-1,2,-1,0,37067,124,27,65,0,0,0,0,0,0,0,0,-32311,0,0,0,0,0,44441,0
44438,-854,7978,1346,70,-14,24,13492,0,-1,-2,0,37068,128,27,65,0,0,0,0,0,0,0,0,-32311,0,0,0,0,0,44446,0
44443,-846,7980,1338,67,-11,22,13493,7,-4,-2,0,37068,128,27,65,0,0,0,0,0,0,0,0,-32311,0,0,0,0,0,44451,0
44448,-864,7980,1334,72,-9,29,13492,-6,-5,-2,0,37065,129,27,65,0,0,0,0,0,0,0,0,-32311,0,0,0,0,0,44456,0
44453,-838,7972,1324,67,-6,24,13490,-9,4,-2,0,37065,129,27,65,0,0,0,0,0,0,0,0,-32311,0,0,0,0,0,44461,0
44458,-864,7968,1352,68,-5,24,13491,-1,-1,-2,0,37064,127,27,65,0,0,0,0,0,0,0,0,-32311,0,0,0,0,0,44466,0
44463,-858,7978,1334,73,-5,21,13491,5,3,-2,0,37064,127,27,65,0,0,0,0,0,0,0,0,-32311,0,0,0,0,0,44471,0
44468,-896,7968,1312,68,-6,26,13492,6,2,-2,0,37065,131,27,65,0,0,0,0,0,0,0,0,-32311,0,0,0,0,0,44476,0
44473,-874,7988,1308,69,-2,27,13491,-5,1,-2,0,37065,131,27,65,0,0,0,0,0,0,0,0,-32310,0,0,0,0,0,44481,0
44478,-854,7994,1302,67,-11,29,13491,-7,3,-1,0,37069,133,27,65,0,0,0,0,0,0,0,0,-32311,0,0,0,0,0,44486,0
44483,-878,7954,1326,66,-9,26,13492,0,-2,-2,0,37069,133,27,65,0,0,0,0,0,0,0,0,-32311,0,0,0,0,0,44491,0
44488,-856,7986,1324,70,-9,25,13490,-2,4,-2,0,37069,134,27,65,0,0,0,0,0,0,0,0,-32311,0,0,0,0,0,44496,0
44493,-876,7984,1340,65,-15,25,13491,-4,0,0,0,37069,134,27,65,0,0,0,0,0,0,0,0,-32310,0,0,0,0,0,44501,0
44498,-836,7980,1316,61,-14,28,13491,-4,-2,-1,0,37071,126,27,65,0,0,0,0,0,0,0,0,-32311,0,0,0,0,0,44506,0
44503,-860,7966,1338,63,-9,28,13492,4,4,-1,0,37071,126,27,65,0,0,0,0,0,0,0,0,-32311,0,0,0,0,0,44511,0
44508,-878,7960,1346,67,-14,30,13492,2,2,-2,0,37070,121,27,65,0,0,0,0,0,0,0,0,-32311,0,0,0,0,0,44516,0
44513,-876,7968,1328,66,-14,26,13492,-4,0,-2,0,37070,121,27,65,0,0,0,0,0,0,0,0,-32311,0,0,0,0,0,44521,0
44518,-860,7972,1344,72,-8,24,13491,0,1,-2,0,37072,115,27,65,0,0,0,0,0,0,0,0,-32310,0,0,0,0,0,44526,0
44523,-842,7978,1358,71,-7,25,13492,0,0,-3,0,37072,115,27,65,0,0,0,0,0,0,0,0,-32311,0,0,0,0,0,44531,0
44528,-880,7978,1374,74,-12,35,13492,0,-4,-2,0,37072,112,27,65,0,0,0,0,0,0,0,0,-32311,0,0,0,0,0,44536,0
44533,-848,7966,1356,65,-10,33,13491,-1,-1,-2,0,37072,112,27,65,0,0,0,0,0,0,0,0,-32311,0,0,0,0,0,44541,0
44538,-868,7990,1372,67,-5,30,13491,2,-5,-2,0,37071,113,27,65,0,0,0,0,0,0,0,0,-32310,0,0,0,0,0,44546,0
44543,-870,7972,1352,65,-5,29,13491,-5,-1,-2,0,37071,113,27,65,0,0,0,0,0,0,0,0,-32311,0,0,0,0,0,44551,0
44548,-888,7968,1350,71,-5,25,13491,0,0,-1,0,37068,116,27,65,0,0,0,0,0,0,0,0,-32311,0,0,0,0,0,44556,0
44553,-864,7994,1332,73,-5,27,13491,0,-2,-2,0,37068,116,27,65,0,0,0,0,0,0,0,0,-32311,0,0,0,0,0,44561,0
44558,-858,7984,1328,68,-10,31,13491,-10,1,0,0,37069,119,27,65,0,0,0,0,0,0,0,0,-32311,0,0,0,0,0,44566,0
44563,-874,7986,1318,73,-5,30,13492,0,1,-1,0,37069,119,27,65,0,0,0,0,0,0,0,0,-32311,0,0,0,0,0,44571,0
44568,-872,7972,1292,66,-9,32,13492,2,4,0,0,37067,119,27,65,0,0,0,0,0,0,0,0,-32310,0,0,0,0,0,44576,0
44573,-858,7990,1308,70,-4,31,13492,4,-3,-1,0,37067,119,27,65,0,0,0,0,0,0,0,0,-32311,0,0,0,0,0,44581,0
44578,-874,7994,1330,69,-9,28,13491,-2,-2,-2,0,37072,130,27,65,0,0,0,0,0,0,0,0,-32311,0,0,0,0,0,44586,0
44583,-880,7968,1302,68,-12,30,13492,3,4,-2,0,37072,130,27,65,0,0,0,0,0,0,0,0,-32311,0,0,0,0,0,44591,0
44588,-850,7990,1312,68,-10,33,13492,1,-5,-3,0,37072,128,27,65,0,0,0,0,0,0,0,0,-32311,0,0,0,0,0,44596,0
44593,-876,7964,1310,68,-4,32,13490,-3,-3,-3,0,37072,128,27,65,0,0,0,0,0,0,0,0,-32311,0,0,0,0,0,44601,0
44598,-872,7990,1324,65,-10,30,13491,-4,-3,-3,0,37074,134,27,65,0,0,0,0,0,0,0,0,-32311,0,0,0,0,0,44606,0
44603,-866,7992,1328,66,-7,25,13493,5,2,-2,0,37074,134,27,65,0,0,0,0,0,0,0,0,-32310,0,0,0,0,0,44611,0
44608,-866,7974,1304,67,-12,28,13491,0,-2,-2,0,37069,130,27,65,0,0,0,0,0,0,0,0,-32311,0,0,0,0,0,44616,0
44613,-858,7982,1320,67,-8,26,13492,5,1,-2,0,37069,130,27,65,0,0,0,0,0,0,0,0,-32311,0,0,0,0,0,44621,0
44618,-852,8000,1330,68,-11,27,13492,6,-3,-4,0,37069,134,27,65,0,0,0,0,0,0,0,0,-32311,0,0,0,0,0,44626,0
44623,-878,7972,1352,68,-9,32,13492,0,0,-4,0,37069,134,27,65,0,0,0,0,0,0,0,0,-32310,0,0,0,0,0,44631,0
44628,-826,7988,1340,70,-9,29,13491,1,-2,-3,0,37067,131,27,65,0,0,0,0,0,0,0,0,-32310,0,0,0,0,0,44636,0
44633,-838,7990,1342,67,-6,32,13493,1,5,-1,0,37067,131,27,65,0,0,0,0,0,0,0,0,-32311,0,0,0,0,0,44641,0
44638,-890,7978,1334,64,-9,32,13491,3,2,-1,0,37068,124,27,65,0,0,0,0,0,0,0,0,-32311,0,0,0,0,0,44646,0
44643,-848,7984,1334,69,-8,26,13492,3,3,0,0,37068,124,27,65,0,0,0,0,0,0,0,0,-32311,0,0,0,0,0,44651,0
44648,-840,8000,1318,68,-8,26,13491,-5,3,-1,0,37069,128,27,65,0,0,0,0,0,0,0,0,-32311,0,0,0,0,0,44656,0
44653,-860,7966,1338,69,-10,25,13492,1,3,-2,0,37069,128,27,65,0,0,0,0,0,0,0,0,-32311,0,0,0,0,0,44661,0
44658,-846,7988,1320,66,-7,23,13493,3,3,-2,0,37070,128,27,65,0,0,0,0,0,0,0,0,-32310,0,0,0,0,0,44666,0
44663,-856,7960,1338,73,-7,29,13492,-1,-2,-2,0,37070,128,27,65,0,0,0,0,0,0,0,0,-32311,0,0,0,0,0,44671,0
44668,-842,7994,1320,65,-9,27,13492,6,1,-2,0,37069,123,27,65,0,0,0,0,0,0,0,0,-32311,0,0,0,0,0,44676,0
44673,-872,8000,1336,73,-5,28,13492,0,1,-3,0,37069,123,27,65,0,0,0,0,0,0,0,0,-32311,0,0,0,0,0,44681,0
44678,-850,7968,1328,66,-11,26,13492,-2,2,-4,0,37069,118,27,65,0,0,0,0,0,0,0,0,-32311,0,0,0,0,0,44686,0
44683,-842,7984,1342,63,-9,24,13492,0,4,-4,0,37069,118,27,65,0,0,0,0,0,0,0,0,-32311,0,0,0,0,0,44691,0
44688,-868,7986,1332,68,-2,22,13492,4,0,0,0,37073,124,27,65,0,0,0,0,0,0,0,0,-32311,0,0,0,0,0,44696,0
44693,-848,7976,1346,59,-13,20,13492,3,-1,-1,0,37073,124,27,65,0,0,0,0,0,0,0,0,-32311,0,0,0,0,0,44701,0
44698,-834,7984,1346,64,-7,19,13492,0,2,-2,0,37073,124,27,65,0,0,0,0,0,0,0,0,-32311,0,0,0,0,0,44706,0
44703,-868,7978,1330,66,-5,17,13491,3,0,-2,0,37073,124,27,65,0,0,0,0,0,0,0,0,-32311,0,0,0,0,0,44711,0
44708,-832,7950,1310,64,-7,23,13491,1,-3,-1,0,37070,124,27,65,0,0,0,0,0,0,0,0,-32311,0,0,0,0,0,44716,0
44713,-864,7988,1338,65,-9,15,13491,0,-2,-1,0,37070,124,27,65,0,0,0,0,0,0,0,0,-32311,0,0,0,0,0,44721,0
44718,-884,7958,1342,63,-9,25,13492,1,2,-3,0,37069,120,27,65,0,0,0,0,0,0,0,0,-32310,0,0,0,0,0,44726,0
44723,-860,7998,1324,67,-6,25,13491,-2,-4,-2,0,37069,120,27,65,0,0,0,0,0,0,0,0,-32310,0,0,0,0,0,44731,0
44728,-860,7960,1338,65,-7,25,13490,-2,-7,-1,0,37070,114,27,65,0,0,0,0,0,0,0,0,-32311,0,0,0,0,0,44736,0
44733,-852,7980,1334,66,-10,22,13492,4,-1,-2,0,37070,114,27,65,0,0,0,0,0,0,0,0,-32311,0,0,0,0,0,44741,0
44738,-878,7990,1322,65,-10,24,13491,-6,-3,-1,0,37069,116,27,65,0,0,0,0,0,0,0,0,-32311,0,0,0,0,0,44746,0
44743,-860,7974,1328,65,-9,20,13493,3,6,-3,0,37069,116,27,65,0,0,0,0,0,0,0,0,-32310,0,0,0,0,0,44751,0
44748,-856,7974,1334,65,-9,25,13492,2,0,-1,0,37068,120,27,65,0,0,0,0,0,0,0,0,-32311,0,0,0,0,0,44756,0
44753,-882,7966,1326,64,-8,24,13492,2,-2,0,0,37068,120,27,65,0,0,0,0,0,0,0,0,-32311,0,0,0,0,0,44761,0
44758,-860,7972,1350,66,-13,23,13492,4,-1,-1,0,37069,131,27,65,0,0,0,0,0,0,0,0,-32310,0,0,0,0,0,44766,0
44763,-866,7956,1344,64,-8,17,13492,-3,5,-2,0,37069,131,27,65,0,0,0,0,0,0,0,0,-32311,0,0,0,0,0,44771,0
44768,-842,7984,1338,62,-10,18,13491,-1,-4,-4,0,37072,131,27,65,0,0,0,0,0,0,0,0,-32310,0,0,0,0,0,44776,0
44773,-840,7958,1334,63,-12,19,13491,3,1,-4,0,37072,131,27,65,0,0,0,0,0,0,0,0,-32311,0,0,0,0,0,44781,0
44778,-862,7984,1356,60,-11,24,13492,5,1,-2,0,37074,124,27,65,0,0,0,0,0,0,0,0,-32311,0,0,0,0,0,44786,0
44783,-862,7984,1346,66,-7,20,13492,5,1,-1,0,37074,124,27,65,0,0,0,0,0,0,0,0,-32310,0,0,0,0,0,44791,0
44788,-864,7988,1340,63,-14,19,13491,-4,1,-3,0,37074,123,27,65,0,0,0,0,0,0,0,0,-32310,0,0,0,0,0,44796,0
44793,-872,7984,1354,65,-12,18,13493,1,7,-3,0,37074,123,27,65,0,0,0,0,0,0,0,0,-32310,0,0,0,0,0,44801,0
44798,-836,7966,1350,68,-7,22,13492,5,-4,-2,0,37073,118,27,65,0,0,0,0,0,0,0,0,-32311,0,0,0,0,0,44806,0
44803,-852,7976,1342,61,-7,19,13492,2,-3,-1,0,37073,118,27,65,0,0,0,0,0,0,0,0,-32311,0,0,0,0,0,44811,0
44808,-842,7994,1326,68,-5,20,13492,0,0,0,0,37072,122,27,65,0,0,0,0,0,0,0,0,-32311,0,0,0,0,0,44816,0
44813,-834,7970,1352,66,-6,21,13491,0,0,-1,0,37072,122,27,65,0,0,0,0,0,0,0,0,-32311,0,0,0,0,0,44821,0
44818,-868,7986,1322,68,-6,20,13492,2,3,-3,0,37073,120,27,65,0,0,0,0,0,0,0,0,-32310,0,0,0,0,0,44826,0
44823,-882,7966,1324,67,-7,20,13491,5,-1,-1,0,37073,120,27,65,0,0,0,0,0,0,0,0,-32311,0,0,0,0,0,44831,0
44828,-880,7994,1338,70,-12,24,13491,-4,3,-1,0,37070,120,27,65,0,0,0,0,0,0,0,0,-32311,0,0,0,0,0,44836,0
44833,-880,7984,1320,64,-10,19,13493,1,-1,-2,0,37070,120,27,65,0,0,0,0,0,0,0,0,-32311,0,0,0,0,0,44841,0
44838,-870,7940,1318,72,-12,23,13492,2,3,-3,0,37069,125,27,65,0,0,0,0,0,0,0,0,-32311,0,0,0,0,0,44846,0
44843,-870,7964,1324,68,-10,20,13490,-1,2,-1,0,37069,125,27,65,0,0,0,0,0,0,0,0,-32311,0,0,0,0,0,44851,0
44848,-872,7998,1342,74,-13,24,13493,3,-4,-2,0,37070,119,27,65,0,0,0,0,0,0,0,0,-32311,0,0,0,0,0,44856,0
44853,-862,7972,1356,72,-12,19,13491,-4,-1,-2,0,37070,119,27,65,0,0,0,0,0,0,0,0,-32310,0,0,0,0,0,44861,0
44858,-866,7978,1362,68,-12,25,13492,-1,6,0,0,37069,117,27,65,0,0,0,0,0,0,0,0,-32311,0,0,0,0,0,44866,0
44863,-872,7972,1350,80,-9,22,13491,-1,0,-2,0,37069,117,27,65,0,0,0,0,0,0,0,0,-32310,0,0,0,0,0,44871,0
44868,-904,7968,1368,70,-7,20,13491,3,-1,-2,0,37068,119,27,65,0,0,0,0,0,0,0,0,-32311,0,0,0,0,0,44876,0
44873,-890,7976,1352,71,-9,22,13491,-1,2,-3,0,37068,119,27,65,0,0,0,0,0,0,0,0,-32310,0,0,0,0,0,44881,0
44878,-864,7960,1366,72,-5,22,13492,3,3,-3,0,37068,128,27,65,0,0,0,0,0,0,0,0,-32311,0,0,0,0,0,44886,0
44883,-860,7986,1380,80,-9,22,13493,4,3,-2,0,37068,128,27,65,0,0,0,0,0,0,0,0,-32311,0,0,0,0,0,44891,0
44888,-860,7964,1344,72,-9,19,13493,4,4,-1,0,37071,123,27,65,0,0,0,0,0,0,0,0,-32311,0,0,0,0,0,44896,0
44893,-860,7988,1344,74,-6,28,13492,-5,-5,-1,0,37071,123,27,65,0,0,0,0,0,0,0,0,-32311,0,0,0,0,0,44901,0
44898,-878,7984,1342,81,-3,25,13493,5,-4,-3,0,37075,123,27,65,0,0,0,0,0,0,0,0,-32311,0,0,0,0,0,44906,0
44903,-876,7992,1340,73,-5,24,13491,0,-3,-2,0,37075,123,27,65,0,0,0,0,0,0,0,0,-32311,0,0,0,0,0,44911,0
44908,-858,7968,1342,74,-7,22,13491,-5,1,-1,0,37075,127,27,65,0,0,0,0,0,0,0,0,-32311,0,0,0,0,0,44916,0
44913,-864,7980,1304,83,-5,24,13494,7,-2,-1,0,37075,127,27,65,0,0,0,0,0,0,0,0,-32311,0,0,0,0,0,44921,0
44918,-864,7974,1320,70,-3,22,13493,-1,2,-2,0,37074,126,27,65,0,0,0,0,0,0,0,0,-32311,0,0,0,0,0,44926,0
44923,-888,7990,1302,80,-5,23,13491,-4,0,-2,0,37074,126,27,65,0,0,0,0,0,0,0,0,-32310,0,0,0,0,0,44931,0
44928,-882,7982,1322,72,-5,28,13490,-3,-6,-3,0,37068,126,27,65,0,0,0,0,0,0,0,0,-32311,0,0,0,0,0,44936,0
44933,-860,7992,1314,75,-8,22,13491,-13,-6,-3,0,37068,126,27,65,0,0,0,0,0,0,0,0,-32311,0,0,0,0,0,44941,0
44938,-862,7966,1316,78,-4,27,13491,-9,3,-4,0,37069,125,27,65,0,0,0,0,0,0,0,0,-32311,0,0,0,0,0,44946,0
44943,-868,7990,1298,71,-7,25,13491,-3,4,-2,0,37069,125,27,65,0,0,0,0,0,0,0,0,-32311,0,0,0,0,0,44951,0
44948,-846,7960,1316,74,-8,29,13492,-2,3,-2,0,37070,130,27,65,0,0,0,0,0,0,0,0,-32311,0,0,0,0,0,44956,0
44953,-870,8020,1322,67,-8,26,13492,0,0,-2,0,37070,130,27,65,0,0,0,0,0,0,0,0,-32311,0,0,0,0,0,44961,0
44958,-874,7952,1324,67,-6,30,13492,-5,6,0,0,37069,133,27,65,0,0,0,0,0,0,0,0,-32311,0,0,0,0,0,44966,0
44963,-856,7972,1310,66,-11,28,13492,-4,0,-1,0,37069,133,27,65,0,0,0,0,0,0,0,0,-32311,0,0,0,0,0,44971,0
44968,-860,7966,1298,67,-6,30,13492,-2,2,-3,0,37069,131,27,65,0,0,0,0,0,0,0,0,-32311,0,0,0,0,0,44976,0
44973,-884,7978,1302,73,-7,25,13493,0,0,-3,0,37069,131,27,65,0,0,0,0,0,0,0,0,-32311,0,0,0,0,0,44981,0
44978,-856,7974,1310,72,-3,28,13492,-1,-4,-1,0,37070,124,27,65,0,0,0,0,0,0,0,0,-32311,0,0,0,0,0,44986,0
44983,-884,7980,1306,66,-8,28,13492,1,3,-2,0,37070,124,27,65,0,0,0,0,0,0,0,0,-32311,0,0,0,0,0,44991,0
44988,-848,7972,1308,67,-11,26,13492,3,-1,-2,0,37069,125,27,65,0,0,0,0,0,0,0,0,-32311,0,0,0,0,0,44996,0
44993,-868,8008,1324,67,-13,28,13491,-2,3,0,0,37069,125,27,65,0,0,0,0,0,0,0,0,-32311,0,0,0,0,0,45001,0
44998,-886,7994,1318,71,-7,29,13492,2,0,-4,0,37070,122,27,65,0,0,0,0,0,0,0,0,-32310,0,0,0,0,0,45006,0
45003,-872,7970,1340,71,-17,34,13491,0,-1,-3,0,37070,122,27,65,0,0,0,0,0,0,0,0,-32311,0,0,0,0,0,45011,0
45008,-866,7960,1306,68,-11,25,13491,3,0,-2,0,37074,133,27,65,0,0,0,0,0,0,0,0,-32311,0,0,0,0,0,45016,0
45013,-854,7978,1316,67,-11,30,13491,-3,-3,-1,0,37074,133,27,65,0,0,0,0,0,0,0,0,-32311,0,0,0,0,0,45021,0
45018,-866,7970,1324,66,-11,26,13492,3,2,-2,0,37077,129,27,65,0,0,0,0,0,0,0,0,-32311,0,0,0,0,0,45026,0
45023,-884,7980,1338,69,-10,31,13491,-3,3,-2,0,37077,129,27,65,0,0,0,0,0,0,0,0,-32311,0,0,0,0,0,45031,0
45028,-874,7980,1354,65,-8,34,13493,2,-2,-2,0,37081,117,27,65,0,0,0,0,0,0,0,0,-32311,0,0,0,0,0,45036,0
45033,-864,7982,1366,70,-12,29,13492,0,-4,-1,0,37081,117,27,65,0,0,0,0,0,0,0,0,-32310,0,0,0,0,0,45041,0
45038,-892,7970,1332,66,-12,32,13491,2,2,-2,0,37073,119,27,65,0,0,0,0,0,0,0,0,-32311,0,0,0,0,0,45046,0
45043,-852,7984,1364,69,-11,32,13492,1,-4,-1,0,37073,119,27,65,0,0,0,0,0,0,0,0,-32311,0,0,0,0,0,45051,0
45048,-858,7956,1348,71,-7,32,13493,5,-2,0,0,37070,118,27,65,0,0,0,0,0,0,0,0,-32310,0,0,0,0,0,45056,0
45053,-852,7960,1326,72,-6,32,13491,2,3,-1,0,37070,118,27,65,0,0,0,0,0,0,0,0,-32311,0,0,0,0,0,45061,0
45058,-886,7970,1350,63,-5,35,13491,1,2,0,0,37067,124,27,65,0,0,0,0,0,0,0,0,-32311,0,0,0,0,0,45066,0
45063,-870,7970,1344,67,-4,31,13491,-1,-6,-2,0,37067,124,27,65,0,0,0,0,0,0,0,0,-32311,0,0,0,0,0,45071,0
45068,-848,7992,1320,72,-3,29,13491,0,4,-2,0,37067,123,27,65,0,0,0,0,0,0,0,0,-32311,0,0,0,0,0,45076,0
45073,-844,7954,1318,70,-6,29,13492,2,1,-2,0,37067,123,27,65,0,0,0,0,0,0,0,0,-32311,0,0,0,0,0,45081,0
45078,-826,7986,1320,68,-6,34,13491,0,0,-1,0,37069,118,27,65,0,0,0,0,0,0,0,0,-32311,0,0,0,0,0,45086,0
45083,-832,7970,1316,69,-5,27,13492,-2,-1,-2,0,37069,118,27,65,0,0,0,0,0,0,0,0,-32312,0,0,0,0,0,45091,0
45088,-848,7998,1312,65,-8,32,13492,-5,-2,-3,0,37070,118,27,65,0,0,0,0,0,0,0,0,-32311,0,0,0,0,0,45096,0
45093,-836,8010,1312,69,-3,27,13492,0,-1,-2,0,37070,118,27,65,0,0,0,0,0,0,0,0,-32311,0,0,0,0,0,45101,0
45098,-836,7982,1296,68,-2,27,13493,8,0,-2,0,37070,119,27,65,0,0,0,0,0,0,0,0,-32310,0,0,0,0,0,45106,0
45103,-832,7986,1318,64,-8,31,13492,-2,-1,0,0,37070,119,27,65,0,0,0,0,0,0,0,0,-32311,0,0,0,0,0,45111,0
45108,-846,8000,1336,68,-8,27,13492,3,1,-1,0,37073,118,27,65,0,0,0,0,0,0,0,0,-32311,0,0,0,0,0,45116,0
45113,-828,7982,1334,70,-12,26,13491,0,1,-2,0,37073,118,27,65,0,0,0,0,0,0,0,0,-32310,0,0,0,0,0,45121,0
45118,-838,7994,1332,70,-7,27,13492,1,-3,-1,0,37072,114,27,65,0,0,0,0,0,0,0,0,-32311,0,0,0,0,0,45126,0
45123,-842,7968,1336,70,-11,28,13491,-5,3,-2,0,37072,114,27,65,0,0,0,0,0,0,0,0,-32311,0,0,0,0,0,45131,0
45128,-844,7986,1332,67,-12,24,13491,-7,2,-3,0,37071,123,27,65,0,0,0,0,0,0,0,0,-32311,0,0,0,0,0,45136,0
45133,-854,7970,1340,67,-10,27,13492,0,-2,-3,0,37071,123,27,65,0,0,0,0,0,0,0,0,-32310,0,0,0,0,0,45141,0
45138,-836,7972,1342,73,-9,19,13492,0,-3,-3,0,37068,132,27,65,0,0,0,0,0,0,0,0,-32311,0,0,0,0,0,45146,0
45143,-834,7980,1322,66,-11,23,13492,2,-2,-2,0,37068,132,27,65,0,0,0,0,0,0,0,0,-32311,0,0,0,0,0,45151,0
45148,-822,8002,1326,67,-9,21,13492,0,3,-1,0,37069,135,27,65,0,0,0,0,0,0,0,0,-32311,0,0,0,0,0,45156,0
45153,-838,7974,1350,66,-7,20,13492,3,-1,-1,0,37069,135,27,65,0,0,0,0,0,0,0,0,-32311,0,0,0,0,0,45161,0
45158,-848,8004,1348,71,-7,20,13492,3,1,0,0,37070,127,27,65,0,0,0,0,0,0,0,0,-32311,0,0,0,0,0,45166,0
45163,-846,7984,1316,68,-5,17,13492,5,0,-2,0,37070,127,27,65,0,0,0,0,0,0,0,0,-32310,0,0,0,0,0,45171,0
45168,-842,7962,1318,70,-12,17,13492,0,2,-2,0,37070,122,27,65,0,0,0,0,0,0,0,0,-32311,0,0,0,0,0,45176,0
45173,-844,7962,1322,71,-12,13,13491,0,2,-2,0,37070,122,27,65,0,0,0,0,0,0,0,0,-32311,0,0,0,0,0,45181,0
45178,-866,7958,1338,64,-14,17,13491,1,-2,-1,0,37069,119,27,65,0,0,0,0,0,0,0,0,-32310,0,0,0,0,0,45186,0
45183,-864,7980,1322,69,-9,10,13491,-1,-1,-2,0,37069,119,27,65,0,0,0,0,0,0,0,0,-32311,0,0,0,0,0,45191,0
45188,-862,7980,1338,70,-10,16,13491,-3,4,-2,0,37067,118,27,65,0,0,0,0,0,0,0,0,-32311,0,0,0,0,0,45196,0
45193,-870,7988,1324,69,-9,18,13490,-3,4,-1,0,37067,118,27,65,0,0,0,0,0,0,0,0,-32311,0,0,0,0,0,45201,0
45198,-868,7996,1316,64,-11,20,13492,0,4,-1,0,37066,117,27,65,0,0,0,0,0,0,0,0,-32311,0,0,0,0,0,45206,0
45203,-858,8000,1312,69,-9,20,13493,8,-1,-1,0,37066,117,27,65,0,0,0,0,0,0,0,0,-32311,0,0,0,0,0,45211,0
45208,-912,7980,1318,66,-11,14,13490,-6,4,-1,0,37067,125,27,65,0,0,0,0,0,0,0,0,-32311,0,0,0,0,0,45216,0
45213,-862,7992,1330,71,-9,20,13492,-1,-1,-3,0,37067,125,27,65,0,0,0,0,0,0,0,0,-32311,0,0,0,0,0,45221,0
45218,-890,7966,1318,66,-11,19,13491,2,0,-2,0,37075,127,27,65,0,0,0,0,0,0,0,0,-32311,0,0,0,0,0,45226,0
45223,-888,7990,1332,68,-12,19,13491,-8,5,-3,0,37075,127,27,65,0,0,0,0,0,0,0,0,-32311,0,0,0,0,0,45231,0
45228,-888,7998,1334,64,-6,19,13490,-4,-5,-3,0,37075,122,27,65,0,0,0,0,0,0,0,0,-32311,0,0,0,0,0,45236,0
45233,-872,7982,1332,66,-5,20,13492,3,2,-2,0,37075,122,27,65,0,0,0,0,0,0,0,0,-32311,0,0,0,0,0,45241,0
45238,-864,7968,1334,68,-6,18,13491,0,4,-2,0,37075,122,27,65,0,0,0,0,0,0,0,0,-32311,0,0,0,0,0,45246,0
45243,-856,7974,1348,68,-5,24,13492,-3,3,-1,0,37075,122,27,65,0,0,0,0,0,0,0,0,-32311,0,0,0,0,0,45251,0
45248,-888,7970,1348,64,-8,26,13492,4,2,-2,0,37068,115,27,65,0,0,0,0,0,0,0,0,-32311,0,0,0,0,0,45256,0
45253,-860,7988,1356,66,-11,21,13491,-3,-1,-2,0,37068,115,27,65,0,0,0,0,0,0,0,0,-32311,0,0,0,0,0,45261,0
45258,-874,7968,1346,71,-8,26,13492,-6,-3,-1,0,37069,124,27,65,0,0,0,0,0,0,0,0,-32311,0,0,0,0,0,45266,0
45263,-856,7976,1332,70,-6,24,13492,1,-3,-1,0,37069,124,27,65,0,0,0,0,0,0,0,0,-32311,0,0,0,0,0,45271,0
45268,-834,8000,1336,64,-4,22,13492,0,0,-1,0,37071,135,27,65,0,0,0,0,0,0,0,0,-32311,0,0,0,0,0,45276,0
45273,-878,7952,1352,76,-9,25,13491,0,-3,-3,0,37071,135,27,65,0,0,0,0,0,0,0,0,-32311,0,0,0,0,0,45281,0
45278,-870,7980,1338,69,-8,25,13492,-2,1,-1,0,37075,135,27,65,0,0,0,0,0,0,0,0,-32311,0,0,0,0,0,45286,0
45283,-880,7996,1322,70,-7,25,13492,2,4,-2,0,37075,135,27,65,0,0,0,0,0,0,0,0,-32311,0,0,0,0,0,45291,0
45288,-886,7986,1328,67,-10,28,13492,3,1,-1,0,37076,131,27,65,0,0,0,0,0,0,0,0,-32311,0,0,0,0,0,45296,0
45293,-866,7970,1320,70,-6,28,13491,1,-1,-1,0,37076,131,27,65,0,0,0,0,0,0,0,0,-32311,0,0,0,0,0,45301,0
45298,-882,7986,1322,67,-10,26,13493,3,-3,-2,0,37075,125,27,65,0,0,0,0,0,0,0,0,-32311,0,0,0,0,0,45306,0
45303,-872,7960,1312,66,-8,26,13492,0,0,-2,0,37075,125,27,65,0,0,0,0,0,0,0,0,-32310,0,0,0,0,0,45311,0
45308,-856,7988,1324,71,-11,22,13491,-5,0,-1,0,37072,122,27,65,0,0,0,0,0,0,0,0,-32311,0,0,0,0,0,45316,0
45313,-858,7982,1312,66,-12,26,13491,-8,-6,-1,0,37072,122,27,65,0,0,0,0,0,0,0,0,-32311,0,0,0,0,0,45322,0
45318,-858,7988,1310,64,-7,23,13493,2,-3,-1,0,37082,119,27,65,0,0,0,0,0,0,0,0,-32311,0,0,0,0,0,45327,0
45323,-850,7992,1318,64,-11,32,13491,-5,-1,-2,0,37082,119,27,65,0,0,0,0,0,0,0,0,-32311,0,0,0,0,0,45332,0
45328,-872,7976,1332,67,-11,29,13491,-6,0,-2,0,37090,127,27,65,0,0,0,0,0,0,0,0,-32311,0,0,0,0,0,45337,0
45333,-858,7994,1342,67,-7,26,13493,3,-3,-3,0,37090,127,27,65,0,0,0,0,0,0,0,0,-32310,0,0,0,0,0,45342,0
45338,-878,7980,1330,69,-5,24,13492,5,5,-2,0,37088,120,27,65,0,0,0,0,0,0,0,0,-32310,0,0,0,0,0,45347,0
45343,-870,7988,1334,66,-13,29,13492,-1,-1,0,0,37088,120,27,65,0,0,0,0,0,0,0,0,-32310,0,0,0,0,0,45352,0
45348,-876,7968,1344,68,-9,30,13491,1,-4,-2,0,37077,127,27,65,0,0,0,0,0,0,0,0,-32310,0,0,0,0,0,45357,0
45353,-868,7966,1354,66,-11,26,13492,-1,2,-1,0,37077,127,27,65,0,0,0,0,0,0,0,0,-32310,0,0,0,0,0,45362,0
45358,-866,7970,1352,64,-9,26,13492,3,3,-1,0,37067,130,27,65,0,0,0,0,0,0,0,0,-32311,0,0,0,0,0,45367,0
45363,-856,7978,1350,63,-9,28,13492,3,0,-2,0,37067,130,27,65,0,0,0,0,0,0,0,0,-32310,0,0,0,0,0,45372,0
45368,-872,7962,1348,67,-6,29,13492,-1,-1,-1,0,37067,134,27,65,0,0,0,0,0,0,0,0,-32310,0,0,0,0,0,45377,0
45373,-864,7964,1350,69,-6,27,13492,-2,-5,-3,0,37067,134,27,65,0,0,0,0,0,0,0,0,-32311,0,0,0,0,0,45382,0
45378,-868,7968,1340,71,-8,30,13492,3,2,-2,0,37067,132,27,65,0,0,0,0,0,0,0,0,-32311,0,0,0,0,0,45387,0
45383,-856,7962,1334,67,-5,25,13492,1,-2,-3,0,37067,132,27,65,0,0,0,0,0,0,0,0,-32311,0,0,0,0,0,45392,0
45388,-834,7982,1330,73,-7,28,13492,-3,-4,-2,0,37069,128,27,65,0,0,0,0,0,0,0,0,-32311,0,0,0,0,0,45397,0
45393,-872,7964,1332,70,-7,28,13492,0,-4,-2,0,37069,128,27,65,0,0,0,0,0,0,0,0,-32311,0,0,0,0,0,45402,0
45398,-860,7982,1330,69,-10,31,13492,0,0,-2,0,37068,125,27,65,0,0,0,0,0,0,0,0,-32311,0,0,0,0,0,45407,0
45403,-878,7966,1342,70,-9,27,13490,0,0,-1,0,37068,125,27,65,0,0,0,0,0,0,0,0,-32311,0,0,0,0,0,45412,0
45408,-872,7978,1332,70,-2,25,13492,7,-3,-1,0,37070,129,27,65,0,0,0,0,0,0,0,0,-32311,0,0,0,0,0,45417,0
45413,-868,7980,1332,71,-4,28,13491,-3,1,0,0,37070,129,27,65,0,0,0,0,0,0,0,0,-32310,0,0,0,0,0,45422,0
45418,-848,7978,1340,65,-9,29,13492,3,0,-1,0,37072,120,27,65,0,0,0,0,0,0,0,0,-32310,0,0,0,0,0,45427,0
45423,-884,7986,1312,66,-6,36,13492,0,1,-1,0,37072,120,27,65,0,0,0,0,0,0,0,0,-32311,0,0,0,0,0,45432,0
45428,-852,7958,1324,67,-9,30,13491,-4,2,-2,0,37073,121,27,65,0,0,0,0,0,0,0,0,-32311,0,0,0,0,0,45437,0
45433,-870,7974,1334,73,-6,27,13491,-5,-4,0,0,37073,121,27,65,0,0,0,0,0,0,0,0,-32311,0,0,0,0,0,45442,0
45438,-856,7978,1344,68,-5,29,13491,-7,0,-2,0,37075,118,27,65,0,0,0,0,0,0,0,0,-32311,0,0,0,0,0,45447,0
45443,-848,7972,1340,71,-10,28,13492,-1,0,-2,0,37075,118,27,65,0,0,0,0,0,0,0,0,-32310,0,0,0,0,0,45452,0
45448,-868,7988,1350,71,-7,24,13492,9,3,-2,0,37076,128,27,65,0,0,0,0,0,0,0,0,-32311,0,0,0,0,0,45457,0
45453,-858,7980,1348,72,-8,29,13492,0,0,-2,0,37076,128,27,65,0,0,0,0,0,0,0,0,-32311,0,0,0,0,0,45462,0
45458,-846,7980,1334,71,-8,29,13491,-4,0,-1,0,37077,126,27,65,0,0,0,0,0,0,0,0,-32311,0,0,0,0,0,45467,0
45463,-852,7956,1342,72,-8,26,13491,-3,3,-3,0,37077,126,27,65,0,0,0,0,0,0,0,0,-32310,0,0,0,0,0,45472,0
45468,-858,7970,1350,72,-7,26,13491,-3,2,-3,0,37076,126,27,65,0,0,0,0,0,0,0,0,-32311,0,0,0,0,0,45477,0
45473,-840,8006,1344,69,-8,25,13491,0,2,-2,0,37076,126,27,65,0,0,0,0,0,0,0,0,-32311,0,0,0,0,0,45482,0
45478,-824,7954,1334,72,-6,27,13491,-4,-1,-3,0,37074,123,27,65,0,0,0,0,0,0,0,0,-32311,0,0,0,0,0,45487,0
45483,-842,7982,1340,69,-8,25,13492,6,4,-3,0,37074,123,27,65,0,0,0,0,0,0,0,0,-32311,0,0,0,0,0,45492,0
45488,-852,7960,1332,73,-3,24,13492,1,-2,-3,0,37072,122,27,65,0,0,0,0,0,0,0,0,-32311,0,0,0,0,0,45497,0
45493,-876,7986,1328,64,-13,23,13492,-3,2,-2,0,37072,122,27,65,0,0,0,0,0,0,0,0,-32311,0,0,0,0,0,45502,0
45498,-844,7980,1320,71,-10,21,13492,-1,-3,-1,0,37070,123,27,65,0,0,0,0,0,0,0,0,-32310,0,0,0,0,0,45507,0
45503,-864,7996,1332,70,-4,27,13493,7,-1,-2,0,37070,123,27,65,0,0,0,0,0,0,0,0,-32310,0,0,0,0,0,45512,0
45508,-868,8002,1340,71,-10,23,13492,5,0,-1,0,37069,123,27,65,0,0,0,0,0,0,0,0,-32311,0,0,0,0,0,45517,0
45513,-848,7982,1356,69,-8,25,13492,-2,-2,-1,0,37069,123,27,65,0,0,0,0,0,0,0,0,-32311,0,0,0,0,0,45522,0
45518,-854,7974,1320,71,-7,28,13493,9,2,-4,0,37074,131,27,65,0,0,0,0,0,0,0,0,-32311,0,0,0,0,0,45527,0
45523,-868,7952,1328,71,-6,22,13491,0,-1,-4,0,37074,131,27,65,0,0,0,0,0,0,0,0,-32310,0,0,0,0,0,45532,0
45528,-864,7984,1332,67,-4,24,13492,-3,1,-1,0,37077,128,27,65,0,0,0,0,0,0,0,0,-32311,0,0,0,0,0,45537,0
45533,-850,7976,1320,70,-13,27,13493,7,3,-1,0,37077,128,27,65,0,0,0,0,0,0,0,0,-32311,0,0,0,0,0,45542,0
45538,-864,7988,1352,68,-10,25,13492,8,0,-3,0,37082,122,27,65,0,0,0,0,0,0,0,0,-32311,0,0,0,0,0,45547,0
45543,-870,7996,1338,69,-11,25,13490,-4,-2,-3,0,37082,122,27,65,0,0,0,0,0,0,0,0,-32311,0,0,0,0,0,45552,0
45548,-858,7966,1328,68,-3,25,13492,3,0,-1,0,37078,116,27,65,0,0,0,0,0,0,0,0,-32311,0,0,0,0,0,45557,0
45553,-876,7984,1324,71,-11,22,13490,-5,-2,-1,0,37078,116,27,65,0,0,0,0,0,0,0,0,-32311,0,0,0,0,0,45562,0
45558,-850,7960,1334,66,-10,27,13491,-7,-3,-1,0,37074,109,27,65,0,0,0,0,0,0,0,0,-32311,0,0,0,0,0,45567,0
45563,-838,7976,1328,72,-6,23,13493,2,1,-3,0,37074,109,27,65,0,0,0,0,0,0,0,0,-32311,0,0,0,0,0,45572,0
45568,-830,7988,1340,73,-5,26,13492,-1,0,-1,0,37071,117,27,65,0,0,0,0,0,0,0,0,-32311,0,0,0,0,0,45577,0
45573,-852,7982,1324,72,0,25,13491,2,-4,-1,0,37071,117,27,65,0,0,0,0,0,0,0,0,-32311,0,0,0,0,0,45582,0
45578,-858,7970,1320,75,-4,24,13491,0,1,-2,0,37073,130,27,65,0,0,0,0,0,0,0,0,-32310,0,0,0,0,0,45587,0
45583,-882,7974,1330,70,-9,20,13490,-7,-1,-3,0,37073,130,27,65,0,0,0,0,0,0,0,0,-32310,0,0,0,0,0,45592,0
45588,-850,7942,1342,62,-6,23,13492,-1,3,-3,0,37072,130,27,65,0,0,0,0,0,0,0,0,-32311,0,0,0,0,0,45597,0
45593,-858,7970,1348,70,-13,24,13493,1,0,-2,0,37072,130,27,65,0,0,0,0,0,0,0,0,-32311,0,0,0,0,0,45602,0
45598,-848,8014,1330,67,-4,24,13492,1,-4,-2,0,37071,130,27,65,0,0,0,0,0,0,0,0,-32311,0,0,0,0,0,45607,0
45603,-878,8008,1318,66,-5,25,13491,-5,-2,-2,0,37071,130,27,65,0,0,0,0,0,0,0,0,-32310,0,0,0,0,0,45612,0
45608,-872,7986,1328,63,-12,20,13492,6,1,-1,0,37070,126,27,65,0,0,0,0,0,0,0,0,-32311,0,0,0,0,0,45617,0
45613,-824,7982,1324,66,-9,18,13493,9,2,-1,0,37070,126,27,65,0,0,0,0,0,0,0,0,-32310,0,0,0,0,0,45622,0
45618,-874,7990,1338,64,-3,28,13492,4,4,-4,0,37070,124,27,65,0,0,0,0,0,0,0,0,-32310,0,0,0,0,0,45627,0
45623,-888,7956,1340,65,-11,21,13492,3,3,-5,0,37070,124,27,65,0,0,0,0,0,0,0,0,-32310,0,0,0,0,0,45632,0
45628,-874,7980,1358,67,-15,20,13493,1,3,-1,0,37071,123,27,65,0,0,0,0,0,0,0,0,-32311,0,0,0,0,0,45637,0
45633,-846,7954,1342,67,-9,20,13491,0,-2,-1,0,37071,123,27,65,0,0,0,0,0,0,0,0,-32311,0,0,0,0,0,45642,0
45638,-874,7980,1358,68,-11,27,13492,0,2,-1,0,37070,120,27,65,0,0,0,0,0,0,0,0,-32311,0,0,0,0,0,45647,0
45643,-844,7968,1350,66,-10,25,13492,0,0,-1,0,37070,120,27,65,0,0,0,0,0,0,0,0,-32311,0,0,0,0,0,45652,0
45648,-836,7968,1384,71,-12,21,13492,-2,-2,-2,0,37069,122,27,65,0,0,0,0,0,0,0,0,-32311,0,0,0,0,0,45657,0
45653,-840,7976,1372,69,-10,24,13491,-3,-1,0,0,37069,122,27,65,0,0,0,0,0,0,0,0,-32311,0,0,0,0,0,45662,0
45658,-854,7954,1354,74,-8,24,13492,4,2,0,0,37067,126,27,65,0,0,0,0,0,0,0,0,-32310,0,0,0,0,0,45667,0
45663,-860,7990,1370,69,-11,24,13492,1,0,0,0,37067,126,27,65,0,0,0,0,0,0,0,0,-32311,0,0,0,0,0,45672,0
45668,-876,7946,1336,69,-8,21,13492,-1,-2,-2,0,37067,134,27,65,0,0,0,0,0,0,0,0,-32311,0,0,0,0,0,45677,0
45673,-876,7976,1352,80,-5,23,13491,-8,0,-2,0,37067,134,27,65,0,0,0,0,0,0,0,0,-32310,0,0,0,0,0,45682,0
45678,-868,7988,1348,72,-5,21,13492,4,0,-3,0,37068,136,27,65,0,0,0,0,0,0,0,0,-32311,0,0,0,0,0,45687,0
45683,-886,7978,1326,67,-2,25,13490,-4,-7,-3,0,37068,136,27,65,0,0,0,0,0,0,0,0,-32310,0,0,0,0,0,45692,0
45688,-850,8008,1310,75,-6,26,13492,0,1,-1,0,37068,130,27,65,0,0,0,0,0,0,0,0,-32311,0,0,0,0,0,45697,0
45693,-882,7968,1308,69,-3,22,13491,-5,1,-3,0,37068,130,27,65,0,0,0,0,0,0,0,0,-32311,0,0,0,0,0,45702,0
45698,-886,8004,1304,71,-10,26,13492,0,5,-3,0,37067,125,27,65,0,0,0,0,0,0,0,0,-32310,0,0,0,0,0,45707,0
45703,-872,7974,1310,70,-5,27,13492,-1,-3,-2,0,37067,125,27,65,0,0,0,0,0,0,0,0,-32310,0,0,0,0,0,45712,0
45708,-882,7978,1314,78,-15,31,13492,0,4,0,0,37067,124,27,65,0,0,0,0,0,0,0,0,-32311,0,0,0,0,0,45717,0
45713,-856,7958,1320,69,-12,23,13492,-2,1,-1,0,37067,124,27,65,0,0,0,0,0,0,0,0,-32311,0,0,0,0,0,45722,0
45718,-868,7958,1310,69,-11,29,13490,-8,-2,-3,0,37067,126,27,65,0,0,0,0,0,0,0,0,-32310,0,0,0,0,0,45727,0
45723,-854,7996,1334,67,-13,27,13491,-6,-2,0,0,37067,126,27,65,0,0,0,0,0,0,0,0,-32311,0,0,0,0,0,45732,0
45728,-852,7996,1344,69,-13,22,13492,7,0,0,0,37069,120,27,65,0,0,0,0,0,0,0,0,-32311,0,0,0,0,0,45737,0
45733,-874,8000,1368,69,-9,23,13492,2,4,-4,0,37069,120,27,65,0,0,0,0,0,0,0,0,-32311,0,0,0,0,0,45742,0
45738,-840,7992,1364,67,-7,29,13491,4,1,-3,0,37069,116,27,65,0,0,0,0,0,0,0,0,-32310,0,0,0,0,0,45747,0
45743,-864,7946,1352,73,-15,30,13491,-1,0,-2,0,37069,116,27,65,0,0,0,0,0,0,0,0,-32311,0,0,0,0,0,45752,0
45748,-854,7980,1372,69,-6,26,13491,-1,2,-1,0,37070,118,27,65,0,0,0,0,0,0,0,0,-32310,0,0,0,0,0,45757,0
45753,-880,7962,1340,70,-7,30,13491,-6,1,-2,0,37070,118,27,65,0,0,0,0,0,0,0,0,-32311,0,0,0,0,0,45762,0
45758,-858,7962,1364,67,-8,30,13492,-2,-1,-1,0,37068,119,27,65,0,0,0,0,0,0,0,0,-32310,0,0,0,0,0,45767,0
45763,-820,7976,1350,77,-6,30,13491,5,-2,-1,0,37068,119,27,65,0,0,0,0,0,0,0,0,-32310,0,0,0,0,0,45772,0
45768,-846,7974,1342,76,-7,30,13491,0,0,-2,0,37068,128,27,65,0,0,0,0,0,0,0,0,-32311,0,0,0,0,0,45777,0
45773,-840,7970,1342,72,-7,32,13492,1,7,-2,0,37068,128,27,65,0,0,0,0,0,0,0,0,-32310,0,0,0,0,0,45782,0
45778,-860,7966,1336,77,-5,32,13492,-1,3,-1,0,37069,126,27,65,0,0,0,0,0,0,0,0,-32310,0,0,0,0,0,45787,0
45783,-862,7986,1342,75,-6,30,13493,0,1,-2,0,37069,126,27,65,0,0,0,0,0,0,0,0,-32310,0,0,0,0,0,45792,0
45788,-850,7990,1324,72,-8,30,13493,0,3,-3,0,37072,127,27,65,0,0,0,0,0,0,0,0,-32310,0,0,0,0,0,45797,0
45793,-844,7988,1334,75,-8,28,13491,0,-4,-1,0,37072,127,27,65,0,0,0,0,0,0,0,0,-32310,0,0,0,0,0,45802,0
45798,-858,7986,1342,74,-8,22,13492,0,0,-2,0,37074,133,27,65,0,0,0,0,0,0,0,0,-32311,0,0,0,0,0,45807,0
45803,-846,7992,1334,72,-10,25,13492,4,3,-1,0,37074,133,27,65,0,0,0,0,0,0,0,0,-32310,0,0,0,0,0,45812,0
45808,-844,7962,1334,70,-10,27,13492,1,-2,0,0,37072,123,27,65,0,0,0,0,0,0,0,0,-32311,0,0,0,0,0,45817,0
45813,-848,7958,1354,75,-5,23,13491,0,2,0,0,37072,123,27,65,0,0,0,0,0,0,0,0,-32310,0,0,0,0,0,45822,0
45818,-862,7938,1332,75,-11,27,13491,0,-1,-3,0,37069,119,27,65,0,0,0,0,0,0,0,0,-32310,0,0,0,0,0,45827,0
45823,-858,7948,1330,76,-5,25,13492,3,-4,-3,0,37069,119,27,65,0,0,0,0,0,0,0,0,-32311,0,0,0,0,0,45832,0
45828,-846,8006,1330,75,-7,23,13492,3,2,-3,0,37066,112,27,65,0,0,0,0,0,0,0,0,-32310,0,0,0,0,0,45837,0
45833,-832,7980,1338,76,-8,25,13491,2,-1,-5,0,37066,112,27,65,0,0,0,0,0,0,0,0,-32310,0,0,0,0,0,45842,0
45838,-834,7982,1342,75,-9,25,13491,-7,-3,-4,0,37072,116,27,65,0,0,0,0,0,0,0,0,-32310,0,0,0,0,0,45847,0
45843,-850,8002,1334,76,-7,25,13492,1,1,-1,0,37072,116,27,65,0,0,0,0,0,0,0,0,-32310,0,0,0,0,0,45852,0
45848,-860,7974,1312,67,-7,28,13491,-5,-2,-2,0,37070,121,27,65,0,0,0,0,0,0,0,0,-32310,0,0,0,0,0,45857,0
45853,-852,7970,1322,80,-9,25,13492,-2,1,-2,0,37070,121,27,65,0,0,0,0,0,0,0,0,-32310,0,0,0,0,0,45862,0
45858,-866,7968,1312,78,-2,18,13492,0,-5,0,0,37067,123,27,65,0,0,0,0,0,0,0,0,-32311,0,0,0,0,0,45867,0
45863,-838,7986,1320,76,-7,21,13492,5,7,-1,0,37067,123,27,65,0,0,0,0,0,0,0,0,-32311,0,0,0,0,0,45872,0
45868,-864,7988,1320,75,-11,23,13492,2,1,-3,0,37063,124,27,65,0,0,0,0,0,0,0,0,-32310,0,0,0,0,0,45877,0
45873,-854,7984,1314,75,-10,21,13492,-3,-2,-3,0,37063,124,27,65,0,0,0,0,0,0,0,0,-32311,0,0,0,0,0,45882,0
45878,-868,7976,1318,72,-9,27,13491,-3,1,-2,0,37067,121,27,65,0,0,0,0,0,0,0,0,-32311,0,0,0,0,0,45887,0
45883,-844,7972,1320,75,-8,21,13493,7,1,-2,0,37067,121,27,65,0,0,0,0,0,0,0,0,-32310,0,0,0,0,0,45892,0
45888,-858,7984,1320,70,-7,23,13492,6,-2,-2,0,37069,125,27,65,0,0,0,0,0,0,0,0,-32310,0,0,0,0,0,45897,0
45893,-890,7966,1326,73,-9,22,13491,1,2,-2,0,37069,125,27,65,0,0,0,0,0,0,0,0,-32310,0,0,0,0,0,45902,0
45898,-860,8000,1318,71,-9,21,13490,-4,-1,-3,0,37067,125,27,65,0,0,0,0,0,0,0,0,-32311,0,0,0,0,0,45907,0
45903,-858,7992,1312,72,-8,22,13491,-8,-1,0,0,37067,125,27,65,0,0,0,0,0,0,0,0,-32310,0,0,0,0,0,45912,0
45908,-870,7950,1328,75,-14,24,13490,-10,0,0,0,37068,127,27,65,0,0,0,0,0,0,0,0,-32310,0,0,0,0,0,45917,0
45913,-888,7984,1318,71,-9,23,13492,1,-2,-1,0,37068,127,27,65,0,0,0,0,0,0,0,0,-32310,0,0,0,0,0,45922,0
45918,-858,8000,1330,75,-11,23,13491,-2,3,-2,0,37067,121,27,65,0,0,0,0,0,0,0,0,-32310,0,0,0,0,0,45927,0
45923,-828,7972,1352,76,-6,22,13491,-5,3,-1,0,37067,121,27,65,0,0,0,0,0,0,0,0,-32311,0,0,0,0,0,45932,0
45928,-882,7984,1334,72,-9,18,13491,-5,1,0,0,37068,120,27,65,0,0,0,0,0,0,0,0,-32310,0,0,0,0,0,45937,0
45933,-858,7970,1332,72,-13,22,13491,5,2,-3,0,37068,120,27,65,0,0,0,0,0,0,0,0,-32311,0,0,0,0,0,45942,0
45938,-854,7978,1336,76,-7,24,13492,3,5,-5,0,37072,129,27,65,0,0,0,0,0,0,0,0,-32311,0,0,0,0,0,45947,0
45943,-864,7990,1338,78,-8,24,13491,-7,0,-2,0,37072,129,27,65,0,0,0,0,0,0,0,0,-32310,0,0,0,0,0,45952,0
45948,-858,7980,1332,75,-4,25,13492,0,2,-2,0,37071,132,27,65,0,0,0,0,0,0,0,0,-32310,0,0,0,0,0,45957,0
45953,-870,7976,1332,75,-5,23,13491,-1,1,-2,0,37071,132,27,65,0,0,0,0,0,0,0,0,-32310,0,0,0,0,0,45962,0
45958,-854,8000,1322,69,-8,19,13491,1,1,-2,0,37071,134,27,65,0,0,0,0,0,0,0,0,-32310,0,0,0,0,0,45967,0
45963,-866,7960,1330,77,-8,24,13491,-9,-4,-1,0,37071,134,27,65,0,0,0,0,0,0,0,0,-32311,0,0,0,0,0,45972,0
45968,-870,7972,1304,77,-4,22,13491,-5,5,-2,0,37068,131,27,65,0,0,0,0,0,0,0,0,-32311,0,0,0,0,0,45977,0
45973,-888,7946,1334,79,-11,20,13492,-8,1,-4,0,37068,131,27,65,0,0,0,0,0,0,0,0,-32311,0,0,0,0,0,45982,0
45978,-890,7980,1330,76,-11,20,13492,-1,3,-4,0,37065,126,27,65,0,0,0,0,0,0,0,0,-32311,0,0,0,0,0,45987,0
45983,-890,7998,1296,80,-9,23,13492,0,-1,-3,0,37065,126,27,65,0,0,0,0,0,0,0,0,-32311,0,0,0,0,0,45992,0
45988,-854,7976,1346,79,-8,26,13492,5,1,-1,0,37064,131,27,65,0,0,0,0,0,0,0,0,-32311,0,0,0,0,0,45997,0
45993,-860,7960,1322,73,-5,22,13492,6,0,-2,0,37064,131,27,65,0,0,0,0,0,0,0,0,-32311,0,0,0,0,0,46002,0
45998,-876,7992,1340,78,-6,20,13493,0,0,-1,0,37063,128,27,65,0,0,0,0,0,0,0,0,-32311,0,0,0,0,0,46007,0
46003,-848,7976,1312,72,-10,24,13491,-3,-2,-1,0,37063,128,27,65,0,0,0,0,0,0,0,0,-32310,0,0,0,0,0,46012,0
46008,-866,7966,1326,76,-3,24,13492,1,-2,-1,0,37060,121,27,65,0,0,0,0,0,0,0,0,-32310,0,0,0,0,0,46017,0
46013,-872,7984,1304,67,-7,25,13491,0,-2,-2,0,37060,121,27,65,0,0,0,0,0,0,0,0,-32311,0,0,0,0,0,46022,0
46018,-882,7978,1310,75,-5,23,13491,-3,-4,-1,0,37058,128,27,65,0,0,0,0,0,0,0,0,-32311,0,0,0,0,0,46027,0
46023,-868,7988,1314,69,-15,24,13493,4,-1,-1,0,37058,128,27,65,0,0,0,0,0,0,0,0,-32311,0,0,0,0,0,46032,0
46028,-860,7974,1290,69,-7,25,13491,-2,3,0,0,37061,132,27,65,0,0,0,0,0,0,0,0,-32311,0,0,0,0,0,46037,0
46033,-860,7972,1308,73,-10,24,13492,1,1,-3,0,37061,132,27,65,0,0,0,0,0,0,0,0,-32311,0,0,0,0,0,46042,0
46038,-892,7996,1292,66,-8,26,13492,-3,-5,0,0,37062,124,27,65,0,0,0,0,0,0,0,0,-32310,0,0,0,0,0,46047,0
46043,-894,7990,1304,73,-11,24,13492,-2,1,0,0,37062,124,27,65,0,0,0,0,0,0,0,0,-32311,0,0,0,0,0,46052,0
46048,-898,7982,1290,74,-12,22,13491,-5,-1,-1,0,37070,128,27,65,0,0,0,0,0,0,0,0,-32311,0,0,0,0,0,46057,0
46053,-894,8002,1280,62,-13,25,13493,0,0,-3,0,37070,128,27,65,0,0,0,0,0,0,0,0,-32310,0,0,0,0,0,46062,0
46058,-868,7980,1300,75,-11,24,13491,-7,-1,-1,0,37070,120,27,65,0,0,0,0,0,0,0,0,-32311,0,0,0,0,0,46067,0
46063,-880,7976,1296,64,-12,27,13492,2,4,-2,0,37070,120,27,65,0,0,0,0,0,0,0,0,-32310,0,0,0,0,0,46072,0
46068,-890,7980,1304,66,-8,25,13491,0,-1,-2,0,37069,126,27,65,0,0,0,0,0,0,0,0,-32310,0,0,0,0,0,46077,0
46073,-890,7984,1328,61,-11,26,13491,1,3,-3,0,37069,126,27,65,0,0,0,0,0,0,0,0,-32311,0,0,0,0,0,46082,0
46078,-874,7982,1326,67,-10,28,13490,-7,3,-3,0,37064,118,27,65,0,0,0,0,0,0,0,0,-32310,0,0,0,0,0,46087,0
46083,-834,7980,1314,61,-8,23,13492,3,3,-2,0,37064,118,27,65,0,0,0,0,0,0,0,0,-32312,0,0,0,0,0,46092,0
46088,-882,7956,1330,62,-7,27,13491,-2,-3,-2,0,37065,124,27,65,0,0,0,0,0,0,0,0,-32312,0,0,0,0,0,46097,0
46093,-862,7998,1316,58,-10,31,13492,1,7,-1,0,37065,124,27,65,0,0,0,0,0,0,0,0,-32311,0,0,0,0,0,46102,0
46098,-868,7962,1332,65,-10,29,13491,-4,-3,0,0,37068,130,27,65,0,0,0,0,0,0,0,0,-32311,0,0,0,0,0,46107,0
46103,-854,7976,1330,71,-10,27,13492,1,6,0,0,37068,130,27,65,0,0,0,0,0,0,0,0,-32311,0,0,0,0,0,46112,0
46108,-844,7968,1354,71,-12,29,13492,2,-1,-2,0,37068,130,27,65,0,0,0,0,0,0,0,0,-32311,0,0,0,0,0,46117,0
46113,-838,7956,1328,68,-9,29,13491,-4,2,-2,0,37068,130,27,65,0,0,0,0,0,0,0,0,-32311,0,0,0,0,0,46122,0
46118,-858,7980,1342,71,-4,24,13492,0,0,-2,0,37065,124,27,65,0,0,0,0,0,0,0,0,-32311,0,0,0,0,0,46127,0
46123,-880,7982,1346,68,-7,26,13492,0,0,-3,0,37065,124,27,65,0,0,0,0,0,0,0,0,-32311,0,0,0,0,0,46132,0
46128,-862,7962,1340,64,-11,28,13493,1,2,-1,0,37065,121,27,65,0,0,0,0,0,0,0,0,-32311,0,0,0,0,0,46137,0
46133,-866,7978,1332,72,-9,31,13492,-1,-2,-2,0,37065,121,27,65,0,0,0,0,0,0,0,0,-32311,0,0,0,0,0,46142,0
46138,-856,7976,1346,67,-13,26,13491,-1,2,-4,0,37066,123,27,65,0,0,0,0,0,0,0,0,-32311,0,0,0,0,0,46147,0
46143,-852,7974,1358,73,-9,29,13492,1,-3,-3,0,37066,123,27,65,0,0,0,0,0,0,0,0,-32311,0,0,0,0,0,46152,0
46148,-848,7950,1344,71,-2,25,13492,-4,0,-1,0,37068,129,27,65,0,0,0,0,0,0,0,0,-32311,0,0,0,0,0,46157,0
46153,-838,7986,1344,66,-3,26,13492,0,1,-2,0,37068,129,27,65,0,0,0,0,0,0,0,0,-32311,0,0,0,0,0,46162,0
46158,-832,7960,1328,72,-9,24,13492,5,1,-1,0,37065,128,27,65,0,0,0,0,0,0,0,0,-32311,0,0,0,0,0,46167,0
46163,-824,7974,1324,70,-7,30,13491,0,-1,-1,0,37065,128,27,65,0,0,0,0,0,0,0,0,-32311,0,0,0,0,0,46172,0
46168,-854,7964,1358,67,-5,23,13493,3,-3,-1,0,37066,125,27,65,0,0,0,0,0,0,0,0,-32310,0,0,0,0,0,46177,0
46173,-854,7992,1336,74,-5,25,13491,3,5,-3,0,37066,125,27,65,0,0,0,0,0,0,0,0,-32310,0,0,0,0,0,46182,0
46178,-856,7992,1338,72,-9,27,13492,7,4,-2,0,37065,116,27,65,0,0,0,0,0,0,0,0,-32311,0,0,0,0,0,46187,0
46183,-840,7982,1334,71,-11,21,13492,-1,-4,-2,0,37065,116,27,65,0,0,0,0,0,0,0,0,-32310,0,0,0,0,0,46192,0
46188,-840,8004,1324,74,-7,24,13492,7,2,-1,0,37066,124,27,65,0,0,0,0,0,0,0,0,-32311,0,0,0,0,0,46197,0
46193,-872,7996,1324,74,-17,24,13492,5,1,-2,0,37066,124,27,65,0,0,0,0,0,0,0,0,-32311,0,0,0,0,0,46202,0
46198,-862,7980,1344,69,-2,20,13491,2,-3,-4,0,37064,123,27,65,0,0,0,0,0,0,0,0,-32311,0,0,0,0,0,46207,0
46203,-846,7980,1352,68,-12,24,13491,4,0,-2,0,37064,123,27,65,0,0,0,0,0,0,0,0,-32310,0,0,0,0,0,46212,0
46208,-876,7982,1344,72,-3,22,13491,-3,-1,-3,0,37064,126,27,65,0,0,0,0,0,0,0,0,-32311,0,0,0,0,0,46217,0
46213,-858,7964,1346,74,-6,23,13491,0,1,-2,0,37064,126,27,65,0,0,0,0,0,0,0,0,-32310,0,0,0,0,0,46222,0
46218,-852,7986,1320,72,-5,21,13493,1,0,-3,0,37064,121,27,65,0,0,0,0,0,0,0,0,-32311,0,0,0,0,0,46227,0
46223,-862,7982,1356,71,-7,23,13491,-4,0,-3,0,37064,121,27,65,0,0,0,0,0,0,0,0,-32310,0,0,0,0,0,46232,0
46228,-842,8000,1324,80,-2,18,13490,-6,2,0,0,37066,118,27,65,0,0,0,0,0,0,0,0,-32311,0,0,0,0,0,46237,0
46233,-870,7962,1328,69,-5,21,13492,3,-2,-2,0,37066,118,27,65,0,0,0,0,0,0,0,0,-32311,0,0,0,0,0,46242,0
46238,-864,7940,1322,70,-6,21,13492,4,1,-2,0,37067,126,27,65,0,0,0,0,0,0,0,0,-32311,0,0,0,0,0,46247,0
46243,-836,7982,1310,72,-8,22,13491,5,7,0,0,37067,126,27,65,0,0,0,0,0,0,0,0,-32311,0,0,0,0,0,46252,0
46248,-888,7988,1324,76,-9,24,13492,1,4,-1,0,37070,134,27,65,0,0,0,0,0,0,0,0,-32311,0,0,0,0,0,46257,0
46253,-860,7978,1332,77,-5,22,13491,1,-1,-2,0,37070,134,27,65,0,0,0,0,0,0,0,0,-32311,0,0,0,0,0,46262,0
46258,-888,7964,1328,70,-11,26,13493,3,1,0,0,37069,136,27,65,0,0,0,0,0,0,0,0,-32311,0,0,0,0,0,46267,0
46263,-870,7982,1344,73,-11,25,13491,-3,-7,-2,0,37069,136,27,65,0,0,0,0,0,0,0,0,-32311,0,0,0,0,0,46272,0
46268,-892,7978,1318,75,-7,24,13492,4,-2,-3,0,37067,128,27,65,0,0,0,0,0,0,0,0,-32310,0,0,0,0,0,46277,0
46273,-898,7996,1342,70,-7,20,13491,-7,-5,-2,0,37067,128,27,65,0,0,0,0,0,0,0,0,-32310,0,0,0,0,0,46282,0
46278,-870,7992,1340,76,-8,26,13492,-2,4,-2,0,37066,125,27,65,0,0,0,0,0,0,0,0,-32310,0,0,0,0,0,46287,0
46283,-876,7980,1318,71,-3,26,13491,-1,-1,-1,0,37066,125,27,65,0,0,0,0,0,0,0,0,-32311,0,0,0,0,0,46292,0
46288,-874,7970,1300,77,-8,25,13491,-3,2,-3,0,37067,136,27,65,0,0,0,0,0,0,0,0,-32311,0,0,0,0,0,46297,0
46293,-860,7986,1310,76,-10,23,13492,0,-3,-3,0,37067,136,27,65,0,0,0,0,0,0,0,0,-32311,0,0,0,0,0,46302,0
46298,-890,7962,1338,66,-9,25,13492,3,3,-2,0,37068,137,27,65,0,0,0,0,0,0,0,0,-32310,0,0,0,0,0,46307,0
46303,-876,8004,1320,77,-13,27,13493,8,3,-2,0,37068,137,27,65,0,0,0,0,0,0,0,0,-32311,0,0,0,0,0,46312,0
46308,-866,7964,1314,69,-4,22,13492,0,1,-2,0,37070,126,27,65,0,0,0,0,0,0,0,0,-32310,0,0,0,0,0,46317,0
46313,-862,7996,1320,79,-8,24,13492,5,2,-1,0,37070,126,27,65,0,0,0,0,0,0,0,0,-32311,0,0,0,0,0,46323,0
46318,-876,7980,1308,70,-10,26,13492,-2,0,-2,0,37069,118,27,65,0,0,0,0,0,0,0,0,-32311,0,0,0,0,0,46328,0
46323,-874,7980,1310,72,-7,27,13492,-1,-1,-2,0,37069,118,27,65,0,0,0,0,0,0,0,0,-32311,0,0,0,0,0,46333,0
46328,-860,7978,1322,71,-9,25,13490,-5,1,0,0,37069,121,27,65,0,0,0,0,0,0,0,0,-32311,0,0,0,0,0,46338,0
46333,-850,7964,1328,77,-6,24,13491,-1,4,-1,0,37069,121,27,65,0,0,0,0,0,0,0,0,-32311,0,0,0,0,0,46343,0
46338,-846,7978,1310,68,-7,25,13493,-4,-4,-3,0,37067,124,27,65,0,0,0,0,0,0,0,0,-32311,0,0,0,0,0,46348,0
46343,-874,7974,1334,76,-5,26,13492,9,2,-1,0,37067,124,27,65,0,0,0,0,0,0,0,0,-32311,0,0,0,0,0,46353,0
46348,-872,7982,1346,76,-7,26,13492,0,3,-3,0,37070,129,27,65,0,0,0,0,0,0,0,0,-32311,0,0,0,0,0,46358,0
46353,-876,7978,1318,75,-10,31,13492,-3,-4,-3,0,37070,129,27,65,0,0,0,0,0,0,0,0,-32311,0,0,0,0,0,46363,0
46358,-860,7974,1310,68,-10,26,13492,0,-1,-2,0,37071,128,27,65,0,0,0,0,0,0,0,0,-32310,0,0,0,0,0,46368,0
46363,-856,7974,1326,75,-9,24,13492,4,3,-2,0,37071,128,27,65,0,0,0,0,0,0,0,0,-32311,0,0,0,0,0,46373,0
46368,-856,7990,1312,74,-7,27,13491,1,-1,-1,0,37069,118,27,65,0,0,0,0,0,0,0,0,-32311,0,0,0,0,0,46378,0
46373,-872,7954,1322,71,-3,25,13491,-1,-2,-2,0,37069,118,27,65,0,0,0,0,0,0,0,0,-32311,0,0,0,0,0,46383,0
46378,-866,7950,1314,70,-7,30,13492,0,0,-1,0,37068,113,27,65,0,0,0,0,0,0,0,0,-32311,0,0,0,0,0,46388,0
46383,-854,7986,1324,68,-8,25,13491,2,2,-1,0,37068,113,27,65,0,0,0,0,0,0,0,0,-32310,0,0,0,0,0,46393,0
46388,-878,7970,1330,72,-6,30,13492,3,1,-1,0,37066,120,27,65,0,0,0,0,0,0,0,0,-32311,0,0,0,0,0,46398,0
46393,-862,7984,1324,75,-10,26,13491,3,2,-1,0,37066,120,27,65,0,0,0,0,0,0,0,0,-32311,0,0,0,0,0,46403,0
46398,-852,7956,1302,71,-13,25,13492,0,-1,-1,0,37068,122,27,65,0,0,0,0,0,0,0,0,-32311,0,0,0,0,0,46408,0
46403,-854,7960,1316,75,-9,27,13491,-5,0,-1,0,37068,122,27,65,0,0,0,0,0,0,0,0,-32310,0,0,0,0,0,46413,0
46408,-878,7966,1322,74,-6,26,13492,1,-1,-2,0,37068,125,27,65,0,0,0,0,0,0,0,0,-32311,0,0,0,0,0,46418,0
46413,-832,7976,1322,74,-9,28,13492,1,2,-2,0,37068,125,27,65,0,0,0,0,0,0,0,0,-32311,0,0,0,0,0,46423,0
46418,-850,7982,1352,74,-8,25,13491,1,0,-1,0,37066,117,27,65,0,0,0,0,0,0,0,0,-32311,0,0,0,0,0,46428,0
46423,-850,7982,1318,67,-9,28,13491,-2,0,-1,0,37066,117,27,65,0,0,0,0,0,0,0,0,-32311,0,0,0,0,0,46433,0
46428,-854,7982,1324,75,-5,23,13491,0,-2,-2,0,37066,118,27,65,0,0,0,0,0,0,0,0,-32310,0,0,0,0,0,46438,0
46433,-866,7994,1304,73,-7,24,13492,3,4,-3,0,37066,118,27,65,0,0,0,0,0,0,0,0,-32311,0,0,0,0,0,46443,0
46438,-852,7984,1324,78,-9,27,13492,-2,-2,-2,0,37067,129,27,65,0,0,0,0,0,0,0,0,-32311,0,0,0,0,0,46448,0
46443,-874,7972,1302,74,-6,25,13492,9,3,-2,0,37067,129,27,65,0,0,0,0,0,0,0,0,-32311,0,0,0,0,0,46453,0
46448,-848,7980,1298,72,-7,23,13492,4,3,-1,0,37067,126,27,65,0,0,0,0,0,0,0,0,-32311,0,0,0,0,0,46458,0
46453,-868,7992,1326,77,-6,24,13491,-5,-1,-1,0,37067,126,27,65,0,0,0,0,0,0,0,0,-32310,0,0,0,0,0,46463,0
46458,-858,8000,1326,75,-7,28,13491,0,1,-1,0,37067,120,27,65,0,0,0,0,0,0,0,0,-32311,0,0,0,0,0,46468,0
46463,-870,7992,1328,66,-4,26,13492,5,4,-1,0,37067,120,27,65,0,0,0,0,0,0,0,0,-32311,0,0,0,0,0,46473,0
46468,-852,7974,1316,75,-7,27,13492,4,-1,-1,0,37068,109,27,65,0,0,0,0,0,0,0,0,-32311,0,0,0,0,0,46478,0
46473,-826,7988,1316,67,-4,26,13490,-1,4,-2,0,37068,109,27,65,0,0,0,0,0,0,0,0,-32311,0,0,0,0,0,46483,0
46478,-854,7980,1316,76,-7,29,13492,2,-1,-2,0,37070,108,27,65,0,0,0,0,0,0,0,0,-32311,0,0,0,0,0,46488,0
46483,-878,7966,1326,75,-8,25,13492,0,0,-4,0,37070,108,27,65,0,0,0,0,0,0,0,0,-32311,0,0,0,0,0,46493,0
46488,-890,7980,1308,70,-9,22,13491,0,3,-4,0,37070,116,27,65,0,0,0,0,0,0,0,0,-32311,0,0,0,0,0,46498,0
46493,-848,7998,1316,72,-8,26,13492,-2,-5,-3,0,37070,116,27,65,0,0,0,0,0,0,0,0,-32311,0,0,0,0,0,46503,0
46498,-850,7950,1314,73,-12,22,13491,-7,0,-3,0,37068,124,27,65,0,0,0,0,0,0,0,0,-32311,0,0,0,0,0,46508,0
46503,-866,7990,1298,72,-11,27,13491,-2,0,-3,0,37068,124,27,65,0,0,0,0,0,0,0,0,-32311,0,0,0,0,0,46513,0
46508,-850,7992,1304,74,-12,27,13493,0,4,-1,0,37066,134,27,65,0,0,0,0,0,0,0,0,-32311,0,0,0,0,0,46518,0
46513,-862,7968,1312,79,-7,26,13491,-6,0,-1,0,37066,134,27,65,0,0,0,0,0,0,0,0,-32311,0,0,0,0,0,46523,0
46518,-858,7972,1316,72,-6,27,13492,5,3,-2,0,37066,128,27,65,0,0,0,0,0,0,0,0,-32311,0,0,0,0,0,46528,0
46523,-866,7996,1296,72,-7,29,13491,0,-2,-2,0,37066,128,27,65,0,0,0,0,0,0,0,0,-32311,0,0,0,0,0,46533,0
46528,-866,7984,1302,74,-6,24,13492,0,4,0,0,37067,127,27,65,0,0,0,0,0,0,0,0,-32311,0,0,0,0,0,46538,0
46533,-876,7972,1300,75,-10,25,13492,4,5,-2,0,37067,127,27,65,0,0,0,0,0,0,0,0,-32311,0,0,0,0,0,46543,0
46538,-848,8002,1304,73,-12,26,13492,2,1,-2,0,37068,126,27,65,0,0,0,0,0,0,0,0,-32311,0,0,0,0,0,46548,0
46543,-870,7964,1316,71,-13,24,13490,-3,-4,-2,0,37068,126,27,65,0,0,0,0,0,0,0,0,-32311,0,0,0,0,0,46553,0
46548,-854,7976,1340,76,-8,25,13491,-2,-2,-1,0,37069,126,27,65,0,0,0,0,0,0,0,0,-32310,0,0,0,0,0,46558,0
46553,-842,7992,1330,72,-8,27,13490,-3,-4,0,0,37069,126,27,65,0,0,0,0,0,0,0,0,-32310,0,0,0,0,0,46563,0
46558,-834,7978,1332,72,-7,24,13492,-2,-3,0,0,37074,126,27,65,0,0,0,0,0,0,0,0,-32311,0,0,0,0,0,46568,0
46563,-880,7994,1318,74,-5,21,13491,0,1,-2,0,37074,126,27,65,0,0,0,0,0,0,0,0,-32310,0,0,0,0,0,46573,0
46568,-864,7994,1318,76,-10,26,13492,-5,-2,-3,0,37074,120,27,65,0,0,0,0,0,0,0,0,-32311,0,0,0,0,0,46578,0
46573,-850,7992,1322,74,-6,20,13491,-5,0,-3,0,37074,120,27,65,0,0,0,0,0,0,0,0,-32310,0,0,0,0,0,46583,0
46578,-868,8014,1326,68,-14,19,13491,-1,-3,-3,0,37072,123,27,65,0,0,0,0,0,0,0,0,-32311,0,0,0,0,0,46588,0
46583,-864,7972,1322,74,-7,26,13492,0,-2,-3,0,37072,123,27,65,0,0,0,0,0,0,0,0,-32311,0,0,0,0,0,46593,0
46588,-862,7984,1320,77,-4,27,13491,-2,-3,-2,0,37068,126,27,65,0,0,0,0,0,0,0,0,-32311,0,0,0,0,0,46598,0
46593,-848,7962,1310,78,-1,23,13492,0,5,-1,0,37068,126,27,65,0,0,0,0,0,0,0,0,-32310,0,0,0,0,0,46603,0
46598,-844,7958,1310,78,-10,23,13491,-4,-3,-2,0,37075,135,27,65,0,0,0,0,0,0,0,0,-32311,0,0,0,0,0,46608,0
46603,-844,7988,1310,73,-5,25,13491,-1,-2,-3,0,37075,135,27,65,0,0,0,0,0,0,0,0,-32311,0,0,0,0,0,46613,0
46608,-866,7986,1300,77,-5,24,13492,1,0,-2,0,37083,133,27,65,0,0,0,0,0,0,0,0,-32311,0,0,0,0,0,46618,0
46613,-850,7994,1302,74,-6,24,13492,-1,-1,-1,0,37083,133,27,65,0,0,0,0,0,0,0,0,-32310,0,0,0,0,0,46623,0
46618,-860,7990,1322,71,-6,21,13491,-8,-2,-1,0,37092,130,27,65,0,0,0,0,0,0,0,0,-32311,0,0,0,0,0,46628,0
46623,-862,7974,1302,72,-10,20,13492,3,1,-2,0,37092,130,27,65,0,0,0,0,0,0,0,0,-32310,0,0,0,0,0,46633,0
46628,-878,7988,1288,72,-8,20,13492,2,0,-1,0,37086,125,27,65,0,0,0,0,0,0,0,0,-32311,0,0,0,0,0,46638,0
46633,-866,7984,1302,79,-14,26,13491,0,-1,-2,0,37086,125,27,65,0,0,0,0,0,0,0,0,-32311,0,0,0,0,0,46643,0
46638,-874,8000,1322,70,-11,22,13492,0,3,-3,0,37076,129,27,65,0,0,0,0,0,0,0,0,-32310,0,0,0,0,0,46648,0
46643,-856,7970,1310,72,-12,20,13491,-5,-3,-1,0,37076,129,27,65,0,0,0,0,0,0,0,0,-32310,0,0,0,0,0,46653,0
46648,-878,7980,1308,70,0,25,13490,-8,-5,-2,0,37064,125,27,65,0,0,0,0,0,0,0,0,-32311,0,0,0,0,0,46658,0
46653,-868,7976,1320,74,-12,23,13492,3,0,-2,0,37064,125,27,65,0,0,0,0,0,0,0,0,-32310,0,0,0,0,0,46663,0
46658,-884,7970,1298,74,-13,22,13491,-3,-3,-2,0,37064,125,27,65,0,0,0,0,0,0,0,0,-32311,0,0,0,0,0,46668,0
46663,-868,7996,1316,72,-7,20,13491,-7,-1,-1,0,37064,125,27,65,0,0,0,0,0,0,0,0,-32311,0,0,0,0,0,46673,0
46668,-868,7988,1328,76,-10,24,13491,-4,-1,-4,0,37068,127,27,65,0,0,0,0,0,0,0,0,-32311,0,0,0,0,0,46678,0
46673,-870,7998,1310,77,-6,29,13491,5,-2,-3,0,37068,127,27,65,0,0,0,0,0,0,0,0,-32310,0,0,0,0,0,46683,0
46678,-868,7996,1296,75,-7,23,13491,0,0,-1,0,37068,121,27,65,0,0,0,0,0,0,0,0,-32311,0,0,0,0,0,46688,0
46683,-832,7984,1322,73,-7,28,13492,-5,1,-4,0,37068,121,27,65,0,0,0,0,0,0,0,0,-32310,0,0,0,0,0,46693,0
46688,-876,7988,1306,68,-6,25,13491,-7,2,-2,0,37071,126,27,65,0,0,0,0,0,0,0,0,-32310,0,0,0,0,0,46698,0
46693,-870,7964,1296,70,-11,25,13492,-1,1,-1,0,37071,126,27,65,0,0,0,0,0,0,0,0,-32310,0,0,0,0,0,46703,0
46698,-874,7968,1326,72,-9,22,13492,-3,-1,-1,0,37066,119,27,65,0,0,0,0,0,0,0,0,-32310,0,0,0,0,0,46708,0
46703,-848,7988,1304,76,-10,24,13491,2,-4,0,0,37066,119,27,65,0,0,0,0,0,0,0,0,-32310,0,0,0,0,0,46713,0
46708,-850,8006,1312,71,-8,20,13491,-4,1,0,0,37065,116,27,65,0,0,0,0,0,0,0,0,-32310,0,0,0,0,0,46718,0
46713,-854,7988,1320,72,-4,25,13493,-1,8,0,0,37065,116,27,65,0,0,0,0,0,0,0,0,-32310,0,0,0,0,0,46723,0
46718,-870,7986,1302,77,-7,23,13492,1,3,-1,0,37062,118,27,65,0,0,0,0,0,0,0,0,-32310,0,0,0,0,0,46728,0
46723,-860,7978,1336,76,-7,23,13491,-1,-4,-2,0,37062,118,27,65,0,0,0,0,0,0,0,0,-32311,0,0,0,0,0,46733,0
46728,-872,7972,1342,72,-8,26,13491,-1,3,-1,0,37066,121,27,65,0,0,0,0,0,0,0,0,-32311,0,0,0,0,0,46738,0
46733,-840,7974,1326,72,-8,24,13492,2,8,-2,0,37066,121,27,65,0,0,0,0,0,0,0,0,-32310,0,0,0,0,0,46743,0
46738,-846,7980,1316,77,-1,24,13491,0,-4,-2,0,37066,123,27,65,0,0,0,0,0,0,0,0,-32311,0,0,0,0,0,46748,0
46743,-868,7966,1322,75,-6,25,13491,-2,-2,0,0,37066,123,27,65,0,0,0,0,0,0,0,0,-32310,0,0,0,0,0,46753,0
46748,-862,8016,1338,73,-12,23,13492,7,1,-2,0,37066,121,27,65,0,0,0,0,0,0,0,0,-32311,0,0,0,0,0,46758,0
46753,-838,7976,1298,80,-3,26,13492,0,2,-1,0,37066,121,27,65,0,0,0,0,0,0,0,0,-32311,0,0,0,0,0,46763,0
46758,-860,7990,1318,72,-10,27,13492,0,3,-1,0,37065,122,27,65,0,0,0,0,0,0,0,0,-32311,0,0,0,0,0,46768,0
46763,-850,7994,1324,79,-1,23,13492,6,1,-2,0,37065,122,27,65,0,0,0,0,0,0,0,0,-32310,0,0,0,0,0,46773,0
46768,-874,7986,1298,75,-3,21,13492,2,3,-1,0,37067,125,27,65,0,0,0,0,0,0,0,0,-32310,0,0,0,0,0,46778,0
46773,-854,7984,1296,78,-5,26,13491,-6,0,-5,0,37067,125,27,65,0,0,0,0,0,0,0,0,-32310,0,0,0,0,0,46783,0
46778,-892,7976,1276,74,-8,21,13490,-11,-3,-3,0,37069,118,27,65,0,0,0,0,0,0,0,0,-32311,0,0,0,0,0,46788,0
46783,-886,7972,1322,71,-10,26,13492,-6,1,-3,0,37069,118,27,65,0,0,0,0,0,0,0,0,-32310,0,0,0,0,0,46793,0
46788,-882,7970,1302,76,-6,21,13491,0,-3,-2,0,37069,115,27,65,0,0,0,0,0,0,0,0,-32311,0,0,0,0,0,46798,0
46793,-892,7962,1298,73,-10,22,13492,0,-4,-2,0,37069,115,27,65,0,0,0,0,0,0,0,0,-32311,0,0,0,0,0,46803,0
46798,-866,7992,1306,71,-7,23,13491,-8,1,-3,0,37067,117,27,65,0,0,0,0,0,0,0,0,-32311,0,0,0,0,0,46808,0
46803,-848,7990,1294,74,-12,23,13491,2,1,-2,0,37067,117,27,65,0,0,0,0,0,0,0,0,-32311,0,0,0,0,0,46813,0
46808,-884,7984,1314,71,-11,26,13491,-1,-1,-1,0,37066,131,27,65,0,0,0,0,0,0,0,0,-32310,0,0,0,0,0,46818,0
46813,-854,7978,1304,73,-4,27,13492,-1,3,-1,0,37066,131,27,65,0,0,0,0,0,0,0,0,-32310,0,0,0,0,0,46823,0
46818,-858,7994,1322,74,-12,21,13492,3,3,-4,0,37067,134,27,65,0,0,0,0,0,0,0,0,-32310,0,0,0,0,0,46828,0
46823,-854,7994,1290,71,-3,26,13491,0,4,-3,0,37067,134,27,65,0,0,0,0,0,0,0,0,-32311,0,0,0,0,0,46833,0
46828,-888,7998,1310,73,-5,26,13493,0,-4,-1,0,37069,129,27,65,0,0,0,0,0,0,0,0,-32311,0,0,0,0,0,46838,0
46833,-868,7960,1278,69,-7,27,13491,0,1,-1,0,37069,129,27,65,0,0,0,0,0,0,0,0,-32310,0,0,0,0,0,46843,0
46838,-880,7978,1304,71,-13,28,13491,1,1,-1,0,37069,125,27,65,0,0,0,0,0,0,0,0,-32311,0,0,0,0,0,46848,0
46843,-860,7978,1304,72,-6,28,13491,-10,-2,-1,0,37069,125,27,65,0,0,0,0,0,0,0,0,-32310,0,0,0,0,0,46853,0
46848,-878,7978,1296,69,-12,26,13491,-2,3,-1,0,37068,115,27,65,0,0,0,0,0,0,0,0,-32311,0,0,0,0,0,46858,0
46853,-870,7970,1306,73,-12,28,13492,-6,1,-3,0,37068,115,27,65,0,0,0,0,0,0,0,0,-32310,0,0,0,0,0,46863,0
46858,-858,7982,1306,66,-6,30,13491,2,0,-1,0,37066,117,27,65,0,0,0,0,0,0,0,0,-32311,0,0,0,0,0,46868,0
46863,-886,7998,1310,75,-11,22,13493,5,1,-2,0,37066,117,27,65,0,0,0,0,0,0,0,0,-32310,0,0,0,0,0,46873,0
46868,-848,7984,1316,67,-10,29,13492,-2,3,-1,0,37064,116,27,65,0,0,0,0,0,0,0,0,-32311,0,0,0,0,0,46878,0
46873,-872,7960,1312,72,-8,29,13492,0,2,-2,0,37064,116,27,65,0,0,0,0,0,0,0,0,-32310,0,0,0,0,0,46883,0
46878,-838,7988,1300,73,-2,32,13492,4,-1,-1,0,37066,123,27,65,0,0,0,0,0,0,0,0,-32311,0,0,0,0,0,46888,0
46883,-894,7980,1302,72,-11,30,13490,-5,-1,-2,0,37066,123,27,65,0,0,0,0,0,0,0,0,-32310,0,0,0,0,0,46893,0
46888,-848,7996,1322,72,-5,28,13492,0,-3,-2,0,37069,122,27,65,0,0,0,0,0,0,0,0,-32311,0,0,0,0,0,46898,0
46893,-860,7994,1310,69,-6,33,13491,-6,1,-2,0,37069,122,27,65,0,0,0,0,0,0,0,0,-32310,0,0,0,0,0,46903,0
46898,-834,7990,1314,71,-11,29,13491,-1,2,-1,0,37071,126,27,65,0,0,0,0,0,0,0,0,-32310,0,0,0,0,0,46908,0
46903,-834,7984,1310,70,-6,30,13492,1,-2,-1,0,37071,126,27,65,0,0,0,0,0,0,0,0,-32310,0,0,0,0,0,46913,0
46908,-842,7968,1304,72,-7,28,13491,0,5,-2,0,37069,123,27,65,0,0,0,0,0,0,0,0,-32311,0,0,0,0,0,46918,0
46913,-872,7958,1320,72,-11,29,13492,2,2,-1,0,37069,123,27,65,0,0,0,0,0,0,0,0,-32311,0,0,0,0,0,46923,0
46918,-854,7960,1294,76,-6,22,13491,-3,1,-2,0,37065,129,27,65,0,0,0,0,0,0,0,0,-32310,0,0,0,0,0,46928,0
46923,-842,7990,1312,73,-8,28,13491,-4,2,-2,0,37065,129,27,65,0,0,0,0,0,0,0,0,-32311,0,0,0,0,0,46933,0
46928,-860,7982,1294,66,-5,22,13493,0,1,0,0,37063,125,27,65,0,0,0,0,0,0,0,0,-32310,0,0,0,0,0,46938,0
46933,-852,7982,1304,73,-12,26,13492,3,1,-2,0,37063,125,27,65,0,0,0,0,0,0,0,0,-32310,0,0,0,0,0,46943,0
46938,-830,7978,1324,74,-5,28,13492,5,4,-2,0,37063,122,27,65,0,0,0,0,0,0,0,0,-32311,0,0,0,0,0,46948,0
46943,-856,7984,1308,79,-7,26,13492,-1,-2,-1,0,37063,122,27,65,0,0,0,0,0,0,0,0,-32310,0,0,0,0,0,46953,0
46948,-838,7972,1322,67,-5,25,13492,0,-2,-1,0,37064,129,27,65,0,0,0,0,0,0,0,0,-32310,0,0,0,0,0,46958,0
46953,-856,7998,1324,75,1,22,13492,3,2,-1,0,37064,129,27,65,0,0,0,0,0,0,0,0,-32311,0,0,0,0,0,46963,0
46958,-850,7962,1306,71,-13,25,13490,1,1,-1,0,37064,126,27,65,0,0,0,0,0,0,0,0,-32310,0,0,0,0,0,46968,0
46963,-848,7986,1306,75,-9,24,13491,-5,1,-2,0,37064,126,27,65,0,0,0,0,0,0,0,0,-32310,0,0,0,0,0,46973,0
46968,-834,8018,1298,72,-14,28,13492,4,0,-2,0,37063,119,27,65,0,0,0,0,0,0,0,0,-32311,0,0,0,0,0,46978,0
46973,-826,7976,1298,73,-13,24,13491,0,6,-2,0,37063,119,27,65,0,0,0,0,0,0,0,0,-32311,0,0,0,0,0,46983,0
46978,-828,7948,1314,69,-10,23,13491,-7,0,-3,0,37064,112,27,65,0,0,0,0,0,0,0,0,-32311,0,0,0,0,0,46988,0
46983,-830,7978,1306,69,-8,21,13493,6,-4,-5,0,37064,112,27,65,0,0,0,0,0,0,0,0,-32311,0,0,0,0,0,46993,0
46988,-868,7990,1324,66,-9,20,13491,-5,2,-2,0,37070,111,27,65,0,0,0,0,0,0,0,0,-32311,0,0,0,0,0,46998,0
46993,-844,7992,1278,70,-8,21,13492,-4,-4,-3,0,37070,111,27,65,0,0,0,0,0,0,0,0,-32310,0,0,0,0,0,47003,0
46998,-846,7978,1316,74,-5,19,13493,0,-5,-2,0,37069,121,27,65,0,0,0,0,0,0,0,0,-32311,0,0,0,0,0,47008,0
47003,-854,7982,1310,75,-9,19,13492,3,4,0,0,37069,121,27,65,0,0,0,0,0,0,0,0,-32311,0,0,0,0,0,47013,0
47008,-864,7996,1310,73,-8,21,13491,-8,-3,-2,0,37066,123,27,65,0,0,0,0,0,0,0,0,-32310,0,0,0,0,0,47018,0
47013,-848,7970,1310,72,-10,17,13492,1,-4,-2,0,37066,123,27,65,0,0,0,0,0,0,0,0,-32311,0,0,0,0,0,47023,0
47018,-842,7980,1316,68,-9,19,13493,1,-2,-3,0,37062,123,27,65,0,0,0,0,0,0,0,0,-32310,0,0,0,0,0,47028,0
47023,-860,7998,1304,70,-6,22,13491,-2,2,-2,0,37062,123,27,65,0,0,0,0,0,0,0,0,-32311,0,0,0,0,0,47033,0
47028,-858,7954,1308,68,-9,13,13491,-4,-2,-2,0,37065,123,27,65,0,0,0,0,0,0,0,0,-32311,0,0,0,0,0,47038,0
47033,-880,7976,1306,72,-7,21,13492,0,-2,-2,0,37065,123,27,65,0,0,0,0,0,0,0,0,-32310,0,0,0,0,0,47043,0
47038,-888,7972,1302,71,-6,20,13492,5,0,-2,0,37066,120,27,65,0,0,0,0,0,0,0,0,-32311,0,0,0,0,0,47048,0
47043,-874,7978,1316,70,-10,26,13492,2,4,-1,0,37066,120,27,65,0,0,0,0,0,0,0,0,-32310,0,0,0,0,0,47053,0
47048,-874,7966,1316,68,-5,22,13491,-1,-4,-2,0,37063,124,27,65,0,0,0,0,0,0,0,0,-32311,0,0,0,0,0,47058,0
47053,-876,7998,1300,68,-8,23,13492,0,-1,-2,0,37063,124,27,65,0,0,0,0,0,0,0,0,-32310,0,0,0,0,0,47063,0
47058,-844,7980,1310,71,-7,22,13493,3,-2,-1,0,37060,125,27,65,0,0,0,0,0,0,0,0,-32311,0,0,0,0,0,47068,0
47063,-882,7994,1308,68,-10,23,13492,2,-1,-3,0,37060,125,27,65,0,0,0,0,0,0,0,0,-32311,0,0,0,0,0,47073,0
47068,-900,7946,1322,71,-8,22,13492,4,-2,-3,0,37061,132,27,65,0,0,0,0,0,0,0,0,-32311,0,0,0,0,0,47078,0
47073,-838,7984,1314,70,-8,21,13492,1,-5,-2,0,37061,132,27,65,0,0,0,0,0,0,0,0,-32311,0,0,0,0,0,47083,0
47078,-862,7998,1308,73,-7,25,13491,-4,-1,-1,0,37066,138,27,65,0,0,0,0,0,0,0,0,-32311,0,0,0,0,0,47088,0
47083,-832,7980,1314,72,-7,23,13492,6,1,-2,0,37066,138,27,65,0,0,0,0,0,0,0,0,-32311,0,0,0,0,0,47093,0
47088,-850,7980,1332,70,-8,23,13491,-5,0,-3,0,37073,129,27,65,0,0,0,0,0,0,0,0,-32312,0,0,0,0,0,47098,0
47093,-884,7956,1336,74,-6,21,13491,4,4,-4,0,37073,129,27,65,0,0,0,0,0,0,0,0,-32310,0,0,0,0,0,47103,0
47098,-878,8002,1314,76,-3,24,13492,0,-2,-3,0,37075,124,27,65,0,0,0,0,0,0,0,0,-32310,0,0,0,0,0,47108,0
47103,-862,7972,1310,72,-5,21,13492,1,3,-3,0,37075,124,27,65,0,0,0,0,0,0,0,0,-32310,0,0,0,0,0,47113,0
47108,-870,7988,1314,69,-7,22,13492,7,0,-1,0,37073,122,27,65,0,0,0,0,0,0,0,0,-32310,0,0,0,0,0,47118,0
47113,-888,7996,1308,72,-4,25,13492,1,-1,-2,0,37073,122,27,65,0,0,0,0,0,0,0,0,-32310,0,0,0,0,0,47123,0
47118,-874,7980,1306,76,-5,25,13492,2,-2,-3,0,37070,123,27,65,0,0,0,0,0,0,0,0,-32311,0,0,0,0,0,47128,0
47123,-874,7990,1298,66,0,23,13491,0,-3,-2,0,37070,123,27,65,0,0,0,0,0,0,0,0,-32311,0,0,0,0,0,47133,0
47128,-870,7998,1282,73,-4,27,13491,-3,-1,-1,0,37064,127,27,65,0,0,0,0,0,0,0,0,-32310,0,0,0,0,0,47138,0
47133,-874,7998,1270,75,-13,27,13492,1,-3,-3,0,37064,127,27,65,0,0,0,0,0,0,0,0,-32311,0,0,0,0,0,47143,0
47138,-878,7992,1278,71,-7,25,13493,4,1,-2,0,37063,133,27,65,0,0,0,0,0,0,0,0,-32311,0,0,0,0,0,47148,0
47143,-884,7992,1314,72,-13,23,13492,3,-2,-2,0,37063,133,27,65,0,0,0,0,0,0,0,0,-32310,0,0,0,0,0,47153,0
47148,-880,8014,1282,72,-13,24,13492,4,-2,-3,0,37063,122,27,65,0,0,0,0,0,0,0,0,-32311,0,0,0,0,0,47158,0
47153,-866,7972,1298,69,-10,22,13491,-2,-2,-3,0,37063,122,27,65,0,0,0,0,0,0,0,0,-32311,0,0,0,0,0,47163,0
47158,-884,7984,1302,71,-12,24,13493,5,-3,0,0,37063,116,27,65,0,0,0,0,0,0,0,0,-32310,0,0,0,0,0,47168,0
47163,-872,7990,1326,71,-9,28,13491,-1,1,-1,0,37063,116,27,65,0,0,0,0,0,0,0,0,-32311,0,0,0,0,0,47173,0
47168,-866,7986,1294,73,-10,24,13492,3,2,-1,0,37063,119,27,65,0,0,0,0,0,0,0,0,-32311,0,0,0,0,0,47178,0
47173,-888,8000,1316,71,-10,21,13493,6,-7,-2,0,37063,119,27,65,0,0,0,0,0,0,0,0,-32311,0,0,0,0,0,47183,0
47178,-860,7966,1330,70,-10,22,13491,-1,2,-1,0,37064,124,27,65,0,0,0,0,0,0,0,0,-32311,0,0,0,0,0,47188,0
47183,-856,7952,1306,68,-11,24,13492,-4,-4,-3,0,37064,124,27,65,0,0,0,0,0,0,0,0,-32310,0,0,0,0,0,47193,0
47188,-868,7990,1326,76,-6,26,13492,1,-7,-2,0,37065,123,27,65,0,0,0,0,0,0,0,0,-32310,0,0,0,0,0,47198,0
47193,-862,8000,1308,71,-9,31,13491,-7,0,-1,0,37065,123,27,65,0,0,0,0,0,0,0,0,-32310,0,0,0,0,0,47203,0
47198,-862,7996,1324,70,-7,26,13491,-5,-3,0,0,37069,117,27,65,0,0,0,0,0,0,0,0,-32311,0,0,0,0,0,47208,0
47203,-882,7966,1318,69,-9,24,13492,1,0,0,0,37069,117,27,65,0,0,0,0,0,0,0,0,-32311,0,0,0,0,0,47213,0
47208,-878,7972,1320,70,-6,26,13491,-3,2,-1,0,37069,120,27,65,0,0,0,0,0,0,0,0,-32311,0,0,0,0,0,47218,0
47213,-866,7966,1298,77,-9,25,13491,-1,0,0,0,37069,120,27,65,0,0,0,0,0,0,0,0,-32311,0,0,0,0,0,47223,0
47218,-842,7988,1294,74,-7,30,13491,-5,1,-3,0,37068,129,27,65,0,0,0,0,0,0,0,0,-32310,0,0,0,0,0,47228,0
47223,-884,7974,1286,72,-8,25,13492,7,1,-3,0,37068,129,27,65,0,0,0,0,0,0,0,0,-32311,0,0,0,0,0,47233,0
47228,-858,7950,1298,70,-4,24,13492,3,4,-1,0,37065,131,27,65,0,0,0,0,0,0,0,0,-32311,0,0,0,0,0,47238,0
47233,-872,7998,1306,71,-6,28,13493,3,0,-4,0,37065,131,27,65,0,0,0,0,0,0,0,0,-32311,0,0,0,0,0,47243,0
47238,-868,7986,1280,70,-4,30,13491,-3,-3,-3,0,37063,128,27,65,0,0,0,0,0,0,0,0,-32310,0,0,0,0,0,47248,0
47243,-854,7988,1306,67,-8,26,13491,-4,0,-2,0,37063,128,27,65,0,0,0,0,0,0,0,0,-32311,0,0,0,0,0,47253,0
47248,-872,7982,1306,73,-12,29,13492,0,-7,-2,0,37063,133,27,65,0,0,0,0,0,0,0,0,-32311,0,0,0,0,0,47258,0
47253,-848,7972,1300,69,-10,29,13491,2,2,-2,0,37063,133,27,65,0,0,0,0,0,0,0,0,-32310,0,0,0,0,0,47263,0
47258,-858,7976,1308,71,-9,23,13492,0,2,-1,0,37064,131,27,65,0,0,0,0,0,0,0,0,-32310,0,0,0,0,0,47268,0
47263,-852,7986,1322,70,-14,26,13491,0,-3,-2,0,37064,131,27,65,0,0,0,0,0,0,0,0,-32311,0,0,0,0,0,47273,0
47268,-864,7982,1322,74,-13,25,13492,2,3,-1,0,37063,133,27,65,0,0,0,0,0,0,0,0,-32311,0,0,0,0,0,47278,0
47273,-864,7990,1324,71,-6,27,13491,0,2,-1,0,37063,133,27,65,0,0,0,0,0,0,0,0,-32311,0,0,0,0,0,47283,0
47278,-874,7978,1316,73,-14,26,13492,-2,1,-2,0,37064,128,27,65,0,0,0,0,0,0,0,0,-32311,0,0,0,0,0,47288,0
47283,-878,7972,1338,73,-8,23,13492,3,-1,-1,0,37064,128,27,65,0,0,0,0,0,0,0,0,-32311,0,0,0,0,0,47293,0
47288,-852,7974,1336,76,-9,26,13492,0,0,-1,0,37067,126,27,65,0,0,0,0,0,0,0,0,-32311,0,0,0,0,0,47298,0
47293,-854,7958,1310,78,-7,27,13492,-2,-3,0,0,37067,126,27,65,0,0,0,0,0,0,0,0,-32311,0,0,0,0,0,47303,0
47298,-872,7990,1314,73,-4,28,13491,0,-1,-1,0,37066,131,27,65,0,0,0,0,0,0,0,0,-32311,0,0,0,0,0,47308,0
47303,-876,7978,1318,74,-6,24,13492,3,0,-2,0,37066,131,27,65,0,0,0,0,0,0,0,0,-32310,0,0,0,0,0,47313,0
47308,-896,7994,1312,79,-4,27,13492,-2,0,-1,0,37068,134,27,65,0,0,0,0,0,0,0,0,-32311,0,0,0,0,0,47318,0
47313,-858,7952,1288,75,-4,27,13492,0,4,-1,0,37068,134,27,65,0,0,0,0,0,0,0,0,-32310,0,0,0,0,0,47324,0
47318,-870,7980,1296,80,-6,29,13492,3,2,-2,0,37067,133,27,65,0,0,0,0,0,0,0,0,-32311,0,0,0,0,0,47329,0
47323,-866,7980,1298,77,-4,26,13490,-7,-3,-1,0,37067,133,27,65,0,0,0,0,0,0,0,0,-32311,0,0,0,0,0,47334,0
47328,-850,8002,1282,80,-2,24,13492,-1,-2,-1,0,37070,127,27,65,0,0,0,0,0,0,0,0,-32311,0,0,0,0,0,47339,0
47333,-876,8000,1300,74,-8,23,13492,3,-2,-2,0,37070,127,27,65,0,0,0,0,0,0,0,0,-32310,0,0,0,0,0,47344,0
47338,-858,8000,1286,79,-7,23,13492,3,6,-3,0,37067,125,27,65,0,0,0,0,0,0,0,0,-32310,0,0,0,0,0,47349,0
47343,-848,7990,1294,78,-5,27,13491,-2,-2,-2,0,37067,125,27,65,0,0,0,0,0,0,0,0,-32311,0,0,0,0,0,47354,0
47348,-860,7984,1310,74,-8,26,13491,-3,-2,-3,0,37067,118,27,65,0,0,0,0,0,0,0,0,-32311,0,0,0,0,0,47359,0
47353,-870,7994,1312,76,-7,21,13491,2,0,-1,0,37067,118,27,65,0,0,0,0,0,0,0,0,-32311,0,0,0,0,0,47364,0
47358,-854,7984,1296,69,-9,27,13491,-8,5,-1,0,37065,116,27,65,0,0,0,0,0,0,0,0,-32311,0,0,0,0,0,47369,0
47363,-860,7964,1314,73,-13,23,13493,1,-2,-2,0,37065,116,27,65,0,0,0,0,0,0,0,0,-32311,0,0,0,0,0,47374,0
47368,-856,7978,1314,72,-9,17,13491,-4,-1,-2,0,37064,113,27,65,0,0,0,0,0,0,0,0,-32310,0,0,0,0,0,47379,0
47373,-850,7966,1288,72,-3,26,13491,0,2,-3,0,37064,113,27,65,0,0,0,0,0,0,0,0,-32310,0,0,0,0,0,47384,0
47378,-836,7976,1310,72,-5,25,13492,-1,-4,-1,0,37064,111,27,65,0,0,0,0,0,0,0,0,-32311,0,0,0,0,0,47389,0
47383,-874,7974,1314,77,-9,25,13492,3,4,-2,0,37064,111,27,65,0,0,0,0,0,0,0,0,-32311,0,0,0,0,0,47394,0
47388,-880,7988,1280,74,-2,26,13491,-4,-1,-2,0,37065,125,27,65,0,0,0,0,0,0,0,0,-32311,0,0,0,0,0,47399,0
47393,-860,7980,1282,75,-8,26,13492,5,1,-2,0,37065,125,27,65,0,0,0,0,0,0,0,0,-32311,0,0,0,0,0,47404,0
47398,-874,7994,1296,77,-8,26,13490,-7,5,-2,0,37065,127,27,65,0,0,0,0,0,0,0,0,-32311,0,0,0,0,0,47409,0
47403,-882,7996,1270,74,-6,28,13492,5,0,-2,0,37065,127,27,65,0,0,0,0,0,0,0,0,-32310,0,0,0,0,0,47414,0
47408,-870,7996,1270,71,-7,29,13491,-1,0,-1,0,37069,126,27,65,0,0,0,0,0,0,0,0,-32311,0,0,0,0,0,47419,0
47413,-848,7990,1300,70,-7,31,13492,0,5,-2,0,37069,126,27,65,0,0,0,0,0,0,0,0,-32311,0,0,0,0,0,47424,0
47418,-858,7998,1290,74,-5,26,13491,-2,-1,-2,0,37070,120,27,65,0,0,0,0,0,0,0,0,-32310,0,0,0,0,0,47429,0
47423,-852,8000,1310,69,-8,22,13492,-2,0,-3,0,37070,120,27,65,0,0,0,0,0,0,0,0,-32310,0,0,0,0,0,47434,0
47428,-856,7984,1290,70,-9,24,13491,-5,-3,-2,0,37069,121,27,65,0,0,0,0,0,0,0,0,-32310,0,0,0,0,0,47439,0
47433,-856,7974,1300,70,-10,26,13491,0,2,-2,0,37069,121,27,65,0,0,0,0,0,0,0,0,-32311,0,0,0,0,0,47444,0
47438,-856,7980,1302,74,-3,32,13492,0,2,-2,0,37066,130,27,65,0,0,0,0,0,0,0,0,-32311,0,0,0,0,0,47449,0
47443,-882,7986,1300,72,-8,23,13491,-4,-1,-1,0,37066,130,27,65,0,0,0,0,0,0,0,0,-32310,0,0,0,0,0,47454,0
47448,-860,7986,1312,74,-17,29,13493,3,1,-3,0,37063,125,27,65,0,0,0,0,0,0,0,0,-32310,0,0,0,0,0,47459,0
47453,-884,7984,1300,70,-8,28,13493,7,2,-2,0,37063,125,27,65,0,0,0,0,0,0,0,0,-32310,0,0,0,0,0,47464,0
47458,-854,8004,1302,73,-8,25,13491,1,2,-1,0,37065,118,27,65,0,0,0,0,0,0,0,0,-32310,0,0,0,0,0,47469,0
47463,-860,7988,1298,77,-4,28,13492,0,-3,-2,0,37065,118,27,65,0,0,0,0,0,0,0,0,-32310,0,0,0,0,0,47474,0
47468,-848,7984,1298,74,-9,28,13493,0,-1,-1,0,37065,117,27,65,0,0,0,0,0,0,0,0,-32311,0,0,0,0,0,47479,0
47473,-866,7986,1300,70,-9,32,13492,0,2,-4,0,37065,117,27,65,0,0,0,0,0,0,0,0,-32310,0,0,0,0,0,47484,0
47478,-880,7994,1314,70,-13,25,13492,2,0,-4,0,37066,115,27,65,0,0,0,0,0,0,0,0,-32310,0,0,0,0,0,47489,0
47483,-846,7996,1286,72,-5,28,13492,2,-2,-2,0,37066,115,27,65,0,0,0,0,0,0,0,0,-32311,0,0,0,0,0,47494,0
47488,-866,8008,1288,70,-1,30,13492,3,1,-2,0,37063,116,27,65,0,0,0,0,0,0,0,0,-32310,0,0,0,0,0,47499,0
47493,-846,7982,1286,74,-11,23,13491,-4,2,-2,0,37063,116,27,65,0,0,0,0,0,0,0,0,-32311,0,0,0,0,0,47504,0
47498,-834,7998,1298,70,-8,29,13492,2,0,-2,0,37063,117,27,65,0,0,0,0,0,0,0,0,-32310,0,0,0,0,0,47509,0
47503,-864,7982,1304,72,-3,27,13490,-9,0,-1,0,37063,117,27,65,0,0,0,0,0,0,0,0,-32310,0,0,0,0,0,47514,0
47508,-852,8002,1292,71,-7,30,13493,3,1,-2,0,37064,120,27,65,0,0,0,0,0,0,0,0,-32311,0,0,0,0,0,47519,0
47513,-862,8004,1296,77,-9,25,13492,0,-1,-1,0,37064,120,27,65,0,0,0,0,0,0,0,0,-32310,0,0,0,0,0,47524,0
47518,-854,7996,1320,73,-8,29,13492,3,3,-2,0,37068,128,27,65,0,0,0,0,0,0,0,0,-32310,0,0,0,0,0,47529,0
47523,-838,7996,1310,72,-12,28,13492,-1,-2,-3,0,37068,128,27,65,0,0,0,0,0,0,0,0,-32310,0,0,0,0,0,47534,0
47528,-834,7968,1324,72,-9,24,13492,1,2,-3,0,37067,125,27,65,0,0,0,0,0,0,0,0,-32310,0,0,0,0,0,47539,0
47533,-828,7984,1304,72,-11,21,13491,0,-1,-3,0,37067,125,27,65,0,0,0,0,0,0,0,0,-32311,0,0,0,0,0,47544,0
47538,-872,7972,1310,73,-10,27,13492,-1,-1,-1,0,37067,126,27,65,0,0,0,0,0,0,0,0,-32311,0,0,0,0,0,47549,0
47543,-844,7992,1324,65,-12,23,13492,4,2,-3,0,37067,126,27,65,0,0,0,0,0,0,0,0,-32311,0,0,0,0,0,47554,0
47548,-870,7998,1320,68,-8,25,13492,0,1,-3,0,37064,119,27,65,0,0,0,0,0,0,0,0,-32311,0,0,0,0,0,47559,0
47553,-850,7988,1298,72,-7,23,13492,0,3,-3,0,37064,119,27,65,0,0,0,0,0,0,0,0,-32311,0,0,0,0,0,47564,0
47558,-858,8000,1314,72,-3,21,13491,0,-3,0,0,37064,126,27,65,0,0,0,0,0,0,0,0,-32310,0,0,0,0,0,47569,0
47563,-846,8000,1298,73,-4,25,13491,-2,1,-2,0,37064,126,27,65,0,0,0,0,0,0,0,0,-32311,0,0,0,0,0,47574,0
47568,-858,7980,1292,70,-7,23,13491,-1,2,-2,0,37062,122,27,65,0,0,0,0,0,0,0,0,-32310,0,0,0,0,0,47579,0
47573,-858,7958,1292,63,-8,26,13492,-4,0,-2,0,37062,122,27,65,0,0,0,0,0,0,0,0,-32310,0,0,0,0,0,47584,0
47578,-858,7986,1300,68,-12,24,13492,2,3,-2,0,37063,121,27,65,0,0,0,0,0,0,0,0,-32311,0,0,0,0,0,47589,0
47583,-862,7988,1292,72,-4,22,13492,3,3,-3,0,37063,121,27,65,0,0,0,0,0,0,0,0,-32311,0,0,0,0,0,47594,0
47588,-870,8020,1308,69,-14,25,13492,3,3,-3,0,37067,126,27,65,0,0,0,0,0,0,0,0,-32311,0,0,0,0,0,47599,0
47593,-858,8012,1296,72,-10,20,13492,1,0,-2,0,37067,126,27,65,0,0,0,0,0,0,0,0,-32310,0,0,0,0,0,47604,0
47598,-852,8008,1288,69,-8,20,13493,2,3,-2,0,37068,124,27,65,0,0,0,0,0,0,0,0,-32311,0,0,0,0,0,47609,0
47603,-882,7988,1278,69,-1,22,13493,9,-2,0,0,37068,124,27,65,0,0,0,0,0,0,0,0,-32311,0,0,0,0,0,47614,0
47608,-874,7960,1284,75,-7,22,13492,0,1,-1,0,37067,124,27,65,0,0,0,0,0,0,0,0,-32310,0,0,0,0,0,47619,0
47613,-900,7986,1298,70,-13,26,13493,7,4,-1,0,37067,124,27,65,0,0,0,0,0,0,0,0,-32311,0,0,0,0,0,47624,0
47618,-860,7978,1274,71,-13,19,13492,0,-2,-2,0,37065,117,27,65,0,0,0,0,0,0,0,0,-32311,0,0,0,0,0,47629,0
47623,-882,8004,1310,68,-8,19,13491,-3,-2,-1,0,37065,117,27,65,0,0,0,0,0,0,0,0,-32311,0,0,0,0,0,47634,0
47628,-840,7980,1298,71,-11,22,13491,4,0,-2,0,37071,113,27,65,0,0,0,0,0,0,0,0,-32310,0,0,0,0,0,47639,0
47633,-838,7994,1302,69,-10,19,13492,1,1,-2,0,37071,113,27,65,0,0,0,0,0,0,0,0,-32311,0,0,0,0,0,47644,0
47638,-850,8010,1280,71,-4,19,13491,-5,1,-3,0,37069,112,27,65,0,0,0,0,0,0,0,0,-32310,0,0,0,0,0,47649,0
47643,-890,8000,1312,64,-8,24,13492,0,-2,-2,0,37069,112,27,65,0,0,0,0,0,0,0,0,-32310,0,0,0,0,0,47654,0
47648,-890,7994,1262,69,-9,27,13492,1,-1,-3,0,37069,117,27,65,0,0,0,0,0,0,0,0,-32310,0,0,0,0,0,47659,0
47653,-886,8002,1296,68,-4,24,13492,-5,0,-3,0,37069,117,27,65,0,0,0,0,0,0,0,0,-32310,0,0,0,0,0,47664,0
47658,-904,7954,1276,68,-4,21,13491,-1,-1,-1,0,37063,126,27,65,0,0,0,0,0,0,0,0,-32311,0,0,0,0,0,47669,0
47663,-876,7986,1288,68,-3,20,13492,-2,0,-3,0,37063,126,27,65,0,0,0,0,0,0,0,0,-32310,0,0,0,0,0,47674,0
47668,-874,7986,1300,65,-6,24,13491,-1,-1,-2,0,37063,127,27,65,0,0,0,0,0,0,0,0,-32310,0,0,0,0,0,47679,0
47673,-884,7996,1266,63,-8,24,13492,1,-3,-2,0,37063,127,27,65,0,0,0,0,0,0,0,0,-32311,0,0,0,0,0,47684,0
47678,-884,7992,1280,63,-10,24,13491,-2,-5,-2,0,37063,123,27,65,0,0,0,0,0,0,0,0,-32311,0,0,0,0,0,47689,0
47683,-852,7982,1280,71,-5,23,13491,-5,-4,-2,0,37063,123,27,65,0,0,0,0,0,0,0,0,-32311,0,0,0,0,0,47694,0
47688,-850,7998,1296,66,-6,26,13492,0,0,-2,0,37065,125,27,65,0,0,0,0,0,0,0,0,-32311,0,0,0,0,0,47699,0
47693,-872,7966,1312,61,-5,26,13491,-8,1,-1,0,37065,125,27,65,0,0,0,0,0,0,0,0,-32310,0,0,0,0,0,47704,0
47698,-870,7976,1298,68,-10,26,13491,0,-2,-2,0,37066,125,27,65,0,0,0,0,0,0,0,0,-32311,0,0,0,0,0,47709,0
47703,-858,7962,1274,64,-12,24,13492,5,-2,-1,0,37066,125,27,65,0,0,0,0,0,0,0,0,-32311,0,0,0,0,0,47714,0
47708,-890,7980,1312,65,-8,24,13491,-6,2,-1,0,37067,125,27,65,0,0,0,0,0,0,0,0,-32311,0,0,0,0,0,47719,0
47713,-860,7982,1308,72,-8,29,13492,5,1,-2,0,37067,125,27,65,0,0,0,0,0,0,0,0,-32311,0,0,0,0,0,47724,0
47718,-860,7984,1286,62,-11,26,13491,-3,-5,-2,0,37068,123,27,65,0,0,0,0,0,0,0,0,-32311,0,0,0,0,0,47729,0
47723,-884,7996,1302,69,-6,26,13491,-1,1,-5,0,37068,123,27,65,0,0,0,0,0,0,0,0,-32311,0,0,0,0,0,47734,0
47728,-866,7970,1298,69,-2,22,13492,8,0,-4,0,37068,130,27,65,0,0,0,0,0,0,0,0,-32310,0,0,0,0,0,47739,0
47733,-886,7982,1312,68,-7,27,13491,0,0,-2,0,37068,130,27,65,0,0,0,0,0,0,0,0,-32311,0,0,0,0,0,47744,0
47738,-858,7966,1306,70,-11,23,13493,4,6,-2,0,37068,132,27,65,0,0,0,0,0,0,0,0,-32311,0,0,0,0,0,47749,0
47743,-874,7974,1274,70,-4,36,13492,3,1,-3,0,37068,132,27,65,0,0,0,0,0,0,0,0,-32311,0,0,0,0,0,47754,0
47748,-858,7984,1320,71,-8,28,13492,0,-1,-2,0,37068,133,27,65,0,0,0,0,0,0,0,0,-32310,0,0,0,0,0,47759,0
47753,-872,7986,1302,71,-7,27,13491,1,1,0,0,37068,133,27,65,0,0,0,0,0,0,0,0,-32310,0,0,0,0,0,47764,0
47758,-872,7996,1310,68,-13,29,13492,2,0,-1,0,37068,128,27,65,0,0,0,0,0,0,0,0,-32311,0,0,0,0,0,47769,0
47763,-860,8012,1304,68,-12,24,13491,0,0,-3,0,37068,128,27,65,0,0,0,0,0,0,0,0,-32311,0,0,0,0,0,47774,0
47768,-860,7978,1290,70,-6,26,13491,5,-2,-2,0,37068,118,27,65,0,0,0,0,0,0,0,0,-32310,0,0,0,0,0,47779,0
47773,-864,7980,1282,71,-8,22,13492,0,-2,-2,0,37068,118,27,65,0,0,0,0,0,0,0,0,-32311,0,0,0,0,0,47784,0
47778,-842,7966,1296,67,-6,26,13491,-2,4,-1,0,37066,116,27,65,0,0,0,0,0,0,0,0,-32310,0,0,0,0,0,47789,0
47783,-860,7986,1276,69,-10,29,13492,3,-2,-3,0,37066,116,27,65,0,0,0,0,0,0,0,0,-32310,0,0,0,0,0,47794,0
47788,-870,7994,1274,75,-9,24,13491,-1,-4,-2,0,37065,112,27,65,0,0,0,0,0,0,0,0,-32310,0,0,0,0,0,47799,0
47793,-838,7990,1290,72,-7,28,13491,0,-6,-1,0,37065,112,27,65,0,0,0,0,0,0,0,0,-32311,0,0,0,0,0,47804,0
47798,-872,7986,1282,70,-11,31,13491,-1,1,-1,0,37066,119,27,65,0,0,0,0,0,0,0,0,-32311,0,0,0,0,0,47809,0
47803,-876,7984,1280,68,-11,27,13493,1,4,-1,0,37066,119,27,65,0,0,0,0,0,0,0,0,-32310,0,0,0,0,0,47814,0
47808,-888,7978,1290,75,-13,27,13492,0,0,-2,0,37066,124,27,65,0,0,0,0,0,0,0,0,-32310,0,0,0,0,0,47819,0
47813,-866,8000,1268,70,-6,28,13492,0,-5,-2,0,37066,124,27,65,0,0,0,0,0,0,0,0,-32310,0,0,0,0,0,47824,0
47818,-850,7976,1294,68,-10,30,13492,0,1,-3,0,37066,128,27,65,0,0,0,0,0,0,0,0,-32311,0,0,0,0,0,47829,0
47823,-832,8002,1294,68,-11,24,13491,-3,-2,-2,0,37066,128,27,65,0,0,0,0,0,0,0,0,-32310,0,0,0,0,0,47834,0
47828,-874,7970,1322,71,-8,30,13491,-4,-1,-3,0,37067,131,27,65,0,0,0,0,0,0,0,0,-32310,0,0,0,0,0,47839,0
47833,-872,7982,1296,63,-8,27,13491,-2,-2,-2,0,37067,131,27,65,0,0,0,0,0,0,0,0,-32310,0,0,0,0,0,47844,0
47838,-860,7980,1286,71,-4,29,13492,-5,-2,-3,0,37069,136,27,65,0,0,0,0,0,0,0,0,-32310,0,0,0,0,0,47849,0
47843,-840,7984,1306,67,-8,28,13492,-1,-1,-1,0,37069,136,27,65,0,0,0,0,0,0,0,0,-32310,0,0,0,0,0,47854,0
47848,-858,7966,1322,75,-6,24,13491,-6,3,-2,0,37070,130,27,65,0,0,0,0,0,0,0,0,-32311,0,0,0,0,0,47859,0
47853,-850,8002,1304,71,-7,30,13492,-1,0,-3,0,37070,130,27,65,0,0,0,0,0,0,0,0,-32311,0,0,0,0,0,47864,0
47858,-860,7992,1318,75,-9,28,13491,-7,-3,-1,0,37067,124,27,65,0,0,0,0,0,0,0,0,-32310,0,0,0,0,0,47869,0
47863,-864,7986,1324,69,-5,31,13491,-5,0,-2,0,37067,124,27,65,0,0,0,0,0,0,0,0,-32311,0,0,0,0,0,47874,0
47868,-860,7964,1318,71,-12,22,13491,-7,-3,-1,0,37066,118,27,65,0,0,0,0,0,0,0,0,-32310,0,0,0,0,0,47879,0
47873,-838,8020,1302,68,-5,30,13491,-4,0,-3,0,37066,118,27,65,0,0,0,0,0,0,0,0,-32311,0,0,0,0,0,47884,0
47878,-846,8000,1286,68,-10,26,13492,-1,2,-2,0,37074,127,27,65,0,0,0,0,0,0,0,0,-32311,0,0,0,0,0,47889,0
47883,-864,7984,1298,71,-7,25,13492,1,3,-3,0,37074,127,27,65,0,0,0,0,0,0,0,0,-32311,0,0,0,0,0,47894,0
47888,-880,7966,1316,66,-1,26,13493,4,0,-3,0,37080,132,27,65,0,0,0,0,0,0,0,0,-32311,0,0,0,0,0,47899,0
47893,-836,7996,1284,72,-2,24,13493,3,-1,-2,0,37080,132,27,65,0,0,0,0,0,0,0,0,-32311,0,0,0,0,0,47904,0
47898,-848,7988,1292,72,-9,20,13493,8,0,-1,0,37081,131,27,65,0,0,0,0,0,0,0,0,-32310,0,0,0,0,0,47909,0
47903,-876,8002,1288,72,-9,26,13491,-5,0,-1,0,37081,131,27,65,0,0,0,0,0,0,0,0,-32311,0,0,0,0,0,47914,0
47908,-848,7990,1314,71,-12,24,13492,4,0,-3,0,37076,133,27,65,0,0,0,0,0,0,0,0,-32311,0,0,0,0,0,47919,0
47913,-862,7980,1292,70,-13,22,13491,2,-4,-1,0,37076,133,27,65,0,0,0,0,0,0,0,0,-32311,0,0,0,0,0,47924,0
47918,-870,7986,1302,74,-10,25,13493,1,-1,-1,0,37066,126,27,65,0,0,0,0,0,0,0,0,-32311,0,0,0,0,0,47929,0
47923,-856,7996,1312,77,-12,18,13492,4,0,-2,0,37066,126,27,65,0,0,0,0,0,0,0,0,-32311,0,0,0,0,0,47934,0
47928,-866,7976,1312,75,-7,18,13492,3,6,-1,0,37065,127,27,65,0,0,0,0,0,0,0,0,-32311,0,0,0,0,0,47939,0
47933,-856,7984,1312,71,-10,24,13492,0,-6,-4,0,37065,127,27,65,0,0,0,0,0,0,0,0,-32311,0,0,0,0,0,47944,0
47938,-844,7986,1308,70,-10,23,13492,0,-5,-5,0,37068,124,27,65,0,0,0,0,0,0,0,0,-32310,0,0,0,0,0,47949,0
47943,-868,7984,1296,77,-7,21,13493,10,1,-3,0,37068,124,27,65,0,0,0,0,0,0,0,0,-32311,0,0,0,0,0,47954,0
47948,-862,7992,1298,70,-6,24,13491,-2,-1,-1,0,37067,121,27,65,0,0,0,0,0,0,0,0,-32311,0,0,0,0,0,47959,0
47953,-870,7982,1302,73,-5,23,13491,0,2,-1,0,37067,121,27,65,0,0,0,0,0,0,0,0,-32311,0,0,0,0,0,47964,0
47958,-838,7976,1308,80,-4,20,13491,-1,-6,0,0,37069,126,27,65,0,0,0,0,0,0,0,0,-32311,0,0,0,0,0,47969,0
47963,-856,7986,1304,71,-9,19,13491,-7,-1,-2,0,37069,126,27,65,0,0,0,0,0,0,0,0,-32311,0,0,0,0,0,47974,0
47968,-856,8004,1282,79,-4,20,13491,-1,0,-2,0,37064,130,27,65,0,0,0,0,0,0,0,0,-32311,0,0,0,0,0,47979,0
47973,-854,7972,1284,77,0,16,13491,-5,2,-3,0,37064,130,27,65,0,0,0,0,0,0,0,0,-32311,0,0,0,0,0,47984,0
47978,-866,7990,1268,75,-7,18,13491,-6,3,-1,0,37065,127,27,65,0,0,0,0,0,0,0,0,-32310,0,0,0,0,0,47989,0
47983,-860,8004,1258,74,-10,24,13492,-1,1,0,0,37065,127,27,65,0,0,0,0,0,0,0,0,-32311,0,0,0,0,0,47994,0
47988,-864,7982,1280,76,-6,19,13492,-1,3,-1,0,37066,116,27,65,0,0,0,0,0,0,0,0,-32311,0,0,0,0,0,47999,0
47993,-870,8000,1286,76,-6,22,13493,4,0,-1,0,37066,116,27,65,0,0,0,0,0,0,0,0,-32311,0,0,0,0,0,48004,0
47998,-862,7984,1262,77,-10,17,13491,-1,-2,-2,0,37066,115,27,65,0,0,0,0,0,0,0,0,-32311,0,0,0,0,0,48009,0
48003,-884,7978,1276,73,-12,23,13492,3,-3,0,0,37066,115,27,65,0,0,0,0,0,0,0,0,-32311,0,0,0,0,0,48014,0
48008,-860,7976,1328,75,-13,20,13492,1,0,-1,0,37067,114,27,65,0,0,0,0,0,0,0,0,-32311,0,0,0,0,0,48019,0
48013,-852,8000,1304,74,-13,19,13492,0,2,-2,0,37067,114,27,65,0,0,0,0,0,0,0,0,-32311,0,0,0,0,0,48024,0
48018,-856,7984,1294,76,-6,19,13492,1,-5,-3,0,37067,118,27,65,0,0,0,0,0,0,0,0,-32311,0,0,0,0,0,48029,0
48023,-868,7970,1298,72,-15,23,13491,-7,-2,-3,0,37067,118,27,65,0,0,0,0,0,0,0,0,-32311,0,0,0,0,0,48034,0
48028,-854,7988,1314,74,-6,22,13491,-1,-1,-1,0,37067,123,27,65,0,0,0,0,0,0,0,0,-32311,0,0,0,0,0,48039,0
48033,-854,7970,1316,79,-7,24,13491,0,2,-2,0,37067,123,27,65,0,0,0,0,0,0,0,0,-32310,0,0,0,0,0,48044,0
48038,-864,7962,1292,76,-8,26,13490,-4,1,0,0,37075,121,27,65,0,0,0,0,0,0,0,0,-32311,0,0,0,0,0,48049,0
48043,-852,7966,1290,75,-10,24,13493,2,1,0,0,37075,121,27,65,0,0,0,0,0,0,0,0,-32311,0,0,0,0,0,48054,0
48048,-884,8000,1268,71,0,25,13491,-2,2,-2,0,37076,122,27,65,0,0,0,0,0,0,0,0,-32310,0,0,0,0,0,48059,0
48053,-872,7998,1290,70,-5,24,13491,-5,7,-3,0,37076,122,27,65,0,0,0,0,0,0,0,0,-32311,0,0,0,0,0,48064,0
48058,-882,8002,1290,75,-8,23,13491,-4,-4,-1,0,37077,125,27,65,0,0,0,0,0,0,0,0,-32310,0,0,0,0,0,48069,0
48063,-890,8002,1278,75,-8,23,13491,-6,0,-1,0,37077,125,27,65,0,0,0,0,0,0,0,0,-32311,0,0,0,0,0,48074,0
48068,-884,7980,1282,66,-6,24,13492,3,6,-2,0,37072,127,27,65,0,0,0,0,0,0,0,0,-32311,0,0,0,0,0,48079,0
48073,-890,7976,1288,75,-9,25,13492,4,3,-2,0,37072,127,27,65,0,0,0,0,0,0,0,0,-32311,0,0,0,0,0,48084,0
48078,-876,7976,1300,73,-6,26,13492,0,0,-1,0,37064,126,27,65,0,0,0,0,0,0,0,0,-32311,0,0,0,0,0,48089,0
48083,-882,8004,1290,71,-7,25,13492,0,2,-3,0,37064,126,27,65,0,0,0,0,0,0,0,0,-32311,0,0,0,0,0,48094,0
48088,-868,8004,1308,76,-10,26,13491,5,0,-2,0,37065,126,27,65,0,0,0,0,0,0,0,0,-32312,0,0,0,0,0,48099,0
48093,-854,8000,1284,74,-11,25,13491,-2,3,0,0,37065,126,27,65,0,0,0,0,0,0,0,0,-32311,0,0,0,0,0,48104,0
48098,-856,7990,1276,79,-3,29,13492,6,1,-1,0,37069,132,27,65,0,0,0,0,0,0,0,0,-32311,0,0,0,0,0,48109,0
48103,-890,7980,1276,70,-8,27,13492,7,1,-1,0,37069,132,27,65,0,0,0,0,0,0,0,0,-32311,0,0,0,0,0,48114,0
48108,-856,7988,1284,77,-8,27,13492,0,-3,0,0,37072,130,27,65,0,0,0,0,0,0,0,0,-32311,0,0,0,0,0,48119,0
48113,-856,7984,1290,69,-7,27,13492,4,-4,-2,0,37072,130,27,65,0,0,0,0,0,0,0,0,-32310,0,0,0,0,0,48124,0
48118,-850,7984,1276,73,-6,26,13491,0,2,0,0,37068,122,27,65,0,0,0,0,0,0,0,0,-32311,0,0,0,0,0,48129,0
48123,-846,8000,1278,68,-12,33,13491,0,2,-2,0,37068,122,27,65,0,0,0,0,0,0,0,0,-32310,0,0,0,0,0,48134,0
48128,-856,7980,1282,70,-13,24,13492,-4,-4,-1,0,37065,114,27,65,0,0,0,0,0,0,0,0,-32311,0,0,0,0,0,48139,0
48133,-872,7994,1286,64,-12,28,13491,-1,0,-3,0,37065,114,27,65,0,0,0,0,0,0,0,0,-32311,0,0,0,0,0,48144,0
48138,-868,8032,1270,71,-6,27,13491,-1,-1,-2,0,37065,115,27,65,0,0,0,0,0,0,0,0,-32310,0,0,0,0,0,48149,0
48143,-866,7966,1286,71,-10,28,13491,-5,-1,-3,0,37065,115,27,65,0,0,0,0,0,0,0,0,-32311,0,0,0,0,0,48154,0
48148,-850,7980,1298,70,-4,24,13492,-1,1,-2,0,37066,126,27,65,0,0,0,0,0,0,0,0,-32310,0,0,0,0,0,48159,0
48153,-890,7986,1286,71,-13,27,13492,1,7,-1,0,37066,126,27,65,0,0,0,0,0,0,0,0,-32311,0,0,0,0,0,48164,0
48158,-866,7984,1296,74,-12,26,13491,0,4,-2,0,37065,122,27,65,0,0,0,0,0,0,0,0,-32311,0,0,0,0,0,48169,0
48163,-870,7994,1286,65,-8,28,13491,-4,0,-2,0,37065,122,27,65,0,0,0,0,0,0,0,0,-32311,0,0,0,0,0,48174,0
48168,-872,7984,1282,69,-4,29,13491,-5,3,-2,0,37065,128,27,65,0,0,0,0,0,0,0,0,-32311,0,0,0,0,0,48179,0
48173,-860,7998,1286,73,-10,30,13491,-7,3,-2,0,37065,128,27,65,0,0,0,0,0,0,0,0,-32311,0,0,0,0,0,48184,0
48178,-866,7960,1294,73,-5,30,13493,7,1,-1,0,37067,127,27,65,0,0,0,0,0,0,0,0,-32311,0,0,0,0,0,48189,0
48183,-848,7992,1280,71,-11,27,13492,-1,-3,-1,0,37067,127,27,65,0,0,0,0,0,0,0,0,-32311,0,0,0,0,0,48194,0
48188,-866,7980,1274,62,-5,26,13491,-1,3,-1,0,37067,117,27,65,0,0,0,0,0,0,0,0,-32311,0,0,0,0,0,48199,0
48193,-852,7986,1270,68,-6,25,13492,-2,0,-2,0,37067,117,27,65,0,0,0,0,0,0,0,0,-32311,0,0,0,0,0,48204,0
48198,-846,7998,1278,67,-11,26,13492,0,2,-2,0,37066,118,27,65,0,0,0,0,0,0,0,0,-32311,0,0,0,0,0,48209,0
48203,-864,7978,1294,70,-13,32,13492,2,0,-2,0,37066,118,27,65,0,0,0,0,0,0,0,0,-32310,0,0,0,0,0,48214,0
48208,-860,7972,1282,72,-6,24,13491,-2,-1,-3,0,37067,112,27,65,0,0,0,0,0,0,0,0,-32311,0,0,0,0,0,48219,0
48213,-860,8000,1266,72,-2,26,13492,1,1,-1,0,37067,112,27,65,0,0,0,0,0,0,0,0,-32311,0,0,0,0,0,48224,0
48218,-872,8002,1272,66,-7,25,13492,-1,2,-1,0,37067,115,27,65,0,0,0,0,0,0,0,0,-32311,0,0,0,0,0,48229,0
48223,-860,8006,1270,67,-11,26,13491,0,2,-1,0,37067,115,27,65,0,0,0,0,0,0,0,0,-32311,0,0,0,0,0,48234,0
48228,-866,8002,1274,70,-14,31,13492,3,-2,-2,0,37067,123,27,65,0,0,0,0,0,0,0,0,-32311,0,0,0,0,0,48239,0
48233,-850,7998,1256,63,-14,25,13492,3,-3,-3,0,37067,123,27,65,0,0,0,0,0,0,0,0,-32310,0,0,0,0,0,48244,0
48238,-860,7968,1288,70,-8,26,13491,0,1,-3,0,37067,122,27,65,0,0,0,0,0,0,0,0,-32311,0,0,0,0,0,48249,0
48243,-852,7986,1274,62,-6,23,13492,0,3,-1,0,37067,122,27,65,0,0,0,0,0,0,0,0,-32311,0,0,0,0,0,48254,0
48248,-858,7974,1262,64,-9,32,13491,7,1,0,0,37073,125,27,65,0,0,0,0,0,0,0,0,-32311,0,0,0,0,0,48259,0
48253,-856,8006,1304,64,-9,24,13492,-3,-1,-1,0,37073,125,27,65,0,0,0,0,0,0,0,0,-32311,0,0,0,0,0,48264,0
48258,-868,7978,1286,64,-12,25,13492,-5,-4,-2,0,37074,124,27,65,0,0,0,0,0,0,0,0,-32311,0,0,0,0,0,48269,0
48263,-872,8000,1288,60,-16,27,13492,2,0,-2,0,37074,124,27,65,0,0,0,0,0,0,0,0,-32310,0,0,0,0,0,48274,0
48268,-828,8004,1288,68,-9,25,13491,-2,1,-2,0,37074,117,27,65,0,0,0,0,0,0,0,0,-32310,0,0,0,0,0,48279,0
48273,-830,7990,1296,65,-5,18,13492,0,-3,-2,0,37074,117,27,65,0,0,0,0,0,0,0,0,-32310,0,0,0,0,0,48284,0
48278,-854,7996,1296,67,-8,21,13492,-3,2,-2,0,37069,118,27,65,0,0,0,0,0,0,0,0,-32310,0,0,0,0,0,48289,0
48283,-858,8020,1308,65,-9,25,13492,-2,6,-2,0,37069,118,27,65,0,0,0,0,0,0,0,0,-32311,0,0,0,0,0,48294,0
48288,-852,8010,1280,70,-10,20,13492,0,3,-2,0,37066,123,27,65,0,0,0,0,0,0,0,0,-32311,0,0,0,0,0,48299,0
48293,-856,7980,1298,68,-12,19,13492,0,0,-3,0,37066,123,27,65,0,0,0,0,0,0,0,0,-32311,0,0,0,0,0,48304,0
48298,-826,7994,1292,60,-9,23,13493,1,-1,-3,0,37065,123,27,65,0,0,0,0,0,0,0,0,-32310,0,0,0,0,0,48309,0
48303,-850,7996,1294,66,-10,22,13491,-3,-2,0,0,37065,123,27,65,0,0,0,0,0,0,0,0,-32311,0,0,0,0,0,48314,0
48308,-874,7994,1292,65,-11,19,13493,5,3,0,0,37065,129,27,65,0,0,0,0,0,0,0,0,-32310,0,0,0,0,0,48319,0
48313,-854,8000,1272,64,-8,21,13492,0,-3,-1,0,37065,129,27,65,0,0,0,0,0,0,0,0,-32311,0,0,0,0,0,48325,0
48318,-850,7996,1300,71,-10,20,13491,-4,2,-2,0,37064,127,27,65,0,0,0,0,0,0,0,0,-32311,0,0,0,0,0,48330,0
48323,-854,7988,1280,67,-13,19,13493,0,-5,-2,0,37064,127,27,65,0,0,0,0,0,0,0,0,-32310,0,0,0,0,0,48335,0
48328,-878,7978,1328,73,-10,15,13491,-1,0,-2,0,37063,128,27,65,0,0,0,0,0,0,0,0,-32311,0,0,0,0,0,48340,0
48333,-834,7994,1284,63,-7,23,13492,3,1,-3,0,37063,128,27,65,0,0,0,0,0,0,0,0,-32310,0,0,0,0,0,48345,0
48338,-832,7996,1320,66,-12,18,13492,-2,0,-2,0,37065,122,27,65,0,0,0,0,0,0,0,0,-32311,0,0,0,0,0,48350,0
48343,-878,8004,1288,64,-9,23,13492,-1,2,-3,0,37065,122,27,65,0,0,0,0,0,0,0,0,-32310,0,0,0,0,0,48355,0
48348,-892,7962,1298,65,-9,16,13492,5,2,-1,0,37068,118,27,65,0,0,0,0,0,0,0,0,-32311,0,0,0,0,0,48360,0
48353,-872,7982,1304,63,-12,18,13492,3,1,-5,0,37068,118,27,65,0,0,0,0,0,0,0,0,-32311,0,0,0,0,0,48365,0
48358,-854,7986,1296,72,-8,22,13492,8,0,-2,0,37076,123,27,65,0,0,0,0,0,0,0,0,-32311,0,0,0,0,0,48370,0
48363,-860,8000,1296,71,-7,21,13492,7,3,-2,0,37076,123,27,65,0,0,0,0,0,0,0,0,-32310,0,0,0,0,0,48375,0
48368,-876,7972,1282,72,-8,22,13492,3,1,0,0,37073,132,27,65,0,0,0,0,0,0,0,0,-32311,0,0,0,0,0,48380,0
48373,-892,7990,1288,68,-7,25,13492,1,0,-2,0,37073,132,27,65,0,0,0,0,0,0,0,0,-32311,0,0,0,0,0,48385,0
48378,-898,7970,1280,70,-6,19,13492,-1,-3,-1,0,37070,129,27,65,0,0,0,0,0,0,0,0,-32310,0,0,0,0,0,48390,0
48383,-894,7962,1294,63,-9,21,13491,-1,-1,-1,0,37070,129,27,65,0,0,0,0,0,0,0,0,-32310,0,0,0,0,0,48395,0
48388,-886,7984,1282,68,-10,25,13491,-1,1,-3,0,37066,137,27,65,0,0,0,0,0,0,0,0,-32311,0,0,0,0,0,48400,0
48393,-868,7990,1282,72,-10,25,13492,5,2,-3,0,37066,137,27,65,0,0,0,0,0,0,0,0,-32311,0,0,0,0,0,48405,0
48398,-888,7996,1310,63,-8,25,13492,-1,-1,-1,0,37068,138,27,65,0,0,0,0,0,0,0,0,-32311,0,0,0,0,0,48410,0
48403,-876,7980,1280,69,-14,24,13492,3,1,-1,0,37068,138,27,65,0,0,0,0,0,0,0,0,-32311,0,0,0,0,0,48415,0
48408,-876,7996,1278,71,-10,26,13492,-3,0,0,0,37069,132,27,65,0,0,0,0,0,0,0,0,-32311,0,0,0,0,0,48420,0
48413,-860,7976,1296,66,-10,24,13491,1,1,0,0,37069,132,27,65,0,0,0,0,0,0,0,0,-32310,0,0,0,0,0,48425,0
48418,-874,7978,1318,65,-10,24,13491,0,0,-1,0,37067,124,27,65,0,0,0,0,0,0,0,0,-32311,0,0,0,0,0,48430,0
48423,-860,7996,1300,72,-8,20,13492,2,-1,-3,0,37067,124,27,65,0,0,0,0,0,0,0,0,-32310,0,0,0,0,0,48435,0
48428,-882,7986,1312,68,-9,22,13491,-6,-1,-2,0,37068,120,27,65,0,0,0,0,0,0,0,0,-32310,0,0,0,0,0,48440,0
48433,-894,7990,1292,70,-11,26,13491,-5,2,-2,0,37068,120,27,65,0,0,0,0,0,0,0,0,-32311,0,0,0,0,0,48445,0
48438,-874,7950,1296,69,-9,27,13492,5,0,-3,0,37069,118,27,65,0,0,0,0,0,0,0,0,-32311,0,0,0,0,0,48450,0
48443,-886,7976,1312,73,-8,24,13492,-2,1,-2,0,37069,118,27,65,0,0,0,0,0,0,0,0,-32311,0,0,0,0,0,48455,0
48448,-866,7980,1300,70,-8,24,13490,-9,3,-1,0,37067,131,27,65,0,0,0,0,0,0,0,0,-32311,0,0,0,0,0,48460,0
48453,-882,7978,1326,68,-8,22,13492,1,5,-2,0,37067,131,27,65,0,0,0,0,0,0,0,0,-32310,0,0,0,0,0,48465,0
48458,-884,7988,1298,72,-12,24,13492,8,1,-2,0,37065,133,27,65,0,0,0,0,0,0,0,0,-32310,0,0,0,0,0,48470,0
48463,-884,7994,1290,69,-7,25,13491,1,5,-2,0,37065,133,27,65,0,0,0,0,0,0,0,0,-32310,0,0,0,0,0,48475,0
48468,-882,8000,1296,72,-11,26,13492,5,4,-2,0,37064,128,27,65,0,0,0,0,0,0,0,0,-32310,0,0,0,0,0,48480,0
48473,-896,7968,1306,73,-10,19,13491,-1,2,-3,0,37064,128,27,65,0,0,0,0,0,0,0,0,-32310,0,0,0,0,0,48485,0
48478,-896,7980,1284,68,-8,25,13492,-2,3,-2,0,37067,117,27,65,0,0,0,0,0,0,0,0,-32310,0,0,0,0,0,48490,0
48483,-890,7994,1304,71,-12,28,13492,0,-4,-3,0,37067,117,27,65,0,0,0,0,0,0,0,0,-32311,0,0,0,0,0,48495,0
48488,-860,7996,1298,69,-6,28,13491,-5,0,-1,0,37067,109,27,65,0,0,0,0,0,0,0,0,-32311,0,0,0,0,0,48500,0
48493,-860,7978,1308,70,-10,27,13492,0,-4,-1,0,37067,109,27,65,0,0,0,0,0,0,0,0,-32311,0,0,0,0,0,48505,0
48498,-866,7978,1282,69,-10,26,13492,0,-1,-1,0,37067,113,27,65,0,0,0,0,0,0,0,0,-32310,0,0,0,0,0,48510,0
48503,-858,7974,1308,72,-2,27,13491,-3,6,-1,0,37067,113,27,65,0,0,0,0,0,0,0,0,-32310,0,0,0,0,0,48515,0
48508,-874,7980,1282,74,-8,28,13492,4,-1,-2,0,37067,113,27,65,0,0,0,0,0,0,0,0,-32311,0,0,0,0,0,48520,0
48513,-870,7988,1294,72,-11,24,13492,-6,-1,-1,0,37067,113,27,65,0,0,0,0,0,0,0,0,-32311,0,0,0,0,0,48525,0
48518,-878,7982,1290,73,-1,29,13491,-7,-1,-2,0,37067,116,27,65,0,0,0,0,0,0,0,0,-32311,0,0,0,0,0,48530,0
48523,-852,7984,1278,74,-4,30,13491,1,-2,-4,0,37067,116,27,65,0,0,0,0,0,0,0,0,-32310,0,0,0,0,0,48535,0
48528,-864,8002,1272,71,-11,25,13491,-6,-1,-3,0,37067,118,27,65,0,0,0,0,0,0,0,0,-32311,0,0,0,0,0,48540,0
48533,-900,7994,1302,71,-12,28,13493,4,4,-4,0,37067,118,27,65,0,0,0,0,0,0,0,0,-32310,0,0,0,0,0,48545,0
48538,-874,7990,1298,75,-10,26,13492,1,1,-4,0,37068,118,27,65,0,0,0,0,0,0,0,0,-32310,0,0,0,0,0,48550,0
48543,-880,7970,1274,71,-6,27,13493,9,3,-3,0,37068,118,27,65,0,0,0,0,0,0,0,0,-32311,0,0,0,0,0,48555,0
48548,-850,8012,1292,71,-9,28,13491,-3,-3,-1,0,37067,125,27,65,0,0,0,0,0,0,0,0,-32310,0,0,0,0,0,48560,0
48553,-876,7982,1302,73,-8,30,13491,-2,1,-1,0,37067,125,27,65,0,0,0,0,0,0,0,0,-32310,0,0,0,0,0,48565,0
48558,-840,7998,1288,75,-11,32,13491,-3,-5,-2,0,37066,128,27,65,0,0,0,0,0,0,0,0,-32311,0,0,0,0,0,48570,0
48563,-850,7982,1282,70,-7,23,13491,1,-1,-2,0,37066,128,27,65,0,0,0,0,0,0,0,0,-32310,0,0,0,0,0,48575,0
48568,-862,7976,1296,77,-10,27,13491,0,0,-1,0,37067,128,27,65,0,0,0,0,0,0,0,0,-32310,0,0,0,0,0,48580,0
48573,-862,8000,1302,74,-13,30,13492,7,5,-1,0,37067,128,27,65,0,0,0,0,0,0,0,0,-32310,0,0,0,0,0,48585,0
48578,-876,7986,1302,70,-7,25,13492,3,2,-1,0,37065,129,27,65,0,0,0,0,0,0,0,0,-32311,0,0,0,0,0,48590,0
48583,-830,7992,1278,72,-10,30,13491,-4,0,-1,0,37065,129,27,65,0,0,0,0,0,0,0,0,-32310,0,0,0,0,0,48595,0
48588,-838,7988,1286,74,-8,31,13492,3,-3,-3,0,37066,136,27,65,0,0,0,0,0,0,0,0,-32310,0,0,0,0,0,48600,0
48593,-856,7976,1304,73,-3,29,13492,6,1,-3,0,37066,136,27,65,0,0,0,0,0,0,0,0,-32311,0,0,0,0,0,48605,0
48598,-856,7980,1308,72,-8,24,13492,6,0,-1,0,37065,121,27,65,0,0,0,0,0,0,0,0,-32310,0,0,0,0,0,48610,0
48603,-872,7982,1292,77,-5,27,13492,-1,2,0,0,37065,121,27,65,0,0,0,0,0,0,0,0,-32310,0,0,0,0,0,48615,0
48608,-842,7998,1302,73,-12,26,13492,-3,1,-1,0,37068,123,27,65,0,0,0,0,0,0,0,0,-32311,0,0,0,0,0,48620,0
48613,-864,7988,1290,76,-8,22,13491,-4,1,-1,0,37068,123,27,65,0,0,0,0,0,0,0,0,-32311,0,0,0,0,0,48625,0
48618,-862,7984,1278,73,-5,24,13491,1,-1,-1,0,37068,121,27,65,0,0,0,0,0,0,0,0,-32311,0,0,0,0,0,48630,0
48623,-860,7994,1268,77,-8,29,13492,-4,0,-3,0,37068,121,27,65,0,0,0,0,0,0,0,0,-32311,0,0,0,0,0,48635,0
48628,-866,7996,1296,77,-9,28,13491,0,-1,-1,0,37066,118,27,65,0,0,0,0,0,0,0,0,-32311,0,0,0,0,0,48640,0
48633,-846,7972,1286,77,-7,27,13491,-3,-2,-1,0,37066,118,27,65,0,0,0,0,0,0,0,0,-32311,0,0,0,0,0,48645,0
48638,-846,7978,1288,73,-5,28,13491,-5,3,-2,0,37064,121,27,65,0,0,0,0,0,0,0,0,-32310,0,0,0,0,0,48650,0
48643,-854,7984,1292,76,-8,22,13491,0,-1,-1,0,37064,121,27,65,0,0,0,0,0,0,0,0,-32310,0,0,0,0,0,48655,0
48648,-854,7994,1272,74,-8,30,13491,-5,-3,-2,0,37064,116,27,65,0,0,0,0,0,0,0,0,-32311,0,0,0,0,0,48660,0
48653,-840,7990,1298,75,-9,20,13492,-3,1,-1,0,37064,116,27,65,0,0,0,0,0,0,0,0,-32311,0,0,0,0,0,48665,0
48658,-860,7998,1286,67,-4,23,13491,-1,-3,-2,0,37065,125,27,65,0,0,0,0,0,0,0,0,-32311,0,0,0,0,0,48670,0
48663,-860,7982,1272,76,-5,24,13492,-4,-1,-1,0,37065,125,27,65,0,0,0,0,0,0,0,0,-32310,0,0,0,0,0,48675,0
48668,-872,8008,1272,73,-11,24,13491,0,2,-5,0,37066,126,27,65,0,0,0,0,0,0,0,0,-32311,0,0,0,0,0,48680,0
48673,-880,7988,1268,72,-9,25,13492,5,-1,-2,0,37066,126,27,65,0,0,0,0,0,0,0,0,-32311,0,0,0,0,0,48685,0
48678,-876,7988,1274,71,-9,26,13492,1,4,-2,0,37066,126,27,65,0,0,0,0,0,0,0,0,-32311,0,0,0,0,0,48690,0
48683,-890,8008,1272,74,-4,23,13492,-2,1,-1,0,37066,126,27,65,0,0,0,0,0,0,0,0,-32311,0,0,0,0,0,48695,0
48688,-856,8010,1274,67,-9,20,13494,7,7,-1,0,37067,123,27,65,0,0,0,0,0,0,0,0,-32311,0,0,0,0,0,48700,0
48693,-864,7974,1280,69,-10,19,13492,3,0,-2,0,37067,123,27,65,0,0,0,0,0,0,0,0,-32310,0,0,0,0,0,48705,0
48698,-898,8008,1288,69,-10,26,13491,-7,-4,-2,0,37069,126,27,65,0,0,0,0,0,0,0,0,-32311,0,0,0,0,0,48710,0
48703,-860,8000,1302,70,-9,24,13492,4,3,-2,0,37069,126,27,65,0,0,0,0,0,0,0,0,-32310,0,0,0,0,0,48715,0
48708,-848,7980,1284,71,-10,24,13491,0,-5,-2,0,37067,123,27,65,0,0,0,0,0,0,0,0,-32311,0,0,0,0,0,48720,0
48713,-864,7976,1312,71,-11,25,13492,-3,2,-2,0,37067,123,27,65,0,0,0,0,0,0,0,0,-32311,0,0,0,0,0,48725,0
48718,-880,7980,1286,67,-14,21,13491,0,-1,-2,0,37064,120,27,65,0,0,0,0,0,0,0,0,-32310,0,0,0,0,0,48730,0
48723,-868,7972,1310,72,-10,21,13492,5,-2,-1,0,37064,120,27,65,0,0,0,0,0,0,0,0,-32310,0,0,0,0,0,48735,0
48728,-862,7980,1298,75,-7,25,13491,-4,1,-1,0,37063,120,27,65,0,0,0,0,0,0,0,0,-32310,0,0,0,0,0,48740,0
48733,-854,7982,1314,76,-5,21,13491,-1,-4,-2,0,37063,120,27,65,0,0,0,0,0,0,0,0,-32310,0,0,0,0,0,48745,0
48738,-852,8010,1312,79,-6,27,13491,0,0,-3,0,37063,120,27,65,0,0,0,0,0,0,0,0,-32311,0,0,0,0,0,48750,0
48743,-884,7966,1322,71,-9,21,13492,0,1,-3,0,37063,120,27,65,0,0,0,0,0,0,0,0,-32311,0,0,0,0,0,48755,0
48748,-880,8000,1310,75,-6,21,13492,-3,0,-3,0,37063,127,27,65,0,0,0,0,0,0,0,0,-32311,0,0,0,0,0,48760,0
48753,-882,8016,1294,77,-7,23,13492,-1,-4,0,0,37063,127,27,65,0,0,0,0,0,0,0,0,-32311,0,0,0,0,0,48765,0
48758,-876,7968,1300,73,-7,23,13491,-1,-2,0,0,37060,122,27,65,0,0,0,0,0,0,0,0,-32310,0,0,0,0,0,48770,0
48763,-868,8000,1308,71,-8,23,13491,-3,-4,-1,0,37060,122,27,65,0,0,0,0,0,0,0,0,-32311,0,0,0,0,0,48775,0
48768,-852,7988,1284,72,-6,31,13492,2,-1,-6,0,37062,124,27,65,0,0,0,0,0,0,0,0,-32310,0,0,0,0,0,48780,0
48773,-868,8008,1292,73,-5,24,13491,0,-2,-4,0,37062,124,27,65,0,0,0,0,0,0,0,0,-32310,0,0,0,0,0,48785,0
48778,-876,7976,1266,71,-6,20,13492,-1,0,-2,0,37063,120,27,65,0,0,0,0,0,0,0,0,-32310,0,0,0,0,0,48790,0
48783,-884,7988,1284,75,-8,26,13491,0,1,-3,0,37063,120,27,65,0,0,0,0,0,0,0,0,-32310,0,0,0,0,0,48795,0
48788,-894,7996,1262,76,-8,22,13491,-2,-2,-2,0,37062,119,27,65,0,0,0,0,0,0,0,0,-32311,0,0,0,0,0,48800,0
48793,-872,7972,1256,68,-9,21,13492,0,0,-1,0,37062,119,27,65,0,0,0,0,0,0,0,0,-32310,0,0,0,0,0,48805,0
48798,-854,7982,1246,72,-12,23,13491,-2,-2,-1,0,37062,121,27,65,0,0,0,0,0,0,0,0,-32310,0,0,0,0,0,48810,0
48803,-872,7992,1254,69,-9,27,13492,0,1,-1,0,37062,121,27,65,0,0,0,0,0,0,0,0,-32310,0,0,0,0,0,48815,0
48808,-882,7988,1290,68,-5,29,13491,0,-3,-1,0,37056,131,27,65,0,0,0,0,0,0,0,0,-32311,0,0,0,0,0,48820,0
48813,-894,7984,1282,68,-9,30,13491,-7,-1,-2,0,37056,131,27,65,0,0,0,0,0,0,0,0,-32311,0,0,0,0,0,48825,0
48818,-872,7990,1262,79,-10,29,13492,3,0,-3,0,37056,130,27,65,0,0,0,0,0,0,0,0,-32310,0,0,0,0,0,48830,0
48823,-854,7988,1276,73,-8,26,13491,0,0,-3,0,37056,130,27,65,0,0,0,0,0,0,0,0,-32311,0,0,0,0,0,48835,0
48828,-880,7986,1276,73,-5,23,13491,-4,-3,-1,0,37055,114,27,65,0,0,0,0,0,0,0,0,-32311,0,0,0,0,0,48840,0
48833,-868,7976,1292,72,-5,24,13492,-1,0,-2,0,37055,114,27,65,0,0,0,0,0,0,0,0,-32310,0,0,0,0,0,48845,0
48838,-886,7976,1292,75,-10,25,13493,9,2,-2,0,37056,117,27,65,0,0,0,0,0,0,0,0,-32311,0,0,0,0,0,48850,0
48843,-872,7972,1298,75,-3,29,13492,8,1,-1,0,37056,117,27,65,0,0,0,0,0,0,0,0,-32310,0,0,0,0,0,48855,0
48848,-874,7998,1280,72,-11,30,13492,5,-1,-2,0,37060,123,27,65,0,0,0,0,0,0,0,0,-32310,0,0,0,0,0,48860,0
48853,-890,7984,1288,72,-4,30,13491,0,-1,-2,0,37060,123,27,65,0,0,0,0,0,0,0,0,-32310,0,0,0,0,0,48865,0
48858,-864,7996,1278,75,-5,26,13491,-3,-2,0,0,37063,125,27,65,0,0,0,0,0,0,0,0,-32310,0,0,0,0,0,48870,0
48863,-846,7978,1282,73,-6,27,13491,-3,-3,0,0,37063,125,27,65,0,0,0,0,0,0,0,0,-32310,0,0,0,0,0,48875,0
48868,-896,7992,1298,71,-8,28,13492,1,2,0,0,37066,118,27,65,0,0,0,0,0,0,0,0,-32310,0,0,0,0,0,48880,0
48873,-864,7986,1278,68,-7,25,13492,-2,1,-1,0,37066,118,27,65,0,0,0,0,0,0,0,0,-32310,0,0,0,0,0,48885,0
48878,-864,7968,1274,74,-8,25,13492,4,-3,-2,0,37066,122,27,65,0,0,0,0,0,0,0,0,-32311,0,0,0,0,0,48890,0
48883,-870,8004,1288,69,-6,29,13492,-3,-3,-1,0,37066,122,27,65,0,0,0,0,0,0,0,0,-32311,0,0,0,0,0,48895,0
48888,-858,8000,1256,72,-8,26,13492,6,0,-2,0,37065,130,27,65,0,0,0,0,0,0,0,0,-32311,0,0,0,0,0,48900,0
48893,-852,7986,1294,74,-7,27,13492,0,-2,-1,0,37065,130,27,65,0,0,0,0,0,0,0,0,-32311,0,0,0,0,0,48905,0
48898,-856,7978,1288,70,-11,28,13491,3,0,-1,0,37065,135,27,65,0,0,0,0,0,0,0,0,-32311,0,0,0,0,0,48910,0
48903,-830,7994,1290,72,-10,29,13492,0,-4,-1,0,37065,135,27,65,0,0,0,0,0,0,0,0,-32311,0,0,0,0,0,48915,0
48908,-842,7992,1296,72,-9,27,13491,-1,1,-1,0,37062,130,27,65,0,0,0,0,0,0,0,0,-32311,0,0,0,0,0,48920,0
48913,-872,7966,1302,73,-9,27,13492,3,-2,0,0,37062,130,27,65,0,0,0,0,0,0,0,0,-32311,0,0,0,0,0,48925,0
48918,-852,7990,1296,73,-8,27,13490,-1,3,-2,0,37062,121,27,65,0,0,0,0,0,0,0,0,-32310,0,0,0,0,0,48930,0
48923,-862,7938,1300,80,-10,24,13492,2,-5,-3,0,37062,121,27,65,0,0,0,0,0,0,0,0,-32310,0,0,0,0,0,48935,0
48928,-854,7980,1308,69,-11,26,13491,0,0,-1,0,37061,112,27,65,0,0,0,0,0,0,0,0,-32311,0,0,0,0,0,48940,0
48933,-858,7988,1302,75,-5,25,13492,1,4,-2,0,37061,112,27,65,0,0,0,0,0,0,0,0,-32310,0,0,0,0,0,48945,0
48938,-852,8002,1298,74,-5,27,13491,1,-1,-3,0,37061,112,27,65,0,0,0,0,0,0,0,0,-32311,0,0,0,0,0,48950,0
48943,-880,8006,1288,77,-6,24,13491,-5,0,-1,0,37061,112,27,65,0,0,0,0,0,0,0,0,-32311,0,0,0,0,0,48955,0
48948,-850,8024,1286,75,-6,26,13491,-5,-3,-2,0,37061,117,27,65,0,0,0,0,0,0,0,0,-32311,0,0,0,0,0,48960,0
48953,-848,7968,1292,75,-3,26,13491,-5,3,-2,0,37061,117,27,65,0,0,0,0,0,0,0,0,-32311,0,0,0,0,0,48965,0
48958,-878,7994,1282,74,-6,21,13491,-4,1,0,0,37060,124,27,65,0,0,0,0,0,0,0,0,-32310,0,0,0,0,0,48970,0
48963,-892,7978,1290,75,-1,26,13490,-5,-2,-2,0,37060,124,27,65,0,0,0,0,0,0,0,0,-32311,0,0,0,0,0,48975,0
48968,-864,7966,1264,75,-7,24,13492,-4,2,-2,0,37059,121,27,65,0,0,0,0,0,0,0,0,-32311,0,0,0,0,0,48980,0
48973,-848,8010,1252,76,-8,24,13492,1,1,-3,0,37059,121,27,65,0,0,0,0,0,0,0,0,-32311,0,0,0,0,0,48985,0
48978,-888,8012,1272,73,-10,26,13491,-3,5,-1,0,37064,115,27,65,0,0,0,0,0,0,0,0,-32310,0,0,0,0,0,48990,0
48983,-850,8002,1260,73,-9,24,13491,-2,-1,-3,0,37064,115,27,65,0,0,0,0,0,0,0,0,-32311,0,0,0,0,0,48995,0
48988,-898,7992,1268,71,-10,27,13491,0,0,-3,0,37066,119,27,65,0,0,0,0,0,0,0,0,-32310,0,0,0,0,0,49000,0
48993,-864,7996,1282,70,-9,23,13492,4,3,-2,0,37066,119,27,65,0,0,0,0,0,0,0,0,-32311,0,0,0,0,0,49005,0
48998,-872,7990,1284,69,-7,21,13492,0,-2,-2,0,37069,118,27,65,0,0,0,0,0,0,0,0,-32310,0,0,0,0,0,49010,0
49003,-860,7982,1284,78,-9,22,13492,-1,1,-2,0,37069,118,27,65,0,0,0,0,0,0,0,0,-32310,0,0,0,0,0,49015,0
49008,-866,7984,1282,79,-10,23,13492,-1,-3,-3,0,37061,117,27,65,0,0,0,0,0,0,0,0,-32311,0,0,0,0,0,49020,0
49013,-868,8002,1278,69,-5,24,13491,0,-2,-2,0,37061,117,27,65,0,0,0,0,0,0,0,0,-32310,0,0,0,0,0,49025,0
49018,-850,7984,1292,74,-7,22,13491,-3,0,-3,0,37058,115,27,65,0,0,0,0,0,0,0,0,-32311,0,0,0,0,0,49030,0
49023,-870,7994,1304,73,-8,21,13492,4,-1,-4,0,37058,115,27,65,0,0,0,0,0,0,0,0,-32311,0,0,0,0,0,49035,0
49028,-864,8012,1292,80,-4,21,13491,-2,3,-2,0,37057,120,27,65,0,0,0,0,0,0,0,0,-32310,0,0,0,0,0,49040,0
49033,-858,7976,1282,72,-6,21,13492,0,3,-2,0,37057,120,27,65,0,0,0,0,0,0,0,0,-32310,0,0,0,0,0,49045,0
49038,-842,7978,1292,73,-3,21,13492,6,-1,-2,0,37060,128,27,65,0,0,0,0,0,0,0,0,-32311,0,0,0,0,0,49050,0
49043,-870,8000,1270,68,-6,24,13492,1,7,-3,0,37060,128,27,65,0,0,0,0,0,0,0,0,-32311,0,0,0,0,0,49055,0
49048,-878,8002,1280,68,-8,21,13492,1,0,-2,0,37060,128,27,65,0,0,0,0,0,0,0,0,-32311,0,0,0,0,0,49060,0
49053,-830,7980,1256,74,-8,20,13492,1,-1,-1,0,37060,128,27,65,0,0,0,0,0,0,0,0,-32311,0,0,0,0,0,49065,0
49058,-874,8008,1266,70,-4,20,13492,3,1,-1,0,37060,135,27,65,0,0,0,0,0,0,0,0,-32311,0,0,0,0,0,49070,0
49063,-866,7982,1278,68,-12,22,13493,2,-3,-2,0,37060,135,27,65,0,0,0,0,0,0,0,0,-32311,0,0,0,0,0,49075,0
49068,-880,7986,1252,68,-10,23,13492,1,3,-1,0,37059,126,27,65,0,0,0,0,0,0,0,0,-32311,0,0,0,0,0,49080,0
49073,-872,7996,1276,71,-17,18,13492,11,3,-3,0,37059,126,27,65,0,0,0,0,0,0,0,0,-32310,0,0,0,0,0,49085,0
49078,-876,7976,1278,71,-7,20,13492,-2,-4,-3,0,37058,123,27,65,0,0,0,0,0,0,0,0,-32311,0,0,0,0,0,49090,0
49083,-878,7974,1296,70,-9,24,13492,0,-5,-4,0,37058,123,27,65,0,0,0,0,0,0,0,0,-32310,0,0,0,0,0,49094,0
49088,-860,8004,1294,68,-3,21,13492,6,1,-5,0,37062,123,27,65,0,0,0,0,0,0,0,0,-32312,0,0,0,0,0,49099,0
49093,-846,8000,1282,66,-8,21,13491,-5,2,-3,0,37062,123,27,65,0,0,0,0,0,0,0,0,-32312,0,0,0,0,0,49104,0
49098,-906,8006,1284,71,-7,17,13492,-2,-4,-2,0,37066,129,27,65,0,0,0,0,0,0,0,0,-32310,0,0,0,0,0,49109,0
49103,-858,8000,1310,65,-6,21,13492,-3,-2,-2,0,37066,129,27,66,0,0,0,0,0,0,0,0,-32311,0,0,0,0,0,49114,0
49108,-860,8004,1296,68,-6,23,13491,2,-1,-2,0,37069,126,27,66,0,0,0,0,0,0,0,0,-32311,0,0,0,0,0,49119,0
49113,-870,7974,1278,70,-9,23,13492,2,-1,-1,0,37069,126,27,66,0,0,0,0,0,0,0,0,-32310,0,0,0,0,0,49124,0
49118,-876,7978,1268,65,-12,20,13491,-4,2,-3,0,37066,123,27,66,0,0,0,0,0,0,0,0,-32311,0,0,0,0,0,49129,0
49123,-874,7984,1284,68,-8,19,13491,7,5,-2,0,37066,123,27,66,0,0,0,0,0,0,0,0,-32311,0,0,0,0,0,49134,0
49128,-850,7992,1266,68,-5,24,13492,7,-1,-2,0,37063,110,27,66,0,0,0,0,0,0,0,0,-32310,0,0,0,0,0,49139,0
49133,-878,7988,1270,71,-4,24,13491,-5,1,-2,0,37063,110,27,66,0,0,0,0,0,0,0,0,-32311,0,0,0,0,0,49144,0
49138,-866,7986,1262,72,-1,23,13493,1,-3,-3,0,37062,110,27,66,0,0,0,0,0,0,0,0,-32310,0,0,0,0,0,49149,0
49143,-894,7998,1236,69,-4,20,13491,0,1,-2,0,37062,110,27,66,0,0,0,0,0,0,0,0,-32311,0,0,0,0,0,49154,0
49148,-882,8012,1242,65,-7,25,13492,0,0,-3,0,37062,110,27,66,0,0,0,0,0,0,0,0,-32311,0,0,0,0,0,49159,0
49153,-876,7994,1246,74,-8,26,13492,0,-5,-1,0,37062,110,27,66,0,0,0,0,0,0,0,0,-32310,0,0,0,0,0,49164,0
49158,-882,8010,1254,63,-5,26,13491,1,4,0,0,37071,117,27,66,0,0,0,0,0,0,0,0,-32311,0,0,0,0,0,49169,0
49163,-882,8000,1256,60,-9,23,13491,-2,0,0,0,37071,117,27,66,0,0,0,0,0,0,0,0,-32310,0,0,0,0,0,49174,0
49168,-892,7984,1262,62,-12,28,13493,0,-5,-2,0,37078,125,27,66,0,0,0,0,0,0,0,0,-32311,0,0,0,0,0,49179,0
49173,-874,7996,1276,63,-12,24,13493,11,7,-2,0,37078,125,27,66,0,0,0,0,0,0,0,0,-32310,0,0,0,0,0,49184,0
49178,-878,8004,1272,64,-10,25,13492,5,1,-2,0,37089,130,27,66,0,0,0,0,0,0,0,0,-32310,0,0,0,0,0,49189,0
49183,-868,8006,1272,67,-10,27,13491,-5,-2,-3,0,37089,130,27,66,0,0,0,0,0,0,0,0,-32310,0,0,0,0,0,49194,0
49188,-884,7986,1302,60,-14,27,13492,1,-3,-2,0,37084,124,27,66,0,0,0,0,0,0,0,0,-32310,0,0,0,0,0,49199,0
49193,-878,7968,1300,68,-10,26,13492,0,0,-4,0,37084,124,27,66,0,0,0,0,0,0,0,0,-32311,0,0,0,0,0,49204,0
49198,-848,7988,1302,64,-6,28,13491,1,2,-1,0,37083,126,27,66,0,0,0,0,0,0,0,0,-32311,0,0,0,0,0,49209,0
49203,-852,7990,1324,65,-13,25,13491,-1,-1,-1,0,37083,126,27,66,0,0,0,0,0,0,0,0,-32311,0,0,0,0,0,49214,0
49208,-864,7964,1306,71,-6,26,13492,3,2,-2,0,37070,124,27,66,0,0,0,0,0,0,0,0,-32310,0,0,0,0,0,49219,0
49213,-872,7976,1318,62,-5,26,13491,-4,1,-1,0,37070,124,27,66,0,0,0,0,0,0,0,0,-32311,0,0,0,0,0,49224,0
49218,-868,7996,1286,66,-6,32,13490,-3,3,-2,0,37070,122,27,66,0,0,0,0,0,0,0,0,-32311,0,0,0,0,0,49229,0
49223,-856,7996,1300,66,-2,29,13491,0,-2,-3,0,37070,122,27,66,0,0,0,0,0,0,0,0,-32310,0,0,0,0,0,49234,0
49228,-850,7972,1288,66,-9,35,13491,-7,3,-3,0,37061,124,27,66,0,0,0,0,0,0,0,0,-32311,0,0,0,0,0,49239,0
49233,-864,7966,1304,70,-2,24,13492,2,2,-2,0,37061,124,27,66,0,0,0,0,0,0,0,0,-32311,0,0,0,0,0,49244,0
49238,-904,7992,1276,67,-8,26,13491,0,2,-2,0,37061,125,27,66,0,0,0,0,0,0,0,0,-32311,0,0,0,0,0,49249,0
49243,-856,7996,1294,70,-7,27,13492,4,2,-1,0,37061,125,27,66,0,0,0,0,0,0,0,0,-32310,0,0,0,0,0,49254,0
49248,-856,7994,1274,67,-5,25,13492,2,0,-2,0,37061,125,27,66,0,0,0,0,0,0,0,0,-32311,0,0,0,0,0,49259,0
49253,-860,7976,1274,63,-9,25,13490,-10,4,-3,0,37061,125,27,66,0,0,0,0,0,0,0,0,-32311,0,0,0,0,0,49264,0
49258,-866,7994,1290,71,-12,29,13492,0,-3,-1,0,37061,125,27,66,0,0,0,0,0,0,0,0,-32311,0,0,0,0,0,49269,0
49263,-858,8024,1286,66,-11,25,13493,5,1,-1,0,37061,125,27,66,0,0,0,0,0,0,0,0,-32310,0,0,0,0,0,49274,0
49268,-876,7988,1292,71,-12,27,13490,-8,1,-1,0,37061,118,27,66,0,0,0,0,0,0,0,0,-32311,0,0,0,0,0,49279,0
49273,-870,7990,1282,68,-11,28,13491,-3,-1,-2,0,37061,118,27,66,0,0,0,0,0,0,0,0,-32311,0,0,0,0,0,49284,0
49278,-888,7996,1300,70,-5,24,13491,-1,-1,-3,0,37060,117,27,66,0,0,0,0,0,0,0,0,-32311,0,0,0,0,0,49289,0
49283,-860,7976,1286,70,-10,30,13492,4,4,-3,0,37060,117,27,66,0,0,0,0,0,0,0,0,-32311,0,0,0,0,0,49294,0
49288,-876,7992,1296,65,-8,29,13491,0,2,-2,0,37062,121,27,66,0,0,0,0,0,0,0,0,-32311,0,0,0,0,0,49299,0
49293,-866,8004,1262,69,-8,29,13492,0,3,-4,0,37062,121,27,66,0,0,0,0,0,0,0,0,-32311,0,0,0,0,0,49304,0
49298,-842,7966,1266,74,-8,26,13491,-4,1,-4,0,37065,120,27,66,0,0,0,0,0,0,0,0,-32311,0,0,0,0,0,49309,0
49303,-840,7974,1298,65,-10,25,13493,5,3,-1,0,37065,120,27,66,0,0,0,0,0,0,0,0,-32311,0,0,0,0,0,49314,0
49308,-886,7998,1294,71,-7,26,13491,2,2,-1,0,37063,123,27,66,0,0,0,0,0,0,0,0,-32311,0,0,0,0,0,49319,0
49313,-852,7982,1284,68,-9,27,13491,-3,2,0,0,37063,123,27,66,0,0,0,0,0,0,0,0,-32310,0,0,0,0,0,49325,0
49318,-862,8002,1282,71,-8,28,13491,0,-2,-1,0,37061,125,27,66,0,0,0,0,0,0,0,0,-32311,0,0,0,0,0,49330,0
49323,-876,7988,1270,68,-11,29,13491,-3,4,-2,0,37061,125,27,66,0,0,0,0,0,0,0,0,-32311,0,0,0,0,0,49335,0
49328,-864,7974,1296,73,-9,22,13493,3,5,-1,0,37057,127,27,66,0,0,0,0,0,0,0,0,-32310,0,0,0,0,0,49340,0
49333,-882,7986,1268,72,-7,27,13492,2,0,-3,0,37057,127,27,66,0,0,0,0,0,0,0,0,-32310,0,0,0,0,0,49345,0
49338,-850,7978,1286,70,-12,27,13492,9,1,-1,0,37058,133,27,66,0,0,0,0,0,0,0,0,-32311,0,0,0,0,0,49350,0
49343,-852,7994,1280,66,-8,24,13493,8,-1,-1,0,37058,133,27,66,0,0,0,0,0,0,0,0,-32311,0,0,0,0,0,49355,0
49348,-860,7970,1286,67,-11,26,13492,-2,0,-1,0,37059,131,27,66,0,0,0,0,0,0,0,0,-32311,0,0,0,0,0,49360,0
49353,-866,8002,1296,73,-8,24,13492,-5,-2,-2,0,37059,131,27,66,0,0,0,0,0,0,0,0,-32311,0,0,0,0,0,49365,0
49358,-860,7998,1290,70,-10,21,13492,-2,-4,-2,0,37061,131,27,66,0,0,0,0,0,0,0,0,-32311,0,0,0,0,0,49370,0
49363,-866,8002,1280,70,-16,21,13492,0,-2,-2,0,37061,131,27,66,0,0,0,0,0,0,0,0,-32311,0,0,0,0,0,49375,0
49368,-872,7990,1270,70,-8,21,13491,-2,-1,-1,0,37064,123,27,66,0,0,0,0,0,0,0,0,-32311,0,0,0,0,0,49380,0
49373,-864,7986,1266,70,-9,19,13491,0,-2,-1,0,37064,123,27,66,0,0,0,0,0,0,0,0,-32311,0,0,0,0,0,49385,0
49378,-878,7996,1284,71,-14,25,13491,-4,-1,-2,0,37064,123,27,66,0,0,0,0,0,0,0,0,-32310,0,0,0,0,0,49390,0
49383,-844,8018,1296,66,-5,27,13492,-2,2,-3,0,37064,123,27,66,0,0,0,0,0,0,0,0,-32310,0,0,0,0,0,49395,0
49388,-872,7986,1286,68,-10,20,13492,4,2,-3,0,37063,121,27,66,0,0,0,0,0,0,0,0,-32310,0,0,0,0,0,49400,0
49393,-874,7974,1278,70,-8,23,13492,-2,-1,-3,0,37063,121,27,66,0,0,0,0,0,0,0,0,-32311,0,0,0,0,0,49405,0
49398,-856,8000,1288,67,-14,24,13492,4,-1,-3,0,37061,134,27,66,0,0,0,0,0,0,0,0,-32311,0,0,0,0,0,49410,0
49403,-878,7996,1306,69,-11,22,13491,1,1,-2,0,37061,134,27,66,0,0,0,0,0,0,0,0,-32311,0,0,0,0,0,49415,0
49408,-854,7986,1278,67,-12,23,13491,1,1,-2,0,37061,128,27,66,0,0,0,0,0,0,0,0,-32311,0,0,0,0,0,49420,0
49413,-834,8004,1292,66,-9,24,13491,-3,-6,-2,0,37061,128,27,66,0,0,0,0,0,0,0,0,-32311,0,0,0,0,0,49425,0
49418,-856,7978,1272,71,-4,26,13491,-6,3,-1,0,37061,131,27,66,0,0,0,0,0,0,0,0,-32310,0,0,0,0,0,49430,0
49423,-882,7970,1274,62,-4,27,13491,-8,2,-1,0,37061,131,27,66,0,0,0,0,0,0,0,0,-32310,0,0,0,0,0,49435,0
49428,-870,8018,1278,67,-9,26,13491,-3,2,0,0,37062,119,27,66,0,0,0,0,0,0,0,0,-32311,0,0,0,0,0,49440,0
49433,-866,7984,1264,67,-7,25,13492,0,0,-1,0,37062,119,27,66,0,0,0,0,0,0,0,0,-32310,0,0,0,0,0,49445,0
49438,-874,7998,1268,68,-8,25,13491,-4,3,-1,0,37061,118,27,66,0,0,0,0,0,0,0,0,-32311,0,0,0,0,0,49450,0
49443,-854,7980,1268,68,-11,22,13491,2,5,-2,0,37061,118,27,66,0,0,0,0,0,0,0,0,-32310,0,0,0,0,0,49455,0
49448,-856,7980,1284,68,-16,24,13491,-5,3,-3,0,37062,113,27,66,0,0,0,0,0,0,0,0,-32311,0,0,0,0,0,49460,0
49453,-862,7974,1274,67,-7,25,13492,3,1,-2,0,37062,113,27,66,0,0,0,0,0,0,0,0,-32311,0,0,0,0,0,49465,0
49458,-856,7978,1304,66,-8,21,13492,1,3,-2,0,37061,114,27,66,0,0,0,0,0,0,0,0,-32310,0,0,0,0,0,49470,0
49463,-844,7986,1264,72,-14,23,13492,1,4,-2,0,37061,114,27,66,0,0,0,0,0,0,0,0,-32310,0,0,0,0,0,49475,0
49468,-874,7982,1284,64,-6,19,13491,0,-1,-2,0,37060,120,27,66,0,0,0,0,0,0,0,0,-32311,0,0,0,0,0,49480,0
49473,-862,7984,1290,70,-11,23,13492,-4,-1,-2,0,37060,120,27,66,0,0,0,0,0,0,0,0,-32310,0,0,0,0,0,49485,0
49478,-854,7984,1294,66,-10,23,13491,-4,-3,-3,0,37059,134,27,66,0,0,0,0,0,0,0,0,-32310,0,0,0,0,0,49490,0
49483,-864,7994,1308,70,-9,24,13492,5,1,-3,0,37059,134,27,66,0,0,0,0,0,0,0,0,-32310,0,0,0,0,0,49495,0
49488,-844,7966,1276,69,-9,27,13491,0,-1,-3,0,37059,128,27,66,0,0,0,0,0,0,0,0,-32311,0,0,0,0,0,49500,0
49493,-888,8006,1286,67,-9,21,13492,-2,-1,0,0,37059,128,27,66,0,0,0,0,0,0,0,0,-32310,0,0,0,0,0,49505,0
49498,-864,7990,1272,68,-6,22,13491,-5,-2,0,0,37060,121,27,66,0,0,0,0,0,0,0,0,-32311,0,0,0,0,0,49510,0
49503,-836,7976,1286,65,-9,25,13492,3,1,-1,0,37060,121,27,66,0,0,0,0,0,0,0,0,-32310,0,0,0,0,0,49515,0
49508,-868,7988,1272,68,-8,25,13492,1,-1,-1,0,37064,122,27,66,0,0,0,0,0,0,0,0,-32311,0,0,0,0,0,49520,0
49513,-876,7994,1276,72,-3,27,13491,-1,1,-2,0,37064,122,27,66,0,0,0,0,0,0,0,0,-32310,0,0,0,0,0,49525,0
49518,-864,8004,1256,66,-13,21,13492,0,-1,-2,0,37066,124,27,66,0,0,0,0,0,0,0,0,-32311,0,0,0,0,0,49530,0
49523,-840,7984,1296,69,-9,25,13491,-3,-5,-2,0,37066,124,27,66,0,0,0,0,0,0,0,0,-32311,0,0,0,0,0,49535,0
49528,-856,7978,1298,66,-8,25,13493,1,3,0,0,37063,129,27,66,0,0,0,0,0,0,0,0,-32310,0,0,0,0,0,49540,0
49533,-872,7988,1294,70,-5,26,13492,-1,-1,-2,0,37063,129,27,66,0,0,0,0,0,0,0,0,-32311,0,0,0,0,0,49545,0
49538,-860,8006,1288,68,-9,21,13491,0,-2,-2,0,37063,130,27,66,0,0,0,0,0,0,0,0,-32311,0,0,0,0,0,49550,0
49543,-880,7982,1312,71,-10,19,13492,0,0,-1,0,37063,130,27,66,0,0,0,0,0,0,0,0,-32310,0,0,0,0,0,49555,0
49548,-866,7978,1308,70,-9,20,13492,-1,3,-2,0,37064,129,27,66,0,0,0,0,0,0,0,0,-32311,0,0,0,0,0,49560,0
49553,-858,7952,1306,72,-12,26,13491,-1,0,-2,0,37064,129,27,66,0,0,0,0,0,0,0,0,-32310,0,0,0,0,0,49565,0
49558,-866,7992,1274,71,-9,23,13492,1,-2,-2,0,37063,130,27,66,0,0,0,0,0,0,0,0,-32311,0,0,0,0,0,49570,0
49563,-870,7996,1286,72,-9,22,13492,2,1,-1,0,37063,130,27,66,0,0,0,0,0,0,0,0,-32310,0,0,0,0,0,49575,0
49568,-842,7974,1298,76,-9,21,13492,4,0,-1,0,37061,126,27,66,0,0,0,0,0,0,0,0,-32311,0,0,0,0,0,49580,0
49573,-862,7972,1284,75,-9,21,13491,-3,0,-2,0,37061,126,27,66,0,0,0,0,0,0,0,0,-32310,0,0,0,0,0,49585,0
49578,-884,7984,1280,75,-5,26,13492,-1,1,-3,0,37057,122,27,66,0,0,0,0,0,0,0,0,-32310,0,0,0,0,0,49590,0
49583,-862,7960,1284,69,-12,25,13491,-5,-2,-3,0,37057,122,27,66,0,0,0,0,0,0,0,0,-32310,0,0,0,0,0,49595,0
49588,-880,8002,1292,67,-14,25,13491,-5,1,-2,0,37057,126,27,66,0,0,0,0,0,0,0,0,-32311,0,0,0,0,0,49600,0
49593,-862,7976,1288,71,-7,22,13491,-3,-1,-2,0,37057,126,27,66,0,0,0,0,0,0,0,0,-32310,0,0,0,0,0,49605,0
49598,-876,7986,1290,76,-7,24,13492,-2,1,-3,0,37056,125,27,66,0,0,0,0,0,0,0,0,-32310,0,0,0,0,0,49610,0
49603,-872,7960,1296,76,-6,25,13493,0,1,0,0,37056,125,27,66,0,0,0,0,0,0,0,0,-32310,0,0,0,0,0,49615,0
49608,-860,7964,1302,75,-11,27,13493,7,0,0,0,37057,121,27,66,0,0,0,0,0,0,0,0,-32311,0,0,0,0,0,49620,0
49613,-854,7986,1316,71,-10,25,13491,-1,-2,-1,0,37057,121,27,66,0,0,0,0,0,0,0,0,-32310,0,0,0,0,0,49625,0
49618,-870,7990,1292,77,-10,26,13492,3,4,-2,0,37058,124,27,66,0,0,0,0,0,0,0,0,-32310,0,0,0,0,0,49630,0
49623,-872,7990,1286,79,-6,22,13493,2,3,-2,0,37058,124,27,66,0,0,0,0,0,0,0,0,-32311,0,0,0,0,0,49635,0
49628,-854,7984,1280,74,-9,22,13492,3,0,0,0,37063,116,27,66,0,0,0,0,0,0,0,0,-32310,0,0,0,0,0,49640,0
49633,-850,8000,1298,78,-10,20,13492,7,0,-2,0,37063,116,27,66,0,0,0,0,0,0,0,0,-32310,0,0,0,0,0,49645,0
49638,-846,8004,1274,83,-9,28,13492,1,4,-3,0,37062,112,27,66,0,0,0,0,0,0,0,0,-32311,0,0,0,0,0,49650,0
49643,-862,8004,1282,75,-5,24,13491,-9,2,-2,0,37062,112,27,66,0,0,0,0,0,0,0,0,-32311,0,0,0,0,0,49655,0
49648,-870,7978,1272,73,-10,25,13491,0,-1,-3,0,37057,115,27,66,0,0,0,0,0,0,0,0,-32311,0,0,0,0,0,49660,0
49653,-878,8004,1282,80,-9,24,13491,-3,-6,-2,0,37057,115,27,66,0,0,0,0,0,0,0,0,-32310,0,0,0,0,0,49665,0
49658,-858,7996,1260,85,-9,24,13491,-5,-1,-1,0,37054,120,27,66,0,0,0,0,0,0,0,0,-32310,0,0,0,0,0,49670,0
49663,-874,7984,1276,74,-7,20,13492,4,3,-2,0,37054,120,27,66,0,0,0,0,0,0,0,0,-32311,0,0,0,0,0,49675,0
49668,-882,7990,1250,77,-5,30,13492,-4,-1,-2,0,37054,129,27,66,0,0,0,0,0,0,0,0,-32311,0,0,0,0,0,49680,0
49673,-886,8006,1262,74,-9,27,13492,-3,-1,-2,0,37054,129,27,66,0,0,0,0,0,0,0,0,-32310,0,0,0,0,0,49685,0
49678,-888,7986,1274,78,-9,21,13492,6,-1,-2,0,37054,131,27,66,0,0,0,0,0,0,0,0,-32310,0,0,0,0,0,49690,0
49683,-880,7970,1282,77,-5,25,13491,0,-4,-2,0,37054,131,27,66,0,0,0,0,0,0,0,0,-32310,0,0,0,0,0,49695,0
49688,-864,7966,1284,71,-9,27,13492,0,0,-3,0,37056,128,27,66,0,0,0,0,0,0,0,0,-32311,0,0,0,0,0,49700,0
49693,-870,7992,1280,79,-8,25,13491,0,0,-2,0,37056,128,27,66,0,0,0,0,0,0,0,0,-32310,0,0,0,0,0,49705,0
49698,-868,7976,1284,86,-8,27,13491,-5,-4,0,0,37054,129,27,66,0,0,0,0,0,0,0,0,-32311,0,0,0,0,0,49710,0
49703,-862,8010,1300,76,-14,23,13492,0,3,-1,0,37054,129,27,66,0,0,0,0,0,0,0,0,-32310,0,0,0,0,0,49715,0
49708,-864,7980,1284,71,-12,25,13492,5,-2,0,0,37056,130,27,66,0,0,0,0,0,0,0,0,-32310,0,0,0,0,0,49720,0
49713,-852,7970,1300,82,-3,24,13492,6,0,1,0,37056,130,27,66,0,0,0,0,0,0,0,0,-32310,0,0,0,0,0,49725,0
49718,-878,7988,1286,82,-7,25,13493,6,6,0,0,37060,126,27,66,0,0,0,0,0,0,0,0,-32310,0,0,0,0,0,49730,0
49723,-854,7982,1290,76,-11,31,13491,0,2,-2,0,37060,126,27,66,0,0,0,0,0,0,0,0,-32310,0,0,0,0,0,49735,0
49728,-850,8004,1308,82,-7,28,13492,-2,3,-1,0,37060,134,27,66,0,0,0,0,0,0,0,0,-32310,0,0,0,0,0,49740,0
49733,-872,8002,1284,80,-9,30,13492,3,2,-2,0,37060,134,27,66,0,0,0,0,0,0,0,0,-32310,0,0,0,0,0,49745,0
49738,-878,7980,1292,81,-8,26,13492,3,-3,-3,0,37060,136,27,66,0,0,0,0,0,0,0,0,-32311,0,0,0,0,0,49750,0
49743,-892,7998,1300,79,-8,30,13492,2,3,-2,0,37060,136,27,66,0,0,0,0,0,0,0,0,-32311,0,0,0,0,0,49755,0
49748,-854,7994,1290,84,-7,25,13492,0,0,-1,0,37056,128,27,66,0,0,0,0,0,0,0,0,-32311,0,0,0,0,0,49760,0
49753,-856,7996,1298,80,-13,30,13491,-5,-1,0,0,37056,128,27,66,0,0,0,0,0,0,0,0,-32311,0,0,0,0,0,49765,0
49758,-870,8008,1298,87,-9,25,13491,1,-2,0,0,37055,125,27,66,0,0,0,0,0,0,0,0,-32310,0,0,0,0,0,49770,0
49763,-858,7974,1298,84,-1,28,13491,-3,-5,-2,0,37055,125,27,66,0,0,0,0,0,0,0,0,-32310,0,0,0,0,0,49775,0
49768,-878,7998,1290,84,-3,25,13491,-7,0,-1,0,37055,126,27,66,0,0,0,0,0,0,0,0,-32311,0,0,0,0,0,49780,0
49773,-904,7994,1268,85,-10,27,13491,1,-4,-1,0,37055,126,27,66,0,0,0,0,0,0,0,0,-32311,0,0,0,0,0,49785,0
49778,-882,7962,1280,83,-5,30,13491,-1,-5,-1,0,37055,134,27,66,0,0,0,0,0,0,0,0,-32311,0,0,0,0,0,49790,0
49783,-866,7986,1270,90,-3,29,13492,3,5,-2,0,37055,134,27,66,0,0,0,0,0,0,0,0,-32311,0,0,0,0,0,49795,0
49788,-890,7986,1278,87,-5,28,13492,1,1,-1,0,37056,126,27,66,0,0,0,0,0,0,0,0,-32311,0,0,0,0,0,49800,0
49793,-880,8008,1266,88,-8,27,13492,-1,2,-1,0,37056,126,27,66,0,0,0,0,0,0,0,0,-32310,0,0,0,0,0,49805,0
49798,-890,7968,1258,83,-2,24,13491,-4,-2,-2,0,37056,120,27,66,0,0,0,0,0,0,0,0,-32311,0,0,0,0,0,49810,0
49803,-868,8008,1260,88,-6,33,13493,5,2,-1,0,37056,120,27,66,0,0,0,0,0,0,0,0,-32311,0,0,0,0,0,49815,0
49808,-862,8008,1252,86,-3,24,13492,2,-2,0,0,37056,119,27,66,0,0,0,0,0,0,0,0,-32311,0,0,0,0,0,49820,0
49813,-854,7986,1246,80,-9,26,13492,1,3,-2,0,37056,119,27,66,0,0,0,0,0,0,0,0,-32310,0,0,0,0,0,49825,0
49818,-862,7996,1264,84,-8,30,13492,0,3,-3,0,37054,125,27,66,0,0,0,0,0,0,0,0,-32311,0,0,0,0,0,49830,0
49823,-854,7996,1280,81,-7,29,13492,0,2,-1,0,37054,125,27,66,0,0,0,0,0,0,0,0,-32311,0,0,0,0,0,49835,0
49828,-856,8002,1258,85,-9,27,13492,6,-2,0,0,37053,120,27,66,0,0,0,0,0,0,0,0,-32311,0,0,0,0,0,49840,0
49833,-858,7976,1282,82,-16,25,13493,4,1,-2,0,37053,120,27,66,0,0,0,0,0,0,0,0,-32310,0,0,0,0,0,49845,0
49838,-862,7990,1282,84,-6,27,13492,4,2,-2,0,37053,120,27,66,0,0,0,0,0,0,0,0,-32311,0,0,0,0,0,49850,0
49843,-858,7992,1304,88,-9,25,13492,0,-1,-1,0,37053,120,27,66,0,0,0,0,0,0,0,0,-32311,0,0,0,0,0,49855,0
49848,-858,8010,1314,87,-7,26,13492,-1,-5,-1,0,37054,126,27,66,0,0,0,0,0,0,0,0,-32311,0,0,0,0,0,49860,0
49853,-870,7980,1312,88,-5,28,13492,4,-3,-2,0,37054,126,27,66,0,0,0,0,0,0,0,0,-32310,0,0,0,0,0,49865,0
49858,-864,7978,1300,89,-8,27,13492,0,2,-1,0,37056,133,27,66,0,0,0,0,0,0,0,0,-32311,0,0,0,0,0,49870,0
49863,-876,7968,1306,89,-6,27,13492,1,-4,-1,0,37056,133,27,66,0,0,0,0,0,0,0,0,-32310,0,0,0,0,0,49875,0
49868,-848,7974,1316,91,-10,29,13492,0,0,-1,0,37057,135,27,66,0,0,0,0,0,0,0,0,-32310,0,0,0,0,0,49880,0
49873,-846,7988,1294,88,0,21,13490,-12,-1,0,0,37057,135,27,66,0,0,0,0,0,0,0,0,-32311,0,0,0,0,0,49885,0
49878,-844,7976,1324,92,-5,27,13491,0,-2,-1,0,37059,130,27,66,0,0,0,0,0,0,0,0,-32311,0,0,0,0,0,49890,0
49883,-816,8002,1302,100,-7,26,13491,3,2,-2,0,37059,130,27,66,0,0,0,0,0,0,0,0,-32311,0,0,0,0,0,49895,0
49888,-834,7990,1304,99,1,19,13491,0,4,-1,0,37060,121,27,66,0,0,0,0,0,0,0,0,-32311,0,0,0,0,0,49900,0
49893,-820,7986,1294,101,-7,23,13492,-2,0,-1,0,37060,121,27,66,0,0,0,0,0,0,0,0,-32310,0,0,0,0,0,49905,0
49898,-816,7990,1330,99,-11,23,13492,-2,3,-1,0,37057,124,27,66,0,0,0,0,0,0,0,0,-32311,0,0,0,0,0,49910,0
49903,-844,8010,1300,102,-4,20,13491,-2,-2,-1,0,37057,124,27,66,0,0,0,0,0,0,0,0,-32310,0,0,0,0,0,49915,0
49908,-848,7980,1308,104,-4,16,13490,-2,-2,0,0,37055,122,27,66,0,0,0,0,0,0,0,0,-32310,0,0,0,0,0,49920,0
49913,-836,7976,1296,101,-4,20,13493,4,-4,-1,0,37055,122,27,66,0,0,0,0,0,0,0,0,-32310,0,0,0,0,0,49925,0
49918,-840,7966,1310,109,-4,17,13491,-5,5,-3,0,37054,130,27,66,0,0,0,0,0,0,0,0,-32311,0,0,0,0,0,49930,0
49923,-812,7968,1308,104,-3,15,13492,-1,4,-1,0,37054,130,27,66,0,0,0,0,0,0,0,0,-32310,0,0,0,0,0,49935,0
49928,-832,8002,1284,105,-4,15,13491,-1,-5,-4,0,37056,125,27,66,0,0,0,0,0,0,0,0,-32311,0,0,0,0,0,49940,0
49933,-824,8030,1266,109,-3,17,13491,-4,-3,-5,0,37056,125,27,66,0,0,0,0,0,0,0,0,-32310,0,0,0,0,0,49945,0
49938,-838,7996,1274,102,4,12,13491,-3,0,-2,0,37058,110,27,66,0,0,0,0,0,0,0,0,-32311,0,0,0,0,0,49950,0
49943,-836,7988,1270,110,2,13,13492,5,0,-1,0,37058,110,27,66,0,0,0,0,0,0,0,0,-32311,0,0,0,0,0,49955,0
49948,-842,7990,1242,103,2,9,13493,7,0,-3,0,37057,114,27,66,0,0,0,0,0,0,0,0,-32311,0,0,0,0,0,49960,0
49953,-836,8002,1246,105,1,10,13491,0,2,-1,0,37057,114,27,66,0,0,0,0,0,0,0,0,-32311,0,0,0,0,0,49965,0
49958,-848,8010,1228,106,-2,8,13492,7,-3,0,0,37057,117,27,66,0,0,0,0,0,0,0,0,-32310,0,0,0,0,0,49970,0
49963,-846,8034,1220,107,3,6,13491,-2,-3,-2,0,37057,117,27,66,0,0,0,0,0,0,0,0,-32310,0,0,0,0,0,49975,0
49968,-868,8004,1196,103,-3,6,13492,-2,0,-1,0,37054,127,27,66,0,0,0,0,0,0,0,0,-32311,0,0,0,0,0,49980,0
49973,-870,8012,1180,102,-6,8,13492,-4,-4,0,0,37054,127,27,66,0,0,0,0,0,0,0,0,-32310,0,0,0,0,0,49985,0
49978,-874,8020,1176,99,-7,7,13492,2,1,-1,0,37056,120,27,66,0,0,0,0,0,0,0,0,-32311,0,0,0,0,0,49990,0
49983,-912,8030,1182,98,-9,5,13492,1,-6,-2,0,37056,120,27,66,0,0,0,0,0,0,0,0,-32311,0,0,0,0,0,49995,0
49988,-888,8026,1202,98,-3,14,13492,1,1,-2,0,37057,117,27,66,0,0,0,0,0,0,0,0,-32311,0,0,0,0,0,50000,0
49993,-868,8030,1168,93,0,9,13493,7,1,-4,0,37057,117,27,66,0,0,0,0,0,0,0,0,-32311,0,0,0,0,0,50005,0
49998,-888,8022,1188,90,-8,15,13491,-1,-2,-3,0,37055,119,27,66,0,0,0,0,0,0,0,0,-32310,0,0,0,0,0,50010,0
50003,-894,8028,1178,91,-8,9,13492,0,0,-2,0,37055,119,27,66,0,0,0,0,0,0,0,0,-32310,0,0,0,0,0,50015,0
50008,-886,7998,1194,90,-10,14,13491,4,0,-1,0,37054,120,27,66,0,0,0,0,0,0,0,0,-32311,0,0,0,0,0,50020,0
50013,-914,8010,1186,88,-12,8,13492,5,2,-2,0,37054,120,27,66,0,0,0,0,0,0,0,0,-32311,0,0,0,0,0,50025,0
50018,-922,7976,1188,82,-11,18,13491,0,-3,-2,0,37055,123,27,66,0,0,0,0,0,0,0,0,-32311,0,0,0,0,0,50030,0
50023,-892,7984,1188,85,-11,21,13492,3,5,-2,0,37055,123,27,66,0,0,0,0,0,0,0,0,-32311,0,0,0,0,0,50035,0
50028,-916,7980,1202,83,-11,12,13491,-2,-1,-3,0,37056,130,27,66,0,0,0,0,0,0,0,0,-32311,0,0,0,0,0,50040,0
50033,-890,8010,1212,79,-10,17,13490,-10,1,-3,0,37056,130,27,66,0,0,0,0,0,0,0,0,-32311,0,0,0,0,0,50045,0
50038,-914,8006,1204,86,-8,16,13491,-5,1,-4,0,37062,140,27,66,0,0,0,0,0,0,0,0,-32310,0,0,0,0,0,50050,0
50043,-946,8000,1216,77,-12,20,13491,-7,1,-2,0,37062,140,27,66,0,0,0,0,0,0,0,0,-32311,0,0,0,0,0,50055,0
50048,-918,8014,1228,78,-11,24,13492,3,6,-2,0,37063,137,27,66,0,0,0,0,0,0,0,0,-32310,0,0,0,0,0,50060,0
50053,-898,7980,1232,83,-7,25,13491,-2,1,-2,0,37063,137,27,66,0,0,0,0,0,0,0,0,-32310,0,0,0,0,0,50065,0
50058,-930,7980,1240,82,-10,25,13492,0,1,-1,0,37064,140,27,66,0,0,0,0,0,0,0,0,-32310,0,0,0,0,0,50070,0
50063,-924,7994,1246,83,-9,23,13492,5,3,-2,0,37064,140,27,66,0,0,0,0,0,0,0,0,-32311,0,0,0,0,0,50075,0
50068,-912,7962,1236,75,-13,29,13492,5,3,-3,0,37059,136,27,66,0,0,0,0,0,0,0,0,-32311,0,0,0,0,0,50080,0
50073,-912,7986,1256,76,-7,33,13492,-1,1,-2,0,37059,136,27,66,0,0,0,0,0,0,0,0,-32310,0,0,0,0,0,50085,0
50078,-894,7994,1246,77,-10,25,13491,1,-2,-2,0,37057,130,27,66,0,0,0,0,0,0,0,0,-32311,0,0,0,0,0,50090,0
50083,-904,7992,1254,81,-6,33,13491,2,0,-2,0,37057,130,27,66,0,0,0,0,0,0,0,0,-32311,0,0,0,0,0,50095,0
50088,-902,8014,1252,75,-9,34,13491,2,0,-3,0,37055,124,27,66,0,0,0,0,0,0,0,0,-32311,0,0,0,0,0,50100,0
50093,-908,8010,1242,78,-2,34,13491,0,-1,-2,0,37055,124,27,66,0,0,0,0,0,0,0,0,-32311,0,0,0,0,0,50105,0
50098,-900,7988,1240,76,-3,38,13492,0,2,-2,0,37056,126,27,66,0,0,0,0,0,0,0,0,-32310,0,0,0,0,0,50110,0
50103,-900,7978,1250,75,-5,38,13492,-2,-1,-1,0,37056,126,27,66,0,0,0,0,0,0,0,0,-32311,0,0,0,0,0,50115,0
50108,-880,7980,1184,73,-2,36,13491,-5,-2,-1,0,37059,124,27,66,0,0,0,0,0,0,0,0,-32311,0,0,0,0,0,50120,0
50113,-896,8002,1236,79,-9,38,13492,-1,0,0,0,37059,124,27,66,0,0,0,0,0,0,0,0,-32310,0,0,0,0,0,50125,0
50118,-862,7984,1234,68,-1,42,13493,1,-1,-2,0,37060,125,27,66,0,0,0,0,0,0,0,0,-32311,0,0,0,0,0,50130,0
50123,-904,8014,1224,72,-3,38,13492,7,3,-2,0,37060,125,27,66,0,0,0,0,0,0,0,0,-32311,0,0,0,0,0,50135,0
50128,-858,7986,1216,73,-11,40,13492,0,1,-1,0,37063,124,27,66,0,0,0,0,0,0,0,0,-32311,0,0,0,0,0,50140,0
50133,-886,7982,1226,73,-5,38,13492,1,-3,-1,0,37063,124,27,66,0,0,0,0,0,0,0,0,-32311,0,0,0,0,0,50145,0
50138,-896,8014,1192,74,-10,36,13491,0,1,0,0,37069,115,27,66,0,0,0,0,0,0,0,0,-32311,0,0,0,0,0,50150,0
50143,-876,7986,1198,69,-7,36,13492,-1,2,-2,0,37069,115,27,66,0,0,0,0,0,0,0,0,-32311,0,0,0,0,0,50155,0
50148,-880,7994,1200,70,-11,35,13492,4,-5,-2,0,37070,112,27,66,0,0,0,0,0,0,0,0,-32311,0,0,0,0,0,50160,0
50153,-854,8010,1234,72,-6,38,13492,1,3,-1,0,37070,112,27,66,0,0,0,0,0,0,0,0,-32311,0,0,0,0,0,50165,0
50158,-838,8030,1216,67,-6,36,13491,1,-3,0,0,37065,108,27,66,0,0,0,0,0,0,0,0,-32311,0,0,0,0,0,50170,0
50163,-824,8022,1202,73,-8,35,13490,-7,-4,-1,0,37065,108,27,66,0,0,0,0,0,0,0,0,-32311,0,0,0,0,0,50175,0
50168,-824,8020,1230,68,-11,34,13492,-4,1,-2,0,37060,116,27,66,0,0,0,0,0,0,0,0,-32310,0,0,0,0,0,50180,0
50173,-862,8006,1220,62,-9,31,13491,2,3,-1,0,37060,116,27,66,0,0,0,0,0,0,0,0,-32310,0,0,0,0,0,50185,0
50178,-852,8014,1232,65,-12,32,13492,6,4,-1,0,37058,124,27,66,0,0,0,0,0,0,0,0,-32311,0,0,0,0,0,50190,0
50183,-834,7986,1234,68,-8,34,13492,5,-2,-1,0,37058,124,27,66,0,0,0,0,0,0,0,0,-32310,0,0,0,0,0,50195,0
50188,-842,8012,1248,72,-11,31,13491,0,2,-3,0,37060,125,27,66,0,0,0,0,0,0,0,0,-32311,0,0,0,0,0,50200,0
50193,-838,7996,1222,63,-11,28,13491,0,0,-2,0,37060,125,27,66,0,0,0,0,0,0,0,0,-32311,0,0,0,0,0,50205,0
50198,-840,8018,1236,68,-10,26,13492,6,1,-3,0,37060,124,27,66,0,0,0,0,0,0,0,0,-32310,0,0,0,0,0,50210,0
50203,-868,8010,1248,65,-11,27,13493,3,-2,-1,0,37060,124,27,66,0,0,0,0,0,0,0,0,-32311,0,0,0,0,0,50215,0
50208,-846,7996,1246,65,-9,24,13492,3,1,-1,0,37059,125,27,66,0,0,0,0,0,0,0,0,-32311,0,0,0,0,0,50220,0
50213,-838,8014,1246,67,-18,22,13492,0,-1,-2,0,37059,125,27,66,0,0,0,0,0,0,0,0,-32311,0,0,0,0,0,50225,0
50218,-856,7994,1258,68,-11,23,13491,-3,-3,-2,0,37060,129,27,66,0,0,0,0,0,0,0,0,-32311,0,0,0,0,0,50230,0
50223,-834,8004,1246,65,-14,21,13491,1,-5,-1,0,37060,129,27,66,0,0,0,0,0,0,0,0,-32311,0,0,0,0,0,50235,0
50228,-838,7996,1264,70,-16,22,13491,-5,-1,-1,0,37060,127,27,66,0,0,0,0,0,0,0,0,-32311,0,0,0,0,0,50240,0
50233,-824,7988,1242,65,-8,22,13492,-2,1,-4,0,37060,127,27,66,0,0,0,0,0,0,0,0,-32310,0,0,0,0,0,50245,0
50238,-860,8004,1278,66,-10,23,13491,0,4,-5,0,37062,125,27,66,0,0,0,0,0,0,0,0,-32311,0,0,0,0,0,50250,0
50243,-866,7958,1252,68,-8,22,13492,-2,-1,-3,0,37062,125,27,66,0,0,0,0,0,0,0,0,-32311,0,0,0,0,0,50255,0
50248,-860,7986,1244,63,-9,16,13492,2,1,-3,0,37064,115,27,66,0,0,0,0,0,0,0,0,-32311,0,0,0,0,0,50260,0
50253,-840,8032,1252,72,-8,20,13492,3,-2,-1,0,37064,115,27,66,0,0,0,0,0,0,0,0,-32310,0,0,0,0,0,50265,0
50258,-860,8006,1260,67,-9,20,13492,-1,10,-1,0,37064,123,27,66,0,0,0,0,0,0,0,0,-32311,0,0,0,0,0,50270,0
50263,-852,7996,1272,76,-7,17,13492,-3,-3,-3,0,37064,123,27,66,0,0,0,0,0,0,0,0,-32311,0,0,0,0,0,50275,0
50268,-870,8004,1236,74,-5,16,13491,-1,3,-3,0,37063,123,27,66,0,0,0,0,0,0,0,0,-32311,0,0,0,0,0,50280,0
50273,-876,8002,1238,71,-6,19,13492,-1,-3,-2,0,37063,123,27,66,0,0,0,0,0,0,0,0,-32311,0,0,0,0,0,50285,0
50278,-834,8008,1252,74,-9,15,13491,0,0,-2,0,37060,123,27,66,0,0,0,0,0,0,0,0,-32311,0,0,0,0,0,50290,0
50283,-844,7990,1232,72,-9,18,13492,-5,4,-3,0,37060,123,27,66,0,0,0,0,0,0,0,0,-32311,0,0,0,0,0,50295,0
50288,-866,7980,1246,75,-2,15,13492,1,1,-2,0,37060,124,27,66,0,0,0,0,0,0,0,0,-32311,0,0,0,0,0,50300,0
50293,-866,7976,1206,73,-10,14,13492,-3,4,-2,0,37060,124,27,66,0,0,0,0,0,0,0,0,-32310,0,0,0,0,0,50305,0
50298,-840,7998,1238,71,-6,18,13491,1,0,-3,0,37062,124,27,66,0,0,0,0,0,0,0,0,-32311,0,0,0,0,0,50310,0
50303,-886,7978,1244,75,-10,13,13492,3,0,-2,0,37062,124,27,66,0,0,0,0,0,0,0,0,-32311,0,0,0,0,0,50315,0
50308,-866,8006,1232,69,-5,13,13492,7,4,-2,0,37061,128,27,66,0,0,0,0,0,0,0,0,-32311,0,0,0,0,0,50320,0
50313,-882,7992,1260,68,-11,15,13492,0,3,-2,0,37061,128,27,66,0,0,0,0,0,0,0,0,-32311,0,0,0,0,0,50325,0
50318,-876,8006,1250,69,-9,13,13492,4,-1,-3,0,37060,129,27,66,0,0,0,0,0,0,0,0,-32311,0,0,0,0,0,50331,0
50323,-870,7988,1252,69,-7,15,13493,8,-1,-3,0,37060,129,27,66,0,0,0,0,0,0,0,0,-32311,0,0,0,0,0,50336,0
50328,-874,8012,1242,72,-10,19,13492,1,-1,-2,0,37058,124,27,66,0,0,0,0,0,0,0,0,-32311,0,0,0,0,0,50341,0
50333,-870,8006,1228,70,-4,17,13492,0,-5,-2,0,37058,124,27,66,0,0,0,0,0,0,0,0,-32311,0,0,0,0,0,50346,0
50338,-876,7992,1230,69,-10,16,13491,-3,-1,-2,0,37058,121,27,66,0,0,0,0,0,0,0,0,-32311,0,0,0,0,0,50351,0
50343,-882,8000,1232,68,-6,15,13492,0,-3,-3,0,37058,121,27,66,0,0,0,0,0,0,0,0,-32311,0,0,0,0,0,50356,0
50348,-876,8008,1232,71,-9,15,13491,1,-4,-3,0,37055,126,27,66,0,0,0,0,0,0,0,0,-32311,0,0,0,0,0,50361,0
50353,-888,7958,1242,70,-6,15,13492,10,3,-1,0,37055,126,27,66,0,0,0,0,0,0,0,0,-32310,0,0,0,0,0,50366,0
50358,-882,7982,1216,64,-11,16,13491,3,-3,0,0,37057,131,27,66,0,0,0,0,0,0,0,0,-32311,0,0,0,0,0,50371,0
50363,-872,8006,1252,66,-12,14,13492,1,6,-1,0,37057,131,27,66,0,0,0,0,0,0,0,0,-32311,0,0,0,0,0,50376,0
50368,-872,7984,1234,72,-8,15,13491,-6,-2,-2,0,37058,137,27,66,0,0,0,0,0,0,0,0,-32311,0,0,0,0,0,50381,0
50373,-888,8004,1244,69,-13,18,13491,1,6,-2,0,37058,137,27,66,0,0,0,0,0,0,0,0,-32311,0,0,0,0,0,50386,0
50378,-888,7990,1268,71,-11,21,13491,-7,-2,-2,0,37063,135,27,66,0,0,0,0,0,0,0,0,-32311,0,0,0,0,0,50391,0
50383,-882,8018,1256,74,-10,18,13490,-4,-2,-2,0,37063,135,27,66,0,0,0,0,0,0,0,0,-32310,0,0,0,0,0,50396,0
50388,-882,7972,1240,72,-11,22,13491,-1,0,-2,0,37064,121,27,66,0,0,0,0,0,0,0,0,-32310,0,0,0,0,0,50401,0
50393,-908,7986,1244,71,-6,16,13491,-3,0,-1,0,37064,121,27,66,0,0,0,0,0,0,0,0,-32311,0,0,0,0,0,50406,0
50398,-892,7976,1266,72,-6,20,13491,-3,5,-3,0,37063,115,27,66,0,0,0,0,0,0,0,0,-32311,0,0,0,0,0,50411,0
50403,-890,7974,1236,73,-7,17,13492,4,4,-1,0,37063,115,27,66,0,0,0,0,0,0,0,0,-32311,0,0,0,0,0,50416,0
50408,-900,7996,1244,70,-6,22,13491,-2,2,-2,0,37061,114,27,66,0,0,0,0,0,0,0,0,-32311,0,0,0,0,0,50421,0
50413,-884,7984,1250,67,-4,25,13492,5,1,-1,0,37061,114,27,66,0,0,0,0,0,0,0,0,-32311,0,0,0,0,0,50426,0
50418,-914,8004,1244,76,-7,26,13492,5,-2,-2,0,37058,118,27,66,0,0,0,0,0,0,0,0,-32310,0,0,0,0,0,50431,0
50423,-884,7984,1246,77,-4,29,13492,-2,-1,-2,0,37058,118,27,66,0,0,0,0,0,0,0,0,-32310,0,0,0,0,0,50436,0
50428,-900,7990,1230,77,-6,22,13492,5,-1,-3,0,37058,124,27,66,0,0,0,0,0,0,0,0,-32310,0,0,0,0,0,50441,0
50433,-902,8000,1232,77,-8,25,13490,-7,1,-1,0,37058,124,27,66,0,0,0,0,0,0,0,0,-32310,0,0,0,0,0,50446,0
50438,-878,7992,1230,73,-8,28,13492,0,0,-2,0,37064,132,27,66,0,0,0,0,0,0,0,0,-32310,0,0,0,0,0,50451,0
50443,-882,8004,1230,74,-7,23,13492,1,-3,-1,0,37064,132,27,66,0,0,0,0,0,0,0,0,-32310,0,0,0,0,0,50456,0
50448,-870,8002,1236,73,-14,25,13492,4,1,-1,0,37069,129,27,66,0,0,0,0,0,0,0,0,-32311,0,0,0,0,0,50461,0
50453,-886,7998,1248,75,-7,27,13493,7,-1,-2,0,37069,129,27,66,0,0,0,0,0,0,0,0,-32311,0,0,0,0,0,50466,0
50458,-894,7968,1234,70,-9,21,13492,-1,2,-1,0,37068,125,27,66,0,0,0,0,0,0,0,0,-32311,0,0,0,0,0,50471,0
50463,-910,7984,1244,72,-16,28,13491,-4,-2,-2,0,37068,125,27,66,0,0,0,0,0,0,0,0,-32310,0,0,0,0,0,50476,0
50468,-894,7980,1218,69,-13,27,13492,0,-3,-1,0,37064,119,27,66,0,0,0,0,0,0,0,0,-32311,0,0,0,0,0,50481,0
50473,-848,7986,1232,76,-11,30,13491,-6,-1,-1,0,37064,119,27,66,0,0,0,0,0,0,0,0,-32310,0,0,0,0,0,50486,0
50478,-870,7978,1224,71,-10,28,13492,0,1,-3,0,37059,120,27,66,0,0,0,0,0,0,0,0,-32311,0,0,0,0,0,50491,0
50483,-882,8014,1218,68,-9,34,13491,-2,0,-4,0,37059,120,27,66,0,0,0,0,0,0,0,0,-32310,0,0,0,0,0,50496,0
50488,-900,7988,1258,75,-9,33,13492,-3,3,-3,0,37057,120,27,66,0,0,0,0,0,0,0,0,-32311,0,0,0,0,0,50501,0
50493,-882,7998,1232,71,-10,29,13492,5,1,-2,0,37057,120,27,66,0,0,0,0,0,0,0,0,-32311,0,0,0,0,0,50506,0
50498,-858,7984,1234,73,-5,30,13490,-3,2,-3,0,37058,119,27,66,0,0,0,0,0,0,0,0,-32311,0,0,0,0,0,50511,0
50503,-890,7988,1244,76,-12,27,13491,-2,0,-1,0,37058,119,27,66,0,0,0,0,0,0,0,0,-32311,0,0,0,0,0,50516,0
50508,-876,7976,1244,77,-15,32,13492,-1,0,-2,0,37059,125,27,66,0,0,0,0,0,0,0,0,-32310,0,0,0,0,0,50521,0
50513,-860,7988,1246,77,-7,30,13491,-3,3,-2,0,37059,125,27,66,0,0,0,0,0,0,0,0,-32310,0,0,0,0,0,50526,0
50518,-860,7984,1224,76,-6,31,13491,-7,-2,-2,0,37059,129,27,66,0,0,0,0,0,0,0,0,-32311,0,0,0,0,0,50531,0
50523,-868,8010,1244,74,-8,31,13491,0,-1,-1,0,37059,129,27,66,0,0,0,0,0,0,0,0,-32310,0,0,0,0,0,50536,0
50528,-892,7990,1246,72,-11,31,13491,3,0,-2,0,37061,134,27,66,0,0,0,0,0,0,0,0,-32311,0,0,0,0,0,50541,0
50533,-858,7998,1252,71,-11,34,13492,8,2,-3,0,37061,134,27,66,0,0,0,0,0,0,0,0,-32311,0,0,0,0,0,50546,0
50538,-896,8006,1218,71,-7,29,13493,7,4,-3,0,37062,135,27,66,0,0,0,0,0,0,0,0,-32311,0,0,0,0,0,50551,0
50543,-860,8006,1234,76,-13,28,13492,1,5,-1,0,37062,135,27,66,0,0,0,0,0,0,0,0,-32311,0,0,0,0,0,50556,0
50548,-858,7998,1224,73,-8,27,13492,0,-4,-2,0,37062,133,27,66,0,0,0,0,0,0,0,0,-32311,0,0,0,0,0,50561,0
50553,-854,8002,1214,69,-4,30,13492,3,0,-4,0,37062,133,27,66,0,0,0,0,0,0,0,0,-32311,0,0,0,0,0,50566,0
50558,-880,7988,1232,70,-7,29,13492,5,1,-3,0,37063,131,27,66,0,0,0,0,0,0,0,0,-32311,0,0,0,0,0,50571,0
50563,-876,7990,1220,69,-10,27,13491,0,1,-2,0,37063,131,27,66,0,0,0,0,0,0,0,0,-32310,0,0,0,0,0,50576,0
50568,-868,7988,1228,75,-7,31,13492,2,2,-1,0,37060,129,27,66,0,0,0,0,0,0,0,0,-32311,0,0,0,0,0,50581,0
50573,-866,7978,1226,69,-9,31,13491,0,-4,-1,0,37060,129,27,66,0,0,0,0,0,0,0,0,-32310,0,0,0,0,0,50586,0
50578,-850,8020,1226,72,-9,27,13492,-1,0,-3,0,37058,126,27,66,0,0,0,0,0,0,0,0,-32311,0,0,0,0,0,50591,0
50583,-872,8000,1250,68,-14,28,13491,-4,-1,-1,0,37058,126,27,66,0,0,0,0,0,0,0,0,-32310,0,0,0,0,0,50596,0
50588,-858,8022,1240,73,-5,28,13491,-3,-4,-2,0,37056,123,27,66,0,0,0,0,0,0,0,0,-32311,0,0,0,0,0,50601,0
50593,-826,8008,1222,76,-13,31,13492,1,0,-2,0,37056,123,27,66,0,0,0,0,0,0,0,0,-32311,0,0,0,0,0,50606,0
50598,-846,7998,1232,72,-5,21,13492,1,0,-2,0,37057,121,27,66,0,0,0,0,0,0,0,0,-32311,0,0,0,0,0,50611,0
50603,-842,8016,1254,71,-3,27,13490,-7,-3,-2,0,37057,121,27,66,0,0,0,0,0,0,0,0,-32310,0,0,0,0,0,50616,0
50608,-850,8022,1232,69,-4,26,13492,0,3,-2,0,37056,121,27,66,0,0,0,0,0,0,0,0,-32311,0,0,0,0,0,50621,0
50613,-876,7980,1248,66,-6,25,13492,2,-1,-2,0,37056,121,27,66,0,0,0,0,0,0,0,0,-32310,0,0,0,0,0,50626,0
50618,-864,7976,1230,66,-9,22,13492,-1,1,-1,0,37057,130,27,66,0,0,0,0,0,0,0,0,-32311,0,0,0,0,0,50631,0
50623,-868,7996,1234,72,-10,29,13491,-7,-1,-2,0,37057,130,27,66,0,0,0,0,0,0,0,0,-32311,0,0,0,0,0,50636,0
50628,-848,7980,1242,75,-11,28,13492,-5,1,-2,0,37060,131,27,66,0,0,0,0,0,0,0,0,-32311,0,0,0,0,0,50641,0
50633,-858,8012,1232,66,-8,24,13492,-2,2,-1,0,37060,131,27,66,0,0,0,0,0,0,0,0,-32310,0,0,0,0,0,50646,0
50638,-858,8000,1250,70,-1,23,13492,2,0,-1,0,37063,123,27,66,0,0,0,0,0,0,0,0,-32310,0,0,0,0,0,50651,0
50643,-864,7988,1232,67,-8,21,13491,-6,-1,-3,0,37063,123,27,66,0,0,0,0,0,0,0,0,-32310,0,0,0,0,0,50656,0
50648,-822,8008,1248,71,-2,23,13491,-10,2,-1,0,37063,116,27,66,0,0,0,0,0,0,0,0,-32311,0,0,0,0,0,50661,0
50653,-864,8006,1226,68,-9,23,13492,4,2,-1,0,37063,116,27,66,0,0,0,0,0,0,0,0,-32311,0,0,0,0,0,50666,0
50658,-876,8002,1220,75,-6,23,13491,-5,-5,0,0,37065,120,27,66,0,0,0,0,0,0,0,0,-32311,0,0,0,0,0,50671,0
50663,-894,8018,1226,69,-6,18,13492,2,1,-1,0,37065,120,27,66,0,0,0,0,0,0,0,0,-32311,0,0,0,0,0,50676,0
50668,-848,8016,1224,69,-11,22,13491,-3,0,-2,0,37063,114,27,66,0,0,0,0,0,0,0,0,-32311,0,0,0,0,0,50681,0
50673,-840,7992,1240,73,-10,20,13492,-5,2,-3,0,37063,114,27,66,0,0,0,0,0,0,0,0,-32311,0,0,0,0,0,50686,0
50678,-858,8014,1252,78,-10,15,13491,-2,-1,-2,0,37060,116,27,66,0,0,0,0,0,0,0,0,-32310,0,0,0,0,0,50691,0
50683,-848,7984,1242,72,-4,19,13492,2,1,-2,0,37060,116,27,66,0,0,0,0,0,0,0,0,-32311,0,0,0,0,0,50696,0
50688,-832,8016,1266,70,-6,15,13491,-1,-2,-2,0,37057,118,27,66,0,0,0,0,0,0,0,0,-32310,0,0,0,0,0,50701,0
50693,-872,7978,1252,74,-9,18,13490,-11,-1,0,0,37057,118,27,66,0,0,0,0,0,0,0,0,-32311,0,0,0,0,0,50706,0
50698,-860,7996,1266,73,-6,17,13493,1,6,-2,0,37060,125,27,66,0,0,0,0,0,0,0,0,-32310,0,0,0,0,0,50711,0
50703,-850,7956,1254,71,-7,22,13492,3,-1,-1,0,37060,125,27,66,0,0,0,0,0,0,0,0,-32310,0,0,0,0,0,50716,0
50708,-852,8006,1252,76,-6,17,13493,0,-3,-1,0,37060,135,27,66,0,0,0,0,0,0,0,0,-32310,0,0,0,0,0,50721,0
50713,-878,7992,1254,72,-9,20,13492,2,3,0,0,37060,135,27,66,0,0,0,0,0,0,0,0,-32311,0,0,0,0,0,50726,0
50718,-874,7984,1228,72,-5,16,13491,-1,0,-1,0,37059,129,27,66,0,0,0,0,0,0,0,0,-32310,0,0,0,0,0,50731,0
50723,-856,8024,1226,73,-7,18,13493,12,0,-1,0,37059,129,27,66,0,0,0,0,0,0,0,0,-32311,0,0,0,0,0,50736,0
50728,-872,7998,1214,81,-8,20,13491,0,-4,-1,0,37058,120,27,66,0,0,0,0,0,0,0,0,-32311,0,0,0,0,0,50741,0
50733,-930,7992,1226,71,-11,17,13491,2,3,-4,0,37058,120,27,66,0,0,0,0,0,0,0,0,-32311,0,0,0,0,0,50746,0
50738,-894,7994,1208,80,-10,19,13492,2,-5,-3,0,37059,118,27,66,0,0,0,0,0,0,0,0,-32311,0,0,0,0,0,50751,0
50743,-910,7994,1222,73,-3,22,13492,-4,3,-1,0,37059,118,27,66,0,0,0,0,0,0,0,0,-32311,0,0,0,0,0,50756,0
50748,-882,8028,1220,78,-5,20,13492,0,0,-2,0,37059,120,27,66,0,0,0,0,0,0,0,0,-32311,0,0,0,0,0,50761,0
50753,-876,7984,1186,74,-9,23,13491,-7,-6,0,0,37059,120,27,66,0,0,0,0,0,0,0,0,-32310,0,0,0,0,0,50766,0
50758,-888,7978,1246,68,-9,24,13491,1,-5,0,0,37062,125,27,66,0,0,0,0,0,0,0,0,-32311,0,0,0,0,0,50771,0
50763,-882,8018,1202,75,-11,20,13491,-3,0,-2,0,37062,125,27,66,0,0,0,0,0,0,0,0,-32310,0,0,0,0,0,50776,0
50768,-882,7996,1226,69,-10,22,13491,-1,1,-1,0,37062,133,27,66,0,0,0,0,0,0,0,0,-32311,0,0,0,0,0,50781,0
50773,-890,8002,1214,76,-11,22,13492,-2,-3,-3,0,37062,133,27,66,0,0,0,0,0,0,0,0,-32310,0,0,0,0,0,50786,0
50778,-862,7986,1230,76,-12,22,13492,-3,1,-2,0,37062,129,27,66,0,0,0,0,0,0,0,0,-32311,0,0,0,0,0,50791,0
50783,-910,7966,1228,70,-10,22,13492,-1,-2,-2,0,37062,129,27,66,0,0,0,0,0,0,0,0,-32310,0,0,0,0,0,50796,0
50788,-904,7980,1242,76,-8,24,13492,4,4,-1,0,37058,125,27,66,0,0,0,0,0,0,0,0,-32310,0,0,0,0,0,50801,0
50793,-914,7976,1222,73,-9,27,13493,1,3,-3,0,37058,125,27,66,0,0,0,0,0,0,0,0,-32311,0,0,0,0,0,50806,0
50798,-878,7968,1230,80,-10,28,13492,7,3,-4,0,37058,123,27,66,0,0,0,0,0,0,0,0,-32310,0,0,0,0,0,50811,0
50803,-870,7960,1230,73,-8,26,13491,0,-5,-2,0,37058,123,27,66,0,0,0,0,0,0,0,0,-32311,0,0,0,0,0,50816,0
50808,-902,7992,1258,72,-4,32,13492,0,7,-1,0,37059,120,27,66,0,0,0,0,0,0,0,0,-32310,0,0,0,0,0,50821,0
50813,-884,8004,1254,73,-5,28,13492,3,2,-2,0,37059,120,27,66,0,0,0,0,0,0,0,0,-32311,0,0,0,0,0,50826,0
50818,-876,7996,1236,76,-4,25,13492,2,-2,-2,0,37058,115,27,66,0,0,0,0,0,0,0,0,-32310,0,0,0,0,0,50831,0
50823,-904,7986,1232,79,-1,25,13492,-1,0,-2,0,37058,115,27,66,0,0,0,0,0,0,0,0,-32311,0,0,0,0,0,50836,0
50828,-858,7992,1238,74,-6,27,13491,0,0,-1,0,37057,127,27,66,0,0,0,0,0,0,0,0,-32311,0,0,0,0,0,50841,0
50833,-888,7988,1240,75,-12,27,13491,0,-1,-2,0,37057,127,27,66,0,0,0,0,0,0,0,0,-32311,0,0,0,0,0,50846,0
50838,-878,8016,1222,75,-7,24,13492,2,1,-1,0,37055,128,27,66,0,0,0,0,0,0,0,0,-32310,0,0,0,0,0,50851,0
50843,-886,7998,1222,71,-13,26,13492,-1,-3,-2,0,37055,128,27,66,0,0,0,0,0,0,0,0,-32310,0,0,0,0,0,50856,0
50848,-878,8006,1222,76,-11,27,13492,0,1,-3,0,37054,137,27,66,0,0,0,0,0,0,0,0,-32311,0,0,0,0,0,50861,0
50853,-884,8004,1230,72,-7,30,13491,-4,-3,-1,0,37054,137,27,66,0,0,0,0,0,0,0,0,-32311,0,0,0,0,0,50866,0
50858,-880,7998,1224,73,-7,25,13492,0,-2,0,0,37058,127,27,66,0,0,0,0,0,0,0,0,-32311,0,0,0,0,0,50871,0
50863,-890,8008,1260,75,-5,31,13494,8,-1,-2,0,37058,127,27,66,0,0,0,0,0,0,0,0,-32311,0,0,0,0,0,50876,0
50868,-868,7996,1228,76,-10,27,13492,5,1,-1,0,37061,126,27,66,0,0,0,0,0,0,0,0,-32311,0,0,0,0,0,50881,0
50873,-878,7980,1220,78,-14,28,13492,-1,2,-1,0,37061,126,27,66,0,0,0,0,0,0,0,0,-32311,0,0,0,0,0,50886,0
50878,-852,7996,1230,73,-11,30,13492,5,-8,-2,0,37064,126,27,66,0,0,0,0,0,0,0,0,-32311,0,0,0,0,0,50891,0
50883,-848,7976,1252,77,-8,29,13492,8,1,-2,0,37064,126,27,66,0,0,0,0,0,0,0,0,-32311,0,0,0,0,0,50896,0
50888,-846,8014,1242,80,-10,30,13490,-6,1,-3,0,37066,119,27,66,0,0,0,0,0,0,0,0,-32311,0,0,0,0,0,50901,0
50893,-850,7988,1266,74,-9,30,13491,-3,-1,-2,0,37066,119,27,66,0,0,0,0,0,0,0,0,-32311,0,0,0,0,0,50906,0
50898,-864,8000,1244,73,-6,27,13492,4,-1,-3,0,37062,114,27,66,0,0,0,0,0,0,0,0,-32311,0,0,0,0,0,50911,0
50903,-856,8004,1244,79,-6,29,13492,-2,3,-2,0,37062,114,27,66,0,0,0,0,0,0,0,0,-32311,0,0,0,0,0,50916,0
50908,-874,8004,1232,74,-5,24,13493,7,-2,-1,0,37059,112,27,66,0,0,0,0,0,0,0,0,-32310,0,0,0,0,0,50921,0
50913,-842,8008,1208,75,-11,27,13492,5,-1,0,0,37059,112,27,66,0,0,0,0,0,0,0,0,-32311,0,0,0,0,0,50926,0
50918,-868,7984,1228,77,-5,26,13492,1,1,-2,0,37058,120,27,66,0,0,0,0,0,0,0,0,-32311,0,0,0,0,0,50931,0
50923,-888,7986,1218,74,-3,25,13492,1,-4,-2,0,37058,120,27,66,0,0,0,0,0,0,0,0,-32311,0,0,0,0,0,50936,0
50928,-886,8012,1206,76,-7,25,13491,-4,2,-1,0,37056,131,27,66,0,0,0,0,0,0,0,0,-32310,0,0,0,0,0,50941,0
50933,-880,7992,1198,71,-9,25,13492,1,-4,-1,0,37056,131,27,66,0,0,0,0,0,0,0,0,-32310,0,0,0,0,0,50946,0
50938,-872,7986,1208,78,-4,27,13491,3,0,-3,0,37056,120,27,66,0,0,0,0,0,0,0,0,-32311,0,0,0,0,0,50951,0
50943,-892,7998,1224,80,-7,23,13493,4,1,-3,0,37056,120,27,66,0,0,0,0,0,0,0,0,-32310,0,0,0,0,0,50956,0
50948,-868,8012,1208,78,-12,28,13491,-2,-1,-2,0,37057,112,27,66,0,0,0,0,0,0,0,0,-32310,0,0,0,0,0,50961,0
50953,-866,8008,1220,75,-9,26,13491,2,3,-2,0,37057,112,27,66,0,0,0,0,0,0,0,0,-32311,0,0,0,0,0,50966,0
50958,-864,8008,1198,67,-10,23,13492,5,-3,-3,0,37059,117,27,66,0,0,0,0,0,0,0,0,-32310,0,0,0,0,0,50971,0
50963,-872,8004,1248,79,-7,27,13491,-1,-2,-5,0,37059,117,27,66,0,0,0,0,0,0,0,0,-32310,0,0,0,0,0,50976,0
50968,-872,8002,1220,74,-7,30,13493,9,2,-1,0,37063,119,27,66,0,0,0,0,0,0,0,0,-32311,0,0,0,0,0,50981,0
50973,-864,8014,1222,71,-13,22,13492,4,-2,-1,0,37063,119,27,66,0,0,0,0,0,0,0,0,-32310,0,0,0,0,0,50986,0
50978,-854,7986,1232,68,-5,24,13491,-1,2,-2,0,37060,123,27,66,0,0,0,0,0,0,0,0,-32310,0,0,0,0,0,50991,0
50983,-880,7988,1244,72,-8,26,13493,6,-2,-1,0,37060,123,27,66,0,0,0,0,0,0,0,0,-32310,0,0,0,0,0,50996,0
50988,-856,7980,1226,71,-12,24,13491,-6,0,-1,0,37060,120,27,66,0,0,0,0,0,0,0,0,-32310,0,0,0,0,0,51001,0
50993,-844,7990,1252,73,-5,25,13493,3,1,-1,0,37060,120,27,66,0,0,0,0,0,0,0,0,-32311,0,0,0,0,0,51006,0
50998,-836,8000,1248,73,-11,25,13492,1,-7,-1,0,37058,123,27,66,0,0,0,0,0,0,0,0,-32311,0,0,0,0,0,51011,0
51003,-824,8012,1270,72,-9,26,13493,0,1,-1,0,37058,123,27,66,0,0,0,0,0,0,0,0,-32311,0,0,0,0,0,51016,0
51008,-854,7972,1228,73,-7,22,13491,0,-2,-1,0,37060,126,27,66,0,0,0,0,0,0,0,0,-32311,0,0,0,0,0,51021,0
51013,-876,7996,1236,67,-9,22,13492,-1,3,-1,0,37060,126,27,66,0,0,0,0,0,0,0,0,-32311,0,0,0,0,0,51026,0
51018,-858,7986,1246,71,-10,19,13492,3,-1,-2,0,37057,124,27,66,0,0,0,0,0,0,0,0,-32311,0,0,0,0,0,51031,0
51023,-876,7980,1238,76,-7,21,13493,6,-2,-2,0,37057,124,27,66,0,0,0,0,0,0,0,0,-32311,0,0,0,0,0,51036,0
51028,-884,7972,1222,70,-8,24,13492,0,2,-3,0,37057,129,27,66,0,0,0,0,0,0,0,0,-32310,0,0,0,0,0,51041,0
51033,-856,8000,1222,78,-8,27,13492,0,-3,-1,0,37057,129,27,66,0,0,0,0,0,0,0,0,-32310,0,0,0,0,0,51046,0
51038,-856,8006,1220,76,-6,20,13491,1,-5,-1,0,37057,126,27,66,0,0,0,0,0,0,0,0,-32310,0,0,0,0,0,51047,0
51043,-864,7996,1204,77,-7,24,13491,-5,-3,-2,0,37057,126,27,66,0,0,0,0,0,0,0,0,-32311,0,0,0,0,0,51052,0
51048,-892,7998,1194,72,-5,26,13492,-6,-1,-1,0,37059,130,27,66,0,0,0,0,0,0,0,0,-32311,0,0,0,0,0,51057,0
51053,-882,7966,1186,74,-9,22,13492,0,-2,0,0,37059,130,27,66,0,0,0,0,0,0,0,0,-32310,0,0,0,0,0,51062,0
51058,-884,8010,1184,68,-6,22,13492,3,2,-1,0,37058,124,27,66,0,0,0,0,0,0,0,0,-32311,0,0,0,0,0,51067,0
51063,-884,8010,1186,69,-7,21,13491,4,-3,-2,0,37058,124,27,66,0,0,0,0,0,0,0,0,-32311,0,0,0,0,0,51072,0
51068,-914,8000,1216,74,-6,25,13492,3,-2,2,0,37063,129,27,66,0,0,0,0,0,0,0,0,-32311,0,0,0,0,0,51077,0
51073,-854,7998,1192,68,-12,23,13492,0,0,-1,0,37063,129,27,66,0,0,0,0,0,0,0,0,-32310,0,0,0,0,0,51082,0
51078,-888,8012,1204,68,-9,22,13491,-3,2,-1,0,37062,124,27,66,0,0,0,0,0,0,0,0,-32311,0,0,0,0,0,51087,0
51083,-876,7986,1192,65,-9,20,13492,0,0,-1,0,37062,124,27,66,0,0,0,0,0,0,0,0,-32310,0,0,0,0,0,51092,0
51088,-860,7984,1230,68,-10,28,13493,8,-6,-2,0,37062,120,27,66,0,0,0,0,0,0,0,0,-32311,0,0,0,0,0,51097,0
51093,-866,7980,1212,66,-5,20,13491,1,2,-3,0,37062,120,27,66,0,0,0,0,0,0,0,0,-32311,0,0,0,0,0,51102,0
51098,-868,7972,1204,61,-8,24,13493,8,-2,-2,0,37062,127,27,66,0,0,0,0,0,0,0,0,-32312,0,0,0,0,0,51107,0
51103,-884,7968,1248,68,-6,23,13493,3,-5,-1,0,37062,127,27,66,0,0,0,0,0,0,0,0,-32310,0,0,0,0,0,51112,0
51108,-848,8026,1208,69,-6,22,13493,2,2,-2,0,37057,131,27,66,0,0,0,0,0,0,0,0,-32311,0,0,0,0,0,51117,0
51113,-888,7978,1230,67,-11,21,13492,2,-3,-2,0,37057,131,27,66,0,0,0,0,0,0,0,0,-32311,0,0,0,0,0,51122,0
51118,-876,8000,1234,64,-7,20,13493,8,-3,-1,0,37058,129,27,66,0,0,0,0,0,0,0,0,-32310,0,0,0,0,0,51127,0
51123,-876,7994,1250,71,-8,21,13493,4,-4,-2,0,37058,129,27,66,0,0,0,0,0,0,0,0,-32310,0,0,0,0,0,51132,0
51128,-874,8000,1252,71,-8,22,13492,7,5,-1,0,37060,119,27,66,0,0,0,0,0,0,0,0,-32310,0,0,0,0,0,51137,0
51133,-884,8008,1216,65,-10,25,13492,3,2,-2,0,37060,119,27,66,0,0,0,0,0,0,0,0,-32311,0,0,0,0,0,51142,0
51138,-858,8028,1218,64,-7,17,13492,2,-4,-1,0,37064,118,27,66,0,0,0,0,0,0,0,0,-32311,0,0,0,0,0,51147,0
51143,-892,7982,1228,67,-6,23,13493,7,-4,-2,0,37064,118,27,66,0,0,0,0,0,0,0,0,-32311,0,0,0,0,0,51152,0
51148,-880,7968,1212,73,-6,23,13490,-6,2,-2,0,37063,118,27,66,0,0,0,0,0,0,0,0,-32311,0,0,0,0,0,51157,0
51153,-916,7982,1224,65,-4,25,13491,-3,-1,-1,0,37063,118,27,66,0,0,0,0,0,0,0,0,-32310,0,0,0,0,0,51162,0
51158,-886,7992,1206,71,-15,22,13492,-4,-1,-1,0,37060,119,27,66,0,0,0,0,0,0,0,0,-32311,0,0,0,0,0,51167,0
51163,-900,8000,1224,71,-5,26,13491,-2,2,-1,0,37060,119,27,66,0,0,0,0,0,0,0,0,-32311,0,0,0,0,0,51172,0
51168,-872,7996,1224,68,-13,21,13491,-7,-3,-2,0,37056,113,27,66,0,0,0,0,0,0,0,0,-32310,0,0,0,0,0,51177,0
51173,-882,7988,1224,70,-16,20,13492,0,-4,-2,0,37056,113,27,66,0,0,0,0,0,0,0,0,-32311,0,0,0,0,0,51182,0
51178,-866,7974,1244,72,-8,23,13492,5,5,-4,0,37060,122,27,66,0,0,0,0,0,0,0,0,-32311,0,0,0,0,0,51187,0
51183,-854,7992,1242,71,-12,22,13491,0,6,-2,0,37060,122,27,66,0,0,0,0,0,0,0,0,-32311,0,0,0,0,0,51192,0
51188,-854,7996,1256,72,-12,28,13492,4,-1,-1,0,37061,125,27,66,0,0,0,0,0,0,0,0,-32311,0,0,0,0,0,51197,0
51193,-878,7996,1244,64,-9,23,13493,0,-2,-2,0,37061,125,27,66,0,0,0,0,0,0,0,0,-32311,0,0,0,0,0,51202,0
51198,-852,7998,1236,68,-3,27,13492,1,-1,-3,0,37061,126,27,66,0,0,0,0,0,0,0,0,-32311,0,0,0,0,0,51207,0
51203,-864,8006,1232,70,-8,21,13493,2,1,-1,0,37061,126,27,66,0,0,0,0,0,0,0,0,-32310,0,0,0,0,0,51212,0
51208,-862,8002,1252,74,-2,29,13491,1,-6,-1,0,37056,127,27,66,0,0,0,0,0,0,0,0,-32310,0,0,0,0,0,51217,0
51213,-876,7982,1214,67,-7,26,13491,-2,-4,-2,0,37056,127,27,66,0,0,0,0,0,0,0,0,-32310,0,0,0,0,0,51222,0
51218,-858,8000,1228,71,-1,26,13491,-2,0,-1,0,37057,127,27,66,0,0,0,0,0,0,0,0,-32311,0,0,0,0,0,51227,0
51223,-878,7996,1200,73,-7,26,13491,0,3,-1,0,37057,127,27,66,0,0,0,0,0,0,0,0,-32310,0,0,0,0,0,51232,0
51228,-864,8024,1196,67,-5,29,13491,2,3,-2,0,37055,127,27,66,0,0,0,0,0,0,0,0,-32311,0,0,0,0,0,51237,0
51233,-846,8008,1212,66,-14,20,13492,-5,2,-2,0,37055,127,27,66,0,0,0,0,0,0,0,0,-32310,0,0,0,0,0,51242,0
51238,-878,8006,1202,69,-7,25,13491,-5,3,-2,0,37054,117,27,66,0,0,0,0,0,0,0,0,-32310,0,0,0,0,0,51247,0
51243,-872,8010,1194,70,-16,28,13492,1,4,-2,0,37054,117,27,66,0,0,0,0,0,0,0,0,-32310,0,0,0,0,0,51252,0
51248,-860,8006,1202,72,-7,23,13492,3,-2,-3,0,37057,120,27,66,0,0,0,0,0,0,0,0,-32310,0,0,0,0,0,51257,0
51253,-874,7978,1220,73,-13,26,13492,-1,1,-3,0,37057,120,27,66,0,0,0,0,0,0,0,0,-32310,0,0,0,0,0,51262,0
51258,-884,7994,1230,70,-8,24,13492,3,-1,-1,0,37058,120,27,66,0,0,0,0,0,0,0,0,-32310,0,0,0,0,0,51267,0
51263,-870,8004,1230,70,-14,25,13492,2,1,-2,0,37058,120,27,66,0,0,0,0,0,0,0,0,-32310,0,0,0,0,0,51272,0
51268,-888,8010,1228,67,-10,26,13491,2,1,-3,0,37058,128,27,66,0,0,0,0,0,0,0,0,-32310,0,0,0,0,0,51277,0
51273,-884,8038,1242,71,-11,22,13492,5,1,-2,0,37058,128,27,66,0,0,0,0,0,0,0,0,-32310,0,0,0,0,0,51282,0
51278,-896,7990,1220,70,-7,25,13491,2,1,-5,0,37057,122,27,66,0,0,0,0,0,0,0,0,-32310,0,0,0,0,0,51287,0
51283,-878,7994,1232,69,-8,25,13493,2,1,-3,0,37057,122,27,66,0,0,0,0,0,0,0,0,-32310,0,0,0,0,0,51292,0
51288,-890,8008,1244,70,-4,27,13491,-2,-2,-3,0,37059,123,27,66,0,0,0,0,0,0,0,0,-32310,0,0,0,0,0,51297,0
51293,-882,7988,1240,70,-9,24,13492,-1,-3,-2,0,37059,123,27,66,0,0,0,0,0,0,0,0,-32311,0,0,0,0,0,51302,0
51298,-874,7996,1220,67,-6,24,13491,-5,-4,-2,0,37061,121,27,66,0,0,0,0,0,0,0,0,-32310,0,0,0,0,0,51307,0
51303,-852,7980,1236,69,-7,27,13492,0,0,-1,0,37061,121,27,66,0,0,0,0,0,0,0,0,-32311,0,0,0,0,0,51312,0
51308,-878,7988,1228,69,-5,26,13492,-3,0,-2,0,37060,118,27,66,0,0,0,0,0,0,0,0,-32311,0,0,0,0,0,51317,0
51313,-894,8024,1226,70,-11,24,13491,0,-1,-1,0,37060,118,27,66,0,0,0,0,0,0,0,0,-32310,0,0,0,0,0,51322,0
51318,-886,8026,1220,70,-10,25,13490,-11,0,0,0,37059,119,27,66,0,0,0,0,0,0,0,0,-32311,0,0,0,0,0,51328,0
51323,-862,7994,1218,67,-8,22,13492,-1,0,-1,0,37059,119,27,66,0,0,0,0,0,0,0,0,-32311,0,0,0,0,0,51333,0
51328,-890,8002,1218,73,-14,25,13493,0,1,-2,0,37057,121,27,66,0,0,0,0,0,0,0,0,-32311,0,0,0,0,0,51338,0
51333,-876,7972,1204,69,-9,28,13492,0,2,-2,0,37057,121,27,66,0,0,0,0,0,0,0,0,-32310,0,0,0,0,0,51343,0
51338,-858,8012,1226,64,-12,26,13492,8,1,-3,0,37057,124,27,66,0,0,0,0,0,0,0,0,-32311,0,0,0,0,0,51348,0
51343,-870,7984,1244,66,-12,28,13491,1,4,-2,0,37057,124,27,66,0,0,0,0,0,0,0,0,-32310,0,0,0,0,0,51353,0
51348,-894,8000,1230,67,-7,23,13492,0,-3,-1,0,37057,129,27,66,0,0,0,0,0,0,0,0,-32310,0,0,0,0,0,51358,0
51353,-868,8004,1224,68,-12,21,13492,6,2,-1,0,37057,129,27,66,0,0,0,0,0,0,0,0,-32310,0,0,0,0,0,51363,0
51358,-880,8024,1240,69,-10,29,13491,1,2,0,0,37057,131,27,66,0,0,0,0,0,0,0,0,-32310,0,0,0,0,0,51368,0
51363,-868,7992,1236,70,-9,28,13492,3,0,-3,0,37057,131,27,66,0,0,0,0,0,0,0,0,-32310,0,0,0,0,0,51373,0
51368,-890,7990,1214,73,-7,27,13493,10,0,-1,0,37057,137,27,66,0,0,0,0,0,0,0,0,-32311,0,0,0,0,0,51378,0
51373,-888,8012,1214,70,-6,24,13491,1,1,-2,0,37057,137,27,66,0,0,0,0,0,0,0,0,-32310,0,0,0,0,0,51383,0
51378,-864,8002,1230,70,-4,26,13492,0,-3,0,0,37059,135,27,66,0,0,0,0,0,0,0,0,-32310,0,0,0,0,0,51388,0
51383,-870,7998,1236,67,-10,24,13491,2,-6,1,0,37059,135,27,66,0,0,0,0,0,0,0,0,-32310,0,0,0,0,0,51393,0
51388,-874,8012,1206,67,-10,20,13492,5,0,0,0,37066,116,27,66,0,0,0,0,0,0,0,0,-32310,0,0,0,0,0,51398,0
51393,-868,7980,1214,69,-4,26,13490,-2,-4,-1,0,37066,116,27,66,0,0,0,0,0,0,0,0,-32311,0,0,0,0,0,51403,0
51398,-854,7962,1224,67,-11,27,13491,1,-4,-3,0,37066,112,27,66,0,0,0,0,0,0,0,0,-32310,0,0,0,0,0,51408,0
51403,-888,8006,1220,69,-9,24,13492,3,0,-2,0,37066,112,27,66,0,0,0,0,0,0,0,0,-32311,0,0,0,0,0,51413,0
51408,-846,8024,1206,66,-7,21,13493,4,3,-2,0,37064,110,27,66,0,0,0,0,0,0,0,0,-32311,0,0,0,0,0,51418,0
51413,-890,8000,1222,69,-12,29,13492,0,-2,-1,0,37064,110,27,66,0,0,0,0,0,0,0,0,-32310,0,0,0,0,0,51423,0
51418,-850,8006,1218,70,-8,21,13492,3,-6,-2,0,37059,119,27,66,0,0,0,0,0,0,0,0,-32310,0,0,0,0,0,51428,0
51423,-898,8006,1236,68,-7,25,13492,5,-3,0,0,37059,119,27,66,0,0,0,0,0,0,0,0,-32311,0,0,0,0,0,51433,0
51428,-872,8002,1230,71,-5,25,13492,2,3,0,0,37056,115,27,66,0,0,0,0,0,0,0,0,-32310,0,0,0,0,0,51438,0
51433,-860,7996,1214,70,-8,20,13492,-1,0,-3,0,37056,115,27,66,0,0,0,0,0,0,0,0,-32310,0,0,0,0,0,51443,0
51438,-886,7994,1222,70,-12,26,13493,5,1,-2,0,37058,119,27,66,0,0,0,0,0,0,0,0,-32311,0,0,0,0,0,51448,0
51443,-870,7982,1232,63,-9,28,13491,-4,0,-1,0,37058,119,27,66,0,0,0,0,0,0,0,0,-32311,0,0,0,0,0,51453,0
51448,-878,8004,1218,68,-9,24,13490,0,1,-2,0,37060,115,27,66,0,0,0,0,0,0,0,0,-32311,0,0,0,0,0,51458,0
51453,-872,8010,1232,69,-8,24,13491,0,1,-2,0,37060,115,27,66,0,0,0,0,0,0,0,0,-32311,0,0,0,0,0,51463,0
51458,-874,8002,1230,71,-7,25,13492,-2,2,0,0,37061,117,27,66,0,0,0,0,0,0,0,0,-32311,0,0,0,0,0,51468,0
51463,-880,7992,1234,72,-4,25,13492,4,5,-1,0,37061,117,27,66,0,0,0,0,0,0,0,0,-32311,0,0,0,0,0,51473,0
51468,-858,7994,1242,71,-9,19,13492,-2,-1,-1,0,37058,115,27,66,0,0,0,0,0,0,0,0,-32311,0,0,0,0,0,51478,0
51473,-882,7988,1230,70,-10,21,13492,-2,-4,-2,0,37058,115,27,66,0,0,0,0,0,0,0,0,-32310,0,0,0,0,0,51483,0
51478,-888,7990,1226,69,-2,23,13491,-8,0,-2,0,37058,122,27,66,0,0,0,0,0,0,0,0,-32310,0,0,0,0,0,51488,0
51483,-890,7964,1252,73,-1,25,13491,-2,0,-1,0,37058,122,27,66,0,0,0,0,0,0,0,0,-32311,0,0,0,0,0,51493,0
51488,-882,7978,1232,70,-10,26,13491,-4,-3,-4,0,37061,126,27,66,0,0,0,0,0,0,0,0,-32311,0,0,0,0,0,51498,0
51493,-882,8000,1212,74,-4,23,13492,2,2,-1,0,37061,126,27,66,0,0,0,0,0,0,0,0,-32310,0,0,0,0,0,51503,0
51498,-874,8006,1238,71,-2,23,13492,0,0,-2,0,37064,131,27,66,0,0,0,0,0,0,0,0,-32311,0,0,0,0,0,51508,0
51503,-890,8004,1214,71,-2,22,13492,5,4,-2,0,37064,131,27,66,0,0,0,0,0,0,0,0,-32311,0,0,0,0,0,51513,0
51508,-876,7974,1222,71,-7,25,13492,-3,-1,-2,0,37065,134,27,66,0,0,0,0,0,0,0,0,-32311,0,0,0,0,0,51518,0
51513,-872,8010,1232,73,-9,22,13492,7,-1,-1,0,37065,134,27,66,0,0,0,0,0,0,0,0,-32311,0,0,0,0,0,51523,0
51518,-876,7980,1214,71,-6,22,13493,7,2,-3,0,37064,136,27,66,0,0,0,0,0,0,0,0,-32310,0,0,0,0,0,51528,0
51523,-862,8012,1200,63,-11,21,13492,6,-2,-2,0,37064,136,27,66,0,0,0,0,0,0,0,0,-32311,0,0,0,0,0,51533,0
51528,-860,7978,1240,68,-12,23,13491,-5,-3,-2,0,37060,133,27,66,0,0,0,0,0,0,0,0,-32311,0,0,0,0,0,51538,0
51533,-888,8022,1220,66,-6,24,13491,0,-4,-3,0,37060,133,27,66,0,0,0,0,0,0,0,0,-32311,0,0,0,0,0,51543,0
51538,-864,7978,1238,69,-9,22,13492,2,-3,-1,0,37058,127,27,66,0,0,0,0,0,0,0,0,-32311,0,0,0,0,0,51548,0
51543,-848,8000,1250,69,-8,25,13491,0,1,-1,0,37058,127,27,66,0,0,0,0,0,0,0,0,-32310,0,0,0,0,0,51553,0
51548,-880,7998,1258,73,-6,20,13492,-4,-1,-1,0,37056,127,27,66,0,0,0,0,0,0,0,0,-32311,0,0,0,0,0,51558,0
51553,-878,8006,1232,72,-9,26,13492,9,3,-1,0,37056,127,27,66,0,0,0,0,0,0,0,0,-32310,0,0,0,0,0,51563,0
51558,-870,7984,1240,74,-9,20,13492,6,-4,0,0,37056,125,27,66,0,0,0,0,0,0,0,0,-32310,0,0,0,0,0,51568,0
51563,-874,7992,1238,69,-7,24,13493,3,5,-3,0,37056,125,27,66,0,0,0,0,0,0,0,0,-32310,0,0,0,0,0,51573,0
51568,-864,7982,1236,74,-6,21,13491,-1,-1,-2,0,37054,124,27,66,0,0,0,0,0,0,0,0,-32310,0,0,0,0,0,51578,0
51573,-876,7998,1218,73,-7,25,13491,0,0,-2,0,37054,124,27,66,0,0,0,0,0,0,0,0,-32310,0,0,0,0,0,51583,0
51578,-872,7990,1220,67,-8,27,13492,2,-1,-4,0,37051,120,27,66,0,0,0,0,0,0,0,0,-32311,0,0,0,0,0,51588,0
51583,-882,8008,1252,73,-12,19,13491,-3,0,-1,0,37051,120,27,66,0,0,0,0,0,0,0,0,-32311,0,0,0,0,0,51593,0
51588,-872,8032,1216,70,-7,27,13492,3,3,-2,0,37051,119,27,66,0,0,0,0,0,0,0,0,-32311,0,0,0,0,0,51598,0
51593,-870,8022,1218,71,-4,21,13492,-1,1,0,0,37051,119,27,66,0,0,0,0,0,0,0,0,-32311,0,0,0,0,0,51603,0
51598,-878,7980,1198,72,-6,23,13493,-1,2,-2,0,37056,122,27,66,0,0,0,0,0,0,0,0,-32310,0,0,0,0,0,51608,0
51603,-896,8008,1242,70,-3,27,13491,-6,0,-1,0,37056,122,27,66,0,0,0,0,0,0,0,0,-32310,0,0,0,0,0,51613,0
51608,-894,7998,1222,67,-13,29,13492,0,1,-1,0,37056,115,27,66,0,0,0,0,0,0,0,0,-32310,0,0,0,0,0,51618,0
51613,-852,8012,1238,75,-11,26,13492,0,-1,-2,0,37056,115,27,66,0,0,0,0,0,0,0,0,-32310,0,0,0,0,0,51623,0
51618,-860,7972,1202,74,-11,19,13492,0,-1,-2,0,37056,122,27,66,0,0,0,0,0,0,0,0,-32310,0,0,0,0,0,51628,0
51623,-874,7982,1216,69,-11,25,13491,-6,1,-2,0,37056,122,27,66,0,0,0,0,0,0,0,0,-32310,0,0,0,0,0,51633,0
51628,-882,7976,1222,65,-9,25,13492,5,0,0,0,37055,123,27,66,0,0,0,0,0,0,0,0,-32311,0,0,0,0,0,51638,0
51633,-880,7984,1236,73,-11,20,13492,6,0,-1,0,37055,123,27,66,0,0,0,0,0,0,0,0,-32311,0,0,0,0,0,51643,0
51638,-874,8010,1244,73,-10,22,13492,2,3,-2,0,37058,123,27,66,0,0,0,0,0,0,0,0,-32310,0,0,0,0,0,51648,0
51643,-852,8012,1254,70,-8,24,13492,0,3,-2,0,37058,123,27,66,0,0,0,0,0,0,0,0,-32310,0,0,0,0,0,51653,0
51648,-884,7996,1222,75,-9,27,13491,-3,0,-1,0,37061,116,27,66,0,0,0,0,0,0,0,0,-32311,0,0,0,0,0,51658,0
51653,-868,7994,1206,70,-7,22,13491,-7,-3,-1,0,37061,116,27,66,0,0,0,0,0,0,0,0,-32310,0,0,0,0,0,51663,0
51658,-876,7992,1240,67,-8,27,13491,-6,-4,-2,0,37061,118,27,66,0,0,0,0,0,0,0,0,-32311,0,0,0,0,0,51668,0
51663,-872,7990,1222,76,-8,23,13490,-12,-6,-2,0,37061,118,27,66,0,0,0,0,0,0,0,0,-32311,0,0,0,0,0,51673,0
51668,-880,7976,1242,71,-7,25,13492,8,-2,-2,0,37059,117,27,66,0,0,0,0,0,0,0,0,-32310,0,0,0,0,0,51678,0
51673,-860,7986,1222,73,-6,25,13491,-2,-3,-3,0,37059,117,27,66,0,0,0,0,0,0,0,0,-32311,0,0,0,0,0,51683,0
51678,-886,8012,1198,73,-9,29,13492,0,3,-3,0,37056,118,27,66,0,0,0,0,0,0,0,0,-32311,0,0,0,0,0,51688,0
51683,-880,8004,1216,70,-6,28,13492,-2,2,-2,0,37056,118,27,66,0,0,0,0,0,0,0,0,-32310,0,0,0,0,0,51693,0
51688,-878,8014,1212,73,-4,24,13493,1,6,-3,0,37056,118,27,66,0,0,0,0,0,0,0,0,-32311,0,0,0,0,0,51698,0
51693,-876,7962,1222,77,-5,23,13491,5,-10,-1,0,37056,118,27,66,0,0,0,0,0,0,0,0,-32310,0,0,0,0,0,51703,0
51698,-874,8002,1204,76,-11,24,13491,2,1,-1,0,37056,113,27,66,0,0,0,0,0,0,0,0,-32311,0,0,0,0,0,51708,0
51703,-866,8004,1212,72,-17,26,13492,-8,1,-4,0,37056,113,27,66,0,0,0,0,0,0,0,0,-32311,0,0,0,0,0,51713,0
51708,-856,7974,1246,71,-10,26,13491,0,0,-2,0,37063,119,27,66,0,0,0,0,0,0,0,0,-32311,0,0,0,0,0,51718,0
51713,-872,7972,1244,74,-5,28,13491,2,-5,-2,0,37063,119,27,66,0,0,0,0,0,0,0,0,-32310,0,0,0,0,0,51723,0
51718,-866,8006,1232,73,-7,26,13492,0,-2,-2,0,37070,123,27,66,0,0,0,0,0,0,0,0,-32311,0,0,0,0,0,51728,0
51723,-878,7996,1254,73,-9,28,13492,-1,1,-2,0,37070,123,27,66,0,0,0,0,0,0,0,0,-32310,0,0,0,0,0,51733,0
51728,-870,8004,1254,70,-8,27,13492,1,0,-1,0,37080,126,27,66,0,0,0,0,0,0,0,0,-32310,0,0,0,0,0,51738,0
51733,-874,8008,1228,75,-6,28,13492,-3,-4,-2,0,37080,126,27,66,0,0,0,0,0,0,0,0,-32310,0,0,0,0,0,51743,0
51738,-866,7990,1212,78,-5,23,13492,0,0,-3,0,37084,129,27,66,0,0,0,0,0,0,0,0,-32310,0,0,0,0,0,51748,0
51743,-874,7994,1218,75,-6,21,13491,-2,-1,-2,0,37084,129,27,66,0,0,0,0,0,0,0,0,-32310,0,0,0,0,0,51753,0
51748,-876,8008,1208,74,-8,26,13492,0,3,-3,0,37080,123,27,66,0,0,0,0,0,0,0,0,-32310,0,0,0,0,0,51758,0
51753,-866,7994,1198,71,-11,22,13492,-3,3,-3,0,37080,123,27,66,0,0,0,0,0,0,0,0,-32310,0,0,0,0,0,51763,0
51758,-906,8010,1218,70,-8,24,13493,4,8,0,0,37070,120,27,66,0,0,0,0,0,0,0,0,-32310,0,0,0,0,0,51768,0
51763,-878,8018,1204,72,-7,26,13492,3,-1,-2,0,37070,120,27,66,0,0,0,0,0,0,0,0,-32310,0,0,0,0,0,51773,0
51768,-896,8008,1208,74,-10,23,13492,6,-3,0,0,37054,125,27,66,0,0,0,0,0,0,0,0,-32311,0,0,0,0,0,51778,0
51773,-864,7972,1214,72,-8,24,13492,1,-3,-1,0,37054,125,27,66,0,0,0,0,0,0,0,0,-32310,0,0,0,0,0,51783,0
51778,-868,7984,1220,73,-8,29,13492,8,3,-2,0,37053,124,27,66,0,0,0,0,0,0,0,0,-32311,0,0,0,0,0,51788,0
51783,-870,7978,1238,80,-12,24,13491,0,-6,-1,0,37053,124,27,66,0,0,0,0,0,0,0,0,-32310,0,0,0,0,0,51793,0
51788,-862,8012,1226,79,-11,27,13491,4,1,-3,0,37054,123,27,66,0,0,0,0,0,0,0,0,-32310,0,0,0,0,0,51798,0
51793,-854,7990,1244,69,-6,27,13492,2,1,-4,0,37054,123,27,66,0,0,0,0,0,0,0,0,-32311,0,0,0,0,0,51803,0
51798,-864,7990,1220,78,-8,32,13493,1,3,-2,0,37056,119,27,66,0,0,0,0,0,0,0,0,-32310,0,0,0,0,0,51808,0
51803,-856,7998,1232,78,-8,27,13493,7,0,-2,0,37056,119,27,66,0,0,0,0,0,0,0,0,-32310,0,0,0,0,0,51813,0
51808,-878,8002,1228,83,-6,27,13491,-9,-2,-3,0,37058,121,27,66,0,0,0,0,0,0,0,0,-32310,0,0,0,0,0,51818,0
51813,-860,7996,1226,77,-5,26,13492,0,0,-3,0,37058,121,27,66,0,0,0,0,0,0,0,0,-32310,0,0,0,0,0,51823,0
51818,-890,7990,1212,75,-6,29,13492,2,2,-2,0,37060,123,27,66,0,0,0,0,0,0,0,0,-32311,0,0,0,0,0,51828,0
51823,-900,8002,1220,79,-8,24,13492,8,-2,-1,0,37060,123,27,66,0,0,0,0,0,0,0,0,-32311,0,0,0,0,0,51833,0
51828,-876,7994,1218,79,-10,24,13491,0,1,-1,0,37059,118,27,66,0,0,0,0,0,0,0,0,-32310,0,0,0,0,0,51838,0
51833,-880,8000,1196,81,-6,30,13493,6,3,0,0,37059,118,27,66,0,0,0,0,0,0,0,0,-32311,0,0,0,0,0,51843,0
51838,-902,7990,1194,77,-5,23,13493,3,4,-1,0,37057,119,27,66,0,0,0,0,0,0,0,0,-32311,0,0,0,0,0,51848,0
51843,-888,8014,1202,76,-6,21,13491,1,-1,-2,0,37057,119,27,66,0,0,0,0,0,0,0,0,-32311,0,0,0,0,0,51853,0
51848,-886,7992,1202,77,-8,29,13491,-4,-3,-1,0,37056,127,27,66,0,0,0,0,0,0,0,0,-32311,0,0,0,0,0,51858,0
51853,-858,7982,1226,77,-9,21,13493,4,-7,-1,0,37056,127,27,66,0,0,0,0,0,0,0,0,-32310,0,0,0,0,0,51863,0
51858,-846,8004,1230,74,-7,22,13491,-2,4,-1,0,37055,130,27,66,0,0,0,0,0,0,0,0,-32310,0,0,0,0,0,51868,0
51863,-842,8004,1238,78,-8,22,13493,5,2,-1,0,37055,130,27,66,0,0,0,0,0,0,0,0,-32311,0,0,0,0,0,51873,0
51868,-874,8016,1244,76,-7,22,13492,1,-1,-1,0,37052,131,27,66,0,0,0,0,0,0,0,0,-32311,0,0,0,0,0,51878,0
51873,-872,8022,1232,81,-5,22,13492,4,4,-2,0,37052,131,27,66,0,0,0,0,0,0,0,0,-32310,0,0,0,0,0,51883,0
51878,-890,7990,1220,80,-5,25,13491,1,1,-2,0,37052,126,27,66,0,0,0,0,0,0,0,0,-32311,0,0,0,0,0,51888,0
51883,-864,8000,1236,77,-6,19,13491,-3,0,-2,0,37052,126,27,66,0,0,0,0,0,0,0,0,-32311,0,0,0,0,0,51893,0
51888,-878,7962,1232,80,-10,27,13492,2,-2,-3,0,37056,128,27,66,0,0,0,0,0,0,0,0,-32311,0,0,0,0,0,51898,0
51893,-866,7958,1246,79,-7,22,13492,-1,2,-1,0,37056,128,27,66,0,0,0,0,0,0,0,0,-32311,0,0,0,0,0,51903,0
51898,-900,8008,1220,75,-2,25,13492,-3,1,-2,0,37061,123,27,66,0,0,0,0,0,0,0,0,-32311,0,0,0,0,0,51908,0
51903,-880,7982,1222,78,-6,23,13490,-4,-2,-2,0,37061,123,27,66,0,0,0,0,0,0,0,0,-32310,0,0,0,0,0,51913,0
51908,-860,7986,1222,80,-6,22,13492,-1,-2,0,0,37059,125,27,66,0,0,0,0,0,0,0,0,-32310,0,0,0,0,0,51918,0
51913,-876,8010,1200,79,0,25,13492,1,1,1,0,37059,125,27,66,0,0,0,0,0,0,0,0,-32310,0,0,0,0,0,51923,0
51918,-874,8012,1220,78,-4,27,13493,1,2,-1,0,37063,122,27,66,0,0,0,0,0,0,0,0,-32310,0,0,0,0,0,51928,0
51923,-872,8020,1194,79,-5,26,13491,-5,0,-1,0,37063,122,27,66,0,0,0,0,0,0,0,0,-32311,0,0,0,0,0,51933,0
51928,-872,8000,1210,84,-7,23,13492,3,2,0,0,37060,120,27,66,0,0,0,0,0,0,0,0,-32310,0,0,0,0,0,51938,0
51933,-878,7978,1214,76,-13,24,13491,6,1,-1,0,37060,120,27,66,0,0,0,0,0,0,0,0,-32310,0,0,0,0,0,51943,0
51938,-868,8022,1234,81,-4,24,13491,-3,0,-2,0,37061,120,27,66,0,0,0,0,0,0,0,0,-32310,0,0,0,0,0,51948,0
51943,-874,7998,1232,79,-9,27,13492,0,-4,-1,0,37061,120,27,66,0,0,0,0,0,0,0,0,-32311,0,0,0,0,0,51953,0
51948,-872,8018,1222,80,-9,27,13492,2,3,-1,0,37055,121,27,66,0,0,0,0,0,0,0,0,-32310,0,0,0,0,0,51958,0
51953,-862,7996,1260,78,-13,25,13492,0,1,-1,0,37055,121,27,66,0,0,0,0,0,0,0,0,-32310,0,0,0,0,0,51963,0
51958,-860,7994,1232,76,-9,23,13492,-3,-4,0,0,37054,123,27,66,0,0,0,0,0,0,0,0,-32310,0,0,0,0,0,51968,0
51963,-856,7980,1238,87,-13,23,13492,4,2,-3,0,37054,123,27,66,0,0,0,0,0,0,0,0,-32311,0,0,0,0,0,51973,0
51968,-862,7984,1244,87,-11,17,13491,2,0,-2,0,37054,118,27,66,0,0,0,0,0,0,0,0,-32310,0,0,0,0,0,51978,0
51973,-852,7992,1264,86,-5,23,13492,2,-2,-2,0,37054,118,27,66,0,0,0,0,0,0,0,0,-32310,0,0,0,0,0,51983,0
51978,-838,7998,1266,87,-6,23,13492,0,-4,-1,0,37053,118,27,66,0,0,0,0,0,0,0,0,-32310,0,0,0,0,0,51988,0
51983,-858,7962,1262,88,-8,19,13492,3,5,-1,0,37053,118,27,66,0,0,0,0,0,0,0,0,-32311,0,0,0,0,0,51993,0
51988,-878,7990,1248,88,-9,18,13491,-2,-4,-3,0,37054,125,27,66,0,0,0,0,0,0,0,0,-32310,0,0,0,0,0,51998,0
51993,-880,8014,1252,95,-4,21,13491,-1,-3,-2,0,37054,125,27,66,0,0,0,0,0,0,0,0,-32311,0,0,0,0,0,52003,0
51998,-856,7994,1254,89,-9,15,13491,-4,-3,-1,0,37055,130,27,66,0,0,0,0,0,0,0,0,-32311,0,0,0,0,0,52008,0
52003,-856,7988,1248,92,0,17,13491,0,1,-2,0,37055,130,27,66,0,0,0,0,0,0,0,0,-32310,0,0,0,0,0,52013,0
52008,-866,8008,1270,90,-3,24,13491,0,1,-2,0,37057,126,27,66,0,0,0,0,0,0,0,0,-32311,0,0,0,0,0,52018,0
52013,-866,8010,1248,96,-6,16,13491,-3,3,-1,0,37057,126,27,66,0,0,0,0,0,0,0,0,-32310,0,0,0,0,0,52023,0
52018,-882,7980,1248,95,-9,20,13491,-5,1,0,0,37061,127,27,66,0,0,0,0,0,0,0,0,-32311,0,0,0,0,0,52028,0
52023,-868,7982,1254,97,-4,17,13493,3,4,-1,0,37061,127,27,66,0,0,0,0,0,0,0,0,-32310,0,0,0,0,0,52033,0
52028,-880,8000,1240,98,-9,16,13491,-7,1,-1,0,37062,126,27,66,0,0,0,0,0,0,0,0,-32311,0,0,0,0,0,52038,0
52033,-844,7982,1246,100,-6,17,13492,-5,1,-1,0,37062,126,27,66,0,0,0,0,0,0,0,0,-32310,0,0,0,0,0,52043,0
52038,-846,8008,1248,102,-7,12,13491,-1,-3,-1,0,37060,127,27,66,0,0,0,0,0,0,0,0,-32311,0,0,0,0,0,52048,0
52043,-840,7994,1256,95,-5,11,13491,0,3,-2,0,37060,127,27,66,0,0,0,0,0,0,0,0,-32310,0,0,0,0,0,52053,0
52048,-842,7980,1260,102,-5,13,13491,0,0,-3,0,37057,122,27,66,0,0,0,0,0,0,0,0,-32310,0,0,0,0,0,52058,0
52053,-850,8002,1262,110,-3,8,13491,0,4,-2,0,37057,122,27,66,0,0,0,0,0,0,0,0,-32310,0,0,0,0,0,52063,0
52058,-882,7972,1254,104,-6,9,13490,-9,1,-1,0,37056,121,27,66,0,0,0,0,0,0,0,0,-32310,0,0,0,0,0,52068,0
52063,-896,7990,1242,110,-6,17,13491,-4,2,-2,0,37056,121,27,66,0,0,0,0,0,0,0,0,-32310,0,0,0,0,0,52073,0
52068,-896,7986,1214,106,-4,18,13492,1,0,-2,0,37056,126,27,66,0,0,0,0,0,0,0,0,-32310,0,0,0,0,0,52078,0
52073,-892,7996,1230,106,-3,16,13491,0,6,-2,0,37056,126,27,66,0,0,0,0,0,0,0,0,-32310,0,0,0,0,0,52083,0
52078,-892,8012,1206,110,-2,15,13492,1,-2,-1,0,37056,132,27,66,0,0,0,0,0,0,0,0,-32311,0,0,0,0,0,52088,0
52083,-900,8006,1218,114,-2,15,13491,-4,-2,-2,0,37056,132,27,66,0,0,0,0,0,0,0,0,-32310,0,0,0,0,0,52093,0
52088,-894,8016,1192,110,-1,17,13491,-4,-1,-2,0,37055,124,27,66,0,0,0,0,0,0,0,0,-32311,0,0,0,0,0,52098,0
52093,-930,8006,1192,117,0,19,13491,-2,1,-1,0,37055,124,27,66,0,0,0,0,0,0,0,0,-32311,0,0,0,0,0,52103,0
52098,-922,7976,1204,114,-1,16,13492,-2,0,-2,0,37055,121,27,66,0,0,0,0,0,0,0,0,-32312,0,0,0,0,0,52108,0
52103,-894,7974,1182,109,-8,23,13492,1,2,-2,0,37055,121,27,66,0,0,0,0,0,0,0,0,-32310,0,0,0,0,0,52113,0
52108,-898,7976,1184,111,-3,22,13492,2,2,-1,0,37056,122,27,66,0,0,0,0,0,0,0,0,-32310,0,0,0,0,0,52118,0
52113,-884,7994,1208,116,1,20,13492,3,1,-1,0,37056,122,27,66,0,0,0,0,0,0,0,0,-32310,0,0,0,0,0,52123,0
52118,-902,8008,1202,116,-5,22,13491,2,-1,0,0,37056,123,27,66,0,0,0,0,0,0,0,0,-32310,0,0,0,0,0,52128,0
52123,-906,8014,1208,115,-1,21,13492,5,3,0,0,37056,123,27,66,0,0,0,0,0,0,0,0,-32310,0,0,0,0,0,52133,0
52128,-888,8008,1214,113,-3,19,13493,5,-3,-2,0,37058,130,27,66,0,0,0,0,0,0,0,0,-32310,0,0,0,0,0,52138,0
52133,-886,7990,1244,117,0,18,13491,0,2,-2,0,37058,130,27,66,0,0,0,0,0,0,0,0,-32310,0,0,0,0,0,52143,0
52138,-874,7978,1242,119,-3,22,13493,2,-5,-1,0,37059,128,27,66,0,0,0,0,0,0,0,0,-32311,0,0,0,0,0,52148,0
52143,-860,7990,1228,116,-7,19,13491,0,-6,-2,0,37059,128,27,66,0,0,0,0,0,0,0,0,-32311,0,0,0,0,0,52153,0
52148,-864,7998,1252,129,-1,19,13491,-4,-2,-4,0,37064,128,27,66,0,0,0,0,0,0,0,0,-32310,0,0,0,0,0,52158,0
52153,-872,7978,1292,123,-4,21,13493,2,-3,-2,0,37064,128,27,66,0,0,0,0,0,0,0,0,-32310,0,0,0,0,0,52163,0
52158,-868,7986,1264,122,-4,20,13492,1,-1,0,0,37062,133,27,66,0,0,0,0,0,0,0,0,-32310,0,0,0,0,0,52168,0
52163,-832,8018,1248,129,-6,14,13491,-2,4,-1,0,37062,133,27,66,0,0,0,0,0,0,0,0,-32310,0,0,0,0,0,52173,0
52168,-870,7982,1284,137,-2,19,13492,3,-2,-1,0,37060,126,27,66,0,0,0,0,0,0,0,0,-32310,0,0,0,0,0,52178,0
52173,-874,7982,1270,134,-3,18,13491,-1,1,-2,0,37060,126,27,66,0,0,0,0,0,0,0,0,-32310,0,0,0,0,0,52183,0
52178,-884,7982,1316,142,-5,14,13492,-3,0,-1,0,37057,123,27,66,0,0,0,0,0,0,0,0,-32311,0,0,0,0,0,52188,0
52183,-868,7972,1302,141,-6,16,13492,5,-3,-2,0,37057,123,27,66,0,0,0,0,0,0,0,0,-32311,0,0,0,0,0,52193,0
52188,-868,7964,1316,151,-4,10,13492,4,5,-2,0,37058,118,27,66,0,0,0,0,0,0,0,0,-32310,0,0,0,0,0,52198,0
52193,-856,7952,1342,162,1,11,13492,0,-1,-3,0,37058,118,27,66,0,0,0,0,0,0,0,0,-32311,0,0,0,0,0,52203,0
52198,-852,7976,1326,163,-2,5,13491,3,0,-3,0,37059,115,27,66,0,0,0,0,0,0,0,0,-32310,0,0,0,0,0,52208,0
52203,-854,7974,1336,162,-6,10,13492,-2,-3,-2,0,37059,115,27,66,0,0,0,0,0,0,0,0,-32310,0,0,0,0,0,52213,0
52208,-832,7934,1342,172,4,6,13491,-5,-1,-1,0,37057,116,27,66,0,0,0,0,0,0,0,0,-32310,0,0,0,0,0,52218,0
52213,-870,7968,1342,174,2,7,13492,4,2,-1,0,37057,116,27,66,0,0,0,0,0,0,0,0,-32310,0,0,0,0,0,52223,0
52218,-868,7980,1344,183,0,5,13491,-2,1,-2,0,37055,123,27,66,0,0,0,0,0,0,0,0,-32311,0,0,0,0,0,52228,0
52223,-866,7952,1364,189,2,8,13491,-3,-2,-4,0,37055,123,27,66,0,0,0,0,0,0,0,0,-32310,0,0,0,0,0,52233,0
52228,-870,7948,1360,199,1,4,13492,4,-2,-3,0,37063,123,27,66,0,0,0,0,0,0,0,0,-32310,0,0,0,0,0,52238,0
52233,-878,7962,1380,201,7,6,13492,-1,4,-2,0,37063,123,27,66,0,0,0,0,0,0,0,0,-32310,0,0,0,0,0,52243,0
52238,-848,7954,1360,207,2,3,13491,-3,1,-2,0,37062,121,27,66,0,0,0,0,0,0,0,0,-32310,0,0,0,0,0,52248,0
52243,-844,7936,1384,213,5,2,13491,0,0,-1,0,37062,121,27,66,0,0,0,0,0,0,0,0,-32311,0,0,0,0,0,52253,0
52248,-878,7920,1410,225,1,2,13492,2,-1,-3,0,37063,122,27,66,0,0,0,0,0,0,0,0,-32311,0,0,0,0,0,52258,0
52253,-846,7920,1424,234,5,0,13492,-3,2,-3,0,37063,122,27,66,0,0,0,0,0,0,0,0,-32311,0,0,0,0,0,52263,0
52258,-860,7946,1422,237,4,1,13491,0,2,-1,0,37054,119,27,66,0,0,0,0,0,0,0,0,-32310,0,0,0,0,0,52268,0
52263,-860,7938,1426,247,5,2,13491,0,0,-2,0,37054,119,27,66,0,0,0,0,0,0,0,0,-32310,0,0,0,0,0,52273,0
52268,-848,7910,1436,269,9,-3,13493,2,2,-1,0,37054,120,27,66,0,0,0,0,0,0,0,0,-32310,0,0,0,0,0,52278,0
52273,-844,7936,1440,269,11,-4,13491,-3,1,-1,0,37054,120,27,66,0,0,0,0,0,0,0,0,-32310,0,0,0,0,0,52283,0
52278,-822,7904,1446,277,15,-1,13492,-1,2,-2,0,37052,119,27,66,0,0,0,0,0,0,0,0,-32310,0,0,0,0,0,52288,0
52283,-858,7914,1438,287,14,-5,13492,0,-4,-1,0,37052,119,27,66,0,0,0,0,0,0,0,0,-32310,0,0,0,0,0,52293,0
52288,-846,7916,1452,303,18,-6,13490,-8,-1,-1,0,37054,124,27,66,0,0,0,0,0,0,0,0,-32310,0,0,0,0,0,52298,0
52293,-866,7912,1462,315,19,-7,13492,0,-1,-2,0,37054,124,27,66,0,0,0,0,0,0,0,0,-32310,0,0,0,0,0,52303,0
52298,-866,7910,1472,328,14,-8,13491,8,-1,-3,0,37054,130,27,66,0,0,0,0,0,0,0,0,-32310,0,0,0,0,0,52308,0
52303,-862,7934,1460,330,21,-7,13492,6,6,-2,0,37054,130,27,66,0,0,0,0,0,0,0,0,-32310,0,0,0,0,0,52313,0
52308,-880,7926,1466,357,17,-11,13491,5,2,-1,0,37056,126,27,66,0,0,0,0,0,0,0,0,-32310,0,0,0,0,0,52318,0
52313,-862,7928,1498,365,18,-7,13492,-3,4,-2,0,37056,126,27,66,0,0,0,0,0,0,0,0,-32310,0,0,0,0,0,52323,0
52318,-872,7920,1488,374,19,-8,13492,2,-2,-1,0,37056,123,27,66,0,0,0,0,0,0,0,0,-32310,0,0,0,0,0,52329,0
52323,-858,7926,1498,384,24,-7,13493,4,-1,0,0,37056,123,27,66,0,0,0,0,0,0,0,0,-32310,0,0,0,0,0,52334,0
52328,-842,7902,1486,406,23,-14,13492,0,-1,0,0,37056,126,27,66,0,0,0,0,0,0,0,0,-32310,0,0,0,0,0,52339,0
52333,-840,7888,1494,417,27,-14,13492,6,0,0,0,37056,126,27,66,0,0,0,0,0,0,0,0,-32310,0,0,0,0,0,52344,0
52338,-890,7900,1508,435,24,-15,13491,0,0,-1,0,37060,129,27,66,0,0,0,0,0,0,0,0,-32310,0,0,0,0,0,52349,0
52343,-860,7898,1486,443,34,-13,13490,-2,1,-2,0,37060,129,27,66,0,0,0,0,0,0,0,0,-32310,0,0,0,0,0,52354,0
52348,-908,7898,1488,458,34,-12,13492,0,0,-3,0,37059,128,27,66,0,0,0,0,0,0,0,0,-32310,0,0,0,0,0,52359,0
52353,-860,7902,1480,475,37,-16,13491,3,1,-2,0,37059,128,27,66,0,0,0,0,0,0,0,0,-32310,0,0,0,0,0,52364,0
52358,-868,7898,1480,484,41,-16,13491,-2,4,-1,0,37057,121,27,66,0,0,0,0,0,0,0,0,-32310,0,0,0,0,0,52369,0
52363,-892,7908,1462,501,46,-15,13491,0,-4,-2,0,37057,121,27,66,0,0,0,0,0,0,0,0,-32310,0,0,0,0,0,52374,0
52368,-894,7910,1398,519,46,-11,13491,-1,2,0,0,37052,120,27,66,0,0,0,0,0,0,0,0,-32311,0,0,0,0,0,52379,0
52373,-872,7896,1380,527,48,-15,13491,-2,3,0,0,37052,120,27,66,0,0,0,0,0,0,0,0,-32310,0,0,0,0,0,52384,0
52378,-864,7916,1382,540,51,-13,13492,9,0,-1,0,37051,128,27,66,0,0,0,0,0,0,0,0,-32311,0,0,0,0,0,52389,0
52383,-916,7932,1362,552,52,-15,13491,-1,-1,-1,0,37051,128,27,66,0,0,0,0,0,0,0,0,-32311,0,0,0,0,0,52394,0
52388,-878,7926,1306,570,57,-12,13491,1,2,-2,0,37054,126,27,66,0,0,0,0,0,0,0,0,-32310,0,0,0,0,0,52399,0
52393,-900,7916,1328,575,54,-11,13492,-1,-1,-1,0,37054,126,27,66,0,0,0,0,0,0,0,0,-32310,0,0,0,0,0,52404,0
52398,-902,7930,1290,590,55,-12,13493,8,-3,-3,0,37057,123,27,66,0,0,0,0,0,0,0,0,-32311,0,0,0,0,0,52409,0
52403,-904,7910,1276,592,57,-8,13491,-3,-2,-2,0,37057,123,27,66,0,0,0,0,0,0,0,0,-32310,0,0,0,0,0,52414,0
52408,-896,7910,1242,615,61,-16,13491,0,-1,-1,0,37061,117,27,66,0,0,0,0,0,0,0,0,-32311,0,0,0,0,0,52419,0
52413,-888,7944,1206,623,58,-14,13492,-2,-3,-1,0,37061,117,27,66,0,0,0,0,0,0,0,0,-32310,0,0,0,0,0,52424,0
52418,-868,7906,1200,626,62,-9,13492,0,3,-1,0,37058,114,27,66,0,0,0,0,0,0,0,0,-32310,0,0,0,0,0,52429,0
52423,-860,7936,1190,633,65,-17,13492,7,-1,-1,0,37058,114,27,66,0,0,0,0,0,0,0,0,-32310,0,0,0,0,0,52434,0
52428,-888,7980,1130,648,74,-20,13492,1,1,-1,0,37054,117,27,66,0,0,0,0,0,0,0,0,-32310,0,0,0,0,0,52439,0
52433,-894,7974,1100,658,73,-18,13491,-11,-1,-5,0,37054,117,27,66,0,0,0,0,0,0,0,0,-32311,0,0,0,0,0,52444,0
52438,-892,7946,1100,667,73,-15,13492,-1,0,-2,0,37057,114,27,66,0,0,0,0,0,0,0,0,-32311,0,0,0,0,0,52449,0
52443,-900,7952,1094,673,71,-15,13492,1,0,-2,0,37057,114,27,66,0,0,0,0,0,0,0,0,-32310,0,0,0,0,0,52454,0
52448,-886,7960,984,682,72,-22,13491,3,1,-3,0,37060,115,27,66,0,0,0,0,0,0,0,0,-32310,0,0,0,0,0,52459,0
52453,-878,7982,988,689,72,-26,13492,-4,-6,-3,0,37060,115,27,66,0,0,0,0,0,0,0,0,-32310,0,0,0,0,0,52464,0
52458,-872,8006,958,693,69,-21,13492,-1,1,-1,0,37063,119,27,66,0,0,0,0,0,0,0,0,-32310,0,0,0,0,0,52469,0
52463,-850,8000,912,689,74,-22,13492,7,-1,-2,0,37063,119,27,66,0,0,0,0,0,0,0,0,-32310,0,0,0,0,0,52474,0
52468,-824,8026,844,702,80,-27,13490,1,4,-1,0,37058,119,27,66,0,0,0,0,0,0,0,0,-32311,0,0,0,0,0,52479,0
52473,-850,8034,850,705,80,-28,13493,2,-4,-1,0,37058,119,27,66,0,0,0,0,0,0,0,0,-32310,0,0,0,0,0,52484,0
52478,-852,8036,802,703,75,-28,13492,1,2,-1,0,37056,126,27,66,0,0,0,0,0,0,0,0,-32310,0,0,0,0,0,52489,0
52483,-874,8004,750,706,76,-33,13492,4,5,0,0,37056,126,27,66,0,0,0,0,0,0,0,0,-32310,0,0,0,0,0,52494,0
52488,-852,8016,734,712,78,-41,13491,2,-4,-1,0,37056,123,27,66,0,0,0,0,0,0,0,0,-32310,0,0,0,0,0,52499,0
52493,-852,8044,708,716,74,-38,13491,0,-6,-2,0,37056,123,27,66,0,0,0,0,0,0,0,0,-32310,0,0,0,0,0,52504,0
52498,-860,8034,676,717,77,-41,13493,3,1,-4,0,37056,130,27,66,0,0,0,0,0,0,0,0,-32311,0,0,0,0,0,52509,0
52503,-844,8046,666,718,66,-45,13492,-1,2,-3,0,37056,130,27,66,0,0,0,0,0,0,0,0,-32310,0,0,0,0,0,52514,0
52508,-878,8034,610,722,70,-50,13493,-3,1,-1,0,37056,125,27,66,0,0,0,0,0,0,0,0,-32310,0,0,0,0,0,52519,0
52513,-866,8050,604,719,70,-50,13493,4,-6,0,0,37056,125,27,66,0,0,0,0,0,0,0,0,-32310,0,0,0,0,0,52524,0
52518,-856,8030,596,718,71,-51,13491,-9,0,-2,0,37055,134,27,66,0,0,0,0,0,0,0,0,-32310,0,0,0,0,0,52529,0
52523,-858,8050,586,716,66,-58,13492,-3,-5,-2,0,37055,134,27,66,0,0,0,0,0,0,0,0,-32310,0,0,0,0,0,52534,0
52528,-868,8092,570,725,70,-65,13491,5,0,-1,0,37054,127,27,66,0,0,0,0,0,0,0,0,-32310,0,0,0,0,0,52539,0
52533,-846,8064,556,717,69,-61,13491,0,4,-3,0,37054,127,27,66,0,0,0,0,0,0,0,0,-32310,0,0,0,0,0,52544,0
52538,-848,8084,546,722,76,-68,13492,1,0,-2,0,37059,124,27,66,0,0,0,0,0,0,0,0,-32310,0,0,0,0,0,52549,0
52543,-848,8088,510,714,75,-67,13492,-3,3,-1,0,37059,124,27,66,0,0,0,0,0,0,0,0,-32311,0,0,0,0,0,52554,0
52548,-864,8090,438,708,78,-72,13492,-1,2,-2,0,37059,120,27,66,0,0,0,0,0,0,0,0,-32310,0,0,0,0,0,52559,0
52553,-912,8096,414,710,74,-71,13491,0,-6,-1,0,37059,120,27,66,0,0,0,0,0,0,0,0,-32310,0,0,0,0,0,52564,0
52558,-924,8084,356,705,79,-73,13492,-5,1,-1,0,37058,124,27,66,0,0,0,0,0,0,0,0,-32311,0,0,0,0,0,52569,0
52563,-930,8078,324,704,80,-76,13492,0,2,-2,0,37058,124,27,66,0,0,0,0,0,0,0,0,-32310,0,0,0,0,0,52574,0
52568,-966,8068,284,695,71,-74,13492,-1,2,-1,0,37053,119,27,66,0,0,0,0,0,0,0,0,-32311,0,0,0,0,0,52579,0
52573,-938,8114,230,691,72,-83,13493,4,3,-1,0,37053,119,27,66,0,0,0,0,0,0,0,0,-32311,0,0,0,0,0,52584,0
52578,-958,8098,224,681,66,-81,13492,3,0,-2,0,37053,118,27,66,0,0,0,0,0,0,0,0,-32310,0,0,0,0,0,52589,0
52583,-946,8120,192,679,67,-79,13491,0,1,-2,0,37053,118,27,66,0,0,0,0,0,0,0,0,-32310,0,0,0,0,0,52594,0
52588,-964,8170,206,671,67,-82,13492,-6,1,-1,0,37056,123,27,66,0,0,0,0,0,0,0,0,-32310,0,0,0,0,0,52599,0
52593,-1006,8120,144,664,65,-86,13492,-2,3,-1,0,37056,123,27,66,0,0,0,0,0,0,0,0,-32310,0,0,0,0,0,52604,0
52598,-970,8092,188,657,62,-78,13492,1,0,-2,0,37056,118,27,66,0,0,0,0,0,0,0,0,-32311,0,0,0,0,0,52609,0
52603,-1006,8114,120,646,66,-82,13492,1,-2,-3,0,37056,118,27,66,0,0,0,0,0,0,0,0,-32310,0,0,0,0,0,52614,0
52608,-1002,8116,82,641,61,-80,13493,-2,7,-2,0,37056,122,27,66,0,0,0,0,0,0,0,0,-32310,0,0,0,0,0,52619,0
52613,-990,8096,98,628,58,-83,13491,1,0,-2,0,37056,122,27,66,0,0,0,0,0,0,0,0,-32310,0,0,0,0,0,52624,0
52618,-1020,8130,72,621,53,-79,13491,0,-7,-2,0,37054,123,27,66,0,0,0,0,0,0,0,0,-32310,0,0,0,0,0,52629,0
52623,-1028,8100,-8,621,55,-87,13492,1,2,-2,0,37054,123,27,66,0,0,0,0,0,0,0,0,-32310,0,0,0,0,0,52634,0
52628,-1070,8140,46,603,50,-80,13491,-3,-1,-2,0,37053,132,27,66,0,0,0,0,0,0,0,0,-32310,0,0,0,0,0,52639,0
52633,-1080,8166,114,599,50,-74,13491,-4,0,-3,0,37053,132,27,66,0,0,0,0,0,0,0,0,-32311,0,0,0,0,0,52644,0
52638,-1084,8124,-28,595,55,-76,13492,-2,1,-3,0,37054,137,27,66,0,0,0,0,0,0,0,0,-32310,0,0,0,0,0,52649,0
52643,-1062,8080,-2,592,49,-75,13492,0,1,0,0,37054,137,27,66,0,0,0,0,0,0,0,0,-32310,0,0,0,0,0,52654,0
52648,-1140,8078,64,572,48,-70,13491,-3,-5,-2,0,37056,131,27,66,0,0,0,0,0,0,0,0,-32310,0,0,0,0,0,52659,0
52653,-1136,8076,-14,572,42,-70,13492,-4,3,-3,0,37056,131,27,66,0,0,0,0,0,0,0,0,-32311,0,0,0,0,0,52664,0
52658,-1066,8192,22,557,50,-68,13492,1,1,-2,0,37059,124,27,66,0,0,0,0,0,0,0,0,-32310,0,0,0,0,0,52669,0
52663,-1146,8126,30,557,45,-66,13491,1,-5,-2,0,37059,124,27,66,0,0,0,0,0,0,0,0,-32310,0,0,0,0,0,52674,0
52668,-1100,8060,42,545,40,-58,13492,-3,2,-1,0,37059,122,27,66,0,0,0,0,0,0,0,0,-32310,0,0,0,0,0,52679,0
52673,-1100,8068,-92,536,39,-57,13492,1,4,-2,0,37059,122,27,66,0,0,0,0,0,0,0,0,-32310,0,0,0,0,0,52684,0
52678,-1074,8140,2,529,50,-53,13491,-4,-5,-3,0,37056,124,27,66,0,0,0,0,0,0,0,0,-32311,0,0,0,0,0,52689,0
52683,-1126,8070,18,530,49,-53,13492,0,-1,-2,0,37056,124,27,66,0,0,0,0,0,0,0,0,-32310,0,0,0,0,0,52694,0
52688,-1100,8088,6,514,49,-46,13492,5,-1,-1,0,37054,117,27,66,0,0,0,0,0,0,0,0,-32310,0,0,0,0,0,52699,0
52693,-1082,8076,-52,508,49,-42,13491,3,-2,-1,0,37054,117,27,66,0,0,0,0,0,0,0,0,-32310,0,0,0,0,0,52704,0
52698,-1108,8086,-90,517,54,-40,13492,-2,4,-2,0,37055,123,27,66,0,0,0,0,0,0,0,0,-32310,0,0,0,0,0,52709,0
52703,-1168,8152,-40,504,54,-40,13492,-1,3,-3,0,37055,123,27,66,0,0,0,0,0,0,0,0,-32310,0,0,0,0,0,52714,0
52708,-1088,8096,-52,496,41,-41,13491,-9,-3,-1,0,37055,124,27,66,0,0,0,0,0,0,0,0,-32310,0,0,0,0,0,52719,0
52713,-1076,8060,-26,492,36,-41,13491,3,-1,-1,0,37055,124,27,66,0,0,0,0,0,0,0,0,-32310,0,0,0,0,0,52724,0
52718,-1046,8048,-44,487,27,-28,13492,3,-2,-1,0,37054,128,27,66,0,0,0,0,0,0,0,0,-32310,0,0,0,0,0,52729,0
52723,-1060,8048,-82,486,39,-36,13491,-3,0,-2,0,37054,128,27,66,0,0,0,0,0,0,0,0,-32310,0,0,0,0,0,52734,0
52728,-1078,8116,-28,473,39,-33,13491,-3,-3,-3,0,37053,127,27,66,0,0,0,0,0,0,0,0,-32310,0,0,0,0,0,52739,0
52733,-1068,8154,-10,465,39,-28,13491,-5,-2,-3,0,37053,127,27,66,0,0,0,0,0,0,0,0,-32310,0,0,0,0,0,52744,0
52738,-1038,8134,-94,467,43,-28,13492,2,2,-2,0,37053,131,27,66,0,0,0,0,0,0,0,0,-32310,0,0,0,0,0,52749,0
52743,-996,8132,-56,465,37,-26,13492,4,-1,-1,0,37053,131,27,66,0,0,0,0,0,0,0,0,-32310,0,0,0,0,0,52754,0
52748,-1070,8110,-40,456,37,-25,13491,0,0,0,0,37051,136,27,66,0,0,0,0,0,0,0,0,-32310,0,0,0,0,0,52759,0
52753,-1062,8088,-66,448,38,-23,13490,-5,-1,-2,0,37051,136,27,66,0,0,0,0,0,0,0,0,-32310,0,0,0,0,0,52764,0
52758,-1050,8110,-114,444,41,-20,13492,0,4,-2,0,37051,128,27,66,0,0,0,0,0,0,0,0,-32310,0,0,0,0,0,52769,0
52763,-1062,8104,-90,440,42,-26,13491,-4,0,-3,0,37051,128,27,66,0,0,0,0,0,0,0,0,-32310,0,0,0,0,0,52774,0
52768,-1034,8106,-132,430,39,-25,13491,4,-2,-1,0,37051,129,27,66,0,0,0,0,0,0,0,0,-32310,0,0,0,0,0,52779,0
52773,-1044,8162,-152,431,43,-24,13491,-3,0,-2,0,37051,129,27,66,0,0,0,0,0,0,0,0,-32311,0,0,0,0,0,52784,0
52778,-1068,8152,-158,423,37,-24,13493,6,6,-2,0,37054,131,27,66,0,0,0,0,0,0,0,0,-32310,0,0,0,0,0,52789,0
52783,-1062,8182,-182,416,41,-24,13493,6,5,-3,0,37054,131,27,66,0,0,0,0,0,0,0,0,-32311,0,0,0,0,0,52794,0
52788,-1058,8126,-208,409,32,-24,13490,-5,-2,-2,0,37054,133,27,66,0,0,0,0,0,0,0,0,-32310,0,0,0,0,0,52799,0
52793,-1056,8152,-218,410,34,-26,13492,4,0,-1,0,37054,133,27,66,0,0,0,0,0,0,0,0,-32311,0,0,0,0,0,52804,0
52798,-1046,8138,-278,404,27,-26,13492,6,2,-4,0,37054,134,27,66,0,0,0,0,0,0,0,0,-32310,0,0,0,0,0,52809,0
52803,-1068,8120,-246,391,31,-26,13492,2,-1,-1,0,37054,134,27,66,0,0,0,0,0,0,0,0,-32311,0,0,0,0,0,52814,0
52808,-1082,8110,-220,382,18,-29,13492,0,3,-1,0,37054,134,27,66,0,0,0,0,0,0,0,0,-32311,0,0,0,0,0,52819,0
52813,-1032,8126,-240,380,24,-29,13491,-3,-5,-1,0,37054,134,27,66,0,0,0,0,0,0,0,0,-32311,0,0,0,0,0,52824,0
52818,-1078,8166,-220,376,30,-22,13492,-1,0,-1,0,37055,134,27,66,0,0,0,0,0,0,0,0,-32311,0,0,0,0,0,52829,0
52823,-1112,8142,-232,371,27,-22,13491,-2,-4,-1,0,37055,134,27,66,0,0,0,0,0,0,0,0,-32310,0,0,0,0,0,52834,0
52828,-1080,8170,-254,356,27,-21,13491,0,-2,-1,0,37053,131,27,66,0,0,0,0,0,0,0,0,-32310,0,0,0,0,0,52839,0
52833,-1092,8132,-336,358,26,-19,13492,1,0,-2,0,37053,131,27,66,0,0,0,0,0,0,0,0,-32310,0,0,0,0,0,52844,0
52838,-1116,8072,-304,350,24,-23,13493,7,2,-1,0,37053,126,27,66,0,0,0,0,0,0,0,0,-32310,0,0,0,0,0,52849,0
52843,-1138,8072,-264,334,20,-19,13492,-1,5,-3,0,37053,126,27,66,0,0,0,0,0,0,0,0,-32310,0,0,0,0,0,52854,0
52848,-1108,8106,-320,327,20,-13,13491,-1,2,-3,0,37053,121,27,66,0,0,0,0,0,0,0,0,-32310,0,0,0,0,0,52859,0
52853,-1100,8116,-332,323,21,-16,13492,2,-3,-3,0,37053,121,27,66,0,0,0,0,0,0,0,0,-32310,0,0,0,0,0,52864,0
52858,-1130,8144,-314,317,27,-13,13492,0,0,-2,0,37057,133,27,66,0,0,0,0,0,0,0,0,-32311,0,0,0,0,0,52869,0
52863,-1092,8172,-300,312,22,-13,13492,-1,0,-3,0,37057,133,27,66,0,0,0,0,0,0,0,0,-32310,0,0,0,0,0,52874,0
52868,-1100,8138,-378,298,24,-9,13492,0,0,-2,0,37057,135,27,66,0,0,0,0,0,0,0,0,-32311,0,0,0,0,0,52879,0
52873,-1138,8116,-398,295,16,-7,13491,-9,2,-1,0,37057,135,27,66,0,0,0,0,0,0,0,0,-32310,0,0,0,0,0,52884,0
52878,-1130,8158,-314,284,16,-3,13492,-1,1,-1,0,37056,141,27,66,0,0,0,0,0,0,0,0,-32310,0,0,0,0,0,52889,0
52883,-1162,8072,-346,282,9,-2,13492,4,-4,0,0,37056,141,27,66,0,0,0,0,0,0,0,0,-32310,0,0,0,0,0,52894,0
52888,-1124,8078,-334,265,7,0,13492,4,4,-1,0,37054,132,27,66,0,0,0,0,0,0,0,0,-32310,0,0,0,0,0,52899,0
52893,-1152,8134,-374,261,7,-2,13492,5,0,-2,0,37054,132,27,66,0,0,0,0,0,0,0,0,-32310,0,0,0,0,0,52904,0
52898,-1158,8140,-362,260,12,-1,13492,-1,0,-3,0,37055,126,27,66,0,0,0,0,0,0,0,0,-32310,0,0,0,0,0,52909,0
52903,-1134,8162,-364,240,11,8,13492,0,2,-3,0,37055,126,27,66,0,0,0,0,0,0,0,0,-32310,0,0,0,0,0,52914,0
52908,-1096,8132,-370,230,7,11,13493,11,-3,-2,0,37058,120,27,66,0,0,0,0,0,0,0,0,-32311,0,0,0,0,0,52919,0
52913,-1114,8124,-362,230,11,11,13491,0,-4,-2,0,37058,120,27,66,0,0,0,0,0,0,0,0,-32310,0,0,0,0,0,52924,0
52918,-1152,8106,-372,226,11,9,13492,2,-3,0,0,37056,114,27,66,0,0,0,0,0,0,0,0,-32311,0,0,0,0,0,52929,0
52923,-1148,8098,-354,218,5,13,13490,-5,1,-2,0,37056,114,27,66,0,0,0,0,0,0,0,0,-32310,0,0,0,0,0,52934,0
52928,-1122,8132,-394,207,11,18,13491,-2,4,-1,0,37054,113,27,66,0,0,0,0,0,0,0,0,-32310,0,0,0,0,0,52939,0
52933,-1108,8156,-374,203,3,20,13492,5,0,-2,0,37054,113,27,66,0,0,0,0,0,0,0,0,-32310,0,0,0,0,0,52944,0
52938,-1096,8134,-362,191,2,20,13492,3,2,-2,0,37051,115,27,66,0,0,0,0,0,0,0,0,-32310,0,0,0,0,0,52949,0
52943,-1090,8092,-372,188,3,25,13492,4,1,-2,0,37051,115,27,66,0,0,0,0,0,0,0,0,-32310,0,0,0,0,0,52953,0
52948,-1116,8142,-388,172,9,24,13493,4,-2,-2,0,37053,119,27,66,0,0,0,0,0,0,0,0,-32311,0,0,0,0,0,52958,0
52953,-1114,8084,-354,172,2,21,13493,-1,-3,-2,0,37053,119,27,66,0,0,0,0,0,0,0,0,-32310,0,0,0,0,0,52963,0
52958,-1102,8118,-370,167,8,22,13491,-4,1,0,0,37061,122,27,66,0,0,0,0,0,0,0,0,-32311,0,0,0,0,0,52968,0
52963,-1092,8162,-360,158,-2,23,13492,2,-6,-1,0,37061,122,27,66,0,0,0,0,0,0,0,0,-32310,0,0,0,0,0,52973,0
52968,-1122,8114,-344,145,-1,27,13492,4,-2,-1,0,37064,128,27,66,0,0,0,0,0,0,0,0,-32310,0,0,0,0,0,52978,0
52973,-1130,8140,-360,146,-1,27,13492,3,5,-1,0,37064,128,27,66,0,0,0,0,0,0,0,0,-32310,0,0,0,0,0,52983,0
52978,-1104,8142,-388,143,1,31,13491,-2,1,-1,0,37061,125,27,66,0,0,0,0,0,0,0,0,-32311,0,0,0,0,0,52988,0
52983,-1100,8132,-376,136,-1,32,13491,-3,2,-1,0,37061,125,27,66,0,0,0,0,0,0,0,0,-32310,0,0,0,0,0,52993,0
52988,-1082,8116,-374,128,-5,26,13491,-4,0,-3,0,37060,125,27,66,0,0,0,0,0,0,0,0,-32311,0,0,0,0,0,52998,0
52993,-1100,8116,-352,121,-8,29,13492,4,2,-2,0,37060,125,27,66,0,0,0,0,0,0,0,0,-32310,0,0,0,0,0,53003,0
52998,-1088,8112,-350,112,-9,31,13492,4,-2,-2,0,37062,131,27,66,0,0,0,0,0,0,0,0,-32310,0,0,0,0,0,53008,0
53003,-1072,8110,-344,111,-3,29,13491,-5,1,-1,0,37062,131,27,66,0,0,0,0,0,0,0,0,-32311,0,0,0,0,0,53013,0
53008,-1080,8126,-354,97,-6,33,13493,1,-4,-1,0,37070,134,27,66,0,0,0,0,0,0,0,0,-32310,0,0,0,0,0,53018,0
53013,-1092,8122,-346,95,-9,34,13492,0,-3,-2,0,37070,134,27,66,0,0,0,0,0,0,0,0,-32310,0,0,0,0,0,53023,0
53018,-1086,8134,-348,93,-5,28,13492,4,-2,-3,0,37069,131,27,66,0,0,0,0,0,0,0,0,-32310,0,0,0,0,0,53028,0
53023,-1068,8110,-352,85,-13,34,13492,5,-4,-2,0,37069,131,27,66,0,0,0,0,0,0,0,0,-32310,0,0,0,0,0,53033,0
53028,-1080,8116,-348,73,-10,35,13492,5,0,-1,0,37062,123,27,66,0,0,0,0,0,0,0,0,-32310,0,0,0,0,0,53038,0
53033,-1066,8094,-318,76,-5,31,13491,-2,1,-3,0,37062,123,27,66,0,0,0,0,0,0,0,0,-32310,0,0,0,0,0,53043,0
53038,-1042,8118,-332,65,-12,32,13492,0,-5,-1,0,37054,118,27,66,0,0,0,0,0,0,0,0,-32310,0,0,0,0,0,53048,0
53043,-1078,8126,-324,67,-11,31,13491,-3,-3,-3,0,37054,118,27,66,0,0,0,0,0,0,0,0,-32310,0,0,0,0,0,53053,0
53048,-1058,8110,-318,61,-9,29,13491,-9,-1,-3,0,37055,113,27,66,0,0,0,0,0,0,0,0,-32311,0,0,0,0,0,53058,0
53053,-1042,8102,-296,56,-10,29,13491,0,-4,-2,0,37055,113,27,66,0,0,0,0,0,0,0,0,-32310,0,0,0,0,0,53063,0
53058,-1058,8104,-298,57,-9,30,13493,8,2,-2,0,37054,115,27,66,0,0,0,0,0,0,0,0,-32310,0,0,0,0,0,53068,0
53063,-1040,8114,-296,47,-14,32,13491,2,0,-4,0,37054,115,27,66,0,0,0,0,0,0,0,0,-32310,0,0,0,0,0,53073,0
53068,-1074,8110,-310,35,-14,30,13492,6,2,-5,0,37056,126,27,66,0,0,0,0,0,0,0,0,-32310,0,0,0,0,0,53078,0
53073,-1038,8116,-290,36,-17,25,13491,-6,-3,-3,0,37056,126,27,66,0,0,0,0,0,0,0,0,-32311,0,0,0,0,0,53083,0
53078,-1062,8114,-300,36,-12,32,13491,0,3,-4,0,37057,133,27,66,0,0,0,0,0,0,0,0,-32310,0,0,0,0,0,53088,0
53083,-1062,8124,-292,32,-19,31,13491,0,0,-2,0,37057,133,27,66,0,0,0,0,0,0,0,0,-32310,0,0,0,0,0,53093,0
53088,-1054,8112,-268,23,-19,22,13491,-6,-1,-2,0,37057,134,27,66,0,0,0,0,0,0,0,0,-32311,0,0,0,0,0,53098,0
53093,-1068,8122,-268,22,-10,30,13493,6,1,-1,0,37057,134,27,66,0,0,0,0,0,0,0,0,-32310,0,0,0,0,0,53103,0
53098,-1070,8104,-254,21,-19,24,13490,-7,3,-3,0,37054,126,27,66,0,0,0,0,0,0,0,0,-32312,0,0,0,0,0,53108,0
53103,-1082,8106,-236,16,-12,28,13492,1,1,-3,0,37054,126,27,66,0,0,0,0,0,0,0,0,-32310,0,0,0,0,0,53113,0
53108,-1052,8106,-218,11,-17,24,13491,-5,-5,-2,0,37055,123,27,66,0,0,0,0,0,0,0,0,-32310,0,0,0,0,0,53118,0
53113,-1060,8086,-234,14,-18,26,13491,-6,4,-2,0,37055,123,27,66,0,0,0,0,0,0,0,0,-32310,0,0,0,0,0,53123,0
53118,-1066,8104,-234,13,-12,25,13492,-1,4,-2,0,37054,120,27,66,0,0,0,0,0,0,0,0,-32310,0,0,0,0,0,53128,0
53123,-1064,8096,-210,15,-14,23,13492,0,0,-2,0,37054,120,27,66,0,0,0,0,0,0,0,0,-32310,0,0,0,0,0,53133,0
53128,-1058,8094,-202,9,-15,22,13491,0,0,-1,0,37056,123,27,66,0,0,0,0,0,0,0,0,-32310,0,0,0,0,0,53138,0
53133,-1074,8100,-180,6,-14,26,13491,-1,4,-2,0,37056,123,27,66,0,0,0,0,0,0,0,0,-32310,0,0,0,0,0,53143,0
53138,-1070,8090,-196,4,-13,19,13491,-6,-1,-3,0,37055,125,27,66,0,0,0,0,0,0,0,0,-32310,0,0,0,0,0,53148,0
53143,-1060,8104,-204,2,-16,24,13491,2,4,-1,0,37055,125,27,66,0,0,0,0,0,0,0,0,-32310,0,0,0,0,0,53153,0
53148,-1054,8100,-200,2,-12,21,13492,-3,0,-2,0,37058,125,27,66,0,0,0,0,0,0,0,0,-32310,0,0,0,0,0,53158,0
53153,-1052,8098,-206,-1,-14,25,13492,6,0,-2,0,37058,125,27,66,0,0,0,0,0,0,0,0,-32310,0,0,0,0,0,53163,0
53158,-1072,8092,-164,-1,-16,24,13492,6,7,-2,0,37061,123,27,66,0,0,0,0,0,0,0,0,-32310,0,0,0,0,0,53168,0
53163,-1026,8114,-156,2,-17,21,13492,-7,-2,-3,0,37061,123,27,66,0,0,0,0,0,0,0,0,-32310,0,0,0,0,0,53173,0
53168,-1058,8102,-144,2,-14,21,13491,-1,-5,-2,0,37064,122,27,66,0,0,0,0,0,0,0,0,-32310,0,0,0,0,0,53178,0
53173,-1044,8084,-140,2,-15,28,13492,5,1,-2,0,37064,122,27,66,0,0,0,0,0,0,0,0,-32310,0,0,0,0,0,53183,0
53178,-1048,8102,-126,-3,-20,19,13492,-1,0,-2,0,37064,123,27,66,0,0,0,0,0,0,0,0,-32310,0,0,0,0,0,53188,0
53183,-1048,8084,-132,0,-18,19,13492,-5,0,0,0,37064,123,27,66,0,0,0,0,0,0,0,0,-32310,0,0,0,0,0,53193,0
53188,-1048,8092,-100,4,-18,21,13492,2,2,-2,0,37060,123,27,66,0,0,0,0,0,0,0,0,-32311,0,0,0,0,0,53198,0
53193,-1052,8088,-88,2,-14,22,13491,-12,-4,-1,0,37060,123,27,66,0,0,0,0,0,0,0,0,-32310,0,0,0,0,0,53203,0
53198,-1062,8076,-104,5,-15,21,13491,1,-2,-2,0,37057,118,27,66,0,0,0,0,0,0,0,0,-32310,0,0,0,0,0,53208,0
53203,-1036,8088,-82,6,-14,20,13492,1,-3,-3,0,37057,118,27,66,0,0,0,0,0,0,0,0,-32311,0,0,0,0,0,53213,0
53208,-1052,8042,-76,6,-13,20,13492,1,2,-2,0,37057,114,27,66,0,0,0,0,0,0,0,0,-32310,0,0,0,0,0,53218,0
53213,-1044,8072,-76,9,-20,16,13491,0,1,-1,0,37057,114,27,66,0,0,0,0,0,0,0,0,-32310,0,0,0,0,0,53223,0
53218,-1062,8072,-44,16,-12,16,13490,-8,1,-1,0,37057,125,27,66,0,0,0,0,0,0,0,0,-32311,0,0,0,0,0,53228,0
53223,-1066,8070,-68,12,-11,16,13492,0,-1,-2,0,37057,125,27,66,0,0,0,0,0,0,0,0,-32310,0,0,0,0,0,53233,0
53228,-1028,8084,-42,14,-10,14,13492,2,2,-2,0,37059,127,27,66,0,0,0,0,0,0,0,0,-32310,0,0,0,0,0,53238,0
53233,-1044,8054,-44,20,-16,16,13493,3,0,-2,0,37059,127,27,66,0,0,0,0,0,0,0,0,-32310,0,0,0,0,0,53243,0
53238,-1042,8056,-40,21,-5,15,13492,1,-2,-1,0,37056,126,27,66,0,0,0,0,0,0,0,0,-32310,0,0,0,0,0,53248,0
53243,-1056,8066,-52,23,-8,12,13493,3,-2,-2,0,37056,126,27,66,0,0,0,0,0,0,0,0,-32310,0,0,0,0,0,53253,0
53248,-1036,8050,-36,28,-13,12,13492,6,-1,-3,0,37056,120,27,66,0,0,0,0,0,0,0,0,-32310,0,0,0,0,0,53258,0
53253,-1042,8072,-16,33,-7,16,13492,6,-2,-2,0,37056,120,27,66,0,0,0,0,0,0,0,0,-32310,0,0,0,0,0,53263,0
53258,-1042,8058,-52,35,-15,17,13491,-8,2,-1,0,37060,123,27,66,0,0,0,0,0,0,0,0,-32311,0,0,0,0,0,53268,0
53263,-1038,8102,-26,39,-8,11,13492,3,-3,-2,0,37060,123,27,66,0,0,0,0,0,0,0,0,-32310,0,0,0,0,0,53273,0
53268,-1032,8050,-46,41,-10,13,13491,-3,0,0,0,37065,121,27,66,0,0,0,0,0,0,0,0,-32311,0,0,0,0,0,53278,0
53273,-1054,7998,-44,43,-13,12,13492,0,-3,-1,0,37065,121,27,66,0,0,0,0,0,0,0,0,-32310,0,0,0,0,0,53283,0
53278,-1064,8030,-64,49,-10,9,13492,2,-2,-3,0,37063,125,27,66,0,0,0,0,0,0,0,0,-32310,0,0,0,0,0,53288,0
53283,-1034,8064,-16,48,-12,12,13492,0,8,-1,0,37063,125,27,66,0,0,0,0,0,0,0,0,-32311,0,0,0,0,0,53293,0
53288,-1058,8064,-4,50,-7,13,13492,1,-3,-1,0,37060,126,27,66,0,0,0,0,0,0,0,0,-32310,0,0,0,0,0,53298,0
53293,-1014,8104,-24,55,-5,14,13491,-2,0,-1,0,37060,126,27,66,0,0,0,0,0,0,0,0,-32311,0,0,0,0,0,53303,0
53298,-1026,8072,-36,57,-8,12,13492,4,1,-3,0,37062,127,27,66,0,0,0,0,0,0,0,0,-32310,0,0,0,0,0,53308,0
53303,-1038,8058,-38,61,-3,11,13492,3,0,-2,0,37062,127,27,66,0,0,0,0,0,0,0,0,-32311,0,0,0,0,0,53313,0
53308,-1114,8082,-30,62,-6,12,13493,4,3,-2,0,37058,134,27,66,0,0,0,0,0,0,0,0,-32311,0,0,0,0,0,53318,0
53313,-1092,8060,-44,64,-6,13,13490,-12,-1,-2,0,37058,134,27,66,0,0,0,0,0,0,0,0,-32310,0,0,0,0,0,53323,0
53318,-1084,8078,-38,71,-6,12,13491,0,-2,-3,0,37059,130,27,66,0,0,0,0,0,0,0,0,-32311,0,0,0,0,0,53329,0
53323,-1016,8124,-38,65,-7,11,13491,0,-2,-1,0,37059,130,27,66,0,0,0,0,0,0,0,0,-32310,0,0,0,0,0,53334,0
53328,-1084,8036,-48,71,-14,12,13492,1,1,-2,0,37058,130,27,66,0,0,0,0,0,0,0,0,-32311,0,0,0,0,0,53339,0
53333,-1076,8050,-86,73,-5,11,13492,-1,3,-2,0,37058,130,27,66,0,0,0,0,0,0,0,0,-32310,0,0,0,0,0,53344,0
53338,-1084,8050,-78,79,-3,8,13492,2,2,-1,0,37058,125,27,66,0,0,0,0,0,0,0,0,-32310,0,0,0,0,0,53349,0
53343,-1090,8058,-58,77,-4,15,13493,8,-3,-1,0,37058,125,27,66,0,0,0,0,0,0,0,0,-32310,0,0,0,0,0,53354,0
53348,-1078,8078,-66,82,-8,15,13491,0,0,-2,0,37057,121,27,66,0,0,0,0,0,0,0,0,-32310,0,0,0,0,0,53359,0
53353,-1084,8070,-82,79,-6,13,13491,-4,0,-3,0,37057,121,27,66,0,0,0,0,0,0,0,0,-32310,0,0,0,0,0,53364,0
53358,-1096,8088,-78,83,-3,14,13490,-5,-3,-3,0,37056,125,27,66,0,0,0,0,0,0,0,0,-32310,0,0,0,0,0,53369,0
53363,-1066,8086,-84,88,-5,17,13492,-3,-2,-1,0,37056,125,27,66,0,0,0,0,0,0,0,0,-32311,0,0,0,0,0,53374,0
53368,-1074,8060,-76,85,-6,18,13491,2,0,-1,0,37055,129,27,66,0,0,0,0,0,0,0,0,-32310,0,0,0,0,0,53379,0
53373,-1056,8046,-82,91,1,19,13491,-4,6,-4,0,37055,129,27,66,0,0,0,0,0,0,0,0,-32311,0,0,0,0,0,53384,0
53378,-1096,8052,-92,90,-6,15,13492,-1,2,-3,0,37062,130,27,66,0,0,0,0,0,0,0,0,-32310,0,0,0,0,0,53389,0
53383,-1106,8066,-76,84,-4,16,13492,2,-1,-1,0,37062,130,27,66,0,0,0,0,0,0,0,0,-32310,0,0,0,0,0,53394,0
53388,-1116,8058,-66,93,-6,18,13491,5,6,-2,0,37063,126,27,66,0,0,0,0,0,0,0,0,-32311,0,0,0,0,0,53399,0
53393,-1092,8074,-76,97,-6,18,13492,2,-3,-1,0,37063,126,27,66,0,0,0,0,0,0,0,0,-32310,0,0,0,0,0,53404,0
53398,-1110,8058,-74,99,-7,18,13491,-4,4,-2,0,37063,117,27,66,0,0,0,0,0,0,0,0,-32311,0,0,0,0,0,53409,0
53403,-1106,8100,-52,104,-6,19,13492,0,7,-2,0,37063,117,27,66,0,0,0,0,0,0,0,0,-32311,0,0,0,0,0,53414,0
53408,-1098,8078,-74,99,-8,19,13491,0,1,-2,0,37057,115,27,66,0,0,0,0,0,0,0,0,-32310,0,0,0,0,0,53419,0
53413,-1078,8024,-64,99,-14,25,13492,0,-4,-2,0,37057,115,27,66,0,0,0,0,0,0,0,0,-32310,0,0,0,0,0,53424,0
53418,-1096,8026,-88,107,-5,24,13491,-5,0,-1,0,37054,111,27,66,0,0,0,0,0,0,0,0,-32310,0,0,0,0,0,53429,0
53423,-1100,8066,-86,104,-7,25,13490,-3,-2,-1,0,37054,111,27,66,0,0,0,0,0,0,0,0,-32310,0,0,0,0,0,53434,0
53428,-1112,8044,-80,113,0,23,13492,3,4,-1,0,37053,115,27,66,0,0,0,0,0,0,0,0,-32310,0,0,0,0,0,53439,0
53433,-1086,8086,-58,113,-2,29,13492,1,3,-3,0,37053,115,27,66,0,0,0,0,0,0,0,0,-32310,0,0,0,0,0,53444,0
53438,-1082,8084,-74,114,0,24,13491,3,5,-1,0,37053,126,27,66,0,0,0,0,0,0,0,0,-32310,0,0,0,0,0,53449,0
53443,-1092,8056,-76,115,-4,28,13492,4,4,-1,0,37053,126,27,66,0,0,0,0,0,0,0,0,-32310,0,0,0,0,0,53454,0
53448,-1100,8062,-78,114,-2,24,13491,5,3,-2,0,37055,134,27,66,0,0,0,0,0,0,0,0,-32311,0,0,0,0,0,53459,0
53453,-1112,8050,-84,120,-5,28,13493,6,-1,-4,0,37055,134,27,66,0,0,0,0,0,0,0,0,-32310,0,0,0,0,0,53464,0
53458,-1066,8066,-78,120,-5,32,13492,12,4,-3,0,37056,131,27,66,0,0,0,0,0,0,0,0,-32310,0,0,0,0,0,53469,0
53463,-1070,8072,-82,117,1,27,13491,-2,2,-3,0,37056,131,27,66,0,0,0,0,0,0,0,0,-32310,0,0,0,0,0,53474,0
53468,-1054,8078,-84,126,1,31,13492,5,-7,-2,0,37057,131,27,66,0,0,0,0,0,0,0,0,-32311,0,0,0,0,0,53479,0
53473,-1084,8062,-116,122,2,31,13491,-2,-2,0,0,37057,131,27,66,0,0,0,0,0,0,0,0,-32310,0,0,0,0,0,53484,0
53478,-1056,8064,-70,130,-3,33,13492,0,0,-1,0,37063,132,27,66,0,0,0,0,0,0,0,0,-32310,0,0,0,0,0,53489,0
53483,-1062,8048,-88,126,-6,34,13492,0,-6,-1,0,37063,132,27,66,0,0,0,0,0,0,0,0,-32310,0,0,0,0,0,53494,0
53488,-1082,8074,-108,125,-2,33,13491,1,3,-2,0,37062,134,27,66,0,0,0,0,0,0,0,0,-32310,0,0,0,0,0,53499,0
53493,-1070,8074,-102,131,-4,29,13490,-5,-5,-1,0,37062,134,27,66,0,0,0,0,0,0,0,0,-32310,0,0,0,0,0,53504,0
53498,-1082,8060,-124,131,-2,28,13491,0,2,-2,0,37060,130,27,66,0,0,0,0,0,0,0,0,-32310,0,0,0,0,0,53509,0
53503,-1046,8054,-106,133,2,28,13491,0,0,-3,0,37060,130,27,66,0,0,0,0,0,0,0,0,-32310,0,0,0,0,0,53514,0
53508,-1068,8072,-110,139,3,30,13492,1,1,-2,0,37054,121,27,66,0,0,0,0,0,0,0,0,-32310,0,0,0,0,0,53519,0
53513,-1048,8116,-120,138,1,22,13490,-5,-1,-1,0,37054,121,27,66,0,0,0,0,0,0,0,0,-32310,0,0,0,0,0,53524,0
53518,-1050,8090,-144,134,4,30,13491,0,3,-2,0,37055,125,27,66,0,0,0,0,0,0,0,0,-32310,0,0,0,0,0,53529,0
53523,-1056,8084,-138,136,-3,22,13492,3,-2,-3,0,37055,125,27,66,0,0,0,0,0,0,0,0,-32310,0,0,0,0,0,53534,0
53528,-1044,8074,-146,135,1,28,13491,-3,0,-3,0,37055,131,27,66,0,0,0,0,0,0,0,0,-32310,0,0,0,0,0,53539,0
53533,-1028,8098,-186,130,5,25,13493,-1,3,-3,0,37055,131,27,66,0,0,0,0,0,0,0,0,-32310,0,0,0,0,0,53544,0
53538,-1030,8088,-148,136,-2,22,13492,3,1,-2,0,37053,130,27,66,0,0,0,0,0,0,0,0,-32310,0,0,0,0,0,53549,0
53543,-1024,8112,-176,138,4,24,13492,2,4,-3,0,37053,130,27,66,0,0,0,0,0,0,0,0,-32310,0,0,0,0,0,53554,0
53548,-1028,8106,-194,136,0,22,13491,-6,2,-3,0,37054,129,27,66,0,0,0,0,0,0,0,0,-32310,0,0,0,0,0,53559,0
53553,-1020,8086,-212,132,3,20,13492,-3,0,-3,0,37054,129,27,66,0,0,0,0,0,0,0,0,-32310,0,0,0,0,0,53564,0
53558,-1056,8096,-210,131,-2,20,13493,2,0,-3,0,37057,124,27,66,0,0,0,0,0,0,0,0,-32310,0,0,0,0,0,53569,0
53563,-1018,8110,-210,126,3,16,13492,-1,2,-1,0,37057,124,27,66,0,0,0,0,0,0,0,0,-32310,0,0,0,0,0,53574,0
53568,-1064,8116,-244,126,3,15,13492,0,0,-2,0,37057,120,27,66,0,0,0,0,0,0,0,0,-32310,0,0,0,0,0,53579,0
53573,-1024,8108,-248,123,-3,11,13492,-1,0,-2,0,37057,120,27,66,0,0,0,0,0,0,0,0,-32310,0,0,0,0,0,53584,0
53578,-1028,8118,-226,122,0,13,13492,3,0,-3,0,37053,120,27,66,0,0,0,0,0,0,0,0,-32311,0,0,0,0,0,53589,0
53583,-1024,8132,-226,123,-1,11,13491,-3,-1,-1,0,37053,120,27,66,0,0,0,0,0,0,0,0,-32311,0,0,0,0,0,53594,0
53588,-1042,8098,-236,123,-1,8,13492,0,2,-2,0,37059,116,27,66,0,0,0,0,0,0,0,0,-32311,0,0,0,0,0,53599,0
53593,-1026,8054,-238,109,2,8,13492,1,-1,-1,0,37059,116,27,66,0,0,0,0,0,0,0,0,-32310,0,0,0,0,0,53604,0
53598,-1046,8112,-238,117,-6,8,13491,1,-3,-2,0,37061,117,27,66,0,0,0,0,0,0,0,0,-32310,0,0,0,0,0,53609,0
53603,-1052,8120,-216,108,-4,4,13492,-3,2,-3,0,37061,117,27,66,0,0,0,0,0,0,0,0,-32310,0,0,0,0,0,53614,0
53608,-1072,8116,-240,110,-8,6,13491,0,1,-2,0,37061,124,27,66,0,0,0,0,0,0,0,0,-32310,0,0,0,0,0,53619,0
53613,-1052,8086,-236,108,-3,5,13491,-3,-2,-2,0,37061,124,27,66,0,0,0,0,0,0,0,0,-32310,0,0,0,0,0,53624,0
53618,-1052,8088,-240,106,-5,5,13491,-6,2,-2,0,37052,127,27,66,0,0,0,0,0,0,0,0,-32310,0,0,0,0,0,53629,0
53623,-1042,8094,-236,104,-3,1,13492,-1,1,-3,0,37052,127,27,66,0,0,0,0,0,0,0,0,-32310,0,0,0,0,0,53634,0
53628,-1094,8106,-238,98,-11,2,13491,-2,-4,-3,0,37050,129,27,66,0,0,0,0,0,0,0,0,-32311,0,0,0,0,0,53639,0
53633,-1076,8096,-240,99,-6,3,13492,1,1,-2,0,37050,129,27,66,0,0,0,0,0,0,0,0,-32311,0,0,0,0,0,53644,0
53638,-1102,8094,-254,101,-4,1,13492,0,3,-1,0,37053,125,27,66,0,0,0,0,0,0,0,0,-32311,0,0,0,0,0,53649,0
53643,-1084,8082,-268,102,-6,6,13492,5,1,-2,0,37053,125,27,66,0,0,0,0,0,0,0,0,-32310,0,0,0,0,0,53654,0
53648,-1098,8098,-258,90,-4,5,13492,0,1,-2,0,37056,119,27,66,0,0,0,0,0,0,0,0,-32310,0,0,0,0,0,53659,0
53653,-1160,8064,-290,92,-8,4,13491,0,0,-2,0,37056,119,27,66,0,0,0,0,0,0,0,0,-32310,0,0,0,0,0,53664,0
53658,-1118,8124,-206,92,-6,7,13491,-6,-1,-2,0,37057,117,27,66,0,0,0,0,0,0,0,0,-32310,0,0,0,0,0,53669,0
53663,-1120,8042,-236,88,-8,6,13492,-2,3,-2,0,37057,117,27,66,0,0,0,0,0,0,0,0,-32310,0,0,0,0,0,53674,0
53668,-1122,8078,-212,88,-10,6,13491,-8,-1,-1,0,37054,120,27,66,0,0,0,0,0,0,0,0,-32311,0,0,0,0,0,53679,0
53673,-1128,8100,-224,87,-2,5,13492,7,-2,-1,0,37054,120,27,66,0,0,0,0,0,0,0,0,-32310,0,0,0,0,0,53684,0
53678,-1144,8096,-226,84,-8,12,13491,-7,-4,-2,0,37053,123,27,66,0,0,0,0,0,0,0,0,-32310,0,0,0,0,0,53689,0
53683,-1124,8074,-216,83,-7,11,13491,0,-1,-2,0,37053,123,27,66,0,0,0,0,0,0,0,0,-32310,0,0,0,0,0,53694,0
53688,-1098,8078,-230,79,-8,13,13492,0,2,-2,0,37051,121,27,66,0,0,0,0,0,0,0,0,-32311,0,0,0,0,0,53699,0
53693,-1112,8060,-232,82,-10,11,13491,-2,1,-1,0,37051,121,27,66,0,0,0,0,0,0,0,0,-32310,0,0,0,0,0,53704,0
53698,-1142,8086,-242,72,-10,19,13492,-1,-3,-3,0,37054,126,27,66,0,0,0,0,0,0,0,0,-32310,0,0,0,0,0,53709,0
53703,-1150,8062,-226,76,-5,20,13492,0,2,-2,0,37054,126,27,66,0,0,0,0,0,0,0,0,-32310,0,0,0,0,0,53714,0
53708,-1102,8052,-222,72,-6,22,13492,6,0,0,0,37055,133,27,66,0,0,0,0,0,0,0,0,-32310,0,0,0,0,0,53719,0
53713,-1130,8070,-246,77,-6,18,13492,3,-1,-2,0,37055,133,27,66,0,0,0,0,0,0,0,0,-32310,0,0,0,0,0,53724,0
53718,-1118,8112,-190,69,-10,24,13491,-7,2,-2,0,37055,131,27,66,0,0,0,0,0,0,0,0,-32310,0,0,0,0,0,53729,0
53723,-1104,8118,-222,74,-10,25,13491,-2,0,-3,0,37055,131,27,66,0,0,0,0,0,0,0,0,-32310,0,0,0,0,0,53734,0
53728,-1122,8080,-232,71,-7,26,13492,0,-2,-1,0,37052,128,27,66,0,0,0,0,0,0,0,0,-32310,0,0,0,0,0,53739,0
53733,-1130,8082,-222,72,-12,22,13492,6,1,-2,0,37052,128,27,66,0,0,0,0,0,0,0,0,-32310,0,0,0,0,0,53744,0
53738,-1134,8074,-196,65,-9,25,13492,-2,1,-1,0,37053,119,27,66,0,0,0,0,0,0,0,0,-32310,0,0,0,0,0,53749,0
53743,-1132,8090,-206,71,-8,26,13492,1,2,-1,0,37053,119,27,66,0,0,0,0,0,0,0,0,-32311,0,0,0,0,0,53754,0
53748,-1080,8092,-226,62,-7,29,13492,1,1,-1,0,37054,121,27,66,0,0,0,0,0,0,0,0,-32310,0,0,0,0,0,53759,0
53753,-1114,8094,-202,67,-8,32,13492,0,1,-2,0,37054,121,27,66,0,0,0,0,0,0,0,0,-32311,0,0,0,0,0,53764,0
53758,-1104,8082,-214,65,-16,36,13491,-1,-1,-1,0,37054,121,27,66,0,0,0,0,0,0,0,0,-32310,0,0,0,0,0,53769,0
53763,-1072,8078,-204,71,-13,29,13490,-2,-2,-1,0,37054,121,27,66,0,0,0,0,0,0,0,0,-32310,0,0,0,0,0,53774,0
53768,-1080,8074,-210,61,-7,30,13492,2,1,0,0,37054,126,27,66,0,0,0,0,0,0,0,0,-32310,0,0,0,0,0,53779,0
53773,-1114,8082,-214,58,-8,33,13490,-6,-1,-1,0,37054,126,27,66,0,0,0,0,0,0,0,0,-32310,0,0,0,0,0,53784,0
53778,-1080,8088,-198,61,-10,36,13492,0,2,-3,0,37055,126,27,66,0,0,0,0,0,0,0,0,-32310,0,0,0,0,0,53789,0
53783,-1072,8100,-184,60,-13,30,13491,-2,-2,-1,0,37055,126,27,66,0,0,0,0,0,0,0,0,-32310,0,0,0,0,0,53794,0
53788,-1082,8098,-210,63,-8,36,13492,1,-3,-2,0,37055,126,27,66,0,0,0,0,0,0,0,0,-32310,0,0,0,0,0,53799,0
53793,-1080,8098,-216,60,-9,33,13491,-5,-4,-4,0,37055,126,27,66,0,0,0,0,0,0,0,0,-32310,0,0,0,0,0,53804,0
53798,-1090,8086,-192,56,-11,34,13492,4,0,-3,0,37057,129,27,66,0,0,0,0,0,0,0,0,-32310,0,0,0,0,0,53809,0
53803,-1088,8074,-186,60,-8,31,13493,-1,0,-2,0,37057,129,27,66,0,0,0,0,0,0,0,0,-32310,0,0,0,0,0,53814,0
53808,-1082,8094,-192,57,-11,33,13492,6,3,-1,0,37057,133,27,66,0,0,0,0,0,0,0,0,-32310,0,0,0,0,0,53819,0
53813,-1086,8060,-196,57,-11,32,13491,-4,-6,-3,0,37057,133,27,66,0,0,0,0,0,0,0,0,-32310,0,0,0,0,0,53824,0
53818,-1094,8072,-198,59,-12,37,13492,2,3,-3,0,37058,132,27,66,0,0,0,0,0,0,0,0,-32311,0,0,0,0,0,53829,0
53823,-1066,8080,-200,55,-17,36,13490,-5,-6,-2,0,37058,132,27,66,0,0,0,0,0,0,0,0,-32310,0,0,0,0,0,53834,0
53828,-1098,8086,-204,54,-13,34,13493,2,2,-1,0,37054,130,27,66,0,0,0,0,0,0,0,0,-32310,0,0,0,0,0,53839,0
53833,-1092,8066,-174,56,-20,38,13492,9,1,-2,0,37054,130,27,66,0,0,0,0,0,0,0,0,-32310,0,0,0,0,0,53844,0
53838,-1100,8058,-166,55,-13,36,13493,5,-3,-1,0,37054,123,27,66,0,0,0,0,0,0,0,0,-32311,0,0,0,0,0,53849,0
53843,-1082,8060,-136,58,-13,34,13492,0,1,-2,0,37054,123,27,66,0,0,0,0,0,0,0,0,-32310,0,0,0,0,0,53854,0
53848,-1078,8080,-124,61,-13,38,13490,-4,3,-2,0,37054,118,27,66,0,0,0,0,0,0,0,0,-32310,0,0,0,0,0,53859,0
53853,-1088,8070,-140,63,-10,40,13491,-1,-1,-1,0,37054,118,27,66,0,0,0,0,0,0,0,0,-32310,0,0,0,0,0,53864,0
53858,-1084,8078,-140,66,-12,30,13492,-2,0,0,0,37055,122,27,66,0,0,0,0,0,0,0,0,-32310,0,0,0,0,0,53869,0
53863,-1070,8050,-140,66,-10,36,13492,0,1,-2,0,37055,122,27,66,0,0,0,0,0,0,0,0,-32310,0,0,0,0,0,53874,0
53868,-1030,8066,-146,61,-11,33,13492,6,1,0,0,37054,121,27,66,0,0,0,0,0,0,0,0,-32310,0,0,0,0,0,53879,0
53873,-1078,8066,-144,66,-4,35,13492,1,0,-1,0,37054,121,27,66,0,0,0,0,0,0,0,0,-32310,0,0,0,0,0,53884,0
53878,-1070,8088,-162,67,-7,37,13492,2,3,-2,0,37053,128,27,66,0,0,0,0,0,0,0,0,-32310,0,0,0,0,0,53889,0
53883,-1052,8118,-108,68,-3,37,13492,0,-1,-2,0,37053,128,27,66,0,0,0,0,0,0,0,0,-32311,0,0,0,0,0,53894,0
53888,-1052,8076,-156,69,-1,36,13492,0,3,-2,0,37056,124,27,66,0,0,0,0,0,0,0,0,-32310,0,0,0,0,0,53899,0
53893,-1040,8084,-168,73,-9,33,13492,0,-4,-1,0,37056,124,27,66,0,0,0,0,0,0,0,0,-32310,0,0,0,0,0,53904,0
53898,-1072,8112,-164,69,-8,31,13492,0,1,0,0,37064,118,27,66,0,0,0,0,0,0,0,0,-32310,0,0,0,0,0,53909,0
53903,-1072,8084,-166,73,-8,30,13492,1,-2,-3,0,37064,118,27,66,0,0,0,0,0,0,0,0,-32311,0,0,0,0,0,53914,0
53908,-1038,8056,-158,72,-7,32,13490,-7,-1,-1,0,37064,110,27,66,0,0,0,0,0,0,0,0,-32310,0,0,0,0,0,53919,0
53913,-1066,8056,-190,71,-9,28,13493,6,0,-1,0,37064,110,27,66,0,0,0,0,0,0,0,0,-32310,0,0,0,0,0,53924,0
53918,-1078,8170,-150,71,-12,32,13491,-5,-2,-2,0,37060,110,27,66,0,0,0,0,0,0,0,0,-32311,0,0,0,0,0,53929,0
53923,-1068,8144,-206,74,-13,35,13492,-6,0,-1,0,37060,110,27,66,0,0,0,0,0,0,0,0,-32310,0,0,0,0,0,53934,0
53928,-992,8020,-144,71,5,28,13492,-1,0,-1,0,37055,115,27,66,0,0,0,0,0,0,0,0,-32310,0,0,0,0,0,53939,0
53933,-972,8044,-98,71,-6,23,13491,1,4,-2,0,37055,115,27,66,0,0,0,0,0,0,0,0,-32310,0,0,0,0,0,53944,0
53938,-956,8110,-180,64,-8,23,13492,0,-3,-2,0,37053,116,27,66,0,0,0,0,0,0,0,0,-32311,0,0,0,0,0,53949,0
53943,-1006,8196,-276,69,-13,21,13491,-4,-1,-3,0,37053,116,27,66,0,0,0,0,0,0,0,0,-32310,0,0,0,0,0,53954,0
53948,-1110,8164,-192,70,0,21,13492,4,1,-2,0,37052,124,27,66,0,0,0,0,0,0,0,0,-32310,0,0,0,0,0,53959,0
53953,-1024,7992,-170,70,-12,18,13491,0,3,-2,0,37052,124,27,66,0,0,0,0,0,0,0,0,-32310,0,0,0,0,0,53964,0
53958,-948,7948,-214,69,-19,19,13491,-4,-4,-1,0,37052,129,27,66,0,0,0,0,0,0,0,0,-32310,0,0,0,0,0,53969,0
53963,-990,8024,-240,63,-15,11,13492,5,-1,-2,0,37052,129,27,66,0,0,0,0,0,0,0,0,-32310,0,0,0,0,0,53974,0
53968,-1186,8230,-180,67,-18,16,13491,-1,4,-3,0,37054,139,27,66,0,0,0,0,0,0,0,0,-32311,0,0,0,0,0,53979,0
53973,-1114,8160,-174,68,-15,16,13491,-5,-3,-2,0,37054,139,27,66,0,0,0,0,0,0,0,0,-32310,0,0,0,0,0,53984,0
53978,-1010,8074,-198,69,-20,13,13492,0,0,-1,0,37054,131,27,66,0,0,0,0,0,0,0,0,-32310,0,0,0,0,0,53989,0
53983,-980,8014,-218,69,-18,12,13491,-4,2,-1,0,37054,131,27,66,0,0,0,0,0,0,0,0,-32310,0,0,0,0,0,53994,0
53988,-1190,8082,-182,69,-14,18,13492,5,2,-1,0,37053,118,27,66,0,0,0,0,0,0,0,0,-32311,0,0,0,0,0,53999,0
53993,-1230,8078,-200,60,-17,22,13492,5,-1,-1,0,37053,118,27,66,0,0,0,0,0,0,0,0,-32311,0,0,0,0,0,54004,0
53998,-1182,8070,-214,61,-13,21,13492,0,2,-6,0,37052,120,27,66,0,0,0,0,0,0,0,0,-32310,0,0,0,0,0,54009,0
54003,-1102,8014,-214,64,-12,24,13491,-8,-1,-6,0,37052,120,27,66,0,0,0,0,0,0,0,0,-32310,0,0,0,0,0,54014,0
54008,-1148,8078,-178,60,-17,33,13492,7,2,-2,0,37055,122,27,66,0,0,0,0,0,0,0,0,-32310,0,0,0,0,0,54019,0
54013,-1200,8112,-202,63,-16,34,13492,5,-1,-1,0,37055,122,27,66,0,0,0,0,0,0,0,0,-32310,0,0,0,0,0,54024,0
54018,-1212,8082,-188,62,-17,37,13492,0,-3,-1,0,37055,128,27,66,0,0,0,0,0,0,0,0,-32310,0,0,0,0,0,54029,0
54023,-1176,8058,-218,65,-12,43,13492,1,0,-1,0,37055,128,27,66,0,0,0,0,0,0,0,0,-32310,0,0,0,0,0,54034,0
54028,-1154,8004,-192,64,-14,40,13491,-2,3,-2,0,37055,127,27,66,0,0,0,0,0,0,0,0,-32310,0,0,0,0,0,54039,0
54033,-1196,8040,-184,68,-19,46,13491,-2,1,-2,0,37055,127,27,66,0,0,0,0,0,0,0,0,-32310,0,0,0,0,0,54044,0
54038,-1214,8106,-218,65,-15,52,13492,-4,-4,-1,0,37053,129,27,66,0,0,0,0,0,0,0,0,-32310,0,0,0,0,0,54049,0
54043,-1224,8112,-200,67,-13,55,13491,-5,1,-1,0,37053,129,27,66,0,0,0,0,0,0,0,0,-32310,0,0,0,0,0,54054,0
54048,-1148,8030,-194,59,-12,61,13491,-1,1,-2,0,37052,127,27,66,0,0,0,0,0,0,0,0,-32310,0,0,0,0,0,54059,0
54053,-1148,8030,-200,59,-18,63,13492,0,-2,-3,0,37052,127,27,66,0,0,0,0,0,0,0,0,-32310,0,0,0,0,0,54064,0
54058,-1202,8046,-236,58,-15,65,13492,9,0,-2,0,37054,125,27,66,0,0,0,0,0,0,0,0,-32310,0,0,0,0,0,54069,0
54063,-1204,8072,-244,56,-10,70,13492,-4,0,-2,0,37054,125,27,66,0,0,0,0,0,0,0,0,-32310,0,0,0,0,0,54074,0
54068,-1224,8082,-240,46,-18,79,13492,3,3,-1,0,37054,121,27,66,0,0,0,0,0,0,0,0,-32310,0,0,0,0,0,54079,0
54073,-1168,8046,-238,54,-18,80,13491,0,2,0,0,37054,121,27,66,0,0,0,0,0,0,0,0,-32310,0,0,0,0,0,54084,0
54078,-1190,8044,-246,48,-19,88,13492,0,2,-3,0,37054,122,27,66,0,0,0,0,0,0,0,0,-32310,0,0,0,0,0,54089,0
54083,-1196,8024,-256,48,-18,89,13493,8,-3,-2,0,37054,122,27,66,0,0,0,0,0,0,0,0,-32310,0,0,0,0,0,54094,0
54088,-1204,8106,-252,51,-21,97,13491,0,4,-2,0,37053,124,27,66,0,0,0,0,0,0,0,0,-32310,0,0,0,0,0,54099,0
54093,-1190,8070,-242,44,-25,94,13491,-7,1,-1,0,37053,124,27,66,0,0,0,0,0,0,0,0,-32310,0,0,0,0,0,54104,0
54098,-1140,8058,-252,43,-26,100,13492,-6,-10,-3,0,37054,122,27,66,0,0,0,0,0,0,0,0,-32311,0,0,0,0,0,54109,0
54103,-1126,8060,-264,34,-20,102,13491,0,0,-6,0,37054,122,27,66,0,0,0,0,0,0,0,0,-32311,0,0,0,0,0,54114,0
54108,-1104,8108,-250,34,-20,109,13491,-6,0,-5,0,37058,126,27,66,0,0,0,0,0,0,0,0,-32310,0,0,0,0,0,54119,0
54113,-1142,8098,-244,31,-15,111,13492,-3,0,-1,0,37058,126,27,66,0,0,0,0,0,0,0,0,-32310,0,0,0,0,0,54124,0
54118,-1116,8084,-252,32,-18,108,13493,4,-2,-2,0,37059,130,27,66,0,0,0,0,0,0,0,0,-32310,0,0,0,0,0,54129,0
54123,-1158,7984,-264,26,-21,110,13492,1,2,-1,0,37059,130,27,66,0,0,0,0,0,0,0,0,-32311,0,0,0,0,0,54134,0
54128,-1056,8136,-414,21,-14,118,13491,2,-2,-2,0,37058,131,27,66,0,0,0,0,0,0,0,0,-32310,0,0,0,0,0,54139,0
54133,-1152,8232,-360,17,-3,117,13492,0,2,-3,0,37058,131,27,66,0,0,0,0,0,0,0,0,-32310,0,0,0,0,0,54144,0
54138,-1044,8266,-282,10,4,126,13491,0,3,-1,0,37057,122,27,66,0,0,0,0,0,0,0,0,-32310,0,0,0,0,0,54149,0
54143,-806,8276,-238,-7,5,118,13493,7,3,0,0,37057,122,27,66,0,0,0,0,0,0,0,0,-32310,0,0,0,0,0,54154,0
54148,-606,7926,-1082,-44,75,108,13492,4,1,-2,0,37059,125,27,66,0,0,0,0,0,0,0,0,-32310,0,0,0,0,0,54159,0
54153,-862,7996,-864,-42,83,106,13491,2,1,-3,0,37059,125,27,66,0,0,0,0,0,0,0,0,-32310,0,0,0,0,0,54164,0
54158,-1298,8230,-558,-51,58,96,13492,-3,-1,-1,0,37057,115,27,66,0,0,0,0,0,0,0,0,-32310,0,0,0,0,0,54169,0
54163,-1396,8312,-540,-74,-2,93,13492,0,-3,-2,0,37057,115,27,66,0,0,0,0,0,0,0,0,-32310,0,0,0,0,0,54174,0
54168,-662,8262,-886,-93,-41,73,13491,-6,2,-2,0,37053,122,27,66,0,0,0,0,0,0,0,0,-32311,0,0,0,0,0,54179,0
54173,-552,8348,-966,-91,-34,71,13492,0,-1,-1,0,37053,122,27,66,0,0,0,0,0,0,0,0,-32310,0,0,0,0,0,54184,0
54178,-740,8616,-546,-104,-37,59,13491,-6,-4,-2,0,37050,120,27,66,0,0,0,0,0,0,0,0,-32311,0,0,0,0,0,54189,0
54183,-872,8644,-312,-114,-64,49,13491,-5,-2,-1,0,37050,120,27,66,0,0,0,0,0,0,0,0,-32310,0,0,0,0,0,54194,0
54188,-678,8138,-330,-135,-70,34,13493,5,0,-2,0,37051,130,27,66,0,0,0,0,0,0,0,0,-32310,0,0,0,0,0,54199,0
54193,-586,7896,-370,-139,-43,24,13492,-2,2,-3,0,37051,130,27,66,0,0,0,0,0,0,0,0,-32310,0,0,0,0,0,54204,0
54198,-624,7792,-262,-135,-22,10,13492,6,4,-4,0,37052,129,27,66,0,0,0,0,0,0,0,0,-32310,0,0,0,0,0,54209,0
54203,-660,7938,-120,-149,-19,6,13491,-5,-6,-3,0,37052,129,27,66,0,0,0,0,0,0,0,0,-32310,0,0,0,0,0,54214,0
54208,-654,8338,-188,-160,-20,-10,13492,4,0,-3,0,37053,124,27,66,0,0,0,0,0,0,0,0,-32310,0,0,0,0,0,54219,0
54213,-684,8500,-302,-161,-14,-21,13491,-3,0,-5,0,37053,124,27,66,0,0,0,0,0,0,0,0,-32310,0,0,0,0,0,54224,0
54218,-770,8468,-282,-154,-10,-34,13492,-2,3,-3,0,37059,122,27,66,0,0,0,0,0,0,0,0,-32310,0,0,0,0,0,54229,0
54223,-866,8330,-118,-148,-32,-35,13491,-2,-4,-2,0,37059,122,27,66,0,0,0,0,0,0,0,0,-32310,0,0,0,0,0,54234,0
54228,-1084,7956,-150,-147,-80,-46,13493,2,1,-2,0,37059,125,27,66,0,0,0,0,0,0,0,0,-32311,0,0,0,0,0,54239,0
54233,-1032,7872,-70,-151,-80,-50,13491,0,-2,-2,0,37059,125,27,66,0,0,0,0,0,0,0,0,-32310,0,0,0,0,0,54244,0
54238,-1078,7758,-176,-158,-70,-55,13492,-1,1,-2,0,37059,121,27,66,0,0,0,0,0,0,0,0,-32311,0,0,0,0,0,54249,0
54243,-958,7990,-142,-163,-36,-54,13491,-4,-1,-2,0,37059,121,27,66,0,0,0,0,0,0,0,0,-32310,0,0,0,0,0,54254,0
54248,-760,8144,6,-162,-2,-58,13492,0,3,-3,0,37053,127,27,66,0,0,0,0,0,0,0,0,-32310,0,0,0,0,0,54259,0
54253,-928,8260,-182,-191,28,-65,13491,-3,1,-2,0,37053,127,27,66,0,0,0,0,0,0,0,0,-32311,0,0,0,0,0,54264,0
54258,-240,8110,-594,-216,74,-77,13492,1,1,-2,0,37053,122,27,66,0,0,0,0,0,0,0,0,-32310,0,0,0,0,0,54269,0
54263,-266,8216,-900,-218,101,-61,13492,0,-1,-2,0,37053,122,27,66,0,0,0,0,0,0,0,0,-32310,0,0,0,0,0,54274,0
54268,-1528,8714,-702,-259,45,-65,13492,0,2,-2,0,37054,124,27,66,0,0,0,0,0,0,0,0,-32310,0,0,0,0,0,54279,0
54273,-1806,8488,-1034,-271,2,-79,13491,-3,0,0,0,37054,124,27,66,0,0,0,0,0,0,0,0,-32310,0,0,0,0,0,54284,0
54278,-1648,8202,-1194,-273,-51,-77,13492,0,-5,-2,0,37062,121,27,66,0,0,0,0,0,0,0,0,-32310,0,0,0,0,0,54289,0
54283,-1376,8054,-1090,-278,-106,-68,13491,-7,-1,-3,0,37062,121,27,66,0,0,0,0,0,0,0,0,-32311,0,0,0,0,0,54294,0
54288,-1174,8210,-700,-321,-171,-71,13491,-7,3,-3,0,37072,129,27,66,0,0,0,0,0,0,0,0,-32310,0,0,0,0,0,54299,0
54293,-1014,8228,-648,-346,-152,-75,13491,0,-2,-1,0,37072,129,27,66,0,0,0,0,0,0,0,0,-32310,0,0,0,0,0,54304,0
54298,-792,8290,-774,-382,-97,-71,13492,-3,-2,-2,0,37083,135,27,66,0,0,0,0,0,0,0,0,-32311,0,0,0,0,0,54309,0
54303,-704,8246,-872,-404,-35,-61,13492,2,2,-3,0,37083,135,27,66,0,0,0,0,0,0,0,0,-32310,0,0,0,0,0,54314,0
54308,-1248,8146,-800,-441,-10,-57,13491,-3,3,-1,0,37077,137,27,66,0,0,0,0,0,0,0,0,-32310,0,0,0,0,0,54319,0
54313,-1642,8276,-680,-456,-49,-49,13493,7,0,-2,0,37077,137,27,66,0,0,0,0,0,0,0,0,-32311,0,0,0,0,0,54324,0
54318,-1758,8230,-730,-471,-108,-46,13493,1,-4,-1,0,37064,132,27,66,0,0,0,0,0,0,0,0,-32310,0,0,0,0,0,54330,0
54323,-1834,8108,-778,-470,-161,-50,13493,6,2,0,0,37064,132,27,66,0,0,0,0,0,0,0,0,-32310,0,0,0,0,0,54335,0
54328,-1356,8184,-388,-484,-223,-28,13492,1,-2,-1,0,37052,127,27,66,0,0,0,0,0,0,0,0,-32311,0,0,0,0,0,54340,0
54333,-1206,8126,-178,-499,-228,-32,13492,3,0,-3,0,37052,127,27,66,0,0,0,0,0,0,0,0,-32310,0,0,0,0,0,54345,0
54338,-920,8046,-12,-501,-228,-47,13491,0,-4,-2,0,37051,128,27,66,0,0,0,0,0,0,0,0,-32311,0,0,0,0,0,54350,0
54343,-620,8220,-4,-516,-200,-31,13491,-5,1,-2,0,37051,128,27,66,0,0,0,0,0,0,0,0,-32310,0,0,0,0,0,54355,0
54348,-882,8312,-94,-539,-94,-22,13492,0,-1,-4,0,37050,114,27,66,0,0,0,0,0,0,0,0,-32310,0,0,0,0,0,54360,0
54353,-1092,8224,-94,-554,-58,-19,13492,5,1,-3,0,37050,114,27,66,0,0,0,0,0,0,0,0,-32310,0,0,0,0,0,54365,0
54358,-1122,8126,-36,-554,-47,-27,13491,-7,0,-2,0,37046,116,27,66,0,0,0,0,0,0,0,0,-32310,0,0,0,0,0,54370,0
54363,-1002,8020,-20,-572,-65,-33,13492,3,1,-1,0,37046,116,27,66,0,0,0,0,0,0,0,0,-32310,0,0,0,0,0,54375,0
54368,-702,8052,-354,-585,-109,-42,13491,1,2,-2,0,37048,123,27,66,0,0,0,0,0,0,0,0,-32310,0,0,0,0,0,54380,0
54373,-846,8244,-382,-584,-124,-58,13492,2,4,-2,0,37048,123,27,66,0,0,0,0,0,0,0,0,-32311,0,0,0,0,0,54385,0
54378,-1104,8428,-222,-587,-141,-64,13492,-1,-5,-2,0,37048,122,27,66,0,0,0,0,0,0,0,0,-32310,0,0,0,0,0,54390,0
54383,-1152,8464,-88,-588,-183,-76,13491,-5,2,-2,0,37048,122,27,66,0,0,0,0,0,0,0,0,-32310,0,0,0,0,0,54395,0
54388,-952,8110,-246,-571,-266,-97,13493,9,2,-2,0,37051,122,27,66,0,0,0,0,0,0,0,0,-32311,0,0,0,0,0,54400,0
54393,-1126,7954,-372,-554,-316,-106,13492,6,-1,-1,0,37051,122,27,66,0,0,0,0,0,0,0,0,-32310,0,0,0,0,0,54405,0
54398,-1410,8018,-354,-541,-378,-117,13491,2,4,-2,0,37053,115,27,66,0,0,0,0,0,0,0,0,-32310,0,0,0,0,0,54410,0
54403,-1692,8064,-314,-526,-460,-126,13491,-3,0,-3,0,37053,115,27,66,0,0,0,0,0,0,0,0,-32310,0,0,0,0,0,54415,0
54408,-1832,8348,-372,-493,-653,-137,13492,0,1,-2,0,37057,117,27,66,0,0,0,0,0,0,0,0,-32310,0,0,0,0,0,54420,0
54413,-1760,8392,-468,-480,-741,-139,13493,6,2,-1,0,37057,117,27,66,0,0,0,0,0,0,0,0,-32310,0,0,0,0,0,54425,0
54418,-1694,8254,-550,-461,-832,-142,13493,2,-2,0,0,37055,115,27,66,0,0,0,0,0,0,0,0,-32310,0,0,0,0,0,54430,0
54423,-1800,8212,-580,-435,-923,-137,13492,-4,-5,-2,0,37055,115,27,66,0,0,0,0,0,0,0,0,-32310,0,0,0,0,0,54435,0
54428,-2098,8036,-632,-404,-1110,-124,13493,-3,-3,-4,0,37057,117,27,66,0,0,0,0,0,0,0,0,-32310,0,0,0,0,0,54440,0
54433,-2156,7922,-638,-392,-1205,-115,13490,-5,-4,-2,0,37057,117,27,66,0,0,0,0,0,0,0,0,-32310,0,0,0,0,0,54445,0
54438,-2044,7734,-674,-380,-1297,-120,13492,7,-1,-2,0,37057,118,27,66,0,0,0,0,0,0,0,0,-32310,0,0,0,0,0,54450,0
54443,-1992,7584,-758,-378,-1385,-112,13491,0,-3,-2,0,37057,118,27,66,0,0,0,0,0,0,0,0,-32310,0,0,0,0,0,54455,0
54448,-1778,7498,-824,-371,-1537,-99,13492,2,2,-3,0,37058,128,27,66,0,0,0,0,0,0,0,0,-32310,0,0,0,0,0,54460,0
54453,-1880,7472,-796,-360,-1606,-92,13492,-1,2,-3,0,37058,128,27,66,0,0,0,0,0,0,0,0,-32311,0,0,0,0,0,54465,0
54458,-1886,7544,-752,-357,-1688,-88,13491,-4,2,-2,0,37055,136,27,66,0,0,0,0,0,0,0,0,-32311,0,0,0,0,0,54470,0
54463,-1852,7668,-696,-356,-1772,-96,13492,-10,-4,-2,0,37055,136,27,66,0,0,0,0,0,0,0,0,-32310,0,0,0,0,0,54475,0
54468,-1768,8022,-726,-351,-1920,-106,13491,-5,-6,-2,0,37054,135,27,66,0,0,0,0,0,0,0,0,-32311,0,0,0,0,0,54480,0
54473,-1734,8118,-682,-343,-2000,-108,13491,-1,2,0,0,37054,135,27,66,0,0,0,0,0,0,0,0,-32310,0,0,0,0,0,54485,0
54478,-1672,8248,-638,-332,-2071,-120,13491,0,1,-1,0,37054,133,27,66,0,0,0,0,0,0,0,0,-32310,0,0,0,0,0,54490,0
54483,-1604,8340,-668,-333,-2146,-130,13491,0,1,-2,0,37054,133,27,66,0,0,0,0,0,0,0,0,-32311,0,0,0,0,0,54495,0
54488,-1486,8374,-638,-325,-2284,-131,13493,10,4,-3,0,37054,129,27,66,0,0,0,0,0,0,0,0,-32310,0,0,0,0,0,54500,0
54493,-1386,8322,-602,-324,-2353,-138,13493,4,-1,-2,0,37054,129,27,66,0,0,0,0,0,0,0,0,-32310,0,0,0,0,0,54505,0
54498,-1388,8258,-634,-323,-2419,-138,13492,3,0,-2,0,37055,124,27,66,0,0,0,0,0,0,0,0,-32311,0,0,0,0,0,54510,0
54503,-1340,8172,-662,-331,-2479,-133,13492,0,-5,-2,0,37055,124,27,66,0,0,0,0,0,0,0,0,-32310,0,0,0,0,0,54515,0
54508,-1242,7972,-756,-357,-2585,-136,13492,-1,-3,-1,0,37054,122,27,66,0,0,0,0,0,0,0,0,-32310,0,0,0,0,0,54520,0
54513,-1354,7926,-746,-367,-2636,-125,13492,0,-4,-2,0,37054,122,27,66,0,0,0,0,0,0,0,0,-32310,0,0,0,0,0,54525,0
54518,-1426,7900,-704,-367,-2687,-109,13493,-1,-2,-2,0,37054,123,27,66,0,0,0,0,0,0,0,0,-32310,0,0,0,0,0,54530,0
54523,-1468,7858,-598,-366,-2749,-104,13492,2,-2,-2,0,37054,123,27,66,0,0,0,0,0,0,0,0,-32311,0,0,0,0,0,54535,0
54528,-1442,7846,-604,-377,-2868,-95,13490,-2,-1,1,0,37054,119,27,66,0,0,0,0,0,0,0,0,-32310,0,0,0,0,0,54540,0
54533,-1460,7822,-546,-374,-2924,-95,13492,3,0,0,0,37054,119,27,66,0,0,0,0,0,0,0,0,-32310,0,0,0,0,0,54545,0
54538,-1458,7888,-442,-370,-2985,-95,13492,-3,2,-3,0,37060,117,27,66,0,0,0,0,0,0,0,0,-32310,0,0,0,0,0,54550,0
54543,-1434,7924,-460,-374,-3052,-100,13492,0,4,-3,0,37060,117,27,66,0,0,0,0,0,0,0,0,-32311,0,0,0,0,0,54555,0
54548,-1168,8054,-394,-367,-3159,-131,13491,-3,-3,-2,0,37060,122,27,66,0,0,0,0,0,0,0,0,-32310,0,0,0,0,0,54560,0
54553,-1062,8132,-348,-361,-3212,-146,13492,1,0,-1,0,37060,122,27,66,0,0,0,0,0,0,0,0,-32310,0,0,0,0,0,54565,0
54558,-1032,8248,-302,-356,-3268,-159,13492,4,0,-1,0,37060,129,27,66,0,0,0,0,0,0,0,0,-32310,0,0,0,0,0,54570,0
54563,-982,8342,-270,-357,-3328,-179,13492,3,1,-2,0,37060,129,27,66,0,0,0,0,0,0,0,0,-32311,0,0,0,0,0,54575,0
54568,-754,8356,-230,-344,-3442,-207,13491,2,0,-2,0,37055,126,27,66,0,0,0,0,0,0,0,0,-32311,0,0,0,0,0,54580,0
54573,-686,8294,-210,-335,-3505,-225,13491,0,2,-3,0,37055,126,27,66,0,0,0,0,0,0,0,0,-32311,0,0,0,0,0,54585,0
54578,-632,8344,-162,-324,-3563,-230,13492,-2,1,-2,0,37053,121,27,66,0,0,0,0,0,0,0,0,-32311,0,0,0,0,0,54590,0
54583,-644,8244,-142,-319,-3621,-252,13492,-3,0,-2,0,37053,121,27,66,0,0,0,0,0,0,0,0,-32311,0,0,0,0,0,54595,0
54588,-684,7980,-96,-298,-3746,-273,13493,7,1,-3,0,37051,125,27,66,0,0,0,0,0,0,0,0,-32311,0,0,0,0,0,54600,0
54593,-696,7888,-64,-280,-3815,-289,13493,1,3,-2,0,37051,125,27,66,0,0,0,0,0,0,0,0,-32310,0,0,0,0,0,54605,0
54598,-742,7844,-26,-272,-3887,-304,13491,4,-1,-2,0,37052,125,27,66,0,0,0,0,0,0,0,0,-32310,0,0,0,0,0,54610,0
54603,-774,7830,-16,-263,-3956,-304,13492,1,3,-3,0,37052,125,27,66,0,0,0,0,0,0,0,0,-32311,0,0,0,0,0,54615,0
54608,-878,7800,60,-233,-4100,-327,13491,0,1,-3,0,37052,130,27,66,0,0,0,0,0,0,0,0,-32311,0,0,0,0,0,54620,0
54613,-930,7784,-16,-223,-4160,-327,13491,1,0,-3,0,37052,130,27,66,0,0,0,0,0,0,0,0,-32311,0,0,0,0,0,54625,0
54618,-924,8006,28,-222,-4220,-321,13492,-2,3,-1,0,37054,134,27,66,0,0,0,0,0,0,0,0,-32310,0,0,0,0,0,54630,0
54623,-816,8290,84,-217,-4265,-326,13491,-9,0,0,0,37054,134,27,66,0,0,0,0,0,0,0,0,-32310,0,0,0,0,0,54635,0
54628,-618,8292,126,-221,-4331,-334,13493,-1,4,0,0,37056,138,27,66,0,0,0,0,0,0,0,0,-32310,0,0,0,0,0,54640,0
54633,-488,8208,112,-215,-4354,-347,13493,5,-1,0,0,37056,138,27,66,0,0,0,0,0,0,0,0,-32310,0,0,0,0,0,54645,0
54638,-326,8268,142,-212,-4374,-355,13493,7,2,0,0,37057,136,27,66,0,0,0,0,0,0,0,0,-32311,0,0,0,0,0,54650,0
54643,-234,8262,164,-214,-4400,-369,13490,-2,-3,-1,0,37057,136,27,66,0,0,0,0,0,0,0,0,-32310,0,0,0,0,0,54655,0
54648,-156,8144,242,-218,-4452,-393,13491,-5,2,-3,0,37054,126,27,66,0,0,0,0,0,0,0,0,-32310,0,0,0,0,0,54660,0
54653,-128,8126,252,-219,-4474,-401,13492,5,5,-2,0,37054,126,27,66,0,0,0,0,0,0,0,0,-32310,0,0,0,0,0,54665,0
54658,-90,8114,272,-226,-4501,-407,13492,3,-1,-1,0,37054,119,27,66,0,0,0,0,0,0,0,0,-32310,0,0,0,0,0,54670,0
54663,-172,8032,308,-220,-4532,-415,13492,0,5,-2,0,37054,119,27,66,0,0,0,0,0,0,0,0,-32311,0,0,0,0,0,54675,0
54668,-212,8084,402,-208,-4600,-440,13493,4,5,-3,0,37054,125,27,66,0,0,0,0,0,0,0,0,-32310,0,0,0,0,0,54680,0
54673,-200,8162,346,-217,-4628,-444,13492,1,3,-2,0,37054,125,27,66,0,0,0,0,0,0,0,0,-32310,0,0,0,0,0,54685,0
54678,-112,8190,358,-224,-4648,-445,13492,3,-2,-1,0,37054,130,27,66,0,0,0,0,0,0,0,0,-32311,0,0,0,0,0,54690,0
54683,-186,8110,420,-215,-4671,-455,13492,0,3,1,0,37054,130,27,66,0,0,0,0,0,0,0,0,-32310,0,0,0,0,0,54695,0
54688,-30,8130,414,-225,-4697,-466,13491,-6,3,0,0,37053,131,27,66,0,0,0,0,0,0,0,0,-32310,0,0,0,0,0,54700,0
54693,-12,8120,460,-225,-4714,-478,13493,6,2,-1,0,37053,131,27,66,0,0,0,0,0,0,0,0,-32310,0,0,0,0,0,54705,0
54698,-32,8080,486,-232,-4725,-483,13493,5,3,-4,0,37054,125,27,66,0,0,0,0,0,0,0,0,-32310,0,0,0,0,0,54710,0
54703,-42,7982,524,-226,-4750,-497,13492,-4,5,-3,0,37054,125,27,66,0,0,0,0,0,0,0,0,-32310,0,0,0,0,0,54715,0
54708,120,8256,564,-236,-4787,-501,13493,7,2,-1,0,37055,121,27,66,0,0,0,0,0,0,0,0,-32310,0,0,0,0,0,54720,0
54713,88,8262,564,-249,-4796,-511,13492,-1,0,-2,0,37055,121,27,66,0,0,0,0,0,0,0,0,-32311,0,0,0,0,0,54725,0
54718,30,8158,596,-252,-4803,-511,13492,2,0,-2,0,37054,118,27,66,0,0,0,0,0,0,0,0,-32310,0,0,0,0,0,54730,0
54723,90,8162,622,-251,-4808,-525,13492,3,-2,-2,0,37054,118,27,66,0,0,0,0,0,0,0,0,-32311,0,0,0,0,0,54735,0
54728,132,8418,774,-275,-4815,-525,13491,-3,-3,-3,0,37052,121,27,66,0,0,0,0,0,0,0,0,-32310,0,0,0,0,0,54740,0
54733,126,8220,768,-295,-4807,-533,13491,-2,-1,-3,0,37052,121,27,66,0,0,0,0,0,0,0,0,-32311,0,0,0,0,0,54745,0
54738,462,8494,684,-326,-4793,-533,13492,-3,1,1,0,37051,121,27,66,0,0,0,0,0,0,0,0,-32310,0,0,0,0,0,54750,0
54743,286,8390,656,-343,-4777,-511,13491,-5,0,-2,0,37051,121,27,66,0,0,0,0,0,0,0,0,-32311,0,0,0,0,0,54755,0
54748,98,8186,948,-345,-4732,-492,13491,-2,-7,-2,0,37055,127,27,66,0,0,0,0,0,0,0,0,-32310,0,0,0,0,0,54760,0
54753,468,8126,904,-372,-4680,-505,13491,3,2,-2,0,37055,127,27,66,0,0,0,0,0,0,0,0,-32310,0,0,0,0,0,54765,0
54758,484,8174,906,-396,-4633,-509,13492,0,0,0,0,37056,138,27,66,0,0,0,0,0,0,0,0,-32310,0,0,0,0,0,54770,0
54763,400,8016,1060,-410,-4591,-489,13492,0,4,-3,0,37056,138,27,66,0,0,0,0,0,0,0,0,-32310,0,0,0,0,0,54775,0
54768,548,8044,1096,-476,-4482,-469,13491,0,-1,-3,0,37056,131,27,66,0,0,0,0,0,0,0,0,-32310,0,0,0,0,0,54780,0
54773,594,7928,1226,-503,-4425,-467,13492,1,0,-2,0,37056,131,27,66,0,0,0,0,0,0,0,0,-32310,0,0,0,0,0,54785,0
54778,578,7932,1376,-525,-4384,-473,13492,0,2,-3,0,37053,128,27,66,0,0,0,0,0,0,0,0,-32310,0,0,0,0,0,54790,0
54783,514,7790,1332,-553,-4323,-464,13492,0,4,-2,0,37053,128,27,66,0,0,0,0,0,0,0,0,-32310,0,0,0,0,0,54795,0
54788,662,7990,1448,-663,-4184,-448,13492,3,-1,-3,0,37054,123,27,66,0,0,0,0,0,0,0,0,-32311,0,0,0,0,0,54800,0
54793,674,8044,1428,-729,-4129,-441,13491,3,0,-1,0,37054,123,27,66,0,0,0,0,0,0,0,0,-32310,0,0,0,0,0,54805,0
54798,614,8042,1556,-768,-4071,-414,13491,-1,-2,-3,0,37055,123,27,66,0,0,0,0,0,0,0,0,-32310,0,0,0,0,0,54810,0
54803,422,8178,1800,-797,-4028,-382,13492,4,4,-3,0,37055,123,27,66,0,0,0,0,0,0,0,0,-32310,0,0,0,0,0,54815,0
54808,162,8134,1956,-890,-3934,-312,13493,6,5,-2,0,37053,127,27,66,0,0,0,0,0,0,0,0,-32311,0,0,0,0,0,54820,0
54813,334,8192,1920,-962,-3886,-276,13492,6,0,-1,0,37053,127,27,66,0,0,0,0,0,0,0,0,-32310,0,0,0,0,0,54825,0
54818,264,8242,1960,-1015,-3860,-247,13491,-2,0,-1,0,37053,133,27,66,0,0,0,0,0,0,0,0,-32311,0,0,0,0,0,54830,0
54823,266,8290,2190,-1078,-3831,-220,13491,-3,2,-4,0,37053,133,27,66,0,0,0,0,0,0,0,0,-32310,0,0,0,0,0,54835,0
54828,366,8036,2280,-1168,-3791,-179,13492,0,-2,-6,0,37052,130,27,66,0,0,0,0,0,0,0,0,-32310,0,0,0,0,0,54840,0
54833,374,7606,1932,-1170,-3746,-169,13493,6,1,-8,0,37052,130,27,66,0,0,0,0,0,0,0,0,-32310,0,0,0,0,0,54845,0
54838,302,7878,2210,-1203,-3708,-163,13494,7,-1,-7,0,37053,129,27,66,0,0,0,0,0,0,0,0,-32310,0,0,0,0,0,54850,0
54843,280,7716,2042,-1225,-3689,-138,13493,-4,4,-5,0,37053,129,27,66,0,0,0,0,0,0,0,0,-32310,0,0,0,0,0,54855,0
54848,392,7492,2046,-1245,-3647,-151,13493,-2,1,-2,0,37055,129,27,66,0,0,0,0,0,0,0,0,-32311,0,0,0,0,0,54860,0
54853,612,7492,2058,-1251,-3606,-174,13494,0,-2,-1,0,37055,129,27,66,0,0,0,0,0,0,0,0,-32310,0,0,0,0,0,54865,0
54858,578,7406,2148,-1263,-3590,-194,13493,2,2,-2,0,37055,129,27,66,0,0,0,0,0,0,0,0,-32310,0,0,0,0,0,54870,0
54863,774,7352,1920,-1289,-3553,-217,13494,6,0,-4,0,37055,129,27,66,0,0,0,0,0,0,0,0,-32310,0,0,0,0,0,54875,0
54868,276,7374,2314,-1329,-3565,-286,13493,0,-3,-2,0,37056,126,27,66,0,0,0,0,0,0,0,0,-32310,0,0,0,0,0,54880,0
54873,128,7394,2582,-1315,-3602,-294,13494,0,1,-1,0,37056,126,27,66,0,0,0,0,0,0,0,0,-32310,0,0,0,0,0,54885,0
54878,116,7412,2560,-1320,-3636,-290,13493,-5,-5,-2,0,37055,121,27,66,0,0,0,0,0,0,0,0,-32311,0,0,0,0,0,54890,0
54883,82,7554,2714,-1323,-3669,-315,13493,-2,-1,-1,0,37055,121,27,66,0,0,0,0,0,0,0,0,-32310,0,0,0,0,0,54895,0
54888,-10,7500,2922,-1333,-3750,-313,13493,-4,0,-1,0,37055,122,27,66,0,0,0,0,0,0,0,0,-32310,0,0,0,0,0,54900,0
54893,64,7436,2906,-1339,-3784,-323,13492,-9,3,-2,0,37055,122,27,66,0,0,0,0,0,0,0,0,-32310,0,0,0,0,0,54905,0
54898,50,7540,3042,-1347,-3826,-334,13495,-1,-3,-3,0,37055,117,27,66,0,0,0,0,0,0,0,0,-32310,0,0,0,0,0,54910,0
54903,-60,7676,3040,-1360,-3857,-361,13494,0,1,-4,0,37055,117,27,66,0,0,0,0,0,0,0,0,-32310,0,0,0,0,0,54915,0
54908,-84,7646,3116,-1397,-3917,-360,13495,9,5,-3,0,37052,118,27,66,0,0,0,0,0,0,0,0,-32310,0,0,0,0,0,54920,0
54913,-194,7552,3240,-1392,-3956,-358,13494,6,-1,-3,0,37052,118,27,66,0,0,0,0,0,0,0,0,-32310,0,0,0,0,0,54925,0
54918,-112,7434,3060,-1390,-3997,-362,13495,-5,-2,-2,0,37051,120,27,66,0,0,0,0,0,0,0,0,-32311,0,0,0,0,0,54930,0
54923,152,7482,2918,-1374,-4016,-363,13494,3,-1,-2,0,37051,120,27,66,0,0,0,0,0,0,0,0,-32311,0,0,0,0,0,54935,0
54928,342,7298,2834,-1359,-4036,-394,13495,5,0,-1,0,37052,122,27,66,0,0,0,0,0,0,0,0,-32310,0,0,0,0,0,54940,0
54933,464,7156,2888,-1352,-4053,-406,13493,-8,-5,-2,0,37052,122,27,66,0,0,0,0,0,0,0,0,-32310,0,0,0,0,0,54945,0
54938,650,7144,2626,-1361,-4064,-423,13493,-7,-2,-2,0,37051,125,27,66,0,0,0,0,0,0,0,0,-32310,0,0,0,0,0,54950,0
54943,652,7412,2718,-1361,-4059,-440,13494,0,-2,-4,0,37051,125,27,66,0,0,0,0,0,0,0,0,-32310,0,0,0,0,0,54955,0
54948,528,7400,2804,-1363,-4058,-450,13495,3,2,-3,0,37051,128,27,66,0,0,0,0,0,0,0,0,-32311,0,0,0,0,0,54960,0
54953,434,7402,2914,-1347,-4057,-441,13494,-5,0,-4,0,37051,128,27,66,0,0,0,0,0,0,0,0,-32310,0,0,0,0,0,54965,0
54958,314,7186,3004,-1321,-4066,-435,13494,0,0,-2,0,37051,131,27,66,0,0,0,0,0,0,0,0,-32310,0,0,0,0,0,54970,0
54963,370,7204,3080,-1284,-4076,-429,13494,-4,-3,-1,0,37051,131,27,66,0,0,0,0,0,0,0,0,-32310,0,0,0,0,0,54975,0
54968,752,7630,3116,-1267,-4065,-446,13494,0,-2,-1,0,37051,132,27,66,0,0,0,0,0,0,0,0,-32311,0,0,0,0,0,54980,0
54973,744,7600,3092,-1265,-4039,-448,13494,2,4,-3,0,37051,132,27,66,0,0,0,0,0,0,0,0,-32310,0,0,0,0,0,54985,0
54978,618,7594,3202,-1257,-4021,-448,13494,-3,-2,-4,0,37049,132,27,66,0,0,0,0,0,0,0,0,-32310,0,0,0,0,0,54990,0
54983,524,7500,3214,-1250,-4008,-442,13494,-5,-4,-3,0,37049,132,27,66,0,0,0,0,0,0,0,0,-32310,0,0,0,0,0,54995,0
54988,538,7452,3122,-1219,-3971,-425,13494,-7,3,-5,0,37048,128,27,66,0,0,0,0,0,0,0,0,-32310,0,0,0,0,0,55000,0
54993,550,7422,3098,-1180,-3950,-420,13495,5,4,-6,0,37048,128,27,66,0,0,0,0,0,0,0,0,-32311,0,0,0,0,0,55005,0
54998,512,7396,3206,-1166,-3929,-407,13496,8,0,-3,0,37048,125,27,66,0,0,0,0,0,0,0,0,-32310,0,0,0,0,0,55010,0
55003,444,7224,3070,-1123,-3917,-401,13495,-2,2,-3,0,37048,125,27,66,0,0,0,0,0,0,0,0,-32310,0,0,0,0,0,55015,0
55008,890,7468,3236,-1091,-3866,-382,13494,0,-1,-2,0,37049,125,27,66,0,0,0,0,0,0,0,0,-32311,0,0,0,0,0,55020,0
55013,1050,7146,2732,-1122,-3809,-382,13496,0,0,-2,0,37049,125,27,66,0,0,0,0,0,0,0,0,-32310,0,0,0,0,0,55025,0
55018,724,7110,2880,-1140,-3738,-380,13496,6,-1,-3,0,37051,121,27,66,0,0,0,0,0,0,0,0,-32311,0,0,0,0,0,55030,0
55023,144,7024,3534,-1090,-3734,-365,13496,2,2,-5,0,37051,121,27,66,0,0,0,0,0,0,0,0,-32310,0,0,0,0,0,55035,0
55028,354,7434,3564,-1057,-3735,-320,13495,4,0,-6,0,37047,122,27,66,0,0,0,0,0,0,0,0,-32310,0,0,0,0,0,55040,0
55033,868,7422,3262,-1059,-3670,-318,13495,-6,-1,-2,0,37047,122,27,66,0,0,0,0,0,0,0,0,-32311,0,0,0,0,0,55045,0
55038,754,7428,3360,-1047,-3604,-312,13497,4,1,-2,0,37048,124,27,66,0,0,0,0,0,0,0,0,-32310,0,0,0,0,0,55050,0
55043,392,7512,3822,-1031,-3578,-311,13496,2,-2,-1,0,37048,124,27,66,0,0,0,0,0,0,0,0,-32310,0,0,0,0,0,55055,0
55048,524,7454,3674,-982,-3541,-274,13497,7,2,-2,0,37049,120,27,66,0,0,0,0,0,0,0,0,-32310,0,0,0,0,0,55060,0
55053,740,7436,3438,-960,-3497,-266,13497,9,-1,-1,0,37049,120,27,66,0,0,0,0,0,0,0,0,-32310,0,0,0,0,0,55065,0
55058,774,7468,3500,-938,-3432,-252,13496,-5,3,-2,0,37049,121,27,66,0,0,0,0,0,0,0,0,-32310,0,0,0,0,0,55070,0
55063,668,7352,3540,-909,-3384,-248,13496,0,2,-3,0,37049,121,27,66,0,0,0,0,0,0,0,0,-32310,0,0,0,0,0,55075,0
55068,720,7214,3518,-834,-3310,-224,13497,1,-8,-2,0,37051,119,27,66,0,0,0,0,0,0,0,0,-32311,0,0,0,0,0,55080,0
55073,802,7130,3616,-801,-3263,-211,13496,-5,-2,0,0,37051,119,27,66,0,0,0,0,0,0,0,0,-32310,0,0,0,0,0,55085,0
55078,748,7100,3560,-736,-3214,-205,13496,-3,1,-1,0,37051,120,27,66,0,0,0,0,0,0,0,0,-32310,0,0,0,0,0,55090,0
55083,872,7286,3762,-703,-3168,-206,13497,-1,-1,0,0,37051,120,27,66,0,0,0,0,0,0,0,0,-32311,0,0,0,0,0,55095,0
55088,1026,7188,3816,-631,-3061,-203,13496,-5,1,-2,0,37052,120,27,66,0,0,0,0,0,0,0,0,-32310,0,0,0,0,0,55100,0
55093,1022,7196,3892,-614,-3005,-198,13496,-3,1,-3,0,37052,120,27,66,0,0,0,0,0,0,0,0,-32310,0,0,0,0,0,55105,0
55098,920,7192,3960,-594,-2941,-192,13496,-1,1,-3,0,37049,113,27,66,0,0,0,0,0,0,0,0,-32311,0,0,0,0,0,55110,0
55103,848,7182,3982,-583,-2899,-173,13496,-3,2,-3,0,37049,113,27,66,0,0,0,0,0,0,0,0,-32311,0,0,0,0,0,55115,0
55108,696,7126,4060,-569,-2769,-117,13496,-7,0,-1,0,37050,118,27,66,0,0,0,0,0,0,0,0,-32311,0,0,0,0,0,55120,0
55113,690,7086,4026,-561,-2699,-97,13494,-9,1,-2,0,37050,118,27,66,0,0,0,0,0,0,0,0,-32311,0,0,0,0,0,55125,0
55118,680,7016,4084,-549,-2633,-72,13497,5,4,-3,0,37051,127,27,66,0,0,0,0,0,0,0,0,-32311,0,0,0,0,0,55130,0
55123,720,6996,4070,-539,-2565,-57,13496,-5,0,-1,0,37051,127,27,66,0,0,0,0,0,0,0,0,-32311,0,0,0,0,0,55135,0
55128,844,7026,4128,-528,-2393,-32,13496,-5,5,-2,0,37054,124,27,66,0,0,0,0,0,0,0,0,-32311,0,0,0,0,0,55140,0
55133,882,7040,4206,-520,-2300,-24,13496,0,2,-2,0,37054,124,27,66,0,0,0,0,0,0,0,0,-32310,0,0,0,0,0,55145,0
55138,1058,7054,4252,-505,-2214,-19,13496,-4,0,-2,0,37053,119,27,66,0,0,0,0,0,0,0,0,-32310,0,0,0,0,0,55150,0
55143,1010,7048,4306,-491,-2113,-17,13498,5,0,-2,0,37053,119,27,66,0,0,0,0,0,0,0,0,-32311,0,0,0,0,0,55155,0
55148,1190,7164,4434,-467,-1906,-10,13498,3,0,-2,0,37051,117,27,66,0,0,0,0,0,0,0,0,-32311,0,0,0,0,0,55160,0
55153,1144,6940,4394,-446,-1777,-11,13496,-1,0,-1,0,37051,117,27,66,0,0,0,0,0,0,0,0,-32311,0,0,0,0,0,55165,0
55158,1364,6922,4392,-433,-1707,-32,13496,-4,-8,-1,0,37049,132,27,66,0,0,0,0,0,0,0,0,-32310,0,0,0,0,0,55170,0
55163,2010,7578,3856,-488,-1572,-46,13496,0,-5,-1,0,37049,132,27,66,0,0,0,0,0,0,0,0,-32311,0,0,0,0,0,55175,0
55168,1094,6880,4192,-426,-1371,-61,13497,-1,-2,0,0,37048,135,27,66,0,0,0,0,0,0,0,0,-32310,0,0,0,0,0,55180,0
55173,814,6910,4422,-369,-1351,-47,13496,-3,-2,-2,0,37048,135,27,66,0,0,0,0,0,0,0,0,-32310,0,0,0,0,0,55185,0
55178,1040,6724,3994,-327,-1308,-26,13495,-3,1,-2,0,37048,139,27,66,0,0,0,0,0,0,0,0,-32311,0,0,0,0,0,55190,0
55183,1498,6878,3822,-284,-1232,-23,13496,0,1,-2,0,37048,139,27,66,0,0,0,0,0,0,0,0,-32310,0,0,0,0,0,55195,0
55188,1444,7232,4230,-217,-1086,-33,13496,-3,1,-2,0,37046,125,27,66,0,0,0,0,0,0,0,0,-32310,0,0,0,0,0,55200,0
55193,1314,7260,4318,-189,-1035,-34,13496,2,0,-2,0,37046,125,27,66,0,0,0,0,0,0,0,0,-32310,0,0,0,0,0,55205,0
55198,1250,7208,4328,-155,-971,-17,13496,0,2,-2,0,37046,118,27,66,0,0,0,0,0,0,0,0,-32311,0,0,0,0,0,55210,0
55203,1254,7250,4296,-136,-912,-3,13496,-12,0,-2,0,37046,118,27,66,0,0,0,0,0,0,0,0,-32310,0,0,0,0,0,55215,0
55208,1056,7202,4252,-86,-792,24,13497,-4,-3,-3,0,37046,120,27,66,0,0,0,0,0,0,0,0,-32311,0,0,0,0,0,55220,0
55213,1024,7084,4158,-52,-733,40,13498,7,1,-3,0,37046,120,27,66,0,0,0,0,0,0,0,0,-32310,0,0,0,0,0,55225,0
55218,1052,7070,4124,-27,-688,53,13497,0,3,-2,0,37048,123,27,66,0,0,0,0,0,0,0,0,-32310,0,0,0,0,0,55230,0
55223,1010,7072,4090,-9,-627,61,13496,-3,0,-1,0,37048,123,27,66,0,0,0,0,0,0,0,0,-32310,0,0,0,0,0,55235,0
55228,958,7124,4102,58,-521,92,13496,1,-3,0,0,37048,127,27,66,0,0,0,0,0,0,0,0,-32311,0,0,0,0,0,55240,0
55233,988,7090,4090,74,-467,100,13496,0,1,0,0,37048,127,27,66,0,0,0,0,0,0,0,0,-32310,0,0,0,0,0,55245,0
55238,1046,7092,4070,106,-405,106,13496,1,1,-1,0,37048,126,27,66,0,0,0,0,0,0,0,0,-32310,0,0,0,0,0,55250,0
55243,1120,7132,4164,125,-345,111,13498,0,1,-2,0,37048,126,27,66,0,0,0,0,0,0,0,0,-32310,0,0,0,0,0,55255,0
55248,1166,7238,4210,169,-221,115,13497,8,4,-2,0,37048,124,27,66,0,0,0,0,0,0,0,0,-32310,0,0,0,0,0,55260,0
55253,1198,7284,4192,189,-156,115,13496,0,0,-2,0,37048,124,27,66,0,0,0,0,0,0,0,0,-32311,0,0,0,0,0,55265,0
55258,1192,7292,4160,199,-90,123,13495,-8,-5,-2,0,37055,132,27,66,0,0,0,0,0,0,0,0,-32310,0,0,0,0,0,55270,0
55263,1156,7250,4064,214,-20,126,13496,0,-4,-2,0,37055,132,27,66,0,0,0,0,0,0,0,0,-32310,0,0,0,0,0,55275,0
55268,1020,7214,3928,259,99,157,13497,-5,2,-1,0,37056,134,27,66,0,0,0,0,0,0,0,0,-32310,0,0,0,0,0,55280,0
55273,1054,7212,3852,285,159,169,13497,-2,-1,-1,0,37056,134,27,66,0,0,0,0,0,0,0,0,-32310,0,0,0,0,0,55285,0
55278,1042,7150,3730,304,218,191,13497,0,0,-2,0,37056,133,27,66,0,0,0,0,0,0,0,0,-32311,0,0,0,0,0,55290,0
55283,1010,7146,3656,328,274,207,13496,0,0,-1,0,37056,133,27,66,0,0,0,0,0,0,0,0,-32310,0,0,0,0,0,55295,0
55288,1058,7242,3672,372,402,224,13496,-1,1,-2,0,37053,122,27,66,0,0,0,0,0,0,0,0,-32310,0,0,0,0,0,55300,0
55293,1068,7202,3638,400,467,228,13496,-4,-1,-2,0,37053,122,27,66,0,0,0,0,0,0,0,0,-32310,0,0,0,0,0,55305,0
55298,1144,7224,3670,418,526,230,13496,-1,4,-1,0,37053,124,27,66,0,0,0,0,0,0,0,0,-32310,0,0,0,0,0,55310,0
55303,1166,7294,3728,449,579,230,13497,-3,0,-3,0,37053,124,27,66,0,0,0,0,0,0,0,0,-32310,0,0,0,0,0,55315,0
55308,1140,7336,3690,494,674,228,13497,2,2,-4,0,37052,121,27,66,0,0,0,0,0,0,0,0,-32310,0,0,0,0,0,55320,0
55313,1106,7406,3674,520,723,235,13496,0,1,-2,0,37052,121,27,66,0,0,0,0,0,0,0,0,-32311,0,0,0,0,0,55325,0
55318,1038,7372,3584,544,761,242,13497,0,0,-1,0,37052,121,27,66,0,0,0,0,0,0,0,0,-32310,0,0,0,0,0,55331,0
55323,978,7422,3618,567,797,259,13497,2,-2,-2,0,37052,121,27,66,0,0,0,0,0,0,0,0,-32311,0,0,0,0,0,55336,0
55328,916,7404,3542,620,863,288,13497,-1,0,-3,0,37051,126,27,66,0,0,0,0,0,0,0,0,-32311,0,0,0,0,0,55341,0
55333,852,7374,3516,638,894,303,13496,0,0,-4,0,37051,126,27,66,0,0,0,0,0,0,0,0,-32310,0,0,0,0,0,55346,0
55338,846,7350,3472,659,921,317,13497,0,0,-2,0,37052,130,27,66,0,0,0,0,0,0,0,0,-32310,0,0,0,0,0,55351,0
55343,826,7348,3480,674,957,336,13496,-4,1,-3,0,37052,130,27,66,0,0,0,0,0,0,0,0,-32310,0,0,0,0,0,55356,0
55348,838,7336,3496,703,1027,363,13496,-2,-2,-3,0,37049,133,27,66,0,0,0,0,0,0,0,0,-32310,0,0,0,0,0,55361,0
55353,874,7390,3436,721,1069,381,13497,3,-1,-1,0,37049,133,27,66,0,0,0,0,0,0,0,0,-32310,0,0,0,0,0,55366,0
55358,974,7446,3460,733,1120,382,13496,0,4,-2,0,37051,128,27,66,0,0,0,0,0,0,0,0,-32311,0,0,0,0,0,55371,0
55363,992,7468,3410,746,1173,393,13496,-1,3,-4,0,37051,128,27,66,0,0,0,0,0,0,0,0,-32310,0,0,0,0,0,55376,0
55368,1062,7486,3322,775,1277,394,13497,5,-2,-1,0,37054,129,27,66,0,0,0,0,0,0,0,0,-32311,0,0,0,0,0,55381,0
55373,1120,7484,3272,792,1333,387,13496,-1,2,-1,0,37054,129,27,66,0,0,0,0,0,0,0,0,-32310,0,0,0,0,0,55386,0
55378,1090,7450,3198,814,1371,384,13497,4,-2,-1,0,37059,124,27,66,0,0,0,0,0,0,0,0,-32310,0,0,0,0,0,55391,0
55383,1094,7454,3080,841,1415,382,13497,0,-3,-2,0,37059,124,27,66,0,0,0,0,0,0,0,0,-32311,0,0,0,0,0,55396,0
55388,1022,7408,2934,893,1480,374,13496,-8,-1,-3,0,37058,123,27,66,0,0,0,0,0,0,0,0,-32311,0,0,0,0,0,55401,0
55393,1014,7458,2888,925,1508,379,13496,6,-3,-2,0,37058,123,27,66,0,0,0,0,0,0,0,0,-32310,0,0,0,0,0,55406,0
55398,966,7486,2936,939,1528,382,13496,-6,-3,-2,0,37054,122,27,66,0,0,0,0,0,0,0,0,-32310,0,0,0,0,0,55411,0
55403,890,7474,2948,960,1551,392,13497,1,0,-4,0,37054,122,27,66,0,0,0,0,0,0,0,0,-32310,0,0,0,0,0,55416,0
55408,768,7552,3016,989,1573,418,13497,2,4,-2,0,37052,124,27,66,0,0,0,0,0,0,0,0,-32310,0,0,0,0,0,55421,0
55413,702,7580,2986,999,1590,434,13496,-1,1,-2,0,37052,124,27,66,0,0,0,0,0,0,0,0,-32310,0,0,0,0,0,55426,0
55418,708,7568,2952,1018,1595,452,13497,1,-3,-1,0,37052,127,27,66,0,0,0,0,0,0,0,0,-32310,0,0,0,0,0,55431,0
55423,658,7578,2904,1017,1603,465,13497,0,5,-2,0,37052,127,27,66,0,0,0,0,0,0,0,0,-32310,0,0,0,0,0,55436,0
55428,542,7518,2844,1036,1611,510,13496,0,5,-1,0,37053,126,27,66,0,0,0,0,0,0,0,0,-32311,0,0,0,0,0,55441,0
55433,534,7532,2826,1029,1614,523,13496,-3,-2,-1,0,37053,126,27,66,0,0,0,0,0,0,0,0,-32310,0,0,0,0,0,55446,0
55438,620,7588,2802,1024,1625,544,13496,-1,-1,-2,0,37052,124,27,66,0,0,0,0,0,0,0,0,-32310,0,0,0,0,0,55451,0
55443,656,7562,2806,1034,1643,542,13496,-3,4,-1,0,37052,124,27,66,0,0,0,0,0,0,0,0,-32310,0,0,0,0,0,55456,0
55448,718,7554,2750,1031,1671,537,13496,0,3,-2,0,37051,120,27,66,0,0,0,0,0,0,0,0,-32310,0,0,0,0,0,55461,0
55453,760,7602,2730,1035,1686,540,13497,7,0,-1,0,37051,120,27,66,0,0,0,0,0,0,0,0,-32310,0,0,0,0,0,55466,0
55458,792,7638,2834,1027,1709,519,13497,3,1,-1,0,37051,127,27,66,0,0,0,0,0,0,0,0,-32310,0,0,0,0,0,55471,0
55463,764,7564,2772,1027,1718,507,13496,-2,1,-4,0,37051,127,27,66,0,0,0,0,0,0,0,0,-32311,0,0,0,0,0,55476,0
55468,706,7542,2696,1017,1736,475,13499,15,0,-2,0,37054,131,27,66,0,0,0,0,0,0,0,0,-32310,0,0,0,0,0,55481,0
55473,730,7580,2678,1011,1737,466,13497,0,0,-1,0,37054,131,27,66,0,0,0,0,0,0,0,0,-32310,0,0,0,0,0,55486,0
55478,660,7544,2630,1009,1730,448,13495,-3,1,-2,0,37055,134,27,66,0,0,0,0,0,0,0,0,-32310,0,0,0,0,0,55491,0
55483,650,7580,2628,1005,1724,438,13496,-4,-7,-1,0,37055,134,27,66,0,0,0,0,0,0,0,0,-32310,0,0,0,0,0,55496,0
55488,532,7464,2460,993,1690,414,13496,1,0,0,0,37054,131,27,66,0,0,0,0,0,0,0,0,-32311,0,0,0,0,0,55501,0
55493,470,7540,2538,981,1662,407,13497,1,-2,-2,0,37054,131,27,66,0,0,0,0,0,0,0,0,-32310,0,0,0,0,0,55506,0
55498,428,7518,2522,963,1637,408,13497,3,6,-2,0,37051,120,27,66,0,0,0,0,0,0,0,0,-32310,0,0,0,0,0,55511,0
55503,400,7508,2540,942,1603,398,13497,-4,-4,-3,0,37051,120,27,66,0,0,0,0,0,0,0,0,-32310,0,0,0,0,0,55516,0
55508,318,7576,2544,901,1540,391,13496,-5,-2,-2,0,37052,121,27,66,0,0,0,0,0,0,0,0,-32310,0,0,0,0,0,55521,0
55513,280,7556,2492,873,1503,387,13496,1,1,-4,0,37052,121,27,66,0,0,0,0,0,0,0,0,-32310,0,0,0,0,0,55526,0
55518,282,7564,2522,861,1460,380,13496,-3,2,-3,0,37053,122,27,66,0,0,0,0,0,0,0,0,-32311,0,0,0,0,0,55531,0
55523,238,7594,2548,837,1409,369,13496,0,2,-2,0,37053,122,27,66,0,0,0,0,0,0,0,0,-32310,0,0,0,0,0,55536,0
55528,284,7590,2562,803,1309,341,13496,-2,1,-2,0,37052,130,27,66,0,0,0,0,0,0,0,0,-32310,0,0,0,0,0,55541,0
55533,244,7648,2638,787,1254,321,13496,0,2,-2,0,37052,130,27,66,0,0,0,0,0,0,0,0,-32310,0,0,0,0,0,55546,0
55538,278,7620,2610,774,1197,304,13496,0,4,-1,0,37051,122,27,66,0,0,0,0,0,0,0,0,-32310,0,0,0,0,0,55551,0
55543,290,7656,2596,759,1139,280,13497,4,5,-1,0,37051,122,27,66,0,0,0,0,0,0,0,0,-32310,0,0,0,0,0,55556,0
55548,294,7736,2650,722,1017,233,13498,1,3,-3,0,37051,125,27,66,0,0,0,0,0,0,0,0,-32310,0,0,0,0,0,55561,0
55553,256,7736,2630,704,954,219,13498,8,3,-3,0,37051,125,27,66,0,0,0,0,0,0,0,0,-32310,0,0,0,0,0,55566,0
55558,208,7736,2620,688,884,197,13496,1,-1,-1,0,37060,129,27,66,0,0,0,0,0,0,0,0,-32310,0,0,0,0,0,55571,0
55563,172,7672,2604,655,817,189,13497,3,2,-3,0,37060,129,27,66,0,0,0,0,0,0,0,0,-32310,0,0,0,0,0,55576,0
55568,64,7630,2474,601,671,178,13497,6,2,-4,0,37071,139,27,66,0,0,0,0,0,0,0,0,-32311,0,0,0,0,0,55581,0
55573,94,7596,2370,586,606,176,13497,4,1,-2,0,37071,139,27,66,0,0,0,0,0,0,0,0,-32310,0,0,0,0,0,55586,0
55578,128,7556,2314,567,530,163,13496,1,2,-2,0,37069,133,27,66,0,0,0,0,0,0,0,0,-32310,0,0,0,0,0,55591,0
55583,94,7540,2234,550,452,156,13496,-1,2,-1,0,37069,133,27,66,0,0,0,0,0,0,0,0,-32310,0,0,0,0,0,55596,0
55588,154,7518,2160,535,303,126,13497,-11,6,-2,0,37063,125,27,66,0,0,0,0,0,0,0,0,-32310,0,0,0,0,0,55601,0
55593,234,7556,2200,518,236,114,13495,-3,-4,-1,0,37063,125,27,66,0,0,0,0,0,0,0,0,-32310,0,0,0,0,0,55606,0
55598,278,7608,2222,514,174,92,13496,0,-5,-1,0,37052,127,27,66,0,0,0,0,0,0,0,0,-32310,0,0,0,0,0,55611,0
55603,268,7630,2332,497,101,69,13496,-1,-3,-3,0,37052,127,27,66,0,0,0,0,0,0,0,0,-32310,0,0,0,0,0,55616,0
55608,370,7754,2430,483,-22,28,13496,-4,-1,-3,0,37052,123,27,66,0,0,0,0,0,0,0,0,-32310,0,0,0,0,0,55621,0
55613,342,7802,2508,466,-83,4,13497,1,3,-1,0,37052,123,27,66,0,0,0,0,0,0,0,0,-32310,0,0,0,0,0,55626,0
55618,352,7818,2538,452,-145,-17,13497,2,-2,-1,0,37054,124,27,66,0,0,0,0,0,0,0,0,-32310,0,0,0,0,0,55631,0
55623,352,7824,2566,436,-209,-36,13496,3,-3,-1,0,37054,124,27,66,0,0,0,0,0,0,0,0,-32310,0,0,0,0,0,55636,0
55628,124,7642,2512,403,-352,-69,13497,6,3,-1,0,37055,118,27,66,0,0,0,0,0,0,0,0,-32310,0,0,0,0,0,55641,0
55633,494,8050,2474,369,-430,-73,13497,4,1,-1,0,37055,118,27,66,0,0,0,0,0,0,0,0,-32310,0,0,0,0,0,55646,0
55638,156,7862,2214,350,-492,-83,13496,-9,-1,-2,0,37054,115,27,66,0,0,0,0,0,0,0,0,-32310,0,0,0,0,0,55651,0
55643,8,7794,2426,327,-568,-65,13496,1,2,-2,0,37054,115,27,66,0,0,0,0,0,0,0,0,-32310,0,0,0,0,0,55656,0
55648,142,7724,2142,308,-711,-51,13495,-6,-11,-1,0,37051,112,27,66,0,0,0,0,0,0,0,0,-32310,0,0,0,0,0,55661,0
55653,390,7696,2010,290,-756,-58,13496,-5,0,-1,0,37051,112,27,66,0,0,0,0,0,0,0,0,-32310,0,0,0,0,0,55666,0
55658,396,7644,2088,280,-818,-79,13497,3,3,-2,0,37048,118,27,66,0,0,0,0,0,0,0,0,-32310,0,0,0,0,0,55671,0
55663,396,7564,2112,281,-877,-97,13496,-3,-2,-3,0,37048,118,27,66,0,0,0,0,0,0,0,0,-32311,0,0,0,0,0,55676,0
55668,580,7590,2000,290,-980,-142,13497,6,0,-2,0,37048,119,27,66,0,0,0,0,0,0,0,0,-32310,0,0,0,0,0,55681,0
55673,554,7608,2118,290,-1023,-162,13496,-2,1,-1,0,37048,119,27,66,0,0,0,0,0,0,0,0,-32310,0,0,0,0,0,55686,0
55678,532,7634,2190,288,-1068,-178,13496,0,-1,0,0,37057,130,27,66,0,0,0,0,0,0,0,0,-32310,0,0,0,0,0,55691,0
55683,594,7712,2264,292,-1109,-191,13496,-2,3,0,0,37057,130,27,66,0,0,0,0,0,0,0,0,-32310,0,0,0,0,0,55696,0
55688,656,7834,2352,280,-1170,-223,13496,0,-2,-1,0,37056,128,27,66,0,0,0,0,0,0,0,0,-32310,0,0,0,0,0,55701,0
55693,622,7854,2416,278,-1214,-231,13497,3,2,-2,0,37056,128,27,66,0,0,0,0,0,0,0,0,-32311,0,0,0,0,0,55706,0
55698,604,7882,2436,264,-1248,-239,13497,-4,7,-2,0,37056,131,27,66,0,0,0,0,0,0,0,0,-32310,0,0,0,0,0,55711,0
55703,684,7900,2400,252,-1273,-246,13496,-4,-1,-2,0,37056,131,27,66,0,0,0,0,0,0,0,0,-32311,0,0,0,0,0,55716,0
55708,660,7894,2412,234,-1311,-253,13497,6,-4,-2,0,37050,126,27,66,0,0,0,0,0,0,0,0,-32310,0,0,0,0,0,55721,0
55713,662,7862,2380,221,-1340,-251,13496,-3,0,-1,0,37050,126,27,66,0,0,0,0,0,0,0,0,-32310,0,0,0,0,0,55726,0
55718,732,7878,2340,210,-1353,-254,13497,0,2,-2,0,37051,126,27,66,0,0,0,0,0,0,0,0,-32310,0,0,0,0,0,55731,0
55723,750,7818,2278,194,-1361,-261,13497,3,1,-2,0,37051,126,27,66,0,0,0,0,0,0,0,0,-32311,0,0,0,0,0,55736,0
55728,742,7750,2174,196,-1380,-260,13497,-3,-2,0,0,37051,128,27,66,0,0,0,0,0,0,0,0,-32310,0,0,0,0,0,55741,0
55733,752,7746,2174,187,-1385,-253,13496,0,-1,-1,0,37051,128,27,66,0,0,0,0,0,0,0,0,-32310,0,0,0,0,0,55746,0
55738,692,7630,2050,192,-1405,-260,13496,0,-3,0,0,37051,132,27,66,0,0,0,0,0,0,0,0,-32310,0,0,0,0,0,55751,0
55743,782,7772,1974,183,-1420,-253,13497,-2,-3,-2,0,37051,132,27,66,0,0,0,0,0,0,0,0,-32310,0,0,0,0,0,55756,0
55748,700,7714,2020,184,-1416,-234,13495,-4,-2,-3,0,37050,137,27,66,0,0,0,0,0,0,0,0,-32310,0,0,0,0,0,55761,0
55753,600,7640,1968,196,-1419,-212,13496,-5,1,-3,0,37050,137,27,66,0,0,0,0,0,0,0,0,-32310,0,0,0,0,0,55766,0
55758,668,7748,1920,192,-1426,-199,13497,3,1,-3,0,37049,134,27,66,0,0,0,0,0,0,0,0,-32310,0,0,0,0,0,55771,0
55763,820,7816,1978,185,-1416,-183,13496,-3,3,-3,0,37049,134,27,66,0,0,0,0,0,0,0,0,-32311,0,0,0,0,0,55776,0
55768,914,7692,1992,190,-1393,-177,13497,-8,4,-2,0,37049,134,27,66,0,0,0,0,0,0,0,0,-32311,0,0,0,0,0,55781,0
55773,832,7682,1992,184,-1380,-169,13496,-4,-1,-1,0,37049,134,27,66,0,0,0,0,0,0,0,0,-32309,0,0,0,0,0,55786,0
55778,816,7712,2078,187,-1374,-161,13496,-3,-5,-1,0,37054,135,27,66,0,0,0,0,0,0,0,0,-32310,0,0,0,0,0,55791,0
55783,816,7680,2136,197,-1356,-149,13495,-4,0,-1,0,37054,135,27,66,0,0,0,0,0,0,0,0,-32310,0,0,0,0,0,55796,0
55788,878,7734,2276,201,-1304,-140,13496,-1,1,-2,0,37053,133,27,66,0,0,0,0,0,0,0,0,-32311,0,0,0,0,0,55801,0
55793,918,7688,2318,206,-1284,-139,13496,-4,0,-2,0,37053,133,27,66,0,0,0,0,0,0,0,0,-32310,0,0,0,0,0,55806,0
55798,936,7634,2406,208,-1257,-145,13496,-4,2,-4,0,37052,118,27,66,0,0,0,0,0,0,0,0,-32310,0,0,0,0,0,55811,0
55803,938,7690,2440,209,-1227,-151,13496,-3,-3,-3,0,37052,118,27,66,0,0,0,0,0,0,0,0,-32310,0,0,0,0,0,55816,0
55808,908,7632,2584,216,-1154,-151,13496,4,-2,-1,0,37050,117,27,66,0,0,0,0,0,0,0,0,-32310,0,0,0,0,0,55821,0
55813,954,7646,2614,217,-1120,-157,13495,-1,-5,-2,0,37050,117,27,66,0,0,0,0,0,0,0,0,-32310,0,0,0,0,0,55826,0
55818,1014,7668,2714,205,-1074,-158,13496,-3,2,-1,0,37051,119,27,66,0,0,0,0,0,0,0,0,-32310,0,0,0,0,0,55831,0
55823,990,7652,2736,209,-1030,-164,13496,-4,1,-1,0,37051,119,27,66,0,0,0,0,0,0,0,0,-32311,0,0,0,0,0,55836,0
55828,1082,7638,2836,198,-929,-192,13496,0,0,-2,0,37050,124,27,66,0,0,0,0,0,0,0,0,-32310,0,0,0,0,0,55841,0
55833,1144,7658,2840,201,-876,-211,13496,-1,-1,-2,0,37050,124,27,66,0,0,0,0,0,0,0,0,-32310,0,0,0,0,0,55846,0
55838,1176,7676,2910,206,-824,-219,13496,1,-1,-1,0,37048,126,27,66,0,0,0,0,0,0,0,0,-32310,0,0,0,0,0,55851,0
55843,1190,7660,2970,206,-770,-242,13496,2,-1,-2,0,37048,126,27,66,0,0,0,0,0,0,0,0,-32310,0,0,0,0,0,55856,0
55848,1252,7652,2940,221,-670,-270,13496,1,2,-2,0,37051,129,27,66,0,0,0,0,0,0,0,0,-32310,0,0,0,0,0,55861,0
55853,1278,7616,2964,233,-618,-286,13497,3,3,-3,0,37051,129,27,66,0,0,0,0,0,0,0,0,-32310,0,0,0,0,0,55866,0
55858,1256,7586,3000,244,-565,-298,13496,-7,-3,-1,0,37054,128,27,66,0,0,0,0,0,0,0,0,-32310,0,0,0,0,0,55871,0
55863,1192,7456,2996,257,-514,-299,13497,0,-1,-1,0,37054,128,27,66,0,0,0,0,0,0,0,0,-32310,0,0,0,0,0,55876,0
55868,1268,7416,2860,281,-405,-331,13497,4,0,-1,0,37057,128,27,66,0,0,0,0,0,0,0,0,-32311,0,0,0,0,0,55881,0
55873,1288,7424,3038,300,-351,-341,13496,0,2,-1,0,37057,128,27,66,0,0,0,0,0,0,0,0,-32310,0,0,0,0,0,55886,0
55878,1172,7362,3050,321,-310,-344,13496,1,-4,-4,0,37056,122,27,66,0,0,0,0,0,0,0,0,-32310,0,0,0,0,0,55891,0
55883,1288,7398,3072,339,-258,-351,13496,-2,-1,-1,0,37056,122,27,66,0,0,0,0,0,0,0,0,-32310,0,0,0,0,0,55896,0
55888,1388,7358,3132,374,-149,-378,13496,0,-1,-1,0,37056,120,27,66,0,0,0,0,0,0,0,0,-32311,0,0,0,0,0,55901,0
55893,1332,7340,3204,382,-112,-389,13496,-2,-1,0,0,37056,120,27,66,0,0,0,0,0,0,0,0,-32310,0,0,0,0,0,55906,0
55898,1348,7370,3238,403,-58,-401,13496,3,0,-2,0,37054,123,27,66,0,0,0,0,0,0,0,0,-32310,0,0,0,0,0,55911,0
55903,1384,7392,3298,407,-12,-408,13495,2,0,-2,0,37054,123,27,66,0,0,0,0,0,0,0,0,-32310,0,0,0,0,0,55916,0
55908,1280,7432,3430,403,86,-413,13495,-2,-3,-2,0,37056,126,27,66,0,0,0,0,0,0,0,0,-32310,0,0,0,0,0,55921,0
55913,1234,7418,3386,400,129,-411,13495,-3,1,-2,0,37056,126,27,66,0,0,0,0,0,0,0,0,-32310,0,0,0,0,0,55926,0
55918,1154,7456,3414,389,176,-404,13496,1,3,-1,0,37052,129,27,66,0,0,0,0,0,0,0,0,-32310,0,0,0,0,0,55931,0
55923,1122,7380,3424,385,211,-395,13495,-6,1,-1,0,37052,129,27,66,0,0,0,0,0,0,0,0,-32310,0,0,0,0,0,55936,0
55928,974,7374,3518,372,277,-371,13496,-1,-3,-1,0,37051,127,27,66,0,0,0,0,0,0,0,0,-32311,0,0,0,0,0,55941,0
55933,890,7354,3470,364,308,-367,13495,2,1,-1,0,37051,127,27,66,0,0,0,0,0,0,0,0,-32310,0,0,0,0,0,55946,0
55938,858,7264,3426,366,346,-358,13495,0,1,-2,0,37051,129,27,66,0,0,0,0,0,0,0,0,-32310,0,0,0,0,0,55951,0
55943,736,7328,3462,360,372,-361,13496,-3,-1,-3,0,37051,129,27,66,0,0,0,0,0,0,0,0,-32311,0,0,0,0,0,55956,0
55948,724,7244,3428,357,430,-356,13497,3,2,-3,0,37050,120,27,66,0,0,0,0,0,0,0,0,-32311,0,0,0,0,0,55961,0
55953,756,7302,3628,351,459,-348,13497,3,3,-4,0,37050,120,27,66,0,0,0,0,0,0,0,0,-32310,0,0,0,0,0,55966,0
55958,716,7272,3546,354,487,-363,13496,4,-3,-2,0,37050,122,27,66,0,0,0,0,0,0,0,0,-32310,0,0,0,0,0,55971,0
55963,792,7254,3642,347,522,-364,13496,0,-1,-2,0,37050,122,27,66,0,0,0,0,0,0,0,0,-32310,0,0,0,0,0,55976,0
55968,840,7390,3746,328,595,-382,13496,-1,-5,-2,0,37050,128,27,66,0,0,0,0,0,0,0,0,-32310,0,0,0,0,0,55981,0
55973,980,7454,3768,320,631,-389,13496,4,1,-1,0,37050,128,27,66,0,0,0,0,0,0,0,0,-32310,0,0,0,0,0,55986,0
55978,906,7452,3836,314,665,-402,13496,1,0,-1,0,37050,125,27,66,0,0,0,0,0,0,0,0,-32310,0,0,0,0,0,55991,0
55983,772,7302,3822,321,673,-409,13495,0,-2,0,0,37050,125,27,66,0,0,0,0,0,0,0,0,-32311,0,0,0,0,0,55996,0
55988,786,7234,3614,344,687,-419,13496,0,1,0,0,37052,116,27,66,0,0,0,0,0,0,0,0,-32311,0,0,0,0,0,56001,0
55993,722,7224,3430,356,686,-427,13495,-3,0,0,0,37052,116,27,66,0,0,0,0,0,0,0,0,-32310,0,0,0,0,0,56006,0
55998,778,7258,3088,374,671,-438,13496,-3,-2,-2,0,37053,115,27,66,0,0,0,0,0,0,0,0,-32310,0,0,0,0,0,56011,0
56003,682,7260,2802,392,668,-439,13496,0,-2,-3,0,37053,115,27,66,0,0,0,0,0,0,0,0,-32311,0,0,0,0,0,56016,0
56008,394,7398,2404,443,627,-438,13495,4,3,-3,0,37054,122,27,66,0,0,0,0,0,0,0,0,-32310,0,0,0,0,0,56021,0
56013,246,7506,2358,467,603,-436,13496,-1,3,-4,0,37054,122,27,66,0,0,0,0,0,0,0,0,-32310,0,0,0,0,0,56026,0
56018,110,7668,2440,480,579,-441,13495,-4,0,-1,0,37054,124,27,66,0,0,0,0,0,0,0,0,-32310,0,0,0,0,0,56031,0
56023,40,7766,2386,492,560,-434,13495,2,3,-1,0,37054,124,27,66,0,0,0,0,0,0,0,0,-32310,0,0,0,0,0,56036,0
56028,-106,8000,2524,510,537,-423,13495,-5,-2,-1,0,37048,122,27,66,0,0,0,0,0,0,0,0,-32311,0,0,0,0,0,56041,0
56033,-210,8046,2604,517,521,-434,13496,-2,3,-1,0,37048,122,27,66,0,0,0,0,0,0,0,0,-32310,0,0,0,0,0,56046,0
56038,-258,8040,2596,521,482,-429,13495,-2,3,0,0,37047,126,27,66,0,0,0,0,0,0,0,0,-32311,0,0,0,0,0,56051,0
56043,-254,8066,2586,527,457,-430,13496,3,-1,-1,0,37047,126,27,66,0,0,0,0,0,0,0,0,-32311,0,0,0,0,0,56056,0
56048,-168,8070,2468,547,384,-427,13495,0,-4,-1,0,37046,124,27,66,0,0,0,0,0,0,0,0,-32310,0,0,0,0,0,56061,0
56053,-188,8078,2406,561,342,-427,13496,6,6,-3,0,37046,124,27,66,0,0,0,0,0,0,0,0,-32311,0,0,0,0,0,56066,0
56058,-174,8070,2414,577,305,-421,13497,2,-2,-2,0,37047,118,27,66,0,0,0,0,0,0,0,0,-32311,0,0,0,0,0,56071,0
56063,-100,8020,2344,592,279,-425,13495,0,6,-1,0,37047,118,27,66,0,0,0,0,0,0,0,0,-32310,0,0,0,0,0,56076,0
56068,4,7918,2362,605,227,-431,13495,-1,-3,-2,0,37049,112,27,66,0,0,0,0,0,0,0,0,-32310,0,0,0,0,0,56081,0
56073,40,7820,2308,611,217,-433,13495,-1,-3,-2,0,37049,112,27,66,0,0,0,0,0,0,0,0,-32310,0,0,0,0,0,56086,0
56078,70,7702,2324,620,191,-436,13496,1,-1,-2,0,37051,118,27,66,0,0,0,0,0,0,0,0,-32310,0,0,0,0,0,56091,0
56083,118,7546,2356,627,173,-436,13496,1,0,-1,0,37051,118,27,66,0,0,0,0,0,0,0,0,-32310,0,0,0,0,0,56096,0
56088,244,7436,2370,637,132,-437,13495,2,2,-2,0,37050,129,27,66,0,0,0,0,0,0,0,0,-32311,0,0,0,0,0,56101,0
56093,236,7398,2352,648,106,-441,13494,-4,-1,0,0,37050,129,27,66,0,0,0,0,0,0,0,0,-32310,0,0,0,0,0,56106,0
56098,256,7418,2298,659,88,-447,13495,1,-1,-2,0,37054,128,27,66,0,0,0,0,0,0,0,0,-32310,0,0,0,0,0,56111,0
56103,232,7462,2232,649,68,-453,13494,-4,0,-2,0,37054,128,27,66,0,0,0,0,0,0,0,0,-32312,0,0,0,0,0,56116,0
56108,320,7534,1950,644,39,-451,13494,-1,6,-2,0,37057,126,27,66,0,0,0,0,0,0,0,0,-32311,0,0,0,0,0,56121,0
56113,252,7582,1812,641,36,-461,13495,-2,-1,-2,0,37057,126,27,66,0,0,0,0,0,0,0,0,-32311,0,0,0,0,0,56126,0
56118,154,7748,1836,644,30,-457,13494,0,3,-3,0,37058,120,27,66,0,0,0,0,0,0,0,0,-32310,0,0,0,0,0,56131,0
56123,96,7782,1694,635,25,-455,13496,4,1,-1,0,37058,120,27,66,0,0,0,0,0,0,0,0,-32310,0,0,0,0,0,56136,0
56128,74,8068,1602,630,31,-467,13496,4,-1,-2,0,37053,118,27,66,0,0,0,0,0,0,0,0,-32311,0,0,0,0,0,56141,0
56133,80,8126,1572,624,34,-466,13494,1,2,-2,0,37053,118,27,66,0,0,0,0,0,0,0,0,-32310,0,0,0,0,0,56146,0
56138,94,8222,1558,619,31,-470,13495,0,-4,-1,0,37050,118,27,66,0,0,0,0,0,0,0,0,-32310,0,0,0,0,0,56151,0
56143,154,8292,1526,611,36,-472,13495,-1,-3,-1,0,37050,118,27,66,0,0,0,0,0,0,0,0,-32311,0,0,0,0,0,56156,0
56148,190,8362,1412,601,33,-480,13494,-3,3,-1,0,37048,120,27,66,0,0,0,0,0,0,0,0,-32310,0,0,0,0,0,56161,0
56153,160,8388,1420,592,36,-484,13494,-1,0,-3,0,37048,120,27,66,0,0,0,0,0,0,0,0,-32310,0,0,0,0,0,56166,0
56158,148,8318,1362,584,38,-491,13495,3,-2,-3,0,37051,120,27,66,0,0,0,0,0,0,0,0,-32310,0,0,0,0,0,56171,0
56163,88,8196,1352,581,32,-491,13495,-3,4,-2,0,37051,120,27,66,0,0,0,0,0,0,0,0,-32310,0,0,0,0,0,56176,0
56168,-94,7954,1552,576,2,-492,13495,1,1,-1,0,37051,123,27,66,0,0,0,0,0,0,0,0,-32310,0,0,0,0,0,56181,0
56173,-118,7822,1640,570,-14,-493,13497,5,0,-2,0,37051,123,27,66,0,0,0,0,0,0,0,0,-32310,0,0,0,0,0,56186,0
56178,-168,7722,1712,567,-30,-490,13495,-1,2,-3,0,37049,125,27,66,0,0,0,0,0,0,0,0,-32310,0,0,0,0,0,56191,0
56183,-210,7654,1702,550,-44,-484,13494,-1,0,-1,0,37049,125,27,66,0,0,0,0,0,0,0,0,-32311,0,0,0,0,0,56196,0
56188,-300,7626,1616,521,-75,-484,13494,0,-5,0,0,37047,123,27,66,0,0,0,0,0,0,0,0,-32311,0,0,0,0,0,56201,0
56193,-336,7668,1456,509,-93,-476,13496,-2,-2,-2,0,37047,123,27,66,0,0,0,0,0,0,0,0,-32310,0,0,0,0,0,56206,0
56198,-446,7710,1314,505,-113,-471,13494,-5,2,-5,0,37052,116,27,66,0,0,0,0,0,0,0,0,-32310,0,0,0,0,0,56211,0
56203,-536,7786,1254,493,-136,-461,13495,0,3,-3,0,37052,116,27,66,0,0,0,0,0,0,0,0,-32311,0,0,0,0,0,56216,0
56208,-564,7876,1090,470,-167,-451,13495,-6,-1,-2,0,37054,114,27,66,0,0,0,0,0,0,0,0,-32311,0,0,0,0,0,56221,0
56213,-526,8020,1192,462,-185,-440,13495,1,0,-2,0,37054,114,27,66,0,0,0,0,0,0,0,0,-32310,0,0,0,0,0,56226,0
56218,-532,8104,1140,445,-196,-434,13495,1,3,-2,0,37056,114,27,66,0,0,0,0,0,0,0,0,-32310,0,0,0,0,0,56231,0
56223,-502,8288,1182,430,-199,-424,13495,1,-1,-1,0,37056,114,27,66,0,0,0,0,0,0,0,0,-32310,0,0,0,0,0,56236,0
56228,-530,8360,1112,406,-216,-419,13493,-3,2,-1,0,37051,127,27,66,0,0,0,0,0,0,0,0,-32310,0,0,0,0,0,56241,0
56233,-500,8366,1156,386,-229,-410,13495,0,1,-2,0,37051,127,27,66,0,0,0,0,0,0,0,0,-32310,0,0,0,0,0,56246,0
56238,-502,8240,1058,382,-238,-412,13495,0,2,0,0,37050,131,27,66,0,0,0,0,0,0,0,0,-32310,0,0,0,0,0,56251,0
56243,-384,8336,1132,373,-244,-401,13496,1,3,-2,0,37050,131,27,66,0,0,0,0,0,0,0,0,-32311,0,0,0,0,0,56256,0
56248,-424,8264,1180,346,-253,-394,13495,3,3,-3,0,37048,132,27,66,0,0,0,0,0,0,0,0,-32310,0,0,0,0,0,56261,0
56253,-418,8156,1186,326,-262,-394,13495,0,-6,-3,0,37048,132,27,66,0,0,0,0,0,0,0,0,-32310,0,0,0,0,0,56266,0
56258,-412,8056,1218,321,-264,-392,13495,0,-1,-1,0,37048,138,27,66,0,0,0,0,0,0,0,0,-32310,0,0,0,0,0,56271,0
56263,-388,7932,1242,308,-269,-373,13496,0,0,-3,0,37048,138,27,66,0,0,0,0,0,0,0,0,-32310,0,0,0,0,0,56276,0
56268,-374,7806,1240,283,-259,-369,13495,5,3,-1,0,37050,140,27,66,0,0,0,0,0,0,0,0,-32310,0,0,0,0,0,56281,0
56273,-344,7798,1226,274,-260,-364,13495,0,-1,-1,0,37050,140,27,66,0,0,0,0,0,0,0,0,-32310,0,0,0,0,0,56286,0
56278,-336,7818,1308,269,-259,-358,13494,-4,-6,-1,0,37050,135,27,66,0,0,0,0,0,0,0,0,-32311,0,0,0,0,0,56291,0
56283,-280,7848,1288,260,-259,-349,13494,-8,-1,0,0,37050,135,27,66,0,0,0,0,0,0,0,0,-32310,0,0,0,0,0,56296,0
56288,-228,7972,1328,243,-254,-343,13495,-3,1,-1,0,37049,126,27,66,0,0,0,0,0,0,0,0,-32310,0,0,0,0,0,56301,0
56293,-224,8062,1362,227,-250,-343,13494,-3,-3,-1,0,37049,126,27,66,0,0,0,0,0,0,0,0,-32310,0,0,0,0,0,56306,0
56298,-178,8134,1366,225,-240,-344,13493,-3,0,-4,0,37054,123,27,66,0,0,0,0,0,0,0,0,-32311,0,0,0,0,0,56311,0
56303,-184,8156,1384,223,-233,-344,13493,-10,-1,-1,0,37054,123,27,66,0,0,0,0,0,0,0,0,-32310,0,0,0,0,0,56316,0
56308,-150,8048,1350,208,-229,-353,13495,6,2,0,0,37054,124,27,66,0,0,0,0,0,0,0,0,-32311,0,0,0,0,0,56321,0
56313,-90,8138,1422,197,-224,-348,13493,-1,3,0,0,37054,124,27,66,0,0,0,0,0,0,0,0,-32310,0,0,0,0,0,56326,0
56318,-80,8106,1336,194,-211,-356,13493,0,1,0,0,37053,122,27,66,0,0,0,0,0,0,0,0,-32310,0,0,0,0,0,56332,0
56323,-42,8090,1382,183,-207,-359,13493,-9,-4,1,0,37053,122,27,66,0,0,0,0,0,0,0,0,-32310,0,0,0,0,0,56337,0
56328,30,8050,1376,175,-194,-374,13493,0,0,2,0,37046,120,27,66,0,0,0,0,0,0,0,0,-32311,0,0,0,0,0,56342,0
56333,30,8020,1392,171,-186,-372,13493,0,-1,0,0,37046,120,27,66,0,0,0,0,0,0,0,0,-32310,0,0,0,0,0,56347,0
56338,174,7972,1370,167,-179,-386,13492,-2,1,0,0,37049,118,27,66,0,0,0,0,0,0,0,0,-32310,0,0,0,0,0,56352,0
56343,340,7938,1318,154,-171,-397,13492,0,-2,-1,0,37049,118,27,66,0,0,0,0,0,0,0,0,-32310,0,0,0,0,0,56357,0
56348,128,7998,1336,135,-160,-399,13493,0,4,-2,0,37052,116,27,66,0,0,0,0,0,0,0,0,-32310,0,0,0,0,0,56362,0
56353,-20,7962,1304,129,-156,-403,13492,0,2,-4,0,37052,116,27,66,0,0,0,0,0,0,0,0,-32310,0,0,0,0,0,56367,0
56358,-120,7924,1262,124,-148,-417,13493,3,4,-2,0,37055,112,27,66,0,0,0,0,0,0,0,0,-32310,0,0,0,0,0,56372,0
56363,-180,7990,1286,119,-132,-421,13492,1,-1,-2,0,37055,112,27,66,0,0,0,0,0,0,0,0,-32310,0,0,0,0,0,56377,0
56368,-172,8040,1350,107,-114,-430,13492,-6,-2,0,0,37056,115,27,66,0,0,0,0,0,0,0,0,-32310,0,0,0,0,0,56382,0
56373,-76,8062,1352,97,-114,-436,13492,2,1,0,0,37056,115,27,66,0,0,0,0,0,0,0,0,-32310,0,0,0,0,0,56387,0
56378,-14,8040,1342,91,-114,-439,13492,5,2,-1,0,37054,119,27,66,0,0,0,0,0,0,0,0,-32310,0,0,0,0,0,56392,0
56383,-88,8042,1352,94,-112,-443,13492,2,4,-2,0,37054,119,27,66,0,0,0,0,0,0,0,0,-32310,0,0,0,0,0,56397,0
56388,-238,7966,1382,76,-127,-446,13493,3,3,-2,0,37050,121,27,66,0,0,0,0,0,0,0,0,-32310,0,0,0,0,0,56402,0
56393,-324,7948,1406,76,-133,-456,13493,8,2,-1,0,37050,121,27,66,0,0,0,0,0,0,0,0,-32310,0,0,0,0,0,56407,0
56398,-360,7982,1434,67,-138,-457,13492,-3,-2,-5,0,37050,123,27,66,0,0,0,0,0,0,0,0,-32310,0,0,0,0,0,56412,0
56403,-392,7962,1480,67,-146,-461,13492,0,-4,-4,0,37050,123,27,66,0,0,0,0,0,0,0,0,-32310,0,0,0,0,0,56417,0
56408,-348,7966,1320,49,-158,-468,13491,-2,-2,-2,0,37053,132,27,66,0,0,0,0,0,0,0,0,-32311,0,0,0,0,0,56422,0
56413,-404,7956,1432,49,-176,-483,13492,1,-1,-2,0,37053,132,27,66,0,0,0,0,0,0,0,0,-32310,0,0,0,0,0,56427,0
56418,-438,7930,1594,53,-195,-481,13492,-2,-2,-1,0,37055,135,27,66,0,0,0,0,0,0,0,0,-32310,0,0,0,0,0,56432,0
56423,-466,7916,1426,41,-214,-487,13493,2,3,-1,0,37055,135,27,66,0,0,0,0,0,0,0,0,-32310,0,0,0,0,0,56437,0
56428,-536,7888,1480,48,-258,-484,13492,-5,0,-1,0,37054,135,27,66,0,0,0,0,0,0,0,0,-32310,0,0,0,0,0,56442,0
56433,-606,7978,1608,40,-285,-492,13493,1,-2,-3,0,37054,135,27,66,0,0,0,0,0,0,0,0,-32310,0,0,0,0,0,56447,0
56438,-676,8002,1612,38,-314,-489,13492,-4,0,-1,0,37049,124,27,66,0,0,0,0,0,0,0,0,-32310,0,0,0,0,0,56452,0
56443,-716,8056,1676,45,-337,-493,13492,-2,2,-2,0,37049,124,27,66,0,0,0,0,0,0,0,0,-32310,0,0,0,0,0,56457,0
56448,-770,7880,1738,38,-391,-498,13492,-1,0,-2,0,37049,126,27,66,0,0,0,0,0,0,0,0,-32311,0,0,0,0,0,56462,0
56453,-756,8016,1724,44,-427,-499,13492,0,4,-3,0,37049,126,27,66,0,0,0,0,0,0,0,0,-32310,0,0,0,0,0,56467,0
56458,-790,7942,1720,43,-454,-498,13492,7,1,-1,0,37050,128,27,66,0,0,0,0,0,0,0,0,-32310,0,0,0,0,0,56472,0
56463,-764,7904,1678,46,-491,-502,13492,1,2,-1,0,37050,128,27,66,0,0,0,0,0,0,0,0,-32311,0,0,0,0,0,56477,0
56468,-718,7926,1690,52,-563,-509,13492,-2,2,-1,0,37051,128,27,66,0,0,0,0,0,0,0,0,-32310,0,0,0,0,0,56482,0
56473,-740,7952,1724,51,-605,-506,13493,5,-1,-1,0,37051,128,27,66,0,0,0,0,0,0,0,0,-32310,0,0,0,0,0,56487,0
56478,-750,7948,1726,56,-637,-512,13491,-8,2,-1,0,37049,130,27,66,0,0,0,0,0,0,0,0,-32310,0,0,0,0,0,56492,0
56483,-768,7938,1722,56,-671,-521,13493,2,-4,-1,0,37049,130,27,66,0,0,0,0,0,0,0,0,-32310,0,0,0,0,0,56497,0
56488,-892,7876,1682,57,-737,-527,13491,-6,1,-2,0,37051,127,27,66,0,0,0,0,0,0,0,0,-32310,0,0,0,0,0,56502,0
56493,-932,7984,1924,52,-764,-533,13492,0,2,-2,0,37051,127,27,66,0,0,0,0,0,0,0,0,-32310,0,0,0,0,0,56507,0
56498,-896,7880,1736,66,-806,-527,13492,1,-2,-5,0,37054,130,27,66,0,0,0,0,0,0,0,0,-32310,0,0,0,0,0,56512,0
56503,-882,8020,1874,63,-831,-533,13493,2,1,-3,0,37054,130,27,66,0,0,0,0,0,0,0,0,-32310,0,0,0,0,0,56517,0
56508,-798,7944,1648,67,-894,-523,13491,-5,0,-2,0,37056,129,27,66,0,0,0,0,0,0,0,0,-32310,0,0,0,0,0,56522,0
56513,-842,8042,1752,71,-929,-533,13492,-2,2,-2,0,37056,129,27,66,0,0,0,0,0,0,0,0,-32310,0,0,0,0,0,56527,0
56518,-1182,8194,1756,81,-968,-545,13490,-4,-3,-3,0,37057,122,27,66,0,0,0,0,0,0,0,0,-32310,0,0,0,0,0,56532,0
56523,-1120,8508,1862,85,-998,-525,13492,0,-1,-1,0,37057,122,27,66,0,0,0,0,0,0,0,0,-32310,0,0,0,0,0,56537,0
56528,-810,8284,1794,119,-983,-518,13493,6,-2,-1,0,37054,119,27,66,0,0,0,0,0,0,0,0,-32311,0,0,0,0,0,56542,0
56533,-760,8120,1828,134,-977,-504,13492,5,10,-2,0,37054,119,27,66,0,0,0,0,0,0,0,0,-32310,0,0,0,0,0,56547,0
56538,-762,8152,2084,132,-979,-497,13492,-3,2,-1,0,37050,121,27,66,0,0,0,0,0,0,0,0,-32310,0,0,0,0,0,56552,0
56543,-886,7988,2078,134,-978,-482,13492,0,-4,-1,0,37050,121,27,66,0,0,0,0,0,0,0,0,-32310,0,0,0,0,0,56557,0
56548,-1080,7634,1974,143,-942,-474,13492,-2,0,-2,0,37048,125,27,66,0,0,0,0,0,0,0,0,-32310,0,0,0,0,0,56562,0
56553,-852,7514,1918,144,-924,-451,13491,-2,-4,-4,0,37048,125,27,66,0,0,0,0,0,0,0,0,-32310,0,0,0,0,0,56567,0
56558,-890,7588,1930,156,-913,-456,13492,0,-2,-2,0,37048,127,27,66,0,0,0,0,0,0,0,0,-32310,0,0,0,0,0,56572,0
56563,-778,7690,1894,163,-880,-435,13493,4,5,-1,0,37048,127,27,66,0,0,0,0,0,0,0,0,-32310,0,0,0,0,0,56577,0
56568,-722,7882,1868,171,-784,-400,13492,3,-1,-2,0,37048,125,27,66,0,0,0,0,0,0,0,0,-32311,0,0,0,0,0,56582,0
56573,-786,7864,2020,199,-746,-392,13492,0,2,-1,0,37048,125,27,66,0,0,0,0,0,0,0,0,-32310,0,0,0,0,0,56587,0
56578,-874,7910,2074,220,-696,-377,13491,-1,1,-1,0,37049,129,27,66,0,0,0,0,0,0,0,0,-32310,0,0,0,0,0,56592,0
56583,-702,7916,2160,230,-644,-363,13492,-1,0,0,0,37049,129,27,66,0,0,0,0,0,0,0,0,-32310,0,0,0,0,0,56597,0
56588,-708,7752,2116,248,-529,-321,13492,4,-2,-2,0,37050,132,27,66,0,0,0,0,0,0,0,0,-32310,0,0,0,0,0,56602,0
56593,-606,7686,2190,254,-468,-312,13491,-2,-2,-1,0,37050,132,27,66,0,0,0,0,0,0,0,0,-32311,0,0,0,0,0,56607,0
56598,-758,7750,2210,266,-414,-300,13491,-8,0,-4,0,37051,127,27,66,0,0,0,0,0,0,0,0,-32311,0,0,0,0,0,56612,0
56603,-730,7774,2102,267,-344,-269,13492,0,5,0,0,37051,127,27,66,0,0,0,0,0,0,0,0,-32310,0,0,0,0,0,56617,0
56608,-904,7652,2222,302,-205,-244,13492,-2,-3,0,0,37059,121,27,66,0,0,0,0,0,0,0,0,-32310,0,0,0,0,0,56622,0
56613,-844,7682,2170,311,-151,-225,13492,2,0,-1,0,37059,121,27,66,0,0,0,0,0,0,0,0,-32310,0,0,0,0,0,56627,0
56618,-726,7784,2100,317,-73,-199,13493,8,0,0,0,37058,112,27,66,0,0,0,0,0,0,0,0,-32310,0,0,0,0,0,56632,0
56623,-726,7740,2036,325,-6,-192,13491,1,2,-2,0,37058,112,27,66,0,0,0,0,0,0,0,0,-32311,0,0,0,0,0,56637,0
56628,-752,7882,2142,333,126,-149,13492,3,5,-2,0,37056,118,27,66,0,0,0,0,0,0,0,0,-32310,0,0,0,0,0,56642,0
56633,-882,7840,1964,331,180,-138,13492,2,-1,-3,0,37056,118,27,66,0,0,0,0,0,0,0,0,-32310,0,0,0,0,0,56647,0
56638,-1016,7740,1952,347,221,-123,13492,-1,-1,-1,0,37048,112,27,66,0,0,0,0,0,0,0,0,-32310,0,0,0,0,0,56652,0
56643,-1136,7708,1934,353,252,-107,13492,4,3,-2,0,37048,112,27,66,0,0,0,0,0,0,0,0,-32310,0,0,0,0,0,56657,0
56648,-1188,7602,1834,368,257,-75,13490,-6,-6,-1,0,37048,116,27,66,0,0,0,0,0,0,0,0,-32310,0,0,0,0,0,56662,0
56653,-1238,7704,1794,371,244,-66,13492,0,-1,-3,0,37048,116,27,66,0,0,0,0,0,0,0,0,-32310,0,0,0,0,0,56667,0
56658,-1242,7818,1726,381,225,-50,13492,0,3,-3,0,37048,116,27,66,0,0,0,0,0,0,0,0,-32311,0,0,0,0,0,56672,0
56663,-1180,7910,1598,381,215,-41,13492,3,0,-3,0,37048,116,27,66,0,0,0,0,0,0,0,0,-32310,0,0,0,0,0,56677,0
56668,-1240,7916,1550,408,168,-27,13492,-3,-2,-3,0,37050,121,27,66,0,0,0,0,0,0,0,0,-32310,0,0,0,0,0,56682,0
56673,-1186,7970,1644,416,137,-22,13492,-1,2,-2,0,37050,121,27,66,0,0,0,0,0,0,0,0,-32310,0,0,0,0,0,56687,0
56678,-1176,7918,1560,415,109,-11,13490,-7,-8,-2,0,37051,124,27,66,0,0,0,0,0,0,0,0,-32310,0,0,0,0,0,56692,0
56683,-1090,7846,1562,422,74,-14,13492,2,0,-1,0,37051,124,27,66,0,0,0,0,0,0,0,0,-32310,0,0,0,0,0,56697,0
56688,-956,7768,1590,429,33,-3,13492,0,0,-1,0,37049,129,27,66,0,0,0,0,0,0,0,0,-32310,0,0,0,0,0,56702,0
56693,-908,7770,1616,432,11,-2,13492,5,4,0,0,37049,129,27,66,0,0,0,0,0,0,0,0,-32310,0,0,0,0,0,56707,0
56698,-860,7906,1648,443,2,-7,13491,-4,-5,-2,0,37047,125,27,66,0,0,0,0,0,0,0,0,-32311,0,0,0,0,0,56712,0
56703,-704,7976,1500,435,16,4,13492,-2,6,-3,0,37047,125,27,66,0,0,0,0,0,0,0,0,-32310,0,0,0,0,0,56717,0
56708,-648,8016,1646,454,30,-4,13491,-7,-3,-2,0,37050,134,27,66,0,0,0,0,0,0,0,0,-32310,0,0,0,0,0,56722,0
56713,-590,8038,1694,444,42,-3,13491,0,-1,-2,0,37050,134,27,66,0,0,0,0,0,0,0,0,-32310,0,0,0,0,0,56727,0
56718,-546,7952,1594,449,53,-4,13492,1,-1,-4,0,37053,131,27,66,0,0,0,0,0,0,0,0,-32311,0,0,0,0,0,56732,0
56723,-532,7954,1554,458,67,-9,13491,-1,0,-3,0,37053,131,27,66,0,0,0,0,0,0,0,0,-32310,0,0,0,0,0,56737,0
56728,-676,7902,1626,461,69,-12,13492,-3,1,-2,0,37054,129,27,66,0,0,0,0,0,0,0,0,-32310,0,0,0,0,0,56742,0
56733,-688,7882,1580,466,67,-17,13492,3,1,-3,0,37054,129,27,66,0,0,0,0,0,0,0,0,-32310,0,0,0,0,0,56747,0
56738,-668,7914,1560,470,65,-24,13492,1,2,-2,0,37053,126,27,66,0,0,0,0,0,0,0,0,-32311,0,0,0,0,0,56752,0
56743,-640,7890,1506,470,61,-22,13492,1,1,-2,0,37053,126,27,66,0,0,0,0,0,0,0,0,-32310,0,0,0,0,0,56757,0
56748,-658,7950,1548,480,48,-34,13491,-2,-1,-2,0,37050,130,27,66,0,0,0,0,0,0,0,0,-32311,0,0,0,0,0,56762,0
56753,-658,7996,1570,488,37,-38,13491,-3,1,-2,0,37050,130,27,66,0,0,0,0,0,0,0,0,-32311,0,0,0,0,0,56767,0
56758,-632,7998,1524,487,39,-38,13491,5,-4,-2,0,37051,136,27,66,0,0,0,0,0,0,0,0,-32311,0,0,0,0,0,56772,0
56763,-562,8020,1494,494,36,-43,13492,1,2,-3,0,37051,136,27,66,0,0,0,0,0,0,0,0,-32311,0,0,0,0,0,56777,0
56768,-550,7978,1480,501,43,-54,13492,0,1,-1,0,37049,133,27,66,0,0,0,0,0,0,0,0,-32310,0,0,0,0,0,56782,0
56773,-558,7972,1506,502,52,-57,13492,-2,0,-1,0,37049,133,27,66,0,0,0,0,0,0,0,0,-32310,0,0,0,0,0,56787,0
56778,-520,7930,1490,513,54,-67,13491,-6,-4,-2,0,37048,127,27,66,0,0,0,0,0,0,0,0,-32311,0,0,0,0,0,56792,0
56783,-522,7924,1482,509,70,-72,13492,-1,0,0,0,37048,127,27,66,0,0,0,0,0,0,0,0,-32310,0,0,0,0,0,56797,0
56788,-464,7964,1476,521,79,-91,13492,-2,0,-1,0,37049,122,27,66,0,0,0,0,0,0,0,0,-32310,0,0,0,0,0,56802,0
56793,-424,8024,1460,521,79,-93,13493,5,4,-1,0,37049,122,27,66,0,0,0,0,0,0,0,0,-32310,0,0,0,0,0,56807,0
56798,-398,8042,1462,516,88,-98,13491,-3,-1,-2,0,37049,118,27,66,0,0,0,0,0,0,0,0,-32310,0,0,0,0,0,56812,0
56803,-398,8074,1380,523,96,-117,13492,-1,0,-2,0,37049,118,27,66,0,0,0,0,0,0,0,0,-32310,0,0,0,0,0,56817,0
56808,-428,8042,1342,519,117,-125,13491,-2,0,-2,0,37048,119,27,66,0,0,0,0,0,0,0,0,-32310,0,0,0,0,0,56822,0
56813,-456,8020,1340,523,125,-134,13492,0,-2,-2,0,37048,119,27,66,0,0,0,0,0,0,0,0,-32310,0,0,0,0,0,56827,0
56818,-480,8008,1312,531,129,-138,13492,4,0,-1,0,37051,123,27,66,0,0,0,0,0,0,0,0,-32310,0,0,0,0,0,56832,0
56823,-490,8002,1284,530,131,-155,13492,1,0,0,0,37051,123,27,66,0,0,0,0,0,0,0,0,-32310,0,0,0,0,0,56837,0
56828,-588,8126,1214,529,126,-159,13491,-1,2,-1,0,37050,126,27,66,0,0,0,0,0,0,0,0,-32310,0,0,0,0,0,56842,0
56833,-530,8134,1200,528,115,-168,13489,-6,-6,-2,0,37050,126,27,66,0,0,0,0,0,0,0,0,-32310,0,0,0,0,0,56847,0
56838,-656,8050,1134,524,109,-174,13492,0,3,0,0,37060,125,27,66,0,0,0,0,0,0,0,0,-32310,0,0,0,0,0,56852,0
56843,-804,8036,1140,530,97,-185,13491,-3,-1,-2,0,37060,125,27,66,0,0,0,0,0,0,0,0,-32310,0,0,0,0,0,56857,0
56848,-934,8000,1066,533,79,-192,13491,-3,-3,-2,0,37072,121,27,66,0,0,0,0,0,0,0,0,-32310,0,0,0,0,0,56862,0
56853,-910,8006,1162,522,61,-180,13492,0,-1,-2,0,37072,121,27,66,0,0,0,0,0,0,0,0,-32310,0,0,0,0,0,56867,0
56858,-960,8016,1078,528,61,-192,13491,0,-3,-1,0,37084,116,27,66,0,0,0,0,0,0,0,0,-32310,0,0,0,0,0,56872,0
56863,-932,8016,1090,524,51,-190,13491,0,3,-2,0,37084,116,27,66,0,0,0,0,0,0,0,0,-32310,0,0,0,0,0,56877,0
56868,-922,7950,1066,520,49,-187,13491,0,3,-2,0,37077,115,27,66,0,0,0,0,0,0,0,0,-32310,0,0,0,0,0,56882,0
56873,-870,8002,1114,515,49,-175,13491,0,3,-2,0,37077,115,27,66,0,0,0,0,0,0,0,0,-32310,0,0,0,0,0,56887,0
56878,-968,7966,1096,515,62,-177,13492,2,2,-2,0,37061,120,27,66,0,0,0,0,0,0,0,0,-32310,0,0,0,0,0,56892,0
56883,-916,7968,1106,514,64,-170,13492,1,1,0,0,37061,120,27,66,0,0,0,0,0,0,0,0,-32310,0,0,0,0,0,56897,0
56888,-1036,7958,1094,511,74,-161,13491,-9,0,-1,0,37047,125,27,66,0,0,0,0,0,0,0,0,-32310,0,0,0,0,0,56902,0
56893,-1178,7908,1038,508,79,-156,13491,-4,-2,-2,0,37047,125,27,66,0,0,0,0,0,0,0,0,-32310,0,0,0,0,0,56907,0
56898,-1138,7890,1040,497,79,-142,13493,5,-4,-2,0,37047,137,27,66,0,0,0,0,0,0,0,0,-32310,0,0,0,0,0,56912,0
56903,-1152,7936,982,500,92,-141,13491,-2,0,-2,0,37047,137,27,66,0,0,0,0,0,0,0,0,-32310,0,0,0,0,0,56917,0
56908,-1216,7982,1010,493,81,-121,13492,2,1,-2,0,37047,131,27,66,0,0,0,0,0,0,0,0,-32310,0,0,0,0,0,56922,0
56913,-1290,7976,914,491,70,-114,13492,1,-2,-1,0,37047,131,27,66,0,0,0,0,0,0,0,0,-32310,0,0,0,0,0,56927,0
56918,-1272,7972,908,493,82,-100,13492,9,5,-2,0,37051,130,27,66,0,0,0,0,0,0,0,0,-32311,0,0,0,0,0,56932,0
56923,-1304,7930,942,488,71,-91,13492,4,1,-2,0,37051,130,27,66,0,0,0,0,0,0,0,0,-32310,0,0,0,0,0,56937,0
56928,-1336,7926,854,479,66,-75,13490,-2,3,-2,0,37055,130,27,66,0,0,0,0,0,0,0,0,-32310,0,0,0,0,0,56942,0
56933,-1272,7946,878,472,72,-56,13492,1,0,0,0,37055,130,27,66,0,0,0,0,0,0,0,0,-32310,0,0,0,0,0,56947,0
56938,-1226,7966,908,463,73,-50,13491,2,0,0,0,37054,130,27,66,0,0,0,0,0,0,0,0,-32310,0,0,0,0,0,56952,0
56943,-1186,7978,888,464,78,-43,13493,10,3,-2,0,37054,130,27,66,0,0,0,0,0,0,0,0,-32310,0,0,0,0,0,56957,0
56948,-1018,8010,774,446,102,-24,13492,4,-2,-3,0,37053,123,27,66,0,0,0,0,0,0,0,0,-32310,0,0,0,0,0,56962,0
56953,-972,8136,720,435,104,-22,13492,-2,2,-2,0,37053,123,27,66,0,0,0,0,0,0,0,0,-32310,0,0,0,0,0,56967,0
56958,-1014,8158,680,419,119,-13,13492,4,-3,-1,0,37048,123,27,66,0,0,0,0,0,0,0,0,-32310,0,0,0,0,0,56972,0
56963,-1076,8148,628,416,119,-11,13491,1,-1,-3,0,37048,123,27,66,0,0,0,0,0,0,0,0,-32310,0,0,0,0,0,56977,0
56968,-1192,8062,524,399,104,6,13492,1,-2,-2,0,37050,126,27,66,0,0,0,0,0,0,0,0,-32310,0,0,0,0,0,56982,0
56973,-1244,8014,496,392,96,12,13491,-3,-5,-1,0,37050,126,27,66,0,0,0,0,0,0,0,0,-32310,0,0,0,0,0,56987,0
56978,-1316,7970,486,380,78,17,13492,-1,-1,-3,0,37049,130,27,66,0,0,0,0,0,0,0,0,-32310,0,0,0,0,0,56992,0
56983,-1344,8006,478,374,63,21,13491,4,2,-2,0,37049,130,27,66,0,0,0,0,0,0,0,0,-32310,0,0,0,0,0,56997,0
56988,-1300,8066,478,355,32,32,13491,0,1,-2,0,37048,130,27,66,0,0,0,0,0,0,0,0,-32310,0,0,0,0,0,57002,0
56993,-1268,8114,474,345,19,47,13492,0,-4,-2,0,37048,130,27,66,0,0,0,0,0,0,0,0,-32310,0,0,0,0,0,57007,0
56998,-1208,8102,498,345,18,52,13492,2,1,-2,0,37049,122,27,66,0,0,0,0,0,0,0,0,-32310,0,0,0,0,0,57012,0
57003,-1196,8118,506,330,12,63,13491,-2,3,-2,0,37049,122,27,66,0,0,0,0,0,0,0,0,-32310,0,0,0,0,0,57017,0
57008,-1222,8072,588,319,4,78,13492,-2,-2,-2,0,37051,123,27,66,0,0,0,0,0,0,0,0,-32310,0,0,0,0,0,57022,0
57013,-1158,8020,654,310,-1,80,13492,-1,-4,-2,0,37051,123,27,66,0,0,0,0,0,0,0,0,-32310,0,0,0,0,0,57027,0
57018,-1180,7998,636,302,-1,95,13490,0,-1,-2,0,37050,125,27,66,0,0,0,0,0,0,0,0,-32310,0,0,0,0,0,57032,0
57023,-1154,8022,674,295,-1,94,13491,-1,1,-5,0,37050,125,27,66,0,0,0,0,0,0,0,0,-32310,0,0,0,0,0,57037,0
57028,-1156,8034,708,287,1,106,13491,-8,1,-2,0,37050,116,27,66,0,0,0,0,0,0,0,0,-32310,0,0,0,0,0,57042,0
57033,-1144,8056,698,270,10,124,13490,-5,4,-2,0,37050,116,27,66,0,0,0,0,0,0,0,0,-32310,0,0,0,0,0,57047,0
57038,-1190,8060,726,268,10,132,13491,-7,0,-2,0,37048,120,27,66,0,0,0,0,0,0,0,0,-32310,0,0,0,0,0,57052,0
57043,-1184,8028,710,263,14,136,13491,-3,-1,-1,0,37048,120,27,66,0,0,0,0,0,0,0,0,-32310,0,0,0,0,0,57057,0
57048,-1136,8006,678,251,16,154,13492,3,5,-2,0,37049,114,27,66,0,0,0,0,0,0,0,0,-32310,0,0,0,0,0,57062,0
57053,-1150,8016,668,241,22,160,13493,5,2,-2,0,37049,114,27,66,0,0,0,0,0,0,0,0,-32310,0,0,0,0,0,57067,0
57058,-1158,8042,672,236,21,173,13490,-1,3,-2,0,37047,120,27,66,0,0,0,0,0,0,0,0,-32310,0,0,0,0,0,57072,0
57063,-1192,7978,628,235,21,175,13491,-3,2,-3,0,37047,120,27,66,0,0,0,0,0,0,0,0,-32310,0,0,0,0,0,57077,0
57068,-1144,8006,662,218,18,190,13490,0,-1,-2,0,37046,130,27,66,0,0,0,0,0,0,0,0,-32310,0,0,0,0,0,57082,0
57073,-1168,7980,624,219,14,192,13491,-1,4,-1,0,37046,130,27,66,0,0,0,0,0,0,0,0,-32310,0,0,0,0,0,57087,0
57078,-1042,8042,696,211,6,207,13492,1,0,-1,0,37045,133,27,66,0,0,0,0,0,0,0,0,-32310,0,0,0,0,0,57092,0
57083,-972,8114,648,205,12,207,13491,-3,2,-2,0,37045,133,27,66,0,0,0,0,0,0,0,0,-32310,0,0,0,0,0,57097,0
57088,-964,8130,722,200,7,221,13493,0,3,-2,0,37045,135,27,66,0,0,0,0,0,0,0,0,-32310,0,0,0,0,0,57102,0
57093,-888,8158,656,190,9,219,13492,-3,-2,-3,0,37045,135,27,66,0,0,0,0,0,0,0,0,-32310,0,0,0,0,0,57107,0
57098,-972,8110,652,185,11,216,13492,3,1,-3,0,37049,126,27,66,0,0,0,0,0,0,0,0,-32310,0,0,0,0,0,57112,0
57103,-860,8132,660,188,12,229,13491,0,-4,-2,0,37049,126,27,66,0,0,0,0,0,0,0,0,-32311,0,0,0,0,0,57117,0
57108,-1036,8074,666,169,6,227,13492,4,2,-1,0,37048,123,27,66,0,0,0,0,0,0,0,0,-32311,0,0,0,0,0,57122,0
57113,-950,8102,650,158,-3,238,13491,-5,1,-2,0,37048,123,27,66,0,0,0,0,0,0,0,0,-32310,0,0,0,0,0,57127,0
57118,-1000,8030,538,164,-3,230,13491,-1,2,-3,0,37046,123,27,66,0,0,0,0,0,0,0,0,-32310,0,0,0,0,0,57132,0
57123,-996,8058,650,156,-12,240,13491,0,-1,0,0,37046,123,27,66,0,0,0,0,0,0,0,0,-32311,0,0,0,0,0,57137,0
57128,-982,8050,606,148,-24,238,13491,-4,1,0,0,37047,122,27,66,0,0,0,0,0,0,0,0,-32310,0,0,0,0,0,57142,0
57133,-922,8118,664,144,-33,245,13492,2,2,-2,0,37047,122,27,66,0,0,0,0,0,0,0,0,-32310,0,0,0,0,0,57147,0
57138,-862,8142,656,135,-36,241,13492,5,4,-1,0,37046,118,27,66,0,0,0,0,0,0,0,0,-32310,0,0,0,0,0,57152,0
57143,-872,8190,724,134,-47,243,13491,-5,1,-2,0,37046,118,27,66,0,0,0,0,0,0,0,0,-32310,0,0,0,0,0,57157,0
57148,-836,7994,638,131,-41,240,13491,-1,-3,-3,0,37047,131,27,66,0,0,0,0,0,0,0,0,-32310,0,0,0,0,0,57162,0
57153,-790,8076,696,118,-19,240,13491,-4,-2,-3,0,37047,131,27,66,0,0,0,0,0,0,0,0,-32311,0,0,0,0,0,57167,0
57158,-628,8094,714,114,-9,248,13493,8,2,-1,0,37044,132,27,66,0,0,0,0,0,0,0,0,-32311,0,0,0,0,0,57172,0
57163,-736,8042,700,124,6,235,13491,-4,-2,-2,0,37044,132,27,66,0,0,0,0,0,0,0,0,-32310,0,0,0,0,0,57177,0
57168,-742,8170,858,104,23,251,13491,-3,3,-2,0,37045,125,27,66,0,0,0,0,0,0,0,0,-32310,0,0,0,0,0,57182,0
57173,-766,8042,774,112,23,249,13492,1,-4,-2,0,37045,125,27,66,0,0,0,0,0,0,0,0,-32311,0,0,0,0,0,57187,0
57178,-790,8090,874,105,18,252,13491,1,1,-1,0,37046,114,27,66,0,0,0,0,0,0,0,0,-32310,0,0,0,0,0,57192,0
57183,-838,8066,834,102,16,247,13492,5,2,-1,0,37046,114,27,66,0,0,0,0,0,0,0,0,-32310,0,0,0,0,0,57197,0
57188,-876,8086,850,115,8,253,13493,5,-3,-1,0,37047,122,27,66,0,0,0,0,0,0,0,0,-32310,0,0,0,0,0,57202,0
57193,-906,8030,758,113,6,251,13492,3,4,-3,0,37047,122,27,66,0,0,0,0,0,0,0,0,-32310,0,0,0,0,0,57207,0
57198,-914,8104,844,111,-11,246,13491,1,-2,-4,0,37047,127,27,66,0,0,0,0,0,0,0,0,-32311,0,0,0,0,0,57212,0
57203,-788,8140,900,119,-15,247,13491,-1,-2,-2,0,37047,127,27,66,0,0,0,0,0,0,0,0,-32310,0,0,0,0,0,57217,0
57208,-662,8112,932,108,-26,251,13492,-4,-1,-1,0,37048,130,27,66,0,0,0,0,0,0,0,0,-32310,0,0,0,0,0,57222,0
57213,-638,8058,794,121,-24,244,13492,2,-1,-3,0,37048,130,27,66,0,0,0,0,0,0,0,0,-32310,0,0,0,0,0,57227,0
57218,-570,8116,834,124,-17,246,13491,0,5,-2,0,37050,128,27,66,0,0,0,0,0,0,0,0,-32311,0,0,0,0,0,57232,0
57223,-538,8180,780,129,3,241,13491,-2,-2,0,0,37050,128,27,66,0,0,0,0,0,0,0,0,-32310,0,0,0,0,0,57237,0
57228,-522,8270,980,129,42,230,13491,0,1,-1,0,37054,139,27,66,0,0,0,0,0,0,0,0,-32311,0,0,0,0,0,57242,0
57233,-560,8306,1000,123,58,230,13491,-2,1,-2,0,37054,139,27,66,0,0,0,0,0,0,0,0,-32310,0,0,0,0,0,57247,0
57238,-610,8208,942,121,76,229,13491,-3,-2,-1,0,37053,145,27,66,0,0,0,0,0,0,0,0,-32310,0,0,0,0,0,57252,0
57243,-618,8154,838,123,95,222,13491,-1,3,-2,0,37053,145,27,66,0,0,0,0,0,0,0,0,-32311,0,0,0,0,0,57257,0
57248,-472,8054,748,134,122,225,13493,1,3,-2,0,37050,141,27,66,0,0,0,0,0,0,0,0,-32310,0,0,0,0,0,57262,0
57253,-456,8034,750,133,131,217,13491,0,1,-3,0,37050,141,27,66,0,0,0,0,0,0,0,0,-32310,0,0,0,0,0,57267,0
57258,-418,8004,800,137,150,221,13492,2,-3,-1,0,37047,129,27,66,0,0,0,0,0,0,0,0,-32311,0,0,0,0,0,57272,0
57263,-410,8040,872,131,169,213,13492,-7,-2,-2,0,37047,129,27,66,0,0,0,0,0,0,0,0,-32310,0,0,0,0,0,57277,0
57268,-426,8022,926,130,209,207,13492,-1,-1,0,0,37048,128,27,66,0,0,0,0,0,0,0,0,-32310,0,0,0,0,0,57282,0
57273,-430,8062,908,121,230,205,13491,0,1,0,0,37048,128,27,66,0,0,0,0,0,0,0,0,-32310,0,0,0,0,0,57287,0
57278,-418,8088,878,123,243,199,13491,0,-1,-3,0,37048,124,27,66,0,0,0,0,0,0,0,0,-32310,0,0,0,0,0,57292,0
57283,-428,8098,842,119,257,196,13490,1,2,0,0,37048,124,27,66,0,0,0,0,0,0,0,0,-32310,0,0,0,0,0,57297,0
57288,-474,8054,810,126,276,186,13492,-4,2,-1,0,37047,132,27,66,0,0,0,0,0,0,0,0,-32310,0,0,0,0,0,57302,0
57293,-550,8042,808,130,285,182,13493,2,0,0,0,37047,132,27,66,0,0,0,0,0,0,0,0,-32310,0,0,0,0,0,57307,0
57298,-502,8086,822,136,295,177,13491,-6,2,-1,0,37046,126,27,66,0,0,0,0,0,0,0,0,-32310,0,0,0,0,0,57312,0
57303,-498,8152,856,125,299,178,13492,-6,-5,-1,0,37046,126,27,66,0,0,0,0,0,0,0,0,-32310,0,0,0,0,0,57317,0
57308,-496,8102,836,126,315,166,13492,1,-6,-2,0,37047,125,27,66,0,0,0,0,0,0,0,0,-32311,0,0,0,0,0,57322,0
57313,-524,8112,782,129,322,164,13492,2,3,-3,0,37047,125,27,66,0,0,0,0,0,0,0,0,-32310,0,0,0,0,0,57327,0
57318,-502,8096,774,126,327,165,13491,-3,1,-3,0,37046,127,27,66,0,0,0,0,0,0,0,0,-32310,0,0,0,0,0,57333,0
57323,-532,8078,764,126,329,160,13492,6,2,-2,0,37046,127,27,66,0,0,0,0,0,0,0,0,-32310,0,0,0,0,0,57338,0
57328,-536,8056,772,134,337,150,13490,0,4,-4,0,37049,129,27,66,0,0,0,0,0,0,0,0,-32311,0,0,0,0,0,57343,0
57333,-534,8040,776,123,334,151,13490,-1,3,-2,0,37049,129,27,66,0,0,0,0,0,0,0,0,-32311,0,0,0,0,0,57348,0
57338,-564,8034,754,132,337,155,13491,-6,0,-2,0,37050,128,27,66,0,0,0,0,0,0,0,0,-32310,0,0,0,0,0,57353,0
57343,-600,8068,774,123,330,146,13492,-1,1,-2,0,37050,128,27,66,0,0,0,0,0,0,0,0,-32311,0,0,0,0,0,57358,0
57348,-596,8104,774,121,320,138,13491,2,3,-2,0,37054,131,27,66,0,0,0,0,0,0,0,0,-32311,0,0,0,0,0,57363,0
57353,-572,8092,766,123,320,136,13492,0,1,-2,0,37054,131,27,66,0,0,0,0,0,0,0,0,-32310,0,0,0,0,0,57368,0
57358,-574,8124,768,130,315,134,13490,0,-2,-2,0,37055,119,27,66,0,0,0,0,0,0,0,0,-32310,0,0,0,0,0,57373,0
57363,-552,8102,782,123,304,128,13492,1,8,-2,0,37055,119,27,66,0,0,0,0,0,0,0,0,-32310,0,0,0,0,0,57378,0
57368,-550,8100,776,132,291,122,13492,-4,1,-1,0,37052,125,27,66,0,0,0,0,0,0,0,0,-32311,0,0,0,0,0,57383,0
57373,-574,8082,794,123,287,120,13491,0,0,0,0,37052,125,27,66,0,0,0,0,0,0,0,0,-32310,0,0,0,0,0,57388,0
57378,-552,8072,774,124,281,114,13491,-4,-1,0,0,37051,126,27,66,0,0,0,0,0,0,0,0,-32310,0,0,0,0,0,57393,0
57383,-544,8058,794,132,267,113,13491,-5,-4,-1,0,37051,126,27,66,0,0,0,0,0,0,0,0,-32310,0,0,0,0,0,57398,0
57388,-524,8058,794,128,248,104,13492,3,2,-2,0,37048,130,27,66,0,0,0,0,0,0,0,0,-32310,0,0,0,0,0,57403,0
57393,-532,8056,802,128,241,97,13493,-1,2,-1,0,37048,130,27,66,0,0,0,0,0,0,0,0,-32310,0,0,0,0,0,57408,0
57398,-506,8074,804,135,232,90,13491,-6,0,-2,0,37048,126,27,66,0,0,0,0,0,0,0,0,-32311,0,0,0,0,0,57413,0
57403,-518,8066,828,137,216,85,13491,-4,2,-3,0,37048,126,27,66,0,0,0,0,0,0,0,0,-32310,0,0,0,0,0,57418,0
57408,-542,8096,812,138,197,76,13492,4,-1,-1,0,37045,133,27,66,0,0,0,0,0,0,0,0,-32310,0,0,0,0,0,57423,0
57413,-532,8072,802,138,194,74,13491,-1,2,-3,0,37045,133,27,66,0,0,0,0,0,0,0,0,-32310,0,0,0,0,0,57428,0
57418,-536,8048,804,137,181,67,13493,3,2,-3,0,37046,136,27,66,0,0,0,0,0,0,0,0,-32311,0,0,0,0,0,57433,0
57423,-518,8078,794,141,170,59,13492,4,-1,-2,0,37046,136,27,66,0,0,0,0,0,0,0,0,-32311,0,0,0,0,0,57438,0
57428,-484,8076,802,138,154,51,13492,5,3,-1,0,37047,136,27,66,0,0,0,0,0,0,0,0,-32311,0,0,0,0,0,57443,0
57433,-508,8060,798,145,150,42,13492,-1,-2,0,0,37047,136,27,66,0,0,0,0,0,0,0,0,-32311,0,0,0,0,0,57448,0
57438,-472,8092,810,140,137,34,13492,1,-1,0,0,37054,128,27,66,0,0,0,0,0,0,0,0,-32310,0,0,0,0,0,57453,0
57443,-490,8048,808,147,130,31,13491,2,0,-1,0,37054,128,27,66,0,0,0,0,0,0,0,0,-32310,0,0,0,0,0,57458,0
57448,-468,8038,784,146,117,23,13492,1,-7,-1,0,37055,120,27,66,0,0,0,0,0,0,0,0,-32311,0,0,0,0,0,57463,0
57453,-480,8084,794,144,104,14,13491,-3,-2,-3,0,37055,120,27,66,0,0,0,0,0,0,0,0,-32310,0,0,0,0,0,57468,0
57458,-480,8096,790,149,100,11,13491,-1,3,-2,0,37055,127,27,66,0,0,0,0,0,0,0,0,-32310,0,0,0,0,0,57473,0
57463,-484,8070,792,148,91,4,13492,3,-3,-3,0,37055,127,27,66,0,0,0,0,0,0,0,0,-32310,0,0,0,0,0,57478,0
57468,-512,8048,752,150,85,-5,13492,4,0,-2,0,37049,123,27,66,0,0,0,0,0,0,0,0,-32310,0,0,0,0,0,57483,0
57473,-530,8014,750,151,79,-6,13492,-1,5,-3,0,37049,123,27,66,0,0,0,0,0,0,0,0,-32310,0,0,0,0,0,57488,0
57478,-546,8044,738,151,78,-10,13492,0,-1,-3,0,37048,125,27,66,0,0,0,0,0,0,0,0,-32310,0,0,0,0,0,57493,0
57483,-540,8040,726,152,76,-10,13493,4,0,-1,0,37048,125,27,66,0,0,0,0,0,0,0,0,-32310,0,0,0,0,0,57498,0
57488,-594,8070,720,159,81,-16,13492,0,0,-1,0,37048,124,27,66,0,0,0,0,0,0,0,0,-32310,0,0,0,0,0,57503,0
57493,-616,8082,748,156,73,-14,13492,5,-4,-3,0,37048,124,27,66,0,0,0,0,0,0,0,0,-32310,0,0,0,0,0,57508,0
57498,-632,8094,762,152,69,-21,13491,-4,-2,-2,0,37049,123,27,66,0,0,0,0,0,0,0,0,-32310,0,0,0,0,0,57513,0
57503,-630,8114,768,153,70,-14,13492,7,-2,-2,0,37049,123,27,66,0,0,0,0,0,0,0,0,-32310,0,0,0,0,0,57518,0
57508,-668,8090,764,157,75,-16,13492,0,-4,-1,0,37048,122,27,66,0,0,0,0,0,0,0,0,-32310,0,0,0,0,0,57523,0
57513,-612,8010,720,157,71,-14,13492,0,3,-2,0,37048,122,27,66,0,0,0,0,0,0,0,0,-32310,0,0,0,0,0,57528,0
57518,-682,8004,784,158,76,-16,13491,0,-4,-3,0,37050,120,27,66,0,0,0,0,0,0,0,0,-32310,0,0,0,0,0,57533,0
57523,-738,8070,760,160,77,-18,13492,-3,1,-2,0,37050,120,27,66,0,0,0,0,0,0,0,0,-32310,0,0,0,0,0,57538,0
57528,-682,8138,744,161,84,-8,13492,1,-4,-1,0,37051,118,27,66,0,0,0,0,0,0,0,0,-32310,0,0,0,0,0,57543,0
57533,-678,8122,746,161,95,-12,13491,1,0,-2,0,37051,118,27,66,0,0,0,0,0,0,0,0,-32310,0,0,0,0,0,57548,0
57538,-676,8130,736,167,102,-8,13491,-1,3,-2,0,37051,123,27,66,0,0,0,0,0,0,0,0,-32310,0,0,0,0,0,57553,0
57543,-670,8122,742,165,101,-6,13492,-5,-2,-3,0,37051,123,27,66,0,0,0,0,0,0,0,0,-32310,0,0,0,0,0,57558,0
57548,-636,8086,746,166,125,-5,13492,1,4,-2,0,37057,121,27,66,0,0,0,0,0,0,0,0,-32310,0,0,0,0,0,57563,0
57553,-642,8044,724,167,134,2,13492,6,0,-2,0,37057,121,27,66,0,0,0,0,0,0,0,0,-32310,0,0,0,0,0,57568,0
57558,-614,8030,762,169,151,3,13491,1,-4,-1,0,37057,126,27,66,0,0,0,0,0,0,0,0,-32310,0,0,0,0,0,57573,0
57563,-634,8052,750,170,159,8,13492,2,3,-1,0,37057,126,27,66,0,0,0,0,0,0,0,0,-32310,0,0,0,0,0,57578,0
57568,-626,8056,762,172,193,12,13492,6,7,-2,0,37057,128,27,66,0,0,0,0,0,0,0,0,-32311,0,0,0,0,0,57583,0
57573,-638,8034,754,172,213,14,13491,-2,-3,-1,0,37057,128,27,66,0,0,0,0,0,0,0,0,-32310,0,0,0,0,0,57588,0
57578,-590,8046,718,172,226,20,13491,-4,0,-1,0,37051,134,27,66,0,0,0,0,0,0,0,0,-32310,0,0,0,0,0,57593,0
57583,-570,8066,758,168,247,15,13490,-3,-1,-2,0,37051,134,27,66,0,0,0,0,0,0,0,0,-32310,0,0,0,0,0,57598,0
57588,-540,8122,736,179,286,21,13489,-9,-8,-1,0,37051,136,27,66,0,0,0,0,0,0,0,0,-32310,0,0,0,0,0,57603,0
57593,-584,8130,728,180,309,23,13491,-3,1,0,0,37051,136,27,66,0,0,0,0,0,0,0,0,-32310,0,0,0,0,0,57608,0
57598,-586,8110,714,178,330,26,13492,0,4,-1,0,37053,126,27,66,0,0,0,0,0,0,0,0,-32310,0,0,0,0,0,57613,0
57603,-624,8116,698,179,346,27,13492,0,-2,-3,0,37053,126,27,66,0,0,0,0,0,0,0,0,-32311,0,0,0,0,0,57618,0
57608,-630,8056,736,185,390,30,13492,5,-2,-2,0,37052,117,27,66,0,0,0,0,0,0,0,0,-32310,0,0,0,0,0,57623,0
57613,-610,8054,720,180,413,39,13492,-5,2,-2,0,37052,117,27,66,0,0,0,0,0,0,0,0,-32310,0,0,0,0,0,57628,0
57618,-588,8044,728,187,428,39,13492,0,3,-2,0,37049,110,27,66,0,0,0,0,0,0,0,0,-32311,0,0,0,0,0,57633,0
57623,-578,8020,708,183,446,37,13492,1,0,-1,0,37049,110,27,66,0,0,0,0,0,0,0,0,-32310,0,0,0,0,0,57638,0
57628,-580,8034,690,182,480,42,13492,0,-1,-1,0,37046,117,27,66,0,0,0,0,0,0,0,0,-32310,0,0,0,0,0,57643,0
57633,-584,8050,678,190,503,45,13491,-2,-1,0,0,37046,117,27,66,0,0,0,0,0,0,0,0,-32310,0,0,0,0,0,57648,0
57638,-584,8078,666,180,526,47,13492,-5,2,0,0,37046,126,27,66,0,0,0,0,0,0,0,0,-32310,0,0,0,0,0,57653,0
57643,-590,8112,646,185,541,51,13492,4,3,-3,0,37046,126,27,66,0,0,0,0,0,0,0,0,-32310,0,0,0,0,0,57658,0
57648,-580,8110,668,185,580,52,13491,0,-5,-2,0,37051,128,27,66,0,0,0,0,0,0,0,0,-32310,0,0,0,0,0,57663,0
57653,-574,8110,654,188,589,56,13490,-4,3,-1,0,37051,128,27,66,0,0,0,0,0,0,0,0,-32310,0,0,0,0,0,57668,0
57658,-590,8100,642,188,609,54,13491,-3,1,-1,0,37051,125,27,66,0,0,0,0,0,0,0,0,-32310,0,0,0,0,0,57673,0
57663,-554,8078,644,186,617,55,13491,0,3,-1,0,37051,125,27,66,0,0,0,0,0,0,0,0,-32310,0,0,0,0,0,57678,0
57668,-564,8064,658,189,646,57,13492,-5,-2,0,0,37053,120,27,66,0,0,0,0,0,0,0,0,-32310,0,0,0,0,0,57683,0
57673,-584,8058,624,187,655,54,13493,5,5,-1,0,37053,120,27,66,0,0,0,0,0,0,0,0,-32310,0,0,0,0,0,57688,0
57678,-574,8072,622,193,671,57,13491,-1,-5,-1,0,37048,128,27,66,0,0,0,0,0,0,0,0,-32310,0,0,0,0,0,57693,0
57683,-612,8068,618,185,678,57,13492,0,-2,-1,0,37048,128,27,66,0,0,0,0,0,0,0,0,-32310,0,0,0,0,0,57698,0
57688,-652,8078,628,187,693,58,13491,-2,0,-2,0,37049,129,27,66,0,0,0,0,0,0,0,0,-32310,0,0,0,0,0,57703,0
57693,-674,8072,636,191,693,56,13492,-1,0,-1,0,37049,129,27,66,0,0,0,0,0,0,0,0,-32310,0,0,0,0,0,57708,0
57698,-622,8084,622,191,699,55,13492,3,-4,-3,0,37047,132,27,66,0,0,0,0,0,0,0,0,-32310,0,0,0,0,0,57713,0
57703,-658,8108,636,191,705,56,13492,0,1,-2,0,37047,132,27,66,0,0,0,0,0,0,0,0,-32310,0,0,0,0,0,57718,0
57708,-646,8118,610,188,711,59,13492,0,-3,-2,0,37048,136,27,66,0,0,0,0,0,0,0,0,-32310,0,0,0,0,0,57723,0
57713,-642,8104,594,190,709,61,13490,-8,-3,-3,0,37048,136,27,66,0,0,0,0,0,0,0,0,-32310,0,0,0,0,0,57728,0
57718,-662,8096,578,186,717,59,13491,0,-2,-2,0,37048,136,27,66,0,0,0,0,0,0,0,0,-32310,0,0,0,0,0,57733,0
57723,-660,8094,562,188,726,62,13492,-3,1,0,0,37048,136,27,66,0,0,0,0,0,0,0,0,-32310,0,0,0,0,0,57738,0
57728,-660,8106,584,189,737,62,13491,-1,-3,-2,0,37049,134,27,66,0,0,0,0,0,0,0,0,-32310,0,0,0,0,0,57743,0
57733,-632,8082,586,192,745,60,13491,-6,0,-3,0,37049,134,27,66,0,0,0,0,0,0,0,0,-32311,0,0,0,0,0,57748,0
57738,-606,8096,552,189,754,59,13493,6,4,-2,0,37049,129,27,66,0,0,0,0,0,0,0,0,-32310,0,0,0,0,0,57753,0
57743,-614,8092,532,187,765,60,13492,0,0,0,0,37049,129,27,66,0,0,0,0,0,0,0,0,-32310,0,0,0,0,0,57758,0
57748,-612,8088,552,186,783,58,13492,5,4,0,0,37051,135,27,66,0,0,0,0,0,0,0,0,-32310,0,0,0,0,0,57763,0
57753,-590,8114,542,188,794,60,13492,4,-1,-1,0,37051,135,27,66,0,0,0,0,0,0,0,0,-32310,0,0,0,0,0,57768,0
57758,-566,8092,516,180,806,55,13492,1,6,-1,0,37050,133,27,66,0,0,0,0,0,0,0,0,-32310,0,0,0,0,0,57773,0
57763,-596,8116,514,186,813,59,13492,0,5,-3,0,37050,133,27,66,0,0,0,0,0,0,0,0,-32310,0,0,0,0,0,57778,0
57768,-568,8100,514,179,833,61,13490,-2,-1,-2,0,37048,128,27,66,0,0,0,0,0,0,0,0,-32310,0,0,0,0,0,57783,0
57773,-612,8092,490,182,845,60,13490,-9,-4,-2,0,37048,128,27,66,0,0,0,0,0,0,0,0,-32310,0,0,0,0,0,57788,0
57778,-626,8088,498,181,854,60,13491,-2,0,-2,0,37047,128,27,66,0,0,0,0,0,0,0,0,-32310,0,0,0,0,0,57793,0
57783,-640,8088,490,182,861,61,13491,-2,-4,-2,0,37047,128,27,66,0,0,0,0,0,0,0,0,-32310,0,0,0,0,0,57798,0
57788,-624,8114,484,168,878,56,13491,-5,-1,-2,0,37048,126,27,66,0,0,0,0,0,0,0,0,-32310,0,0,0,0,0,57803,0
57793,-648,8098,472,170,883,59,13491,0,-1,-1,0,37048,126,27,66,0,0,0,0,0,0,0,0,-32310,0,0,0,0,0,57808,0
57798,-632,8112,484,165,887,56,13491,-1,-1,-2,0,37049,129,27,66,0,0,0,0,0,0,0,0,-32310,0,0,0,0,0,57813,0
57803,-650,8106,490,170,894,56,13491,1,-2,-3,0,37049,129,27,66,0,0,0,0,0,0,0,0,-32310,0,0,0,0,0,57818,0
57808,-636,8118,508,166,902,54,13491,0,-1,-3,0,37045,127,27,66,0,0,0,0,0,0,0,0,-32311,0,0,0,0,0,57823,0
57813,-660,8080,480,170,905,57,13492,0,3,-2,0,37045,127,27,66,0,0,0,0,0,0,0,0,-32311,0,0,0,0,0,57828,0
57818,-626,8140,460,165,910,51,13491,4,-2,-3,0,37048,130,27,66,0,0,0,0,0,0,0,0,-32311,0,0,0,0,0,57833,0
57823,-630,8078,458,163,914,53,13491,0,-1,-2,0,37048,130,27,66,0,0,0,0,0,0,0,0,-32310,0,0,0,0,0,57838,0
57828,-624,8098,436,163,918,50,13492,3,4,-2,0,37049,132,27,66,0,0,0,0,0,0,0,0,-32311,0,0,0,0,0,57843,0
57833,-620,8096,480,162,924,50,13492,-1,2,-2,0,37049,132,27,66,0,0,0,0,0,0,0,0,-32311,0,0,0,0,0,57848,0
57838,-612,8100,480,165,926,47,13490,-7,-1,-1,0,37051,125,27,66,0,0,0,0,0,0,0,0,-32310,0,0,0,0,0,57853,0
57843,-638,8096,488,163,924,48,13491,-4,-4,-2,0,37051,125,27,66,0,0,0,0,0,0,0,0,-32311,0,0,0,0,0,57858,0
57848,-610,8086,484,161,929,42,13492,9,-2,-1,0,37056,121,27,66,0,0,0,0,0,0,0,0,-32311,0,0,0,0,0,57863,0
57853,-650,8120,480,163,929,44,13492,2,3,-2,0,37056,121,27,66,0,0,0,0,0,0,0,0,-32310,0,0,0,0,0,57868,0
57858,-642,8092,478,164,926,41,13491,-2,0,-1,0,37055,121,27,66,0,0,0,0,0,0,0,0,-32311,0,0,0,0,0,57873,0
57863,-622,8110,486,161,928,39,13491,-6,-3,-2,0,37055,121,27,66,0,0,0,0,0,0,0,0,-32310,0,0,0,0,0,57878,0
57868,-648,8114,452,163,919,28,13492,1,-2,-3,0,37054,121,27,66,0,0,0,0,0,0,0,0,-32311,0,0,0,0,0,57883,0
57873,-618,8118,468,162,919,30,13492,1,-2,-1,0,37054,121,27,66,0,0,0,0,0,0,0,0,-32310,0,0,0,0,0,57888,0
57878,-620,8084,482,159,915,24,13491,-4,1,-2,0,37051,126,27,66,0,0,0,0,0,0,0,0,-32310,0,0,0,0,0,57893,0
57883,-618,8086,484,161,914,21,13490,1,2,0,0,37051,126,27,66,0,0,0,0,0,0,0,0,-32310,0,0,0,0,0,57898,0
57888,-638,8122,488,158,901,22,13493,12,0,-1,0,37048,129,27,66,0,0,0,0,0,0,0,0,-32310,0,0,0,0,0,57903,0
57893,-658,8086,466,159,899,20,13490,-5,-2,-1,0,37048,129,27,66,0,0,0,0,0,0,0,0,-32310,0,0,0,0,0,57908,0
57898,-650,8100,468,157,892,10,13492,0,3,-3,0,37049,132,27,66,0,0,0,0,0,0,0,0,-32310,0,0,0,0,0,57913,0
57903,-664,8092,450,165,885,9,13491,1,-2,-3,0,37049,132,27,66,0,0,0,0,0,0,0,0,-32311,0,0,0,0,0,57918,0
57908,-710,8112,456,161,871,5,13491,-3,1,-3,0,37048,132,27,66,0,0,0,0,0,0,0,0,-32311,0,0,0,0,0,57923,0
57913,-674,8116,452,157,863,-2,13491,4,-4,-2,0,37048,132,27,66,0,0,0,0,0,0,0,0,-32310,0,0,0,0,0,57928,0
57918,-682,8126,448,167,858,-2,13491,-1,-2,-2,0,37047,131,27,66,0,0,0,0,0,0,0,0,-32310,0,0,0,0,0,57933,0
57923,-702,8146,450,167,851,-2,13492,1,2,0,0,37047,131,27,66,0,0,0,0,0,0,0,0,-32310,0,0,0,0,0,57938,0
57928,-674,8114,450,164,832,-8,13490,-3,-1,-1,0,37047,127,27,66,0,0,0,0,0,0,0,0,-32310,0,0,0,0,0,57943,0
57933,-666,8126,430,162,826,-14,13493,2,-1,-1,0,37047,127,27,66,0,0,0,0,0,0,0,0,-32310,0,0,0,0,0,57948,0
57938,-692,8096,440,167,815,-11,13492,-3,-3,-1,0,37047,127,27,66,0,0,0,0,0,0,0,0,-32311,0,0,0,0,0,57953,0
57943,-690,8084,416,170,808,-21,13492,-5,0,-1,0,37047,127,27,66,0,0,0,0,0,0,0,0,-32311,0,0,0,0,0,57958,0
57948,-698,8036,440,165,792,-27,13492,3,0,-2,0,37047,120,27,66,0,0,0,0,0,0,0,0,-32310,0,0,0,0,0,57963,0
57953,-688,8090,428,161,778,-19,13491,-5,-3,-4,0,37047,120,27,66,0,0,0,0,0,0,0,0,-32311,0,0,0,0,0,57968,0
57958,-700,8074,420,166,772,-26,13492,3,0,-2,0,37049,122,27,66,0,0,0,0,0,0,0,0,-32310,0,0,0,0,0,57973,0
57963,-720,8080,410,161,758,-30,13492,3,1,-1,0,37049,122,27,66,0,0,0,0,0,0,0,0,-32311,0,0,0,0,0,57978,0
57968,-722,8092,380,166,740,-38,13491,1,2,-1,0,37050,117,27,66,0,0,0,0,0,0,0,0,-32311,0,0,0,0,0,57983,0
57973,-764,8094,384,161,733,-38,13490,-4,-1,-1,0,37050,117,27,66,0,0,0,0,0,0,0,0,-32310,0,0,0,0,0,57988,0
57978,-764,8132,382,165,720,-39,13492,3,-2,-2,0,37050,120,27,66,0,0,0,0,0,0,0,0,-32310,0,0,0,0,0,57993,0
57983,-770,8128,398,165,711,-40,13493,7,3,-1,0,37050,120,27,66,0,0,0,0,0,0,0,0,-32310,0,0,0,0,0,57998,0
57988,-840,8168,410,162,686,-41,13492,0,-2,-1,0,37047,124,27,66,0,0,0,0,0,0,0,0,-32310,0,0,0,0,0,58003,0
57993,-864,8184,368,163,676,-43,13490,-3,-3,0,0,37047,124,27,66,0,0,0,0,0,0,0,0,-32310,0,0,0,0,0,58008,0
57998,-866,8160,380,161,659,-45,13492,3,-3,-1,0,37046,123,27,66,0,0,0,0,0,0,0,0,-32311,0,0,0,0,0,58013,0
58003,-870,8154,326,163,649,-47,13492,5,1,-1,0,37046,123,27,66,0,0,0,0,0,0,0,0,-32310,0,0,0,0,0,58018,0
58008,-852,8110,330,163,617,-47,13492,2,0,-2,0,37046,124,27,66,0,0,0,0,0,0,0,0,-32310,0,0,0,0,0,58023,0
58013,-836,8118,342,161,605,-51,13492,3,-1,-4,0,37046,124,27,66,0,0,0,0,0,0,0,0,-32310,0,0,0,0,0,58028,0
58018,-840,8092,370,163,582,-55,13492,5,-2,-2,0,37047,121,27,66,0,0,0,0,0,0,0,0,-32310,0,0,0,0,0,58033,0
58023,-862,8078,344,157,568,-49,13492,3,0,-1,0,37047,121,27,66,0,0,0,0,0,0,0,0,-32310,0,0,0,0,0,58038,0
58028,-858,8098,328,154,538,-58,13491,-4,-2,-2,0,37048,125,27,66,0,0,0,0,0,0,0,0,-32311,0,0,0,0,0,58043,0
58033,-830,8112,310,157,529,-59,13490,-8,-1,-1,0,37048,125,27,66,0,0,0,0,0,0,0,0,-32310,0,0,0,0,0,58048,0
58038,-836,8128,308,156,510,-58,13491,-1,-1,-2,0,37048,130,27,66,0,0,0,0,0,0,0,0,-32310,0,0,0,0,0,58053,0
58043,-858,8118,306,156,487,-59,13492,2,2,-2,0,37048,130,27,66,0,0,0,0,0,0,0,0,-32310,0,0,0,0,0,58058,0
58048,-896,8104,330,149,456,-62,13492,0,3,-3,0,37047,126,27,66,0,0,0,0,0,0,0,0,-32310,0,0,0,0,0,58063,0
58053,-878,8124,324,148,433,-65,13491,-1,1,-5,0,37047,126,27,66,0,0,0,0,0,0,0,0,-32310,0,0,0,0,0,58068,0
58058,-898,8112,310,142,411,-68,13493,6,-4,-1,0,37050,120,27,66,0,0,0,0,0,0,0,0,-32311,0,0,0,0,0,58073,0
58063,-898,8086,288,149,392,-66,13491,-3,0,-1,0,37050,120,27,66,0,0,0,0,0,0,0,0,-32310,0,0,0,0,0,58078,0
58068,-914,8060,270,146,350,-66,13491,-4,0,-1,0,37053,124,27,66,0,0,0,0,0,0,0,0,-32310,0,0,0,0,0,58083,0
58073,-946,8118,266,141,336,-70,13491,-6,-1,-2,0,37053,124,27,66,0,0,0,0,0,0,0,0,-32310,0,0,0,0,0,58088,0
58078,-934,8140,270,147,313,-67,13492,1,-2,-1,0,37056,137,27,66,0,0,0,0,0,0,0,0,-32310,0,0,0,0,0,58093,0
58083,-920,8112,256,137,300,-68,13492,3,0,-1,0,37056,137,27,66,0,0,0,0,0,0,0,0,-32310,0,0,0,0,0,58098,0
58088,-916,8138,288,139,270,-72,13492,4,2,-2,0,37059,135,27,66,0,0,0,0,0,0,0,0,-32311,0,0,0,0,0,58103,0
58093,-942,8132,254,135,255,-71,13490,-5,2,0,0,37059,135,27,66,0,0,0,0,0,0,0,0,-32310,0,0,0,0,0,58108,0
58098,-942,8144,270,131,237,-69,13492,0,0,-2,0,37052,125,27,66,0,0,0,0,0,0,0,0,-32310,0,0,0,0,0,58113,0
58103,-936,8168,274,128,218,-72,13492,3,-3,-3,0,37052,125,27,66,0,0,0,0,0,0,0,0,-32310,0,0,0,0,0,58118,0
58108,-960,8146,252,126,185,-70,13491,-3,6,-2,0,37050,111,27,66,0,0,0,0,0,0,0,0,-32311,0,0,0,0,0,58123,0
58113,-972,8140,234,120,167,-75,13490,-11,-3,-3,0,37050,111,27,66,0,0,0,0,0,0,0,0,-32310,0,0,0,0,0,58128,0
58118,-962,8154,254,121,145,-72,13492,2,-4,-2,0,37058,115,27,66,0,0,0,0,0,0,0,0,-32310,0,0,0,0,0,58133,0
58123,-976,8178,240,113,126,-75,13492,3,1,-1,0,37058,115,27,66,0,0,0,0,0,0,0,0,-32311,0,0,0,0,0,58138,0
58128,-1006,8160,226,111,81,-69,13493,9,1,-1,0,37063,126,27,66,0,0,0,0,0,0,0,0,-32310,0,0,0,0,0,58143,0
58133,-1000,8168,182,102,56,-71,13492,0,-3,-2,0,37063,126,27,66,0,0,0,0,0,0,0,0,-32310,0,0,0,0,0,58148,0
58138,-1050,8124,178,111,34,-75,13491,-3,-1,-1,0,37060,133,27,66,0,0,0,0,0,0,0,0,-32310,0,0,0,0,0,58153,0
58143,-1068,8082,212,102,7,-78,13492,0,-4,-1,0,37060,133,27,66,0,0,0,0,0,0,0,0,-32310,0,0,0,0,0,58158,0
58148,-1004,8058,200,101,-33,-74,13491,0,-1,-1,0,37056,132,27,66,0,0,0,0,0,0,0,0,-32310,0,0,0,0,0,58163,0
58153,-934,8074,204,97,-40,-69,13492,-4,-5,-4,0,37056,132,27,66,0,0,0,0,0,0,0,0,-32310,0,0,0,0,0,58168,0
58158,-872,8118,240,98,-43,-67,13492,2,-3,0,0,37051,128,27,66,0,0,0,0,0,0,0,0,-32310,0,0,0,0,0,58173,0
58163,-860,8136,262,91,-38,-64,13492,4,2,-1,0,37051,128,27,66,0,0,0,0,0,0,0,0,-32311,0,0,0,0,0,58178,0
58168,-824,8196,300,90,-22,-61,13491,-1,4,-3,0,37054,124,27,66,0,0,0,0,0,0,0,0,-32310,0,0,0,0,0,58183,0
58173,-884,8134,282,88,-6,-55,13491,-5,-3,-1,0,37054,124,27,66,0,0,0,0,0,0,0,0,-32310,0,0,0,0,0,58188,0
58178,-896,8110,304,87,8,-54,13491,-4,1,0,0,37054,131,27,66,0,0,0,0,0,0,0,0,-32310,0,0,0,0,0,58193,0
58183,-926,8066,246,87,12,-57,13491,3,4,0,0,37054,131,27,66,0,0,0,0,0,0,0,0,-32310,0,0,0,0,0,58198,0
58188,-1010,8018,252,76,21,-46,13492,5,4,0,0,37052,130,27,66,0,0,0,0,0,0,0,0,-32310,0,0,0,0,0,58203,0
58193,-1040,8030,280,81,19,-42,13491,-7,1,-1,0,37052,130,27,66,0,0,0,0,0,0,0,0,-32311,0,0,0,0,0,58208,0
58198,-1072,8098,262,77,23,-39,13491,-6,-1,-2,0,37050,131,27,66,0,0,0,0,0,0,0,0,-32310,0,0,0,0,0,58213,0
58203,-1058,8098,310,63,14,-38,13491,-3,1,-2,0,37050,131,27,66,0,0,0,0,0,0,0,0,-32311,0,0,0,0,0,58218,0
58208,-984,8064,266,70,12,-29,13492,0,-1,-1,0,37049,129,27,66,0,0,0,0,0,0,0,0,-32310,0,0,0,0,0,58223,0
58213,-972,8082,254,64,7,-21,13490,-2,0,-3,0,37049,129,27,66,0,0,0,0,0,0,0,0,-32310,0,0,0,0,0,58228,0
58218,-976,8102,218,76,5,-21,13492,6,4,-2,0,37049,128,27,66,0,0,0,0,0,0,0,0,-32310,0,0,0,0,0,58233,0
58223,-1006,8150,274,68,7,-16,13491,5,2,-1,0,37049,128,27,66,0,0,0,0,0,0,0,0,-32310,0,0,0,0,0,58238,0
58228,-952,8180,286,64,0,-7,13490,-6,6,-1,0,37050,129,27,66,0,0,0,0,0,0,0,0,-32310,0,0,0,0,0,58243,0
58233,-962,8170,250,59,-6,-12,13491,-2,-2,-2,0,37050,129,27,66,0,0,0,0,0,0,0,0,-32311,0,0,0,0,0,58248,0
58238,-940,8072,238,66,-5,-8,13490,-6,0,-1,0,37050,128,27,66,0,0,0,0,0,0,0,0,-32310,0,0,0,0,0,58253,0
58243,-926,8030,258,62,-11,-1,13492,-3,-1,-1,0,37050,128,27,66,0,0,0,0,0,0,0,0,-32310,0,0,0,0,0,58258,0
58248,-974,8000,308,57,-19,0,13492,6,-2,-3,0,37050,127,27,66,0,0,0,0,0,0,0,0,-32310,0,0,0,0,0,58263,0
58253,-960,8056,312,60,-12,0,13492,1,5,-2,0,37050,127,27,66,0,0,0,0,0,0,0,0,-32310,0,0,0,0,0,58268,0
58258,-952,8060,306,62,-21,8,13492,3,-2,-2,0,37049,126,27,66,0,0,0,0,0,0,0,0,-32310,0,0,0,0,0,58273,0
58263,-918,8112,314,60,-19,4,13491,6,3,-2,0,37049,126,27,66,0,0,0,0,0,0,0,0,-32310,0,0,0,0,0,58278,0
58268,-858,8132,340,61,-13,7,13492,3,2,-1,0,37058,126,27,66,0,0,0,0,0,0,0,0,-32311,0,0,0,0,0,58283,0
58273,-846,8126,338,63,-11,10,13491,3,-2,-1,0,37058,126,27,66,0,0,0,0,0,0,0,0,-32310,0,0,0,0,0,58288,0
58278,-832,8090,358,58,-12,8,13491,1,1,-1,0,37060,121,27,66,0,0,0,0,0,0,0,0,-32310,0,0,0,0,0,58293,0
58283,-832,8198,356,58,-12,8,13492,-3,-3,-2,0,37060,121,27,66,0,0,0,0,0,0,0,0,-32310,0,0,0,0,0,58298,0
58288,-846,8032,326,59,-7,11,13493,8,2,-2,0,37059,117,27,66,0,0,0,0,0,0,0,0,-32310,0,0,0,0,0,58303,0
58293,-816,7998,370,67,-5,8,13491,-4,-1,-2,0,37059,117,27,66,0,0,0,0,0,0,0,0,-32310,0,0,0,0,0,58308,0
58298,-862,8004,378,64,-11,6,13492,1,-3,-2,0,37051,125,27,66,0,0,0,0,0,0,0,0,-32311,0,0,0,0,0,58313,0
58303,-876,8012,352,65,-13,10,13493,-1,-7,-2,0,37051,125,27,66,0,0,0,0,0,0,0,0,-32310,0,0,0,0,0,58318,0
58308,-846,8124,380,63,-14,4,13491,-3,5,-2,0,37047,130,27,66,0,0,0,0,0,0,0,0,-32311,0,0,0,0,0,58323,0
58313,-836,8134,396,63,-16,8,13492,3,0,-3,0,37047,130,27,66,0,0,0,0,0,0,0,0,-32311,0,0,0,0,0,58328,0
58318,-854,8126,422,71,-12,2,13492,1,-3,-2,0,37048,124,27,66,0,0,0,0,0,0,0,0,-32310,0,0,0,0,0,58334,0
58323,-800,8124,416,74,-12,2,13491,0,4,-1,0,37048,124,27,66,0,0,0,0,0,0,0,0,-32310,0,0,0,0,0,58339,0
58328,-776,8060,444,78,-5,2,13492,2,-1,-2,0,37051,125,27,66,0,0,0,0,0,0,0,0,-32311,0,0,0,0,0,58344,0
58333,-786,8132,468,77,-9,-5,13491,1,3,-4,0,37051,125,27,66,0,0,0,0,0,0,0,0,-32310,0,0,0,0,0,58349,0
58338,-758,8146,422,83,-12,-5,13491,0,2,-3,0,37057,125,27,66,0,0,0,0,0,0,0,0,-32310,0,0,0,0,0,58354,0
58343,-768,8054,436,88,-7,-7,13491,-8,1,-3,0,37057,125,27,66,0,0,0,0,0,0,0,0,-32310,0,0,0,0,0,58359,0
58348,-794,8022,466,93,-11,-10,13491,-5,0,-1,0,37056,131,27,66,0,0,0,0,0,0,0,0,-32310,0,0,0,0,0,58364,0
58353,-786,8020,450,95,-15,-13,13491,-3,2,-2,0,37056,131,27,66,0,0,0,0,0,0,0,0,-32311,0,0,0,0,0,58369,0
58358,-774,8030,448,97,-11,-22,13491,0,2,-2,0,37054,127,27,66,0,0,0,0,0,0,0,0,-32310,0,0,0,0,0,58374,0
58363,-800,8182,438,104,-10,-16,13492,0,0,-2,0,37054,127,27,66,0,0,0,0,0,0,0,0,-32311,0,0,0,0,0,58379,0
58368,-774,8130,458,109,-5,-24,13491,-1,1,-2,0,37052,129,27,66,0,0,0,0,0,0,0,0,-32310,0,0,0,0,0,58384,0
58373,-730,8056,470,114,-7,-23,13492,-3,1,-1,0,37052,129,27,66,0,0,0,0,0,0,0,0,-32310,0,0,0,0,0,58389,0
58378,-754,8004,512,119,-2,-30,13492,0,1,-1,0,37060,132,27,66,0,0,0,0,0,0,0,0,-32310,0,0,0,0,0,58394,0
58383,-794,8056,456,115,-7,-32,13492,5,3,-1,0,37060,132,27,66,0,0,0,0,0,0,0,0,-32310,0,0,0,0,0,58399,0
58388,-794,8060,474,129,8,-38,13492,-4,-1,-2,0,37058,129,27,66,0,0,0,0,0,0,0,0,-32310,0,0,0,0,0,58404,0
58393,-816,8034,516,128,4,-39,13492,5,0,-1,0,37058,129,27,66,0,0,0,0,0,0,0,0,-32310,0,0,0,0,0,58409,0
58398,-832,8052,506,132,8,-33,13491,3,3,-1,0,37056,128,27,66,0,0,0,0,0,0,0,0,-32310,0,0,0,0,0,58414,0
58403,-846,8094,422,141,6,-41,13492,-2,-3,-1,0,37056,128,27,66,0,0,0,0,0,0,0,0,-32310,0,0,0,0,0,58419,0
58408,-778,8122,470,151,14,-47,13492,6,-2,-1,0,37051,125,27,66,0,0,0,0,0,0,0,0,-32310,0,0,0,0,0,58424,0
58413,-820,8060,498,149,15,-43,13492,3,6,-3,0,37051,125,27,66,0,0,0,0,0,0,0,0,-32310,0,0,0,0,0,58429,0
58418,-860,8082,482,153,12,-53,13490,-4,-6,-2,0,37054,130,27,66,0,0,0,0,0,0,0,0,-32310,0,0,0,0,0,58434,0
58423,-824,7996,454,159,5,-52,13492,4,-1,-1,0,37054,130,27,66,0,0,0,0,0,0,0,0,-32310,0,0,0,0,0,58439,0
58428,-828,8056,434,168,18,-62,13491,4,0,-3,0,37053,133,27,66,0,0,0,0,0,0,0,0,-32310,0,0,0,0,0,58444,0
58433,-794,8060,516,168,18,-58,13491,-3,5,-2,0,37053,133,27,66,0,0,0,0,0,0,0,0,-32311,0,0,0,0,0,58449,0
58438,-830,8062,472,171,22,-61,13491,-1,0,0,0,37052,134,27,66,0,0,0,0,0,0,0,0,-32310,0,0,0,0,0,58454,0
58443,-784,8102,492,166,22,-64,13490,-6,-1,-1,0,37052,134,27,66,0,0,0,0,0,0,0,0,-32310,0,0,0,0,0,58459,0
58448,-802,8054,378,177,36,-58,13492,1,0,-2,0,37051,123,27,66,0,0,0,0,0,0,0,0,-32310,0,0,0,0,0,58464,0
58453,-804,8046,392,182,40,-65,13491,0,-4,-2,0,37051,123,27,66,0,0,0,0,0,0,0,0,-32310,0,0,0,0,0,58469,0
58458,-858,8052,364,188,49,-65,13491,-4,2,-2,0,37054,118,27,66,0,0,0,0,0,0,0,0,-32311,0,0,0,0,0,58474,0
58463,-858,8074,352,179,49,-64,13492,-1,-4,-2,0,37054,118,27,66,0,0,0,0,0,0,0,0,-32310,0,0,0,0,0,58479,0
58468,-960,8070,350,185,58,-65,13491,0,3,-2,0,37054,124,27,66,0,0,0,0,0,0,0,0,-32310,0,0,0,0,0,58484,0
58473,-1038,8072,328,186,58,-66,13492,4,-1,-1,0,37054,124,27,66,0,0,0,0,0,0,0,0,-32310,0,0,0,0,0,58489,0
58478,-1004,8064,300,185,51,-59,13491,0,0,-2,0,37053,123,27,66,0,0,0,0,0,0,0,0,-32310,0,0,0,0,0,58494,0
58483,-1006,8084,270,189,55,-57,13492,-4,0,-2,0,37053,123,27,66,0,0,0,0,0,0,0,0,-32310,0,0,0,0,0,58499,0
58488,-1084,8090,298,187,56,-56,13491,-10,-2,-1,0,37051,131,27,66,0,0,0,0,0,0,0,0,-32310,0,0,0,0,0,58504,0
58493,-1026,8066,290,192,49,-50,13492,-2,-1,0,0,37051,131,27,66,0,0,0,0,0,0,0,0,-32310,0,0,0,0,0,58509,0
58498,-972,8068,252,191,46,-51,13492,3,1,-1,0,37051,119,27,66,0,0,0,0,0,0,0,0,-32310,0,0,0,0,0,58514,0
58503,-964,8128,270,190,46,-44,13491,-2,-1,-2,0,37051,119,27,66,0,0,0,0,0,0,0,0,-32310,0,0,0,0,0,58519,0
58508,-992,8070,214,191,38,-49,13492,3,0,-1,0,37053,120,27,66,0,0,0,0,0,0,0,0,-32311,0,0,0,0,0,58524,0
58513,-912,8062,236,189,36,-48,13492,3,-1,-1,0,37053,120,27,66,0,0,0,0,0,0,0,0,-32311,0,0,0,0,0,58529,0
58518,-922,8114,264,191,40,-47,13491,2,2,-2,0,37054,127,27,66,0,0,0,0,0,0,0,0,-32311,0,0,0,0,0,58534,0
58523,-964,8130,200,189,35,-48,13492,2,1,-3,0,37054,127,27,66,0,0,0,0,0,0,0,0,-32311,0,0,0,0,0,58539,0
58528,-838,8098,198,186,35,-53,13492,1,2,-2,0,37055,133,27,66,0,0,0,0,0,0,0,0,-32310,0,0,0,0,0,58544,0
58533,-866,8150,252,184,34,-50,13491,1,2,-2,0,37055,133,27,66,0,0,0,0,0,0,0,0,-32310,0,0,0,0,0,58549,0
58538,-800,8158,208,185,31,-54,13491,4,0,-1,0,37054,128,27,66,0,0,0,0,0,0,0,0,-32311,0,0,0,0,0,58554,0
58543,-838,8070,190,187,31,-56,13492,-3,-4,-2,0,37054,128,27,66,0,0,0,0,0,0,0,0,-32310,0,0,0,0,0,58559,0
58548,-846,8094,152,184,37,-67,13492,4,3,-1,0,37053,120,27,66,0,0,0,0,0,0,0,0,-32310,0,0,0,0,0,58564,0
58553,-826,8100,174,176,36,-66,13491,-3,1,-1,0,37053,120,27,66,0,0,0,0,0,0,0,0,-32310,0,0,0,0,0,58569,0
58558,-824,8118,142,173,28,-73,13492,1,0,0,0,37052,122,27,66,0,0,0,0,0,0,0,0,-32310,0,0,0,0,0,58574,0
58563,-870,8144,146,178,29,-77,13491,-3,-4,-1,0,37052,122,27,66,0,0,0,0,0,0,0,0,-32311,0,0,0,0,0,58579,0
58568,-892,8212,168,169,17,-78,13490,-8,-2,-2,0,37054,126,27,66,0,0,0,0,0,0,0,0,-32310,0,0,0,0,0,58584,0
58573,-886,8154,154,166,20,-85,13491,-6,-6,-2,0,37054,126,27,66,0,0,0,0,0,0,0,0,-32310,0,0,0,0,0,58589,0
58578,-906,8108,162,163,18,-87,13491,2,-2,0,0,37057,131,27,66,0,0,0,0,0,0,0,0,-32310,0,0,0,0,0,58594,0
58583,-924,8086,90,163,10,-89,13490,-3,-5,0,0,37057,131,27,66,0,0,0,0,0,0,0,0,-32310,0,0,0,0,0,58599,0
58588,-896,8084,118,167,13,-101,13490,-5,-4,-2,0,37060,121,27,66,0,0,0,0,0,0,0,0,-32310,0,0,0,0,0,58604,0
58593,-880,8100,186,165,9,-95,13492,4,0,0,0,37060,121,27,66,0,0,0,0,0,0,0,0,-32310,0,0,0,0,0,58609,0
58598,-906,8120,184,162,9,-103,13491,-1,-4,-2,0,37058,120,27,66,0,0,0,0,0,0,0,0,-32310,0,0,0,0,0,58614,0
58603,-828,8128,210,157,15,-102,13492,0,-2,-4,0,37058,120,27,66,0,0,0,0,0,0,0,0,-32310,0,0,0,0,0,58619,0
58608,-790,8158,210,151,18,-112,13491,1,-4,-2,0,37055,120,27,66,0,0,0,0,0,0,0,0,-32310,0,0,0,0,0,58624,0
58613,-758,8164,162,151,24,-113,13491,-3,-1,-2,0,37055,120,27,66,0,0,0,0,0,0,0,0,-32310,0,0,0,0,0,58629,0
58618,-778,8138,160,154,28,-127,13491,0,0,-2,0,37052,124,27,66,0,0,0,0,0,0,0,0,-32310,0,0,0,0,0,58634,0
58623,-710,8142,198,147,31,-125,13492,2,-4,-1,0,37052,124,27,66,0,0,0,0,0,0,0,0,-32310,0,0,0,0,0,58639,0
58628,-766,8114,154,144,24,-139,13492,3,1,-1,0,37053,128,27,66,0,0,0,0,0,0,0,0,-32310,0,0,0,0,0,58644,0
58633,-684,8172,160,142,19,-147,13490,-9,-2,-2,0,37053,128,27,66,0,0,0,0,0,0,0,0,-32310,0,0,0,0,0,58649,0
58638,-776,8132,110,146,19,-159,13492,5,3,-1,0,37054,133,27,66,0,0,0,0,0,0,0,0,-32310,0,0,0,0,0,58654,0
58643,-824,8126,150,143,17,-162,13491,2,0,-2,0,37054,133,27,66,0,0,0,0,0,0,0,0,-32310,0,0,0,0,0,58659,0
58648,-720,8272,184,135,16,-168,13491,-6,-1,-2,0,37051,128,27,66,0,0,0,0,0,0,0,0,-32311,0,0,0,0,0,58664,0
58653,-756,8184,142,137,14,-177,13490,-3,0,-3,0,37051,128,27,66,0,0,0,0,0,0,0,0,-32310,0,0,0,0,0,58669,0
58658,-924,8128,100,137,19,-189,13492,3,-2,-2,0,37049,122,27,66,0,0,0,0,0,0,0,0,-32310,0,0,0,0,0,58674,0
58663,-968,8076,66,136,21,-184,13491,0,-3,-2,0,37049,122,27,66,0,0,0,0,0,0,0,0,-32310,0,0,0,0,0,58679,0
58668,-942,8072,136,126,17,-183,13491,1,-1,-2,0,37051,122,27,66,0,0,0,0,0,0,0,0,-32310,0,0,0,0,0,58684,0
58673,-1014,8112,144,118,11,-189,13492,0,5,-2,0,37051,122,27,66,0,0,0,0,0,0,0,0,-32310,0,0,0,0,0,58689,0
58678,-1054,8090,138,124,12,-188,13491,-4,1,-2,0,37055,125,27,66,0,0,0,0,0,0,0,0,-32311,0,0,0,0,0,58694,0
58683,-1092,8122,114,122,9,-188,13492,3,0,-3,0,37055,125,27,66,0,0,0,0,0,0,0,0,-32310,0,0,0,0,0,58699,0
58688,-1084,8130,118,120,13,-185,13491,4,-4,-1,0,37054,136,27,66,0,0,0,0,0,0,0,0,-32311,0,0,0,0,0,58704,0
58693,-1064,8106,102,118,15,-183,13492,-1,2,0,0,37054,136,27,66,0,0,0,0,0,0,0,0,-32310,0,0,0,0,0,58709,0
58698,-1082,8078,110,111,12,-185,13492,2,3,-2,0,37051,130,27,66,0,0,0,0,0,0,0,0,-32310,0,0,0,0,0,58714,0
58703,-1132,8108,134,110,11,-177,13491,0,-1,-2,0,37051,130,27,66,0,0,0,0,0,0,0,0,-32310,0,0,0,0,0,58719,0
58708,-1148,8098,146,110,11,-175,13491,3,-1,-1,0,37052,128,27,66,0,0,0,0,0,0,0,0,-32310,0,0,0,0,0,58724,0
58713,-1166,8048,128,99,10,-170,13492,-2,3,-2,0,37052,128,27,66,0,0,0,0,0,0,0,0,-32310,0,0,0,0,0,58729,0
58718,-1166,8072,96,107,9,-171,13491,2,-1,-3,0,37054,127,27,66,0,0,0,0,0,0,0,0,-32310,0,0,0,0,0,58734,0
58723,-1220,8054,122,105,8,-160,13491,3,-1,-1,0,37054,127,27,66,0,0,0,0,0,0,0,0,-32310,0,0,0,0,0,58739,0
58728,-1296,8068,166,97,7,-154,13493,4,4,0,0,37055,126,27,66,0,0,0,0,0,0,0,0,-32310,0,0,0,0,0,58744,0
58733,-1290,8062,128,100,7,-141,13492,-1,-1,-1,0,37055,126,27,66,0,0,0,0,0,0,0,0,-32310,0,0,0,0,0,58749,0
58738,-1270,8058,146,100,10,-139,13491,0,-3,-1,0,37054,129,27,66,0,0,0,0,0,0,0,0,-32310,0,0,0,0,0,58754,0
58743,-1322,8014,104,93,12,-128,13492,0,-2,-2,0,37054,129,27,66,0,0,0,0,0,0,0,0,-32310,0,0,0,0,0,58759,0
58748,-1440,7982,134,98,6,-113,13491,-1,-2,-3,0,37052,126,27,66,0,0,0,0,0,0,0,0,-32310,0,0,0,0,0,58764,0
58753,-1444,7986,120,89,4,-101,13491,-2,-1,-3,0,37052,126,27,66,0,0,0,0,0,0,0,0,-32311,0,0,0,0,0,58769,0
58758,-1462,7988,130,91,3,-94,13491,-1,2,-3,0,37054,117,27,66,0,0,0,0,0,0,0,0,-32311,0,0,0,0,0,58774,0
58763,-1508,7980,138,89,-1,-82,13492,-3,3,-3,0,37054,117,27,66,0,0,0,0,0,0,0,0,-32310,0,0,0,0,0,58779,0
58768,-1480,7974,168,90,-3,-64,13491,-7,-4,-3,0,37055,120,27,66,0,0,0,0,0,0,0,0,-32310,0,0,0,0,0,58784,0
58773,-1428,7982,212,91,-7,-48,13492,3,3,-2,0,37055,120,27,66,0,0,0,0,0,0,0,0,-32310,0,0,0,0,0,58789,0
58778,-1466,7974,196,93,-1,-36,13491,-1,-4,-1,0,37054,124,27,66,0,0,0,0,0,0,0,0,-32310,0,0,0,0,0,58794,0
58783,-1476,7970,194,89,-7,-26,13491,-6,3,-3,0,37054,124,27,66,0,0,0,0,0,0,0,0,-32310,0,0,0,0,0,58799,0
58788,-1542,7902,198,103,-7,-6,13491,-6,0,0,0,37053,123,27,66,0,0,0,0,0,0,0,0,-32310,0,0,0,0,0,58804,0
58793,-1508,7924,180,100,-8,6,13491,-1,-2,-1,0,37053,123,27,66,0,0,0,0,0,0,0,0,-32310,0,0,0,0,0,58809,0
58798,-1474,7930,214,95,-7,17,13492,-2,-2,-2,0,37055,127,27,66,0,0,0,0,0,0,0,0,-32310,0,0,0,0,0,58814,0
58803,-1486,7968,196,97,-3,32,13492,2,2,-2,0,37055,127,27,66,0,0,0,0,0,0,0,0,-32310,0,0,0,0,0,58819,0
58808,-1448,7970,236,101,-7,51,13492,3,0,-1,0,37055,117,27,66,0,0,0,0,0,0,0,0,-32310,0,0,0,0,0,58824,0
58813,-1446,7976,216,103,-6,60,13491,-2,5,-1,0,37055,117,27,66,0,0,0,0,0,0,0,0,-32310,0,0,0,0,0,58829,0
58818,-1456,7958,236,110,-9,71,13491,2,3,-2,0,37059,117,27,66,0,0,0,0,0,0,0,0,-32310,0,0,0,0,0,58834,0
58823,-1438,7966,204,109,-8,82,13490,-8,-4,-1,0,37059,117,27,66,0,0,0,0,0,0,0,0,-32310,0,0,0,0,0,58839,0
58828,-1422,7976,228,109,-13,96,13491,-1,1,-3,0,37057,122,27,66,0,0,0,0,0,0,0,0,-32311,0,0,0,0,0,58844,0
58833,-1388,7980,238,115,-14,108,13491,-3,0,-3,0,37057,122,27,66,0,0,0,0,0,0,0,0,-32310,0,0,0,0,0,58849,0
58838,-1344,7988,228,112,-9,115,13492,-1,4,-1,0,37058,123,27,66,0,0,0,0,0,0,0,0,-32310,0,0,0,0,0,58854,0
58843,-1338,7972,236,116,-14,119,13492,12,0,-2,0,37058,123,27,66,0,0,0,0,0,0,0,0,-32310,0,0,0,0,0,58859,0
58848,-1290,8034,230,117,-8,134,13491,-2,2,-3,0,37055,123,27,66,0,0,0,0,0,0,0,0,-32310,0,0,0,0,0,58864,0
58853,-1292,8010,256,124,-14,140,13490,-6,3,-2,0,37055,123,27,66,0,0,0,0,0,0,0,0,-32310,0,0,0,0,0,58869,0
58858,-1258,8014,240,123,-11,147,13491,-2,1,-2,0,37054,127,27,66,0,0,0,0,0,0,0,0,-32310,0,0,0,0,0,58874,0
58863,-1206,8020,244,123,-13,149,13491,2,3,-3,0,37054,127,27,66,0,0,0,0,0,0,0,0,-32310,0,0,0,0,0,58879,0
58868,-1162,8002,268,123,-10,158,13491,2,-1,-3,0,37054,132,27,66,0,0,0,0,0,0,0,0,-32310,0,0,0,0,0,58884,0
58873,-1116,8012,264,129,-9,157,13491,-6,2,-2,0,37054,132,27,66,0,0,0,0,0,0,0,0,-32310,0,0,0,0,0,58889,0
58878,-1106,8040,274,133,-8,161,13491,-1,2,-1,0,37054,133,27,66,0,0,0,0,0,0,0,0,-32310,0,0,0,0,0,58894,0
58883,-1122,8062,250,130,-5,162,13491,0,3,-1,0,37054,133,27,66,0,0,0,0,0,0,0,0,-32310,0,0,0,0,0,58899,0
58888,-1064,8060,242,134,5,166,13491,1,-1,-2,0,37053,128,27,66,0,0,0,0,0,0,0,0,-32310,0,0,0,0,0,58904,0
58893,-1010,8090,226,131,4,165,13490,-4,1,-1,0,37053,128,27,66,0,0,0,0,0,0,0,0,-32310,0,0,0,0,0,58909,0
58898,-998,8100,226,134,6,170,13492,4,3,-3,0,37053,110,27,66,0,0,0,0,0,0,0,0,-32310,0,0,0,0,0,58914,0
58903,-1054,8058,182,138,6,164,13492,1,2,-3,0,37053,110,27,66,0,0,0,0,0,0,0,0,-32310,0,0,0,0,0,58919,0
58908,-946,8108,172,143,7,164,13491,0,1,-1,0,37052,106,27,66,0,0,0,0,0,0,0,0,-32310,0,0,0,0,0,58924,0
58913,-920,8124,156,135,-1,158,13492,-6,-3,-3,0,37052,106,27,66,0,0,0,0,0,0,0,0,-32311,0,0,0,0,0,58929,0
58918,-990,8084,144,140,0,152,13490,-3,1,-2,0,37053,109,27,66,0,0,0,0,0,0,0,0,-32311,0,0,0,0,0,58934,0
58923,-930,8120,150,137,4,153,13492,1,1,-1,0,37053,109,27,66,0,0,0,0,0,0,0,0,-32310,0,0,0,0,0,58939,0
58928,-858,8130,112,139,5,145,13492,0,-2,-2,0,37054,127,27,66,0,0,0,0,0,0,0,0,-32310,0,0,0,0,0,58944,0
58933,-872,8128,160,138,-1,139,13491,4,2,-2,0,37054,127,27,66,0,0,0,0,0,0,0,0,-32311,0,0,0,0,0,58949,0
58938,-846,8152,148,137,-8,136,13491,1,2,0,0,37054,131,27,66,0,0,0,0,0,0,0,0,-32310,0,0,0,0,0,58954,0
58943,-858,8148,102,135,2,126,13490,-8,0,-1,0,37054,131,27,66,0,0,0,0,0,0,0,0,-32310,0,0,0,0,0,58959,0
58948,-788,8136,82,136,5,115,13490,-2,0,-2,0,37054,127,27,66,0,0,0,0,0,0,0,0,-32310,0,0,0,0,0,58964,0
58953,-804,8160,122,134,5,108,13491,-3,0,-3,0,37054,127,27,66,0,0,0,0,0,0,0,0,-32310,0,0,0,0,0,58969,0
58958,-798,8164,76,126,14,107,13490,-7,0,-1,0,37051,119,27,66,0,0,0,0,0,0,0,0,-32310,0,0,0,0,0,58974,0
58963,-824,8180,90,125,10,100,13490,-6,0,-2,0,37051,119,27,66,0,0,0,0,0,0,0,0,-32310,0,0,0,0,0,58979,0
58968,-812,8174,74,123,9,93,13491,-2,2,-3,0,37053,121,27,66,0,0,0,0,0,0,0,0,-32310,0,0,0,0,0,58984,0
58973,-862,8170,58,122,-4,86,13491,-6,2,-1,0,37053,121,27,66,0,0,0,0,0,0,0,0,-32310,0,0,0,0,0,58989,0
58978,-910,8178,78,122,-9,85,13492,1,5,-2,0,37055,125,27,66,0,0,0,0,0,0,0,0,-32310,0,0,0,0,0,58994,0
58983,-912,8130,80,121,-6,80,13492,-3,0,-2,0,37055,125,27,66,0,0,0,0,0,0,0,0,-32310,0,0,0,0,0,58999,0
58988,-928,8154,50,118,-11,67,13492,1,1,-1,0,37054,121,27,66,0,0,0,0,0,0,0,0,-32310,0,0,0,0,0,59004,0
58993,-916,8104,46,115,-6,72,13491,0,-3,-3,0,37054,121,27,66,0,0,0,0,0,0,0,0,-32310,0,0,0,0,0,59009,0
58998,-918,8064,82,108,2,63,13491,0,4,-5,0,37055,120,27,66,0,0,0,0,0,0,0,0,-32311,0,0,0,0,0,59014,0
59003,-900,8092,52,117,-3,64,13492,0,-1,-3,0,37055,120,27,66,0,0,0,0,0,0,0,0,-32310,0,0,0,0,0,59019,0
59008,-884,8152,74,106,-2,56,13492,1,-1,-2,0,37056,125,27,66,0,0,0,0,0,0,0,0,-32311,0,0,0,0,0,59024,0
59013,-910,8072,72,107,8,50,13492,-1,2,-2,0,37056,125,27,66,0,0,0,0,0,0,0,0,-32310,0,0,0,0,0,59029,0
59018,-984,8100,26,101,6,55,13491,-4,-5,-1,0,37057,126,27,66,0,0,0,0,0,0,0,0,-32310,0,0,0,0,0,59034,0
59023,-992,8132,18,103,3,54,13491,-5,-2,-2,0,37057,126,27,66,0,0,0,0,0,0,0,0,-32310,0,0,0,0,0,59039,0
59028,-932,8138,6,95,3,45,13491,-9,-1,-1,0,37054,124,27,66,0,0,0,0,0,0,0,0,-32310,0,0,0,0,0,59044,0
59033,-948,8158,22,94,-8,42,13492,-2,-1,0,0,37054,124,27,66,0,0,0,0,0,0,0,0,-32310,0,0,0,0,0,59049,0
59038,-920,8146,30,92,-9,40,13491,-1,1,0,0,37053,128,27,66,0,0,0,0,0,0,0,0,-32311,0,0,0,0,0,59054,0
59043,-912,8124,8,86,-5,34,13493,10,5,-3,0,37053,128,27,66,0,0,0,0,0,0,0,0,-32310,0,0,0,0,0,59059,0
59048,-880,8112,20,82,-6,28,13491,-1,0,-2,0,37053,131,27,66,0,0,0,0,0,0,0,0,-32311,0,0,0,0,0,59064,0
59053,-890,8118,16,79,-5,28,13492,-4,1,-2,0,37053,131,27,66,0,0,0,0,0,0,0,0,-32311,0,0,0,0,0,59069,0
59058,-852,8138,62,76,-6,27,13491,-1,-3,-2,0,37056,140,27,66,0,0,0,0,0,0,0,0,-32310,0,0,0,0,0,59074,0
59063,-898,8148,18,69,1,23,13490,-2,3,-2,0,37056,140,27,66,0,0,0,0,0,0,0,0,-32310,0,0,0,0,0,59079,0
59068,-926,8184,30,64,-4,20,13493,9,-2,-1,0,37058,131,27,66,0,0,0,0,0,0,0,0,-32310,0,0,0,0,0,59084,0
59073,-938,8140,14,64,0,17,13492,0,0,-2,0,37058,131,27,66,0,0,0,0,0,0,0,0,-32310,0,0,0,0,0,59089,0
59078,-940,8124,18,67,-11,16,13492,0,5,-2,0,37059,130,27,66,0,0,0,0,0,0,0,0,-32310,0,0,0,0,0,59094,0
59083,-950,8096,8,59,-11,14,13491,-1,-4,-1,0,37059,130,27,66,0,0,0,0,0,0,0,0,-32311,0,0,0,0,0,59099,0
59088,-958,8082,16,49,-9,7,13491,-8,-5,-2,0,37057,120,27,66,0,0,0,0,0,0,0,0,-32310,0,0,0,0,0,59104,0
59093,-968,8122,14,50,-10,9,13491,-1,-3,-1,0,37057,120,27,66,0,0,0,0,0,0,0,0,-32311,0,0,0,0,0,59109,0
59098,-980,8136,0,46,-5,7,13491,-7,0,0,0,37057,112,27,66,0,0,0,0,0,0,0,0,-32311,0,0,0,0,0,59114,0
59103,-1002,8148,18,45,-2,8,13492,2,2,-2,0,37057,112,27,66,0,0,0,0,0,0,0,0,-32310,0,0,0,0,0,59119,0
59108,-1036,8122,6,39,-2,6,13493,5,3,-1,0,37056,110,27,66,0,0,0,0,0,0,0,0,-32311,0,0,0,0,0,59124,0
59113,-1048,8092,2,32,-13,5,13491,1,4,-3,0,37056,110,27,66,0,0,0,0,0,0,0,0,-32312,0,0,0,0,0,59129,0
59118,-1040,8100,12,34,-9,9,13491,0,-3,-3,0,37058,110,27,66,0,0,0,0,0,0,0,0,-32310,0,0,0,0,0,59134,0
59123,-1066,8092,14,32,-11,11,13493,2,-4,0,0,37058,110,27,66,0,0,0,0,0,0,0,0,-32310,0,0,0,0,0,59139,0
59128,-1054,8116,20,23,-16,12,13493,-1,-2,-1,0,37055,114,27,66,0,0,0,0,0,0,0,0,-32311,0,0,0,0,0,59144,0
59133,-1070,8098,10,20,-19,12,13491,0,1,-3,0,37055,114,27,66,0,0,0,0,0,0,0,0,-32310,0,0,0,0,0,59149,0
59138,-1058,8108,24,21,-9,18,13491,0,-4,-1,0,37052,121,27,66,0,0,0,0,0,0,0,0,-32310,0,0,0,0,0,59154,0
59143,-1080,8100,-20,12,-13,17,13491,3,-4,0,0,37052,121,27,66,0,0,0,0,0,0,0,0,-32310,0,0,0,0,0,59159,0
59148,-1068,8124,-2,6,-9,22,13491,-1,3,-2,0,37051,123,27,66,0,0,0,0,0,0,0,0,-32311,0,0,0,0,0,59164,0
59153,-1116,8094,8,7,-19,23,13491,0,4,-2,0,37051,123,27,66,0,0,0,0,0,0,0,0,-32310,0,0,0,0,0,59169,0
59158,-1114,8102,4,-4,-13,27,13491,0,0,-2,0,37052,122,27,66,0,0,0,0,0,0,0,0,-32310,0,0,0,0,0,59174,0
59163,-1110,8090,-4,-2,-8,30,13492,0,0,-3,0,37052,122,27,66,0,0,0,0,0,0,0,0,-32310,0,0,0,0,0,59179,0
59168,-1126,8104,2,-11,-18,31,13492,1,1,-2,0,37054,120,27,66,0,0,0,0,0,0,0,0,-32310,0,0,0,0,0,59184,0
59173,-1116,8108,-22,-12,-17,33,13491,-10,0,-1,0,37054,120,27,66,0,0,0,0,0,0,0,0,-32311,0,0,0,0,0,59189,0
59178,-1086,8090,-10,-16,-18,41,13491,2,0,-1,0,37056,121,27,66,0,0,0,0,0,0,0,0,-32310,0,0,0,0,0,59194,0
59183,-1070,8094,16,-20,-23,38,13491,0,1,-1,0,37056,121,27,66,0,0,0,0,0,0,0,0,-32310,0,0,0,0,0,59199,0
59188,-1032,8114,22,-28,-14,41,13492,3,1,-1,0,37057,123,27,66,0,0,0,0,0,0,0,0,-32310,0,0,0,0,0,59204,0
59193,-1028,8112,38,-28,-24,40,13492,5,1,0,0,37057,123,27,66,0,0,0,0,0,0,0,0,-32310,0,0,0,0,0,59209,0
59198,-1012,8084,20,-29,-17,42,13492,0,6,-2,0,37058,124,27,66,0,0,0,0,0,0,0,0,-32310,0,0,0,0,0,59214,0
59203,-1030,8134,52,-35,-24,45,13492,5,-4,-4,0,37058,124,27,66,0,0,0,0,0,0,0,0,-32311,0,0,0,0,0,59219,0
59208,-1018,8120,20,-42,-15,42,13493,4,-1,-1,0,37056,125,27,66,0,0,0,0,0,0,0,0,-32310,0,0,0,0,0,59224,0
59213,-1018,8112,50,-46,-15,42,13490,-8,-3,-2,0,37056,125,27,66,0,0,0,0,0,0,0,0,-32310,0,0,0,0,0,59229,0
59218,-1010,8118,26,-52,-16,47,13492,0,0,-2,0,37055,124,27,66,0,0,0,0,0,0,0,0,-32310,0,0,0,0,0,59234,0
59223,-1060,8100,20,-51,-14,44,13491,-6,-3,-1,0,37055,124,27,66,0,0,0,0,0,0,0,0,-32310,0,0,0,0,0,59239,0
59228,-1024,8102,18,-58,-23,46,13493,7,3,-1,0,37056,130,27,66,0,0,0,0,0,0,0,0,-32310,0,0,0,0,0,59244,0
59233,-1024,8106,44,-58,-21,50,13492,7,2,-2,0,37056,130,27,66,0,0,0,0,0,0,0,0,-32310,0,0,0,0,0,59249,0
59238,-1038,8132,38,-66,-20,47,13492,0,2,-1,0,37054,134,27,66,0,0,0,0,0,0,0,0,-32310,0,0,0,0,0,59254,0
59243,-1032,8104,64,-64,-32,48,13492,2,-4,-1,0,37054,134,27,66,0,0,0,0,0,0,0,0,-32311,0,0,0,0,0,59259,0
59248,-996,8122,48,-71,-25,43,13491,-5,-2,-2,0,37054,132,27,66,0,0,0,0,0,0,0,0,-32311,0,0,0,0,0,59264,0
59253,-990,8110,58,-79,-24,44,13491,0,1,-2,0,37054,132,27,66,0,0,0,0,0,0,0,0,-32310,0,0,0,0,0,59269,0
59258,-1014,8136,78,-80,-29,43,13490,-6,-1,-1,0,37053,121,27,66,0,0,0,0,0,0,0,0,-32310,0,0,0,0,0,59274,0
59263,-1006,8124,72,-78,-29,43,13493,0,-1,-2,0,37053,121,27,66,0,0,0,0,0,0,0,0,-32310,0,0,0,0,0,59279,0
59268,-992,8108,84,-84,-35,40,13492,5,1,-3,0,37056,122,27,66,0,0,0,0,0,0,0,0,-32310,0,0,0,0,0,59284,0
59273,-986,8104,122,-88,-35,44,13491,-4,4,0,0,37056,122,27,66,0,0,0,0,0,0,0,0,-32310,0,0,0,0,0,59289,0
59278,-968,8120,130,-91,-34,41,13491,0,-3,-3,0,37055,122,27,66,0,0,0,0,0,0,0,0,-32310,0,0,0,0,0,59294,0
59283,-986,8106,124,-96,-29,40,13492,1,-4,-2,0,37055,122,27,66,0,0,0,0,0,0,0,0,-32310,0,0,0,0,0,59299,0
59288,-966,8100,130,-96,-33,39,13491,0,4,-2,0,37053,119,27,66,0,0,0,0,0,0,0,0,-32310,0,0,0,0,0,59304,0
59293,-974,8102,156,-98,-32,40,13492,7,-2,-2,0,37053,119,27,66,0,0,0,0,0,0,0,0,-32310,0,0,0,0,0,59309,0
59298,-964,8112,156,-99,-33,38,13491,0,2,-2,0,37051,122,27,66,0,0,0,0,0,0,0,0,-32310,0,0,0,0,0,59314,0
59303,-1018,8106,202,-97,-29,36,13491,-5,0,-3,0,37051,122,27,66,0,0,0,0,0,0,0,0,-32310,0,0,0,0,0,59319,0
59308,-990,8090,222,-103,-32,39,13491,-7,-5,0,0,37055,130,27,66,0,0,0,0,0,0,0,0,-32311,0,0,0,0,0,59324,0
59313,-958,8092,226,-91,-40,34,13492,4,-1,0,0,37055,130,27,66,0,0,0,0,0,0,0,0,-32310,0,0,0,0,0,59329,0
59318,-952,8106,250,-97,-35,34,13491,-4,1,-3,0,37061,117,27,66,0,0,0,0,0,0,0,0,-32310,0,0,0,0,0,59334,0
59323,-978,8110,212,-102,-34,40,13492,2,-1,-2,0,37061,117,27,66,0,0,0,0,0,0,0,0,-32310,0,0,0,0,0,59340,0
59328,-1012,8088,288,-96,-29,30,13491,-2,-1,-3,0,37063,122,27,66,0,0,0,0,0,0,0,0,-32311,0,0,0,0,0,59345,0
59333,-966,8048,328,-94,-40,32,13490,-4,1,-1,0,37063,122,27,66,0,0,0,0,0,0,0,0,-32310,0,0,0,0,0,59350,0
59338,-952,8050,322,-94,-38,30,13492,1,0,0,0,37060,113,27,66,0,0,0,0,0,0,0,0,-32310,0,0,0,0,0,59355,0
59343,-948,8054,334,-92,-40,31,13491,0,-1,-2,0,37060,113,27,66,0,0,0,0,0,0,0,0,-32310,0,0,0,0,0,59360,0
59348,-964,8112,372,-84,-36,33,13491,0,3,-3,0,37055,118,27,66,0,0,0,0,0,0,0,0,-32310,0,0,0,0,0,59365,0
59353,-976,8078,386,-85,-25,28,13491,0,-1,-2,0,37055,118,27,66,0,0,0,0,0,0,0,0,-32310,0,0,0,0,0,59370,0
59358,-1004,8040,384,-76,-29,33,13491,5,0,-2,0,37054,125,27,66,0,0,0,0,0,0,0,0,-32310,0,0,0,0,0,59375,0
59363,-988,8038,396,-81,-22,30,13492,0,-1,-1,0,37054,125,27,66,0,0,0,0,0,0,0,0,-32310,0,0,0,0,0,59380,0
59368,-1022,8038,386,-73,-18,30,13492,5,3,-2,0,37056,128,27,66,0,0,0,0,0,0,0,0,-32310,0,0,0,0,0,59385,0
59373,-1024,8048,356,-72,-12,37,13491,2,0,-2,0,37056,128,27,66,0,0,0,0,0,0,0,0,-32310,0,0,0,0,0,59390,0
59378,-1042,8060,326,-68,-15,35,13491,4,1,-1,0,37056,133,27,66,0,0,0,0,0,0,0,0,-32310,0,0,0,0,0,59395,0
59383,-1018,8076,336,-67,-12,38,13492,1,-2,-2,0,37056,133,27,66,0,0,0,0,0,0,0,0,-32310,0,0,0,0,0,59400,0
59388,-1020,8106,316,-66,-15,39,13492,4,3,-1,0,37057,132,27,66,0,0,0,0,0,0,0,0,-32310,0,0,0,0,0,59405,0
59393,-978,8054,324,-61,-15,40,13490,-8,4,-1,0,37057,132,27,66,0,0,0,0,0,0,0,0,-32310,0,0,0,0,0,59410,0
59398,-1046,8040,308,-64,-18,41,13492,0,-4,-2,0,37063,123,27,66,0,0,0,0,0,0,0,0,-32310,0,0,0,0,0,59415,0
59403,-1018,8060,326,-65,-14,40,13491,2,1,-2,0,37063,123,27,66,0,0,0,0,0,0,0,0,-32311,0,0,0,0,0,59420,0
59408,-1022,8076,314,-59,-21,43,13491,-2,5,-2,0,37076,117,27,66,0,0,0,0,0,0,0,0,-32310,0,0,0,0,0,59425,0
59413,-1050,8060,304,-58,-15,47,13490,0,-3,-2,0,37076,117,27,66,0,0,0,0,0,0,0,0,-32311,0,0,0,0,0,59430,0
59418,-1020,8094,306,-53,-18,44,13491,0,6,0,0,37084,125,28,66,0,0,0,0,0,0,0,0,-32310,0,0,0,0,0,59435,0
59423,-1022,8070,306,-61,-24,45,13490,-7,3,-1,0,37084,125,28,66,0,0,0,0,0,0,0,0,-32310,0,0,0,0,0,59440,0
59428,-1010,8086,316,-60,-22,46,13491,-4,2,-3,0,37078,124,27,66,0,0,0,0,0,0,0,0,-32311,0,0,0,0,0,59445,0
59433,-996,8090,336,-56,-26,45,13490,-8,-1,-3,0,37078,124,27,66,0,0,0,0,0,0,0,0,-32311,0,0,0,0,0,59450,0
59438,-1014,8072,338,-56,-24,52,13491,-1,2,-1,0,37065,125,27,66,0,0,0,0,0,0,0,0,-32311,0,0,0,0,0,59455,0
59443,-1016,8068,328,-55,-24,50,13492,-4,1,-2,0,37065,125,27,66,0,0,0,0,0,0,0,0,-32310,0,0,0,0,0,59460,0
59448,-974,8076,362,-45,-30,45,13491,-3,0,0,0,37052,125,27,66,0,0,0,0,0,0,0,0,-32310,0,0,0,0,0,59465,0
59453,-996,8100,332,-54,-23,51,13491,-1,0,-1,0,37052,125,27,66,0,0,0,0,0,0,0,0,-32311,0,0,0,0,0,59470,0
59458,-972,8054,334,-54,-26,49,13492,6,1,-2,0,37054,128,27,66,0,0,0,0,0,0,0,0,-32311,0,0,0,0,0,59475,0
59463,-970,8062,352,-58,-21,47,13491,-4,1,-3,0,37054,128,27,66,0,0,0,0,0,0,0,0,-32311,0,0,0,0,0,59480,0
59468,-984,8070,382,-45,-24,51,13490,-11,2,-3,0,37055,125,27,66,0,0,0,0,0,0,0,0,-32310,0,0,0,0,0,59485,0
59473,-974,8086,384,-49,-28,47,13491,4,-1,-1,0,37055,125,27,66,0,0,0,0,0,0,0,0,-32310,0,0,0,0,0,59490,0
59478,-978,8084,404,-45,-39,51,13491,-9,0,-1,0,37055,115,27,66,0,0,0,0,0,0,0,0,-32311,0,0,0,0,0,59495,0
59483,-962,8092,414,-33,-31,48,13491,-4,1,-1,0,37055,115,27,66,0,0,0,0,0,0,0,0,-32310,0,0,0,0,0,59500,0
59488,-944,8040,440,-40,-32,40,13492,2,1,-1,0,37056,113,27,66,0,0,0,0,0,0,0,0,-32310,0,0,0,0,0,59505,0
59493,-932,8056,450,-39,-28,38,13491,0,7,-2,0,37056,113,27,66,0,0,0,0,0,0,0,0,-32310,0,0,0,0,0,59510,0
59498,-940,8056,440,-34,-23,42,13491,0,-1,-3,0,37056,122,27,66,0,0,0,0,0,0,0,0,-32311,0,0,0,0,0,59515,0
59503,-972,8052,482,-30,-20,41,13491,2,2,-4,0,37056,122,27,66,0,0,0,0,0,0,0,0,-32311,0,0,0,0,0,59520,0
59508,-950,8068,458,-21,-21,36,13491,2,5,-2,0,37055,118,27,66,0,0,0,0,0,0,0,0,-32310,0,0,0,0,0,59525,0
59513,-968,8084,438,-21,-20,39,13491,-1,1,0,0,37055,118,27,66,0,0,0,0,0,0,0,0,-32311,0,0,0,0,0,59530,0
59518,-962,8058,462,-18,-23,42,13491,7,2,-4,0,37056,127,27,66,0,0,0,0,0,0,0,0,-32310,0,0,0,0,0,59535,0
59523,-974,8068,466,-12,-21,40,13492,0,-2,-2,0,37056,127,27,66,0,0,0,0,0,0,0,0,-32310,0,0,0,0,0,59540,0
59528,-940,8066,464,-7,-27,36,13492,1,-2,-2,0,37057,132,27,66,0,0,0,0,0,0,0,0,-32310,0,0,0,0,0,59545,0
59533,-946,8042,482,-2,-24,37,13490,-3,-1,-2,0,37057,132,27,66,0,0,0,0,0,0,0,0,-32310,0,0,0,0,0,59550,0
59538,-900,8082,484,-2,-28,34,13490,-6,0,-2,0,37056,137,27,66,0,0,0,0,0,0,0,0,-32311,0,0,0,0,0,59555,0
59543,-928,8052,474,2,-18,31,13491,-2,-7,-2,0,37056,137,27,66,0,0,0,0,0,0,0,0,-32310,0,0,0,0,0,59560,0
59548,-944,8046,482,16,-11,31,13491,-1,3,-1,0,37055,136,27,66,0,0,0,0,0,0,0,0,-32310,0,0,0,0,0,59565,0
59553,-930,8050,496,10,-17,30,13491,0,4,-2,0,37055,136,27,66,0,0,0,0,0,0,0,0,-32310,0,0,0,0,0,59570,0
59558,-890,8058,484,14,-14,27,13491,0,-1,-1,0,37057,123,27,66,0,0,0,0,0,0,0,0,-32310,0,0,0,0,0,59575,0
59563,-908,8066,484,21,-21,23,13492,0,0,-1,0,37057,123,27,66,0,0,0,0,0,0,0,0,-32310,0,0,0,0,0,59580,0
59568,-916,8088,478,18,-17,20,13492,-1,4,-3,0,37060,123,27,66,0,0,0,0,0,0,0,0,-32310,0,0,0,0,0,59585,0
59573,-898,8068,486,23,-11,19,13492,8,1,-1,0,37060,123,27,66,0,0,0,0,0,0,0,0,-32310,0,0,0,0,0,59590,0
59578,-920,8044,478,33,-10,15,13492,0,0,-1,0,37060,115,27,66,0,0,0,0,0,0,0,0,-32311,0,0,0,0,0,59595,0
59583,-922,8050,472,33,-8,13,13491,0,-1,-1,0,37060,115,27,66,0,0,0,0,0,0,0,0,-32310,0,0,0,0,0,59600,0
59588,-930,8052,470,40,-11,13,13491,0,0,-1,0,37055,112,27,66,0,0,0,0,0,0,0,0,-32311,0,0,0,0,0,59605,0
59593,-950,8090,482,37,-9,13,13491,4,-1,-1,0,37055,112,27,66,0,0,0,0,0,0,0,0,-32311,0,0,0,0,0,59610,0
59598,-940,8080,452,43,-8,13,13491,-3,0,-3,0,37051,114,27,66,0,0,0,0,0,0,0,0,-32310,0,0,0,0,0,59615,0
59603,-952,8076,466,50,-7,11,13492,2,2,-2,0,37051,114,27,66,0,0,0,0,0,0,0,0,-32310,0,0,0,0,0,59620,0
59608,-930,8046,486,50,-13,6,13492,-2,2,-3,0,37052,119,27,66,0,0,0,0,0,0,0,0,-32310,0,0,0,0,0,59625,0
59613,-940,8046,462,58,-9,8,13492,0,2,-2,0,37052,119,27,66,0,0,0,0,0,0,0,0,-32311,0,0,0,0,0,59630,0
59618,-958,8050,448,57,-6,3,13492,6,2,-4,0,37053,123,27,66,0,0,0,0,0,0,0,0,-32310,0,0,0,0,0,59635,0
59623,-930,8048,484,63,-9,3,13491,-7,-3,-4,0,37053,123,27,66,0,0,0,0,0,0,0,0,-32311,0,0,0,0,0,59640,0
59628,-938,8088,434,63,-2,1,13491,-3,2,-3,0,37058,125,27,66,0,0,0,0,0,0,0,0,-32310,0,0,0,0,0,59645,0
59633,-924,8044,444,65,-10,2,13492,-2,0,-3,0,37058,125,27,66,0,0,0,0,0,0,0,0,-32310,0,0,0,0,0,59650,0
59638,-946,8072,430,63,3,5,13491,-1,-2,-1,0,37057,121,27,66,0,0,0,0,0,0,0,0,-32310,0,0,0,0,0,59655,0
59643,-950,8064,420,74,2,0,13492,1,0,-1,0,37057,121,27,66,0,0,0,0,0,0,0,0,-32310,0,0,0,0,0,59660,0
59648,-966,8054,420,74,0,0,13492,-1,3,-1,0,37056,115,27,66,0,0,0,0,0,0,0,0,-32310,0,0,0,0,0,59665,0
59653,-952,8064,416,71,-4,-3,13490,-2,-1,-4,0,37056,115,27,66,0,0,0,0,0,0,0,0,-32310,0,0,0,0,0,59670,0
59658,-972,8068,414,76,-5,-6,13492,0,2,-1,0,37052,119,27,66,0,0,0,0,0,0,0,0,-32310,0,0,0,0,0,59675,0
59663,-978,8082,406,80,-3,-4,13492,-1,0,-2,0,37052,119,27,66,0,0,0,0,0,0,0,0,-32310,0,0,0,0,0,59680,0
59668,-982,8050,420,86,-5,-7,13491,0,-5,-2,0,37052,127,27,66,0,0,0,0,0,0,0,0,-32311,0,0,0,0,0,59685,0
59673,-984,8092,412,80,-5,-3,13493,2,0,-1,0,37052,127,27,66,0,0,0,0,0,0,0,0,-32311,0,0,0,0,0,59690,0
59678,-1000,8070,394,81,-6,-9,13491,-5,-1,-1,0,37053,135,27,66,0,0,0,0,0,0,0,0,-32311,0,0,0,0,0,59695,0
59683,-976,8096,410,79,-4,-5,13492,0,0,0,0,37053,135,27,66,0,0,0,0,0,0,0,0,-32310,0,0,0,0,0,59700,0
59688,-968,8076,414,88,-5,-6,13491,1,-2,-2,0,37054,131,27,66,0,0,0,0,0,0,0,0,-32310,0,0,0,0,0,59705,0
59693,-980,8076,400,85,-4,-7,13491,-4,-2,-1,0,37054,131,27,66,0,0,0,0,0,0,0,0,-32310,0,0,0,0,0,59710,0
59698,-974,8092,404,89,2,-9,13491,4,0,-1,0,37052,120,27,66,0,0,0,0,0,0,0,0,-32310,0,0,0,0,0,59715,0
59703,-1006,8072,414,83,-1,-5,13492,2,2,-2,0,37052,120,27,66,0,0,0,0,0,0,0,0,-32310,0,0,0,0,0,59720,0
59708,-1010,8070,378,89,-9,-9,13491,-2,-1,-2,0,37053,115,27,66,0,0,0,0,0,0,0,0,-32310,0,0,0,0,0,59725,0
59713,-990,8060,404,93,2,-7,13492,-2,1,-2,0,37053,115,27,66,0,0,0,0,0,0,0,0,-32310,0,0,0,0,0,59730,0
59718,-1014,8044,406,97,-4,-7,13491,2,-1,-2,0,37053,128,27,66,0,0,0,0,0,0,0,0,-32310,0,0,0,0,0,59735,0
59723,-1018,8072,400,97,-7,-5,13492,3,-2,-2,0,37053,128,27,66,0,0,0,0,0,0,0,0,-32310,0,0,0,0,0,59740,0
59728,-1030,8042,402,95,-4,-8,13491,0,0,-1,0,37057,131,27,66,0,0,0,0,0,0,0,0,-32310,0,0,0,0,0,59745,0
59733,-1052,8068,408,100,-4,-1,13491,-5,1,-1,0,37057,131,27,66,0,0,0,0,0,0,0,0,-32311,0,0,0,0,0,59750,0
59738,-1032,8056,404,101,-5,0,13490,-6,-2,0,0,37057,126,27,66,0,0,0,0,0,0,0,0,-32310,0,0,0,0,0,59755,0
59743,-1040,8066,398,97,-2,-2,13492,-8,0,-2,0,37057,126,27,66,0,0,0,0,0,0,0,0,-32310,0,0,0,0,0,59760,0
59748,-1080,8048,400,104,-2,2,13492,2,0,-2,0,37057,126,27,66,0,0,0,0,0,0,0,0,-32311,0,0,0,0,0,59765,0
59753,-1084,8050,386,103,1,7,13492,4,-2,-2,0,37057,126,27,66,0,0,0,0,0,0,0,0,-32310,0,0,0,0,0,59770,0
59758,-1062,8028,364,103,2,13,13491,-3,2,-1,0,37053,120,27,66,0,0,0,0,0,0,0,0,-32310,0,0,0,0,0,59775,0
59763,-1090,8070,388,102,-3,8,13492,8,2,-1,0,37053,120,27,66,0,0,0,0,0,0,0,0,-32310,0,0,0,0,0,59780,0
59768,-1096,8068,372,106,-4,16,13491,0,0,-1,0,37053,117,27,66,0,0,0,0,0,0,0,0,-32310,0,0,0,0,0,59785,0
59773,-1074,8052,384,106,-1,18,13491,-2,1,-1,0,37053,117,27,66,0,0,0,0,0,0,0,0,-32311,0,0,0,0,0,59790,0
59778,-1088,8064,374,108,-4,19,13491,-2,1,-2,0,37051,113,27,66,0,0,0,0,0,0,0,0,-32310,0,0,0,0,0,59795,0
59783,-1042,8070,372,106,-8,21,13490,-6,-1,-1,0,37051,113,27,66,0,0,0,0,0,0,0,0,-32310,0,0,0,0,0,59800,0
59788,-1052,8068,342,108,4,23,13491,0,-2,-1,0,37051,115,27,66,0,0,0,0,0,0,0,0,-32310,0,0,0,0,0,59805,0
59793,-1052,8068,366,108,4,20,13491,-11,-3,-1,0,37051,115,27,66,0,0,0,0,0,0,0,0,-32310,0,0,0,0,0,59810,0
59798,-1072,8076,370,108,-3,25,13491,-1,3,-1,0,37051,126,27,66,0,0,0,0,0,0,0,0,-32310,0,0,0,0,0,59815,0
59803,-1046,8086,374,116,-6,29,13491,0,-4,-1,0,37051,126,27,66,0,0,0,0,0,0,0,0,-32310,0,0,0,0,0,59820,0
59808,-1072,8048,348,110,1,33,13491,-4,-2,-3,0,37054,128,27,66,0,0,0,0,0,0,0,0,-32310,0,0,0,0,0,59825,0
59813,-1068,8036,348,113,-8,30,13491,2,3,-4,0,37054,128,27,66,0,0,0,0,0,0,0,0,-32310,0,0,0,0,0,59830,0
59818,-1066,8078,366,112,-1,38,13493,5,5,-2,0,37058,118,27,66,0,0,0,0,0,0,0,0,-32310,0,0,0,0,0,59835,0
59823,-1072,8072,362,114,-1,34,13491,1,0,-2,0,37058,118,27,66,0,0,0,0,0,0,0,0,-32310,0,0,0,0,0,59840,0
59828,-1060,8100,350,115,-6,39,13492,1,1,-4,0,37058,106,27,66,0,0,0,0,0,0,0,0,-32310,0,0,0,0,0,59845,0
59833,-1040,8072,356,116,-3,42,13492,1,6,-5,0,37058,106,27,66,0,0,0,0,0,0,0,0,-32310,0,0,0,0,0,59850,0
59838,-1022,8096,336,117,-5,44,13491,-3,0,-1,0,37056,117,27,66,0,0,0,0,0,0,0,0,-32311,0,0,0,0,0,59855,0
59843,-1012,8082,362,117,-3,40,13491,-3,-1,0,0,37056,117,27,66,0,0,0,0,0,0,0,0,-32310,0,0,0,0,0,59860,0
59848,-1034,8070,352,121,-5,43,13491,2,-4,-2,0,37053,128,27,66,0,0,0,0,0,0,0,0,-32310,0,0,0,0,0,59865,0
59853,-1014,8066,350,115,-1,48,13492,9,4,-2,0,37053,128,27,66,0,0,0,0,0,0,0,0,-32310,0,0,0,0,0,59870,0
59858,-1030,8082,346,115,-3,49,13491,-3,2,-2,0,37052,136,27,66,0,0,0,0,0,0,0,0,-32310,0,0,0,0,0,59875,0
59863,-1004,8078,322,114,-1,43,13491,1,0,-4,0,37052,136,27,66,0,0,0,0,0,0,0,0,-32310,0,0,0,0,0,59880,0
59868,-1008,8076,338,117,-5,45,13492,4,-3,-2,0,37050,129,27,66,0,0,0,0,0,0,0,0,-32310,0,0,0,0,0,59885,0
59873,-988,8066,340,116,-3,48,13491,0,1,-1,0,37050,129,27,66,0,0,0,0,0,0,0,0,-32310,0,0,0,0,0,59890,0
59878,-954,8080,340,122,-3,45,13491,-3,-1,0,0,37049,129,27,66,0,0,0,0,0,0,0,0,-32310,0,0,0,0,0,59895,0
59883,-958,8102,338,114,-8,43,13491,0,-2,0,0,37049,129,27,66,0,0,0,0,0,0,0,0,-32310,0,0,0,0,0,59900,0
59888,-972,8100,328,118,-5,43,13493,6,0,-1,0,37048,125,27,66,0,0,0,0,0,0,0,0,-32310,0,0,0,0,0,59905,0
59893,-962,8068,324,112,0,44,13492,1,-1,-2,0,37048,125,27,66,0,0,0,0,0,0,0,0,-32310,0,0,0,0,0,59910,0
59898,-996,8086,346,117,-1,38,13492,5,-2,-1,0,37049,126,27,66,0,0,0,0,0,0,0,0,-32311,0,0,0,0,0,59915,0
59903,-944,8114,330,125,-2,36,13491,-3,-2,-1,0,37049,126,27,66,0,0,0,0,0,0,0,0,-32310,0,0,0,0,0,59920,0
59908,-926,8092,360,119,-8,36,13491,-3,-1,-1,0,37050,120,27,66,0,0,0,0,0,0,0,0,-32310,0,0,0,0,0,59925,0
59913,-930,8070,340,119,-1,32,13492,-3,-4,-3,0,37050,120,27,66,0,0,0,0,0,0,0,0,-32310,0,0,0,0,0,59930,0
59918,-920,8100,354,117,-2,34,13491,-3,-3,-3,0,37051,121,27,66,0,0,0,0,0,0,0,0,-32310,0,0,0,0,0,59935,0
59923,-934,8118,346,122,-3,27,13491,-1,1,-2,0,37051,121,27,66,0,0,0,0,0,0,0,0,-32310,0,0,0,0,0,59940,0
59928,-920,8098,354,121,-4,26,13492,0,-3,-2,0,37051,115,27,66,0,0,0,0,0,0,0,0,-32311,0,0,0,0,0,59945,0
59933,-914,8080,350,121,-6,25,13491,0,-2,-2,0,37051,115,27,66,0,0,0,0,0,0,0,0,-32311,0,0,0,0,0,59950,0
59938,-902,8080,362,120,-1,25,13491,0,2,1,0,37055,123,27,66,0,0,0,0,0,0,0,0,-32310,0,0,0,0,0,59955,0
59943,-930,8088,358,121,2,24,13491,1,-1,0,0,37055,123,27,66,0,0,0,0,0,0,0,0,-32310,0,0,0,0,0,59960,0
59948,-908,8098,344,124,1,14,13491,1,1,0,0,37057,122,27,66,0,0,0,0,0,0,0,0,-32310,0,0,0,0,0,59965,0
59953,-934,8102,324,126,-1,18,13491,-2,1,-2,0,37057,122,27,66,0,0,0,0,0,0,0,0,-32310,0,0,0,0,0,59970,0
59958,-946,8114,336,120,-1,15,13492,5,1,-2,0,37057,117,27,66,0,0,0,0,0,0,0,0,-32311,0,0,0,0,0,59975,0
59963,-954,8098,326,125,0,13,13491,5,5,-3,0,37057,117,27,66,0,0,0,0,0,0,0,0,-32310,0,0,0,0,0,59980,0
59968,-936,8074,328,126,-3,6,13491,2,1,-3,0,37057,115,27,66,0,0,0,0,0,0,0,0,-32311,0,0,0,0,0,59985,0
59973,-932,8074,316,126,0,9,13492,0,-1,-2,0,37057,115,27,66,0,0,0,0,0,0,0,0,-32310,0,0,0,0,0,59990,0
59978,-918,8098,310,126,2,6,13493,9,1,-1,0,37053,120,27,66,0,0,0,0,0,0,0,0,-32311,0,0,0,0,0,59995,0
59983,-916,8092,342,126,-1,8,13492,1,3,-1,0,37053,120,27,66,0,0,0,0,0,0,0,0,-32310,0,0,0,0,0,60000,0
59988,-952,8122,318,128,2,2,13490,-3,-4,0,0,37053,120,27,66,0,0,0,0,0,0,0,0,-32310,0,0,0,0,0,60005,0
59993,-956,8074,340,128,1,1,13491,0,-3,0,0,37053,120,27,66,0,0,0,0,0,0,0,0,-32310,0,0,0,0,0,60010,0
59998,-978,8070,346,126,-1,-1,13493,1,-2,-1,0,37050,122,27,66,0,0,0,0,0,0,0,0,-32311,0,0,0,0,0,60015,0
60003,-972,8056,328,128,0,-5,13491,-2,4,-2,0,37050,122,27,66,0,0,0,0,0,0,0,0,-32311,0,0,0,0,0,60020,0
60008,-964,8074,328,133,5,-4,13492,4,1,-2,0,37049,120,27,66,0,0,0,0,0,0,0,0,-32310,0,0,0,0,0,60025,0
60013,-966,8068,298,131,-3,-4,13492,2,-7,-1,0,37049,120,27,66,0,0,0,0,0,0,0,0,-32310,0,0,0,0,0,60030,0
60018,-980,8096,312,126,3,-4,13492,0,3,-1,0,37050,122,27,66,0,0,0,0,0,0,0,0,-32310,0,0,0,0,0,60035,0
60023,-1012,8072,306,125,0,-3,13491,2,3,-1,0,37050,122,27,66,0,0,0,0,0,0,0,0,-32310,0,0,0,0,0,60040,0
60028,-988,8080,308,137,0,-4,13491,0,-1,-2,0,37050,126,27,66,0,0,0,0,0,0,0,0,-32310,0,0,0,0,0,60045,0
60033,-1016,8092,274,128,2,-5,13490,-3,-2,-1,0,37050,126,27,66,0,0,0,0,0,0,0,0,-32310,0,0,0,0,0,60050,0
60038,-1016,8094,280,132,2,-4,13491,3,1,0,0,37051,130,27,66,0,0,0,0,0,0,0,0,-32310,0,0,0,0,0,60055,0
60043,-1030,8082,290,131,7,-7,13492,1,0,-5,0,37051,130,27,66,0,0,0,0,0,0,0,0,-32311,0,0,0,0,0,60060,0
60048,-1020,8092,268,130,-2,0,13491,0,1,-5,0,37056,126,27,66,0,0,0,0,0,0,0,0,-32310,0,0,0,0,0,60065,0
60053,-1054,8086,300,126,2,-2,13491,0,-2,-1,0,37056,126,27,66,0,0,0,0,0,0,0,0,-32310,0,0,0,0,0,60070,0
60058,-1052,8078,254,125,-5,2,13491,-1,-2,-3,0,37059,115,27,66,0,0,0,0,0,0,0,0,-32311,0,0,0,0,0,60075,0
60063,-1042,8086,268,128,3,6,13492,6,1,-4,0,37059,115,27,66,0,0,0,0,0,0,0,0,-32311,0,0,0,0,0,60080,0
60068,-1028,8068,264,126,6,1,13492,0,1,-2,0,37059,115,27,66,0,0,0,0,0,0,0,0,-32310,0,0,0,0,0,60085,0
60073,-1040,8084,258,126,3,4,13492,0,-2,-1,0,37059,115,27,66,0,0,0,0,0,0,0,0,-32310,0,0,0,0,0,60090,0
60078,-1034,8076,260,132,4,6,13491,-3,-4,-1,0,37054,114,27,66,0,0,0,0,0,0,0,0,-32310,0,0,0,0,0,60095,0
60083,-1030,8082,226,126,5,6,13490,-2,2,0,0,37054,114,27,66,0,0,0,0,0,0,0,0,-32310,0,0,0,0,0,60100,0
60088,-1044,8094,230,126,5,12,13492,5,-2,0,0,37051,123,27,66,0,0,0,0,0,0,0,0,-32310,0,0,0,0,0,60105,0
60093,-1078,8078,242,121,0,10,13491,-1,1,0,0,37051,123,27,66,0,0,0,0,0,0,0,0,-32310,0,0,0,0,0,60110,0
60098,-1058,8082,218,123,5,8,13492,0,-1,-1,0,37050,111,27,66,0,0,0,0,0,0,0,0,-32311,0,0,0,0,0,60115,0
60103,-1052,8086,222,121,-4,14,13492,2,0,-2,0,37050,111,27,66,0,0,0,0,0,0,0,0,-32310,0,0,0,0,0,60120,0
60108,-1076,8082,240,119,2,12,13492,5,0,-3,0,37049,114,27,66,0,0,0,0,0,0,0,0,-32310,0,0,0,0,0,60125,0
60113,-1066,8112,234,120,-5,17,13492,0,0,-3,0,37049,114,27,66,0,0,0,0,0,0,0,0,-32311,0,0,0,0,0,60130,0
60118,-1080,8064,244,119,-3,20,13491,1,-2,-1,0,37053,124,27,66,0,0,0,0,0,0,0,0,-32311,0,0,0,0,0,60135,0
60123,-1048,8090,226,119,-8,15,13491,-1,-3,-1,0,37053,124,27,66,0,0,0,0,0,0,0,0,-32310,0,0,0,0,0,60140,0
60128,-1044,8090,246,120,-2,19,13492,7,4,-2,0,37053,123,27,66,0,0,0,0,0,0,0,0,-32310,0,0,0,0,0,60145,0
60133,-1034,8106,228,114,-3,18,13491,-1,-1,-1,0,37053,123,27,66,0,0,0,0,0,0,0,0,-32310,0,0,0,0,0,60150,0
60138,-1020,8082,226,114,-1,16,13491,-6,-1,-1,0,37051,117,27,66,0,0,0,0,0,0,0,0,-32310,0,0,0,0,0,60155,0
60143,-1012,8094,238,114,4,24,13492,3,-5,-1,0,37051,117,27,66,0,0,0,0,0,0,0,0,-32311,0,0,0,0,0,60160,0
60148,-1026,8098,236,112,0,23,13491,-3,-2,-1,0,37050,110,27,66,0,0,0,0,0,0,0,0,-32310,0,0,0,0,0,60165,0
60153,-1020,8098,222,110,-1,19,13491,0,1,-5,0,37050,110,27,66,0,0,0,0,0,0,0,0,-32311,0,0,0,0,0,60170,0
60158,-1034,8080,222,109,-4,20,13492,3,-2,-1,0,37057,121,27,66,0,0,0,0,0,0,0,0,-32310,0,0,0,0,0,60175,0
60163,-1042,8072,220,107,-5,22,13491,-11,0,-2,0,37057,121,27,66,0,0,0,0,0,0,0,0,-32310,0,0,0,0,0,60180,0
60168,-1004,8064,236,109,-4,23,13492,2,1,-2,0,37057,130,27,66,0,0,0,0,0,0,0,0,-32310,0,0,0,0,0,60185,0
60173,-1018,8092,234,106,-10,18,13492,1,-4,-3,0,37057,130,27,66,0,0,0,0,0,0,0,0,-32310,0,0,0,0,0,60190,0
60178,-1026,8114,246,109,-4,23,13492,0,0,-3,0,37058,133,27,66,0,0,0,0,0,0,0,0,-32310,0,0,0,0,0,60195,0
60183,-1030,8106,250,102,-7,20,13492,1,1,-1,0,37058,133,27,66,0,0,0,0,0,0,0,0,-32310,0,0,0,0,0,60200,0
60188,-1012,8086,220,106,-3,21,13491,1,5,-2,0,37053,136,27,66,0,0,0,0,0,0,0,0,-32310,0,0,0,0,0,60205,0
60193,-1006,8098,242,102,-7,24,13492,7,0,-2,0,37053,136,27,66,0,0,0,0,0,0,0,0,-32310,0,0,0,0,0,60210,0
60198,-984,8074,246,102,-8,23,13491,-1,-3,-1,0,37053,133,27,66,0,0,0,0,0,0,0,0,-32310,0,0,0,0,0,60215,0
60203,-996,8066,242,103,-5,26,13491,2,4,-1,0,37053,133,27,66,0,0,0,0,0,0,0,0,-32310,0,0,0,0,0,60220,0
60208,-1024,8064,232,102,-6,23,13492,4,-2,-2,0,37052,125,27,66,0,0,0,0,0,0,0,0,-32310,0,0,0,0,0,60225,0
60213,-1012,8090,246,97,0,24,13491,0,1,-1,0,37052,125,27,66,0,0,0,0,0,0,0,0,-32310,0,0,0,0,0,60230,0
60218,-1002,8102,238,104,0,29,13491,-3,5,-1,0,37051,116,27,66,0,0,0,0,0,0,0,0,-32310,0,0,0,0,0,60235,0
60223,-1040,8072,226,101,0,23,13492,0,-1,-2,0,37051,116,27,66,0,0,0,0,0,0,0,0,-32310,0,0,0,0,0,60240,0
60228,-1046,8078,218,99,-7,28,13492,0,-1,-3,0,37050,114,27,66,0,0,0,0,0,0,0,0,-32310,0,0,0,0,0,60245,0
60233,-1026,8062,234,98,0,24,13492,5,2,-3,0,37050,114,27,66,0,0,0,0,0,0,0,0,-32311,0,0,0,0,0,60250,0
60238,-1010,8062,232,99,-1,22,13493,6,-2,-2,0,37049,126,27,66,0,0,0,0,0,0,0,0,-32310,0,0,0,0,0,60255,0
60243,-992,8080,232,95,-3,23,13491,-2,-1,-1,0,37049,126,27,66,0,0,0,0,0,0,0,0,-32310,0,0,0,0,0,60260,0
60248,-1006,8078,222,99,-1,23,13491,-2,1,-2,0,37047,130,27,66,0,0,0,0,0,0,0,0,-32310,0,0,0,0,0,60265,0
60253,-996,8106,230,95,-2,26,13491,0,0,-1,0,37047,130,27,66,0,0,0,0,0,0,0,0,-32310,0,0,0,0,0,60270,0
60258,-1006,8100,226,93,-4,27,13492,4,-2,-4,0,37049,129,27,66,0,0,0,0,0,0,0,0,-32310,0,0,0,0,0,60275,0
60263,-1024,8096,212,98,-4,23,13491,-5,1,-4,0,37049,129,27,66,0,0,0,0,0,0,0,0,-32310,0,0,0,0,0,60280,0
60268,-1014,8084,218,89,-5,28,13492,3,-2,-1,0,37052,120,27,66,0,0,0,0,0,0,0,0,-32310,0,0,0,0,0,60285,0
60273,-1034,8086,212,96,3,28,13492,-1,-3,-1,0,37052,120,27,66,0,0,0,0,0,0,0,0,-32310,0,0,0,0,0,60290,0
60278,-1016,8098,200,94,-1,25,13492,4,-1,-2,0,37053,118,27,66,0,0,0,0,0,0,0,0,-32310,0,0,0,0,0,60295,0
60283,-994,8110,204,90,-3,26,13492,-1,-2,-2,0,37053,118,27,66,0,0,0,0,0,0,0,0,-32310,0,0,0,0,0,60300,0
60288,-1012,8096,182,91,0,23,13491,2,-1,-2,0,37054,121,27,66,0,0,0,0,0,0,0,0,-32310,0,0,0,0,0,60305,0
60293,-998,8082,212,82,-5,27,13493,8,-2,-1,0,37054,121,27,66,0,0,0,0,0,0,0,0,-32310,0,0,0,0,0,60310,0
60298,-1034,8078,220,78,-3,26,13492,3,0,-1,0,37051,125,27,66,0,0,0,0,0,0,0,0,-32310,0,0,0,0,0,60315,0
60303,-1004,8086,194,85,-9,24,13491,-4,-1,0,0,37051,125,27,66,0,0,0,0,0,0,0,0,-32310,0,0,0,0,0,60320,0
60308,-996,8092,188,81,-6,25,13491,-8,0,-1,0,37054,121,27,66,0,0,0,0,0,0,0,0,-32310,0,0,0,0,0,60325,0
60313,-1008,8090,176,83,-8,25,13490,-5,-7,-3,0,37054,121,27,66,0,0,0,0,0,0,0,0,-32310,0,0,0,0,0,60330,0
60318,-990,8094,196,73,-6,23,13492,0,-1,-2,0,37055,108,28,66,0,0,0,0,0,0,0,0,-32310,0,0,0,0,0,60335,0
60323,-1014,8074,186,79,-7,22,13491,-3,2,-2,0,37055,108,28,66,0,0,0,0,0,0,0,0,-32310,0,0,0,0,0,60341,0
60328,-1012,8088,174,70,-8,24,13492,3,3,0,0,37053,105,27,66,0,0,0,0,0,0,0,0,-32310,0,0,0,0,0,60346,0
60333,-1026,8104,188,71,-9,23,13491,1,0,0,0,37053,105,27,66,0,0,0,0,0,0,0,0,-32310,0,0,0,0,0,60351,0
60338,-1010,8098,180,72,-9,23,13491,0,-1,0,0,37050,110,27,66,0,0,0,0,0,0,0,0,-32310,0,0,0,0,0,60356,0
60343,-1008,8110,190,68,-7,19,13491,0,2,-1,0,37050,110,27,66,0,0,0,0,0,0,0,0,-32310,0,0,0,0,0,60361,0
60348,-1036,8096,184,69,-9,19,13491,-4,1,-2,0,37048,111,27,66,0,0,0,0,0,0,0,0,-32310,0,0,0,0,0,60366,0
60353,-994,8092,200,67,-8,19,13491,-2,-1,-2,0,37048,111,27,66,0,0,0,0,0,0,0,0,-32310,0,0,0,0,0,60371,0
60358,-1004,8112,182,66,-6,25,13492,3,0,-1,0,37049,121,27,66,0,0,0,0,0,0,0,0,-32311,0,0,0,0,0,60376,0
60363,-976,8118,184,66,-6,23,13491,0,-2,-2,0,37049,121,27,66,0,0,0,0,0,0,0,0,-32310,0,0,0,0,0,60381,0
60368,-1012,8104,200,59,-9,20,13492,1,4,-3,0,37055,123,27,66,0,0,0,0,0,0,0,0,-32310,0,0,0,0,0,60386,0
60373,-984,8086,176,55,-7,22,13492,2,3,-1,0,37055,123,27,66,0,0,0,0,0,0,0,0,-32310,0,0,0,0,0,60391,0
60378,-986,8094,206,50,-14,22,13492,7,2,-1,0,37057,127,27,66,0,0,0,0,0,0,0,0,-32311,0,0,0,0,0,60396,0
60383,-1022,8084,182,52,-8,19,13492,4,2,-1,0,37057,127,27,66,0,0,0,0,0,0,0,0,-32310,0,0,0,0,0,60401,0
60388,-1036,8106,182,57,-9,20,13490,-9,-2,-1,0,37057,133,27,66,0,0,0,0,0,0,0,0,-32310,0,0,0,0,0,60406,0
60393,-1002,8118,194,51,-9,17,13491,0,3,-2,0,37057,133,27,66,0,0,0,0,0,0,0,0,-32310,0,0,0,0,0,60411,0
60398,-1028,8098,172,53,-8,20,13492,1,2,-2,0,37052,127,27,66,0,0,0,0,0,0,0,0,-32311,0,0,0,0,0,60416,0
60403,-1020,8082,196,46,-13,19,13492,-3,2,-2,0,37052,127,27,66,0,0,0,0,0,0,0,0,-32310,0,0,0,0,0,60421,0
60408,-1000,8082,184,44,-9,23,13492,0,0,-2,0,37051,117,27,66,0,0,0,0,0,0,0,0,-32311,0,0,0,0,0,60426,0
60413,-994,8088,196,43,-15,20,13491,-3,-3,-2,0,37051,117,27,66,0,0,0,0,0,0,0,0,-32311,0,0,0,0,0,60431,0
60418,-978,8094,216,43,-12,18,13491,0,-3,-2,0,37054,121,27,66,0,0,0,0,0,0,0,0,-32310,0,0,0,0,0,60436,0
60423,-1002,8078,196,36,-17,19,13491,-3,-1,-2,0,37054,121,27,66,0,0,0,0,0,0,0,0,-32310,0,0,0,0,0,60441,0
60428,-1036,8112,198,35,-7,19,13491,-1,6,-1,0,37052,117,27,66,0,0,0,0,0,0,0,0,-32310,0,0,0,0,0,60446,0
60433,-1024,8106,202,39,-13,22,13492,0,0,-1,0,37052,117,27,66,0,0,0,0,0,0,0,0,-32310,0,0,0,0,0,60451,0
60438,-1028,8084,194,37,-12,23,13491,-1,1,-1,0,37049,119,27,66,0,0,0,0,0,0,0,0,-32310,0,0,0,0,0,60456,0
60443,-1048,8096,210,35,-14,20,13491,-2,-1,-1,0,37049,119,27,66,0,0,0,0,0,0,0,0,-32310,0,0,0,0,0,60461,0
60448,-1042,8112,216,32,-17,24,13492,0,0,-1,0,37051,120,27,66,0,0,0,0,0,0,0,0,-32311,0,0,0,0,0,60466,0
60453,-1004,8092,238,34,-22,24,13491,0,0,-1,0,37051,120,27,66,0,0,0,0,0,0,0,0,-32311,0,0,0,0,0,60471,0
60458,-1054,8096,242,32,-14,26,13491,-6,1,-2,0,37052,126,27,66,0,0,0,0,0,0,0,0,-32311,0,0,0,0,0,60476,0
60463,-1024,8064,218,34,-17,23,13491,-2,-1,-2,0,37052,126,27,66,0,0,0,0,0,0,0,0,-32310,0,0,0,0,0,60481,0
60468,-976,8088,276,29,-15,27,13491,-3,3,-2,0,37053,122,27,66,0,0,0,0,0,0,0,0,-32311,0,0,0,0,0,60486,0
60473,-1004,8096,264,36,-18,24,13491,-1,3,-3,0,37053,122,27,66,0,0,0,0,0,0,0,0,-32311,0,0,0,0,0,60491,0
60478,-1030,8074,246,27,-11,26,13490,-7,-2,-2,0,37056,122,27,66,0,0,0,0,0,0,0,0,-32310,0,0,0,0,0,60496,0
60483,-1018,8110,274,35,-12,23,13491,-7,2,-2,0,37056,122,27,66,0,0,0,0,0,0,0,0,-32310,0,0,0,0,0,60501,0
60488,-1014,8120,278,37,-13,24,13491,3,5,-1,0,37056,125,27,66,0,0,0,0,0,0,0,0,-32310,0,0,0,0,0,60506,0
60493,-1018,8068,252,33,-14,20,13492,8,3,0,0,37056,125,27,66,0,0,0,0,0,0,0,0,-32310,0,0,0,0,0,60511,0
60498,-1028,8060,258,30,-16,28,13491,-4,-1,-2,0,37057,124,27,66,0,0,0,0,0,0,0,0,-32310,0,0,0,0,0,60516,0
60503,-1038,8062,278,33,-12,23,13492,4,0,-3,0,37057,124,27,66,0,0,0,0,0,0,0,0,-32310,0,0,0,0,0,60521,0
60508,-1024,8074,258,37,-16,24,13492,3,1,-2,0,37052,128,27,66,0,0,0,0,0,0,0,0,-32310,0,0,0,0,0,60526,0
60513,-1034,8110,270,36,-13,28,13491,-1,1,-2,0,37052,128,27,66,0,0,0,0,0,0,0,0,-32310,0,0,0,0,0,60531,0
60518,-1022,8102,276,30,-12,26,13491,-1,-6,-1,0,37051,125,27,66,0,0,0,0,0,0,0,0,-32310,0,0,0,0,0,60536,0
60523,-1014,8068,260,39,-15,26,13490,-2,0,-3,0,37051,125,27,66,0,0,0,0,0,0,0,0,-32310,0,0,0,0,0,60541,0
60528,-1024,8066,282,33,-12,24,13492,0,0,-2,0,37051,129,27,66,0,0,0,0,0,0,0,0,-32310,0,0,0,0,0,60546,0
60533,-1026,8078,284,40,-13,27,13490,0,2,-1,0,37051,129,27,66,0,0,0,0,0,0,0,0,-32311,0,0,0,0,0,60551,0
60538,-1030,8080,280,38,-6,25,13492,3,3,-1,0,37053,133,27,66,0,0,0,0,0,0,0,0,-32311,0,0,0,0,0,60556,0
60543,-1050,8068,256,42,-9,26,13492,4,-6,-1,0,37053,133,27,66,0,0,0,0,0,0,0,0,-32310,0,0,0,0,0,60561,0
60548,-1028,8078,262,35,-10,26,13491,-3,7,-1,0,37054,133,27,66,0,0,0,0,0,0,0,0,-32311,0,0,0,0,0,60566,0
60553,-1020,8050,266,33,-10,30,13490,-5,-4,-2,0,37054,133,27,66,0,0,0,0,0,0,0,0,-32310,0,0,0,0,0,60571,0
60558,-1020,8080,284,36,-15,28,13491,-4,-5,-2,0,37057,127,27,66,0,0,0,0,0,0,0,0,-32310,0,0,0,0,0,60576,0
60563,-1032,8082,276,35,-10,28,13492,3,2,-2,0,37057,127,27,66,0,0,0,0,0,0,0,0,-32310,0,0,0,0,0,60581,0
60568,-1016,8076,264,40,-10,29,13490,-5,-3,-1,0,37056,117,27,66,0,0,0,0,0,0,0,0,-32310,0,0,0,0,0,60586,0
60573,-1042,8084,280,37,-14,35,13490,-1,0,-1,0,37056,117,27,66,0,0,0,0,0,0,0,0,-32310,0,0,0,0,0,60591,0
60578,-1060,8074,270,32,-16,33,13491,2,2,0,0,37055,112,27,66,0,0,0,0,0,0,0,0,-32310,0,0,0,0,0,60596,0
60583,-1032,8084,264,36,-14,33,13492,3,1,0,0,37055,112,27,66,0,0,0,0,0,0,0,0,-32310,0,0,0,0,0,60601,0
60588,-1036,8082,272,37,-10,33,13491,0,2,-2,0,37056,122,27,66,0,0,0,0,0,0,0,0,-32310,0,0,0,0,0,60606,0
60593,-1032,8058,268,35,-13,32,13492,-4,-1,-3,0,37056,122,27,66,0,0,0,0,0,0,0,0,-32310,0,0,0,0,0,60611,0
60598,-1000,8104,282,33,-11,33,13492,7,1,-2,0,37056,125,27,66,0,0,0,0,0,0,0,0,-32311,0,0,0,0,0,60616,0
60603,-1006,8070,286,36,-13,28,13491,0,-4,-1,0,37056,125,27,66,0,0,0,0,0,0,0,0,-32310,0,0,0,0,0,60621,0
60608,-998,8064,268,33,-12,32,13491,-2,-3,-1,0,37052,128,27,66,0,0,0,0,0,0,0,0,-32310,0,0,0,0,0,60626,0
60613,-990,8068,268,38,-10,31,13491,0,-1,-2,0,37052,128,27,66,0,0,0,0,0,0,0,0,-32310,0,0,0,0,0,60631,0
60618,-976,8104,284,35,-11,35,13491,-4,0,-3,0,37048,118,27,66,0,0,0,0,0,0,0,0,-32310,0,0,0,0,0,60636,0
60623,-974,8090,256,40,-6,30,13492,1,3,-1,0,37048,118,27,66,0,0,0,0,0,0,0,0,-32310,0,0,0,0,0,60641,0
60628,-1010,8080,274,33,-11,26,13492,1,4,-4,0,37050,116,27,66,0,0,0,0,0,0,0,0,-32310,0,0,0,0,0,60646,0
60633,-986,8114,282,35,-13,27,13492,-3,1,-1,0,37050,116,27,66,0,0,0,0,0,0,0,0,-32310,0,0,0,0,0,60651,0
60638,-1004,8084,262,37,-12,27,13492,-2,1,0,0,37051,126,27,66,0,0,0,0,0,0,0,0,-32310,0,0,0,0,0,60656,0
60643,-998,8074,262,38,-16,22,13492,-7,-1,-1,0,37051,126,27,66,0,0,0,0,0,0,0,0,-32310,0,0,0,0,0,60661,0
60648,-998,8104,262,38,-12,27,13491,0,-1,-1,0,37050,127,27,66,0,0,0,0,0,0,0,0,-32310,0,0,0,0,0,60666,0
60653,-1006,8106,282,39,-14,23,13492,7,-2,-2,0,37050,127,27,66,0,0,0,0,0,0,0,0,-32311,0,0,0,0,0,60671,0
60658,-998,8088,286,32,-11,24,13491,-1,-1,-2,0,37047,120,27,66,0,0,0,0,0,0,0,0,-32311,0,0,0,0,0,60676,0
60663,-980,8092,290,39,-9,23,13492,0,3,-2,0,37047,120,27,66,0,0,0,0,0,0,0,0,-32310,0,0,0,0,0,60681,0
60668,-994,8100,290,30,-6,22,13491,-1,-3,-2,0,37048,119,27,66,0,0,0,0,0,0,0,0,-32310,0,0,0,0,0,60686,0
60673,-1008,8082,282,36,-13,25,13492,0,0,-1,0,37048,119,27,66,0,0,0,0,0,0,0,0,-32310,0,0,0,0,0,60691,0
60678,-1030,8084,298,42,-15,22,13492,0,0,0,0,37057,124,28,66,0,0,0,0,0,0,0,0,-32310,0,0,0,0,0,60696,0
60683,-1028,8100,274,33,-4,18,13491,-5,-3,-1,0,37057,124,28,66,0,0,0,0,0,0,0,0,-32310,0,0,0,0,0,60701,0
60688,-988,8100,284,35,-13,23,13491,-5,-1,-3,0,37068,124,27,66,0,0,0,0,0,0,0,0,-32310,0,0,0,0,0,60706,0
60693,-1008,8090,268,34,-14,18,13491,-3,-3,0,0,37068,124,27,66,0,0,0,0,0,0,0,0,-32310,0,0,0,0,0,60711,0
60698,-1008,8074,296,33,-12,19,13491,-4,0,-1,0,37066,118,27,66,0,0,0,0,0,0,0,0,-32310,0,0,0,0,0,60716,0
60703,-994,8082,288,29,-10,13,13492,3,1,-2,0,37066,118,27,66,0,0,0,0,0,0,0,0,-32310,0,0,0,0,0,60721,0
60708,-1022,8098,284,37,-11,21,13491,3,-3,-2,0,37061,108,27,66,0,0,0,0,0,0,0,0,-32310,0,0,0,0,0,60726,0
60713,-992,8082,298,31,-14,20,13491,0,1,-3,0,37061,108,27,66,0,0,0,0,0,0,0,0,-32310,0,0,0,0,0,60731,0
60718,-1046,8058,280,34,-16,20,13491,2,3,-3,0,37052,110,27,66,0,0,0,0,0,0,0,0,-32310,0,0,0,0,0,60736,0
60723,-1012,8052,292,30,-13,18,13492,1,1,-2,0,37052,110,27,66,0,0,0,0,0,0,0,0,-32310,0,0,0,0,0,60741,0
60728,-1018,8082,280,30,-15,16,13492,3,3,-1,0,37051,123,27,66,0,0,0,0,0,0,0,0,-32310,0,0,0,0,0,60746,0
60733,-1040,8098,296,31,-12,16,13491,-5,-3,-1,0,37051,123,27,66,0,0,0,0,0,0,0,0,-32310,0,0,0,0,0,60751,0
60738,-1020,8074,306,33,-10,20,13492,-1,1,-1,0,37049,122,27,66,0,0,0,0,0,0,0,0,-32310,0,0,0,0,0,60756,0
60743,-1034,8060,268,37,-12,19,13491,3,-3,-1,0,37049,122,27,66,0,0,0,0,0,0,0,0,-32310,0,0,0,0,0,60761,0
60748,-1040,8086,276,26,-11,22,13492,5,-2,-2,0,37048,124,27,66,0,0,0,0,0,0,0,0,-32310,0,0,0,0,0,60766,0
60753,-1036,8060,280,26,-12,22,13491,-1,2,-2,0,37048,124,27,66,0,0,0,0,0,0,0,0,-32310,0,0,0,0,0,60771,0
60758,-1038,8080,276,33,-12,26,13491,-1,-2,-1,0,37051,118,27,66,0,0,0,0,0,0,0,0,-32310,0,0,0,0,0,60776,0
60763,-1062,8074,282,26,-11,30,13491,-4,-2,-3,0,37051,118,27,66,0,0,0,0,0,0,0,0,-32310,0,0,0,0,0,60781,0
60768,-1080,8066,270,24,-12,23,13491,1,-1,-2,0,37050,120,27,66,0,0,0,0,0,0,0,0,-32310,0,0,0,0,0,60786,0
60773,-1078,8082,262,29,-14,26,13491,-4,-1,-4,0,37050,120,27,66,0,0,0,0,0,0,0,0,-32310,0,0,0,0,0,60791,0
60778,-1080,8068,266,29,-11,32,13492,4,4,-2,0,37049,127,27,66,0,0,0,0,0,0,0,0,-32311,0,0,0,0,0,60796,0
60783,-1080,8098,270,34,-10,32,13492,3,0,-1,0,37049,127,27,66,0,0,0,0,0,0,0,0,-32310,0,0,0,0,0,60801,0
60788,-1094,8088,278,24,-14,37,13491,0,2,1,0,37051,122,27,66,0,0,0,0,0,0,0,0,-32311,0,0,0,0,0,60806,0
60793,-1118,8076,260,27,-10,36,13492,0,0,0,0,37051,122,27,66,0,0,0,0,0,0,0,0,-32310,0,0,0,0,0,60811,0
60798,-1088,8064,278,28,-13,39,13491,0,1,-2,0,37052,125,27,66,0,0,0,0,0,0,0,0,-32310,0,0,0,0,0,60816,0
60803,-1090,8092,246,20,-14,38,13492,-1,4,-2,0,37052,125,27,66,0,0,0,0,0,0,0,0,-32310,0,0,0,0,0,60821,0
60808,-1058,8074,250,22,-17,46,13491,-5,-3,-3,0,37053,122,27,66,0,0,0,0,0,0,0,0,-32310,0,0,0,0,0,60826,0
60813,-1084,8060,284,18,-14,49,13491,-1,-2,-3,0,37053,122,27,66,0,0,0,0,0,0,0,0,-32311,0,0,0,0,0,60831,0
60818,-1092,8058,282,23,-13,45,13492,3,1,-3,0,37051,121,27,66,0,0,0,0,0,0,0,0,-32310,0,0,0,0,0,60836,0
60823,-1062,8092,272,14,-20,44,13491,-1,1,-1,0,37051,121,27,66,0,0,0,0,0,0,0,0,-32310,0,0,0,0,0,60841,0
60828,-1054,8084,256,16,-13,53,13493,4,5,-1,0,37050,125,27,66,0,0,0,0,0,0,0,0,-32311,0,0,0,0,0,60846,0
60833,-1030,8100,274,17,-17,48,13491,-4,2,-2,0,37050,125,27,66,0,0,0,0,0,0,0,0,-32310,0,0,0,0,0,60851,0
60838,-1046,8072,276,15,-16,54,13491,1,0,-1,0,37049,122,27,66,0,0,0,0,0,0,0,0,-32310,0,0,0,0,0,60856,0
60843,-1050,8118,292,9,-19,55,13492,5,1,-2,0,37049,122,27,66,0,0,0,0,0,0,0,0,-32310,0,0,0,0,0,60861,0
60848,-1020,8094,278,10,-15,56,13490,-1,3,-2,0,37048,118,27,66,0,0,0,0,0,0,0,0,-32310,0,0,0,0,0,60866,0
60853,-1024,8090,282,15,-19,56,13492,5,1,-2,0,37048,118,27,66,0,0,0,0,0,0,0,0,-32311,0,0,0,0,0,60871,0
60858,-1012,8092,272,6,-20,51,13491,0,1,-2,0,37048,121,27,66,0,0,0,0,0,0,0,0,-32310,0,0,0,0,0,60876,0
60863,-1012,8082,310,9,-15,57,13493,9,6,-1,0,37048,121,27,66,0,0,0,0,0,0,0,0,-32310,0,0,0,0,0,60881,0
60868,-982,8064,298,7,-16,58,13491,0,-2,-2,0,37048,127,27,66,0,0,0,0,0,0,0,0,-32310,0,0,0,0,0,60886,0
60873,-1004,8080,296,2,-18,53,13492,-4,1,-2,0,37048,127,27,66,0,0,0,0,0,0,0,0,-32310,0,0,0,0,0,60891,0
60878,-984,8104,298,6,-22,56,13492,-3,-3,-2,0,37050,128,27,66,0,0,0,0,0,0,0,0,-32310,0,0,0,0,0,60896,0
60883,-1004,8084,310,2,-16,55,13491,0,0,-1,0,37050,128,27,66,0,0,0,0,0,0,0,0,-32310,0,0,0,0,0,60901,0
60888,-994,8086,318,6,-17,47,13491,-5,-2,-2,0,37049,123,27,66,0,0,0,0,0,0,0,0,-32310,0,0,0,0,0,60906,0
60893,-986,8088,298,-1,-19,53,13492,0,-5,0,0,37049,123,27,66,0,0,0,0,0,0,0,0,-32310,0,0,0,0,0,60911,0
60898,-962,8084,292,1,-19,52,13491,-1,1,0,0,37055,120,27,66,0,0,0,0,0,0,0,0,-32310,0,0,0,0,0,60916,0
60903,-978,8082,316,-5,-15,49,13492,0,2,-1,0,37055,120,27,66,0,0,0,0,0,0,0,0,-32310,0,0,0,0,0,60921,0
60908,-956,8106,312,2,-20,49,13491,-4,-3,-1,0,37054,122,27,66,0,0,0,0,0,0,0,0,-32310,0,0,0,0,0,60926,0
60913,-960,8084,304,0,-14,47,13491,-1,3,-2,0,37054,122,27,66,0,0,0,0,0,0,0,0,-32311,0,0,0,0,0,60931,0
60918,-930,8108,324,2,-16,46,13492,6,-4,-4,0,37053,114,27,66,0,0,0,0,0,0,0,0,-32310,0,0,0,0,0,60936,0
60923,-968,8082,306,-5,-19,49,13491,-4,1,-2,0,37053,114,27,66,0,0,0,0,0,0,0,0,-32310,0,0,0,0,0,60941,0
60928,-952,8092,312,-8,-16,39,13491,0,-3,-2,0,37048,113,27,66,0,0,0,0,0,0,0,0,-32310,0,0,0,0,0,60946,0
60933,-930,8108,290,-7,-10,37,13492,1,0,-1,0,37048,113,27,66,0,0,0,0,0,0,0,0,-32311,0,0,0,0,0,60951,0
60938,-928,8110,308,-8,-16,37,13491,2,2,0,0,37049,116,27,66,0,0,0,0,0,0,0,0,-32310,0,0,0,0,0,60956,0
60943,-942,8100,282,-6,-15,33,13491,0,0,-1,0,37049,116,27,66,0,0,0,0,0,0,0,0,-32310,0,0,0,0,0,60961,0
60948,-964,8096,318,-8,-18,33,13491,-5,-1,-1,0,37048,120,27,66,0,0,0,0,0,0,0,0,-32310,0,0,0,0,0,60966,0
60953,-946,8100,318,-8,-15,30,13490,0,0,-2,0,37048,120,27,66,0,0,0,0,0,0,0,0,-32310,0,0,0,0,0,60971,0
60958,-954,8094,316,-4,-19,26,13491,-3,3,-1,0,37046,114,27,66,0,0,0,0,0,0,0,0,-32310,0,0,0,0,0,60976,0
60963,-956,8110,320,-9,-17,24,13490,1,-1,-2,0,37046,114,27,66,0,0,0,0,0,0,0,0,-32310,0,0,0,0,0,60981,0
60968,-968,8116,320,-16,-13,24,13492,2,5,-3,0,37047,114,27,66,0,0,0,0,0,0,0,0,-32310,0,0,0,0,0,60986,0
60973,-962,8108,292,-13,-22,25,13492,2,1,-1,0,37047,114,27,66,0,0,0,0,0,0,0,0,-32310,0,0,0,0,0,60991,0
60978,-968,8072,318,-12,-14,27,13491,0,-1,-1,0,37049,117,27,66,0,0,0,0,0,0,0,0,-32310,0,0,0,0,0,60996,0
60983,-966,8078,344,-13,-17,26,13491,1,-2,-2,0,37049,117,27,66,0,0,0,0,0,0,0,0,-32310,0,0,0,0,0,61001,0
60988,-974,8076,342,-14,-11,22,13493,0,-4,-3,0,37051,121,27,66,0,0,0,0,0,0,0,0,-32310,0,0,0,0,0,61006,0
60993,-980,8086,308,-20,-12,19,13490,0,2,-1,0,37051,121,27,66,0,0,0,0,0,0,0,0,-32310,0,0,0,0,0,61011,0
60998,-952,8076,314,-22,-13,17,13491,0,2,0,0,37052,114,27,66,0,0,0,0,0,0,0,0,-32310,0,0,0,0,0,61016,0
61003,-976,8098,310,-25,-16,22,13490,-6,-2,-1,0,37052,114,27,66,0,0,0,0,0,0,0,0,-32310,0,0,0,0,0,61021,0
61008,-960,8106,328,-26,-17,15,13492,5,0,-1,0,37053,107,27,66,0,0,0,0,0,0,0,0,-32310,0,0,0,0,0,61026,0
61013,-962,8116,314,-26,-8,12,13491,-4,1,-2,0,37053,107,27,66,0,0,0,0,0,0,0,0,-32310,0,0,0,0,0,61031,0
61018,-974,8116,314,-28,-11,12,13492,1,0,-3,0,37054,110,27,66,0,0,0,0,0,0,0,0,-32310,0,0,0,0,0,61036,0
61023,-952,8116,326,-28,-13,15,13490,-4,-2,-2,0,37054,110,27,66,0,0,0,0,0,0,0,0,-32310,0,0,0,0,0,61041,0
61028,-972,8084,332,-31,-16,12,13492,-1,-2,0,0,37053,124,27,66,0,0,0,0,0,0,0,0,-32310,0,0,0,0,0,61046,0
61033,-962,8104,328,-30,-12,8,13492,5,-2,0,0,37053,124,27,66,0,0,0,0,0,0,0,0,-32310,0,0,0,0,0,61051,0
61038,-972,8106,322,-35,-7,6,13491,0,3,0,0,37048,132,27,66,0,0,0,0,0,0,0,0,-32310,0,0,0,0,0,61056,0
61043,-966,8100,284,-36,-5,5,13490,-9,0,-1,0,37048,132,27,66,0,0,0,0,0,0,0,0,-32310,0,0,0,0,0,61061,0
61048,-956,8112,298,-45,-11,7,13492,2,-4,-2,0,37048,125,27,66,0,0,0,0,0,0,0,0,-32310,0,0,0,0,0,61066,0
61053,-960,8098,316,-44,-8,2,13491,0,3,-2,0,37048,125,27,66,0,0,0,0,0,0,0,0,-32310,0,0,0,0,0,61071,0
61058,-924,8120,310,-45,-9,3,13491,-3,1,-1,0,37051,109,27,66,0,0,0,0,0,0,0,0,-32311,0,0,0,0,0,61076,0
61063,-984,8104,292,-45,-5,1,13490,-5,-1,-1,0,37051,109,27,66,0,0,0,0,0,0,0,0,-32310,0,0,0,0,0,61081,0
61068,-1038,8088,276,-54,-6,3,13491,-3,4,-3,0,37049,101,27,66,0,0,0,0,0,0,0,0,-32311,0,0,0,0,0,61086,0
61073,-1046,8078,264,-56,-3,2,13492,-4,1,-2,0,37049,101,27,66,0,0,0,0,0,0,0,0,-32310,0,0,0,0,0,61091,0
61078,-1054,8164,284,-57,-11,5,13492,0,1,-1,0,37047,111,27,66,0,0,0,0,0,0,0,0,-32310,0,0,0,0,0,61096,0
61083,-1072,8154,228,-58,-16,3,13492,6,3,-1,0,37047,111,27,66,0,0,0,0,0,0,0,0,-32310,0,0,0,0,0,61101,0
61088,-1130,8000,228,-65,-21,5,13492,8,-3,-2,0,37048,125,27,66,0,0,0,0,0,0,0,0,-32310,0,0,0,0,0,61106,0
61093,-1084,8006,240,-70,-24,8,13492,6,5,-2,0,37048,125,27,66,0,0,0,0,0,0,0,0,-32310,0,0,0,0,0,61111,0
61098,-1044,8044,290,-78,-30,10,13492,5,2,-3,0,37047,124,27,66,0,0,0,0,0,0,0,0,-32310,0,0,0,0,0,61116,0
61103,-1114,8086,274,-76,-29,10,13491,-1,-2,0,0,37047,124,27,66,0,0,0,0,0,0,0,0,-32310,0,0,0,0,0,61121,0
61108,-1024,8102,348,-86,-24,14,13491,-2,-2,0,0,37049,122,27,66,0,0,0,0,0,0,0,0,-32310,0,0,0,0,0,61126,0
61113,-1008,8114,372,-85,-24,14,13492,3,-3,-3,0,37049,122,27,66,0,0,0,0,0,0,0,0,-32311,0,0,0,0,0,61131,0
61118,-1050,8096,360,-85,-22,15,13492,5,1,-3,0,37050,125,27,66,0,0,0,0,0,0,0,0,-32311,0,0,0,0,0,61136,0
61123,-1060,8086,340,-90,-16,22,13491,1,1,-2,0,37050,125,27,66,0,0,0,0,0,0,0,0,-32310,0,0,0,0,0,61141,0
61128,-1062,8088,320,-95,-14,25,13491,0,1,-3,0,37052,132,27,66,0,0,0,0,0,0,0,0,-32310,0,0,0,0,0,61146,0
61133,-1082,8110,356,-104,-12,22,13491,-6,-3,-2,0,37052,132,27,66,0,0,0,0,0,0,0,0,-32310,0,0,0,0,0,61151,0
61138,-1092,8140,310,-101,-15,28,13492,-2,-2,0,0,37050,127,27,66,0,0,0,0,0,0,0,0,-32310,0,0,0,0,0,61156,0
61143,-1096,8064,310,-105,-19,26,13491,0,-1,-1,0,37050,127,27,66,0,0,0,0,0,0,0,0,-32310,0,0,0,0,0,61161,0
61148,-1048,8050,294,-109,-21,29,13492,0,-1,-2,0,37047,121,27,66,0,0,0,0,0,0,0,0,-32310,0,0,0,0,0,61166,0
61153,-1048,8064,318,-111,-26,29,13492,6,0,-3,0,37047,121,27,66,0,0,0,0,0,0,0,0,-32310,0,0,0,0,0,61171,0
61158,-1060,8094,336,-117,-29,30,13491,1,3,-3,0,37045,120,27,66,0,0,0,0,0,0,0,0,-32311,0,0,0,0,0,61176,0
61163,-1100,8098,332,-117,-33,31,13492,1,1,-2,0,37045,120,27,66,0,0,0,0,0,0,0,0,-32310,0,0,0,0,0,61181,0
61168,-1092,8100,368,-120,-33,33,13491,2,-2,-3,0,37046,128,27,66,0,0,0,0,0,0,0,0,-32311,0,0,0,0,0,61186,0
61173,-1080,8090,372,-126,-35,34,13492,0,2,-2,0,37046,128,27,66,0,0,0,0,0,0,0,0,-32310,0,0,0,0,0,61191,0
61178,-1090,8108,358,-124,-32,40,13491,-1,1,-2,0,37048,126,27,66,0,0,0,0,0,0,0,0,-32310,0,0,0,0,0,61196,0
61183,-1062,8086,402,-128,-34,38,13492,1,-1,-2,0,37048,126,27,66,0,0,0,0,0,0,0,0,-32310,0,0,0,0,0,61201,0
61188,-1038,8076,418,-133,-36,41,13490,-5,1,-1,0,37049,122,27,66,0,0,0,0,0,0,0,0,-32310,0,0,0,0,0,61206,0
61193,-964,8078,422,-141,-35,39,13491,1,2,-1,0,37049,122,27,66,0,0,0,0,0,0,0,0,-32310,0,0,0,0,0,61211,0
61198,-984,8088,444,-134,-34,46,13492,-1,-2,-2,0,37048,123,27,66,0,0,0,0,0,0,0,0,-32310,0,0,0,0,0,61216,0
61203,-958,8092,434,-138,-24,41,13492,3,5,-2,0,37048,123,27,66,0,0,0,0,0,0,0,0,-32310,0,0,0,0,0,61221,0
61208,-942,8084,458,-143,-17,42,13491,0,2,-3,0,37054,120,27,66,0,0,0,0,0,0,0,0,-32310,0,0,0,0,0,61226,0
61213,-926,8106,444,-142,-19,39,13492,3,0,-2,0,37054,120,27,66,0,0,0,0,0,0,0,0,-32310,0,0,0,0,0,61231,0
61218,-948,8116,424,-145,-19,38,13491,-2,-1,-2,0,37054,120,27,66,0,0,0,0,0,0,0,0,-32310,0,0,0,0,0,61236,0
61223,-880,8132,448,-143,-18,40,13491,-7,3,0,0,37054,120,27,66,0,0,0,0,0,0,0,0,-32310,0,0,0,0,0,61241,0
61228,-960,8048,444,-145,-17,33,13491,0,0,-3,0,37054,121,27,66,0,0,0,0,0,0,0,0,-32310,0,0,0,0,0,61246,0
61233,-980,8074,438,-153,-24,32,13493,0,-2,-2,0,37054,121,27,66,0,0,0,0,0,0,0,0,-32310,0,0,0,0,0,61251,0
61238,-1002,8074,444,-154,-24,26,13491,0,2,0,0,37052,121,27,66,0,0,0,0,0,0,0,0,-32310,0,0,0,0,0,61256,0
61243,-980,8106,432,-149,-28,27,13492,0,1,-2,0,37052,121,27,66,0,0,0,0,0,0,0,0,-32310,0,0,0,0,0,61261,0
61248,-950,8100,494,-157,-37,22,13492,-1,-1,-3,0,37046,120,27,66,0,0,0,0,0,0,0,0,-32310,0,0,0,0,0,61266,0
61253,-962,8096,480,-160,-35,20,13492,0,1,-2,0,37046,120,27,66,0,0,0,0,0,0,0,0,-32310,0,0,0,0,0,61271,0
61258,-932,8096,508,-163,-34,19,13492,7,-1,-3,0,37045,125,27,66,0,0,0,0,0,0,0,0,-32310,0,0,0,0,0,61276,0
61263,-968,8110,472,-156,-28,20,13492,-1,-2,-3,0,37045,125,27,66,0,0,0,0,0,0,0,0,-32310,0,0,0,0,0,61281,0
61268,-834,8074,514,-168,-27,18,13492,4,1,-2,0,37045,125,27,66,0,0,0,0,0,0,0,0,-32310,0,0,0,0,0,61286,0
61273,-898,8074,536,-166,-17,12,13491,-2,-3,-2,0,37045,125,27,66,0,0,0,0,0,0,0,0,-32310,0,0,0,0,0,61291,0
61278,-986,8050,518,-171,-23,9,13491,1,-2,-2,0,37048,126,27,66,0,0,0,0,0,0,0,0,-32310,0,0,0,0,0,61296,0
61283,-1026,8080,470,-172,-20,11,13492,0,-1,-1,0,37048,126,27,66,0,0,0,0,0,0,0,0,-32310,0,0,0,0,0,61301,0
61288,-1034,8138,440,-180,-15,13,13492,0,-1,-1,0,37050,121,27,66,0,0,0,0,0,0,0,0,-32310,0,0,0,0,0,61306,0
61293,-1004,8136,432,-182,-17,19,13491,1,2,-2,0,37050,121,27,66,0,0,0,0,0,0,0,0,-32310,0,0,0,0,0,61311,0
61298,-1102,8094,452,-183,-27,17,13491,3,-4,-3,0,37052,122,27,66,0,0,0,0,0,0,0,0,-32310,0,0,0,0,0,61316,0
61303,-1172,8052,454,-183,-28,15,13491,-5,-1,-3,0,37052,122,27,66,0,0,0,0,0,0,0,0,-32310,0,0,0,0,0,61321,0
61308,-1146,8000,456,-193,-41,28,13491,-3,3,0,0,37053,117,27,66,0,0,0,0,0,0,0,0,-32310,0,0,0,0,0,61326,0
61313,-1142,8036,462,-195,-45,23,13491,-8,-2,0,0,37053,117,27,66,0,0,0,0,0,0,0,0,-32310,0,0,0,0,0,61331,0
61318,-1164,8106,468,-193,-44,31,13492,9,-4,-3,0,37055,122,27,66,0,0,0,0,0,0,0,0,-32310,0,0,0,0,0,61336,0
61323,-1082,8112,458,-196,-43,38,13492,7,-1,-2,0,37055,122,27,66,0,0,0,0,0,0,0,0,-32310,0,0,0,0,0,61342,0
61328,-1162,8020,520,-205,-51,40,13492,1,3,-3,0,37053,127,27,66,0,0,0,0,0,0,0,0,-32310,0,0,0,0,0,61347,0
61333,-1124,8000,536,-205,-54,49,13491,-3,-4,-1,0,37053,127,27,66,0,0,0,0,0,0,0,0,-32310,0,0,0,0,0,61352,0
61338,-1054,7986,546,-205,-50,51,13491,-3,1,0,0,37050,134,27,66,0,0,0,0,0,0,0,0,-32310,0,0,0,0,0,61357,0
61343,-1018,8002,562,-209,-51,46,13491,-1,-2,-1,0,37050,134,27,66,0,0,0,0,0,0,0,0,-32310,0,0,0,0,0,61362,0
61348,-950,8134,648,-220,-52,53,13491,0,-2,-1,0,37048,133,27,66,0,0,0,0,0,0,0,0,-32310,0,0,0,0,0,61367,0
61353,-948,8162,598,-222,-35,52,13492,1,2,-1,0,37048,133,27,66,0,0,0,0,0,0,0,0,-32310,0,0,0,0,0,61372,0
61358,-976,8164,532,-217,-37,51,13491,2,6,-2,0,37048,122,27,66,0,0,0,0,0,0,0,0,-32310,0,0,0,0,0,61377,0
61363,-994,8116,548,-224,-33,51,13492,2,-2,-2,0,37048,122,27,66,0,0,0,0,0,0,0,0,-32310,0,0,0,0,0,61382,0
61368,-1110,7992,610,-220,-53,50,13491,-3,0,-3,0,37048,121,27,66,0,0,0,0,0,0,0,0,-32310,0,0,0,0,0,61387,0
61373,-1106,7980,618,-218,-69,46,13492,5,4,-2,0,37048,121,27,66,0,0,0,0,0,0,0,0,-32310,0,0,0,0,0,61392,0
61378,-1054,7948,640,-222,-79,45,13491,-1,1,-1,0,37048,109,27,66,0,0,0,0,0,0,0,0,-32310,0,0,0,0,0,61397,0
61383,-930,7968,654,-225,-75,46,13492,1,3,-1,0,37048,109,27,66,0,0,0,0,0,0,0,0,-32310,0,0,0,0,0,61402,0
61388,-874,8124,668,-229,-60,44,13491,0,-2,-1,0,37048,120,27,66,0,0,0,0,0,0,0,0,-32310,0,0,0,0,0,61407,0
61393,-928,8122,680,-232,-44,43,13492,1,0,-2,0,37048,120,27,66,0,0,0,0,0,0,0,0,-32310,0,0,0,0,0,61412,0
61398,-952,8156,704,-235,-36,43,13492,-3,-4,-2,0,37048,116,27,66,0,0,0,0,0,0,0,0,-32310,0,0,0,0,0,61417,0
61403,-950,8108,700,-238,-31,48,13490,-2,-1,-1,0,37048,116,27,66,0,0,0,0,0,0,0,0,-32310,0,0,0,0,0,61422,0
61408,-990,8010,656,-238,-41,46,13491,1,2,-1,0,37049,117,27,66,0,0,0,0,0,0,0,0,-32310,0,0,0,0,0,61427,0
61413,-1076,7994,632,-239,-38,44,13492,4,-2,-3,0,37049,117,27,66,0,0,0,0,0,0,0,0,-32310,0,0,0,0,0,61432,0
61418,-1128,7982,656,-243,-44,48,13491,0,4,-2,0,37051,118,27,66,0,0,0,0,0,0,0,0,-32310,0,0,0,0,0,61437,0
61423,-1164,7988,632,-244,-50,48,13490,-6,1,-2,0,37051,118,27,66,0,0,0,0,0,0,0,0,-32310,0,0,0,0,0,61442,0
61428,-1162,8036,652,-245,-59,52,13491,-4,-5,-2,0,37052,122,27,66,0,0,0,0,0,0,0,0,-32310,0,0,0,0,0,61447,0
61433,-1122,8074,656,-245,-65,56,13491,1,-1,-1,0,37052,122,27,66,0,0,0,0,0,0,0,0,-32310,0,0,0,0,0,61452,0
61438,-1120,8044,714,-250,-67,60,13492,7,3,0,0,37052,116,27,66,0,0,0,0,0,0,0,0,-32310,0,0,0,0,0,61457,0
61443,-1080,8030,710,-243,-63,59,13492,0,1,0,0,37052,116,27,66,0,0,0,0,0,0,0,0,-32310,0,0,0,0,0,61462,0
61448,-984,8018,760,-253,-66,66,13491,-6,-2,-1,0,37050,120,27,66,0,0,0,0,0,0,0,0,-32310,0,0,0,0,0,61467,0
61453,-984,8052,764,-253,-67,67,13492,8,1,-2,0,37050,120,27,66,0,0,0,0,0,0,0,0,-32310,0,0,0,0,0,61472,0
61458,-958,8062,752,-246,-60,64,13490,-3,-3,-1,0,37047,122,27,66,0,0,0,0,0,0,0,0,-32310,0,0,0,0,0,61477,0
61463,-966,8044,798,-248,-57,65,13493,4,-1,-1,0,37047,122,27,66,0,0,0,0,0,0,0,0,-32310,0,0,0,0,0,61482,0
61468,-958,8042,818,-256,-53,66,13491,-2,3,-1,0,37046,127,27,66,0,0,0,0,0,0,0,0,-32311,0,0,0,0,0,61487,0
61473,-936,8044,794,-255,-57,65,13492,5,3,-1,0,37046,127,27,66,0,0,0,0,0,0,0,0,-32310,0,0,0,0,0,61492,0
61478,-948,8018,814,-253,-54,66,13491,-4,-5,-3,0,37047,129,27,66,0,0,0,0,0,0,0,0,-32310,0,0,0,0,0,61497,0
61483,-946,8048,848,-246,-59,61,13492,1,-3,-1,0,37047,129,27,66,0,0,0,0,0,0,0,0,-32310,0,0,0,0,0,61502,0
61488,-910,8018,852,-249,-61,58,13491,0,1,-1,0,37047,129,27,66,0,0,0,0,0,0,0,0,-32310,0,0,0,0,0,61507,0
61493,-902,8038,852,-248,-58,52,13492,0,4,0,0,37047,129,27,66,0,0,0,0,0,0,0,0,-32310,0,0,0,0,0,61512,0
61498,-868,8032,892,-247,-67,48,13492,4,-3,-2,0,37048,126,27,66,0,0,0,0,0,0,0,0,-32310,0,0,0,0,0,61517,0
61503,-842,8054,930,-245,-68,50,13492,0,4,-2,0,37048,126,27,66,0,0,0,0,0,0,0,0,-32310,0,0,0,0,0,61522,0
61508,-842,8058,958,-245,-67,40,13492,1,-2,-1,0,37048,126,27,66,0,0,0,0,0,0,0,0,-32310,0,0,0,0,0,61527,0
61513,-844,8020,980,-238,-60,36,13492,1,0,-2,0,37048,126,27,66,0,0,0,0,0,0,0,0,-32310,0,0,0,0,0,61532,0
61518,-826,8028,1002,-233,-60,36,13491,-2,-1,-2,0,37046,123,27,66,0,0,0,0,0,0,0,0,-32310,0,0,0,0,0,61537,0
61523,-830,8050,1010,-233,-57,34,13491,-8,-3,-4,0,37046,123,27,66,0,0,0,0,0,0,0,0,-32310,0,0,0,0,0,61542,0
61528,-794,8086,988,-230,-52,25,13491,-2,-2,-2,0,37049,126,27,66,0,0,0,0,0,0,0,0,-32310,0,0,0,0,0,61547,0
61533,-924,8036,1000,-226,-55,16,13491,-6,1,-3,0,37049,126,27,66,0,0,0,0,0,0,0,0,-32310,0,0,0,0,0,61552,0
61538,-916,7960,1004,-222,-53,17,13491,4,3,-1,0,37052,122,27,66,0,0,0,0,0,0,0,0,-32310,0,0,0,0,0,61557,0
61543,-886,7960,1036,-221,-57,21,13491,-6,-2,-1,0,37052,122,27,66,0,0,0,0,0,0,0,0,-32310,0,0,0,0,0,61562,0
61548,-844,8038,1066,-209,-61,12,13491,-1,3,0,0,37053,113,27,66,0,0,0,0,0,0,0,0,-32310,0,0,0,0,0,61567,0
61553,-884,8032,1038,-202,-52,6,13492,1,-1,-1,0,37053,113,27,66,0,0,0,0,0,0,0,0,-32310,0,0,0,0,0,61572,0
61558,-916,8002,1068,-202,-50,9,13491,-2,0,-2,0,37050,107,27,66,0,0,0,0,0,0,0,0,-32310,0,0,0,0,0,61577,0
61563,-918,7976,1056,-204,-49,9,13492,5,-1,-1,0,37050,107,27,66,0,0,0,0,0,0,0,0,-32310,0,0,0,0,0,61582,0
61568,-928,7976,1094,-193,-44,3,13491,-3,-1,-1,0,37051,116,27,66,0,0,0,0,0,0,0,0,-32310,0,0,0,0,0,61587,0
61573,-868,7992,1104,-193,-42,6,13491,-10,1,0,0,37051,116,27,66,0,0,0,0,0,0,0,0,-32310,0,0,0,0,0,61592,0
61578,-882,8036,1138,-187,-41,-2,13490,0,-2,-1,0,37050,113,27,66,0,0,0,0,0,0,0,0,-32310,0,0,0,0,0,61597,0
61583,-980,8024,1082,-181,-45,-7,13491,0,-8,-2,0,37050,113,27,66,0,0,0,0,0,0,0,0,-32310,0,0,0,0,0,61602,0
61588,-966,7948,1068,-179,-43,-7,13492,1,3,-3,0,37048,123,27,66,0,0,0,0,0,0,0,0,-32310,0,0,0,0,0,61607,0
61593,-904,8012,1082,-174,-40,-1,13491,-1,2,-2,0,37048,123,27,66,0,0,0,0,0,0,0,0,-32310,0,0,0,0,0,61612,0
61598,-856,8046,1108,-171,-42,-5,13491,-5,2,-3,0,37046,118,27,66,0,0,0,0,0,0,0,0,-32310,0,0,0,0,0,61617,0
61603,-944,7988,1084,-164,-47,-10,13491,-3,-2,-3,0,37046,118,27,66,0,0,0,0,0,0,0,0,-32309,0,0,0,0,0,61622,0
61608,-1038,7968,1060,-163,-41,-12,13491,-3,0,-1,0,37044,122,27,66,0,0,0,0,0,0,0,0,-32310,0,0,0,0,0,61627,0
61613,-996,7972,1090,-160,-41,-10,13491,-6,-2,-3,0,37044,122,27,66,0,0,0,0,0,0,0,0,-32310,0,0,0,0,0,61632,0
61618,-928,7994,1094,-156,-37,-8,13492,4,-1,-2,0,37046,123,27,66,0,0,0,0,0,0,0,0,-32310,0,0,0,0,0,61637,0
61623,-922,8032,1084,-157,-36,0,13492,9,1,-1,0,37046,123,27,66,0,0,0,0,0,0,0,0,-32310,0,0,0,0,0,61642,0
61628,-992,7992,1048,-148,-31,-9,13490,-11,0,-2,0,37051,123,27,66,0,0,0,0,0,0,0,0,-32311,0,0,0,0,0,61647,0
61633,-1050,7950,1054,-151,-31,-8,13492,3,4,-3,0,37051,123,27,66,0,0,0,0,0,0,0,0,-32310,0,0,0,0,0,61652,0
61638,-1022,7968,1038,-145,-31,-5,13492,3,2,-1,0,37053,125,27,66,0,0,0,0,0,0,0,0,-32311,0,0,0,0,0,61657,0
61643,-952,7990,1068,-147,-35,-4,13491,-8,-5,-2,0,37053,125,27,66,0,0,0,0,0,0,0,0,-32310,0,0,0,0,0,61662,0
61648,-1072,7980,1060,-142,-31,1,13492,9,-4,-2,0,37052,122,27,66,0,0,0,0,0,0,0,0,-32311,0,0,0,0,0,61667,0
61653,-1110,7966,1060,-140,-41,4,13491,0,-1,-3,0,37052,122,27,66,0,0,0,0,0,0,0,0,-32310,0,0,0,0,0,61672,0
61658,-1154,7956,1024,-143,-43,4,13491,0,-2,-3,0,37048,119,27,66,0,0,0,0,0,0,0,0,-32310,0,0,0,0,0,61677,0
61663,-1126,7928,1060,-142,-39,8,13492,6,3,-3,0,37048,119,27,66,0,0,0,0,0,0,0,0,-32310,0,0,0,0,0,61682,0
61668,-1114,7988,1098,-140,-46,18,13492,1,2,-2,0,37045,121,27,66,0,0,0,0,0,0,0,0,-32310,0,0,0,0,0,61687,0
61673,-1148,7970,1108,-137,-49,16,13492,-8,0,-2,0,37045,121,27,66,0,0,0,0,0,0,0,0,-32310,0,0,0,0,0,61692,0
61678,-1154,7950,1096,-130,-45,23,13491,0,0,-2,0,37045,127,27,66,0,0,0,0,0,0,0,0,-32310,0,0,0,0,0,61697,0
61683,-1198,7956,1046,-135,-45,23,13492,3,-2,-1,0,37045,127,27,66,0,0,0,0,0,0,0,0,-32310,0,0,0,0,0,61702,0
61688,-1152,7954,1104,-135,-48,39,13492,1,-1,-1,0,37045,129,27,66,0,0,0,0,0,0,0,0,-32310,0,0,0,0,0,61707,0
61693,-1134,7950,1108,-131,-42,45,13491,-1,2,-2,0,37045,129,27,66,0,0,0,0,0,0,0,0,-32310,0,0,0,0,0,61712,0
61698,-1180,7934,1116,-128,-44,48,13492,-6,3,-4,0,37044,124,27,66,0,0,0,0,0,0,0,0,-32310,0,0,0,0,0,61717,0
61703,-1200,7912,1102,-127,-41,45,13492,4,-2,-2,0,37044,124,27,66,0,0,0,0,0,0,0,0,-32310,0,0,0,0,0,61722,0
61708,-1202,7936,1098,-123,-38,64,13491,6,-2,-2,0,37045,123,27,66,0,0,0,0,0,0,0,0,-32310,0,0,0,0,0,61727,0
61713,-1168,7932,1096,-132,-38,71,13492,7,1,-3,0,37045,123,27,66,0,0,0,0,0,0,0,0,-32310,0,0,0,0,0,61732,0
61718,-1170,7956,1104,-124,-36,74,13492,5,2,-4,0,37047,119,27,66,0,0,0,0,0,0,0,0,-32311,0,0,0,0,0,61737,0
61723,-1188,7938,1106,-123,-36,83,13491,-1,4,-1,0,37047,119,27,66,0,0,0,0,0,0,0,0,-32310,0,0,0,0,0,61742,0
61728,-1198,7918,1086,-123,-39,87,13493,7,0,-2,0,37049,123,27,66,0,0,0,0,0,0,0,0,-32310,0,0,0,0,0,61747,0
61733,-1210,7946,1102,-128,-38,98,13491,0,0,-3,0,37049,123,27,66,0,0,0,0,0,0,0,0,-32310,0,0,0,0,0,61752,0
61738,-1150,7968,1130,-122,-41,103,13490,-7,-4,-3,0,37051,113,27,66,0,0,0,0,0,0,0,0,-32310,0,0,0,0,0,61757,0
61743,-1168,7954,1108,-120,-41,104,13491,-2,-3,-1,0,37051,113,27,66,0,0,0,0,0,0,0,0,-32310,0,0,0,0,0,61762,0
61748,-1122,7964,1118,-122,-45,117,13491,-1,0,-1,0,37049,113,27,66,0,0,0,0,0,0,0,0,-32310,0,0,0,0,0,61767,0
61753,-1132,7964,1118,-126,-44,119,13491,-2,1,-1,0,37049,113,27,66,0,0,0,0,0,0,0,0,-32310,0,0,0,0,0,61772,0
61758,-1120,7990,1122,-123,-41,126,13491,-3,0,-2,0,37048,117,27,66,0,0,0,0,0,0,0,0,-32311,0,0,0,0,0,61777,0
61763,-1064,7986,1126,-115,-35,128,13492,-2,1,-2,0,37048,117,27,66,0,0,0,0,0,0,0,0,-32310,0,0,0,0,0,61782,0
61768,-1082,7958,1138,-123,-33,134,13490,-4,-4,-1,0,37043,118,27,66,0,0,0,0,0,0,0,0,-32310,0,0,0,0,0,61787,0
61773,-1078,7956,1160,-124,-37,138,13492,2,0,-1,0,37043,118,27,66,0,0,0,0,0,0,0,0,-32310,0,0,0,0,0,61792,0
61778,-1052,7972,1140,-120,-38,141,13491,-3,1,-1,0,37046,116,27,66,0,0,0,0,0,0,0,0,-32310,0,0,0,0,0,61797,0
61783,-1012,7970,1152,-115,-40,139,13490,0,-1,-1,0,37046,116,27,66,0,0,0,0,0,0,0,0,-32310,0,0,0,0,0,61802,0
61788,-992,8002,1144,-119,-44,142,13492,-3,1,0,0,37047,128,27,66,0,0,0,0,0,0,0,0,-32311,0,0,0,0,0,61807,0
61793,-960,8030,1150,-120,-39,141,13491,-2,1,-2,0,37047,128,27,66,0,0,0,0,0,0,0,0,-32310,0,0,0,0,0,61812,0
61798,-928,8014,1172,-124,-40,138,13491,-5,0,-3,0,37048,123,27,66,0,0,0,0,0,0,0,0,-32311,0,0,0,0,0,61817,0
61803,-900,8008,1186,-120,-44,139,13492,-1,0,-3,0,37048,123,27,66,0,0,0,0,0,0,0,0,-32310,0,0,0,0,0,61822,0
61808,-894,7998,1194,-124,-31,140,13491,0,-3,-3,0,37046,127,27,66,0,0,0,0,0,0,0,0,-32310,0,0,0,0,0,61827,0
61813,-900,7982,1186,-120,-33,139,13491,-5,-1,-2,0,37046,127,27,66,0,0,0,0,0,0,0,0,-32310,0,0,0,0,0,61832,0
61818,-850,7988,1198,-120,-30,141,13492,0,3,-1,0,37045,127,27,66,0,0,0,0,0,0,0,0,-32310,0,0,0,0,0,61837,0
61823,-918,7996,1136,-123,-28,133,13491,-3,3,-1,0,37045,127,27,66,0,0,0,0,0,0,0,0,-32310,0,0,0,0,0,61842,0
61828,-922,8030,1156,-119,-25,133,13492,-2,0,-4,0,37044,132,27,66,0,0,0,0,0,0,0,0,-32310,0,0,0,0,0,61847,0
61833,-920,8026,1168,-124,-28,130,13492,-1,1,-2,0,37044,132,27,66,0,0,0,0,0,0,0,0,-32310,0,0,0,0,0,61852,0
61838,-838,8062,1210,-123,-22,135,13491,-1,-2,0,0,37045,130,27,66,0,0,0,0,0,0,0,0,-32311,0,0,0,0,0,61857,0
61843,-842,8086,1164,-131,-27,129,13492,2,2,-3,0,37045,130,27,66,0,0,0,0,0,0,0,0,-32310,0,0,0,0,0,61862,0
61848,-912,7966,1106,-124,-28,124,13492,1,1,-2,0,37043,123,27,66,0,0,0,0,0,0,0,0,-32311,0,0,0,0,0,61867,0
61853,-856,8006,1086,-133,-34,123,13490,-5,-3,-2,0,37043,123,27,66,0,0,0,0,0,0,0,0,-32310,0,0,0,0,0,61872,0
61858,-870,8028,1104,-136,-32,119,13492,1,2,-1,0,37042,110,27,66,0,0,0,0,0,0,0,0,-32310,0,0,0,0,0,61877,0
61863,-964,8018,1114,-127,-34,115,13492,0,1,-2,0,37042,110,27,66,0,0,0,0,0,0,0,0,-32310,0,0,0,0,0,61882,0
61868,-880,8002,1110,-143,-32,110,13491,0,3,-3,0,37044,113,27,66,0,0,0,0,0,0,0,0,-32310,0,0,0,0,0,61887,0
61873,-842,8038,1126,-141,-35,108,13491,7,1,-2,0,37044,113,27,66,0,0,0,0,0,0,0,0,-32310,0,0,0,0,0,61892,0
61878,-820,8052,1126,-143,-32,107,13492,0,-2,-1,0,37043,122,27,66,0,0,0,0,0,0,0,0,-32310,0,0,0,0,0,61897,0
61883,-832,8080,1122,-144,-38,102,13491,0,2,-1,0,37043,122,27,66,0,0,0,0,0,0,0,0,-32310,0,0,0,0,0,61902,0
61888,-806,8010,1110,-153,-36,95,13491,-3,2,-2,0,37042,124,27,66,0,0,0,0,0,0,0,0,-32310,0,0,0,0,0,61907,0
61893,-778,8042,1120,-156,-30,95,13491,1,0,-1,0,37042,124,27,66,0,0,0,0,0,0,0,0,-32310,0,0,0,0,0,61912,0
61898,-800,8080,1134,-159,-40,89,13491,-1,1,-2,0,37041,126,27,66,0,0,0,0,0,0,0,0,-32311,0,0,0,0,0,61917,0
61903,-780,8108,1140,-158,-33,88,13493,-2,0,-1,0,37041,126,27,66,0,0,0,0,0,0,0,0,-32310,0,0,0,0,0,61922,0
61908,-858,8026,1124,-172,-37,81,13491,-1,0,-2,0,37042,118,27,66,0,0,0,0,0,0,0,0,-32310,0,0,0,0,0,61927,0
61913,-870,8012,1092,-168,-36,77,13491,0,0,-3,0,37042,118,27,66,0,0,0,0,0,0,0,0,-32310,0,0,0,0,0,61932,0
61918,-832,8074,1132,-177,-41,73,13491,-2,-2,-3,0,37042,119,27,66,0,0,0,0,0,0,0,0,-32310,0,0,0,0,0,61937,0
61923,-852,8072,1116,-175,-44,71,13491,-2,6,-2,0,37042,119,27,66,0,0,0,0,0,0,0,0,-32310,0,0,0,0,0,61942,0
61928,-816,8058,1116,-181,-40,66,13491,1,4,-1,0,37043,122,27,66,0,0,0,0,0,0,0,0,-32310,0,0,0,0,0,61947,0
61933,-852,8024,1146,-191,-38,68,13491,-3,1,-1,0,37043,122,27,66,0,0,0,0,0,0,0,0,-32310,0,0,0,0,0,61952,0
61938,-818,8010,1136,-190,-48,57,13492,-1,-3,2,0,37045,119,27,66,0,0,0,0,0,0,0,0,-32310,0,0,0,0,0,61957,0
61943,-820,8006,1140,-190,-50,65,13491,-2,0,0,0,37045,119,27,66,0,0,0,0,0,0,0,0,-32310,0,0,0,0,0,61962,0
61948,-862,8054,1162,-198,-50,51,13492,5,2,-1,0,37046,121,27,66,0,0,0,0,0,0,0,0,-32310,0,0,0,0,0,61967,0
61953,-852,8022,1196,-205,-53,53,13492,-3,-3,-2,0,37046,121,27,66,0,0,0,0,0,0,0,0,-32310,0,0,0,0,0,61972,0
61958,-874,8046,1198,-207,-51,47,13491,0,0,-3,0,37053,126,28,66,0,0,0,0,0,0,0,0,-32310,0,0,0,0,0,61977,0
61963,-836,8052,1202,-202,-52,49,13491,0,0,-2,0,37053,126,28,66,0,0,0,0,0,0,0,0,-32311,0,0,0,0,0,61982,0
61968,-846,7994,1210,-210,-48,47,13491,-8,0,-3,0,37065,128,28,66,0,0,0,0,0,0,0,0,-32310,0,0,0,0,0,61987,0
61973,-884,7982,1230,-216,-51,47,13492,0,-2,-1,0,37065,128,28,66,0,0,0,0,0,0,0,0,-32310,0,0,0,0,0,61992,0
61978,-888,8000,1236,-216,-50,47,13491,1,3,-2,0,37070,138,28,66,0,0,0,0,0,0,0,0,-32310,0,0,0,0,0,61997,0
61983,-860,7986,1248,-221,-57,46,13491,0,0,-2,0,37070,138,28,66,0,0,0,0,0,0,0,0,-32310,0,0,0,0,0,62002,0
61988,-858,7984,1284,-221,-60,43,13491,0,-4,-3,0,37066,134,27,66,0,0,0,0,0,0,0,0,-32310,0,0,0,0,0,62007,0
61993,-820,8028,1294,-221,-58,47,13491,-3,2,-2,0,37066,134,27,66,0,0,0,0,0,0,0,0,-32310,0,0,0,0,0,62012,0
61998,-890,8002,1304,-218,-52,43,13490,-4,4,-1,0,37054,130,27,66,0,0,0,0,0,0,0,0,-32310,0,0,0,0,0,62017,0
62003,-914,7984,1294,-221,-54,40,13492,-6,-2,0,0,37054,130,27,66,0,0,0,0,0,0,0,0,-32310,0,0,0,0,0,62022,0
62008,-888,7956,1350,-225,-48,45,13491,0,-3,-1,0,37042,128,27,66,0,0,0,0,0,0,0,0,-32310,0,0,0,0,0,62027,0
62013,-884,7954,1326,-227,-52,46,13492,1,5,-2,0,37042,128,27,66,0,0,0,0,0,0,0,0,-32310,0,0,0,0,0,62032,0
62018,-908,7952,1344,-229,-50,50,13492,-3,-1,-1,0,37040,129,27,66,0,0,0,0,0,0,0,0,-32310,0,0,0,0,0,62037,0
62023,-938,7986,1374,-223,-52,48,13492,5,-2,-2,0,37040,129,27,66,0,0,0,0,0,0,0,0,-32310,0,0,0,0,0,62042,0
62028,-952,7956,1376,-230,-53,47,13491,0,-1,-2,0,37041,129,27,66,0,0,0,0,0,0,0,0,-32310,0,0,0,0,0,62047,0
62033,-904,7954,1386,-231,-52,48,13492,0,0,-1,0,37041,129,27,66,0,0,0,0,0,0,0,0,-32311,0,0,0,0,0,62052,0
62038,-898,7948,1408,-228,-56,52,13491,-5,0,-1,0,37043,127,27,66,0,0,0,0,0,0,0,0,-32310,0,0,0,0,0,62057,0
62043,-924,7942,1422,-224,-57,46,13491,-1,3,-1,0,37043,127,27,66,0,0,0,0,0,0,0,0,-32310,0,0,0,0,0,62062,0
62048,-914,7962,1454,-228,-54,52,13492,-1,-6,-2,0,37045,132,27,66,0,0,0,0,0,0,0,0,-32310,0,0,0,0,0,62067,0
62053,-908,7958,1442,-229,-47,53,13492,1,-1,-1,0,37045,132,27,66,0,0,0,0,0,0,0,0,-32310,0,0,0,0,0,62072,0
62058,-894,7958,1424,-221,-48,52,13491,5,3,-2,0,37045,133,27,66,0,0,0,0,0,0,0,0,-32310,0,0,0,0,0,62077,0
62063,-902,7954,1422,-231,-49,57,13490,-3,1,-2,0,37045,133,27,66,0,0,0,0,0,0,0,0,-32310,0,0,0,0,0,62082,0
62068,-924,7940,1478,-229,-48,62,13490,-6,-1,-3,0,37044,127,27,66,0,0,0,0,0,0,0,0,-32310,0,0,0,0,0,62087,0
62073,-916,7942,1466,-221,-48,60,13491,-6,0,-2,0,37044,127,27,66,0,0,0,0,0,0,0,0,-32310,0,0,0,0,0,62092,0
62078,-918,7906,1464,-220,-47,57,13490,-1,3,-3,0,37042,121,27,66,0,0,0,0,0,0,0,0,-32311,0,0,0,0,0,62097,0
62083,-906,7920,1492,-228,-55,61,13491,-1,4,-2,0,37042,121,27,66,0,0,0,0,0,0,0,0,-32310,0,0,0,0,0,62102,0
62088,-862,7940,1504,-220,-53,59,13492,6,0,-1,0,37042,123,27,66,0,0,0,0,0,0,0,0,-32311,0,0,0,0,0,62107,0
62093,-836,7960,1514,-224,-48,57,13492,0,3,-1,0,37042,123,27,66,0,0,0,0,0,0,0,0,-32311,0,0,0,0,0,62112,0
62098,-830,7922,1536,-222,-54,63,13492,5,1,-2,0,37042,123,27,66,0,0,0,0,0,0,0,0,-32310,0,0,0,0,0,62117,0
62103,-840,7946,1550,-218,-55,56,13493,11,0,0,0,37042,123,27,66,0,0,0,0,0,0,0,0,-32310,0,0,0,0,0,62122,0
62108,-868,7894,1542,-215,-53,58,13491,-1,2,0,0,37041,125,27,66,0,0,0,0,0,0,0,0,-32310,0,0,0,0,0,62127,0
62113,-842,7920,1562,-216,-53,54,13492,1,-2,-2,0,37041,125,27,66,0,0,0,0,0,0,0,0,-32311,0,0,0,0,0,62132,0
62118,-866,7922,1588,-211,-62,57,13492,1,-2,-1,0,37042,126,27,66,0,0,0,0,0,0,0,0,-32311,0,0,0,0,0,62137,0
62123,-884,7906,1638,-202,-66,54,13491,-3,0,-2,0,37042,126,27,66,0,0,0,0,0,0,0,0,-32310,0,0,0,0,0,62142,0
62128,-874,7922,1676,-197,-75,55,13492,-1,-5,-2,0,37045,125,28,66,0,0,0,0,0,0,0,0,-32310,0,0,0,0,0,62147,0
62133,-862,7894,1716,-195,-68,53,13491,-11,-1,-1,0,37045,125,28,66,0,0,0,0,0,0,0,0,-32310,0,0,0,0,0,62152,0
62138,-838,7866,1740,-183,-72,48,13492,0,-3,0,0,37046,130,27,66,0,0,0,0,0,0,0,0,-32310,0,0,0,0,0,62157,0
62143,-858,7878,1776,-178,-69,58,13491,3,1,-3,0,37046,130,27,66,0,0,0,0,0,0,0,0,-32310,0,0,0,0,0,62162,0
62148,-848,7850,1842,-168,-60,54,13492,-1,1,-5,0,37045,131,27,66,0,0,0,0,0,0,0,0,-32310,0,0,0,0,0,62167,0
62153,-836,7844,1840,-162,-56,54,13491,-3,-3,-1,0,37045,131,27,66,0,0,0,0,0,0,0,0,-32310,0,0,0,0,0,62172,0
62158,-808,7840,1858,-158,-54,51,13492,1,3,-1,0,37044,129,27,66,0,0,0,0,0,0,0,0,-32310,0,0,0,0,0,62177,0
62163,-808,7850,1860,-144,-50,54,13492,1,-2,0,0,37044,129,27,66,0,0,0,0,0,0,0,0,-32310,0,0,0,0,0,62182,0
62168,-760,7870,1874,-130,-39,51,13492,0,0,-1,0,37044,126,27,66,0,0,0,0,0,0,0,0,-32310,0,0,0,0,0,62187,0
62173,-750,7882,1892,-128,-40,48,13492,1,1,-1,0,37044,126,27,66,0,0,0,0,0,0,0,0,-32310,0,0,0,0,0,62192,0
62178,-752,7864,1892,-114,-36,45,13492,4,4,-2,0,37045,125,27,66,0,0,0,0,0,0,0,0,-32310,0,0,0,0,0,62197,0
62183,-742,7896,1916,-110,-35,41,13490,-2,-4,-1,0,37045,125,27,66,0,0,0,0,0,0,0,0,-32310,0,0,0,0,0,62202,0
62188,-750,7876,1868,-92,-26,39,13491,-7,-4,-2,0,37040,123,27,66,0,0,0,0,0,0,0,0,-32310,0,0,0,0,0,62207,0
62193,-746,7888,1858,-85,-27,36,13491,-1,1,-1,0,37040,123,27,66,0,0,0,0,0,0,0,0,-32310,0,0,0,0,0,62212,0
62198,-762,7870,1880,-78,-29,30,13491,-1,5,-3,0,37040,124,28,66,0,0,0,0,0,0,0,0,-32310,0,0,0,0,0,62217,0
62203,-788,7832,1872,-74,-29,33,13491,-2,0,-3,0,37040,124,28,66,0,0,0,0,0,0,0,0,-32310,0,0,0,0,0,62222,0
62208,-834,7870,1872,-58,-34,30,13491,0,3,-2,0,37041,120,27,66,0,0,0,0,0,0,0,0,-32310,0,0,0,0,0,62227,0
62213,-812,7834,1886,-49,-34,28,13492,7,4,-2,0,37041,120,27,66,0,0,0,0,0,0,0,0,-32310,0,0,0,0,0,62232,0
62218,-822,7848,1898,-36,-33,22,13491,-4,1,-1,0,37041,110,27,66,0,0,0,0,0,0,0,0,-32310,0,0,0,0,0,62237,0
62223,-828,7846,1884,-31,-30,24,13492,4,-3,-2,0,37041,110,27,66,0,0,0,0,0,0,0,0,-32310,0,0,0,0,0,62242,0
62228,-800,7828,1912,-10,-29,21,13491,0,0,-3,0,37040,120,27,66,0,0,0,0,0,0,0,0,-32311,0,0,0,0,0,62247,0
62233,-816,7866,1930,-5,-22,20,13493,3,-2,-2,0,37040,120,27,66,0,0,0,0,0,0,0,0,-32310,0,0,0,0,0,62252,0
62238,-804,7840,1904,-5,-26,18,13492,2,0,-1,0,37039,127,27,66,0,0,0,0,0,0,0,0,-32310,0,0,0,0,0,62257,0
62243,-828,7844,1928,10,-20,17,13492,7,3,0,0,37039,127,27,66,0,0,0,0,0,0,0,0,-32310,0,0,0,0,0,62262,0
62248,-834,7860,1924,21,-13,20,13490,-7,-1,-4,0,37045,130,27,66,0,0,0,0,0,0,0,0,-32310,0,0,0,0,0,62267,0
62253,-820,7834,1944,35,-13,18,13491,0,-4,-2,0,37045,130,27,66,0,0,0,0,0,0,0,0,-32310,0,0,0,0,0,62272,0
62258,-854,7830,1922,42,-13,21,13491,-4,-4,-3,0,37045,126,27,66,0,0,0,0,0,0,0,0,-32310,0,0,0,0,0,62277,0
62263,-846,7840,1936,48,-10,19,13491,-2,5,-1,0,37045,126,27,66,0,0,0,0,0,0,0,0,-32310,0,0,0,0,0,62282,0
62268,-822,7852,1928,60,-9,21,13492,0,2,0,0,37047,123,27,66,0,0,0,0,0,0,0,0,-32311,0,0,0,0,0,62287,0
62273,-818,7852,1908,65,-9,20,13492,2,1,-1,0,37047,123,27,66,0,0,0,0,0,0,0,0,-32310,0,0,0,0,0,62292,0
62278,-860,7874,1906,83,0,17,13491,-6,-1,-2,0,37046,132,27,66,0,0,0,0,0,0,0,0,-32310,0,0,0,0,0,62297,0
62283,-884,7840,1894,86,4,16,13492,1,1,-1,0,37046,132,27,66,0,0,0,0,0,0,0,0,-32310,0,0,0,0,0,62302,0
62288,-892,7830,1866,97,3,25,13490,0,-1,-1,0,37046,124,27,66,0,0,0,0,0,0,0,0,-32311,0,0,0,0,0,62307,0
62293,-884,7850,1882,112,3,21,13491,-1,4,-2,0,37046,124,27,66,0,0,0,0,0,0,0,0,-32310,0,0,0,0,0,62312,0
62298,-890,7828,1854,116,1,18,13491,-4,1,-2,0,37047,123,27,66,0,0,0,0,0,0,0,0,-32310,0,0,0,0,0,62317,0
62303,-876,7852,1866,123,4,21,13493,7,3,-2,0,37047,123,27,66,0,0,0,0,0,0,0,0,-32310,0,0,0,0,0,62322,0
62308,-866,7868,1816,131,5,29,13492,0,-1,-2,0,37046,123,27,66,0,0,0,0,0,0,0,0,-32310,0,0,0,0,0,62327,0
62313,-910,7880,1802,136,6,28,13492,0,-2,-2,0,37046,123,27,66,0,0,0,0,0,0,0,0,-32310,0,0,0,0,0,62332,0
62318,-920,7866,1816,139,8,24,13492,3,-3,-1,0,37044,127,27,66,0,0,0,0,0,0,0,0,-32310,0,0,0,0,0,62337,0
62323,-900,7858,1796,151,6,27,13492,1,1,-1,0,37044,127,27,66,0,0,0,0,0,0,0,0,-32310,0,0,0,0,0,62343,0
62328,-938,7838,1778,163,9,36,13492,1,1,-4,0,37042,123,27,66,0,0,0,0,0,0,0,0,-32310,0,0,0,0,0,62348,0
62333,-962,7870,1764,164,10,37,13492,-3,0,-3,0,37042,123,27,66,0,0,0,0,0,0,0,0,-32310,0,0,0,0,0,62353,0
62338,-932,7842,1728,168,11,37,13491,0,1,-1,0,37042,126,27,66,0,0,0,0,0,0,0,0,-32310,0,0,0,0,0,62358,0
62343,-970,7850,1758,177,10,37,13492,0,-4,-2,0,37042,126,27,66,0,0,0,0,0,0,0,0,-32310,0,0,0,0,0,62363,0
62348,-942,7886,1732,181,5,45,13491,0,1,-5,0,37042,128,27,66,0,0,0,0,0,0,0,0,-32310,0,0,0,0,0,62368,0
62353,-936,7862,1724,185,10,46,13491,-7,4,-5,0,37042,128,27,66,0,0,0,0,0,0,0,0,-32310,0,0,0,0,0,62373,0
62358,-904,7866,1730,185,4,46,13491,-7,2,-2,0,37047,131,27,66,0,0,0,0,0,0,0,0,-32310,0,0,0,0,0,62378,0
62363,-902,7890,1710,192,9,50,13491,5,-1,-1,0,37047,131,27,66,0,0,0,0,0,0,0,0,-32310,0,0,0,0,0,62383,0
62368,-888,7898,1714,203,14,53,13492,5,5,0,0,37046,127,27,66,0,0,0,0,0,0,0,0,-32310,0,0,0,0,0,62388,0
62373,-908,7886,1720,203,16,54,13491,0,-1,-1,0,37046,127,27,66,0,0,0,0,0,0,0,0,-32310,0,0,0,0,0,62393,0
62378,-930,7874,1692,206,17,58,13492,4,3,-2,0,37046,128,27,66,0,0,0,0,0,0,0,0,-32310,0,0,0,0,0,62398,0
62383,-892,7886,1690,209,10,60,13492,3,3,-3,0,37046,128,27,66,0,0,0,0,0,0,0,0,-32310,0,0,0,0,0,62403,0
62388,-866,7798,1686,213,16,63,13491,-1,0,-2,0,37042,119,27,66,0,0,0,0,0,0,0,0,-32310,0,0,0,0,0,62408,0
62393,-884,7886,1676,215,15,62,13491,-7,-5,-2,0,37042,119,27,66,0,0,0,0,0,0,0,0,-32310,0,0,0,0,0,62413,0
62398,-930,7898,1652,218,23,69,13491,-1,-1,-1,0,37041,121,27,66,0,0,0,0,0,0,0,0,-32310,0,0,0,0,0,62418,0
62403,-870,7926,1652,220,21,70,13491,-1,0,-2,0,37041,121,27,66,0,0,0,0,0,0,0,0,-32310,0,0,0,0,0,62423,0
62408,-914,7930,1582,225,26,70,13492,7,3,-2,0,37040,116,27,66,0,0,0,0,0,0,0,0,-32310,0,0,0,0,0,62428,0
62413,-896,7940,1602,226,21,76,13492,6,1,-2,0,37040,116,27,66,0,0,0,0,0,0,0,0,-32310,0,0,0,0,0,62433,0
62418,-964,7918,1564,226,18,68,13492,-3,4,-2,0,37042,117,27,66,0,0,0,0,0,0,0,0,-32310,0,0,0,0,0,62438,0
62423,-938,7918,1584,233,24,76,13492,3,-1,-2,0,37042,117,27,66,0,0,0,0,0,0,0,0,-32310,0,0,0,0,0,62443,0
62428,-834,7902,1576,233,22,78,13492,6,0,-2,0,37043,119,27,66,0,0,0,0,0,0,0,0,-32310,0,0,0,0,0,62448,0
62433,-828,7954,1594,233,18,71,13491,-3,-4,-1,0,37043,119,27,66,0,0,0,0,0,0,0,0,-32310,0,0,0,0,0,62453,0
62438,-878,7948,1604,234,20,81,13491,-3,-2,-1,0,37043,120,27,66,0,0,0,0,0,0,0,0,-32310,0,0,0,0,0,62458,0
62443,-830,7910,1592,234,20,83,13491,-5,-1,-1,0,37043,120,27,66,0,0,0,0,0,0,0,0,-32310,0,0,0,0,0,62463,0
62448,-844,7914,1512,236,19,79,13492,1,0,0,0,37041,126,27,66,0,0,0,0,0,0,0,0,-32310,0,0,0,0,0,62468,0
62453,-796,7938,1562,237,24,83,13491,-8,2,0,0,37041,126,27,66,0,0,0,0,0,0,0,0,-32310,0,0,0,0,0,62473,0
62458,-894,7936,1520,231,25,83,13492,3,2,-2,0,37042,128,27,66,0,0,0,0,0,0,0,0,-32310,0,0,0,0,0,62478,0
62463,-866,7974,1514,238,29,82,13491,2,-4,-4,0,37042,128,27,66,0,0,0,0,0,0,0,0,-32310,0,0,0,0,0,62483,0
62468,-914,7928,1442,233,24,79,13491,-3,2,-3,0,37043,123,27,66,0,0,0,0,0,0,0,0,-32310,0,0,0,0,0,62488,0
62473,-872,7964,1466,236,27,81,13491,-6,-2,-2,0,37043,123,27,66,0,0,0,0,0,0,0,0,-32311,0,0,0,0,0,62493,0
62478,-866,7906,1432,231,26,80,13491,-4,2,-3,0,37043,123,28,66,0,0,0,0,0,0,0,0,-32310,0,0,0,0,0,62498,0
62483,-902,7918,1476,235,23,81,13492,5,6,-1,0,37043,123,28,66,0,0,0,0,0,0,0,0,-32310,0,0,0,0,0,62503,0
62488,-850,7958,1466,239,21,80,13491,-2,0,0,0,37043,126,28,66,0,0,0,0,0,0,0,0,-32311,0,0,0,0,0,62508,0
62493,-756,7962,1510,235,16,83,13491,-6,0,-1,0,37043,126,28,66,0,0,0,0,0,0,0,0,-32310,0,0,0,0,0,62513,0
62498,-762,8014,1472,231,18,74,13492,1,0,-2,0,37043,132,27,66,0,0,0,0,0,0,0,0,-32310,0,0,0,0,0,62518,0
62503,-766,7998,1474,232,17,76,13492,4,2,-1,0,37043,132,27,66,0,0,0,0,0,0,0,0,-32310,0,0,0,0,0,62523,0
62508,-836,7930,1370,231,13,67,13492,3,3,-2,0,37042,128,27,66,0,0,0,0,0,0,0,0,-32310,0,0,0,0,0,62528,0
62513,-798,8000,1372,222,19,74,13492,0,0,-3,0,37042,128,27,66,0,0,0,0,0,0,0,0,-32310,0,0,0,0,0,62533,0
62518,-782,7982,1400,224,21,73,13490,-7,0,-2,0,37042,120,27,66,0,0,0,0,0,0,0,0,-32310,0,0,0,0,0,62538,0
62523,-774,7972,1428,225,22,70,13491,0,-1,-3,0,37042,120,27,66,0,0,0,0,0,0,0,0,-32311,0,0,0,0,0,62543,0
62528,-796,7978,1388,220,19,65,13492,0,-5,-3,0,37042,118,27,66,0,0,0,0,0,0,0,0,-32311,0,0,0,0,0,62548,0
62533,-792,8006,1360,216,17,67,13492,1,1,-1,0,37042,118,27,66,0,0,0,0,0,0,0,0,-32311,0,0,0,0,0,62553,0
62538,-766,7966,1328,215,22,60,13493,1,0,0,0,37044,123,27,66,0,0,0,0,0,0,0,0,-32310,0,0,0,0,0,62558,0
62543,-818,7980,1398,214,21,64,13491,1,-1,-2,0,37044,123,27,66,0,0,0,0,0,0,0,0,-32310,0,0,0,0,0,62563,0
62548,-764,8050,1376,210,15,57,13492,4,-2,-2,0,37046,128,27,66,0,0,0,0,0,0,0,0,-32310,0,0,0,0,0,62568,0
62553,-772,8042,1374,208,14,57,13491,0,-3,-2,0,37046,128,27,66,0,0,0,0,0,0,0,0,-32310,0,0,0,0,0,62573,0
62558,-734,7976,1340,202,15,48,13491,1,0,-2,0,37047,128,27,66,0,0,0,0,0,0,0,0,-32310,0,0,0,0,0,62578,0
62563,-670,7962,1398,202,16,53,13491,-5,1,-3,0,37047,128,27,66,0,0,0,0,0,0,0,0,-32310,0,0,0,0,0,62583,0
62568,-760,8038,1358,198,14,42,13491,-7,0,-1,0,37046,134,27,66,0,0,0,0,0,0,0,0,-32310,0,0,0,0,0,62588,0
62573,-776,8024,1318,196,7,42,13491,3,-3,-1,0,37046,134,27,66,0,0,0,0,0,0,0,0,-32310,0,0,0,0,0,62593,0
62578,-726,8020,1276,189,13,42,13492,2,-1,-2,0,37044,127,27,66,0,0,0,0,0,0,0,0,-32310,0,0,0,0,0,62598,0
62583,-744,8036,1298,185,9,37,13491,-1,-1,-3,0,37044,127,27,66,0,0,0,0,0,0,0,0,-32310,0,0,0,0,0,62603,0
62588,-740,7984,1294,180,7,34,13492,1,-1,-2,0,37044,126,27,66,0,0,0,0,0,0,0,0,-32310,0,0,0,0,0,62608,0
62593,-738,7982,1310,178,4,29,13492,3,5,-2,0,37044,126,27,66,0,0,0,0,0,0,0,0,-32310,0,0,0,0,0,62613,0
62598,-736,8008,1288,173,-1,28,13492,2,-4,-1,0,37042,118,27,66,0,0,0,0,0,0,0,0,-32310,0,0,0,0,0,62618,0
62603,-746,8010,1304,172,3,22,13489,-2,-2,0,0,37042,118,27,66,0,0,0,0,0,0,0,0,-32310,0,0,0,0,0,62623,0
62608,-768,8022,1296,168,3,17,13491,-2,-3,-3,0,37040,117,27,66,0,0,0,0,0,0,0,0,-32310,0,0,0,0,0,62628,0
62613,-754,8020,1272,163,3,21,13491,-1,3,-3,0,37040,117,27,66,0,0,0,0,0,0,0,0,-32311,0,0,0,0,0,62633,0
62618,-740,8018,1298,165,5,12,13491,1,-1,-1,0,37038,127,28,66,0,0,0,0,0,0,0,0,-32310,0,0,0,0,0,62638,0
62623,-740,8000,1308,155,8,11,13491,-5,-2,-2,0,37038,127,28,66,0,0,0,0,0,0,0,0,-32310,0,0,0,0,0,62643,0
62628,-756,7998,1286,150,-3,13,13491,0,-4,-4,0,37037,130,27,66,0,0,0,0,0,0,0,0,-32310,0,0,0,0,0,62648,0
62633,-778,8018,1304,140,0,7,13491,5,1,-3,0,37037,130,27,66,0,0,0,0,0,0,0,0,-32310,0,0,0,0,0,62653,0
62638,-754,8010,1256,145,1,9,13492,5,4,-1,0,37038,135,27,66,0,0,0,0,0,0,0,0,-32310,0,0,0,0,0,62658,0
62643,-782,8008,1290,141,4,4,13490,-4,2,-1,0,37038,135,27,66,0,0,0,0,0,0,0,0,-32310,0,0,0,0,0,62663,0
62648,-782,8018,1278,133,0,4,13491,0,2,-2,0,37039,133,27,66,0,0,0,0,0,0,0,0,-32310,0,0,0,0,0,62668,0
62653,-788,8016,1274,130,-12,0,13492,5,2,-2,0,37039,133,27,66,0,0,0,0,0,0,0,0,-32310,0,0,0,0,0,62673,0
62658,-798,7998,1284,124,-2,-6,13492,2,3,0,0,37037,128,27,66,0,0,0,0,0,0,0,0,-32311,0,0,0,0,0,62678,0
62663,-796,8034,1284,132,-4,-2,13492,-2,2,0,0,37037,128,27,66,0,0,0,0,0,0,0,0,-32311,0,0,0,0,0,62683,0
62668,-812,7984,1296,121,-10,-7,13492,1,-1,-3,0,37040,120,27,66,0,0,0,0,0,0,0,0,-32310,0,0,0,0,0,62688,0
62673,-800,8008,1296,120,-9,-7,13492,1,-2,-1,0,37040,120,27,66,0,0,0,0,0,0,0,0,-32310,0,0,0,0,0,62693,0
62678,-786,8028,1292,109,-6,-6,13492,-1,0,-2,0,37039,111,27,66,0,0,0,0,0,0,0,0,-32310,0,0,0,0,0,62698,0
62683,-818,8026,1336,111,-7,-12,13491,-1,1,-3,0,37039,111,27,66,0,0,0,0,0,0,0,0,-32310,0,0,0,0,0,62703,0
62688,-790,8000,1308,108,-7,-11,13491,1,0,-3,0,37041,122,27,66,0,0,0,0,0,0,0,0,-32310,0,0,0,0,0,62708,0
62693,-798,8014,1300,109,-5,-11,13491,0,-1,-1,0,37041,122,27,66,0,0,0,0,0,0,0,0,-32310,0,0,0,0,0,62713,0
62698,-846,7998,1320,105,-12,-12,13492,1,2,-1,0,37037,122,27,66,0,0,0,0,0,0,0,0,-32310,0,0,0,0,0,62718,0
62703,-804,8008,1320,104,-5,-14,13492,-3,-1,-1,0,37037,122,27,66,0,0,0,0,0,0,0,0,-32311,0,0,0,0,0,62723,0
62708,-838,8010,1346,101,-6,-16,13491,-2,1,-2,0,37039,127,27,66,0,0,0,0,0,0,0,0,-32311,0,0,0,0,0,62728,0
62713,-826,8004,1316,99,-1,-12,13492,4,3,-3,0,37039,127,27,66,0,0,0,0,0,0,0,0,-32310,0,0,0,0,0,62733,0
62718,-862,7964,1322,91,-3,-10,13491,-3,-2,-2,0,37040,127,27,66,0,0,0,0,0,0,0,0,-32310,0,0,0,0,0,62738,0
62723,-832,7996,1326,93,-9,-10,13491,0,2,-2,0,37040,127,27,66,0,0,0,0,0,0,0,0,-32310,0,0,0,0,0,62743,0
62728,-866,7986,1312,94,-7,-13,13491,-3,0,-3,0,37042,122,27,66,0,0,0,0,0,0,0,0,-32310,0,0,0,0,0,62748,0
62733,-856,7968,1302,88,-14,-14,13491,-7,0,-3,0,37042,122,27,66,0,0,0,0,0,0,0,0,-32310,0,0,0,0,0,62753,0
62738,-884,7964,1330,94,-11,-16,13492,0,2,0,0,37040,121,27,66,0,0,0,0,0,0,0,0,-32311,0,0,0,0,0,62758,0
62743,-870,7986,1346,82,-11,-14,13493,3,2,-1,0,37040,121,27,66,0,0,0,0,0,0,0,0,-32310,0,0,0,0,0,62763,0
62748,-880,7998,1352,86,-10,-4,13492,1,1,-2,0,37039,125,27,66,0,0,0,0,0,0,0,0,-32311,0,0,0,0,0,62768,0
62753,-864,7982,1342,84,-14,-13,13492,-1,-1,-1,0,37039,125,27,66,0,0,0,0,0,0,0,0,-32311,0,0,0,0,0,62773,0
62758,-874,7980,1344,89,-11,-12,13492,4,0,-1,0,37039,129,27,66,0,0,0,0,0,0,0,0,-32310,0,0,0,0,0,62778,0
62763,-874,7962,1350,85,-8,-10,13492,9,0,-2,0,37039,129,27,66,0,0,0,0,0,0,0,0,-32311,0,0,0,0,0,62783,0
62768,-902,7970,1326,78,-8,-4,13492,0,1,-2,0,37045,141,27,66,0,0,0,0,0,0,0,0,-32310,0,0,0,0,0,62788,0
62773,-886,7962,1342,71,-9,2,13491,-4,-2,-1,0,37045,141,27,66,0,0,0,0,0,0,0,0,-32310,0,0,0,0,0,62793,0
62778,-904,7980,1350,79,-3,-1,13492,-1,-1,-3,0,37047,136,27,66,0,0,0,0,0,0,0,0,-32310,0,0,0,0,0,62798,0
62783,-924,7982,1332,73,-9,-3,13491,-1,-3,-2,0,37047,136,27,66,0,0,0,0,0,0,0,0,-32310,0,0,0,0,0,62803,0
62788,-930,7984,1312,70,-4,1,13492,4,5,-1,0,37051,138,27,66,0,0,0,0,0,0,0,0,-32310,0,0,0,0,0,62808,0
62793,-940,7966,1322,65,-9,4,13491,-1,-1,-1,0,37051,138,27,66,0,0,0,0,0,0,0,0,-32310,0,0,0,0,0,62813,0
62798,-946,7974,1296,71,-6,4,13492,0,5,-3,0,37050,126,27,66,0,0,0,0,0,0,0,0,-32310,0,0,0,0,0,62818,0
62803,-944,7954,1304,67,-14,10,13491,0,-1,-2,0,37050,126,27,66,0,0,0,0,0,0,0,0,-32310,0,0,0,0,0,62823,0
62808,-906,7980,1314,58,-10,7,13491,-6,-1,0,0,37048,124,27,66,0,0,0,0,0,0,0,0,-32311,0,0,0,0,0,62828,0
62813,-942,7992,1316,58,-12,11,13492,6,0,-3,0,37048,124,27,66,0,0,0,0,0,0,0,0,-32310,0,0,0,0,0,62833,0
62818,-920,7990,1310,59,-16,15,13492,5,0,-2,0,37044,125,27,66,0,0,0,0,0,0,0,0,-32310,0,0,0,0,0,62838,0
62823,-906,8006,1334,54,-12,17,13491,-2,-1,-2,0,37044,125,27,66,0,0,0,0,0,0,0,0,-32310,0,0,0,0,0,62843,0
62828,-920,7966,1326,50,-11,23,13491,-5,2,-3,0,37042,120,27,66,0,0,0,0,0,0,0,0,-32311,0,0,0,0,0,62848,0
62833,-900,7996,1312,46,-15,23,13492,5,2,-2,0,37042,120,27,66,0,0,0,0,0,0,0,0,-32310,0,0,0,0,0,62853,0
62838,-926,7944,1302,48,-12,32,13491,-3,-1,0,0,37041,123,27,66,0,0,0,0,0,0,0,0,-32310,0,0,0,0,0,62858,0
62843,-922,7928,1318,45,-14,26,13491,3,3,-2,0,37041,123,27,66,0,0,0,0,0,0,0,0,-32310,0,0,0,0,0,62863,0
62848,-900,7964,1334,42,-14,29,13492,0,0,-1,0,37042,123,27,66,0,0,0,0,0,0,0,0,-32310,0,0,0,0,0,62868,0
62853,-920,7960,1340,41,-14,34,13492,6,0,-2,0,37042,123,27,66,0,0,0,0,0,0,0,0,-32310,0,0,0,0,0,62873,0
62858,-896,7986,1320,43,-16,31,13491,-4,-4,-2,0,37042,126,27,66,0,0,0,0,0,0,0,0,-32310,0,0,0,0,0,62878,0
62863,-918,7986,1326,35,-13,39,13490,2,4,-3,0,37042,126,27,66,0,0,0,0,0,0,0,0,-32310,0,0,0,0,0,62883,0
62868,-870,7970,1336,37,-15,37,13492,0,-2,-3,0,37040,125,28,66,0,0,0,0,0,0,0,0,-32310,0,0,0,0,0,62888,0
62873,-914,7964,1338,38,-18,40,13490,-4,-2,-2,0,37040,125,28,66,0,0,0,0,0,0,0,0,-32310,0,0,0,0,0,62893,0
62878,-882,7948,1358,32,-14,36,13491,-4,1,-2,0,37040,126,27,66,0,0,0,0,0,0,0,0,-32310,0,0,0,0,0,62898,0
62883,-916,7950,1346,36,-13,39,13490,-5,-2,-2,0,37040,126,27,66,0,0,0,0,0,0,0,0,-32310,0,0,0,0,0,62903,0
62888,-898,7946,1354,32,-16,42,13492,3,2,0,0,37040,125,27,66,0,0,0,0,0,0,0,0,-32310,0,0,0,0,0,62908,0
62893,-882,7976,1360,29,-25,46,13492,7,2,-1,0,37040,125,27,66,0,0,0,0,0,0,0,0,-32310,0,0,0,0,0,62913,0
62898,-894,7976,1372,28,-13,39,13490,-9,0,-3,0,37040,130,27,66,0,0,0,0,0,0,0,0,-32310,0,0,0,0,0,62918,0
62903,-866,8000,1372,26,-16,45,13492,1,2,-3,0,37040,130,27,66,0,0,0,0,0,0,0,0,-32310,0,0,0,0,0,62923,0
62908,-866,7958,1370,27,-12,47,13492,2,-3,-3,0,37039,126,27,66,0,0,0,0,0,0,0,0,-32310,0,0,0,0,0,62928,0
62913,-854,7964,1354,21,-13,50,13491,0,3,-2,0,37039,126,27,66,0,0,0,0,0,0,0,0,-32310,0,0,0,0,0,62933,0
62918,-866,7972,1374,17,-18,45,13491,5,-4,-2,0,37038,120,27,66,0,0,0,0,0,0,0,0,-32310,0,0,0,0,0,62938,0
62923,-860,7960,1354,19,-17,47,13492,-2,-3,-1,0,37038,120,27,66,0,0,0,0,0,0,0,0,-32310,0,0,0,0,0,62943,0
62928,-854,7946,1384,16,-19,48,13491,0,0,-2,0,37041,113,27,66,0,0,0,0,0,0,0,0,-32310,0,0,0,0,0,62948,0
62933,-832,8000,1390,25,-16,47,13492,1,1,-1,0,37041,113,27,66,0,0,0,0,0,0,0,0,-32310,0,0,0,0,0,62953,0
62938,-848,8004,1396,22,-15,50,13492,7,2,0,0,37042,125,27,66,0,0,0,0,0,0,0,0,-32310,0,0,0,0,0,62958,0
62943,-840,7954,1388,20,-16,45,13492,2,0,-2,0,37042,125,27,66,0,0,0,0,0,0,0,0,-32310,0,0,0,0,0,62963,0
62948,-866,7980,1416,19,-13,48,13491,2,2,-1,0,37042,125,27,66,0,0,0,0,0,0,0,0,-32310,0,0,0,0,0,62968,0
62953,-836,7976,1388,18,-12,44,13492,2,-3,-2,0,37042,125,27,66,0,0,0,0,0,0,0,0,-32310,0,0,0,0,0,62973,0
62958,-844,7990,1400,21,-16,46,13493,8,1,-4,0,37039,126,27,66,0,0,0,0,0,0,0,0,-32310,0,0,0,0,0,62978,0
62963,-808,7966,1414,16,-21,38,13492,-1,0,-2,0,37039,126,27,66,0,0,0,0,0,0,0,0,-32310,0,0,0,0,0,62983,0
62968,-808,7962,1418,13,-19,36,13491,-8,-3,-1,0,37042,124,27,66,0,0,0,0,0,0,0,0,-32311,0,0,0,0,0,62988,0
62973,-818,7982,1402,17,-19,41,13491,0,-4,-2,0,37042,124,27,66,0,0,0,0,0,0,0,0,-32310,0,0,0,0,0,62993,0
62978,-786,7960,1416,17,-19,37,13492,-2,-2,-2,0,37045,126,27,66,0,0,0,0,0,0,0,0,-32310,0,0,0,0,0,62998,0
62983,-806,7996,1436,16,-19,40,13491,8,4,-1,0,37045,126,27,66,0,0,0,0,0,0,0,0,-32310,0,0,0,0,0,63003,0
62988,-812,7988,1406,20,-17,38,13491,-3,-2,0,0,37044,133,27,66,0,0,0,0,0,0,0,0,-32310,0,0,0,0,0,63008,0
62993,-792,7974,1412,21,-18,32,13491,0,5,0,0,37044,133,27,66,0,0,0,0,0,0,0,0,-32310,0,0,0,0,0,63013,0
62998,-840,7950,1420,13,-18,33,13491,-3,2,-2,0,37042,126,27,66,0,0,0,0,0,0,0,0,-32310,0,0,0,0,0,63018,0
63003,-810,7962,1446,15,-18,40,13491,0,2,-1,0,37042,126,27,66,0,0,0,0,0,0,0,0,-32310,0,0,0,0,0,63023,0
63008,-792,7974,1432,22,-18,30,13491,-3,-6,-1,0,37038,121,28,66,0,0,0,0,0,0,0,0,-32311,0,0,0,0,0,63028,0
63013,-844,7964,1452,17,-17,30,13491,-2,2,-1,0,37038,121,28,66,0,0,0,0,0,0,0,0,-32310,0,0,0,0,0,63033,0
63018,-810,7982,1426,17,-23,33,13491,-2,0,-2,0,37038,120,27,66,0,0,0,0,0,0,0,0,-32310,0,0,0,0,0,63038,0
63023,-782,7958,1436,19,-17,28,13492,5,4,-1,0,37038,120,27,66,0,0,0,0,0,0,0,0,-32310,0,0,0,0,0,63043,0
63028,-804,7960,1446,21,-20,27,13491,-3,2,-2,0,37040,122,27,66,0,0,0,0,0,0,0,0,-32310,0,0,0,0,0,63048,0
63033,-794,7984,1458,20,-18,24,13491,-6,-1,-2,0,37040,122,27,66,0,0,0,0,0,0,0,0,-32310,0,0,0,0,0,63053,0
63038,-804,7974,1470,22,-16,24,13492,0,0,0,0,37042,128,27,66,0,0,0,0,0,0,0,0,-32310,0,0,0,0,0,63058,0
63043,-788,7944,1454,15,-18,29,13490,5,2,-2,0,37042,128,27,66,0,0,0,0,0,0,0,0,-32310,0,0,0,0,0,63063,0
63048,-826,7974,1446,30,-17,20,13492,-2,-1,-1,0,37043,130,27,66,0,0,0,0,0,0,0,0,-32310,0,0,0,0,0,63068,0
63053,-800,7958,1436,19,-18,23,13492,3,0,-2,0,37043,130,27,66,0,0,0,0,0,0,0,0,-32310,0,0,0,0,0,63073,0
63058,-812,7952,1460,22,-15,18,13492,-1,3,-2,0,37044,117,27,66,0,0,0,0,0,0,0,0,-32310,0,0,0,0,0,63078,0
63063,-802,7966,1470,21,-15,16,13491,3,-1,-2,0,37044,117,27,66,0,0,0,0,0,0,0,0,-32310,0,0,0,0,0,63083,0
63068,-822,7944,1470,26,-14,19,13491,-2,-5,-3,0,37044,115,28,66,0,0,0,0,0,0,0,0,-32310,0,0,0,0,0,63088,0
63073,-824,7976,1450,27,-17,16,13492,-4,-1,0,0,37044,115,28,66,0,0,0,0,0,0,0,0,-32310,0,0,0,0,0,63093,0
63078,-814,7954,1462,29,-14,12,13492,-1,-1,0,0,37045,112,27,66,0,0,0,0,0,0,0,0,-32310,0,0,0,0,0,63098,0
63083,-810,7958,1472,28,-18,14,13492,-3,1,-1,0,37045,112,27,66,0,0,0,0,0,0,0,0,-32310,0,0,0,0,0,63103,0
63088,-814,7952,1466,32,-14,12,13492,0,-4,-1,0,37045,118,27,66,0,0,0,0,0,0,0,0,-32310,0,0,0,0,0,63108,0
63093,-798,7974,1492,28,-13,10,13491,-1,-2,-2,0,37045,118,27,66,0,0,0,0,0,0,0,0,-32310,0,0,0,0,0,63113,0
63098,-834,7948,1498,32,-14,13,13491,-2,3,-2,0,37043,116,27,66,0,0,0,0,0,0,0,0,-32310,0,0,0,0,0,63118,0
63103,-824,7952,1464,33,-17,4,13490,-5,-2,-2,0,37043,116,27,66,0,0,0,0,0,0,0,0,-32310,0,0,0,0,0,63123,0
63108,-830,7966,1484,30,-11,12,13491,0,3,-2,0,37039,117,28,66,0,0,0,0,0,0,0,0,-32310,0,0,0,0,0,63128,0
63113,-832,7966,1476,33,-9,11,13491,4,3,-2,0,37039,117,28,66,0,0,0,0,0,0,0,0,-32310,0,0,0,0,0,63133,0
63118,-848,7948,1468,34,-8,13,13491,5,6,-3,0,37039,125,27,66,0,0,0,0,0,0,0,0,-32311,0,0,0,0,0,63138,0
63123,-856,7956,1480,37,-13,4,13491,-1,4,-1,0,37039,125,27,66,0,0,0,0,0,0,0,0,-32310,0,0,0,0,0,63143,0
63128,-834,7940,1482,38,-18,13,13492,3,0,-2,0,37041,126,28,66,0,0,0,0,0,0,0,0,-32310,0,0,0,0,0,63148,0
63133,-868,7954,1472,36,-15,6,13491,0,1,-2,0,37041,126,28,66,0,0,0,0,0,0,0,0,-32310,0,0,0,0,0,63153,0
63138,-842,7970,1498,41,-17,12,13491,0,0,-1,0,37042,131,27,66,0,0,0,0,0,0,0,0,-32310,0,0,0,0,0,63158,0
63143,-852,7964,1498,41,-16,11,13490,-5,-4,-1,0,37042,131,27,66,0,0,0,0,0,0,0,0,-32310,0,0,0,0,0,63163,0
63148,-884,7926,1512,41,-13,15,13492,1,3,-1,0,37042,133,27,66,0,0,0,0,0,0,0,0,-32310,0,0,0,0,0,63168,0
63153,-856,7930,1490,47,-9,10,13492,6,-1,-2,0,37042,133,27,66,0,0,0,0,0,0,0,0,-32310,0,0,0,0,0,63173,0
63158,-858,7950,1502,51,-10,14,13491,4,6,-3,0,37041,139,27,66,0,0,0,0,0,0,0,0,-32310,0,0,0,0,0,63178,0
63163,-834,7972,1516,46,-10,16,13491,-7,1,-2,0,37041,139,27,66,0,0,0,0,0,0,0,0,-32310,0,0,0,0,0,63183,0
63168,-864,7948,1484,45,-10,19,13492,3,-2,-3,0,37042,137,27,66,0,0,0,0,0,0,0,0,-32310,0,0,0,0,0,63188,0
63173,-862,7938,1486,49,-14,17,13490,-4,3,-3,0,37042,137,27,66,0,0,0,0,0,0,0,0,-32310,0,0,0,0,0,63193,0
63178,-870,7932,1502,54,-9,20,13492,1,-4,-1,0,37044,127,28,66,0,0,0,0,0,0,0,0,-32311,0,0,0,0,0,63198,0
63183,-860,7940,1506,56,-13,18,13491,0,-4,0,0,37044,127,28,66,0,0,0,0,0,0,0,0,-32310,0,0,0,0,0,63203,0
63188,-866,7922,1512,53,-11,19,13492,3,3,0,0,37046,119,27,66,0,0,0,0,0,0,0,0,-32310,0,0,0,0,0,63208,0
63193,-854,7966,1498,54,-11,21,13492,4,-4,-1,0,37046,119,27,66,0,0,0,0,0,0,0,0,-32310,0,0,0,0,0,63213,0
63198,-888,7934,1508,54,-7,18,13491,0,2,-1,0,37047,123,27,66,0,0,0,0,0,0,0,0,-32310,0,0,0,0,0,63218,0
63203,-880,7928,1496,59,-7,26,13492,5,-4,-1,0,37047,123,27,66,0,0,0,0,0,0,0,0,-32310,0,0,0,0,0,63223,0
63208,-840,7932,1500,67,-3,24,13492,0,-1,-1,0,37046,127,27,66,0,0,0,0,0,0,0,0,-32311,0,0,0,0,0,63228,0
63213,-866,7974,1482,59,-9,25,13492,1,-2,-2,0,37046,127,27,66,0,0,0,0,0,0,0,0,-32310,0,0,0,0,0,63233,0
63218,-870,7938,1476,64,-8,26,13491,-1,-4,0,0,37039,122,28,66,0,0,0,0,0,0,0,0,-32311,0,0,0,0,0,63238,0
63223,-872,7942,1476,62,-9,25,13492,0,-3,-3,0,37039,122,28,66,0,0,0,0,0,0,0,0,-32310,0,0,0,0,0,63243,0
63228,-880,7956,1496,66,-10,28,13491,-5,-4,-2,0,37039,116,27,66,0,0,0,0,0,0,0,0,-32310,0,0,0,0,0,63248,0
63233,-860,7962,1496,66,-12,31,13491,-2,-1,-1,0,37039,116,27,66,0,0,0,0,0,0,0,0,-32310,0,0,0,0,0,63253,0
63238,-860,7950,1498,65,-9,31,13491,3,0,-1,0,37048,121,27,66,0,0,0,0,0,0,0,0,-32310,0,0,0,0,0,63258,0
63243,-856,7940,1500,70,-13,31,13492,0,0,-2,0,37048,121,27,66,0,0,0,0,0,0,0,0,-32310,0,0,0,0,0,63263,0
63248,-870,7954,1482,71,-5,32,13490,-2,0,0,0,37054,119,27,66,0,0,0,0,0,0,0,0,-32310,0,0,0,0,0,63268,0
63253,-864,7940,1494,69,-7,27,13491,1,3,0,0,37054,119,27,66,0,0,0,0,0,0,0,0,-32310,0,0,0,0,0,63273,0
63258,-826,7938,1482,73,-10,34,13491,-1,2,-1,0,37050,123,28,66,0,0,0,0,0,0,0,0,-32310,0,0,0,0,0,63278,0
63263,-860,7970,1486,73,-6,32,13491,0,7,-2,0,37050,123,28,66,0,0,0,0,0,0,0,0,-32310,0,0,0,0,0,63283,0
63268,-852,7980,1484,77,-8,38,13492,7,2,-1,0,37045,122,27,66,0,0,0,0,0,0,0,0,-32310,0,0,0,0,0,63288,0
63273,-860,7926,1480,72,-8,34,13491,-3,0,-1,0,37045,122,27,66,0,0,0,0,0,0,0,0,-32310,0,0,0,0,0,63293,0
63278,-870,7942,1464,71,-5,38,13492,3,-1,-2,0,37042,124,27,66,0,0,0,0,0,0,0,0,-32310,0,0,0,0,0,63298,0
63283,-824,7932,1494,77,-8,33,13492,-2,-2,0,0,37042,124,27,66,0,0,0,0,0,0,0,0,-32310,0,0,0,0,0,63303,0
63288,-858,7940,1490,74,-11,37,13491,-7,-3,-1,0,37050,134,27,66,0,0,0,0,0,0,0,0,-32310,0,0,0,0,0,63308,0
63293,-846,7972,1476,74,-12,34,13491,-2,-2,-4,0,37050,134,27,66,0,0,0,0,0,0,0,0,-32310,0,0,0,0,0,63313,0
63298,-806,7974,1478,73,-8,36,13492,-1,-5,-3,0,37050,125,27,66,0,0,0,0,0,0,0,0,-32310,0,0,0,0,0,63318,0
63303,-846,7946,1478,79,-12,38,13491,-7,-3,-3,0,37050,125,27,66,0,0,0,0,0,0,0,0,-32310,0,0,0,0,0,63323,0
63308,-840,7980,1484,85,-8,34,13491,-10,0,-2,0,37048,113,27,66,0,0,0,0,0,0,0,0,-32310,0,0,0,0,0,63328,0
63313,-850,7960,1472,84,-10,32,13490,-1,0,-2,0,37048,113,27,66,0,0,0,0,0,0,0,0,-32310,0,0,0,0,0,63333,0
63318,-844,7958,1480,79,-5,37,13491,0,1,-1,0,37042,106,28,66,0,0,0,0,0,0,0,0,-32310,0,0,0,0,0,63338,0
63323,-810,7950,1486,79,-9,32,13491,-1,0,-2,0,37042,106,28,66,0,0,0,0,0,0,0,0,-32310,0,0,0,0,0,63344,0
63328,-838,7940,1478,83,-3,34,13491,0,5,-2,0,37040,113,27,66,0,0,0,0,0,0,0,0,-32310,0,0,0,0,0,63349,0
63333,-820,7954,1472,80,-9,40,13492,1,4,-1,0,37040,113,27,66,0,0,0,0,0,0,0,0,-32311,0,0,0,0,0,63354,0
63338,-814,7974,1468,82,-4,35,13492,1,1,-1,0,37038,122,27,66,0,0,0,0,0,0,0,0,-32311,0,0,0,0,0,63359,0
63343,-842,7950,1472,86,-6,30,13491,-8,-4,-2,0,37038,122,27,66,0,0,0,0,0,0,0,0,-32310,0,0,0,0,0,63364,0
63348,-808,7968,1456,88,-3,28,13493,3,-3,-1,0,37039,131,27,66,0,0,0,0,0,0,0,0,-32310,0,0,0,0,0,63369,0
63353,-798,7954,1464,89,-10,31,13492,5,-1,-1,0,37039,131,27,66,0,0,0,0,0,0,0,0,-32310,0,0,0,0,0,63374,0
63358,-846,7984,1470,85,-7,35,13491,-1,-1,-1,0,37040,128,27,66,0,0,0,0,0,0,0,0,-32310,0,0,0,0,0,63379,0
63363,-818,7962,1484,86,-9,30,13492,6,-1,-1,0,37040,128,27,66,0,0,0,0,0,0,0,0,-32310,0,0,0,0,0,63384,0
63368,-832,7956,1456,85,-3,22,13491,7,1,-2,0,37040,120,27,66,0,0,0,0,0,0,0,0,-32310,0,0,0,0,0,63389,0
63373,-796,7970,1452,91,-2,30,13492,0,0,-2,0,37040,120,27,66,0,0,0,0,0,0,0,0,-32310,0,0,0,0,0,63394,0
63378,-792,7966,1476,86,-6,28,13492,-3,-3,-2,0,37041,126,27,66,0,0,0,0,0,0,0,0,-32311,0,0,0,0,0,63399,0
63383,-800,7980,1462,86,-3,28,13492,6,3,0,0,37041,126,27,66,0,0,0,0,0,0,0,0,-32310,0,0,0,0,0,63404,0
63388,-824,7972,1460,84,-2,22,13491,-1,-4,1,0,37045,127,27,66,0,0,0,0,0,0,0,0,-32310,0,0,0,0,0,63409,0
63393,-830,7976,1462,90,-3,26,13491,-4,-6,-1,0,37045,127,27,66,0,0,0,0,0,0,0,0,-32310,0,0,0,0,0,63414,0
63398,-828,7942,1464,87,-6,23,13492,5,3,-2,0,37045,126,27,66,0,0,0,0,0,0,0,0,-32310,0,0,0,0,0,63419,0
63403,-814,7982,1442,88,-5,24,13492,9,2,-1,0,37045,126,27,66,0,0,0,0,0,0,0,0,-32310,0,0,0,0,0,63424,0
63408,-854,7968,1460,93,-8,22,13492,1,1,-1,0,37043,120,27,66,0,0,0,0,0,0,0,0,-32310,0,0,0,0,0,63429,0
63413,-812,7966,1450,94,-7,22,13490,-8,-3,0,0,37043,120,27,66,0,0,0,0,0,0,0,0,-32310,0,0,0,0,0,63434,0
63418,-844,7960,1464,89,-8,20,13491,-5,1,0,0,37039,120,27,66,0,0,0,0,0,0,0,0,-32310,0,0,0,0,0,63439,0
63423,-806,7956,1462,95,-5,22,13492,6,-1,-1,0,37039,120,27,66,0,0,0,0,0,0,0,0,-32310,0,0,0,0,0,63444,0
63428,-844,7974,1472,92,-8,23,13492,5,2,-2,0,37040,127,28,66,0,0,0,0,0,0,0,0,-32310,0,0,0,0,0,63449,0
63433,-824,7944,1460,86,-7,19,13492,4,0,-1,0,37040,127,28,66,0,0,0,0,0,0,0,0,-32310,0,0,0,0,0,63454,0
63438,-812,7984,1460,101,-1,17,13491,-1,-2,-1,0,37040,125,27,66,0,0,0,0,0,0,0,0,-32310,0,0,0,0,0,63459,0
63443,-848,7962,1458,89,-9,22,13492,1,2,-1,0,37040,125,27,66,0,0,0,0,0,0,0,0,-32310,0,0,0,0,0,63464,0
63448,-840,7962,1450,93,-3,16,13491,-4,-2,-1,0,37041,126,27,66,0,0,0,0,0,0,0,0,-32310,0,0,0,0,0,63469,0
63453,-832,7954,1456,89,-5,18,13492,7,1,-1,0,37041,126,27,66,0,0,0,0,0,0,0,0,-32310,0,0,0,0,0,63474,0
63458,-826,7972,1452,96,-1,15,13491,-1,-3,-2,0,37042,129,27,66,0,0,0,0,0,0,0,0,-32310,0,0,0,0,0,63479,0
63463,-840,7964,1442,95,-4,19,13491,2,1,-1,0,37042,129,27,66,0,0,0,0,0,0,0,0,-32310,0,0,0,0,0,63484,0
63468,-846,7940,1430,96,-9,18,13492,0,-4,-2,0,37042,133,27,66,0,0,0,0,0,0,0,0,-32310,0,0,0,0,0,63489,0
63473,-850,7962,1428,99,-4,20,13491,-3,3,-2,0,37042,133,27,66,0,0,0,0,0,0,0,0,-32310,0,0,0,0,0,63494,0
63478,-860,7958,1448,93,-7,12,13491,-5,-1,-3,0,37041,129,27,66,0,0,0,0,0,0,0,0,-32310,0,0,0,0,0,63499,0
63483,-864,7964,1430,96,-5,16,13493,7,-3,-3,0,37041,129,27,66,0,0,0,0,0,0,0,0,-32310,0,0,0,0,0,63504,0
63488,-848,7960,1430,95,-9,17,13492,5,1,-3,0,37041,132,27,66,0,0,0,0,0,0,0,0,-32310,0,0,0,0,0,63509,0
63493,-858,7948,1440,93,-6,14,13491,0,2,-4,0,37041,132,27,66,0,0,0,0,0,0,0,0,-32310,0,0,0,0,0,63514,0
63498,-826,7936,1438,99,-4,13,13490,-5,1,-1,0,37044,127,27,66,0,0,0,0,0,0,0,0,-32310,0,0,0,0,0,63519,0
63503,-854,7944,1458,100,-7,15,13491,-7,-1,-1,0,37044,127,27,66,0,0,0,0,0,0,0,0,-32310,0,0,0,0,0,63524,0
63508,-840,7954,1448,97,-9,15,13491,3,2,-2,0,37042,131,27,66,0,0,0,0,0,0,0,0,-32310,0,0,0,0,0,63529,0
63513,-832,7964,1464,99,-4,17,13493,0,0,-2,0,37042,131,27,66,0,0,0,0,0,0,0,0,-32310,0,0,0,0,0,63534,0
63518,-834,7942,1434,101,-6,19,13491,-6,3,-2,0,37039,125,27,66,0,0,0,0,0,0,0,0,-32310,0,0,0,0,0,63539,0
63523,-836,7958,1444,103,2,20,13492,1,-2,-2,0,37039,125,27,66,0,0,0,0,0,0,0,0,-32310,0,0,0,0,0,63544,0
63528,-842,7948,1436,102,-1,19,13491,1,0,-3,0,37039,125,27,66,0,0,0,0,0,0,0,0,-32310,0,0,0,0,0,63549,0
63533,-864,7948,1412,103,-3,19,13491,-6,-1,-2,0,37039,125,27,66,0,0,0,0,0,0,0,0,-32310,0,0,0,0,0,63554,0
63538,-856,7966,1420,96,-6,16,13490,-6,-2,-1,0,37043,126,27,66,0,0,0,0,0,0,0,0,-32310,0,0,0,0,0,63559,0
63543,-820,7958,1446,99,-3,17,13491,-4,2,-3,0,37043,126,27,66,0,0,0,0,0,0,0,0,-32310,0,0,0,0,0,63564,0
63548,-834,7946,1460,99,-4,17,13492,-1,-2,-3,0,37046,116,27,66,0,0,0,0,0,0,0,0,-32310,0,0,0,0,0,63569,0
63553,-862,7966,1430,100,-7,17,13490,-4,4,-3,0,37046,116,27,66,0,0,0,0,0,0,0,0,-32310,0,0,0,0,0,63574,0
63558,-866,7948,1416,103,-5,14,13491,-1,1,-3,0,37045,118,27,66,0,0,0,0,0,0,0,0,-32310,0,0,0,0,0,63579,0
63563,-840,7960,1464,104,-8,18,13492,1,1,-2,0,37045,118,27,66,0,0,0,0,0,0,0,0,-32310,0,0,0,0,0,63584,0
63568,-848,7944,1420,100,-6,20,13491,-5,3,-3,0,37044,114,27,66,0,0,0,0,0,0,0,0,-32310,0,0,0,0,0,63589,0
63573,-860,7956,1430,105,-10,13,13492,-3,4,-1,0,37044,114,27,66,0,0,0,0,0,0,0,0,-32310,0,0,0,0,0,63594,0
63578,-850,7978,1444,104,-7,21,13491,2,0,-3,0,37044,125,28,66,0,0,0,0,0,0,0,0,-32310,0,0,0,0,0,63599,0
63583,-852,7950,1428,99,-10,20,13491,-2,-4,-3,0,37044,125,28,66,0,0,0,0,0,0,0,0,-32310,0,0,0,0,0,63604,0
63588,-868,7968,1434,98,0,20,13493,9,6,-1,0,37043,126,27,66,0,0,0,0,0,0,0,0,-32310,0,0,0,0,0,63609,0
63593,-850,7968,1428,99,0,18,13493,3,5,-3,0,37043,126,27,66,0,0,0,0,0,0,0,0,-32310,0,0,0,0,0,63614,0
63598,-836,7952,1432,103,-5,19,13492,-1,4,-2,0,37042,129,28,66,0,0,0,0,0,0,0,0,-32310,0,0,0,0,0,63619,0
63603,-864,7954,1430,102,-9,20,13491,-2,-2,-2,0,37042,129,28,66,0,0,0,0,0,0,0,0,-32310,0,0,0,0,0,63624,0
63608,-854,7970,1408,103,-1,19,13491,1,-4,-2,0,37040,123,27,66,0,0,0,0,0,0,0,0,-32310,0,0,0,0,0,63629,0
63613,-858,7956,1404,102,-6,22,13492,0,4,-3,0,37040,123,27,66,0,0,0,0,0,0,0,0,-32310,0,0,0,0,0,63634,0
63618,-840,7962,1426,108,-7,21,13491,-7,2,-2,0,37040,121,27,66,0,0,0,0,0,0,0,0,-32310,0,0,0,0,0,63639,0
63623,-838,7948,1444,102,-8,23,13492,0,-1,-1,0,37040,121,27,66,0,0,0,0,0,0,0,0,-32310,0,0,0,0,0,63644,0
63628,-862,7948,1416,96,-4,25,13492,0,2,-3,0,37038,123,28,66,0,0,0,0,0,0,0,0,-32310,0,0,0,0,0,63649,0
63633,-876,7944,1440,102,-2,20,13490,-4,-3,-1,0,37038,123,28,66,0,0,0,0,0,0,0,0,-32310,0,0,0,0,0,63654,0
63638,-852,7954,1438,103,-5,24,13492,5,3,-1,0,37038,127,27,66,0,0,0,0,0,0,0,0,-32310,0,0,0,0,0,63659,0
63643,-844,7964,1422,100,-7,18,13492,-2,1,-2,0,37038,127,27,66,0,0,0,0,0,0,0,0,-32310,0,0,0,0,0,63664,0
63648,-860,7966,1418,101,-3,24,13491,0,2,-1,0,37038,135,27,66,0,0,0,0,0,0,0,0,-32310,0,0,0,0,0,63669,0
63653,-850,7956,1416,105,-3,21,13492,1,-1,-1,0,37038,135,27,66,0,0,0,0,0,0,0,0,-32310,0,0,0,0,0,63674,0
63658,-860,7952,1424,99,1,23,13491,-4,-2,-2,0,37039,128,27,66,0,0,0,0,0,0,0,0,-32310,0,0,0,0,0,63679,0
63663,-884,7970,1412,104,-2,18,13491,1,-2,0,0,37039,128,27,66,0,0,0,0,0,0,0,0,-32310,0,0,0,0,0,63684,0
63668,-874,7968,1420,101,-3,22,13491,-2,-2,-1,0,37039,121,27,66,0,0,0,0,0,0,0,0,-32310,0,0,0,0,0,63689,0
63673,-856,7948,1412,104,-5,24,13490,0,-1,-1,0,37039,121,27,66,0,0,0,0,0,0,0,0,-32310,0,0,0,0,0,63694,0
63678,-850,7950,1442,102,-13,20,13491,-3,-1,-2,0,37039,121,27,66,0,0,0,0,0,0,0,0,-32310,0,0,0,0,0,63699,0
63683,-862,7952,1410,108,-7,24,13490,-8,1,-2,0,37039,121,27,66,0,0,0,0,0,0,0,0,-32310,0,0,0,0,0,63704,0
63688,-868,7936,1436,108,-8,26,13490,-2,-2,-2,0,37038,123,27,66,0,0,0,0,0,0,0,0,-32310,0,0,0,0,0,63709,0
63693,-868,7964,1430,102,-5,26,13493,3,1,-1,0,37038,123,27,66,0,0,0,0,0,0,0,0,-32310,0,0,0,0,0,63714,0
63698,-862,7994,1426,113,-4,24,13491,-2,-1,-1,0,37038,123,27,66,0,0,0,0,0,0,0,0,-32310,0,0,0,0,0,63719,0
63703,-856,7960,1416,107,-4,28,13492,1,3,-2,0,37038,123,27,66,0,0,0,0,0,0,0,0,-32310,0,0,0,0,0,63724,0
63708,-854,7972,1400,110,-6,29,13491,-1,-1,-3,0,37041,119,27,66,0,0,0,0,0,0,0,0,-32310,0,0,0,0,0,63729,0
63713,-876,7956,1404,108,-4,31,13490,-5,0,-2,0,37041,119,27,66,0,0,0,0,0,0,0,0,-32310,0,0,0,0,0,63734,0
63718,-894,7956,1426,108,-10,29,13492,-4,1,-1,0,37043,119,28,66,0,0,0,0,0,0,0,0,-32310,0,0,0,0,0,63739,0
63723,-902,7948,1422,105,-3,35,13491,-1,-1,-1,0,37043,119,28,66,0,0,0,0,0,0,0,0,-32310,0,0,0,0,0,63744,0
63728,-912,7934,1410,101,-6,29,13491,1,-2,-3,0,37045,124,27,66,0,0,0,0,0,0,0,0,-32310,0,0,0,0,0,63749,0
63733,-854,7962,1418,107,-10,36,13491,-1,-1,-2,0,37045,124,27,66,0,0,0,0,0,0,0,0,-32310,0,0,0,0,0,63754,0
63738,-856,7938,1416,105,-8,35,13492,-2,-1,0,0,37045,120,27,66,0,0,0,0,0,0,0,0,-32310,0,0,0,0,0,63759,0
63743,-898,7944,1420,111,-1,33,13490,-6,-4,0,0,37045,120,27,66,0,0,0,0,0,0,0,0,-32310,0,0,0,0,0,63764,0
63748,-862,7954,1400,105,-2,38,13491,-1,-2,-1,0,37041,120,27,66,0,0,0,0,0,0,0,0,-32310,0,0,0,0,0,63769,0
63753,-864,7964,1390,101,-3,36,13491,0,-2,-2,0,37041,120,27,66,0,0,0,0,0,0,0,0,-32310,0,0,0,0,0,63774,0
63758,-868,7974,1386,108,-7,41,13490,-1,-4,-2,0,37039,127,27,66,0,0,0,0,0,0,0,0,-32310,0,0,0,0,0,63779,0
63763,-850,7956,1382,109,-2,39,13490,3,-1,-1,0,37039,127,27,66,0,0,0,0,0,0,0,0,-32310,0,0,0,0,0,63784,0
63768,-846,7970,1372,110,-6,38,13490,-8,-3,-3,0,37038,125,28,66,0,0,0,0,0,0,0,0,-32310,0,0,0,0,0,63789,0
63773,-866,7964,1374,105,-2,39,13492,0,6,-2,0,37038,125,28,66,0,0,0,0,0,0,0,0,-32310,0,0,0,0,0,63794,0
63778,-864,7930,1380,103,-6,39,13490,-4,-5,-3,0,37038,127,27,66,0,0,0,0,0,0,0,0,-32310,0,0,0,0,0,63799,0
63783,-876,7956,1376,109,-1,39,13491,-6,-3,-3,0,37038,127,27,66,0,0,0,0,0,0,0,0,-32310,0,0,0,0,0,63804,0
63788,-858,7968,1394,111,-14,38,13491,2,-3,-2,0,37042,133,27,66,0,0,0,0,0,0,0,0,-32310,0,0,0,0,0,63809,0
63793,-850,7970,1408,110,-9,40,13492,3,-1,-3,0,37042,133,27,66,0,0,0,0,0,0,0,0,-32310,0,0,0,0,0,63814,0
63798,-844,7998,1404,107,-11,46,13491,3,-4,-3,0,37045,136,27,66,0,0,0,0,0,0,0,0,-32310,0,0,0,0,0,63819,0
63803,-832,7972,1384,106,-5,34,13492,9,1,-3,0,37045,136,27,66,0,0,0,0,0,0,0,0,-32310,0,0,0,0,0,63824,0
63808,-838,7976,1374,109,-6,43,13493,0,5,1,0,37045,128,27,66,0,0,0,0,0,0,0,0,-32310,0,0,0,0,0,63829,0
63813,-836,7956,1398,101,-7,41,13492,-4,1,0,0,37045,128,27,66,0,0,0,0,0,0,0,0,-32310,0,0,0,0,0,63834,0
63818,-836,7960,1396,110,-1,41,13492,5,0,-1,0,37045,115,27,66,0,0,0,0,0,0,0,0,-32310,0,0,0,0,0,63839,0
63823,-836,7978,1394,112,-7,42,13491,-1,-3,0,0,37045,115,27,66,0,0,0,0,0,0,0,0,-32310,0,0,0,0,0,63844,0
63828,-838,7966,1384,105,-6,41,13493,5,-1,-1,0,37045,117,27,66,0,0,0,0,0,0,0,0,-32310,0,0,0,0,0,63849,0
63833,-814,7976,1406,107,-7,41,13491,0,4,-1,0,37045,117,27,66,0,0,0,0,0,0,0,0,-32310,0,0,0,0,0,63854,0
63838,-818,7954,1394,111,-5,44,13492,0,2,-1,0,37045,118,27,66,0,0,0,0,0,0,0,0,-32310,0,0,0,0,0,63859,0
63843,-832,7990,1404,108,-3,41,13492,7,-1,-2,0,37045,118,27,66,0,0,0,0,0,0,0,0,-32310,0,0,0,0,0,63864,0
63848,-824,7994,1398,109,-4,36,13491,0,0,-1,0,37040,126,27,66,0,0,0,0,0,0,0,0,-32311,0,0,0,0,0,63869,0
63853,-818,7958,1392,111,-3,40,13491,-3,2,-2,0,37040,126,27,66,0,0,0,0,0,0,0,0,-32310,0,0,0,0,0,63874,0
63858,-824,7994,1378,108,-4,36,13492,3,0,-1,0,37038,120,27,66,0,0,0,0,0,0,0,0,-32310,0,0,0,0,0,63879,0
63863,-838,7960,1384,110,-3,38,13492,5,2,-1,0,37038,120,27,66,0,0,0,0,0,0,0,0,-32310,0,0,0,0,0,63884,0
63868,-838,7966,1402,101,-2,37,13490,-2,-3,-2,0,37039,125,27,66,0,0,0,0,0,0,0,0,-32310,0,0,0,0,0,63889,0
63873,-824,7960,1376,108,0,40,13492,-1,3,-2,0,37039,125,27,66,0,0,0,0,0,0,0,0,-32310,0,0,0,0,0,63894,0
63878,-802,7974,1382,113,0,38,13492,1,-2,-3,0,37041,127,27,66,0,0,0,0,0,0,0,0,-32310,0,0,0,0,0,63899,0
63883,-808,7974,1380,109,-6,36,13492,0,0,-2,0,37041,127,27,66,0,0,0,0,0,0,0,0,-32310,0,0,0,0,0,63904,0
63888,-822,7970,1374,107,-4,35,13491,1,-3,-2,0,37042,122,27,66,0,0,0,0,0,0,0,0,-32311,0,0,0,0,0,63909,0
63893,-810,7996,1384,105,-6,31,13492,1,-1,0,0,37042,122,27,66,0,0,0,0,0,0,0,0,-32310,0,0,0,0,0,63914,0
63898,-814,7970,1390,110,-9,35,13491,-2,-1,-2,0,37040,123,27,66,0,0,0,0,0,0,0,0,-32310,0,0,0,0,0,63919,0
63903,-802,7986,1404,115,-3,33,13490,0,3,-3,0,37040,123,27,66,0,0,0,0,0,0,0,0,-32310,0,0,0,0,0,63924,0
63908,-800,7976,1392,111,-5,30,13491,-1,-3,-1,0,37040,126,27,66,0,0,0,0,0,0,0,0,-32310,0,0,0,0,0,63929,0
63913,-798,7988,1390,112,-7,33,13491,2,1,-1,0,37040,126,27,66,0,0,0,0,0,0,0,0,-32310,0,0,0,0,0,63934,0
63918,-796,7954,1392,116,-3,28,13490,-6,3,0,0,37041,121,28,66,0,0,0,0,0,0,0,0,-32310,0,0,0,0,0,63939,0
63923,-804,7970,1398,113,-5,28,13491,-6,1,-1,0,37041,121,28,66,0,0,0,0,0,0,0,0,-32310,0,0,0,0,0,63944,0
63928,-808,7986,1394,117,-6,23,13492,9,1,-2,0,37041,119,28,66,0,0,0,0,0,0,0,0,-32310,0,0,0,0,0,63949,0
63933,-816,7984,1414,117,-5,30,13491,5,5,-1,0,37041,119,28,66,0,0,0,0,0,0,0,0,-32310,0,0,0,0,0,63954,0
63938,-830,7960,1404,119,-1,24,13491,-6,2,0,0,37042,121,28,66,0,0,0,0,0,0,0,0,-32311,0,0,0,0,0,63959,0
63943,-802,7976,1400,118,-8,25,13492,-1,-1,-1,0,37042,121,28,66,0,0,0,0,0,0,0,0,-32310,0,0,0,0,0,63964,0
63948,-804,7958,1388,123,-1,24,13491,3,6,-2,0,37039,126,27,66,0,0,0,0,0,0,0,0,-32310,0,0,0,0,0,63969,0
63953,-814,7942,1416,123,3,17,13491,2,1,-1,0,37039,126,27,66,0,0,0,0,0,0,0,0,-32311,0,0,0,0,0,63974,0
63958,-808,7974,1402,117,-4,22,13491,9,-2,-1,0,37039,125,27,66,0,0,0,0,0,0,0,0,-32310,0,0,0,0,0,63979,0
63963,-782,7970,1400,126,-5,21,13492,0,8,-2,0,37039,125,27,66,0,0,0,0,0,0,0,0,-32311,0,0,0,0,0,63984,0
63968,-818,7992,1374,120,1,17,13491,0,3,-2,0,37038,125,27,66,0,0,0,0,0,0,0,0,-32310,0,0,0,0,0,63989,0
63973,-830,7976,1374,123,2,15,13491,-2,-3,-1,0,37038,125,27,66,0,0,0,0,0,0,0,0,-32310,0,0,0,0,0,63994,0
63978,-828,7952,1364,121,5,20,13491,0,-3,-1,0,37039,122,27,66,0,0,0,0,0,0,0,0,-32311,0,0,0,0,0,63999,0
63983,-854,7974,1370,123,2,16,13491,1,-5,-1,0,37039,122,27,66,0,0,0,0,0,0,0,0,-32310,0,0,0,0,0,64004,0
63988,-878,7978,1336,120,0,15,13491,-5,1,0,0,37039,128,27,66,0,0,0,0,0,0,0,0,-32311,0,0,0,0,0,64009,0
63993,-862,7962,1348,117,-3,16,13493,3,0,0,0,37039,128,27,66,0,0,0,0,0,0,0,0,-32310,0,0,0,0,0,64014,0
63998,-870,7974,1348,123,-7,21,13491,1,0,-1,0,37038,123,27,66,0,0,0,0,0,0,0,0,-32310,0,0,0,0,0,64019,0
64003,-870,7930,1324,125,-6,21,13492,-3,3,-2,0,37038,123,27,66,0,0,0,0,0,0,0,0,-32310,0,0,0,0,0,64024,0
64008,-872,7988,1330,122,-8,22,13492,3,-5,-2,0,37038,121,27,66,0,0,0,0,0,0,0,0,-32310,0,0,0,0,0,64029,0
64013,-848,7996,1336,124,-12,27,13491,0,4,-3,0,37038,121,27,66,0,0,0,0,0,0,0,0,-32310,0,0,0,0,0,64034,0
64018,-840,7982,1342,121,-13,18,13491,-7,-1,-1,0,37038,125,28,66,0,0,0,0,0,0,0,0,-32310,0,0,0,0,0,64039,0
64023,-844,7992,1356,123,-15,24,13491,0,0,0,0,37038,125,28,66,0,0,0,0,0,0,0,0,-32310,0,0,0,0,0,64044,0
64028,-834,7972,1366,126,-12,25,13492,0,3,-2,0,37042,120,28,66,0,0,0,0,0,0,0,0,-32310,0,0,0,0,0,64049,0
64033,-832,7970,1370,126,-17,25,13490,-3,2,-2,0,37042,120,28,66,0,0,0,0,0,0,0,0,-32310,0,0,0,0,0,64054,0
64038,-822,7940,1364,126,-8,24,13492,0,-1,-2,0,37042,125,28,66,0,0,0,0,0,0,0,0,-32310,0,0,0,0,0,64059,0
64043,-828,7960,1366,123,-7,25,13492,-2,-1,-3,0,37042,125,28,66,0,0,0,0,0,0,0,0,-32310,0,0,0,0,0,64064,0
64048,-812,7996,1374,128,-7,25,13492,2,4,-2,0,37043,129,27,66,0,0,0,0,0,0,0,0,-32311,0,0,0,0,0,64069,0
64053,-814,7956,1372,128,1,21,13491,2,-1,0,0,37043,129,27,66,0,0,0,0,0,0,0,0,-32310,0,0,0,0,0,64074,0
64058,-824,7976,1366,125,1,27,13492,-4,-2,-1,0,37041,129,27,66,0,0,0,0,0,0,0,0,-32311,0,0,0,0,0,64079,0
64063,-774,7974,1358,131,2,22,13492,-4,-3,-2,0,37041,129,27,66,0,0,0,0,0,0,0,0,-32310,0,0,0,0,0,64084,0
64068,-786,7994,1352,128,1,21,13492,1,3,-2,0,37042,121,27,66,0,0,0,0,0,0,0,0,-32310,0,0,0,0,0,64089,0
64073,-796,7982,1346,124,0,24,13492,-3,-2,-1,0,37042,121,27,66,0,0,0,0,0,0,0,0,-32310,0,0,0,0,0,64094,0
64078,-792,7962,1350,129,4,16,13491,4,0,-2,0,37042,120,28,66,0,0,0,0,0,0,0,0,-32310,0,0,0,0,0,64099,0
64083,-840,7978,1328,131,-5,19,13491,0,0,-3,0,37042,120,28,66,0,0,0,0,0,0,0,0,-32310,0,0,0,0,0,64104,0
64088,-816,7978,1344,130,-9,20,13493,1,0,-1,0,37042,118,28,66,0,0,0,0,0,0,0,0,-32310,0,0,0,0,0,64109,0
64093,-806,8002,1328,133,-7,19,13491,7,-1,-2,0,37042,118,28,66,0,0,0,0,0,0,0,0,-32310,0,0,0,0,0,64114,0
64098,-820,7988,1348,134,-10,16,13491,1,6,-1,0,37042,130,28,66,0,0,0,0,0,0,0,0,-32310,0,0,0,0,0,64119,0
64103,-818,7988,1366,134,-5,10,13492,3,-8,-1,0,37042,130,28,66,0,0,0,0,0,0,0,0,-32310,0,0,0,0,0,64124,0
64108,-780,7994,1386,132,-8,11,13492,2,1,-1,0,37041,128,27,66,0,0,0,0,0,0,0,0,-32310,0,0,0,0,0,64129,0
64113,-790,7964,1372,134,-3,15,13491,1,4,-2,0,37041,128,27,66,0,0,0,0,0,0,0,0,-32310,0,0,0,0,0,64134,0
64118,-792,7964,1360,136,-6,7,13492,4,-3,-3,0,37040,127,27,66,0,0,0,0,0,0,0,0,-32311,0,0,0,0,0,64139,0
64123,-808,7984,1384,137,1,11,13492,3,-5,0,0,37040,127,27,66,0,0,0,0,0,0,0,0,-32311,0,0,0,0,0,64144,0
64128,-814,7972,1340,137,5,10,13492,4,1,-1,0,37045,134,28,66,0,0,0,0,0,0,0,0,-32310,0,0,0,0,0,64149,0
64133,-780,7994,1332,141,6,10,13491,0,1,-2,0,37045,134,28,66,0,0,0,0,0,0,0,0,-32311,0,0,0,0,0,64154,0
64138,-776,7988,1344,139,0,7,13491,-1,-1,-1,0,37044,134,27,66,0,0,0,0,0,0,0,0,-32310,0,0,0,0,0,64159,0
64143,-808,7988,1352,137,4,4,13491,-4,-3,-3,0,37044,134,27,66,0,0,0,0,0,0,0,0,-32310,0,0,0,0,0,64164,0
64148,-776,8026,1318,141,0,-3,13491,-2,0,-3,0,37043,125,27,66,0,0,0,0,0,0,0,0,-32310,0,0,0,0,0,64169,0
64153,-760,7988,1316,137,-1,-4,13491,-2,-2,-3,0,37043,125,27,66,0,0,0,0,0,0,0,0,-32310,0,0,0,0,0,64174,0
64158,-768,8004,1330,142,-4,-1,13493,3,0,-3,0,37037,121,28,66,0,0,0,0,0,0,0,0,-32310,0,0,0,0,0,64179,0
64163,-778,7978,1350,140,2,-6,13493,7,3,-2,0,37037,121,28,66,0,0,0,0,0,0,0,0,-32310,0,0,0,0,0,64184,0
64168,-760,8004,1350,141,1,-11,13491,0,5,-2,0,37039,118,27,66,0,0,0,0,0,0,0,0,-32311,0,0,0,0,0,64189,0
64173,-742,7970,1346,143,0,-5,13491,-4,-4,-2,0,37039,118,27,66,0,0,0,0,0,0,0,0,-32310,0,0,0,0,0,64194,0
64178,-730,8002,1350,151,3,-15,13491,-1,-6,-2,0,37039,120,27,66,0,0,0,0,0,0,0,0,-32310,0,0,0,0,0,64199,0
64183,-764,7970,1336,145,4,-17,13492,4,3,-3,0,37039,120,27,66,0,0,0,0,0,0,0,0,-32310,0,0,0,0,0,64204,0
64188,-828,7992,1338,147,-2,-18,13492,0,-2,-3,0,37037,120,27,66,0,0,0,0,0,0,0,0,-32310,0,0,0,0,0,64209,0
64193,-806,7996,1342,142,0,-21,13490,0,2,-3,0,37037,120,27,66,0,0,0,0,0,0,0,0,-32310,0,0,0,0,0,64214,0
64198,-844,7970,1344,150,5,-20,13491,-4,-1,-2,0,37037,122,27,66,0,0,0,0,0,0,0,0,-32310,0,0,0,0,0,64219,0
64203,-848,7958,1316,149,6,-17,13491,-2,0,-2,0,37037,122,27,66,0,0,0,0,0,0,0,0,-32310,0,0,0,0,0,64224,0
64208,-876,7968,1302,148,4,-20,13491,-5,1,-2,0,37038,118,27,66,0,0,0,0,0,0,0,0,-32310,0,0,0,0,0,64229,0
64213,-866,7978,1286,149,6,-21,13492,5,2,-2,0,37038,118,27,66,0,0,0,0,0,0,0,0,-32310,0,0,0,0,0,64234,0
64218,-880,7970,1320,145,3,-17,13492,-1,-3,-2,0,37039,120,28,66,0,0,0,0,0,0,0,0,-32310,0,0,0,0,0,64239,0
64223,-888,7974,1270,147,4,-19,13491,-9,2,-3,0,37039,120,28,66,0,0,0,0,0,0,0,0,-32310,0,0,0,0,0,64244,0
64228,-872,7986,1298,143,8,-18,13491,-1,1,-4,0,37039,115,27,66,0,0,0,0,0,0,0,0,-32310,0,0,0,0,0,64249,0
64233,-864,7982,1282,149,2,-21,13491,-2,2,-5,0,37039,115,27,66,0,0,0,0,0,0,0,0,-32310,0,0,0,0,0,64254,0
64238,-858,8008,1274,148,11,-16,13492,2,-1,-4,0,37044,119,27,66,0,0,0,0,0,0,0,0,-32310,0,0,0,0,0,64259,0
64243,-852,7986,1258,149,4,-18,13492,3,3,-1,0,37044,119,27,66,0,0,0,0,0,0,0,0,-32310,0,0,0,0,0,64264,0
64248,-880,7980,1242,153,12,-19,13491,-4,2,-1,0,37045,118,27,66,0,0,0,0,0,0,0,0,-32310,0,0,0,0,0,64269,0
64253,-864,7978,1232,150,5,-19,13491,-5,0,-1,0,37045,118,27,66,0,0,0,0,0,0,0,0,-32310,0,0,0,0,0,64274,0
64258,-878,7972,1240,142,4,-21,13490,-1,-3,-1,0,37044,117,27,66,0,0,0,0,0,0,0,0,-32310,0,0,0,0,0,64279,0
64263,-874,8000,1246,151,2,-19,13491,-2,2,-2,0,37044,117,27,66,0,0,0,0,0,0,0,0,-32310,0,0,0,0,0,64284,0
64268,-858,8002,1222,144,0,-22,13492,7,0,-1,0,37039,115,28,66,0,0,0,0,0,0,0,0,-32310,0,0,0,0,0,64289,0
64273,-858,8006,1230,142,0,-18,13491,0,6,-2,0,37039,115,28,66,0,0,0,0,0,0,0,0,-32310,0,0,0,0,0,64294,0
64278,-892,7984,1230,142,-6,-18,13492,4,5,-4,0,37039,123,27,66,0,0,0,0,0,0,0,0,-32310,0,0,0,0,0,64299,0
64283,-882,8018,1218,145,-3,-24,13492,3,-1,-3,0,37039,123,27,66,0,0,0,0,0,0,0,0,-32310,0,0,0,0,0,64304,0
64288,-870,7992,1244,138,-5,-23,13492,-1,1,-1,0,37039,123,28,66,0,0,0,0,0,0,0,0,-32310,0,0,0,0,0,64309,0
64293,-876,7976,1256,142,-7,-27,13492,9,2,0,0,37039,123,28,66,0,0,0,0,0,0,0,0,-32311,0,0,0,0,0,64314,0
64298,-864,7980,1260,143,-3,-23,13492,3,0,-1,0,37042,130,27,66,0,0,0,0,0,0,0,0,-32310,0,0,0,0,0,64319,0
64303,-850,8002,1252,137,-4,-25,13491,-5,1,-2,0,37042,130,27,66,0,0,0,0,0,0,0,0,-32310,0,0,0,0,0,64324,0
64308,-872,8008,1280,139,-3,-24,13491,0,-1,-2,0,37043,134,27,66,0,0,0,0,0,0,0,0,-32310,0,0,0,0,0,64329,0
64313,-870,7994,1288,138,-4,-27,13492,1,0,-1,0,37043,134,27,66,0,0,0,0,0,0,0,0,-32310,0,0,0,0,0,64334,0
64318,-884,8004,1260,141,1,-24,13491,-1,2,-1,0,37044,128,28,66,0,0,0,0,0,0,0,0,-32310,0,0,0,0,0,64339,0
64323,-862,7978,1286,136,-3,-24,13492,6,3,-2,0,37044,128,28,66,0,0,0,0,0,0,0,0,-32311,0,0,0,0,0,64345,0
64328,-912,7980,1270,144,4,-22,13493,9,4,-1,0,37042,119,27,66,0,0,0,0,0,0,0,0,-32311,0,0,0,0,0,64350,0
64333,-914,7940,1262,135,5,-19,13492,9,-1,-1,0,37042,119,27,66,0,0,0,0,0,0,0,0,-32310,0,0,0,0,0,64355,0
64338,-918,7984,1266,140,-1,-21,13490,-7,0,0,0,37041,111,27,66,0,0,0,0,0,0,0,0,-32310,0,0,0,0,0,64360,0
64343,-940,7996,1252,143,3,-17,13491,-7,2,-5,0,37041,111,27,66,0,0,0,0,0,0,0,0,-32310,0,0,0,0,0,64365,0
64348,-920,7962,1254,149,-4,-14,13491,1,-1,-4,0,37045,113,27,66,0,0,0,0,0,0,0,0,-32310,0,0,0,0,0,64370,0
64353,-924,7976,1248,140,-1,-14,13491,3,3,-1,0,37045,113,27,66,0,0,0,0,0,0,0,0,-32310,0,0,0,0,0,64375,0
64358,-900,7994,1270,146,-2,-17,13492,0,-2,-2,0,37044,120,27,66,0,0,0,0,0,0,0,0,-32310,0,0,0,0,0,64380,0
64363,-904,7996,1282,148,-6,-11,13491,-1,3,-2,0,37044,120,27,66,0,0,0,0,0,0,0,0,-32311,0,0,0,0,0,64385,0
64368,-896,7972,1294,151,6,-17,13492,-4,0,-3,0,37045,121,27,66,0,0,0,0,0,0,0,0,-32310,0,0,0,0,0,64390,0
64373,-900,7978,1288,139,-5,-12,13492,5,-1,-1,0,37045,121,27,66,0,0,0,0,0,0,0,0,-32310,0,0,0,0,0,64395,0
64378,-910,7964,1276,146,4,-13,13491,-4,2,-3,0,37040,123,27,66,0,0,0,0,0,0,0,0,-32310,0,0,0,0,0,64400,0
64383,-908,7992,1290,145,8,-10,13491,0,1,-3,0,37040,123,27,66,0,0,0,0,0,0,0,0,-32310,0,0,0,0,0,64405,0
64388,-872,7986,1276,155,2,-7,13490,-4,-2,-1,0,37042,126,28,66,0,0,0,0,0,0,0,0,-32310,0,0,0,0,0,64410,0
64393,-904,7990,1284,155,3,-2,13490,-3,4,-1,0,37042,126,28,66,0,0,0,0,0,0,0,0,-32310,0,0,0,0,0,64415,0
64398,-922,7970,1270,154,1,-10,13491,-4,3,-2,0,37040,123,27,66,0,0,0,0,0,0,0,0,-32310,0,0,0,0,0,64420,0
64403,-912,7928,1272,157,-6,-8,13492,5,4,-1,0,37040,123,27,66,0,0,0,0,0,0,0,0,-32310,0,0,0,0,0,64425,0
64408,-920,7964,1254,158,6,-2,13491,-3,4,0,0,37037,120,27,66,0,0,0,0,0,0,0,0,-32310,0,0,0,0,0,64430,0
64413,-908,7980,1248,159,7,-14,13492,0,0,-2,0,37037,120,27,66,0,0,0,0,0,0,0,0,-32310,0,0,0,0,0,64435,0
64418,-900,8020,1262,161,3,0,13491,-2,-4,-2,0,37037,122,27,66,0,0,0,0,0,0,0,0,-32310,0,0,0,0,0,64440,0
64423,-912,7984,1278,156,7,-1,13491,0,4,-2,0,37037,122,27,66,0,0,0,0,0,0,0,0,-32310,0,0,0,0,0,64445,0
64428,-928,7974,1254,161,-1,3,13492,2,-3,-3,0,37040,126,27,66,0,0,0,0,0,0,0,0,-32310,0,0,0,0,0,64450,0
64433,-952,7980,1242,165,8,-1,13491,-1,1,-2,0,37040,126,27,66,0,0,0,0,0,0,0,0,-32310,0,0,0,0,0,64455,0
64438,-934,7950,1242,166,5,5,13491,-4,2,-2,0,37042,138,28,66,0,0,0,0,0,0,0,0,-32311,0,0,0,0,0,64460,0
64443,-988,7950,1246,161,-1,5,13491,-4,-3,-2,0,37042,138,28,66,0,0,0,0,0,0,0,0,-32310,0,0,0,0,0,64465,0
64448,-998,7966,1268,171,5,12,13492,3,3,-1,0,37043,137,27,66,0,0,0,0,0,0,0,0,-32310,0,0,0,0,0,64470,0
64453,-972,7982,1244,172,0,7,13491,-2,2,-3,0,37043,137,27,66,0,0,0,0,0,0,0,0,-32310,0,0,0,0,0,64475,0
64458,-972,7972,1262,175,-3,15,13491,-11,-4,-2,0,37045,132,27,66,0,0,0,0,0,0,0,0,-32310,0,0,0,0,0,64480,0
64463,-962,7974,1290,168,0,11,13490,-3,2,-1,0,37045,132,27,66,0,0,0,0,0,0,0,0,-32310,0,0,0,0,0,64485,0
64468,-976,7944,1274,177,-3,15,13492,-3,2,-1,0,37045,122,27,66,0,0,0,0,0,0,0,0,-32310,0,0,0,0,0,64490,0
64473,-970,7966,1292,177,-1,22,13492,2,0,-2,0,37045,122,27,66,0,0,0,0,0,0,0,0,-32310,0,0,0,0,0,64495,0
64478,-964,7946,1292,179,1,22,13491,-7,5,-2,0,37046,118,27,66,0,0,0,0,0,0,0,0,-32310,0,0,0,0,0,64500,0
64483,-942,7938,1298,185,5,25,13492,0,2,-2,0,37046,118,27,66,0,0,0,0,0,0,0,0,-32310,0,0,0,0,0,64505,0
64488,-926,7928,1310,184,6,30,13492,0,-2,-1,0,37040,123,27,66,0,0,0,0,0,0,0,0,-32310,0,0,0,0,0,64510,0
64493,-878,7974,1312,189,15,32,13491,-6,5,-2,0,37040,123,27,66,0,0,0,0,0,0,0,0,-32310,0,0,0,0,0,64515,0
64498,-928,7982,1292,192,22,32,13492,3,-4,-3,0,37041,129,27,66,0,0,0,0,0,0,0,0,-32310,0,0,0,0,0,64520,0
64503,-906,7964,1264,192,19,33,13490,0,5,-1,0,37041,129,27,66,0,0,0,0,0,0,0,0,-32310,0,0,0,0,0,64525,0
64508,-886,7980,1246,198,21,36,13491,-4,0,-2,0,37041,128,27,66,0,0,0,0,0,0,0,0,-32310,0,0,0,0,0,64530,0
64513,-890,7976,1246,198,20,29,13492,1,1,-3,0,37041,128,27,66,0,0,0,0,0,0,0,0,-32310,0,0,0,0,0,64535,0
64518,-912,8002,1226,201,9,30,13491,0,7,-3,0,37047,127,27,66,0,0,0,0,0,0,0,0,-32310,0,0,0,0,0,64540,0
64523,-866,7988,1216,201,11,30,13490,-5,4,-2,0,37047,127,27,66,0,0,0,0,0,0,0,0,-32310,0,0,0,0,0,64545,0
64528,-872,7996,1244,207,4,28,13491,-1,-5,-2,0,37059,126,27,66,0,0,0,0,0,0,0,0,-32310,0,0,0,0,0,64550,0
64533,-840,7994,1228,212,1,29,13491,2,0,-4,0,37059,126,27,66,0,0,0,0,0,0,0,0,-32310,0,0,0,0,0,64555,0
64538,-860,8020,1252,209,3,26,13492,5,4,-3,0,37069,128,28,66,0,0,0,0,0,0,0,0,-32310,0,0,0,0,0,64560,0
64543,-818,7994,1262,213,7,25,13492,-1,-1,-1,0,37069,128,28,66,0,0,0,0,0,0,0,0,-32310,0,0,0,0,0,64565,0
64548,-754,8022,1258,209,6,22,13491,-5,0,-2,0,37064,123,27,66,0,0,0,0,0,0,0,0,-32310,0,0,0,0,0,64570,0
64553,-792,8026,1240,215,16,19,13492,2,0,-3,0,37064,123,27,66,0,0,0,0,0,0,0,0,-32310,0,0,0,0,0,64575,0
64558,-808,8054,1214,219,22,16,13490,-5,-4,-1,0,37056,118,27,66,0,0,0,0,0,0,0,0,-32310,0,0,0,0,0,64580,0
64563,-780,8018,1214,211,19,15,13492,-1,-1,0,0,37056,118,27,66,0,0,0,0,0,0,0,0,-32310,0,0,0,0,0,64585,0
64568,-840,8000,1188,222,22,12,13491,3,-1,-2,0,37049,126,27,66,0,0,0,0,0,0,0,0,-32310,0,0,0,0,0,64590,0
64573,-804,8006,1170,222,22,7,13491,-3,3,-3,0,37049,126,27,66,0,0,0,0,0,0,0,0,-32310,0,0,0,0,0,64595,0
64578,-818,8010,1158,220,21,4,13491,0,2,-4,0,37052,128,27,66,0,0,0,0,0,0,0,0,-32310,0,0,0,0,0,64600,0
64583,-832,8026,1120,220,22,2,13492,-4,3,-2,0,37052,128,27,66,0,0,0,0,0,0,0,0,-32310,0,0,0,0,0,64605,0
64588,-818,8062,1102,223,19,3,13490,-9,-4,-1,0,37048,125,28,66,0,0,0,0,0,0,0,0,-32310,0,0,0,0,0,64610,0
64593,-816,8026,1112,216,15,-11,13491,2,-6,-2,0,37048,125,28,66,0,0,0,0,0,0,0,0,-32310,0,0,0,0,0,64615,0
64598,-830,8056,1108,220,19,-13,13493,5,2,-2,0,37042,116,28,66,0,0,0,0,0,0,0,0,-32310,0,0,0,0,0,64620,0
64603,-810,8032,1076,219,18,-7,13491,2,0,-1,0,37042,116,28,66,0,0,0,0,0,0,0,0,-32310,0,0,0,0,0,64625,0
64608,-792,8036,1050,218,22,-11,13492,4,0,-1,0,37038,117,27,66,0,0,0,0,0,0,0,0,-32310,0,0,0,0,0,64630,0
64613,-820,8054,1052,217,19,-15,13492,4,2,-2,0,37038,117,27,66,0,0,0,0,0,0,0,0,-32310,0,0,0,0,0,64635,0
64618,-840,8022,1030,209,19,-16,13492,9,4,-2,0,37037,121,27,66,0,0,0,0,0,0,0,0,-32310,0,0,0,0,0,64640,0
64623,-874,8032,1010,205,20,-19,13491,-5,-1,-2,0,37037,121,27,66,0,0,0,0,0,0,0,0,-32310,0,0,0,0,0,64645,0
64628,-918,8056,1004,214,19,-17,13491,0,-1,-3,0,37037,122,27,66,0,0,0,0,0,0,0,0,-32310,0,0,0,0,0,64650,0
64633,-910,8062,1000,203,19,-21,13491,-7,0,-3,0,37037,122,27,66,0,0,0,0,0,0,0,0,-32310,0,0,0,0,0,64655,0
64638,-906,8036,996,203,13,-23,13492,-2,2,0,0,37038,118,27,66,0,0,0,0,0,0,0,0,-32310,0,0,0,0,0,64660,0
64643,-912,8048,1002,199,12,-18,13492,-4,-3,-2,0,37038,118,27,66,0,0,0,0,0,0,0,0,-32310,0,0,0,0,0,64665,0
64648,-918,8042,976,191,15,-15,13493,4,-1,-1,0,37039,124,27,66,0,0,0,0,0,0,0,0,-32310,0,0,0,0,0,64670,0
64653,-946,8024,984,192,17,-16,13491,4,-3,-1,0,37039,124,27,66,0,0,0,0,0,0,0,0,-32310,0,0,0,0,0,64675,0
64658,-934,8012,962,181,15,-22,13491,3,-3,-2,0,37037,128,28,66,0,0,0,0,0,0,0,0,-32310,0,0,0,0,0,64680,0
64663,-978,8026,946,185,15,-20,13491,5,3,0,0,37037,128,28,66,0,0,0,0,0,0,0,0,-32310,0,0,0,0,0,64685,0
64668,-1016,8026,906,180,15,-12,13492,-3,0,-1,0,37042,120,27,66,0,0,0,0,0,0,0,0,-32310,0,0,0,0,0,64690,0
64673,-1010,8022,932,178,11,-11,13492,7,-2,-1,0,37042,120,27,66,0,0,0,0,0,0,0,0,-32310,0,0,0,0,0,64695,0
64678,-1018,8038,938,171,9,-5,13492,4,0,-3,0,37042,119,27,66,0,0,0,0,0,0,0,0,-32310,0,0,0,0,0,64700,0
64683,-1020,8022,928,164,6,-8,13491,0,-1,-3,0,37042,119,27,66,0,0,0,0,0,0,0,0,-32310,0,0,0,0,0,64705,0
64688,-1058,8016,950,162,-4,2,13492,1,2,0,0,37044,117,27,66,0,0,0,0,0,0,0,0,-32310,0,0,0,0,0,64710,0
64693,-1038,8024,928,158,-2,5,13492,8,3,-1,0,37044,117,27,66,0,0,0,0,0,0,0,0,-32310,0,0,0,0,0,64715,0
64698,-1058,8020,950,155,-7,8,13490,-2,-6,-1,0,37038,122,27,66,0,0,0,0,0,0,0,0,-32310,0,0,0,0,0,64720,0
64703,-1030,8014,952,151,-4,9,13492,2,2,-3,0,37038,122,27,66,0,0,0,0,0,0,0,0,-32310,0,0,0,0,0,64725,0
64708,-1072,8060,932,149,-8,11,13491,-1,1,-1,0,37037,128,27,66,0,0,0,0,0,0,0,0,-32310,0,0,0,0,0,64730,0
64713,-1058,7996,940,138,-4,19,13491,0,1,-2,0,37037,128,27,66,0,0,0,0,0,0,0,0,-32310,0,0,0,0,0,64735,0
64718,-1048,7966,954,146,-1,22,13491,-1,-2,-2,0,37038,128,28,66,0,0,0,0,0,0,0,0,-32310,0,0,0,0,0,64740,0
64723,-1048,8000,982,133,-4,29,13492,-3,1,-1,0,37038,128,28,66,0,0,0,0,0,0,0,0,-32310,0,0,0,0,0,64745,0
64728,-1024,7990,958,126,0,32,13490,-3,-2,-2,0,37040,128,28,66,0,0,0,0,0,0,0,0,-32310,0,0,0,0,0,64750,0
64733,-1016,8030,932,123,2,36,13491,4,-4,-2,0,37040,128,28,66,0,0,0,0,0,0,0,0,-32310,0,0,0,0,0,64755,0
64738,-1018,8010,942,122,6,42,13491,-5,5,-2,0,37042,128,27,66,0,0,0,0,0,0,0,0,-32310,0,0,0,0,0,64760,0
64743,-1006,8024,948,117,2,40,13492,2,3,-2,0,37042,128,27,66,0,0,0,0,0,0,0,0,-32310,0,0,0,0,0,64765,0
64748,-992,8056,964,114,-5,43,13492,-1,-2,-1,0,37041,127,27,66,0,0,0,0,0,0,0,0,-32310,0,0,0,0,0,64770,0
64753,-994,8028,922,112,-4,45,13491,5,1,-2,0,37041,127,27,66,0,0,0,0,0,0,0,0,-32310,0,0,0,0,0,64775,0
64758,-992,8022,934,114,-7,49,13492,1,-3,-2,0,37039,127,27,66,0,0,0,0,0,0,0,0,-32310,0,0,0,0,0,64780,0
64763,-966,8008,954,105,-7,50,13492,10,6,-1,0,37039,127,27,66,0,0,0,0,0,0,0,0,-32310,0,0,0,0,0,64785,0
64768,-960,8024,960,103,-4,50,13492,6,-1,-1,0,37040,137,27,66,0,0,0,0,0,0,0,0,-32310,0,0,0,0,0,64790,0
64773,-942,8036,958,98,-8,52,13490,-3,-2,-2,0,37040,137,27,66,0,0,0,0,0,0,0,0,-32310,0,0,0,0,0,64795,0
64778,-946,8024,960,102,-3,52,13491,3,0,-3,0,37040,133,28,66,0,0,0,0,0,0,0,0,-32310,0,0,0,0,0,64800,0
64783,-936,8054,938,89,-7,54,13491,-1,-2,-2,0,37040,133,28,66,0,0,0,0,0,0,0,0,-32310,0,0,0,0,0,64805,0
64788,-908,8068,976,84,-9,55,13492,7,-1,0,0,37040,138,27,66,0,0,0,0,0,0,0,0,-32310,0,0,0,0,0,64810,0
64793,-906,8054,972,88,-8,53,13492,0,-2,-2,0,37040,138,27,66,0,0,0,0,0,0,0,0,-32310,0,0,0,0,0,64815,0
64798,-906,8014,970,88,-7,52,13492,2,1,-3,0,37035,138,28,66,0,0,0,0,0,0,0,0,-32310,0,0,0,0,0,64820,0
64803,-890,8012,958,84,-14,55,13492,0,2,-2,0,37035,138,28,66,0,0,0,0,0,0,0,0,-32310,0,0,0,0,0,64825,0
64808,-874,8052,968,87,-9,53,13491,-1,2,-2,0,37038,133,27,66,0,0,0,0,0,0,0,0,-32310,0,0,0,0,0,64830,0
64813,-890,8046,990,82,-13,52,13491,-4,-4,-4,0,37038,133,27,66,0,0,0,0,0,0,0,0,-32310,0,0,0,0,0,64835,0
64818,-884,8034,990,75,-7,53,13490,-8,-6,-2,0,37040,123,27,66,0,0,0,0,0,0,0,0,-32310,0,0,0,0,0,64840,0
64823,-878,8042,980,74,-8,47,13491,0,-3,-1,0,37040,123,27,66,0,0,0,0,0,0,0,0,-32310,0,0,0,0,0,64845,0
64828,-874,8028,998,73,-6,45,13491,1,-6,-3,0,37045,125,27,66,0,0,0,0,0,0,0,0,-32310,0,0,0,0,0,64850,0
64833,-894,8056,996,65,-9,51,13492,6,-2,-3,0,37045,125,27,66,0,0,0,0,0,0,0,0,-32310,0,0,0,0,0,64855,0
64838,-882,8054,996,65,-10,52,13490,-3,-2,-2,0,37045,120,27,66,0,0,0,0,0,0,0,0,-32310,0,0,0,0,0,64860,0
64843,-892,8062,990,64,-1,46,13491,3,2,-1,0,37045,120,27,66,0,0,0,0,0,0,0,0,-32310,0,0,0,0,0,64865,0
64848,-876,8062,978,64,-2,45,13491,-2,0,-2,0,37042,120,27,66,0,0,0,0,0,0,0,0,-32310,0,0,0,0,0,64870,0
64853,-864,8052,968,61,-5,45,13491,-3,0,-2,0,37042,120,27,66,0,0,0,0,0,0,0,0,-32310,0,0,0,0,0,64875,0
64858,-900,8058,970,57,-4,38,13491,-4,-2,-2,0,37039,115,27,66,0,0,0,0,0,0,0,0,-32310,0,0,0,0,0,64880,0
64863,-882,8036,956,59,-5,42,13491,0,-5,-1,0,37039,115,27,66,0,0,0,0,0,0,0,0,-32310,0,0,0,0,0,64885,0
64868,-884,8044,976,58,-16,37,13492,0,-3,-2,0,37038,116,27,66,0,0,0,0,0,0,0,0,-32310,0,0,0,0,0,64890,0
64873,-878,8042,974,55,-9,37,13492,3,1,-4,0,37038,116,27,66,0,0,0,0,0,0,0,0,-32309,0,0,0,0,0,64895,0
64878,-880,8046,992,55,-15,39,13491,-2,-2,-5,0,37040,121,28,66,0,0,0,0,0,0,0,0,-32310,0,0,0,0,0,64900,0
64883,-866,8062,1000,52,-16,34,13491,-3,-8,-2,0,37040,121,28,66,0,0,0,0,0,0,0,0,-32310,0,0,0,0,0,64905,0
64888,-888,8042,1014,52,-11,30,13492,4,-2,-1,0,37042,122,27,66,0,0,0,0,0,0,0,0,-32310,0,0,0,0,0,64910,0
64893,-872,8038,1020,47,-10,36,13490,-7,1,-1,0,37042,122,27,66,0,0,0,0,0,0,0,0,-32310,0,0,0,0,0,64915,0
64898,-906,8012,1038,42,-17,35,13491,1,2,-2,0,37042,123,27,66,0,0,0,0,0,0,0,0,-32310,0,0,0,0,0,64920,0
64903,-882,8032,1042,46,-13,32,13493,6,-4,-1,0,37042,123,27,66,0,0,0,0,0,0,0,0,-32310,0,0,0,0,0,64925,0
64908,-912,8014,1038,46,-15,34,13492,0,3,-1,0,37040,133,27,66,0,0,0,0,0,0,0,0,-32310,0,0,0,0,0,64930,0
64913,-898,8030,1058,44,-16,31,13491,1,-2,-2,0,37040,133,27,66,0,0,0,0,0,0,0,0,-32310,0,0,0,0,0,64935,0
64918,-896,8040,1062,45,-16,35,13491,0,-2,-2,0,37039,132,27,66,0,0,0,0,0,0,0,0,-32310,0,0,0,0,0,64940,0
64923,-910,8018,1076,50,-11,27,13492,3,-3,-2,0,37039,132,27,66,0,0,0,0,0,0,0,0,-32310,0,0,0,0,0,64945,0
64928,-918,8006,1042,44,-6,28,13491,-3,-3,-2,0,37039,136,27,66,0,0,0,0,0,0,0,0,-32310,0,0,0,0,0,64950,0
64933,-938,8010,1042,41,-7,33,13491,2,0,-2,0,37039,136,27,66,0,0,0,0,0,0,0,0,-32310,0,0,0,0,0,64955,0
64938,-940,8018,1040,44,-3,31,13492,2,-2,-1,0,37039,133,27,66,0,0,0,0,0,0,0,0,-32310,0,0,0,0,0,64960,0
64943,-932,7986,1026,44,-3,31,13491,2,2,-2,0,37039,133,27,66,0,0,0,0,0,0,0,0,-32310,0,0,0,0,0,64965,0
64948,-918,8038,1034,48,-4,35,13491,-2,-5,-2,0,37038,131,27,66,0,0,0,0,0,0,0,0,-32310,0,0,0,0,0,64970,0
64953,-916,8054,1030,38,-4,36,13492,-1,-2,-2,0,37038,131,27,66,0,0,0,0,0,0,0,0,-32310,0,0,0,0,0,64975,0
64958,-912,8040,1024,38,-8,33,13490,-8,4,-3,0,37036,136,27,66,0,0,0,0,0,0,0,0,-32310,0,0,0,0,0,64980,0
64963,-922,8024,1026,42,-13,35,13491,-10,-1,-1,0,37036,136,27,66,0,0,0,0,0,0,0,0,-32310,0,0,0,0,0,64985,0
64968,-926,8010,1042,43,-10,37,13491,2,-1,-3,0,37036,128,28,66,0,0,0,0,0,0,0,0,-32310,0,0,0,0,0,64990,0
64973,-896,7994,1064,43,-18,34,13492,0,3,-2,0,37036,128,28,66,0,0,0,0,0,0,0,0,-32310,0,0,0,0,0,64995,0
64978,-896,8026,1056,37,-12,36,13491,0,0,-2,0,37038,121,28,66,0,0,0,0,0,0,0,0,-32310,0,0,0,0,0,65000,0
64983,-898,8006,1080,39,-21,35,13491,-3,1,-2,0,37038,121,28,66,0,0,0,0,0,0,0,0,-32310,0,0,0,0,0,65005,0
64988,-834,8016,1084,41,-16,32,13491,-2,3,0,0,37041,117,27,66,0,0,0,0,0,0,0,0,-32311,0,0,0,0,0,65010,0
64993,-850,8032,1086,42,-16,31,13491,2,0,-3,0,37041,117,27,66,0,0,0,0,0,0,0,0,-32310,0,0,0,0,0,65015,0
64998,-842,8022,1110,37,-17,29,13492,-2,2,-2,0,37040,120,27,66,0,0,0,0,0,0,0,0,-32310,0,0,0,0,0,65020,0
65003,-838,8038,1102,42,-11,30,13492,6,-2,-2,0,37040,120,27,66,0,0,0,0,0,0,0,0,-32310,0,0,0,0,0,65025,0
65008,-862,8016,1116,47,-14,26,13491,-3,0,-1,0,37038,123,27,66,0,0,0,0,0,0,0,0,-32310,0,0,0,0,0,65030,0
65013,-860,8012,1096,44,-12,18,13491,-5,2,-2,0,37038,123,27,66,0,0,0,0,0,0,0,0,-32310,0,0,0,0,0,65035,0
65018,-848,8008,1118,50,-11,24,13492,6,-4,-1,0,37037,126,27,66,0,0,0,0,0,0,0,0,-32310,0,0,0,0,0,65040,0
65023,-880,8008,1128,48,-13,21,13491,0,4,-3,0,37037,126,27,66,0,0,0,0,0,0,0,0,-32310,0,0,0,0,0,65045,0
65028,-842,8038,1112,56,-11,20,13492,1,-1,-3,0,37037,127,27,66,0,0,0,0,0,0,0,0,-32310,0,0,0,0,0,65050,0
65033,-838,8030,1148,52,-19,14,13492,-5,-1,-3,0,37037,127,27,66,0,0,0,0,0,0,0,0,-32310,0,0,0,0,0,65055,0
65038,-840,8026,1134,58,-16,12,13492,2,3,-1,0,37039,125,27,66,0,0,0,0,0,0,0,0,-32310,0,0,0,0,0,65060,0
65043,-836,8048,1136,59,-16,7,13491,-1,-6,-1,0,37039,125,27,66,0,0,0,0,0,0,0,0,-32310,0,0,0,0,0,65065,0
65048,-826,7998,1148,64,-18,3,13492,1,-2,0,0,37038,122,27,66,0,0,0,0,0,0,0,0,-32310,0,0,0,0,0,65070,0
65053,-792,7996,1156,63,-15,8,13492,0,-1,-1,0,37038,122,27,66,0,0,0,0,0,0,0,0,-32310,0,0,0,0,0,65075,0
65058,-812,8004,1160,65,-11,5,13491,0,2,-2,0,37037,125,28,66,0,0,0,0,0,0,0,0,-32310,0,0,0,0,0,65080,0
65063,-794,8014,1176,67,-11,0,13491,1,-3,-1,0,37037,125,28,66,0,0,0,0,0,0,0,0,-32310,0,0,0,0,0,65085,0
65068,-820,7994,1188,74,-10,-5,13491,-5,-2,-2,0,37036,128,27,66,0,0,0,0,0,0,0,0,-32310,0,0,0,0,0,65090,0
65073,-814,8014,1180,74,-6,-7,13491,-5,0,-2,0,37036,128,27,66,0,0,0,0,0,0,0,0,-32310,0,0,0,0,0,65095,0
65078,-818,8000,1182,79,-2,-7,13491,0,0,-3,0,37039,128,27,66,0,0,0,0,0,0,0,0,-32310,0,0,0,0,0,65100,0
65083,-824,8008,1178,77,-4,-10,13491,0,-3,-2,0,37039,128,27,66,0,0,0,0,0,0,0,0,-32310,0,0,0,0,0,65105,0
65088,-838,8010,1190,81,1,-17,13490,0,-2,0,0,37049,135,27,66,0,0,0,0,0,0,0,0,-32310,0,0,0,0,0,65110,0
65093,-868,7996,1170,83,-9,-14,13491,-1,2,-1,0,37049,135,27,66,0,0,0,0,0,0,0,0,-32310,0,0,0,0,0,65115,0
65098,-878,7990,1184,94,-3,-17,13491,2,1,-1,0,37048,130,27,66,0,0,0,0,0,0,0,0,-32310,0,0,0,0,0,65120,0
65103,-886,7998,1178,99,-5,-19,13492,2,0,-1,0,37048,130,27,66,0,0,0,0,0,0,0,0,-32310,0,0,0,0,0,65125,0
65108,-870,8008,1176,99,-13,-21,13491,2,1,-1,0,37046,127,27,66,0,0,0,0,0,0,0,0,-32310,0,0,0,0,0,65130,0
65113,-884,7996,1156,95,-7,-19,13491,0,-1,-2,0,37046,127,27,66,0,0,0,0,0,0,0,0,-32310,0,0,0,0,0,65135,0
65118,-858,7974,1170,106,-2,-22,13491,-6,-2,0,0,37039,117,27,66,0,0,0,0,0,0,0,0,-32310,0,0,0,0,0,65140,0
65123,-890,7988,1166,107,-9,-20,13492,5,2,-2,0,37039,117,27,66,0,0,0,0,0,0,0,0,-32311,0,0,0,0,0,65145,0
65128,-900,7980,1176,112,-9,-26,13491,1,3,-4,0,37039,119,28,66,0,0,0,0,0,0,0,0,-32310,0,0,0,0,0,65150,0
65133,-926,7974,1192,107,-1,-27,13491,-2,4,-3,0,37039,119,28,66,0,0,0,0,0,0,0,0,-32310,0,0,0,0,0,65155,0
65138,-908,7956,1170,122,-4,-18,13492,3,-5,-2,0,37038,119,27,66,0,0,0,0,0,0,0,0,-32310,0,0,0,0,0,65160,0
65143,-928,8000,1164,118,2,-21,13491,-1,3,-1,0,37038,119,27,66,0,0,0,0,0,0,0,0,-32310,0,0,0,0,0,65165,0
65148,-954,7996,1168,126,-1,-16,13492,-1,1,-1,0,37038,118,27,66,0,0,0,0,0,0,0,0,-32310,0,0,0,0,0,65170,0
65153,-940,7986,1138,124,2,-18,13492,5,0,-2,0,37038,118,27,66,0,0,0,0,0,0,0,0,-32310,0,0,0,0,0,65175,0
65158,-942,7976,1148,129,-2,-17,13491,-5,1,-2,0,37039,123,27,66,0,0,0,0,0,0,0,0,-32310,0,0,0,0,0,65180,0
65163,-966,7982,1162,135,1,-16,13491,0,-2,0,0,37039,123,27,66,0,0,0,0,0,0,0,0,-32310,0,0,0,0,0,65185,0
65168,-964,8002,1158,138,4,-15,13491,0,1,-1,0,37039,122,28,66,0,0,0,0,0,0,0,0,-32310,0,0,0,0,0,65190,0
65173,-954,7962,1158,137,3,-12,13491,0,3,-1,0,37039,122,28,66,0,0,0,0,0,0,0,0,-32310,0,0,0,0,0,65195,0
65178,-944,7976,1166,142,4,-10,13491,-5,0,-2,0,37038,112,28,66,0,0,0,0,0,0,0,0,-32310,0,0,0,0,0,65200,0
65183,-920,7976,1170,146,6,-9,13492,-1,3,-3,0,37038,112,28,66,0,0,0,0,0,0,0,0,-32310,0,0,0,0,0,65205,0
65188,-942,7976,1138,147,5,-8,13492,0,-1,-1,0,37038,114,27,66,0,0,0,0,0,0,0,0,-32310,0,0,0,0,0,65210,0
65193,-956,7978,1124,150,10,-9,13492,11,1,0,0,37038,114,27,66,0,0,0,0,0,0,0,0,-32310,0,0,0,0,0,65215,0
65198,-962,7992,1122,148,9,-6,13492,4,-2,-2,0,37040,128,27,66,0,0,0,0,0,0,0,0,-32310,0,0,0,0,0,65220,0
65203,-966,7972,1120,154,7,-5,13491,-2,-1,-1,0,37040,128,27,66,0,0,0,0,0,0,0,0,-32310,0,0,0,0,0,65225,0
65208,-964,7980,1082,159,13,1,13491,0,0,-2,0,37041,137,27,66,0,0,0,0,0,0,0,0,-32310,0,0,0,0,0,65230,0
65213,-990,7958,1106,159,18,3,13493,5,-1,-2,0,37041,137,27,66,0,0,0,0,0,0,0,0,-32310,0,0,0,0,0,65235,0
65218,-986,7980,1094,163,10,5,13491,-2,0,-2,0,37040,137,28,66,0,0,0,0,0,0,0,0,-32310,0,0,0,0,0,65240,0
65223,-1036,7966,1104,164,10,8,13492,3,-2,-3,0,37040,137,28,66,0,0,0,0,0,0,0,0,-32310,0,0,0,0,0,65245,0
65228,-996,7982,1074,164,13,12,13491,-4,-5,-4,0,37038,122,27,66,0,0,0,0,0,0,0,0,-32310,0,0,0,0,0,65250,0
65233,-996,8000,1078,168,11,16,13491,-4,1,-2,0,37038,122,27,66,0,0,0,0,0,0,0,0,-32310,0,0,0,0,0,65255,0
65238,-976,7980,1058,167,12,16,13491,-4,-1,0,0,37040,128,27,66,0,0,0,0,0,0,0,0,-32310,0,0,0,0,0,65260,0
65243,-1020,7982,1048,172,15,14,13491,0,2,-2,0,37040,128,27,66,0,0,0,0,0,0,0,0,-32310,0,0,0,0,0,65265,0
65248,-1000,8010,1048,174,13,19,13491,-2,-1,0,0,37041,128,28,66,0,0,0,0,0,0,0,0,-32310,0,0,0,0,0,65270,0
65253,-1002,8006,1050,175,15,21,13490,-5,7,-1,0,37041,128,28,66,0,0,0,0,0,0,0,0,-32310,0,0,0,0,0,65275,0
65258,-1004,8016,1020,173,17,24,13492,0,2,-3,0,37039,122,27,66,0,0,0,0,0,0,0,0,-32310,0,0,0,0,0,65280,0
65263,-972,8012,1038,168,14,25,13492,0,1,0,0,37039,122,27,66,0,0,0,0,0,0,0,0,-32310