state_time,accelx,accely,accelz,gyrox,gyroy,gyroz,mot_ang,mot_vel,mot_acc,mot_cur,mot_volt,batt_volt,batt_curr,temperature,status_mn,status_ex,status_re,genvar_0,genvar_1,genvar_2,genvar_3,genvar_4,genvar_5,genvar_6,genvar_7,genvar_8,genvar_9,ank_ang,ank_vel,sys_time,event flags
1300208,-492,8122,708,62,0,25,13696,0,0,28,0,36327,117,33,67,0,0,0,0,0,0,0,0,-32301,0,0,0,0,0,1279,0
1300213,-520,8084,684,58,0,21,13697,3,-4,29,8,36327,117,33,67,0,0,0,0,0,0,0,0,-32301,0,0,0,0,0,1300213,0
1300218,-494,8116,664,55,1,25,13697,8,1,29,0,36323,134,33,67,0,0,0,0,0,0,0,0,-32301,0,0,0,0,0,1300218,0
1300223,-518,8100,666,62,7,29,13695,0,0,30,0,36323,134,33,67,0,0,0,0,0,0,0,0,-32300,0,0,0,0,0,1300223,0
1300228,-526,8108,656,57,5,23,13696,1,-3,31,0,36320,133,33,67,0,0,0,0,0,0,0,0,-32301,0,0,0,0,0,1300228,0
1300233,-510,8118,666,56,-3,26,13696,3,-2,30,0,36320,133,33,67,0,0,0,0,0,0,0,0,-32301,0,0,0,0,0,1300233,0
1300238,-516,8110,658,50,-4,29,13696,4,3,28,0,36318,129,33,67,0,0,0,0,0,0,0,0,-32301,0,0,0,0,0,1300238,0
1300243,-502,8112,650,58,-7,28,13695,-2,-3,28,0,36318,129,33,67,0,0,0,0,0,0,0,0,-32300,0,0,0,0,0,1300243,0
1300248,-500,8080,670,47,-11,26,13695,-5,-1,26,0,36319,124,33,67,0,0,0,0,0,0,0,0,-32300,0,0,0,0,0,1300248,0
1300253,-520,8126,684,51,-14,26,13696,0,0,28,0,36319,124,33,67,0,0,0,0,0,0,0,0,-32300,0,0,0,0,0,1300253,0
1300258,-500,8112,680,42,-13,31,13696,-1,1,28,8,36321,123,33,67,0,0,0,0,0,0,0,0,-32300,0,0,0,0,0,1300258,0
1300263,-568,8130,564,45,-10,24,13697,5,0,29,8,36321,123,33,67,0,0,0,0,0,0,0,0,-32300,0,0,0,0,0,1300263,0
1300268,-438,8100,692,46,-19,32,13696,0,-2,30,0,36321,130,33,67,0,0,0,0,0,0,0,0,-32300,0,0,0,0,0,1300268,0
1300273,-472,8044,676,38,-15,30,13695,-2,-2,30,8,36321,130,33,67,0,0,0,0,0,0,0,0,-32301,0,0,0,0,0,1300273,0
1300278,-448,8100,660,41,-21,26,13696,4,-2,31,8,36320,122,33,67,0,0,0,0,0,0,0,0,-32301,0,0,0,0,0,1300279,0
1300283,-484,8098,710,37,-19,30,13696,0,1,28,8,36320,122,33,67,0,0,0,0,0,0,0,0,-32301,0,0,0,0,0,1300284,0
1300288,-460,8074,662,40,-22,25,13696,2,0,28,8,36319,124,33,67,0,0,0,0,0,0,0,0,-32300,0,0,0,0,0,1300289,0
1300293,-456,8098,694,38,-22,23,13696,-2,-2,26,8,36319,124,33,67,0,0,0,0,0,0,0,0,-32300,0,0,0,0,0,1300294,0
1300298,-478,8132,688,31,-23,25,13695,-1,1,27,8,36314,128,33,67,0,0,0,0,0,0,0,0,-32301,0,0,0,0,0,1300299,0
1300303,-496,8094,694,31,-31,22,13696,-5,3,28,8,36314,128,33,67,0,0,0,0,0,0,0,0,-32300,0,0,0,0,0,1300304,0
1300308,-458,8134,700,35,-33,29,13695,-3,-2,27,8,36308,130,33,67,0,0,0,0,0,0,0,0,-32301,0,0,0,0,0,1300309,0
1300313,-464,8104,686,34,-35,19,13696,5,-5,30,8,36308,130,33,67,0,0,0,0,0,0,0,0,-32300,0,0,0,0,0,1300314,0
1300318,-476,8130,688,25,-36,19,13695,0,1,29,8,36301,128,33,67,0,0,0,0,0,0,0,0,-32300,0,0,0,0,0,1300319,0
1300323,-436,8244,714,30,-45,26,13696,2,1,30,0,36301,128,33,67,0,0,0,0,0,0,0,0,-32301,0,0,0,0,0,1300324,0
1300328,-432,8048,730,35,-40,14,13696,0,3,30,8,36302,125,33,67,0,0,0,0,0,0,0,0,-32301,0,0,0,0,0,1300329,0
1300333,-410,8044,732,29,-44,12,13696,2,1,28,8,36302,125,33,67,0,0,0,0,0,0,0,0,-32301,0,0,0,0,0,1300334,0
1300338,-392,8056,736,24,-44,15,13696,2,0,28,0,36307,118,33,67,0,0,0,0,0,0,0,0,-32301,0,0,0,0,0,1300339,0
1300343,-388,8108,728,31,-44,7,13696,1,3,28,0,36307,118,33,67,0,0,0,0,0,0,0,0,-32301,0,0,0,0,0,1300344,0
1300348,-404,8102,742,29,-43,8,13695,-1,1,28,8,36306,123,33,67,0,0,0,0,0,0,0,0,-32300,0,0,0,0,0,1300349,0
1300353,-406,8198,752,29,-48,6,13695,1,2,29,0,36306,123,33,67,0,0,0,0,0,0,0,0,-32301,0,0,0,0,0,1300354,0
1300358,-400,8176,746,31,-46,5,13696,0,0,28,0,36303,123,33,67,0,0,0,0,0,0,0,0,-32301,0,0,0,0,0,1300359,0
1300363,-492,8028,784,29,-41,1,13696,-1,-1,28,8,36303,123,33,67,0,0,0,0,0,0,0,0,-32301,0,0,0,0,0,1300364,0
1300368,-480,8028,754,31,-36,-2,13695,-6,-2,29,0,36300,121,33,67,0,0,0,0,0,0,0,0,-32301,0,0,0,0,0,1300369,0
1300373,-474,8058,748,27,-42,0,13696,0,-4,31,8,36300,121,33,67,0,0,0,0,0,0,0,0,-32301,0,0,0,0,0,1300374,0
1300378,-490,8062,798,32,-41,2,13696,4,0,29,0,36301,119,33,67,0,0,0,0,0,0,0,0,-32301,0,0,0,0,0,1300379,0
1300383,-524,8060,806,29,-37,-1,13696,3,-2,29,0,36301,119,33,67,0,0,0,0,0,0,0,0,-32300,0,0,0,0,0,1300384,0
1300388,-492,8062,844,31,-35,12,13696,-4,1,28,8,36302,121,33,67,0,0,0,0,0,0,0,0,-32300,0,0,0,0,0,1300389,0
1300393,-482,8044,850,39,-40,5,13696,1,-1,30,0,36302,121,33,67,0,0,0,0,0,0,0,0,-32300,0,0,0,0,0,1300394,0
1300398,-508,7996,864,28,-34,6,13697,2,0,28,8,36299,128,33,67,0,0,0,0,0,0,0,0,-32300,0,0,0,0,0,1300399,0
1300403,-528,8054,824,35,-28,13,13696,-1,-1,27,0,36299,128,33,67,0,0,0,0,0,0,0,0,-32300,0,0,0,0,0,1300404,0
1300408,-524,8046,836,46,-18,13,13695,-3,-3,28,8,36298,131,33,67,0,0,0,0,0,0,0,0,-32301,0,0,0,0,0,1300409,0
1300413,-564,8058,810,45,-20,15,13697,-3,1,30,8,36298,131,33,67,0,0,0,0,0,0,0,0,-32301,0,0,0,0,0,1300414,0
1300418,-516,8054,794,47,-13,19,13697,5,1,29,0,36298,130,33,67,0,0,0,0,0,0,0,0,-32301,0,0,0,0,0,1300419,0
1300423,-574,8066,818,42,-12,21,13696,0,-3,31,8,36298,130,33,67,0,0,0,0,0,0,0,0,-32300,0,0,0,0,0,1300424,0
1300428,-552,8082,802,50,3,27,13696,0,3,30,8,36299,121,33,67,0,0,0,0,0,0,0,0,-32300,0,0,0,0,0,1300429,0
1300433,-546,8098,828,41,-6,25,13695,-5,-1,30,8,36299,121,33,67,0,0,0,0,0,0,0,0,-32300,0,0,0,0,0,1300434,0
1300438,-540,8074,812,44,-3,25,13695,0,0,28,8,36300,122,33,67,0,0,0,0,0,0,0,0,-32301,0,0,0,0,0,1300439,0
1300443,-510,8058,816,55,3,25,13697,5,-2,29,8,36300,122,33,67,0,0,0,0,0,0,0,0,-32301,0,0,0,0,0,1300444,0
1300448,-508,8088,800,50,7,31,13696,2,0,29,8,36300,125,33,67,0,0,0,0,0,0,0,0,-32301,0,0,0,0,0,1300449,0
1300453,-482,8106,788,44,10,31,13696,2,3,29,0,36300,125,33,67,0,0,0,0,0,0,0,0,-32301,0,0,0,0,0,1300454,0
1300458,-492,8076,802,57,5,33,13696,0,1,28,8,36302,127,33,67,0,0,0,0,0,0,0,0,-32301,0,0,0,0,0,1300459,0
1300463,-488,8064,804,58,5,32,13697,0,0,28,8,36302,127,33,67,0,0,0,0,0,0,0,0,-32301,0,0,0,0,0,1300464,0
1300468,-506,8058,794,47,11,31,13696,-2,5,27,0,36302,126,33,67,0,0,0,0,0,0,0,0,-32300,0,0,0,0,0,1300469,0
1300473,-522,8094,806,58,11,32,13696,6,-2,31,0,36302,126,33,67,0,0,0,0,0,0,0,0,-32301,0,0,0,0,0,1300474,0
1300478,-514,8066,798,65,9,33,13697,4,3,32,8,36302,125,33,67,0,0,0,0,0,0,0,0,-32301,0,0,0,0,0,1300479,0
1300483,-490,8100,778,57,13,36,13696,7,5,28,8,36302,125,33,67,0,0,0,0,0,0,0,0,-32300,0,0,0,0,0,1300484,0
1300488,-496,8080,784,53,9,37,13696,-1,2,30,8,36302,126,33,67,0,0,0,0,0,0,0,0,-32300,0,0,0,0,0,1300489,0
1300493,-510,8082,784,68,9,32,13696,4,6,29,8,36302,126,33,67,0,0,0,0,0,0,0,0,-32300,0,0,0,0,0,1300494,0
1300498,-504,8070,784,61,7,34,13696,2,-4,28,8,36308,125,33,67,0,0,0,0,0,0,0,0,-32301,0,0,0,0,0,1300499,0
1300503,-500,8104,784,64,12,30,13696,4,2,29,0,36308,125,33,67,0,0,0,0,0,0,0,0,-32301,0,0,0,0,0,1300504,0
1300508,-512,8094,780,62,6,37,13695,0,-1,28,0,36307,122,33,67,0,0,0,0,0,0,0,0,-32301,0,0,0,0,0,1300509,0
1300513,-496,8084,798,58,2,34,13696,-3,0,28,8,36307,122,33,67,0,0,0,0,0,0,0,0,-32300,0,0,0,0,0,1300514,0
1300518,-502,8088,796,65,5,35,13695,-5,-2,30,8,36308,130,33,67,0,0,0,0,0,0,0,0,-32301,0,0,0,0,0,1300519,0
1300523,-500,8074,772,68,3,36,13695,-7,-6,30,8,36308,130,33,67,0,0,0,0,0,0,0,0,-32300,0,0,0,0,0,1300524,0
1300528,-478,8138,754,72,3,32,13696,-1,-4,29,8,36305,133,33,67,0,0,0,0,0,0,0,0,-32300,0,0,0,0,0,1300529,0
1300533,-462,8134,796,51,-1,39,13696,5,0,31,8,36305,133,33,67,0,0,0,0,0,0,0,0,-32300,0,0,0,0,0,1300534,0
1300538,-472,8096,792,60,3,37,13696,1,0,29,8,36300,129,33,67,0,0,0,0,0,0,0,0,-32301,0,0,0,0,0,1300539,0
1300543,-476,8064,806,68,2,30,13695,1,-2,29,8,36300,129,33,67,0,0,0,0,0,0,0,0,-32300,0,0,0,0,0,1300544,0
1300548,-534,8068,782,71,-1,31,13696,4,1,29,8,36302,135,33,67,0,0,0,0,0,0,0,0,-32300,0,0,0,0,0,1300549,0
1300553,-522,8086,780,69,-1,34,13696,-3,4,28,8,36302,135,33,67,0,0,0,0,0,0,0,0,-32300,0,0,0,0,0,1300554,0
1300558,-502,8082,774,64,-2,33,13696,1,1,29,8,36305,138,33,67,0,0,0,0,0,0,0,0,-32300,0,0,0,0,0,1300559,0
1300563,-510,8058,750,72,-2,36,13695,-4,-3,28,0,36305,138,33,67,0,0,0,0,0,0,0,0,-32301,0,0,0,0,0,1300564,0
1300568,-520,8042,754,62,-3,41,13697,5,2,30,0,36305,134,33,67,0,0,0,0,0,0,0,0,-32300,0,0,0,0,0,1300569,0
1300573,-514,8062,782,72,-1,34,13695,-5,-3,30,8,36305,134,33,67,0,0,0,0,0,0,0,0,-32301,0,0,0,0,0,1300574,0
1300578,-524,8046,798,71,-8,40,13696,-1,-3,28,8,36302,130,33,67,0,0,0,0,0,0,0,0,-32301,0,0,0,0,0,1300579,0
1300583,-522,8078,752,70,-5,43,13696,-1,0,29,8,36302,130,33,67,0,0,0,0,0,0,0,0,-32300,0,0,0,0,0,1300584,0
1300588,-528,8104,772,73,-5,39,13696,1,3,28,8,36302,117,33,67,0,0,0,0,0,0,0,0,-32302,0,0,0,0,0,1300589,0
1300593,-524,8086,790,66,-8,41,13696,0,0,27,8,36302,117,33,67,0,0,0,0,0,0,0,0,-32301,0,0,0,0,0,1300594,0
1300598,-520,8098,758,78,-11,39,13696,-1,2,29,8,36305,115,33,67,0,0,0,0,0,0,0,0,-32300,0,0,0,0,0,1300599,0
1300603,-540,8078,764,66,-5,40,13697,8,2,28,8,36305,115,33,67,0,0,0,0,0,0,0,0,-32301,0,0,0,0,0,1300604,0
1300608,-532,8114,744,66,-7,43,13696,1,-1,27,8,36308,129,33,67,0,0,0,0,0,0,0,0,-32301,0,0,0,0,0,1300609,0
1300613,-494,8124,736,75,-10,43,13696,1,-3,28,8,36308,129,33,67,0,0,0,0,0,0,0,0,-32300,0,0,0,0,0,1300614,0
1300618,-468,8088,748,70,-5,46,13696,5,-1,28,8,36304,129,33,67,0,0,0,0,0,0,0,0,-32301,0,0,0,0,0,1300619,0
1300623,-486,8110,732,68,-12,46,13696,1,-3,29,8,36304,129,33,67,0,0,0,0,0,0,0,0,-32300,0,0,0,0,0,1300624,0
1300628,-488,8088,758,73,-8,42,13696,2,1,29,8,36302,134,33,67,0,0,0,0,0,0,0,0,-32300,0,0,0,0,0,1300629,0
1300633,-488,8088,750,63,-4,50,13695,-2,-2,29,8,36302,134,33,67,0,0,0,0,0,0,0,0,-32300,0,0,0,0,0,1300634,0
1300638,-492,8084,758,66,0,43,13697,9,1,29,8,36299,129,33,67,0,0,0,0,0,0,0,0,-32300,0,0,0,0,0,1300639,0
1300643,-490,8080,770,70,-9,43,13697,-1,-5,29,8,36299,129,33,67,0,0,0,0,0,0,0,0,-32300,0,0,0,0,0,1300644,0
1300648,-492,8084,744,62,-8,45,13696,0,5,28,8,36302,135,33,67,0,0,0,0,0,0,0,0,-32301,0,0,0,0,0,1300649,0
1300653,-486,8072,742,63,-4,47,13697,3,-1,29,0,36302,135,33,67,0,0,0,0,0,0,0,0,-32301,0,0,0,0,0,1300654,0
1300658,-506,8108,766,66,-7,45,13696,-3,-4,28,0,36301,138,33,67,0,0,0,0,0,0,0,0,-32300,0,0,0,0,0,1300659,0
1300663,-504,8086,758,67,-11,44,13696,-1,-5,27,8,36301,138,33,67,0,0,0,0,0,0,0,0,-32300,0,0,0,0,0,1300664,0
1300668,-490,8064,746,69,-10,44,13697,0,-1,29,0,36300,132,33,67,0,0,0,0,0,0,0,0,-32301,0,0,0,0,0,1300669,0
1300673,-474,8054,766,67,-6,45,13695,-4,7,30,8,36300,132,33,67,0,0,0,0,0,0,0,0,-32300,0,0,0,0,0,1300674,0
1300678,-470,8100,758,63,-13,45,13695,-6,-1,31,8,36299,123,33,67,0,0,0,0,0,0,0,0,-32300,0,0,0,0,0,1300679,0
1300683,-464,8092,744,71,-13,46,13697,4,-1,29,8,36299,123,33,67,0,0,0,0,0,0,0,0,-32300,0,0,0,0,0,1300684,0
1300688,-474,8102,766,64,-18,45,13696,0,3,27,0,36301,122,33,67,0,0,0,0,0,0,0,0,-32301,0,0,0,0,0,1300689,0
1300693,-514,8102,764,67,-19,40,13697,0,6,27,8,36301,122,33,67,0,0,0,0,0,0,0,0,-32301,0,0,0,0,0,1300694,0
1300698,-466,8102,778,60,-23,37,13697,7,0,29,8,36300,118,33,67,0,0,0,0,0,0,0,0,-32300,0,0,0,0,0,1300699,0
1300703,-450,8100,770,64,-18,40,13697,3,3,28,8,36300,118,33,67,0,0,0,0,0,0,0,0,-32300,0,0,0,0,0,1300704,0
1300708,-448,8106,772,64,-28,42,13696,0,-2,28,0,36303,125,33,67,0,0,0,0,0,0,0,0,-32301,0,0,0,0,0,1300709,0
1300713,-442,8094,766,63,-23,39,13697,-4,0,27,8,36303,125,33,67,0,0,0,0,0,0,0,0,-32300,0,0,0,0,0,1300714,0
1300718,-468,8104,780,60,-26,43,13697,6,4,30,0,36302,123,33,67,0,0,0,0,0,0,0,0,-32301,0,0,0,0,0,1300719,0
1300723,-452,8112,766,66,-23,36,13697,4,3,30,8,36302,123,33,67,0,0,0,0,0,0,0,0,-32300,0,0,0,0,0,1300724,0
1300728,-456,8080,802,60,-26,35,13697,-2,-1,31,8,36302,121,33,67,0,0,0,0,0,0,0,0,-32301,0,0,0,0,0,1300729,0
1300733,-466,8076,784,67,-22,35,13698,3,1,30,8,36302,121,33,67,0,0,0,0,0,0,0,0,-32301,0,0,0,0,0,1300734,0
1300738,-478,8072,780,63,-24,30,13698,-3,2,29,8,36297,120,33,67,0,0,0,0,0,0,0,0,-32301,0,0,0,0,0,1300739,0
1300743,-480,8074,768,60,-26,36,13697,2,-1,27,8,36297,120,33,67,0,0,0,0,0,0,0,0,-32301,0,0,0,0,0,1300744,0
1300748,-488,8086,784,55,-25,34,13698,-1,-7,26,8,36293,131,33,67,0,0,0,0,0,0,0,0,-32301,0,0,0,0,0,1300749,0
1300753,-480,8088,770,64,-25,37,13698,1,-1,28,8,36293,131,33,67,0,0,0,0,0,0,0,0,-32301,0,0,0,0,0,1300754,0
1300758,-472,8082,796,61,-24,34,13697,-2,-1,28,8,36293,133,33,67,0,0,0,0,0,0,0,0,-32300,0,0,0,0,0,1300759,0
1300763,-476,8074,770,57,-17,38,13699,5,0,28,8,36293,133,33,67,0,0,0,0,0,0,0,0,-32301,0,0,0,0,0,1300764,0
1300768,-482,8072,758,66,-21,39,13698,-1,-4,30,0,36293,131,33,67,0,0,0,0,0,0,0,0,-32301,0,0,0,0,0,1300769,0
1300773,-500,8066,784,65,-17,40,13698,-5,1,31,8,36293,131,33,67,0,0,0,0,0,0,0,0,-32301,0,0,0,0,0,1300774,0
1300778,-486,8100,754,57,-20,40,13699,4,-2,30,0,36294,126,33,67,0,0,0,0,0,0,0,0,-32300,0,0,0,0,0,1300779,0
1300783,-454,8096,754,66,-16,41,13699,8,-1,28,8,36294,126,33,67,0,0,0,0,0,0,0,0,-32301,0,0,0,0,0,1300784,0
1300788,-450,8076,776,60,-19,40,13698,-5,-4,28,0,36294,122,33,67,0,0,0,0,0,0,0,0,-32301,0,0,0,0,0,1300789,0
1300793,-468,8086,772,58,-13,44,13699,-2,0,27,0,36294,122,33,67,0,0,0,0,0,0,0,0,-32301,0,0,0,0,0,1300794,0
1300798,-474,8090,796,62,-15,42,13700,3,-1,27,8,36297,125,33,67,0,0,0,0,0,0,0,0,-32300,0,0,0,0,0,1300799,0
1300803,-472,8084,774,59,-7,40,13698,1,1,28,8,36297,125,33,67,0,0,0,0,0,0,0,0,-32300,0,0,0,0,0,1300804,0
1300808,-454,8090,778,55,-3,42,13698,1,0,28,8,36297,119,33,67,0,0,0,0,0,0,0,0,-32300,0,0,0,0,0,1300809,0
1300813,-450,8102,802,59,-9,40,13700,2,-1,27,8,36297,119,33,67,0,0,0,0,0,0,0,0,-32301,0,0,0,0,0,1300814,0
1300818,-480,8090,788,58,-6,39,13700,-2,5,31,8,36305,120,33,67,0,0,0,0,0,0,0,0,-32300,0,0,0,0,0,1300819,0
1300823,-482,8086,790,64,-1,43,13698,-3,0,30,8,36305,120,33,67,0,0,0,0,0,0,0,0,-32301,0,0,0,0,0,1300824,0
1300828,-450,8072,796,62,5,44,13699,-1,-1,31,8,36303,122,33,67,0,0,0,0,0,0,0,0,-32301,0,0,0,0,0,1300829,0
1300833,-484,8076,798,67,2,43,13700,0,-1,29,8,36303,122,33,67,0,0,0,0,0,0,0,0,-32300,0,0,0,0,0,1300834,0
1300838,-464,8090,804,60,4,46,13699,-2,4,29,8,36303,125,33,67,0,0,0,0,0,0,0,0,-32300,0,0,0,0,0,1300839,0
1300843,-464,8078,780,61,8,41,13700,0,2,28,8,36303,125,33,67,0,0,0,0,0,0,0,0,-32300,0,0,0,0,0,1300844,0
1300848,-486,8094,814,66,7,38,13700,1,-2,27,8,36296,129,33,67,0,0,0,0,0,0,0,0,-32300,0,0,0,0,0,1300849,0
1300853,-474,8072,760,62,3,42,13700,-1,2,27,8,36296,129,33,67,0,0,0,0,0,0,0,0,-32300,0,0,0,0,0,1300854,0
1300858,-472,8072,808,67,7,41,13700,-2,3,29,8,36298,134,33,67,0,0,0,0,0,0,0,0,-32300,0,0,0,0,0,1300859,0
1300863,-488,8102,782,68,0,46,13700,0,-2,27,0,36298,134,33,67,0,0,0,0,0,0,0,0,-32300,0,0,0,0,0,1300864,0
1300868,-500,8060,802,64,3,47,13701,1,3,31,0,36297,133,33,67,0,0,0,0,0,0,0,0,-32300,0,0,0,0,0,1300869,0
1300873,-468,8090,794,69,5,43,13702,6,2,29,8,36297,133,33,67,0,0,0,0,0,0,0,0,-32300,0,0,0,0,0,1300874,0
1300878,-490,8090,796,69,2,46,13703,9,-1,29,8,36297,131,33,67,0,0,0,0,0,0,0,0,-32301,0,0,0,0,0,1300879,0
1300883,-514,8092,806,64,5,46,13703,0,1,29,8,36297,131,33,67,0,0,0,0,0,0,0,0,-32300,0,0,0,0,0,1300884,0
1300888,-510,8096,794,69,0,50,13702,1,0,28,8,36296,134,33,67,0,0,0,0,0,0,0,0,-32301,0,0,0,0,0,1300889,0
1300893,-498,8074,834,68,-1,49,13704,3,-5,28,8,36296,134,33,67,0,0,0,0,0,0,0,0,-32301,0,0,0,0,0,1300894,0
1300898,-498,8096,826,65,-1,47,13703,-1,0,27,8,36298,123,33,67,0,0,0,0,0,0,0,0,-32300,0,0,0,0,0,1300899,0
1300903,-494,8094,814,72,-2,52,13706,7,3,27,8,36298,123,33,67,0,0,0,0,0,0,0,0,-32301,0,0,0,0,0,1300904,0
1300908,-538,8020,822,73,-5,56,13708,13,2,27,8,36297,120,33,67,0,0,0,0,0,0,0,0,-32300,0,0,0,0,0,1300909,0
1300913,-548,8072,840,74,2,56,13710,12,8,25,16,36297,120,33,67,0,0,0,0,0,0,0,0,-32301,0,0,0,0,0,1300914,0
1300918,-604,8060,828,71,-7,54,13715,29,11,26,24,36297,112,33,67,0,0,0,0,0,0,0,0,-32301,0,0,0,0,0,1300919,0
1300923,-574,8042,798,78,-7,58,13727,60,24,25,40,36297,112,33,67,0,0,0,0,0,0,0,0,-32300,0,0,0,0,0,1300924,0
1300928,-466,8044,804,74,-7,57,13750,106,57,22,48,36300,123,33,67,0,0,0,0,0,0,0,0,-32301,0,0,0,0,0,1300929,0
1300933,-422,8046,810,81,-14,57,13773,97,83,25,48,36300,123,33,67,0,0,0,0,0,0,0,0,-32301,0,0,0,0,0,1300934,0
1300938,-420,8066,842,79,-6,55,13792,79,74,23,32,36300,128,33,67,0,0,0,0,0,0,0,0,-32301,0,0,0,0,0,1300939,0
1300943,-470,8054,856,81,-6,58,13811,88,39,19,40,36300,128,33,67,0,0,0,0,0,0,0,0,-32301,0,0,0,0,0,1300944,0
1300948,-456,8072,844,88,-12,58,13826,59,-3,21,24,36300,135,33,67,0,0,0,0,0,0,0,0,-32301,0,0,0,0,0,1300949,0
1300953,-492,8122,796,79,-13,61,13830,7,-53,25,0,36300,135,33,67,0,0,0,0,0,0,0,0,-32301,0,0,0,0,0,1300954,0
1300958,-544,8082,832,85,-8,62,13829,-3,-78,22,8,36296,133,33,67,0,0,0,0,0,0,0,0,-32301,0,0,0,0,0,1300959,0
1300963,-594,8100,818,91,-14,63,13829,7,-80,20,8,36296,133,33,67,0,0,0,0,0,0,0,0,-32301,0,0,0,0,0,1300964,0
1300968,-588,8090,860,94,-20,70,13828,-1,-69,22,0,36296,131,33,67,0,0,0,0,0,0,0,0,-32301,0,0,0,0,0,1300969,0
1300973,-592,8076,828,96,-20,75,13828,-4,-36,22,8,36296,131,33,67,0,0,0,0,0,0,0,0,-32301,0,0,0,0,0,1300974,0
1300978,-532,8060,820,99,-16,75,13829,-4,-2,20,8,36296,120,33,67,0,0,0,0,0,0,0,0,-32301,0,0,0,0,0,1300979,0
1300983,-526,8036,866,97,-20,73,13829,3,5,22,0,36296,120,33,67,0,0,0,0,0,0,0,0,-32300,0,0,0,0,0,1300984,0
1300988,-470,8068,840,102,-22,83,13829,3,0,21,8,36308,122,33,67,0,0,0,0,0,0,0,0,-32300,0,0,0,0,0,1300989,0
1300993,-450,8072,824,104,-20,78,13828,-3,-3,23,8,36308,122,33,67,0,0,0,0,0,0,0,0,-32301,0,0,0,0,0,1300994,0
1300998,-450,8104,846,104,-19,75,13828,4,0,20,8,36318,126,33,67,0,0,0,0,0,0,0,0,-32301,0,0,0,0,0,1300999,0
1301003,-428,8090,838,103,-23,77,13828,2,0,20,8,36318,126,33,67,0,0,0,0,0,0,0,0,-32301,0,0,0,0,0,1301004,0
1301008,-426,8128,832,106,-19,77,13827,-6,-2,21,8,36323,130,33,67,0,0,0,0,0,0,0,0,-32300,0,0,0,0,0,1301009,0
1301013,-414,8102,848,111,-13,70,13828,-3,2,22,8,36323,130,33,67,0,0,0,0,0,0,0,0,-32300,0,0,0,0,0,1301014,0
1301018,-456,8144,832,109,-8,74,13827,0,1,22,0,36313,131,33,67,0,0,0,0,0,0,0,0,-32300,0,0,0,0,0,1301019,0
1301023,-448,8132,848,109,-11,76,13828,0,1,22,8,36313,131,33,67,0,0,0,0,0,0,0,0,-32301,0,0,0,0,0,1301024,0
1301028,-444,8170,786,112,-9,71,13828,-1,0,22,8,36307,125,33,67,0,0,0,0,0,0,0,0,-32300,0,0,0,0,0,1301029,0
1301033,-378,8120,778,109,-8,74,13829,3,2,22,8,36307,125,33,67,0,0,0,0,0,0,0,0,-32300,0,0,0,0,0,1301034,0
1301038,-420,8098,772,111,-15,71,13829,6,1,21,8,36302,115,33,67,0,0,0,0,0,0,0,0,-32301,0,0,0,0,0,1301039,0
1301043,-430,8104,826,113,-16,67,13828,0,0,20,0,36302,115,33,67,0,0,0,0,0,0,0,0,-32300,0,0,0,0,0,1301044,0
1301048,-432,8086,784,116,-8,73,13829,-1,-4,21,8,36300,111,33,67,0,0,0,0,0,0,0,0,-32300,0,0,0,0,0,1301049,0
1301053,-382,8072,784,113,-5,67,13828,-4,-3,21,8,36300,111,33,67,0,0,0,0,0,0,0,0,-32301,0,0,0,0,0,1301054,0
1301058,-430,8056,784,112,-7,70,13829,-3,-1,22,8,36295,114,33,67,0,0,0,0,0,0,0,0,-32301,0,0,0,0,0,1301059,0
1301063,-442,8044,742,117,-6,65,13828,-3,-7,21,8,36295,114,33,67,0,0,0,0,0,0,0,0,-32300,0,0,0,0,0,1301064,0
1301068,-444,8086,774,111,-9,70,13829,2,-2,21,8,36295,119,33,67,0,0,0,0,0,0,0,0,-32301,0,0,0,0,0,1301069,0
1301073,-498,8068,764,109,-6,66,13828,1,-2,22,0,36295,119,33,67,0,0,0,0,0,0,0,0,-32301,0,0,0,0,0,1301074,0
1301078,-480,8068,780,109,-15,73,13828,1,0,21,0,36294,127,33,67,0,0,0,0,0,0,0,0,-32300,0,0,0,0,0,1301079,0
1301083,-500,8080,754,116,-15,73,13829,3,-2,22,8,36294,127,33,67,0,0,0,0,0,0,0,0,-32301,0,0,0,0,0,1301084,0
1301088,-520,8126,750,115,-17,74,13828,0,3,21,8,36295,120,33,67,0,0,0,0,0,0,0,0,-32301,0,0,0,0,0,1301089,0
1301093,-526,8094,718,113,-21,77,13828,0,1,23,0,36295,120,33,67,0,0,0,0,0,0,0,0,-32301,0,0,0,0,0,1301094,0
1301098,-526,8080,758,112,-19,76,13828,-5,-1,20,0,36294,122,33,67,0,0,0,0,0,0,0,0,-32301,0,0,0,0,0,1301099,0
1301103,-516,8114,776,107,-19,78,13828,0,-1,21,8,36294,122,33,67,0,0,0,0,0,0,0,0,-32300,0,0,0,0,0,1301104,0
1301108,-506,8088,778,114,-23,80,13828,3,4,21,0,36296,120,33,67,0,0,0,0,0,0,0,0,-32300,0,0,0,0,0,1301109,0
1301113,-498,8088,758,113,-27,84,13829,0,1,22,8,36296,120,33,67,0,0,0,0,0,0,0,0,-32301,0,0,0,0,0,1301114,0
1301118,-500,8070,772,112,-26,84,13829,4,2,21,8,36296,119,33,67,0,0,0,0,0,0,0,0,-32301,0,0,0,0,0,1301119,0
1301123,-488,8074,752,113,-30,88,13828,-7,3,22,0,36296,119,33,67,0,0,0,0,0,0,0,0,-32300,0,0,0,0,0,1301124,0
1301128,-464,8086,734,112,-40,89,13828,-7,-4,23,0,36298,122,33,67,0,0,0,0,0,0,0,0,-32301,0,0,0,0,0,1301129,0
1301133,-490,8068,758,108,-41,91,13828,0,-2,21,0,36298,122,33,67,0,0,0,0,0,0,0,0,-32300,0,0,0,0,0,1301134,0
1301138,-472,8092,738,106,-43,86,13829,2,3,21,8,36299,128,33,67,0,0,0,0,0,0,0,0,-32300,0,0,0,0,0,1301139,0
1301143,-460,8074,730,106,-57,89,13828,-5,-1,22,0,36299,128,33,67,0,0,0,0,0,0,0,0,-32301,0,0,0,0,0,1301144,0
1301148,-442,8080,722,106,-60,86,13828,2,3,21,0,36299,131,33,67,0,0,0,0,0,0,0,0,-32300,0,0,0,0,0,1301149,0
1301153,-452,8096,738,103,-62,88,13830,2,-1,21,8,36299,131,33,67,0,0,0,0,0,0,0,0,-32301,0,0,0,0,0,1301154,0
1301158,-416,8076,730,98,-67,88,13828,-9,0,22,8,36296,136,33,67,0,0,0,0,0,0,0,0,-32301,0,0,0,0,0,1301159,0
1301163,-416,8104,712,106,-75,90,13828,-2,-3,21,8,36296,136,33,67,0,0,0,0,0,0,0,0,-32300,0,0,0,0,0,1301164,0
1301168,-368,8106,740,96,-83,81,13827,-4,-3,21,0,36296,128,33,67,0,0,0,0,0,0,0,0,-32300,0,0,0,0,0,1301169,0
1301173,-408,8124,722,101,-81,83,13830,6,-1,22,8,36296,128,33,67,0,0,0,0,0,0,0,0,-32301,0,0,0,0,0,1301174,0
1301178,-370,8132,672,98,-89,84,13828,-1,3,22,8,36296,120,33,67,0,0,0,0,0,0,0,0,-32300,0,0,0,0,0,1301179,0
1301183,-356,8128,726,102,-88,78,13829,0,4,22,8,36296,120,33,67,0,0,0,0,0,0,0,0,-32300,0,0,0,0,0,1301184,0
1301188,-376,8144,730,98,-98,73,13830,3,-4,21,8,36295,118,33,67,0,0,0,0,0,0,0,0,-32301,0,0,0,0,0,1301189,0
1301193,-332,8256,800,93,-102,73,13829,9,0,23,8,36295,118,33,67,0,0,0,0,0,0,0,0,-32300,0,0,0,0,0,1301194,0
1301198,-362,8290,754,99,-105,66,13829,1,-3,21,8,36292,116,33,67,0,0,0,0,0,0,0,0,-32300,0,0,0,0,0,1301199,0
1301203,-446,8088,714,97,-106,69,13829,3,-5,21,8,36292,116,33,67,0,0,0,0,0,0,0,0,-32300,0,0,0,0,0,1301204,0
1301208,-464,8110,744,90,-119,63,13828,-2,-2,20,0,36289,117,33,67,0,0,0,0,0,0,0,0,-32300,0,0,0,0,0,1301209,0
1301213,-376,8050,686,89,-120,66,13829,3,0,21,8,36289,117,33,67,0,0,0,0,0,0,0,0,-32301,0,0,0,0,0,1301214,0
1301218,-390,8074,706,84,-125,60,13829,6,-5,21,8,36289,122,33,67,0,0,0,0,0,0,0,0,-32300,0,0,0,0,0,1301219,0
1301223,-398,8056,706,87,-130,63,13829,0,2,23,8,36289,122,33,67,0,0,0,0,0,0,0,0,-32300,0,0,0,0,0,1301224,0
1301228,-406,8100,584,88,-135,60,13829,4,-3,22,8,36293,119,33,67,0,0,0,0,0,0,0,0,-32301,0,0,0,0,0,1301229,0
1301233,-344,8094,714,84,-141,59,13829,-1,1,21,8,36293,119,33,67,0,0,0,0,0,0,0,0,-32300,0,0,0,0,0,1301234,0
1301238,-346,8056,728,84,-145,59,13828,5,0,20,8,36301,112,33,67,0,0,0,0,0,0,0,0,-32301,0,0,0,0,0,1301239,0
1301243,-392,8026,712,85,-145,61,13828,-5,-3,20,8,36301,112,33,67,0,0,0,0,0,0,0,0,-32300,0,0,0,0,0,1301244,0
1301248,-436,8062,716,80,-149,63,13830,6,0,21,8,36304,117,33,67,0,0,0,0,0,0,0,0,-32301,0,0,0,0,0,1301249,0
1301253,-428,8080,730,81,-147,63,13830,10,1,20,8,36304,117,33,67,0,0,0,0,0,0,0,0,-32300,0,0,0,0,0,1301254,0
1301258,-432,8060,706,80,-149,60,13828,1,1,21,0,36305,110,33,67,0,0,0,0,0,0,0,0,-32301,0,0,0,0,0,1301259,0
1301263,-400,8060,728,82,-149,61,13829,1,-4,21,8,36305,110,33,67,0,0,0,0,0,0,0,0,-32301,0,0,0,0,0,1301264,0
1301268,-380,8070,742,79,-150,65,13830,4,-3,23,8,36300,114,33,67,0,0,0,0,0,0,0,0,-32301,0,0,0,0,0,1301269,0
1301273,-364,8118,738,86,-148,61,13829,1,3,21,8,36300,114,33,67,0,0,0,0,0,0,0,0,-32301,0,0,0,0,0,1301274,0
1301278,-374,8120,754,74,-148,59,13828,-2,-2,22,0,36298,112,33,67,0,0,0,0,0,0,0,0,-32301,0,0,0,0,0,1301279,0
1301283,-372,8090,750,76,-143,62,13829,-1,-2,23,8,36298,112,33,67,0,0,0,0,0,0,0,0,-32301,0,0,0,0,0,1301285,0
1301288,-366,8098,768,80,-135,59,13828,-3,-4,21,8,36297,112,33,67,0,0,0,0,0,0,0,0,-32300,0,0,0,0,0,1301290,0
1301293,-342,8108,730,78,-138,59,13828,0,-1,22,8,36297,112,33,67,0,0,0,0,0,0,0,0,-32301,0,0,0,0,0,1301295,0
1301298,-316,8106,722,77,-136,60,13829,-4,3,21,8,36297,121,33,67,0,0,0,0,0,0,0,0,-32301,0,0,0,0,0,1301300,0
1301303,-334,8138,748,77,-136,57,13827,-9,-2,20,0,36297,121,33,67,0,0,0,0,0,0,0,0,-32300,0,0,0,0,0,1301305,0
1301308,-318,8132,750,75,-130,61,13829,-5,1,20,8,36296,127,33,67,0,0,0,0,0,0,0,0,-32300,0,0,0,0,0,1301310,0
1301313,-334,8128,780,79,-125,58,13829,1,-2,20,8,36296,127,33,67,0,0,0,0,0,0,0,0,-32300,0,0,0,0,0,1301315,0
1301318,-324,8134,764,76,-122,53,13829,6,0,22,0,36293,128,33,67,0,0,0,0,0,0,0,0,-32301,0,0,0,0,0,1301320,0
1301323,-314,8132,760,84,-117,55,13828,-7,4,21,8,36293,128,33,67,0,0,0,0,0,0,0,0,-32300,0,0,0,0,0,1301325,0
1301328,-290,8094,768,79,-118,50,13829,1,3,21,8,36294,122,33,67,0,0,0,0,0,0,0,0,-32301,0,0,0,0,0,1301330,0
1301333,-306,8102,774,90,-109,46,13829,4,5,22,8,36294,122,33,67,0,0,0,0,0,0,0,0,-32300,0,0,0,0,0,1301335,0
1301338,-294,8114,772,78,-99,47,13830,0,6,20,8,36296,120,33,67,0,0,0,0,0,0,0,0,-32301,0,0,0,0,0,1301340,0
1301343,-284,8094,770,83,-95,49,13829,6,0,20,8,36296,120,33,67,0,0,0,0,0,0,0,0,-32300,0,0,0,0,0,1301345,0
1301348,-262,8098,774,88,-87,48,13829,3,4,20,8,36302,113,33,67,0,0,0,0,0,0,0,0,-32300,0,0,0,0,0,1301350,0
1301353,-294,8082,780,81,-77,47,13828,-6,2,21,0,36302,113,33,67,0,0,0,0,0,0,0,0,-32301,0,0,0,0,0,1301355,0
1301358,-288,8086,800,91,-77,43,13828,0,-2,21,8,36302,117,33,67,0,0,0,0,0,0,0,0,-32301,0,0,0,0,0,1301360,0
1301363,-330,8096,780,86,-66,42,13829,2,-2,21,8,36302,117,33,67,0,0,0,0,0,0,0,0,-32300,0,0,0,0,0,1301365,0
1301368,-320,8074,762,88,-61,41,13830,9,1,22,8,36302,127,33,67,0,0,0,0,0,0,0,0,-32301,0,0,0,0,0,1301370,0
1301373,-322,8088,760,89,-52,40,13830,5,3,21,8,36302,127,33,67,0,0,0,0,0,0,0,0,-32300,0,0,0,0,0,1301375,0
1301378,-332,8090,752,90,-46,46,13829,0,4,21,8,36297,131,33,67,0,0,0,0,0,0,0,0,-32300,0,0,0,0,0,1301380,0
1301383,-304,8104,786,85,-49,43,13829,3,1,22,8,36297,131,33,67,0,0,0,0,0,0,0,0,-32300,0,0,0,0,0,1301385,0
1301388,-302,8086,780,91,-33,43,13829,5,2,20,8,36296,123,33,67,0,0,0,0,0,0,0,0,-32301,0,0,0,0,0,1301390,0
1301393,-316,8060,772,94,-29,44,13829,0,0,22,8,36296,123,33,67,0,0,0,0,0,0,0,0,-32301,0,0,0,0,0,1301395,0
1301398,-330,8094,762,87,-20,40,13829,4,4,21,8,36297,112,33,67,0,0,0,0,0,0,0,0,-32300,0,0,0,0,0,1301400,0
1301403,-316,8108,754,86,-19,44,13828,-1,-1,21,0,36297,112,33,67,0,0,0,0,0,0,0,0,-32301,0,0,0,0,0,1301405,0
1301408,-320,8124,758,90,-12,38,13829,0,1,21,8,36298,116,33,67,0,0,0,0,0,0,0,0,-32300,0,0,0,0,0,1301411,0
1301413,-300,8094,756,95,-3,39,13829,1,2,22,8,36298,116,33,67,0,0,0,0,0,0,0,0,-32301,0,0,0,0,0,1301416,0
1301418,-294,8082,750,90,1,45,13829,-3,0,20,0,36298,117,33,67,0,0,0,0,0,0,0,0,-32300,0,0,0,0,0,1301421,0
1301423,-302,8076,766,91,5,38,13828,0,-3,22,8,36298,117,33,67,0,0,0,0,0,0,0,0,-32300,0,0,0,0,0,1301426,0
1301428,-282,8096,760,92,16,41,13829,-4,-2,21,8,36296,121,33,67,0,0,0,0,0,0,0,0,-32300,0,0,0,0,0,1301431,0
1301433,-320,8088,716,94,17,38,13828,-10,0,21,8,36296,121,33,67,0,0,0,0,0,0,0,0,-32301,0,0,0,0,0,1301436,0
1301438,-292,8114,740,84,14,35,13829,-1,-1,22,8,36298,125,33,67,0,0,0,0,0,0,0,0,-32300,0,0,0,0,0,1301441,0
1301443,-332,8086,734,92,19,35,13829,-1,-3,21,0,36298,125,33,67,0,0,0,0,0,0,0,0,-32300,0,0,0,0,0,1301446,0
1301448,-298,8098,740,88,24,38,13829,-1,3,20,8,36299,133,33,67,0,0,0,0,0,0,0,0,-32300,0,0,0,0,0,1301451,0
1301453,-310,8086,732,87,25,29,13829,2,4,21,8,36299,133,33,67,0,0,0,0,0,0,0,0,-32300,0,0,0,0,0,1301456,0
1301458,-298,8088,726,91,23,31,13827,-8,-1,20,0,36303,134,33,67,0,0,0,0,0,0,0,0,-32301,0,0,0,0,0,1301461,0
1301463,-292,8098,718,85,27,28,13829,5,1,21,8,36303,134,33,67,0,0,0,0,0,0,0,0,-32301,0,0,0,0,0,1301466,0
1301468,-272,8102,718,89,29,28,13828,4,0,21,8,36302,130,33,67,0,0,0,0,0,0,0,0,-32301,0,0,0,0,0,1301471,0
1301473,-266,8144,696,87,27,17,13828,-5,0,22,8,36302,130,33,67,0,0,0,0,0,0,0,0,-32301,0,0,0,0,0,1301476,0
1301478,-272,8100,708,80,29,22,13828,0,3,23,8,36305,126,33,67,0,0,0,0,0,0,0,0,-32301,0,0,0,0,0,1301481,0
1301483,-288,8130,718,79,23,16,13829,-6,0,22,8,36305,126,33,67,0,0,0,0,0,0,0,0,-32301,0,0,0,0,0,1301486,0
1301488,-322,8128,720,79,21,13,13828,7,-1,22,8,36300,120,33,67,0,0,0,0,0,0,0,0,-32301,0,0,0,0,0,1301491,0
1301493,-336,8116,696,84,24,9,13829,0,0,22,8,36300,120,33,67,0,0,0,0,0,0,0,0,-32301,0,0,0,0,0,1301496,0
1301498,-298,8102,694,83,18,6,13828,-9,-1,21,8,36299,123,33,67,0,0,0,0,0,0,0,0,-32300,0,0,0,0,0,1301501,0
1301503,-318,8100,708,81,15,5,13829,1,1,22,8,36299,123,33,67,0,0,0,0,0,0,0,0,-32300,0,0,0,0,0,1301506,0
1301508,-328,8082,694,73,12,3,13830,7,1,21,8,36296,120,33,67,0,0,0,0,0,0,0,0,-32301,0,0,0,0,0,1301511,0
1301513,-338,8128,680,76,10,-2,13829,1,-2,21,8,36296,120,33,67,0,0,0,0,0,0,0,0,-32301,0,0,0,0,0,1301516,0
1301518,-300,8098,714,73,10,1,13829,3,-3,21,8,36297,123,33,67,0,0,0,0,0,0,0,0,-32300,0,0,0,0,0,1301521,0
1301523,-326,8076,706,73,4,-1,13828,0,1,21,0,36297,123,33,67,0,0,0,0,0,0,0,0,-32301,0,0,0,0,0,1301526,0
1301528,-328,8064,718,70,8,-7,13829,-1,0,21,8,36298,123,33,67,0,0,0,0,0,0,0,0,-32301,0,0,0,0,0,1301531,0
1301533,-326,8086,706,75,0,-6,13829,1,1,22,8,36298,123,33,67,0,0,0,0,0,0,0,0,-32300,0,0,0,0,0,1301536,0
1301538,-360,8110,724,67,2,-4,13828,5,-5,22,8,36298,111,33,67,0,0,0,0,0,0,0,0,-32301,0,0,0,0,0,1301541,0
1301543,-350,8084,696,66,1,-9,13828,-6,0,21,8,36298,111,33,67,0,0,0,0,0,0,0,0,-32300,0,0,0,0,0,1301546,0
1301548,-368,8090,696,70,-1,-8,13829,0,4,21,8,36298,114,33,67,0,0,0,0,0,0,0,0,-32300,0,0,0,0,0,1301551,0
1301553,-358,8098,704,64,-6,-15,13830,4,2,22,8,36298,114,33,67,0,0,0,0,0,0,0,0,-32301,0,0,0,0,0,1301556,0
1301558,-374,8096,714,70,-5,-16,13828,-6,-1,22,0,36299,119,33,67,0,0,0,0,0,0,0,0,-32301,0,0,0,0,0,1301561,0
1301563,-376,8094,712,62,-3,-8,13828,-1,-2,22,8,36299,119,33,67,0,0,0,0,0,0,0,0,-32300,0,0,0,0,0,1301566,0
1301568,-382,8130,714,66,1,-12,13829,0,2,20,0,36301,119,33,67,0,0,0,0,0,0,0,0,-32300,0,0,0,0,0,1301571,0
1301573,-374,8102,732,64,1,-16,13829,0,0,21,8,36301,119,33,67,0,0,0,0,0,0,0,0,-32301,0,0,0,0,0,1301576,0
1301578,-358,8122,730,61,-4,-14,13828,-4,-1,21,8,36300,116,33,67,0,0,0,0,0,0,0,0,-32301,0,0,0,0,0,1301581,0
1301583,-368,8082,734,59,-1,-16,13829,2,3,21,8,36300,116,33,67,0,0,0,0,0,0,0,0,-32300,0,0,0,0,0,1301586,0
1301588,-368,8114,732,56,8,-16,13829,0,0,21,8,36302,118,33,67,0,0,0,0,0,0,0,0,-32301,0,0,0,0,0,1301591,0
1301593,-360,8094,732,62,13,-11,13829,1,3,22,8,36302,118,33,67,0,0,0,0,0,0,0,0,-32302,0,0,0,0,0,1301596,0
1301598,-384,8100,756,59,14,-15,13828,0,-2,22,8,36300,120,33,67,0,0,0,0,0,0,0,0,-32301,0,0,0,0,0,1301601,0
1301603,-364,8090,756,53,13,-14,13828,-6,-1,20,8,36300,120,33,67,0,0,0,0,0,0,0,0,-32301,0,0,0,0,0,1301606,0
1301608,-360,8086,766,51,19,-14,13829,-2,-4,22,0,36301,128,33,67,0,0,0,0,0,0,0,0,-32300,0,0,0,0,0,1301611,0
1301613,-390,8084,766,57,17,-18,13830,4,-1,22,8,36301,128,33,67,0,0,0,0,0,0,0,0,-32301,0,0,0,0,0,1301616,0
1301618,-370,8084,760,61,25,-19,13829,5,2,21,8,36300,122,33,67,0,0,0,0,0,0,0,0,-32301,0,0,0,0,0,1301621,0
1301623,-334,8082,760,61,27,-21,13829,-1,-2,22,8,36300,122,33,67,0,0,0,0,0,0,0,0,-32301,0,0,0,0,0,1301626,0
1301628,-364,8120,782,53,31,-17,13829,4,-1,21,8,36298,120,33,67,0,0,0,0,0,0,0,0,-32300,0,0,0,0,0,1301631,0
1301633,-346,8098,760,60,35,-16,13828,0,1,21,8,36298,120,33,67,0,0,0,0,0,0,0,0,-32301,0,0,0,0,0,1301636,0
1301638,-356,8098,762,59,36,-21,13829,2,3,21,8,36298,122,33,67,0,0,0,0,0,0,0,0,-32300,0,0,0,0,0,1301641,0
1301643,-350,8106,768,63,26,-21,13829,4,-2,21,8,36298,122,33,67,0,0,0,0,0,0,0,0,-32300,0,0,0,0,0,1301646,0
1301648,-396,8096,782,67,42,-17,13828,-3,2,21,8,36298,121,33,67,0,0,0,0,0,0,0,0,-32301,0,0,0,0,0,1301651,0
1301653,-394,8100,756,66,41,-20,13829,1,-2,20,0,36298,121,33,67,0,0,0,0,0,0,0,0,-32301,0,0,0,0,0,1301656,0
1301658,-368,8098,752,54,45,-22,13829,2,-2,20,0,36297,117,33,67,0,0,0,0,0,0,0,0,-32300,0,0,0,0,0,1301661,0
1301663,-392,8090,760,57,46,-25,13830,8,3,20,8,36297,117,33,67,0,0,0,0,0,0,0,0,-32300,0,0,0,0,0,1301666,0
1301668,-412,8084,768,61,51,-23,13828,-3,-1,21,8,36299,124,33,67,0,0,0,0,0,0,0,0,-32300,0,0,0,0,0,1301671,0
1301673,-404,8072,746,65,46,-17,13829,1,-1,21,8,36299,124,33,67,0,0,0,0,0,0,0,0,-32301,0,0,0,0,0,1301676,0
1301678,-412,8096,788,62,46,-25,13828,0,-2,22,8,36298,125,33,67,0,0,0,0,0,0,0,0,-32301,0,0,0,0,0,1301681,0
1301683,-418,8068,758,53,51,-24,13828,-4,0,22,0,36298,125,33,67,0,0,0,0,0,0,0,0,-32301,0,0,0,0,0,1301686,0
1301688,-426,8080,754,61,50,-21,13828,0,1,22,8,36299,119,33,67,0,0,0,0,0,0,0,0,-32300,0,0,0,0,0,1301691,0
1301693,-422,8098,756,61,45,-19,13828,-4,-1,21,0,36299,119,33,67,0,0,0,0,0,0,0,0,-32301,0,0,0,0,0,1301696,0
1301698,-404,8086,772,61,59,-19,13829,0,3,21,8,36300,117,33,67,0,0,0,0,0,0,0,0,-32301,0,0,0,0,0,1301701,0
1301703,-430,8112,758,65,55,-23,13829,-1,2,20,8,36300,117,33,67,0,0,0,0,0,0,0,0,-32301,0,0,0,0,0,1301706,0
1301708,-416,8108,772,67,54,-23,13828,-6,1,22,0,36300,112,33,67,0,0,0,0,0,0,0,0,-32300,0,0,0,0,0,1301711,0
1301713,-426,8124,760,55,52,-19,13828,0,-1,23,0,36300,112,33,67,0,0,0,0,0,0,0,0,-32301,0,0,0,0,0,1301716,0
1301718,-458,8092,760,69,47,-19,13829,4,0,22,8,36299,116,33,67,0,0,0,0,0,0,0,0,-32300,0,0,0,0,0,1301721,0
1301723,-464,8116,764,62,44,-20,13828,-5,2,22,8,36299,116,33,67,0,0,0,0,0,0,0,0,-32301,0,0,0,0,0,1301726,0
1301728,-476,8116,720,63,46,-13,13829,-4,-3,22,8,36294,110,33,67,0,0,0,0,0,0,0,0,-32300,0,0,0,0,0,1301731,0
1301733,-466,8118,744,62,37,-15,13829,-3,1,22,8,36294,110,33,67,0,0,0,0,0,0,0,0,-32300,0,0,0,0,0,1301736,0
1301738,-478,8114,744,65,37,-15,13829,3,-2,20,8,36295,110,33,67,0,0,0,0,0,0,0,0,-32301,0,0,0,0,0,1301741,0
1301743,-466,8076,730,60,35,-10,13829,1,-1,20,0,36295,110,33,67,0,0,0,0,0,0,0,0,-32301,0,0,0,0,0,1301746,0
1301748,-492,8070,758,69,35,-16,13828,1,-2,19,8,36295,119,33,67,0,0,0,0,0,0,0,0,-32301,0,0,0,0,0,1301751,0
1301753,-494,8078,750,66,31,-17,13829,-5,4,21,0,36295,119,33,67,0,0,0,0,0,0,0,0,-32301,0,0,0,0,0,1301756,0
1301758,-484,8106,766,58,24,-13,13828,-4,0,20,0,36294,126,33,67,0,0,0,0,0,0,0,0,-32301,0,0,0,0,0,1301761,0
1301763,-504,8076,738,59,24,-10,13830,7,1,22,8,36294,126,33,67,0,0,0,0,0,0,0,0,-32300,0,0,0,0,0,1301766,0
1301768,-472,8086,746,63,25,-11,13828,-5,2,22,8,36296,130,33,67,0,0,0,0,0,0,0,0,-32301,0,0,0,0,0,1301771,0
1301773,-450,8076,736,61,18,-4,13828,-5,-2,20,8,36296,130,33,67,0,0,0,0,0,0,0,0,-32300,0,0,0,0,0,1301776,0
1301778,-438,8098,748,64,15,-10,13829,-5,-1,22,8,36297,128,33,67,0,0,0,0,0,0,0,0,-32301,0,0,0,0,0,1301781,0
1301783,-462,8108,724,56,13,-9,13829,-1,2,22,8,36297,128,33,67,0,0,0,0,0,0,0,0,-32300,0,0,0,0,0,1301786,0
1301788,-462,8116,746,63,5,-9,13829,-1,1,20,8,36297,128,33,67,0,0,0,0,0,0,0,0,-32300,0,0,0,0,0,1301791,0
1301793,-454,8104,744,53,9,-9,13828,3,1,21,8,36297,128,33,67,0,0,0,0,0,0,0,0,-32301,0,0,0,0,0,1301796,0
1301798,-450,8104,736,62,10,-5,13830,4,2,20,8,36297,130,33,67,0,0,0,0,0,0,0,0,-32301,0,0,0,0,0,1301801,0
1301803,-448,8100,744,60,8,-5,13829,0,5,20,0,36297,130,33,67,0,0,0,0,0,0,0,0,-32300,0,0,0,0,0,1301806,0
1301808,-446,8098,736,57,5,-3,13829,-4,2,21,0,36289,127,33,67,0,0,0,0,0,0,0,0,-32300,0,0,0,0,0,1301811,0
1301813,-450,8084,762,62,3,-8,13828,1,-1,22,8,36289,127,33,67,0,0,0,0,0,0,0,0,-32301,0,0,0,0,0,1301816,0
1301818,-472,8096,758,60,5,-9,13829,5,2,21,8,36291,123,33,67,0,0,0,0,0,0,0,0,-32300,0,0,0,0,0,1301821,0
1301823,-456,8088,740,60,-2,-5,13829,4,2,21,8,36291,123,33,67,0,0,0,0,0,0,0,0,-32300,0,0,0,0,0,1301826,0
1301828,-448,8106,734,61,-1,-5,13829,0,2,22,8,36291,118,33,67,0,0,0,0,0,0,0,0,-32301,0,0,0,0,0,1301831,0
1301833,-444,8078,736,61,4,-6,13829,-3,-4,21,8,36291,118,33,67,0,0,0,0,0,0,0,0,-32300,0,0,0,0,0,1301836,0
1301838,-438,8076,744,57,-2,-9,13829,4,0,21,8,36293,115,33,67,0,0,0,0,0,0,0,0,-32301,0,0,0,0,0,1301841,0
1301843,-450,8076,738,63,-3,-7,13829,2,0,21,0,36293,115,33,67,0,0,0,0,0,0,0,0,-32300,0,0,0,0,0,1301846,0
1301848,-444,8114,728,54,-7,-9,13830,3,-1,19,8,36293,112,33,67,0,0,0,0,0,0,0,0,-32301,0,0,0,0,0,1301851,0
1301853,-450,8098,740,63,-8,-9,13829,3,-3,20,8,36293,112,33,67,0,0,0,0,0,0,0,0,-32301,0,0,0,0,0,1301856,0
1301858,-442,8122,758,60,-5,-6,13829,2,2,21,8,36293,119,33,67,0,0,0,0,0,0,0,0,-32301,0,0,0,0,0,1301861,0
1301863,-442,8106,736,54,-3,-8,13829,0,-3,20,8,36293,119,33,67,0,0,0,0,0,0,0,0,-32301,0,0,0,0,0,1301866,0
1301868,-468,8086,746,52,-4,-8,13828,1,0,22,8,36294,122,33,67,0,0,0,0,0,0,0,0,-32301,0,0,0,0,0,1301871,0
1301873,-476,8096,746,54,-7,-7,13829,-3,2,22,8,36294,122,33,67,0,0,0,0,0,0,0,0,-32300,0,0,0,0,0,1301876,0
1301878,-494,8080,732,58,-7,-2,13829,-1,0,22,0,36296,122,33,67,0,0,0,0,0,0,0,0,-32301,0,0,0,0,0,1301881,0
1301883,-500,8094,722,56,-6,-5,13829,1,0,22,8,36296,122,33,67,0,0,0,0,0,0,0,0,-32301,0,0,0,0,0,1301886,0
1301888,-474,8086,742,54,-9,1,13829,0,0,22,0,36294,125,33,67,0,0,0,0,0,0,0,0,-32301,0,0,0,0,0,1301891,0
1301893,-484,8076,728,57,-3,-4,13830,5,-1,23,8,36294,125,33,67,0,0,0,0,0,0,0,0,-32301,0,0,0,0,0,1301896,0
1301898,-478,8068,758,50,-12,1,13829,-2,1,21,8,36296,117,33,67,0,0,0,0,0,0,0,0,-32301,0,0,0,0,0,1301901,0
1301903,-450,8082,728,52,-11,-2,13828,-1,-1,20,8,36296,117,33,67,0,0,0,0,0,0,0,0,-32301,0,0,0,0,0,1301906,0
1301908,-490,8096,754,47,-19,2,13830,1,-1,22,0,36293,124,33,67,0,0,0,0,0,0,0,0,-32301,0,0,0,0,0,1301911,0
1301913,-470,8110,736,46,-10,5,13829,0,2,21,8,36293,124,33,67,0,0,0,0,0,0,0,0,-32301,0,0,0,0,0,1301916,0
1301918,-462,8112,726,46,-10,5,13829,1,0,21,8,36294,118,33,67,0,0,0,0,0,0,0,0,-32300,0,0,0,0,0,1301921,0
1301923,-448,8098,728,44,-12,2,13829,-11,-1,21,0,36294,118,33,67,0,0,0,0,0,0,0,0,-32301,0,0,0,0,0,1301926,0
1301928,-458,8130,730,44,-11,3,13829,7,2,22,8,36294,112,33,67,0,0,0,0,0,0,0,0,-32301,0,0,0,0,0,1301931,0
1301933,-472,8106,706,41,-9,4,13828,-4,2,22,8,36294,112,33,67,0,0,0,0,0,0,0,0,-32301,0,0,0,0,0,1301936,0
1301938,-470,8128,732,43,-13,3,13829,-3,0,22,0,36295,111,33,67,0,0,0,0,0,0,0,0,-32301,0,0,0,0,0,1301941,0
1301943,-478,8146,718,38,-10,3,13830,5,-3,22,8,36295,111,33,67,0,0,0,0,0,0,0,0,-32301,0,0,0,0,0,1301946,0
1301948,-494,8106,736,40,-14,3,13830,-1,12,22,8,36294,121,33,67,0,0,0,0,0,0,0,0,-32301,0,0,0,0,0,1301951,0
1301953,-458,8108,720,35,-12,4,13828,0,-1,21,8,36294,121,33,67,0,0,0,0,0,0,0,0,-32300,0,0,0,0,0,1301956,0
1301958,-466,8120,712,42,-15,7,13829,-4,0,21,0,36294,121,33,67,0,0,0,0,0,0,0,0,-32300,0,0,0,0,0,1301961,0
1301963,-488,8068,728,33,-19,6,13829,0,0,21,8,36294,121,33,67,0,0,0,0,0,0,0,0,-32301,0,0,0,0,0,1301966,0
1301968,-498,8112,710,30,-14,3,13830,-2,0,20,8,36296,127,33,67,0,0,0,0,0,0,0,0,-32300,0,0,0,0,0,1301971,0
1301973,-484,8092,714,36,-21,10,13830,4,-1,20,8,36296,127,33,67,0,0,0,0,0,0,0,0,-32301,0,0,0,0,0,1301976,0
1301978,-504,8092,726,35,-21,7,13830,5,-3,22,8,36296,124,33,67,0,0,0,0,0,0,0,0,-32301,0,0,0,0,0,1301981,0
1301983,-488,8096,714,25,-27,8,13829,-5,0,22,0,36296,124,33,67,0,0,0,0,0,0,0,0,-32301,0,0,0,0,0,1301986,0
1301988,-470,8100,726,29,-27,6,13829,-5,-3,22,8,36295,117,33,67,0,0,0,0,0,0,0,0,-32301,0,0,0,0,0,1301991,0
1301993,-458,8116,728,25,-32,9,13829,-3,-3,21,8,36295,117,33,67,0,0,0,0,0,0,0,0,-32301,0,0,0,0,0,1301996,0
1301998,-474,8112,728,21,-28,6,13830,-1,-1,21,8,36295,121,33,67,0,0,0,0,0,0,0,0,-32301,0,0,0,0,0,1302001,0
1302003,-484,8114,724,21,-34,8,13829,-1,-2,21,8,36295,121,33,67,0,0,0,0,0,0,0,0,-32300,0,0,0,0,0,1302006,0
1302008,-458,8074,732,17,-36,9,13829,1,2,21,0,36292,120,33,67,0,0,0,0,0,0,0,0,-32301,0,0,0,0,0,1302011,0
1302013,-482,8104,758,18,-32,11,13829,-3,0,22,8,36292,120,33,67,0,0,0,0,0,0,0,0,-32301,0,0,0,0,0,1302016,0
1302018,-456,8102,744,16,-37,10,13829,-7,-3,21,0,36291,123,33,67,0,0,0,0,0,0,0,0,-32300,0,0,0,0,0,1302021,0
1302023,-450,8090,752,13,-39,6,13830,5,1,22,8,36291,123,33,67,0,0,0,0,0,0,0,0,-32301,0,0,0,0,0,1302026,0
1302028,-440,8110,730,20,-38,5,13829,-1,2,21,8,36291,124,33,67,0,0,0,0,0,0,0,0,-32301,0,0,0,0,0,1302031,0
1302033,-430,8250,758,14,-42,4,13829,-5,-3,21,8,36291,124,33,67,0,0,0,0,0,0,0,0,-32301,0,0,0,0,0,1302036,0
1302038,-466,8242,756,16,-42,2,13830,5,-1,22,8,36292,122,33,67,0,0,0,0,0,0,0,0,-32301,0,0,0,0,0,1302041,0
1302043,-514,8054,778,14,-38,4,13829,0,1,21,0,36292,122,33,67,0,0,0,0,0,0,0,0,-32301,0,0,0,0,0,1302046,0
1302048,-482,8086,804,9,-41,-1,13829,0,0,21,8,36293,123,33,67,0,0,0,0,0,0,0,0,-32301,0,0,0,0,0,1302051,0
1302053,-434,8068,714,4,-43,3,13829,-5,-4,22,8,36293,123,33,67,0,0,0,0,0,0,0,0,-32301,0,0,0,0,0,1302056,0
1302058,-456,8080,742,7,-38,6,13829,3,-1,21,8,36293,122,33,67,0,0,0,0,0,0,0,0,-32301,0,0,0,0,0,1302061,0
1302063,-436,8234,752,5,-32,2,13830,3,3,21,0,36293,122,33,67,0,0,0,0,0,0,0,0,-32301,0,0,0,0,0,1302066,0
1302068,-516,8064,752,6,-34,4,13829,-7,-2,22,0,36292,121,33,67,0,0,0,0,0,0,0,0,-32300,0,0,0,0,0,1302071,0
1302073,-498,8054,784,7,-32,4,13829,-3,0,22,8,36292,121,33,67,0,0,0,0,0,0,0,0,-32300,0,0,0,0,0,1302076,0
1302078,-472,8068,792,3,-37,0,13829,-1,-3,23,8,36294,120,33,67,0,0,0,0,0,0,0,0,-32301,0,0,0,0,0,1302081,0
1302083,-466,8028,770,-3,-32,8,13829,-4,-2,23,8,36294,120,33,67,0,0,0,0,0,0,0,0,-32301,0,0,0,0,0,1302086,0
1302088,-428,8198,794,4,-23,2,13830,-3,1,22,8,36293,123,33,67,0,0,0,0,0,0,0,0,-32301,0,0,0,0,0,1302091,0
1302093,-470,8078,810,-1,-25,3,13829,1,1,21,8,36293,123,33,67,0,0,0,0,0,0,0,0,-32301,0,0,0,0,0,1302096,0
1302098,-448,8018,816,-4,-23,-1,13829,-3,-3,21,8,36293,123,33,67,0,0,0,0,0,0,0,0,-32301,0,0,0,0,0,1302101,0
1302103,-472,8054,822,-5,-25,5,13830,2,-2,22,0,36293,123,33,67,0,0,0,0,0,0,0,0,-32301,0,0,0,0,0,1302106,0
1302108,-456,8050,786,-7,-26,6,13829,1,1,21,0,36291,124,33,67,0,0,0,0,0,0,0,0,-32301,0,0,0,0,0,1302111,0
1302113,-476,8052,826,-3,-21,5,13830,4,-3,21,8,36291,124,33,67,0,0,0,0,0,0,0,0,-32301,0,0,0,0,0,1302116,0
1302118,-464,8076,822,-5,-24,8,13828,0,-3,22,8,36291,118,33,67,0,0,0,0,0,0,0,0,-32301,0,0,0,0,0,1302121,0
1302123,-586,8126,756,-1,-18,3,13830,-1,1,22,8,36291,118,33,67,0,0,0,0,0,0,0,0,-32300,0,0,0,0,0,1302126,0
1302128,-456,8068,860,-6,-27,8,13830,2,-2,22,8,36291,118,33,67,0,0,0,0,0,0,0,0,-32301,0,0,0,0,0,1302131,0
1302133,-510,8040,828,-3,-24,6,13829,0,2,21,8,36291,118,33,67,0,0,0,0,0,0,0,0,-32301,0,0,0,0,0,1302136,0
1302138,-486,8022,786,-5,-31,34,13783,-251,-53,-1436,-2000,36291,123,33,67,0,0,0,0,0,0,0,0,-32300,0,0,0,0,0,1302141,0
1302143,-1180,7986,900,-5,-15,45,13614,-775,-399,-2361,-2000,36291,123,33,67,0,0,0,0,0,0,0,0,-32301,0,0,0,0,0,1302146,0
1302148,-2552,7880,820,-2,-5,161,13426,-829,-690,-1140,-2000,36279,155,33,67,0,0,0,0,0,0,0,0,-32301,0,0,0,0,0,1302151,0
1302153,-2830,7748,734,-6,-6,185,13241,-812,-803,-1118,-2000,36279,155,33,67,0,0,0,0,0,0,0,0,-32301,0,0,0,0,0,1302156,0
1302158,-2600,7916,740,2,-12,225,13065,-777,-613,-1226,-2000,36270,174,33,67,0,0,0,0,0,0,0,0,-32300,0,0,0,0,0,1302161,0
1302163,-2274,8116,826,-3,-21,258,12886,-789,-232,-1295,-2000,36270,174,33,67,0,0,0,0,0,0,0,0,-32300,0,0,0,0,0,1302166,0
1302168,-1180,8456,974,-6,-30,296,12706,-790,18,-1260,-2000,36257,194,33,67,0,0,0,0,0,0,0,0,-32301,0,0,0,0,0,1302171,0
1302173,-668,8454,958,1,-42,309,12520,-821,10,-1175,-2000,36257,194,33,67,0,0,0,0,0,0,0,0,-32301,0,0,0,0,0,1302176,0
1302178,1066,8138,1010,4,-52,150,12335,-803,-21,-1115,-2000,36260,180,33,67,0,0,0,0,0,0,0,0,-32301,0,0,0,0,0,1302181,0
1302183,3288,8848,948,-6,-46,86,12168,-731,-5,-1348,-2000,36260,180,33,67,0,0,0,0,0,0,0,0,-32300,0,0,0,0,0,1302186,0
1302188,3306,8248,950,-5,-34,42,12020,-641,76,-1818,-2000,36263,192,33,67,0,0,0,0,0,0,0,0,-32300,0,0,0,0,0,1302191,0
1302193,1244,7810,812,17,5,43,11893,-540,176,-2311,-2000,36263,192,33,67,0,0,0,0,0,0,0,0,-32301,0,0,0,0,0,1302196,0
1302198,-730,7080,804,22,50,25,11783,-476,264,-2795,-2000,36256,218,33,67,0,0,0,0,0,0,0,0,-32302,0,0,0,0,0,1302201,0
1302203,-1670,7114,928,12,88,32,11688,-409,289,-3186,-2000,36256,218,33,67,0,0,0,0,0,0,0,0,-32302,0,0,0,0,0,1302206,0
1302208,-1586,7454,764,-5,78,58,11608,-358,270,-3528,-2000,36239,256,33,67,0,0,0,0,0,0,0,0,-32302,0,0,0,0,0,1302211,0
1302213,-1094,8056,770,3,54,73,11538,-295,235,-3717,-2000,36239,256,33,67,0,0,0,0,0,0,0,0,-32301,0,0,0,0,0,1302216,0
1302218,-602,8414,828,3,27,77,11475,-279,195,-4039,-2000,36211,307,33,67,0,0,0,0,0,0,0,0,-32300,0,0,0,0,0,1302221,0
1302223,-386,8772,982,5,17,67,11421,-222,170,-4173,-2000,36211,307,33,67,0,0,0,0,0,0,0,0,-32299,0,0,0,0,0,1302226,0
1302228,-96,8610,998,5,16,55,11370,-231,137,-4570,-2000,36193,341,33,67,0,0,0,0,0,0,0,0,-32299,0,0,0,0,0,1302231,0
1302233,-70,8360,904,6,11,47,11328,-186,116,-4618,-2000,36193,341,33,67,0,0,0,0,0,0,0,0,-32299,0,0,0,0,0,1302236,0
1302238,-40,8114,792,13,15,50,11296,-133,107,-4701,-2000,36179,356,33,67,0,0,0,0,0,0,0,0,-32300,0,0,0,0,0,1302241,0
1302243,-62,7952,720,8,0,36,11262,-152,110,-4970,-2000,36179,356,33,67,0,0,0,0,0,0,0,0,-32300,0,0,0,0,0,1302246,0
1302248,-470,7842,768,9,-30,30,11229,-146,68,-5035,-2000,36169,376,33,67,0,0,0,0,0,0,0,0,-32300,0,0,0,0,0,1302251,0
1302253,-662,7882,858,8,-51,33,11202,-119,64,-4943,-2000,36169,376,33,67,0,0,0,0,0,0,0,0,-32301,0,0,0,0,0,1302256,0
1302258,-730,7922,922,5,-66,29,11183,-77,54,-5004,-2000,36163,392,33,67,0,0,0,0,0,0,0,0,-32301,0,0,0,0,0,1302261,0
1302263,-690,7974,974,6,-87,29,11197,78,84,-3936,0,36163,392,33,67,0,0,0,0,0,0,0,0,-32302,0,0,0,0,0,1302266,0
1302268,-64,8180,1030,6,-114,-12,11368,795,459,-1746,0,36185,362,33,67,0,0,0,0,0,0,0,0,-32300,0,0,0,0,0,1302271,0
1302273,314,8166,1002,8,-114,-25,11560,840,806,-2640,0,36185,362,33,67,0,0,0,0,0,0,0,0,-32299,0,0,0,0,0,1302276,0
1302278,302,8202,928,12,-116,-20,11727,723,905,-2330,0,36226,255,33,67,0,0,0,0,0,0,0,0,-32301,0,0,0,0,0,1302281,0
1302283,-170,8092,922,21,-109,-17,11844,646,603,-1746,0,36226,255,33,67,0,0,0,0,0,0,0,0,-32302,0,0,0,0,0,1302286,0
1302288,-692,8062,936,26,-99,-24,11977,577,131,-1356,0,36272,154,33,67,0,0,0,0,0,0,0,0,-32301,0,0,0,0,0,1302291,0
1302293,-724,7996,926,14,-93,-16,12092,500,-258,-1041,0,36272,154,33,67,0,0,0,0,0,0,0,0,-32301,0,0,0,0,0,1302296,0
1302298,-714,8060,902,23,-101,-16,12190,425,-291,-777,0,36301,88,33,67,0,0,0,0,0,0,0,0,-32301,0,0,0,0,0,1302301,0
1302303,-646,8120,898,22,-101,-16,12275,369,-254,-602,0,36301,88,33,67,0,0,0,0,0,0,0,0,-32301,0,0,0,0,0,1302306,0
1302308,-442,8200,928,28,-100,-17,12349,318,-233,-479,0,36300,109,33,67,0,0,0,0,0,0,0,0,-32301,0,0,0,0,0,1302311,0
1302313,-342,8118,940,30,-98,-9,12414,276,-203,-415,0,36300,109,33,67,0,0,0,0,0,0,0,0,-32301,0,0,0,0,0,1302316,0
1302318,-296,8094,928,22,-98,-10,12466,221,-183,-328,0,36296,107,33,67,0,0,0,0,0,0,0,0,-32301,0,0,0,0,0,1302321,0
1302323,-332,8160,896,27,-103,-15,12505,171,-182,-255,0,36296,107,33,67,0,0,0,0,0,0,0,0,-32301,0,0,0,0,0,1302326,0
1302328,-332,8004,892,30,-104,-26,12534,117,-180,-202,0,36288,108,33,67,0,0,0,0,0,0,0,0,-32301,0,0,0,0,0,1302331,0
1302333,-260,7950,898,23,-100,-31,12556,94,-164,-150,0,36288,108,33,67,0,0,0,0,0,0,0,0,-32302,0,0,0,0,0,1302336,0
1302338,-248,7978,892,25,-105,-31,12577,92,-136,-148,0,36289,112,33,67,0,0,0,0,0,0,0,0,-32301,0,0,0,0,0,1302341,0
1302343,-246,7980,856,28,-106,-29,12593,56,-96,-112,0,36289,112,33,67,0,0,0,0,0,0,0,0,-32300,0,0,0,0,0,1302346,0
1302348,-496,8010,884,18,-99,-30,12599,31,-86,-58,0,36290,115,33,67,0,0,0,0,0,0,0,0,-32300,0,0,0,0,0,1302351,0
1302353,-538,8028,836,24,-91,-28,12603,22,-74,-44,0,36290,115,33,67,0,0,0,0,0,0,0,0,-32301,0,0,0,0,0,1302356,0
1302358,-568,8072,822,19,-93,-32,12611,44,-56,-68,0,36290,120,33,67,0,0,0,0,0,0,0,0,-32301,0,0,0,0,0,1302362,0
1302363,-518,8088,818,16,-91,-27,12630,72,-7,-120,0,36290,120,33,67,0,0,0,0,0,0,0,0,-32300,0,0,0,0,0,1302367,0
1302368,-328,8214,810,15,-85,-27,12649,83,46,-148,0,36292,117,33,67,0,0,0,0,0,0,0,0,-32301,0,0,0,0,0,1302372,0
1302373,-338,8244,812,11,-83,-30,12663,64,41,-118,0,36292,117,33,67,0,0,0,0,0,0,0,0,-32301,0,0,0,0,0,1302377,0
1302378,-404,8210,796,13,-87,-37,12676,64,21,-101,0,36295,119,33,67,0,0,0,0,0,0,0,0,-32301,0,0,0,0,0,1302382,0
1302383,-358,8170,782,4,-82,-37,12695,92,0,-144,0,36295,119,33,67,0,0,0,0,0,0,0,0,-32300,0,0,0,0,0,1302387,0
1302388,-278,8260,768,8,-74,-43,12722,111,24,-176,0,36294,109,33,67,0,0,0,0,0,0,0,0,-32301,0,0,0,0,0,1302392,0
1302393,-162,8294,820,-2,-81,-40,12744,97,35,-155,0,36294,109,33,67,0,0,0,0,0,0,0,0,-32301,0,0,0,0,0,1302397,0
1302398,-318,8088,784,-2,-74,-51,12771,119,43,-180,0,36300,107,33,67,0,0,0,0,0,0,0,0,-32301,0,0,0,0,0,1302402,0
1302403,-384,8118,838,-4,-68,-56,12798,117,30,-185,0,36300,107,33,67,0,0,0,0,0,0,0,0,-32301,0,0,0,0,0,1302407,0
1302408,-496,7976,818,-9,-48,-49,12827,131,15,-191,0,36300,108,33,67,0,0,0,0,0,0,0,0,-32301,0,0,0,0,0,1302413,0
1302413,-422,7996,836,-18,-35,-52,12859,145,23,-218,0,36300,108,33,67,0,0,0,0,0,0,0,0,-32301,0,0,0,0,0,1302418,0
1302418,-468,8038,824,-13,-33,-56,12887,125,16,-207,0,36300,115,33,67,0,0,0,0,0,0,0,0,-32301,0,0,0,0,0,1302423,0
1302423,-434,7960,814,-20,-21,-47,12914,120,1,-214,0,36300,115,33,67,0,0,0,0,0,0,0,0,-32301,0,0,0,0,0,1302428,0
1302428,-490,7986,848,-19,-2,-39,12935,94,-18,-173,0,36293,118,33,67,0,0,0,0,0,0,0,0,-32301,0,0,0,0,0,1302433,0
1302433,-532,7986,820,-29,6,-35,12959,104,-32,-168,0,36293,118,33,67,0,0,0,0,0,0,0,0,-32301,0,0,0,0,0,1302438,0
1302438,-462,8032,836,-28,12,-41,12984,104,-24,-174,0,36291,124,33,67,0,0,0,0,0,0,0,0,-32301,0,0,0,0,0,1302443,0
1302443,-480,8056,858,-27,16,-35,13004,85,-20,-138,0,36291,124,33,67,0,0,0,0,0,0,0,0,-32301,0,0,0,0,0,1302448,0
1302448,-488,8082,888,-29,28,-35,13026,102,-10,-142,0,36292,124,33,67,0,0,0,0,0,0,0,0,-32301,0,0,0,0,0,1302453,0
1302453,-412,8128,872,-29,24,-34,13049,96,-2,-147,0,36292,124,33,67,0,0,0,0,0,0,0,0,-32300,0,0,0,0,0,1302458,0
1302458,-500,8110,900,-32,33,-28,13063,66,-23,-104,0,36294,123,33,67,0,0,0,0,0,0,0,0,-32301,0,0,0,0,0,1302463,0
1302463,-566,8104,872,-32,29,-29,13078,68,-24,-101,0,36294,123,33,67,0,0,0,0,0,0,0,0,-32301,0,0,0,0,0,1302468,0
1302468,-502,8148,864,-31,21,-31,13101,100,-4,-140,0,36294,122,33,67,0,0,0,0,0,0,0,0,-32301,0,0,0,0,0,1302473,0
1302473,-580,8202,808,-33,20,-38,13124,96,4,-148,0,36294,122,33,67,0,0,0,0,0,0,0,0,-32301,0,0,0,0,0,1302478,0
1302478,-464,8104,842,-38,13,-36,13145,91,25,-148,0,36294,123,33,67,0,0,0,0,0,0,0,0,-32301,0,0,0,0,0,1302483,0
1302483,-336,8108,904,-37,16,-38,13173,121,35,-182,0,36294,123,33,67,0,0,0,0,0,0,0,0,-32301,0,0,0,0,0,1302488,0
1302488,-456,8032,934,-42,4,-33,13195,91,15,-161,0,36294,126,33,67,0,0,0,0,0,0,0,0,-32301,0,0,0,0,0,1302493,0
1302493,-590,8076,872,-35,9,-48,13217,97,-3,-144,0,36294,126,33,67,0,0,0,0,0,0,0,0,-32300,0,0,0,0,0,1302498,0
1302498,-526,8006,904,-45,13,-37,13241,109,-1,-152,0,36300,123,33,67,0,0,0,0,0,0,0,0,-32301,0,0,0,0,0,1302503,0
1302503,-478,8008,948,-49,7,-41,13260,84,-14,-132,0,36300,123,33,67,0,0,0,0,0,0,0,0,-32301,0,0,0,0,0,1302508,0
1302508,-542,8036,944,-42,5,-42,13282,104,-11,-143,0,36299,116,33,67,0,0,0,0,0,0,0,0,-32300,0,0,0,0,0,1302513,0
1302513,-504,8112,978,-46,-5,-44,13311,128,15,-180,0,36299,116,33,67,0,0,0,0,0,0,0,0,-32300,0,0,0,0,0,1302518,0
1302518,-512,8196,890,-46,-9,-49,13334,98,11,-162,0,36299,117,33,67,0,0,0,0,0,0,0,0,-32300,0,0,0,0,0,1302523,0
1302523,-412,8206,918,-42,-11,-44,13361,123,21,-166,0,36299,117,33,67,0,0,0,0,0,0,0,0,-32301,0,0,0,0,0,1302528,0
1302528,-484,8158,958,-46,-15,-45,13380,86,-1,-153,0,36298,122,33,67,0,0,0,0,0,0,0,0,-32301,0,0,0,0,0,1302533,0
1302533,-662,8154,924,-38,-22,-49,13393,49,-39,-102,0,36298,122,33,67,0,0,0,0,0,0,0,0,-32301,0,0,0,0,0,1302538,0
1302538,-700,8028,948,-43,-15,-48,13408,71,-41,-105,0,36293,116,33,67,0,0,0,0,0,0,0,0,-32301,0,0,0,0,0,1302543,0
1302543,-644,8064,1000,-46,-34,-44,13427,89,-32,-142,0,36293,116,33,67,0,0,0,0,0,0,0,0,-32301,0,0,0,0,0,1302548,0
1302548,-536,8012,934,-44,-35,-43,13442,66,-14,-127,0,36294,113,33,67,0,0,0,0,0,0,0,0,-32301,0,0,0,0,0,1302553,0
1302553,-644,8038,994,-42,-32,-45,13449,33,-10,-74,0,36294,113,33,67,0,0,0,0,0,0,0,0,-32300,0,0,0,0,0,1302558,0
1302558,-560,8076,1046,-44,-35,-34,13455,27,-31,-52,0,36296,123,33,67,0,0,0,0,0,0,0,0,-32301,0,0,0,0,0,1302563,0
1302563,-596,8004,984,-43,-38,-35,13463,41,-44,-70,0,36296,123,33,67,0,0,0,0,0,0,0,0,-32300,0,0,0,0,0,1302568,0
1302568,-432,8042,1002,-44,-46,-35,13481,69,-4,-114,0,36294,130,33,67,0,0,0,0,0,0,0,0,-32301,0,0,0,0,0,1302573,0
1302573,-296,8098,984,-49,-46,-39,13498,72,34,-136,0,36294,130,33,67,0,0,0,0,0,0,0,0,-32301,0,0,0,0,0,1302578,0
1302578,-382,8150,986,-39,-53,-49,13510,46,32,-101,0,36291,132,33,67,0,0,0,0,0,0,0,0,-32301,0,0,0,0,0,1302583,0
1302583,-364,8134,1010,-40,-47,-42,13519,35,-1,-67,0,36291,132,33,67,0,0,0,0,0,0,0,0,-32300,0,0,0,0,0,1302588,0
1302588,-660,8116,998,-38,-51,-56,13530,51,-27,-75,0,36293,124,33,67,0,0,0,0,0,0,0,0,-32301,0,0,0,0,0,1302593,0
1302593,-568,7980,998,-36,-48,-50,13548,83,-22,-118,0,36293,124,33,67,0,0,0,0,0,0,0,0,-32302,0,0,0,0,0,1302598,0
1302598,-524,8080,934,-36,-49,-59,13567,86,27,-147,0,36297,125,33,67,0,0,0,0,0,0,0,0,-32301,0,0,0,0,0,1302603,0
1302603,-366,8050,1032,-38,-47,-49,13582,62,41,-120,0,36297,125,33,67,0,0,0,0,0,0,0,0,-32301,0,0,0,0,0,1302608,0
1302608,-338,8112,1066,-41,-49,-54,13596,61,30,-107,0,36300,123,33,67,0,0,0,0,0,0,0,0,-32301,0,0,0,0,0,1302613,0
1302613,-408,8156,1046,-36,-53,-57,13618,98,8,-146,0,36300,123,33,67,0,0,0,0,0,0,0,0,-32301,0,0,0,0,0,1302618,0
1302618,-304,8120,1100,-38,-51,-56,13639,84,10,-155,0,36298,125,33,67,0,0,0,0,0,0,0,0,-32301,0,0,0,0,0,1302623,0
1302623,-486,8082,1072,-36,-48,-64,13651,46,5,-112,0,36298,125,33,67,0,0,0,0,0,0,0,0,-32301,0,0,0,0,0,1302628,0
1302628,-558,8106,1076,-31,-53,-63,13666,61,-4,-107,0,36295,118,33,67,0,0,0,0,0,0,0,0,-32301,0,0,0,0,0,1302633,0
1302633,-436,8098,1062,-39,-54,-61,13685,85,-13,-149,0,36295,118,33,67,0,0,0,0,0,0,0,0,-32301,0,0,0,0,0,1302638,0
1302638,-512,8122,1096,-31,-53,-66,13704,77,-5,-152,0,36293,119,33,67,0,0,0,0,0,0,0,0,-32301,0,0,0,0,0,1302643,0
1302643,-406,8116,1108,-31,-59,-64,13719,68,7,-122,0,36293,119,33,67,0,0,0,0,0,0,0,0,-32301,0,0,0,0,0,1302648,0
1302648,-396,8104,1106,-34,-64,-73,13740,98,16,-146,0,36294,115,33,67,0,0,0,0,0,0,0,0,-32301,0,0,0,0,0,1302653,0
1302653,-456,8094,1022,-20,-67,-80,13766,117,22,-181,0,36294,115,33,67,0,0,0,0,0,0,0,0,-32300,0,0,0,0,0,1302658,0
1302658,-350,8048,1060,-28,-66,-72,13787,91,22,-151,0,36292,120,33,67,0,0,0,0,0,0,0,0,-32301,0,0,0,0,0,1302663,0
1302663,-482,8104,1086,-22,-72,-85,13810,105,24,-149,0,36292,120,33,67,0,0,0,0,0,0,0,0,-32301,0,0,0,0,0,1302668,0
1302668,-450,8138,1106,-23,-78,-87,13833,97,13,-151,0,36291,120,33,67,0,0,0,0,0,0,0,0,-32301,0,0,0,0,0,1302673,0
1302673,-654,8052,996,-11,-79,-91,13847,67,-16,-113,0,36291,120,33,67,0,0,0,0,0,0,0,0,-32301,0,0,0,0,0,1302678,0
1302678,-620,8026,1108,-16,-84,-80,13866,89,-29,-115,0,36291,117,33,67,0,0,0,0,0,0,0,0,-32301,0,0,0,0,0,1302683,0
1302683,-664,8042,1046,-17,-91,-95,13892,115,-5,-157,0,36291,117,33,67,0,0,0,0,0,0,0,0,-32301,0,0,0,0,0,1302688,0
1302688,-440,8140,1140,-19,-101,-89,13914,94,6,-153,0,36292,111,33,67,0,0,0,0,0,0,0,0,-32301,0,0,0,0,0,1302693,0
1302693,-600,8072,1118,-9,-114,-99,13936,103,21,-158,0,36292,111,33,67,0,0,0,0,0,0,0,0,-32301,0,0,0,0,0,1302698,0
1302698,-508,8066,1104,-7,-118,-97,13962,100,23,-174,0,36293,117,33,67,0,0,0,0,0,0,0,0,-32301,0,0,0,0,0,1302703,0
1302703,-428,8168,1090,-16,-128,-91,13981,77,-4,-135,0,36293,117,33,67,0,0,0,0,0,0,0,0,-32300,0,0,0,0,0,1302708,0
1302708,-698,8010,1100,-8,-139,-97,14002,107,-12,-132,0,36296,131,33,67,0,0,0,0,0,0,0,0,-32301,0,0,0,0,0,1302713,0
1302713,-518,8082,1084,-3,-148,-87,14025,109,-7,-152,0,36296,131,33,67,0,0,0,0,0,0,0,0,-32301,0,0,0,0,0,1302718,0
1302718,-714,7988,1034,5,-157,-101,14042,74,-11,-134,0,36295,130,33,67,0,0,0,0,0,0,0,0,-32301,0,0,0,0,0,1302723,0
1302723,-782,7948,1084,-2,-169,-99,14068,117,6,-149,0,36295,130,33,67,0,0,0,0,0,0,0,0,-32301,0,0,0,0,0,1302728,0
1302728,-560,8162,1140,-1,-194,-97,14095,115,20,-183,0,36294,124,33,67,0,0,0,0,0,0,0,0,-32301,0,0,0,0,0,1302733,0
1302733,-750,8082,1114,7,-210,-103,14119,95,11,-160,0,36294,124,33,67,0,0,0,0,0,0,0,0,-32301,0,0,0,0,0,1302738,0
1302738,-790,8100,1130,1,-218,-106,14144,115,8,-173,0,36291,116,33,67,0,0,0,0,0,0,0,0,-32301,0,0,0,0,0,1302743,0
1302743,-648,8100,1134,7,-224,-100,14168,103,14,-172,0,36291,116,33,67,0,0,0,0,0,0,0,0,-32301,0,0,0,0,0,1302748,0
1302748,-774,8030,1088,11,-252,-99,14191,105,-13,-168,0,36291,119,33,67,0,0,0,0,0,0,0,0,-32301,0,0,0,0,0,1302753,0
1302753,-806,8010,1128,11,-261,-96,14220,128,1,-200,0,36291,119,33,67,0,0,0,0,0,0,0,0,-32301,0,0,0,0,0,1302758,0
1302758,-780,8006,1122,14,-273,-93,14240,91,3,-174,0,36292,123,33,67,0,0,0,0,0,0,0,0,-32300,0,0,0,0,0,1302763,0
1302763,-818,8016,1156,21,-290,-93,14265,115,-5,-167,0,36292,123,33,67,0,0,0,0,0,0,0,0,-32301,0,0,0,0,0,1302768,0
1302768,-800,7958,1156,26,-310,-87,14288,110,-3,-171,0,36291,125,33,67,0,0,0,0,0,0,0,0,-32301,0,0,0,0,0,1302773,0
1302773,-812,7978,1158,22,-322,-83,14306,76,-13,-140,0,36291,125,33,67,0,0,0,0,0,0,0,0,-32301,0,0,0,0,0,1302778,0
1302778,-786,7972,1178,26,-330,-81,14331,109,-17,-152,0,36291,129,33,67,0,0,0,0,0,0,0,0,-32301,0,0,0,0,0,1302783,0
1302783,-754,7998,1172,25,-344,-81,14353,95,1,-161,0,36291,129,33,67,0,0,0,0,0,0,0,0,-32300,0,0,0,0,0,1302788,0
1302788,-776,8008,1160,30,-363,-66,14367,66,-16,-121,0,36289,130,33,67,0,0,0,0,0,0,0,0,-32301,0,0,0,0,0,1302793,0
1302793,-810,8022,1168,40,-373,-71,14384,71,-27,-115,0,36289,130,33,67,0,0,0,0,0,0,0,0,-32301,0,0,0,0,0,1302798,0
1302798,-778,8012,1148,41,-382,-67,14402,77,-17,-136,0,36288,126,33,67,0,0,0,0,0,0,0,0,-32301,0,0,0,0,0,1302803,0
1302803,-688,8048,1174,39,-390,-63,14414,44,-25,-109,0,36288,126,33,67,0,0,0,0,0,0,0,0,-32301,0,0,0,0,0,1302808,0
1302808,-862,8068,1148,47,-389,-47,14418,14,-40,-48,0,36287,127,33,67,0,0,0,0,0,0,0,0,-32301,0,0,0,0,0,1302813,0
1302813,-900,8076,1160,46,-394,-43,14418,5,-49,-13,0,36287,127,33,67,0,0,0,0,0,0,0,0,-32301,0,0,0,0,0,1302818,0
1302818,-906,8046,1170,47,-393,-37,14418,0,-68,-2,0,36293,126,33,67,0,0,0,0,0,0,0,0,-32301,0,0,0,0,0,1302823,0
1302823,-888,8058,1164,45,-392,-34,14419,4,-60,-3,0,36293,126,33,67,0,0,0,0,0,0,0,0,-32301,0,0,0,0,0,1302828,0
1302828,-770,8056,1204,55,-394,-27,14419,6,-25,-4,0,36296,131,33,67,0,0,0,0,0,0,0,0,-32301,0,0,0,0,0,1302833,0
1302833,-672,8082,1200,53,-393,-19,14419,4,-5,-3,0,36296,131,33,67,0,0,0,0,0,0,0,0,-32301,0,0,0,0,0,1302838,0
1302838,-642,8054,1194,57,-392,-24,14419,0,0,-3,0,36294,122,33,67,0,0,0,0,0,0,0,0,-32301,0,0,0,0,0,1302843,0
1302843,-592,8084,1178,63,-391,-18,14419,1,0,-2,0,36294,122,33,67,0,0,0,0,0,0,0,0,-32300,0,0,0,0,0,1302848,0
1302848,-546,8062,1132,62,-382,-19,14418,-3,-4,-3,0,36291,120,33,67,0,0,0,0,0,0,0,0,-32301,0,0,0,0,0,1302853,0
1302853,-574,8006,1106,66,-381,-17,14419,-2,-2,-4,0,36291,120,33,67,0,0,0,0,0,0,0,0,-32301,0,0,0,0,0,1302858,0
1302858,-570,8016,1110,69,-384,-11,14417,-5,0,-3,0,36290,122,33,67,0,0,0,0,0,0,0,0,-32301,0,0,0,0,0,1302863,0
1302863,-628,8014,1088,70,-379,-13,14418,0,4,-3,0,36290,122,33,67,0,0,0,0,0,0,0,0,-32301,0,0,0,0,0,1302868,0
1302868,-636,7994,1056,72,-369,-5,14418,0,1,-2,0,36289,125,33,67,0,0,0,0,0,0,0,0,-32301,0,0,0,0,0,1302873,0
1302873,-646,7994,1052,68,-366,-3,14418,0,2,-2,0,36289,125,33,67,0,0,0,0,0,0,0,0,-32301,0,0,0,0,0,1302878,0
1302878,-650,8032,1038,66,-350,4,14419,4,3,-2,0,36288,129,33,67,0,0,0,0,0,0,0,0,-32301,0,0,0,0,0,1302883,0
1302883,-652,8032,1050,65,-343,-1,14418,-2,-1,-2,0,36288,129,33,67,0,0,0,0,0,0,0,0,-32301,0,0,0,0,0,1302888,0
1302888,-628,8112,1028,61,-316,12,14419,4,1,-1,0,36289,125,33,67,0,0,0,0,0,0,0,0,-32301,0,0,0,0,0,1302893,0
1302893,-616,8118,1036,65,-302,16,14418,-5,-4,-2,0,36289,125,33,67,0,0,0,0,0,0,0,0,-32301,0,0,0,0,0,1302898,0
1302898,-584,8144,1014,60,-294,13,14418,3,0,-4,0,36289,126,33,67,0,0,0,0,0,0,0,0,-32301,0,0,0,0,0,1302903,0
1302903,-600,8176,978,57,-282,22,14417,2,0,-3,0,36289,126,33,67,0,0,0,0,0,0,0,0,-32301,0,0,0,0,0,1302908,0
1302908,-566,8182,970,54,-249,28,14419,1,0,-3,0,36291,133,33,67,0,0,0,0,0,0,0,0,-32301,0,0,0,0,0,1302913,0
1302913,-594,8190,956,63,-232,32,14418,0,0,0,0,36291,133,33,67,0,0,0,0,0,0,0,0,-32300,0,0,0,0,0,1302918,0
1302918,-548,8188,930,50,-219,38,14418,-4,2,0,0,36293,136,33,67,0,0,0,0,0,0,0,0,-32300,0,0,0,0,0,1302923,0
1302923,-524,8210,930,54,-203,48,14418,-4,-3,-3,0,36293,136,33,67,0,0,0,0,0,0,0,0,-32300,0,0,0,0,0,1302928,0
1302928,-416,8196,764,54,-186,76,14419,-1,-4,-1,0,36292,141,33,67,0,0,0,0,0,0,0,0,-32301,0,0,0,0,0,1302933,0
1302933,-352,8208,718,63,-175,99,14419,9,3,-1,0,36292,141,33,67,0,0,0,0,0,0,0,0,-32301,0,0,0,0,0,1302938,0
1302938,-278,8222,592,67,-158,122,14418,2,-1,0,0,36290,131,33,67,0,0,0,0,0,0,0,0,-32301,0,0,0,0,0,1302943,0
1302943,-188,8198,478,76,-154,145,14417,-3,-3,0,0,36290,131,33,67,0,0,0,0,0,0,0,0,-32300,0,0,0,0,0,1302948,0
1302948,-74,8308,390,113,-128,185,14418,-3,-4,1,0,36287,141,33,67,0,0,0,0,0,0,0,0,-32301,0,0,0,0,0,1302953,0
1302953,-48,8418,342,125,-120,200,14417,4,-4,1,0,36287,141,33,67,0,0,0,0,0,0,0,0,-32300,0,0,0,0,0,1302958,0
1302958,-58,8520,328,150,-107,218,14415,0,-2,0,0,36287,140,33,67,0,0,0,0,0,0,0,0,-32301,0,0,0,0,0,1302963,0
1302963,-90,8588,290,158,-97,221,14415,1,-2,0,0,36287,140,33,67,0,0,0,0,0,0,0,0,-32301,0,0,0,0,0,1302968,0
1302968,-174,8700,338,196,-89,244,14414,-5,-1,0,0,36288,149,33,67,0,0,0,0,0,0,0,0,-32301,0,0,0,0,0,1302973,0
1302973,-266,8698,320,214,-89,251,14415,-4,4,0,0,36288,149,33,67,0,0,0,0,0,0,0,0,-32300,0,0,0,0,0,1302978,0
1302978,-264,8740,334,233,-89,265,14415,0,2,-1,0,36288,142,33,67,0,0,0,0,0,0,0,0,-32301,0,0,0,0,0,1302983,0
1302983,-338,8712,314,245,-91,280,14415,2,6,-2,0,36288,142,33,67,0,0,0,0,0,0,0,0,-32301,0,0,0,0,0,1302988,0
1302988,-436,8690,340,283,-94,314,14415,2,2,-1,0,36289,134,33,67,0,0,0,0,0,0,0,0,-32301,0,0,0,0,0,1302993,0
1302993,-428,8594,378,304,-98,326,14415,1,-2,0,0,36289,134,33,67,0,0,0,0,0,0,0,0,-32301,0,0,0,0,0,1302998,0
1302998,-440,8408,366,317,-96,344,14414,-3,-2,-1,0,36288,135,33,67,0,0,0,0,0,0,0,0,-32301,0,0,0,0,0,1303003,0
1303003,-408,8322,410,341,-92,361,14414,-5,-1,-1,0,36288,135,33,67,0,0,0,0,0,0,0,0,-32301,0,0,0,0,0,1303008,0
1303008,-400,8078,458,367,-76,380,14414,-5,-4,0,0,36288,141,33,67,0,0,0,0,0,0,0,0,-32301,0,0,0,0,0,1303013,0
1303013,-388,8034,500,380,-81,393,14414,-1,-2,2,0,36288,141,33,67,0,0,0,0,0,0,0,0,-32301,0,0,0,0,0,1303018,0
1303018,-406,7942,538,396,-68,392,14412,-5,-4,1,0,36290,139,33,67,0,0,0,0,0,0,0,0,-32300,0,0,0,0,0,1303023,0
1303023,-336,7886,498,409,-61,393,14411,-5,-2,1,0,36290,139,33,67,0,0,0,0,0,0,0,0,-32301,0,0,0,0,0,1303028,0
1303028,-314,7820,558,435,-40,376,14411,-2,-5,4,0,36291,144,33,67,0,0,0,0,0,0,0,0,-32301,0,0,0,0,0,1303033,0
1303033,-268,7778,572,441,-36,362,14410,-1,2,2,0,36291,144,33,67,0,0,0,0,0,0,0,0,-32301,0,0,0,0,0,1303038,0
1303038,-294,7740,592,453,-26,349,14410,6,0,2,0,36290,140,33,67,0,0,0,0,0,0,0,0,-32301,0,0,0,0,0,1303043,0
1303043,-268,7746,626,461,-16,324,14408,-7,5,1,0,36290,140,33,67,0,0,0,0,0,0,0,0,-32300,0,0,0,0,0,1303048,0
1303048,-186,7764,698,477,4,287,14408,-1,-1,1,0,36291,138,33,67,0,0,0,0,0,0,0,0,-32301,0,0,0,0,0,1303053,0
1303053,-128,7710,682,485,15,261,14409,0,-1,0,0,36291,138,33,67,0,0,0,0,0,0,0,0,-32301,0,0,0,0,0,1303058,0
1303058,-142,7742,724,483,24,237,14408,0,5,-2,0,36288,130,33,67,0,0,0,0,0,0,0,0,-32301,0,0,0,0,0,1303063,0
1303063,-186,7762,760,490,33,211,14409,6,1,-4,0,36288,130,33,67,0,0,0,0,0,0,0,0,-32301,0,0,0,0,0,1303068,0
1303068,-210,7732,802,498,47,184,14408,1,1,-4,0,36292,128,33,67,0,0,0,0,0,0,0,0,-32300,0,0,0,0,0,1303073,0
1303073,-228,7706,806,499,57,181,14408,-3,2,-4,0,36292,128,33,67,0,0,0,0,0,0,0,0,-32301,0,0,0,0,0,1303078,0
1303078,-228,7680,828,496,59,171,14409,3,2,-2,0,36291,132,33,67,0,0,0,0,0,0,0,0,-32301,0,0,0,0,0,1303083,0
1303083,-172,7692,854,497,65,178,14408,4,5,-2,0,36291,132,33,67,0,0,0,0,0,0,0,0,-32301,0,0,0,0,0,1303088,0
1303088,-122,7640,882,496,72,178,14409,-4,-2,-3,0,36292,136,33,67,0,0,0,0,0,0,0,0,-32301,0,0,0,0,0,1303093,0
1303093,-110,7664,872,493,74,175,14409,6,-1,-2,0,36292,136,33,67,0,0,0,0,0,0,0,0,-32301,0,0,0,0,0,1303098,0
1303098,-80,7662,900,492,83,183,14407,-3,2,-3,0,36291,134,33,67,0,0,0,0,0,0,0,0,-32301,0,0,0,0,0,1303103,0
1303103,-18,7680,904,490,93,188,14408,0,-2,-2,0,36291,134,33,67,0,0,0,0,0,0,0,0,-32301,0,0,0,0,0,1303108,0
1303108,14,7670,906,480,108,192,14409,0,0,-3,0,36291,131,33,67,0,0,0,0,0,0,0,0,-32301,0,0,0,0,0,1303113,0
1303113,-20,7700,946,475,108,196,14407,-9,1,-4,0,36291,131,33,67,0,0,0,0,0,0,0,0,-32301,0,0,0,0,0,1303118,0
1303118,18,7712,952,465,110,207,14409,-1,0,-3,0,36291,138,33,67,0,0,0,0,0,0,0,0,-32301,0,0,0,0,0,1303123,0
1303123,48,7696,950,463,114,217,14408,-2,-3,-4,0,36291,138,33,67,0,0,0,0,0,0,0,0,-32300,0,0,0,0,0,1303128,0
1303128,36,7700,1002,451,112,236,14408,-1,4,-4,0,36297,130,33,67,0,0,0,0,0,0,0,0,-32301,0,0,0,0,0,1303133,0
1303133,70,7676,996,438,112,245,14410,4,1,-2,0,36297,130,33,67,0,0,0,0,0,0,0,0,-32301,0,0,0,0,0,1303140,0
1303138,62,7670,998,419,115,259,14408,0,3,-1,0,36296,125,33,67,0,0,0,0,0,0,0,0,-32301,0,0,0,0,0,1303143,0
1303143,54,7628,1004,419,119,271,14408,0,0,-2,0,36296,125,33,67,0,0,0,0,0,0,0,0,-32301,0,0,0,0,0,1303148,0
1303148,86,7604,1048,396,133,299,14409,-2,0,-2,0,36292,125,33,67,0,0,0,0,0,0,0,0,-32301,0,0,0,0,0,1303153,0
1303153,104,7584,1048,380,143,316,14408,-3,1,-2,0,36292,125,33,67,0,0,0,0,0,0,0,0,-32301,0,0,0,0,0,1303158,0
1303158,138,7546,1052,373,148,327,14408,-5,-1,-2,0,36288,126,33,67,0,0,0,0,0,0,0,0,-32301,0,0,0,0,0,1303163,0
1303163,144,7524,1050,354,160,331,14408,2,1,-3,0,36288,126,33,67,0,0,0,0,0,0,0,0,-32300,0,0,0,0,0,1303168,0
1303168,158,7564,1048,333,181,346,14407,0,0,-2,0,36282,128,33,67,0,0,0,0,0,0,0,0,-32301,0,0,0,0,0,1303173,0
1303173,120,7530,1064,324,187,355,14409,0,4,-3,0,36282,128,33,67,0,0,0,0,0,0,0,0,-32300,0,0,0,0,0,1303178,0
1303178,106,7554,1050,312,195,358,14409,2,1,-3,0,36283,129,33,67,0,0,0,0,0,0,0,0,-32301,0,0,0,0,0,1303183,0
1303183,102,7554,1030,295,206,363,14407,-13,2,-1,0,36283,129,33,67,0,0,0,0,0,0,0,0,-32300,0,0,0,0,0,1303188,0
1303188,48,7612,1008,284,220,370,14408,1,-1,-3,0,36287,129,33,67,0,0,0,0,0,0,0,0,-32301,0,0,0,0,0,1303193,0
1303193,54,7634,1000,278,222,372,14409,4,-1,-2,0,36287,129,33,67,0,0,0,0,0,0,0,0,-32300,0,0,0,0,0,1303198,0
1303198,50,7660,1016,265,231,376,14409,2,3,-2,0,36290,129,33,67,0,0,0,0,0,0,0,0,-32301,0,0,0,0,0,1303203,0
1303203,42,7698,996,257,233,373,14408,2,5,-3,0,36290,129,33,67,0,0,0,0,0,0,0,0,-32300,0,0,0,0,0,1303208,0
1303208,18,7794,984,236,243,374,14409,-4,3,-4,0,36291,123,33,67,0,0,0,0,0,0,0,0,-32301,0,0,0,0,0,1303213,0
1303213,62,7896,992,238,248,375,14407,-3,0,-3,0,36291,123,33,67,0,0,0,0,0,0,0,0,-32301,0,0,0,0,0,1303218,0
1303218,78,7932,974,232,252,372,14407,0,2,-3,0,36291,133,33,67,0,0,0,0,0,0,0,0,-32301,0,0,0,0,0,1303223,0
1303223,80,8014,952,223,254,373,14409,0,0,-3,0,36291,133,33,67,0,0,0,0,0,0,0,0,-32301,0,0,0,0,0,1303228,0
1303228,112,8102,938,221,253,370,14409,5,1,-4,0,36291,139,33,67,0,0,0,0,0,0,0,0,-32301,0,0,0,0,0,1303233,0
1303233,134,8126,928,210,259,372,14408,1,3,-5,0,36291,139,33,67,0,0,0,0,0,0,0,0,-32300,0,0,0,0,0,1303238,0
1303238,130,8160,920,202,257,373,14408,-5,-1,-3,0,36294,139,33,67,0,0,0,0,0,0,0,0,-32301,0,0,0,0,0,1303243,0
1303243,140,8196,932,208,254,375,14409,0,-6,-2,0,36294,139,33,67,0,0,0,0,0,0,0,0,-32301,0,0,0,0,0,1303248,0
1303248,212,8276,930,201,268,385,14409,7,5,-4,0,36294,141,33,67,0,0,0,0,0,0,0,0,-32301,0,0,0,0,0,1303253,0
1303253,220,8322,928,198,266,392,14409,0,-3,-4,0,36294,141,33,67,0,0,0,0,0,0,0,0,-32301,0,0,0,0,0,1303258,0
1303258,232,8320,926,196,265,394,14407,-5,-2,-2,0,36295,141,33,67,0,0,0,0,0,0,0,0,-32300,0,0,0,0,0,1303263,0
1303263,244,8366,914,198,265,406,14408,-3,0,-2,0,36295,141,33,67,0,0,0,0,0,0,0,0,-32301,0,0,0,0,0,1303268,0
1303268,282,8408,898,198,261,420,14408,-1,-1,-3,0,36291,141,33,67,0,0,0,0,0,0,0,0,-32301,0,0,0,0,0,1303273,0
1303273,206,8926,1102,189,268,425,14409,3,5,-3,0,36291,141,33,67,0,0,0,0,0,0,0,0,-32301,0,0,0,0,0,1303278,0
1303278,104,9064,1168,171,277,410,14409,4,0,-5,0,36289,139,33,67,0,0,0,0,0,0,0,0,-32301,0,0,0,0,0,1303283,0
1303283,86,9310,1308,162,288,367,14408,-2,1,-7,0,36289,139,33,67,0,0,0,0,0,0,0,0,-32301,0,0,0,0,0,1303288,0
1303288,-482,9434,1488,128,295,278,14410,8,1,-10,0,36290,135,33,67,0,0,0,0,0,0,0,0,-32300,0,0,0,0,0,1303293,0
1303293,-698,9368,1506,111,294,267,14411,8,1,-14,0,36290,135,33,67,0,0,0,0,0,0,0,0,-32300,0,0,0,0,0,1303298,0
1303298,-922,9174,1422,102,295,262,14415,12,13,-24,0,36292,133,33,67,0,0,0,0,0,0,0,0,-32300,0,0,0,0,0,1303303,0
1303303,-1112,9030,1398,78,289,275,14418,20,11,-32,0,36292,133,33,67,0,0,0,0,0,0,0,0,-32301,0,0,0,0,0,1303308,0
1303308,-1038,8728,1296,59,275,355,14422,30,14,-40,0,36294,133,33,67,0,0,0,0,0,0,0,0,-32301,0,0,0,0,0,1303313,0
1303313,-748,8566,1254,51,280,378,14426,22,12,-48,0,36294,133,33,67,0,0,0,0,0,0,0,0,-32301,0,0,0,0,0,1303318,0
1303318,-420,8520,1204,44,284,390,14434,30,20,-61,0,36292,130,33,67,0,0,0,0,0,0,0,0,-32301,0,0,0,0,0,1303323,0
1303323,-128,8448,1198,44,292,392,14444,48,20,-81,0,36292,130,33,67,0,0,0,0,0,0,0,0,-32301,0,0,0,0,0,1303328,0
1303328,166,8288,1072,48,318,350,14456,57,25,-99,0,36291,128,33,67,0,0,0,0,0,0,0,0,-32301,0,0,0,0,0,1303333,0
1303333,140,8232,1026,49,331,341,14464,33,19,-91,0,36291,128,33,67,0,0,0,0,0,0,0,0,-32300,0,0,0,0,0,1303338,0
1303338,66,8162,912,46,344,333,14469,10,1,-44,0,36294,132,33,67,0,0,0,0,0,0,0,0,-32301,0,0,0,0,0,1303343,0
1303343,-70,8016,844,59,346,350,14470,0,-30,-7,0,36294,132,33,67,0,0,0,0,0,0,0,0,-32301,0,0,0,0,0,1303349,0
1303348,-98,7886,758,73,339,392,14469,-6,-53,-1,0,36294,130,33,67,0,0,0,0,0,0,0,0,-32300,0,0,0,0,0,1303354,0
1303353,-46,7806,774,75,325,421,14469,-1,-43,-1,0,36294,130,33,67,0,0,0,0,0,0,0,0,-32300,0,0,0,0,0,1303360,0
1303358,42,7806,768,91,324,440,14470,1,-18,0,0,36292,132,33,67,0,0,0,0,0,0,0,0,-32300,0,0,0,0,0,1303365,0
1303363,66,7756,780,107,317,456,14469,3,-3,-1,0,36292,132,33,67,0,0,0,0,0,0,0,0,-32301,0,0,0,0,0,1303370,0
1303368,106,7886,786,135,318,481,14468,-1,-1,-2,0,36285,129,33,67,0,0,0,0,0,0,0,0,-32301,0,0,0,0,0,1303376,0
1303373,60,7942,784,140,317,492,14468,-4,2,0,0,36285,129,33,67,0,0,0,0,0,0,0,0,-32300,0,0,0,0,0,1303381,0
1303378,36,7958,794,153,317,497,14469,3,2,-1,0,36286,127,33,67,0,0,0,0,0,0,0,0,-32301,0,0,0,0,0,1303386,0
1303383,-36,8030,780,157,314,499,14469,5,1,-2,0,36286,127,33,67,0,0,0,0,0,0,0,0,-32300,0,0,0,0,0,1303392,0
1303388,-174,8108,792,172,292,500,14467,-5,0,-1,0,36285,125,33,67,0,0,0,0,0,0,0,0,-32301,0,0,0,0,0,1303397,0
1303393,-206,8126,814,173,276,499,14469,3,1,0,0,36285,125,33,67,0,0,0,0,0,0,0,0,-32301,0,0,0,0,0,1303402,0
1303398,-228,8142,802,176,262,501,14469,-3,2,0,0,36287,126,33,67,0,0,0,0,0,0,0,0,-32301,0,0,0,0,0,1303408,0
1303403,-258,8140,814,174,239,495,14468,2,3,-1,0,36287,126,33,67,0,0,0,0,0,0,0,0,-32301,0,0,0,0,0,1303413,0
1303408,-228,8142,848,169,207,488,14468,-1,-3,-1,0,36289,127,33,67,0,0,0,0,0,0,0,0,-32301,0,0,0,0,0,1303419,0
1303413,-254,8126,890,169,183,480,14468,-4,1,0,0,36289,127,33,67,0,0,0,0,0,0,0,0,-32301,0,0,0,0,0,1303425,0
1303418,-222,8162,878,168,176,479,14468,0,-1,0,0,36288,133,33,67,0,0,0,0,0,0,0,0,-32301,0,0,0,0,0,1303430,0
1303423,-232,8152,912,164,155,464,14469,2,1,-2,0,36288,133,33,67,0,0,0,0,0,0,0,0,-32301,0,0,0,0,0,1303435,0
1303428,-180,8134,952,157,136,455,14467,0,-3,-1,0,36285,130,33,67,0,0,0,0,0,0,0,0,-32301,0,0,0,0,0,1303441,0
1303433,-196,8166,978,152,126,450,14468,3,-2,-2,0,36285,130,33,67,0,0,0,0,0,0,0,0,-32301,0,0,0,0,0,1303446,0
1303438,-166,8148,1012,141,118,441,14468,2,0,0,0,36284,128,33,67,0,0,0,0,0,0,0,0,-32301,0,0,0,0,0,1303451,0
1303443,-180,8164,1028,134,109,428,14468,5,2,1,0,36284,128,33,67,0,0,0,0,0,0,0,0,-32301,0,0,0,0,0,1303457,0
1303448,-180,8172,1034,118,93,407,14469,7,3,-1,0,36289,135,33,67,0,0,0,0,0,0,0,0,-32301,0,0,0,0,0,1303462,0
1303453,-152,8176,1044,104,86,405,14467,-1,-3,-1,0,36289,135,33,67,0,0,0,0,0,0,0,0,-32300,0,0,0,0,0,1303467,0
1303458,-138,8176,1068,98,78,388,14467,-1,0,-2,0,36291,139,33,67,0,0,0,0,0,0,0,0,-32301,0,0,0,0,0,1303473,0
1303463,-168,8202,1072,85,69,377,14467,-3,0,-2,0,36291,139,33,67,0,0,0,0,0,0,0,0,-32301,0,0,0,0,0,1303478,0
1303468,-174,8214,1068,59,59,356,14468,-1,4,-4,0,36289,135,33,67,0,0,0,0,0,0,0,0,-32300,0,0,0,0,0,1303483,0
1303473,-164,8216,1084,54,48,352,14467,-1,-1,-4,0,36289,135,33,67,0,0,0,0,0,0,0,0,-32300,0,0,0,0,0,1303489,0
1303478,-114,8202,1072,43,47,345,14469,2,4,-3,0,36285,130,33,67,0,0,0,0,0,0,0,0,-32300,0,0,0,0,0,1303494,0
1303483,-138,8240,1074,31,45,334,14467,-4,2,-2,0,36285,130,33,67,0,0,0,0,0,0,0,0,-32301,0,0,0,0,0,1303499,0
1303488,-124,8256,1080,10,49,326,14467,-2,-3,-3,0,36285,124,33,67,0,0,0,0,0,0,0,0,-32301,0,0,0,0,0,1303505,0
1303493,-148,8242,1048,0,48,323,14467,1,0,-1,0,36285,124,33,67,0,0,0,0,0,0,0,0,-32301,0,0,0,0,0,1303510,0
1303498,-148,8270,1062,-13,46,315,14467,4,0,-2,0,36285,124,33,67,0,0,0,0,0,0,0,0,-32301,0,0,0,0,0,1303515,0
1303503,-128,8272,1022,-21,49,312,14469,3,4,-2,0,36285,124,33,67,0,0,0,0,0,0,0,0,-32301,0,0,0,0,0,1303521,0
1303508,-94,8224,1004,-33,50,298,14468,0,4,-1,0,36282,126,33,67,0,0,0,0,0,0,0,0,-32301,0,0,0,0,0,1303526,0
1303513,-88,8234,1004,-41,51,293,14467,-4,-3,-2,0,36282,126,33,67,0,0,0,0,0,0,0,0,-32301,0,0,0,0,0,1303531,0
1303518,-82,8260,986,-53,48,285,14466,-5,-1,-1,0,36283,128,33,67,0,0,0,0,0,0,0,0,-32301,0,0,0,0,0,1303537,0
1303523,-68,8212,954,-53,47,284,14467,-3,-4,-2,0,36283,128,33,67,0,0,0,0,0,0,0,0,-32301,0,0,0,0,0,1303542,0
1303528,-12,8174,940,-71,48,275,14467,0,-1,-1,0,36284,130,33,67,0,0,0,0,0,0,0,0,-32301,0,0,0,0,0,1303547,0
1303533,-18,8128,934,-72,44,276,14467,0,-2,-2,0,36284,130,33,67,0,0,0,0,0,0,0,0,-32300,0,0,0,0,0,1303553,0
1303538,-6,8112,910,-75,47,275,14467,-4,0,-1,0,36287,123,33,67,0,0,0,0,0,0,0,0,-32300,0,0,0,0,0,1303558,0
1303543,8,8142,928,-76,47,270,14467,1,-1,0,0,36287,123,33,67,0,0,0,0,0,0,0,0,-32300,0,0,0,0,0,1303563,0
1303548,36,8078,912,-75,45,273,14468,0,-2,-1,0,36298,115,33,67,0,0,0,0,0,0,0,0,-32300,0,0,0,0,0,1303569,0
1303553,62,8066,876,-81,45,272,14468,-3,3,-2,0,36298,115,33,67,0,0,0,0,0,0,0,0,-32301,0,0,0,0,0,1303574,0
1303558,62,8074,862,-83,44,271,14469,8,0,-2,0,36309,119,33,67,0,0,0,0,0,0,0,0,-32300,0,0,0,0,0,1303579,0
1303563,76,8102,854,-85,45,277,14468,2,3,0,0,36309,119,33,67,0,0,0,0,0,0,0,0,-32301,0,0,0,0,0,1303585,0
1303568,98,8064,836,-84,41,286,14468,-3,5,-1,0,36317,112,33,67,0,0,0,0,0,0,0,0,-32301,0,0,0,0,0,1303590,0
1303573,86,8074,828,-84,45,293,14468,6,3,-2,0,36317,112,33,67,0,0,0,0,0,0,0,0,-32300,0,0,0,0,0,1303595,0
1303578,104,8040,820,-82,45,289,14467,0,-1,-2,0,36305,120,33,67,0,0,0,0,0,0,0,0,-32301,0,0,0,0,0,1303601,0
1303583,90,8014,828,-80,44,303,14467,0,2,-1,0,36305,120,33,67,0,0,0,0,0,0,0,0,-32301,0,0,0,0,0,1303606,0
1303588,98,7996,794,-70,44,306,14469,3,1,-2,0,36295,128,33,67,0,0,0,0,0,0,0,0,-32300,0,0,0,0,0,1303611,0
1303593,96,7994,792,-76,42,307,14469,4,4,-2,0,36295,128,33,67,0,0,0,0,0,0,0,0,-32302,0,0,0,0,0,1303617,0
1303598,110,7950,778,-70,42,307,14468,-1,-3,-3,0,36285,134,33,67,0,0,0,0,0,0,0,0,-32301,0,0,0,0,0,1303622,0
1303603,96,7936,776,-69,37,307,14467,-6,-2,-4,0,36285,134,33,67,0,0,0,0,0,0,0,0,-32301,0,0,0,0,0,1303627,0
1303608,138,7960,800,-66,38,307,14467,5,-2,-3,0,36286,137,33,67,0,0,0,0,0,0,0,0,-32301,0,0,0,0,0,1303633,0
1303613,108,7936,792,-64,45,305,14468,0,-1,-3,0,36286,137,33,67,0,0,0,0,0,0,0,0,-32301,0,0,0,0,0,1303638,0
1303618,124,7952,792,-60,45,302,14467,-2,5,-3,0,36283,134,33,67,0,0,0,0,0,0,0,0,-32301,0,0,0,0,0,1303643,0
1303623,114,7948,782,-59,44,299,14467,-1,2,-1,0,36283,134,33,67,0,0,0,0,0,0,0,0,-32301,0,0,0,0,0,1303649,0
1303628,124,7974,786,-45,53,295,14468,0,1,-2,0,36284,137,33,67,0,0,0,0,0,0,0,0,-32300,0,0,0,0,0,1303654,0
1303633,154,7968,798,-39,67,293,14467,0,4,-3,0,36284,137,33,67,0,0,0,0,0,0,0,0,-32301,0,0,0,0,0,1303659,0
1303638,164,7994,806,-41,62,289,14468,2,1,-2,0,36283,136,33,67,0,0,0,0,0,0,0,0,-32300,0,0,0,0,0,1303665,0
1303643,198,8008,790,-38,75,285,14468,0,-2,-1,0,36283,136,33,67,0,0,0,0,0,0,0,0,-32300,0,0,0,0,0,1303670,0
1303648,184,7978,790,-33,79,275,14468,0,-1,-3,0,36285,132,33,67,0,0,0,0,0,0,0,0,-32300,0,0,0,0,0,1303675,0
1303653,156,7968,792,-31,86,276,14467,0,2,-4,0,36285,132,33,67,0,0,0,0,0,0,0,0,-32301,0,0,0,0,0,1303680,0
1303658,188,7976,816,-29,82,278,14468,-2,0,-3,0,36285,126,33,67,0,0,0,0,0,0,0,0,-32301,0,0,0,0,0,1303686,0
1303663,176,7956,808,-27,89,271,14468,0,2,-3,0,36285,126,33,67,0,0,0,0,0,0,0,0,-32301,0,0,0,0,0,1303691,0
1303668,182,7930,820,-27,87,258,14468,3,-1,-2,0,36285,138,33,67,0,0,0,0,0,0,0,0,-32301,0,0,0,0,0,1303697,0
1303673,194,7932,806,-21,88,261,14467,-4,1,-1,0,36285,138,33,67,0,0,0,0,0,0,0,0,-32301,0,0,0,0,0,1303702,0
1303678,188,7958,804,-20,87,256,14469,2,-5,-2,0,36285,138,33,67,0,0,0,0,0,0,0,0,-32301,0,0,0,0,0,1303707,0
1303683,166,7966,794,-19,90,251,14467,-5,1,-2,0,36285,138,33,67,0,0,0,0,0,0,0,0,-32301,0,0,0,0,0,1303713,0
1303688,192,8010,804,-18,85,245,14468,0,3,-2,0,36284,129,33,67,0,0,0,0,0,0,0,0,-32300,0,0,0,0,0,1303718,0
1303693,190,8056,808,-15,86,244,14469,14,-2,-1,0,36284,129,33,67,0,0,0,0,0,0,0,0,-32301,0,0,0,0,0,1303723,0
1303698,190,8066,800,-17,81,242,14467,-5,4,-3,0,36285,121,33,67,0,0,0,0,0,0,0,0,-32300,0,0,0,0,0,1303729,0
1303703,186,8072,808,-18,78,233,14468,0,-4,-3,0,36285,121,33,67,0,0,0,0,0,0,0,0,-32301,0,0,0,0,0,1303734,0
1303708,178,8170,806,-16,66,229,14467,-1,0,-2,0,36288,125,33,67,0,0,0,0,0,0,0,0,-32301,0,0,0,0,0,1303739,0
1303713,206,8210,828,-10,76,223,14467,-4,4,-2,0,36288,125,33,67,0,0,0,0,0,0,0,0,-32301,0,0,0,0,0,1303745,0
1303718,190,8246,840,-12,74,225,14467,-1,-2,-3,0,36286,124,33,67,0,0,0,0,0,0,0,0,-32301,0,0,0,0,0,1303750,0
1303723,208,8288,810,-9,76,214,14467,-3,5,-3,0,36286,124,33,67,0,0,0,0,0,0,0,0,-32300,0,0,0,0,0,1303755,0
1303728,246,8300,818,-11,70,204,14468,0,1,-1,0,36284,127,33,67,0,0,0,0,0,0,0,0,-32300,0,0,0,0,0,1303760,0
1303733,240,8252,834,-13,67,198,14468,-2,5,-2,0,36284,127,33,67,0,0,0,0,0,0,0,0,-32300,0,0,0,0,0,1303766,0
1303738,256,8272,826,-4,71,197,14467,0,2,-3,0,36282,125,33,67,0,0,0,0,0,0,0,0,-32301,0,0,0,0,0,1303771,0
1303743,296,8268,812,-12,71,194,14468,1,2,-2,0,36282,125,33,67,0,0,0,0,0,0,0,0,-32300,0,0,0,0,0,1303776,0
1303748,316,8210,842,-5,75,187,14468,-2,1,-3,0,36284,129,33,67,0,0,0,0,0,0,0,0,-32301,0,0,0,0,0,1303782,0
1303753,342,8184,860,-6,75,182,14467,0,-3,-3,0,36284,129,33,67,0,0,0,0,0,0,0,0,-32301,0,0,0,0,0,1303787,0
1303758,370,8144,826,-9,76,182,14468,2,1,-3,0,36287,142,33,67,0,0,0,0,0,0,0,0,-32300,0,0,0,0,0,1303792,0
1303763,384,8158,844,-5,79,176,14468,5,0,-2,0,36287,142,33,67,0,0,0,0,0,0,0,0,-32301,0,0,0,0,0,1303798,0
1303768,406,8170,870,-11,85,168,14466,-3,4,-3,0,36293,141,33,67,0,0,0,0,0,0,0,0,-32300,0,0,0,0,0,1303803,0
1303773,420,8126,850,-6,95,168,14467,-8,-1,-1,0,36293,141,33,67,0,0,0,0,0,0,0,0,-32301,0,0,0,0,0,1303808,0
1303778,426,8128,820,-9,97,165,14468,-5,-2,-3,0,36292,134,33,67,0,0,0,0,0,0,0,0,-32300,0,0,0,0,0,1303814,0
1303783,426,8072,826,-9,95,160,14467,-1,2,-3,0,36292,134,33,67,0,0,0,0,0,0,0,0,-32300,0,0,0,0,0,1303819,0
1303788,366,8052,786,-10,91,160,14467,-2,3,-2,0,36292,128,33,67,0,0,0,0,0,0,0,0,-32301,0,0,0,0,0,1303824,0
1303793,386,8090,814,-12,86,155,14467,-6,0,-1,0,36292,128,33,67,0,0,0,0,0,0,0,0,-32301,0,0,0,0,0,1303830,0
1303798,352,8050,812,-14,78,152,14468,3,6,-2,0,36286,122,33,67,0,0,0,0,0,0,0,0,-32300,0,0,0,0,0,1303835,0
1303803,346,8012,802,-14,78,153,14467,-6,2,-1,0,36286,122,33,67,0,0,0,0,0,0,0,0,-32301,0,0,0,0,0,1303840,0
1303808,312,7964,792,-11,69,152,14467,0,6,-1,0,36283,123,33,67,0,0,0,0,0,0,0,0,-32301,0,0,0,0,0,1303846,0
1303813,320,7968,832,-14,66,149,14469,4,-1,-2,0,36283,123,33,67,0,0,0,0,0,0,0,0,-32301,0,0,0,0,0,1303851,0
1303818,322,7942,838,-6,64,144,14467,2,3,-2,0,36282,124,33,67,0,0,0,0,0,0,0,0,-32301,0,0,0,0,0,1303856,0
1303823,334,7958,802,-12,62,145,14468,-2,1,-2,0,36282,124,33,67,0,0,0,0,0,0,0,0,-32300,0,0,0,0,0,1303862,0
1303828,350,7932,812,-8,56,137,14467,-3,-2,-1,0,36283,123,33,67,0,0,0,0,0,0,0,0,-32301,0,0,0,0,0,1303867,0
1303833,336,7946,782,-7,56,131,14467,-3,2,-3,0,36283,123,33,67,0,0,0,0,0,0,0,0,-32301,0,0,0,0,0,1303872,0
1303838,368,7902,790,-3,54,123,14467,-7,0,-2,0,36283,119,33,67,0,0,0,0,0,0,0,0,-32301,0,0,0,0,0,1303878,0
1303843,414,7910,800,3,49,117,14468,-3,-3,-2,0,36283,119,33,67,0,0,0,0,0,0,0,0,-32300,0,0,0,0,0,1303883,0
1303848,416,7930,768,4,44,112,14468,3,2,-2,0,36282,124,33,67,0,0,0,0,0,0,0,0,-32301,0,0,0,0,0,1303888,0
1303853,452,7926,784,15,40,95,14467,0,2,-3,0,36282,124,33,67,0,0,0,0,0,0,0,0,-32301,0,0,0,0,0,1303894,0
1303858,460,7940,772,20,39,94,14467,2,4,-2,0,36284,128,33,67,0,0,0,0,0,0,0,0,-32301,0,0,0,0,0,1303899,0
1303863,474,7894,754,24,27,92,14466,-5,4,-3,0,36284,128,33,67,0,0,0,0,0,0,0,0,-32300,0,0,0,0,0,1303904,0
1303868,518,7868,780,36,27,93,14467,-7,1,-5,0,36284,129,33,67,0,0,0,0,0,0,0,0,-32300,0,0,0,0,0,1303910,0
1303873,520,7906,802,36,17,89,14468,-2,1,-2,0,36284,129,33,67,0,0,0,0,0,0,0,0,-32301,0,0,0,0,0,1303915,0
1303878,524,7922,784,39,12,96,14469,2,0,-2,0,36285,123,33,67,0,0,0,0,0,0,0,0,-32301,0,0,0,0,0,1303920,0
1303883,508,7930,788,44,10,99,14468,8,-2,-1,0,36285,123,33,67,0,0,0,0,0,0,0,0,-32301,0,0,0,0,0,1303926,0
1303888,522,7910,788,46,5,111,14468,4,-1,-2,0,36285,130,33,67,0,0,0,0,0,0,0,0,-32301,0,0,0,0,0,1303931,0
1303893,548,7910,816,53,1,117,14468,1,1,-3,0,36285,130,33,67,0,0,0,0,0,0,0,0,-32300,0,0,0,0,0,1303936,0
1303898,550,7928,822,60,5,118,14470,6,1,-2,0,36285,131,33,67,0,0,0,0,0,0,0,0,-32301,0,0,0,0,0,1303941,0
1303903,582,7984,836,52,13,128,14468,5,1,-1,0,36285,131,33,67,0,0,0,0,0,0,0,0,-32301,0,0,0,0,0,1303947,0
1303908,538,7984,802,61,9,135,14469,8,-6,-2,0,36285,130,33,67,0,0,0,0,0,0,0,0,-32301,0,0,0,0,0,1303952,0
1303913,550,8008,796,61,9,132,14467,0,-5,-2,0,36285,130,33,67,0,0,0,0,0,0,0,0,-32301,0,0,0,0,0,1303958,0
1303918,562,8068,834,60,11,139,14467,-4,-2,-2,0,36284,129,33,67,0,0,0,0,0,0,0,0,-32301,0,0,0,0,0,1303963,0
1303923,548,8104,822,64,7,139,14469,-1,-4,-3,0,36284,129,33,67,0,0,0,0,0,0,0,0,-32300,0,0,0,0,0,1303968,0
1303928,532,8240,834,63,10,141,14468,3,-5,-1,0,36283,137,33,67,0,0,0,0,0,0,0,0,-32301,0,0,0,0,0,1303973,0
1303933,528,8244,840,64,13,140,14467,-3,-2,-1,0,36283,137,33,67,0,0,0,0,0,0,0,0,-32301,0,0,0,0,0,1303979,0
1303938,520,8286,792,59,4,141,14468,1,1,-1,0,36282,136,33,67,0,0,0,0,0,0,0,0,-32301,0,0,0,0,0,1303984,0
1303943,536,8290,806,65,3,146,14468,-3,0,-1,0,36282,136,33,67,0,0,0,0,0,0,0,0,-32301,0,0,0,0,0,1303990,0
1303948,512,8382,838,63,0,145,14468,-5,1,-1,0,36282,132,33,67,0,0,0,0,0,0,0,0,-32301,0,0,0,0,0,1303995,0
1303953,526,8412,826,58,-10,149,14469,7,-3,-3,0,36282,132,33,67,0,0,0,0,0,0,0,0,-32301,0,0,0,0,0,1304000,0
1303958,526,8414,826,62,-8,149,14468,0,0,-3,0,36282,130,33,67,0,0,0,0,0,0,0,0,-32300,0,0,0,0,0,1304005,0
1303963,550,8348,796,43,-11,153,14468,4,1,-3,0,36282,130,33,67,0,0,0,0,0,0,0,0,-32301,0,0,0,0,0,1304011,0
1303968,508,8302,790,50,-6,163,14468,0,-3,-2,0,36288,132,33,67,0,0,0,0,0,0,0,0,-32301,0,0,0,0,0,1304016,0
1303973,502,8226,790,43,-19,168,14468,2,-3,-1,0,36288,132,33,67,0,0,0,0,0,0,0,0,-32301,0,0,0,0,0,1304021,0
1303978,530,8268,808,55,-13,167,14467,-7,-2,-1,0,36288,135,33,67,0,0,0,0,0,0,0,0,-32301,0,0,0,0,0,1304027,0
1303983,454,8244,748,55,-14,173,14467,-5,0,-1,0,36288,135,33,67,0,0,0,0,0,0,0,0,-32301,0,0,0,0,0,1304032,0
1303988,584,8362,778,59,-21,168,14468,7,-3,-2,0,36288,120,33,67,0,0,0,0,0,0,0,0,-32301,0,0,0,0,0,1304037,0
1303993,498,8314,772,61,-29,175,14469,5,2,-2,0,36288,120,33,67,0,0,0,0,0,0,0,0,-32301,0,0,0,0,0,1304043,0
1303998,506,8344,778,62,-28,171,14469,5,0,-3,0,36287,123,33,67,0,0,0,0,0,0,0,0,-32300,0,0,0,0,0,1304048,0
1304003,516,8346,770,58,-31,177,14468,-3,-1,-3,0,36287,123,33,67,0,0,0,0,0,0,0,0,-32301,0,0,0,0,0,1304053,0
1304008,556,8320,778,72,-24,191,14468,3,-1,-2,0,36287,119,33,67,0,0,0,0,0,0,0,0,-32301,0,0,0,0,0,1304059,0
1304013,548,8268,770,79,-29,182,14468,0,-7,-1,0,36287,119,33,67,0,0,0,0,0,0,0,0,-32300,0,0,0,0,0,1304064,0
1304018,582,8264,760,71,-21,181,14469,12,0,-2,0,36287,121,33,67,0,0,0,0,0,0,0,0,-32301,0,0,0,0,0,1304069,0
1304023,592,8232,770,72,-24,183,14470,6,-1,-2,0,36287,121,33,67,0,0,0,0,0,0,0,0,-32301,0,0,0,0,0,1304075,0
1304028,570,8198,754,82,-17,179,14466,-9,1,-2,0,36284,126,33,67,0,0,0,0,0,0,0,0,-32301,0,0,0,0,0,1304080,0
1304033,576,8192,774,71,-9,178,14467,1,-3,-3,0,36284,126,33,67,0,0,0,0,0,0,0,0,-32301,0,0,0,0,0,1304085,0
1304038,606,8158,776,78,1,175,14468,-1,-5,-3,0,36283,134,33,67,0,0,0,0,0,0,0,0,-32301,0,0,0,0,0,1304091,0
1304043,604,8114,762,85,3,170,14468,-1,0,-2,0,36283,134,33,67,0,0,0,0,0,0,0,0,-32301,0,0,0,0,0,1304096,0
1304048,602,8056,770,85,4,165,14468,-2,-1,-3,0,36284,129,33,67,0,0,0,0,0,0,0,0,-32301,0,0,0,0,0,1304101,0
1304053,582,8064,802,84,11,156,14468,4,1,-3,0,36284,129,33,67,0,0,0,0,0,0,0,0,-32300,0,0,0,0,0,1304107,0
1304058,608,8026,790,85,12,150,14467,-2,-4,-1,0,36285,134,33,67,0,0,0,0,0,0,0,0,-32301,0,0,0,0,0,1304112,0
1304063,618,8044,788,85,25,146,14468,0,0,-3,0,36285,134,33,67,0,0,0,0,0,0,0,0,-32300,0,0,0,0,0,1304117,0
1304068,574,7956,800,85,31,145,14467,0,0,-3,0,36284,134,33,67,0,0,0,0,0,0,0,0,-32301,0,0,0,0,0,1304123,0
1304073,586,7934,820,85,36,145,14467,-3,7,-2,0,36284,134,33,67,0,0,0,0,0,0,0,0,-32301,0,0,0,0,0,1304128,0
1304078,594,7940,804,92,45,142,14468,-2,-7,-5,0,36289,127,33,67,0,0,0,0,0,0,0,0,-32301,0,0,0,0,0,1304133,0
1304083,564,7914,826,80,43,143,14467,0,-4,-2,0,36289,127,33,67,0,0,0,0,0,0,0,0,-32301,0,0,0,0,0,1304139,0
1304088,516,7892,802,82,52,136,14466,0,2,-1,0,36288,125,33,67,0,0,0,0,0,0,0,0,-32301,0,0,0,0,0,1304144,0
1304093,530,7868,814,78,55,142,14468,0,1,-1,0,36288,125,33,67,0,0,0,0,0,0,0,0,-32301,0,0,0,0,0,1304149,0
1304098,490,7844,816,84,56,133,14467,-1,1,-1,0,36288,124,33,67,0,0,0,0,0,0,0,0,-32301,0,0,0,0,0,1304155,0
1304103,500,7830,816,86,51,129,14468,4,1,-1,0,36288,124,33,67,0,0,0,0,0,0,0,0,-32301,0,0,0,0,0,1304160,0
1304108,460,7838,812,80,42,129,14468,7,1,-2,0,36282,131,33,67,0,0,0,0,0,0,0,0,-32301,0,0,0,0,0,1304165,0
1304113,500,7878,810,81,45,120,14468,5,2,-2,0,36282,131,33,67,0,0,0,0,0,0,0,0,-32301,0,0,0,0,0,1304171,0
1304118,484,7874,808,81,49,122,14468,1,0,-3,0,36282,136,33,67,0,0,0,0,0,0,0,0,-32300,0,0,0,0,0,1304176,0
1304123,492,7858,818,82,41,116,14467,-2,3,-2,0,36282,136,33,67,0,0,0,0,0,0,0,0,-32301,0,0,0,0,0,1304181,0
1304128,478,7866,834,77,46,112,14467,-2,-2,0,0,36283,131,33,67,0,0,0,0,0,0,0,0,-32300,0,0,0,0,0,1304186,0
1304133,498,7870,804,77,47,107,14468,1,-2,-2,0,36283,131,33,67,0,0,0,0,0,0,0,0,-32300,0,0,0,0,0,1304192,0
1304138,546,7866,802,81,45,106,14467,0,2,-2,0,36283,122,33,67,0,0,0,0,0,0,0,0,-32300,0,0,0,0,0,1304197,0
1304143,536,7890,810,76,36,111,14468,-5,-1,-3,0,36283,122,33,67,0,0,0,0,0,0,0,0,-32300,0,0,0,0,0,1304202,0
1304148,510,7858,810,74,42,106,14468,-1,1,-1,0,36282,123,33,67,0,0,0,0,0,0,0,0,-32300,0,0,0,0,0,1304208,0
1304153,530,7850,794,74,39,106,14468,0,0,-4,0,36282,123,33,67,0,0,0,0,0,0,0,0,-32301,0,0,0,0,0,1304213,0
1304158,550,7846,780,72,31,109,14467,0,0,-3,0,36281,123,33,67,0,0,0,0,0,0,0,0,-32301,0,0,0,0,0,1304219,0
1304163,540,7826,764,71,26,112,14467,1,0,-2,0,36281,123,33,67,0,0,0,0,0,0,0,0,-32301,0,0,0,0,0,1304224,0
1304168,546,7868,786,73,12,115,14469,3,6,-2,0,36281,131,33,67,0,0,0,0,0,0,0,0,-32301,0,0,0,0,0,1304229,0
1304173,556,7886,776,75,10,118,14468,-1,1,-2,0,36281,131,33,67,0,0,0,0,0,0,0,0,-32301,0,0,0,0,0,1304235,0
1304178,574,7896,758,71,0,122,14468,4,4,-3,0,36280,130,33,67,0,0,0,0,0,0,0,0,-32301,0,0,0,0,0,1304240,0
1304183,576,7890,750,82,-5,121,14468,4,-3,-2,0,36280,130,33,67,0,0,0,0,0,0,0,0,-32301,0,0,0,0,0,1304245,0
1304188,562,7876,730,78,-23,129,14468,2,2,-1,0,36286,123,33,67,0,0,0,0,0,0,0,0,-32301,0,0,0,0,0,1304251,0
1304193,570,7898,712,96,-36,131,14466,-2,-2,-1,0,36286,123,33,67,0,0,0,0,0,0,0,0,-32301,0,0,0,0,0,1304256,0
1304198,584,7966,718,96,-42,134,14466,-4,3,-2,0,36286,120,33,67,0,0,0,0,0,0,0,0,-32301,0,0,0,0,0,1304261,0
1304203,554,7974,716,93,-53,141,14467,-8,-4,-2,0,36286,120,33,67,0,0,0,0,0,0,0,0,-32301,0,0,0,0,0,1304267,0
1304208,564,7972,700,108,-72,140,14468,0,3,-3,0,36287,121,33,67,0,0,0,0,0,0,0,0,-32300,0,0,0,0,0,1304272,0
1304213,530,7976,678,112,-80,141,14466,-11,5,-3,0,36287,121,33,67,0,0,0,0,0,0,0,0,-32301,0,0,0,0,0,1304277,0
1304218,554,7992,682,117,-93,140,14468,-3,-2,-2,0,36285,127,33,67,0,0,0,0,0,0,0,0,-32300,0,0,0,0,0,1304283,0
1304223,532,8010,686,119,-108,144,14469,7,-3,-2,0,36285,127,33,67,0,0,0,0,0,0,0,0,-32301,0,0,0,0,0,1304288,0
1304228,514,8054,678,131,-132,137,14468,-4,1,-3,0,36287,132,33,67,0,0,0,0,0,0,0,0,-32301,0,0,0,0,0,1304293,0
1304233,552,8060,672,137,-140,138,14469,4,0,-2,0,36287,132,33,67,0,0,0,0,0,0,0,0,-32301,0,0,0,0,0,1304299,0
1304238,532,8042,668,138,-151,131,14467,1,-2,-2,0,36287,131,33,67,0,0,0,0,0,0,0,0,-32301,0,0,0,0,0,1304304,0
1304243,522,8066,684,135,-158,132,14468,-3,1,-1,0,36287,131,33,67,0,0,0,0,0,0,0,0,-32300,0,0,0,0,0,1304309,0
1304248,552,8178,698,143,-166,130,14469,4,-3,-1,0,36286,130,33,67,0,0,0,0,0,0,0,0,-32301,0,0,0,0,0,1304314,0
1304253,566,8214,716,149,-175,126,14468,-1,2,-2,0,36286,130,33,67,0,0,0,0,0,0,0,0,-32301,0,0,0,0,0,1304320,0
1304258,566,8230,702,155,-176,124,14468,1,0,-1,0,36284,129,33,67,0,0,0,0,0,0,0,0,-32300,0,0,0,0,0,1304325,0
1304263,576,8270,698,156,-178,129,14466,-9,-1,-1,0,36284,129,33,67,0,0,0,0,0,0,0,0,-32300,0,0,0,0,0,1304330,0
1304268,558,8250,706,146,-191,124,14468,3,4,-2,0,36285,139,33,67,0,0,0,0,0,0,0,0,-32301,0,0,0,0,0,1304336,0
1304273,594,8188,668,159,-179,126,14468,-1,1,-4,0,36285,139,33,67,0,0,0,0,0,0,0,0,-32300,0,0,0,0,0,1304341,0
1304278,592,8226,682,163,-187,123,14468,-3,3,-3,0,36283,138,33,67,0,0,0,0,0,0,0,0,-32300,0,0,0,0,0,1304346,0
1304283,582,8188,726,161,-197,118,14467,-8,-1,0,0,36283,138,33,67,0,0,0,0,0,0,0,0,-32300,0,0,0,0,0,1304352,0
1304288,580,8170,688,157,-195,116,14468,-1,2,0,0,36284,136,33,67,0,0,0,0,0,0,0,0,-32301,0,0,0,0,0,1304357,0
1304293,588,8182,706,159,-202,119,14467,-5,-6,-3,0,36284,136,33,67,0,0,0,0,0,0,0,0,-32301,0,0,0,0,0,1304362,0
1304298,626,8196,728,165,-202,117,14468,-3,4,-1,0,36284,128,33,67,0,0,0,0,0,0,0,0,-32301,0,0,0,0,0,1304368,0
1304303,646,8216,738,160,-203,114,14468,1,3,-1,0,36284,128,33,67,0,0,0,0,0,0,0,0,-32300,0,0,0,0,0,1304373,0
1304308,614,8124,718,164,-196,121,14468,-1,1,-2,0,36286,127,33,67,0,0,0,0,0,0,0,0,-32301,0,0,0,0,0,1304378,0
1304313,590,8114,722,158,-193,122,14468,0,1,-2,0,36286,127,33,67,0,0,0,0,0,0,0,0,-32301,0,0,0,0,0,1304384,0
1304318,598,8116,730,160,-206,121,14468,4,0,-3,0,36282,119,33,67,0,0,0,0,0,0,0,0,-32301,0,0,0,0,0,1304389,0
1304323,598,8130,736,153,-200,126,14467,-4,-2,-4,0,36282,119,33,67,0,0,0,0,0,0,0,0,-32300,0,0,0,0,0,1304394,0
1304328,588,8182,740,160,-187,120,14468,7,1,-3,0,36282,123,33,67,0,0,0,0,0,0,0,0,-32301,0,0,0,0,0,1304400,0
1304333,578,8154,758,160,-193,117,14467,-11,-4,-2,0,36282,123,33,67,0,0,0,0,0,0,0,0,-32300,0,0,0,0,0,1304405,0
1304338,552,8108,740,161,-190,122,14468,-1,3,-1,0,36282,125,33,67,0,0,0,0,0,0,0,0,-32301,0,0,0,0,0,1304411,0
1304343,550,8068,720,163,-188,111,14468,-1,-1,-3,0,36282,125,33,67,0,0,0,0,0,0,0,0,-32301,0,0,0,0,0,1304416,0
1304348,540,7974,744,165,-193,115,14467,3,0,-3,0,36281,125,33,67,0,0,0,0,0,0,0,0,-32301,0,0,0,0,0,1304422,0
1304353,560,7976,748,164,-184,110,14467,-12,-4,-2,0,36281,125,33,67,0,0,0,0,0,0,0,0,-32301,0,0,0,0,0,1304427,0
1304358,588,8022,758,167,-183,103,14467,-4,3,-2,0,36276,119,33,67,0,0,0,0,0,0,0,0,-32301,0,0,0,0,0,1304433,0
1304363,600,8040,774,169,-172,100,14467,-3,-1,-3,0,36276,119,33,67,0,0,0,0,0,0,0,0,-32301,0,0,0,0,0,1304438,0
1304368,608,8064,750,171,-161,93,14468,3,0,-2,0,36276,122,33,67,0,0,0,0,0,0,0,0,-32300,0,0,0,0,0,1304443,0
1304373,602,8042,740,178,-154,85,14469,2,1,-1,0,36276,122,33,67,0,0,0,0,0,0,0,0,-32300,0,0,0,0,0,1304449,0
1304378,584,8012,704,182,-152,85,14468,3,3,-3,0,36278,129,33,67,0,0,0,0,0,0,0,0,-32301,0,0,0,0,0,1304454,0
1304383,580,7968,740,179,-145,81,14468,4,2,-1,0,36278,129,33,67,0,0,0,0,0,0,0,0,-32300,0,0,0,0,0,1304459,0
1304388,594,7946,716,186,-142,77,14468,0,3,0,0,36282,125,33,67,0,0,0,0,0,0,0,0,-32301,0,0,0,0,0,1304465,0
1304393,592,7874,772,188,-136,75,14467,-5,1,-3,0,36282,125,33,67,0,0,0,0,0,0,0,0,-32301,0,0,0,0,0,1304470,0
1304398,612,7942,762,188,-133,72,14468,2,1,-1,0,36286,133,33,67,0,0,0,0,0,0,0,0,-32300,0,0,0,0,0,1304475,0
1304403,610,7918,766,189,-130,72,14468,-5,0,-1,0,36286,133,33,67,0,0,0,0,0,0,0,0,-32301,0,0,0,0,0,1304481,0
1304408,622,7936,796,195,-122,66,14467,3,-3,-2,0,36287,129,33,67,0,0,0,0,0,0,0,0,-32301,0,0,0,0,0,1304487,0
1304413,600,7918,774,193,-119,68,14467,-4,-4,-2,0,36287,129,33,67,0,0,0,0,0,0,0,0,-32300,0,0,0,0,0,1304492,0
1304418,586,7948,786,189,-115,70,14468,-2,0,-2,0,36288,136,33,67,0,0,0,0,0,0,0,0,-32301,0,0,0,0,0,1304498,0
1304423,554,7970,788,197,-112,71,14468,2,0,-2,0,36288,136,33,67,0,0,0,0,0,0,0,0,-32301,0,0,0,0,0,1304503,0
1304428,550,7952,762,196,-110,76,14468,1,0,-1,0,36284,134,33,67,0,0,0,0,0,0,0,0,-32301,0,0,0,0,0,1304508,0
1304433,560,7942,762,190,-114,84,14468,-2,-4,-2,0,36284,134,33,67,0,0,0,0,0,0,0,0,-32301,0,0,0,0,0,1304514,0
1304438,544,7960,758,189,-115,85,14467,0,3,0,0,36283,135,33,67,0,0,0,0,0,0,0,0,-32301,0,0,0,0,0,1304519,0
1304443,590,7958,764,189,-113,82,14469,3,-1,-1,0,36283,135,33,67,0,0,0,0,0,0,0,0,-32301,0,0,0,0,0,1304524,0
1304448,546,7982,770,189,-113,82,14468,-1,-2,-2,0,36284,130,33,67,0,0,0,0,0,0,0,0,-32301,0,0,0,0,0,1304530,0
1304453,564,8004,760,186,-109,89,14468,-1,-1,-2,0,36284,130,33,67,0,0,0,0,0,0,0,0,-32300,0,0,0,0,0,1304535,0
1304458,570,8010,750,189,-108,84,14467,0,-3,-3,0,36288,133,33,67,0,0,0,0,0,0,0,0,-32301,0,0,0,0,0,1304540,0
1304463,596,7940,724,191,-94,83,14468,-1,-3,-3,0,36288,133,33,67,0,0,0,0,0,0,0,0,-32301,0,0,0,0,0,1304545,0
1304468,544,7846,696,199,-88,92,14467,0,-2,-3,0,36288,120,33,67,0,0,0,0,0,0,0,0,-32301,0,0,0,0,0,1304551,0
1304473,506,7892,732,196,-85,88,14467,0,-6,-2,0,36288,120,33,67,0,0,0,0,0,0,0,0,-32301,0,0,0,0,0,1304556,0
1304478,536,7942,728,203,-77,85,14467,-2,1,-2,0,36288,118,33,67,0,0,0,0,0,0,0,0,-32301,0,0,0,0,0,1304561,0
1304483,558,7988,712,198,-80,86,14469,-1,0,-2,0,36288,118,33,67,0,0,0,0,0,0,0,0,-32301,0,0,0,0,0,1304567,0
1304488,512,7956,730,203,-68,76,14468,5,-1,-2,0,36286,117,33,67,0,0,0,0,0,0,0,0,-32301,0,0,0,0,0,1304572,0
1304493,506,7848,658,209,-67,71,14467,-2,-6,1,0,36286,117,33,67,0,0,0,0,0,0,0,0,-32300,0,0,0,0,0,1304578,0
1304498,530,7968,752,214,-60,70,14468,1,3,0,0,36292,115,33,67,0,0,0,0,0,0,0,0,-32301,0,0,0,0,0,1304585,0
1304503,550,8086,778,209,-67,56,14469,3,3,-2,0,36292,115,33,67,0,0,0,0,0,0,0,0,-32301,0,0,0,0,0,1304589,0
1304508,536,8110,722,220,-61,38,14468,-3,2,-1,0,36287,116,33,67,0,0,0,0,0,0,0,0,-32300,0,0,0,0,0,1304594,0
1304513,520,8104,718,219,-66,33,14467,-5,-2,-3,0,36287,116,33,67,0,0,0,0,0,0,0,0,-32301,0,0,0,0,0,1304600,0
1304518,530,8128,750,210,-67,28,14468,5,2,-4,0,36282,121,33,67,0,0,0,0,0,0,0,0,-32300,0,0,0,0,0,1304608,0
1304523,510,8094,776,213,-70,21,14467,-7,-4,-3,0,36282,121,33,67,0,0,0,0,0,0,0,0,-32301,0,0,0,0,0,1304612,0
1304528,548,7940,792,217,-72,17,14468,1,4,-2,0,36269,129,33,67,0,0,0,0,0,0,0,0,-32301,0,0,0,0,0,1304613,0
1304533,586,7938,778,209,-74,9,14468,2,1,-3,0,36269,129,33,67,0,0,0,0,0,0,0,0,-32301,0,0,0,0,0,1304618,0
1304538,588,7890,784,208,-77,3,14470,11,4,-2,0,36261,129,33,67,0,0,0,0,0,0,0,0,-32301,0,0,0,0,0,1304624,0
1304543,602,7904,798,202,-64,-9,14468,2,-3,-2,0,36261,129,33,67,0,0,0,0,0,0,0,0,-32301,0,0,0,0,0,1304629,0
1304548,612,7860,836,198,-68,-18,14467,-4,-3,-3,0,36262,127,33,67,0,0,0,0,0,0,0,0,-32301,0,0,0,0,0,1304634,0
1304553,598,7822,822,192,-68,-29,14469,6,2,-3,0,36262,127,33,67,0,0,0,0,0,0,0,0,-32301,0,0,0,0,0,1304640,0
1304558,630,7828,832,196,-68,-37,14467,2,-5,-1,0,36264,126,33,67,0,0,0,0,0,0,0,0,-32301,0,0,0,0,0,1304645,0
1304563,662,7824,826,186,-71,-42,14468,-2,-3,-2,0,36264,126,33,67,0,0,0,0,0,0,0,0,-32301,0,0,0,0,0,1304650,0
1304568,652,7830,824,172,-78,-51,14467,-5,-1,-2,0,36269,133,33,67,0,0,0,0,0,0,0,0,-32300,0,0,0,0,0,1304656,0
1304573,680,7868,820,170,-83,-51,14468,0,-1,-3,0,36269,133,33,67,0,0,0,0,0,0,0,0,-32301,0,0,0,0,0,1304661,0
1304578,692,7878,832,171,-81,-53,14468,0,-3,-2,0,36269,123,33,67,0,0,0,0,0,0,0,0,-32301,0,0,0,0,0,1304667,0
1304583,696,7912,850,163,-81,-52,14467,-2,-1,-2,0,36269,123,33,67,0,0,0,0,0,0,0,0,-32300,0,0,0,0,0,1304672,0
1304588,728,7894,806,157,-94,-54,14467,-5,0,-1,0,36272,127,33,67,0,0,0,0,0,0,0,0,-32300,0,0,0,0,0,1304677,0
1304593,762,7880,818,158,-93,-49,14469,-1,-4,0,0,36272,127,33,67,0,0,0,0,0,0,0,0,-32301,0,0,0,0,0,1304683,0
1304598,744,7940,816,155,-102,-46,14468,2,-1,-1,0,36282,130,33,67,0,0,0,0,0,0,0,0,-32301,0,0,0,0,0,1304688,0
1304603,772,7932,800,156,-105,-47,14468,1,-1,-2,0,36282,130,33,67,0,0,0,0,0,0,0,0,-32300,0,0,0,0,0,1304693,0
1304608,850,7930,816,146,-119,-36,14469,-1,-6,-3,0,36287,133,33,67,0,0,0,0,0,0,0,0,-32301,0,0,0,0,0,1304699,0
1304613,872,7920,796,147,-121,-31,14467,0,-2,-3,0,36287,133,33,67,0,0,0,0,0,0,0,0,-32300,0,0,0,0,0,1304704,0
1304618,878,7922,812,148,-131,-26,14468,1,2,-3,0,36288,126,33,67,0,0,0,0,0,0,0,0,-32300,0,0,0,0,0,1304709,0
1304623,904,7924,818,144,-131,-23,14468,3,-3,-4,0,36288,126,33,67,0,0,0,0,0,0,0,0,-32300,0,0,0,0,0,1304715,0
1304628,980,7974,812,146,-141,-15,14468,-1,3,-3,0,36283,124,33,67,0,0,0,0,0,0,0,0,-32301,0,0,0,0,0,1304720,0
1304633,1008,7972,784,141,-147,-6,14468,4,4,-3,0,36283,124,33,67,0,0,0,0,0,0,0,0,-32301,0,0,0,0,0,1304725,0
1304638,1006,7976,800,147,-144,6,14468,2,-2,-3,0,36282,124,33,67,0,0,0,0,0,0,0,0,-32301,0,0,0,0,0,1304731,0
1304643,1012,7826,730,143,-140,14,14469,-8,-2,-2,0,36282,124,33,67,0,0,0,0,0,0,0,0,-32301,0,0,0,0,0,1304736,0
1304648,888,7588,758,158,-165,37,14468,-5,-2,-1,0,36282,126,33,67,0,0,0,0,0,0,0,0,-32300,0,0,0,0,0,1304741,0
1304653,1050,7722,718,164,-152,46,14467,-5,3,0,0,36282,126,33,67,0,0,0,0,0,0,0,0,-32301,0,0,0,0,0,1304747,0
1304658,1128,7904,684,167,-151,41,14468,-3,-5,0,0,36283,124,33,67,0,0,0,0,0,0,0,0,-32301,0,0,0,0,0,1304752,0
1304663,1114,7986,662,171,-142,38,14468,0,-3,-3,0,36283,124,33,67,0,0,0,0,0,0,0,0,-32300,0,0,0,0,0,1304757,0
1304668,1010,8256,674,179,-140,34,14469,-3,2,-2,0,36284,135,33,67,0,0,0,0,0,0,0,0,-32301,0,0,0,0,0,1304763,0
1304673,968,8304,644,180,-151,35,14469,0,1,-3,0,36284,135,33,67,0,0,0,0,0,0,0,0,-32300,0,0,0,0,0,1304768,0
1304678,972,8376,632,188,-156,43,14468,6,4,-2,0,36285,138,33,67,0,0,0,0,0,0,0,0,-32300,0,0,0,0,0,1304773,0
1304683,966,8466,644,195,-166,50,14468,-2,1,-2,0,36285,138,33,67,0,0,0,0,0,0,0,0,-32301,0,0,0,0,0,1304779,0
1304688,1022,8598,668,206,-171,76,14469,0,-5,-2,0,36286,132,33,67,0,0,0,0,0,0,0,0,-32301,0,0,0,0,0,1304784,0
1304693,1002,8662,690,208,-177,80,14468,1,7,-1,0,36286,132,33,67,0,0,0,0,0,0,0,0,-32301,0,0,0,0,0,1304789,0
1304698,1006,8732,696,212,-178,101,14468,-8,3,-1,0,36289,131,33,67,0,0,0,0,0,0,0,0,-32300,0,0,0,0,0,1304795,0
1304703,1030,8764,674,219,-181,105,14468,-2,0,0,0,36289,131,33,67,0,0,0,0,0,0,0,0,-32301,0,0,0,0,0,1304800,0
1304708,1086,8834,722,217,-192,131,14469,3,0,-2,0,36291,127,33,67,0,0,0,0,0,0,0,0,-32301,0,0,0,0,0,1304806,0
1304713,1094,8920,744,218,-188,140,14470,3,5,-3,0,36291,127,33,67,0,0,0,0,0,0,0,0,-32300,0,0,0,0,0,1304811,0
1304718,1066,8932,754,218,-195,146,14468,-2,1,-2,0,36289,129,33,67,0,0,0,0,0,0,0,0,-32301,0,0,0,0,0,1304816,0
1304723,1060,8848,762,210,-200,162,14468,-1,4,-3,0,36289,129,33,67,0,0,0,0,0,0,0,0,-32300,0,0,0,0,0,1304821,0
1304728,1068,8658,798,191,-201,187,14469,0,-4,-2,0,36287,135,33,67,0,0,0,0,0,0,0,0,-32301,0,0,0,0,0,1304827,0
1304733,1034,8574,822,183,-198,196,14469,-4,0,-2,0,36287,135,33,67,0,0,0,0,0,0,0,0,-32301,0,0,0,0,0,1304832,0
1304738,1088,8486,866,181,-188,211,14470,10,2,-2,0,36282,129,33,67,0,0,0,0,0,0,0,0,-32301,0,0,0,0,0,1304838,0
1304743,1082,8438,880,169,-177,212,14469,1,-1,-1,0,36282,129,33,67,0,0,0,0,0,0,0,0,-32301,0,0,0,0,0,1304843,0
1304748,1034,8372,878,151,-151,221,14469,-5,-1,-3,0,36282,130,33,67,0,0,0,0,0,0,0,0,-32301,0,0,0,0,0,1304848,0
1304753,1024,8328,866,148,-142,215,14469,5,-3,-1,0,36282,130,33,67,0,0,0,0,0,0,0,0,-32301,0,0,0,0,0,1304853,0
1304758,968,8296,846,134,-133,217,14469,-2,-1,-1,0,36282,130,33,67,0,0,0,0,0,0,0,0,-32301,0,0,0,0,0,1304859,0
1304763,942,8308,846,125,-125,215,14469,2,-1,-2,0,36282,130,33,67,0,0,0,0,0,0,0,0,-32301,0,0,0,0,0,1304864,0
1304768,916,8230,870,107,-118,200,14469,6,0,-2,0,36282,127,33,67,0,0,0,0,0,0,0,0,-32301,0,0,0,0,0,1304869,0
1304773,918,8240,864,102,-113,194,14470,3,2,-2,0,36282,127,33,67,0,0,0,0,0,0,0,0,-32301,0,0,0,0,0,1304875,0
1304778,872,8200,844,88,-114,191,14469,-4,-5,-3,0,36282,127,33,67,0,0,0,0,0,0,0,0,-32301,0,0,0,0,0,1304880,0
1304783,874,8178,858,79,-107,188,14469,-2,0,-2,0,36282,127,33,67,0,0,0,0,0,0,0,0,-32300,0,0,0,0,0,1304885,0
1304788,852,8170,856,71,-91,188,14469,0,-1,-2,0,36282,128,33,67,0,0,0,0,0,0,0,0,-32300,0,0,0,0,0,1304891,0
1304793,854,8162,834,66,-87,184,14469,3,2,-4,0,36282,128,33,67,0,0,0,0,0,0,0,0,-32300,0,0,0,0,0,1304896,0
1304798,846,8126,834,65,-82,186,14469,-2,-2,-5,0,36282,121,33,67,0,0,0,0,0,0,0,0,-32301,0,0,0,0,0,1304901,0
1304803,862,8132,812,63,-77,184,14470,0,-4,-6,0,36282,121,33,67,0,0,0,0,0,0,0,0,-32301,0,0,0,0,0,1304907,0
1304808,866,8082,776,59,-79,185,14469,7,2,-2,0,36284,115,33,67,0,0,0,0,0,0,0,0,-32300,0,0,0,0,0,1304912,0
1304813,842,8052,772,58,-83,183,14469,1,2,-2,0,36284,115,33,67,0,0,0,0,0,0,0,0,-32301,0,0,0,0,0,1304917,0
1304818,894,8044,788,67,-83,185,14469,4,0,-4,0,36285,126,33,67,0,0,0,0,0,0,0,0,-32301,0,0,0,0,0,1304923,0
1304823,908,8062,764,60,-83,188,14469,0,1,-2,0,36285,126,33,67,0,0,0,0,0,0,0,0,-32301,0,0,0,0,0,1304928,0
1304828,938,8022,770,64,-90,192,14468,-3,-3,-1,0,36296,130,33,67,0,0,0,0,0,0,0,0,-32301,0,0,0,0,0,1304933,0
1304833,972,8020,788,65,-84,202,14470,8,-3,-3,0,36296,130,33,67,0,0,0,0,0,0,0,0,-32301,0,0,0,0,0,1304939,0
1304838,960,7992,744,64,-89,207,14469,2,1,-1,0,36294,130,33,67,0,0,0,0,0,0,0,0,-32301,0,0,0,0,0,1304944,0
1304843,980,7974,770,67,-91,213,14470,7,2,-2,0,36294,130,33,67,0,0,0,0,0,0,0,0,-32301,0,0,0,0,0,1304949,0
1304848,990,7978,778,71,-79,228,14469,-3,0,-3,0,36296,129,33,67,0,0,0,0,0,0,0,0,-32301,0,0,0,0,0,1304955,0
1304853,984,7998,772,75,-80,235,14469,0,-3,-3,0,36296,129,33,67,0,0,0,0,0,0,0,0,-32301,0,0,0,0,0,1304960,0
1304858,1002,8002,784,84,-74,246,14469,-1,-1,-2,0,36286,131,33,67,0,0,0,0,0,0,0,0,-32301,0,0,0,0,0,1304965,0
1304863,980,7968,796,75,-70,250,14468,-4,-2,-2,0,36286,131,33,67,0,0,0,0,0,0,0,0,-32300,0,0,0,0,0,1304971,0
1304868,948,8010,804,79,-58,259,14470,7,-1,-1,0,36282,136,33,67,0,0,0,0,0,0,0,0,-32301,0,0,0,0,0,1304976,0
1304873,932,7994,846,75,-56,269,14470,8,3,-2,0,36282,136,33,67,0,0,0,0,0,0,0,0,-32300,0,0,0,0,0,1304981,0
1304878,952,8002,810,71,-51,270,14469,0,5,-1,0,36279,136,33,67,0,0,0,0,0,0,0,0,-32300,0,0,0,0,0,1304986,0
1304883,890,8008,830,80,-49,272,14469,0,-4,0,0,36279,136,33,67,0,0,0,0,0,0,0,0,-32300,0,0,0,0,0,1304991,0
1304888,876,8010,844,67,-39,278,14469,0,-3,-2,0,36278,133,33,67,0,0,0,0,0,0,0,0,-32301,0,0,0,0,0,1304997,0
1304893,836,7972,822,69,-38,275,14468,0,-4,-2,0,36278,133,33,67,0,0,0,0,0,0,0,0,-32301,0,0,0,0,0,1305002,0
1304898,842,8026,836,59,-35,272,14470,7,0,-1,0,36279,139,33,67,0,0,0,0,0,0,0,0,-32300,0,0,0,0,0,1305007,0
1304903,832,8002,854,58,-33,274,14468,0,1,1,0,36279,139,33,67,0,0,0,0,0,0,0,0,-32301,0,0,0,0,0,1305013,0
1304908,798,7982,850,55,-33,267,14469,-2,1,0,0,36288,145,33,67,0,0,0,0,0,0,0,0,-32301,0,0,0,0,0,1305018,0
1304913,782,7960,878,40,-32,265,14468,-7,-2,-4,0,36288,145,33,67,0,0,0,0,0,0,0,0,-32301,0,0,0,0,0,1305023,0
1304918,778,7984,862,34,-24,260,14469,0,-2,-3,0,36290,143,33,67,0,0,0,0,0,0,0,0,-32301,0,0,0,0,0,1305029,0
1304923,750,7986,854,27,-22,257,14469,-5,-4,-2,0,36290,143,33,67,0,0,0,0,0,0,0,0,-32301,0,0,0,0,0,1305034,0
1304928,750,7922,838,16,-20,240,14469,0,0,-2,0,36289,135,33,67,0,0,0,0,0,0,0,0,-32301,0,0,0,0,0,1305039,0
1304933,768,7882,834,11,-23,237,14470,0,0,-3,0,36289,135,33,67,0,0,0,0,0,0,0,0,-32300,0,0,0,0,0,1305045,0
1304938,758,7868,856,-1,-24,229,14468,-6,2,-1,0,36283,133,33,67,0,0,0,0,0,0,0,0,-32301,0,0,0,0,0,1305050,0
1304943,774,7886,850,-6,-26,227,14468,-5,-1,-3,0,36283,133,33,67,0,0,0,0,0,0,0,0,-32301,0,0,0,0,0,1305055,0
1304948,750,7908,844,-21,-17,218,14468,-4,0,-4,0,36281,123,33,67,0,0,0,0,0,0,0,0,-32301,0,0,0,0,0,1305061,0
1304953,760,7904,820,-26,-17,210,14469,-4,-1,-2,0,36281,123,33,67,0,0,0,0,0,0,0,0,-32301,0,0,0,0,0,1305066,0
1304958,752,7930,826,-33,-14,205,14468,-3,4,-1,0,36279,126,33,67,0,0,0,0,0,0,0,0,-32300,0,0,0,0,0,1305071,0
1304963,758,7912,796,-38,-15,202,14468,-6,2,-1,0,36279,126,33,67,0,0,0,0,0,0,0,0,-32300,0,0,0,0,0,1305076,0
1304968,758,7908,778,-47,-17,195,14468,-5,-2,-2,0,36281,128,33,67,0,0,0,0,0,0,0,0,-32301,0,0,0,0,0,1305082,0
1304973,750,7932,768,-53,-12,186,14468,-3,3,-2,0,36281,128,33,67,0,0,0,0,0,0,0,0,-32300,0,0,0,0,0,1305087,0
1304978,744,7914,742,-57,-17,185,14469,0,5,-1,0,36281,132,33,67,0,0,0,0,0,0,0,0,-32301,0,0,0,0,0,1305093,0
1304983,750,7930,730,-57,-10,184,14469,-1,2,0,0,36281,132,33,67,0,0,0,0,0,0,0,0,-32301,0,0,0,0,0,1305098,0
1304988,762,7942,710,-60,-16,180,14469,0,1,-1,0,36280,126,33,67,0,0,0,0,0,0,0,0,-32301,0,0,0,0,0,1305103,0
1304993,780,7962,716,-68,-13,181,14469,5,-2,-1,0,36280,126,33,67,0,0,0,0,0,0,0,0,-32301,0,0,0,0,0,1305109,0
1304998,746,7938,684,-66,-15,174,14469,2,2,-2,0,36279,120,33,67,0,0,0,0,0,0,0,0,-32301,0,0,0,0,0,1305114,0
1305003,752,7936,702,-61,-12,177,14469,-1,-1,-3,0,36279,120,33,67,0,0,0,0,0,0,0,0,-32300,0,0,0,0,0,1305119,0
1305008,722,7968,638,-58,-15,175,14468,-2,-1,0,0,36282,115,33,67,0,0,0,0,0,0,0,0,-32301,0,0,0,0,0,1305125,0
1305013,744,7946,614,-55,-15,170,14469,0,0,-1,0,36282,115,33,67,0,0,0,0,0,0,0,0,-32301,0,0,0,0,0,1305130,0
1305018,720,7944,592,-54,-18,167,14469,1,-1,-3,0,36286,117,33,67,0,0,0,0,0,0,0,0,-32300,0,0,0,0,0,1305135,0
1305023,734,7934,590,-49,-24,165,14469,0,1,-1,0,36286,117,33,67,0,0,0,0,0,0,0,0,-32301,0,0,0,0,0,1305140,0
1305028,746,7944,562,-37,-29,154,14469,0,-2,-1,0,36285,115,33,67,0,0,0,0,0,0,0,0,-32301,0,0,0,0,0,1305146,0
1305033,744,7988,546,-34,-34,149,14469,-1,0,-2,0,36285,115,33,67,0,0,0,0,0,0,0,0,-32300,0,0,0,0,0,1305151,0
1305038,762,8012,560,-27,-34,145,14470,4,1,-3,0,36286,128,33,67,0,0,0,0,0,0,0,0,-32300,0,0,0,0,0,1305157,0
1305043,774,8006,546,-22,-31,142,14470,1,1,-3,0,36286,128,33,67,0,0,0,0,0,0,0,0,-32301,0,0,0,0,0,1305162,0
1305048,762,8042,516,-8,-45,132,14470,3,0,-3,0,36282,137,33,67,0,0,0,0,0,0,0,0,-32301,0,0,0,0,0,1305167,0
1305053,762,8016,500,-7,-49,130,14468,-3,-2,-2,0,36282,137,33,67,0,0,0,0,0,0,0,0,-32301,0,0,0,0,0,1305172,0
1305058,784,8006,512,-2,-49,126,14469,1,-1,-2,0,36282,135,33,67,0,0,0,0,0,0,0,0,-32300,0,0,0,0,0,1305178,0
1305063,798,8032,512,10,-50,122,14469,0,-7,-1,0,36282,135,33,67,0,0,0,0,0,0,0,0,-32301,0,0,0,0,0,1305183,0
1305068,844,8046,544,24,-50,118,14469,3,5,-2,0,36281,133,33,67,0,0,0,0,0,0,0,0,-32301,0,0,0,0,0,1305188,0
1305073,856,8076,506,22,-47,112,14469,-2,-1,-1,0,36281,133,33,67,0,0,0,0,0,0,0,0,-32301,0,0,0,0,0,1305194,0
1305078,826,8066,514,30,-53,107,14470,4,-4,-3,0,36281,133,33,67,0,0,0,0,0,0,0,0,-32301,0,0,0,0,0,1305199,0
1305083,842,8022,518,36,-42,102,14468,0,-1,-2,0,36281,133,33,67,0,0,0,0,0,0,0,0,-32301,0,0,0,0,0,1305204,0
1305088,832,8042,516,41,-52,98,14468,3,3,-2,0,36281,132,33,67,0,0,0,0,0,0,0,0,-32301,0,0,0,0,0,1305210,0
1305093,862,8022,540,45,-51,99,14470,9,-1,-2,0,36281,132,33,67,0,0,0,0,0,0,0,0,-32301,0,0,0,0,0,1305215,0
1305098,846,8038,538,44,-41,97,14470,1,2,-1,0,36281,132,33,67,0,0,0,0,0,0,0,0,-32301,0,0,0,0,0,1305220,0
1305103,888,8030,554,50,-45,94,14469,0,2,-1,0,36281,132,33,67,0,0,0,0,0,0,0,0,-32300,0,0,0,0,0,1305226,0
1305108,874,8028,530,51,-37,91,14469,-1,0,-1,0,36282,121,33,67,0,0,0,0,0,0,0,0,-32301,0,0,0,0,0,1305231,0
1305113,912,8056,540,54,-39,83,14469,0,-6,-5,0,36282,121,33,67,0,0,0,0,0,0,0,0,-32301,0,0,0,0,0,1305237,0
1305118,900,8060,530,59,-37,82,14469,6,-2,-3,0,36285,128,33,67,0,0,0,0,0,0,0,0,-32301,0,0,0,0,0,1305242,0
1305123,912,8074,530,61,-37,82,14469,0,1,-2,0,36285,128,33,67,0,0,0,0,0,0,0,0,-32300,0,0,0,0,0,1305247,0
1305128,884,8088,530,61,-26,78,14468,-3,-1,-1,0,36285,130,33,67,0,0,0,0,0,0,0,0,-32300,0,0,0,0,0,1305252,0
1305133,894,8104,534,68,-25,79,14470,0,0,-1,0,36285,130,33,67,0,0,0,0,0,0,0,0,-32300,0,0,0,0,0,1305258,0
1305138,898,8096,520,67,-24,78,14468,-2,-1,-2,0,36284,136,33,67,0,0,0,0,0,0,0,0,-32300,0,0,0,0,0,1305263,0
1305143,916,8054,506,64,-20,83,14470,0,-2,-1,0,36284,136,33,67,0,0,0,0,0,0,0,0,-32301,0,0,0,0,0,1305268,0
1305148,926,8060,536,75,-21,81,14467,-10,-3,-1,0,36282,130,33,67,0,0,0,0,0,0,0,0,-32300,0,0,0,0,0,1305274,0
1305153,920,8038,538,81,-17,80,14469,-1,2,-3,0,36282,130,33,67,0,0,0,0,0,0,0,0,-32301,0,0,0,0,0,1305279,0
1305158,952,8030,542,82,-15,76,14469,0,1,-2,0,36284,129,33,67,0,0,0,0,0,0,0,0,-32301,0,0,0,0,0,1305284,0
1305163,928,7984,526,85,-12,79,14469,-1,1,-1,0,36284,129,33,67,0,0,0,0,0,0,0,0,-32300,0,0,0,0,0,1305290,0
1305168,932,7950,522,97,-15,74,14468,-8,-4,-2,0,36281,126,33,67,0,0,0,0,0,0,0,0,-32301,0,0,0,0,0,1305295,0
1305173,944,7918,508,103,-19,74,14470,9,3,-2,0,36281,126,33,67,0,0,0,0,0,0,0,0,-32301,0,0,0,0,0,1305301,0
1305178,924,7908,514,111,-19,73,14470,4,-3,-2,0,36279,126,33,67,0,0,0,0,0,0,0,0,-32301,0,0,0,0,0,1305306,0
1305183,952,7896,528,113,-19,76,14469,5,4,0,0,36279,126,33,67,0,0,0,0,0,0,0,0,-32300,0,0,0,0,0,1305311,0
1305188,952,7912,504,126,-21,73,14469,-2,-3,-2,0,36280,123,33,67,0,0,0,0,0,0,0,0,-32300,0,0,0,0,0,1305316,0
1305193,972,7880,514,129,-13,76,14469,1,-1,-1,0,36280,123,33,67,0,0,0,0,0,0,0,0,-32301,0,0,0,0,0,1305322,0
1305198,938,7874,492,141,-25,77,14469,3,-2,-3,0,36282,113,33,67,0,0,0,0,0,0,0,0,-32301,0,0,0,0,0,1305327,0
1305203,958,7842,498,143,-30,75,14469,5,0,-3,0,36282,113,33,67,0,0,0,0,0,0,0,0,-32301,0,0,0,0,0,1305332,0
1305208,966,7870,508,158,-32,75,14469,4,-2,-3,0,36283,123,33,67,0,0,0,0,0,0,0,0,-32300,0,0,0,0,0,1305338,0
1305213,996,7870,498,159,-35,79,14468,0,3,-2,0,36283,123,33,67,0,0,0,0,0,0,0,0,-32301,0,0,0,0,0,1305343,0
1305218,1024,7896,484,172,-33,76,14469,0,0,-1,0,36287,139,33,67,0,0,0,0,0,0,0,0,-32301,0,0,0,0,0,1305348,0
1305223,1006,7906,492,174,-33,70,14468,-6,-3,-2,0,36287,139,33,67,0,0,0,0,0,0,0,0,-32301,0,0,0,0,0,1305354,0
1305228,1068,7958,506,187,-41,67,14470,12,1,-2,0,36286,145,33,67,0,0,0,0,0,0,0,0,-32300,0,0,0,0,0,1305359,0
1305233,1046,7986,514,187,-50,70,14469,-1,-5,-3,0,36286,145,33,67,0,0,0,0,0,0,0,0,-32300,0,0,0,0,0,1305364,0
1305238,1044,8004,512,194,-52,71,14470,9,1,-2,0,36285,142,33,67,0,0,0,0,0,0,0,0,-32300,0,0,0,0,0,1305370,0
1305243,1046,8048,516,192,-56,83,14469,0,-2,-3,0,36285,142,33,67,0,0,0,0,0,0,0,0,-32301,0,0,0,0,0,1305375,0
1305248,1050,8070,532,201,-57,81,14469,0,2,-3,0,36281,127,33,67,0,0,0,0,0,0,0,0,-32301,0,0,0,0,0,1305380,0
1305253,1060,8080,566,199,-57,86,14469,-1,-7,-3,0,36281,127,33,67,0,0,0,0,0,0,0,0,-32300,0,0,0,0,0,1305386,0
1305258,1084,8080,582,204,-52,103,14469,1,-2,-3,0,36282,137,33,67,0,0,0,0,0,0,0,0,-32300,0,0,0,0,0,1305391,0
1305263,1078,8060,578,204,-48,100,14469,3,-2,-2,0,36282,137,33,67,0,0,0,0,0,0,0,0,-32301,0,0,0,0,0,1305396,0
1305268,1144,8018,596,212,-42,108,14468,-5,1,-2,0,36282,140,33,67,0,0,0,0,0,0,0,0,-32301,0,0,0,0,0,1305402,0
1305273,1118,8014,624,201,-41,107,14468,0,1,-2,0,36282,140,33,67,0,0,0,0,0,0,0,0,-32301,0,0,0,0,0,1305407,0
1305278,1122,7976,634,210,-28,107,14469,1,-1,-2,0,36282,131,33,67,0,0,0,0,0,0,0,0,-32300,0,0,0,0,0,1305412,0
1305283,1126,7958,624,202,-24,106,14469,-2,-1,-1,0,36282,131,33,67,0,0,0,0,0,0,0,0,-32300,0,0,0,0,0,1305418,0
1305288,1106,7902,650,206,-10,104,14469,-2,3,-1,0,36281,120,33,67,0,0,0,0,0,0,0,0,-32301,0,0,0,0,0,1305423,0
1305293,1108,7936,668,202,-6,99,14469,5,2,-3,0,36281,120,33,67,0,0,0,0,0,0,0,0,-32301,0,0,0,0,0,1305428,0
1305298,1084,7924,654,202,-2,98,14469,2,0,-3,0,36281,117,33,67,0,0,0,0,0,0,0,0,-32301,0,0,0,0,0,1305434,0
1305303,1082,7904,660,197,5,100,14469,3,-1,-2,0,36281,117,33,67,0,0,0,0,0,0,0,0,-32301,0,0,0,0,0,1305439,0
1305308,1036,7902,658,193,5,91,14468,-2,-1,-1,0,36281,120,33,67,0,0,0,0,0,0,0,0,-32301,0,0,0,0,0,1305445,0
1305313,1028,7890,664,196,7,95,14469,-5,-1,-2,0,36281,120,33,67,0,0,0,0,0,0,0,0,-32300,0,0,0,0,0,1305450,0
1305318,1040,7860,662,190,6,88,14468,-7,-4,-1,0,36282,130,33,67,0,0,0,0,0,0,0,0,-32300,0,0,0,0,0,1305455,0
1305323,1054,7900,662,189,8,86,14469,3,1,-2,0,36282,130,33,67,0,0,0,0,0,0,0,0,-32301,0,0,0,0,0,1305460,0
1305328,1066,7980,700,183,14,81,14468,-3,-3,-2,0,36284,125,33,67,0,0,0,0,0,0,0,0,-32300,0,0,0,0,0,1305466,0
1305333,1028,8002,668,184,11,74,14469,2,5,-2,0,36284,125,33,67,0,0,0,0,0,0,0,0,-32300,0,0,0,0,0,1305471,0
1305338,994,7976,682,182,15,69,14468,0,-1,-2,0,36285,126,33,67,0,0,0,0,0,0,0,0,-32301,0,0,0,0,0,1305476,0
1305343,1028,7966,656,175,3,65,14469,0,5,-2,0,36285,126,33,67,0,0,0,0,0,0,0,0,-32301,0,0,0,0,0,1305482,0
1305348,984,7944,670,174,1,62,14469,1,2,-4,0,36286,119,33,67,0,0,0,0,0,0,0,0,-32300,0,0,0,0,0,1305487,0
1305353,994,7966,644,174,-6,58,14468,-2,0,-3,0,36286,119,33,67,0,0,0,0,0,0,0,0,-32301,0,0,0,0,0,1305493,0
1305358,1016,7946,660,175,-1,57,14469,0,0,-3,0,36284,117,33,67,0,0,0,0,0,0,0,0,-32301,0,0,0,0,0,1305498,0
1305363,1070,7984,666,166,-1,54,14469,-1,-2,-3,0,36284,117,33,67,0,0,0,0,0,0,0,0,-32301,0,0,0,0,0,1305504,0
1305368,1098,8104,662,170,0,54,14469,0,-1,-2,0,36283,121,33,67,0,0,0,0,0,0,0,0,-32301,0,0,0,0,0,1305509,0
1305373,1134,8132,672,159,-2,45,14470,1,0,-2,0,36283,121,33,67,0,0,0,0,0,0,0,0,-32301,0,0,0,0,0,1305514,0
1305378,1086,8150,640,161,-4,45,14470,1,5,-3,0,36285,133,33,67,0,0,0,0,0,0,0,0,-32301,0,0,0,0,0,1305520,0
1305383,1100,8160,650,166,-3,46,14469,-4,0,-1,0,36285,133,33,67,0,0,0,0,0,0,0,0,-32301,0,0,0,0,0,1305525,0
1305388,1094,8138,658,160,-3,52,14469,1,1,-2,0,36283,136,33,67,0,0,0,0,0,0,0,0,-32301,0,0,0,0,0,1305530,0
1305393,1096,8154,664,157,-3,53,14469,2,0,-2,0,36283,136,33,67,0,0,0,0,0,0,0,0,-32301,0,0,0,0,0,1305536,0
1305398,1110,8112,668,151,0,57,14468,-3,1,-1,0,36282,137,33,67,0,0,0,0,0,0,0,0,-32301,0,0,0,0,0,1305541,0
1305403,1160,8122,650,151,-1,59,14470,8,3,-1,0,36282,137,33,67,0,0,0,0,0,0,0,0,-32301,0,0,0,0,0,1305546,0
1305408,1178,8158,624,150,16,60,14469,-1,3,-2,0,36282,137,33,67,0,0,0,0,0,0,0,0,-32301,0,0,0,0,0,1305553,0
1305413,1184,8196,630,151,15,58,14469,0,0,-3,0,36282,137,33,67,0,0,0,0,0,0,0,0,-32301,0,0,0,0,0,1305558,0
1305418,1152,8214,642,142,24,56,14469,1,-1,-4,0,36282,142,33,67,0,0,0,0,0,0,0,0,-32301,0,0,0,0,0,1305563,0
1305423,1174,8198,610,148,27,56,14469,-2,0,-4,0,36282,142,33,67,0,0,0,0,0,0,0,0,-32301,0,0,0,0,0,1305569,0
1305428,1092,8170,566,150,22,60,14470,4,1,-2,0,36280,138,33,67,0,0,0,0,0,0,0,0,-32301,0,0,0,0,0,1305574,0
1305433,1114,8146,586,148,23,63,14469,1,1,-5,0,36280,138,33,67,0,0,0,0,0,0,0,0,-32301,0,0,0,0,0,1305579,0
1305438,1114,8148,612,140,25,67,14469,-3,3,-3,0,36283,131,33,67,0,0,0,0,0,0,0,0,-32301,0,0,0,0,0,1305585,0
1305443,1116,8092,586,143,26,64,14469,3,0,-1,0,36283,131,33,67,0,0,0,0,0,0,0,0,-32301,0,0,0,0,0,1305590,0
1305448,1144,8088,602,144,29,66,14468,0,-2,-2,0,36284,128,33,67,0,0,0,0,0,0,0,0,-32301,0,0,0,0,0,1305595,0
1305453,1114,8142,614,143,32,60,14469,-3,2,-1,0,36284,128,33,67,0,0,0,0,0,0,0,0,-32301,0,0,0,0,0,1305601,0
1305458,1126,8138,598,149,31,59,14469,-1,1,-2,0,36286,129,33,67,0,0,0,0,0,0,0,0,-32300,0,0,0,0,0,1305606,0
1305463,1086,8114,584,147,33,60,14469,-3,0,-1,0,36286,129,33,67,0,0,0,0,0,0,0,0,-32301,0,0,0,0,0,1305611,0
1305468,1072,8112,576,149,29,52,14469,-1,3,-2,0,36282,127,33,67,0,0,0,0,0,0,0,0,-32301,0,0,0,0,0,1305617,0
1305473,1088,8076,560,148,26,52,14469,-2,-1,0,0,36282,127,33,67,0,0,0,0,0,0,0,0,-32300,0,0,0,0,0,1305622,0
1305478,1098,8124,564,151,25,51,14468,-7,0,-2,0,36280,125,33,67,0,0,0,0,0,0,0,0,-32301,0,0,0,0,0,1305627,0
1305483,1106,8102,552,150,24,54,14470,0,4,-1,0,36280,125,33,67,0,0,0,0,0,0,0,0,-32301,0,0,0,0,0,1305633,0
1305488,1130,8106,582,142,20,47,14470,1,1,-2,0,36281,122,33,67,0,0,0,0,0,0,0,0,-32300,0,0,0,0,0,1305638,0
1305493,1114,8094,566,145,21,49,14468,-4,-3,-3,0,36281,122,33,67,0,0,0,0,0,0,0,0,-32301,0,0,0,0,0,1305643,0
1305498,1174,8122,574,147,19,46,14469,1,-1,-3,0,36282,113,33,67,0,0,0,0,0,0,0,0,-32301,0,0,0,0,0,1305649,0
1305503,1164,8130,562,155,21,48,14468,-4,1,-2,0,36282,113,33,67,0,0,0,0,0,0,0,0,-32300,0,0,0,0,0,1305654,0
1305508,1168,8142,588,150,19,48,14468,-1,-3,-3,0,36283,112,33,67,0,0,0,0,0,0,0,0,-32301,0,0,0,0,0,1305659,0
1305513,1158,8132,578,148,17,55,14469,-1,-3,-2,0,36283,112,33,67,0,0,0,0,0,0,0,0,-32300,0,0,0,0,0,1305665,0
1305518,1164,8126,576,142,16,54,14468,3,-3,-2,0,36282,121,33,67,0,0,0,0,0,0,0,0,-32301,0,0,0,0,0,1305670,0
1305523,1162,8122,598,141,13,63,14468,-8,-1,-2,0,36282,121,33,67,0,0,0,0,0,0,0,0,-32301,0,0,0,0,0,1305675,0
1305528,1194,8130,596,135,8,65,14469,1,1,-2,0,36284,132,33,67,0,0,0,0,0,0,0,0,-32301,0,0,0,0,0,1305681,0
1305533,1164,8096,576,138,10,65,14469,2,-2,-4,0,36284,132,33,67,0,0,0,0,0,0,0,0,-32301,0,0,0,0,0,1305686,0
1305538,1162,8136,572,138,12,65,14469,-8,0,-3,0,36287,131,33,67,0,0,0,0,0,0,0,0,-32301,0,0,0,0,0,1305691,0
1305543,1158,8112,582,134,7,74,14468,-7,-5,-2,0,36287,131,33,67,0,0,0,0,0,0,0,0,-32301,0,0,0,0,0,1305697,0
1305548,1164,8102,580,124,-1,74,14469,-3,-3,-1,0,36287,129,33,67,0,0,0,0,0,0,0,0,-32301,0,0,0,0,0,1305702,0
1305553,1172,8100,594,134,-3,80,14469,5,-3,-1,0,36287,129,33,67,0,0,0,0,0,0,0,0,-32301,0,0,0,0,0,1305708,0
1305558,1142,8116,600,136,-4,82,14468,-7,-2,-1,0,36286,127,33,67,0,0,0,0,0,0,0,0,-32301,0,0,0,0,0,1305713,0
1305563,1172,8126,600,131,-5,83,14469,2,5,-2,0,36286,127,33,67,0,0,0,0,0,0,0,0,-32301,0,0,0,0,0,1305718,0
1305568,1126,8128,590,129,-15,89,14469,0,-4,-3,0,36283,134,33,67,0,0,0,0,0,0,0,0,-32301,0,0,0,0,0,1305723,0
1305573,1154,8098,584,133,-18,86,14469,3,-1,-1,0,36283,134,33,67,0,0,0,0,0,0,0,0,-32300,0,0,0,0,0,1305729,0
1305578,1132,8092,594,132,-19,90,14470,4,0,-2,0,36282,133,33,67,0,0,0,0,0,0,0,0,-32300,0,0,0,0,0,1305734,0
1305583,1116,8064,590,138,-30,91,14470,4,1,-1,0,36282,133,33,67,0,0,0,0,0,0,0,0,-32301,0,0,0,0,0,1305739,0
1305588,1116,8032,566,130,-39,96,14469,0,-1,-2,0,36282,131,33,67,0,0,0,0,0,0,0,0,-32301,0,0,0,0,0,1305745,0
1305593,1144,8030,576,124,-37,92,14468,-10,-6,-2,0,36282,131,33,67,0,0,0,0,0,0,0,0,-32300,0,0,0,0,0,1305750,0
1305598,1144,8046,598,129,-51,93,14469,0,0,-2,0,36284,130,33,67,0,0,0,0,0,0,0,0,-32302,0,0,0,0,0,1305755,0
1305603,1136,8036,586,132,-46,98,14469,3,0,-1,0,36284,130,33,67,0,0,0,0,0,0,0,0,-32301,0,0,0,0,0,1305761,0
1305608,1124,8028,576,129,-59,95,14468,-10,2,-2,0,36288,124,33,67,0,0,0,0,0,0,0,0,-32301,0,0,0,0,0,1305766,0
1305613,1154,7992,570,122,-59,100,14468,-8,1,-3,0,36288,124,33,67,0,0,0,0,0,0,0,0,-32301,0,0,0,0,0,1305771,0
1305618,1126,8004,554,130,-64,104,14469,-5,3,-2,0,36287,118,33,67,0,0,0,0,0,0,0,0,-32300,0,0,0,0,0,1305777,0
1305623,1166,7958,582,125,-64,104,14469,-2,1,-2,0,36287,118,33,67,0,0,0,0,0,0,0,0,-32301,0,0,0,0,0,1305782,0
1305628,1174,8022,602,125,-67,108,14468,0,1,-1,0,36285,119,33,67,0,0,0,0,0,0,0,0,-32301,0,0,0,0,0,1305787,0
1305633,1144,8030,610,125,-63,105,14469,-1,4,-2,0,36285,119,33,67,0,0,0,0,0,0,0,0,-32300,0,0,0,0,0,1305793,0
1305638,1154,8042,594,119,-64,111,14469,0,0,1,0,36287,118,33,67,0,0,0,0,0,0,0,0,-32301,0,0,0,0,0,1305798,0
1305643,1144,8028,614,114,-58,109,14468,-1,4,-1,0,36287,118,33,67,0,0,0,0,0,0,0,0,-32301,0,0,0,0,0,1305803,0
1305648,1074,8020,604,117,-62,112,14469,0,-3,-2,0,36287,117,33,67,0,0,0,0,0,0,0,0,-32301,0,0,0,0,0,1305809,0
1305653,1098,8016,592,113,-60,119,14469,3,0,-2,0,36287,117,33,67,0,0,0,0,0,0,0,0,-32301,0,0,0,0,0,1305814,0
1305658,1082,8060,608,105,-63,121,14469,-4,1,-3,0,36287,122,33,67,0,0,0,0,0,0,0,0,-32301,0,0,0,0,0,1305820,0
1305663,1080,8018,600,111,-60,118,14469,0,0,-3,0,36287,122,33,67,0,0,0,0,0,0,0,0,-32300,0,0,0,0,0,1305825,0
1305668,1074,8052,608,98,-62,119,14469,1,3,-2,0,36285,125,33,67,0,0,0,0,0,0,0,0,-32301,0,0,0,0,0,1305830,0
1305673,1090,8034,598,100,-64,114,14468,0,0,-2,0,36285,125,33,67,0,0,0,0,0,0,0,0,-32300,0,0,0,0,0,1305835,0
1305678,1032,8044,590,107,-66,111,14469,1,-2,-5,0,36283,133,33,67,0,0,0,0,0,0,0,0,-32301,0,0,0,0,0,1305841,0
1305683,1022,8018,594,91,-66,111,14469,0,3,-4,0,36283,133,33,67,0,0,0,0,0,0,0,0,-32301,0,0,0,0,0,1305846,0
1305688,1038,8018,594,94,-74,111,14469,-6,1,-2,0,36283,130,33,67,0,0,0,0,0,0,0,0,-32301,0,0,0,0,0,1305851,0
1305693,1046,8020,584,95,-72,105,14468,1,-2,-1,0,36283,130,33,67,0,0,0,0,0,0,0,0,-32300,0,0,0,0,0,1305857,0
1305698,1022,8032,564,87,-73,107,14469,-2,-1,-2,0,36282,126,33,67,0,0,0,0,0,0,0,0,-32301,0,0,0,0,0,1305862,0
1305703,1032,8072,578,87,-75,100,14469,1,-4,-3,0,36282,126,33,67,0,0,0,0,0,0,0,0,-32301,0,0,0,0,0,1305867,0
1305708,1046,8096,564,85,-66,92,14468,-5,5,-2,0,36284,131,33,67,0,0,0,0,0,0,0,0,-32300,0,0,0,0,0,1305873,0
1305713,1050,8090,546,79,-64,95,14470,1,1,-2,0,36284,131,33,67,0,0,0,0,0,0,0,0,-32300,0,0,0,0,0,1305878,0
1305718,1060,8068,538,81,-64,94,14468,-5,-2,-3,0,36284,140,33,67,0,0,0,0,0,0,0,0,-32301,0,0,0,0,0,1305883,0
1305723,1086,8100,552,78,-58,90,14468,0,2,-2,0,36284,140,33,67,0,0,0,0,0,0,0,0,-32300,0,0,0,0,0,1305889,0
1305728,1060,8094,540,87,-47,90,14468,0,-1,-2,0,36281,136,33,67,0,0,0,0,0,0,0,0,-32301,0,0,0,0,0,1305894,0
1305733,1078,8078,532,84,-40,89,14468,-5,4,-2,0,36281,136,33,67,0,0,0,0,0,0,0,0,-32301,0,0,0,0,0,1305899,0
1305738,1080,8058,524,92,-36,89,14468,-3,4,-2,0,36279,135,33,67,0,0,0,0,0,0,0,0,-32301,0,0,0,0,0,1305905,0
1305743,1046,8064,508,86,-39,91,14469,2,4,0,0,36279,135,33,67,0,0,0,0,0,0,0,0,-32300,0,0,0,0,0,1305910,0
1305748,1076,8040,502,100,-27,87,14470,-1,1,-1,0,36285,136,33,67,0,0,0,0,0,0,0,0,-32301,0,0,0,0,0,1305915,0
1305753,1062,8016,502,100,-19,88,14468,0,5,-3,0,36285,136,33,67,0,0,0,0,0,0,0,0,-32300,0,0,0,0,0,1305921,0
1305758,1052,8018,494,102,-20,82,14469,1,7,-1,0,36286,135,33,67,0,0,0,0,0,0,0,0,-32300,0,0,0,0,0,1305926,0
1305763,1038,7998,492,99,-10,80,14470,0,1,-1,0,36286,135,33,67,0,0,0,0,0,0,0,0,-32300,0,0,0,0,0,1305931,0
1305768,1062,8004,518,111,0,83,14468,-1,5,-2,0,36284,124,33,67,0,0,0,0,0,0,0,0,-32301,0,0,0,0,0,1305937,0
1305773,1034,7996,518,108,5,74,14469,2,4,-2,0,36284,124,33,67,0,0,0,0,0,0,0,0,-32301,0,0,0,0,0,1305942,0
1305778,1076,8010,480,116,7,74,14470,-2,-1,-2,0,36277,128,33,67,0,0,0,0,0,0,0,0,-32301,0,0,0,0,0,1305947,0
1305783,1030,7980,504,110,13,68,14470,1,-4,0,0,36277,128,33,67,0,0,0,0,0,0,0,0,-32301,0,0,0,0,0,1305953,0
1305788,1018,8004,492,118,21,58,14470,1,1,-1,0,36277,132,33,67,0,0,0,0,0,0,0,0,-32300,0,0,0,0,0,1305958,0
1305793,1024,7988,516,116,25,55,14470,4,1,-2,0,36277,132,33,67,0,0,0,0,0,0,0,0,-32301,0,0,0,0,0,1305963,0
1305798,1000,8032,524,116,19,53,14469,3,-3,-2,0,36277,138,33,67,0,0,0,0,0,0,0,0,-32301,0,0,0,0,0,1305969,0
1305803,990,7994,508,119,23,44,14469,5,1,-2,0,36277,138,33,67,0,0,0,0,0,0,0,0,-32301,0,0,0,0,0,1305974,0
1305808,1034,8082,530,116,23,31,14470,4,-1,-1,0,36278,127,33,67,0,0,0,0,0,0,0,0,-32301,0,0,0,0,0,1305979,0
1305813,1034,8102,540,117,22,33,14469,1,1,-1,0,36278,127,33,67,0,0,0,0,0,0,0,0,-32300,0,0,0,0,0,1305985,0
1305818,1042,8118,536,118,22,25,14469,2,2,-2,0,36280,130,33,67,0,0,0,0,0,0,0,0,-32301,0,0,0,0,0,1305990,0
1305823,1022,8134,526,113,14,21,14468,0,2,-3,0,36280,130,33,67,0,0,0,0,0,0,0,0,-32300,0,0,0,0,0,1305995,0
1305828,1010,8160,550,108,8,21,14467,-3,1,-3,0,36283,126,33,67,0,0,0,0,0,0,0,0,-32301,0,0,0,0,0,1306001,0
1305833,1010,8154,520,109,4,19,14469,1,0,-2,0,36283,126,33,67,0,0,0,0,0,0,0,0,-32300,0,0,0,0,0,1306006,0
1305838,1030,8138,534,103,2,22,14470,5,2,-2,0,36283,130,33,67,0,0,0,0,0,0,0,0,-32301,0,0,0,0,0,1306011,0
1305843,1054,8150,534,99,-2,17,14469,-1,2,-3,0,36283,130,33,67,0,0,0,0,0,0,0,0,-32301,0,0,0,0,0,1306017,0
1305848,1070,8132,546,98,-2,21,14470,1,-2,0,0,36287,129,33,67,0,0,0,0,0,0,0,0,-32301,0,0,0,0,0,1306022,0
1305853,1086,8108,552,102,-7,21,14468,-1,-3,-3,0,36287,129,33,67,0,0,0,0,0,0,0,0,-32300,0,0,0,0,0,1306027,0
1305858,1088,8116,536,95,-3,23,14468,-5,0,-2,0,36286,126,33,67,0,0,0,0,0,0,0,0,-32301,0,0,0,0,0,1306033,0
1305863,1096,8060,534,95,-3,17,14469,0,-2,-3,0,36286,126,33,67,0,0,0,0,0,0,0,0,-32301,0,0,0,0,0,1306038,0
1305868,1110,8044,542,100,4,19,14470,3,0,-3,0,36284,126,33,67,0,0,0,0,0,0,0,0,-32301,0,0,0,0,0,1306043,0
1305873,1152,8044,540,97,9,18,14470,3,3,-3,0,36284,126,33,67,0,0,0,0,0,0,0,0,-32301,0,0,0,0,0,1306049,0
1305878,1142,8040,562,99,15,18,14469,2,0,-2,0,36280,126,33,67,0,0,0,0,0,0,0,0,-32301,0,0,0,0,0,1306054,0
1305883,1144,8020,522,99,13,15,14470,0,-1,-2,0,36280,126,33,67,0,0,0,0,0,0,0,0,-32300,0,0,0,0,0,1306059,0
1305888,1114,7956,542,111,23,18,14469,6,-3,-3,0,36279,129,33,67,0,0,0,0,0,0,0,0,-32301,0,0,0,0,0,1306065,0
1305893,1118,7952,540,103,31,13,14470,-1,-2,-2,0,36279,129,33,67,0,0,0,0,0,0,0,0,-32301,0,0,0,0,0,1306070,0
1305898,1108,7934,546,108,33,13,14468,-5,-2,-1,0,36279,128,33,67,0,0,0,0,0,0,0,0,-32301,0,0,0,0,0,1306075,0
1305903,1096,7932,556,115,32,12,14469,-2,-1,-1,0,36279,128,33,67,0,0,0,0,0,0,0,0,-32301,0,0,0,0,0,1306081,0
1305908,1076,7918,560,109,39,10,14469,-4,-3,-1,0,36281,135,33,67,0,0,0,0,0,0,0,0,-32301,0,0,0,0,0,1306086,0
1305913,1112,7934,558,104,47,4,14469,1,-3,-1,0,36281,135,33,67,0,0,0,0,0,0,0,0,-32300,0,0,0,0,0,1306091,0
1305918,1084,7940,564,107,47,1,14469,-3,3,-3,0,36280,131,33,67,0,0,0,0,0,0,0,0,-32301,0,0,0,0,0,1306097,0
1305923,1064,7924,568,106,47,3,14469,0,0,-3,0,36280,131,33,67,0,0,0,0,0,0,0,0,-32301,0,0,0,0,0,1306102,0
1305928,1082,7968,570,110,48,-6,14470,0,-2,-1,0,36281,137,33,67,0,0,0,0,0,0,0,0,-32300,0,0,0,0,0,1306107,0
1305933,1058,7980,552,102,53,-6,14469,3,3,-2,0,36281,137,33,67,0,0,0,0,0,0,0,0,-32301,0,0,0,0,0,1306113,0
1305938,1058,7984,552,104,48,-10,14470,10,-1,-1,0,36280,133,33,67,0,0,0,0,0,0,0,0,-32301,0,0,0,0,0,1306118,0
1305943,1044,8010,534,103,46,-19,14469,5,-1,-1,0,36280,133,33,67,0,0,0,0,0,0,0,0,-32301,0,0,0,0,0,1306123,0
1305948,1050,8032,544,94,38,-19,14469,-4,-1,-1,0,36279,125,33,67,0,0,0,0,0,0,0,0,-32301,0,0,0,0,0,1306129,0
1305953,1048,8040,550,97,34,-21,14468,-4,1,-1,0,36279,125,33,67,0,0,0,0,0,0,0,0,-32301,0,0,0,0,0,1306134,0
1305958,1022,8066,548,94,33,-20,14470,0,-1,-2,0,36283,119,33,67,0,0,0,0,0,0,0,0,-32301,0,0,0,0,0,1306139,0
1305963,1038,8054,548,82,26,-23,14470,0,-3,-3,0,36283,119,33,67,0,0,0,0,0,0,0,0,-32301,0,0,0,0,0,1306145,0
1305968,1048,8042,528,84,16,-23,14469,0,0,-3,0,36284,128,33,67,0,0,0,0,0,0,0,0,-32301,0,0,0,0,0,1306150,0
1305973,1048,8046,532,77,16,-20,14469,1,-4,-3,0,36284,128,33,67,0,0,0,0,0,0,0,0,-32301,0,0,0,0,0,1306155,0
1305978,1052,8044,536,78,7,-28,14469,0,0,-2,0,36283,131,33,67,0,0,0,0,0,0,0,0,-32300,0,0,0,0,0,1306161,0
1305983,1086,8072,570,83,11,-26,14468,0,1,-2,0,36283,131,33,67,0,0,0,0,0,0,0,0,-32300,0,0,0,0,0,1306166,0
1305988,1102,8066,546,79,19,-22,14469,1,4,-2,0,36278,133,33,67,0,0,0,0,0,0,0,0,-32301,0,0,0,0,0,1306171,0
1305993,1100,8052,550,79,17,-25,14469,1,1,-1,0,36278,133,33,67,0,0,0,0,0,0,0,0,-32301,0,0,0,0,0,1306176,0
1305998,1114,8080,530,77,22,-22,14469,-1,0,-1,0,36281,122,33,67,0,0,0,0,0,0,0,0,-32301,0,0,0,0,0,1306181,0
1306003,1116,8048,538,80,29,-24,14468,-1,0,-1,0,36281,122,33,67,0,0,0,0,0,0,0,0,-32301,0,0,0,0,0,1306186,0
1306008,1140,8064,522,82,34,-27,14468,-1,1,-2,0,36284,121,33,67,0,0,0,0,0,0,0,0,-32301,0,0,0,0,0,1306191,0
1306013,1170,8074,506,81,39,-26,14469,-7,1,-2,0,36284,121,33,67,0,0,0,0,0,0,0,0,-32301,0,0,0,0,0,1306196,0
1306018,1164,8118,520,90,51,-29,14468,-8,1,-3,0,36284,126,33,67,0,0,0,0,0,0,0,0,-32301,0,0,0,0,0,1306201,0
1306023,1126,8082,516,87,56,-29,14468,-5,-2,-3,0,36284,126,33,67,0,0,0,0,0,0,0,0,-32301,0,0,0,0,0,1306206,0
1306028,1070,8098,502,88,58,-28,14470,8,0,-1,0,36282,126,33,67,0,0,0,0,0,0,0,0,-32301,0,0,0,0,0,1306211,0
1306033,1062,8086,494,85,58,-34,14469,0,2,-2,0,36282,126,33,67,0,0,0,0,0,0,0,0,-32301,0,0,0,0,0,1306216,0
1306038,1048,8078,506,85,55,-32,14468,-5,2,-2,0,36281,135,33,67,0,0,0,0,0,0,0,0,-32301,0,0,0,0,0,1306221,0
1306043,1066,8066,508,88,55,-36,14469,0,0,-3,0,36281,135,33,67,0,0,0,0,0,0,0,0,-32300,0,0,0,0,0,1306226,0
1306048,1056,8080,492,87,55,-41,14469,-1,-1,-3,0,36285,137,33,67,0,0,0,0,0,0,0,0,-32301,0,0,0,0,0,1306231,0
1306053,1046,8030,488,91,56,-40,14469,2,0,-3,0,36285,137,33,67,0,0,0,0,0,0,0,0,-32301,0,0,0,0,0,1306236,0
1306058,1058,8052,496,89,47,-44,14469,-1,-3,0,0,36291,140,33,67,0,0,0,0,0,0,0,0,-32301,0,0,0,0,0,1306241,0
1306063,1072,8068,510,97,45,-46,14469,0,2,-3,0,36291,140,33,67,0,0,0,0,0,0,0,0,-32301,0,0,0,0,0,1306246,0
1306068,1044,8046,490,99,35,-50,14470,6,1,-1,0,36291,132,33,67,0,0,0,0,0,0,0,0,-32301,0,0,0,0,0,1306251,0
1306073,1054,8050,480,93,30,-48,14470,5,-1,-2,0,36291,132,33,67,0,0,0,0,0,0,0,0,-32301,0,0,0,0,0,1306256,0
1306078,1032,8056,490,98,28,-48,14469,1,-2,-2,0,36288,126,33,67,0,0,0,0,0,0,0,0,-32300,0,0,0,0,0,1306261,0
1306083,1040,8032,484,94,16,-48,14470,2,-3,-1,0,36288,126,33,67,0,0,0,0,0,0,0,0,-32301,0,0,0,0,0,1306266,0
1306088,1058,8034,494,100,1,-51,14468,-4,0,-2,0,36285,128,33,67,0,0,0,0,0,0,0,0,-32301,0,0,0,0,0,1306271,0
1306093,1098,8044,514,100,9,-54,14468,1,-1,-1,0,36285,128,33,67,0,0,0,0,0,0,0,0,-32301,0,0,0,0,0,1306276,0
1306098,1090,8004,516,98,-1,-50,14469,-4,-5,-1,0,36284,126,33,67,0,0,0,0,0,0,0,0,-32301,0,0,0,0,0,1306281,0
1306103,1100,8004,538,102,1,-55,14469,-1,1,-2,0,36284,126,33,67,0,0,0,0,0,0,0,0,-32300,0,0,0,0,0,1306286,0
1306108,1136,8032,552,99,1,-47,14470,1,3,-3,0,36296,131,33,67,0,0,0,0,0,0,0,0,-32301,0,0,0,0,0,1306291,0
1306113,1136,8024,566,104,-4,-44,14470,5,0,-2,0,36296,131,33,67,0,0,0,0,0,0,0,0,-32300,0,0,0,0,0,1306296,0
1306118,1172,8056,534,102,4,-44,14470,1,-1,0,0,36307,134,33,67,0,0,0,0,0,0,0,0,-32301,0,0,0,0,0,1306301,0
1306123,1156,8042,578,101,10,-39,14469,0,-4,0,0,36307,134,33,67,0,0,0,0,0,0,0,0,-32301,0,0,0,0,0,1306306,0
1306128,1160,8054,584,100,15,-28,14469,-1,1,-2,0,36311,136,33,67,0,0,0,0,0,0,0,0,-32301,0,0,0,0,0,1306311,0
1306133,1170,8040,574,103,26,-30,14468,-5,-4,-2,0,36311,136,33,67,0,0,0,0,0,0,0,0,-32300,0,0,0,0,0,1306316,0
1306138,1196,8072,568,94,27,-20,14469,-3,0,-3,0,36299,133,33,67,0,0,0,0,0,0,0,0,-32301,0,0,0,0,0,1306321,0
1306143,1222,8064,572,93,24,-16,14469,-4,-2,-2,0,36299,133,33,67,0,0,0,0,0,0,0,0,-32301,0,0,0,0,0,1306326,0
1306148,1186,8048,592,96,35,-16,14467,-7,-3,-2,0,36289,131,33,67,0,0,0,0,0,0,0,0,-32301,0,0,0,0,0,1306331,0
1306153,1190,8022,600,95,30,-13,14469,-1,0,-1,0,36289,131,33,67,0,0,0,0,0,0,0,0,-32300,0,0,0,0,0,1306336,0
1306158,1156,8030,580,95,39,-12,14469,7,1,-4,0,36288,128,33,67,0,0,0,0,0,0,0,0,-32301,0,0,0,0,0,1306341,0
1306163,1134,8056,592,96,28,-7,14468,-5,2,-3,0,36288,128,33,67,0,0,0,0,0,0,0,0,-32300,0,0,0,0,0,1306346,0
1306168,1120,8070,588,92,23,-6,14468,-3,4,-2,0,36288,122,33,67,0,0,0,0,0,0,0,0,-32301,0,0,0,0,0,1306351,0
1306173,1130,8090,588,96,12,-1,14469,-3,-2,-1,0,36288,122,33,67,0,0,0,0,0,0,0,0,-32300,0,0,0,0,0,1306356,0
1306178,1126,8080,566,93,18,-5,14469,-1,2,-1,0,36288,124,33,67,0,0,0,0,0,0,0,0,-32301,0,0,0,0,0,1306361,0
1306183,1116,8088,564,89,5,0,14468,-2,0,0,0,36288,124,33,67,0,0,0,0,0,0,0,0,-32301,0,0,0,0,0,1306367,0
1306188,1092,8102,568,88,-8,-4,14468,-9,-2,-1,0,36285,137,33,67,0,0,0,0,0,0,0,0,-32301,0,0,0,0,0,1306371,0
1306193,1112,8108,572,91,-20,-1,14469,-2,3,-3,0,36285,137,33,67,0,0,0,0,0,0,0,0,-32300,0,0,0,0,0,1306376,0
1306198,1112,8104,564,82,-24,-2,14468,-3,3,-2,0,36277,146,33,67,0,0,0,0,0,0,0,0,-32301,0,0,0,0,0,1306381,0
1306203,1102,8104,574,85,-34,0,14469,-2,1,-1,0,36277,146,33,67,0,0,0,0,0,0,0,0,-32301,0,0,0,0,0,1306386,0
1306208,1132,8112,582,87,-57,2,14468,-3,1,-2,0,36277,140,33,67,0,0,0,0,0,0,0,0,-32301,0,0,0,0,0,1306391,0
1306213,1148,8092,586,88,-63,5,14469,-1,5,-4,0,36277,140,33,67,0,0,0,0,0,0,0,0,-32300,0,0,0,0,0,1306396,0
1306218,1164,8104,594,88,-70,5,14470,1,-1,-3,0,36279,139,33,67,0,0,0,0,0,0,0,0,-32301,0,0,0,0,0,1306401,0
1306223,1150,8108,564,90,-72,10,14469,0,1,-2,0,36279,139,33,67,0,0,0,0,0,0,0,0,-32301,0,0,0,0,0,1306406,0
1306228,1174,8060,572,89,-90,16,14469,0,2,0,0,36283,137,33,67,0,0,0,0,0,0,0,0,-32301,0,0,0,0,0,1306411,0
1306233,1170,8042,598,88,-90,17,14469,0,-1,-1,0,36283,137,33,67,0,0,0,0,0,0,0,0,-32301,0,0,0,0,0,1306416,0
1306238,1184,8014,602,91,-95,17,14469,6,4,-2,0,36283,138,33,67,0,0,0,0,0,0,0,0,-32301,0,0,0,0,0,1306421,0
1306243,1168,8002,600,85,-102,18,14468,-6,-1,-2,0,36283,138,33,67,0,0,0,0,0,0,0,0,-32301,0,0,0,0,0,1306426,0
1306248,1190,7990,628,88,-98,26,14469,2,2,-3,0,36282,125,33,67,0,0,0,0,0,0,0,0,-32301,0,0,0,0,0,1306431,0
1306253,1214,7988,616,94,-94,32,14469,0,0,-3,0,36282,125,33,67,0,0,0,0,0,0,0,0,-32301,0,0,0,0,0,1306436,0
1306258,1212,7974,638,87,-95,29,14469,-1,0,-3,0,36282,120,33,67,0,0,0,0,0,0,0,0,-32301,0,0,0,0,0,1306441,0
1306263,1202,7954,606,82,-99,27,14469,-7,-3,1,0,36282,120,33,67,0,0,0,0,0,0,0,0,-32301,0,0,0,0,0,1306446,0
1306268,1202,7980,632,81,-90,32,14469,-3,-1,-1,0,36291,137,33,67,0,0,0,0,0,0,0,0,-32301,0,0,0,0,0,1306451,0
1306273,1200,7970,626,75,-91,40,14469,-1,-2,-2,0,36291,137,33,67,0,0,0,0,0,0,0,0,-32301,0,0,0,0,0,1306456,0
1306278,1194,7964,638,77,-91,38,14470,10,1,-3,0,36290,141,33,67,0,0,0,0,0,0,0,0,-32301,0,0,0,0,0,1306461,0
1306283,1188,7998,634,70,-87,36,14469,2,1,-2,0,36290,141,33,67,0,0,0,0,0,0,0,0,-32301,0,0,0,0,0,1306466,0
1306288,1184,8042,614,64,-76,37,14469,3,1,-2,0,36289,139,33,67,0,0,0,0,0,0,0,0,-32301,0,0,0,0,0,1306471,0
1306293,1220,8032,632,60,-73,38,14470,6,-1,-2,0,36289,139,33,67,0,0,0,0,0,0,0,0,-32301,0,0,0,0,0,1306476,0
1306298,1198,8028,620,60,-65,40,14468,-6,-4,-1,0,36283,123,33,67,0,0,0,0,0,0,0,0,-32301,0,0,0,0,0,1306481,0
1306303,1214,8054,618,55,-60,40,14468,-3,-2,-1,0,36283,123,33,67,0,0,0,0,0,0,0,0,-32301,0,0,0,0,0,1306486,0
1306308,1210,8028,622,49,-55,47,14469,7,-2,-2,0,36285,117,33,67,0,0,0,0,0,0,0,0,-32301,0,0,0,0,0,1306491,0
1306313,1214,8022,610,38,-49,42,14469,-1,-1,-2,0,36285,117,33,67,0,0,0,0,0,0,0,0,-32300,0,0,0,0,0,1306496,0
1306318,1206,8018,622,37,-42,42,14469,4,0,-2,0,36283,125,33,67,0,0,0,0,0,0,0,0,-32300,0,0,0,0,0,1306501,0
1306323,1196,8014,592,38,-42,46,14470,5,3,-1,0,36283,125,33,67,0,0,0,0,0,0,0,0,-32300,0,0,0,0,0,1306506,0
1306328,1202,8010,592,26,-28,42,14470,8,4,-2,0,36281,133,33,67,0,0,0,0,0,0,0,0,-32300,0,0,0,0,0,1306511,0
1306333,1198,7992,584,28,-21,43,14468,-4,-5,-2,0,36281,133,33,67,0,0,0,0,0,0,0,0,-32301,0,0,0,0,0,1306516,0
1306338,1186,7976,576,20,-21,39,14469,5,1,0,0,36280,130,33,67,0,0,0,0,0,0,0,0,-32301,0,0,0,0,0,1306521,0
1306343,1204,7972,566,20,-16,40,14469,2,0,-1,0,36280,130,33,67,0,0,0,0,0,0,0,0,-32301,0,0,0,0,0,1306526,0
1306348,1204,7932,518,15,-14,38,14468,-9,1,-1,0,36281,123,33,67,0,0,0,0,0,0,0,0,-32301,0,0,0,0,0,1306531,0
1306353,1190,7918,560,13,-5,41,14468,0,-2,-3,0,36281,123,33,67,0,0,0,0,0,0,0,0,-32301,0,0,0,0,0,1306536,0
1306358,1186,7902,526,13,1,36,14468,-3,-6,-3,0,36283,123,33,67,0,0,0,0,0,0,0,0,-32301,0,0,0,0,0,1306541,0
1306363,1180,7914,532,11,4,33,14470,7,4,-2,0,36283,123,33,67,0,0,0,0,0,0,0,0,-32301,0,0,0,0,0,1306546,0
1306368,1194,7910,470,13,9,35,14470,2,0,0,0,36290,121,33,67,0,0,0,0,0,0,0,0,-32301,0,0,0,0,0,1306551,0
1306373,1134,7900,476,11,12,35,14469,0,1,-1,0,36290,121,33,67,0,0,0,0,0,0,0,0,-32300,0,0,0,0,0,1306556,0
1306378,1150,7876,466,15,15,29,14469,4,-3,-2,0,36291,130,33,67,0,0,0,0,0,0,0,0,-32300,0,0,0,0,0,1306561,0
1306383,1190,7882,462,17,20,28,14469,4,0,-1,0,36291,130,33,67,0,0,0,0,0,0,0,0,-32301,0,0,0,0,0,1306566,0
1306388,1144,7862,466,20,27,30,14469,-2,3,-2,0,36291,129,33,67,0,0,0,0,0,0,0,0,-32300,0,0,0,0,0,1306571,0
1306393,1194,7886,436,21,34,28,14470,1,2,-2,0,36291,129,33,67,0,0,0,0,0,0,0,0,-32300,0,0,0,0,0,1306576,0
1306398,1164,7886,450,22,36,28,14469,1,-3,-3,0,36287,129,33,67,0,0,0,0,0,0,0,0,-32301,0,0,0,0,0,1306581,0
1306403,1190,7904,422,28,40,30,14469,4,1,-3,0,36287,129,33,67,0,0,0,0,0,0,0,0,-32301,0,0,0,0,0,1306586,0
1306408,1180,7942,422,27,37,36,14469,0,1,-2,0,36284,133,33,67,0,0,0,0,0,0,0,0,-32301,0,0,0,0,0,1306591,0
1306413,1190,7978,414,29,49,35,14469,1,-1,-3,0,36284,133,33,67,0,0,0,0,0,0,0,0,-32301,0,0,0,0,0,1306597,0
1306418,1198,7978,424,29,41,43,14469,6,1,-3,0,36284,136,33,67,0,0,0,0,0,0,0,0,-32301,0,0,0,0,0,1306602,0
1306423,1194,7996,412,39,46,42,14469,4,1,-3,0,36284,136,33,67,0,0,0,0,0,0,0,0,-32300,0,0,0,0,0,1306607,0
1306428,1194,7998,424,42,50,52,14469,-3,2,-3,0,36285,129,33,67,0,0,0,0,0,0,0,0,-32300,0,0,0,0,0,1306612,0
1306433,1184,8006,420,34,49,53,14468,-7,1,-3,0,36285,129,33,67,0,0,0,0,0,0,0,0,-32301,0,0,0,0,0,1306617,0
1306438,1192,8022,460,36,49,57,14470,-1,1,-1,0,36285,125,33,67,0,0,0,0,0,0,0,0,-32300,0,0,0,0,0,1306622,0
1306443,1214,7988,438,42,59,53,14469,0,-2,-2,0,36285,125,33,67,0,0,0,0,0,0,0,0,-32301,0,0,0,0,0,1306627,0
1306448,1176,8116,430,43,56,62,14468,-2,-1,-3,0,36285,123,33,67,0,0,0,0,0,0,0,0,-32301,0,0,0,0,0,1306632,0
1306453,1162,8130,416,38,57,66,14469,1,3,-4,0,36285,123,33,67,0,0,0,0,0,0,0,0,-32301,0,0,0,0,0,1306637,0
1306458,1146,8158,442,35,56,73,14470,3,2,-2,0,36285,125,33,67,0,0,0,0,0,0,0,0,-32301,0,0,0,0,0,1306642,0
1306463,1176,8176,402,39,57,69,14469,1,1,-1,0,36285,125,33,67,0,0,0,0,0,0,0,0,-32300,0,0,0,0,0,1306647,0
1306468,1198,8236,404,37,57,65,14467,-5,-1,-4,0,36286,128,33,67,0,0,0,0,0,0,0,0,-32301,0,0,0,0,0,1306652,0
1306473,1156,8214,398,40,56,66,14469,2,2,-5,0,36286,128,33,67,0,0,0,0,0,0,0,0,-32301,0,0,0,0,0,1306657,0
1306478,1108,8196,384,34,55,69,14468,-1,0,-2,0,36289,126,33,67,0,0,0,0,0,0,0,0,-32301,0,0,0,0,0,1306662,0
1306483,1112,8188,370,42,48,71,14468,0,-1,0,0,36289,126,33,67,0,0,0,0,0,0,0,0,-32301,0,0,0,0,0,1306667,0
1306488,1186,8186,354,40,46,73,14469,0,0,-2,0,36290,134,33,67,0,0,0,0,0,0,0,0,-32301,0,0,0,0,0,1306672,0
1306493,1188,8164,366,47,43,75,14468,1,-2,-3,0,36290,134,33,67,0,0,0,0,0,0,0,0,-32301,0,0,0,0,0,1306677,0
1306498,1196,8156,366,50,39,70,14470,-5,4,-1,0,36291,135,33,67,0,0,0,0,0,0,0,0,-32301,0,0,0,0,0,1306682,0
1306503,1182,8150,342,54,40,72,14470,4,1,-2,0,36291,135,33,67,0,0,0,0,0,0,0,0,-32301,0,0,0,0,0,1306687,0
1306508,1222,8118,328,58,37,75,14470,0,1,-2,0,36288,129,33,67,0,0,0,0,0,0,0,0,-32301,0,0,0,0,0,1306692,0
1306513,1180,8098,314,66,34,75,14469,2,1,-3,0,36288,129,33,67,0,0,0,0,0,0,0,0,-32301,0,0,0,0,0,1306697,0
1306518,1202,8096,302,68,32,81,14470,8,-1,-2,0,36288,123,33,67,0,0,0,0,0,0,0,0,-32301,0,0,0,0,0,1306702,0
1306523,1188,8116,290,81,38,79,14470,4,4,-2,0,36288,123,33,67,0,0,0,0,0,0,0,0,-32301,0,0,0,0,0,1306707,0
1306528,1206,8116,308,89,40,82,14469,-3,3,-1,0,36289,121,33,67,0,0,0,0,0,0,0,0,-32300,0,0,0,0,0,1306712,0
1306533,1188,8088,314,92,36,82,14470,4,1,-2,0,36289,121,33,67,0,0,0,0,0,0,0,0,-32301,0,0,0,0,0,1306717,0
1306538,1172,8072,292,102,36,79,14470,0,0,-2,0,36286,126,33,67,0,0,0,0,0,0,0,0,-32301,0,0,0,0,0,1306722,0
1306543,1150,8046,314,103,40,88,14469,0,-2,0,0,36286,126,33,67,0,0,0,0,0,0,0,0,-32301,0,0,0,0,0,1306727,0
1306548,1142,8040,338,118,37,84,14469,-8,-3,-2,0,36285,133,33,67,0,0,0,0,0,0,0,0,-32301,0,0,0,0,0,1306732,0
1306553,1136,8060,312,116,39,81,14470,11,0,-2,0,36285,133,33,67,0,0,0,0,0,0,0,0,-32301,0,0,0,0,0,1306737,0
1306558,1128,8032,314,123,38,83,14468,-2,-10,-1,0,36286,131,33,67,0,0,0,0,0,0,0,0,-32301,0,0,0,0,0,1306742,0
1306563,1122,8038,324,130,27,82,14468,-6,2,-2,0,36286,131,33,67,0,0,0,0,0,0,0,0,-32300,0,0,0,0,0,1306747,0
1306568,1102,8036,344,135,27,77,14468,-6,-2,-2,0,36288,139,33,67,0,0,0,0,0,0,0,0,-32300,0,0,0,0,0,1306752,0
1306573,1124,8056,368,139,23,82,14468,-2,-6,-1,0,36288,139,33,67,0,0,0,0,0,0,0,0,-32301,0,0,0,0,0,1306757,0
1306578,1116,8104,374,137,17,80,14469,3,-3,-1,0,36293,124,33,67,0,0,0,0,0,0,0,0,-32301,0,0,0,0,0,1306762,0
1306583,1116,8116,378,145,22,77,14470,4,3,-1,0,36293,124,33,67,0,0,0,0,0,0,0,0,-32301,0,0,0,0,0,1306767,0
1306588,1098,8128,370,147,18,79,14469,1,4,-1,0,36291,118,33,67,0,0,0,0,0,0,0,0,-32301,0,0,0,0,0,1306772,0
1306593,1098,8122,396,147,3,84,14469,-1,-1,-2,0,36291,118,33,67,0,0,0,0,0,0,0,0,-32301,0,0,0,0,0,1306777,0
1306598,1072,8078,400,149,6,83,14469,4,-4,-3,0,36291,117,33,67,0,0,0,0,0,0,0,0,-32302,0,0,0,0,0,1306782,0
1306603,1094,8066,404,153,-4,83,14468,-3,-3,-4,0,36291,117,33,67,0,0,0,0,0,0,0,0,-32302,0,0,0,0,0,1306787,0
1306608,1122,8068,412,153,-10,91,14469,3,2,-3,0,36290,123,33,67,0,0,0,0,0,0,0,0,-32301,0,0,0,0,0,1306792,0
1306613,1124,8036,432,152,-9,88,14469,4,2,-3,0,36290,123,33,67,0,0,0,0,0,0,0,0,-32300,0,0,0,0,0,1306797,0
1306618,1140,8022,428,144,-12,84,14469,5,1,-3,0,36285,120,33,67,0,0,0,0,0,0,0,0,-32301,0,0,0,0,0,1306802,0
1306623,1120,8030,412,154,-14,85,14470,-1,-4,-2,0,36285,120,33,67,0,0,0,0,0,0,0,0,-32301,0,0,0,0,0,1306807,0
1306628,1148,8054,460,148,-15,85,14469,4,-2,-2,0,36284,125,33,67,0,0,0,0,0,0,0,0,-32301,0,0,0,0,0,1306812,0
1306633,1120,8098,438,148,-15,89,14470,4,0,-2,0,36284,125,33,67,0,0,0,0,0,0,0,0,-32301,0,0,0,0,0,1306817,0
1306638,1132,8110,442,155,-14,97,14469,-2,-5,-1,0,36282,126,33,67,0,0,0,0,0,0,0,0,-32301,0,0,0,0,0,1306822,0
1306643,1132,8112,440,152,-6,98,14469,1,0,-2,0,36282,126,33,67,0,0,0,0,0,0,0,0,-32301,0,0,0,0,0,1306827,0
1306648,1102,8066,450,152,-5,102,14469,1,-2,-3,0,36282,127,33,67,0,0,0,0,0,0,0,0,-32301,0,0,0,0,0,1306832,0
1306653,1064,8078,440,163,-4,104,14469,0,3,-2,0,36282,127,33,67,0,0,0,0,0,0,0,0,-32301,0,0,0,0,0,1306837,0
1306658,1104,8020,460,164,-7,99,14469,2,-2,-1,0,36282,123,33,67,0,0,0,0,0,0,0,0,-32301,0,0,0,0,0,1306842,0
1306663,1082,7994,466,160,1,100,14469,-1,1,-1,0,36282,123,33,67,0,0,0,0,0,0,0,0,-32300,0,0,0,0,0,1306847,0
1306668,1068,7932,468,169,0,94,14467,0,0,-3,0,36283,120,33,67,0,0,0,0,0,0,0,0,-32300,0,0,0,0,0,1306852,0
1306673,1060,7900,454,176,3,88,14468,-5,-4,-3,0,36283,120,33,67,0,0,0,0,0,0,0,0,-32300,0,0,0,0,0,1306857,0
1306678,1066,7866,446,167,5,86,14469,-7,-1,-2,0,36285,129,33,67,0,0,0,0,0,0,0,0,-32300,0,0,0,0,0,1306862,0
1306683,1046,7860,462,173,-1,82,14469,-1,2,0,0,36285,129,33,67,0,0,0,0,0,0,0,0,-32301,0,0,0,0,0,1306867,0
1306688,1028,7892,478,177,-1,74,14469,-1,4,0,0,36288,135,33,67,0,0,0,0,0,0,0,0,-32301,0,0,0,0,0,1306872,0
1306693,1014,7928,478,177,-1,68,14469,1,1,-1,0,36288,135,33,67,0,0,0,0,0,0,0,0,-32301,0,0,0,0,0,1306877,0
1306698,1014,7920,488,179,-1,67,14469,0,-1,-2,0,36288,138,33,67,0,0,0,0,0,0,0,0,-32301,0,0,0,0,0,1306882,0
1306703,1004,7944,496,182,-1,59,14469,5,4,-3,0,36288,138,33,67,0,0,0,0,0,0,0,0,-32301,0,0,0,0,0,1306887,0
1306708,1032,7982,544,182,5,54,14469,0,5,-1,0,36288,144,33,67,0,0,0,0,0,0,0,0,-32301,0,0,0,0,0,1306892,0
1306713,1042,7998,536,180,3,54,14469,3,2,-1,0,36288,144,33,67,0,0,0,0,0,0,0,0,-32301,0,0,0,0,0,1306897,0
1306718,1028,8004,536,176,11,54,14469,-1,-2,-2,0,36286,145,33,67,0,0,0,0,0,0,0,0,-32301,0,0,0,0,0,1306902,0
1306723,1036,8068,562,169,15,46,14469,0,1,-3,0,36286,145,33,67,0,0,0,0,0,0,0,0,-32300,0,0,0,0,0,1306907,0
1306728,1056,8062,582,165,17,47,14468,-7,-1,-2,0,36284,145,33,67,0,0,0,0,0,0,0,0,-32301,0,0,0,0,0,1306912,0
1306733,1078,8044,590,162,20,46,14470,3,2,-2,0,36284,145,33,67,0,0,0,0,0,0,0,0,-32301,0,0,0,0,0,1306917,0
1306738,1028,8040,574,156,26,43,14468,1,-2,-2,0,36285,133,33,67,0,0,0,0,0,0,0,0,-32301,0,0,0,0,0,1306922,0
1306743,1036,8032,602,149,22,44,14469,0,4,-2,0,36285,133,33,67,0,0,0,0,0,0,0,0,-32300,0,0,0,0,0,1306927,0
1306748,1072,8072,610,136,25,36,14468,0,0,-2,0,36287,121,33,67,0,0,0,0,0,0,0,0,-32301,0,0,0,0,0,1306932,0
1306753,1084,8084,594,137,34,32,14469,0,0,-2,0,36287,121,33,67,0,0,0,0,0,0,0,0,-32301,0,0,0,0,0,1306937,0
1306758,1084,8076,604,134,26,35,14468,-5,-1,-1,0,36287,114,33,67,0,0,0,0,0,0,0,0,-32301,0,0,0,0,0,1306942,0
1306763,1064,8066,596,121,30,28,14468,-7,-2,-2,0,36287,114,33,67,0,0,0,0,0,0,0,0,-32301,0,0,0,0,0,1306947,0
1306768,1056,8086,598,113,32,24,14468,-8,-3,-1,0,36286,115,33,67,0,0,0,0,0,0,0,0,-32300,0,0,0,0,0,1306952,0
1306773,1056,8064,572,108,33,24,14469,0,0,-1,0,36286,115,33,67,0,0,0,0,0,0,0,0,-32300,0,0,0,0,0,1306957,0
1306778,1058,8050,570,105,36,27,14469,-3,-3,-1,0,36285,118,33,67,0,0,0,0,0,0,0,0,-32301,0,0,0,0,0,1306962,0
1306783,1060,8058,568,96,35,21,14469,1,3,-1,0,36285,118,33,67,0,0,0,0,0,0,0,0,-32301,0,0,0,0,0,1306967,0
1306788,1076,8048,554,93,30,26,14470,4,-2,-2,0,36284,127,33,67,0,0,0,0,0,0,0,0,-32301,0,0,0,0,0,1306972,0
1306793,1074,8040,538,86,31,25,14470,0,-1,-1,0,36284,127,33,67,0,0,0,0,0,0,0,0,-32301,0,0,0,0,0,1306977,0
1306798,1052,8034,546,84,35,26,14469,0,-2,0,0,36284,132,33,67,0,0,0,0,0,0,0,0,-32301,0,0,0,0,0,1306982,0
1306803,1070,8032,520,84,36,28,14469,3,-1,-2,0,36284,132,33,67,0,0,0,0,0,0,0,0,-32300,0,0,0,0,0,1306987,0
1306808,1076,8070,504,75,34,30,14469,-8,-3,-1,0,36282,134,33,67,0,0,0,0,0,0,0,0,-32301,0,0,0,0,0,1306992,0
1306813,1072,8030,484,80,31,37,14469,-3,-1,-2,0,36282,134,33,67,0,0,0,0,0,0,0,0,-32301,0,0,0,0,0,1306997,0
1306818,1082,8062,480,78,35,38,14468,-1,1,-2,0,36282,134,33,67,0,0,0,0,0,0,0,0,-32301,0,0,0,0,0,1307002,0
1306823,1058,8018,458,88,35,39,14469,-4,-1,-2,0,36282,134,33,67,0,0,0,0,0,0,0,0,-32301,0,0,0,0,0,1307007,0
1306828,1082,7958,460,92,28,46,14471,3,-3,-2,0,36282,138,33,67,0,0,0,0,0,0,0,0,-32301,0,0,0,0,0,1307012,0
1306833,1078,7966,472,95,27,46,14469,-1,5,-2,0,36282,138,33,67,0,0,0,0,0,0,0,0,-32300,0,0,0,0,0,1307017,0
1306838,1062,7970,474,96,29,53,14469,-1,1,0,0,36282,140,33,67,0,0,0,0,0,0,0,0,-32301,0,0,0,0,0,1307022,0
1306843,1066,7968,462,99,28,51,14469,7,-2,-2,0,36282,140,33,67,0,0,0,0,0,0,0,0,-32300,0,0,0,0,0,1307027,0
1306848,1050,7906,478,107,24,55,14468,-1,3,-2,0,36282,135,33,67,0,0,0,0,0,0,0,0,-32301,0,0,0,0,0,1307032,0
1306853,1018,7920,446,114,19,53,14469,4,-1,-2,0,36282,135,33,67,0,0,0,0,0,0,0,0,-32300,0,0,0,0,0,1307037,0
1306858,1010,7892,442,109,22,50,14468,-4,1,-2,0,36283,136,33,67,0,0,0,0,0,0,0,0,-32301,0,0,0,0,0,1307042,0
1306863,1018,7932,440,119,24,51,14468,-2,2,-1,0,36283,136,33,67,0,0,0,0,0,0,0,0,-32300,0,0,0,0,0,1307047,0
1306868,1010,7972,464,123,22,42,14469,0,-1,-2,0,36284,136,33,67,0,0,0,0,0,0,0,0,-32301,0,0,0,0,0,1307052,0
1306873,1004,7966,448,120,14,48,14469,4,2,-1,0,36284,136,33,67,0,0,0,0,0,0,0,0,-32301,0,0,0,0,0,1307057,0
1306878,1020,7986,466,121,12,47,14469,7,-1,-1,0,36282,130,33,67,0,0,0,0,0,0,0,0,-32301,0,0,0,0,0,1307062,0
1306883,1014,8010,458,129,8,38,14468,-3,-2,0,0,36282,130,33,67,0,0,0,0,0,0,0,0,-32300,0,0,0,0,0,1307067,0
1306888,974,8072,470,122,-2,42,14469,1,0,-2,0,36283,129,33,67,0,0,0,0,0,0,0,0,-32301,0,0,0,0,0,1307072,0
1306893,960,8076,480,122,-4,37,14469,1,1,-2,0,36283,129,33,67,0,0,0,0,0,0,0,0,-32301,0,0,0,0,0,1307077,0
1306898,974,8098,492,120,-13,39,14469,-3,0,-2,0,36283,133,33,67,0,0,0,0,0,0,0,0,-32301,0,0,0,0,0,1307082,0
1306903,958,8090,496,126,-12,34,14469,0,-2,0,0,36283,133,33,67,0,0,0,0,0,0,0,0,-32301,0,0,0,0,0,1307087,0
1306908,986,8074,512,116,-26,35,14469,-4,0,-2,0,36288,131,33,67,0,0,0,0,0,0,0,0,-32301,0,0,0,0,0,1307092,0
1306913,994,8048,516,116,-33,33,14469,-1,0,-2,0,36288,131,33,67,0,0,0,0,0,0,0,0,-32301,0,0,0,0,0,1307097,0
1306918,1004,8062,518,114,-39,36,14469,2,3,0,0,36287,123,33,67,0,0,0,0,0,0,0,0,-32301,0,0,0,0,0,1307102,0
1306923,998,8034,510,105,-41,33,14469,2,0,-1,0,36287,123,33,67,0,0,0,0,0,0,0,0,-32300,0,0,0,0,0,1307107,0
1306928,1050,7990,530,101,-48,29,14469,7,-1,-2,0,36287,119,33,67,0,0,0,0,0,0,0,0,-32301,0,0,0,0,0,1307112,0
1306933,1056,7980,542,101,-54,30,14469,0,3,-3,0,36287,119,33,67,0,0,0,0,0,0,0,0,-32300,0,0,0,0,0,1307117,0
1306938,1094,7946,536,96,-53,27,14469,2,0,-2,0,36281,125,33,67,0,0,0,0,0,0,0,0,-32301,0,0,0,0,0,1307122,0
1306943,1102,7838,476,96,-48,26,14469,3,-1,-3,0,36281,125,33,67,0,0,0,0,0,0,0,0,-32300,0,0,0,0,0,1307127,0
1306948,1102,7970,520,91,-46,16,14469,-1,-3,-2,0,36281,125,33,67,0,0,0,0,0,0,0,0,-32301,0,0,0,0,0,1307132,0
1306953,1128,8014,530,88,-45,13,14470,5,-4,-2,0,36281,125,33,67,0,0,0,0,0,0,0,0,-32301,0,0,0,0,0,1307137,0
1306958,1120,8048,504,86,-45,15,14470,1,-4,-2,0,36282,121,33,67,0,0,0,0,0,0,0,0,-32301,0,0,0,0,0,1307142,0
1306963,1134,8106,498,90,-49,14,14468,-6,-4,-2,0,36282,121,33,67,0,0,0,0,0,0,0,0,-32301,0,0,0,0,0,1307147,0
1306968,1124,8108,498,91,-52,12,14469,5,-3,-3,0,36285,129,33,67,0,0,0,0,0,0,0,0,-32301,0,0,0,0,0,1307152,0
1306973,1140,8136,492,82,-52,17,14469,-4,0,-3,0,36285,129,33,67,0,0,0,0,0,0,0,0,-32301,0,0,0,0,0,1307157,0
1306978,1180,8140,508,82,-51,18,14468,2,0,-4,0,36287,121,33,67,0,0,0,0,0,0,0,0,-32301,0,0,0,0,0,1307162,0
1306983,1180,8168,530,88,-44,18,14469,3,0,-2,0,36287,121,33,67,0,0,0,0,0,0,0,0,-32301,0,0,0,0,0,1307167,0
1306988,1204,8144,508,85,-41,19,14468,-2,-2,-2,0,36285,120,33,67,0,0,0,0,0,0,0,0,-32301,0,0,0,0,0,1307172,0
1306993,1164,8148,508,78,-35,18,14470,0,0,-2,0,36285,120,33,67,0,0,0,0,0,0,0,0,-32301,0,0,0,0,0,1307177,0
1306998,1220,8156,486,79,-38,19,14470,6,0,-2,0,36284,122,33,67,0,0,0,0,0,0,0,0,-32301,0,0,0,0,0,1307182,0
1307003,1178,8140,478,78,-36,23,14469,3,0,-5,0,36284,122,33,67,0,0,0,0,0,0,0,0,-32300,0,0,0,0,0,1307187,0
1307008,1198,8124,468,70,-34,22,14469,1,-3,-4,0,36284,124,33,67,0,0,0,0,0,0,0,0,-32301,0,0,0,0,0,1307192,0
1307013,1218,8116,458,69,-29,19,14468,-1,-6,-3,0,36284,124,33,67,0,0,0,0,0,0,0,0,-32301,0,0,0,0,0,1307197,0
1307018,1198,8094,456,70,-32,19,14469,1,2,-1,0,36284,130,33,67,0,0,0,0,0,0,0,0,-32300,0,0,0,0,0,1307202,0
1307023,1188,8070,452,70,-35,17,14469,1,-1,-2,0,36284,130,33,67,0,0,0,0,0,0,0,0,-32301,0,0,0,0,0,1307207,0
1307028,1194,8060,430,65,-29,15,14470,-1,-2,-1,0,36282,130,33,67,0,0,0,0,0,0,0,0,-32300,0,0,0,0,0,1307212,0
1307033,1210,8046,446,66,-30,14,14468,-1,0,-2,0,36282,130,33,67,0,0,0,0,0,0,0,0,-32301,0,0,0,0,0,1307217,0
1307038,1184,8040,436,67,-28,15,14468,-1,0,-1,0,36281,132,33,67,0,0,0,0,0,0,0,0,-32301,0,0,0,0,0,1307222,0
1307043,1192,8038,412,72,-28,16,14469,-3,0,-3,0,36281,132,33,67,0,0,0,0,0,0,0,0,-32300,0,0,0,0,0,1307227,0
1307048,1192,7974,406,66,-24,10,14470,0,-1,-4,0,36279,129,33,67,0,0,0,0,0,0,0,0,-32301,0,0,0,0,0,1307232,0
1307053,1186,7954,414,64,-30,7,14468,0,4,-4,0,36279,129,33,67,0,0,0,0,0,0,0,0,-32300,0,0,0,0,0,1307237,0
1307058,1180,7944,402,59,-34,2,14470,8,-1,-2,0,36280,130,33,67,0,0,0,0,0,0,0,0,-32300,0,0,0,0,0,1307242,0
1307063,1168,7980,378,65,-29,-1,14469,-3,-4,-1,0,36280,130,33,67,0,0,0,0,0,0,0,0,-32301,0,0,0,0,0,1307248,0
1307068,1226,8038,384,64,-29,-6,14468,-6,1,-2,0,36279,131,33,67,0,0,0,0,0,0,0,0,-32301,0,0,0,0,0,1307254,0
1307073,1260,8036,370,61,-26,-8,14469,-1,2,-7,-8,36279,131,33,67,0,0,0,0,0,0,0,0,-32300,0,0,0,0,0,1307259,0
1307078,1270,8038,384,64,-34,-5,14469,-1,-2,-17,-8,36279,137,33,67,0,0,0,0,0,0,0,0,-32300,0,0,0,0,0,1307264,0
1307083,1270,8026,354,60,-37,-6,14470,1,-1,-16,-8,36279,137,33,67,0,0,0,0,0,0,0,0,-32300,0,0,0,0,0,1307270,0
1307088,1284,7992,358,63,-34,1,14469,1,0,-17,-8,36277,129,33,67,0,0,0,0,0,0,0,0,-32300,0,0,0,0,0,1307275,0
1307093,1292,7958,342,70,-31,1,14468,-2,0,-15,-16,36277,129,33,67,0,0,0,0,0,0,0,0,-32300,0,0,0,0,0,1307280,0
1307098,1356,8010,346,65,-32,4,14469,4,2,-15,-8,36278,123,33,67,0,0,0,0,0,0,0,0,-32300,0,0,0,0,0,1307286,0
1307103,1358,7990,340,70,-26,7,14469,-1,1,-17,-8,36278,123,33,67,0,0,0,0,0,0,0,0,-32300,0,0,0,0,0,1307291,0
1307108,1410,8014,346,72,-25,11,14469,0,2,-18,-8,36278,123,33,67,0,0,0,0,0,0,0,0,-32300,0,0,0,0,0,1307296,0
1307113,1408,7990,318,74,-20,17,14468,-4,-4,-19,-8,36278,123,33,67,0,0,0,0,0,0,0,0,-32301,0,0,0,0,0,1307302,0
1307118,1400,8006,330,77,-12,20,14470,4,-5,-17,-8,36283,124,33,67,0,0,0,0,0,0,0,0,-32300,0,0,0,0,0,1307308,0
1307123,1430,8008,344,77,-15,28,14468,0,0,-16,-8,36283,124,33,67,0,0,0,0,0,0,0,0,-32301,0,0,0,0,0,1307313,0
1307128,1396,7928,368,84,-9,37,14469,-1,2,-17,-8,36282,132,33,67,0,0,0,0,0,0,0,0,-32300,0,0,0,0,0,1307318,0
1307133,1364,7872,346,85,-1,45,14469,-2,-1,-16,-8,36282,132,33,67,0,0,0,0,0,0,0,0,-32301,0,0,0,0,0,1307324,0
1307138,1254,7716,332,82,-4,50,14469,0,2,-15,-8,36281,122,33,67,0,0,0,0,0,0,0,0,-32300,0,0,0,0,0,1307329,0
1307143,1372,7696,300,89,-5,54,14470,5,1,-16,-8,36281,122,33,67,0,0,0,0,0,0,0,0,-32301,0,0,0,0,0,1307335,0
1307148,1412,7842,346,83,9,42,14468,-1,-1,-16,-16,36276,121,33,67,0,0,0,0,0,0,0,0,-32301,0,0,0,0,0,1307340,0
1307153,1424,7894,348,86,15,28,14469,-4,1,-17,-8,36276,121,33,67,0,0,0,0,0,0,0,0,-32301,0,0,0,0,0,1307345,0
1307158,1390,7888,276,87,14,18,14468,-3,-2,-16,-8,36279,122,33,67,0,0,0,0,0,0,0,0,-32301,0,0,0,0,0,1307351,0
1307163,1366,7934,288,88,12,18,14467,-2,4,-18,-8,36279,122,33,67,0,0,0,0,0,0,0,0,-32300,0,0,0,0,0,1307356,0
1307168,1340,7848,298,89,-8,22,14469,1,-3,-17,-16,36279,128,33,67,0,0,0,0,0,0,0,0,-32300,0,0,0,0,0,1307362,0
1307173,1348,7838,270,94,-10,26,14469,0,-2,-17,-8,36279,128,33,67,0,0,0,0,0,0,0,0,-32300,0,0,0,0,0,1307367,0
1307178,1400,7924,304,99,-7,37,14468,-6,5,-18,-8,36277,126,33,67,0,0,0,0,0,0,0,0,-32301,0,0,0,0,0,1307373,0
1307183,1476,7988,280,98,-16,48,14469,-1,0,-16,-16,36277,126,33,67,0,0,0,0,0,0,0,0,-32301,0,0,0,0,0,1307378,0
1307188,1524,8062,270,104,-2,61,14470,7,-2,-16,-8,36278,131,33,67,0,0,0,0,0,0,0,0,-32300,0,0,0,0,0,1307383,0
1307193,1542,8090,252,108,1,54,14469,0,4,-15,-8,36278,131,33,67,0,0,0,0,0,0,0,0,-32301,0,0,0,0,0,1307389,0
1307198,1522,8152,264,108,-6,60,14469,-5,1,-16,-16,36281,130,33,67,0,0,0,0,0,0,0,0,-32300,0,0,0,0,0,1307395,0
1307203,1566,8180,260,114,-8,63,14470,3,-4,-17,-8,36281,130,33,67,0,0,0,0,0,0,0,0,-32301,0,0,0,0,0,1307400,0
1307208,1628,8210,250,120,-9,77,14469,-2,-1,-17,-8,36281,132,33,67,0,0,0,0,0,0,0,0,-32301,0,0,0,0,0,1307406,0
1307213,1586,8138,234,122,-13,86,14470,5,1,-18,-8,36281,132,33,67,0,0,0,0,0,0,0,0,-32300,0,0,0,0,0,1307412,0
1307218,1640,8070,250,124,-13,103,14472,4,2,-17,-16,36284,130,33,67,0,0,0,0,0,0,0,0,-32301,0,0,0,0,0,1307417,0
1307223,1660,8060,260,132,-14,119,14472,7,0,-18,-8,36284,130,33,67,0,0,0,0,0,0,0,0,-32301,0,0,0,0,0,1307422,0
1307228,1694,8014,282,136,6,148,14471,-3,2,-17,0,36282,131,33,67,0,0,0,0,0,0,0,0,-32301,0,0,0,0,0,1307428,0
1307233,1746,8012,282,143,16,163,14472,-2,-6,-17,-8,36282,131,33,67,0,0,0,0,0,0,0,0,-32301,0,0,0,0,0,1307433,0
1307238,1734,8010,308,149,32,171,14473,15,-1,-14,0,36281,135,33,67,0,0,0,0,0,0,0,0,-32301,0,0,0,0,0,1307439,0
1307243,1720,8008,266,149,34,173,14471,-1,2,-17,-16,36281,135,33,67,0,0,0,0,0,0,0,0,-32301,0,0,0,0,0,1307444,0
1307248,1688,8028,300,153,42,182,14471,-4,-3,-16,-8,36277,126,33,67,0,0,0,0,0,0,0,0,-32300,0,0,0,0,0,1307450,0
1307253,1670,8032,296,151,45,187,14471,-8,-3,-17,-8,36277,126,33,67,0,0,0,0,0,0,0,0,-32301,0,0,0,0,0,1307455,0
1307258,1668,8066,280,152,49,192,14472,0,2,-17,-8,36277,125,33,67,0,0,0,0,0,0,0,0,-32300,0,0,0,0,0,1307460,0
1307263,1662,8050,294,153,54,196,14472,-2,-2,-17,-8,36277,125,33,67,0,0,0,0,0,0,0,0,-32301,0,0,0,0,0,1307466,0
1307268,1672,8086,284,156,66,208,14470,-9,-1,-19,-8,36277,127,33,67,0,0,0,0,0,0,0,0,-32301,0,0,0,0,0,1307471,0
1307273,1686,8098,308,156,68,213,14472,5,1,-16,-8,36277,127,33,67,0,0,0,0,0,0,0,0,-32301,0,0,0,0,0,1307477,0
1307278,1720,8138,288,158,70,217,14472,0,3,-17,-16,36278,127,33,67,0,0,0,0,0,0,0,0,-32300,0,0,0,0,0,1307482,0
1307283,1722,8156,266,157,73,220,14471,-3,1,-15,-16,36278,127,33,67,0,0,0,0,0,0,0,0,-32300,0,0,0,0,0,1307488,0
1307288,1780,8126,304,158,70,235,14473,11,0,-16,-16,36276,122,33,67,0,0,0,0,0,0,0,0,-32300,0,0,0,0,0,1307493,0
1307293,1808,8104,282,152,70,237,14471,2,0,-16,-16,36276,122,33,67,0,0,0,0,0,0,0,0,-32301,0,0,0,0,0,1307499,0
1307298,1822,8086,278,152,70,249,14472,2,2,-15,-8,36277,131,33,67,0,0,0,0,0,0,0,0,-32300,0,0,0,0,0,1307504,0
1307303,1856,8092,290,154,76,256,14472,-2,-5,-17,-8,36277,131,33,67,0,0,0,0,0,0,0,0,-32301,0,0,0,0,0,1307509,0
1307308,1916,8066,314,155,71,265,14472,-4,2,-18,-8,36277,135,33,67,0,0,0,0,0,0,0,0,-32301,0,0,0,0,0,1307515,0
1307313,1924,8034,294,155,78,285,14473,2,-1,-18,-8,36277,135,33,67,0,0,0,0,0,0,0,0,-32301,0,0,0,0,0,1307520,0
1307318,1956,8060,300,157,70,290,14475,10,0,-17,-8,36282,128,33,67,0,0,0,0,0,0,0,0,-32300,0,0,0,0,0,1307526,0
1307323,1972,8070,306,153,78,307,14474,7,0,-17,-8,36282,128,33,67,0,0,0,0,0,0,0,0,-32301,0,0,0,0,0,1307531,0
1307328,1966,8068,310,154,86,337,14475,5,5,-17,0,36285,121,33,67,0,0,0,0,0,0,0,0,-32301,0,0,0,0,0,1307537,0
1307333,1978,8076,296,152,88,343,14476,5,2,-16,-8,36285,121,33,67,0,0,0,0,0,0,0,0,-32300,0,0,0,0,0,1307542,0
1307338,1950,8074,298,153,87,357,14476,4,2,-15,-8,36285,124,33,67,0,0,0,0,0,0,0,0,-32300,0,0,0,0,0,1307547,0
1307343,1946,8052,300,159,90,371,14477,0,0,-16,-8,36285,124,33,67,0,0,0,0,0,0,0,0,-32300,0,0,0,0,0,1307553,0
1307348,1940,8034,292,160,93,392,14477,-1,-2,-15,-8,36283,129,33,67,0,0,0,0,0,0,0,0,-32300,0,0,0,0,0,1307559,0
1307353,1958,8058,260,161,91,399,14477,2,-6,-17,-8,36283,129,33,67,0,0,0,0,0,0,0,0,-32301,0,0,0,0,0,1307564,0
1307358,1940,8014,280,155,93,410,14477,-4,-6,-17,-8,36276,131,33,67,0,0,0,0,0,0,0,0,-32301,0,0,0,0,0,1307569,0
1307363,1950,8014,266,156,90,414,14477,1,1,-19,-8,36276,131,33,67,0,0,0,0,0,0,0,0,-32300,0,0,0,0,0,1307575,0
1307368,1970,8030,270,159,91,431,14479,10,0,-17,-8,36276,126,33,67,0,0,0,0,0,0,0,0,-32301,0,0,0,0,0,1307580,0
1307373,1956,8030,256,163,87,435,14478,0,0,-17,-8,36276,126,33,67,0,0,0,0,0,0,0,0,-32300,0,0,0,0,0,1307586,0
1307378,1938,8042,256,165,86,445,14478,-3,3,-18,-8,36280,135,33,67,0,0,0,0,0,0,0,0,-32300,0,0,0,0,0,1307591,0
1307383,1950,8032,268,160,88,451,14479,1,2,-16,-8,36280,135,33,67,0,0,0,0,0,0,0,0,-32300,0,0,0,0,0,1307597,0
1307388,1978,8040,254,168,87,470,14478,2,-2,-17,-8,36294,131,33,67,0,0,0,0,0,0,0,0,-32301,0,0,0,0,0,1307602,0
1307393,1994,8038,252,168,87,475,14479,0,-1,-16,-8,36294,131,33,67,0,0,0,0,0,0,0,0,-32300,0,0,0,0,0,1307608,0
1307398,2002,8044,262,167,87,485,14479,-6,-1,-15,-8,36295,132,33,67,0,0,0,0,0,0,0,0,-32301,0,0,0,0,0,1307613,0
1307403,1996,7980,272,169,87,492,14480,5,-1,-17,-8,36295,132,33,67,0,0,0,0,0,0,0,0,-32301,0,0,0,0,0,1307618,0
1307408,2030,7944,254,172,93,510,14479,-1,0,-18,-8,36295,130,33,67,0,0,0,0,0,0,0,0,-32301,0,0,0,0,0,1307625,0
1307413,2052,7954,250,178,90,520,14480,-1,1,-19,-16,36295,130,33,67,0,0,0,0,0,0,0,0,-32300,0,0,0,0,0,1307631,0
1307418,2046,7914,262,179,92,529,14479,-4,-3,-17,-8,36285,132,33,67,0,0,0,0,0,0,0,0,-32301,0,0,0,0,0,1307636,0
1307423,2040,7872,248,175,89,537,14480,-1,-4,-18,-8,36285,132,33,67,0,0,0,0,0,0,0,0,-32300,0,0,0,0,0,1307641,0
1307428,2070,7884,256,181,93,550,14481,0,2,-18,-8,36288,128,33,67,0,0,0,0,0,0,0,0,-32301,0,0,0,0,0,1307647,0
1307433,2062,7852,254,180,96,555,14482,7,-1,-18,-8,36288,128,33,67,0,0,0,0,0,0,0,0,-32301,0,0,0,0,0,1307652,0
1307438,2066,7844,280,181,93,567,14481,-7,-1,-16,-8,36286,128,33,67,0,0,0,0,0,0,0,0,-32301,0,0,0,0,0,1307657,0
1307443,2036,7864,296,184,106,575,14482,0,2,-18,-8,36286,128,33,67,0,0,0,0,0,0,0,0,-32300,0,0,0,0,0,1307663,0
1307448,2034,7884,286,193,112,585,14482,7,-2,-15,-8,36285,121,33,67,0,0,0,0,0,0,0,0,-32301,0,0,0,0,0,1307668,0
1307453,2010,7904,292,191,118,596,14482,2,-4,-17,-8,36285,121,33,67,0,0,0,0,0,0,0,0,-32300,0,0,0,0,0,1307674,0
1307458,1992,7912,274,194,121,600,14482,1,1,-17,-16,36281,113,33,67,0,0,0,0,0,0,0,0,-32301,0,0,0,0,0,1307679,0
1307463,2006,7918,282,202,128,608,14482,-3,-1,-18,-8,36281,113,33,67,0,0,0,0,0,0,0,0,-32301,0,0,0,0,0,1307685,0
1307468,1986,7964,278,200,133,607,14484,0,0,-18,-8,36281,119,33,67,0,0,0,0,0,0,0,0,-32301,0,0,0,0,0,1307690,0
1307473,1984,7936,292,204,137,614,14482,-5,-2,-18,-8,36281,119,33,67,0,0,0,0,0,0,0,0,-32301,0,0,0,0,0,1307695,0
1307478,1968,7912,284,206,140,621,14484,3,-1,-18,-8,36281,124,33,67,0,0,0,0,0,0,0,0,-32301,0,0,0,0,0,1307701,0
1307483,1958,7888,258,206,143,623,14484,1,2,-17,-8,36281,124,33,67,0,0,0,0,0,0,0,0,-32301,0,0,0,0,0,1307706,0
1307488,1986,7870,260,206,144,631,14485,4,-3,-16,-8,36281,125,33,67,0,0,0,0,0,0,0,0,-32301,0,0,0,0,0,1307712,0
1307493,2014,7856,262,208,144,624,14486,1,5,-16,-8,36281,125,33,67,0,0,0,0,0,0,0,0,-32301,0,0,0,0,0,1307717,0
1307498,2012,7840,240,199,145,633,14487,8,7,-17,-8,36280,124,33,67,0,0,0,0,0,0,0,0,-32301,0,0,0,0,0,1307723,0
1307503,2022,7796,234,211,146,632,14489,14,4,-20,0,36280,124,33,67,0,0,0,0,0,0,0,0,-32300,0,0,0,0,0,1307728,0
1307508,2064,7762,256,205,145,633,14491,23,7,-20,8,36281,125,33,67,0,0,0,0,0,0,0,0,-32301,0,0,0,0,0,1307734,0
1307513,2096,7754,228,207,149,633,14497,23,14,-21,24,36281,125,33,67,0,0,0,0,0,0,0,0,-32300,0,0,0,0,0,1307740,0
1307518,2150,7738,234,206,147,625,14512,72,44,-26,32,36280,123,33,67,0,0,0,0,0,0,0,0,-32301,0,0,0,0,0,1307745,0
1307523,2202,7714,250,208,154,618,14538,111,78,-24,40,36280,123,33,67,0,0,0,0,0,0,0,0,-32301,0,0,0,0,0,1307750,0
1307528,2196,7698,238,206,161,590,14560,95,82,-24,24,36285,126,33,67,0,0,0,0,0,0,0,0,-32301,0,0,0,0,0,1307756,0
1307533,2100,7638,236,208,162,582,14584,108,68,-26,40,36285,126,33,67,0,0,0,0,0,0,0,0,-32300,0,0,0,0,0,1307761,0
1307538,2050,7624,198,198,167,585,14612,119,48,-24,40,36285,126,33,67,0,0,0,0,0,0,0,0,-32300,0,0,0,0,0,1307767,0
1307543,2052,7552,194,206,165,585,14642,137,27,-30,56,36285,126,33,67,0,0,0,0,0,0,0,0,-32301,0,0,0,0,0,1307772,0
1307548,2136,7496,216,206,157,594,14681,174,43,-27,64,36285,126,33,67,0,0,0,0,0,0,0,0,-32301,0,0,0,0,0,1307777,0
1307553,2236,7484,224,204,159,580,14726,203,77,-23,80,36285,126,33,67,0,0,0,0,0,0,0,0,-32301,0,0,0,0,0,1307783,0
1307558,2228,7488,218,211,153,573,14774,208,85,-28,72,36285,132,33,67,0,0,0,0,0,0,0,0,-32301,0,0,0,0,0,1307788,0
1307563,2230,7510,220,209,152,565,14820,208,76,-38,72,36285,132,33,67,0,0,0,0,0,0,0,0,-32301,0,0,0,0,0,1307794,0
1307568,2100,7518,236,216,155,562,14868,216,43,-37,72,36282,127,33,67,0,0,0,0,0,0,0,0,-32300,0,0,0,0,0,1307799,0
1307573,2076,7544,196,208,154,567,14917,215,21,-44,80,36282,127,33,67,0,0,0,0,0,0,0,0,-32300,0,0,0,0,0,1307805,0
1307578,2078,7556,236,213,152,578,14968,224,17,-48,88,36281,129,33,67,0,0,0,0,0,0,0,0,-32301,0,0,0,0,0,1307810,0
1307583,2176,7554,212,217,151,575,15021,232,21,-49,80,36281,129,33,67,0,0,0,0,0,0,0,0,-32300,0,0,0,0,0,1307816,0
1307588,2310,7584,258,215,166,579,15080,251,33,-50,96,36281,120,33,67,0,0,0,0,0,0,0,0,-32301,0,0,0,0,0,1307821,0
1307593,2436,7640,278,217,181,576,15143,289,48,-43,112,36281,120,33,67,0,0,0,0,0,0,0,0,-32300,0,0,0,0,0,1307822,0
1307598,2488,7616,262,217,201,562,15210,303,30,-40,112,36278,125,33,67,0,0,0,0,0,0,0,0,-32301,0,0,0,0,0,1307828,0
1307603,2494,7630,264,223,230,558,15278,296,31,-62,96,36278,125,33,67,0,0,0,0,0,0,0,0,-32302,0,0,0,0,0,1307833,0
1307608,2296,7494,272,224,279,560,15344,295,29,-69,96,36279,129,33,67,0,0,0,0,0,0,0,0,-32301,0,0,0,0,0,1307839,0
1307613,2160,7288,280,225,298,570,15408,281,30,-74,88,36279,129,33,67,0,0,0,0,0,0,0,0,-32301,0,0,0,0,0,1307844,0
1307618,2230,7148,224,229,328,588,15475,293,4,-79,112,36279,125,33,67,0,0,0,0,0,0,0,0,-32301,0,0,0,0,0,1307850,0
1307623,2372,7118,226,220,363,602,15543,299,23,-76,112,36279,125,33,67,0,0,0,0,0,0,0,0,-32300,0,0,0,0,0,1307856,0
1307628,2480,7188,200,224,398,573,15610,297,9,-80,88,36279,118,33,67,0,0,0,0,0,0,0,0,-32301,0,0,0,0,0,1307861,0
1307633,2448,7420,290,225,417,559,15673,277,1,-91,72,36279,118,33,67,0,0,0,0,0,0,0,0,-32300,0,0,0,0,0,1307866,0
1307638,2384,7548,202,225,437,537,15732,252,-18,-102,72,36286,123,33,67,0,0,0,0,0,0,0,0,-32301,0,0,0,0,0,1307872,0
1307643,2194,7526,134,215,446,532,15783,227,-50,-108,56,36286,123,33,67,0,0,0,0,0,0,0,0,-32301,0,0,0,0,0,1307877,0
1307648,2110,7516,124,219,431,550,15831,207,-73,-105,56,36286,124,33,67,0,0,0,0,0,0,0,0,-32301,0,0,0,0,0,1307883,0
1307653,2198,7490,114,207,422,563,15878,208,-76,-109,72,36286,124,33,67,0,0,0,0,0,0,0,0,-32301,0,0,0,0,0,1307888,0
1307658,2382,7504,116,215,408,566,15930,228,-46,-104,56,36288,121,33,67,0,0,0,0,0,0,0,0,-32300,0,0,0,0,0,1307894,0
1307663,2528,7576,142,215,404,556,15980,223,-17,-107,64,36288,121,33,67,0,0,0,0,0,0,0,0,-32300,0,0,0,0,0,1307899,0
1307668,2524,7726,200,208,406,540,16033,228,10,-113,56,36284,121,33,67,0,0,0,0,0,0,0,0,-32300,0,0,0,0,0,1307905,0
1307673,2446,7682,136,208,412,528,16083,225,17,-114,56,36284,121,33,67,0,0,0,0,0,0,0,0,-32301,0,0,0,0,0,1307910,0
1307678,2366,7732,164,205,404,533,16133,216,10,-118,56,36284,122,33,67,0,0,0,0,0,0,0,0,-32300,0,0,0,0,0,1307916,0
1307683,2332,7766,112,206,404,540,16180,197,-15,-123,32,36284,122,33,67,0,0,0,0,0,0,0,0,-32300,0,0,0,0,0,1307921,0
1307688,2342,7772,104,195,380,564,16226,203,-21,-122,48,36282,123,33,67,0,0,0,0,0,0,0,0,-32300,0,0,0,0,0,1307927,0
1307693,2410,7792,90,199,369,561,16268,190,-30,-128,40,36282,123,33,67,0,0,0,0,0,0,0,0,-32300,0,0,0,0,0,1307932,0
1307698,2542,7818,84,196,351,572,16312,194,-23,-127,40,36280,124,33,67,0,0,0,0,0,0,0,0,-32300,0,0,0,0,0,1307937,0
1307703,2570,7892,128,191,344,572,16356,199,-21,-129,32,36280,124,33,67,0,0,0,0,0,0,0,0,-32301,0,0,0,0,0,1307943,0
1307708,2622,7946,152,193,345,575,16399,186,-6,-130,32,36280,123,33,67,0,0,0,0,0,0,0,0,-32301,0,0,0,0,0,1307948,0
1307713,2612,7928,150,200,340,576,16442,192,-2,-135,32,36280,123,33,67,0,0,0,0,0,0,0,0,-32301,0,0,0,0,0,1307954,0
1307718,2616,7932,168,194,338,581,16489,210,1,-133,40,36280,132,33,67,0,0,0,0,0,0,0,0,-32300,0,0,0,0,0,1307959,0
1307723,2626,7940,192,190,333,585,16536,208,12,-137,56,36280,132,33,67,0,0,0,0,0,0,0,0,-32300,0,0,0,0,0,1307965,0
1307728,2608,7980,176,199,326,591,16579,191,13,-142,32,36279,132,33,67,0,0,0,0,0,0,0,0,-32301,0,0,0,0,0,1307970,0
1307733,2582,8004,170,201,315,601,16624,193,5,-148,32,36279,132,33,67,0,0,0,0,0,0,0,0,-32300,0,0,0,0,0,1307976,0
1307738,2540,7992,194,203,309,612,16667,192,-9,-151,40,36279,124,33,67,0,0,0,0,0,0,0,0,-32300,0,0,0,0,0,1307981,0
1307743,2580,8024,186,200,311,623,16710,185,-14,-149,32,36279,124,33,67,0,0,0,0,0,0,0,0,-32300,0,0,0,0,0,1307987,0
1307748,2592,8096,244,206,301,645,16750,182,-18,-150,24,36279,119,33,67,0,0,0,0,0,0,0,0,-32300,0,0,0,0,0,1307992,0
1307753,2558,8110,250,203,297,652,16787,153,-21,-159,32,36279,119,33,67,0,0,0,0,0,0,0,0,-32300,0,0,0,0,0,1307998,0
1307758,2568,8120,232,201,292,662,16826,165,-21,-158,24,36282,111,33,67,0,0,0,0,0,0,0,0,-32300,0,0,0,0,0,1308003,0
1307763,2564,8120,242,202,289,670,16861,152,-25,-158,24,36282,111,33,67,0,0,0,0,0,0,0,0,-32301,0,0,0,0,0,1308008,0
1307768,2446,8146,234,209,274,685,16896,139,-24,-164,8,36280,118,33,67,0,0,0,0,0,0,0,0,-32300,0,0,0,0,0,1308014,0
1307773,2414,8128,230,215,264,698,16929,145,-25,-170,16,36280,118,33,67,0,0,0,0,0,0,0,0,-32300,0,0,0,0,0,1308019,0
1307778,2428,8092,232,203,257,706,16962,139,-8,-158,0,36277,120,33,67,0,0,0,0,0,0,0,0,-32300,0,0,0,0,0,1308024,0
1307783,2416,8096,198,210,248,716,16994,135,-15,-169,8,36277,120,33,67,0,0,0,0,0,0,0,0,-32300,0,0,0,0,0,1308030,0
1307788,2338,8100,196,210,227,732,17022,117,-17,-163,-16,36276,116,33,67,0,0,0,0,0,0,0,0,-32300,0,0,0,0,0,1308036,0
1307793,2308,8162,212,212,223,747,17045,100,-26,-164,-8,36276,116,33,67,0,0,0,0,0,0,0,0,-32301,0,0,0,0,0,1308041,0
1307798,2308,8218,208,206,211,754,17068,108,-37,-171,-16,36275,122,33,67,0,0,0,0,0,0,0,0,-32300,0,0,0,0,0,1308047,0
1307803,2342,8268,164,216,203,768,17084,65,-46,-164,-40,36275,122,33,67,0,0,0,0,0,0,0,0,-32301,0,0,0,0,0,1308052,0
1307808,2272,8334,162,206,190,794,17091,21,-68,-164,-48,36276,123,33,67,0,0,0,0,0,0,0,0,-32301,0,0,0,0,0,1308058,0
1307813,2260,8376,130,203,178,814,17091,-4,-83,-167,-56,36276,123,33,67,0,0,0,0,0,0,0,0,-32301,0,0,0,0,0,1308063,0
1307818,2296,8406,140,207,164,836,17091,1,-91,-170,-48,36278,123,33,67,0,0,0,0,0,0,0,0,-32301,0,0,0,0,0,1308069,0
1307823,2334,8430,144,211,161,851,17091,-4,-80,-167,-48,36278,123,33,67,0,0,0,0,0,0,0,0,-32300,0,0,0,0,0,1308074,0
1307828,2448,8542,164,222,146,871,17092,6,-41,-168,-48,36279,130,33,67,0,0,0,0,0,0,0,0,-32300,0,0,0,0,0,1308079,0
1307833,2422,8638,170,224,142,871,17092,5,-7,-168,-48,36279,130,33,67,0,0,0,0,0,0,0,0,-32300,0,0,0,0,0,1308085,0
1307838,2314,8628,174,239,142,870,17092,8,2,-168,-48,36279,130,33,67,0,0,0,0,0,0,0,0,-32301,0,0,0,0,0,1308091,0
1307843,2242,8562,148,246,135,881,17091,-3,-4,-171,-48,36279,130,33,67,0,0,0,0,0,0,0,0,-32301,0,0,0,0,0,1308096,0
1307848,2140,8418,138,257,115,902,17091,-5,-1,-172,-40,36282,131,33,67,0,0,0,0,0,0,0,0,-32301,0,0,0,0,0,1308101,0
1307853,2108,8372,124,260,108,907,17091,-2,-4,-171,-48,36282,131,33,67,0,0,0,0,0,0,0,0,-32301,0,0,0,0,0,1308107,0
1307858,2076,8342,142,277,93,919,17093,10,-1,-169,-48,36280,136,33,67,0,0,0,0,0,0,0,0,-32301,0,0,0,0,0,1308112,0
1307863,2064,8352,166,284,85,923,17091,5,-2,-168,-56,36280,136,33,67,0,0,0,0,0,0,0,0,-32300,0,0,0,0,0,1308118,0
1307868,2032,8264,146,296,66,932,17091,0,-2,-169,-40,36282,139,33,67,0,0,0,0,0,0,0,0,-32300,0,0,0,0,0,1308123,0
1307873,2042,8328,136,313,55,933,17092,1,0,-168,-48,36282,139,33,67,0,0,0,0,0,0,0,0,-32300,0,0,0,0,0,1308129,0
1307878,2032,8398,144,317,57,934,17091,-2,-1,-169,-48,36282,138,33,67,0,0,0,0,0,0,0,0,-32301,0,0,0,0,0,1308134,0
1307883,2006,8392,166,330,53,933,17091,2,-3,-170,-48,36282,138,33,67,0,0,0,0,0,0,0,0,-32301,0,0,0,0,0,1308140,0
1307888,1926,8366,124,347,47,942,17091,-2,-5,-169,-48,36282,131,33,67,0,0,0,0,0,0,0,0,-32300,0,0,0,0,0,1308145,0
1307893,1882,8358,148,356,39,936,17092,3,-2,-171,-48,36282,131,33,67,0,0,0,0,0,0,0,0,-32301,0,0,0,0,0,1308151,0
1307898,1872,8336,138,366,36,947,17092,3,1,-171,-40,36281,123,33,67,0,0,0,0,0,0,0,0,-32300,0,0,0,0,0,1308156,0
1307903,1840,8326,128,375,36,949,17091,-3,2,-168,-48,36281,123,33,67,0,0,0,0,0,0,0,0,-32300,0,0,0,0,0,1308162,0
1307908,1866,8300,170,391,37,945,17093,8,-4,-167,-56,36277,117,33,67,0,0,0,0,0,0,0,0,-32301,0,0,0,0,0,1308167,0
1307913,1864,8288,162,402,33,943,17090,2,-4,-169,-48,36277,117,33,67,0,0,0,0,0,0,0,0,-32300,0,0,0,0,0,1308173,0
1307918,1856,8258,184,406,30,937,17091,2,-2,-170,-48,36276,118,33,67,0,0,0,0,0,0,0,0,-32300,0,0,0,0,0,1308178,0
1307923,1858,8242,208,412,34,932,17092,0,-4,-170,-48,36276,118,33,67,0,0,0,0,0,0,0,0,-32301,0,0,0,0,0,1308184,0
1307928,1808,8192,272,421,36,929,17091,-1,3,-167,-48,36276,119,33,67,0,0,0,0,0,0,0,0,-32301,0,0,0,0,0,1308189,0
1307933,1762,8170,262,424,43,922,17092,4,-5,-169,-48,36276,119,33,67,0,0,0,0,0,0,0,0,-32300,0,0,0,0,0,1308195,0
1307938,1754,8110,294,426,50,918,17091,-1,-8,-171,-48,36276,129,33,67,0,0,0,0,0,0,0,0,-32301,0,0,0,0,0,1308200,0
1307943,1766,8066,300,429,51,916,17091,0,2,-170,-48,36276,129,33,67,0,0,0,0,0,0,0,0,-32300,0,0,0,0,0,1308206,0
1307948,1724,7994,312,435,61,889,17091,0,1,-168,-48,36279,134,33,67,0,0,0,0,0,0,0,0,-32300,0,0,0,0,0,1308211,0
1307953,1724,7978,306,435,66,876,17090,-3,-1,-168,-56,36279,134,33,67,0,0,0,0,0,0,0,0,-32300,0,0,0,0,0,1308216,0
1307958,1736,7940,326,428,69,858,17091,2,-4,-167,-56,36277,129,33,67,0,0,0,0,0,0,0,0,-32300,0,0,0,0,0,1308222,0
1307963,1708,7930,344,424,78,839,17091,3,-1,-166,-48,36277,129,33,67,0,0,0,0,0,0,0,0,-32300,0,0,0,0,0,1308228,0
1307968,1746,7914,376,420,97,794,17091,6,5,-167,-48,36274,129,33,67,0,0,0,0,0,0,0,0,-32300,0,0,0,0,0,1308234,0
1307973,1730,7954,384,415,109,779,17091,5,0,-170,-48,36274,129,33,67,0,0,0,0,0,0,0,0,-32301,0,0,0,0,0,1308240,0
1307978,1700,7960,378,405,123,762,17090,-1,0,-167,-56,36270,122,33,67,0,0,0,0,0,0,0,0,-32301,0,0,0,0,0,1308246,0
1307983,1648,7938,384,403,129,738,17090,-7,0,-168,-48,36270,122,33,67,0,0,0,0,0,0,0,0,-32300,0,0,0,0,0,1308251,0
1307988,1608,7928,414,389,149,703,17090,-1,-1,-168,-48,36268,125,33,67,0,0,0,0,0,0,0,0,-32300,0,0,0,0,0,1308256,0
1307993,1598,7944,388,377,149,683,17091,7,1,-168,-48,36268,125,33,67,0,0,0,0,0,0,0,0,-32301,0,0,0,0,0,1308262,0
1307998,1582,7908,394,369,155,663,17090,-1,1,-171,-48,36270,122,33,67,0,0,0,0,0,0,0,0,-32300,0,0,0,0,0,1308268,0
1308003,1600,7900,412,362,163,644,17090,3,1,-172,-48,36270,122,33,67,0,0,0,0,0,0,0,0,-32300,0,0,0,0,0,1308273,0
1308008,1608,7872,396,349,162,596,17090,-3,-3,-171,-48,36275,120,33,67,0,0,0,0,0,0,0,0,-32301,0,0,0,0,0,1308279,0
1308013,1644,7854,404,342,170,571,17091,3,-1,-170,-48,36275,120,33,67,0,0,0,0,0,0,0,0,-32300,0,0,0,0,0,1308284,0
1308018,1630,7830,384,328,170,548,17090,5,-1,-169,-48,36276,125,33,67,0,0,0,0,0,0,0,0,-32300,0,0,0,0,0,1308289,0
1308023,1626,7800,382,321,174,525,17089,-1,4,-167,-56,36276,125,33,67,0,0,0,0,0,0,0,0,-32301,0,0,0,0,0,1308295,0
1308028,1682,7778,370,310,165,475,17090,-8,-4,-167,-48,36276,128,33,67,0,0,0,0,0,0,0,0,-32301,0,0,0,0,0,1308300,0
1308033,1664,7784,318,303,172,450,17089,-3,1,-169,-40,36276,128,33,67,0,0,0,0,0,0,0,0,-32300,0,0,0,0,0,1308305,0
1308038,1680,7772,336,291,172,427,17090,0,2,-168,-48,36277,131,33,67,0,0,0,0,0,0,0,0,-32300,0,0,0,0,0,1308311,0
1308043,1690,7736,326,283,164,398,17089,-1,1,-170,-48,36277,131,33,67,0,0,0,0,0,0,0,0,-32300,0,0,0,0,0,1308317,0
1308048,1744,7702,306,272,160,338,17091,0,0,-170,-56,36276,130,33,67,0,0,0,0,0,0,0,0,-32300,0,0,0,0,0,1308322,0
1308053,1724,7674,298,266,162,316,17091,3,2,-170,-56,36276,130,33,67,0,0,0,0,0,0,0,0,-32300,0,0,0,0,0,1308327,0
1308058,1760,7684,284,257,159,282,17090,-2,0,-170,-48,36282,116,33,67,0,0,0,0,0,0,0,0,-32300,0,0,0,0,0,1308333,0
1308063,1742,7682,288,253,158,260,17090,1,-3,-170,-48,36282,116,33,67,0,0,0,0,0,0,0,0,-32301,0,0,0,0,0,1308338,0
1308068,1828,7636,250,243,154,206,17089,-2,0,-169,-48,36281,107,33,67,0,0,0,0,0,0,0,0,-32301,0,0,0,0,0,1308343,0
1308073,1842,7590,260,240,152,171,17089,-2,0,-169,-48,36281,107,33,67,0,0,0,0,0,0,0,0,-32301,0,0,0,0,0,1308349,0
1308078,1840,7580,232,235,150,149,17089,0,3,-167,-48,36280,114,33,67,0,0,0,0,0,0,0,0,-32300,0,0,0,0,0,1308355,0
1308083,1908,7570,234,236,149,123,17089,0,4,-168,-48,36280,114,33,67,0,0,0,0,0,0,0,0,-32300,0,0,0,0,0,1308360,0
1308088,1974,7530,228,230,147,69,17091,0,-1,-170,-56,36274,129,33,67,0,0,0,0,0,0,0,0,-32300,0,0,0,0,0,1308365,0
1308093,1982,7500,210,229,144,40,17090,1,2,-170,-48,36274,129,33,67,0,0,0,0,0,0,0,0,-32301,0,0,0,0,0,1308371,0
1308098,2022,7474,196,224,141,12,17089,-2,5,-169,-56,36273,134,33,67,0,0,0,0,0,0,0,0,-32300,0,0,0,0,0,1308377,0
1308103,2058,7434,190,223,136,-3,17089,2,-2,-168,-48,36273,134,33,67,0,0,0,0,0,0,0,0,-32300,0,0,0,0,0,1308382,0
1308108,2132,7376,174,221,136,-52,17090,2,-1,-169,-48,36276,126,33,67,0,0,0,0,0,0,0,0,-32300,0,0,0,0,0,1308388,0
1308113,2166,7326,200,225,135,-70,17089,-1,6,-168,-40,36276,126,33,67,0,0,0,0,0,0,0,0,-32301,0,0,0,0,0,1308393,0
1308118,2180,7300,148,218,131,-91,17090,0,3,-169,-48,36280,120,33,67,0,0,0,0,0,0,0,0,-32300,0,0,0,0,0,1308398,0
1308123,2254,7296,166,221,133,-107,17091,7,3,-168,-56,36280,120,33,67,0,0,0,0,0,0,0,0,-32300,0,0,0,0,0,1308404,0
1308128,2306,7284,138,224,129,-142,17090,-2,0,-167,-48,36281,116,33,67,0,0,0,0,0,0,0,0,-32301,0,0,0,0,0,1308409,0
1308133,2360,7232,176,222,130,-157,17091,4,4,-171,-40,36281,116,33,67,0,0,0,0,0,0,0,0,-32301,0,0,0,0,0,1308414,0
1308138,2372,7202,160,226,128,-171,17090,2,-5,-169,-48,36279,122,33,67,0,0,0,0,0,0,0,0,-32301,0,0,0,0,0,1308420,0
1308143,2412,7162,174,224,131,-179,17090,-3,1,-167,-48,36279,122,33,67,0,0,0,0,0,0,0,0,-32301,0,0,0,0,0,1308426,0
1308148,2500,7158,182,223,129,-203,17090,1,-2,-168,-40,36278,122,33,67,0,0,0,0,0,0,0,0,-32301,0,0,0,0,0,1308431,0
1308153,2538,7158,178,221,126,-209,17089,-8,2,-170,-48,36278,122,33,67,0,0,0,0,0,0,0,0,-32300,0,0,0,0,0,1308436,0
1308158,2580,7216,176,220,131,-216,17089,-3,0,-168,-56,36276,129,33,67,0,0,0,0,0,0,0,0,-32300,0,0,0,0,0,1308442,0
1308163,2612,7220,198,216,134,-226,17091,3,-2,-169,-48,36276,129,33,67,0,0,0,0,0,0,0,0,-32300,0,0,0,0,0,1308447,0
1308168,2694,7318,180,211,139,-240,17090,1,2,-169,-40,36283,122,33,67,0,0,0,0,0,0,0,0,-32300,0,0,0,0,0,1308453,0
1308173,2762,7346,186,210,138,-241,17090,2,0,-168,-48,36283,122,33,67,0,0,0,0,0,0,0,0,-32300,0,0,0,0,0,1308458,0
1308178,2756,7366,158,204,138,-248,17091,3,1,-168,-48,36283,120,33,67,0,0,0,0,0,0,0,0,-32301,0,0,0,0,0,1308464,0
1308183,2832,7362,182,203,145,-246,17090,5,6,-169,-48,36283,120,33,67,0,0,0,0,0,0,0,0,-32300,0,0,0,0,0,1308469,0
1308188,2900,7426,180,197,147,-241,17091,3,-1,-172,-48,36285,121,33,67,0,0,0,0,0,0,0,0,-32300,0,0,0,0,0,1308475,0
1308193,2932,7412,188,194,147,-237,17091,5,-2,-169,-48,36285,121,33,67,0,0,0,0,0,0,0,0,-32300,0,0,0,0,0,1308480,0
1308198,2972,7442,154,195,150,-235,17090,0,2,-170,-48,36278,128,33,67,0,0,0,0,0,0,0,0,-32301,0,0,0,0,0,1308485,0
1308203,3008,7408,164,192,155,-233,17092,4,-1,-171,-48,36278,128,33,67,0,0,0,0,0,0,0,0,-32300,0,0,0,0,0,1308491,0
1308208,3078,7402,156,190,165,-218,17092,1,-5,-169,-48,36278,123,33,67,0,0,0,0,0,0,0,0,-32300,0,0,0,0,0,1308497,0
1308213,3112,7352,172,192,165,-216,17091,-3,1,-168,-48,36278,123,33,67,0,0,0,0,0,0,0,0,-32300,0,0,0,0,0,1308502,0
1308218,3154,7332,180,185,169,-209,17090,-6,-3,-169,-48,36278,127,33,67,0,0,0,0,0,0,0,0,-32300,0,0,0,0,0,1308507,0
1308223,3152,7322,178,180,165,-206,17091,0,-3,-168,-48,36278,127,33,67,0,0,0,0,0,0,0,0,-32301,0,0,0,0,0,1308513,0
1308228,3164,7316,158,180,164,-189,17092,2,1,-168,-56,36279,132,33,67,0,0,0,0,0,0,0,0,-32300,0,0,0,0,0,1308518,0
1308233,3228,7298,138,180,166,-176,17094,0,5,-169,-48,36279,132,33,67,0,0,0,0,0,0,0,0,-32301,0,0,0,0,0,1308524,0
1308238,3226,7344,166,175,165,-172,17096,16,11,-169,-40,36279,135,33,67,0,0,0,0,0,0,0,0,-32301,0,0,0,0,0,1308529,0
1308243,3272,7378,168,177,165,-162,17100,18,14,-172,-40,36279,135,33,67,0,0,0,0,0,0,0,0,-32301,0,0,0,0,0,1308535,0
1308248,3354,7442,152,169,164,-163,17113,50,22,-172,-24,36278,129,33,67,0,0,0,0,0,0,0,0,-32301,0,0,0,0,0,1308540,0
1308253,3398,7500,128,166,166,-158,17130,87,51,-173,-16,36278,129,33,67,0,0,0,0,0,0,0,0,-32300,0,0,0,0,0,1308545,0
1308258,3396,7600,116,163,173,-155,17144,57,63,-169,-32,36278,123,33,67,0,0,0,0,0,0,0,0,-32300,0,0,0,0,0,1308551,0
1308263,3292,7664,134,159,177,-154,17151,28,31,-169,-48,36278,123,33,67,0,0,0,0,0,0,0,0,-32301,0,0,0,0,0,1308556,0
1308268,3054,7482,78,155,175,-100,17153,3,-14,-171,-40,36287,120,33,67,0,0,0,0,0,0,0,0,-32300,0,0,0,0,0,1308562,0
1308273,2558,6864,194,157,164,-56,17157,13,-51,-172,-48,36287,120,33,67,0,0,0,0,0,0,0,0,-32301,0,0,0,0,0,1308567,0
1308278,3018,6920,52,150,155,-29,17158,6,-59,-172,-48,36287,128,33,67,0,0,0,0,0,0,0,0,-32301,0,0,0,0,0,1308573,0
1308283,3332,7248,164,138,175,-26,17159,4,-34,-173,-48,36287,128,33,67,0,0,0,0,0,0,0,0,-32301,0,0,0,0,0,1308578,0
1308288,3214,7600,266,126,181,-60,17160,4,-18,-173,-56,36285,115,33,67,0,0,0,0,0,0,0,0,-32301,0,0,0,0,0,1308584,0
1308293,3116,7660,186,128,176,-69,17158,1,-8,-174,-48,36285,115,33,67,0,0,0,0,0,0,0,0,-32301,0,0,0,0,0,1308589,0
1308298,2992,7788,160,118,162,-74,17159,3,-6,-174,-56,36279,116,33,67,0,0,0,0,0,0,0,0,-32300,0,0,0,0,0,1308594,0
1308303,2982,7786,90,110,146,-64,17158,-3,-6,-173,-56,36279,116,33,67,0,0,0,0,0,0,0,0,-32301,0,0,0,0,0,1308600,0
1308308,3068,7748,106,95,116,-47,17159,7,2,-172,-48,36279,117,33,67,0,0,0,0,0,0,0,0,-32300,0,0,0,0,0,1308606,0
1308313,3148,7746,176,93,111,-37,17161,8,3,-172,-48,36279,117,33,67,0,0,0,0,0,0,0,0,-32301,0,0,0,0,0,1308611,0
1308318,3154,7784,202,89,102,-25,17164,9,6,-172,-40,36279,122,33,67,0,0,0,0,0,0,0,0,-32300,0,0,0,0,0,1308616,0
1308323,3146,7800,180,85,100,-12,17171,31,24,-175,-32,36279,122,33,67,0,0,0,0,0,0,0,0,-32300,0,0,0,0,0,1308622,0
1308328,3132,7902,186,76,94,-12,17183,55,35,-175,-32,36278,129,33,67,0,0,0,0,0,0,0,0,-32301,0,0,0,0,0,1308627,0
1308333,3186,7954,136,76,77,-19,17201,71,52,-174,-32,36278,129,33,67,0,0,0,0,0,0,0,0,-32301,0,0,0,0,0,1308633,0
1308338,3042,7968,124,72,60,-18,17211,44,40,-174,-40,36279,128,33,67,0,0,0,0,0,0,0,0,-32300,0,0,0,0,0,1308638,0
1308343,2888,7814,94,71,41,-11,17216,25,4,-175,-48,36279,128,33,67,0,0,0,0,0,0,0,0,-32300,0,0,0,0,0,1308644,0
1308348,2850,7636,64,58,7,40,17220,14,-27,-175,-48,36279,126,33,67,0,0,0,0,0,0,0,0,-32301,0,0,0,0,0,1308649,0
1308353,2952,7552,76,59,-4,60,17224,19,-45,-178,-40,36279,126,33,67,0,0,0,0,0,0,0,0,-32301,0,0,0,0,0,1308655,0
1308358,3088,7546,106,56,-10,67,17228,25,-27,-178,-40,36279,125,33,67,0,0,0,0,0,0,0,0,-32301,0,0,0,0,0,1308660,0
1308363,3178,7582,94,53,-11,60,17238,45,7,-181,-32,36279,125,33,67,0,0,0,0,0,0,0,0,-32300,0,0,0,0,0,1308666,0
1308368,3162,7672,78,48,-17,28,17253,76,38,-179,-24,36278,130,33,67,0,0,0,0,0,0,0,0,-32301,0,0,0,0,0,1308671,0
1308373,3044,7660,78,47,-22,9,17269,68,54,-175,-32,36278,130,33,67,0,0,0,0,0,0,0,0,-32300,0,0,0,0,0,1308677,0
1308378,2860,7612,32,44,-27,10,17276,24,24,-174,-48,36280,126,33,67,0,0,0,0,0,0,0,0,-32300,0,0,0,0,0,1308682,0
1308383,2652,7536,4,33,-52,19,17276,1,-25,-178,-56,36280,126,33,67,0,0,0,0,0,0,0,0,-32301,0,0,0,0,0,1308688,0
1308388,2660,7472,-6,34,-85,58,17276,4,-63,-179,-40,36281,124,33,67,0,0,0,0,0,0,0,0,-32301,0,0,0,0,0,1308693,0
1308393,2826,7490,-2,31,-100,64,17275,9,-67,-176,-48,36281,124,33,67,0,0,0,0,0,0,0,0,-32301,0,0,0,0,0,1308698,0
1308398,2904,7520,24,41,-110,64,17275,2,-32,-176,-56,36281,115,33,67,0,0,0,0,0,0,0,0,-32300,0,0,0,0,0,1308704,0
1308403,2966,7602,32,40,-119,49,17275,-2,-2,-177,-48,36281,115,33,67,0,0,0,0,0,0,0,0,-32301,0,0,0,0,0,1308709,0
1308408,2822,7672,30,37,-130,19,17275,2,-2,-178,-48,36277,115,33,67,0,0,0,0,0,0,0,0,-32301,0,0,0,0,0,1308714,0
1308413,2746,7674,2,40,-140,16,17275,2,0,-177,-48,36277,115,33,67,0,0,0,0,0,0,0,0,-32300,0,0,0,0,0,1308721,0
1308418,2718,7632,-60,33,-156,5,17275,2,-3,-178,-40,36277,122,33,67,0,0,0,0,0,0,0,0,-32300,0,0,0,0,0,1308726,0
1308423,2696,7582,-90,39,-180,8,17276,1,4,-180,-56,36277,122,33,67,0,0,0,0,0,0,0,0,-32300,0,0,0,0,0,1308731,0
1308428,2762,7514,-38,41,-209,6,17275,-1,-1,-177,-56,36279,121,33,67,0,0,0,0,0,0,0,0,-32301,0,0,0,0,0,1308737,0
1308433,2802,7530,-8,41,-220,7,17275,2,0,-177,-48,36279,121,33,67,0,0,0,0,0,0,0,0,-32300,0,0,0,0,0,1308742,0
1308438,2858,7558,-2,43,-222,-4,17275,0,-3,-180,-48,36278,119,33,67,0,0,0,0,0,0,0,0,-32301,0,0,0,0,0,1308747,0
1308443,2904,7540,10,48,-226,-8,17275,-4,1,-181,-48,36278,119,33,67,0,0,0,0,0,0,0,0,-32301,0,0,0,0,0,1308753,0
1308448,2878,7494,-20,45,-243,-17,17276,0,4,-176,-56,36280,124,33,67,0,0,0,0,0,0,0,0,-32301,0,0,0,0,0,1308759,0
1308453,2848,7438,-58,42,-245,-15,17275,-3,-3,-177,-56,36280,124,33,67,0,0,0,0,0,0,0,0,-32300,0,0,0,0,0,1308764,0
1308458,2912,7456,-26,48,-257,-26,17275,3,-1,-178,-40,36279,128,33,67,0,0,0,0,0,0,0,0,-32300,0,0,0,0,0,1308769,0
1308463,2880,7464,-16,43,-257,-23,17275,3,1,-177,-56,36279,128,33,67,0,0,0,0,0,0,0,0,-32301,0,0,0,0,0,1308775,0
1308468,2952,7556,10,43,-248,-28,17276,4,1,-179,-48,36280,122,33,67,0,0,0,0,0,0,0,0,-32301,0,0,0,0,0,1308780,0
1308473,2986,7582,-6,45,-245,-32,17276,3,4,-177,-48,36280,122,33,67,0,0,0,0,0,0,0,0,-32300,0,0,0,0,0,1308785,0
1308478,3016,7606,18,40,-234,-33,17275,-5,-3,-179,-48,36287,133,33,67,0,0,0,0,0,0,0,0,-32301,0,0,0,0,0,1308791,0
1308483,3012,7630,-16,39,-236,-37,17275,0,4,-179,-48,36287,133,33,67,0,0,0,0,0,0,0,0,-32301,0,0,0,0,0,1308796,0
1308488,3032,7618,-28,47,-227,-36,17275,-1,0,-176,-40,36288,135,33,67,0,0,0,0,0,0,0,0,-32300,0,0,0,0,0,1308802,0
1308493,3018,7636,0,50,-223,-31,17275,0,-1,-179,-48,36288,135,33,67,0,0,0,0,0,0,0,0,-32300,0,0,0,0,0,1308807,0
1308498,3098,7720,-28,53,-214,-29,17275,2,-1,-177,-48,36287,141,33,67,0,0,0,0,0,0,0,0,-32301,0,0,0,0,0,1308813,0
1308503,3096,7696,-18,54,-203,-27,17275,0,0,-179,-48,36287,141,33,67,0,0,0,0,0,0,0,0,-32300,0,0,0,0,0,1308818,0
1308508,3114,7594,-20,65,-200,-17,17275,-5,0,-182,-48,36283,134,33,67,0,0,0,0,0,0,0,0,-32300,0,0,0,0,0,1308823,0
1308513,3128,7594,-38,66,-195,-17,17275,-4,0,-180,-56,36283,134,33,67,0,0,0,0,0,0,0,0,-32300,0,0,0,0,0,1308829,0
1308518,3146,7590,-42,74,-189,-11,17276,-3,1,-180,-48,36279,128,33,67,0,0,0,0,0,0,0,0,-32300,0,0,0,0,0,1308834,0
1308523,3158,7578,-6,74,-189,-9,17276,8,-3,-179,-48,36279,128,33,67,0,0,0,0,0,0,0,0,-32300,0,0,0,0,0,1308840,0
1308528,3196,7556,-30,77,-180,-7,17275,0,-1,-180,-48,36280,137,33,67,0,0,0,0,0,0,0,0,-32301,0,0,0,0,0,1308845,0
1308533,3192,7520,8,82,-175,-5,17275,1,3,-177,-48,36280,137,33,67,0,0,0,0,0,0,0,0,-32300,0,0,0,0,0,1308851,0
1308538,3212,7492,-6,79,-172,2,17277,7,5,-178,-48,36279,140,33,67,0,0,0,0,0,0,0,0,-32300,0,0,0,0,0,1308856,0
1308543,3246,7490,-14,87,-167,6,17276,0,1,-179,-56,36279,140,33,67,0,0,0,0,0,0,0,0,-32300,0,0,0,0,0,1308861,0
1308548,3268,7514,0,91,-157,11,17274,-2,-2,-177,-48,36277,135,33,67,0,0,0,0,0,0,0,0,-32301,0,0,0,0,0,1308867,0
1308553,3268,7534,24,92,-156,14,17273,-9,-3,-178,-48,36277,135,33,67,0,0,0,0,0,0,0,0,-32301,0,0,0,0,0,1308872,0
1308558,3258,7564,6,91,-149,19,17276,6,4,-176,-56,36279,134,33,67,0,0,0,0,0,0,0,0,-32300,0,0,0,0,0,1308878,0
1308563,3250,7584,0,98,-146,25,17275,2,-1,-177,-48,36279,134,33,67,0,0,0,0,0,0,0,0,-32301,0,0,0,0,0,1308883,0
1308568,3254,7610,48,99,-144,30,17275,0,3,-178,-48,36283,131,33,67,0,0,0,0,0,0,0,0,-32301,0,0,0,0,0,1308889,0
1308573,3220,7568,34,100,-141,36,17275,-2,1,-176,-48,36283,131,33,67,0,0,0,0,0,0,0,0,-32300,0,0,0,0,0,1308894,0
1308578,3222,7590,36,101,-151,40,17274,-4,-3,-177,-56,36285,136,33,67,0,0,0,0,0,0,0,0,-32301,0,0,0,0,0,1308900,0
1308583,3222,7560,28,101,-145,48,17275,0,-2,-177,-56,36285,136,33,67,0,0,0,0,0,0,0,0,-32300,0,0,0,0,0,1308905,0
1308588,3258,7566,60,98,-148,49,17275,0,0,-178,-48,36283,131,33,67,0,0,0,0,0,0,0,0,-32301,0,0,0,0,0,1308910,0
1308593,3258,7602,66,104,-145,47,17275,-1,-1,-180,-48,36283,131,33,67,0,0,0,0,0,0,0,0,-32301,0,0,0,0,0,1308916,0
1308598,3290,7580,60,101,-152,47,17275,-1,1,-179,-56,36279,123,33,67,0,0,0,0,0,0,0,0,-32300,0,0,0,0,0,1308921,0
1308603,3300,7598,58,100,-149,44,17276,2,0,-181,-48,36279,123,33,67,0,0,0,0,0,0,0,0,-32301,0,0,0,0,0,1308927,0
1308608,3328,7578,74,92,-153,45,17276,4,-1,-178,-56,36279,118,33,67,0,0,0,0,0,0,0,0,-32301,0,0,0,0,0,1308932,0
1308613,3360,7568,86,86,-148,43,17275,1,0,-179,-48,36279,118,33,67,0,0,0,0,0,0,0,0,-32301,0,0,0,0,0,1308938,0
1308618,3354,7558,92,80,-148,43,17276,1,-4,-179,-56,36280,121,33,67,0,0,0,0,0,0,0,0,-32300,0,0,0,0,0,1308943,0
1308623,3372,7602,78,80,-147,50,17275,-1,-1,-178,-48,36280,121,33,67,0,0,0,0,0,0,0,0,-32301,0,0,0,0,0,1308948,0
1308628,3412,7616,90,69,-146,48,17275,-3,0,-178,-56,36281,125,33,67,0,0,0,0,0,0,0,0,-32301,0,0,0,0,0,1308954,0
1308633,3422,7576,76,63,-145,48,17275,-6,0,-179,-48,36281,125,33,67,0,0,0,0,0,0,0,0,-32300,0,0,0,0,0,1308959,0
1308638,3428,7540,48,48,-146,54,17276,3,-4,-179,-56,36280,125,33,67,0,0,0,0,0,0,0,0,-32301,0,0,0,0,0,1308965,0
1308643,3362,7362,66,41,-143,55,17275,-3,4,-178,-48,36280,125,33,67,0,0,0,0,0,0,0,0,-32301,0,0,0,0,0,1308970,0
1308648,3376,7072,16,29,-159,57,17275,0,2,-179,-48,36279,125,33,67,0,0,0,0,0,0,0,0,-32301,0,0,0,0,0,1308976,0
1308653,3524,7294,68,20,-144,49,17275,2,1,-179,-56,36279,125,33,67,0,0,0,0,0,0,0,0,-32301,0,0,0,0,0,1308981,0
1308658,3482,7334,74,12,-130,31,17275,-6,3,-179,-48,36279,123,33,67,0,0,0,0,0,0,0,0,-32300,0,0,0,0,0,1308987,0
1308663,3338,7298,108,-2,-138,17,17275,-3,-1,-177,-48,36279,123,33,67,0,0,0,0,0,0,0,0,-32300,0,0,0,0,0,1308992,0
1308668,3276,7302,30,-11,-154,6,17274,-1,4,-175,-56,36293,133,33,67,0,0,0,0,0,0,0,0,-32301,0,0,0,0,0,1308998,0
1308673,3336,7334,10,-20,-164,11,17275,0,1,-178,-48,36293,133,33,67,0,0,0,0,0,0,0,0,-32301,0,0,0,0,0,1309003,0
1308678,3388,7302,0,-24,-168,16,17275,1,-2,-176,-56,36301,136,33,67,0,0,0,0,0,0,0,0,-32301,0,0,0,0,0,1309009,0
1308683,3432,7338,56,-28,-173,17,17276,2,8,-178,-48,36301,136,33,67,0,0,0,0,0,0,0,0,-32300,0,0,0,0,0,1309014,0
1308688,3482,7374,58,-39,-175,31,17275,0,-2,-180,-40,36307,142,33,67,0,0,0,0,0,0,0,0,-32301,0,0,0,0,0,1309019,0
1308693,3452,7314,-18,-45,-175,32,17277,1,-3,-180,-48,36307,142,33,67,0,0,0,0,0,0,0,0,-32300,0,0,0,0,0,1309025,0
1308698,3448,7382,36,-40,-182,41,17276,3,-2,-181,-48,36294,130,33,67,0,0,0,0,0,0,0,0,-32300,0,0,0,0,0,1309031,0
1308703,3460,7440,6,-41,-183,50,17275,-2,2,-182,-48,36294,130,33,67,0,0,0,0,0,0,0,0,-32301,0,0,0,0,0,1309036,0
1308708,3478,7502,-20,-44,-188,61,17273,-11,-5,-181,-48,36285,120,33,67,0,0,0,0,0,0,0,0,-32301,0,0,0,0,0,1309041,0
1308713,3472,7502,-32,-45,-190,70,17274,-6,-3,-178,-48,36285,120,33,67,0,0,0,0,0,0,0,0,-32300,0,0,0,0,0,1309047,0
1308718,3458,7480,-20,-42,-198,83,17275,-3,1,-176,-56,36277,127,33,67,0,0,0,0,0,0,0,0,-32301,0,0,0,0,0,1309052,0
1308723,3454,7418,-54,-41,-197,96,17276,4,3,-178,-48,36277,127,33,67,0,0,0,0,0,0,0,0,-32300,0,0,0,0,0,1309057,0
1308728,3482,7396,-24,-35,-193,118,17275,-4,7,-177,-56,36279,129,33,67,0,0,0,0,0,0,0,0,-32300,0,0,0,0,0,1309063,0
1308733,3540,7406,-30,-38,-198,129,17276,4,-1,-178,-48,36279,129,33,67,0,0,0,0,0,0,0,0,-32300,0,0,0,0,0,1309068,0
1308738,3532,7422,-54,-31,-188,139,17275,0,-4,-178,-48,36277,132,33,67,0,0,0,0,0,0,0,0,-32301,0,0,0,0,0,1309074,0
1308743,3506,7442,-68,-25,-188,146,17276,0,4,-181,-56,36277,132,33,67,0,0,0,0,0,0,0,0,-32301,0,0,0,0,0,1309079,0
1308748,3484,7418,-64,-12,-178,163,17276,1,0,-179,-56,36276,132,33,67,0,0,0,0,0,0,0,0,-32301,0,0,0,0,0,1309085,0
1308753,3426,7436,-84,-12,-174,176,17275,-7,5,-179,-56,36276,132,33,67,0,0,0,0,0,0,0,0,-32300,0,0,0,0,0,1309090,0
1308758,3414,7472,-64,-5,-172,181,17275,-1,-2,-179,-48,36277,130,33,67,0,0,0,0,0,0,0,0,-32300,0,0,0,0,0,1309096,0
1308763,3432,7530,-120,3,-167,191,17275,-2,-3,-175,-56,36277,130,33,67,0,0,0,0,0,0,0,0,-32300,0,0,0,0,0,1309101,0
1308768,3324,7378,-98,24,-155,211,17276,-4,1,-179,-48,36277,119,33,67,0,0,0,0,0,0,0,0,-32301,0,0,0,0,0,1309107,0
1308773,3296,7330,-114,31,-151,219,17275,0,-1,-177,-48,36277,119,33,67,0,0,0,0,0,0,0,0,-32300,0,0,0,0,0,1309112,0
1308778,3306,7312,-132,35,-145,235,17275,0,5,-177,-48,36277,115,33,67,0,0,0,0,0,0,0,0,-32301,0,0,0,0,0,1309117,0
1308783,3300,7292,-118,41,-126,234,17276,-5,-2,-179,-40,36277,115,33,67,0,0,0,0,0,0,0,0,-32301,0,0,0,0,0,1309123,0
1308788,3198,7216,-86,68,-110,231,17276,2,-2,-178,-48,36278,122,33,67,0,0,0,0,0,0,0,0,-32301,0,0,0,0,0,1309128,0
1308793,3166,7190,-106,72,-105,232,17275,-1,4,-179,-48,36278,122,33,67,0,0,0,0,0,0,0,0,-32301,0,0,0,0,0,1309134,0
1308798,3110,7154,-116,80,-96,230,17276,1,0,-179,-56,36278,130,33,67,0,0,0,0,0,0,0,0,-32300,0,0,0,0,0,1309139,0
1308803,3120,7136,-160,87,-94,223,17275,-2,-1,-179,-56,36278,130,33,67,0,0,0,0,0,0,0,0,-32300,0,0,0,0,0,1309144,0
1308808,3084,7134,-100,100,-77,209,17277,8,2,-177,-48,36279,125,33,67,0,0,0,0,0,0,0,0,-32300,0,0,0,0,0,1309150,0
1308813,3054,7182,-132,101,-73,201,17277,11,-3,-176,-48,36279,125,33,67,0,0,0,0,0,0,0,0,-32300,0,0,0,0,0,1309155,0
1308818,3026,7176,-112,110,-58,200,17276,5,0,-178,-48,36280,115,33,67,0,0,0,0,0,0,0,0,-32301,0,0,0,0,0,1309161,0
1308823,3018,7186,-120,111,-61,194,17275,0,-1,-180,-48,36280,115,33,67,0,0,0,0,0,0,0,0,-32300,0,0,0,0,0,1309166,0
1308828,2936,7176,-116,121,-43,173,17275,2,-4,-176,-56,36280,115,33,67,0,0,0,0,0,0,0,0,-32300,0,0,0,0,0,1309171,0
1308833,2930,7246,-100,120,-41,168,17275,-3,-2,-178,-48,36280,115,33,67,0,0,0,0,0,0,0,0,-32300,0,0,0,0,0,1309177,0
1308838,2880,7236,-116,117,-38,153,17275,0,-1,-178,-40,36279,120,33,67,0,0,0,0,0,0,0,0,-32300,0,0,0,0,0,1309182,0
1308843,2904,7226,-118,124,-42,142,17275,-8,0,-180,-48,36279,120,33,67,0,0,0,0,0,0,0,0,-32300,0,0,0,0,0,1309188,0
1308848,2848,7296,-110,123,-37,120,17275,0,0,-178,-48,36277,122,33,67,0,0,0,0,0,0,0,0,-32301,0,0,0,0,0,1309193,0
1308853,2860,7312,-116,122,-41,115,17277,1,-2,-180,-56,36277,122,33,67,0,0,0,0,0,0,0,0,-32300,0,0,0,0,0,1309198,0
1308858,2830,7338,-84,125,-36,99,17275,-2,0,-180,-48,36276,121,33,67,0,0,0,0,0,0,0,0,-32300,0,0,0,0,0,1309204,0
1308863,2816,7348,-112,121,-34,88,17276,8,5,-180,-48,36276,121,33,67,0,0,0,0,0,0,0,0,-32301,0,0,0,0,0,1309210,0
1308868,2832,7342,-102,129,-36,71,17275,3,-1,-180,-40,36277,125,33,67,0,0,0,0,0,0,0,0,-32300,0,0,0,0,0,1309215,0
1308873,2806,7346,-130,125,-31,56,17276,-2,2,-178,-48,36277,125,33,67,0,0,0,0,0,0,0,0,-32300,0,0,0,0,0,1309220,0
1308878,2834,7366,-120,118,-36,51,17274,-3,-1,-179,-56,36277,126,33,67,0,0,0,0,0,0,0,0,-32300,0,0,0,0,0,1309226,0
1308883,2802,7380,-108,123,-29,37,17276,3,5,-178,-56,36277,126,33,67,0,0,0,0,0,0,0,0,-32301,0,0,0,0,0,1309231,0
1308888,2818,7414,-98,122,-23,11,17275,0,5,-179,-56,36276,130,33,67,0,0,0,0,0,0,0,0,-32301,0,0,0,0,0,1309237,0
1308893,2806,7434,-128,123,-20,-6,17275,3,1,-179,-48,36276,130,33,67,0,0,0,0,0,0,0,0,-32301,0,0,0,0,0,1309242,0
1308898,2810,7424,-118,124,-16,-23,17276,-2,-1,-179,-56,36275,124,33,67,0,0,0,0,0,0,0,0,-32300,0,0,0,0,0,1309248,0
1308903,2776,7438,-114,123,-8,-29,17274,-6,-1,-181,-56,36275,124,33,67,0,0,0,0,0,0,0,0,-32301,0,0,0,0,0,1309253,0
1308908,2766,7442,-126,123,6,-58,17275,0,2,-179,-48,36280,116,33,67,0,0,0,0,0,0,0,0,-32301,0,0,0,0,0,1309258,0
1308913,2764,7468,-124,136,12,-75,17276,1,-2,-183,-48,36280,116,33,67,0,0,0,0,0,0,0,0,-32300,0,0,0,0,0,1309264,0
1308918,2742,7442,-132,126,21,-83,17275,3,4,-180,-48,36281,116,33,67,0,0,0,0,0,0,0,0,-32301,0,0,0,0,0,1309269,0
1308923,2762,7494,-154,133,21,-95,17275,-3,1,-179,-56,36281,116,33,67,0,0,0,0,0,0,0,0,-32300,0,0,0,0,0,1309275,0
1308928,2686,7500,-162,128,33,-125,17275,-3,1,-175,-56,36280,119,33,67,0,0,0,0,0,0,0,0,-32300,0,0,0,0,0,1309280,0
1308933,2694,7514,-152,139,46,-142,17274,-11,0,-178,-48,36280,119,33,67,0,0,0,0,0,0,0,0,-32301,0,0,0,0,0,1309285,0
1308938,2664,7520,-154,131,52,-154,17276,0,1,-177,-48,36276,125,33,67,0,0,0,0,0,0,0,0,-32300,0,0,0,0,0,1309291,0
1308943,2642,7522,-170,133,55,-168,17276,12,-1,-178,-48,36276,125,33,67,0,0,0,0,0,0,0,0,-32300,0,0,0,0,0,1309296,0
1308948,2600,7506,-160,137,66,-196,17275,6,7,-179,-40,36275,124,33,67,0,0,0,0,0,0,0,0,-32301,0,0,0,0,0,1309302,0
1308953,2570,7502,-180,138,76,-212,17276,2,-1,-180,-56,36275,124,33,67,0,0,0,0,0,0,0,0,-32300,0,0,0,0,0,1309307,0
1308958,2530,7480,-170,138,83,-221,17275,-2,0,-177,-48,36277,122,33,67,0,0,0,0,0,0,0,0,-32300,0,0,0,0,0,1309313,0
1308963,2510,7540,-190,135,89,-236,17276,0,0,-176,-48,36277,122,33,67,0,0,0,0,0,0,0,0,-32300,0,0,0,0,0,1309318,0
1308968,2382,8410,88,113,124,-285,17276,1,-7,-179,-48,36277,120,33,67,0,0,0,0,0,0,0,0,-32300,0,0,0,0,0,1309323,0
1308973,2890,8708,396,97,126,-262,17275,2,-5,-179,-56,36277,120,33,67,0,0,0,0,0,0,0,0,-32300,0,0,0,0,0,1309329,0
1308978,2772,8762,414,83,143,-287,17275,1,-2,-176,-56,36277,126,33,67,0,0,0,0,0,0,0,0,-32300,0,0,0,0,0,1309335,0
1308983,2608,9056,544,54,142,-301,17276,-1,-6,-176,-48,36277,126,33,67,0,0,0,0,0,0,0,0,-32300,0,0,0,0,0,1309340,0
1308988,2666,9090,356,37,155,-274,17274,-2,2,-180,-48,36275,124,33,67,0,0,0,0,0,0,0,0,-32301,0,0,0,0,0,1309346,0
1308993,2616,9190,384,23,150,-286,17276,3,1,-177,-40,36275,124,33,67,0,0,0,0,0,0,0,0,-32301,0,0,0,0,0,1309351,0
1308998,2544,9192,200,13,152,-291,17276,4,-5,-179,-40,36273,125,33,67,0,0,0,0,0,0,0,0,-32300,0,0,0,0,0,1309357,0
1309003,2582,9270,82,14,161,-294,17275,-3,-2,-179,-40,36273,125,33,67,0,0,0,0,0,0,0,0,-32301,0,0,0,0,0,1309362,0
1309008,2596,9090,-140,21,172,-316,17275,0,2,-182,-40,36274,125,33,67,0,0,0,0,0,0,0,0,-32301,0,0,0,0,0,1309368,0
1309013,2584,9036,-166,26,180,-327,17275,4,0,-183,-56,36274,125,33,67,0,0,0,0,0,0,0,0,-32300,0,0,0,0,0,1309373,0
1309018,2614,8938,-236,26,186,-339,17274,-1,-2,-178,-56,36275,124,33,67,0,0,0,0,0,0,0,0,-32301,0,0,0,0,0,1309378,0
1309023,2668,8826,-182,39,197,-347,17275,-5,0,-179,-48,36275,124,33,67,0,0,0,0,0,0,0,0,-32301,0,0,0,0,0,1309384,0
1309028,2702,8596,-72,40,233,-368,17275,0,3,-178,-48,36278,131,33,67,0,0,0,0,0,0,0,0,-32301,0,0,0,0,0,1309390,0
1309033,2706,8432,-48,38,259,-380,17275,0,6,-179,-48,36278,131,33,67,0,0,0,0,0,0,0,0,-32301,0,0,0,0,0,1309395,0
1309038,2700,8296,4,37,276,-391,17276,1,-2,-178,-56,36277,129,33,67,0,0,0,0,0,0,0,0,-32301,0,0,0,0,0,1309400,0
1309043,2686,8158,56,43,297,-396,17275,3,-2,-179,-56,36277,129,33,67,0,0,0,0,0,0,0,0,-32300,0,0,0,0,0,1309406,0
1309048,2740,7926,52,46,320,-406,17274,0,1,-176,-48,36278,132,33,67,0,0,0,0,0,0,0,0,-32301,0,0,0,0,0,1309411,0
1309053,2794,7820,62,48,335,-406,17274,2,-5,-178,-56,36278,132,33,67,0,0,0,0,0,0,0,0,-32301,0,0,0,0,0,1309416,0
1309058,2824,7732,50,47,345,-398,17272,-7,-5,-178,-48,36275,125,33,67,0,0,0,0,0,0,0,0,-32301,0,0,0,0,0,1309422,0
1309063,2864,7636,76,54,348,-402,17270,-6,-2,-178,-56,36275,125,33,67,0,0,0,0,0,0,0,0,-32300,0,0,0,0,0,1309428,0
1309068,2794,7480,114,58,364,-391,17269,-5,-7,-179,-56,36273,120,33,67,0,0,0,0,0,0,0,0,-32300,0,0,0,0,0,1309433,0
1309073,2784,7418,102,68,379,-386,17269,-4,-1,-177,-56,36273,120,33,67,0,0,0,0,0,0,0,0,-32301,0,0,0,0,0,1309438,0
1309078,2760,7348,122,66,382,-382,17269,0,1,-178,-56,36271,120,33,67,0,0,0,0,0,0,0,0,-32301,0,0,0,0,0,1309444,0
1309083,2752,7308,122,76,389,-377,17267,0,5,-179,-48,36271,120,33,67,0,0,0,0,0,0,0,0,-32301,0,0,0,0,0,1309449,0
1309088,2698,7320,142,78,380,-367,17266,-8,1,-178,-48,36272,123,33,67,0,0,0,0,0,0,0,0,-32301,0,0,0,0,0,1309454,0
1309093,2710,7334,156,84,387,-366,17264,-10,-5,-182,-56,36272,123,33,67,0,0,0,0,0,0,0,0,-32300,0,0,0,0,0,1309460,0
1309098,2694,7270,124,87,382,-363,17264,0,2,-178,-56,36272,119,33,67,0,0,0,0,0,0,0,0,-32301,0,0,0,0,0,1309465,0
1309103,2720,7298,178,86,384,-356,17264,-3,1,-179,-56,36272,119,33,67,0,0,0,0,0,0,0,0,-32301,0,0,0,0,0,1309471,0
1309108,2744,7378,172,95,373,-355,17263,-2,4,-178,-48,36272,123,33,67,0,0,0,0,0,0,0,0,-32300,0,0,0,0,0,1309476,0
1309113,2688,7428,168,95,369,-352,17263,0,5,-177,-48,36272,123,33,67,0,0,0,0,0,0,0,0,-32301,0,0,0,0,0,1309482,0
1309118,2696,7494,160,106,364,-350,17263,-2,3,-179,-48,36274,124,33,67,0,0,0,0,0,0,0,0,-32301,0,0,0,0,0,1309487,0
1309123,2710,7526,154,102,361,-349,17263,8,3,-179,-48,36274,124,33,67,0,0,0,0,0,0,0,0,-32300,0,0,0,0,0,1309493,0
1309128,2706,7606,152,110,336,-349,17262,-2,3,-179,-48,36276,122,33,67,0,0,0,0,0,0,0,0,-32301,0,0,0,0,0,1309498,0
1309133,2706,7664,158,111,330,-349,17262,-3,-2,-178,-48,36276,122,33,67,0,0,0,0,0,0,0,0,-32301,0,0,0,0,0,1309504,0
1309138,2688,7702,156,110,322,-351,17263,2,-2,-179,-48,36274,123,33,67,0,0,0,0,0,0,0,0,-32300,0,0,0,0,0,1309509,0
1309143,2682,7718,168,118,314,-355,17263,2,4,-179,-48,36274,123,33,67,0,0,0,0,0,0,0,0,-32300,0,0,0,0,0,1309515,0
1309148,2626,7754,148,119,296,-354,17262,0,1,-180,-48,36274,121,33,67,0,0,0,0,0,0,0,0,-32301,0,0,0,0,0,1309520,0
1309153,2566,7766,144,121,283,-353,17261,-3,-3,-181,-48,36274,121,33,67,0,0,0,0,0,0,0,0,-32300,0,0,0,0,0,1309525,0
1309158,2532,7740,118,120,274,-353,17263,0,-2,-179,-48,36274,129,33,67,0,0,0,0,0,0,0,0,-32301,0,0,0,0,0,1309531,0
1309163,2490,7740,120,131,262,-352,17263,0,-1,-178,-48,36274,129,33,67,0,0,0,0,0,0,0,0,-32301,0,0,0,0,0,1309536,0
1309168,2426,7728,106,128,246,-352,17262,-1,4,-178,-48,36276,133,33,67,0,0,0,0,0,0,0,0,-32301,0,0,0,0,0,1309541,0
1309173,2422,7756,100,123,238,-348,17262,5,-3,-179,-48,36276,133,33,67,0,0,0,0,0,0,0,0,-32301,0,0,0,0,0,1309547,0
1309178,2448,7760,104,128,229,-343,17263,4,-2,-177,-48,36277,134,33,67,0,0,0,0,0,0,0,0,-32301,0,0,0,0,0,1309552,0
1309183,2454,7764,86,126,231,-344,17262,-4,-1,-179,-48,36277,134,33,67,0,0,0,0,0,0,0,0,-32300,0,0,0,0,0,1309558,0
1309188,2508,7802,92,126,217,-344,17263,3,3,-178,-48,36276,136,33,67,0,0,0,0,0,0,0,0,-32301,0,0,0,0,0,1309563,0
1309193,2556,7822,78,135,222,-339,17262,-6,-4,-179,-48,36276,136,33,67,0,0,0,0,0,0,0,0,-32300,0,0,0,0,0,1309569,0
1309198,2568,7844,36,134,219,-337,17263,0,-1,-180,-48,36276,136,33,67,0,0,0,0,0,0,0,0,-32300,0,0,0,0,0,1309574,0
1309203,2554,7840,68,134,216,-341,17263,5,-3,-180,-48,36276,136,33,67,0,0,0,0,0,0,0,0,-32300,0,0,0,0,0,1309579,0
1309208,2528,7826,46,133,223,-337,17262,1,-1,-179,-48,36277,131,33,67,0,0,0,0,0,0,0,0,-32300,0,0,0,0,0,1309585,0
1309213,2490,7828,34,135,218,-340,17261,1,-4,-177,-48,36277,131,33,67,0,0,0,0,0,0,0,0,-32301,0,0,0,0,0,1309590,0
1309218,2494,7814,38,135,213,-335,17260,-2,3,-177,-48,36279,133,33,67,0,0,0,0,0,0,0,0,-32300,0,0,0,0,0,1309595,0
1309223,2464,7774,26,135,211,-335,17261,-2,0,-179,-40,36279,133,33,67,0,0,0,0,0,0,0,0,-32300,0,0,0,0,0,1309601,0
1309228,2478,7732,42,131,193,-325,17259,-8,-2,-179,-48,36280,133,33,67,0,0,0,0,0,0,0,0,-32300,0,0,0,0,0,1309606,0
1309233,2458,7720,8,131,197,-333,17259,-1,-1,-179,-40,36280,133,33,67,0,0,0,0,0,0,0,0,-32301,0,0,0,0,0,1309612,0
1309238,2436,7650,58,132,181,-329,17259,-8,-4,-179,-40,36279,135,33,67,0,0,0,0,0,0,0,0,-32300,0,0,0,0,0,1309617,0
1309243,2438,7648,30,131,179,-324,17258,-4,0,-181,-40,36279,135,33,67,0,0,0,0,0,0,0,0,-32301,0,0,0,0,0,1309623,0
1309248,2432,7668,70,121,158,-317,17258,-1,4,-178,-40,36275,131,33,67,0,0,0,0,0,0,0,0,-32300,0,0,0,0,0,1309628,0
1309253,2400,7564,18,124,148,-323,17259,0,0,-180,-48,36275,131,33,67,0,0,0,0,0,0,0,0,-32300,0,0,0,0,0,1309633,0
1309258,2372,7562,10,122,138,-324,17256,-1,2,-180,-40,36276,135,33,67,0,0,0,0,0,0,0,0,-32300,0,0,0,0,0,1309639,0
1309263,2448,7580,6,125,133,-320,17256,1,2,-178,-48,36276,135,33,67,0,0,0,0,0,0,0,0,-32301,0,0,0,0,0,1309645,0
1309268,2572,7632,-10,116,115,-321,17256,-3,-5,-176,-48,36278,126,33,67,0,0,0,0,0,0,0,0,-32301,0,0,0,0,0,1309650,0
1309273,2588,7624,-16,114,103,-325,17255,-2,-1,-176,-48,36278,126,33,67,0,0,0,0,0,0,0,0,-32300,0,0,0,0,0,1309655,0
1309278,2680,7674,-14,115,95,-331,17253,-9,0,-178,-40,36281,127,33,67,0,0,0,0,0,0,0,0,-32301,0,0,0,0,0,1309661,0
1309283,2702,7690,-42,109,98,-336,17253,-2,-1,-178,-40,36281,127,33,67,0,0,0,0,0,0,0,0,-32300,0,0,0,0,0,1309666,0
1309288,2812,7718,-8,108,99,-354,17252,1,-1,-177,-40,36279,121,33,67,0,0,0,0,0,0,0,0,-32301,0,0,0,0,0,1309671,0
1309293,2838,7782,-18,109,102,-361,17251,4,4,-178,-40,36279,121,33,67,0,0,0,0,0,0,0,0,-32300,0,0,0,0,0,1309677,0
1309298,2842,7760,-4,104,102,-365,17250,-3,2,-180,-40,36276,120,33,67,0,0,0,0,0,0,0,0,-32300,0,0,0,0,0,1309683,0
1309303,2888,7744,8,99,107,-381,17251,8,3,-180,-48,36276,120,33,67,0,0,0,0,0,0,0,0,-32300,0,0,0,0,0,1309687,0
1309308,2874,7726,34,107,117,-401,17251,-2,5,-179,-40,36276,126,33,67,0,0,0,0,0,0,0,0,-32300,0,0,0,0,0,1309693,0
1309313,2878,7704,26,100,126,-411,17251,6,1,-178,-40,36276,126,33,67,0,0,0,0,0,0,0,0,-32301,0,0,0,0,0,1309699,0
1309318,2840,7684,38,104,137,-416,17249,-7,-2,-176,-40,36277,122,33,67,0,0,0,0,0,0,0,0,-32300,0,0,0,0,0,1309704,0
1309323,2774,7636,14,97,147,-424,17251,-1,0,-177,-32,36277,122,33,67,0,0,0,0,0,0,0,0,-32300,0,0,0,0,0,1309709,0
1309328,2654,7558,0,103,163,-431,17251,1,1,-178,-48,36284,127,33,67,0,0,0,0,0,0,0,0,-32300,0,0,0,0,0,1309715,0
1309333,2626,7566,36,106,176,-431,17250,0,0,-178,-40,36284,127,33,67,0,0,0,0,0,0,0,0,-32300,0,0,0,0,0,1309720,0
1309338,2644,7558,36,107,185,-440,17250,0,-3,-178,-40,36283,125,33,67,0,0,0,0,0,0,0,0,-32300,0,0,0,0,0,1309726,0
1309343,2618,7530,38,100,196,-442,17251,-2,5,-180,-40,36283,125,33,67,0,0,0,0,0,0,0,0,-32301,0,0,0,0,0,1309731,0
1309348,2636,7488,82,112,213,-446,17251,3,5,-176,-40,36281,128,33,67,0,0,0,0,0,0,0,0,-32301,0,0,0,0,0,1309737,0
1309353,2704,7434,108,109,220,-450,17250,0,-2,-178,-48,36281,128,33,67,0,0,0,0,0,0,0,0,-32300,0,0,0,0,0,1309742,0
1309358,2764,7462,100,107,222,-458,17250,-6,2,-178,-40,36276,128,33,67,0,0,0,0,0,0,0,0,-32301,0,0,0,0,0,1309747,0
1309363,2822,7430,120,111,240,-467,17250,0,1,-179,-40,36276,128,33,67,0,0,0,0,0,0,0,0,-32301,0,0,0,0,0,1309753,0
1309368,2932,7446,162,120,260,-489,17251,0,2,-178,-40,36277,126,33,67,0,0,0,0,0,0,0,0,-32300,0,0,0,0,0,1309758,0
1309373,2944,7502,186,128,266,-500,17252,7,3,-177,-48,36277,126,33,67,0,0,0,0,0,0,0,0,-32300,0,0,0,0,0,1309763,0
1309378,3002,7500,178,121,275,-511,17250,0,-3,-176,-40,36278,126,33,67,0,0,0,0,0,0,0,0,-32300,0,0,0,0,0,1309769,0
1309383,3036,7522,238,132,292,-526,17251,3,3,-177,-40,36278,126,33,67,0,0,0,0,0,0,0,0,-32300,0,0,0,0,0,1309774,0
1309388,3108,7608,230,140,311,-562,17250,-3,-4,-178,-40,36278,126,33,67,0,0,0,0,0,0,0,0,-32301,0,0,0,0,0,1309780,0
1309393,3126,7642,236,147,317,-589,17251,2,3,-180,-40,36278,126,33,67,0,0,0,0,0,0,0,0,-32300,0,0,0,0,0,1309785,0
1309398,3138,7698,254,151,324,-603,17250,2,-3,-178,-48,36276,123,33,67,0,0,0,0,0,0,0,0,-32300,0,0,0,0,0,1309791,0
1309403,3140,7734,278,154,336,-630,17251,5,2,-180,-40,36276,123,33,67,0,0,0,0,0,0,0,0,-32300,0,0,0,0,0,1309796,0
1309408,3114,7788,382,182,346,-677,17250,-5,2,-178,-40,36277,118,33,67,0,0,0,0,0,0,0,0,-32300,0,0,0,0,0,1309802,0
1309413,3052,7824,412,184,349,-695,17251,-2,3,-178,-40,36277,118,33,67,0,0,0,0,0,0,0,0,-32301,0,0,0,0,0,1309808,0
1309418,2890,7798,444,192,348,-714,17250,1,-4,-177,-40,36276,121,33,67,0,0,0,0,0,0,0,0,-32301,0,0,0,0,0,1309814,0
1309423,2714,7702,446,200,346,-730,17250,-1,-7,-176,-40,36276,121,33,67,0,0,0,0,0,0,0,0,-32300,0,0,0,0,0,1309819,0
1309428,2262,7436,510,224,331,-753,17250,-1,0,-176,-40,36282,139,33,67,0,0,0,0,0,0,0,0,-32300,0,0,0,0,0,1309825,0
1309433,2058,7254,500,230,327,-749,17252,0,0,-177,-40,36282,139,33,67,0,0,0,0,0,0,0,0,-32300,0,0,0,0,0,1309830,0
1309438,1840,7164,494,243,312,-743,17250,-4,-3,-178,-40,36279,135,33,67,0,0,0,0,0,0,0,0,-32300,0,0,0,0,0,1309835,0
1309443,1714,7224,440,244,288,-738,17251,2,-2,-179,-40,36279,135,33,67,0,0,0,0,0,0,0,0,-32301,0,0,0,0,0,1309841,0
1309448,1962,7692,410,268,231,-746,17250,-2,-1,-179,-40,36279,136,33,67,0,0,0,0,0,0,0,0,-32300,0,0,0,0,0,1309847,0
1309453,2192,7978,418,273,185,-757,17251,0,0,-179,-40,36279,136,33,67,0,0,0,0,0,0,0,0,-32301,0,0,0,0,0,1309852,0
1309458,2314,8162,438,277,152,-770,17250,0,-4,-178,-40,36276,120,33,67,0,0,0,0,0,0,0,0,-32300,0,0,0,0,0,1309858,0
1309463,2422,8200,506,283,112,-797,17251,-9,-1,-179,-40,36276,120,33,67,0,0,0,0,0,0,0,0,-32301,0,0,0,0,0,1309863,0
1309468,2336,8060,464,302,54,-827,17250,2,-3,-177,-40,36278,122,33,67,0,0,0,0,0,0,0,0,-32301,0,0,0,0,0,1309868,0
1309473,2250,7994,424,307,32,-841,17251,0,-3,-180,-40,36278,122,33,67,0,0,0,0,0,0,0,0,-32300,0,0,0,0,0,1309874,0
1309478,2168,7952,326,320,9,-852,17250,0,-1,-177,-40,36277,126,33,67,0,0,0,0,0,0,0,0,-32301,0,0,0,0,0,1309879,0
1309483,2100,7898,268,320,-16,-864,17251,-1,1,-176,-40,36277,126,33,67,0,0,0,0,0,0,0,0,-32301,0,0,0,0,0,1309885,0
1309488,2068,7906,176,330,-51,-878,17251,0,2,-177,-40,36278,134,33,67,0,0,0,0,0,0,0,0,-32300,0,0,0,0,0,1309890,0
1309493,2044,7960,180,337,-75,-891,17251,-3,-1,-178,-48,36278,134,33,67,0,0,0,0,0,0,0,0,-32301,0,0,0,0,0,1309896,0
1309498,2016,7966,190,340,-87,-901,17250,0,-3,-179,-40,36279,129,33,67,0,0,0,0,0,0,0,0,-32300,0,0,0,0,0,1309901,0
1309503,2018,7940,214,340,-98,-907,17249,-3,-2,-177,-56,36279,129,33,67,0,0,0,0,0,0,0,0,-32300,0,0,0,0,0,1309906,0
1309508,1944,7888,118,344,-115,-916,17247,-3,-6,-178,-40,36284,133,33,67,0,0,0,0,0,0,0,0,-32300,0,0,0,0,0,1309912,0
1309513,1884,7830,62,348,-122,-922,17246,-1,-3,-179,-56,36284,133,33,67,0,0,0,0,0,0,0,0,-32301,0,0,0,0,0,1309918,0
1309518,1860,7766,-28,347,-122,-923,17241,-17,-7,-178,-48,36283,124,33,67,0,0,0,0,0,0,0,0,-32300,0,0,0,0,0,1309923,0
1309523,1810,7726,-50,348,-111,-922,17234,-34,-14,-175,-72,36283,124,33,67,0,0,0,0,0,0,0,0,-32300,0,0,0,0,0,1309928,0
1309528,1658,7658,-164,344,-96,-913,17218,-71,-43,-169,-104,36282,130,33,67,0,0,0,0,0,0,0,0,-32300,0,0,0,0,0,1309934,0
1309533,1486,7634,-182,339,-73,-902,17183,-163,-97,-157,-160,36282,130,33,67,0,0,0,0,0,0,0,0,-32300,0,0,0,0,0,1309939,0
1309538,1376,7676,-214,343,-66,-883,17128,-249,-174,-163,-256,36286,128,33,67,0,0,0,0,0,0,0,0,-32301,0,0,0,0,0,1309944,0
1309543,1166,7726,-234,336,-47,-866,17049,-355,-254,-164,-392,36286,128,33,67,0,0,0,0,0,0,0,0,-32300,0,0,0,0,0,1309950,0
1309548,796,7892,-274,322,-29,-820,16948,-454,-310,-158,-568,36283,123,33,67,0,0,0,0,0,0,0,0,-32300,0,0,0,0,0,1309955,0
1309553,626,8006,-314,319,-15,-795,16827,-538,-332,-162,-760,36283,123,33,67,0,0,0,0,0,0,0,0,-32300,0,0,0,0,0,1309961,0
1309558,508,8020,-346,314,-5,-760,16684,-636,-336,-153,-984,36281,120,33,67,0,0,0,0,0,0,0,0,-32301,0,0,0,0,0,1309966,0
1309563,358,8040,-350,305,1,-727,16516,-742,-335,-130,-1216,36281,120,33,67,0,0,0,0,0,0,0,0,-32301,0,0,0,0,0,1309972,0
1309568,312,8256,-400,296,17,-659,16321,-868,-352,-111,-1504,36276,122,33,67,0,0,0,0,0,0,0,0,-32300,0,0,0,0,0,1309977,0
1309573,246,8270,-432,284,20,-627,16098,-998,-380,-101,-1776,36276,122,33,67,0,0,0,0,0,0,0,0,-32300,0,0,0,0,0,1309982,0
1309578,154,8340,-424,275,21,-594,15844,-1133,-417,-92,-2048,36276,123,33,67,0,0,0,0,0,0,0,0,-32301,0,0,0,0,0,1309988,0
1309583,178,8376,-466,266,32,-554,15552,-1293,-460,-69,-2408,36276,123,33,67,0,0,0,0,0,0,0,0,-32300,0,0,0,0,0,1309993,0
1309588,54,8274,-468,244,31,-477,15224,-1459,-506,-49,-2736,36275,123,33,67,0,0,0,0,0,0,0,0,-32300,0,0,0,0,0,1309999,0
1309593,-320,8532,-668,228,18,-436,14854,-1642,-547,-32,-3112,36275,123,33,67,0,0,0,0,0,0,0,0,-32301,0,0,0,0,0,1310004,0
1309598,62,8074,-574,239,50,-391,14438,-1855,-598,-10,-3512,36273,129,33,67,0,0,0,0,0,0,0,0,-32301,0,0,0,0,0,1310010,0
1309603,1372,8320,-310,240,-15,-642,13984,-2012,-627,-8,-3704,36273,129,33,67,0,0,0,0,0,0,0,0,-32301,0,0,0,0,0,1310015,0
1309608,10776,7718,-454,187,26,-833,13524,-2020,-356,-20,-3456,36271,137,33,67,0,0,0,0,0,0,0,0,-32302,0,0,0,0,0,1310021,0
1309613,9802,6640,-630,159,80,-971,13080,-1949,-276,9,-3128,36271,137,33,67,0,0,0,0,0,0,0,0,-32300,0,0,0,0,0,1310027,0
1309618,7996,6330,-986,152,111,-1002,12662,-1833,-217,50,-2696,36273,136,33,67,0,0,0,0,0,0,0,0,-32300,0,0,0,0,0,1310031,0
1309623,5002,7624,-1184,147,154,-1095,12287,-1627,72,71,-2064,36273,136,33,67,0,0,0,0,0,0,0,0,-32300,0,0,0,0,0,1310037,0
1309628,340,8442,-536,122,200,-1115,12005,-1189,282,47,-784,36274,128,33,67,0,0,0,0,0,0,0,0,-32300,0,0,0,0,0,1310043,0
1309633,-394,8410,-382,109,184,-1121,11874,-504,909,197,240,36274,128,33,67,0,0,0,0,0,0,0,0,-32300,0,0,0,0,0,1310048,0
1309638,-456,8524,-498,98,144,-1128,11928,313,1500,433,704,36281,131,33,67,0,0,0,0,0,0,0,0,-32301,0,0,0,0,0,1310053,0
1309643,-30,8440,-416,88,118,-1124,12102,796,2002,144,1736,36281,131,33,67,0,0,0,0,0,0,0,0,-32300,0,0,0,0,0,1310059,0
1309648,790,8828,-262,65,100,-1131,12334,1044,2120,191,2024,36280,132,33,67,0,0,0,0,0,0,0,0,-32300,0,0,0,0,0,1310064,0
1309653,1438,8828,-404,64,103,-1140,12591,1137,1754,180,2008,36280,132,33,67,0,0,0,0,0,0,0,0,-32300,0,0,0,0,0,1310070,0
1309658,2322,8522,-560,47,103,-1161,12850,1142,1121,130,1880,36277,132,33,67,0,0,0,0,0,0,0,0,-32300,0,0,0,0,0,1310075,0
1309663,3066,8178,-752,26,95,-1189,13102,1103,513,96,1656,36277,132,33,67,0,0,0,0,0,0,0,0,-32300,0,0,0,0,0,1310081,0
1309668,3224,7624,-718,15,61,-1239,13339,1038,144,72,1432,36272,135,33,67,0,0,0,0,0,0,0,0,-32301,0,0,0,0,0,1310086,0
1309673,2546,7564,-548,3,50,-1261,13558,956,-72,43,1200,36272,135,33,67,0,0,0,0,0,0,0,0,-32301,0,0,0,0,0,1310092,0
1309678,1648,7744,-290,-10,41,-1277,13752,845,-200,35,864,36274,139,33,67,0,0,0,0,0,0,0,0,-32300,0,0,0,0,0,1310097,0
1309683,874,7886,-104,-15,30,-1274,13912,681,-297,42,400,36274,139,33,67,0,0,0,0,0,0,0,0,-32300,0,0,0,0,0,1310102,0
1309688,184,8178,-26,-19,38,-1257,14020,459,-416,-19,64,36275,141,33,67,0,0,0,0,0,0,0,0,-32300,0,0,0,0,0,1310108,0
1309693,146,8148,-92,-23,52,-1250,14058,133,-586,-162,-24,36275,141,33,67,0,0,0,0,0,0,0,0,-32300,0,0,0,0,0,1310113,0
1309698,410,8152,-148,-19,61,-1240,14041,-89,-765,-65,-64,36275,133,33,67,0,0,0,0,0,0,0,0,-32300,0,0,0,0,0,1310119,0
1309703,742,8094,-236,-28,74,-1235,13995,-212,-824,10,-128,36275,133,33,67,0,0,0,0,0,0,0,0,-32301,0,0,0,0,0,1310124,0
1309708,1418,8026,-318,-34,117,-1236,13930,-300,-746,-7,-176,36275,119,33,67,0,0,0,0,0,0,0,0,-32300,0,0,0,0,0,1310130,0
1309713,1648,7992,-328,-40,143,-1237,13854,-329,-548,-10,-152,36275,119,33,67,0,0,0,0,0,0,0,0,-32300,0,0,0,0,0,1310135,0
1309718,1684,7960,-352,-45,169,-1239,13777,-336,-323,13,-136,36277,116,33,67,0,0,0,0,0,0,0,0,-32300,0,0,0,0,0,1310140,0
1309723,1526,7918,-350,-52,188,-1247,13707,-307,-159,25,-104,36277,116,33,67,0,0,0,0,0,0,0,0,-32300,0,0,0,0,0,1310146,0
1309728,998,8016,-364,-65,226,-1237,13653,-238,-25,51,-56,36277,125,33,67,0,0,0,0,0,0,0,0,-32301,0,0,0,0,0,1310151,0
1309733,664,8058,-294,-72,237,-1233,13615,-168,93,64,-40,36277,125,33,67,0,0,0,0,0,0,0,0,-32301,0,0,0,0,0,1310157,0
1309738,424,8154,-310,-85,252,-1231,13593,-80,175,45,-8,36282,130,33,67,0,0,0,0,0,0,0,0,-32300,0,0,0,0,0,1310162,0
1309743,270,8220,-284,-83,255,-1221,13592,8,235,30,24,36282,130,33,67,0,0,0,0,0,0,0,0,-32300,0,0,0,0,0,1310168,0
1309748,308,8368,-302,-98,263,-1207,13599,38,250,34,16,36281,128,33,67,0,0,0,0,0,0,0,0,-32300,0,0,0,0,0,1310173,0
1309753,388,8444,-314,-111,270,-1196,13607,39,215,37,24,36281,128,33,67,0,0,0,0,0,0,0,0,-32300,0,0,0,0,0,1310178,0
1309758,506,8428,-282,-115,276,-1187,13612,18,141,36,8,36282,121,33,67,0,0,0,0,0,0,0,0,-32301,0,0,0,0,0,1310184,0
1309763,576,8388,-308,-111,271,-1190,13613,-1,46,33,8,36282,121,33,67,0,0,0,0,0,0,0,0,-32300,0,0,0,0,0,1310189,0
1309768,494,8432,-204,-120,268,-1177,13614,8,-20,30,8,36277,112,33,67,0,0,0,0,0,0,0,0,-32301,0,0,0,0,0,1310194,0
1309773,498,8442,-96,-124,266,-1173,13613,0,-35,31,8,36277,112,33,67,0,0,0,0,0,0,0,0,-32300,0,0,0,0,0,1310200,0
1309778,374,8458,-82,-126,258,-1168,13612,-4,-25,31,8,36277,123,33,67,0,0,0,0,0,0,0,0,-32301,0,0,0,0,0,1310205,0
1309783,268,8442,-34,-125,262,-1162,13613,5,-11,32,8,36277,123,33,67,0,0,0,0,0,0,0,0,-32300,0,0,0,0,0,1310211,0
1309788,126,8370,116,-119,248,-1149,13612,-2,-2,31,8,36277,128,33,67,0,0,0,0,0,0,0,0,-32301,0,0,0,0,0,1310216,0
1309793,76,8422,138,-125,237,-1139,13613,-1,1,33,8,36277,128,33,67,0,0,0,0,0,0,0,0,-32300,0,0,0,0,0,1310221,0
1309798,66,8306,178,-106,225,-1142,13612,0,-2,33,8,36276,128,33,67,0,0,0,0,0,0,0,0,-32300,0,0,0,0,0,1310227,0
1309803,110,8308,200,-106,213,-1129,13613,2,-1,33,8,36276,128,33,67,0,0,0,0,0,0,0,0,-32300,0,0,0,0,0,1310232,0
1309808,146,8170,240,-95,183,-1116,13613,3,0,33,8,36276,133,33,67,0,0,0,0,0,0,0,0,-32300,0,0,0,0,0,1310237,0
1309813,122,8106,288,-89,171,-1109,13613,-1,-2,30,8,36276,133,33,67,0,0,0,0,0,0,0,0,-32300,0,0,0,0,0,1310243,0
1309818,78,8096,326,-79,157,-1103,13613,3,0,31,8,36274,135,33,67,0,0,0,0,0,0,0,0,-32300,0,0,0,0,0,1310248,0
1309823,0,8048,268,-75,143,-1099,13612,-4,-2,31,8,36274,135,33,67,0,0,0,0,0,0,0,0,-32300,0,0,0,0,0,1310254,0
1309828,-130,7994,312,-55,110,-1078,13613,-3,-1,30,8,36275,136,33,67,0,0,0,0,0,0,0,0,-32301,0,0,0,0,0,1310259,0
1309833,-116,7980,330,-47,100,-1066,13612,1,1,31,8,36275,136,33,67,0,0,0,0,0,0,0,0,-32300,0,0,0,0,0,1310264,0
1309838,-144,7950,324,-41,84,-1061,13613,-1,-1,31,8,36279,133,33,67,0,0,0,0,0,0,0,0,-32301,0,0,0,0,0,1310270,0
1309843,-88,7954,302,-30,69,-1046,13613,2,0,33,8,36279,133,33,67,0,0,0,0,0,0,0,0,-32300,0,0,0,0,0,1310275,0
1309848,46,7928,292,-15,41,-1041,13613,0,2,33,0,36278,127,33,67,0,0,0,0,0,0,0,0,-32300,0,0,0,0,0,1310281,0
1309853,120,7912,320,-10,37,-1035,13613,-5,1,34,8,36278,127,33,67,0,0,0,0,0,0,0,0,-32300,0,0,0,0,0,1310286,0
1309858,130,7908,300,-4,24,-1033,13613,6,-2,32,8,36278,124,33,67,0,0,0,0,0,0,0,0,-32300,0,0,0,0,0,1310291,0
1309863,126,7960,344,5,20,-1033,13612,-4,-1,31,8,36278,124,33,67,0,0,0,0,0,0,0,0,-32300,0,0,0,0,0,1310297,0
1309868,164,7986,320,23,6,-1038,13612,3,-1,32,8,36277,134,33,67,0,0,0,0,0,0,0,0,-32300,0,0,0,0,0,1310302,0
1309873,190,8042,318,22,-6,-1030,13612,1,-2,33,8,36277,134,33,67,0,0,0,0,0,0,0,0,-32300,0,0,0,0,0,1310307,0
1309878,236,8098,252,32,-5,-1033,13612,3,4,31,8,36276,132,33,67,0,0,0,0,0,0,0,0,-32300,0,0,0,0,0,1310313,0
1309883,152,8032,204,34,-6,-1039,13613,10,2,32,8,36276,132,33,67,0,0,0,0,0,0,0,0,-32301,0,0,0,0,0,1310318,0
1309888,258,8032,186,39,-13,-1046,13613,-1,1,31,8,36274,134,33,67,0,0,0,0,0,0,0,0,-32300,0,0,0,0,0,1310324,0
1309893,336,8034,172,43,-18,-1048,13612,-1,2,31,8,36274,134,33,67,0,0,0,0,0,0,0,0,-32300,0,0,0,0,0,1310329,0
1309898,344,8078,138,50,-19,-1055,13613,-2,0,33,8,36275,135,33,67,0,0,0,0,0,0,0,0,-32300,0,0,0,0,0,1310335,0
1309903,418,8114,112,47,-22,-1060,13613,0,-3,34,8,36275,135,33,67,0,0,0,0,0,0,0,0,-32300,0,0,0,0,0,1310340,0
1309908,378,8100,84,55,-21,-1080,13612,0,-1,32,8,36274,132,33,67,0,0,0,0,0,0,0,0,-32301,0,0,0,0,0,1310345,0
1309913,382,8126,62,50,-16,-1084,13613,0,0,34,8,36274,132,33,67,0,0,0,0,0,0,0,0,-32300,0,0,0,0,0,1310351,0
1309918,314,8150,20,51,-15,-1100,13613,7,5,33,0,36274,128,33,67,0,0,0,0,0,0,0,0,-32300,0,0,0,0,0,1310356,0
1309923,294,8168,-12,49,-20,-1099,13613,0,1,30,8,36274,128,33,67,0,0,0,0,0,0,0,0,-32301,0,0,0,0,0,1310362,0
1309928,394,8218,2,37,-8,-1124,13613,2,-1,30,8,36274,128,33,67,0,0,0,0,0,0,0,0,-32301,0,0,0,0,0,1310367,0
1309933,364,8300,-40,35,5,-1143,13613,2,-5,31,8,36274,128,33,67,0,0,0,0,0,0,0,0,-32300,0,0,0,0,0,1310373,0
1309938,-516,9148,118,27,19,-1183,13612,-3,-1,30,8,36275,128,33,67,0,0,0,0,0,0,0,0,-32300,0,0,0,0,0,1310378,0
1309943,-612,9408,256,14,13,-1164,13613,0,-3,32,8,36275,128,33,67,0,0,0,0,0,0,0,0,-32301,0,0,0,0,0,1310383,0
1309948,-494,9616,-232,32,37,-1201,13613,1,0,34,0,36285,136,33,67,0,0,0,0,0,0,0,0,-32300,0,0,0,0,0,1310389,0
1309953,-18,9458,220,2,32,-1196,13612,2,1,33,8,36285,136,33,67,0,0,0,0,0,0,0,0,-32300,0,0,0,0,0,1310394,0
1309958,506,8684,-140,11,37,-1220,13612,-6,-2,33,8,36287,137,33,67,0,0,0,0,0,0,0,0,-32300,0,0,0,0,0,1310400,0
1309963,934,8514,-400,10,55,-1232,13612,0,1,30,8,36287,137,33,67,0,0,0,0,0,0,0,0,-32300,0,0,0,0,0,1310405,0
1309968,804,8250,-34,-8,75,-1278,13611,-8,-3,32,8,36288,139,33,67,0,0,0,0,0,0,0,0,-32301,0,0,0,0,0,1310411,0
1309973,534,8064,-84,-7,84,-1301,13612,-4,-2,29,8,36288,139,33,67,0,0,0,0,0,0,0,0,-32301,0,0,0,0,0,1310416,0
1309978,236,7956,324,-30,95,-1317,13611,-3,-1,30,8,36282,137,33,67,0,0,0,0,0,0,0,0,-32301,0,0,0,0,0,1310421,0
1309983,-78,8156,-132,-9,110,-1324,13612,6,3,31,8,36282,137,33,67,0,0,0,0,0,0,0,0,-32300,0,0,0,0,0,1310427,0
1309988,-1016,8288,86,-18,115,-1310,13612,4,0,31,8,36276,131,33,67,0,0,0,0,0,0,0,0,-32301,0,0,0,0,0,1310432,0
1309993,-916,8108,18,-20,89,-1304,13612,-5,3,30,8,36276,131,33,67,0,0,0,0,0,0,0,0,-32300,0,0,0,0,0,1310438,0
1309998,-732,8050,-76,-17,69,-1303,13611,1,6,33,8,36274,128,33,67,0,0,0,0,0,0,0,0,-32300,0,0,0,0,0,1310443,0
1310003,-580,8192,0,-19,49,-1302,13612,0,1,34,8,36274,128,33,67,0,0,0,0,0,0,0,0,-32300,0,0,0,0,0,1310448,0
1310008,-296,8172,112,-18,29,-1308,13611,1,0,32,8,36273,131,33,67,0,0,0,0,0,0,0,0,-32300,0,0,0,0,0,1310454,0
1310013,-286,8136,74,-17,18,-1318,13611,7,2,32,8,36273,131,33,67,0,0,0,0,0,0,0,0,-32300,0,0,0,0,0,1310459,0
1310018,-268,8144,72,-22,8,-1319,13596,-80,-12,-639,-1216,36274,131,33,67,0,0,0,0,0,0,0,0,-32301,0,0,0,0,0,1310465,0
1310023,-646,8156,108,-14,2,-1326,13485,-527,-213,-1733,-1960,36274,131,33,67,0,0,0,0,0,0,0,0,-32300,0,0,0,0,0,1310470,0
1310028,-916,8148,84,-5,-33,-1322,13296,-865,-552,-1236,-2096,36266,154,33,67,0,0,0,0,0,0,0,0,-32301,0,0,0,0,0,1310476,0
1310033,-530,7970,62,-5,-35,-1320,13077,-977,-849,-589,-1608,36266,154,33,67,0,0,0,0,0,0,0,0,-32300,0,0,0,0,0,1310481,0
1310038,-626,8040,174,-6,-40,-1325,12863,-936,-849,-132,-872,36260,162,33,67,0,0,0,0,0,0,0,0,-32300,0,0,0,0,0,1310486,0
1310043,-718,8082,198,-4,-44,-1323,12674,-812,-540,64,-232,36260,162,33,67,0,0,0,0,0,0,0,0,-32301,0,0,0,0,0,1310492,0
1310048,-794,8018,126,2,-45,-1319,12529,-613,-49,254,-120,36259,154,33,67,0,0,0,0,0,0,0,0,-32301,0,0,0,0,0,1310497,0
1310053,-842,7984,134,5,-52,-1322,12434,-394,343,233,-144,36259,154,33,67,0,0,0,0,0,0,0,0,-32301,0,0,0,0,0,1310503,0
1310058,-834,7970,130,6,-58,-1317,12386,-196,577,-78,-256,36269,130,33,67,0,0,0,0,0,0,0,0,-32301,0,0,0,0,0,1310508,0
1310063,-888,8010,104,11,-68,-1316,12358,-113,646,-439,-296,36269,130,33,67,0,0,0,0,0,0,0,0,-32300,0,0,0,0,0,1310514,0
1310068,-740,7914,60,17,-84,-1318,12351,-29,586,-690,-288,36275,117,33,67,0,0,0,0,0,0,0,0,-32300,0,0,0,0,0,1310519,0
1310073,-796,7926,214,14,-75,-1319,12349,-10,433,-813,-288,36275,117,33,67,0,0,0,0,0,0,0,0,-32300,0,0,0,0,0,1310524,0
1310078,-904,8058,234,12,-76,-1316,12348,-3,270,-855,-288,36274,126,33,67,0,0,0,0,0,0,0,0,-32300,0,0,0,0,0,1310530,0
1310083,-1062,8022,218,17,-73,-1312,12345,-8,134,-865,-288,36274,126,33,67,0,0,0,0,0,0,0,0,-32300,0,0,0,0,0,1310535,0
1310088,-1212,8004,236,21,-80,-1308,12339,-31,46,-850,-304,36269,136,33,67,0,0,0,0,0,0,0,0,-32301,0,0,0,0,0,1310540,0
1310093,-1456,8102,246,31,-90,-1294,12332,-42,-4,-813,-320,36269,136,33,67,0,0,0,0,0,0,0,0,-32300,0,0,0,0,0,1310546,0
1310098,-1256,8070,106,31,-95,-1288,12317,-75,-38,-796,-304,36268,137,33,67,0,0,0,0,0,0,0,0,-32300,0,0,0,0,0,1310552,0
1310103,-1078,7922,140,37,-91,-1293,12301,-63,-55,-732,-272,36268,137,33,67,0,0,0,0,0,0,0,0,-32300,0,0,0,0,0,1310557,0
1310108,-1112,8014,334,48,-86,-1285,12296,-16,-36,-725,-248,36270,132,33,67,0,0,0,0,0,0,0,0,-32301,0,0,0,0,0,1310562,0
1310113,-1272,8010,320,45,-90,-1280,12297,4,15,-783,-256,36270,132,33,67,0,0,0,0,0,0,0,0,-32300,0,0,0,0,0,1310568,0
1310118,-1376,8068,278,53,-85,-1276,12295,-1,52,-823,-248,36271,130,33,67,0,0,0,0,0,0,0,0,-32300,0,0,0,0,0,1310573,0
1310123,-1368,7950,270,54,-95,-1272,12295,3,65,-818,-264,36271,130,33,67,0,0,0,0,0,0,0,0,-32300,0,0,0,0,0,1310578,0
1310128,-1306,7924,302,68,-88,-1261,12294,-8,34,-824,-256,36271,125,33,67,0,0,0,0,0,0,0,0,-32300,0,0,0,0,0,1310584,0
1310133,-1464,7962,316,75,-83,-1245,12295,-1,7,-826,-264,36271,125,33,67,0,0,0,0,0,0,0,0,-32300,0,0,0,0,0,1310590,0
1310138,-1582,7918,290,80,-84,-1240,12295,-8,-2,-825,-256,36270,132,33,67,0,0,0,0,0,0,0,0,-32300,0,0,0,0,0,1310595,0
1310143,-1566,7896,334,87,-80,-1232,12295,-4,2,-822,-264,36270,132,33,67,0,0,0,0,0,0,0,0,-32301,0,0,0,0,0,1310600,0
1310148,-1714,7776,290,99,-74,-1210,12294,-4,2,-821,-272,36269,131,33,67,0,0,0,0,0,0,0,0,-32300,0,0,0,0,0,1310606,0
1310153,-1830,7756,314,97,-73,-1201,12294,-2,1,-820,-264,36269,131,33,67,0,0,0,0,0,0,0,0,-32300,0,0,0,0,0,1310611,0
1310158,-1898,7746,352,107,-71,-1184,12294,-4,-1,-818,-272,36273,136,33,67,0,0,0,0,0,0,0,0,-32300,0,0,0,0,0,1310616,0
1310163,-1948,7694,316,106,-72,-1163,12293,2,2,-810,-280,36273,136,33,67,0,0,0,0,0,0,0,0,-32300,0,0,0,0,0,1310622,0
1310168,-2058,7734,244,118,-67,-1144,12292,0,-2,-811,-280,36273,138,33,67,0,0,0,0,0,0,0,0,-32300,0,0,0,0,0,1310627,0
1310173,-1976,7786,252,110,-65,-1121,12291,-2,-5,-809,-272,36273,138,33,67,0,0,0,0,0,0,0,0,-32300,0,0,0,0,0,1310632,0
1310178,-1868,7770,276,118,-63,-1108,12289,-14,-5,-808,-248,36274,145,33,67,0,0,0,0,0,0,0,0,-32300,0,0,0,0,0,1310638,0
1310183,-1898,7834,200,118,-53,-1091,12285,-14,-8,-802,-256,36274,145,33,67,0,0,0,0,0,0,0,0,-32300,0,0,0,0,0,1310643,0
1310188,-1938,7944,214,123,-51,-1065,12282,-12,-11,-788,-288,36271,138,33,67,0,0,0,0,0,0,0,0,-32300,0,0,0,0,0,1310649,0
1310193,-1936,7958,168,120,-47,-1053,12276,-31,-15,-779,-280,36271,138,33,67,0,0,0,0,0,0,0,0,-32300,0,0,0,0,0,1310654,0
1310198,-1924,7978,154,124,-45,-1039,12264,-56,-24,-752,-288,36272,141,33,67,0,0,0,0,0,0,0,0,-32300,0,0,0,0,0,1310660,0
1310203,-1920,7956,96,124,-49,-1026,12248,-71,-38,-703,-280,36272,141,33,67,0,0,0,0,0,0,0,0,-32300,0,0,0,0,0,1310665,0
1310208,-1978,8148,138,130,-58,-998,12237,-47,-49,-669,-256,36275,128,33,67,0,0,0,0,0,0,0,0,-32300,0,0,0,0,0,1310670,0
1310213,-1934,8208,166,137,-61,-988,12237,-2,-11,-698,-248,36275,128,33,67,0,0,0,0,0,0,0,0,-32300,0,0,0,0,0,1310676,0
1310218,-1756,8012,118,141,-59,-983,12236,2,36,-752,-248,36276,116,33,67,0,0,0,0,0,0,0,0,-32300,0,0,0,0,0,1310681,0
1310223,-1690,8070,176,136,-65,-976,12235,-5,61,-767,-248,36276,116,33,67,0,0,0,0,0,0,0,0,-32300,0,0,0,0,0,1310686,0
1310228,-1796,7960,170,141,-68,-967,12237,6,53,-764,-256,36275,115,33,67,0,0,0,0,0,0,0,0,-32300,0,0,0,0,0,1310692,0
1310233,-1788,7904,144,147,-75,-969,12236,-5,23,-775,-256,36275,115,33,67,0,0,0,0,0,0,0,0,-32300,0,0,0,0,0,1310697,0
1310238,-1792,7900,82,155,-79,-966,12236,4,6,-761,-256,36274,121,33,67,0,0,0,0,0,0,0,0,-32300,0,0,0,0,0,1310703,0
1310243,-1832,7918,112,153,-83,-961,12236,2,-2,-765,-264,36274,121,33,67,0,0,0,0,0,0,0,0,-32300,0,0,0,0,0,1310708,0
1310248,-1892,7852,92,161,-85,-963,12237,3,0,-764,-256,36272,126,33,67,0,0,0,0,0,0,0,0,-32300,0,0,0,0,0,1310713,0
1310253,-1908,7806,54,159,-91,-961,12236,-4,-1,-767,-248,36272,126,33,67,0,0,0,0,0,0,0,0,-32300,0,0,0,0,0,1310719,0
1310258,-1932,7800,90,164,-92,-953,12235,-6,2,-766,-256,36271,131,33,67,0,0,0,0,0,0,0,0,-32300,0,0,0,0,0,1310724,0
1310263,-1934,7806,62,162,-101,-965,12236,-2,-2,-768,-264,36271,131,33,67,0,0,0,0,0,0,0,0,-32300,0,0,0,0,0,1310730,0
1310268,-1848,7854,26,165,-108,-970,12237,-1,-2,-770,-256,36278,128,33,67,0,0,0,0,0,0,0,0,-32300,0,0,0,0,0,1310735,0
1310273,-1886,7904,110,167,-115,-974,12236,0,0,-766,-256,36278,128,33,67,0,0,0,0,0,0,0,0,-32300,0,0,0,0,0,1310740,0
1310278,-1744,7852,136,171,-124,-977,12236,0,1,-764,-256,36280,130,33,67,0,0,0,0,0,0,0,0,-32300,0,0,0,0,0,1310746,0
1310283,-1648,7942,102,167,-130,-986,12235,-1,0,-768,-256,36280,130,33,67,0,0,0,0,0,0,0,0,-32300,0,0,0,0,0,1310751,0
1310288,-1708,8130,20,178,-145,-997,12237,2,1,-765,-264,36279,128,33,67,0,0,0,0,0,0,0,0,-32300,0,0,0,0,0,1310756,0
1310293,-1660,8208,-6,172,-150,-1007,12236,3,4,-763,-256,36279,128,33,67,0,0,0,0,0,0,0,0,-32300,0,0,0,0,0,1310762,0
1310298,-1666,8330,-38,176,-154,-1018,12235,-1,3,-763,-264,36275,130,33,67,0,0,0,0,0,0,0,0,-32300,0,0,0,0,0,1310767,0
1310303,-1614,8268,-98,177,-160,-1018,12235,0,-3,-766,-256,36275,130,33,67,0,0,0,0,0,0,0,0,-32300,0,0,0,0,0,1310773,0
1310308,-1576,8362,-110,181,-178,-1041,12236,3,-1,-763,-256,36274,131,33,67,0,0,0,0,0,0,0,0,-32300,0,0,0,0,0,1310778,0
1310313,-1758,8380,-42,187,-181,-1049,12236,5,5,-762,-272,36274,131,33,67,0,0,0,0,0,0,0,0,-32300,0,0,0,0,0,1310783,0
1310318,-1672,8280,2,180,-203,-1060,12234,-4,-4,-765,-248,36275,133,33,67,0,0,0,0,0,0,0,0,-32300,0,0,0,0,0,1310789,0
1310323,-1606,8292,-78,189,-221,-1071,12236,0,3,-767,-248,36275,133,33,67,0,0,0,0,0,0,0,0,-32300,0,0,0,0,0,1310794,0
1310328,-1652,8380,-106,204,-246,-1095,12236,-1,0,-771,-256,36275,131,33,67,0,0,0,0,0,0,0,0,-32301,0,0,0,0,0,1310800,0
1310333,-2088,8100,-420,198,-264,-1107,12236,2,-2,-762,-256,36275,131,33,67,0,0,0,0,0,0,0,0,-32300,0,0,0,0,0,1310805,0
1310338,-1980,8644,-52,201,-277,-1115,12235,-1,-1,-762,-248,36275,133,33,67,0,0,0,0,0,0,0,0,-32300,0,0,0,0,0,1310811,0
1310343,-1612,8682,-148,200,-300,-1128,12237,5,5,-765,-256,36275,133,33,67,0,0,0,0,0,0,0,0,-32300,0,0,0,0,0,1310816,0
1310348,-1718,8682,-304,201,-311,-1147,12234,-3,-3,-769,-256,36276,128,33,67,0,0,0,0,0,0,0,0,-32300,0,0,0,0,0,1310821,0
1310353,-1846,8770,-260,197,-324,-1155,12234,-7,-3,-762,-248,36276,128,33,67,0,0,0,0,0,0,0,0,-32300,0,0,0,0,0,1310827,0
1310358,-1840,8142,-264,207,-330,-1168,12235,3,-5,-762,-248,36275,124,33,67,0,0,0,0,0,0,0,0,-32300,0,0,0,0,0,1310832,0
1310363,-1850,8604,-156,195,-356,-1176,12235,-5,2,-770,-248,36275,124,33,67,0,0,0,0,0,0,0,0,-32300,0,0,0,0,0,1310837,0
1310368,-1928,8750,-386,169,-342,-1187,12235,-1,-2,-763,-256,36280,127,33,67,0,0,0,0,0,0,0,0,-32300,0,0,0,0,0,1310843,0
1310373,-2030,8616,-778,153,-324,-1198,12235,3,-3,-766,-264,36280,127,33,67,0,0,0,0,0,0,0,0,-32300,0,0,0,0,0,1310848,0
1310378,-1806,8828,-156,145,-337,-1202,12236,0,-1,-766,-264,36280,125,33,67,0,0,0,0,0,0,0,0,-32300,0,0,0,0,0,1310854,0
1310383,-1564,8842,-496,126,-335,-1209,12235,5,2,-771,-256,36280,125,33,67,0,0,0,0,0,0,0,0,-32300,0,0,0,0,0,1310859,0
1310388,-2034,9012,-364,101,-295,-1206,12236,6,-2,-767,-264,36279,135,33,67,0,0,0,0,0,0,0,0,-32300,0,0,0,0,0,1310865,0
1310393,-2102,9130,-578,72,-270,-1207,12236,0,1,-767,-264,36279,135,33,67,0,0,0,0,0,0,0,0,-32300,0,0,0,0,0,1310870,0
1310398,-2216,9094,-176,61,-253,-1206,12237,3,6,-762,-248,36278,133,33,67,0,0,0,0,0,0,0,0,-32300,0,0,0,0,0,1310875,0
1310403,-2384,9002,-568,39,-218,-1190,12236,0,-1,-766,-256,36278,133,33,67,0,0,0,0,0,0,0,0,-32300,0,0,0,0,0,1310881,0
1310408,-2176,8692,-302,7,-208,-1183,12236,0,4,-766,-248,36273,133,33,67,0,0,0,0,0,0,0,0,-32300,0,0,0,0,0,1310887,0
1310413,-2176,8468,-424,-8,-189,-1184,12237,-2,-1,-771,-256,36273,133,33,67,0,0,0,0,0,0,0,0,-32300,0,0,0,0,0,1310892,0
1310418,-2066,8338,-294,-32,-162,-1182,12237,3,2,-768,-256,36274,126,33,67,0,0,0,0,0,0,0,0,-32301,0,0,0,0,0,1310898,0
1310423,-2174,8194,-262,-43,-149,-1181,12238,4,0,-773,-248,36274,126,33,67,0,0,0,0,0,0,0,0,-32300,0,0,0,0,0,1310903,0
1310428,-2622,8076,-116,-80,-111,-1178,12239,0,0,-776,-248,36276,130,33,67,0,0,0,0,0,0,0,0,-32300,0,0,0,0,0,1310908,0
1310433,-2734,7998,-98,-90,-97,-1175,12241,7,2,-775,-256,36276,130,33,67,0,0,0,0,0,0,0,0,-32301,0,0,0,0,0,1310914,0
1310438,-2780,7844,-52,-97,-92,-1165,12242,-1,3,-782,-248,36279,124,33,67,0,0,0,0,0,0,0,0,-32300,0,0,0,0,0,1310919,0
1310443,-2932,7724,20,-110,-81,-1154,12242,0,3,-782,-256,36279,124,33,67,0,0,0,0,0,0,0,0,-32300,0,0,0,0,0,1310925,0
1310448,-2908,7336,84,-125,-65,-1146,12246,1,2,-787,-256,36280,125,33,67,0,0,0,0,0,0,0,0,-32300,0,0,0,0,0,1310930,0
1310453,-2856,7198,98,-132,-56,-1137,12248,13,5,-785,-264,36280,125,33,67,0,0,0,0,0,0,0,0,-32300,0,0,0,0,0,1310935,0
1310458,-2924,7102,112,-135,-62,-1123,12248,3,-1,-788,-256,36279,124,33,67,0,0,0,0,0,0,0,0,-32300,0,0,0,0,0,1310941,0
1310463,-2920,6966,156,-136,-54,-1128,12249,9,2,-784,-256,36279,124,33,67,0,0,0,0,0,0,0,0,-32300,0,0,0,0,0,1310946,0
1310468,-3176,6746,164,-140,-57,-1123,12251,9,2,-790,-256,36281,130,33,67,0,0,0,0,0,0,0,0,-32300,0,0,0,0,0,1310952,0
1310473,-3266,6650,204,-140,-56,-1120,12252,0,1,-797,-256,36281,130,33,67,0,0,0,0,0,0,0,0,-32300,0,0,0,0,0,1310957,0
1310478,-3306,6604,210,-135,-61,-1114,12254,6,-1,-795,-248,36281,136,33,67,0,0,0,0,0,0,0,0,-32300,0,0,0,0,0,1310962,0
1310483,-3290,6558,252,-131,-58,-1110,12256,9,0,-793,-264,36281,136,33,67,0,0,0,0,0,0,0,0,-32300,0,0,0,0,0,1310968,0
1310488,-3196,6586,338,-128,-59,-1104,12257,5,-2,-798,-256,36282,134,33,67,0,0,0,0,0,0,0,0,-32300,0,0,0,0,0,1310973,0
1310493,-3154,6628,360,-122,-56,-1104,12259,11,1,-795,-256,36282,134,33,67,0,0,0,0,0,0,0,0,-32300,0,0,0,0,0,1310978,0
1310498,-3098,6682,386,-122,-52,-1102,12260,1,2,-801,-256,36282,141,33,67,0,0,0,0,0,0,0,0,-32300,0,0,0,0,0,1310984,0
1310503,-3054,6730,412,-121,-52,-1099,12264,14,8,-801,-248,36282,141,33,67,0,0,0,0,0,0,0,0,-32300,0,0,0,0,0,1310989,0
1310508,-3024,6914,458,-108,-43,-1101,12266,11,1,-816,-248,36276,127,33,67,0,0,0,0,0,0,0,0,-32300,0,0,0,0,0,1310995,0
1310513,-2996,6938,476,-109,-30,-1099,12270,22,7,-816,-248,36276,127,33,67,0,0,0,0,0,0,0,0,-32299,0,0,0,0,0,1311000,0
1310518,-2922,7026,540,-108,-19,-1096,12276,25,8,-845,-224,36274,123,33,67,0,0,0,0,0,0,0,0,-32300,0,0,0,0,0,1311005,0
1310523,-2922,7150,562,-106,-12,-1103,12288,56,29,-873,-224,36274,123,33,67,0,0,0,0,0,0,0,0,-32300,0,0,0,0,0,1311011,0
1310528,-2884,7340,658,-101,12,-1106,12306,78,48,-934,-256,36274,123,33,67,0,0,0,0,0,0,0,0,-32300,0,0,0,0,0,1311016,0
1310533,-2840,7412,662,-103,36,-1109,12321,60,50,-959,-264,36274,123,33,67,0,0,0,0,0,0,0,0,-32300,0,0,0,0,0,1311022,0
1310538,-2834,7462,678,-93,50,-1108,12325,12,11,-928,-288,36275,127,33,67,0,0,0,0,0,0,0,0,-32300,0,0,0,0,0,1311027,0
1310543,-2828,7466,698,-96,72,-1114,12324,1,-40,-870,-280,36275,127,33,67,0,0,0,0,0,0,0,0,-32300,0,0,0,0,0,1311033,0
1310548,-2812,7434,742,-98,109,-1120,12325,5,-64,-856,-280,36274,127,33,67,0,0,0,0,0,0,0,0,-32300,0,0,0,0,0,1311038,0
1310553,-2782,7454,700,-91,125,-1121,12327,8,-52,-864,-264,36274,127,33,67,0,0,0,0,0,0,0,0,-32300,0,0,0,0,0,1311043,0
1310558,-2758,7414,692,-96,141,-1135,12332,19,-12,-878,-272,36273,133,33,67,0,0,0,0,0,0,0,0,-32300,0,0,0,0,0,1311049,0
1310563,-2622,7388,662,-84,156,-1146,12338,39,23,-899,-256,36273,133,33,67,0,0,0,0,0,0,0,0,-32300,0,0,0,0,0,1311054,0
1310568,-2392,7426,640,-82,182,-1188,12353,73,44,-938,-232,36274,139,33,67,0,0,0,0,0,0,0,0,-32301,0,0,0,0,0,1311059,0
1310573,-2322,7492,642,-81,194,-1210,12380,122,81,-1035,-224,36274,139,33,67,0,0,0,0,0,0,0,0,-32300,0,0,0,0,0,1311065,0
1310578,-2382,7556,660,-74,216,-1223,12409,117,107,-1134,-224,36279,141,33,67,0,0,0,0,0,0,0,0,-32301,0,0,0,0,0,1311070,0
1310583,-2530,7604,668,-70,234,-1245,12442,144,96,-1175,-208,36279,141,33,67,0,0,0,0,0,0,0,0,-32301,0,0,0,0,0,1311075,0
1310588,-2620,7604,706,-69,267,-1279,12477,154,74,-1225,-224,36279,130,33,67,0,0,0,0,0,0,0,0,-32301,0,0,0,0,0,1311081,0
1310593,-2554,7654,694,-64,284,-1290,12519,196,60,-1292,-224,36279,130,33,67,0,0,0,0,0,0,0,0,-32301,0,0,0,0,0,1311086,0
1310598,-2718,7692,688,-71,298,-1306,12569,215,70,-1403,-184,36279,127,33,67,0,0,0,0,0,0,0,0,-32301,0,0,0,0,0,1311092,0
1310603,-2780,7710,664,-66,315,-1319,12623,247,93,-1493,-216,36279,127,33,67,0,0,0,0,0,0,0,0,-32301,0,0,0,0,0,1311097,0
1310608,-3092,7646,546,-63,352,-1338,12683,261,89,-1606,-176,36276,122,33,67,0,0,0,0,0,0,0,0,-32303,0,0,0,0,0,1311103,0
1310613,-3092,7634,588,-57,359,-1342,12751,300,63,-1691,-208,36276,122,33,67,0,0,0,0,0,0,0,0,-32301,0,0,0,0,0,1311108,0
1310618,-3108,7644,516,-53,355,-1352,12824,317,55,-1819,800,36276,124,33,67,0,0,0,0,0,0,0,0,-32300,0,0,0,0,0,1311113,0
1310623,-3138,7584,406,-45,359,-1384,12945,584,161,-695,1216,36276,124,33,67,0,0,0,0,0,0,0,0,-32300,0,0,0,0,0,1311119,0
1310628,-912,7770,260,-23,340,-1533,13191,1125,462,34,2408,36276,127,33,67,0,0,0,0,0,0,0,0,-32300,0,0,0,0,0,1311124,0
1310633,186,8274,144,-10,315,-1629,13544,1601,919,53,3360,36276,127,33,67,0,0,0,0,0,0,0,0,-32300,0,0,0,0,0,1311130,0
1310638,668,8770,164,-2,305,-1738,13988,1989,1311,55,4040,36275,130,33,67,0,0,0,0,0,0,0,0,-32301,0,0,0,0,0,1311135,0
1310643,686,9074,212,9,300,-1833,14510,2328,1517,28,4624,36275,130,33,67,0,0,0,0,0,0,0,0,-32300,0,0,0,0,0,1311141,0
1310648,100,9060,262,10,304,-1957,15097,2617,1435,-1290,-56,36272,136,33,67,0,0,0,0,0,0,0,0,-32300,0,0,0,0,0,1311146,0
1310653,-4286,8622,560,15,367,-1832,15431,1280,738,-6466,-1440,36272,136,33,67,0,0,0,0,0,0,0,0,-32296,0,0,0,0,0,1311151,0
1310658,-7634,7692,990,-29,528,-1635,15448,-23,-762,-6522,-1736,36272,142,33,67,0,0,0,0,0,0,0,0,-32300,0,0,0,0,0,1311157,0
1310663,-13732,6038,1688,-123,720,-1475,15401,-196,-2104,-4305,-1336,36272,142,33,67,0,0,0,0,0,0,0,0,-32299,0,0,0,0,0,1311162,0
1310668,-9966,4352,892,-75,511,-1223,15410,67,-2413,-3778,1008,36246,202,33,67,0,0,0,0,0,0,0,0,-32299,0,0,0,0,0,1311168,0
1310673,-7060,5448,36,-45,523,-1260,15527,609,-1593,-1583,1400,36246,202,33,67,0,0,0,0,0,0,0,0,-32300,0,0,0,0,0,1311173,0
1310678,-3130,6482,-532,-32,511,-1379,15851,1507,277,-117,3296,36241,211,33,67,0,0,0,0,0,0,0,0,-32300,0,0,0,0,0,1311179,0
1310683,1242,7806,-1050,3,444,-1458,16325,2143,1655,-30,4344,36241,211,33,67,0,0,0,0,0,0,0,0,-32301,0,0,0,0,0,1311184,0
1310688,4532,9892,-706,85,331,-1780,16893,2532,2167,-23,4816,36238,225,33,67,0,0,0,0,0,0,0,0,-32301,0,0,0,0,0,1311189,0
1310693,3826,9812,-464,111,310,-1947,17524,2806,2114,-101,5168,36238,225,33,67,0,0,0,0,0,0,0,0,-32300,0,0,0,0,0,1311195,0
1310698,1964,9174,-8,99,301,-2075,18201,3006,1663,-2345,-464,36250,153,33,67,0,0,0,0,0,0,0,0,-32300,0,0,0,0,0,1311200,0
1310703,-3032,8080,702,95,354,-1926,18470,926,416,-9417,-3720,36250,153,33,67,0,0,0,0,0,0,0,0,-32295,0,0,0,0,0,1311206,0
1310708,-15752,3786,1774,11,568,-1287,18364,-565,-1583,-8906,-3712,36202,288,33,67,0,2,0,0,0,0,0,0,-32297,0,0,0,0,0,1311211,0
1310713,-16412,1530,1884,-7,486,-961,18247,-489,-3070,-4736,280,36202,288,33,67,0,2,0,0,0,0,0,0,-32300,0,0,0,0,0,1311216,0
1310718,-11478,2052,1166,-20,455,-792,18432,971,-2684,-488,2480,36144,384,33,67,0,0,0,0,0,0,0,0,-32300,0,0,0,0,0,1311222,0
1310723,-5880,5224,612,-20,439,-1077,18890,2111,-629,-216,4616,36144,384,33,67,0,0,0,0,0,0,0,0,-32300,0,0,0,0,0,1311227,0
1310728,3736,10108,-998,54,442,-1454,19522,2841,2081,-117,5624,36147,391,33,67,0,0,0,0,0,0,0,0,-32301,0,0,0,0,0,1311233,0
1310733,5502,11428,-880,72,392,-1621,20253,3254,3212,-141,5968,36147,391,33,67,0,0,0,0,0,0,0,0,-32300,0,0,0,0,0,1311238,0
1310738,6046,11724,-1016,96,339,-1936,21037,3467,2811,-248,6040,36185,278,33,67,0,0,0,0,0,0,0,0,-32300,0,0,0,0,0,1311243,0
1310743,5156,10646,-810,123,296,-2015,21858,3632,1794,-398,6280,36185,278,33,67,0,0,0,0,0,0,0,0,-32300,0,0,0,0,0,1311249,0
1310748,-1612,7972,-334,132,331,-2158,22720,3825,1116,-2578,112,36264,95,33,67,0,0,0,0,0,0,0,0,-32300,0,0,0,0,0,1311254,0
1310753,-9306,6452,334,119,403,-1901,23170,1729,41,-10209,-4592,36264,95,33,67,0,0,0,0,0,0,0,0,-32295,0,0,0,0,0,1311259,0
1310758,-18104,3642,990,57,486,-1380,23078,-629,-2029,-13380,-6976,36210,268,33,67,0,2,0,0,0,0,0,0,-32293,0,0,0,0,0,1311265,0
1310763,-20322,84,1352,16,500,-531,22744,-1503,-4189,-8709,-1680,36210,268,33,67,0,2,0,0,0,0,0,0,-32301,0,0,0,0,0,1311271,0
1310768,-8356,1428,698,-6,273,236,22723,77,-4321,-1213,968,36037,638,33,67,0,0,0,0,0,0,0,0,-32300,0,0,0,0,0,1311275,0
1310773,-1960,6364,258,-50,254,-172,23029,1457,-2179,-106,2976,36037,638,33,67,0,0,0,0,0,0,0,0,-32300,0,0,0,0,0,1311281,0
1310778,412,11076,254,-54,325,-1054,23512,2186,1172,-211,3808,36020,654,33,67,0,0,0,0,0,0,0,0,-32301,0,0,0,0,0,1311286,0
1310783,518,12012,-624,-19,401,-1788,24104,2646,3151,-353,4336,36020,654,33,67,0,0,0,0,0,0,0,0,-32300,0,0,0,0,0,1311292,0
1310788,5150,10366,-1878,39,309,-1667,24768,2955,3135,-503,4784,36027,620,33,67,0,0,0,0,0,0,0,0,-32300,0,0,0,0,0,1311297,0
1310793,2958,9276,-1694,55,281,-2024,25496,3239,2063,-661,5360,36027,620,33,67,0,0,0,0,0,0,0,0,-32300,0,0,0,0,0,1311303,0
1310798,-28,7310,-1220,108,261,-1983,26312,3632,1398,-797,6440,36254,92,33,67,0,0,0,0,0,0,0,0,-32300,0,0,0,0,0,1311308,0
1310803,-3970,6614,-784,126,299,-2084,27251,4182,1265,-911,7864,36254,92,33,67,0,0,0,0,0,0,0,0,-32300,0,0,0,0,0,1311313,0
1310808,-6028,6290,272,110,286,-2208,28340,4862,1461,-918,9248,36193,18,33,67,0,2,0,0,0,0,0,0,-32300,0,0,0,0,0,1311319,0
1310813,-4350,7092,454,77,249,-2309,29587,5551,1822,-836,10360,36193,18,33,67,0,2,0,0,0,0,0,0,-32300,0,0,0,0,0,1311324,0
1310818,-2086,8168,268,37,215,-2384,30936,5974,2054,-918,11016,36211,-18,33,67,0,0,0,0,0,0,0,0,-32301,0,0,0,0,0,1311329,0
1310823,-434,9494,-144,54,191,-2426,32353,6261,1988,-1056,11504,36211,-18,33,67,0,0,0,0,0,0,0,0,-32301,0,0,0,0,0,1311335,0
1310828,256,9822,-392,42,189,-2633,33816,6450,1643,-1141,11568,36242,-83,33,67,0,0,0,0,0,0,0,0,-32300,0,0,0,0,0,1311340,0
1310833,-150,9282,-542,29,227,-2692,35289,6487,1139,-1265,11680,36242,-83,33,67,0,0,0,0,0,0,0,0,-32300,0,0,0,0,0,1311346,0
1310838,-1258,8228,-534,-1,240,-2776,36791,6636,708,-1424,12024,36329,-136,33,67,0,0,0,0,0,0,0,0,-32300,0,0,0,0,0,1311351,0
1310843,-2692,7464,-468,-2,255,-2833,38344,6848,523,-1477,12384,36329,-136,33,67,0,0,0,0,0,0,0,0,-32300,0,0,0,0,0,1311357,0
1310848,-3948,6578,-348,-15,238,-2938,39932,7008,491,-1635,12912,36432,-244,33,67,0,0,0,0,0,0,0,0,-32300,0,0,0,0,0,1311362,0
1310853,-3872,7034,-280,-47,233,-2988,41580,7281,587,-1761,13488,36432,-244,33,67,0,0,0,0,0,0,0,0,-32300,0,0,0,0,0,1311367,0
1310858,-3456,7334,-358,-55,216,-3045,43275,7469,706,-1732,13696,36480,-348,33,67,0,0,0,0,0,0,0,0,-32301,0,0,0,0,0,1311373,0
1310863,-3074,7824,-538,-44,178,-3094,45007,7644,721,-1868,13888,36480,-348,33,67,0,0,0,0,0,0,0,0,-32301,0,0,0,0,0,1311378,0
1310868,-2854,7894,-774,-43,90,-3192,46773,7774,704,-1940,13936,36525,-436,33,67,0,0,0,0,0,0,0,0,-32301,0,0,0,0,0,1311383,0
1310873,-3134,8044,-870,-12,48,-3245,48528,7731,552,-2159,13928,36525,-436,33,67,0,0,0,0,0,0,0,0,-32300,0,0,0,0,0,1311389,0
1310878,-3418,7632,-782,-20,15,-3281,50294,7770,357,-2250,14048,36576,-538,33,67,0,0,0,0,0,0,0,0,-32300,0,0,0,0,0,1311394,0
1310883,-3874,7106,-448,22,-53,-3314,52052,7734,168,-2326,13960,36576,-538,33,67,0,0,0,0,0,0,0,0,-32301,0,0,0,0,0,1311400,0
1310888,-4964,6118,-282,63,-127,-3322,53838,7875,78,-2438,14216,36619,-615,33,67,0,0,0,0,0,0,0,0,-32302,0,0,0,0,0,1311405,0
1310893,-5258,5892,-248,70,-181,-3338,55635,7914,113,-2529,14288,36619,-615,33,67,0,0,0,0,0,0,0,0,-32300,0,0,0,0,0,1311410,0
1310898,-5072,5660,-246,55,-190,-3340,57439,7944,170,-2708,14648,36671,-704,33,67,0,0,0,0,0,0,0,0,-32300,0,0,0,0,0,1311416,0
1310903,-4674,5608,-222,75,-234,-3340,59255,7980,193,-2718,14328,36671,-704,33,67,0,0,0,0,0,0,0,0,-32302,0,0,0,0,0,1311421,0
1310908,-4342,5812,-190,88,-308,-3322,61058,7926,145,-2810,14064,36717,-785,33,67,0,0,0,0,0,0,0,0,-32301,0,0,0,0,0,1311427,0
1310913,-4298,5832,-22,100,-369,-3294,62861,7925,53,-2893,13728,36717,-785,33,67,0,0,0,0,0,0,0,0,-32300,0,0,0,0,0,1311432,0
1310918,-4256,5688,6,132,-382,-3247,64611,7678,-88,-3055,13288,36757,-868,33,67,0,0,0,0,0,0,0,0,-32301,0,0,0,0,0,1311437,0
1310923,-4398,5576,152,168,-411,-3175,66324,7517,-278,-3220,12904,36757,-868,33,67,0,0,0,0,0,0,0,0,-32302,0,0,0,0,0,1311443,0
1310928,-4610,5414,530,176,-497,-2914,67976,7234,-500,-3229,12344,36789,-924,33,67,0,0,0,0,0,0,0,0,-32300,0,0,0,0,0,1311448,0
1310933,-4732,5430,730,170,-528,-2748,69582,7056,-663,-3399,11712,36789,-924,33,67,0,0,0,0,0,0,0,0,-32300,0,0,0,0,0,1311454,0
1310938,-4604,5682,768,180,-536,-2592,71146,6857,-739,-3395,11176,36804,-967,33,67,0,0,0,0,0,0,0,0,-32300,0,0,0,0,0,1311459,0
1310943,-4684,5976,776,173,-544,-2449,72638,6531,-772,-3551,10624,36804,-967,33,67,0,0,0,0,0,0,0,0,-32301,0,0,0,0,0,1311465,0
1310948,-5648,6452,580,161,-574,-2206,74069,6273,-838,-3670,10048,36811,-965,33,67,0,0,0,0,0,0,0,0,-32302,0,0,0,0,0,1311470,0
1310953,-6186,6218,570,166,-569,-2102,75441,6007,-872,-3642,9304,36811,-965,33,67,0,0,0,0,0,0,0,0,-32302,0,0,0,0,0,1311475,0
1310958,-6722,6378,534,166,-570,-1988,76749,5723,-947,-3762,8608,36801,-929,33,67,0,0,0,0,0,0,0,0,-32300,0,0,0,0,0,1311481,0
1310963,-7066,6222,544,164,-568,-1884,78014,5554,-927,-3860,8232,36801,-929,33,67,0,0,0,0,0,0,0,0,-32301,0,0,0,0,0,1311486,0
1310968,-7742,5984,492,176,-606,-1633,79236,5360,-836,-3864,7904,36786,-891,33,67,0,0,0,0,0,0,0,0,-32302,0,0,0,0,0,1311492,0
1310973,-7894,5858,248,198,-637,-1522,80399,5094,-791,-3973,7392,36786,-891,33,67,0,0,0,0,0,0,0,0,-32300,0,0,0,0,0,1311497,0
1310978,-7884,5894,232,202,-671,-1421,81514,4883,-761,-4057,6936,36765,-834,33,67,0,0,0,0,0,0,0,0,-32301,0,0,0,0,0,1311502,0
1310983,-8044,5932,330,195,-681,-1311,82585,4687,-741,-4071,6248,36765,-834,33,67,0,0,0,0,0,0,0,0,-32301,0,0,0,0,0,1311508,0
1310988,-7796,5810,318,232,-744,-1062,83595,4415,-774,-4101,5808,36741,-776,33,67,0,0,0,0,0,0,0,0,-32299,0,0,0,0,0,1311513,0
1310993,-7800,5734,252,256,-749,-906,84539,4126,-816,-4206,5064,36741,-776,33,67,0,0,0,0,0,0,0,0,-32301,0,0,0,0,0,1311518,0
1310998,-7682,5792,418,254,-768,-734,85427,3884,-858,-4224,4616,36711,-707,33,67,0,0,0,0,0,0,0,0,-32302,0,0,0,0,0,1311524,0
1311003,-7604,5748,400,265,-762,-565,86259,3630,-901,-4214,3864,36711,-707,33,67,0,0,0,0,0,0,0,0,-32303,0,0,0,0,0,1311529,0
1311008,-7532,5876,444,267,-749,-223,87021,3326,-923,-4285,3184,36681,-622,33,67,0,0,0,0,0,0,0,0,-32303,0,0,0,0,0,1311534,0
1311013,-7512,5848,400,274,-725,-66,87707,2984,-960,-4380,2456,36681,-622,33,67,0,0,0,0,0,0,0,0,-32302,0,0,0,0,0,1311540,0
1311018,-7554,5698,488,274,-712,94,88314,2629,-1033,-4364,1784,36635,-517,33,67,0,0,0,0,0,0,0,0,-32300,0,0,0,0,0,1311546,0
1311023,-7602,5556,464,261,-693,269,88841,2287,-1123,-4436,1096,36635,-517,33,67,0,0,0,0,0,0,0,0,-32299,0,0,0,0,0,1311551,0
1311028,-7540,4854,482,255,-646,614,89298,1979,-1173,-4464,320,36580,-398,33,67,0,0,0,0,0,0,0,0,-32302,0,0,0,0,0,1311556,0
1311033,-7562,4728,510,241,-625,779,89679,1639,-1173,-4538,-40,36580,-398,33,67,0,0,0,0,0,0,0,0,-32299,0,0,0,0,0,1311562,0
1311038,-7610,4520,576,237,-593,945,89973,1258,-1175,-4716,-288,36507,-255,33,67,0,0,0,0,0,0,0,0,-32302,0,0,0,0,0,1311567,0
1311043,-7918,4346,598,221,-567,1062,90184,889,-1195,-4715,-336,36507,-255,33,67,0,0,0,0,0,0,0,0,-32300,0,0,0,0,0,1311572,0
1311048,-8464,3918,576,198,-496,1266,90320,568,-1228,-4675,-696,36428,-87,33,67,0,0,0,0,0,0,0,0,-32299,0,0,0,0,0,1311578,0
1311053,-8700,3692,624,185,-474,1341,90395,300,-1209,-4563,-1272,36428,-87,33,67,0,0,0,0,0,0,0,0,-32300,0,0,0,0,0,1311583,0
1311058,-8704,3582,580,169,-452,1422,90417,64,-1115,-4443,-1632,36350,78,33,67,0,0,0,0,0,0,0,0,-32301,0,0,0,0,0,1311588,0
1311063,-8816,3690,640,167,-431,1474,90398,-82,-967,-4382,-1816,36350,78,33,67,0,0,0,0,0,0,0,0,-32300,0,0,0,0,0,1311594,0
1311068,-8552,4246,706,149,-390,1489,90379,-79,-741,-4465,-1736,36279,223,33,67,0,0,0,0,0,0,0,0,-32300,0,0,0,0,0,1311599,0
1311073,-8372,4604,614,140,-374,1439,90369,-38,-467,-4488,-1680,36279,223,33,67,0,0,0,0,0,0,0,0,-32300,0,0,0,0,0,1311604,0
1311078,-8196,4808,600,124,-352,1384,90360,-42,-201,-4474,-1664,36234,297,33,67,0,0,0,0,0,0,0,0,-32299,0,0,0,0,0,1311610,0
1311083,-7766,4710,542,108,-329,1379,90345,-76,-25,-4444,-1736,36234,297,33,67,0,0,0,0,0,0,0,0,-32299,0,0,0,0,0,1311616,0
1311088,-6666,4920,454,79,-291,1457,90321,-116,0,-4440,-1744,36207,339,33,67,0,0,0,0,0,0,0,0,-32299,0,0,0,0,0,1311621,0
1311093,-5952,5164,438,70,-278,1543,90294,-119,-46,-4427,-1880,36207,339,33,67,0,0,0,0,0,0,0,0,-32299,0,0,0,0,0,1311626,0
1311098,-5462,5468,412,57,-259,1641,90249,-212,-101,-4380,-2080,36195,347,33,67,0,0,0,0,0,0,0,0,-32298,0,0,0,0,0,1311632,0
1311103,-5290,5866,420,36,-232,1730,90187,-288,-152,-4431,-2240,36195,347,33,67,0,0,0,0,0,0,0,0,-32298,0,0,0,0,0,1311637,0
1311108,-4958,6330,432,-4,-161,1922,90105,-369,-205,-4401,-2376,36180,358,33,67,0,0,0,0,0,0,0,0,-32299,0,0,0,0,0,1311642,0
1311113,-4748,6306,440,-29,-138,2036,90000,-477,-260,-4370,-2800,36180,358,33,67,0,0,0,0,0,0,0,0,-32300,0,0,0,0,0,1311648,0
1311118,-4524,6226,450,-48,-113,2186,89862,-621,-329,-4390,-3072,36167,391,33,67,0,0,0,0,0,0,0,0,-32301,0,0,0,0,0,1311654,0
1311123,-4478,6188,488,-70,-84,2320,89698,-737,-375,-4462,-3104,36167,391,33,67,0,0,0,0,0,0,0,0,-32302,0,0,0,0,0,1311659,0
1311128,-4674,6448,528,-99,-34,2569,89515,-817,-396,-4412,-3432,36147,446,33,67,0,0,0,0,0,0,0,0,-32300,0,0,0,0,0,1311664,0
1311133,-4852,6428,572,-116,-3,2661,89313,-900,-384,-4427,-3400,36147,446,33,67,0,0,0,0,0,0,0,0,-32298,0,0,0,0,0,1311670,0
1311138,-5148,6386,666,-138,12,2744,89101,-939,-323,-4376,-3672,36126,500,33,67,0,0,0,0,0,0,0,0,-32301,0,0,0,0,0,1311675,0
1311143,-5164,6354,686,-144,24,2821,88876,-1001,-260,-4405,-3720,36126,500,33,67,0,0,0,0,0,0,0,0,-32302,0,0,0,0,0,1311680,0
1311148,-5610,6158,694,-183,50,2926,88641,-1037,-210,-4339,-3624,36098,547,33,67,0,0,0,0,0,0,0,0,-32299,0,0,0,0,0,1311686,0
1311153,-5628,6006,648,-178,52,2964,88403,-1040,-169,-4320,-3680,36098,547,33,67,0,0,0,0,0,0,0,0,-32299,0,0,0,0,0,1311691,0
1311158,-5560,5922,642,-194,66,3019,88166,-1043,-117,-4317,-3672,36081,556,33,67,0,0,0,0,0,0,0,0,-32303,0,0,0,0,0,1311697,0
1311163,-5650,6056,686,-201,63,3041,87933,-1029,-59,-4313,-3776,36081,556,33,67,0,0,0,0,0,0,0,0,-32300,0,0,0,0,0,1311702,0
1311168,-5686,6122,630,-214,80,3070,87696,-1043,-10,-4321,-3776,36071,565,33,67,0,0,0,0,0,0,0,0,-32299,0,0,0,0,0,1311708,0
1311173,-5644,6024,580,-226,86,3094,87456,-1067,-1,-4279,-3728,36071,565,33,67,0,0,0,0,0,0,0,0,-32302,0,0,0,0,0,1311713,0
1311178,-5306,5862,588,-219,77,3153,87209,-1087,-28,-4249,-3784,36064,574,33,67,0,0,0,0,0,0,0,0,-32301,0,0,0,0,0,1311718,0
1311183,-4858,5930,594,-225,64,3240,86953,-1138,-63,-4243,-3816,36064,574,33,67,0,0,0,0,0,0,0,0,-32299,0,0,0,0,0,1311725,0
1311188,-4696,6168,570,-217,75,3354,86683,-1193,-105,-4236,-4008,36058,579,33,67,0,0,0,0,0,0,0,0,-32301,0,0,0,0,0,1311730,0
1311193,-4916,6278,628,-230,70,3404,86391,-1294,-163,-4212,-4360,36058,579,33,67,0,0,0,0,0,0,0,0,-32301,0,0,0,0,0,1311736,0
1311198,-4898,6148,554,-225,68,3478,86071,-1422,-235,-4174,-4608,36045,595,33,67,0,0,0,0,0,0,0,0,-32299,0,0,0,0,0,1311742,0
1311203,-4672,6134,536,-220,44,3592,85726,-1532,-314,-4175,-4904,36045,595,33,67,0,0,0,0,0,0,0,0,-32302,0,0,0,0,0,1311747,0
1311208,-4406,6016,486,-205,21,3783,85354,-1648,-367,-4174,-5120,36030,623,33,67,0,2,0,0,0,0,0,0,-32299,0,0,0,0,0,1311753,0
1311213,-4198,6002,412,-192,3,3907,84954,-1775,-404,-4148,-5440,36030,623,33,67,0,2,0,0,0,0,0,0,-32302,0,0,0,0,0,1311759,0
1311218,-3930,6120,462,-187,-21,4028,84523,-1924,-426,-4105,-5768,36010,664,33,67,0,2,0,0,0,0,0,0,-32298,0,0,0,0,0,1311764,0
1311223,-3516,6062,468,-160,-49,4158,84056,-2071,-447,-4068,-6096,36010,664,33,67,0,2,0,0,0,0,0,0,-32302,0,0,0,0,0,1311769,0
1311228,-2556,6190,436,-138,-95,4482,83546,-2266,-494,-4004,-6424,35999,735,33,67,0,2,0,0,0,0,0,0,-32300,0,0,0,0,0,1311775,0
1311233,-2022,6360,368,-124,-118,4659,82984,-2494,-574,-3998,-7008,35999,735,33,67,0,2,0,0,0,0,0,0,-32299,0,0,0,0,0,1311780,0
1311238,-1672,6554,368,-99,-149,4878,82362,-2771,-674,-3982,-7504,35981,801,33,67,0,2,0,0,0,0,0,0,-32302,0,0,0,0,0,1311785,0
1311243,-1140,6660,428,-103,-173,5101,81672,-3069,-793,-3891,-8112,35981,801,33,67,0,2,0,0,0,0,0,0,-32302,0,0,0,0,0,1311791,0
1311248,-810,7000,364,-80,-215,5601,80910,-3382,-913,-3879,-8928,35945,879,33,67,0,2,0,0,0,0,0,0,-32301,0,0,0,0,0,1311796,0
1311253,-716,6848,286,-67,-242,5886,80076,-3704,-1010,-3820,-9504,35945,879,33,67,0,2,0,0,0,0,0,0,-32301,0,0,0,0,0,1311801,0
1311258,-604,6772,346,-59,-275,6179,79165,-4047,-1081,-3800,-10168,35889,969,33,67,0,2,0,0,0,0,0,0,-32302,0,0,0,0,0,1311807,0
1311263,-164,6862,320,-48,-315,6563,78162,-4448,-1145,-3724,-10936,35889,969,33,67,0,2,0,0,0,0,0,0,-32300,0,0,0,0,0,1311812,0
1311268,712,7078,-56,-12,-395,7272,77072,-4838,-1228,-3673,-11880,35822,1093,33,67,0,2,0,0,0,0,0,0,-32299,0,0,0,0,0,1311817,0
1311273,976,7268,-242,34,-415,7608,75901,-5189,-1286,-3573,-12696,35822,1093,33,67,0,2,0,0,0,0,0,0,-32301,0,0,0,0,0,1311823,0
1311278,964,7798,-476,51,-436,7929,74635,-5620,-1324,-3470,-13352,35760,1210,33,67,0,2,0,0,0,0,0,0,-32299,0,0,0,0,0,1311829,0
1311283,720,7562,-208,59,-450,8137,73262,-6086,-1382,-3482,-14344,35760,1210,33,67,0,2,0,0,0,0,0,0,-32301,0,0,0,0,0,1311834,0
1311288,1042,7392,296,117,-503,8898,71798,-6479,-1431,-3330,-15048,35699,1341,33,67,0,2,0,0,0,0,0,0,-32301,0,0,0,0,0,1311839,0
1311293,938,8278,1030,90,-576,9235,70234,-6928,-1483,-3183,-15992,35699,1341,33,67,0,2,0,0,0,0,0,0,-32301,0,0,0,0,0,1311845,0
1311298,1146,6912,-556,152,-555,9516,68576,-7322,-1509,-3161,-16936,35644,1442,33,67,0,2,0,0,0,0,0,0,-32301,0,0,0,0,0,1311850,0
1311303,828,7764,28,175,-592,9850,66856,-7597,-1424,-3062,-17400,35644,1442,33,67,0,2,0,0,0,0,0,0,-32301,0,0,0,0,0,1311855,0
1311308,1356,8964,478,228,-642,10475,65410,-7954,-1346,-2887,-18312,35600,1529,33,67,0,2,0,0,0,0,0,0,-32299,0,0,0,0,0,1311861,0
1311313,1678,8246,398,285,-663,10701,63531,-8300,-1290,-2798,-19048,35600,1529,33,67,0,2,0,0,0,0,0,0,-32300,0,0,0,0,0,1311866,0
1311318,964,8552,256,295,-673,10987,61563,-8710,-1275,-2605,-19704,35571,1589,33,67,0,2,0,0,0,0,0,0,-32300,0,0,0,0,0,1311872,0
1311323,274,9040,-58,331,-689,11267,59534,-8935,-1251,-2584,-20064,35571,1589,33,67,0,2,0,0,0,0,0,0,-32299,0,0,0,0,0,1311877,0
1311328,1150,8740,234,380,-771,11791,57445,-9227,-1184,-2384,-20464,35561,1598,33,67,0,2,0,0,0,0,0,0,-32299,0,0,0,0,0,1311882,0
1311333,1124,9204,312,411,-819,11973,55292,-9494,-1046,-2347,-21176,35561,1598,33,67,0,2,0,0,0,0,0,0,-32300,0,0,0,0,0,1311888,0
1311338,972,9318,78,447,-841,12143,53068,-9824,-1010,-2139,-21704,35566,1558,33,67,0,2,0,0,0,0,0,0,-32301,0,0,0,0,0,1311893,0
1311343,-80,9580,36,500,-877,12340,50812,-9925,-907,-2093,-21752,35566,1558,33,67,0,2,0,0,0,0,0,0,-32301,0,0,0,0,0,1311899,0
1311348,748,9846,-48,571,-965,12716,48512,-10150,-857,-1879,-21992,35588,1502,33,67,0,2,0,0,0,0,0,0,-32300,0,0,0,0,0,1311904,0
1311353,1210,9810,166,587,-1030,12826,46180,-10271,-703,-1746,-22384,35588,1502,33,67,0,2,0,0,0,0,0,0,-32300,0,0,0,0,0,1311909,0
1311358,1380,10522,208,607,-1064,12946,43796,-10493,-650,-1587,-22672,35624,1395,33,67,0,2,0,0,0,0,0,0,-32300,0,0,0,0,0,1311914,0
1311363,694,10474,328,640,-1105,13050,41401,-10556,-541,-1485,-22896,35624,1395,33,67,0,2,0,0,0,0,0,0,-32300,0,0,0,0,0,1311920,0
1311368,1574,10610,280,670,-1161,13151,38980,-10655,-515,-1325,-22976,35674,1273,33,67,0,2,0,0,0,0,0,0,-32300,0,0,0,0,0,1311925,0
1311373,1738,11260,132,663,-1171,13172,36532,-10788,-421,-1185,-23104,35674,1273,33,67,0,2,0,0,0,0,0,0,-32300,0,0,0,0,0,1311931,0
1311378,1328,11186,284,677,-1184,13205,34092,-10722,-309,-1095,-22768,35744,1120,33,67,0,2,0,0,0,0,0,0,-32301,0,0,0,0,0,1311936,0
1311383,1416,11294,368,710,-1195,13199,31644,-10788,-221,-892,-22800,35744,1120,33,67,0,2,0,0,0,0,0,0,-32301,0,0,0,0,0,1311942,0
1311388,1964,11558,378,672,-1238,13145,29203,-10749,-89,-744,-22808,35817,948,33,67,0,2,0,0,0,0,0,0,-32300,0,0,0,0,0,1311947,0
1311393,2224,11866,494,650,-1225,13073,26763,-10711,-35,-637,-22352,35817,948,33,67,0,2,0,0,0,0,0,0,-32301,0,0,0,0,0,1311952,0
1311398,1442,11968,456,613,-1253,12993,24337,-10680,60,-504,-22048,35895,774,33,67,0,0,0,0,0,0,0,0,-32300,0,0,0,0,0,1311958,0
1311403,2002,11978,408,600,-1268,12918,21932,-10561,118,-351,-21776,35895,774,33,67,0,0,0,0,0,0,0,0,-32301,0,0,0,0,0,1311963,0
1311408,2524,12274,484,535,-1241,12677,19542,-10503,184,-146,-21424,35974,597,33,67,0,0,0,0,0,0,0,0,-32301,0,0,0,0,0,1311969,0
1311413,2898,12330,592,505,-1216,12524,17209,-10246,350,-73,-20712,35974,597,33,67,0,0,0,0,0,0,0,0,-32301,0,0,0,0,0,1311975,0
1311418,2498,12316,784,476,-1224,12375,14904,-10125,420,56,-20192,36058,437,33,67,0,0,0,0,0,0,0,0,-32301,0,0,0,0,0,1311980,0
1311423,2574,12452,922,405,-1220,12207,12647,-9933,561,221,-19760,36058,437,33,67,0,0,0,0,0,0,0,0,-32300,0,0,0,0,0,1311985,0
1311428,23730,15524,1978,382,-919,7162,10529,-9196,827,2,-16360,36144,294,33,67,0,0,0,0,0,0,0,0,-32300,0,0,0,0,0,1311991,0
1311433,22154,11082,-1456,304,-688,6129,8945,-6663,2142,-475,-9048,36144,294,33,67,0,0,0,0,0,0,0,0,-32300,0,0,0,0,0,1311996,0
1311438,3876,19908,2886,269,-543,4988,8317,-2303,5135,-649,3296,36165,292,33,67,0,0,0,0,0,0,0,0,-32300,0,0,0,0,0,1312002,0
1311443,-11534,17440,3144,367,-538,5575,8869,2951,9442,965,8976,36165,292,33,67,0,0,0,0,0,0,0,0,-32300,0,0,0,0,0,1312007,0
1311448,-8824,7984,2094,305,-574,5327,10130,5743,12680,-1809,7272,36181,258,33,67,0,0,0,0,0,0,0,0,-32299,0,0,0,0,0,1312012,0
1311453,-2228,9440,472,152,-662,4834,11340,5195,12002,-6451,3184,36181,258,33,67,0,0,0,0,0,0,0,0,-32304,0,0,0,0,0,1312018,0
1311458,7080,13670,-5464,382,-910,5258,12108,3156,7152,-7778,3648,36346,-138,33,67,0,0,0,0,0,0,0,0,-32303,0,0,0,0,0,1312023,0
1311463,-9698,10288,-1512,47,-843,3841,12579,2057,1074,-2758,2600,36346,-138,33,67,0,0,0,0,0,0,0,0,-32301,0,0,0,0,0,1312029,0
1311468,-9266,6938,-840,85,-1249,4283,12960,1617,-2902,-2447,-192,36413,-274,33,67,0,0,0,0,0,0,0,0,-32299,0,0,0,0,0,1312034,0
1311473,-4660,6268,-238,66,-1364,4250,13040,208,-4053,-4192,-1376,36413,-274,33,67,0,0,0,0,0,0,0,0,-32299,0,0,0,0,0,1312039,0
1311478,-960,7344,390,93,-1382,3904,12920,-568,-3600,-2105,-1112,36246,-307,33,67,0,0,0,0,0,0,0,0,-32300,0,0,0,0,0,1312045,0
1311483,-288,9328,2662,-151,-1361,3395,12765,-684,-2822,-550,-736,36246,-307,33,67,0,0,0,0,0,0,0,0,-32300,0,0,0,0,0,1312050,0
1311488,-2418,9916,1830,-81,-1356,2985,12630,-588,-2139,-88,-216,36114,67,33,67,0,0,0,0,0,0,0,0,-32300,0,0,0,0,0,1312056,0
1311493,-620,9306,1574,-178,-1393,2924,12529,-421,-1044,134,-88,36114,67,33,67,0,0,0,0,0,0,0,0,-32300,0,0,0,0,0,1312061,0
1311498,1742,8358,1014,-192,-1387,2656,12483,-179,38,237,24,36058,157,33,67,0,0,0,0,0,0,0,0,-32300,0,0,0,0,0,1312067,0
1311503,1370,9322,1080,-234,-1290,2317,12491,60,541,152,80,36058,157,33,67,0,0,0,0,0,0,0,0,-32300,0,0,0,0,0,1312072,0
1311508,116,9074,532,-300,-1199,1869,12530,179,679,97,104,36101,164,33,67,0,0,0,0,0,0,0,0,-32301,0,0,0,0,0,1312077,0
1311513,136,8768,770,-311,-1184,1831,12579,215,620,104,136,36101,164,33,67,0,0,0,0,0,0,0,0,-32300,0,0,0,0,0,1312083,0
1311518,916,8714,730,-335,-1165,1791,12633,237,434,95,136,36105,151,33,67,0,0,0,0,0,0,0,0,-32300,0,0,0,0,0,1312088,0
1311523,1524,8794,424,-356,-1293,1502,12688,243,231,85,136,36105,151,33,67,0,0,0,0,0,0,0,0,-32301,0,0,0,0,0,1312094,0
1311528,112,9116,578,-391,-948,1075,12745,255,95,83,144,36105,149,33,67,0,0,0,0,0,0,0,0,-32300,0,0,0,0,0,1312099,0
1311533,-308,8010,394,-390,-911,1136,12804,257,44,84,136,36105,149,33,67,0,0,0,0,0,0,0,0,-32300,0,0,0,0,0,1312104,0
1311538,252,8500,184,-408,-868,1111,12863,264,24,81,128,36273,133,33,67,0,0,0,0,0,0,0,0,-32300,0,0,0,0,0,1312110,0
1311543,804,8074,78,-404,-799,1075,12917,235,1,68,96,36273,133,33,67,0,0,0,0,0,0,0,0,-32300,0,0,0,0,0,1312115,0
1311548,2240,7190,208,-449,-624,854,12964,199,-27,60,88,36272,138,33,67,0,0,0,0,0,0,0,0,-32301,0,0,0,0,0,1312120,0
1311553,1822,7282,316,-362,-474,700,13000,152,-74,58,56,36272,138,33,67,0,0,0,0,0,0,0,0,-32300,0,0,0,0,0,1312126,0
1311558,1244,7198,122,-363,-346,600,13025,104,-121,51,56,36271,137,33,67,0,0,0,0,0,0,0,0,-32300,0,0,0,0,0,1312131,0
1311563,1224,6738,130,-371,-249,554,13042,63,-148,72,32,36271,137,33,67,0,0,0,0,0,0,0,0,-32300,0,0,0,0,0,1312136,0
1311568,1268,6148,2,-369,-98,442,13041,-13,-167,69,8,36264,131,33,67,0,0,0,0,0,0,0,0,-32300,0,0,0,0,0,1312142,0
1311573,1614,5818,-318,-338,-3,385,13036,-23,-166,64,16,36264,131,33,67,0,0,0,0,0,0,0,0,-32300,0,0,0,0,0,1312147,0
1311578,1754,5840,-138,-342,101,323,13035,4,-127,62,24,36265,120,33,67,0,0,0,0,0,0,0,0,-32300,0,0,0,0,0,1312153,0
1311583,1760,5720,-274,-328,201,253,13035,2,-64,66,16,36265,120,33,67,0,0,0,0,0,0,0,0,-32301,0,0,0,0,0,1312158,0
1311588,1782,5578,-404,-279,371,106,13034,-3,-11,67,16,36266,124,33,67,0,0,0,0,0,0,0,0,-32301,0,0,0,0,0,1312164,0
1311593,1800,5588,-310,-260,444,38,13036,6,18,65,16,36266,124,33,67,0,0,0,0,0,0,0,0,-32301,0,0,0,0,0,1312169,0
1311598,1814,5460,-444,-243,511,-24,13034,3,10,67,16,36270,126,33,67,0,0,0,0,0,0,0,0,-32300,0,0,0,0,0,1312174,0
1311603,1856,5372,-454,-218,570,-79,13035,1,4,65,16,36270,126,33,67,0,0,0,0,0,0,0,0,-32301,0,0,0,0,0,1312180,0
1311608,2060,5250,-452,-158,679,-207,13035,1,4,67,24,36272,120,33,67,0,0,0,0,0,0,0,0,-32302,0,0,0,0,0,1312185,0
1311613,2154,5194,-484,-124,742,-259,13035,3,2,65,24,36272,120,33,67,0,0,0,0,0,0,0,0,-32302,0,0,0,0,0,1312190,0
1311618,2210,5186,-462,-99,791,-311,13037,8,1,68,24,36274,116,33,67,0,0,0,0,0,0,0,0,-32300,0,0,0,0,0,1312196,0
1311623,2246,5152,-464,-61,848,-361,13037,6,4,69,16,36274,116,33,67,0,0,0,0,0,0,0,0,-32301,0,0,0,0,0,1312201,0
1311628,2230,5236,-458,11,956,-423,13038,1,3,65,16,36273,123,33,67,0,0,0,0,0,0,0,0,-32301,0,0,0,0,0,1312206,0
1311633,2188,5316,-440,45,1002,-442,13039,2,-5,65,16,36273,123,33,67,0,0,0,0,0,0,0,0,-32300,0,0,0,0,0,1312212,0
1311638,2214,5344,-438,79,1043,-457,13041,8,4,67,16,36271,129,33,67,0,0,0,0,0,0,0,0,-32300,0,0,0,0,0,1312217,0
1311643,2208,5400,-432,116,1080,-458,13042,11,4,63,16,36271,129,33,67,0,0,0,0,0,0,0,0,-32301,0,0,0,0,0,1312223,0
1311648,2382,5604,-410,182,1136,-464,13042,-5,-2,68,24,36273,133,33,67,0,0,0,0,0,0,0,0,-32301,0,0,0,0,0,1312228,0
1311653,2456,5692,-400,217,1168,-472,13045,4,0,66,16,36273,133,33,67,0,0,0,0,0,0,0,0,-32300,0,0,0,0,0,1312234,0
1311658,2552,5812,-380,251,1196,-487,13044,3,-3,66,24,36272,128,33,67,0,0,0,0,0,0,0,0,-32300,0,0,0,0,0,1312239,0
1311663,2640,5936,-352,282,1209,-499,13046,3,1,65,24,36272,128,33,67,0,0,0,0,0,0,0,0,-32300,0,0,0,0,0,1312244,0
1311668,2792,6170,-332,336,1234,-548,13045,-1,-4,65,24,36272,114,33,67,0,0,0,0,0,0,0,0,-32300,0,0,0,0,0,1312250,0
1311673,2820,6276,-282,364,1235,-577,13046,1,2,66,24,36272,114,33,67,0,0,0,0,0,0,0,0,-32301,0,0,0,0,0,1312255,0
1311678,2840,6328,-266,385,1230,-606,13047,12,-3,65,32,36269,121,33,67,0,0,0,0,0,0,0,0,-32301,0,0,0,0,0,1312260,0
1311683,2884,6412,-302,402,1231,-629,13048,5,5,62,24,36269,121,33,67,0,0,0,0,0,0,0,0,-32300,0,0,0,0,0,1312266,0
1311688,2958,6524,-274,444,1215,-680,13052,18,8,65,24,36270,129,33,67,0,0,0,0,0,0,0,0,-32300,0,0,0,0,0,1312271,0
1311693,3000,6532,-244,459,1197,-707,13060,27,19,62,32,36270,129,33,67,0,0,0,0,0,0,0,0,-32301,0,0,0,0,0,1312277,0
1311698,3012,6576,-196,477,1178,-733,13076,72,40,60,48,36269,131,33,67,0,0,0,0,0,0,0,0,-32301,0,0,0,0,0,1312282,0
1311703,3102,6574,-156,490,1159,-765,13106,147,79,52,80,36269,131,33,67,0,0,0,0,0,0,0,0,-32300,0,0,0,0,0,1312288,0
1311708,3252,6660,-96,524,1110,-860,13150,196,135,58,128,36268,133,33,67,0,0,0,0,0,0,0,0,-32300,0,0,0,0,0,1312293,0
1311713,3298,6684,-52,529,1089,-917,13207,257,174,63,152,36268,133,33,67,0,0,0,0,0,0,0,0,-32300,0,0,0,0,0,1312298,0
1311718,3300,6678,-50,539,1058,-971,13276,311,204,73,192,36269,130,33,67,0,0,0,0,0,0,0,0,-32301,0,0,0,0,0,1312304,0
1311723,3320,6630,-34,548,1032,-1036,13360,369,202,61,232,36269,130,33,67,0,0,0,0,0,0,0,0,-32300,0,0,0,0,0,1312309,0
1311728,3318,6688,-16,557,970,-1138,13452,414,194,52,272,36270,125,33,67,0,0,0,0,0,0,0,0,-32300,0,0,0,0,0,1312315,0
1311733,3356,6704,6,560,939,-1187,13554,454,184,42,344,36270,125,33,67,0,0,0,0,0,0,0,0,-32301,0,0,0,0,0,1312320,0
1311738,3384,6764,10,567,905,-1232,13669,511,167,36,464,36269,123,33,67,0,0,0,0,0,0,0,0,-32300,0,0,0,0,0,1312326,0
1311743,3432,6804,80,561,870,-1277,13797,574,167,43,552,36269,123,33,67,0,0,0,0,0,0,0,0,-32300,0,0,0,0,0,1312331,0
1311748,3676,6986,92,563,803,-1379,13937,626,177,47,592,36273,122,33,67,0,0,0,0,0,0,0,0,-32301,0,0,0,0,0,1312336,0
1311753,3716,7040,132,562,768,-1431,14088,668,186,24,616,36273,122,33,67,0,0,0,0,0,0,0,0,-32301,0,0,0,0,0,1312342,0
1311758,3748,7078,154,553,731,-1476,14249,719,188,5,688,36272,130,33,67,0,0,0,0,0,0,0,0,-32301,0,0,0,0,0,1312348,0
1311763,3768,7134,178,562,707,-1528,14424,766,175,-20,800,36272,130,33,67,0,0,0,0,0,0,0,0,-32300,0,0,0,0,0,1312352,0
1311768,3868,7228,200,557,634,-1603,14606,805,167,-32,856,36274,131,33,67,0,0,0,0,0,0,0,0,-32301,0,0,0,0,0,1312358,0
1311773,3924,7264,230,552,602,-1637,14802,859,163,-32,944,36274,131,33,67,0,0,0,0,0,0,0,0,-32300,0,0,0,0,0,1312363,0
1311778,3914,7324,236,548,568,-1669,15007,909,163,-51,1040,36274,126,33,67,0,0,0,0,0,0,0,0,-32301,0,0,0,0,0,1312369,0
1311783,3946,7342,228,550,548,-1702,15224,967,170,-66,1160,36274,126,33,67,0,0,0,0,0,0,0,0,-32300,0,0,0,0,0,1312374,0
1311788,4016,7356,252,533,476,-1760,15449,998,169,-73,1176,36271,131,33,67,0,0,0,0,0,0,0,0,-32301,0,0,0,0,0,1312379,0
1311793,4038,7322,266,542,436,-1787,15689,1053,173,-82,1240,36271,131,33,67,0,0,0,0,0,0,0,0,-32301,0,0,0,0,0,1312385,0
1311798,4086,7324,242,537,405,-1817,15937,1095,165,-99,1288,36272,129,33,67,0,0,0,0,0,0,0,0,-32301,0,0,0,0,0,1312390,0
1311803,4130,7320,240,538,375,-1848,16194,1137,168,-112,1328,36272,129,33,67,0,0,0,0,0,0,0,0,-32300,0,0,0,0,0,1312396,0
1311808,4240,7368,294,542,310,-1900,16460,1174,152,-124,1344,36268,124,33,67,0,0,0,0,0,0,0,0,-32301,0,0,0,0,0,1312401,0
1311813,4208,7352,300,547,290,-1930,16732,1205,142,-144,1368,36268,124,33,67,0,0,0,0,0,0,0,0,-32300,0,0,0,0,0,1312406,0
1311818,4196,7358,324,548,266,-1944,17008,1222,123,-161,1352,36267,126,33,67,0,0,0,0,0,0,0,0,-32300,0,0,0,0,0,1312412,0
1311823,4264,7366,336,549,244,-1961,17293,1253,103,-180,1384,36267,126,33,67,0,0,0,0,0,0,0,0,-32300,0,0,0,0,0,1312417,0
1311828,4396,7342,332,547,213,-1989,17580,1270,91,-209,1408,36268,120,33,67,0,0,0,0,0,0,0,0,-32300,0,0,0,0,0,1312423,0
1311833,4376,7466,312,545,207,-2001,17869,1274,81,-222,1344,36268,120,33,67,0,0,0,0,0,0,0,0,-32300,0,0,0,0,0,1312428,0
1311838,4236,7364,346,548,196,-2006,18162,1291,63,-231,1352,36270,121,33,67,0,0,0,0,0,0,0,0,-32301,0,0,0,0,0,1312433,0
1311843,4264,7426,360,551,182,-2008,18459,1308,54,-258,1368,36270,121,33,67,0,0,0,0,0,0,0,0,-32300,0,0,0,0,0,1312439,0
1311848,4414,7382,412,555,168,-2012,18759,1324,46,-276,1360,36272,117,33,67,0,0,0,0,0,0,0,0,-32300,0,0,0,0,0,1312444,0
1311853,4410,7362,414,547,172,-2012,19060,1329,48,-294,1344,36272,117,33,67,0,0,0,0,0,0,0,0,-32300,0,0,0,0,0,1312450,0
1311858,4356,7340,424,550,171,-2012,19362,1329,43,-311,1336,36276,112,33,67,0,0,0,0,0,0,0,0,-32300,0,0,0,0,0,1312455,0
1311863,4342,7312,446,548,166,-2006,19664,1330,29,-334,1288,36276,112,33,67,0,0,0,0,0,0,0,0,-32301,0,0,0,0,0,1312460,0
1311868,4428,7312,446,556,170,-1996,19967,1331,19,-345,1240,36276,108,33,67,0,0,0,0,0,0,0,0,-32300,0,0,0,0,0,1312466,0
1311873,4384,7346,430,552,176,-1992,20270,1334,9,-357,1248,36276,108,33,67,0,0,0,0,0,0,0,0,-32301,0,0,0,0,0,1312472,0
1311878,4360,7260,456,553,174,-1971,20570,1310,2,-384,1160,36276,111,33,67,0,0,0,0,0,0,0,0,-32301,0,0,0,0,0,1312477,0
1311883,4378,7274,450,562,182,-1963,20868,1301,-12,-411,1096,36276,111,33,67,0,0,0,0,0,0,0,0,-32300,0,0,0,0,0,1312482,0
1311888,4402,7268,440,555,197,-1928,21160,1284,-30,-407,1024,36275,104,33,67,0,0,0,0,0,0,0,0,-32301,0,0,0,0,0,1312488,0
1311893,4396,7266,416,554,204,-1910,21451,1265,-42,-438,1016,36275,104,33,67,0,0,0,0,0,0,0,0,-32300,0,0,0,0,0,1312493,0
1311898,4326,7256,450,553,225,-1886,21733,1242,-64,-459,936,36275,104,33,67,0,0,0,0,0,0,0,0,-32301,0,0,0,0,0,1312498,0
1311903,4230,7268,418,554,228,-1857,22006,1200,-75,-475,848,36275,104,33,67,0,0,0,0,0,0,0,0,-32300,0,0,0,0,0,1312504,0
1311908,4266,7312,454,547,253,-1801,22271,1160,-101,-499,752,36278,103,33,67,0,0,0,0,0,0,0,0,-32300,0,0,0,0,0,1312510,0
1311913,4310,7340,410,548,269,-1777,22529,1130,-111,-490,624,36278,103,33,67,0,0,0,0,0,0,0,0,-32300,0,0,0,0,0,1312515,0
1311918,4278,7358,392,541,287,-1753,22778,1090,-121,-507,552,36280,97,33,67,0,0,0,0,0,0,0,0,-32301,0,0,0,0,0,1312520,0
1311923,4258,7440,428,539,294,-1727,23017,1048,-129,-537,480,36280,97,33,67,0,0,0,0,0,0,0,0,-32301,0,0,0,0,0,1312526,0
1311928,4198,7456,418,532,324,-1652,23246,999,-133,-551,368,36282,97,33,67,0,0,0,0,0,0,0,0,-32300,0,0,0,0,0,1312531,0
1311933,4198,7364,426,524,332,-1613,23463,955,-144,-582,320,36282,97,33,67,0,0,0,0,0,0,0,0,-32301,0,0,0,0,0,1312536,0
1311938,4276,7504,498,526,353,-1571,23667,887,-160,-590,248,36282,104,33,67,0,0,0,0,0,0,0,0,-32301,0,0,0,0,0,1312542,0
1311943,4270,7464,484,521,375,-1532,23861,845,-172,-610,200,36282,104,33,67,0,0,0,0,0,0,0,0,-32300,0,0,0,0,0,1312547,0
1311948,4198,7484,528,513,413,-1447,24042,791,-180,-616,168,36282,105,33,67,0,0,0,0,0,0,0,0,-32301,0,0,0,0,0,1312552,0
1311953,4194,7522,538,509,439,-1408,24209,729,-180,-630,112,36282,105,33,67,0,0,0,0,0,0,0,0,-32300,0,0,0,0,0,1312558,0
1311958,4178,7470,538,502,467,-1358,24363,662,-196,-644,32,36288,100,33,67,0,0,0,0,0,0,0,0,-32301,0,0,0,0,0,1312563,0
1311963,4090,7456,548,500,483,-1311,24500,589,-207,-654,8,36288,100,33,67,0,0,0,0,0,0,0,0,-32301,0,0,0,0,0,1312569,0
1311968,4036,7426,520,487,540,-1213,24620,518,-220,-675,-8,36287,99,33,67,0,0,0,0,0,0,0,0,-32300,0,0,0,0,0,1312574,0
1311973,4078,7444,542,481,562,-1166,24725,452,-238,-698,-24,36287,99,33,67,0,0,0,0,0,0,0,0,-32300,0,0,0,0,0,1312580,0
1311978,4002,7504,572,472,593,-1119,24810,366,-253,-681,-64,36284,105,33,67,0,0,0,0,0,0,0,0,-32300,0,0,0,0,0,1312585,0
1311983,3990,7522,550,465,623,-1066,24878,293,-259,-664,-80,36284,105,33,67,0,0,0,0,0,0,0,0,-32300,0,0,0,0,0,1312590,0
1311988,3958,7492,540,452,671,-969,24927,207,-269,-666,-112,36277,124,33,67,0,0,0,0,0,0,0,0,-32301,0,0,0,0,0,1312596,0
1311993,3868,7464,542,438,701,-924,24957,127,-274,-656,-160,36277,124,33,67,0,0,0,0,0,0,0,0,-32301,0,0,0,0,0,1312601,0
1311998,3852,7448,536,437,723,-878,24972,63,-279,-636,-176,36272,120,33,67,0,0,0,0,0,0,0,0,-32301,0,0,0,0,0,1312606,0
1312003,3906,7506,564,430,742,-835,24980,36,-252,-628,-192,36272,120,33,67,0,0,0,0,0,0,0,0,-32300,0,0,0,0,0,1312612,0
1312008,4120,7652,580,419,801,-786,24984,4,-207,-622,-224,36270,122,33,67,0,0,0,0,0,0,0,0,-32301,0,0,0,0,0,1312617,0
1312013,4086,7686,586,407,832,-777,24980,-13,-149,-628,-224,36270,122,33,67,0,0,0,0,0,0,0,0,-32301,0,0,0,0,0,1312623,0
1312018,4062,7752,568,396,853,-773,24982,1,-87,-631,-216,36270,123,33,67,0,0,0,0,0,0,0,0,-32300,0,0,0,0,0,1312628,0
1312023,4030,7772,538,391,884,-770,24981,0,-50,-629,-224,36270,123,33,67,0,0,0,0,0,0,0,0,-32301,0,0,0,0,0,1312633,0
1312028,3904,7806,558,370,928,-756,24980,0,-15,-627,-224,36270,122,33,67,0,0,0,0,0,0,0,0,-32301,0,0,0,0,0,1312639,0
1312033,3880,7824,546,364,946,-748,24981,2,1,-628,-208,36270,122,33,67,0,0,0,0,0,0,0,0,-32301,0,0,0,0,0,1312644,0
1312038,3850,7814,542,355,962,-737,24982,3,3,-630,-224,36269,126,33,67,0,0,0,0,0,0,0,0,-32301,0,0,0,0,0,1312649,0
1312043,3826,7854,560,351,977,-730,24980,-7,2,-629,-216,36269,126,33,67,0,0,0,0,0,0,0,0,-32301,0,0,0,0,0,1312655,0
1312048,3752,7932,530,330,1007,-716,24981,-2,2,-631,-208,36266,129,33,67,0,0,0,0,0,0,0,0,-32301,0,0,0,0,0,1312660,0
1312053,3690,7896,500,319,1007,-702,24981,0,-6,-630,-216,36266,129,33,67,0,0,0,0,0,0,0,0,-32301,0,0,0,0,0,1312666,0
1312058,3756,7978,566,308,1021,-702,24980,-7,1,-631,-216,36267,133,33,67,0,0,0,0,0,0,0,0,-32301,0,0,0,0,0,1312671,0
1312063,3758,8018,562,305,1038,-700,24981,3,-1,-631,-208,36267,133,33,67,0,0,0,0,0,0,0,0,-32301,0,0,0,0,0,1312677,0
1312068,3712,8008,534,288,1075,-696,24981,2,2,-630,-224,36268,128,33,67,0,0,0,0,0,0,0,0,-32301,0,0,0,0,0,1312682,0
1312073,3636,7964,552,275,1087,-683,24981,2,4,-629,-224,36268,128,33,67,0,0,0,0,0,0,0,0,-32301,0,0,0,0,0,1312687,0
1312078,3668,7936,544,270,1106,-679,24981,-1,-2,-627,-216,36272,125,33,67,0,0,0,0,0,0,0,0,-32301,0,0,0,0,0,1312693,0
1312083,3648,7938,504,262,1127,-669,24981,2,0,-627,-216,36272,125,33,67,0,0,0,0,0,0,0,0,-32301,0,0,0,0,0,1312698,0
1312088,3562,7842,492,248,1163,-654,24980,-5,-3,-629,-216,36272,115,33,67,0,0,0,0,0,0,0,0,-32301,0,0,0,0,0,1312704,0
1312093,3614,7892,548,248,1185,-646,24981,0,-2,-630,-224,36272,115,33,67,0,0,0,0,0,0,0,0,-32301,0,0,0,0,0,1312709,0
1312098,3618,7914,540,246,1203,-647,24980,3,2,-633,-216,36270,122,33,67,0,0,0,0,0,0,0,0,-32300,0,0,0,0,0,1312714,0
1312103,3592,7970,518,247,1233,-642,24980,3,0,-627,-216,36270,122,33,67,0,0,0,0,0,0,0,0,-32301,0,0,0,0,0,1312720,0
1312108,3532,7934,496,245,1267,-639,24980,1,0,-631,-224,36267,121,33,67,0,0,0,0,0,0,0,0,-32301,0,0,0,0,0,1312725,0
1312113,3466,7904,506,238,1284,-636,24979,-7,0,-632,-224,36267,121,33,67,0,0,0,0,0,0,0,0,-32301,0,0,0,0,0,1312731,0
1312118,3432,7870,476,244,1306,-633,24980,-3,2,-628,-216,36265,128,33,67,0,0,0,0,0,0,0,0,-32300,0,0,0,0,0,1312736,0
1312123,3420,7872,452,240,1327,-622,24980,0,-3,-628,-216,36265,128,33,67,0,0,0,0,0,0,0,0,-32301,0,0,0,0,0,1312741,0
1312128,3384,7860,462,242,1364,-608,24980,5,4,-629,-208,36268,134,33,67,0,0,0,0,0,0,0,0,-32301,0,0,0,0,0,1312747,0
1312133,3360,7836,442,236,1384,-604,24981,0,-3,-631,-208,36268,134,33,67,0,0,0,0,0,0,0,0,-32301,0,0,0,0,0,1312752,0
1312138,3360,7810,446,235,1403,-605,24980,-3,0,-630,-224,36269,134,33,67,0,0,0,0,0,0,0,0,-32301,0,0,0,0,0,1312758,0
1312143,3338,7794,482,241,1418,-606,24980,2,-4,-629,-224,36269,134,33,67,0,0,0,0,0,0,0,0,-32301,0,0,0,0,0,1312763,0
1312148,3356,7886,450,240,1467,-594,24980,0,-2,-630,-224,36269,136,33,67,0,0,0,0,0,0,0,0,-32301,0,0,0,0,0,1312768,0
1312153,3312,7834,432,235,1497,-592,24978,-5,1,-633,-208,36269,136,33,67,0,0,0,0,0,0,0,0,-32301,0,0,0,0,0,1312774,0
1312158,3278,7830,428,247,1519,-586,24980,-3,1,-633,-208,36269,133,33,67,0,0,0,0,0,0,0,0,-32300,0,0,0,0,0,1312779,0
1312163,3252,7744,428,244,1546,-587,24980,0,-2,-630,-216,36269,133,33,67,0,0,0,0,0,0,0,0,-32301,0,0,0,0,0,1312785,0
1312168,3184,7716,432,255,1590,-571,24979,-7,2,-632,-224,36268,129,33,67,0,0,0,0,0,0,0,0,-32301,0,0,0,0,0,1312790,0
1312173,3168,7700,438,261,1611,-566,24980,0,-2,-628,-216,36268,129,33,67,0,0,0,0,0,0,0,0,-32300,0,0,0,0,0,1312795,0
1312178,3132,7646,454,264,1639,-557,24978,-5,-2,-627,-224,36268,127,33,67,0,0,0,0,0,0,0,0,-32301,0,0,0,0,0,1312801,0
1312183,3068,7640,454,283,1660,-557,24979,-3,0,-628,-224,36268,127,33,67,0,0,0,0,0,0,0,0,-32301,0,0,0,0,0,1312806,0
1312188,3024,7586,450,299,1713,-548,24979,0,-3,-628,-216,36267,124,33,67,0,0,0,0,0,0,0,0,-32301,0,0,0,0,0,1312811,0
1312193,2980,7632,456,303,1735,-544,24978,-4,2,-629,-216,36267,124,33,67,0,0,0,0,0,0,0,0,-32301,0,0,0,0,0,1312817,0
1312198,2928,7646,448,316,1762,-542,24978,-1,-4,-631,-224,36265,130,33,67,0,0,0,0,0,0,0,0,-32301,0,0,0,0,0,1312823,0
1312203,2908,7656,464,324,1787,-542,24977,-2,-5,-632,-216,36265,130,33,67,0,0,0,0,0,0,0,0,-32301,0,0,0,0,0,1312828,0
1312208,2870,7618,478,336,1834,-543,24977,3,-2,-629,-224,36263,136,33,67,0,0,0,0,0,0,0,0,-32300,0,0,0,0,0,1312834,0
1312213,2840,7634,506,346,1856,-550,24977,2,2,-630,-216,36263,136,33,67,0,0,0,0,0,0,0,0,-32301,0,0,0,0,0,1312839,0
1312218,2832,7652,484,354,1884,-549,24976,-1,-1,-634,-216,36263,125,33,67,0,0,0,0,0,0,0,0,-32300,0,0,0,0,0,1312845,0
1312223,2814,7636,532,356,1910,-556,24976,2,3,-630,-216,36263,125,33,67,0,0,0,0,0,0,0,0,-32301,0,0,0,0,0,1312850,0
1312228,2784,7710,564,365,1969,-553,24976,2,0,-633,-224,36265,118,33,67,0,0,0,0,0,0,0,0,-32301,0,0,0,0,0,1312856,0
1312233,2750,7772,590,367,1997,-556,24976,0,4,-630,-216,36265,118,33,67,0,0,0,0,0,0,0,0,-32301,0,0,0,0,0,1312861,0
1312238,2736,7802,574,371,2016,-562,24975,-3,-1,-633,-224,36270,115,33,67,0,0,0,0,0,0,0,0,-32301,0,0,0,0,0,1312866,0
1312243,2680,7816,592,374,2046,-560,24974,-5,-1,-630,-216,36270,115,33,67,0,0,0,0,0,0,0,0,-32301,0,0,0,0,0,1312872,0
1312248,2616,7842,632,377,2093,-572,24974,-1,0,-632,-216,36270,118,33,67,0,0,0,0,0,0,0,0,-32300,0,0,0,0,0,1312877,0
1312253,2566,7806,656,378,2117,-576,24974,2,0,-633,-216,36270,118,33,67,0,0,0,0,0,0,0,0,-32300,0,0,0,0,0,1312882,0
1312258,2550,7800,670,380,2144,-577,24973,-8,2,-634,-216,36267,121,33,67,0,0,0,0,0,0,0,0,-32300,0,0,0,0,0,1312888,0
1312263,2498,7780,658,378,2170,-580,24973,6,0,-631,-224,36267,121,33,67,0,0,0,0,0,0,0,0,-32301,0,0,0,0,0,1312893,0
1312268,2494,7746,688,380,2223,-593,24972,-3,0,-629,-208,36271,123,33,67,0,0,0,0,0,0,0,0,-32300,0,0,0,0,0,1312899,0
1312273,2428,7758,696,374,2255,-595,24972,-3,0,-631,-216,36271,123,33,67,0,0,0,0,0,0,0,0,-32301,0,0,0,0,0,1312904,0
1312278,2426,7784,720,368,2280,-602,24970,-3,-5,-628,-224,36273,115,33,67,0,0,0,0,0,0,0,0,-32300,0,0,0,0,0,1312910,0
1312283,2368,7774,692,363,2301,-604,24968,-11,-1,-627,-216,36273,115,33,67,0,0,0,0,0,0,0,0,-32300,0,0,0,0,0,1312915,0
1312288,2314,7762,670,358,2354,-621,24964,-21,-16,-626,-216,36276,125,33,67,0,0,0,0,0,0,0,0,-32300,0,0,0,0,0,1312920,0
1312293,2256,7716,700,352,2379,-623,24960,-26,-15,-627,-240,36276,125,33,67,0,0,0,0,0,0,0,0,-32301,0,0,0,0,0,1312926,0
1312298,2214,7714,656,341,2402,-631,24948,-51,-30,-614,-280,36271,127,33,67,0,0,0,0,0,0,0,0,-32301,0,0,0,0,0,1312931,0
1312303,2132,7708,696,343,2425,-628,24926,-102,-55,-614,-328,36271,127,33,67,0,0,0,0,0,0,0,0,-32300,0,0,0,0,0,1312936,0
1312308,2014,7686,694,335,2472,-610,24900,-111,-86,-619,-328,36272,124,33,67,0,0,0,0,0,0,0,0,-32301,0,0,0,0,0,1312942,0
1312313,2114,7682,674,334,2487,-608,24875,-139,-99,-613,-384,36272,124,33,67,0,0,0,0,0,0,0,0,-32300,0,0,0,0,0,1312948,0
1312318,2106,7718,666,327,2516,-612,24836,-166,-105,-612,-408,36271,121,33,67,0,0,0,0,0,0,0,0,-32301,0,0,0,0,0,1312953,0
1312323,2092,7750,672,324,2531,-616,24795,-189,-95,-624,-432,36271,121,33,67,0,0,0,0,0,0,0,0,-32300,0,0,0,0,0,1312958,0
1312328,1982,7864,664,317,2579,-625,24749,-204,-79,-611,-488,36269,125,33,67,0,0,0,0,0,0,0,0,-32300,0,0,0,0,0,1312964,0
1312333,2370,8352,718,314,2594,-570,24696,-232,-82,-607,-480,36269,125,33,67,0,0,0,0,0,0,0,0,-32300,0,0,0,0,0,1312969,0
1312338,2364,8420,690,313,2606,-556,24639,-254,-74,-620,-496,36266,131,33,67,0,0,0,0,0,0,0,0,-32300,0,0,0,0,0,1312974,0
1312343,2988,8724,858,300,2614,-443,24576,-279,-78,-593,-592,36266,131,33,67,0,0,0,0,0,0,0,0,-32300,0,0,0,0,0,1312980,0
1312348,3506,8836,836,293,2634,-283,24503,-331,-89,-590,-712,36265,141,33,67,0,0,0,0,0,0,0,0,-32301,0,0,0,0,0,1312985,0
1312353,3762,8822,836,291,2645,-177,24417,-384,-116,-559,-872,36265,141,33,67,0,0,0,0,0,0,0,0,-32301,0,0,0,0,0,1312990,0
1312358,3752,8846,768,287,2666,-106,24312,-473,-168,-568,-1080,36266,142,33,67,0,0,0,0,0,0,0,0,-32301,0,0,0,0,0,1312996,0
1312363,3614,8796,790,280,2695,-42,24187,-559,-218,-574,-1296,36266,142,33,67,0,0,0,0,0,0,0,0,-32300,0,0,0,0,0,1313001,0
1312368,3290,8452,634,284,2741,25,24043,-650,-267,-576,-1504,36266,145,33,67,0,0,0,0,0,0,0,0,-32301,0,0,0,0,0,1313007,0
1312373,2986,8318,626,285,2762,22,23876,-737,-294,-563,-1664,36266,145,33,67,0,0,0,0,0,0,0,0,-32300,0,0,0,0,0,1313012,0
1312378,2672,8154,618,296,2785,16,23688,-830,-318,-567,-1832,36265,160,33,67,0,0,0,0,0,0,0,0,-32300,0,0,0,0,0,1313017,0
1312383,2336,8080,670,290,2805,-1,23486,-895,-302,-551,-1960,36265,160,33,67,0,0,0,0,0,0,0,0,-32301,0,0,0,0,0,1313023,0
1312388,1742,7862,690,288,2825,-37,23272,-951,-270,-521,-2040,36263,160,33,67,0,0,0,0,0,0,0,0,-32300,0,0,0,0,0,1313028,0
1312393,1568,7822,696,292,2835,-43,23051,-975,-226,-516,-2056,36263,160,33,67,0,0,0,0,0,0,0,0,-32301,0,0,0,0,0,1313034,0
1312398,1336,7810,686,285,2829,-66,22824,-1001,-165,-513,-2112,36261,165,33,67,0,0,0,0,0,0,0,0,-32301,0,0,0,0,0,1313039,0
1312403,1254,7756,722,289,2824,-82,22597,-998,-115,-495,-2056,36261,165,33,67,0,0,0,0,0,0,0,0,-32301,0,0,0,0,0,1313044,0
1312408,1152,7988,756,303,2798,-115,22373,-995,-59,-469,-2000,36256,155,33,67,0,0,0,0,0,0,0,0,-32301,0,0,0,0,0,1313051,0
1312413,1198,8072,766,306,2775,-121,22154,-954,-4,-468,-1904,36256,155,33,67,0,0,0,0,0,0,0,0,-32300,0,0,0,0,0,1313056,0
1312418,1280,8206,826,303,2765,-138,21945,-921,44,-452,-1792,36255,156,33,67,0,0,0,0,0,0,0,0,-32300,0,0,0,0,0,1313062,0
1312423,1364,8312,808,309,2742,-151,21749,-856,101,-425,-1664,36255,156,33,67,0,0,0,0,0,0,0,0,-32300,0,0,0,0,0,1313067,0
1312428,1544,8484,780,319,2711,-207,21563,-806,141,-420,-1512,36256,159,33,67,0,0,0,0,0,0,0,0,-32300,0,0,0,0,0,1313073,0
1312433,1476,8458,760,336,2695,-236,21386,-768,159,-422,-1432,36256,159,33,67,0,0,0,0,0,0,0,0,-32300,0,0,0,0,0,1313078,0
1312438,1426,8492,738,340,2671,-260,21222,-711,171,-397,-1312,36259,160,33,67,0,0,0,0,0,0,0,0,-32300,0,0,0,0,0,1313083,0
1312443,1350,8410,742,338,2645,-292,21071,-668,176,-389,-1192,36259,160,33,67,0,0,0,0,0,0,0,0,-32301,0,0,0,0,0,1313089,0
1312448,1168,8274,694,359,2582,-329,20933,-600,178,-383,-1024,36260,151,33,67,0,0,0,0,0,0,0,0,-32301,0,0,0,0,0,1313094,0
1312453,1152,8206,714,370,2540,-354,20809,-538,189,-368,-872,36260,151,33,67,0,0,0,0,0,0,0,0,-32300,0,0,0,0,0,1313099,0
1312458,1158,8142,718,369,2511,-373,20699,-478,208,-363,-696,36262,149,33,67,0,0,0,0,0,0,0,0,-32300,0,0,0,0,0,1313105,0
1312463,1176,8056,746,381,2477,-403,20599,-432,200,-363,-576,36262,149,33,67,0,0,0,0,0,0,0,0,-32300,0,0,0,0,0,1313110,0
1312468,1200,7952,786,397,2425,-470,20517,-354,205,-368,-432,36264,147,33,67,0,0,0,0,0,0,0,0,-32301,0,0,0,0,0,1313116,0
1312473,1222,7876,800,410,2409,-513,20448,-296,209,-371,-368,36264,147,33,67,0,0,0,0,0,0,0,0,-32301,0,0,0,0,0,1313121,0
1312478,1178,7808,852,414,2390,-553,20384,-268,198,-360,-296,36266,140,33,67,0,0,0,0,0,0,0,0,-32301,0,0,0,0,0,1313126,0
1312483,1096,7712,830,422,2375,-589,20332,-225,180,-356,-248,36266,140,33,67,0,0,0,0,0,0,0,0,-32301,0,0,0,0,0,1313132,0
1312488,952,7546,842,433,2331,-655,20290,-193,161,-341,-240,36266,137,33,67,0,0,0,0,0,0,0,0,-32300,0,0,0,0,0,1313137,0
1312493,922,7446,826,435,2310,-680,20258,-140,145,-352,-200,36266,137,33,67,0,0,0,0,0,0,0,0,-32301,0,0,0,0,0,1313142,0
1312498,862,7406,844,434,2283,-708,20229,-123,131,-349,-160,36270,131,33,67,0,0,0,0,0,0,0,0,-32300,0,0,0,0,0,1313148,0
1312503,814,7272,860,438,2262,-729,20212,-67,130,-362,-128,36270,131,33,67,0,0,0,0,0,0,0,0,-32301,0,0,0,0,0,1313153,0
1312508,874,7158,882,446,2204,-785,20207,-16,134,-361,-112,36281,134,33,67,0,0,0,0,0,0,0,0,-32301,0,0,0,0,0,1313159,0
1312513,860,7066,884,443,2174,-808,20206,-5,139,-355,-104,36281,134,33,67,0,0,0,0,0,0,0,0,-32301,0,0,0,0,0,1313164,0
1312518,838,7032,922,449,2149,-841,20207,0,117,-354,-104,36281,129,33,67,0,0,0,0,0,0,0,0,-32301,0,0,0,0,0,1313170,0
1312523,774,6910,900,448,2116,-857,20207,-1,79,-350,-104,36281,129,33,67,0,0,0,0,0,0,0,0,-32301,0,0,0,0,0,1313175,0
1312528,652,6754,920,440,2063,-883,20207,-4,29,-351,-104,36283,123,33,67,0,0,0,0,0,0,0,0,-32301,0,0,0,0,0,1313180,0
1312533,640,6742,946,439,2023,-886,20207,4,5,-350,-104,36283,123,33,67,0,0,0,0,0,0,0,0,-32300,0,0,0,0,0,1313186,0
1312538,712,6720,952,437,1986,-891,20206,0,0,-350,-112,36276,122,33,67,0,0,0,0,0,0,0,0,-32300,0,0,0,0,0,1313191,0
1312543,782,6742,982,430,1959,-894,20207,3,1,-348,-96,36276,122,33,67,0,0,0,0,0,0,0,0,-32300,0,0,0,0,0,1313197,0
1312548,826,6830,1024,412,1903,-903,20206,-1,5,-350,-104,36275,118,33,67,0,0,0,0,0,0,0,0,-32301,0,0,0,0,0,1313202,0
1312553,836,6860,1016,402,1882,-900,20207,-3,-1,-352,-104,36275,118,33,67,0,0,0,0,0,0,0,0,-32301,0,0,0,0,0,1313207,0
1312558,854,6924,1044,390,1868,-914,20205,-7,-5,-352,-104,36271,114,33,67,0,0,0,0,0,0,0,0,-32300,0,0,0,0,0,1313213,0
1312563,818,6966,1014,384,1836,-913,20207,-2,-2,-352,-104,36271,114,33,67,0,0,0,0,0,0,0,0,-32301,0,0,0,0,0,1313218,0
1312568,808,6996,996,366,1793,-902,20208,1,3,-352,-96,36270,114,33,67,0,0,0,0,0,0,0,0,-32301,0,0,0,0,0,1313224,0
1312573,766,7000,966,347,1767,-895,20207,5,3,-350,-104,36270,114,33,67,0,0,0,0,0,0,0,0,-32301,0,0,0,0,0,1313229,0
1312578,902,7502,1110,338,1730,-860,20206,-7,-3,-351,-104,36276,121,33,67,0,0,0,0,0,0,0,0,-32300,0,0,0,0,0,1313234,0
1312583,1234,7574,1034,312,1703,-764,20207,-2,2,-350,-104,36276,121,33,67,0,0,0,0,0,0,0,0,-32300,0,0,0,0,0,1313240,0
1312588,2392,8338,1498,253,1610,-543,20206,-3,0,-348,-104,36278,125,33,67,0,0,0,0,0,0,0,0,-32301,0,0,0,0,0,1313245,0
1312593,2820,8512,1488,235,1563,-381,20205,-7,-5,-347,-120,36278,125,33,67,0,0,0,0,0,0,0,0,-32301,0,0,0,0,0,1313251,0
1312598,3136,8630,1538,204,1522,-205,20195,-40,-25,-341,-152,36277,129,33,67,0,0,0,0,0,0,0,0,-32300,0,0,0,0,0,1313256,0
1312603,3494,8640,1442,178,1465,24,20169,-108,-70,-333,-200,36277,129,33,67,0,0,0,0,0,0,0,0,-32301,0,0,0,0,0,1313261,0
1312608,3740,8526,1168,146,1347,484,20136,-142,-121,-339,-224,36276,132,33,67,0,0,0,0,0,0,0,0,-32301,0,0,0,0,0,1313267,0
1312613,3778,8168,802,164,1288,656,20091,-201,-156,-336,-304,36276,132,33,67,0,0,0,0,0,0,0,0,-32302,0,0,0,0,0,1313272,0
1312618,4150,8062,406,177,1234,671,20033,-267,-140,-322,-440,36271,132,33,67,0,0,0,0,0,0,0,0,-32301,0,0,0,0,0,1313278,0
1312623,4100,8136,230,189,1203,496,19946,-399,-188,-308,-680,36271,132,33,67,0,0,0,0,0,0,0,0,-32301,0,0,0,0,0,1313283,0
1312628,3758,8188,144,220,1146,319,19826,-540,-285,-301,-1104,36270,135,33,67,0,0,0,0,0,0,0,0,-32301,0,0,0,0,0,1313289,0
1312633,2954,8020,240,225,1110,393,19677,-666,-377,-327,-1344,36270,135,33,67,0,0,0,0,0,0,0,0,-32301,0,0,0,0,0,1313294,0
1312638,2056,7754,378,225,1080,408,19510,-750,-433,-338,-1464,36269,142,33,67,0,0,0,0,0,0,0,0,-32301,0,0,0,0,0,1313300,0
1312643,1410,7270,492,223,1054,365,19332,-785,-414,-306,-1496,36269,142,33,67,0,0,0,0,0,0,0,0,-32301,0,0,0,0,0,1313305,0
1312648,1064,7066,640,224,1020,293,19147,-820,-298,-299,-1496,36265,148,33,67,0,0,0,0,0,0,0,0,-32300,0,0,0,0,0,1313311,0
1312653,894,7178,824,203,994,315,18964,-808,-190,-286,-1456,36265,148,33,67,0,0,0,0,0,0,0,0,-32300,0,0,0,0,0,1313316,0
1312658,744,7218,1044,177,966,348,18783,-797,-90,-259,-1424,36264,147,33,67,0,0,0,0,0,0,0,0,-32301,0,0,0,0,0,1313322,0
1312663,686,7308,1240,158,933,349,18607,-774,-16,-254,-1328,36264,147,33,67,0,0,0,0,0,0,0,0,-32301,0,0,0,0,0,1313327,0
1312668,630,7754,1298,129,852,342,18438,-740,36,-250,-1232,36262,143,33,67,0,0,0,0,0,0,0,0,-32300,0,0,0,0,0,1313333,0
1312673,682,8044,1152,126,812,359,18276,-713,68,-237,-1136,36262,143,33,67,0,0,0,0,0,0,0,0,-32300,0,0,0,0,0,1313338,0
1312678,804,8208,1024,121,767,365,18123,-665,93,-237,-1000,36265,137,33,67,0,0,0,0,0,0,0,0,-32301,0,0,0,0,0,1313343,0
1312683,876,8342,928,122,724,368,17978,-634,111,-216,-936,36265,137,33,67,0,0,0,0,0,0,0,0,-32301,0,0,0,0,0,1313349,0
1312688,1252,8640,772,121,626,346,17844,-591,128,-198,-832,36270,136,33,67,0,0,0,0,0,0,0,0,-32301,0,0,0,0,0,1313354,0
1312693,1488,8774,764,123,584,338,17718,-545,136,-202,-664,36270,136,33,67,0,0,0,0,0,0,0,0,-32301,0,0,0,0,0,1313359,0
1312698,1676,8866,814,123,547,315,17603,-497,146,-204,-504,36270,132,33,67,0,0,0,0,0,0,0,0,-32301,0,0,0,0,0,1313365,0
1312703,1832,8934,898,121,526,290,17495,-478,141,-183,-448,36270,132,33,67,0,0,0,0,0,0,0,0,-32300,0,0,0,0,0,1313370,0
1312708,2014,8882,1042,118,497,253,17399,-422,146,-176,-344,36270,131,33,67,0,0,0,0,0,0,0,0,-32301,0,0,0,0,0,1313376,0
1312713,2022,8828,1038,120,486,233,17315,-361,149,-175,-264,36270,131,33,67,0,0,0,0,0,0,0,0,-32301,0,0,0,0,0,1313381,0
1312718,1982,8672,984,116,482,210,17243,-312,162,-164,-200,36265,131,33,67,0,0,0,0,0,0,0,0,-32301,0,0,0,0,0,1313387,0
1312723,1954,8522,908,115,477,190,17182,-259,175,-155,-160,36265,131,33,67,0,0,0,0,0,0,0,0,-32300,0,0,0,0,0,1313392,0
1312728,1766,8118,776,102,459,161,17132,-211,187,-144,-144,36268,125,33,67,0,0,0,0,0,0,0,0,-32300,0,0,0,0,0,1313397,0
1312733,1666,8000,744,102,445,152,17093,-168,173,-155,-104,36268,125,33,67,0,0,0,0,0,0,0,0,-32301,0,0,0,0,0,1313403,0
1312738,1602,7882,724,102,441,142,17064,-129,165,-156,-96,36269,125,33,67,0,0,0,0,0,0,0,0,-32301,0,0,0,0,0,1313408,0
1312743,1520,7836,760,95,429,135,17043,-80,155,-166,-72,36269,125,33,67,0,0,0,0,0,0,0,0,-32300,0,0,0,0,0,1313413,0
1312748,1532,7810,806,91,411,125,17039,-11,159,-173,-48,36268,124,33,67,0,0,0,0,0,0,0,0,-32301,0,0,0,0,0,1313419,0
1312753,1580,7826,816,80,414,121,17040,0,161,-166,-48,36268,124,33,67,0,0,0,0,0,0,0,0,-32300,0,0,0,0,0,1313424,0
1312758,1574,7806,852,75,400,118,17039,-4,142,-167,-48,36269,132,33,67,0,0,0,0,0,0,0,0,-32301,0,0,0,0,0,1313429,0
1312763,1584,7816,846,75,397,118,17038,0,97,-167,-40,36269,132,33,67,0,0,0,0,0,0,0,0,-32300,0,0,0,0,0,1313435,0
1312768,1542,7860,838,66,370,102,17039,1,40,-166,-56,36272,137,33,67,0,0,0,0,0,0,0,0,-32301,0,0,0,0,0,1313440,0
1312773,1580,7880,874,57,367,100,17040,0,3,-166,-48,36272,137,33,67,0,0,0,0,0,0,0,0,-32300,0,0,0,0,0,1313446,0
1312778,1576,7886,876,58,352,96,17039,-7,1,-166,-48,36275,136,33,67,0,0,0,0,0,0,0,0,-32301,0,0,0,0,0,1313451,0
1312783,1588,7920,908,57,347,100,17040,-1,2,-166,-48,36275,136,33,67,0,0,0,0,0,0,0,0,-32300,0,0,0,0,0,1313456,0
1312788,1566,7824,960,57,331,85,17039,1,-2,-165,-56,36273,134,33,67,0,0,0,0,0,0,0,0,-32301,0,0,0,0,0,1313462,0
1312793,1558,7796,1058,50,342,86,17040,7,3,-166,-48,36273,134,33,67,0,0,0,0,0,0,0,0,-32301,0,0,0,0,0,1313467,0
1312798,1534,7956,1146,59,339,86,17040,1,-3,-167,-40,36276,135,33,67,0,0,0,0,0,0,0,0,-32301,0,0,0,0,0,1313472,0
1312803,1458,7750,1048,61,337,80,17040,-7,1,-164,-56,36276,135,33,67,0,0,0,0,0,0,0,0,-32300,0,0,0,0,0,1313478,0
1312808,1594,7896,1158,58,344,69,17041,4,1,-167,-48,36272,133,33,67,0,0,0,0,0,0,0,0,-32300,0,0,0,0,0,1313483,0
1312813,1644,7794,1062,60,336,65,17042,9,-3,-168,-48,36272,133,33,67,0,0,0,0,0,0,0,0,-32300,0,0,0,0,0,1313488,0
1312818,1606,7808,1012,59,335,64,17041,3,1,-167,-48,36272,129,33,67,0,0,0,0,0,0,0,0,-32301,0,0,0,0,0,1313494,0
1312823,1648,7854,1030,67,330,61,17041,2,-4,-168,-48,36272,129,33,67,0,0,0,0,0,0,0,0,-32301,0,0,0,0,0,1313500,0
1312828,1456,8032,1076,59,322,62,17043,10,1,-165,-48,36267,132,33,67,0,0,0,0,0,0,0,0,-32301,0,0,0,0,0,1313505,0
1312833,1320,7942,1038,68,322,65,17046,10,5,-168,-40,36267,132,33,67,0,0,0,0,0,0,0,0,-32300,0,0,0,0,0,1313510,0
1312838,1136,8040,1050,71,319,74,17050,12,12,-167,-40,36269,134,33,67,0,0,0,0,0,0,0,0,-32301,0,0,0,0,0,1313516,0
1312843,940,7906,1032,72,319,94,17057,25,16,-167,-32,36269,134,33,67,0,0,0,0,0,0,0,0,-32301,0,0,0,0,0,1313521,0
1312848,596,7994,1064,77,317,122,17063,27,17,-167,-32,36268,134,33,67,0,0,0,0,0,0,0,0,-32300,0,0,0,0,0,1313527,0
1312853,486,7936,1068,83,316,148,17068,15,10,-168,-48,36268,134,33,67,0,0,0,0,0,0,0,0,-32301,0,0,0,0,0,1313532,0
1312858,340,7998,1078,82,312,162,17069,7,-1,-167,-48,36267,135,33,67,0,0,0,0,0,0,0,0,-32300,0,0,0,0,0,1313537,0
1312863,306,8080,1188,84,304,182,17069,-2,-16,-169,-48,36267,135,33,67,0,0,0,0,0,0,0,0,-32301,0,0,0,0,0,1313543,0
1312868,398,8344,1320,88,278,216,17069,-3,-24,-168,-48,36267,136,33,67,0,0,0,0,0,0,0,0,-32301,0,0,0,0,0,1313548,0
1312873,520,8380,1300,92,261,225,17068,0,-22,-168,-48,36267,136,33,67,0,0,0,0,0,0,0,0,-32301,0,0,0,0,0,1313554,0
1312878,686,8444,1290,92,240,241,17068,-2,-12,-166,-48,36270,135,33,67,0,0,0,0,0,0,0,0,-32301,0,0,0,0,0,1313559,0
1312883,802,8350,1260,103,219,247,17068,0,-4,-166,-48,36270,135,33,67,0,0,0,0,0,0,0,0,-32301,0,0,0,0,0,1313564,0
1312888,950,8200,1276,112,177,260,17068,-3,3,-165,-56,36270,134,33,67,0,0,0,0,0,0,0,0,-32300,0,0,0,0,0,1313570,0
1312893,988,8070,1236,122,156,268,17069,-6,3,-165,-48,36270,134,33,67,0,0,0,0,0,0,0,0,-32300,0,0,0,0,0,1313575,0
1312898,1028,7948,1242,125,142,275,17069,2,-1,-166,-48,36276,145,33,67,0,0,0,0,0,0,0,0,-32300,0,0,0,0,0,1313581,0
1312903,1016,7798,1232,132,119,280,17069,3,3,-168,-48,36276,145,33,67,0,0,0,0,0,0,0,0,-32301,0,0,0,0,0,1313586,0
1312908,1092,7602,1236,138,97,295,17068,-3,0,-168,-48,36273,151,33,67,0,0,0,0,0,0,0,0,-32301,0,0,0,0,0,1313591,0
1312913,1160,7542,1224,138,88,305,17069,-4,1,-168,-48,36273,151,33,67,0,0,0,0,0,0,0,0,-32300,0,0,0,0,0,1313597,0
1312918,1188,7546,1224,149,76,308,17069,3,-4,-168,-48,36272,137,33,67,0,0,0,0,0,0,0,0,-32301,0,0,0,0,0,1313602,0
1312923,1258,7540,1214,145,68,318,17067,-1,-1,-166,-48,36272,137,33,67,0,0,0,0,0,0,0,0,-32300,0,0,0,0,0,1313608,0
1312928,1398,7728,1208,154,42,324,17067,1,-3,-167,-48,36267,123,33,67,0,0,0,0,0,0,0,0,-32301,0,0,0,0,0,1313613,0
1312933,1392,7754,1210,161,31,333,17067,1,-4,-166,-48,36267,123,33,67,0,0,0,0,0,0,0,0,-32300,0,0,0,0,0,1313618,0
1312938,1380,7732,1170,158,19,329,17067,0,2,-168,-48,36268,126,33,67,0,0,0,0,0,0,0,0,-32301,0,0,0,0,0,1313624,0
1312943,1402,7754,1190,174,3,328,17065,-3,2,-166,-48,36268,126,33,67,0,0,0,0,0,0,0,0,-32300,0,0,0,0,0,1313629,0
1312948,1430,7830,1186,177,-20,332,17065,-2,-3,-166,-48,36270,129,33,67,0,0,0,0,0,0,0,0,-32301,0,0,0,0,0,1313634,0
1312953,1434,7834,1196,184,-36,331,17064,-7,-3,-166,-56,36270,129,33,67,0,0,0,0,0,0,0,0,-32301,0,0,0,0,0,1313640,0
1312958,1412,7900,1208,187,-54,331,17065,0,3,-166,-48,36270,132,33,67,0,0,0,0,0,0,0,0,-32301,0,0,0,0,0,1313645,0
1312963,1416,7920,1190,192,-69,330,17065,1,3,-167,-48,36270,132,33,67,0,0,0,0,0,0,0,0,-32301,0,0,0,0,0,1313650,0
1312968,1396,7948,1224,196,-97,325,17064,0,5,-169,-48,36269,135,33,67,0,0,0,0,0,0,0,0,-32300,0,0,0,0,0,1313656,0
1312973,1408,7974,1220,201,-120,327,17064,-4,-3,-167,-48,36269,135,33,67,0,0,0,0,0,0,0,0,-32301,0,0,0,0,0,1313661,0
1312978,1378,7978,1200,197,-141,326,17064,-2,1,-166,-48,36267,134,33,67,0,0,0,0,0,0,0,0,-32300,0,0,0,0,0,1313667,0
1312983,1400,7992,1188,207,-160,324,17065,3,2,-167,-48,36267,134,33,67,0,0,0,0,0,0,0,0,-32300,0,0,0,0,0,1313672,0
1312988,1388,7916,1146,211,-206,317,17063,-8,1,-166,-48,36268,138,33,67,0,0,0,0,0,0,0,0,-32301,0,0,0,0,0,1313678,0
1312993,1438,7880,1144,209,-226,323,17064,3,1,-167,-48,36268,138,33,67,0,0,0,0,0,0,0,0,-32301,0,0,0,0,0,1313683,0
1312998,1408,7868,1128,212,-249,318,17064,-2,-3,-167,-48,36278,133,33,67,0,0,0,0,0,0,0,0,-32300,0,0,0,0,0,1313688,0
1313003,1438,7822,1090,217,-273,322,17062,-6,2,-168,-48,36278,133,33,67,0,0,0,0,0,0,0,0,-32301,0,0,0,0,0,1313694,0
1313008,1454,7826,1048,221,-314,315,17062,-6,0,-167,-48,36281,131,33,67,0,0,0,0,0,0,0,0,-32301,0,0,0,0,0,1313699,0
1313013,1496,7838,1048,222,-334,312,17062,-5,-1,-168,-56,36281,131,33,67,0,0,0,0,0,0,0,0,-32300,0,0,0,0,0,1313704,0
1313018,1510,7840,996,224,-350,316,17064,2,2,-167,-48,36279,128,33,67,0,0,0,0,0,0,0,0,-32300,0,0,0,0,0,1313710,0
1313023,1540,7842,1000,219,-372,317,17064,14,6,-166,-48,36279,128,33,67,0,0,0,0,0,0,0,0,-32300,0,0,0,0,0,1313716,0
1313028,1600,7908,936,217,-401,309,17063,4,2,-167,-48,36273,123,33,67,0,0,0,0,0,0,0,0,-32301,0,0,0,0,0,1313721,0
1313033,1620,7918,928,220,-418,302,17062,0,-1,-166,-56,36273,123,33,67,0,0,0,0,0,0,0,0,-32301,0,0,0,0,0,1313726,0
1313038,1662,7928,888,211,-426,297,17061,-4,-4,-168,-48,36268,121,33,67,0,0,0,0,0,0,0,0,-32301,0,0,0,0,0,1313732,0
1313043,1686,7950,876,216,-440,294,17062,-7,-1,-167,-48,36268,121,33,67,0,0,0,0,0,0,0,0,-32301,0,0,0,0,0,1313737,0
1313048,1714,7942,830,208,-451,293,17061,-2,-3,-167,-40,36268,127,33,67,0,0,0,0,0,0,0,0,-32301,0,0,0,0,0,1313742,0
1313053,1752,7970,804,204,-453,289,17062,3,-1,-168,-56,36268,127,33,67,0,0,0,0,0,0,0,0,-32300,0,0,0,0,0,1313748,0
1313058,1756,7946,792,201,-447,280,17062,0,-2,-167,-48,36267,128,33,67,0,0,0,0,0,0,0,0,-32301,0,0,0,0,0,1313753,0
1313063,1732,7944,796,203,-449,285,17060,0,-1,-167,-56,36267,128,33,67,0,0,0,0,0,0,0,0,-32301,0,0,0,0,0,1313759,0
1313068,1782,7938,784,193,-443,285,17059,-7,0,-168,-56,36268,124,33,67,0,0,0,0,0,0,0,0,-32300,0,0,0,0,0,1313764,0
1313073,1768,7926,742,186,-433,278,17059,-4,-2,-166,-48,36268,124,33,67,0,0,0,0,0,0,0,0,-32300,0,0,0,0,0,1313770,0
1313078,1792,7898,746,189,-421,279,17058,0,-1,-167,-56,36269,125,33,67,0,0,0,0,0,0,0,0,-32301,0,0,0,0,0,1313775,0
1313083,1764,7892,718,184,-418,281,17057,-5,6,-168,-48,36269,125,33,67,0,0,0,0,0,0,0,0,-32300,0,0,0,0,0,1313780,0
1313088,1832,7882,722,176,-398,278,17059,2,-2,-165,-56,36270,125,33,67,0,0,0,0,0,0,0,0,-32301,0,0,0,0,0,1313786,0
1313093,1816,7900,726,167,-390,275,17058,3,3,-164,-56,36270,125,33,67,0,0,0,0,0,0,0,0,-32301,0,0,0,0,0,1313791,0
1313098,1864,7864,694,165,-381,276,17057,3,5,-167,-40,36271,136,33,67,0,0,0,0,0,0,0,0,-32301,0,0,0,0,0,1313796,0
1313103,1958,7838,764,161,-370,276,17057,-2,-4,-169,-56,36271,136,33,67,0,0,0,0,0,0,0,0,-32301,0,0,0,0,0,1313802,0
1313108,1896,7826,750,154,-347,272,17056,-2,0,-169,-48,36269,140,33,67,0,0,0,0,0,0,0,0,-32301,0,0,0,0,0,1313807,0
1313113,1958,7906,702,151,-339,267,17057,-1,-2,-167,-48,36269,140,33,67,0,0,0,0,0,0,0,0,-32300,0,0,0,0,0,1313813,0
1313118,2004,7862,688,155,-332,268,17056,-3,-3,-168,-56,36268,137,33,67,0,0,0,0,0,0,0,0,-32300,0,0,0,0,0,1313818,0
1313123,1998,7952,690,147,-328,259,17055,-4,1,-167,-56,36268,137,33,67,0,0,0,0,0,0,0,0,-32300,0,0,0,0,0,1313824,0
1313128,1926,7796,716,142,-301,255,17056,-3,4,-167,-48,36269,139,33,67,0,0,0,0,0,0,0,0,-32300,0,0,0,0,0,1313829,0
1313133,2006,7916,766,140,-291,253,17056,0,0,-167,-56,36269,139,33,67,0,0,0,0,0,0,0,0,-32301,0,0,0,0,0,1313834,0
1313138,2004,7874,688,140,-293,245,17057,3,2,-165,-48,36269,140,33,67,0,0,0,0,0,0,0,0,-32300,0,0,0,0,0,1313840,0
1313143,1982,7912,740,132,-290,242,17055,-1,2,-167,-48,36269,140,33,67,0,0,0,0,0,0,0,0,-32301,0,0,0,0,0,1313846,0
1313148,1938,7822,722,134,-281,234,17057,4,4,-166,-48,36267,137,33,67,0,0,0,0,0,0,0,0,-32301,0,0,0,0,0,1313851,0
1313153,1952,7766,806,121,-273,235,17055,-3,-2,-166,-56,36267,137,33,67,0,0,0,0,0,0,0,0,-32300,0,0,0,0,0,1313856,0
1313158,1874,7898,822,123,-273,226,17056,0,3,-167,-48,36268,136,33,67,0,0,0,0,0,0,0,0,-32301,0,0,0,0,0,1313862,0
1313163,1878,7782,754,122,-278,225,17057,1,2,-168,-40,36268,136,33,67,0,0,0,0,0,0,0,0,-32300,0,0,0,0,0,1313867,0
1313168,1902,7768,770,119,-275,221,17056,0,3,-168,-48,36270,130,33,67,0,0,0,0,0,0,0,0,-32300,0,0,0,0,0,1313872,0
1313173,1810,7714,702,116,-271,219,17056,0,2,-166,-48,36270,130,33,67,0,0,0,0,0,0,0,0,-32300,0,0,0,0,0,1313878,0
1313178,1940,7882,810,115,-270,222,17055,-2,-5,-167,-48,36271,129,33,67,0,0,0,0,0,0,0,0,-32301,0,0,0,0,0,1313883,0
1313183,1898,7816,820,115,-276,216,17055,-12,2,-167,-56,36271,129,33,67,0,0,0,0,0,0,0,0,-32301,0,0,0,0,0,1313888,0
1313188,1888,7956,812,106,-270,208,17056,-3,-1,-166,-56,36270,133,33,67,0,0,0,0,0,0,0,0,-32301,0,0,0,0,0,1313894,0
1313193,1970,7980,824,110,-270,208,17057,9,7,-167,-48,36270,133,33,67,0,0,0,0,0,0,0,0,-32300,0,0,0,0,0,1313899,0
1313198,1952,7998,748,111,-277,202,17057,5,3,-167,-48,36268,136,33,67,0,0,0,0,0,0,0,0,-32301,0,0,0,0,0,1313905,0
1313203,1908,8006,802,105,-273,200,17057,6,1,-166,-48,36268,136,33,67,0,0,0,0,0,0,0,0,-32301,0,0,0,0,0,1313910,0
1313208,1932,7966,708,106,-277,189,17056,0,-2,-166,-48,36267,136,33,67,0,0,0,0,0,0,0,0,-32300,0,0,0,0,0,1313915,0
1313213,1980,8044,808,100,-270,193,17057,7,2,-168,-48,36267,136,33,67,0,0,0,0,0,0,0,0,-32300,0,0,0,0,0,1313921,0
1313218,1976,8072,788,101,-269,185,17056,0,-4,-169,-48,36273,136,33,67,0,0,0,0,0,0,0,0,-32300,0,0,0,0,0,1313926,0
1313223,1978,7992,764,98,-265,179,17055,-1,-1,-168,-48,36273,136,33,67,0,0,0,0,0,0,0,0,-32301,0,0,0,0,0,1313931,0
1313228,1978,7984,806,103,-257,174,17055,-2,-2,-166,-56,36276,130,33,67,0,0,0,0,0,0,0,0,-32301,0,0,0,0,0,1313937,0
1313233,1970,7986,798,98,-252,171,17057,3,1,-165,-56,36276,130,33,67,0,0,0,0,0,0,0,0,-32301,0,0,0,0,0,1313942,0
1313238,1968,7950,818,104,-249,168,17055,-4,2,-168,-56,36277,126,33,67,0,0,0,0,0,0,0,0,-32300,0,0,0,0,0,1313948,0
1313243,1978,7896,802,98,-247,163,17056,1,3,-166,-56,36277,126,33,67,0,0,0,0,0,0,0,0,-32301,0,0,0,0,0,1313953,0
1313248,1980,7884,828,99,-233,157,17055,-7,-3,-167,-48,36272,124,33,67,0,0,0,0,0,0,0,0,-32301,0,0,0,0,0,1313958,0
1313253,1972,7860,836,99,-229,159,17057,6,4,-167,-48,36272,124,33,67,0,0,0,0,0,0,0,0,-32301,0,0,0,0,0,1313964,0
1313258,1934,7822,804,95,-223,158,17056,1,0,-168,-48,36272,124,33,67,0,0,0,0,0,0,0,0,-32301,0,0,0,0,0,1313969,0
1313263,1974,7828,812,100,-218,154,17057,4,2,-167,-40,36272,124,33,67,0,0,0,0,0,0,0,0,-32300,0,0,0,0,0,1313975,0
1313268,2038,7838,848,104,-212,148,17056,3,-2,-167,-56,36270,128,33,67,0,0,0,0,0,0,0,0,-32301,0,0,0,0,0,1313980,0
1313273,2000,7842,854,99,-205,149,17056,3,3,-166,-48,36270,128,33,67,0,0,0,0,0,0,0,0,-32300,0,0,0,0,0,1313985,0
1313278,2008,7864,826,105,-196,141,17056,0,-10,-165,-56,36270,129,33,67,0,0,0,0,0,0,0,0,-32301,0,0,0,0,0,1313991,0
1313283,2048,7812,820,100,-197,139,17055,-5,0,-165,-48,36270,129,33,67,0,0,0,0,0,0,0,0,-32301,0,0,0,0,0,1313996,0
1313288,2016,7782,820,103,-190,140,17056,2,-3,-165,-56,36270,131,33,67,0,0,0,0,0,0,0,0,-32300,0,0,0,0,0,1314002,0
1313293,2074,7760,808,99,-193,131,17055,1,0,-166,-48,36270,131,33,67,0,0,0,0,0,0,0,0,-32301,0,0,0,0,0,1314007,0
1313298,2054,7764,826,98,-192,128,17055,-2,-1,-167,-40,36268,134,33,67,0,0,0,0,0,0,0,0,-32301,0,0,0,0,0,1314013,0
1313303,2046,7756,772,99,-192,125,17056,1,0,-165,-48,36268,134,33,67,0,0,0,0,0,0,0,0,-32301,0,0,0,0,0,1314018,0
1313308,2004,7756,792,102,-204,119,17055,3,0,-167,-48,36269,134,33,67,0,0,0,0,0,0,0,0,-32300,0,0,0,0,0,1314024,0
1313313,2016,7774,804,98,-198,116,17055,-3,0,-165,-48,36269,134,33,67,0,0,0,0,0,0,0,0,-32301,0,0,0,0,0,1314029,0
1313318,2034,7778,802,101,-203,113,17055,-2,-4,-169,-56,36269,133,33,67,0,0,0,0,0,0,0,0,-32300,0,0,0,0,0,1314034,0
1313323,2024,7794,770,97,-206,115,17055,0,2,-167,-56,36269,133,33,67,0,0,0,0,0,0,0,0,-32301,0,0,0,0,0,1314040,0
1313328,2004,7796,792,95,-211,102,17056,7,2,-168,-48,36272,132,33,67,0,0,0,0,0,0,0,0,-32301,0,0,0,0,0,1314045,0
1313333,1984,7830,790,102,-208,102,17055,0,-5,-169,-48,36272,132,33,67,0,0,0,0,0,0,0,0,-32300,0,0,0,0,0,1314050,0
1313338,1998,7850,784,101,-207,97,17055,-4,5,-168,-40,36273,129,33,67,0,0,0,0,0,0,0,0,-32301,0,0,0,0,0,1314055,0
1313343,1974,7856,802,99,-207,94,17055,1,-2,-167,-48,36273,129,33,67,0,0,0,0,0,0,0,0,-32301,0,0,0,0,0,1314061,0
1313348,1984,7912,820,99,-205,94,17055,-7,-1,-167,-48,36272,134,33,67,0,0,0,0,0,0,0,0,-32300,0,0,0,0,0,1314066,0
1313353,1974,7970,820,103,-208,93,17055,-2,0,-165,-48,36272,134,33,67,0,0,0,0,0,0,0,0,-32300,0,0,0,0,0,1314072,0
1313358,1968,7962,804,104,-204,88,17056,-3,-1,-165,-48,36270,135,33,67,0,0,0,0,0,0,0,0,-32300,0,0,0,0,0,1314077,0
1313363,1972,7948,802,101,-208,86,17055,1,-2,-166,-56,36270,135,33,67,0,0,0,0,0,0,0,0,-32300,0,0,0,0,0,1314083,0
1313368,1992,7922,816,102,-219,81,17056,-5,1,-168,-48,36267,130,33,67,0,0,0,0,0,0,0,0,-32300,0,0,0,0,0,1314088,0
1313373,1972,7926,812,106,-218,76,17056,1,5,-167,-48,36267,130,33,67,0,0,0,0,0,0,0,0,-32301,0,0,0,0,0,1314093,0
1313378,1956,7930,816,98,-221,74,17057,11,1,-168,-48,36268,125,33,67,0,0,0,0,0,0,0,0,-32301,0,0,0,0,0,1314099,0
1313383,1978,7916,816,104,-222,71,17056,2,-2,-167,-48,36268,125,33,67,0,0,0,0,0,0,0,0,-32301,0,0,0,0,0,1314104,0
1313388,1972,7850,784,107,-224,70,17055,-1,2,-167,-48,36271,135,33,67,0,0,0,0,0,0,0,0,-32301,0,0,0,0,0,1314109,0
1313393,1982,7816,784,102,-226,69,17056,-5,6,-165,-48,36271,135,33,67,0,0,0,0,0,0,0,0,-32301,0,0,0,0,0,1314115,0
1313398,2004,7824,764,99,-228,65,17055,0,-4,-166,-48,36271,137,33,67,0,0,0,0,0,0,0,0,-32301,0,0,0,0,0,1314120,0
1313403,2014,7774,736,102,-226,71,17055,-3,-5,-166,-48,36271,137,33,67,0,0,0,0,0,0,0,0,-32300,0,0,0,0,0,1314125,0
1313408,2020,7784,740,98,-229,63,17056,-1,0,-167,-48,36269,137,33,67,0,0,0,0,0,0,0,0,-32300,0,0,0,0,0,1314132,0
1313413,2006,7768,746,99,-223,68,17055,-4,-2,-167,-48,36269,137,33,67,0,0,0,0,0,0,0,0,-32300,0,0,0,0,0,1314137,0
1313418,2022,7792,746,98,-212,60,17055,0,-2,-165,-48,36269,132,33,67,0,0,0,0,0,0,0,0,-32300,0,0,0,0,0,1314143,0
1313423,2008,7790,704,99,-215,58,17055,0,0,-167,-48,36269,132,33,67,0,0,0,0,0,0,0,0,-32301,0,0,0,0,0,1314148,0
1313428,1992,7846,722,98,-199,60,17054,0,-4,-166,-48,36272,130,33,67,0,0,0,0,0,0,0,0,-32300,0,0,0,0,0,1314153,0
1313433,1992,7814,718,96,-193,60,17054,-2,-3,-165,-48,36272,130,33,67,0,0,0,0,0,0,0,0,-32300,0,0,0,0,0,1314159,0
1313438,1968,7860,718,90,-188,59,17054,-7,-3,-165,-56,36274,142,33,67,0,0,0,0,0,0,0,0,-32301,0,0,0,0,0,1314164,0
1313443,1928,7876,698,99,-177,62,17055,-5,-1,-165,-48,36274,142,33,67,0,0,0,0,0,0,0,0,-32300,0,0,0,0,0,1314169,0
1313448,1948,7884,700,91,-160,65,17056,-3,-3,-167,-40,36276,144,33,67,0,0,0,0,0,0,0,0,-32301,0,0,0,0,0,1314175,0
1313453,1946,7872,702,97,-154,66,17056,1,-4,-166,-48,36276,144,33,67,0,0,0,0,0,0,0,0,-32301,0,0,0,0,0,1314180,0
1313458,1932,7888,700,89,-155,66,17055,-1,2,-169,-48,36276,141,33,67,0,0,0,0,0,0,0,0,-32301,0,0,0,0,0,1314185,0
1313463,1940,7880,722,90,-148,63,17054,-5,-3,-166,-56,36276,141,33,67,0,0,0,0,0,0,0,0,-32300,0,0,0,0,0,1314191,0
1313468,1958,7884,718,93,-140,69,17055,-1,2,-168,-48,36276,131,33,67,0,0,0,0,0,0,0,0,-32301,0,0,0,0,0,1314197,0
1313473,1956,7842,730,89,-130,67,17055,-5,2,-168,-48,36276,131,33,67,0,0,0,0,0,0,0,0,-32300,0,0,0,0,0,1314201,0
1313478,1960,7860,720,85,-130,68,17056,-1,1,-166,-48,36276,118,33,67,0,0,0,0,0,0,0,0,-32301,0,0,0,0,0,1314207,0
1313483,1992,7840,716,83,-126,70,17054,-4,-4,-167,-48,36276,118,33,67,0,0,0,0,0,0,0,0,-32300,0,0,0,0,0,1314213,0
1313488,1990,7862,730,88,-117,65,17055,-4,2,-166,-56,36271,121,33,67,0,0,0,0,0,0,0,0,-32301,0,0,0,0,0,1314218,0
1313493,2040,7844,728,86,-116,63,17056,-2,2,-166,-48,36271,121,33,67,0,0,0,0,0,0,0,0,-32300,0,0,0,0,0,1314223,0
1313498,2020,7852,710,88,-121,62,17056,2,-1,-165,-48,36270,133,33,67,0,0,0,0,0,0,0,0,-32300,0,0,0,0,0,1314229,0
1313503,2088,7810,756,78,-114,63,17056,1,0,-167,-48,36270,133,33,67,0,0,0,0,0,0,0,0,-32300,0,0,0,0,0,1314234,0
1313508,1998,7838,758,85,-116,55,17057,-3,7,-169,-48,36270,134,33,67,0,0,0,0,0,0,0,0,-32301,0,0,0,0,0,1314240,0
1313513,2032,7892,738,86,-108,57,17055,-1,-1,-169,-48,36270,134,33,67,0,0,0,0,0,0,0,0,-32301,0,0,0,0,0,1314245,0
1313518,2070,7906,720,88,-114,57,17055,-5,-5,-168,-48,36271,132,33,67,0,0,0,0,0,0,0,0,-32300,0,0,0,0,0,1314250,0
1313523,2058,7988,766,85,-107,54,17056,-1,7,-168,-56,36271,132,33,67,0,0,0,0,0,0,0,0,-32301,0,0,0,0,0,1314255,0
1313528,2006,8002,738,86,-115,49,17055,-1,-2,-167,-48,36273,132,33,67,0,0,0,0,0,0,0,0,-32300,0,0,0,0,0,1314261,0
1313533,2016,8000,760,83,-113,48,17056,3,1,-166,-48,36273,132,33,67,0,0,0,0,0,0,0,0,-32301,0,0,0,0,0,1314266,0
1313538,1976,7864,698,81,-113,45,17055,0,2,-166,-48,36279,128,33,67,0,0,0,0,0,0,0,0,-32300,0,0,0,0,0,1314272,0
1313543,1914,7798,736,82,-111,48,17055,1,-1,-167,-48,36279,128,33,67,0,0,0,0,0,0,0,0,-32300,0,0,0,0,0,1314277,0
1313548,1916,7692,716,79,-111,51,17056,-1,2,-167,-48,36278,128,33,67,0,0,0,0,0,0,0,0,-32301,0,0,0,0,0,1314282,0
1313553,1926,7714,702,79,-112,51,17055,-1,2,-166,-48,36278,128,33,67,0,0,0,0,0,0,0,0,-32300,0,0,0,0,0,1314288,0
1313558,1964,7704,708,72,-109,49,17055,-3,-4,-169,-48,36276,121,33,67,0,0,0,0,0,0,0,0,-32301,0,0,0,0,0,1314293,0
1313563,1990,7706,700,81,-105,52,17056,3,0,-170,-40,36276,121,33,67,0,0,0,0,0,0,0,0,-32300,0,0,0,0,0,1314299,0
1313568,2032,7802,712,78,-102,49,17056,10,-2,-169,-48,36271,129,33,67,0,0,0,0,0,0,0,0,-32300,0,0,0,0,0,1314304,0
1313573,2058,7876,712,76,-93,47,17055,1,0,-164,-48,36271,129,33,67,0,0,0,0,0,0,0,0,-32300,0,0,0,0,0,1314309,0
1313578,2080,7892,728,82,-90,46,17057,9,4,-166,-40,36272,133,33,67,0,0,0,0,0,0,0,0,-32300,0,0,0,0,0,1314315,0
1313583,2094,7904,728,78,-80,48,17056,2,2,-165,-48,36272,133,33,67,0,0,0,0,0,0,0,0,-32300,0,0,0,0,0,1314320,0
1313588,2090,7908,750,76,-73,43,17055,-2,-2,-166,-56,36271,134,33,67,0,0,0,0,0,0,0,0,-32300,0,0,0,0,0,1314326,0
1313593,2074,7912,770,81,-71,38,17055,-2,-4,-167,-48,36271,134,33,67,0,0,0,0,0,0,0,0,-32301,0,0,0,0,0,1314331,0
1313598,2062,7892,706,78,-67,36,17056,0,-1,-167,-48,36272,130,33,67,0,0,0,0,0,0,0,0,-32300,0,0,0,0,0,1314337,0
1313603,2082,7914,752,77,-63,27,17054,-10,-3,-166,-48,36272,130,33,67,0,0,0,0,0,0,0,0,-32300,0,0,0,0,0,1314342,0
1313608,2076,7974,724,81,-52,34,17054,-3,-3,-169,-48,36271,131,33,67,0,0,0,0,0,0,0,0,-32301,0,0,0,0,0,1314347,0
1313613,2060,7980,754,78,-42,28,17055,-6,-1,-169,-56,36271,131,33,67,0,0,0,0,0,0,0,0,-32301,0,0,0,0,0,1314353,0
1313618,2024,7894,736,78,-39,29,17056,8,2,-168,-48,36271,127,33,67,0,0,0,0,0,0,0,0,-32301,0,0,0,0,0,1314358,0
1313623,2006,7802,700,88,-33,23,17055,0,6,-167,-56,36271,127,33,67,0,0,0,0,0,0,0,0,-32301,0,0,0,0,0,1314364,0
1313628,1996,7712,704,79,-23,30,17054,-11,4,-168,-48,36270,124,33,67,0,0,0,0,0,0,0,0,-32301,0,0,0,0,0,1314369,0
1313633,1980,7666,708,81,-12,31,17056,-1,-2,-168,-56,36270,124,33,67,0,0,0,0,0,0,0,0,-32301,0,0,0,0,0,1314375,0
1313638,1988,7708,738,87,-5,29,17055,-1,1,-167,-48,36272,130,33,67,0,0,0,0,0,0,0,0,-32300,0,0,0,0,0,1314380,0
1313643,2028,7726,738,83,1,37,17055,-1,1,-167,-48,36272,130,33,67,0,0,0,0,0,0,0,0,-32301,0,0,0,0,0,1314385,0
1313648,2070,7838,744,82,5,27,17056,9,0,-167,-40,36272,139,33,67,0,0,0,0,0,0,0,0,-32301,0,0,0,0,0,1314391,0
1313653,2060,7872,740,80,11,29,17054,-4,6,-168,-48,36272,139,33,67,0,0,0,0,0,0,0,0,-32300,0,0,0,0,0,1314397,0
1313658,2060,7896,736,81,6,27,17055,-6,2,-168,-48,36270,141,33,67,0,0,0,0,0,0,0,0,-32301,0,0,0,0,0,1314402,0
1313663,2034,7934,712,80,10,26,17055,4,-2,-167,-48,36270,141,33,67,0,0,0,0,0,0,0,0,-32300,0,0,0,0,0,1314407,0
1313668,2008,7940,756,75,12,22,17056,4,2,-169,-48,36267,133,33,67,0,0,0,0,0,0,0,0,-32300,0,0,0,0,0,1314413,0
1313673,1992,7930,750,76,7,18,17055,4,2,-168,-48,36267,133,33,67,0,0,0,0,0,0,0,0,-32301,0,0,0,0,0,1314418,0
1313678,1952,7908,726,81,9,19,17056,5,5,-168,-48,36269,128,33,67,0,0,0,0,0,0,0,0,-32300,0,0,0,0,0,1314423,0
1313683,1950,7844,744,79,3,22,17055,-4,-2,-166,-48,36269,128,33,67,0,0,0,0,0,0,0,0,-32300,0,0,0,0,0,1314429,0
1313688,1936,7836,742,81,7,21,17055,0,-1,-166,-56,36274,127,33,67,0,0,0,0,0,0,0,0,-32301,0,0,0,0,0,1314434,0
1313693,1928,7810,768,83,6,20,17055,0,-3,-165,-48,36274,127,33,67,0,0,0,0,0,0,0,0,-32301,0,0,0,0,0,1314440,0
1313698,1984,7798,730,82,11,21,17054,-4,2,-165,-48,36276,130,33,67,0,0,0,0,0,0,0,0,-32300,0,0,0,0,0,1314445,0
1313703,1988,7836,734,78,6,25,17054,-9,0,-167,-48,36276,130,33,67,0,0,0,0,0,0,0,0,-32301,0,0,0,0,0,1314451,0
1313708,2036,7844,736,75,12,17,17055,3,2,-167,-48,36273,129,33,67,0,0,0,0,0,0,0,0,-32301,0,0,0,0,0,1314456,0
1313713,2040,7776,734,86,11,22,17055,7,6,-168,-56,36273,129,33,67,0,0,0,0,0,0,0,0,-32301,0,0,0,0,0,1314461,0
1313718,2066,7820,728,81,13,15,17055,-2,4,-167,-56,36270,131,33,67,0,0,0,0,0,0,0,0,-32301,0,0,0,0,0,1314467,0
1313723,2072,7830,752,78,17,11,17055,0,5,-167,-48,36270,131,33,67,0,0,0,0,0,0,0,0,-32300,0,0,0,0,0,1314472,0
1313728,2044,7720,704,80,14,10,17055,4,0,-167,-48,36271,123,33,67,0,0,0,0,0,0,0,0,-32301,0,0,0,0,0,1314477,0
1313733,2044,7774,788,79,24,12,17056,2,0,-168,-48,36271,123,33,67,0,0,0,0,0,0,0,0,-32301,0,0,0,0,0,1314483,0
1313738,2068,7844,738,87,20,5,17055,-5,-1,-168,-48,36277,126,33,67,0,0,0,0,0,0,0,0,-32301,0,0,0,0,0,1314489,0
1313743,2058,7810,694,81,10,6,17055,5,-1,-163,-48,36277,126,33,67,0,0,0,0,0,0,0,0,-32301,0,0,0,0,0,1314494,0
1313748,2042,7782,784,77,17,2,17055,1,3,-167,-48,36276,124,33,67,0,0,0,0,0,0,0,0,-32301,0,0,0,0,0,1314499,0
1313753,1994,7910,774,80,13,5,17056,1,-2,-167,-48,36276,124,33,67,0,0,0,0,0,0,0,0,-32300,0,0,0,0,0,1314505,0
1313758,1968,7826,730,87,3,2,17055,3,-1,-167,-48,36274,125,33,67,0,0,0,0,0,0,0,0,-32301,0,0,0,0,0,1314510,0
1313763,2024,7866,758,83,16,-4,17055,3,3,-166,-48,36274,125,33,67,0,0,0,0,0,0,0,0,-32300,0,0,0,0,0,1314516,0
1313768,1956,7854,740,83,15,-1,17055,-2,-3,-167,-48,36273,123,33,67,0,0,0,0,0,0,0,0,-32300,0,0,0,0,0,1314521,0
1313773,1906,7886,808,82,11,-2,17054,-1,-1,-167,-48,36273,123,33,67,0,0,0,0,0,0,0,0,-32300,0,0,0,0,0,1314526,0
1313778,1944,7910,742,82,11,-1,17054,-5,0,-166,-48,36270,127,33,67,0,0,0,0,0,0,0,0,-32301,0,0,0,0,0,1314532,0
1313783,1954,7828,764,89,6,2,17054,-2,-1,-165,-48,36270,127,33,67,0,0,0,0,0,0,0,0,-32301,0,0,0,0,0,1314537,0
1313788,1932,7916,760,83,1,-2,17056,7,5,-164,-48,36284,133,33,67,0,0,0,0,0,0,0,0,-32301,0,0,0,0,0,1314543,0
1313793,1920,7924,754,86,-5,5,17055,2,4,-167,-48,36284,133,33,67,0,0,0,0,0,0,0,0,-32301,0,0,0,0,0,1314548,0
1313798,1906,7780,700,82,-7,-5,17055,0,2,-168,-48,36293,137,33,67,0,0,0,0,0,0,0,0,-32301,0,0,0,0,0,1314553,0
1313803,1922,7822,786,84,-6,-2,17055,4,-1,-167,-48,36293,137,33,67,0,0,0,0,0,0,0,0,-32300,0,0,0,0,0,1314559,0
1313808,1912,7912,706,84,-7,-4,17055,1,1,-168,-48,36295,135,33,67,0,0,0,0,0,0,0,0,-32301,0,0,0,0,0,1314564,0
1313813,1950,7908,724,85,-17,-4,17054,0,-4,-167,-48,36295,135,33,67,0,0,0,0,0,0,0,0,-32300,0,0,0,0,0,1314570,0
1313818,1942,7884,728,77,-20,-4,17056,0,-2,-164,-48,36283,130,33,67,0,0,0,0,0,0,0,0,-32300,0,0,0,0,0,1314575,0
1313823,1934,7918,714,84,-24,-3,17055,0,-1,-168,-56,36283,130,33,67,0,0,0,0,0,0,0,0,-32300,0,0,0,0,0,1314580,0
1313828,1864,7770,752,76,-25,-7,17055,-4,0,-167,-48,36272,132,33,67,0,0,0,0,0,0,0,0,-32301,0,0,0,0,0,1314586,0
1313833,1962,7940,760,74,-31,-4,17055,-1,-5,-167,-48,36272,132,33,67,0,0,0,0,0,0,0,0,-32300,0,0,0,0,0,1314591,0
1313838,1934,7842,666,79,-36,-11,17056,0,0,-166,-56,36265,128,33,67,0,0,0,0,0,0,0,0,-32300,0,0,0,0,0,1314597,0
1313843,1942,7856,702,73,-36,-6,17055,1,0,-167,-48,36265,128,33,67,0,0,0,0,0,0,0,0,-32300,0,0,0,0,0,1314602,0
1313848,1944,7884,696,71,-47,-15,17055,6,-1,-166,-48,36271,134,33,67,0,0,0,0,0,0,0,0,-32300,0,0,0,0,0,1314608,0
1313853,1938,7904,726,73,-49,-12,17054,-1,2,-164,-48,36271,134,33,67,0,0,0,0,0,0,0,0,-32301,0,0,0,0,0,1314613,0
1313858,1902,7862,696,72,-54,-19,17056,0,0,-165,-48,36271,130,33,67,0,0,0,0,0,0,0,0,-32300,0,0,0,0,0,1314619,0
1313863,1966,7838,726,71,-60,-13,17054,-2,2,-167,-40,36271,130,33,67,0,0,0,0,0,0,0,0,-32300,0,0,0,0,0,1314624,0
1313868,1908,7846,722,68,-70,-16,17055,6,1,-168,-48,36272,128,33,67,0,0,0,0,0,0,0,0,-32300,0,0,0,0,0,1314630,0
1313873,1892,7824,708,66,-77,-13,17054,-2,-2,-166,-48,36272,128,33,67,0,0,0,0,0,0,0,0,-32300,0,0,0,0,0,1314635,0
1313878,1910,7804,722,67,-75,-22,17056,8,-2,-165,-48,36267,131,33,67,0,0,0,0,0,0,0,0,-32301,0,0,0,0,0,1314640,0
1313883,1924,7808,718,66,-79,-20,17055,0,0,-168,-48,36267,131,33,67,0,0,0,0,0,0,0,0,-32300,0,0,0,0,0,1314646,0
1313888,1906,7836,714,63,-80,-20,17055,2,2,-166,-48,36265,136,33,67,0,0,0,0,0,0,0,0,-32301,0,0,0,0,0,1314651,0
1313893,1946,7810,728,58,-85,-20,17055,5,0,-165,-48,36265,136,33,67,0,0,0,0,0,0,0,0,-32301,0,0,0,0,0,1314656,0
1313898,1928,7714,702,57,-88,-20,17056,4,-2,-166,-48,36267,137,33,67,0,0,0,0,0,0,0,0,-32300,0,0,0,0,0,1314662,0
1313903,1912,7664,722,68,-91,-18,17054,-3,-3,-166,-48,36267,137,33,67,0,0,0,0,0,0,0,0,-32301,0,0,0,0,0,1314667,0
1313908,1980,7850,706,61,-88,-18,17054,-6,1,-168,-48,36268,144,33,67,0,0,0,0,0,0,0,0,-32301,0,0,0,0,0,1314673,0
1313913,1962,7844,718,62,-97,-16,17056,1,-4,-169,-56,36268,144,33,67,0,0,0,0,0,0,0,0,-32300,0,0,0,0,0,1314678,0
1313918,1926,7826,708,58,-94,-22,17054,3,-3,-168,-48,36274,137,33,67,0,0,0,0,0,0,0,0,-32300,0,0,0,0,0,1314684,0
1313923,1878,7790,768,56,-94,-19,17056,1,4,-166,-56,36274,137,33,67,0,0,0,0,0,0,0,0,-32300,0,0,0,0,0,1314689,0
1313928,1906,7876,692,61,-103,-23,17055,1,-3,-166,-48,36274,126,33,67,0,0,0,0,0,0,0,0,-32300,0,0,0,0,0,1314694,0
1313933,1912,7854,714,54,-109,-16,17055,0,2,-168,-48,36274,126,33,67,0,0,0,0,0,0,0,0,-32301,0,0,0,0,0,1314700,0
1313938,1878,7908,716,58,-112,-20,17055,-3,-3,-166,-56,36273,126,33,67,0,0,0,0,0,0,0,0,-32301,0,0,0,0,0,1314705,0
1313943,1896,7894,792,55,-108,-18,17055,0,0,-165,-48,36273,126,33,67,0,0,0,0,0,0,0,0,-32300,0,0,0,0,0,1314711,0
1313948,1804,7864,780,60,-120,-14,17056,1,1,-166,-48,36272,132,33,67,0,0,0,0,0,0,0,0,-32301,0,0,0,0,0,1314716,0
1313953,1866,7908,722,58,-123,-11,17055,4,3,-168,-48,36272,132,33,67,0,0,0,0,0,0,0,0,-32301,0,0,0,0,0,1314721,0
1313958,1868,7894,704,59,-130,-14,17054,-2,-2,-165,-48,36272,133,33,67,0,0,0,0,0,0,0,0,-32300,0,0,0,0,0,1314727,0
1313963,1920,7946,734,56,-134,-15,17054,-1,0,-167,-40,36272,133,33,67,0,0,0,0,0,0,0,0,-32300,0,0,0,0,0,1314732,0
1313968,1930,7880,750,51,-144,-16,17055,-2,-1,-168,-56,36272,126,33,67,0,0,0,0,0,0,0,0,-32300,0,0,0,0,0,1314738,0
1313973,1978,7822,778,54,-161,-14,17055,3,7,-167,-56,36272,126,33,67,0,0,0,0,0,0,0,0,-32300,0,0,0,0,0,1314743,0
1313978,1960,7836,772,58,-158,-14,17055,0,1,-168,-48,36272,123,33,67,0,0,0,0,0,0,0,0,-32301,0,0,0,0,0,1314748,0
1313983,1892,7830,778,49,-166,-21,17056,3,-2,-167,-48,36272,123,33,67,0,0,0,0,0,0,0,0,-32300,0,0,0,0,0,1314754,0
1313988,1928,7812,718,53,-183,-22,17055,-2,-1,-166,-48,36269,130,33,67,0,0,0,0,0,0,0,0,-32301,0,0,0,0,0,1314759,0
1313993,1936,7808,708,48,-191,-22,17055,0,0,-166,-48,36269,130,33,67,0,0,0,0,0,0,0,0,-32301,0,0,0,0,0,1314765,0
1313998,1918,7826,692,53,-200,-24,17056,6,-2,-167,-48,36269,133,33,67,0,0,0,0,0,0,0,0,-32300,0,0,0,0,0,1314770,0
1314003,1944,7830,722,46,-203,-22,17055,7,3,-166,-48,36269,133,33,67,0,0,0,0,0,0,0,0,-32300,0,0,0,0,0,1314775,0
1314008,1884,7728,702,42,-219,-27,17054,-5,-3,-167,-48,36267,139,33,67,0,0,0,0,0,0,0,0,-32301,0,0,0,0,0,1314781,0
1314013,1818,7674,624,46,-223,-27,17055,-8,-4,-166,-48,36267,139,33,67,0,0,0,0,0,0,0,0,-32301,0,0,0,0,0,1314786,0
1314018,1916,7842,752,40,-227,-19,17055,-3,1,-168,-48,36267,141,33,67,0,0,0,0,0,0,0,0,-32300,0,0,0,0,0,1314792,0
1314023,1844,7854,676,41,-235,-14,17055,0,2,-169,-56,36267,141,33,67,0,0,0,0,0,0,0,0,-32301,0,0,0,0,0,1314797,0
1314028,1834,7832,646,40,-251,-23,17055,3,-1,-168,-48,36268,139,33,67,0,0,0,0,0,0,0,0,-32301,0,0,0,0,0,1314802,0
1314033,1802,7880,738,36,-256,-24,17055,4,4,-165,-48,36268,139,33,67,0,0,0,0,0,0,0,0,-32301,0,0,0,0,0,1314808,0
1314038,1888,7932,754,35,-263,-18,17055,5,5,-166,-48,36268,132,33,67,0,0,0,0,0,0,0,0,-32301,0,0,0,0,0,1314814,0
1314043,1810,7932,712,35,-283,-19,17055,-1,3,-166,-48,36268,132,33,67,0,0,0,0,0,0,0,0,-32301,0,0,0,0,0,1314819,0
1314048,1878,7960,748,29,-296,-14,17054,0,-1,-167,-48,36268,128,33,67,0,0,0,0,0,0,0,0,-32300,0,0,0,0,0,1314824,0
1314053,1830,7880,638,33,-302,-17,17055,0,1,-166,-48,36268,128,33,67,0,0,0,0,0,0,0,0,-32301,0,0,0,0,0,1314830,0
1314058,1830,7986,740,27,-309,-17,17055,-7,0,-169,-48,36271,126,33,67,0,0,0,0,0,0,0,0,-32301,0,0,0,0,0,1314835,0
1314063,1826,7996,696,29,-329,-18,17055,-1,-1,-167,-56,36271,126,33,67,0,0,0,0,0,0,0,0,-32300,0,0,0,0,0,1314840,0
1314068,1778,7820,704,30,-348,-22,17055,-5,-1,-166,-48,36270,125,33,67,0,0,0,0,0,0,0,0,-32301,0,0,0,0,0,1314846,0
1314073,1822,7952,762,25,-358,-14,17055,1,-1,-165,-56,36270,125,33,67,0,0,0,0,0,0,0,0,-32301,0,0,0,0,0,1314851,0
1314078,1778,7902,704,24,-374,-15,17054,-6,-2,-167,-48,36270,129,33,67,0,0,0,0,0,0,0,0,-32300,0,0,0,0,0,1314857,0
1314083,1770,7882,712,27,-386,-14,17056,7,3,-166,-48,36270,129,33,67,0,0,0,0,0,0,0,0,-32300,0,0,0,0,0,1314862,0
1314088,1798,7906,750,24,-410,-11,17055,0,0,-167,-56,36268,133,33,67,0,0,0,0,0,0,0,0,-32301,0,0,0,0,0,1314868,0
1314093,1776,7826,734,21,-413,-18,17055,-2,5,-165,-48,36268,133,33,67,0,0,0,0,0,0,0,0,-32301,0,0,0,0,0,1314873,0
1314098,1812,7776,774,23,-434,-3,17055,6,-3,-166,-48,36270,136,33,67,0,0,0,0,0,0,0,0,-32301,0,0,0,0,0,1314878,0
1314103,1768,7908,768,24,-451,-10,17056,3,1,-165,-48,36270,136,33,67,0,0,0,0,0,0,0,0,-32300,0,0,0,0,0,1314884,0
1314108,1856,7950,740,21,-469,-10,17055,4,-2,-168,-48,36269,133,33,67,0,0,0,0,0,0,0,0,-32301,0,0,0,0,0,1314889,0
1314113,1876,7930,738,16,-477,-9,17053,-13,-1,-169,-48,36269,133,33,67,0,0,0,0,0,0,0,0,-32301,0,0,0,0,0,1314895,0
1314118,1882,7936,726,21,-490,-11,17055,-4,-2,-167,-56,36268,134,33,67,0,0,0,0,0,0,0,0,-32301,0,0,0,0,0,1314900,0
1314123,1888,7938,722,19,-500,-11,17055,-2,-2,-166,-48,36268,134,33,67,0,0,0,0,0,0,0,0,-32300,0,0,0,0,0,1314906,0
1314128,1948,7806,788,18,-509,-11,17055,1,2,-165,-40,36268,130,33,67,0,0,0,0,0,0,0,0,-32301,0,0,0,0,0,1314911,0
1314133,1896,7894,780,16,-515,-14,17054,-6,1,-167,-48,36268,130,33,67,0,0,0,0,0,0,0,0,-32301,0,0,0,0,0,1314916,0
1314138,1858,7820,710,22,-526,-13,17056,6,3,-166,-48,36269,134,33,67,0,0,0,0,0,0,0,0,-32301,0,0,0,0,0,1314922,0
1314143,1906,7852,718,21,-528,-10,17055,0,3,-168,-48,36269,134,33,67,0,0,0,0,0,0,0,0,-32301,0,0,0,0,0,1314928,0
1314148,1874,7884,714,22,-544,-17,17056,5,3,-167,-48,36272,128,33,67,0,0,0,0,0,0,0,0,-32300,0,0,0,0,0,1314933,0
1314153,1872,7864,732,25,-551,-13,17055,0,-4,-168,-48,36272,128,33,67,0,0,0,0,0,0,0,0,-32301,0,0,0,0,0,1314939,0
1314158,1870,7868,750,24,-553,-16,17056,5,5,-168,-40,36272,131,33,67,0,0,0,0,0,0,0,0,-32301,0,0,0,0,0,1314944,0
1314163,1882,7862,726,22,-558,-15,17055,-2,-3,-168,-40,36272,131,33,67,0,0,0,0,0,0,0,0,-32301,0,0,0,0,0,1314949,0
1314168,1940,7798,820,18,-577,-11,17055,1,0,-170,-48,36273,129,33,67,0,0,0,0,0,0,0,0,-32301,0,0,0,0,0,1314955,0
1314173,1842,7890,776,18,-581,-13,17055,0,-2,-167,-48,36273,129,33,67,0,0,0,0,0,0,0,0,-32301,0,0,0,0,0,1314961,0
1314178,1818,7792,734,24,-585,-19,17055,1,5,-166,-48,36271,122,33,67,0,0,0,0,0,0,0,0,-32301,0,0,0,0,0,1314966,0
1314183,1902,7892,708,22,-594,-8,17055,-2,-1,-165,-48,36271,122,33,67,0,0,0,0,0,0,0,0,-32300,0,0,0,0,0,1314971,0
1314188,1894,7898,726,24,-595,-11,17054,-7,-1,-166,-56,36272,124,33,67,0,0,0,0,0,0,0,0,-32301,0,0,0,0,0,1314977,0
1314193,1894,7872,736,23,-603,-10,17055,8,4,-165,-48,36272,124,33,67,0,0,0,0,0,0,0,0,-32301,0,0,0,0,0,1314982,0
1314198,1838,7744,658,26,-597,-10,17055,1,1,-166,-40,36268,128,33,67,0,0,0,0,0,0,0,0,-32301,0,0,0,0,0,1314987,0
1314203,1918,7850,752,24,-599,-8,17056,1,1,-166,-48,36268,128,33,67,0,0,0,0,0,0,0,0,-32301,0,0,0,0,0,1314993,0
1314208,1916,7886,692,31,-599,-4,17056,2,2,-169,-40,36269,133,33,67,0,0,0,0,0,0,0,0,-32301,0,0,0,0,0,1314998,0
1314213,1926,7964,712,28,-593,3,17054,4,-1,-169,-48,36269,133,33,67,0,0,0,0,0,0,0,0,-32300,0,0,0,0,0,1315003,0
1314218,1892,7816,718,28,-588,-9,17054,-5,-3,-168,-48,36268,133,33,67,0,0,0,0,0,0,0,0,-32301,0,0,0,0,0,1315009,0
1314223,1856,7734,602,30,-583,2,17054,0,2,-167,-48,36268,133,33,67,0,0,0,0,0,0,0,0,-32301,0,0,0,0,0,1315014,0
1314228,1970,7880,660,35,-573,2,17055,-3,3,-167,-48,36268,134,33,67,0,0,0,0,0,0,0,0,-32301,0,0,0,0,0,1315020,0
1314233,1968,7894,630,26,-563,3,17056,5,2,-167,-48,36268,134,33,67,0,0,0,0,0,0,0,0,-32301,0,0,0,0,0,1315025,0
1314238,1976,7928,668,33,-555,5,17055,3,5,-168,-48,36271,138,33,67,0,0,0,0,0,0,0,0,-32301,0,0,0,0,0,1315031,0
1314243,1962,7890,668,32,-551,4,17056,1,3,-166,-48,36271,138,33,67,0,0,0,0,0,0,0,0,-32300,0,0,0,0,0,1315036,0
1314248,1958,7844,696,30,-533,3,17056,4,-4,-165,-40,36272,144,33,67,0,0,0,0,0,0,0,0,-32301,0,0,0,0,0,1315041,0
1314253,1888,7782,594,37,-527,9,17054,-5,2,-167,-48,36272,144,33,67,0,0,0,0,0,0,0,0,-32301,0,0,0,0,0,1315047,0
1314258,1940,7840,696,35,-516,15,17053,-7,-4,-164,-56,36270,134,33,67,0,0,0,0,0,0,0,0,-32301,0,0,0,0,0,1315053,0
1314263,1872,7884,646,43,-507,8,17056,1,-2,-168,-48,36270,134,33,67,0,0,0,0,0,0,0,0,-32300,0,0,0,0,0,1315057,0
1314268,1900,7912,660,40,-497,18,17055,6,2,-168,-56,36272,134,33,67,0,0,0,0,0,0,0,0,-32301,0,0,0,0,0,1315063,0
1314273,1892,7898,658,30,-497,16,17056,3,5,-167,-48,36272,134,33,67,0,0,0,0,0,0,0,0,-32300,0,0,0,0,0,1315069,0
1314278,1900,7884,678,38,-485,20,17055,1,-2,-168,-48,36272,137,33,67,0,0,0,0,0,0,0,0,-32301,0,0,0,0,0,1315074,0
1314283,1930,7878,642,42,-484,25,17056,7,0,-166,-48,36272,137,33,67,0,0,0,0,0,0,0,0,-32301,0,0,0,0,0,1315079,0
1314288,1912,7812,654,42,-459,32,17055,0,2,-164,-48,36272,141,33,67,0,0,0,0,0,0,0,0,-32301,0,0,0,0,0,1315085,0
1314293,1854,7744,636,36,-456,27,17055,0,-2,-166,-48,36272,141,33,67,0,0,0,0,0,0,0,0,-32300,0,0,0,0,0,1315090,0
1314298,1992,7878,684,41,-445,31,17054,-2,-2,-166,-48,36268,137,33,67,0,0,0,0,0,0,0,0,-32301,0,0,0,0,0,1315096,0
1314303,1930,7854,616,48,-433,34,17055,0,-2,-165,-56,36268,137,33,67,0,0,0,0,0,0,0,0,-32301,0,0,0,0,0,1315101,0
1314308,1974,7898,650,44,-413,36,17055,-3,-1,-166,-48,36269,137,33,67,0,0,0,0,0,0,0,0,-32301,0,0,0,0,0,1315107,0
1314313,1958,7874,638,47,-400,37,17055,0,2,-168,-48,36269,137,33,67,0,0,0,0,0,0,0,0,-32301,0,0,0,0,0,1315112,0
1314318,1980,7904,686,44,-390,36,17055,2,0,-166,-48,36270,138,33,67,0,0,0,0,0,0,0,0,-32300,0,0,0,0,0,1315117,0
1314323,1924,7874,680,52,-379,35,17055,-1,-1,-166,-48,36270,138,33,67,0,0,0,0,0,0,0,0,-32301,0,0,0,0,0,1315123,0
1314328,1908,7744,620,51,-368,41,17054,-1,-1,-168,-48,36269,133,33,67,0,0,0,0,0,0,0,0,-32301,0,0,0,0,0,1315128,0
1314333,1968,7874,694,44,-356,48,17055,-3,0,-166,-48,36269,133,33,67,0,0,0,0,0,0,0,0,-32301,0,0,0,0,0,1315134,0
1314338,1964,7896,642,56,-353,46,17055,1,0,-165,-56,36268,131,33,67,0,0,0,0,0,0,0,0,-32301,0,0,0,0,0,1315139,0
1314343,1934,7826,618,55,-338,56,17055,0,-4,-166,-48,36268,131,33,67,0,0,0,0,0,0,0,0,-32300,0,0,0,0,0,1315145,0
1314348,1972,7878,664,62,-328,46,17056,0,3,-167,-48,36268,128,33,67,0,0,0,0,0,0,0,0,-32301,0,0,0,0,0,1315150,0
1314353,2000,7874,678,62,-319,51,17055,-4,0,-169,-48,36268,128,33,67,0,0,0,0,0,0,0,0,-32301,0,0,0,0,0,1315156,0
1314358,1996,7850,666,61,-307,48,17056,-1,4,-166,-48,36271,135,33,67,0,0,0,0,0,0,0,0,-32301,0,0,0,0,0,1315161,0
1314363,1992,7796,652,65,-304,51,17055,-9,-3,-168,-56,36271,135,33,67,0,0,0,0,0,0,0,0,-32301,0,0,0,0,0,1315166,0
1314368,1942,7850,676,61,-280,56,17054,-4,-5,-168,-56,36273,124,33,67,0,0,0,0,0,0,0,0,-32301,0,0,0,0,0,1315172,0
1314373,1896,7780,668,66,-271,57,17056,1,-1,-166,-48,36273,124,33,67,0,0,0,0,0,0,0,0,-32301,0,0,0,0,0,1315177,0
1314378,2000,7860,638,67,-265,62,17055,10,0,-167,-48,36281,122,33,67,0,0,0,0,0,0,0,0,-32301,0,0,0,0,0,1315183,0
1314383,1996,7824,624,69,-251,60,17056,1,3,-168,-48,36281,122,33,67,0,0,0,0,0,0,0,0,-32301,0,0,0,0,0,1315188,0
1314388,2080,7828,728,67,-224,64,17054,1,1,-166,-56,36280,118,33,67,0,0,0,0,0,0,0,0,-32301,0,0,0,0,0,1315194,0
1314393,1954,7888,672,68,-219,63,17056,4,1,-166,-48,36280,118,33,67,0,0,0,0,0,0,0,0,-32301,0,0,0,0,0,1315199,0
1314398,1934,7810,644,71,-214,68,17055,5,-2,-168,-40,36279,121,33,67,0,0,0,0,0,0,0,0,-32300,0,0,0,0,0,1315204,0
1314403,1978,7886,618,71,-196,69,17055,0,3,-165,-48,36279,121,33,67,0,0,0,0,0,0,0,0,-32300,0,0,0,0,0,1315210,0
1314408,1966,7750,614,74,-176,67,17056,-1,4,-166,-48,36270,128,33,67,0,0,0,0,0,0,0,0,-32301,0,0,0,0,0,1315215,0
1314413,2064,7922,638,73,-167,76,17053,-3,-4,-168,-48,36270,128,33,67,0,0,0,0,0,0,0,0,-32301,0,0,0,0,0,1315222,0
1314418,2048,7876,588,80,-157,73,17053,-10,-3,-168,-48,36270,140,33,67,0,0,0,0,0,0,0,0,-32301,0,0,0,0,0,1315227,0
1314423,2044,7820,632,77,-143,71,17053,-7,-3,-168,-56,36270,140,33,67,0,0,0,0,0,0,0,0,-32301,0,0,0,0,0,1315232,0
1314428,2168,7944,628,80,-118,76,17052,-7,-1,-164,-48,36270,141,33,67,0,0,0,0,0,0,0,0,-32301,0,0,0,0,0,1315238,0
1314433,2168,7968,630,82,-103,71,17051,0,-5,-165,-48,36270,141,33,67,0,0,0,0,0,0,0,0,-32301,0,0,0,0,0,1315243,0
1314438,2170,7892,614,87,-94,65,17051,-4,-3,-164,-56,36271,142,33,67,0,0,0,0,0,0,0,0,-32300,0,0,0,0,0,1315249,0
1314443,2210,7844,592,89,-81,60,17051,2,3,-164,-48,36271,142,33,67,0,0,0,0,0,0,0,0,-32301,0,0,0,0,0,1315254,0
1314448,2172,7976,670,87,-53,51,17049,-7,-3,-166,-48,36271,139,33,67,0,0,0,0,0,0,0,0,-32301,0,0,0,0,0,1315260,0
1314453,2158,7864,606,93,-44,54,17048,-3,2,-165,-56,36271,139,33,67,0,0,0,0,0,0,0,0,-32301,0,0,0,0,0,1315265,0
1314458,2194,7848,624,84,-37,46,17047,-7,-3,-167,-56,36271,138,33,67,0,0,0,0,0,0,0,0,-32300,0,0,0,0,0,1315270,0
1314463,2190,7830,594,94,-22,45,17046,5,1,-165,-48,36271,138,33,67,0,0,0,0,0,0,0,0,-32300,0,0,0,0,0,1315276,0
1314468,2156,7846,632,89,1,41,17045,0,-2,-167,-56,36270,134,33,67,0,0,0,0,0,0,0,0,-32300,0,0,0,0,0,1315281,0
1314473,2154,7824,632,96,7,33,17044,0,5,-166,-48,36270,134,33,67,0,0,0,0,0,0,0,0,-32300,0,0,0,0,0,1315287,0
1314478,2144,7818,644,95,22,36,17044,0,4,-168,-48,36272,127,33,67,0,0,0,0,0,0,0,0,-32300,0,0,0,0,0,1315292,0
1314483,2116,7814,624,95,32,33,17042,-5,-1,-169,-48,36272,127,33,67,0,0,0,0,0,0,0,0,-32301,0,0,0,0,0,1315298,0
1314488,2128,7852,632,96,48,32,17042,-3,-1,-166,-56,36276,122,33,67,0,0,0,0,0,0,0,0,-32301,0,0,0,0,0,1315303,0
1314493,2112,7758,658,98,58,25,17038,-12,-7,-167,-48,36276,122,33,67,0,0,0,0,0,0,0,0,-32300,0,0,0,0,0,1315308,0
1314498,2162,7786,702,100,63,29,17038,-11,-6,-166,-48,36276,132,33,67,0,0,0,0,0,0,0,0,-32300,0,0,0,0,0,1315314,0
1314503,2126,7914,716,102,77,25,17035,-7,-4,-165,-56,36276,132,33,67,0,0,0,0,0,0,0,0,-32301,0,0,0,0,0,1315319,0
1314508,2062,7870,684,105,93,24,17030,-22,-13,-164,-56,36276,138,33,67,0,0,0,0,0,0,0,0,-32301,0,0,0,0,0,1315324,0
1314513,2038,7846,642,113,94,24,17017,-64,-29,-161,-80,36276,138,33,67,0,0,0,0,0,0,0,0,-32301,0,0,0,0,0,1315330,0
1314518,1948,7838,662,120,104,28,16994,-107,-65,-156,-104,36270,138,33,67,0,0,0,0,0,0,0,0,-32301,0,0,0,0,0,1315336,0
1314523,1838,7844,714,110,107,29,16969,-108,-88,-164,-88,36270,138,33,67,0,0,0,0,0,0,0,0,-32301,0,0,0,0,0,1315341,0
1314528,1826,7854,720,111,124,37,16943,-113,-86,-156,-96,36270,133,33,67,0,0,0,0,0,0,0,0,-32301,0,0,0,0,0,1315346,0
1314533,1830,7778,668,117,125,37,16913,-131,-69,-157,-96,36270,133,33,67,0,0,0,0,0,0,0,0,-32301,0,0,0,0,0,1315352,0
1314538,1908,7810,742,118,133,52,16888,-112,-27,-162,-88,36273,120,33,67,0,0,0,0,0,0,0,0,-32300,0,0,0,0,0,1315357,0
1314543,1944,7990,710,116,141,45,16859,-126,-7,-152,-104,36273,120,33,67,0,0,0,0,0,0,0,0,-32301,0,0,0,0,0,1315362,0
1314548,2060,7932,644,126,144,46,16828,-136,-16,-157,-96,36273,123,33,67,0,0,0,0,0,0,0,0,-32301,0,0,0,0,0,1315368,0
1314553,2084,7960,634,129,144,46,16795,-150,-13,-146,-112,36273,123,33,67,0,0,0,0,0,0,0,0,-32301,0,0,0,0,0,1315373,0
1314558,2122,7938,632,126,151,45,16760,-144,-30,-156,-104,36271,125,33,67,0,0,0,0,0,0,0,0,-32300,0,0,0,0,0,1315378,0
1314563,2088,7920,668,126,152,37,16719,-180,-43,-145,-128,36271,125,33,67,0,0,0,0,0,0,0,0,-32301,0,0,0,0,0,1315384,0
1314568,2036,7822,624,128,155,36,16678,-188,-39,-142,-136,36268,126,33,67,0,0,0,0,0,0,0,0,-32301,0,0,0,0,0,1315389,0
1314573,1976,7814,650,133,160,31,16633,-195,-49,-144,-120,36268,126,33,67,0,0,0,0,0,0,0,0,-32301,0,0,0,0,0,1315395,0
1314578,1932,7812,628,136,165,39,16587,-210,-40,-138,-128,36267,129,33,67,0,0,0,0,0,0,0,0,-32300,0,0,0,0,0,1315400,0
1314583,1922,7808,616,129,165,44,16542,-195,-30,-129,-144,36267,129,33,67,0,0,0,0,0,0,0,0,-32301,0,0,0,0,0,1315406,0
1314588,1904,7772,586,132,162,46,16493,-208,-28,-129,-136,36273,136,33,67,0,0,0,0,0,0,0,0,-32301,0,0,0,0,0,1315411,0
1314593,1896,7806,566,124,163,42,16446,-203,-15,-129,-120,36273,136,33,67,0,0,0,0,0,0,0,0,-32301,0,0,0,0,0,1315416,0
1314598,1940,7882,584,130,162,46,16403,-189,4,-120,-120,36273,135,33,67,0,0,0,0,0,0,0,0,-32300,0,0,0,0,0,1315422,0
1314603,2046,7874,576,126,160,41,16359,-190,9,-119,-128,36273,135,33,67,0,0,0,0,0,0,0,0,-32300,0,0,0,0,0,1315427,0
1314608,2110,7958,590,125,156,40,16315,-202,12,-127,-128,36275,137,33,67,0,0,0,0,0,0,0,0,-32301,0,0,0,0,0,1315432,0
1314613,2040,7896,614,122,157,38,16271,-202,9,-119,-136,36275,137,33,67,0,0,0,0,0,0,0,0,-32301,0,0,0,0,0,1315438,0
1314618,1996,7836,592,124,157,38,16226,-196,-5,-118,-128,36276,131,33,67,0,0,0,0,0,0,0,0,-32301,0,0,0,0,0,1315443,0
1314623,1940,7784,570,123,159,30,16177,-206,6,-113,-128,36276,131,33,67,0,0,0,0,0,0,0,0,-32301,0,0,0,0,0,1315449,0
1314628,1876,7736,548,119,153,42,16130,-215,-2,-108,-120,36268,124,33,67,0,0,0,0,0,0,0,0,-32300,0,0,0,0,0,1315454,0
1314633,1956,7754,598,115,142,50,16081,-219,-2,-112,-128,36268,124,33,67,0,0,0,0,0,0,0,0,-32300,0,0,0,0,0,1315460,0
1314638,1840,7862,558,122,138,43,16032,-211,-16,-105,-120,36264,125,33,67,0,0,0,0,0,0,0,0,-32301,0,0,0,0,0,1315465,0
1314643,1848,7774,560,117,138,41,15987,-193,-19,-103,-96,36264,125,33,67,0,0,0,0,0,0,0,0,-32300,0,0,0,0,0,1315471,0
1314648,2038,7836,590,111,134,45,15949,-172,4,-97,-104,36264,128,33,67,0,0,0,0,0,0,0,0,-32301,0,0,0,0,0,1315477,0
1314653,2090,7848,508,114,131,39,15910,-166,43,-93,-96,36264,128,33,67,0,0,0,0,0,0,0,0,-32300,0,0,0,0,0,1315482,0
1314658,2154,7982,590,102,126,40,15872,-177,49,-93,-96,36264,128,33,67,0,0,0,0,0,0,0,0,-32301,0,0,0,0,0,1315487,0
1314663,2164,8004,552,111,122,36,15841,-140,42,-93,-80,36264,128,33,67,0,0,0,0,0,0,0,0,-32301,0,0,0,0,0,1315493,0
1314668,2126,7868,514,110,124,21,15807,-149,28,-86,-72,36266,127,33,67,0,0,0,0,0,0,0,0,-32301,0,0,0,0,0,1315499,0
1314673,2072,7894,576,104,131,21,15773,-144,30,-91,-96,36266,127,33,67,0,0,0,0,0,0,0,0,-32301,0,0,0,0,0,1315504,0
1314678,2034,7938,592,105,119,21,15737,-167,4,-88,-96,36266,124,33,67,0,0,0,0,0,0,0,0,-32300,0,0,0,0,0,1315509,0
1314683,1974,7846,556,105,123,20,15699,-161,-7,-89,-104,36266,124,33,67,0,0,0,0,0,0,0,0,-32301,0,0,0,0,0,1315515,0
1314688,1864,7868,542,96,129,27,15659,-165,-20,-86,-80,36267,127,33,67,0,0,0,0,0,0,0,0,-32300,0,0,0,0,0,1315520,0
1314693,1852,7878,568,96,125,27,15624,-163,-15,-73,-96,36267,127,33,67,0,0,0,0,0,0,0,0,-32302,0,0,0,0,0,1315525,0
1314698,1888,7892,568,94,129,25,15590,-137,1,-79,-80,36271,131,33,67,0,0,0,0,0,0,0,0,-32301,0,0,0,0,0,1315531,0
1314703,1916,7876,564,90,121,30,15561,-132,25,-70,-88,36271,131,33,67,0,0,0,0,0,0,0,0,-32300,0,0,0,0,0,1315536,0
1314708,2108,7892,650,89,126,25,15537,-98,41,-80,-56,36271,127,33,67,0,0,0,0,0,0,0,0,-32301,0,0,0,0,0,1315542,0
1314713,2144,7972,614,90,125,19,15523,-60,69,-79,-48,36271,127,33,67,0,0,0,0,0,0,0,0,-32301,0,0,0,0,0,1315547,0
1314718,2172,7898,580,92,119,17,15507,-68,84,-75,-56,36270,131,33,67,0,0,0,0,0,0,0,0,-32300,0,0,0,0,0,1315553,0
1314723,2206,7910,590,84,119,11,15488,-84,53,-74,-56,36270,131,33,67,0,0,0,0,0,0,0,0,-32300,0,0,0,0,0,1315558,0
1314728,2170,7854,604,85,118,3,15475,-56,32,-77,-40,36269,134,33,67,0,0,0,0,0,0,0,0,-32301,0,0,0,0,0,1315563,0
1314733,2132,7846,572,84,114,-1,15464,-36,18,-75,-40,36269,134,33,67,0,0,0,0,0,0,0,0,-32300,0,0,0,0,0,1315569,0
1314738,2072,7800,608,84,112,-7,15456,-37,26,-71,-48,36269,131,33,67,0,0,0,0,0,0,0,0,-32301,0,0,0,0,0,1315574,0
1314743,2042,7816,592,89,104,-6,15443,-66,32,-68,-48,36269,131,33,67,0,0,0,0,0,0,0,0,-32301,0,0,0,0,0,1315580,0
1314748,1828,7776,606,83,103,-3,15426,-74,3,-75,-40,36269,129,33,67,0,0,0,0,0,0,0,0,-32301,0,0,0,0,0,1315585,0
1314753,1828,7834,612,86,91,-3,15416,-36,-12,-74,-24,36269,129,33,67,0,0,0,0,0,0,0,0,-32300,0,0,0,0,0,1315591,0
1314758,1880,7816,606,76,88,0,15417,0,8,-72,-24,36269,129,33,67,0,0,0,0,0,0,0,0,-32300,0,0,0,0,0,1315596,0
1314763,1932,7842,636,78,83,-5,15417,0,48,-71,-16,36269,129,33,67,0,0,0,0,0,0,0,0,-32300,0,0,0,0,0,1315601,0
1314768,2020,7824,646,82,75,-5,15417,6,69,-72,-24,36268,129,33,67,0,0,0,0,0,0,0,0,-32301,0,0,0,0,0,1315607,0
1314773,2054,7840,696,78,70,-4,15416,0,43,-71,-24,36268,129,33,67,0,0,0,0,0,0,0,0,-32301,0,0,0,0,0,1315612,0
1314778,2010,7952,688,79,64,-7,15416,-1,14,-72,-16,36267,131,33,67,0,0,0,0,0,0,0,0,-32300,0,0,0,0,0,1315618,0
1314783,1940,7822,638,84,60,-15,15417,-3,0,-73,-24,36267,131,33,67,0,0,0,0,0,0,0,0,-32300,0,0,0,0,0,1315623,0
1314788,1950,7890,650,87,52,-19,15417,-1,3,-72,-24,36267,123,33,67,0,0,0,0,0,0,0,0,-32301,0,0,0,0,0,1315629,0
1314793,1922,7882,690,82,45,-14,15416,0,0,-71,-24,36267,123,33,67,0,0,0,0,0,0,0,0,-32300,0,0,0,0,0,1315634,0
1314798,1898,7904,664,80,41,-13,15418,3,-1,-72,-24,36267,123,33,67,0,0,0,0,0,0,0,0,-32301,0,0,0,0,0,1315639,0
1314803,1872,7848,652,80,37,-15,15418,8,1,-71,-24,36267,123,33,67,0,0,0,0,0,0,0,0,-32300,0,0,0,0,0,1315645,0
1314808,1842,7792,606,80,29,-16,15417,3,2,-72,-24,36267,123,33,67,0,0,0,0,0,0,0,0,-32300,0,0,0,0,0,1315650,0
1314813,1880,7796,676,83,22,-8,15417,0,-3,-73,-16,36267,123,33,67,0,0,0,0,0,0,0,0,-32301,0,0,0,0,0,1315656,0
1314818,1936,7934,682,74,21,-9,15416,-2,-4,-71,-32,36267,123,33,67,0,0,0,0,0,0,0,0,-32300,0,0,0,0,0,1315661,0
1314823,1962,7870,622,84,16,-17,15417,2,0,-68,-24,36267,123,33,67,0,0,0,0,0,0,0,0,-32300,0,0,0,0,0,1315667,0
1314828,1986,7944,614,88,13,-11,15416,4,3,-72,-32,36271,131,33,67,0,0,0,0,0,0,0,0,-32301,0,0,0,0,0,1315672,0
1314833,1966,7980,636,81,15,-14,15416,-2,-1,-74,-24,36271,131,33,67,0,0,0,0,0,0,0,0,-32300,0,0,0,0,0,1315677,0
1314838,1944,7960,656,78,9,-13,15417,1,1,-71,-24,36274,129,33,67,0,0,0,0,0,0,0,0,-32300,0,0,0,0,0,1315683,0
1314843,1934,7900,654,82,8,-12,15417,0,0,-71,-16,36274,129,33,67,0,0,0,0,0,0,0,0,-32301,0,0,0,0,0,1315688,0
1314848,1908,7886,614,82,10,-17,15417,-3,0,-73,-24,36277,127,33,67,0,0,0,0,0,0,0,0,-32301,0,0,0,0,0,1315694,0
1314853,1900,7884,614,77,8,-13,15417,-1,-1,-71,-24,36277,127,33,67,0,0,0,0,0,0,0,0,-32300,0,0,0,0,0,1315699,0
1314858,1856,7872,604,79,12,-10,15417,0,-1,-72,-24,36278,119,33,67,0,0,0,0,0,0,0,0,-32300,0,0,0,0,0,1315704,0
1314863,1916,7874,580,85,12,-5,15416,-1,2,-71,-24,36278,119,33,67,0,0,0,0,0,0,0,0,-32301,0,0,0,0,0,1315710,0
1314868,1916,7862,616,84,13,-11,15418,5,-4,-73,-24,36277,114,33,67,0,0,0,0,0,0,0,0,-32301,0,0,0,0,0,1315715,0
1314873,1948,7876,608,79,13,-7,15418,5,2,-73,-24,36277,114,33,67,0,0,0,0,0,0,0,0,-32300,0,0,0,0,0,1315721,0
1314878,1952,7878,642,87,16,-7,15417,1,2,-73,-24,36278,117,33,67,0,0,0,0,0,0,0,0,-32301,0,0,0,0,0,1315726,0
1314883,1928,7858,618,82,20,-6,15418,4,-3,-72,-24,36278,117,33,67,0,0,0,0,0,0,0,0,-32301,0,0,0,0,0,1315732,0
1314888,1928,7864,630,81,27,-4,15417,7,-2,-72,-24,36279,121,33,67,0,0,0,0,0,0,0,0,-32301,0,0,0,0,0,1315737,0
1314893,1930,7844,606,86,24,-4,15416,-5,-2,-72,-24,36279,121,33,67,0,0,0,0,0,0,0,0,-32300,0,0,0,0,0,1315742,0
1314898,1896,7842,636,84,24,-2,15417,1,-1,-72,-24,36281,122,33,67,0,0,0,0,0,0,0,0,-32301,0,0,0,0,0,1315748,0
1314903,1898,7844,624,84,32,1,15417,1,-1,-73,-24,36281,122,33,67,0,0,0,0,0,0,0,0,-32300,0,0,0,0,0,1315754,0
1314908,1908,7834,610,77,35,3,15416,0,2,-72,-24,36287,115,33,67,0,0,0,0,0,0,0,0,-32301,0,0,0,0,0,1315759,0
1314913,1888,7860,620,82,33,4,15416,-1,-4,-73,-24,36287,115,33,67,0,0,0,0,0,0,0,0,-32301,0,0,0,0,0,1315764,0
1314918,1868,7840,636,79,42,7,15417,-1,-3,-71,-24,36285,122,33,67,0,0,0,0,0,0,0,0,-32301,0,0,0,0,0,1315770,0
1314923,1868,7856,624,82,36,10,15416,1,0,-73,-24,36285,122,33,67,0,0,0,0,0,0,0,0,-32301,0,0,0,0,0,1315775,0
1314928,1882,7856,614,83,42,12,15417,2,4,-72,-24,36285,125,33,67,0,0,0,0,0,0,0,0,-32301,0,0,0,0,0,1315780,0
1314933,1874,7882,628,84,43,15,15416,1,-1,-71,-24,36285,125,33,67,0,0,0,0,0,0,0,0,-32301,0,0,0,0,0,1315786,0
1314938,1870,7842,628,82,43,14,15417,4,0,-70,-24,36279,127,33,67,0,0,0,0,0,0,0,0,-32301,0,0,0,0,0,1315791,0
1314943,1894,7868,654,85,40,23,15416,4,0,-70,-24,36279,127,33,67,0,0,0,0,0,0,0,0,-32300,0,0,0,0,0,1315796,0
1314948,1856,7874,656,82,40,20,15418,0,0,-73,-16,36278,127,33,67,0,0,0,0,0,0,0,0,-32301,0,0,0,0,0,1315802,0
1314953,1836,7886,666,87,34,23,15416,-7,4,-70,-24,36278,127,33,67,0,0,0,0,0,0,0,0,-32300,0,0,0,0,0,1315808,0
1314958,1842,7910,698,89,32,25,15417,-2,-3,-72,-24,36279,123,33,67,0,0,0,0,0,0,0,0,-32300,0,0,0,0,0,1315813,0
1314963,1848,7956,690,91,31,28,15416,-4,-5,-72,-32,36279,123,33,67,0,0,0,0,0,0,0,0,-32301,0,0,0,0,0,1315818,0
1314968,1804,7872,730,89,12,29,15417,1,-3,-70,-24,36281,128,33,67,0,0,0,0,0,0,0,0,-32300,0,0,0,0,0,1315824,0
1314973,1768,7814,704,94,7,29,15417,3,4,-70,-32,36281,128,33,67,0,0,0,0,0,0,0,0,-32300,0,0,0,0,0,1315829,0
1314978,1772,7754,666,91,5,29,15417,-7,0,-71,-24,36283,124,33,67,0,0,0,0,0,0,0,0,-32301,0,0,0,0,0,1315834,0
1314983,1772,7728,672,93,-4,33,15417,1,0,-72,-24,36283,124,33,67,0,0,0,0,0,0,0,0,-32301,0,0,0,0,0,1315840,0
1314988,1816,7792,704,96,-26,37,15417,-5,-3,-69,-32,36283,120,33,67,0,0,0,0,0,0,0,0,-32301,0,0,0,0,0,1315846,0
1314993,1852,7810,718,99,-27,38,15416,2,-3,-71,-24,36283,120,33,67,0,0,0,0,0,0,0,0,-32300,0,0,0,0,0,1315851,0
1314998,1886,7700,712,97,-28,41,15416,-4,-5,-70,-24,36283,128,33,67,0,0,0,0,0,0,0,0,-32300,0,0,0,0,0,1315856,0
1315003,1944,7696,798,100,-38,47,15414,-12,0,-71,-24,36283,128,33,67,0,0,0,0,0,0,0,0,-32301,0,0,0,0,0,1315862,0
1315008,1954,7754,698,108,-56,40,15412,-14,-6,-70,-32,36283,131,33,67,0,0,0,0,0,0,0,0,-32300,0,0,0,0,0,1315867,0
1315013,1998,7788,744,105,-55,44,15408,-18,-10,-70,-32,36283,131,33,67,0,0,0,0,0,0,0,0,-32301,0,0,0,0,0,1315872,0
1315018,1928,7838,696,116,-64,47,15399,-41,-21,-69,-48,36283,137,33,67,0,0,0,0,0,0,0,0,-32301,0,0,0,0,0,1315878,0
1315023,1818,7710,692,110,-65,42,15377,-102,-51,-61,-80,36283,137,33,67,0,0,0,0,0,0,0,0,-32300,0,0,0,0,0,1315883,0
1315028,1606,7832,742,118,-75,61,15342,-158,-101,-66,-88,36282,131,33,67,0,0,0,0,0,0,0,0,-32301,0,0,0,0,0,1315888,0
1315033,1428,7710,728,123,-72,71,15297,-202,-143,-66,-136,36282,131,33,67,0,0,0,0,0,0,0,0,-32300,0,0,0,0,0,1315894,0
1315038,1358,7702,674,121,-81,84,15244,-235,-163,-65,-144,36282,129,33,67,0,0,0,0,0,0,0,0,-32300,0,0,0,0,0,1315900,0
1315043,1352,7776,778,118,-86,96,15187,-255,-156,-63,-136,36282,129,33,67,0,0,0,0,0,0,0,0,-32300,0,0,0,0,0,1315905,0
1315048,1522,7812,724,129,-92,122,15125,-278,-120,-67,-160,36280,123,33,67,0,0,0,0,0,0,0,0,-32300,0,0,0,0,0,1315910,0
1315053,1620,7994,718,126,-103,129,15060,-283,-93,-61,-136,36280,123,33,67,0,0,0,0,0,0,0,0,-32300,0,0,0,0,0,1315916,0
1315058,1690,7938,682,131,-102,129,14994,-293,-63,-48,-184,36281,127,33,67,0,0,0,0,0,0,0,0,-32300,0,0,0,0,0,1315921,0
1315063,1770,7952,692,128,-100,133,14920,-321,-53,-45,-200,36281,127,33,67,0,0,0,0,0,0,0,0,-32301,0,0,0,0,0,1315926,0
1315068,1860,7974,728,137,-103,151,14839,-365,-58,-39,-248,36290,132,33,67,0,0,0,0,0,0,0,0,-32300,0,0,0,0,0,1315932,0
1315073,1752,7832,638,146,-95,149,14748,-403,-89,-37,-272,36290,132,33,67,0,0,0,0,0,0,0,0,-32300,0,0,0,0,0,1315937,0
1315078,1668,7774,696,139,-95,159,14651,-427,-109,-36,-272,36291,134,33,67,0,0,0,0,0,0,0,0,-32301,0,0,0,0,0,1315942,0
1315083,1606,7828,696,148,-96,165,14547,-450,-119,-30,-280,36291,134,33,67,0,0,0,0,0,0,0,0,-32301,0,0,0,0,0,1315948,0
1315088,1578,7866,658,150,-87,182,14439,-479,-114,-20,-344,36293,131,33,67,0,0,0,0,0,0,0,0,-32300,0,0,0,0,0,1315954,0
1315093,1510,7684,594,154,-84,194,14323,-507,-103,-22,-352,36293,131,33,67,0,0,0,0,0,0,0,0,-32301,0,0,0,0,0,1315959,0
1315098,1684,7784,624,147,-80,210,14198,-546,-92,-20,-416,36282,129,33,67,0,0,0,0,0,0,0,0,-32300,0,0,0,0,0,1315964,0
1315103,1680,7854,612,157,-75,213,14069,-573,-105,-7,-456,36282,129,33,67,0,0,0,0,0,0,0,0,-32301,0,0,0,0,0,1315970,0
1315108,2986,7898,736,164,-74,96,13933,-595,-110,4,-456,36281,128,33,67,0,0,0,0,0,0,0,0,-32300,0,0,0,0,0,1315975,0
1315113,4508,8146,694,156,-64,79,13798,-591,-89,3,-368,36281,128,33,67,0,0,0,0,0,0,0,0,-32300,0,0,0,0,0,1315980,0
1315118,4906,8134,714,162,-61,72,13674,-539,-43,20,-224,36284,127,33,67,0,0,0,0,0,0,0,0,-32300,0,0,0,0,0,1315986,0
1315123,4256,7784,766,162,-45,20,13572,-439,45,83,-88,36284,127,33,67,0,0,0,0,0,0,0,0,-32301,0,0,0,0,0,1315992,0
1315128,2160,7144,674,172,-4,2,13492,-333,161,112,-72,36284,131,33,67,0,0,0,0,0,0,0,0,-32300,0,0,0,0,0,1315997,0
1315133,1710,7196,522,183,16,-4,13436,-233,263,89,-40,36284,131,33,67,0,0,0,0,0,0,0,0,-32300,0,0,0,0,0,1316002,0
1315138,1730,7496,630,178,16,1,13398,-153,320,85,-16,36284,134,33,67,0,0,0,0,0,0,0,0,-32300,0,0,0,0,0,1316008,0
1315143,2018,7956,604,176,11,-3,13385,-52,341,60,0,36284,134,33,67,0,0,0,0,0,0,0,0,-32301,0,0,0,0,0,1316013,0
1315148,2266,8166,738,180,-9,-8,13385,0,327,41,16,36281,134,33,67,0,0,0,0,0,0,0,0,-32301,0,0,0,0,0,1316018,0
1315153,2114,8168,826,193,4,-12,13388,14,273,47,16,36281,134,33,67,0,0,0,0,0,0,0,0,-32301,0,0,0,0,0,1316024,0
1315158,1852,8180,914,197,13,-16,13388,2,185,47,8,36281,132,33,67,0,0,0,0,0,0,0,0,-32300,0,0,0,0,0,1316029,0
1315163,1762,8212,878,196,28,-15,13389,2,89,46,8,36281,132,33,67,0,0,0,0,0,0,0,0,-32300,0,0,0,0,0,1316035,0
1315168,1878,8114,636,213,37,-24,13388,-1,17,45,8,36280,130,33,67,0,0,0,0,0,0,0,0,-32301,0,0,0,0,0,1316040,0
1315173,2182,8062,632,209,35,-25,13389,5,-2,45,16,36280,130,33,67,0,0,0,0,0,0,0,0,-32300,0,0,0,0,0,1316046,0
1315178,2262,8066,576,219,35,-29,13389,4,-7,45,8,36278,131,33,67,0,0,0,0,0,0,0,0,-32301,0,0,0,0,0,1316051,0
1315183,2248,7916,650,224,29,-34,13388,0,3,45,16,36278,131,33,67,0,0,0,0,0,0,0,0,-32301,0,0,0,0,0,1316057,0
1315188,2216,7814,728,233,38,-45,13388,-1,0,47,16,36281,131,33,67,0,0,0,0,0,0,0,0,-32301,0,0,0,0,0,1316062,0
1315193,2160,7778,758,228,46,-49,13388,-2,-2,45,16,36281,131,33,67,0,0,0,0,0,0,0,0,-32301,0,0,0,0,0,1316067,0
1315198,2142,7782,724,237,47,-53,13389,0,1,48,8,36282,128,33,67,0,0,0,0,0,0,0,0,-32301,0,0,0,0,0,1316073,0
1315203,2178,7764,698,236,57,-56,13388,1,-2,46,8,36282,128,33,67,0,0,0,0,0,0,0,0,-32300,0,0,0,0,0,1316078,0
1315208,2156,7910,632,247,70,-63,13389,1,0,47,0,36285,126,33,67,0,0,0,0,0,0,0,0,-32300,0,0,0,0,0,1316084,0
1315213,2084,7928,638,249,78,-62,13389,0,-1,46,16,36285,126,33,67,0,0,0,0,0,0,0,0,-32301,0,0,0,0,0,1316089,0
1315218,2014,7980,672,254,87,-65,13388,0,2,45,8,36287,127,33,67,0,0,0,0,0,0,0,0,-32301,0,0,0,0,0,1316095,0
1315223,1940,7990,654,251,91,-64,13389,2,3,46,16,36287,127,33,67,0,0,0,0,0,0,0,0,-32300,0,0,0,0,0,1316100,0
1315228,1952,7992,654,265,102,-63,13389,0,-1,46,8,36285,130,33,67,0,0,0,0,0,0,0,0,-32301,0,0,0,0,0,1316105,0
1315233,1934,8012,636,264,103,-64,13389,0,3,47,16,36285,130,33,67,0,0,0,0,0,0,0,0,-32300,0,0,0,0,0,1316111,0
1315238,1924,7976,616,272,107,-64,13388,2,2,46,16,36283,127,33,67,0,0,0,0,0,0,0,0,-32301,0,0,0,0,0,1316116,0
1315243,1914,7940,618,270,110,-61,13389,0,-4,46,16,36283,127,33,67,0,0,0,0,0,0,0,0,-32301,0,0,0,0,0,1316122,0
1315248,1878,7898,576,279,109,-62,13388,0,2,45,16,36282,122,33,67,0,0,0,0,0,0,0,0,-32300,0,0,0,0,0,1316127,0
1315253,1866,7868,608,282,112,-57,13388,-3,3,48,8,36282,122,33,67,0,0,0,0,0,0,0,0,-32300,0,0,0,0,0,1316133,0
1315258,1844,7874,614,284,115,-52,13390,5,3,47,8,36280,120,33,67,0,0,0,0,0,0,0,0,-32300,0,0,0,0,0,1316138,0
1315263,1816,7848,574,285,113,-49,13388,-4,-1,43,16,36280,120,33,67,0,0,0,0,0,0,0,0,-32301,0,0,0,0,0,1316143,0
1315268,1732,7782,592,286,117,-42,13390,5,1,44,16,36279,125,33,67,0,0,0,0,0,0,0,0,-32301,0,0,0,0,0,1316149,0
1315273,1696,7760,598,282,111,-31,13388,-4,-4,46,8,36279,125,33,67,0,0,0,0,0,0,0,0,-32301,0,0,0,0,0,1316154,0
1315278,1686,7778,568,294,117,-34,13388,0,3,45,8,36279,124,33,67,0,0,0,0,0,0,0,0,-32301,0,0,0,0,0,1316159,0
1315283,1698,7752,590,298,116,-22,13389,3,-1,47,16,36279,124,33,67,0,0,0,0,0,0,0,0,-32301,0,0,0,0,0,1316165,0
1315288,1720,7792,582,302,123,-9,13389,0,5,47,16,36280,128,33,67,0,0,0,0,0,0,0,0,-32300,0,0,0,0,0,1316171,0
1315293,1704,7784,594,300,117,-1,13388,0,-2,47,16,36280,128,33,67,0,0,0,0,0,0,0,0,-32301,0,0,0,0,0,1316176,0
1315298,1698,7776,604,308,116,6,13388,0,1,48,16,36280,126,33,67,0,0,0,0,0,0,0,0,-32301,0,0,0,0,0,1316181,0
1315303,1698,7756,582,306,111,14,13389,2,2,48,16,36280,126,33,67,0,0,0,0,0,0,0,0,-32301,0,0,0,0,0,1316187,0
1315308,1774,7784,554,309,117,21,13388,-3,-3,47,8,36281,125,33,67,0,0,0,0,0,0,0,0,-32301,0,0,0,0,0,1316192,0
1315313,1790,7824,528,322,113,24,13388,0,4,46,16,36281,125,33,67,0,0,0,0,0,0,0,0,-32301,0,0,0,0,0,1316197,0
1315318,1792,7818,548,322,108,23,13387,-5,-1,47,8,36279,128,33,67,0,0,0,0,0,0,0,0,-32301,0,0,0,0,0,1316203,0
1315323,1834,7838,538,317,113,30,13387,-1,-3,47,8,36279,128,33,67,0,0,0,0,0,0,0,0,-32301,0,0,0,0,0,1316208,0
1315328,1866,7896,524,322,104,28,13388,0,1,46,8,36285,126,33,67,0,0,0,0,0,0,0,0,-32301,0,0,0,0,0,1316213,0
1315333,1868,7924,528,322,101,32,13390,4,7,47,16,36285,126,33,67,0,0,0,0,0,0,0,0,-32300,0,0,0,0,0,1316219,0
1315338,1886,7908,526,328,94,29,13388,-5,-2,46,16,36286,139,33,67,0,0,0,0,0,0,0,0,-32301,0,0,0,0,0,1316225,0
1315343,1912,7904,514,328,91,35,13387,-2,-1,47,8,36286,139,33,67,0,0,0,0,0,0,0,0,-32300,0,0,0,0,0,1316230,0
1315348,1926,7888,504,323,83,31,13389,-1,1,46,16,36287,133,33,67,0,0,0,0,0,0,0,0,-32300,0,0,0,0,0,1316235,0
1315353,1952,7904,524,333,79,27,13387,-3,-3,47,16,36287,133,33,67,0,0,0,0,0,0,0,0,-32300,0,0,0,0,0,1316241,0
1315358,1962,7854,492,335,79,25,13387,-4,-4,47,8,36281,137,33,67,0,0,0,0,0,0,0,0,-32300,0,0,0,0,0,1316246,0
1315363,1974,7818,480,331,68,28,13389,0,3,46,16,36281,137,33,67,0,0,0,0,0,0,0,0,-32300,0,0,0,0,0,1316251,0
1315368,2026,7856,460,335,52,19,13389,1,1,45,16,36280,133,33,67,0,0,0,0,0,0,0,0,-32300,0,0,0,0,0,1316257,0
1315373,2064,7852,452,330,54,21,13389,5,3,44,16,36280,133,33,67,0,0,0,0,0,0,0,0,-32300,0,0,0,0,0,1316263,0
1315378,2094,7834,446,335,49,9,13388,-4,-1,47,8,36282,131,33,67,0,0,0,0,0,0,0,0,-32300,0,0,0,0,0,1316268,0
1315383,2112,7812,426,337,46,14,13389,-2,1,47,8,36282,131,33,67,0,0,0,0,0,0,0,0,-32301,0,0,0,0,0,1316273,0
1315388,2100,7798,392,335,39,1,13389,0,1,46,16,36282,130,33,67,0,0,0,0,0,0,0,0,-32300,0,0,0,0,0,1316279,0
1315393,2136,7812,386,337,43,1,13389,0,-5,46,8,36282,130,33,67,0,0,0,0,0,0,0,0,-32301,0,0,0,0,0,1316284,0
1315398,2154,7836,368,335,43,-13,13389,0,0,47,8,36280,128,33,67,0,0,0,0,0,0,0,0,-32300,0,0,0,0,0,1316290,0
1315403,2166,7828,350,334,43,-14,13388,-3,0,46,16,36280,128,33,67,0,0,0,0,0,0,0,0,-32301,0,0,0,0,0,1316295,0
1315408,2208,7896,298,333,57,-27,13389,3,0,47,8,36278,132,33,67,0,0,0,0,0,0,0,0,-32301,0,0,0,0,0,1316301,0
1315413,2134,7904,356,341,56,-33,13389,0,-1,46,8,36278,132,33,67,0,0,0,0,0,0,0,0,-32301,0,0,0,0,0,1316307,0
1315418,2148,7882,324,335,63,-38,13388,1,0,45,8,36279,131,33,67,0,0,0,0,0,0,0,0,-32301,0,0,0,0,0,1316312,0
1315423,2140,7938,336,336,64,-37,13388,-4,-1,44,16,36279,131,33,67,0,0,0,0,0,0,0,0,-32300,0,0,0,0,0,1316318,0
1315428,2160,7874,316,333,80,-51,13389,8,3,46,8,36284,134,33,67,0,0,0,0,0,0,0,0,-32300,0,0,0,0,0,1316323,0
1315433,2146,7890,294,330,97,-57,13389,0,-1,47,8,36284,134,33,67,0,0,0,0,0,0,0,0,-32300,0,0,0,0,0,1316328,0
1315438,2226,7908,290,332,104,-63,13388,-3,4,45,16,36288,138,33,67,0,0,0,0,0,0,0,0,-32301,0,0,0,0,0,1316334,0
1315443,2234,7904,292,331,112,-72,13388,-3,0,48,8,36288,138,33,67,0,0,0,0,0,0,0,0,-32301,0,0,0,0,0,1316339,0
1315448,2180,7880,284,340,132,-79,13389,1,-1,47,16,36286,136,33,67,0,0,0,0,0,0,0,0,-32300,0,0,0,0,0,1316344,0
1315453,2140,7892,276,326,139,-85,13388,-5,-2,47,8,36286,136,33,67,0,0,0,0,0,0,0,0,-32300,0,0,0,0,0,1316350,0
1315458,2124,7884,242,331,138,-85,13389,1,1,45,16,36285,122,33,67,0,0,0,0,0,0,0,0,-32301,0,0,0,0,0,1316355,0
1315463,2088,7890,240,322,147,-97,13389,2,0,45,8,36285,122,33,67,0,0,0,0,0,0,0,0,-32301,0,0,0,0,0,1316361,0
1315468,2088,7808,218,322,162,-95,13390,7,2,45,8,36282,118,33,67,0,0,0,0,0,0,0,0,-32300,0,0,0,0,0,1316366,0
1315473,2068,7832,236,322,167,-104,13388,-5,-1,46,8,36282,118,33,67,0,0,0,0,0,0,0,0,-32300,0,0,0,0,0,1316372,0
1315478,2080,7828,236,319,174,-104,13389,0,1,45,8,36282,122,33,67,0,0,0,0,0,0,0,0,-32300,0,0,0,0,0,1316377,0
1315483,2068,7836,234,316,174,-112,13388,4,-5,46,16,36282,122,33,67,0,0,0,0,0,0,0,0,-32300,0,0,0,0,0,1316383,0
1315488,2026,7824,218,316,191,-109,13388,0,-2,45,16,36281,130,33,67,0,0,0,0,0,0,0,0,-32301,0,0,0,0,0,1316388,0
1315493,2048,7836,250,316,184,-118,13388,3,1,47,8,36281,130,33,67,0,0,0,0,0,0,0,0,-32301,0,0,0,0,0,1316393,0
1315498,2014,7882,258,315,180,-118,13389,5,4,47,16,36280,130,33,67,0,0,0,0,0,0,0,0,-32301,0,0,0,0,0,1316399,0
1315503,1946,7896,290,308,181,-127,13390,5,6,47,16,36280,130,33,67,0,0,0,0,0,0,0,0,-32300,0,0,0,0,0,1316404,0
1315508,1918,7978,336,318,172,-128,13389,1,4,47,8,36280,133,33,67,0,0,0,0,0,0,0,0,-32300,0,0,0,0,0,1316410,0
1315513,1906,8046,366,314,165,-131,13389,-2,0,45,16,36280,133,33,67,0,0,0,0,0,0,0,0,-32300,0,0,0,0,0,1316415,0
1315518,1878,8120,398,316,158,-138,13389,7,3,44,16,36280,133,33,67,0,0,0,0,0,0,0,0,-32300,0,0,0,0,0,1316421,0
1315523,1926,8220,382,318,152,-134,13390,8,2,47,8,36280,133,33,67,0,0,0,0,0,0,0,0,-32301,0,0,0,0,0,1316426,0
1315528,1762,8334,390,326,134,-142,13388,-4,-3,45,16,36279,136,33,67,0,0,0,0,0,0,0,0,-32300,0,0,0,0,0,1316432,0
1315533,1718,8344,400,328,125,-147,13389,7,3,45,16,36279,136,33,67,0,0,0,0,0,0,0,0,-32300,0,0,0,0,0,1316437,0
1315538,1710,8312,394,328,125,-144,13388,3,-4,47,16,36279,134,33,67,0,0,0,0,0,0,0,0,-32300,0,0,0,0,0,1316442,0
1315543,1734,8280,424,339,125,-149,13389,0,5,47,16,36279,134,33,67,0,0,0,0,0,0,0,0,-32301,0,0,0,0,0,1316448,0
1315548,1768,8230,442,337,132,-147,13388,-5,3,44,16,36279,131,33,67,0,0,0,0,0,0,0,0,-32301,0,0,0,0,0,1316453,0
1315553,1804,8146,406,352,142,-142,13389,3,0,45,16,36279,131,33,67,0,0,0,0,0,0,0,0,-32301,0,0,0,0,0,1316459,0
1315558,1826,8112,342,357,151,-141,13388,-3,-3,46,16,36279,132,33,67,0,0,0,0,0,0,0,0,-32300,0,0,0,0,0,1316464,0
1315563,1794,8100,402,359,152,-142,13389,3,1,46,16,36279,132,33,67,0,0,0,0,0,0,0,0,-32301,0,0,0,0,0,1316469,0
1315568,1740,7860,404,381,162,-141,13388,0,-3,46,8,36280,128,33,67,0,0,0,0,0,0,0,0,-32300,0,0,0,0,0,1316475,0
1315573,1656,7876,458,382,162,-132,13389,2,0,45,16,36280,128,33,67,0,0,0,0,0,0,0,0,-32300,0,0,0,0,0,1316480,0
1315578,1734,7808,504,382,171,-131,13388,-2,0,46,0,36279,128,33,67,0,0,0,0,0,0,0,0,-32301,0,0,0,0,0,1316486,0
1315583,1804,7752,456,390,192,-119,13389,0,-1,45,16,36279,128,33,67,0,0,0,0,0,0,0,0,-32300,0,0,0,0,0,1316491,0
1315588,1754,7696,424,392,209,-114,13388,3,-1,45,8,36281,128,33,67,0,0,0,0,0,0,0,0,-32301,0,0,0,0,0,1316497,0
1315593,1694,7622,362,398,214,-106,13389,-3,1,48,8,36281,128,33,67,0,0,0,0,0,0,0,0,-32301,0,0,0,0,0,1316502,0
1315598,1572,7526,296,417,209,-96,13388,0,-2,46,8,36282,127,33,67,0,0,0,0,0,0,0,0,-32301,0,0,0,0,0,1316507,0
1315603,1530,7542,472,421,208,-80,13388,-7,-1,46,16,36282,127,33,67,0,0,0,0,0,0,0,0,-32301,0,0,0,0,0,1316513,0
1315608,1308,7298,508,425,203,-56,13389,0,-1,47,8,36282,130,33,67,0,0,0,0,0,0,0,0,-32300,0,0,0,0,0,1316518,0
1315613,1334,7182,502,430,207,-45,13390,4,3,46,16,36282,130,33,67,0,0,0,0,0,0,0,0,-32300,0,0,0,0,0,1316523,0
1315618,1426,7112,494,436,207,-36,13388,1,-1,45,8,36281,125,33,67,0,0,0,0,0,0,0,0,-32302,0,0,0,0,0,1316529,0
1315623,1588,7130,384,431,206,-19,13388,-3,-3,46,16,36281,125,33,67,0,0,0,0,0,0,0,0,-32300,0,0,0,0,0,1316535,0
1315628,1828,7260,186,448,216,-6,13388,-2,1,46,8,36281,130,33,67,0,0,0,0,0,0,0,0,-32301,0,0,0,0,0,1316540,0
1315633,1964,7430,198,445,228,1,13389,-5,-3,46,8,36281,130,33,67,0,0,0,0,0,0,0,0,-32300,0,0,0,0,0,1316545,0
1315638,2032,7470,8,440,254,6,13388,0,0,45,16,36284,132,33,67,0,0,0,0,0,0,0,0,-32301,0,0,0,0,0,1316551,0
1315643,2042,7496,-98,438,287,12,13389,3,2,46,16,36284,132,33,67,0,0,0,0,0,0,0,0,-32300,0,0,0,0,0,1316556,0
1315648,2032,7896,-242,422,353,17,13388,-2,-1,47,16,36283,136,33,67,0,0,0,0,0,0,0,0,-32301,0,0,0,0,0,1316561,0
1315653,2232,7900,-230,431,419,20,13387,-2,6,48,8,36283,136,33,67,0,0,0,0,0,0,0,0,-32301,0,0,0,0,0,1316567,0
1315658,2250,8234,-132,425,477,20,13388,4,3,46,8,36283,137,33,67,0,0,0,0,0,0,0,0,-32301,0,0,0,0,0,1316572,0
1315663,2332,8338,-248,420,553,24,13389,-4,-1,44,8,36283,137,33,67,0,0,0,0,0,0,0,0,-32301,0,0,0,0,0,1316578,0
1315668,2344,8528,-352,405,706,22,13388,0,2,44,16,36285,135,33,67,0,0,0,0,0,0,0,0,-32301,0,0,0,0,0,1316583,0
1315673,2298,8604,-406,393,792,22,13389,-1,0,45,8,36285,135,33,67,0,0,0,0,0,0,0,0,-32300,0,0,0,0,0,1316588,0
1315678,2334,8664,-412,401,865,15,13389,0,-4,48,8,36284,121,33,67,0,0,0,0,0,0,0,0,-32301,0,0,0,0,0,1316594,0
1315683,2290,8602,-458,392,948,18,13389,-2,-2,47,16,36284,121,33,67,0,0,0,0,0,0,0,0,-32301,0,0,0,0,0,1316599,0
1315688,2316,8544,-418,375,1089,16,13388,0,0,46,16,36285,117,33,67,0,0,0,0,0,0,0,0,-32301,0,0,0,0,0,1316604,0
1315693,2400,8490,-336,372,1162,3,13388,2,-1,47,16,36285,117,33,67,0,0,0,0,0,0,0,0,-32300,0,0,0,0,0,1316610,0
1315698,2386,8332,-384,355,1227,5,13389,0,-2,47,8,36282,121,33,67,0,0,0,0,0,0,0,0,-32301,0,0,0,0,0,1316615,0
1315703,2434,8208,-348,350,1289,1,13388,-9,-1,46,16,36282,121,33,67,0,0,0,0,0,0,0,0,-32300,0,0,0,0,0,1316621,0
1315708,2404,8020,-300,339,1389,-5,13389,4,3,47,8,36280,136,33,67,0,0,0,0,0,0,0,0,-32301,0,0,0,0,0,1316627,0
1315713,2310,7886,-352,338,1438,-10,13389,4,-2,46,16,36280,136,33,67,0,0,0,0,0,0,0,0,-32301,0,0,0,0,0,1316632,0
1315718,2290,7928,-260,337,1476,-7,13388,1,-2,43,8,36277,133,33,67,0,0,0,0,0,0,0,0,-32301,0,0,0,0,0,1316637,0
1315723,2174,7884,-212,324,1515,-8,13389,2,0,44,16,36277,133,33,67,0,0,0,0,0,0,0,0,-32301,0,0,0,0,0,1316643,0
1315728,1962,7888,-132,321,1584,-3,13387,-5,2,45,8,36279,122,33,67,0,0,0,0,0,0,0,0,-32301,0,0,0,0,0,1316648,0
1315733,1836,7900,-140,317,1597,6,13388,-8,-5,47,8,36279,122,33,67,0,0,0,0,0,0,0,0,-32300,0,0,0,0,0,1316653,0
1315738,1742,7906,-136,307,1626,6,13389,2,-7,45,16,36282,122,33,67,0,0,0,0,0,0,0,0,-32300,0,0,0,0,0,1316659,0
1315743,1616,7878,-134,306,1635,20,13388,0,2,48,8,36282,122,33,67,0,0,0,0,0,0,0,0,-32301,0,0,0,0,0,1316665,0
1315748,1392,7864,-78,294,1646,38,13388,0,-1,46,8,36288,129,33,67,0,0,0,0,0,0,0,0,-32301,0,0,0,0,0,1316670,0
1315753,1278,7816,-62,294,1636,49,13388,-1,1,46,16,36288,129,33,67,0,0,0,0,0,0,0,0,-32300,0,0,0,0,0,1316675,0
1315758,1210,7812,-64,289,1620,61,13389,0,0,45,8,36287,136,33,67,0,0,0,0,0,0,0,0,-32301,0,0,0,0,0,1316681,0
1315763,1170,7766,-64,284,1596,70,13390,0,-3,46,8,36287,136,33,67,0,0,0,0,0,0,0,0,-32300,0,0,0,0,0,1316686,0
1315768,1114,7764,-86,270,1534,95,13389,9,-1,44,16,36286,133,33,67,0,0,0,0,0,0,0,0,-32300,0,0,0,0,0,1316691,0
1315773,1094,7808,-138,263,1496,102,13388,-1,0,45,8,36286,133,33,67,0,0,0,0,0,0,0,0,-32301,0,0,0,0,0,1316697,0
1315778,1122,7834,-150,262,1451,112,13388,-5,-6,46,8,36278,129,33,67,0,0,0,0,0,0,0,0,-32300,0,0,0,0,0,1316702,0
1315783,1136,7886,-138,249,1415,122,13390,7,-5,47,8,36278,129,33,67,0,0,0,0,0,0,0,0,-32301,0,0,0,0,0,1316707,0
1315788,1052,7986,-102,232,1313,142,13388,-1,5,47,16,36277,130,33,67,0,0,0,0,0,0,0,0,-32300,0,0,0,0,0,1316713,0
1315793,1038,8024,-40,229,1257,146,13389,8,-2,45,16,36277,130,33,67,0,0,0,0,0,0,0,0,-32300,0,0,0,0,0,1316718,0
1315798,1026,8070,8,220,1200,153,13388,-3,-3,47,16,36279,133,33,67,0,0,0,0,0,0,0,0,-32301,0,0,0,0,0,1316724,0
1315803,1022,8142,38,217,1145,159,13390,-2,-2,45,16,36279,133,33,67,0,0,0,0,0,0,0,0,-32300,0,0,0,0,0,1316729,0
1315808,1082,8268,76,198,1030,164,13389,3,-1,48,0,36281,138,33,67,0,0,0,0,0,0,0,0,-32301,0,0,0,0,0,1316734,0
1315813,1136,8246,-12,184,984,160,13389,0,-1,47,8,36281,138,33,67,0,0,0,0,0,0,0,0,-32301,0,0,0,0,0,1316740,0
1315818,1268,8346,102,177,932,172,13388,-5,-3,44,8,36282,136,33,67,0,0,0,0,0,0,0,0,-32301,0,0,0,0,0,1316745,0
1315823,1346,8516,76,167,880,170,13387,-10,-2,46,8,36282,136,33,67,0,0,0,0,0,0,0,0,-32300,0,0,0,0,0,1316751,0
1315828,1404,8512,10,165,791,164,13388,-4,2,45,8,36280,134,33,67,0,0,0,0,0,0,0,0,-32300,0,0,0,0,0,1316756,0
1315833,1412,8548,76,157,749,160,13389,-2,1,46,16,36280,134,33,67,0,0,0,0,0,0,0,0,-32301,0,0,0,0,0,1316761,0
1315838,1420,8550,52,150,713,160,13388,0,4,47,16,36279,125,33,67,0,0,0,0,0,0,0,0,-32300,0,0,0,0,0,1316767,0
1315843,1432,8522,58,150,671,162,13388,0,2,47,16,36279,125,33,67,0,0,0,0,0,0,0,0,-32300,0,0,0,0,0,1316772,0
1315848,1418,8310,130,137,597,155,13388,0,1,46,8,36285,126,33,67,0,0,0,0,0,0,0,0,-32301,0,0,0,0,0,1316777,0
1315853,1430,8262,152,133,569,157,13388,-7,3,47,8,36285,126,33,67,0,0,0,0,0,0,0,0,-32300,0,0,0,0,0,1316783,0
1315858,1468,8248,138,135,541,146,13389,6,4,46,8,36288,130,33,67,0,0,0,0,0,0,0,0,-32301,0,0,0,0,0,1316788,0
1315863,1524,8120,114,124,510,148,13389,4,1,46,16,36288,130,33,67,0,0,0,0,0,0,0,0,-32300,0,0,0,0,0,1316794,0
1315868,1690,7956,140,118,457,140,13388,0,-1,46,16,36285,125,33,67,0,0,0,0,0,0,0,0,-32300,0,0,0,0,0,1316799,0
1315873,1802,7876,138,116,429,138,13389,3,-2,44,16,36285,125,33,67,0,0,0,0,0,0,0,0,-32300,0,0,0,0,0,1316804,0
1315878,1882,7842,154,117,416,129,13388,-5,2,46,8,36284,127,33,67,0,0,0,0,0,0,0,0,-32300,0,0,0,0,0,1316810,0
1315883,1968,7722,98,109,403,130,13390,7,0,48,8,36284,127,33,67,0,0,0,0,0,0,0,0,-32300,0,0,0,0,0,1316815,0
1315888,2082,7628,-20,94,390,121,13389,0,0,45,16,36279,126,33,67,0,0,0,0,0,0,0,0,-32301,0,0,0,0,0,1316820,0
1315893,2128,7628,-66,89,386,111,13388,2,-1,46,8,36279,126,33,67,0,0,0,0,0,0,0,0,-32300,0,0,0,0,0,1316826,0
1315898,2162,7606,-106,79,397,108,13389,-3,-6,46,8,36283,133,33,67,0,0,0,0,0,0,0,0,-32300,0,0,0,0,0,1316831,0
1315903,2186,7614,-148,76,400,105,13388,-1,0,46,16,36283,133,33,67,0,0,0,0,0,0,0,0,-32300,0,0,0,0,0,1316837,0
1315908,2224,7656,-194,59,429,92,13389,2,3,48,0,36284,126,33,67,0,0,0,0,0,0,0,0,-32300,0,0,0,0,0,1316842,0
1315913,2288,7712,-262,47,454,94,13388,1,-2,46,8,36284,126,33,67,0,0,0,0,0,0,0,0,-32300,0,0,0,0,0,1316848,0
1315918,2170,7652,-278,36,461,77,13388,2,1,44,8,36281,118,33,67,0,0,0,0,0,0,0,0,-32300,0,0,0,0,0,1316853,0
1315923,2222,7722,-212,26,485,79,13388,-6,4,44,8,36281,118,33,67,0,0,0,0,0,0,0,0,-32301,0,0,0,0,0,1316859,0
1315928,2222,7806,-296,2,524,69,13388,3,1,46,8,36279,125,33,67,0,0,0,0,0,0,0,0,-32300,0,0,0,0,0,1316864,0
1315933,2266,7904,-310,-8,546,66,13389,-1,2,46,8,36279,125,33,67,0,0,0,0,0,0,0,0,-32301,0,0,0,0,0,1316870,0
1315938,2228,7932,-366,-17,565,61,13389,0,-2,46,8,36279,123,33,67,0,0,0,0,0,0,0,0,-32300,0,0,0,0,0,1316875,0
1315943,2240,7932,-378,-31,594,57,13389,4,-1,46,16,36279,123,33,67,0,0,0,0,0,0,0,0,-32301,0,0,0,0,0,1316880,0
1315948,2294,8062,-388,-55,645,40,13389,5,3,45,16,36279,130,33,67,0,0,0,0,0,0,0,0,-32301,0,0,0,0,0,1316886,0
1315953,2294,8100,-378,-72,665,35,13388,-2,-3,48,8,36279,130,33,67,0,0,0,0,0,0,0,0,-32301,0,0,0,0,0,1316891,0
1315958,2302,8090,-342,-80,697,30,13389,-3,-1,47,8,36281,141,33,67,0,0,0,0,0,0,0,0,-32301,0,0,0,0,0,1316897,0
1315963,2272,8106,-320,-97,720,26,13388,1,-4,46,8,36281,141,33,67,0,0,0,0,0,0,0,0,-32300,0,0,0,0,0,1316902,0
1315968,2270,8108,-256,-110,766,8,13389,-2,1,45,8,36281,143,33,67,0,0,0,0,0,0,0,0,-32301,0,0,0,0,0,1316907,0
1315973,2252,8090,-208,-118,799,0,13388,-3,-1,45,8,36281,143,33,67,0,0,0,0,0,0,0,0,-32300,0,0,0,0,0,1316913,0
1315978,2196,8096,-200,-133,818,-3,13389,-3,-1,46,8,36281,142,33,67,0,0,0,0,0,0,0,0,-32300,0,0,0,0,0,1316918,0
1315983,2226,8114,-114,-138,834,-4,13389,3,0,46,8,36281,142,33,67,0,0,0,0,0,0,0,0,-32301,0,0,0,0,0,1316924,0
1315988,2134,7988,-6,-154,883,-22,13389,0,-4,45,16,36280,129,33,67,0,0,0,0,0,0,0,0,-32300,0,0,0,0,0,1316929,0
1315993,2104,8012,-16,-158,905,-24,13388,-7,0,46,16,36280,129,33,67,0,0,0,0,0,0,0,0,-32300,0,0,0,0,0,1316934,0
1315998,2180,8002,82,-166,917,-30,13388,-2,0,47,16,36279,131,33,67,0,0,0,0,0,0,0,0,-32301,0,0,0,0,0,1316940,0
1316003,2136,7984,48,-169,940,-33,13388,0,2,48,8,36279,131,33,67,0,0,0,0,0,0,0,0,-32300,0,0,0,0,0,1316945,0
1316008,2072,7916,144,-177,975,-37,13388,-2,1,48,0,36279,127,33,67,0,0,0,0,0,0,0,0,-32300,0,0,0,0,0,1316950,0
1316013,2044,7950,168,-182,990,-38,13390,3,0,45,16,36279,127,33,67,0,0,0,0,0,0,0,0,-32300,0,0,0,0,0,1316956,0
1316018,1982,7898,222,-178,1015,-41,13388,0,4,44,8,36277,123,33,67,0,0,0,0,0,0,0,0,-32300,0,0,0,0,0,1316961,0
1316023,1904,7900,226,-178,1027,-42,13389,3,0,45,8,36277,123,33,67,0,0,0,0,0,0,0,0,-32300,0,0,0,0,0,1316966,0
1316028,1838,7834,328,-179,1062,-43,13389,-3,-3,47,8,36277,123,33,67,0,0,0,0,0,0,0,0,-32300,0,0,0,0,0,1316972,0
1316033,1852,7828,408,-183,1072,-37,13389,-3,1,47,8,36277,123,33,67,0,0,0,0,0,0,0,0,-32300,0,0,0,0,0,1316977,0
1316038,1794,7830,388,-175,1086,-32,13390,5,-2,47,16,36279,123,33,67,0,0,0,0,0,0,0,0,-32300,0,0,0,0,0,1316982,0
1316043,1676,7788,420,-169,1090,-41,13388,0,2,48,8,36279,123,33,67,0,0,0,0,0,0,0,0,-32300,0,0,0,0,0,1316988,0
1316048,1688,7768,516,-181,1105,-25,13388,-4,-1,47,8,36278,120,33,67,0,0,0,0,0,0,0,0,-32301,0,0,0,0,0,1316994,0
1316053,1672,7774,524,-173,1105,-19,13389,0,-2,46,16,36278,120,33,67,0,0,0,0,0,0,0,0,-32300,0,0,0,0,0,1316999,0
1316058,1630,7794,550,-165,1105,-22,13389,0,2,47,8,36280,115,33,67,0,0,0,0,0,0,0,0,-32300,0,0,0,0,0,1317004,0
1316063,1606,7814,556,-174,1104,-16,13389,4,0,46,8,36280,115,33,67,0,0,0,0,0,0,0,0,-32300,0,0,0,0,0,1317010,0
1316068,1574,7810,582,-161,1098,-9,13388,0,-4,45,16,36281,118,33,67,0,0,0,0,0,0,0,0,-32301,0,0,0,0,0,1317015,0
1316073,1536,7828,606,-158,1094,-6,13388,-6,-5,45,8,36281,118,33,67,0,0,0,0,0,0,0,0,-32300,0,0,0,0,0,1317020,0
1316078,1528,7852,618,-156,1083,-1,13389,-1,1,45,16,36280,117,33,67,0,0,0,0,0,0,0,0,-32300,0,0,0,0,0,1317026,0
1316083,1530,7880,650,-148,1079,2,13388,-6,4,47,8,36280,117,33,67,0,0,0,0,0,0,0,0,-32301,0,0,0,0,0,1317031,0
1316088,1500,7910,646,-149,1058,9,13388,0,4,47,16,36280,118,33,67,0,0,0,0,0,0,0,0,-32300,0,0,0,0,0,1317036,0
1316093,1526,7940,700,-146,1049,10,13389,1,-7,47,16,36280,118,33,67,0,0,0,0,0,0,0,0,-32300,0,0,0,0,0,1317042,0
1316098,1528,7972,702,-137,1040,9,13389,3,2,47,8,36276,122,33,67,0,0,0,0,0,0,0,0,-32300,0,0,0,0,0,1317048,0
1316103,1506,7990,652,-136,1026,12,13389,3,2,46,16,36276,122,33,67,0,0,0,0,0,0,0,0,-32300,0,0,0,0,0,1317053,0
1316108,1574,8038,690,-131,999,8,13389,3,3,47,8,36279,122,33,67,0,0,0,0,0,0,0,0,-32301,0,0,0,0,0,1317058,0
1316113,1612,8028,654,-131,983,12,13389,3,1,47,8,36279,122,33,67,0,0,0,0,0,0,0,0,-32300,0,0,0,0,0,1317064,0
1316118,1606,8058,662,-125,972,9,13388,-4,-3,45,8,36281,132,33,67,0,0,0,0,0,0,0,0,-32300,0,0,0,0,0,1317069,0
1316123,1612,8030,646,-127,953,11,13389,2,-4,46,8,36281,132,33,67,0,0,0,0,0,0,0,0,-32300,0,0,0,0,0,1317074,0
1316128,1638,7992,656,-120,925,0,13388,0,1,45,8,36281,131,33,67,0,0,0,0,0,0,0,0,-32300,0,0,0,0,0,1317080,0
1316133,1742,8000,598,-122,913,4,13389,1,0,47,8,36281,131,33,67,0,0,0,0,0,0,0,0,-32301,0,0,0,0,0,1317085,0
1316138,1760,8008,616,-115,903,-8,13388,-2,-2,45,16,36282,129,33,67,0,0,0,0,0,0,0,0,-32301,0,0,0,0,0,1317091,0
1316143,1678,8010,714,-124,887,-3,13388,1,2,47,8,36282,129,33,67,0,0,0,0,0,0,0,0,-32300,0,0,0,0,0,1317096,0
1316148,1634,7984,728,-119,861,-11,13390,7,-1,46,16,36282,133,33,67,0,0,0,0,0,0,0,0,-32301,0,0,0,0,0,1317102,0
1316153,1682,7984,666,-114,843,-10,13389,5,3,48,16,36282,133,33,67,0,0,0,0,0,0,0,0,-32300,0,0,0,0,0,1317107,0
1316158,1698,7924,664,-117,830,-12,13388,1,-2,49,8,36280,131,33,67,0,0,0,0,0,0,0,0,-32300,0,0,0,0,0,1317112,0
1316163,1524,7916,702,-108,821,-26,13389,1,-3,46,16,36280,131,33,67,0,0,0,0,0,0,0,0,-32300,0,0,0,0,0,1317118,0
1316168,1712,7898,694,-110,783,-19,13389,-4,-1,45,8,36279,127,33,67,0,0,0,0,0,0,0,0,-32301,0,0,0,0,0,1317124,0
1316173,1688,7874,668,-108,771,-29,13388,0,-2,44,8,36279,127,33,67,0,0,0,0,0,0,0,0,-32300,0,0,0,0,0,1317129,0
1316178,1602,7798,734,-104,762,-28,13389,3,-2,46,8,36279,119,33,67,0,0,0,0,0,0,0,0,-32300,0,0,0,0,0,1317134,0
1316183,1700,7858,692,-109,743,-25,13388,-1,0,47,16,36279,119,33,67,0,0,0,0,0,0,0,0,-32301,0,0,0,0,0,1317139,0
1316188,1606,7802,750,-101,715,-28,13389,0,2,46,8,36278,117,33,67,0,0,0,0,0,0,0,0,-32301,0,0,0,0,0,1317145,0
1316193,1576,7842,756,-101,698,-36,13388,-4,1,49,8,36278,117,33,67,0,0,0,0,0,0,0,0,-32301,0,0,0,0,0,1317151,0
1316198,1514,7834,726,-106,681,-39,13388,3,1,46,8,36272,124,33,67,0,0,0,0,0,0,0,0,-32301,0,0,0,0,0,1317157,0
1316203,1516,7798,790,-97,671,-34,13388,-2,1,45,16,36272,124,33,67,0,0,0,0,0,0,0,0,-32301,0,0,0,0,0,1317162,0
1316208,1534,7798,770,-100,632,-32,13388,-3,0,46,8,36272,128,33,67,0,0,0,0,0,0,0,0,-32301,0,0,0,0,0,1317168,0
1316213,1536,7830,758,-92,622,-33,13389,2,-1,46,8,36272,128,33,67,0,0,0,0,0,0,0,0,-32300,0,0,0,0,0,1317173,0
1316218,1512,7830,772,-99,602,-26,13388,-7,3,46,8,36273,130,33,67,0,0,0,0,0,0,0,0,-32301,0,0,0,0,0,1317178,0
1316223,1508,7824,770,-98,590,-28,13388,0,0,44,8,36273,130,33,67,0,0,0,0,0,0,0,0,-32300,0,0,0,0,0,1317184,0
1316228,1542,7922,742,-96,553,-26,13389,-1,0,46,8,36278,122,33,67,0,0,0,0,0,0,0,0,-32300,0,0,0,0,0,1317189,0
1316233,1440,7872,786,-92,536,-25,13390,3,-1,46,16,36278,122,33,67,0,0,0,0,0,0,0,0,-32300,0,0,0,0,0,1317195,0
1316238,1442,7890,778,-92,526,-25,13387,-4,0,47,16,36279,126,33,67,0,0,0,0,0,0,0,0,-32300,0,0,0,0,0,1317200,0
1316243,1432,7884,804,-96,500,-19,13388,-2,2,48,8,36279,126,33,67,0,0,0,0,0,0,0,0,-32300,0,0,0,0,0,1317205,0
1316248,1432,7890,820,-94,472,-20,13389,9,1,47,16,36279,132,33,67,0,0,0,0,0,0,0,0,-32301,0,0,0,0,0,1317211,0
1316253,1406,7886,810,-90,452,-18,13389,1,6,45,16,36279,132,33,67,0,0,0,0,0,0,0,0,-32301,0,0,0,0,0,1317216,0
1316258,1422,7900,824,-92,442,-16,13388,-2,3,46,16,36277,130,33,67,0,0,0,0,0,0,0,0,-32301,0,0,0,0,0,1317222,0
1316263,1436,7888,824,-90,425,-14,13389,0,-3,46,16,36277,130,33,67,0,0,0,0,0,0,0,0,-32300,0,0,0,0,0,1317227,0
1316268,1442,7896,812,-91,395,-10,13388,-1,-1,46,8,36282,130,33,67,0,0,0,0,0,0,0,0,-32300,0,0,0,0,0,1317232,0
1316273,1446,7958,798,-94,382,-8,13388,-1,2,43,16,36282,130,33,67,0,0,0,0,0,0,0,0,-32301,0,0,0,0,0,1317238,0
1316278,1454,7950,792,-88,371,-11,13389,0,1,45,8,36283,132,33,67,0,0,0,0,0,0,0,0,-32301,0,0,0,0,0,1317243,0
1316283,1438,7942,820,-94,352,-5,13389,0,2,48,16,36283,132,33,67,0,0,0,0,0,0,0,0,-32300,0,0,0,0,0,1317248,0
1316288,1454,7946,814,-91,327,-1,13388,-1,2,47,16,36284,136,33,67,0,0,0,0,0,0,0,0,-32300,0,0,0,0,0,1317254,0
1316293,1474,7930,830,-89,314,-5,13387,-4,-4,48,8,36284,136,33,67,0,0,0,0,0,0,0,0,-32300,0,0,0,0,0,1317259,0
1316298,1494,7936,868,-93,305,0,13389,4,4,47,8,36283,132,33,67,0,0,0,0,0,0,0,0,-32300,0,0,0,0,0,1317265,0
1316303,1504,7952,844,-90,297,-1,13389,-3,1,47,8,36283,132,33,67,0,0,0,0,0,0,0,0,-32300,0,0,0,0,0,1317270,0
1316308,1494,7934,852,-91,279,6,13389,-4,4,48,0,36281,130,33,67,0,0,0,0,0,0,0,0,-32300,0,0,0,0,0,1317275,0
1316313,1520,7938,846,-94,271,2,13388,-3,0,47,16,36281,130,33,67,0,0,0,0,0,0,0,0,-32300,0,0,0,0,0,1317281,0
1316318,1526,7934,850,-91,257,3,13386,-12,0,46,16,36280,123,33,67,0,0,0,0,0,0,0,0,-32300,0,0,0,0,0,1317286,0
1316323,1544,7920,858,-91,251,2,13389,10,2,47,8,36280,123,33,67,0,0,0,0,0,0,0,0,-32300,0,0,0,0,0,1317292,0
1316328,1558,7880,900,-90,235,3,13388,-5,2,46,8,36280,125,33,67,0,0,0,0,0,0,0,0,-32301,0,0,0,0,0,1317297,0
1316333,1536,7892,922,-88,227,6,13389,4,11,45,8,36280,125,33,67,0,0,0,0,0,0,0,0,-32300,0,0,0,0,0,1317302,0
1316338,1542,7882,916,-88,219,8,13389,0,-3,45,16,36283,129,33,67,0,0,0,0,0,0,0,0,-32300,0,0,0,0,0,1317308,0
1316343,1554,7892,936,-84,211,2,13389,-4,6,48,8,36283,129,33,67,0,0,0,0,0,0,0,0,-32300,0,0,0,0,0,1317313,0
1316348,1532,7880,938,-84,196,2,13388,-2,-4,46,16,36294,133,33,67,0,0,0,0,0,0,0,0,-32301,0,0,0,0,0,1317318,0
1316353,1550,7870,964,-82,181,8,13389,3,0,46,16,36294,133,33,67,0,0,0,0,0,0,0,0,-32300,0,0,0,0,0,1317324,0
1316358,1568,7906,938,-75,176,3,13388,-5,-1,45,16,36307,129,33,67,0,0,0,0,0,0,0,0,-32300,0,0,0,0,0,1317329,0
1316363,1562,7882,948,-72,169,7,13388,-2,-2,46,16,36307,129,33,67,0,0,0,0,0,0,0,0,-32300,0,0,0,0,0,1317334,0
1316368,1578,7892,976,-68,158,5,13388,-5,1,46,16,36309,123,33,67,0,0,0,0,0,0,0,0,-32300,0,0,0,0,0,1317339,0
1316373,1572,7900,988,-71,140,3,13389,-2,-2,45,16,36309,123,33,67,0,0,0,0,0,0,0,0,-32301,0,0,0,0,0,1317344,0
1316378,1550,7920,980,-66,136,6,13389,1,2,47,8,36299,122,33,67,0,0,0,0,0,0,0,0,-32300,0,0,0,0,0,1317349,0
1316383,1566,7882,996,-64,132,4,13388,-1,-2,47,8,36299,122,33,67,0,0,0,0,0,0,0,0,-32301,0,0,0,0,0,1317354,0
1316388,1576,7878,990,-62,122,10,13388,-3,-2,46,8,36288,121,33,67,0,0,0,0,0,0,0,0,-32300,0,0,0,0,0,1317359,0
1316393,1582,7854,988,-56,111,7,13388,2,-1,47,8,36288,121,33,67,0,0,0,0,0,0,0,0,-32301,0,0,0,0,0,1317364,0
1316398,1580,7892,998,-49,107,5,13389,1,0,46,8,36284,126,33,67,0,0,0,0,0,0,0,0,-32301,0,0,0,0,0,1317369,0
1316403,1580,7890,1004,-50,102,3,13388,0,1,46,8,36284,126,33,67,0,0,0,0,0,0,0,0,-32300,0,0,0,0,0,1317374,0
1316408,1594,7894,996,-50,95,4,13389,0,-2,46,8,36284,132,33,67,0,0,0,0,0,0,0,0,-32300,0,0,0,0,0,1317380,0
1316413,1622,7920,982,-46,90,3,13389,-1,-2,48,8,36284,132,33,67,0,0,0,0,0,0,0,0,-32300,0,0,0,0,0,1317385,0
1316418,1600,7916,974,-44,87,3,13388,-2,-1,44,16,36283,135,33,67,0,0,0,0,0,0,0,0,-32300,0,0,0,0,0,1317390,0
1316423,1616,7938,980,-43,83,4,13389,0,-2,46,8,36283,135,33,67,0,0,0,0,0,0,0,0,-32300,0,0,0,0,0,1317395,0
1316428,1652,7918,970,-38,80,-3,13388,-3,-1,46,8,36283,129,33,67,0,0,0,0,0,0,0,0,-32300,0,0,0,0,0,1317400,0
1316433,1632,7916,1002,-34,75,-1,13388,0,0,46,8,36283,129,33,67,0,0,0,0,0,0,0,0,-32300,0,0,0,0,0,1317405,0
1316438,1622,7930,986,-32,78,-4,13388,-2,-1,45,16,36282,126,33,67,0,0,0,0,0,0,0,0,-32300,0,0,0,0,0,1317410,0
1316443,1622,7934,972,-37,72,-7,13389,2,4,47,8,36282,126,33,67,0,0,0,0,0,0,0,0,-32300,0,0,0,0,0,1317415,0
1316448,1794,7954,924,-30,74,-4,13390,4,1,46,16,36284,131,33,67,0,0,0,0,0,0,0,0,-32300,0,0,0,0,0,1317420,0
1316453,1608,7968,1008,-31,70,0,13389,2,0,46,16,36284,131,33,67,0,0,0,0,0,0,0,0,-32301,0,0,0,0,0,1317425,0
