state_time,accelx,accely,accelz,gyrox,gyroy,gyroz,mot_ang,mot_vel,mot_acc,mot_cur,mot_volt,batt_volt,batt_curr,temperature,status_mn,status_ex,status_re,genvar_0,genvar_1,genvar_2,genvar_3,genvar_4,genvar_5,genvar_6,genvar_7,genvar_8,genvar_9,ank_ang,ank_vel,sys_time,event flags
182817,968,7912,924,-153,-80,-568,25554,-12,53,16,0,37072,132,28,65,0,0,0,0,0,0,0,0,-32309,0,0,0,0,0,1286,0
182822,930,7996,966,-161,-70,-573,25551,-11,15,24,0,37072,137,28,65,0,0,0,0,0,0,0,0,-32309,0,0,0,0,0,182822,0
182827,858,7934,870,-155,-75,-578,25545,-24,-6,38,0,37072,137,28,65,0,0,0,0,0,0,0,0,-32309,0,0,0,0,0,182827,0
182832,744,7938,844,-151,-70,-588,25536,-42,-21,65,0,37065,124,28,65,0,0,0,0,0,0,0,0,-32309,0,0,0,0,0,182832,0
182837,744,7992,1036,-166,-60,-583,25519,-77,-45,117,0,37065,124,28,65,0,0,0,0,0,0,0,0,-32309,0,0,0,0,0,182837,0
182842,640,8018,962,-158,-57,-589,25500,-77,-61,149,0,37062,117,28,65,0,0,0,0,0,0,0,0,-32309,0,0,0,0,0,182842,0
182847,688,7950,1028,-163,-53,-587,25487,-50,-54,120,0,37062,117,28,65,0,0,0,0,0,0,0,0,-32309,0,0,0,0,0,182847,0
182852,602,7882,854,-160,-45,-598,25474,-52,-19,97,0,37060,123,28,65,0,0,0,0,0,0,0,0,-32309,0,0,0,0,0,182852,0
182857,632,8060,1080,-178,-50,-592,25455,-80,1,118,0,37060,123,28,65,0,0,0,0,0,0,0,0,-32309,0,0,0,0,0,182857,0
182862,598,7988,908,-163,-42,-601,25436,-88,-3,140,0,37060,123,28,65,0,0,0,0,0,0,0,0,-32309,0,0,0,0,0,182862,0
182867,672,7800,902,-169,-38,-596,25423,-53,-4,101,0,37060,123,28,65,0,0,0,0,0,0,0,0,-32309,0,0,0,0,0,182867,0
182872,768,7914,796,-167,-21,-608,25418,-28,12,56,0,37058,133,28,65,0,0,0,0,0,0,0,0,-32309,0,0,0,0,0,182872,0
182877,812,7846,878,-186,-22,-610,25413,-25,42,50,0,37058,133,28,65,0,0,0,0,0,0,0,0,-32308,0,0,0,0,0,182877,0
182882,850,8268,1144,-193,-4,-609,25400,-62,35,83,0,37054,126,28,65,0,0,0,0,0,0,0,0,-32309,0,0,0,0,0,182882,0
182887,678,7948,820,-174,6,-623,25380,-88,-6,129,0,37054,126,28,65,0,0,0,0,0,0,0,0,-32309,0,0,0,0,0,182887,0
182892,472,7980,974,-198,26,-620,25363,-69,-44,122,0,37050,117,28,65,0,0,0,0,0,0,0,0,-32309,0,0,0,0,0,182892,0
182897,494,8070,1002,-193,36,-618,25351,-53,-32,91,0,37050,117,28,65,0,0,0,0,0,0,0,0,-32309,0,0,0,0,0,182897,0
182902,404,7968,892,-197,39,-613,25336,-73,-6,96,0,37050,123,28,65,0,0,0,0,0,0,0,0,-32309,0,0,0,0,0,182902,0
182907,378,7974,928,-202,49,-610,25313,-103,-7,133,0,37050,123,28,65,0,0,0,0,0,0,0,0,-32309,0,0,0,0,0,182907,0
182912,326,8054,962,-208,70,-607,25297,-76,-8,126,0,37050,126,28,65,0,0,0,0,0,0,0,0,-32309,0,0,0,0,0,182912,0
182917,358,8034,954,-215,76,-609,25285,-50,-4,87,0,37050,126,28,65,0,0,0,0,0,0,0,0,-32309,0,0,0,0,0,182917,0
182922,394,8084,944,-218,83,-605,25270,-66,5,97,0,37051,130,28,65,0,0,0,0,0,0,0,0,-32309,0,0,0,0,0,182922,0
182927,412,8054,970,-217,96,-603,25248,-99,4,138,0,37051,130,28,65,0,0,0,0,0,0,0,0,-32309,0,0,0,0,0,182927,0
182932,388,8074,1006,-218,113,-605,25232,-76,-2,132,0,37047,123,28,65,0,0,0,0,0,0,0,0,-32309,0,0,0,0,0,182932,0
182937,434,8080,1004,-227,119,-601,25217,-61,-13,101,0,37047,123,28,65,0,0,0,0,0,0,0,0,-32309,0,0,0,0,0,182937,0
182942,446,8108,1024,-230,124,-602,25196,-93,-13,129,0,37045,125,28,65,0,0,0,0,0,0,0,0,-32309,0,0,0,0,0,182942,0
182947,434,8106,1042,-228,136,-606,25169,-116,-23,167,0,37045,125,28,65,0,0,0,0,0,0,0,0,-32309,0,0,0,0,0,182947,0
182952,436,8154,1062,-233,159,-608,25143,-106,-32,163,0,37043,130,28,65,0,0,0,0,0,0,0,0,-32308,0,0,0,0,0,182952,0
182957,390,8134,1076,-243,160,-614,25113,-131,-50,194,0,37043,130,28,65,0,0,0,0,0,0,0,0,-32309,0,0,0,0,0,182957,0
182962,444,8232,1090,-230,173,-610,25083,-119,-40,189,0,37046,131,28,65,0,0,0,0,0,0,0,0,-32309,0,0,0,0,0,182962,0
182967,474,8230,1134,-247,187,-612,25052,-139,-17,200,0,37046,131,28,65,0,0,0,0,0,0,0,0,-32309,0,0,0,0,0,182967,0
182972,510,8118,1166,-254,199,-616,25022,-126,-14,217,0,37046,127,28,65,0,0,0,0,0,0,0,0,-32309,0,0,0,0,0,182972,0
182977,400,8122,1130,-236,206,-629,24989,-142,-12,228,0,37046,127,28,65,0,0,0,0,0,0,0,0,-32309,0,0,0,0,0,182977,0
182982,434,8036,1066,-244,213,-621,24961,-122,2,219,0,37043,120,28,65,0,0,0,0,0,0,0,0,-32309,0,0,0,0,0,182982,0
182987,404,8054,1050,-243,217,-635,24934,-124,7,198,0,37043,120,28,65,0,0,0,0,0,0,0,0,-32309,0,0,0,0,0,182987,0
182992,362,7986,1074,-244,234,-642,24903,-128,7,211,0,37040,125,28,65,0,0,0,0,0,0,0,0,-32309,0,0,0,0,0,182992,0
182997,290,7972,1134,-247,238,-632,24875,-119,5,200,0,37040,125,28,65,0,0,0,0,0,0,0,0,-32309,0,0,0,0,0,182997,0
183002,238,7940,1136,-252,251,-643,24842,-144,-5,206,0,37040,121,28,65,0,0,0,0,0,0,0,0,-32309,0,0,0,0,0,183002,0
183007,198,7918,1154,-254,250,-632,24816,-110,-1,177,0,37040,121,28,65,0,0,0,0,0,0,0,0,-32309,0,0,0,0,0,183007,0
183012,8,7866,1148,-252,269,-631,24789,-126,5,182,0,37039,128,28,65,0,0,0,0,0,0,0,0,-32309,0,0,0,0,0,183012,0
183017,32,7962,1214,-258,271,-628,24765,-104,21,170,0,37039,128,28,65,0,0,0,0,0,0,0,0,-32309,0,0,0,0,0,183017,0
183022,-104,7918,1166,-244,281,-632,24744,-101,30,160,0,37038,120,28,65,0,0,0,0,0,0,0,0,-32309,0,0,0,0,0,183022,0
183027,98,7994,1270,-262,282,-612,24718,-113,13,186,0,37038,120,28,65,0,0,0,0,0,0,0,0,-32309,0,0,0,0,0,183027,0
183032,-226,7900,1176,-252,295,-614,24699,-87,13,160,0,37038,122,28,65,0,0,0,0,0,0,0,0,-32309,0,0,0,0,0,183032,0
183037,6,8092,1356,-265,297,-602,24678,-88,15,144,0,37038,122,28,65,0,0,0,0,0,0,0,0,-32309,0,0,0,0,0,183037,0
183042,-166,7988,1244,-249,305,-612,24655,-102,4,157,0,37033,132,28,65,0,0,0,0,0,0,0,0,-32309,0,0,0,0,0,183042,0
183047,-294,7882,1224,-247,309,-594,24640,-63,23,119,0,37033,132,28,65,0,0,0,0,0,0,0,0,-32309,0,0,0,0,0,183047,0
183052,-110,8064,1300,-251,317,-596,24629,-54,35,87,0,37032,128,28,65,0,0,0,0,0,0,0,0,-32309,0,0,0,0,0,183052,0
183057,-304,7906,1220,-249,314,-589,24609,-80,21,119,0,37032,128,28,65,0,0,0,0,0,0,0,0,-32309,0,0,0,0,0,183057,0
183062,-134,8188,1438,-264,316,-572,24584,-107,-1,161,0,37032,120,28,65,0,0,0,0,0,0,0,0,-32309,0,0,0,0,0,183062,0
183067,-244,8056,1282,-243,322,-580,24560,-102,-27,156,0,37032,120,28,65,0,0,0,0,0,0,0,0,-32309,0,0,0,0,0,183067,0
183072,-330,8096,1342,-256,323,-563,24531,-133,-55,181,0,37034,122,28,65,0,0,0,0,0,0,0,0,-32308,0,0,0,0,0,183072,0
183077,-404,8024,1284,-236,321,-561,24503,-116,-40,184,0,37034,122,28,65,0,0,0,0,0,0,0,0,-32309,0,0,0,0,0,183077,0
183082,-248,8102,1410,-255,316,-548,24477,-119,-20,174,0,37034,115,28,65,0,0,0,0,0,0,0,0,-32309,0,0,0,0,0,183082,0
183087,-1192,8906,1686,-250,309,-591,24451,-120,-2,185,0,37034,115,28,65,0,0,0,0,0,0,0,0,-32309,0,0,0,0,0,183087,0
183092,-1708,8816,1498,-262,201,-517,24427,-101,6,162,0,37033,114,28,65,0,0,0,0,0,0,0,0,-32309,0,0,0,0,0,183092,0
183097,-1760,8504,930,-242,167,-523,24397,-141,1,188,0,37033,114,28,65,0,0,0,0,0,0,0,0,-32308,0,0,0,0,0,183097,0
183102,-1518,8504,1008,-221,149,-462,24361,-158,-31,216,0,37033,119,28,65,0,0,0,0,0,0,0,0,-32309,0,0,0,0,0,183102,0
183107,-1470,8268,1404,-229,112,-454,24316,-211,-62,273,0,37033,119,28,65,0,0,0,0,0,0,0,0,-32308,0,0,0,0,0,183107,0
183112,-1058,7778,1420,-210,40,-403,24257,-260,-114,349,0,37036,132,28,65,0,0,0,0,0,0,0,0,-32309,0,0,0,0,0,183112,0
183117,-788,7670,1640,-205,21,-387,24192,-288,-140,434,0,37036,132,28,65,0,0,0,0,0,0,0,0,-32309,0,0,0,0,0,183117,0
183122,-648,7526,1740,-201,10,-370,24120,-319,-139,476,0,37036,140,28,65,0,0,0,0,0,0,0,0,-32308,0,0,0,0,0,183122,0
183127,-472,7478,1716,-198,1,-363,24038,-369,-137,537,0,37036,140,28,65,0,0,0,0,0,0,0,0,-32309,0,0,0,0,0,183127,0
183132,-706,7632,1712,-179,0,-332,23947,-401,-125,612,0,37036,143,28,65,0,0,0,0,0,0,0,0,-32309,0,0,0,0,0,183132,0
183137,-956,7814,1718,-172,-8,-311,23850,-430,-125,704,0,37036,143,28,65,0,0,0,0,0,0,0,0,-32309,0,0,0,0,0,183137,0
183142,-1130,7864,1670,-164,-12,-289,23749,-447,-116,758,0,37037,134,28,65,0,0,0,0,0,0,0,0,-32309,0,0,0,0,0,183142,0
183147,-1272,7848,1648,-156,-21,-265,23646,-446,-85,754,0,37037,134,28,65,0,0,0,0,0,0,0,0,-32309,0,0,0,0,0,183147,0
183152,-1264,7942,1578,-136,-35,-209,23540,-470,-62,782,0,37040,125,28,65,0,0,0,0,0,0,0,0,-32309,0,0,0,0,0,183152,0
183157,-1196,8056,1580,-126,-48,-181,23430,-496,-49,888,0,37040,125,28,65,0,0,0,0,0,0,0,0,-32308,0,0,0,0,0,183157,0
183162,-988,7998,1586,-123,-58,-158,23317,-503,-51,962,0,37043,115,28,65,0,0,0,0,0,0,0,0,-32309,0,0,0,0,0,183162,0
183167,-932,7854,1612,-108,-67,-145,23202,-501,-53,969,0,37043,115,28,65,0,0,0,0,0,0,0,0,-32309,0,0,0,0,0,183167,0
183172,-758,7960,1614,-96,-70,-105,23084,-521,-46,1027,0,37044,105,28,65,0,0,0,0,0,0,0,0,-32309,0,0,0,0,0,183172,0
183177,-628,7890,1570,-98,-71,-92,22961,-539,-48,1122,0,37044,105,28,65,0,0,0,0,0,0,0,0,-32309,0,0,0,0,0,183177,0
183182,-732,7800,1566,-97,-72,-79,22835,-550,9,1147,0,37045,106,28,65,0,0,0,0,0,0,0,0,-32309,0,0,0,0,0,183182,0
183187,-644,7862,1586,-91,-63,-65,22707,-563,-18,1179,0,37045,106,28,65,0,0,0,0,0,0,0,0,-32308,0,0,0,0,0,183187,0
183192,-700,7946,1512,-84,-54,-32,22577,-572,-13,1274,0,37047,96,28,65,0,0,0,0,0,0,0,0,-32308,0,0,0,0,0,183192,0
183197,-728,7940,1490,-82,-48,-20,22446,-576,-59,1283,0,37047,96,28,65,0,0,0,0,0,0,0,0,-32309,0,0,0,0,0,183197,0
183202,-782,7976,1440,-81,-56,-4,22316,-571,-79,1288,0,37049,96,28,65,0,0,0,0,0,0,0,0,-32309,0,0,0,0,0,183202,0
183207,-792,7982,1418,-84,-45,11,22180,-592,-81,1329,0,37049,96,28,65,0,0,0,0,0,0,0,0,-32309,0,0,0,0,0,183207,0
183212,-706,7988,1380,-78,-49,34,22046,-596,-24,1330,0,37050,100,28,65,0,0,0,0,0,0,0,0,-32308,0,0,0,0,0,183212,0
183217,-646,7974,1346,-83,-46,50,21909,-601,-22,1353,0,37050,100,28,65,0,0,0,0,0,0,0,0,-32308,0,0,0,0,0,183217,0
183222,-596,7960,1324,-90,-51,64,21775,-599,-14,1399,0,37052,101,28,65,0,0,0,0,0,0,0,0,-32309,0,0,0,0,0,183222,0
183227,-510,7986,1348,-88,-51,63,21637,-602,-18,1392,0,37052,101,28,65,0,0,0,0,0,0,0,0,-32309,0,0,0,0,0,183227,0
183232,-398,7988,1330,-95,-36,80,21497,-623,-13,1445,0,37052,91,28,65,0,0,0,0,0,0,0,0,-32309,0,0,0,0,0,183232,0
183237,-374,8000,1334,-94,-33,90,21354,-631,-22,1489,0,37052,91,28,65,0,0,0,0,0,0,0,0,-32309,0,0,0,0,0,183237,0
183242,-354,8030,1302,-107,-27,88,21211,-627,-25,1468,0,37054,87,28,65,0,0,0,0,0,0,0,0,-32308,0,0,0,0,0,183242,0
183247,-290,8018,1280,-107,-25,94,21064,-646,-30,1549,0,37054,87,28,65,0,0,0,0,0,0,0,0,-32308,0,0,0,0,0,183247,0
183252,-278,8054,1266,-117,-16,97,20922,-626,-22,1555,0,37051,87,28,65,0,0,0,0,0,0,0,0,-32308,0,0,0,0,0,183252,0
183257,-182,8078,1282,-125,-12,101,20777,-631,-9,1505,0,37051,87,28,65,0,0,0,0,0,0,0,0,-32309,0,0,0,0,0,183257,0
183262,-146,8058,1280,-130,-10,98,20630,-649,0,1555,0,37052,98,28,65,0,0,0,0,0,0,0,0,-32310,0,0,0,0,0,183262,0
183267,-180,8032,1230,-135,-11,97,20487,-627,-7,1519,0,37052,98,28,65,0,0,0,0,0,0,0,0,-32309,0,0,0,0,0,183267,0
183272,-170,8024,1272,-141,-6,99,20342,-643,1,1511,0,37052,101,28,65,0,0,0,0,0,0,0,0,-32308,0,0,0,0,0,183272,0
183277,-160,8002,1286,-147,-2,90,20196,-646,0,1596,0,37052,101,28,65,0,0,0,0,0,0,0,0,-32308,0,0,0,0,0,183277,0
183282,-186,8004,1292,-156,-6,95,20051,-645,-1,1562,0,37052,96,28,65,0,0,0,0,0,0,0,0,-32310,0,0,0,0,0,183282,0
183287,-222,7994,1310,-161,-4,95,19906,-643,-1,1565,0,37052,96,28,65,0,0,0,0,0,0,0,0,-32310,0,0,0,0,0,183287,0
183292,-174,8004,1326,-171,-5,93,19760,-647,-2,1568,0,37054,105,28,65,0,0,0,0,0,0,0,0,-32309,0,0,0,0,0,183292,0
183297,-144,8004,1334,-177,-9,91,19618,-629,4,1505,0,37054,105,28,65,0,0,0,0,0,0,0,0,-32308,0,0,0,0,0,183297,0
183302,-158,7996,1354,-169,-17,88,19474,-628,8,1531,0,37055,110,28,65,0,0,0,0,0,0,0,0,-32308,0,0,0,0,0,183302,0
183307,-116,8032,1348,-183,-15,78,19332,-631,9,1527,0,37055,110,28,65,0,0,0,0,0,0,0,0,-32309,0,0,0,0,0,183307,0
183312,-104,7982,1412,-190,-28,73,19190,-626,11,1524,0,37055,109,28,65,0,0,0,0,0,0,0,0,-32310,0,0,0,0,0,183312,0
183317,-102,8000,1428,-186,-34,74,19045,-632,8,1563,0,37055,109,28,65,0,0,0,0,0,0,0,0,-32309,0,0,0,0,0,183317,0
183322,-104,8014,1440,-194,-35,62,18902,-631,0,1533,0,37057,109,28,65,0,0,0,0,0,0,0,0,-32308,0,0,0,0,0,183322,0
183327,-110,7998,1502,-190,-42,64,18756,-641,-12,1573,0,37057,109,28,65,0,0,0,0,0,0,0,0,-32308,0,0,0,0,0,183327,0
183332,-178,7932,1540,-197,-43,62,18613,-629,-4,1604,0,37058,98,28,65,0,0,0,0,0,0,0,0,-32309,0,0,0,0,0,183332,0
183337,-182,7928,1568,-187,-47,55,18472,-617,1,1521,0,37058,98,28,65,0,0,0,0,0,0,0,0,-32310,0,0,0,0,0,183337,0
183342,-196,7942,1624,-193,-46,53,18329,-629,1,1535,0,37057,96,28,65,0,0,0,0,0,0,0,0,-32309,0,0,0,0,0,183342,0
183347,-180,7924,1678,-191,-51,50,18186,-621,5,1506,0,37057,96,28,65,0,0,0,0,0,0,0,0,-32308,0,0,0,0,0,183347,0
183352,-156,7904,1718,-185,-57,50,18045,-622,8,1472,0,37051,95,28,65,0,0,0,0,0,0,0,0,-32308,0,0,0,0,0,183352,0
183357,-166,7914,1738,-186,-50,46,17901,-635,-4,1570,0,37051,95,28,65,0,0,0,0,0,0,0,0,-32309,0,0,0,0,0,183357,0
183362,-126,7910,1748,-177,-53,45,17758,-626,-2,1563,0,37051,98,28,65,0,0,0,0,0,0,0,0,-32310,0,0,0,0,0,183362,0
183367,-80,7954,1798,-169,-48,41,17613,-636,-5,1562,0,37051,98,28,65,0,0,0,0,0,0,0,0,-32309,0,0,0,0,0,183367,0
183372,-136,7962,1812,-163,-52,39,17465,-650,-21,1640,0,37050,96,28,65,0,0,0,0,0,0,0,0,-32309,0,0,0,0,0,183372,0
183377,-66,7966,1868,-161,-49,35,17317,-651,-27,1608,0,37050,96,28,65,0,0,0,0,0,0,0,0,-32308,0,0,0,0,0,183377,0
183382,20,7988,1880,-150,-42,31,17169,-654,-19,1633,0,37051,90,28,65,0,0,0,0,0,0,0,0,-32308,0,0,0,0,0,183382,0
183387,72,7978,1886,-141,-33,25,17020,-656,-15,1651,0,37051,90,28,65,0,0,0,0,0,0,0,0,-32309,0,0,0,0,0,183387,0
183392,46,7950,1830,-133,-34,13,16873,-652,-9,1605,0,37050,79,28,65,0,0,0,0,0,0,0,0,-32309,0,0,0,0,0,183392,0
183397,114,7980,1862,-130,-34,6,16724,-656,-4,1635,0,37050,79,28,65,0,0,0,0,0,0,0,0,-32309,0,0,0,0,0,183397,0
183402,106,7990,1912,-120,-32,-6,16576,-648,-1,1617,0,37052,86,28,65,0,0,0,0,0,0,0,0,-32308,0,0,0,0,0,183402,0
183407,102,7980,1942,-114,-30,-8,16426,-661,-5,1649,0,37052,86,28,65,0,0,0,0,0,0,0,0,-32308,0,0,0,0,0,183407,0
183412,96,7982,1894,-99,-26,-21,16274,-667,-5,1689,0,37056,97,28,65,0,0,0,0,0,0,0,0,-32309,0,0,0,0,0,183412,0
183417,52,8002,1900,-90,-23,-33,16125,-663,-8,1650,0,37056,97,28,65,0,0,0,0,0,0,0,0,-32310,0,0,0,0,0,183417,0
183422,38,7974,1840,-84,-21,-35,15976,-655,-2,1675,0,37066,83,28,65,0,0,0,0,0,0,0,0,-32309,0,0,0,0,0,183422,0
183427,48,7978,1852,-80,-24,-50,15829,-643,7,1616,0,37066,83,28,65,0,0,0,0,0,0,0,0,-32309,0,0,0,0,0,183427,0
183432,118,7984,1842,-73,-18,-60,15682,-640,15,1566,0,37065,81,28,65,0,0,0,0,0,0,0,0,-32308,0,0,0,0,0,183432,0
183437,-48,7850,1802,-70,-16,-72,15535,-638,11,1631,0,37065,81,28,65,0,0,0,0,0,0,0,0,-32309,0,0,0,0,0,183437,0
183442,-122,7974,1784,-59,-21,-85,15393,-627,22,1564,0,37066,74,28,65,0,0,0,0,0,0,0,0,-32309,0,0,0,0,0,183442,0
183447,10,7892,1784,-65,-10,-81,15248,-638,13,1563,0,37066,74,28,65,0,0,0,0,0,0,0,0,-32310,0,0,0,0,0,183447,0
183452,262,7934,1794,-51,-27,-139,15101,-642,9,1603,0,37063,84,28,65,0,0,0,0,0,0,0,0,-32309,0,0,0,0,0,183452,0
183457,1632,8000,1798,-43,-33,-217,14961,-612,8,1481,0,37063,84,28,65,0,0,0,0,0,0,0,0,-32308,0,0,0,0,0,183457,0
183462,2538,8028,1700,-55,-28,-222,14834,-562,34,1315,0,37055,91,28,65,0,0,0,0,0,0,0,0,-32308,0,0,0,0,0,183462,0
183467,1902,8158,1748,-48,-27,-299,14717,-499,86,1080,0,37055,91,28,65,0,0,0,0,0,0,0,0,-32309,0,0,0,0,0,183467,0
183472,778,8694,1892,-43,4,-366,14621,-419,155,789,0,37051,98,28,65,0,0,0,0,0,0,0,0,-32309,0,0,0,0,0,183472,0
183477,610,8694,1824,-38,9,-371,14539,-349,202,602,0,37051,98,28,65,0,0,0,0,0,0,0,0,-32309,0,0,0,0,0,183477,0
183482,460,8680,1702,-34,3,-376,14469,-296,231,469,0,37048,110,28,65,0,0,0,0,0,0,0,0,-32309,0,0,0,0,0,183482,0
183487,36,8552,1542,-22,-5,-396,14413,-238,231,371,0,37048,110,28,65,0,0,0,0,0,0,0,0,-32309,0,0,0,0,0,183487,0
183492,-328,8338,1654,-14,-52,-418,14368,-187,206,300,0,37044,120,28,65,0,0,0,0,0,0,0,0,-32309,0,0,0,0,0,183492,0
183497,-144,8182,1674,-5,-60,-426,14333,-147,192,243,0,37044,120,28,65,0,0,0,0,0,0,0,0,-32309,0,0,0,0,0,183497,0
183502,120,8038,1742,-7,-74,-437,14311,-86,175,175,0,37043,115,28,65,0,0,0,0,0,0,0,0,-32309,0,0,0,0,0,183502,0
183507,208,7890,1826,0,-71,-448,14302,-32,179,84,0,37043,115,28,65,0,0,0,0,0,0,0,0,-32309,0,0,0,0,0,183507,0
183512,90,7854,1918,3,-73,-464,14298,-19,170,40,0,37040,118,28,65,0,0,0,0,0,0,0,0,-32309,0,0,0,0,0,183512,0
183517,-88,7894,1874,10,-61,-467,14292,-29,138,35,0,37040,118,28,65,0,0,0,0,0,0,0,0,-32309,0,0,0,0,0,183517,0
183522,-374,7964,1862,14,-58,-466,14284,-38,82,52,0,37038,124,28,65,0,0,0,0,0,0,0,0,-32309,0,0,0,0,0,183522,0
183527,-626,8092,1848,14,-55,-460,14275,-42,16,69,0,37038,124,28,65,0,0,0,0,0,0,0,0,-32309,0,0,0,0,0,183527,0
183532,-770,7822,1678,21,-63,-450,14265,-35,-14,61,0,37037,125,28,65,0,0,0,0,0,0,0,0,-32309,0,0,0,0,0,183532,0
183537,-800,7910,1696,19,-65,-445,14264,-3,-3,25,0,37037,125,28,65,0,0,0,0,0,0,0,0,-32309,0,0,0,0,0,183537,0
183542,-664,7850,1702,25,-75,-431,14264,-2,22,0,0,37036,127,28,65,0,0,0,0,0,0,0,0,-32309,0,0,0,0,0,183542,0
183547,-654,7762,1674,22,-74,-422,14265,-1,42,-1,0,37036,127,28,65,0,0,0,0,0,0,0,0,-32309,0,0,0,0,0,183547,0
183552,-590,7926,1666,18,-64,-407,14264,0,34,0,0,37043,131,28,65,0,0,0,0,0,0,0,0,-32309,0,0,0,0,0,183552,0
183557,-616,7924,1654,17,-52,-407,14264,-3,17,0,0,37043,131,28,65,0,0,0,0,0,0,0,0,-32309,0,0,0,0,0,183557,0
183562,-708,7920,1616,17,-50,-393,14264,1,2,0,0,37053,133,28,65,0,0,0,0,0,0,0,0,-32308,0,0,0,0,0,183562,0
183567,-780,7950,1554,11,-41,-378,14264,1,1,-2,0,37053,133,28,65,0,0,0,0,0,0,0,0,-32309,0,0,0,0,0,183567,0
183572,-862,7936,1524,1,-34,-356,14264,6,4,-2,0,37052,141,28,65,0,0,0,0,0,0,0,0,-32309,0,0,0,0,0,183572,0
183577,-816,7828,1466,-2,-27,-335,14264,3,1,-1,0,37052,141,28,65,0,0,0,0,0,0,0,0,-32309,0,0,0,0,0,183577,0
183582,-890,7782,1490,-10,-26,-330,14264,0,1,-1,0,37049,130,28,65,0,0,0,0,0,0,0,0,-32309,0,0,0,0,0,183582,0
183587,-894,7814,1508,-16,-25,-313,14264,0,0,-1,0,37049,130,28,65,0,0,0,0,0,0,0,0,-32309,0,0,0,0,0,183587,0
183592,-952,7820,1556,-26,-14,-289,14264,-6,2,-3,0,37034,124,28,65,0,0,0,0,0,0,0,0,-32309,0,0,0,0,0,183592,0
183597,-820,7834,1528,-32,-8,-275,14264,0,-4,-2,0,37034,124,28,65,0,0,0,0,0,0,0,0,-32309,0,0,0,0,0,183597,0
183602,-842,7780,1510,-32,-11,-270,14264,0,-1,-2,0,37034,124,28,65,0,0,0,0,0,0,0,0,-32308,0,0,0,0,0,183602,0
183607,-860,7798,1540,-35,-8,-261,14265,9,-1,-1,0,37034,124,28,65,0,0,0,0,0,0,0,0,-32309,0,0,0,0,0,183607,0
183612,-886,7802,1594,-43,-13,-240,14265,5,5,-1,0,37034,132,28,65,0,0,0,0,0,0,0,0,-32309,0,0,0,0,0,183612,0
183617,-848,7796,1666,-46,-15,-228,14265,2,2,-1,0,37034,132,28,65,0,0,0,0,0,0,0,0,-32308,0,0,0,0,0,183617,0
183622,-764,7758,1692,-45,-16,-222,14264,1,-2,-2,0,37031,135,28,65,0,0,0,0,0,0,0,0,-32308,0,0,0,0,0,183622,0
183627,-722,7776,1742,-50,-14,-214,14264,-5,-2,-1,0,37031,135,28,65,0,0,0,0,0,0,0,0,-32309,0,0,0,0,0,183627,0
183632,-628,7804,1760,-44,-9,-207,14264,0,-4,0,0,37030,133,28,65,0,0,0,0,0,0,0,0,-32309,0,0,0,0,0,183632,0
183637,-642,7842,1794,-50,-6,-203,14264,-2,-1,0,0,37030,133,28,65,0,0,0,0,0,0,0,0,-32309,0,0,0,0,0,183637,0
183642,-560,7874,1802,-47,-6,-198,14264,3,-1,-1,0,37033,127,28,65,0,0,0,0,0,0,0,0,-32309,0,0,0,0,0,183642,0
183647,-544,7872,1796,-44,-6,-198,14263,-3,1,-2,0,37033,127,28,65,0,0,0,0,0,0,0,0,-32309,0,0,0,0,0,183647,0
183652,-466,7892,1850,-44,11,-195,14265,-2,0,-2,0,37033,130,28,65,0,0,0,0,0,0,0,0,-32309,0,0,0,0,0,183652,0
183657,-490,7858,1866,-40,13,-194,14264,3,0,-1,0,37033,130,28,65,0,0,0,0,0,0,0,0,-32309,0,0,0,0,0,183657,0
183662,-488,7866,1898,-32,16,-200,14264,-1,3,-3,0,37034,130,28,65,0,0,0,0,0,0,0,0,-32309,0,0,0,0,0,183662,0
183667,-486,7876,1924,-30,23,-197,14265,-1,-2,-3,0,37034,130,28,65,0,0,0,0,0,0,0,0,-32309,0,0,0,0,0,183667,0
183672,-444,7892,1938,-21,40,-201,14264,-3,1,-2,0,37034,124,28,65,0,0,0,0,0,0,0,0,-32309,0,0,0,0,0,183672,0
183677,-448,7848,1930,-21,45,-202,14265,-1,1,-1,0,37034,124,28,65,0,0,0,0,0,0,0,0,-32309,0,0,0,0,0,183677,0
183682,-430,7854,1930,-17,46,-203,14265,3,-3,-2,0,37036,127,28,65,0,0,0,0,0,0,0,0,-32309,0,0,0,0,0,183682,0
183687,-460,7842,1946,-11,46,-197,14264,-3,0,-1,0,37036,127,28,65,0,0,0,0,0,0,0,0,-32309,0,0,0,0,0,183687,0
183692,-490,7840,1954,1,57,-205,14265,-1,1,-1,0,37033,119,28,65,0,0,0,0,0,0,0,0,-32309,0,0,0,0,0,183692,0
183697,-556,7824,1952,3,50,-207,14265,8,0,0,0,37033,119,28,65,0,0,0,0,0,0,0,0,-32309,0,0,0,0,0,183697,0
183702,-556,7834,1956,11,50,-208,14264,0,2,-2,0,37034,120,28,65,0,0,0,0,0,0,0,0,-32309,0,0,0,0,0,183702,0
183707,-568,7818,1944,14,52,-212,14264,0,-1,-1,0,37034,120,28,65,0,0,0,0,0,0,0,0,-32309,0,0,0,0,0,183707,0
183712,-622,7812,1958,22,54,-211,14265,0,0,-1,0,37031,120,28,65,0,0,0,0,0,0,0,0,-32309,0,0,0,0,0,183712,0
183717,-616,7804,1966,40,45,-208,14265,2,1,0,0,37031,120,28,65,0,0,0,0,0,0,0,0,-32309,0,0,0,0,0,183717,0
183722,-640,7810,1966,35,39,-209,14264,-3,-2,-2,0,37030,122,28,65,0,0,0,0,0,0,0,0,-32309,0,0,0,0,0,183722,0
183727,-652,7804,2024,44,36,-216,14264,2,0,-1,0,37030,122,28,65,0,0,0,0,0,0,0,0,-32309,0,0,0,0,0,183727,0
183732,-708,7796,2020,60,22,-212,14263,-3,0,-1,0,37027,122,28,65,0,0,0,0,0,0,0,0,-32309,0,0,0,0,0,183732,0
183737,-734,7796,2014,67,19,-213,14264,0,2,-3,0,37027,122,28,65,0,0,0,0,0,0,0,0,-32309,0,0,0,0,0,183737,0
183742,-722,7786,2022,79,18,-210,14265,-1,-2,-3,0,37036,131,28,65,0,0,0,0,0,0,0,0,-32309,0,0,0,0,0,183742,0
183747,-788,7766,2028,90,2,-215,14264,1,1,-2,0,37036,131,28,65,0,0,0,0,0,0,0,0,-32309,0,0,0,0,0,183747,0
183752,-724,7826,2032,98,-10,-207,14264,-2,-1,-2,0,37037,130,28,65,0,0,0,0,0,0,0,0,-32309,0,0,0,0,0,183752,0
183757,-532,7858,2012,103,-17,-199,14263,-1,-1,-1,0,37037,130,28,65,0,0,0,0,0,0,0,0,-32309,0,0,0,0,0,183757,0
183762,-896,7792,1956,121,-24,-213,14264,0,0,0,0,37037,130,28,65,0,0,0,0,0,0,0,0,-32309,0,0,0,0,0,183762,0
183767,-778,7828,2084,118,-33,-188,14263,-4,-1,-2,0,37037,130,28,65,0,0,0,0,0,0,0,0,-32309,0,0,0,0,0,183767,0
183772,-892,7766,1932,141,-41,-196,14263,-6,3,-2,0,37029,134,28,65,0,0,0,0,0,0,0,0,-32309,0,0,0,0,0,183772,0
183777,-826,7860,2006,138,-50,-187,14266,0,0,-1,0,37029,134,28,65,0,0,0,0,0,0,0,0,-32309,0,0,0,0,0,183777,0
183782,-912,7808,1912,150,-55,-184,14264,0,2,-2,0,37031,132,28,65,0,0,0,0,0,0,0,0,-32309,0,0,0,0,0,183782,0
183787,-874,7824,1930,162,-50,-181,14265,-1,0,-1,0,37031,132,28,65,0,0,0,0,0,0,0,0,-32309,0,0,0,0,0,183787,0
183792,-982,7752,1860,169,-57,-180,14264,2,-2,-2,0,37030,131,28,65,0,0,0,0,0,0,0,0,-32309,0,0,0,0,0,183792,0
183797,-874,7864,1920,170,-60,-156,14264,1,1,-3,0,37030,131,28,65,0,0,0,0,0,0,0,0,-32309,0,0,0,0,0,183797,0
183802,-870,7788,1870,173,-66,-156,14266,9,2,-2,0,37031,134,28,65,0,0,0,0,0,0,0,0,-32309,0,0,0,0,0,183802,0
183807,-934,7790,1858,178,-62,-153,14264,0,0,-3,0,37031,134,28,65,0,0,0,0,0,0,0,0,-32309,0,0,0,0,0,183807,0
183812,-1044,7720,1804,187,-61,-145,14264,-1,0,-1,0,37030,129,28,65,0,0,0,0,0,0,0,0,-32309,0,0,0,0,0,183812,0
183817,-952,7798,1852,185,-62,-118,14263,6,-1,-2,0,37030,129,28,65,0,0,0,0,0,0,0,0,-32309,0,0,0,0,0,183817,0
183822,-1048,7786,1764,193,-59,-126,14264,0,-3,-1,0,37029,136,28,65,0,0,0,0,0,0,0,0,-32309,0,0,0,0,0,183822,0
183827,-1006,7752,1802,183,-57,-105,14264,-2,1,-1,0,37029,136,28,65,0,0,0,0,0,0,0,0,-32309,0,0,0,0,0,183827,0
183832,-926,7848,1838,184,-57,-77,14265,1,2,-2,0,37027,129,28,65,0,0,0,0,0,0,0,0,-32309,0,0,0,0,0,183832,0
183837,-1030,7792,1824,187,-56,-76,14265,2,2,-2,0,37027,129,28,65,0,0,0,0,0,0,0,0,-32309,0,0,0,0,0,183837,0
183842,-1210,7856,1720,190,-50,-74,14264,-2,-4,-1,0,37027,120,28,65,0,0,0,0,0,0,0,0,-32309,0,0,0,0,0,183842,0
183847,-1136,7768,1734,193,-45,-48,14264,5,2,-2,0,37027,120,28,65,0,0,0,0,0,0,0,0,-32309,0,0,0,0,0,183847,0
183852,-1006,7788,1764,190,-32,-32,14265,-4,-4,-2,0,37033,126,28,65,0,0,0,0,0,0,0,0,-32309,0,0,0,0,0,183852,0
183857,-1020,7810,1704,192,-21,-26,14263,-5,0,-1,0,37033,126,28,65,0,0,0,0,0,0,0,0,-32309,0,0,0,0,0,183857,0
183862,-1044,7846,1724,195,-23,-17,14264,-1,1,-1,0,37035,119,28,65,0,0,0,0,0,0,0,0,-32309,0,0,0,0,0,183862,0
183867,-1050,7830,1704,189,-16,-3,14264,-1,4,-2,0,37035,119,28,65,0,0,0,0,0,0,0,0,-32309,0,0,0,0,0,183867,0
183872,-964,7876,1648,187,-19,11,14264,-1,-2,0,0,37034,122,28,65,0,0,0,0,0,0,0,0,-32309,0,0,0,0,0,183872,0
183877,-954,7876,1668,188,-14,18,14264,4,4,-2,0,37034,122,28,65,0,0,0,0,0,0,0,0,-32309,0,0,0,0,0,183877,0
183882,-942,7882,1674,189,-17,27,14265,4,2,-3,0,37028,123,28,65,0,0,0,0,0,0,0,0,-32309,0,0,0,0,0,183882,0
183887,-946,7922,1662,183,-15,35,14265,0,2,-2,0,37028,123,28,65,0,0,0,0,0,0,0,0,-32308,0,0,0,0,0,183888,0
183892,-894,7884,1654,187,-15,38,14264,0,-2,-1,0,37028,113,28,65,0,0,0,0,0,0,0,0,-32309,0,0,0,0,0,183894,0
183897,-832,7916,1630,186,-11,47,14264,2,0,-1,0,37028,113,28,65,0,0,0,0,0,0,0,0,-32309,0,0,0,0,0,183899,0
183902,-840,7906,1660,179,-10,52,14264,-6,0,-1,0,37027,114,28,65,0,0,0,0,0,0,0,0,-32309,0,0,0,0,0,183904,0
183907,-804,7896,1616,181,-4,56,14265,0,2,0,0,37027,114,28,65,0,0,0,0,0,0,0,0,-32308,0,0,0,0,0,183909,0
183912,-862,7882,1626,178,-1,65,14265,3,2,0,0,37028,123,28,65,0,0,0,0,0,0,0,0,-32309,0,0,0,0,0,183914,0
183917,-874,7888,1630,175,-9,68,14265,4,2,0,0,37028,123,28,65,0,0,0,0,0,0,0,0,-32309,0,0,0,0,0,183919,0
183922,-836,7924,1610,172,-3,70,14264,-8,0,0,0,37029,131,28,65,0,0,0,0,0,0,0,0,-32309,0,0,0,0,0,183924,0
183927,-832,7900,1584,176,-4,78,14264,-2,0,0,0,37029,131,28,65,0,0,0,0,0,0,0,0,-32309,0,0,0,0,0,183929,0
183932,-810,7938,1586,166,-5,81,14264,0,0,-1,0,37033,138,28,65,0,0,0,0,0,0,0,0,-32309,0,0,0,0,0,183934,0
183937,-786,7938,1568,165,-12,82,14264,2,-1,-1,0,37033,138,28,65,0,0,0,0,0,0,0,0,-32309,0,0,0,0,0,183939,0
183942,-774,7926,1590,165,-13,91,14264,0,0,-1,0,37033,128,28,65,0,0,0,0,0,0,0,0,-32309,0,0,0,0,0,183944,0
183947,-756,7920,1566,163,-8,91,14265,-3,1,-1,0,37033,128,28,65,0,0,0,0,0,0,0,0,-32309,0,0,0,0,0,183949,0
183952,-736,7952,1592,158,-7,94,14265,4,3,0,0,37036,123,28,65,0,0,0,0,0,0,0,0,-32309,0,0,0,0,0,183954,0
183957,-732,7930,1570,154,-13,96,14264,1,2,-1,0,37036,123,28,65,0,0,0,0,0,0,0,0,-32309,0,0,0,0,0,183959,0
183962,-712,7968,1560,152,-8,93,14263,-7,-2,-2,0,37033,134,28,65,0,0,0,0,0,0,0,0,-32309,0,0,0,0,0,183964,0
183967,-746,7960,1558,152,-19,100,14264,-1,3,-2,0,37033,134,28,65,0,0,0,0,0,0,0,0,-32309,0,0,0,0,0,183969,0
183972,-742,7924,1534,145,-21,98,14265,1,3,-2,0,37031,130,28,65,0,0,0,0,0,0,0,0,-32309,0,0,0,0,0,183974,0
183977,-714,7926,1530,144,-21,95,14264,0,0,-2,0,37031,130,28,65,0,0,0,0,0,0,0,0,-32309,0,0,0,0,0,183979,0
183982,-746,7966,1504,138,-26,97,14264,1,3,-3,0,37026,124,28,65,0,0,0,0,0,0,0,0,-32309,0,0,0,0,0,183984,0
183987,-744,7950,1518,137,-30,100,14263,-5,-2,-2,0,37026,124,28,65,0,0,0,0,0,0,0,0,-32309,0,0,0,0,0,183989,0
183992,-744,7932,1498,124,-30,102,14264,-5,-2,-1,0,37025,119,28,65,0,0,0,0,0,0,0,0,-32309,0,0,0,0,0,183994,0
183997,-716,7948,1510,125,-27,101,14263,-7,-2,0,0,37025,119,28,65,0,0,0,0,0,0,0,0,-32309,0,0,0,0,0,183999,0
184002,-712,7940,1536,125,-37,103,14263,-6,-3,-2,0,37027,121,28,65,0,0,0,0,0,0,0,0,-32309,0,0,0,0,0,184004,0
184007,-714,7950,1490,119,-35,97,14263,1,-4,-1,0,37027,121,28,65,0,0,0,0,0,0,0,0,-32309,0,0,0,0,0,184009,0
184012,-668,7974,1506,113,-34,99,14264,-1,0,0,0,37028,126,28,65,0,0,0,0,0,0,0,0,-32309,0,0,0,0,0,184014,0
184017,-670,7966,1518,112,-32,96,14263,-7,1,0,0,37028,126,28,65,0,0,0,0,0,0,0,0,-32309,0,0,0,0,0,184020,0
184022,-642,7978,1522,101,-34,103,14263,-4,-1,0,0,37024,130,28,65,0,0,0,0,0,0,0,0,-32309,0,0,0,0,0,184025,0
184027,-628,7984,1520,101,-35,100,14264,0,-2,-1,0,37024,130,28,65,0,0,0,0,0,0,0,0,-32309,0,0,0,0,0,184030,0
184032,-644,7974,1512,98,-33,98,14263,-1,-2,-2,0,37025,122,28,65,0,0,0,0,0,0,0,0,-32309,0,0,0,0,0,184035,0
184037,-644,7990,1520,92,-31,103,14264,6,0,-1,0,37025,122,28,65,0,0,0,0,0,0,0,0,-32309,0,0,0,0,0,184040,0
184042,-644,7980,1538,90,-22,101,14264,4,4,-1,0,37027,120,28,65,0,0,0,0,0,0,0,0,-32309,0,0,0,0,0,184045,0
184047,-530,7950,1570,77,-27,104,14263,4,0,0,0,37027,120,28,65,0,0,0,0,0,0,0,0,-32308,0,0,0,0,0,184050,0
184052,-722,7994,1522,81,-23,92,14263,0,0,-2,0,37030,124,28,65,0,0,0,0,0,0,0,0,-32308,0,0,0,0,0,184055,0
184057,-672,7988,1522,76,-19,95,14263,-2,2,-2,0,37030,124,28,65,0,0,0,0,0,0,0,0,-32309,0,0,0,0,0,184060,0
184062,-666,7920,1600,68,-21,101,14263,1,1,-2,0,37034,128,28,65,0,0,0,0,0,0,0,0,-32309,0,0,0,0,0,184065,0
184067,-754,7860,1514,68,-17,94,14263,2,0,-1,0,37034,128,28,65,0,0,0,0,0,0,0,0,-32308,0,0,0,0,0,184070,0
184072,-702,7980,1544,69,-9,98,14264,9,0,0,0,37033,139,28,65,0,0,0,0,0,0,0,0,-32309,0,0,0,0,0,184075,0
184077,-634,7872,1612,64,-13,104,14264,0,4,-1,0,37033,139,28,65,0,0,0,0,0,0,0,0,-32309,0,0,0,0,0,184080,0
184082,-814,7826,1568,66,-8,89,14263,0,0,-1,0,37033,133,28,65,0,0,0,0,0,0,0,0,-32309,0,0,0,0,0,184085,0
184087,-658,7936,1554,65,-11,95,14262,-1,-4,-1,0,37033,133,28,65,0,0,0,0,0,0,0,0,-32309,0,0,0,0,0,184090,0
184092,-580,7922,1714,53,-12,104,14262,-7,-3,-1,0,37028,128,28,65,0,0,0,0,0,0,0,0,-32309,0,0,0,0,0,184095,0
184097,-662,7880,1626,61,-7,92,14263,0,2,0,0,37028,128,28,65,0,0,0,0,0,0,0,0,-32309,0,0,0,0,0,184100,0
184102,-768,7898,1564,63,-7,95,14262,-5,-2,0,0,37029,132,28,65,0,0,0,0,0,0,0,0,-32309,0,0,0,0,0,184105,0
184107,-718,7782,1592,59,-6,91,14263,3,1,0,0,37029,132,28,65,0,0,0,0,0,0,0,0,-32308,0,0,0,0,0,184110,0
184112,-730,7902,1580,60,-3,100,14263,4,0,0,0,37029,128,28,65,0,0,0,0,0,0,0,0,-32309,0,0,0,0,0,184115,0
184117,-568,7908,1630,58,-10,95,14262,-1,2,0,0,37029,128,28,65,0,0,0,0,0,0,0,0,-32309,0,0,0,0,0,184120,0
184122,-560,7954,1696,57,-14,89,14262,0,1,0,0,37029,134,28,65,0,0,0,0,0,0,0,0,-32309,0,0,0,0,0,184125,0
184127,-620,7958,1610,57,-8,96,14262,0,1,0,0,37029,134,28,65,0,0,0,0,0,0,0,0,-32309,0,0,0,0,0,184130,0
184132,-470,8032,1748,63,-10,87,14262,-2,-2,0,0,37028,127,28,65,0,0,0,0,0,0,0,0,-32309,0,0,0,0,0,184135,0
184137,-520,7974,1634,66,-6,85,14260,-7,-5,0,0,37028,127,28,65,0,0,0,0,0,0,0,0,-32309,0,0,0,0,0,184140,0
184142,-350,8034,1682,59,-7,91,14261,-1,-1,0,0,37028,125,28,65,0,0,0,0,0,0,0,0,-32308,0,0,0,0,0,184145,0
184147,-466,8086,1754,65,-5,77,14260,-1,0,0,0,37028,125,28,65,0,0,0,0,0,0,0,0,-32309,0,0,0,0,0,184150,0
184152,-558,8040,1652,73,-2,75,14261,0,-3,0,0,37026,125,28,65,0,0,0,0,0,0,0,0,-32309,0,0,0,0,0,184155,0
184157,-348,7968,1766,66,-5,79,14260,4,4,1,0,37026,125,28,65,0,0,0,0,0,0,0,0,-32309,0,0,0,0,0,184160,0
184162,-482,8052,1708,66,-13,70,14260,-9,1,-1,0,37025,125,28,65,0,0,0,0,0,0,0,0,-32308,0,0,0,0,0,184165,0
184167,-472,8084,1654,70,-7,70,14260,-7,1,-2,0,37025,125,28,65,0,0,0,0,0,0,0,0,-32309,0,0,0,0,0,184170,0
184172,-556,8014,1730,74,-13,68,14261,0,-1,0,0,37024,124,28,65,0,0,0,0,0,0,0,0,-32309,0,0,0,0,0,184175,0
184177,-544,7994,1658,75,-11,61,14260,-5,-1,0,0,37024,124,28,65,0,0,0,0,0,0,0,0,-32309,0,0,0,0,0,184180,0
184182,-570,7954,1674,79,-15,67,14260,1,1,-1,0,37026,130,28,65,0,0,0,0,0,0,0,0,-32309,0,0,0,0,0,184185,0
184187,-588,7944,1714,78,-15,55,14261,4,-1,-1,0,37026,130,28,65,0,0,0,0,0,0,0,0,-32309,0,0,0,0,0,184190,0
184192,-606,7922,1696,84,-15,59,14260,1,6,-2,0,37033,135,28,65,0,0,0,0,0,0,0,0,-32309,0,0,0,0,0,184195,0
184197,-614,7914,1736,89,-13,59,14260,-2,2,-1,0,37033,135,28,65,0,0,0,0,0,0,0,0,-32309,0,0,0,0,0,184200,0
184202,-638,7884,1694,90,-18,57,14260,4,-3,-1,0,37033,122,28,65,0,0,0,0,0,0,0,0,-32309,0,0,0,0,0,184205,0
184207,-624,7864,1718,88,-17,55,14260,4,1,0,0,37033,122,28,65,0,0,0,0,0,0,0,0,-32309,0,0,0,0,0,184210,0
184212,-634,7872,1676,94,-6,58,14260,3,4,0,0,37032,124,28,65,0,0,0,0,0,0,0,0,-32309,0,0,0,0,0,184215,0
184217,-640,7882,1714,92,-18,55,14259,-1,1,0,0,37032,124,28,65,0,0,0,0,0,0,0,0,-32308,0,0,0,0,0,184220,0
184222,-638,7882,1680,94,-11,56,14260,-4,1,-1,0,37030,127,28,65,0,0,0,0,0,0,0,0,-32309,0,0,0,0,0,184225,0
184227,-584,7906,1680,92,-6,56,14261,3,-4,-1,0,37030,127,28,65,0,0,0,0,0,0,0,0,-32310,0,0,0,0,0,184230,0
184232,-576,7786,1628,91,5,56,14259,-5,2,-2,0,37028,128,28,65,0,0,0,0,0,0,0,0,-32309,0,0,0,0,0,184235,0
184237,-648,7824,1728,88,1,62,14260,4,-2,-1,0,37028,128,28,65,0,0,0,0,0,0,0,0,-32309,0,0,0,0,0,184240,0
184242,-536,8030,1658,87,3,59,14260,0,-1,-2,0,37028,125,28,65,0,0,0,0,0,0,0,0,-32309,0,0,0,0,0,184245,0
184247,-536,8044,1638,89,8,52,14260,-1,5,-2,0,37028,125,28,65,0,0,0,0,0,0,0,0,-32309,0,0,0,0,0,184250,0
184252,-588,7962,1612,92,5,56,14261,1,1,-1,0,37029,123,28,65,0,0,0,0,0,0,0,0,-32309,0,0,0,0,0,184255,0
184257,-594,7986,1592,92,9,52,14262,10,1,0,0,37029,123,28,65,0,0,0,0,0,0,0,0,-32309,0,0,0,0,0,184260,0
184262,-620,7964,1576,86,4,59,14260,-5,1,0,0,37029,130,28,65,0,0,0,0,0,0,0,0,-32309,0,0,0,0,0,184265,0
184267,-670,7826,1646,86,10,51,14260,-1,0,-2,0,37029,130,28,65,0,0,0,0,0,0,0,0,-32309,0,0,0,0,0,184270,0
184272,-680,7970,1600,84,6,55,14260,0,0,-2,0,37036,135,28,65,0,0,0,0,0,0,0,0,-32309,0,0,0,0,0,184275,0
184277,-624,7970,1592,86,5,57,14260,0,4,0,0,37036,135,28,65,0,0,0,0,0,0,0,0,-32309,0,0,0,0,0,184280,0
184282,-534,7976,1656,88,7,55,14260,-1,-2,-1,0,37037,128,28,65,0,0,0,0,0,0,0,0,-32309,0,0,0,0,0,184285,0
184287,-560,7930,1636,86,2,52,14260,-3,-1,-1,0,37037,128,28,65,0,0,0,0,0,0,0,0,-32309,0,0,0,0,0,184290,0
184292,-624,7978,1664,89,0,49,14260,-1,-2,-1,0,37039,126,28,65,0,0,0,0,0,0,0,0,-32309,0,0,0,0,0,184295,0
184297,-618,7964,1676,89,-2,48,14259,-5,-1,0,0,37039,126,28,65,0,0,0,0,0,0,0,0,-32309,0,0,0,0,0,184300,0
184302,-576,7958,1652,94,-7,47,14260,-1,0,-2,0,37031,133,28,65,0,0,0,0,0,0,0,0,-32308,0,0,0,0,0,184305,0
184307,-536,7958,1676,88,-7,47,14260,-1,0,-1,0,37031,133,28,65,0,0,0,0,0,0,0,0,-32309,0,0,0,0,0,184310,0
184312,-506,7974,1680,98,-14,34,14260,0,7,-1,0,37029,127,28,65,0,0,0,0,0,0,0,0,-32309,0,0,0,0,0,184315,0
184317,-560,7946,1686,97,-18,39,14260,3,4,0,0,37029,127,28,65,0,0,0,0,0,0,0,0,-32309,0,0,0,0,0,184320,0
184322,-540,7960,1684,103,-11,38,14260,0,1,-1,0,37026,127,28,65,0,0,0,0,0,0,0,0,-32309,0,0,0,0,0,184325,0
184327,-562,7938,1688,103,-17,39,14260,-1,2,-2,0,37026,127,28,65,0,0,0,0,0,0,0,0,-32309,0,0,0,0,0,184330,0
184332,-548,7950,1690,100,-21,33,14261,0,2,-1,0,37026,126,28,65,0,0,0,0,0,0,0,0,-32309,0,0,0,0,0,184335,0
184337,-538,7948,1694,105,-22,33,14260,0,-1,-1,0,37026,126,28,65,0,0,0,0,0,0,0,0,-32309,0,0,0,0,0,184340,0
184342,-566,7932,1676,102,-20,31,14260,-1,2,-1,0,37027,121,28,65,0,0,0,0,0,0,0,0,-32309,0,0,0,0,0,184345,0
184347,-544,7924,1686,109,-19,30,14260,-2,-2,-1,0,37027,121,28,65,0,0,0,0,0,0,0,0,-32309,0,0,0,0,0,184350,0
184352,-554,7930,1704,115,-22,25,14259,-2,0,-2,0,37028,130,28,65,0,0,0,0,0,0,0,0,-32310,0,0,0,0,0,184355,0
184357,-524,7928,1656,109,-19,28,14261,-3,2,-2,0,37028,130,28,65,0,0,0,0,0,0,0,0,-32309,0,0,0,0,0,184360,0
184362,-564,7936,1676,107,-18,23,14260,-2,0,0,0,37026,131,28,65,0,0,0,0,0,0,0,0,-32310,0,0,0,0,0,184365,0
184367,-552,7918,1670,115,-18,22,14259,1,6,0,0,37026,131,28,65,0,0,0,0,0,0,0,0,-32309,0,0,0,0,0,184370,0
184372,-562,7898,1672,113,-4,21,14261,3,-3,-1,0,37032,134,28,65,0,0,0,0,0,0,0,0,-32309,0,0,0,0,0,184375,0
184377,-554,7944,1684,113,-8,22,14260,2,1,-1,0,37032,134,28,65,0,0,0,0,0,0,0,0,-32309,0,0,0,0,0,184380,0
184382,-574,7900,1686,115,-5,18,14260,-7,3,-3,0,37034,130,28,65,0,0,0,0,0,0,0,0,-32309,0,0,0,0,0,184385,0
184387,-556,7912,1654,115,1,21,14261,-1,-4,-2,0,37034,130,28,65,0,0,0,0,0,0,0,0,-32309,0,0,0,0,0,184390,0
184392,-548,7950,1630,115,5,15,14259,-1,-3,-2,0,37036,121,28,65,0,0,0,0,0,0,0,0,-32309,0,0,0,0,0,184395,0
184397,-572,7946,1640,117,6,17,14260,0,0,-1,0,37036,121,28,65,0,0,0,0,0,0,0,0,-32309,0,0,0,0,0,184400,0
184402,-606,7944,1650,112,9,15,14259,-3,-2,-1,0,37031,121,28,65,0,0,0,0,0,0,0,0,-32309,0,0,0,0,0,184405,0
184407,-584,7924,1642,117,14,15,14260,0,4,-1,0,37031,121,28,65,0,0,0,0,0,0,0,0,-32309,0,0,0,0,0,184410,0
184412,-620,7948,1632,116,13,18,14259,-1,0,-1,0,37028,132,28,65,0,0,0,0,0,0,0,0,-32309,0,0,0,0,0,184415,0
184417,-588,7978,1620,114,17,19,14259,0,6,0,0,37028,132,28,65,0,0,0,0,0,0,0,0,-32309,0,0,0,0,0,184420,0
184422,-620,7936,1630,118,21,17,14259,-2,4,-2,0,37027,133,28,65,0,0,0,0,0,0,0,0,-32309,0,0,0,0,0,184425,0
184427,-600,7972,1598,115,12,20,14261,0,2,-3,0,37027,133,28,65,0,0,0,0,0,0,0,0,-32309,0,0,0,0,0,184430,0
184432,-612,7968,1604,115,10,13,14260,-2,2,-2,0,37027,137,28,65,0,0,0,0,0,0,0,0,-32309,0,0,0,0,0,184435,0
184437,-612,7936,1614,112,13,16,14261,1,4,-2,0,37027,137,28,65,0,0,0,0,0,0,0,0,-32309,0,0,0,0,0,184440,0
184442,-600,7940,1622,115,6,12,14260,6,-4,-1,0,37031,137,28,65,0,0,0,0,0,0,0,0,-32309,0,0,0,0,0,184445,0
184447,-608,7956,1584,112,10,15,14261,3,1,-1,0,37031,137,28,65,0,0,0,0,0,0,0,0,-32309,0,0,0,0,0,184450,0
184452,-600,7938,1610,121,5,13,14260,2,1,-1,0,37033,141,28,65,0,0,0,0,0,0,0,0,-32309,0,0,0,0,0,184455,0
184457,-592,7962,1588,118,7,10,14260,-3,4,0,0,37033,141,28,65,0,0,0,0,0,0,0,0,-32309,0,0,0,0,0,184460,0
184462,-578,7996,1572,118,-2,10,14260,-6,0,-1,0,37031,134,28,65,0,0,0,0,0,0,0,0,-32309,0,0,0,0,0,184465,0
184467,-570,7968,1576,117,-3,9,14261,1,-5,-1,0,37031,134,28,65,0,0,0,0,0,0,0,0,-32308,0,0,0,0,0,184470,0
184472,-604,7972,1560,109,-3,8,14260,-7,0,-5,0,37031,135,28,65,0,0,0,0,0,0,0,0,-32308,0,0,0,0,0,184475,0
184477,-598,7974,1572,110,-6,6,14260,3,0,-5,0,37031,135,28,65,0,0,0,0,0,0,0,0,-32309,0,0,0,0,0,184480,0
184482,-628,7954,1562,111,-4,4,14260,-8,-2,-2,0,37030,128,28,65,0,0,0,0,0,0,0,0,-32309,0,0,0,0,0,184485,0
184487,-586,7962,1582,115,-7,2,14259,0,4,-2,0,37030,128,28,65,0,0,0,0,0,0,0,0,-32309,0,0,0,0,0,184490,0
184492,-588,7950,1566,113,-10,4,14260,7,2,-1,0,37030,131,28,65,0,0,0,0,0,0,0,0,-32308,0,0,0,0,0,184495,0
184497,-616,7968,1556,111,-8,9,14260,2,5,-1,0,37030,131,28,65,0,0,0,0,0,0,0,0,-32309,0,0,0,0,0,184500,0
184502,-614,7964,1556,104,-6,4,14260,0,4,0,0,37028,123,28,65,0,0,0,0,0,0,0,0,-32309,0,0,0,0,0,184505,0
184507,-594,8000,1570,107,-4,2,14259,-5,2,-1,0,37028,123,28,65,0,0,0,0,0,0,0,0,-32309,0,0,0,0,0,184510,0
184512,-588,7960,1556,106,-10,-1,14260,0,1,-1,0,37026,119,28,65,0,0,0,0,0,0,0,0,-32309,0,0,0,0,0,184515,0
184517,-598,7964,1564,106,-7,1,14260,-2,-1,0,0,37026,119,28,65,0,0,0,0,0,0,0,0,-32309,0,0,0,0,0,184520,0
184522,-650,7970,1568,104,-10,8,14260,2,6,-1,0,37027,130,28,65,0,0,0,0,0,0,0,0,-32309,0,0,0,0,0,184525,0
184527,-658,7942,1550,107,-15,2,14261,3,2,-1,0,37027,130,28,65,0,0,0,0,0,0,0,0,-32309,0,0,0,0,0,184530,0
184532,-632,7962,1568,105,-8,-5,14259,-6,6,0,0,37027,123,28,65,0,0,0,0,0,0,0,0,-32309,0,0,0,0,0,184535,0
184537,-644,7954,1548,100,-7,0,14261,3,-5,-1,0,37027,123,28,65,0,0,0,0,0,0,0,0,-32308,0,0,0,0,0,184540,0
184542,-644,7942,1540,103,-8,4,14259,0,0,-1,0,37027,123,28,65,0,0,0,0,0,0,0,0,-32309,0,0,0,0,0,184545,0
184547,-620,7954,1530,100,-8,4,14260,2,4,-2,0,37027,123,28,65,0,0,0,0,0,0,0,0,-32309,0,0,0,0,0,184550,0
184552,-632,7966,1548,94,-7,4,14260,-3,0,-2,0,37027,127,28,65,0,0,0,0,0,0,0,0,-32309,0,0,0,0,0,184555,0
184557,-624,7988,1534,97,-8,4,14261,2,3,-1,0,37027,127,28,65,0,0,0,0,0,0,0,0,-32309,0,0,0,0,0,184560,0
184562,-618,7970,1530,90,-8,5,14260,1,-3,0,0,37028,131,28,65,0,0,0,0,0,0,0,0,-32309,0,0,0,0,0,184565,0
184567,-658,7950,1534,89,-5,2,14261,0,-1,0,0,37028,131,28,65,0,0,0,0,0,0,0,0,-32309,0,0,0,0,0,184570,0
184572,-624,7988,1548,89,-3,6,14261,1,-2,0,0,37029,134,28,65,0,0,0,0,0,0,0,0,-32309,0,0,0,0,0,184575,0
184577,-624,7978,1540,88,-6,5,14260,-3,1,0,0,37029,134,28,65,0,0,0,0,0,0,0,0,-32309,0,0,0,0,0,184580,0
184582,-610,7990,1566,85,1,4,14260,0,-2,0,0,37031,137,28,65,0,0,0,0,0,0,0,0,-32309,0,0,0,0,0,184585,0
184587,-612,7976,1538,78,-7,7,14259,-1,0,-1,0,37031,137,28,65,0,0,0,0,0,0,0,0,-32309,0,0,0,0,0,184590,0
184592,-606,7994,1532,78,-8,2,14260,0,2,-3,0,37032,133,28,65,0,0,0,0,0,0,0,0,-32309,0,0,0,0,0,184595,0
184597,-622,7998,1532,84,0,3,14260,-3,-3,-1,0,37032,133,28,65,0,0,0,0,0,0,0,0,-32309,0,0,0,0,0,184600,0
184602,-642,7976,1546,81,1,6,14260,1,0,0,0,37029,140,28,65,0,0,0,0,0,0,0,0,-32309,0,0,0,0,0,184605,0
184607,-622,7980,1544,80,-1,8,14260,-1,-1,-1,0,37029,140,28,65,0,0,0,0,0,0,0,0,-32309,0,0,0,0,0,184610,0
184612,-622,7978,1562,71,-4,5,14260,-3,2,0,0,37025,141,28,65,0,0,0,0,0,0,0,0,-32309,0,0,0,0,0,184615,0
184617,-650,7946,1558,74,-5,6,14260,0,-2,0,0,37025,141,28,65,0,0,0,0,0,0,0,0,-32309,0,0,0,0,0,184620,0
184622,-660,7946,1578,77,-4,8,14260,-8,0,-1,0,37020,130,28,65,0,0,0,0,0,0,0,0,-32309,0,0,0,0,0,184625,0
184627,-684,7958,1562,76,-5,9,14260,1,1,0,0,37020,130,28,65,0,0,0,0,0,0,0,0,-32309,0,0,0,0,0,184630,0
184632,-656,7944,1570,73,-7,13,14261,7,3,-2,0,37020,128,28,65,0,0,0,0,0,0,0,0,-32309,0,0,0,0,0,184635,0
184637,-696,7954,1588,81,-7,8,14261,1,2,-1,0,37020,128,28,65,0,0,0,0,0,0,0,0,-32308,0,0,0,0,0,184640,0
184642,-694,7924,1602,79,-9,16,14259,-6,0,-1,0,37022,117,28,65,0,0,0,0,0,0,0,0,-32309,0,0,0,0,0,184645,0
184647,-702,7922,1610,78,-7,20,14260,-3,5,-1,0,37022,117,28,65,0,0,0,0,0,0,0,0,-32308,0,0,0,0,0,184650,0
184652,-724,7900,1622,76,-9,18,14260,-1,-1,-1,0,37022,114,28,65,0,0,0,0,0,0,0,0,-32309,0,0,0,0,0,184655,0
184657,-734,7910,1622,75,-11,24,14259,-6,2,0,0,37022,114,28,65,0,0,0,0,0,0,0,0,-32309,0,0,0,0,0,184660,0
184662,-730,7912,1600,76,-12,18,14260,-5,0,0,0,37019,125,28,65,0,0,0,0,0,0,0,0,-32308,0,0,0,0,0,184665,0
184667,-754,7904,1640,81,-9,26,14260,0,-1,0,0,37019,125,28,65,0,0,0,0,0,0,0,0,-32309,0,0,0,0,0,184670,0
184672,-720,7904,1648,87,-11,37,14260,0,2,-1,0,37019,139,28,65,0,0,0,0,0,0,0,0,-32309,0,0,0,0,0,184675,0
184677,-720,7924,1634,83,-15,36,14260,4,1,-1,0,37019,139,28,65,0,0,0,0,0,0,0,0,-32308,0,0,0,0,0,184680,0
184682,-714,7926,1624,86,-20,35,14260,-2,-1,-1,0,37019,140,28,65,0,0,0,0,0,0,0,0,-32309,0,0,0,0,0,184685,0
184687,-692,7930,1620,85,-13,37,14260,0,2,-1,0,37019,140,28,65,0,0,0,0,0,0,0,0,-32309,0,0,0,0,0,184690,0
184692,-724,7880,1624,89,-19,42,14260,0,-2,-1,0,37027,131,28,65,0,0,0,0,0,0,0,0,-32309,0,0,0,0,0,184695,0
184697,-722,7904,1622,89,-17,48,14261,5,-1,0,0,37027,131,28,65,0,0,0,0,0,0,0,0,-32309,0,0,0,0,0,184700,0
184702,-730,7934,1632,87,-18,53,14261,7,0,-2,0,37026,120,28,65,0,0,0,0,0,0,0,0,-32309,0,0,0,0,0,184705,0
184707,-752,7942,1620,94,-18,51,14259,-2,1,-1,0,37026,120,28,65,0,0,0,0,0,0,0,0,-32309,0,0,0,0,0,184710,0
184712,-724,7892,1662,98,-17,54,14259,-3,0,0,0,37021,123,28,65,0,0,0,0,0,0,0,0,-32309,0,0,0,0,0,184715,0
184717,-746,7914,1618,97,-20,57,14260,-4,1,0,0,37021,123,28,65,0,0,0,0,0,0,0,0,-32309,0,0,0,0,0,184720,0
184722,-738,7922,1662,103,-15,61,14261,2,2,-1,0,37017,126,28,65,0,0,0,0,0,0,0,0,-32309,0,0,0,0,0,184725,0
184727,-720,7894,1658,98,-22,64,14260,-1,4,-2,0,37017,126,28,65,0,0,0,0,0,0,0,0,-32309,0,0,0,0,0,184730,0
184732,-734,7908,1682,108,-23,68,14261,0,2,-3,0,37015,125,28,65,0,0,0,0,0,0,0,0,-32309,0,0,0,0,0,184735,0
184737,-738,7890,1672,110,-26,77,14260,5,1,-3,0,37015,125,28,65,0,0,0,0,0,0,0,0,-32309,0,0,0,0,0,184740,0
184742,-736,7910,1666,107,-22,78,14260,0,4,-3,0,37022,132,28,65,0,0,0,0,0,0,0,0,-32309,0,0,0,0,0,184745,0
184747,-760,7924,1682,110,-23,82,14262,4,1,-3,0,37022,132,28,65,0,0,0,0,0,0,0,0,-32309,0,0,0,0,0,184750,0
184752,-776,7906,1684,118,-31,84,14261,0,1,-3,0,37023,134,28,65,0,0,0,0,0,0,0,0,-32308,0,0,0,0,0,184755,0
184757,-756,7884,1684,119,-34,93,14261,-4,5,-3,0,37023,134,28,65,0,0,0,0,0,0,0,0,-32309,0,0,0,0,0,184760,0
184762,-798,7896,1692,125,-36,91,14263,4,-7,-3,0,37025,135,28,65,0,0,0,0,0,0,0,0,-32309,0,0,0,0,0,184765,0
184767,-768,7896,1690,124,-34,104,14260,-3,1,-3,0,37025,135,28,65,0,0,0,0,0,0,0,0,-32309,0,0,0,0,0,184770,0
184772,-776,7868,1690,133,-36,110,14261,-3,-1,-2,0,37026,137,28,65,0,0,0,0,0,0,0,0,-32309,0,0,0,0,0,184775,0
184777,-748,7920,1692,133,-39,113,14262,6,0,-2,0,37026,137,28,65,0,0,0,0,0,0,0,0,-32309,0,0,0,0,0,184780,0
184782,-754,7852,1670,132,-41,116,14262,1,6,-1,0,37027,135,28,65,0,0,0,0,0,0,0,0,-32308,0,0,0,0,0,184785,0
184787,-746,7886,1704,143,-39,123,14261,-8,2,-2,0,37027,135,28,65,0,0,0,0,0,0,0,0,-32309,0,0,0,0,0,184790,0
184792,-708,7892,1672,142,-44,125,14261,0,-3,-2,0,37026,132,28,65,0,0,0,0,0,0,0,0,-32309,0,0,0,0,0,184795,0
184797,-744,7928,1668,150,-49,131,14262,-4,3,-1,0,37026,132,28,65,0,0,0,0,0,0,0,0,-32309,0,0,0,0,0,184800,0
184802,-754,7922,1644,149,-51,129,14261,-4,0,-5,0,37025,125,28,65,0,0,0,0,0,0,0,0,-32309,0,0,0,0,0,184805,0
184807,-688,7916,1600,155,-51,139,14262,-2,1,0,0,37025,125,28,65,0,0,0,0,0,0,0,0,-32309,0,0,0,0,0,184810,0
184812,-634,7928,1580,153,-50,135,14263,4,-2,0,0,37027,120,28,65,0,0,0,0,0,0,0,0,-32309,0,0,0,0,0,184815,0
184817,-594,7934,1558,159,-55,138,14262,0,1,-1,0,37027,120,28,65,0,0,0,0,0,0,0,0,-32309,0,0,0,0,0,184820,0
184822,-556,7928,1538,149,-56,138,14263,7,0,-1,0,37027,119,28,65,0,0,0,0,0,0,0,0,-32309,0,0,0,0,0,184825,0
184827,-576,7952,1532,152,-54,132,14262,1,-1,-1,0,37027,119,28,65,0,0,0,0,0,0,0,0,-32309,0,0,0,0,0,184830,0
184832,-500,7976,1480,142,-57,134,14262,0,3,-1,0,37029,131,28,65,0,0,0,0,0,0,0,0,-32309,0,0,0,0,0,184835,0
184837,-518,8022,1464,137,-53,131,14261,-2,0,-3,0,37029,131,28,65,0,0,0,0,0,0,0,0,-32309,0,0,0,0,0,184840,0
184842,-470,7978,1420,141,-56,126,14261,-5,0,-2,0,37039,123,28,65,0,0,0,0,0,0,0,0,-32309,0,0,0,0,0,184845,0
184847,-506,7840,1410,131,-53,124,14262,-1,-1,-1,0,37039,123,28,65,0,0,0,0,0,0,0,0,-32309,0,0,0,0,0,184850,0
184852,-486,8046,1376,124,-49,121,14263,6,4,-2,0,37052,136,28,65,0,0,0,0,0,0,0,0,-32309,0,0,0,0,0,184855,0
184857,-484,7998,1372,118,-47,121,14261,-4,3,-1,0,37052,136,28,65,0,0,0,0,0,0,0,0,-32309,0,0,0,0,0,184860,0
184862,-604,7994,1388,112,-50,109,14261,-3,-2,0,0,37051,143,28,65,0,0,0,0,0,0,0,0,-32309,0,0,0,0,0,184865,0
184867,-418,8094,1338,107,-47,112,14261,0,0,-1,0,37051,143,28,65,0,0,0,0,0,0,0,0,-32309,0,0,0,0,0,184870,0
184872,-564,8016,1320,93,-43,95,14261,2,7,-2,0,37038,131,28,65,0,0,0,0,0,0,0,0,-32309,0,0,0,0,0,184875,0
184877,-392,8110,1280,88,-47,99,14262,3,4,0,0,37038,131,28,65,0,0,0,0,0,0,0,0,-32309,0,0,0,0,0,184880,0
184882,-338,8132,1200,82,-47,96,14262,-1,2,0,0,37027,129,28,65,0,0,0,0,0,0,0,0,-32309,0,0,0,0,0,184885,0
184887,-118,8134,1268,68,-41,95,14263,2,5,0,0,37027,129,28,65,0,0,0,0,0,0,0,0,-32309,0,0,0,0,0,184890,0
184892,-284,8136,1160,57,-38,72,14262,3,2,-1,0,37028,131,28,65,0,0,0,0,0,0,0,0,-32309,0,0,0,0,0,184895,0
184897,-322,8174,1206,52,-34,60,14261,2,-5,1,0,37028,131,28,65,0,0,0,0,0,0,0,0,-32308,0,0,0,0,0,184900,0
184902,-302,8094,1246,36,-35,56,14261,-1,-1,1,0,37029,119,28,65,0,0,0,0,0,0,0,0,-32309,0,0,0,0,0,184905,0
184907,-68,8068,1220,27,-30,57,14260,-10,0,0,0,37029,119,28,65,0,0,0,0,0,0,0,0,-32308,0,0,0,0,0,184910,0
184912,-294,8148,1184,16,-31,33,14261,0,0,1,0,37027,126,28,65,0,0,0,0,0,0,0,0,-32309,0,0,0,0,0,184915,0
184917,-330,8174,1186,1,-33,22,14261,-2,-2,0,0,37027,126,28,65,0,0,0,0,0,0,0,0,-32309,0,0,0,0,0,184920,0
184922,-274,8154,1208,-4,-29,18,14260,-2,-1,-1,0,37026,120,28,65,0,0,0,0,0,0,0,0,-32309,0,0,0,0,0,184925,0
184927,-242,8104,1182,-14,-33,2,14259,0,-2,0,0,37026,120,28,65,0,0,0,0,0,0,0,0,-32309,0,0,0,0,0,184930,0
184932,-272,8158,1216,-36,-31,-10,14260,0,-1,0,0,37024,138,28,65,0,0,0,0,0,0,0,0,-32309,0,0,0,0,0,184935,0
184937,-278,8130,1238,-43,-37,-15,14260,-3,5,-2,0,37024,138,28,65,0,0,0,0,0,0,0,0,-32309,0,0,0,0,0,184940,0
184942,-314,8114,1262,-49,-30,-22,14260,2,0,-2,0,37026,137,28,65,0,0,0,0,0,0,0,0,-32309,0,0,0,0,0,184945,0
184947,-358,8102,1260,-66,-36,-34,14260,0,-3,0,0,37026,137,28,65,0,0,0,0,0,0,0,0,-32309,0,0,0,0,0,184950,0
184952,-398,8078,1292,-72,-34,-40,14260,-1,2,-2,0,37029,127,28,65,0,0,0,0,0,0,0,0,-32309,0,0,0,0,0,184955,0
184957,-424,8104,1300,-77,-35,-44,14259,-4,1,0,0,37029,127,28,65,0,0,0,0,0,0,0,0,-32308,0,0,0,0,0,184960,0
184962,-412,8078,1298,-81,-29,-52,14260,-4,3,0,0,37028,124,28,65,0,0,0,0,0,0,0,0,-32309,0,0,0,0,0,184965,0
184967,-440,8072,1332,-89,-35,-52,14261,1,4,-2,0,37028,124,28,65,0,0,0,0,0,0,0,0,-32309,0,0,0,0,0,184970,0
184972,-466,8022,1428,-96,-43,-60,14260,-3,-1,-1,0,37026,126,28,65,0,0,0,0,0,0,0,0,-32309,0,0,0,0,0,184975,0
184977,-476,7992,1454,-101,-36,-68,14260,-5,2,-1,0,37026,126,28,65,0,0,0,0,0,0,0,0,-32309,0,0,0,0,0,184980,0
184982,-506,7964,1524,-101,-39,-65,14260,-2,-6,-2,0,37023,118,28,65,0,0,0,0,0,0,0,0,-32309,0,0,0,0,0,184985,0
184987,-546,7962,1518,-104,-45,-70,14260,0,0,-1,0,37023,118,28,65,0,0,0,0,0,0,0,0,-32309,0,0,0,0,0,184990,0
184992,-516,7940,1540,-106,-39,-70,14259,-3,1,-1,0,37023,124,28,65,0,0,0,0,0,0,0,0,-32309,0,0,0,0,0,184995,0
184997,-544,7934,1538,-105,-39,-76,14260,4,3,-1,0,37023,124,28,65,0,0,0,0,0,0,0,0,-32309,0,0,0,0,0,185000,0
185002,-542,7924,1576,-110,-40,-71,14259,-2,0,-1,0,37024,131,28,65,0,0,0,0,0,0,0,0,-32309,0,0,0,0,0,185005,0
185007,-530,7922,1594,-108,-30,-78,14260,1,3,-3,0,37024,131,28,65,0,0,0,0,0,0,0,0,-32309,0,0,0,0,0,185010,0
185012,-514,7932,1670,-111,-35,-79,14259,-1,-3,-3,0,37029,128,28,65,0,0,0,0,0,0,0,0,-32309,0,0,0,0,0,185015,0
185017,-506,7976,1684,-107,-24,-80,14260,3,0,1,0,37029,128,28,65,0,0,0,0,0,0,0,0,-32309,0,0,0,0,0,185021,0
185022,-468,7988,1694,-104,-19,-80,14259,-2,0,0,0,37027,131,28,65,0,0,0,0,0,0,0,0,-32309,0,0,0,0,0,185026,0
185027,-456,7970,1692,-106,-15,-84,14259,-4,4,0,0,37027,131,28,65,0,0,0,0,0,0,0,0,-32309,0,0,0,0,0,185031,0
185032,-446,8000,1736,-101,3,-89,14259,6,0,0,0,37028,125,28,65,0,0,0,0,0,0,0,0,-32309,0,0,0,0,0,185036,0
185037,-452,7992,1732,-94,4,-83,14259,-2,2,0,0,37028,125,28,65,0,0,0,0,0,0,0,0,-32308,0,0,0,0,0,185041,0
185042,-496,8000,1736,-96,13,-93,14259,-3,2,-1,0,37022,118,28,65,0,0,0,0,0,0,0,0,-32309,0,0,0,0,0,185046,0
185047,-518,7982,1752,-96,8,-92,14259,1,0,0,0,37022,118,28,65,0,0,0,0,0,0,0,0,-32309,0,0,0,0,0,185051,0
185052,-528,8010,1764,-86,18,-92,14259,0,-4,-1,0,37024,122,28,65,0,0,0,0,0,0,0,0,-32309,0,0,0,0,0,185056,0
185057,-628,8004,1732,-83,20,-99,14259,-7,4,-1,0,37024,122,28,65,0,0,0,0,0,0,0,0,-32309,0,0,0,0,0,185061,0
185062,-590,7938,1768,-85,19,-92,14259,2,1,-1,0,37027,126,28,65,0,0,0,0,0,0,0,0,-32309,0,0,0,0,0,185066,0
185067,-692,7932,1764,-72,24,-107,14259,4,2,-1,0,37027,126,28,65,0,0,0,0,0,0,0,0,-32309,0,0,0,0,0,185071,0
185072,-740,7950,1770,-69,25,-96,14259,3,1,-1,0,37026,132,28,65,0,0,0,0,0,0,0,0,-32309,0,0,0,0,0,185076,0
185077,-660,7944,1850,-63,24,-94,14258,-1,2,0,0,37026,132,28,65,0,0,0,0,0,0,0,0,-32309,0,0,0,0,0,185081,0
185082,-610,7944,1750,-59,22,-96,14258,-3,0,-1,0,37026,136,28,65,0,0,0,0,0,0,0,0,-32309,0,0,0,0,0,185086,0
185087,-652,7886,1810,-53,29,-91,14258,1,-1,-2,0,37026,136,28,65,0,0,0,0,0,0,0,0,-32309,0,0,0,0,0,185091,0
185092,-710,7796,1824,-45,34,-94,14259,2,-2,-2,0,37024,126,28,65,0,0,0,0,0,0,0,0,-32309,0,0,0,0,0,185096,0
185097,-662,7876,1890,-44,37,-77,14259,1,0,0,0,37024,126,28,65,0,0,0,0,0,0,0,0,-32308,0,0,0,0,0,185101,0
185102,-792,7852,1866,-32,30,-93,14258,-3,2,-2,0,37025,130,28,65,0,0,0,0,0,0,0,0,-32309,0,0,0,0,0,185106,0
185107,-786,7904,1870,-34,28,-75,14259,3,-1,-1,0,37025,130,28,65,0,0,0,0,0,0,0,0,-32309,0,0,0,0,0,185111,0
185112,-842,7818,1862,-24,27,-70,14257,-4,0,-3,0,37028,133,28,65,0,0,0,0,0,0,0,0,-32309,0,0,0,0,0,185116,0
185117,-818,7848,1770,-20,34,-73,14258,-3,-5,-3,0,37028,133,28,65,0,0,0,0,0,0,0,0,-32309,0,0,0,0,0,185121,0
185122,-828,7828,1842,-17,33,-63,14258,0,-1,-2,0,37028,127,28,65,0,0,0,0,0,0,0,0,-32309,0,0,0,0,0,185126,0
185127,-818,7832,1810,-12,32,-67,14258,-6,-1,-3,0,37028,127,28,65,0,0,0,0,0,0,0,0,-32309,0,0,0,0,0,185131,0
185132,-1008,7762,1818,-7,36,-67,14258,-2,-3,-2,0,37025,125,28,65,0,0,0,0,0,0,0,0,-32309,0,0,0,0,0,185136,0
185137,-806,7702,1824,-1,35,-48,14258,0,-1,-2,0,37025,125,28,65,0,0,0,0,0,0,0,0,-32308,0,0,0,0,0,185141,0
185142,-718,7888,1854,2,35,-43,14258,-3,-3,-1,0,37023,117,28,65,0,0,0,0,0,0,0,0,-32309,0,0,0,0,0,185146,0
185147,-446,7956,1880,1,35,-42,14259,1,1,-2,0,37023,117,28,65,0,0,0,0,0,0,0,0,-32309,0,0,0,0,0,185151,0
185152,-716,7886,1822,10,41,-44,14259,3,0,-2,0,37021,121,28,65,0,0,0,0,0,0,0,0,-32308,0,0,0,0,0,185156,0
185157,-710,7902,1846,15,45,-29,14259,-1,2,0,0,37021,121,28,65,0,0,0,0,0,0,0,0,-32309,0,0,0,0,0,185161,0
185162,-738,7870,1818,11,46,-29,14259,1,2,0,0,37021,128,28,65,0,0,0,0,0,0,0,0,-32309,0,0,0,0,0,185166,0
185167,-708,7946,1820,20,53,-24,14260,6,0,-3,0,37021,128,28,65,0,0,0,0,0,0,0,0,-32309,0,0,0,0,0,185171,0
185172,-754,7860,1786,23,56,-18,14259,-1,5,-2,0,37021,124,28,65,0,0,0,0,0,0,0,0,-32309,0,0,0,0,0,185176,0
185177,-802,7888,1796,19,62,-15,14259,2,1,-1,0,37021,124,28,65,0,0,0,0,0,0,0,0,-32309,0,0,0,0,0,185181,0
185182,-978,7862,1674,33,65,-18,14259,3,2,-2,0,37023,125,28,65,0,0,0,0,0,0,0,0,-32308,0,0,0,0,0,185186,0
185187,-878,7812,1714,34,74,-12,14259,2,2,-2,0,37023,125,28,65,0,0,0,0,0,0,0,0,-32309,0,0,0,0,0,185191,0
185192,-738,7828,1738,26,69,7,14259,2,0,-3,0,37028,125,28,65,0,0,0,0,0,0,0,0,-32309,0,0,0,0,0,185196,0
185197,-896,7906,1696,29,74,-3,14259,1,4,-2,0,37028,125,28,65,0,0,0,0,0,0,0,0,-32309,0,0,0,0,0,185201,0
185202,-850,7816,1742,35,74,6,14259,3,2,-4,0,37030,124,28,65,0,0,0,0,0,0,0,0,-32309,0,0,0,0,0,185206,0
185207,-834,7826,1762,36,74,13,14260,2,-2,-3,0,37030,124,28,65,0,0,0,0,0,0,0,0,-32308,0,0,0,0,0,185211,0
185212,-820,7834,1670,33,64,20,14259,2,0,-2,0,37029,118,28,65,0,0,0,0,0,0,0,0,-32309,0,0,0,0,0,185216,0
185217,-852,7854,1712,28,56,22,14261,7,0,-2,0,37029,118,28,65,0,0,0,0,0,0,0,0,-32309,0,0,0,0,0,185221,0
185222,-888,7858,1694,32,49,26,14259,-7,-2,-2,0,37031,120,28,65,0,0,0,0,0,0,0,0,-32309,0,0,0,0,0,185226,0
185227,-904,7836,1672,29,46,31,14260,7,6,-2,0,37031,120,28,65,0,0,0,0,0,0,0,0,-32308,0,0,0,0,0,185231,0
185232,-862,7892,1662,32,29,40,14260,0,-3,-1,0,37030,113,28,65,0,0,0,0,0,0,0,0,-32309,0,0,0,0,0,185236,0
185237,-846,7914,1634,29,24,42,14260,-1,1,-2,0,37030,113,28,65,0,0,0,0,0,0,0,0,-32309,0,0,0,0,0,185241,0
185242,-872,7908,1602,29,14,47,14261,5,-2,-2,0,37029,123,28,65,0,0,0,0,0,0,0,0,-32309,0,0,0,0,0,185246,0
185247,-812,7924,1582,31,9,49,14260,11,-1,-1,0,37029,123,28,65,0,0,0,0,0,0,0,0,-32309,0,0,0,0,0,185251,0
185252,-788,7950,1528,22,-6,53,14261,2,-4,-2,0,37025,129,28,65,0,0,0,0,0,0,0,0,-32309,0,0,0,0,0,185256,0
185257,-716,7954,1526,21,-16,50,14259,-2,-1,-2,0,37025,129,28,65,0,0,0,0,0,0,0,0,-32309,0,0,0,0,0,185261,0
185262,-682,7974,1518,19,-24,53,14260,1,0,-1,0,37025,132,28,65,0,0,0,0,0,0,0,0,-32309,0,0,0,0,0,185266,0
185267,-656,7944,1498,13,-25,51,14260,4,0,-2,0,37025,132,28,65,0,0,0,0,0,0,0,0,-32309,0,0,0,0,0,185271,0
185272,-602,8000,1494,4,-36,49,14262,9,0,-2,0,37024,138,28,65,0,0,0,0,0,0,0,0,-32309,0,0,0,0,0,185276,0
185277,-622,8026,1454,-1,-48,44,14260,-2,0,-1,0,37024,138,28,65,0,0,0,0,0,0,0,0,-32309,0,0,0,0,0,185281,0
185282,-606,8014,1430,-6,-52,43,14260,0,-1,-1,0,37026,135,28,65,0,0,0,0,0,0,0,0,-32309,0,0,0,0,0,185286,0
185287,-612,8012,1392,-19,-49,39,14260,1,-6,-1,0,37026,135,28,65,0,0,0,0,0,0,0,0,-32309,0,0,0,0,0,185291,0
185292,-630,8028,1370,-32,-59,32,14260,0,-2,-1,0,37025,130,28,65,0,0,0,0,0,0,0,0,-32309,0,0,0,0,0,185296,0
185297,-588,7992,1298,-48,-65,35,14261,2,-3,-2,0,37025,130,28,65,0,0,0,0,0,0,0,0,-32309,0,0,0,0,0,185301,0
185302,-650,8072,1302,-42,-74,31,14260,-2,1,-4,0,37024,135,28,65,0,0,0,0,0,0,0,0,-32309,0,0,0,0,0,185306,0
185307,-670,8178,1300,-60,-78,26,14259,-4,3,-4,0,37024,135,28,65,0,0,0,0,0,0,0,0,-32309,0,0,0,0,0,185311,0
185312,-692,8032,1202,-75,-99,20,14261,0,-5,-2,0,37024,126,28,65,0,0,0,0,0,0,0,0,-32309,0,0,0,0,0,185316,0
185317,-624,8032,1232,-91,-102,13,14262,10,2,-1,0,37024,126,28,65,0,0,0,0,0,0,0,0,-32309,0,0,0,0,0,185321,0
185322,-450,8100,1230,-104,-108,12,14262,7,4,-3,0,37023,124,28,65,0,0,0,0,0,0,0,0,-32309,0,0,0,0,0,185326,0
185327,-304,8232,1248,-109,-112,14,14261,6,-1,-6,0,37023,124,28,65,0,0,0,0,0,0,0,0,-32309,0,0,0,0,0,185331,0
185332,-630,8130,1236,-134,-113,-11,14259,-5,1,-4,0,37029,125,28,65,0,0,0,0,0,0,0,0,-32309,0,0,0,0,0,185336,0
185337,-632,8088,1244,-144,-122,-10,14260,-1,0,-5,0,37029,125,28,65,0,0,0,0,0,0,0,0,-32309,0,0,0,0,0,185341,0
185342,-526,8148,1342,-154,-135,-18,14262,2,-1,-4,0,37029,121,28,65,0,0,0,0,0,0,0,0,-32309,0,0,0,0,0,185346,0
185347,-256,8236,1358,-170,-142,-12,14261,-3,2,-2,0,37029,121,28,65,0,0,0,0,0,0,0,0,-32308,0,0,0,0,0,185351,0
185352,-204,8184,1358,-186,-146,-34,14262,5,1,-3,0,37028,118,28,65,0,0,0,0,0,0,0,0,-32308,0,0,0,0,0,185356,0
185357,-434,8106,1302,-191,-144,-57,14263,4,-2,-4,0,37028,118,28,65,0,0,0,0,0,0,0,0,-32309,0,0,0,0,0,185361,0
185362,-428,8092,1402,-206,-141,-44,14261,-4,3,-5,0,37025,116,28,65,0,0,0,0,0,0,0,0,-32310,0,0,0,0,0,185366,0
185367,-402,8020,1370,-213,-127,-58,14262,-5,-2,-7,0,37025,116,28,65,0,0,0,0,0,0,0,0,-32309,0,0,0,0,0,185371,0
185372,-426,8120,1552,-235,-134,-60,14263,-1,0,-7,0,37027,125,28,65,0,0,0,0,0,0,0,0,-32309,0,0,0,0,0,185376,0
185377,-542,8054,1526,-241,-130,-78,14263,0,1,-5,0,37027,125,28,65,0,0,0,0,0,0,0,0,-32309,0,0,0,0,0,185381,0
185382,-406,8030,1558,-244,-127,-82,14263,0,2,-6,0,37027,132,28,65,0,0,0,0,0,0,0,0,-32309,0,0,0,0,0,185386,0
185387,-290,8106,1566,-253,-122,-80,14265,2,3,-6,0,37027,132,28,65,0,0,0,0,0,0,0,0,-32308,0,0,0,0,0,185391,0
185392,-492,8002,1524,-262,-122,-109,14264,1,2,-5,0,37025,131,28,65,0,0,0,0,0,0,0,0,-32309,0,0,0,0,0,185396,0
185397,-506,7920,1536,-269,-123,-112,14265,3,4,-4,0,37025,131,28,65,0,0,0,0,0,0,0,0,-32309,0,0,0,0,0,185401,0
185402,-386,8014,1622,-274,-125,-112,14265,0,-1,-5,0,37025,131,28,65,0,0,0,0,0,0,0,0,-32309,0,0,0,0,0,185406,0
185407,-372,7996,1672,-283,-128,-116,14265,3,-2,-4,0,37025,131,28,65,0,0,0,0,0,0,0,0,-32309,0,0,0,0,0,185411,0
185412,-494,7950,1684,-290,-135,-133,14264,-2,4,-4,0,37027,139,28,65,0,0,0,0,0,0,0,0,-32309,0,0,0,0,0,185416,0
185417,-486,7948,1712,-295,-130,-140,14266,3,3,-4,0,37027,139,28,65,0,0,0,0,0,0,0,0,-32309,0,0,0,0,0,185421,0
185422,-530,7928,1716,-294,-133,-144,14266,0,2,-5,0,37026,141,28,65,0,0,0,0,0,0,0,0,-32309,0,0,0,0,0,185426,0
185427,-542,7968,1746,-301,-137,-148,14266,-1,-1,-8,0,37026,141,28,65,0,0,0,0,0,0,0,0,-32309,0,0,0,0,0,185431,0
185432,-608,7988,1776,-303,-142,-158,14268,14,-1,-8,0,37030,145,28,65,0,0,0,0,0,0,0,0,-32309,0,0,0,0,0,185436,0
185437,-634,7944,1804,-304,-148,-158,14267,-2,4,-8,0,37030,145,28,65,0,0,0,0,0,0,0,0,-32309,0,0,0,0,0,185441,0
185442,-612,7924,1848,-304,-151,-161,14268,0,4,-8,0,37030,143,28,65,0,0,0,0,0,0,0,0,-32309,0,0,0,0,0,185446,0
185447,-652,7904,1852,-296,-158,-163,14268,-3,-2,-7,0,37030,143,28,65,0,0,0,0,0,0,0,0,-32309,0,0,0,0,0,185451,0
185452,-678,7778,1876,-303,-151,-160,14269,1,2,-8,0,37035,136,28,65,0,0,0,0,0,0,0,0,-32309,0,0,0,0,0,185456,0
185457,-742,7744,1942,-296,-142,-160,14271,11,0,-8,0,37035,136,28,65,0,0,0,0,0,0,0,0,-32310,0,0,0,0,0,185461,0
185462,-742,7792,1974,-303,-137,-160,14269,-3,1,-6,0,37029,121,28,65,0,0,0,0,0,0,0,0,-32309,0,0,0,0,0,185467,0
185467,-800,7832,1998,-296,-141,-159,14270,2,0,-6,0,37029,121,28,65,0,0,0,0,0,0,0,0,-32309,0,0,0,0,0,185471,0
185472,-626,7884,2026,-297,-147,-161,14271,6,-3,-5,0,37025,128,28,65,0,0,0,0,0,0,0,0,-32309,0,0,0,0,0,185476,0
185477,-596,7922,2002,-294,-156,-164,14270,-1,3,-4,0,37025,128,28,65,0,0,0,0,0,0,0,0,-32309,0,0,0,0,0,185481,0
185482,-552,7906,1986,-290,-154,-173,14271,5,1,-4,0,37024,121,28,65,0,0,0,0,0,0,0,0,-32309,0,0,0,0,0,185486,0
185487,-558,7934,1998,-276,-158,-175,14272,4,-3,-3,0,37024,121,28,65,0,0,0,0,0,0,0,0,-32309,0,0,0,0,0,185491,0
185492,-470,8016,2018,-272,-173,-189,14272,0,-2,-2,0,37023,127,28,65,0,0,0,0,0,0,0,0,-32309,0,0,0,0,0,185496,0
185497,-426,7872,1898,-258,-181,-188,14272,-3,2,-4,0,37023,127,28,65,0,0,0,0,0,0,0,0,-32309,0,0,0,0,0,185501,0
185502,-484,7926,1846,-246,-190,-198,14273,0,-1,-8,0,37024,131,28,65,0,0,0,0,0,0,0,0,-32309,0,0,0,0,0,185506,0
185507,-554,7956,1842,-236,-205,-208,14273,4,2,-8,0,37024,131,28,65,0,0,0,0,0,0,0,0,-32309,0,0,0,0,0,185511,0
185512,-574,7746,1808,-225,-266,-196,14273,0,1,-9,0,37024,125,28,65,0,0,0,0,0,0,0,0,-32308,0,0,0,0,0,185516,0
185517,-608,7664,1872,-220,-288,-198,14274,1,2,-11,0,37024,125,28,65,0,0,0,0,0,0,0,0,-32309,0,0,0,0,0,185521,0
185522,-644,7708,1956,-219,-303,-208,14276,7,1,-13,0,37024,129,28,65,0,0,0,0,0,0,0,0,-32309,0,0,0,0,0,185526,0
185527,-688,7796,1904,-213,-315,-211,14277,3,3,-14,0,37024,129,28,65,0,0,0,0,0,0,0,0,-32309,0,0,0,0,0,185531,0
185532,-756,8058,2056,-205,-345,-203,14277,8,4,-17,0,37029,119,28,65,0,0,0,0,0,0,0,0,-32309,0,0,0,0,0,185536,0
185537,-732,8128,2068,-195,-376,-206,14279,-1,4,-17,0,37029,119,28,65,0,0,0,0,0,0,0,0,-32309,0,0,0,0,0,185541,0
185542,-660,8150,2050,-194,-387,-202,14282,0,2,-19,0,37027,113,28,65,0,0,0,0,0,0,0,0,-32309,0,0,0,0,0,185546,0
185547,-578,8356,2108,-190,-399,-196,14284,9,2,-21,0,37027,113,28,65,0,0,0,0,0,0,0,0,-32309,0,0,0,0,0,185551,0
185552,-340,8430,2122,-179,-416,-170,14286,11,11,-27,0,37030,126,28,65,0,0,0,0,0,0,0,0,-32309,0,0,0,0,0,185556,0
185557,-160,8452,2076,-177,-418,-150,14290,16,2,-34,0,37030,126,28,65,0,0,0,0,0,0,0,0,-32309,0,0,0,0,0,185561,0
185562,-60,8364,2040,-158,-420,-126,14295,25,17,-46,0,37027,130,28,65,0,0,0,0,0,0,0,0,-32309,0,0,0,0,0,185566,0
185567,146,8328,2006,-161,-426,-92,14307,43,26,-73,0,37027,130,28,65,0,0,0,0,0,0,0,0,-32308,0,0,0,0,0,185571,0
185572,584,8296,1890,-130,-437,-32,14327,86,45,-122,0,37027,134,28,65,0,0,0,0,0,0,0,0,-32309,0,0,0,0,0,185576,0
185577,806,8174,1800,-111,-431,2,14350,93,74,-154,0,37027,134,28,65,0,0,0,0,0,0,0,0,-32309,0,0,0,0,0,185581,0
185582,1152,8118,1580,-83,-411,60,14364,62,59,-123,0,37026,128,28,65,0,0,0,0,0,0,0,0,-32309,0,0,0,0,0,185586,0
185587,1080,8094,1500,-57,-382,97,14381,71,22,-113,0,37026,128,28,65,0,0,0,0,0,0,0,0,-32309,0,0,0,0,0,185591,0
185592,1168,8334,1572,-10,-336,196,14400,90,-1,-139,0,37025,129,28,65,0,0,0,0,0,0,0,0,-32309,0,0,0,0,0,185596,0
185597,1122,8374,1378,23,-303,237,14413,55,-10,-124,0,37025,129,28,65,0,0,0,0,0,0,0,0,-32309,0,0,0,0,0,185601,0
185602,1036,8590,1384,58,-281,297,14419,20,-23,-64,0,37026,128,28,65,0,0,0,0,0,0,0,0,-32309,0,0,0,0,0,185606,0
185607,1156,8458,1470,78,-270,373,14422,8,-48,-27,0,37026,128,28,65,0,0,0,0,0,0,0,0,-32309,0,0,0,0,0,185611,0
185612,1068,8288,1282,137,-214,467,14423,7,-65,-14,0,37024,132,28,65,0,0,0,0,0,0,0,0,-32308,0,0,0,0,0,185616,0
185617,912,8648,1356,167,-189,524,14424,8,-58,-13,0,37024,132,28,65,0,0,0,0,0,0,0,0,-32309,0,0,0,0,0,185621,0
185622,904,8678,1444,188,-168,590,14426,5,-35,-14,0,37024,124,28,65,0,0,0,0,0,0,0,0,-32309,0,0,0,0,0,185626,0
185627,1066,8466,1398,211,-153,638,14425,9,-12,-7,0,37024,124,28,65,0,0,0,0,0,0,0,0,-32309,0,0,0,0,0,185631,0
185632,966,8468,1452,256,-109,694,14424,-9,-6,-4,0,37028,128,28,65,0,0,0,0,0,0,0,0,-32309,0,0,0,0,0,185636,0
185637,862,8514,1430,281,-93,735,14425,-4,-8,-2,0,37028,128,28,65,0,0,0,0,0,0,0,0,-32309,0,0,0,0,0,185641,0
185642,798,8370,1426,296,-71,763,14426,1,0,-3,0,37027,130,28,65,0,0,0,0,0,0,0,0,-32309,0,0,0,0,0,185646,0
185647,702,8310,1432,315,-53,795,14424,-5,-1,-4,0,37027,130,28,65,0,0,0,0,0,0,0,0,-32309,0,0,0,0,0,185651,0
185652,620,8234,1460,348,-17,854,14427,11,-2,-4,0,37025,124,28,65,0,0,0,0,0,0,0,0,-32309,0,0,0,0,0,185656,0
185657,604,8244,1492,365,-1,886,14425,-3,-1,-4,0,37025,124,28,65,0,0,0,0,0,0,0,0,-32309,0,0,0,0,0,185661,0
185662,608,8146,1510,388,23,905,14425,-2,5,-3,0,37017,129,28,65,0,0,0,0,0,0,0,0,-32309,0,0,0,0,0,185666,0
185667,534,8104,1474,396,41,926,14425,0,-1,-3,0,37017,129,28,65,0,0,0,0,0,0,0,0,-32308,0,0,0,0,0,185671,0
185672,446,8016,1508,423,77,962,14426,2,-1,-3,0,37018,133,28,65,0,0,0,0,0,0,0,0,-32309,0,0,0,0,0,185676,0
185677,406,7984,1510,434,95,973,14425,0,-3,-2,0,37018,133,28,65,0,0,0,0,0,0,0,0,-32309,0,0,0,0,0,185681,0
185682,632,7798,1538,447,120,973,14424,-4,-1,-1,0,37018,133,28,65,0,0,0,0,0,0,0,0,-32309,0,0,0,0,0,185686,0
185687,74,7980,1532,449,122,981,14424,0,-5,-1,0,37018,133,28,65,0,0,0,0,0,0,0,0,-32309,0,0,0,0,0,185691,0
185692,264,7920,1590,468,177,982,14424,-6,1,-2,0,37018,134,28,65,0,0,0,0,0,0,0,0,-32309,0,0,0,0,0,185696,0
185697,264,7850,1516,476,194,984,14425,-2,2,-1,0,37018,134,28,65,0,0,0,0,0,0,0,0,-32309,0,0,0,0,0,185701,0
185702,236,7812,1620,490,218,983,14425,-3,0,-1,0,37022,134,28,65,0,0,0,0,0,0,0,0,-32309,0,0,0,0,0,185706,0
185707,232,7806,1612,498,238,975,14425,4,0,-1,0,37022,134,28,65,0,0,0,0,0,0,0,0,-32309,0,0,0,0,0,185711,0
185712,226,7774,1690,515,290,977,14425,3,-3,0,0,37024,131,28,65,0,0,0,0,0,0,0,0,-32309,0,0,0,0,0,185716,0
185717,200,7698,1708,523,320,969,14424,-3,0,-1,0,37024,131,28,65,0,0,0,0,0,0,0,0,-32309,0,0,0,0,0,185721,0
185722,176,7694,1766,526,344,964,14424,0,1,0,0,37021,139,28,65,0,0,0,0,0,0,0,0,-32309,0,0,0,0,0,185726,0
185727,166,7666,1802,539,378,958,14424,1,-3,0,0,37021,139,28,65,0,0,0,0,0,0,0,0,-32309,0,0,0,0,0,185731,0
185732,118,7570,1842,548,432,947,14424,-2,1,-2,0,37019,130,28,65,0,0,0,0,0,0,0,0,-32309,0,0,0,0,0,185736,0
185737,112,7482,1846,548,454,937,14423,-3,-1,-3,0,37019,130,28,65,0,0,0,0,0,0,0,0,-32309,0,0,0,0,0,185741,0
185742,56,7372,1856,545,472,936,14423,-3,1,0,0,37018,131,28,65,0,0,0,0,0,0,0,0,-32309,0,0,0,0,0,185746,0
185747,74,7368,1876,541,491,930,14423,1,-2,-2,0,37018,131,28,65,0,0,0,0,0,0,0,0,-32309,0,0,0,0,0,185751,0
185752,44,7214,1892,535,522,918,14424,5,0,-2,0,37023,141,28,65,0,0,0,0,0,0,0,0,-32309,0,0,0,0,0,185756,0
185757,-24,7190,1914,533,541,916,14423,-3,0,-2,0,37023,141,28,65,0,0,0,0,0,0,0,0,-32309,0,0,0,0,0,185761,0
185762,-36,7122,1930,526,552,906,14421,-5,0,0,0,37023,138,28,65,0,0,0,0,0,0,0,0,-32309,0,0,0,0,0,185766,0
185767,-86,7110,1896,517,565,909,14423,2,-3,0,0,37023,138,28,65,0,0,0,0,0,0,0,0,-32309,0,0,0,0,0,185771,0
185772,-136,7094,1918,506,583,899,14423,3,-1,0,0,37021,144,28,65,0,0,0,0,0,0,0,0,-32308,0,0,0,0,0,185776,0
185777,-158,7042,1904,494,591,893,14422,1,1,0,0,37021,144,28,65,0,0,0,0,0,0,0,0,-32308,0,0,0,0,0,185781,0
185782,-200,7048,1912,491,595,894,14422,-4,1,-1,0,37021,140,28,65,0,0,0,0,0,0,0,0,-32309,0,0,0,0,0,185786,0
185787,-198,7058,1918,479,603,888,14422,3,-2,-1,0,37021,140,28,65,0,0,0,0,0,0,0,0,-32308,0,0,0,0,0,185791,0
185792,-266,7082,1916,461,619,876,14422,0,3,-1,0,37020,131,28,65,0,0,0,0,0,0,0,0,-32309,0,0,0,0,0,185796,0
185797,-276,7090,1898,460,622,872,14422,1,-3,-1,0,37020,131,28,65,0,0,0,0,0,0,0,0,-32309,0,0,0,0,0,185801,0
185802,-306,7112,1902,451,629,873,14421,-5,-3,1,0,37022,132,28,65,0,0,0,0,0,0,0,0,-32309,0,0,0,0,0,185806,0
185807,-336,7130,1928,446,633,865,14421,-2,0,1,0,37022,132,28,65,0,0,0,0,0,0,0,0,-32309,0,0,0,0,0,185811,0
185812,-366,7206,1868,436,638,855,14420,-7,-4,1,0,37023,134,28,65,0,0,0,0,0,0,0,0,-32309,0,0,0,0,0,185816,0
185817,-368,7214,1888,432,649,842,14420,0,2,1,0,37023,134,28,65,0,0,0,0,0,0,0,0,-32309,0,0,0,0,0,185821,0
185822,-370,7246,1894,424,656,838,14420,0,-1,0,0,37023,138,28,65,0,0,0,0,0,0,0,0,-32309,0,0,0,0,0,185826,0
185827,-346,7270,1866,420,666,825,14420,-2,-1,2,0,37023,138,28,65,0,0,0,0,0,0,0,0,-32309,0,0,0,0,0,185831,0
185832,-342,7360,1878,408,698,801,14418,-3,3,1,0,37021,138,28,65,0,0,0,0,0,0,0,0,-32309,0,0,0,0,0,185836,0
185837,-324,7442,1884,410,714,792,14417,-3,-1,4,0,37021,138,28,65,0,0,0,0,0,0,0,0,-32309,0,0,0,0,0,185841,0
185842,-356,7506,1866,409,732,780,14417,-4,-3,4,0,37025,125,28,65,0,0,0,0,0,0,0,0,-32309,0,0,0,0,0,185846,0
185847,-348,7546,1870,407,757,763,14417,0,1,1,0,37025,125,28,65,0,0,0,0,0,0,0,0,-32309,0,0,0,0,0,185851,0
185852,-398,7694,1880,407,808,738,14417,1,2,2,0,37027,123,28,65,0,0,0,0,0,0,0,0,-32308,0,0,0,0,0,185856,0
185857,-404,7762,1852,411,836,726,14416,-1,1,0,0,37027,123,28,65,0,0,0,0,0,0,0,0,-32309,0,0,0,0,0,185861,0
185862,-418,7844,1848,402,869,715,14415,-8,1,1,0,37030,129,28,65,0,0,0,0,0,0,0,0,-32309,0,0,0,0,0,185866,0
185867,-422,7896,1854,408,894,702,14415,-9,-1,1,0,37030,129,28,65,0,0,0,0,0,0,0,0,-32309,0,0,0,0,0,185871,0
185872,-476,8022,1872,410,967,676,14414,-4,2,0,0,37025,124,28,65,0,0,0,0,0,0,0,0,-32309,0,0,0,0,0,185876,0
185877,-488,8078,1856,407,999,671,14414,-3,2,0,0,37025,124,28,65,0,0,0,0,0,0,0,0,-32309,0,0,0,0,0,185881,0
185882,-514,8106,1860,404,1038,656,14413,-1,0,0,0,37022,125,28,65,0,0,0,0,0,0,0,0,-32309,0,0,0,0,0,185886,0
185887,-526,8168,1850,413,1072,643,14413,0,3,1,0,37022,125,28,65,0,0,0,0,0,0,0,0,-32309,0,0,0,0,0,185891,0
185892,-528,8216,1868,409,1144,619,14413,0,3,0,0,37022,131,28,65,0,0,0,0,0,0,0,0,-32309,0,0,0,0,0,185896,0
185897,-572,8184,1848,406,1183,606,14412,-6,0,2,0,37022,131,28,65,0,0,0,0,0,0,0,0,-32309,0,0,0,0,0,185901,0
185902,-588,8214,1856,409,1214,596,14412,-9,0,0,0,37021,132,28,65,0,0,0,0,0,0,0,0,-32309,0,0,0,0,0,185906,0
185907,-570,8220,1836,420,1257,576,14413,2,3,0,0,37021,132,28,65,0,0,0,0,0,0,0,0,-32309,0,0,0,0,0,185911,0
185912,-688,8174,1862,422,1317,556,14411,1,-4,0,0,37022,140,28,65,0,0,0,0,0,0,0,0,-32309,0,0,0,0,0,185916,0
185917,-686,8162,1862,422,1345,541,14411,2,1,0,0,37022,140,28,65,0,0,0,0,0,0,0,0,-32309,0,0,0,0,0,185921,0
185922,-748,8096,1890,428,1374,535,14411,0,1,0,0,37022,142,28,65,0,0,0,0,0,0,0,0,-32309,0,0,0,0,0,185926,0
185927,-770,8102,1870,430,1393,514,14410,-3,2,0,0,37022,142,28,65,0,0,0,0,0,0,0,0,-32309,0,0,0,0,0,185931,0
185932,-874,8012,1878,434,1428,493,14410,2,-1,1,0,37022,137,28,65,0,0,0,0,0,0,0,0,-32308,0,0,0,0,0,185936,0
185937,-922,7976,1870,436,1433,485,14410,-3,-3,0,0,37022,137,28,65,0,0,0,0,0,0,0,0,-32309,0,0,0,0,0,185941,0
185942,-956,7958,1880,442,1443,469,14410,0,2,0,0,37021,138,28,65,0,0,0,0,0,0,0,0,-32309,0,0,0,0,0,185946,0
185947,-978,7924,1898,441,1447,455,14409,2,-3,-2,0,37021,138,28,65,0,0,0,0,0,0,0,0,-32309,0,0,0,0,0,185951,0
185952,-964,7904,1896,436,1450,424,14409,0,0,0,0,37028,138,28,65,0,0,0,0,0,0,0,0,-32309,0,0,0,0,0,185956,0
185957,-970,7894,1910,437,1450,412,14409,-5,1,0,0,37028,138,28,65,0,0,0,0,0,0,0,0,-32309,0,0,0,0,0,185961,0
185962,-944,7868,1866,434,1449,388,14407,-1,-1,0,0,37029,135,28,65,0,0,0,0,0,0,0,0,-32309,0,0,0,0,0,185966,0
185967,-976,7954,1906,431,1439,368,14407,-8,-4,-1,0,37029,135,28,65,0,0,0,0,0,0,0,0,-32309,0,0,0,0,0,185971,0
185972,-924,8110,1878,428,1431,317,14407,1,-1,0,0,37031,133,28,65,0,0,0,0,0,0,0,0,-32309,0,0,0,0,0,185976,0
185977,-874,8188,1898,420,1425,290,14406,-12,1,0,0,37031,133,28,65,0,0,0,0,0,0,0,0,-32308,0,0,0,0,0,185981,0
185982,-836,8246,1880,419,1424,257,14408,1,5,0,0,37025,126,28,65,0,0,0,0,0,0,0,0,-32309,0,0,0,0,0,185986,0
185987,-848,8312,1882,414,1417,232,14407,-2,3,0,0,37025,126,28,65,0,0,0,0,0,0,0,0,-32309,0,0,0,0,0,185991,0
185992,-826,8406,1870,404,1390,179,14406,-5,-3,-3,0,37023,123,28,65,0,0,0,0,0,0,0,0,-32309,0,0,0,0,0,185996,0
185997,-842,8428,1850,401,1380,152,14407,0,-1,-3,0,37023,123,28,65,0,0,0,0,0,0,0,0,-32309,0,0,0,0,0,186001,0
186002,-850,8422,1850,400,1369,134,14406,-2,1,-3,0,37023,136,28,65,0,0,0,0,0,0,0,0,-32309,0,0,0,0,0,186006,0
186007,-870,8480,1880,396,1355,115,14406,-3,-2,-4,0,37023,136,28,65,0,0,0,0,0,0,0,0,-32309,0,0,0,0,0,186011,0
186012,-806,8470,1864,382,1316,82,14408,4,0,-2,0,37024,134,28,65,0,0,0,0,0,0,0,0,-32309,0,0,0,0,0,186016,0
186017,-818,8460,1872,379,1292,70,14407,7,3,-3,0,37024,134,28,65,0,0,0,0,0,0,0,0,-32309,0,0,0,0,0,186022,0
186022,-796,8466,1888,368,1273,48,14406,-1,-3,-3,0,37021,133,28,65,0,0,0,0,0,0,0,0,-32309,0,0,0,0,0,186027,0
186027,-818,8396,1858,361,1252,40,14406,0,3,-2,0,37021,133,28,65,0,0,0,0,0,0,0,0,-32309,0,0,0,0,0,186032,0
186032,-830,8330,1892,351,1199,24,14406,-2,-1,-2,0,37020,131,28,65,0,0,0,0,0,0,0,0,-32309,0,0,0,0,0,186037,0
186037,-784,8262,1882,342,1177,24,14408,7,2,-3,0,37020,131,28,65,0,0,0,0,0,0,0,0,-32309,0,0,0,0,0,186042,0
186042,-766,8176,1876,338,1145,16,14405,-4,-4,-3,0,37021,133,28,65,0,0,0,0,0,0,0,0,-32309,0,0,0,0,0,186047,0
186047,-770,8126,1888,326,1111,11,14405,-12,2,-3,0,37021,133,28,65,0,0,0,0,0,0,0,0,-32309,0,0,0,0,0,186052,0
186052,-730,8012,1888,303,1063,-5,14407,-4,0,-6,0,37025,127,28,65,0,0,0,0,0,0,0,0,-32309,0,0,0,0,0,186057,0
186057,-694,7958,1890,292,1030,-16,14407,3,-4,-3,0,37025,127,28,65,0,0,0,0,0,0,0,0,-32309,0,0,0,0,0,186062,0
186062,-702,7898,1878,282,1005,-26,14405,-8,-4,-1,0,37026,127,28,65,0,0,0,0,0,0,0,0,-32309,0,0,0,0,0,186067,0
186067,-684,7864,1892,276,976,-38,14406,-5,2,-1,0,37026,127,28,65,0,0,0,0,0,0,0,0,-32310,0,0,0,0,0,186072,0
186072,-676,7772,1868,257,912,-64,14405,-8,-4,-2,0,37027,125,28,65,0,0,0,0,0,0,0,0,-32309,0,0,0,0,0,186077,0
186077,-678,7770,1868,242,884,-75,14407,-1,-1,-3,0,37027,125,28,65,0,0,0,0,0,0,0,0,-32309,0,0,0,0,0,186082,0
186082,-672,7764,1842,230,854,-84,14406,-2,-1,-2,0,37023,144,28,65,0,0,0,0,0,0,0,0,-32309,0,0,0,0,0,186087,0
186087,-684,7766,1832,219,824,-99,14408,0,4,-2,0,37023,144,28,65,0,0,0,0,0,0,0,0,-32309,0,0,0,0,0,186092,0
186092,-648,7770,1800,195,760,-120,14408,0,2,-2,0,37023,138,28,65,0,0,0,0,0,0,0,0,-32309,0,0,0,0,0,186097,0
186097,-652,7796,1790,182,720,-131,14406,2,-2,-2,0,37023,138,28,65,0,0,0,0,0,0,0,0,-32309,0,0,0,0,0,186102,0
186102,-592,7818,1762,171,695,-136,14406,0,-2,-3,0,37022,131,28,65,0,0,0,0,0,0,0,0,-32309,0,0,0,0,0,186107,0
186107,-578,7834,1764,160,672,-143,14407,0,3,-4,0,37022,131,28,65,0,0,0,0,0,0,0,0,-32309,0,0,0,0,0,186112,0
186112,-536,7874,1740,142,608,-155,14407,4,4,-2,0,37025,134,28,65,0,0,0,0,0,0,0,0,-32309,0,0,0,0,0,186117,0
186117,-518,7878,1726,142,580,-159,14406,-2,-3,-2,0,37025,134,28,65,0,0,0,0,0,0,0,0,-32309,0,0,0,0,0,186122,0
186122,-482,7936,1686,134,558,-158,14408,2,4,-3,0,37029,132,28,65,0,0,0,0,0,0,0,0,-32309,0,0,0,0,0,186127,0
186127,-452,7934,1668,129,534,-160,14407,0,1,-1,0,37029,132,28,65,0,0,0,0,0,0,0,0,-32309,0,0,0,0,0,186132,0
186132,-392,7942,1646,121,496,-161,14407,4,-2,-2,0,37020,133,28,65,0,0,0,0,0,0,0,0,-32309,0,0,0,0,0,186132,0
186137,-386,7962,1634,124,475,-153,14407,1,-1,-3,0,37020,133,28,65,0,0,0,0,0,0,0,0,-32309,0,0,0,0,0,186137,0
186142,-358,7924,1584,115,460,-151,14407,5,0,-3,0,37008,128,28,65,0,0,0,0,0,0,0,0,-32309,0,0,0,0,0,186145,0
186147,-320,7926,1604,117,443,-143,14406,-2,0,-2,0,37008,128,28,65,0,0,0,0,0,0,0,0,-32309,0,0,0,0,0,186147,0
186152,-330,7902,1568,121,410,-122,14406,-5,1,0,0,36999,119,28,65,0,0,0,0,0,0,0,0,-32309,0,0,0,0,0,186152,0
186157,-348,7864,1550,117,404,-107,14406,0,0,-1,0,36999,119,28,65,0,0,0,0,0,0,0,0,-32309,0,0,0,0,0,186157,0
186162,-334,7848,1544,128,384,-93,14406,-1,1,-2,0,37004,118,28,65,0,0,0,0,0,0,0,0,-32309,0,0,0,0,0,186162,0
186167,-314,7844,1502,121,369,-72,14406,0,-2,-2,0,37004,118,28,65,0,0,0,0,0,0,0,0,-32309,0,0,0,0,0,186167,0
186172,-316,7826,1508,128,339,-41,14406,-5,-1,-2,0,37008,122,28,65,0,0,0,0,0,0,0,0,-32309,0,0,0,0,0,186172,0
186177,-300,7818,1520,137,324,-23,14407,2,3,-4,0,37008,122,28,65,0,0,0,0,0,0,0,0,-32309,0,0,0,0,0,186177,0
186182,-308,7830,1500,130,308,-6,14408,0,0,-2,0,37011,119,28,65,0,0,0,0,0,0,0,0,-32309,0,0,0,0,0,186182,0
186187,-294,7836,1496,134,296,16,14406,4,-6,-2,0,37011,119,28,65,0,0,0,0,0,0,0,0,-32309,0,0,0,0,0,186187,0
186192,-274,7862,1498,141,267,28,14407,0,-3,-2,0,37008,127,28,65,0,0,0,0,0,0,0,0,-32308,0,0,0,0,0,186192,0
186197,-274,7876,1500,139,251,38,14406,-4,3,-3,0,37008,127,28,65,0,0,0,0,0,0,0,0,-32309,0,0,0,0,0,186197,0
186202,-290,7916,1504,147,241,42,14406,-7,2,-3,0,37013,129,28,65,0,0,0,0,0,0,0,0,-32309,0,0,0,0,0,186202,0
186207,-360,7900,1506,146,226,46,14407,3,-2,-3,0,37013,129,28,65,0,0,0,0,0,0,0,0,-32309,0,0,0,0,0,186207,0
186212,-404,7962,1502,146,191,59,14407,0,-1,-1,0,37020,140,28,65,0,0,0,0,0,0,0,0,-32309,0,0,0,0,0,186212,0
186217,-406,7972,1514,143,177,67,14407,-3,-1,-2,0,37020,140,28,65,0,0,0,0,0,0,0,0,-32309,0,0,0,0,0,186217,0
186222,-440,8020,1512,142,165,67,14405,-3,3,-4,0,37021,134,28,65,0,0,0,0,0,0,0,0,-32309,0,0,0,0,0,186222,0
186227,-452,8024,1510,143,150,68,14407,0,0,-2,0,37021,134,28,65,0,0,0,0,0,0,0,0,-32309,0,0,0,0,0,186227,0
186232,-420,8078,1520,139,126,69,14406,-2,-3,-3,0,37023,135,28,65,0,0,0,0,0,0,0,0,-32309,0,0,0,0,0,186232,0
186237,-422,8116,1522,134,115,65,14407,-3,1,-2,0,37023,135,28,65,0,0,0,0,0,0,0,0,-32309,0,0,0,0,0,186237,0
186242,-414,8126,1518,132,94,67,14406,-2,1,-1,0,37021,130,28,65,0,0,0,0,0,0,0,0,-32309,0,0,0,0,0,186242,0
186247,-374,8146,1514,122,82,61,14407,1,2,-2,0,37021,130,28,65,0,0,0,0,0,0,0,0,-32309,0,0,0,0,0,186247,0
186252,-360,8172,1512,129,57,48,14407,2,-2,-3,0,37020,136,28,65,0,0,0,0,0,0,0,0,-32309,0,0,0,0,0,186252,0
186257,-360,8198,1536,114,45,39,14406,-4,-3,-2,0,37020,136,28,65,0,0,0,0,0,0,0,0,-32309,0,0,0,0,0,186257,0
186262,-344,8222,1520,109,38,31,14406,1,0,0,0,37025,143,28,65,0,0,0,0,0,0,0,0,-32309,0,0,0,0,0,186262,0
186267,-358,8218,1514,106,21,30,14407,0,2,-3,0,37025,143,28,65,0,0,0,0,0,0,0,0,-32309,0,0,0,0,0,186267,0
186272,-360,8236,1514,98,-3,25,14407,-3,2,-3,0,37026,144,28,65,0,0,0,0,0,0,0,0,-32309,0,0,0,0,0,186272,0
186277,-370,8230,1510,85,-20,21,14407,2,-2,-3,0,37026,144,28,65,0,0,0,0,0,0,0,0,-32309,0,0,0,0,0,186277,0
186282,-312,8244,1488,79,-31,21,14407,0,-2,-2,0,37024,141,28,65,0,0,0,0,0,0,0,0,-32309,0,0,0,0,0,186282,0
186287,-326,8224,1498,76,-41,10,14406,-3,-2,-2,0,37024,141,28,65,0,0,0,0,0,0,0,0,-32309,0,0,0,0,0,186287,0
186292,-306,8208,1476,59,-63,5,14406,3,2,-3,0,37018,128,28,65,0,0,0,0,0,0,0,0,-32309,0,0,0,0,0,186292,0
186297,-292,8216,1486,54,-75,0,14407,2,1,-2,0,37018,128,28,65,0,0,0,0,0,0,0,0,-32309,0,0,0,0,0,186297,0
186302,-266,8198,1480,48,-80,-5,14408,4,-1,-4,0,37020,133,28,65,0,0,0,0,0,0,0,0,-32309,0,0,0,0,0,186302,0
186307,-276,8170,1452,38,-88,-11,14406,3,7,-2,0,37020,133,28,65,0,0,0,0,0,0,0,0,-32309,0,0,0,0,0,186307,0
186312,-292,8156,1422,42,-107,-24,14408,3,0,-2,0,37021,140,28,65,0,0,0,0,0,0,0,0,-32309,0,0,0,0,0,186312,0
186317,-294,8148,1410,37,-114,-24,14408,1,-5,-4,0,37021,140,28,65,0,0,0,0,0,0,0,0,-32309,0,0,0,0,0,186317,0
186322,-278,8146,1390,37,-118,-24,14407,-2,1,-4,0,37021,128,28,65,0,0,0,0,0,0,0,0,-32309,0,0,0,0,0,186322,0
186327,-290,8122,1372,35,-123,-30,14406,0,-4,-2,0,37021,128,28,65,0,0,0,0,0,0,0,0,-32308,0,0,0,0,0,186327,0
186332,-240,8084,1364,39,-133,-38,14407,4,-3,-1,0,37019,125,28,65,0,0,0,0,0,0,0,0,-32309,0,0,0,0,0,186332,0
186337,-236,8098,1366,43,-138,-41,14408,2,-2,-2,0,37019,125,28,65,0,0,0,0,0,0,0,0,-32309,0,0,0,0,0,186337,0
186342,-230,8096,1350,48,-141,-50,14406,3,2,-1,0,37021,130,28,65,0,0,0,0,0,0,0,0,-32309,0,0,0,0,0,186342,0
186347,-204,8078,1360,45,-148,-50,14406,-12,1,-3,0,37021,130,28,65,0,0,0,0,0,0,0,0,-32309,0,0,0,0,0,186347,0
186352,-186,8102,1362,59,-160,-59,14408,2,-7,-3,0,37021,122,28,65,0,0,0,0,0,0,0,0,-32309,0,0,0,0,0,186352,0
186357,-196,8090,1364,60,-162,-60,14406,3,-1,-4,-2000,37021,122,28,65,0,0,0,0,0,0,0,0,-32309,0,0,0,0,0,186357,0
186362,-10,8190,1392,59,-166,-15,14341,-364,-80,-1812,-2000,37013,149,28,65,0,0,0,0,0,0,0,0,-32309,0,0,0,0,0,186362,0
186367,-314,8212,1440,67,-175,-19,14158,-825,-469,-1667,-2000,37013,149,28,65,0,0,0,0,0,0,0,0,-32310,0,0,0,0,0,186367,0
186372,-712,8226,1400,74,-196,162,13955,-893,-761,-752,-2000,37004,152,28,65,0,0,0,0,0,0,0,0,-32309,0,0,0,0,0,186372,0
186377,-1044,8106,1408,76,-210,273,13752,-896,-857,-667,-2000,37004,152,28,65,0,0,0,0,0,0,0,0,-32309,0,0,0,0,0,186377,0
186382,-754,8074,1420,83,-223,410,13550,-884,-658,-724,-2000,36998,167,28,65,0,0,0,0,0,0,0,0,-32309,0,0,0,0,0,186382,0
186387,-324,8178,1440,81,-238,527,13351,-888,-247,-746,-2000,36998,167,28,65,0,0,0,0,0,0,0,0,-32309,0,0,0,0,0,186387,0
186392,528,8236,1464,64,-252,646,13147,-895,-23,-687,-2000,36991,178,28,65,0,0,0,0,0,0,0,0,-32310,0,0,0,0,0,186392,0
186397,656,8436,1472,74,-267,652,12938,-915,-8,-639,-2000,36991,178,28,65,0,0,0,0,0,0,0,0,-32309,0,0,0,0,0,186397,0
186402,2560,8104,1708,77,-289,404,12729,-912,-30,-626,-2000,36999,165,28,65,0,0,0,0,0,0,0,0,-32309,0,0,0,0,0,186402,0
186407,2746,8712,1380,64,-264,131,12536,-848,-16,-818,-2000,36999,165,28,65,0,0,0,0,0,0,0,0,-32309,0,0,0,0,0,186407,0
186412,-642,8376,1712,63,-220,24,12364,-742,73,-1184,-2000,36996,176,28,65,0,0,0,0,0,0,0,0,-32309,0,0,0,0,0,186412,0
186417,-1876,7630,1562,68,-222,44,12218,-638,186,-1727,-2000,36996,176,28,65,0,0,0,0,0,0,0,0,-32308,0,0,0,0,0,186417,0
186422,-1228,6990,1300,79,-215,152,12093,-548,284,-2256,-2000,36984,197,28,65,0,0,0,0,0,0,0,0,-32308,0,0,0,0,0,186422,0
186427,324,7668,1394,67,-230,201,11979,-489,320,-2675,-2000,36984,197,28,65,0,0,0,0,0,0,0,0,-32308,0,0,0,0,0,186427,0
186432,698,7822,1598,50,-249,30,11880,-431,300,-3036,-2000,36963,227,28,65,0,0,0,0,0,0,0,0,-32310,0,0,0,0,0,186432,0
186437,-410,7960,1604,61,-247,-14,11796,-364,243,-3362,-2000,36963,227,28,65,0,0,0,0,0,0,0,0,-32310,0,0,0,0,0,186437,0
186442,-1086,8058,1658,64,-254,18,11720,-333,215,-3714,-2000,36938,272,28,65,0,0,0,0,0,0,0,0,-32311,0,0,0,0,0,186442,0
186447,-520,8184,1604,55,-253,71,11658,-273,196,-3901,-2000,36938,272,28,65,0,0,0,0,0,0,0,0,-32310,0,0,0,0,0,186447,0
186452,572,8262,1588,51,-237,-6,11596,-268,161,-4118,-2000,36919,317,28,65,0,0,0,0,0,0,0,0,-32310,0,0,0,0,0,186452,0
186457,354,8250,1638,39,-244,-50,11546,-203,140,-4188,-2000,36919,317,28,65,0,0,0,0,0,0,0,0,-32308,0,0,0,0,0,186457,0
186462,-118,8054,1686,42,-243,-64,11498,-205,110,-4517,-2000,36905,340,28,65,0,0,0,0,0,0,0,0,-32308,0,0,0,0,0,186462,0
186467,-206,7890,1638,34,-247,-38,11459,-170,104,-4569,-2000,36905,340,28,65,0,0,0,0,0,0,0,0,-32307,0,0,0,0,0,186468,0
186472,286,7860,1614,14,-235,-10,11429,-122,98,-4723,-2000,36896,365,28,65,0,0,0,0,0,0,0,0,-32307,0,0,0,0,0,186473,0
186477,458,7852,1654,3,-232,-33,11400,-126,111,-4993,-2000,36896,365,28,65,0,0,0,0,0,0,0,0,-32306,0,0,0,0,0,186478,0
186482,338,7822,1684,0,-231,-52,11370,-129,74,-5082,-2000,36882,381,28,65,0,0,0,0,0,0,0,0,-32307,0,0,0,0,0,186483,0
186487,122,7782,1662,-8,-224,-51,11346,-108,60,-5112,-2000,36882,381,28,65,0,0,0,0,0,0,0,0,-32306,0,0,0,0,0,186488,0
186492,226,7704,1622,-33,-213,-38,11323,-91,36,-5036,-2000,36870,388,28,65,0,0,0,0,0,0,0,0,-32307,0,0,0,0,0,186493,0
186497,234,7560,1526,-38,-203,-69,11354,182,84,-3315,0,36870,388,28,65,0,0,0,0,0,0,0,0,-32308,0,0,0,0,0,186498,0
186502,672,7608,1556,-45,-191,-103,11534,828,500,-1717,0,36887,330,28,65,0,0,0,0,0,0,0,0,-32308,0,0,0,0,0,186503,0
186507,630,7756,1578,-60,-183,-138,11721,812,825,-2623,0,36887,330,28,65,0,0,0,0,0,0,0,0,-32309,0,0,0,0,0,186508,0
186512,-28,7490,1562,-71,-163,-104,11883,701,876,-2155,0,36932,225,28,65,0,0,0,0,0,0,0,0,-32310,0,0,0,0,0,186513,0
186517,-46,7522,1520,-73,-151,-69,12026,614,558,-1626,0,36932,225,28,65,0,0,0,0,0,0,0,0,-32309,0,0,0,0,0,186518,0
186522,310,7510,1454,-82,-144,-47,12148,528,50,-1200,0,36982,139,28,65,0,0,0,0,0,0,0,0,-32308,0,0,0,0,0,186523,0
186527,656,7574,1424,-85,-131,-55,12253,464,-291,-884,0,36982,139,28,65,0,0,0,0,0,0,0,0,-32308,0,0,0,0,0,186528,0
186532,370,7642,1440,-95,-108,-81,12346,406,-289,-685,0,37013,104,28,65,0,0,0,0,0,0,0,0,-32308,0,0,0,0,0,186533,0
186537,194,7642,1410,-89,-90,-72,12429,358,-242,-566,0,37013,104,28,65,0,0,0,0,0,0,0,0,-32309,0,0,0,0,0,186538,0
186542,142,7654,1374,-86,-76,-44,12500,301,-205,-449,0,37016,110,28,65,0,0,0,0,0,0,0,0,-32310,0,0,0,0,0,186543,0
186547,304,7640,1352,-87,-66,-24,12555,234,-194,-364,0,37016,110,28,65,0,0,0,0,0,0,0,0,-32309,0,0,0,0,0,186548,0
186552,466,7644,1326,-82,-45,-5,12598,176,-192,-295,0,37016,114,28,65,0,0,0,0,0,0,0,0,-32309,0,0,0,0,0,186553,0
186557,464,7698,1298,-84,-35,-3,12629,128,-207,-227,0,37016,114,28,65,0,0,0,0,0,0,0,0,-32309,0,0,0,0,0,186558,0
186562,398,7718,1292,-81,-22,5,12650,89,-192,-180,0,37018,123,28,65,0,0,0,0,0,0,0,0,-32309,0,0,0,0,0,186563,0
186567,368,7752,1278,-75,-9,25,12662,43,-176,-106,0,37018,123,28,65,0,0,0,0,0,0,0,0,-32309,0,0,0,0,0,186568,0
186572,426,7778,1256,-68,-1,57,12665,10,-161,-51,0,37020,127,28,65,0,0,0,0,0,0,0,0,-32309,0,0,0,0,0,186573,0
186577,528,7812,1232,-64,9,65,12671,25,-122,-42,0,37020,127,28,65,0,0,0,0,0,0,0,0,-32309,0,0,0,0,0,186578,0
186582,530,7838,1236,-57,12,69,12678,36,-78,-60,0,37020,130,28,65,0,0,0,0,0,0,0,0,-32309,0,0,0,0,0,186583,0
186587,512,7874,1242,-54,21,81,12693,67,-17,-98,0,37020,130,28,65,0,0,0,0,0,0,0,0,-32309,0,0,0,0,0,186588,0
186592,454,7980,1224,-46,44,98,12711,78,36,-123,0,37021,126,28,65,0,0,0,0,0,0,0,0,-32309,0,0,0,0,0,186593,0
186597,460,8002,1178,-42,49,115,12721,38,44,-93,0,37021,126,28,65,0,0,0,0,0,0,0,0,-32309,0,0,0,0,0,186598,0
186602,446,8032,1156,-38,59,128,12723,5,2,-40,0,37022,120,28,65,0,0,0,0,0,0,0,0,-32309,0,0,0,0,0,186603,0
186607,440,8100,1162,-32,67,140,12724,0,-49,-10,0,37022,120,28,65,0,0,0,0,0,0,0,0,-32309,0,0,0,0,0,186608,0
186612,450,8214,1136,-12,74,161,12724,0,-70,-4,0,37018,123,28,65,0,0,0,0,0,0,0,0,-32309,0,0,0,0,0,186613,0
186617,426,8258,1156,-12,82,170,12724,0,-49,-3,0,37018,123,28,65,0,0,0,0,0,0,0,0,-32309,0,0,0,0,0,186618,0
186622,384,8284,1128,-7,89,175,12724,4,-21,-3,0,37014,126,28,65,0,0,0,0,0,0,0,0,-32309,0,0,0,0,0,186623,0
186627,376,8292,1108,-4,89,182,12724,2,-4,-2,0,37014,126,28,65,0,0,0,0,0,0,0,0,-32309,0,0,0,0,0,186628,0
186632,308,8292,1100,15,97,202,12723,-12,-1,-1,0,37013,127,28,65,0,0,0,0,0,0,0,0,-32309,0,0,0,0,0,186633,0
186637,308,8260,1094,20,99,210,12723,0,-2,-2,0,37013,127,28,65,0,0,0,0,0,0,0,0,-32309,0,0,0,0,0,186638,0
186642,306,8276,1076,32,102,211,12724,-5,-1,-2,0,37016,128,28,65,0,0,0,0,0,0,0,0,-32309,0,0,0,0,0,186643,0
186647,282,8278,1074,41,99,222,12725,6,5,-2,0,37016,128,28,65,0,0,0,0,0,0,0,0,-32309,0,0,0,0,0,186648,0
186652,272,8262,1084,51,101,227,12724,0,0,-4,0,37018,122,28,65,0,0,0,0,0,0,0,0,-32309,0,0,0,0,0,186653,0
186657,270,8228,1066,64,106,226,12723,1,3,-4,0,37018,122,28,65,0,0,0,0,0,0,0,0,-32309,0,0,0,0,0,186658,0
186662,226,8214,1076,67,106,226,12724,-2,-4,-2,0,37018,122,28,65,0,0,0,0,0,0,0,0,-32309,0,0,0,0,0,186663,0
186667,240,8218,1086,67,103,234,12724,-3,2,-2,0,37018,122,28,65,0,0,0,0,0,0,0,0,-32308,0,0,0,0,0,186668,0
186672,188,8230,1096,86,99,236,12725,0,2,-2,0,37015,128,28,65,0,0,0,0,0,0,0,0,-32309,0,0,0,0,0,186673,0
186677,220,8230,1098,98,94,239,12724,-2,0,-1,0,37015,128,28,65,0,0,0,0,0,0,0,0,-32309,0,0,0,0,0,186678,0
186682,156,8220,1096,103,95,242,12724,0,-3,-1,0,37017,128,28,65,0,0,0,0,0,0,0,0,-32309,0,0,0,0,0,186683,0
186687,186,8206,1106,111,91,240,12724,3,-1,-4,0,37017,128,28,65,0,0,0,0,0,0,0,0,-32309,0,0,0,0,0,186688,0
186692,170,8198,1122,125,74,242,12724,6,1,-4,0,37016,122,28,65,0,0,0,0,0,0,0,0,-32309,0,0,0,0,0,186693,0
186697,142,8182,1126,124,84,242,12725,2,4,-5,0,37016,122,28,65,0,0,0,0,0,0,0,0,-32309,0,0,0,0,0,186698,0
186702,118,8164,1140,134,75,242,12725,0,1,-4,0,37018,125,28,65,0,0,0,0,0,0,0,0,-32309,0,0,0,0,0,186703,0
186707,114,8138,1174,148,69,240,12725,2,-1,-4,0,37018,125,28,65,0,0,0,0,0,0,0,0,-32308,0,0,0,0,0,186708,0
186712,114,8074,1182,157,60,237,12726,3,-5,-3,0,37020,120,28,65,0,0,0,0,0,0,0,0,-32309,0,0,0,0,0,186713,0
186717,118,8036,1184,163,62,235,12725,0,-1,-4,0,37020,120,28,65,0,0,0,0,0,0,0,0,-32309,0,0,0,0,0,186718,0
186722,88,8034,1202,164,62,234,12725,5,2,-5,0,37024,129,28,65,0,0,0,0,0,0,0,0,-32309,0,0,0,0,0,186723,0
186727,100,7992,1216,171,58,229,12726,4,1,-4,0,37024,129,28,65,0,0,0,0,0,0,0,0,-32309,0,0,0,0,0,186728,0
186732,94,7976,1238,178,61,220,12725,0,0,-4,0,37023,120,28,65,0,0,0,0,0,0,0,0,-32309,0,0,0,0,0,186733,0
186737,84,7930,1272,177,57,216,12725,-7,-4,-5,0,37023,120,28,65,0,0,0,0,0,0,0,0,-32309,0,0,0,0,0,186738,0
186742,48,7916,1272,180,57,210,12727,1,-3,-5,0,37021,122,28,65,0,0,0,0,0,0,0,0,-32309,0,0,0,0,0,186743,0
186747,30,7888,1272,182,56,212,12726,0,5,-5,0,37021,122,28,65,0,0,0,0,0,0,0,0,-32309,0,0,0,0,0,186748,0
186752,26,7848,1302,182,62,202,12727,1,1,-6,0,37020,133,28,65,0,0,0,0,0,0,0,0,-32309,0,0,0,0,0,186753,0
186757,26,7798,1302,188,64,197,12727,0,-1,-7,0,37020,133,28,65,0,0,0,0,0,0,0,0,-32309,0,0,0,0,0,186758,0
186762,42,7808,1320,181,63,189,12727,-1,-1,-8,0,37019,127,28,65,0,0,0,0,0,0,0,0,-32309,0,0,0,0,0,186763,0
186767,4,7770,1322,184,67,190,12728,5,3,-10,0,37019,127,28,65,0,0,0,0,0,0,0,0,-32309,0,0,0,0,0,186768,0
186772,-2,7742,1294,184,68,178,12729,7,3,-11,0,37019,121,28,65,0,0,0,0,0,0,0,0,-32308,0,0,0,0,0,186773,0
186777,-16,7692,1324,191,71,171,12731,7,5,-15,0,37019,121,28,65,0,0,0,0,0,0,0,0,-32309,0,0,0,0,0,186778,0
186782,-34,7686,1308,188,68,171,12734,12,4,-18,0,37018,122,28,65,0,0,0,0,0,0,0,0,-32309,0,0,0,0,0,186783,0
186787,2,7660,1320,183,75,164,12738,18,7,-25,0,37018,122,28,65,0,0,0,0,0,0,0,0,-32309,0,0,0,0,0,186788,0
186792,-34,7644,1340,184,76,154,12741,23,12,-41,0,37021,117,28,65,0,0,0,0,0,0,0,0,-32309,0,0,0,0,0,186793,0
186797,-48,7638,1342,188,76,145,12751,44,21,-65,0,37021,117,28,65,0,0,0,0,0,0,0,0,-32309,0,0,0,0,0,186798,0
186802,-26,7654,1338,193,81,144,12765,64,35,-95,0,37021,115,28,65,0,0,0,0,0,0,0,0,-32309,0,0,0,0,0,186803,0
186807,-28,7662,1332,185,77,132,12776,47,43,-93,0,37021,115,28,65,0,0,0,0,0,0,0,0,-32309,0,0,0,0,0,186808,0
186812,-52,7666,1340,194,77,137,12779,14,17,-53,0,37022,122,28,65,0,0,0,0,0,0,0,0,-32309,0,0,0,0,0,186813,0
186817,-62,7688,1336,190,74,132,12780,3,-25,-10,0,37022,122,28,65,0,0,0,0,0,0,0,0,-32309,0,0,0,0,0,186818,0
186822,-50,7720,1332,193,78,135,12780,-4,-53,-3,0,37019,125,28,65,0,0,0,0,0,0,0,0,-32309,0,0,0,0,0,186823,0
186827,-52,7728,1328,195,78,126,12779,-5,-48,-2,0,37019,125,28,65,0,0,0,0,0,0,0,0,-32308,0,0,0,0,0,186828,0
186832,-26,7792,1324,194,82,124,12780,-1,-26,-1,0,37018,130,28,65,0,0,0,0,0,0,0,0,-32309,0,0,0,0,0,186833,0
186837,-62,7816,1330,198,78,118,12779,-1,-7,-2,0,37018,130,28,65,0,0,0,0,0,0,0,0,-32309,0,0,0,0,0,186838,0
186842,-28,7812,1300,204,82,112,12779,-6,2,-3,0,37019,131,28,65,0,0,0,0,0,0,0,0,-32309,0,0,0,0,0,186843,0
186847,-46,7818,1336,210,82,109,12779,-7,-3,-3,0,37019,131,28,65,0,0,0,0,0,0,0,0,-32309,0,0,0,0,0,186848,0
186852,-28,7874,1316,204,88,103,12779,-7,3,-2,0,37019,125,28,65,0,0,0,0,0,0,0,0,-32309,0,0,0,0,0,186853,0
186857,-28,7902,1316,203,86,96,12779,1,2,-3,0,37019,125,28,65,0,0,0,0,0,0,0,0,-32309,0,0,0,0,0,186858,0
186862,-36,7946,1326,209,83,93,12778,-4,0,-3,0,37020,126,28,65,0,0,0,0,0,0,0,0,-32309,0,0,0,0,0,186863,0
186867,-26,7956,1286,208,90,83,12779,-7,1,-4,0,37020,126,28,65,0,0,0,0,0,0,0,0,-32308,0,0,0,0,0,186868,0
186872,-30,8040,1298,212,92,74,12780,3,2,-3,0,37018,127,28,65,0,0,0,0,0,0,0,0,-32309,0,0,0,0,0,186873,0
186877,-18,8050,1290,215,91,74,12779,2,6,-3,0,37018,127,28,65,0,0,0,0,0,0,0,0,-32309,0,0,0,0,0,186878,0
186882,-36,8054,1298,215,94,67,12780,-2,1,-3,0,37016,119,28,65,0,0,0,0,0,0,0,0,-32309,0,0,0,0,0,186883,0
186887,-36,8086,1296,225,87,58,12779,0,-5,0,0,37016,119,28,65,0,0,0,0,0,0,0,0,-32309,0,0,0,0,0,186888,0
186892,-52,8164,1288,222,81,55,12779,-4,3,0,0,37017,133,28,65,0,0,0,0,0,0,0,0,-32309,0,0,0,0,0,186893,0
186897,-60,8128,1272,225,84,48,12781,8,3,-2,0,37017,133,28,65,0,0,0,0,0,0,0,0,-32309,0,0,0,0,0,186898,0
186902,-14,8146,1278,232,76,46,12780,6,0,-1,0,37019,132,28,65,0,0,0,0,0,0,0,0,-32309,0,0,0,0,0,186903,0
186907,-4,8346,1340,221,73,41,12780,0,2,-3,0,37019,132,28,65,0,0,0,0,0,0,0,0,-32308,0,0,0,0,0,186908,0
186912,92,8632,1818,193,72,24,12779,-1,0,-3,0,37019,138,28,65,0,0,0,0,0,0,0,0,-32309,0,0,0,0,0,186913,0
186917,26,8672,2040,171,65,22,12779,3,1,-2,0,37019,138,28,65,0,0,0,0,0,0,0,0,-32309,0,0,0,0,0,186918,0
186922,36,8642,2160,152,59,27,12780,5,-1,-1,0,37018,133,28,65,0,0,0,0,0,0,0,0,-32309,0,0,0,0,0,186923,0
186927,104,8648,2246,124,52,31,12780,1,3,-1,0,37018,133,28,65,0,0,0,0,0,0,0,0,-32309,0,0,0,0,0,186928,0
186932,162,8586,2320,74,43,25,12780,3,1,-2,0,37018,130,28,65,0,0,0,0,0,0,0,0,-32308,0,0,0,0,0,186933,0
186937,150,8540,2316,52,38,21,12780,0,3,-2,0,37018,130,28,65,0,0,0,0,0,0,0,0,-32308,0,0,0,0,0,186938,0
186942,166,8470,2292,26,21,17,12780,5,3,-1,0,37016,124,28,65,0,0,0,0,0,0,0,0,-32309,0,0,0,0,0,186943,0
186947,164,8408,2220,5,13,16,12779,-8,-2,-3,0,37016,124,28,65,0,0,0,0,0,0,0,0,-32310,0,0,0,0,0,186948,0
186952,178,8148,1754,10,-12,12,12779,-1,-2,-3,0,37017,123,28,65,0,0,0,0,0,0,0,0,-32309,0,0,0,0,0,186953,0
186957,174,8056,1472,19,-21,11,12779,-1,-3,-3,0,37017,123,28,65,0,0,0,0,0,0,0,0,-32309,0,0,0,0,0,186958,0
186962,168,7988,1264,34,-31,4,12779,-5,-1,-4,0,37020,119,28,65,0,0,0,0,0,0,0,0,-32309,0,0,0,0,0,186963,0
186967,182,7976,1156,44,-45,8,12781,5,6,-3,0,37020,119,28,65,0,0,0,0,0,0,0,0,-32309,0,0,0,0,0,186968,0
186972,184,7984,1314,72,-65,8,12778,0,-4,-2,0,37022,124,28,65,0,0,0,0,0,0,0,0,-32309,0,0,0,0,0,186973,0
186977,202,8026,1486,78,-67,4,12780,3,-1,-4,0,37022,124,28,65,0,0,0,0,0,0,0,0,-32309,0,0,0,0,0,186978,0
186982,200,8062,1662,86,-72,6,12779,0,3,-3,0,37023,122,28,65,0,0,0,0,0,0,0,0,-32308,0,0,0,0,0,186983,0
186987,148,8020,1790,83,-77,6,12779,-3,-2,-2,0,37023,122,28,65,0,0,0,0,0,0,0,0,-32309,0,0,0,0,0,186988,0
186992,22,7998,1604,103,-99,-10,12779,0,-1,-4,0,37022,106,28,65,0,0,0,0,0,0,0,0,-32308,0,0,0,0,0,186993,0
186997,2,7950,1594,102,-111,-1,12779,0,-3,-1,0,37022,106,28,65,0,0,0,0,0,0,0,0,-32308,0,0,0,0,0,186998,0
187002,34,7924,1454,105,-114,-1,12780,0,-1,-3,0,37030,112,28,65,0,0,0,0,0,0,0,0,-32309,0,0,0,0,0,187003,0
187007,86,7894,1510,104,-118,-1,12777,-3,-5,-3,0,37030,112,28,65,0,0,0,0,0,0,0,0,-32309,0,0,0,0,0,187008,0
187012,144,7942,1532,107,-123,-4,12780,1,-2,-2,0,37030,120,28,65,0,0,0,0,0,0,0,0,-32309,0,0,0,0,0,187013,0
187017,186,7966,1462,105,-132,-5,12778,-5,2,-3,0,37030,120,28,65,0,0,0,0,0,0,0,0,-32309,0,0,0,0,0,187019,0
187022,194,7974,1446,107,-130,-7,12779,-4,0,-3,0,37027,126,28,65,0,0,0,0,0,0,0,0,-32309,0,0,0,0,0,187024,0
187027,212,7978,1432,103,-127,-3,12779,-4,-4,-2,0,37027,126,28,65,0,0,0,0,0,0,0,0,-32309,0,0,0,0,0,187029,0
187032,182,7958,1404,90,-125,-10,12779,0,1,-2,0,37019,126,28,65,0,0,0,0,0,0,0,0,-32309,0,0,0,0,0,187034,0
187037,186,8024,1404,90,-125,-13,12778,-4,-2,-3,0,37019,126,28,65,0,0,0,0,0,0,0,0,-32309,0,0,0,0,0,187039,0
187042,188,8036,1402,82,-115,-16,12780,3,-1,-3,0,37018,130,28,65,0,0,0,0,0,0,0,0,-32309,0,0,0,0,0,187044,0
187047,150,8080,1418,74,-106,-19,12778,-9,1,-2,0,37018,130,28,65,0,0,0,0,0,0,0,0,-32309,0,0,0,0,0,187049,0
187052,170,8148,1466,63,-91,-22,12781,7,5,-3,0,37019,124,28,65,0,0,0,0,0,0,0,0,-32309,0,0,0,0,0,187054,0
187057,168,8208,1452,53,-88,-22,12779,-5,-1,-3,0,37019,124,28,65,0,0,0,0,0,0,0,0,-32309,0,0,0,0,0,187059,0
187062,162,8158,1412,51,-75,-30,12779,1,1,-2,0,37019,133,28,65,0,0,0,0,0,0,0,0,-32309,0,0,0,0,0,187064,0
187067,174,8270,1470,38,-66,-25,12781,6,2,-3,0,37019,133,28,65,0,0,0,0,0,0,0,0,-32309,0,0,0,0,0,187069,0
187072,184,8284,1458,24,-50,-36,12779,-6,-1,-3,0,37019,123,28,65,0,0,0,0,0,0,0,0,-32309,0,0,0,0,0,187074,0
187077,180,8324,1438,14,-40,-42,12779,2,-1,-2,0,37019,123,28,65,0,0,0,0,0,0,0,0,-32309,0,0,0,0,0,187079,0
187082,202,8336,1470,5,-29,-44,12780,2,1,-2,0,37019,125,28,65,0,0,0,0,0,0,0,0,-32308,0,0,0,0,0,187084,0
187087,222,8322,1452,2,-20,-43,12780,3,1,-2,0,37019,125,28,65,0,0,0,0,0,0,0,0,-32309,0,0,0,0,0,187089,0
187092,216,8298,1424,-13,-3,-49,12780,3,2,-3,0,37019,122,28,65,0,0,0,0,0,0,0,0,-32309,0,0,0,0,0,187094,0
187097,210,8280,1410,-17,6,-59,12779,4,2,-4,0,37019,122,28,65,0,0,0,0,0,0,0,0,-32309,0,0,0,0,0,187099,0
187102,224,8264,1390,-19,17,-64,12780,2,2,-4,0,37021,105,28,65,0,0,0,0,0,0,0,0,-32309,0,0,0,0,0,187104,0
187107,234,8220,1384,-27,24,-62,12779,-2,-2,-6,0,37021,105,28,65,0,0,0,0,0,0,0,0,-32309,0,0,0,0,0,187109,0
187112,268,8134,1370,-28,33,-70,12779,-6,0,-2,0,37025,115,28,65,0,0,0,0,0,0,0,0,-32309,0,0,0,0,0,187114,0
187117,262,8122,1344,-27,44,-69,12780,3,1,-2,0,37025,115,28,65,0,0,0,0,0,0,0,0,-32309,0,0,0,0,0,187119,0
187122,276,8080,1340,-30,48,-74,12779,-2,-2,-3,0,37026,121,28,65,0,0,0,0,0,0,0,0,-32309,0,0,0,0,0,187124,0
187127,256,8040,1324,-21,56,-72,12780,-3,2,-2,0,37026,121,28,65,0,0,0,0,0,0,0,0,-32309,0,0,0,0,0,187129,0
187132,298,7994,1318,-16,70,-68,12779,-1,-2,-1,0,37024,119,28,65,0,0,0,0,0,0,0,0,-32309,0,0,0,0,0,187134,0
187137,304,7958,1302,-7,79,-73,12779,0,-1,-1,0,37024,119,28,65,0,0,0,0,0,0,0,0,-32309,0,0,0,0,0,187139,0
187142,268,7968,1276,-7,83,-67,12780,3,0,-1,0,37019,122,28,65,0,0,0,0,0,0,0,0,-32308,0,0,0,0,0,187144,0
187147,290,7992,1292,1,84,-68,12779,1,-2,-1,0,37019,122,28,65,0,0,0,0,0,0,0,0,-32308,0,0,0,0,0,187149,0
187152,290,8000,1282,19,102,-63,12779,-3,1,-2,0,37020,122,28,65,0,0,0,0,0,0,0,0,-32309,0,0,0,0,0,187154,0
187157,260,7996,1314,24,101,-65,12780,1,1,-2,0,37020,122,28,65,0,0,0,0,0,0,0,0,-32309,0,0,0,0,0,187159,0
187162,290,8026,1296,31,111,-57,12779,3,0,-3,0,37019,120,28,65,0,0,0,0,0,0,0,0,-32309,0,0,0,0,0,187164,0
187167,282,8028,1320,29,115,-56,12778,-2,-5,-4,0,37019,120,28,65,0,0,0,0,0,0,0,0,-32309,0,0,0,0,0,187169,0
187172,270,8078,1362,37,115,-47,12779,-9,1,-3,0,37018,125,28,65,0,0,0,0,0,0,0,0,-32309,0,0,0,0,0,187174,0
187177,284,8050,1358,45,116,-39,12779,0,1,-4,0,37018,125,28,65,0,0,0,0,0,0,0,0,-32309,0,0,0,0,0,187179,0
187182,304,8040,1368,44,120,-42,12780,3,-2,-3,0,37018,121,28,65,0,0,0,0,0,0,0,0,-32309,0,0,0,0,0,187184,0
187187,304,8036,1370,43,118,-32,12778,-6,0,-2,0,37018,121,28,65,0,0,0,0,0,0,0,0,-32309,0,0,0,0,0,187189,0
187192,308,8034,1436,35,124,-24,12779,1,3,-3,0,37019,129,28,65,0,0,0,0,0,0,0,0,-32309,0,0,0,0,0,187194,0
187197,314,8064,1444,36,126,-16,12779,-7,-2,-3,0,37019,129,28,65,0,0,0,0,0,0,0,0,-32309,0,0,0,0,0,187199,0
187202,304,8002,1452,39,135,-10,12780,0,-3,-3,0,37021,131,28,65,0,0,0,0,0,0,0,0,-32309,0,0,0,0,0,187204,0
187207,322,8034,1448,33,134,-6,12779,2,2,-5,0,37021,131,28,65,0,0,0,0,0,0,0,0,-32309,0,0,0,0,0,187209,0
187212,326,8056,1468,17,144,1,12779,-7,-1,-5,0,37024,132,28,65,0,0,0,0,0,0,0,0,-32309,0,0,0,0,0,187214,0
187217,306,8112,1480,11,154,11,12780,-4,-4,-3,0,37024,132,28,65,0,0,0,0,0,0,0,0,-32309,0,0,0,0,0,187219,0
187222,268,8122,1480,1,155,9,12780,1,4,-3,0,37025,139,28,65,0,0,0,0,0,0,0,0,-32309,0,0,0,0,0,187224,0
187227,272,8126,1496,-3,159,17,12780,5,0,-1,0,37025,139,28,65,0,0,0,0,0,0,0,0,-32309,0,0,0,0,0,187229,0
187232,222,8156,1480,-15,166,20,12779,-7,-3,-1,0,37026,141,28,65,0,0,0,0,0,0,0,0,-32309,0,0,0,0,0,187234,0
187237,222,8186,1490,-19,167,28,12780,2,2,-2,0,37026,141,28,65,0,0,0,0,0,0,0,0,-32309,0,0,0,0,0,187239,0
187242,192,8244,1488,-25,174,32,12781,6,-5,-1,0,37022,125,28,65,0,0,0,0,0,0,0,0,-32309,0,0,0,0,0,187244,0
187247,190,8206,1490,-20,172,38,12780,0,0,-3,0,37022,125,28,65,0,0,0,0,0,0,0,0,-32309,0,0,0,0,0,187249,0
187252,146,8176,1486,-31,173,41,12780,2,-1,-3,0,37020,117,28,65,0,0,0,0,0,0,0,0,-32309,0,0,0,0,0,187254,0
187257,146,8148,1482,-35,168,44,12779,0,0,-3,0,37020,117,28,65,0,0,0,0,0,0,0,0,-32309,0,0,0,0,0,187259,0
187262,104,8116,1482,-44,172,49,12781,12,-2,-2,0,37019,118,28,65,0,0,0,0,0,0,0,0,-32309,0,0,0,0,0,187264,0
187267,94,8092,1472,-35,167,48,12779,0,-1,-2,0,37019,118,28,65,0,0,0,0,0,0,0,0,-32309,0,0,0,0,0,187269,0
187272,64,8000,1464,-50,159,48,12779,0,5,-2,0,37018,125,28,65,0,0,0,0,0,0,0,0,-32308,0,0,0,0,0,187274,0
187277,56,7908,1460,-48,162,46,12779,-7,-4,-3,0,37018,125,28,65,0,0,0,0,0,0,0,0,-32309,0,0,0,0,0,187279,0
187282,46,7904,1478,-52,158,40,12780,-1,0,-3,0,37017,134,28,65,0,0,0,0,0,0,0,0,-32309,0,0,0,0,0,187284,0
187287,36,7892,1484,-54,157,42,12780,1,-2,-2,0,37017,134,28,65,0,0,0,0,0,0,0,0,-32309,0,0,0,0,0,187289,0
187292,-26,7886,1484,-60,152,26,12779,-2,-1,-2,0,37018,134,28,65,0,0,0,0,0,0,0,0,-32309,0,0,0,0,0,187294,0
187297,-10,7864,1452,-50,153,25,12779,-6,0,-2,0,37018,134,28,65,0,0,0,0,0,0,0,0,-32309,0,0,0,0,0,187299,0
187302,-26,7810,1452,-58,147,20,12780,8,0,-3,0,37019,134,28,65,0,0,0,0,0,0,0,0,-32309,0,0,0,0,0,187304,0
187307,-48,7842,1476,-54,150,20,12779,-5,4,-3,0,37019,134,28,65,0,0,0,0,0,0,0,0,-32309,0,0,0,0,0,187309,0
187312,-74,7868,1498,-57,139,11,12779,-3,-1,-2,0,37019,136,28,65,0,0,0,0,0,0,0,0,-32309,0,0,0,0,0,187314,0
187317,-88,7874,1508,-56,136,11,12780,-2,-5,-1,0,37019,136,28,65,0,0,0,0,0,0,0,0,-32308,0,0,0,0,0,187319,0
187322,-100,7888,1502,-60,126,4,12780,-1,1,-3,0,37023,126,28,65,0,0,0,0,0,0,0,0,-32309,0,0,0,0,0,187324,0
187327,-98,7888,1482,-68,121,2,12779,-2,0,-1,0,37023,126,28,65,0,0,0,0,0,0,0,0,-32309,0,0,0,0,0,187329,0
187332,-94,7896,1498,-73,105,-9,12779,2,-1,-1,0,37024,119,28,65,0,0,0,0,0,0,0,0,-32309,0,0,0,0,0,187334,0
187337,-96,7900,1492,-86,95,-13,12780,6,-1,-3,0,37024,119,28,65,0,0,0,0,0,0,0,0,-32309,0,0,0,0,0,187339,0
187342,-94,7884,1462,-83,86,-18,12780,2,4,-3,0,37025,118,28,65,0,0,0,0,0,0,0,0,-32309,0,0,0,0,0,187344,0
187347,-72,7910,1466,-88,68,-25,12779,-1,4,-3,0,37025,118,28,65,0,0,0,0,0,0,0,0,-32309,0,0,0,0,0,187349,0
187352,-52,7924,1472,-105,44,-33,12781,4,1,-1,0,37021,118,28,65,0,0,0,0,0,0,0,0,-32309,0,0,0,0,0,187354,0
187357,-58,7956,1446,-114,31,-31,12780,5,-2,-2,0,37021,118,28,65,0,0,0,0,0,0,0,0,-32309,0,0,0,0,0,187359,0
187362,-30,8002,1432,-122,22,-31,12779,-1,-2,-2,0,37017,126,28,65,0,0,0,0,0,0,0,0,-32309,0,0,0,0,0,187364,0
187367,-24,8024,1416,-121,5,-43,12780,0,0,-3,0,37017,126,28,65,0,0,0,0,0,0,0,0,-32309,0,0,0,0,0,187369,0
187372,24,8120,1402,-138,-24,-52,12779,-1,0,-3,0,37013,129,28,65,0,0,0,0,0,0,0,0,-32308,0,0,0,0,0,187374,0
187377,60,8148,1368,-141,-37,-59,12779,-5,0,-2,0,37013,129,28,65,0,0,0,0,0,0,0,0,-32309,0,0,0,0,0,187379,0
187382,78,8176,1376,-151,-52,-59,12779,0,-2,-3,0,37012,123,28,65,0,0,0,0,0,0,0,0,-32309,0,0,0,0,0,187384,0
187387,70,8246,1364,-147,-65,-59,12779,-3,0,-1,0,37012,123,28,65,0,0,0,0,0,0,0,0,-32309,0,0,0,0,0,187389,0
187392,112,8274,1338,-153,-95,-60,12779,0,1,-2,0,37016,129,28,65,0,0,0,0,0,0,0,0,-32309,0,0,0,0,0,187394,0
187397,144,8332,1320,-152,-112,-63,12779,-3,2,-3,0,37016,129,28,65,0,0,0,0,0,0,0,0,-32309,0,0,0,0,0,187399,0
187402,160,8394,1310,-155,-127,-64,12780,3,1,-4,0,37031,133,28,65,0,0,0,0,0,0,0,0,-32309,0,0,0,0,0,187404,0
187407,182,8412,1298,-154,-141,-62,12778,-3,2,-3,0,37031,133,28,65,0,0,0,0,0,0,0,0,-32309,0,0,0,0,0,187409,0
187412,178,8428,1266,-149,-169,-56,12779,-5,0,-3,0,37045,134,28,65,0,0,0,0,0,0,0,0,-32309,0,0,0,0,0,187414,0
187417,216,8478,1274,-146,-183,-51,12779,-5,-3,-4,0,37045,134,28,65,0,0,0,0,0,0,0,0,-32309,0,0,0,0,0,187419,0
187422,214,8454,1272,-140,-198,-42,12780,-3,2,-5,0,37046,130,28,65,0,0,0,0,0,0,0,0,-32309,0,0,0,0,0,187424,0
187427,232,8404,1268,-126,-212,-31,12778,-10,0,-5,0,37046,130,28,65,0,0,0,0,0,0,0,0,-32309,0,0,0,0,0,187429,0
187432,274,8334,1252,-122,-228,-20,12779,1,2,-2,0,37035,117,28,65,0,0,0,0,0,0,0,0,-32309,0,0,0,0,0,187434,0
187437,312,8266,1260,-113,-238,-15,12779,-6,-1,-2,0,37035,117,28,65,0,0,0,0,0,0,0,0,-32308,0,0,0,0,0,187439,0
187442,272,8218,1244,-106,-246,-11,12780,-1,4,-3,0,37022,111,28,65,0,0,0,0,0,0,0,0,-32309,0,0,0,0,0,187444,0
187447,294,8182,1256,-99,-255,-8,12779,-1,3,-4,0,37022,111,28,65,0,0,0,0,0,0,0,0,-32309,0,0,0,0,0,187449,0
187452,312,8134,1268,-84,-271,-2,12779,-6,3,-4,0,37021,119,28,65,0,0,0,0,0,0,0,0,-32309,0,0,0,0,0,187454,0
187457,276,8106,1240,-85,-284,2,12781,2,-1,-4,0,37021,119,28,65,0,0,0,0,0,0,0,0,-32309,0,0,0,0,0,187459,0
187462,244,8130,1256,-67,-290,10,12780,-1,5,-3,0,37019,132,28,65,0,0,0,0,0,0,0,0,-32309,0,0,0,0,0,187464,0
187467,272,8122,1266,-62,-298,19,12779,-3,3,-4,0,37019,132,28,65,0,0,0,0,0,0,0,0,-32309,0,0,0,0,0,187469,0
187472,260,8094,1302,-47,-320,26,12780,1,-6,-3,0,37022,128,28,65,0,0,0,0,0,0,0,0,-32309,0,0,0,0,0,187474,0
187477,266,8088,1302,-35,-331,38,12780,2,2,-2,0,37022,128,28,65,0,0,0,0,0,0,0,0,-32309,0,0,0,0,0,187479,0
187482,258,8066,1332,-32,-337,45,12779,-1,4,-3,0,37023,127,28,65,0,0,0,0,0,0,0,0,-32309,0,0,0,0,0,187484,0
187487,252,8058,1324,-21,-349,50,12780,6,3,-2,0,37023,127,28,65,0,0,0,0,0,0,0,0,-32309,0,0,0,0,0,187489,0
187492,264,7972,1368,-13,-363,65,12779,-1,-1,-1,0,37024,113,28,65,0,0,0,0,0,0,0,0,-32309,0,0,0,0,0,187494,0
187497,246,7918,1402,-13,-375,68,12780,-5,0,-2,0,37024,113,28,65,0,0,0,0,0,0,0,0,-32309,0,0,0,0,0,187499,0
187502,274,7886,1396,-7,-383,76,12779,-5,-1,-2,0,37021,115,28,65,0,0,0,0,0,0,0,0,-32309,0,0,0,0,0,187504,0
187507,264,7840,1430,-6,-383,84,12780,0,0,-3,0,37021,115,28,65,0,0,0,0,0,0,0,0,-32309,0,0,0,0,0,187509,0
187512,288,7752,1440,2,-396,93,12779,-3,-4,-3,0,37019,116,28,65,0,0,0,0,0,0,0,0,-32309,0,0,0,0,0,187514,0
187517,292,7776,1424,3,-398,96,12779,-3,1,-4,0,37019,116,28,65,0,0,0,0,0,0,0,0,-32309,0,0,0,0,0,187519,0
187522,308,7776,1444,3,-400,95,12780,-3,4,-3,0,37020,123,28,65,0,0,0,0,0,0,0,0,-32309,0,0,0,0,0,187524,0
187527,298,7776,1452,-4,-394,103,12781,0,1,-5,0,37020,123,28,65,0,0,0,0,0,0,0,0,-32309,0,0,0,0,0,187529,0
187532,342,7804,1468,0,-395,104,12779,-4,1,-5,0,37019,140,28,65,0,0,0,0,0,0,0,0,-32309,0,0,0,0,0,187534,0
187537,348,7800,1464,-4,-387,112,12780,3,0,-3,0,37019,140,28,65,0,0,0,0,0,0,0,0,-32309,0,0,0,0,0,187539,0
187542,352,7836,1468,-8,-377,110,12779,0,-3,-2,0,37021,141,28,65,0,0,0,0,0,0,0,0,-32309,0,0,0,0,0,187544,0
187547,368,7840,1448,-8,-373,115,12780,2,5,-2,0,37021,141,28,65,0,0,0,0,0,0,0,0,-32309,0,0,0,0,0,187549,0
187552,386,7894,1428,-8,-357,118,12780,1,1,-2,0,37021,136,28,65,0,0,0,0,0,0,0,0,-32309,0,0,0,0,0,187554,0
187557,432,7920,1426,-14,-346,121,12778,-9,1,-3,0,37021,136,28,65,0,0,0,0,0,0,0,0,-32308,0,0,0,0,0,187559,0
187562,392,7912,1404,-12,-335,125,12780,0,-2,-2,0,37022,135,28,65,0,0,0,0,0,0,0,0,-32309,0,0,0,0,0,187564,0
187567,432,7936,1388,-4,-331,123,12780,-1,0,-2,0,37022,135,28,65,0,0,0,0,0,0,0,0,-32309,0,0,0,0,0,187569,0
187572,418,7960,1388,-7,-311,136,12780,1,1,-3,0,37021,131,28,65,0,0,0,0,0,0,0,0,-32309,0,0,0,0,0,187574,0
187577,406,7966,1352,-2,-300,142,12780,4,-1,-3,0,37021,131,28,65,0,0,0,0,0,0,0,0,-32309,0,0,0,0,0,187579,0
187582,434,7984,1352,0,-294,145,12778,-6,-2,-4,0,37019,127,28,65,0,0,0,0,0,0,0,0,-32309,0,0,0,0,0,187584,0
187587,456,7966,1300,-1,-277,150,12780,-6,4,-2,0,37019,127,28,65,0,0,0,0,0,0,0,0,-32309,0,0,0,0,0,187589,0
187592,456,7976,1302,3,-263,157,12779,-2,-1,-2,0,37020,127,28,65,0,0,0,0,0,0,0,0,-32309,0,0,0,0,0,187594,0
187597,444,7984,1258,11,-250,164,12780,-1,2,-4,0,37020,127,28,65,0,0,0,0,0,0,0,0,-32309,0,0,0,0,0,187599,0
187602,470,7994,1270,14,-229,167,12781,3,-2,-4,0,37020,117,28,65,0,0,0,0,0,0,0,0,-32309,0,0,0,0,0,187604,0
187607,470,7978,1258,18,-218,169,12779,-4,3,-5,0,37020,117,28,65,0,0,0,0,0,0,0,0,-32309,0,0,0,0,0,187609,0
187612,434,7996,1248,28,-190,175,12780,0,1,-4,0,37019,119,28,65,0,0,0,0,0,0,0,0,-32309,0,0,0,0,0,187614,0
187617,448,7970,1250,29,-177,184,12779,-3,0,-4,0,37019,119,28,65,0,0,0,0,0,0,0,0,-32309,0,0,0,0,0,187619,0
187622,458,7956,1252,43,-163,181,12780,0,0,-5,0,37018,125,28,65,0,0,0,0,0,0,0,0,-32309,0,0,0,0,0,187624,0
187627,428,7942,1226,50,-147,188,12780,1,0,-2,0,37018,125,28,65,0,0,0,0,0,0,0,0,-32308,0,0,0,0,0,187629,0
187632,424,7890,1210,61,-123,192,12781,0,1,-2,0,37018,124,28,65,0,0,0,0,0,0,0,0,-32309,0,0,0,0,0,187634,0
187637,408,7874,1208,63,-105,192,12780,5,0,-5,0,37018,124,28,65,0,0,0,0,0,0,0,0,-32309,0,0,0,0,0,187639,0
187642,384,7824,1206,73,-100,196,12779,-2,1,-3,0,37019,124,28,65,0,0,0,0,0,0,0,0,-32309,0,0,0,0,0,187644,0
187647,382,7806,1198,76,-88,203,12780,-5,-2,-2,0,37019,124,28,65,0,0,0,0,0,0,0,0,-32309,0,0,0,0,0,187649,0
187652,404,7782,1216,96,-69,206,12780,7,3,-3,0,37019,116,28,65,0,0,0,0,0,0,0,0,-32309,0,0,0,0,0,187654,0
187657,392,7744,1208,100,-59,210,12780,2,3,-3,0,37019,116,28,65,0,0,0,0,0,0,0,0,-32309,0,0,0,0,0,187659,0
187662,372,7774,1200,105,-51,215,12779,3,-2,-3,0,37020,119,28,65,0,0,0,0,0,0,0,0,-32309,0,0,0,0,0,187664,0
187667,344,7752,1206,114,-36,220,12780,-2,3,-3,0,37020,119,28,65,0,0,0,0,0,0,0,0,-32309,0,0,0,0,0,187669,0
187672,344,7712,1224,128,-16,229,12781,6,1,-3,0,37018,128,28,65,0,0,0,0,0,0,0,0,-32309,0,0,0,0,0,187674,0
187677,344,7752,1228,136,-6,227,12780,-2,-1,-3,0,37018,128,28,65,0,0,0,0,0,0,0,0,-32308,0,0,0,0,0,187679,0
187682,326,7744,1234,149,3,232,12780,6,-1,-2,0,37018,133,28,65,0,0,0,0,0,0,0,0,-32309,0,0,0,0,0,187684,0
187687,326,7740,1270,158,21,235,12780,0,-3,-1,0,37018,133,28,65,0,0,0,0,0,0,0,0,-32309,0,0,0,0,0,187689,0
187692,316,7736,1282,169,40,236,12780,-4,0,-2,0,37014,125,28,65,0,0,0,0,0,0,0,0,-32309,0,0,0,0,0,187694,0
187697,286,7768,1278,176,59,242,12779,-3,-2,-2,0,37014,125,28,65,0,0,0,0,0,0,0,0,-32309,0,0,0,0,0,187699,0
187702,278,7766,1260,181,66,242,12779,-4,-1,-4,0,37014,132,28,65,0,0,0,0,0,0,0,0,-32309,0,0,0,0,0,187704,0
187707,252,7744,1288,185,77,246,12779,2,-3,-4,0,37014,132,28,65,0,0,0,0,0,0,0,0,-32309,0,0,0,0,0,187709,0
187712,214,7744,1294,202,99,249,12780,-4,0,-2,0,37018,137,28,65,0,0,0,0,0,0,0,0,-32309,0,0,0,0,0,187714,0
187717,238,7748,1312,199,111,243,12781,0,2,-4,0,37018,137,28,65,0,0,0,0,0,0,0,0,-32309,0,0,0,0,0,187719,0
187722,196,7768,1312,208,112,246,12780,5,0,-5,0,37023,136,28,65,0,0,0,0,0,0,0,0,-32309,0,0,0,0,0,187724,0
187727,180,7766,1306,209,129,246,12779,-3,0,-3,0,37023,136,28,65,0,0,0,0,0,0,0,0,-32308,0,0,0,0,0,187729,0
187732,140,7774,1304,226,147,239,12781,-1,-4,-1,0,37021,134,28,65,0,0,0,0,0,0,0,0,-32309,0,0,0,0,0,187734,0
187737,134,7776,1322,232,166,238,12780,-1,3,-4,0,37021,134,28,65,0,0,0,0,0,0,0,0,-32309,0,0,0,0,0,187739,0
187742,106,7774,1306,232,175,237,12781,5,2,-5,0,37024,115,28,65,0,0,0,0,0,0,0,0,-32308,0,0,0,0,0,187744,0
187747,110,7822,1318,240,187,235,12780,1,-4,-2,0,37024,115,28,65,0,0,0,0,0,0,0,0,-32309,0,0,0,0,0,187749,0
187752,30,7838,1334,257,202,229,12780,-3,-3,-4,0,37022,119,28,65,0,0,0,0,0,0,0,0,-32309,0,0,0,0,0,187754,0
187757,18,7876,1348,268,219,223,12780,1,-1,-3,0,37022,119,28,65,0,0,0,0,0,0,0,0,-32309,0,0,0,0,0,187759,0
187762,-24,7892,1328,268,226,219,12780,2,-1,-2,0,37021,128,28,65,0,0,0,0,0,0,0,0,-32309,0,0,0,0,0,187764,0
187767,-20,7890,1306,279,234,210,12781,7,3,-5,0,37021,128,28,65,0,0,0,0,0,0,0,0,-32309,0,0,0,0,0,187769,0
187772,-68,7856,1344,289,245,195,12778,-5,-2,-2,0,37016,123,28,65,0,0,0,0,0,0,0,0,-32309,0,0,0,0,0,187774,0
187777,-108,7840,1340,296,254,188,12780,2,0,-2,0,37016,123,28,65,0,0,0,0,0,0,0,0,-32309,0,0,0,0,0,187779,0
187782,-94,7830,1350,307,256,176,12781,-1,-6,-1,0,37016,123,28,65,0,0,0,0,0,0,0,0,-32308,0,0,0,0,0,187784,0
187787,-114,7816,1364,310,252,171,12779,3,4,-3,0,37016,123,28,65,0,0,0,0,0,0,0,0,-32309,0,0,0,0,0,187789,0
187792,-126,7790,1388,320,254,149,12779,-9,-1,-1,0,37018,116,28,65,0,0,0,0,0,0,0,0,-32309,0,0,0,0,0,187794,0
187797,-112,7786,1384,317,255,138,12781,-3,-6,-1,0,37018,116,28,65,0,0,0,0,0,0,0,0,-32309,0,0,0,0,0,187799,0
187802,-108,7806,1428,321,258,132,12780,-5,-1,-3,0,37018,112,28,65,0,0,0,0,0,0,0,0,-32309,0,0,0,0,0,187804,0
187807,-104,7798,1442,329,254,124,12781,3,0,-3,0,37018,112,28,65,0,0,0,0,0,0,0,0,-32309,0,0,0,0,0,187809,0
187812,-104,7780,1446,331,255,114,12779,5,-2,-3,0,37018,123,28,65,0,0,0,0,0,0,0,0,-32309,0,0,0,0,0,187814,0
187817,-106,7772,1448,329,253,105,12779,-1,-1,-3,0,37018,123,28,65,0,0,0,0,0,0,0,0,-32309,0,0,0,0,0,187819,0
187822,-88,7748,1436,327,244,98,12779,-8,1,-4,0,37019,126,28,65,0,0,0,0,0,0,0,0,-32309,0,0,0,0,0,187824,0
187827,-130,7750,1472,327,247,91,12780,-5,2,-2,0,37019,126,28,65,0,0,0,0,0,0,0,0,-32309,0,0,0,0,0,187829,0
187832,-126,7714,1462,324,232,83,12779,4,3,-2,0,37019,129,28,65,0,0,0,0,0,0,0,0,-32309,0,0,0,0,0,187834,0
187837,-132,7696,1480,322,228,81,12780,-3,0,-4,0,37019,129,28,65,0,0,0,0,0,0,0,0,-32309,0,0,0,0,0,187839,0
187842,-108,7660,1496,322,218,77,12779,2,-4,-4,0,37022,122,28,65,0,0,0,0,0,0,0,0,-32309,0,0,0,0,0,187844,0
187847,-144,7644,1492,322,204,70,12780,-1,3,-2,0,37022,122,28,65,0,0,0,0,0,0,0,0,-32309,0,0,0,0,0,187849,0
187852,-178,7634,1510,319,182,64,12780,0,5,-3,0,37023,122,28,65,0,0,0,0,0,0,0,0,-32309,0,0,0,0,0,187854,0
187857,-166,7594,1500,321,164,63,12779,0,0,-4,0,37023,122,28,65,0,0,0,0,0,0,0,0,-32309,0,0,0,0,0,187859,0
187862,-168,7596,1474,320,151,59,12780,0,1,-2,0,37024,125,28,65,0,0,0,0,0,0,0,0,-32309,0,0,0,0,0,187864,0
187867,-190,7564,1490,324,137,51,12780,3,-1,-1,0,37024,125,28,65,0,0,0,0,0,0,0,0,-32309,0,0,0,0,0,187869,0
187872,-196,7566,1478,322,105,39,12780,2,6,-1,0,37019,133,28,65,0,0,0,0,0,0,0,0,-32309,0,0,0,0,0,187874,0
187877,-144,7594,1482,323,94,29,12780,1,1,-3,0,37019,133,28,65,0,0,0,0,0,0,0,0,-32309,0,0,0,0,0,187879,0
187882,-164,7610,1470,320,77,27,12780,2,-2,-2,0,37017,127,28,65,0,0,0,0,0,0,0,0,-32309,0,0,0,0,0,187884,0
187887,-146,7618,1458,326,69,17,12781,4,1,-2,0,37017,127,28,65,0,0,0,0,0,0,0,0,-32309,0,0,0,0,0,187889,0
187892,-160,7724,1444,323,50,-3,12780,0,1,-2,0,37016,131,28,65,0,0,0,0,0,0,0,0,-32309,0,0,0,0,0,187894,0
187897,-146,7806,1424,319,41,-15,12780,0,-1,-1,0,37016,131,28,65,0,0,0,0,0,0,0,0,-32309,0,0,0,0,0,187899,0
187902,-124,7878,1422,325,33,-22,12779,0,-7,-3,0,37017,136,28,65,0,0,0,0,0,0,0,0,-32309,0,0,0,0,0,187904,0
187907,-140,7928,1406,328,31,-31,12781,1,1,-3,0,37017,136,28,65,0,0,0,0,0,0,0,0,-32309,0,0,0,0,0,187909,0
187912,-126,8064,1424,325,24,-55,12781,1,6,-2,0,37017,124,28,65,0,0,0,0,0,0,0,0,-32309,0,0,0,0,0,187914,0
187917,-90,8120,1412,322,24,-58,12778,-6,-7,-3,0,37017,124,28,65,0,0,0,0,0,0,0,0,-32309,0,0,0,0,0,187919,0
187922,-92,8202,1442,325,18,-71,12780,6,-2,-2,0,37016,121,28,65,0,0,0,0,0,0,0,0,-32308,0,0,0,0,0,187924,0
187927,-110,8264,1442,332,21,-82,12779,-3,-6,-2,0,37016,121,28,65,0,0,0,0,0,0,0,0,-32309,0,0,0,0,0,187929,0
187932,-104,8284,1462,334,15,-100,12779,-4,-2,-2,0,37016,120,28,65,0,0,0,0,0,0,0,0,-32309,0,0,0,0,0,187934,0
187937,-94,8292,1454,333,15,-108,12779,-5,-1,-3,0,37016,120,28,65,0,0,0,0,0,0,0,0,-32309,0,0,0,0,0,187939,0
187942,-86,8284,1472,334,16,-119,12779,-4,-3,-1,0,37016,119,28,65,0,0,0,0,0,0,0,0,-32309,0,0,0,0,0,187944,0
187947,-104,8240,1504,334,17,-130,12781,9,-1,0,0,37016,119,28,65,0,0,0,0,0,0,0,0,-32309,0,0,0,0,0,187949,0
187952,-92,8184,1498,324,13,-146,12779,-1,-4,-1,0,37018,122,28,65,0,0,0,0,0,0,0,0,-32308,0,0,0,0,0,187954,0
187957,-86,8166,1496,325,20,-155,12779,-4,4,-3,0,37018,122,28,65,0,0,0,0,0,0,0,0,-32309,0,0,0,0,0,187959,0
187962,-58,8130,1500,322,19,-167,12780,2,1,-3,0,37022,121,28,65,0,0,0,0,0,0,0,0,-32309,0,0,0,0,0,187964,0
187967,-36,8084,1492,323,21,-175,12779,0,-6,-5,0,37022,121,28,65,0,0,0,0,0,0,0,0,-32309,0,0,0,0,0,187969,0
187972,-18,8086,1464,315,22,-187,12779,-5,-4,-4,0,37025,123,28,65,0,0,0,0,0,0,0,0,-32309,0,0,0,0,0,187974,0
187977,8,8072,1458,307,29,-197,12780,0,0,-3,0,37025,123,28,65,0,0,0,0,0,0,0,0,-32309,0,0,0,0,0,187979,0
187982,26,8114,1456,312,29,-194,12779,-6,-4,-4,0,37022,119,28,65,0,0,0,0,0,0,0,0,-32309,0,0,0,0,0,187984,0
187987,48,8118,1464,308,39,-199,12781,0,5,-1,0,37022,119,28,65,0,0,0,0,0,0,0,0,-32309,0,0,0,0,0,187989,0
187992,106,8106,1474,304,35,-195,12780,-4,-1,-2,0,37019,107,28,65,0,0,0,0,0,0,0,0,-32309,0,0,0,0,0,187994,0
187997,90,8134,1452,306,44,-198,12778,-4,-6,-1,0,37019,107,28,65,0,0,0,0,0,0,0,0,-32309,0,0,0,0,0,187999,0
188002,98,8150,1450,306,45,-190,12779,-6,-2,-2,0,37015,112,28,65,0,0,0,0,0,0,0,0,-32309,0,0,0,0,0,188004,0
188007,108,8188,1464,311,52,-182,12779,-7,-2,-5,0,37015,112,28,65,0,0,0,0,0,0,0,0,-32309,0,0,0,0,0,188009,0
188012,120,8174,1460,308,52,-174,12779,-1,-1,-4,0,37016,123,28,65,0,0,0,0,0,0,0,0,-32309,0,0,0,0,0,188014,0
188017,152,8144,1474,317,46,-168,12780,1,-2,-4,0,37016,123,28,65,0,0,0,0,0,0,0,0,-32309,0,0,0,0,0,188020,0
188022,164,8158,1498,313,44,-160,12780,-1,0,-3,0,37017,128,28,65,0,0,0,0,0,0,0,0,-32309,0,0,0,0,0,188025,0
188027,180,8134,1496,316,47,-157,12780,0,0,-2,0,37017,128,28,65,0,0,0,0,0,0,0,0,-32309,0,0,0,0,0,188030,0
188032,194,8104,1516,321,36,-147,12780,0,0,-2,0,37017,134,28,65,0,0,0,0,0,0,0,0,-32309,0,0,0,0,0,188035,0
188037,202,8112,1540,326,31,-140,12782,11,4,-3,0,37017,134,28,65,0,0,0,0,0,0,0,0,-32308,0,0,0,0,0,188040,0
188042,178,8114,1554,324,30,-131,12781,2,4,-1,0,37019,136,28,65,0,0,0,0,0,0,0,0,-32309,0,0,0,0,0,188045,0
188047,178,8118,1566,327,20,-130,12781,3,5,0,0,37019,136,28,65,0,0,0,0,0,0,0,0,-32308,0,0,0,0,0,188050,0
188052,162,8092,1598,321,6,-128,12780,1,0,-1,0,37022,127,28,65,0,0,0,0,0,0,0,0,-32309,0,0,0,0,0,188055,0
188057,128,8058,1606,326,-5,-128,12780,0,0,-4,0,37022,127,28,65,0,0,0,0,0,0,0,0,-32309,0,0,0,0,0,188060,0
188062,162,8060,1640,321,-12,-126,12779,-1,-4,-3,0,37021,128,28,65,0,0,0,0,0,0,0,0,-32309,0,0,0,0,0,188065,0
188067,158,8048,1670,315,-22,-128,12781,3,2,-3,0,37021,128,28,65,0,0,0,0,0,0,0,0,-32309,0,0,0,0,0,188070,0
188072,114,8038,1698,307,-38,-130,12780,-3,-2,-2,0,37020,130,28,65,0,0,0,0,0,0,0,0,-32309,0,0,0,0,0,188075,0
188077,136,8066,1730,304,-52,-134,12780,6,1,-3,0,37020,130,28,65,0,0,0,0,0,0,0,0,-32309,0,0,0,0,0,188080,0
188082,166,8044,1762,299,-67,-139,12780,-1,-2,-3,0,37017,123,28,65,0,0,0,0,0,0,0,0,-32309,0,0,0,0,0,188085,0
188087,124,7984,1756,284,-80,-139,12781,6,4,-4,0,37017,123,28,65,0,0,0,0,0,0,0,0,-32309,0,0,0,0,0,188090,0
188092,152,7970,1728,267,-101,-154,12780,0,1,-3,0,37017,128,28,65,0,0,0,0,0,0,0,0,-32309,0,0,0,0,0,188095,0
188097,158,7968,1750,254,-115,-153,12780,2,0,-2,0,37017,128,28,65,0,0,0,0,0,0,0,0,-32309,0,0,0,0,0,188100,0
188102,214,8010,1784,244,-133,-157,12779,0,-2,-2,0,37017,115,28,65,0,0,0,0,0,0,0,0,-32309,0,0,0,0,0,188105,0
188107,218,8066,1776,230,-144,-159,12780,-6,1,-3,0,37017,115,28,65,0,0,0,0,0,0,0,0,-32309,0,0,0,0,0,188110,0
188112,236,8132,1802,209,-171,-157,12781,2,2,-3,0,37018,123,28,65,0,0,0,0,0,0,0,0,-32309,0,0,0,0,0,188115,0
188117,302,8160,1794,192,-180,-148,12780,2,-2,-2,0,37018,123,28,65,0,0,0,0,0,0,0,0,-32309,0,0,0,0,0,188120,0
188122,326,8190,1808,170,-185,-148,12780,-3,0,-2,0,37018,128,28,65,0,0,0,0,0,0,0,0,-32309,0,0,0,0,0,188125,0
188127,330,8234,1782,157,-200,-138,12780,1,1,-2,0,37018,128,28,65,0,0,0,0,0,0,0,0,-32309,0,0,0,0,0,188130,0
188132,378,8314,1772,130,-211,-126,12781,-1,1,-2,0,37019,125,28,65,0,0,0,0,0,0,0,0,-32309,0,0,0,0,0,188135,0
188137,408,8324,1752,114,-222,-113,12779,-5,-3,-2,0,37019,125,28,65,0,0,0,0,0,0,0,0,-32309,0,0,0,0,0,188140,0
188142,424,8366,1754,96,-225,-108,12780,0,-3,-2,0,37018,111,28,65,0,0,0,0,0,0,0,0,-32309,0,0,0,0,0,188145,0
188147,420,8366,1712,87,-232,-102,12780,-2,2,-4,0,37018,111,28,65,0,0,0,0,0,0,0,0,-32309,0,0,0,0,0,188150,0
188152,460,8360,1688,65,-239,-82,12780,0,0,-4,0,37021,118,28,65,0,0,0,0,0,0,0,0,-32309,0,0,0,0,0,188155,0
188157,464,8348,1684,57,-247,-75,12780,-5,-1,-1,0,37021,118,28,65,0,0,0,0,0,0,0,0,-32309,0,0,0,0,0,188160,0
188162,456,8386,1646,46,-250,-72,12779,-3,-2,-3,0,37021,118,28,65,0,0,0,0,0,0,0,0,-32309,0,0,0,0,0,188165,0
188167,446,8374,1660,37,-246,-64,12780,-4,1,-2,0,37021,118,28,65,0,0,0,0,0,0,0,0,-32309,0,0,0,0,0,188170,0
188172,494,8354,1636,24,-248,-49,12780,6,-2,-2,0,37020,128,28,65,0,0,0,0,0,0,0,0,-32309,0,0,0,0,0,188175,0
188177,472,8350,1606,24,-246,-43,12780,-5,-3,-2,0,37020,128,28,65,0,0,0,0,0,0,0,0,-32309,0,0,0,0,0,188180,0
188182,494,8342,1566,10,-243,-40,12780,0,3,-2,0,37017,130,28,65,0,0,0,0,0,0,0,0,-32309,0,0,0,0,0,188185,0
188187,504,8328,1580,5,-239,-33,12779,-1,-5,-2,0,37017,130,28,65,0,0,0,0,0,0,0,0,-32309,0,0,0,0,0,188190,0
188192,488,8286,1508,-3,-226,-19,12781,7,5,-2,0,37017,130,28,65,0,0,0,0,0,0,0,0,-32309,0,0,0,0,0,188195,0
188197,472,8316,1498,-2,-223,-11,12780,3,8,-3,0,37017,130,28,65,0,0,0,0,0,0,0,0,-32309,0,0,0,0,0,188201,0
188202,468,8288,1484,-12,-208,-7,12781,1,0,-3,0,37016,137,28,65,0,0,0,0,0,0,0,0,-32309,0,0,0,0,0,188206,0
188207,458,8280,1462,-7,-204,-1,12780,-1,4,-4,0,37016,137,28,65,0,0,0,0,0,0,0,0,-32309,0,0,0,0,0,188212,0
188212,444,8264,1440,-10,-182,13,12780,-1,2,-3,0,37016,135,28,65,0,0,0,0,0,0,0,0,-32309,0,0,0,0,0,188217,0
188217,410,8250,1458,-6,-174,21,12779,-5,-2,-2,0,37016,135,28,65,0,0,0,0,0,0,0,0,-32309,0,0,0,0,0,188222,0
188222,416,8240,1470,-13,-166,29,12779,0,-1,-4,0,37017,129,28,65,0,0,0,0,0,0,0,0,-32309,0,0,0,0,0,188228,0
188227,420,8214,1474,-8,-155,33,12781,4,0,-2,0,37017,129,28,65,0,0,0,0,0,0,0,0,-32309,0,0,0,0,0,188233,0
188232,366,8164,1514,-10,-137,41,12780,-1,3,-3,0,37016,125,28,65,0,0,0,0,0,0,0,0,-32309,0,0,0,0,0,188238,0
188237,362,8172,1492,-17,-136,49,12780,2,2,-2,0,37016,125,28,65,0,0,0,0,0,0,0,0,-32309,0,0,0,0,0,188244,0
188242,324,8128,1494,-15,-127,55,12781,6,0,-1,0,37014,121,28,65,0,0,0,0,0,0,0,0,-32309,0,0,0,0,0,188249,0
188247,318,8060,1500,-15,-123,56,12780,-3,3,-1,0,37014,121,28,65,0,0,0,0,0,0,0,0,-32309,0,0,0,0,0,188254,0
188252,280,7980,1488,-27,-118,61,12780,5,1,-3,0,37011,115,28,65,0,0,0,0,0,0,0,0,-32309,0,0,0,0,0,188260,0
188257,316,7972,1498,-31,-113,67,12781,0,-2,-4,0,37011,115,28,65,0,0,0,0,0,0,0,0,-32309,0,0,0,0,0,188265,0
188262,308,7934,1506,-34,-108,67,12779,-3,-1,-5,0,37012,122,28,65,0,0,0,0,0,0,0,0,-32309,0,0,0,0,0,188271,0
188267,282,7878,1516,-35,-106,66,12781,0,-4,-6,0,37012,122,28,65,0,0,0,0,0,0,0,0,-32309,0,0,0,0,0,188276,0
188272,254,7886,1494,-50,-99,65,12780,0,-1,-2,0,37015,119,28,65,0,0,0,0,0,0,0,0,-32309,0,0,0,0,0,188281,0
188277,254,7882,1512,-53,-95,65,12781,3,-1,-3,0,37015,119,28,65,0,0,0,0,0,0,0,0,-32309,0,0,0,0,0,188286,0
188282,208,7876,1484,-71,-96,65,12780,2,2,-2,0,37015,125,28,65,0,0,0,0,0,0,0,0,-32309,0,0,0,0,0,188292,0
188287,226,7886,1510,-75,-91,60,12779,-3,3,-3,0,37015,125,28,65,0,0,0,0,0,0,0,0,-32308,0,0,0,0,0,188297,0
188292,242,7924,1474,-94,-83,59,12782,6,-1,-2,0,37013,129,28,65,0,0,0,0,0,0,0,0,-32308,0,0,0,0,0,188303,0
188297,218,7948,1492,-102,-77,59,12782,1,-1,-3,0,37013,129,28,65,0,0,0,0,0,0,0,0,-32309,0,0,0,0,0,188308,0
188302,210,7940,1470,-107,-76,58,12780,0,0,-3,0,37011,128,28,65,0,0,0,0,0,0,0,0,-32309,0,0,0,0,0,188313,0
188307,242,7982,1446,-119,-79,52,12782,3,-4,-3,0,37011,128,28,65,0,0,0,0,0,0,0,0,-32309,0,0,0,0,0,188319,0
188312,204,7992,1442,-125,-70,53,12781,4,-3,-3,0,37011,124,28,65,0,0,0,0,0,0,0,0,-32309,0,0,0,0,0,188324,0
188317,196,8008,1378,-138,-68,58,12780,1,1,-2,0,37011,124,28,65,0,0,0,0,0,0,0,0,-32308,0,0,0,0,0,188329,0
188322,196,8036,1380,-143,-65,55,12781,1,0,-4,0,37012,120,28,65,0,0,0,0,0,0,0,0,-32309,0,0,0,0,0,188335,0
188327,208,8004,1374,-150,-58,56,12781,5,-1,-2,0,37012,120,28,65,0,0,0,0,0,0,0,0,-32309,0,0,0,0,0,188340,0
188332,174,8034,1332,-150,-53,51,12780,-1,1,-2,0,37011,122,28,65,0,0,0,0,0,0,0,0,-32309,0,0,0,0,0,188345,0
188337,186,7998,1302,-149,-50,48,12780,0,0,-2,0,37011,122,28,65,0,0,0,0,0,0,0,0,-32309,0,0,0,0,0,188351,0
188342,174,8014,1282,-153,-47,45,12780,0,-1,-1,0,37011,132,28,65,0,0,0,0,0,0,0,0,-32309,0,0,0,0,0,188356,0
188347,180,8018,1268,-154,-40,41,12780,2,-1,-3,0,37011,132,28,65,0,0,0,0,0,0,0,0,-32309,0,0,0,0,0,188361,0
188352,176,8018,1218,-152,-28,34,12781,-3,-3,-3,0,37011,129,28,65,0,0,0,0,0,0,0,0,-32309,0,0,0,0,0,188367,0
188357,170,8020,1220,-151,-24,32,12781,0,1,-2,0,37011,129,28,65,0,0,0,0,0,0,0,0,-32309,0,0,0,0,0,188372,0
188362,184,8036,1178,-145,-28,23,12781,1,-1,-2,0,37013,122,28,65,0,0,0,0,0,0,0,0,-32309,0,0,0,0,0,188377,0
188367,174,7994,1136,-144,-22,22,12781,0,-3,-3,0,37013,122,28,65,0,0,0,0,0,0,0,0,-32310,0,0,0,0,0,188383,0
188372,142,8008,1124,-138,-14,9,12780,4,-1,0,0,37020,136,28,65,0,0,0,0,0,0,0,0,-32310,0,0,0,0,0,188388,0
188377,152,8032,1138,-130,-18,7,12780,0,2,-2,0,37020,136,28,65,0,0,0,0,0,0,0,0,-32309,0,0,0,0,0,188394,0
188382,126,7990,1112,-122,-13,6,12781,-3,-1,-2,0,37018,144,28,65,0,0,0,0,0,0,0,0,-32309,0,0,0,0,0,188399,0
188387,174,7952,1094,-117,-13,2,12780,-3,0,-3,0,37018,144,28,65,0,0,0,0,0,0,0,0,-32309,0,0,0,0,0,188405,0
188392,158,7906,1086,-107,-19,3,12780,2,5,-2,0,37015,137,28,65,0,0,0,0,0,0,0,0,-32309,0,0,0,0,0,188410,0
188397,182,7882,1064,-101,-13,3,12780,-5,-4,-3,0,37015,137,28,65,0,0,0,0,0,0,0,0,-32309,0,0,0,0,0,188415,0
188402,164,7872,1042,-92,-23,2,12780,2,1,-4,0,37011,133,28,65,0,0,0,0,0,0,0,0,-32309,0,0,0,0,0,188420,0
188407,176,7814,1046,-95,-24,6,12780,-1,4,-3,0,37011,133,28,65,0,0,0,0,0,0,0,0,-32309,0,0,0,0,0,188426,0
188412,240,7740,1056,-82,-34,18,12780,-3,0,-3,0,37012,118,28,65,0,0,0,0,0,0,0,0,-32309,0,0,0,0,0,188431,0
188417,244,7686,1050,-75,-33,13,12780,-1,1,-3,0,37012,118,28,65,0,0,0,0,0,0,0,0,-32309,0,0,0,0,0,188437,0
188422,244,7646,1048,-67,-42,18,12780,-4,3,-3,0,37011,126,28,65,0,0,0,0,0,0,0,0,-32309,0,0,0,0,0,188442,0
188427,254,7598,1040,-65,-46,16,12780,-1,0,-2,0,37011,126,28,65,0,0,0,0,0,0,0,0,-32309,0,0,0,0,0,188447,0
188432,232,7542,1044,-54,-66,25,12781,4,-3,-2,0,37008,128,28,65,0,0,0,0,0,0,0,0,-32309,0,0,0,0,0,188452,0
188437,254,7538,1070,-50,-66,31,12780,0,3,-1,0,37008,128,28,65,0,0,0,0,0,0,0,0,-32309,0,0,0,0,0,188458,0
188442,254,7534,1058,-48,-81,35,12780,-3,1,-1,0,37005,124,28,65,0,0,0,0,0,0,0,0,-32309,0,0,0,0,0,188463,0
188447,214,7520,1028,-35,-89,39,12781,3,-1,-3,0,37005,124,28,65,0,0,0,0,0,0,0,0,-32309,0,0,0,0,0,188469,0
188452,250,7568,1044,-33,-112,42,12780,-4,2,-3,0,37007,128,28,65,0,0,0,0,0,0,0,0,-32309,0,0,0,0,0,188474,0
188457,266,7630,1036,-27,-116,45,12781,2,-3,-3,0,37007,128,28,65,0,0,0,0,0,0,0,0,-32309,0,0,0,0,0,188479,0
188462,264,7648,1050,-19,-128,53,12780,3,0,-3,0,37010,120,28,65,0,0,0,0,0,0,0,0,-32309,0,0,0,0,0,188485,0
188467,250,7686,1066,-11,-132,60,12779,-10,-2,-3,0,37010,120,28,65,0,0,0,0,0,0,0,0,-32308,0,0,0,0,0,188490,0
188472,270,7774,1044,-8,-148,71,12781,0,-2,-4,0,37012,122,28,65,0,0,0,0,0,0,0,0,-32309,0,0,0,0,0,188495,0
188477,280,7814,1050,-4,-155,79,12780,0,2,-5,0,37012,122,28,65,0,0,0,0,0,0,0,0,-32309,0,0,0,0,0,188500,0
188482,298,7880,1050,2,-164,81,12780,4,4,-6,0,37016,121,28,65,0,0,0,0,0,0,0,0,-32309,0,0,0,0,0,188506,0
188487,296,7930,1036,6,-167,77,12781,-4,-3,-4,0,37016,121,28,65,0,0,0,0,0,0,0,0,-32309,0,0,0,0,0,188511,0
188492,298,8018,1040,13,-173,86,12780,5,2,-3,0,37016,118,28,65,0,0,0,0,0,0,0,0,-32309,0,0,0,0,0,188516,0
188497,316,8006,1032,11,-178,93,12780,1,2,-3,0,37016,118,28,65,0,0,0,0,0,0,0,0,-32309,0,0,0,0,0,188522,0
188502,294,8086,1006,19,-179,98,12780,-1,-1,-2,0,37015,115,28,65,0,0,0,0,0,0,0,0,-32309,0,0,0,0,0,188527,0
188507,332,8086,1008,22,-178,103,12780,-3,0,-3,0,37015,115,28,65,0,0,0,0,0,0,0,0,-32309,0,0,0,0,0,188532,0
188512,276,8166,992,37,-179,113,12781,1,2,-1,0,37010,121,28,65,0,0,0,0,0,0,0,0,-32309,0,0,0,0,0,188538,0
188517,328,8146,990,43,-180,113,12780,2,0,-2,0,37010,121,28,65,0,0,0,0,0,0,0,0,-32309,0,0,0,0,0,188543,0
188522,274,8124,978,51,-178,111,12780,-3,1,-2,0,37014,123,28,65,0,0,0,0,0,0,0,0,-32309,0,0,0,0,0,188548,0
188527,238,8112,962,63,-175,116,12780,-4,-1,-2,0,37014,123,28,65,0,0,0,0,0,0,0,0,-32309,0,0,0,0,0,188554,0
188532,226,8130,962,79,-175,111,12781,6,2,-2,0,37013,124,28,65,0,0,0,0,0,0,0,0,-32309,0,0,0,0,0,188559,0
188537,198,8112,974,92,-168,107,12780,0,-2,-2,0,37013,124,28,65,0,0,0,0,0,0,0,0,-32309,0,0,0,0,0,188564,0
188542,168,8116,976,96,-163,102,12780,0,-2,-1,0,37012,131,28,65,0,0,0,0,0,0,0,0,-32309,0,0,0,0,0,188570,0
188547,160,8078,932,104,-164,101,12781,4,1,-2,0,37012,131,28,65,0,0,0,0,0,0,0,0,-32309,0,0,0,0,0,188575,0
188552,130,8064,960,131,-161,88,12779,-2,2,-3,0,37012,131,28,65,0,0,0,0,0,0,0,0,-32309,0,0,0,0,0,188580,0
188557,100,8022,980,134,-156,82,12781,-3,-4,-4,0,37012,131,28,65,0,0,0,0,0,0,0,0,-32309,0,0,0,0,0,188586,0
188562,132,7984,964,151,-154,76,12780,-4,-5,-2,0,37013,133,28,65,0,0,0,0,0,0,0,0,-32308,0,0,0,0,0,188591,0
188567,132,7956,974,150,-153,68,12779,-4,5,-2,0,37013,133,28,65,0,0,0,0,0,0,0,0,-32309,0,0,0,0,0,188596,0
188572,124,7938,998,175,-147,67,12781,-3,-1,-3,0,37013,137,28,65,0,0,0,0,0,0,0,0,-32309,0,0,0,0,0,188602,0
188577,128,7938,1020,184,-142,54,12781,0,1,-4,0,37013,137,28,65,0,0,0,0,0,0,0,0,-32309,0,0,0,0,0,188607,0
188582,134,7952,1044,188,-134,56,12781,5,2,-2,0,37012,119,28,65,0,0,0,0,0,0,0,0,-32309,0,0,0,0,0,188612,0
188587,142,7898,1066,193,-142,49,12779,-7,0,0,0,37012,119,28,65,0,0,0,0,0,0,0,0,-32309,0,0,0,0,0,188618,0
188592,140,7858,1086,200,-125,47,12780,-6,-2,-4,0,37015,114,28,65,0,0,0,0,0,0,0,0,-32309,0,0,0,0,0,188623,0
188597,166,7862,1114,215,-117,50,12781,1,2,-4,0,37015,114,28,65,0,0,0,0,0,0,0,0,-32309,0,0,0,0,0,188628,0
188602,168,7852,1108,212,-111,47,12781,4,4,-3,0,37017,115,28,65,0,0,0,0,0,0,0,0,-32309,0,0,0,0,0,188634,0
188607,176,7868,1130,217,-106,47,12781,-3,1,-4,0,37017,115,28,65,0,0,0,0,0,0,0,0,-32308,0,0,0,0,0,188639,0
188612,182,7834,1156,221,-89,51,12780,-5,-4,-3,0,37018,109,28,65,0,0,0,0,0,0,0,0,-32309,0,0,0,0,0,188644,0
188617,156,7836,1178,228,-83,55,12780,-1,-1,-2,0,37018,109,28,65,0,0,0,0,0,0,0,0,-32309,0,0,0,0,0,188650,0
188622,156,7820,1180,224,-77,49,12779,-3,-3,-3,0,37013,114,28,65,0,0,0,0,0,0,0,0,-32309,0,0,0,0,0,188655,0
188627,158,7782,1204,224,-67,47,12779,-2,-1,-3,0,37013,114,28,65,0,0,0,0,0,0,0,0,-32309,0,0,0,0,0,188660,0
188632,126,7806,1218,229,-54,43,12781,-2,1,-2,0,37012,111,28,65,0,0,0,0,0,0,0,0,-32309,0,0,0,0,0,188666,0
188637,180,7820,1230,232,-43,43,12780,-2,7,-3,0,37012,111,28,65,0,0,0,0,0,0,0,0,-32309,0,0,0,0,0,188671,0
188642,134,7792,1260,232,-33,46,12781,0,3,-2,0,37012,115,28,65,0,0,0,0,0,0,0,0,-32309,0,0,0,0,0,188676,0
188647,104,7800,1264,234,-24,37,12780,0,-2,-2,0,37012,115,28,65,0,0,0,0,0,0,0,0,-32308,0,0,0,0,0,188682,0
188652,80,7776,1284,235,-7,24,12780,-7,-3,-2,0,37012,116,28,65,0,0,0,0,0,0,0,0,-32309,0,0,0,0,0,188687,0
188657,62,7766,1302,241,2,21,12779,0,-2,-2,0,37012,116,28,65,0,0,0,0,0,0,0,0,-32308,0,0,0,0,0,188692,0
188662,32,7780,1310,240,10,11,12780,-1,1,-3,0,37012,113,28,65,0,0,0,0,0,0,0,0,-32309,0,0,0,0,0,188698,0
188667,40,7770,1304,238,18,10,12780,-1,4,-4,0,37012,113,28,65,0,0,0,0,0,0,0,0,-32309,0,0,0,0,0,188703,0
188672,30,7806,1342,241,32,-11,12781,0,3,-4,0,37016,118,28,65,0,0,0,0,0,0,0,0,-32309,0,0,0,0,0,188708,0
188677,8,7844,1334,240,29,-16,12780,-6,-1,-3,0,37016,118,28,65,0,0,0,0,0,0,0,0,-32309,0,0,0,0,0,188714,0
188682,-2,7848,1356,241,38,-28,12780,-5,-5,-3,0,37024,135,28,65,0,0,0,0,0,0,0,0,-32309,0,0,0,0,0,188719,0
188687,-6,7848,1362,234,42,-34,12781,4,-1,-3,0,37024,135,28,65,0,0,0,0,0,0,0,0,-32309,0,0,0,0,0,188724,0
188692,-8,7900,1364,232,46,-46,12780,5,2,-3,0,37025,138,28,65,0,0,0,0,0,0,0,0,-32309,0,0,0,0,0,188730,0
188697,2,7950,1348,224,49,-56,12780,0,4,-4,0,37025,138,28,65,0,0,0,0,0,0,0,0,-32309,0,0,0,0,0,188735,0
188702,30,7968,1342,221,54,-62,12780,-5,-1,-3,0,37024,137,28,65,0,0,0,0,0,0,0,0,-32309,0,0,0,0,0,188740,0
188707,14,8032,1356,215,52,-63,12782,-2,0,-2,0,37024,137,28,65,0,0,0,0,0,0,0,0,-32309,0,0,0,0,0,188746,0
188712,28,8044,1338,213,54,-77,12780,0,-4,-2,0,37015,144,28,65,0,0,0,0,0,0,0,0,-32309,0,0,0,0,0,188751,0
188717,26,8076,1374,211,52,-79,12781,5,-1,-2,0,37015,144,28,65,0,0,0,0,0,0,0,0,-32309,0,0,0,0,0,188756,0
188722,48,8120,1316,206,51,-78,12780,-3,-4,-3,0,37016,133,28,65,0,0,0,0,0,0,0,0,-32309,0,0,0,0,0,188761,0
188727,34,8168,1322,211,57,-81,12781,0,-3,-2,0,37016,133,28,65,0,0,0,0,0,0,0,0,-32309,0,0,0,0,0,188767,0
188732,86,8246,1288,205,60,-88,12781,3,2,-4,0,37012,132,28,65,0,0,0,0,0,0,0,0,-32309,0,0,0,0,0,188772,0
188737,112,8252,1276,203,69,-92,12780,4,-1,-3,0,37012,132,28,65,0,0,0,0,0,0,0,0,-32309,0,0,0,0,0,188778,0
188742,114,8254,1278,205,62,-93,12780,-2,-2,-3,0,37011,117,28,65,0,0,0,0,0,0,0,0,-32309,0,0,0,0,0,188783,0
188747,104,8230,1270,210,70,-95,12779,-5,0,-2,0,37011,117,28,65,0,0,0,0,0,0,0,0,-32308,0,0,0,0,0,188788,0
188752,160,8224,1268,216,66,-99,12781,1,4,-2,0,37010,117,28,65,0,0,0,0,0,0,0,0,-32309,0,0,0,0,0,188793,0
188757,164,8226,1260,218,71,-104,12779,0,2,-5,0,37010,117,28,65,0,0,0,0,0,0,0,0,-32309,0,0,0,0,0,188799,0
188762,142,8264,1248,222,72,-107,12780,-5,0,-3,0,37011,121,28,65,0,0,0,0,0,0,0,0,-32308,0,0,0,0,0,188804,0
188767,148,8286,1268,227,77,-106,12781,3,0,-3,0,37011,121,28,65,0,0,0,0,0,0,0,0,-32309,0,0,0,0,0,188810,0
188772,194,8338,1268,228,86,-108,12781,4,1,-3,0,37011,120,28,65,0,0,0,0,0,0,0,0,-32309,0,0,0,0,0,188815,0
188777,202,8350,1240,232,80,-113,12781,-3,-1,-1,0,37011,120,28,65,0,0,0,0,0,0,0,0,-32309,0,0,0,0,0,188820,0
188782,228,8374,1272,234,86,-114,12781,-2,-3,-1,0,37009,121,28,65,0,0,0,0,0,0,0,0,-32308,0,0,0,0,0,188825,0
188787,208,8388,1276,229,83,-111,12780,-4,0,-2,0,37009,121,28,65,0,0,0,0,0,0,0,0,-32308,0,0,0,0,0,188831,0
188792,252,8400,1288,237,88,-107,12780,0,-2,-2,0,37010,123,28,65,0,0,0,0,0,0,0,0,-32308,0,0,0,0,0,188836,0
188797,246,8392,1302,244,92,-108,12781,0,-2,-1,0,37010,123,28,65,0,0,0,0,0,0,0,0,-32309,0,0,0,0,0,188841,0
188802,288,8322,1342,241,90,-104,12780,-3,2,-6,0,37014,112,28,65,0,0,0,0,0,0,0,0,-32309,0,0,0,0,0,188847,0
188807,234,8408,1266,237,91,-101,12781,5,5,-3,0,37014,112,28,65,0,0,0,0,0,0,0,0,-32309,0,0,0,0,0,188852,0
188812,234,8460,1318,230,82,-89,12781,2,0,-2,0,37016,110,28,65,0,0,0,0,0,0,0,0,-32309,0,0,0,0,0,188857,0
188817,234,8494,1334,239,90,-89,12782,1,1,-3,0,37016,110,28,65,0,0,0,0,0,0,0,0,-32309,0,0,0,0,0,188863,0
188822,252,8458,1332,233,91,-85,12779,-2,-3,-2,0,37017,127,28,65,0,0,0,0,0,0,0,0,-32309,0,0,0,0,0,188868,0
188827,252,8426,1330,232,90,-84,12779,-6,2,-2,0,37017,127,28,65,0,0,0,0,0,0,0,0,-32309,0,0,0,0,0,188874,0
188832,238,8336,1320,223,84,-71,12781,4,-5,-3,0,37013,123,28,65,0,0,0,0,0,0,0,0,-32309,0,0,0,0,0,188879,0
188837,236,8248,1326,228,87,-70,12780,-3,1,-3,0,37013,123,28,65,0,0,0,0,0,0,0,0,-32309,0,0,0,0,0,188884,0
188842,236,8230,1338,228,81,-69,12780,-5,4,-1,0,37011,131,28,65,0,0,0,0,0,0,0,0,-32309,0,0,0,0,0,188889,0
188847,228,8206,1362,228,76,-65,12780,-1,-3,-2,0,37011,131,28,65,0,0,0,0,0,0,0,0,-32309,0,0,0,0,0,188895,0
188852,230,8146,1386,218,79,-58,12781,5,-1,-3,0,37011,133,28,65,0,0,0,0,0,0,0,0,-32309,0,0,0,0,0,188900,0
188857,196,8154,1388,215,84,-59,12781,-4,1,-3,0,37011,133,28,65,0,0,0,0,0,0,0,0,-32309,0,0,0,0,0,188905,0
188862,194,8124,1404,211,77,-57,12782,3,-1,-3,0,37012,130,28,65,0,0,0,0,0,0,0,0,-32309,0,0,0,0,0,188911,0
188867,204,8096,1388,209,82,-47,12779,-3,3,-3,0,37012,130,28,65,0,0,0,0,0,0,0,0,-32309,0,0,0,0,0,188916,0
188872,198,8044,1434,196,81,-51,12780,-3,-2,-4,0,37012,135,28,65,0,0,0,0,0,0,0,0,-32309,0,0,0,0,0,188921,0
188877,186,8010,1436,207,89,-55,12779,-9,-5,-3,0,37012,135,28,65,0,0,0,0,0,0,0,0,-32309,0,0,0,0,0,188927,0
188882,192,7998,1442,199,85,-51,12781,-2,5,-2,0,37011,124,28,65,0,0,0,0,0,0,0,0,-32309,0,0,0,0,0,188932,0
188887,198,7970,1454,192,87,-47,12781,0,1,-2,0,37011,124,28,65,0,0,0,0,0,0,0,0,-32308,0,0,0,0,0,188938,0
188892,190,7884,1506,189,83,-48,12780,0,2,-3,0,37010,115,28,65,0,0,0,0,0,0,0,0,-32309,0,0,0,0,0,188943,0
188897,184,7876,1482,173,86,-42,12779,-1,-3,-3,0,37010,115,28,65,0,0,0,0,0,0,0,0,-32309,0,0,0,0,0,188948,0
188902,178,7824,1496,171,84,-41,12780,-1,-1,-4,0,37014,126,28,65,0,0,0,0,0,0,0,0,-32309,0,0,0,0,0,188954,0
188907,192,7818,1502,162,78,-39,12780,-5,1,-4,0,37014,126,28,65,0,0,0,0,0,0,0,0,-32308,0,0,0,0,0,188959,0
188912,226,7774,1512,141,68,-32,12780,-3,1,-1,0,37016,129,28,65,0,0,0,0,0,0,0,0,-32309,0,0,0,0,0,188964,0
188917,246,7730,1530,137,65,-25,12780,-5,-5,-2,0,37016,129,28,65,0,0,0,0,0,0,0,0,-32309,0,0,0,0,0,188969,0
188922,236,7740,1528,130,57,-23,12780,0,-4,-2,0,37014,133,28,65,0,0,0,0,0,0,0,0,-32309,0,0,0,0,0,188975,0
188927,234,7696,1490,136,58,-23,12781,5,2,-1,0,37014,133,28,65,0,0,0,0,0,0,0,0,-32309,0,0,0,0,0,188980,0
188932,228,7720,1470,117,50,-8,12780,0,-5,-2,0,37011,140,28,65,0,0,0,0,0,0,0,0,-32309,0,0,0,0,0,188985,0
188937,264,7718,1474,111,48,-3,12779,-7,-4,-3,0,37011,140,28,65,0,0,0,0,0,0,0,0,-32309,0,0,0,0,0,188991,0
188942,250,7768,1440,101,40,3,12780,0,-1,-3,0,37010,125,28,65,0,0,0,0,0,0,0,0,-32309,0,0,0,0,0,188996,0
188947,244,7776,1442,96,36,6,12782,8,3,-3,0,37010,125,28,65,0,0,0,0,0,0,0,0,-32309,0,0,0,0,0,189001,0
188952,262,7866,1378,100,19,19,12781,6,0,-3,0,37010,123,28,65,0,0,0,0,0,0,0,0,-32309,0,0,0,0,0,189007,0
188957,262,7906,1362,88,14,30,12780,4,-3,-4,0,37010,123,28,65,0,0,0,0,0,0,0,0,-32309,0,0,0,0,0,189012,0
188962,234,7964,1328,86,5,33,12780,-4,2,-3,0,37013,123,28,65,0,0,0,0,0,0,0,0,-32309,0,0,0,0,0,189017,0
188967,234,8002,1322,84,-12,44,12780,-2,0,-3,0,37013,123,28,65,0,0,0,0,0,0,0,0,-32309,0,0,0,0,0,189023,0
188972,176,8028,1284,88,-32,58,12779,-3,-2,-4,0,37016,118,28,65,0,0,0,0,0,0,0,0,-32309,0,0,0,0,0,189028,0
188977,152,8054,1246,88,-54,63,12780,-4,-1,-3,0,37016,118,28,65,0,0,0,0,0,0,0,0,-32308,0,0,0,0,0,189033,0
188982,132,8044,1252,80,-69,73,12781,0,2,-4,0,37015,117,28,65,0,0,0,0,0,0,0,0,-32308,0,0,0,0,0,189039,0
188987,140,8062,1242,87,-88,74,12780,4,-4,-2,0,37015,117,28,65,0,0,0,0,0,0,0,0,-32308,0,0,0,0,0,189044,0
188992,76,8036,1210,87,-125,78,12781,4,3,-3,0,37013,120,28,65,0,0,0,0,0,0,0,0,-32309,0,0,0,0,0,189049,0
188997,98,8028,1210,85,-146,78,12780,-7,1,-2,0,37013,120,28,65,0,0,0,0,0,0,0,0,-32309,0,0,0,0,0,189055,0
189002,76,8012,1246,82,-162,76,12781,-2,2,-4,0,37011,115,28,65,0,0,0,0,0,0,0,0,-32309,0,0,0,0,0,189060,0
189007,92,8010,1264,85,-180,76,12779,-6,-2,-6,0,37011,115,28,65,0,0,0,0,0,0,0,0,-32309,0,0,0,0,0,189065,0
189012,112,8016,1262,74,-211,74,12779,-7,-5,-2,0,37014,128,28,65,0,0,0,0,0,0,0,0,-32309,0,0,0,0,0,189071,0
189017,86,8022,1262,78,-223,69,12780,-1,-2,-4,0,37014,128,28,65,0,0,0,0,0,0,0,0,-32309,0,0,0,0,0,189077,0
189022,90,8020,1256,76,-231,69,12781,9,1,-4,0,37014,121,28,65,0,0,0,0,0,0,0,0,-32309,0,0,0,0,0,189082,0
189027,116,8056,1250,70,-250,67,12779,-10,-5,-3,0,37014,121,28,65,0,0,0,0,0,0,0,0,-32308,0,0,0,0,0,189088,0
189032,128,8008,1272,67,-260,58,12782,0,2,-2,0,37012,122,28,65,0,0,0,0,0,0,0,0,-32309,0,0,0,0,0,189093,0
189037,164,8008,1284,71,-263,60,12781,6,-1,-2,0,37012,122,28,65,0,0,0,0,0,0,0,0,-32309,0,0,0,0,0,189098,0
189042,164,7976,1310,63,-269,59,12780,2,-1,-1,0,37008,136,28,65,0,0,0,0,0,0,0,0,-32309,0,0,0,0,0,189104,0
189047,174,8024,1300,64,-267,60,12780,-6,2,-2,0,37008,136,28,65,0,0,0,0,0,0,0,0,-32309,0,0,0,0,0,189109,0
189052,178,8008,1304,55,-272,57,12781,1,4,-2,0,37009,131,28,65,0,0,0,0,0,0,0,0,-32309,0,0,0,0,0,189114,0
189057,196,8004,1312,54,-271,56,12780,-3,0,-4,0,37009,131,28,65,0,0,0,0,0,0,0,0,-32309,0,0,0,0,0,189120,0
189062,202,8012,1282,48,-275,55,12781,3,4,-3,0,37010,121,28,65,0,0,0,0,0,0,0,0,-32309,0,0,0,0,0,189125,0
189067,198,8006,1300,51,-273,59,12779,-6,-4,-3,0,37010,121,28,65,0,0,0,0,0,0,0,0,-32309,0,0,0,0,0,189130,0
189072,236,8030,1314,35,-273,60,12781,3,3,-3,0,37007,120,28,65,0,0,0,0,0,0,0,0,-32308,0,0,0,0,0,189136,0
189077,206,8068,1310,30,-272,64,12780,-3,-2,-3,0,37007,120,28,65,0,0,0,0,0,0,0,0,-32309,0,0,0,0,0,189141,0
189082,242,8058,1306,31,-265,58,12779,-2,-2,-3,0,37007,125,28,65,0,0,0,0,0,0,0,0,-32309,0,0,0,0,0,189146,0
189087,236,8106,1306,29,-262,56,12781,3,1,-2,0,37007,125,28,65,0,0,0,0,0,0,0,0,-32309,0,0,0,0,0,189152,0
189092,216,8106,1314,27,-255,56,12780,-5,-3,-2,0,37006,134,28,65,0,0,0,0,0,0,0,0,-32309,0,0,0,0,0,189157,0
189097,204,8082,1274,15,-243,51,12780,-1,-3,-3,0,37006,134,28,65,0,0,0,0,0,0,0,0,-32309,0,0,0,0,0,189163,0
189102,264,8054,1274,14,-237,44,12781,-1,0,-3,0,37008,135,28,65,0,0,0,0,0,0,0,0,-32309,0,0,0,0,0,189168,0
189107,252,8066,1266,9,-229,53,12781,6,0,-3,0,37008,135,28,65,0,0,0,0,0,0,0,0,-32309,0,0,0,0,0,189173,0
189112,272,8092,1260,2,-210,46,12780,0,-1,-3,0,37011,122,28,65,0,0,0,0,0,0,0,0,-32309,0,0,0,0,0,189179,0
189117,250,8138,1270,-1,-200,36,12781,0,4,-3,0,37011,122,28,65,0,0,0,0,0,0,0,0,-32309,0,0,0,0,0,189184,0
189122,278,8132,1286,3,-194,33,12780,4,3,-2,0,37017,126,28,65,0,0,0,0,0,0,0,0,-32309,0,0,0,0,0,189189,0
189127,276,8114,1270,-7,-179,33,12781,9,-1,-1,0,37017,126,28,65,0,0,0,0,0,0,0,0,-32309,0,0,0,0,0,189195,0
189132,322,8100,1278,-22,-159,25,12780,0,3,-2,0,37016,122,28,65,0,0,0,0,0,0,0,0,-32309,0,0,0,0,0,189200,0
189137,302,8106,1268,-25,-146,27,12781,1,1,-2,0,37016,122,28,65,0,0,0,0,0,0,0,0,-32309,0,0,0,0,0,189205,0
189142,328,8116,1250,-33,-132,31,12780,-3,2,-1,0,37014,118,28,65,0,0,0,0,0,0,0,0,-32309,0,0,0,0,0,189211,0
189147,340,8140,1238,-38,-124,22,12780,-4,-1,-3,0,37014,118,28,65,0,0,0,0,0,0,0,0,-32309,0,0,0,0,0,189216,0
189152,352,8134,1216,-48,-90,27,12781,4,1,-3,0,37009,120,28,65,0,0,0,0,0,0,0,0,-32309,0,0,0,0,0,189221,0
189157,376,8138,1206,-57,-82,21,12779,0,-2,-4,0,37009,120,28,65,0,0,0,0,0,0,0,0,-32309,0,0,0,0,0,189226,0
189162,392,8140,1200,-63,-64,31,12781,4,3,-3,0,37011,120,28,65,0,0,0,0,0,0,0,0,-32309,0,0,0,0,0,189232,0
189167,390,8180,1176,-71,-48,35,12780,-7,-2,-1,0,37011,120,28,65,0,0,0,0,0,0,0,0,-32309,0,0,0,0,0,189237,0
189172,414,8190,1154,-84,-12,55,12781,-2,3,-4,0,37012,123,28,65,0,0,0,0,0,0,0,0,-32309,0,0,0,0,0,189243,0
189177,394,8206,1142,-85,3,64,12780,-2,-8,-4,0,37012,123,28,65,0,0,0,0,0,0,0,0,-32309,0,0,0,0,0,189248,0
189182,426,8196,1128,-92,18,74,12781,5,3,-2,0,37011,133,28,65,0,0,0,0,0,0,0,0,-32309,0,0,0,0,0,189253,0
189187,402,8202,1114,-86,31,82,12780,-1,-1,-4,0,37011,133,28,65,0,0,0,0,0,0,0,0,-32309,0,0,0,0,0,189259,0
189192,368,8164,1068,-86,65,103,12781,-3,3,-3,0,37010,131,28,65,0,0,0,0,0,0,0,0,-32309,0,0,0,0,0,189264,0
189197,366,8124,1058,-83,74,109,12781,0,2,-3,0,37010,131,28,65,0,0,0,0,0,0,0,0,-32309,0,0,0,0,0,189269,0
189202,350,8116,1012,-76,93,117,12780,5,-5,-3,0,37010,134,28,65,0,0,0,0,0,0,0,0,-32308,0,0,0,0,0,189274,0
189207,328,8096,1008,-74,106,126,12780,-3,-1,-4,0,37010,134,28,65,0,0,0,0,0,0,0,0,-32309,0,0,0,0,0,189280,0
189212,270,8076,996,-51,122,133,12780,0,2,-2,0,37012,132,28,65,0,0,0,0,0,0,0,0,-32309,0,0,0,0,0,189285,0
189217,292,8060,954,-42,129,141,12781,-1,-1,-1,0,37012,132,28,65,0,0,0,0,0,0,0,0,-32309,0,0,0,0,0,189291,0
189222,216,8072,936,-38,137,144,12781,4,-2,-1,0,37014,124,28,65,0,0,0,0,0,0,0,0,-32309,0,0,0,0,0,189296,0
189227,200,8086,960,-22,142,142,12780,-4,0,-2,0,37014,124,28,65,0,0,0,0,0,0,0,0,-32309,0,0,0,0,0,189301,0
189232,158,8078,952,0,156,147,12781,4,4,-2,0,37013,121,28,65,0,0,0,0,0,0,0,0,-32309,0,0,0,0,0,189307,0
189237,152,8090,952,11,160,150,12781,0,-2,-3,0,37013,121,28,65,0,0,0,0,0,0,0,0,-32309,0,0,0,0,0,189312,0
189242,128,8114,972,14,166,148,12781,4,0,-3,0,37012,120,28,65,0,0,0,0,0,0,0,0,-32309,0,0,0,0,0,189317,0
189247,112,8120,962,31,170,151,12781,2,0,-3,0,37012,120,28,65,0,0,0,0,0,0,0,0,-32309,0,0,0,0,0,189323,0
189252,64,8148,976,50,169,150,12779,-1,4,-3,0,37010,108,28,65,0,0,0,0,0,0,0,0,-32309,0,0,0,0,0,189328,0
189257,76,8138,988,57,162,142,12781,-2,-4,-4,0,37010,108,28,65,0,0,0,0,0,0,0,0,-32309,0,0,0,0,0,189333,0
189262,82,8146,1004,57,165,143,12780,2,-1,-2,0,37010,119,28,65,0,0,0,0,0,0,0,0,-32308,0,0,0,0,0,189339,0
189267,64,8156,1036,65,154,143,12781,3,1,-3,0,37010,119,28,65,0,0,0,0,0,0,0,0,-32308,0,0,0,0,0,189344,0
189272,40,8114,1048,63,148,134,12781,3,-3,-2,0,37010,125,28,65,0,0,0,0,0,0,0,0,-32309,0,0,0,0,0,189349,0
189277,24,8146,1048,65,133,134,12781,6,-1,-3,0,37010,125,28,65,0,0,0,0,0,0,0,0,-32309,0,0,0,0,0,189355,0
189282,56,8114,1038,66,132,134,12780,0,1,-4,0,37010,128,28,65,0,0,0,0,0,0,0,0,-32308,0,0,0,0,0,189360,0
189287,30,8088,1072,66,125,132,12781,0,0,-3,0,37010,128,28,65,0,0,0,0,0,0,0,0,-32309,0,0,0,0,0,189365,0
189292,40,8066,1078,67,114,129,12781,-1,-3,-3,0,37011,120,28,65,0,0,0,0,0,0,0,0,-32309,0,0,0,0,0,189371,0
189297,22,8076,1092,67,104,132,12781,3,-1,-3,0,37011,120,28,65,0,0,0,0,0,0,0,0,-32308,0,0,0,0,0,189376,0
189302,14,8046,1076,65,102,125,12780,-3,-1,-3,0,37012,118,28,65,0,0,0,0,0,0,0,0,-32309,0,0,0,0,0,189381,0
189307,-6,8026,1080,63,92,125,12781,3,-3,-3,0,37012,118,28,65,0,0,0,0,0,0,0,0,-32309,0,0,0,0,0,189387,0
189312,-12,7992,1084,62,79,114,12780,-1,2,-2,0,37013,124,28,65,0,0,0,0,0,0,0,0,-32309,0,0,0,0,0,189392,0
189317,-32,7970,1070,65,82,110,12780,0,-1,-2,0,37013,124,28,65,0,0,0,0,0,0,0,0,-32309,0,0,0,0,0,189397,0
189322,-40,7938,1076,64,72,106,12780,-1,-2,-1,0,37010,126,28,65,0,0,0,0,0,0,0,0,-32309,0,0,0,0,0,189403,0
189327,-36,7926,1064,61,69,102,12781,0,2,0,0,37010,126,28,65,0,0,0,0,0,0,0,0,-32309,0,0,0,0,0,189408,0
189332,-36,7914,1082,65,55,95,12780,0,0,-2,0,37008,123,28,65,0,0,0,0,0,0,0,0,-32309,0,0,0,0,0,189413,0
189337,-40,7946,1080,64,43,94,12780,-4,2,-2,0,37008,123,28,65,0,0,0,0,0,0,0,0,-32309,0,0,0,0,0,189419,0
189342,-54,7964,1078,70,33,89,12780,1,-2,-2,0,37008,127,28,65,0,0,0,0,0,0,0,0,-32309,0,0,0,0,0,189424,0
189347,-50,7966,1064,70,27,88,12781,7,-3,-2,0,37008,127,28,65,0,0,0,0,0,0,0,0,-32309,0,0,0,0,0,189429,0
189352,-50,7908,1048,76,2,79,12781,3,2,-3,0,37011,133,28,65,0,0,0,0,0,0,0,0,-32309,0,0,0,0,0,189435,0
189357,-50,7890,1052,77,-16,84,12780,0,1,-3,0,37011,133,28,65,0,0,0,0,0,0,0,0,-32308,0,0,0,0,0,189440,0
189362,-78,7874,1058,77,-19,81,12779,-7,0,-2,0,37012,128,28,65,0,0,0,0,0,0,0,0,-32309,0,0,0,0,0,189445,0
189367,-86,7872,1048,86,-33,79,12781,3,-2,-2,0,37012,128,28,65,0,0,0,0,0,0,0,0,-32309,0,0,0,0,0,189451,0
189372,-94,7858,1038,91,-58,74,12780,1,-3,-3,0,37013,134,28,65,0,0,0,0,0,0,0,0,-32310,0,0,0,0,0,189456,0
189377,-124,7870,1042,95,-73,73,12781,2,0,-2,0,37013,134,28,65,0,0,0,0,0,0,0,0,-32309,0,0,0,0,0,189461,0
189382,-116,7864,1040,97,-83,71,12781,5,-3,-3,0,37012,131,28,65,0,0,0,0,0,0,0,0,-32309,0,0,0,0,0,189467,0
189387,-100,7836,1030,104,-92,64,12779,0,1,-2,0,37012,131,28,65,0,0,0,0,0,0,0,0,-32309,0,0,0,0,0,189472,0
189392,-106,7824,1034,113,-113,61,12780,-3,-2,-3,0,37010,123,28,65,0,0,0,0,0,0,0,0,-32308,0,0,0,0,0,189477,0
189397,-110,7844,1046,120,-130,54,12780,-4,-2,-3,0,37010,123,28,65,0,0,0,0,0,0,0,0,-32308,0,0,0,0,0,189482,0
189402,-96,7860,1078,124,-142,53,12780,-7,1,-4,0,37008,119,28,65,0,0,0,0,0,0,0,0,-32309,0,0,0,0,0,189488,0
189407,-88,7884,1052,132,-143,51,12781,2,-1,-3,0,37008,119,28,65,0,0,0,0,0,0,0,0,-32308,0,0,0,0,0,189493,0
189412,-76,7876,1066,143,-153,37,12780,8,0,-3,0,37010,120,28,65,0,0,0,0,0,0,0,0,-32308,0,0,0,0,0,189499,0
189417,-70,7894,1084,146,-160,37,12780,-1,4,-2,0,37010,120,28,65,0,0,0,0,0,0,0,0,-32309,0,0,0,0,0,189504,0
189422,-58,7882,1072,149,-168,29,12780,1,-1,-2,0,37010,118,28,65,0,0,0,0,0,0,0,0,-32309,0,0,0,0,0,189509,0
189427,-14,7892,1086,156,-171,23,12780,-1,3,-2,0,37010,118,28,65,0,0,0,0,0,0,0,0,-32309,0,0,0,0,0,189514,0
189432,6,7938,1118,160,-167,17,12781,7,0,-5,0,37012,122,28,65,0,0,0,0,0,0,0,0,-32309,0,0,0,0,0,189520,0
189437,28,7956,1132,164,-170,15,12779,-11,0,-3,0,37012,122,28,65,0,0,0,0,0,0,0,0,-32309,0,0,0,0,0,189525,0
189442,32,7994,1156,161,-173,13,12780,2,6,-2,0,37010,112,28,65,0,0,0,0,0,0,0,0,-32309,0,0,0,0,0,189530,0
189447,92,8032,1168,163,-158,3,12781,-2,1,-2,0,37010,112,28,65,0,0,0,0,0,0,0,0,-32309,0,0,0,0,0,189536,0
189452,102,8058,1170,162,-158,-4,12781,1,4,-2,0,37011,117,28,65,0,0,0,0,0,0,0,0,-32309,0,0,0,0,0,189541,0
189457,114,8060,1166,159,-151,-10,12780,-5,-2,-2,0,37011,117,28,65,0,0,0,0,0,0,0,0,-32308,0,0,0,0,0,189546,0
189462,128,8058,1182,155,-152,-10,12781,2,0,-2,0,37015,123,28,65,0,0,0,0,0,0,0,0,-32308,0,0,0,0,0,189552,0
189467,134,8086,1190,152,-140,-14,12780,-3,-3,-1,0,37015,123,28,65,0,0,0,0,0,0,0,0,-32308,0,0,0,0,0,189557,0
189472,184,8116,1202,138,-130,-12,12780,-1,1,-1,0,37017,119,28,65,0,0,0,0,0,0,0,0,-32309,0,0,0,0,0,189562,0
189477,188,8176,1214,136,-117,-21,12780,0,0,-3,0,37017,119,28,65,0,0,0,0,0,0,0,0,-32309,0,0,0,0,0,189568,0
189482,180,8194,1216,126,-106,-20,12781,4,2,-4,0,37016,122,28,65,0,0,0,0,0,0,0,0,-32309,0,0,0,0,0,189573,0
189487,178,8202,1170,129,-100,-27,12781,-2,0,-2,0,37016,122,28,65,0,0,0,0,0,0,0,0,-32309,0,0,0,0,0,189578,0
189492,182,8200,1166,120,-83,-23,12781,0,4,-2,0,37015,123,28,65,0,0,0,0,0,0,0,0,-32309,0,0,0,0,0,189584,0
189497,176,8190,1164,112,-73,-25,12780,-7,-4,-2,0,37015,123,28,65,0,0,0,0,0,0,0,0,-32309,0,0,0,0,0,189589,0
189502,174,8180,1150,107,-62,-27,12779,-7,2,-5,0,37011,120,28,65,0,0,0,0,0,0,0,0,-32309,0,0,0,0,0,189594,0
189507,206,8154,1148,106,-49,-26,12779,-13,-3,-4,0,37011,120,28,65,0,0,0,0,0,0,0,0,-32309,0,0,0,0,0,189600,0
189512,188,8156,1114,105,-39,-24,12781,0,4,-3,0,37012,121,28,65,0,0,0,0,0,0,0,0,-32309,0,0,0,0,0,189605,0
189517,198,8132,1092,103,-19,-23,12781,1,5,-3,0,37012,121,28,65,0,0,0,0,0,0,0,0,-32309,0,0,0,0,0,189610,0
189522,210,8156,1092,103,-9,-21,12779,-8,3,-3,0,37013,130,28,65,0,0,0,0,0,0,0,0,-32309,0,0,0,0,0,189616,0
189527,164,8188,1022,101,0,-17,12780,1,3,-2,0,37013,130,28,65,0,0,0,0,0,0,0,0,-32309,0,0,0,0,0,189621,0
189532,178,8222,1020,117,25,-17,12780,0,1,-2,0,37012,129,28,65,0,0,0,0,0,0,0,0,-32309,0,0,0,0,0,189626,0
189537,152,8236,1008,122,33,-14,12781,2,3,0,0,37012,129,28,65,0,0,0,0,0,0,0,0,-32309,0,0,0,0,0,189632,0
189542,118,8258,988,123,36,-10,12781,0,1,-2,0,37012,137,28,65,0,0,0,0,0,0,0,0,-32309,0,0,0,0,0,189637,0
189547,136,8270,980,130,45,-13,12781,0,-1,-4,0,37012,137,28,65,0,0,0,0,0,0,0,0,-32308,0,0,0,0,0,189642,0
189552,110,8224,978,148,67,-11,12781,2,0,-4,0,37012,124,28,65,0,0,0,0,0,0,0,0,-32309,0,0,0,0,0,189648,0
189557,92,8218,972,156,73,-14,12779,-5,-5,-3,0,37012,124,28,65,0,0,0,0,0,0,0,0,-32309,0,0,0,0,0,189653,0
189562,102,8218,982,161,75,-15,12781,1,-6,-2,0,37013,126,28,65,0,0,0,0,0,0,0,0,-32309,0,0,0,0,0,189658,0
189567,80,8224,1038,171,83,-15,12780,-6,-3,-2,0,37013,126,28,65,0,0,0,0,0,0,0,0,-32309,0,0,0,0,0,189664,0
189572,60,8166,1034,191,83,-16,12780,3,3,-2,0,37011,132,28,65,0,0,0,0,0,0,0,0,-32309,0,0,0,0,0,189669,0
189577,46,8132,1060,192,88,-19,12780,1,-1,-2,0,37011,132,28,65,0,0,0,0,0,0,0,0,-32309,0,0,0,0,0,189674,0
189582,54,8100,1066,192,88,-25,12780,-4,4,-2,0,37010,131,28,65,0,0,0,0,0,0,0,0,-32309,0,0,0,0,0,189680,0
189587,78,8030,1098,202,88,-30,12781,-3,1,-3,0,37010,131,28,65,0,0,0,0,0,0,0,0,-32309,0,0,0,0,0,189685,0
189592,62,7940,1154,206,87,-34,12781,3,3,-3,0,37010,122,28,65,0,0,0,0,0,0,0,0,-32309,0,0,0,0,0,189690,0
189597,68,7938,1182,214,88,-39,12780,-10,0,-3,0,37010,122,28,65,0,0,0,0,0,0,0,0,-32309,0,0,0,0,0,189696,0
189602,50,7902,1202,212,83,-41,12781,0,-2,-3,0,37012,118,28,65,0,0,0,0,0,0,0,0,-32309,0,0,0,0,0,189701,0
189607,52,7864,1226,207,83,-46,12779,1,2,-3,0,37012,118,28,65,0,0,0,0,0,0,0,0,-32309,0,0,0,0,0,189706,0
189612,64,7840,1266,199,86,-55,12780,-5,2,-3,0,37012,113,28,65,0,0,0,0,0,0,0,0,-32309,0,0,0,0,0,189712,0
189617,26,7826,1266,197,80,-59,12780,-2,-1,-1,0,37012,113,28,65,0,0,0,0,0,0,0,0,-32309,0,0,0,0,0,189717,0
189622,20,7810,1286,186,80,-58,12780,1,4,-3,0,37011,119,28,65,0,0,0,0,0,0,0,0,-32309,0,0,0,0,0,189723,0
189627,38,7830,1300,181,77,-62,12780,-1,1,-3,0,37011,119,28,65,0,0,0,0,0,0,0,0,-32309,0,0,0,0,0,189728,0
189632,34,7878,1332,163,68,-64,12780,-2,-1,-3,0,37008,123,28,65,0,0,0,0,0,0,0,0,-32309,0,0,0,0,0,189733,0
189637,8,7904,1298,155,69,-68,12782,1,1,-3,0,37008,123,28,65,0,0,0,0,0,0,0,0,-32309,0,0,0,0,0,189738,0
189642,12,7920,1314,145,65,-67,12781,0,0,-3,0,37011,123,28,65,0,0,0,0,0,0,0,0,-32309,0,0,0,0,0,189744,0
189647,-4,7960,1336,141,66,-68,12781,4,3,-2,0,37011,123,28,65,0,0,0,0,0,0,0,0,-32309,0,0,0,0,0,189749,0
189652,-60,7966,1284,124,65,-76,12780,-3,-6,-2,0,37009,131,28,65,0,0,0,0,0,0,0,0,-32308,0,0,0,0,0,189754,0
189657,-8,7982,1268,124,55,-75,12781,6,1,-4,0,37009,131,28,65,0,0,0,0,0,0,0,0,-32309,0,0,0,0,0,189760,0
189662,-74,8048,1302,121,46,-77,12781,1,1,-3,0,37010,137,28,65,0,0,0,0,0,0,0,0,-32309,0,0,0,0,0,189765,0
189667,-54,8092,1286,119,46,-81,12780,3,1,-3,0,37010,137,28,65,0,0,0,0,0,0,0,0,-32309,0,0,0,0,0,189771,0
189672,-68,8088,1270,112,34,-85,12780,0,-2,-2,0,37005,133,28,65,0,0,0,0,0,0,0,0,-32309,0,0,0,0,0,189776,0
189677,-56,8058,1276,108,25,-90,12780,-1,-2,-3,0,37005,133,28,65,0,0,0,0,0,0,0,0,-32309,0,0,0,0,0,189781,0
189682,-64,8074,1278,107,19,-93,12781,7,-1,-2,0,37004,139,28,65,0,0,0,0,0,0,0,0,-32309,0,0,0,0,0,189786,0
189687,-92,8018,1260,100,0,-97,12780,1,5,-2,0,37004,139,28,65,0,0,0,0,0,0,0,0,-32309,0,0,0,0,0,189792,0
189692,-104,8036,1242,100,-13,-110,12779,-2,0,-2,0,37002,132,28,65,0,0,0,0,0,0,0,0,-32309,0,0,0,0,0,189797,0
189697,-138,8042,1248,90,-29,-117,12780,0,-2,-1,0,37002,132,28,65,0,0,0,0,0,0,0,0,-32309,0,0,0,0,0,189803,0
189702,-130,8060,1238,95,-43,-120,12781,1,-1,-2,0,36997,128,28,65,0,0,0,0,0,0,0,0,-32309,0,0,0,0,0,189810,0
189707,-124,8028,1238,86,-58,-126,12780,-5,0,-3,0,36997,128,28,65,0,0,0,0,0,0,0,0,-32309,0,0,0,0,0,189814,0
189712,-94,8106,1226,79,-88,-141,12781,-1,1,-3,0,36996,136,28,65,0,0,0,0,0,0,0,0,-32309,0,0,0,0,0,189820,0
189717,-128,8098,1222,75,-102,-144,12779,-3,0,-2,0,36996,136,28,65,0,0,0,0,0,0,0,0,-32309,0,0,0,0,0,189825,0
189722,-92,8116,1228,75,-116,-149,12781,5,1,-2,0,37001,133,28,65,0,0,0,0,0,0,0,0,-32309,0,0,0,0,0,189830,0
189727,-82,8150,1220,73,-126,-151,12781,8,0,-3,0,37001,133,28,65,0,0,0,0,0,0,0,0,-32309,0,0,0,0,0,189836,0
189732,-36,8178,1204,65,-159,-150,12780,-2,3,-2,0,37005,126,28,65,0,0,0,0,0,0,0,0,-32309,0,0,0,0,0,189841,0
189737,-28,8226,1180,71,-170,-148,12780,0,1,-2,0,37005,126,28,65,0,0,0,0,0,0,0,0,-32309,0,0,0,0,0,189846,0
189742,12,8228,1194,57,-183,-151,12779,-3,-5,-2,0,37007,122,28,65,0,0,0,0,0,0,0,0,-32309,0,0,0,0,0,189852,0
189747,18,8226,1206,62,-193,-149,12781,7,3,-2,0,37007,122,28,65,0,0,0,0,0,0,0,0,-32308,0,0,0,0,0,189857,0
189752,80,8184,1172,58,-211,-137,12780,0,1,-2,0,37013,115,28,65,0,0,0,0,0,0,0,0,-32308,0,0,0,0,0,189862,0
189757,128,8214,1190,60,-218,-135,12781,0,4,-5,0,37013,115,28,65,0,0,0,0,0,0,0,0,-32309,0,0,0,0,0,189868,0
189762,136,8222,1204,60,-229,-132,12781,-2,-3,-2,0,37012,123,28,65,0,0,0,0,0,0,0,0,-32308,0,0,0,0,0,189873,0
189767,170,8216,1200,52,-227,-128,12781,6,0,-2,0,37012,123,28,65,0,0,0,0,0,0,0,0,-32309,0,0,0,0,0,189878,0
189772,170,8230,1180,58,-248,-122,12781,7,1,-3,0,37014,122,28,65,0,0,0,0,0,0,0,0,-32309,0,0,0,0,0,189884,0
189777,188,8194,1202,63,-251,-107,12781,-4,1,-4,0,37014,122,28,65,0,0,0,0,0,0,0,0,-32308,0,0,0,0,0,189889,0
189782,242,8174,1188,66,-259,-111,12780,-3,-1,-4,0,37008,129,28,65,0,0,0,0,0,0,0,0,-32308,0,0,0,0,0,189894,0
189787,208,8168,1194,63,-265,-111,12781,2,-1,-2,0,37008,129,28,65,0,0,0,0,0,0,0,0,-32309,0,0,0,0,0,189900,0
189792,236,8116,1212,66,-281,-92,12781,0,-3,-2,0,37009,129,28,65,0,0,0,0,0,0,0,0,-32309,0,0,0,0,0,189905,0
189797,248,8122,1220,66,-287,-97,12781,2,1,-3,0,37009,129,28,65,0,0,0,0,0,0,0,0,-32309,0,0,0,0,0,189910,0
189802,250,8096,1224,67,-291,-88,12781,2,3,-4,0,37009,128,28,65,0,0,0,0,0,0,0,0,-32309,0,0,0,0,0,189916,0
189807,228,8100,1224,58,-297,-90,12781,1,1,-4,0,37009,128,28,65,0,0,0,0,0,0,0,0,-32309,0,0,0,0,0,189921,0
189812,212,8068,1238,54,-308,-84,12781,1,-1,-4,0,37009,118,28,65,0,0,0,0,0,0,0,0,-32308,0,0,0,0,0,189926,0
189817,206,8076,1234,49,-312,-85,12780,-1,0,-3,0,37009,118,28,65,0,0,0,0,0,0,0,0,-32309,0,0,0,0,0,189932,0
189822,220,8082,1234,40,-311,-76,12780,-2,0,-2,0,37009,129,28,65,0,0,0,0,0,0,0,0,-32309,0,0,0,0,0,189937,0
189827,228,8072,1204,37,-316,-78,12781,5,-1,-2,0,37009,129,28,65,0,0,0,0,0,0,0,0,-32309,0,0,0,0,0,189942,0
189832,232,8122,1212,32,-325,-70,12781,1,1,-2,0,37009,135,28,65,0,0,0,0,0,0,0,0,-32309,0,0,0,0,0,189948,0
189837,204,8118,1230,26,-321,-63,12781,2,-3,-2,0,37009,135,28,65,0,0,0,0,0,0,0,0,-32309,0,0,0,0,0,189953,0
189842,216,8154,1218,22,-322,-59,12781,0,2,-1,0,37008,137,28,65,0,0,0,0,0,0,0,0,-32309,0,0,0,0,0,189958,0
189847,224,8152,1208,14,-318,-59,12780,-5,1,-2,0,37008,137,28,65,0,0,0,0,0,0,0,0,-32309,0,0,0,0,0,189964,0
189852,208,8136,1198,15,-316,-48,12779,-12,-4,-2,0,37008,140,28,65,0,0,0,0,0,0,0,0,-32308,0,0,0,0,0,189969,0
189857,230,8124,1158,10,-313,-43,12779,-9,-6,-1,0,37008,140,28,65,0,0,0,0,0,0,0,0,-32309,0,0,0,0,0,189974,0
189862,254,8126,1148,6,-314,-37,12782,4,1,-1,0,37009,130,28,65,0,0,0,0,0,0,0,0,-32309,0,0,0,0,0,189980,0
189867,226,8146,1142,2,-306,-35,12781,6,1,-2,0,37009,130,28,65,0,0,0,0,0,0,0,0,-32309,0,0,0,0,0,189985,0
189872,228,8104,1134,-4,-295,-29,12781,-1,4,-2,0,37008,131,28,65,0,0,0,0,0,0,0,0,-32309,0,0,0,0,0,189990,0
189877,208,8120,1144,2,-293,-30,12780,-1,-1,-3,0,37008,131,28,65,0,0,0,0,0,0,0,0,-32308,0,0,0,0,0,189995,0
189882,208,8108,1134,2,-292,-28,12780,-8,0,-2,0,37007,127,28,65,0,0,0,0,0,0,0,0,-32309,0,0,0,0,0,190001,0
189887,218,8130,1166,0,-287,-23,12781,-3,-2,-3,0,37007,127,28,65,0,0,0,0,0,0,0,0,-32309,0,0,0,0,0,190006,0
189892,184,8110,1154,5,-271,-24,12781,1,-1,-3,0,37007,123,28,65,0,0,0,0,0,0,0,0,-32309,0,0,0,0,0,190012,0
189897,166,8102,1144,4,-263,-24,12782,4,2,-2,0,37007,123,28,65,0,0,0,0,0,0,0,0,-32309,0,0,0,0,0,190017,0
189902,182,8106,1146,5,-258,-18,12781,-1,0,-3,0,37008,125,28,65,0,0,0,0,0,0,0,0,-32309,0,0,0,0,0,190022,0
189907,158,8068,1200,15,-251,-24,12780,4,-2,-4,0,37008,125,28,65,0,0,0,0,0,0,0,0,-32309,0,0,0,0,0,190027,0
189912,98,8054,1182,14,-242,-24,12781,5,-1,-2,0,37007,124,28,65,0,0,0,0,0,0,0,0,-32309,0,0,0,0,0,190033,0
189917,106,8008,1186,8,-233,-31,12781,3,4,-2,0,37007,124,28,65,0,0,0,0,0,0,0,0,-32309,0,0,0,0,0,190038,0
189922,114,7986,1180,16,-228,-35,12781,4,2,-2,0,37007,120,28,65,0,0,0,0,0,0,0,0,-32309,0,0,0,0,0,190043,0
189927,106,7912,1204,10,-222,-38,12781,0,-1,-1,0,37007,120,28,65,0,0,0,0,0,0,0,0,-32309,0,0,0,0,0,190049,0
189932,118,7906,1226,7,-211,-39,12780,2,-3,-3,0,37006,123,28,65,0,0,0,0,0,0,0,0,-32309,0,0,0,0,0,190054,0
189937,88,7910,1212,4,-207,-45,12781,-3,4,-3,0,37006,123,28,65,0,0,0,0,0,0,0,0,-32309,0,0,0,0,0,190059,0
189942,82,7884,1222,3,-202,-43,12780,-1,-3,-2,0,37008,127,28,65,0,0,0,0,0,0,0,0,-32309,0,0,0,0,0,190065,0
189947,98,7880,1226,1,-193,-50,12782,0,-2,-3,0,37008,127,28,65,0,0,0,0,0,0,0,0,-32309,0,0,0,0,0,190070,0
189952,84,7854,1232,-5,-186,-53,12781,0,3,-3,0,37009,118,28,65,0,0,0,0,0,0,0,0,-32309,0,0,0,0,0,190075,0
189957,86,7850,1216,-12,-183,-56,12780,2,0,-4,0,37009,118,28,65,0,0,0,0,0,0,0,0,-32309,0,0,0,0,0,190081,0
189962,54,7852,1210,-14,-173,-54,12781,4,-2,-2,0,37022,124,28,65,0,0,0,0,0,0,0,0,-32309,0,0,0,0,0,190086,0
189967,68,7858,1222,-16,-171,-60,12781,0,2,-2,0,37022,124,28,65,0,0,0,0,0,0,0,0,-32309,0,0,0,0,0,190091,0
189972,56,7870,1180,-26,-172,-60,12781,0,5,-3,0,37039,129,28,65,0,0,0,0,0,0,0,0,-32309,0,0,0,0,0,190097,0
189977,14,7916,1190,-23,-162,-63,12781,2,1,0,0,37039,129,28,65,0,0,0,0,0,0,0,0,-32309,0,0,0,0,0,190102,0
189982,18,7958,1158,-32,-160,-60,12781,0,-2,-2,0,37040,131,28,65,0,0,0,0,0,0,0,0,-32309,0,0,0,0,0,190107,0
189987,2,7998,1156,-33,-155,-67,12779,-6,-1,-1,0,37040,131,28,65,0,0,0,0,0,0,0,0,-32309,0,0,0,0,0,190113,0
189992,-10,8026,1168,-38,-145,-65,12781,6,-2,-3,0,37025,128,28,65,0,0,0,0,0,0,0,0,-32309,0,0,0,0,0,190118,0
189997,-26,8100,1128,-40,-145,-71,12780,-7,-1,-2,0,37025,128,28,65,0,0,0,0,0,0,0,0,-32309,0,0,0,0,0,190123,0
190002,-20,8092,1130,-40,-140,-67,12782,5,8,-3,0,37011,122,28,65,0,0,0,0,0,0,0,0,-32309,0,0,0,0,0,190129,0
190007,-40,8148,1120,-37,-132,-70,12780,-3,-2,-3,0,37011,122,28,65,0,0,0,0,0,0,0,0,-32309,0,0,0,0,0,190134,0
190012,-74,8200,1096,-42,-119,-77,12781,-5,-4,-2,0,37008,127,28,65,0,0,0,0,0,0,0,0,-32309,0,0,0,0,0,190139,0
190017,-64,8210,1072,-37,-116,-84,12780,0,-2,-2,0,37008,127,28,65,0,0,0,0,0,0,0,0,-32309,0,0,0,0,0,190146,0
190022,-88,8238,1070,-39,-115,-93,12781,2,-1,-3,0,37009,140,28,65,0,0,0,0,0,0,0,0,-32309,0,0,0,0,0,190151,0
190027,-40,8124,1118,-37,-102,-102,12781,-3,0,-3,0,37009,140,28,65,0,0,0,0,0,0,0,0,-32309,0,0,0,0,0,190156,0
190032,-148,8214,1016,-39,-96,-108,12781,3,0,-3,0,37007,132,28,65,0,0,0,0,0,0,0,0,-32309,0,0,0,0,0,190162,0
190037,-162,8270,1020,-24,-91,-118,12781,3,2,-3,0,37007,132,28,65,0,0,0,0,0,0,0,0,-32309,0,0,0,0,0,190167,0
190042,-122,8302,1052,-24,-84,-127,12782,7,-1,-2,0,37007,126,28,65,0,0,0,0,0,0,0,0,-32309,0,0,0,0,0,190172,0
190047,-122,8304,1050,-22,-84,-141,12781,0,-1,-3,0,37007,126,28,65,0,0,0,0,0,0,0,0,-32309,0,0,0,0,0,190178,0
190052,-144,8292,1028,-14,-63,-157,12780,-8,-5,-3,0,37007,122,28,65,0,0,0,0,0,0,0,0,-32309,0,0,0,0,0,190183,0
190057,-136,8248,1046,-7,-63,-162,12780,0,1,-4,0,37007,122,28,65,0,0,0,0,0,0,0,0,-32309,0,0,0,0,0,190188,0
190062,-124,8230,1038,-2,-52,-166,12780,-4,-6,-3,0,37008,122,28,65,0,0,0,0,0,0,0,0,-32309,0,0,0,0,0,190194,0
190067,-102,8234,1026,3,-44,-175,12780,-2,-3,-1,0,37008,122,28,65,0,0,0,0,0,0,0,0,-32310,0,0,0,0,0,190199,0
190072,-80,8236,1044,15,-35,-186,12781,1,0,-3,0,37013,129,28,65,0,0,0,0,0,0,0,0,-32309,0,0,0,0,0,190204,0
190077,-62,8224,1060,18,-28,-190,12781,7,2,-4,0,37013,129,28,65,0,0,0,0,0,0,0,0,-32309,0,0,0,0,0,190210,0
190082,-70,8208,1054,26,-17,-192,12781,3,2,-4,0,37016,129,28,65,0,0,0,0,0,0,0,0,-32308,0,0,0,0,0,190215,0
190087,-114,8170,1040,31,-16,-203,12780,-4,1,-2,0,37016,129,28,65,0,0,0,0,0,0,0,0,-32309,0,0,0,0,0,190220,0
190092,-54,8164,1034,41,-10,-203,12779,0,-4,-3,0,37017,128,28,65,0,0,0,0,0,0,0,0,-32308,0,0,0,0,0,190226,0
190097,-38,8154,1054,44,4,-203,12781,4,1,-3,0,37017,128,28,65,0,0,0,0,0,0,0,0,-32309,0,0,0,0,0,190231,0
190102,-34,8150,1060,52,2,-199,12779,2,-1,-3,0,37007,125,28,65,0,0,0,0,0,0,0,0,-32309,0,0,0,0,0,190237,0
190107,-24,8172,1064,51,10,-199,12782,11,6,-2,0,37007,125,28,65,0,0,0,0,0,0,0,0,-32308,0,0,0,0,0,190242,0
190112,8,8172,1112,54,27,-197,12780,-1,1,-2,0,37006,122,28,65,0,0,0,0,0,0,0,0,-32309,0,0,0,0,0,190247,0
190117,-10,8174,1094,50,32,-197,12780,-3,-3,-2,0,37006,122,28,65,0,0,0,0,0,0,0,0,-32309,0,0,0,0,0,190253,0
190122,8,8184,1128,55,38,-193,12780,-1,1,-2,0,37006,122,28,65,0,0,0,0,0,0,0,0,-32308,0,0,0,0,0,190258,0
190127,0,8176,1118,58,42,-191,12781,1,-1,-2,0,37006,122,28,65,0,0,0,0,0,0,0,0,-32309,0,0,0,0,0,190263,0
190132,20,8194,1114,58,53,-188,12779,-7,-8,-2,0,37008,125,28,65,0,0,0,0,0,0,0,0,-32309,0,0,0,0,0,190269,0
190137,36,8170,1124,59,58,-184,12781,0,4,-3,0,37008,125,28,65,0,0,0,0,0,0,0,0,-32309,0,0,0,0,0,190274,0
190142,40,8190,1128,57,67,-180,12780,2,2,-2,0,37008,123,28,65,0,0,0,0,0,0,0,0,-32309,0,0,0,0,0,190279,0
190147,22,8178,1128,62,70,-176,12781,0,0,-4,0,37008,123,28,65,0,0,0,0,0,0,0,0,-32308,0,0,0,0,0,190285,0
190152,20,8130,1134,61,76,-174,12781,1,4,-4,0,37009,124,28,65,0,0,0,0,0,0,0,0,-32309,0,0,0,0,0,190290,0
190157,12,8144,1150,60,76,-169,12780,-2,-2,-3,0,37009,124,28,65,0,0,0,0,0,0,0,0,-32309,0,0,0,0,0,190295,0
190162,24,8140,1110,63,82,-168,12780,-5,0,-2,0,37007,136,28,65,0,0,0,0,0,0,0,0,-32309,0,0,0,0,0,190301,0
190167,48,8110,1152,71,78,-165,12781,6,-2,-3,0,37007,136,28,65,0,0,0,0,0,0,0,0,-32309,0,0,0,0,0,190306,0
190172,24,8096,1176,74,75,-163,12780,-3,0,-6,0,37012,127,28,65,0,0,0,0,0,0,0,0,-32309,0,0,0,0,0,190311,0
190177,50,8072,1152,73,80,-158,12781,1,0,-2,0,37012,127,28,65,0,0,0,0,0,0,0,0,-32309,0,0,0,0,0,190317,0
190182,20,8078,1164,76,73,-160,12781,3,2,-1,0,37010,133,28,65,0,0,0,0,0,0,0,0,-32309,0,0,0,0,0,190322,0
190187,36,8048,1156,75,77,-156,12780,-1,0,-3,0,37010,133,28,65,0,0,0,0,0,0,0,0,-32308,0,0,0,0,0,190327,0
190192,46,8070,1186,80,73,-151,12779,0,-6,-3,0,37011,133,28,65,0,0,0,0,0,0,0,0,-32309,0,0,0,0,0,190333,0
190197,36,8042,1198,87,71,-148,12782,-2,4,-4,0,37011,133,28,65,0,0,0,0,0,0,0,0,-32308,0,0,0,0,0,190338,0
190202,14,8046,1208,83,72,-142,12781,1,3,-2,0,37007,133,28,65,0,0,0,0,0,0,0,0,-32309,0,0,0,0,0,190343,0
190207,54,8078,1212,82,69,-144,12781,-1,0,-4,0,37007,133,28,65,0,0,0,0,0,0,0,0,-32309,0,0,0,0,0,190349,0
190212,50,8060,1210,82,66,-147,12781,6,3,-3,0,37007,128,28,65,0,0,0,0,0,0,0,0,-32309,0,0,0,0,0,190354,0
190217,42,8036,1230,83,62,-137,12781,2,4,-3,0,37007,128,28,65,0,0,0,0,0,0,0,0,-32309,0,0,0,0,0,190359,0
190222,40,8038,1242,83,57,-139,12781,1,-2,-3,0,37011,120,28,65,0,0,0,0,0,0,0,0,-32309,0,0,0,0,0,190365,0
190227,10,8036,1260,78,54,-135,12780,0,0,-2,0,37011,120,28,65,0,0,0,0,0,0,0,0,-32308,0,0,0,0,0,190370,0
190232,38,8018,1262,73,50,-125,12780,-3,-3,-3,0,37011,125,28,65,0,0,0,0,0,0,0,0,-32309,0,0,0,0,0,190375,0
190237,70,8028,1288,69,42,-120,12781,-1,-3,-3,0,37011,125,28,65,0,0,0,0,0,0,0,0,-32309,0,0,0,0,0,190381,0
190242,44,8004,1296,58,40,-120,12780,0,-1,0,0,37011,131,28,65,0,0,0,0,0,0,0,0,-32309,0,0,0,0,0,190386,0
190247,58,8006,1288,54,30,-114,12781,0,0,-1,0,37011,131,28,65,0,0,0,0,0,0,0,0,-32308,0,0,0,0,0,190391,0
190252,40,8042,1284,48,26,-107,12779,-9,-2,-3,0,37007,123,28,65,0,0,0,0,0,0,0,0,-32309,0,0,0,0,0,190397,0
190257,64,8062,1300,39,16,-97,12780,-2,1,-4,0,37007,123,28,65,0,0,0,0,0,0,0,0,-32309,0,0,0,0,0,190402,0
190262,62,8050,1318,34,22,-87,12780,-3,1,-1,0,37005,118,28,65,0,0,0,0,0,0,0,0,-32308,0,0,0,0,0,190407,0
190267,72,8070,1312,25,17,-87,12781,0,1,-1,0,37005,118,28,65,0,0,0,0,0,0,0,0,-32309,0,0,0,0,0,190413,0
190272,52,8090,1304,19,12,-73,12780,0,2,-2,0,37008,123,28,65,0,0,0,0,0,0,0,0,-32309,0,0,0,0,0,190418,0
190277,58,8082,1292,12,14,-65,12781,0,4,-1,0,37008,123,28,65,0,0,0,0,0,0,0,0,-32309,0,0,0,0,0,190423,0
190282,56,8102,1270,3,16,-57,12781,3,2,-3,0,37010,125,28,65,0,0,0,0,0,0,0,0,-32308,0,0,0,0,0,190429,0
190287,54,8078,1260,6,16,-51,12781,-2,3,-2,0,37010,125,28,65,0,0,0,0,0,0,0,0,-32309,0,0,0,0,0,190434,0
190292,22,8116,1222,-11,16,-36,12780,-4,-4,-2,0,37008,131,28,65,0,0,0,0,0,0,0,0,-32309,0,0,0,0,0,190439,0
190297,-14,8092,1246,-4,14,-36,12780,-1,0,-2,0,37008,131,28,65,0,0,0,0,0,0,0,0,-32309,0,0,0,0,0,190445,0
190302,0,8136,1192,-10,13,-30,12781,-1,-3,-2,0,37008,128,28,65,0,0,0,0,0,0,0,0,-32308,0,0,0,0,0,190450,0
190307,-12,8122,1218,-7,7,-26,12781,0,-3,-2,0,37008,128,28,65,0,0,0,0,0,0,0,0,-32309,0,0,0,0,0,190455,0
190312,-36,8152,1180,-10,4,-14,12780,0,0,-2,0,37007,122,28,65,0,0,0,0,0,0,0,0,-32308,0,0,0,0,0,190461,0
190317,-38,8156,1170,-5,2,-14,12780,-3,0,-3,0,37007,122,28,65,0,0,0,0,0,0,0,0,-32309,0,0,0,0,0,190466,0
190322,-26,8150,1164,-7,6,-3,12780,-10,1,-4,0,37007,125,28,65,0,0,0,0,0,0,0,0,-32309,0,0,0,0,0,190471,0
190327,-38,8132,1182,-6,3,1,12781,0,4,-3,0,37007,125,28,65,0,0,0,0,0,0,0,0,-32309,0,0,0,0,0,190477,0
190332,-68,8154,1146,-5,-7,5,12781,-4,-2,-3,0,37007,131,28,65,0,0,0,0,0,0,0,0,-32309,0,0,0,0,0,190482,0
190337,-72,8152,1160,3,-2,13,12780,-5,3,-3,0,37007,131,28,65,0,0,0,0,0,0,0,0,-32309,0,0,0,0,0,190487,0
190342,-88,8154,1146,2,-8,19,12781,4,4,-3,0,37008,131,28,65,0,0,0,0,0,0,0,0,-32309,0,0,0,0,0,190493,0
190347,-84,8170,1136,5,-7,19,12781,1,7,-3,0,37008,131,28,65,0,0,0,0,0,0,0,0,-32309,0,0,0,0,0,190498,0
190352,-146,8140,1116,2,-7,22,12780,3,2,-3,0,37008,134,28,65,0,0,0,0,0,0,0,0,-32309,0,0,0,0,0,190503,0
190357,-158,8134,1150,7,-5,21,12780,0,-2,-3,0,37008,134,28,65,0,0,0,0,0,0,0,0,-32309,0,0,0,0,0,190509,0
190362,-166,8120,1124,2,-6,24,12780,3,1,-1,0,37007,129,28,65,0,0,0,0,0,0,0,0,-32308,0,0,0,0,0,190514,0
190367,-166,8118,1130,9,-3,25,12781,2,3,-2,0,37007,129,28,65,0,0,0,0,0,0,0,0,-32309,0,0,0,0,0,190519,0
190372,-224,8086,1120,10,6,21,12780,0,3,-2,0,37007,125,28,65,0,0,0,0,0,0,0,0,-32310,0,0,0,0,0,190525,0
190377,-224,8070,1142,16,8,18,12781,3,-2,-2,0,37007,125,28,65,0,0,0,0,0,0,0,0,-32309,0,0,0,0,0,190530,0
190382,-232,8060,1124,13,6,16,12781,2,-5,-2,0,37008,126,28,65,0,0,0,0,0,0,0,0,-32309,0,0,0,0,0,190535,0
190387,-236,8018,1132,19,11,15,12780,-2,-3,-4,0,37008,126,28,65,0,0,0,0,0,0,0,0,-32308,0,0,0,0,0,190541,0
190392,-228,7986,1140,13,22,4,12780,1,-2,-3,0,37013,120,28,65,0,0,0,0,0,0,0,0,-32309,0,0,0,0,0,190546,0
190397,-254,7994,1112,26,25,-4,12781,2,-2,-3,0,37013,120,28,65,0,0,0,0,0,0,0,0,-32309,0,0,0,0,0,190551,0
190402,-240,7972,1128,24,20,-8,12781,2,1,-3,0,37011,115,28,65,0,0,0,0,0,0,0,0,-32309,0,0,0,0,0,190557,0
190407,-282,7932,1116,26,27,-8,12781,7,0,-2,0,37011,115,28,65,0,0,0,0,0,0,0,0,-32308,0,0,0,0,0,190562,0
190412,-292,7906,1128,30,34,-18,12781,2,-4,-3,0,37011,126,28,65,0,0,0,0,0,0,0,0,-32309,0,0,0,0,0,190567,0
190417,-294,7894,1124,30,33,-21,12780,1,0,-3,0,37011,126,28,65,0,0,0,0,0,0,0,0,-32309,0,0,0,0,0,190573,0
190422,-250,7854,1106,31,30,-27,12780,0,-3,-3,0,37008,130,28,65,0,0,0,0,0,0,0,0,-32309,0,0,0,0,0,190578,0
190427,-274,7824,1122,31,37,-30,12780,-1,-2,-3,0,37008,130,28,65,0,0,0,0,0,0,0,0,-32309,0,0,0,0,0,190583,0
190432,-284,7788,1118,26,33,-35,12780,-3,-3,-3,0,37008,128,28,65,0,0,0,0,0,0,0,0,-32309,0,0,0,0,0,190589,0
190437,-280,7750,1126,31,34,-42,12780,1,5,-1,0,37008,128,28,65,0,0,0,0,0,0,0,0,-32309,0,0,0,0,0,190594,0
190442,-256,7742,1120,27,20,-43,12780,-3,0,-3,0,37008,117,28,65,0,0,0,0,0,0,0,0,-32309,0,0,0,0,0,190599,0
190447,-244,7746,1092,29,27,-45,12781,1,0,-4,0,37008,117,28,65,0,0,0,0,0,0,0,0,-32309,0,0,0,0,0,190605,0
190452,-248,7724,1110,27,15,-57,12779,-9,-1,-2,0,37009,116,28,65,0,0,0,0,0,0,0,0,-32309,0,0,0,0,0,190610,0
190457,-242,7696,1076,29,18,-54,12780,0,2,-3,0,37009,116,28,65,0,0,0,0,0,0,0,0,-32309,0,0,0,0,0,190615,0
190462,-240,7670,1084,30,11,-60,12782,7,1,-3,0,37011,128,28,65,0,0,0,0,0,0,0,0,-32309,0,0,0,0,0,190621,0
190467,-238,7672,1112,33,7,-62,12781,3,2,-3,0,37011,128,28,65,0,0,0,0,0,0,0,0,-32309,0,0,0,0,0,190626,0
190472,-202,7700,1078,37,0,-65,12780,0,1,-3,0,37014,126,28,65,0,0,0,0,0,0,0,0,-32309,0,0,0,0,0,190631,0
190477,-226,7704,1084,34,-5,-67,12781,0,1,-3,0,37014,126,28,65,0,0,0,0,0,0,0,0,-32309,0,0,0,0,0,190637,0
190482,-222,7762,1068,35,-8,-69,12779,1,-1,-4,0,37013,122,28,65,0,0,0,0,0,0,0,0,-32309,0,0,0,0,0,190642,0
190487,-180,7728,1068,30,-21,-71,12781,0,3,-3,0,37013,122,28,65,0,0,0,0,0,0,0,0,-32309,0,0,0,0,0,190647,0
190492,-178,7704,1054,39,-24,-76,12782,2,-4,-1,0,37019,123,28,65,0,0,0,0,0,0,0,0,-32309,0,0,0,0,0,190653,0
190497,-136,7708,1060,41,-28,-67,12780,0,3,-2,0,37019,123,28,65,0,0,0,0,0,0,0,0,-32309,0,0,0,0,0,190658,0
190502,-136,7714,1074,43,-34,-74,12780,0,-2,-3,0,37016,124,28,65,0,0,0,0,0,0,0,0,-32309,0,0,0,0,0,190663,0
190507,-154,7718,1064,41,-35,-74,12779,-4,-4,-2,0,37016,124,28,65,0,0,0,0,0,0,0,0,-32309,0,0,0,0,0,190669,0
190512,-130,7706,1080,44,-36,-71,12780,-2,4,-2,0,37015,122,28,65,0,0,0,0,0,0,0,0,-32309,0,0,0,0,0,190674,0
190517,-122,7722,1062,42,-32,-69,12781,3,1,-2,0,37015,122,28,65,0,0,0,0,0,0,0,0,-32309,0,0,0,0,0,190679,0
190522,-152,7736,1050,41,-34,-73,12781,2,1,-2,0,37010,123,28,65,0,0,0,0,0,0,0,0,-32309,0,0,0,0,0,190685,0
190527,-116,7728,1060,41,-31,-76,12780,0,0,-2,0,37010,123,28,65,0,0,0,0,0,0,0,0,-32309,0,0,0,0,0,190690,0
190532,-126,7738,1058,41,-21,-68,12780,-8,-2,-2,0,37008,119,28,65,0,0,0,0,0,0,0,0,-32309,0,0,0,0,0,190695,0
190537,-126,7772,1066,43,-19,-66,12781,0,-1,-2,0,37008,119,28,65,0,0,0,0,0,0,0,0,-32309,0,0,0,0,0,190701,0
190542,-146,7762,1052,51,-9,-65,12780,-2,-3,-1,0,37005,120,28,65,0,0,0,0,0,0,0,0,-32309,0,0,0,0,0,190706,0
190547,-176,7804,1058,42,-7,-69,12781,5,4,-1,0,37005,120,28,65,0,0,0,0,0,0,0,0,-32309,0,0,0,0,0,190711,0
190552,-162,7806,1042,53,4,-66,12782,1,-4,-3,0,37005,121,28,65,0,0,0,0,0,0,0,0,-32309,0,0,0,0,0,190717,0
190557,-176,7844,1022,54,6,-67,12781,4,1,-4,0,37005,121,28,65,0,0,0,0,0,0,0,0,-32309,0,0,0,0,0,190722,0
190562,-166,7866,1024,58,11,-61,12780,-1,-1,-3,0,37005,117,28,65,0,0,0,0,0,0,0,0,-32309,0,0,0,0,0,190727,0
190567,-162,7904,1030,63,22,-56,12781,6,0,-3,0,37005,117,28,65,0,0,0,0,0,0,0,0,-32309,0,0,0,0,0,190733,0
190572,-162,7882,1044,74,38,-54,12782,10,0,-2,0,37008,119,28,65,0,0,0,0,0,0,0,0,-32309,0,0,0,0,0,190738,0
190577,-176,7882,1024,88,46,-44,12781,3,1,-3,0,37008,119,28,65,0,0,0,0,0,0,0,0,-32309,0,0,0,0,0,190743,0
190582,-194,7874,1020,87,51,-39,12780,5,-4,-2,0,37010,113,28,65,0,0,0,0,0,0,0,0,-32309,0,0,0,0,0,190748,0
190587,-190,7870,1028,97,58,-32,12781,0,-4,-2,0,37010,113,28,65,0,0,0,0,0,0,0,0,-32309,0,0,0,0,0,190754,0
190592,-220,7874,1030,123,82,-23,12781,-3,1,-4,0,37008,110,28,65,0,0,0,0,0,0,0,0,-32309,0,0,0,0,0,190759,0
190597,-224,7866,1056,118,87,-24,12780,-3,0,-4,0,37008,110,28,65,0,0,0,0,0,0,0,0,-32309,0,0,0,0,0,190765,0
190602,-238,7850,1046,132,97,-23,12781,-5,-3,-1,0,37010,116,28,65,0,0,0,0,0,0,0,0,-32309,0,0,0,0,0,190770,0
190607,-270,7850,1044,139,102,-19,12781,5,-7,-3,0,37010,116,28,65,0,0,0,0,0,0,0,0,-32308,0,0,0,0,0,190775,0
190612,-330,7870,1054,153,118,-23,12781,4,2,-3,0,37011,111,28,65,0,0,0,0,0,0,0,0,-32309,0,0,0,0,0,190780,0
190617,-360,7868,1072,162,121,-26,12780,0,-1,-3,0,37011,111,28,65,0,0,0,0,0,0,0,0,-32309,0,0,0,0,0,190786,0
190622,-348,7898,1088,165,130,-28,12781,6,2,-4,0,37012,115,28,65,0,0,0,0,0,0,0,0,-32309,0,0,0,0,0,190791,0
190627,-366,7920,1094,171,131,-32,12780,-1,4,-3,0,37012,115,28,65,0,0,0,0,0,0,0,0,-32309,0,0,0,0,0,190796,0
190632,-384,7954,1122,178,140,-47,12780,-1,2,-3,0,37009,123,28,65,0,0,0,0,0,0,0,0,-32309,0,0,0,0,0,190802,0
190637,-400,7966,1134,181,144,-49,12780,-2,-2,-4,0,37009,123,28,65,0,0,0,0,0,0,0,0,-32309,0,0,0,0,0,190807,0
190642,-414,8040,1154,187,145,-58,12781,5,1,-1,0,37008,126,28,65,0,0,0,0,0,0,0,0,-32309,0,0,0,0,0,190812,0
190647,-426,8076,1168,184,152,-64,12781,5,-1,-1,0,37008,126,28,65,0,0,0,0,0,0,0,0,-32309,0,0,0,0,0,190818,0
190652,-406,8130,1166,183,157,-69,12780,-1,1,-2,0,37006,125,28,65,0,0,0,0,0,0,0,0,-32309,0,0,0,0,0,190823,0
190657,-376,8140,1202,192,149,-78,12781,4,1,-2,0,37006,125,28,65,0,0,0,0,0,0,0,0,-32308,0,0,0,0,0,190828,0
190662,-392,8178,1214,189,155,-79,12780,1,-1,-3,0,37005,131,28,65,0,0,0,0,0,0,0,0,-32309,0,0,0,0,0,190834,0
190667,-414,8192,1222,186,159,-81,12781,4,1,-2,0,37005,131,28,65,0,0,0,0,0,0,0,0,-32308,0,0,0,0,0,190839,0
190672,-390,8222,1246,181,153,-89,12780,0,-3,-1,0,37006,129,28,65,0,0,0,0,0,0,0,0,-32309,0,0,0,0,0,190844,0
190677,-372,8232,1256,175,160,-87,12782,5,-1,-2,0,37006,129,28,65,0,0,0,0,0,0,0,0,-32308,0,0,0,0,0,190850,0
190682,-348,8212,1250,172,156,-87,12780,0,-1,-3,0,37006,136,28,65,0,0,0,0,0,0,0,0,-32308,0,0,0,0,0,190855,0
190687,-338,8186,1266,168,167,-89,12780,2,4,-2,0,37006,136,28,65,0,0,0,0,0,0,0,0,-32309,0,0,0,0,0,190860,0
190692,-376,8256,1276,167,159,-87,12780,-2,-6,-1,0,37005,131,28,65,0,0,0,0,0,0,0,0,-32309,0,0,0,0,0,190866,0
190697,-386,8278,1250,159,164,-85,12780,-6,0,-2,0,37005,131,28,65,0,0,0,0,0,0,0,0,-32309,0,0,0,0,0,190871,0
190702,-336,8298,1284,154,165,-85,12782,3,-4,-6,0,37009,122,28,65,0,0,0,0,0,0,0,0,-32308,0,0,0,0,0,190876,0
190707,-322,8320,1318,154,169,-80,12779,-4,4,-3,0,37009,122,28,65,0,0,0,0,0,0,0,0,-32309,0,0,0,0,0,190882,0
190712,-332,8366,1326,154,183,-78,12781,2,-3,-1,0,37010,123,28,65,0,0,0,0,0,0,0,0,-32309,0,0,0,0,0,190887,0
190717,-366,8390,1334,144,186,-88,12781,4,-5,-1,0,37010,123,28,65,0,0,0,0,0,0,0,0,-32309,0,0,0,0,0,190893,0
190722,-382,8406,1366,142,195,-81,12781,-5,3,-2,0,37012,126,28,65,0,0,0,0,0,0,0,0,-32309,0,0,0,0,0,190898,0
190727,-414,8388,1392,136,194,-82,12781,0,-4,-3,0,37012,126,28,65,0,0,0,0,0,0,0,0,-32309,0,0,0,0,0,190903,0
190732,-442,8436,1454,126,201,-86,12780,4,2,-3,0,37007,120,28,65,0,0,0,0,0,0,0,0,-32309,0,0,0,0,0,190909,0
190737,-430,8438,1470,124,211,-92,12780,-9,-4,-3,0,37007,120,28,65,0,0,0,0,0,0,0,0,-32309,0,0,0,0,0,190914,0
190742,-448,8308,1420,116,223,-83,12782,10,-1,-2,0,37003,119,28,65,0,0,0,0,0,0,0,0,-32309,0,0,0,0,0,190919,0
190747,-434,8290,1536,116,233,-86,12781,0,2,-3,0,37003,119,28,65,0,0,0,0,0,0,0,0,-32309,0,0,0,0,0,190925,0
190752,-526,8420,1578,104,235,-98,12782,8,-2,-2,0,37006,127,28,65,0,0,0,0,0,0,0,0,-32309,0,0,0,0,0,190930,0
190757,-542,8318,1554,103,244,-102,12781,4,-4,-3,0,37006,127,28,65,0,0,0,0,0,0,0,0,-32309,0,0,0,0,0,190935,0
190762,-538,8372,1668,92,253,-101,12781,-1,7,-2,0,37006,123,28,65,0,0,0,0,0,0,0,0,-32309,0,0,0,0,0,190941,0
190767,-534,8376,1648,84,258,-102,12782,7,-5,-2,0,37006,123,28,65,0,0,0,0,0,0,0,0,-32309,0,0,0,0,0,190946,0
190772,-570,8300,1700,60,267,-101,12781,-3,-2,-3,0,37005,125,28,65,0,0,0,0,0,0,0,0,-32309,0,0,0,0,0,190951,0
190777,-572,8266,1708,53,274,-110,12781,-2,-5,-3,0,37005,125,28,65,0,0,0,0,0,0,0,0,-32309,0,0,0,0,0,190957,0
190782,-602,8220,1720,45,287,-106,12780,-1,-2,-3,0,37007,117,28,65,0,0,0,0,0,0,0,0,-32309,0,0,0,0,0,190962,0
190787,-576,8208,1710,31,296,-120,12780,-2,1,-3,0,37007,117,28,65,0,0,0,0,0,0,0,0,-32309,0,0,0,0,0,190967,0
190792,-616,8164,1694,16,314,-134,12780,0,-4,-1,0,37007,127,28,65,0,0,0,0,0,0,0,0,-32309,0,0,0,0,0,190973,0
190797,-618,8104,1692,7,313,-144,12780,0,0,-2,0,37007,127,28,65,0,0,0,0,0,0,0,0,-32309,0,0,0,0,0,190978,0
190802,-636,8074,1682,6,321,-147,12781,-1,1,-3,0,37006,128,28,65,0,0,0,0,0,0,0,0,-32309,0,0,0,0,0,190983,0
190807,-658,8076,1678,-10,323,-155,12780,1,2,-3,0,37006,128,28,65,0,0,0,0,0,0,0,0,-32309,0,0,0,0,0,190989,0
190812,-670,8086,1644,-16,333,-173,12781,1,0,0,0,37011,125,28,65,0,0,0,0,0,0,0,0,-32309,0,0,0,0,0,190994,0
190817,-664,8102,1630,-25,336,-178,12781,4,-1,-2,0,37011,125,28,65,0,0,0,0,0,0,0,0,-32309,0,0,0,0,0,190999,0
190822,-670,8080,1624,-32,340,-187,12781,8,0,-4,0,37014,130,28,65,0,0,0,0,0,0,0,0,-32309,0,0,0,0,0,191004,0
190827,-690,8090,1614,-38,341,-193,12780,8,3,-2,0,37014,130,28,65,0,0,0,0,0,0,0,0,-32309,0,0,0,0,0,191009,0
190832,-708,8052,1624,-50,330,-206,12781,5,-1,-2,0,37018,134,28,65,0,0,0,0,0,0,0,0,-32309,0,0,0,0,0,191014,0
190837,-692,8028,1580,-57,329,-218,12781,4,-4,-3,0,37018,134,28,65,0,0,0,0,0,0,0,0,-32309,0,0,0,0,0,191019,0
190842,-716,8010,1580,-65,323,-217,12781,0,1,-2,0,37014,128,28,65,0,0,0,0,0,0,0,0,-32309,0,0,0,0,0,191024,0
190847,-700,7994,1560,-72,311,-227,12781,3,-4,-2,0,37014,128,28,65,0,0,0,0,0,0,0,0,-32309,0,0,0,0,0,191029,0
190852,-752,7972,1552,-78,286,-242,12781,0,-6,-2,0,37011,128,28,65,0,0,0,0,0,0,0,0,-32309,0,0,0,0,0,191034,0
190857,-758,7926,1504,-80,273,-247,12781,6,-5,-3,0,37011,128,28,65,0,0,0,0,0,0,0,0,-32309,0,0,0,0,0,191039,0
190862,-766,7884,1510,-81,253,-252,12781,0,-3,-2,0,37013,128,28,65,0,0,0,0,0,0,0,0,-32309,0,0,0,0,0,191044,0
190867,-738,7888,1500,-87,241,-261,12780,0,-1,-1,0,37013,128,28,65,0,0,0,0,0,0,0,0,-32309,0,0,0,0,0,191049,0
190872,-744,7886,1448,-97,207,-267,12779,0,-2,-3,0,37014,123,28,65,0,0,0,0,0,0,0,0,-32309,0,0,0,0,0,191054,0
190877,-728,7902,1434,-106,184,-276,12780,0,1,-2,0,37014,123,28,65,0,0,0,0,0,0,0,0,-32309,0,0,0,0,0,191059,0
190882,-742,7932,1436,-113,166,-281,12782,13,0,-1,0,37013,121,28,65,0,0,0,0,0,0,0,0,-32309,0,0,0,0,0,191064,0
190887,-738,7954,1430,-114,152,-287,12780,-1,4,-2,0,37013,121,28,65,0,0,0,0,0,0,0,0,-32309,0,0,0,0,0,191069,0
190892,-722,7988,1386,-113,109,-297,12781,-2,-2,-3,0,37012,115,28,65,0,0,0,0,0,0,0,0,-32309,0,0,0,0,0,191074,0
190897,-732,7982,1392,-124,98,-299,12781,1,-2,-2,0,37012,115,28,65,0,0,0,0,0,0,0,0,-32310,0,0,0,0,0,191079,0
190902,-730,8020,1366,-127,82,-295,12781,7,1,-4,0,37011,124,28,65,0,0,0,0,0,0,0,0,-32309,0,0,0,0,0,191084,0
190907,-702,8036,1366,-130,66,-296,12781,2,-2,-4,0,37011,124,28,65,0,0,0,0,0,0,0,0,-32309,0,0,0,0,0,191089,0
190912,-674,8072,1322,-128,34,-295,12780,-6,-2,-3,0,37010,124,28,65,0,0,0,0,0,0,0,0,-32309,0,0,0,0,0,191094,0
190917,-672,8070,1294,-137,16,-293,12781,1,2,-4,0,37010,124,28,65,0,0,0,0,0,0,0,0,-32309,0,0,0,0,0,191099,0
190922,-686,8060,1318,-137,-1,-292,12781,5,2,-5,0,37016,120,28,65,0,0,0,0,0,0,0,0,-32309,0,0,0,0,0,191104,0
190927,-664,8042,1264,-137,-12,-300,12781,-1,2,-2,0,37016,120,28,65,0,0,0,0,0,0,0,0,-32309,0,0,0,0,0,191109,0
190932,-640,8032,1276,-130,-29,-294,12779,0,-5,-3,0,37015,124,28,65,0,0,0,0,0,0,0,0,-32309,0,0,0,0,0,191114,0
190937,-642,7994,1250,-135,-52,-292,12782,-3,3,-4,0,37015,124,28,65,0,0,0,0,0,0,0,0,-32309,0,0,0,0,0,191119,0
190942,-634,7998,1246,-133,-58,-292,12780,-6,3,-2,0,37014,130,28,65,0,0,0,0,0,0,0,0,-32309,0,0,0,0,0,191124,0
190947,-656,7990,1226,-126,-58,-288,12780,2,-8,-3,0,37014,130,28,65,0,0,0,0,0,0,0,0,-32309,0,0,0,0,0,191129,0
190952,-636,7956,1214,-123,-85,-286,12781,3,1,-3,0,37009,132,28,65,0,0,0,0,0,0,0,0,-32309,0,0,0,0,0,191134,0
190957,-644,7944,1200,-120,-91,-283,12780,0,3,-5,0,37009,132,28,65,0,0,0,0,0,0,0,0,-32309,0,0,0,0,0,191139,0
190962,-634,7918,1210,-120,-104,-284,12780,-4,0,-3,0,37012,122,28,65,0,0,0,0,0,0,0,0,-32309,0,0,0,0,0,191144,0
190967,-662,7886,1200,-113,-108,-284,12781,3,1,-2,0,37012,122,28,65,0,0,0,0,0,0,0,0,-32309,0,0,0,0,0,191149,0
190972,-650,7848,1162,-103,-130,-278,12780,0,-5,-2,0,37016,126,28,65,0,0,0,0,0,0,0,0,-32309,0,0,0,0,0,191154,0
190977,-670,7802,1170,-102,-141,-275,12781,-5,0,-3,0,37016,126,28,65,0,0,0,0,0,0,0,0,-32309,0,0,0,0,0,191159,0
190982,-664,7760,1160,-96,-152,-280,12780,-4,-2,-3,0,37017,118,28,65,0,0,0,0,0,0,0,0,-32309,0,0,0,0,0,191164,0
190987,-660,7772,1188,-92,-158,-276,12780,-5,-1,-4,0,37017,118,28,65,0,0,0,0,0,0,0,0,-32309,0,0,0,0,0,191169,0
190992,-614,7744,1192,-82,-179,-268,12781,-2,1,-3,0,37015,131,28,65,0,0,0,0,0,0,0,0,-32308,0,0,0,0,0,191174,0
190997,-620,7748,1188,-78,-189,-268,12780,6,-1,-4,0,37015,131,28,65,0,0,0,0,0,0,0,0,-32309,0,0,0,0,0,191179,0
191002,-630,7752,1178,-78,-201,-262,12781,-4,3,-5,0,37013,132,28,65,0,0,0,0,0,0,0,0,-32309,0,0,0,0,0,191184,0
191007,-628,7768,1174,-73,-207,-257,12780,3,6,-3,0,37013,132,28,65,0,0,0,0,0,0,0,0,-32309,0,0,0,0,0,191189,0
191012,-588,7832,1200,-59,-227,-247,12781,0,-1,-2,0,37012,131,28,65,0,0,0,0,0,0,0,0,-32309,0,0,0,0,0,191194,0
191017,-600,7842,1180,-67,-236,-248,12781,-4,3,-3,0,37012,131,28,65,0,0,0,0,0,0,0,0,-32309,0,0,0,0,0,191200,0
191022,-568,7848,1206,-64,-242,-235,12780,-3,1,-3,0,37014,125,28,65,0,0,0,0,0,0,0,0,-32309,0,0,0,0,0,191205,0
191027,-568,7888,1190,-58,-242,-233,12780,2,-2,-3,0,37014,125,28,65,0,0,0,0,0,0,0,0,-32309,0,0,0,0,0,191210,0
191032,-540,7918,1194,-51,-256,-218,12780,-6,-1,-4,0,37011,115,28,65,0,0,0,0,0,0,0,0,-32309,0,0,0,0,0,191215,0
191037,-532,7916,1196,-56,-265,-214,12781,11,2,-3,0,37011,115,28,65,0,0,0,0,0,0,0,0,-32308,0,0,0,0,0,191220,0
191042,-502,7920,1196,-47,-266,-209,12780,-5,-2,-1,0,37010,111,28,65,0,0,0,0,0,0,0,0,-32309,0,0,0,0,0,191225,0
191047,-486,7906,1228,-52,-273,-199,12780,-1,-1,-3,0,37010,111,28,65,0,0,0,0,0,0,0,0,-32309,0,0,0,0,0,191230,0
191052,-452,7944,1222,-48,-274,-190,12780,-1,-1,-3,0,37010,115,28,65,0,0,0,0,0,0,0,0,-32309,0,0,0,0,0,191235,0
191057,-458,7938,1212,-47,-276,-184,12780,1,0,-3,0,37010,115,28,65,0,0,0,0,0,0,0,0,-32309,0,0,0,0,0,191240,0
191062,-456,7954,1212,-47,-276,-182,12781,0,2,-1,0,37011,122,28,65,0,0,0,0,0,0,0,0,-32309,0,0,0,0,0,191245,0
191067,-430,7958,1236,-41,-281,-179,12780,-6,6,-3,0,37011,122,28,65,0,0,0,0,0,0,0,0,-32309,0,0,0,0,0,191250,0
191072,-416,8026,1236,-41,-280,-171,12780,-2,-1,-4,0,37011,127,28,65,0,0,0,0,0,0,0,0,-32309,0,0,0,0,0,191255,0
191077,-412,8008,1258,-45,-280,-168,12780,-1,-3,-3,0,37011,127,28,65,0,0,0,0,0,0,0,0,-32309,0,0,0,0,0,191260,0
191082,-410,8068,1254,-47,-275,-163,12780,-2,-1,-3,0,37011,134,28,65,0,0,0,0,0,0,0,0,-32309,0,0,0,0,0,191265,0
191087,-418,8108,1260,-52,-271,-159,12781,0,3,-3,0,37011,134,28,65,0,0,0,0,0,0,0,0,-32309,0,0,0,0,0,191270,0
191092,-380,8046,1284,-58,-260,-155,12780,-1,-1,-3,0,37010,125,28,65,0,0,0,0,0,0,0,0,-32309,0,0,0,0,0,191275,0
191097,-422,8118,1226,-55,-257,-147,12781,1,2,-3,0,37010,125,28,65,0,0,0,0,0,0,0,0,-32309,0,0,0,0,0,191280,0
191102,-430,8140,1254,-63,-247,-137,12780,0,0,-3,0,37009,124,28,65,0,0,0,0,0,0,0,0,-32309,0,0,0,0,0,191285,0
191107,-406,8172,1260,-67,-245,-133,12781,2,4,-4,0,37009,124,28,65,0,0,0,0,0,0,0,0,-32309,0,0,0,0,0,191290,0
191112,-372,8144,1274,-76,-223,-120,12781,-2,1,-3,0,37012,121,28,65,0,0,0,0,0,0,0,0,-32309,0,0,0,0,0,191295,0
191117,-350,8182,1248,-74,-214,-121,12781,1,1,-3,0,37012,121,28,65,0,0,0,0,0,0,0,0,-32309,0,0,0,0,0,191300,0
191122,-394,8222,1252,-81,-205,-111,12780,-2,-1,-3,0,37014,117,28,65,0,0,0,0,0,0,0,0,-32309,0,0,0,0,0,191305,0
191127,-402,8166,1216,-83,-199,-97,12781,4,0,-5,0,37014,117,28,65,0,0,0,0,0,0,0,0,-32309,0,0,0,0,0,191310,0
191132,-396,8196,1180,-75,-183,-82,12780,-9,-4,-3,0,37019,123,28,65,0,0,0,0,0,0,0,0,-32309,0,0,0,0,0,191315,0
191137,-400,8196,1168,-80,-179,-77,12780,0,0,-3,0,37019,123,28,65,0,0,0,0,0,0,0,0,-32308,0,0,0,0,0,191320,0
191142,-430,8190,1162,-68,-173,-67,12782,5,0,-2,0,37016,123,28,65,0,0,0,0,0,0,0,0,-32309,0,0,0,0,0,191325,0
191147,-470,8194,1158,-69,-162,-68,12780,-5,1,-2,0,37016,123,28,65,0,0,0,0,0,0,0,0,-32309,0,0,0,0,0,191330,0
191152,-496,8148,1116,-56,-154,-52,12780,2,2,-2,0,37014,130,28,65,0,0,0,0,0,0,0,0,-32309,0,0,0,0,0,191335,0
191157,-504,8122,1086,-51,-148,-48,12780,0,-2,-3,0,37014,130,28,65,0,0,0,0,0,0,0,0,-32309,0,0,0,0,0,191340,0
191162,-534,8100,1068,-39,-143,-46,12780,1,1,-2,0,37013,145,28,65,0,0,0,0,0,0,0,0,-32308,0,0,0,0,0,191345,0
191167,-560,8062,1098,-33,-135,-39,12781,3,1,-2,0,37013,145,28,65,0,0,0,0,0,0,0,0,-32309,0,0,0,0,0,191350,0
191172,-610,8060,1070,-22,-130,-32,12780,-2,0,-2,0,37015,144,28,65,0,0,0,0,0,0,0,0,-32309,0,0,0,0,0,191355,0
191177,-594,8026,1086,-4,-121,-32,12781,-2,4,-1,0,37015,144,28,65,0,0,0,0,0,0,0,0,-32309,0,0,0,0,0,191362,0
191182,-594,8026,1070,2,-118,-27,12781,7,1,-2,0,37011,137,28,65,0,0,0,0,0,0,0,0,-32309,0,0,0,0,0,191365,0
191187,-642,8044,1090,20,-112,-32,12781,4,0,-2,0,37011,137,28,65,0,0,0,0,0,0,0,0,-32309,0,0,0,0,0,191370,0
191192,-672,8022,1108,37,-98,-34,12781,0,4,-2,0,37000,133,28,65,0,0,0,0,0,0,0,0,-32309,0,0,0,0,0,191375,0
191197,-684,8032,1102,46,-98,-33,12780,-1,4,-2,0,37000,133,28,65,0,0,0,0,0,0,0,0,-32309,0,0,0,0,0,191380,0
191202,-706,8034,1114,60,-89,-31,12780,0,-2,-3,0,36991,125,28,65,0,0,0,0,0,0,0,0,-32308,0,0,0,0,0,191381,0
191207,-694,8074,1122,72,-79,-37,12780,-2,1,-2,0,36991,125,28,65,0,0,0,0,0,0,0,0,-32308,0,0,0,0,0,191383,0
191212,-704,8110,1140,92,-73,-37,12780,-3,2,-2,0,36981,126,28,65,0,0,0,0,0,0,0,0,-32309,0,0,0,0,0,191388,0
191217,-700,8088,1134,99,-66,-38,12781,-1,3,-3,0,36981,126,28,65,0,0,0,0,0,0,0,0,-32309,0,0,0,0,0,191393,0
191222,-682,8072,1146,103,-61,-39,12779,-5,1,-2,0,36981,122,28,65,0,0,0,0,0,0,0,0,-32309,0,0,0,0,0,191398,0
191227,-696,8056,1174,119,-60,-44,12780,-7,-2,0,0,36981,122,28,65,0,0,0,0,0,0,0,0,-32309,0,0,0,0,0,191403,0
191232,-734,8062,1172,123,-57,-42,12782,1,1,-2,0,36989,118,28,65,0,0,0,0,0,0,0,0,-32309,0,0,0,0,0,191408,0
191237,-730,8072,1204,126,-51,-40,12780,0,5,-2,0,36989,118,28,65,0,0,0,0,0,0,0,0,-32309,0,0,0,0,0,191413,0
191242,-694,8074,1198,132,-61,-42,12780,1,1,-1,0,37004,126,28,65,0,0,0,0,0,0,0,0,-32309,0,0,0,0,0,191418,0
191247,-692,8062,1216,138,-61,-32,12780,-3,-4,-2,0,37004,126,28,65,0,0,0,0,0,0,0,0,-32309,0,0,0,0,0,191423,0
191252,-740,8050,1256,133,-63,-38,12781,5,3,-3,0,37008,120,28,65,0,0,0,0,0,0,0,0,-32309,0,0,0,0,0,191428,0
191257,-750,8044,1274,140,-66,-33,12781,2,1,-4,0,37008,120,28,65,0,0,0,0,0,0,0,0,-32308,0,0,0,0,0,191433,0
191262,-748,8050,1282,131,-62,-30,12780,4,2,-3,0,37008,120,28,65,0,0,0,0,0,0,0,0,-32309,0,0,0,0,0,191438,0
191267,-764,8052,1300,135,-66,-26,12780,-5,-2,-2,0,37008,120,28,65,0,0,0,0,0,0,0,0,-32309,0,0,0,0,0,191443,0
191272,-804,8030,1322,128,-65,-26,12781,3,0,-3,0,37002,126,28,65,0,0,0,0,0,0,0,0,-32309,0,0,0,0,0,191448,0
191277,-808,8016,1310,119,-62,-27,12780,-3,2,-3,0,37002,126,28,65,0,0,0,0,0,0,0,0,-32309,0,0,0,0,0,191453,0
191282,-816,8016,1328,115,-66,-25,12780,-3,-2,-3,0,37005,128,28,65,0,0,0,0,0,0,0,0,-32309,0,0,0,0,0,191458,0
191287,-848,8000,1348,110,-68,-28,12780,0,-3,-3,0,37005,128,28,65,0,0,0,0,0,0,0,0,-32309,0,0,0,0,0,191463,0
191292,-884,8010,1346,105,-58,-32,12780,3,3,-2,0,37008,132,28,65,0,0,0,0,0,0,0,0,-32309,0,0,0,0,0,191468,0
191297,-916,7962,1330,99,-57,-35,12780,-3,2,-2,0,37008,132,28,65,0,0,0,0,0,0,0,0,-32309,0,0,0,0,0,191473,0
191302,-896,7918,1332,97,-57,-40,12781,-1,1,-2,0,37010,133,28,65,0,0,0,0,0,0,0,0,-32309,0,0,0,0,0,191478,0
191307,-922,7936,1314,94,-53,-41,12781,-1,-1,-3,0,37010,133,28,65,0,0,0,0,0,0,0,0,-32309,0,0,0,0,0,191483,0
191312,-972,7864,1328,86,-53,-51,12781,0,-1,-3,0,37011,127,28,65,0,0,0,0,0,0,0,0,-32309,0,0,0,0,0,191488,0
191317,-980,7840,1322,87,-47,-60,12779,-7,0,-3,0,37011,127,28,65,0,0,0,0,0,0,0,0,-32309,0,0,0,0,0,191493,0
191322,-1006,7828,1302,86,-53,-64,12779,-8,-1,-3,0,37011,122,28,65,0,0,0,0,0,0,0,0,-32309,0,0,0,0,0,191498,0
191327,-1038,7782,1298,87,-49,-68,12779,-7,0,-3,0,37011,122,28,65,0,0,0,0,0,0,0,0,-32308,0,0,0,0,0,191503,0
191332,-1022,7796,1270,90,-48,-76,12781,5,3,-3,0,37011,127,28,65,0,0,0,0,0,0,0,0,-32309,0,0,0,0,0,191508,0
191337,-1046,7798,1278,93,-38,-81,12782,0,-1,-4,0,37011,127,28,65,0,0,0,0,0,0,0,0,-32309,0,0,0,0,0,191513,0
191342,-1064,7800,1288,90,-43,-83,12780,3,7,-1,0,37016,125,28,65,0,0,0,0,0,0,0,0,-32309,0,0,0,0,0,191518,0
191347,-1068,7792,1300,95,-42,-92,12781,-4,-1,-2,0,37016,125,28,65,0,0,0,0,0,0,0,0,-32309,0,0,0,0,0,191523,0
191352,-1042,7792,1292,103,-32,-103,12780,0,-4,-2,0,37015,125,28,65,0,0,0,0,0,0,0,0,-32309,0,0,0,0,0,191528,0
191357,-1026,7782,1282,106,-30,-106,12780,0,2,-2,0,37015,125,28,65,0,0,0,0,0,0,0,0,-32309,0,0,0,0,0,191533,0
191362,-1080,7796,1284,107,-23,-109,12780,-2,2,-3,0,37016,123,28,65,0,0,0,0,0,0,0,0,-32309,0,0,0,0,0,191538,0
191367,-1072,7784,1294,115,-20,-115,12781,-2,1,-4,0,37016,123,28,65,0,0,0,0,0,0,0,0,-32309,0,0,0,0,0,191543,0
191372,-1054,7760,1286,123,-10,-125,12781,-1,1,-4,0,37011,113,28,65,0,0,0,0,0,0,0,0,-32310,0,0,0,0,0,191548,0
191377,-1074,7758,1266,126,-6,-134,12782,8,4,-4,0,37011,113,28,65,0,0,0,0,0,0,0,0,-32310,0,0,0,0,0,191553,0
191382,-1100,7750,1290,129,0,-136,12781,0,-1,-5,0,37012,123,28,65,0,0,0,0,0,0,0,0,-32309,0,0,0,0,0,191558,0
191387,-1102,7776,1294,132,-3,-145,12782,8,-1,-3,0,37012,123,28,65,0,0,0,0,0,0,0,0,-32309,0,0,0,0,0,191563,0
191392,-1110,7814,1286,139,10,-152,12781,6,-3,-3,0,37011,121,28,65,0,0,0,0,0,0,0,0,-32309,0,0,0,0,0,191568,0
191397,-1088,7850,1274,149,10,-156,12780,-3,0,-1,0,37011,121,28,65,0,0,0,0,0,0,0,0,-32308,0,0,0,0,0,191573,0
191402,-1108,7806,1278,147,12,-166,12781,1,-4,-2,0,37009,113,28,65,0,0,0,0,0,0,0,0,-32309,0,0,0,0,0,191578,0
191407,-1132,7814,1296,154,12,-170,12782,6,-4,-1,0,37009,113,28,65,0,0,0,0,0,0,0,0,-32309,0,0,0,0,0,191583,0
191412,-1124,7858,1288,158,18,-177,12781,6,-1,-2,0,37011,119,28,65,0,0,0,0,0,0,0,0,-32309,0,0,0,0,0,191588,0
191417,-1118,7862,1304,150,18,-177,12780,2,-7,-3,0,37011,119,28,65,0,0,0,0,0,0,0,0,-32308,0,0,0,0,0,191593,0
191422,-1130,7904,1292,160,21,-183,12781,1,-2,-2,0,37013,123,28,65,0,0,0,0,0,0,0,0,-32309,0,0,0,0,0,191598,0
191427,-1138,7874,1290,157,21,-186,12780,-2,0,-2,0,37013,123,28,65,0,0,0,0,0,0,0,0,-32309,0,0,0,0,0,191603,0
191432,-1114,7916,1288,158,26,-198,12780,-3,0,-3,0,37014,126,28,65,0,0,0,0,0,0,0,0,-32309,0,0,0,0,0,191608,0
191437,-1114,7956,1286,160,29,-193,12781,3,2,-3,0,37014,126,28,65,0,0,0,0,0,0,0,0,-32309,0,0,0,0,0,191613,0
191442,-1110,7966,1288,159,33,-200,12781,6,3,-3,0,37015,140,28,65,0,0,0,0,0,0,0,0,-32309,0,0,0,0,0,191618,0
191447,-1118,7938,1302,162,36,-207,12781,2,4,-4,0,37015,140,28,65,0,0,0,0,0,0,0,0,-32308,0,0,0,0,0,191623,0
191452,-1116,7950,1308,167,42,-214,12781,0,-1,-2,0,37015,141,28,65,0,0,0,0,0,0,0,0,-32308,0,0,0,0,0,191628,0
191457,-1088,7958,1310,171,49,-216,12781,1,3,-3,0,37015,141,28,65,0,0,0,0,0,0,0,0,-32309,0,0,0,0,0,191633,0
191462,-1108,8000,1284,166,56,-222,12782,4,5,-3,0,37018,141,28,65,0,0,0,0,0,0,0,0,-32309,0,0,0,0,0,191638,0
191467,-1116,8028,1310,171,62,-228,12781,0,-1,-2,0,37018,141,28,65,0,0,0,0,0,0,0,0,-32309,0,0,0,0,0,191643,0
191472,-1074,8028,1330,180,67,-234,12781,8,1,-4,0,37019,142,28,65,0,0,0,0,0,0,0,0,-32308,0,0,0,0,0,191648,0
191477,-1086,8036,1330,184,66,-236,12780,1,-1,-2,0,37019,142,28,65,0,0,0,0,0,0,0,0,-32309,0,0,0,0,0,191653,0
191482,-1058,8024,1322,185,83,-244,12781,0,-3,-2,0,37018,123,28,65,0,0,0,0,0,0,0,0,-32309,0,0,0,0,0,191658,0
191487,-1076,8018,1342,191,84,-247,12780,-1,-1,-3,0,37018,123,28,65,0,0,0,0,0,0,0,0,-32309,0,0,0,0,0,191663,0
191492,-1070,7966,1336,196,91,-251,12780,-1,0,-3,0,37016,128,28,65,0,0,0,0,0,0,0,0,-32309,0,0,0,0,0,191668,0
191497,-1022,7920,1330,197,87,-261,12780,-7,-3,-2,0,37016,128,28,65,0,0,0,0,0,0,0,0,-32309,0,0,0,0,0,191673,0
191502,-1040,7926,1344,196,87,-260,12782,3,-1,-3,0,37015,127,28,65,0,0,0,0,0,0,0,0,-32309,0,0,0,0,0,191678,0
191507,-1016,7904,1352,200,87,-266,12781,4,4,-3,0,37015,127,28,65,0,0,0,0,0,0,0,0,-32309,0,0,0,0,0,191683,0
191512,-1032,7934,1336,199,76,-270,12780,-6,0,-3,0,37013,122,28,65,0,0,0,0,0,0,0,0,-32308,0,0,0,0,0,191688,0
191517,-1030,7942,1368,204,75,-269,12779,-1,-1,-3,0,37013,122,28,65,0,0,0,0,0,0,0,0,-32309,0,0,0,0,0,191693,0
191522,-1040,7992,1380,204,72,-270,12781,2,0,-2,0,37011,128,28,65,0,0,0,0,0,0,0,0,-32309,0,0,0,0,0,191698,0
191527,-1030,7956,1350,201,67,-271,12781,0,2,-2,0,37011,128,28,65,0,0,0,0,0,0,0,0,-32309,0,0,0,0,0,191703,0
191532,-1042,7998,1356,201,58,-270,12781,4,1,-3,0,37011,127,28,65,0,0,0,0,0,0,0,0,-32309,0,0,0,0,0,191708,0
191537,-1076,7988,1372,195,54,-266,12780,-3,-1,-2,0,37011,127,28,65,0,0,0,0,0,0,0,0,-32309,0,0,0,0,0,191713,0
191542,-1074,8034,1362,200,47,-266,12780,2,-1,-1,0,37011,127,28,65,0,0,0,0,0,0,0,0,-32308,0,0,0,0,0,191718,0
191547,-1064,8024,1362,201,49,-265,12781,1,-6,-2,0,37011,127,28,65,0,0,0,0,0,0,0,0,-32309,0,0,0,0,0,191723,0
191552,-1064,8012,1368,197,34,-253,12781,0,2,-3,0,37015,126,28,65,0,0,0,0,0,0,0,0,-32309,0,0,0,0,0,191728,0
191557,-1038,8010,1376,202,24,-257,12781,2,-2,-4,0,37015,126,28,65,0,0,0,0,0,0,0,0,-32309,0,0,0,0,0,191733,0
191562,-1060,7990,1382,199,23,-249,12782,10,-2,-2,0,37014,129,28,65,0,0,0,0,0,0,0,0,-32309,0,0,0,0,0,191738,0
191567,-1052,8000,1366,198,10,-248,12779,-3,-3,-1,0,37014,129,28,65,0,0,0,0,0,0,0,0,-32309,0,0,0,0,0,191743,0
191572,-1058,7998,1368,204,-6,-241,12781,-1,-3,-2,0,37016,131,28,65,0,0,0,0,0,0,0,0,-32309,0,0,0,0,0,191748,0
191577,-1082,8034,1370,202,-10,-234,12781,5,0,-2,0,37016,131,28,65,0,0,0,0,0,0,0,0,-32309,0,0,0,0,0,191753,0
191582,-1072,8020,1354,202,-13,-232,12781,2,3,-3,0,37010,132,28,65,0,0,0,0,0,0,0,0,-32308,0,0,0,0,0,191758,0
191587,-1072,8028,1370,209,-21,-232,12780,-2,1,-2,0,37010,132,28,65,0,0,0,0,0,0,0,0,-32309,0,0,0,0,0,191763,0
191592,-1102,8018,1388,208,-34,-225,12779,-12,0,-3,0,37010,117,28,65,0,0,0,0,0,0,0,0,-32308,0,0,0,0,0,191768,0
191597,-1090,8046,1374,205,-37,-227,12780,-2,1,-3,0,37010,117,28,65,0,0,0,0,0,0,0,0,-32309,0,0,0,0,0,191773,0
191602,-1122,8044,1410,214,-40,-231,12780,-2,2,-3,0,37011,119,28,65,0,0,0,0,0,0,0,0,-32309,0,0,0,0,0,191778,0
191607,-1122,8034,1394,215,-45,-228,12781,0,2,-4,0,37011,119,28,65,0,0,0,0,0,0,0,0,-32308,0,0,0,0,0,191783,0
191612,-1160,7970,1388,213,-48,-235,12780,-1,4,-3,0,37008,127,28,65,0,0,0,0,0,0,0,0,-32309,0,0,0,0,0,191788,0
191617,-1156,7930,1380,213,-52,-235,12781,7,1,-4,0,37008,127,28,65,0,0,0,0,0,0,0,0,-32309,0,0,0,0,0,191793,0
191622,-1176,7912,1376,220,-50,-242,12781,0,1,-4,0,37007,115,28,65,0,0,0,0,0,0,0,0,-32309,0,0,0,0,0,191798,0
191627,-1174,7892,1392,224,-53,-240,12782,8,1,-2,0,37007,115,28,65,0,0,0,0,0,0,0,0,-32309,0,0,0,0,0,191803,0
191632,-1154,7878,1412,218,-54,-251,12781,-2,-3,-3,0,37004,120,28,65,0,0,0,0,0,0,0,0,-32309,0,0,0,0,0,191808,0
191637,-1154,7908,1428,222,-52,-258,12780,1,-1,-4,0,37004,120,28,65,0,0,0,0,0,0,0,0,-32309,0,0,0,0,0,191813,0
191642,-1174,7926,1430,224,-56,-258,12780,5,-5,-2,0,37008,131,28,65,0,0,0,0,0,0,0,0,-32309,0,0,0,0,0,191818,0
191647,-1160,7912,1446,220,-54,-267,12780,0,1,-3,0,37008,131,28,65,0,0,0,0,0,0,0,0,-32309,0,0,0,0,0,191823,0
191652,-1150,7906,1464,217,-43,-271,12781,0,-2,-2,0,37008,129,28,65,0,0,0,0,0,0,0,0,-32309,0,0,0,0,0,191828,0
191657,-1118,7920,1466,213,-32,-270,12781,4,1,-3,0,37008,129,28,65,0,0,0,0,0,0,0,0,-32309,0,0,0,0,0,191833,0
191662,-1096,7900,1458,206,-30,-272,12780,1,-1,-3,0,37009,132,28,65,0,0,0,0,0,0,0,0,-32309,0,0,0,0,0,191838,0
191667,-1122,7880,1476,205,-29,-279,12780,1,-2,-2,0,37009,132,28,65,0,0,0,0,0,0,0,0,-32309,0,0,0,0,0,191843,0
191672,-1098,7834,1474,192,-19,-277,12780,0,-2,-2,0,37011,126,28,65,0,0,0,0,0,0,0,0,-32309,0,0,0,0,0,191848,0
191677,-1090,7840,1482,191,-15,-278,12781,6,6,-2,0,37011,126,28,65,0,0,0,0,0,0,0,0,-32308,0,0,0,0,0,191853,0
191682,-1078,7800,1484,184,-5,-280,12781,-4,2,-3,0,37011,128,28,65,0,0,0,0,0,0,0,0,-32308,0,0,0,0,0,191858,0
191687,-1088,7804,1478,176,-1,-279,12781,-1,-2,-3,0,37011,128,28,65,0,0,0,0,0,0,0,0,-32309,0,0,0,0,0,191863,0
191692,-1080,7786,1460,166,4,-271,12780,0,-4,-2,0,37009,128,28,65,0,0,0,0,0,0,0,0,-32309,0,0,0,0,0,191868,0
191697,-1074,7778,1472,163,14,-274,12781,4,-1,-2,0,37009,128,28,65,0,0,0,0,0,0,0,0,-32308,0,0,0,0,0,191873,0
191702,-1084,7766,1482,156,13,-270,12781,11,0,-2,0,37008,120,28,65,0,0,0,0,0,0,0,0,-32309,0,0,0,0,0,191878,0
191707,-1066,7756,1444,152,25,-271,12781,-8,3,-2,0,37008,120,28,65,0,0,0,0,0,0,0,0,-32309,0,0,0,0,0,191883,0
191712,-1100,7724,1446,144,38,-265,12780,3,0,-3,0,37009,120,28,65,0,0,0,0,0,0,0,0,-32309,0,0,0,0,0,191888,0
191717,-1086,7692,1430,138,43,-262,12780,-2,-1,-3,0,37009,120,28,65,0,0,0,0,0,0,0,0,-32309,0,0,0,0,0,191893,0
191722,-1106,7650,1424,136,56,-264,12781,0,-2,-1,0,37014,123,28,65,0,0,0,0,0,0,0,0,-32309,0,0,0,0,0,191898,0
191727,-1066,7642,1418,134,65,-259,12781,-2,-5,-1,0,37014,123,28,65,0,0,0,0,0,0,0,0,-32309,0,0,0,0,0,191903,0
191732,-1118,7574,1410,128,74,-257,12779,-4,5,-2,0,37016,126,28,65,0,0,0,0,0,0,0,0,-32309,0,0,0,0,0,191908,0
191737,-1078,7546,1374,126,84,-260,12780,-7,-5,-3,0,37016,126,28,65,0,0,0,0,0,0,0,0,-32309,0,0,0,0,0,191913,0
191742,-1152,7512,1340,125,93,-265,12780,-2,0,-2,0,37014,124,28,65,0,0,0,0,0,0,0,0,-32309,0,0,0,0,0,191918,0
191747,-1134,7522,1358,122,90,-261,12781,-4,0,-4,0,37014,124,28,65,0,0,0,0,0,0,0,0,-32309,0,0,0,0,0,191923,0
191752,-1154,7536,1316,122,103,-260,12782,9,4,-2,0,37013,133,28,65,0,0,0,0,0,0,0,0,-32309,0,0,0,0,0,191928,0
191757,-1162,7556,1330,122,104,-268,12780,-2,3,-3,0,37013,133,28,65,0,0,0,0,0,0,0,0,-32309,0,0,0,0,0,191933,0
191762,-1134,7568,1296,121,111,-265,12781,9,2,-2,0,37011,126,28,65,0,0,0,0,0,0,0,0,-32309,0,0,0,0,0,191938,0
191767,-1116,7604,1300,121,114,-257,12780,-3,-4,0,0,37011,126,28,65,0,0,0,0,0,0,0,0,-32309,0,0,0,0,0,191943,0
191772,-1126,7650,1288,118,121,-258,12779,-7,2,-2,0,37015,126,28,65,0,0,0,0,0,0,0,0,-32309,0,0,0,0,0,191948,0
191777,-1106,7680,1300,114,120,-256,12781,4,-1,-2,0,37015,126,28,65,0,0,0,0,0,0,0,0,-32309,0,0,0,0,0,191953,0
191782,-1104,7732,1294,117,131,-250,12779,-6,1,-2,0,37014,128,28,65,0,0,0,0,0,0,0,0,-32309,0,0,0,0,0,191958,0
191787,-1084,7780,1280,116,137,-249,12781,2,2,-2,0,37014,128,28,65,0,0,0,0,0,0,0,0,-32309,0,0,0,0,0,191963,0
191792,-1070,7810,1270,120,141,-240,12781,-5,-6,-3,0,37013,123,28,65,0,0,0,0,0,0,0,0,-32309,0,0,0,0,0,191968,0
191797,-1086,7844,1240,122,149,-241,12781,3,6,0,0,37013,123,28,65,0,0,0,0,0,0,0,0,-32309,0,0,0,0,0,191973,0
191802,-1076,7850,1254,120,157,-230,12782,6,-4,-2,0,37010,129,28,65,0,0,0,0,0,0,0,0,-32309,0,0,0,0,0,191978,0
191807,-1102,7864,1210,120,159,-223,12780,-4,0,-2,0,37010,129,28,65,0,0,0,0,0,0,0,0,-32309,0,0,0,0,0,191983,0
191812,-1072,7858,1198,122,163,-209,12780,7,2,-2,0,37011,127,28,65,0,0,0,0,0,0,0,0,-32309,0,0,0,0,0,191988,0
191817,-1052,7868,1198,115,163,-202,12781,4,-1,-2,0,37011,127,28,65,0,0,0,0,0,0,0,0,-32309,0,0,0,0,0,191993,0
191822,-1090,7822,1168,128,170,-198,12780,1,-2,-4,0,37011,130,28,65,0,0,0,0,0,0,0,0,-32309,0,0,0,0,0,191998,0
191827,-1084,7864,1144,124,173,-193,12780,-7,-1,-3,0,37011,130,28,65,0,0,0,0,0,0,0,0,-32309,0,0,0,0,0,192003,0
191832,-1106,7890,1128,128,183,-181,12780,3,3,-3,0,37009,135,28,65,0,0,0,0,0,0,0,0,-32309,0,0,0,0,0,192008,0
191837,-1120,7898,1118,131,182,-169,12780,-1,-5,-2,0,37009,135,28,65,0,0,0,0,0,0,0,0,-32308,0,0,0,0,0,192013,0
191842,-1080,7902,1106,131,190,-168,12781,0,0,-2,0,37008,129,28,65,0,0,0,0,0,0,0,0,-32308,0,0,0,0,0,192018,0
191847,-1142,7920,1110,136,193,-165,12780,-2,-2,-3,0,37008,129,28,65,0,0,0,0,0,0,0,0,-32309,0,0,0,0,0,192023,0
191852,-1128,8000,1092,140,201,-154,12781,0,3,-2,0,37008,119,28,65,0,0,0,0,0,0,0,0,-32309,0,0,0,0,0,192028,0
191857,-1164,7988,1098,137,212,-158,12781,2,-3,-3,0,37008,119,28,65,0,0,0,0,0,0,0,0,-32309,0,0,0,0,0,192033,0
191862,-1142,8002,1056,147,212,-148,12780,0,-1,-2,0,37009,124,28,65,0,0,0,0,0,0,0,0,-32309,0,0,0,0,0,192038,0
191867,-1122,7972,1078,144,215,-149,12780,-1,-2,-4,0,37009,124,28,65,0,0,0,0,0,0,0,0,-32309,0,0,0,0,0,192043,0
191872,-1148,7968,1042,152,221,-142,12781,-2,-2,-6,0,37012,127,28,65,0,0,0,0,0,0,0,0,-32309,0,0,0,0,0,192048,0
191877,-1180,7970,1044,157,219,-138,12781,3,1,-3,0,37012,127,28,65,0,0,0,0,0,0,0,0,-32309,0,0,0,0,0,192053,0
191882,-1158,7944,1026,165,222,-133,12781,2,-2,-3,0,37011,130,28,65,0,0,0,0,0,0,0,0,-32309,0,0,0,0,0,192058,0
191887,-1140,7934,1038,173,221,-125,12780,0,-5,-3,0,37011,130,28,65,0,0,0,0,0,0,0,0,-32309,0,0,0,0,0,192063,0
191892,-1112,7930,996,176,216,-112,12780,-1,-3,-3,0,37010,124,28,65,0,0,0,0,0,0,0,0,-32309,0,0,0,0,0,192068,0
191897,-1098,7942,1014,181,208,-107,12782,3,2,-3,0,37010,124,28,65,0,0,0,0,0,0,0,0,-32309,0,0,0,0,0,192073,0
191902,-1084,7928,1026,186,212,-99,12780,3,0,-2,0,37010,117,28,65,0,0,0,0,0,0,0,0,-32308,0,0,0,0,0,192078,0
191907,-1052,7940,1034,194,212,-92,12782,1,4,-3,0,37010,117,28,65,0,0,0,0,0,0,0,0,-32309,0,0,0,0,0,192083,0
191912,-1044,7926,1018,210,208,-69,12782,7,-3,-3,0,37010,118,28,65,0,0,0,0,0,0,0,0,-32309,0,0,0,0,0,192088,0
191917,-1042,7882,1006,210,212,-59,12780,0,-2,-3,0,37010,118,28,65,0,0,0,0,0,0,0,0,-32309,0,0,0,0,0,192093,0
191922,-1274,8028,1024,222,201,-51,12781,-3,0,-2,0,37011,119,28,65,0,0,0,0,0,0,0,0,-32309,0,0,0,0,0,192098,0
191927,-1094,8292,1260,217,185,-4,12780,-3,-1,-1,0,37011,119,28,65,0,0,0,0,0,0,0,0,-32309,0,0,0,0,0,192103,0
191932,-470,8282,1458,212,161,18,12781,1,3,-3,0,37010,122,28,65,0,0,0,0,0,0,0,0,-32309,0,0,0,0,0,192108,0
191937,-500,7894,1332,225,152,53,12781,2,-1,-3,0,37010,122,28,65,0,0,0,0,0,0,0,0,-32309,0,0,0,0,0,192113,0
191942,-852,8188,1338,222,136,42,12779,-8,-1,-1,0,37011,133,28,65,0,0,0,0,0,0,0,0,-32309,0,0,0,0,0,192118,0
191947,-944,8010,1384,223,117,104,12781,6,0,-3,0,37011,133,28,65,0,0,0,0,0,0,0,0,-32309,0,0,0,0,0,192123,0
191952,-624,8028,1694,192,47,164,12780,3,-1,-1,0,37010,132,28,65,0,0,0,0,0,0,0,0,-32309,0,0,0,0,0,192128,0
191957,-456,8074,1798,174,19,182,12781,-1,1,-3,0,37010,132,28,65,0,0,0,0,0,0,0,0,-32309,0,0,0,0,0,192133,0
191962,-460,8170,1976,165,-10,203,12779,-5,-1,-3,0,37010,133,28,65,0,0,0,0,0,0,0,0,-32309,0,0,0,0,0,192138,0
191967,-540,8152,1998,147,-37,233,12780,2,-1,-2,0,37010,133,28,65,0,0,0,0,0,0,0,0,-32309,0,0,0,0,0,192143,0
191972,-908,8238,2048,113,-49,227,12779,-10,-4,-1,0,37018,133,28,65,0,0,0,0,0,0,0,0,-32309,0,0,0,0,0,192148,0
191977,-1292,8226,1862,109,-40,210,12781,-1,3,-3,0,37018,133,28,65,0,0,0,0,0,0,0,0,-32309,0,0,0,0,0,192153,0
191982,-1602,8122,1626,116,-22,211,12779,-10,-4,-2,0,37020,128,28,65,0,0,0,0,0,0,0,0,-32309,0,0,0,0,0,192158,0
191987,-1700,8054,1340,131,-8,222,12779,-7,-3,-2,0,37020,128,28,65,0,0,0,0,0,0,0,0,-32309,0,0,0,0,0,192163,0
191992,-1718,8040,870,152,-1,209,12781,-3,-2,-3,0,37019,123,28,65,0,0,0,0,0,0,0,0,-32309,0,0,0,0,0,192168,0
191997,-1664,8100,710,174,-11,209,12781,4,1,-2,0,37019,123,28,65,0,0,0,0,0,0,0,0,-32309,0,0,0,0,0,192173,0
192002,-1546,8190,734,194,-39,210,12781,3,3,-2,0,37012,131,28,65,0,0,0,0,0,0,0,0,-32309,0,0,0,0,0,192178,0
192007,-1498,8282,838,205,-70,207,12780,0,-2,-2,0,37012,131,28,65,0,0,0,0,0,0,0,0,-32309,0,0,0,0,0,192183,0
192012,-1412,8426,1092,228,-113,205,12781,0,3,-1,0,37010,123,28,65,0,0,0,0,0,0,0,0,-32309,0,0,0,0,0,192188,0
192017,-1374,8450,1150,234,-122,196,12781,-1,1,-3,0,37010,123,28,65,0,0,0,0,0,0,0,0,-32309,0,0,0,0,0,192194,0
192022,-1424,8460,1186,246,-139,199,12781,4,4,-2,0,37009,130,28,65,0,0,0,0,0,0,0,0,-32309,0,0,0,0,0,192199,0
192027,-1428,8488,1228,233,-149,202,12780,-4,-3,-3,0,37009,130,28,65,0,0,0,0,0,0,0,0,-32309,0,0,0,0,0,192204,0
192032,-1436,8328,1134,245,-149,205,12780,1,-3,-2,0,37009,128,28,65,0,0,0,0,0,0,0,0,-32309,0,0,0,0,0,192209,0
192037,-1416,8258,1114,254,-149,209,12780,0,-1,-2,0,37009,128,28,65,0,0,0,0,0,0,0,0,-32309,0,0,0,0,0,192214,0
192042,-1336,8226,1052,257,-140,209,12781,0,3,-3,0,37008,125,28,65,0,0,0,0,0,0,0,0,-32309,0,0,0,0,0,192219,0
192047,-1346,8146,1054,252,-143,213,12781,3,1,-4,0,37008,125,28,65,0,0,0,0,0,0,0,0,-32309,0,0,0,0,0,192224,0
192052,-1270,8072,1064,247,-143,220,12781,2,2,-3,0,37009,128,28,65,0,0,0,0,0,0,0,0,-32309,0,0,0,0,0,192229,0
192057,-1274,8022,1102,252,-137,215,12779,1,-4,-3,0,37009,128,28,65,0,0,0,0,0,0,0,0,-32309,0,0,0,0,0,192234,0
192062,-1306,7972,1090,249,-135,217,12781,-5,3,-2,0,37011,124,28,65,0,0,0,0,0,0,0,0,-32309,0,0,0,0,0,192239,0
192067,-1322,7928,1104,243,-130,217,12780,-2,2,-2,0,37011,124,28,65,0,0,0,0,0,0,0,0,-32309,0,0,0,0,0,192244,0
192072,-1322,7856,1106,235,-119,225,12781,2,-1,-3,0,37011,114,28,65,0,0,0,0,0,0,0,0,-32309,0,0,0,0,0,192249,0
192077,-1378,7786,1072,237,-109,229,12781,0,1,-5,0,37011,114,28,65,0,0,0,0,0,0,0,0,-32309,0,0,0,0,0,192254,0
192082,-1320,7792,1080,230,-96,231,12780,-1,-2,-6,0,37013,123,28,65,0,0,0,0,0,0,0,0,-32309,0,0,0,0,0,192259,0
192087,-1316,7790,1096,227,-90,232,12781,-1,8,-2,0,37013,123,28,65,0,0,0,0,0,0,0,0,-32309,0,0,0,0,0,192264,0
192092,-1308,7818,1090,219,-58,241,12781,4,2,-1,0,37014,129,28,65,0,0,0,0,0,0,0,0,-32309,0,0,0,0,0,192269,0
192097,-1288,7870,1050,216,-54,245,12780,1,1,-1,0,37014,129,28,65,0,0,0,0,0,0,0,0,-32309,0,0,0,0,0,192274,0
192102,-1292,7902,1096,208,-40,247,12780,-4,3,-3,0,37011,131,28,65,0,0,0,0,0,0,0,0,-32309,0,0,0,0,0,192279,0
192107,-1286,7890,1074,206,-28,252,12780,0,-2,-3,0,37011,131,28,65,0,0,0,0,0,0,0,0,-32309,0,0,0,0,0,192284,0
192112,-1284,7994,1032,197,-15,258,12780,-4,0,-2,0,37010,124,28,65,0,0,0,0,0,0,0,0,-32309,0,0,0,0,0,192289,0
192117,-1268,8042,1020,199,-13,258,12780,-1,-4,-3,0,37010,124,28,65,0,0,0,0,0,0,0,0,-32309,0,0,0,0,0,192294,0
192122,-1256,8008,978,186,-7,266,12780,0,-2,-3,0,37011,120,28,65,0,0,0,0,0,0,0,0,-32309,0,0,0,0,0,192299,0
192127,-1244,8084,966,185,0,268,12780,-11,1,-3,0,37011,120,28,65,0,0,0,0,0,0,0,0,-32309,0,0,0,0,0,192304,0
192132,-1250,8092,944,185,6,264,12780,4,-2,-3,0,37012,128,28,65,0,0,0,0,0,0,0,0,-32309,0,0,0,0,0,192309,0
192137,-1256,8116,948,179,6,269,12780,0,-3,-3,0,37012,128,28,65,0,0,0,0,0,0,0,0,-32309,0,0,0,0,0,192314,0
192142,-1190,8148,944,177,2,274,12780,3,2,-2,0,37012,133,28,65,0,0,0,0,0,0,0,0,-32309,0,0,0,0,0,192319,0
192147,-1192,8122,960,179,5,270,12781,-1,2,-3,0,37012,133,28,65,0,0,0,0,0,0,0,0,-32309,0,0,0,0,0,192324,0
192152,-1126,8088,964,181,9,265,12779,-5,-2,-2,0,37011,127,28,65,0,0,0,0,0,0,0,0,-32309,0,0,0,0,0,192329,0
192157,-1140,8080,940,176,4,265,12780,-7,-1,-2,0,37011,127,28,65,0,0,0,0,0,0,0,0,-32309,0,0,0,0,0,192334,0
192162,-1164,8064,960,176,3,268,12781,-2,-1,-3,0,37012,120,28,65,0,0,0,0,0,0,0,0,-32309,0,0,0,0,0,192339,0
192167,-1168,8076,960,175,4,265,12779,-8,-4,-3,0,37012,120,28,65,0,0,0,0,0,0,0,0,-32309,0,0,0,0,0,192344,0
192172,-1122,8022,952,176,-2,262,12780,2,0,-2,0,37009,125,28,65,0,0,0,0,0,0,0,0,-32309,0,0,0,0,0,192349,0
192177,-1134,7966,974,176,-5,256,12781,1,-1,-4,0,37009,125,28,65,0,0,0,0,0,0,0,0,-32309,0,0,0,0,0,192354,0
192182,-1142,8002,944,170,-9,258,12782,5,7,-5,0,37012,121,28,65,0,0,0,0,0,0,0,0,-32309,0,0,0,0,0,192359,0
192187,-1140,8044,954,169,-9,254,12781,-1,1,-2,0,37012,121,28,65,0,0,0,0,0,0,0,0,-32309,0,0,0,0,0,192364,0
192192,-1084,8078,936,171,-14,253,12779,-6,-3,-2,0,37011,126,28,65,0,0,0,0,0,0,0,0,-32309,0,0,0,0,0,192369,0
192197,-1074,8092,898,162,-15,249,12780,-1,-4,-1,0,37011,126,28,65,0,0,0,0,0,0,0,0,-32309,0,0,0,0,0,192374,0
192202,-1080,8124,916,168,-19,247,12781,0,0,-2,0,37013,123,28,65,0,0,0,0,0,0,0,0,-32309,0,0,0,0,0,192379,0
192207,-1100,8164,906,159,-23,245,12780,-3,-1,-3,0,37013,123,28,65,0,0,0,0,0,0,0,0,-32309,0,0,0,0,0,192384,0
192212,-1134,8162,886,161,-30,246,12781,9,0,-2,0,37009,124,28,65,0,0,0,0,0,0,0,0,-32309,0,0,0,0,0,192389,0
192217,-1102,8186,878,158,-28,244,12779,-5,0,-2,0,37009,124,28,65,0,0,0,0,0,0,0,0,-32308,0,0,0,0,0,192394,0
192222,-1124,8148,858,160,-32,242,12779,-1,2,-3,0,37011,126,28,65,0,0,0,0,0,0,0,0,-32309,0,0,0,0,0,192399,0
192227,-1168,8166,872,159,-43,243,12780,0,-2,-3,0,37011,126,28,65,0,0,0,0,0,0,0,0,-32309,0,0,0,0,0,192404,0
192232,-1182,8128,828,154,-54,243,12779,-3,2,-2,0,37014,125,28,65,0,0,0,0,0,0,0,0,-32309,0,0,0,0,0,192409,0
192237,-1202,8106,842,153,-62,243,12782,8,1,-3,0,37014,125,28,65,0,0,0,0,0,0,0,0,-32309,0,0,0,0,0,192414,0
192242,-1172,8056,830,148,-66,248,12780,2,2,-3,0,37013,111,28,65,0,0,0,0,0,0,0,0,-32309,0,0,0,0,0,192419,0
192247,-1190,8052,802,152,-74,243,12780,-1,4,-5,0,37013,111,28,65,0,0,0,0,0,0,0,0,-32309,0,0,0,0,0,192424,0
192252,-1178,7998,836,152,-87,243,12780,0,-4,-2,0,37012,109,28,65,0,0,0,0,0,0,0,0,-32309,0,0,0,0,0,192429,0
192257,-1220,7970,864,151,-102,245,12780,-1,1,-3,0,37012,109,28,65,0,0,0,0,0,0,0,0,-32309,0,0,0,0,0,192434,0
192262,-1206,7936,874,150,-111,244,12780,-3,-2,-3,0,37011,105,28,65,0,0,0,0,0,0,0,0,-32309,0,0,0,0,0,192439,0
192267,-1200,7942,856,150,-116,246,12780,-2,0,-2,0,37011,105,28,65,0,0,0,0,0,0,0,0,-32309,0,0,0,0,0,192444,0
192272,-1216,7914,850,146,-132,243,12781,-1,1,-2,0,37011,125,28,65,0,0,0,0,0,0,0,0,-32309,0,0,0,0,0,192449,0
192277,-1210,7936,850,149,-142,243,12781,2,-1,-2,0,37011,125,28,65,0,0,0,0,0,0,0,0,-32309,0,0,0,0,0,192454,0
192282,-1190,7932,844,151,-148,243,12781,2,-2,-2,0,37014,133,28,65,0,0,0,0,0,0,0,0,-32309,0,0,0,0,0,192459,0
192287,-1166,7962,846,152,-161,242,12781,2,0,-2,0,37014,133,28,65,0,0,0,0,0,0,0,0,-32308,0,0,0,0,0,192464,0
192292,-1142,7988,818,153,-181,242,12781,3,-5,-2,0,37014,127,28,65,0,0,0,0,0,0,0,0,-32309,0,0,0,0,0,192469,0
192297,-1124,8004,836,151,-185,236,12781,5,0,-3,0,37014,127,28,65,0,0,0,0,0,0,0,0,-32309,0,0,0,0,0,192474,0
192302,-1118,8032,836,158,-203,233,12781,0,1,-3,0,37015,133,28,65,0,0,0,0,0,0,0,0,-32308,0,0,0,0,0,192479,0
192307,-1094,8070,842,153,-216,238,12780,-2,-1,-4,0,37015,133,28,65,0,0,0,0,0,0,0,0,-32309,0,0,0,0,0,192484,0
192312,-1072,8080,812,161,-237,230,12780,-4,-4,-2,0,37015,141,28,65,0,0,0,0,0,0,0,0,-32309,0,0,0,0,0,192489,0
192317,-1064,8134,834,160,-244,230,12780,-2,-4,-2,0,37015,141,28,65,0,0,0,0,0,0,0,0,-32309,0,0,0,0,0,192494,0
192322,-1062,8124,822,154,-259,227,12780,2,-2,-1,0,37011,138,28,65,0,0,0,0,0,0,0,0,-32309,0,0,0,0,0,192499,0
192327,-1022,8092,832,158,-267,227,12781,4,0,-1,0,37011,138,28,65,0,0,0,0,0,0,0,0,-32309,0,0,0,0,0,192504,0
192332,-1012,8122,834,159,-283,226,12781,4,0,-2,0,37008,132,28,65,0,0,0,0,0,0,0,0,-32309,0,0,0,0,0,192509,0
192337,-1040,8258,924,162,-296,221,12781,-3,1,-3,0,37008,132,28,65,0,0,0,0,0,0,0,0,-32309,0,0,0,0,0,192514,0
192342,-904,8368,996,155,-288,225,12781,1,0,-3,0,37008,123,28,65,0,0,0,0,0,0,0,0,-32309,0,0,0,0,0,192519,0
192347,-788,8384,1062,147,-281,226,12779,-4,0,-3,0,37008,123,28,65,0,0,0,0,0,0,0,0,-32309,0,0,0,0,0,192524,0
192352,-826,8208,944,143,-266,228,12782,1,0,-2,0,37008,126,28,65,0,0,0,0,0,0,0,0,-32309,0,0,0,0,0,192529,0
192357,-862,8136,924,144,-264,222,12780,-8,-8,-3,0,37008,126,28,65,0,0,0,0,0,0,0,0,-32309,0,0,0,0,0,192534,0
192362,-902,8060,820,137,-251,221,12781,2,4,-4,0,37007,125,28,65,0,0,0,0,0,0,0,0,-32309,0,0,0,0,0,192539,0
192367,-990,8052,880,133,-251,220,12781,6,-2,-2,0,37007,125,28,65,0,0,0,0,0,0,0,0,-32309,0,0,0,0,0,192544,0
192372,-954,8004,914,135,-242,218,12780,0,-1,-2,0,37008,118,28,65,0,0,0,0,0,0,0,0,-32309,0,0,0,0,0,192549,0
192377,-932,8016,920,129,-234,215,12780,-1,-4,-1,0,37008,118,28,65,0,0,0,0,0,0,0,0,-32310,0,0,0,0,0,192554,0
192382,-874,8002,974,123,-223,220,12781,1,3,-3,0,37010,120,28,65,0,0,0,0,0,0,0,0,-32309,0,0,0,0,0,192559,0
192387,-818,8024,956,115,-211,212,12781,5,2,-1,0,37010,120,28,65,0,0,0,0,0,0,0,0,-32309,0,0,0,0,0,192564,0
192392,-776,8094,1000,101,-186,215,12781,4,-3,0,0,37014,120,28,65,0,0,0,0,0,0,0,0,-32309,0,0,0,0,0,192569,0
192397,-804,8100,1022,101,-162,214,12779,-5,-5,-2,0,37014,120,28,65,0,0,0,0,0,0,0,0,-32309,0,0,0,0,0,192574,0
192402,-806,8068,1038,97,-147,215,12781,1,-3,-2,0,37013,119,28,65,0,0,0,0,0,0,0,0,-32309,0,0,0,0,0,192579,0
192407,-808,8080,1012,95,-131,220,12781,0,-1,-2,0,37013,119,28,65,0,0,0,0,0,0,0,0,-32309,0,0,0,0,0,192584,0
192412,-806,8102,1004,77,-97,218,12780,0,2,-3,0,37013,115,28,65,0,0,0,0,0,0,0,0,-32309,0,0,0,0,0,192589,0
192417,-776,8052,1064,74,-88,222,12782,1,-7,-2,0,37013,115,28,65,0,0,0,0,0,0,0,0,-32308,0,0,0,0,0,192594,0
192422,-760,7998,1034,71,-80,214,12781,0,-3,-3,0,37012,127,28,65,0,0,0,0,0,0,0,0,-32309,0,0,0,0,0,192599,0
192427,-816,8024,1036,73,-60,218,12780,-9,-2,-2,0,37012,127,28,65,0,0,0,0,0,0,0,0,-32309,0,0,0,0,0,192604,0
192432,-812,8006,948,70,-39,218,12780,1,-2,-2,0,37012,120,28,65,0,0,0,0,0,0,0,0,-32309,0,0,0,0,0,192609,0
192437,-812,8036,970,64,-28,216,12780,-3,-2,-3,0,37012,120,28,65,0,0,0,0,0,0,0,0,-32309,0,0,0,0,0,192614,0
192442,-814,8026,960,69,-17,214,12781,8,3,-2,0,37010,130,28,65,0,0,0,0,0,0,0,0,-32309,0,0,0,0,0,192619,0
192447,-802,8042,982,70,-6,206,12780,-1,3,-2,0,37010,130,28,65,0,0,0,0,0,0,0,0,-32309,0,0,0,0,0,192624,0
192452,-746,8032,1050,68,10,210,12781,-6,1,-2,0,37009,131,28,65,0,0,0,0,0,0,0,0,-32309,0,0,0,0,0,192629,0
192457,-782,8062,1040,63,16,204,12780,-3,-6,-2,0,37009,131,28,65,0,0,0,0,0,0,0,0,-32309,0,0,0,0,0,192634,0
192462,-786,8044,1044,67,24,199,12780,0,-1,-3,0,37010,133,28,65,0,0,0,0,0,0,0,0,-32309,0,0,0,0,0,192639,0
192467,-792,8052,1010,70,25,204,12782,3,0,-3,0,37010,133,28,65,0,0,0,0,0,0,0,0,-32309,0,0,0,0,0,192644,0
192472,-814,8062,996,68,37,193,12780,0,-2,-3,0,37011,141,28,65,0,0,0,0,0,0,0,0,-32309,0,0,0,0,0,192649,0
192477,-768,8048,992,70,36,198,12781,0,3,-3,0,37011,141,28,65,0,0,0,0,0,0,0,0,-32309,0,0,0,0,0,192654,0
192482,-746,8062,1006,71,40,185,12781,0,-3,-5,0,37014,136,28,65,0,0,0,0,0,0,0,0,-32310,0,0,0,0,0,192659,0
192487,-768,8048,1048,73,40,188,12779,-3,-1,-4,0,37014,136,28,65,0,0,0,0,0,0,0,0,-32309,0,0,0,0,0,192664,0
192492,-792,8028,1050,83,37,182,12780,-3,-1,-3,0,37016,129,28,65,0,0,0,0,0,0,0,0,-32309,0,0,0,0,0,192669,0
192497,-784,8048,1062,82,43,178,12780,0,1,0,0,37016,129,28,65,0,0,0,0,0,0,0,0,-32309,0,0,0,0,0,192674,0
192502,-756,8058,1042,86,39,175,12780,-8,5,-2,0,37018,128,28,65,0,0,0,0,0,0,0,0,-32309,0,0,0,0,0,192679,0
192507,-778,8028,1042,86,38,170,12780,-2,3,-3,0,37018,128,28,65,0,0,0,0,0,0,0,0,-32309,0,0,0,0,0,192684,0
192512,-782,8044,1022,91,28,161,12780,-4,-1,-4,0,37019,117,28,65,0,0,0,0,0,0,0,0,-32309,0,0,0,0,0,192689,0
192517,-776,8042,1008,88,32,157,12781,0,3,-2,0,37019,117,28,65,0,0,0,0,0,0,0,0,-32309,0,0,0,0,0,192694,0
192522,-752,8054,1016,93,28,156,12780,0,1,-1,0,37026,120,28,65,0,0,0,0,0,0,0,0,-32309,0,0,0,0,0,192699,0
192527,-752,8074,1058,95,26,152,12780,0,3,-1,0,37026,120,28,65,0,0,0,0,0,0,0,0,-32309,0,0,0,0,0,192704,0
192532,-760,8106,998,104,26,144,12780,3,0,-4,0,37032,136,28,65,0,0,0,0,0,0,0,0,-32309,0,0,0,0,0,192709,0
192537,-788,8076,978,109,22,137,12780,3,2,-4,0,37032,136,28,65,0,0,0,0,0,0,0,0,-32309,0,0,0,0,0,192714,0
192542,-710,8132,1032,109,23,138,12780,0,2,-2,0,37031,135,28,65,0,0,0,0,0,0,0,0,-32309,0,0,0,0,0,192719,0
192547,-726,8098,996,110,17,131,12781,1,2,-2,0,37031,135,28,65,0,0,0,0,0,0,0,0,-32309,0,0,0,0,0,192724,0
192552,-640,8144,956,111,19,125,12781,3,-4,-3,0,37017,128,28,65,0,0,0,0,0,0,0,0,-32309,0,0,0,0,0,192729,0
192557,-688,8118,978,114,12,123,12779,-7,2,-3,0,37017,128,28,65,0,0,0,0,0,0,0,0,-32309,0,0,0,0,0,192734,0
192562,-692,8076,924,113,12,117,12781,3,-6,-2,0,37008,121,28,65,0,0,0,0,0,0,0,0,-32309,0,0,0,0,0,192739,0
192567,-654,8086,878,115,4,111,12781,0,-3,-4,0,37008,121,28,65,0,0,0,0,0,0,0,0,-32309,0,0,0,0,0,192744,0
192572,-664,8114,924,112,5,103,12782,6,3,-3,0,37005,114,28,65,0,0,0,0,0,0,0,0,-32309,0,0,0,0,0,192749,0
192577,-746,8090,906,112,-2,96,12781,2,1,-1,0,37005,114,28,65,0,0,0,0,0,0,0,0,-32309,0,0,0,0,0,192754,0
192582,-746,8102,908,115,-1,92,12780,5,-3,-2,0,37007,120,28,65,0,0,0,0,0,0,0,0,-32308,0,0,0,0,0,192759,0
192587,-804,8060,852,112,-13,93,12780,-3,-3,-3,0,37007,120,28,65,0,0,0,0,0,0,0,0,-32309,0,0,0,0,0,192764,0
192592,-790,8090,848,115,-18,88,12782,5,1,-3,0,37005,121,28,65,0,0,0,0,0,0,0,0,-32309,0,0,0,0,0,192769,0
192597,-824,8096,828,115,-26,81,12782,10,1,-1,0,37005,121,28,65,0,0,0,0,0,0,0,0,-32308,0,0,0,0,0,192774,0
192602,-850,8068,822,114,-26,81,12780,-1,0,-3,0,37005,124,28,65,0,0,0,0,0,0,0,0,-32309,0,0,0,0,0,192779,0
192607,-892,8010,854,110,-30,71,12781,4,-5,-6,0,37005,124,28,65,0,0,0,0,0,0,0,0,-32309,0,0,0,0,0,192784,0
192612,-814,8070,830,114,-39,69,12781,0,-3,-3,0,37009,123,28,65,0,0,0,0,0,0,0,0,-32308,0,0,0,0,0,192789,0
192617,-800,8084,820,109,-45,68,12780,-6,1,-2,0,37009,123,28,65,0,0,0,0,0,0,0,0,-32309,0,0,0,0,0,192794,0
192622,-800,8090,842,101,-49,62,12779,-11,-1,-4,0,37009,127,28,65,0,0,0,0,0,0,0,0,-32309,0,0,0,0,0,192799,0
192627,-812,8086,864,104,-53,60,12779,-4,4,-3,0,37009,127,28,65,0,0,0,0,0,0,0,0,-32309,0,0,0,0,0,192804,0
192632,-824,8062,862,104,-64,60,12780,-3,2,-3,0,37008,129,28,65,0,0,0,0,0,0,0,0,-32309,0,0,0,0,0,192809,0
192637,-828,8050,856,93,-65,61,12780,1,4,-3,0,37008,129,28,65,0,0,0,0,0,0,0,0,-32309,0,0,0,0,0,192814,0
192642,-818,8050,858,103,-67,56,12781,5,4,-2,0,37004,136,28,65,0,0,0,0,0,0,0,0,-32309,0,0,0,0,0,192819,0
192647,-796,8054,866,99,-66,55,12780,-3,3,-3,0,37004,136,28,65,0,0,0,0,0,0,0,0,-32309,0,0,0,0,0,192824,0
192652,-744,7962,872,91,-60,50,12780,1,2,-1,0,37003,130,28,65,0,0,0,0,0,0,0,0,-32309,0,0,0,0,0,192829,0
192657,-650,8030,944,87,-52,54,12782,6,0,-2,0,37003,130,28,65,0,0,0,0,0,0,0,0,-32308,0,0,0,0,0,192834,0
192662,-702,8080,950,85,-45,48,12780,1,1,-3,0,37001,117,28,65,0,0,0,0,0,0,0,0,-32309,0,0,0,0,0,192839,0
192667,-710,8076,934,89,-34,47,12780,0,-2,-5,0,37001,117,28,65,0,0,0,0,0,0,0,0,-32309,0,0,0,0,0,192844,0
192672,-680,8118,938,85,-22,49,12780,1,0,-4,0,37002,122,28,65,0,0,0,0,0,0,0,0,-32309,0,0,0,0,0,192849,0
192677,-646,8086,926,84,-9,42,12780,-3,-3,-3,0,37002,122,28,65,0,0,0,0,0,0,0,0,-32308,0,0,0,0,0,192854,0
192682,-652,8054,936,82,2,36,12780,5,2,-2,0,37003,123,28,65,0,0,0,0,0,0,0,0,-32309,0,0,0,0,0,192859,0
192687,-630,8072,926,86,7,37,12780,4,2,-3,0,37003,123,28,65,0,0,0,0,0,0,0,0,-32309,0,0,0,0,0,192864,0
192692,-668,8072,956,81,21,32,12780,-2,1,-3,0,37003,132,28,65,0,0,0,0,0,0,0,0,-32309,0,0,0,0,0,192869,0
192697,-704,8084,952,79,32,29,12781,5,-1,-2,0,37003,132,28,65,0,0,0,0,0,0,0,0,-32309,0,0,0,0,0,192874,0
192702,-694,8054,970,85,29,27,12779,-1,2,-3,0,37002,131,28,65,0,0,0,0,0,0,0,0,-32309,0,0,0,0,0,192879,0
192707,-728,8038,958,80,28,24,12779,-7,-2,-3,0,37002,131,28,65,0,0,0,0,0,0,0,0,-32308,0,0,0,0,0,192884,0
192712,-758,8048,948,82,36,21,12780,-7,-5,0,0,37001,128,28,65,0,0,0,0,0,0,0,0,-32309,0,0,0,0,0,192889,0
192717,-782,8040,942,89,35,13,12781,0,1,-2,0,37001,128,28,65,0,0,0,0,0,0,0,0,-32309,0,0,0,0,0,192894,0
192722,-792,8026,956,93,31,12,12781,2,1,-4,0,37005,136,28,65,0,0,0,0,0,0,0,0,-32309,0,0,0,0,0,192899,0
192727,-808,8024,966,88,31,13,12781,0,0,-3,0,37005,136,28,65,0,0,0,0,0,0,0,0,-32309,0,0,0,0,0,192904,0
192732,-776,7998,990,95,28,6,12780,0,1,-3,0,37008,128,28,65,0,0,0,0,0,0,0,0,-32309,0,0,0,0,0,192909,0
192737,-788,7994,998,92,22,7,12780,-9,-3,-3,0,37008,128,28,65,0,0,0,0,0,0,0,0,-32309,0,0,0,0,0,192914,0
192742,-786,8024,1004,94,20,7,12780,-1,-1,-3,0,37009,124,28,65,0,0,0,0,0,0,0,0,-32309,0,0,0,0,0,192919,0
192747,-806,7998,1004,98,14,4,12780,-4,2,-3,0,37009,124,28,65,0,0,0,0,0,0,0,0,-32309,0,0,0,0,0,192924,0
192752,-852,8022,1014,102,6,2,12780,0,3,-2,0,37010,117,28,65,0,0,0,0,0,0,0,0,-32308,0,0,0,0,0,192929,0
192757,-854,8014,996,105,-3,-5,12781,2,-3,-2,0,37010,117,28,65,0,0,0,0,0,0,0,0,-32309,0,0,0,0,0,192934,0
192762,-860,8014,992,110,0,-2,12782,8,4,-2,0,37010,117,28,65,0,0,0,0,0,0,0,0,-32308,0,0,0,0,0,192939,0
192767,-846,8014,1006,112,-7,-2,12779,-7,-1,-3,0,37010,117,28,65,0,0,0,0,0,0,0,0,-32309,0,0,0,0,0,192944,0
192772,-828,8022,1030,115,-3,-7,12781,3,-2,-3,0,37010,118,28,65,0,0,0,0,0,0,0,0,-32309,0,0,0,0,0,192949,0
192777,-814,8018,1014,121,-11,-3,12780,-1,0,-2,0,37010,118,28,65,0,0,0,0,0,0,0,0,-32309,0,0,0,0,0,192954,0
192782,-800,7952,1024,123,-7,-5,12780,0,3,-2,0,37009,126,28,65,0,0,0,0,0,0,0,0,-32309,0,0,0,0,0,192959,0
192787,-712,7986,1090,114,-3,-1,12782,3,-6,-4,0,37009,126,28,65,0,0,0,0,0,0,0,0,-32309,0,0,0,0,0,192964,0
192792,-864,8064,996,131,-5,-6,12781,7,0,-2,0,37011,133,28,65,0,0,0,0,0,0,0,0,-32309,0,0,0,0,0,192969,0
192797,-854,8078,946,130,-7,-5,12781,1,-3,-1,0,37011,133,28,65,0,0,0,0,0,0,0,0,-32309,0,0,0,0,0,192974,0
192802,-800,8098,976,136,2,-2,12781,3,-6,-4,0,37010,137,28,65,0,0,0,0,0,0,0,0,-32309,0,0,0,0,0,192979,0
192807,-820,8078,948,136,1,-3,12781,1,-2,-4,0,37010,137,28,65,0,0,0,0,0,0,0,0,-32309,0,0,0,0,0,192984,0
192812,-812,8036,970,135,10,-4,12780,-1,-2,-2,0,37008,133,28,65,0,0,0,0,0,0,0,0,-32309,0,0,0,0,0,192989,0
192817,-814,8014,968,138,13,-3,12780,-3,-4,-1,0,37008,133,28,65,0,0,0,0,0,0,0,0,-32308,0,0,0,0,0,192994,0
192822,-790,8034,966,138,16,-2,12781,2,-3,0,0,37010,123,28,65,0,0,0,0,0,0,0,0,-32308,0,0,0,0,0,192999,0
192827,-766,8004,944,138,22,-5,12780,-5,4,-2,0,37010,123,28,65,0,0,0,0,0,0,0,0,-32309,0,0,0,0,0,193004,0
192832,-780,8046,932,137,26,-8,12780,-4,0,-2,0,37009,125,28,65,0,0,0,0,0,0,0,0,-32309,0,0,0,0,0,193009,0
192837,-770,8054,926,147,31,-11,12782,5,-4,-1,0,37009,125,28,65,0,0,0,0,0,0,0,0,-32308,0,0,0,0,0,193014,0
192842,-792,8088,912,145,34,-14,12781,5,3,-2,0,37010,123,28,65,0,0,0,0,0,0,0,0,-32309,0,0,0,0,0,193019,0
192847,-804,8054,906,142,34,-13,12781,-3,0,-4,0,37010,123,28,65,0,0,0,0,0,0,0,0,-32309,0,0,0,0,0,193024,0
192852,-780,8074,930,139,34,-14,12781,0,-2,-2,0,37006,116,28,65,0,0,0,0,0,0,0,0,-32309,0,0,0,0,0,193029,0
192857,-754,8070,918,147,37,-13,12779,-6,1,-3,0,37006,116,28,65,0,0,0,0,0,0,0,0,-32308,0,0,0,0,0,193034,0
192862,-754,8086,902,140,31,-19,12781,4,-1,-3,0,37007,121,28,65,0,0,0,0,0,0,0,0,-32309,0,0,0,0,0,193039,0
192867,-746,8050,910,146,32,-21,12781,5,-6,-3,0,37007,121,28,65,0,0,0,0,0,0,0,0,-32309,0,0,0,0,0,193044,0
192872,-740,8078,892,146,32,-26,12780,3,7,-3,0,37009,121,28,65,0,0,0,0,0,0,0,0,-32309,0,0,0,0,0,193049,0
192877,-762,8094,902,149,35,-33,12780,-3,-3,-3,0,37009,121,28,65,0,0,0,0,0,0,0,0,-32309,0,0,0,0,0,193054,0
192882,-734,8062,906,147,30,-37,12780,0,1,-2,0,37010,118,28,65,0,0,0,0,0,0,0,0,-32309,0,0,0,0,0,193059,0
192887,-744,8086,908,147,29,-38,12781,9,1,-1,0,37010,118,28,65,0,0,0,0,0,0,0,0,-32309,0,0,0,0,0,193064,0
192892,-788,8082,912,154,29,-44,12779,-3,4,-2,0,37009,123,28,65,0,0,0,0,0,0,0,0,-32309,0,0,0,0,0,193069,0
192897,-754,8052,934,154,34,-49,12780,-5,-3,-1,0,37009,123,28,65,0,0,0,0,0,0,0,0,-32309,0,0,0,0,0,193074,0
192902,-756,8078,902,151,30,-49,12781,4,-1,-2,0,37010,121,28,65,0,0,0,0,0,0,0,0,-32309,0,0,0,0,0,193079,0
192907,-734,8048,898,155,25,-50,12780,-3,2,-5,0,37010,121,28,65,0,0,0,0,0,0,0,0,-32309,0,0,0,0,0,193084,0
192912,-824,8074,874,156,31,-55,12780,0,-1,-4,0,37010,120,28,65,0,0,0,0,0,0,0,0,-32309,0,0,0,0,0,193089,0
192917,-824,8054,826,148,30,-54,12781,-1,-1,-2,0,37010,120,28,65,0,0,0,0,0,0,0,0,-32309,0,0,0,0,0,193094,0
192922,-848,8070,830,151,34,-56,12779,-1,0,-3,0,37013,127,28,65,0,0,0,0,0,0,0,0,-32309,0,0,0,0,0,193099,0
192927,-832,8066,856,148,29,-56,12781,0,-1,-3,0,37013,127,28,65,0,0,0,0,0,0,0,0,-32309,0,0,0,0,0,193104,0
192932,-830,8072,828,150,37,-56,12781,1,4,-3,0,37013,127,28,65,0,0,0,0,0,0,0,0,-32309,0,0,0,0,0,193109,0
192937,-862,8030,846,147,34,-56,12781,-1,1,-3,0,37013,127,28,65,0,0,0,0,0,0,0,0,-32309,0,0,0,0,0,193114,0
192942,-896,8036,818,152,33,-58,12781,5,2,-3,0,37012,131,28,65,0,0,0,0,0,0,0,0,-32309,0,0,0,0,0,193119,0
192947,-870,8024,806,143,37,-60,12781,-3,1,-2,0,37012,131,28,65,0,0,0,0,0,0,0,0,-32308,0,0,0,0,0,193124,0
192952,-926,8010,818,148,34,-58,12781,1,1,-2,0,37008,134,28,65,0,0,0,0,0,0,0,0,-32309,0,0,0,0,0,193129,0
192957,-924,8046,806,142,31,-57,12781,5,-6,-2,0,37008,134,28,65,0,0,0,0,0,0,0,0,-32309,0,0,0,0,0,193134,0
192962,-970,8038,786,143,28,-56,12779,-3,-5,-2,0,37008,125,28,65,0,0,0,0,0,0,0,0,-32309,0,0,0,0,0,193139,0
192967,-956,8054,788,151,25,-50,12781,3,1,-2,0,37008,125,28,65,0,0,0,0,0,0,0,0,-32309,0,0,0,0,0,193144,0
192972,-982,8038,792,139,17,-52,12781,5,2,-3,0,37010,135,28,65,0,0,0,0,0,0,0,0,-32309,0,0,0,0,0,193149,0
192977,-972,8024,794,144,13,-48,12782,1,5,-2,0,37010,135,28,65,0,0,0,0,0,0,0,0,-32309,0,0,0,0,0,193154,0
192982,-976,7978,802,142,14,-47,12781,1,3,-2,0,37012,136,28,65,0,0,0,0,0,0,0,0,-32309,0,0,0,0,0,193159,0
192987,-958,8018,788,140,12,-47,12781,0,0,-2,0,37012,136,28,65,0,0,0,0,0,0,0,0,-32308,0,0,0,0,0,193164,0
192992,-994,8032,810,142,3,-40,12779,-3,-6,-2,0,37013,123,28,65,0,0,0,0,0,0,0,0,-32309,0,0,0,0,0,193169,0
192997,-990,8014,810,144,4,-41,12779,-4,-5,-2,0,37013,123,28,65,0,0,0,0,0,0,0,0,-32309,0,0,0,0,0,193174,0
193002,-970,8030,836,142,6,-40,12780,-4,1,-4,0,37008,113,28,65,0,0,0,0,0,0,0,0,-32309,0,0,0,0,0,193179,0
193007,-920,8018,850,142,8,-38,12781,9,-1,-2,0,37008,113,28,65,0,0,0,0,0,0,0,0,-32309,0,0,0,0,0,193184,0
193012,-956,8024,862,135,6,-34,12780,0,-3,-2,0,37006,114,28,65,0,0,0,0,0,0,0,0,-32308,0,0,0,0,0,193189,0
193017,-944,8038,872,135,1,-30,12780,-3,1,-1,0,37006,114,28,65,0,0,0,0,0,0,0,0,-32309,0,0,0,0,0,193195,0
193022,-968,8042,848,138,5,-26,12780,-4,-4,-4,0,37005,122,28,65,0,0,0,0,0,0,0,0,-32309,0,0,0,0,0,193200,0
193027,-964,8006,886,140,9,-27,12781,-3,0,-4,0,37005,122,28,65,0,0,0,0,0,0,0,0,-32309,0,0,0,0,0,193205,0
193032,-966,7990,886,142,13,-21,12780,-4,-2,-5,0,37011,126,28,65,0,0,0,0,0,0,0,0,-32309,0,0,0,0,0,193210,0
193037,-1004,8010,846,140,18,-20,12780,-6,-3,-2,0,37011,126,28,65,0,0,0,0,0,0,0,0,-32308,0,0,0,0,0,193215,0
193042,-1024,8040,878,139,17,-11,12779,-7,-4,-1,0,37011,114,28,65,0,0,0,0,0,0,0,0,-32309,0,0,0,0,0,193220,0
193047,-994,8034,850,142,17,-16,12781,4,2,-3,0,37011,114,28,65,0,0,0,0,0,0,0,0,-32309,0,0,0,0,0,193225,0
193052,-994,8016,878,141,15,-6,12781,0,4,-1,0,37012,119,28,65,0,0,0,0,0,0,0,0,-32309,0,0,0,0,0,193230,0
193057,-992,8020,874,138,18,-2,12781,2,1,-4,0,37012,119,28,65,0,0,0,0,0,0,0,0,-32309,0,0,0,0,0,193235,0
193062,-958,8024,882,145,16,-5,12781,-2,2,-3,0,37008,125,28,65,0,0,0,0,0,0,0,0,-32309,0,0,0,0,0,193240,0
193067,-994,8036,876,149,17,0,12778,-12,-2,-3,0,37008,125,28,65,0,0,0,0,0,0,0,0,-32309,0,0,0,0,0,193245,0
193072,-992,8034,850,156,11,4,12779,-7,-5,-4,0,37008,122,28,65,0,0,0,0,0,0,0,0,-32308,0,0,0,0,0,193250,0
193077,-1002,8014,870,148,11,5,12779,-11,-7,-2,0,37008,122,28,65,0,0,0,0,0,0,0,0,-32309,0,0,0,0,0,193255,0
193082,-994,8012,830,156,16,4,12780,1,-2,-3,0,37008,129,28,65,0,0,0,0,0,0,0,0,-32309,0,0,0,0,0,193260,0
193087,-1002,8006,872,158,14,10,12781,0,-1,-2,0,37008,129,28,65,0,0,0,0,0,0,0,0,-32309,0,0,0,0,0,193265,0
193092,-1002,8012,874,161,9,13,12780,2,2,-2,0,37011,136,28,65,0,0,0,0,0,0,0,0,-32309,0,0,0,0,0,193270,0
193097,-974,8026,870,155,8,16,12781,-4,1,-2,0,37011,136,28,65,0,0,0,0,0,0,0,0,-32309,0,0,0,0,0,193275,0
193102,-960,8018,878,159,1,18,12781,4,1,-2,0,37008,133,28,65,0,0,0,0,0,0,0,0,-32309,0,0,0,0,0,193280,0
193107,-940,8026,886,167,8,19,12781,4,-1,-2,0,37008,133,28,65,0,0,0,0,0,0,0,0,-32309,0,0,0,0,0,193285,0
193112,-940,8038,870,165,14,22,12780,0,2,-2,0,37007,134,28,65,0,0,0,0,0,0,0,0,-32309,0,0,0,0,0,193290,0
193117,-964,8060,840,166,7,19,12780,0,-1,-1,0,37007,134,28,65,0,0,0,0,0,0,0,0,-32309,0,0,0,0,0,193295,0
193122,-940,8074,838,166,8,22,12781,-1,1,-3,0,37008,132,28,65,0,0,0,0,0,0,0,0,-32309,0,0,0,0,0,193300,0
193127,-936,8098,838,169,12,29,12780,3,2,-2,0,37008,132,28,65,0,0,0,0,0,0,0,0,-32309,0,0,0,0,0,193305,0
193132,-924,8060,822,168,17,28,12780,-2,-2,-1,0,37012,127,28,65,0,0,0,0,0,0,0,0,-32308,0,0,0,0,0,193310,0
193137,-912,8060,816,173,10,30,12780,0,0,-3,0,37012,127,28,65,0,0,0,0,0,0,0,0,-32308,0,0,0,0,0,193315,0
193142,-924,8090,810,165,9,31,12780,-3,-3,-3,0,37011,129,28,65,0,0,0,0,0,0,0,0,-32309,0,0,0,0,0,193320,0
193147,-946,8054,826,176,13,32,12781,0,2,-2,0,37011,129,28,65,0,0,0,0,0,0,0,0,-32309,0,0,0,0,0,193325,0
193152,-986,8016,818,172,12,37,12780,-2,1,-2,0,37011,122,28,65,0,0,0,0,0,0,0,0,-32309,0,0,0,0,0,193330,0
193157,-1034,7988,800,176,15,38,12781,3,0,-3,0,37011,122,28,65,0,0,0,0,0,0,0,0,-32309,0,0,0,0,0,193335,0
193162,-1052,7974,826,175,5,43,12781,1,3,-3,0,37009,117,28,65,0,0,0,0,0,0,0,0,-32309,0,0,0,0,0,193340,0
193167,-1084,7972,800,176,12,43,12780,-1,-2,-2,0,37009,117,28,65,0,0,0,0,0,0,0,0,-32309,0,0,0,0,0,193345,0
193172,-1086,7970,792,175,8,54,12779,-4,-5,-3,0,37009,120,28,65,0,0,0,0,0,0,0,0,-32309,0,0,0,0,0,193350,0
193177,-1074,7974,808,179,7,54,12780,2,-1,-2,0,37009,120,28,65,0,0,0,0,0,0,0,0,-32309,0,0,0,0,0,193355,0
193182,-1072,7962,808,181,8,57,12781,3,-2,-3,0,37009,115,28,65,0,0,0,0,0,0,0,0,-32309,0,0,0,0,0,193360,0
193187,-998,7974,858,178,13,68,12781,5,1,-3,0,37009,115,28,65,0,0,0,0,0,0,0,0,-32309,0,0,0,0,0,193365,0
193192,-954,7974,824,180,12,73,12781,9,1,-4,0,37008,120,28,65,0,0,0,0,0,0,0,0,-32309,0,0,0,0,0,193370,0
193197,-1048,8002,810,190,17,71,12781,3,1,-3,0,37008,120,28,65,0,0,0,0,0,0,0,0,-32309,0,0,0,0,0,193375,0
193202,-990,8034,762,188,12,76,12781,3,4,-3,0,37007,131,28,65,0,0,0,0,0,0,0,0,-32309,0,0,0,0,0,193380,0
193207,-1000,8026,834,186,21,80,12780,-5,-1,-3,0,37007,131,28,65,0,0,0,0,0,0,0,0,-32309,0,0,0,0,0,193385,0
193212,-894,8062,846,186,23,77,12780,0,0,-2,0,37007,126,28,65,0,0,0,0,0,0,0,0,-32309,0,0,0,0,0,193390,0
193217,-876,8134,798,195,26,79,12781,-2,-6,-1,0,37007,126,28,65,0,0,0,0,0,0,0,0,-32308,0,0,0,0,0,193395,0
193222,-806,8130,824,191,22,77,12781,0,-1,-1,0,37007,122,28,65,0,0,0,0,0,0,0,0,-32309,0,0,0,0,0,193400,0
193227,-784,8112,796,193,23,80,12779,-6,2,-2,0,37007,122,28,65,0,0,0,0,0,0,0,0,-32308,0,0,0,0,0,193405,0
193232,-738,8124,806,199,24,70,12782,0,-1,-4,0,37011,125,28,65,0,0,0,0,0,0,0,0,-32309,0,0,0,0,0,193410,0
193237,-778,8068,778,201,32,63,12780,-5,-2,-1,0,37011,125,28,65,0,0,0,0,0,0,0,0,-32309,0,0,0,0,0,193415,0
193242,-734,8128,768,199,25,63,12782,8,3,0,0,37017,128,28,65,0,0,0,0,0,0,0,0,-32309,0,0,0,0,0,193420,0
193247,-770,8160,740,204,32,61,12780,3,-3,-3,0,37017,128,28,65,0,0,0,0,0,0,0,0,-32309,0,0,0,0,0,193425,0
193252,-778,8044,722,196,29,57,12780,-5,1,-3,0,37015,133,28,65,0,0,0,0,0,0,0,0,-32308,0,0,0,0,0,193430,0
193257,-894,8064,756,199,31,50,12780,-1,-2,-2,0,37015,133,28,65,0,0,0,0,0,0,0,0,-32308,0,0,0,0,0,193435,0
193262,-822,8130,718,202,35,52,12781,0,1,-3,0,37012,127,28,65,0,0,0,0,0,0,0,0,-32309,0,0,0,0,0,193440,0
193267,-804,8102,664,207,33,51,12780,-5,-2,-3,0,37012,127,28,65,0,0,0,0,0,0,0,0,-32308,0,0,0,0,0,193445,0
193272,-830,8080,716,199,34,44,12781,2,-3,-3,0,37008,122,28,65,0,0,0,0,0,0,0,0,-32309,0,0,0,0,0,193450,0
193277,-830,8056,708,201,33,40,12780,1,-2,-1,0,37008,122,28,65,0,0,0,0,0,0,0,0,-32309,0,0,0,0,0,193455,0
193282,-846,8030,720,200,33,42,12780,1,2,-3,0,37008,136,28,65,0,0,0,0,0,0,0,0,-32308,0,0,0,0,0,193460,0
193287,-864,8044,740,207,32,40,12780,0,-4,-3,0,37008,136,28,65,0,0,0,0,0,0,0,0,-32309,0,0,0,0,0,193465,0
193292,-860,8006,732,208,37,36,12781,1,3,-2,0,37009,136,28,65,0,0,0,0,0,0,0,0,-32309,0,0,0,0,0,193470,0
193297,-848,8022,714,202,33,34,12780,-9,-1,-2,0,37009,136,28,65,0,0,0,0,0,0,0,0,-32309,0,0,0,0,0,193475,0
193302,-852,8030,708,206,33,36,12780,0,0,-2,0,37008,134,28,65,0,0,0,0,0,0,0,0,-32308,0,0,0,0,0,193480,0
193307,-880,8030,738,202,30,35,12781,3,0,-2,0,37008,134,28,65,0,0,0,0,0,0,0,0,-32309,0,0,0,0,0,193485,0
193312,-804,8032,758,203,28,31,12780,2,3,-3,0,37009,130,28,65,0,0,0,0,0,0,0,0,-32309,0,0,0,0,0,193490,0
193317,-822,8038,708,208,34,32,12779,-6,0,-3,0,37009,130,28,65,0,0,0,0,0,0,0,0,-32309,0,0,0,0,0,193495,0
193322,-790,8106,680,205,31,31,12781,5,-1,-3,0,37010,125,28,65,0,0,0,0,0,0,0,0,-32309,0,0,0,0,0,193500,0
193327,-804,8134,684,211,29,34,12780,4,3,-2,0,37010,125,28,65,0,0,0,0,0,0,0,0,-32309,0,0,0,0,0,193505,0
193332,-848,8078,700,207,27,25,12779,-3,4,-3,0,37010,129,28,65,0,0,0,0,0,0,0,0,-32309,0,0,0,0,0,193510,0
193337,-858,8022,662,213,27,28,12780,0,3,-3,0,37010,129,28,65,0,0,0,0,0,0,0,0,-32309,0,0,0,0,0,193515,0
193342,-948,8040,730,211,27,22,12779,-1,5,-1,0,37008,131,28,65,0,0,0,0,0,0,0,0,-32310,0,0,0,0,0,193520,0
193347,-922,8128,678,213,29,25,12779,-8,4,0,0,37008,131,28,65,0,0,0,0,0,0,0,0,-32309,0,0,0,0,0,193525,0
193352,-872,8138,668,208,22,21,12781,1,0,-2,0,37011,128,28,65,0,0,0,0,0,0,0,0,-32309,0,0,0,0,0,193530,0
193357,-840,8112,680,208,23,20,12781,1,3,-2,0,37011,128,28,65,0,0,0,0,0,0,0,0,-32308,0,0,0,0,0,193535,0
193362,-864,8090,702,218,19,18,12781,5,1,-2,0,37010,131,28,65,0,0,0,0,0,0,0,0,-32309,0,0,0,0,0,193540,0
193367,-904,8056,670,210,16,22,12780,-2,-3,-2,0,37010,131,28,65,0,0,0,0,0,0,0,0,-32308,0,0,0,0,0,193545,0
193372,-940,8022,690,221,17,23,12781,-1,-2,-3,0,37013,133,28,65,0,0,0,0,0,0,0,0,-32309,0,0,0,0,0,193550,0
193377,-1012,8032,672,214,13,26,12781,-1,0,-1,0,37013,133,28,65,0,0,0,0,0,0,0,0,-32310,0,0,0,0,0,193555,0
193382,-958,8010,716,222,11,26,12780,0,-2,-3,0,37013,127,28,65,0,0,0,0,0,0,0,0,-32309,0,0,0,0,0,193560,0
193387,-952,8004,692,219,9,24,12780,-5,-5,-2,0,37013,127,28,65,0,0,0,0,0,0,0,0,-32309,0,0,0,0,0,193565,0
193392,-1022,8060,704,222,8,31,12779,-9,0,-2,0,37013,126,28,65,0,0,0,0,0,0,0,0,-32309,0,0,0,0,0,193570,0
193397,-1002,8054,678,225,8,35,12780,9,1,-2,0,37013,126,28,65,0,0,0,0,0,0,0,0,-32309,0,0,0,0,0,193575,0
193402,-1006,8026,666,231,3,41,12780,-2,2,-2,0,37010,118,28,65,0,0,0,0,0,0,0,0,-32308,0,0,0,0,0,193580,0
193407,-1006,8018,710,227,7,38,12780,-1,1,-3,0,37010,118,28,65,0,0,0,0,0,0,0,0,-32309,0,0,0,0,0,193585,0
193412,-1030,8038,680,235,10,45,12781,2,2,-2,0,37008,119,28,65,0,0,0,0,0,0,0,0,-32309,0,0,0,0,0,193590,0
193417,-1024,8020,692,235,7,46,12781,1,3,-3,0,37008,119,28,65,0,0,0,0,0,0,0,0,-32309,0,0,0,0,0,193595,0
193422,-1048,7986,710,232,5,51,12781,-3,-4,-2,0,37009,129,28,65,0,0,0,0,0,0,0,0,-32308,0,0,0,0,0,193600,0
193427,-1040,7998,694,236,9,61,12780,-2,-2,-2,0,37009,129,28,65,0,0,0,0,0,0,0,0,-32309,0,0,0,0,0,193605,0
193432,-1104,7914,664,242,13,62,12779,-4,1,-4,0,37011,126,28,65,0,0,0,0,0,0,0,0,-32309,0,0,0,0,0,193610,0
193437,-1030,8010,648,236,11,70,12780,-5,-5,-4,0,37011,126,28,65,0,0,0,0,0,0,0,0,-32309,0,0,0,0,0,193615,0
193442,-1038,7968,596,242,13,75,12780,0,-1,-3,0,37011,124,28,65,0,0,0,0,0,0,0,0,-32308,0,0,0,0,0,193620,0
193447,-1114,7974,656,243,15,74,12781,-4,4,-2,0,37011,124,28,65,0,0,0,0,0,0,0,0,-32309,0,0,0,0,0,193625,0
193452,-958,7990,658,243,17,84,12780,-8,-2,-2,0,37014,132,28,65,0,0,0,0,0,0,0,0,-32309,0,0,0,0,0,193630,0
193457,-938,8020,600,239,19,87,12780,-6,-4,-2,0,37014,132,28,65,0,0,0,0,0,0,0,0,-32309,0,0,0,0,0,193635,0
193462,-982,8030,632,244,14,91,12780,-4,1,-3,0,37015,136,28,65,0,0,0,0,0,0,0,0,-32309,0,0,0,0,0,193640,0
193467,-1022,8006,604,243,22,92,12780,-1,0,-4,0,37015,136,28,65,0,0,0,0,0,0,0,0,-32309,0,0,0,0,0,193645,0
193472,-1022,8046,590,245,22,98,12782,11,4,-3,0,37015,133,28,65,0,0,0,0,0,0,0,0,-32309,0,0,0,0,0,193650,0
193477,-992,8046,548,251,23,102,12780,1,3,-2,0,37015,133,28,65,0,0,0,0,0,0,0,0,-32309,0,0,0,0,0,193655,0
193482,-958,8006,566,247,24,101,12781,0,2,-2,0,37013,122,28,65,0,0,0,0,0,0,0,0,-32309,0,0,0,0,0,193660,0
193487,-890,8014,524,248,24,106,12780,1,-3,-3,0,37013,122,28,65,0,0,0,0,0,0,0,0,-32309,0,0,0,0,0,193665,0
193492,-848,8090,538,248,27,113,12781,0,1,-2,0,37013,116,28,65,0,0,0,0,0,0,0,0,-32309,0,0,0,0,0,193670,0
193497,-898,8096,508,248,25,108,12781,0,-5,-2,0,37013,116,28,65,0,0,0,0,0,0,0,0,-32309,0,0,0,0,0,193675,0
193502,-804,8096,544,247,24,113,12780,-2,3,-4,0,37013,118,28,65,0,0,0,0,0,0,0,0,-32309,0,0,0,0,0,193680,0
193507,-834,8110,514,248,23,112,12781,7,1,-2,0,37013,118,28,65,0,0,0,0,0,0,0,0,-32309,0,0,0,0,0,193685,0
193512,-866,8080,522,247,22,110,12782,5,-4,-1,0,37012,127,28,65,0,0,0,0,0,0,0,0,-32309,0,0,0,0,0,193690,0
193517,-972,8038,550,247,22,115,12781,10,1,-2,0,37012,127,28,65,0,0,0,0,0,0,0,0,-32309,0,0,0,0,0,193695,0
193522,-954,8080,504,246,13,111,12780,2,-1,-2,0,37010,121,28,65,0,0,0,0,0,0,0,0,-32309,0,0,0,0,0,193700,0
193527,-1010,8048,464,249,12,110,12780,0,-1,-3,0,37010,121,28,65,0,0,0,0,0,0,0,0,-32309,0,0,0,0,0,193705,0
193532,-840,8092,438,244,1,106,12780,-12,-7,-4,0,37010,134,28,65,0,0,0,0,0,0,0,0,-32309,0,0,0,0,0,193710,0
193537,-730,8166,482,237,-3,111,12781,-1,0,-2,0,37010,134,28,65,0,0,0,0,0,0,0,0,-32309,0,0,0,0,0,193715,0
193542,-784,8162,456,242,-3,109,12781,7,-1,-3,0,37011,127,28,65,0,0,0,0,0,0,0,0,-32309,0,0,0,0,0,193720,0
193547,-808,8136,496,238,-7,109,12781,0,-2,-4,0,37011,127,28,65,0,0,0,0,0,0,0,0,-32309,0,0,0,0,0,193725,0
193552,-778,8130,482,233,-15,105,12780,0,0,-5,0,37012,122,28,65,0,0,0,0,0,0,0,0,-32308,0,0,0,0,0,193730,0
193557,-836,8192,472,242,-16,104,12781,0,2,-5,0,37012,122,28,65,0,0,0,0,0,0,0,0,-32309,0,0,0,0,0,193735,0
193562,-882,8064,486,240,-19,98,12780,0,0,-1,0,37012,117,28,65,0,0,0,0,0,0,0,0,-32309,0,0,0,0,0,193740,0
193567,-890,8122,468,238,-20,99,12781,6,-2,-2,0,37012,117,28,65,0,0,0,0,0,0,0,0,-32309,0,0,0,0,0,193745,0
193572,-754,8118,532,231,-19,108,12781,0,0,-2,0,37012,112,28,65,0,0,0,0,0,0,0,0,-32309,0,0,0,0,0,193750,0
193577,-820,8104,452,238,-24,103,12781,3,2,-2,0,37012,112,28,65,0,0,0,0,0,0,0,0,-32309,0,0,0,0,0,193755,0
193582,-846,8088,528,237,-23,106,12781,3,1,-3,0,37013,116,28,65,0,0,0,0,0,0,0,0,-32309,0,0,0,0,0,193760,0
193587,-842,8042,552,234,-14,105,12781,7,2,-3,0,37013,116,28,65,0,0,0,0,0,0,0,0,-32309,0,0,0,0,0,193765,0
193592,-1016,7922,566,233,-5,117,12780,-6,-3,-2,0,37009,127,28,65,0,0,0,0,0,0,0,0,-32309,0,0,0,0,0,193770,0
193597,-1060,7954,554,232,-1,117,12781,7,-3,-2,0,37009,127,28,65,0,0,0,0,0,0,0,0,-32309,0,0,0,0,0,193775,0
193602,-1020,7978,536,232,-2,126,12780,0,0,-4,0,37010,130,28,65,0,0,0,0,0,0,0,0,-32309,0,0,0,0,0,193780,0
193607,-1052,7958,496,245,7,126,12779,-4,3,-3,0,37010,130,28,65,0,0,0,0,0,0,0,0,-32309,0,0,0,0,0,193785,0
193612,-986,8004,524,239,8,138,12780,-8,1,-2,0,37009,133,28,65,0,0,0,0,0,0,0,0,-32309,0,0,0,0,0,193790,0
193617,-1074,7938,446,240,17,140,12781,-7,-1,-2,0,37009,133,28,65,0,0,0,0,0,0,0,0,-32309,0,0,0,0,0,193795,0
193622,-980,8070,574,238,16,153,12779,-4,1,-3,0,37011,137,28,65,0,0,0,0,0,0,0,0,-32309,0,0,0,0,0,193800,0
193627,-912,8146,544,238,18,156,12782,11,1,-1,0,37011,137,28,65,0,0,0,0,0,0,0,0,-32309,0,0,0,0,0,193805,0
193632,-918,8106,526,249,25,164,12781,1,0,-4,0,37011,131,28,65,0,0,0,0,0,0,0,0,-32309,0,0,0,0,0,193810,0
193637,-882,8114,534,247,25,170,12781,0,5,-3,0,37011,131,28,65,0,0,0,0,0,0,0,0,-32309,0,0,0,0,0,193815,0
193642,-846,8228,570,248,21,173,12781,4,-2,-2,0,37011,133,28,65,0,0,0,0,0,0,0,0,-32308,0,0,0,0,0,193820,0
193647,-768,8186,526,256,21,169,12780,-3,-3,-2,0,37011,133,28,65,0,0,0,0,0,0,0,0,-32309,0,0,0,0,0,193825,0
193652,-818,8178,648,253,24,181,12780,-3,-5,-2,0,37011,128,28,65,0,0,0,0,0,0,0,0,-32309,0,0,0,0,0,193830,0
193657,-872,8150,536,270,23,181,12781,-1,-4,-3,0,37011,128,28,65,0,0,0,0,0,0,0,0,-32309,0,0,0,0,0,193835,0
193662,-968,8064,552,270,11,186,12781,5,1,-1,0,37012,112,28,65,0,0,0,0,0,0,0,0,-32309,0,0,0,0,0,193840,0
193667,-912,8096,542,269,19,184,12781,4,3,-2,0,37012,112,28,65,0,0,0,0,0,0,0,0,-32309,0,0,0,0,0,193845,0
193672,-982,8024,496,277,8,190,12780,-3,0,-4,0,37013,115,28,65,0,0,0,0,0,0,0,0,-32309,0,0,0,0,0,193850,0
193677,-1030,7974,554,285,7,188,12780,-2,1,-3,0,37013,115,28,65,0,0,0,0,0,0,0,0,-32309,0,0,0,0,0,193855,0
193682,-1020,7960,510,283,0,193,12780,-1,-3,-3,0,37014,121,28,65,0,0,0,0,0,0,0,0,-32309,0,0,0,0,0,193860,0
193687,-1064,7892,500,285,-3,193,12780,-4,0,-3,0,37014,121,28,65,0,0,0,0,0,0,0,0,-32309,0,0,0,0,0,193865,0
193692,-920,7910,426,292,-15,194,12781,0,3,-3,0,37013,128,28,65,0,0,0,0,0,0,0,0,-32309,0,0,0,0,0,193870,0
193697,-976,7946,448,295,-18,201,12780,0,2,-2,0,37013,128,28,65,0,0,0,0,0,0,0,0,-32309,0,0,0,0,0,193875,0
193702,-806,8114,524,292,-20,206,12781,3,-2,-5,0,37005,128,28,65,0,0,0,0,0,0,0,0,-32309,0,0,0,0,0,193880,0
193707,-810,8070,422,299,-24,206,12781,-2,0,-4,0,37005,128,28,65,0,0,0,0,0,0,0,0,-32309,0,0,0,0,0,193885,0
193712,-794,8124,424,299,-32,203,12780,-1,-1,-2,0,37005,125,28,65,0,0,0,0,0,0,0,0,-32309,0,0,0,0,0,193890,0
193717,-770,8122,372,299,-37,205,12780,-4,1,-2,0,37005,125,28,65,0,0,0,0,0,0,0,0,-32309,0,0,0,0,0,193895,0
193722,-756,8112,342,298,-38,204,12781,-1,-3,-2,0,37008,132,28,65,0,0,0,0,0,0,0,0,-32309,0,0,0,0,0,193900,0
193727,-752,8082,312,297,-43,205,12780,-3,-1,-3,0,37008,132,28,65,0,0,0,0,0,0,0,0,-32309,0,0,0,0,0,193905,0
193732,-708,8214,354,294,-50,204,12780,0,3,-2,0,37012,145,28,65,0,0,0,0,0,0,0,0,-32309,0,0,0,0,0,193910,0
193737,-648,8222,316,292,-60,199,12780,0,-1,-3,0,37012,145,28,65,0,0,0,0,0,0,0,0,-32309,0,0,0,0,0,193915,0
193742,-740,8122,272,297,-68,197,12780,-1,-1,-2,0,37012,144,28,65,0,0,0,0,0,0,0,0,-32309,0,0,0,0,0,193920,0
193747,-798,8144,288,287,-69,194,12780,3,2,-3,0,37012,144,28,65,0,0,0,0,0,0,0,0,-32309,0,0,0,0,0,193925,0
193752,-724,8180,168,290,-73,192,12781,7,1,-2,0,37012,136,28,65,0,0,0,0,0,0,0,0,-32309,0,0,0,0,0,193930,0
193757,-758,8210,174,280,-78,194,12781,2,-2,-3,0,37012,136,28,65,0,0,0,0,0,0,0,0,-32309,0,0,0,0,0,193935,0
193762,-714,8290,200,277,-84,193,12781,1,1,-5,0,37013,137,28,65,0,0,0,0,0,0,0,0,-32309,0,0,0,0,0,193940,0
193767,-764,8194,132,280,-94,189,12780,4,0,-1,0,37013,137,28,65,0,0,0,0,0,0,0,0,-32308,0,0,0,0,0,193945,0
193772,-838,8158,132,266,-105,195,12780,-3,-3,-1,0,37019,129,28,65,0,0,0,0,0,0,0,0,-32309,0,0,0,0,0,193950,0
193777,-820,8068,84,256,-112,195,12780,-4,-1,0,0,37019,129,28,65,0,0,0,0,0,0,0,0,-32309,0,0,0,0,0,193955,0
193782,-900,8098,122,256,-121,200,12780,-2,4,-3,0,37017,136,28,65,0,0,0,0,0,0,0,0,-32309,0,0,0,0,0,193960,0
193787,-856,8156,38,251,-119,197,12780,2,5,-3,0,37017,136,28,65,0,0,0,0,0,0,0,0,-32309,0,0,0,0,0,193965,0
193792,-888,8120,52,235,-139,200,12780,-3,-1,-2,0,37020,131,28,65,0,0,0,0,0,0,0,0,-32309,0,0,0,0,0,193970,0
193797,-876,8128,100,233,-143,203,12781,-2,2,-1,0,37020,131,28,65,0,0,0,0,0,0,0,0,-32309,0,0,0,0,0,193975,0
193802,-894,8124,4,220,-145,210,12781,-5,-1,-2,0,37023,129,28,65,0,0,0,0,0,0,0,0,-32309,0,0,0,0,0,193980,0
193807,-932,8120,90,216,-153,209,12782,7,-1,-4,0,37023,129,28,65,0,0,0,0,0,0,0,0,-32309,0,0,0,0,0,193985,0
193812,-1036,8112,100,193,-182,212,12780,-3,-3,-2,0,37023,124,28,65,0,0,0,0,0,0,0,0,-32309,0,0,0,0,0,193990,0
193817,-900,8168,104,177,-201,218,12781,3,0,-1,0,37023,124,28,65,0,0,0,0,0,0,0,0,-32309,0,0,0,0,0,193995,0
193822,-834,8072,-8,182,-211,216,12781,6,-2,-2,0,37024,125,28,65,0,0,0,0,0,0,0,0,-32309,0,0,0,0,0,194000,0
193827,-880,8054,10,174,-217,219,12780,1,2,-2,0,37024,125,28,65,0,0,0,0,0,0,0,0,-32308,0,0,0,0,0,194005,0
193832,-722,8140,-18,162,-239,226,12781,-1,-2,-3,0,37011,121,28,65,0,0,0,0,0,0,0,0,-32309,0,0,0,0,0,194010,0
193837,-778,8060,-68,153,-240,218,12780,-3,-2,-2,0,37011,121,28,65,0,0,0,0,0,0,0,0,-32309,0,0,0,0,0,194015,0
193842,-710,8174,54,148,-245,219,12780,0,0,-1,0,37010,129,28,65,0,0,0,0,0,0,0,0,-32309,0,0,0,0,0,194020,0
193847,-620,8302,108,134,-250,223,12781,2,-2,-3,0,37010,129,28,65,0,0,0,0,0,0,0,0,-32309,0,0,0,0,0,194025,0
193852,-588,8192,-20,125,-256,219,12781,2,-1,-3,0,37008,121,28,65,0,0,0,0,0,0,0,0,-32309,0,0,0,0,0,194030,0
193857,-578,8142,-4,123,-253,211,12780,-1,5,-3,0,37008,121,28,65,0,0,0,0,0,0,0,0,-32309,0,0,0,0,0,194035,0
193862,-506,8272,124,114,-249,216,12780,-2,1,-2,0,37010,120,28,65,0,0,0,0,0,0,0,0,-32309,0,0,0,0,0,194040,0
193867,-494,8304,154,107,-252,208,12781,3,-1,-3,0,37010,120,28,65,0,0,0,0,0,0,0,0,-32309,0,0,0,0,0,194045,0
193872,-526,8148,248,96,-255,208,12781,1,1,-4,0,37018,118,28,65,0,0,0,0,0,0,0,0,-32308,0,0,0,0,0,194050,0
193877,-594,8108,202,99,-255,199,12781,-2,-3,-2,0,37018,118,28,65,0,0,0,0,0,0,0,0,-32309,0,0,0,0,0,194055,0
193882,-616,7988,234,101,-258,195,12781,2,-1,-3,0,37017,108,28,65,0,0,0,0,0,0,0,0,-32309,0,0,0,0,0,194060,0
193887,-492,8086,340,95,-255,193,12781,-2,-1,-3,0,37017,108,28,65,0,0,0,0,0,0,0,0,-32309,0,0,0,0,0,194065,0
193892,-518,7974,330,107,-247,188,12782,5,-2,-1,0,37015,118,28,65,0,0,0,0,0,0,0,0,-32309,0,0,0,0,0,194070,0
193897,-390,8126,406,97,-246,186,12780,-5,1,-3,0,37015,118,28,65,0,0,0,0,0,0,0,0,-32308,0,0,0,0,0,194075,0
193902,-358,8008,340,109,-237,180,12781,-4,-2,-3,0,37010,126,28,65,0,0,0,0,0,0,0,0,-32309,0,0,0,0,0,194080,0
193907,-436,7926,276,118,-219,171,12780,1,0,-2,0,37010,126,28,65,0,0,0,0,0,0,0,0,-32309,0,0,0,0,0,194085,0
193912,-394,8064,392,116,-197,174,12782,4,5,-2,0,37010,128,28,65,0,0,0,0,0,0,0,0,-32309,0,0,0,0,0,194089,0
193917,-390,8066,374,124,-194,167,12780,-4,-1,0,0,37010,128,28,65,0,0,0,0,0,0,0,0,-32309,0,0,0,0,0,194094,0
193922,-320,8110,436,121,-170,160,12780,-9,2,-2,0,37010,122,28,65,0,0,0,0,0,0,0,0,-32309,0,0,0,0,0,194099,0
193927,-338,8130,482,129,-151,159,12781,5,4,-2,0,37010,122,28,65,0,0,0,0,0,0,0,0,-32309,0,0,0,0,0,194104,0
193932,-272,8188,586,131,-119,156,12781,1,0,-4,0,37010,122,28,65,0,0,0,0,0,0,0,0,-32309,0,0,0,0,0,194109,0
193937,-278,8152,540,140,-92,153,12780,4,3,-2,0,37010,122,28,65,0,0,0,0,0,0,0,0,-32309,0,0,0,0,0,194114,0
193942,-376,8038,476,159,-77,145,12781,1,-1,-2,0,37009,130,28,65,0,0,0,0,0,0,0,0,-32309,0,0,0,0,0,194119,0
193947,-466,8036,582,151,-56,145,12781,-2,5,-3,0,37009,130,28,65,0,0,0,0,0,0,0,0,-32309,0,0,0,0,0,194124,0
193952,-384,8108,598,171,-14,140,12781,4,2,-3,0,37010,142,28,65,0,0,0,0,0,0,0,0,-32309,0,0,0,0,0,194129,0
193957,-434,7946,542,179,0,140,12779,-6,-4,-3,0,37010,142,28,65,0,0,0,0,0,0,0,0,-32309,0,0,0,0,0,194134,0
193962,-408,8092,686,179,18,140,12780,-2,-3,-3,0,37006,131,28,65,0,0,0,0,0,0,0,0,-32309,0,0,0,0,0,194139,0
193967,-374,8154,662,186,31,137,12781,-2,3,-3,0,37006,131,28,65,0,0,0,0,0,0,0,0,-32309,0,0,0,0,0,194144,0
193972,-514,8012,548,203,46,130,12780,2,-4,-3,0,37008,120,28,65,0,0,0,0,0,0,0,0,-32309,0,0,0,0,0,194149,0
193977,-450,8204,614,201,53,138,12780,-5,-3,-3,0,37008,120,28,65,0,0,0,0,0,0,0,0,-32309,0,0,0,0,0,194154,0
193982,-430,8202,586,221,62,129,12781,6,-1,-3,0,37010,126,28,65,0,0,0,0,0,0,0,0,-32309,0,0,0,0,0,194159,0
193987,-462,7998,474,232,67,126,12781,4,-2,-4,0,37010,126,28,65,0,0,0,0,0,0,0,0,-32308,0,0,0,0,0,194164,0
193992,-428,8130,664,233,74,128,12780,-2,2,-3,0,37011,122,28,65,0,0,0,0,0,0,0,0,-32308,0,0,0,0,0,194169,0
193997,-466,7938,512,253,80,122,12781,-3,2,-3,0,37011,122,28,65,0,0,0,0,0,0,0,0,-32309,0,0,0,0,0,194174,0
194002,-540,7938,552,253,79,121,12780,-4,-2,-3,0,37007,123,28,65,0,0,0,0,0,0,0,0,-32309,0,0,0,0,0,194179,0
194007,-354,8106,608,255,77,128,12781,5,-4,-3,0,37007,123,28,65,0,0,0,0,0,0,0,0,-32309,0,0,0,0,0,194184,0
194012,-586,7980,414,284,71,117,12781,5,1,-3,0,37007,120,28,65,0,0,0,0,0,0,0,0,-32309,0,0,0,0,0,194189,0
194017,-584,8166,542,289,64,116,12780,4,-1,-3,0,37007,120,28,65,0,0,0,0,0,0,0,0,-32309,0,0,0,0,0,194195,0
194022,-720,8308,490,283,53,117,12782,1,3,-2,0,37007,114,28,65,0,0,0,0,0,0,0,0,-32309,0,0,0,0,0,194200,0
194027,-482,7816,262,314,51,116,12781,1,2,-2,0,37007,114,28,65,0,0,0,0,0,0,0,0,-32309,0,0,0,0,0,194205,0
194032,-664,8160,600,313,40,125,12781,-2,0,-3,0,37006,119,28,65,0,0,0,0,0,0,0,0,-32309,0,0,0,0,0,194210,0
194037,-700,8046,428,330,38,132,12780,1,0,-2,0,37006,119,28,65,0,0,0,0,0,0,0,0,-32309,0,0,0,0,0,194215,0
194042,-622,8064,524,329,36,136,12781,0,0,-1,0,37007,124,28,65,0,0,0,0,0,0,0,0,-32309,0,0,0,0,0,194220,0
194047,-708,8034,460,341,34,128,12781,0,4,-4,0,37007,124,28,65,0,0,0,0,0,0,0,0,-32309,0,0,0,0,0,194225,0
194052,-608,8058,476,349,34,145,12782,3,3,-3,0,37007,117,28,65,0,0,0,0,0,0,0,0,-32308,0,0,0,0,0,194230,0
194057,-630,7984,398,363,38,146,12780,-1,-2,-3,0,37007,117,28,65,0,0,0,0,0,0,0,0,-32309,0,0,0,0,0,194235,0
194062,-702,7908,392,367,34,152,12779,-2,-4,-2,0,37009,118,28,65,0,0,0,0,0,0,0,0,-32308,0,0,0,0,0,194240,0
194067,-634,8132,536,367,40,157,12781,0,1,-2,0,37009,118,28,65,0,0,0,0,0,0,0,0,-32309,0,0,0,0,0,194245,0
194072,-678,7958,410,393,42,164,12781,-1,1,-3,0,37014,115,28,65,0,0,0,0,0,0,0,0,-32308,0,0,0,0,0,194250,0
194077,-716,7958,404,398,42,171,12780,3,0,-4,0,37014,115,28,65,0,0,0,0,0,0,0,0,-32309,0,0,0,0,0,194255,0
194082,-714,7990,434,400,40,167,12780,-6,-2,-4,0,37016,119,28,65,0,0,0,0,0,0,0,0,-32309,0,0,0,0,0,194260,0
194087,-614,8036,442,408,37,174,12781,0,1,-5,0,37016,119,28,65,0,0,0,0,0,0,0,0,-32309,0,0,0,0,0,194265,0
194092,-534,8102,398,426,38,175,12780,3,-1,-3,0,37014,132,28,65,0,0,0,0,0,0,0,0,-32309,0,0,0,0,0,194270,0
194097,-552,8182,406,428,33,185,12781,2,0,-2,0,37014,132,28,65,0,0,0,0,0,0,0,0,-32309,0,0,0,0,0,194275,0
194102,-510,8122,494,441,25,176,12781,0,2,-2,0,37014,132,28,65,0,0,0,0,0,0,0,0,-32309,0,0,0,0,0,194280,0
194107,-414,8050,446,445,19,182,12780,3,-1,-3,0,37014,132,28,65,0,0,0,0,0,0,0,0,-32309,0,0,0,0,0,194285,0
194112,-548,8090,324,462,19,172,12780,-3,-5,-2,0,37008,127,28,65,0,0,0,0,0,0,0,0,-32309,0,0,0,0,0,194290,0
194117,-638,8136,322,474,-1,172,12781,0,3,-3,0,37008,127,28,65,0,0,0,0,0,0,0,0,-32308,0,0,0,0,0,194295,0
194122,-544,7986,236,479,-4,174,12781,1,-2,-3,0,37011,131,28,65,0,0,0,0,0,0,0,0,-32309,0,0,0,0,0,194300,0
194127,-556,8068,358,487,-10,171,12781,7,2,-2,0,37011,131,28,65,0,0,0,0,0,0,0,0,-32309,0,0,0,0,0,194305,0
194132,-508,7956,280,498,-21,176,12779,-3,-5,-2,0,37012,126,28,65,0,0,0,0,0,0,0,0,-32309,0,0,0,0,0,194310,0
194137,-520,7912,244,500,-27,174,12781,0,2,-2,0,37012,126,28,65,0,0,0,0,0,0,0,0,-32309,0,0,0,0,0,194315,0
194142,-498,7914,228,505,-36,169,12781,0,3,-2,0,37010,125,28,65,0,0,0,0,0,0,0,0,-32309,0,0,0,0,0,194320,0
194147,-420,7994,182,509,-44,166,12780,-1,-1,-2,0,37010,125,28,65,0,0,0,0,0,0,0,0,-32309,0,0,0,0,0,194325,0
194152,-260,8204,84,514,-47,153,12781,3,1,-1,0,37008,120,28,65,0,0,0,0,0,0,0,0,-32309,0,0,0,0,0,194330,0
194157,-180,8200,42,517,-46,146,12781,-1,5,-2,0,37008,120,28,65,0,0,0,0,0,0,0,0,-32309,0,0,0,0,0,194335,0
194162,-80,8230,30,518,-48,139,12780,0,-5,-2,0,37008,122,28,65,0,0,0,0,0,0,0,0,-32309,0,0,0,0,0,194340,0
194167,-28,8266,26,515,-37,126,12780,2,0,-3,0,37008,122,28,65,0,0,0,0,0,0,0,0,-32309,0,0,0,0,0,194345,0
194172,-38,8376,-184,508,-27,109,12780,-6,-1,-4,0,37010,135,28,65,0,0,0,0,0,0,0,0,-32308,0,0,0,0,0,194350,0
194177,-44,8426,-186,502,-31,100,12779,0,-4,-2,0,37010,135,28,65,0,0,0,0,0,0,0,0,-32309,0,0,0,0,0,194355,0
194182,-60,8366,-244,497,-24,86,12781,0,-4,0,0,37013,144,28,65,0,0,0,0,0,0,0,0,-32309,0,0,0,0,0,194360,0
194187,14,8364,-278,491,-26,79,12781,0,1,-2,0,37013,144,28,65,0,0,0,0,0,0,0,0,-32309,0,0,0,0,0,194365,0
194192,-8,8288,-342,474,-17,52,12781,-3,-1,-3,0,37012,139,28,65,0,0,0,0,0,0,0,0,-32309,0,0,0,0,0,194370,0
194197,-126,8392,-420,470,-11,43,12780,1,1,-3,0,37012,139,28,65,0,0,0,0,0,0,0,0,-32308,0,0,0,0,0,194375,0
194202,-98,8310,-328,465,-13,29,12781,3,0,-4,0,37013,134,28,65,0,0,0,0,0,0,0,0,-32309,0,0,0,0,0,194380,0
194207,-8,8224,-286,456,-11,23,12782,9,3,-3,0,37013,134,28,65,0,0,0,0,0,0,0,0,-32309,0,0,0,0,0,194385,0
194212,-92,8352,-384,437,-6,5,12781,6,1,-1,0,37010,119,28,65,0,0,0,0,0,0,0,0,-32309,0,0,0,0,0,194390,0
194217,-214,8372,-492,429,8,2,12780,-3,3,-2,0,37010,119,28,65,0,0,0,0,0,0,0,0,-32309,0,0,0,0,0,194395,0
194222,-306,8322,-588,420,6,-6,12780,0,2,-3,0,37009,114,28,65,0,0,0,0,0,0,0,0,-32309,0,0,0,0,0,194400,0
194227,-324,8304,-552,411,6,-9,12781,2,-5,-4,0,37009,114,28,65,0,0,0,0,0,0,0,0,-32309,0,0,0,0,0,194405,0
194232,-416,8388,-510,388,-1,-13,12781,0,0,-2,0,37011,125,28,65,0,0,0,0,0,0,0,0,-32309,0,0,0,0,0,194410,0
194237,-450,8316,-460,373,-1,-16,12781,1,-2,-2,0,37011,125,28,65,0,0,0,0,0,0,0,0,-32308,0,0,0,0,0,194415,0
194242,-436,8190,-466,364,-4,-16,12781,2,-2,-2,0,37015,133,28,65,0,0,0,0,0,0,0,0,-32309,0,0,0,0,0,194420,0
194247,-454,8142,-454,358,-3,-13,12782,9,0,-3,0,37015,133,28,65,0,0,0,0,0,0,0,0,-32309,0,0,0,0,0,194425,0
194252,-686,8166,-542,332,-4,-7,12780,0,-6,-1,0,37016,128,28,65,0,0,0,0,0,0,0,0,-32309,0,0,0,0,0,194430,0
194257,-722,8076,-566,328,-6,0,12782,0,-3,-2,0,37016,128,28,65,0,0,0,0,0,0,0,0,-32309,0,0,0,0,0,194435,0
194262,-792,8024,-492,321,-12,4,12781,-2,-6,-2,0,37015,134,28,65,0,0,0,0,0,0,0,0,-32309,0,0,0,0,0,194440,0
194267,-794,8082,-494,308,-18,7,12780,-2,-2,-3,0,37015,134,28,65,0,0,0,0,0,0,0,0,-32309,0,0,0,0,0,194445,0
194272,-784,8104,-438,295,-19,21,12781,1,-7,-3,0,37014,128,28,65,0,0,0,0,0,0,0,0,-32309,0,0,0,0,0,194450,0
194277,-714,8060,-458,289,-28,36,12779,0,0,-3,0,37014,128,28,65,0,0,0,0,0,0,0,0,-32309,0,0,0,0,0,194455,0
194282,-682,8090,-444,285,-23,36,12781,0,2,-5,0,37015,142,28,65,0,0,0,0,0,0,0,0,-32309,0,0,0,0,0,194460,0
194287,-652,8142,-424,273,-27,41,12780,2,1,-6,0,37015,142,28,65,0,0,0,0,0,0,0,0,-32309,0,0,0,0,0,194465,0
194292,-622,8170,-454,259,-28,51,12781,0,-1,-4,0,37013,139,28,65,0,0,0,0,0,0,0,0,-32309,0,0,0,0,0,194470,0
194297,-588,8214,-422,250,-32,57,12781,-1,1,-2,0,37013,139,28,65,0,0,0,0,0,0,0,0,-32309,0,0,0,0,0,194475,0
194302,-554,8236,-424,245,-35,59,12780,-5,-4,-2,0,37012,131,28,65,0,0,0,0,0,0,0,0,-32308,0,0,0,0,0,194480,0
194307,-568,8230,-380,245,-27,64,12782,4,-1,-3,0,37012,131,28,65,0,0,0,0,0,0,0,0,-32309,0,0,0,0,0,194485,0
194312,-490,8204,-350,231,-22,68,12780,-3,-4,-2,0,37012,131,28,65,0,0,0,0,0,0,0,0,-32308,0,0,0,0,0,194490,0
194317,-478,8188,-324,229,-19,67,12780,-2,3,-3,0,37012,131,28,65,0,0,0,0,0,0,0,0,-32309,0,0,0,0,0,194495,0
194322,-428,8198,-302,222,-16,71,12780,-3,1,-4,0,37010,120,28,65,0,0,0,0,0,0,0,0,-32309,0,0,0,0,0,194500,0
194327,-444,8210,-248,223,-14,69,12780,-5,1,-4,0,37010,120,28,65,0,0,0,0,0,0,0,0,-32309,0,0,0,0,0,194505,0
194332,-494,8084,-150,224,-7,68,12779,-8,0,-3,0,37011,118,28,65,0,0,0,0,0,0,0,0,-32309,0,0,0,0,0,194510,0
194337,-508,8034,-152,224,-2,72,12780,3,1,-1,0,37011,118,28,65,0,0,0,0,0,0,0,0,-32309,0,0,0,0,0,194515,0
194342,-514,8028,-156,227,5,71,12780,0,-1,-2,0,37011,124,28,65,0,0,0,0,0,0,0,0,-32309,0,0,0,0,0,194520,0
194347,-496,8042,-112,225,4,74,12781,0,5,-3,0,37011,124,28,65,0,0,0,0,0,0,0,0,-32309,0,0,0,0,0,194525,0
194352,-426,8072,-172,227,2,72,12781,12,1,-2,0,37011,132,28,65,0,0,0,0,0,0,0,0,-32309,0,0,0,0,0,194530,0
194357,-442,8142,-144,228,-1,70,12780,3,4,-1,0,37011,132,28,65,0,0,0,0,0,0,0,0,-32309,0,0,0,0,0,194535,0
194362,-418,8124,-150,227,-5,66,12781,1,-3,-2,0,37010,126,28,65,0,0,0,0,0,0,0,0,-32309,0,0,0,0,0,194540,0
194367,-398,8158,-218,236,-4,65,12782,3,-4,-3,0,37010,126,28,65,0,0,0,0,0,0,0,0,-32309,0,0,0,0,0,194545,0
194372,-240,8258,-120,237,-27,59,12780,-4,0,-3,0,37011,123,28,65,0,0,0,0,0,0,0,0,-32309,0,0,0,0,0,194550,0
194377,-270,8232,-160,236,-27,52,12780,-2,-3,-3,0,37011,123,28,65,0,0,0,0,0,0,0,0,-32309,0,0,0,0,0,194555,0
194382,-264,8238,-196,244,-34,51,12780,0,-3,-2,0,37014,116,28,65,0,0,0,0,0,0,0,0,-32310,0,0,0,0,0,194560,0
194387,-294,8234,-206,242,-29,42,12780,-4,3,0,0,37014,116,28,65,0,0,0,0,0,0,0,0,-32309,0,0,0,0,0,194565,0
194392,-356,8172,-214,248,-46,38,12781,0,0,0,0,37018,119,28,65,0,0,0,0,0,0,0,0,-32309,0,0,0,0,0,194570,0
194397,-394,8182,-204,244,-46,33,12781,4,3,-4,0,37018,119,28,65,0,0,0,0,0,0,0,0,-32309,0,0,0,0,0,194575,0
194402,-414,8196,-206,249,-50,34,12780,-2,2,-4,0,37016,125,28,65,0,0,0,0,0,0,0,0,-32309,0,0,0,0,0,194580,0
194407,-424,8210,-192,256,-51,31,12782,4,0,-1,0,37016,125,28,65,0,0,0,0,0,0,0,0,-32309,0,0,0,0,0,194585,0
194412,-474,8104,-160,254,-48,30,12781,1,1,-3,0,37014,118,28,65,0,0,0,0,0,0,0,0,-32309,0,0,0,0,0,194590,0
194417,-448,8098,-180,258,-51,35,12780,-2,1,-3,0,37014,118,28,65,0,0,0,0,0,0,0,0,-32309,0,0,0,0,0,194595,0
194422,-506,8062,-222,255,-44,34,12782,2,-5,-2,0,37012,130,28,65,0,0,0,0,0,0,0,0,-32309,0,0,0,0,0,194600,0
194427,-500,8074,-230,261,-43,33,12780,4,-1,-1,0,37012,130,28,65,0,0,0,0,0,0,0,0,-32309,0,0,0,0,0,194605,0
194432,-486,8084,-242,265,-35,38,12780,-3,1,-3,0,37013,139,28,65,0,0,0,0,0,0,0,0,-32309,0,0,0,0,0,194610,0
194437,-484,8082,-254,256,-38,34,12781,0,-4,-2,0,37013,139,28,65,0,0,0,0,0,0,0,0,-32309,0,0,0,0,0,194615,0
194442,-464,8094,-276,262,-30,36,12780,0,1,-3,0,37012,140,28,65,0,0,0,0,0,0,0,0,-32309,0,0,0,0,0,194620,0
194447,-440,8118,-248,257,-25,36,12779,-6,1,-4,0,37012,140,28,65,0,0,0,0,0,0,0,0,-32309,0,0,0,0,0,194625,0
194452,-430,8146,-284,261,-19,36,12780,0,-2,-3,0,37010,130,28,65,0,0,0,0,0,0,0,0,-32309,0,0,0,0,0,194630,0
194457,-428,8176,-280,261,-11,37,12781,2,1,-4,0,37010,130,28,65,0,0,0,0,0,0,0,0,-32309,0,0,0,0,0,194635,0
194462,-402,8194,-300,261,-14,37,12780,0,0,-3,0,37011,121,28,65,0,0,0,0,0,0,0,0,-32309,0,0,0,0,0,194640,0
194467,-436,8190,-334,254,-15,42,12780,0,0,-4,0,37011,121,28,65,0,0,0,0,0,0,0,0,-32309,0,0,0,0,0,194645,0
194472,-418,8132,-412,249,-8,35,12779,-7,0,-5,0,37011,122,28,65,0,0,0,0,0,0,0,0,-32309,0,0,0,0,0,194650,0
194477,-434,8160,-454,244,-4,36,12781,3,3,-4,0,37011,122,28,65,0,0,0,0,0,0,0,0,-32309,0,0,0,0,0,194655,0
194482,-454,8178,-448,249,-2,35,12781,5,0,-2,0,37010,133,28,65,0,0,0,0,0,0,0,0,-32308,0,0,0,0,0,194660,0
194487,-492,8256,-522,240,-7,41,12780,-3,4,-2,0,37010,133,28,65,0,0,0,0,0,0,0,0,-32309,0,0,0,0,0,194665,0
194492,-330,8070,-442,241,-10,38,12781,2,-3,-3,0,37012,128,28,65,0,0,0,0,0,0,0,0,-32309,0,0,0,0,0,194670,0
194497,-404,8202,-530,234,-7,33,12781,3,-1,-5,0,37012,128,28,65,0,0,0,0,0,0,0,0,-32309,0,0,0,0,0,194675,0
194502,-452,8178,-550,233,-10,31,12779,-9,1,-4,0,37015,128,28,65,0,0,0,0,0,0,0,0,-32309,0,0,0,0,0,194680,0
194507,-446,8134,-538,226,-17,30,12780,-6,0,-3,0,37015,128,28,65,0,0,0,0,0,0,0,0,-32309,0,0,0,0,0,194685,0
194512,-340,8198,-530,215,-14,22,12782,0,-3,-3,0,37018,121,28,65,0,0,0,0,0,0,0,0,-32309,0,0,0,0,0,194690,0
194517,-346,8332,-584,204,-15,20,12780,0,3,-3,0,37018,121,28,65,0,0,0,0,0,0,0,0,-32309,0,0,0,0,0,194695,0
194522,-134,8158,-552,208,-1,13,12779,-5,4,-3,0,37016,114,28,65,0,0,0,0,0,0,0,0,-32309,0,0,0,0,0,194700,0
194527,-172,8318,-452,197,-3,11,12781,0,-3,-3,0,37016,114,28,65,0,0,0,0,0,0,0,0,-32309,0,0,0,0,0,194705,0
194532,-200,8226,-548,191,4,3,12780,-2,1,-2,0,37014,110,28,65,0,0,0,0,0,0,0,0,-32309,0,0,0,0,0,194710,0
194537,-190,8218,-488,187,13,-11,12781,2,3,-2,0,37014,110,28,65,0,0,0,0,0,0,0,0,-32309,0,0,0,0,0,194715,0
194542,-224,8242,-502,176,11,-10,12781,-4,-5,-2,0,37014,120,28,65,0,0,0,0,0,0,0,0,-32309,0,0,0,0,0,194720,0
194547,-250,8182,-484,175,20,-11,12780,0,5,-2,0,37014,120,28,65,0,0,0,0,0,0,0,0,-32309,0,0,0,0,0,194725,0
194552,-326,8142,-488,170,28,-25,12781,3,1,-1,0,37013,119,28,65,0,0,0,0,0,0,0,0,-32309,0,0,0,0,0,194730,0
194557,-348,8110,-450,169,28,-30,12781,1,0,-2,0,37013,119,28,65,0,0,0,0,0,0,0,0,-32309,0,0,0,0,0,194735,0
194562,-340,8102,-418,170,35,-31,12780,-2,0,-2,0,37012,123,28,65,0,0,0,0,0,0,0,0,-32309,0,0,0,0,0,194740,0
194567,-386,8080,-354,164,40,-32,12779,2,1,-1,0,37012,123,28,65,0,0,0,0,0,0,0,0,-32309,0,0,0,0,0,194745,0
194572,-396,8058,-358,164,46,-37,12781,0,-2,-2,0,37014,129,28,65,0,0,0,0,0,0,0,0,-32309,0,0,0,0,0,194750,0
194577,-360,8074,-374,158,53,-39,12782,10,4,-2,0,37014,129,28,65,0,0,0,0,0,0,0,0,-32309,0,0,0,0,0,194755,0
194582,-378,8118,-358,160,62,-38,12779,-1,4,-2,0,37014,128,28,65,0,0,0,0,0,0,0,0,-32309,0,0,0,0,0,194760,0
194587,-486,8244,-476,157,71,-39,12781,1,2,-2,0,37014,128,28,65,0,0,0,0,0,0,0,0,-32309,0,0,0,0,0,194765,0
194592,-340,7956,-254,158,76,-37,12781,0,-6,-2,0,37014,131,28,65,0,0,0,0,0,0,0,0,-32309,0,0,0,0,0,194770,0
194597,-400,8096,-326,155,91,-37,12781,1,5,-2,0,37014,131,28,65,0,0,0,0,0,0,0,0,-32309,0,0,0,0,0,194775,0
194602,-492,8160,-384,165,98,-40,12781,-1,-2,-5,0,37017,130,28,65,0,0,0,0,0,0,0,0,-32309,0,0,0,0,0,194780,0
194607,-500,8112,-330,165,97,-43,12781,5,-1,-2,0,37017,130,28,65,0,0,0,0,0,0,0,0,-32309,0,0,0,0,0,194785,0
194612,-474,8118,-336,167,101,-38,12780,1,0,-2,0,37016,130,28,65,0,0,0,0,0,0,0,0,-32309,0,0,0,0,0,194790,0
194617,-536,8136,-330,166,96,-32,12781,4,0,-2,0,37016,130,28,65,0,0,0,0,0,0,0,0,-32309,0,0,0,0,0,194795,0
194622,-500,8110,-284,164,95,-35,12780,0,-2,-2,0,37014,130,28,65,0,0,0,0,0,0,0,0,-32309,0,0,0,0,0,194800,0
194627,-530,8074,-324,169,96,-36,12779,0,1,-3,0,37014,130,28,65,0,0,0,0,0,0,0,0,-32309,0,0,0,0,0,194805,0
194632,-516,8140,-288,181,94,-31,12780,1,0,-2,0,37014,126,28,65,0,0,0,0,0,0,0,0,-32309,0,0,0,0,0,194810,0
194637,-516,8174,-320,181,78,-33,12780,-5,1,-3,0,37014,126,28,65,0,0,0,0,0,0,0,0,-32309,0,0,0,0,0,194815,0
194642,-544,8262,-344,182,71,-32,12780,2,4,-2,0,37010,127,28,65,0,0,0,0,0,0,0,0,-32309,0,0,0,0,0,194820,0
194647,-540,8140,-324,184,57,-29,12780,0,-1,-3,0,37010,127,28,65,0,0,0,0,0,0,0,0,-32309,0,0,0,0,0,194825,0
194652,-438,8194,-332,190,37,-35,12781,0,2,-2,0,37009,129,28,65,0,0,0,0,0,0,0,0,-32309,0,0,0,0,0,194830,0
194657,-572,8214,-382,192,27,-29,12780,-3,-3,-2,0,37009,129,28,65,0,0,0,0,0,0,0,0,-32309,0,0,0,0,0,194835,0
194662,-578,8154,-366,190,12,-30,12781,-5,1,-2,0,37007,128,28,65,0,0,0,0,0,0,0,0,-32309,0,0,0,0,0,194840,0
194667,-552,8090,-436,189,-1,-32,12781,5,-1,-2,0,37007,128,28,65,0,0,0,0,0,0,0,0,-32309,0,0,0,0,0,194845,0
194672,-478,8134,-416,197,-9,-33,12781,4,2,-4,0,37007,121,28,65,0,0,0,0,0,0,0,0,-32309,0,0,0,0,0,194850,0
194677,-522,8128,-406,207,-17,-31,12781,0,-3,-3,0,37007,121,28,65,0,0,0,0,0,0,0,0,-32309,0,0,0,0,0,194855,0
194682,-592,8052,-400,199,-24,-30,12780,-6,1,-3,0,37010,126,28,65,0,0,0,0,0,0,0,0,-32309,0,0,0,0,0,194860,0
194687,-606,7990,-434,199,-24,-30,12781,5,2,-3,0,37010,126,28,65,0,0,0,0,0,0,0,0,-32309,0,0,0,0,0,194865,0
194692,-592,8062,-520,198,-49,-29,12781,3,2,-2,0,37012,126,28,65,0,0,0,0,0,0,0,0,-32309,0,0,0,0,0,194870,0
194697,-538,8164,-544,195,-51,-36,12780,1,1,-4,0,37012,126,28,65,0,0,0,0,0,0,0,0,-32309,0,0,0,0,0,194875,0
194702,-426,8244,-592,199,-63,-34,12781,2,0,-3,0,37005,134,28,65,0,0,0,0,0,0,0,0,-32309,0,0,0,0,0,194880,0
194707,-424,8274,-634,193,-61,-36,12781,0,2,-1,0,37005,134,28,65,0,0,0,0,0,0,0,0,-32309,0,0,0,0,0,194885,0
194712,-314,8346,-672,184,-73,-40,12781,-3,-1,2,0,37003,139,28,65,0,0,0,0,0,0,0,0,-32309,0,0,0,0,0,194890,0
194717,-322,8334,-716,178,-77,-41,12779,-9,-4,-1,0,37003,139,28,65,0,0,0,0,0,0,0,0,-32308,0,0,0,0,0,194895,0
194722,-312,8348,-752,164,-74,-50,12780,-2,-4,-3,0,37002,135,28,65,0,0,0,0,0,0,0,0,-32309,0,0,0,0,0,194900,0
194727,-312,8310,-732,165,-75,-50,12781,0,-2,-3,0,37002,135,28,65,0,0,0,0,0,0,0,0,-32309,0,0,0,0,0,194905,0
194732,-464,8428,-840,145,-69,-47,12781,-4,-1,-4,0,37005,144,28,65,0,0,0,0,0,0,0,0,-32309,0,0,0,0,0,194910,0
194737,-608,8350,-584,140,-73,-41,12780,-1,2,-2,0,37005,144,28,65,0,0,0,0,0,0,0,0,-32309,0,0,0,0,0,194915,0
194742,-230,7996,-566,130,-68,-52,12781,0,-2,-2,0,37009,135,28,65,0,0,0,0,0,0,0,0,-32309,0,0,0,0,0,194920,0
194747,-424,8128,-642,125,-54,-53,12781,-6,-1,-3,0,37009,135,28,65,0,0,0,0,0,0,0,0,-32309,0,0,0,0,0,194925,0
194752,-640,8102,-594,112,-43,-53,12780,-2,4,-1,0,37013,120,28,65,0,0,0,0,0,0,0,0,-32309,0,0,0,0,0,194930,0
194757,-590,8014,-620,109,-42,-49,12780,4,-2,-2,0,37013,120,28,65,0,0,0,0,0,0,0,0,-32309,0,0,0,0,0,194935,0
194762,-536,8040,-606,111,-29,-49,12781,5,-1,-3,0,37016,122,28,65,0,0,0,0,0,0,0,0,-32309,0,0,0,0,0,194940,0
194767,-548,8046,-536,99,-30,-52,12780,0,2,-3,0,37016,122,28,65,0,0,0,0,0,0,0,0,-32309,0,0,0,0,0,194945,0
194772,-452,8064,-522,96,-23,-52,12781,4,3,-3,0,37015,116,28,65,0,0,0,0,0,0,0,0,-32308,0,0,0,0,0,194950,0
194777,-408,8106,-518,92,-16,-57,12781,0,-1,-2,0,37015,116,28,65,0,0,0,0,0,0,0,0,-32309,0,0,0,0,0,194955,0
194782,-346,8154,-514,91,-15,-57,12779,-4,1,-3,0,37013,122,28,65,0,0,0,0,0,0,0,0,-32309,0,0,0,0,0,194960,0
194787,-302,8162,-510,87,-13,-65,12780,-1,-4,-3,0,37013,122,28,65,0,0,0,0,0,0,0,0,-32309,0,0,0,0,0,194965,0
194792,-230,8264,-492,86,-8,-78,12780,-1,-1,-4,0,37010,126,28,65,0,0,0,0,0,0,0,0,-32309,0,0,0,0,0,194970,0
194797,-226,8270,-468,81,-5,-83,12780,-6,0,-2,0,37010,126,28,65,0,0,0,0,0,0,0,0,-32309,0,0,0,0,0,194975,0
194802,-234,8244,-468,84,3,-85,12781,1,2,-2,0,37011,123,28,65,0,0,0,0,0,0,0,0,-32309,0,0,0,0,0,194980,0
194807,-230,8248,-436,83,5,-94,12781,0,1,-1,0,37011,123,28,65,0,0,0,0,0,0,0,0,-32309,0,0,0,0,0,194985,0
194812,-350,8160,-392,82,5,-104,12780,-1,4,-1,0,37013,115,28,65,0,0,0,0,0,0,0,0,-32309,0,0,0,0,0,194990,0
194817,-418,8158,-376,89,12,-105,12781,-3,-3,-1,0,37013,115,28,65,0,0,0,0,0,0,0,0,-32309,0,0,0,0,0,194995,0
194822,-482,8082,-344,84,11,-113,12782,3,-2,-3,0,37016,115,28,65,0,0,0,0,0,0,0,0,-32309,0,0,0,0,0,195000,0
194827,-562,8062,-354,87,16,-105,12781,3,-1,-2,0,37016,115,28,65,0,0,0,0,0,0,0,0,-32309,0,0,0,0,0,195005,0
194832,-650,8036,-342,95,4,-104,12781,3,2,-3,0,37016,110,28,65,0,0,0,0,0,0,0,0,-32309,0,0,0,0,0,195010,0
194837,-670,8032,-350,99,9,-106,12780,-1,-4,-2,0,37016,110,28,65,0,0,0,0,0,0,0,0,-32309,0,0,0,0,0,195015,0
194842,-688,8016,-344,103,0,-105,12780,-5,-3,-2,0,37015,115,28,65,0,0,0,0,0,0,0,0,-32309,0,0,0,0,0,195020,0
194847,-676,8018,-360,105,3,-104,12781,-5,0,-4,0,37015,115,28,65,0,0,0,0,0,0,0,0,-32309,0,0,0,0,0,195025,0
194852,-608,8104,-316,113,-7,-100,12780,-1,-2,-1,0,37011,118,28,65,0,0,0,0,0,0,0,0,-32309,0,0,0,0,0,195030,0
194857,-628,8120,-360,118,-14,-101,12781,0,-2,0,0,37011,118,28,65,0,0,0,0,0,0,0,0,-32309,0,0,0,0,0,195035,0
194862,-584,8136,-318,120,-15,-98,12781,4,-1,-2,0,37011,114,28,65,0,0,0,0,0,0,0,0,-32309,0,0,0,0,0,195040,0
194867,-570,8166,-328,122,-16,-98,12781,1,3,-1,0,37011,114,28,65,0,0,0,0,0,0,0,0,-32309,0,0,0,0,0,195045,0
194872,-528,8182,-304,130,-29,-97,12781,3,-2,-2,0,37011,121,28,65,0,0,0,0,0,0,0,0,-32309,0,0,0,0,0,195050,0
194877,-534,8188,-270,140,-26,-101,12781,3,-3,-3,0,37011,121,28,65,0,0,0,0,0,0,0,0,-32309,0,0,0,0,0,195055,0
194882,-546,8152,-266,139,-39,-95,12782,5,-1,-2,0,37012,124,28,65,0,0,0,0,0,0,0,0,-32309,0,0,0,0,0,195060,0
194887,-554,8106,-264,148,-40,-101,12780,-5,-7,-2,0,37012,124,28,65,0,0,0,0,0,0,0,0,-32309,0,0,0,0,0,195065,0
194892,-540,8122,-278,161,-49,-98,12781,4,-3,-2,0,37011,123,28,65,0,0,0,0,0,0,0,0,-32309,0,0,0,0,0,195070,0
194897,-522,8136,-278,169,-52,-99,12780,1,-4,-1,0,37011,123,28,65,0,0,0,0,0,0,0,0,-32309,0,0,0,0,0,195075,0
194902,-530,8098,-268,174,-49,-102,12779,-4,1,-2,0,37013,131,28,65,0,0,0,0,0,0,0,0,-32309,0,0,0,0,0,195080,0
194907,-540,8112,-278,180,-53,-99,12779,-3,-3,-3,0,37013,131,28,65,0,0,0,0,0,0,0,0,-32309,0,0,0,0,0,195085,0
194912,-542,8084,-270,188,-51,-102,12780,0,1,-2,0,37014,132,28,65,0,0,0,0,0,0,0,0,-32309,0,0,0,0,0,195090,0
194917,-542,8096,-306,191,-50,-99,12781,2,3,-3,0,37014,132,28,65,0,0,0,0,0,0,0,0,-32309,0,0,0,0,0,195095,0
194922,-550,8120,-340,199,-46,-104,12780,0,2,-3,0,37017,130,28,65,0,0,0,0,0,0,0,0,-32309,0,0,0,0,0,195100,0
194927,-538,8110,-348,198,-44,-109,12780,3,-1,-2,0,37017,130,28,65,0,0,0,0,0,0,0,0,-32309,0,0,0,0,0,195105,0
194932,-544,8212,-418,204,-36,-99,12781,0,1,-2,0,37017,127,28,65,0,0,0,0,0,0,0,0,-32309,0,0,0,0,0,195110,0
194937,-534,8074,-462,202,-28,-105,12781,0,-1,-3,0,37017,127,28,65,0,0,0,0,0,0,0,0,-32309,0,0,0,0,0,195115,0
194942,-522,8066,-424,200,-27,-102,12781,1,3,-1,0,37016,122,28,65,0,0,0,0,0,0,0,0,-32309,0,0,0,0,0,195120,0
194947,-454,8026,-470,209,-14,-104,12781,4,1,-2,0,37016,122,28,65,0,0,0,0,0,0,0,0,-32309,0,0,0,0,0,195125,0
194952,-672,8126,-542,201,-2,-100,12781,2,-1,-2,0,37011,125,28,65,0,0,0,0,0,0,0,0,-32309,0,0,0,0,0,195130,0
194957,-658,8118,-582,200,12,-100,12781,0,0,-4,0,37011,125,28,65,0,0,0,0,0,0,0,0,-32309,0,0,0,0,0,195135,0
194962,-644,8202,-624,196,19,-97,12780,-6,2,-5,0,37009,128,28,65,0,0,0,0,0,0,0,0,-32309,0,0,0,0,0,195140,0
194967,-650,8080,-590,193,29,-93,12781,1,0,-4,0,37009,128,28,65,0,0,0,0,0,0,0,0,-32309,0,0,0,0,0,195145,0
194972,-692,8116,-702,184,52,-84,12780,-7,-1,-3,0,37010,119,28,65,0,0,0,0,0,0,0,0,-32309,0,0,0,0,0,195150,0
194977,-716,8088,-732,176,62,-82,12780,-2,0,-1,0,37010,119,28,65,0,0,0,0,0,0,0,0,-32309,0,0,0,0,0,195155,0
194982,-780,8130,-706,168,65,-75,12779,-6,-5,-3,0,37011,129,28,65,0,0,0,0,0,0,0,0,-32308,0,0,0,0,0,195160,0
194987,-814,8120,-754,162,62,-72,12781,0,1,-4,0,37011,129,28,65,0,0,0,0,0,0,0,0,-32309,0,0,0,0,0,195165,0
194992,-782,8034,-654,156,71,-52,12780,-2,-2,-4,0,37013,123,28,65,0,0,0,0,0,0,0,0,-32309,0,0,0,0,0,195170,0
194997,-826,8102,-706,138,77,-46,12781,3,-1,-2,0,37013,123,28,65,0,0,0,0,0,0,0,0,-32308,0,0,0,0,0,195175,0
195002,-870,8092,-784,137,83,-43,12780,-4,-4,-2,0,37013,123,28,65,0,0,0,0,0,0,0,0,-32309,0,0,0,0,0,195180,0
195007,-894,8104,-804,126,83,-35,12782,3,1,-1,0,37013,123,28,65,0,0,0,0,0,0,0,0,-32309,0,0,0,0,0,195185,0
195012,-850,8114,-768,119,88,-27,12780,0,-5,-2,0,37015,118,28,65,0,0,0,0,0,0,0,0,-32309,0,0,0,0,0,195190,0
195017,-844,8102,-774,115,89,-15,12781,-3,2,-5,0,37015,118,28,65,0,0,0,0,0,0,0,0,-32309,0,0,0,0,0,195195,0
195022,-820,8110,-764,108,92,-13,12780,0,-2,-2,0,37015,117,28,65,0,0,0,0,0,0,0,0,-32309,0,0,0,0,0,195201,0
195027,-800,8086,-764,102,95,-2,12781,4,1,-3,0,37015,117,28,65,0,0,0,0,0,0,0,0,-32309,0,0,0,0,0,195206,0
195032,-854,8094,-748,83,106,7,12781,3,4,-3,0,37013,111,28,65,0,0,0,0,0,0,0,0,-32309,0,0,0,0,0,195211,0
195037,-844,8086,-786,84,108,11,12781,0,3,-4,0,37013,111,28,65,0,0,0,0,0,0,0,0,-32309,0,0,0,0,0,195216,0
195042,-870,8090,-756,78,105,21,12780,-5,0,-1,0,37011,124,28,65,0,0,0,0,0,0,0,0,-32309,0,0,0,0,0,195221,0
195047,-836,8078,-740,67,106,29,12780,1,-1,-3,0,37011,124,28,65,0,0,0,0,0,0,0,0,-32309,0,0,0,0,0,195226,0
195052,-828,8104,-688,68,107,41,12779,-2,-3,-3,0,37010,122,28,65,0,0,0,0,0,0,0,0,-32309,0,0,0,0,0,195231,0
195057,-786,8078,-630,60,112,50,12782,0,5,-2,0,37010,122,28,65,0,0,0,0,0,0,0,0,-32309,0,0,0,0,0,195236,0
195062,-810,8102,-662,55,115,53,12780,-1,1,-1,0,37011,131,28,65,0,0,0,0,0,0,0,0,-32309,0,0,0,0,0,195241,0
195067,-828,8052,-638,57,114,59,12781,-1,-4,-2,0,37011,131,28,65,0,0,0,0,0,0,0,0,-32309,0,0,0,0,0,195246,0
195072,-828,8076,-596,54,118,66,12781,1,1,-2,0,37014,134,28,65,0,0,0,0,0,0,0,0,-32308,0,0,0,0,0,195251,0
195077,-816,8104,-560,50,106,76,12780,0,-1,-2,0,37014,134,28,65,0,0,0,0,0,0,0,0,-32309,0,0,0,0,0,195256,0
195082,-806,8138,-550,57,106,75,12781,3,-1,-3,0,37027,136,28,65,0,0,0,0,0,0,0,0,-32309,0,0,0,0,0,195261,0
195087,-810,8166,-520,42,104,87,12782,3,3,-3,0,37027,136,28,65,0,0,0,0,0,0,0,0,-32309,0,0,0,0,0,195266,0
195092,-846,8054,-484,56,100,95,12780,-7,-1,-4,0,37039,140,28,65,0,0,0,0,0,0,0,0,-32309,0,0,0,0,0,195271,0
195097,-906,8000,-438,55,85,100,12781,3,-1,-2,0,37039,140,28,65,0,0,0,0,0,0,0,0,-32309,0,0,0,0,0,195276,0
195102,-980,7924,-338,61,81,110,12780,-1,-1,-3,0,37040,144,28,65,0,0,0,0,0,0,0,0,-32309,0,0,0,0,0,195281,0
195107,-968,7914,-276,72,65,112,12780,1,2,-1,0,37040,144,28,65,0,0,0,0,0,0,0,0,-32309,0,0,0,0,0,195286,0
195112,-1050,7892,-282,77,43,126,12782,0,3,-1,0,37026,125,28,65,0,0,0,0,0,0,0,0,-32309,0,0,0,0,0,195291,0
195117,-996,7942,-304,86,26,132,12781,7,3,-3,0,37026,125,28,65,0,0,0,0,0,0,0,0,-32309,0,0,0,0,0,195296,0
195122,-948,7970,-274,99,16,137,12781,-3,1,-3,0,37013,123,28,65,0,0,0,0,0,0,0,0,-32309,0,0,0,0,0,195301,0
195127,-818,8050,-226,101,8,145,12780,-1,-5,0,0,37013,123,28,65,0,0,0,0,0,0,0,0,-32309,0,0,0,0,0,195306,0
195132,-816,8056,-266,120,-11,158,12780,-4,-3,-3,0,37014,124,28,65,0,0,0,0,0,0,0,0,-32309,0,0,0,0,0,195311,0
195137,-646,8088,-258,128,-17,161,12781,0,1,-2,0,37014,124,28,65,0,0,0,0,0,0,0,0,-32309,0,0,0,0,0,195316,0
195142,-630,8112,-290,132,-16,164,12781,1,-1,-3,0,37013,127,28,65,0,0,0,0,0,0,0,0,-32309,0,0,0,0,0,195321,0
195147,-660,8166,-312,140,-13,165,12781,3,2,-4,0,37013,127,28,65,0,0,0,0,0,0,0,0,-32309,0,0,0,0,0,195326,0
195152,-632,8146,-340,147,0,180,12781,0,-3,-4,0,37011,137,28,65,0,0,0,0,0,0,0,0,-32309,0,0,0,0,0,195331,0
195157,-664,8096,-368,149,16,183,12780,0,-2,-2,0,37011,137,28,65,0,0,0,0,0,0,0,0,-32309,0,0,0,0,0,195336,0
195162,-658,8106,-404,151,21,191,12781,0,1,-3,0,37010,128,28,65,0,0,0,0,0,0,0,0,-32309,0,0,0,0,0,195341,0
195167,-756,8086,-472,151,33,200,12780,-5,-6,-2,0,37010,128,28,65,0,0,0,0,0,0,0,0,-32309,0,0,0,0,0,195346,0
195172,-740,8110,-520,153,61,209,12780,-5,0,-4,0,37012,129,28,65,0,0,0,0,0,0,0,0,-32309,0,0,0,0,0,195351,0
195177,-840,8098,-566,155,75,226,12780,-6,-1,-3,0,37012,129,28,65,0,0,0,0,0,0,0,0,-32309,0,0,0,0,0,195356,0
195182,-870,8092,-616,146,83,234,12780,1,0,-2,0,37013,130,28,65,0,0,0,0,0,0,0,0,-32309,0,0,0,0,0,195361,0
195187,-890,8076,-626,145,86,241,12781,0,-2,-3,0,37013,130,28,65,0,0,0,0,0,0,0,0,-32309,0,0,0,0,0,195366,0
195192,-1862,8796,-680,124,108,288,12781,4,4,-4,0,37012,124,28,65,0,0,0,0,0,0,0,0,-32309,0,0,0,0,0,195371,0
195197,-640,7860,-598,139,101,305,12780,-5,0,-1,0,37012,124,28,65,0,0,0,0,0,0,0,0,-32309,0,0,0,0,0,195376,0
195202,-462,7430,-766,121,95,285,12780,-5,1,-3,0,37009,125,28,65,0,0,0,0,0,0,0,0,-32309,0,0,0,0,0,195381,0
195207,-286,7948,-1122,123,102,296,12780,0,-3,-3,0,37009,125,28,65,0,0,0,0,0,0,0,0,-32308,0,0,0,0,0,195386,0
195212,-794,8298,-590,109,97,298,12779,-6,-5,-4,0,37009,117,28,65,0,0,0,0,0,0,0,0,-32309,0,0,0,0,0,195391,0
195217,-938,8218,-770,98,95,311,12781,5,2,-4,0,37009,117,28,65,0,0,0,0,0,0,0,0,-32309,0,0,0,0,0,195396,0
195222,-894,8184,-844,98,100,317,12780,3,4,-5,0,37008,114,28,65,0,0,0,0,0,0,0,0,-32308,0,0,0,0,0,195401,0
195227,-802,8132,-868,90,98,328,12782,1,2,-10,0,37008,114,28,65,0,0,0,0,0,0,0,0,-32309,0,0,0,0,0,195406,0
195232,-796,8126,-978,77,90,346,12783,2,5,-12,0,37011,118,28,65,0,0,0,0,0,0,0,0,-32309,0,0,0,0,0,195411,0
195237,-652,8056,-912,67,86,344,12785,9,12,-16,0,37011,118,28,65,0,0,0,0,0,0,0,0,-32309,0,0,0,0,0,195416,0
195242,-380,8058,-772,58,94,355,12786,8,6,-21,0,37015,127,28,65,0,0,0,0,0,0,0,0,-32309,0,0,0,0,0,195421,0
195247,-180,7884,-1006,72,140,360,12789,14,0,-30,0,37015,127,28,65,0,0,0,0,0,0,0,0,-32309,0,0,0,0,0,195426,0
195252,-518,8074,-740,46,207,347,12795,27,11,-44,0,37016,136,28,65,0,0,0,0,0,0,0,0,-32309,0,0,0,0,0,195431,0
195257,-282,8204,-740,37,219,353,12806,49,26,-77,0,37016,136,28,65,0,0,0,0,0,0,0,0,-32309,0,0,0,0,0,195436,0
195262,-214,8206,-792,34,239,342,12830,111,55,-144,0,37013,125,28,65,0,0,0,0,0,0,0,0,-32309,0,0,0,0,0,195441,0
195267,-18,8186,-848,35,272,346,12858,127,92,-201,0,37013,125,28,65,0,0,0,0,0,0,0,0,-32309,0,0,0,0,0,195446,0
195272,18,8312,-760,15,363,332,12889,141,103,-219,0,37016,126,28,65,0,0,0,0,0,0,0,0,-32309,0,0,0,0,0,195451,0
195277,6,8288,-746,11,396,334,12926,154,99,-256,0,37016,126,28,65,0,0,0,0,0,0,0,0,-32309,0,0,0,0,0,195456,0
195282,-38,8198,-798,6,431,327,12968,185,80,-270,0,37015,114,28,65,0,0,0,0,0,0,0,0,-32309,0,0,0,0,0,195461,0
195287,0,8136,-696,4,464,324,13016,213,70,-301,0,37015,114,28,65,0,0,0,0,0,0,0,0,-32309,0,0,0,0,0,195466,0
195292,-158,8236,-526,-7,542,318,13073,256,86,-336,0,37014,115,28,65,0,0,0,0,0,0,0,0,-32309,0,0,0,0,0,195471,0
195297,-92,8164,-602,-6,569,311,13140,304,105,-394,0,37014,115,28,65,0,0,0,0,0,0,0,0,-32309,0,0,0,0,0,195476,0
195302,-60,8174,-662,-7,609,310,13219,351,135,-488,0,37012,104,28,65,0,0,0,0,0,0,0,0,-32309,0,0,0,0,0,195481,0
195307,-106,8180,-660,-7,636,310,13306,390,149,-561,0,37012,104,28,65,0,0,0,0,0,0,0,0,-32309,0,0,0,0,0,195486,0
195312,-188,8226,-614,-15,691,305,13402,420,147,-651,0,37015,108,28,65,0,0,0,0,0,0,0,0,-32309,0,0,0,0,0,195491,0
195317,-250,8226,-562,-12,718,303,13496,421,129,-699,0,37015,108,28,65,0,0,0,0,0,0,0,0,-32309,0,0,0,0,0,195496,0
195322,-286,8238,-582,-12,731,302,13597,445,97,-743,0,37016,115,28,65,0,0,0,0,0,0,0,0,-32309,0,0,0,0,0,195501,0
195327,-300,8268,-608,-14,756,300,13702,458,68,-805,0,37016,115,28,65,0,0,0,0,0,0,0,0,-32309,0,0,0,0,0,195506,0
195332,-442,8506,-596,-18,784,298,13812,486,62,-852,0,37018,107,28,65,0,0,0,0,0,0,0,0,-32308,0,0,0,0,0,195511,0
195337,-528,8614,-568,-16,799,296,13923,493,61,-893,0,37018,107,28,65,0,0,0,0,0,0,0,0,-32309,0,0,0,0,0,195516,0
195342,-576,8722,-570,-26,804,299,14034,496,56,-911,0,37024,102,28,65,0,0,0,0,0,0,0,0,-32309,0,0,0,0,0,195521,0
195347,-660,8688,-600,-23,812,299,14147,492,27,-912,0,37024,102,28,65,0,0,0,0,0,0,0,0,-32309,0,0,0,0,0,195526,0
195352,-580,8556,-634,-28,825,309,14260,495,23,-936,0,37026,110,28,65,0,0,0,0,0,0,0,0,-32309,0,0,0,0,0,195531,0
195357,-530,8442,-606,-33,827,308,14372,489,5,-942,0,37026,110,28,65,0,0,0,0,0,0,0,0,-32308,0,0,0,0,0,195536,0
195362,-426,8358,-570,-34,830,310,14481,480,-5,-913,0,37027,101,28,65,0,0,0,0,0,0,0,0,-32309,0,0,0,0,0,195541,0
195367,-382,8252,-570,-28,839,313,14589,480,-18,-875,0,37027,101,28,65,0,0,0,0,0,0,0,0,-32308,0,0,0,0,0,195546,0
195372,-186,8128,-564,-33,844,310,14699,488,-16,-876,0,37021,98,28,65,0,0,0,0,0,0,0,0,-32309,0,0,0,0,0,195551,0
195377,-184,8106,-572,-37,847,310,14809,482,-10,-885,0,37021,98,28,65,0,0,0,0,0,0,0,0,-32309,0,0,0,0,0,195556,0
195382,-184,8062,-582,-35,851,308,14914,467,-7,-851,0,37024,100,28,65,0,0,0,0,0,0,0,0,-32310,0,0,0,0,0,195561,0
195387,-194,8060,-554,-34,850,309,15022,472,-5,-850,0,37024,100,28,65,0,0,0,0,0,0,0,0,-32309,0,0,0,0,0,195566,0
195392,-256,8040,-602,-47,848,306,15132,486,-9,-882,0,37025,103,28,65,0,0,0,0,0,0,0,0,-32308,0,0,0,0,0,195571,0
195397,-218,8072,-614,-46,851,306,15241,484,-2,-905,0,37025,103,28,65,0,0,0,0,0,0,0,0,-32308,0,0,0,0,0,195576,0
195402,-310,8124,-616,-43,849,303,15349,468,3,-873,0,37026,116,28,65,0,0,0,0,0,0,0,0,-32309,0,0,0,0,0,195581,0
195407,-318,8134,-636,-56,846,310,15458,483,3,-860,0,37026,116,28,65,0,0,0,0,0,0,0,0,-32309,0,0,0,0,0,195586,0
195412,-282,8086,-668,-63,839,307,15569,491,10,-882,0,37024,111,28,65,0,0,0,0,0,0,0,0,-32309,0,0,0,0,0,195591,0
195417,-226,8088,-670,-63,835,302,15680,490,3,-889,0,37024,111,28,65,0,0,0,0,0,0,0,0,-32309,0,0,0,0,0,195596,0
195422,-160,8112,-722,-71,831,302,15790,483,6,-884,0,37022,112,28,65,0,0,0,0,0,0,0,0,-32309,0,0,0,0,0,195601,0
195427,-222,8076,-718,-75,818,297,15897,482,5,-878,0,37022,112,28,65,0,0,0,0,0,0,0,0,-32309,0,0,0,0,0,195606,0
195432,-122,8132,-780,-84,808,292,16009,487,-1,-897,0,37024,113,28,65,0,0,0,0,0,0,0,0,-32309,0,0,0,0,0,195611,0
195437,-118,8108,-804,-96,792,290,16119,485,-1,-901,0,37024,113,28,65,0,0,0,0,0,0,0,0,-32309,0,0,0,0,0,195616,0
195442,-128,8156,-828,-103,782,281,16231,491,8,-890,0,37030,108,28,65,0,0,0,0,0,0,0,0,-32309,0,0,0,0,0,195621,0
195447,-136,8168,-772,-110,765,283,16341,493,6,-884,0,37030,108,28,65,0,0,0,0,0,0,0,0,-32309,0,0,0,0,0,195626,0
195452,-176,8130,-786,-121,734,274,16454,493,5,-901,0,37030,109,28,65,0,0,0,0,0,0,0,0,-32309,0,0,0,0,0,195631,0
195457,-210,8134,-790,-127,720,275,16568,494,11,-931,0,37030,109,28,65,0,0,0,0,0,0,0,0,-32309,0,0,0,0,0,195636,0
195462,-268,8136,-804,-140,695,271,16679,489,10,-925,0,37030,109,28,65,0,0,0,0,0,0,0,0,-32309,0,0,0,0,0,195641,0
195467,-304,8126,-770,-145,678,269,16790,485,3,-911,0,37030,109,28,65,0,0,0,0,0,0,0,0,-32309,0,0,0,0,0,195646,0
195472,-250,8214,-712,-159,643,263,16902,492,-14,-905,0,37026,106,28,65,0,0,0,0,0,0,0,0,-32308,0,0,0,0,0,195651,0
195477,-200,8254,-680,-165,617,257,17014,498,-7,-910,0,37026,106,28,65,0,0,0,0,0,0,0,0,-32308,0,0,0,0,0,195656,0
195482,-176,8268,-664,-172,597,251,17125,488,4,-908,0,37023,110,28,65,0,0,0,0,0,0,0,0,-32309,0,0,0,0,0,195661,0
195487,-170,8264,-654,-174,573,254,17238,488,-4,-897,0,37023,110,28,65,0,0,0,0,0,0,0,0,-32309,0,0,0,0,0,195666,0
195492,-240,8188,-628,-181,537,246,17350,490,5,-918,0,37022,108,28,65,0,0,0,0,0,0,0,0,-32309,0,0,0,0,0,195671,0
195497,-152,8270,-614,-187,516,238,17463,495,5,-948,0,37022,108,28,65,0,0,0,0,0,0,0,0,-32309,0,0,0,0,0,195676,0
195502,-218,8256,-590,-191,489,236,17577,498,2,-961,0,37025,106,28,65,0,0,0,0,0,0,0,0,-32309,0,0,0,0,0,195681,0
195507,-196,8260,-568,-196,481,240,17689,494,6,-939,0,37025,106,28,65,0,0,0,0,0,0,0,0,-32309,0,0,0,0,0,195686,0
195512,-294,8276,-526,-206,440,235,17804,502,5,-944,0,37025,97,28,65,0,0,0,0,0,0,0,0,-32309,0,0,0,0,0,195691,0
195517,-276,8306,-530,-209,420,231,17919,510,8,-977,0,37025,97,28,65,0,0,0,0,0,0,0,0,-32309,0,0,0,0,0,195696,0
195522,-294,8290,-514,-206,399,235,18036,507,13,-982,0,37030,87,28,65,0,0,0,0,0,0,0,0,-32309,0,0,0,0,0,195701,0
195527,-340,8208,-476,-207,377,238,18150,506,9,-980,0,37030,87,28,65,0,0,0,0,0,0,0,0,-32309,0,0,0,0,0,195706,0
195532,-418,8120,-438,-209,346,233,18267,515,10,-1008,0,37030,86,28,65,0,0,0,0,0,0,0,0,-32309,0,0,0,0,0,195711,0
195537,-366,8102,-392,-212,326,236,18384,518,4,-1048,0,37030,86,28,65,0,0,0,0,0,0,0,0,-32309,0,0,0,0,0,195716,0
195542,-376,8044,-428,-209,306,244,18502,515,6,-1029,0,37030,101,28,65,0,0,0,0,0,0,0,0,-32308,0,0,0,0,0,195721,0
195547,-314,8020,-420,-212,291,244,18620,519,12,-1014,0,37030,101,28,65,0,0,0,0,0,0,0,0,-32308,0,0,0,0,0,195726,0
195552,-286,7976,-430,-212,257,247,18737,514,14,-1028,0,37030,109,28,65,0,0,0,0,0,0,0,0,-32309,0,0,0,0,0,195731,0
195557,-264,7980,-386,-208,244,256,18858,526,3,-1043,0,37030,109,28,65,0,0,0,0,0,0,0,0,-32309,0,0,0,0,0,195736,0
195562,-290,7966,-336,-207,229,256,18975,509,0,-1033,0,37027,107,28,65,0,0,0,0,0,0,0,0,-32309,0,0,0,0,0,195741,0
195567,-336,7926,-308,-209,215,262,19090,504,-4,-1010,0,37027,107,28,65,0,0,0,0,0,0,0,0,-32309,0,0,0,0,0,195746,0
195572,-270,7956,-312,-213,195,270,19204,500,-13,-994,0,37028,113,28,65,0,0,0,0,0,0,0,0,-32309,0,0,0,0,0,195751,0
195577,-202,8002,-306,-206,182,272,19322,513,-12,-991,0,37028,113,28,65,0,0,0,0,0,0,0,0,-32309,0,0,0,0,0,195756,0
195582,-126,8084,-312,-203,178,270,19438,509,-5,-994,0,37025,110,28,65,0,0,0,0,0,0,0,0,-32308,0,0,0,0,0,195761,0
195587,-128,8098,-310,-206,174,276,19555,512,9,-994,0,37025,110,28,65,0,0,0,0,0,0,0,0,-32310,0,0,0,0,0,195766,0
195592,-58,8218,-244,-205,164,276,19675,523,8,-1020,0,37025,108,28,65,0,0,0,0,0,0,0,0,-32309,0,0,0,0,0,195771,0
195597,-20,8186,-282,-196,158,273,19794,527,15,-1047,0,37025,108,28,65,0,0,0,0,0,0,0,0,-32308,0,0,0,0,0,195776,0
195602,-4,8150,-212,-204,156,276,19913,521,10,-1045,0,37024,101,28,65,0,0,0,0,0,0,0,0,-32308,0,0,0,0,0,195781,0
195607,-40,8110,-204,-199,156,276,20031,519,8,-1037,0,37024,101,28,65,0,0,0,0,0,0,0,0,-32308,0,0,0,0,0,195786,0
195612,-14,8130,-224,-185,151,269,20153,535,8,-1059,0,37024,96,28,65,0,0,0,0,0,0,0,0,-32308,0,0,0,0,0,195791,0
195617,-42,8164,-210,-190,155,270,20273,523,9,-1069,0,37024,96,28,65,0,0,0,0,0,0,0,0,-32309,0,0,0,0,0,195796,0
195622,-48,8146,-226,-185,146,275,20393,522,6,-1031,0,37024,99,28,65,0,0,0,0,0,0,0,0,-32310,0,0,0,0,0,195801,0
195627,-84,8162,-264,-185,147,269,20513,524,2,-1021,0,37024,99,28,65,0,0,0,0,0,0,0,0,-32309,0,0,0,0,0,195806,0
195632,-44,8278,-296,-185,122,267,20632,528,0,-1051,0,37025,100,28,65,0,0,0,0,0,0,0,0,-32309,0,0,0,0,0,195811,0
195637,-172,8290,-276,-188,109,270,20754,528,0,-1065,0,37025,100,28,65,0,0,0,0,0,0,0,0,-32309,0,0,0,0,0,195816,0
195642,-32,8352,-258,-183,101,262,20873,531,5,-1042,0,37026,97,28,65,0,0,0,0,0,0,0,0,-32308,0,0,0,0,0,195821,0
195647,-2,8318,-242,-179,83,262,20996,537,13,-1064,0,37026,97,28,65,0,0,0,0,0,0,0,0,-32309,0,0,0,0,0,195826,0
195652,-26,8244,-246,-180,56,253,21121,551,11,-1102,0,37031,97,28,65,0,0,0,0,0,0,0,0,-32310,0,0,0,0,0,195831,0
195657,-60,8174,-214,-177,36,250,21245,549,18,-1105,0,37031,97,28,65,0,0,0,0,0,0,0,0,-32309,0,0,0,0,0,195836,0
195662,-194,8138,-212,-178,18,254,21369,542,18,-1115,0,37030,91,28,65,0,0,0,0,0,0,0,0,-32309,0,0,0,0,0,195841,0
195667,-200,8070,-204,-179,-2,253,21493,546,6,-1133,0,37030,91,28,65,0,0,0,0,0,0,0,0,-32309,0,0,0,0,0,195846,0
195672,-246,7990,-232,-175,-47,258,21617,547,1,-1116,0,37028,83,28,65,0,0,0,0,0,0,0,0,-32308,0,0,0,0,0,195851,0
195677,-332,7954,-216,-176,-72,263,21738,536,-7,-1078,0,37028,83,28,65,0,0,0,0,0,0,0,0,-32309,0,0,0,0,0,195856,0
195682,-290,8012,-254,-181,-96,268,21859,533,-9,-1056,0,37026,90,28,65,0,0,0,0,0,0,0,0,-32309,0,0,0,0,0,195861,0
195687,-288,8030,-214,-174,-120,272,21979,528,-12,-1064,0,37026,90,28,65,0,0,0,0,0,0,0,0,-32309,0,0,0,0,0,195866,0
195692,-240,8064,-214,-178,-174,281,22099,526,-15,-1083,0,37027,96,28,65,0,0,0,0,0,0,0,0,-32309,0,0,0,0,0,195871,0
195697,-196,8082,-186,-176,-192,283,22219,521,-10,-1065,0,37027,96,28,65,0,0,0,0,0,0,0,0,-32309,0,0,0,0,0,195876,0
195702,-230,8050,-230,-180,-213,284,22338,519,-8,-1050,0,37025,106,28,65,0,0,0,0,0,0,0,0,-32308,0,0,0,0,0,195881,0
195707,-200,8042,-220,-174,-238,283,22458,535,-4,-1045,0,37025,106,28,65,0,0,0,0,0,0,0,0,-32308,0,0,0,0,0,195886,0
195712,-160,8012,-248,-171,-275,296,22578,532,1,-1050,0,37022,110,28,65,0,0,0,0,0,0,0,0,-32309,0,0,0,0,0,195891,0
195717,-152,8000,-196,-168,-280,300,22696,516,-3,-1022,0,37022,110,28,65,0,0,0,0,0,0,0,0,-32309,0,0,0,0,0,195896,0
195722,-126,7968,-154,-175,-286,310,22813,511,-4,-1009,0,37020,103,28,65,0,0,0,0,0,0,0,0,-32309,0,0,0,0,0,195901,0
195727,-126,7962,-184,-173,-296,312,22928,510,-13,-1008,0,37020,103,28,65,0,0,0,0,0,0,0,0,-32309,0,0,0,0,0,195906,0
195732,30,7932,-180,-167,-295,315,23041,493,-22,-978,0,37019,102,28,65,0,0,0,0,0,0,0,0,-32309,0,0,0,0,0,195911,0
195737,50,7972,-190,-173,-294,321,23151,482,-33,-903,0,37019,102,28,65,0,0,0,0,0,0,0,0,-32308,0,0,0,0,0,195916,0
195742,146,8038,-176,-169,-292,325,23260,481,-35,-872,0,37019,101,28,65,0,0,0,0,0,0,0,0,-32309,0,0,0,0,0,195921,0
195747,248,8084,-166,-169,-284,322,23370,488,-26,-875,0,37019,101,28,65,0,0,0,0,0,0,0,0,-32309,0,0,0,0,0,195926,0
195752,390,8208,-150,-175,-262,318,23477,467,-23,-860,0,37022,104,28,65,0,0,0,0,0,0,0,0,-32309,0,0,0,0,0,195931,0
195757,394,8190,-174,-173,-250,315,23584,463,-12,-833,0,37022,104,28,65,0,0,0,0,0,0,0,0,-32309,0,0,0,0,0,195936,0
195762,362,8206,-176,-167,-230,306,23689,468,-15,-823,0,37025,115,28,65,0,0,0,0,0,0,0,0,-32310,0,0,0,0,0,195941,0
195767,396,8224,-176,-164,-221,301,23794,464,-15,-847,0,37025,115,28,65,0,0,0,0,0,0,0,0,-32309,0,0,0,0,0,195946,0
195772,448,8324,-176,-167,-191,291,23900,464,-14,-841,0,37029,118,28,65,0,0,0,0,0,0,0,0,-32308,0,0,0,0,0,195951,0
195777,472,8306,-132,-167,-175,283,24004,451,-6,-800,0,37029,118,28,65,0,0,0,0,0,0,0,0,-32308,0,0,0,0,0,195956,0
195782,524,8340,-166,-165,-159,282,24110,465,0,-793,0,37031,108,28,65,0,0,0,0,0,0,0,0,-32309,0,0,0,0,0,195961,0
195787,494,8296,-142,-169,-140,270,24214,466,-6,-799,0,37031,108,28,65,0,0,0,0,0,0,0,0,-32309,0,0,0,0,0,195966,0
195792,488,8278,-174,-170,-112,261,24320,468,-2,-803,0,37025,108,28,65,0,0,0,0,0,0,0,0,-32310,0,0,0,0,0,195971,0
195797,426,8250,-158,-174,-96,256,24421,444,-7,-788,0,37025,108,28,65,0,0,0,0,0,0,0,0,-32309,0,0,0,0,0,195976,0
195802,400,8208,-150,-172,-85,250,24524,454,-9,-772,0,37022,104,28,65,0,0,0,0,0,0,0,0,-32308,0,0,0,0,0,195981,0
195807,374,8158,-142,-173,-73,247,24625,445,-16,-788,0,37022,104,28,65,0,0,0,0,0,0,0,0,-32309,0,0,0,0,0,195986,0
195812,410,8142,-112,-177,-57,234,24728,457,-9,-786,0,37018,107,28,65,0,0,0,0,0,0,0,0,-32309,0,0,0,0,0,195991,0
195817,388,8114,-68,-174,-49,234,24832,457,-3,-779,0,37018,107,28,65,0,0,0,0,0,0,0,0,-32309,0,0,0,0,0,195996,0
195822,354,8108,-84,-172,-47,228,24936,450,8,-768,0,37017,107,28,65,0,0,0,0,0,0,0,0,-32309,0,0,0,0,0,196001,0
195827,374,8120,-86,-170,-40,224,25040,454,0,-766,0,37017,107,28,65,0,0,0,0,0,0,0,0,-32309,0,0,0,0,0,196006,0
195832,272,8032,-38,-167,-38,227,25143,461,0,-789,0,37019,102,28,65,0,0,0,0,0,0,0,0,-32310,0,0,0,0,0,196011,0
195837,210,8038,-34,-171,-35,219,25247,456,0,-799,0,37019,102,28,65,0,0,0,0,0,0,0,0,-32309,0,0,0,0,0,196016,0
195842,248,8030,-54,-168,-40,220,25350,456,-3,-800,0,37020,107,28,65,0,0,0,0,0,0,0,0,-32309,0,0,0,0,0,196021,0
195847,210,8014,-74,-167,-44,223,25451,441,-5,-772,0,37020,107,28,65,0,0,0,0,0,0,0,0,-32308,0,0,0,0,0,196026,0
195852,120,7980,-26,-168,-54,230,25552,450,-9,-756,0,37019,110,28,65,0,0,0,0,0,0,0,0,-32308,0,0,0,0,0,196031,0
195857,218,8040,-66,-170,-61,230,25654,449,-13,-758,0,37019,110,28,65,0,0,0,0,0,0,0,0,-32308,0,0,0,0,0,196036,0
195862,228,8048,-8,-167,-58,228,25753,432,-9,-733,0,37025,101,28,65,0,0,0,0,0,0,0,0,-32309,0,0,0,0,0,196041,0
195867,204,8040,-54,-170,-62,226,25850,420,-15,-699,0,37025,101,28,65,0,0,0,0,0,0,0,0,-32309,0,0,0,0,0,196046,0
195872,228,8102,-64,-168,-66,228,25944,414,-19,-697,0,37026,101,28,65,0,0,0,0,0,0,0,0,-32309,0,0,0,0,0,196051,0
195877,252,8154,-70,-170,-64,227,26043,427,-26,-710,0,37026,101,28,65,0,0,0,0,0,0,0,0,-32309,0,0,0,0,0,196056,0
195882,332,8172,-66,-166,-63,226,26140,433,-13,-729,0,37026,108,28,65,0,0,0,0,0,0,0,0,-32309,0,0,0,0,0,196061,0
195887,310,8176,-46,-174,-64,226,26234,412,0,-705,0,37026,108,28,65,0,0,0,0,0,0,0,0,-32309,0,0,0,0,0,196066,0
195892,314,8170,6,-170,-49,231,26328,402,-6,-672,0,37019,116,28,65,0,0,0,0,0,0,0,0,-32308,0,0,0,0,0,196071,0
195897,298,8164,-22,-166,-34,224,26423,419,-12,-667,0,37019,116,28,65,0,0,0,0,0,0,0,0,-32308,0,0,0,0,0,196076,0
195902,320,8108,-32,-171,-32,228,26520,426,-7,-682,0,37017,123,28,65,0,0,0,0,0,0,0,0,-32309,0,0,0,0,0,196081,0
195907,358,8160,14,-171,-14,225,26614,418,-2,-685,0,37017,123,28,65,0,0,0,0,0,0,0,0,-32309,0,0,0,0,0,196086,0
195912,368,8146,54,-172,-6,228,26707,410,1,-669,0,37019,122,28,65,0,0,0,0,0,0,0,0,-32309,0,0,0,0,0,196091,0
195917,300,8148,76,-163,8,227,26796,398,-12,-641,0,37019,122,28,65,0,0,0,0,0,0,0,0,-32309,0,0,0,0,0,196096,0
195922,282,8106,122,-165,16,222,26869,399,-19,-651,0,37018,111,28,65,0,0,0,0,0,0,0,0,-32309,0,0,0,0,0,196101,0
195927,300,8084,106,-161,26,226,26961,402,-18,-652,0,37018,111,28,65,0,0,0,0,0,0,0,0,-32308,0,0,0,0,0,196106,0
195932,390,8122,88,-157,39,226,27048,385,-14,-633,0,37017,112,28,65,0,0,0,0,0,0,0,0,-32309,0,0,0,0,0,196111,0
195937,382,8126,132,-157,45,223,27138,382,-5,-598,0,37017,112,28,65,0,0,0,0,0,0,0,0,-32308,0,0,0,0,0,196116,0
195942,380,8130,118,-151,52,220,27225,385,-14,-585,0,37016,109,28,65,0,0,0,0,0,0,0,0,-32308,0,0,0,0,0,196121,0
195947,430,8140,156,-147,54,217,27311,382,-15,-583,0,37016,109,28,65,0,0,0,0,0,0,0,0,-32308,0,0,0,0,0,196126,0
195952,448,8128,148,-139,60,213,27398,383,-7,-592,0,37016,106,28,65,0,0,0,0,0,0,0,0,-32309,0,0,0,0,0,196131,0
195957,416,8088,196,-138,65,210,27485,385,-7,-600,0,37016,106,28,65,0,0,0,0,0,0,0,0,-32309,0,0,0,0,0,196136,0
195962,348,8074,248,-137,58,209,27569,375,-5,-578,0,37020,102,28,65,0,0,0,0,0,0,0,0,-32309,0,0,0,0,0,196141,0
195967,336,8070,258,-130,52,212,27652,365,-13,-565,0,37020,102,28,65,0,0,0,0,0,0,0,0,-32309,0,0,0,0,0,196146,0
195972,338,8020,278,-120,36,207,27733,364,-14,-559,0,37020,104,28,65,0,0,0,0,0,0,0,0,-32309,0,0,0,0,0,196151,0
195977,356,8020,240,-118,25,202,27814,358,-18,-545,0,37020,104,28,65,0,0,0,0,0,0,0,0,-32309,0,0,0,0,0,196156,0
195982,370,8050,240,-112,10,194,27896,363,-14,-532,0,37021,115,28,65,0,0,0,0,0,0,0,0,-32309,0,0,0,0,0,196161,0
195987,358,8024,250,-107,-8,195,27978,361,-3,-530,0,37021,115,28,65,0,0,0,0,0,0,0,0,-32308,0,0,0,0,0,196166,0
195992,390,8022,266,-102,-40,194,28056,337,-3,-514,0,37021,121,28,65,0,0,0,0,0,0,0,0,-32308,0,0,0,0,0,196171,0
195997,400,7992,240,-91,-55,184,28133,334,-13,-495,0,37021,121,28,65,0,0,0,0,0,0,0,0,-32309,0,0,0,0,0,196176,0
196002,408,8022,252,-90,-68,185,28211,343,-16,-507,0,37015,108,28,65,0,0,0,0,0,0,0,0,-32309,0,0,0,0,0,196181,0
196007,402,8020,274,-82,-85,181,28288,341,-13,-517,0,37015,108,28,65,0,0,0,0,0,0,0,0,-32309,0,0,0,0,0,196186,0
196012,490,7984,252,-82,-102,174,28368,351,-4,-515,0,37013,111,28,65,0,0,0,0,0,0,0,0,-32309,0,0,0,0,0,196191,0
196017,496,8102,274,-80,-117,167,28446,342,6,-522,0,37013,111,28,65,0,0,0,0,0,0,0,0,-32308,0,0,0,0,0,196196,0
196022,494,8012,176,-62,-124,167,28522,326,1,-512,0,37016,113,28,65,0,0,0,0,0,0,0,0,-32309,0,0,0,0,0,196202,0
196027,450,8002,204,-73,-134,165,28597,327,-13,-478,0,37016,113,28,65,0,0,0,0,0,0,0,0,-32309,0,0,0,0,0,196207,0
196032,398,8096,240,-65,-146,159,28672,335,-18,-467,0,37018,107,28,65,0,0,0,0,0,0,0,0,-32309,0,0,0,0,0,196212,0
196037,470,8144,202,-53,-155,153,28750,349,-7,-480,0,37018,107,28,65,0,0,0,0,0,0,0,0,-32309,0,0,0,0,0,196217,0
196042,524,8200,230,-56,-155,144,28830,350,11,-511,0,37019,107,28,65,0,0,0,0,0,0,0,0,-32309,0,0,0,0,0,196222,0
196047,554,8284,186,-55,-162,142,28907,342,19,-495,0,37019,107,28,65,0,0,0,0,0,0,0,0,-32309,0,0,0,0,0,196227,0
196052,452,8314,190,-53,-165,130,28984,337,7,-491,0,37018,108,28,65,0,0,0,0,0,0,0,0,-32309,0,0,0,0,0,196232,0
196057,374,8326,184,-49,-170,133,29060,330,-3,-495,0,37018,108,28,65,0,0,0,0,0,0,0,0,-32309,0,0,0,0,0,196237,0
196062,436,8316,132,-47,-171,121,29135,343,-16,-489,0,37016,116,28,65,0,0,0,0,0,0,0,0,-32309,0,0,0,0,0,196242,0
196067,460,8310,158,-44,-178,117,29215,353,1,-518,0,37016,116,28,65,0,0,0,0,0,0,0,0,-32309,0,0,0,0,0,196247,0
196072,486,8242,206,-46,-186,112,29297,360,14,-539,0,37014,115,28,65,0,0,0,0,0,0,0,0,-32309,0,0,0,0,0,196252,0
196077,436,8208,222,-42,-191,106,29374,343,20,-522,0,37014,115,28,65,0,0,0,0,0,0,0,0,-32308,0,0,0,0,0,196257,0
196082,418,8186,186,-47,-199,109,29451,341,7,-489,0,37014,113,28,65,0,0,0,0,0,0,0,0,-32308,0,0,0,0,0,196262,0
196087,416,8090,174,-41,-200,103,29529,347,-14,-485,0,37014,113,28,65,0,0,0,0,0,0,0,0,-32308,0,0,0,0,0,196267,0
196092,488,8036,146,-37,-210,102,29607,340,-8,-509,0,37013,109,28,65,0,0,0,0,0,0,0,0,-32309,0,0,0,0,0,196272,0
196097,522,8022,200,-31,-217,96,29687,350,0,-503,0,37013,109,28,65,0,0,0,0,0,0,0,0,-32309,0,0,0,0,0,196277,0
196102,542,8030,182,-37,-219,97,29766,350,0,-517,0,37013,117,28,65,0,0,0,0,0,0,0,0,-32309,0,0,0,0,0,196282,0
196107,522,8026,196,-31,-226,94,29842,328,0,-511,0,37013,117,28,65,0,0,0,0,0,0,0,0,-32309,0,0,0,0,0,196287,0
196112,392,8002,120,-30,-228,97,29917,329,-15,-479,0,37013,111,28,65,0,0,0,0,0,0,0,0,-32309,0,0,0,0,0,196292,0
196117,402,8000,118,-29,-227,91,29993,339,-19,-491,0,37013,111,28,65,0,0,0,0,0,0,0,0,-32309,0,0,0,0,0,196297,0
196122,416,8048,132,-28,-239,89,30069,334,-9,-509,0,37013,108,28,65,0,0,0,0,0,0,0,0,-32309,0,0,0,0,0,196302,0
196127,434,8078,116,-33,-234,96,30145,335,-3,-512,0,37013,108,28,65,0,0,0,0,0,0,0,0,-32309,0,0,0,0,0,196307,0
196132,392,8108,128,-29,-242,96,30223,343,9,-498,0,37015,111,28,65,0,0,0,0,0,0,0,0,-32309,0,0,0,0,0,196312,0
196137,384,8128,112,-30,-240,96,30300,343,6,-481,0,37015,111,28,65,0,0,0,0,0,0,0,0,-32308,0,0,0,0,0,196317,0
196142,384,8140,124,-32,-240,98,30375,331,-2,-489,0,37016,104,28,65,0,0,0,0,0,0,0,0,-32309,0,0,0,0,0,196322,0
196147,360,8094,108,-38,-242,97,30448,322,-8,-466,0,37016,104,28,65,0,0,0,0,0,0,0,0,-32309,0,0,0,0,0,196327,0
196152,418,8116,114,-34,-229,100,30525,336,-7,-482,0,37013,113,28,65,0,0,0,0,0,0,0,0,-32309,0,0,0,0,0,196332,0
196157,436,8142,118,-39,-220,99,30600,332,-3,-498,0,37013,113,28,65,0,0,0,0,0,0,0,0,-32309,0,0,0,0,0,196337,0
196162,432,8126,88,-37,-220,105,30674,330,-3,-496,0,37013,118,28,65,0,0,0,0,0,0,0,0,-32309,0,0,0,0,0,196342,0
196167,430,8136,94,-44,-211,102,30748,327,-3,-484,0,37013,118,28,65,0,0,0,0,0,0,0,0,-32309,0,0,0,0,0,196347,0
196172,464,8144,68,-40,-196,109,30822,328,-4,-481,0,37014,108,28,65,0,0,0,0,0,0,0,0,-32309,0,0,0,0,0,196352,0
196177,448,8128,42,-45,-184,105,30891,304,-16,-479,0,37014,108,28,65,0,0,0,0,0,0,0,0,-32308,0,0,0,0,0,196357,0
196182,498,8112,20,-44,-176,107,30961,312,-17,-452,0,37018,117,28,65,0,0,0,0,0,0,0,0,-32309,0,0,0,0,0,196362,0
196187,468,8152,52,-61,-167,104,31033,316,-14,-449,0,37018,117,28,65,0,0,0,0,0,0,0,0,-32309,0,0,0,0,0,196367,0
196192,586,8230,16,-57,-147,98,31107,324,2,-470,0,37019,122,28,65,0,0,0,0,0,0,0,0,-32309,0,0,0,0,0,196372,0
196197,606,8336,14,-68,-139,104,31181,319,13,-471,0,37019,122,28,65,0,0,0,0,0,0,0,0,-32309,0,0,0,0,0,196377,0
196202,522,8302,18,-62,-125,99,31251,307,7,-444,0,37018,126,28,65,0,0,0,0,0,0,0,0,-32309,0,0,0,0,0,196382,0
196207,458,8294,36,-65,-113,98,31320,301,-8,-446,0,37018,126,28,65,0,0,0,0,0,0,0,0,-32309,0,0,0,0,0,196387,0
196212,406,8238,42,-70,-103,104,31390,304,-19,-462,0,37013,131,28,65,0,0,0,0,0,0,0,0,-32309,0,0,0,0,0,196392,0
196217,350,8240,52,-79,-102,97,31458,298,-49,-449,0,37013,131,28,65,0,0,0,0,0,0,0,0,-32309,0,0,0,0,0,196397,0
196222,376,8250,82,-76,-100,102,31532,325,-31,-468,0,37012,118,28,65,0,0,0,0,0,0,0,0,-32309,0,0,0,0,0,196402,0
196227,356,8208,122,-81,-101,101,31605,319,0,-480,0,37012,118,28,65,0,0,0,0,0,0,0,0,-32309,0,0,0,0,0,196407,0
196232,222,8196,184,-90,-106,105,31674,300,29,-474,0,37012,117,28,65,0,0,0,0,0,0,0,0,-32309,0,0,0,0,0,196412,0
196237,288,8098,196,-91,-113,112,31742,295,12,-431,0,37012,117,28,65,0,0,0,0,0,0,0,0,-32309,0,0,0,0,0,196417,0
196242,244,8118,146,-95,-111,111,31811,298,15,-417,0,37013,124,28,65,0,0,0,0,0,0,0,0,-32309,0,0,0,0,0,196422,0
196247,312,8078,90,-97,-118,111,31882,309,-17,-437,0,37013,124,28,65,0,0,0,0,0,0,0,0,-32308,0,0,0,0,0,196427,0
196252,358,8088,152,-91,-130,112,31953,313,-3,-454,0,37009,116,28,65,0,0,0,0,0,0,0,0,-32309,0,0,0,0,0,196432,0
196257,322,8042,134,-100,-126,117,32023,313,12,-443,0,37009,116,28,65,0,0,0,0,0,0,0,0,-32309,0,0,0,0,0,196437,0
196262,374,8046,146,-100,-135,123,32092,296,2,-440,0,37000,112,28,65,0,0,0,0,0,0,0,0,-32309,0,0,0,0,0,196442,0
196267,338,8038,168,-98,-130,128,32159,290,-6,-436,0,37000,112,28,65,0,0,0,0,0,0,0,0,-32309,0,0,0,0,0,196447,0
196272,364,7974,180,-101,-132,136,32219,271,-25,-414,0,36990,112,28,65,0,0,0,0,0,0,0,0,-32308,0,0,0,0,0,196451,0
196277,336,8000,174,-107,-127,133,32285,287,-33,-404,0,36990,112,28,65,0,0,0,0,0,0,0,0,-32309,0,0,0,0,0,196456,0
196282,330,8002,188,-104,-127,132,32350,281,-26,-419,0,36984,111,28,65,0,0,0,0,0,0,0,0,-32308,0,0,0,0,0,196465,0
196287,382,8052,200,-111,-130,137,32414,285,-3,-432,0,36984,111,28,65,0,0,0,0,0,0,0,0,-32309,0,0,0,0,0,196466,0
196292,488,8084,226,-105,-131,144,32475,271,0,-418,0,36990,121,28,65,0,0,0,0,0,0,0,0,-32308,0,0,0,0,0,196471,0
196297,448,8074,224,-102,-124,148,32535,260,-14,-370,0,36990,121,28,65,0,0,0,0,0,0,0,0,-32308,0,0,0,0,0,196476,0
196302,428,8042,222,-103,-121,149,32589,240,-31,-341,0,36994,114,28,65,0,0,0,0,0,0,0,0,-32308,0,0,0,0,0,196480,0
196307,480,8106,238,-112,-119,147,32643,230,-36,-334,0,36994,114,28,65,0,0,0,0,0,0,0,0,-32308,0,0,0,0,0,196486,0
196312,506,8154,218,-110,-107,149,32696,226,-41,-337,0,36998,108,28,65,0,0,0,0,0,0,0,0,-32309,0,0,0,0,0,196490,0
196317,570,8224,208,-110,-97,148,32749,235,-31,-322,0,36998,108,28,65,0,0,0,0,0,0,0,0,-32309,0,0,0,0,0,196495,0
196322,610,8238,228,-110,-91,150,32799,227,-17,-315,0,36998,110,28,65,0,0,0,0,0,0,0,0,-32309,0,0,0,0,0,196500,0
196327,656,8266,224,-114,-81,144,32851,226,-13,-318,0,36998,110,28,65,0,0,0,0,0,0,0,0,-32309,0,0,0,0,0,196505,0
196332,696,8254,214,-117,-58,140,32902,223,-11,-333,0,37002,110,28,65,0,0,0,0,0,0,0,0,-32309,0,0,0,0,0,196510,0
196337,684,8222,224,-115,-49,138,32949,204,-7,-331,0,37002,110,28,65,0,0,0,0,0,0,0,0,-32309,0,0,0,0,0,196515,0
196342,614,8190,220,-118,-41,134,32993,193,-21,-298,0,37007,113,28,65,0,0,0,0,0,0,0,0,-32309,0,0,0,0,0,196520,0
196347,616,8154,226,-115,-31,132,33037,198,-27,-284,0,37007,113,28,65,0,0,0,0,0,0,0,0,-32308,0,0,0,0,0,196525,0
196352,640,8224,262,-119,-12,121,33082,199,-26,-288,0,37012,114,28,65,0,0,0,0,0,0,0,0,-32309,0,0,0,0,0,196530,0
196357,764,8248,218,-120,-16,124,33126,193,-22,-287,0,37012,114,28,65,0,0,0,0,0,0,0,0,-32308,0,0,0,0,0,196535,0
196362,786,8204,196,-121,-4,118,33167,177,-7,-287,0,37022,119,28,65,0,0,0,0,0,0,0,0,-32309,0,0,0,0,0,196540,0
196367,746,8222,188,-130,2,109,33209,189,-8,-296,0,37022,119,28,65,0,0,0,0,0,0,0,0,-32308,0,0,0,0,0,196545,0
196372,702,8280,166,-133,22,110,33250,176,-21,-283,0,37021,120,28,65,0,0,0,0,0,0,0,0,-32309,0,0,0,0,0,196550,0
196377,746,8268,154,-134,27,105,33291,180,-12,-270,0,37021,120,28,65,0,0,0,0,0,0,0,0,-32309,0,0,0,0,0,196555,0
196382,790,8262,134,-132,37,90,33335,204,2,-277,0,37021,124,28,65,0,0,0,0,0,0,0,0,-32310,0,0,0,0,0,196560,0
196387,718,8254,150,-138,42,92,33382,203,14,-283,0,37021,124,28,65,0,0,0,0,0,0,0,0,-32310,0,0,0,0,0,196565,0
196392,548,8208,188,-147,48,84,33426,196,19,-286,0,37018,118,28,65,0,0,0,0,0,0,0,0,-32309,0,0,0,0,0,196570,0
196397,532,8184,254,-148,45,84,33472,202,19,-290,0,37018,118,28,65,0,0,0,0,0,0,0,0,-32309,0,0,0,0,0,196575,0
196402,524,8182,192,-151,44,85,33514,187,1,-277,0,37018,125,28,65,0,0,0,0,0,0,0,0,-32309,0,0,0,0,0,196580,0
196407,320,8086,230,-154,42,79,33555,178,-14,-262,0,37018,125,28,65,0,0,0,0,0,0,0,0,-32309,0,0,0,0,0,196585,0
196412,424,8094,276,-163,21,88,33598,185,-20,-264,0,37016,124,28,65,0,0,0,0,0,0,0,0,-32309,0,0,0,0,0,196590,0
196417,310,7990,272,-157,12,80,33641,193,-6,-278,0,37016,124,28,65,0,0,0,0,0,0,0,0,-32309,0,0,0,0,0,196595,0
196422,496,8072,404,-167,-4,89,33686,189,2,-292,0,37010,116,28,65,0,0,0,0,0,0,0,0,-32309,0,0,0,0,0,196600,0
196427,470,8126,238,-169,-10,88,33727,183,3,-289,0,37010,116,28,65,0,0,0,0,0,0,0,0,-32309,0,0,0,0,0,196605,0
196432,444,8086,320,-178,-31,93,33767,181,-5,-276,0,37008,118,28,65,0,0,0,0,0,0,0,0,-32309,0,0,0,0,0,196610,0
196437,454,8004,240,-170,-44,93,33811,194,-5,-282,0,37008,118,28,65,0,0,0,0,0,0,0,0,-32309,0,0,0,0,0,196615,0
196442,506,8076,354,-176,-50,88,33856,200,-5,-286,0,37008,111,28,65,0,0,0,0,0,0,0,0,-32309,0,0,0,0,0,196620,0
196447,486,8048,364,-167,-63,97,33897,186,7,-278,0,37008,111,28,65,0,0,0,0,0,0,0,0,-32309,0,0,0,0,0,196625,0
196452,312,8004,360,-177,-74,103,33937,170,0,-268,0,37008,108,28,65,0,0,0,0,0,0,0,0,-32309,0,0,0,0,0,196630,0
196457,252,8012,368,-180,-93,101,33972,165,-18,-263,0,37008,108,28,65,0,0,0,0,0,0,0,0,-32309,0,0,0,0,0,196635,0
196462,248,8034,414,-181,-104,115,34005,139,-36,-251,0,37008,116,28,65,0,0,0,0,0,0,0,0,-32308,0,0,0,0,0,196640,0
196467,212,8028,352,-174,-112,113,34039,157,-37,-231,0,37008,116,28,65,0,0,0,0,0,0,0,0,-32308,0,0,0,0,0,196645,0
196472,236,8102,402,-181,-138,126,34071,138,-26,-225,0,37009,116,28,65,0,0,0,0,0,0,0,0,-32309,0,0,0,0,0,196650,0
196477,316,8246,372,-183,-155,129,34110,165,-4,-230,0,37009,116,28,65,0,0,0,0,0,0,0,0,-32308,0,0,0,0,0,196655,0
196482,350,8256,304,-188,-164,129,34145,152,1,-222,0,37009,106,28,65,0,0,0,0,0,0,0,0,-32309,0,0,0,0,0,196660,0
196487,364,8246,330,-190,-170,131,34182,173,21,-226,0,37009,106,28,65,0,0,0,0,0,0,0,0,-32308,0,0,0,0,0,196665,0
196492,458,8292,332,-193,-195,126,34220,171,5,-245,0,37010,112,28,65,0,0,0,0,0,0,0,0,-32309,0,0,0,0,0,196670,0
196497,450,8282,374,-196,-211,136,34261,174,17,-268,0,37010,112,28,65,0,0,0,0,0,0,0,0,-32309,0,0,0,0,0,196675,0
196502,452,8298,280,-198,-222,136,34299,176,16,-252,0,37016,121,28,65,0,0,0,0,0,0,0,0,-32308,0,0,0,0,0,196680,0
196507,340,8292,344,-207,-228,143,34335,156,11,-232,0,37016,121,28,65,0,0,0,0,0,0,0,0,-32309,0,0,0,0,0,196685,0
196512,164,8276,322,-215,-243,153,34373,168,-12,-236,0,37015,125,28,65,0,0,0,0,0,0,0,0,-32309,0,0,0,0,0,196690,0
196517,84,8240,238,-210,-249,153,34407,148,-14,-237,0,37015,125,28,65,0,0,0,0,0,0,0,0,-32309,0,0,0,0,0,196695,0
196522,160,8206,256,-215,-266,159,34444,155,-9,-240,0,37014,119,28,65,0,0,0,0,0,0,0,0,-32309,0,0,0,0,0,196700,0
196527,184,8418,342,-235,-276,177,34474,129,-21,-226,0,37014,119,28,65,0,0,0,0,0,0,0,0,-32309,0,0,0,0,0,196705,0
196532,-16,8256,296,-230,-287,187,34505,132,-16,-225,0,37008,111,28,65,0,0,0,0,0,0,0,0,-32309,0,0,0,0,0,196710,0
196537,38,8284,292,-239,-296,198,34532,119,-36,-199,0,37008,111,28,65,0,0,0,0,0,0,0,0,-32309,0,0,0,0,0,196715,0
196542,130,8316,354,-244,-303,202,34564,142,-20,-215,0,37009,119,28,65,0,0,0,0,0,0,0,0,-32309,0,0,0,0,0,196720,0
196547,158,8296,228,-251,-314,219,34594,129,-9,-207,0,37009,119,28,65,0,0,0,0,0,0,0,0,-32308,0,0,0,0,0,196725,0
196552,220,8350,232,-269,-335,224,34626,136,4,-211,0,37011,126,28,65,0,0,0,0,0,0,0,0,-32309,0,0,0,0,0,196730,0
196557,198,8322,262,-264,-343,236,34654,116,0,-197,0,37011,126,28,65,0,0,0,0,0,0,0,0,-32309,0,0,0,0,0,196735,0
196562,164,8308,284,-270,-356,242,34684,141,0,-197,0,37013,125,28,65,0,0,0,0,0,0,0,0,-32309,0,0,0,0,0,196740,0
196567,178,8232,282,-273,-355,249,34707,100,-15,-190,0,37013,125,28,65,0,0,0,0,0,0,0,0,-32309,0,0,0,0,0,196745,0
196572,34,8146,338,-284,-352,279,34726,75,-34,-152,0,37014,120,28,65,0,0,0,0,0,0,0,0,-32309,0,0,0,0,0,196750,0
196577,18,8126,308,-291,-360,294,34745,86,-46,-151,0,37014,120,28,65,0,0,0,0,0,0,0,0,-32309,0,0,0,0,0,196755,0
196582,-52,8096,334,-296,-355,308,34755,38,-52,-111,0,37014,123,28,65,0,0,0,0,0,0,0,0,-32309,0,0,0,0,0,196760,0
196587,-40,8134,348,-304,-353,326,34756,-1,-79,-34,0,37014,123,28,65,0,0,0,0,0,0,0,0,-32309,0,0,0,0,0,196765,0
196592,12,8148,376,-303,-348,364,34755,-3,-80,-1,0,37010,121,28,65,0,0,0,0,0,0,0,0,-32309,0,0,0,0,0,196770,0
196597,104,8194,380,-310,-343,378,34758,5,-73,-1,0,37010,121,28,65,0,0,0,0,0,0,0,0,-32309,0,0,0,0,0,196775,0
196602,134,8228,398,-310,-328,385,34756,-4,-56,1,0,37011,125,28,65,0,0,0,0,0,0,0,0,-32309,0,0,0,0,0,196780,0
196607,170,8242,416,-312,-307,405,34756,-2,-20,3,0,37011,125,28,65,0,0,0,0,0,0,0,0,-32308,0,0,0,0,0,196785,0
196612,168,8312,428,-313,-274,431,34755,-10,-3,3,0,37011,115,28,65,0,0,0,0,0,0,0,0,-32309,0,0,0,0,0,196790,0
196617,156,8324,482,-312,-250,449,34755,-7,-3,4,0,37011,115,28,65,0,0,0,0,0,0,0,0,-32309,0,0,0,0,0,196795,0
196622,164,8336,468,-316,-224,461,34754,-15,-4,7,0,37011,112,28,65,0,0,0,0,0,0,0,0,-32309,0,0,0,0,0,196800,0
196627,188,8350,528,-317,-197,476,34752,-11,-2,11,0,37011,112,28,65,0,0,0,0,0,0,0,0,-32308,0,0,0,0,0,196806,0
196632,78,8336,530,-318,-135,522,34752,-8,-4,12,0,37006,117,28,65,0,0,0,0,0,0,0,0,-32309,0,0,0,0,0,196811,0
196637,6,8350,578,-318,-99,544,34749,-5,-4,13,0,37006,117,28,65,0,0,0,0,0,0,0,0,-32309,0,0,0,0,0,196817,0
196642,-60,8326,558,-309,-73,563,34746,-6,3,16,0,37002,115,28,65,0,0,0,0,0,0,0,0,-32309,0,0,0,0,0,196821,0
196647,-44,8330,586,-307,-37,589,34744,-14,-5,19,0,37002,115,28,65,0,0,0,0,0,0,0,0,-32309,0,0,0,0,0,196825,0
196652,90,8464,730,-300,21,618,34742,-17,-4,21,0,36999,120,28,65,0,0,0,0,0,0,0,0,-32309,0,0,0,0,0,196831,0
196657,262,8536,784,-291,49,623,34737,-18,0,31,0,36999,120,28,65,0,0,0,0,0,0,0,0,-32309,0,0,0,0,0,196835,0
196662,468,8708,816,-295,73,624,34728,-42,-17,51,0,37000,116,28,65,0,0,0,0,0,0,0,0,-32309,0,0,0,0,0,196840,0
196667,746,8796,862,-290,88,602,34715,-66,-35,86,0,37000,116,28,65,0,0,0,0,0,0,0,0,-32309,0,0,0,0,0,196845,0
196672,1254,8950,896,-273,125,554,34686,-134,-71,158,0,37002,104,28,65,0,0,0,0,0,0,0,0,-32309,0,0,0,0,0,196850,0
196677,1156,9118,1104,-278,151,501,34639,-207,-127,264,0,37002,104,28,65,0,0,0,0,0,0,0,0,-32309,0,0,0,0,0,196855,0
196682,736,8978,1438,-284,178,409,34582,-253,-179,345,0,37006,114,28,65,0,0,0,0,0,0,0,0,-32309,0,0,0,0,0,196860,0
196687,156,8542,1660,-300,215,296,34520,-276,-195,382,0,37006,114,28,65,0,0,0,0,0,0,0,0,-32309,0,0,0,0,0,196865,0
196692,-1438,8378,1658,-285,331,126,34454,-292,-166,398,0,37007,123,28,65,0,0,0,0,0,0,0,0,-32309,0,0,0,0,0,196870,0
196697,-2162,8122,1680,-289,365,66,34390,-286,-98,411,0,37007,123,28,65,0,0,0,0,0,0,0,0,-32308,0,0,0,0,0,196875,0
196702,-2544,7918,1582,-289,394,-10,34335,-240,-33,400,0,37007,121,28,65,0,0,0,0,0,0,0,0,-32309,0,0,0,0,0,196880,0
196707,-2806,7854,1602,-285,411,-105,34287,-209,27,344,0,37007,121,28,65,0,0,0,0,0,0,0,0,-32309,0,0,0,0,0,196885,0
196712,-2926,8190,1582,-264,406,-305,34245,-177,79,292,0,37011,111,28,65,0,0,0,0,0,0,0,0,-32309,0,0,0,0,0,196890,0
196717,-3002,8308,1524,-252,396,-431,34207,-163,98,254,0,37011,111,28,65,0,0,0,0,0,0,0,0,-32309,0,0,0,0,0,196895,0
196722,-2952,8422,1546,-239,377,-539,34182,-106,113,198,0,37011,120,28,65,0,0,0,0,0,0,0,0,-32309,0,0,0,0,0,196900,0
196727,-2916,8608,1546,-230,348,-644,34155,-119,99,176,0,37011,120,28,65,0,0,0,0,0,0,0,0,-32308,0,0,0,0,0,196905,0
196732,-2882,8630,1570,-207,288,-849,34135,-88,90,167,0,37008,120,28,65,0,0,0,0,0,0,0,0,-32308,0,0,0,0,0,196910,0
196737,-2866,8578,1552,-191,262,-956,34115,-76,72,141,0,37008,120,28,65,0,0,0,0,0,0,0,0,-32309,0,0,0,0,0,196915,0
196742,-2802,8522,1528,-197,241,-1036,34094,-97,50,156,0,37000,123,28,65,0,0,0,0,0,0,0,0,-32308,0,0,0,0,0,196920,0
196747,-2830,8518,1600,-187,204,-1117,34079,-62,22,140,0,37000,123,28,65,0,0,0,0,0,0,0,0,-32308,0,0,0,0,0,196925,0
196752,-2798,8182,1514,-173,120,-1266,34073,-22,46,69,0,36997,108,28,65,0,0,0,0,0,0,0,0,-32309,0,0,0,0,0,196930,0
196757,-2746,8202,1566,-172,69,-1342,34071,-3,69,19,0,36997,108,28,65,0,0,0,0,0,0,0,0,-32309,0,0,0,0,0,196935,0
196762,-2712,8128,1536,-159,21,-1415,34073,7,78,1,0,36998,112,28,65,0,0,0,0,0,0,0,0,-32309,0,0,0,0,0,196940,0
196767,-2710,8056,1532,-158,-23,-1485,34072,1,75,-1,0,36998,112,28,65,0,0,0,0,0,0,0,0,-32309,0,0,0,0,0,196945,0
196772,-2678,7884,1506,-170,-100,-1607,34072,-1,35,0,0,37000,120,28,65,0,0,0,0,0,0,0,0,-32309,0,0,0,0,0,196950,0
196777,-2598,7872,1546,-160,-152,-1669,34071,-6,8,-1,0,37000,120,28,65,0,0,0,0,0,0,0,0,-32309,0,0,0,0,0,196955,0
196782,-2592,7824,1500,-164,-190,-1729,34072,-1,1,0,0,37000,118,28,65,0,0,0,0,0,0,0,0,-32309,0,0,0,0,0,196960,0
196787,-2504,7794,1528,-167,-238,-1789,34072,2,-2,0,0,37000,118,28,65,0,0,0,0,0,0,0,0,-32309,0,0,0,0,0,196965,0
196792,-2418,7800,1562,-169,-318,-1890,34072,0,3,0,0,36999,128,28,65,0,0,0,0,0,0,0,0,-32309,0,0,0,0,0,196970,0
196797,-2376,7814,1548,-170,-350,-1932,34072,6,1,-1,0,36999,128,28,65,0,0,0,0,0,0,0,0,-32309,0,0,0,0,0,196975,0
196802,-2332,7796,1590,-171,-388,-1971,34072,3,0,0,0,37002,136,28,65,0,0,0,0,0,0,0,0,-32309,0,0,0,0,0,196980,0
196807,-2248,7814,1622,-179,-421,-2005,34072,1,-2,0,0,37002,136,28,65,0,0,0,0,0,0,0,0,-32309,0,0,0,0,0,196985,0
196812,-2114,7782,1628,-182,-464,-2066,34073,1,2,0,0,37007,124,28,65,0,0,0,0,0,0,0,0,-32309,0,0,0,0,0,196990,0
196817,-2058,7750,1634,-186,-490,-2086,34072,-3,1,0,0,37007,124,28,65,0,0,0,0,0,0,0,0,-32309,0,0,0,0,0,196995,0
196822,-2048,7674,1638,-185,-509,-2114,34073,0,-6,0,0,37012,115,28,65,0,0,0,0,0,0,0,0,-32309,0,0,0,0,0,197000,0
196827,-1948,7566,1664,-192,-538,-2136,34071,-6,-3,0,0,37012,115,28,65,0,0,0,0,0,0,0,0,-32309,0,0,0,0,0,197005,0
196832,-1818,7412,1670,-202,-568,-2172,34073,3,-1,0,0,37013,113,28,65,0,0,0,0,0,0,0,0,-32309,0,0,0,0,0,197010,0
196837,-1754,7326,1678,-206,-589,-2193,34072,-1,3,0,0,37013,113,28,65,0,0,0,0,0,0,0,0,-32308,0,0,0,0,0,197015,0
196842,-1686,7224,1654,-206,-610,-2209,34073,0,2,0,0,37010,110,28,65,0,0,0,0,0,0,0,0,-32309,0,0,0,0,0,197020,0
196847,-1658,7194,1676,-209,-630,-2228,34073,1,-1,-2,0,37010,110,28,65,0,0,0,0,0,0,0,0,-32309,0,0,0,0,0,197025,0
196852,-1544,7010,1682,-225,-672,-2263,34072,6,2,0,0,37007,127,28,65,0,0,0,0,0,0,0,0,-32309,0,0,0,0,0,197030,0
196857,-1552,6880,1562,-234,-688,-2279,34071,-6,-2,-1,0,37007,127,28,65,0,0,0,0,0,0,0,0,-32309,0,0,0,0,0,197035,0
196862,-1518,6908,1714,-246,-715,-2297,34074,14,-1,0,0,37005,121,28,65,0,0,0,0,0,0,0,0,-32309,0,0,0,0,0,197040,0
196867,-1484,6860,1652,-249,-748,-2320,34072,0,2,-1,0,37005,121,28,65,0,0,0,0,0,0,0,0,-32308,0,0,0,0,0,197045,0
196872,-1366,6706,1642,-253,-826,-2351,34073,5,1,0,0,37005,123,28,65,0,0,0,0,0,0,0,0,-32309,0,0,0,0,0,197050,0
196877,-1276,6696,1606,-261,-860,-2359,34073,5,-5,-1,0,37005,123,28,65,0,0,0,0,0,0,0,0,-32309,0,0,0,0,0,197055,0
196882,-1242,6686,1570,-271,-894,-2372,34073,0,-1,-1,0,37004,125,28,65,0,0,0,0,0,0,0,0,-32308,0,0,0,0,0,197060,0
196887,-1204,6632,1520,-274,-918,-2382,34072,-3,-4,-2,0,37004,125,28,65,0,0,0,0,0,0,0,0,-32309,0,0,0,0,0,197065,0
196892,-1132,6702,1486,-293,-966,-2386,34074,5,-3,-5,0,37005,128,28,65,0,0,0,0,0,0,0,0,-32309,0,0,0,0,0,197070,0
196897,-1110,6784,1432,-302,-992,-2383,34074,1,-2,-3,0,37005,128,28,65,0,0,0,0,0,0,0,0,-32309,0,0,0,0,0,197075,0
196902,-1062,6880,1426,-313,-1005,-2373,34074,-2,2,-2,0,37003,129,28,65,0,0,0,0,0,0,0,0,-32308,0,0,0,0,0,197080,0
196907,-1044,6930,1390,-312,-1021,-2364,34074,0,0,-4,0,37003,129,28,65,0,0,0,0,0,0,0,0,-32309,0,0,0,0,0,197085,0
196912,-1014,7192,1280,-330,-1038,-2342,34074,-1,0,-7,0,37005,131,28,65,0,0,0,0,0,0,0,0,-32309,0,0,0,0,0,197090,0
196917,-1016,7320,1262,-334,-1053,-2323,34075,-4,-1,-5,0,37005,131,28,65,0,0,0,0,0,0,0,0,-32308,0,0,0,0,0,197095,0
196922,-1024,7426,1188,-341,-1056,-2310,34076,5,0,-2,0,37008,117,28,65,0,0,0,0,0,0,0,0,-32309,0,0,0,0,0,197100,0
196927,-952,7532,1138,-349,-1073,-2299,34076,0,2,-3,0,37008,117,28,65,0,0,0,0,0,0,0,0,-32308,0,0,0,0,0,197105,0
196932,-822,7638,1062,-348,-1073,-2266,34076,-3,-1,-3,0,37008,113,28,65,0,0,0,0,0,0,0,0,-32309,0,0,0,0,0,197110,0
196937,-774,7734,976,-355,-1074,-2256,34077,1,3,-3,0,37008,113,28,65,0,0,0,0,0,0,0,0,-32309,0,0,0,0,0,197115,0
196942,-946,7962,1044,-360,-1082,-2224,34077,4,0,-2,0,37006,119,28,65,0,0,0,0,0,0,0,0,-32309,0,0,0,0,0,197120,0
196947,-422,9440,108,-317,-1050,-2095,34077,2,-2,0,0,37006,119,28,65,0,0,0,0,0,0,0,0,-32309,0,0,0,0,0,197125,0
196952,132,12680,176,-299,-1143,-1353,34077,0,1,3,0,37002,124,28,65,0,0,0,0,0,0,0,0,-32309,0,0,0,0,0,197130,0
196957,2930,10866,-1086,-135,-1191,-616,34071,-28,-11,33,0,37002,124,28,65,0,0,0,0,0,0,0,0,-32309,0,0,0,0,0,197135,0
196962,7162,12186,-994,-176,-1240,-1,34041,-156,-79,185,0,37002,132,28,65,0,0,0,0,0,0,0,0,-32309,0,0,0,0,0,197140,0
196967,9996,12970,-988,-109,-1200,183,33944,-457,-277,669,0,37002,132,28,65,0,0,0,0,0,0,0,0,-32309,0,0,0,0,0,197145,0
196972,10168,12674,-1540,-38,-1078,-133,33791,-689,-528,1525,0,37007,115,28,65,0,0,0,0,0,0,0,0,-32309,0,0,0,0,0,197150,0
196977,8026,11710,-1028,10,-1048,-227,33624,-735,-649,1998,0,37007,115,28,65,0,0,0,0,0,0,0,0,-32308,0,0,0,0,0,197155,0
196982,5744,10438,-614,65,-1028,-144,33466,-696,-551,1969,0,37016,94,28,65,0,0,0,0,0,0,0,0,-32308,0,0,0,0,0,197160,0
196987,4170,8960,-360,116,-992,21,33319,-639,-274,1643,0,37016,94,28,65,0,0,0,0,0,0,0,0,-32309,0,0,0,0,0,197165,0
196992,3046,7004,-276,187,-831,197,33181,-609,0,1428,0,37022,88,28,65,0,0,0,0,0,0,0,0,-32310,0,0,0,0,0,197170,0
196997,2506,6652,-156,205,-774,166,33051,-583,124,1295,0,37022,88,28,65,0,0,0,0,0,0,0,0,-32309,0,0,0,0,0,197175,0
197002,1848,6500,102,224,-746,129,32923,-558,124,1172,0,37023,83,28,65,0,0,0,0,0,0,0,0,-32308,0,0,0,0,0,197180,0
197007,1138,6472,320,247,-743,111,32801,-528,96,1097,0,37023,83,28,65,0,0,0,0,0,0,0,0,-32308,0,0,0,0,0,197185,0
197012,664,6902,440,300,-789,178,32687,-503,85,1014,0,37020,93,28,65,0,0,0,0,0,0,0,0,-32309,0,0,0,0,0,197190,0
197017,908,7336,342,332,-817,216,32572,-496,76,944,0,37020,93,28,65,0,0,0,0,0,0,0,0,-32309,0,0,0,0,0,197195,0
197022,1184,7748,278,363,-847,244,32457,-502,60,968,0,37022,106,28,65,0,0,0,0,0,0,0,0,-32309,0,0,0,0,0,197201,0
197027,1502,8118,310,393,-880,262,32338,-519,22,1013,0,37022,106,28,65,0,0,0,0,0,0,0,0,-32309,0,0,0,0,0,197206,0
197032,1786,8422,422,459,-957,283,32219,-524,-2,1014,0,37022,107,28,65,0,0,0,0,0,0,0,0,-32309,0,0,0,0,0,197211,0
197037,1792,8524,438,494,-988,310,32100,-530,-20,1024,0,37022,107,28,65,0,0,0,0,0,0,0,0,-32308,0,0,0,0,0,197216,0
197042,1806,8426,402,534,-1014,360,31979,-521,-20,1077,0,37021,114,28,65,0,0,0,0,0,0,0,0,-32308,0,0,0,0,0,197221,0
197047,1790,8268,334,566,-1027,409,31864,-500,0,1015,0,37021,114,28,65,0,0,0,0,0,0,0,0,-32308,0,0,0,0,0,197226,0
197052,1638,7796,266,614,-1036,471,31750,-493,23,931,0,37017,115,28,65,0,0,0,0,0,0,0,0,-32309,0,0,0,0,0,197231,0
197057,1406,7504,224,638,-1039,495,31640,-492,36,913,0,37017,115,28,65,0,0,0,0,0,0,0,0,-32309,0,0,0,0,0,197236,0
197062,1140,7296,234,671,-1028,532,31532,-473,45,878,0,37018,113,28,65,0,0,0,0,0,0,0,0,-32309,0,0,0,0,0,197241,0
197067,948,7120,178,695,-1023,573,31431,-438,51,776,0,37018,113,28,65,0,0,0,0,0,0,0,0,-32308,0,0,0,0,0,197246,0
197072,172,7282,330,728,-1000,558,31331,-439,50,716,0,37018,114,28,65,0,0,0,0,0,0,0,0,-32308,0,0,0,0,0,197251,0
197077,-494,7752,854,705,-1000,498,31236,-423,61,722,0,37018,114,28,65,0,0,0,0,0,0,0,0,-32308,0,0,0,0,0,197256,0
197082,-360,9216,2008,652,-1010,575,31144,-397,57,674,0,37018,113,28,65,0,0,0,0,0,0,0,0,-32309,0,0,0,0,0,197261,0
197087,-466,10386,2930,586,-960,581,31058,-376,57,612,0,37018,113,28,65,0,0,0,0,0,0,0,0,-32309,0,0,0,0,0,197266,0
197092,738,9320,2640,520,-744,603,30975,-354,66,556,0,37019,109,28,65,0,0,0,0,0,0,0,0,-32309,0,0,0,0,0,197271,0
197097,1154,8786,2124,489,-609,595,30893,-362,60,538,0,37019,109,28,65,0,0,0,0,0,0,0,0,-32309,0,0,0,0,0,197276,0
197102,968,8364,1502,460,-495,576,30817,-344,55,509,0,37015,109,28,65,0,0,0,0,0,0,0,0,-32309,0,0,0,0,0,197281,0
197107,140,8054,660,436,-445,533,30745,-319,50,473,0,37015,109,28,65,0,0,0,0,0,0,0,0,-32309,0,0,0,0,0,197286,0
197112,-978,7838,624,395,-532,510,30681,-277,59,426,0,37011,107,28,65,0,0,0,0,0,0,0,0,-32309,0,0,0,0,0,197291,0
197117,-1062,7936,310,412,-556,508,30625,-239,79,343,0,37011,107,28,65,0,0,0,0,0,0,0,0,-32309,0,0,0,0,0,197296,0
197122,-1002,8192,472,406,-536,501,30578,-207,111,297,0,37007,111,28,65,0,0,0,0,0,0,0,0,-32309,0,0,0,0,0,197301,0
197127,-650,8310,546,405,-494,505,30539,-166,125,263,0,37007,111,28,65,0,0,0,0,0,0,0,0,-32309,0,0,0,0,0,197306,0
197132,-72,8262,618,399,-360,499,30502,-161,116,242,0,37008,133,28,65,0,0,0,0,0,0,0,0,-32309,0,0,0,0,0,197311,0
197137,120,8200,826,385,-302,502,30471,-138,96,234,0,37008,133,28,65,0,0,0,0,0,0,0,0,-32309,0,0,0,0,0,197316,0
197142,160,8118,904,382,-244,492,30440,-132,69,234,0,37008,129,28,65,0,0,0,0,0,0,0,0,-32308,0,0,0,0,0,197321,0
197147,90,8138,846,381,-189,485,30416,-102,58,191,0,37008,129,28,65,0,0,0,0,0,0,0,0,-32308,0,0,0,0,0,197326,0
197152,-76,8112,802,372,-85,469,30389,-118,42,188,0,37006,124,28,65,0,0,0,0,0,0,0,0,-32309,0,0,0,0,0,197331,0
197157,-204,8096,794,381,-23,474,30365,-102,34,178,0,37006,124,28,65,0,0,0,0,0,0,0,0,-32308,0,0,0,0,0,197336,0
197162,-322,8020,820,381,35,474,30344,-94,30,153,0,37005,115,28,65,0,0,0,0,0,0,0,0,-32309,0,0,0,0,0,197341,0
197167,-526,7988,938,366,87,482,30320,-102,16,165,0,37005,115,28,65,0,0,0,0,0,0,0,0,-32309,0,0,0,0,0,197346,0
197172,-944,7538,1114,359,173,502,30302,-69,18,134,0,37006,118,28,65,0,0,0,0,0,0,0,0,-32309,0,0,0,0,0,197351,0
197177,-1174,7326,1132,355,207,515,30289,-62,37,100,0,37006,118,28,65,0,0,0,0,0,0,0,0,-32309,0,0,0,0,0,197356,0
197182,-1422,7242,1088,351,242,542,30268,-97,25,137,0,37006,120,28,65,0,0,0,0,0,0,0,0,-32309,0,0,0,0,0,197361,0
197187,-1550,7380,1016,352,273,559,30240,-121,-8,188,0,37006,120,28,65,0,0,0,0,0,0,0,0,-32309,0,0,0,0,0,197366,0
197192,-978,8278,924,358,310,597,30205,-156,-58,235,0,37006,121,28,65,0,0,0,0,0,0,0,0,-32309,0,0,0,0,0,197371,0
197197,-546,8688,926,370,313,605,30154,-226,-117,327,0,37006,121,28,65,0,0,0,0,0,0,0,0,-32309,0,0,0,0,0,197376,0
197202,-122,8774,920,379,321,593,30091,-287,-155,384,0,37006,117,28,65,0,0,0,0,0,0,0,0,-32309,0,0,0,0,0,197381,0
197207,176,8704,974,393,320,587,30018,-329,-174,456,0,37006,117,28,65,0,0,0,0,0,0,0,0,-32309,0,0,0,0,0,197386,0
197212,162,8420,1070,402,301,548,29935,-363,-178,523,0,37007,128,28,65,0,0,0,0,0,0,0,0,-32308,0,0,0,0,0,197391,0
197217,-12,8290,1092,412,290,534,29851,-369,-147,544,0,37007,128,28,65,0,0,0,0,0,0,0,0,-32308,0,0,0,0,0,197396,0
197222,-198,8214,1082,420,276,521,29765,-374,-61,554,0,37008,130,28,65,0,0,0,0,0,0,0,0,-32308,0,0,0,0,0,197401,0
197227,-272,8132,1104,426,259,511,29683,-361,-29,562,0,37008,130,28,65,0,0,0,0,0,0,0,0,-32308,0,0,0,0,0,197406,0
197232,-328,8024,1070,454,234,492,29609,-324,-16,515,0,37009,119,28,65,0,0,0,0,0,0,0,0,-32309,0,0,0,0,0,197411,0
197237,-346,7930,1078,460,218,481,29538,-310,26,446,0,37009,119,28,65,0,0,0,0,0,0,0,0,-32309,0,0,0,0,0,197416,0
197242,-426,7866,1060,465,200,473,29476,-276,36,404,0,37017,118,28,65,0,0,0,0,0,0,0,0,-32309,0,0,0,0,0,197421,0
197247,-502,7780,1064,475,190,466,29416,-264,84,388,0,37017,118,28,65,0,0,0,0,0,0,0,0,-32308,0,0,0,0,0,197426,0
197252,-668,7820,1172,498,158,464,29361,-236,87,378,0,37017,110,28,65,0,0,0,0,0,0,0,0,-32309,0,0,0,0,0,197431,0
197257,-636,7852,1164,508,149,466,29309,-225,69,334,0,37017,110,28,65,0,0,0,0,0,0,0,0,-32309,0,0,0,0,0,197436,0
197262,-668,7904,1114,517,133,464,29261,-208,62,306,0,37015,109,28,65,0,0,0,0,0,0,0,0,-32309,0,0,0,0,0,197441,0
197267,-660,7906,1052,529,116,469,29219,-181,61,272,0,37015,109,28,65,0,0,0,0,0,0,0,0,-32309,0,0,0,0,0,197446,0
197272,-640,7974,938,547,87,466,29184,-148,68,233,0,37008,115,28,65,0,0,0,0,0,0,0,0,-32309,0,0,0,0,0,197451,0
197277,-686,7970,912,556,64,472,29152,-135,84,203,0,37008,115,28,65,0,0,0,0,0,0,0,0,-32308,0,0,0,0,0,197456,0
197282,-700,7970,886,565,54,475,29128,-104,80,185,0,37009,115,28,65,0,0,0,0,0,0,0,0,-32309,0,0,0,0,0,197461,0
197287,-710,7948,902,570,42,474,29104,-104,79,152,0,37009,115,28,65,0,0,0,0,0,0,0,0,-32309,0,0,0,0,0,197466,0
197292,-662,7960,886,581,25,486,29078,-124,56,168,0,37008,118,28,65,0,0,0,0,0,0,0,0,-32308,0,0,0,0,0,197471,0
197297,-570,7956,878,585,34,488,29054,-98,22,154,0,37008,118,28,65,0,0,0,0,0,0,0,0,-32308,0,0,0,0,0,197476,0
197302,-440,7930,798,590,36,492,29028,-117,11,157,0,37007,121,28,65,0,0,0,0,0,0,0,0,-32309,0,0,0,0,0,197481,0
197307,-462,7952,776,589,40,499,28998,-137,-17,192,0,37007,121,28,65,0,0,0,0,0,0,0,0,-32309,0,0,0,0,0,197486,0
197312,-400,8092,650,589,71,501,28968,-137,-19,196,0,37005,121,28,65,0,0,0,0,0,0,0,0,-32309,0,0,0,0,0,197491,0
197317,-438,8060,602,590,83,512,28934,-141,-31,216,0,37005,121,28,65,0,0,0,0,0,0,0,0,-32308,0,0,0,0,0,197496,0
197322,-438,8102,632,589,96,511,28908,-114,-23,198,0,37007,127,28,65,0,0,0,0,0,0,0,0,-32309,0,0,0,0,0,197501,0
197327,-384,8312,592,590,114,512,28880,-120,0,201,0,37007,127,28,65,0,0,0,0,0,0,0,0,-32308,0,0,0,0,0,197506,0
197332,-236,8320,536,584,131,517,28863,-72,34,164,0,37009,128,28,65,0,0,0,0,0,0,0,0,-32309,0,0,0,0,0,197511,0
197337,-238,8288,554,581,139,515,28845,-74,51,125,0,37009,128,28,65,0,0,0,0,0,0,0,0,-32309,0,0,0,0,0,197516,0
197342,-300,8256,512,584,145,519,28825,-86,51,139,0,37019,123,28,65,0,0,0,0,0,0,0,0,-32309,0,0,0,0,0,197521,0
197347,-310,8206,470,581,150,522,28809,-66,30,129,0,37019,123,28,65,0,0,0,0,0,0,0,0,-32309,0,0,0,0,0,197526,0
197352,-306,8172,448,579,147,516,28804,-15,41,61,0,37017,126,28,65,0,0,0,0,0,0,0,0,-32309,0,0,0,0,0,197531,0
197357,-262,8140,486,579,138,511,28804,0,56,10,0,37017,126,28,65,0,0,0,0,0,0,0,0,-32309,0,0,0,0,0,197536,0
197362,-250,8168,480,580,139,514,28804,1,79,2,0,37016,123,28,65,0,0,0,0,0,0,0,0,-32308,0,0,0,0,0,197541,0
197367,-202,8158,500,578,121,508,28804,0,71,1,0,37016,123,28,65,0,0,0,0,0,0,0,0,-32309,0,0,0,0,0,197546,0
197372,-134,8186,428,580,116,507,28806,7,39,3,0,37006,120,28,65,0,0,0,0,0,0,0,0,-32309,0,0,0,0,0,197551,0
197377,-100,8192,386,576,118,498,28805,1,5,1,0,37006,120,28,65,0,0,0,0,0,0,0,0,-32309,0,0,0,0,0,197556,0
197382,-62,8126,348,577,107,489,28805,-1,2,0,0,37005,126,28,65,0,0,0,0,0,0,0,0,-32309,0,0,0,0,0,197561,0
197387,-64,8162,282,574,110,488,28806,3,-2,0,0,37005,126,28,65,0,0,0,0,0,0,0,0,-32310,0,0,0,0,0,197566,0
197392,-72,8176,262,563,104,475,28807,1,2,-2,0,37007,133,28,65,0,0,0,0,0,0,0,0,-32309,0,0,0,0,0,197571,0
197397,-114,8120,278,555,100,467,28807,3,-1,-3,0,37007,133,28,65,0,0,0,0,0,0,0,0,-32309,0,0,0,0,0,197576,0
197402,22,8070,188,560,102,475,28807,7,0,-1,0,37007,132,28,65,0,0,0,0,0,0,0,0,-32309,0,0,0,0,0,197581,0
197407,-42,8106,266,556,110,455,28808,3,4,-2,0,37007,132,28,65,0,0,0,0,0,0,0,0,-32309,0,0,0,0,0,197586,0
197412,-32,8056,260,552,101,448,28810,1,0,-1,0,37005,130,28,65,0,0,0,0,0,0,0,0,-32309,0,0,0,0,0,197591,0
197417,-38,8140,236,543,101,437,28810,2,0,0,0,37005,130,28,65,0,0,0,0,0,0,0,0,-32309,0,0,0,0,0,197596,0
197422,32,8230,222,541,99,435,28808,-3,2,0,0,37005,122,28,65,0,0,0,0,0,0,0,0,-32309,0,0,0,0,0,197601,0
197427,30,8270,236,541,96,429,28808,-4,-7,-1,0,37005,122,28,65,0,0,0,0,0,0,0,0,-32309,0,0,0,0,0,197606,0
197432,100,8348,242,534,98,409,28810,0,0,0,0,37006,125,28,65,0,0,0,0,0,0,0,0,-32308,0,0,0,0,0,197611,0
197437,180,8404,274,537,96,406,28811,3,4,0,0,37006,125,28,65,0,0,0,0,0,0,0,0,-32308,0,0,0,0,0,197616,0
197442,262,8388,320,535,97,396,28811,7,1,0,0,37006,129,28,65,0,0,0,0,0,0,0,0,-32309,0,0,0,0,0,197621,0
197447,410,8370,298,528,111,380,28812,5,2,2,0,37006,129,28,65,0,0,0,0,0,0,0,0,-32308,0,0,0,0,0,197626,0
197452,542,8390,320,529,128,351,28811,2,-2,1,0,37011,120,28,65,0,0,0,0,0,0,0,0,-32308,0,0,0,0,0,197631,0
197457,670,8380,296,540,145,332,28812,-4,3,-2,0,37011,120,28,65,0,0,0,0,0,0,0,0,-32309,0,0,0,0,0,197636,0
197462,764,8430,310,540,162,306,28813,1,-2,-3,0,37012,120,28,65,0,0,0,0,0,0,0,0,-32309,0,0,0,0,0,197641,0
197467,820,8394,392,536,171,284,28814,1,-1,-4,0,37012,120,28,65,0,0,0,0,0,0,0,0,-32308,0,0,0,0,0,197646,0
197472,938,8356,330,535,189,230,28814,0,1,-6,0,37015,115,28,65,0,0,0,0,0,0,0,0,-32309,0,0,0,0,0,197651,0
197477,956,8276,260,531,200,197,28815,-2,1,-8,0,37015,115,28,65,0,0,0,0,0,0,0,0,-32309,0,0,0,0,0,197656,0
197482,784,8276,268,527,210,178,28818,0,6,-9,0,37008,113,28,65,0,0,0,0,0,0,0,0,-32308,0,0,0,0,0,197661,0
197487,764,8284,250,526,213,157,28820,5,8,-11,0,37008,113,28,65,0,0,0,0,0,0,0,0,-32309,0,0,0,0,0,197666,0
197492,388,8258,130,520,220,134,28824,19,6,-20,0,37008,118,28,65,0,0,0,0,0,0,0,0,-32309,0,0,0,0,0,197671,0
197497,-66,8252,122,514,232,141,28829,19,16,-40,0,37008,118,28,65,0,0,0,0,0,0,0,0,-32309,0,0,0,0,0,197676,0
197502,-656,8252,80,512,240,161,28843,56,30,-72,0,37008,120,28,65,0,0,0,0,0,0,0,0,-32309,0,0,0,0,0,197681,0
197507,-1218,8134,54,514,242,184,28870,131,73,-148,0,37008,120,28,65,0,0,0,0,0,0,0,0,-32309,0,0,0,0,0,197686,0
197512,-1554,8130,64,509,228,233,28924,244,144,-290,0,37008,126,28,65,0,0,0,0,0,0,0,0,-32309,0,0,0,0,0,197691,0
197517,-1376,8118,36,509,215,252,28996,330,223,-422,0,37008,126,28,65,0,0,0,0,0,0,0,0,-32309,0,0,0,0,0,197696,0
197522,-1048,8148,70,504,194,264,29076,357,271,-523,0,37006,127,28,65,0,0,0,0,0,0,0,0,-32309,0,0,0,0,0,197701,0
197527,-602,8198,48,497,178,275,29162,376,248,-561,0,37006,127,28,65,0,0,0,0,0,0,0,0,-32309,0,0,0,0,0,197706,0
197532,154,8342,32,488,142,281,29245,368,166,-571,0,37008,125,28,65,0,0,0,0,0,0,0,0,-32308,0,0,0,0,0,197711,0
197537,218,8396,156,484,130,274,29324,343,73,-549,0,37008,125,28,65,0,0,0,0,0,0,0,0,-32308,0,0,0,0,0,197716,0
197542,98,8140,-94,489,132,266,29400,331,-2,-490,0,37009,123,28,65,0,0,0,0,0,0,0,0,-32308,0,0,0,0,0,197721,0
197547,50,8338,-40,482,121,278,29474,324,-34,-466,0,37009,123,28,65,0,0,0,0,0,0,0,0,-32309,0,0,0,0,0,197726,0
197552,-348,8390,78,477,100,273,29557,359,-27,-505,0,37016,127,28,65,0,0,0,0,0,0,0,0,-32308,0,0,0,0,0,197731,0
197557,-492,8306,46,480,86,278,29645,391,13,-574,0,37016,127,28,65,0,0,0,0,0,0,0,0,-32309,0,0,0,0,0,197736,0
197562,-576,8232,104,485,64,282,29741,425,62,-649,0,37016,117,28,65,0,0,0,0,0,0,0,0,-32309,0,0,0,0,0,197741,0
197567,-608,8184,80,483,41,289,29842,442,92,-717,0,37016,117,28,65,0,0,0,0,0,0,0,0,-32309,0,0,0,0,0,197746,0
197572,-732,8116,116,479,-18,312,29940,441,85,-738,0,37017,113,28,65,0,0,0,0,0,0,0,0,-32309,0,0,0,0,0,197751,0
197577,-604,8056,78,478,-44,318,30041,450,57,-762,0,37017,113,28,65,0,0,0,0,0,0,0,0,-32309,0,0,0,0,0,197756,0
197582,-496,8058,104,481,-73,326,30141,441,27,-766,0,37012,121,28,65,0,0,0,0,0,0,0,0,-32309,0,0,0,0,0,197761,0
197587,-386,8096,102,477,-96,329,30242,441,11,-746,0,37012,121,28,65,0,0,0,0,0,0,0,0,-32309,0,0,0,0,0,197766,0
197592,-224,8088,72,477,-136,340,30343,438,4,-726,0,37014,112,28,65,0,0,0,0,0,0,0,0,-32309,0,0,0,0,0,197771,0
197597,-174,8160,20,477,-154,342,30438,426,-7,-699,0,37014,112,28,65,0,0,0,0,0,0,0,0,-32309,0,0,0,0,0,197776,0
197602,-148,8220,10,477,-176,350,30536,428,-19,-698,0,37014,112,28,65,0,0,0,0,0,0,0,0,-32309,0,0,0,0,0,197781,0
197607,-70,8246,-54,472,-189,349,30634,426,-15,-721,0,37014,112,28,65,0,0,0,0,0,0,0,0,-32309,0,0,0,0,0,197786,0
197612,-112,8372,-84,468,-217,346,30731,430,-3,-744,0,37018,110,28,65,0,0,0,0,0,0,0,0,-32309,0,0,0,0,0,197791,0
197617,-126,8442,-104,468,-219,345,30830,430,3,-751,0,37018,110,28,65,0,0,0,0,0,0,0,0,-32308,0,0,0,0,0,197796,0
197622,-116,8472,-118,472,-238,345,30931,441,6,-751,0,37018,104,28,65,0,0,0,0,0,0,0,0,-32309,0,0,0,0,0,197801,0
197627,-162,8472,-170,461,-244,349,31034,453,16,-767,0,37018,104,28,65,0,0,0,0,0,0,0,0,-32308,0,0,0,0,0,197806,0
197632,-78,8532,-208,454,-261,346,31141,471,28,-815,0,37019,105,28,65,0,0,0,0,0,0,0,0,-32309,0,0,0,0,0,197811,0
197637,-98,8498,-258,445,-265,349,31248,477,25,-836,0,37019,105,28,65,0,0,0,0,0,0,0,0,-32309,0,0,0,0,0,197816,0
197642,-96,8528,-222,442,-270,355,31354,472,29,-842,0,37029,107,28,65,0,0,0,0,0,0,0,0,-32309,0,0,0,0,0,197821,0
197647,-144,8468,-322,439,-264,358,31463,473,16,-873,0,37029,107,28,65,0,0,0,0,0,0,0,0,-32309,0,0,0,0,0,197826,0
197652,-342,8466,-448,415,-239,371,31573,492,14,-916,0,37041,112,28,65,0,0,0,0,0,0,0,0,-32309,0,0,0,0,0,197831,0
197657,-284,8594,-238,420,-230,376,31685,488,14,-922,0,37041,112,28,65,0,0,0,0,0,0,0,0,-32308,0,0,0,0,0,197836,0
197662,-288,8482,-264,409,-215,384,31796,487,12,-909,0,37043,115,28,65,0,0,0,0,0,0,0,0,-32308,0,0,0,0,0,197841,0
197667,-282,8414,-380,398,-194,399,31911,502,19,-935,0,37043,115,28,65,0,0,0,0,0,0,0,0,-32308,0,0,0,0,0,197846,0
197672,-334,8166,-390,391,-154,422,32027,511,23,-970,0,37031,103,28,65,0,0,0,0,0,0,0,0,-32309,0,0,0,0,0,197851,0
197677,-376,8424,-240,381,-130,441,32142,512,15,-975,0,37031,103,28,65,0,0,0,0,0,0,0,0,-32309,0,0,0,0,0,197856,0
197682,-392,8360,-294,371,-102,455,32256,503,12,-969,0,37022,101,28,65,0,0,0,0,0,0,0,0,-32309,0,0,0,0,0,197861,0
197687,-376,8286,-392,369,-79,468,32372,506,6,-986,0,37022,101,28,65,0,0,0,0,0,0,0,0,-32309,0,0,0,0,0,197866,0
197692,-404,8182,-326,353,-24,507,32488,515,0,-984,0,37016,110,28,65,0,0,0,0,0,0,0,0,-32309,0,0,0,0,0,197871,0
197697,-432,8180,-342,345,2,527,32600,500,-4,-940,0,37016,110,28,65,0,0,0,0,0,0,0,0,-32308,0,0,0,0,0,197876,0
197702,-438,8084,-296,344,29,545,32712,489,-8,-901,0,37016,114,28,65,0,0,0,0,0,0,0,0,-32309,0,0,0,0,0,197881,0
197707,-414,8090,-350,329,56,565,32822,477,-20,-876,0,37016,114,28,65,0,0,0,0,0,0,0,0,-32309,0,0,0,0,0,197886,0
197712,-354,8020,-350,322,114,602,32932,477,-22,-866,0,37013,114,28,65,0,0,0,0,0,0,0,0,-32309,0,0,0,0,0,197891,0
197717,-248,7992,-406,311,141,621,33036,459,-29,-836,0,37013,114,28,65,0,0,0,0,0,0,0,0,-32309,0,0,0,0,0,197896,0
197722,-208,8004,-398,312,168,636,33140,452,-34,-796,0,37014,112,28,65,0,0,0,0,0,0,0,0,-32309,0,0,0,0,0,197901,0
197727,-154,7940,-400,295,198,652,33237,431,-44,-746,0,37014,112,28,65,0,0,0,0,0,0,0,0,-32308,0,0,0,0,0,197906,0
197732,12,7902,-404,282,243,679,33334,425,-44,-702,0,37013,108,28,65,0,0,0,0,0,0,0,0,-32308,0,0,0,0,0,197911,0
197737,150,7944,-424,276,271,691,33426,408,-45,-660,0,37013,108,28,65,0,0,0,0,0,0,0,0,-32308,0,0,0,0,0,197916,0
197742,236,7928,-430,266,299,700,33515,385,-46,-612,0,37012,111,28,65,0,0,0,0,0,0,0,0,-32309,0,0,0,0,0,197921,0
197747,286,7966,-436,259,313,707,33598,363,-59,-548,0,37012,111,28,65,0,0,0,0,0,0,0,0,-32309,0,0,0,0,0,197926,0
197752,376,7984,-424,245,365,716,33676,341,-63,-520,0,37009,111,28,65,0,0,0,0,0,0,0,0,-32308,0,0,0,0,0,197931,0
197757,428,7974,-404,237,373,723,33748,312,-74,-499,0,37009,111,28,65,0,0,0,0,0,0,0,0,-32309,0,0,0,0,0,197936,0
197762,440,8018,-394,234,393,725,33817,307,-79,-453,0,37014,109,28,65,0,0,0,0,0,0,0,0,-32309,0,0,0,0,0,197941,0
197767,482,8022,-382,229,404,719,33883,278,-69,-424,0,37014,109,28,65,0,0,0,0,0,0,0,0,-32309,0,0,0,0,0,197946,0
197772,546,8078,-392,211,423,718,33941,246,-64,-390,0,37016,117,28,65,0,0,0,0,0,0,0,0,-32309,0,0,0,0,0,197951,0
197777,598,8144,-390,207,433,714,33992,221,-78,-365,0,37016,117,28,65,0,0,0,0,0,0,0,0,-32308,0,0,0,0,0,197956,0
197782,580,8224,-434,197,440,717,34035,187,-91,-310,0,37016,118,28,65,0,0,0,0,0,0,0,0,-32309,0,0,0,0,0,197961,0
197787,616,8230,-452,195,443,709,34073,164,-101,-262,0,37016,118,28,65,0,0,0,0,0,0,0,0,-32308,0,0,0,0,0,197966,0
197792,710,8252,-468,176,447,694,34112,171,-92,-242,0,37009,115,28,65,0,0,0,0,0,0,0,0,-32309,0,0,0,0,0,197971,0
197797,724,8284,-478,176,445,677,34142,134,-71,-215,0,37009,115,28,65,0,0,0,0,0,0,0,0,-32308,0,0,0,0,0,197976,0
197802,788,8322,-468,158,437,670,34175,137,-51,-200,0,37008,120,28,65,0,0,0,0,0,0,0,0,-32309,0,0,0,0,0,197981,0
197807,850,8338,-452,159,433,658,34204,123,-43,-191,0,37008,120,28,65,0,0,0,0,0,0,0,0,-32308,0,0,0,0,0,197986,0
197812,934,8374,-474,139,429,635,34233,129,-27,-202,0,37008,119,28,65,0,0,0,0,0,0,0,0,-32309,0,0,0,0,0,197991,0
197817,906,8400,-496,134,426,624,34258,94,-32,-184,0,37008,119,28,65,0,0,0,0,0,0,0,0,-32308,0,0,0,0,0,197996,0
197822,912,8342,-514,126,427,607,34278,85,-39,-141,0,37006,109,28,65,0,0,0,0,0,0,0,0,-32308,0,0,0,0,0,198001,0
197827,880,8404,-522,116,427,602,34299,88,-41,-134,0,37006,109,28,65,0,0,0,0,0,0,0,0,-32309,0,0,0,0,0,198006,0
197832,824,8296,-516,100,423,579,34307,35,-54,-88,0,37007,121,28,65,0,0,0,0,0,0,0,0,-32308,0,0,0,0,0,198011,0
197837,776,8296,-512,93,424,574,34309,7,-79,-24,0,37007,121,28,65,0,0,0,0,0,0,0,0,-32309,0,0,0,0,0,198016,0
197842,774,8274,-494,87,418,567,34308,-1,-87,3,0,37008,125,28,65,0,0,0,0,0,0,0,0,-32308,0,0,0,0,0,198021,0
197847,764,8230,-524,78,414,554,34309,1,-82,4,0,37008,125,28,65,0,0,0,0,0,0,0,0,-32308,0,0,0,0,0,198026,0
197852,860,8224,-470,61,402,542,34310,6,-54,4,0,37006,140,28,65,0,0,0,0,0,0,0,0,-32308,0,0,0,0,0,198031,0
197857,856,8206,-466,53,386,527,34309,-1,-15,2,0,37006,140,28,65,0,0,0,0,0,0,0,0,-32309,0,0,0,0,0,198036,0
197862,862,8150,-442,50,378,521,34309,1,-1,2,0,37006,134,28,65,0,0,0,0,0,0,0,0,-32309,0,0,0,0,0,198041,0
197867,840,8106,-436,44,366,514,34308,-7,-2,2,0,37006,134,28,65,0,0,0,0,0,0,0,0,-32309,0,0,0,0,0,198046,0
197872,862,8026,-388,19,346,501,34309,0,0,2,0,37013,130,28,65,0,0,0,0,0,0,0,0,-32308,0,0,0,0,0,198051,0
197877,822,7980,-366,20,348,490,34309,0,-3,2,0,37013,130,28,65,0,0,0,0,0,0,0,0,-32309,0,0,0,0,0,198056,0
197882,840,7966,-348,17,340,487,34308,1,1,4,0,37013,130,28,65,0,0,0,0,0,0,0,0,-32309,0,0,0,0,0,198061,0
197887,826,7942,-360,14,338,485,34309,-5,1,3,0,37013,130,28,65,0,0,0,0,0,0,0,0,-32308,0,0,0,0,0,198066,0
197892,856,7966,-298,3,326,480,34308,-4,-1,2,0,37012,124,28,65,0,0,0,0,0,0,0,0,-32309,0,0,0,0,0,198071,0
197897,854,7956,-278,3,320,468,34310,2,1,1,0,37012,124,28,65,0,0,0,0,0,0,0,0,-32309,0,0,0,0,0,198076,0
197902,842,7956,-262,-4,314,461,34308,0,-2,3,0,37003,114,28,65,0,0,0,0,0,0,0,0,-32308,0,0,0,0,0,198081,0
197907,848,7966,-212,-6,300,464,34310,3,-1,3,0,37003,114,28,65,0,0,0,0,0,0,0,0,-32309,0,0,0,0,0,198086,0
197912,824,7920,-190,-13,284,451,34308,0,-4,2,0,37003,117,28,65,0,0,0,0,0,0,0,0,-32309,0,0,0,0,0,198091,0
197917,822,7950,-152,-11,277,449,34308,-2,0,2,0,37003,117,28,65,0,0,0,0,0,0,0,0,-32309,0,0,0,0,0,198096,0
197922,850,7968,-142,-10,265,442,34309,0,-1,3,0,37002,116,28,65,0,0,0,0,0,0,0,0,-32309,0,0,0,0,0,198101,0
197927,846,7916,-160,-16,250,440,34307,-4,-4,3,0,37002,116,28,65,0,0,0,0,0,0,0,0,-32308,0,0,0,0,0,198106,0
197932,876,7946,-118,-16,216,425,34308,-1,0,3,0,37002,113,28,65,0,0,0,0,0,0,0,0,-32309,0,0,0,0,0,198111,0
197937,894,7924,-116,-15,199,417,34309,3,-1,3,0,37002,113,28,65,0,0,0,0,0,0,0,0,-32309,0,0,0,0,0,198116,0
197942,928,7920,-104,-17,177,412,34308,1,-3,2,0,37003,119,28,65,0,0,0,0,0,0,0,0,-32309,0,0,0,0,0,198121,0
197947,948,7894,-56,-16,155,401,34308,-2,1,3,0,37003,119,28,65,0,0,0,0,0,0,0,0,-32308,0,0,0,0,0,198126,0
197952,986,7872,-42,-16,113,385,34309,0,0,3,0,37005,125,28,65,0,0,0,0,0,0,0,0,-32309,0,0,0,0,0,198131,0
197957,966,7854,-48,-19,86,380,34309,1,1,3,0,37005,125,28,65,0,0,0,0,0,0,0,0,-32309,0,0,0,0,0,198136,0
197962,948,7888,-32,-19,64,369,34308,2,0,3,0,37005,123,28,65,0,0,0,0,0,0,0,0,-32309,0,0,0,0,0,198141,0
197967,1004,7890,-28,-14,37,363,34309,0,1,4,0,37005,123,28,65,0,0,0,0,0,0,0,0,-32309,0,0,0,0,0,198146,0
197972,958,7902,-40,-16,-12,352,34308,4,1,4,0,37003,123,28,65,0,0,0,0,0,0,0,0,-32309,0,0,0,0,0,198151,0
197977,932,7904,-20,-12,-40,334,34307,-6,-4,2,0,37003,123,28,65,0,0,0,0,0,0,0,0,-32308,0,0,0,0,0,198156,0
197982,940,7906,-64,-20,-64,329,34309,2,4,2,0,37003,115,28,65,0,0,0,0,0,0,0,0,-32309,0,0,0,0,0,198161,0
197987,962,7926,-58,-15,-85,323,34309,3,1,4,0,37003,115,28,65,0,0,0,0,0,0,0,0,-32308,0,0,0,0,0,198166,0
197992,972,7972,-120,-14,-144,309,34308,0,-1,4,0,37004,117,28,65,0,0,0,0,0,0,0,0,-32309,0,0,0,0,0,198171,0
197997,978,7982,-78,-15,-164,290,34308,-3,2,4,0,37004,117,28,65,0,0,0,0,0,0,0,0,-32309,0,0,0,0,0,198176,0
198002,1004,8048,-78,-13,-187,290,34309,5,4,3,0,37005,118,28,65,0,0,0,0,0,0,0,0,-32309,0,0,0,0,0,198181,0
198007,992,8060,-90,-15,-215,281,34309,7,2,3,0,37005,118,28,65,0,0,0,0,0,0,0,0,-32309,0,0,0,0,0,198186,0
198012,996,8068,-118,-10,-265,263,34308,1,2,2,0,37004,119,28,65,0,0,0,0,0,0,0,0,-32308,0,0,0,0,0,198191,0
198017,988,8068,-150,-19,-288,261,34308,7,-1,3,0,37004,119,28,65,0,0,0,0,0,0,0,0,-32309,0,0,0,0,0,198196,0
198022,1018,8070,-154,-19,-312,248,34308,-2,2,1,0,37003,128,28,65,0,0,0,0,0,0,0,0,-32309,0,0,0,0,0,198202,0
198027,1006,8076,-168,-23,-336,241,34308,-4,3,1,0,37003,128,28,65,0,0,0,0,0,0,0,0,-32309,0,0,0,0,0,198207,0
198032,978,8092,-188,-27,-381,224,34308,-1,-3,2,0,37004,126,28,65,0,0,0,0,0,0,0,0,-32309,0,0,0,0,0,198212,0
198037,978,8076,-184,-33,-401,223,34309,-1,-1,2,0,37004,126,28,65,0,0,0,0,0,0,0,0,-32309,0,0,0,0,0,198217,0
198042,926,8106,-190,-36,-420,216,34308,0,-3,2,0,37004,127,28,65,0,0,0,0,0,0,0,0,-32309,0,0,0,0,0,198222,0
198047,912,8098,-176,-30,-428,218,34309,4,2,2,0,37004,127,28,65,0,0,0,0,0,0,0,0,-32308,0,0,0,0,0,198227,0
198052,880,8098,-218,-42,-456,208,34308,0,2,3,0,37003,134,28,65,0,0,0,0,0,0,0,0,-32309,0,0,0,0,0,198232,0
198057,852,8050,-254,-46,-470,205,34308,-3,-2,2,0,37003,134,28,65,0,0,0,0,0,0,0,0,-32309,0,0,0,0,0,198237,0
198062,884,8038,-264,-51,-475,204,34308,3,0,1,0,37003,129,28,65,0,0,0,0,0,0,0,0,-32309,0,0,0,0,0,198242,0
198067,872,8054,-274,-56,-481,198,34307,-4,-4,1,0,37003,129,28,65,0,0,0,0,0,0,0,0,-32308,0,0,0,0,0,198247,0
198072,950,8054,-284,-62,-484,203,34308,-1,-2,3,0,37008,118,28,65,0,0,0,0,0,0,0,0,-32309,0,0,0,0,0,198252,0
198077,924,7996,-308,-66,-484,204,34309,2,5,4,0,37008,118,28,65,0,0,0,0,0,0,0,0,-32309,0,0,0,0,0,198257,0
198082,910,8000,-272,-76,-482,202,34308,1,-3,2,0,37008,110,28,65,0,0,0,0,0,0,0,0,-32309,0,0,0,0,0,198262,0
198087,964,8036,-270,-73,-474,205,34309,0,2,4,0,37008,110,28,65,0,0,0,0,0,0,0,0,-32309,0,0,0,0,0,198267,0
198092,1004,8058,-278,-84,-463,208,34309,0,3,3,0,37008,108,28,65,0,0,0,0,0,0,0,0,-32309,0,0,0,0,0,198272,0
198097,1034,8048,-298,-87,-454,206,34309,0,2,4,0,37008,108,28,65,0,0,0,0,0,0,0,0,-32309,0,0,0,0,0,198277,0
198102,1024,8076,-298,-95,-445,208,34308,-8,-1,4,0,37005,120,28,65,0,0,0,0,0,0,0,0,-32308,0,0,0,0,0,198282,0
198107,1014,8058,-264,-90,-438,204,34308,2,-3,1,0,37005,120,28,65,0,0,0,0,0,0,0,0,-32309,0,0,0,0,0,198287,0
198112,1046,8094,-258,-101,-418,205,34308,-3,-1,2,0,37001,126,28,65,0,0,0,0,0,0,0,0,-32309,0,0,0,0,0,198292,0
198117,1034,8114,-234,-114,-402,206,34308,3,4,3,0,37001,126,28,65,0,0,0,0,0,0,0,0,-32309,0,0,0,0,0,198297,0
198122,1048,8134,-238,-111,-393,206,34307,-4,0,3,0,37002,115,28,65,0,0,0,0,0,0,0,0,-32309,0,0,0,0,0,198302,0
198127,1058,8128,-200,-117,-381,209,34308,-4,1,4,0,37002,115,28,65,0,0,0,0,0,0,0,0,-32309,0,0,0,0,0,198307,0
198132,998,8166,-220,-114,-341,206,34308,-1,-3,4,0,37006,113,28,65,0,0,0,0,0,0,0,0,-32309,0,0,0,0,0,198312,0
198137,1002,8194,-198,-125,-324,206,34308,2,-3,5,0,37006,113,28,65,0,0,0,0,0,0,0,0,-32309,0,0,0,0,0,198317,0
198142,1016,8218,-172,-115,-306,207,34309,3,0,3,0,37008,110,28,65,0,0,0,0,0,0,0,0,-32309,0,0,0,0,0,198322,0
198147,1002,8200,-162,-123,-291,211,34309,0,1,4,0,37008,110,28,65,0,0,0,0,0,0,0,0,-32308,0,0,0,0,0,198327,0
198152,1016,8222,-102,-121,-256,204,34307,-1,2,4,0,37007,115,28,65,0,0,0,0,0,0,0,0,-32309,0,0,0,0,0,198332,0
198157,1056,8268,-66,-122,-245,204,34307,0,-5,5,0,37007,115,28,65,0,0,0,0,0,0,0,0,-32308,0,0,0,0,0,198337,0
198162,1050,8284,-8,-122,-229,205,34306,-9,-4,6,0,37004,117,28,65,0,0,0,0,0,0,0,0,-32308,0,0,0,0,0,198342,0
198167,1060,8286,-12,-115,-219,203,34307,0,-1,5,0,37004,117,28,65,0,0,0,0,0,0,0,0,-32308,0,0,0,0,0,198347,0
198172,1096,8294,22,-112,-187,194,34306,0,-1,5,0,37002,122,28,65,0,0,0,0,0,0,0,0,-32309,0,0,0,0,0,198352,0
198177,1078,8260,54,-114,-173,202,34306,5,-5,9,0,37002,122,28,65,0,0,0,0,0,0,0,0,-32309,0,0,0,0,0,198357,0
198182,1102,8266,102,-108,-165,194,34306,3,3,10,0,37009,118,28,65,0,0,0,0,0,0,0,0,-32309,0,0,0,0,0,198362,0
198187,1068,8212,88,-103,-147,194,34305,0,1,9,0,37009,118,28,65,0,0,0,0,0,0,0,0,-32309,0,0,0,0,0,198367,0
198192,1036,8072,46,-102,-128,196,34305,-1,5,10,0,37009,126,28,65,0,0,0,0,0,0,0,0,-32309,0,0,0,0,0,198372,0
198197,978,8048,50,-98,-115,198,34304,0,-1,10,0,37009,126,28,65,0,0,0,0,0,0,0,0,-32309,0,0,0,0,0,198377,0
198202,956,7984,34,-94,-118,198,34303,2,2,14,0,37013,126,28,65,0,0,0,0,0,0,0,0,-32308,0,0,0,0,0,198382,0
198207,904,7902,10,-101,-105,209,34301,-4,-1,14,0,37013,126,28,65,0,0,0,0,0,0,0,0,-32309,0,0,0,0,0,198387,0
198212,928,7872,4,-95,-82,217,34300,-9,2,16,0,37007,130,28,65,0,0,0,0,0,0,0,0,-32308,0,0,0,0,0,198392,0
198217,860,7828,-4,-90,-74,227,34299,-5,0,16,0,37007,130,28,65,0,0,0,0,0,0,0,0,-32309,0,0,0,0,0,198397,0
198222,866,7798,10,-88,-70,234,34297,-1,-2,17,0,37005,128,28,65,0,0,0,0,0,0,0,0,-32309,0,0,0,0,0,198402,0
198227,898,7830,-16,-87,-59,238,34295,-5,-6,19,0,37005,128,28,65,0,0,0,0,0,0,0,0,-32309,0,0,0,0,0,198407,0
198232,968,7886,-2,-84,-32,249,34292,-6,0,16,0,37003,122,28,65,0,0,0,0,0,0,0,0,-32309,0,0,0,0,0,198412,0
198237,1092,7892,12,-80,-8,246,34291,-1,-5,21,0,37003,122,28,65,0,0,0,0,0,0,0,0,-32309,0,0,0,0,0,198417,0
198242,1190,7958,32,-85,7,248,34289,-2,-3,25,0,37004,128,28,65,0,0,0,0,0,0,0,0,-32309,0,0,0,0,0,198422,0
198247,1298,7984,40,-83,31,243,34285,-18,-3,30,0,37004,128,28,65,0,0,0,0,0,0,0,0,-32309,0,0,0,0,0,198427,0
198252,1546,8082,8,-78,69,236,34281,-18,-10,34,0,37006,131,28,65,0,0,0,0,0,0,0,0,-32309,0,0,0,0,0,198432,0
198257,1682,8122,8,-82,94,221,34277,-20,-11,41,0,37006,131,28,65,0,0,0,0,0,0,0,0,-32309,0,0,0,0,0,198437,0
198262,1778,8118,-6,-76,116,209,34270,-25,-15,51,0,37007,123,28,65,0,0,0,0,0,0,0,0,-32309,0,0,0,0,0,198442,0
198267,1800,8170,-40,-74,138,195,34261,-40,-22,67,0,37007,123,28,65,0,0,0,0,0,0,0,0,-32309,0,0,0,0,0,198447,0
198272,1742,8226,-68,-79,191,175,34247,-70,-27,104,0,37004,119,28,65,0,0,0,0,0,0,0,0,-32308,0,0,0,0,0,198452,0
198277,1566,8196,-122,-81,214,165,34221,-113,-53,157,0,37004,119,28,65,0,0,0,0,0,0,0,0,-32308,0,0,0,0,0,198457,0
198282,1480,8246,-92,-72,236,153,34203,-77,-70,153,0,37005,121,28,65,0,0,0,0,0,0,0,0,-32308,0,0,0,0,0,198462,0
198287,1396,8226,-56,-78,274,151,34190,-53,-43,113,0,37005,121,28,65,0,0,0,0,0,0,0,0,-32309,0,0,0,0,0,198467,0
198292,1216,8170,-30,-84,332,153,34171,-83,-3,119,0,37005,120,28,65,0,0,0,0,0,0,0,0,-32309,0,0,0,0,0,198472,0
198297,1034,8140,-64,-77,351,152,34150,-93,6,150,0,37005,120,28,65,0,0,0,0,0,0,0,0,-32309,0,0,0,0,0,198477,0
198302,960,8144,-22,-82,376,157,34131,-77,0,140,0,37005,122,28,65,0,0,0,0,0,0,0,0,-32308,0,0,0,0,0,198482,0
198307,964,8124,-12,-81,392,162,34111,-89,-13,145,0,37005,122,28,65,0,0,0,0,0,0,0,0,-32309,0,0,0,0,0,198487,0
198312,916,8158,32,-82,425,172,34084,-120,-29,191,0,37004,118,28,65,0,0,0,0,0,0,0,0,-32309,0,0,0,0,0,198492,0
198317,952,8212,80,-80,446,179,34060,-101,-13,184,0,37004,118,28,65,0,0,0,0,0,0,0,0,-32309,0,0,0,0,0,198497,0
198322,952,8192,82,-87,460,182,34033,-123,-24,193,0,37008,124,28,65,0,0,0,0,0,0,0,0,-32309,0,0,0,0,0,198502,0
198327,952,8216,78,-78,467,187,33999,-144,-40,221,0,37008,124,28,65,0,0,0,0,0,0,0,0,-32309,0,0,0,0,0,198507,0
198332,914,8226,82,-78,485,198,33958,-180,-48,246,0,37008,121,28,65,0,0,0,0,0,0,0,0,-32309,0,0,0,0,0,198512,0
198337,852,8206,96,-74,489,204,33914,-197,-63,275,0,37008,121,28,65,0,0,0,0,0,0,0,0,-32308,0,0,0,0,0,198517,0
198342,716,8152,138,-68,496,206,33865,-219,-85,302,0,37007,125,28,65,0,0,0,0,0,0,0,0,-32309,0,0,0,0,0,198522,0
198347,680,8106,168,-71,507,218,33812,-231,-76,336,0,37007,125,28,65,0,0,0,0,0,0,0,0,-32309,0,0,0,0,0,198527,0
198352,696,7996,164,-63,511,233,33757,-239,-69,342,0,37006,125,28,65,0,0,0,0,0,0,0,0,-32308,0,0,0,0,0,198532,0
198357,724,7940,182,-63,515,248,33694,-274,-58,360,0,37006,125,28,65,0,0,0,0,0,0,0,0,-32309,0,0,0,0,0,198537,0
198362,776,7932,190,-57,516,259,33625,-317,-68,430,0,37006,141,28,65,0,0,0,0,0,0,0,0,-32308,0,0,0,0,0,198542,0
198367,784,7900,222,-61,521,266,33548,-345,-93,524,0,37006,141,28,65,0,0,0,0,0,0,0,0,-32309,0,0,0,0,0,198547,0
198372,772,7856,234,-57,527,285,33460,-385,-113,584,0,37008,134,28,65,0,0,0,0,0,0,0,0,-32309,0,0,0,0,0,198552,0
198377,856,7846,202,-48,533,293,33366,-419,-126,646,0,37008,134,28,65,0,0,0,0,0,0,0,0,-32309,0,0,0,0,0,198557,0
198382,960,7928,294,-37,536,300,33267,-440,-125,714,0,37012,128,28,65,0,0,0,0,0,0,0,0,-32309,0,0,0,0,0,198562,0
198387,952,7884,254,-43,535,313,33161,-463,-102,796,0,37012,128,28,65,0,0,0,0,0,0,0,0,-32310,0,0,0,0,0,198567,0
198392,1054,7862,236,-40,538,313,33053,-483,-97,867,0,37022,115,28,65,0,0,0,0,0,0,0,0,-32309,0,0,0,0,0,198572,0
198397,1116,7902,258,-37,536,321,32937,-509,-86,915,0,37022,115,28,65,0,0,0,0,0,0,0,0,-32308,0,0,0,0,0,198577,0
198402,1204,7918,242,-36,536,319,32818,-528,-78,1006,0,37024,100,28,65,0,0,0,0,0,0,0,0,-32308,0,0,0,0,0,198582,0
198407,1258,7946,262,-28,536,311,32697,-537,-70,1083,0,37024,100,28,65,0,0,0,0,0,0,0,0,-32309,0,0,0,0,0,198587,0
198412,1372,8000,268,-16,529,311,32574,-543,-55,1107,0,37023,99,28,65,0,0,0,0,0,0,0,0,-32309,0,0,0,0,0,198592,0
198417,1416,8008,272,-17,536,309,32446,-564,-44,1166,0,37023,99,28,65,0,0,0,0,0,0,0,0,-32309,0,0,0,0,0,198597,0
198422,1452,8094,276,-12,536,297,32316,-570,-41,1232,0,37021,101,28,65,0,0,0,0,0,0,0,0,-32309,0,0,0,0,0,198602,0
198427,1466,8088,278,-17,538,296,32186,-574,-40,1235,0,37021,101,28,65,0,0,0,0,0,0,0,0,-32309,0,0,0,0,0,198607,0
198432,1454,8126,224,-9,545,285,32051,-592,-39,1296,0,37019,101,28,65,0,0,0,0,0,0,0,0,-32308,0,0,0,0,0,198612,0
198437,1438,8124,230,-3,547,280,31916,-592,-32,1389,0,37019,101,28,65,0,0,0,0,0,0,0,0,-32308,0,0,0,0,0,198617,0
198442,1440,8154,182,0,548,271,31782,-587,-22,1350,0,37022,102,28,65,0,0,0,0,0,0,0,0,-32309,0,0,0,0,0,198622,0
198447,1470,8164,200,-1,554,266,31647,-599,-18,1369,0,37022,102,28,65,0,0,0,0,0,0,0,0,-32310,0,0,0,0,0,198627,0
198452,1394,8118,218,-3,549,252,31510,-601,-12,1408,0,37022,98,28,65,0,0,0,0,0,0,0,0,-32309,0,0,0,0,0,198632,0
198457,1418,8078,182,5,549,252,31375,-586,-3,1345,0,37022,98,28,65,0,0,0,0,0,0,0,0,-32308,0,0,0,0,0,198637,0
198462,1390,8040,198,-3,554,244,31240,-597,-4,1365,0,37021,95,28,65,0,0,0,0,0,0,0,0,-32308,0,0,0,0,0,198642,0
198467,1396,8032,168,6,546,241,31103,-598,-5,1424,0,37021,95,28,65,0,0,0,0,0,0,0,0,-32308,0,0,0,0,0,198647,0
198472,1376,7978,152,5,540,230,30967,-594,0,1375,0,37022,97,28,65,0,0,0,0,0,0,0,0,-32309,0,0,0,0,0,198652,0
198477,1400,7938,184,-3,530,225,30832,-598,-3,1392,0,37022,97,28,65,0,0,0,0,0,0,0,0,-32309,0,0,0,0,0,198657,0
198482,1430,7934,182,4,524,227,30694,-614,-8,1417,0,37024,85,28,65,0,0,0,0,0,0,0,0,-32309,0,0,0,0,0,198662,0
198487,1380,7906,134,-2,520,221,30556,-605,-6,1391,0,37024,85,28,65,0,0,0,0,0,0,0,0,-32308,0,0,0,0,0,198667,0
198492,1368,7866,174,-3,514,205,30417,-608,-11,1432,0,37024,85,28,65,0,0,0,0,0,0,0,0,-32308,0,0,0,0,0,198672,0
198497,1386,7890,176,-7,508,205,30279,-605,-9,1434,0,37024,85,28,65,0,0,0,0,0,0,0,0,-32308,0,0,0,0,0,198677,0
198502,1336,7882,154,-3,502,203,30140,-615,-7,1416,0,37029,91,28,65,0,0,0,0,0,0,0,0,-32309,0,0,0,0,0,198682,0
198507,1342,7898,152,-13,497,199,30001,-611,-2,1449,0,37029,91,28,65,0,0,0,0,0,0,0,0,-32309,0,0,0,0,0,198687,0
198512,1372,7948,152,-13,483,198,29861,-612,-5,1426,0,37029,94,28,65,0,0,0,0,0,0,0,0,-32308,0,0,0,0,0,198692,0
198517,1320,8002,186,-12,481,198,29719,-630,-5,1445,0,37029,94,28,65,0,0,0,0,0,0,0,0,-32308,0,0,0,0,0,198697,0
198522,1320,8034,192,-15,477,195,29578,-618,-17,1510,0,37027,97,28,65,0,0,0,0,0,0,0,0,-32308,0,0,0,0,0,198702,0
198527,1332,8022,214,-14,479,191,29437,-615,-3,1460,0,37027,97,28,65,0,0,0,0,0,0,0,0,-32309,0,0,0,0,0,198707,0
198532,1280,8052,228,-19,469,191,29295,-625,-5,1478,0,37024,97,28,65,0,0,0,0,0,0,0,0,-32309,0,0,0,0,0,198712,0
198537,1316,8040,228,-18,468,187,29151,-630,-10,1511,0,37024,97,28,65,0,0,0,0,0,0,0,0,-32309,0,0,0,0,0,198717,0
198542,1334,8044,236,-15,470,185,29008,-628,-3,1461,0,37025,101,28,65,0,0,0,0,0,0,0,0,-32308,0,0,0,0,0,198722,0
198547,1320,8056,254,-17,477,184,28862,-648,-14,1527,0,37025,101,28,65,0,0,0,0,0,0,0,0,-32308,0,0,0,0,0,198727,0
198552,1438,8078,220,-18,476,176,28718,-639,-12,1554,0,37025,99,28,65,0,0,0,0,0,0,0,0,-32309,0,0,0,0,0,198732,0
198557,1472,8056,212,-20,482,171,28575,-636,-8,1499,0,37025,99,28,65,0,0,0,0,0,0,0,0,-32309,0,0,0,0,0,198737,0
198562,1524,8108,208,-24,479,171,28429,-639,-2,1554,0,37024,98,28,65,0,0,0,0,0,0,0,0,-32309,0,0,0,0,0,198742,0
198567,1502,8068,200,-20,480,164,28282,-643,-8,1548,0,37024,98,28,65,0,0,0,0,0,0,0,0,-32309,0,0,0,0,0,198747,0
198572,1550,8094,208,-24,489,151,28138,-640,0,1519,0,37022,89,28,65,0,0,0,0,0,0,0,0,-32308,0,0,0,0,0,198752,0
198577,1538,8114,198,-25,494,145,27995,-626,-1,1568,0,37022,89,28,65,0,0,0,0,0,0,0,0,-32308,0,0,0,0,0,198757,0
198582,1540,8140,198,-29,499,139,27852,-628,13,1530,0,37024,95,28,65,0,0,0,0,0,0,0,0,-32309,0,0,0,0,0,198762,0
198587,1530,8110,148,-27,505,130,27710,-620,10,1524,0,37024,95,28,65,0,0,0,0,0,0,0,0,-32310,0,0,0,0,0,198767,0
198592,1396,8086,138,-33,509,129,27567,-628,7,1540,0,37026,98,28,65,0,0,0,0,0,0,0,0,-32309,0,0,0,0,0,198772,0
198597,1336,8096,174,-35,510,125,27423,-630,4,1507,0,37026,98,28,65,0,0,0,0,0,0,0,0,-32309,0,0,0,0,0,198777,0
198602,1310,8048,188,-35,510,123,27281,-624,-2,1538,0,37030,98,28,65,0,0,0,0,0,0,0,0,-32309,0,0,0,0,0,198782,0
198607,1320,8002,200,-41,515,125,27139,-620,1,1511,0,37030,98,28,65,0,0,0,0,0,0,0,0,-32308,0,0,0,0,0,198787,0
198612,1324,8040,260,-45,518,126,26998,-633,4,1488,0,37027,99,28,65,0,0,0,0,0,0,0,0,-32309,0,0,0,0,0,198792,0
198617,1362,8022,256,-46,509,126,26857,-624,5,1534,0,37027,99,28,65,0,0,0,0,0,0,0,0,-32309,0,0,0,0,0,198797,0
198622,1372,8016,250,-45,511,123,26716,-622,8,1499,0,37028,96,28,65,0,0,0,0,0,0,0,0,-32309,0,0,0,0,0,198802,0
198627,1344,8026,258,-50,514,122,26570,-640,-4,1533,0,37028,96,28,65,0,0,0,0,0,0,0,0,-32308,0,0,0,0,0,198807,0
198632,1312,8070,292,-48,519,118,26427,-638,-15,1607,0,37028,95,28,65,0,0,0,0,0,0,0,0,-32308,0,0,0,0,0,198812,0
198637,1354,8048,306,-43,519,119,26284,-631,-7,1549,0,37028,95,28,65,0,0,0,0,0,0,0,0,-32309,0,0,0,0,0,198817,0
198642,1324,8098,290,-35,529,120,26137,-649,-8,1590,0,37029,91,28,65,0,0,0,0,0,0,0,0,-32309,0,0,0,0,0,198822,0
198647,1256,8090,352,-42,533,115,25991,-642,-12,1594,0,37029,91,28,65,0,0,0,0,0,0,0,0,-32309,0,0,0,0,0,198827,0
198652,1446,8094,340,-40,544,111,25846,-639,-10,1523,0,37032,97,28,65,0,0,0,0,0,0,0,0,-32308,0,0,0,0,0,198832,0
198657,1422,8032,334,-41,540,117,25701,-640,-2,1594,0,37032,97,28,65,0,0,0,0,0,0,0,0,-32308,0,0,0,0,0,198837,0
198662,1450,8042,372,-44,544,114,25554,-641,-2,1600,0,37031,96,28,65,0,0,0,0,0,0,0,0,-32309,0,0,0,0,0,198842,0
198667,1456,8012,324,-33,539,102,25409,-649,5,1585,0,37031,96,28,65,0,0,0,0,0,0,0,0,-32309,0,0,0,0,0,198847,0
198672,1436,7958,310,-37,523,94,25259,-659,-11,1649,0,37029,102,28,65,0,0,0,0,0,0,0,0,-32309,0,0,0,0,0,198852,0
198677,1436,7880,344,-40,511,91,25111,-654,-17,1626,0,37029,102,28,65,0,0,0,0,0,0,0,0,-32308,0,0,0,0,0,198857,0
198682,1458,7972,338,-45,496,85,24961,-655,-15,1650,0,37027,92,28,65,0,0,0,0,0,0,0,0,-32308,0,0,0,0,0,198862,0
198687,1482,7894,344,-48,484,77,24812,-651,-10,1658,0,37027,92,28,65,0,0,0,0,0,0,0,0,-32309,0,0,0,0,0,198867,0
198692,1658,7974,304,-49,451,65,24663,-655,-3,1610,0,37028,102,28,65,0,0,0,0,0,0,0,0,-32310,0,0,0,0,0,198872,0
198697,1638,7920,324,-52,440,61,24518,-640,8,1603,0,37028,102,28,65,0,0,0,0,0,0,0,0,-32309,0,0,0,0,0,198877,0
198702,1590,7958,328,-55,424,51,24375,-625,16,1530,0,37028,99,28,65,0,0,0,0,0,0,0,0,-32309,0,0,0,0,0,198882,0
198707,1500,7962,294,-53,415,47,24232,-621,22,1514,0,37028,99,28,65,0,0,0,0,0,0,0,0,-32308,0,0,0,0,0,198887,0
198712,1508,8004,340,-61,404,37,24092,-601,25,1513,0,37029,87,28,65,0,0,0,0,0,0,0,0,-32309,0,0,0,0,0,198892,0
198717,1582,7984,358,-63,392,28,23955,-597,33,1412,0,37029,87,28,65,0,0,0,0,0,0,0,0,-32309,0,0,0,0,0,198897,0
198722,1508,8044,378,-60,388,28,23818,-599,27,1393,0,37028,82,28,65,0,0,0,0,0,0,0,0,-32310,0,0,0,0,0,198902,0
198727,1510,8076,378,-62,379,23,23684,-587,29,1363,0,37028,82,28,65,0,0,0,0,0,0,0,0,-32309,0,0,0,0,0,198907,0
198732,1406,8032,468,-57,385,14,23553,-575,30,1254,0,37027,82,28,65,0,0,0,0,0,0,0,0,-32308,0,0,0,0,0,198912,0
198737,1332,8100,488,-58,380,17,23424,-564,27,1244,0,37027,82,28,65,0,0,0,0,0,0,0,0,-32308,0,0,0,0,0,198917,0
198742,1394,8084,460,-56,374,9,23299,-543,34,1229,0,37022,88,28,65,0,0,0,0,0,0,0,0,-32309,0,0,0,0,0,198922,0
198747,1356,8040,466,-51,367,4,23178,-519,45,1104,0,37022,88,28,65,0,0,0,0,0,0,0,0,-32309,0,0,0,0,0,198927,0
198752,1560,8082,464,-57,342,-2,23059,-522,51,1058,0,37019,99,28,65,0,0,0,0,0,0,0,0,-32309,0,0,0,0,0,198932,0
198757,1548,8020,482,-48,331,-6,22941,-527,46,1038,0,37019,99,28,65,0,0,0,0,0,0,0,0,-32309,0,0,0,0,0,198937,0
198762,1496,8042,428,-55,320,-20,22829,-498,43,963,0,37019,102,28,65,0,0,0,0,0,0,0,0,-32309,0,0,0,0,0,198942,0
198767,1452,8014,508,-53,303,-30,22717,-487,39,892,0,37019,102,28,65,0,0,0,0,0,0,0,0,-32308,0,0,0,0,0,198947,0
198772,1446,8024,492,-53,283,-42,22611,-473,39,892,0,37017,110,28,65,0,0,0,0,0,0,0,0,-32309,0,0,0,0,0,198952,0
198777,1498,8028,424,-52,273,-49,22507,-449,43,848,0,37017,110,28,65,0,0,0,0,0,0,0,0,-32308,0,0,0,0,0,198957,0
198782,1476,7994,422,-50,263,-54,22407,-431,56,765,0,37018,112,28,65,0,0,0,0,0,0,0,0,-32309,0,0,0,0,0,198962,0
198787,1530,8066,438,-50,250,-61,22311,-417,55,706,0,37018,112,28,65,0,0,0,0,0,0,0,0,-32309,0,0,0,0,0,198967,0
198792,1398,8040,478,-54,237,-68,22220,-394,59,655,0,37017,109,28,65,0,0,0,0,0,0,0,0,-32309,0,0,0,0,0,198972,0
198797,1294,8062,450,-46,232,-69,22133,-384,65,601,0,37017,109,28,65,0,0,0,0,0,0,0,0,-32309,0,0,0,0,0,198977,0
198802,1248,8018,496,-42,235,-80,22053,-353,64,543,0,37015,118,28,65,0,0,0,0,0,0,0,0,-32308,0,0,0,0,0,198982,0
198807,1334,8178,560,-54,227,-78,21974,-341,66,498,0,37015,118,28,65,0,0,0,0,0,0,0,0,-32309,0,0,0,0,0,198987,0
198812,1120,8014,490,-43,221,-89,21899,-320,66,486,0,37019,125,28,65,0,0,0,0,0,0,0,0,-32308,0,0,0,0,0,198992,0
198817,1250,8092,454,-44,215,-94,21836,-281,67,456,0,37019,125,28,65,0,0,0,0,0,0,0,0,-32308,0,0,0,0,0,198997,0
198822,1374,8126,474,-55,206,-92,21776,-263,81,408,0,37016,116,28,65,0,0,0,0,0,0,0,0,-32309,0,0,0,0,0,199002,0
198827,1468,8118,440,-46,192,-89,21718,-254,85,364,0,37016,116,28,65,0,0,0,0,0,0,0,0,-32308,0,0,0,0,0,199007,0
198832,1408,8034,434,-45,176,-105,21663,-240,74,346,0,37014,121,28,65,0,0,0,0,0,0,0,0,-32309,0,0,0,0,0,199012,0
198837,1366,8086,482,-44,173,-106,21612,-222,57,342,0,37014,121,28,65,0,0,0,0,0,0,0,0,-32309,0,0,0,0,0,199017,0
198842,1356,8060,526,-42,158,-111,21566,-196,56,327,0,37011,124,28,65,0,0,0,0,0,0,0,0,-32308,0,0,0,0,0,199022,0
198847,1326,8010,524,-44,156,-113,21523,-195,57,287,0,37011,124,28,65,0,0,0,0,0,0,0,0,-32309,0,0,0,0,0,199027,0
198852,1250,7982,560,-44,145,-113,21487,-160,65,245,0,37010,126,28,65,0,0,0,0,0,0,0,0,-32309,0,0,0,0,0,199032,0
198857,1208,7990,568,-40,136,-113,21459,-120,72,207,0,37010,126,28,65,0,0,0,0,0,0,0,0,-32309,0,0,0,0,0,199037,0
198862,1192,7956,570,-41,144,-118,21441,-76,97,141,0,37008,133,28,65,0,0,0,0,0,0,0,0,-32309,0,0,0,0,0,199042,0
198867,1186,7990,564,-37,141,-114,21420,-98,98,127,0,37008,133,28,65,0,0,0,0,0,0,0,0,-32308,0,0,0,0,0,199047,0
198872,1092,7976,600,-27,137,-109,21402,-77,79,126,0,37006,129,28,65,0,0,0,0,0,0,0,0,-32308,0,0,0,0,0,199052,0
198877,1050,7982,592,-26,132,-102,21392,-36,65,83,0,37006,129,28,65,0,0,0,0,0,0,0,0,-32309,0,0,0,0,0,199057,0
198882,1018,7996,582,-30,135,-103,21387,-24,60,43,0,37006,130,28,65,0,0,0,0,0,0,0,0,-32308,0,0,0,0,0,199062,0
198887,1052,7992,618,-24,125,-97,21382,-21,61,33,0,37006,130,28,65,0,0,0,0,0,0,0,0,-32308,0,0,0,0,0,199067,0
198892,1140,8016,630,-16,120,-89,21374,-36,58,45,0,37006,136,28,65,0,0,0,0,0,0,0,0,-32309,0,0,0,0,0,199072,0
198897,1136,8024,638,-14,119,-90,21364,-52,16,68,0,37006,136,28,65,0,0,0,0,0,0,0,0,-32309,0,0,0,0,0,199077,0
198902,1104,8038,608,-12,120,-87,21354,-43,-19,77,0,37005,133,28,65,0,0,0,0,0,0,0,0,-32308,0,0,0,0,0,199082,0
198907,1042,8058,580,-9,115,-79,21349,-21,-11,49,0,37005,133,28,65,0,0,0,0,0,0,0,0,-32308,0,0,0,0,0,199087,0
198912,1110,8092,578,-2,112,-83,21349,0,14,7,0,37009,131,28,65,0,0,0,0,0,0,0,0,-32309,0,0,0,0,0,199092,0
198917,1158,8136,576,-6,107,-75,21350,3,40,-3,0,37009,131,28,65,0,0,0,0,0,0,0,0,-32309,0,0,0,0,0,199097,0
198922,1212,8136,570,-4,101,-77,21348,-5,46,-1,0,37023,125,28,65,0,0,0,0,0,0,0,0,-32309,0,0,0,0,0,199102,0
198927,1178,8134,556,-2,104,-79,21350,2,30,-2,0,37023,125,28,65,0,0,0,0,0,0,0,0,-32308,0,0,0,0,0,199107,0
198932,1112,8076,584,3,88,-76,21349,-1,5,-4,0,37023,110,28,65,0,0,0,0,0,0,0,0,-32309,0,0,0,0,0,199112,0
198937,1096,8026,564,2,83,-77,21350,1,2,-3,0,37023,110,28,65,0,0,0,0,0,0,0,0,-32308,0,0,0,0,0,199117,0
198942,1052,8026,572,4,76,-73,21350,11,2,-3,0,37020,115,28,65,0,0,0,0,0,0,0,0,-32308,0,0,0,0,0,199122,0
198947,1050,8006,570,6,63,-72,21349,1,1,-4,0,37020,115,28,65,0,0,0,0,0,0,0,0,-32308,0,0,0,0,0,199127,0
198952,952,7908,590,6,40,-67,21349,-5,4,-4,0,37005,115,28,65,0,0,0,0,0,0,0,0,-32308,0,0,0,0,0,199132,0
198957,916,7900,616,4,30,-57,21350,1,1,-5,0,37005,115,28,65,0,0,0,0,0,0,0,0,-32309,0,0,0,0,0,199137,0
198962,858,7870,608,8,11,-54,21350,-3,0,-5,0,37002,122,28,65,0,0,0,0,0,0,0,0,-32309,0,0,0,0,0,199142,0
198967,802,7894,576,6,0,-41,21349,-1,-3,-4,0,37002,122,28,65,0,0,0,0,0,0,0,0,-32308,0,0,0,0,0,199147,0
198972,740,7976,596,6,-26,-29,21350,0,0,-5,0,37001,114,28,65,0,0,0,0,0,0,0,0,-32309,0,0,0,0,0,199152,0
198977,676,8022,558,8,-42,-17,21351,4,2,-4,0,37001,114,28,65,0,0,0,0,0,0,0,0,-32308,0,0,0,0,0,199157,0
198982,680,8096,526,9,-54,-13,21351,5,0,-4,0,37004,115,28,65,0,0,0,0,0,0,0,0,-32308,0,0,0,0,0,199162,0
198987,690,8128,528,6,-71,-1,21350,0,0,-6,0,37004,115,28,65,0,0,0,0,0,0,0,0,-32308,0,0,0,0,0,199167,0
198992,814,8240,540,8,-95,14,21351,-5,4,-4,0,37004,110,28,65,0,0,0,0,0,0,0,0,-32308,0,0,0,0,0,199172,0
198997,880,8292,496,6,-104,18,21352,5,1,-3,0,37004,110,28,65,0,0,0,0,0,0,0,0,-32309,0,0,0,0,0,199177,0
199002,944,8354,520,4,-115,25,21351,2,-2,-3,0,37002,122,28,65,0,0,0,0,0,0,0,0,-32308,0,0,0,0,0,199182,0
199007,1052,8386,498,5,-121,27,21351,0,0,-3,0,37002,122,28,65,0,0,0,0,0,0,0,0,-32309,0,0,0,0,0,199187,0
199012,1154,8444,484,-3,-137,19,21351,5,1,-3,0,37002,121,28,65,0,0,0,0,0,0,0,0,-32308,0,0,0,0,0,199192,0
199017,1208,8424,462,8,-136,17,21350,1,-2,-5,0,37002,121,28,65,0,0,0,0,0,0,0,0,-32309,0,0,0,0,0,199197,0
199022,1256,8386,470,1,-137,17,21352,3,6,-2,0,37003,130,28,65,0,0,0,0,0,0,0,0,-32308,0,0,0,0,0,199203,0
199027,1304,8450,460,7,-138,16,21351,-2,1,-3,0,37003,130,28,65,0,0,0,0,0,0,0,0,-32309,0,0,0,0,0,199208,0
199032,1332,8388,482,10,-134,8,21352,0,-1,-4,0,37005,138,28,65,0,0,0,0,0,0,0,0,-32308,0,0,0,0,0,199213,0
199037,1356,8326,470,4,-141,1,21352,0,1,-4,0,37005,138,28,65,0,0,0,0,0,0,0,0,-32308,0,0,0,0,0,199218,0
199042,1318,8226,488,5,-144,0,21351,-4,-1,-6,0,37004,125,28,65,0,0,0,0,0,0,0,0,-32309,0,0,0,0,0,199223,0
199047,1246,8052,522,9,-134,-9,21352,-2,-1,-7,0,37004,125,28,65,0,0,0,0,0,0,0,0,-32308,0,0,0,0,0,199228,0
199052,1174,8030,586,5,-148,-6,21352,-2,1,-6,0,37002,120,28,65,0,0,0,0,0,0,0,0,-32308,0,0,0,0,0,199233,0
199057,1194,7980,612,0,-158,-6,21353,0,-3,-7,0,37002,120,28,65,0,0,0,0,0,0,0,0,-32309,0,0,0,0,0,199238,0
199062,1176,7928,628,1,-168,-2,21354,0,4,-6,0,37002,122,28,65,0,0,0,0,0,0,0,0,-32309,0,0,0,0,0,199243,0
199067,1126,7910,616,-5,-175,-5,21352,-5,-6,-5,0,37002,122,28,65,0,0,0,0,0,0,0,0,-32308,0,0,0,0,0,199248,0
199072,1080,7770,596,-13,-170,0,21355,0,2,-7,0,37001,118,28,65,0,0,0,0,0,0,0,0,-32308,0,0,0,0,0,199253,0
199077,1082,7814,622,-13,-170,5,21355,3,2,-8,0,37001,118,28,65,0,0,0,0,0,0,0,0,-32309,0,0,0,0,0,199258,0
199082,1058,7878,614,-9,-174,0,21355,10,1,-6,0,37000,121,28,65,0,0,0,0,0,0,0,0,-32308,0,0,0,0,0,199263,0
199087,1112,7896,778,-22,-173,-2,21356,4,-3,-5,0,37000,121,28,65,0,0,0,0,0,0,0,0,-32308,0,0,0,0,0,199268,0
199092,1098,7942,958,-45,-157,-16,21356,9,6,-5,0,37002,121,28,65,0,0,0,0,0,0,0,0,-32309,0,0,0,0,0,199273,0
199097,1084,7994,1056,-54,-159,-34,21356,4,1,-6,0,37002,121,28,65,0,0,0,0,0,0,0,0,-32308,0,0,0,0,0,199278,0
199102,1084,7976,1108,-70,-156,-54,21355,0,-2,-7,0,37002,119,28,65,0,0,0,0,0,0,0,0,-32308,0,0,0,0,0,199283,0
199107,1070,8008,1140,-84,-150,-79,21356,-3,-1,-8,0,37002,119,28,65,0,0,0,0,0,0,0,0,-32309,0,0,0,0,0,199288,0
199112,942,7994,1196,-119,-135,-136,21357,4,1,-8,0,37003,123,28,65,0,0,0,0,0,0,0,0,-32309,0,0,0,0,0,199293,0
199117,866,7964,1186,-140,-130,-157,21358,7,-1,-11,0,37003,123,28,65,0,0,0,0,0,0,0,0,-32308,0,0,0,0,0,199298,0
199122,756,7994,1126,-149,-131,-164,21359,6,3,-16,0,37001,113,28,65,0,0,0,0,0,0,0,0,-32308,0,0,0,0,0,199303,0
199127,640,7994,1100,-164,-132,-168,21362,7,12,-23,0,37001,113,28,65,0,0,0,0,0,0,0,0,-32308,0,0,0,0,0,199308,0
199132,538,7958,1032,-194,-123,-95,21365,19,8,-30,0,37006,115,28,65,0,0,0,0,0,0,0,0,-32308,0,0,0,0,0,199313,0
199137,506,7664,1020,-208,-110,-31,21368,20,8,-37,0,37006,115,28,65,0,0,0,0,0,0,0,0,-32309,0,0,0,0,0,199318,0
199142,672,7746,940,-222,-98,18,21372,16,12,-37,0,37007,122,28,65,0,0,0,0,0,0,0,0,-32308,0,0,0,0,0,199323,0
199147,848,7860,976,-225,-97,60,21374,8,3,-30,0,37007,122,28,65,0,0,0,0,0,0,0,0,-32308,0,0,0,0,0,199328,0
199152,1264,8172,878,-238,-122,82,21376,8,-1,-16,0,37008,125,28,65,0,0,0,0,0,0,0,0,-32308,0,0,0,0,0,199333,0
199157,1334,8252,842,-230,-140,64,21375,0,-16,-4,0,37008,125,28,65,0,0,0,0,0,0,0,0,-32308,0,0,0,0,0,199338,0
199162,1306,8262,868,-230,-153,46,21375,-2,-18,-4,0,37004,130,28,65,0,0,0,0,0,0,0,0,-32308,0,0,0,0,0,199343,0
199167,1224,8206,818,-230,-161,42,21375,-2,-12,-3,0,37004,130,28,65,0,0,0,0,0,0,0,0,-32309,0,0,0,0,0,199348,0
199172,1184,8008,760,-219,-168,41,21376,3,-6,-3,0,37007,137,28,65,0,0,0,0,0,0,0,0,-32309,0,0,0,0,0,199353,0
199177,1188,7916,756,-217,-175,44,21376,0,-1,-3,0,37007,137,28,65,0,0,0,0,0,0,0,0,-32308,0,0,0,0,0,199358,0
199182,1244,7840,700,-198,-175,50,21377,7,5,-7,0,37008,133,28,65,0,0,0,0,0,0,0,0,-32308,0,0,0,0,0,199363,0
199187,1240,7822,692,-194,-184,64,21378,7,1,-9,0,37008,133,28,65,0,0,0,0,0,0,0,0,-32309,0,0,0,0,0,199368,0
199192,1314,7822,670,-179,-218,67,21378,1,5,-11,0,37008,132,28,65,0,0,0,0,0,0,0,0,-32309,0,0,0,0,0,199373,0
199197,1330,7836,636,-172,-231,73,21378,2,0,-12,0,37008,132,28,65,0,0,0,0,0,0,0,0,-32309,0,0,0,0,0,199378,0
199202,1378,7874,656,-161,-245,79,21379,0,-2,-15,0,37004,132,28,65,0,0,0,0,0,0,0,0,-32309,0,0,0,0,0,199383,0
199207,1404,7882,654,-155,-259,76,21381,8,-1,-18,0,37004,132,28,65,0,0,0,0,0,0,0,0,-32308,0,0,0,0,0,199388,0
199212,1420,7902,642,-142,-284,80,21384,15,4,-26,0,37002,125,28,65,0,0,0,0,0,0,0,0,-32309,0,0,0,0,0,199393,0
199217,1444,7924,634,-138,-294,78,21389,19,8,-40,0,37002,125,28,65,0,0,0,0,0,0,0,0,-32309,0,0,0,0,0,199398,0
199222,1398,7980,622,-130,-311,82,21398,45,30,-65,0,37002,129,28,65,0,0,0,0,0,0,0,0,-32309,0,0,0,0,0,199403,0
199227,1462,7978,696,-138,-320,74,21410,54,32,-98,0,37002,129,28,65,0,0,0,0,0,0,0,0,-32308,0,0,0,0,0,199408,0
199232,1448,8108,596,-116,-351,64,21424,53,41,-103,0,37008,116,28,65,0,0,0,0,0,0,0,0,-32308,0,0,0,0,0,199413,0
199237,1366,8162,624,-117,-371,69,21431,22,24,-71,0,37008,116,28,65,0,0,0,0,0,0,0,0,-32309,0,0,0,0,0,199418,0
199242,1384,8148,598,-120,-388,95,21434,3,-3,-36,0,37010,119,28,65,0,0,0,0,0,0,0,0,-32309,0,0,0,0,0,199423,0
199247,1368,8202,600,-112,-412,104,21436,0,-35,-20,0,37010,119,28,65,0,0,0,0,0,0,0,0,-32308,0,0,0,0,0,199428,0
199252,1418,8246,570,-104,-449,141,21438,7,-45,-18,0,37008,128,28,65,0,0,0,0,0,0,0,0,-32309,0,0,0,0,0,199433,0
199257,1472,8246,578,-103,-471,152,21439,7,-35,-23,0,37008,128,28,65,0,0,0,0,0,0,0,0,-32308,0,0,0,0,0,199438,0
199262,1500,8234,564,-97,-488,163,21443,11,-5,-28,0,37002,131,28,65,0,0,0,0,0,0,0,0,-32309,0,0,0,0,0,199443,0
199267,1548,8298,564,-96,-514,171,21448,18,6,-42,0,37002,131,28,65,0,0,0,0,0,0,0,0,-32308,0,0,0,0,0,199448,0
199272,1554,8274,554,-99,-562,181,21456,32,24,-67,0,37001,120,28,65,0,0,0,0,0,0,0,0,-32309,0,0,0,0,0,199453,0
199277,1612,8282,578,-93,-569,181,21472,75,35,-114,0,37001,120,28,65,0,0,0,0,0,0,0,0,-32309,0,0,0,0,0,199458,0
199282,1630,8316,558,-98,-588,179,21491,81,58,-147,0,37005,120,28,65,0,0,0,0,0,0,0,0,-32309,0,0,0,0,0,199463,0
199287,1634,8300,564,-87,-594,174,21504,52,51,-112,0,37005,120,28,65,0,0,0,0,0,0,0,0,-32309,0,0,0,0,0,199468,0
199292,1512,8218,556,-87,-609,196,21508,21,13,-65,0,37006,119,28,65,0,0,0,0,0,0,0,0,-32309,0,0,0,0,0,199473,0
199297,1522,8234,586,-81,-610,214,21515,25,-24,-53,0,37006,119,28,65,0,0,0,0,0,0,0,0,-32309,0,0,0,0,0,199478,0
199302,1592,8236,576,-79,-612,235,21525,43,-45,-74,0,37006,126,28,65,0,0,0,0,0,0,0,0,-32308,0,0,0,0,0,199483,0
199307,1682,8280,590,-82,-616,245,21541,68,-6,-109,0,37006,126,28,65,0,0,0,0,0,0,0,0,-32309,0,0,0,0,0,199488,0
199312,1830,8300,600,-80,-614,257,21556,59,33,-116,0,37005,132,28,65,0,0,0,0,0,0,0,0,-32308,0,0,0,0,0,199493,0
199317,1784,8286,608,-76,-602,258,21565,26,26,-65,0,37005,132,28,65,0,0,0,0,0,0,0,0,-32308,0,0,0,0,0,199498,0
199322,1712,8246,596,-75,-592,267,21564,-4,-16,-16,0,37004,134,28,65,0,0,0,0,0,0,0,0,-32309,0,0,0,0,0,199503,0
199327,1652,8216,604,-70,-583,282,21565,0,-54,-2,0,37004,134,28,65,0,0,0,0,0,0,0,0,-32309,0,0,0,0,0,199508,0
199332,1716,8092,602,-65,-565,330,21565,2,-67,1,0,37010,139,28,65,0,0,0,0,0,0,0,0,-32309,0,0,0,0,0,199513,0
199337,1784,8052,590,-66,-551,343,21565,4,-36,0,0,37010,139,28,65,0,0,0,0,0,0,0,0,-32308,0,0,0,0,0,199518,0
199342,1786,7998,598,-62,-541,366,21564,2,-10,-1,0,37009,136,28,65,0,0,0,0,0,0,0,0,-32309,0,0,0,0,0,199523,0
199347,1758,7964,604,-64,-534,372,21565,4,1,0,0,37009,136,28,65,0,0,0,0,0,0,0,0,-32308,0,0,0,0,0,199528,0
199352,1730,7904,570,-47,-514,396,21564,-1,-1,-1,0,37010,129,28,65,0,0,0,0,0,0,0,0,-32309,0,0,0,0,0,199533,0
199357,1688,7838,576,-46,-505,409,21564,-9,1,-1,0,37010,129,28,65,0,0,0,0,0,0,0,0,-32309,0,0,0,0,0,199538,0
199362,1648,7742,554,-45,-495,420,21566,8,-3,0,0,37004,134,28,65,0,0,0,0,0,0,0,0,-32308,0,0,0,0,0,199543,0
199367,1666,7714,578,-38,-479,438,21564,-3,1,-1,0,37004,134,28,65,0,0,0,0,0,0,0,0,-32309,0,0,0,0,0,199548,0
199372,1666,7652,554,-19,-468,452,21564,0,-1,-2,0,37004,128,28,65,0,0,0,0,0,0,0,0,-32309,0,0,0,0,0,199553,0
199377,1666,7648,544,-17,-459,470,21564,-2,-3,0,0,37004,128,28,65,0,0,0,0,0,0,0,0,-32309,0,0,0,0,0,199558,0
199382,1614,7620,534,-2,-451,474,21565,0,0,0,0,37003,120,28,65,0,0,0,0,0,0,0,0,-32309,0,0,0,0,0,199563,0
199387,1576,7578,516,11,-447,484,21564,1,-2,-1,0,37003,120,28,65,0,0,0,0,0,0,0,0,-32309,0,0,0,0,0,199568,0
199392,1524,7536,530,29,-441,502,21564,1,2,-1,0,37005,124,28,65,0,0,0,0,0,0,0,0,-32310,0,0,0,0,0,199573,0
199397,1510,7554,522,37,-440,513,21565,3,-1,-1,0,37005,124,28,65,0,0,0,0,0,0,0,0,-32309,0,0,0,0,0,199578,0
199402,1512,7532,514,50,-436,515,21565,4,3,-1,0,37005,121,28,65,0,0,0,0,0,0,0,0,-32309,0,0,0,0,0,199583,0
199407,1478,7516,536,55,-435,522,21564,-3,3,-1,0,37005,121,28,65,0,0,0,0,0,0,0,0,-32308,0,0,0,0,0,199588,0
199412,1494,7494,556,73,-427,518,21565,5,0,0,0,37004,125,28,65,0,0,0,0,0,0,0,0,-32309,0,0,0,0,0,199593,0
199417,1494,7470,554,75,-425,513,21565,1,1,0,0,37004,125,28,65,0,0,0,0,0,0,0,0,-32309,0,0,0,0,0,199598,0
199422,1504,7492,580,84,-413,509,21564,6,4,0,0,37002,126,28,65,0,0,0,0,0,0,0,0,-32309,0,0,0,0,0,199603,0
199427,1514,7492,576,89,-406,504,21565,2,-3,-2,0,37002,126,28,65,0,0,0,0,0,0,0,0,-32309,0,0,0,0,0,199608,0
199432,1492,7550,606,97,-386,490,21565,0,-3,-1,0,37007,126,28,65,0,0,0,0,0,0,0,0,-32309,0,0,0,0,0,199613,0
199437,1528,7560,598,101,-376,486,21565,1,2,-1,0,37007,126,28,65,0,0,0,0,0,0,0,0,-32309,0,0,0,0,0,199618,0
199442,1542,7584,602,106,-365,477,21564,-3,2,0,0,37014,125,28,65,0,0,0,0,0,0,0,0,-32308,0,0,0,0,0,199623,0
199447,1504,7602,612,109,-358,472,21565,0,-3,0,0,37014,125,28,65,0,0,0,0,0,0,0,0,-32309,0,0,0,0,0,199628,0
199452,1504,7660,620,113,-340,461,21564,-7,-1,-1,0,37017,120,28,65,0,0,0,0,0,0,0,0,-32308,0,0,0,0,0,199633,0
199457,1490,7682,614,108,-337,458,21565,-7,1,0,0,37017,120,28,65,0,0,0,0,0,0,0,0,-32308,0,0,0,0,0,199638,0
199462,1466,7730,646,104,-334,449,21563,-2,0,0,0,37016,114,28,65,0,0,0,0,0,0,0,0,-32309,0,0,0,0,0,199643,0
199467,1464,7770,636,103,-329,448,21565,0,2,-1,0,37016,114,28,65,0,0,0,0,0,0,0,0,-32308,0,0,0,0,0,199648,0
199472,1420,7814,668,93,-326,439,21563,-6,1,-2,0,37005,128,28,65,0,0,0,0,0,0,0,0,-32308,0,0,0,0,0,199653,0
199477,1418,7822,636,92,-322,436,21564,-2,1,-1,0,37005,128,28,65,0,0,0,0,0,0,0,0,-32308,0,0,0,0,0,199658,0
199482,1394,7824,608,84,-321,423,21563,0,0,0,0,37003,130,28,65,0,0,0,0,0,0,0,0,-32308,0,0,0,0,0,199663,0
199487,1400,7854,644,77,-316,413,21563,-4,5,0,0,37003,130,28,65,0,0,0,0,0,0,0,0,-32309,0,0,0,0,0,199668,0
199492,1378,7850,600,64,-314,386,21563,-5,3,-1,0,37003,125,28,65,0,0,0,0,0,0,0,0,-32308,0,0,0,0,0,199673,0
199497,1390,7882,592,66,-318,381,21563,-2,7,-1,0,37003,125,28,65,0,0,0,0,0,0,0,0,-32308,0,0,0,0,0,199678,0
199502,1402,7908,564,55,-308,365,21565,4,3,0,0,37003,127,28,65,0,0,0,0,0,0,0,0,-32308,0,0,0,0,0,199683,0
199507,1380,7928,560,57,-307,355,21563,-3,6,0,0,37003,127,28,65,0,0,0,0,0,0,0,0,-32309,0,0,0,0,0,199688,0
199512,1386,7928,488,52,-307,329,21564,-4,3,0,0,37003,128,28,65,0,0,0,0,0,0,0,0,-32309,0,0,0,0,0,199693,0
199517,1406,7894,502,55,-312,316,21565,2,1,0,0,37003,128,28,65,0,0,0,0,0,0,0,0,-32309,0,0,0,0,0,199698,0
199522,1376,7918,456,55,-306,307,21563,-3,5,-2,0,37000,128,28,65,0,0,0,0,0,0,0,0,-32309,0,0,0,0,0,199703,0
199527,1390,7930,430,59,-309,293,21566,-2,0,-1,0,37000,128,28,65,0,0,0,0,0,0,0,0,-32308,0,0,0,0,0,199708,0
199532,1454,7890,422,54,-306,266,21565,5,-3,0,0,36999,123,28,65,0,0,0,0,0,0,0,0,-32309,0,0,0,0,0,199713,0
199537,1502,7884,404,62,-296,250,21564,-3,8,-1,0,36999,123,28,65,0,0,0,0,0,0,0,0,-32308,0,0,0,0,0,199718,0
199542,1534,7872,410,65,-288,233,21563,-1,0,0,0,37002,129,28,65,0,0,0,0,0,0,0,0,-32308,0,0,0,0,0,199723,0
199547,1554,7852,396,66,-274,218,21565,0,-1,0,0,37002,129,28,65,0,0,0,0,0,0,0,0,-32308,0,0,0,0,0,199728,0
199552,1666,7884,394,80,-250,196,21564,-3,1,0,0,37002,134,28,65,0,0,0,0,0,0,0,0,-32309,0,0,0,0,0,199733,0
199557,1700,7888,394,85,-227,186,21564,-8,2,0,0,37002,134,28,65,0,0,0,0,0,0,0,0,-32309,0,0,0,0,0,199738,0
199562,1696,7932,390,92,-212,185,21565,4,1,0,0,37002,136,28,65,0,0,0,0,0,0,0,0,-32309,0,0,0,0,0,199743,0
199567,1708,7920,378,96,-196,174,21565,0,-2,0,0,37002,136,28,65,0,0,0,0,0,0,0,0,-32308,0,0,0,0,0,199748,0
199572,1780,7950,396,111,-158,172,21564,-2,1,0,0,36999,127,28,65,0,0,0,0,0,0,0,0,-32308,0,0,0,0,0,199753,0
199577,1812,7980,374,125,-148,174,21563,-1,2,0,0,36999,127,28,65,0,0,0,0,0,0,0,0,-32309,0,0,0,0,0,199758,0
199582,1802,8000,382,124,-125,176,21565,0,1,0,0,37000,123,28,65,0,0,0,0,0,0,0,0,-32309,0,0,0,0,0,199763,0
199587,1814,8004,398,142,-106,180,21565,1,-1,0,0,37000,123,28,65,0,0,0,0,0,0,0,0,-32309,0,0,0,0,0,199768,0
199592,1792,7952,402,155,-86,196,21565,0,2,0,0,37000,133,28,65,0,0,0,0,0,0,0,0,-32308,0,0,0,0,0,199773,0
199597,1794,7934,432,153,-75,203,21565,3,1,0,0,37000,133,28,65,0,0,0,0,0,0,0,0,-32309,0,0,0,0,0,199778,0
199602,1838,7918,424,160,-67,214,21565,-4,-4,0,0,37002,130,28,65,0,0,0,0,0,0,0,0,-32309,0,0,0,0,0,199783,0
199607,1814,7902,428,164,-56,220,21565,0,0,0,0,37002,130,28,65,0,0,0,0,0,0,0,0,-32309,0,0,0,0,0,199788,0
199612,1818,7922,406,174,-35,239,21564,-5,-1,0,0,37002,131,28,65,0,0,0,0,0,0,0,0,-32309,0,0,0,0,0,199793,0
199617,1844,7904,432,175,-35,244,21564,-6,-1,0,0,37002,131,28,65,0,0,0,0,0,0,0,0,-32309,0,0,0,0,0,199798,0
199622,1806,7884,436,182,-18,248,21565,2,-1,-1,0,37004,128,28,65,0,0,0,0,0,0,0,0,-32308,0,0,0,0,0,199803,0
199627,1808,7874,398,186,-12,252,21564,-5,5,-2,0,37004,128,28,65,0,0,0,0,0,0,0,0,-32309,0,0,0,0,0,199808,0
199632,1772,7884,400,188,-7,262,21564,-8,-2,0,0,37002,119,28,65,0,0,0,0,0,0,0,0,-32309,0,0,0,0,0,199813,0
199637,1740,7910,422,191,3,267,21564,-9,2,1,0,37002,119,28,65,0,0,0,0,0,0,0,0,-32309,0,0,0,0,0,199818,0
199642,1746,7924,456,194,1,271,21565,-1,5,1,0,37002,131,28,65,0,0,0,0,0,0,0,0,-32309,0,0,0,0,0,199823,0
199647,1720,7900,458,199,4,269,21564,-3,0,-1,0,37002,131,28,65,0,0,0,0,0,0,0,0,-32308,0,0,0,0,0,199828,0
199652,1662,7872,430,215,6,273,21565,3,3,-1,0,37003,136,28,65,0,0,0,0,0,0,0,0,-32308,0,0,0,0,0,199833,0
199657,1662,7866,434,215,0,272,21565,1,-1,-1,0,37003,136,28,65,0,0,0,0,0,0,0,0,-32308,0,0,0,0,0,199838,0
199662,1676,7834,452,223,-3,270,21565,2,5,0,0,37003,136,28,65,0,0,0,0,0,0,0,0,-32308,0,0,0,0,0,199843,0
199667,1696,7844,434,231,-6,264,21565,1,0,-2,0,37003,136,28,65,0,0,0,0,0,0,0,0,-32308,0,0,0,0,0,199848,0
199672,1774,7894,446,231,-11,264,21564,-3,0,-2,0,37000,137,28,65,0,0,0,0,0,0,0,0,-32309,0,0,0,0,0,199853,0
199677,1732,7946,488,238,-2,255,21565,1,0,-1,0,37000,137,28,65,0,0,0,0,0,0,0,0,-32309,0,0,0,0,0,199858,0
199682,1724,7986,496,242,-5,247,21565,2,-3,-2,0,36999,128,28,65,0,0,0,0,0,0,0,0,-32308,0,0,0,0,0,199863,0
199687,1752,8050,518,253,-19,245,21563,0,1,-2,0,36999,128,28,65,0,0,0,0,0,0,0,0,-32309,0,0,0,0,0,199868,0
199692,1730,8020,508,252,-17,248,21564,0,2,-2,0,36999,134,28,65,0,0,0,0,0,0,0,0,-32309,0,0,0,0,0,199873,0
199697,1758,8014,538,248,-26,250,21565,4,-1,-1,0,36999,134,28,65,0,0,0,0,0,0,0,0,-32308,0,0,0,0,0,199878,0
199702,1780,8030,558,248,-23,251,21565,7,5,-1,0,37003,132,28,65,0,0,0,0,0,0,0,0,-32309,0,0,0,0,0,199883,0
199707,1832,8014,562,251,-26,256,21564,0,-2,0,0,37003,132,28,65,0,0,0,0,0,0,0,0,-32308,0,0,0,0,0,199888,0
199712,1840,7972,590,256,-33,258,21565,-6,-4,0,0,37005,122,28,65,0,0,0,0,0,0,0,0,-32309,0,0,0,0,0,199893,0
199717,1866,7920,590,242,-26,260,21565,-1,-2,0,0,37005,122,28,65,0,0,0,0,0,0,0,0,-32309,0,0,0,0,0,199898,0
199722,1860,7852,604,241,-25,259,21565,8,1,-2,0,37005,113,28,65,0,0,0,0,0,0,0,0,-32309,0,0,0,0,0,199903,0
199727,1894,7822,600,247,-22,260,21564,-2,-1,0,0,37005,113,28,65,0,0,0,0,0,0,0,0,-32309,0,0,0,0,0,199908,0
199732,1922,7780,598,240,-17,264,21565,0,-2,0,0,37005,116,28,65,0,0,0,0,0,0,0,0,-32309,0,0,0,0,0,199913,0
199737,1916,7768,630,238,-14,266,21565,0,0,0,0,37005,116,28,65,0,0,0,0,0,0,0,0,-32309,0,0,0,0,0,199918,0
199742,1932,7718,604,230,-7,261,21565,8,2,0,0,37006,114,28,65,0,0,0,0,0,0,0,0,-32309,0,0,0,0,0,199923,0
199747,1880,7728,620,233,9,269,21565,0,-5,0,0,37006,114,28,65,0,0,0,0,0,0,0,0,-32309,0,0,0,0,0,199928,0
199752,1852,7792,646,229,22,266,21564,4,-1,-1,0,37004,117,28,65,0,0,0,0,0,0,0,0,-32309,0,0,0,0,0,199933,0
199757,1850,7784,654,225,27,266,21564,6,2,-2,0,37004,117,28,65,0,0,0,0,0,0,0,0,-32309,0,0,0,0,0,199938,0
199762,1808,7780,640,225,36,261,21565,8,0,-1,0,37004,120,28,65,0,0,0,0,0,0,0,0,-32309,0,0,0,0,0,199943,0
199767,1800,7766,658,222,40,266,21564,-3,-1,-1,0,37004,120,28,65,0,0,0,0,0,0,0,0,-32309,0,0,0,0,0,199948,0
199772,1768,7756,694,216,60,258,21564,-8,-4,0,0,37002,125,28,65,0,0,0,0,0,0,0,0,-32309,0,0,0,0,0,199953,0
199777,1778,7782,690,208,67,252,21565,-5,-4,0,0,37002,125,28,65,0,0,0,0,0,0,0,0,-32308,0,0,0,0,0,199958,0
199782,1780,7792,660,203,80,246,21565,0,0,0,0,37002,133,28,65,0,0,0,0,0,0,0,0,-32308,0,0,0,0,0,199963,0
199787,1778,7788,684,202,81,240,21565,3,-2,0,0,37002,133,28,65,0,0,0,0,0,0,0,0,-32308,0,0,0,0,0,199968,0
199792,1732,7882,682,187,98,221,21564,0,0,0,0,37002,133,28,65,0,0,0,0,0,0,0,0,-32308,0,0,0,0,0,199973,0
199797,1714,7936,664,183,97,213,21565,0,-1,-1,0,37002,133,28,65,0,0,0,0,0,0,0,0,-32308,0,0,0,0,0,199978,0
199802,1734,7974,652,183,114,208,21564,0,0,-1,0,37002,136,28,65,0,0,0,0,0,0,0,0,-32309,0,0,0,0,0,199983,0
199807,1778,7958,646,173,114,201,21563,0,5,0,0,37002,136,28,65,0,0,0,0,0,0,0,0,-32309,0,0,0,0,0,199988,0
199812,1778,8018,636,163,125,179,21565,5,-1,0,0,37002,142,28,65,0,0,0,0,0,0,0,0,-32308,0,0,0,0,0,199993,0
199817,1770,8030,634,154,136,177,21564,-1,2,0,0,37002,142,28,65,0,0,0,0,0,0,0,0,-32308,0,0,0,0,0,199998,0
199822,1812,8056,640,147,139,164,21564,-1,1,-1,0,37002,135,28,65,0,0,0,0,0,0,0,0,-32308,0,0,0,0,0,200003,0
199827,1844,8070,636,140,147,162,21564,0,3,-1,0,37002,135,28,65,0,0,0,0,0,0,0,0,-32308,0,0,0,0,0,200008,0
199832,1832,8128,612,130,160,149,21564,-2,-1,0,0,37002,130,28,65,0,0,0,0,0,0,0,0,-32308,0,0,0,0,0,200013,0
199837,1890,8156,626,118,167,145,21565,-1,0,0,0,37002,130,28,65,0,0,0,0,0,0,0,0,-32308,0,0,0,0,0,200018,0
199842,1938,8170,594,112,178,143,21565,2,-1,0,0,37002,136,28,65,0,0,0,0,0,0,0,0,-32309,0,0,0,0,0,200023,0
199847,1980,8150,582,110,192,137,21565,3,3,2,0,37002,136,28,65,0,0,0,0,0,0,0,0,-32309,0,0,0,0,0,200028,0
199852,2002,8176,570,97,208,140,21564,-1,-2,2,0,37006,135,28,65,0,0,0,0,0,0,0,0,-32308,0,0,0,0,0,200033,0
199857,1984,8146,530,104,223,136,21563,2,-1,-1,0,37006,135,28,65,0,0,0,0,0,0,0,0,-32308,0,0,0,0,0,200038,0
199862,2020,8188,530,96,234,136,21565,0,-2,0,0,37004,133,28,65,0,0,0,0,0,0,0,0,-32309,0,0,0,0,0,200043,0
199867,2032,8140,520,93,249,145,21565,3,0,0,0,37004,133,28,65,0,0,0,0,0,0,0,0,-32309,0,0,0,0,0,200048,0
199872,2038,8116,512,91,277,146,21564,0,4,-2,0,37005,130,28,65,0,0,0,0,0,0,0,0,-32309,0,0,0,0,0,200053,0
199877,2026,8122,492,86,287,154,21565,-1,-4,-2,0,37005,130,28,65,0,0,0,0,0,0,0,0,-32309,0,0,0,0,0,200058,0
199882,2008,8080,508,89,302,146,21564,6,0,0,0,37002,120,28,65,0,0,0,0,0,0,0,0,-32308,0,0,0,0,0,200063,0
199887,2012,8054,496,87,314,151,21564,1,3,-1,0,37002,120,28,65,0,0,0,0,0,0,0,0,-32308,0,0,0,0,0,200068,0
199892,1960,8006,480,86,336,143,21564,-5,-2,-1,0,37002,122,28,65,0,0,0,0,0,0,0,0,-32309,0,0,0,0,0,200073,0
199897,1912,7960,476,94,342,146,21564,1,3,0,0,37002,122,28,65,0,0,0,0,0,0,0,0,-32309,0,0,0,0,0,200078,0
199902,1920,7942,454,91,346,142,21565,6,4,0,0,37002,124,28,65,0,0,0,0,0,0,0,0,-32309,0,0,0,0,0,200083,0
199907,1964,7894,458,94,353,138,21565,0,-5,0,0,37002,124,28,65,0,0,0,0,0,0,0,0,-32308,0,0,0,0,0,200088,0
199912,1938,7880,458,96,361,135,21564,-1,0,0,0,37000,127,28,65,0,0,0,0,0,0,0,0,-32308,0,0,0,0,0,200093,0
199917,1904,7870,494,98,361,137,21565,0,2,0,0,37000,127,28,65,0,0,0,0,0,0,0,0,-32309,0,0,0,0,0,200098,0
199922,1924,7856,470,98,366,132,21564,-5,-2,0,0,37002,134,28,65,0,0,0,0,0,0,0,0,-32309,0,0,0,0,0,200103,0
199927,1982,7898,484,89,366,126,21564,0,-2,0,0,37002,134,28,65,0,0,0,0,0,0,0,0,-32309,0,0,0,0,0,200108,0
199932,1944,7892,490,97,368,126,21565,1,0,1,0,37001,120,28,65,0,0,0,0,0,0,0,0,-32308,0,0,0,0,0,200113,0
199937,1950,7880,484,96,375,129,21564,-7,0,0,0,37001,120,28,65,0,0,0,0,0,0,0,0,-32308,0,0,0,0,0,200118,0
199942,1960,7856,494,94,373,131,21563,-3,0,0,0,37001,119,28,65,0,0,0,0,0,0,0,0,-32308,0,0,0,0,0,200123,0
199947,1910,7846,480,106,371,131,21564,-4,-2,0,0,37001,119,28,65,0,0,0,0,0,0,0,0,-32309,0,0,0,0,0,200128,0
199952,1942,7836,500,100,362,126,21565,2,3,0,0,37002,128,28,65,0,0,0,0,0,0,0,0,-32308,0,0,0,0,0,200133,0
199957,1940,7828,514,105,364,137,21565,-3,2,0,0,37002,128,28,65,0,0,0,0,0,0,0,0,-32309,0,0,0,0,0,200138,0
199962,1988,7832,504,105,358,137,21563,-7,2,0,0,37006,132,28,65,0,0,0,0,0,0,0,0,-32309,0,0,0,0,0,200143,0
199967,1960,7818,498,113,348,141,21563,-2,-8,0,0,37006,132,28,65,0,0,0,0,0,0,0,0,-32308,0,0,0,0,0,200148,0
199972,1982,7792,518,120,346,135,21564,0,-3,-1,0,37007,129,28,65,0,0,0,0,0,0,0,0,-32309,0,0,0,0,0,200153,0
199977,1972,7814,524,116,345,143,21565,-5,-1,0,0,37007,129,28,65,0,0,0,0,0,0,0,0,-32309,0,0,0,0,0,200158,0
199982,1964,7800,518,118,341,142,21564,0,0,0,0,37008,126,28,65,0,0,0,0,0,0,0,0,-32309,0,0,0,0,0,200163,0
199987,1972,7788,540,123,325,148,21564,0,-5,0,0,37008,126,28,65,0,0,0,0,0,0,0,0,-32308,0,0,0,0,0,200168,0
199992,1928,7762,534,126,320,145,21566,4,0,0,0,37005,126,28,65,0,0,0,0,0,0,0,0,-32309,0,0,0,0,0,200173,0
199997,1932,7748,568,126,317,145,21563,-3,-2,0,0,37005,126,28,65,0,0,0,0,0,0,0,0,-32309,0,0,0,0,0,200178,0
200002,1918,7782,566,119,306,149,21565,0,1,0,0,37003,129,28,65,0,0,0,0,0,0,0,0,-32309,0,0,0,0,0,200183,0
200007,1892,7756,568,129,302,143,21565,7,4,-1,0,37003,129,28,65,0,0,0,0,0,0,0,0,-32309,0,0,0,0,0,200188,0
200012,1874,7766,582,122,282,144,21565,0,-2,-1,0,37000,131,28,65,0,0,0,0,0,0,0,0,-32308,0,0,0,0,0,200193,0
200017,1884,7770,612,116,277,138,21564,-1,3,0,0,37000,131,28,65,0,0,0,0,0,0,0,0,-32308,0,0,0,0,0,200198,0
200022,1872,7800,616,122,270,140,21564,-2,-2,-1,0,36999,120,28,65,0,0,0,0,0,0,0,0,-32309,0,0,0,0,0,200204,0
200027,1870,7826,610,115,259,134,21564,-2,2,-1,0,36999,120,28,65,0,0,0,0,0,0,0,0,-32308,0,0,0,0,0,200209,0
200032,1814,7886,632,119,240,129,21565,2,0,0,0,37000,126,28,65,0,0,0,0,0,0,0,0,-32309,0,0,0,0,0,200214,0
200037,1824,7910,614,112,219,131,21564,-1,-2,0,0,37000,126,28,65,0,0,0,0,0,0,0,0,-32309,0,0,0,0,0,200219,0
200042,1822,7886,610,110,217,126,21564,1,-1,0,0,36999,126,28,65,0,0,0,0,0,0,0,0,-32308,0,0,0,0,0,200224,0
200047,1812,7902,618,102,196,123,21565,0,2,-1,0,36999,126,28,65,0,0,0,0,0,0,0,0,-32308,0,0,0,0,0,200229,0
200052,1796,7904,646,97,170,116,21565,4,2,-2,0,36998,128,28,65,0,0,0,0,0,0,0,0,-32308,0,0,0,0,0,200234,0
200057,1778,7916,618,98,158,109,21564,0,-3,1,0,36998,128,28,65,0,0,0,0,0,0,0,0,-32308,0,0,0,0,0,200239,0
200062,1786,7880,612,97,141,104,21565,5,3,1,0,37005,129,28,65,0,0,0,0,0,0,0,0,-32309,0,0,0,0,0,200244,0
200067,1772,7844,600,98,126,104,21565,3,-3,-1,0,37005,129,28,65,0,0,0,0,0,0,0,0,-32308,0,0,0,0,0,200249,0
200072,1806,7964,660,97,83,85,21565,1,4,-1,0,37008,121,28,65,0,0,0,0,0,0,0,0,-32308,0,0,0,0,0,200254,0
200077,1794,7986,668,93,69,81,21564,3,-3,-1,0,37008,121,28,65,0,0,0,0,0,0,0,0,-32309,0,0,0,0,0,200259,0
200082,1830,8004,614,85,49,78,21564,-5,-1,0,0,37008,120,28,65,0,0,0,0,0,0,0,0,-32309,0,0,0,0,0,200264,0
200087,1796,7990,664,86,30,77,21565,5,-2,0,0,37008,120,28,65,0,0,0,0,0,0,0,0,-32308,0,0,0,0,0,200269,0
200092,1826,7946,652,75,-4,76,21566,9,0,-1,0,37001,125,28,65,0,0,0,0,0,0,0,0,-32309,0,0,0,0,0,200274,0
200097,1808,7928,646,74,-16,74,21565,2,0,-1,0,37001,125,28,65,0,0,0,0,0,0,0,0,-32309,0,0,0,0,0,200279,0
200102,1834,7854,652,65,-37,74,21564,-2,1,-2,0,37002,124,28,65,0,0,0,0,0,0,0,0,-32308,0,0,0,0,0,200284,0
200107,1844,7860,644,64,-51,74,21565,5,0,-1,0,37002,124,28,65,0,0,0,0,0,0,0,0,-32309,0,0,0,0,0,200289,0
200112,1898,7826,640,62,-78,65,21565,2,-1,-1,0,37001,129,28,65,0,0,0,0,0,0,0,0,-32309,0,0,0,0,0,200294,0
200117,1900,7800,654,62,-91,59,21564,-4,-2,-1,0,37001,129,28,65,0,0,0,0,0,0,0,0,-32309,0,0,0,0,0,200299,0
200122,1890,7738,614,62,-104,54,21565,3,2,-1,0,37001,124,28,65,0,0,0,0,0,0,0,0,-32309,0,0,0,0,0,200304,0
200127,1904,7716,630,61,-113,58,21565,0,-1,0,0,37001,124,28,65,0,0,0,0,0,0,0,0,-32309,0,0,0,0,0,200309,0
200132,1928,7670,586,59,-136,59,21563,-3,-5,0,0,37002,120,28,65,0,0,0,0,0,0,0,0,-32309,0,0,0,0,0,200314,0
200137,1900,7648,574,67,-145,54,21564,0,0,0,0,37002,120,28,65,0,0,0,0,0,0,0,0,-32309,0,0,0,0,0,200319,0
200142,1920,7658,566,72,-153,55,21564,-3,0,0,0,37002,123,28,65,0,0,0,0,0,0,0,0,-32309,0,0,0,0,0,200324,0
200147,1916,7660,578,70,-169,51,21565,4,-1,-1,0,37002,123,28,65,0,0,0,0,0,0,0,0,-32309,0,0,0,0,0,200329,0
200152,1944,7700,596,77,-183,49,21564,-2,-1,-1,0,37003,124,28,65,0,0,0,0,0,0,0,0,-32309,0,0,0,0,0,200334,0
200157,1918,7710,582,85,-202,44,21565,-2,1,1,0,37003,124,28,65,0,0,0,0,0,0,0,0,-32308,0,0,0,0,0,200339,0
200162,1964,7720,606,85,-209,40,21565,1,0,0,0,37003,119,28,65,0,0,0,0,0,0,0,0,-32308,0,0,0,0,0,200344,0
200167,1944,7746,586,88,-219,39,21564,-4,-6,0,0,37003,119,28,65,0,0,0,0,0,0,0,0,-32309,0,0,0,0,0,200349,0
200172,1928,7746,620,100,-237,36,21564,-1,2,-1,0,37004,127,28,65,0,0,0,0,0,0,0,0,-32309,0,0,0,0,0,200354,0
200177,1956,7766,616,96,-249,39,21565,0,1,-1,0,37004,127,28,65,0,0,0,0,0,0,0,0,-32308,0,0,0,0,0,200359,0
200182,1982,7778,642,98,-254,36,21564,-6,-2,-1,0,37003,128,28,65,0,0,0,0,0,0,0,0,-32308,0,0,0,0,0,200364,0
200187,1986,7780,644,96,-268,30,21564,3,-1,-1,0,37003,128,28,65,0,0,0,0,0,0,0,0,-32308,0,0,0,0,0,200369,0
200192,2032,7836,650,101,-279,32,21565,0,-1,-1,0,37005,121,28,65,0,0,0,0,0,0,0,0,-32308,0,0,0,0,0,200374,0
200197,2038,7838,688,91,-293,32,21564,0,-1,0,0,37005,121,28,65,0,0,0,0,0,0,0,0,-32308,0,0,0,0,0,200379,0
200202,2024,7842,684,93,-299,28,21564,-4,-1,-1,0,37013,120,28,65,0,0,0,0,0,0,0,0,-32308,0,0,0,0,0,200384,0
200207,2024,7864,680,92,-302,31,21565,-3,3,-1,0,37013,120,28,65,0,0,0,0,0,0,0,0,-32309,0,0,0,0,0,200389,0
200212,2046,7878,692,83,-309,31,21564,-5,-6,0,0,37026,121,28,65,0,0,0,0,0,0,0,0,-32309,0,0,0,0,0,200394,0
200217,2052,7926,686,76,-317,36,21565,0,-4,-1,0,37026,121,28,65,0,0,0,0,0,0,0,0,-32308,0,0,0,0,0,200399,0
200222,2040,7938,680,75,-322,43,21565,5,-1,0,0,37024,131,28,65,0,0,0,0,0,0,0,0,-32309,0,0,0,0,0,200404,0
200227,2060,7946,686,69,-328,39,21564,-4,0,0,0,37024,131,28,65,0,0,0,0,0,0,0,0,-32308,0,0,0,0,0,200409,0
200232,2086,7986,680,64,-328,40,21565,5,3,0,0,37012,133,28,65,0,0,0,0,0,0,0,0,-32309,0,0,0,0,0,200414,0
200237,2064,7976,678,65,-325,42,21564,-3,-2,-1,0,37012,133,28,65,0,0,0,0,0,0,0,0,-32309,0,0,0,0,0,200419,0
200242,2078,7994,690,56,-330,42,21565,4,3,0,0,37004,123,28,65,0,0,0,0,0,0,0,0,-32308,0,0,0,0,0,200424,0
200247,2054,7986,688,58,-334,48,21565,5,-3,0,0,37004,123,28,65,0,0,0,0,0,0,0,0,-32308,0,0,0,0,0,200429,0
200252,2074,7980,666,54,-333,50,21564,0,2,-1,0,37004,119,28,65,0,0,0,0,0,0,0,0,-32309,0,0,0,0,0,200434,0
200257,2058,7980,658,56,-324,53,21564,-4,-1,-1,0,37004,119,28,65,0,0,0,0,0,0,0,0,-32308,0,0,0,0,0,200439,0
200262,2064,8014,676,54,-332,52,21565,1,2,-2,0,37009,116,28,65,0,0,0,0,0,0,0,0,-32308,0,0,0,0,0,200444,0
200267,2050,8010,680,60,-323,57,21565,-5,3,-2,0,37009,116,28,65,0,0,0,0,0,0,0,0,-32309,0,0,0,0,0,200449,0
200272,2074,8036,666,64,-321,55,21564,-1,-2,-2,0,37005,114,28,65,0,0,0,0,0,0,0,0,-32308,0,0,0,0,0,200454,0
200277,2042,8018,674,65,-315,56,21565,1,-3,0,0,37005,114,28,65,0,0,0,0,0,0,0,0,-32308,0,0,0,0,0,200459,0
200282,2050,7946,694,69,-312,55,21564,-2,1,0,0,37003,120,28,65,0,0,0,0,0,0,0,0,-32308,0,0,0,0,0,200464,0
200287,1990,8022,650,69,-307,55,21566,3,4,0,0,37003,120,28,65,0,0,0,0,0,0,0,0,-32308,0,0,0,0,0,200469,0
200292,1998,8030,676,71,-305,60,21565,3,3,-1,0,37002,123,28,65,0,0,0,0,0,0,0,0,-32308,0,0,0,0,0,200474,0
200297,2030,7980,688,69,-293,57,21565,3,3,0,0,37002,123,28,65,0,0,0,0,0,0,0,0,-32308,0,0,0,0,0,200479,0
200302,2070,7986,674,70,-287,51,21564,7,-2,0,0,37003,131,28,65,0,0,0,0,0,0,0,0,-32308,0,0,0,0,0,200484,0
200307,2054,7958,686,69,-285,47,21565,2,-1,0,0,37003,131,28,65,0,0,0,0,0,0,0,0,-32308,0,0,0,0,0,200489,0
200312,2022,7950,718,70,-274,42,21565,0,-2,0,0,37002,137,28,65,0,0,0,0,0,0,0,0,-32309,0,0,0,0,0,200494,0
200317,2022,7888,746,67,-268,43,21564,0,1,0,0,37002,137,28,65,0,0,0,0,0,0,0,0,-32309,0,0,0,0,0,200499,0
200322,2036,7846,732,70,-266,39,21563,-7,0,-2,0,37003,134,28,65,0,0,0,0,0,0,0,0,-32308,0,0,0,0,0,200504,0
200327,2032,7852,736,60,-258,44,21565,0,-4,0,0,37003,134,28,65,0,0,0,0,0,0,0,0,-32309,0,0,0,0,0,200509,0
200332,2078,7738,756,54,-238,40,21564,0,0,0,0,37002,130,28,65,0,0,0,0,0,0,0,0,-32308,0,0,0,0,0,200514,0
200337,2084,7724,732,49,-230,36,21564,0,3,-1,0,37002,130,28,65,0,0,0,0,0,0,0,0,-32308,0,0,0,0,0,200519,0
200342,2078,7666,732,48,-216,30,21564,-4,-1,0,0,37002,136,28,65,0,0,0,0,0,0,0,0,-32308,0,0,0,0,0,200524,0
200347,2110,7624,726,47,-210,25,21565,3,0,0,0,37002,136,28,65,0,0,0,0,0,0,0,0,-32308,0,0,0,0,0,200529,0
200352,2108,7524,730,36,-182,14,21565,1,2,-1,0,37002,127,28,65,0,0,0,0,0,0,0,0,-32309,0,0,0,0,0,200534,0
200357,2094,7524,706,30,-178,1,21565,3,0,0,0,37002,127,28,65,0,0,0,0,0,0,0,0,-32308,0,0,0,0,0,200539,0
200362,2122,7508,692,29,-163,2,21565,3,-3,-1,0,37000,124,28,65,0,0,0,0,0,0,0,0,-32308,0,0,0,0,0,200544,0
200367,2148,7482,722,28,-157,-2,21565,-1,-2,-3,0,37000,124,28,65,0,0,0,0,0,0,0,0,-32308,0,0,0,0,0,200549,0
200372,2136,7508,702,22,-144,-9,21564,0,0,-2,0,37005,120,28,65,0,0,0,0,0,0,0,0,-32308,0,0,0,0,0,200554,0
200377,2182,7506,684,14,-131,-4,21564,0,-3,0,0,37005,120,28,65,0,0,0,0,0,0,0,0,-32308,0,0,0,0,0,200559,0
200382,2210,7554,650,12,-125,-7,21566,7,-4,-1,0,37005,113,28,65,0,0,0,0,0,0,0,0,-32308,0,0,0,0,0,200564,0
200387,2206,7560,660,3,-118,-4,21564,0,4,-2,0,37005,113,28,65,0,0,0,0,0,0,0,0,-32309,0,0,0,0,0,200569,0
200392,2218,7590,642,-3,-105,1,21565,5,1,0,0,37005,125,28,65,0,0,0,0,0,0,0,0,-32310,0,0,0,0,0,200574,0
200397,2220,7636,630,4,-98,2,21565,-2,-5,0,0,37005,125,28,65,0,0,0,0,0,0,0,0,-32309,0,0,0,0,0,200579,0
200402,2210,7638,624,-5,-95,10,21564,-2,-1,-3,0,37004,136,28,65,0,0,0,0,0,0,0,0,-32309,0,0,0,0,0,200584,0
200407,2228,7658,608,0,-93,18,21564,2,-3,0,0,37004,136,28,65,0,0,0,0,0,0,0,0,-32308,0,0,0,0,0,200589,0
200412,2256,7708,572,-1,-83,34,21565,4,0,0,0,37004,131,28,65,0,0,0,0,0,0,0,0,-32308,0,0,0,0,0,200594,0
200417,2268,7716,570,1,-74,35,21564,0,4,0,0,37004,131,28,65,0,0,0,0,0,0,0,0,-32308,0,0,0,0,0,200599,0
200422,2274,7714,566,3,-76,45,21565,0,3,0,0,37002,126,28,65,0,0,0,0,0,0,0,0,-32309,0,0,0,0,0,200604,0
200427,2260,7706,550,4,-70,51,21565,1,0,-2,0,37002,126,28,65,0,0,0,0,0,0,0,0,-32309,0,0,0,0,0,200609,0
200432,2320,7776,508,1,-63,55,21563,-3,0,0,0,37002,125,28,65,0,0,0,0,0,0,0,0,-32308,0,0,0,0,0,200614,0
200437,2318,7794,522,4,-61,52,21565,-2,-1,0,0,37002,125,28,65,0,0,0,0,0,0,0,0,-32308,0,0,0,0,0,200619,0
200442,2358,7820,526,5,-52,65,21565,-1,1,0,0,37003,120,28,65,0,0,0,0,0,0,0,0,-32309,0,0,0,0,0,200624,0
200447,2308,7862,502,12,-52,63,21564,-2,4,-1,0,37003,120,28,65,0,0,0,0,0,0,0,0,-32308,0,0,0,0,0,200629,0
200452,2302,7868,484,4,-43,69,21563,-3,-4,0,0,37002,121,28,65,0,0,0,0,0,0,0,0,-32309,0,0,0,0,0,200634,0
200457,2322,7892,494,10,-41,80,21565,-3,-3,0,0,37002,121,28,65,0,0,0,0,0,0,0,0,-32309,0,0,0,0,0,200639,0
200462,2324,7910,486,11,-39,85,21565,0,3,0,0,37002,120,28,65,0,0,0,0,0,0,0,0,-32308,0,0,0,0,0,200644,0
200467,2310,7940,452,8,-29,88,21566,8,8,1,0,37002,120,28,65,0,0,0,0,0,0,0,0,-32308,0,0,0,0,0,200649,0
200472,2320,7948,452,13,-19,98,21564,0,0,0,0,37007,128,28,65,0,0,0,0,0,0,0,0,-32309,0,0,0,0,0,200654,0
200477,2290,7958,466,19,-21,107,21566,-4,-4,-2,0,37007,128,28,65,0,0,0,0,0,0,0,0,-32308,0,0,0,0,0,200659,0
200482,2270,7958,424,20,-21,115,21565,-1,-1,-1,0,37005,137,28,65,0,0,0,0,0,0,0,0,-32308,0,0,0,0,0,200664,0
200487,2296,7954,424,25,-11,125,21566,8,1,-1,0,37005,137,28,65,0,0,0,0,0,0,0,0,-32309,0,0,0,0,0,200669,0
200492,2304,7878,426,37,-8,137,21564,-7,-2,-1,0,37007,136,28,65,0,0,0,0,0,0,0,0,-32309,0,0,0,0,0,200674,0
200497,2262,7822,450,31,-10,145,21564,-9,-2,-1,0,37007,136,28,65,0,0,0,0,0,0,0,0,-32308,0,0,0,0,0,200679,0
200502,2272,7786,414,38,-10,157,21566,2,-1,-1,0,37004,140,28,65,0,0,0,0,0,0,0,0,-32308,0,0,0,0,0,200684,0
200507,2240,7712,408,44,-21,159,21565,-3,4,0,0,37004,140,28,65,0,0,0,0,0,0,0,0,-32308,0,0,0,0,0,200689,0
200512,2236,7702,408,54,-16,175,21566,-1,1,0,0,37008,140,28,65,0,0,0,0,0,0,0,0,-32308,0,0,0,0,0,200694,0
200517,2250,7708,432,51,-24,181,21565,-1,0,0,0,37008,140,28,65,0,0,0,0,0,0,0,0,-32309,0,0,0,0,0,200699,0
200522,2226,7662,452,62,-32,192,21566,1,4,-1,0,37009,124,28,65,0,0,0,0,0,0,0,0,-32308,0,0,0,0,0,200704,0
200527,2196,7662,444,65,-40,192,21565,0,-2,-1,0,37009,124,28,65,0,0,0,0,0,0,0,0,-32309,0,0,0,0,0,200709,0
200532,2154,7630,436,75,-55,203,21567,1,2,0,0,37005,124,28,65,0,0,0,0,0,0,0,0,-32309,0,0,0,0,0,200714,0
200537,2124,7668,464,71,-63,210,21567,7,3,0,0,37005,124,28,65,0,0,0,0,0,0,0,0,-32309,0,0,0,0,0,200719,0
200542,2108,7654,476,77,-71,210,21565,-2,1,0,0,37003,125,28,65,0,0,0,0,0,0,0,0,-32309,0,0,0,0,0,200724,0
200547,2116,7684,480,80,-86,212,21566,0,-4,0,0,37003,125,28,65,0,0,0,0,0,0,0,0,-32309,0,0,0,0,0,200729,0
200552,2084,7722,496,84,-115,214,21566,3,-6,0,0,37002,126,28,65,0,0,0,0,0,0,0,0,-32309,0,0,0,0,0,200734,0
200557,2074,7700,490,96,-123,213,21566,-1,1,0,0,37002,126,28,65,0,0,0,0,0,0,0,0,-32308,0,0,0,0,0,200739,0
200562,2118,7708,486,86,-138,213,21565,0,-2,0,0,37002,127,28,65,0,0,0,0,0,0,0,0,-32309,0,0,0,0,0,200744,0
200567,2096,7696,482,96,-150,210,21566,2,-1,0,0,37002,127,28,65,0,0,0,0,0,0,0,0,-32309,0,0,0,0,0,200749,0
200572,2082,7760,504,97,-174,205,21566,1,2,0,0,37006,120,28,65,0,0,0,0,0,0,0,0,-32309,0,0,0,0,0,200754,0
200577,2086,7794,488,91,-186,201,21565,-4,-1,-1,0,37006,120,28,65,0,0,0,0,0,0,0,0,-32309,0,0,0,0,0,200759,0
200582,2112,7844,510,89,-202,193,21566,-5,-3,-1,0,37007,122,28,65,0,0,0,0,0,0,0,0,-32309,0,0,0,0,0,200764,0
200587,2152,7884,512,91,-210,189,21565,0,0,0,0,37007,122,28,65,0,0,0,0,0,0,0,0,-32308,0,0,0,0,0,200769,0
200592,2158,7934,500,89,-229,178,21566,0,2,-1,0,37007,120,28,65,0,0,0,0,0,0,0,0,-32308,0,0,0,0,0,200774,0
200597,2154,7958,472,89,-233,175,21565,-6,-2,0,0,37007,120,28,65,0,0,0,0,0,0,0,0,-32308,0,0,0,0,0,200779,0
200602,2132,7992,496,89,-246,176,21567,5,-3,0,0,37005,118,28,65,0,0,0,0,0,0,0,0,-32308,0,0,0,0,0,200784,0
200607,2116,8022,494,85,-253,173,21565,-6,-1,0,0,37005,118,28,65,0,0,0,0,0,0,0,0,-32308,0,0,0,0,0,200789,0
200612,2126,8018,500,83,-253,163,21565,0,3,0,0,37001,122,28,65,0,0,0,0,0,0,0,0,-32308,0,0,0,0,0,200794,0
200617,2160,8052,526,84,-258,160,21565,0,-2,0,0,37001,122,28,65,0,0,0,0,0,0,0,0,-32308,0,0,0,0,0,200799,0
200622,2166,8058,510,80,-259,152,21565,2,4,-1,0,37001,132,28,65,0,0,0,0,0,0,0,0,-32308,0,0,0,0,0,200804,0
200627,2188,8100,524,75,-255,146,21565,-7,1,0,0,37001,132,28,65,0,0,0,0,0,0,0,0,-32308,0,0,0,0,0,200809,0
200632,2178,8130,506,71,-254,130,21566,2,2,-1,0,37001,126,28,65,0,0,0,0,0,0,0,0,-32308,0,0,0,0,0,200814,0
200637,2188,8120,490,62,-252,123,21565,6,3,0,0,37001,126,28,65,0,0,0,0,0,0,0,0,-32308,0,0,0,0,0,200819,0
200642,2226,8128,484,69,-246,121,21566,1,1,1,0,36999,126,28,65,0,0,0,0,0,0,0,0,-32308,0,0,0,0,0,200824,0
200647,2230,8126,490,57,-238,114,21566,1,-1,1,0,36999,126,28,65,0,0,0,0,0,0,0,0,-32308,0,0,0,0,0,200829,0
200652,2238,8072,462,51,-230,100,21565,-4,1,0,0,37000,125,28,65,0,0,0,0,0,0,0,0,-32309,0,0,0,0,0,200834,0
200657,2250,8046,492,46,-229,102,21567,2,0,0,0,37000,125,28,65,0,0,0,0,0,0,0,0,-32308,0,0,0,0,0,200839,0
200662,2242,7998,476,45,-227,100,21567,5,-1,0,0,36999,129,28,65,0,0,0,0,0,0,0,0,-32308,0,0,0,0,0,200844,0
200667,2246,7982,486,44,-224,99,21565,-3,0,0,0,36999,129,28,65,0,0,0,0,0,0,0,0,-32308,0,0,0,0,0,200849,0
200672,2280,7854,456,41,-216,99,21565,-5,-4,-1,0,36999,133,28,65,0,0,0,0,0,0,0,0,-32309,0,0,0,0,0,200854,0
200677,2276,7826,444,47,-214,95,21566,-3,-5,0,0,36999,133,28,65,0,0,0,0,0,0,0,0,-32308,0,0,0,0,0,200859,0
200682,2230,7744,438,49,-214,99,21566,3,0,1,0,37003,125,28,65,0,0,0,0,0,0,0,0,-32309,0,0,0,0,0,200865,0
200687,2288,7708,432,47,-205,103,21566,0,0,0,0,37003,125,28,65,0,0,0,0,0,0,0,0,-32308,0,0,0,0,0,200870,0
200692,2336,7592,412,52,-204,99,21565,2,0,0,0,37002,116,28,65,0,0,0,0,0,0,0,0,-32308,0,0,0,0,0,200875,0
200697,2296,7560,402,58,-197,107,21566,-8,-1,1,0,37002,116,28,65,0,0,0,0,0,0,0,0,-32309,0,0,0,0,0,200880,0
200702,2292,7546,412,63,-193,108,21565,-8,-3,-1,0,37003,122,28,65,0,0,0,0,0,0,0,0,-32309,0,0,0,0,0,200885,0
200707,2302,7518,388,71,-190,112,21566,2,2,-1,0,37003,122,28,65,0,0,0,0,0,0,0,0,-32309,0,0,0,0,0,200890,0
200712,2300,7472,342,85,-181,107,21565,1,-4,0,0,36999,122,28,65,0,0,0,0,0,0,0,0,-32308,0,0,0,0,0,200895,0
200717,2334,7498,352,87,-173,107,21565,-4,0,-1,0,36999,122,28,65,0,0,0,0,0,0,0,0,-32309,0,0,0,0,0,200900,0
200722,2304,7530,372,94,-167,106,21566,4,3,-1,0,36998,123,28,65,0,0,0,0,0,0,0,0,-32308,0,0,0,0,0,200905,0
200727,2330,7512,376,97,-161,104,21566,0,4,0,0,36998,123,28,65,0,0,0,0,0,0,0,0,-32308,0,0,0,0,0,200910,0
200732,2344,7532,372,107,-151,99,21565,0,1,1,0,36999,131,28,65,0,0,0,0,0,0,0,0,-32308,0,0,0,0,0,200915,0
200737,2338,7550,366,112,-142,102,21566,0,-6,0,0,36999,131,28,65,0,0,0,0,0,0,0,0,-32309,0,0,0,0,0,200920,0
200742,2316,7572,364,121,-134,102,21567,7,0,0,0,36999,125,28,65,0,0,0,0,0,0,0,0,-32309,0,0,0,0,0,200925,0
200747,2328,7572,350,119,-131,96,21565,-4,-2,0,0,36999,125,28,65,0,0,0,0,0,0,0,0,-32308,0,0,0,0,0,200930,0
200752,2370,7708,372,126,-115,90,21566,1,0,-1,0,36998,126,28,65,0,0,0,0,0,0,0,0,-32309,0,0,0,0,0,200935,0
200757,2374,7798,402,129,-111,90,21567,5,-4,-1,0,36998,126,28,65,0,0,0,0,0,0,0,0,-32308,0,0,0,0,0,200940,0
200762,2398,7800,438,126,-104,85,21565,-5,-1,-1,0,36998,130,28,65,0,0,0,0,0,0,0,0,-32309,0,0,0,0,0,200945,0
200767,2394,7856,414,132,-94,83,21566,1,1,0,0,36998,130,28,65,0,0,0,0,0,0,0,0,-32309,0,0,0,0,0,200950,0
200772,2392,7890,444,129,-76,81,21565,-3,-4,0,0,37003,133,28,65,0,0,0,0,0,0,0,0,-32309,0,0,0,0,0,200955,0
200777,2400,7918,456,123,-65,78,21565,0,2,0,0,37003,133,28,65,0,0,0,0,0,0,0,0,-32308,0,0,0,0,0,200960,0
200782,2434,7932,474,124,-45,80,21566,2,-1,0,0,37003,132,28,65,0,0,0,0,0,0,0,0,-32308,0,0,0,0,0,200965,0
200787,2450,7934,470,116,-41,75,21566,-1,4,-2,0,37003,132,28,65,0,0,0,0,0,0,0,0,-32308,0,0,0,0,0,200971,0
200792,2468,7908,482,113,-20,74,21566,1,-3,-2,0,37010,130,28,65,0,0,0,0,0,0,0,0,-32308,0,0,0,0,0,200976,0
200797,2460,7898,470,104,-10,62,21566,3,-1,-1,-88,37010,130,28,65,0,0,0,0,0,0,0,0,-32309,0,0,0,0,0,200982,0
200802,2466,7866,462,93,4,65,21564,0,-1,-92,-40,37009,127,28,65,0,0,0,0,0,0,0,0,-32309,0,0,0,0,0,200987,0
200807,2454,7838,484,86,15,65,21565,-3,1,-146,-40,37009,127,28,65,0,0,0,0,0,0,0,0,-32309,0,0,0,0,0,200993,0
200812,2464,7800,440,84,37,61,21565,0,0,-146,-48,37005,126,28,65,0,0,0,0,0,0,0,0,-32308,0,0,0,0,0,200999,0
200817,2494,7806,444,78,45,58,21566,-4,1,-143,-40,37005,126,28,65,0,0,0,0,0,0,0,0,-32308,0,0,0,0,0,201004,0
200822,2472,7790,428,83,54,63,21566,0,-1,-145,-40,36995,125,28,65,0,0,0,0,0,0,0,0,-32308,0,0,0,0,0,201010,0
200827,2474,7754,412,82,62,61,21565,-3,2,-142,-40,36995,125,28,65,0,0,0,0,0,0,0,0,-32309,0,0,0,0,0,201015,0
200832,2478,7746,402,77,77,61,21565,-2,-1,-144,-40,36993,115,28,65,0,0,0,0,0,0,0,0,-32308,0,0,0,0,0,201021,0
200837,2458,7776,376,78,88,59,21565,-2,1,-146,-40,36993,115,28,65,0,0,0,0,0,0,0,0,-32309,0,0,0,0,0,201026,0
200842,2470,7740,370,85,97,63,21566,0,-3,-145,-40,36994,127,28,65,0,0,0,0,0,0,0,0,-32308,0,0,0,0,0,201031,0
200847,2472,7764,372,79,103,58,21565,1,0,-145,-40,36994,127,28,65,0,0,0,0,0,0,0,0,-32308,0,0,0,0,0,201037,0
200852,2442,7728,348,92,110,75,21564,-4,1,-145,-32,36997,124,28,65,0,0,0,0,0,0,0,0,-32308,0,0,0,0,0,201043,0
200857,2474,7752,356,101,118,73,21567,2,0,-146,-40,36997,124,28,65,0,0,0,0,0,0,0,0,-32309,0,0,0,0,0,201048,0
200862,2512,7728,330,102,120,79,21566,9,1,-147,-40,36995,119,28,65,0,0,0,0,0,0,0,0,-32308,0,0,0,0,0,201054,0
200867,2500,7738,340,102,123,78,21567,12,4,-146,-40,36995,119,28,65,0,0,0,0,0,0,0,0,-32308,0,0,0,0,0,201059,0
200872,2528,7748,360,117,140,84,21566,5,-2,-146,-40,36994,117,28,65,0,0,0,0,0,0,0,0,-32309,0,0,0,0,0,201065,0
200877,2496,7788,330,118,143,88,21566,3,3,-144,-32,36994,117,28,65,0,0,0,0,0,0,0,0,-32309,0,0,0,0,0,201071,0
200882,2488,7780,348,119,148,87,21565,2,-2,-145,-40,36994,120,28,65,0,0,0,0,0,0,0,0,-32308,0,0,0,0,0,201076,0
200887,2500,7792,340,123,156,101,21566,1,-1,-146,-48,36994,120,28,65,0,0,0,0,0,0,0,0,-32308,0,0,0,0,0,201082,0
200892,2448,7752,346,133,151,114,21566,4,-4,-147,-40,36995,120,28,65,0,0,0,0,0,0,0,0,-32308,0,0,0,0,0,201087,0
200897,2462,7812,350,139,156,118,21565,-7,-2,-146,-40,36995,120,28,65,0,0,0,0,0,0,0,0,-32308,0,0,0,0,0,201093,0
200902,2426,7766,380,146,158,118,21565,-1,-6,-147,-32,36995,122,28,65,0,0,0,0,0,0,0,0,-32308,0,0,0,0,0,201098,0
200907,2434,7762,376,147,155,121,21565,0,0,-145,-32,36995,122,28,65,0,0,0,0,0,0,0,0,-32309,0,0,0,0,0,201104,0
200912,2420,7764,384,152,149,126,21566,1,-1,-145,-40,36995,123,28,65,0,0,0,0,0,0,0,0,-32308,0,0,0,0,0,201109,0
200917,2426,7730,382,159,144,129,21565,0,4,-145,-40,36995,123,28,65,0,0,0,0,0,0,0,0,-32309,0,0,0,0,0,201115,0
200922,2380,7698,398,158,142,131,21566,1,-2,-146,-40,36995,133,28,65,0,0,0,0,0,0,0,0,-32308,0,0,0,0,0,201120,0
200927,2346,7708,428,160,143,137,21565,-3,-4,-146,-40,36995,133,28,65,0,0,0,0,0,0,0,0,-32309,0,0,0,0,0,201126,0
200932,2306,7710,444,164,132,141,21566,4,1,-145,-40,36995,128,28,65,0,0,0,0,0,0,0,0,-32308,0,0,0,0,0,201131,0
200937,2296,7706,450,165,132,141,21566,2,2,-146,-40,36995,128,28,65,0,0,0,0,0,0,0,0,-32308,0,0,0,0,0,201137,0
200942,2302,7740,436,165,124,140,21566,1,1,-146,-40,36995,122,28,65,0,0,0,0,0,0,0,0,-32309,0,0,0,0,0,201142,0
200947,2310,7804,454,161,119,130,21564,-4,-3,-146,-40,36995,122,28,65,0,0,0,0,0,0,0,0,-32308,0,0,0,0,0,201148,0
200952,2300,7798,486,157,116,126,21566,3,2,-146,-32,36996,124,28,65,0,0,0,0,0,0,0,0,-32308,0,0,0,0,0,201153,0
200957,2286,7814,494,161,108,126,21564,-11,-2,-146,-40,36996,124,28,65,0,0,0,0,0,0,0,0,-32308,0,0,0,0,0,201159,0
200962,2260,7780,500,157,109,126,21565,-4,-1,-145,-32,36996,125,28,65,0,0,0,0,0,0,0,0,-32309,0,0,0,0,0,201164,0
200967,2272,7784,512,149,108,125,21565,0,-4,-144,-40,36996,125,28,65,0,0,0,0,0,0,0,0,-32309,0,0,0,0,0,201170,0
200972,2296,7768,530,143,100,114,21565,-1,1,-145,-40,36995,124,28,65,0,0,0,0,0,0,0,0,-32309,0,0,0,0,0,201175,0
200977,2342,7760,522,143,99,114,21566,1,-1,-144,-32,36995,124,28,65,0,0,0,0,0,0,0,0,-32308,0,0,0,0,0,201181,0
200982,2340,7776,556,132,98,112,21565,-1,-1,-144,-40,36997,128,28,65,0,0,0,0,0,0,0,0,-32308,0,0,0,0,0,201186,0
200987,2324,7754,554,130,98,111,21565,-2,1,-145,-32,36997,128,28,65,0,0,0,0,0,0,0,0,-32308,0,0,0,0,0,201192,0
200992,2334,7772,526,118,91,109,21565,-5,0,-146,-40,37003,133,28,65,0,0,0,0,0,0,0,0,-32309,0,0,0,0,0,201197,0
200997,2328,7778,532,104,91,111,21565,0,3,-146,-40,37003,133,28,65,0,0,0,0,0,0,0,0,-32309,0,0,0,0,0,201203,0
201002,2324,7780,544,98,89,113,21565,-1,0,-145,-48,37002,135,28,65,0,0,0,0,0,0,0,0,-32308,0,0,0,0,0,201208,0
201007,2320,7770,512,99,95,110,21565,-2,-1,-146,-40,37002,135,28,65,0,0,0,0,0,0,0,0,-32308,0,0,0,0,0,201214,0
201012,2266,7734,506,93,76,113,21565,0,3,-145,-40,36998,136,28,65,0,0,0,0,0,0,0,0,-32308,0,0,0,0,0,201219,0
201017,2262,7686,504,93,73,118,21566,2,1,-145,-40,36998,136,28,65,0,0,0,0,0,0,0,0,-32309,0,0,0,0,0,201225,0
201022,2272,7680,462,94,64,116,21566,-1,-1,-144,-40,36992,134,28,65,0,0,0,0,0,0,0,0,-32309,0,0,0,0,0,201231,0
201027,2262,7672,466,86,61,115,21565,2,-6,-143,-32,36992,134,28,65,0,0,0,0,0,0,0,0,-32308,0,0,0,0,0,201236,0
201032,2262,7668,436,88,51,107,21565,-6,-1,-144,-40,36992,126,28,65,0,0,0,0,0,0,0,0,-32308,0,0,0,0,0,201242,0
201037,2302,7674,414,93,43,107,21564,-9,-4,-144,-40,36992,126,28,65,0,0,0,0,0,0,0,0,-32308,0,0,0,0,0,201248,0
201042,2268,7622,408,91,36,99,21565,-4,-5,-146,-40,36997,124,28,65,0,0,0,0,0,0,0,0,-32308,0,0,0,0,0,201253,0
201047,2268,7632,396,96,31,100,21564,-3,-3,-145,-40,36997,124,28,65,0,0,0,0,0,0,0,0,-32308,0,0,0,0,0,201259,0
201052,2324,7632,410,99,24,94,21565,-1,0,-147,-32,36997,113,28,65,0,0,0,0,0,0,0,0,-32309,0,0,0,0,0,201264,0
201057,2336,7622,394,103,20,92,21565,0,0,-145,-40,36997,113,28,65,0,0,0,0,0,0,0,0,-32308,0,0,0,0,0,201270,0
201062,2358,7636,414,102,15,87,21564,-6,0,-145,-40,36996,122,28,65,0,0,0,0,0,0,0,0,-32308,0,0,0,0,0,201275,0
201067,2354,7614,406,105,15,86,21565,-2,-2,-146,-40,36996,122,28,65,0,0,0,0,0,0,0,0,-32308,0,0,0,0,0,201281,0
201072,2394,7686,422,99,11,77,21565,-11,2,-146,-40,36993,124,28,65,0,0,0,0,0,0,0,0,-32308,0,0,0,0,0,201286,0
201077,2388,7668,412,99,9,73,21565,-4,3,-144,-32,36993,124,28,65,0,0,0,0,0,0,0,0,-32308,0,0,0,0,0,201291,0
201082,2408,7682,422,96,7,73,21565,0,-2,-145,-40,36990,117,28,65,0,0,0,0,0,0,0,0,-32308,0,0,0,0,0,201298,0
201087,2460,7728,418,93,6,69,21565,0,4,-144,-40,36990,117,28,65,0,0,0,0,0,0,0,0,-32308,0,0,0,0,0,201303,0
201092,2490,7756,434,87,10,80,21566,1,4,-145,-40,36991,118,28,65,0,0,0,0,0,0,0,0,-32308,0,0,0,0,0,201309,0
201097,2502,7740,422,83,7,77,21565,0,1,-145,-40,36991,118,28,65,0,0,0,0,0,0,0,0,-32309,0,0,0,0,0,201314,0
201102,2512,7704,432,82,17,79,21566,1,6,-146,-32,36998,125,28,65,0,0,0,0,0,0,0,0,-32308,0,0,0,0,0,201320,0
201107,2568,7724,416,80,12,86,21565,-1,-3,-147,-40,36998,125,28,65,0,0,0,0,0,0,0,0,-32308,0,0,0,0,0,201325,0
201112,2586,7654,402,77,11,94,21565,0,-5,-146,-40,36998,131,28,65,0,0,0,0,0,0,0,0,-32308,0,0,0,0,0,201331,0
201117,2604,7654,374,65,10,100,21565,0,-1,-145,-40,36998,131,28,65,0,0,0,0,0,0,0,0,-32309,0,0,0,0,0,201336,0
201122,2620,7690,390,63,9,107,21565,0,-1,-146,-40,36998,138,28,65,0,0,0,0,0,0,0,0,-32309,0,0,0,0,0,201342,0
201127,2568,7656,372,72,6,108,21565,-2,0,-145,-32,36998,138,28,65,0,0,0,0,0,0,0,0,-32308,0,0,0,0,0,201347,0
201132,2646,7612,352,67,-1,117,21566,0,0,-145,-40,36995,135,28,65,0,0,0,0,0,0,0,0,-32308,0,0,0,0,0,201353,0
201137,2678,7606,322,66,-5,126,21566,4,1,-144,-40,36995,135,28,65,0,0,0,0,0,0,0,0,-32308,0,0,0,0,0,201358,0
201142,2704,7594,332,67,-6,132,21565,-2,-4,-144,-40,36996,133,28,65,0,0,0,0,0,0,0,0,-32309,0,0,0,0,0,201364,0
201147,2680,7556,294,68,-8,144,21565,0,2,-145,-40,36996,133,28,65,0,0,0,0,0,0,0,0,-32309,0,0,0,0,0,201369,0
201152,2702,7534,294,79,-20,159,21566,-1,1,-147,-40,36998,136,28,65,0,0,0,0,0,0,0,0,-32308,0,0,0,0,0,201375,0
201157,2692,7518,272,72,-28,161,21565,2,-1,-146,-32,36998,136,28,65,0,0,0,0,0,0,0,0,-32309,0,0,0,0,0,201380,0
201162,2702,7524,286,79,-31,171,21564,0,-6,-143,-40,36998,125,28,65,0,0,0,0,0,0,0,0,-32308,0,0,0,0,0,201386,0
201167,2740,7524,266,81,-44,180,21565,-3,1,-145,-32,36998,125,28,65,0,0,0,0,0,0,0,0,-32308,0,0,0,0,0,201391,0
201172,2760,7586,258,92,-47,193,21566,5,5,-146,-40,36996,123,28,65,0,0,0,0,0,0,0,0,-32308,0,0,0,0,0,201397,0
201177,2722,7610,256,95,-50,205,21565,-1,1,-145,-40,36996,123,28,65,0,0,0,0,0,0,0,0,-32308,0,0,0,0,0,201402,0
201182,2716,7592,244,101,-66,209,21565,0,-2,-145,-40,36997,117,28,65,0,0,0,0,0,0,0,0,-32309,0,0,0,0,0,201408,0
201187,2716,7620,232,106,-70,220,21566,4,0,-144,-32,36997,117,28,65,0,0,0,0,0,0,0,0,-32308,0,0,0,0,0,201413,0
201192,2752,7630,250,118,-75,234,21565,0,0,-146,-40,36996,114,28,65,0,0,0,0,0,0,0,0,-32308,0,0,0,0,0,201419,0
201197,2728,7568,250,128,-82,244,21565,5,2,-145,-40,36996,114,28,65,0,0,0,0,0,0,0,0,-32309,0,0,0,0,0,201425,0
201202,2732,7568,248,132,-84,244,21566,6,0,-148,-40,36999,118,28,65,0,0,0,0,0,0,0,0,-32308,0,0,0,0,0,201430,0
201207,2740,7520,248,131,-91,255,21564,0,-1,-146,-40,36999,118,28,65,0,0,0,0,0,0,0,0,-32308,0,0,0,0,0,201436,0
201212,2710,7490,234,147,-112,266,21566,1,1,-145,-40,36996,123,28,65,0,0,0,0,0,0,0,0,-32309,0,0,0,0,0,201441,0
201217,2694,7492,232,152,-124,271,21567,3,1,-146,-40,36996,123,28,65,0,0,0,0,0,0,0,0,-32309,0,0,0,0,0,201447,0
201222,2724,7478,214,154,-128,271,21565,-5,-4,-146,-40,36996,125,28,65,0,0,0,0,0,0,0,0,-32308,0,0,0,0,0,201452,0
201227,2716,7524,224,161,-136,268,21565,-4,0,-145,-40,36996,125,28,65,0,0,0,0,0,0,0,0,-32308,0,0,0,0,0,201458,0
201232,2682,7536,216,178,-147,276,21565,3,0,-144,-40,36992,118,28,65,0,0,0,0,0,0,0,0,-32309,0,0,0,0,0,201463,0
201237,2686,7536,258,184,-160,280,21566,0,1,-143,-40,36992,118,28,65,0,0,0,0,0,0,0,0,-32308,0,0,0,0,0,201468,0
201242,2662,7548,232,187,-157,276,21565,0,2,-145,-40,36995,118,28,65,0,0,0,0,0,0,0,0,-32309,0,0,0,0,0,201474,0
201247,2680,7592,242,194,-172,277,21565,-1,3,-145,-40,36995,118,28,65,0,0,0,0,0,0,0,0,-32308,0,0,0,0,0,201480,0
201252,2718,7652,256,197,-174,273,21565,0,2,-147,-32,36993,119,28,65,0,0,0,0,0,0,0,0,-32308,0,0,0,0,0,201485,0
201257,2718,7668,278,199,-177,272,21565,-1,-2,-146,-40,36993,119,28,65,0,0,0,0,0,0,0,0,-32308,0,0,0,0,0,201491,0
201262,2760,7560,248,204,-179,269,21566,0,4,-145,-40,36993,126,28,65,0,0,0,0,0,0,0,0,-32308,0,0,0,0,0,201496,0
201267,2540,7292,170,203,-167,278,21565,-1,-2,-145,-32,36993,126,28,65,0,0,0,0,0,0,0,0,-32309,0,0,0,0,0,201502,0
201272,2770,7720,278,202,-175,269,21566,-2,4,-144,-40,36991,125,28,65,0,0,0,0,0,0,0,0,-32308,0,0,0,0,0,201507,0
201277,2716,7872,320,211,-194,257,21565,2,1,-144,-40,36991,125,28,65,0,0,0,0,0,0,0,0,-32308,0,0,0,0,0,201513,0
201282,2658,7876,314,214,-198,260,21566,6,2,-144,-40,36994,126,28,65,0,0,0,0,0,0,0,0,-32308,0,0,0,0,0,201518,0
201287,2656,7910,306,217,-212,261,21566,3,4,-145,-40,36994,126,28,65,0,0,0,0,0,0,0,0,-32308,0,0,0,0,0,201524,0
201292,2812,7892,336,215,-209,278,21564,-5,0,-145,-40,36995,131,28,65,0,0,0,0,0,0,0,0,-32309,0,0,0,0,0,201530,0
201297,2842,7780,284,200,-200,290,21567,2,-1,-145,-40,36995,131,28,65,0,0,0,0,0,0,0,0,-32308,0,0,0,0,0,201535,0
201302,2780,7766,300,207,-203,298,21566,-3,-3,-147,-32,36998,118,28,65,0,0,0,0,0,0,0,0,-32308,0,0,0,0,0,201541,0
201307,2798,7796,374,207,-197,306,21566,1,3,-145,-32,36998,118,28,65,0,0,0,0,0,0,0,0,-32309,0,0,0,0,0,201546,0
201312,2726,7944,396,219,-192,319,21564,-6,-4,-145,-40,37001,119,28,65,0,0,0,0,0,0,0,0,-32308,0,0,0,0,0,201555,0
201317,2680,7968,394,215,-187,323,21565,-3,-2,-145,-40,37001,119,28,65,0,0,0,0,0,0,0,0,-32308,0,0,0,0,0,201559,0
201322,2710,7916,406,213,-181,328,21566,2,0,-144,-40,36997,123,28,65,0,0,0,0,0,0,0,0,-32309,0,0,0,0,0,201565,0
201327,2718,7924,430,211,-175,322,21565,0,4,-144,-40,36997,123,28,65,0,0,0,0,0,0,0,0,-32309,0,0,0,0,0,201574,0
201332,2714,7856,434,204,-157,323,21565,4,2,-145,-40,36992,118,28,65,0,0,0,0,0,0,0,0,-32309,0,0,0,0,0,201576,0
201337,2642,7824,422,207,-147,327,21566,0,1,-146,-40,36992,118,28,65,0,0,0,0,0,0,0,0,-32308,0,0,0,0,0,201577,0
201342,2596,7786,428,201,-139,317,21566,5,-2,-147,-40,36976,118,28,65,0,0,0,0,0,0,0,0,-32308,0,0,0,0,0,201579,0
201347,2594,7776,430,205,-134,318,21564,-3,5,-145,-40,36976,118,28,65,0,0,0,0,0,0,0,0,-32308,0,0,0,0,0,201590,0
201352,2604,7702,460,195,-117,302,21566,0,2,-146,-32,36969,112,28,65,0,0,0,0,0,0,0,0,-32309,0,0,0,0,0,201591,0
201357,2546,7632,468,191,-109,290,21566,5,-2,-145,-40,36969,112,28,65,0,0,0,0,0,0,0,0,-32308,0,0,0,0,0,201597,0
201362,2528,7618,460,188,-103,284,21565,3,6,-145,-40,36969,117,28,65,0,0,0,0,0,0,0,0,-32308,0,0,0,0,0,201603,0
201367,2550,7568,458,181,-98,272,21565,5,2,-146,-40,36969,117,28,65,0,0,0,0,0,0,0,0,-32308,0,0,0,0,0,201609,0
201372,2472,7500,436,172,-83,245,21565,7,2,-143,-40,36969,126,28,65,0,0,0,0,0,0,0,0,-32308,0,0,0,0,0,201614,0
201377,2472,7474,434,171,-69,238,21565,-5,0,-144,-32,36969,126,28,65,0,0,0,0,0,0,0,0,-32309,0,0,0,0,0,201620,0
201382,2446,7484,444,162,-64,227,21566,-2,-3,-144,-40,36973,117,28,65,0,0,0,0,0,0,0,0,-32309,0,0,0,0,0,201625,0
201387,2464,7444,460,163,-58,221,21564,-4,3,-147,-40,36973,117,28,65,0,0,0,0,0,0,0,0,-32308,0,0,0,0,0,201631,0
201392,2438,7446,452,153,-46,202,21565,-4,-2,-146,-40,36978,113,28,65,0,0,0,0,0,0,0,0,-32309,0,0,0,0,0,201637,0
201397,2448,7428,474,145,-38,196,21566,1,-3,-145,-40,36978,113,28,65,0,0,0,0,0,0,0,0,-32310,0,0,0,0,0,201642,0
201402,2432,7408,434,142,-33,194,21566,-2,2,-147,-32,36988,119,28,65,0,0,0,0,0,0,0,0,-32308,0,0,0,0,0,201648,0
201407,2412,7370,450,142,-22,186,21566,0,3,-145,-40,36988,119,28,65,0,0,0,0,0,0,0,0,-32308,0,0,0,0,0,201653,0
201412,2354,7328,486,132,-18,175,21565,1,-1,-147,-40,36999,124,28,65,0,0,0,0,0,0,0,0,-32309,0,0,0,0,0,201659,0
201417,2324,7266,482,130,-16,174,21566,3,2,-145,-32,36999,124,28,65,0,0,0,0,0,0,0,0,-32309,0,0,0,0,0,201665,0
201422,2310,7324,448,132,-8,172,21564,1,-1,-145,-40,36999,131,28,65,0,0,0,0,0,0,0,0,-32308,0,0,0,0,0,201670,0
201427,2318,7368,468,132,-3,155,21565,-1,0,-145,-40,36999,131,28,65,0,0,0,0,0,0,0,0,-32309,0,0,0,0,0,201675,0
201432,2266,7412,478,122,8,133,21565,-6,-1,-146,-40,36999,130,28,65,0,0,0,0,0,0,0,0,-32309,0,0,0,0,0,201681,0
201437,2234,7404,460,124,13,119,21566,-2,-1,-144,-40,36999,130,28,65,0,0,0,0,0,0,0,0,-32308,0,0,0,0,0,201686,0
201442,2194,7412,478,119,13,104,21566,5,-1,-146,-40,36995,121,28,65,0,0,0,0,0,0,0,0,-32308,0,0,0,0,0,201692,0
201447,2164,7430,462,113,15,94,21566,0,-4,-146,-40,36995,121,28,65,0,0,0,0,0,0,0,0,-32308,0,0,0,0,0,201698,0
201452,2190,7456,442,104,18,64,21565,2,-2,-145,-32,36996,127,28,65,0,0,0,0,0,0,0,0,-32308,0,0,0,0,0,201703,0
201457,2156,7492,448,97,20,49,21566,9,0,-146,-40,36996,127,28,65,0,0,0,0,0,0,0,0,-32308,0,0,0,0,0,201709,0
201462,2172,7480,440,87,15,35,21565,-9,0,-145,-40,36993,128,28,65,0,0,0,0,0,0,0,0,-32308,0,0,0,0,0,201714,0
201467,2186,7468,458,87,14,15,21566,2,-2,-145,-40,36993,128,28,65,0,0,0,0,0,0,0,0,-32309,0,0,0,0,0,201720,0
201472,2044,7466,384,69,11,-14,21566,-2,-1,-145,-40,36994,121,28,65,0,0,0,0,0,0,0,0,-32308,0,0,0,0,0,201725,0
201477,2048,7470,398,62,5,-26,21566,6,2,-145,-40,36994,121,28,65,0,0,0,0,0,0,0,0,-32309,0,0,0,0,0,201731,0
201482,2012,7368,384,64,-1,-36,21564,-4,-2,-145,-40,37004,125,28,65,0,0,0,0,0,0,0,0,-32308,0,0,0,0,0,201737,0
201487,2024,7366,362,52,-7,-52,21565,0,0,-145,-40,37004,125,28,65,0,0,0,0,0,0,0,0,-32308,0,0,0,0,0,201742,0
201492,1954,7290,334,41,-13,-78,21566,4,0,-145,-40,37007,128,28,65,0,0,0,0,0,0,0,0,-32308,0,0,0,0,0,201748,0
201497,1916,7260,314,49,-21,-96,21564,-2,5,-146,-40,37007,128,28,65,0,0,0,0,0,0,0,0,-32309,0,0,0,0,0,201753,0
201502,1944,7200,348,43,-28,-113,21564,-5,-2,-147,-40,37007,125,28,65,0,0,0,0,0,0,0,0,-32308,0,0,0,0,0,201759,0
201507,1996,7168,302,40,-29,-134,21564,-6,0,-146,-40,37007,125,28,65,0,0,0,0,0,0,0,0,-32309,0,0,0,0,0,201764,0
201512,1934,7308,266,39,-19,-175,21565,1,-1,-146,-40,36993,124,28,65,0,0,0,0,0,0,0,0,-32308,0,0,0,0,0,201770,0
201517,1954,7344,230,33,-23,-188,21565,2,4,-146,-40,36993,124,28,65,0,0,0,0,0,0,0,0,-32309,0,0,0,0,0,201775,0
201522,2034,7400,222,38,-20,-208,21565,-6,0,-145,-32,36996,119,28,65,0,0,0,0,0,0,0,0,-32308,0,0,0,0,0,201781,0
201527,2080,7428,186,36,-14,-222,21565,2,0,-145,-40,36996,119,28,65,0,0,0,0,0,0,0,0,-32309,0,0,0,0,0,201786,0
201532,2120,7544,154,42,0,-265,21565,0,1,-145,-40,36994,117,28,65,0,0,0,0,0,0,0,0,-32308,0,0,0,0,0,201792,0
201537,2110,7582,122,47,6,-285,21565,1,-1,-146,-40,36994,117,28,65,0,0,0,0,0,0,0,0,-32309,0,0,0,0,0,201797,0
201542,2124,7648,104,48,18,-297,21564,-1,2,-146,-32,36994,127,28,65,0,0,0,0,0,0,0,0,-32309,0,0,0,0,0,201803,0
201547,2124,7672,106,47,8,-308,21565,-3,2,-144,-40,36994,127,28,65,0,0,0,0,0,0,0,0,-32308,0,0,0,0,0,201808,0
201552,2154,7678,82,62,23,-330,21564,-1,-1,-146,-40,36992,131,28,65,0,0,0,0,0,0,0,0,-32309,0,0,0,0,0,201814,0
201557,2182,7732,46,62,34,-339,21565,2,2,-145,-32,36992,131,28,65,0,0,0,0,0,0,0,0,-32309,0,0,0,0,0,201820,0
201562,2158,7734,18,66,33,-353,21564,-4,-4,-145,-40,36992,136,28,65,0,0,0,0,0,0,0,0,-32308,0,0,0,0,0,201825,0
201567,2186,7870,22,72,47,-363,21563,-3,1,-146,-40,36992,136,28,65,0,0,0,0,0,0,0,0,-32308,0,0,0,0,0,201831,0
201572,2076,7890,-8,95,47,-379,21566,5,-2,-145,-40,36995,134,28,65,0,0,0,0,0,0,0,0,-32309,0,0,0,0,0,201836,0
201577,2048,7848,-34,106,49,-381,21565,3,-1,-145,-32,36995,134,28,65,0,0,0,0,0,0,0,0,-32308,0,0,0,0,0,201842,0
201582,2054,7804,-32,121,51,-391,21564,-4,2,-144,-40,37000,124,28,65,0,0,0,0,0,0,0,0,-32309,0,0,0,0,0,201847,0
201587,2030,7742,-38,128,56,-400,21563,-10,-3,-146,-40,37000,124,28,65,0,0,0,0,0,0,0,0,-32309,0,0,0,0,0,201852,0
201592,1948,7742,-58,163,57,-423,21564,-1,1,-146,-40,37000,122,28,65,0,0,0,0,0,0,0,0,-32308,0,0,0,0,0,201858,0
201597,1946,7770,-42,174,55,-435,21564,-5,-3,-146,-40,37000,122,28,65,0,0,0,0,0,0,0,0,-32308,0,0,0,0,0,201863,0
201602,1902,7724,-34,188,64,-456,21564,-7,3,-147,-40,36999,122,28,65,0,0,0,0,0,0,0,0,-32308,0,0,0,0,0,201869,0
201607,1880,7734,-34,198,63,-472,21564,-3,-1,-146,-40,36999,122,28,65,0,0,0,0,0,0,0,0,-32308,0,0,0,0,0,201874,0
201612,1814,7718,-8,219,71,-519,21565,6,5,-145,-40,36996,117,28,65,0,0,0,0,0,0,0,0,-32309,0,0,0,0,0,201880,0
201617,1766,7736,2,229,70,-540,21563,-5,2,-146,-40,36996,117,28,65,0,0,0,0,0,0,0,0,-32308,0,0,0,0,0,201886,0
201622,1770,7764,-6,237,69,-563,21564,-4,-1,-145,-40,36997,131,28,65,0,0,0,0,0,0,0,0,-32308,0,0,0,0,0,201891,0
201627,1724,7758,0,246,75,-587,21564,0,1,-143,-40,36997,131,28,65,0,0,0,0,0,0,0,0,-32308,0,0,0,0,0,201897,0
201632,1758,7832,-18,265,79,-637,21564,-3,5,-145,-40,36999,135,28,65,0,0,0,0,0,0,0,0,-32308,0,0,0,0,0,201902,0
201637,1762,7852,-14,269,81,-662,21564,-5,-4,-146,-40,36999,135,28,65,0,0,0,0,0,0,0,0,-32309,0,0,0,0,0,201908,0
201642,1728,7852,-2,276,90,-679,21564,0,1,-145,-40,36996,128,28,65,0,0,0,0,0,0,0,0,-32308,0,0,0,0,0,201913,0
201647,1718,7808,-4,290,87,-703,21563,-2,2,-145,-40,36996,128,28,65,0,0,0,0,0,0,0,0,-32308,0,0,0,0,0,201919,0
201652,1674,7758,-10,298,92,-728,21564,4,1,-145,-32,36993,129,28,65,0,0,0,0,0,0,0,0,-32308,0,0,0,0,0,201924,0
201657,1666,7740,6,309,91,-751,21564,1,1,-144,-40,36993,129,28,65,0,0,0,0,0,0,0,0,-32309,0,0,0,0,0,201930,0
201662,1690,7710,-4,317,89,-767,21564,0,5,-145,-40,36992,125,28,65,0,0,0,0,0,0,0,0,-32308,0,0,0,0,0,201935,0
201667,1836,7854,-24,325,98,-759,21563,-1,2,-145,-40,36992,125,28,65,0,0,0,0,0,0,0,0,-32308,0,0,0,0,0,201941,0
201672,4268,9912,1364,235,96,-326,21560,-11,-6,-143,-48,36992,125,28,65,0,0,0,0,0,0,0,0,-32308,0,0,0,0,0,201946,0
201677,5048,9700,2072,192,124,37,21551,-37,-24,-143,-64,36992,125,28,65,0,0,0,0,0,0,0,0,-32308,0,0,0,0,0,201952,0
201682,5398,9562,2228,138,149,305,21542,-32,-34,-143,-56,36991,122,28,65,0,0,0,0,0,0,0,0,-32309,0,0,0,0,0,201958,0
201687,4234,9372,2354,100,172,285,21539,-10,-27,-154,-32,36991,122,28,65,0,0,0,0,0,0,0,0,-32309,0,0,0,0,0,201964,0
201692,2910,9680,1958,26,167,-258,21538,0,2,-148,-40,36988,115,28,65,0,0,0,0,0,0,0,0,-32308,0,0,0,0,0,201970,0
201697,3452,9470,1090,29,123,-248,21537,-3,24,-143,-32,36988,115,28,65,0,0,0,0,0,0,0,0,-32309,0,0,0,0,0,201976,0
201702,3858,9196,476,30,76,-131,21535,-9,26,-145,-48,36985,119,28,65,0,0,0,0,0,0,0,0,-32308,0,0,0,0,0,201981,0
201707,3882,8768,26,55,65,-130,21528,-35,3,-145,-48,36985,119,28,65,0,0,0,0,0,0,0,0,-32308,0,0,0,0,0,201987,0
201712,3564,8236,-432,115,102,-345,21521,-42,-22,-145,-56,36985,125,28,65,0,0,0,0,0,0,0,0,-32309,0,0,0,0,0,201992,0
201717,3458,8278,-306,137,110,-319,21506,-66,-46,-139,-80,36985,125,28,65,0,0,0,0,0,0,0,0,-32308,0,0,0,0,0,201998,0
201722,3210,8106,-36,155,122,-291,21481,-113,-61,-134,-88,36990,125,28,65,0,0,0,0,0,0,0,0,-32309,0,0,0,0,0,202004,0
201727,2808,7912,230,170,141,-339,21458,-106,-80,-143,-64,36990,125,28,65,0,0,0,0,0,0,0,0,-32308,0,0,0,0,0,202009,0
201732,2554,7828,904,171,152,-386,21440,-78,-58,-141,-64,36992,129,28,65,0,0,0,0,0,0,0,0,-32309,0,0,0,0,0,202016,0
201737,2614,7758,1026,166,143,-373,21420,-87,-24,-138,-80,36992,129,28,65,0,0,0,0,0,0,0,0,-32308,0,0,0,0,0,202021,0
201742,2538,7750,976,168,119,-394,21397,-93,-3,-141,-72,36988,123,28,65,0,0,0,0,0,0,0,0,-32308,0,0,0,0,0,202027,0
201747,2488,7698,898,176,97,-429,21382,-67,23,-142,-64,36988,123,28,65,0,0,0,0,0,0,0,0,-32309,0,0,0,0,0,202033,0
201752,2672,7792,554,178,51,-434,21366,-76,13,-139,-72,36987,124,28,65,0,0,0,0,0,0,0,0,-32309,0,0,0,0,0,202038,0
201757,2618,7748,416,198,25,-460,21347,-85,10,-139,-64,36987,124,28,65,0,0,0,0,0,0,0,0,-32308,0,0,0,0,0,202044,0
201762,2592,7698,358,206,6,-482,21335,-41,18,-146,-40,36985,131,28,65,0,0,0,0,0,0,0,0,-32309,0,0,0,0,0,202049,0
201767,2638,7640,392,214,-19,-495,21335,3,41,-145,-40,36985,131,28,65,0,0,0,0,0,0,0,0,-32309,0,0,0,0,0,202055,0
201772,2596,7534,490,237,-50,-517,21337,0,65,-139,-48,36989,130,28,65,0,0,0,0,0,0,0,0,-32308,0,0,0,0,0,202061,0
201777,2446,7474,640,241,-70,-534,21337,0,79,-141,-40,36989,130,28,65,0,0,0,0,0,0,0,0,-32309,0,0,0,0,0,202066,0
201782,2448,7442,688,244,-98,-540,21337,-5,61,-141,-48,36988,121,28,65,0,0,0,0,0,0,0,0,-32309,0,0,0,0,0,202072,0
201787,2296,7392,664,248,-127,-546,21337,1,14,-141,-40,36988,121,28,65,0,0,0,0,0,0,0,0,-32309,0,0,0,0,0,202077,0
201792,2054,7314,560,253,-172,-552,21337,1,-4,-141,-40,36989,120,28,65,0,0,0,0,0,0,0,0,-32308,0,0,0,0,0,202083,0
201797,1942,7290,426,256,-201,-551,21338,5,2,-141,-32,36989,120,28,65,0,0,0,0,0,0,0,0,-32308,0,0,0,0,0,202088,0
201802,1878,7302,358,256,-215,-546,21338,1,4,-142,-40,36990,116,28,65,0,0,0,0,0,0,0,0,-32309,0,0,0,0,0,202094,0
201807,1836,7336,274,262,-232,-545,21340,4,6,-140,-40,36990,116,28,65,0,0,0,0,0,0,0,0,-32308,0,0,0,0,0,202099,0
201812,1824,7464,164,267,-263,-530,21340,-1,0,-144,-32,36990,121,28,65,0,0,0,0,0,0,0,0,-32308,0,0,0,0,0,202104,0
201817,1786,7550,142,273,-275,-528,21341,0,2,-143,-40,36990,121,28,65,0,0,0,0,0,0,0,0,-32309,0,0,0,0,0,202110,0
201822,1740,7630,158,267,-280,-520,21341,3,-5,-139,-40,36991,124,28,65,0,0,0,0,0,0,0,0,-32309,0,0,0,0,0,202116,0
201827,1732,7750,124,263,-289,-517,21340,0,-3,-138,-40,36991,124,28,65,0,0,0,0,0,0,0,0,-32308,0,0,0,0,0,202121,0
201832,1732,7884,44,257,-300,-499,21341,3,-3,-142,-48,36994,117,28,65,0,0,0,0,0,0,0,0,-32308,0,0,0,0,0,202127,0
201837,1756,7990,4,258,-304,-499,21340,0,-1,-142,-40,36994,117,28,65,0,0,0,0,0,0,0,0,-32309,0,0,0,0,0,202132,0
201842,1744,8080,-32,254,-312,-495,21340,-6,1,-143,-40,36996,121,28,65,0,0,0,0,0,0,0,0,-32309,0,0,0,0,0,202138,0
201847,1770,8136,-98,248,-311,-492,21341,0,-2,-141,-40,36996,121,28,65,0,0,0,0,0,0,0,0,-32308,0,0,0,0,0,202143,0
201852,1780,8224,-204,229,-310,-485,21340,-1,3,-141,-40,36998,123,28,65,0,0,0,0,0,0,0,0,-32309,0,0,0,0,0,202149,0
201857,1776,8248,-226,224,-312,-482,21341,3,0,-141,-40,36998,123,28,65,0,0,0,0,0,0,0,0,-32308,0,0,0,0,0,202154,0
201862,1778,8244,-266,218,-310,-480,21340,0,-2,-140,-40,36997,123,28,65,0,0,0,0,0,0,0,0,-32309,0,0,0,0,0,202160,0
201867,1784,8264,-290,210,-301,-475,21340,-1,2,-139,-40,36997,123,28,65,0,0,0,0,0,0,0,0,-32308,0,0,0,0,0,202166,0
201872,1762,8250,-256,187,-288,-472,21341,-1,1,-140,-48,36994,116,28,65,0,0,0,0,0,0,0,0,-32309,0,0,0,0,0,202171,0
201877,1716,8204,-306,185,-275,-464,21340,-4,-2,-140,-48,36994,116,28,65,0,0,0,0,0,0,0,0,-32309,0,0,0,0,0,202176,0
201882,1692,8264,-294,172,-264,-461,21341,0,0,-140,-40,36995,110,28,65,0,0,0,0,0,0,0,0,-32309,0,0,0,0,0,202182,0
201887,1710,8206,-282,162,-257,-457,21342,2,-4,-141,-32,36995,110,28,65,0,0,0,0,0,0,0,0,-32309,0,0,0,0,0,202187,0
201892,1796,8190,-252,157,-233,-449,21341,2,2,-142,-40,36992,104,28,65,0,0,0,0,0,0,0,0,-32309,0,0,0,0,0,202193,0
201897,1776,8148,-218,140,-228,-444,21340,0,-1,-141,-40,36992,104,28,65,0,0,0,0,0,0,0,0,-32308,0,0,0,0,0,202198,0
201902,1760,8088,-212,138,-226,-443,21339,-2,-1,-142,-40,36992,116,28,65,0,0,0,0,0,0,0,0,-32309,0,0,0,0,0,202204,0
201907,1768,8054,-154,135,-216,-439,21340,-2,1,-142,-40,36992,116,28,65,0,0,0,0,0,0,0,0,-32309,0,0,0,0,0,202210,0
201912,1754,7952,-112,122,-216,-441,21340,0,-1,-141,-40,36993,118,28,65,0,0,0,0,0,0,0,0,-32309,0,0,0,0,0,202215,0
201917,1764,7910,-76,112,-214,-441,21339,-3,0,-143,-40,36993,118,28,65,0,0,0,0,0,0,0,0,-32309,0,0,0,0,0,202221,0
201922,1792,7816,-78,107,-213,-430,21338,-7,-1,-141,-48,36993,117,28,65,0,0,0,0,0,0,0,0,-32309,0,0,0,0,0,202226,0
201927,1802,7738,-46,106,-207,-433,21337,-6,-3,-138,-40,36993,117,28,65,0,0,0,0,0,0,0,0,-32309,0,0,0,0,0,202232,0
201932,1796,7646,-14,101,-207,-427,21336,-2,-3,-142,-40,36999,119,28,65,0,0,0,0,0,0,0,0,-32309,0,0,0,0,0,202238,0
201937,1856,7586,8,100,-198,-427,21333,-14,-8,-143,-40,36999,119,28,65,0,0,0,0,0,0,0,0,-32309,0,0,0,0,0,202243,0
201942,1802,7528,34,99,-199,-423,21329,-24,-7,-140,-48,36999,111,28,65,0,0,0,0,0,0,0,0,-32308,0,0,0,0,0,202249,0
201947,1776,7464,58,93,-193,-421,21319,-51,-24,-138,-64,36999,111,28,65,0,0,0,0,0,0,0,0,-32309,0,0,0,0,0,202254,0
201952,1546,7292,84,98,-179,-399,21295,-115,-68,-128,-112,37000,117,28,65,0,0,0,0,0,0,0,0,-32308,0,0,0,0,0,202260,0
201957,1294,7130,102,99,-178,-379,21252,-193,-134,-130,-160,37000,117,28,65,0,0,0,0,0,0,0,0,-32309,0,0,0,0,0,202265,0
201962,1014,6976,110,99,-168,-357,21187,-291,-211,-137,-256,36999,124,28,65,0,0,0,0,0,0,0,0,-32308,0,0,0,0,0,202270,0
201967,784,6986,88,95,-164,-327,21100,-397,-277,-139,-400,36999,124,28,65,0,0,0,0,0,0,0,0,-32309,0,0,0,0,0,202276,0
201972,1026,7638,46,98,-154,-279,20990,-492,-319,-125,-584,36990,122,28,65,0,0,0,0,0,0,0,0,-32308,0,0,0,0,0,202281,0
201977,1356,8102,74,101,-154,-264,20861,-574,-330,-130,-776,36990,122,28,65,0,0,0,0,0,0,0,0,-32309,0,0,0,0,0,202287,0
201982,1646,8464,110,106,-155,-253,20708,-688,-337,-117,-1024,36989,124,28,65,0,0,0,0,0,0,0,0,-32309,0,0,0,0,0,202292,0
201987,1812,8750,182,112,-151,-258,20533,-779,-334,-112,-1192,36989,124,28,65,0,0,0,0,0,0,0,0,-32309,0,0,0,0,0,202298,0
201992,1644,8870,272,111,-151,-265,20338,-862,-335,-101,-1360,36989,124,28,65,0,0,0,0,0,0,0,0,-32309,0,0,0,0,0,202303,0
201997,1378,8798,218,114,-154,-267,20128,-934,-316,-86,-1504,36989,124,28,65,0,0,0,0,0,0,0,0,-32308,0,0,0,0,0,202308,0
202002,1234,8702,146,113,-157,-257,19909,-966,-273,-87,-1528,36991,125,28,65,0,0,0,0,0,0,0,0,-32309,0,0,0,0,0,202314,0
202007,1066,8692,70,109,-171,-251,19682,-996,-217,-89,-1552,36991,125,28,65,0,0,0,0,0,0,0,0,-32308,0,0,0,0,0,202320,0
202012,1120,8608,-44,113,-177,-242,19452,-1011,-151,-77,-1568,36989,122,28,65,0,0,0,0,0,0,0,0,-32309,0,0,0,0,0,202325,0
202017,1234,8572,-38,119,-199,-235,19221,-1011,-97,-59,-1544,36989,122,28,65,0,0,0,0,0,0,0,0,-32309,0,0,0,0,0,202331,0
202022,1406,8506,32,113,-176,-229,18989,-1017,-48,-65,-1528,36987,118,28,65,0,0,0,0,0,0,0,0,-32308,0,0,0,0,0,202337,0
202027,1476,8400,58,108,-175,-225,18755,-1031,-34,-54,-1560,36987,118,28,65,0,0,0,0,0,0,0,0,-32309,0,0,0,0,0,202343,0
202032,1558,8200,100,120,-150,-217,18518,-1039,-25,-36,-1608,36987,126,28,65,0,0,0,0,0,0,0,0,-32309,0,0,0,0,0,202348,0
202037,1564,8050,66,123,-134,-216,18279,-1055,-29,-42,-1616,36987,126,28,65,0,0,0,0,0,0,0,0,-32309,0,0,0,0,0,202354,0
202042,1510,7982,72,116,-126,-204,18033,-1078,-47,-44,-1648,36990,124,28,65,0,0,0,0,0,0,0,0,-32308,0,0,0,0,0,202359,0
202047,1508,7822,74,121,-114,-202,17782,-1109,-60,-27,-1720,36990,124,28,65,0,0,0,0,0,0,0,0,-32308,0,0,0,0,0,202365,0
202052,1352,7648,62,116,-87,-180,17524,-1134,-75,-27,-1760,36992,124,28,65,0,0,0,0,0,0,0,0,-32309,0,0,0,0,0,202370,0
202057,1310,7634,76,129,-74,-167,17257,-1176,-97,-25,-1832,36992,124,28,65,0,0,0,0,0,0,0,0,-32308,0,0,0,0,0,202376,0
202062,1224,7622,94,125,-58,-159,16982,-1215,-108,-7,-1928,36993,128,28,65,0,0,0,0,0,0,0,0,-32309,0,0,0,0,0,202381,0
202067,1048,7524,64,133,-49,-138,16697,-1257,-126,-10,-1976,36993,128,28,65,0,0,0,0,0,0,0,0,-32308,0,0,0,0,0,202387,0
202072,914,7584,94,133,-40,-86,16401,-1307,-141,-5,-2072,36992,136,28,65,0,0,0,0,0,0,0,0,-32308,0,0,0,0,0,202392,0
202077,760,7562,144,129,-32,-67,16092,-1365,-157,9,-2184,36992,136,28,65,0,0,0,0,0,0,0,0,-32309,0,0,0,0,0,202398,0
202082,698,7584,100,135,-28,-41,15770,-1431,-177,13,-2304,36990,131,28,65,0,0,0,0,0,0,0,0,-32308,0,0,0,0,0,202403,0
202087,590,7624,88,138,-26,-14,15433,-1492,-193,33,-2456,36990,131,28,65,0,0,0,0,0,0,0,0,-32308,0,0,0,0,0,202409,0
202092,576,7728,72,139,-34,43,15078,-1568,-220,37,-2608,36990,128,28,65,0,0,0,0,0,0,0,0,-32309,0,0,0,0,0,202415,0
202097,556,7800,16,135,-38,80,14704,-1653,-242,51,-2800,36990,128,28,65,0,0,0,0,0,0,0,0,-32308,0,0,0,0,0,202420,0
202102,596,7808,74,138,-41,97,14309,-1747,-272,57,-2976,36989,130,28,65,0,0,0,0,0,0,0,0,-32309,0,0,0,0,0,202426,0
202107,4358,7924,454,140,-79,-269,13906,-1772,-266,40,-2912,36989,130,28,65,0,0,0,0,0,0,0,0,-32309,0,0,0,0,0,202431,0
202112,10062,7330,36,113,-115,-371,13518,-1699,-177,27,-2608,36992,133,28,65,0,0,0,0,0,0,0,0,-32309,0,0,0,0,0,202436,0
202117,7672,6250,-56,114,-100,-489,13200,-1347,86,1930,0,36992,133,28,65,0,0,0,0,0,0,0,0,-32307,0,0,0,0,0,202441,0
202122,4388,6294,-346,124,-92,-463,13084,-448,764,2107,0,37001,127,28,65,0,0,0,0,0,0,0,0,-32309,0,0,0,0,0,202446,0
202127,1570,7536,-302,126,-57,-550,13035,-192,1311,402,0,37001,127,28,65,0,0,0,0,0,0,0,0,-32309,0,0,0,0,0,202451,0
202132,660,8740,126,139,-4,-554,13021,-42,1518,137,0,37010,127,28,65,0,0,0,0,0,0,0,0,-32308,0,0,0,0,0,202456,0
202137,1248,8744,170,135,-7,-547,13030,32,1287,-30,0,37010,127,28,65,0,0,0,0,0,0,0,0,-32309,0,0,0,0,0,202461,0
202142,1296,8640,224,129,-23,-550,13036,25,698,-47,0,37016,109,28,65,0,0,0,0,0,0,0,0,-32308,0,0,0,0,0,202466,0
202147,1090,8654,206,129,-61,-563,13035,1,252,-7,0,37016,109,28,65,0,0,0,0,0,0,0,0,-32309,0,0,0,0,0,202471,0
202152,482,8964,10,119,-166,-579,13035,1,77,0,0,37010,124,28,65,0,0,0,0,0,0,0,0,-32309,0,0,0,0,0,202476,0
202157,944,8984,-92,120,-207,-592,13034,-6,-16,1,0,37010,124,28,65,0,0,0,0,0,0,0,0,-32308,0,0,0,0,0,202481,0
202162,1736,8900,-214,110,-244,-615,13035,-1,-16,1,0,37004,122,28,65,0,0,0,0,0,0,0,0,-32309,0,0,0,0,0,202486,0
202167,2640,8722,-274,111,-276,-636,13036,3,-5,0,0,37004,122,28,65,0,0,0,0,0,0,0,0,-32309,0,0,0,0,0,202491,0
202172,3294,8134,-282,95,-301,-705,13035,-1,1,0,0,37001,126,28,65,0,0,0,0,0,0,0,0,-32309,0,0,0,0,0,202496,0
202177,3076,7940,-166,94,-310,-730,13036,6,4,0,0,37001,126,28,65,0,0,0,0,0,0,0,0,-32309,0,0,0,0,0,202501,0
202182,2658,7770,-46,91,-315,-755,13035,3,1,0,0,36997,129,28,65,0,0,0,0,0,0,0,0,-32308,0,0,0,0,0,202506,0
202187,2240,7706,50,94,-320,-779,13035,-3,1,0,0,36997,129,28,65,0,0,0,0,0,0,0,0,-32308,0,0,0,0,0,202511,0
202192,1484,7698,118,94,-324,-792,13035,-3,-1,-1,0,36998,119,28,65,0,0,0,0,0,0,0,0,-32309,0,0,0,0,0,202516,0
202197,1152,7664,114,95,-326,-790,13034,-1,-4,0,0,36998,119,28,65,0,0,0,0,0,0,0,0,-32309,0,0,0,0,0,202521,0
202202,956,7714,110,100,-336,-793,13036,1,-3,1,0,36999,123,28,65,0,0,0,0,0,0,0,0,-32309,0,0,0,0,0,202526,0
202207,892,7748,76,98,-338,-792,13035,7,1,0,0,36999,123,28,65,0,0,0,0,0,0,0,0,-32309,0,0,0,0,0,202531,0
