state_time,accelx,accely,accelz,gyrox,gyroy,gyroz,mot_ang,mot_vel,mot_acc,mot_cur,mot_volt,batt_volt,batt_curr,temperature,status_mn,status_ex,status_re,genvar_0,genvar_1,genvar_2,genvar_3,genvar_4,genvar_5,genvar_6,genvar_7,genvar_8,genvar_9,ank_ang,ank_vel,sys_time,event flags
279895,1576,7974,-502,86,-19,25,13562,2,1,42,16,36954,128,30,65,0,0,0,0,0,0,0,0,-32306,0,0,0,0,0,1267,0
279900,1574,7990,-520,84,-20,20,13561,-5,0,42,16,36953,131,30,65,0,0,0,0,0,0,0,0,-32305,0,0,0,0,0,279896,0
279905,1562,7966,-512,86,-32,25,13562,-1,-3,41,16,36953,131,30,65,0,0,0,0,0,0,0,0,-32305,0,0,0,0,0,279901,0
279910,1566,7992,-510,80,-24,24,13562,2,-1,43,24,36954,135,30,65,0,0,0,0,0,0,0,0,-32305,0,0,0,0,0,279906,0
279915,1534,7988,-532,80,-22,30,13563,0,2,44,16,36954,135,30,65,0,0,0,0,0,0,0,0,-32305,0,0,0,0,0,279911,0
279920,1566,7984,-544,84,-25,30,13563,4,-3,43,16,36953,129,30,65,0,0,0,0,0,0,0,0,-32305,0,0,0,0,0,279916,0
279925,1566,7978,-536,85,-21,21,13561,3,3,43,16,36953,129,30,65,0,0,0,0,0,0,0,0,-32305,0,0,0,0,0,279921,0
279930,1556,7982,-520,88,-19,29,13562,-3,0,46,8,36955,124,30,65,0,0,0,0,0,0,0,0,-32305,0,0,0,0,0,279926,0
279935,1562,7990,-524,88,-21,23,13562,0,-3,45,24,36955,124,30,65,0,0,0,0,0,0,0,0,-32305,0,0,0,0,0,279931,0
279940,1572,7968,-548,87,-22,27,13562,-5,2,46,16,36956,123,30,65,0,0,0,0,0,0,0,0,-32305,0,0,0,0,0,279936,0
279945,1572,7998,-544,88,-20,28,13562,0,-1,43,24,36956,123,30,65,0,0,0,0,0,0,0,0,-32305,0,0,0,0,0,279941,0
279950,1558,7964,-550,81,-21,26,13562,0,-1,45,16,36955,122,30,65,0,0,0,0,0,0,0,0,-32305,0,0,0,0,0,279946,0
279955,1552,7986,-534,83,-17,32,13562,0,-1,43,16,36955,122,30,65,0,0,0,0,0,0,0,0,-32305,0,0,0,0,0,279951,0
279960,1576,7986,-542,88,-11,30,13562,1,0,44,16,36951,128,30,65,0,0,0,0,0,0,0,0,-32305,0,0,0,0,0,279956,0
279965,1550,7998,-522,85,-17,28,13562,-1,5,44,24,36951,128,30,65,0,0,0,0,0,0,0,0,-32305,0,0,0,0,0,279961,0
279970,1536,7982,-554,83,-13,29,13562,0,-1,41,24,36952,133,30,65,0,0,0,0,0,0,0,0,-32306,0,0,0,0,0,279966,0
279975,1558,7984,-538,81,-10,33,13564,9,0,44,16,36952,133,30,65,0,0,0,0,0,0,0,0,-32305,0,0,0,0,0,279971,0
279980,1582,7978,-576,88,-9,34,13562,3,2,47,16,36952,139,30,65,0,0,0,0,0,0,0,0,-32305,0,0,0,0,0,279976,0
279985,1554,7982,-568,82,-9,27,13563,0,-2,45,24,36952,139,30,65,0,0,0,0,0,0,0,0,-32306,0,0,0,0,0,279981,0
279990,1580,7980,-554,81,-6,33,13562,1,-7,43,16,36951,132,30,65,0,0,0,0,0,0,0,0,-32305,0,0,0,0,0,279986,0
279995,1542,7968,-568,83,-1,35,13562,0,1,43,16,36951,132,30,65,0,0,0,0,0,0,0,0,-32306,0,0,0,0,0,279991,0
280000,1568,7978,-538,83,-1,33,13562,0,-1,43,16,36950,132,30,65,0,0,0,0,0,0,0,0,-32305,0,0,0,0,0,279996,0
280005,1572,7968,-576,81,-10,32,13563,0,-2,44,24,36950,132,30,65,0,0,0,0,0,0,0,0,-32305,0,0,0,0,0,280001,0
280010,1580,7972,-550,83,-4,31,13561,-6,-2,41,16,36945,133,30,65,0,0,0,0,0,0,0,0,-32305,0,0,0,0,0,280006,0
280015,1600,7960,-566,79,-7,35,13562,2,-1,45,16,36945,133,30,65,0,0,0,0,0,0,0,0,-32305,0,0,0,0,0,280011,0
280020,1588,7974,-540,81,-1,29,13562,0,1,41,16,36938,133,30,65,0,0,0,0,0,0,0,0,-32305,0,0,0,0,0,280016,0
280025,1586,7960,-570,80,-3,35,13563,4,3,42,16,36938,133,30,65,0,0,0,0,0,0,0,0,-32306,0,0,0,0,0,280021,0
280030,1602,7936,-560,79,-1,33,13563,8,3,45,16,36936,131,30,65,0,0,0,0,0,0,0,0,-32305,0,0,0,0,0,280026,0
280035,1618,7942,-558,81,-5,29,13561,1,1,45,24,36936,131,30,65,0,0,0,0,0,0,0,0,-32305,0,0,0,0,0,280031,0
280040,1598,7946,-548,79,-5,27,13562,-4,-2,44,8,36934,132,30,65,0,0,0,0,0,0,0,0,-32305,0,0,0,0,0,280036,0
280045,1644,7966,-554,76,-8,23,13563,-1,-4,43,16,36934,132,30,65,0,0,0,0,0,0,0,0,-32305,0,0,0,0,0,280041,0
280050,1598,7956,-550,78,-4,25,13563,6,4,43,16,36935,137,30,65,0,0,0,0,0,0,0,0,-32305,0,0,0,0,0,280046,0
280055,1612,8006,-542,80,-12,27,13562,0,0,43,24,36935,137,30,65,0,0,0,0,0,0,0,0,-32305,0,0,0,0,0,280051,0
280060,1636,7992,-560,74,-9,25,13563,5,-3,44,16,36932,133,30,65,0,0,0,0,0,0,0,0,-32305,0,0,0,0,0,280056,0
280065,1612,7998,-584,75,-6,22,13562,2,-2,44,24,36932,133,30,65,0,0,0,0,0,0,0,0,-32305,0,0,0,0,0,280061,0
280070,1632,7962,-564,76,-7,22,13562,-5,1,41,16,36933,131,30,65,0,0,0,0,0,0,0,0,-32305,0,0,0,0,0,280066,0
280075,1618,7974,-558,75,-6,18,13562,0,-2,43,16,36933,131,30,65,0,0,0,0,0,0,0,0,-32305,0,0,0,0,0,280071,0
280080,1584,7986,-534,69,-7,14,13563,-3,-2,45,16,36931,129,30,65,0,0,0,0,0,0,0,0,-32305,0,0,0,0,0,280076,0
280085,1616,7956,-516,74,-4,16,13564,4,-1,46,24,36931,129,30,65,0,0,0,0,0,0,0,0,-32305,0,0,0,0,0,280081,0
280090,1592,8012,-534,77,-9,16,13562,0,0,46,16,36929,130,30,65,0,0,0,0,0,0,0,0,-32305,0,0,0,0,0,280086,0
280095,1606,7978,-528,76,-8,15,13563,-6,-1,43,24,36929,130,30,65,0,0,0,0,0,0,0,0,-32305,0,0,0,0,0,280091,0
280100,1588,7990,-526,76,-6,14,13561,-1,-6,43,16,36926,129,30,65,0,0,0,0,0,0,0,0,-32305,0,0,0,0,0,280096,0
280105,1566,7970,-524,75,0,11,13562,0,2,43,16,36926,129,30,65,0,0,0,0,0,0,0,0,-32305,0,0,0,0,0,280101,0
280110,1610,7974,-564,73,-5,8,13563,2,-2,45,16,36927,132,30,65,0,0,0,0,0,0,0,0,-32305,0,0,0,0,0,280106,0
280115,1624,7966,-544,76,-7,11,13563,8,4,43,24,36927,132,30,65,0,0,0,0,0,0,0,0,-32305,0,0,0,0,0,280111,0
280120,1628,7994,-506,78,-4,11,13563,5,6,43,16,36928,133,30,65,0,0,0,0,0,0,0,0,-32306,0,0,0,0,0,280116,0
280125,1620,8004,-542,71,-4,8,13563,0,-5,42,16,36928,133,30,65,0,0,0,0,0,0,0,0,-32305,0,0,0,0,0,280121,0
280130,1608,8016,-532,71,0,7,13562,-2,-4,45,16,36929,138,30,65,0,0,0,0,0,0,0,0,-32305,0,0,0,0,0,280126,0
280135,1598,7998,-562,70,-6,7,13562,-2,-2,44,16,36929,138,30,65,0,0,0,0,0,0,0,0,-32305,0,0,0,0,0,280131,0
280140,1582,7996,-550,74,-3,2,13562,-1,-4,46,16,36928,131,30,65,0,0,0,0,0,0,0,0,-32305,0,0,0,0,0,280136,0
280145,1592,8008,-562,66,0,6,13561,-8,-2,44,16,36928,131,30,65,0,0,0,0,0,0,0,0,-32306,0,0,0,0,0,280141,0
280150,1602,7996,-548,76,2,0,13562,-7,-2,44,16,36929,133,30,65,0,0,0,0,0,0,0,0,-32305,0,0,0,0,0,280146,0
280155,1590,8020,-572,75,6,5,13563,3,-2,45,16,36929,133,30,65,0,0,0,0,0,0,0,0,-32305,0,0,0,0,0,280151,0
280160,1582,7992,-538,71,8,5,13562,0,-3,43,24,36929,132,30,65,0,0,0,0,0,0,0,0,-32305,0,0,0,0,0,280156,0
280165,1574,7974,-554,72,8,2,13562,1,-1,46,24,36929,132,30,65,0,0,0,0,0,0,0,0,-32305,0,0,0,0,0,280161,0
280170,1564,7982,-548,73,10,3,13562,2,0,44,16,36929,134,30,65,0,0,0,0,0,0,0,0,-32305,0,0,0,0,0,280166,0
280175,1588,7964,-532,70,20,2,13563,-2,-1,43,16,36929,134,30,65,0,0,0,0,0,0,0,0,-32305,0,0,0,0,0,280171,0
280180,1578,7978,-558,73,18,3,13561,-7,4,43,16,36927,136,30,65,0,0,0,0,0,0,0,0,-32305,0,0,0,0,0,280176,0
280185,1572,7962,-542,73,16,3,13562,1,-5,47,24,36927,136,30,65,0,0,0,0,0,0,0,0,-32305,0,0,0,0,0,280181,0
280190,1580,7970,-564,70,18,6,13563,0,4,44,16,36926,139,30,65,0,0,0,0,0,0,0,0,-32305,0,0,0,0,0,280186,0
280195,1588,7968,-554,75,22,7,13561,-1,-3,43,16,36926,139,30,65,0,0,0,0,0,0,0,0,-32305,0,0,0,0,0,280191,0
280200,1558,7968,-552,67,21,9,13561,-12,-3,44,16,36927,138,30,65,0,0,0,0,0,0,0,0,-32305,0,0,0,0,0,280196,0
280205,1572,7978,-534,72,23,8,13563,-1,4,43,24,36927,138,30,65,0,0,0,0,0,0,0,0,-32305,0,0,0,0,0,280201,0
280210,1568,7990,-550,70,27,8,13562,3,-7,42,16,36929,141,30,65,0,0,0,0,0,0,0,0,-32305,0,0,0,0,0,280206,0
280215,1576,7946,-546,67,35,7,13562,-3,-2,43,16,36929,141,30,65,0,0,0,0,0,0,0,0,-32306,0,0,0,0,0,280211,0
280220,1564,7974,-540,68,23,3,13563,2,5,43,24,36928,135,30,65,0,0,0,0,0,0,0,0,-32305,0,0,0,0,0,280216,0
280225,1532,7964,-544,69,26,7,13563,0,5,43,24,36928,135,30,65,0,0,0,0,0,0,0,0,-32305,0,0,0,0,0,280221,0
280230,1540,7962,-566,69,29,10,13561,-1,-1,43,16,36929,140,30,65,0,0,0,0,0,0,0,0,-32306,0,0,0,0,0,280226,0
280235,1546,7996,-542,69,33,8,13561,0,-2,45,16,36929,140,30,65,0,0,0,0,0,0,0,0,-32306,0,0,0,0,0,280231,0
280240,1542,7948,-526,66,28,9,13562,2,5,45,24,36926,136,30,65,0,0,0,0,0,0,0,0,-32305,0,0,0,0,0,280236,0
280245,1550,7996,-558,58,30,9,13562,0,4,43,8,36926,136,30,65,0,0,0,0,0,0,0,0,-32305,0,0,0,0,0,280241,0
280250,1556,7978,-530,64,29,9,13562,-4,1,44,16,36928,138,30,65,0,0,0,0,0,0,0,0,-32305,0,0,0,0,0,280246,0
280255,1544,7976,-554,65,28,2,13564,8,3,43,16,36928,138,30,65,0,0,0,0,0,0,0,0,-32305,0,0,0,0,0,280251,0
280260,1566,7982,-582,70,27,12,13563,0,0,43,16,36925,130,30,65,0,0,0,0,0,0,0,0,-32305,0,0,0,0,0,280256,0
280265,1550,7998,-562,62,23,10,13562,0,4,45,16,36925,130,30,65,0,0,0,0,0,0,0,0,-32305,0,0,0,0,0,280261,0
280270,1544,7986,-544,67,22,6,13562,4,-3,43,16,36928,130,30,65,0,0,0,0,0,0,0,0,-32305,0,0,0,0,0,280266,0
280275,1556,7972,-526,60,29,7,13562,0,1,44,16,36928,130,30,65,0,0,0,0,0,0,0,0,-32305,0,0,0,0,0,280271,0
280280,1540,7976,-534,56,24,8,13562,2,8,45,24,36926,131,30,65,0,0,0,0,0,0,0,0,-32305,0,0,0,0,0,280276,0
280285,1526,7982,-546,57,22,8,13561,2,0,46,24,36926,131,30,65,0,0,0,0,0,0,0,0,-32305,0,0,0,0,0,280281,0
280290,1532,7986,-556,65,21,6,13561,-8,2,45,16,36926,129,30,65,0,0,0,0,0,0,0,0,-32305,0,0,0,0,0,280286,0
280295,1550,8002,-556,62,15,11,13562,-3,2,45,16,36926,129,30,65,0,0,0,0,0,0,0,0,-32305,0,0,0,0,0,280291,0
280300,1564,7980,-534,61,13,5,13562,-3,-2,43,16,36929,132,30,65,0,0,0,0,0,0,0,0,-32306,0,0,0,0,0,280296,0
280305,1580,7990,-538,61,14,3,13562,-2,-4,43,16,36929,132,30,65,0,0,0,0,0,0,0,0,-32306,0,0,0,0,0,280301,0
280310,1544,7982,-528,58,10,10,13563,7,1,43,16,36933,128,30,65,0,0,0,0,0,0,0,0,-32305,0,0,0,0,0,280306,0
280315,1510,7978,-540,59,9,5,13561,-4,-5,43,24,36933,128,30,65,0,0,0,0,0,0,0,0,-32305,0,0,0,0,0,280311,0
280320,1526,7958,-544,60,4,4,13561,-4,0,44,16,36933,125,30,65,0,0,0,0,0,0,0,0,-32305,0,0,0,0,0,280316,0
280325,1546,7956,-530,58,5,8,13561,-8,-4,42,24,36933,125,30,65,0,0,0,0,0,0,0,0,-32305,0,0,0,0,0,280321,0
280330,1530,7974,-536,59,2,11,13562,0,-1,44,24,36932,126,30,65,0,0,0,0,0,0,0,0,-32305,0,0,0,0,0,280326,0
280335,1542,7962,-540,62,4,7,13563,0,3,45,16,36932,126,30,65,0,0,0,0,0,0,0,0,-32306,0,0,0,0,0,280331,0
280340,1544,7982,-518,53,-7,11,13562,0,0,44,16,36935,133,30,65,0,0,0,0,0,0,0,0,-32305,0,0,0,0,0,280336,0
280345,1516,7976,-528,56,-9,10,13561,-3,-4,44,24,36935,133,30,65,0,0,0,0,0,0,0,0,-32305,0,0,0,0,0,280341,0
280350,1548,7976,-524,57,-3,8,13562,1,-4,43,16,36934,137,30,65,0,0,0,0,0,0,0,0,-32305,0,0,0,0,0,280346,0
280355,1564,7962,-522,54,-5,7,13563,2,5,44,24,36934,137,30,65,0,0,0,0,0,0,0,0,-32305,0,0,0,0,0,280351,0
280360,1554,8000,-524,53,-8,7,13563,10,2,43,16,36933,144,30,65,0,0,0,0,0,0,0,0,-32305,0,0,0,0,0,280356,0
280365,1536,7992,-530,59,-11,13,13561,-3,-6,42,24,36933,144,30,65,0,0,0,0,0,0,0,0,-32305,0,0,0,0,0,280361,0
280370,1554,7986,-526,60,-9,15,13564,9,8,43,16,36926,135,30,65,0,0,0,0,0,0,0,0,-32305,0,0,0,0,0,280366,0
280375,1534,8010,-534,65,-11,14,13562,-3,-5,44,16,36926,135,30,65,0,0,0,0,0,0,0,0,-32305,0,0,0,0,0,280371,0
280380,1520,8020,-524,59,-12,12,13561,-5,0,43,16,36925,136,30,65,0,0,0,0,0,0,0,0,-32305,0,0,0,0,0,280376,0
280385,1558,8014,-528,56,-17,13,13562,-2,-3,45,16,36925,136,30,65,0,0,0,0,0,0,0,0,-32305,0,0,0,0,0,280381,0
280390,1536,8022,-526,56,-19,8,13563,2,-2,45,16,36925,132,30,65,0,0,0,0,0,0,0,0,-32305,0,0,0,0,0,280386,0
280395,1550,8012,-528,56,-17,8,13562,-6,-3,43,16,36925,132,30,65,0,0,0,0,0,0,0,0,-32305,0,0,0,0,0,280391,0
280400,1526,7996,-512,58,-24,8,13562,3,-1,45,16,36926,131,30,65,0,0,0,0,0,0,0,0,-32306,0,0,0,0,0,280396,0
280405,1542,7998,-518,60,-27,9,13562,-2,-5,44,24,36926,131,30,65,0,0,0,0,0,0,0,0,-32305,0,0,0,0,0,280401,0
280410,1528,8022,-536,60,-26,12,13562,-2,-3,41,24,36926,131,30,65,0,0,0,0,0,0,0,0,-32305,0,0,0,0,0,280406,0
280415,1506,8000,-514,63,-22,10,13564,10,3,45,16,36926,131,30,65,0,0,0,0,0,0,0,0,-32305,0,0,0,0,0,280411,0
280420,1502,7996,-494,55,-25,18,13562,-5,-1,42,16,36927,126,30,65,0,0,0,0,0,0,0,0,-32305,0,0,0,0,0,280416,0
280425,1496,8014,-494,58,-32,13,13563,0,1,43,16,36927,126,30,65,0,0,0,0,0,0,0,0,-32305,0,0,0,0,0,280421,0
280430,1508,7970,-506,55,-31,15,13563,0,1,44,8,36926,126,30,65,0,0,0,0,0,0,0,0,-32305,0,0,0,0,0,280426,0
280435,1516,8016,-508,55,-34,19,13563,-6,0,44,24,36926,126,30,65,0,0,0,0,0,0,0,0,-32305,0,0,0,0,0,280431,0
280440,1552,7982,-518,55,-36,19,13562,-1,-4,45,16,36926,133,30,65,0,0,0,0,0,0,0,0,-32305,0,0,0,0,0,280436,0
280445,1534,7990,-512,60,-37,16,13562,-4,-2,44,8,36926,133,30,65,0,0,0,0,0,0,0,0,-32305,0,0,0,0,0,280441,0
280450,1522,7988,-496,56,-35,21,13562,4,-4,45,16,36929,129,30,65,0,0,0,0,0,0,0,0,-32305,0,0,0,0,0,280446,0
280455,1520,7986,-494,61,-35,21,13562,-1,0,44,16,36929,129,30,65,0,0,0,0,0,0,0,0,-32305,0,0,0,0,0,280451,0
280460,1516,8026,-522,58,-38,18,13562,-2,1,42,16,36929,130,30,65,0,0,0,0,0,0,0,0,-32306,0,0,0,0,0,280456,0
280465,1512,7994,-516,61,-39,25,13563,3,-5,45,16,36929,130,30,65,0,0,0,0,0,0,0,0,-32305,0,0,0,0,0,280461,0
280470,1508,7990,-508,61,-40,20,13562,-2,1,44,16,36929,126,30,65,0,0,0,0,0,0,0,0,-32305,0,0,0,0,0,280466,0
280475,1538,7992,-494,65,-42,18,13562,-2,-2,43,16,36929,126,30,65,0,0,0,0,0,0,0,0,-32305,0,0,0,0,0,280471,0
280480,1536,7964,-522,61,-51,26,13563,-2,-2,44,8,36929,133,30,65,0,0,0,0,0,0,0,0,-32306,0,0,0,0,0,280476,0
280485,1504,7990,-538,60,-44,26,13561,-1,0,45,16,36929,133,30,65,0,0,0,0,0,0,0,0,-32305,0,0,0,0,0,280481,0
280490,1546,8010,-484,63,-47,23,13562,3,4,46,16,36930,138,30,65,0,0,0,0,0,0,0,0,-32305,0,0,0,0,0,280486,0
280495,1534,7988,-508,62,-49,22,13562,5,0,43,16,36930,138,30,65,0,0,0,0,0,0,0,0,-32305,0,0,0,0,0,280491,0
280500,1532,7940,-522,59,-48,25,13562,-1,6,44,16,36931,133,30,65,0,0,0,0,0,0,0,0,-32305,0,0,0,0,0,280496,0
280505,1514,7964,-504,58,-45,26,13563,4,3,42,16,36931,133,30,65,0,0,0,0,0,0,0,0,-32305,0,0,0,0,0,280501,0
280510,1540,7992,-520,56,-48,24,13563,1,-5,43,16,36931,132,30,65,0,0,0,0,0,0,0,0,-32305,0,0,0,0,0,280506,0
280515,1504,7982,-524,61,-50,30,13564,7,1,44,16,36931,132,30,65,0,0,0,0,0,0,0,0,-32305,0,0,0,0,0,280511,0
280520,1534,7978,-516,59,-49,27,13563,1,-6,42,16,36931,131,30,65,0,0,0,0,0,0,0,0,-32305,0,0,0,0,0,280516,0
280525,1524,7996,-520,55,-47,26,13562,1,2,43,16,36931,131,30,65,0,0,0,0,0,0,0,0,-32305,0,0,0,0,0,280521,0
280530,1542,7976,-510,58,-48,26,13562,0,-6,44,16,36928,134,30,65,0,0,0,0,0,0,0,0,-32305,0,0,0,0,0,280526,0
280535,1526,7980,-538,61,-43,26,13563,4,-1,46,16,36928,134,30,65,0,0,0,0,0,0,0,0,-32305,0,0,0,0,0,280531,0
280540,1546,7990,-528,55,-42,28,13562,-1,0,44,16,36930,135,30,65,0,0,0,0,0,0,0,0,-32305,0,0,0,0,0,280536,0
280545,1522,8000,-498,60,-45,33,13563,-4,1,44,16,36930,135,30,65,0,0,0,0,0,0,0,0,-32305,0,0,0,0,0,280541,0
280550,1544,8002,-514,59,-46,25,13561,0,-2,45,16,36932,135,30,65,0,0,0,0,0,0,0,0,-32306,0,0,0,0,0,280546,0
280555,1538,7974,-526,54,-50,32,13563,4,1,43,16,36932,135,30,65,0,0,0,0,0,0,0,0,-32306,0,0,0,0,0,280551,0
280560,1528,7988,-506,59,-46,29,13563,4,0,44,16,36937,134,30,65,0,0,0,0,0,0,0,0,-32305,0,0,0,0,0,280556,0
280565,1534,7998,-530,56,-48,31,13561,-3,1,44,24,36937,134,30,65,0,0,0,0,0,0,0,0,-32305,0,0,0,0,0,280561,0
280570,1512,7996,-504,54,-46,34,13563,9,2,43,16,36940,131,30,65,0,0,0,0,0,0,0,0,-32305,0,0,0,0,0,280566,0
280575,1546,7974,-530,64,-42,28,13562,0,-2,43,16,36940,131,30,65,0,0,0,0,0,0,0,0,-32305,0,0,0,0,0,280571,0
280580,1554,7976,-518,63,-43,36,13561,-7,1,46,16,36931,123,30,65,0,0,0,0,0,0,0,0,-32305,0,0,0,0,0,280576,0
280585,1584,7986,-520,59,-49,31,13562,5,-3,48,16,36931,123,30,65,0,0,0,0,0,0,0,0,-32305,0,0,0,0,0,280581,0
280590,1528,7984,-504,56,-38,35,13562,-3,-1,47,16,36929,121,30,65,0,0,0,0,0,0,0,0,-32305,0,0,0,0,0,280586,0
280595,1552,7954,-514,61,-40,34,13562,2,2,44,16,36929,121,30,65,0,0,0,0,0,0,0,0,-32305,0,0,0,0,0,280591,0
280600,1552,7974,-514,56,-40,39,13562,0,-1,43,16,36928,121,30,65,0,0,0,0,0,0,0,0,-32305,0,0,0,0,0,280596,0
280605,1550,7970,-538,63,-34,33,13563,6,1,44,16,36928,121,30,65,0,0,0,0,0,0,0,0,-32306,0,0,0,0,0,280601,0
280610,1524,7986,-506,62,-35,40,13563,-3,-2,44,16,36931,131,30,65,0,0,0,0,0,0,0,0,-32305,0,0,0,0,0,280606,0
280615,1570,7990,-524,61,-27,35,13562,0,-1,45,16,36931,131,30,65,0,0,0,0,0,0,0,0,-32305,0,0,0,0,0,280611,0
280620,1554,8002,-518,62,-30,37,13562,-6,0,46,16,36929,135,30,65,0,0,0,0,0,0,0,0,-32305,0,0,0,0,0,280616,0
280625,1570,7976,-518,68,-29,38,13562,-3,-2,42,16,36929,135,30,65,0,0,0,0,0,0,0,0,-32305,0,0,0,0,0,280621,0
280630,1554,7996,-516,65,-27,38,13562,-1,0,44,16,36927,135,30,65,0,0,0,0,0,0,0,0,-32305,0,0,0,0,0,280626,0
280635,1542,7984,-514,59,-29,35,13562,-5,-2,46,16,36927,135,30,65,0,0,0,0,0,0,0,0,-32305,0,0,0,0,0,280631,0
280640,1562,7990,-500,66,-25,40,13562,0,0,44,16,36926,130,30,65,0,0,0,0,0,0,0,0,-32305,0,0,0,0,0,280636,0
280645,1554,7990,-486,63,-21,34,13562,-5,4,43,16,36926,130,30,65,0,0,0,0,0,0,0,0,-32305,0,0,0,0,0,280641,0
280650,1502,7994,-492,64,-21,36,13562,0,-2,44,16,36929,133,30,65,0,0,0,0,0,0,0,0,-32306,0,0,0,0,0,280646,0
280655,1554,7980,-506,59,-18,38,13561,1,-1,44,16,36929,133,30,65,0,0,0,0,0,0,0,0,-32306,0,0,0,0,0,280651,0
280660,1540,7990,-522,61,-22,41,13563,-1,-1,43,16,36929,142,30,65,0,0,0,0,0,0,0,0,-32306,0,0,0,0,0,280656,0
280665,1566,7994,-516,66,-16,41,13562,3,1,45,24,36929,142,30,65,0,0,0,0,0,0,0,0,-32305,0,0,0,0,0,280661,0
280670,1562,7988,-512,64,-21,34,13561,-4,3,42,16,36929,142,30,65,0,0,0,0,0,0,0,0,-32305,0,0,0,0,0,280666,0
280675,1572,7976,-496,64,-20,41,13562,3,0,43,16,36929,142,30,65,0,0,0,0,0,0,0,0,-32305,0,0,0,0,0,280671,0
280680,1586,7992,-474,60,-22,38,13562,2,0,44,16,36928,140,30,65,0,0,0,0,0,0,0,0,-32305,0,0,0,0,0,280676,0
280685,1576,8010,-508,70,-21,41,13561,-2,5,43,24,36928,140,30,65,0,0,0,0,0,0,0,0,-32305,0,0,0,0,0,280681,0
280690,1562,7968,-512,64,-17,36,13562,0,2,43,16,36928,130,30,65,0,0,0,0,0,0,0,0,-32305,0,0,0,0,0,280686,0
280695,1554,7966,-488,69,-23,34,13563,12,2,46,16,36928,130,30,65,0,0,0,0,0,0,0,0,-32306,0,0,0,0,0,280691,0
280700,1544,7976,-490,68,-17,40,13562,3,1,45,16,36929,127,30,65,0,0,0,0,0,0,0,0,-32305,0,0,0,0,0,280696,0
280705,1566,7984,-516,63,-19,37,13561,0,0,44,16,36929,127,30,65,0,0,0,0,0,0,0,0,-32305,0,0,0,0,0,280701,0
280710,1566,7968,-476,69,-13,36,13562,0,-3,44,16,36929,131,30,65,0,0,0,0,0,0,0,0,-32305,0,0,0,0,0,280706,0
280715,1550,7994,-508,65,-18,32,13563,-2,-1,41,16,36929,131,30,65,0,0,0,0,0,0,0,0,-32305,0,0,0,0,0,280711,0
280720,1548,8012,-498,67,-17,38,13562,5,-1,43,24,36929,127,30,65,0,0,0,0,0,0,0,0,-32306,0,0,0,0,0,280716,0
280725,1558,7978,-494,74,-15,37,13561,-3,-2,42,8,36929,127,30,65,0,0,0,0,0,0,0,0,-32305,0,0,0,0,0,280721,0
280730,1568,7982,-502,70,-19,31,13562,-3,-2,46,8,36927,122,30,65,0,0,0,0,0,0,0,0,-32305,0,0,0,0,0,280726,0
280735,1530,8002,-490,70,-20,35,13562,0,3,46,24,36927,122,30,65,0,0,0,0,0,0,0,0,-32306,0,0,0,0,0,280731,0
280740,1536,7994,-512,65,-24,34,13562,2,5,45,16,36926,122,30,65,0,0,0,0,0,0,0,0,-32305,0,0,0,0,0,280736,0
280745,1546,8014,-494,70,-22,35,13563,3,1,44,16,36926,122,30,65,0,0,0,0,0,0,0,0,-32305,0,0,0,0,0,280741,0
280750,1540,7998,-490,68,-20,37,13562,0,-1,43,16,36933,131,30,65,0,0,0,0,0,0,0,0,-32305,0,0,0,0,0,280746,0
280755,1528,7994,-510,67,-22,32,13562,-3,3,43,16,36933,131,30,65,0,0,0,0,0,0,0,0,-32305,0,0,0,0,0,280751,0
280760,1554,8004,-520,73,-24,38,13562,-1,-4,44,16,36933,131,30,65,0,0,0,0,0,0,0,0,-32305,0,0,0,0,0,280756,0
280765,1516,7986,-510,69,-20,36,13563,0,0,45,16,36933,131,30,65,0,0,0,0,0,0,0,0,-32306,0,0,0,0,0,280761,0
280770,1516,8004,-500,69,-23,40,13563,8,1,42,16,36933,126,30,65,0,0,0,0,0,0,0,0,-32305,0,0,0,0,0,280766,0
280775,1532,7986,-502,69,-23,37,13561,-4,-3,44,16,36933,126,30,65,0,0,0,0,0,0,0,0,-32305,0,0,0,0,0,280771,0
280780,1534,7996,-510,72,-30,37,13563,-1,-2,46,8,36926,127,30,65,0,0,0,0,0,0,0,0,-32305,0,0,0,0,0,280776,0
280785,1540,7978,-502,65,-29,42,13562,-5,-4,47,16,36926,127,30,65,0,0,0,0,0,0,0,0,-32305,0,0,0,0,0,280781,0
280790,1522,8006,-498,66,-28,42,13562,1,5,45,16,36926,137,30,65,0,0,0,0,0,0,0,0,-32305,0,0,0,0,0,280786,0
280795,1532,8000,-530,71,-28,42,13563,4,-2,45,16,36926,137,30,65,0,0,0,0,0,0,0,0,-32305,0,0,0,0,0,280791,0
280800,1558,7958,-524,69,-27,45,13563,1,-2,43,16,36927,133,30,65,0,0,0,0,0,0,0,0,-32305,0,0,0,0,0,280796,0
280805,1570,7974,-504,76,-26,42,13562,0,4,44,16,36927,133,30,65,0,0,0,0,0,0,0,0,-32306,0,0,0,0,0,280801,0
280810,1518,7982,-488,71,-24,40,13562,2,0,44,24,36929,130,30,65,0,0,0,0,0,0,0,0,-32305,0,0,0,0,0,280806,0
280815,1514,7964,-510,70,-28,44,13564,1,0,43,24,36929,130,30,65,0,0,0,0,0,0,0,0,-32305,0,0,0,0,0,280811,0
280820,1554,7958,-518,71,-32,47,13561,-1,0,43,16,36932,125,30,65,0,0,0,0,0,0,0,0,-32305,0,0,0,0,0,280816,0
280825,1534,7976,-490,67,-32,49,13563,0,0,44,16,36932,125,30,65,0,0,0,0,0,0,0,0,-32305,0,0,0,0,0,280821,0
280830,1556,7968,-508,65,-29,48,13563,5,-3,44,8,36931,128,30,65,0,0,0,0,0,0,0,0,-32305,0,0,0,0,0,280826,0
280835,1570,8014,-524,73,-28,44,13561,-3,2,44,16,36931,128,30,65,0,0,0,0,0,0,0,0,-32305,0,0,0,0,0,280831,0
280840,1574,7984,-502,69,-25,48,13562,4,-1,47,16,36941,128,30,65,0,0,0,0,0,0,0,0,-32305,0,0,0,0,0,280836,0
280845,1522,8000,-484,75,-29,47,13562,3,-2,44,16,36941,128,30,65,0,0,0,0,0,0,0,0,-32305,0,0,0,0,0,280841,0
280850,1536,8000,-496,70,-27,49,13561,-3,2,43,16,36938,124,30,65,0,0,0,0,0,0,0,0,-32305,0,0,0,0,0,280846,0
280855,1538,7998,-494,73,-33,47,13563,6,-2,44,16,36938,124,30,65,0,0,0,0,0,0,0,0,-32305,0,0,0,0,0,280851,0
280860,1552,7992,-514,71,-25,50,13563,2,-1,43,24,36942,129,30,65,0,0,0,0,0,0,0,0,-32305,0,0,0,0,0,280856,0
280865,1558,7994,-518,72,-25,48,13562,-3,2,43,16,36942,129,30,65,0,0,0,0,0,0,0,0,-32305,0,0,0,0,0,280861,0
280870,1564,7990,-478,74,-27,51,13562,0,-5,44,24,36931,129,30,65,0,0,0,0,0,0,0,0,-32305,0,0,0,0,0,280866,0
280875,1590,7978,-480,76,-25,50,13563,3,-2,42,16,36931,129,30,65,0,0,0,0,0,0,0,0,-32305,0,0,0,0,0,280871,0
280880,1570,8006,-516,77,-24,54,13562,3,0,45,16,36928,129,30,65,0,0,0,0,0,0,0,0,-32305,0,0,0,0,0,280876,0
280885,1560,7990,-486,68,-21,54,13561,1,1,46,16,36928,129,30,65,0,0,0,0,0,0,0,0,-32305,0,0,0,0,0,280881,0
280890,1572,7998,-508,74,-25,45,13561,-9,3,45,16,36926,128,30,65,0,0,0,0,0,0,0,0,-32305,0,0,0,0,0,280886,0
280895,1548,7978,-504,74,-19,50,13563,-1,-2,45,16,36926,128,30,65,0,0,0,0,0,0,0,0,-32305,0,0,0,0,0,280891,0
280900,1568,7976,-518,77,-21,49,13563,3,3,42,16,36926,126,30,65,0,0,0,0,0,0,0,0,-32305,0,0,0,0,0,280896,0
280905,1554,7982,-516,80,-24,50,13564,0,-3,42,16,36926,126,30,65,0,0,0,0,0,0,0,0,-32305,0,0,0,0,0,280901,0
280910,1576,7984,-496,76,-18,52,13562,0,-2,43,16,36926,127,30,65,0,0,0,0,0,0,0,0,-32305,0,0,0,0,0,280906,0
280915,1572,7960,-516,80,-21,48,13563,0,0,44,16,36926,127,30,65,0,0,0,0,0,0,0,0,-32305,0,0,0,0,0,280911,0
280920,1556,7954,-510,79,-16,49,13563,1,-7,43,16,36924,134,30,65,0,0,0,0,0,0,0,0,-32305,0,0,0,0,0,280916,0
280925,1576,7962,-502,79,-20,50,13562,-5,0,44,24,36924,134,30,65,0,0,0,0,0,0,0,0,-32305,0,0,0,0,0,280921,0
280930,1572,7948,-498,75,-22,52,13563,0,2,42,16,36923,130,30,65,0,0,0,0,0,0,0,0,-32305,0,0,0,0,0,280926,0
280935,1550,7972,-502,76,-16,53,13561,-1,-3,45,16,36923,130,30,65,0,0,0,0,0,0,0,0,-32305,0,0,0,0,0,280931,0
280940,1578,7954,-518,77,-16,49,13562,0,-3,47,16,36925,125,30,65,0,0,0,0,0,0,0,0,-32305,0,0,0,0,0,280936,0
280945,1576,8000,-510,73,-12,59,13562,0,-2,44,16,36925,125,30,65,0,0,0,0,0,0,0,0,-32305,0,0,0,0,0,280941,0
280950,1566,7996,-494,77,-16,56,13563,3,1,43,16,36928,118,30,65,0,0,0,0,0,0,0,0,-32305,0,0,0,0,0,280946,0
280955,1558,7980,-492,79,-16,52,13562,1,5,45,24,36928,118,30,65,0,0,0,0,0,0,0,0,-32306,0,0,0,0,0,280951,0
280960,1560,7994,-488,75,-16,54,13562,2,-2,41,8,36931,119,30,65,0,0,0,0,0,0,0,0,-32305,0,0,0,0,0,280956,0
280965,1568,7974,-496,80,-15,51,13563,3,-3,41,24,36931,119,30,65,0,0,0,0,0,0,0,0,-32306,0,0,0,0,0,280961,0
280970,1562,7998,-480,81,-16,51,13562,0,1,43,16,36933,140,30,65,0,0,0,0,0,0,0,0,-32305,0,0,0,0,0,280966,0
280975,1572,8002,-478,81,-13,56,13562,-7,0,43,16,36933,140,30,65,0,0,0,0,0,0,0,0,-32305,0,0,0,0,0,280971,0
280980,1586,8014,-498,79,-15,57,13562,-3,-3,44,8,36931,138,30,65,0,0,0,0,0,0,0,0,-32305,0,0,0,0,0,280976,0
280985,1568,8004,-516,85,-10,53,13561,-7,-2,45,24,36931,138,30,65,0,0,0,0,0,0,0,0,-32304,0,0,0,0,0,280981,0
280990,1592,8002,-520,80,-9,54,13563,6,2,45,24,36931,144,30,65,0,0,0,0,0,0,0,0,-32305,0,0,0,0,0,280986,0
280995,1578,8022,-516,89,-6,47,13562,2,3,42,24,36931,144,30,65,0,0,0,0,0,0,0,0,-32305,0,0,0,0,0,280991,0
281000,1576,8034,-510,79,-2,53,13562,1,6,42,16,36924,137,30,65,0,0,0,0,0,0,0,0,-32305,0,0,0,0,0,280996,0
281005,1598,8026,-508,77,-1,55,13563,4,2,42,16,36924,137,30,65,0,0,0,0,0,0,0,0,-32305,0,0,0,0,0,281001,0
281010,1580,7982,-514,79,-2,57,13563,2,2,44,24,36925,142,30,65,0,0,0,0,0,0,0,0,-32305,0,0,0,0,0,281006,0
281015,1578,7970,-506,83,-1,47,13563,9,1,44,16,36925,142,30,65,0,0,0,0,0,0,0,0,-32305,0,0,0,0,0,281011,0
281020,1602,8016,-516,87,1,55,13563,0,-5,43,16,36925,139,30,65,0,0,0,0,0,0,0,0,-32305,0,0,0,0,0,281016,0
281025,1614,7984,-480,78,4,49,13562,-1,0,43,16,36925,139,30,65,0,0,0,0,0,0,0,0,-32305,0,0,0,0,0,281021,0
281030,1632,8018,-490,83,5,48,13564,4,-2,44,16,36923,140,30,65,0,0,0,0,0,0,0,0,-32305,0,0,0,0,0,281026,0
281035,1600,7992,-516,82,12,46,13562,4,0,44,24,36923,140,30,65,0,0,0,0,0,0,0,0,-32305,0,0,0,0,0,281031,0
281040,1604,8006,-526,84,6,45,13562,1,-4,46,16,36924,140,30,65,0,0,0,0,0,0,0,0,-32305,0,0,0,0,0,281036,0
281045,1654,8004,-502,83,18,45,13563,9,-3,44,24,36924,140,30,65,0,0,0,0,0,0,0,0,-32305,0,0,0,0,0,281041,0
281050,1620,7996,-520,79,16,48,13562,0,0,45,16,36925,136,30,65,0,0,0,0,0,0,0,0,-32305,0,0,0,0,0,281046,0
281055,1600,8024,-520,85,6,41,13563,5,2,42,16,36925,136,30,65,0,0,0,0,0,0,0,0,-32305,0,0,0,0,0,281051,0
281060,1610,8004,-542,87,23,44,13563,4,-5,42,16,36927,128,30,65,0,0,0,0,0,0,0,0,-32305,0,0,0,0,0,281056,0
281065,1610,7992,-496,87,27,44,13562,-1,3,43,24,36927,128,30,65,0,0,0,0,0,0,0,0,-32305,0,0,0,0,0,281061,0
281070,1636,7992,-528,82,24,44,13562,1,-8,45,24,36929,122,30,65,0,0,0,0,0,0,0,0,-32305,0,0,0,0,0,281066,0
281075,1630,8002,-502,84,25,44,13561,-1,2,43,16,36929,122,30,65,0,0,0,0,0,0,0,0,-32305,0,0,0,0,0,281071,0
281080,1616,7976,-536,82,33,44,13562,-2,-3,42,16,36927,117,30,65,0,0,0,0,0,0,0,0,-32305,0,0,0,0,0,281076,0
281085,1614,7972,-548,81,35,43,13561,-4,2,43,16,36927,117,30,65,0,0,0,0,0,0,0,0,-32305,0,0,0,0,0,281081,0
281090,1602,7976,-534,83,38,40,13563,0,0,44,16,36927,117,30,65,0,0,0,0,0,0,0,0,-32305,0,0,0,0,0,281086,0
281095,1592,7970,-556,80,33,41,13562,0,-1,45,24,36927,117,30,65,0,0,0,0,0,0,0,0,-32305,0,0,0,0,0,281092,0
281100,1604,7946,-548,84,48,42,13561,-4,4,42,24,36923,119,30,65,0,0,0,0,0,0,0,0,-32305,0,0,0,0,0,281097,0
281105,1616,7950,-564,81,47,39,13562,-1,1,43,16,36923,119,30,65,0,0,0,0,0,0,0,0,-32305,0,0,0,0,0,281102,0
281110,1626,7920,-534,82,56,41,13562,-1,0,42,24,36923,123,30,65,0,0,0,0,0,0,0,0,-32305,0,0,0,0,0,281107,0
281115,1640,7942,-546,82,56,43,13564,7,4,44,16,36923,123,30,65,0,0,0,0,0,0,0,0,-32305,0,0,0,0,0,281112,0
281120,1612,7906,-556,77,58,43,13562,2,2,42,16,36925,127,30,65,0,0,0,0,0,0,0,0,-32305,0,0,0,0,0,281117,0
281125,1600,7910,-536,74,57,42,13561,2,1,44,16,36925,127,30,65,0,0,0,0,0,0,0,0,-32305,0,0,0,0,0,281122,0
281130,1620,7954,-548,74,59,40,13563,7,0,47,16,36925,135,30,65,0,0,0,0,0,0,0,0,-32305,0,0,0,0,0,281127,0
281135,1630,7930,-542,74,58,44,13562,-7,-1,44,16,36925,135,30,65,0,0,0,0,0,0,0,0,-32305,0,0,0,0,0,281132,0
281140,1594,7976,-520,73,65,38,13562,0,1,45,16,36924,135,30,65,0,0,0,0,0,0,0,0,-32305,0,0,0,0,0,281137,0
281145,1584,7958,-534,82,66,36,13563,-2,0,43,8,36924,135,30,65,0,0,0,0,0,0,0,0,-32305,0,0,0,0,0,281142,0
281150,1550,7960,-530,72,62,39,13563,3,-2,43,8,36923,133,30,65,0,0,0,0,0,0,0,0,-32305,0,0,0,0,0,281147,0
281155,1530,7948,-548,68,65,45,13561,-2,-7,45,16,36923,133,30,65,0,0,0,0,0,0,0,0,-32305,0,0,0,0,0,281152,0
281160,1548,8004,-516,71,54,45,13563,4,4,42,24,36925,133,30,65,0,0,0,0,0,0,0,0,-32305,0,0,0,0,0,281157,0
281165,1518,7986,-528,71,50,45,13563,10,2,46,16,36925,133,30,65,0,0,0,0,0,0,0,0,-32305,0,0,0,0,0,281162,0
281170,1530,8006,-512,69,41,41,13563,4,4,42,16,36933,127,30,65,0,0,0,0,0,0,0,0,-32305,0,0,0,0,0,281167,0
281175,1540,8038,-512,66,40,45,13563,1,0,44,16,36933,127,30,65,0,0,0,0,0,0,0,0,-32305,0,0,0,0,0,281172,0
281180,1506,8032,-500,69,33,43,13562,-7,-4,44,16,36933,125,30,65,0,0,0,0,0,0,0,0,-32305,0,0,0,0,0,281177,0
281185,1500,8036,-482,70,23,44,13563,2,3,43,16,36933,125,30,65,0,0,0,0,0,0,0,0,-32305,0,0,0,0,0,281182,0
281190,1480,8074,-476,68,27,46,13562,0,-1,45,16,36934,126,30,65,0,0,0,0,0,0,0,0,-32305,0,0,0,0,0,281187,0
281195,1510,8062,-478,69,8,47,13562,0,-2,44,16,36934,126,30,65,0,0,0,0,0,0,0,0,-32305,0,0,0,0,0,281192,0
281200,1474,8092,-480,67,-2,44,13562,-1,1,44,16,36926,133,30,65,0,0,0,0,0,0,0,0,-32305,0,0,0,0,0,281197,0
281205,1472,8036,-456,75,-7,50,13563,6,3,43,24,36926,133,30,65,0,0,0,0,0,0,0,0,-32305,0,0,0,0,0,281202,0
281210,1446,8094,-462,70,-19,50,13562,-9,-2,44,16,36926,133,30,65,0,0,0,0,0,0,0,0,-32305,0,0,0,0,0,281207,0
281215,1468,8046,-484,72,-14,46,13562,-4,3,45,16,36926,133,30,65,0,0,0,0,0,0,0,0,-32305,0,0,0,0,0,281212,0
281220,1542,8054,-476,77,-37,51,13562,0,-3,42,16,36925,132,30,65,0,0,0,0,0,0,0,0,-32305,0,0,0,0,0,281217,0
281225,1526,8056,-486,69,-45,47,13563,0,2,42,24,36925,132,30,65,0,0,0,0,0,0,0,0,-32305,0,0,0,0,0,281222,0
281230,1526,8042,-482,72,-47,47,13562,4,-2,45,16,36926,126,30,65,0,0,0,0,0,0,0,0,-32305,0,0,0,0,0,281227,0
281235,1532,8006,-468,78,-54,50,13562,0,-3,45,16,36926,126,30,65,0,0,0,0,0,0,0,0,-32305,0,0,0,0,0,281232,0
281240,1534,7972,-478,81,-72,49,13562,0,2,44,16,36926,126,30,65,0,0,0,0,0,0,0,0,-32305,0,0,0,0,0,281237,0
281245,1570,7966,-502,77,-75,49,13561,-2,-5,42,16,36926,126,30,65,0,0,0,0,0,0,0,0,-32306,0,0,0,0,0,281242,0
281250,1536,7952,-458,74,-85,49,13562,-3,-1,42,24,36925,124,30,65,0,0,0,0,0,0,0,0,-32305,0,0,0,0,0,281247,0
281255,1550,7940,-508,78,-93,49,13562,-2,-4,41,16,36925,124,30,65,0,0,0,0,0,0,0,0,-32305,0,0,0,0,0,281252,0
281260,1534,7892,-498,75,-105,59,13562,4,0,43,24,36924,129,30,65,0,0,0,0,0,0,0,0,-32305,0,0,0,0,0,281257,0
281265,1560,7880,-498,75,-110,54,13561,-1,-6,43,24,36924,129,30,65,0,0,0,0,0,0,0,0,-32305,0,0,0,0,0,281262,0
281270,1560,7872,-498,70,-113,55,13563,-1,4,44,16,36929,132,30,65,0,0,0,0,0,0,0,0,-32305,0,0,0,0,0,281267,0
281275,1530,7852,-498,74,-119,52,13562,2,-1,44,16,36929,132,30,65,0,0,0,0,0,0,0,0,-32306,0,0,0,0,0,281272,0
281280,1614,7856,-492,74,-130,55,13563,9,0,43,16,36930,135,30,65,0,0,0,0,0,0,0,0,-32305,0,0,0,0,0,281277,0
281285,1604,7818,-502,71,-135,58,13562,-1,1,46,16,36930,135,30,65,0,0,0,0,0,0,0,0,-32305,0,0,0,0,0,281282,0
281290,1606,7816,-520,72,-142,55,13563,1,3,44,16,36932,137,30,65,0,0,0,0,0,0,0,0,-32305,0,0,0,0,0,281287,0
281295,1634,7818,-554,69,-149,53,13561,1,-2,42,16,36932,137,30,65,0,0,0,0,0,0,0,0,-32305,0,0,0,0,0,281292,0
281300,1636,7836,-548,74,-151,52,13562,-4,3,42,16,36929,137,30,65,0,0,0,0,0,0,0,0,-32305,0,0,0,0,0,281297,0
281305,1628,7860,-578,68,-157,56,13563,0,2,42,16,36929,137,30,65,0,0,0,0,0,0,0,0,-32305,0,0,0,0,0,281302,0
281310,1626,7872,-556,69,-153,54,13562,-1,-2,43,16,36929,134,30,65,0,0,0,0,0,0,0,0,-32305,0,0,0,0,0,281307,0
281315,1660,7912,-580,65,-156,52,13563,4,0,45,16,36929,134,30,65,0,0,0,0,0,0,0,0,-32305,0,0,0,0,0,281312,0
281320,1626,7888,-558,62,-164,54,13563,2,1,43,16,36929,128,30,65,0,0,0,0,0,0,0,0,-32306,0,0,0,0,0,281317,0
281325,1662,7902,-590,63,-160,51,13564,10,6,43,16,36929,128,30,65,0,0,0,0,0,0,0,0,-32305,0,0,0,0,0,281322,0
281330,1688,7928,-568,65,-163,52,13562,3,0,44,16,36928,130,30,65,0,0,0,0,0,0,0,0,-32305,0,0,0,0,0,281327,0
281335,1700,7916,-588,54,-163,44,13562,0,1,44,16,36928,130,30,65,0,0,0,0,0,0,0,0,-32305,0,0,0,0,0,281332,0
281340,1696,7882,-602,56,-156,45,13562,-5,0,43,16,36927,127,30,65,0,0,0,0,0,0,0,0,-32305,0,0,0,0,0,281337,0
281345,1686,7912,-604,58,-161,47,13563,2,-1,45,16,36927,127,30,65,0,0,0,0,0,0,0,0,-32305,0,0,0,0,0,281342,0
281350,1724,7942,-570,55,-158,45,13563,1,-3,41,16,36927,125,30,65,0,0,0,0,0,0,0,0,-32305,0,0,0,0,0,281347,0
281355,1746,7960,-590,52,-154,42,13563,3,0,42,16,36927,125,30,65,0,0,0,0,0,0,0,0,-32305,0,0,0,0,0,281352,0
281360,1718,7986,-564,52,-145,35,13561,2,-5,42,24,36926,131,30,65,0,0,0,0,0,0,0,0,-32306,0,0,0,0,0,281357,0
281365,1684,7984,-556,50,-140,33,13561,-5,-2,42,16,36926,131,30,65,0,0,0,0,0,0,0,0,-32305,0,0,0,0,0,281362,0
281370,1634,8004,-562,49,-143,35,13564,12,5,43,16,36926,133,30,65,0,0,0,0,0,0,0,0,-32305,0,0,0,0,0,281367,0
281375,1662,8018,-552,48,-138,34,13561,-4,-4,44,8,36926,133,30,65,0,0,0,0,0,0,0,0,-32305,0,0,0,0,0,281372,0
281380,1662,8032,-546,48,-127,30,13562,1,2,45,8,36924,135,30,65,0,0,0,0,0,0,0,0,-32305,0,0,0,0,0,281377,0
281385,1674,8072,-530,50,-124,27,13562,0,-1,45,16,36924,135,30,65,0,0,0,0,0,0,0,0,-32305,0,0,0,0,0,281382,0
281390,1676,8092,-502,54,-117,28,13562,2,4,45,16,36925,134,30,65,0,0,0,0,0,0,0,0,-32305,0,0,0,0,0,281387,0
281395,1710,8096,-516,50,-109,28,13564,2,6,44,16,36925,134,30,65,0,0,0,0,0,0,0,0,-32304,0,0,0,0,0,281392,0
281400,1698,8062,-496,51,-88,22,13563,7,2,43,16,36925,128,30,65,0,0,0,0,0,0,0,0,-32305,0,0,0,0,0,281397,0
281405,1658,8088,-508,53,-83,25,13562,0,-4,43,16,36925,128,30,65,0,0,0,0,0,0,0,0,-32305,0,0,0,0,0,281402,0
281410,1652,8052,-498,51,-72,17,13563,1,2,42,16,36925,130,30,65,0,0,0,0,0,0,0,0,-32305,0,0,0,0,0,281407,0
281415,1624,8056,-478,59,-66,22,13563,0,2,43,16,36925,130,30,65,0,0,0,0,0,0,0,0,-32305,0,0,0,0,0,281412,0
281420,1626,8022,-482,61,-45,20,13562,0,-1,43,24,36925,137,30,65,0,0,0,0,0,0,0,0,-32305,0,0,0,0,0,281417,0
281425,1610,8006,-442,64,-38,24,13561,-6,-1,41,16,36925,137,30,65,0,0,0,0,0,0,0,0,-32305,0,0,0,0,0,281422,0
281430,1606,7980,-464,67,-24,22,13563,2,2,45,8,36924,134,30,65,0,0,0,0,0,0,0,0,-32306,0,0,0,0,0,281427,0
281435,1608,7976,-466,68,-13,24,13563,-1,1,44,16,36924,134,30,65,0,0,0,0,0,0,0,0,-32305,0,0,0,0,0,281432,0
281440,1598,7914,-458,75,18,28,13563,4,1,44,16,36922,128,30,65,0,0,0,0,0,0,0,0,-32305,0,0,0,0,0,281437,0
281445,1636,7912,-438,79,23,31,13562,1,2,43,24,36922,128,30,65,0,0,0,0,0,0,0,0,-32305,0,0,0,0,0,281442,0
281450,1620,7874,-420,75,43,35,13562,0,2,44,16,36925,130,30,65,0,0,0,0,0,0,0,0,-32305,0,0,0,0,0,281447,0
281455,1614,7886,-466,78,53,33,13562,0,2,43,16,36925,130,30,65,0,0,0,0,0,0,0,0,-32305,0,0,0,0,0,281452,0
281460,1604,7906,-450,84,71,40,13561,-5,4,43,16,36925,125,30,65,0,0,0,0,0,0,0,0,-32305,0,0,0,0,0,281457,0
281465,1604,7902,-432,87,90,41,13561,0,-1,45,16,36925,125,30,65,0,0,0,0,0,0,0,0,-32305,0,0,0,0,0,281462,0
281470,1626,7948,-428,93,98,44,13562,0,0,45,16,36926,126,30,65,0,0,0,0,0,0,0,0,-32305,0,0,0,0,0,281467,0
281475,1564,7896,-472,98,113,47,13561,-8,1,42,16,36926,126,30,65,0,0,0,0,0,0,0,0,-32305,0,0,0,0,0,281472,0
281480,1574,7974,-456,92,130,47,13562,-1,3,44,8,36928,129,30,65,0,0,0,0,0,0,0,0,-32305,0,0,0,0,0,281477,0
281485,1584,8002,-476,101,137,52,13562,-3,0,45,24,36928,129,30,65,0,0,0,0,0,0,0,0,-32305,0,0,0,0,0,281482,0
281490,1544,7982,-466,101,147,55,13562,-3,1,45,16,36929,138,30,65,0,0,0,0,0,0,0,0,-32305,0,0,0,0,0,281487,0
281495,1526,8004,-482,102,156,56,13563,0,-1,43,24,36929,138,30,65,0,0,0,0,0,0,0,0,-32305,0,0,0,0,0,281492,0
281500,1532,8002,-474,108,169,61,13563,-4,-1,41,16,36930,143,30,65,0,0,0,0,0,0,0,0,-32305,0,0,0,0,0,281497,0
281505,1556,8004,-466,108,177,64,13563,0,0,41,16,36930,143,30,65,0,0,0,0,0,0,0,0,-32305,0,0,0,0,0,281502,0
281510,1560,8038,-476,106,182,63,13563,-2,2,44,16,36926,136,30,65,0,0,0,0,0,0,0,0,-32305,0,0,0,0,0,281507,0
281515,1544,8018,-486,111,183,71,13562,0,2,45,16,36926,136,30,65,0,0,0,0,0,0,0,0,-32305,0,0,0,0,0,281512,0
281520,1536,8028,-478,112,189,71,13562,9,4,45,24,36926,138,30,65,0,0,0,0,0,0,0,0,-32305,0,0,0,0,0,281517,0
281525,1528,8032,-480,108,194,76,13562,0,2,43,16,36926,138,30,65,0,0,0,0,0,0,0,0,-32305,0,0,0,0,0,281522,0
281530,1554,8008,-498,110,196,78,13564,8,1,44,16,36927,142,30,65,0,0,0,0,0,0,0,0,-32305,0,0,0,0,0,281527,0
281535,1556,7992,-460,111,203,81,13563,0,4,47,8,36927,142,30,65,0,0,0,0,0,0,0,0,-32305,0,0,0,0,0,281532,0
281540,1570,7990,-494,120,198,82,13562,0,1,46,16,36927,140,30,65,0,0,0,0,0,0,0,0,-32305,0,0,0,0,0,281537,0
281545,1552,7970,-474,110,198,83,13562,-5,-10,46,16,36927,140,30,65,0,0,0,0,0,0,0,0,-32305,0,0,0,0,0,281542,0
281550,1554,7960,-480,112,199,90,13561,-7,-1,45,16,36928,127,30,65,0,0,0,0,0,0,0,0,-32305,0,0,0,0,0,281547,0
281555,1570,7932,-516,119,197,87,13563,0,-1,44,16,36928,127,30,65,0,0,0,0,0,0,0,0,-32306,0,0,0,0,0,281552,0
281560,1584,7924,-494,111,191,87,13562,-4,1,44,16,36928,123,30,65,0,0,0,0,0,0,0,0,-32305,0,0,0,0,0,281557,0
281565,1562,7926,-492,116,184,87,13562,1,1,44,16,36928,123,30,65,0,0,0,0,0,0,0,0,-32306,0,0,0,0,0,281562,0
281570,1544,7934,-480,112,178,91,13561,-2,3,44,24,36928,119,30,65,0,0,0,0,0,0,0,0,-32305,0,0,0,0,0,281567,0
281575,1576,7912,-492,124,169,91,13562,4,4,41,24,36928,119,30,65,0,0,0,0,0,0,0,0,-32305,0,0,0,0,0,281572,0
281580,1560,7926,-528,115,155,89,13562,-1,1,42,8,36931,122,30,65,0,0,0,0,0,0,0,0,-32305,0,0,0,0,0,281577,0
281585,1526,7958,-522,114,143,97,13563,6,6,45,16,36931,122,30,65,0,0,0,0,0,0,0,0,-32305,0,0,0,0,0,281582,0
281590,1512,7934,-502,113,137,94,13563,0,1,43,16,36930,117,30,65,0,0,0,0,0,0,0,0,-32305,0,0,0,0,0,281587,0
281595,1478,7954,-534,114,126,94,13562,0,5,44,24,36930,117,30,65,0,0,0,0,0,0,0,0,-32305,0,0,0,0,0,281592,0
281600,1488,7954,-528,114,106,99,13562,-2,1,43,16,36929,118,30,65,0,0,0,0,0,0,0,0,-32305,0,0,0,0,0,281597,0
281605,1504,7950,-546,111,97,102,13563,-1,-2,45,16,36929,118,30,65,0,0,0,0,0,0,0,0,-32305,0,0,0,0,0,281602,0
281610,1488,7960,-562,111,82,102,13562,-1,-3,43,16,36923,122,30,65,0,0,0,0,0,0,0,0,-32305,0,0,0,0,0,281607,0
281615,1490,7960,-554,107,69,106,13562,-1,-1,43,16,36923,122,30,65,0,0,0,0,0,0,0,0,-32305,0,0,0,0,0,281612,0
281620,1494,7948,-580,104,47,105,13562,-1,-1,42,16,36925,127,30,65,0,0,0,0,0,0,0,0,-32305,0,0,0,0,0,281617,0
281625,1514,7958,-568,104,40,111,13562,-5,2,42,16,36925,127,30,65,0,0,0,0,0,0,0,0,-32305,0,0,0,0,0,281622,0
281630,1522,7968,-582,105,28,111,13563,-2,-2,46,16,36926,132,30,65,0,0,0,0,0,0,0,0,-32305,0,0,0,0,0,281627,0
281635,1518,7978,-554,103,22,111,13562,-2,1,45,16,36926,132,30,65,0,0,0,0,0,0,0,0,-32305,0,0,0,0,0,281632,0
281640,1552,7954,-582,95,11,114,13562,6,1,44,16,36926,136,30,65,0,0,0,0,0,0,0,0,-32305,0,0,0,0,0,281637,0
281645,1584,8006,-542,95,-5,112,13562,-4,-2,44,16,36926,136,30,65,0,0,0,0,0,0,0,0,-32305,0,0,0,0,0,281642,0
281650,1578,8004,-570,91,-7,122,13562,-5,0,44,24,36924,128,30,65,0,0,0,0,0,0,0,0,-32305,0,0,0,0,0,281647,0
281655,1564,7992,-582,96,-15,119,13561,-5,3,41,16,36924,128,30,65,0,0,0,0,0,0,0,0,-32305,0,0,0,0,0,281652,0
281660,1562,8026,-590,86,-29,119,13563,-1,-4,44,16,36923,132,30,65,0,0,0,0,0,0,0,0,-32305,0,0,0,0,0,281657,0
281665,1576,8012,-596,84,-28,121,13562,1,0,45,16,36923,132,30,65,0,0,0,0,0,0,0,0,-32305,0,0,0,0,0,281662,0
281670,1588,8044,-592,81,-42,122,13562,3,6,42,16,36924,133,30,65,0,0,0,0,0,0,0,0,-32305,0,0,0,0,0,281667,0
281675,1590,8046,-598,81,-43,122,13562,5,4,44,16,36924,133,30,65,0,0,0,0,0,0,0,0,-32305,0,0,0,0,0,281672,0
281680,1584,8034,-618,75,-52,126,13562,1,1,46,16,36928,129,30,65,0,0,0,0,0,0,0,0,-32306,0,0,0,0,0,281677,0
281685,1602,8052,-628,73,-51,121,13563,1,-1,45,16,36928,129,30,65,0,0,0,0,0,0,0,0,-32305,0,0,0,0,0,281682,0
281690,1614,8034,-608,75,-53,125,13563,3,-2,45,24,36927,125,30,65,0,0,0,0,0,0,0,0,-32306,0,0,0,0,0,281687,0
281695,1614,8020,-612,74,-55,131,13561,0,2,45,24,36927,125,30,65,0,0,0,0,0,0,0,0,-32305,0,0,0,0,0,281692,0
281700,1638,8054,-598,73,-53,131,13562,6,-3,45,16,36927,123,30,65,0,0,0,0,0,0,0,0,-32305,0,0,0,0,0,281697,0
281705,1644,8004,-596,69,-52,133,13563,0,-1,43,16,36927,123,30,65,0,0,0,0,0,0,0,0,-32305,0,0,0,0,0,281702,0
281710,1664,8068,-608,66,-48,130,13562,-4,-1,43,16,36924,127,30,65,0,0,0,0,0,0,0,0,-32305,0,0,0,0,0,281707,0
281715,1652,8044,-612,63,-47,129,13562,-4,1,43,16,36924,127,30,65,0,0,0,0,0,0,0,0,-32305,0,0,0,0,0,281712,0
281720,1654,8012,-568,50,-45,131,13562,-2,0,42,16,36924,129,30,65,0,0,0,0,0,0,0,0,-32305,0,0,0,0,0,281717,0
281725,1618,7986,-588,57,-50,131,13563,3,1,43,16,36924,129,30,65,0,0,0,0,0,0,0,0,-32305,0,0,0,0,0,281722,0
281730,1634,7958,-602,56,-48,135,13561,-9,2,44,16,36923,132,30,65,0,0,0,0,0,0,0,0,-32305,0,0,0,0,0,281727,0
281735,1658,7960,-600,55,-45,132,13562,1,0,46,16,36923,132,30,65,0,0,0,0,0,0,0,0,-32305,0,0,0,0,0,281732,0
281740,1726,7980,-602,54,-36,138,13562,-5,-4,45,16,36922,129,30,65,0,0,0,0,0,0,0,0,-32305,0,0,0,0,0,281737,0
281745,1694,7980,-572,54,-38,139,13563,0,3,44,24,36922,129,30,65,0,0,0,0,0,0,0,0,-32305,0,0,0,0,0,281742,0
281750,1714,7968,-564,52,-33,139,13562,0,0,42,16,36924,126,30,65,0,0,0,0,0,0,0,0,-32306,0,0,0,0,0,281747,0
281755,1682,7964,-574,44,-30,138,13563,2,4,43,16,36924,126,30,65,0,0,0,0,0,0,0,0,-32305,0,0,0,0,0,281752,0
281760,1652,7946,-554,45,-34,141,13561,0,-1,42,16,36925,125,30,65,0,0,0,0,0,0,0,0,-32305,0,0,0,0,0,281757,0
281765,1616,7906,-542,43,-33,142,13561,-1,-1,44,24,36925,125,30,65,0,0,0,0,0,0,0,0,-32305,0,0,0,0,0,281762,0
281770,1622,7940,-552,41,-22,147,13562,-1,-3,43,16,36927,137,30,65,0,0,0,0,0,0,0,0,-32305,0,0,0,0,0,281767,0
281775,1640,7944,-538,41,-21,152,13562,0,4,43,24,36927,137,30,65,0,0,0,0,0,0,0,0,-32305,0,0,0,0,0,281772,0
281780,1626,7952,-518,44,-20,154,13562,2,7,43,8,36928,144,30,65,0,0,0,0,0,0,0,0,-32305,0,0,0,0,0,281777,0
281785,1620,7906,-524,39,-19,156,13563,-3,-5,45,16,36928,144,30,65,0,0,0,0,0,0,0,0,-32305,0,0,0,0,0,281782,0
281790,1640,7926,-546,50,-20,155,13563,3,2,45,16,36931,144,30,65,0,0,0,0,0,0,0,0,-32305,0,0,0,0,0,281787,0
281795,1630,7936,-540,36,-16,163,13562,3,3,44,16,36931,144,30,65,0,0,0,0,0,0,0,0,-32305,0,0,0,0,0,281792,0
281800,1680,7930,-540,41,-11,166,13562,0,0,45,16,36931,137,30,65,0,0,0,0,0,0,0,0,-32305,0,0,0,0,0,281797,0
281805,1714,7918,-550,39,-9,169,13561,-3,0,43,16,36931,137,30,65,0,0,0,0,0,0,0,0,-32305,0,0,0,0,0,281802,0
281810,1722,7920,-542,39,-4,162,13561,-2,0,44,16,36929,135,30,65,0,0,0,0,0,0,0,0,-32305,0,0,0,0,0,281807,0
281815,1736,7916,-540,40,-3,173,13562,-2,4,43,16,36929,135,30,65,0,0,0,0,0,0,0,0,-32305,0,0,0,0,0,281812,0
281820,1726,7908,-542,38,4,167,13562,-1,3,42,16,36926,129,30,65,0,0,0,0,0,0,0,0,-32305,0,0,0,0,0,281817,0
281825,1768,7952,-552,39,14,172,13562,8,3,44,8,36926,129,30,65,0,0,0,0,0,0,0,0,-32305,0,0,0,0,0,281822,0
281830,1794,7958,-542,34,8,168,13562,0,0,45,16,36926,132,30,65,0,0,0,0,0,0,0,0,-32305,0,0,0,0,0,281827,0
281835,1788,7992,-530,39,21,170,13563,6,1,44,16,36926,132,30,65,0,0,0,0,0,0,0,0,-32305,0,0,0,0,0,281832,0
281840,1800,8024,-548,36,24,165,13563,-1,0,45,16,36926,133,30,65,0,0,0,0,0,0,0,0,-32305,0,0,0,0,0,281837,0
281845,1766,8038,-546,37,24,169,13562,-6,-3,44,24,36926,133,30,65,0,0,0,0,0,0,0,0,-32305,0,0,0,0,0,281842,0
281850,1748,8014,-546,28,25,168,13562,-3,-5,43,24,36925,129,30,65,0,0,0,0,0,0,0,0,-32305,0,0,0,0,0,281847,0
281855,1700,7976,-544,30,30,169,13561,3,-4,44,24,36925,129,30,65,0,0,0,0,0,0,0,0,-32305,0,0,0,0,0,281852,0
281860,1752,8002,-532,25,30,172,13562,-9,-1,43,16,36924,130,30,65,0,0,0,0,0,0,0,0,-32305,0,0,0,0,0,281857,0
281865,1770,8024,-556,33,34,168,13563,-3,-3,41,24,36924,130,30,65,0,0,0,0,0,0,0,0,-32305,0,0,0,0,0,281862,0
281870,1790,8058,-532,29,34,166,13563,7,7,43,24,36923,125,30,65,0,0,0,0,0,0,0,0,-32305,0,0,0,0,0,281867,0
281875,1778,8056,-574,25,38,168,13562,0,3,42,8,36923,125,30,65,0,0,0,0,0,0,0,0,-32305,0,0,0,0,0,281872,0
281880,1714,8056,-516,26,38,166,13561,-4,-5,43,16,36923,126,30,65,0,0,0,0,0,0,0,0,-32305,0,0,0,0,0,281877,0
281885,1720,8010,-512,28,39,164,13561,-1,0,44,16,36923,126,30,65,0,0,0,0,0,0,0,0,-32305,0,0,0,0,0,281882,0
281890,1732,8002,-476,25,45,168,13562,-1,4,45,16,36927,136,30,65,0,0,0,0,0,0,0,0,-32305,0,0,0,0,0,281887,0
281895,1712,7988,-514,29,43,169,13561,0,0,44,16,36927,136,30,65,0,0,0,0,0,0,0,0,-32305,0,0,0,0,0,281892,0
281900,1750,7994,-508,26,42,170,13562,-3,2,45,16,36927,134,30,65,0,0,0,0,0,0,0,0,-32305,0,0,0,0,0,281897,0
281905,1744,7980,-518,18,46,176,13563,0,3,43,24,36927,134,30,65,0,0,0,0,0,0,0,0,-32305,0,0,0,0,0,281902,0
281910,1776,7974,-494,32,47,171,13562,-2,2,42,16,36926,133,30,65,0,0,0,0,0,0,0,0,-32305,0,0,0,0,0,281907,0
281915,1736,7992,-504,23,47,176,13561,-6,-1,44,16,36926,133,30,65,0,0,0,0,0,0,0,0,-32305,0,0,0,0,0,281912,0
281920,1716,7938,-454,22,48,175,13561,-3,-3,42,16,36922,127,30,65,0,0,0,0,0,0,0,0,-32305,0,0,0,0,0,281917,0
281925,1704,7914,-446,29,45,178,13561,-5,3,43,16,36922,127,30,65,0,0,0,0,0,0,0,0,-32305,0,0,0,0,0,281922,0
281930,1690,7894,-466,29,44,181,13562,-2,3,46,8,36923,134,30,65,0,0,0,0,0,0,0,0,-32305,0,0,0,0,0,281927,0
281935,1660,7872,-478,21,42,190,13562,-1,4,43,16,36923,134,30,65,0,0,0,0,0,0,0,0,-32305,0,0,0,0,0,281932,0
281940,1666,7876,-454,28,45,192,13562,0,5,44,16,36923,137,30,65,0,0,0,0,0,0,0,0,-32305,0,0,0,0,0,281937,0
281945,1678,7848,-474,23,35,199,13562,1,1,44,16,36923,137,30,65,0,0,0,0,0,0,0,0,-32305,0,0,0,0,0,281942,0
281950,1688,7832,-458,28,40,202,13561,2,-1,44,24,36923,133,30,65,0,0,0,0,0,0,0,0,-32305,0,0,0,0,0,281947,0
281955,1716,7844,-446,28,33,203,13562,-4,2,42,16,36923,133,30,65,0,0,0,0,0,0,0,0,-32305,0,0,0,0,0,281952,0
281960,1766,7822,-428,32,26,203,13563,-2,-2,42,8,36924,128,30,65,0,0,0,0,0,0,0,0,-32305,0,0,0,0,0,281957,0
281965,1720,7822,-440,27,26,211,13563,5,5,43,24,36924,128,30,65,0,0,0,0,0,0,0,0,-32306,0,0,0,0,0,281962,0
281970,1760,7770,-466,36,23,212,13561,-3,4,45,16,36926,130,30,65,0,0,0,0,0,0,0,0,-32305,0,0,0,0,0,281967,0
281975,1790,7816,-424,30,13,215,13562,-3,-3,44,8,36926,130,30,65,0,0,0,0,0,0,0,0,-32305,0,0,0,0,0,281972,0
281980,1782,7852,-452,32,12,216,13562,-2,-3,42,16,36925,135,30,65,0,0,0,0,0,0,0,0,-32305,0,0,0,0,0,281977,0
281985,1822,7904,-438,32,14,220,13562,-3,6,46,16,36925,135,30,65,0,0,0,0,0,0,0,0,-32305,0,0,0,0,0,281982,0
281990,1834,7942,-442,35,7,218,13563,0,-1,45,16,36926,128,30,65,0,0,0,0,0,0,0,0,-32305,0,0,0,0,0,281987,0
281995,1852,7946,-410,35,12,219,13563,8,2,47,16,36926,128,30,65,0,0,0,0,0,0,0,0,-32305,0,0,0,0,0,281992,0
282000,1820,8012,-458,40,2,221,13561,4,4,46,24,36926,127,30,65,0,0,0,0,0,0,0,0,-32305,0,0,0,0,0,281997,0
282005,1816,8006,-406,38,4,216,13562,-3,-1,42,16,36926,127,30,65,0,0,0,0,0,0,0,0,-32305,0,0,0,0,0,282002,0
282010,1808,8058,-452,38,-4,215,13563,1,1,44,16,36927,121,30,65,0,0,0,0,0,0,0,0,-32305,0,0,0,0,0,282007,0
282015,1834,8054,-436,31,-6,217,13562,5,3,42,16,36927,121,30,65,0,0,0,0,0,0,0,0,-32305,0,0,0,0,0,282012,0
282020,1804,8024,-470,37,-14,217,13561,-3,0,42,16,36927,126,30,65,0,0,0,0,0,0,0,0,-32305,0,0,0,0,0,282017,0
282025,1834,8046,-458,39,-14,212,13563,0,-7,44,8,36927,126,30,65,0,0,0,0,0,0,0,0,-32305,0,0,0,0,0,282022,0
282030,1892,8068,-464,33,-19,208,13562,0,1,44,16,36922,131,30,65,0,0,0,0,0,0,0,0,-32305,0,0,0,0,0,282027,0
282035,1920,8050,-478,33,-30,209,13562,-1,4,46,16,36922,131,30,65,0,0,0,0,0,0,0,0,-32305,0,0,0,0,0,282031,0
282040,1928,8016,-474,38,-37,204,13563,2,-3,45,16,36922,135,30,65,0,0,0,0,0,0,0,0,-32305,0,0,0,0,0,282036,0
282045,1954,8014,-492,32,-40,200,13563,5,-1,43,24,36922,135,30,65,0,0,0,0,0,0,0,0,-32305,0,0,0,0,0,282041,0
282050,1998,8032,-490,33,-44,198,13563,4,0,45,16,36921,125,30,65,0,0,0,0,0,0,0,0,-32305,0,0,0,0,0,282046,0
282055,1994,8006,-490,33,-53,193,13562,-3,-3,44,16,36921,125,30,65,0,0,0,0,0,0,0,0,-32305,0,0,0,0,0,282051,0
282060,1974,7960,-486,38,-55,186,13563,5,-2,43,24,36921,135,30,65,0,0,0,0,0,0,0,0,-32305,0,0,0,0,0,282056,0
282065,1930,7920,-494,33,-62,185,13561,-1,2,44,16,36921,135,30,65,0,0,0,0,0,0,0,0,-32305,0,0,0,0,0,282061,0
282070,1934,7898,-478,33,-64,179,13561,-9,1,42,16,36919,134,30,65,0,0,0,0,0,0,0,0,-32305,0,0,0,0,0,282066,0
282075,1974,7872,-470,34,-76,177,13563,6,-7,43,16,36919,134,30,65,0,0,0,0,0,0,0,0,-32305,0,0,0,0,0,282071,0
282080,2014,7832,-454,37,-79,175,13563,4,7,46,16,36917,135,30,65,0,0,0,0,0,0,0,0,-32305,0,0,0,0,0,282076,0
282085,2042,7792,-438,32,-83,174,13562,0,2,47,24,36917,135,30,65,0,0,0,0,0,0,0,0,-32305,0,0,0,0,0,282081,0
282090,2030,7774,-454,29,-81,171,13562,-1,-2,47,16,36917,127,30,65,0,0,0,0,0,0,0,0,-32305,0,0,0,0,0,282086,0
282095,2050,7790,-454,33,-87,169,13562,-6,-2,43,24,36917,127,30,65,0,0,0,0,0,0,0,0,-32305,0,0,0,0,0,282092,0
282100,2034,7730,-458,37,-91,161,13563,2,-1,44,24,36920,122,30,65,0,0,0,0,0,0,0,0,-32305,0,0,0,0,0,282097,0
282105,2022,7708,-438,36,-91,166,13562,5,0,44,16,36920,122,30,65,0,0,0,0,0,0,0,0,-32305,0,0,0,0,0,282102,0
282110,2056,7720,-462,32,-91,157,13563,0,0,44,16,36923,126,30,65,0,0,0,0,0,0,0,0,-32305,0,0,0,0,0,282107,0
282115,2064,7718,-460,28,-94,163,13562,1,0,44,16,36923,126,30,65,0,0,0,0,0,0,0,0,-32305,0,0,0,0,0,282112,0
282120,2026,7744,-508,33,-97,157,13562,-3,1,42,16,36936,138,30,65,0,0,0,0,0,0,0,0,-32306,0,0,0,0,0,282117,0
282125,2050,7784,-494,34,-92,156,13563,-3,-3,45,16,36936,138,30,65,0,0,0,0,0,0,0,0,-32305,0,0,0,0,0,282122,0
282130,2034,7752,-488,31,-93,154,13562,-9,-1,44,16,36945,141,30,65,0,0,0,0,0,0,0,0,-32306,0,0,0,0,0,282127,0
282135,2032,7742,-512,26,-91,147,13563,0,3,44,16,36945,141,30,65,0,0,0,0,0,0,0,0,-32305,0,0,0,0,0,282132,0
282140,2068,7764,-500,25,-91,149,13562,-5,-4,44,16,36950,139,30,65,0,0,0,0,0,0,0,0,-32305,0,0,0,0,0,282137,0
282145,2056,7770,-488,24,-100,143,13563,5,2,44,24,36950,139,30,65,0,0,0,0,0,0,0,0,-32305,0,0,0,0,0,282142,0
282150,2070,7832,-514,29,-93,145,13562,0,1,45,16,36939,143,30,65,0,0,0,0,0,0,0,0,-32305,0,0,0,0,0,282147,0
282155,2110,7840,-484,25,-93,147,13562,-3,4,44,16,36939,143,30,65,0,0,0,0,0,0,0,0,-32305,0,0,0,0,0,282152,0
282160,2120,7864,-482,26,-92,137,13562,-4,2,43,24,36930,137,30,65,0,0,0,0,0,0,0,0,-32305,0,0,0,0,0,282157,0
282165,2126,7882,-496,21,-86,134,13562,-5,2,45,16,36930,137,30,65,0,0,0,0,0,0,0,0,-32305,0,0,0,0,0,282162,0
282170,2118,7868,-484,19,-81,132,13561,-6,-8,43,16,36924,137,30,65,0,0,0,0,0,0,0,0,-32306,0,0,0,0,0,282167,0
282175,2090,7872,-470,21,-81,126,13563,0,4,46,8,36924,137,30,65,0,0,0,0,0,0,0,0,-32305,0,0,0,0,0,282172,0
282180,2120,7932,-482,25,-70,123,13562,6,0,43,16,36923,124,30,65,0,0,0,0,0,0,0,0,-32305,0,0,0,0,0,282177,0
282185,2124,7900,-512,17,-66,114,13563,-1,0,43,16,36923,124,30,65,0,0,0,0,0,0,0,0,-32305,0,0,0,0,0,282182,0
282190,2138,7908,-500,22,-59,111,13563,2,6,46,24,36923,130,30,65,0,0,0,0,0,0,0,0,-32305,0,0,0,0,0,282187,0
282195,2180,7966,-494,15,-53,106,13562,-1,-2,45,24,36923,130,30,65,0,0,0,0,0,0,0,0,-32305,0,0,0,0,0,282192,0
282200,2170,7952,-466,19,-37,102,13562,0,-6,46,16,36926,128,30,65,0,0,0,0,0,0,0,0,-32305,0,0,0,0,0,282197,0
282205,2142,7946,-460,18,-33,101,13563,0,4,45,16,36926,128,30,65,0,0,0,0,0,0,0,0,-32305,0,0,0,0,0,282202,0
282210,2140,7938,-444,24,-23,93,13563,4,2,44,16,36926,128,30,65,0,0,0,0,0,0,0,0,-32305,0,0,0,0,0,282207,0
282215,2106,7954,-456,21,-17,89,13563,0,-2,44,24,36926,128,30,65,0,0,0,0,0,0,0,0,-32305,0,0,0,0,0,282212,0
282220,2104,7930,-448,22,-2,87,13563,1,2,44,16,36926,127,30,65,0,0,0,0,0,0,0,0,-32305,0,0,0,0,0,282217,0
282225,2108,7906,-398,23,-4,84,13562,2,-1,42,24,36926,127,30,65,0,0,0,0,0,0,0,0,-32306,0,0,0,0,0,282222,0
282230,2112,7892,-400,25,5,78,13562,0,1,44,16,36926,128,30,65,0,0,0,0,0,0,0,0,-32306,0,0,0,0,0,282227,0
282235,2098,7884,-384,28,11,84,13564,4,7,46,16,36926,128,30,65,0,0,0,0,0,0,0,0,-32306,0,0,0,0,0,282232,0
282240,2102,7860,-398,29,26,73,13562,0,0,46,16,36921,126,30,65,0,0,0,0,0,0,0,0,-32305,0,0,0,0,0,282237,0
282245,2106,7898,-424,29,31,74,13562,-2,4,44,8,36921,126,30,65,0,0,0,0,0,0,0,0,-32305,0,0,0,0,0,282242,0
282250,2156,7920,-394,35,30,71,13563,0,2,44,16,36918,125,30,65,0,0,0,0,0,0,0,0,-32305,0,0,0,0,0,282247,0
282255,2096,7890,-402,35,42,73,13563,1,3,43,16,36918,125,30,65,0,0,0,0,0,0,0,0,-32305,0,0,0,0,0,282252,0
282260,2032,7870,-352,34,51,69,13562,-2,-4,43,16,36922,125,30,65,0,0,0,0,0,0,0,0,-32305,0,0,0,0,0,282257,0
282265,2036,7910,-348,41,54,62,13562,0,0,45,16,36922,125,30,65,0,0,0,0,0,0,0,0,-32305,0,0,0,0,0,282262,0
282270,2046,7896,-328,41,57,66,13561,-5,-1,41,16,36927,133,30,65,0,0,0,0,0,0,0,0,-32305,0,0,0,0,0,282267,0
282275,2044,7894,-394,44,60,63,13562,3,3,42,16,36927,133,30,65,0,0,0,0,0,0,0,0,-32305,0,0,0,0,0,282272,0
282280,2036,7900,-356,49,73,64,13563,1,1,43,0,36929,134,30,65,0,0,0,0,0,0,0,0,-32305,0,0,0,0,0,282277,0
282285,2036,7874,-330,48,76,67,13563,3,2,45,16,36929,134,30,65,0,0,0,0,0,0,0,0,-32305,0,0,0,0,0,282282,0
282290,2024,7880,-350,54,80,62,13562,3,2,47,16,36926,130,30,65,0,0,0,0,0,0,0,0,-32305,0,0,0,0,0,282287,0
282295,2006,7850,-318,56,80,63,13562,-4,-1,43,16,36926,130,30,65,0,0,0,0,0,0,0,0,-32305,0,0,0,0,0,282292,0
282300,2076,7854,-362,62,90,58,13562,-1,-1,45,24,36929,129,30,65,0,0,0,0,0,0,0,0,-32305,0,0,0,0,0,282297,0
282305,2084,7850,-346,58,95,63,13562,-2,-3,43,24,36929,129,30,65,0,0,0,0,0,0,0,0,-32305,0,0,0,0,0,282302,0
282310,2082,7842,-388,60,96,57,13562,0,0,43,24,36931,133,30,65,0,0,0,0,0,0,0,0,-32305,0,0,0,0,0,282307,0
282315,2106,7828,-324,56,104,57,13562,2,-2,44,24,36931,133,30,65,0,0,0,0,0,0,0,0,-32305,0,0,0,0,0,282312,0
282320,2104,7840,-368,69,107,51,13562,-3,0,44,16,36931,137,30,65,0,0,0,0,0,0,0,0,-32305,0,0,0,0,0,282317,0
282325,2100,7882,-382,64,109,51,13563,12,1,44,8,36931,137,30,65,0,0,0,0,0,0,0,0,-32305,0,0,0,0,0,282322,0
282330,2108,7824,-356,67,115,45,13562,4,-4,45,16,36930,142,30,65,0,0,0,0,0,0,0,0,-32306,0,0,0,0,0,282327,0
282335,2116,7850,-396,64,116,44,13562,-6,4,45,24,36930,142,30,65,0,0,0,0,0,0,0,0,-32305,0,0,0,0,0,282332,0
282340,2126,7838,-412,69,120,43,13561,-2,-1,45,16,36924,139,30,65,0,0,0,0,0,0,0,0,-32305,0,0,0,0,0,282337,0
282345,2110,7840,-372,68,110,39,13562,6,-3,44,16,36924,139,30,65,0,0,0,0,0,0,0,0,-32305,0,0,0,0,0,282342,0
282350,2118,7862,-396,69,111,38,13563,4,-2,43,24,36925,135,30,65,0,0,0,0,0,0,0,0,-32305,0,0,0,0,0,282347,0
282355,2146,7856,-384,71,114,35,13563,9,2,43,16,36925,135,30,65,0,0,0,0,0,0,0,0,-32305,0,0,0,0,0,282352,0
282360,2126,7860,-412,67,108,23,13561,-4,-2,43,16,36925,136,30,65,0,0,0,0,0,0,0,0,-32306,0,0,0,0,0,282357,0
282365,2142,7840,-410,66,106,17,13562,-2,1,43,16,36925,136,30,65,0,0,0,0,0,0,0,0,-32305,0,0,0,0,0,282362,0
282370,2152,7864,-424,64,98,20,13562,0,-2,45,16,36923,129,30,65,0,0,0,0,0,0,0,0,-32306,0,0,0,0,0,282367,0
282375,2142,7872,-430,66,91,12,13563,-2,2,43,16,36923,129,30,65,0,0,0,0,0,0,0,0,-32305,0,0,0,0,0,282372,0
282380,2116,7892,-426,67,76,3,13563,-1,2,42,16,36922,125,30,65,0,0,0,0,0,0,0,0,-32306,0,0,0,0,0,282377,0
282385,2130,7842,-422,66,66,-2,13563,2,1,45,16,36922,125,30,65,0,0,0,0,0,0,0,0,-32305,0,0,0,0,0,282382,0
282390,2096,7844,-426,66,61,-8,13563,0,1,45,16,36921,120,30,65,0,0,0,0,0,0,0,0,-32306,0,0,0,0,0,282387,0
282395,2126,7892,-438,65,53,-10,13562,2,-2,45,16,36921,120,30,65,0,0,0,0,0,0,0,0,-32305,0,0,0,0,0,282392,0
282400,2108,7860,-450,57,35,-19,13563,4,2,46,24,36923,115,30,65,0,0,0,0,0,0,0,0,-32305,0,0,0,0,0,282397,0
282405,2138,7862,-452,57,22,-22,13562,0,1,46,16,36923,115,30,65,0,0,0,0,0,0,0,0,-32305,0,0,0,0,0,282402,0
282410,2104,7864,-464,57,14,-29,13562,0,-2,43,16,36928,119,30,65,0,0,0,0,0,0,0,0,-32305,0,0,0,0,0,282407,0
282415,2112,7862,-460,54,0,-33,13563,3,5,44,16,36928,119,30,65,0,0,0,0,0,0,0,0,-32305,0,0,0,0,0,282412,0
282420,2080,7836,-478,51,-22,-45,13561,-5,-3,43,24,36928,130,30,65,0,0,0,0,0,0,0,0,-32305,0,0,0,0,0,282417,0
282425,2092,7860,-492,47,-29,-46,13562,-1,-1,44,16,36928,130,30,65,0,0,0,0,0,0,0,0,-32305,0,0,0,0,0,282422,0
282430,2122,7842,-472,47,-44,-48,13562,-3,-1,45,16,36927,136,30,65,0,0,0,0,0,0,0,0,-32305,0,0,0,0,0,282427,0
282435,2100,7868,-514,40,-54,-55,13562,-2,0,44,16,36927,136,30,65,0,0,0,0,0,0,0,0,-32305,0,0,0,0,0,282432,0
282440,2060,7848,-516,36,-75,-58,13563,7,-1,47,16,36921,136,30,65,0,0,0,0,0,0,0,0,-32305,0,0,0,0,0,282437,0
282445,2082,7856,-522,33,-78,-64,13562,0,2,45,16,36921,136,30,65,0,0,0,0,0,0,0,0,-32305,0,0,0,0,0,282442,0
282450,2070,7850,-532,34,-82,-75,13562,-10,-2,44,24,36921,133,30,65,0,0,0,0,0,0,0,0,-32305,0,0,0,0,0,282447,0
282455,2100,7864,-546,27,-95,-73,13561,-2,1,45,16,36921,133,30,65,0,0,0,0,0,0,0,0,-32305,0,0,0,0,0,282452,0
282460,2082,7854,-528,21,-105,-79,13563,7,4,44,16,36922,135,30,65,0,0,0,0,0,0,0,0,-32306,0,0,0,0,0,282457,0
282465,2058,7898,-552,13,-112,-84,13561,0,-1,42,24,36922,135,30,65,0,0,0,0,0,0,0,0,-32305,0,0,0,0,0,282462,0
282470,2092,7924,-532,13,-112,-87,13562,-2,3,44,16,36922,139,30,65,0,0,0,0,0,0,0,0,-32305,0,0,0,0,0,282467,0
282475,2080,7898,-528,8,-120,-86,13562,-8,-3,43,24,36922,139,30,65,0,0,0,0,0,0,0,0,-32305,0,0,0,0,0,282472,0
282480,2034,7936,-516,-1,-122,-96,13563,1,2,44,16,36922,142,30,65,0,0,0,0,0,0,0,0,-32305,0,0,0,0,0,282477,0
282485,2030,7940,-528,4,-121,-97,13562,0,-2,46,16,36922,142,30,65,0,0,0,0,0,0,0,0,-32305,0,0,0,0,0,282482,0
282490,2026,7938,-534,-4,-124,-100,13562,-4,-1,46,16,36920,134,30,65,0,0,0,0,0,0,0,0,-32305,0,0,0,0,0,282487,0
282495,2012,7924,-540,-3,-127,-98,13562,2,0,47,8,36920,134,30,65,0,0,0,0,0,0,0,0,-32305,0,0,0,0,0,282492,0
282500,1998,7914,-508,-20,-131,-103,13563,1,2,48,24,36923,136,30,65,0,0,0,0,0,0,0,0,-32305,0,0,0,0,0,282497,0
282505,2014,7926,-484,-17,-124,-109,13563,5,0,45,16,36923,136,30,65,0,0,0,0,0,0,0,0,-32305,0,0,0,0,0,282502,0
282510,1996,7924,-472,-22,-120,-104,13562,-7,1,43,8,36928,129,30,65,0,0,0,0,0,0,0,0,-32305,0,0,0,0,0,282507,0
282515,2010,7942,-488,-18,-127,-109,13561,-1,3,44,16,36928,129,30,65,0,0,0,0,0,0,0,0,-32305,0,0,0,0,0,282512,0
282520,1972,7912,-436,-21,-118,-108,13562,3,-4,42,16,36935,126,30,65,0,0,0,0,0,0,0,0,-32305,0,0,0,0,0,282517,0
282525,1980,7918,-436,-29,-117,-108,13564,3,0,44,8,36935,126,30,65,0,0,0,0,0,0,0,0,-32305,0,0,0,0,0,282522,0
282530,1982,7914,-420,-32,-115,-112,13561,2,3,44,16,36934,121,30,65,0,0,0,0,0,0,0,0,-32305,0,0,0,0,0,282527,0
282535,1954,7910,-416,-29,-107,-111,13562,0,2,46,16,36934,121,30,65,0,0,0,0,0,0,0,0,-32305,0,0,0,0,0,282532,0
282540,1950,7882,-382,-26,-104,-114,13563,3,-1,47,16,36933,122,30,65,0,0,0,0,0,0,0,0,-32305,0,0,0,0,0,282537,0
282545,1952,7894,-394,-24,-97,-110,13561,-1,-1,45,16,36933,122,30,65,0,0,0,0,0,0,0,0,-32305,0,0,0,0,0,282542,0
282550,1954,7856,-396,-28,-95,-109,13563,-3,-1,45,24,36921,124,30,65,0,0,0,0,0,0,0,0,-32305,0,0,0,0,0,282547,0
282555,1930,7862,-362,-26,-92,-114,13562,-3,-5,44,16,36921,124,30,65,0,0,0,0,0,0,0,0,-32306,0,0,0,0,0,282552,0
282560,1958,7838,-358,-29,-85,-107,13563,1,6,44,16,36923,132,30,65,0,0,0,0,0,0,0,0,-32305,0,0,0,0,0,282557,0
282565,1934,7836,-338,-24,-81,-107,13561,-1,0,43,16,36923,132,30,65,0,0,0,0,0,0,0,0,-32305,0,0,0,0,0,282562,0
282570,1948,7850,-330,-19,-73,-107,13562,-1,1,43,24,36923,138,30,65,0,0,0,0,0,0,0,0,-32305,0,0,0,0,0,282567,0
282575,1930,7846,-330,-23,-65,-111,13562,-7,-1,43,24,36923,138,30,65,0,0,0,0,0,0,0,0,-32305,0,0,0,0,0,282572,0
282580,1972,7870,-338,-22,-49,-105,13562,0,8,44,16,36920,137,30,65,0,0,0,0,0,0,0,0,-32305,0,0,0,0,0,282577,0
282585,1944,7870,-300,-18,-41,-104,13562,1,-2,44,16,36920,137,30,65,0,0,0,0,0,0,0,0,-32305,0,0,0,0,0,282582,0
282590,1926,7854,-326,-9,-40,-102,13562,4,1,46,16,36915,133,30,65,0,0,0,0,0,0,0,0,-32306,0,0,0,0,0,282587,0
282595,1940,7878,-328,-14,-29,-105,13562,-3,3,43,24,36915,133,30,65,0,0,0,0,0,0,0,0,-32305,0,0,0,0,0,282592,0
282600,1876,7898,-304,-8,-21,-96,13562,-2,2,43,24,36914,126,30,65,0,0,0,0,0,0,0,0,-32305,0,0,0,0,0,282597,0
282605,1900,7908,-314,-8,-5,-95,13562,0,0,44,24,36914,126,30,65,0,0,0,0,0,0,0,0,-32305,0,0,0,0,0,282602,0
282610,1896,7890,-302,-11,-5,-97,13562,0,-2,42,8,36917,125,30,65,0,0,0,0,0,0,0,0,-32305,0,0,0,0,0,282607,0
282615,1898,7896,-300,-4,-1,-96,13563,-1,0,44,16,36917,125,30,65,0,0,0,0,0,0,0,0,-32305,0,0,0,0,0,282612,0
282620,1920,7918,-328,-4,16,-95,13562,-5,-3,42,16,36927,126,30,65,0,0,0,0,0,0,0,0,-32305,0,0,0,0,0,282617,0
282625,1902,7888,-314,-2,24,-94,13563,4,4,44,16,36927,126,30,65,0,0,0,0,0,0,0,0,-32305,0,0,0,0,0,282622,0
282630,1930,7978,-316,4,29,-92,13562,-2,-4,43,8,36927,131,30,65,0,0,0,0,0,0,0,0,-32305,0,0,0,0,0,282627,0
282635,1944,7910,-300,4,33,-95,13563,-3,-3,46,16,36927,131,30,65,0,0,0,0,0,0,0,0,-32305,0,0,0,0,0,282632,0
282640,1894,7918,-316,8,48,-95,13562,0,-3,46,16,36928,135,30,65,0,0,0,0,0,0,0,0,-32305,0,0,0,0,0,282637,0
282645,1896,7954,-320,10,55,-94,13562,0,0,43,24,36928,135,30,65,0,0,0,0,0,0,0,0,-32305,0,0,0,0,0,282642,0
282650,1944,7980,-324,10,71,-95,13562,1,0,44,24,36922,138,30,65,0,0,0,0,0,0,0,0,-32305,0,0,0,0,0,282647,0
282655,1914,7940,-342,9,80,-91,13562,-1,-2,43,16,36922,138,30,65,0,0,0,0,0,0,0,0,-32305,0,0,0,0,0,282652,0
282660,1934,7972,-324,9,94,-92,13562,0,1,43,16,36922,131,30,65,0,0,0,0,0,0,0,0,-32305,0,0,0,0,0,282657,0
282665,1932,7994,-338,16,102,-96,13561,-4,-2,42,16,36922,131,30,65,0,0,0,0,0,0,0,0,-32305,0,0,0,0,0,282662,0
282670,1902,8006,-334,13,106,-96,13562,3,0,43,24,36921,132,30,65,0,0,0,0,0,0,0,0,-32305,0,0,0,0,0,282667,0
282675,1930,8014,-348,10,120,-99,13562,-5,4,44,16,36921,132,30,65,0,0,0,0,0,0,0,0,-32305,0,0,0,0,0,282672,0
282680,1896,8010,-352,16,133,-97,13562,-7,0,44,16,36921,130,30,65,0,0,0,0,0,0,0,0,-32306,0,0,0,0,0,282677,0
282685,1894,8016,-332,20,141,-93,13563,2,0,43,16,36921,130,30,65,0,0,0,0,0,0,0,0,-32305,0,0,0,0,0,282682,0
282690,1872,8018,-326,12,144,-97,13562,-2,-5,45,16,36921,133,30,65,0,0,0,0,0,0,0,0,-32305,0,0,0,0,0,282687,0
282695,1866,7986,-326,13,146,-100,13563,2,1,44,16,36921,133,30,65,0,0,0,0,0,0,0,0,-32305,0,0,0,0,0,282692,0
282700,1876,7976,-318,17,156,-99,13562,-1,-2,44,24,36921,129,30,65,0,0,0,0,0,0,0,0,-32305,0,0,0,0,0,282697,0
282705,1858,7956,-318,17,156,-96,13562,-3,1,43,24,36921,129,30,65,0,0,0,0,0,0,0,0,-32305,0,0,0,0,0,282702,0
282710,1842,7960,-332,21,157,-100,13562,1,-1,42,24,36920,128,30,65,0,0,0,0,0,0,0,0,-32305,0,0,0,0,0,282707,0
282715,1834,7916,-314,18,158,-101,13563,4,1,44,16,36920,128,30,65,0,0,0,0,0,0,0,0,-32305,0,0,0,0,0,282712,0
282720,1852,7888,-336,20,152,-98,13562,0,0,44,24,36925,128,30,65,0,0,0,0,0,0,0,0,-32305,0,0,0,0,0,282717,0
282725,1850,7892,-312,21,149,-98,13562,-6,1,43,8,36925,128,30,65,0,0,0,0,0,0,0,0,-32305,0,0,0,0,0,282722,0
282730,1854,7890,-310,16,151,-103,13563,0,-1,45,16,36923,128,30,65,0,0,0,0,0,0,0,0,-32305,0,0,0,0,0,282727,0
282735,1874,7896,-302,19,148,-105,13562,0,-2,45,24,36923,128,30,65,0,0,0,0,0,0,0,0,-32305,0,0,0,0,0,282732,0
282740,1866,7892,-288,15,139,-105,13563,4,4,44,16,36924,129,30,65,0,0,0,0,0,0,0,0,-32305,0,0,0,0,0,282737,0
282745,1860,7870,-302,22,132,-106,13562,-2,-3,44,24,36924,129,30,65,0,0,0,0,0,0,0,0,-32305,0,0,0,0,0,282742,0
282750,1858,7900,-320,18,126,-109,13563,5,0,45,16,36926,129,30,65,0,0,0,0,0,0,0,0,-32305,0,0,0,0,0,282747,0
282755,1834,7898,-308,18,126,-109,13562,-6,-3,45,16,36926,129,30,65,0,0,0,0,0,0,0,0,-32306,0,0,0,0,0,282752,0
282760,1840,7886,-292,16,105,-108,13563,3,-1,41,16,36925,125,30,65,0,0,0,0,0,0,0,0,-32305,0,0,0,0,0,282757,0
282765,1842,7904,-314,12,105,-112,13562,0,-1,44,16,36925,125,30,65,0,0,0,0,0,0,0,0,-32305,0,0,0,0,0,282761,0
282770,1834,7894,-362,17,94,-110,13562,0,1,44,16,36926,123,30,65,0,0,0,0,0,0,0,0,-32305,0,0,0,0,0,282766,0
282775,1854,7898,-324,11,88,-117,13563,1,-4,43,16,36926,123,30,65,0,0,0,0,0,0,0,0,-32305,0,0,0,0,0,282771,0
282780,1838,7904,-330,11,80,-118,13562,-8,1,44,8,36925,127,30,65,0,0,0,0,0,0,0,0,-32305,0,0,0,0,0,282776,0
282785,1822,7900,-330,11,76,-116,13562,5,-1,43,16,36925,127,30,65,0,0,0,0,0,0,0,0,-32305,0,0,0,0,0,282781,0
282790,1816,7900,-332,9,69,-117,13562,3,-4,44,16,36923,129,30,65,0,0,0,0,0,0,0,0,-32305,0,0,0,0,0,282786,0
282795,1834,7898,-326,10,70,-122,13563,2,-3,44,24,36923,129,30,65,0,0,0,0,0,0,0,0,-32305,0,0,0,0,0,282791,0
282800,1836,7924,-362,11,64,-125,13562,-4,2,44,24,36920,127,30,65,0,0,0,0,0,0,0,0,-32305,0,0,0,0,0,282796,0
282805,1848,7922,-338,3,59,-123,13562,0,3,43,16,36920,127,30,65,0,0,0,0,0,0,0,0,-32305,0,0,0,0,0,282801,0
282810,1878,7940,-338,3,62,-130,13562,0,-5,42,8,36920,129,30,65,0,0,0,0,0,0,0,0,-32305,0,0,0,0,0,282806,0
282815,1908,8000,-368,0,64,-130,13563,0,-2,45,24,36920,129,30,65,0,0,0,0,0,0,0,0,-32305,0,0,0,0,0,282811,0
282820,1912,7958,-368,-6,71,-131,13563,10,1,42,16,36920,137,30,65,0,0,0,0,0,0,0,0,-32305,0,0,0,0,0,282816,0
282825,1874,8020,-384,0,67,-137,13562,2,3,41,24,36920,137,30,65,0,0,0,0,0,0,0,0,-32305,0,0,0,0,0,282821,0
282830,1864,8010,-378,-12,75,-135,13562,-8,-1,43,16,36919,139,30,65,0,0,0,0,0,0,0,0,-32305,0,0,0,0,0,282826,0
282835,1866,8052,-378,-12,75,-142,13561,1,-1,44,16,36919,139,30,65,0,0,0,0,0,0,0,0,-32305,0,0,0,0,0,282831,0
282840,1822,8086,-358,-12,76,-145,13563,0,1,45,16,36912,136,30,65,0,0,0,0,0,0,0,0,-32305,0,0,0,0,0,282836,0
282845,1830,8060,-366,-19,85,-150,13562,-1,-3,45,24,36912,136,30,65,0,0,0,0,0,0,0,0,-32305,0,0,0,0,0,282841,0
282850,1800,8030,-376,-16,89,-149,13563,10,4,47,16,36906,137,30,65,0,0,0,0,0,0,0,0,-32305,0,0,0,0,0,282846,0
282855,1828,8042,-374,-23,87,-149,13563,9,3,42,24,36906,137,30,65,0,0,0,0,0,0,0,0,-32305,0,0,0,0,0,282851,0
282860,1810,8042,-352,-25,90,-144,13563,0,-1,43,16,36904,135,30,65,0,0,0,0,0,0,0,0,-32305,0,0,0,0,0,282856,0
282865,1786,8002,-376,-27,96,-147,13562,-1,-3,42,24,36904,135,30,65,0,0,0,0,0,0,0,0,-32305,0,0,0,0,0,282861,0
282870,1774,8016,-356,-29,86,-151,13562,-2,-1,43,24,36905,138,30,65,0,0,0,0,0,0,0,0,-32306,0,0,0,0,0,282866,0
282875,1782,8018,-342,-27,100,-150,13562,-3,-1,41,16,36905,138,30,65,0,0,0,0,0,0,0,0,-32305,0,0,0,0,0,282871,0
282880,1754,7988,-312,-35,100,-154,13562,0,1,44,16,36905,135,30,65,0,0,0,0,0,0,0,0,-32305,0,0,0,0,0,282876,0
282885,1720,7984,-318,-35,107,-152,13563,-1,-2,45,16,36905,135,30,65,0,0,0,0,0,0,0,0,-32305,0,0,0,0,0,282881,0
282890,1740,7982,-310,-41,107,-150,13564,3,-1,43,16,36908,125,30,65,0,0,0,0,0,0,0,0,-32305,0,0,0,0,0,282886,0
282895,1718,7980,-352,-41,112,-159,13563,0,2,43,24,36908,125,30,65,0,0,0,0,0,0,0,0,-32305,0,0,0,0,0,282891,0
282900,1708,7968,-270,-40,117,-154,13563,0,-4,44,24,36913,123,30,65,0,0,0,0,0,0,0,0,-32306,0,0,0,0,0,282896,0
282905,1674,7954,-280,-40,108,-153,13562,-4,-6,42,16,36913,123,30,65,0,0,0,0,0,0,0,0,-32305,0,0,0,0,0,282901,0
282910,1680,7954,-248,-43,113,-147,13561,-4,-2,41,16,36918,117,30,65,0,0,0,0,0,0,0,0,-32305,0,0,0,0,0,282906,0
282915,1710,7952,-236,-40,115,-150,13561,-4,-4,43,16,36918,117,30,65,0,0,0,0,0,0,0,0,-32305,0,0,0,0,0,282911,0
282920,1676,7958,-220,-40,107,-146,13563,-5,1,43,24,36917,130,30,65,0,0,0,0,0,0,0,0,-32306,0,0,0,0,0,282916,0
282925,1646,7944,-250,-49,102,-150,13564,11,6,43,16,36917,130,30,65,0,0,0,0,0,0,0,0,-32306,0,0,0,0,0,282921,0
282930,1648,7904,-202,-43,100,-147,13563,0,5,45,8,36921,140,30,65,0,0,0,0,0,0,0,0,-32305,0,0,0,0,0,282926,0
282935,1688,7944,-236,-45,102,-154,13563,6,0,44,16,36921,140,30,65,0,0,0,0,0,0,0,0,-32305,0,0,0,0,0,282931,0
282940,1644,7918,-210,-45,88,-151,13561,-9,-3,44,16,36922,146,30,65,0,0,0,0,0,0,0,0,-32305,0,0,0,0,0,282936,0
282945,1658,7914,-228,-48,86,-155,13562,-3,4,46,16,36922,146,30,65,0,0,0,0,0,0,0,0,-32306,0,0,0,0,0,282941,0
282950,1630,7938,-238,-52,79,-150,13563,6,-2,46,24,36922,137,30,65,0,0,0,0,0,0,0,0,-32306,0,0,0,0,0,282946,0
282955,1664,7922,-216,-54,75,-150,13563,3,3,45,16,36922,137,30,65,0,0,0,0,0,0,0,0,-32305,0,0,0,0,0,282951,0
282960,1670,7980,-272,-51,67,-149,13562,-5,-6,42,8,36918,132,30,65,0,0,0,0,0,0,0,0,-32306,0,0,0,0,0,282956,0
282965,1700,7984,-196,-54,61,-149,13563,1,1,43,16,36918,132,30,65,0,0,0,0,0,0,0,0,-32306,0,0,0,0,0,282961,0
282970,1698,7992,-252,-54,61,-152,13562,-4,1,42,16,36918,133,30,65,0,0,0,0,0,0,0,0,-32305,0,0,0,0,0,282966,0
282975,1670,8016,-256,-60,56,-152,13562,-3,0,43,16,36918,133,30,65,0,0,0,0,0,0,0,0,-32305,0,0,0,0,0,282971,0
282980,1660,8004,-254,-54,41,-159,13562,-1,0,43,16,36919,140,30,65,0,0,0,0,0,0,0,0,-32305,0,0,0,0,0,282976,0
282985,1636,8022,-266,-61,38,-160,13562,1,1,43,16,36919,140,30,65,0,0,0,0,0,0,0,0,-32305,0,0,0,0,0,282981,0
282990,1662,8002,-214,-62,30,-159,13562,0,1,44,16,36922,136,30,65,0,0,0,0,0,0,0,0,-32305,0,0,0,0,0,282986,0
282995,1650,8036,-230,-66,22,-160,13562,4,3,46,24,36922,136,30,65,0,0,0,0,0,0,0,0,-32305,0,0,0,0,0,282991,0
283000,1612,8006,-226,-68,3,-164,13562,-5,-1,46,16,36923,131,30,65,0,0,0,0,0,0,0,0,-32305,0,0,0,0,0,282996,0
283005,1552,7998,-248,-69,-10,-164,13562,0,3,43,16,36923,131,30,65,0,0,0,0,0,0,0,0,-32305,0,0,0,0,0,283001,0
283010,1562,8008,-224,-72,-14,-170,13562,2,0,43,16,36924,131,30,65,0,0,0,0,0,0,0,0,-32306,0,0,0,0,0,283006,0
283015,1564,8046,-236,-71,-21,-171,13563,2,-3,46,16,36924,131,30,65,0,0,0,0,0,0,0,0,-32305,0,0,0,0,0,283011,0
283020,1616,8026,-288,-80,-41,-170,13562,-6,-2,40,16,36922,124,30,65,0,0,0,0,0,0,0,0,-32305,0,0,0,0,0,283016,0
283025,1600,8014,-294,-82,-45,-172,13562,2,2,43,16,36922,124,30,65,0,0,0,0,0,0,0,0,-32305,0,0,0,0,0,283021,0
283030,1658,8074,-260,-85,-51,-174,13562,1,1,44,16,36925,122,30,65,0,0,0,0,0,0,0,0,-32305,0,0,0,0,0,283026,0
283035,1610,8040,-314,-85,-56,-176,13562,1,2,41,16,36925,122,30,65,0,0,0,0,0,0,0,0,-32305,0,0,0,0,0,283031,0
283040,1708,8118,-260,-92,-71,-178,13563,-3,0,46,16,36925,131,30,65,0,0,0,0,0,0,0,0,-32305,0,0,0,0,0,283036,0
283045,1614,8030,-246,-97,-76,-181,13563,4,2,44,24,36925,131,30,65,0,0,0,0,0,0,0,0,-32305,0,0,0,0,0,283041,0
283050,1550,8026,-232,-100,-73,-186,13561,-7,-3,45,24,36923,135,30,65,0,0,0,0,0,0,0,0,-32305,0,0,0,0,0,283046,0
283055,1546,8028,-244,-104,-77,-184,13563,-3,-3,44,16,36923,135,30,65,0,0,0,0,0,0,0,0,-32305,0,0,0,0,0,283051,0
283060,1566,8044,-252,-108,-89,-184,13562,2,-3,43,16,36920,133,30,65,0,0,0,0,0,0,0,0,-32305,0,0,0,0,0,283056,0
283065,1556,8038,-224,-108,-95,-187,13562,4,4,45,24,36920,133,30,65,0,0,0,0,0,0,0,0,-32305,0,0,0,0,0,283061,0
283070,1562,8038,-226,-113,-101,-189,13563,4,-2,43,24,36922,136,30,65,0,0,0,0,0,0,0,0,-32305,0,0,0,0,0,283066,0
283075,1578,8058,-192,-109,-95,-188,13562,-2,0,41,16,36922,136,30,65,0,0,0,0,0,0,0,0,-32305,0,0,0,0,0,283071,0
283080,1590,8098,-208,-119,-105,-191,13562,4,4,44,8,36925,142,30,65,0,0,0,0,0,0,0,0,-32305,0,0,0,0,0,283076,0
283085,1588,8100,-182,-119,-104,-189,13562,0,-2,45,16,36925,142,30,65,0,0,0,0,0,0,0,0,-32305,0,0,0,0,0,283081,0
283090,1578,8084,-160,-117,-113,-193,13562,-3,-4,45,24,36925,145,30,65,0,0,0,0,0,0,0,0,-32305,0,0,0,0,0,283086,0
283095,1614,8098,-182,-126,-111,-196,13562,-2,0,44,24,36925,145,30,65,0,0,0,0,0,0,0,0,-32305,0,0,0,0,0,283091,0
283100,1626,8122,-138,-118,-118,-204,13561,-7,-2,44,24,36923,130,30,65,0,0,0,0,0,0,0,0,-32305,0,0,0,0,0,283097,0
283105,1650,8144,-150,-128,-124,-204,13562,0,-2,44,16,36923,130,30,65,0,0,0,0,0,0,0,0,-32305,0,0,0,0,0,283102,0
283110,1648,8128,-132,-125,-122,-207,13562,-7,-3,42,16,36922,127,30,65,0,0,0,0,0,0,0,0,-32305,0,0,0,0,0,283107,0
283115,1646,8178,-138,-130,-127,-213,13562,0,3,46,16,36922,127,30,65,0,0,0,0,0,0,0,0,-32305,0,0,0,0,0,283112,0
283120,1644,8166,-144,-126,-130,-223,13562,0,1,42,16,36923,132,30,65,0,0,0,0,0,0,0,0,-32305,0,0,0,0,0,283117,0
283125,1654,8200,-104,-133,-136,-231,13562,0,3,44,16,36923,132,30,65,0,0,0,0,0,0,0,0,-32305,0,0,0,0,0,283122,0
283130,1646,8202,-130,-132,-138,-239,13563,7,2,43,8,36926,149,30,65,0,0,0,0,0,0,0,0,-32305,0,0,0,0,0,283127,0
283135,1658,8210,-118,-134,-146,-238,13562,4,2,42,16,36926,149,30,65,0,0,0,0,0,0,0,0,-32305,0,0,0,0,0,283132,0
283140,1620,8212,-54,-135,-154,-253,13563,-2,1,44,16,36925,150,30,65,0,0,0,0,0,0,0,0,-32305,0,0,0,0,0,283137,0
283145,1642,8222,-72,-139,-155,-251,13562,-4,-1,44,16,36925,150,30,65,0,0,0,0,0,0,0,0,-32305,0,0,0,0,0,283142,0
283150,1646,8238,-60,-134,-161,-261,13563,5,1,46,24,36925,146,30,65,0,0,0,0,0,0,0,0,-32305,0,0,0,0,0,283147,0
283155,1604,8212,-60,-133,-166,-263,13563,-2,0,44,16,36925,146,30,65,0,0,0,0,0,0,0,0,-32305,0,0,0,0,0,283152,0
283160,1556,8194,-64,-132,-170,-276,13564,3,0,44,16,36921,129,30,65,0,0,0,0,0,0,0,0,-32305,0,0,0,0,0,283157,0
283165,1504,8180,-66,-132,-169,-275,13564,3,3,42,24,36921,129,30,65,0,0,0,0,0,0,0,0,-32305,0,0,0,0,0,283162,0
283170,1482,8176,-42,-131,-164,-278,13565,5,0,44,24,36921,132,30,65,0,0,0,0,0,0,0,0,-32305,0,0,0,0,0,283167,0
283175,1434,8174,-26,-134,-163,-274,13566,7,7,41,16,36921,132,30,65,0,0,0,0,0,0,0,0,-32305,0,0,0,0,0,283172,0
283180,1284,8146,-40,-136,-156,-275,13566,6,0,44,16,36920,138,30,65,0,0,0,0,0,0,0,0,-32305,0,0,0,0,0,283177,0
283185,1278,8124,-74,-133,-155,-270,13566,3,-1,45,16,36920,138,30,65,0,0,0,0,0,0,0,0,-32305,0,0,0,0,0,283182,0
283190,1218,8108,-66,-134,-154,-267,13566,1,0,44,16,36916,134,30,65,0,0,0,0,0,0,0,0,-32305,0,0,0,0,0,283187,0
283195,1210,8098,-42,-136,-149,-254,13567,1,-1,44,24,36916,134,30,65,0,0,0,0,0,0,0,0,-32305,0,0,0,0,0,283192,0
283200,1186,8086,18,-136,-136,-249,13568,3,3,45,24,36917,129,30,65,0,0,0,0,0,0,0,0,-32305,0,0,0,0,0,283197,0
283205,1164,8076,40,-132,-137,-240,13568,6,2,43,16,36917,129,30,65,0,0,0,0,0,0,0,0,-32305,0,0,0,0,0,283202,0
283210,1178,8098,66,-139,-122,-234,13567,-4,-3,42,16,36917,130,30,65,0,0,0,0,0,0,0,0,-32305,0,0,0,0,0,283207,0
283215,1194,8104,68,-141,-121,-230,13568,2,2,43,16,36917,130,30,65,0,0,0,0,0,0,0,0,-32306,0,0,0,0,0,283212,0
283220,1236,8212,120,-150,-110,-228,13566,-8,-3,44,24,36920,137,30,65,0,0,0,0,0,0,0,0,-32305,0,0,0,0,0,283217,0
283225,1302,8208,-8,-151,-108,-213,13567,-4,1,42,16,36920,137,30,65,0,0,0,0,0,0,0,0,-32305,0,0,0,0,0,283222,0
283230,1320,8210,-42,-155,-111,-206,13567,-4,-3,43,8,36925,133,30,65,0,0,0,0,0,0,0,0,-32306,0,0,0,0,0,283227,0
283235,1298,8256,-98,-157,-119,-211,13568,9,2,44,16,36925,133,30,65,0,0,0,0,0,0,0,0,-32305,0,0,0,0,0,283232,0
283240,1338,8394,50,-177,-107,-208,13568,1,0,44,16,36927,122,30,65,0,0,0,0,0,0,0,0,-32305,0,0,0,0,0,283237,0
283245,1302,8336,242,-197,-99,-201,13568,5,5,45,16,36927,122,30,65,0,0,0,0,0,0,0,0,-32305,0,0,0,0,0,283242,0
283250,1270,8310,386,-207,-89,-211,13567,-5,-1,46,16,36926,113,30,65,0,0,0,0,0,0,0,0,-32305,0,0,0,0,0,283247,0
283255,1212,8298,620,-230,-69,-214,13567,-2,-3,45,16,36926,113,30,65,0,0,0,0,0,0,0,0,-32305,0,0,0,0,0,283252,0
283260,1034,8368,824,-286,-38,-229,13568,3,-3,42,16,36922,123,30,65,0,0,0,0,0,0,0,0,-32305,0,0,0,0,0,283257,0
283265,926,8356,896,-323,-33,-240,13567,0,1,43,16,36922,123,30,65,0,0,0,0,0,0,0,0,-32305,0,0,0,0,0,283262,0
283270,828,8322,970,-356,-10,-259,13567,3,0,42,16,36921,133,30,65,0,0,0,0,0,0,0,0,-32305,0,0,0,0,0,283267,0
283275,640,8346,1070,-401,1,-280,13569,5,3,43,16,36921,133,30,65,0,0,0,0,0,0,0,0,-32305,0,0,0,0,0,283272,0
283280,416,8346,1226,-474,26,-322,13567,4,2,44,16,36922,136,30,65,0,0,0,0,0,0,0,0,-32305,0,0,0,0,0,283277,0
283285,358,8356,1208,-510,47,-334,13568,3,1,45,16,36922,136,30,65,0,0,0,0,0,0,0,0,-32305,0,0,0,0,0,283282,0
283290,344,8430,1048,-531,65,-339,13567,-1,1,46,16,36920,138,30,65,0,0,0,0,0,0,0,0,-32305,0,0,0,0,0,283287,0
283295,290,8468,1016,-556,77,-367,13567,-3,1,45,24,36920,138,30,65,0,0,0,0,0,0,0,0,-32305,0,0,0,0,0,283292,0
283300,324,8550,872,-608,102,-399,13567,-3,0,46,24,36920,136,30,65,0,0,0,0,0,0,0,0,-32305,0,0,0,0,0,283297,0
283305,334,8480,832,-614,112,-418,13569,5,2,46,24,36920,136,30,65,0,0,0,0,0,0,0,0,-32305,0,0,0,0,0,283302,0
283310,372,8454,744,-622,136,-441,13568,7,1,42,16,36920,142,30,65,0,0,0,0,0,0,0,0,-32305,0,0,0,0,0,283307,0
283315,396,8488,710,-632,151,-469,13568,6,-2,41,24,36920,142,30,65,0,0,0,0,0,0,0,0,-32305,0,0,0,0,0,283312,0
283320,390,8458,566,-630,190,-521,13567,-4,3,42,24,36921,140,30,65,0,0,0,0,0,0,0,0,-32305,0,0,0,0,0,283317,0
283325,374,8406,500,-624,217,-550,13567,-1,4,42,16,36921,140,30,65,0,0,0,0,0,0,0,0,-32305,0,0,0,0,0,283322,0
283330,318,8332,438,-614,231,-573,13568,6,3,44,16,36921,137,30,65,0,0,0,0,0,0,0,0,-32305,0,0,0,0,0,283327,0
283335,320,8276,398,-596,250,-592,13567,-1,-1,43,16,36921,137,30,65,0,0,0,0,0,0,0,0,-32305,0,0,0,0,0,283332,0
283340,318,8142,288,-562,281,-629,13567,-1,1,46,24,36928,137,30,65,0,0,0,0,0,0,0,0,-32305,0,0,0,0,0,283337,0
283345,330,8052,230,-545,299,-646,13567,-9,-3,44,16,36928,137,30,65,0,0,0,0,0,0,0,0,-32305,0,0,0,0,0,283342,0
283350,328,8020,208,-522,317,-666,13568,-3,2,45,24,36929,131,30,65,0,0,0,0,0,0,0,0,-32305,0,0,0,0,0,283347,0
283355,340,7958,210,-489,331,-688,13568,1,-2,43,16,36929,131,30,65,0,0,0,0,0,0,0,0,-32306,0,0,0,0,0,283352,0
283360,394,7922,112,-430,370,-721,13568,6,-3,42,16,36928,128,30,65,0,0,0,0,0,0,0,0,-32305,0,0,0,0,0,283357,0
283365,382,7866,96,-409,381,-742,13567,-4,1,43,16,36928,128,30,65,0,0,0,0,0,0,0,0,-32305,0,0,0,0,0,283362,0
283370,390,7852,74,-374,400,-762,13568,1,4,42,24,36921,130,30,65,0,0,0,0,0,0,0,0,-32305,0,0,0,0,0,283367,0
283375,392,7806,74,-345,412,-774,13566,0,-6,42,24,36921,130,30,65,0,0,0,0,0,0,0,0,-32305,0,0,0,0,0,283372,0
283380,372,7766,86,-293,449,-806,13567,-4,-2,42,16,36922,134,30,65,0,0,0,0,0,0,0,0,-32305,0,0,0,0,0,283377,0
283385,394,7740,110,-270,464,-819,13567,1,0,45,16,36922,134,30,65,0,0,0,0,0,0,0,0,-32305,0,0,0,0,0,283382,0
283390,394,7752,112,-245,480,-833,13567,1,-2,45,16,36923,134,30,65,0,0,0,0,0,0,0,0,-32306,0,0,0,0,0,283387,0
283395,394,7732,152,-223,497,-850,13567,6,0,43,24,36923,134,30,65,0,0,0,0,0,0,0,0,-32305,0,0,0,0,0,283392,0
283400,460,7716,178,-188,523,-861,13567,0,0,45,24,36933,131,30,65,0,0,0,0,0,0,0,0,-32305,0,0,0,0,0,283397,0
283405,462,7758,232,-170,544,-875,13567,-1,3,45,16,36933,131,30,65,0,0,0,0,0,0,0,0,-32305,0,0,0,0,0,283402,0
283410,502,7766,246,-157,561,-884,13568,1,1,42,24,36933,125,30,65,0,0,0,0,0,0,0,0,-32305,0,0,0,0,0,283407,0
283415,518,7770,274,-146,576,-892,13567,0,0,42,16,36933,125,30,65,0,0,0,0,0,0,0,0,-32305,0,0,0,0,0,283412,0
283420,544,7812,338,-134,600,-905,13568,10,-1,43,16,36935,127,30,65,0,0,0,0,0,0,0,0,-32305,0,0,0,0,0,283417,0
283425,602,7836,372,-130,615,-912,13567,-4,6,43,16,36935,127,30,65,0,0,0,0,0,0,0,0,-32306,0,0,0,0,0,283422,0
283430,614,7858,380,-123,626,-913,13568,1,1,42,8,36926,133,30,65,0,0,0,0,0,0,0,0,-32305,0,0,0,0,0,283427,0
283435,624,7890,410,-120,634,-918,13568,4,3,42,16,36926,133,30,65,0,0,0,0,0,0,0,0,-32305,0,0,0,0,0,283432,0
283440,686,7934,456,-121,652,-917,13569,0,6,45,16,36927,137,30,65,0,0,0,0,0,0,0,0,-32306,0,0,0,0,0,283437,0
283445,638,7942,496,-119,662,-918,13570,0,3,44,24,36927,137,30,65,0,0,0,0,0,0,0,0,-32305,0,0,0,0,0,283442,0
283450,670,7962,510,-116,671,-914,13571,9,4,44,24,36925,139,30,65,0,0,0,0,0,0,0,0,-32305,0,0,0,0,0,283447,0
283455,690,8000,532,-125,679,-906,13571,2,2,45,24,36925,139,30,65,0,0,0,0,0,0,0,0,-32305,0,0,0,0,0,283452,0
283460,664,8020,540,-124,686,-885,13573,3,3,43,16,36926,143,30,65,0,0,0,0,0,0,0,0,-32306,0,0,0,0,0,283457,0
283465,680,8030,580,-127,684,-874,13574,4,2,42,16,36926,143,30,65,0,0,0,0,0,0,0,0,-32305,0,0,0,0,0,283462,0
283470,654,8048,610,-130,688,-861,13577,19,7,42,24,36925,144,30,65,0,0,0,0,0,0,0,0,-32305,0,0,0,0,0,283467,0
283475,660,8044,590,-135,687,-841,13581,16,6,42,24,36925,144,30,65,0,0,0,0,0,0,0,0,-32305,0,0,0,0,0,283472,0
283480,716,8080,624,-136,691,-821,13589,32,22,41,24,36925,144,30,65,0,0,0,0,0,0,0,0,-32305,0,0,0,0,0,283477,0
283485,776,8090,644,-136,690,-809,13606,74,38,37,48,36925,144,30,65,0,0,0,0,0,0,0,0,-32305,0,0,0,0,0,283482,0
283490,780,8122,638,-139,687,-813,13632,113,67,39,40,36924,136,30,65,0,0,0,0,0,0,0,0,-32305,0,0,0,0,0,283487,0
283495,810,8102,652,-141,690,-815,13651,87,78,46,32,36924,136,30,65,0,0,0,0,0,0,0,0,-32305,0,0,0,0,0,283492,0
283500,690,8112,662,-140,692,-816,13667,75,54,35,48,36922,139,30,65,0,0,0,0,0,0,0,0,-32305,0,0,0,0,0,283497,0
283505,600,8102,650,-138,681,-808,13688,90,17,34,48,36922,139,30,65,0,0,0,0,0,0,0,0,-32305,0,0,0,0,0,283502,0
283510,558,8094,668,-141,687,-802,13710,86,-5,36,32,36920,140,30,65,0,0,0,0,0,0,0,0,-32305,0,0,0,0,0,283507,0
283515,540,8050,674,-142,673,-793,13727,77,-7,32,48,36920,140,30,65,0,0,0,0,0,0,0,0,-32305,0,0,0,0,0,283512,0
283520,540,8070,646,-139,660,-768,13755,127,15,25,56,36920,138,30,65,0,0,0,0,0,0,0,0,-32305,0,0,0,0,0,283517,0
283525,530,8064,646,-143,653,-770,13779,110,20,31,40,36920,138,30,65,0,0,0,0,0,0,0,0,-32305,0,0,0,0,0,283522,0
283530,584,8110,670,-140,651,-756,13803,99,17,28,48,36919,135,30,65,0,0,0,0,0,0,0,0,-32305,0,0,0,0,0,283527,0
283535,552,8094,656,-140,637,-761,13825,95,13,28,32,36919,135,30,65,0,0,0,0,0,0,0,0,-32305,0,0,0,0,0,283532,0
283540,446,8064,642,-138,622,-756,13837,49,-17,32,24,36919,126,30,65,0,0,0,0,0,0,0,0,-32305,0,0,0,0,0,283537,0
283545,420,8002,646,-136,608,-744,13838,-4,-74,32,0,36919,126,30,65,0,0,0,0,0,0,0,0,-32305,0,0,0,0,0,283542,0
283550,420,7980,636,-138,600,-731,13839,0,-98,30,0,36922,120,30,65,0,0,0,0,0,0,0,0,-32305,0,0,0,0,0,283547,0
283555,382,7936,636,-130,590,-719,13840,5,-91,30,8,36922,120,30,65,0,0,0,0,0,0,0,0,-32305,0,0,0,0,0,283552,0
283560,540,7894,662,-128,559,-699,13839,0,-62,28,8,36922,125,30,65,0,0,0,0,0,0,0,0,-32306,0,0,0,0,0,283557,0
283565,558,7866,662,-133,556,-693,13838,0,-23,27,8,36922,125,30,65,0,0,0,0,0,0,0,0,-32305,0,0,0,0,0,283562,0
283570,596,7844,702,-131,543,-695,13839,-3,-3,28,8,36924,133,30,65,0,0,0,0,0,0,0,0,-32306,0,0,0,0,0,283567,0
283575,628,7838,694,-133,542,-698,13837,0,1,28,8,36924,133,30,65,0,0,0,0,0,0,0,0,-32305,0,0,0,0,0,283572,0
283580,584,7766,706,-130,523,-703,13838,-1,1,29,8,36923,142,30,65,0,0,0,0,0,0,0,0,-32305,0,0,0,0,0,283577,0
283585,554,7704,698,-128,514,-707,13838,1,3,29,8,36923,142,30,65,0,0,0,0,0,0,0,0,-32305,0,0,0,0,0,283582,0
283590,536,7658,700,-125,508,-703,13838,-6,2,29,8,36922,142,30,65,0,0,0,0,0,0,0,0,-32305,0,0,0,0,0,283587,0
283595,546,7620,700,-131,501,-695,13838,-4,-1,29,8,36922,142,30,65,0,0,0,0,0,0,0,0,-32305,0,0,0,0,0,283592,0
283600,562,7562,710,-123,479,-682,13839,-1,1,29,8,36919,141,30,65,0,0,0,0,0,0,0,0,-32305,0,0,0,0,0,283597,0
283605,582,7576,714,-127,470,-681,13838,-2,2,28,0,36919,141,30,65,0,0,0,0,0,0,0,0,-32305,0,0,0,0,0,283602,0
283610,610,7576,730,-130,460,-669,13839,1,3,28,8,36917,137,30,65,0,0,0,0,0,0,0,0,-32305,0,0,0,0,0,283607,0
283615,512,7296,728,-130,467,-655,13838,5,2,29,8,36917,137,30,65,0,0,0,0,0,0,0,0,-32305,0,0,0,0,0,283612,0
283620,632,7624,776,-139,452,-646,13839,0,2,28,8,36917,141,30,65,0,0,0,0,0,0,0,0,-32305,0,0,0,0,0,283617,0
283625,708,7668,742,-134,443,-647,13839,-2,-1,28,8,36917,141,30,65,0,0,0,0,0,0,0,0,-32305,0,0,0,0,0,283622,0
283630,624,7706,756,-131,422,-653,13838,2,1,28,8,36920,137,30,65,0,0,0,0,0,0,0,0,-32305,0,0,0,0,0,283627,0
283635,630,7730,760,-135,402,-652,13839,5,1,28,8,36920,137,30,65,0,0,0,0,0,0,0,0,-32305,0,0,0,0,0,283632,0
283640,642,7692,758,-132,368,-620,13840,4,-6,28,8,36921,136,30,65,0,0,0,0,0,0,0,0,-32305,0,0,0,0,0,283637,0
283645,614,7682,728,-132,352,-608,13839,-3,4,29,8,36921,136,30,65,0,0,0,0,0,0,0,0,-32305,0,0,0,0,0,283641,0
283650,666,7686,756,-137,341,-589,13839,1,-2,28,0,36922,137,30,65,0,0,0,0,0,0,0,0,-32305,0,0,0,0,0,283646,0
283655,700,7682,790,-144,332,-567,13839,0,-5,28,8,36922,137,30,65,0,0,0,0,0,0,0,0,-32305,0,0,0,0,0,283651,0
283660,738,7778,760,-146,302,-528,13838,0,-4,31,8,36930,132,30,65,0,0,0,0,0,0,0,0,-32305,0,0,0,0,0,283656,0
283665,704,7820,722,-147,289,-504,13838,-1,0,29,8,36930,132,30,65,0,0,0,0,0,0,0,0,-32305,0,0,0,0,0,283661,0
283670,740,7852,738,-147,272,-483,13838,1,3,28,8,36929,132,30,65,0,0,0,0,0,0,0,0,-32305,0,0,0,0,0,283666,0
283675,780,7840,702,-148,254,-465,13839,4,3,28,8,36929,132,30,65,0,0,0,0,0,0,0,0,-32305,0,0,0,0,0,283671,0
283680,760,7788,696,-153,229,-418,13838,-7,0,28,8,36927,136,30,65,0,0,0,0,0,0,0,0,-32305,0,0,0,0,0,283676,0
283685,762,7806,696,-152,215,-393,13838,-2,3,28,8,36927,136,30,65,0,0,0,0,0,0,0,0,-32305,0,0,0,0,0,283681,0
283690,738,7872,712,-151,194,-368,13839,3,-3,29,8,36918,140,30,65,0,0,0,0,0,0,0,0,-32305,0,0,0,0,0,283686,0
283695,776,7938,706,-150,170,-354,13838,-4,0,29,8,36918,140,30,65,0,0,0,0,0,0,0,0,-32305,0,0,0,0,0,283691,0
283700,788,7962,664,-161,140,-308,13838,-2,0,28,8,36918,139,30,65,0,0,0,0,0,0,0,0,-32305,0,0,0,0,0,283696,0
283705,834,8118,724,-149,121,-291,13839,0,2,30,8,36918,139,30,65,0,0,0,0,0,0,0,0,-32305,0,0,0,0,0,283701,0
283710,802,8160,726,-157,101,-272,13839,-4,2,28,8,36921,140,30,65,0,0,0,0,0,0,0,0,-32306,0,0,0,0,0,283706,0
283715,774,8110,712,-147,68,-247,13838,-2,0,29,8,36921,140,30,65,0,0,0,0,0,0,0,0,-32305,0,0,0,0,0,283711,0
283720,742,8240,690,-156,28,-193,13838,-1,0,29,8,36925,139,30,65,0,0,0,0,0,0,0,0,-32305,0,0,0,0,0,283716,0
283725,724,8220,704,-161,11,-166,13839,-1,-2,28,8,36925,139,30,65,0,0,0,0,0,0,0,0,-32306,0,0,0,0,0,283721,0
283730,714,8210,726,-154,-15,-140,13839,-4,1,28,8,36924,135,30,65,0,0,0,0,0,0,0,0,-32305,0,0,0,0,0,283726,0
283735,734,8270,728,-164,-36,-113,13840,3,4,30,8,36924,135,30,65,0,0,0,0,0,0,0,0,-32305,0,0,0,0,0,283731,0
283740,788,8334,740,-164,-68,-65,13839,-5,-2,29,16,36921,127,30,65,0,0,0,0,0,0,0,0,-32305,0,0,0,0,0,283736,0
283745,786,8346,748,-163,-79,-44,13840,5,-4,28,8,36921,127,30,65,0,0,0,0,0,0,0,0,-32305,0,0,0,0,0,283741,0
283750,736,8344,708,-162,-109,-21,13838,-5,-3,29,8,36920,131,30,65,0,0,0,0,0,0,0,0,-32305,0,0,0,0,0,283746,0
283755,700,8358,706,-166,-128,5,13838,-5,3,28,8,36920,131,30,65,0,0,0,0,0,0,0,0,-32305,0,0,0,0,0,283752,0
283760,866,8476,700,-167,-158,87,13822,-78,-7,-1003,-2000,36922,120,30,65,0,0,0,0,0,0,0,0,-32304,0,0,0,0,0,283757,0
283765,346,8456,676,-167,-173,143,13671,-712,-290,-2355,-2000,36922,120,30,65,0,0,0,0,0,0,0,0,-32304,0,0,0,0,0,283762,0
283770,-160,8434,674,-170,-193,297,13483,-831,-637,-1127,-2000,36908,159,30,65,0,0,0,0,0,0,0,0,-32305,0,0,0,0,0,283767,0
283775,-412,8424,680,-157,-220,453,13291,-844,-830,-913,-2000,36908,159,30,65,0,0,0,0,0,0,0,0,-32305,0,0,0,0,0,283772,0
283780,484,8244,594,-154,-264,737,13101,-836,-705,-913,-2000,36899,178,30,65,0,0,0,0,0,0,0,0,-32305,0,0,0,0,0,283777,0
283785,1094,8386,702,-152,-269,799,12904,-866,-395,-855,-2000,36899,178,30,65,0,0,0,0,0,0,0,0,-32305,0,0,0,0,0,283782,0
283790,1466,8716,758,-147,-277,809,12701,-892,-92,-762,-2000,36890,211,30,65,0,0,0,0,0,0,0,0,-32305,0,0,0,0,0,283787,0
283795,2138,8978,768,-126,-320,635,12499,-883,-58,-710,-2000,36890,211,30,65,0,0,0,0,0,0,0,0,-32306,0,0,0,0,0,283792,0
283800,2302,9390,816,-143,-237,151,12313,-803,-21,-921,-2000,36896,191,30,65,0,0,0,0,0,0,0,0,-32305,0,0,0,0,0,283797,0
283805,-20,9284,486,-116,-242,260,12157,-680,77,-1426,-2000,36896,191,30,65,0,0,0,0,0,0,0,0,-32304,0,0,0,0,0,283802,0
283810,-384,8646,288,-91,-264,446,12018,-591,206,-2027,-2000,36892,198,30,65,0,0,0,0,0,0,0,0,-32305,0,0,0,0,0,283807,0
283815,-1572,9360,2142,-202,-283,251,11899,-514,297,-2475,-2000,36892,198,30,65,0,0,0,0,0,0,0,0,-32305,0,0,0,0,0,283812,0
283820,-74,8014,670,-112,-349,357,11796,-439,317,-2863,-2000,36877,222,30,65,0,0,0,0,0,0,0,0,-32307,0,0,0,0,0,283817,0
283825,374,8418,696,-102,-351,388,11705,-392,284,-3219,-2000,36877,222,30,65,0,0,0,0,0,0,0,0,-32306,0,0,0,0,0,283822,0
283830,582,8500,664,-97,-341,345,11627,-341,247,-3533,-2000,36857,267,30,65,0,0,0,0,0,0,0,0,-32306,0,0,0,0,0,283827,0
283835,262,8752,916,-102,-328,338,11558,-300,202,-3718,-2000,36857,267,30,65,0,0,0,0,0,0,0,0,-32305,0,0,0,0,0,283832,0
283840,-48,8896,630,-79,-329,365,11497,-274,178,-4034,-2000,36834,307,30,65,0,0,0,0,0,0,0,0,-32304,0,0,0,0,0,283837,0
283845,272,8738,666,-83,-342,358,11444,-223,149,-4160,-2000,36834,307,30,65,0,0,0,0,0,0,0,0,-32303,0,0,0,0,0,283842,0
283850,452,8594,602,-82,-362,341,11404,-175,149,-4449,-2000,36817,338,30,65,0,0,0,0,0,0,0,0,-32303,0,0,0,0,0,283847,0
283855,212,8634,684,-82,-374,320,11363,-185,128,-4729,-2000,36817,338,30,65,0,0,0,0,0,0,0,0,-32303,0,0,0,0,0,283852,0
283860,12,8430,748,-71,-404,354,11327,-153,108,-4728,-2000,36805,367,30,65,0,0,0,0,0,0,0,0,-32303,0,0,0,0,0,283857,0
283865,292,8400,754,-75,-411,355,11302,-101,90,-4815,-2000,36805,367,30,65,0,0,0,0,0,0,0,0,-32304,0,0,0,0,0,283862,0
283870,410,8396,744,-67,-411,344,11277,-122,80,-5042,-2000,36797,387,30,65,0,0,0,0,0,0,0,0,-32304,0,0,0,0,0,283867,0
283875,298,8366,766,-65,-414,346,11246,-128,59,-5087,-2000,36797,387,30,65,0,0,0,0,0,0,0,0,-32304,0,0,0,0,0,283872,0
283880,186,8258,750,-65,-411,349,11222,-101,41,-5061,-2000,36786,408,30,65,0,0,0,0,0,0,0,0,-32305,0,0,0,0,0,283877,0
283885,170,8194,728,-60,-413,327,11225,14,37,-3773,0,36786,408,30,65,0,0,0,0,0,0,0,0,-32305,0,0,0,0,0,283882,0
283890,536,8242,724,-63,-417,308,11385,763,382,-1607,0,36799,360,30,65,0,0,0,0,0,0,0,0,-32305,0,0,0,0,0,283887,0
283895,658,8144,728,-63,-416,252,11579,840,783,-2607,0,36799,360,30,65,0,0,0,0,0,0,0,0,-32304,0,0,0,0,0,283892,0
283900,-212,8102,812,-52,-408,254,11746,722,920,-2323,0,36835,255,30,65,0,0,0,0,0,0,0,0,-32306,0,0,0,0,0,283897,0
283905,-256,7950,750,-53,-405,299,11892,632,650,-1710,0,36835,255,30,65,0,0,0,0,0,0,0,0,-32306,0,0,0,0,0,283902,0
283910,-104,7942,776,-49,-414,313,12020,551,173,-1307,0,36882,148,30,65,0,0,0,0,0,0,0,0,-32305,0,0,0,0,0,283907,0
283915,220,7920,726,-47,-412,316,12130,471,-257,-980,0,36882,148,30,65,0,0,0,0,0,0,0,0,-32305,0,0,0,0,0,283912,0
283920,230,7944,778,-46,-398,285,12222,400,-304,-709,0,36916,93,30,65,0,0,0,0,0,0,0,0,-32304,0,0,0,0,0,283917,0
283925,-20,7926,796,-40,-389,285,12303,353,-264,-554,0,36916,93,30,65,0,0,0,0,0,0,0,0,-32306,0,0,0,0,0,283922,0
283930,-178,7888,778,-39,-387,298,12373,301,-236,-452,0,36916,111,30,65,0,0,0,0,0,0,0,0,-32305,0,0,0,0,0,283927,0
283935,-144,7838,762,-32,-379,313,12432,252,-205,-395,0,36916,111,30,65,0,0,0,0,0,0,0,0,-32305,0,0,0,0,0,283932,0
283940,82,7718,736,-35,-381,314,12476,190,-185,-300,0,36915,122,30,65,0,0,0,0,0,0,0,0,-32305,0,0,0,0,0,283937,0
283945,62,7690,770,-32,-380,302,12510,149,-179,-231,0,36915,122,30,65,0,0,0,0,0,0,0,0,-32305,0,0,0,0,0,283942,0
283950,-26,7642,798,-31,-370,293,12534,95,-182,-179,0,36914,128,30,65,0,0,0,0,0,0,0,0,-32305,0,0,0,0,0,283947,0
283955,-72,7668,816,-25,-364,297,12548,63,-175,-114,0,36914,128,30,65,0,0,0,0,0,0,0,0,-32305,0,0,0,0,0,283952,0
283960,-92,7626,780,-32,-351,296,12565,80,-145,-106,0,36918,127,30,65,0,0,0,0,0,0,0,0,-32305,0,0,0,0,0,283957,0
283965,-20,7630,740,-32,-351,293,12578,53,-94,-104,0,36918,127,30,65,0,0,0,0,0,0,0,0,-32305,0,0,0,0,0,283962,0
283970,-34,7636,776,-27,-351,283,12581,7,-69,-54,0,36924,134,30,65,0,0,0,0,0,0,0,0,-32305,0,0,0,0,0,283967,0
283975,-84,7654,788,-30,-347,279,12582,3,-62,-4,0,36924,134,30,65,0,0,0,0,0,0,0,0,-32305,0,0,0,0,0,283972,0
283980,-176,7712,808,-34,-345,268,12581,-6,-69,1,0,36922,134,30,65,0,0,0,0,0,0,0,0,-32305,0,0,0,0,0,283977,0
283985,-132,7772,786,-39,-342,261,12582,4,-60,2,0,36922,134,30,65,0,0,0,0,0,0,0,0,-32305,0,0,0,0,0,283982,0
283990,-82,7766,794,-37,-344,259,12584,6,-29,2,0,36919,134,30,65,0,0,0,0,0,0,0,0,-32305,0,0,0,0,0,283987,0
283995,-120,7778,790,-45,-341,252,12581,0,-3,1,0,36919,134,30,65,0,0,0,0,0,0,0,0,-32305,0,0,0,0,0,283992,0
284000,-184,7828,810,-48,-336,235,12582,2,0,1,0,36914,134,30,65,0,0,0,0,0,0,0,0,-32305,0,0,0,0,0,283997,0
284005,-210,7840,798,-48,-331,236,12582,1,-3,0,0,36914,134,30,65,0,0,0,0,0,0,0,0,-32306,0,0,0,0,0,284002,0
284010,-194,7858,800,-44,-326,222,12582,2,2,0,0,36915,135,30,65,0,0,0,0,0,0,0,0,-32305,0,0,0,0,0,284007,0
284015,-150,7878,796,-54,-319,216,12583,1,-1,0,0,36915,135,30,65,0,0,0,0,0,0,0,0,-32305,0,0,0,0,0,284012,0
284020,-160,7920,792,-48,-311,204,12582,9,-1,0,0,36917,137,30,65,0,0,0,0,0,0,0,0,-32305,0,0,0,0,0,284017,0
284025,-158,7924,798,-52,-306,196,12582,4,2,0,0,36917,137,30,65,0,0,0,0,0,0,0,0,-32305,0,0,0,0,0,284022,0
284030,-152,7950,804,-54,-295,192,12581,0,-1,2,0,36916,136,30,65,0,0,0,0,0,0,0,0,-32306,0,0,0,0,0,284027,0
284035,-142,7946,784,-55,-291,190,12582,-2,-2,1,0,36916,136,30,65,0,0,0,0,0,0,0,0,-32306,0,0,0,0,0,284032,0
284040,-126,7990,786,-60,-277,176,12582,0,2,0,0,36916,135,30,65,0,0,0,0,0,0,0,0,-32305,0,0,0,0,0,284037,0
284045,-128,8016,812,-61,-274,173,12582,2,2,0,0,36916,135,30,65,0,0,0,0,0,0,0,0,-32305,0,0,0,0,0,284042,0
284050,-114,8064,770,-62,-265,165,12581,-4,-1,0,0,36917,134,30,65,0,0,0,0,0,0,0,0,-32305,0,0,0,0,0,284047,0
284055,-98,8072,774,-56,-254,166,12582,-1,1,0,0,36917,134,30,65,0,0,0,0,0,0,0,0,-32305,0,0,0,0,0,284052,0
284060,-128,8088,792,-53,-242,157,12582,-1,2,1,0,36917,134,30,65,0,0,0,0,0,0,0,0,-32305,0,0,0,0,0,284057,0
284065,-120,8112,762,-54,-229,149,12583,0,0,2,0,36917,134,30,65,0,0,0,0,0,0,0,0,-32305,0,0,0,0,0,284062,0
284070,-106,8104,766,-54,-222,146,12583,3,0,2,0,36921,135,30,65,0,0,0,0,0,0,0,0,-32305,0,0,0,0,0,284067,0
284075,-92,8106,776,-44,-220,144,12582,0,1,0,0,36921,135,30,65,0,0,0,0,0,0,0,0,-32305,0,0,0,0,0,284072,0
284080,-132,8118,748,-45,-202,142,12582,-1,-4,2,0,36920,141,30,65,0,0,0,0,0,0,0,0,-32306,0,0,0,0,0,284077,0
284085,-134,8122,758,-34,-196,138,12583,1,-1,1,0,36920,141,30,65,0,0,0,0,0,0,0,0,-32305,0,0,0,0,0,284082,0
284090,-128,8118,754,-25,-192,138,12582,-14,-2,1,0,36921,137,30,65,0,0,0,0,0,0,0,0,-32305,0,0,0,0,0,284087,0
284095,-154,8130,736,-24,-191,128,12582,0,1,0,0,36921,137,30,65,0,0,0,0,0,0,0,0,-32305,0,0,0,0,0,284093,0
284100,-198,8086,734,-5,-184,121,12581,0,-1,1,0,36917,142,30,65,0,0,0,0,0,0,0,0,-32305,0,0,0,0,0,284098,0
284105,-200,8066,748,-1,-189,115,12582,5,4,0,0,36917,142,30,65,0,0,0,0,0,0,0,0,-32305,0,0,0,0,0,284103,0
284110,-216,8086,732,10,-190,106,12583,3,0,1,0,36917,140,30,65,0,0,0,0,0,0,0,0,-32305,0,0,0,0,0,284108,0
284115,-222,8078,746,12,-188,105,12583,3,3,0,0,36917,140,30,65,0,0,0,0,0,0,0,0,-32305,0,0,0,0,0,284113,0
284120,-228,8060,782,21,-196,88,12582,2,0,0,0,36918,140,30,65,0,0,0,0,0,0,0,0,-32305,0,0,0,0,0,284118,0
284125,-236,8104,756,28,-199,80,12581,-6,0,0,0,36918,140,30,65,0,0,0,0,0,0,0,0,-32306,0,0,0,0,0,284123,0
284130,-226,8114,782,30,-203,70,12583,1,-6,1,0,36919,135,30,65,0,0,0,0,0,0,0,0,-32306,0,0,0,0,0,284128,0
284135,-218,8112,824,40,-202,54,12583,8,3,0,0,36919,135,30,65,0,0,0,0,0,0,0,0,-32305,0,0,0,0,0,284133,0
284140,-252,8092,832,41,-209,38,12582,6,4,-1,0,36919,134,30,65,0,0,0,0,0,0,0,0,-32305,0,0,0,0,0,284138,0
284145,-244,8116,846,52,-217,25,12583,3,-3,1,0,36919,134,30,65,0,0,0,0,0,0,0,0,-32305,0,0,0,0,0,284143,0
284150,-214,8106,840,48,-217,22,12581,0,1,0,0,36919,136,30,65,0,0,0,0,0,0,0,0,-32306,0,0,0,0,0,284148,0
284155,-210,8132,866,50,-216,7,12581,0,2,1,0,36919,136,30,65,0,0,0,0,0,0,0,0,-32306,0,0,0,0,0,284153,0
284160,-174,8172,866,52,-221,-18,12582,0,-4,1,0,36919,133,30,65,0,0,0,0,0,0,0,0,-32305,0,0,0,0,0,284158,0
284165,-184,8142,916,53,-223,-31,12582,1,-1,1,0,36919,133,30,65,0,0,0,0,0,0,0,0,-32305,0,0,0,0,0,284163,0
284170,-150,8144,916,52,-222,-47,12581,-5,-4,1,0,36918,133,30,65,0,0,0,0,0,0,0,0,-32305,0,0,0,0,0,284168,0
284175,-170,8142,926,47,-224,-59,12581,-2,1,2,0,36918,133,30,65,0,0,0,0,0,0,0,0,-32305,0,0,0,0,0,284173,0
284180,-156,8138,960,54,-222,-84,12581,0,-3,0,0,36919,129,30,65,0,0,0,0,0,0,0,0,-32305,0,0,0,0,0,284178,0
284185,-128,8178,988,50,-224,-93,12583,3,5,1,0,36919,129,30,65,0,0,0,0,0,0,0,0,-32305,0,0,0,0,0,284183,0
284190,-152,8184,990,42,-224,-115,12581,-1,0,0,0,36921,141,30,65,0,0,0,0,0,0,0,0,-32305,0,0,0,0,0,284188,0
284195,-116,8178,1014,47,-224,-131,12582,2,-2,0,0,36921,141,30,65,0,0,0,0,0,0,0,0,-32305,0,0,0,0,0,284193,0
284200,-132,8190,1036,38,-227,-167,12581,1,-3,0,0,36923,143,30,65,0,0,0,0,0,0,0,0,-32305,0,0,0,0,0,284198,0
284205,-148,8192,1054,33,-231,-182,12582,-4,-1,0,0,36923,143,30,65,0,0,0,0,0,0,0,0,-32305,0,0,0,0,0,284203,0
284210,-134,8206,1068,29,-235,-201,12582,0,-1,1,0,36922,142,30,65,0,0,0,0,0,0,0,0,-32305,0,0,0,0,0,284208,0
284215,-134,8236,1070,26,-241,-214,12581,-2,-4,1,0,36922,142,30,65,0,0,0,0,0,0,0,0,-32305,0,0,0,0,0,284213,0
284220,-106,8238,1108,7,-242,-259,12581,-1,-5,0,0,36922,132,30,65,0,0,0,0,0,0,0,0,-32306,0,0,0,0,0,284218,0
284225,-146,8266,1140,-2,-245,-279,12583,0,0,0,0,36922,132,30,65,0,0,0,0,0,0,0,0,-32305,0,0,0,0,0,284223,0
284230,-90,8292,1138,-10,-250,-296,12582,0,-1,1,0,36922,138,30,65,0,0,0,0,0,0,0,0,-32305,0,0,0,0,0,284228,0
284235,-142,8330,1154,-25,-251,-313,12582,-3,-1,0,0,36922,138,30,65,0,0,0,0,0,0,0,0,-32305,0,0,0,0,0,284233,0
284240,-82,8376,1200,-47,-251,-359,12582,3,-2,0,0,36919,144,30,65,0,0,0,0,0,0,0,0,-32305,0,0,0,0,0,284238,0
284245,-78,8384,1206,-60,-253,-378,12583,0,-1,1,0,36919,144,30,65,0,0,0,0,0,0,0,0,-32305,0,0,0,0,0,284243,0
284250,-38,8394,1210,-67,-248,-395,12582,5,1,1,0,36917,139,30,65,0,0,0,0,0,0,0,0,-32305,0,0,0,0,0,284248,0
284255,-22,8396,1240,-77,-242,-414,12582,0,-4,1,0,36917,139,30,65,0,0,0,0,0,0,0,0,-32305,0,0,0,0,0,284253,0
284260,20,8354,1250,-103,-236,-438,12583,7,5,0,0,36917,139,30,65,0,0,0,0,0,0,0,0,-32305,0,0,0,0,0,284258,0
284265,76,8314,1234,-114,-231,-455,12582,6,1,0,0,36917,139,30,65,0,0,0,0,0,0,0,0,-32305,0,0,0,0,0,284263,0
284270,96,8306,1236,-126,-229,-469,12581,-3,-5,0,0,36921,142,30,65,0,0,0,0,0,0,0,0,-32306,0,0,0,0,0,284268,0
284275,90,8246,1216,-132,-223,-479,12582,-4,0,0,0,36921,142,30,65,0,0,0,0,0,0,0,0,-32305,0,0,0,0,0,284273,0
284280,142,8196,1184,-148,-212,-502,12582,-2,0,-1,0,36926,147,30,65,0,0,0,0,0,0,0,0,-32305,0,0,0,0,0,284278,0
284285,220,8164,1164,-156,-203,-508,12583,-1,1,0,0,36926,147,30,65,0,0,0,0,0,0,0,0,-32305,0,0,0,0,0,284283,0
284290,256,8154,1140,-156,-201,-516,12582,-5,-1,3,0,36928,157,30,65,0,0,0,0,0,0,0,0,-32306,0,0,0,0,0,284288,0
284295,278,8150,1134,-165,-186,-525,12583,5,0,0,0,36928,157,30,65,0,0,0,0,0,0,0,0,-32305,0,0,0,0,0,284293,0
284300,306,8118,1110,-167,-163,-530,12582,3,0,0,0,36925,150,30,65,0,0,0,0,0,0,0,0,-32305,0,0,0,0,0,284298,0
284305,310,8078,1096,-165,-152,-540,12582,0,3,0,0,36925,150,30,65,0,0,0,0,0,0,0,0,-32305,0,0,0,0,0,284303,0
284310,316,8090,1106,-166,-140,-543,12583,6,2,0,0,36925,144,30,65,0,0,0,0,0,0,0,0,-32305,0,0,0,0,0,284308,0
284315,346,8066,1096,-167,-131,-542,12582,0,1,0,0,36925,144,30,65,0,0,0,0,0,0,0,0,-32306,0,0,0,0,0,284313,0
284320,298,8012,1074,-157,-104,-539,12583,2,4,0,0,36917,136,30,65,0,0,0,0,0,0,0,0,-32305,0,0,0,0,0,284318,0
284325,302,8044,1042,-161,-91,-548,12584,8,3,0,0,36917,136,30,65,0,0,0,0,0,0,0,0,-32305,0,0,0,0,0,284323,0
284330,300,8002,1070,-151,-80,-549,12583,-1,3,0,0,36919,134,30,65,0,0,0,0,0,0,0,0,-32306,0,0,0,0,0,284328,0
284335,278,7994,1060,-149,-71,-553,12583,6,1,0,0,36919,134,30,65,0,0,0,0,0,0,0,0,-32305,0,0,0,0,0,284333,0
284340,310,7942,1080,-134,-52,-558,12582,2,0,0,0,36919,133,30,65,0,0,0,0,0,0,0,0,-32305,0,0,0,0,0,284338,0
284345,284,7912,1054,-137,-39,-561,12582,0,2,2,0,36919,133,30,65,0,0,0,0,0,0,0,0,-32305,0,0,0,0,0,284343,0
284350,266,7920,1032,-133,-28,-563,12583,-1,2,1,0,36920,126,30,65,0,0,0,0,0,0,0,0,-32305,0,0,0,0,0,284349,0
284355,258,7928,1032,-125,-19,-569,12583,0,2,0,0,36920,126,30,65,0,0,0,0,0,0,0,0,-32305,0,0,0,0,0,284356,0
284360,294,7932,1042,-122,3,-579,12583,7,1,1,0,36919,127,30,65,0,0,0,0,0,0,0,0,-32305,0,0,0,0,0,284358,0
284365,270,7976,1026,-119,21,-588,12582,-5,-4,0,0,36919,127,30,65,0,0,0,0,0,0,0,0,-32305,0,0,0,0,0,284363,0
284370,246,8012,1042,-118,32,-591,12583,2,3,0,0,36918,135,30,65,0,0,0,0,0,0,0,0,-32305,0,0,0,0,0,284368,0
284375,258,8014,1050,-114,46,-598,12583,9,3,0,0,36918,135,30,65,0,0,0,0,0,0,0,0,-32305,0,0,0,0,0,284373,0
284380,254,8092,1062,-105,69,-598,12583,0,4,1,0,36920,145,30,65,0,0,0,0,0,0,0,0,-32305,0,0,0,0,0,284378,0
284385,252,8116,1082,-104,90,-600,12582,0,1,2,0,36920,145,30,65,0,0,0,0,0,0,0,0,-32305,0,0,0,0,0,284383,0
284390,234,8096,1070,-101,100,-604,12583,0,4,1,0,36925,145,30,65,0,0,0,0,0,0,0,0,-32305,0,0,0,0,0,284388,0
284395,218,8152,1118,-103,120,-608,12583,-3,3,0,0,36925,145,30,65,0,0,0,0,0,0,0,0,-32305,0,0,0,0,0,284393,0
284400,172,8150,1092,-96,142,-609,12582,1,1,0,0,36925,139,30,65,0,0,0,0,0,0,0,0,-32305,0,0,0,0,0,284398,0
284405,188,8162,1136,-95,147,-613,12582,0,-2,-1,0,36925,139,30,65,0,0,0,0,0,0,0,0,-32305,0,0,0,0,0,284403,0
284410,172,8142,1126,-89,163,-618,12584,5,2,0,0,36923,140,30,65,0,0,0,0,0,0,0,0,-32306,0,0,0,0,0,284408,0
284415,162,8118,1120,-86,171,-615,12582,2,0,0,0,36923,140,30,65,0,0,0,0,0,0,0,0,-32305,0,0,0,0,0,284413,0
284420,182,8116,1146,-88,185,-621,12581,-7,-1,0,0,36919,149,30,65,0,0,0,0,0,0,0,0,-32305,0,0,0,0,0,284418,0
284425,192,8102,1160,-84,192,-618,12582,-5,-1,0,0,36919,149,30,65,0,0,0,0,0,0,0,0,-32305,0,0,0,0,0,284424,0
284430,188,8110,1136,-75,207,-623,12583,-4,-2,0,0,36921,150,30,65,0,0,0,0,0,0,0,0,-32305,0,0,0,0,0,284432,0
284435,196,8102,1156,-75,209,-623,12582,-10,-1,0,0,36921,150,30,65,0,0,0,0,0,0,0,0,-32306,0,0,0,0,0,284433,0
284440,198,8082,1136,-70,225,-627,12582,0,-2,0,0,36923,144,30,65,0,0,0,0,0,0,0,0,-32305,0,0,0,0,0,284438,0
284445,184,8076,1182,-68,235,-627,12582,1,-5,2,0,36923,144,30,65,0,0,0,0,0,0,0,0,-32305,0,0,0,0,0,284443,0
284450,188,8104,1164,-58,241,-623,12583,0,-1,0,0,36923,136,30,65,0,0,0,0,0,0,0,0,-32306,0,0,0,0,0,284448,0
284455,184,8102,1146,-49,245,-622,12583,2,5,0,0,36923,136,30,65,0,0,0,0,0,0,0,0,-32305,0,0,0,0,0,284453,0
284460,234,8114,1184,-48,255,-615,12583,2,1,2,0,36922,134,30,65,0,0,0,0,0,0,0,0,-32305,0,0,0,0,0,284458,0
284465,170,8132,1162,-42,257,-604,12581,-2,-3,1,0,36922,134,30,65,0,0,0,0,0,0,0,0,-32305,0,0,0,0,0,284463,0
284470,228,8142,1188,-39,261,-608,12583,-1,-5,0,0,36920,132,30,65,0,0,0,0,0,0,0,0,-32305,0,0,0,0,0,284468,0
284475,242,8176,1196,-34,263,-597,12582,-3,0,0,0,36920,132,30,65,0,0,0,0,0,0,0,0,-32305,0,0,0,0,0,284473,0
284480,280,8134,1234,-29,273,-586,12582,-2,8,0,0,36919,127,30,65,0,0,0,0,0,0,0,0,-32305,0,0,0,0,0,284478,0
284485,288,8126,1204,-28,272,-568,12582,-3,-2,0,0,36919,127,30,65,0,0,0,0,0,0,0,0,-32305,0,0,0,0,0,284483,0
284490,302,8114,1214,-23,274,-559,12583,-1,0,-2,0,36920,133,30,65,0,0,0,0,0,0,0,0,-32305,0,0,0,0,0,284488,0
284495,322,8084,1216,-23,274,-546,12584,0,2,-1,0,36920,133,30,65,0,0,0,0,0,0,0,0,-32305,0,0,0,0,0,284493,0
284500,386,8064,1224,-22,274,-511,12583,0,6,-1,0,36920,142,30,65,0,0,0,0,0,0,0,0,-32305,0,0,0,0,0,284498,0
284505,378,8060,1232,-23,269,-503,12583,-2,0,0,0,36920,142,30,65,0,0,0,0,0,0,0,0,-32305,0,0,0,0,0,284503,0
284510,406,8008,1252,-20,271,-481,12581,0,-5,0,0,36919,140,30,65,0,0,0,0,0,0,0,0,-32305,0,0,0,0,0,284508,0
284515,410,8004,1240,-21,275,-456,12583,2,2,0,0,36919,140,30,65,0,0,0,0,0,0,0,0,-32305,0,0,0,0,0,284513,0
284520,446,7962,1236,-26,262,-415,12583,-5,6,0,0,36919,137,30,65,0,0,0,0,0,0,0,0,-32305,0,0,0,0,0,284518,0
284525,468,7952,1236,-30,267,-386,12583,-7,1,-1,0,36919,137,30,65,0,0,0,0,0,0,0,0,-32305,0,0,0,0,0,284523,0
284530,466,7906,1218,-26,261,-370,12584,-5,1,-1,0,36921,134,30,65,0,0,0,0,0,0,0,0,-32306,0,0,0,0,0,284528,0
284535,490,7908,1212,-29,257,-339,12583,-5,-6,0,0,36921,134,30,65,0,0,0,0,0,0,0,0,-32305,0,0,0,0,0,284533,0
284540,478,7804,1212,-34,236,-289,12584,-1,-2,0,0,36921,138,30,65,0,0,0,0,0,0,0,0,-32306,0,0,0,0,0,284538,0
284545,474,7770,1204,-30,234,-262,12585,0,2,0,0,36921,138,30,65,0,0,0,0,0,0,0,0,-32305,0,0,0,0,0,284543,0
284550,498,7758,1180,-31,231,-235,12584,-1,5,0,0,36918,131,30,65,0,0,0,0,0,0,0,0,-32305,0,0,0,0,0,284548,0
284555,486,7738,1158,-32,226,-207,12584,0,1,0,0,36918,131,30,65,0,0,0,0,0,0,0,0,-32305,0,0,0,0,0,284553,0
284560,500,7724,1152,-26,214,-140,12585,1,2,0,0,36919,137,30,65,0,0,0,0,0,0,0,0,-32306,0,0,0,0,0,284558,0
284565,474,7700,1136,-26,201,-114,12584,-1,0,0,0,36919,137,30,65,0,0,0,0,0,0,0,0,-32305,0,0,0,0,0,284563,0
284570,474,7716,1124,-21,187,-88,12585,1,4,0,0,36921,141,30,65,0,0,0,0,0,0,0,0,-32305,0,0,0,0,0,284568,0
284575,458,7674,1124,-16,185,-56,12585,3,-4,0,0,36921,141,30,65,0,0,0,0,0,0,0,0,-32305,0,0,0,0,0,284573,0
284580,422,7698,1088,-1,157,1,12586,11,1,-1,0,36923,141,30,65,0,0,0,0,0,0,0,0,-32305,0,0,0,0,0,284578,0
284585,414,7720,1094,-2,145,29,12585,3,-2,0,0,36923,141,30,65,0,0,0,0,0,0,0,0,-32305,0,0,0,0,0,284583,0
284590,400,7730,1078,5,132,61,12584,-6,-1,3,0,36927,145,30,65,0,0,0,0,0,0,0,0,-32306,0,0,0,0,0,284588,0
284595,392,7764,1088,8,119,90,12584,2,-3,2,0,36927,145,30,65,0,0,0,0,0,0,0,0,-32305,0,0,0,0,0,284593,0
284600,328,7764,1080,31,90,142,12584,-3,-2,0,0,36927,141,30,65,0,0,0,0,0,0,0,0,-32305,0,0,0,0,0,284598,0
284605,300,7738,1070,41,73,162,12585,1,0,-1,0,36927,141,30,65,0,0,0,0,0,0,0,0,-32305,0,0,0,0,0,284603,0
284610,292,7774,1050,52,66,193,12586,12,1,0,0,36927,142,30,65,0,0,0,0,0,0,0,0,-32306,0,0,0,0,0,284608,0
284615,260,7804,1070,60,46,209,12584,1,5,0,0,36927,142,30,65,0,0,0,0,0,0,0,0,-32305,0,0,0,0,0,284613,0
284620,236,7832,1058,77,14,254,12584,-5,-3,0,0,36925,150,30,65,0,0,0,0,0,0,0,0,-32305,0,0,0,0,0,284618,0
284625,196,7886,1082,91,-7,270,12584,-9,-2,0,0,36925,150,30,65,0,0,0,0,0,0,0,0,-32305,0,0,0,0,0,284623,0
284630,182,7904,1078,94,-20,289,12585,3,-2,1,0,36919,146,30,65,0,0,0,0,0,0,0,0,-32305,0,0,0,0,0,284628,0
284635,162,7940,1104,103,-36,311,12585,3,-2,1,0,36919,146,30,65,0,0,0,0,0,0,0,0,-32305,0,0,0,0,0,284633,0
284640,130,8028,1152,117,-62,350,12584,-3,-2,1,0,36919,144,30,65,0,0,0,0,0,0,0,0,-32305,0,0,0,0,0,284638,0
284645,92,8054,1144,124,-79,358,12584,-4,1,0,0,36919,144,30,65,0,0,0,0,0,0,0,0,-32305,0,0,0,0,0,284643,0
284650,14,8078,1196,135,-92,373,12584,-5,0,0,0,36918,140,30,65,0,0,0,0,0,0,0,0,-32305,0,0,0,0,0,284648,0
284655,6,8056,1176,138,-107,384,12585,-3,0,0,0,36918,140,30,65,0,0,0,0,0,0,0,0,-32305,0,0,0,0,0,284653,0
284660,-44,8086,1224,144,-133,402,12585,1,0,1,0,36919,135,30,65,0,0,0,0,0,0,0,0,-32305,0,0,0,0,0,284658,0
284665,-22,8070,1228,147,-149,398,12584,1,2,2,0,36919,135,30,65,0,0,0,0,0,0,0,0,-32306,0,0,0,0,0,284663,0
284670,-70,8080,1266,145,-159,409,12585,-1,0,0,0,36922,135,30,65,0,0,0,0,0,0,0,0,-32305,0,0,0,0,0,284668,0
284675,-132,8094,1286,142,-174,411,12585,0,-1,1,0,36922,135,30,65,0,0,0,0,0,0,0,0,-32305,0,0,0,0,0,284673,0
284680,-164,8150,1306,142,-201,418,12585,0,6,0,0,36937,134,30,65,0,0,0,0,0,0,0,0,-32305,0,0,0,0,0,284678,0
284685,-220,8178,1312,137,-212,421,12584,-2,2,1,0,36937,134,30,65,0,0,0,0,0,0,0,0,-32305,0,0,0,0,0,284683,0
284690,-188,8182,1330,131,-215,417,12585,0,-3,0,0,36945,140,30,65,0,0,0,0,0,0,0,0,-32305,0,0,0,0,0,284688,0
284695,-206,8202,1344,126,-229,423,12585,0,2,2,0,36945,140,30,65,0,0,0,0,0,0,0,0,-32305,0,0,0,0,0,284693,0
284700,-204,8236,1374,114,-240,416,12584,-4,2,3,0,36949,139,30,65,0,0,0,0,0,0,0,0,-32305,0,0,0,0,0,284698,0
284705,-220,8220,1360,109,-243,417,12584,-1,2,0,0,36949,139,30,65,0,0,0,0,0,0,0,0,-32305,0,0,0,0,0,284703,0
284710,-228,8236,1378,95,-248,413,12584,-6,1,0,0,36935,141,30,65,0,0,0,0,0,0,0,0,-32305,0,0,0,0,0,284708,0
284715,-240,8242,1360,91,-248,408,12585,0,-3,0,0,36935,141,30,65,0,0,0,0,0,0,0,0,-32305,0,0,0,0,0,284713,0
284720,-244,8194,1370,68,-253,407,12585,0,0,0,0,36926,132,30,65,0,0,0,0,0,0,0,0,-32305,0,0,0,0,0,284718,0
284725,-260,8184,1350,64,-255,402,12584,1,2,2,0,36926,132,30,65,0,0,0,0,0,0,0,0,-32305,0,0,0,0,0,284723,0
284730,-258,8196,1364,55,-256,397,12586,8,2,1,0,36918,131,30,65,0,0,0,0,0,0,0,0,-32305,0,0,0,0,0,284728,0
284735,-260,8186,1340,45,-252,391,12585,0,1,0,0,36918,131,30,65,0,0,0,0,0,0,0,0,-32305,0,0,0,0,0,284733,0
284740,-252,8162,1318,28,-250,378,12584,-2,3,0,0,36916,138,30,65,0,0,0,0,0,0,0,0,-32305,0,0,0,0,0,284738,0
284745,-274,8158,1298,21,-248,376,12584,-2,-6,1,0,36916,138,30,65,0,0,0,0,0,0,0,0,-32305,0,0,0,0,0,284743,0
284750,-260,8120,1292,19,-244,368,12584,-5,-3,0,0,36917,141,30,65,0,0,0,0,0,0,0,0,-32305,0,0,0,0,0,284748,0
284755,-272,8100,1276,8,-242,365,12585,0,2,1,0,36917,141,30,65,0,0,0,0,0,0,0,0,-32305,0,0,0,0,0,284753,0
284760,-304,8026,1248,-5,-230,356,12583,0,2,1,0,36915,141,30,65,0,0,0,0,0,0,0,0,-32305,0,0,0,0,0,284758,0
284765,-296,7990,1194,-4,-231,344,12584,-6,1,1,0,36915,141,30,65,0,0,0,0,0,0,0,0,-32305,0,0,0,0,0,284763,0
284770,-298,7986,1210,-8,-217,341,12585,4,-1,1,0,36913,148,30,65,0,0,0,0,0,0,0,0,-32305,0,0,0,0,0,284768,0
284775,-296,7938,1192,-11,-216,334,12584,1,8,2,0,36913,148,30,65,0,0,0,0,0,0,0,0,-32306,0,0,0,0,0,284773,0
284780,-286,7830,1162,-15,-203,317,12584,2,3,0,0,36908,145,30,65,0,0,0,0,0,0,0,0,-32305,0,0,0,0,0,284778,0
284785,-262,7812,1134,-18,-192,310,12585,-1,-2,1,0,36908,145,30,65,0,0,0,0,0,0,0,0,-32305,0,0,0,0,0,284783,0
284790,-274,7754,1106,-20,-185,305,12585,3,3,1,0,36907,149,30,65,0,0,0,0,0,0,0,0,-32306,0,0,0,0,0,284788,0
284795,-266,7716,1082,-14,-175,295,12585,5,1,1,0,36907,149,30,65,0,0,0,0,0,0,0,0,-32305,0,0,0,0,0,284793,0
284800,-272,7666,1068,-13,-152,285,12585,-1,1,-2,0,36913,144,30,65,0,0,0,0,0,0,0,0,-32305,0,0,0,0,0,284798,0
284805,-264,7612,1076,-12,-143,271,12584,-1,-1,0,0,36913,144,30,65,0,0,0,0,0,0,0,0,-32305,0,0,0,0,0,284803,0
284810,-238,7614,1056,-4,-130,269,12584,-1,-1,0,0,36916,134,30,65,0,0,0,0,0,0,0,0,-32306,0,0,0,0,0,284808,0
284815,-238,7590,1058,-1,-115,260,12585,2,1,0,0,36916,134,30,65,0,0,0,0,0,0,0,0,-32305,0,0,0,0,0,284813,0
284820,-220,7560,1048,14,-88,247,12585,0,0,0,0,36915,130,30,65,0,0,0,0,0,0,0,0,-32306,0,0,0,0,0,284818,0
284825,-182,7548,1028,12,-71,237,12585,-1,-1,1,0,36915,130,30,65,0,0,0,0,0,0,0,0,-32305,0,0,0,0,0,284823,0
284830,-192,7542,1040,19,-59,228,12584,-3,-2,1,0,36915,128,30,65,0,0,0,0,0,0,0,0,-32305,0,0,0,0,0,284828,0
284835,-196,7528,1022,18,-35,224,12584,-1,0,1,0,36915,128,30,65,0,0,0,0,0,0,0,0,-32305,0,0,0,0,0,284833,0
284840,-192,7528,1038,25,-9,216,12584,-1,-1,1,0,36910,133,30,65,0,0,0,0,0,0,0,0,-32305,0,0,0,0,0,284838,0
284845,-166,7572,1018,25,8,209,12585,0,0,0,0,36910,133,30,65,0,0,0,0,0,0,0,0,-32305,0,0,0,0,0,284843,0
284850,-156,7628,1004,23,20,205,12585,9,1,0,0,36910,135,30,65,0,0,0,0,0,0,0,0,-32305,0,0,0,0,0,284847,0
284855,-130,7682,1016,26,37,203,12584,0,1,0,0,36910,135,30,65,0,0,0,0,0,0,0,0,-32305,0,0,0,0,0,284852,0
284860,-144,7750,988,34,68,198,12585,5,1,1,0,36911,134,30,65,0,0,0,0,0,0,0,0,-32305,0,0,0,0,0,284857,0
284865,-114,7784,1012,34,78,197,12584,0,2,1,0,36911,134,30,65,0,0,0,0,0,0,0,0,-32305,0,0,0,0,0,284862,0
284870,-168,7816,988,36,89,200,12585,-1,3,0,0,36914,129,30,65,0,0,0,0,0,0,0,0,-32305,0,0,0,0,0,284867,0
284875,-168,7916,994,38,100,197,12584,-1,-5,1,0,36914,129,30,65,0,0,0,0,0,0,0,0,-32305,0,0,0,0,0,284872,0
284880,-168,8036,946,47,110,197,12585,-3,-2,0,0,36916,131,30,65,0,0,0,0,0,0,0,0,-32305,0,0,0,0,0,284877,0
284885,-152,8072,928,43,118,200,12584,2,-4,1,0,36916,131,30,65,0,0,0,0,0,0,0,0,-32305,0,0,0,0,0,284882,0
284890,-130,8094,940,51,123,200,12584,-2,0,1,0,36917,136,30,65,0,0,0,0,0,0,0,0,-32305,0,0,0,0,0,284887,0
284895,-116,8118,926,57,138,202,12584,3,-1,0,0,36917,136,30,65,0,0,0,0,0,0,0,0,-32305,0,0,0,0,0,284892,0
284900,-112,8122,938,69,158,206,12584,2,0,0,0,36920,144,30,65,0,0,0,0,0,0,0,0,-32305,0,0,0,0,0,284897,0
284905,-102,8162,926,73,166,210,12584,-5,1,0,0,36920,144,30,65,0,0,0,0,0,0,0,0,-32305,0,0,0,0,0,284902,0
284910,-82,8200,944,79,164,209,12584,-1,0,1,0,36921,155,30,65,0,0,0,0,0,0,0,0,-32306,0,0,0,0,0,284907,0
284915,-72,8224,910,86,179,211,12583,-4,0,0,0,36921,155,30,65,0,0,0,0,0,0,0,0,-32305,0,0,0,0,0,284912,0
284920,-110,8234,922,105,205,214,12585,3,0,0,0,36922,152,30,65,0,0,0,0,0,0,0,0,-32305,0,0,0,0,0,284917,0
284925,-124,8228,940,113,218,209,12585,-4,-1,1,0,36922,152,30,65,0,0,0,0,0,0,0,0,-32306,0,0,0,0,0,284922,0
284930,-120,8216,912,112,227,212,12583,-5,5,1,0,36924,152,30,65,0,0,0,0,0,0,0,0,-32305,0,0,0,0,0,284927,0
284935,-100,8200,882,126,239,214,12585,-1,0,1,0,36924,152,30,65,0,0,0,0,0,0,0,0,-32305,0,0,0,0,0,284932,0
284940,-156,8204,908,141,254,208,12585,0,-3,1,0,36920,141,30,65,0,0,0,0,0,0,0,0,-32306,0,0,0,0,0,284937,0
284945,-180,8238,902,150,270,215,12584,-2,1,2,0,36920,141,30,65,0,0,0,0,0,0,0,0,-32305,0,0,0,0,0,284942,0
284950,-196,8246,884,154,270,214,12584,-4,-1,0,0,36920,141,30,65,0,0,0,0,0,0,0,0,-32305,0,0,0,0,0,284947,0
284955,-216,8250,904,159,288,210,12584,-5,-2,1,0,36920,141,30,65,0,0,0,0,0,0,0,0,-32305,0,0,0,0,0,284952,0
284960,-240,8320,922,172,294,212,12585,1,2,0,0,36918,138,30,65,0,0,0,0,0,0,0,0,-32305,0,0,0,0,0,284957,0
284965,-216,8312,924,182,298,208,12584,1,4,0,0,36918,138,30,65,0,0,0,0,0,0,0,0,-32305,0,0,0,0,0,284962,0
284970,-248,8342,932,182,309,210,12584,5,1,2,0,36918,134,30,65,0,0,0,0,0,0,0,0,-32305,0,0,0,0,0,284967,0
284975,-256,8372,916,195,309,206,12585,1,0,0,0,36918,134,30,65,0,0,0,0,0,0,0,0,-32305,0,0,0,0,0,284972,0
284980,-294,8386,950,204,314,213,12585,1,0,1,0,36916,133,30,65,0,0,0,0,0,0,0,0,-32305,0,0,0,0,0,284977,0
284985,-290,8410,932,213,316,209,12585,2,-1,1,0,36916,133,30,65,0,0,0,0,0,0,0,0,-32305,0,0,0,0,0,284982,0
284990,-338,8402,956,220,314,215,12585,-4,-2,0,0,36914,130,30,65,0,0,0,0,0,0,0,0,-32305,0,0,0,0,0,284987,0
284995,-330,8406,984,230,310,210,12583,-4,-5,0,0,36914,130,30,65,0,0,0,0,0,0,0,0,-32305,0,0,0,0,0,284992,0
285000,-348,8328,990,236,306,211,12584,-2,2,-1,0,36914,132,30,65,0,0,0,0,0,0,0,0,-32305,0,0,0,0,0,284997,0
285005,-364,8302,1000,245,303,201,12583,-11,-4,0,0,36914,132,30,65,0,0,0,0,0,0,0,0,-32305,0,0,0,0,0,285002,0
285010,-398,8280,1006,250,299,204,12585,1,3,0,0,36924,133,30,65,0,0,0,0,0,0,0,0,-32305,0,0,0,0,0,285007,0
285015,-378,8260,986,257,299,196,12584,-1,-1,0,0,36924,133,30,65,0,0,0,0,0,0,0,0,-32305,0,0,0,0,0,285012,0
285020,-432,8180,1032,272,301,186,12583,-5,1,0,0,36926,135,30,65,0,0,0,0,0,0,0,0,-32305,0,0,0,0,0,285017,0
285025,-428,8142,1048,279,294,183,12585,3,-1,1,0,36926,135,30,65,0,0,0,0,0,0,0,0,-32305,0,0,0,0,0,285022,0
285030,-456,8122,1070,282,297,173,12584,3,3,1,0,36927,135,30,65,0,0,0,0,0,0,0,0,-32305,0,0,0,0,0,285027,0
285035,-424,8098,1076,285,296,162,12584,-3,3,0,0,36927,135,30,65,0,0,0,0,0,0,0,0,-32305,0,0,0,0,0,285032,0
285040,-486,8040,1122,295,297,142,12585,3,-1,0,0,36922,135,30,65,0,0,0,0,0,0,0,0,-32305,0,0,0,0,0,285037,0
285045,-476,8000,1130,297,303,132,12585,0,-1,2,0,36922,135,30,65,0,0,0,0,0,0,0,0,-32305,0,0,0,0,0,285042,0
285050,-474,7994,1148,300,305,122,12584,0,1,0,0,36916,131,30,65,0,0,0,0,0,0,0,0,-32306,0,0,0,0,0,285047,0
285055,-504,8026,1152,302,308,112,12584,3,-1,0,0,36916,131,30,65,0,0,0,0,0,0,0,0,-32306,0,0,0,0,0,285052,0
285060,-510,8008,1184,301,314,88,12584,-5,-3,1,0,36916,128,30,65,0,0,0,0,0,0,0,0,-32305,0,0,0,0,0,285057,0
285065,-526,8020,1218,297,313,75,12584,-5,-1,1,0,36916,128,30,65,0,0,0,0,0,0,0,0,-32305,0,0,0,0,0,285062,0
285070,-524,8030,1236,296,323,64,12585,-3,0,1,0,36917,133,30,65,0,0,0,0,0,0,0,0,-32306,0,0,0,0,0,285067,0
285075,-498,8020,1230,288,319,54,12585,1,5,1,0,36917,133,30,65,0,0,0,0,0,0,0,0,-32305,0,0,0,0,0,285072,0
285080,-510,8002,1276,275,321,33,12584,1,0,1,0,36918,140,30,65,0,0,0,0,0,0,0,0,-32305,0,0,0,0,0,285077,0
285085,-512,7992,1300,270,319,22,12584,0,-2,0,0,36918,140,30,65,0,0,0,0,0,0,0,0,-32305,0,0,0,0,0,285082,0
285090,-474,8026,1286,256,318,15,12584,-2,1,1,0,36918,143,30,65,0,0,0,0,0,0,0,0,-32306,0,0,0,0,0,285087,0
285095,-448,7982,1298,250,314,10,12584,-1,3,0,0,36918,143,30,65,0,0,0,0,0,0,0,0,-32305,0,0,0,0,0,285093,0
285100,-450,7960,1338,235,310,-9,12585,0,2,0,0,36916,140,30,65,0,0,0,0,0,0,0,0,-32305,0,0,0,0,0,285098,0
285105,-406,7996,1334,215,306,-16,12584,-2,1,1,0,36916,140,30,65,0,0,0,0,0,0,0,0,-32305,0,0,0,0,0,285103,0
285110,-402,7988,1334,212,294,-15,12584,-6,0,0,0,36915,136,30,65,0,0,0,0,0,0,0,0,-32305,0,0,0,0,0,285108,0
285115,-384,8006,1326,201,292,-20,12584,1,1,0,0,36915,136,30,65,0,0,0,0,0,0,0,0,-32305,0,0,0,0,0,285113,0
285120,-344,8024,1338,182,289,-24,12585,1,2,0,0,36917,145,30,65,0,0,0,0,0,0,0,0,-32305,0,0,0,0,0,285118,0
285125,-334,8014,1326,178,278,-31,12586,0,0,2,0,36917,145,30,65,0,0,0,0,0,0,0,0,-32305,0,0,0,0,0,285123,0
285130,-320,8020,1302,173,278,-29,12585,3,5,2,0,36918,147,30,65,0,0,0,0,0,0,0,0,-32305,0,0,0,0,0,285128,0
285135,-338,8082,1296,165,263,-31,12585,0,2,1,0,36918,147,30,65,0,0,0,0,0,0,0,0,-32305,0,0,0,0,0,285133,0
285140,-340,8102,1310,158,251,-32,12584,0,-4,0,0,36917,135,30,65,0,0,0,0,0,0,0,0,-32305,0,0,0,0,0,285138,0
285145,-302,8112,1258,152,239,-35,12584,0,-1,0,0,36917,135,30,65,0,0,0,0,0,0,0,0,-32305,0,0,0,0,0,285143,0
285150,-328,8116,1304,148,229,-31,12585,0,0,0,0,36915,133,30,65,0,0,0,0,0,0,0,0,-32305,0,0,0,0,0,285148,0
285155,-310,8118,1270,145,217,-31,12585,4,2,0,0,36915,133,30,65,0,0,0,0,0,0,0,0,-32305,0,0,0,0,0,285153,0
285160,-330,8096,1274,146,194,-30,12584,-2,1,2,0,36918,135,30,65,0,0,0,0,0,0,0,0,-32305,0,0,0,0,0,285158,0
285165,-346,8102,1266,141,183,-37,12584,-7,-3,0,0,36918,135,30,65,0,0,0,0,0,0,0,0,-32305,0,0,0,0,0,285163,0
285170,-348,8068,1280,136,170,-33,12584,-1,-3,0,0,36922,132,30,65,0,0,0,0,0,0,0,0,-32305,0,0,0,0,0,285168,0
285175,-332,8028,1286,143,158,-36,12584,0,-1,0,0,36922,132,30,65,0,0,0,0,0,0,0,0,-32305,0,0,0,0,0,285173,0
285180,-330,8012,1280,139,135,-39,12584,-1,-1,0,0,36922,132,30,65,0,0,0,0,0,0,0,0,-32305,0,0,0,0,0,285178,0
285185,-314,7976,1274,141,124,-44,12585,0,-1,0,0,36922,132,30,65,0,0,0,0,0,0,0,0,-32305,0,0,0,0,0,285184,0
285190,-328,7968,1264,141,118,-45,12585,-5,-1,0,0,36918,127,30,65,0,0,0,0,0,0,0,0,-32305,0,0,0,0,0,285189,0
285195,-308,7954,1272,139,111,-52,12584,-7,-2,0,0,36918,127,30,65,0,0,0,0,0,0,0,0,-32306,0,0,0,0,0,285195,0
285200,-312,7966,1274,133,104,-61,12585,1,-4,0,0,36916,133,30,65,0,0,0,0,0,0,0,0,-32305,0,0,0,0,0,285200,0
285205,-310,7978,1280,131,93,-64,12585,-1,1,0,0,36916,133,30,65,0,0,0,0,0,0,0,0,-32305,0,0,0,0,0,285205,0
285210,-340,7998,1286,130,96,-71,12585,3,2,1,0,36913,128,30,65,0,0,0,0,0,0,0,0,-32305,0,0,0,0,0,285210,0
285215,-336,8004,1284,128,94,-76,12584,-1,0,1,0,36913,128,30,65,0,0,0,0,0,0,0,0,-32306,0,0,0,0,0,285216,0
285220,-328,8084,1274,117,94,-84,12585,0,1,1,0,36913,127,30,65,0,0,0,0,0,0,0,0,-32305,0,0,0,0,0,285221,0
285225,-342,8088,1274,111,99,-89,12584,1,-1,0,0,36913,127,30,65,0,0,0,0,0,0,0,0,-32305,0,0,0,0,0,285226,0
285230,-330,8100,1282,101,97,-96,12585,-5,-1,0,0,36917,138,30,65,0,0,0,0,0,0,0,0,-32305,0,0,0,0,0,285232,0
285235,-314,8138,1288,92,99,-107,12584,3,1,0,0,36917,138,30,65,0,0,0,0,0,0,0,0,-32305,0,0,0,0,0,285237,0
285240,-306,8178,1284,82,104,-117,12585,-1,-2,0,0,36916,138,30,65,0,0,0,0,0,0,0,0,-32305,0,0,0,0,0,285242,0
285245,-264,8148,1262,80,104,-120,12584,-3,-2,0,0,36916,138,30,65,0,0,0,0,0,0,0,0,-32305,0,0,0,0,0,285248,0
285250,-280,8130,1260,61,110,-124,12585,0,4,0,0,36915,136,30,65,0,0,0,0,0,0,0,0,-32306,0,0,0,0,0,285253,0
285255,-260,8114,1272,56,108,-125,12585,-2,1,0,0,36915,136,30,65,0,0,0,0,0,0,0,0,-32305,0,0,0,0,0,285259,0
285260,-258,8080,1260,35,109,-136,12585,0,-4,0,0,36911,136,30,65,0,0,0,0,0,0,0,0,-32305,0,0,0,0,0,285265,0
285265,-230,8078,1264,31,112,-138,12584,-4,-1,0,0,36911,136,30,65,0,0,0,0,0,0,0,0,-32305,0,0,0,0,0,285270,0
285270,-212,8068,1218,25,108,-138,12585,0,2,1,0,36912,140,30,65,0,0,0,0,0,0,0,0,-32305,0,0,0,0,0,285275,0
285275,-218,8050,1230,22,104,-137,12584,1,-4,1,0,36912,140,30,65,0,0,0,0,0,0,0,0,-32305,0,0,0,0,0,285281,0
285280,-202,7990,1200,17,94,-146,12584,2,3,0,0,36913,143,30,65,0,0,0,0,0,0,0,0,-32305,0,0,0,0,0,285285,0
285285,-214,7924,1192,15,83,-143,12584,-2,1,1,0,36913,143,30,65,0,0,0,0,0,0,0,0,-32305,0,0,0,0,0,285291,0
285290,-180,7944,1170,9,79,-144,12584,-5,-1,1,0,36913,139,30,65,0,0,0,0,0,0,0,0,-32305,0,0,0,0,0,285296,0
285295,-178,7946,1154,14,75,-143,12585,1,3,0,0,36913,139,30,65,0,0,0,0,0,0,0,0,-32305,0,0,0,0,0,285302,0
285300,-172,7914,1136,16,56,-146,12584,0,-3,0,0,36914,140,30,65,0,0,0,0,0,0,0,0,-32305,0,0,0,0,0,285307,0
285305,-172,7904,1140,15,46,-142,12584,2,-3,0,0,36914,140,30,65,0,0,0,0,0,0,0,0,-32305,0,0,0,0,0,285312,0
285310,-154,7880,1144,23,39,-147,12585,6,0,1,0,36914,143,30,65,0,0,0,0,0,0,0,0,-32305,0,0,0,0,0,285317,0
285315,-150,7890,1134,21,25,-140,12586,3,2,0,0,36914,143,30,65,0,0,0,0,0,0,0,0,-32306,0,0,0,0,0,285323,0
285320,-138,7896,1114,25,6,-137,12585,-1,4,0,0,36913,141,30,65,0,0,0,0,0,0,0,0,-32305,0,0,0,0,0,285328,0
285325,-134,7914,1150,30,-12,-136,12584,0,-2,0,0,36913,141,30,65,0,0,0,0,0,0,0,0,-32305,0,0,0,0,0,285333,0
285330,-134,7888,1132,38,-25,-133,12585,-1,-2,0,0,36913,142,30,65,0,0,0,0,0,0,0,0,-32305,0,0,0,0,0,285338,0
285335,-130,7904,1126,34,-42,-130,12585,0,4,1,0,36913,142,30,65,0,0,0,0,0,0,0,0,-32305,0,0,0,0,0,285344,0
285340,-122,7922,1144,40,-66,-126,12585,5,0,0,0,36912,141,30,65,0,0,0,0,0,0,0,0,-32306,0,0,0,0,0,285349,0
285345,-102,7924,1148,37,-79,-119,12584,0,-2,0,0,36912,141,30,65,0,0,0,0,0,0,0,0,-32305,0,0,0,0,0,285354,0
285350,-90,7926,1164,45,-96,-117,12584,-4,-1,0,0,36913,141,30,65,0,0,0,0,0,0,0,0,-32305,0,0,0,0,0,285360,0
285355,-78,7952,1142,45,-112,-112,12583,-13,0,1,0,36913,141,30,65,0,0,0,0,0,0,0,0,-32305,0,0,0,0,0,285365,0
285360,-76,7968,1200,46,-135,-108,12584,-5,-4,0,0,36911,128,30,65,0,0,0,0,0,0,0,0,-32305,0,0,0,0,0,285370,0
285365,-32,8014,1202,41,-153,-106,12585,-4,-1,0,0,36911,128,30,65,0,0,0,0,0,0,0,0,-32305,0,0,0,0,0,285376,0
285370,-44,8046,1216,41,-164,-105,12585,5,-1,0,0,36911,124,30,65,0,0,0,0,0,0,0,0,-32305,0,0,0,0,0,285381,0
285375,-16,8082,1238,36,-175,-96,12584,1,-3,0,0,36911,124,30,65,0,0,0,0,0,0,0,0,-32305,0,0,0,0,0,285386,0
285380,-14,8110,1218,24,-196,-91,12584,-1,0,0,0,36913,134,30,65,0,0,0,0,0,0,0,0,-32305,0,0,0,0,0,285392,0
285385,-18,8162,1258,20,-208,-83,12584,-5,1,0,0,36913,134,30,65,0,0,0,0,0,0,0,0,-32305,0,0,0,0,0,285397,0
285390,10,8184,1250,10,-211,-83,12585,-1,4,0,0,36914,137,30,65,0,0,0,0,0,0,0,0,-32305,0,0,0,0,0,285402,0
285395,16,8200,1246,4,-221,-77,12585,3,-1,0,0,36914,137,30,65,0,0,0,0,0,0,0,0,-32305,0,0,0,0,0,285408,0
285400,32,8242,1256,-17,-238,-69,12585,0,-1,0,0,36911,141,30,65,0,0,0,0,0,0,0,0,-32306,0,0,0,0,0,285413,0
285405,24,8254,1236,-17,-242,-66,12585,0,1,2,0,36911,141,30,65,0,0,0,0,0,0,0,0,-32305,0,0,0,0,0,285418,0
285410,18,8276,1242,-23,-250,-63,12584,-2,0,2,0,36913,143,30,65,0,0,0,0,0,0,0,0,-32305,0,0,0,0,0,285424,0
285415,42,8250,1216,-31,-256,-56,12584,-5,-2,2,0,36913,143,30,65,0,0,0,0,0,0,0,0,-32306,0,0,0,0,0,285429,0
285420,38,8230,1212,-47,-267,-46,12584,-2,0,0,0,36917,144,30,65,0,0,0,0,0,0,0,0,-32305,0,0,0,0,0,285434,0
285425,64,8254,1200,-50,-268,-42,12585,0,0,0,0,36917,144,30,65,0,0,0,0,0,0,0,0,-32305,0,0,0,0,0,285440,0
285430,56,8220,1186,-56,-272,-38,12585,0,1,2,0,36918,147,30,65,0,0,0,0,0,0,0,0,-32305,0,0,0,0,0,285445,0
285435,52,8198,1172,-58,-277,-33,12585,3,0,0,0,36918,147,30,65,0,0,0,0,0,0,0,0,-32305,0,0,0,0,0,285450,0
285440,76,8188,1144,-65,-277,-28,12584,0,1,0,0,36916,146,30,65,0,0,0,0,0,0,0,0,-32305,0,0,0,0,0,285456,0
285445,38,8198,1146,-69,-279,-24,12585,0,2,0,0,36916,146,30,65,0,0,0,0,0,0,0,0,-32305,0,0,0,0,0,285461,0
285450,40,8180,1128,-70,-276,-19,12585,2,1,0,0,36912,142,30,65,0,0,0,0,0,0,0,0,-32305,0,0,0,0,0,285466,0
285455,50,8170,1106,-69,-279,-14,12584,0,-2,1,0,36912,142,30,65,0,0,0,0,0,0,0,0,-32305,0,0,0,0,0,285471,0
285460,52,8112,1078,-65,-284,-6,12585,-1,1,1,0,36912,141,30,65,0,0,0,0,0,0,0,0,-32305,0,0,0,0,0,285477,0
285465,66,8114,1068,-67,-280,-2,12584,0,-3,2,0,36912,141,30,65,0,0,0,0,0,0,0,0,-32305,0,0,0,0,0,285482,0
285470,62,8090,1058,-69,-280,-1,12584,0,0,0,0,36913,136,30,65,0,0,0,0,0,0,0,0,-32306,0,0,0,0,0,285487,0
285475,64,8072,1056,-54,-281,8,12585,3,-1,0,0,36913,136,30,65,0,0,0,0,0,0,0,0,-32305,0,0,0,0,0,285493,0
285480,68,8072,1058,-54,-280,13,12585,0,-2,1,0,36913,133,30,65,0,0,0,0,0,0,0,0,-32305,0,0,0,0,0,285499,0
285485,48,8062,1032,-52,-275,10,12585,1,1,0,0,36913,133,30,65,0,0,0,0,0,0,0,0,-32305,0,0,0,0,0,285504,0
285490,58,8058,1024,-46,-272,22,12585,0,-2,1,0,36912,130,30,65,0,0,0,0,0,0,0,0,-32306,0,0,0,0,0,285509,0
285495,32,8048,1010,-45,-274,23,12585,2,-3,0,0,36912,130,30,65,0,0,0,0,0,0,0,0,-32305,0,0,0,0,0,285515,0
285500,72,8022,1024,-34,-275,32,12584,1,-2,0,0,36912,127,30,65,0,0,0,0,0,0,0,0,-32305,0,0,0,0,0,285520,0
285505,60,8010,1018,-30,-271,41,12585,-2,-2,0,0,36912,127,30,65,0,0,0,0,0,0,0,0,-32305,0,0,0,0,0,285525,0
285510,82,8006,1032,-21,-267,43,12585,2,-3,0,0,36913,128,30,65,0,0,0,0,0,0,0,0,-32305,0,0,0,0,0,285531,0
285515,66,8008,1028,-20,-262,50,12585,0,-3,0,0,36913,128,30,65,0,0,0,0,0,0,0,0,-32305,0,0,0,0,0,285536,0
285520,62,8004,1050,-4,-255,58,12585,0,-5,0,0,36914,131,30,65,0,0,0,0,0,0,0,0,-32305,0,0,0,0,0,285542,0
285525,32,8058,1038,1,-252,64,12585,0,0,1,0,36914,131,30,65,0,0,0,0,0,0,0,0,-32305,0,0,0,0,0,285546,0
285530,54,8080,1074,4,-244,68,12585,7,-1,1,0,36915,142,30,65,0,0,0,0,0,0,0,0,-32305,0,0,0,0,0,285551,0
285535,30,8106,1068,13,-235,69,12584,-2,3,2,0,36915,142,30,65,0,0,0,0,0,0,0,0,-32306,0,0,0,0,0,285557,0
285540,8,8060,1076,17,-223,74,12584,0,-2,2,0,36919,145,30,65,0,0,0,0,0,0,0,0,-32305,0,0,0,0,0,285563,0
285545,-26,8072,1100,21,-219,74,12584,0,3,1,0,36919,145,30,65,0,0,0,0,0,0,0,0,-32305,0,0,0,0,0,285568,0
285550,4,8068,1108,20,-215,75,12584,-3,1,0,0,36918,146,30,65,0,0,0,0,0,0,0,0,-32305,0,0,0,0,0,285573,0
285555,-18,8030,1104,22,-211,74,12584,1,0,0,0,36918,146,30,65,0,0,0,0,0,0,0,0,-32305,0,0,0,0,0,285578,0
285560,-14,8064,1130,21,-191,73,12585,4,-1,0,0,36916,141,30,65,0,0,0,0,0,0,0,0,-32305,0,0,0,0,0,285584,0
285565,-14,8052,1136,12,-185,72,12583,-4,2,0,0,36916,141,30,65,0,0,0,0,0,0,0,0,-32306,0,0,0,0,0,285589,0
285570,-18,8100,1138,21,-179,71,12584,-5,-1,0,0,36913,139,30,65,0,0,0,0,0,0,0,0,-32305,0,0,0,0,0,285594,0
285575,-42,8128,1140,12,-175,72,12585,3,1,0,0,36913,139,30,65,0,0,0,0,0,0,0,0,-32305,0,0,0,0,0,285600,0
285580,-66,8138,1150,6,-157,76,12584,-4,2,1,0,36914,141,30,65,0,0,0,0,0,0,0,0,-32305,0,0,0,0,0,285605,0
285585,-42,8132,1150,-4,-158,75,12584,-3,-1,1,0,36914,141,30,65,0,0,0,0,0,0,0,0,-32305,0,0,0,0,0,285610,0
285590,-68,8170,1150,-2,-148,70,12584,-2,1,0,0,36914,144,30,65,0,0,0,0,0,0,0,0,-32305,0,0,0,0,0,285616,0
285595,-68,8198,1158,-3,-139,75,12585,5,2,0,0,36914,144,30,65,0,0,0,0,0,0,0,0,-32305,0,0,0,0,0,285621,0
285600,-86,8172,1164,-11,-127,75,12585,0,-2,0,0,36913,146,30,65,0,0,0,0,0,0,0,0,-32305,0,0,0,0,0,285627,0
285605,-78,8128,1156,-8,-119,66,12584,-4,1,0,0,36913,146,30,65,0,0,0,0,0,0,0,0,-32305,0,0,0,0,0,285632,0
285610,-98,8130,1134,-12,-110,67,12585,0,-1,0,0,36914,144,30,65,0,0,0,0,0,0,0,0,-32305,0,0,0,0,0,285637,0
285615,-80,8076,1140,-12,-106,71,12585,5,-3,1,0,36914,144,30,65,0,0,0,0,0,0,0,0,-32305,0,0,0,0,0,285642,0
285620,-66,8058,1150,-13,-94,66,12585,1,0,0,0,36913,136,30,65,0,0,0,0,0,0,0,0,-32305,0,0,0,0,0,285648,0
285625,-52,8016,1148,-14,-92,62,12584,-3,-2,0,0,36913,136,30,65,0,0,0,0,0,0,0,0,-32305,0,0,0,0,0,285652,0
285630,-56,8010,1140,-10,-87,62,12584,-3,-1,1,0,36913,130,30,65,0,0,0,0,0,0,0,0,-32305,0,0,0,0,0,285658,0
285635,-58,8014,1122,-8,-76,61,12584,-3,2,1,0,36913,130,30,65,0,0,0,0,0,0,0,0,-32305,0,0,0,0,0,285664,0
285640,-68,7988,1118,-9,-76,54,12585,-4,0,-2,0,36917,141,30,65,0,0,0,0,0,0,0,0,-32305,0,0,0,0,0,285669,0
285645,-86,7984,1106,-1,-68,56,12584,1,0,-1,0,36917,141,30,65,0,0,0,0,0,0,0,0,-32305,0,0,0,0,0,285674,0
285650,-88,8022,1102,-2,-67,62,12584,-4,1,0,0,36915,148,30,65,0,0,0,0,0,0,0,0,-32305,0,0,0,0,0,285679,0
285655,-90,7998,1104,4,-61,50,12585,-1,-1,2,0,36915,148,30,65,0,0,0,0,0,0,0,0,-32305,0,0,0,0,0,285684,0
285660,-124,7998,1144,17,-49,47,12584,-3,3,3,0,36917,144,30,65,0,0,0,0,0,0,0,0,-32305,0,0,0,0,0,285690,0
285665,-152,8030,1132,17,-49,48,12584,-7,4,2,0,36917,144,30,65,0,0,0,0,0,0,0,0,-32306,0,0,0,0,0,285695,0
285670,-112,8010,1156,22,-43,47,12585,-3,-3,1,0,36919,133,30,65,0,0,0,0,0,0,0,0,-32305,0,0,0,0,0,285700,0
285675,-150,8028,1144,24,-47,41,12585,5,1,1,0,36919,133,30,65,0,0,0,0,0,0,0,0,-32305,0,0,0,0,0,285706,0
285680,-168,8014,1192,32,-39,33,12585,0,0,0,0,36917,123,30,65,0,0,0,0,0,0,0,0,-32305,0,0,0,0,0,285711,0
285685,-200,8034,1198,29,-48,35,12584,-3,-1,0,0,36917,123,30,65,0,0,0,0,0,0,0,0,-32305,0,0,0,0,0,285716,0
285690,-188,7994,1198,28,-48,32,12584,0,2,0,0,36916,128,30,65,0,0,0,0,0,0,0,0,-32305,0,0,0,0,0,285722,0
285695,-208,7992,1210,29,-53,24,12585,5,1,0,0,36916,128,30,65,0,0,0,0,0,0,0,0,-32305,0,0,0,0,0,285727,0
285700,-222,7996,1232,17,-60,21,12584,-2,1,1,0,36911,133,30,65,0,0,0,0,0,0,0,0,-32305,0,0,0,0,0,285732,0
285705,-218,8032,1256,8,-63,12,12585,0,-1,0,0,36911,133,30,65,0,0,0,0,0,0,0,0,-32305,0,0,0,0,0,285737,0
285710,-192,8040,1278,4,-71,6,12585,0,-4,0,0,36911,134,30,65,0,0,0,0,0,0,0,0,-32305,0,0,0,0,0,285743,0
285715,-230,8000,1292,2,-67,3,12585,0,-2,0,0,36911,134,30,65,0,0,0,0,0,0,0,0,-32305,0,0,0,0,0,285748,0
285720,-196,8050,1302,-10,-67,-3,12584,0,-1,0,0,36911,133,30,65,0,0,0,0,0,0,0,0,-32305,0,0,0,0,0,285753,0
285725,-224,8042,1306,-18,-69,-16,12584,-2,-1,0,0,36911,133,30,65,0,0,0,0,0,0,0,0,-32305,0,0,0,0,0,285759,0
285730,-216,8036,1290,-25,-60,-16,12584,0,1,0,0,36912,134,30,65,0,0,0,0,0,0,0,0,-32305,0,0,0,0,0,285764,0
285735,-240,8050,1294,-25,-56,-20,12584,-5,-2,1,0,36912,134,30,65,0,0,0,0,0,0,0,0,-32305,0,0,0,0,0,285769,0
285740,-212,8052,1280,-38,-58,-28,12585,0,0,1,0,36911,139,30,65,0,0,0,0,0,0,0,0,-32305,0,0,0,0,0,285775,0
285745,-200,8046,1294,-35,-53,-35,12584,0,1,1,0,36911,139,30,65,0,0,0,0,0,0,0,0,-32305,0,0,0,0,0,285780,0
285750,-214,8064,1266,-38,-52,-41,12585,-1,2,0,0,36917,134,30,65,0,0,0,0,0,0,0,0,-32305,0,0,0,0,0,285785,0
285755,-198,8054,1264,-38,-44,-49,12585,0,-3,1,0,36917,134,30,65,0,0,0,0,0,0,0,0,-32305,0,0,0,0,0,285791,0
285760,-184,8074,1248,-39,-38,-53,12584,0,0,2,0,36917,130,30,65,0,0,0,0,0,0,0,0,-32305,0,0,0,0,0,285796,0
285765,-188,8042,1222,-38,-36,-61,12584,0,0,1,0,36917,130,30,65,0,0,0,0,0,0,0,0,-32305,0,0,0,0,0,285801,0
285770,-188,8042,1196,-30,-39,-60,12585,6,0,2,0,36917,142,30,65,0,0,0,0,0,0,0,0,-32306,0,0,0,0,0,285807,0
285775,-144,8046,1214,-29,-32,-64,12584,1,5,0,0,36917,142,30,65,0,0,0,0,0,0,0,0,-32305,0,0,0,0,0,285812,0
285780,-174,8028,1188,-26,-31,-72,12584,-6,-1,0,0,36914,140,30,65,0,0,0,0,0,0,0,0,-32306,0,0,0,0,0,285818,0
285785,-166,8012,1188,-21,-26,-72,12584,-1,-3,0,0,36914,140,30,65,0,0,0,0,0,0,0,0,-32305,0,0,0,0,0,285823,0
285790,-152,8030,1174,-20,-31,-72,12585,3,1,1,0,36910,145,30,65,0,0,0,0,0,0,0,0,-32305,0,0,0,0,0,285828,0
285795,-140,8004,1178,-13,-24,-79,12585,1,0,1,0,36910,145,30,65,0,0,0,0,0,0,0,0,-32305,0,0,0,0,0,285834,0
285800,-158,8020,1164,-6,-25,-77,12585,-1,-5,1,0,36910,139,30,65,0,0,0,0,0,0,0,0,-32305,0,0,0,0,0,285839,0
285805,-140,8006,1176,-7,-24,-77,12585,5,0,0,0,36910,139,30,65,0,0,0,0,0,0,0,0,-32305,0,0,0,0,0,285844,0
285810,-122,8026,1138,-6,-27,-77,12585,3,0,0,0,36910,136,30,65,0,0,0,0,0,0,0,0,-32306,0,0,0,0,0,285850,0
285815,-140,7990,1164,3,-21,-79,12586,2,0,0,0,36910,136,30,65,0,0,0,0,0,0,0,0,-32305,0,0,0,0,0,285855,0
285820,-100,7984,1152,3,-15,-75,12585,-1,-4,0,0,36911,140,30,65,0,0,0,0,0,0,0,0,-32305,0,0,0,0,0,285860,0
285825,-74,8014,1174,16,-10,-82,12585,3,1,0,0,36911,140,30,65,0,0,0,0,0,0,0,0,-32305,0,0,0,0,0,285865,0
285830,-84,8024,1204,4,-8,-75,12584,2,-5,1,0,36911,144,30,65,0,0,0,0,0,0,0,0,-32305,0,0,0,0,0,285871,0
285835,-84,7994,1176,16,-4,-78,12585,-3,-1,0,0,36911,144,30,65,0,0,0,0,0,0,0,0,-32305,0,0,0,0,0,285876,0
285840,-54,8002,1196,6,3,-72,12585,0,0,0,0,36911,142,30,65,0,0,0,0,0,0,0,0,-32305,0,0,0,0,0,285881,0
285845,-78,7990,1198,11,5,-66,12585,-1,2,0,0,36911,142,30,65,0,0,0,0,0,0,0,0,-32305,0,0,0,0,0,285887,0
285850,-66,7994,1194,11,1,-60,12585,2,-1,1,0,36912,133,30,65,0,0,0,0,0,0,0,0,-32305,0,0,0,0,0,285892,0
285855,-66,7994,1212,13,6,-59,12584,0,-1,1,0,36912,133,30,65,0,0,0,0,0,0,0,0,-32305,0,0,0,0,0,285897,0
285860,-38,8026,1202,11,7,-50,12585,0,2,0,0,36913,132,30,65,0,0,0,0,0,0,0,0,-32305,0,0,0,0,0,285903,0
285865,-34,8008,1216,14,7,-47,12585,0,-1,0,0,36913,132,30,65,0,0,0,0,0,0,0,0,-32305,0,0,0,0,0,285908,0
285870,-44,8006,1196,9,9,-38,12583,0,6,0,0,36912,129,30,65,0,0,0,0,0,0,0,0,-32305,0,0,0,0,0,285913,0
285875,-34,8028,1198,8,15,-34,12584,-4,-1,0,0,36912,129,30,65,0,0,0,0,0,0,0,0,-32305,0,0,0,0,0,285919,0
285880,-46,8054,1198,10,17,-21,12585,0,0,0,0,36911,136,30,65,0,0,0,0,0,0,0,0,-32305,0,0,0,0,0,285924,0
285885,-70,8054,1212,14,13,-16,12584,1,3,0,0,36911,136,30,65,0,0,0,0,0,0,0,0,-32305,0,0,0,0,0,285929,0
285890,-30,8050,1204,12,16,-14,12585,4,1,2,0,36911,139,30,65,0,0,0,0,0,0,0,0,-32305,0,0,0,0,0,285935,0
285895,-96,8032,1218,18,23,-5,12584,-3,-5,1,0,36911,139,30,65,0,0,0,0,0,0,0,0,-32305,0,0,0,0,0,285940,0
285900,-88,8018,1212,23,23,-1,12584,4,4,1,0,36914,144,30,65,0,0,0,0,0,0,0,0,-32305,0,0,0,0,0,285945,0
285905,-90,7996,1212,30,25,4,12585,4,-1,0,0,36914,144,30,65,0,0,0,0,0,0,0,0,-32305,0,0,0,0,0,285951,0
285910,-108,8040,1190,26,25,7,12584,1,-1,0,0,36917,149,30,65,0,0,0,0,0,0,0,0,-32305,0,0,0,0,0,285956,0
285915,-100,8016,1224,35,22,6,12584,-3,-2,1,0,36917,149,30,65,0,0,0,0,0,0,0,0,-32305,0,0,0,0,0,285961,0
285920,-134,8030,1216,45,22,11,12585,3,-2,0,0,36916,142,30,65,0,0,0,0,0,0,0,0,-32305,0,0,0,0,0,285967,0
285925,-152,8028,1214,48,23,11,12583,-5,0,0,0,36916,142,30,65,0,0,0,0,0,0,0,0,-32305,0,0,0,0,0,285972,0
285930,-176,7998,1216,47,23,14,12584,-3,2,0,0,36914,136,30,65,0,0,0,0,0,0,0,0,-32305,0,0,0,0,0,285977,0
285935,-220,8022,1226,51,20,16,12586,0,-3,0,0,36914,136,30,65,0,0,0,0,0,0,0,0,-32305,0,0,0,0,0,285983,0
285940,-222,7962,1264,51,21,13,12584,3,5,0,0,36911,139,30,65,0,0,0,0,0,0,0,0,-32305,0,0,0,0,0,285988,0
285945,-228,7970,1262,50,16,15,12584,-4,-2,2,0,36911,139,30,65,0,0,0,0,0,0,0,0,-32305,0,0,0,0,0,285993,0
285950,-220,7954,1262,48,23,12,12584,0,-3,0,0,36908,144,30,65,0,0,0,0,0,0,0,0,-32305,0,0,0,0,0,285999,0
285955,-230,7932,1272,48,16,10,12585,0,4,0,0,36908,144,30,65,0,0,0,0,0,0,0,0,-32305,0,0,0,0,0,286004,0
285960,-250,7962,1280,44,15,7,12584,-3,5,0,0,36914,142,30,65,0,0,0,0,0,0,0,0,-32305,0,0,0,0,0,286009,0
285965,-266,7950,1314,41,11,12,12584,-3,-2,0,0,36914,142,30,65,0,0,0,0,0,0,0,0,-32305,0,0,0,0,0,286015,0
285970,-270,7974,1302,29,4,6,12585,0,1,0,0,36913,146,30,65,0,0,0,0,0,0,0,0,-32305,0,0,0,0,0,286020,0
285975,-298,7988,1300,24,16,10,12584,0,2,0,0,36913,146,30,65,0,0,0,0,0,0,0,0,-32305,0,0,0,0,0,286025,0
285980,-304,8034,1284,24,9,6,12584,-5,0,0,0,36913,139,30,65,0,0,0,0,0,0,0,0,-32306,0,0,0,0,0,286031,0
285985,-294,8046,1274,12,4,7,12585,-1,2,1,0,36913,139,30,65,0,0,0,0,0,0,0,0,-32305,0,0,0,0,0,286036,0
285990,-304,8032,1266,14,1,5,12585,5,1,1,0,36900,138,30,65,0,0,0,0,0,0,0,0,-32305,0,0,0,0,0,286041,0
285995,-330,8056,1236,6,3,5,12585,0,-1,1,0,36900,138,30,65,0,0,0,0,0,0,0,0,-32305,0,0,0,0,0,286047,0
286000,-316,8088,1248,-3,-2,3,12584,0,-4,1,0,36895,123,30,65,0,0,0,0,0,0,0,0,-32306,0,0,0,0,0,286052,0
286005,-320,8096,1258,-2,3,8,12584,0,1,0,0,36895,123,30,65,0,0,0,0,0,0,0,0,-32306,0,0,0,0,0,286057,0
286010,-318,8088,1224,-2,6,4,12585,2,1,0,0,36900,128,30,65,0,0,0,0,0,0,0,0,-32305,0,0,0,0,0,286062,0
286015,-330,8082,1206,0,5,8,12585,7,-2,0,0,36900,128,30,65,0,0,0,0,0,0,0,0,-32306,0,0,0,0,0,286068,0
286020,-316,7994,1186,2,9,3,12584,-2,0,0,0,36906,131,30,65,0,0,0,0,0,0,0,0,-32305,0,0,0,0,0,286073,0
286025,-340,7988,1192,4,4,-3,12585,-2,0,0,0,36906,131,30,65,0,0,0,0,0,0,0,0,-32305,0,0,0,0,0,286078,0
286030,-336,7972,1166,17,12,-5,12585,0,1,1,0,36910,133,30,65,0,0,0,0,0,0,0,0,-32305,0,0,0,0,0,286084,0
286035,-330,8008,1170,16,16,-3,12586,10,1,0,0,36910,133,30,65,0,0,0,0,0,0,0,0,-32305,0,0,0,0,0,286089,0
286040,-332,7958,1148,32,21,-14,12585,4,-5,0,0,36908,139,30,65,0,0,0,0,0,0,0,0,-32305,0,0,0,0,0,286094,0
286045,-358,7912,1150,46,24,-17,12585,1,1,0,0,36908,139,30,65,0,0,0,0,0,0,0,0,-32305,0,0,0,0,0,286100,0
286050,-362,7896,1132,53,21,-23,12585,3,-4,0,0,36910,140,30,65,0,0,0,0,0,0,0,0,-32305,0,0,0,0,0,286105,0
286055,-378,7886,1116,61,15,-26,12584,-5,-3,0,0,36910,140,30,65,0,0,0,0,0,0,0,0,-32305,0,0,0,0,0,286110,0
286060,-380,7850,1142,78,18,-37,12584,0,-2,1,0,36910,142,30,65,0,0,0,0,0,0,0,0,-32305,0,0,0,0,0,286116,0
286065,-360,7878,1110,84,16,-40,12585,-1,-3,2,0,36910,142,30,65,0,0,0,0,0,0,0,0,-32305,0,0,0,0,0,286121,0
286070,-382,7892,1132,89,11,-44,12585,2,-1,1,0,36913,145,30,65,0,0,0,0,0,0,0,0,-32305,0,0,0,0,0,286126,0
286075,-394,7930,1130,100,11,-49,12585,0,1,0,0,36913,145,30,65,0,0,0,0,0,0,0,0,-32306,0,0,0,0,0,286132,0
286080,-398,7950,1170,115,-1,-53,12583,-6,1,0,0,36913,150,30,65,0,0,0,0,0,0,0,0,-32305,0,0,0,0,0,286137,0
286085,-384,7962,1162,119,-2,-57,12584,-2,-1,0,0,36913,150,30,65,0,0,0,0,0,0,0,0,-32305,0,0,0,0,0,286142,0
286090,-406,7950,1180,119,-3,-55,12584,-1,4,0,0,36914,155,30,65,0,0,0,0,0,0,0,0,-32305,0,0,0,0,0,286148,0
286095,-382,7964,1218,126,-8,-61,12585,3,1,0,0,36914,155,30,65,0,0,0,0,0,0,0,0,-32305,0,0,0,0,0,286153,0
286100,-336,7956,1236,125,-18,-63,12584,1,-1,0,0,36910,145,30,65,0,0,0,0,0,0,0,0,-32305,0,0,0,0,0,286159,0
286105,-346,7982,1246,126,-24,-64,12585,3,5,0,0,36910,145,30,65,0,0,0,0,0,0,0,0,-32305,0,0,0,0,0,286165,0
286110,-340,7994,1270,123,-20,-68,12584,-3,0,0,0,36909,141,30,65,0,0,0,0,0,0,0,0,-32305,0,0,0,0,0,286170,0
286115,-314,7982,1298,124,-21,-69,12584,2,-1,0,0,36909,141,30,65,0,0,0,0,0,0,0,0,-32305,0,0,0,0,0,286175,0
286120,-274,7988,1298,125,-22,-68,12585,-2,-2,0,0,36908,134,30,65,0,0,0,0,0,0,0,0,-32305,0,0,0,0,0,286181,0
286125,-288,8016,1310,115,-17,-75,12584,3,0,0,0,36908,134,30,65,0,0,0,0,0,0,0,0,-32305,0,0,0,0,0,286186,0
286130,-258,8024,1314,118,-7,-71,12585,1,2,1,0,36908,142,30,65,0,0,0,0,0,0,0,0,-32305,0,0,0,0,0,286191,0
286135,-254,8036,1346,117,-13,-75,12585,-2,1,1,0,36908,142,30,65,0,0,0,0,0,0,0,0,-32305,0,0,0,0,0,286197,0
286140,-210,8046,1322,110,-6,-76,12584,-1,1,0,0,36911,146,30,65,0,0,0,0,0,0,0,0,-32305,0,0,0,0,0,286202,0
286145,-232,8040,1342,107,2,-78,12584,-1,-1,0,0,36911,146,30,65,0,0,0,0,0,0,0,0,-32305,0,0,0,0,0,286207,0
286150,-230,8040,1348,101,3,-77,12584,0,0,0,0,36914,144,30,65,0,0,0,0,0,0,0,0,-32306,0,0,0,0,0,286213,0
286155,-240,8056,1330,103,7,-78,12585,4,0,0,0,36914,144,30,65,0,0,0,0,0,0,0,0,-32305,0,0,0,0,0,286218,0
286160,-232,8056,1360,96,7,-79,12585,1,4,1,0,36915,136,30,65,0,0,0,0,0,0,0,0,-32305,0,0,0,0,0,286223,0
286165,-222,8054,1336,92,8,-77,12585,2,2,0,0,36915,136,30,65,0,0,0,0,0,0,0,0,-32305,0,0,0,0,0,286228,0
286170,-230,8052,1308,89,9,-80,12584,-3,-4,0,0,36915,124,30,65,0,0,0,0,0,0,0,0,-32305,0,0,0,0,0,286234,0
286175,-228,8032,1314,92,10,-85,12585,-1,2,0,0,36915,124,30,65,0,0,0,0,0,0,0,0,-32305,0,0,0,0,0,286239,0
286180,-240,8026,1330,85,10,-85,12585,0,-2,1,0,36915,129,30,65,0,0,0,0,0,0,0,0,-32305,0,0,0,0,0,286245,0
286185,-214,8052,1296,82,5,-82,12585,-2,-1,0,0,36915,129,30,65,0,0,0,0,0,0,0,0,-32305,0,0,0,0,0,286250,0
286190,-212,8062,1308,81,2,-78,12585,-1,1,0,0,36912,140,30,65,0,0,0,0,0,0,0,0,-32305,0,0,0,0,0,286256,0
286195,-214,8064,1296,80,5,-76,12584,-7,-2,1,0,36912,140,30,65,0,0,0,0,0,0,0,0,-32305,0,0,0,0,0,286259,0
286200,-196,8066,1298,78,-5,-80,12584,-4,-2,2,0,36904,142,30,65,0,0,0,0,0,0,0,0,-32305,0,0,0,0,0,286266,0
286205,-202,8114,1290,82,-4,-76,12584,-5,1,0,0,36904,142,30,65,0,0,0,0,0,0,0,0,-32305,0,0,0,0,0,286271,0
286210,-170,8102,1300,80,-9,-79,12585,-2,3,0,0,36892,141,30,65,0,0,0,0,0,0,0,0,-32305,0,0,0,0,0,286277,0
286215,-208,8132,1296,85,-16,-78,12585,-1,-1,0,0,36892,141,30,65,0,0,0,0,0,0,0,0,-32305,0,0,0,0,0,286283,0
286220,-174,8122,1292,85,-24,-75,12585,1,4,0,0,36887,141,30,65,0,0,0,0,0,0,0,0,-32305,0,0,0,0,0,286289,0
286225,-182,8116,1290,85,-26,-73,12585,0,0,0,0,36887,141,30,65,0,0,0,0,0,0,0,0,-32305,0,0,0,0,0,286292,0
286230,-188,8130,1310,85,-27,-70,12584,-5,0,0,0,36885,140,30,65,0,0,0,0,0,0,0,0,-32305,0,0,0,0,0,286295,0
286235,-162,8156,1320,88,-31,-65,12584,-1,0,0,0,36885,140,30,65,0,0,0,0,0,0,0,0,-32305,0,0,0,0,0,286301,0
286240,-178,8152,1320,88,-46,-60,12585,1,1,0,0,36881,139,30,65,0,0,0,0,0,0,0,0,-32305,0,0,0,0,0,286307,0
286245,-178,8160,1310,86,-44,-55,12585,2,3,0,0,36881,139,30,65,0,0,0,0,0,0,0,0,-32305,0,0,0,0,0,286312,0
286250,-160,8160,1322,89,-55,-51,12584,0,-1,0,0,36878,140,30,65,0,0,0,0,0,0,0,0,-32305,0,0,0,0,0,286318,0
286255,-182,8174,1328,89,-55,-49,12584,0,-2,2,0,36878,140,30,65,0,0,0,0,0,0,0,0,-32305,0,0,0,0,0,286323,0
286260,-174,8146,1334,93,-62,-39,12585,0,4,1,0,36876,136,30,65,0,0,0,0,0,0,0,0,-32305,0,0,0,0,0,286329,0
286265,-142,8140,1336,98,-67,-34,12585,0,-1,0,0,36876,136,30,65,0,0,0,0,0,0,0,0,-32305,0,0,0,0,0,286334,0
286270,-150,8106,1340,100,-73,-30,12585,-4,0,0,0,36879,140,30,65,0,0,0,0,0,0,0,0,-32305,0,0,0,0,0,286340,0
286275,-166,8098,1338,104,-77,-24,12585,0,-1,0,0,36879,140,30,65,0,0,0,0,0,0,0,0,-32305,0,0,0,0,0,286345,0
286280,-82,7996,1352,107,-77,-11,12584,-2,-5,0,0,36884,147,30,65,0,0,0,0,0,0,0,0,-32305,0,0,0,0,0,286350,0
286285,-142,8032,1358,103,-82,-7,12585,0,2,2,0,36884,147,30,65,0,0,0,0,0,0,0,0,-32305,0,0,0,0,0,286356,0
286290,-166,8026,1342,113,-85,-1,12585,8,2,1,0,36887,139,30,65,0,0,0,0,0,0,0,0,-32305,0,0,0,0,0,286361,0
286295,-166,7980,1354,118,-89,0,12584,0,-1,0,0,36887,139,30,65,0,0,0,0,0,0,0,0,-32305,0,0,0,0,0,286366,0
286300,-174,8006,1376,114,-110,14,12584,-7,-1,0,0,36890,134,30,65,0,0,0,0,0,0,0,0,-32305,0,0,0,0,0,286372,0
286305,-192,7990,1424,125,-117,21,12584,1,0,0,0,36890,134,30,65,0,0,0,0,0,0,0,0,-32305,0,0,0,0,0,286377,0
286310,-182,7988,1432,112,-118,24,12583,-12,-7,0,0,36897,130,30,65,0,0,0,0,0,0,0,0,-32305,0,0,0,0,0,286382,0
286315,-190,8016,1464,112,-122,28,12584,0,-3,0,0,36897,130,30,65,0,0,0,0,0,0,0,0,-32305,0,0,0,0,0,286388,0
286320,-230,8056,1486,109,-136,30,12584,1,-4,0,0,36903,136,30,65,0,0,0,0,0,0,0,0,-32305,0,0,0,0,0,286393,0
286325,-248,8028,1470,96,-137,33,12584,-5,1,0,0,36903,136,30,65,0,0,0,0,0,0,0,0,-32305,0,0,0,0,0,286398,0
286330,-210,8008,1464,95,-145,39,12585,0,2,1,0,36904,138,30,65,0,0,0,0,0,0,0,0,-32305,0,0,0,0,0,286404,0
286335,-250,7990,1474,88,-150,36,12584,-4,-2,0,0,36904,138,30,65,0,0,0,0,0,0,0,0,-32305,0,0,0,0,0,286409,0
286340,-248,7980,1536,78,-159,37,12585,0,-1,0,0,36905,142,30,65,0,0,0,0,0,0,0,0,-32305,0,0,0,0,0,286414,0
286345,-254,7980,1530,66,-169,35,12584,-3,0,1,0,36905,142,30,65,0,0,0,0,0,0,0,0,-32305,0,0,0,0,0,286420,0
286350,-278,7998,1534,67,-171,34,12584,-3,-2,0,0,36907,141,30,65,0,0,0,0,0,0,0,0,-32305,0,0,0,0,0,286425,0
286355,-258,7962,1540,52,-175,27,12584,-5,-4,2,0,36907,141,30,65,0,0,0,0,0,0,0,0,-32305,0,0,0,0,0,286430,0
286360,-250,7982,1544,38,-183,27,12584,-3,-3,0,0,36909,139,30,65,0,0,0,0,0,0,0,0,-32305,0,0,0,0,0,286436,0
286365,-248,7958,1526,33,-184,25,12585,3,0,2,0,36909,139,30,65,0,0,0,0,0,0,0,0,-32305,0,0,0,0,0,286441,0
286370,-224,7890,1552,21,-183,25,12583,-7,-4,0,0,36909,137,30,65,0,0,0,0,0,0,0,0,-32306,0,0,0,0,0,286446,0
286375,-200,7884,1562,9,-174,21,12583,-6,-3,1,0,36909,137,30,65,0,0,0,0,0,0,0,0,-32305,0,0,0,0,0,286452,0
286380,-216,7838,1550,-9,-171,18,12586,3,0,2,0,36915,142,30,65,0,0,0,0,0,0,0,0,-32305,0,0,0,0,0,286457,0
286385,-202,7870,1538,-15,-162,16,12584,-1,0,0,0,36915,142,30,65,0,0,0,0,0,0,0,0,-32305,0,0,0,0,0,286462,0
286390,-212,7872,1532,-28,-159,11,12585,-6,1,0,0,36917,143,30,65,0,0,0,0,0,0,0,0,-32305,0,0,0,0,0,286467,0
286395,-224,7884,1516,-34,-153,12,12585,2,3,0,0,36917,143,30,65,0,0,0,0,0,0,0,0,-32305,0,0,0,0,0,286473,0
286400,-226,7882,1480,-47,-143,7,12584,-1,0,0,0,36916,140,30,65,0,0,0,0,0,0,0,0,-32305,0,0,0,0,0,286478,0
286405,-238,7894,1442,-52,-143,7,12584,-3,-2,2,0,36916,140,30,65,0,0,0,0,0,0,0,0,-32305,0,0,0,0,0,286484,0
286410,-238,7878,1454,-58,-139,8,12584,-5,1,2,0,36915,141,30,65,0,0,0,0,0,0,0,0,-32305,0,0,0,0,0,286489,0
286415,-220,7860,1438,-70,-141,11,12584,0,0,1,0,36915,141,30,65,0,0,0,0,0,0,0,0,-32305,0,0,0,0,0,286494,0
286420,-220,7788,1404,-74,-145,9,12584,4,-4,0,0,36908,137,30,65,0,0,0,0,0,0,0,0,-32305,0,0,0,0,0,286500,0
286425,-198,7756,1366,-78,-148,5,12585,-4,0,1,0,36908,137,30,65,0,0,0,0,0,0,0,0,-32305,0,0,0,0,0,286505,0
286430,-196,7760,1326,-79,-154,10,12584,-2,3,1,0,36908,139,30,65,0,0,0,0,0,0,0,0,-32305,0,0,0,0,0,286510,0
286435,-200,7744,1332,-81,-155,10,12585,0,-4,0,0,36908,139,30,65,0,0,0,0,0,0,0,0,-32305,0,0,0,0,0,286516,0
286440,-208,7788,1282,-79,-163,15,12585,-5,3,0,0,36908,136,30,65,0,0,0,0,0,0,0,0,-32305,0,0,0,0,0,286521,0
286445,-192,7848,1286,-76,-170,14,12584,0,-4,1,0,36908,136,30,65,0,0,0,0,0,0,0,0,-32305,0,0,0,0,0,286526,0
286450,-200,7910,1296,-75,-168,16,12585,6,-1,0,0,36908,140,30,65,0,0,0,0,0,0,0,0,-32306,0,0,0,0,0,286531,0
286455,-198,7926,1264,-67,-172,16,12585,0,4,0,0,36908,140,30,65,0,0,0,0,0,0,0,0,-32305,0,0,0,0,0,286537,0
286460,-186,7964,1218,-62,-172,25,12584,-2,0,0,0,36908,140,30,65,0,0,0,0,0,0,0,0,-32305,0,0,0,0,0,286542,0
286465,-214,7994,1220,-59,-177,26,12585,0,4,1,0,36908,140,30,65,0,0,0,0,0,0,0,0,-32305,0,0,0,0,0,286547,0
286470,-198,7994,1222,-55,-178,19,12585,5,-3,1,0,36909,140,30,65,0,0,0,0,0,0,0,0,-32305,0,0,0,0,0,286553,0
286475,-174,7994,1220,-50,-178,24,12584,0,-1,0,0,36909,140,30,65,0,0,0,0,0,0,0,0,-32305,0,0,0,0,0,286558,0
286480,-184,7982,1222,-41,-179,24,12585,-3,-1,0,0,36910,135,30,65,0,0,0,0,0,0,0,0,-32305,0,0,0,0,0,286563,0
286485,-196,8018,1254,-33,-178,20,12584,0,-1,2,0,36910,135,30,65,0,0,0,0,0,0,0,0,-32305,0,0,0,0,0,286569,0
286490,-164,8030,1220,-30,-175,20,12583,-4,1,0,0,36914,147,30,65,0,0,0,0,0,0,0,0,-32305,0,0,0,0,0,286574,0
286495,-200,8054,1216,-30,-172,20,12586,1,-4,0,0,36914,147,30,65,0,0,0,0,0,0,0,0,-32305,0,0,0,0,0,286579,0
286500,-162,8124,1216,-26,-172,12,12584,-1,1,0,0,36912,150,30,65,0,0,0,0,0,0,0,0,-32305,0,0,0,0,0,286585,0
286505,-200,8122,1192,-21,-168,11,12585,0,4,0,0,36912,150,30,65,0,0,0,0,0,0,0,0,-32305,0,0,0,0,0,286590,0
286510,-182,8142,1212,-16,-170,8,12583,-9,-3,1,0,36908,146,30,65,0,0,0,0,0,0,0,0,-32305,0,0,0,0,0,286596,0
286515,-204,8154,1184,-15,-166,3,12584,0,1,1,0,36908,146,30,65,0,0,0,0,0,0,0,0,-32305,0,0,0,0,0,286601,0
286520,-216,8142,1192,-15,-161,-2,12585,3,1,0,0,36906,136,30,65,0,0,0,0,0,0,0,0,-32305,0,0,0,0,0,286606,0
286525,-220,8168,1192,-15,-157,-11,12584,-3,5,0,0,36906,136,30,65,0,0,0,0,0,0,0,0,-32305,0,0,0,0,0,286611,0
286530,-192,8180,1208,-5,-156,-17,12585,0,1,0,0,36909,137,30,65,0,0,0,0,0,0,0,0,-32306,0,0,0,0,0,286617,0
286535,-216,8174,1202,-7,-149,-19,12585,1,0,1,0,36909,137,30,65,0,0,0,0,0,0,0,0,-32305,0,0,0,0,0,286622,0
286540,-204,8172,1160,-4,-144,-25,12584,-1,1,0,0,36912,143,30,65,0,0,0,0,0,0,0,0,-32305,0,0,0,0,0,286627,0
286545,-210,8182,1164,7,-135,-31,12584,1,-5,1,0,36912,143,30,65,0,0,0,0,0,0,0,0,-32305,0,0,0,0,0,286633,0
286550,-214,8188,1154,8,-128,-34,12585,-3,-3,1,0,36910,139,30,65,0,0,0,0,0,0,0,0,-32305,0,0,0,0,0,286638,0
286555,-196,8148,1178,8,-123,-34,12584,-4,-2,1,0,36910,139,30,65,0,0,0,0,0,0,0,0,-32305,0,0,0,0,0,286643,0
286560,-142,8166,1160,13,-114,-38,12585,0,4,2,0,36909,140,30,65,0,0,0,0,0,0,0,0,-32305,0,0,0,0,0,286649,0
286565,-124,8120,1150,20,-106,-38,12584,-4,-6,0,0,36909,140,30,65,0,0,0,0,0,0,0,0,-32306,0,0,0,0,0,286654,0
286570,-116,8102,1170,26,-94,-35,12585,-3,-2,0,0,36912,140,30,65,0,0,0,0,0,0,0,0,-32305,0,0,0,0,0,286659,0
286575,-110,8130,1156,33,-90,-33,12584,0,1,0,0,36912,140,30,65,0,0,0,0,0,0,0,0,-32305,0,0,0,0,0,286665,0
286580,-94,8112,1150,44,-78,-22,12584,-6,-1,0,0,36912,147,30,65,0,0,0,0,0,0,0,0,-32305,0,0,0,0,0,286670,0
286585,-84,8088,1164,51,-64,-23,12584,-4,0,0,0,36912,147,30,65,0,0,0,0,0,0,0,0,-32305,0,0,0,0,0,286675,0
286590,-86,8070,1174,58,-62,-13,12584,0,0,-2,0,36916,141,30,65,0,0,0,0,0,0,0,0,-32305,0,0,0,0,0,286681,0
286595,-84,8064,1168,70,-49,-15,12584,-1,1,-1,0,36916,141,30,65,0,0,0,0,0,0,0,0,-32306,0,0,0,0,0,286686,0
286600,-70,8040,1158,74,-36,-3,12585,0,0,0,0,36913,142,30,65,0,0,0,0,0,0,0,0,-32305,0,0,0,0,0,286691,0
286605,-102,7976,1176,82,-31,2,12585,4,-1,0,0,36913,142,30,65,0,0,0,0,0,0,0,0,-32305,0,0,0,0,0,286697,0
286610,-68,7940,1186,88,-26,6,12584,-1,0,0,0,36912,136,30,65,0,0,0,0,0,0,0,0,-32305,0,0,0,0,0,286702,0
286615,-112,7956,1214,97,-20,11,12584,-1,-1,0,0,36912,136,30,65,0,0,0,0,0,0,0,0,-32305,0,0,0,0,0,286707,0
286620,-106,7906,1220,102,-7,17,12586,9,1,-1,0,36915,136,30,65,0,0,0,0,0,0,0,0,-32305,0,0,0,0,0,286713,0
286625,-92,7914,1232,112,1,18,12584,0,4,1,0,36915,136,30,65,0,0,0,0,0,0,0,0,-32306,0,0,0,0,0,286718,0
286630,-142,7902,1240,113,3,19,12585,-3,-3,0,0,36911,143,30,65,0,0,0,0,0,0,0,0,-32305,0,0,0,0,0,286724,0
286635,-150,7918,1240,117,5,21,12585,0,-4,0,0,36911,143,30,65,0,0,0,0,0,0,0,0,-32305,0,0,0,0,0,286730,0
286640,-132,7936,1266,119,19,27,12585,4,3,1,0,36909,146,30,65,0,0,0,0,0,0,0,0,-32306,0,0,0,0,0,286736,0
286645,-164,7928,1262,124,23,31,12585,2,0,1,0,36909,146,30,65,0,0,0,0,0,0,0,0,-32305,0,0,0,0,0,286740,0
286650,-148,7964,1294,126,29,36,12584,-1,-2,0,0,36908,136,30,65,0,0,0,0,0,0,0,0,-32305,0,0,0,0,0,286746,0
286655,-170,7986,1300,130,34,31,12584,-1,2,0,0,36908,136,30,65,0,0,0,0,0,0,0,0,-32305,0,0,0,0,0,286751,0
286660,-164,8006,1318,136,43,41,12584,-3,0,0,0,36907,132,30,65,0,0,0,0,0,0,0,0,-32305,0,0,0,0,0,286757,0
286665,-170,8024,1310,136,48,43,12585,2,-1,0,0,36907,132,30,65,0,0,0,0,0,0,0,0,-32305,0,0,0,0,0,286762,0
286670,-108,8036,1304,132,48,49,12584,-2,2,0,0,36911,134,30,65,0,0,0,0,0,0,0,0,-32305,0,0,0,0,0,286767,0
286675,-134,8032,1366,136,54,53,12584,-3,0,0,0,36911,134,30,65,0,0,0,0,0,0,0,0,-32305,0,0,0,0,0,286774,0
286680,-104,8006,1342,134,53,60,12585,2,-2,0,0,36912,139,30,65,0,0,0,0,0,0,0,0,-32305,0,0,0,0,0,286778,0
286685,-114,8038,1358,140,54,66,12584,1,3,1,0,36912,139,30,65,0,0,0,0,0,0,0,0,-32305,0,0,0,0,0,286783,0
286690,-112,8068,1388,144,58,72,12584,-5,2,0,0,36912,138,30,65,0,0,0,0,0,0,0,0,-32305,0,0,0,0,0,286788,0
286695,-124,8052,1374,139,53,82,12585,-1,0,0,0,36912,138,30,65,0,0,0,0,0,0,0,0,-32305,0,0,0,0,0,286795,0
286700,-140,8040,1392,135,54,84,12585,-2,1,-2,0,36917,143,30,65,0,0,0,0,0,0,0,0,-32305,0,0,0,0,0,286800,0
286705,-170,8024,1416,138,54,88,12585,5,1,0,0,36917,143,30,65,0,0,0,0,0,0,0,0,-32305,0,0,0,0,0,286804,0
286710,-168,8016,1416,137,55,95,12585,0,-3,0,0,36918,144,30,65,0,0,0,0,0,0,0,0,-32305,0,0,0,0,0,286810,0
286715,-212,8000,1400,138,52,96,12584,2,0,0,0,36918,144,30,65,0,0,0,0,0,0,0,0,-32306,0,0,0,0,0,286815,0
286720,-248,7988,1434,124,48,97,12584,-4,-2,0,0,36918,146,30,65,0,0,0,0,0,0,0,0,-32305,0,0,0,0,0,286821,0
286725,-264,8030,1446,126,43,92,12585,1,-1,0,0,36918,146,30,65,0,0,0,0,0,0,0,0,-32305,0,0,0,0,0,286825,0
286730,-296,8032,1454,119,50,89,12584,-1,-2,0,0,36913,149,30,65,0,0,0,0,0,0,0,0,-32305,0,0,0,0,0,286831,0
286735,-304,8014,1468,117,51,81,12584,0,1,0,0,36913,149,30,65,0,0,0,0,0,0,0,0,-32305,0,0,0,0,0,286836,0
286740,-348,7962,1436,112,42,78,12585,0,-2,0,0,36910,140,30,65,0,0,0,0,0,0,0,0,-32305,0,0,0,0,0,286842,0
286745,-364,7912,1444,104,47,72,12584,-1,3,0,0,36910,140,30,65,0,0,0,0,0,0,0,0,-32305,0,0,0,0,0,286847,0
286750,-370,7920,1458,97,39,72,12584,-1,1,0,0,36911,145,30,65,0,0,0,0,0,0,0,0,-32305,0,0,0,0,0,286853,0
286755,-380,7880,1436,94,38,64,12585,0,-2,0,0,36911,145,30,65,0,0,0,0,0,0,0,0,-32305,0,0,0,0,0,286859,0
286760,-344,7864,1436,83,35,51,12585,3,0,1,0,36911,144,30,65,0,0,0,0,0,0,0,0,-32305,0,0,0,0,0,286863,0
286765,-360,7852,1422,84,33,47,12584,0,5,0,0,36911,144,30,65,0,0,0,0,0,0,0,0,-32305,0,0,0,0,0,286868,0
286770,-358,7864,1426,83,36,40,12585,5,2,0,0,36910,136,30,65,0,0,0,0,0,0,0,0,-32305,0,0,0,0,0,286874,0
286775,-348,7888,1420,74,33,39,12584,1,1,0,0,36910,136,30,65,0,0,0,0,0,0,0,0,-32305,0,0,0,0,0,286880,0
286780,-314,7962,1390,72,33,35,12584,-7,0,0,0,36910,128,30,65,0,0,0,0,0,0,0,0,-32306,0,0,0,0,0,286885,0
286785,-284,7924,1406,69,31,31,12585,-1,-2,0,0,36910,128,30,65,0,0,0,0,0,0,0,0,-32305,0,0,0,0,0,286889,0
286790,-250,7932,1422,66,33,34,12585,1,4,0,0,36909,129,30,65,0,0,0,0,0,0,0,0,-32305,0,0,0,0,0,286895,0
286795,-278,7928,1374,62,32,36,12584,0,-1,0,0,36909,129,30,65,0,0,0,0,0,0,0,0,-32305,0,0,0,0,0,286900,0
286800,-210,7940,1392,64,40,39,12584,-2,-3,0,0,36913,133,30,65,0,0,0,0,0,0,0,0,-32305,0,0,0,0,0,286906,0
286805,-216,7924,1350,64,36,37,12585,3,1,0,0,36913,133,30,65,0,0,0,0,0,0,0,0,-32305,0,0,0,0,0,286911,0
286810,-178,7940,1374,65,40,40,12585,0,3,1,0,36912,126,30,65,0,0,0,0,0,0,0,0,-32306,0,0,0,0,0,286916,0
286815,-174,7938,1370,63,44,41,12584,0,3,0,0,36912,126,30,65,0,0,0,0,0,0,0,0,-32305,0,0,0,0,0,286923,0
286820,-180,7938,1310,66,45,45,12585,-1,-1,0,0,36912,125,30,65,0,0,0,0,0,0,0,0,-32305,0,0,0,0,0,286927,0
286825,-192,7938,1316,71,52,52,12585,-4,-6,0,0,36912,125,30,65,0,0,0,0,0,0,0,0,-32305,0,0,0,0,0,286932,0
286830,-194,7916,1294,77,47,52,12584,-1,1,0,0,36915,133,30,65,0,0,0,0,0,0,0,0,-32305,0,0,0,0,0,286937,0
286835,-162,7946,1310,75,46,52,12584,0,0,0,0,36915,133,30,65,0,0,0,0,0,0,0,0,-32305,0,0,0,0,0,286944,0
286840,-210,7954,1294,82,47,55,12584,-1,0,-1,0,36912,137,30,65,0,0,0,0,0,0,0,0,-32305,0,0,0,0,0,286949,0
286845,-224,7950,1290,87,47,55,12585,0,1,1,0,36912,137,30,65,0,0,0,0,0,0,0,0,-32305,0,0,0,0,0,286953,0
286850,-228,7980,1264,85,51,55,12584,-5,0,0,0,36909,142,30,65,0,0,0,0,0,0,0,0,-32305,0,0,0,0,0,286959,0
286855,-256,7966,1282,88,43,57,12584,-4,0,0,0,36909,142,30,65,0,0,0,0,0,0,0,0,-32305,0,0,0,0,0,286964,0
286860,-284,7970,1272,91,44,48,12584,-3,-3,2,0,36910,139,30,65,0,0,0,0,0,0,0,0,-32305,0,0,0,0,0,286970,0
286865,-252,7974,1300,93,35,52,12584,-2,4,0,0,36910,139,30,65,0,0,0,0,0,0,0,0,-32306,0,0,0,0,0,286974,0
286870,-278,7978,1280,99,40,54,12585,5,3,-1,0,36913,141,30,65,0,0,0,0,0,0,0,0,-32305,0,0,0,0,0,286980,0
286875,-264,7974,1278,99,33,48,12585,6,1,0,0,36913,141,30,65,0,0,0,0,0,0,0,0,-32306,0,0,0,0,0,286985,0
286880,-268,7990,1276,103,31,43,12585,-1,-1,0,0,36917,142,30,65,0,0,0,0,0,0,0,0,-32305,0,0,0,0,0,286991,0
286885,-262,8008,1292,98,37,46,12585,0,-1,1,0,36917,142,30,65,0,0,0,0,0,0,0,0,-32305,0,0,0,0,0,286996,0
286890,-256,8008,1298,102,34,44,12585,-2,-1,1,0,36917,138,30,65,0,0,0,0,0,0,0,0,-32305,0,0,0,0,0,287001,0
286895,-238,7992,1300,102,37,39,12584,0,-1,0,0,36917,138,30,65,0,0,0,0,0,0,0,0,-32305,0,0,0,0,0,287008,0
286900,-250,8012,1296,99,35,36,12584,-2,-1,-2,0,36919,145,30,65,0,0,0,0,0,0,0,0,-32305,0,0,0,0,0,287013,0
286905,-208,8036,1302,102,49,31,12586,2,-2,0,0,36919,145,30,65,0,0,0,0,0,0,0,0,-32305,0,0,0,0,0,287017,0
286910,-194,8056,1282,102,55,35,12584,0,-1,2,0,36914,145,30,65,0,0,0,0,0,0,0,0,-32306,0,0,0,0,0,287023,0
286915,-208,8050,1304,101,58,33,12586,0,2,0,0,36914,145,30,65,0,0,0,0,0,0,0,0,-32305,0,0,0,0,0,287028,0
286920,-200,8106,1304,110,70,28,12585,0,-1,0,0,36914,145,30,65,0,0,0,0,0,0,0,0,-32305,0,0,0,0,0,287034,0
286925,-230,8120,1274,110,73,21,12585,3,3,1,0,36914,145,30,65,0,0,0,0,0,0,0,0,-32305,0,0,0,0,0,287038,0
286930,-196,8124,1302,110,74,20,12585,1,-3,0,0,36914,144,30,65,0,0,0,0,0,0,0,0,-32305,0,0,0,0,0,287044,0
286935,-200,8118,1302,112,76,18,12584,1,3,0,0,36914,144,30,65,0,0,0,0,0,0,0,0,-32305,0,0,0,0,0,287049,0
286940,-226,8154,1300,109,82,19,12584,-7,0,1,0,36911,140,30,65,0,0,0,0,0,0,0,0,-32305,0,0,0,0,0,287055,0
286945,-230,8128,1302,105,89,15,12585,-3,1,2,0,36911,140,30,65,0,0,0,0,0,0,0,0,-32305,0,0,0,0,0,287060,0
286950,-214,8120,1328,108,92,17,12585,-2,1,0,0,36910,130,30,65,0,0,0,0,0,0,0,0,-32305,0,0,0,0,0,287065,0
286955,-228,8088,1302,105,99,17,12585,1,-1,0,0,36910,130,30,65,0,0,0,0,0,0,0,0,-32306,0,0,0,0,0,287071,0
286960,-230,8060,1308,107,101,9,12585,3,0,1,0,36911,128,30,65,0,0,0,0,0,0,0,0,-32305,0,0,0,0,0,287076,0
286965,-186,8052,1326,103,106,8,12585,-1,0,0,0,36911,128,30,65,0,0,0,0,0,0,0,0,-32305,0,0,0,0,0,287081,0
286970,-182,8030,1328,105,107,6,12584,0,-2,0,0,36912,134,30,65,0,0,0,0,0,0,0,0,-32305,0,0,0,0,0,287087,0
286975,-184,8058,1334,110,115,11,12584,-4,-3,0,0,36912,134,30,65,0,0,0,0,0,0,0,0,-32305,0,0,0,0,0,287092,0
286980,-164,8050,1358,105,126,-1,12584,-1,-2,0,0,36912,140,30,65,0,0,0,0,0,0,0,0,-32305,0,0,0,0,0,287098,0
286985,-150,8092,1358,106,132,11,12585,-1,0,1,0,36912,140,30,65,0,0,0,0,0,0,0,0,-32305,0,0,0,0,0,287102,0
286990,-156,8070,1358,104,137,5,12584,0,1,0,0,36911,145,30,65,0,0,0,0,0,0,0,0,-32305,0,0,0,0,0,287108,0
286995,-126,8068,1352,108,141,7,12585,3,0,1,0,36911,145,30,65,0,0,0,0,0,0,0,0,-32306,0,0,0,0,0,287113,0
287000,-152,8084,1392,96,142,13,12584,-1,-2,1,0,36910,139,30,65,0,0,0,0,0,0,0,0,-32305,0,0,0,0,0,287119,0
287005,-140,8122,1388,97,147,19,12585,1,0,0,0,36910,139,30,65,0,0,0,0,0,0,0,0,-32305,0,0,0,0,0,287123,0
287010,-114,8114,1392,95,150,21,12585,0,1,1,0,36909,142,30,65,0,0,0,0,0,0,0,0,-32306,0,0,0,0,0,287129,0
287015,-118,8096,1370,88,147,26,12584,0,1,1,0,36909,142,30,65,0,0,0,0,0,0,0,0,-32305,0,0,0,0,0,287134,0
287020,-124,8072,1372,84,145,37,12585,3,1,0,0,36910,144,30,65,0,0,0,0,0,0,0,0,-32305,0,0,0,0,0,287140,0
287025,-148,8078,1358,82,142,48,12585,0,-3,-1,0,36910,144,30,65,0,0,0,0,0,0,0,0,-32305,0,0,0,0,0,287145,0
287030,-112,8038,1352,69,139,52,12585,5,6,0,0,36910,144,30,65,0,0,0,0,0,0,0,0,-32305,0,0,0,0,0,287150,0
287035,-96,8018,1374,76,141,62,12585,3,0,0,0,36910,144,30,65,0,0,0,0,0,0,0,0,-32305,0,0,0,0,0,287156,0
287040,-110,8036,1350,70,139,72,12585,0,-2,1,0,36910,142,30,65,0,0,0,0,0,0,0,0,-32305,0,0,0,0,0,287161,0
287045,-110,8012,1324,64,132,79,12585,5,-1,2,0,36910,142,30,65,0,0,0,0,0,0,0,0,-32305,0,0,0,0,0,287166,0
287050,-104,8006,1310,67,129,88,12585,2,0,0,0,36910,135,30,65,0,0,0,0,0,0,0,0,-32305,0,0,0,0,0,287172,0
287055,-150,7924,1282,74,124,97,12585,8,1,1,0,36910,135,30,65,0,0,0,0,0,0,0,0,-32305,0,0,0,0,0,287177,0
287060,-164,7882,1286,68,110,114,12584,-3,-4,0,0,36911,139,30,65,0,0,0,0,0,0,0,0,-32305,0,0,0,0,0,287183,0
287065,-156,7900,1288,76,104,112,12585,1,-2,0,0,36911,139,30,65,0,0,0,0,0,0,0,0,-32305,0,0,0,0,0,287187,0
287070,-188,7902,1282,74,104,123,12584,0,-3,0,0,36910,138,30,65,0,0,0,0,0,0,0,0,-32305,0,0,0,0,0,287193,0
287075,-162,7908,1264,84,92,126,12584,1,0,0,0,36910,138,30,65,0,0,0,0,0,0,0,0,-32306,0,0,0,0,0,287198,0
287080,-232,7886,1246,88,79,136,12584,0,-3,0,0,36910,144,30,65,0,0,0,0,0,0,0,0,-32305,0,0,0,0,0,287204,0
287085,-254,7900,1252,96,73,142,12584,-2,0,1,0,36910,144,30,65,0,0,0,0,0,0,0,0,-32306,0,0,0,0,0,287209,0
287090,-278,7890,1234,96,58,149,12585,4,0,2,0,36910,147,30,65,0,0,0,0,0,0,0,0,-32306,0,0,0,0,0,287214,0
287095,-282,7880,1252,101,53,151,12584,0,0,0,0,36910,147,30,65,0,0,0,0,0,0,0,0,-32305,0,0,0,0,0,287220,0
287100,-280,7924,1262,106,39,156,12584,-1,6,1,0,36910,153,30,65,0,0,0,0,0,0,0,0,-32305,0,0,0,0,0,287226,0
287105,-298,7934,1236,118,29,159,12585,3,-4,0,0,36910,153,30,65,0,0,0,0,0,0,0,0,-32305,0,0,0,0,0,287231,0
287110,-290,7938,1240,119,18,155,12585,0,2,1,0,36911,152,30,65,0,0,0,0,0,0,0,0,-32305,0,0,0,0,0,287237,0
287115,-330,7922,1264,115,9,158,12587,5,-2,0,0,36911,152,30,65,0,0,0,0,0,0,0,0,-32306,0,0,0,0,0,287243,0
287120,-330,7918,1272,124,-8,157,12585,7,0,0,0,36918,137,30,65,0,0,0,0,0,0,0,0,-32305,0,0,0,0,0,287248,0
287125,-362,7946,1270,130,-22,157,12585,4,0,1,0,36918,137,30,65,0,0,0,0,0,0,0,0,-32305,0,0,0,0,0,287252,0
287130,-344,7934,1270,123,-24,148,12586,3,-7,0,0,36922,132,30,65,0,0,0,0,0,0,0,0,-32305,0,0,0,0,0,287258,0
287135,-378,7958,1298,125,-31,142,12584,0,-2,0,0,36922,132,30,65,0,0,0,0,0,0,0,0,-32305,0,0,0,0,0,287264,0
287140,-392,7972,1288,125,-48,139,12584,-4,-2,0,0,36920,133,30,65,0,0,0,0,0,0,0,0,-32305,0,0,0,0,0,287269,0
287145,-376,7980,1294,115,-55,135,12585,2,-2,0,0,36920,133,30,65,0,0,0,0,0,0,0,0,-32305,0,0,0,0,0,287274,0
287150,-374,7992,1306,116,-64,124,12584,-2,1,0,0,36912,140,30,65,0,0,0,0,0,0,0,0,-32305,0,0,0,0,0,287279,0
287155,-406,7972,1306,111,-71,125,12585,-3,3,0,0,36912,140,30,65,0,0,0,0,0,0,0,0,-32306,0,0,0,0,0,287285,0
287160,-382,7998,1328,104,-82,110,12584,-2,-1,1,0,36911,139,30,65,0,0,0,0,0,0,0,0,-32306,0,0,0,0,0,287290,0
287165,-388,8008,1304,97,-87,106,12584,2,2,2,0,36911,139,30,65,0,0,0,0,0,0,0,0,-32305,0,0,0,0,0,287295,0
287170,-394,8004,1296,93,-92,97,12585,3,2,0,0,36911,135,30,65,0,0,0,0,0,0,0,0,-32305,0,0,0,0,0,287301,0
287175,-382,8026,1280,88,-96,89,12584,-2,1,0,0,36911,135,30,65,0,0,0,0,0,0,0,0,-32305,0,0,0,0,0,287306,0
287180,-372,8002,1276,85,-103,84,12584,0,3,0,0,36912,126,30,65,0,0,0,0,0,0,0,0,-32306,0,0,0,0,0,287311,0
287185,-376,8016,1284,84,-106,82,12584,0,1,0,0,36912,126,30,65,0,0,0,0,0,0,0,0,-32305,0,0,0,0,0,287316,0
287190,-368,8002,1268,82,-115,75,12585,7,2,1,0,36911,132,30,65,0,0,0,0,0,0,0,0,-32306,0,0,0,0,0,287322,0
287195,-360,7986,1260,81,-114,71,12584,0,-2,1,0,36911,132,30,65,0,0,0,0,0,0,0,0,-32305,0,0,0,0,0,287328,0
287200,-336,8004,1246,83,-117,58,12585,-3,4,0,0,36910,140,30,65,0,0,0,0,0,0,0,0,-32305,0,0,0,0,0,287332,0
287205,-346,7976,1220,77,-116,55,12584,-5,1,0,0,36910,140,30,65,0,0,0,0,0,0,0,0,-32305,0,0,0,0,0,287338,0
287210,-304,7992,1230,83,-119,52,12585,-2,0,0,0,36910,141,30,65,0,0,0,0,0,0,0,0,-32305,0,0,0,0,0,287343,0
287215,-320,7990,1202,86,-122,51,12585,4,1,0,0,36910,141,30,65,0,0,0,0,0,0,0,0,-32305,0,0,0,0,0,287349,0
287220,-320,7950,1194,93,-114,45,12586,0,-1,3,0,36911,143,31,65,0,0,0,0,0,0,0,0,-32305,0,0,0,0,0,287354,0
287225,-308,7942,1212,96,-111,45,12585,7,3,2,0,36911,143,31,65,0,0,0,0,0,0,0,0,-32305,0,0,0,0,0,287359,0
287230,-308,7944,1186,99,-110,42,12583,-2,-4,0,0,36914,146,30,65,0,0,0,0,0,0,0,0,-32305,0,0,0,0,0,287365,0
287235,-306,7926,1172,106,-104,35,12585,0,2,0,0,36914,146,30,65,0,0,0,0,0,0,0,0,-32305,0,0,0,0,0,287370,0
287240,-288,7884,1170,118,-102,30,12585,1,3,1,0,36929,155,30,65,0,0,0,0,0,0,0,0,-32305,0,0,0,0,0,287375,0
287245,-320,7890,1158,126,-96,29,12584,-4,0,0,0,36929,155,30,65,0,0,0,0,0,0,0,0,-32305,0,0,0,0,0,287381,0
287250,-312,7870,1166,135,-99,19,12585,5,0,0,0,36938,155,30,65,0,0,0,0,0,0,0,0,-32305,0,0,0,0,0,287386,0
287255,-306,7862,1172,126,-93,21,12584,-1,1,1,0,36938,155,30,65,0,0,0,0,0,0,0,0,-32305,0,0,0,0,0,287391,0
287260,-296,7888,1182,146,-84,13,12585,-5,1,1,0,36939,143,30,65,0,0,0,0,0,0,0,0,-32305,0,0,0,0,0,287397,0
287265,-294,7922,1194,146,-80,8,12586,0,3,0,0,36939,143,30,65,0,0,0,0,0,0,0,0,-32305,0,0,0,0,0,287402,0
287270,-282,7924,1200,158,-77,1,12583,-5,-6,0,0,36928,134,30,65,0,0,0,0,0,0,0,0,-32305,0,0,0,0,0,287407,0
287275,-264,7970,1200,151,-71,4,12585,-6,-2,0,0,36928,134,30,65,0,0,0,0,0,0,0,0,-32305,0,0,0,0,0,287413,0
287280,-272,7970,1218,163,-56,-4,12584,2,-2,0,0,36918,133,30,65,0,0,0,0,0,0,0,0,-32305,0,0,0,0,0,287418,0
287285,-262,8002,1238,169,-49,-5,12585,5,-4,1,0,36918,133,30,65,0,0,0,0,0,0,0,0,-32305,0,0,0,0,0,287423,0
287290,-240,8026,1252,167,-51,-3,12584,-1,1,1,0,36910,133,30,65,0,0,0,0,0,0,0,0,-32305,0,0,0,0,0,287429,0
287295,-236,8052,1260,162,-35,-1,12583,-2,0,0,0,36910,133,30,65,0,0,0,0,0,0,0,0,-32305,0,0,0,0,0,287434,0
287300,-222,8100,1262,165,-23,-10,12584,-2,3,0,0,36911,135,30,65,0,0,0,0,0,0,0,0,-32305,0,0,0,0,0,287439,0
287305,-240,8102,1270,169,-10,-8,12584,-1,-1,0,0,36911,135,30,65,0,0,0,0,0,0,0,0,-32305,0,0,0,0,0,287444,0
287310,-224,8106,1314,162,-8,-13,12585,0,0,0,0,36913,124,30,65,0,0,0,0,0,0,0,0,-32305,0,0,0,0,0,287450,0
287315,-220,8110,1294,161,4,-17,12585,2,-1,0,0,36913,124,30,65,0,0,0,0,0,0,0,0,-32305,0,0,0,0,0,287455,0
287320,-242,8160,1336,161,17,-20,12585,0,0,0,0,36914,131,30,65,0,0,0,0,0,0,0,0,-32305,0,0,0,0,0,287460,0
287325,-268,8172,1326,152,27,-22,12584,-6,0,0,0,36914,131,30,65,0,0,0,0,0,0,0,0,-32305,0,0,0,0,0,287466,0
287330,-264,8136,1320,146,40,-27,12584,0,-1,1,0,36919,133,30,65,0,0,0,0,0,0,0,0,-32305,0,0,0,0,0,287471,0
287335,-230,8128,1324,142,40,-28,12584,0,-5,0,0,36919,133,30,65,0,0,0,0,0,0,0,0,-32305,0,0,0,0,0,287476,0
287340,-280,8162,1334,131,54,-47,12584,3,2,1,0,36919,142,30,65,0,0,0,0,0,0,0,0,-32305,0,0,0,0,0,287482,0
287345,-304,8198,1342,124,63,-53,12585,0,1,2,0,36919,142,30,65,0,0,0,0,0,0,0,0,-32305,0,0,0,0,0,287487,0
287350,-282,8170,1348,126,66,-53,12585,3,3,0,0,36922,140,30,65,0,0,0,0,0,0,0,0,-32305,0,0,0,0,0,287492,0
287355,-290,8178,1326,116,78,-66,12585,3,-1,1,0,36922,140,30,65,0,0,0,0,0,0,0,0,-32305,0,0,0,0,0,287498,0
287360,-290,8218,1340,103,95,-69,12584,-3,-2,1,0,36921,142,30,65,0,0,0,0,0,0,0,0,-32305,0,0,0,0,0,287503,0
287365,-288,8220,1318,100,103,-80,12585,-1,3,0,0,36921,142,30,65,0,0,0,0,0,0,0,0,-32305,0,0,0,0,0,287508,0
287370,-318,8240,1330,101,114,-83,12585,1,3,1,0,36920,140,30,65,0,0,0,0,0,0,0,0,-32305,0,0,0,0,0,287514,0
287375,-270,8224,1322,90,122,-97,12584,-1,-2,0,0,36920,140,30,65,0,0,0,0,0,0,0,0,-32306,0,0,0,0,0,287519,0
287380,-246,8252,1306,80,132,-106,12584,-3,0,0,0,36918,142,30,65,0,0,0,0,0,0,0,0,-32305,0,0,0,0,0,287524,0
287385,-242,8262,1296,83,152,-105,12585,2,1,0,0,36918,142,30,65,0,0,0,0,0,0,0,0,-32305,0,0,0,0,0,287530,0
287390,-230,8252,1308,78,151,-108,12586,5,6,1,0,36915,146,30,65,0,0,0,0,0,0,0,0,-32305,0,0,0,0,0,287535,0
287395,-252,8248,1286,77,157,-109,12584,0,0,0,0,36915,146,30,65,0,0,0,0,0,0,0,0,-32305,0,0,0,0,0,287540,0
287400,-200,8180,1246,76,173,-113,12584,-1,-1,0,0,36913,143,30,65,0,0,0,0,0,0,0,0,-32305,0,0,0,0,0,287546,0
287405,-178,8180,1240,75,178,-109,12584,0,0,0,0,36913,143,30,65,0,0,0,0,0,0,0,0,-32305,0,0,0,0,0,287551,0
287410,-170,8160,1214,69,186,-106,12585,4,0,2,0,36910,139,30,65,0,0,0,0,0,0,0,0,-32305,0,0,0,0,0,287556,0
287415,-174,8170,1232,79,190,-104,12585,5,2,0,0,36910,139,30,65,0,0,0,0,0,0,0,0,-32306,0,0,0,0,0,287561,0
287420,-152,8130,1208,78,201,-96,12585,3,0,0,0,36909,144,30,65,0,0,0,0,0,0,0,0,-32305,0,0,0,0,0,287567,0
287425,-144,8108,1204,84,205,-90,12585,0,3,0,0,36909,144,30,65,0,0,0,0,0,0,0,0,-32305,0,0,0,0,0,287572,0
287430,-174,8076,1170,86,210,-89,12585,1,-1,0,0,36910,136,30,65,0,0,0,0,0,0,0,0,-32305,0,0,0,0,0,287577,0
287435,-158,8080,1178,91,215,-85,12586,4,5,2,0,36910,136,30,65,0,0,0,0,0,0,0,0,-32306,0,0,0,0,0,287583,0
287440,-184,8074,1160,102,219,-71,12583,-2,-6,2,0,36916,139,30,65,0,0,0,0,0,0,0,0,-32305,0,0,0,0,0,287588,0
287445,-182,8050,1174,107,219,-61,12586,7,3,2,0,36916,139,30,65,0,0,0,0,0,0,0,0,-32305,0,0,0,0,0,287593,0
287450,-178,8058,1180,116,213,-57,12585,0,2,0,0,36916,134,30,65,0,0,0,0,0,0,0,0,-32305,0,0,0,0,0,287599,0
287455,-220,8072,1178,110,218,-53,12585,3,-1,1,0,36916,134,30,65,0,0,0,0,0,0,0,0,-32305,0,0,0,0,0,287604,0
287460,-244,8020,1164,129,220,-50,12585,-2,-2,1,0,36917,142,30,65,0,0,0,0,0,0,0,0,-32305,0,0,0,0,0,287609,0
287465,-246,7994,1168,131,209,-41,12585,-1,-2,0,0,36917,142,30,65,0,0,0,0,0,0,0,0,-32305,0,0,0,0,0,287615,0
287470,-252,7998,1174,136,208,-33,12584,-6,-3,0,0,36912,138,30,65,0,0,0,0,0,0,0,0,-32305,0,0,0,0,0,287620,0
287475,-282,8008,1176,134,203,-30,12585,-1,1,0,0,36912,138,30,65,0,0,0,0,0,0,0,0,-32305,0,0,0,0,0,287625,0
287480,-268,8044,1202,148,198,-30,12585,-1,-1,0,0,36913,138,30,65,0,0,0,0,0,0,0,0,-32305,0,0,0,0,0,287631,0
287485,-272,8056,1216,153,197,-28,12585,0,-1,2,0,36913,138,30,65,0,0,0,0,0,0,0,0,-32306,0,0,0,0,0,287636,0
287490,-254,8048,1228,155,185,-23,12585,-3,-3,0,0,36914,143,30,65,0,0,0,0,0,0,0,0,-32306,0,0,0,0,0,287641,0
287495,-286,8046,1208,161,182,-16,12583,-4,4,0,0,36914,143,30,65,0,0,0,0,0,0,0,0,-32305,0,0,0,0,0,287647,0
287500,-288,8018,1264,164,173,-7,12585,1,0,0,0,36916,144,30,65,0,0,0,0,0,0,0,0,-32305,0,0,0,0,0,287652,0
287505,-280,8060,1270,166,165,-6,12584,2,1,0,0,36916,144,30,65,0,0,0,0,0,0,0,0,-32305,0,0,0,0,0,287657,0
287510,-254,8062,1306,166,165,-4,12585,5,2,1,0,36914,141,30,65,0,0,0,0,0,0,0,0,-32305,0,0,0,0,0,287663,0
287515,-278,8044,1290,160,156,-1,12584,4,2,1,0,36914,141,30,65,0,0,0,0,0,0,0,0,-32305,0,0,0,0,0,287668,0
287520,-264,8032,1316,160,148,8,12585,3,3,0,0,36914,135,30,65,0,0,0,0,0,0,0,0,-32305,0,0,0,0,0,287673,0
287525,-288,8016,1338,159,141,11,12585,-1,-3,1,0,36914,135,30,65,0,0,0,0,0,0,0,0,-32305,0,0,0,0,0,287678,0
287530,-290,8014,1326,153,134,12,12585,2,-1,1,0,36915,134,30,65,0,0,0,0,0,0,0,0,-32305,0,0,0,0,0,287684,0
287535,-284,7994,1338,159,129,21,12584,-9,-3,1,0,36915,134,30,65,0,0,0,0,0,0,0,0,-32306,0,0,0,0,0,287689,0
287540,-294,7986,1338,145,118,31,12585,5,0,1,0,36915,143,30,65,0,0,0,0,0,0,0,0,-32305,0,0,0,0,0,287694,0
287545,-266,7986,1382,146,108,33,12584,-3,-1,5,0,36915,143,30,65,0,0,0,0,0,0,0,0,-32305,0,0,0,0,0,287700,0
287550,-260,7988,1392,149,99,33,12585,1,0,0,0,36916,140,30,65,0,0,0,0,0,0,0,0,-32305,0,0,0,0,0,287705,0
287555,-300,7996,1376,144,97,43,12584,-4,-1,3,0,36916,140,30,65,0,0,0,0,0,0,0,0,-32306,0,0,0,0,0,287710,0
287560,-300,7978,1368,142,84,54,12584,-1,4,1,0,36914,140,30,65,0,0,0,0,0,0,0,0,-32305,0,0,0,0,0,287716,0
287565,-286,7920,1398,135,76,52,12584,-1,0,0,0,36914,140,30,65,0,0,0,0,0,0,0,0,-32306,0,0,0,0,0,287721,0
287570,-300,7954,1374,137,70,61,12583,-11,-1,0,0,36913,138,30,65,0,0,0,0,0,0,0,0,-32305,0,0,0,0,0,287727,0
287575,-288,7948,1406,134,58,66,12584,0,2,1,0,36913,138,30,65,0,0,0,0,0,0,0,0,-32306,0,0,0,0,0,287732,0
287580,-274,7964,1420,124,48,72,12584,0,1,0,0,36907,146,30,65,0,0,0,0,0,0,0,0,-32305,0,0,0,0,0,287738,0
287585,-292,7948,1402,124,45,79,12584,-1,3,0,0,36907,146,30,65,0,0,0,0,0,0,0,0,-32305,0,0,0,0,0,287744,0
287590,-318,7938,1436,117,30,81,12585,2,3,2,0,36902,146,30,65,0,0,0,0,0,0,0,0,-32305,0,0,0,0,0,287749,0
287595,-320,7924,1458,115,22,85,12585,2,1,0,0,36902,146,30,65,0,0,0,0,0,0,0,0,-32305,0,0,0,0,0,287754,0
287600,-334,7962,1444,101,12,86,12584,-2,2,2,0,36902,146,30,65,0,0,0,0,0,0,0,0,-32305,0,0,0,0,0,287760,0
287605,-344,7966,1462,98,-5,90,12585,1,-2,1,0,36902,146,30,65,0,0,0,0,0,0,0,0,-32305,0,0,0,0,0,287765,0
287610,-350,7926,1484,89,-17,92,12584,-4,1,0,0,36906,141,30,65,0,0,0,0,0,0,0,0,-32305,0,0,0,0,0,287770,0
287615,-360,7904,1438,81,-30,98,12584,0,4,0,0,36906,141,30,65,0,0,0,0,0,0,0,0,-32305,0,0,0,0,0,287776,0
287620,-394,7924,1456,64,-49,97,12584,-1,1,-1,0,36910,129,30,65,0,0,0,0,0,0,0,0,-32305,0,0,0,0,0,287781,0
287625,-404,7938,1478,61,-64,96,12584,-5,1,0,0,36910,129,30,65,0,0,0,0,0,0,0,0,-32305,0,0,0,0,0,287786,0
287630,-414,7956,1480,53,-73,96,12585,-1,-3,1,0,36910,133,30,65,0,0,0,0,0,0,0,0,-32305,0,0,0,0,0,287792,0
287635,-414,7928,1464,40,-81,95,12586,0,3,1,0,36910,133,30,65,0,0,0,0,0,0,0,0,-32305,0,0,0,0,0,287797,0
287640,-420,7986,1434,30,-94,96,12584,-7,-2,0,0,36910,137,30,65,0,0,0,0,0,0,0,0,-32305,0,0,0,0,0,287802,0
287645,-394,8006,1446,17,-95,95,12584,-1,-2,1,0,36910,137,30,65,0,0,0,0,0,0,0,0,-32305,0,0,0,0,0,287808,0
287650,-440,8044,1436,12,-102,94,12586,0,-4,1,0,36913,143,30,65,0,0,0,0,0,0,0,0,-32305,0,0,0,0,0,287813,0
287655,-422,8054,1410,7,-101,94,12585,3,1,1,0,36913,143,30,65,0,0,0,0,0,0,0,0,-32305,0,0,0,0,0,287818,0
287660,-404,8106,1406,0,-97,93,12585,1,3,1,0,36913,135,30,65,0,0,0,0,0,0,0,0,-32305,0,0,0,0,0,287824,0
287665,-444,8124,1388,-8,-95,89,12585,9,-1,1,0,36913,135,30,65,0,0,0,0,0,0,0,0,-32305,0,0,0,0,0,287829,0
287670,-426,8120,1372,-8,-92,82,12584,0,1,1,0,36915,136,30,65,0,0,0,0,0,0,0,0,-32305,0,0,0,0,0,287834,0
287675,-448,8108,1382,-10,-94,83,12585,1,2,1,0,36915,136,30,65,0,0,0,0,0,0,0,0,-32306,0,0,0,0,0,287839,0
287680,-442,8130,1360,-2,-81,78,12585,-3,-2,0,0,36915,130,30,65,0,0,0,0,0,0,0,0,-32305,0,0,0,0,0,287845,0
287685,-404,8094,1344,-12,-86,74,12585,-3,-3,0,0,36915,130,30,65,0,0,0,0,0,0,0,0,-32305,0,0,0,0,0,287850,0
287690,-394,8102,1342,-8,-85,69,12584,1,0,0,0,36916,133,30,65,0,0,0,0,0,0,0,0,-32305,0,0,0,0,0,287855,0
287695,-426,8084,1314,-4,-77,65,12584,-8,-3,0,0,36916,133,30,65,0,0,0,0,0,0,0,0,-32305,0,0,0,0,0,287861,0
287700,-410,8060,1296,-3,-73,61,12585,-1,0,2,0,36914,135,30,65,0,0,0,0,0,0,0,0,-32306,0,0,0,0,0,287866,0
287705,-418,8070,1288,-2,-72,56,12584,-6,1,2,0,36914,135,30,65,0,0,0,0,0,0,0,0,-32305,0,0,0,0,0,287871,0
287710,-418,8056,1286,2,-71,55,12585,1,5,0,0,36914,137,30,65,0,0,0,0,0,0,0,0,-32305,0,0,0,0,0,287877,0
287715,-436,8072,1274,2,-68,45,12585,4,1,0,0,36914,137,30,65,0,0,0,0,0,0,0,0,-32305,0,0,0,0,0,287882,0
287720,-448,8088,1278,4,-65,32,12584,-3,3,-1,0,36914,139,30,65,0,0,0,0,0,0,0,0,-32305,0,0,0,0,0,287887,0
287725,-468,8128,1288,9,-65,24,12584,-1,0,0,0,36914,139,30,65,0,0,0,0,0,0,0,0,-32305,0,0,0,0,0,287893,0
287730,-454,8118,1256,4,-64,23,12585,-4,-1,0,0,36914,144,30,65,0,0,0,0,0,0,0,0,-32305,0,0,0,0,0,287898,0
287735,-484,8142,1264,3,-62,16,12585,3,4,1,0,36914,144,30,65,0,0,0,0,0,0,0,0,-32304,0,0,0,0,0,287904,0
287740,-468,8134,1266,15,-66,9,12585,6,-1,1,0,36913,142,30,65,0,0,0,0,0,0,0,0,-32305,0,0,0,0,0,287909,0
287745,-488,8122,1254,6,-63,2,12584,0,0,1,0,36913,142,30,65,0,0,0,0,0,0,0,0,-32305,0,0,0,0,0,287914,0
287750,-474,8132,1248,2,-64,-3,12584,-1,-3,0,0,36913,140,30,65,0,0,0,0,0,0,0,0,-32305,0,0,0,0,0,287920,0
287755,-464,8140,1282,7,-62,-4,12584,0,0,3,0,36913,140,30,65,0,0,0,0,0,0,0,0,-32305,0,0,0,0,0,287925,0
287760,-408,8124,1282,-2,-61,-11,12584,-5,1,3,0,36920,137,30,65,0,0,0,0,0,0,0,0,-32305,0,0,0,0,0,287930,0
287765,-410,8106,1286,-7,-60,-15,12585,5,0,1,0,36920,137,30,65,0,0,0,0,0,0,0,0,-32305,0,0,0,0,0,287935,0
287770,-402,8124,1274,-10,-58,-13,12583,-6,-2,1,0,36920,134,30,65,0,0,0,0,0,0,0,0,-32305,0,0,0,0,0,287941,0
287775,-370,8122,1286,-18,-54,-18,12585,2,3,0,0,36920,134,30,65,0,0,0,0,0,0,0,0,-32305,0,0,0,0,0,287947,0
287780,-306,8124,1290,-18,-41,-20,12584,-3,-2,0,0,36918,138,30,65,0,0,0,0,0,0,0,0,-32305,0,0,0,0,0,287953,0
287785,-262,8116,1294,-22,-40,-19,12585,-1,3,0,0,36918,138,30,65,0,0,0,0,0,0,0,0,-32305,0,0,0,0,0,287957,0
287790,-278,8112,1272,-19,-36,-15,12585,-1,-4,1,0,36911,138,30,65,0,0,0,0,0,0,0,0,-32305,0,0,0,0,0,287962,0
287795,-274,8102,1264,-29,-31,-18,12584,0,2,1,0,36911,138,30,65,0,0,0,0,0,0,0,0,-32305,0,0,0,0,0,287968,0
287800,-270,8138,1270,-29,-21,-12,12585,0,0,0,0,36911,137,30,65,0,0,0,0,0,0,0,0,-32305,0,0,0,0,0,287974,0
287805,-258,8142,1274,-34,-19,-10,12585,-1,-3,0,0,36911,137,30,65,0,0,0,0,0,0,0,0,-32305,0,0,0,0,0,287978,0
287810,-252,8164,1256,-28,-17,-13,12583,-8,1,0,0,36909,125,30,65,0,0,0,0,0,0,0,0,-32305,0,0,0,0,0,287983,0
287815,-272,8154,1230,-25,-10,-13,12584,4,2,1,0,36909,125,30,65,0,0,0,0,0,0,0,0,-32305,0,0,0,0,0,287989,0
287820,-276,8118,1190,-26,-12,-5,12584,1,-3,1,0,36909,124,30,65,0,0,0,0,0,0,0,0,-32306,0,0,0,0,0,287994,0
287825,-274,8124,1180,-28,-11,-12,12585,1,3,0,0,36909,124,30,65,0,0,0,0,0,0,0,0,-32305,0,0,0,0,0,287999,0
287830,-278,8070,1184,-25,-13,-8,12584,-1,5,0,0,36911,126,30,65,0,0,0,0,0,0,0,0,-32305,0,0,0,0,0,288005,0
287835,-284,8082,1178,-20,-19,-7,12585,2,2,1,0,36911,126,30,65,0,0,0,0,0,0,0,0,-32306,0,0,0,0,0,288013,0
287840,-282,8060,1158,-16,-21,-4,12584,-6,-3,2,0,36918,134,30,65,0,0,0,0,0,0,0,0,-32305,0,0,0,0,0,288014,0
287845,-290,8058,1170,-9,-25,-7,12585,1,-1,1,0,36918,134,30,65,0,0,0,0,0,0,0,0,-32305,0,0,0,0,0,288019,0
287850,-304,8050,1134,-13,-30,-8,12585,-4,-2,1,0,36920,136,30,65,0,0,0,0,0,0,0,0,-32305,0,0,0,0,0,288024,0
287855,-296,8070,1136,-2,-35,-10,12585,5,5,1,0,36920,136,30,65,0,0,0,0,0,0,0,0,-32305,0,0,0,0,0,288029,0
287860,-304,7984,1120,4,-43,-15,12585,0,-1,0,0,36919,146,30,65,0,0,0,0,0,0,0,0,-32305,0,0,0,0,0,288034,0
287865,-288,8004,1136,10,-60,-13,12585,3,-1,-2,0,36919,146,30,65,0,0,0,0,0,0,0,0,-32305,0,0,0,0,0,288039,0
287870,-282,7982,1130,1,-57,-19,12584,4,-1,-1,0,36920,140,30,65,0,0,0,0,0,0,0,0,-32305,0,0,0,0,0,288044,0
287875,-258,7986,1150,11,-58,-19,12585,0,2,0,0,36920,140,30,65,0,0,0,0,0,0,0,0,-32305,0,0,0,0,0,288049,0
287880,-264,7978,1164,16,-67,-17,12584,0,-2,0,0,36919,137,30,65,0,0,0,0,0,0,0,0,-32305,0,0,0,0,0,288054,0
287885,-264,7982,1148,17,-66,-14,12585,-1,1,1,0,36919,137,30,65,0,0,0,0,0,0,0,0,-32305,0,0,0,0,0,288059,0
287890,-240,7986,1176,11,-69,-18,12585,2,-3,0,0,36918,139,30,65,0,0,0,0,0,0,0,0,-32305,0,0,0,0,0,288064,0
287895,-244,7994,1184,16,-72,-15,12584,-4,-2,0,0,36918,139,30,65,0,0,0,0,0,0,0,0,-32305,0,0,0,0,0,288069,0
287900,-234,7982,1188,14,-71,-16,12584,0,2,1,0,36916,151,30,65,0,0,0,0,0,0,0,0,-32305,0,0,0,0,0,288074,0
287905,-204,7948,1208,12,-65,-16,12584,0,-1,0,0,36916,151,30,65,0,0,0,0,0,0,0,0,-32305,0,0,0,0,0,288079,0
287910,-200,7958,1196,8,-60,-14,12585,-5,-1,0,0,36914,150,30,65,0,0,0,0,0,0,0,0,-32305,0,0,0,0,0,288084,0
287915,-198,7964,1180,7,-60,-8,12584,-7,2,1,0,36914,150,30,65,0,0,0,0,0,0,0,0,-32305,0,0,0,0,0,288089,0
287920,-186,7896,1200,9,-53,-16,12585,-4,2,0,0,36914,137,30,65,0,0,0,0,0,0,0,0,-32305,0,0,0,0,0,288094,0
287925,-172,7902,1162,12,-50,-5,12585,3,-2,0,0,36914,137,30,65,0,0,0,0,0,0,0,0,-32305,0,0,0,0,0,288099,0
287930,-168,7876,1166,9,-45,-2,12584,-1,-2,0,0,36913,130,30,65,0,0,0,0,0,0,0,0,-32305,0,0,0,0,0,288104,0
287935,-158,7880,1150,12,-47,-1,12584,-4,2,0,0,36913,130,30,65,0,0,0,0,0,0,0,0,-32305,0,0,0,0,0,288109,0
287940,-156,7928,1144,21,-33,5,12584,-1,1,0,0,36913,130,30,65,0,0,0,0,0,0,0,0,-32305,0,0,0,0,0,288114,0
287945,-150,7892,1118,19,-33,8,12584,0,5,0,0,36913,130,30,65,0,0,0,0,0,0,0,0,-32305,0,0,0,0,0,288119,0
287950,-194,7926,1118,28,-36,12,12584,0,-1,0,0,36912,128,30,65,0,0,0,0,0,0,0,0,-32306,0,0,0,0,0,288124,0
287955,-208,7928,1118,24,-28,9,12585,2,1,0,0,36912,128,30,65,0,0,0,0,0,0,0,0,-32305,0,0,0,0,0,288129,0
287960,-226,7928,1088,34,-26,21,12584,-1,2,0,0,36910,125,30,65,0,0,0,0,0,0,0,0,-32305,0,0,0,0,0,288134,0
287965,-230,7958,1094,45,-23,28,12585,2,1,0,0,36910,125,30,65,0,0,0,0,0,0,0,0,-32305,0,0,0,0,0,288139,0
287970,-232,7946,1116,55,-19,21,12585,-3,-2,0,0,36915,130,30,65,0,0,0,0,0,0,0,0,-32306,0,0,0,0,0,288144,0
287975,-244,7922,1108,52,-23,21,12585,2,-2,0,0,36915,130,30,65,0,0,0,0,0,0,0,0,-32305,0,0,0,0,0,288149,0
287980,-278,7902,1100,66,-14,26,12584,-3,0,0,0,36918,136,30,65,0,0,0,0,0,0,0,0,-32305,0,0,0,0,0,288154,0
287985,-274,7926,1102,79,-20,25,12584,1,0,1,0,36918,136,30,65,0,0,0,0,0,0,0,0,-32305,0,0,0,0,0,288159,0
287990,-284,7892,1122,81,-15,20,12584,0,0,2,0,36920,138,30,65,0,0,0,0,0,0,0,0,-32305,0,0,0,0,0,288164,0
287995,-292,7912,1116,82,-10,21,12585,1,2,1,0,36920,138,30,65,0,0,0,0,0,0,0,0,-32305,0,0,0,0,0,288169,0
288000,-260,7910,1142,88,1,12,12585,0,-1,0,0,36915,138,30,65,0,0,0,0,0,0,0,0,-32305,0,0,0,0,0,288174,0
288005,-292,7904,1152,96,-4,9,12585,4,2,2,0,36915,138,30,65,0,0,0,0,0,0,0,0,-32305,0,0,0,0,0,288179,0
288010,-286,7898,1154,97,-3,11,12584,-3,-3,2,0,36915,137,30,65,0,0,0,0,0,0,0,0,-32305,0,0,0,0,0,288184,0
288015,-312,7926,1188,99,-2,7,12584,3,1,0,0,36915,137,30,65,0,0,0,0,0,0,0,0,-32305,0,0,0,0,0,288189,0
288020,-314,7912,1220,96,-7,4,12585,2,-2,0,0,36915,135,30,65,0,0,0,0,0,0,0,0,-32305,0,0,0,0,0,288194,0
288025,-322,7928,1204,95,-3,1,12585,-4,0,0,0,36915,135,30,65,0,0,0,0,0,0,0,0,-32305,0,0,0,0,0,288199,0
288030,-314,7958,1228,93,-10,-2,12584,0,1,0,0,36916,137,30,65,0,0,0,0,0,0,0,0,-32305,0,0,0,0,0,288204,0
288035,-348,7976,1234,92,-8,-2,12585,1,0,1,0,36916,137,30,65,0,0,0,0,0,0,0,0,-32305,0,0,0,0,0,288209,0
288040,-288,7984,1232,85,-13,-6,12584,-11,-5,1,0,36915,130,30,65,0,0,0,0,0,0,0,0,-32305,0,0,0,0,0,288214,0
288045,-286,8036,1244,83,-16,1,12584,0,-1,0,0,36915,130,30,65,0,0,0,0,0,0,0,0,-32305,0,0,0,0,0,288219,0
288050,-294,8072,1238,82,-18,4,12584,0,0,1,0,36914,132,30,65,0,0,0,0,0,0,0,0,-32306,0,0,0,0,0,288224,0
288055,-288,8094,1226,77,-21,5,12584,0,0,1,0,36914,132,30,65,0,0,0,0,0,0,0,0,-32305,0,0,0,0,0,288229,0
288060,-274,8126,1258,79,-26,11,12584,-7,0,1,0,36915,131,31,65,0,0,0,0,0,0,0,0,-32305,0,0,0,0,0,288234,0
288065,-258,8148,1250,73,-27,14,12585,-2,3,2,0,36915,131,31,65,0,0,0,0,0,0,0,0,-32305,0,0,0,0,0,288239,0
288070,-262,8110,1240,82,-32,17,12585,-3,-3,3,0,36922,143,30,65,0,0,0,0,0,0,0,0,-32305,0,0,0,0,0,288244,0
288075,-252,8114,1252,83,-34,21,12585,-1,1,0,0,36922,143,30,65,0,0,0,0,0,0,0,0,-32305,0,0,0,0,0,288249,0
288080,-240,8112,1238,87,-46,27,12585,6,-3,0,0,36923,142,30,65,0,0,0,0,0,0,0,0,-32305,0,0,0,0,0,288254,0
288085,-236,8098,1238,90,-46,29,12584,5,4,1,0,36923,142,30,65,0,0,0,0,0,0,0,0,-32306,0,0,0,0,0,288259,0
288090,-248,8102,1236,94,-48,34,12584,-6,-4,1,0,36925,149,30,65,0,0,0,0,0,0,0,0,-32305,0,0,0,0,0,288264,0
288095,-266,8086,1234,99,-53,37,12585,1,4,0,0,36925,149,30,65,0,0,0,0,0,0,0,0,-32306,0,0,0,0,0,288269,0
288100,-282,8052,1214,108,-61,40,12584,-2,2,1,0,36918,130,30,65,0,0,0,0,0,0,0,0,-32305,0,0,0,0,0,288275,0
288105,-290,8042,1224,112,-64,38,12586,2,1,1,0,36918,130,30,65,0,0,0,0,0,0,0,0,-32305,0,0,0,0,0,288280,0
288110,-296,8032,1232,117,-70,45,12584,4,-4,1,0,36914,125,30,65,0,0,0,0,0,0,0,0,-32305,0,0,0,0,0,288285,0
288115,-306,8060,1230,119,-73,40,12584,-4,3,0,0,36914,125,30,65,0,0,0,0,0,0,0,0,-32305,0,0,0,0,0,288290,0
288120,-308,8040,1250,124,-81,41,12585,-4,-3,0,0,36912,126,30,65,0,0,0,0,0,0,0,0,-32305,0,0,0,0,0,288295,0
288125,-336,8062,1254,129,-81,42,12585,5,2,0,0,36912,126,30,65,0,0,0,0,0,0,0,0,-32305,0,0,0,0,0,288300,0
288130,-348,8044,1264,134,-85,41,12586,3,4,0,0,36913,127,30,65,0,0,0,0,0,0,0,0,-32305,0,0,0,0,0,288305,0
288135,-366,8014,1292,136,-93,41,12584,3,0,1,0,36913,127,30,65,0,0,0,0,0,0,0,0,-32305,0,0,0,0,0,288310,0
288140,-370,8044,1294,133,-90,42,12585,-2,2,0,0,36915,134,30,65,0,0,0,0,0,0,0,0,-32305,0,0,0,0,0,288315,0
288145,-316,8024,1306,139,-93,39,12584,3,1,0,0,36915,134,30,65,0,0,0,0,0,0,0,0,-32305,0,0,0,0,0,288320,0
288150,-346,7986,1312,136,-90,36,12586,6,0,0,0,36915,129,30,65,0,0,0,0,0,0,0,0,-32305,0,0,0,0,0,288325,0
288155,-362,7988,1310,134,-94,31,12584,-1,-1,0,0,36915,129,30,65,0,0,0,0,0,0,0,0,-32306,0,0,0,0,0,288330,0
288160,-360,7970,1346,129,-92,33,12586,5,-1,0,0,36916,133,30,65,0,0,0,0,0,0,0,0,-32305,0,0,0,0,0,288335,0
288165,-358,7972,1328,124,-97,32,12584,0,1,0,0,36916,133,30,65,0,0,0,0,0,0,0,0,-32305,0,0,0,0,0,288340,0
288170,-340,7962,1364,126,-86,31,12584,0,-2,0,0,36921,126,30,65,0,0,0,0,0,0,0,0,-32306,0,0,0,0,0,288345,0
288175,-334,7978,1374,125,-93,27,12585,0,-3,-1,0,36921,126,30,65,0,0,0,0,0,0,0,0,-32305,0,0,0,0,0,288350,0
288180,-362,7966,1370,111,-82,26,12584,-7,0,0,0,36921,121,30,65,0,0,0,0,0,0,0,0,-32305,0,0,0,0,0,288355,0
288185,-318,7946,1376,111,-75,21,12585,3,0,2,0,36921,121,30,65,0,0,0,0,0,0,0,0,-32305,0,0,0,0,0,288360,0
288190,-320,7916,1364,106,-67,21,12585,1,-2,0,0,36920,120,30,65,0,0,0,0,0,0,0,0,-32305,0,0,0,0,0,288365,0
288195,-342,7926,1366,97,-64,17,12585,-2,3,0,0,36920,120,30,65,0,0,0,0,0,0,0,0,-32305,0,0,0,0,0,288370,0
288200,-328,7874,1322,97,-45,20,12585,2,0,1,0,36920,128,30,65,0,0,0,0,0,0,0,0,-32305,0,0,0,0,0,288375,0
288205,-358,7868,1326,94,-40,17,12584,-1,-2,0,0,36920,128,30,65,0,0,0,0,0,0,0,0,-32305,0,0,0,0,0,288380,0
288210,-360,7854,1312,92,-35,16,12584,-3,2,1,0,36915,132,30,65,0,0,0,0,0,0,0,0,-32305,0,0,0,0,0,288385,0
288215,-366,7856,1324,94,-33,13,12585,1,3,1,0,36915,132,30,65,0,0,0,0,0,0,0,0,-32305,0,0,0,0,0,288390,0
288220,-358,7802,1300,91,-17,6,12585,8,3,0,0,36915,133,30,65,0,0,0,0,0,0,0,0,-32306,0,0,0,0,0,288395,0
288225,-380,7766,1286,93,-13,7,12585,2,0,0,0,36915,133,30,65,0,0,0,0,0,0,0,0,-32305,0,0,0,0,0,288400,0
288230,-342,7746,1278,93,-11,6,12585,-1,5,0,0,36915,133,30,65,0,0,0,0,0,0,0,0,-32305,0,0,0,0,0,288405,0
288235,-384,7762,1278,100,-3,1,12585,0,4,0,0,36915,133,30,65,0,0,0,0,0,0,0,0,-32305,0,0,0,0,0,288410,0
288240,-362,7782,1278,104,12,-10,12585,0,-2,0,0,36917,136,30,65,0,0,0,0,0,0,0,0,-32305,0,0,0,0,0,288415,0
288245,-354,7802,1268,109,13,-13,12585,3,4,1,0,36917,136,30,65,0,0,0,0,0,0,0,0,-32305,0,0,0,0,0,288420,0
288250,-352,7804,1234,113,22,-14,12584,2,-1,2,0,36914,134,30,65,0,0,0,0,0,0,0,0,-32305,0,0,0,0,0,288425,0
288255,-362,7804,1230,112,23,-19,12584,-2,0,1,0,36914,134,30,65,0,0,0,0,0,0,0,0,-32305,0,0,0,0,0,288430,0
288260,-366,7880,1224,125,37,-23,12585,-3,4,0,0,36913,133,30,65,0,0,0,0,0,0,0,0,-32305,0,0,0,0,0,288435,0
288265,-332,7918,1234,124,41,-22,12585,4,1,0,0,36913,133,30,65,0,0,0,0,0,0,0,0,-32305,0,0,0,0,0,288440,0
288270,-372,7930,1256,130,38,-29,12585,3,-1,0,0,36912,128,30,65,0,0,0,0,0,0,0,0,-32305,0,0,0,0,0,288445,0
288275,-374,7980,1228,135,45,-28,12585,0,2,0,0,36912,128,30,65,0,0,0,0,0,0,0,0,-32305,0,0,0,0,0,288450,0
288280,-396,8012,1226,138,44,-39,12585,1,1,-1,0,36919,130,30,65,0,0,0,0,0,0,0,0,-32306,0,0,0,0,0,288455,0
288285,-364,7992,1240,142,41,-38,12583,-7,-3,0,0,36919,130,30,65,0,0,0,0,0,0,0,0,-32305,0,0,0,0,0,288460,0
288290,-386,7992,1252,144,39,-40,12584,-2,-3,0,0,36920,133,30,65,0,0,0,0,0,0,0,0,-32306,0,0,0,0,0,288465,0
288295,-354,8040,1260,142,35,-42,12584,2,-3,0,0,36920,133,30,65,0,0,0,0,0,0,0,0,-32305,0,0,0,0,0,288470,0
288300,-346,8102,1256,137,30,-50,12585,3,-2,1,0,36917,136,30,65,0,0,0,0,0,0,0,0,-32305,0,0,0,0,0,288475,0
288305,-356,8134,1292,135,26,-53,12584,-3,-1,0,0,36917,136,30,65,0,0,0,0,0,0,0,0,-32305,0,0,0,0,0,288480,0
288310,-356,8162,1296,137,24,-56,12584,-3,-2,1,0,36919,138,30,65,0,0,0,0,0,0,0,0,-32306,0,0,0,0,0,288485,0
288315,-378,8146,1280,138,19,-65,12585,1,2,1,0,36919,138,30,65,0,0,0,0,0,0,0,0,-32305,0,0,0,0,0,288490,0
288320,-396,8198,1280,131,16,-61,12584,1,-3,1,0,36918,138,30,65,0,0,0,0,0,0,0,0,-32305,0,0,0,0,0,288495,0
288325,-388,8202,1288,129,14,-69,12585,1,-1,0,0,36918,138,30,65,0,0,0,0,0,0,0,0,-32305,0,0,0,0,0,288500,0
288330,-368,8208,1294,120,9,-68,12586,12,10,0,0,36922,133,30,65,0,0,0,0,0,0,0,0,-32305,0,0,0,0,0,288505,0
288335,-364,8202,1290,118,9,-70,12585,-3,-1,0,0,36922,133,30,65,0,0,0,0,0,0,0,0,-32305,0,0,0,0,0,288510,0
288340,-360,8200,1274,119,11,-81,12584,-3,4,1,0,36921,134,30,65,0,0,0,0,0,0,0,0,-32305,0,0,0,0,0,288515,0
288345,-374,8208,1278,113,7,-85,12585,3,3,1,0,36921,134,30,65,0,0,0,0,0,0,0,0,-32305,0,0,0,0,0,288520,0
288350,-348,8198,1268,113,7,-91,12585,0,1,0,0,36920,132,30,65,0,0,0,0,0,0,0,0,-32305,0,0,0,0,0,288525,0
288355,-364,8182,1270,114,1,-89,12584,-1,1,0,0,36920,132,30,65,0,0,0,0,0,0,0,0,-32305,0,0,0,0,0,288530,0
288360,-336,8214,1234,111,-3,-94,12584,-3,0,0,0,36918,136,30,65,0,0,0,0,0,0,0,0,-32305,0,0,0,0,0,288535,0
288365,-336,8212,1236,114,-6,-102,12585,0,-1,0,0,36918,136,30,65,0,0,0,0,0,0,0,0,-32305,0,0,0,0,0,288540,0
288370,-322,8220,1238,112,-12,-95,12585,-1,-2,0,0,36918,130,31,65,0,0,0,0,0,0,0,0,-32305,0,0,0,0,0,288545,0
288375,-316,8202,1248,110,-14,-94,12584,-4,-3,0,0,36918,130,31,65,0,0,0,0,0,0,0,0,-32305,0,0,0,0,0,288550,0
288380,-270,8190,1216,113,-31,-93,12584,-2,-4,0,0,36918,139,30,65,0,0,0,0,0,0,0,0,-32305,0,0,0,0,0,288555,0
288385,-262,8142,1212,114,-28,-95,12585,6,3,0,0,36918,139,30,65,0,0,0,0,0,0,0,0,-32305,0,0,0,0,0,288560,0
288390,-248,8142,1202,123,-35,-85,12585,3,-2,3,0,36916,149,30,65,0,0,0,0,0,0,0,0,-32305,0,0,0,0,0,288565,0
288395,-246,8138,1196,129,-43,-84,12585,0,1,-1,0,36916,149,30,65,0,0,0,0,0,0,0,0,-32305,0,0,0,0,0,288570,0
288400,-232,8128,1202,131,-47,-78,12584,-4,3,0,0,36915,146,30,65,0,0,0,0,0,0,0,0,-32306,0,0,0,0,0,288575,0
288405,-222,8106,1222,142,-52,-74,12585,0,2,0,0,36915,146,30,65,0,0,0,0,0,0,0,0,-32305,0,0,0,0,0,288580,0
288410,-204,8076,1220,145,-55,-68,12585,2,-2,1,0,36913,142,30,65,0,0,0,0,0,0,0,0,-32305,0,0,0,0,0,288585,0
288415,-242,8064,1224,148,-51,-67,12584,0,-3,0,0,36913,142,30,65,0,0,0,0,0,0,0,0,-32306,0,0,0,0,0,288590,0
288420,-212,7988,1234,153,-55,-61,12585,1,2,0,0,36911,137,30,65,0,0,0,0,0,0,0,0,-32306,0,0,0,0,0,288595,0
288425,-208,8002,1256,157,-56,-59,12584,0,1,-1,0,36911,137,30,65,0,0,0,0,0,0,0,0,-32305,0,0,0,0,0,288600,0
288430,-198,7964,1268,159,-52,-48,12585,1,-2,0,0,36914,135,30,65,0,0,0,0,0,0,0,0,-32305,0,0,0,0,0,288605,0
288435,-220,7974,1266,160,-52,-52,12584,-5,2,0,0,36914,135,30,65,0,0,0,0,0,0,0,0,-32305,0,0,0,0,0,288610,0
288440,-228,7942,1282,164,-52,-45,12585,3,2,1,0,36917,137,30,65,0,0,0,0,0,0,0,0,-32305,0,0,0,0,0,288615,0
288445,-258,7920,1282,168,-46,-46,12585,-2,1,1,0,36917,137,30,65,0,0,0,0,0,0,0,0,-32305,0,0,0,0,0,288620,0
288450,-232,7932,1314,162,-50,-39,12583,-2,-3,0,0,36916,142,30,65,0,0,0,0,0,0,0,0,-32306,0,0,0,0,0,288625,0
288455,-218,7902,1324,166,-48,-42,12585,-5,1,1,0,36916,142,30,65,0,0,0,0,0,0,0,0,-32305,0,0,0,0,0,288630,0
288460,-230,7934,1354,161,-57,-39,12584,1,1,1,0,36915,139,30,65,0,0,0,0,0,0,0,0,-32306,0,0,0,0,0,288635,0
288465,-228,7910,1360,152,-55,-30,12585,-2,-1,0,0,36915,139,30,65,0,0,0,0,0,0,0,0,-32306,0,0,0,0,0,288640,0
288470,-218,7896,1378,145,-61,-34,12585,0,1,-1,0,36913,136,30,65,0,0,0,0,0,0,0,0,-32305,0,0,0,0,0,288645,0
288475,-220,7902,1398,138,-61,-30,12585,0,-1,0,0,36913,136,30,65,0,0,0,0,0,0,0,0,-32305,0,0,0,0,0,288650,0
288480,-178,7906,1402,126,-64,-20,12584,1,0,1,0,36914,136,30,65,0,0,0,0,0,0,0,0,-32305,0,0,0,0,0,288655,0
288485,-202,7942,1398,117,-67,-14,12585,3,2,1,0,36914,136,30,65,0,0,0,0,0,0,0,0,-32305,0,0,0,0,0,288660,0
288490,-174,7908,1384,105,-68,-12,12585,3,-1,0,0,36915,136,30,65,0,0,0,0,0,0,0,0,-32305,0,0,0,0,0,288665,0
288495,-174,7926,1406,101,-67,-2,12584,-5,2,1,0,36915,136,30,65,0,0,0,0,0,0,0,0,-32305,0,0,0,0,0,288670,0
288500,-184,7930,1396,86,-67,-1,12584,-3,1,3,0,36922,138,30,65,0,0,0,0,0,0,0,0,-32305,0,0,0,0,0,288675,0
288505,-162,7928,1374,80,-63,6,12585,3,-2,0,0,36922,138,30,65,0,0,0,0,0,0,0,0,-32306,0,0,0,0,0,288680,0
288510,-166,7934,1394,78,-59,9,12584,0,-1,1,0,36923,144,30,65,0,0,0,0,0,0,0,0,-32305,0,0,0,0,0,288685,0
288515,-160,7948,1422,71,-55,17,12585,1,-2,1,0,36923,144,30,65,0,0,0,0,0,0,0,0,-32305,0,0,0,0,0,288690,0
288520,-120,8002,1378,57,-38,20,12585,1,0,-1,0,36934,136,30,65,0,0,0,0,0,0,0,0,-32305,0,0,0,0,0,288695,0
288525,-140,7990,1362,60,-32,19,12585,4,3,0,0,36934,136,30,65,0,0,0,0,0,0,0,0,-32305,0,0,0,0,0,288700,0
288530,-128,7988,1368,59,-26,24,12583,-3,-4,0,0,36931,134,30,65,0,0,0,0,0,0,0,0,-32305,0,0,0,0,0,288705,0
288535,-148,7974,1350,54,-19,33,12585,0,-1,1,0,36931,134,30,65,0,0,0,0,0,0,0,0,-32305,0,0,0,0,0,288710,0
288540,-158,8004,1334,57,-1,30,12585,-1,-3,0,0,36931,136,30,65,0,0,0,0,0,0,0,0,-32305,0,0,0,0,0,288715,0
288545,-170,7948,1322,59,5,33,12585,0,1,0,0,36931,136,30,65,0,0,0,0,0,0,0,0,-32305,0,0,0,0,0,288720,0
288550,-164,7990,1302,55,9,36,12585,2,-3,1,0,36919,142,30,65,0,0,0,0,0,0,0,0,-32305,0,0,0,0,0,288725,0
288555,-194,7936,1298,53,13,34,12584,2,-1,1,0,36919,142,30,65,0,0,0,0,0,0,0,0,-32305,0,0,0,0,0,288730,0
288560,-222,7970,1254,62,21,36,12585,5,-4,3,0,36916,137,30,65,0,0,0,0,0,0,0,0,-32305,0,0,0,0,0,288735,0
288565,-232,7996,1260,58,24,36,12585,-1,-1,2,0,36916,137,30,65,0,0,0,0,0,0,0,0,-32306,0,0,0,0,0,288740,0
288570,-252,8010,1272,65,27,34,12584,-4,1,0,0,36919,133,30,65,0,0,0,0,0,0,0,0,-32307,0,0,0,0,0,288745,0
288575,-278,8034,1256,64,29,34,12584,-6,2,0,0,36919,133,30,65,0,0,0,0,0,0,0,0,-32305,0,0,0,0,0,288750,0
288580,-282,8100,1244,65,25,35,12584,-2,-3,0,0,36920,126,30,65,0,0,0,0,0,0,0,0,-32305,0,0,0,0,0,288755,0
288585,-286,8092,1224,63,24,43,12585,3,-1,0,0,36920,126,30,65,0,0,0,0,0,0,0,0,-32305,0,0,0,0,0,288760,0
288590,-302,8080,1228,58,25,40,12586,0,0,1,0,36918,118,30,65,0,0,0,0,0,0,0,0,-32305,0,0,0,0,0,288765,0
288595,-288,8088,1228,63,19,39,12585,2,1,0,0,36918,118,30,65,0,0,0,0,0,0,0,0,-32305,0,0,0,0,0,288770,0
288600,-290,8122,1236,61,14,42,12585,9,5,-1,0,36913,120,30,65,0,0,0,0,0,0,0,0,-32305,0,0,0,0,0,288775,0
288605,-300,8136,1240,64,15,44,12585,1,-5,0,0,36913,120,30,65,0,0,0,0,0,0,0,0,-32305,0,0,0,0,0,288780,0
288610,-276,8134,1246,61,18,46,12584,-1,-1,1,0,36916,121,30,65,0,0,0,0,0,0,0,0,-32305,0,0,0,0,0,288784,0
288615,-282,8110,1212,66,15,42,12585,-2,-3,2,0,36916,121,30,65,0,0,0,0,0,0,0,0,-32305,0,0,0,0,0,288789,0
288620,-302,8082,1218,61,13,51,12585,3,-3,0,0,36916,132,30,65,0,0,0,0,0,0,0,0,-32305,0,0,0,0,0,288794,0
288625,-284,8078,1228,60,5,57,12585,0,-3,0,0,36916,132,30,65,0,0,0,0,0,0,0,0,-32305,0,0,0,0,0,288799,0
288630,-246,8048,1216,58,2,58,12585,0,0,0,0,36919,126,30,65,0,0,0,0,0,0,0,0,-32306,0,0,0,0,0,288804,0
288635,-230,8016,1190,58,2,60,12584,1,0,0,0,36919,126,30,65,0,0,0,0,0,0,0,0,-32305,0,0,0,0,0,288809,0
288640,-252,8018,1216,60,9,64,12584,0,1,0,0,36914,131,30,65,0,0,0,0,0,0,0,0,-32305,0,0,0,0,0,288814,0
288645,-278,8010,1196,52,2,66,12585,2,-1,0,0,36914,131,30,65,0,0,0,0,0,0,0,0,-32306,0,0,0,0,0,288819,0
288650,-294,7992,1200,49,10,71,12584,-1,4,0,0,36916,128,30,65,0,0,0,0,0,0,0,0,-32305,0,0,0,0,0,288824,0
288655,-274,7990,1196,52,8,68,12585,2,1,0,0,36916,128,30,65,0,0,0,0,0,0,0,0,-32305,0,0,0,0,0,288829,0
288660,-278,7976,1174,55,16,77,12584,3,0,1,0,36916,127,30,65,0,0,0,0,0,0,0,0,-32305,0,0,0,0,0,288834,0
288665,-280,7978,1170,61,14,78,12584,-5,-1,0,0,36916,127,30,65,0,0,0,0,0,0,0,0,-32305,0,0,0,0,0,288839,0
288670,-298,7976,1166,61,25,72,12586,3,0,0,0,36914,126,30,65,0,0,0,0,0,0,0,0,-32305,0,0,0,0,0,288844,0
288675,-288,7994,1154,61,21,78,12585,-1,3,-1,0,36914,126,30,65,0,0,0,0,0,0,0,0,-32305,0,0,0,0,0,288849,0
288680,-316,7982,1134,70,25,81,12585,2,1,0,0,36915,129,30,65,0,0,0,0,0,0,0,0,-32306,0,0,0,0,0,288854,0
288685,-326,7996,1140,72,22,83,12584,-1,-4,0,0,36915,129,30,65,0,0,0,0,0,0,0,0,-32305,0,0,0,0,0,288859,0
288690,-352,8006,1136,69,19,85,12585,0,-2,1,0,36915,128,30,65,0,0,0,0,0,0,0,0,-32305,0,0,0,0,0,288864,0
288695,-336,7990,1130,80,12,88,12584,1,3,0,0,36915,128,30,65,0,0,0,0,0,0,0,0,-32305,0,0,0,0,0,288869,0
288700,-314,7994,1108,82,6,97,12584,0,2,0,0,36915,130,30,65,0,0,0,0,0,0,0,0,-32305,0,0,0,0,0,288874,0
288705,-318,8012,1108,88,1,101,12584,1,-2,0,0,36915,130,30,65,0,0,0,0,0,0,0,0,-32305,0,0,0,0,0,288879,0
288710,-320,7994,1088,97,-7,102,12584,0,1,0,0,36916,131,30,65,0,0,0,0,0,0,0,0,-32306,0,0,0,0,0,288884,0
288715,-316,7994,1094,95,-8,103,12586,7,2,1,0,36916,131,30,65,0,0,0,0,0,0,0,0,-32306,0,0,0,0,0,288889,0
288720,-294,7966,1088,102,-22,104,12585,5,1,0,0,36915,135,30,65,0,0,0,0,0,0,0,0,-32305,0,0,0,0,0,288894,0
288725,-272,7964,1104,112,-26,106,12585,3,2,0,0,36915,135,30,65,0,0,0,0,0,0,0,0,-32305,0,0,0,0,0,288899,0
288730,-248,7978,1122,113,-29,108,12584,-2,-4,1,0,36914,142,30,65,0,0,0,0,0,0,0,0,-32305,0,0,0,0,0,288904,0
288735,-260,7980,1116,117,-29,110,12585,1,1,1,0,36914,142,30,65,0,0,0,0,0,0,0,0,-32305,0,0,0,0,0,288909,0
288740,-226,8032,1112,125,-28,114,12584,-1,-3,1,0,36912,135,30,65,0,0,0,0,0,0,0,0,-32305,0,0,0,0,0,288914,0
288745,-206,8046,1150,133,-20,116,12585,3,0,1,0,36912,135,30,65,0,0,0,0,0,0,0,0,-32305,0,0,0,0,0,288919,0
288750,-236,8068,1162,135,-20,118,12586,3,-2,0,0,36912,138,30,65,0,0,0,0,0,0,0,0,-32305,0,0,0,0,0,288924,0
288755,-212,8116,1166,139,-12,118,12585,5,4,0,0,36912,138,30,65,0,0,0,0,0,0,0,0,-32305,0,0,0,0,0,288929,0
288760,-238,8122,1172,143,-3,118,12584,0,1,0,0,36913,135,30,65,0,0,0,0,0,0,0,0,-32305,0,0,0,0,0,288934,0
288765,-222,8090,1170,145,8,124,12584,-4,0,0,0,36913,135,30,65,0,0,0,0,0,0,0,0,-32305,0,0,0,0,0,288939,0
288770,-214,8098,1180,149,8,125,12584,-2,-3,0,0,36912,130,30,65,0,0,0,0,0,0,0,0,-32306,0,0,0,0,0,288944,0
288775,-240,8136,1188,146,8,123,12584,1,3,0,0,36912,130,30,65,0,0,0,0,0,0,0,0,-32306,0,0,0,0,0,288949,0
288780,-234,8102,1174,154,23,125,12585,2,-1,0,0,36912,133,30,65,0,0,0,0,0,0,0,0,-32305,0,0,0,0,0,288954,0
288785,-260,8120,1208,156,28,126,12585,4,1,1,0,36912,133,30,65,0,0,0,0,0,0,0,0,-32306,0,0,0,0,0,288959,0
288790,-260,8114,1216,153,25,128,12584,-11,4,0,0,36914,132,30,65,0,0,0,0,0,0,0,0,-32305,0,0,0,0,0,288964,0
288795,-298,8126,1214,149,27,124,12585,3,0,0,0,36914,132,30,65,0,0,0,0,0,0,0,0,-32305,0,0,0,0,0,288969,0
288800,-338,8126,1216,146,30,129,12584,1,-1,1,0,36915,139,30,65,0,0,0,0,0,0,0,0,-32305,0,0,0,0,0,288974,0
288805,-308,8130,1214,150,29,126,12585,0,0,0,0,36915,139,30,65,0,0,0,0,0,0,0,0,-32305,0,0,0,0,0,288979,0
288810,-324,8136,1212,152,27,132,12584,-3,-1,0,0,36923,135,30,65,0,0,0,0,0,0,0,0,-32306,0,0,0,0,0,288984,0
288815,-376,8100,1220,144,26,124,12584,-8,4,0,0,36923,135,30,65,0,0,0,0,0,0,0,0,-32306,0,0,0,0,0,288989,0
288820,-370,8060,1210,140,24,126,12585,3,-3,0,0,36925,133,30,65,0,0,0,0,0,0,0,0,-32305,0,0,0,0,0,288994,0
288825,-350,8022,1216,140,27,120,12585,0,0,0,0,36925,133,30,65,0,0,0,0,0,0,0,0,-32306,0,0,0,0,0,288999,0
288830,-364,8024,1236,139,27,122,12585,-2,3,0,0,36926,131,30,65,0,0,0,0,0,0,0,0,-32305,0,0,0,0,0,289004,0
288835,-376,7986,1226,137,24,123,12584,-7,-1,0,0,36926,131,30,65,0,0,0,0,0,0,0,0,-32305,0,0,0,0,0,289009,0
288840,-360,7952,1222,133,26,114,12585,-1,2,0,0,36922,132,30,65,0,0,0,0,0,0,0,0,-32305,0,0,0,0,0,289014,0
288845,-370,7934,1232,140,31,114,12585,0,-2,1,0,36922,132,30,65,0,0,0,0,0,0,0,0,-32305,0,0,0,0,0,289019,0
288850,-356,7962,1224,133,35,108,12584,-5,2,0,0,36913,130,30,65,0,0,0,0,0,0,0,0,-32306,0,0,0,0,0,289024,0
288855,-348,7986,1236,137,41,109,12584,-3,0,1,0,36913,130,30,65,0,0,0,0,0,0,0,0,-32305,0,0,0,0,0,289029,0
288860,-338,8030,1228,139,54,102,12585,0,-4,1,0,36911,128,30,65,0,0,0,0,0,0,0,0,-32305,0,0,0,0,0,289034,0
288865,-330,8032,1224,140,58,104,12585,-5,-1,0,0,36911,128,30,65,0,0,0,0,0,0,0,0,-32305,0,0,0,0,0,289039,0
288870,-392,8012,1198,134,71,96,12584,-1,1,0,0,36914,133,30,65,0,0,0,0,0,0,0,0,-32305,0,0,0,0,0,289044,0
288875,-378,8010,1226,141,75,95,12584,1,1,1,0,36914,133,30,65,0,0,0,0,0,0,0,0,-32305,0,0,0,0,0,289049,0
288880,-358,7964,1228,138,94,91,12585,1,0,0,0,36915,134,30,65,0,0,0,0,0,0,0,0,-32305,0,0,0,0,0,289054,0
288885,-346,7972,1236,136,96,88,12584,2,2,0,0,36915,134,30,65,0,0,0,0,0,0,0,0,-32305,0,0,0,0,0,289059,0
288890,-342,7982,1250,147,101,82,12584,-1,4,0,0,36914,143,30,65,0,0,0,0,0,0,0,0,-32305,0,0,0,0,0,289064,0
288895,-374,7998,1240,141,111,82,12585,0,-2,1,0,36914,143,30,65,0,0,0,0,0,0,0,0,-32305,0,0,0,0,0,289069,0
288900,-394,8044,1238,139,125,74,12585,1,2,0,0,36912,138,30,65,0,0,0,0,0,0,0,0,-32306,0,0,0,0,0,289074,0
288905,-426,8020,1238,138,132,70,12584,0,2,1,0,36912,138,30,65,0,0,0,0,0,0,0,0,-32305,0,0,0,0,0,289079,0
288910,-426,8028,1250,133,131,72,12585,7,-1,2,0,36913,142,30,65,0,0,0,0,0,0,0,0,-32305,0,0,0,0,0,289084,0
288915,-446,8012,1262,132,133,69,12584,-3,0,0,0,36913,142,30,65,0,0,0,0,0,0,0,0,-32305,0,0,0,0,0,289089,0
288920,-448,7986,1226,124,136,57,12584,-1,4,0,0,36913,129,30,65,0,0,0,0,0,0,0,0,-32306,0,0,0,0,0,289094,0
288925,-486,7948,1250,121,139,50,12584,-2,0,1,0,36913,129,30,65,0,0,0,0,0,0,0,0,-32306,0,0,0,0,0,289099,0
288930,-462,7938,1232,116,141,48,12584,0,3,0,0,36913,131,30,65,0,0,0,0,0,0,0,0,-32305,0,0,0,0,0,289104,0
288935,-456,7920,1232,114,137,44,12585,-5,2,0,0,36913,131,30,65,0,0,0,0,0,0,0,0,-32305,0,0,0,0,0,289109,0
288940,-492,7944,1234,116,147,37,12585,2,3,1,0,36911,133,30,65,0,0,0,0,0,0,0,0,-32305,0,0,0,0,0,289114,0
288945,-494,7978,1232,108,145,40,12584,0,2,0,0,36911,133,30,65,0,0,0,0,0,0,0,0,-32306,0,0,0,0,0,289119,0
288950,-452,7930,1232,109,148,34,12584,-1,0,1,0,36910,137,30,65,0,0,0,0,0,0,0,0,-32305,0,0,0,0,0,289124,0
288955,-464,7964,1218,104,149,35,12584,4,2,2,0,36910,137,30,65,0,0,0,0,0,0,0,0,-32306,0,0,0,0,0,289129,0
288960,-474,7960,1222,103,157,29,12584,-6,3,1,0,36911,129,30,65,0,0,0,0,0,0,0,0,-32305,0,0,0,0,0,289134,0
288965,-460,7928,1200,103,161,27,12585,5,0,0,0,36911,129,30,65,0,0,0,0,0,0,0,0,-32305,0,0,0,0,0,289139,0
288970,-454,7926,1216,106,165,14,12585,0,6,0,0,36911,129,30,65,0,0,0,0,0,0,0,0,-32304,0,0,0,0,0,289144,0
288975,-460,7918,1210,99,161,14,12584,0,0,1,0,36911,129,30,65,0,0,0,0,0,0,0,0,-32305,0,0,0,0,0,289149,0
288980,-454,7980,1198,101,168,18,12584,0,0,0,0,36913,131,30,65,0,0,0,0,0,0,0,0,-32305,0,0,0,0,0,289154,0
288985,-440,8034,1194,105,167,9,12584,-6,-1,0,0,36913,131,30,65,0,0,0,0,0,0,0,0,-32305,0,0,0,0,0,289159,0
288990,-456,8060,1168,111,169,10,12585,-2,-1,1,0,36915,129,30,65,0,0,0,0,0,0,0,0,-32305,0,0,0,0,0,289164,0
288995,-440,8076,1160,110,176,9,12584,-1,1,1,0,36915,129,30,65,0,0,0,0,0,0,0,0,-32305,0,0,0,0,0,289169,0
289000,-462,8054,1164,116,171,6,12584,-5,3,1,0,36914,131,30,65,0,0,0,0,0,0,0,0,-32305,0,0,0,0,0,289174,0
289005,-458,8072,1168,121,168,8,12585,2,-1,0,0,36914,131,30,65,0,0,0,0,0,0,0,0,-32305,0,0,0,0,0,289179,0
289010,-456,8074,1160,122,163,2,12584,-7,1,1,0,36914,134,30,65,0,0,0,0,0,0,0,0,-32306,0,0,0,0,0,289184,0
289015,-456,8076,1142,121,166,2,12585,0,2,0,0,36914,134,30,65,0,0,0,0,0,0,0,0,-32305,0,0,0,0,0,289189,0
289020,-472,8104,1166,129,154,-7,12585,2,0,2,0,36919,140,30,65,0,0,0,0,0,0,0,0,-32305,0,0,0,0,0,289194,0
289025,-474,8132,1146,126,150,-12,12584,-3,1,1,0,36919,140,30,65,0,0,0,0,0,0,0,0,-32305,0,0,0,0,0,289199,0
289030,-496,8132,1144,126,140,-14,12586,3,-3,0,0,36920,139,30,65,0,0,0,0,0,0,0,0,-32305,0,0,0,0,0,289204,0
289035,-464,8184,1172,126,139,-9,12584,-7,-1,0,0,36920,139,30,65,0,0,0,0,0,0,0,0,-32305,0,0,0,0,0,289209,0
289040,-496,8212,1174,126,118,-14,12585,2,3,0,0,36922,139,30,65,0,0,0,0,0,0,0,0,-32305,0,0,0,0,0,289214,0
289045,-468,8236,1196,130,113,-12,12585,1,-5,0,0,36922,139,30,65,0,0,0,0,0,0,0,0,-32305,0,0,0,0,0,289219,0
289050,-476,8260,1182,134,110,-14,12586,1,0,0,0,36925,144,30,65,0,0,0,0,0,0,0,0,-32306,0,0,0,0,0,289224,0
289055,-466,8252,1204,126,100,-16,12585,4,-2,1,0,36925,144,30,65,0,0,0,0,0,0,0,0,-32305,0,0,0,0,0,289229,0
289060,-420,8240,1212,130,99,-13,12584,-2,-1,0,0,36917,146,30,65,0,0,0,0,0,0,0,0,-32305,0,0,0,0,0,289234,0
289065,-452,8230,1210,128,88,-13,12585,7,0,0,0,36917,146,30,65,0,0,0,0,0,0,0,0,-32305,0,0,0,0,0,289239,0
289070,-408,8212,1204,130,84,-14,12585,3,-1,-1,0,36916,133,30,65,0,0,0,0,0,0,0,0,-32306,0,0,0,0,0,289244,0
289075,-408,8160,1210,125,82,-9,12584,2,3,1,0,36916,133,30,65,0,0,0,0,0,0,0,0,-32305,0,0,0,0,0,289249,0
289080,-388,8128,1204,130,80,-9,12586,7,-1,1,0,36913,128,30,65,0,0,0,0,0,0,0,0,-32305,0,0,0,0,0,289254,0
289085,-386,8098,1226,128,78,-7,12585,0,-1,0,0,36913,128,30,65,0,0,0,0,0,0,0,0,-32305,0,0,0,0,0,289259,0
289090,-386,8098,1218,134,75,-8,12586,3,0,0,0,36914,127,30,65,0,0,0,0,0,0,0,0,-32305,0,0,0,0,0,289264,0
289095,-356,8088,1206,131,73,-5,12585,1,-5,1,0,36914,127,30,65,0,0,0,0,0,0,0,0,-32305,0,0,0,0,0,289269,0
289100,-414,8044,1182,131,73,-8,12585,-1,-2,1,0,36913,129,30,65,0,0,0,0,0,0,0,0,-32306,0,0,0,0,0,289275,0
289105,-408,8000,1186,135,67,-5,12584,-6,-2,0,0,36913,129,30,65,0,0,0,0,0,0,0,0,-32305,0,0,0,0,0,289280,0
289110,-402,7948,1190,129,59,-10,12584,-3,-4,0,0,36912,129,30,65,0,0,0,0,0,0,0,0,-32305,0,0,0,0,0,289285,0
289115,-446,7946,1206,133,67,-15,12585,1,-1,1,0,36912,129,30,65,0,0,0,0,0,0,0,0,-32305,0,0,0,0,0,289290,0
289120,-438,7902,1208,134,53,-11,12584,-1,4,0,0,36911,124,30,65,0,0,0,0,0,0,0,0,-32305,0,0,0,0,0,289295,0
289125,-450,7910,1196,131,48,-12,12585,2,0,1,0,36911,124,30,65,0,0,0,0,0,0,0,0,-32305,0,0,0,0,0,289300,0
289130,-474,7890,1194,133,41,-12,12584,-7,-2,0,0,36917,125,30,65,0,0,0,0,0,0,0,0,-32305,0,0,0,0,0,289305,0
289135,-462,7874,1206,132,40,-19,12585,3,0,0,0,36917,125,30,65,0,0,0,0,0,0,0,0,-32305,0,0,0,0,0,289310,0
289140,-468,7884,1206,132,34,-22,12584,0,0,0,0,36918,133,30,65,0,0,0,0,0,0,0,0,-32305,0,0,0,0,0,289315,0
289145,-448,7888,1240,134,24,-26,12585,0,0,1,0,36918,133,30,65,0,0,0,0,0,0,0,0,-32305,0,0,0,0,0,289320,0
289150,-430,7908,1240,131,22,-20,12585,2,-3,-1,0,36917,139,30,65,0,0,0,0,0,0,0,0,-32305,0,0,0,0,0,289325,0
289155,-436,7922,1236,126,18,-23,12585,7,3,1,0,36917,139,30,65,0,0,0,0,0,0,0,0,-32305,0,0,0,0,0,289330,0
289160,-402,7890,1240,121,11,-22,12584,3,-2,2,0,36911,143,30,65,0,0,0,0,0,0,0,0,-32305,0,0,0,0,0,289335,0
289165,-380,7898,1232,118,9,-25,12584,1,2,1,0,36911,143,30,65,0,0,0,0,0,0,0,0,-32305,0,0,0,0,0,289340,0
289170,-368,7910,1228,115,10,-21,12585,2,0,1,0,36914,139,30,65,0,0,0,0,0,0,0,0,-32305,0,0,0,0,0,289345,0
289175,-328,7930,1248,112,11,-26,12584,-2,1,0,0,36914,139,30,65,0,0,0,0,0,0,0,0,-32305,0,0,0,0,0,289350,0
289180,-316,7960,1238,97,20,-23,12584,-4,-4,0,0,36916,137,30,65,0,0,0,0,0,0,0,0,-32305,0,0,0,0,0,289355,0
289185,-310,7948,1234,101,18,-23,12585,3,-2,0,0,36916,137,30,65,0,0,0,0,0,0,0,0,-32305,0,0,0,0,0,289360,0
289190,-298,7926,1248,90,23,-22,12584,-3,-5,0,0,36915,132,30,65,0,0,0,0,0,0,0,0,-32305,0,0,0,0,0,289365,0
289195,-296,7942,1234,90,25,-13,12585,0,1,0,0,36915,132,30,65,0,0,0,0,0,0,0,0,-32305,0,0,0,0,0,289370,0
289200,-290,7936,1230,79,31,-15,12583,-2,-2,1,0,36912,133,30,65,0,0,0,0,0,0,0,0,-32305,0,0,0,0,0,289375,0
289205,-298,7956,1200,76,34,-9,12585,1,0,0,0,36912,133,30,65,0,0,0,0,0,0,0,0,-32305,0,0,0,0,0,289380,0
289210,-312,7948,1188,73,39,-15,12585,1,2,1,0,36911,137,30,65,0,0,0,0,0,0,0,0,-32305,0,0,0,0,0,289385,0
289215,-284,7946,1190,74,45,-11,12584,0,-2,2,0,36911,137,30,65,0,0,0,0,0,0,0,0,-32305,0,0,0,0,0,289390,0
289220,-326,7938,1172,70,47,-17,12585,3,0,0,0,36913,133,30,65,0,0,0,0,0,0,0,0,-32305,0,0,0,0,0,289395,0
289225,-332,7972,1182,64,56,-13,12584,-8,-2,0,0,36913,133,30,65,0,0,0,0,0,0,0,0,-32305,0,0,0,0,0,289400,0
289230,-344,8002,1170,67,58,-11,12584,-4,0,-1,0,36916,134,30,65,0,0,0,0,0,0,0,0,-32305,0,0,0,0,0,289405,0
289235,-330,8006,1146,59,48,-11,12585,4,1,-1,0,36916,134,30,65,0,0,0,0,0,0,0,0,-32305,0,0,0,0,0,289410,0
289240,-330,8020,1144,57,53,-14,12584,-1,-4,0,0,36916,131,30,65,0,0,0,0,0,0,0,0,-32305,0,0,0,0,0,289415,0
289245,-340,8034,1118,60,58,-11,12584,-3,1,1,0,36916,131,30,65,0,0,0,0,0,0,0,0,-32305,0,0,0,0,0,289420,0
289250,-330,8026,1100,56,47,-9,12585,0,3,0,0,36915,125,30,65,0,0,0,0,0,0,0,0,-32305,0,0,0,0,0,289425,0
289255,-304,8030,1108,57,49,-3,12583,-8,-5,1,0,36915,125,30,65,0,0,0,0,0,0,0,0,-32305,0,0,0,0,0,289430,0
289260,-308,8040,1118,57,49,-3,12585,3,-2,2,0,36914,120,30,65,0,0,0,0,0,0,0,0,-32305,0,0,0,0,0,289435,0
289265,-294,8072,1092,55,47,-6,12585,4,2,1,0,36914,120,30,65,0,0,0,0,0,0,0,0,-32305,0,0,0,0,0,289440,0
289270,-300,8022,1076,55,36,0,12586,2,4,0,0,36909,125,30,65,0,0,0,0,0,0,0,0,-32305,0,0,0,0,0,289445,0
289275,-308,8054,1066,61,33,1,12584,-1,1,0,0,36909,125,30,65,0,0,0,0,0,0,0,0,-32305,0,0,0,0,0,289450,0
289280,-292,8110,1076,60,42,13,12585,-3,0,0,0,36910,127,30,65,0,0,0,0,0,0,0,0,-32305,0,0,0,0,0,289455,0
289285,-270,8176,1082,61,40,14,12585,0,4,0,0,36910,127,30,65,0,0,0,0,0,0,0,0,-32305,0,0,0,0,0,289460,0
289290,-254,8216,1052,63,43,20,12585,-2,2,0,0,36912,134,30,65,0,0,0,0,0,0,0,0,-32305,0,0,0,0,0,289465,0
289295,-278,8226,1052,62,46,26,12584,-7,3,1,0,36912,134,30,65,0,0,0,0,0,0,0,0,-32305,0,0,0,0,0,289470,0
289300,-296,8230,1030,63,45,32,12585,3,1,1,0,36916,129,30,65,0,0,0,0,0,0,0,0,-32305,0,0,0,0,0,289475,0
289305,-268,8262,1032,75,46,38,12583,-2,-2,0,0,36916,129,30,65,0,0,0,0,0,0,0,0,-32305,0,0,0,0,0,289480,0
289310,-284,8246,1016,74,50,43,12585,0,2,2,0,36919,136,30,65,0,0,0,0,0,0,0,0,-32305,0,0,0,0,0,289485,0
289315,-252,8262,1034,81,48,43,12584,0,1,1,0,36919,136,30,65,0,0,0,0,0,0,0,0,-32305,0,0,0,0,0,289490,0
289320,-290,8264,1046,87,53,43,12584,0,-4,0,0,36917,127,30,65,0,0,0,0,0,0,0,0,-32305,0,0,0,0,0,289495,0
289325,-296,8268,1012,95,51,49,12584,1,-2,0,0,36917,127,30,65,0,0,0,0,0,0,0,0,-32305,0,0,0,0,0,289500,0
289330,-268,8230,1008,97,48,51,12584,0,1,0,0,36915,125,30,65,0,0,0,0,0,0,0,0,-32305,0,0,0,0,0,289505,0
289335,-326,8248,1010,102,51,54,12584,-4,3,1,0,36915,125,30,65,0,0,0,0,0,0,0,0,-32305,0,0,0,0,0,289510,0
289340,-326,8322,1040,108,44,52,12586,5,4,3,0,36917,131,30,65,0,0,0,0,0,0,0,0,-32305,0,0,0,0,0,289515,0
289345,-312,8308,1058,109,47,55,12586,8,2,0,0,36917,131,30,65,0,0,0,0,0,0,0,0,-32305,0,0,0,0,0,289520,0
289350,-320,8296,1046,110,48,55,12585,-1,2,0,0,36919,141,30,65,0,0,0,0,0,0,0,0,-32305,0,0,0,0,0,289525,0
289355,-330,8312,1038,114,43,51,12585,4,2,0,0,36919,141,30,65,0,0,0,0,0,0,0,0,-32305,0,0,0,0,0,289530,0
289360,-342,8316,1058,118,38,55,12584,-1,0,0,0,36919,144,30,65,0,0,0,0,0,0,0,0,-32305,0,0,0,0,0,289535,0
289365,-346,8322,1072,118,37,52,12585,1,1,0,0,36919,144,30,65,0,0,0,0,0,0,0,0,-32305,0,0,0,0,0,289540,0
289370,-368,8318,1090,113,33,54,12584,1,-2,0,0,36914,142,30,65,0,0,0,0,0,0,0,0,-32305,0,0,0,0,0,289545,0
289375,-380,8288,1078,121,28,54,12585,2,1,0,0,36914,142,30,65,0,0,0,0,0,0,0,0,-32305,0,0,0,0,0,289550,0
289380,-382,8248,1084,123,24,52,12584,-5,1,1,0,36914,136,30,65,0,0,0,0,0,0,0,0,-32305,0,0,0,0,0,289555,0
289385,-410,8262,1088,117,14,51,12584,-5,2,3,0,36914,136,30,65,0,0,0,0,0,0,0,0,-32305,0,0,0,0,0,289560,0
289390,-428,8252,1120,120,11,57,12585,3,-1,1,0,36913,138,30,65,0,0,0,0,0,0,0,0,-32305,0,0,0,0,0,289564,0
289395,-412,8210,1110,117,11,51,12585,4,0,0,0,36913,138,30,65,0,0,0,0,0,0,0,0,-32305,0,0,0,0,0,289569,0
289400,-420,8144,1132,118,3,49,12584,-2,-4,0,0,36911,130,30,65,0,0,0,0,0,0,0,0,-32305,0,0,0,0,0,289574,0
289405,-378,8084,1126,119,-3,47,12584,-2,3,0,0,36911,130,30,65,0,0,0,0,0,0,0,0,-32305,0,0,0,0,0,289579,0
289410,-408,8056,1106,108,-12,49,12584,0,-5,0,0,36909,133,30,65,0,0,0,0,0,0,0,0,-32305,0,0,0,0,0,289584,0
289415,-424,8038,1144,114,-19,48,12585,-6,2,1,0,36909,133,30,65,0,0,0,0,0,0,0,0,-32305,0,0,0,0,0,289589,0
289420,-416,7936,1132,110,-25,39,12585,6,-1,0,0,36909,130,30,65,0,0,0,0,0,0,0,0,-32305,0,0,0,0,0,289594,0
289425,-416,7944,1150,105,-35,35,12585,1,-1,1,0,36909,130,30,65,0,0,0,0,0,0,0,0,-32305,0,0,0,0,0,289599,0
289430,-418,7890,1156,110,-35,29,12585,3,-1,0,0,36913,132,30,65,0,0,0,0,0,0,0,0,-32305,0,0,0,0,0,289604,0
289435,-462,7854,1122,108,-46,35,12585,-4,1,0,0,36913,132,30,65,0,0,0,0,0,0,0,0,-32305,0,0,0,0,0,289609,0
289440,-426,7852,1138,99,-49,25,12584,0,-2,1,0,36913,137,30,65,0,0,0,0,0,0,0,0,-32305,0,0,0,0,0,289614,0
289445,-408,7810,1160,97,-58,22,12584,-3,-5,3,0,36913,137,30,65,0,0,0,0,0,0,0,0,-32305,0,0,0,0,0,289619,0
289450,-426,7824,1136,101,-59,24,12585,0,2,0,0,36915,144,30,65,0,0,0,0,0,0,0,0,-32305,0,0,0,0,0,289624,0
289455,-436,7834,1146,101,-69,20,12584,1,1,0,0,36915,144,30,65,0,0,0,0,0,0,0,0,-32305,0,0,0,0,0,289629,0
289460,-428,7782,1136,89,-80,18,12585,4,0,1,0,36913,139,30,65,0,0,0,0,0,0,0,0,-32305,0,0,0,0,0,289634,0
289465,-440,7766,1150,90,-87,11,12585,-1,0,0,0,36913,139,30,65,0,0,0,0,0,0,0,0,-32305,0,0,0,0,0,289639,0
289470,-432,7750,1140,90,-93,12,12584,-5,1,1,0,36914,130,30,65,0,0,0,0,0,0,0,0,-32305,0,0,0,0,0,289644,0
289475,-384,7752,1136,94,-101,7,12584,0,-1,1,0,36914,130,30,65,0,0,0,0,0,0,0,0,-32305,0,0,0,0,0,289649,0
289480,-398,7702,1122,91,-111,0,12585,3,-1,1,0,36909,122,30,65,0,0,0,0,0,0,0,0,-32305,0,0,0,0,0,289654,0
289485,-360,7734,1124,88,-122,4,12585,2,1,0,0,36909,122,30,65,0,0,0,0,0,0,0,0,-32305,0,0,0,0,0,289659,0
289490,-348,7702,1136,84,-130,9,12584,0,4,0,0,36911,125,30,65,0,0,0,0,0,0,0,0,-32306,0,0,0,0,0,289664,0
289495,-338,7736,1124,89,-138,4,12584,3,2,0,0,36911,125,30,65,0,0,0,0,0,0,0,0,-32305,0,0,0,0,0,289669,0
289500,-334,7776,1094,81,-145,6,12585,5,-2,1,0,36911,138,30,65,0,0,0,0,0,0,0,0,-32305,0,0,0,0,0,289674,0
289505,-320,7812,1118,79,-153,9,12584,-2,-1,0,0,36911,138,30,65,0,0,0,0,0,0,0,0,-32305,0,0,0,0,0,289679,0
289510,-310,7802,1092,78,-155,9,12584,-1,1,1,0,36911,141,30,65,0,0,0,0,0,0,0,0,-32305,0,0,0,0,0,289684,0
289515,-316,7836,1098,72,-160,10,12585,7,1,0,0,36911,141,30,65,0,0,0,0,0,0,0,0,-32305,0,0,0,0,0,289689,0
289520,-290,7874,1090,75,-157,16,12584,-3,-1,0,0,36910,134,30,65,0,0,0,0,0,0,0,0,-32306,0,0,0,0,0,289694,0
289525,-292,7870,1086,72,-162,16,12586,0,-2,1,0,36910,134,30,65,0,0,0,0,0,0,0,0,-32305,0,0,0,0,0,289699,0
289530,-290,7856,1080,64,-160,14,12584,-2,0,0,0,36911,137,30,65,0,0,0,0,0,0,0,0,-32305,0,0,0,0,0,289704,0
289535,-326,7908,1074,66,-156,15,12585,1,2,0,0,36911,137,30,65,0,0,0,0,0,0,0,0,-32305,0,0,0,0,0,289709,0
289540,-306,7918,1062,57,-156,15,12584,-10,-5,1,0,36913,141,30,65,0,0,0,0,0,0,0,0,-32306,0,0,0,0,0,289714,0
289545,-278,7954,1054,59,-149,14,12585,3,4,2,0,36913,141,30,65,0,0,0,0,0,0,0,0,-32305,0,0,0,0,0,289719,0
289550,-304,7986,1036,57,-146,11,12584,2,4,1,0,36917,140,30,65,0,0,0,0,0,0,0,0,-32305,0,0,0,0,0,289724,0
289555,-294,7980,1040,60,-143,10,12584,0,-1,1,0,36917,140,30,65,0,0,0,0,0,0,0,0,-32305,0,0,0,0,0,289729,0
289560,-274,8036,996,56,-139,16,12585,0,-1,1,0,36916,132,30,65,0,0,0,0,0,0,0,0,-32305,0,0,0,0,0,289734,0
289565,-294,8036,982,58,-133,7,12585,3,8,1,0,36916,132,30,65,0,0,0,0,0,0,0,0,-32305,0,0,0,0,0,289739,0
289570,-314,8058,1002,62,-131,5,12585,1,1,1,0,36913,134,30,65,0,0,0,0,0,0,0,0,-32306,0,0,0,0,0,289744,0
289575,-294,8112,936,63,-128,6,12584,0,-1,0,0,36913,134,30,65,0,0,0,0,0,0,0,0,-32305,0,0,0,0,0,289749,0
289580,-284,8134,942,65,-116,1,12584,-1,-5,0,0,36911,125,30,65,0,0,0,0,0,0,0,0,-32305,0,0,0,0,0,289754,0
289585,-300,8148,938,64,-117,5,12583,-6,1,0,0,36911,125,30,65,0,0,0,0,0,0,0,0,-32305,0,0,0,0,0,289759,0
289590,-302,8164,908,72,-109,2,12585,5,2,1,0,36911,129,30,65,0,0,0,0,0,0,0,0,-32305,0,0,0,0,0,289764,0
289595,-282,8178,918,73,-113,8,12585,9,2,0,0,36911,129,30,65,0,0,0,0,0,0,0,0,-32305,0,0,0,0,0,289769,0
289600,-250,8194,902,82,-105,7,12584,-3,1,2,0,36911,123,30,65,0,0,0,0,0,0,0,0,-32305,0,0,0,0,0,289774,0
289605,-256,8178,904,93,-100,8,12585,-3,-2,1,0,36911,123,30,65,0,0,0,0,0,0,0,0,-32305,0,0,0,0,0,289779,0
289610,-258,8186,906,91,-91,11,12585,5,-1,0,0,36910,126,30,65,0,0,0,0,0,0,0,0,-32305,0,0,0,0,0,289784,0
289615,-252,8156,886,94,-88,16,12586,3,1,1,0,36910,126,30,65,0,0,0,0,0,0,0,0,-32306,0,0,0,0,0,289789,0
289620,-232,8210,888,110,-80,17,12585,4,-5,0,0,36911,127,30,65,0,0,0,0,0,0,0,0,-32305,0,0,0,0,0,289794,0
289625,-208,8208,862,119,-75,23,12585,1,-1,1,0,36911,127,30,65,0,0,0,0,0,0,0,0,-32305,0,0,0,0,0,289799,0
289630,-196,8186,876,120,-71,26,12585,9,1,1,0,36912,131,30,65,0,0,0,0,0,0,0,0,-32305,0,0,0,0,0,289804,0
289635,-202,8184,872,130,-71,30,12584,-2,-1,1,0,36912,131,30,65,0,0,0,0,0,0,0,0,-32305,0,0,0,0,0,289809,0
289640,-228,8164,862,144,-60,38,12585,4,-2,0,0,36912,135,30,65,0,0,0,0,0,0,0,0,-32305,0,0,0,0,0,289814,0
289645,-198,8192,868,145,-57,46,12584,-3,-1,0,0,36912,135,30,65,0,0,0,0,0,0,0,0,-32305,0,0,0,0,0,289819,0
289650,-214,8204,896,153,-55,55,12585,-2,0,1,0,36912,141,30,65,0,0,0,0,0,0,0,0,-32304,0,0,0,0,0,289824,0
289655,-184,8210,876,163,-49,50,12585,4,-3,0,0,36912,141,30,65,0,0,0,0,0,0,0,0,-32305,0,0,0,0,0,289829,0
289660,-212,8200,904,179,-42,61,12586,7,0,0,0,36911,134,30,65,0,0,0,0,0,0,0,0,-32306,0,0,0,0,0,289834,0
289665,-242,8210,894,182,-35,65,12584,1,-1,0,0,36911,134,30,65,0,0,0,0,0,0,0,0,-32305,0,0,0,0,0,289839,0
289670,-216,8234,928,186,-32,68,12585,-4,-2,1,0,36909,129,30,65,0,0,0,0,0,0,0,0,-32305,0,0,0,0,0,289844,0
289675,-228,8240,948,185,-31,72,12584,-1,-3,1,0,36909,129,30,65,0,0,0,0,0,0,0,0,-32305,0,0,0,0,0,289849,0
289680,-266,8228,970,190,-23,77,12584,-3,-3,0,0,36910,130,30,65,0,0,0,0,0,0,0,0,-32305,0,0,0,0,0,289854,0
289685,-244,8206,970,201,-10,81,12584,0,0,0,0,36910,130,30,65,0,0,0,0,0,0,0,0,-32305,0,0,0,0,0,289859,0
289690,-274,8192,974,202,-6,80,12585,0,-1,0,0,36912,142,30,65,0,0,0,0,0,0,0,0,-32305,0,0,0,0,0,289864,0
289695,-244,8176,996,203,-7,84,12583,-4,2,0,0,36912,142,30,65,0,0,0,0,0,0,0,0,-32305,0,0,0,0,0,289869,0
289700,-260,8216,1018,206,4,88,12586,4,1,0,0,36912,144,30,65,0,0,0,0,0,0,0,0,-32305,0,0,0,0,0,289874,0
289705,-248,8166,1034,210,11,89,12584,-2,-5,0,0,36912,144,30,65,0,0,0,0,0,0,0,0,-32305,0,0,0,0,0,289879,0
289710,-250,8162,1028,203,11,88,12584,0,4,0,0,36911,140,30,65,0,0,0,0,0,0,0,0,-32305,0,0,0,0,0,289884,0
289715,-282,8116,1024,203,14,86,12585,3,-1,0,0,36911,140,30,65,0,0,0,0,0,0,0,0,-32306,0,0,0,0,0,289889,0
289720,-310,8126,1086,203,20,87,12586,7,2,0,0,36910,133,30,65,0,0,0,0,0,0,0,0,-32305,0,0,0,0,0,289894,0
289725,-292,8134,1104,201,27,81,12584,-1,-1,1,0,36910,133,30,65,0,0,0,0,0,0,0,0,-32305,0,0,0,0,0,289899,0
289730,-300,8082,1082,198,30,90,12583,-10,1,0,0,36910,133,30,65,0,0,0,0,0,0,0,0,-32305,0,0,0,0,0,289904,0
289735,-302,8056,1084,194,26,83,12585,0,-1,0,0,36910,133,30,65,0,0,0,0,0,0,0,0,-32305,0,0,0,0,0,289909,0
289740,-322,7992,1096,186,33,79,12586,7,2,1,0,36909,134,30,65,0,0,0,0,0,0,0,0,-32306,0,0,0,0,0,289914,0
289745,-328,7932,1094,186,23,86,12584,0,2,0,0,36909,134,30,65,0,0,0,0,0,0,0,0,-32305,0,0,0,0,0,289919,0
289750,-332,7900,1114,180,20,83,12585,7,1,0,0,36907,133,30,65,0,0,0,0,0,0,0,0,-32305,0,0,0,0,0,289924,0
289755,-302,7906,1106,177,29,83,12586,-1,-1,2,0,36907,133,30,65,0,0,0,0,0,0,0,0,-32306,0,0,0,0,0,289929,0
289760,-296,7862,1102,167,25,87,12585,6,5,2,0,36907,129,30,65,0,0,0,0,0,0,0,0,-32305,0,0,0,0,0,289934,0
289765,-306,7854,1104,165,22,86,12585,2,-1,0,0,36907,129,30,65,0,0,0,0,0,0,0,0,-32305,0,0,0,0,0,289939,0
289770,-338,7804,1076,161,18,86,12584,0,-2,0,0,36911,135,30,65,0,0,0,0,0,0,0,0,-32305,0,0,0,0,0,289944,0
289775,-308,7766,1072,156,17,94,12585,8,-6,0,0,36911,135,30,65,0,0,0,0,0,0,0,0,-32305,0,0,0,0,0,289949,0
289780,-282,7758,1086,157,19,91,12585,2,3,0,0,36913,127,30,65,0,0,0,0,0,0,0,0,-32305,0,0,0,0,0,289954,0
289785,-294,7748,1058,155,18,98,12585,5,-2,1,0,36913,127,30,65,0,0,0,0,0,0,0,0,-32305,0,0,0,0,0,289959,0
289790,-266,7736,1058,157,17,103,12585,-4,-2,1,0,36917,130,30,65,0,0,0,0,0,0,0,0,-32305,0,0,0,0,0,289964,0
289795,-300,7726,1074,155,16,100,12584,-2,-3,0,0,36917,130,30,65,0,0,0,0,0,0,0,0,-32305,0,0,0,0,0,289969,0
289800,-284,7760,1052,159,6,117,12584,-7,-2,1,0,36928,129,30,65,0,0,0,0,0,0,0,0,-32305,0,0,0,0,0,289974,0
289805,-266,7792,1046,156,6,119,12584,-3,-3,0,0,36928,129,30,65,0,0,0,0,0,0,0,0,-32305,0,0,0,0,0,289979,0
289810,-258,7804,1038,157,8,120,12584,4,1,1,0,36936,134,31,65,0,0,0,0,0,0,0,0,-32305,0,0,0,0,0,289984,0
289815,-274,7794,1050,154,4,126,12585,-3,3,1,0,36936,134,31,65,0,0,0,0,0,0,0,0,-32305,0,0,0,0,0,289989,0
289820,-312,7764,1060,152,-7,126,12585,1,1,0,0,36936,135,30,65,0,0,0,0,0,0,0,0,-32306,0,0,0,0,0,289994,0
289825,-300,7738,1048,148,-10,132,12585,3,2,0,0,36936,135,30,65,0,0,0,0,0,0,0,0,-32305,0,0,0,0,0,289999,0
289830,-294,7758,1032,148,-21,134,12584,-5,1,0,0,36924,140,30,65,0,0,0,0,0,0,0,0,-32305,0,0,0,0,0,290004,0
289835,-300,7782,1066,147,-23,141,12583,0,-4,0,0,36924,140,30,65,0,0,0,0,0,0,0,0,-32305,0,0,0,0,0,290009,0
289840,-314,7840,1030,149,-30,140,12584,-9,-2,1,0,36915,139,30,65,0,0,0,0,0,0,0,0,-32305,0,0,0,0,0,290014,0
289845,-296,7838,1020,144,-40,139,12584,0,1,0,0,36915,139,30,65,0,0,0,0,0,0,0,0,-32305,0,0,0,0,0,290019,0
289850,-350,7838,1018,143,-38,141,12585,-1,2,0,0,36910,142,30,65,0,0,0,0,0,0,0,0,-32306,0,0,0,0,0,290024,0
289855,-350,7886,1000,147,-45,144,12585,5,4,1,0,36910,142,30,65,0,0,0,0,0,0,0,0,-32305,0,0,0,0,0,290029,0
289860,-326,7936,1008,133,-60,151,12584,-6,-4,1,0,36910,137,30,65,0,0,0,0,0,0,0,0,-32305,0,0,0,0,0,290034,0
289865,-344,7978,1008,134,-68,150,12585,0,2,1,0,36910,137,30,65,0,0,0,0,0,0,0,0,-32305,0,0,0,0,0,290039,0
289870,-320,8014,1008,131,-68,150,12585,0,0,3,0,36914,132,30,65,0,0,0,0,0,0,0,0,-32305,0,0,0,0,0,290044,0
289875,-346,8044,1016,135,-76,156,12584,0,5,0,0,36914,132,30,65,0,0,0,0,0,0,0,0,-32305,0,0,0,0,0,290049,0
289880,-362,8070,980,140,-84,163,12584,-1,-2,1,0,36912,123,30,65,0,0,0,0,0,0,0,0,-32305,0,0,0,0,0,290054,0
289885,-356,8126,976,138,-86,168,12584,0,-2,0,0,36912,123,30,65,0,0,0,0,0,0,0,0,-32306,0,0,0,0,0,290059,0
289890,-338,8174,966,135,-90,171,12586,1,4,1,0,36913,125,30,65,0,0,0,0,0,0,0,0,-32305,0,0,0,0,0,290064,0
289895,-356,8206,958,129,-92,171,12584,5,4,1,0,36913,125,30,65,0,0,0,0,0,0,0,0,-32305,0,0,0,0,0,290069,0
289900,-356,8234,944,138,-98,177,12584,-2,2,1,0,36908,131,30,65,0,0,0,0,0,0,0,0,-32305,0,0,0,0,0,290074,0
289905,-332,8232,936,137,-97,173,12584,0,-3,2,0,36908,131,30,65,0,0,0,0,0,0,0,0,-32305,0,0,0,0,0,290079,0
289910,-354,8252,906,143,-100,180,12584,-1,0,1,0,36908,130,30,65,0,0,0,0,0,0,0,0,-32305,0,0,0,0,0,290084,0
289915,-356,8260,926,138,-106,184,12584,-7,4,0,0,36908,130,30,65,0,0,0,0,0,0,0,0,-32305,0,0,0,0,0,290089,0
289920,-392,8298,886,146,-108,181,12584,0,2,0,0,36907,132,30,65,0,0,0,0,0,0,0,0,-32305,0,0,0,0,0,290094,0
289925,-350,8296,900,149,-109,175,12585,3,2,-1,0,36907,132,30,65,0,0,0,0,0,0,0,0,-32305,0,0,0,0,0,290099,0
289930,-398,8302,878,148,-114,179,12584,2,0,1,0,36909,136,30,65,0,0,0,0,0,0,0,0,-32305,0,0,0,0,0,290104,0
289935,-402,8284,862,151,-115,181,12585,2,2,0,0,36909,136,30,65,0,0,0,0,0,0,0,0,-32306,0,0,0,0,0,290109,0
289940,-412,8278,874,156,-115,175,12585,5,0,1,0,36910,133,30,65,0,0,0,0,0,0,0,0,-32305,0,0,0,0,0,290114,0
289945,-424,8266,866,149,-123,170,12585,5,3,0,0,36910,133,30,65,0,0,0,0,0,0,0,0,-32305,0,0,0,0,0,290119,0
289950,-394,8296,844,161,-121,168,12586,2,-5,0,0,36911,131,30,65,0,0,0,0,0,0,0,0,-32305,0,0,0,0,0,290124,0
289955,-412,8248,864,162,-122,163,12584,-2,-3,0,0,36911,131,30,65,0,0,0,0,0,0,0,0,-32305,0,0,0,0,0,290129,0
289960,-412,8230,832,169,-124,153,12584,-4,0,1,0,36909,133,30,65,0,0,0,0,0,0,0,0,-32306,0,0,0,0,0,290134,0
289965,-412,8228,848,171,-121,150,12584,-1,-1,1,0,36909,133,30,65,0,0,0,0,0,0,0,0,-32306,0,0,0,0,0,290139,0
289970,-394,8226,862,175,-122,156,12585,3,1,-1,0,36915,131,30,65,0,0,0,0,0,0,0,0,-32305,0,0,0,0,0,290144,0
289975,-372,8216,858,180,-119,151,12584,0,-1,-1,0,36915,131,30,65,0,0,0,0,0,0,0,0,-32305,0,0,0,0,0,290149,0
289980,-370,8182,856,185,-115,138,12585,2,2,0,0,36916,131,30,65,0,0,0,0,0,0,0,0,-32305,0,0,0,0,0,290154,0
289985,-330,8154,856,185,-114,141,12585,4,-1,0,0,36916,131,30,65,0,0,0,0,0,0,0,0,-32305,0,0,0,0,0,290159,0
289990,-336,8188,864,191,-106,133,12584,0,3,0,0,36916,130,30,65,0,0,0,0,0,0,0,0,-32305,0,0,0,0,0,290164,0
289995,-286,8148,866,194,-102,135,12584,-4,-1,0,0,36916,130,30,65,0,0,0,0,0,0,0,0,-32306,0,0,0,0,0,290169,0
290000,-242,8104,888,194,-93,131,12584,1,1,0,0,36914,134,30,65,0,0,0,0,0,0,0,0,-32305,0,0,0,0,0,290174,0
290005,-202,8086,906,194,-84,133,12585,-1,0,2,0,36914,134,30,65,0,0,0,0,0,0,0,0,-32306,0,0,0,0,0,290179,0
290010,-220,8032,910,195,-82,126,12585,0,-2,1,0,36909,142,30,65,0,0,0,0,0,0,0,0,-32305,0,0,0,0,0,290184,0
290015,-204,8012,902,199,-78,128,12584,-4,-1,1,0,36909,142,30,65,0,0,0,0,0,0,0,0,-32305,0,0,0,0,0,290189,0
290020,-170,7972,914,199,-68,130,12585,3,1,0,0,36913,138,31,65,0,0,0,0,0,0,0,0,-32305,0,0,0,0,0,290194,0
290025,-192,7948,890,194,-64,131,12585,1,1,0,0,36913,138,31,65,0,0,0,0,0,0,0,0,-32306,0,0,0,0,0,290199,0
290030,-172,7910,900,194,-52,132,12584,-3,2,0,0,36913,133,30,65,0,0,0,0,0,0,0,0,-32305,0,0,0,0,0,290204,0
290035,-174,7916,874,197,-51,129,12584,-1,0,0,0,36913,133,30,65,0,0,0,0,0,0,0,0,-32305,0,0,0,0,0,290209,0
290040,-176,7902,888,193,-50,131,12584,-1,0,1,0,36913,130,30,65,0,0,0,0,0,0,0,0,-32305,0,0,0,0,0,290214,0
290045,-170,7886,864,189,-35,139,12584,3,0,0,0,36913,130,30,65,0,0,0,0,0,0,0,0,-32305,0,0,0,0,0,290219,0
290050,-182,7894,908,191,-34,137,12584,-1,3,0,0,36909,135,30,65,0,0,0,0,0,0,0,0,-32305,0,0,0,0,0,290224,0
290055,-154,7878,876,188,-30,138,12583,-6,3,0,0,36909,135,30,65,0,0,0,0,0,0,0,0,-32305,0,0,0,0,0,290229,0
290060,-152,7832,862,188,-13,143,12584,1,3,1,0,36910,143,30,65,0,0,0,0,0,0,0,0,-32305,0,0,0,0,0,290234,0
290065,-140,7848,836,193,-7,144,12585,0,0,0,0,36910,143,30,65,0,0,0,0,0,0,0,0,-32305,0,0,0,0,0,290239,0
290070,-158,7870,862,194,5,150,12584,0,2,1,0,36909,140,31,65,0,0,0,0,0,0,0,0,-32305,0,0,0,0,0,290244,0
290075,-118,7904,874,191,13,148,12584,0,1,0,0,36909,140,31,65,0,0,0,0,0,0,0,0,-32305,0,0,0,0,0,290247,0
290080,-120,7906,860,186,24,156,12585,0,3,2,0,36912,143,30,65,0,0,0,0,0,0,0,0,-32305,0,0,0,0,0,290252,0
290085,-98,7884,872,191,36,152,12585,-1,4,1,0,36912,143,30,65,0,0,0,0,0,0,0,0,-32306,0,0,0,0,0,290257,0
290090,-90,7872,834,196,41,158,12584,-2,2,1,0,36912,142,30,65,0,0,0,0,0,0,0,0,-32305,0,0,0,0,0,290262,0
290095,-88,7864,848,195,49,163,12586,0,-5,0,0,36912,142,30,65,0,0,0,0,0,0,0,0,-32305,0,0,0,0,0,290267,0
290100,-34,7902,828,199,58,172,12584,0,1,0,0,36911,136,30,65,0,0,0,0,0,0,0,0,-32306,0,0,0,0,0,290273,0
290105,-44,7892,818,203,58,167,12584,0,3,0,0,36911,136,30,65,0,0,0,0,0,0,0,0,-32305,0,0,0,0,0,290278,0
290110,-50,7882,834,199,59,171,12585,0,-1,2,0,36905,123,30,65,0,0,0,0,0,0,0,0,-32305,0,0,0,0,0,290283,0
290115,-60,7910,808,205,63,179,12583,-9,0,1,0,36905,123,30,65,0,0,0,0,0,0,0,0,-32306,0,0,0,0,0,290291,0
290120,-68,7988,800,203,69,186,12585,0,3,0,0,36904,125,30,65,0,0,0,0,0,0,0,0,-32305,0,0,0,0,0,290293,0
290125,-74,8050,810,207,68,191,12585,-1,2,0,0,36904,125,30,65,0,0,0,0,0,0,0,0,-32305,0,0,0,0,0,290298,0
290130,-64,8090,804,209,74,191,12584,0,0,0,0,36906,128,30,65,0,0,0,0,0,0,0,0,-32305,0,0,0,0,0,290303,0
290135,-40,8096,814,212,72,197,12584,-9,2,0,0,36906,128,30,65,0,0,0,0,0,0,0,0,-32305,0,0,0,0,0,290308,0
290140,-78,8154,814,217,79,203,12585,0,-2,0,0,36908,130,30,65,0,0,0,0,0,0,0,0,-32305,0,0,0,0,0,290313,0
290145,-62,8208,816,222,76,213,12584,-2,4,-1,0,36908,130,30,65,0,0,0,0,0,0,0,0,-32305,0,0,0,0,0,290318,0
290150,-64,8230,808,223,81,221,12585,7,3,-1,0,36908,133,30,65,0,0,0,0,0,0,0,0,-32305,0,0,0,0,0,290323,0
290155,-30,8222,812,226,83,220,12585,3,0,0,0,36908,133,30,65,0,0,0,0,0,0,0,0,-32305,0,0,0,0,0,290328,0
290160,8,8244,856,237,92,233,12584,0,6,0,0,36909,139,30,65,0,0,0,0,0,0,0,0,-32305,0,0,0,0,0,290333,0
290165,-86,8312,818,246,94,236,12584,1,-3,0,0,36909,139,30,65,0,0,0,0,0,0,0,0,-32306,0,0,0,0,0,290338,0
290170,-94,8304,806,231,89,246,12585,4,1,0,0,36908,144,30,65,0,0,0,0,0,0,0,0,-32305,0,0,0,0,0,290343,0
290175,-70,8362,800,240,88,248,12584,0,0,0,0,36908,144,30,65,0,0,0,0,0,0,0,0,-32305,0,0,0,0,0,290348,0
290180,16,8364,862,241,87,248,12585,4,0,-2,0,36911,141,30,65,0,0,0,0,0,0,0,0,-32305,0,0,0,0,0,290353,0
290185,-16,8398,850,244,85,262,12584,-2,0,0,0,36911,141,30,65,0,0,0,0,0,0,0,0,-32305,0,0,0,0,0,290358,0
290190,-42,8406,836,243,92,260,12584,-6,-1,0,0,36912,133,30,65,0,0,0,0,0,0,0,0,-32305,0,0,0,0,0,290363,0
290195,-70,8444,858,244,96,270,12585,-1,1,0,0,36912,133,30,65,0,0,0,0,0,0,0,0,-32305,0,0,0,0,0,290368,0
290200,-38,8520,848,241,85,278,12585,-2,0,0,0,36912,137,30,65,0,0,0,0,0,0,0,0,-32305,0,0,0,0,0,290373,0
290205,-28,8536,872,244,83,285,12585,0,-2,1,0,36912,137,30,65,0,0,0,0,0,0,0,0,-32305,0,0,0,0,0,290378,0
290210,-40,8542,874,245,93,283,12584,0,-4,1,0,36911,141,30,65,0,0,0,0,0,0,0,0,-32305,0,0,0,0,0,290383,0
290215,-90,8572,888,244,89,287,12585,-3,1,1,0,36911,141,30,65,0,0,0,0,0,0,0,0,-32305,0,0,0,0,0,290388,0
290220,-120,8532,880,238,94,283,12585,3,1,0,0,36907,138,30,65,0,0,0,0,0,0,0,0,-32305,0,0,0,0,0,290393,0
290225,-118,8532,886,237,95,287,12584,1,-2,0,0,36907,138,30,65,0,0,0,0,0,0,0,0,-32305,0,0,0,0,0,290398,0
290230,-108,8482,866,233,98,285,12584,3,-1,0,0,36907,138,30,65,0,0,0,0,0,0,0,0,-32305,0,0,0,0,0,290403,0
290235,-68,8492,894,235,96,285,12585,4,-2,0,0,36907,138,30,65,0,0,0,0,0,0,0,0,-32305,0,0,0,0,0,290408,0
290240,-104,8440,892,235,98,279,12585,3,5,1,0,36908,141,30,65,0,0,0,0,0,0,0,0,-32306,0,0,0,0,0,290413,0
290245,-112,8448,890,233,99,271,12585,2,2,0,0,36908,141,30,65,0,0,0,0,0,0,0,0,-32306,0,0,0,0,0,290418,0
290250,-104,8404,876,232,103,268,12585,2,-3,0,0,36908,139,30,65,0,0,0,0,0,0,0,0,-32305,0,0,0,0,0,290423,0
290255,-122,8380,888,225,103,264,12585,0,0,0,0,36908,139,30,65,0,0,0,0,0,0,0,0,-32306,0,0,0,0,0,290428,0
290260,-96,8322,908,224,104,256,12584,4,-1,0,0,36910,136,30,65,0,0,0,0,0,0,0,0,-32305,0,0,0,0,0,290433,0
290265,-106,8294,892,230,98,250,12585,0,-1,0,0,36910,136,30,65,0,0,0,0,0,0,0,0,-32305,0,0,0,0,0,290438,0
290270,-134,8274,904,226,103,249,12586,11,3,0,0,36912,131,30,65,0,0,0,0,0,0,0,0,-32305,0,0,0,0,0,290443,0
290275,-106,8270,926,222,97,241,12585,1,-1,1,0,36912,131,30,65,0,0,0,0,0,0,0,0,-32306,0,0,0,0,0,290448,0
290280,-50,8178,932,217,98,231,12585,2,2,0,0,36914,133,30,65,0,0,0,0,0,0,0,0,-32305,0,0,0,0,0,290453,0
290285,-80,8178,914,213,95,228,12584,-2,-2,0,0,36914,133,30,65,0,0,0,0,0,0,0,0,-32305,0,0,0,0,0,290458,0
290290,-70,8178,912,210,90,225,12584,-1,-3,0,0,36914,138,30,65,0,0,0,0,0,0,0,0,-32305,0,0,0,0,0,290463,0
290295,-76,8170,910,212,87,217,12583,-2,-4,0,0,36914,138,30,65,0,0,0,0,0,0,0,0,-32305,0,0,0,0,0,290468,0
290300,-50,8072,954,203,85,208,12584,0,2,1,0,36912,139,30,65,0,0,0,0,0,0,0,0,-32305,0,0,0,0,0,290473,0
290305,-84,8064,948,198,87,202,12584,0,-1,0,0,36912,139,30,65,0,0,0,0,0,0,0,0,-32305,0,0,0,0,0,290478,0
290310,-62,8046,954,196,78,200,12583,-3,-3,0,0,36913,137,30,65,0,0,0,0,0,0,0,0,-32305,0,0,0,0,0,290483,0
290315,-76,8036,966,192,82,192,12585,7,1,0,0,36913,137,30,65,0,0,0,0,0,0,0,0,-32305,0,0,0,0,0,290488,0
290320,-68,7958,958,183,76,186,12584,-4,-1,0,0,36912,138,31,65,0,0,0,0,0,0,0,0,-32305,0,0,0,0,0,290493,0
290325,-54,7964,976,175,77,182,12585,2,5,0,0,36912,138,31,65,0,0,0,0,0,0,0,0,-32305,0,0,0,0,0,290498,0
290330,-44,7968,956,172,71,182,12584,0,-4,1,0,36910,134,30,65,0,0,0,0,0,0,0,0,-32305,0,0,0,0,0,290503,0
290335,-52,7964,950,167,67,172,12585,4,4,0,0,36910,134,30,65,0,0,0,0,0,0,0,0,-32305,0,0,0,0,0,290508,0
290340,12,7986,962,158,64,166,12584,0,-1,0,0,36909,139,30,65,0,0,0,0,0,0,0,0,-32305,0,0,0,0,0,290513,0
290345,-8,7978,968,153,62,168,12585,1,0,0,0,36909,139,30,65,0,0,0,0,0,0,0,0,-32305,0,0,0,0,0,290518,0
290350,8,7940,946,142,54,160,12585,3,1,0,0,36906,144,30,65,0,0,0,0,0,0,0,0,-32305,0,0,0,0,0,290523,0
290355,-2,7932,976,143,55,160,12584,-2,0,1,0,36906,144,30,65,0,0,0,0,0,0,0,0,-32305,0,0,0,0,0,290528,0
290360,-22,7948,980,122,46,159,12584,-2,-1,1,0,36907,151,30,65,0,0,0,0,0,0,0,0,-32305,0,0,0,0,0,290533,0
290365,8,7922,942,118,39,158,12584,-6,-4,0,0,36907,151,30,65,0,0,0,0,0,0,0,0,-32305,0,0,0,0,0,290538,0
290370,-2,7950,966,110,40,155,12584,0,-2,0,0,36906,141,30,65,0,0,0,0,0,0,0,0,-32305,0,0,0,0,0,290543,0
290375,-2,7934,958,101,33,151,12585,-1,-4,0,0,36906,141,30,65,0,0,0,0,0,0,0,0,-32305,0,0,0,0,0,290548,0
290380,-14,7922,956,85,27,145,12585,3,1,0,0,36904,133,30,65,0,0,0,0,0,0,0,0,-32306,0,0,0,0,0,290553,0
290385,-4,7926,956,80,18,144,12584,-1,2,0,0,36904,133,30,65,0,0,0,0,0,0,0,0,-32305,0,0,0,0,0,290558,0
290390,-30,7920,948,69,13,140,12585,-7,0,0,0,36905,127,30,65,0,0,0,0,0,0,0,0,-32305,0,0,0,0,0,290563,0
290395,-22,7936,942,64,10,142,12585,3,2,0,0,36905,127,30,65,0,0,0,0,0,0,0,0,-32305,0,0,0,0,0,290568,0
290400,-2,7944,930,56,8,132,12585,1,-1,1,0,36907,130,30,65,0,0,0,0,0,0,0,0,-32305,0,0,0,0,0,290573,0
290405,-26,7934,946,49,-3,124,12584,1,-2,0,0,36907,130,30,65,0,0,0,0,0,0,0,0,-32305,0,0,0,0,0,290578,0
290410,-2,7914,926,44,-9,123,12584,-2,-1,0,0,36907,125,30,65,0,0,0,0,0,0,0,0,-32305,0,0,0,0,0,290583,0
290415,-50,7910,922,35,-14,122,12584,0,0,3,0,36907,125,30,65,0,0,0,0,0,0,0,0,-32305,0,0,0,0,0,290588,0
290420,-16,7910,902,33,-29,113,12584,-1,-4,1,0,36905,134,30,65,0,0,0,0,0,0,0,0,-32305,0,0,0,0,0,290593,0
290425,-16,7940,888,23,-38,103,12585,1,0,0,0,36905,134,30,65,0,0,0,0,0,0,0,0,-32305,0,0,0,0,0,290598,0
290430,30,7940,868,23,-38,109,12584,-2,-4,0,0,36907,137,30,65,0,0,0,0,0,0,0,0,-32305,0,0,0,0,0,290603,0
290435,16,7950,868,20,-48,100,12585,3,1,0,0,36907,137,30,65,0,0,0,0,0,0,0,0,-32305,0,0,0,0,0,290608,0
290440,0,8004,842,13,-65,95,12585,0,1,0,0,36907,132,30,65,0,0,0,0,0,0,0,0,-32306,0,0,0,0,0,290613,0
290445,66,8048,848,13,-70,96,12584,0,0,0,0,36907,132,30,65,0,0,0,0,0,0,0,0,-32306,0,0,0,0,0,290618,0
290450,38,8080,838,8,-69,93,12584,-4,-3,0,0,36907,125,30,65,0,0,0,0,0,0,0,0,-32305,0,0,0,0,0,290623,0
290455,96,8098,840,11,-84,92,12585,-2,1,1,0,36907,125,30,65,0,0,0,0,0,0,0,0,-32305,0,0,0,0,0,290628,0
290460,100,8170,812,4,-92,95,12584,0,-3,1,0,36906,124,30,65,0,0,0,0,0,0,0,0,-32305,0,0,0,0,0,290633,0
290465,96,8186,790,5,-100,98,12585,5,1,0,0,36906,124,30,65,0,0,0,0,0,0,0,0,-32305,0,0,0,0,0,290638,0
290470,96,8228,786,-3,-114,105,12584,-3,0,1,0,36905,128,30,65,0,0,0,0,0,0,0,0,-32305,0,0,0,0,0,290644,0
290475,114,8242,774,0,-109,104,12585,3,5,0,0,36905,128,30,65,0,0,0,0,0,0,0,0,-32305,0,0,0,0,0,290649,0
290480,124,8274,754,0,-128,108,12585,0,1,23,24,36904,130,30,65,0,0,0,0,0,0,0,0,-32305,0,0,0,0,0,290655,0
290485,136,8290,732,-4,-131,116,12588,12,3,90,32,36904,130,30,65,0,0,0,0,0,0,0,0,-32305,0,0,0,0,0,290660,0
290490,92,8324,730,1,-140,121,12594,24,12,97,32,36907,131,30,65,0,0,0,0,0,0,0,0,-32305,0,0,0,0,0,290666,0
290495,148,8344,700,2,-149,122,12600,34,25,96,32,36907,131,30,65,0,0,0,0,0,0,0,0,-32305,0,0,0,0,0,290671,0
290500,134,8306,678,-1,-158,130,12612,49,36,93,48,36911,136,30,65,0,0,0,0,0,0,0,0,-32305,0,0,0,0,0,290677,0
290505,132,8282,694,3,-167,136,12631,90,51,87,64,36911,136,30,65,0,0,0,0,0,0,0,0,-32305,0,0,0,0,0,290682,0
290510,154,8286,674,10,-170,130,12657,109,72,91,56,36911,136,30,65,0,0,0,0,0,0,0,0,-32305,0,0,0,0,0,290688,0
290515,112,8280,668,10,-173,139,12680,101,73,89,64,36911,136,30,65,0,0,0,0,0,0,0,0,-32305,0,0,0,0,0,290693,0
290520,158,8222,646,20,-185,152,12712,141,71,83,80,36906,134,30,65,0,0,0,0,0,0,0,0,-32305,0,0,0,0,0,290699,0
290525,198,8210,660,14,-193,146,12743,136,54,84,72,36906,134,30,65,0,0,0,0,0,0,0,0,-32305,0,0,0,0,0,290704,0
290530,212,8180,650,30,-195,140,12777,153,45,80,88,36903,130,30,65,0,0,0,0,0,0,0,0,-32305,0,0,0,0,0,290709,0
290535,194,8182,652,30,-200,129,12810,138,36,83,72,36903,130,30,65,0,0,0,0,0,0,0,0,-32305,0,0,0,0,0,290715,0
290540,144,8196,646,40,-201,107,12848,165,32,77,80,36904,140,30,65,0,0,0,0,0,0,0,0,-32305,0,0,0,0,0,290721,0
290545,76,8226,666,48,-208,105,12884,152,17,80,80,36904,140,30,65,0,0,0,0,0,0,0,0,-32305,0,0,0,0,0,290726,0
290550,62,8174,660,53,-217,104,12921,155,13,73,72,36903,141,30,65,0,0,0,0,0,0,0,0,-32305,0,0,0,0,0,290731,0
290555,16,8104,644,56,-216,95,12950,127,-8,69,80,36903,141,30,65,0,0,0,0,0,0,0,0,-32305,0,0,0,0,0,290737,0
290560,-44,8110,682,68,-231,110,12980,135,-13,69,64,36901,145,30,65,0,0,0,0,0,0,0,0,-32306,0,0,0,0,0,290742,0
290565,-58,8118,698,70,-231,125,13005,95,-42,75,48,36901,145,30,65,0,0,0,0,0,0,0,0,-32305,0,0,0,0,0,290747,0
290570,-22,8112,720,68,-239,137,13028,109,-47,65,64,36902,139,30,65,0,0,0,0,0,0,0,0,-32306,0,0,0,0,0,290753,0
290575,2,8096,724,70,-241,146,13047,86,-43,71,40,36902,139,30,65,0,0,0,0,0,0,0,0,-32306,0,0,0,0,0,290759,0
290580,32,8126,720,76,-254,174,13056,37,-59,72,24,36905,135,30,65,0,0,0,0,0,0,0,0,-32305,0,0,0,0,0,290764,0
290585,36,8140,736,75,-254,184,13055,-4,-89,70,16,36905,135,30,65,0,0,0,0,0,0,0,0,-32305,0,0,0,0,0,290769,0
290590,60,8160,726,73,-263,201,13056,-6,-88,67,24,36905,135,30,65,0,0,0,0,0,0,0,0,-32305,0,0,0,0,0,290775,0
290595,118,8166,770,73,-265,220,13056,-3,-88,66,24,36905,135,30,65,0,0,0,0,0,0,0,0,-32305,0,0,0,0,0,290780,0
290600,228,8128,790,69,-283,231,13054,-6,-52,67,8,36907,137,30,65,0,0,0,0,0,0,0,0,-32305,0,0,0,0,0,290785,0
290605,256,8098,784,67,-286,238,13056,-5,-17,69,16,36907,137,30,65,0,0,0,0,0,0,0,0,-32305,0,0,0,0,0,290791,0
290610,236,8114,796,65,-283,240,13055,0,0,67,24,36905,131,30,65,0,0,0,0,0,0,0,0,-32305,0,0,0,0,0,290796,0
290615,226,8084,790,60,-294,240,13055,-5,7,67,24,36905,131,30,65,0,0,0,0,0,0,0,0,-32305,0,0,0,0,0,290802,0
290620,190,8040,796,56,-304,255,13056,0,0,67,16,36907,120,30,65,0,0,0,0,0,0,0,0,-32305,0,0,0,0,0,290807,0
290625,178,7990,782,54,-311,267,13056,3,-4,69,16,36907,120,30,65,0,0,0,0,0,0,0,0,-32306,0,0,0,0,0,290813,0
290630,184,7992,772,49,-316,273,13055,1,7,69,24,36905,117,30,65,0,0,0,0,0,0,0,0,-32305,0,0,0,0,0,290818,0
290635,202,7978,776,49,-324,283,13055,-4,-2,69,16,36905,117,30,65,0,0,0,0,0,0,0,0,-32305,0,0,0,0,0,290823,0
290640,186,8004,742,47,-338,292,13056,7,2,69,16,36904,121,30,65,0,0,0,0,0,0,0,0,-32305,0,0,0,0,0,290829,0
290645,218,7988,730,44,-346,292,13056,1,-1,68,24,36904,121,30,65,0,0,0,0,0,0,0,0,-32305,0,0,0,0,0,290834,0
290650,214,7996,734,51,-352,294,13055,-2,0,69,16,36904,135,30,65,0,0,0,0,0,0,0,0,-32305,0,0,0,0,0,290839,0
290655,218,8000,724,51,-365,298,13054,-4,-2,69,24,36904,135,30,65,0,0,0,0,0,0,0,0,-32305,0,0,0,0,0,290845,0
290660,256,8016,682,59,-381,294,13056,2,0,66,24,36903,141,30,65,0,0,0,0,0,0,0,0,-32305,0,0,0,0,0,290850,0
290665,268,8056,680,55,-388,297,13056,2,3,70,24,36903,141,30,65,0,0,0,0,0,0,0,0,-32305,0,0,0,0,0,290856,0
290670,282,8034,708,61,-390,295,13056,-3,0,69,16,36904,140,30,65,0,0,0,0,0,0,0,0,-32305,0,0,0,0,0,290861,0
290675,292,8060,700,65,-400,301,13056,1,0,69,16,36904,140,30,65,0,0,0,0,0,0,0,0,-32305,0,0,0,0,0,290867,0
290680,294,8072,714,71,-413,302,13055,-3,-3,68,24,36903,141,30,65,0,0,0,0,0,0,0,0,-32305,0,0,0,0,0,290872,0
290685,356,8116,690,75,-416,305,13057,5,-4,69,16,36903,141,30,65,0,0,0,0,0,0,0,0,-32305,0,0,0,0,0,290877,0
290690,356,8114,698,78,-424,311,13055,-2,-3,67,16,36904,142,30,65,0,0,0,0,0,0,0,0,-32305,0,0,0,0,0,290883,0
290695,374,8140,722,79,-430,313,13056,-1,2,68,16,36904,142,30,65,0,0,0,0,0,0,0,0,-32305,0,0,0,0,0,290888,0
290700,414,8118,692,86,-433,310,13056,1,-6,68,16,36907,141,30,65,0,0,0,0,0,0,0,0,-32305,0,0,0,0,0,290894,0
290705,420,8102,710,87,-442,308,13056,-1,3,66,16,36907,141,30,65,0,0,0,0,0,0,0,0,-32305,0,0,0,0,0,290899,0
290710,452,8116,692,87,-447,309,13055,0,-3,69,24,36904,139,30,65,0,0,0,0,0,0,0,0,-32306,0,0,0,0,0,290904,0
290715,446,8126,718,90,-449,305,13056,0,-1,69,24,36904,139,30,65,0,0,0,0,0,0,0,0,-32305,0,0,0,0,0,290910,0
290720,472,8128,712,100,-445,311,13056,0,-2,70,16,36905,137,30,65,0,0,0,0,0,0,0,0,-32305,0,0,0,0,0,290915,0
290725,498,8098,732,90,-454,306,13056,0,1,70,16,36905,137,30,65,0,0,0,0,0,0,0,0,-32305,0,0,0,0,0,290921,0
290730,486,8088,716,93,-449,307,13055,0,5,70,16,36902,135,31,65,0,0,0,0,0,0,0,0,-32305,0,0,0,0,0,290926,0
290735,502,8118,712,101,-451,308,13055,-2,-1,69,16,36902,135,31,65,0,0,0,0,0,0,0,0,-32305,0,0,0,0,0,290931,0
290740,518,8144,718,97,-451,310,13054,-4,0,67,16,36904,136,30,65,0,0,0,0,0,0,0,0,-32305,0,0,0,0,0,290937,0
290745,534,8146,688,97,-455,311,13056,0,2,69,16,36904,136,30,65,0,0,0,0,0,0,0,0,-32305,0,0,0,0,0,290943,0
290750,532,8164,688,105,-457,314,13055,0,5,68,24,36905,127,30,65,0,0,0,0,0,0,0,0,-32305,0,0,0,0,0,290948,0
290755,556,8174,680,98,-457,315,13056,8,6,70,24,36905,127,30,65,0,0,0,0,0,0,0,0,-32305,0,0,0,0,0,290953,0
290760,542,8162,666,114,-453,323,13056,3,2,67,24,36904,122,30,65,0,0,0,0,0,0,0,0,-32305,0,0,0,0,0,290959,0
290765,550,8140,690,116,-461,331,13057,5,3,68,24,36904,122,30,65,0,0,0,0,0,0,0,0,-32305,0,0,0,0,0,290964,0
290770,584,8118,656,113,-458,340,13055,4,1,70,24,36904,120,30,65,0,0,0,0,0,0,0,0,-32305,0,0,0,0,0,290969,0
290775,572,8098,660,120,-458,346,13056,-1,1,69,16,36904,120,30,65,0,0,0,0,0,0,0,0,-32305,0,0,0,0,0,290975,0
290780,652,8044,664,123,-446,363,13057,9,-1,68,16,36903,126,30,65,0,0,0,0,0,0,0,0,-32305,0,0,0,0,0,290980,0
290785,648,8028,656,128,-445,365,13056,-1,2,68,16,36903,126,30,65,0,0,0,0,0,0,0,0,-32304,0,0,0,0,0,290986,0
290790,678,8018,648,126,-442,364,13055,-5,-1,68,24,36904,131,30,65,0,0,0,0,0,0,0,0,-32305,0,0,0,0,0,290991,0
290795,712,8018,634,135,-438,365,13055,2,-4,68,16,36904,131,30,65,0,0,0,0,0,0,0,0,-32305,0,0,0,0,0,290997,0
290800,740,8060,610,140,-428,366,13056,5,2,67,16,36910,138,30,65,0,0,0,0,0,0,0,0,-32305,0,0,0,0,0,291002,0
290805,738,8090,628,146,-425,367,13057,1,1,68,16,36910,138,30,65,0,0,0,0,0,0,0,0,-32305,0,0,0,0,0,291007,0
290810,730,8118,658,153,-418,375,13056,1,2,67,24,36909,143,30,65,0,0,0,0,0,0,0,0,-32305,0,0,0,0,0,291013,0
290815,720,8122,688,157,-411,377,13056,-1,3,66,24,36909,143,30,65,0,0,0,0,0,0,0,0,-32305,0,0,0,0,0,291018,0
290820,750,8126,694,180,-397,384,13056,1,-3,68,24,36908,136,30,65,0,0,0,0,0,0,0,0,-32305,0,0,0,0,0,291024,0
290825,742,8122,704,183,-392,388,13056,-1,-3,68,16,36908,136,30,65,0,0,0,0,0,0,0,0,-32305,0,0,0,0,0,291029,0
290830,774,8146,734,198,-377,391,13056,-3,-2,66,16,36904,133,30,65,0,0,0,0,0,0,0,0,-32305,0,0,0,0,0,291035,0
290835,790,8114,780,192,-371,388,13055,0,-1,69,24,36904,133,30,65,0,0,0,0,0,0,0,0,-32305,0,0,0,0,0,291040,0
290840,836,8032,774,202,-351,380,13056,0,0,68,16,36904,135,30,65,0,0,0,0,0,0,0,0,-32305,0,0,0,0,0,291045,0
290845,838,8042,778,205,-346,382,13055,-1,-2,67,16,36904,135,30,65,0,0,0,0,0,0,0,0,-32305,0,0,0,0,0,291051,0
290850,884,8048,784,212,-339,376,13055,2,2,70,24,36903,139,30,65,0,0,0,0,0,0,0,0,-32306,0,0,0,0,0,291056,0
290855,874,8018,778,210,-333,371,13055,0,3,69,16,36903,139,30,65,0,0,0,0,0,0,0,0,-32305,0,0,0,0,0,291062,0
290860,944,8052,826,207,-318,364,13055,-1,1,68,16,36901,134,30,65,0,0,0,0,0,0,0,0,-32305,0,0,0,0,0,291067,0
290865,948,8058,824,206,-310,361,13055,0,2,68,24,36901,134,30,65,0,0,0,0,0,0,0,0,-32305,0,0,0,0,0,291073,0
290870,974,8068,848,206,-300,356,13055,5,4,67,24,36899,134,30,65,0,0,0,0,0,0,0,0,-32305,0,0,0,0,0,291078,0
290875,946,8038,890,202,-290,346,13056,1,-3,70,24,36899,134,30,65,0,0,0,0,0,0,0,0,-32305,0,0,0,0,0,291084,0
290880,974,8040,898,188,-266,351,13056,9,4,67,24,36901,136,30,65,0,0,0,0,0,0,0,0,-32305,0,0,0,0,0,291089,0
290885,962,8052,936,183,-259,345,13054,-8,4,69,16,36901,136,30,65,0,0,0,0,0,0,0,0,-32305,0,0,0,0,0,291095,0
290890,984,8024,922,177,-246,337,13056,2,-1,68,24,36901,137,30,65,0,0,0,0,0,0,0,0,-32305,0,0,0,0,0,291100,0
290895,948,8006,908,172,-240,332,13055,-2,-2,69,24,36901,137,30,65,0,0,0,0,0,0,0,0,-32305,0,0,0,0,0,291105,0
290900,944,7984,942,150,-211,322,13056,4,3,69,16,36904,141,30,65,0,0,0,0,0,0,0,0,-32305,0,0,0,0,0,291111,0
290905,958,7980,960,137,-203,314,13055,-2,-2,67,24,36904,141,30,65,0,0,0,0,0,0,0,0,-32305,0,0,0,0,0,291116,0
290910,950,8028,962,129,-191,309,13056,1,4,67,24,36904,132,30,65,0,0,0,0,0,0,0,0,-32305,0,0,0,0,0,291122,0
290915,930,8006,966,112,-186,303,13056,3,1,67,8,36904,132,30,65,0,0,0,0,0,0,0,0,-32305,0,0,0,0,0,291127,0
290920,942,8016,922,91,-172,286,13056,-3,1,69,24,36904,130,30,65,0,0,0,0,0,0,0,0,-32305,0,0,0,0,0,291132,0
290925,944,8040,916,75,-155,280,13057,4,-4,69,24,36904,130,30,65,0,0,0,0,0,0,0,0,-32305,0,0,0,0,0,291138,0
290930,940,8060,904,59,-150,270,13056,-2,-2,69,24,36900,125,30,65,0,0,0,0,0,0,0,0,-32305,0,0,0,0,0,291143,0
290935,930,8044,884,46,-136,257,13055,0,-2,67,24,36900,125,30,65,0,0,0,0,0,0,0,0,-32305,0,0,0,0,0,291149,0
290940,936,8002,852,20,-123,237,13055,-3,-3,68,24,36903,128,30,65,0,0,0,0,0,0,0,0,-32305,0,0,0,0,0,291154,0
290945,964,8036,832,9,-119,231,13055,-2,-1,66,24,36903,128,30,65,0,0,0,0,0,0,0,0,-32305,0,0,0,0,0,291160,0
290950,976,8014,826,-6,-106,225,13056,-2,-3,69,16,36902,129,30,65,0,0,0,0,0,0,0,0,-32305,0,0,0,0,0,291165,0
290955,992,8044,778,-15,-98,209,13055,0,6,68,24,36902,129,30,65,0,0,0,0,0,0,0,0,-32305,0,0,0,0,0,291170,0
290960,1020,8056,746,-37,-80,199,13055,0,-2,69,24,36903,133,30,65,0,0,0,0,0,0,0,0,-32305,0,0,0,0,0,291176,0
290965,1082,8038,718,-47,-72,192,13056,1,-1,68,24,36903,133,30,65,0,0,0,0,0,0,0,0,-32305,0,0,0,0,0,291181,0
290970,1130,8064,710,-52,-63,183,13057,4,3,68,24,36904,135,30,65,0,0,0,0,0,0,0,0,-32305,0,0,0,0,0,291186,0
290975,1148,8052,690,-63,-48,180,13057,7,1,66,24,36904,135,30,65,0,0,0,0,0,0,0,0,-32305,0,0,0,0,0,291192,0
290980,1206,7966,618,-64,-28,172,13055,-5,-4,67,24,36907,133,30,65,0,0,0,0,0,0,0,0,-32305,0,0,0,0,0,291197,0
290985,1228,7916,606,-68,-12,163,13054,-6,-5,69,16,36907,133,30,65,0,0,0,0,0,0,0,0,-32305,0,0,0,0,0,291203,0
290990,1124,7752,618,-67,-9,163,13056,-1,-4,70,24,36907,130,30,65,0,0,0,0,0,0,0,0,-32305,0,0,0,0,0,291208,0
290995,1276,7756,538,-71,1,155,13055,-3,-3,68,16,36907,130,30,65,0,0,0,0,0,0,0,0,-32305,0,0,0,0,0,291214,0
291000,1382,7842,522,-72,36,153,13057,1,-2,70,16,36909,125,30,65,0,0,0,0,0,0,0,0,-32305,0,0,0,0,0,291219,0
291005,1344,7852,502,-73,47,150,13056,-3,0,69,16,36909,125,30,65,0,0,0,0,0,0,0,0,-32305,0,0,0,0,0,291224,0
291010,1290,7840,440,-67,46,148,13056,0,1,68,24,36907,132,30,65,0,0,0,0,0,0,0,0,-32305,0,0,0,0,0,291230,0
291015,1318,7848,390,-71,45,153,13055,-6,-3,68,16,36907,132,30,65,0,0,0,0,0,0,0,0,-32304,0,0,0,0,0,291235,0
291020,1402,7856,380,-51,53,158,13058,9,-1,71,16,36905,130,30,65,0,0,0,0,0,0,0,0,-32306,0,0,0,0,0,291241,0
291025,1414,7880,380,-51,53,163,13058,9,5,69,32,36905,130,30,65,0,0,0,0,0,0,0,0,-32305,0,0,0,0,0,291246,0
291030,1450,7876,370,-46,62,176,13062,21,8,67,32,36904,128,30,65,0,0,0,0,0,0,0,0,-32305,0,0,0,0,0,291252,0
291035,1464,7938,340,-36,64,178,13067,29,14,65,32,36904,128,30,65,0,0,0,0,0,0,0,0,-32305,0,0,0,0,0,291257,0
291040,1550,7974,324,-20,65,183,13083,73,40,64,48,36901,135,30,65,0,0,0,0,0,0,0,0,-32305,0,0,0,0,0,291263,0
291045,1638,8014,308,-4,61,175,13110,115,74,61,64,36901,135,30,65,0,0,0,0,0,0,0,0,-32305,0,0,0,0,0,291268,0
291050,1520,7868,424,-2,55,173,13142,135,106,60,72,36901,134,30,65,0,0,0,0,0,0,0,0,-32305,0,0,0,0,0,291273,0
291055,1520,7838,324,14,50,167,13184,186,130,62,96,36901,134,30,65,0,0,0,0,0,0,0,0,-32305,0,0,0,0,0,291279,0
291060,1602,8066,324,30,54,155,13233,217,128,65,120,36902,141,30,65,0,0,0,0,0,0,0,0,-32305,0,0,0,0,0,291284,0
291065,1570,8188,384,40,48,146,13289,243,120,56,136,36902,141,30,65,0,0,0,0,0,0,0,0,-32305,0,0,0,0,0,291289,0
291070,1620,8290,374,56,42,143,13355,289,119,55,168,36902,135,30,65,0,0,0,0,0,0,0,0,-32305,0,0,0,0,0,291295,0
291075,1600,8238,290,68,32,138,13428,318,124,61,184,36902,135,30,65,0,0,0,0,0,0,0,0,-32305,0,0,0,0,0,291301,0
291080,1572,8156,314,87,11,154,13505,336,115,47,192,36916,137,31,65,0,0,0,0,0,0,0,0,-32305,0,0,0,0,0,291306,0
291085,1578,8152,350,91,2,160,13590,372,104,35,232,36916,137,31,65,0,0,0,0,0,0,0,0,-32305,0,0,0,0,0,291311,0
291090,1616,8166,338,109,-11,171,13681,416,108,35,272,36916,136,30,65,0,0,0,0,0,0,0,0,-32305,0,0,0,0,0,291317,0
291095,1628,8208,370,120,-16,178,13782,442,108,32,280,36916,136,30,65,0,0,0,0,0,0,0,0,-32305,0,0,0,0,0,291323,0
291100,1650,8238,348,140,-33,186,13890,475,113,31,312,36916,139,30,65,0,0,0,0,0,0,0,0,-32305,0,0,0,0,0,291329,0
291105,1650,8232,348,147,-45,191,14001,493,113,31,312,36916,139,30,65,0,0,0,0,0,0,0,0,-32305,0,0,0,0,0,291334,0
291110,1566,8254,352,156,-58,192,14115,502,98,13,304,36908,139,30,65,0,0,0,0,0,0,0,0,-32305,0,0,0,0,0,291340,0
291115,1474,8254,386,166,-71,200,14237,531,72,5,368,36908,139,30,65,0,0,0,0,0,0,0,0,-32305,0,0,0,0,0,291345,0
291120,1472,8290,404,174,-101,226,14359,546,63,-3,352,36905,132,30,65,0,0,0,0,0,0,0,0,-32305,0,0,0,0,0,291350,0
291125,1562,8294,400,186,-116,241,14486,555,63,-5,344,36905,132,30,65,0,0,0,0,0,0,0,0,-32304,0,0,0,0,0,291356,0
291130,1516,8292,438,193,-126,250,14612,556,47,-14,344,36908,134,30,65,0,0,0,0,0,0,0,0,-32305,0,0,0,0,0,291361,0
291135,1532,8344,442,193,-131,257,14743,564,46,-27,352,36908,134,30,65,0,0,0,0,0,0,0,0,-32305,0,0,0,0,0,291366,0
291140,1518,8376,432,200,-136,281,14875,572,31,-29,336,36907,132,30,65,0,0,0,0,0,0,0,0,-32305,0,0,0,0,0,291372,0
291145,1500,8312,458,204,-145,294,15004,574,18,-48,296,36907,132,30,65,0,0,0,0,0,0,0,0,-32305,0,0,0,0,0,291377,0
291150,1464,8256,450,211,-152,310,15130,563,6,-67,288,36904,124,30,65,0,0,0,0,0,0,0,0,-32305,0,0,0,0,0,291382,0
291155,1462,8190,446,209,-164,320,15259,564,-3,-71,320,36904,124,30,65,0,0,0,0,0,0,0,0,-32305,0,0,0,0,0,291388,0
291160,1450,8118,480,210,-180,353,15384,542,-12,-71,256,36902,125,30,65,0,0,0,0,0,0,0,0,-32305,0,0,0,0,0,291394,0
291165,1472,8058,500,220,-194,376,15505,526,-22,-90,248,36902,125,30,65,0,0,0,0,0,0,0,0,-32305,0,0,0,0,0,291399,0
291170,1460,8046,538,218,-193,385,15600,522,-35,-97,216,36902,132,30,65,0,0,0,0,0,0,0,0,-32305,0,0,0,0,0,291404,0
291175,1516,7994,510,230,-217,404,15716,505,-45,-100,192,36902,132,30,65,0,0,0,0,0,0,0,0,-32306,0,0,0,0,0,291410,0
291180,1492,7958,516,232,-235,440,15823,469,-60,-127,160,36903,136,30,65,0,0,0,0,0,0,0,0,-32305,0,0,0,0,0,291415,0
291185,1514,7976,506,238,-249,456,15924,445,-73,-133,152,36903,136,30,65,0,0,0,0,0,0,0,0,-32305,0,0,0,0,0,291420,0
291190,1522,7964,518,235,-262,476,16023,431,-79,-131,160,36905,132,30,65,0,0,0,0,0,0,0,0,-32305,0,0,0,0,0,291426,0
291195,1556,7944,524,239,-271,503,16117,418,-76,-122,136,36905,132,30,65,0,0,0,0,0,0,0,0,-32305,0,0,0,0,0,291431,0
291200,1612,7896,548,243,-290,547,16205,377,-70,-129,112,36905,132,30,65,0,0,0,0,0,0,0,0,-32305,0,0,0,0,0,291437,0
291205,1622,7926,592,241,-302,565,16289,357,-67,-141,104,36905,132,30,65,0,0,0,0,0,0,0,0,-32305,0,0,0,0,0,291442,0
291210,1610,7936,580,244,-307,589,16364,339,-83,-137,80,36905,134,30,65,0,0,0,0,0,0,0,0,-32305,0,0,0,0,0,291448,0
291215,1604,7932,574,245,-318,616,16436,315,-88,-137,72,36905,134,30,65,0,0,0,0,0,0,0,0,-32305,0,0,0,0,0,291453,0
291220,1720,7914,586,240,-333,662,16504,298,-81,-142,72,36908,134,30,65,0,0,0,0,0,0,0,0,-32305,0,0,0,0,0,291458,0
291225,1764,7888,628,238,-336,684,16567,274,-71,-147,64,36908,134,30,65,0,0,0,0,0,0,0,0,-32305,0,0,0,0,0,291464,0
291230,1734,7840,648,239,-351,703,16623,245,-78,-158,40,36908,134,31,65,0,0,0,0,0,0,0,0,-32306,0,0,0,0,0,291469,0
291235,1708,7824,650,240,-352,738,16672,219,-83,-156,40,36908,134,31,65,0,0,0,0,0,0,0,0,-32305,0,0,0,0,0,291474,0
291240,1738,7754,650,236,-364,783,16714,185,-93,-153,24,36909,129,30,65,0,0,0,0,0,0,0,0,-32305,0,0,0,0,0,291480,0
291245,1808,7716,682,244,-377,818,16752,168,-98,-155,16,36909,129,30,65,0,0,0,0,0,0,0,0,-32305,0,0,0,0,0,291485,0
291250,1822,7690,690,240,-377,841,16779,117,-103,-158,16,36906,128,30,65,0,0,0,0,0,0,0,0,-32305,0,0,0,0,0,291491,0
291255,1818,7628,720,237,-388,867,16806,118,-90,-158,8,36906,128,30,65,0,0,0,0,0,0,0,0,-32305,0,0,0,0,0,291496,0
291260,1898,7638,716,235,-390,904,16827,85,-87,-143,-32,36907,126,30,65,0,0,0,0,0,0,0,0,-32305,0,0,0,0,0,291502,0
291265,1862,7620,716,226,-396,937,16835,34,-94,-146,-32,36907,126,30,65,0,0,0,0,0,0,0,0,-32305,0,0,0,0,0,291507,0
291270,1856,7636,736,223,-400,951,16842,29,-97,-153,-32,36905,125,30,65,0,0,0,0,0,0,0,0,-32305,0,0,0,0,0,291512,0
291275,1852,7652,712,217,-407,969,16849,30,-81,-153,-40,36905,125,30,65,0,0,0,0,0,0,0,0,-32305,0,0,0,0,0,291518,0
291280,1988,7710,710,209,-417,1001,16857,42,-53,-154,-24,36904,128,30,65,0,0,0,0,0,0,0,0,-32305,0,0,0,0,0,291523,0
291285,2008,7766,704,202,-420,1010,16866,38,-11,-153,-32,36904,128,30,65,0,0,0,0,0,0,0,0,-32305,0,0,0,0,0,291528,0
291290,1940,7836,716,196,-419,1017,16868,16,-3,-154,-32,36904,130,30,65,0,0,0,0,0,0,0,0,-32305,0,0,0,0,0,291534,0
291295,1806,7756,640,192,-424,1036,16868,4,-20,-154,-32,36904,130,30,65,0,0,0,0,0,0,0,0,-32305,0,0,0,0,0,291539,0
291300,1828,7936,710,190,-431,1076,16868,4,-32,-155,-32,36904,134,30,65,0,0,0,0,0,0,0,0,-32305,0,0,0,0,0,291545,0
291305,1898,8036,650,178,-427,1093,16868,-3,-25,-156,-32,36904,134,30,65,0,0,0,0,0,0,0,0,-32305,0,0,0,0,0,291550,0
291310,1922,8034,688,179,-418,1106,16867,-2,-21,-155,-24,36905,132,30,65,0,0,0,0,0,0,0,0,-32305,0,0,0,0,0,291556,0
291315,1928,8080,670,173,-416,1115,16868,-1,-3,-155,-32,36905,132,30,65,0,0,0,0,0,0,0,0,-32305,0,0,0,0,0,291561,0
291320,1860,8088,648,168,-414,1132,16867,0,1,-156,-40,36907,134,31,65,0,0,0,0,0,0,0,0,-32305,0,0,0,0,0,291566,0
291325,1838,8036,642,172,-406,1134,16868,3,-3,-153,-32,36907,134,31,65,0,0,0,0,0,0,0,0,-32305,0,0,0,0,0,291572,0
291330,1800,7982,604,167,-408,1148,16867,6,0,-152,-40,36907,129,30,65,0,0,0,0,0,0,0,0,-32305,0,0,0,0,0,291577,0
291335,1852,7906,600,159,-404,1163,16868,0,2,-151,-32,36907,129,30,65,0,0,0,0,0,0,0,0,-32305,0,0,0,0,0,291582,0
291340,1842,7842,570,156,-401,1174,16868,1,4,-154,-32,36908,131,30,65,0,0,0,0,0,0,0,0,-32305,0,0,0,0,0,291588,0
291345,1836,7826,600,161,-397,1179,16867,0,-2,-154,-40,36908,131,30,65,0,0,0,0,0,0,0,0,-32305,0,0,0,0,0,291593,0
291350,1824,7776,522,156,-394,1180,16868,0,0,-155,-32,36907,133,30,65,0,0,0,0,0,0,0,0,-32305,0,0,0,0,0,291599,0
291355,1790,7756,546,159,-394,1176,16868,1,-1,-156,-48,36907,133,30,65,0,0,0,0,0,0,0,0,-32305,0,0,0,0,0,291604,0
291360,1732,7670,462,160,-384,1168,16868,-1,3,-154,-32,36904,131,30,65,0,0,0,0,0,0,0,0,-32305,0,0,0,0,0,291610,0
291365,1722,7630,458,157,-379,1158,16866,-7,-2,-156,-40,36904,131,30,65,0,0,0,0,0,0,0,0,-32305,0,0,0,0,0,291616,0
291370,1690,7598,466,159,-388,1150,16867,0,-4,-154,-40,36899,129,30,65,0,0,0,0,0,0,0,0,-32305,0,0,0,0,0,291621,0
291375,1618,7606,418,163,-379,1139,16869,6,4,-154,-32,36899,129,30,65,0,0,0,0,0,0,0,0,-32305,0,0,0,0,0,291627,0
291380,1568,7560,364,169,-389,1112,16868,6,1,-155,-40,36894,131,30,65,0,0,0,0,0,0,0,0,-32305,0,0,0,0,0,291633,0
291385,1528,7560,364,172,-397,1102,16867,8,1,-153,-32,36894,131,30,65,0,0,0,0,0,0,0,0,-32305,0,0,0,0,0,291638,0
291390,1528,7556,344,180,-404,1092,16867,0,2,-156,-32,36893,126,30,65,0,0,0,0,0,0,0,0,-32305,0,0,0,0,0,291644,0
291395,1528,7570,288,179,-416,1074,16867,0,3,-156,-32,36893,126,30,65,0,0,0,0,0,0,0,0,-32305,0,0,0,0,0,291649,0
291400,1566,7630,286,191,-433,1038,16867,-2,-1,-156,-32,36895,125,30,65,0,0,0,0,0,0,0,0,-32305,0,0,0,0,0,291655,0
291405,1604,7656,280,191,-442,1023,16868,0,0,-157,-32,36895,125,30,65,0,0,0,0,0,0,0,0,-32305,0,0,0,0,0,291660,0
291410,1632,7672,286,198,-451,1005,16867,0,-4,-154,-40,36898,118,30,65,0,0,0,0,0,0,0,0,-32305,0,0,0,0,0,291666,0
291415,1690,7720,302,203,-450,996,16867,-4,-2,-154,-32,36898,118,30,65,0,0,0,0,0,0,0,0,-32305,0,0,0,0,0,291671,0
291420,1834,7766,288,221,-447,964,16867,-1,-2,-155,-40,36900,115,30,65,0,0,0,0,0,0,0,0,-32305,0,0,0,0,0,291677,0
291425,1932,7830,276,225,-433,951,16867,-4,0,-154,-40,36900,115,30,65,0,0,0,0,0,0,0,0,-32305,0,0,0,0,0,291682,0
291430,2020,7852,284,233,-427,935,16868,5,-1,-155,-32,36901,114,30,65,0,0,0,0,0,0,0,0,-32305,0,0,0,0,0,291687,0
291435,2106,7920,292,231,-412,930,16868,2,3,-153,-32,36901,114,30,65,0,0,0,0,0,0,0,0,-32305,0,0,0,0,0,291693,0
291440,2254,7926,326,245,-371,920,16867,-3,3,-156,-32,36903,122,30,65,0,0,0,0,0,0,0,0,-32305,0,0,0,0,0,291698,0
291445,2342,8012,306,244,-341,924,16866,-1,-3,-153,-40,36903,122,30,65,0,0,0,0,0,0,0,0,-32305,0,0,0,0,0,291703,0
291450,2388,8074,302,251,-321,919,16867,-1,0,-157,-40,36903,128,30,65,0,0,0,0,0,0,0,0,-32305,0,0,0,0,0,291709,0
291455,2476,8108,364,250,-289,925,16868,2,3,-155,-32,36903,128,30,65,0,0,0,0,0,0,0,0,-32305,0,0,0,0,0,291715,0
291460,2360,7646,316,259,-247,937,16867,0,2,-155,-40,36905,140,30,65,0,0,0,0,0,0,0,0,-32305,0,0,0,0,0,291720,0
291465,2588,7878,336,259,-205,944,16867,-4,-5,-155,-32,36905,140,30,65,0,0,0,0,0,0,0,0,-32305,0,0,0,0,0,291725,0
291470,2616,8066,436,256,-175,939,16868,0,2,-154,-32,36908,137,30,65,0,0,0,0,0,0,0,0,-32305,0,0,0,0,0,291731,0
291475,2632,8128,390,259,-149,926,16866,-4,2,-154,-24,36908,137,30,65,0,0,0,0,0,0,0,0,-32305,0,0,0,0,0,291736,0
291480,2550,8160,346,263,-124,918,16867,-5,-5,-153,-32,36907,133,30,65,0,0,0,0,0,0,0,0,-32305,0,0,0,0,0,291742,0
291485,2512,8122,340,262,-111,927,16868,-1,1,-155,-32,36907,133,30,65,0,0,0,0,0,0,0,0,-32305,0,0,0,0,0,291748,0
291490,2572,8122,324,269,-103,934,16868,3,5,-156,-32,36904,136,30,65,0,0,0,0,0,0,0,0,-32305,0,0,0,0,0,291753,0
291495,2618,8082,338,266,-98,940,16868,7,0,-157,-32,36904,136,30,65,0,0,0,0,0,0,0,0,-32305,0,0,0,0,0,291758,0
291500,2712,8034,372,272,-87,955,16869,-2,-1,-156,-40,36901,140,30,65,0,0,0,0,0,0,0,0,-32305,0,0,0,0,0,291764,0
291505,2788,8052,354,278,-76,958,16869,-1,0,-155,-32,36901,140,30,65,0,0,0,0,0,0,0,0,-32305,0,0,0,0,0,291769,0
291510,2784,8094,362,276,-70,959,16868,-4,2,-154,-32,36900,144,30,65,0,0,0,0,0,0,0,0,-32305,0,0,0,0,0,291775,0
291515,2732,8072,390,283,-70,967,16868,0,-3,-155,-32,36900,144,30,65,0,0,0,0,0,0,0,0,-32305,0,0,0,0,0,291780,0
291520,2728,7894,370,293,-69,977,16869,3,-2,-152,-32,36901,138,30,65,0,0,0,0,0,0,0,0,-32305,0,0,0,0,0,291786,0
291525,2744,7846,380,287,-66,988,16869,0,1,-156,-32,36901,138,30,65,0,0,0,0,0,0,0,0,-32305,0,0,0,0,0,291791,0
291530,2766,7786,424,292,-65,996,16869,-4,1,-155,-32,36901,128,30,65,0,0,0,0,0,0,0,0,-32305,0,0,0,0,0,291797,0
291535,2786,7756,418,294,-59,996,16870,1,1,-156,-40,36901,128,30,65,0,0,0,0,0,0,0,0,-32305,0,0,0,0,0,291802,0
291540,2844,7648,484,288,-41,999,16868,-1,-1,-155,-32,36903,141,30,65,0,0,0,0,0,0,0,0,-32305,0,0,0,0,0,291807,0
291545,2852,7644,502,288,-23,1009,16869,5,1,-155,-40,36903,141,30,65,0,0,0,0,0,0,0,0,-32305,0,0,0,0,0,291813,0
291550,2856,7610,496,280,-11,1010,16867,-7,0,-153,-40,36902,141,30,65,0,0,0,0,0,0,0,0,-32306,0,0,0,0,0,291818,0
291555,2860,7610,516,281,4,1015,16869,-4,4,-156,-32,36902,141,30,65,0,0,0,0,0,0,0,0,-32305,0,0,0,0,0,291824,0
291560,2862,7546,516,270,19,1026,16871,5,-1,-155,-32,36902,139,30,65,0,0,0,0,0,0,0,0,-32305,0,0,0,0,0,291829,0
291565,2866,7504,552,268,35,1029,16870,6,4,-153,-32,36902,139,30,65,0,0,0,0,0,0,0,0,-32305,0,0,0,0,0,291835,0
291570,2870,7510,548,267,36,1041,16870,3,3,-153,-40,36900,129,31,65,0,0,0,0,0,0,0,0,-32305,0,0,0,0,0,291840,0
291575,2870,7460,548,258,55,1047,16870,0,-2,-154,-32,36900,129,31,65,0,0,0,0,0,0,0,0,-32306,0,0,0,0,0,291845,0
291580,2810,7354,596,250,86,1064,16870,2,1,-156,-32,36904,132,30,65,0,0,0,0,0,0,0,0,-32305,0,0,0,0,0,291851,0
291585,2824,7352,602,248,92,1067,16869,-1,-3,-154,-40,36904,132,30,65,0,0,0,0,0,0,0,0,-32305,0,0,0,0,0,291856,0
291590,2742,7344,602,243,92,1071,16869,-3,-3,-154,-40,36904,129,30,65,0,0,0,0,0,0,0,0,-32305,0,0,0,0,0,291861,0
291595,2716,7358,612,235,107,1068,16869,-3,1,-154,-40,36904,129,30,65,0,0,0,0,0,0,0,0,-32305,0,0,0,0,0,291867,0
291600,2650,7384,590,232,109,1072,16869,-2,5,-155,-40,36904,128,30,65,0,0,0,0,0,0,0,0,-32305,0,0,0,0,0,291873,0
291605,2630,7394,580,229,94,1073,16870,2,2,-155,-32,36904,128,30,65,0,0,0,0,0,0,0,0,-32305,0,0,0,0,0,291878,0
291610,2592,7432,560,229,86,1080,16869,-3,3,-156,-32,36903,134,30,65,0,0,0,0,0,0,0,0,-32305,0,0,0,0,0,291883,0
291615,2540,7358,522,223,79,1086,16869,-1,4,-155,-32,36903,134,30,65,0,0,0,0,0,0,0,0,-32305,0,0,0,0,0,291889,0
291620,2592,7404,514,223,77,1093,16869,-2,1,-152,-32,36901,136,30,65,0,0,0,0,0,0,0,0,-32305,0,0,0,0,0,291894,0
291625,2548,7456,526,212,77,1101,16870,0,1,-156,-40,36901,136,30,65,0,0,0,0,0,0,0,0,-32305,0,0,0,0,0,291900,0
291630,2542,7398,506,203,82,1098,16869,0,1,-153,-24,36901,133,30,65,0,0,0,0,0,0,0,0,-32305,0,0,0,0,0,291905,0
291635,2464,7416,502,211,73,1092,16870,1,2,-156,-32,36901,133,30,65,0,0,0,0,0,0,0,0,-32305,0,0,0,0,0,291910,0
291640,2368,7384,452,199,73,1087,16869,-1,-3,-155,-32,36903,126,30,65,0,0,0,0,0,0,0,0,-32305,0,0,0,0,0,291916,0
291645,2334,7380,426,198,68,1085,16870,-1,-2,-155,-32,36903,126,30,65,0,0,0,0,0,0,0,0,-32305,0,0,0,0,0,291921,0
291650,2272,7322,388,190,67,1084,16869,-1,1,-154,-40,36906,142,30,65,0,0,0,0,0,0,0,0,-32305,0,0,0,0,0,291927,0
291655,2262,7286,404,192,67,1081,16869,-9,-1,-154,-40,36906,142,30,65,0,0,0,0,0,0,0,0,-32305,0,0,0,0,0,291932,0
291660,2218,7208,362,189,65,1058,16870,3,0,-153,-40,36907,146,30,65,0,0,0,0,0,0,0,0,-32305,0,0,0,0,0,291938,0
291665,2190,7182,366,187,72,1050,16869,-2,1,-154,-32,36907,146,30,65,0,0,0,0,0,0,0,0,-32305,0,0,0,0,0,291943,0
291670,2140,7166,348,191,72,1040,16869,-1,3,-153,-40,36905,146,30,65,0,0,0,0,0,0,0,0,-32305,0,0,0,0,0,291949,0
291675,2106,7094,318,184,70,1023,16870,0,-1,-154,-32,36905,146,30,65,0,0,0,0,0,0,0,0,-32305,0,0,0,0,0,291954,0
291680,2026,6972,294,185,59,990,16870,-4,6,-157,-32,36903,131,30,65,0,0,0,0,0,0,0,0,-32305,0,0,0,0,0,291959,0
291685,2020,6916,284,183,54,969,16870,0,0,-153,-32,36903,131,30,65,0,0,0,0,0,0,0,0,-32305,0,0,0,0,0,291965,0
291690,2022,6906,290,188,48,950,16870,8,-4,-155,-32,36905,139,30,65,0,0,0,0,0,0,0,0,-32305,0,0,0,0,0,291970,0
291695,2036,6874,264,186,39,925,16869,3,0,-155,-40,36905,139,30,65,0,0,0,0,0,0,0,0,-32305,0,0,0,0,0,291976,0
291700,2014,6848,230,189,23,867,16869,-4,-1,-154,-48,36906,137,30,65,0,0,0,0,0,0,0,0,-32305,0,0,0,0,0,291981,0
291705,2040,6820,238,189,22,841,16869,-5,3,-155,-32,36906,137,30,65,0,0,0,0,0,0,0,0,-32305,0,0,0,0,0,291986,0
291710,1984,6820,212,192,8,814,16870,1,-3,-154,-32,36906,139,30,65,0,0,0,0,0,0,0,0,-32305,0,0,0,0,0,291992,0
291715,2018,6846,198,199,3,786,16869,0,2,-155,-32,36906,139,30,65,0,0,0,0,0,0,0,0,-32305,0,0,0,0,0,291997,0
291720,2064,6862,194,208,-18,722,16868,-5,0,-153,-32,36904,127,30,65,0,0,0,0,0,0,0,0,-32305,0,0,0,0,0,292003,0
291725,2090,6886,228,213,-31,695,16869,2,0,-155,-40,36904,127,30,65,0,0,0,0,0,0,0,0,-32305,0,0,0,0,0,292008,0
291730,2126,6940,228,215,-32,669,16869,0,3,-154,-40,36904,124,30,65,0,0,0,0,0,0,0,0,-32305,0,0,0,0,0,292013,0
291735,2164,7052,230,226,-41,638,16869,-3,1,-155,-32,36904,124,30,65,0,0,0,0,0,0,0,0,-32305,0,0,0,0,0,292019,0
291740,2198,7220,218,238,-59,585,16869,0,1,-155,-32,36903,130,30,65,0,0,0,0,0,0,0,0,-32305,0,0,0,0,0,292024,0
291745,2232,7322,218,239,-66,560,16869,-5,3,-155,-32,36903,130,30,65,0,0,0,0,0,0,0,0,-32305,0,0,0,0,0,292030,0
291750,2228,7430,226,248,-77,539,16870,-1,-1,-153,-48,36905,132,30,65,0,0,0,0,0,0,0,0,-32305,0,0,0,0,0,292035,0
291755,2254,7490,234,259,-85,515,16869,-2,0,-156,-24,36905,132,30,65,0,0,0,0,0,0,0,0,-32305,0,0,0,0,0,292041,0
291760,2308,7544,184,269,-97,479,16870,5,0,-156,-32,36905,132,30,65,0,0,0,0,0,0,0,0,-32305,0,0,0,0,0,292046,0
291765,2356,7756,274,269,-97,464,16870,2,-1,-154,-32,36905,132,30,65,0,0,0,0,0,0,0,0,-32305,0,0,0,0,0,292051,0
291770,2330,7976,210,277,-98,439,16869,2,5,-152,-32,36905,122,30,65,0,0,0,0,0,0,0,0,-32305,0,0,0,0,0,292056,0
291775,2244,8012,212,278,-100,418,16869,-4,-2,-154,-40,36905,122,30,65,0,0,0,0,0,0,0,0,-32305,0,0,0,0,0,292062,0
291780,2240,8128,144,280,-120,378,16869,-3,3,-155,-40,36903,125,30,65,0,0,0,0,0,0,0,0,-32305,0,0,0,0,0,292067,0
291785,2234,8182,142,284,-121,358,16870,1,0,-155,-40,36903,125,30,65,0,0,0,0,0,0,0,0,-32305,0,0,0,0,0,292073,0
291790,2238,8172,118,283,-126,344,16868,-4,1,-156,-32,36901,130,30,65,0,0,0,0,0,0,0,0,-32305,0,0,0,0,0,292078,0
291795,2216,8164,148,288,-140,317,16870,5,1,-154,-32,36901,130,30,65,0,0,0,0,0,0,0,0,-32305,0,0,0,0,0,292083,0
291800,2226,8174,132,295,-148,283,16869,1,1,-155,-40,36902,142,30,65,0,0,0,0,0,0,0,0,-32305,0,0,0,0,0,292089,0
291805,2226,8184,122,299,-146,261,16870,1,2,-156,-32,36902,142,30,65,0,0,0,0,0,0,0,0,-32305,0,0,0,0,0,292094,0
291810,2228,8186,110,299,-143,234,16870,7,-3,-154,-32,36903,140,30,65,0,0,0,0,0,0,0,0,-32305,0,0,0,0,0,292100,0
291815,2184,8190,112,306,-144,212,16869,-1,2,-153,-40,36903,140,30,65,0,0,0,0,0,0,0,0,-32305,0,0,0,0,0,292105,0
291820,2164,8194,82,320,-147,168,16871,1,1,-153,-40,36902,137,30,65,0,0,0,0,0,0,0,0,-32305,0,0,0,0,0,292111,0
291825,2150,8176,106,326,-150,128,16870,0,-4,-153,-32,36902,137,30,65,0,0,0,0,0,0,0,0,-32305,0,0,0,0,0,292116,0
291830,2146,8108,84,332,-143,104,16869,0,-1,-156,-40,36903,137,30,65,0,0,0,0,0,0,0,0,-32305,0,0,0,0,0,292122,0
291835,2050,8006,126,338,-146,76,16871,0,-4,-154,-32,36903,137,30,65,0,0,0,0,0,0,0,0,-32305,0,0,0,0,0,292128,0
291840,2142,7970,116,357,-128,23,16870,1,-4,-157,-32,36902,138,30,65,0,0,0,0,0,0,0,0,-32305,0,0,0,0,0,292132,0
291845,2040,7890,118,359,-123,-7,16869,0,0,-156,-40,36902,138,30,65,0,0,0,0,0,0,0,0,-32305,0,0,0,0,0,292138,0
291850,2030,7836,160,366,-118,-32,16870,6,-4,-154,-40,36905,136,30,65,0,0,0,0,0,0,0,0,-32305,0,0,0,0,0,292143,0
291855,2032,7768,138,372,-108,-66,16868,-5,-2,-156,-40,36905,136,30,65,0,0,0,0,0,0,0,0,-32305,0,0,0,0,0,292150,0
291860,2026,7752,152,387,-87,-128,16870,4,-2,-152,-32,36904,133,30,65,0,0,0,0,0,0,0,0,-32305,0,0,0,0,0,292154,0
291865,2066,7694,188,387,-85,-160,16870,6,-4,-154,-40,36904,133,30,65,0,0,0,0,0,0,0,0,-32305,0,0,0,0,0,292160,0
291870,2048,7640,216,394,-80,-197,16869,3,3,-154,-40,36903,139,30,65,0,0,0,0,0,0,0,0,-32305,0,0,0,0,0,292165,0
291875,2024,7586,256,401,-72,-222,16870,-3,-2,-154,-40,36903,139,30,65,0,0,0,0,0,0,0,0,-32305,0,0,0,0,0,292171,0
291880,2000,7552,284,403,-55,-277,16869,0,-4,-154,-40,36901,140,31,65,0,0,0,0,0,0,0,0,-32305,0,0,0,0,0,292176,0
291885,2010,7512,300,409,-54,-302,16868,-3,-4,-154,-40,36901,140,31,65,0,0,0,0,0,0,0,0,-32304,0,0,0,0,0,292181,0
291890,1992,7508,304,416,-49,-331,16870,0,-4,-154,-40,36900,135,30,65,0,0,0,0,0,0,0,0,-32305,0,0,0,0,0,292187,0
291895,2002,7482,312,409,-38,-351,16870,5,1,-155,-40,36900,135,30,65,0,0,0,0,0,0,0,0,-32305,0,0,0,0,0,292192,0
291900,1992,7428,344,402,-30,-403,16869,-1,5,-157,-40,36900,130,30,65,0,0,0,0,0,0,0,0,-32305,0,0,0,0,0,292197,0
291905,1988,7430,378,409,-22,-427,16868,-3,0,-155,-32,36900,130,30,65,0,0,0,0,0,0,0,0,-32305,0,0,0,0,0,292203,0
291910,1978,7440,388,398,-25,-452,16869,4,-2,-155,-40,36899,128,30,65,0,0,0,0,0,0,0,0,-32305,0,0,0,0,0,292208,0
291915,1972,7434,402,390,-15,-473,16869,0,6,-156,-32,36899,128,30,65,0,0,0,0,0,0,0,0,-32305,0,0,0,0,0,292214,0
291920,2730,9634,1546,294,10,-409,16868,0,4,-153,-32,36898,128,30,65,0,0,0,0,0,0,0,0,-32305,0,0,0,0,0,292219,0
291925,2958,9006,1888,233,70,-451,16868,-6,2,-155,-40,36898,128,30,65,0,0,0,0,0,0,0,0,-32305,0,0,0,0,0,292225,0
291930,4450,9662,2554,174,124,-305,16867,-10,-4,-155,-40,36898,130,30,65,0,0,0,0,0,0,0,0,-32305,0,0,0,0,0,292230,0
291935,3982,10090,2716,134,161,-342,16867,0,-7,-154,-32,36898,130,30,65,0,0,0,0,0,0,0,0,-32305,0,0,0,0,0,292236,0
291940,3500,10676,2300,-3,139,-396,16867,1,1,-157,-32,36903,128,30,65,0,0,0,0,0,0,0,0,-32305,0,0,0,0,0,292241,0
291945,3050,10584,1356,-21,104,-484,16867,5,4,-155,-40,36903,128,30,65,0,0,0,0,0,0,0,0,-32305,0,0,0,0,0,292246,0
291950,2688,10686,854,-26,61,-482,16867,-3,4,-154,-32,36908,128,30,65,0,0,0,0,0,0,0,0,-32305,0,0,0,0,0,292252,0
291955,2382,10446,-218,0,15,-480,16866,0,6,-156,-40,36908,128,30,65,0,0,0,0,0,0,0,0,-32305,0,0,0,0,0,292257,0
291960,2360,9988,-934,50,-21,-440,16869,11,2,-154,-40,36915,129,30,65,0,0,0,0,0,0,0,0,-32305,0,0,0,0,0,292262,0
291965,2356,9808,-918,84,-17,-431,16869,5,-2,-153,-32,36915,129,30,65,0,0,0,0,0,0,0,0,-32305,0,0,0,0,0,292268,0
291970,2476,9572,-670,110,2,-415,16870,8,3,-154,-32,36910,131,30,65,0,0,0,0,0,0,0,0,-32305,0,0,0,0,0,292273,0
291975,2612,9388,-304,119,34,-426,16868,-2,-3,-154,-40,36910,131,30,65,0,0,0,0,0,0,0,0,-32305,0,0,0,0,0,292279,0
291980,2678,9050,336,131,95,-477,16868,-1,-1,-153,-40,36908,130,30,65,0,0,0,0,0,0,0,0,-32305,0,0,0,0,0,292284,0
291985,2742,8766,520,131,108,-489,16869,0,-7,-154,-32,36908,130,30,65,0,0,0,0,0,0,0,0,-32305,0,0,0,0,0,292289,0
291990,2772,8454,588,118,111,-509,16868,-3,-3,-158,-32,36901,133,30,65,0,0,0,0,0,0,0,0,-32305,0,0,0,0,0,292295,0
291995,2850,8138,520,111,103,-515,16868,0,-2,-155,-32,36901,133,30,65,0,0,0,0,0,0,0,0,-32305,0,0,0,0,0,292301,0
292000,3064,7662,210,110,83,-518,16868,-4,-3,-157,-40,36898,136,30,65,0,0,0,0,0,0,0,0,-32305,0,0,0,0,0,292306,0
292005,3152,7482,46,118,74,-517,16867,-5,-4,-155,-40,36898,136,30,65,0,0,0,0,0,0,0,0,-32305,0,0,0,0,0,292312,0
292010,3072,7294,-54,120,75,-524,16867,-4,0,-155,-32,36895,137,30,65,0,0,0,0,0,0,0,0,-32305,0,0,0,0,0,292318,0
292015,3048,7194,-134,131,75,-518,16866,-7,-3,-154,-32,36895,137,30,65,0,0,0,0,0,0,0,0,-32305,0,0,0,0,0,292323,0
292020,3046,7002,-50,141,92,-521,16866,-3,5,-154,-32,36895,137,30,65,0,0,0,0,0,0,0,0,-32305,0,0,0,0,0,292328,0
292025,3066,6966,48,143,105,-515,16865,0,0,-154,-32,36895,137,30,65,0,0,0,0,0,0,0,0,-32305,0,0,0,0,0,292334,0
292030,3034,6950,124,146,110,-512,16865,0,1,-153,-40,36898,130,30,65,0,0,0,0,0,0,0,0,-32305,0,0,0,0,0,292339,0
292035,2966,6950,188,147,111,-508,16864,3,1,-154,-40,36898,130,30,65,0,0,0,0,0,0,0,0,-32305,0,0,0,0,0,292345,0
292040,2910,7080,250,137,110,-507,16864,0,-1,-156,-32,36901,131,30,65,0,0,0,0,0,0,0,0,-32305,0,0,0,0,0,292351,0
292045,2890,7160,210,144,109,-505,16863,-3,3,-155,-48,36901,131,30,65,0,0,0,0,0,0,0,0,-32305,0,0,0,0,0,292355,0
292050,2846,7266,142,145,101,-502,16863,-3,2,-154,-40,36900,129,30,65,0,0,0,0,0,0,0,0,-32305,0,0,0,0,0,292361,0
292055,2846,7340,104,143,91,-506,16864,1,0,-154,-40,36900,129,30,65,0,0,0,0,0,0,0,0,-32305,0,0,0,0,0,292367,0
292060,2770,7452,18,152,89,-497,16863,4,-3,-153,-40,36904,127,30,65,0,0,0,0,0,0,0,0,-32306,0,0,0,0,0,292372,0
292065,2758,7512,20,150,89,-500,16863,0,3,-154,-40,36904,127,30,65,0,0,0,0,0,0,0,0,-32305,0,0,0,0,0,292377,0
292070,2716,7568,20,156,82,-496,16861,-3,-1,-153,-40,36904,125,30,65,0,0,0,0,0,0,0,0,-32305,0,0,0,0,0,292383,0
292075,2606,7576,34,146,87,-484,16863,3,-1,-151,-40,36904,125,30,65,0,0,0,0,0,0,0,0,-32306,0,0,0,0,0,292388,0
292080,2372,7570,-12,145,88,-466,16862,-3,-1,-151,-40,36905,124,31,65,0,0,0,0,0,0,0,0,-32305,0,0,0,0,0,292394,0
292085,2306,7548,4,145,89,-453,16863,1,3,-154,-40,36905,124,31,65,0,0,0,0,0,0,0,0,-32305,0,0,0,0,0,292399,0
292090,2242,7548,-54,138,91,-441,16862,-2,2,-154,-32,36904,127,31,65,0,0,0,0,0,0,0,0,-32305,0,0,0,0,0,292405,0
292095,2208,7556,-70,139,89,-423,16863,-5,-7,-155,-40,36904,127,31,65,0,0,0,0,0,0,0,0,-32305,0,0,0,0,0,292410,0
292100,2232,7586,-114,128,84,-402,16862,0,-1,-153,-40,36901,134,30,65,0,0,0,0,0,0,0,0,-32305,0,0,0,0,0,292416,0
292105,2284,7606,-156,124,97,-386,16861,-6,1,-153,-40,36901,134,30,65,0,0,0,0,0,0,0,0,-32305,0,0,0,0,0,292421,0
292110,2340,7668,-154,125,94,-377,16861,-10,-7,-153,-40,36900,140,30,65,0,0,0,0,0,0,0,0,-32305,0,0,0,0,0,292427,0
292115,2362,7688,-170,119,101,-363,16862,3,0,-153,-40,36900,140,30,65,0,0,0,0,0,0,0,0,-32305,0,0,0,0,0,292432,0
292120,2344,7744,-152,111,111,-343,16863,0,2,-154,-40,36901,139,30,65,0,0,0,0,0,0,0,0,-32305,0,0,0,0,0,292437,0
292125,2326,7758,-182,109,122,-326,16861,-5,-2,-154,-40,36901,139,30,65,0,0,0,0,0,0,0,0,-32305,0,0,0,0,0,292443,0
292130,2266,7726,-154,98,130,-322,16860,-14,-1,-152,-40,36900,138,30,65,0,0,0,0,0,0,0,0,-32305,0,0,0,0,0,292449,0
292135,2220,7724,-168,97,142,-302,16859,-7,-6,-152,-48,36900,138,30,65,0,0,0,0,0,0,0,0,-32305,0,0,0,0,0,292454,0
292140,2226,7690,-128,85,148,-288,16857,-10,-5,-155,-48,36902,138,30,65,0,0,0,0,0,0,0,0,-32305,0,0,0,0,0,292459,0
292145,2246,7722,-116,81,152,-271,16856,-6,-3,-154,-48,36902,138,30,65,0,0,0,0,0,0,0,0,-32305,0,0,0,0,0,292465,0
292150,2272,7688,-98,83,158,-262,16854,-16,-1,-154,-48,36901,138,30,65,0,0,0,0,0,0,0,0,-32305,0,0,0,0,0,292470,0
292155,2454,7742,-96,74,149,-271,16849,-22,0,-154,-48,36901,138,30,65,0,0,0,0,0,0,0,0,-32305,0,0,0,0,0,292475,0
292160,3110,7848,-34,69,150,-287,16839,-58,-23,-150,-72,36901,137,30,65,0,0,0,0,0,0,0,0,-32305,0,0,0,0,0,292481,0
292165,3376,7844,-16,72,146,-289,16807,-149,-67,-138,-128,36901,137,30,65,0,0,0,0,0,0,0,0,-32305,0,0,0,0,0,292486,0
292170,3418,7858,16,73,140,-314,16753,-251,-150,-142,-200,36901,137,31,65,0,0,0,0,0,0,0,0,-32305,0,0,0,0,0,292492,0
292175,3306,7776,24,62,137,-323,16689,-355,-255,-150,-384,36901,137,31,65,0,0,0,0,0,0,0,0,-32305,0,0,0,0,0,292497,0
292180,2730,7476,34,62,122,-328,16585,-471,-339,-142,-552,36901,138,30,65,0,0,0,0,0,0,0,0,-32305,0,0,0,0,0,292503,0
292185,2340,7310,20,64,109,-324,16457,-573,-386,-145,-776,36901,138,30,65,0,0,0,0,0,0,0,0,-32305,0,0,0,0,0,292508,0
292190,1940,7148,48,56,95,-304,16308,-659,-389,-136,-968,36903,139,30,65,0,0,0,0,0,0,0,0,-32305,0,0,0,0,0,292514,0
292195,1708,7022,20,50,86,-289,16145,-734,-348,-108,-1112,36903,139,30,65,0,0,0,0,0,0,0,0,-32305,0,0,0,0,0,292519,0
292200,1572,7012,-2,45,56,-242,15962,-805,-305,-105,-1208,36902,133,30,65,0,0,0,0,0,0,0,0,-32305,0,0,0,0,0,292524,0
292205,1656,7122,38,41,45,-227,15769,-861,-268,-90,-1328,36902,133,30,65,0,0,0,0,0,0,0,0,-32305,0,0,0,0,0,292530,0
292210,1848,7264,2,43,32,-204,15555,-942,-248,-69,-1504,36902,133,30,65,0,0,0,0,0,0,0,0,-32305,0,0,0,0,0,292535,0
292215,2028,7402,-10,45,11,-186,15326,-1016,-246,-52,-1648,36902,133,30,65,0,0,0,0,0,0,0,0,-32305,0,0,0,0,0,292541,0
292220,2322,7634,12,33,-27,-169,15072,-1122,-268,-43,-1856,36899,134,30,65,0,0,0,0,0,0,0,0,-32306,0,0,0,0,0,292546,0
292225,2326,7686,36,27,-40,-159,14793,-1234,-308,-20,-2104,36899,134,30,65,0,0,0,0,0,0,0,0,-32305,0,0,0,0,0,292551,0
292230,2232,7590,30,31,-65,-155,14487,-1350,-346,-4,-2312,36898,129,30,65,0,0,0,0,0,0,0,0,-32305,0,0,0,0,0,292557,0
292235,2072,7472,68,23,-82,-141,14154,-1474,-381,-3,-2504,36898,129,30,65,0,0,0,0,0,0,0,0,-32305,0,0,0,0,0,292562,0
292240,8370,7752,160,0,-161,-600,13808,-1524,-371,6,-2472,36900,132,31,65,0,0,0,0,0,0,0,0,-32305,0,0,0,0,0,292567,0
292245,10620,7300,66,17,-169,-551,13467,-1490,-287,-1,-2232,36900,132,31,65,0,0,0,0,0,0,0,0,-32305,0,0,0,0,0,292573,0
292250,9282,6098,-40,6,-150,-594,13145,-1406,-119,30,-1928,36902,140,30,65,0,0,0,0,0,0,0,0,-32305,0,0,0,0,0,292578,0
292255,6506,4776,-14,4,-115,-687,12847,-1298,78,54,-1552,36902,140,30,65,0,0,0,0,0,0,0,0,-32305,0,0,0,0,0,292584,0
292260,2470,7170,106,27,-126,-749,12585,-1144,268,70,-1104,36904,142,30,65,0,0,0,0,0,0,0,0,-32305,0,0,0,0,0,292589,0
292265,2458,8782,254,33,-147,-762,12372,-913,429,85,-464,36904,142,30,65,0,0,0,0,0,0,0,0,-32305,0,0,0,0,0,292594,0
292270,2648,9460,284,31,-166,-811,12241,-530,648,176,-80,36904,135,31,65,0,0,0,0,0,0,0,0,-32305,0,0,0,0,0,292600,0
292275,2932,9460,302,19,-195,-873,12235,31,985,396,176,36904,135,31,65,0,0,0,0,0,0,0,0,-32305,0,0,0,0,0,292605,0
292280,3666,8098,130,14,-277,-930,12314,375,1276,189,424,36908,130,30,65,0,0,0,0,0,0,0,0,-32306,0,0,0,0,0,292611,0
292285,3478,7994,128,19,-324,-956,12435,551,1346,143,728,36908,130,30,65,0,0,0,0,0,0,0,0,-32305,0,0,0,0,0,292616,0
292290,2860,8188,228,20,-353,-973,12576,623,1120,152,792,36908,132,30,65,0,0,0,0,0,0,0,0,-32305,0,0,0,0,0,292621,0
292295,2276,8444,308,25,-372,-998,12724,648,719,126,776,36908,132,30,65,0,0,0,0,0,0,0,0,-32305,0,0,0,0,0,292627,0
292300,2084,8772,208,23,-419,-1045,12867,634,328,100,672,36905,134,30,65,0,0,0,0,0,0,0,0,-32305,0,0,0,0,0,292632,0
292305,2568,8570,88,14,-462,-1067,13007,609,114,100,544,36905,134,30,65,0,0,0,0,0,0,0,0,-32305,0,0,0,0,0,292638,0
292310,3036,8216,-16,17,-509,-1094,13136,555,-17,78,360,36901,140,30,65,0,0,0,0,0,0,0,0,-32306,0,0,0,0,0,292643,0
292315,3420,7862,-44,9,-559,-1126,13251,494,-100,37,232,36901,140,30,65,0,0,0,0,0,0,0,0,-32305,0,0,0,0,0,292649,0
292320,3558,7276,34,10,-642,-1175,13351,427,-160,4,184,36902,140,30,65,0,0,0,0,0,0,0,0,-32305,0,0,0,0,0,292654,0
292325,3360,7266,166,8,-673,-1202,13431,342,-216,0,136,36902,140,30,65,0,0,0,0,0,0,0,0,-32305,0,0,0,0,0,292659,0
292330,3092,7256,286,7,-694,-1225,13489,240,-259,-1,80,36904,143,31,65,0,0,0,0,0,0,0,0,-32305,0,0,0,0,0,292665,0
292335,2824,7310,374,9,-709,-1242,13525,144,-290,2,40,36904,143,31,65,0,0,0,0,0,0,0,0,-32305,0,0,0,0,0,292670,0
292340,2528,7328,438,16,-703,-1269,13540,61,-317,22,24,36903,138,30,65,0,0,0,0,0,0,0,0,-32305,0,0,0,0,0,292675,0
292345,2492,7336,424,27,-692,-1278,13544,15,-304,39,16,36903,138,30,65,0,0,0,0,0,0,0,0,-32305,0,0,0,0,0,292681,0
292350,2482,7410,410,33,-669,-1291,13544,-9,-245,38,16,36903,137,30,65,0,0,0,0,0,0,0,0,-32305,0,0,0,0,0,292686,0
292355,2512,7456,316,38,-645,-1292,13543,0,-165,40,16,36903,137,30,65,0,0,0,0,0,0,0,0,-32305,0,0,0,0,0,292692,0
292360,2638,7548,186,54,-584,-1319,13544,-1,-77,40,8,36915,136,30,65,0,0,0,0,0,0,0,0,-32305,0,0,0,0,0,292697,0
292365,2624,7566,170,63,-551,-1327,13544,-1,-26,39,16,36915,136,30,65,0,0,0,0,0,0,0,0,-32305,0,0,0,0,0,292703,0
292370,2682,7578,156,68,-528,-1341,13544,0,-7,38,16,36925,134,31,65,0,0,0,0,0,0,0,0,-32306,0,0,0,0,0,292708,0
292375,2680,7568,156,70,-505,-1354,13543,-3,-2,40,16,36925,134,31,65,0,0,0,0,0,0,0,0,-32305,0,0,0,0,0,292713,0
292380,2512,7452,96,69,-480,-1378,13543,-5,-4,39,16,36934,134,31,65,0,0,0,0,0,0,0,0,-32305,0,0,0,0,0,292719,0
292385,2508,7516,34,63,-468,-1385,13544,2,-1,37,16,36934,134,31,65,0,0,0,0,0,0,0,0,-32305,0,0,0,0,0,292725,0
292390,2452,7538,-38,61,-456,-1395,13543,-2,-2,38,8,36921,128,30,65,0,0,0,0,0,0,0,0,-32305,0,0,0,0,0,292730,0
292395,2380,7562,-76,59,-443,-1404,13546,7,7,40,16,36921,128,30,65,0,0,0,0,0,0,0,0,-32304,0,0,0,0,0,292736,0
292400,2330,7608,-142,54,-405,-1426,13543,0,-4,38,24,36910,122,30,65,0,0,0,0,0,0,0,0,-32305,0,0,0,0,0,292741,0
292405,2298,7582,-172,51,-380,-1431,13544,1,-1,37,16,36910,122,30,65,0,0,0,0,0,0,0,0,-32305,0,0,0,0,0,292746,0
292410,2254,7558,-138,48,-349,-1438,13544,2,4,39,16,36900,124,30,65,0,0,0,0,0,0,0,0,-32305,0,0,0,0,0,292752,0
292415,2194,7524,-154,55,-316,-1450,13543,1,-2,40,16,36900,124,30,65,0,0,0,0,0,0,0,0,-32305,0,0,0,0,0,292758,0
292420,2158,7466,-162,37,-243,-1460,13544,0,1,41,16,36903,122,30,65,0,0,0,0,0,0,0,0,-32306,0,0,0,0,0,292763,0
292425,2148,7472,-196,37,-200,-1457,13543,0,-1,40,24,36903,122,30,65,0,0,0,0,0,0,0,0,-32305,0,0,0,0,0,292769,0
292430,2030,7424,-200,34,-169,-1463,13544,5,-2,40,16,36903,125,30,65,0,0,0,0,0,0,0,0,-32305,0,0,0,0,0,292774,0
292435,1982,7424,-196,29,-124,-1465,13542,-7,-3,40,16,36903,125,30,65,0,0,0,0,0,0,0,0,-32305,0,0,0,0,0,292779,0
292440,1872,7532,-242,20,-40,-1467,13544,0,3,38,16,36902,123,30,65,0,0,0,0,0,0,0,0,-32305,0,0,0,0,0,292785,0
292445,1842,7650,-226,13,-6,-1470,13543,-1,2,39,16,36902,123,30,65,0,0,0,0,0,0,0,0,-32305,0,0,0,0,0,292790,0
292450,1768,7718,-268,7,38,-1466,13544,3,0,37,16,36901,124,30,65,0,0,0,0,0,0,0,0,-32305,0,0,0,0,0,292795,0
292455,1738,7842,-280,10,69,-1469,13543,-5,-2,38,16,36901,124,30,65,0,0,0,0,0,0,0,0,-32305,0,0,0,0,0,292801,0
292460,1630,8166,-296,-9,131,-1471,13545,-3,4,39,16,36900,136,30,65,0,0,0,0,0,0,0,0,-32305,0,0,0,0,0,292806,0
292465,1534,8278,-326,-11,158,-1479,13544,0,3,38,16,36900,136,30,65,0,0,0,0,0,0,0,0,-32305,0,0,0,0,0,292813,0
292470,1416,8434,-362,-22,171,-1478,13543,-3,-7,41,16,36898,138,30,65,0,0,0,0,0,0,0,0,-32305,0,0,0,0,0,292817,0
292475,1372,8558,-330,-24,200,-1482,13543,4,-2,41,24,36898,138,30,65,0,0,0,0,0,0,0,0,-32305,0,0,0,0,0,292823,0
292480,1286,8692,-376,-50,225,-1485,13543,1,-1,41,24,36897,133,30,65,0,0,0,0,0,0,0,0,-32305,0,0,0,0,0,292828,0
292485,1280,8774,-374,-55,231,-1492,13544,-3,4,39,16,36897,133,30,65,0,0,0,0,0,0,0,0,-32305,0,0,0,0,0,292833,0
292490,1252,8848,-382,-66,248,-1498,13544,0,-2,38,16,36898,133,30,65,0,0,0,0,0,0,0,0,-32305,0,0,0,0,0,292839,0
292495,1250,8854,-360,-74,249,-1504,13543,-7,-2,40,16,36898,133,30,65,0,0,0,0,0,0,0,0,-32306,0,0,0,0,0,292845,0
292500,1192,8820,-344,-95,247,-1515,13544,5,4,39,16,36901,133,30,65,0,0,0,0,0,0,0,0,-32305,0,0,0,0,0,292850,0
292505,1156,8746,-338,-102,247,-1522,13543,1,-4,37,16,36901,133,30,65,0,0,0,0,0,0,0,0,-32305,0,0,0,0,0,292855,0
292510,1136,8714,-310,-98,241,-1530,13543,-3,1,38,16,36902,129,30,65,0,0,0,0,0,0,0,0,-32305,0,0,0,0,0,292861,0
292515,1068,8658,-246,-117,228,-1531,13544,1,-1,40,24,36902,129,30,65,0,0,0,0,0,0,0,0,-32305,0,0,0,0,0,292866,0
292520,968,8538,-166,-130,217,-1541,13544,5,6,39,16,36901,131,30,65,0,0,0,0,0,0,0,0,-32305,0,0,0,0,0,292872,0
292525,916,8468,-196,-133,205,-1544,13543,2,1,40,16,36901,131,30,65,0,0,0,0,0,0,0,0,-32305,0,0,0,0,0,292877,0
292530,876,8434,-116,-138,201,-1543,13542,-4,2,41,16,36899,130,30,65,0,0,0,0,0,0,0,0,-32305,0,0,0,0,0,292883,0
292535,812,8366,-70,-139,194,-1545,13543,0,2,38,16,36899,130,30,65,0,0,0,0,0,0,0,0,-32305,0,0,0,0,0,292888,0
292540,700,8258,16,-146,167,-1539,13544,-1,2,39,16,36901,130,30,65,0,0,0,0,0,0,0,0,-32305,0,0,0,0,0,292894,0
292545,648,8168,76,-157,155,-1537,13543,0,4,37,16,36901,130,30,65,0,0,0,0,0,0,0,0,-32305,0,0,0,0,0,292899,0
292550,566,8106,112,-152,138,-1529,13543,0,2,40,24,36902,131,30,65,0,0,0,0,0,0,0,0,-32305,0,0,0,0,0,292904,0
292555,528,8104,194,-148,123,-1524,13544,0,-1,38,16,36902,131,30,65,0,0,0,0,0,0,0,0,-32305,0,0,0,0,0,292910,0
292560,444,8010,234,-140,111,-1516,13544,7,1,38,8,36902,129,30,65,0,0,0,0,0,0,0,0,-32305,0,0,0,0,0,292915,0
292565,350,8002,276,-134,102,-1510,13543,-8,0,40,16,36902,129,30,65,0,0,0,0,0,0,0,0,-32306,0,0,0,0,0,292921,0
292570,332,8000,308,-130,94,-1493,13543,0,2,40,16,36900,124,30,65,0,0,0,0,0,0,0,0,-32305,0,0,0,0,0,292926,0
292575,260,8016,350,-128,84,-1484,13544,5,-1,40,24,36900,124,30,65,0,0,0,0,0,0,0,0,-32306,0,0,0,0,0,292932,0
292580,150,8086,382,-111,82,-1462,13543,-8,0,39,24,36900,114,30,65,0,0,0,0,0,0,0,0,-32305,0,0,0,0,0,292937,0
292585,78,8120,370,-108,83,-1447,13544,2,-3,38,16,36900,114,30,65,0,0,0,0,0,0,0,0,-32305,0,0,0,0,0,292944,0
292590,24,8104,386,-99,79,-1440,13543,0,-1,38,16,36896,111,30,65,0,0,0,0,0,0,0,0,-32305,0,0,0,0,0,292949,0
292595,18,8104,396,-90,82,-1423,13542,-5,1,39,16,36896,111,30,65,0,0,0,0,0,0,0,0,-32305,0,0,0,0,0,292954,0
292600,-32,8046,332,-84,87,-1402,13543,-3,-5,40,24,36895,118,30,65,0,0,0,0,0,0,0,0,-32305,0,0,0,0,0,292960,0
292605,-40,8058,306,-81,89,-1383,13543,-1,2,38,24,36895,118,30,65,0,0,0,0,0,0,0,0,-32305,0,0,0,0,0,292965,0
292610,-52,8048,294,-76,87,-1368,13542,-8,0,37,16,36896,130,30,65,0,0,0,0,0,0,0,0,-32305,0,0,0,0,0,292971,0
292615,-62,8028,258,-68,90,-1355,13544,4,-1,38,16,36896,130,30,65,0,0,0,0,0,0,0,0,-32305,0,0,0,0,0,292976,0
292620,-168,7936,262,-64,81,-1329,13543,0,1,39,16,36898,136,30,65,0,0,0,0,0,0,0,0,-32305,0,0,0,0,0,292982,0
292625,-246,7854,304,-66,77,-1316,13543,-3,2,40,16,36898,136,30,65,0,0,0,0,0,0,0,0,-32305,0,0,0,0,0,292987,0
292630,-280,7786,308,-58,68,-1307,13543,-1,-3,42,16,36899,134,30,65,0,0,0,0,0,0,0,0,-32305,0,0,0,0,0,292993,0
292635,-294,7740,378,-52,60,-1287,13543,-2,3,39,16,36899,134,30,65,0,0,0,0,0,0,0,0,-32305,0,0,0,0,0,292998,0
292640,-188,7798,372,-40,49,-1261,13542,0,5,38,16,36900,137,30,65,0,0,0,0,0,0,0,0,-32305,0,0,0,0,0,293003,0
292645,-106,7800,374,-37,39,-1251,13544,0,-3,40,16,36900,137,30,65,0,0,0,0,0,0,0,0,-32305,0,0,0,0,0,293009,0
292650,-24,7894,400,-37,40,-1243,13542,-7,2,38,8,36900,140,30,65,0,0,0,0,0,0,0,0,-32305,0,0,0,0,0,293014,0
292655,62,7952,378,-22,39,-1232,13544,-1,4,38,16,36900,140,30,65,0,0,0,0,0,0,0,0,-32305,0,0,0,0,0,293020,0
292660,94,8000,398,-11,39,-1235,13542,1,1,38,8,36904,136,30,65,0,0,0,0,0,0,0,0,-32305,0,0,0,0,0,293025,0
292665,166,8074,412,-13,42,-1227,13543,0,3,40,16,36904,136,30,65,0,0,0,0,0,0,0,0,-32305,0,0,0,0,0,293030,0
292670,176,8184,424,-1,44,-1230,13542,-10,-4,38,16,36905,125,30,65,0,0,0,0,0,0,0,0,-32305,0,0,0,0,0,293036,0
292675,184,8242,444,10,47,-1228,13543,1,1,40,16,36905,125,30,65,0,0,0,0,0,0,0,0,-32305,0,0,0,0,0,293041,0
292680,196,8228,436,19,58,-1235,13544,3,3,40,24,36904,125,30,65,0,0,0,0,0,0,0,0,-32305,0,0,0,0,0,293047,0
292685,174,8204,432,25,67,-1242,13544,6,5,38,24,36904,125,30,65,0,0,0,0,0,0,0,0,-32305,0,0,0,0,0,293052,0
292690,252,8194,384,30,66,-1241,13543,2,2,38,16,36904,125,30,65,0,0,0,0,0,0,0,0,-32305,0,0,0,0,0,293058,0
292695,220,8134,422,33,69,-1254,13542,-4,-2,39,16,36904,125,30,65,0,0,0,0,0,0,0,0,-32305,0,0,0,0,0,293063,0
292700,276,8062,392,49,75,-1271,13543,-1,-2,38,16,36904,123,30,65,0,0,0,0,0,0,0,0,-32305,0,0,0,0,0,293069,0
292705,324,8060,384,55,78,-1272,13542,0,2,38,16,36904,123,30,65,0,0,0,0,0,0,0,0,-32305,0,0,0,0,0,293075,0
292710,254,8076,370,59,78,-1287,13544,3,2,39,8,36903,120,30,65,0,0,0,0,0,0,0,0,-32305,0,0,0,0,0,293079,0
292715,-606,8822,584,55,78,-1323,13544,-1,-4,41,16,36903,120,30,65,0,0,0,0,0,0,0,0,-32305,0,0,0,0,0,293086,0
292720,-1458,9586,508,63,44,-1343,13543,0,4,40,16,36902,127,30,65,0,0,0,0,0,0,0,0,-32305,0,0,0,0,0,293091,0
292725,-818,9376,296,75,62,-1336,13543,-3,-2,40,16,36902,127,30,65,0,0,0,0,0,0,0,0,-32306,0,0,0,0,0,293095,0
292730,188,8880,392,90,65,-1316,13543,0,-5,42,16,36900,130,30,65,0,0,0,0,0,0,0,0,-32305,0,0,0,0,0,293101,0
292735,552,8612,352,87,67,-1338,13542,-1,1,38,16,36900,130,30,65,0,0,0,0,0,0,0,0,-32305,0,0,0,0,0,293108,0
292740,370,8124,390,101,28,-1371,13541,-1,0,38,16,36901,132,30,65,0,0,0,0,0,0,0,0,-32305,0,0,0,0,0,293112,0
292745,330,8042,436,119,16,-1384,13543,7,2,39,16,36901,132,30,65,0,0,0,0,0,0,0,0,-32305,0,0,0,0,0,293117,0
292750,180,7884,442,129,13,-1403,13543,3,4,41,16,36902,132,30,65,0,0,0,0,0,0,0,0,-32305,0,0,0,0,0,293123,0
292755,-50,7918,650,134,4,-1413,13542,-7,-1,39,16,36902,132,30,65,0,0,0,0,0,0,0,0,-32305,0,0,0,0,0,293128,0
292760,-698,8030,644,155,-4,-1411,13542,1,-3,38,16,36903,138,30,65,0,0,0,0,0,0,0,0,-32305,0,0,0,0,0,293134,0
292765,-920,8176,620,174,-9,-1405,13543,2,3,39,16,36903,138,30,65,0,0,0,0,0,0,0,0,-32305,0,0,0,0,0,293139,0
292770,-820,8102,516,181,-32,-1387,13515,-146,-26,-816,-1248,36902,147,30,65,0,0,0,0,0,0,0,0,-32305,0,0,0,0,0,293144,0
292775,-1048,8044,656,189,-46,-1395,13395,-567,-262,-1438,-1808,36902,147,30,65,0,0,0,0,0,0,0,0,-32305,0,0,0,0,0,293150,0
292780,-502,7970,422,213,-93,-1396,13216,-802,-572,-915,-1696,36894,155,30,65,0,0,0,0,0,0,0,0,-32305,0,0,0,0,0,293155,0
292785,-472,8092,474,228,-101,-1393,13020,-857,-776,-392,-1312,36894,155,30,65,0,0,0,0,0,0,0,0,-32305,0,0,0,0,0,293161,0
292790,-388,8102,392,233,-108,-1399,12832,-825,-718,-127,-744,36892,163,30,65,0,0,0,0,0,0,0,0,-32305,0,0,0,0,0,293166,0
292795,-430,8176,402,234,-109,-1399,12669,-708,-388,4,-272,36892,163,30,65,0,0,0,0,0,0,0,0,-32305,0,0,0,0,0,293171,0
292800,-520,8186,312,251,-112,-1396,12538,-555,21,113,-144,36896,166,30,65,0,0,0,0,0,0,0,0,-32305,0,0,0,0,0,293177,0
292805,-550,8184,232,259,-100,-1392,12449,-374,306,84,-192,36896,166,30,65,0,0,0,0,0,0,0,0,-32305,0,0,0,0,0,293183,0
292810,-600,8090,300,250,-106,-1398,12390,-235,462,-150,-248,36902,151,30,65,0,0,0,0,0,0,0,0,-32305,0,0,0,0,0,293187,0
292815,-632,8048,254,256,-103,-1403,12355,-147,511,-393,-272,36902,151,30,65,0,0,0,0,0,0,0,0,-32305,0,0,0,0,0,293193,0
292820,-590,8064,232,263,-94,-1406,12341,-61,474,-601,-272,36903,150,31,65,0,0,0,0,0,0,0,0,-32305,0,0,0,0,0,293199,0
292825,-624,8036,118,255,-89,-1408,12331,-44,374,-713,-296,36903,150,31,65,0,0,0,0,0,0,0,0,-32305,0,0,0,0,0,293204,0
292830,-616,8068,74,256,-77,-1410,12318,-58,243,-728,-280,36899,142,30,65,0,0,0,0,0,0,0,0,-32305,0,0,0,0,0,293209,0
292835,-684,8078,-4,249,-76,-1412,12305,-52,119,-697,-280,36899,142,30,65,0,0,0,0,0,0,0,0,-32305,0,0,0,0,0,293215,0
292840,-856,8078,-120,240,-72,-1418,12301,-22,49,-714,-264,36897,142,30,65,0,0,0,0,0,0,0,0,-32305,0,0,0,0,0,293220,0
292845,-882,8042,-162,233,-71,-1415,12299,-9,32,-754,-256,36897,142,30,65,0,0,0,0,0,0,0,0,-32305,0,0,0,0,0,293225,0
292850,-918,8058,-164,222,-67,-1423,12300,-1,44,-775,-248,36898,140,30,65,0,0,0,0,0,0,0,0,-32305,0,0,0,0,0,293231,0
292855,-1014,8096,-206,214,-67,-1420,12298,-6,49,-781,-256,36898,140,30,65,0,0,0,0,0,0,0,0,-32305,0,0,0,0,0,293236,0
292860,-990,8156,-278,194,-78,-1422,12300,-3,32,-779,-240,36895,137,30,65,0,0,0,0,0,0,0,0,-32305,0,0,0,0,0,293242,0
292865,-908,8130,-296,184,-74,-1428,12299,0,8,-778,-248,36895,137,30,65,0,0,0,0,0,0,0,0,-32305,0,0,0,0,0,293247,0
292870,-872,8164,-318,175,-74,-1435,12298,-6,3,-778,-248,36894,133,30,65,0,0,0,0,0,0,0,0,-32305,0,0,0,0,0,293253,0
292875,-878,8206,-294,168,-78,-1445,12297,-10,-7,-779,-248,36894,133,30,65,0,0,0,0,0,0,0,0,-32305,0,0,0,0,0,293258,0
292880,-888,8210,-224,153,-79,-1455,12297,0,0,-770,-264,36894,134,30,65,0,0,0,0,0,0,0,0,-32305,0,0,0,0,0,293264,0
292885,-844,8156,-232,139,-88,-1463,12296,-4,0,-769,-256,36894,134,30,65,0,0,0,0,0,0,0,0,-32305,0,0,0,0,0,293269,0
292890,-786,8146,-240,137,-87,-1469,12294,-9,-3,-767,-248,36898,134,30,65,0,0,0,0,0,0,0,0,-32305,0,0,0,0,0,293275,0
292895,-854,8146,-276,129,-88,-1484,12294,0,-1,-766,-264,36898,134,30,65,0,0,0,0,0,0,0,0,-32305,0,0,0,0,0,293280,0
292900,-1248,7762,-544,109,-88,-1494,12291,-8,-1,-765,-256,36905,136,30,65,0,0,0,0,0,0,0,0,-32305,0,0,0,0,0,293286,0
292905,-1026,8272,-266,98,-91,-1509,12290,-9,1,-761,-256,36905,136,30,65,0,0,0,0,0,0,0,0,-32305,0,0,0,0,0,293291,0
292910,-952,8142,-250,81,-95,-1513,12289,-7,0,-767,-256,36904,130,30,65,0,0,0,0,0,0,0,0,-32305,0,0,0,0,0,293296,0
292915,-966,8036,-378,73,-85,-1533,12287,-10,3,-761,-264,36904,130,30,65,0,0,0,0,0,0,0,0,-32305,0,0,0,0,0,293302,0
292920,-1164,8310,-290,45,-80,-1540,12286,-10,0,-759,-264,36902,131,31,65,0,0,0,0,0,0,0,0,-32305,0,0,0,0,0,293307,0
292925,-1182,8192,-198,32,-72,-1544,12283,-14,-2,-752,-256,36902,131,31,65,0,0,0,0,0,0,0,0,-32305,0,0,0,0,0,293312,0
292930,-1096,8490,-486,10,-60,-1551,12280,-14,-3,-744,-264,36898,127,31,65,0,0,0,0,0,0,0,0,-32305,0,0,0,0,0,293318,0
292935,-1362,8114,-150,26,-64,-1558,12273,-32,-12,-730,-264,36898,127,31,65,0,0,0,0,0,0,0,0,-32305,0,0,0,0,0,293324,0
292940,-1544,8440,-282,1,-105,-1553,12260,-61,-29,-692,-272,36897,132,30,65,0,0,0,0,0,0,0,0,-32305,0,0,0,0,0,293329,0
292945,-1424,8348,-244,-6,-98,-1552,12245,-68,-43,-639,-256,36897,132,30,65,0,0,0,0,0,0,0,0,-32305,0,0,0,0,0,293334,0
292950,-1140,8172,-234,-8,-95,-1557,12237,-25,-35,-634,-240,36898,135,30,65,0,0,0,0,0,0,0,0,-32305,0,0,0,0,0,293340,0
292955,-1228,8324,-108,-16,-110,-1560,12237,-2,8,-673,-256,36898,135,30,65,0,0,0,0,0,0,0,0,-32304,0,0,0,0,0,293345,0
292960,-1326,8216,-54,-26,-112,-1571,12237,-5,40,-711,-248,36898,134,30,65,0,0,0,0,0,0,0,0,-32305,0,0,0,0,0,293351,0
292965,-1516,8204,-54,-24,-115,-1574,12239,1,59,-715,-248,36898,134,30,65,0,0,0,0,0,0,0,0,-32305,0,0,0,0,0,293356,0
292970,-1634,8114,-20,-22,-135,-1578,12238,-3,41,-722,-248,36898,133,30,65,0,0,0,0,0,0,0,0,-32305,0,0,0,0,0,293362,0
292975,-1808,8044,-14,-19,-159,-1572,12239,3,11,-720,-256,36898,133,30,65,0,0,0,0,0,0,0,0,-32305,0,0,0,0,0,293367,0
292980,-1916,7912,40,-4,-200,-1578,12237,1,-2,-717,-248,36897,132,30,65,0,0,0,0,0,0,0,0,-32305,0,0,0,0,0,293373,0
292985,-1814,8234,-266,-17,-203,-1575,12238,5,1,-716,-264,36897,132,30,65,0,0,0,0,0,0,0,0,-32305,0,0,0,0,0,293378,0
292990,-2026,7758,234,20,-236,-1575,12239,8,-5,-721,-256,36897,135,30,65,0,0,0,0,0,0,0,0,-32305,0,0,0,0,0,293384,0
292995,-2008,7864,224,29,-275,-1574,12238,-4,0,-723,-232,36897,135,30,65,0,0,0,0,0,0,0,0,-32305,0,0,0,0,0,293389,0
293000,-2464,7726,116,45,-323,-1573,12237,-5,3,-718,-256,36898,133,30,65,0,0,0,0,0,0,0,0,-32305,0,0,0,0,0,293395,0
293005,-2136,7634,226,58,-312,-1576,12237,-5,-6,-716,-256,36898,133,30,65,0,0,0,0,0,0,0,0,-32304,0,0,0,0,0,293400,0
293010,-2026,7940,360,45,-317,-1577,12238,-4,-1,-720,-256,36902,140,30,65,0,0,0,0,0,0,0,0,-32305,0,0,0,0,0,293405,0
293015,-1848,7560,640,73,-326,-1577,12238,-3,-2,-724,-248,36902,140,30,65,0,0,0,0,0,0,0,0,-32304,0,0,0,0,0,293411,0
293020,-2114,7726,522,74,-326,-1578,12238,0,4,-718,-248,36901,141,30,65,0,0,0,0,0,0,0,0,-32305,0,0,0,0,0,293416,0
293025,-1994,7822,492,75,-306,-1571,12237,-1,3,-717,-256,36901,141,30,65,0,0,0,0,0,0,0,0,-32305,0,0,0,0,0,293422,0
293030,-2100,8018,422,83,-288,-1568,12239,3,-1,-717,-248,36901,145,30,65,0,0,0,0,0,0,0,0,-32305,0,0,0,0,0,293427,0
293035,-1852,8070,408,74,-275,-1570,12237,-7,-3,-723,-240,36901,145,30,65,0,0,0,0,0,0,0,0,-32305,0,0,0,0,0,293433,0
293040,-1340,8494,352,68,-219,-1573,12239,11,3,-716,-256,36896,132,30,65,0,0,0,0,0,0,0,0,-32304,0,0,0,0,0,293438,0
293045,-1318,8778,172,49,-188,-1576,12236,-10,0,-722,-248,36896,132,30,65,0,0,0,0,0,0,0,0,-32305,0,0,0,0,0,293443,0
293050,-1330,9108,44,36,-144,-1574,12239,1,-1,-715,-256,36896,129,30,65,0,0,0,0,0,0,0,0,-32305,0,0,0,0,0,293449,0
293055,-1432,9474,46,18,-90,-1572,12237,0,-5,-720,-240,36896,129,30,65,0,0,0,0,0,0,0,0,-32305,0,0,0,0,0,293454,0
293060,-1614,9958,228,-27,-7,-1554,12236,-4,2,-713,-248,36897,127,30,65,0,0,0,0,0,0,0,0,-32305,0,0,0,0,0,293460,0
293065,-1222,9748,-156,-47,29,-1556,12238,5,-4,-715,-264,36897,127,30,65,0,0,0,0,0,0,0,0,-32305,0,0,0,0,0,293465,0
293070,-1178,9774,-550,-88,84,-1556,12238,1,4,-723,-256,36898,127,30,65,0,0,0,0,0,0,0,0,-32305,0,0,0,0,0,293470,0
293075,-1660,9748,-168,-99,124,-1551,12237,-3,5,-720,-248,36898,127,30,65,0,0,0,0,0,0,0,0,-32305,0,0,0,0,0,293476,0
293080,-1500,9302,-386,-157,167,-1551,12237,-3,0,-716,-256,36898,122,30,65,0,0,0,0,0,0,0,0,-32304,0,0,0,0,0,293481,0
293085,-1730,9148,-580,-170,181,-1553,12238,5,2,-718,-264,36898,122,30,65,0,0,0,0,0,0,0,0,-32305,0,0,0,0,0,293487,0
293090,-2024,9128,-584,-199,193,-1559,12238,1,0,-721,-248,36898,120,30,65,0,0,0,0,0,0,0,0,-32305,0,0,0,0,0,293492,0
293095,-2296,9198,-502,-211,201,-1553,12239,3,3,-724,-240,36898,120,30,65,0,0,0,0,0,0,0,0,-32305,0,0,0,0,0,293498,0
293100,-2402,9018,-496,-253,201,-1541,12240,3,-1,-726,-248,36897,122,30,65,0,0,0,0,0,0,0,0,-32305,0,0,0,0,0,293504,0
293105,-2502,8800,-492,-271,206,-1540,12240,3,2,-728,-248,36897,122,30,65,0,0,0,0,0,0,0,0,-32305,0,0,0,0,0,293509,0
293110,-2558,8712,-496,-287,201,-1538,12241,8,3,-725,-256,36897,128,30,65,0,0,0,0,0,0,0,0,-32305,0,0,0,0,0,293515,0
293115,-2606,8564,-450,-304,200,-1530,12243,5,1,-728,-256,36897,128,30,65,0,0,0,0,0,0,0,0,-32305,0,0,0,0,0,293520,0
293120,-2744,8364,-344,-333,196,-1518,12244,10,6,-729,-248,36897,137,30,65,0,0,0,0,0,0,0,0,-32305,0,0,0,0,0,293526,0
293125,-2776,8276,-276,-349,197,-1507,12245,4,2,-738,-256,36897,137,30,65,0,0,0,0,0,0,0,0,-32305,0,0,0,0,0,293531,0
293130,-2726,8116,-158,-370,211,-1493,12247,-1,-1,-742,-240,36899,137,30,65,0,0,0,0,0,0,0,0,-32305,0,0,0,0,0,293537,0
293135,-2822,8010,-222,-384,217,-1495,12251,11,2,-747,-248,36899,137,30,65,0,0,0,0,0,0,0,0,-32305,0,0,0,0,0,293542,0
293140,-3006,7552,-62,-396,219,-1482,12253,11,10,-758,-248,36904,139,30,65,0,0,0,0,0,0,0,0,-32306,0,0,0,0,0,293547,0
293145,-3140,7140,-60,-406,217,-1479,12258,13,7,-762,-256,36904,139,30,65,0,0,0,0,0,0,0,0,-32305,0,0,0,0,0,293553,0
293150,-3200,6898,-36,-412,210,-1477,12262,16,4,-772,-248,36901,129,30,65,0,0,0,0,0,0,0,0,-32305,0,0,0,0,0,293558,0
293155,-3104,6602,38,-418,196,-1483,12269,28,15,-789,-232,36901,129,30,65,0,0,0,0,0,0,0,0,-32306,0,0,0,0,0,293564,0
293160,-2670,6540,32,-416,170,-1509,12280,55,15,-808,-216,36899,127,30,65,0,0,0,0,0,0,0,0,-32305,0,0,0,0,0,293569,0
293165,-2502,6660,72,-416,160,-1531,12302,102,51,-862,-200,36899,127,30,65,0,0,0,0,0,0,0,0,-32305,0,0,0,0,0,293575,0
293170,-2348,6804,54,-413,151,-1547,12327,109,80,-960,-232,36896,129,30,65,0,0,0,0,0,0,0,0,-32305,0,0,0,0,0,293580,0
293175,-2290,6856,60,-404,141,-1572,12349,117,83,-1004,-216,36896,129,30,65,0,0,0,0,0,0,0,0,-32305,0,0,0,0,0,293585,0
293180,-1712,6686,64,-406,123,-1662,12383,155,84,-1052,-216,36897,132,30,65,0,0,0,0,0,0,0,0,-32305,0,0,0,0,0,293591,0
293185,-1752,6840,94,-398,126,-1700,12424,193,84,-1147,-176,36897,132,30,65,0,0,0,0,0,0,0,0,-32305,0,0,0,0,0,293596,0
293190,-1962,6992,338,-392,136,-1723,12479,245,105,-1265,-184,36900,139,30,65,0,0,0,0,0,0,0,0,-32306,0,0,0,0,0,293601,0
293195,-2156,7146,468,-406,138,-1754,12546,305,148,-1400,-144,36900,139,30,65,0,0,0,0,0,0,0,0,-32306,0,0,0,0,0,293607,0
293200,-2504,7276,752,-399,156,-1787,12627,370,181,-1574,-160,36904,131,30,65,0,0,0,0,0,0,0,0,-32306,0,0,0,0,0,293612,0
293205,-2610,7416,798,-397,148,-1804,12722,416,197,-1371,712,36904,131,30,65,0,0,0,0,0,0,0,0,-32305,0,0,0,0,0,293618,0
293210,-2236,7584,820,-390,125,-1867,12912,900,392,-223,2008,36903,131,30,65,0,0,0,0,0,0,0,0,-32306,0,0,0,0,0,293623,0
293215,-1366,7744,776,-374,94,-1981,13230,1450,786,45,3168,36903,131,30,65,0,0,0,0,0,0,0,0,-32305,0,0,0,0,0,293629,0
293220,1176,8728,242,-307,33,-2218,13661,1946,1269,57,4112,36904,127,30,65,0,0,0,0,0,0,0,0,-32306,0,0,0,0,0,293634,0
293225,1624,9384,294,-276,6,-2344,14192,2365,1597,58,4824,36904,127,30,65,0,0,0,0,0,0,0,0,-32305,0,0,0,0,0,293639,0
293230,1536,9672,214,-256,-35,-2475,14807,2744,1673,7,5504,36900,135,30,65,0,0,0,0,0,0,0,0,-32305,0,0,0,0,0,293645,0
293235,1140,9674,406,-218,-69,-2592,15510,3135,1515,-57,6232,36900,135,30,65,0,0,0,0,0,0,0,0,-32305,0,0,0,0,0,293651,0
293240,-212,9266,792,-160,-133,-2784,16309,3560,1420,-119,7032,36899,142,31,65,0,0,0,0,0,0,0,0,-32305,0,0,0,0,0,293655,0
293245,-824,9104,880,-140,-187,-2874,17210,4002,1413,-177,7936,36899,142,31,65,0,0,0,0,0,0,0,0,-32305,0,0,0,0,0,293661,0
293250,-990,8906,1022,-94,-226,-2963,18204,4422,1450,-247,8720,36900,146,30,65,0,0,0,0,0,0,0,0,-32305,0,0,0,0,0,293667,0
293255,-976,8820,980,-82,-242,-3053,19297,4845,1489,-327,9576,36900,146,30,65,0,0,0,0,0,0,0,0,-32305,0,0,0,0,0,293672,0
293260,-382,8648,904,-11,-301,-3227,20495,5316,1515,-384,10416,36907,126,30,65,0,0,0,0,0,0,0,0,-32305,0,0,0,0,0,293677,0
293265,-26,8658,756,18,-322,-3328,21785,5718,1509,-423,11088,36907,126,30,65,0,0,0,0,0,0,0,0,-32305,0,0,0,0,0,293683,0
293270,24,8558,860,54,-335,-3423,23145,6016,1450,-535,11616,36920,96,30,65,0,0,0,0,0,0,0,0,-32305,0,0,0,0,0,293688,0
293275,-38,8512,862,62,-341,-3511,24575,6337,1331,-656,12184,36920,96,30,65,0,0,0,0,0,0,0,0,-32306,0,0,0,0,0,293693,0
293280,-698,8166,1122,120,-368,-3678,26080,6647,1206,-702,12640,36943,39,30,65,0,0,0,0,0,0,0,0,-32306,0,0,0,0,0,293699,0
293285,-1088,8116,1246,138,-379,-3743,27639,6886,1084,-805,13048,36943,39,30,65,0,0,0,0,0,0,0,0,-32305,0,0,0,0,0,293705,0
293290,-1422,7910,1250,136,-361,-3802,29276,7245,1046,-921,13552,36973,-24,30,65,0,0,0,0,0,0,0,0,-32305,0,0,0,0,0,293710,0
293295,-1752,7832,1264,134,-364,-3867,30967,7453,1017,-1012,14008,36973,-24,30,65,0,0,0,0,0,0,0,0,-32305,0,0,0,0,0,293715,0
293300,-2028,7586,1184,178,-370,-3978,32707,7684,952,-1225,14600,37014,-110,30,65,0,0,0,0,0,0,0,0,-32305,0,0,0,0,0,293721,0
293305,-1990,7634,1126,199,-375,-4023,34498,7900,884,-1241,14848,37014,-110,30,65,0,0,0,0,0,0,0,0,-32304,0,0,0,0,0,293726,0
293310,-2144,7398,780,204,-364,-4051,36329,8085,799,-1376,15224,37062,-209,30,65,0,0,0,0,0,0,0,0,-32305,0,0,0,0,0,293731,0
293315,-2268,7302,908,194,-358,-4096,38220,8347,750,-1457,15592,37062,-209,30,65,0,0,0,0,0,0,0,0,-32306,0,0,0,0,0,293737,0
293320,-2320,7010,718,223,-372,-4175,40133,8429,716,-1643,15880,37112,-313,30,65,0,0,0,0,0,0,0,0,-32305,0,0,0,0,0,293742,0
293325,-2360,7054,754,209,-353,-4221,42083,8602,640,-1759,16176,37112,-313,30,65,0,0,0,0,0,0,0,0,-32306,0,0,0,0,0,293748,0
293330,-2866,7136,598,220,-370,-4238,44049,8656,537,-1787,16280,37173,-427,30,65,0,0,0,0,0,0,0,0,-32305,0,0,0,0,0,293753,0
293335,-3028,7120,710,234,-386,-4260,46059,8871,482,-1901,16408,37173,-427,30,65,0,0,0,0,0,0,0,0,-32306,0,0,0,0,0,293759,0
293340,-3470,6988,484,208,-420,-4284,48069,8835,393,-2102,16400,37227,-530,30,65,0,0,0,0,0,0,0,0,-32305,0,0,0,0,0,293764,0
293345,-3722,6448,382,196,-441,-4273,50093,8905,342,-2282,16552,37227,-530,30,65,0,0,0,0,0,0,0,0,-32306,0,0,0,0,0,293770,0
293350,-3940,6406,500,224,-501,-4238,52106,8849,189,-2289,16312,37291,-660,30,65,0,0,0,0,0,0,0,0,-32306,0,0,0,0,0,293775,0
293355,-4122,6264,370,205,-535,-4183,54138,8951,121,-2436,16312,37291,-660,30,65,0,0,0,0,0,0,0,0,-32304,0,0,0,0,0,293780,0
293360,-3824,5950,712,219,-649,-3986,56154,8851,21,-2603,16368,37352,-775,30,65,0,0,0,0,0,0,0,0,-32306,0,0,0,0,0,293786,0
293365,-3480,6028,796,178,-700,-3882,58158,8817,-16,-2737,16176,37352,-775,30,65,0,0,0,0,0,0,0,0,-32305,0,0,0,0,0,293791,0
293370,-3634,6746,896,160,-760,-3761,60132,8663,-138,-2768,15512,37411,-883,30,65,0,0,0,0,0,0,0,0,-32306,0,0,0,0,0,293797,0
293375,-3340,6766,924,109,-833,-3612,62089,8606,-233,-2898,15240,37411,-883,30,65,0,0,0,0,0,0,0,0,-32305,0,0,0,0,0,293802,0
293380,-3194,6690,1082,89,-932,-3256,63994,8343,-390,-2972,14576,37454,-945,31,65,0,0,0,0,0,0,0,0,-32306,0,0,0,0,0,293808,0
293385,-3344,6984,1112,63,-977,-3036,65837,8090,-533,-3179,14040,37454,-945,31,65,0,0,0,0,0,0,0,0,-32305,0,0,0,0,0,293813,0
293390,-3296,7010,1426,17,-1022,-2784,67604,7735,-754,-3182,13120,37488,-999,30,65,0,0,0,0,0,0,0,0,-32305,0,0,0,0,0,293818,0
293395,-3666,7084,1438,-21,-1037,-2521,69292,7401,-944,-3380,12472,37488,-999,30,65,0,0,0,0,0,0,0,0,-32307,0,0,0,0,0,293824,0
293400,-4054,6932,1348,-77,-1078,-1988,70916,7114,-1085,-3352,11648,37503,-1010,30,65,0,0,0,0,0,0,0,0,-32306,0,0,0,0,0,293829,0
293405,-4324,7220,1288,-104,-1102,-1742,72444,6676,-1148,-3535,10728,37503,-1010,30,65,0,0,0,0,0,0,0,0,-32307,0,0,0,0,0,293835,0
293410,-4910,7324,1178,-147,-1107,-1520,73883,6296,-1236,-3671,9952,37503,-1001,30,65,0,0,0,0,0,0,0,0,-32307,0,0,0,0,0,293840,0
293415,-5542,7352,1128,-175,-1112,-1280,75237,5921,-1282,-3624,9056,37503,-1001,30,65,0,0,0,0,0,0,0,0,-32305,0,0,0,0,0,293845,0
293420,-6542,7080,884,-247,-1143,-820,76496,5498,-1360,-3758,8144,37479,-931,31,65,0,0,0,0,0,0,0,0,-32305,0,0,0,0,0,293850,0
293425,-6628,6878,932,-264,-1160,-606,77678,5168,-1349,-3790,7400,37479,-931,31,65,0,0,0,0,0,0,0,0,-32307,0,0,0,0,0,293856,0
293430,-7054,6950,908,-302,-1152,-396,78787,4847,-1284,-3803,6616,37444,-841,30,65,0,0,0,0,0,0,0,0,-32304,0,0,0,0,0,293862,0
293435,-7056,6868,914,-307,-1171,-170,79806,4441,-1267,-3919,5608,37444,-841,30,65,0,0,0,0,0,0,0,0,-32305,0,0,0,0,0,293867,0
293440,-7696,6668,878,-350,-1159,167,80734,4040,-1268,-3990,4928,37397,-736,31,65,0,0,0,0,0,0,0,0,-32307,0,0,0,0,0,293872,0
293445,-8006,6382,552,-365,-1129,322,81578,3672,-1296,-4044,4136,37397,-736,31,65,0,0,0,0,0,0,0,0,-32307,0,0,0,0,0,293878,0
293450,-8092,6220,580,-384,-1123,492,82341,3317,-1322,-4049,3280,37342,-616,30,65,0,0,0,0,0,0,0,0,-32307,0,0,0,0,0,293883,0
293455,-7866,5758,632,-382,-1120,677,83013,2920,-1322,-4107,2352,37342,-616,30,65,0,0,0,0,0,0,0,0,-32307,0,0,0,0,0,293889,0
293460,-7456,5562,662,-375,-1106,1101,83593,2514,-1326,-4118,1576,37278,-485,30,65,0,0,0,0,0,0,0,0,-32305,0,0,0,0,0,293894,0
293465,-7476,5652,842,-369,-1090,1287,84076,2081,-1361,-4146,576,37278,-485,30,65,0,0,0,0,0,0,0,0,-32304,0,0,0,0,0,293900,0
293470,-7460,5620,610,-361,-1068,1488,84457,1629,-1433,-4286,152,37210,-328,30,65,0,0,0,0,0,0,0,0,-32307,0,0,0,0,0,293904,0
293475,-7418,5530,672,-356,-1058,1698,84720,1100,-1533,-4502,-232,37210,-328,30,65,0,0,0,0,0,0,0,0,-32304,0,0,0,0,0,293910,0
293480,-7226,5086,658,-327,-1029,2200,84863,574,-1689,-4482,-792,37127,-159,30,65,0,0,0,0,0,0,0,0,-32303,0,0,0,0,0,293916,0
293485,-7032,5036,760,-303,-1017,2439,84897,108,-1688,-4230,-1648,37127,-159,30,65,0,0,0,0,0,0,0,0,-32305,0,0,0,0,0,293920,0
293490,-6768,5144,738,-274,-1008,2659,84860,-192,-1625,-4050,-1984,37028,43,30,65,0,0,0,0,0,0,0,0,-32304,0,0,0,0,0,293926,0
293495,-6062,5466,732,-242,-998,2877,84775,-392,-1363,-4014,-2504,37028,43,30,65,0,0,0,0,0,0,0,0,-32304,0,0,0,0,0,293932,0
293500,-5106,6446,810,-190,-931,3203,84634,-645,-1069,-4097,-3104,36933,224,30,65,0,0,0,0,0,0,0,0,-32303,0,0,0,0,0,293938,0
293505,-5104,6538,848,-162,-883,3349,84425,-948,-906,-4082,-3912,36933,224,30,65,0,0,0,0,0,0,0,0,-32305,0,0,0,0,0,293943,0
293510,-5014,6348,776,-133,-840,3528,84139,-1295,-929,-4091,-4600,36845,388,30,65,0,0,0,0,0,0,0,0,-32307,0,0,0,0,0,293948,0
293515,-4524,5970,640,-120,-792,3773,83777,-1629,-1010,-4058,-5320,36845,388,30,65,0,0,0,0,0,0,0,0,-32303,0,0,0,0,0,293954,0
293520,-4036,5676,628,-74,-700,4215,83340,-1959,-1110,-4028,-6040,36767,525,30,65,0,0,0,0,0,0,0,0,-32307,0,0,0,0,0,293958,0
293525,-4022,5474,666,-36,-643,4445,82830,-2277,-1150,-4014,-6520,36767,525,30,65,0,0,0,0,0,0,0,0,-32305,0,0,0,0,0,293964,0
293530,-4154,5560,728,-17,-583,4669,82250,-2589,-1142,-3971,-7248,36689,665,30,65,0,0,0,0,0,0,0,0,-32303,0,0,0,0,0,293970,0
293535,-3972,5698,732,8,-545,4907,81597,-2898,-1121,-3986,-7776,36689,665,30,65,0,0,0,0,0,0,0,0,-32306,0,0,0,0,0,293975,0
293540,-3880,5746,690,67,-441,5313,80875,-3197,-1102,-3878,-8344,36614,798,30,65,0,0,0,0,0,0,0,0,-32307,0,0,0,0,0,293980,0
293545,-3840,5644,766,88,-395,5512,80095,-3461,-1068,-3800,-8920,36614,798,30,65,0,0,0,0,0,0,0,0,-32307,0,0,0,0,0,293986,0
293550,-3866,5736,752,121,-374,5723,79251,-3742,-1026,-3800,-9600,36544,933,30,65,0,0,0,0,0,0,0,0,-32307,0,0,0,0,0,293992,0
293555,-3580,5658,610,150,-350,5951,78335,-4060,-995,-3712,-10248,36544,933,30,65,0,0,0,0,0,0,0,0,-32305,0,0,0,0,0,293997,0
293560,-2750,5648,610,209,-302,6454,77355,-4343,-1004,-3652,-10648,36478,1050,30,65,0,0,0,0,0,0,0,0,-32304,0,0,0,0,0,294002,0
293565,-1664,5812,-98,295,-258,6781,76318,-4588,-1000,-3566,-11232,36478,1050,30,65,0,0,0,0,0,0,0,0,-32304,0,0,0,0,0,294008,0
293570,-1152,6616,270,289,-255,7005,75211,-4909,-987,-3449,-12104,36419,1144,30,65,0,0,0,0,0,0,0,0,-32306,0,0,0,0,0,294013,0
293575,-1738,7006,102,342,-202,7259,74015,-5313,-1032,-3427,-12792,36419,1144,30,65,0,0,0,0,0,0,0,0,-32304,0,0,0,0,0,294019,0
293580,-3126,6186,664,368,-106,7431,72733,-5672,-1122,-3410,-13400,36364,1238,30,65,0,0,0,0,0,0,0,0,-32307,0,0,0,0,0,294025,0
293585,-2454,5034,240,437,-109,7950,71382,-5971,-1202,-3300,-14208,36364,1238,30,65,0,0,0,0,0,0,0,0,-32306,0,0,0,0,0,294029,0
293590,-2320,6344,156,453,-113,8272,69954,-6313,-1230,-3187,-14856,36312,1318,30,65,0,0,0,0,0,0,0,0,-32304,0,0,0,0,0,294035,0
293595,-696,6610,-578,538,-145,8696,68451,-6646,-1196,-3087,-15488,36312,1318,30,65,0,0,0,0,0,0,0,0,-32304,0,0,0,0,0,294041,0
293600,1722,7720,526,619,-161,9339,66873,-6974,-1143,-2933,-16512,36267,1386,30,65,0,0,0,0,0,0,0,0,-32304,0,0,0,0,0,294046,0
293605,144,8606,300,641,-134,9520,65185,-7482,-1207,-2919,-17496,36267,1386,30,65,0,0,0,0,0,0,0,0,-32304,0,0,0,0,0,294052,0
293610,2,9582,214,661,-70,9887,63398,-7904,-1330,-2792,-18336,36230,1455,30,65,0,0,0,0,0,0,0,0,-32306,0,0,0,0,0,294058,0
293615,-634,9652,-44,733,-40,10056,61495,-8430,-1469,-2652,-19368,36230,1455,30,65,0,0,0,0,0,0,0,0,-32306,0,0,0,0,0,294063,0
293620,-1670,8542,316,725,-36,10622,59506,-8770,-1571,-2633,-20056,36207,1483,30,65,0,0,0,0,0,0,0,0,-32304,0,0,0,0,0,294068,0
293625,-1678,9028,358,755,-88,10923,57434,-9165,-1544,-2457,-20696,36207,1483,30,65,0,0,0,0,0,0,0,0,-32305,0,0,0,0,0,294074,0
293630,-1022,8634,346,746,-116,11148,55286,-9480,-1425,-2353,-21256,36185,1526,30,65,0,0,0,0,0,0,0,0,-32305,0,0,0,0,0,294079,0
293635,-566,9248,250,784,-120,11362,53051,-9870,-1331,-2151,-21816,36185,1526,30,65,0,0,0,0,0,0,0,0,-32305,0,0,0,0,0,294085,0
293640,-1204,9314,354,830,-143,11758,50771,-10036,-1192,-2034,-22320,36194,1503,31,65,0,0,0,0,0,0,0,0,-32305,0,0,0,0,0,294090,0
293645,-1170,9948,440,813,-131,11939,48429,-10343,-1104,-1893,-22664,36194,1503,31,65,0,0,0,0,0,0,0,0,-32305,0,0,0,0,0,294096,0
293650,-586,10232,528,857,-130,12092,46039,-10534,-953,-1715,-23184,36217,1435,30,65,0,0,0,0,0,0,0,0,-32305,0,0,0,0,0,294100,0
293655,-400,10842,496,844,-122,12194,43584,-10816,-906,-1561,-23584,36217,1435,30,65,0,0,0,0,0,0,0,0,-32305,0,0,0,0,0,294106,0
293660,-454,10926,618,846,-111,12328,41098,-10976,-804,-1443,-23944,36262,1310,30,65,0,0,0,0,0,0,0,0,-32305,0,0,0,0,0,294112,0
293665,-484,11074,520,796,-88,12400,38569,-11124,-792,-1335,-23984,36262,1310,30,65,0,0,0,0,0,0,0,0,-32305,0,0,0,0,0,294117,0
293670,-84,10974,624,779,-49,12427,35998,-11333,-692,-1119,-24368,36307,1181,30,65,0,0,0,0,0,0,0,0,-32305,0,0,0,0,0,294122,0
293675,-46,11190,628,791,-46,12424,33428,-11312,-570,-1018,-24176,36307,1181,30,65,0,0,0,0,0,0,0,0,-32306,0,0,0,0,0,294128,0
293680,-288,11360,716,759,-43,12464,30839,-11392,-454,-825,-24160,36370,1026,31,65,0,0,0,0,0,0,0,0,-32306,0,0,0,0,0,294133,0
293685,-168,11258,742,746,-23,12414,28228,-11519,-318,-708,-24384,36370,1026,31,65,0,0,0,0,0,0,0,0,-32306,0,0,0,0,0,294139,0
293690,112,11266,726,718,-1,12402,25633,-11401,-224,-541,-23848,36452,852,31,65,0,0,0,0,0,0,0,0,-32305,0,0,0,0,0,294144,0
293695,16,11208,904,666,5,12372,23031,-11437,-130,-398,-23632,36452,852,31,65,0,0,0,0,0,0,0,0,-32305,0,0,0,0,0,294149,0
293700,222,11186,788,644,5,12206,20437,-11418,-41,-214,-23584,36544,658,30,65,0,0,0,0,0,0,0,0,-32305,0,0,0,0,0,294154,0
293705,454,11086,882,590,-1,12130,17881,-11214,58,-89,-22840,36544,658,30,65,0,0,0,0,0,0,0,0,-32306,0,0,0,0,0,294160,0
293710,444,11056,924,620,4,12028,15349,-11134,225,65,-22568,36635,471,30,65,0,0,0,0,0,0,0,0,-32305,0,0,0,0,0,294166,0
293715,418,10934,954,593,-23,11886,12862,-10940,350,195,-22032,36635,471,30,65,0,0,0,0,0,0,0,0,-32305,0,0,0,0,0,294171,0
293720,27188,12580,2692,437,-106,6404,10501,-10264,572,56,-18912,36724,302,30,65,0,0,0,0,0,0,0,0,-32305,0,0,0,0,0,294177,0
293725,19030,8280,-3860,546,577,4424,8703,-7579,1704,-536,-8536,36724,302,30,65,0,0,0,0,0,0,0,0,-32305,0,0,0,0,0,294182,0
293730,-1968,13330,5198,520,798,3607,8002,-2513,4629,-467,2824,36759,263,30,65,0,0,0,0,0,0,0,0,-32305,0,0,0,0,0,294187,0
293735,-23958,13646,1930,694,517,4983,8587,3124,9367,417,9840,36759,263,30,65,0,0,0,0,0,0,0,0,-32306,0,0,0,0,0,294192,0
293740,-14046,5098,-30,573,737,4678,9920,6050,13490,-2116,8056,36799,196,30,65,0,0,0,0,0,0,0,0,-32308,0,0,0,0,0,294198,0
293745,-3018,9100,468,454,992,4000,11178,5404,13676,-6640,3648,36799,196,30,65,0,0,0,0,0,0,0,0,-32304,0,0,0,0,0,294203,0
293750,4402,10410,3144,307,1111,3772,12105,3984,9224,-4746,6424,36982,-187,30,65,0,0,0,0,0,0,0,0,-32306,0,0,0,0,0,294209,0
293755,6298,12030,1610,452,972,3723,12963,3766,3250,-1727,1368,36982,-187,30,65,0,0,0,0,0,0,0,0,-32305,0,0,0,0,0,294214,0
293760,-6166,4952,-1438,570,592,3938,13439,1871,-1512,-6243,-752,37080,-356,30,65,0,0,0,0,0,0,0,0,-32308,0,0,0,0,0,294220,0
293765,-6328,11078,3996,315,497,3277,13467,-27,-3939,-5811,-1640,37080,-356,30,65,0,0,0,0,0,0,0,0,-32306,0,0,0,0,0,294225,0
293770,-4302,8208,1770,397,314,3293,13305,-753,-4562,-2107,-1520,36988,-363,30,65,0,0,0,0,0,0,0,0,-32305,0,0,0,0,0,294231,0
293775,-4156,8488,1060,373,202,2708,13119,-811,-4296,-414,-1056,36988,-363,30,65,0,0,0,0,0,0,0,0,-32306,0,0,0,0,0,294236,0
293780,982,10188,1322,444,-15,2330,12947,-752,-3298,-80,-592,36833,45,30,65,0,0,0,0,0,0,0,0,-32305,0,0,0,0,0,294241,0
293785,-3446,7574,1578,450,-30,2091,12797,-648,-1453,-25,-472,36833,45,30,65,0,0,0,0,0,0,0,0,-32304,0,0,0,0,0,294246,0
293790,-3892,7442,540,528,-95,2058,12675,-529,-181,-65,-352,36783,128,30,65,0,0,0,0,0,0,0,0,-32305,0,0,0,0,0,294252,0
293795,-3436,6366,722,482,-188,2017,12577,-418,261,-125,-328,36783,128,30,65,0,0,0,0,0,0,0,0,-32305,0,0,0,0,0,294258,0
293800,-558,6108,734,449,-361,1727,12502,-320,356,-236,-368,36891,149,30,65,0,0,0,0,0,0,0,0,-32305,0,0,0,0,0,294264,0
293805,-1216,5614,728,446,-395,1349,12448,-219,371,-268,0,36891,149,30,65,0,0,0,0,0,0,0,0,-32305,0,0,0,0,0,294268,0
293810,-1486,6108,508,505,-467,1222,12441,-6,398,37,64,36895,138,30,65,0,0,0,0,0,0,0,0,-32305,0,0,0,0,0,294274,0
293815,-1806,6390,842,512,-547,1261,12469,136,460,106,88,36895,138,30,65,0,0,0,0,0,0,0,0,-32305,0,0,0,0,0,294280,0
293820,132,6986,1670,449,-579,1004,12517,216,492,94,144,36893,133,30,65,0,0,0,0,0,0,0,0,-32305,0,0,0,0,0,294285,0
293825,372,6636,1014,496,-587,939,12577,259,460,111,176,36893,133,30,65,0,0,0,0,0,0,0,0,-32305,0,0,0,0,0,294291,0
293830,572,6912,784,518,-566,879,12641,281,355,103,160,36893,131,30,65,0,0,0,0,0,0,0,0,-32305,0,0,0,0,0,294296,0
293835,838,7442,598,544,-502,819,12707,293,200,88,176,36893,131,30,65,0,0,0,0,0,0,0,0,-32306,0,0,0,0,0,294302,0
293840,802,7556,1012,500,-400,641,12774,297,105,82,168,36892,128,30,65,0,0,0,0,0,0,0,0,-32305,0,0,0,0,0,294306,0
293845,528,7700,1018,508,-379,585,12841,300,45,75,168,36892,128,30,65,0,0,0,0,0,0,0,0,-32305,0,0,0,0,0,294312,0
293850,962,7720,956,523,-340,559,12906,284,15,70,136,36895,126,30,65,0,0,0,0,0,0,0,0,-32306,0,0,0,0,0,294317,0
293855,1114,7748,776,522,-298,538,12965,255,-7,62,112,36895,126,30,65,0,0,0,0,0,0,0,0,-32305,0,0,0,0,0,294322,0
293860,1130,7344,534,515,-218,405,13015,211,-42,53,88,36900,126,30,65,0,0,0,0,0,0,0,0,-32305,0,0,0,0,0,294328,0
293865,1066,7264,520,509,-178,376,13057,172,-83,56,64,36900,126,30,65,0,0,0,0,0,0,0,0,-32305,0,0,0,0,0,294334,0
293870,804,7278,556,505,-161,342,13088,134,-120,57,72,36901,128,30,65,0,0,0,0,0,0,0,0,-32305,0,0,0,0,0,294339,0
293875,620,7166,174,513,-137,317,13115,125,-122,59,56,36901,128,30,65,0,0,0,0,0,0,0,0,-32305,0,0,0,0,0,294344,0
293880,620,6884,620,464,-96,305,13139,99,-112,66,56,36904,134,30,65,0,0,0,0,0,0,0,0,-32305,0,0,0,0,0,294350,0
293885,656,6708,520,486,-90,287,13170,135,-66,58,64,36904,134,30,65,0,0,0,0,0,0,0,0,-32305,0,0,0,0,0,294354,0
293890,824,6570,392,483,-80,276,13197,115,-26,65,48,36896,130,30,65,0,0,0,0,0,0,0,0,-32305,0,0,0,0,0,294360,0
293895,1000,6562,346,475,-65,257,13219,105,-15,61,48,36896,130,30,65,0,0,0,0,0,0,0,0,-32305,0,0,0,0,0,294366,0
293900,1244,6610,364,458,-39,183,13241,92,-17,59,40,36898,123,30,65,0,0,0,0,0,0,0,0,-32305,0,0,0,0,0,294371,0
293905,1332,6712,370,446,-17,144,13253,48,-40,66,24,36898,123,30,65,0,0,0,0,0,0,0,0,-32305,0,0,0,0,0,294377,0
293910,1430,6752,354,433,1,103,13258,20,-72,57,32,36896,131,30,65,0,0,0,0,0,0,0,0,-32305,0,0,0,0,0,294382,0
293915,1558,6758,330,419,19,66,13262,17,-83,57,24,36896,131,30,65,0,0,0,0,0,0,0,0,-32305,0,0,0,0,0,294389,0
293920,1916,6768,296,396,76,-13,13271,41,-71,53,32,36897,133,30,65,0,0,0,0,0,0,0,0,-32305,0,0,0,0,0,294393,0
293925,2108,6738,300,387,95,-58,13290,87,-12,51,56,36897,133,30,65,0,0,0,0,0,0,0,0,-32305,0,0,0,0,0,294398,0
293930,2268,6796,318,385,118,-105,13318,116,64,50,48,36893,130,30,65,0,0,0,0,0,0,0,0,-32305,0,0,0,0,0,294403,0
293935,2378,6828,318,390,133,-139,13346,125,96,48,72,36893,130,30,65,0,0,0,0,0,0,0,0,-32304,0,0,0,0,0,294409,0
293940,2572,6884,328,382,182,-208,13384,166,107,54,72,36893,131,30,65,0,0,0,0,0,0,0,0,-32305,0,0,0,0,0,294415,0
293945,2688,6904,300,385,199,-224,13426,184,89,46,104,36893,131,30,65,0,0,0,0,0,0,0,0,-32305,0,0,0,0,0,294420,0
293950,2724,6894,310,386,222,-235,13477,222,95,45,128,36893,138,31,65,0,0,0,0,0,0,0,0,-32305,0,0,0,0,0,294425,0
293955,2860,6910,282,394,231,-235,13544,298,115,45,200,36893,138,31,65,0,0,0,0,0,0,0,0,-32305,0,0,0,0,0,294431,0
293960,3246,6934,286,417,257,-247,13626,366,155,49,248,36899,138,30,65,0,0,0,0,0,0,0,0,-32305,0,0,0,0,0,294437,0
293965,3470,7042,280,435,277,-260,13723,436,196,41,312,36899,138,30,65,0,0,0,0,0,0,0,0,-32305,0,0,0,0,0,294442,0
293970,3644,7100,266,444,281,-288,13838,506,229,38,440,36898,142,30,65,0,0,0,0,0,0,0,0,-32305,0,0,0,0,0,294447,0
293975,3718,7190,272,463,296,-322,13964,568,240,46,512,36898,142,30,65,0,0,0,0,0,0,0,0,-32305,0,0,0,0,0,294454,0
293980,3670,7334,232,503,318,-390,14106,624,233,37,576,36898,132,30,65,0,0,0,0,0,0,0,0,-32305,0,0,0,0,0,294459,0
293985,3670,7336,192,505,320,-426,14260,686,223,15,664,36898,132,30,65,0,0,0,0,0,0,0,0,-32305,0,0,0,0,0,294464,0
293990,3638,7312,162,530,313,-450,14428,738,211,-1,736,36894,128,30,65,0,0,0,0,0,0,0,0,-32305,0,0,0,0,0,294469,0
293995,3626,7280,152,546,302,-469,14607,796,200,-21,848,36894,128,30,65,0,0,0,0,0,0,0,0,-32305,0,0,0,0,0,294475,0
294000,3602,7240,192,578,266,-505,14799,852,197,-27,920,36894,126,30,65,0,0,0,0,0,0,0,0,-32305,0,0,0,0,0,294480,0
294005,3608,7242,230,597,260,-521,15000,892,188,-44,1000,36894,126,30,65,0,0,0,0,0,0,0,0,-32305,0,0,0,0,0,294486,0
294010,3606,7256,258,605,238,-540,15213,939,172,-57,1080,36894,129,30,65,0,0,0,0,0,0,0,0,-32305,0,0,0,0,0,294491,0
294015,3634,7362,228,618,221,-563,15434,977,165,-67,1112,36894,129,30,65,0,0,0,0,0,0,0,0,-32305,0,0,0,0,0,294496,0
294020,3706,7360,250,627,172,-615,15662,1008,154,-73,1120,36893,133,31,65,0,0,0,0,0,0,0,0,-32305,0,0,0,0,0,294502,0
294025,3690,7354,336,644,141,-638,15900,1046,137,-88,1176,36893,133,31,65,0,0,0,0,0,0,0,0,-32305,0,0,0,0,0,294507,0
294030,3748,7380,370,643,106,-659,16142,1073,124,-110,1208,36894,126,30,65,0,0,0,0,0,0,0,0,-32305,0,0,0,0,0,294513,0
294035,3742,7402,394,642,78,-680,16393,1102,118,-117,1216,36894,126,30,65,0,0,0,0,0,0,0,0,-32305,0,0,0,0,0,294518,0
294040,3726,7262,404,634,7,-696,16651,1140,110,-132,1248,36895,121,30,65,0,0,0,0,0,0,0,0,-32305,0,0,0,0,0,294523,0
294045,3834,7282,466,632,-18,-695,16913,1156,108,-153,1248,36895,121,30,65,0,0,0,0,0,0,0,0,-32305,0,0,0,0,0,294529,0
294050,3916,7282,472,627,-49,-692,17181,1184,102,-167,1256,36897,125,31,65,0,0,0,0,0,0,0,0,-32305,0,0,0,0,0,294534,0
294055,3984,7362,504,616,-73,-695,17454,1191,86,-191,1256,36897,125,31,65,0,0,0,0,0,0,0,0,-32305,0,0,0,0,0,294540,0
294060,4072,7386,582,581,-117,-702,17729,1208,77,-208,1240,36903,127,30,65,0,0,0,0,0,0,0,0,-32305,0,0,0,0,0,294546,0
294065,4024,7460,568,555,-132,-694,18006,1217,62,-211,1192,36903,127,30,65,0,0,0,0,0,0,0,0,-32305,0,0,0,0,0,294551,0
294070,4012,7406,528,547,-153,-685,18286,1228,53,-246,1216,36905,126,30,65,0,0,0,0,0,0,0,0,-32305,0,0,0,0,0,294556,0
294075,4062,7458,574,525,-167,-675,18571,1252,48,-256,1224,36905,126,30,65,0,0,0,0,0,0,0,0,-32305,0,0,0,0,0,294563,0
294080,4164,7488,606,482,-185,-654,18858,1263,49,-264,1224,36907,117,30,65,0,0,0,0,0,0,0,0,-32305,0,0,0,0,0,294567,0
294085,4156,7490,602,465,-192,-642,19146,1266,47,-292,1200,36907,117,30,65,0,0,0,0,0,0,0,0,-32305,0,0,0,0,0,294572,0
294090,4132,7570,600,446,-202,-623,19436,1274,43,-313,1184,36904,115,30,65,0,0,0,0,0,0,0,0,-32305,0,0,0,0,0,294578,0
294095,4124,7612,556,420,-202,-611,19725,1271,27,-324,1152,36904,115,30,65,0,0,0,0,0,0,0,0,-32305,0,0,0,0,0,294585,0
294100,4088,7634,560,375,-213,-578,20014,1276,16,-336,1120,36905,113,30,65,0,0,0,0,0,0,0,0,-32305,0,0,0,0,0,294589,0
294105,4050,7712,540,361,-220,-556,20303,1269,5,-356,1088,36905,113,30,65,0,0,0,0,0,0,0,0,-32305,0,0,0,0,0,294595,0
294110,3942,7744,520,334,-223,-539,20588,1257,-4,-385,1024,36909,111,30,65,0,0,0,0,0,0,0,0,-32305,0,0,0,0,0,294601,0
294115,3936,7714,480,317,-230,-500,20868,1231,-20,-398,936,36909,111,30,65,0,0,0,0,0,0,0,0,-32305,0,0,0,0,0,294606,0
294120,3874,7718,478,273,-251,-455,21143,1210,-40,-407,856,36912,109,30,65,0,0,0,0,0,0,0,0,-32305,0,0,0,0,0,294611,0
294125,3770,7718,472,264,-261,-435,21412,1169,-67,-431,824,36912,109,30,65,0,0,0,0,0,0,0,0,-32305,0,0,0,0,0,294617,0
294130,3692,7584,468,244,-272,-404,21673,1140,-79,-447,672,36914,108,30,65,0,0,0,0,0,0,0,0,-32305,0,0,0,0,0,294621,0
294135,3626,7570,432,228,-284,-377,21923,1098,-103,-448,592,36914,108,30,65,0,0,0,0,0,0,0,0,-32305,0,0,0,0,0,294627,0
294140,3582,7612,430,194,-295,-317,22163,1044,-127,-475,496,36913,107,30,65,0,0,0,0,0,0,0,0,-32305,0,0,0,0,0,294633,0
294145,3534,7600,436,184,-314,-302,22388,987,-158,-494,392,36913,107,30,65,0,0,0,0,0,0,0,0,-32305,0,0,0,0,0,294639,0
294150,3478,7532,390,174,-318,-276,22598,917,-176,-522,288,36910,107,30,65,0,0,0,0,0,0,0,0,-32305,0,0,0,0,0,294644,0
294155,3432,7550,398,164,-327,-243,22793,852,-197,-543,256,36910,107,30,65,0,0,0,0,0,0,0,0,-32305,0,0,0,0,0,294650,0
294160,3362,7370,386,146,-344,-184,22974,785,-221,-562,184,36911,102,30,65,0,0,0,0,0,0,0,0,-32305,0,0,0,0,0,294655,0
294165,3368,7414,360,145,-341,-147,23136,706,-235,-570,128,36911,102,30,65,0,0,0,0,0,0,0,0,-32305,0,0,0,0,0,294660,0
294170,3380,7470,392,140,-346,-117,23273,603,-256,-596,96,36911,109,30,65,0,0,0,0,0,0,0,0,-32305,0,0,0,0,0,294665,0
294175,3338,7464,368,125,-344,-83,23396,529,-279,-616,48,36911,109,30,65,0,0,0,0,0,0,0,0,-32305,0,0,0,0,0,294672,0
294180,3192,7464,348,126,-346,-15,23474,436,-308,-642,16,36910,114,30,65,0,0,0,0,0,0,0,0,-32305,0,0,0,0,0,294677,0
294185,3178,7458,298,119,-351,32,23554,330,-321,-625,-32,36910,114,30,65,0,0,0,0,0,0,0,0,-32305,0,0,0,0,0,294681,0
294190,3150,7454,292,118,-346,76,23609,237,-340,-597,-80,36908,117,30,65,0,0,0,0,0,0,0,0,-32305,0,0,0,0,0,294688,0
294195,3242,7406,286,115,-349,120,23648,167,-335,-585,-112,36908,117,30,65,0,0,0,0,0,0,0,0,-32305,0,0,0,0,0,294692,0
294200,3362,7396,278,117,-334,188,23672,93,-314,-566,-128,36904,120,30,65,0,0,0,0,0,0,0,0,-32305,0,0,0,0,0,294698,0
294205,3396,7400,286,111,-331,208,23686,57,-260,-551,-160,36904,120,30,65,0,0,0,0,0,0,0,0,-32305,0,0,0,0,0,294704,0
294210,3436,7386,262,115,-306,219,23687,4,-217,-540,-200,36902,128,30,65,0,0,0,0,0,0,0,0,-32305,0,0,0,0,0,294709,0
294215,3390,7338,274,107,-294,230,23683,-21,-175,-549,-192,36902,128,30,65,0,0,0,0,0,0,0,0,-32305,0,0,0,0,0,294714,0
294220,3412,7260,240,107,-259,223,23682,-1,-120,-555,-192,36901,133,31,65,0,0,0,0,0,0,0,0,-32305,0,0,0,0,0,294720,0
294225,3394,7222,246,108,-239,217,23684,1,-63,-552,-192,36901,133,31,65,0,0,0,0,0,0,0,0,-32305,0,0,0,0,0,294725,0
294230,3330,7164,250,107,-214,199,23683,5,-11,-554,-184,36897,127,30,65,0,0,0,0,0,0,0,0,-32306,0,0,0,0,0,294731,0
294235,3262,7160,208,106,-186,175,23683,-2,5,-553,-184,36897,127,30,65,0,0,0,0,0,0,0,0,-32305,0,0,0,0,0,294736,0
294240,3116,7150,214,110,-132,152,23683,0,6,-551,-192,36898,125,30,65,0,0,0,0,0,0,0,0,-32305,0,0,0,0,0,294742,0
294245,3068,7116,210,105,-112,138,23682,-1,-1,-553,-192,36898,125,30,65,0,0,0,0,0,0,0,0,-32305,0,0,0,0,0,294746,0
294250,3038,7140,198,104,-87,126,23683,0,-1,-554,-184,36897,125,30,65,0,0,0,0,0,0,0,0,-32305,0,0,0,0,0,294752,0
294255,3018,7160,172,101,-56,107,23681,0,-6,-553,-192,36897,125,30,65,0,0,0,0,0,0,0,0,-32305,0,0,0,0,0,294758,0
294260,2988,7222,172,88,-11,68,23682,-2,1,-554,-192,36899,132,30,65,0,0,0,0,0,0,0,0,-32305,0,0,0,0,0,294764,0
294265,2950,7254,146,90,12,48,23682,-1,4,-555,-184,36899,132,30,65,0,0,0,0,0,0,0,0,-32305,0,0,0,0,0,294769,0
294270,2928,7306,108,90,35,26,23681,3,-5,-555,-176,36907,131,30,65,0,0,0,0,0,0,0,0,-32306,0,0,0,0,0,294774,0
294275,2876,7350,72,83,56,9,23681,-7,-2,-554,-176,36907,131,30,65,0,0,0,0,0,0,0,0,-32306,0,0,0,0,0,294780,0
294280,2816,7388,72,83,88,-29,23681,0,1,-552,-176,36907,131,30,65,0,0,0,0,0,0,0,0,-32305,0,0,0,0,0,294785,0
294285,2786,7372,48,78,97,-48,23682,0,2,-552,-176,36907,131,30,65,0,0,0,0,0,0,0,0,-32305,0,0,0,0,0,294790,0
294290,2710,7368,74,73,117,-63,23681,0,3,-550,-184,36907,131,30,65,0,0,0,0,0,0,0,0,-32305,0,0,0,0,0,294796,0
294295,2672,7326,56,75,131,-79,23682,2,2,-551,-192,36907,131,30,65,0,0,0,0,0,0,0,0,-32305,0,0,0,0,0,294800,0
294300,2636,7284,54,75,160,-123,23681,2,0,-553,-192,36907,131,30,65,0,0,0,0,0,0,0,0,-32305,0,0,0,0,0,294807,0
294305,2554,7202,42,84,174,-147,23680,0,-1,-554,-192,36907,131,30,65,0,0,0,0,0,0,0,0,-32305,0,0,0,0,0,294812,0
294310,2534,7128,28,80,188,-165,23679,-1,1,-552,-192,36907,123,30,65,0,0,0,0,0,0,0,0,-32305,0,0,0,0,0,294818,0
294315,2484,7074,30,85,201,-195,23678,-5,-3,-553,-184,36907,123,30,65,0,0,0,0,0,0,0,0,-32306,0,0,0,0,0,294823,0
294320,2406,6990,8,97,227,-260,23677,-5,-1,-553,-192,36913,115,30,65,0,0,0,0,0,0,0,0,-32305,0,0,0,0,0,294828,0
294325,2430,6956,16,91,237,-302,23676,0,-1,-552,-192,36913,115,30,65,0,0,0,0,0,0,0,0,-32305,0,0,0,0,0,294834,0
294330,2412,6942,12,90,254,-338,23674,-6,-3,-550,-192,36910,118,30,65,0,0,0,0,0,0,0,0,-32305,0,0,0,0,0,294839,0
294335,2426,6972,-6,97,263,-380,23673,-6,0,-551,-192,36910,118,30,65,0,0,0,0,0,0,0,0,-32304,0,0,0,0,0,294844,0
294340,2456,7018,18,93,290,-469,23671,-6,-5,-552,-192,36916,117,30,65,0,0,0,0,0,0,0,0,-32306,0,0,0,0,0,294850,0
294345,2420,7052,36,91,309,-509,23672,-5,1,-551,-184,36916,117,30,65,0,0,0,0,0,0,0,0,-32305,0,0,0,0,0,294855,0
294350,2444,7102,4,89,316,-554,23672,1,3,-552,-184,36913,113,30,65,0,0,0,0,0,0,0,0,-32305,0,0,0,0,0,294861,0
294355,2428,7122,20,82,338,-583,23673,3,4,-552,-192,36913,113,30,65,0,0,0,0,0,0,0,0,-32305,0,0,0,0,0,294866,0
294360,2442,7166,8,70,371,-638,23672,1,7,-552,-192,36915,98,30,65,0,0,0,0,0,0,0,0,-32306,0,0,0,0,0,294872,0
294365,2460,7188,16,71,398,-666,23673,1,2,-551,-192,36915,98,30,65,0,0,0,0,0,0,0,0,-32306,0,0,0,0,0,294877,0
294370,2466,7182,28,66,415,-691,23672,4,1,-552,-192,36916,107,30,65,0,0,0,0,0,0,0,0,-32305,0,0,0,0,0,294882,0
294375,2474,7178,10,64,442,-712,23672,0,-1,-553,-184,36916,107,30,65,0,0,0,0,0,0,0,0,-32305,0,0,0,0,0,294888,0
294380,2460,7142,-10,54,493,-754,23672,0,0,-552,-184,36918,121,30,65,0,0,0,0,0,0,0,0,-32305,0,0,0,0,0,294893,0
294385,2450,7104,-22,57,518,-787,23672,1,-1,-552,-176,36918,121,30,65,0,0,0,0,0,0,0,0,-32305,0,0,0,0,0,294898,0
294390,2398,7112,-2,60,536,-812,23671,-5,-1,-552,-184,36919,115,30,65,0,0,0,0,0,0,0,0,-32305,0,0,0,0,0,294904,0
294395,2400,7098,-40,58,552,-833,23672,7,2,-550,-184,36919,115,30,65,0,0,0,0,0,0,0,0,-32305,0,0,0,0,0,294908,0
294400,2418,7096,-56,68,595,-887,23672,-4,-2,-554,-184,36918,112,31,65,0,0,0,0,0,0,0,0,-32305,0,0,0,0,0,294915,0
294405,2448,7092,-86,66,611,-915,23671,-5,-3,-553,-184,36918,112,31,65,0,0,0,0,0,0,0,0,-32305,0,0,0,0,0,294920,0
294410,2458,7074,-90,69,641,-939,23672,-4,-1,-553,-200,36919,94,31,65,0,0,0,0,0,0,0,0,-32305,0,0,0,0,0,294926,0
294415,2418,7072,-114,70,648,-963,23671,-2,-1,-551,-192,36919,94,31,65,0,0,0,0,0,0,0,0,-32305,0,0,0,0,0,294931,0
294420,2396,7120,-102,79,683,-1008,23673,0,-3,-550,-192,36913,102,31,65,0,0,0,0,0,0,0,0,-32305,0,0,0,0,0,294936,0
294425,2428,7146,-112,84,697,-1028,23671,-6,-2,-552,-184,36913,102,31,65,0,0,0,0,0,0,0,0,-32305,0,0,0,0,0,294942,0
294430,2392,7108,-106,90,710,-1048,23672,-6,-2,-551,-184,36910,97,30,65,0,0,0,0,0,0,0,0,-32305,0,0,0,0,0,294947,0
294435,2454,7180,-114,89,727,-1075,23671,-1,-4,-551,-184,36910,97,30,65,0,0,0,0,0,0,0,0,-32305,0,0,0,0,0,294953,0
294440,2480,7242,-112,98,766,-1113,23673,4,-1,-549,-192,36914,101,30,65,0,0,0,0,0,0,0,0,-32305,0,0,0,0,0,294958,0
294445,2416,7216,-92,104,778,-1132,23672,3,1,-555,-176,36914,101,30,65,0,0,0,0,0,0,0,0,-32305,0,0,0,0,0,294963,0
294450,2358,7176,-128,112,791,-1143,23672,-6,1,-553,-184,36916,105,30,65,0,0,0,0,0,0,0,0,-32305,0,0,0,0,0,294969,0
294455,2372,7128,-114,121,806,-1150,23672,1,1,-550,-184,36916,105,30,65,0,0,0,0,0,0,0,0,-32305,0,0,0,0,0,294975,0
294460,2406,7070,-120,142,832,-1165,23673,3,1,-552,-192,36916,106,30,65,0,0,0,0,0,0,0,0,-32305,0,0,0,0,0,294981,0
294465,2400,7096,-118,152,844,-1170,23672,0,-4,-551,-184,36916,106,30,65,0,0,0,0,0,0,0,0,-32305,0,0,0,0,0,294985,0
294470,2366,7122,-102,167,863,-1188,23673,2,3,-552,-192,36913,112,30,65,0,0,0,0,0,0,0,0,-32305,0,0,0,0,0,294991,0
294475,2356,7146,-72,169,873,-1196,23672,2,0,-552,-184,36913,112,30,65,0,0,0,0,0,0,0,0,-32305,0,0,0,0,0,294997,0
294480,5344,11758,2030,60,859,-673,23670,-4,-3,-548,-200,36918,99,30,65,0,0,0,0,0,0,0,0,-32305,0,0,0,0,0,295003,0
294485,7218,11722,2196,43,885,-217,23660,-54,-23,-539,-264,36918,99,30,65,0,0,0,0,0,0,0,0,-32305,0,0,0,0,0,295007,0
294490,8606,12692,3176,-38,945,347,23628,-153,-76,-510,-408,36922,104,31,65,0,0,0,0,0,0,0,0,-32305,0,0,0,0,0,295012,0
294495,6642,13372,2758,-68,1029,188,23573,-245,-164,-511,-568,36922,104,31,65,0,0,0,0,0,0,0,0,-32305,0,0,0,0,0,295017,0
294500,5966,14672,2364,-179,980,-393,23492,-371,-257,-512,-816,36922,106,30,65,0,0,0,0,0,0,0,0,-32305,0,0,0,0,0,295023,0
294505,5228,14874,1400,-192,909,-588,23389,-464,-339,-495,-1048,36922,106,30,65,0,0,0,0,0,0,0,0,-32305,0,0,0,0,0,295029,0
294510,4882,14418,242,-165,820,-722,23268,-538,-358,-528,-1176,36913,115,30,65,0,0,0,0,0,0,0,0,-32305,0,0,0,0,0,295034,0
294515,4860,13740,-532,-136,745,-793,23138,-573,-317,-545,-1200,36913,115,30,65,0,0,0,0,0,0,0,0,-32305,0,0,0,0,0,295040,0
294520,1824,11022,-890,-91,680,-625,23011,-551,-242,-563,-928,36910,118,30,65,0,0,0,0,0,0,0,0,-32305,0,0,0,0,0,295046,0
294525,422,8952,-288,-92,664,-322,22923,-363,-69,-563,-392,36910,118,30,65,0,0,0,0,0,0,0,0,-32305,0,0,0,0,0,295051,0
294530,956,7360,98,-84,666,-30,22895,-89,193,-504,-128,36909,112,30,65,0,0,0,0,0,0,0,0,-32305,0,0,0,0,0,295056,0
294535,2788,6658,454,-71,718,143,22912,87,484,-488,-120,36909,112,30,65,0,0,0,0,0,0,0,0,-32305,0,0,0,0,0,295062,0
294540,3738,6630,814,-53,859,51,22920,24,582,-489,-200,36912,109,30,65,0,0,0,0,0,0,0,0,-32305,0,0,0,0,0,295067,0
294545,3328,6476,658,-38,904,-82,22903,-80,423,-487,-240,36912,109,30,65,0,0,0,0,0,0,0,0,-32305,0,0,0,0,0,295073,0
294550,3006,6346,372,-30,929,-233,22882,-100,126,-499,-264,36908,112,30,65,0,0,0,0,0,0,0,0,-32305,0,0,0,0,0,295078,0
294555,2780,6240,96,-31,933,-371,22850,-139,-117,-491,-328,36908,112,30,65,0,0,0,0,0,0,0,0,-32305,0,0,0,0,0,295084,0
294560,2768,5752,156,-41,869,-612,22808,-177,-191,-498,-352,36910,105,30,65,0,0,0,0,0,0,0,0,-32305,0,0,0,0,0,295088,0
294565,2760,5768,306,-31,825,-703,22758,-227,-159,-490,-416,36910,105,30,65,0,0,0,0,0,0,0,0,-32305,0,0,0,0,0,295094,0
294570,2750,6030,466,-29,787,-751,22698,-268,-140,-496,-432,36910,110,30,65,0,0,0,0,0,0,0,0,-32305,0,0,0,0,0,295100,0
294575,2844,6314,628,-36,768,-761,22643,-250,-118,-494,-424,36910,110,30,65,0,0,0,0,0,0,0,0,-32305,0,0,0,0,0,295105,0
294580,2662,6984,850,-41,776,-724,22590,-220,-74,-486,-392,36913,104,31,65,0,0,0,0,0,0,0,0,-32306,0,0,0,0,0,295111,0
294585,2574,7316,790,-41,780,-709,22543,-195,-13,-493,-328,36913,104,31,65,0,0,0,0,0,0,0,0,-32305,0,0,0,0,0,295116,0
294590,2534,7688,698,-34,772,-694,22506,-161,49,-490,-272,36912,114,30,65,0,0,0,0,0,0,0,0,-32305,0,0,0,0,0,295122,0
294595,2568,8074,604,-19,759,-691,22483,-89,107,-491,-224,36912,114,30,65,0,0,0,0,0,0,0,0,-32305,0,0,0,0,0,295127,0
294600,2564,8866,608,4,738,-709,22470,-59,148,-485,-200,36910,120,30,65,0,0,0,0,0,0,0,0,-32305,0,0,0,0,0,295132,0
294605,2502,9088,694,22,732,-712,22464,-19,154,-492,-160,36910,120,30,65,0,0,0,0,0,0,0,0,-32305,0,0,0,0,0,295138,0
294610,2410,9136,756,24,702,-719,22466,17,147,-486,-168,36912,113,30,65,0,0,0,0,0,0,0,0,-32305,0,0,0,0,0,295142,0
294615,2250,9052,810,41,690,-707,22466,6,120,-478,-176,36912,113,30,65,0,0,0,0,0,0,0,0,-32305,0,0,0,0,0,295148,0
294620,1800,8714,792,52,645,-673,22465,0,69,-481,-160,36914,112,30,65,0,0,0,0,0,0,0,0,-32305,0,0,0,0,0,295154,0
294625,1604,8436,782,64,617,-643,22467,3,33,-483,-168,36914,112,30,65,0,0,0,0,0,0,0,0,-32305,0,0,0,0,0,295159,0
294630,1526,8130,720,70,597,-615,22466,-3,3,-485,-176,36916,105,30,65,0,0,0,0,0,0,0,0,-32305,0,0,0,0,0,295165,0
294635,1542,7766,692,76,565,-592,22466,3,-7,-483,-168,36916,105,30,65,0,0,0,0,0,0,0,0,-32305,0,0,0,0,0,295170,0
294640,1704,7204,710,93,521,-580,22466,2,-7,-483,-168,36914,113,31,65,0,0,0,0,0,0,0,0,-32305,0,0,0,0,0,295175,0
294645,1794,7016,732,97,508,-580,22466,-3,1,-481,-168,36914,113,31,65,0,0,0,0,0,0,0,0,-32305,0,0,0,0,0,295181,0
294650,1852,6866,754,98,490,-589,22465,3,0,-481,-168,36911,102,31,65,0,0,0,0,0,0,0,0,-32305,0,0,0,0,0,295186,0
294655,1874,6778,786,108,481,-587,22466,0,2,-482,-176,36911,102,31,65,0,0,0,0,0,0,0,0,-32305,0,0,0,0,0,295192,0
294660,1876,6866,796,121,453,-570,22467,3,-1,-481,-168,36913,106,30,65,0,0,0,0,0,0,0,0,-32305,0,0,0,0,0,295196,0
294665,1860,6918,780,124,436,-562,22465,-3,0,-479,-176,36913,106,30,65,0,0,0,0,0,0,0,0,-32305,0,0,0,0,0,295203,0
294670,1908,6936,872,120,417,-547,22467,7,1,-480,-168,36914,110,30,65,0,0,0,0,0,0,0,0,-32306,0,0,0,0,0,295208,0
294675,1794,7096,822,129,394,-539,22465,-1,-4,-481,-168,36914,110,30,65,0,0,0,0,0,0,0,0,-32305,0,0,0,0,0,295213,0
294680,1762,7322,760,143,355,-504,22466,-3,2,-480,-176,36913,118,30,65,0,0,0,0,0,0,0,0,-32305,0,0,0,0,0,295219,0
294685,1766,7342,748,148,340,-496,22465,-1,-2,-482,-168,36913,118,30,65,0,0,0,0,0,0,0,0,-32305,0,0,0,0,0,295224,0
294690,1696,7508,720,154,326,-486,22466,-2,5,-481,-176,36912,120,30,65,0,0,0,0,0,0,0,0,-32305,0,0,0,0,0,295230,0
294695,1658,7590,710,165,318,-475,22466,0,-2,-480,-176,36912,120,30,65,0,0,0,0,0,0,0,0,-32305,0,0,0,0,0,295235,0
294700,1574,7726,662,177,322,-455,22467,3,6,-479,-176,36913,116,30,65,0,0,0,0,0,0,0,0,-32305,0,0,0,0,0,295241,0
294705,1594,7642,630,185,320,-443,22467,1,0,-481,-176,36913,116,30,65,0,0,0,0,0,0,0,0,-32305,0,0,0,0,0,295246,0
294710,1568,7598,662,187,336,-429,22466,-4,-1,-480,-168,36917,118,30,65,0,0,0,0,0,0,0,0,-32305,0,0,0,0,0,295251,0
294715,1460,7470,712,194,364,-416,22466,-3,1,-483,-176,36917,118,30,65,0,0,0,0,0,0,0,0,-32305,0,0,0,0,0,295257,0
294720,742,5970,628,198,432,-328,22465,-5,-4,-482,-168,36915,117,30,65,0,0,0,0,0,0,0,0,-32305,0,0,0,0,0,295262,0
294725,-364,3704,598,193,511,-228,22460,-14,-6,-482,-176,36915,117,30,65,0,0,0,0,0,0,0,0,-32305,0,0,0,0,0,295268,0
294730,-2412,596,328,181,642,-34,22449,-53,-30,-473,-224,36913,102,30,65,0,0,0,0,0,0,0,0,-32305,0,0,0,0,0,295273,0
294735,-3062,1924,530,212,724,158,22428,-95,-61,-463,-264,36913,102,30,65,0,0,0,0,0,0,0,0,-32305,0,0,0,0,0,295278,0
294740,808,10552,824,239,662,244,22382,-208,-115,-437,-464,36914,103,30,65,0,0,0,0,0,0,0,0,-32305,0,0,0,0,0,295284,0
294745,4346,12472,536,228,601,123,22300,-392,-221,-410,-928,36914,103,30,65,0,0,0,0,0,0,0,0,-32305,0,0,0,0,0,295289,0
294750,6164,12152,664,215,539,54,22146,-711,-416,-355,-1968,36916,108,30,65,0,0,0,0,0,0,0,0,-32305,0,0,0,0,0,295294,0
294755,5912,10564,810,221,526,-22,21892,-1160,-705,-399,-3016,36916,108,30,65,0,0,0,0,0,0,0,0,-32305,0,0,0,0,0,295300,0
294760,3232,8552,658,263,580,-51,21531,-1631,-1059,-417,-3984,36911,136,30,65,0,0,0,0,0,0,0,0,-32305,0,0,0,0,0,295305,0
294765,2146,9112,658,277,613,-49,21070,-2068,-1353,-426,-4808,36911,136,30,65,0,0,0,0,0,0,0,0,-32305,0,0,0,0,0,295311,0
294770,1348,9860,746,270,625,-32,20523,-2439,-1498,-421,-5408,36900,156,30,65,0,0,0,0,0,0,0,0,-32305,0,0,0,0,0,295316,0
294775,660,10296,612,269,601,-14,19917,-2693,-1444,-388,-5760,36900,156,30,65,0,0,0,0,0,0,0,0,-32305,0,0,0,0,0,295321,0
294780,-374,9598,452,275,535,52,19270,-2856,-1235,-320,-5976,36888,171,30,65,0,0,0,0,0,0,0,0,-32306,0,0,0,0,0,295327,0
294785,-522,9294,470,288,535,104,18599,-2968,-951,-263,-6136,36888,171,30,65,0,0,0,0,0,0,0,0,-32306,0,0,0,0,0,295333,0
294790,-728,9176,434,296,550,165,17903,-3069,-679,-216,-6240,36887,163,30,65,0,0,0,0,0,0,0,0,-32305,0,0,0,0,0,295338,0
294795,-598,8978,644,308,577,223,17184,-3180,-486,-162,-6376,36887,163,30,65,0,0,0,0,0,0,0,0,-32305,0,0,0,0,0,295344,0
294800,-226,8190,792,301,618,341,16431,-3320,-409,-122,-6576,36883,161,30,65,0,0,0,0,0,0,0,0,-32305,0,0,0,0,0,295349,0
294805,54,7812,766,323,624,399,15638,-3509,-430,-63,-6928,36883,161,30,65,0,0,0,0,0,0,0,0,-32305,0,0,0,0,0,295354,0
294810,266,7460,738,322,630,450,14800,-3712,-504,12,-7368,36887,157,30,65,0,0,0,0,0,0,0,0,-32305,0,0,0,0,0,295359,0
294815,442,7260,710,340,608,355,13913,-3922,-607,50,-7688,36887,157,30,65,0,0,0,0,0,0,0,0,-32305,0,0,0,0,0,295365,0
294820,20954,4998,522,353,404,-429,13017,-3935,-609,3,-7288,36892,149,30,65,0,0,0,0,0,0,0,0,-32305,0,0,0,0,0,295371,0
294825,19866,2956,712,293,530,-624,12150,-3799,-457,55,-6664,36892,149,30,65,0,0,0,0,0,0,0,0,-32305,0,0,0,0,0,295375,0
294830,15324,2856,768,286,572,-694,11389,-3270,-38,48,-4904,36897,137,30,65,0,0,0,0,0,0,0,0,-32305,0,0,0,0,0,295381,0
294835,8266,5362,392,344,511,-815,10895,-2027,840,-22,-1408,36897,137,30,65,0,0,0,0,0,0,0,0,-32305,0,0,0,0,0,295387,0
294840,-1100,10176,814,397,386,-959,10839,-10,2274,1334,2656,36900,144,31,65,0,0,0,0,0,0,0,0,-32306,0,0,0,0,0,295393,0
294845,-1510,10074,1362,386,381,-1014,11207,1747,4046,1168,4992,36900,144,31,65,0,0,0,0,0,0,0,0,-32305,0,0,0,0,0,295398,0
294850,606,8870,1522,381,373,-1010,11774,2559,5100,370,5904,36893,155,30,65,0,0,0,0,0,0,0,0,-32306,0,0,0,0,0,295403,0
294855,3034,6664,1406,399,354,-985,12423,2873,4914,395,5856,36893,155,30,65,0,0,0,0,0,0,0,0,-32305,0,0,0,0,0,295409,0
294860,1654,7266,760,436,224,-958,13085,2914,3576,252,5528,36884,174,30,65,0,0,0,0,0,0,0,0,-32305,0,0,0,0,0,295413,0
294865,-266,9018,784,446,139,-986,13730,2832,1818,99,5112,36884,174,30,65,0,0,0,0,0,0,0,0,-32305,0,0,0,0,0,295419,0
294870,-402,9762,764,452,23,-1036,14319,2555,530,50,4208,36882,156,30,65,0,0,0,0,0,0,0,0,-32306,0,0,0,0,0,295425,0
294875,1486,9618,506,430,-91,-1069,14776,1943,-327,66,2456,36882,156,30,65,0,0,0,0,0,0,0,0,-32305,0,0,0,0,0,295430,0
294880,4520,7618,-458,370,-364,-1126,15025,1000,-1128,76,16,36892,136,30,65,0,0,0,0,0,0,0,0,-32305,0,0,0,0,0,295436,0
294885,4864,7100,-716,357,-455,-1154,15022,-135,-2035,-258,-752,36892,136,30,65,0,0,0,0,0,0,0,0,-32305,0,0,0,0,0,295441,0
294890,3884,7254,-800,369,-526,-1189,14810,-996,-2838,-217,-2464,36900,124,30,65,0,0,0,0,0,0,0,0,-32305,0,0,0,0,0,295447,0
294895,2586,7594,-470,356,-579,-1217,14479,-1503,-3136,-97,-3256,36900,124,30,65,0,0,0,0,0,0,0,0,-32305,0,0,0,0,0,295452,0
294900,1402,8294,388,318,-648,-1272,14088,-1747,-2795,-139,-3392,36910,107,31,65,0,0,0,0,0,0,0,0,-32305,0,0,0,0,0,295457,0
294905,1502,8132,384,294,-688,-1298,13678,-1802,-2005,-97,-3168,36910,107,31,65,0,0,0,0,0,0,0,0,-32305,0,0,0,0,0,295463,0
294910,2174,7872,234,272,-733,-1321,13278,-1756,-1104,-38,-2832,36914,108,30,65,0,0,0,0,0,0,0,0,-32305,0,0,0,0,0,295467,0
294915,2622,7704,-34,275,-779,-1346,12898,-1666,-436,27,-2464,36914,108,30,65,0,0,0,0,0,0,0,0,-32305,0,0,0,0,0,295473,0
294920,2984,7652,-496,232,-845,-1395,12543,-1548,0,57,-2064,36929,106,30,65,0,0,0,0,0,0,0,0,-32305,0,0,0,0,0,295479,0
294925,2956,7664,-546,208,-876,-1417,12233,-1340,271,84,-1464,36929,106,30,65,0,0,0,0,0,0,0,0,-32305,0,0,0,0,0,295484,0
294930,2800,7680,-514,185,-904,-1449,12003,-985,494,75,-432,36939,112,31,65,0,0,0,0,0,0,0,0,-32306,0,0,0,0,0,295489,0
294935,2642,7682,-496,153,-942,-1473,11890,-433,816,209,400,36939,112,31,65,0,0,0,0,0,0,0,0,-32306,0,0,0,0,0,295495,0
294940,2554,7702,-448,109,-982,-1523,11932,248,1277,410,440,36938,112,31,65,0,0,0,0,0,0,0,0,-32305,0,0,0,0,0,295501,0
294945,2510,7818,-516,87,-994,-1555,12063,600,1635,162,1168,36938,112,31,65,0,0,0,0,0,0,0,0,-32306,0,0,0,0,0,295506,0
294950,2390,7990,-530,59,-988,-1563,12235,771,1689,171,1336,36928,104,30,65,0,0,0,0,0,0,0,0,-32305,0,0,0,0,0,295511,0
294955,2120,8104,-546,33,-986,-1567,12428,849,1379,171,1360,36928,104,30,65,0,0,0,0,0,0,0,0,-32306,0,0,0,0,0,295517,0
294960,1812,8182,-498,1,-967,-1587,12624,864,860,135,1272,36918,115,30,65,0,0,0,0,0,0,0,0,-32306,0,0,0,0,0,295521,0
294965,1840,8212,-468,-12,-955,-1599,12814,835,385,106,1152,36918,115,30,65,0,0,0,0,0,0,0,0,-32305,0,0,0,0,0,295527,0
294970,1824,8142,-388,-34,-940,-1599,12994,793,119,88,976,36911,123,30,65,0,0,0,0,0,0,0,0,-32305,0,0,0,0,0,295533,0
294975,1808,8130,-334,-53,-926,-1602,13165,738,-33,83,784,36911,123,30,65,0,0,0,0,0,0,0,0,-32305,0,0,0,0,0,295538,0
294980,1810,8156,-308,-85,-885,-1621,13319,670,-123,64,568,36907,128,30,65,0,0,0,0,0,0,0,0,-32305,0,0,0,0,0,295543,0
294985,1862,8174,-274,-105,-862,-1624,13458,600,-170,53,376,36907,128,30,65,0,0,0,0,0,0,0,0,-32305,0,0,0,0,0,295549,0
294990,1852,8186,-298,-116,-842,-1634,13571,488,-232,14,144,36909,123,30,65,0,0,0,0,0,0,0,0,-32305,0,0,0,0,0,295555,0
294995,1838,8222,-244,-121,-812,-1636,13652,342,-293,-47,64,36909,123,30,65,0,0,0,0,0,0,0,0,-32305,0,0,0,0,0,295560,0
295000,1648,8378,-100,-145,-761,-1639,13696,181,-378,-50,16,36916,121,30,65,0,0,0,0,0,0,0,0,-32305,0,0,0,0,0,295565,0
295005,1494,8418,-78,-162,-726,-1637,13698,-12,-471,-6,-24,36916,121,30,65,0,0,0,0,0,0,0,0,-32305,0,0,0,0,0,295571,0
295010,1304,8506,8,-169,-701,-1642,13680,-91,-525,29,-40,36921,141,30,65,0,0,0,0,0,0,0,0,-32305,0,0,0,0,0,295575,0
295015,1164,8500,12,-172,-666,-1633,13663,-69,-463,26,-16,36921,141,30,65,0,0,0,0,0,0,0,0,-32305,0,0,0,0,0,295582,0
295020,1150,8410,142,-187,-603,-1627,13653,-32,-291,29,0,36917,134,30,65,0,0,0,0,0,0,0,0,-32305,0,0,0,0,0,295587,0
295025,1168,8340,176,-193,-570,-1626,13647,-24,-103,33,-8,36917,134,30,65,0,0,0,0,0,0,0,0,-32305,0,0,0,0,0,295593,0
295030,1162,8234,202,-195,-530,-1619,13644,-18,25,34,-8,36912,124,30,65,0,0,0,0,0,0,0,0,-32305,0,0,0,0,0,295598,0
295035,1172,8216,230,-197,-495,-1614,13637,-28,56,34,-8,36912,124,30,65,0,0,0,0,0,0,0,0,-32305,0,0,0,0,0,295604,0
295040,1130,8080,266,-202,-415,-1599,13629,-34,26,33,-8,36909,115,30,65,0,0,0,0,0,0,0,0,-32305,0,0,0,0,0,295609,0
295045,1068,8096,302,-208,-375,-1596,13624,-25,-7,31,0,36909,115,30,65,0,0,0,0,0,0,0,0,-32305,0,0,0,0,0,295615,0
295050,1006,8010,304,-194,-332,-1583,13624,-1,6,29,16,36911,122,30,65,0,0,0,0,0,0,0,0,-32305,0,0,0,0,0,295620,0
295055,906,8036,344,-200,-285,-1573,13623,1,18,33,8,36911,122,30,65,0,0,0,0,0,0,0,0,-32305,0,0,0,0,0,295626,0
295060,708,8054,416,-184,-192,-1552,13623,-2,25,34,8,36908,129,30,65,0,0,0,0,0,0,0,0,-32305,0,0,0,0,0,295632,0
295065,638,8046,478,-192,-153,-1536,13622,-6,23,34,8,36908,129,30,65,0,0,0,0,0,0,0,0,-32305,0,0,0,0,0,295636,0
295070,560,8030,548,-182,-108,-1518,13624,2,10,33,8,36906,124,30,65,0,0,0,0,0,0,0,0,-32305,0,0,0,0,0,295643,0
295075,526,8024,592,-179,-66,-1510,13623,0,-1,34,8,36906,124,30,65,0,0,0,0,0,0,0,0,-32305,0,0,0,0,0,295647,0
295080,518,8000,672,-172,11,-1479,13623,-5,2,35,8,36908,130,30,65,0,0,0,0,0,0,0,0,-32305,0,0,0,0,0,295652,0
295085,462,7926,670,-155,45,-1462,13622,-7,-3,34,8,36908,130,30,65,0,0,0,0,0,0,0,0,-32305,0,0,0,0,0,295658,0
295090,500,7866,616,-147,82,-1447,13623,-1,2,34,8,36911,127,30,65,0,0,0,0,0,0,0,0,-32305,0,0,0,0,0,295663,0
295095,460,7924,672,-139,122,-1432,13622,-7,-1,33,8,36911,127,30,65,0,0,0,0,0,0,0,0,-32305,0,0,0,0,0,295669,0
295100,300,7844,722,-123,166,-1406,13623,1,4,32,0,36908,115,30,65,0,0,0,0,0,0,0,0,-32305,0,0,0,0,0,295675,0
295105,202,7848,728,-122,174,-1393,13623,-5,0,34,8,36908,115,30,65,0,0,0,0,0,0,0,0,-32305,0,0,0,0,0,295681,0
295110,206,7756,688,-104,190,-1374,13623,1,2,33,0,36908,124,30,65,0,0,0,0,0,0,0,0,-32305,0,0,0,0,0,295685,0
295115,168,7810,758,-103,201,-1364,13624,3,4,33,8,36908,124,30,65,0,0,0,0,0,0,0,0,-32305,0,0,0,0,0,295691,0
295120,44,7726,674,-80,208,-1337,13623,3,1,33,16,36909,121,31,65,0,0,0,0,0,0,0,0,-32305,0,0,0,0,0,295697,0
295125,80,7806,668,-69,204,-1330,13622,-4,0,34,8,36909,121,31,65,0,0,0,0,0,0,0,0,-32305,0,0,0,0,0,295702,0
295130,190,7864,818,-72,202,-1313,13623,-5,-6,35,8,36911,127,30,65,0,0,0,0,0,0,0,0,-32305,0,0,0,0,0,295707,0
295135,40,7900,626,-59,197,-1302,13623,-3,-3,35,8,36911,127,30,65,0,0,0,0,0,0,0,0,-32305,0,0,0,0,0,295713,0
295140,88,7954,698,-57,174,-1283,13623,6,2,34,8,36911,126,30,65,0,0,0,0,0,0,0,0,-32305,0,0,0,0,0,295718,0
295145,118,7950,576,-45,162,-1283,13623,-4,0,34,8,36911,126,30,65,0,0,0,0,0,0,0,0,-32305,0,0,0,0,0,295724,0
295150,124,7990,628,-40,155,-1274,13624,6,3,35,8,36911,114,30,65,0,0,0,0,0,0,0,0,-32305,0,0,0,0,0,295729,0
295155,178,7990,498,-27,147,-1270,13624,3,-2,33,8,36911,114,30,65,0,0,0,0,0,0,0,0,-32305,0,0,0,0,0,295735,0
295160,68,8116,556,-25,115,-1264,13622,0,0,32,8,36912,118,30,65,0,0,0,0,0,0,0,0,-32305,0,0,0,0,0,295739,0
295165,146,8062,452,-30,101,-1268,13623,-4,-6,33,8,36912,118,30,65,0,0,0,0,0,0,0,0,-32305,0,0,0,0,0,295745,0
295170,144,8134,470,-19,80,-1271,13623,-9,-3,33,8,36913,97,31,65,0,0,0,0,0,0,0,0,-32305,0,0,0,0,0,295751,0
295175,216,8096,446,-20,70,-1268,13622,-3,2,35,8,36913,97,31,65,0,0,0,0,0,0,0,0,-32306,0,0,0,0,0,295757,0
295180,236,8144,494,-14,37,-1277,13623,-1,-1,35,8,36913,115,30,65,0,0,0,0,0,0,0,0,-32305,0,0,0,0,0,295762,0
295185,306,8148,500,-18,20,-1282,13623,0,-1,35,8,36913,115,30,65,0,0,0,0,0,0,0,0,-32305,0,0,0,0,0,295767,0
295190,312,8092,440,-18,6,-1290,13622,0,1,34,8,36910,117,30,65,0,0,0,0,0,0,0,0,-32305,0,0,0,0,0,295773,0
295195,368,8090,512,-14,-8,-1295,13623,0,3,33,8,36910,117,30,65,0,0,0,0,0,0,0,0,-32305,0,0,0,0,0,295778,0
295200,242,8002,510,-16,-35,-1310,13624,-2,1,33,8,36909,123,30,65,0,0,0,0,0,0,0,0,-32305,0,0,0,0,0,295783,0
295205,296,7958,518,-10,-45,-1318,13623,-1,0,33,16,36909,123,30,65,0,0,0,0,0,0,0,0,-32305,0,0,0,0,0,295789,0
295210,274,7854,418,-9,-62,-1325,13623,0,-2,34,0,36913,112,30,65,0,0,0,0,0,0,0,0,-32305,0,0,0,0,0,295793,0
295215,298,7874,468,-7,-71,-1335,13624,9,2,32,8,36913,112,30,65,0,0,0,0,0,0,0,0,-32305,0,0,0,0,0,295799,0
295220,288,7846,434,-11,-94,-1354,13625,7,4,34,8,36916,109,30,65,0,0,0,0,0,0,0,0,-32306,0,0,0,0,0,295805,0
295225,262,7888,442,-6,-100,-1365,13623,0,5,35,8,36916,109,30,65,0,0,0,0,0,0,0,0,-32306,0,0,0,0,0,295809,0
295230,-1710,9748,1124,-45,-97,-1468,13623,1,-1,35,8,36913,110,30,65,0,0,0,0,0,0,0,0,-32305,0,0,0,0,0,295815,0
295235,-1978,10352,1096,-26,-103,-1386,13623,0,0,35,8,36913,110,30,65,0,0,0,0,0,0,0,0,-32306,0,0,0,0,0,295820,0
295240,136,9156,214,4,-45,-1383,13622,-7,-2,33,8,36913,106,31,65,0,0,0,0,0,0,0,0,-32305,0,0,0,0,0,295826,0
295245,930,8832,296,-1,-50,-1395,13623,-1,3,32,8,36913,106,31,65,0,0,0,0,0,0,0,0,-32305,0,0,0,0,0,295831,0
295250,994,8602,292,1,-56,-1422,13622,-3,-2,34,8,36915,107,31,65,0,0,0,0,0,0,0,0,-32305,0,0,0,0,0,295836,0
295255,962,8440,368,-1,-65,-1435,13623,0,0,34,16,36915,107,31,65,0,0,0,0,0,0,0,0,-32305,0,0,0,0,0,295842,0
295260,844,8056,682,2,-42,-1475,13623,0,4,34,0,36917,108,30,65,0,0,0,0,0,0,0,0,-32305,0,0,0,0,0,295848,0
295265,14,8176,650,1,-56,-1486,13623,-3,2,33,8,36917,108,30,65,0,0,0,0,0,0,0,0,-32305,0,0,0,0,0,295852,0
295270,108,7824,430,13,-45,-1508,13623,5,5,32,8,36915,112,30,65,0,0,0,0,0,0,0,0,-32305,0,0,0,0,0,295859,0
295275,-180,7852,732,9,-33,-1493,13602,-105,-49,-858,-1280,36915,112,30,65,0,0,0,0,0,0,0,0,-32305,0,0,0,0,0,295863,0
295280,-1096,8128,740,27,-12,-1484,13491,-534,-291,-1585,-1776,36904,133,30,65,0,0,0,0,0,0,0,0,-32305,0,0,0,0,0,295868,0
295285,-1118,8042,744,34,-8,-1480,13306,-836,-620,-1053,-1840,36904,133,30,65,0,0,0,0,0,0,0,0,-32305,0,0,0,0,0,295874,0
295290,-694,7942,814,33,-4,-1476,13095,-927,-834,-461,-1408,36899,128,30,65,0,0,0,0,0,0,0,0,-32305,0,0,0,0,0,295880,0
295295,-394,7858,690,45,-4,-1473,12890,-906,-761,-109,-800,36899,128,30,65,0,0,0,0,0,0,0,0,-32305,0,0,0,0,0,295885,0
295300,-270,8068,614,53,-8,-1482,12710,-778,-393,59,-272,36902,138,30,65,0,0,0,0,0,0,0,0,-32305,0,0,0,0,0,295890,0
295305,-400,8196,634,50,-10,-1490,12568,-601,40,210,-208,36902,138,30,65,0,0,0,0,0,0,0,0,-32305,0,0,0,0,0,295896,0
295310,-462,8098,600,62,-21,-1484,12471,-397,371,176,-200,36908,130,30,65,0,0,0,0,0,0,0,0,-32305,0,0,0,0,0,295901,0
295315,-522,8148,614,70,-21,-1484,12414,-241,540,-123,-272,36908,130,30,65,0,0,0,0,0,0,0,0,-32305,0,0,0,0,0,295906,0
295320,-714,8144,680,71,-39,-1480,12375,-157,569,-399,-320,36912,115,30,65,0,0,0,0,0,0,0,0,-32305,0,0,0,0,0,295912,0
295325,-714,8138,668,82,-44,-1475,12353,-91,489,-572,-280,36912,115,30,65,0,0,0,0,0,0,0,0,-32305,0,0,0,0,0,295917,0
295330,-802,8088,622,92,-36,-1476,12345,-28,368,-704,-256,36913,114,30,65,0,0,0,0,0,0,0,0,-32305,0,0,0,0,0,295923,0
295335,-698,8022,688,94,-40,-1471,12343,-13,246,-780,-272,36913,114,30,65,0,0,0,0,0,0,0,0,-32305,0,0,0,0,0,295928,0
295340,-726,7914,662,106,-43,-1473,12339,-10,157,-791,-296,36913,117,31,65,0,0,0,0,0,0,0,0,-32305,0,0,0,0,0,295934,0
295345,-844,7932,662,107,-51,-1476,12332,-36,80,-773,-296,36913,117,31,65,0,0,0,0,0,0,0,0,-32305,0,0,0,0,0,295939,0
295350,-888,7994,666,110,-57,-1470,12318,-59,0,-737,-288,36916,131,30,65,0,0,0,0,0,0,0,0,-32305,0,0,0,0,0,295944,0
295355,-986,7992,632,116,-59,-1469,12306,-55,-40,-698,-272,36916,131,30,65,0,0,0,0,0,0,0,0,-32305,0,0,0,0,0,295950,0
295360,-984,7902,584,128,-74,-1472,12301,-13,-17,-706,-248,36910,125,30,65,0,0,0,0,0,0,0,0,-32305,0,0,0,0,0,295955,0
295365,-976,7952,562,131,-77,-1469,12301,1,22,-758,-256,36910,125,30,65,0,0,0,0,0,0,0,0,-32305,0,0,0,0,0,295961,0
295370,-1008,7972,574,136,-86,-1471,12300,4,53,-777,-256,36910,106,30,65,0,0,0,0,0,0,0,0,-32305,0,0,0,0,0,295966,0
295375,-920,7968,506,139,-95,-1475,12300,4,48,-777,-256,36910,106,30,65,0,0,0,0,0,0,0,0,-32304,0,0,0,0,0,295972,0
295380,-908,8018,472,152,-102,-1485,12300,1,33,-777,-264,36913,101,30,65,0,0,0,0,0,0,0,0,-32305,0,0,0,0,0,295977,0
295385,-932,8052,476,146,-111,-1486,12301,1,8,-776,-264,36913,101,30,65,0,0,0,0,0,0,0,0,-32305,0,0,0,0,0,295983,0
295390,-976,8132,476,149,-118,-1491,12300,-3,1,-775,-264,36916,98,31,65,0,0,0,0,0,0,0,0,-32305,0,0,0,0,0,295988,0
295395,-952,8148,466,153,-124,-1492,12299,-3,-2,-774,-256,36916,98,31,65,0,0,0,0,0,0,0,0,-32305,0,0,0,0,0,295993,0
295400,-898,8102,448,158,-135,-1499,12298,-8,-4,-778,-248,36909,102,30,65,0,0,0,0,0,0,0,0,-32305,0,0,0,0,0,295999,0
295405,-872,8128,442,159,-130,-1502,12298,-2,-1,-774,-240,36909,102,30,65,0,0,0,0,0,0,0,0,-32305,0,0,0,0,0,296005,0
295410,-940,8164,446,156,-133,-1504,12298,2,1,-775,-256,36907,108,30,65,0,0,0,0,0,0,0,0,-32305,0,0,0,0,0,296010,0
295415,-960,8144,428,155,-130,-1510,12298,1,1,-773,-248,36907,108,30,65,0,0,0,0,0,0,0,0,-32305,0,0,0,0,0,296015,0
295420,-1130,8154,414,153,-133,-1510,12296,-5,3,-774,-248,36910,104,30,65,0,0,0,0,0,0,0,0,-32305,0,0,0,0,0,296021,0
295425,-1206,8032,270,159,-135,-1512,12297,0,3,-772,-248,36910,104,30,65,0,0,0,0,0,0,0,0,-32305,0,0,0,0,0,296026,0
295430,-1438,7926,16,171,-165,-1512,12296,-2,-2,-775,-256,36918,112,30,65,0,0,0,0,0,0,0,0,-32305,0,0,0,0,0,296031,0
295435,-1820,7948,-212,191,-208,-1519,12298,5,5,-776,-256,36918,112,30,65,0,0,0,0,0,0,0,0,-32305,0,0,0,0,0,296037,0
295440,-2142,7974,-114,217,-321,-1517,12296,0,0,-781,-240,36920,119,30,65,0,0,0,0,0,0,0,0,-32305,0,0,0,0,0,296042,0
295445,-1978,8194,-234,215,-362,-1506,12296,0,-1,-773,-248,36920,119,30,65,0,0,0,0,0,0,0,0,-32305,0,0,0,0,0,296047,0
295450,-1974,8050,306,246,-413,-1501,12297,-1,-1,-780,-264,36919,124,30,65,0,0,0,0,0,0,0,0,-32305,0,0,0,0,0,296053,0
295455,-1978,8956,682,234,-453,-1495,12296,0,4,-776,-256,36919,124,30,65,0,0,0,0,0,0,0,0,-32305,0,0,0,0,0,296059,0
295460,-1226,8402,368,247,-455,-1465,12296,-1,-3,-779,-256,36912,117,30,65,0,0,0,0,0,0,0,0,-32305,0,0,0,0,0,296064,0
295465,-1288,8320,536,247,-449,-1454,12296,1,-3,-776,-264,36912,117,30,65,0,0,0,0,0,0,0,0,-32305,0,0,0,0,0,296069,0
295470,-1550,8686,526,253,-459,-1449,12297,2,2,-778,-256,36913,117,30,65,0,0,0,0,0,0,0,0,-32305,0,0,0,0,0,296075,0
295475,-1502,8648,446,247,-455,-1427,12297,1,2,-779,-256,36913,117,30,65,0,0,0,0,0,0,0,0,-32305,0,0,0,0,0,296080,0
295480,-1838,8402,486,266,-430,-1410,12297,7,3,-772,-256,36913,125,30,65,0,0,0,0,0,0,0,0,-32305,0,0,0,0,0,296085,0
295485,-2084,8372,354,265,-457,-1402,12296,0,-2,-782,-248,36913,125,30,65,0,0,0,0,0,0,0,0,-32305,0,0,0,0,0,296091,0
295490,-2160,7932,306,260,-459,-1378,12295,-7,3,-777,-240,36912,124,30,65,0,0,0,0,0,0,0,0,-32305,0,0,0,0,0,296096,0
295495,-2184,8068,340,255,-469,-1367,12295,-6,-1,-776,-248,36912,124,30,65,0,0,0,0,0,0,0,0,-32305,0,0,0,0,0,296102,0
295500,-2302,8150,288,257,-465,-1343,12296,-1,2,-777,-240,36913,125,30,65,0,0,0,0,0,0,0,0,-32305,0,0,0,0,0,296107,0
295505,-2258,8152,136,258,-464,-1327,12296,-1,4,-780,-256,36913,125,30,65,0,0,0,0,0,0,0,0,-32304,0,0,0,0,0,296113,0
295510,-2498,8396,138,250,-474,-1303,12296,-1,1,-779,-240,36913,107,30,65,0,0,0,0,0,0,0,0,-32305,0,0,0,0,0,296118,0
295515,-1886,8266,54,246,-467,-1298,12297,0,2,-780,-248,36913,107,30,65,0,0,0,0,0,0,0,0,-32305,0,0,0,0,0,296124,0
295520,-1724,8532,98,221,-451,-1286,12297,4,1,-778,-256,36915,110,30,65,0,0,0,0,0,0,0,0,-32305,0,0,0,0,0,296129,0
295525,-1782,8654,170,211,-426,-1277,12297,5,2,-778,-264,36915,110,30,65,0,0,0,0,0,0,0,0,-32305,0,0,0,0,0,296135,0
295530,-1878,8684,232,191,-405,-1268,12297,3,1,-779,-256,36910,119,30,65,0,0,0,0,0,0,0,0,-32305,0,0,0,0,0,296140,0
295535,-1862,8724,208,175,-381,-1255,12298,5,0,-778,-256,36910,119,30,65,0,0,0,0,0,0,0,0,-32305,0,0,0,0,0,296146,0
295540,-1754,8704,168,134,-330,-1236,12298,-4,1,-783,-232,36912,115,30,65,0,0,0,0,0,0,0,0,-32305,0,0,0,0,0,296151,0
295545,-1694,8800,124,107,-301,-1228,12299,5,0,-778,-256,36912,115,30,65,0,0,0,0,0,0,0,0,-32305,0,0,0,0,0,296156,0
295550,-1768,8814,118,91,-273,-1228,12299,2,1,-782,-264,36910,115,30,65,0,0,0,0,0,0,0,0,-32305,0,0,0,0,0,296162,0
295555,-1744,8762,68,68,-247,-1221,12300,10,0,-780,-264,36910,115,30,65,0,0,0,0,0,0,0,0,-32305,0,0,0,0,0,296167,0
295560,-1660,8528,92,33,-215,-1212,12301,0,0,-793,-240,36913,118,30,65,0,0,0,0,0,0,0,0,-32305,0,0,0,0,0,296173,0
295565,-1724,8344,174,17,-192,-1218,12303,7,2,-791,-256,36913,118,30,65,0,0,0,0,0,0,0,0,-32305,0,0,0,0,0,296179,0
295570,-1866,8146,272,11,-177,-1209,12304,2,5,-790,-256,36908,119,30,65,0,0,0,0,0,0,0,0,-32305,0,0,0,0,0,296185,0
295575,-2068,7904,316,-2,-176,-1216,12307,15,6,-797,-272,36908,119,30,65,0,0,0,0,0,0,0,0,-32305,0,0,0,0,0,296189,0
295580,-2252,7340,438,-25,-162,-1217,12307,-2,-2,-805,-264,36908,126,30,65,0,0,0,0,0,0,0,0,-32306,0,0,0,0,0,296195,0
295585,-2262,7178,424,-21,-153,-1215,12309,3,1,-803,-256,36908,126,30,65,0,0,0,0,0,0,0,0,-32306,0,0,0,0,0,296200,0
295590,-2212,7050,516,-27,-149,-1229,12311,6,0,-808,-256,36913,111,30,65,0,0,0,0,0,0,0,0,-32305,0,0,0,0,0,296206,0
295595,-2058,6994,516,-27,-162,-1240,12313,2,3,-810,-240,36913,111,30,65,0,0,0,0,0,0,0,0,-32305,0,0,0,0,0,296211,0
295600,-1950,7136,656,-16,-161,-1260,12317,14,5,-816,-248,36914,104,30,65,0,0,0,0,0,0,0,0,-32305,0,0,0,0,0,296217,0
295605,-1934,7184,698,-10,-163,-1278,12322,23,5,-826,-256,36914,104,30,65,0,0,0,0,0,0,0,0,-32305,0,0,0,0,0,296222,0
295610,-1940,7210,734,-11,-149,-1287,12325,18,12,-835,-256,36913,105,30,65,0,0,0,0,0,0,0,0,-32305,0,0,0,0,0,296227,0
295615,-1936,7194,740,-9,-148,-1303,12333,35,17,-854,-232,36913,105,30,65,0,0,0,0,0,0,0,0,-32305,0,0,0,0,0,296233,0
295620,-1528,7312,788,-1,-130,-1352,12350,75,32,-903,-208,36909,115,30,65,0,0,0,0,0,0,0,0,-32305,0,0,0,0,0,296238,0
295625,-1396,7468,844,0,-106,-1378,12383,156,80,-1002,-192,36909,115,30,65,0,0,0,0,0,0,0,0,-32305,0,0,0,0,0,296243,0
295630,-1494,7696,884,2,-98,-1397,12424,187,133,-1144,-176,36907,114,30,65,0,0,0,0,0,0,0,0,-32305,0,0,0,0,0,296248,0
295635,-1582,7854,928,-4,-86,-1400,12473,213,155,-1248,-200,36907,114,30,65,0,0,0,0,0,0,0,0,-32305,0,0,0,0,0,296255,0
295640,-1722,7996,926,-3,-69,-1404,12529,253,152,-1342,-184,36913,98,30,65,0,0,0,0,0,0,0,0,-32305,0,0,0,0,0,296260,0
295645,-1692,8062,902,2,-68,-1385,12591,278,134,-1381,464,36913,98,30,65,0,0,0,0,0,0,0,0,-32306,0,0,0,0,0,296265,0
295650,-1464,8148,892,7,-89,-1401,12722,628,195,-329,1296,36916,104,30,65,0,0,0,0,0,0,0,0,-32305,0,0,0,0,0,296271,0
295655,-840,8346,858,14,-101,-1471,12961,1101,503,44,2344,36916,104,30,65,0,0,0,0,0,0,0,0,-32305,0,0,0,0,0,296276,0
295660,548,9194,516,56,-140,-1728,13298,1515,916,71,3152,36913,111,30,65,0,0,0,0,0,0,0,0,-32305,0,0,0,0,0,296282,0
295665,658,9418,358,80,-147,-1854,13724,1911,1269,58,3904,36913,111,30,65,0,0,0,0,0,0,0,0,-32305,0,0,0,0,0,296287,0
295670,576,9602,404,120,-167,-1953,14227,2259,1436,32,4520,36909,126,30,65,0,0,0,0,0,0,0,0,-32305,0,0,0,0,0,296292,0
295675,320,9482,374,129,-207,-2028,14810,2601,1373,-9,5160,36909,126,30,65,0,0,0,0,0,0,0,0,-32305,0,0,0,0,0,296298,0
295680,-266,9238,702,175,-286,-2174,15477,2968,1276,-60,5856,36907,129,30,65,0,0,0,0,0,0,0,0,-32305,0,0,0,0,0,296303,0
295685,-468,9066,732,204,-314,-2239,16233,3365,1266,-104,6584,36907,129,30,65,0,0,0,0,0,0,0,0,-32305,0,0,0,0,0,296309,0
295690,-628,8956,730,220,-345,-2297,17077,3748,1290,-156,7320,36910,118,30,65,0,0,0,0,0,0,0,0,-32305,0,0,0,0,0,296315,0
295695,-556,8878,736,242,-381,-2373,17997,4080,1304,-217,7904,36910,118,30,65,0,0,0,0,0,0,0,0,-32305,0,0,0,0,0,296319,0
295700,-886,8692,670,269,-429,-2500,18991,4402,1283,-297,8568,36911,112,30,65,0,0,0,0,0,0,0,0,-32305,0,0,0,0,0,296325,0
295705,-682,8484,588,285,-438,-2586,20064,4750,1229,-359,9152,36911,112,30,65,0,0,0,0,0,0,0,0,-32305,0,0,0,0,0,296330,0
295710,-436,8292,580,320,-454,-2653,21217,5102,1197,-400,9696,36919,86,30,65,0,0,0,0,0,0,0,0,-32305,0,0,0,0,0,296335,0
295715,-592,8298,632,333,-472,-2723,22431,5361,1161,-486,10096,36919,86,30,65,0,0,0,0,0,0,0,0,-32305,0,0,0,0,0,296341,0
295720,-1076,8232,576,359,-498,-2847,23699,5603,1103,-597,10568,36937,58,30,65,0,0,0,0,0,0,0,0,-32306,0,0,0,0,0,296347,0
295725,-1146,8160,566,372,-501,-2911,25033,5892,1019,-671,11072,36937,58,30,65,0,0,0,0,0,0,0,0,-32305,0,0,0,0,0,296353,0
295730,-1468,8136,712,343,-510,-2965,26417,6115,943,-724,11352,36965,1,30,65,0,0,0,0,0,0,0,0,-32306,0,0,0,0,0,296357,0
295735,-1424,8152,588,354,-502,-3007,27843,6293,860,-835,11664,36965,1,30,65,0,0,0,0,0,0,0,0,-32305,0,0,0,0,0,296363,0
295740,-1852,7790,500,363,-528,-3078,29326,6548,817,-925,12040,37000,-66,30,65,0,0,0,0,0,0,0,0,-32305,0,0,0,0,0,296368,0
295745,-1978,7888,524,368,-543,-3122,30838,6655,759,-1006,12248,37000,-66,30,65,0,0,0,0,0,0,0,0,-32305,0,0,0,0,0,296373,0
295750,-2082,8038,616,354,-559,-3152,32375,6770,644,-1172,12464,37032,-148,30,65,0,0,0,0,0,0,0,0,-32305,0,0,0,0,0,296379,0
295755,-2242,7976,528,382,-568,-3187,33946,6919,566,-1212,12664,37032,-148,30,65,0,0,0,0,0,0,0,0,-32305,0,0,0,0,0,296384,0
295760,-2808,7722,232,406,-605,-3224,35526,6958,463,-1354,12760,37067,-221,30,65,0,0,0,0,0,0,0,0,-32305,0,0,0,0,0,296390,0
295765,-2942,7594,232,423,-634,-3237,37143,7131,386,-1401,13016,37067,-221,30,65,0,0,0,0,0,0,0,0,-32305,0,0,0,0,0,296395,0
295770,-3140,7570,322,431,-658,-3256,38785,7229,398,-1470,13000,37101,-284,30,65,0,0,0,0,0,0,0,0,-32305,0,0,0,0,0,296401,0
295775,-3116,7544,406,433,-678,-3282,40432,7251,364,-1696,13264,37101,-284,30,65,0,0,0,0,0,0,0,0,-32305,0,0,0,0,0,296408,0
295780,-3224,7540,520,447,-726,-3315,42099,7340,327,-1752,13376,37146,-353,30,65,0,0,0,0,0,0,0,0,-32305,0,0,0,0,0,296411,0
295785,-3370,7472,360,455,-745,-3312,43768,7337,263,-1771,13280,37146,-353,30,65,0,0,0,0,0,0,0,0,-32306,0,0,0,0,0,296417,0
295790,-3450,7198,368,477,-773,-3315,45454,7434,186,-1901,13248,37185,-428,30,65,0,0,0,0,0,0,0,0,-32305,0,0,0,0,0,296422,0
295795,-3692,6960,410,474,-812,-3321,47141,7411,166,-1994,13120,37185,-428,30,65,0,0,0,0,0,0,0,0,-32305,0,0,0,0,0,296428,0
295800,-3876,6566,530,495,-875,-3302,48810,7346,88,-2169,13104,37222,-514,30,65,0,0,0,0,0,0,0,0,-32305,0,0,0,0,0,296433,0
295805,-4028,6334,606,494,-923,-3287,50473,7314,0,-2223,12920,37222,-514,30,65,0,0,0,0,0,0,0,0,-32305,0,0,0,0,0,296439,0
295810,-4256,6132,574,531,-945,-3267,52108,7188,-112,-2353,12680,37260,-577,30,65,0,0,0,0,0,0,0,0,-32306,0,0,0,0,0,296444,0
295815,-4482,6094,460,526,-963,-3229,53745,7201,-196,-2416,12608,37260,-577,30,65,0,0,0,0,0,0,0,0,-32305,0,0,0,0,0,296450,0
295820,-4444,5808,634,537,-1049,-3139,55370,7133,-186,-2475,12424,37296,-635,30,65,0,0,0,0,0,0,0,0,-32306,0,0,0,0,0,296455,0
295825,-4344,5784,708,533,-1079,-3088,56963,7003,-205,-2653,12232,37296,-635,30,65,0,0,0,0,0,0,0,0,-32306,0,0,0,0,0,296461,0
295830,-4366,5984,810,526,-1115,-3035,58542,6937,-232,-2673,12024,37326,-682,30,65,0,0,0,0,0,0,0,0,-32306,0,0,0,0,0,296466,0
295835,-4284,6028,822,536,-1154,-2986,60085,6770,-296,-2734,11496,37326,-682,30,65,0,0,0,0,0,0,0,0,-32306,0,0,0,0,0,296473,0
295840,-4384,5840,990,504,-1216,-2835,61605,6680,-377,-2856,11088,37350,-705,30,65,0,0,0,0,0,0,0,0,-32306,0,0,0,0,0,296477,0
295845,-4220,5752,1024,517,-1249,-2746,63088,6510,-410,-2944,10624,37350,-705,30,65,0,0,0,0,0,0,0,0,-32306,0,0,0,0,0,296482,0
295850,-4450,5748,1058,483,-1269,-2642,64510,6226,-500,-3072,10208,37365,-736,31,65,0,0,0,0,0,0,0,0,-32306,0,0,0,0,0,296488,0
295855,-4572,5878,1220,479,-1301,-2520,65887,6033,-613,-3155,9608,37365,-736,31,65,0,0,0,0,0,0,0,0,-32304,0,0,0,0,0,296493,0
295860,-4898,5818,1206,438,-1360,-2227,67201,5747,-714,-3181,9016,37374,-721,30,65,0,0,0,0,0,0,0,0,-32304,0,0,0,0,0,296498,0
295865,-4670,5632,1276,416,-1374,-2064,68445,5442,-847,-3276,8328,37374,-721,30,65,0,0,0,0,0,0,0,0,-32306,0,0,0,0,0,296504,0
295870,-5014,5858,1308,413,-1407,-1908,69639,5218,-905,-3311,7672,37363,-709,30,65,0,0,0,0,0,0,0,0,-32304,0,0,0,0,0,296509,0
295875,-4844,6034,1304,381,-1410,-1740,70769,4949,-919,-3333,7080,37363,-709,30,65,0,0,0,0,0,0,0,0,-32306,0,0,0,0,0,296515,0
295880,-5040,6320,1232,345,-1427,-1429,71822,4605,-955,-3399,6336,37344,-670,30,65,0,0,0,0,0,0,0,0,-32304,0,0,0,0,0,296520,0
295885,-5076,6436,1292,322,-1427,-1242,72798,4251,-1009,-3517,5656,37344,-670,30,65,0,0,0,0,0,0,0,0,-32304,0,0,0,0,0,296526,0
295890,-4920,6232,1438,290,-1436,-1055,73700,3936,-1076,-3565,4872,37314,-612,31,65,0,0,0,0,0,0,0,0,-32306,0,0,0,0,0,296531,0
295895,-5050,6360,1512,261,-1416,-863,74530,3614,-1138,-3552,4104,37314,-612,31,65,0,0,0,0,0,0,0,0,-32306,0,0,0,0,0,296536,0
295900,-5302,6368,1422,203,-1387,-496,75279,3259,-1159,-3616,3352,37278,-535,30,65,0,0,0,0,0,0,0,0,-32306,0,0,0,0,0,296542,0
295905,-5490,6300,1288,191,-1369,-303,75945,2889,-1173,-3691,2648,37278,-535,30,65,0,0,0,0,0,0,0,0,-32306,0,0,0,0,0,296547,0
295910,-5610,6364,1352,163,-1353,-118,76530,2536,-1198,-3674,1800,37232,-429,30,65,0,0,0,0,0,0,0,0,-32304,0,0,0,0,0,296553,0
295915,-5704,6350,1226,133,-1331,62,77039,2202,-1227,-3729,1120,37232,-429,30,65,0,0,0,0,0,0,0,0,-32304,0,0,0,0,0,296558,0
295920,-5794,6312,1382,87,-1297,433,77467,1850,-1231,-3744,304,37174,-304,30,65,0,0,0,0,0,0,0,0,-32306,0,0,0,0,0,296563,0
295925,-5748,6374,1160,61,-1267,642,77813,1483,-1220,-3866,8,37174,-304,30,65,0,0,0,0,0,0,0,0,-32304,0,0,0,0,0,296569,0
295930,-5808,6336,1262,39,-1238,838,78062,1057,-1255,-4030,-264,37116,-182,31,65,0,0,0,0,0,0,0,0,-32305,0,0,0,0,0,296574,0
295935,-5912,6164,1242,11,-1205,1051,78210,613,-1324,-4038,-584,37116,-182,31,65,0,0,0,0,0,0,0,0,-32307,0,0,0,0,0,296580,0
295940,-5840,6226,1274,-26,-1136,1484,78267,219,-1407,-3926,-1296,37048,-41,30,65,0,0,0,0,0,0,0,0,-32306,0,0,0,0,0,296585,0
295945,-5706,6354,1294,-44,-1092,1667,78256,-76,-1416,-3696,-1568,37048,-41,30,65,0,0,0,0,0,0,0,0,-32306,0,0,0,0,0,296591,0
295950,-5460,6606,1284,-61,-1064,1820,78212,-207,-1264,-3671,-1832,36983,104,30,65,0,0,0,0,0,0,0,0,-32306,0,0,0,0,0,296596,0
295955,-5174,6958,1278,-71,-1021,1929,78137,-348,-989,-3661,-2224,36983,104,30,65,0,0,0,0,0,0,0,0,-32306,0,0,0,0,0,296601,0
295960,-4810,7190,1246,-100,-943,2154,78021,-531,-739,-3681,-2672,36917,235,30,65,0,0,0,0,0,0,0,0,-32307,0,0,0,0,0,296607,0
295965,-4604,7088,1180,-105,-899,2284,77859,-734,-603,-3685,-3096,36917,235,30,65,0,0,0,0,0,0,0,0,-32305,0,0,0,0,0,296612,0
295970,-4324,6796,1180,-121,-854,2441,77642,-973,-615,-3723,-3624,36863,343,30,65,0,0,0,0,0,0,0,0,-32303,0,0,0,0,0,296618,0
295975,-3990,6504,1252,-122,-813,2627,77378,-1188,-695,-3722,-4120,36863,343,30,65,0,0,0,0,0,0,0,0,-32304,0,0,0,0,0,296623,0
295980,-3064,6368,1280,-137,-729,3063,77062,-1412,-756,-3638,-4568,36813,410,30,65,0,0,0,0,0,0,0,0,-32306,0,0,0,0,0,296629,0
295985,-2960,6436,1248,-150,-676,3278,76689,-1666,-786,-3616,-5144,36813,410,30,65,0,0,0,0,0,0,0,0,-32304,0,0,0,0,0,296636,0
295990,-2804,6540,1230,-150,-633,3496,76252,-1942,-819,-3584,-5856,36763,500,30,65,0,0,0,0,0,0,0,0,-32306,0,0,0,0,0,296639,0
295995,-2514,6370,1124,-156,-576,3720,75746,-2253,-882,-3569,-6424,36763,500,30,65,0,0,0,0,0,0,0,0,-32304,0,0,0,0,0,296645,0
296000,-2168,6370,1054,-168,-492,4182,75167,-2587,-970,-3538,-7216,36702,614,30,65,0,0,0,0,0,0,0,0,-32303,0,0,0,0,0,296651,0
296005,-1776,6398,1064,-170,-453,4473,74505,-2937,-1061,-3569,-7800,36702,614,30,65,0,0,0,0,0,0,0,0,-32306,0,0,0,0,0,296656,0
296010,-1714,6668,1124,-177,-396,4689,73762,-3302,-1140,-3494,-8496,36634,736,30,65,0,0,0,0,0,0,0,0,-32306,0,0,0,0,0,296661,0
296015,-1830,6382,992,-151,-345,4938,72941,-3649,-1201,-3440,-9280,36634,736,30,65,0,0,0,0,0,0,0,0,-32306,0,0,0,0,0,296667,0
296020,-1206,6316,1050,-161,-259,5500,72050,-3958,-1209,-3362,-9992,36570,854,30,65,0,0,0,0,0,0,0,0,-32306,0,0,0,0,0,296672,0
296025,-690,6318,800,-155,-235,5844,71081,-4304,-1182,-3269,-10584,36570,854,30,65,0,0,0,0,0,0,0,0,-32304,0,0,0,0,0,296677,0
296030,44,6948,850,-151,-194,6180,70025,-4688,-1182,-3262,-11464,36510,959,30,65,0,0,0,0,0,0,0,0,-32304,0,0,0,0,0,296683,0
296035,36,7254,688,-123,-167,6430,68885,-5052,-1217,-3159,-12248,36510,959,30,65,0,0,0,0,0,0,0,0,-32306,0,0,0,0,0,296689,0
296040,882,7098,770,-74,-88,7003,67669,-5379,-1242,-3065,-12936,36454,1056,30,65,0,0,0,0,0,0,0,0,-32304,0,0,0,0,0,296694,0
296045,134,7618,984,-97,-78,7269,66369,-5761,-1256,-2978,-13720,36454,1056,30,65,0,0,0,0,0,0,0,0,-32306,0,0,0,0,0,296699,0
296050,956,7640,702,-47,-45,7621,64967,-6215,-1287,-2913,-14600,36400,1149,31,65,0,0,0,0,0,0,0,0,-32305,0,0,0,0,0,296705,0
296055,1160,7914,590,-75,-2,7904,63477,-6588,-1333,-2874,-15568,36400,1149,31,65,0,0,0,0,0,0,0,0,-32305,0,0,0,0,0,296710,0
296060,-192,8216,738,-20,54,8410,61888,-7051,-1401,-2729,-16352,36355,1222,30,65,0,0,0,0,0,0,0,0,-32304,0,0,0,0,0,296715,0
296065,-428,7890,1000,-11,55,8742,60210,-7405,-1456,-2687,-16720,36355,1222,30,65,0,0,0,0,0,0,0,0,-32305,0,0,0,0,0,296722,0
296070,-66,8374,934,4,77,9058,58472,-7670,-1378,-2490,-17688,36317,1283,31,65,0,0,0,0,0,0,0,0,-32305,0,0,0,0,0,296726,0
296075,726,8332,636,26,58,9288,56646,-8069,-1290,-2386,-18248,36317,1283,31,65,0,0,0,0,0,0,0,0,-32305,0,0,0,0,0,296732,0
296080,640,9106,840,13,90,9690,54748,-8378,-1217,-2340,-18856,36289,1321,30,65,0,0,0,0,0,0,0,0,-32304,0,0,0,0,0,296738,0
296085,-188,9424,708,32,106,9909,52769,-8756,-1174,-2199,-19456,36289,1321,30,65,0,0,0,0,0,0,0,0,-32306,0,0,0,0,0,296743,0
296090,-216,9368,1154,77,84,10126,50745,-8914,-1140,-2150,-19824,36266,1347,30,65,0,0,0,0,0,0,0,0,-32304,0,0,0,0,0,296748,0
296095,-130,9072,900,66,79,10329,48665,-9188,-1054,-1957,-20344,36266,1347,30,65,0,0,0,0,0,0,0,0,-32305,0,0,0,0,0,296755,0
296100,440,9658,760,38,45,10609,46545,-9338,-907,-1784,-20504,36282,1278,31,65,0,0,0,0,0,0,0,0,-32305,0,0,0,0,0,296761,0
296105,814,10110,870,64,36,10716,44360,-9646,-826,-1652,-21256,36282,1278,31,65,0,0,0,0,0,0,0,0,-32304,0,0,0,0,0,296765,0
296110,502,10490,1094,93,32,10786,42158,-9691,-718,-1518,-21288,36314,1198,31,65,0,0,0,0,0,0,0,0,-32304,0,0,0,0,0,296771,0
296115,52,10186,1104,64,31,10890,39913,-9900,-697,-1408,-21352,36314,1198,31,65,0,0,0,0,0,0,0,0,-32305,0,0,0,0,0,296777,0
296120,504,10552,882,6,55,10989,37640,-10019,-576,-1306,-21664,36365,1083,30,65,0,0,0,0,0,0,0,0,-32305,0,0,0,0,0,296781,0
296125,794,10750,1120,-14,55,11029,35337,-10137,-550,-1178,-21752,36365,1083,30,65,0,0,0,0,0,0,0,0,-32305,0,0,0,0,0,296787,0
296130,160,11164,1036,9,53,11041,33032,-10148,-419,-1010,-21688,36418,969,30,65,0,0,0,0,0,0,0,0,-32306,0,0,0,0,0,296792,0
296135,324,10996,936,-49,42,11078,30717,-10174,-354,-895,-21600,36418,969,30,65,0,0,0,0,0,0,0,0,-32305,0,0,0,0,0,296798,0
296140,892,11190,1072,-46,28,11045,28385,-10282,-231,-714,-21664,36477,838,30,65,0,0,0,0,0,0,0,0,-32305,0,0,0,0,0,296803,0
296145,584,11062,1052,-66,14,11006,26068,-10170,-145,-647,-21296,36477,838,30,65,0,0,0,0,0,0,0,0,-32305,0,0,0,0,0,296809,0
296150,716,11246,1194,-87,23,10959,23748,-10205,-77,-483,-21176,36548,683,30,65,0,0,0,0,0,0,0,0,-32305,0,0,0,0,0,296814,0
296155,756,11094,954,-68,20,10905,21448,-10117,21,-371,-20800,36548,683,30,65,0,0,0,0,0,0,0,0,-32305,0,0,0,0,0,296819,0
296160,1104,11090,894,-84,19,10751,19161,-10045,79,-222,-20536,36625,537,30,65,0,0,0,0,0,0,0,0,-32305,0,0,0,0,0,296825,0
296165,1424,10980,970,-84,10,10644,16920,-9846,245,-83,-19928,36625,537,30,65,0,0,0,0,0,0,0,0,-32305,0,0,0,0,0,296830,0
296170,1184,10986,978,-79,3,10532,14708,-9713,322,37,-19464,36699,395,30,65,0,0,0,0,0,0,0,0,-32305,0,0,0,0,0,296836,0
296175,1428,11068,994,-80,-5,10414,12538,-9549,470,174,-18920,36699,395,30,65,0,0,0,0,0,0,0,0,-32305,0,0,0,0,0,296841,0
296180,24118,13572,1504,-100,-15,5838,10516,-8757,683,64,-16424,36766,260,30,65,0,0,0,0,0,0,0,0,-32305,0,0,0,0,0,296847,0
296185,18392,10752,106,-113,513,4232,9267,-6878,1770,-374,-9624,36766,260,30,65,0,0,0,0,0,0,0,0,-32305,0,0,0,0,0,296852,0
296190,-5438,14382,3008,-64,797,3084,8519,-2852,4423,-1106,2064,36795,241,31,65,0,0,0,0,0,0,0,0,-32305,0,0,0,0,0,296857,0
296195,-19512,13222,1520,-7,546,4386,8847,1963,8393,489,8232,36795,241,31,65,0,0,0,0,0,0,0,0,-32304,0,0,0,0,0,296863,0
296200,-13704,5616,1152,-115,640,4278,10004,5331,11863,-842,7656,36831,209,30,65,0,0,0,0,0,0,0,0,-32304,0,0,0,0,0,296868,0
296205,-1906,8256,946,-225,673,3677,11225,5291,11910,-5351,8776,36831,209,30,65,0,0,0,0,0,0,0,0,-32308,0,0,0,0,0,296873,0
296210,8496,14544,2358,-149,452,4099,12264,4574,8301,-2594,8408,36945,-21,30,65,0,0,0,0,0,0,0,0,-32305,0,0,0,0,0,296879,0
296215,-4574,13356,1286,-77,325,2942,13285,4464,3566,-299,8376,36945,-21,30,65,0,0,0,0,0,0,0,0,-32305,0,0,0,0,0,296884,0
296220,-5286,6086,412,105,17,3119,14259,4264,57,-1660,1096,36994,-113,30,65,0,0,0,0,0,0,0,0,-32305,0,0,0,0,0,296890,0
296225,-354,7270,-1434,134,-66,2737,14794,2055,-1937,-7621,-1872,36994,-113,30,65,0,0,0,0,0,0,0,0,-32304,0,0,0,0,0,296895,0
296230,-2334,7844,-86,78,-84,2429,14692,-692,-3645,-7116,-3848,37009,-133,30,65,0,0,0,0,0,0,0,0,-32306,0,0,0,0,0,296901,0
296235,-5236,7900,788,37,-139,2345,14312,-1742,-5378,-2440,-3808,37009,-133,30,65,0,0,0,0,0,0,0,0,-32306,0,0,0,0,0,296906,0
296240,-4238,7862,1510,128,-270,2640,13888,-1863,-5644,-375,-3440,36882,172,30,65,0,0,0,0,0,0,0,0,-32305,0,0,0,0,0,296911,0
296245,-3300,7830,1576,115,-319,2858,13471,-1826,-4195,-103,-3024,36882,172,30,65,0,0,0,0,0,0,0,0,-32305,0,0,0,0,0,296917,0
296250,-2850,6708,142,187,-326,2784,13075,-1736,-1763,5,-2648,36872,176,30,65,0,0,0,0,0,0,0,0,-32305,0,0,0,0,0,296922,0
296255,-1368,6776,478,156,-344,2915,12709,-1602,-209,46,-2192,36872,176,30,65,0,0,0,0,0,0,0,0,-32305,0,0,0,0,0,296928,0
296260,4506,6796,1294,180,-358,1721,12388,-1394,310,74,-1576,36865,191,30,65,0,0,0,0,0,0,0,0,-32305,0,0,0,0,0,296933,0
296265,4658,10170,2784,243,-334,1888,12138,-1061,554,76,-624,36865,191,30,65,0,0,0,0,0,0,0,0,-32305,0,0,0,0,0,296939,0
296270,178,8404,1272,340,-300,1578,12000,-541,868,183,40,36904,133,30,65,0,0,0,0,0,0,0,0,-32305,0,0,0,0,0,296944,0
296275,-656,9218,402,314,-271,1685,12015,140,1310,432,312,36904,133,30,65,0,0,0,0,0,0,0,0,-32305,0,0,0,0,0,296949,0
296280,-392,7596,1268,282,-201,1473,12131,547,1650,172,1008,36912,121,30,65,0,0,0,0,0,0,0,0,-32305,0,0,0,0,0,296955,0
296285,1334,7838,118,361,-148,1335,12303,771,1696,145,1384,36912,121,30,65,0,0,0,0,0,0,0,0,-32306,0,0,0,0,0,296960,0
296290,-658,8706,2798,275,-90,1134,12507,901,1405,153,1512,36909,126,31,65,0,0,0,0,0,0,0,0,-32305,0,0,0,0,0,296966,0
296295,-868,7538,1122,372,-60,1198,12721,948,924,132,1504,36909,126,31,65,0,0,0,0,0,0,0,0,-32305,0,0,0,0,0,296972,0
296300,-810,8366,1320,382,107,1270,12933,936,465,99,1368,36902,121,30,65,0,0,0,0,0,0,0,0,-32305,0,0,0,0,0,296978,0
296305,28,7292,672,394,170,1311,13140,895,194,85,1200,36902,121,30,65,0,0,0,0,0,0,0,0,-32305,0,0,0,0,0,296982,0
296310,-8,6848,280,444,273,1237,13334,846,12,69,1024,36896,133,30,65,0,0,0,0,0,0,0,0,-32305,0,0,0,0,0,296987,0
296315,76,7268,822,442,359,1131,13515,785,-104,50,848,36896,133,30,65,0,0,0,0,0,0,0,0,-32305,0,0,0,0,0,296993,0
296320,-194,7180,750,484,489,949,13676,700,-182,41,600,36899,133,30,65,0,0,0,0,0,0,0,0,-32305,0,0,0,0,0,296998,0
296325,180,6890,660,491,533,944,13815,596,-237,37,320,36899,133,30,65,0,0,0,0,0,0,0,0,-32305,0,0,0,0,0,297004,0
296330,-82,6848,814,489,561,812,13923,455,-305,-27,120,36907,128,30,65,0,0,0,0,0,0,0,0,-32305,0,0,0,0,0,297009,0
296335,-8,6640,920,487,597,687,13991,271,-398,-96,56,36907,128,30,65,0,0,0,0,0,0,0,0,-32305,0,0,0,0,0,297016,0
296340,-778,6276,572,513,607,550,14021,115,-485,-66,8,36907,130,30,65,0,0,0,0,0,0,0,0,-32305,0,0,0,0,0,297020,0
296345,-994,6496,846,499,689,547,14017,-22,-547,2,-32,36907,130,30,65,0,0,0,0,0,0,0,0,-32305,0,0,0,0,0,297025,0
296350,-1150,5766,542,505,675,508,14006,-54,-497,15,-24,36907,115,30,65,0,0,0,0,0,0,0,0,-32305,0,0,0,0,0,297031,0
296355,-950,6004,346,531,713,509,14001,-18,-347,10,8,36907,115,30,65,0,0,0,0,0,0,0,0,-32305,0,0,0,0,0,297036,0
296360,-634,5908,400,511,761,501,14003,6,-147,10,0,36906,113,30,65,0,0,0,0,0,0,0,0,-32305,0,0,0,0,0,297041,0
296365,-248,5858,420,527,787,463,14003,0,-14,15,0,36906,113,30,65,0,0,0,0,0,0,0,0,-32305,0,0,0,0,0,297047,0
296370,126,5784,624,513,834,398,14003,-1,41,14,0,36907,115,30,65,0,0,0,0,0,0,0,0,-32305,0,0,0,0,0,297052,0
296375,426,5884,652,507,894,305,14002,0,21,12,8,36907,115,30,65,0,0,0,0,0,0,0,0,-32304,0,0,0,0,0,297058,0
296380,752,5970,696,488,1042,115,14002,0,-1,11,0,36911,104,30,65,0,0,0,0,0,0,0,0,-32305,0,0,0,0,0,297064,0
296385,798,6008,730,468,1128,40,14003,-4,5,13,0,36911,104,30,65,0,0,0,0,0,0,0,0,-32305,0,0,0,0,0,297070,0
296390,750,5922,690,462,1198,-40,14003,-1,3,12,8,36909,107,30,65,0,0,0,0,0,0,0,0,-32305,0,0,0,0,0,297074,0
296395,908,5942,652,439,1287,-96,14002,-2,-1,14,0,36909,107,30,65,0,0,0,0,0,0,0,0,-32305,0,0,0,0,0,297079,0
296400,1180,5888,508,408,1447,-227,14003,0,0,15,0,36909,95,30,65,0,0,0,0,0,0,0,0,-32305,0,0,0,0,0,297085,0
296405,1326,5984,492,390,1522,-277,14004,6,3,14,0,36909,95,30,65,0,0,0,0,0,0,0,0,-32305,0,0,0,0,0,297090,0
296410,1384,6010,462,376,1590,-334,14004,6,1,13,8,36905,101,31,65,0,0,0,0,0,0,0,0,-32305,0,0,0,0,0,297096,0
296415,1522,6128,466,357,1657,-395,14004,0,5,14,0,36905,101,31,65,0,0,0,0,0,0,0,0,-32305,0,0,0,0,0,297101,0
296420,1600,6356,520,333,1772,-523,14007,9,7,13,0,36906,109,30,65,0,0,0,0,0,0,0,0,-32305,0,0,0,0,0,297106,0
296425,1642,6402,522,315,1822,-583,14006,8,3,13,8,36906,109,30,65,0,0,0,0,0,0,0,0,-32305,0,0,0,0,0,297112,0
296430,1758,6476,478,294,1873,-638,14007,5,0,12,0,36905,111,30,65,0,0,0,0,0,0,0,0,-32305,0,0,0,0,0,297117,0
296435,1790,6518,386,283,1926,-686,14007,14,3,11,0,36905,111,30,65,0,0,0,0,0,0,0,0,-32305,0,0,0,0,0,297122,0
296440,1552,6626,216,262,2014,-732,14010,9,4,13,8,36902,112,30,65,0,0,0,0,0,0,0,0,-32305,0,0,0,0,0,297128,0
296445,1294,6684,168,256,2046,-708,14013,21,11,11,16,36902,112,30,65,0,0,0,0,0,0,0,0,-32305,0,0,0,0,0,297134,0
296450,1112,6698,168,247,2068,-660,14021,28,22,14,16,36910,111,30,65,0,0,0,0,0,0,0,0,-32305,0,0,0,0,0,297139,0
296455,1068,6724,154,237,2083,-586,14031,46,32,11,32,36910,111,30,65,0,0,0,0,0,0,0,0,-32305,0,0,0,0,0,297144,0
296460,1808,6866,96,257,2121,-461,14047,73,40,6,40,36915,121,30,65,0,0,0,0,0,0,0,0,-32305,0,0,0,0,0,297150,0
296465,2388,7042,96,253,2150,-441,14078,141,81,3,72,36915,121,30,65,0,0,0,0,0,0,0,0,-32305,0,0,0,0,0,297155,0
296470,2858,7308,94,257,2180,-467,14114,158,109,8,64,36914,111,30,65,0,0,0,0,0,0,0,0,-32305,0,0,0,0,0,297161,0
296475,3106,7526,110,282,2209,-514,14154,183,124,7,72,36914,111,30,65,0,0,0,0,0,0,0,0,-32305,0,0,0,0,0,297166,0
296480,3100,7880,34,316,2263,-592,14198,190,107,4,96,36912,105,30,65,0,0,0,0,0,0,0,0,-32305,0,0,0,0,0,297172,0
296485,2902,7956,-42,341,2272,-615,14252,237,100,-1,120,36912,105,30,65,0,0,0,0,0,0,0,0,-32305,0,0,0,0,0,297177,0
296490,2858,8018,-148,354,2280,-614,14316,293,68,3,176,36914,108,30,65,0,0,0,0,0,0,0,0,-32305,0,0,0,0,0,297182,0
296495,2898,7978,-222,382,2273,-598,14400,370,120,12,216,36914,108,30,65,0,0,0,0,0,0,0,0,-32305,0,0,0,0,0,297188,0
296500,3088,7994,-180,437,2233,-547,14497,440,163,1,280,36918,117,30,65,0,0,0,0,0,0,0,0,-32305,0,0,0,0,0,297193,0
296505,3244,7982,-154,476,2211,-529,14614,522,235,-1,408,36918,117,30,65,0,0,0,0,0,0,0,0,-32305,0,0,0,0,0,297198,0
296510,3450,8032,-118,518,2193,-511,14749,610,282,7,544,36914,113,30,65,0,0,0,0,0,0,0,0,-32305,0,0,0,0,0,297204,0
296515,3554,8118,-136,562,2176,-505,14907,702,279,0,624,36914,113,30,65,0,0,0,0,0,0,0,0,-32305,0,0,0,0,0,297209,0
296520,3542,8280,-122,659,2123,-508,15078,762,282,-26,728,36910,106,30,65,0,0,0,0,0,0,0,0,-32305,0,0,0,0,0,297215,0
296525,3414,8248,-180,705,2078,-493,15268,841,284,-59,872,36910,106,30,65,0,0,0,0,0,0,0,0,-32305,0,0,0,0,0,297220,0
296530,3402,8282,-174,757,2030,-482,15473,907,264,-67,976,36912,99,30,65,0,0,0,0,0,0,0,0,-32305,0,0,0,0,0,297226,0
296535,3360,8318,-174,804,1976,-469,15693,986,254,-76,1096,36912,99,30,65,0,0,0,0,0,0,0,0,-32305,0,0,0,0,0,297231,0
296540,3426,8196,-86,908,1840,-435,15928,1038,237,-101,1200,36913,99,31,65,0,0,0,0,0,0,0,0,-32305,0,0,0,0,0,297237,0
296545,3496,8216,-42,961,1776,-420,16176,1099,235,-113,1272,36913,99,31,65,0,0,0,0,0,0,0,0,-32305,0,0,0,0,0,297242,0
296550,3530,8246,12,1013,1719,-415,16438,1157,222,-115,1336,36913,98,30,65,0,0,0,0,0,0,0,0,-32305,0,0,0,0,0,297248,0
296555,3530,8340,36,1061,1660,-407,16708,1197,207,-141,1384,36913,98,30,65,0,0,0,0,0,0,0,0,-32305,0,0,0,0,0,297253,0
296560,3434,8622,112,1152,1547,-392,16985,1228,175,-154,1384,36910,109,30,65,0,0,0,0,0,0,0,0,-32305,0,0,0,0,0,297259,0
296565,3510,8800,100,1191,1493,-391,17270,1256,152,-166,1376,36910,109,30,65,0,0,0,0,0,0,0,0,-32305,0,0,0,0,0,297264,0
296570,3522,9020,116,1241,1437,-387,17560,1277,121,-198,1408,36914,96,30,65,0,0,0,0,0,0,0,0,-32305,0,0,0,0,0,297269,0
296575,3450,9208,144,1270,1375,-383,17852,1289,96,-219,1368,36914,96,30,65,0,0,0,0,0,0,0,0,-32305,0,0,0,0,0,297275,0
296580,3368,9794,248,1339,1266,-359,18148,1301,79,-229,1368,36917,103,30,65,0,0,0,0,0,0,0,0,-32305,0,0,0,0,0,297280,0
296585,3370,10028,286,1384,1218,-340,18449,1321,64,-257,1400,36917,103,30,65,0,0,0,0,0,0,0,0,-32306,0,0,0,0,0,297286,0
296590,3370,10212,352,1417,1171,-320,18755,1344,63,-270,1392,36917,100,30,65,0,0,0,0,0,0,0,0,-32305,0,0,0,0,0,297291,0
296595,3176,10238,464,1460,1115,-298,19064,1367,65,-292,1440,36917,100,30,65,0,0,0,0,0,0,0,0,-32305,0,0,0,0,0,297297,0
296600,3408,10782,610,1530,1032,-272,19373,1365,53,-302,1376,36923,100,30,65,0,0,0,0,0,0,0,0,-32305,0,0,0,0,0,297302,0
296605,3260,10882,714,1561,991,-257,19682,1360,39,-327,1344,36923,100,30,65,0,0,0,0,0,0,0,0,-32305,0,0,0,0,0,297307,0
296610,3172,10866,860,1594,951,-240,19990,1354,24,-347,1288,36923,98,30,65,0,0,0,0,0,0,0,0,-32305,0,0,0,0,0,297313,0
296615,3076,10828,932,1624,912,-225,20297,1347,-1,-354,1208,36923,98,30,65,0,0,0,0,0,0,0,0,-32305,0,0,0,0,0,297318,0
296620,2886,10496,1142,1661,840,-183,20597,1321,-20,-381,1120,36927,83,30,65,0,0,0,0,0,0,0,0,-32305,0,0,0,0,0,297324,0
296625,2870,10248,1320,1681,802,-166,20888,1280,-52,-396,1000,36927,83,30,65,0,0,0,0,0,0,0,0,-32305,0,0,0,0,0,297329,0
296630,2846,10096,1402,1687,775,-164,21168,1227,-89,-407,864,36924,90,30,65,0,0,0,0,0,0,0,0,-32305,0,0,0,0,0,297335,0
296635,2796,9862,1566,1692,756,-161,21431,1153,-134,-441,688,36924,90,30,65,0,0,0,0,0,0,0,0,-32305,0,0,0,0,0,297340,0
296640,2728,9424,1720,1693,731,-160,21677,1080,-180,-441,480,36920,87,30,65,0,0,0,0,0,0,0,0,-32305,0,0,0,0,0,297346,0
296645,2674,9158,1760,1680,725,-163,21903,982,-232,-476,328,36920,87,30,65,0,0,0,0,0,0,0,0,-32305,0,0,0,0,0,297351,0
296650,2636,8884,1844,1658,719,-158,22102,865,-279,-520,232,36918,86,30,65,0,0,0,0,0,0,0,0,-32305,0,0,0,0,0,297356,0
296655,2578,8652,1892,1642,716,-153,22277,755,-324,-553,136,36918,86,30,65,0,0,0,0,0,0,0,0,-32305,0,0,0,0,0,297362,0
296660,2498,8196,1972,1585,716,-140,22422,634,-363,-567,88,36920,85,30,65,0,0,0,0,0,0,0,0,-32305,0,0,0,0,0,297367,0
296665,2506,8020,2030,1554,715,-123,22540,509,-398,-588,40,36920,85,30,65,0,0,0,0,0,0,0,0,-32305,0,0,0,0,0,297373,0
296670,2494,7854,2026,1522,725,-105,22630,373,-416,-614,-32,36921,89,30,65,0,0,0,0,0,0,0,0,-32305,0,0,0,0,0,297378,0
296675,2480,7700,2050,1488,730,-70,22693,263,-424,-576,-80,36921,89,30,65,0,0,0,0,0,0,0,0,-32305,0,0,0,0,0,297384,0
296680,2644,7474,2094,1406,745,-18,22736,187,-414,-543,-88,36917,102,30,65,0,0,0,0,0,0,0,0,-32305,0,0,0,0,0,297389,0
296685,2770,7476,2128,1364,766,-2,22751,58,-396,-511,-144,36917,102,30,65,0,0,0,0,0,0,0,0,-32305,0,0,0,0,0,297394,0
296690,2886,7472,2142,1329,783,29,22750,-13,-365,-496,-176,36912,104,30,65,0,0,0,0,0,0,0,0,-32305,0,0,0,0,0,297400,0
296695,2990,7478,2142,1276,806,41,22744,-31,-312,-491,-184,36912,104,30,65,0,0,0,0,0,0,0,0,-32305,0,0,0,0,0,297405,0
296700,3140,7402,2114,1200,865,51,22735,-41,-234,-490,-192,36913,105,30,65,0,0,0,0,0,0,0,0,-32305,0,0,0,0,0,297410,0
296705,3178,7422,2148,1162,888,46,22724,-53,-149,-495,-192,36913,105,30,65,0,0,0,0,0,0,0,0,-32306,0,0,0,0,0,297416,0
296710,3152,7368,2132,1120,906,47,22719,-26,-56,-503,-168,36921,117,30,65,0,0,0,0,0,0,0,0,-32305,0,0,0,0,0,297421,0
296715,3126,7304,2082,1090,932,44,22719,0,6,-505,-152,36921,117,30,65,0,0,0,0,0,0,0,0,-32305,0,0,0,0,0,297427,0
296720,3014,7210,2008,1011,963,51,22719,6,36,-497,-152,36921,122,30,65,0,0,0,0,0,0,0,0,-32305,0,0,0,0,0,297432,0
296725,2950,7130,1950,977,979,59,22721,11,42,-495,-144,36921,122,30,65,0,0,0,0,0,0,0,0,-32305,0,0,0,0,0,297438,0
296730,2914,7090,1918,941,990,68,22720,-1,31,-496,-152,36916,122,30,65,0,0,0,0,0,0,0,0,-32305,0,0,0,0,0,297443,0
296735,2932,7090,1860,904,997,83,22721,0,12,-496,-160,36916,122,30,65,0,0,0,0,0,0,0,0,-32305,0,0,0,0,0,297448,0
296740,3030,7112,1772,834,1016,104,22719,-3,-1,-496,-160,36911,103,30,65,0,0,0,0,0,0,0,0,-32306,0,0,0,0,0,297454,0
296745,3052,7172,1702,801,1030,113,22720,-1,-5,-497,-152,36911,103,30,65,0,0,0,0,0,0,0,0,-32305,0,0,0,0,0,297459,0
296750,3078,7184,1650,771,1041,120,22720,-5,-1,-496,-152,36913,98,30,65,0,0,0,0,0,0,0,0,-32305,0,0,0,0,0,297464,0
296755,3074,7196,1618,740,1050,129,22721,0,2,-495,-152,36913,98,30,65,0,0,0,0,0,0,0,0,-32305,0,0,0,0,0,297470,0
296760,3124,7202,1546,698,1088,152,22720,-1,1,-494,-152,36913,106,30,65,0,0,0,0,0,0,0,0,-32305,0,0,0,0,0,297476,0
296765,3108,7198,1486,661,1107,169,22720,-1,4,-495,-144,36913,106,30,65,0,0,0,0,0,0,0,0,-32305,0,0,0,0,0,297481,0
296770,3148,7210,1412,651,1126,183,22720,1,-1,-495,-152,36910,115,30,65,0,0,0,0,0,0,0,0,-32305,0,0,0,0,0,297486,0
296775,3168,7220,1346,624,1156,200,22722,1,2,-496,-152,36910,115,30,65,0,0,0,0,0,0,0,0,-32305,0,0,0,0,0,297492,0
296780,3136,7250,1242,601,1194,216,22721,6,4,-498,-152,36909,124,30,65,0,0,0,0,0,0,0,0,-32305,0,0,0,0,0,297497,0
296785,3088,7248,1194,595,1212,225,22720,2,1,-498,-152,36909,124,30,65,0,0,0,0,0,0,0,0,-32305,0,0,0,0,0,297502,0
296790,3024,7268,1110,585,1219,230,22720,-2,-2,-497,-152,36914,120,30,65,0,0,0,0,0,0,0,0,-32305,0,0,0,0,0,297508,0
296795,2972,7260,1068,584,1234,233,22719,-4,-2,-493,-160,36914,120,30,65,0,0,0,0,0,0,0,0,-32305,0,0,0,0,0,297514,0
296800,2888,7254,944,577,1251,250,22719,-2,5,-495,-152,36915,121,30,65,0,0,0,0,0,0,0,0,-32305,0,0,0,0,0,297519,0
296805,2854,7252,906,580,1256,243,22720,-1,-3,-496,-152,36915,121,30,65,0,0,0,0,0,0,0,0,-32305,0,0,0,0,0,297524,0
296810,2840,7282,848,581,1259,246,22720,2,2,-493,-160,36916,125,30,65,0,0,0,0,0,0,0,0,-32305,0,0,0,0,0,297530,0
296815,2820,7260,810,579,1267,245,22720,0,4,-496,-152,36916,125,30,65,0,0,0,0,0,0,0,0,-32306,0,0,0,0,0,297535,0
296820,2784,7184,730,595,1270,233,22721,2,-1,-495,-160,36912,120,30,65,0,0,0,0,0,0,0,0,-32305,0,0,0,0,0,297540,0
296825,2752,7128,714,606,1278,224,22719,0,0,-494,-160,36912,120,30,65,0,0,0,0,0,0,0,0,-32305,0,0,0,0,0,297546,0
296830,2720,7100,694,614,1286,217,22719,-1,0,-496,-160,36915,120,30,65,0,0,0,0,0,0,0,0,-32306,0,0,0,0,0,297551,0
296835,2730,7100,652,628,1293,204,22720,-4,-2,-496,-168,36915,120,30,65,0,0,0,0,0,0,0,0,-32305,0,0,0,0,0,297556,0
296840,2736,7090,588,651,1325,179,22720,0,3,-496,-168,36911,117,30,65,0,0,0,0,0,0,0,0,-32306,0,0,0,0,0,297562,0
296845,2760,7078,588,664,1336,164,22719,-1,5,-496,-168,36911,117,30,65,0,0,0,0,0,0,0,0,-32305,0,0,0,0,0,297568,0
296850,2754,7070,544,682,1350,139,22719,-3,-1,-495,-160,36910,122,30,65,0,0,0,0,0,0,0,0,-32305,0,0,0,0,0,297573,0
296855,2758,7030,504,690,1373,119,22719,-3,-5,-497,-160,36910,122,30,65,0,0,0,0,0,0,0,0,-32306,0,0,0,0,0,297578,0
296860,2748,7054,486,713,1412,74,22720,-1,1,-497,-160,36906,126,30,65,0,0,0,0,0,0,0,0,-32305,0,0,0,0,0,297584,0
296865,2766,7060,462,724,1435,56,22720,7,5,-497,-144,36906,126,30,65,0,0,0,0,0,0,0,0,-32305,0,0,0,0,0,297589,0
296870,2770,7104,426,740,1458,30,22720,4,3,-495,-152,36908,120,30,65,0,0,0,0,0,0,0,0,-32305,0,0,0,0,0,297594,0
296875,2820,7120,416,753,1481,4,22718,0,-1,-494,-160,36908,120,30,65,0,0,0,0,0,0,0,0,-32305,0,0,0,0,0,297600,0
296880,2856,7186,402,775,1541,-35,22719,-3,0,-496,-160,36910,113,30,65,0,0,0,0,0,0,0,0,-32305,0,0,0,0,0,297605,0
296885,2866,7260,372,784,1574,-57,22719,3,2,-498,-160,36910,113,30,65,0,0,0,0,0,0,0,0,-32305,0,0,0,0,0,297610,0
296890,2832,7276,364,796,1607,-80,22719,-4,-1,-497,-152,36909,111,30,65,0,0,0,0,0,0,0,0,-32305,0,0,0,0,0,297616,0
296895,2822,7286,362,805,1640,-94,22720,0,0,-497,-152,36909,111,30,65,0,0,0,0,0,0,0,0,-32305,0,0,0,0,0,297621,0
296900,2838,7368,336,821,1709,-117,22720,0,-2,-497,-152,36906,113,30,65,0,0,0,0,0,0,0,0,-32305,0,0,0,0,0,297627,0
296905,2894,7424,316,825,1741,-131,22719,-1,-1,-496,-152,36906,113,30,65,0,0,0,0,0,0,0,0,-32305,0,0,0,0,0,297632,0
296910,2918,7456,310,832,1780,-144,22719,2,-6,-495,-152,36907,103,30,65,0,0,0,0,0,0,0,0,-32305,0,0,0,0,0,297638,0
296915,2958,7500,304,848,1820,-154,22719,0,-3,-495,-152,36907,103,30,65,0,0,0,0,0,0,0,0,-32305,0,0,0,0,0,297643,0
296920,3034,7632,274,847,1913,-174,22719,-3,0,-494,-160,36913,110,30,65,0,0,0,0,0,0,0,0,-32305,0,0,0,0,0,297648,0
296925,3042,7628,296,852,1953,-175,22720,-3,-2,-495,-152,36913,110,30,65,0,0,0,0,0,0,0,0,-32305,0,0,0,0,0,297654,0
296930,3066,7674,296,855,1999,-174,22719,0,0,-497,-160,36914,115,30,65,0,0,0,0,0,0,0,0,-32305,0,0,0,0,0,297660,0
296935,3106,7704,286,851,2049,-179,22720,1,-1,-496,-160,36914,115,30,65,0,0,0,0,0,0,0,0,-32305,0,0,0,0,0,297665,0
296940,3148,7812,272,858,2166,-178,22720,3,2,-498,-144,36914,129,30,65,0,0,0,0,0,0,0,0,-32305,0,0,0,0,0,297670,0
296945,3184,7858,282,857,2221,-180,22720,7,3,-496,-152,36914,129,30,65,0,0,0,0,0,0,0,0,-32305,0,0,0,0,0,297676,0
296950,3178,7866,276,860,2292,-178,22720,0,2,-497,-152,36911,122,30,65,0,0,0,0,0,0,0,0,-32305,0,0,0,0,0,297681,0
296955,3164,7858,276,862,2353,-176,22720,0,-3,-494,-160,36911,122,30,65,0,0,0,0,0,0,0,0,-32305,0,0,0,0,0,297687,0
296960,3216,7802,268,867,2496,-176,22719,-2,-1,-497,-152,36916,110,30,65,0,0,0,0,0,0,0,0,-32305,0,0,0,0,0,297692,0
296965,3240,7734,252,885,2575,-181,22720,-1,-3,-496,-152,36916,110,30,65,0,0,0,0,0,0,0,0,-32305,0,0,0,0,0,297698,0
296970,3266,7632,230,889,2648,-181,22719,0,-3,-494,-160,36916,108,30,65,0,0,0,0,0,0,0,0,-32305,0,0,0,0,0,297703,0
296975,3298,7586,218,896,2720,-184,22719,-4,2,-495,-160,36916,108,30,65,0,0,0,0,0,0,0,0,-32305,0,0,0,0,0,297708,0
296980,3310,7442,192,914,2859,-179,22720,0,-4,-496,-160,36913,118,30,65,0,0,0,0,0,0,0,0,-32305,0,0,0,0,0,297714,0
296985,3300,7392,184,931,2919,-178,22720,5,2,-498,-152,36913,118,30,65,0,0,0,0,0,0,0,0,-32305,0,0,0,0,0,297719,0
296990,3276,7318,164,941,2987,-171,22719,-2,2,-498,-152,36907,105,31,65,0,0,0,0,0,0,0,0,-32305,0,0,0,0,0,297725,0
296995,3312,7282,152,960,3046,-162,22718,-5,0,-495,-160,36907,105,31,65,0,0,0,0,0,0,0,0,-32305,0,0,0,0,0,297730,0
297000,3290,7260,132,982,3148,-144,22720,-1,0,-496,-144,36907,100,30,65,0,0,0,0,0,0,0,0,-32305,0,0,0,0,0,297735,0
297005,3246,7240,112,992,3186,-130,22720,-3,-2,-496,-152,36907,100,30,65,0,0,0,0,0,0,0,0,-32305,0,0,0,0,0,297741,0
297010,3142,7264,100,1009,3229,-111,22720,-5,3,-495,-152,36913,98,30,65,0,0,0,0,0,0,0,0,-32305,0,0,0,0,0,297746,0
297015,3084,7288,104,1021,3248,-102,22720,3,0,-494,-152,36913,98,30,65,0,0,0,0,0,0,0,0,-32305,0,0,0,0,0,297752,0
297020,2958,7320,96,1048,3285,-72,22720,1,1,-494,-160,36911,111,30,65,0,0,0,0,0,0,0,0,-32305,0,0,0,0,0,297757,0
297025,2910,7334,80,1061,3291,-63,22719,-1,2,-495,-160,36911,111,30,65,0,0,0,0,0,0,0,0,-32305,0,0,0,0,0,297763,0
297030,2882,7298,76,1075,3296,-58,22720,1,2,-497,-160,36906,117,31,65,0,0,0,0,0,0,0,0,-32306,0,0,0,0,0,297768,0
297035,2832,7292,98,1084,3304,-47,22720,0,0,-495,-160,36906,117,31,65,0,0,0,0,0,0,0,0,-32305,0,0,0,0,0,297773,0
297040,2834,7252,120,1108,3310,-32,22720,0,2,-496,-168,36907,101,30,65,0,0,0,0,0,0,0,0,-32305,0,0,0,0,0,297779,0
297045,2820,7298,162,1126,3319,-22,22720,0,0,-496,-160,36907,101,30,65,0,0,0,0,0,0,0,0,-32305,0,0,0,0,0,297785,0
297050,2850,7338,192,1126,3332,-18,22719,-4,1,-497,-152,36907,92,30,65,0,0,0,0,0,0,0,0,-32305,0,0,0,0,0,297790,0
297055,2880,7422,202,1139,3346,-7,22720,-1,-2,-497,-152,36907,92,30,65,0,0,0,0,0,0,0,0,-32305,0,0,0,0,0,297795,0
297060,2922,7630,254,1152,3390,-3,22719,-3,0,-494,-152,36911,105,30,65,0,0,0,0,0,0,0,0,-32306,0,0,0,0,0,297801,0
297065,2916,7660,284,1164,3417,6,22719,-5,-1,-493,-152,36911,105,30,65,0,0,0,0,0,0,0,0,-32305,0,0,0,0,0,297806,0
297070,2852,7708,290,1171,3446,7,22720,0,0,-497,-152,36906,114,30,65,0,0,0,0,0,0,0,0,-32305,0,0,0,0,0,297811,0
297075,2848,7720,318,1182,3473,14,22720,4,2,-496,-152,36906,114,30,65,0,0,0,0,0,0,0,0,-32305,0,0,0,0,0,297817,0
297080,2910,7824,350,1189,3528,28,22720,2,5,-495,-160,36907,111,31,65,0,0,0,0,0,0,0,0,-32305,0,0,0,0,0,297822,0
297085,2912,7868,364,1194,3565,29,22720,2,3,-498,-152,36907,111,31,65,0,0,0,0,0,0,0,0,-32305,0,0,0,0,0,297827,0
297090,2920,7912,370,1193,3596,35,22719,-2,-2,-497,-152,36911,104,31,65,0,0,0,0,0,0,0,0,-32305,0,0,0,0,0,297833,0
297095,2916,7924,400,1204,3629,32,22719,0,0,-496,-160,36911,104,31,65,0,0,0,0,0,0,0,0,-32305,0,0,0,0,0,297839,0
297100,2936,7952,432,1204,3687,45,22720,1,0,-496,-144,36913,114,31,65,0,0,0,0,0,0,0,0,-32305,0,0,0,0,0,297845,0
297105,2910,8010,462,1201,3718,55,22720,4,3,-495,-152,36913,114,31,65,0,0,0,0,0,0,0,0,-32306,0,0,0,0,0,297850,0
297110,2918,8030,460,1197,3749,61,22719,0,4,-494,-144,36910,110,30,65,0,0,0,0,0,0,0,0,-32305,0,0,0,0,0,297856,0
297115,2930,8068,456,1197,3772,63,22720,0,-3,-491,-160,36910,110,30,65,0,0,0,0,0,0,0,0,-32305,0,0,0,0,0,297862,0
297120,2846,8020,458,1193,3818,82,22719,0,-1,-493,-160,36910,109,30,65,0,0,0,0,0,0,0,0,-32305,0,0,0,0,0,297867,0
297125,2784,7986,496,1189,3832,88,22721,3,3,-496,-152,36910,109,30,65,0,0,0,0,0,0,0,0,-32305,0,0,0,0,0,297872,0
297130,2766,8002,480,1183,3851,93,22720,2,0,-497,-160,36914,103,30,65,0,0,0,0,0,0,0,0,-32305,0,0,0,0,0,297878,0
297135,2744,7958,510,1180,3860,104,22720,5,1,-497,-152,36914,103,30,65,0,0,0,0,0,0,0,0,-32305,0,0,0,0,0,297883,0
297140,2702,7914,514,1167,3867,114,22719,-1,-1,-496,-160,36917,100,30,65,0,0,0,0,0,0,0,0,-32305,0,0,0,0,0,297889,0
297145,2720,7890,518,1162,3880,118,22720,3,2,-497,-152,36917,100,30,65,0,0,0,0,0,0,0,0,-32305,0,0,0,0,0,297894,0
297150,2682,7850,524,1153,3882,121,22720,-2,1,-496,-144,36912,113,30,65,0,0,0,0,0,0,0,0,-32305,0,0,0,0,0,297899,0
297155,2652,7880,496,1144,3882,128,22719,-4,2,-496,-152,36912,113,30,65,0,0,0,0,0,0,0,0,-32305,0,0,0,0,0,297905,0
297160,2616,7912,500,1134,3881,135,22720,-1,-2,-494,-152,36910,117,30,65,0,0,0,0,0,0,0,0,-32305,0,0,0,0,0,297911,0
297165,2610,7958,488,1126,3879,148,22719,-1,-2,-491,-160,36910,117,30,65,0,0,0,0,0,0,0,0,-32305,0,0,0,0,0,297916,0
297170,2566,7968,500,1119,3872,156,22720,3,2,-494,-160,36910,114,30,65,0,0,0,0,0,0,0,0,-32305,0,0,0,0,0,297921,0
297175,2536,7980,500,1114,3873,163,22720,-2,-1,-495,-160,36910,114,30,65,0,0,0,0,0,0,0,0,-32305,0,0,0,0,0,297927,0
297180,2528,8048,480,1106,3861,179,22720,-2,-1,-494,-168,36914,107,30,65,0,0,0,0,0,0,0,0,-32305,0,0,0,0,0,297932,0
297185,2454,8106,498,1109,3851,185,22720,6,-3,-496,-168,36914,107,30,65,0,0,0,0,0,0,0,0,-32305,0,0,0,0,0,297937,0
297190,2444,8138,510,1107,3842,193,22720,-5,3,-497,-160,36917,106,30,65,0,0,0,0,0,0,0,0,-32305,0,0,0,0,0,297943,0
297195,2390,8168,510,1108,3825,196,22720,0,0,-498,-160,36917,106,30,65,0,0,0,0,0,0,0,0,-32305,0,0,0,0,0,297948,0
297200,2338,8192,480,1108,3790,215,22719,-3,0,-498,-144,36914,109,30,65,0,0,0,0,0,0,0,0,-32305,0,0,0,0,0,297953,0
297205,2352,8222,510,1116,3768,227,22720,1,-1,-496,-152,36914,109,30,65,0,0,0,0,0,0,0,0,-32306,0,0,0,0,0,297959,0
297210,2336,8260,536,1118,3751,234,22719,0,-2,-496,-152,36913,104,30,65,0,0,0,0,0,0,0,0,-32306,0,0,0,0,0,297965,0
297215,2332,8250,540,1122,3729,244,22721,2,4,-496,-152,36913,104,30,65,0,0,0,0,0,0,0,0,-32305,0,0,0,0,0,297970,0
297220,2288,8248,562,1136,3695,254,22720,0,3,-494,-160,36913,105,30,65,0,0,0,0,0,0,0,0,-32305,0,0,0,0,0,297975,0
297225,2256,8274,584,1138,3678,258,22719,-3,-4,-493,-152,36913,105,30,65,0,0,0,0,0,0,0,0,-32305,0,0,0,0,0,297981,0
297230,2218,8262,576,1144,3664,263,22719,0,-2,-494,-152,36911,111,31,65,0,0,0,0,0,0,0,0,-32305,0,0,0,0,0,297986,0
297235,2120,8250,572,1143,3647,269,22721,4,5,-496,-160,36911,111,31,65,0,0,0,0,0,0,0,0,-32305,0,0,0,0,0,297991,0
297240,2048,8226,606,1155,3607,267,22719,1,-2,-495,-160,36909,112,30,65,0,0,0,0,0,0,0,0,-32305,0,0,0,0,0,297997,0
297245,2038,8190,630,1158,3594,266,22720,-1,0,-495,-160,36909,112,30,65,0,0,0,0,0,0,0,0,-32305,0,0,0,0,0,298002,0
297250,1988,8188,642,1158,3579,261,22720,1,6,-496,-160,36906,108,30,65,0,0,0,0,0,0,0,0,-32305,0,0,0,0,0,298008,0
297255,1972,8184,686,1162,3565,257,22719,0,-2,-495,-160,36906,108,30,65,0,0,0,0,0,0,0,0,-32305,0,0,0,0,0,298013,0
297260,1906,8170,724,1158,3545,234,22719,-3,-1,-495,-160,36913,96,30,65,0,0,0,0,0,0,0,0,-32305,0,0,0,0,0,298019,0
297265,1874,8144,758,1159,3539,222,22719,-1,2,-494,-160,36913,96,30,65,0,0,0,0,0,0,0,0,-32305,0,0,0,0,0,298024,0
297270,1850,8124,784,1157,3529,213,22718,-1,-3,-493,-168,36914,100,30,65,0,0,0,0,0,0,0,0,-32305,0,0,0,0,0,298030,0
297275,1768,8122,794,1157,3516,201,22718,-3,-1,-494,-160,36914,100,30,65,0,0,0,0,0,0,0,0,-32305,0,0,0,0,0,298035,0
297280,1676,8206,852,1145,3492,169,22716,-10,-4,-498,-160,36912,109,30,65,0,0,0,0,0,0,0,0,-32305,0,0,0,0,0,298041,0
297285,1640,8204,860,1143,3479,155,22715,-9,-4,-494,-168,36912,109,30,65,0,0,0,0,0,0,0,0,-32305,0,0,0,0,0,298046,0
297290,1628,8206,886,1131,3459,142,22716,4,0,-495,-168,36908,109,30,65,0,0,0,0,0,0,0,0,-32305,0,0,0,0,0,298051,0
297295,1574,8172,912,1122,3445,124,22716,1,-2,-496,-160,36908,109,30,65,0,0,0,0,0,0,0,0,-32305,0,0,0,0,0,298057,0
297300,1466,8058,922,1105,3414,93,22715,-2,3,-495,-160,36910,115,30,65,0,0,0,0,0,0,0,0,-32305,0,0,0,0,0,298062,0
297305,1384,7974,912,1085,3396,80,22715,0,0,-494,-168,36910,115,30,65,0,0,0,0,0,0,0,0,-32305,0,0,0,0,0,298068,0
297310,1342,7902,958,1070,3378,64,22715,6,-2,-492,-168,36916,119,31,65,0,0,0,0,0,0,0,0,-32305,0,0,0,0,0,298073,0
297315,1300,7796,944,1054,3362,50,22713,-5,-4,-494,-160,36916,119,31,65,0,0,0,0,0,0,0,0,-32305,0,0,0,0,0,298078,0
297320,1246,7566,928,1024,3339,16,22713,-2,-1,-493,-168,36912,113,30,65,0,0,0,0,0,0,0,0,-32305,0,0,0,0,0,298084,0
297325,1262,7466,946,1006,3328,-1,22711,-4,-4,-496,-176,36912,113,30,65,0,0,0,0,0,0,0,0,-32305,0,0,0,0,0,298089,0
297330,1290,7326,948,989,3327,-30,22707,-10,-10,-499,-168,36910,109,30,65,0,0,0,0,0,0,0,0,-32305,0,0,0,0,0,298094,0
297335,1302,7226,922,965,3330,-66,22705,-16,-11,-498,-176,36910,109,30,65,0,0,0,0,0,0,0,0,-32305,0,0,0,0,0,298100,0
297340,1364,6990,896,922,3344,-135,22703,-20,-6,-494,-168,36913,116,30,65,0,0,0,0,0,0,0,0,-32305,0,0,0,0,0,298105,0
297345,1370,6900,886,906,3355,-171,22700,-20,-10,-496,-176,36913,116,30,65,0,0,0,0,0,0,0,0,-32305,0,0,0,0,0,298111,0
297350,1362,6780,848,889,3370,-216,22699,-15,-5,-493,-176,36914,113,30,65,0,0,0,0,0,0,0,0,-32305,0,0,0,0,0,298116,0
297355,1400,6728,828,866,3384,-259,22696,-18,-4,-493,-176,36914,113,30,65,0,0,0,0,0,0,0,0,-32305,0,0,0,0,0,298121,0
297360,1408,6556,738,817,3432,-342,22689,-27,-13,-489,-192,36913,119,30,65,0,0,0,0,0,0,0,0,-32305,0,0,0,0,0,298127,0
297365,1386,6470,700,806,3454,-389,22677,-58,-31,-484,-232,36913,119,30,65,0,0,0,0,0,0,0,0,-32305,0,0,0,0,0,298132,0
297370,1420,6378,680,786,3484,-418,22652,-121,-65,-467,-296,36905,113,30,65,0,0,0,0,0,0,0,0,-32305,0,0,0,0,0,298137,0
297375,1364,6296,630,759,3506,-450,22620,-140,-101,-479,-304,36905,113,30,65,0,0,0,0,0,0,0,0,-32305,0,0,0,0,0,298143,0
297380,1336,6126,546,713,3554,-482,22578,-188,-135,-476,-360,36906,102,31,65,0,0,0,0,0,0,0,0,-32305,0,0,0,0,0,298148,0
297385,1408,6064,506,700,3581,-489,22532,-202,-128,-482,-384,36906,102,31,65,0,0,0,0,0,0,0,0,-32305,0,0,0,0,0,298154,0
297390,1496,6062,474,686,3606,-509,22481,-222,-112,-477,-392,36909,110,30,65,0,0,0,0,0,0,0,0,-32305,0,0,0,0,0,298159,0
297395,1566,6006,392,663,3634,-523,22427,-233,-79,-473,-416,36909,110,30,65,0,0,0,0,0,0,0,0,-32304,0,0,0,0,0,298165,0
297400,1848,6068,282,626,3698,-573,22373,-236,-59,-475,-400,36909,110,31,65,0,0,0,0,0,0,0,0,-32304,0,0,0,0,0,298170,0
297405,1922,6108,204,612,3734,-594,22320,-237,-30,-482,-368,36909,110,31,65,0,0,0,0,0,0,0,0,-32305,0,0,0,0,0,298176,0
297410,1988,6206,174,588,3772,-630,22269,-219,-7,-463,-376,36910,114,30,65,0,0,0,0,0,0,0,0,-32305,0,0,0,0,0,298181,0
297415,1984,6204,82,576,3811,-653,22218,-219,1,-468,-336,36910,114,30,65,0,0,0,0,0,0,0,0,-32304,0,0,0,0,0,298186,0
297420,2010,6366,6,541,3878,-697,22171,-211,24,-468,-320,36908,125,30,65,0,0,0,0,0,0,0,0,-32305,0,0,0,0,0,298192,0
297425,2006,6410,-90,523,3923,-711,22126,-196,27,-457,-328,36908,125,30,65,0,0,0,0,0,0,0,0,-32305,0,0,0,0,0,298197,0
297430,2124,6530,-128,501,3966,-722,22092,-152,47,-463,-264,36915,119,30,65,0,0,0,0,0,0,0,0,-32305,0,0,0,0,0,298203,0
297435,2102,6626,-212,499,4009,-734,22061,-130,66,-452,-232,36915,119,30,65,0,0,0,0,0,0,0,0,-32305,0,0,0,0,0,298208,0
297440,2278,6958,-290,468,4106,-759,22043,-74,99,-466,-192,36918,133,30,65,0,0,0,0,0,0,0,0,-32305,0,0,0,0,0,298214,0
297445,2328,7134,-324,456,4147,-772,22033,-35,123,-466,-168,36918,133,30,65,0,0,0,0,0,0,0,0,-32305,0,0,0,0,0,298219,0
297450,2374,7286,-402,439,4196,-783,22028,-22,128,-459,-152,36918,131,30,65,0,0,0,0,0,0,0,0,-32305,0,0,0,0,0,298224,0
297455,2340,7460,-432,425,4257,-787,22025,-20,107,-459,-144,36918,131,30,65,0,0,0,0,0,0,0,0,-32305,0,0,0,0,0,298230,0
297460,2270,7698,-572,405,4358,-768,22023,-10,75,-455,-144,36916,131,30,65,0,0,0,0,0,0,0,0,-32305,0,0,0,0,0,298235,0
297465,2248,7830,-602,407,4404,-744,22022,4,35,-455,-144,36916,131,30,65,0,0,0,0,0,0,0,0,-32305,0,0,0,0,0,298241,0
297470,2246,7946,-668,398,4450,-711,22023,6,25,-455,-144,36919,129,30,65,0,0,0,0,0,0,0,0,-32305,0,0,0,0,0,298246,0
297475,2262,8078,-706,397,4492,-676,22022,3,21,-456,-136,36919,129,30,65,0,0,0,0,0,0,0,0,-32305,0,0,0,0,0,298252,0
297480,2228,8354,-782,410,4568,-589,22023,2,13,-455,-136,36934,122,30,65,0,0,0,0,0,0,0,0,-32305,0,0,0,0,0,298257,0
297485,2210,8462,-840,412,4598,-545,22021,-3,4,-455,-144,36934,122,30,65,0,0,0,0,0,0,0,0,-32305,0,0,0,0,0,298262,0
297490,2198,8624,-906,434,4637,-498,22021,-3,-3,-455,-144,36945,123,30,65,0,0,0,0,0,0,0,0,-32305,0,0,0,0,0,298268,0
297495,2146,8684,-958,446,4664,-456,22022,0,0,-454,-144,36945,123,30,65,0,0,0,0,0,0,0,0,-32305,0,0,0,0,0,298273,0
297500,2174,8850,-1028,492,4715,-376,22023,9,-1,-456,-144,36940,123,31,65,0,0,0,0,0,0,0,0,-32305,0,0,0,0,0,298279,0
297505,2208,9032,-1104,509,4751,-339,22022,0,4,-455,-144,36940,123,31,65,0,0,0,0,0,0,0,0,-32305,0,0,0,0,0,298284,0
297510,2206,9114,-1138,536,4791,-301,22022,0,-1,-454,-144,36925,115,30,65,0,0,0,0,0,0,0,0,-32306,0,0,0,0,0,298290,0
297515,2096,9176,-1158,571,4829,-269,22022,-3,-4,-455,-144,36925,115,30,65,0,0,0,0,0,0,0,0,-32305,0,0,0,0,0,298295,0
297520,1962,9174,-1250,652,4898,-192,22021,-2,4,-455,-152,36915,124,30,65,0,0,0,0,0,0,0,0,-32305,0,0,0,0,0,298300,0
297525,1978,9186,-1260,696,4942,-151,22021,-2,-2,-455,-144,36915,124,30,65,0,0,0,0,0,0,0,0,-32305,0,0,0,0,0,298306,0
297530,1944,9190,-1284,740,4977,-117,22023,2,-1,-456,-144,36914,115,30,65,0,0,0,0,0,0,0,0,-32305,0,0,0,0,0,298311,0
297535,1898,9220,-1274,787,5010,-86,22022,1,1,-454,-144,36914,115,30,65,0,0,0,0,0,0,0,0,-32305,0,0,0,0,0,298317,0
297540,1916,10954,-402,848,5073,18,22021,0,3,-455,-152,36913,113,31,65,0,0,0,0,0,0,0,0,-32305,0,0,0,0,0,298322,0
297545,1390,10860,1212,782,5105,9,22021,-4,-5,-455,-152,36913,113,31,65,0,0,0,0,0,0,0,0,-32305,0,0,0,0,0,298328,0
297550,2236,11256,1572,803,5124,86,22018,-12,-6,-455,-144,36916,106,30,65,0,0,0,0,0,0,0,0,-32305,0,0,0,0,0,298333,0
297555,2292,10916,2022,796,5196,78,22015,-19,-14,-454,-144,36916,106,30,65,0,0,0,0,0,0,0,0,-32305,0,0,0,0,0,298339,0
297560,1720,11436,2610,696,5238,165,22011,-12,-22,-456,-144,36918,101,30,65,0,0,0,0,0,0,0,0,-32305,0,0,0,0,0,298344,0
297565,1308,10616,2928,610,5213,168,22008,-5,-10,-454,-136,36918,101,30,65,0,0,0,0,0,0,0,0,-32306,0,0,0,0,0,298349,0
297570,1136,10176,3128,560,5191,176,22007,-4,1,-454,-144,36916,113,30,65,0,0,0,0,0,0,0,0,-32305,0,0,0,0,0,298355,0
297575,880,9782,3202,521,5180,189,22008,-3,10,-456,-144,36916,113,30,65,0,0,0,0,0,0,0,0,-32305,0,0,0,0,0,298361,0
297580,882,8644,2536,426,5172,185,22007,-5,18,-454,-144,36910,103,30,65,0,0,0,0,0,0,0,0,-32306,0,0,0,0,0,298366,0
297585,714,8046,2276,395,5163,161,22009,5,10,-454,-144,36910,103,30,65,0,0,0,0,0,0,0,0,-32306,0,0,0,0,0,298373,0
297590,624,7608,2210,372,5133,142,22007,-5,0,-455,-144,36902,110,30,65,0,0,0,0,0,0,0,0,-32306,0,0,0,0,0,298379,0
297595,662,7180,1966,363,5111,124,22006,-8,1,-453,-144,36902,110,30,65,0,0,0,0,0,0,0,0,-32305,0,0,0,0,0,298384,0
297600,866,6818,1752,340,5107,48,22003,-20,-8,-454,-144,36903,96,31,65,0,0,0,0,0,0,0,0,-32305,0,0,0,0,0,298389,0
297605,934,6768,1714,327,5110,6,22000,-15,-7,-453,-144,36903,96,31,65,0,0,0,0,0,0,0,0,-32305,0,0,0,0,0,298396,0
297610,984,6834,1878,312,5122,-39,21998,-15,-6,-453,-144,36911,110,30,65,0,0,0,0,0,0,0,0,-32305,0,0,0,0,0,298400,0
297615,994,6906,2096,296,5138,-90,21997,-5,-1,-454,-144,36911,110,30,65,0,0,0,0,0,0,0,0,-32305,0,0,0,0,0,298406,0
297620,990,6984,2506,250,5163,-183,21997,-7,6,-452,-152,36910,111,30,65,0,0,0,0,0,0,0,0,-32305,0,0,0,0,0,298411,0
297625,972,7036,2678,220,5187,-213,21997,-3,13,-454,-136,36910,111,30,65,0,0,0,0,0,0,0,0,-32305,0,0,0,0,0,298416,0
297630,884,7296,2932,182,5212,-256,21997,-3,10,-455,-136,36911,105,30,65,0,0,0,0,0,0,0,0,-32305,0,0,0,0,0,298422,0
297635,754,7384,3208,139,5235,-279,21998,5,10,-453,-144,36911,105,30,65,0,0,0,0,0,0,0,0,-32305,0,0,0,0,0,298427,0
297640,746,7648,3510,48,5304,-355,21997,-11,0,-455,-144,36910,110,30,65,0,0,0,0,0,0,0,0,-32305,0,0,0,0,0,298432,0
297645,572,7778,3648,-5,5323,-390,21998,3,2,-455,-144,36910,110,30,65,0,0,0,0,0,0,0,0,-32305,0,0,0,0,0,298438,0
297650,334,7922,3728,-53,5337,-432,21999,6,-4,-455,-128,36915,117,30,65,0,0,0,0,0,0,0,0,-32305,0,0,0,0,0,298443,0
297655,64,7964,3636,-102,5342,-469,22000,10,5,-452,-136,36915,117,30,65,0,0,0,0,0,0,0,0,-32305,0,0,0,0,0,298449,0
297660,-422,8062,3022,-165,5275,-533,22002,11,4,-455,-136,36920,125,30,65,0,0,0,0,0,0,0,0,-32305,0,0,0,0,0,298454,0
297665,-472,7998,2468,-172,5207,-544,22003,11,13,-453,-128,36920,125,30,65,0,0,0,0,0,0,0,0,-32305,0,0,0,0,0,298459,0
297670,-358,8022,1912,-168,5127,-539,22006,13,4,-455,-128,36922,121,30,65,0,0,0,0,0,0,0,0,-32306,0,0,0,0,0,298465,0
297675,-146,8118,1462,-148,5054,-541,22007,5,5,-454,-136,36922,121,30,65,0,0,0,0,0,0,0,0,-32305,0,0,0,0,0,298470,0
297680,380,8438,1174,-96,4939,-555,22007,-7,-1,-451,-136,36925,102,30,65,0,0,0,0,0,0,0,0,-32305,0,0,0,0,0,298476,0
297685,532,8612,1286,-64,4901,-569,22010,1,-7,-452,-144,36925,102,30,65,0,0,0,0,0,0,0,0,-32305,0,0,0,0,0,298481,0
297690,618,8732,1494,-41,4868,-581,22013,12,0,-454,-136,36919,93,30,65,0,0,0,0,0,0,0,0,-32305,0,0,0,0,0,298487,0
297695,646,8738,1624,-12,4851,-585,22014,9,8,-458,-128,36919,93,30,65,0,0,0,0,0,0,0,0,-32305,0,0,0,0,0,298492,0
297700,438,8502,1892,28,4826,-598,22020,24,10,-457,-120,36916,85,30,65,0,0,0,0,0,0,0,0,-32305,0,0,0,0,0,298498,0
297705,308,8272,1968,51,4800,-607,22028,35,22,-458,-104,36916,85,30,65,0,0,0,0,0,0,0,0,-32305,0,0,0,0,0,298503,0
297710,208,8040,2020,67,4769,-616,22046,77,44,-464,-80,36914,104,30,65,0,0,0,0,0,0,0,0,-32305,0,0,0,0,0,298508,0
297715,182,7826,2030,89,4740,-628,22084,175,91,-463,-48,36914,104,30,65,0,0,0,0,0,0,0,0,-32305,0,0,0,0,0,298514,0
297720,536,7602,1964,134,4670,-671,22134,229,153,-457,-16,36914,104,30,65,0,0,0,0,0,0,0,0,-32305,0,0,0,0,0,298519,0
297725,690,7542,1954,153,4631,-696,22200,290,207,-446,8,36914,104,30,65,0,0,0,0,0,0,0,0,-32305,0,0,0,0,0,298525,0
297730,874,7564,1960,175,4588,-721,22279,350,228,-451,24,36918,110,30,65,0,0,0,0,0,0,0,0,-32305,0,0,0,0,0,298530,0
297735,1054,7550,1870,198,4548,-746,22369,396,218,-455,64,36918,110,30,65,0,0,0,0,0,0,0,0,-32305,0,0,0,0,0,298536,0
297740,1138,7600,1952,238,4450,-805,22470,454,194,-462,80,36921,112,30,65,0,0,0,0,0,0,0,0,-32305,0,0,0,0,0,298541,0
297745,1054,7486,1938,253,4411,-849,22584,506,186,-447,80,36921,112,30,65,0,0,0,0,0,0,0,0,-32305,0,0,0,0,0,298546,0
297750,1202,7480,1902,279,4339,-868,22712,564,187,-443,128,36921,103,30,65,0,0,0,0,0,0,0,0,-32305,0,0,0,0,0,298552,0
297755,1280,7434,1818,305,4274,-904,22857,642,199,-450,176,36921,103,30,65,0,0,0,0,0,0,0,0,-32305,0,0,0,0,0,298557,0
297760,1016,7438,1950,337,4118,-984,23021,725,225,-464,248,36923,112,30,65,0,0,0,0,0,0,0,0,-32305,0,0,0,0,0,298563,0
297765,998,7500,1828,359,4031,-1017,23203,801,243,-482,280,36923,112,30,65,0,0,0,0,0,0,0,0,-32304,0,0,0,0,0,298568,0
297770,884,7662,1848,369,3933,-1066,23404,898,271,-503,424,36923,98,30,65,0,0,0,0,0,0,0,0,-32305,0,0,0,0,0,298574,0
297775,608,7710,1786,373,3821,-1095,23628,988,290,-516,504,36923,98,30,65,0,0,0,0,0,0,0,0,-32305,0,0,0,0,0,298579,0
297780,206,7918,1758,390,3576,-1176,23875,1098,313,-552,680,36926,103,30,65,0,0,0,0,0,0,0,0,-32305,0,0,0,0,0,298585,0
297785,194,8024,1576,382,3427,-1194,24148,1204,335,-579,904,36926,103,30,65,0,0,0,0,0,0,0,0,-32305,0,0,0,0,0,298590,0
297790,160,7998,1450,393,3276,-1209,24446,1319,359,-611,1176,36925,90,30,65,0,0,0,0,0,0,0,0,-32305,0,0,0,0,0,298596,0
297795,34,7966,1404,387,3112,-1227,24767,1425,376,-630,1336,36925,90,30,65,0,0,0,0,0,0,0,0,-32305,0,0,0,0,0,298600,0
297800,206,8034,1460,354,2771,-1235,25114,1532,385,-640,1560,36927,80,31,65,0,0,0,0,0,0,0,0,-32305,0,0,0,0,0,298607,0
297805,110,8198,1490,321,2605,-1228,25488,1645,379,-665,1768,36927,80,31,65,0,0,0,0,0,0,0,0,-32305,0,0,0,0,0,298612,0
297810,174,8396,1690,296,2430,-1195,25884,1747,388,-676,1928,36931,76,30,65,0,0,0,0,0,0,0,0,-32305,0,0,0,0,0,298616,0
297815,-46,8526,1710,234,2276,-1183,26299,1835,373,-718,2112,36931,76,30,65,0,0,0,0,0,0,0,0,-32304,0,0,0,0,0,298622,0
297820,300,8988,1712,115,1954,-1062,26729,1904,342,-753,2248,36940,63,30,65,0,0,0,0,0,0,0,0,-32305,0,0,0,0,0,298628,0
297825,300,9148,1794,56,1802,-988,27176,1966,300,-767,2336,36940,63,30,65,0,0,0,0,0,0,0,0,-32305,0,0,0,0,0,298633,0
297830,486,9332,1786,-16,1664,-896,27634,2018,260,-809,2392,36943,45,30,65,0,0,0,0,0,0,0,0,-32305,0,0,0,0,0,298638,0
297835,548,9536,1896,-95,1536,-798,28103,2066,230,-816,2416,36943,45,30,65,0,0,0,0,0,0,0,0,-32305,0,0,0,0,0,298644,0
297840,820,9808,1860,-252,1275,-533,28577,2092,187,-846,2424,36945,32,30,65,0,0,0,0,0,0,0,0,-32305,0,0,0,0,0,298649,0
297845,1056,9950,1930,-328,1148,-375,29053,2090,140,-869,2352,36945,32,30,65,0,0,0,0,0,0,0,0,-32305,0,0,0,0,0,298654,0
297850,1264,10038,2010,-400,1032,-201,29522,2053,79,-903,2232,36948,22,30,65,0,0,0,0,0,0,0,0,-32305,0,0,0,0,0,298660,0
297855,1516,10252,1976,-473,935,-4,29974,1975,-4,-954,2016,36948,22,30,65,0,0,0,0,0,0,0,0,-32306,0,0,0,0,0,298665,0
297860,1758,10814,1838,-592,736,438,30402,1870,-117,-971,1776,36953,27,30,65,0,0,0,0,0,0,0,0,-32305,0,0,0,0,0,298671,0
297865,1704,11536,1740,-636,672,634,30799,1735,-241,-1002,1464,36953,27,30,65,0,0,0,0,0,0,0,0,-32305,0,0,0,0,0,298676,0
297870,1422,11976,1684,-698,618,816,31164,1586,-349,-1031,1128,36956,35,30,65,0,0,0,0,0,0,0,0,-32305,0,0,0,0,0,298681,0
297875,856,11936,1778,-747,585,1040,31496,1443,-428,-1046,848,36956,35,30,65,0,0,0,0,0,0,0,0,-32305,0,0,0,0,0,298687,0
297880,598,11708,1586,-816,558,1511,31794,1288,-476,-1036,440,36952,43,30,65,0,0,0,0,0,0,0,0,-32304,0,0,0,0,0,298692,0
297885,854,11272,1506,-834,547,1738,32054,1123,-509,-1066,160,36952,43,30,65,0,0,0,0,0,0,0,0,-32305,0,0,0,0,0,298698,0
297890,936,10936,1400,-861,556,1913,32261,887,-563,-1163,-8,36945,49,30,65,0,0,0,0,0,0,0,0,-32305,0,0,0,0,0,298703,0
297895,702,10498,1350,-866,571,2092,32410,628,-644,-1217,-200,36945,49,30,65,0,0,0,0,0,0,0,0,-32304,0,0,0,0,0,298708,0
297900,484,9690,1164,-859,608,2472,32499,363,-753,-1250,-200,36942,64,30,65,0,0,0,0,0,0,0,0,-32304,0,0,0,0,0,298714,0
297905,496,9286,986,-836,615,2644,32523,82,-851,-1201,-392,36942,64,30,65,0,0,0,0,0,0,0,0,-32305,0,0,0,0,0,298719,0
297910,670,8988,898,-806,623,2774,32506,-95,-892,-1071,-512,36936,88,30,65,0,0,0,0,0,0,0,0,-32305,0,0,0,0,0,298725,0
297915,916,8824,760,-767,630,2870,32463,-197,-812,-1010,-744,36936,88,30,65,0,0,0,0,0,0,0,0,-32305,0,0,0,0,0,298730,0
297920,956,8520,628,-655,635,2955,32392,-328,-672,-982,-1088,36922,102,30,65,0,0,0,0,0,0,0,0,-32304,0,0,0,0,0,298736,0
297925,800,8308,512,-591,642,2955,32292,-454,-527,-1005,-1440,36922,102,30,65,0,0,0,0,0,0,0,0,-32305,0,0,0,0,0,298741,0
297930,624,8220,424,-511,650,2963,32156,-614,-456,-1035,-1840,36909,124,30,65,0,0,0,0,0,0,0,0,-32305,0,0,0,0,0,298746,0
297935,384,8080,332,-440,651,2963,31978,-804,-479,-1044,-2192,36909,124,30,65,0,0,0,0,0,0,0,0,-32305,0,0,0,0,0,298752,0
297940,-60,7850,276,-296,635,2977,31759,-975,-545,-1028,-2624,36899,152,30,65,0,0,0,0,0,0,0,0,-32305,0,0,0,0,0,298757,0
297945,-260,7748,174,-221,615,2980,31498,-1165,-594,-1022,-2992,36899,152,30,65,0,0,0,0,0,0,0,0,-32305,0,0,0,0,0,298762,0
297950,-278,7598,170,-139,602,2988,31198,-1340,-622,-973,-3336,36889,174,30,65,0,0,0,0,0,0,0,0,-32305,0,0,0,0,0,298768,0
297955,-352,7438,184,-46,577,2981,30858,-1509,-629,-968,-3704,36889,174,30,65,0,0,0,0,0,0,0,0,-32305,0,0,0,0,0,298774,0
297960,-260,7338,38,135,550,2968,30474,-1703,-621,-958,-4088,36875,204,30,65,0,0,0,0,0,0,0,0,-32305,0,0,0,0,0,298779,0
297965,-234,7214,-26,215,538,2947,30050,-1886,-629,-938,-4424,36875,204,30,65,0,0,0,0,0,0,0,0,-32304,0,0,0,0,0,298784,0
297970,-116,7136,54,296,513,2922,29585,-2064,-629,-900,-4824,36871,209,30,65,0,0,0,0,0,0,0,0,-32305,0,0,0,0,0,298790,0
297975,18,6982,14,371,499,2889,29082,-2233,-625,-861,-5112,36871,209,30,65,0,0,0,0,0,0,0,0,-32305,0,0,0,0,0,298795,0
297980,494,6628,134,516,485,2796,28540,-2398,-623,-837,-5392,36864,229,31,65,0,0,0,0,0,0,0,0,-32305,0,0,0,0,0,298800,0
297985,748,6468,284,569,485,2741,27970,-2520,-591,-797,-5632,36864,229,31,65,0,0,0,0,0,0,0,0,-32305,0,0,0,0,0,298806,0
297990,1028,6320,356,618,492,2692,27377,-2616,-530,-746,-5768,36858,228,30,65,0,0,0,0,0,0,0,0,-32305,0,0,0,0,0,298812,0
297995,1184,6154,326,660,508,2636,26764,-2707,-452,-701,-5992,36858,228,30,65,0,0,0,0,0,0,0,0,-32304,0,0,0,0,0,298817,0
298000,1642,5862,478,716,557,2553,26134,-2789,-378,-689,-6096,36846,227,30,65,0,0,0,0,0,0,0,0,-32305,0,0,0,0,0,298822,0
298005,1800,5802,428,759,596,2520,25487,-2851,-319,-655,-6128,36846,227,30,65,0,0,0,0,0,0,0,0,-32305,0,0,0,0,0,298827,0
298010,1918,5824,412,767,651,2506,24830,-2889,-270,-619,-6144,36841,239,30,65,0,0,0,0,0,0,0,0,-32305,0,0,0,0,0,298833,0
298015,2082,5788,476,779,710,2502,24175,-2883,-211,-588,-6064,36841,239,30,65,0,0,0,0,0,0,0,0,-32305,0,0,0,0,0,298838,0
298020,2560,5972,408,789,833,2486,23528,-2839,-116,-525,-5920,36842,230,30,65,0,0,0,0,0,0,0,0,-32305,0,0,0,0,0,298844,0
298025,2836,6058,424,786,910,2460,22895,-2777,0,-487,-5784,36842,230,30,65,0,0,0,0,0,0,0,0,-32305,0,0,0,0,0,298849,0
298030,3112,6240,426,784,986,2438,22275,-2725,99,-444,-5624,36847,226,30,65,0,0,0,0,0,0,0,0,-32305,0,0,0,0,0,298854,0
298035,3144,6442,468,759,1083,2409,21674,-2649,176,-407,-5424,36847,226,30,65,0,0,0,0,0,0,0,0,-32305,0,0,0,0,0,298860,0
298040,3070,6672,416,752,1278,2379,21093,-2545,224,-397,-5088,36857,214,30,65,0,0,0,0,0,0,0,0,-32305,0,0,0,0,0,298866,0
298045,2942,6818,420,747,1380,2393,20538,-2420,276,-363,-4736,36857,214,30,65,0,0,0,0,0,0,0,0,-32305,0,0,0,0,0,298870,0
298050,2884,6930,358,732,1486,2412,20018,-2266,338,-329,-4376,36866,188,30,65,0,0,0,0,0,0,0,0,-32305,0,0,0,0,0,298876,0
298055,2990,6962,372,723,1585,2429,19540,-2092,427,-280,-3992,36866,188,30,65,0,0,0,0,0,0,0,0,-32305,0,0,0,0,0,298882,0
298060,3272,7050,382,719,1786,2441,19103,-1904,524,-249,-3568,36875,163,30,65,0,0,0,0,0,0,0,0,-32304,0,0,0,0,0,298887,0
298065,3474,7088,242,696,1882,2427,18709,-1720,592,-233,-3160,36875,163,30,65,0,0,0,0,0,0,0,0,-32305,0,0,0,0,0,298892,0
298070,3380,7160,250,694,1996,2415,18356,-1536,629,-203,-2792,36889,136,30,65,0,0,0,0,0,0,0,0,-32305,0,0,0,0,0,298898,0
298075,3246,7270,208,693,2105,2398,18044,-1358,636,-197,-2376,36889,136,30,65,0,0,0,0,0,0,0,0,-32305,0,0,0,0,0,298903,0
298080,3000,7356,84,677,2335,2384,17770,-1177,635,-188,-1968,36898,138,30,65,0,0,0,0,0,0,0,0,-32305,0,0,0,0,0,298908,0
298085,2870,7400,8,671,2433,2373,17537,-1009,625,-187,-1536,36898,138,30,65,0,0,0,0,0,0,0,0,-32305,0,0,0,0,0,298914,0
298090,2764,7468,-122,660,2529,2371,17341,-845,612,-187,-1144,36901,138,30,65,0,0,0,0,0,0,0,0,-32305,0,0,0,0,0,298919,0
298095,2632,7528,-246,667,2618,2353,17184,-681,597,-171,-768,36901,138,30,65,0,0,0,0,0,0,0,0,-32305,0,0,0,0,0,298925,0
298100,2486,7678,-382,670,2783,2305,17059,-535,582,-152,-400,36901,123,30,65,0,0,0,0,0,0,0,0,-32305,0,0,0,0,0,298931,0
298105,2384,7700,-524,680,2861,2268,16967,-386,556,-122,-152,36901,123,30,65,0,0,0,0,0,0,0,0,-32304,0,0,0,0,0,298936,0
298110,2260,7780,-596,695,2931,2227,16908,-244,530,-96,-56,36903,116,30,65,0,0,0,0,0,0,0,0,-32305,0,0,0,0,0,298942,0
298115,2126,7890,-586,705,2999,2188,16885,-87,518,-105,-56,36903,116,30,65,0,0,0,0,0,0,0,0,-32305,0,0,0,0,0,298947,0
298120,1716,8060,-686,746,3135,2107,16881,-3,494,-139,-32,36909,110,30,65,0,0,0,0,0,0,0,0,-32305,0,0,0,0,0,298953,0
298125,1444,8168,-760,773,3200,2077,16882,7,425,-154,-48,36909,110,30,65,0,0,0,0,0,0,0,0,-32305,0,0,0,0,0,298958,0
298130,1050,8242,-858,796,3251,2064,16881,-4,288,-153,-40,36908,115,30,65,0,0,0,0,0,0,0,0,-32305,0,0,0,0,0,298963,0
298135,768,8298,-948,822,3288,2050,16882,0,153,-155,-40,36908,115,30,65,0,0,0,0,0,0,0,0,-32305,0,0,0,0,0,298969,0
298140,378,8376,-1206,893,3335,2039,16882,0,43,-154,-48,36908,114,30,65,0,0,0,0,0,0,0,0,-32305,0,0,0,0,0,298975,0
298145,-58,8770,-1294,917,3308,1981,16883,8,3,-156,-32,36908,114,30,65,0,0,0,0,0,0,0,0,-32305,0,0,0,0,0,298980,0
298150,-14714,10160,3680,591,3044,-681,16906,117,33,-173,40,36913,111,30,65,0,0,0,0,0,0,0,0,-32305,0,0,0,0,0,298985,0
298155,-16324,11138,8382,204,2310,-784,17021,560,222,-194,536,36913,111,30,65,0,0,0,0,0,0,0,0,-32305,0,0,0,0,0,298991,0
298160,-24864,8674,8310,21,1664,-1464,17325,1431,751,-221,2560,36916,113,30,65,0,0,0,0,0,0,0,0,-32305,0,0,0,0,0,298996,0
298165,-11014,6862,3842,-53,1873,-591,17819,2260,1536,-204,4352,36916,113,30,65,0,0,0,0,0,0,0,0,-32305,0,0,0,0,0,299001,0
298170,5254,5050,-3126,91,2261,-464,18403,2586,2115,-82,4704,36915,108,30,65,0,0,0,0,0,0,0,0,-32305,0,0,0,0,0,299007,0
298175,12682,7844,2542,-117,2503,-257,18987,2567,2078,-74,4264,36915,108,30,65,0,0,0,0,0,0,0,0,-32305,0,0,0,0,0,299012,0
298180,8982,8980,-292,466,2842,-959,19551,2465,1413,-182,3712,36873,89,30,65,0,0,0,0,0,0,0,0,-32305,0,0,0,0,0,299018,0
298185,5916,9504,-274,520,3123,-1503,20084,2332,516,-268,3224,36873,89,30,65,0,0,0,0,0,0,0,0,-32305,0,0,0,0,0,299023,0
298190,4004,11046,-2524,584,3225,-1585,20484,2206,-136,-344,2808,36876,67,31,65,0,0,0,0,0,0,0,0,-32305,0,0,0,0,0,299029,0
298195,1712,11088,-1414,541,3282,-1809,20953,2046,-415,-409,2400,36876,67,31,65,0,0,0,0,0,0,0,0,-32305,0,0,0,0,0,299034,0
298200,-1018,6296,-2522,798,3142,-1551,21389,1906,-498,-460,2192,36884,61,30,65,0,0,0,0,0,0,0,0,-32305,0,0,0,0,0,299039,0
298205,-6252,7556,-1854,836,2823,-1582,21807,1834,-485,-514,2120,36884,61,30,65,0,0,0,0,0,0,0,0,-32305,0,0,0,0,0,299045,0
298210,-4044,9866,252,638,2415,-1001,22225,1841,-385,-535,2184,36910,66,30,65,0,0,0,0,0,0,0,0,-32305,0,0,0,0,0,299050,0
298215,-6720,5196,1140,636,2058,-1010,22646,1851,-223,-569,2328,36910,66,30,65,0,0,0,0,0,0,0,0,-32305,0,0,0,0,0,299056,0
298220,-1766,8746,6212,448,1501,-1021,23059,1816,-99,-501,1944,36517,40,30,65,0,0,0,0,0,0,0,0,-32305,0,0,0,0,0,299061,0
298225,990,6784,2188,647,1680,-1051,23463,1772,-53,-471,1760,36517,40,30,65,0,0,0,0,0,0,0,0,-32305,0,0,0,0,0,299067,0
298230,5830,6748,2080,767,2193,-771,23843,1660,-109,-589,1568,36488,28,30,65,0,0,0,0,0,0,0,0,-32305,0,0,0,0,0,299072,0
298235,4486,5914,-370,940,2735,-919,24191,1526,-231,-611,1264,36488,28,30,65,0,0,0,0,0,0,0,0,-32305,0,0,0,0,0,299078,0
298240,1712,8612,436,909,3184,-700,24514,1411,-327,-632,1048,36449,76,30,65,0,0,0,0,0,0,0,0,-32305,0,0,0,0,0,299083,0
298245,1202,6928,-3472,1165,3311,-520,24813,1301,-390,-640,808,36449,76,30,65,0,0,0,0,0,0,0,0,-32304,0,0,0,0,0,299088,0
298250,1300,7424,-1606,1213,3320,-499,25085,1185,-410,-644,520,36846,105,30,65,0,0,0,0,0,0,0,0,-32305,0,0,0,0,0,299094,0
298255,668,7480,-1354,1214,3251,-395,25327,1051,-407,-687,320,36846,105,30,65,0,0,0,0,0,0,0,0,-32305,0,0,0,0,0,299099,0
298260,-660,8030,-1222,1374,3018,-162,25533,883,-434,-745,160,36851,106,30,65,0,0,0,0,0,0,0,0,-32305,0,0,0,0,0,299105,0
298265,-400,7398,-944,1433,2908,-39,25697,702,-490,-798,72,36851,106,30,65,0,0,0,0,0,0,0,0,-32305,0,0,0,0,0,299110,0
298270,-32,7404,-1038,1495,2792,61,25814,487,-571,-859,56,36929,77,30,65,0,0,0,0,0,0,0,0,-32305,0,0,0,0,0,299115,0
298275,-388,7574,-582,1545,2668,132,25878,262,-653,-869,-112,36929,77,30,65,0,0,0,0,0,0,0,0,-32305,0,0,0,0,0,299121,0
298280,-954,8626,584,1567,2290,285,25906,106,-691,-759,-200,36928,88,30,65,0,0,0,0,0,0,0,0,-32305,0,0,0,0,0,299126,0
298285,-350,7066,406,1640,2182,461,25905,-16,-652,-676,-264,36928,88,30,65,0,0,0,0,0,0,0,0,-32305,0,0,0,0,0,299132,0
298290,-20,7814,-924,1734,2085,529,25892,-54,-538,-672,-296,36928,98,30,65,0,0,0,0,0,0,0,0,-32305,0,0,0,0,0,299137,0
298295,14,8212,108,1712,1964,578,25875,-67,-370,-681,-304,36928,98,30,65,0,0,0,0,0,0,0,0,-32305,0,0,0,0,0,299142,0
298300,-204,8154,334,1746,1677,619,25850,-111,-220,-661,-368,36921,112,31,65,0,0,0,0,0,0,0,0,-32305,0,0,0,0,0,299148,0
298305,-690,8328,578,1735,1524,544,25812,-176,-144,-657,-432,36921,112,31,65,0,0,0,0,0,0,0,0,-32305,0,0,0,0,0,299154,0
298310,-2062,8456,862,1727,1350,444,25768,-194,-121,-652,-488,36916,121,31,65,0,0,0,0,0,0,0,0,-32305,0,0,0,0,0,299159,0
298315,-2028,8832,1520,1678,1239,441,25721,-201,-126,-667,-472,36916,121,31,65,0,0,0,0,0,0,0,0,-32305,0,0,0,0,0,299164,0
298320,-40,7376,528,1735,1259,602,25671,-219,-101,-665,-488,36912,114,30,65,0,0,0,0,0,0,0,0,-32305,0,0,0,0,0,299170,0
298325,896,7466,1062,1686,1277,645,25614,-250,-69,-649,-600,36912,114,30,65,0,0,0,0,0,0,0,0,-32304,0,0,0,0,0,299175,0
298330,632,7522,824,1685,1269,652,25546,-306,-81,-650,-688,36910,114,30,65,0,0,0,0,0,0,0,0,-32305,0,0,0,0,0,299180,0
298335,924,7760,978,1671,1241,666,25464,-370,-119,-630,-880,36910,114,30,65,0,0,0,0,0,0,0,0,-32305,0,0,0,0,0,299186,0
298340,782,7768,774,1643,1187,615,25366,-436,-171,-621,-1040,36910,114,30,65,0,0,0,0,0,0,0,0,-32304,0,0,0,0,0,299192,0
298345,450,8068,970,1613,1150,614,25251,-515,-213,-618,-1240,36910,114,30,65,0,0,0,0,0,0,0,0,-32305,0,0,0,0,0,299197,0
298350,260,8012,990,1584,1110,636,25123,-568,-230,-642,-1320,36907,118,30,65,0,0,0,0,0,0,0,0,-32305,0,0,0,0,0,299202,0
298355,208,7948,1010,1566,1057,657,24983,-617,-224,-639,-1384,36907,118,30,65,0,0,0,0,0,0,0,0,-32306,0,0,0,0,0,299208,0
298360,422,7912,1084,1522,984,698,24835,-651,-198,-607,-1440,36904,113,30,65,0,0,0,0,0,0,0,0,-32306,0,0,0,0,0,299214,0
298365,620,7908,1200,1504,953,723,24680,-694,-166,-602,-1496,36904,113,30,65,0,0,0,0,0,0,0,0,-32304,0,0,0,0,0,299218,0
298370,752,7810,1216,1486,921,720,24519,-713,-132,-607,-1536,36903,128,30,65,0,0,0,0,0,0,0,0,-32305,0,0,0,0,0,299224,0
298375,864,7864,1228,1456,902,717,24353,-731,-113,-588,-1608,36903,128,30,65,0,0,0,0,0,0,0,0,-32305,0,0,0,0,0,299230,0
298380,978,7962,1284,1401,901,739,24182,-758,-97,-578,-1600,36902,136,30,65,0,0,0,0,0,0,0,0,-32305,0,0,0,0,0,299234,0
298385,1020,8030,1274,1372,905,742,24007,-771,-83,-559,-1640,36902,136,30,65,0,0,0,0,0,0,0,0,-32305,0,0,0,0,0,299240,0
298390,1050,8090,1268,1336,919,742,23830,-779,-66,-554,-1656,36905,136,30,65,0,0,0,0,0,0,0,0,-32305,0,0,0,0,0,299245,0
298395,1122,8100,1246,1302,936,750,23652,-783,-54,-553,-1616,36905,136,30,65,0,0,0,0,0,0,0,0,-32305,0,0,0,0,0,299251,0
298400,1292,8050,1188,1222,967,735,23475,-782,-30,-524,-1624,36907,138,30,65,0,0,0,0,0,0,0,0,-32306,0,0,0,0,0,299256,0
298405,1332,8066,1178,1189,984,726,23298,-780,-12,-517,-1616,36907,138,30,65,0,0,0,0,0,0,0,0,-32305,0,0,0,0,0,299261,0
298410,1354,8040,1150,1150,1001,718,23125,-761,4,-505,-1552,36908,120,30,65,0,0,0,0,0,0,0,0,-32305,0,0,0,0,0,299267,0
298415,1324,8006,1090,1116,1008,706,22951,-759,16,-510,-1552,36908,120,30,65,0,0,0,0,0,0,0,0,-32305,0,0,0,0,0,299272,0
298420,1274,7994,968,1049,1015,684,22780,-747,23,-489,-1528,36906,129,30,65,0,0,0,0,0,0,0,0,-32305,0,0,0,0,0,299278,0
298425,1276,7926,870,1022,1009,667,22614,-733,30,-474,-1464,36906,129,30,65,0,0,0,0,0,0,0,0,-32305,0,0,0,0,0,299283,0
298430,1314,7932,776,997,1013,652,22451,-716,46,-466,-1440,36901,130,30,65,0,0,0,0,0,0,0,0,-32305,0,0,0,0,0,299288,0
298435,1374,7940,702,975,1001,638,22295,-680,56,-473,-1312,36901,130,30,65,0,0,0,0,0,0,0,0,-32305,0,0,0,0,0,299294,0
298440,1528,7878,556,950,987,605,22148,-646,77,-470,-1240,36901,124,31,65,0,0,0,0,0,0,0,0,-32305,0,0,0,0,0,299299,0
298445,1598,7900,484,944,980,574,22007,-607,104,-448,-1120,36901,124,31,65,0,0,0,0,0,0,0,0,-32305,0,0,0,0,0,299305,0
298450,1686,7878,434,938,975,546,21877,-562,119,-441,-984,36903,120,31,65,0,0,0,0,0,0,0,0,-32306,0,0,0,0,0,299310,0
298455,1768,7926,378,932,982,518,21759,-511,137,-420,-896,36903,120,31,65,0,0,0,0,0,0,0,0,-32304,0,0,0,0,0,299315,0
298460,1966,7978,218,934,994,452,21655,-461,163,-411,-768,36908,122,30,65,0,0,0,0,0,0,0,0,-32305,0,0,0,0,0,299321,0
298465,1972,7944,192,933,1004,417,21561,-413,172,-424,-608,36908,122,30,65,0,0,0,0,0,0,0,0,-32305,0,0,0,0,0,299326,0
298470,2020,7944,140,944,1014,386,21476,-364,172,-439,-496,36906,121,30,65,0,0,0,0,0,0,0,0,-32305,0,0,0,0,0,299332,0
298475,2052,7934,104,944,1023,350,21407,-294,175,-431,-368,36906,121,30,65,0,0,0,0,0,0,0,0,-32305,0,0,0,0,0,299337,0
298480,2176,7990,34,959,1053,306,21355,-222,195,-411,-280,36906,120,30,65,0,0,0,0,0,0,0,0,-32305,0,0,0,0,0,299342,0
298485,2248,8036,-12,980,1064,283,21320,-133,224,-411,-176,36906,120,30,65,0,0,0,0,0,0,0,0,-32305,0,0,0,0,0,299348,0
298490,2320,8080,-52,985,1074,249,21310,-44,266,-419,-136,36916,102,30,65,0,0,0,0,0,0,0,0,-32305,0,0,0,0,0,299353,0
298495,2412,8170,-80,1001,1086,222,21309,7,275,-418,-128,36916,102,30,65,0,0,0,0,0,0,0,0,-32305,0,0,0,0,0,299359,0
298500,2268,8356,-120,1026,1106,198,21309,3,230,-415,-128,36921,103,30,65,0,0,0,0,0,0,0,0,-32306,0,0,0,0,0,299364,0
298505,2206,8400,-180,1035,1113,203,21310,2,155,-416,-128,36921,103,30,65,0,0,0,0,0,0,0,0,-32305,0,0,0,0,0,299370,0
298510,2198,8468,-174,1055,1125,218,21311,1,64,-415,-128,36921,101,30,65,0,0,0,0,0,0,0,0,-32305,0,0,0,0,0,299375,0
298515,2260,8494,-180,1060,1129,247,21312,5,21,-415,-120,36921,101,30,65,0,0,0,0,0,0,0,0,-32305,0,0,0,0,0,299380,0
298520,2488,8674,-154,1078,1150,304,21314,0,-2,-416,-128,36916,114,30,65,0,0,0,0,0,0,0,0,-32305,0,0,0,0,0,299386,0
298525,2646,8774,-128,1090,1170,326,21315,3,2,-415,-128,36916,114,30,65,0,0,0,0,0,0,0,0,-32305,0,0,0,0,0,299391,0
298530,2690,8870,-118,1093,1197,346,21316,5,3,-416,-120,36913,117,30,65,0,0,0,0,0,0,0,0,-32305,0,0,0,0,0,299396,0
298535,2732,8948,-116,1086,1219,369,21320,10,-1,-413,-128,36913,117,30,65,0,0,0,0,0,0,0,0,-32305,0,0,0,0,0,299402,0
298540,2764,8926,-86,1089,1265,423,21321,10,0,-414,-128,36919,117,30,65,0,0,0,0,0,0,0,0,-32305,0,0,0,0,0,299407,0
298545,2776,8948,-102,1095,1285,451,21329,30,17,-415,-104,36919,117,30,65,0,0,0,0,0,0,0,0,-32305,0,0,0,0,0,299413,0
298550,2836,8966,-70,1090,1312,473,21341,54,29,-418,-104,36920,104,30,65,0,0,0,0,0,0,0,0,-32305,0,0,0,0,0,299418,0
298555,2892,9024,-34,1082,1334,500,21356,65,49,-418,-104,36920,104,30,65,0,0,0,0,0,0,0,0,-32305,0,0,0,0,0,299423,0
298560,2798,8996,16,1080,1386,563,21364,28,35,-411,-136,36918,98,30,65,0,0,0,0,0,0,0,0,-32305,0,0,0,0,0,299429,0
298565,2670,8936,20,1077,1414,604,21364,-1,-3,-413,-136,36918,98,30,65,0,0,0,0,0,0,0,0,-32305,0,0,0,0,0,299434,0
298570,2672,8870,34,1066,1437,657,21363,-3,-42,-420,-136,36916,99,30,65,0,0,0,0,0,0,0,0,-32305,0,0,0,0,0,299440,0
298575,2756,8832,36,1060,1452,703,21364,-1,-56,-419,-128,36916,99,30,65,0,0,0,0,0,0,0,0,-32305,0,0,0,0,0,299445,0
298580,2934,8818,56,1042,1498,777,21364,3,-43,-417,-128,36916,103,30,65,0,0,0,0,0,0,0,0,-32305,0,0,0,0,0,299450,0
298585,2944,8778,74,1037,1517,796,21364,-2,-13,-416,-128,36916,103,30,65,0,0,0,0,0,0,0,0,-32305,0,0,0,0,0,299456,0
298590,2846,8722,102,1031,1534,824,21363,-4,3,-416,-128,36918,104,30,65,0,0,0,0,0,0,0,0,-32306,0,0,0,0,0,299462,0
298595,2736,8664,102,1019,1549,851,21364,6,0,-416,-128,36918,104,30,65,0,0,0,0,0,0,0,0,-32305,0,0,0,0,0,299467,0
298600,2618,8606,112,1005,1561,917,21364,1,-1,-417,-128,36913,110,30,65,0,0,0,0,0,0,0,0,-32305,0,0,0,0,0,299473,0
298605,2636,8628,108,997,1568,938,21364,0,3,-417,-136,36913,110,30,65,0,0,0,0,0,0,0,0,-32305,0,0,0,0,0,299478,0
298610,2640,8678,122,994,1561,964,21363,0,1,-417,-128,36912,98,31,65,0,0,0,0,0,0,0,0,-32305,0,0,0,0,0,299484,0
298615,2594,8686,110,995,1557,977,21363,0,1,-419,-128,36912,98,31,65,0,0,0,0,0,0,0,0,-32305,0,0,0,0,0,299489,0
298620,2480,8620,114,992,1534,1000,21363,3,-3,-417,-128,36912,107,30,65,0,0,0,0,0,0,0,0,-32305,0,0,0,0,0,299494,0
298625,2444,8536,142,992,1515,1014,21364,0,3,-417,-128,36912,107,30,65,0,0,0,0,0,0,0,0,-32305,0,0,0,0,0,299500,0
298630,2432,8432,176,990,1488,1027,21364,11,1,-415,-128,36912,108,30,65,0,0,0,0,0,0,0,0,-32306,0,0,0,0,0,299505,0
298635,2424,8332,206,990,1465,1039,21364,9,-4,-417,-128,36912,108,30,65,0,0,0,0,0,0,0,0,-32305,0,0,0,0,0,299510,0
298640,2396,8160,294,982,1400,1058,21362,-1,1,-416,-128,36914,110,30,65,0,0,0,0,0,0,0,0,-32305,0,0,0,0,0,299516,0
298645,2432,8094,308,975,1375,1073,21363,-4,-3,-416,-136,36914,110,30,65,0,0,0,0,0,0,0,0,-32305,0,0,0,0,0,299521,0
298650,2402,8048,398,971,1346,1086,21363,-1,-3,-417,-128,36910,104,30,65,0,0,0,0,0,0,0,0,-32305,0,0,0,0,0,299527,0
298655,2360,7982,400,957,1320,1097,21363,0,1,-418,-128,36910,104,30,65,0,0,0,0,0,0,0,0,-32305,0,0,0,0,0,299532,0
298660,2288,7814,502,920,1266,1117,21362,-7,-2,-417,-136,36911,90,30,65,0,0,0,0,0,0,0,0,-32306,0,0,0,0,0,299537,0
298665,2256,7768,508,900,1236,1122,21361,-2,2,-419,-128,36911,90,30,65,0,0,0,0,0,0,0,0,-32305,0,0,0,0,0,299543,0
298670,2230,7728,558,883,1204,1137,21362,3,1,-417,-136,36910,88,30,65,0,0,0,0,0,0,0,0,-32305,0,0,0,0,0,299548,0
298675,2248,7630,552,856,1175,1146,21363,2,2,-416,-136,36910,88,30,65,0,0,0,0,0,0,0,0,-32305,0,0,0,0,0,299554,0
298680,2154,7598,622,802,1121,1163,21363,3,11,-417,-128,36909,93,30,65,0,0,0,0,0,0,0,0,-32305,0,0,0,0,0,299559,0
298685,2124,7618,602,781,1103,1174,21362,-5,2,-417,-128,36909,93,30,65,0,0,0,0,0,0,0,0,-32306,0,0,0,0,0,299565,0
298690,2158,7682,626,747,1075,1172,21362,6,-3,-415,-128,36908,95,30,65,0,0,0,0,0,0,0,0,-32305,0,0,0,0,0,299570,0
298695,2130,7732,614,723,1063,1187,21361,1,1,-414,-136,36908,95,30,65,0,0,0,0,0,0,0,0,-32305,0,0,0,0,0,299576,0
298700,2086,7718,572,675,1012,1191,21362,4,3,-416,-136,36913,102,30,65,0,0,0,0,0,0,0,0,-32305,0,0,0,0,0,299581,0
298705,2062,7732,546,653,995,1198,21362,0,2,-416,-136,36913,102,30,65,0,0,0,0,0,0,0,0,-32305,0,0,0,0,0,299586,0
298710,2052,7746,522,628,978,1201,21362,0,2,-418,-136,36921,96,30,65,0,0,0,0,0,0,0,0,-32305,0,0,0,0,0,299592,0
298715,2080,7758,496,609,950,1210,21362,-2,-6,-418,-128,36921,96,30,65,0,0,0,0,0,0,0,0,-32305,0,0,0,0,0,299597,0
298720,2062,7776,424,574,912,1216,21361,1,-2,-418,-128,36924,111,30,65,0,0,0,0,0,0,0,0,-32305,0,0,0,0,0,299603,0
298725,2080,7746,386,556,883,1219,21361,-1,-3,-418,-128,36924,111,30,65,0,0,0,0,0,0,0,0,-32305,0,0,0,0,0,299608,0
298730,2082,7714,356,541,865,1216,21362,2,-2,-419,-128,36921,111,30,65,0,0,0,0,0,0,0,0,-32305,0,0,0,0,0,299613,0
298735,2140,7716,318,515,847,1220,21361,-1,-1,-418,-128,36921,111,30,65,0,0,0,0,0,0,0,0,-32305,0,0,0,0,0,299619,0
298740,2138,7760,268,496,810,1210,21361,-3,1,-417,-136,36913,99,30,65,0,0,0,0,0,0,0,0,-32305,0,0,0,0,0,299624,0
298745,2162,7772,220,476,795,1208,21361,0,1,-416,-128,36913,99,30,65,0,0,0,0,0,0,0,0,-32305,0,0,0,0,0,299630,0
298750,2170,7768,194,469,782,1201,21361,-2,-1,-418,-128,36919,107,30,65,0,0,0,0,0,0,0,0,-32305,0,0,0,0,0,299635,0
298755,2176,7746,130,456,759,1190,21360,-3,0,-419,-128,36919,107,30,65,0,0,0,0,0,0,0,0,-32305,0,0,0,0,0,299641,0
298760,2124,7660,56,431,730,1173,21362,3,0,-418,-128,36935,112,30,65,0,0,0,0,0,0,0,0,-32305,0,0,0,0,0,299646,0
298765,2156,7614,54,424,714,1163,21360,-2,2,-417,-128,36935,112,30,65,0,0,0,0,0,0,0,0,-32305,0,0,0,0,0,299651,0
298770,2146,7618,36,408,700,1153,21361,2,0,-418,-128,36929,115,30,65,0,0,0,0,0,0,0,0,-32305,0,0,0,0,0,299657,0
298775,2148,7582,6,401,691,1136,21361,0,-4,-416,-128,36929,115,30,65,0,0,0,0,0,0,0,0,-32306,0,0,0,0,0,299663,0
298780,2114,7538,-44,384,660,1108,21362,8,1,-416,-128,36926,108,30,65,0,0,0,0,0,0,0,0,-32306,0,0,0,0,0,299668,0
298785,2086,7522,-56,367,647,1089,21360,-1,-3,-419,-128,36926,108,30,65,0,0,0,0,0,0,0,0,-32305,0,0,0,0,0,299673,0
298790,2128,7540,-108,363,628,1073,21359,-3,-4,-415,-128,36913,106,30,65,0,0,0,0,0,0,0,0,-32305,0,0,0,0,0,299679,0
298795,2142,7552,-128,351,621,1053,21359,-7,-6,-414,-136,36913,106,30,65,0,0,0,0,0,0,0,0,-32306,0,0,0,0,0,299684,0
298800,2156,7546,-176,331,605,1014,21358,-7,-2,-416,-136,36913,116,31,65,0,0,0,0,0,0,0,0,-32305,0,0,0,0,0,299689,0
298805,2166,7536,-200,325,593,997,21359,-7,0,-416,-136,36913,116,31,65,0,0,0,0,0,0,0,0,-32305,0,0,0,0,0,299695,0
298810,2160,7540,-216,316,588,978,21360,1,1,-419,-136,36913,110,30,65,0,0,0,0,0,0,0,0,-32305,0,0,0,0,0,299700,0
298815,2158,7522,-256,314,577,963,21360,3,6,-418,-136,36913,110,30,65,0,0,0,0,0,0,0,0,-32305,0,0,0,0,0,299705,0
298820,2252,7646,-298,303,573,939,21359,-2,4,-418,-136,36910,110,30,65,0,0,0,0,0,0,0,0,-32305,0,0,0,0,0,299711,0
298825,2286,7722,-302,299,575,921,21361,5,-1,-418,-128,36910,110,30,65,0,0,0,0,0,0,0,0,-32305,0,0,0,0,0,299716,0
298830,2314,7728,-346,295,567,905,21359,1,3,-418,-128,36913,109,30,65,0,0,0,0,0,0,0,0,-32305,0,0,0,0,0,299722,0
298835,2340,7784,-360,293,570,886,21360,4,4,-416,-128,36913,109,30,65,0,0,0,0,0,0,0,0,-32306,0,0,0,0,0,299727,0
298840,2370,7788,-402,282,573,860,21361,10,-5,-416,-128,36915,104,30,65,0,0,0,0,0,0,0,0,-32306,0,0,0,0,0,299733,0
298845,2394,7824,-402,287,578,849,21360,2,4,-415,-128,36915,104,30,65,0,0,0,0,0,0,0,0,-32305,0,0,0,0,0,299738,0
298850,2446,7854,-418,284,576,835,21360,-2,1,-416,-136,36907,108,30,65,0,0,0,0,0,0,0,0,-32305,0,0,0,0,0,299743,0
298855,2480,7836,-430,284,587,817,21360,2,-7,-417,-128,36907,108,30,65,0,0,0,0,0,0,0,0,-32305,0,0,0,0,0,299749,0
298860,2566,7846,-386,288,594,796,21360,2,1,-418,-128,36907,104,30,65,0,0,0,0,0,0,0,0,-32306,0,0,0,0,0,299754,0
298865,2616,7844,-434,282,603,783,21360,3,-6,-418,-128,36907,104,30,65,0,0,0,0,0,0,0,0,-32305,0,0,0,0,0,299760,0
298870,2670,7848,-450,282,615,767,21360,1,1,-415,-136,36907,100,30,65,0,0,0,0,0,0,0,0,-32305,0,0,0,0,0,299765,0
298875,2694,7868,-414,278,630,755,21359,0,-1,-418,-136,36907,100,30,65,0,0,0,0,0,0,0,0,-32305,0,0,0,0,0,299771,0
298880,2698,7850,-430,288,640,742,21360,8,-3,-417,-136,36914,93,30,65,0,0,0,0,0,0,0,0,-32305,0,0,0,0,0,299776,0
298885,2686,7770,-428,287,652,724,21360,0,-2,-419,-128,36914,93,30,65,0,0,0,0,0,0,0,0,-32305,0,0,0,0,0,299781,0
298890,2686,7706,-396,294,652,717,21360,-1,-3,-417,-128,36916,102,30,65,0,0,0,0,0,0,0,0,-32306,0,0,0,0,0,299787,0
298895,2714,7684,-392,295,658,714,21359,-1,-2,-416,-128,36916,102,30,65,0,0,0,0,0,0,0,0,-32305,0,0,0,0,0,299792,0
298900,2804,7688,-384,297,676,693,21359,0,-4,-417,-136,36911,99,30,65,0,0,0,0,0,0,0,0,-32305,0,0,0,0,0,299797,0
298905,2784,7702,-358,300,676,678,21360,2,-4,-417,-136,36911,99,30,65,0,0,0,0,0,0,0,0,-32305,0,0,0,0,0,299803,0
298910,2806,7672,-372,299,688,673,21359,0,1,-417,-136,36912,116,31,65,0,0,0,0,0,0,0,0,-32305,0,0,0,0,0,299808,0
298915,2780,7674,-338,307,691,654,21359,0,-1,-418,-136,36912,116,31,65,0,0,0,0,0,0,0,0,-32305,0,0,0,0,0,299814,0
298920,2758,7616,-304,309,692,641,21360,3,-1,-418,-128,36910,110,30,65,0,0,0,0,0,0,0,0,-32305,0,0,0,0,0,299819,0
298925,2742,7622,-308,306,699,638,21360,2,0,-418,-136,36910,110,30,65,0,0,0,0,0,0,0,0,-32305,0,0,0,0,0,299825,0
298930,2754,7608,-274,314,706,626,21360,-1,0,-418,-128,36912,114,30,65,0,0,0,0,0,0,0,0,-32305,0,0,0,0,0,299830,0
298935,2806,7658,-274,306,707,619,21360,0,-3,-418,-136,36912,114,30,65,0,0,0,0,0,0,0,0,-32305,0,0,0,0,0,299835,0
298940,2820,7728,-264,302,715,606,21359,3,0,-417,-128,36909,106,30,65,0,0,0,0,0,0,0,0,-32306,0,0,0,0,0,299841,0
298945,2820,7748,-264,309,714,596,21360,0,-1,-416,-128,36909,106,30,65,0,0,0,0,0,0,0,0,-32305,0,0,0,0,0,299846,0
298950,2844,7778,-238,299,717,595,21360,-1,-2,-417,-136,36905,98,30,65,0,0,0,0,0,0,0,0,-32306,0,0,0,0,0,299851,0
298955,2876,7814,-254,308,712,588,21362,15,2,-418,-128,36905,98,30,65,0,0,0,0,0,0,0,0,-32305,0,0,0,0,0,299857,0
298960,2910,7882,-212,302,713,586,21359,-2,-1,-418,-136,36910,102,30,65,0,0,0,0,0,0,0,0,-32305,0,0,0,0,0,299862,0
298965,2938,7844,-190,302,709,583,21360,5,-1,-419,-128,36910,102,30,65,0,0,0,0,0,0,0,0,-32305,0,0,0,0,0,299868,0
298970,2934,7804,-170,298,703,586,21360,0,-4,-420,-128,36912,100,30,65,0,0,0,0,0,0,0,0,-32305,0,0,0,0,0,299873,0
298975,2930,7762,-136,301,688,589,21359,-6,0,-417,-128,36912,100,30,65,0,0,0,0,0,0,0,0,-32306,0,0,0,0,0,299879,0
298980,3022,7790,-124,297,665,588,21359,0,-4,-417,-128,36913,101,30,65,0,0,0,0,0,0,0,0,-32306,0,0,0,0,0,299884,0
298985,3044,7768,-102,290,658,593,21359,0,0,-416,-128,36913,101,30,65,0,0,0,0,0,0,0,0,-32305,0,0,0,0,0,299889,0
298990,3070,7756,-92,283,646,591,21359,-2,1,-415,-128,36908,96,30,65,0,0,0,0,0,0,0,0,-32305,0,0,0,0,0,299895,0
298995,3078,7724,-100,277,631,590,21360,1,-1,-415,-136,36908,96,30,65,0,0,0,0,0,0,0,0,-32305,0,0,0,0,0,299900,0
299000,3086,7620,-38,269,590,595,21359,-5,3,-418,-136,36907,81,30,65,0,0,0,0,0,0,0,0,-32305,0,0,0,0,0,299906,0
299005,3136,7598,-10,261,572,600,21360,0,3,-417,-136,36907,81,30,65,0,0,0,0,0,0,0,0,-32305,0,0,0,0,0,299911,0
299010,3152,7574,10,252,544,603,21359,1,0,-418,-136,36911,87,30,65,0,0,0,0,0,0,0,0,-32305,0,0,0,0,0,299917,0
299015,3188,7532,4,250,532,603,21360,-5,0,-417,-136,36911,87,30,65,0,0,0,0,0,0,0,0,-32305,0,0,0,0,0,299922,0
299020,3198,7416,32,229,479,607,21360,4,-5,-419,-128,36917,99,30,65,0,0,0,0,0,0,0,0,-32305,0,0,0,0,0,299927,0
299025,3204,7376,26,222,452,607,21360,3,5,-418,-128,36917,99,30,65,0,0,0,0,0,0,0,0,-32305,0,0,0,0,0,299933,0
299030,3200,7336,-4,215,429,613,21360,0,-2,-417,-128,36915,97,30,65,0,0,0,0,0,0,0,0,-32305,0,0,0,0,0,299938,0
299035,3198,7360,26,205,404,618,21360,-2,-4,-418,-128,36915,97,30,65,0,0,0,0,0,0,0,0,-32305,0,0,0,0,0,299944,0
299040,3220,7398,20,183,363,621,21361,5,2,-416,-136,36913,96,30,65,0,0,0,0,0,0,0,0,-32305,0,0,0,0,0,299949,0
299045,3234,7380,14,179,332,625,21361,1,-4,-416,-128,36913,96,30,65,0,0,0,0,0,0,0,0,-32305,0,0,0,0,0,299954,0
299050,3218,7342,42,174,313,621,21360,0,0,-417,-128,36913,84,30,65,0,0,0,0,0,0,0,0,-32305,0,0,0,0,0,299960,0
299055,3180,7300,42,174,290,626,21360,0,0,-419,-128,36913,84,30,65,0,0,0,0,0,0,0,0,-32304,0,0,0,0,0,299965,0
299060,3146,7240,50,169,249,633,21360,-6,-1,-419,-136,36915,98,30,65,0,0,0,0,0,0,0,0,-32305,0,0,0,0,0,299971,0
299065,3178,7298,50,172,231,633,21360,3,-3,-419,-128,36915,98,30,65,0,0,0,0,0,0,0,0,-32305,0,0,0,0,0,299976,0
299070,3234,7362,62,170,217,626,21359,2,1,-417,-128,36911,105,30,65,0,0,0,0,0,0,0,0,-32305,0,0,0,0,0,299981,0
299075,3248,7374,26,176,200,626,21360,1,-4,-417,-136,36911,105,30,65,0,0,0,0,0,0,0,0,-32305,0,0,0,0,0,299987,0
299080,3214,7422,46,180,171,619,21359,-2,4,-418,-128,36909,100,30,65,0,0,0,0,0,0,0,0,-32305,0,0,0,0,0,299992,0
299085,3182,7394,56,185,156,616,21359,-5,4,-418,-136,36909,100,30,65,0,0,0,0,0,0,0,0,-32305,0,0,0,0,0,299997,0
299090,3142,7392,78,192,144,613,21359,0,-2,-417,-136,36912,102,30,65,0,0,0,0,0,0,0,0,-32305,0,0,0,0,0,300003,0
299095,3170,7402,66,193,134,611,21359,0,-2,-417,-128,36912,102,30,65,0,0,0,0,0,0,0,0,-32305,0,0,0,0,0,300008,0
299100,3174,7518,80,201,111,604,21360,-4,2,-416,-128,36916,103,30,65,0,0,0,0,0,0,0,0,-32305,0,0,0,0,0,300014,0
299105,3170,7524,106,207,103,596,21359,-6,3,-417,-136,36916,103,30,65,0,0,0,0,0,0,0,0,-32305,0,0,0,0,0,300020,0
299110,3134,7526,114,200,93,594,21360,0,2,-417,-136,36915,106,30,65,0,0,0,0,0,0,0,0,-32306,0,0,0,0,0,300026,0
299115,3108,7520,112,206,92,581,21360,-1,3,-417,-136,36915,106,30,65,0,0,0,0,0,0,0,0,-32305,0,0,0,0,0,300031,0
299120,3094,7496,132,196,96,560,21360,2,3,-418,-128,36917,104,30,65,0,0,0,0,0,0,0,0,-32305,0,0,0,0,0,300036,0
299125,3068,7468,144,196,101,552,21360,5,5,-419,-128,36917,104,30,65,0,0,0,0,0,0,0,0,-32305,0,0,0,0,0,300042,0
299130,3036,7446,162,189,105,537,21359,0,2,-416,-136,36919,100,30,65,0,0,0,0,0,0,0,0,-32305,0,0,0,0,0,300047,0
299135,2994,7384,166,188,112,529,21359,4,1,-417,-136,36919,100,30,65,0,0,0,0,0,0,0,0,-32305,0,0,0,0,0,300052,0
299140,2968,7290,164,170,119,505,21360,0,1,-418,-136,36920,106,30,65,0,0,0,0,0,0,0,0,-32305,0,0,0,0,0,300058,0
299145,2932,7250,182,165,121,493,21360,3,7,-417,-128,36920,106,30,65,0,0,0,0,0,0,0,0,-32305,0,0,0,0,0,300063,0
299150,2902,7190,172,154,128,479,21361,2,3,-418,-128,36913,104,30,65,0,0,0,0,0,0,0,0,-32305,0,0,0,0,0,300069,0
299155,2846,7124,180,143,130,465,21359,-2,-2,-420,-128,36913,104,30,65,0,0,0,0,0,0,0,0,-32305,0,0,0,0,0,300074,0
299160,2736,7004,182,125,136,439,21359,-4,0,-416,-136,36910,110,30,65,0,0,0,0,0,0,0,0,-32305,0,0,0,0,0,300080,0
299165,2748,6970,144,115,145,420,21360,2,-3,-418,-136,36910,110,30,65,0,0,0,0,0,0,0,0,-32305,0,0,0,0,0,300085,0
299170,2706,6918,160,105,148,401,21360,0,2,-418,-136,36910,101,30,65,0,0,0,0,0,0,0,0,-32305,0,0,0,0,0,300090,0
299175,2682,6910,154,97,153,382,21360,1,1,-417,-128,36910,101,30,65,0,0,0,0,0,0,0,0,-32305,0,0,0,0,0,300096,0
299180,2678,6868,126,79,168,337,21360,3,1,-418,-128,36911,102,30,65,0,0,0,0,0,0,0,0,-32305,0,0,0,0,0,300101,0
299185,2690,6852,112,69,175,313,21359,0,2,-416,-136,36911,102,30,65,0,0,0,0,0,0,0,0,-32305,0,0,0,0,0,300106,0
299190,2734,6882,114,62,186,285,21361,5,-6,-417,-136,36911,106,30,65,0,0,0,0,0,0,0,0,-32305,0,0,0,0,0,300112,0
299195,2748,6976,94,54,205,263,21359,-6,-2,-417,-136,36911,106,30,65,0,0,0,0,0,0,0,0,-32305,0,0,0,0,0,300118,0
299200,2786,7152,44,33,232,213,21361,1,5,-418,-128,36909,105,30,65,0,0,0,0,0,0,0,0,-32305,0,0,0,0,0,300123,0
299205,2802,7210,16,34,246,192,21360,0,-1,-417,-128,36909,105,30,65,0,0,0,0,0,0,0,0,-32305,0,0,0,0,0,300128,0
299210,2816,7262,-14,28,267,170,21359,-2,-3,-415,-136,36909,102,30,65,0,0,0,0,0,0,0,0,-32305,0,0,0,0,0,300134,0
299215,2774,7284,-20,22,278,159,21359,1,-4,-417,-136,36909,102,30,65,0,0,0,0,0,0,0,0,-32305,0,0,0,0,0,300139,0
299220,2762,7340,-60,19,309,139,21360,2,3,-420,-128,36916,98,30,65,0,0,0,0,0,0,0,0,-32305,0,0,0,0,0,300144,0
299225,2742,7420,-90,26,315,131,21359,-5,0,-418,-128,36916,98,30,65,0,0,0,0,0,0,0,0,-32305,0,0,0,0,0,300150,0
299230,2718,7422,-90,23,327,123,21361,6,3,-418,-128,36920,111,30,65,0,0,0,0,0,0,0,0,-32305,0,0,0,0,0,300155,0
299235,2698,7366,-128,26,330,112,21359,0,-6,-418,-128,36920,111,30,65,0,0,0,0,0,0,0,0,-32305,0,0,0,0,0,300160,0
299240,2610,7366,-98,39,334,98,21359,0,-3,-416,-136,36918,121,30,65,0,0,0,0,0,0,0,0,-32305,0,0,0,0,0,300166,0
299245,2580,7354,-92,47,335,92,21358,-4,-4,-417,-128,36918,121,30,65,0,0,0,0,0,0,0,0,-32305,0,0,0,0,0,300171,0
299250,2500,7356,-122,51,335,77,21360,10,2,-416,-128,36915,109,30,65,0,0,0,0,0,0,0,0,-32305,0,0,0,0,0,300177,0
299255,2494,7288,-98,53,335,62,21358,-3,-3,-416,-136,36915,109,30,65,0,0,0,0,0,0,0,0,-32304,0,0,0,0,0,300182,0
299260,2422,7170,-126,68,316,33,21359,2,-2,-418,-128,36913,103,30,65,0,0,0,0,0,0,0,0,-32306,0,0,0,0,0,300188,0
299265,2434,7158,-154,70,308,18,21359,-8,-2,-417,-128,36913,103,30,65,0,0,0,0,0,0,0,0,-32305,0,0,0,0,0,300193,0
299270,2426,7140,-146,77,305,1,21361,7,4,-419,-136,36913,101,30,65,0,0,0,0,0,0,0,0,-32305,0,0,0,0,0,300198,0
299275,2474,7180,-140,85,305,-22,21360,3,-3,-417,-136,36913,101,30,65,0,0,0,0,0,0,0,0,-32305,0,0,0,0,0,300204,0
299280,2524,7240,-140,89,316,-71,21360,1,2,-419,-128,36912,115,30,65,0,0,0,0,0,0,0,0,-32305,0,0,0,0,0,300209,0
299285,2572,7264,-132,94,315,-101,21360,7,1,-415,-136,36912,115,30,65,0,0,0,0,0,0,0,0,-32305,0,0,0,0,0,300214,0
299290,2528,7240,-136,100,324,-126,21359,3,1,-416,-136,36908,120,30,65,0,0,0,0,0,0,0,0,-32305,0,0,0,0,0,300220,0
299295,2510,7248,-146,105,321,-141,21360,0,5,-418,-128,36908,120,30,65,0,0,0,0,0,0,0,0,-32305,0,0,0,0,0,300225,0
299300,2516,7246,-136,112,321,-179,21360,0,4,-415,-136,36912,112,30,65,0,0,0,0,0,0,0,0,-32305,0,0,0,0,0,300231,0
299305,2556,7326,-130,122,319,-204,21359,-7,1,-416,-128,36912,112,30,65,0,0,0,0,0,0,0,0,-32305,0,0,0,0,0,300236,0
299310,2596,7394,-136,121,320,-223,21360,0,-1,-419,-128,36916,114,30,65,0,0,0,0,0,0,0,0,-32305,0,0,0,0,0,300242,0
299315,2606,7428,-104,128,321,-245,21359,5,-1,-418,-128,36916,114,30,65,0,0,0,0,0,0,0,0,-32305,0,0,0,0,0,300247,0
299320,2534,7336,-56,138,317,-288,21360,2,1,-417,-128,36913,107,30,65,0,0,0,0,0,0,0,0,-32305,0,0,0,0,0,300252,0
299325,2534,7234,-102,147,310,-299,21359,0,4,-419,-128,36913,107,30,65,0,0,0,0,0,0,0,0,-32305,0,0,0,0,0,300258,0
299330,2636,7368,-80,144,313,-314,21359,-2,-1,-418,-128,36911,113,30,65,0,0,0,0,0,0,0,0,-32305,0,0,0,0,0,300263,0
299335,2538,7352,-86,149,316,-320,21360,5,2,-417,-136,36911,113,30,65,0,0,0,0,0,0,0,0,-32306,0,0,0,0,0,300268,0
299340,2528,7356,-86,159,299,-349,21360,0,-1,-415,-136,36908,109,30,65,0,0,0,0,0,0,0,0,-32305,0,0,0,0,0,300274,0
299345,2574,7382,-126,167,294,-369,21361,8,2,-416,-128,36908,109,30,65,0,0,0,0,0,0,0,0,-32305,0,0,0,0,0,300280,0
299350,2596,7340,-144,173,291,-383,21359,-4,-2,-417,-128,36915,97,30,65,0,0,0,0,0,0,0,0,-32305,0,0,0,0,0,300285,0
299355,2622,7408,-50,175,294,-403,21360,-4,0,-419,-128,36915,97,30,65,0,0,0,0,0,0,0,0,-32305,0,0,0,0,0,300290,0
299360,2656,7468,-92,186,305,-440,21359,-5,-2,-416,-136,36916,98,30,65,0,0,0,0,0,0,0,0,-32305,0,0,0,0,0,300296,0
299365,2640,7496,-68,186,316,-456,21360,6,3,-416,-136,36916,98,30,65,0,0,0,0,0,0,0,0,-32305,0,0,0,0,0,300301,0
299370,2624,7514,-90,186,319,-474,21358,-3,-6,-418,-136,36913,93,30,65,0,0,0,0,0,0,0,0,-32305,0,0,0,0,0,300307,0
299375,2648,7514,-74,188,319,-484,21358,-6,0,-417,-136,36913,93,30,65,0,0,0,0,0,0,0,0,-32305,0,0,0,0,0,300312,0
299380,2648,7668,-76,200,336,-507,21360,5,1,-418,-128,36911,103,30,65,0,0,0,0,0,0,0,0,-32305,0,0,0,0,0,300318,0
299385,2658,7684,-80,198,332,-524,21360,2,0,-416,-136,36911,103,30,65,0,0,0,0,0,0,0,0,-32305,0,0,0,0,0,300323,0
299390,2664,7748,-84,203,336,-536,21359,-1,-5,-416,-136,36908,100,31,65,0,0,0,0,0,0,0,0,-32305,0,0,0,0,0,300328,0
299395,2636,7746,-78,204,340,-548,21359,-3,-2,-417,-128,36908,100,31,65,0,0,0,0,0,0,0,0,-32305,0,0,0,0,0,300334,0
299400,2624,7818,-66,207,339,-564,21360,0,-1,-417,-136,36911,95,30,65,0,0,0,0,0,0,0,0,-32305,0,0,0,0,0,300339,0
299405,2582,7804,-62,207,333,-574,21360,1,1,-418,-128,36911,95,30,65,0,0,0,0,0,0,0,0,-32305,0,0,0,0,0,300345,0
299410,2560,7786,-26,210,327,-582,21358,-7,-6,-418,-144,36910,99,30,65,0,0,0,0,0,0,0,0,-32305,0,0,0,0,0,300350,0
299415,2574,7790,-38,204,323,-587,21360,1,1,-417,-128,36910,99,30,65,0,0,0,0,0,0,0,0,-32305,0,0,0,0,0,300355,0
299420,2500,7722,-32,209,308,-612,21360,0,3,-418,-136,36911,95,30,65,0,0,0,0,0,0,0,0,-32305,0,0,0,0,0,300361,0
299425,2476,7642,-42,211,298,-615,21359,-2,-1,-417,-136,36911,95,30,65,0,0,0,0,0,0,0,0,-32305,0,0,0,0,0,300366,0
299430,2432,7580,-36,214,284,-626,21359,-2,0,-417,-136,36912,104,30,65,0,0,0,0,0,0,0,0,-32305,0,0,0,0,0,300372,0
299435,2412,7556,-22,217,276,-633,21361,7,-1,-418,-136,36912,104,30,65,0,0,0,0,0,0,0,0,-32305,0,0,0,0,0,300377,0
299440,2392,7496,-76,218,249,-657,21360,4,1,-419,-136,36916,96,31,65,0,0,0,0,0,0,0,0,-32305,0,0,0,0,0,300382,0
299445,2382,7476,-44,217,237,-673,21360,1,-1,-418,-128,36916,96,31,65,0,0,0,0,0,0,0,0,-32305,0,0,0,0,0,300388,0
299450,2372,7450,-54,218,228,-690,21359,-1,3,-417,-128,36915,93,31,65,0,0,0,0,0,0,0,0,-32305,0,0,0,0,0,300393,0
299455,2396,7464,-50,220,229,-705,21359,-5,-1,-417,-128,36915,93,31,65,0,0,0,0,0,0,0,0,-32305,0,0,0,0,0,300399,0
299460,2420,7606,-14,215,222,-747,21359,-2,-6,-417,-128,36911,102,31,65,0,0,0,0,0,0,0,0,-32305,0,0,0,0,0,300404,0
299465,2452,7660,-32,210,225,-771,21359,-4,-3,-417,-128,36911,102,31,65,0,0,0,0,0,0,0,0,-32305,0,0,0,0,0,300409,0
299470,2480,7690,-30,216,227,-790,21360,0,-2,-418,-128,36910,91,30,65,0,0,0,0,0,0,0,0,-32305,0,0,0,0,0,300415,0
299475,2472,7712,-36,209,225,-808,21359,-3,-8,-418,-128,36910,91,30,65,0,0,0,0,0,0,0,0,-32305,0,0,0,0,0,300420,0
299480,2458,7712,-44,215,222,-830,21361,6,3,-417,-128,36910,91,30,65,0,0,0,0,0,0,0,0,-32305,0,0,0,0,0,300426,0
299485,2438,7730,-36,212,219,-846,21359,-4,-6,-416,-136,36910,91,30,65,0,0,0,0,0,0,0,0,-32305,0,0,0,0,0,300431,0
299490,2464,7742,-6,220,219,-856,21359,-6,-4,-417,-128,36910,91,30,65,0,0,0,0,0,0,0,0,-32305,0,0,0,0,0,300436,0
299495,2486,7792,-18,214,217,-865,21360,-1,1,-417,-128,36910,91,30,65,0,0,0,0,0,0,0,0,-32305,0,0,0,0,0,300442,0
299500,2492,7708,-12,215,212,-896,21360,6,-2,-416,-128,36911,92,30,65,0,0,0,0,0,0,0,0,-32305,0,0,0,0,0,300447,0
299505,2484,7654,4,221,206,-912,21360,0,-4,-418,-128,36911,92,30,65,0,0,0,0,0,0,0,0,-32305,0,0,0,0,0,300453,0
299510,2428,7580,-8,226,197,-918,21361,8,2,-416,-136,36911,90,30,65,0,0,0,0,0,0,0,0,-32306,0,0,0,0,0,300458,0
299515,2390,7474,4,227,193,-923,21360,7,-3,-415,-136,36911,90,30,65,0,0,0,0,0,0,0,0,-32305,0,0,0,0,0,300463,0
299520,2370,7344,-10,232,169,-938,21359,-6,0,-417,-136,36914,88,30,65,0,0,0,0,0,0,0,0,-32305,0,0,0,0,0,300469,0
299525,2366,7264,-8,237,168,-952,21359,-2,-4,-418,-136,36914,88,30,65,0,0,0,0,0,0,0,0,-32305,0,0,0,0,0,300474,0
299530,3626,9516,906,192,142,-727,21358,-8,-3,-416,-144,36916,101,30,65,0,0,0,0,0,0,0,0,-32305,0,0,0,0,0,300480,0
299535,4092,9224,930,167,156,-659,21353,-24,-7,-413,-160,36916,101,30,65,0,0,0,0,0,0,0,0,-32305,0,0,0,0,0,300485,0
299540,7012,10268,2268,33,115,94,21341,-56,-34,-411,-176,36915,102,30,65,0,0,0,0,0,0,0,0,-32305,0,0,0,0,0,300491,0
299545,6092,10550,2334,-5,137,137,21328,-59,-54,-415,-168,36915,102,30,65,0,0,0,0,0,0,0,0,-32305,0,0,0,0,0,300497,0
299550,5824,10246,1428,7,215,-63,21308,-83,-63,-408,-208,36913,99,30,65,0,0,0,0,0,0,0,0,-32305,0,0,0,0,0,300501,0
299555,5158,10664,1362,-43,288,-371,21279,-141,-73,-395,-256,36913,99,30,65,0,0,0,0,0,0,0,0,-32305,0,0,0,0,0,300507,0
299560,4030,10710,1126,-122,227,-471,21242,-170,-97,-403,-296,36913,98,30,65,0,0,0,0,0,0,0,0,-32305,0,0,0,0,0,300513,0
299565,3852,10034,750,-115,143,-435,21188,-238,-122,-403,-352,36913,98,30,65,0,0,0,0,0,0,0,0,-32305,0,0,0,0,0,300518,0
299570,3426,9478,200,-105,92,-520,21130,-262,-153,-405,-392,36913,109,30,65,0,0,0,0,0,0,0,0,-32305,0,0,0,0,0,300523,0
299575,3272,9266,-294,-76,65,-593,21068,-257,-147,-399,-384,36913,109,30,65,0,0,0,0,0,0,0,0,-32305,0,0,0,0,0,300529,0
299580,2586,8412,-198,-50,33,-556,21010,-250,-97,-398,-328,36908,114,30,65,0,0,0,0,0,0,0,0,-32305,0,0,0,0,0,300534,0
299585,2030,8048,-78,-22,48,-538,20964,-194,-26,-397,-248,36908,114,30,65,0,0,0,0,0,0,0,0,-32305,0,0,0,0,0,300539,0
299590,1784,7754,24,-13,61,-519,20935,-114,69,-395,-152,36907,119,30,65,0,0,0,0,0,0,0,0,-32306,0,0,0,0,0,300545,0
299595,1890,7370,172,3,91,-493,20934,3,171,-403,-112,36907,119,30,65,0,0,0,0,0,0,0,0,-32305,0,0,0,0,0,300551,0
299600,2596,7392,324,14,131,-517,20937,18,235,-391,-128,36912,115,30,65,0,0,0,0,0,0,0,0,-32305,0,0,0,0,0,300556,0
299605,2854,7466,440,9,138,-542,20935,0,217,-388,-120,36912,115,30,65,0,0,0,0,0,0,0,0,-32305,0,0,0,0,0,300561,0
299610,3122,7552,460,21,128,-531,20935,-4,135,-392,-128,36918,116,31,65,0,0,0,0,0,0,0,0,-32305,0,0,0,0,0,300567,0
299615,3270,7656,472,30,116,-522,20934,-3,44,-391,-128,36918,116,31,65,0,0,0,0,0,0,0,0,-32305,0,0,0,0,0,300572,0
299620,3400,7502,426,37,87,-576,20932,-9,-7,-391,-128,36914,104,30,65,0,0,0,0,0,0,0,0,-32305,0,0,0,0,0,300577,0
299625,3450,7472,402,53,75,-590,20930,-12,-11,-390,-136,36914,104,30,65,0,0,0,0,0,0,0,0,-32305,0,0,0,0,0,300583,0
299630,3382,7374,426,58,66,-592,20927,-13,-12,-386,-144,36908,107,30,65,0,0,0,0,0,0,0,0,-32305,0,0,0,0,0,300588,0
299635,3282,7256,404,68,60,-610,20918,-41,-20,-387,-160,36908,107,30,65,0,0,0,0,0,0,0,0,-32305,0,0,0,0,0,300594,0
299640,2878,7142,406,93,43,-619,20900,-78,-46,-380,-192,36904,92,31,65,0,0,0,0,0,0,0,0,-32305,0,0,0,0,0,300599,0
299645,2660,7076,382,99,35,-620,20881,-83,-71,-384,-176,36904,92,31,65,0,0,0,0,0,0,0,0,-32305,0,0,0,0,0,300605,0
299650,2512,7022,392,114,27,-617,20869,-38,-52,-397,-144,36910,95,30,65,0,0,0,0,0,0,0,0,-32305,0,0,0,0,0,300610,0
299655,2372,7058,378,123,18,-614,20867,-4,-1,-395,-128,36910,95,30,65,0,0,0,0,0,0,0,0,-32305,0,0,0,0,0,300615,0
299660,2356,7140,406,137,-6,-598,20867,-6,51,-388,-128,36911,102,30,65,0,0,0,0,0,0,0,0,-32305,0,0,0,0,0,300621,0
299665,2344,7178,378,144,-18,-589,20868,1,79,-387,-128,36911,102,30,65,0,0,0,0,0,0,0,0,-32305,0,0,0,0,0,300626,0
299670,2366,7212,448,154,-28,-585,20868,8,59,-388,-120,36911,107,30,65,0,0,0,0,0,0,0,0,-32305,0,0,0,0,0,300631,0
299675,2450,7370,404,151,-36,-574,20867,0,22,-388,-128,36911,107,30,65,0,0,0,0,0,0,0,0,-32305,0,0,0,0,0,300637,0
299680,2444,7504,304,163,-49,-575,20867,-3,-3,-387,-120,36907,111,31,65,0,0,0,0,0,0,0,0,-32305,0,0,0,0,0,300643,0
299685,2476,7638,262,167,-57,-568,20867,0,-1,-389,-120,36907,111,31,65,0,0,0,0,0,0,0,0,-32305,0,0,0,0,0,300648,0
299690,2544,7678,218,176,-55,-564,20868,-1,-1,-388,-120,36909,102,30,65,0,0,0,0,0,0,0,0,-32305,0,0,0,0,0,300653,0
299695,2566,7714,172,176,-61,-561,20867,1,1,-387,-120,36909,102,30,65,0,0,0,0,0,0,0,0,-32305,0,0,0,0,0,300659,0
299700,2510,7844,74,191,-54,-565,20867,3,1,-389,-128,36911,96,30,65,0,0,0,0,0,0,0,0,-32305,0,0,0,0,0,300664,0
299705,2506,7864,84,192,-55,-565,20867,2,0,-387,-120,36911,96,30,65,0,0,0,0,0,0,0,0,-32304,0,0,0,0,0,300669,0
299710,2446,7870,56,193,-53,-567,20868,-1,-1,-388,-128,36909,96,30,65,0,0,0,0,0,0,0,0,-32305,0,0,0,0,0,300675,0
299715,2412,7876,82,198,-46,-568,20867,0,3,-385,-120,36909,96,30,65,0,0,0,0,0,0,0,0,-32305,0,0,0,0,0,300680,0
299720,2430,7834,10,205,-36,-562,20867,-2,1,-387,-128,36907,97,30,65,0,0,0,0,0,0,0,0,-32305,0,0,0,0,0,300685,0
299725,2400,7836,-8,199,-39,-562,20869,5,-6,-389,-120,36907,97,30,65,0,0,0,0,0,0,0,0,-32305,0,0,0,0,0,300692,0
299730,2420,7816,-20,206,-24,-558,20867,-4,1,-388,-128,36907,105,30,65,0,0,0,0,0,0,0,0,-32305,0,0,0,0,0,300697,0
299735,2456,7816,-32,201,-24,-558,20868,3,0,-388,-128,36907,105,30,65,0,0,0,0,0,0,0,0,-32304,0,0,0,0,0,300702,0
299740,2508,7850,-42,204,-2,-558,20868,0,-2,-387,-120,36908,105,30,65,0,0,0,0,0,0,0,0,-32305,0,0,0,0,0,300707,0
299745,2522,7846,-32,205,4,-558,20868,4,2,-388,-120,36908,105,30,65,0,0,0,0,0,0,0,0,-32305,0,0,0,0,0,300713,0
299750,2562,7856,-44,203,19,-563,20867,3,0,-388,-128,36910,114,30,65,0,0,0,0,0,0,0,0,-32305,0,0,0,0,0,300718,0
299755,2568,7850,-54,209,33,-563,20867,2,0,-389,-120,36910,114,30,65,0,0,0,0,0,0,0,0,-32305,0,0,0,0,0,300723,0
299760,2572,7810,-48,213,58,-571,20867,-8,-2,-391,-120,36915,115,31,65,0,0,0,0,0,0,0,0,-32305,0,0,0,0,0,300729,0
299765,2556,7798,-54,210,75,-568,20868,6,1,-390,-128,36915,115,31,65,0,0,0,0,0,0,0,0,-32305,0,0,0,0,0,300734,0
299770,2538,7794,-56,207,82,-572,20867,-3,-1,-390,-128,36915,109,30,65,0,0,0,0,0,0,0,0,-32305,0,0,0,0,0,300739,0
299775,2524,7770,-38,212,95,-571,20867,0,0,-389,-128,36915,109,30,65,0,0,0,0,0,0,0,0,-32305,0,0,0,0,0,300745,0
299780,2482,7742,-48,214,108,-573,20867,2,-2,-387,-128,36915,102,30,65,0,0,0,0,0,0,0,0,-32305,0,0,0,0,0,300751,0
299785,2432,7700,-12,213,115,-580,20867,-5,5,-388,-120,36915,102,30,65,0,0,0,0,0,0,0,0,-32305,0,0,0,0,0,300756,0
299790,2444,7678,-26,217,116,-580,20868,-2,-1,-387,-120,36907,95,30,65,0,0,0,0,0,0,0,0,-32305,0,0,0,0,0,300761,0
299795,2408,7652,-28,217,114,-585,20866,1,3,-388,-120,36907,95,30,65,0,0,0,0,0,0,0,0,-32305,0,0,0,0,0,300767,0
299800,2400,7674,-6,216,109,-592,20867,-4,-2,-387,-136,36904,102,30,65,0,0,0,0,0,0,0,0,-32305,0,0,0,0,0,300772,0
299805,2362,7666,14,211,107,-590,20865,-3,-2,-389,-120,36904,102,30,65,0,0,0,0,0,0,0,0,-32305,0,0,0,0,0,300777,0
299810,2356,7672,-4,220,100,-592,20864,-12,-2,-389,-128,36905,98,30,65,0,0,0,0,0,0,0,0,-32305,0,0,0,0,0,300783,0
299815,2368,7700,-26,214,87,-598,20859,-23,-11,-386,-144,36905,98,30,65,0,0,0,0,0,0,0,0,-32305,0,0,0,0,0,300788,0
299820,2360,7708,-42,213,71,-604,20849,-48,-24,-380,-168,36906,100,30,65,0,0,0,0,0,0,0,0,-32305,0,0,0,0,0,300794,0
299825,2316,7676,-54,215,58,-601,20828,-100,-57,-375,-200,36906,100,30,65,0,0,0,0,0,0,0,0,-32304,0,0,0,0,0,300799,0
299830,2246,7680,-56,213,52,-606,20803,-115,-86,-383,-200,36909,103,31,65,0,0,0,0,0,0,0,0,-32305,0,0,0,0,0,300805,0
299835,2226,7658,-64,213,39,-605,20773,-132,-97,-379,-224,36909,103,31,65,0,0,0,0,0,0,0,0,-32305,0,0,0,0,0,300810,0
299840,2180,7676,-76,214,24,-611,20739,-149,-91,-377,-224,36906,105,30,65,0,0,0,0,0,0,0,0,-32305,0,0,0,0,0,300816,0
299845,2188,7710,-82,210,4,-613,20707,-138,-64,-381,-216,36906,105,30,65,0,0,0,0,0,0,0,0,-32305,0,0,0,0,0,300821,0
299850,2190,7734,-78,212,3,-616,20674,-150,-36,-366,-216,36903,94,30,65,0,0,0,0,0,0,0,0,-32305,0,0,0,0,0,300827,0
299855,2222,7774,-88,214,-6,-619,20642,-142,-14,-378,-216,36903,94,30,65,0,0,0,0,0,0,0,0,-32305,0,0,0,0,0,300832,0
299860,2282,7834,-118,210,-15,-632,20606,-152,-5,-371,-224,36910,82,30,65,0,0,0,0,0,0,0,0,-32305,0,0,0,0,0,300838,0
299865,2386,7848,-114,205,-31,-636,20579,-128,5,-374,-192,36910,82,30,65,0,0,0,0,0,0,0,0,-32305,0,0,0,0,0,300843,0
299870,2406,7910,-76,209,-30,-655,20552,-111,8,-369,-192,36912,86,30,65,0,0,0,0,0,0,0,0,-32305,0,0,0,0,0,300848,0
299875,2492,7908,-86,212,-37,-664,20535,-66,49,-383,-144,36912,86,30,65,0,0,0,0,0,0,0,0,-32305,0,0,0,0,0,300854,0
299880,2628,7892,-52,201,-53,-686,20521,-52,72,-371,-144,36909,91,30,65,0,0,0,0,0,0,0,0,-32305,0,0,0,0,0,300859,0
299885,2628,7862,-78,209,-62,-711,20508,-63,71,-363,-152,36909,91,30,65,0,0,0,0,0,0,0,0,-32305,0,0,0,0,0,300864,0
299890,2610,7802,-42,201,-60,-719,20490,-78,43,-363,-160,36903,103,30,65,0,0,0,0,0,0,0,0,-32305,0,0,0,0,0,300870,0
299895,2540,7750,-32,209,-66,-742,20475,-58,18,-369,-136,36903,103,30,65,0,0,0,0,0,0,0,0,-32305,0,0,0,0,0,300875,0
299900,2452,7664,-22,212,-74,-758,20463,-55,-3,-369,-136,36905,115,30,65,0,0,0,0,0,0,0,0,-32305,0,0,0,0,0,300881,0
299905,2330,7594,-46,215,-73,-766,20446,-76,-4,-356,-160,36905,115,30,65,0,0,0,0,0,0,0,0,-32305,0,0,0,0,0,300886,0
299910,2194,7528,-66,209,-75,-772,20423,-100,-15,-354,-168,36910,117,30,65,0,0,0,0,0,0,0,0,-32305,0,0,0,0,0,300891,0
299915,2074,7496,-106,204,-88,-775,20403,-77,-24,-366,-144,36910,117,30,65,0,0,0,0,0,0,0,0,-32305,0,0,0,0,0,300897,0
299920,1974,7438,-194,205,-96,-775,20384,-87,-27,-359,-168,36908,128,30,65,0,0,0,0,0,0,0,0,-32305,0,0,0,0,0,300902,0
299925,1896,7456,-160,203,-94,-780,20360,-121,-20,-349,-176,36908,128,30,65,0,0,0,0,0,0,0,0,-32305,0,0,0,0,0,300907,0
299930,1794,7390,-194,208,-106,-768,20338,-96,-7,-355,-168,36905,123,30,65,0,0,0,0,0,0,0,0,-32305,0,0,0,0,0,300913,0
299935,1640,7262,-202,203,-113,-754,20311,-130,-15,-345,-216,36905,123,30,65,0,0,0,0,0,0,0,0,-32305,0,0,0,0,0,300918,0
299940,1094,6998,-274,187,-132,-716,20275,-156,-51,-345,-216,36906,114,30,65,0,0,0,0,0,0,0,0,-32305,0,0,0,0,0,300924,0
299945,1048,7260,-364,184,-136,-686,20232,-201,-65,-347,-296,36906,114,30,65,0,0,0,0,0,0,0,0,-32305,0,0,0,0,0,300929,0
299950,1266,7722,-430,183,-143,-683,20182,-225,-87,-343,-328,36905,110,30,65,0,0,0,0,0,0,0,0,-32305,0,0,0,0,0,300935,0
299955,1606,8254,-468,180,-152,-683,20123,-257,-123,-338,-360,36905,110,30,65,0,0,0,0,0,0,0,0,-32305,0,0,0,0,0,300940,0
299960,2548,8924,-290,177,-152,-719,20055,-294,-118,-343,-424,36906,110,30,65,0,0,0,0,0,0,0,0,-32305,0,0,0,0,0,300946,0
299965,2858,8944,-162,172,-152,-752,19979,-332,-124,-340,-448,36906,110,30,65,0,0,0,0,0,0,0,0,-32305,0,0,0,0,0,300951,0
299970,3000,8786,-110,175,-145,-787,19893,-377,-128,-325,-536,36901,115,30,65,0,0,0,0,0,0,0,0,-32305,0,0,0,0,0,300956,0
299975,2988,8608,-102,169,-135,-816,19792,-444,-143,-313,-672,36901,115,30,65,0,0,0,0,0,0,0,0,-32305,0,0,0,0,0,300962,0
299980,2738,8288,-290,155,-114,-869,19683,-479,-161,-316,-744,36902,116,30,65,0,0,0,0,0,0,0,0,-32305,0,0,0,0,0,300968,0
299985,2546,8182,-342,159,-105,-888,19565,-521,-165,-318,-824,36902,116,30,65,0,0,0,0,0,0,0,0,-32305,0,0,0,0,0,300973,0
299990,2510,8142,-398,155,-90,-910,19444,-535,-146,-303,-904,36900,111,30,65,0,0,0,0,0,0,0,0,-32305,0,0,0,0,0,300978,0
299995,2462,8132,-424,155,-76,-938,19319,-552,-117,-296,-928,36900,111,30,65,0,0,0,0,0,0,0,0,-32305,0,0,0,0,0,300984,0
300000,2514,8122,-276,154,-47,-972,19191,-562,-84,-299,-896,36900,115,30,65,0,0,0,0,0,0,0,0,-32305,0,0,0,0,0,300989,0
300005,2422,8074,-218,149,-26,-994,19064,-555,-53,-299,-840,36900,115,30,65,0,0,0,0,0,0,0,0,-32305,0,0,0,0,0,300994,0
300010,2422,8044,-182,145,-12,-1013,18944,-541,-22,-280,-784,36897,107,30,65,0,0,0,0,0,0,0,0,-32305,0,0,0,0,0,301000,0
300015,2250,7974,-172,147,-1,-1026,18825,-519,12,-270,-688,36897,107,30,65,0,0,0,0,0,0,0,0,-32305,0,0,0,0,0,301005,0
300020,1916,7876,-178,144,9,-1050,18713,-490,43,-258,-592,36897,105,30,65,0,0,0,0,0,0,0,0,-32305,0,0,0,0,0,301010,0
300025,1696,7744,-158,140,22,-1054,18610,-451,72,-242,-512,36897,105,30,65,0,0,0,0,0,0,0,0,-32305,0,0,0,0,0,301016,0
300030,1736,7622,-186,143,38,-1047,18518,-396,102,-236,-400,36904,99,30,65,0,0,0,0,0,0,0,0,-32305,0,0,0,0,0,301022,0
300035,1628,7542,-138,136,52,-1048,18433,-366,128,-243,-344,36904,99,30,65,0,0,0,0,0,0,0,0,-32305,0,0,0,0,0,301027,0
300040,1270,7356,-102,151,82,-1022,18358,-330,140,-251,-304,36916,106,30,65,0,0,0,0,0,0,0,0,-32305,0,0,0,0,0,301032,0
300045,1056,7272,-34,153,94,-1011,18293,-279,141,-237,-208,36916,106,30,65,0,0,0,0,0,0,0,0,-32305,0,0,0,0,0,301038,0
300050,876,7228,-6,154,112,-995,18240,-224,151,-222,-160,36928,124,30,65,0,0,0,0,0,0,0,0,-32305,0,0,0,0,0,301043,0
300055,714,7158,16,158,113,-968,18198,-179,158,-215,-144,36928,124,30,65,0,0,0,0,0,0,0,0,-32305,0,0,0,0,0,301048,0
300060,392,7158,-34,166,126,-903,18161,-159,161,-220,-144,36928,118,30,65,0,0,0,0,0,0,0,0,-32305,0,0,0,0,0,301054,0
300065,-4,7380,-140,170,107,-872,18133,-129,144,-224,-104,36928,118,30,65,0,0,0,0,0,0,0,0,-32305,0,0,0,0,0,301059,0
300070,266,7110,-96,180,134,-839,18103,-133,113,-216,-136,36925,125,30,65,0,0,0,0,0,0,0,0,-32305,0,0,0,0,0,301065,0
300075,-42,7544,144,172,123,-805,18067,-156,56,-219,-144,36925,125,30,65,0,0,0,0,0,0,0,0,-32305,0,0,0,0,0,301070,0
300080,716,7882,-38,183,106,-784,18015,-232,-19,-213,-248,36921,116,30,65,0,0,0,0,0,0,0,0,-32306,0,0,0,0,0,301076,0
300085,1060,7928,102,195,111,-770,17939,-354,-118,-200,-456,36921,116,30,65,0,0,0,0,0,0,0,0,-32305,0,0,0,0,0,301081,0
300090,1280,7984,136,190,112,-763,17828,-509,-248,-184,-864,36916,107,30,65,0,0,0,0,0,0,0,0,-32305,0,0,0,0,0,301087,0
300095,1396,8102,2,201,119,-759,17676,-687,-377,-163,-1376,36916,107,30,65,0,0,0,0,0,0,0,0,-32305,0,0,0,0,0,301092,0
300100,1110,8494,-108,201,140,-738,17473,-913,-515,-172,-1888,36906,105,30,65,0,0,0,0,0,0,0,0,-32305,0,0,0,0,0,301098,0
300105,804,8620,-196,206,145,-724,17220,-1138,-639,-167,-2360,36906,105,30,65,0,0,0,0,0,0,0,0,-32305,0,0,0,0,0,301104,0
300110,378,8736,-232,203,151,-700,16917,-1352,-715,-156,-2800,36902,106,30,65,0,0,0,0,0,0,0,0,-32305,0,0,0,0,0,301110,0
300115,-550,9074,-368,203,117,-673,16570,-1541,-748,-155,-3112,36902,106,30,65,0,0,0,0,0,0,0,0,-32305,0,0,0,0,0,301115,0
300120,-714,8780,-180,197,107,-595,16183,-1707,-730,-136,-3392,36902,125,30,65,0,0,0,0,0,0,0,0,-32305,0,0,0,0,0,301120,0
300125,-866,8694,-114,206,112,-554,15763,-1865,-675,-110,-3632,36902,125,30,65,0,0,0,0,0,0,0,0,-32305,0,0,0,0,0,301126,0
300130,-896,8656,-66,203,117,-506,15313,-1996,-603,-74,-3832,36900,129,30,65,0,0,0,0,0,0,0,0,-32305,0,0,0,0,0,301131,0
300135,-942,8666,-208,201,125,-465,14830,-2132,-542,-44,-4056,36900,129,30,65,0,0,0,0,0,0,0,0,-32305,0,0,0,0,0,301136,0
300140,-1048,8450,-182,209,125,-437,14312,-2297,-511,-4,-4280,36898,139,30,65,0,0,0,0,0,0,0,0,-32305,0,0,0,0,0,301142,0
300145,3972,7818,142,233,13,-896,13771,-2379,-493,2,-4336,36898,139,30,65,0,0,0,0,0,0,0,0,-32305,0,0,0,0,0,301147,0
300150,11302,7374,-90,208,-33,-838,13239,-2341,-406,-3,-4048,36896,130,30,65,0,0,0,0,0,0,0,0,-32305,0,0,0,0,0,301153,0
300155,11188,6464,-466,165,-8,-1026,12728,-2235,-223,38,-3648,36896,130,30,65,0,0,0,0,0,0,0,0,-32305,0,0,0,0,0,301158,0
300160,6082,7056,-1370,163,36,-1184,12258,-2049,35,72,-3128,36902,120,30,65,0,0,0,0,0,0,0,0,-32305,0,0,0,0,0,301164,0
300165,2676,8392,-876,186,64,-1189,11878,-1622,385,59,-1976,36902,120,30,65,0,0,0,0,0,0,0,0,-32305,0,0,0,0,0,301169,0
300170,376,8430,-60,184,105,-1236,11663,-863,885,28,-144,36910,120,30,65,0,0,0,0,0,0,0,0,-32305,0,0,0,0,0,301174,0
300175,-318,8188,248,181,126,-1244,11670,135,1581,408,680,36910,120,30,65,0,0,0,0,0,0,0,0,-32305,0,0,0,0,0,301180,0
300180,-244,8058,-10,165,72,-1252,11853,861,2289,289,1936,36909,113,30,65,0,0,0,0,0,0,0,0,-32305,0,0,0,0,0,301185,0
300185,-266,8430,-274,158,39,-1232,12134,1271,2615,188,2664,36909,113,30,65,0,0,0,0,0,0,0,0,-32305,0,0,0,0,0,301190,0
300190,-388,8876,-536,162,20,-1233,12458,1439,2357,236,2760,36904,118,30,65,0,0,0,0,0,0,0,0,-32305,0,0,0,0,0,301196,0
300195,250,9180,-524,158,31,-1239,12726,1466,1663,181,2648,36904,118,30,65,0,0,0,0,0,0,0,0,-32305,0,0,0,0,0,301201,0
300200,2840,8596,-426,152,84,-1286,13055,1446,868,118,2440,36900,126,30,65,0,0,0,0,0,0,0,0,-32305,0,0,0,0,0,301207,0
300205,3490,8258,-434,149,128,-1315,13371,1387,314,82,2216,36900,126,30,65,0,0,0,0,0,0,0,0,-32305,0,0,0,0,0,301212,0
300210,3224,7856,-484,154,162,-1345,13668,1298,-14,44,1920,36903,126,30,65,0,0,0,0,0,0,0,0,-32305,0,0,0,0,0,301218,0
300215,2408,7786,-420,142,182,-1372,13926,1130,-226,42,1408,36903,126,30,65,0,0,0,0,0,0,0,0,-32305,0,0,0,0,0,301223,0
300220,496,7950,-294,126,165,-1395,14128,859,-419,55,616,36903,123,30,65,0,0,0,0,0,0,0,0,-32305,0,0,0,0,0,301228,0
300225,-514,8092,-460,123,81,-1387,14249,488,-664,-16,16,36903,123,30,65,0,0,0,0,0,0,0,0,-32305,0,0,0,0,0,301234,0
300230,-536,7896,-476,130,23,-1384,14265,13,-975,-224,-88,36904,114,30,65,0,0,0,0,0,0,0,0,-32305,0,0,0,0,0,301239,0
300235,-210,7828,-74,120,-20,-1382,14202,-284,-1209,-59,-248,36904,114,30,65,0,0,0,0,0,0,0,0,-32304,0,0,0,0,0,301244,0
300240,626,7838,-220,134,-40,-1379,14096,-483,-1236,-31,-456,36906,121,30,65,0,0,0,0,0,0,0,0,-32305,0,0,0,0,0,301250,0
300245,890,8086,-202,126,-42,-1393,13965,-591,-1026,-41,-600,36906,121,30,65,0,0,0,0,0,0,0,0,-32305,0,0,0,0,0,301255,0
300250,1102,8200,-318,126,-42,-1399,13821,-637,-715,-38,-536,36907,122,30,65,0,0,0,0,0,0,0,0,-32305,0,0,0,0,0,301261,0
300255,1332,8250,-382,117,-55,-1423,13678,-627,-387,-14,-400,36907,122,30,65,0,0,0,0,0,0,0,0,-32305,0,0,0,0,0,301266,0
300260,1408,8382,-452,115,-81,-1466,13545,-572,-161,23,-240,36906,118,30,65,0,0,0,0,0,0,0,0,-32305,0,0,0,0,0,301272,0
300265,1250,8482,-462,115,-95,-1485,13433,-483,20,100,-168,36906,118,30,65,0,0,0,0,0,0,0,0,-32305,0,0,0,0,0,301277,0
300270,1078,8520,-392,109,-90,-1496,13341,-388,170,136,-128,36901,120,30,65,0,0,0,0,0,0,0,0,-32305,0,0,0,0,0,301282,0
300275,874,8526,-358,109,-89,-1517,13273,-288,264,113,-64,36901,120,30,65,0,0,0,0,0,0,0,0,-32305,0,0,0,0,0,301288,0
300280,588,8482,-262,103,-75,-1545,13233,-163,338,109,-32,36907,106,30,65,0,0,0,0,0,0,0,0,-32305,0,0,0,0,0,301293,0
300285,646,8474,-262,100,-74,-1557,13214,-71,358,81,8,36907,106,30,65,0,0,0,0,0,0,0,0,-32305,0,0,0,0,0,301298,0
300290,730,8444,-298,95,-70,-1573,13217,26,366,53,40,36908,108,30,65,0,0,0,0,0,0,0,0,-32305,0,0,0,0,0,301304,0
300295,820,8384,-418,91,-72,-1584,13228,51,322,60,16,36908,108,30,65,0,0,0,0,0,0,0,0,-32305,0,0,0,0,0,301309,0
300300,962,8182,-404,90,-81,-1615,13233,20,225,58,16,36910,104,30,65,0,0,0,0,0,0,0,0,-32305,0,0,0,0,0,301315,0
300305,954,8180,-440,89,-68,-1630,13231,-6,96,58,16,36910,104,30,65,0,0,0,0,0,0,0,0,-32305,0,0,0,0,0,301320,0
300310,830,8108,-438,83,-74,-1642,13232,0,2,58,16,36909,118,30,65,0,0,0,0,0,0,0,0,-32305,0,0,0,0,0,301325,0
300315,706,8112,-470,76,-63,-1654,13232,0,-35,56,16,36909,118,30,65,0,0,0,0,0,0,0,0,-32305,0,0,0,0,0,301331,0
300320,438,8048,-424,62,-53,-1675,13232,-4,-25,59,16,36910,117,30,65,0,0,0,0,0,0,0,0,-32305,0,0,0,0,0,301336,0
300325,376,8002,-434,61,-38,-1682,13232,8,0,58,16,36910,117,30,65,0,0,0,0,0,0,0,0,-32306,0,0,0,0,0,301342,0
300330,264,8148,-424,53,-27,-1687,13231,-2,0,58,16,36910,102,30,65,0,0,0,0,0,0,0,0,-32305,0,0,0,0,0,301347,0
300335,368,7908,-512,52,-17,-1699,13232,6,2,58,8,36910,102,30,65,0,0,0,0,0,0,0,0,-32305,0,0,0,0,0,301353,0
300340,366,7906,-380,36,17,-1711,13232,0,1,56,16,36906,105,30,65,0,0,0,0,0,0,0,0,-32305,0,0,0,0,0,301358,0
300345,368,7942,-508,33,35,-1717,13231,-6,1,55,16,36906,105,30,65,0,0,0,0,0,0,0,0,-32305,0,0,0,0,0,301363,0
300350,340,8018,-494,31,48,-1729,13231,-2,-3,56,16,36904,112,30,65,0,0,0,0,0,0,0,0,-32305,0,0,0,0,0,301369,0
300355,-2368,10464,-180,25,85,-1843,13232,0,1,60,16,36904,112,30,65,0,0,0,0,0,0,0,0,-32305,0,0,0,0,0,301374,0
300360,-2532,10378,-596,1,30,-1748,13232,-1,3,59,8,36903,111,30,65,0,0,0,0,0,0,0,0,-32305,0,0,0,0,0,301379,0
300365,1004,8690,-1034,18,44,-1735,13232,0,1,58,16,36903,111,30,65,0,0,0,0,0,0,0,0,-32305,0,0,0,0,0,301385,0
300370,1660,8716,-536,-5,53,-1737,13231,0,1,58,16,36907,104,30,65,0,0,0,0,0,0,0,0,-32305,0,0,0,0,0,301390,0
300375,728,8744,-392,-10,36,-1768,13232,-3,4,57,16,36907,104,30,65,0,0,0,0,0,0,0,0,-32305,0,0,0,0,0,301396,0
300380,340,7790,-32,-12,2,-1807,13232,2,3,58,8,36911,112,30,65,0,0,0,0,0,0,0,0,-32305,0,0,0,0,0,301401,0
300385,-78,7806,10,-10,-25,-1812,13232,8,-2,58,8,36911,112,30,65,0,0,0,0,0,0,0,0,-32305,0,0,0,0,0,301406,0
300390,-686,7876,-214,-7,-46,-1814,13231,-9,2,57,16,36914,114,30,65,0,0,0,0,0,0,0,0,-32305,0,0,0,0,0,301412,0
300395,-1430,7970,-126,-2,-50,-1801,13231,0,1,55,8,36914,114,30,65,0,0,0,0,0,0,0,0,-32305,0,0,0,0,0,301417,0
300400,-1950,7980,-6,20,-84,-1751,13232,0,-2,57,16,36909,105,30,65,0,0,0,0,0,0,0,0,-32305,0,0,0,0,0,301423,0
300405,-1716,7870,64,22,-96,-1721,13231,0,-1,60,16,36909,105,30,65,0,0,0,0,0,0,0,0,-32304,0,0,0,0,0,301428,0
300410,-1330,7826,66,32,-121,-1701,13232,1,3,58,16,36908,94,30,65,0,0,0,0,0,0,0,0,-32305,0,0,0,0,0,301433,0
300415,-1014,7770,14,40,-128,-1690,13231,-1,1,58,16,36908,94,30,65,0,0,0,0,0,0,0,0,-32305,0,0,0,0,0,301439,0
300420,-722,7948,66,56,-127,-1654,13230,-6,-1,-304,-736,36904,106,30,65,0,0,0,0,0,0,0,0,-32305,0,0,0,0,0,301444,0
300425,-1132,7882,110,68,-126,-1661,13168,-304,-141,-1183,-1312,36904,106,30,65,0,0,0,0,0,0,0,0,-32306,0,0,0,0,0,301449,0
300430,-1182,7894,8,75,-119,-1629,13045,-555,-382,-995,-1440,36901,123,30,65,0,0,0,0,0,0,0,0,-32305,0,0,0,0,0,301455,0
300435,-1434,7908,80,82,-116,-1613,12893,-683,-589,-628,-1184,36901,123,30,65,0,0,0,0,0,0,0,0,-32305,0,0,0,0,0,301460,0
300440,-1722,7748,112,98,-128,-1556,12735,-679,-612,-296,-760,36894,138,30,65,0,0,0,0,0,0,0,0,-32305,0,0,0,0,0,301466,0
300445,-1722,7678,118,114,-119,-1537,12596,-598,-406,-119,-376,36894,138,30,65,0,0,0,0,0,0,0,0,-32305,0,0,0,0,0,301471,0
300450,-1796,7618,142,114,-117,-1511,12482,-486,-56,-14,-200,36895,131,30,65,0,0,0,0,0,0,0,0,-32305,0,0,0,0,0,301477,0
300455,-1620,7612,110,119,-115,-1482,12406,-329,225,-26,-216,36895,131,30,65,0,0,0,0,0,0,0,0,-32305,0,0,0,0,0,301482,0
300460,-1764,7644,-32,135,-106,-1448,12363,-185,403,-244,-256,36900,115,30,65,0,0,0,0,0,0,0,0,-32305,0,0,0,0,0,301487,0
300465,-1716,7720,-58,142,-106,-1421,12344,-64,459,-515,-272,36900,115,30,65,0,0,0,0,0,0,0,0,-32305,0,0,0,0,0,301493,0
300470,-1840,7744,-88,146,-110,-1402,12335,-29,425,-697,-296,36902,119,30,65,0,0,0,0,0,0,0,0,-32305,0,0,0,0,0,301498,0
300475,-1870,7756,-98,150,-113,-1381,12323,-58,304,-738,-280,36902,119,30,65,0,0,0,0,0,0,0,0,-32305,0,0,0,0,0,301504,0
300480,-1904,7782,-148,157,-113,-1332,12310,-69,149,-702,-280,36902,118,30,65,0,0,0,0,0,0,0,0,-32305,0,0,0,0,0,301509,0
300485,-1868,7718,-146,153,-118,-1308,12300,-46,46,-692,-232,36902,118,30,65,0,0,0,0,0,0,0,0,-32305,0,0,0,0,0,301514,0
300490,-1864,7714,-188,161,-115,-1295,12298,0,17,-729,-256,36906,113,30,65,0,0,0,0,0,0,0,0,-32305,0,0,0,0,0,301520,0
300495,-1910,7744,-190,155,-118,-1271,12298,0,36,-771,-248,36906,113,30,65,0,0,0,0,0,0,0,0,-32305,0,0,0,0,0,301525,0
300500,-1872,7846,-232,160,-118,-1239,12298,0,55,-777,-256,36911,99,30,65,0,0,0,0,0,0,0,0,-32305,0,0,0,0,0,301531,0
300505,-1824,7916,-248,151,-117,-1219,12298,4,45,-776,-248,36911,99,30,65,0,0,0,0,0,0,0,0,-32305,0,0,0,0,0,301536,0
300510,-1776,7898,-302,151,-117,-1203,12297,-3,14,-776,-256,36913,100,30,65,0,0,0,0,0,0,0,0,-32305,0,0,0,0,0,301541,0
300515,-1692,7884,-318,154,-109,-1186,12295,-5,-3,-772,-256,36913,100,30,65,0,0,0,0,0,0,0,0,-32305,0,0,0,0,0,301547,0
300520,-1612,7898,-344,145,-112,-1162,12294,-9,-12,-768,-248,36902,115,30,65,0,0,0,0,0,0,0,0,-32305,0,0,0,0,0,301552,0
300525,-1626,7884,-372,142,-100,-1152,12293,-10,-6,-768,-256,36902,115,30,65,0,0,0,0,0,0,0,0,-32305,0,0,0,0,0,301558,0
300530,-1632,7902,-370,137,-91,-1139,12290,-17,-2,-768,-240,36903,110,30,65,0,0,0,0,0,0,0,0,-32304,0,0,0,0,0,301564,0
300535,-1678,7882,-398,138,-86,-1135,12289,-11,-2,-758,-240,36903,110,30,65,0,0,0,0,0,0,0,0,-32304,0,0,0,0,0,301569,0
300540,-1666,7884,-396,125,-76,-1110,12287,-9,-5,-753,-256,36905,118,30,65,0,0,0,0,0,0,0,0,-32305,0,0,0,0,0,301574,0
300545,-1652,7932,-398,120,-65,-1101,12282,-23,-3,-745,-256,36905,118,30,65,0,0,0,0,0,0,0,0,-32305,0,0,0,0,0,301580,0
300550,-1648,7892,-412,115,-59,-1095,12278,-21,-11,-730,-256,36909,112,30,65,0,0,0,0,0,0,0,0,-32305,0,0,0,0,0,301586,0
300555,-1696,7908,-432,106,-49,-1084,12269,-44,-22,-706,-272,36909,112,30,65,0,0,0,0,0,0,0,0,-32305,0,0,0,0,0,301590,0
300560,-1702,7970,-422,95,-46,-1074,12252,-71,-38,-650,-280,36909,113,30,65,0,0,0,0,0,0,0,0,-32305,0,0,0,0,0,301596,0
300565,-1642,7980,-432,95,-44,-1071,12238,-67,-52,-622,-232,36909,113,30,65,0,0,0,0,0,0,0,0,-32305,0,0,0,0,0,301602,0
300570,-1592,8030,-424,85,-44,-1064,12235,-5,-21,-644,-232,36906,113,30,65,0,0,0,0,0,0,0,0,-32304,0,0,0,0,0,301607,0
300575,-1608,8090,-398,83,-44,-1065,12235,1,29,-700,-248,36906,113,30,65,0,0,0,0,0,0,0,0,-32305,0,0,0,0,0,301612,0
300580,-1532,8116,-398,70,-37,-1056,12235,0,60,-714,-256,36908,111,30,65,0,0,0,0,0,0,0,0,-32304,0,0,0,0,0,301618,0
300585,-1468,8140,-378,62,-34,-1056,12234,-5,58,-717,-232,36908,111,30,65,0,0,0,0,0,0,0,0,-32305,0,0,0,0,0,301623,0
300590,-1454,8200,-310,59,-23,-1052,12235,1,35,-718,-248,36907,117,30,65,0,0,0,0,0,0,0,0,-32306,0,0,0,0,0,301629,0
300595,-1498,8262,-296,53,-16,-1057,12235,-4,1,-718,-232,36907,117,30,65,0,0,0,0,0,0,0,0,-32306,0,0,0,0,0,301634,0
300600,-1540,8372,-424,49,-15,-1049,12236,9,5,-714,-256,36909,112,30,65,0,0,0,0,0,0,0,0,-32305,0,0,0,0,0,301639,0
300605,-1338,8260,-544,46,-19,-1051,12235,0,1,-714,-256,36909,112,30,65,0,0,0,0,0,0,0,0,-32305,0,0,0,0,0,301645,0
300610,-1338,8306,-424,43,-24,-1054,12235,4,1,-715,-256,36907,124,30,65,0,0,0,0,0,0,0,0,-32304,0,0,0,0,0,301650,0
300615,-1306,8252,-482,43,-27,-1059,12234,-8,-2,-721,-232,36907,124,30,65,0,0,0,0,0,0,0,0,-32304,0,0,0,0,0,301656,0
300620,-1378,8138,-338,50,-40,-1074,12235,5,3,-713,-248,36906,123,30,65,0,0,0,0,0,0,0,0,-32305,0,0,0,0,0,301661,0
300625,-1382,8114,-280,48,-41,-1082,12235,3,-2,-716,-256,36906,123,30,65,0,0,0,0,0,0,0,0,-32305,0,0,0,0,0,301667,0
300630,-1486,8086,-220,47,-46,-1086,12235,5,4,-717,-248,36905,118,30,65,0,0,0,0,0,0,0,0,-32304,0,0,0,0,0,301672,0
300635,-1576,8030,-184,54,-59,-1103,12235,-8,2,-721,-232,36905,118,30,65,0,0,0,0,0,0,0,0,-32305,0,0,0,0,0,301678,0
300640,-1666,7972,-52,66,-66,-1112,12234,0,1,-714,-240,36903,123,30,65,0,0,0,0,0,0,0,0,-32305,0,0,0,0,0,301683,0
300645,-1710,7922,-36,71,-77,-1122,12234,-3,-2,-717,-248,36903,123,30,65,0,0,0,0,0,0,0,0,-32304,0,0,0,0,0,301688,0
300650,-1702,7894,-22,85,-92,-1126,12235,0,-2,-716,-240,36902,118,30,65,0,0,0,0,0,0,0,0,-32305,0,0,0,0,0,301694,0
300655,-1780,7890,-34,91,-103,-1136,12234,0,1,-714,-248,36902,118,30,65,0,0,0,0,0,0,0,0,-32305,0,0,0,0,0,301699,0
300660,-1868,7884,-42,115,-140,-1157,12235,2,2,-715,-256,36900,112,30,65,0,0,0,0,0,0,0,0,-32305,0,0,0,0,0,301705,0
300665,-1906,7910,-24,131,-155,-1160,12234,-3,-6,-716,-248,36900,112,30,65,0,0,0,0,0,0,0,0,-32304,0,0,0,0,0,301710,0
300670,-1926,7910,-62,141,-172,-1171,12234,-10,-2,-717,-240,36901,102,30,65,0,0,0,0,0,0,0,0,-32305,0,0,0,0,0,301715,0
300675,-1970,7942,-50,155,-192,-1182,12234,-3,-1,-717,-248,36901,102,30,65,0,0,0,0,0,0,0,0,-32304,0,0,0,0,0,301721,0
300680,-2050,7908,-58,189,-229,-1189,12234,-8,0,-720,-248,36906,105,30,65,0,0,0,0,0,0,0,0,-32305,0,0,0,0,0,301726,0
300685,-2032,7834,4,197,-252,-1202,12234,0,3,-716,-248,36906,105,30,65,0,0,0,0,0,0,0,0,-32304,0,0,0,0,0,301731,0
300690,-1968,7844,-42,207,-271,-1213,12234,7,5,-716,-248,36904,112,30,65,0,0,0,0,0,0,0,0,-32305,0,0,0,0,0,301737,0
300695,-1980,7870,-86,223,-298,-1215,12233,-6,3,-715,-240,36904,112,30,65,0,0,0,0,0,0,0,0,-32304,0,0,0,0,0,301742,0
300700,-2080,7976,-158,248,-325,-1235,12235,0,5,-714,-248,36907,109,31,65,0,0,0,0,0,0,0,0,-32305,0,0,0,0,0,301748,0
300705,-2068,7956,-198,257,-339,-1240,12234,0,5,-716,-248,36907,109,31,65,0,0,0,0,0,0,0,0,-32305,0,0,0,0,0,301753,0
300710,-2058,8038,-214,266,-352,-1245,12236,2,3,-715,-256,36907,106,30,65,0,0,0,0,0,0,0,0,-32305,0,0,0,0,0,301759,0
300715,-2028,8062,-252,275,-363,-1255,12234,-5,-3,-720,-248,36907,106,30,65,0,0,0,0,0,0,0,0,-32304,0,0,0,0,0,301764,0
300720,-2052,8126,-140,286,-381,-1260,12236,5,-1,-716,-248,36909,110,30,65,0,0,0,0,0,0,0,0,-32305,0,0,0,0,0,301769,0
300725,-1942,8040,-232,289,-388,-1268,12234,-4,-1,-716,-248,36909,110,30,65,0,0,0,0,0,0,0,0,-32305,0,0,0,0,0,301774,0
300730,-1900,8038,-242,294,-395,-1277,12234,-5,-2,-718,-248,36905,112,30,65,0,0,0,0,0,0,0,0,-32305,0,0,0,0,0,301781,0
300735,-1986,8094,-252,300,-392,-1287,12235,0,-6,-717,-248,36905,112,30,65,0,0,0,0,0,0,0,0,-32305,0,0,0,0,0,301786,0
300740,-1982,8294,-316,281,-382,-1300,12235,-1,3,-719,-248,36902,126,30,65,0,0,0,0,0,0,0,0,-32305,0,0,0,0,0,301791,0
300745,-1862,8012,-162,298,-378,-1301,12235,7,1,-718,-256,36902,126,30,65,0,0,0,0,0,0,0,0,-32305,0,0,0,0,0,301796,0
300750,-2042,8086,-448,288,-390,-1306,12235,7,0,-714,-256,36906,114,30,65,0,0,0,0,0,0,0,0,-32305,0,0,0,0,0,301802,0
300755,-2048,8156,-436,267,-376,-1318,12235,6,3,-712,-256,36906,114,30,65,0,0,0,0,0,0,0,0,-32305,0,0,0,0,0,301807,0
300760,-2118,8144,-566,254,-356,-1335,12234,0,1,-719,-232,36908,110,31,65,0,0,0,0,0,0,0,0,-32305,0,0,0,0,0,301812,0
300765,-2174,8174,-580,246,-341,-1333,12234,-9,-4,-714,-240,36908,110,31,65,0,0,0,0,0,0,0,0,-32305,0,0,0,0,0,301818,0
300770,-2468,7574,-866,233,-327,-1340,12234,-4,-7,-719,-240,36907,109,30,65,0,0,0,0,0,0,0,0,-32305,0,0,0,0,0,301823,0
300775,-2360,8198,-502,216,-325,-1347,12234,-9,-2,-719,-232,36907,109,30,65,0,0,0,0,0,0,0,0,-32304,0,0,0,0,0,301828,0
300780,-2378,7970,-674,197,-305,-1357,12236,5,2,-715,-256,36902,112,30,65,0,0,0,0,0,0,0,0,-32305,0,0,0,0,0,301834,0
300785,-1968,7854,-720,180,-286,-1358,12235,0,1,-716,-240,36902,112,30,65,0,0,0,0,0,0,0,0,-32305,0,0,0,0,0,301839,0
300790,-1942,8138,-1000,141,-268,-1377,12235,-3,0,-717,-248,36900,107,30,65,0,0,0,0,0,0,0,0,-32305,0,0,0,0,0,301844,0
300795,-2402,8054,-222,156,-278,-1383,12236,8,0,-716,-256,36900,107,30,65,0,0,0,0,0,0,0,0,-32305,0,0,0,0,0,301850,0
300800,-2626,7956,-590,129,-281,-1395,12235,2,3,-718,-240,36909,96,30,65,0,0,0,0,0,0,0,0,-32305,0,0,0,0,0,301855,0
300805,-2588,7838,-568,118,-273,-1401,12237,14,-3,-712,-264,36909,96,30,65,0,0,0,0,0,0,0,0,-32304,0,0,0,0,0,301861,0
300810,-2220,8396,-858,105,-266,-1400,12235,4,-1,-718,-248,36910,98,30,65,0,0,0,0,0,0,0,0,-32305,0,0,0,0,0,301866,0
300815,-2304,8160,-340,110,-270,-1414,12235,1,3,-713,-256,36910,98,30,65,0,0,0,0,0,0,0,0,-32304,0,0,0,0,0,301872,0
300820,-2380,8806,-788,84,-288,-1426,12236,4,-4,-719,-256,36908,100,30,65,0,0,0,0,0,0,0,0,-32304,0,0,0,0,0,301877,0
300825,-2416,8656,-782,90,-288,-1427,12235,-1,0,-719,-248,36908,100,30,65,0,0,0,0,0,0,0,0,-32304,0,0,0,0,0,301882,0
300830,-2436,9160,-762,65,-289,-1423,12235,-7,-2,-720,-240,36901,112,30,65,0,0,0,0,0,0,0,0,-32305,0,0,0,0,0,301888,0
300835,-2414,9412,-786,59,-292,-1424,12235,1,-5,-722,-240,36901,112,30,65,0,0,0,0,0,0,0,0,-32305,0,0,0,0,0,301893,0
300840,-2966,9410,-936,43,-295,-1413,12234,-3,2,-715,-248,36902,110,30,65,0,0,0,0,0,0,0,0,-32305,0,0,0,0,0,301898,0
300845,-2960,9516,-888,34,-300,-1404,12236,0,5,-718,-248,36902,110,30,65,0,0,0,0,0,0,0,0,-32305,0,0,0,0,0,301904,0
300850,-2660,9422,-754,29,-326,-1399,12235,-5,-3,-719,-240,36905,107,30,65,0,0,0,0,0,0,0,0,-32305,0,0,0,0,0,301909,0
300855,-2504,9212,-928,28,-336,-1397,12237,2,7,-721,-256,36905,107,30,65,0,0,0,0,0,0,0,0,-32304,0,0,0,0,0,301915,0
300860,-2816,9002,-770,15,-343,-1400,12237,3,0,-724,-248,36902,105,31,65,0,0,0,0,0,0,0,0,-32304,0,0,0,0,0,301920,0
300865,-2936,8896,-700,7,-354,-1393,12239,7,8,-728,-256,36902,105,31,65,0,0,0,0,0,0,0,0,-32304,0,0,0,0,0,301925,0
300870,-3038,8724,-610,6,-359,-1400,12241,7,1,-733,-248,36901,99,30,65,0,0,0,0,0,0,0,0,-32304,0,0,0,0,0,301931,0
300875,-3146,8634,-650,5,-368,-1391,12243,8,7,-732,-256,36901,99,30,65,0,0,0,0,0,0,0,0,-32304,0,0,0,0,0,301936,0
300880,-3518,8216,-508,2,-380,-1367,12244,8,5,-738,-256,36902,97,30,65,0,0,0,0,0,0,0,0,-32304,0,0,0,0,0,301941,0
300885,-3450,8006,-600,-11,-376,-1355,12246,7,4,-744,-240,36902,97,30,65,0,0,0,0,0,0,0,0,-32304,0,0,0,0,0,301947,0
300890,-3470,7796,-528,-18,-378,-1341,12249,13,2,-746,-264,36902,96,30,65,0,0,0,0,0,0,0,0,-32304,0,0,0,0,0,301952,0
300895,-3552,7410,-470,-15,-393,-1331,12252,16,6,-748,-256,36902,96,30,65,0,0,0,0,0,0,0,0,-32305,0,0,0,0,0,301958,0
300900,-3786,6694,-454,-16,-423,-1317,12255,9,5,-756,-256,36908,104,30,65,0,0,0,0,0,0,0,0,-32305,0,0,0,0,0,301963,0
300905,-3852,6422,-488,-12,-441,-1310,12258,9,2,-758,-240,36908,104,30,65,0,0,0,0,0,0,0,0,-32304,0,0,0,0,0,301968,0
300910,-3870,6262,-444,-8,-457,-1312,12265,31,10,-776,-224,36905,117,30,65,0,0,0,0,0,0,0,0,-32304,0,0,0,0,0,301974,0
300915,-3802,6200,-392,0,-477,-1304,12273,36,15,-800,-208,36905,117,30,65,0,0,0,0,0,0,0,0,-32305,0,0,0,0,0,301979,0
300920,-3700,6228,-266,1,-499,-1292,12289,78,34,-828,-192,36908,110,30,65,0,0,0,0,0,0,0,0,-32305,0,0,0,0,0,301985,0
300925,-3622,6248,-208,1,-509,-1295,12318,131,73,-913,-208,36908,110,30,65,0,0,0,0,0,0,0,0,-32304,0,0,0,0,0,301990,0
300930,-3448,6294,-136,3,-515,-1310,12349,135,99,-1013,-224,36904,107,30,65,0,0,0,0,0,0,0,0,-32305,0,0,0,0,0,301995,0
300935,-3126,6314,-36,3,-506,-1324,12386,179,111,-1075,-184,36904,107,30,65,0,0,0,0,0,0,0,0,-32304,0,0,0,0,0,302001,0
300940,-3128,6310,56,-14,-482,-1324,12432,203,110,-1162,-160,36905,107,30,65,0,0,0,0,0,0,0,0,-32305,0,0,0,0,0,302006,0
300945,-3326,6300,168,-16,-456,-1318,12487,246,105,-1270,-168,36905,107,30,65,0,0,0,0,0,0,0,0,-32305,0,0,0,0,0,302011,0
300950,-3416,6266,286,-27,-435,-1307,12553,290,115,-1394,-136,36904,99,30,65,0,0,0,0,0,0,0,0,-32306,0,0,0,0,0,302017,0
300955,-3598,6290,378,-36,-412,-1316,12629,339,143,-1531,-144,36904,99,30,65,0,0,0,0,0,0,0,0,-32306,0,0,0,0,0,302022,0
300960,-3684,6410,436,-54,-357,-1300,12712,365,140,-1606,648,36902,88,30,65,0,0,0,0,0,0,0,0,-32306,0,0,0,0,0,302027,0
300965,-3054,6574,470,-59,-348,-1335,12876,781,252,-423,1720,36902,88,30,65,0,0,0,0,0,0,0,0,-32306,0,0,0,0,0,302033,0
300970,-1980,6856,376,-57,-330,-1445,13166,1311,600,43,2856,36904,87,30,65,0,0,0,0,0,0,0,0,-32305,0,0,0,0,0,302038,0
300975,-680,7430,202,-60,-323,-1544,13557,1766,1047,75,3720,36904,87,30,65,0,0,0,0,0,0,0,0,-32305,0,0,0,0,0,302044,0
300980,718,8674,32,-55,-296,-1719,14038,2149,1411,66,4392,36903,112,30,65,0,0,0,0,0,0,0,0,-32305,0,0,0,0,0,302049,0
300985,494,8990,208,-53,-286,-1817,14593,2479,1539,29,4936,36903,112,30,65,0,0,0,0,0,0,0,0,-32305,0,0,0,0,0,302054,0
300990,10,9082,188,-50,-272,-1905,15228,2822,1406,-25,5592,36899,129,30,65,0,0,0,0,0,0,0,0,-32305,0,0,0,0,0,302060,0
300995,-708,9072,236,-42,-263,-1977,15945,3195,1267,-88,6344,36899,129,30,65,0,0,0,0,0,0,0,0,-32305,0,0,0,0,0,302065,0
301000,-1662,8754,314,-30,-253,-2107,16749,3584,1239,-134,7080,36896,134,30,65,0,0,0,0,0,0,0,0,-32305,0,0,0,0,0,302071,0
301005,-1698,8704,308,-24,-255,-2178,17639,3956,1266,-185,7728,36896,134,30,65,0,0,0,0,0,0,0,0,-32305,0,0,0,0,0,302076,0
301010,-1650,8648,214,-37,-254,-2243,18609,4298,1287,-258,8408,36899,117,31,65,0,0,0,0,0,0,0,0,-32305,0,0,0,0,0,302081,0
301015,-1418,8626,218,-25,-253,-2310,19659,4658,1286,-322,9072,36899,117,31,65,0,0,0,0,0,0,0,0,-32304,0,0,0,0,0,302087,0
301020,-1114,8700,32,-6,-255,-2465,20793,5027,1269,-365,9680,36910,91,30,65,0,0,0,0,0,0,0,0,-32305,0,0,0,0,0,302092,0
301025,-954,8636,-6,20,-274,-2547,21994,5315,1225,-419,10104,36910,91,30,65,0,0,0,0,0,0,0,0,-32305,0,0,0,0,0,302097,0
301030,-1032,8650,-32,33,-296,-2622,23246,5525,1149,-532,10448,36919,58,30,65,0,0,0,0,0,0,0,0,-32305,0,0,0,0,0,302103,0
301035,-1384,8590,-136,57,-318,-2698,24556,5786,1038,-638,10928,36919,58,30,65,0,0,0,0,0,0,0,0,-32304,0,0,0,0,0,302108,0
301040,-2130,8374,-164,87,-382,-2821,25923,6040,940,-685,11296,36940,22,30,65,0,0,0,0,0,0,0,0,-32305,0,0,0,0,0,302114,0
301045,-2024,8358,26,101,-402,-2884,27328,6191,838,-764,11480,36940,22,30,65,0,0,0,0,0,0,0,0,-32305,0,0,0,0,0,302119,0
301050,-2414,8000,-104,126,-439,-2935,28784,6432,786,-895,11880,36970,-31,30,65,0,0,0,0,0,0,0,0,-32306,0,0,0,0,0,302125,0
301055,-2346,8000,-50,154,-489,-2985,30283,6604,748,-937,12024,36970,-31,30,65,0,0,0,0,0,0,0,0,-32305,0,0,0,0,0,302130,0
301060,-2352,8112,-50,197,-563,-3088,31797,6667,654,-1099,12280,37008,-106,30,65,0,0,0,0,0,0,0,0,-32305,0,0,0,0,0,302135,0
301065,-2298,7822,-46,211,-598,-3138,33343,6819,557,-1213,12496,37008,-106,30,65,0,0,0,0,0,0,0,0,-32304,0,0,0,0,0,302141,0
301070,-2416,7738,14,238,-625,-3183,34903,6864,463,-1270,12560,37044,-185,30,65,0,0,0,0,0,0,0,0,-32305,0,0,0,0,0,302146,0
301075,-2764,7558,26,274,-645,-3207,36487,6984,363,-1392,12720,37044,-185,30,65,0,0,0,0,0,0,0,0,-32304,0,0,0,0,0,302152,0
301080,-3102,7142,58,300,-711,-3287,38109,7149,363,-1449,12872,37078,-258,30,65,0,0,0,0,0,0,0,0,-32305,0,0,0,0,0,302157,0
301085,-3054,6948,124,327,-745,-3317,39743,7190,383,-1558,13128,37078,-258,30,65,0,0,0,0,0,0,0,0,-32305,0,0,0,0,0,302162,0
301090,-3094,6990,196,343,-795,-3340,41397,7294,363,-1733,13456,37121,-357,30,65,0,0,0,0,0,0,0,0,-32306,0,0,0,0,0,302168,0
301095,-3218,7014,136,367,-850,-3366,43069,7354,349,-1715,13360,37121,-357,30,65,0,0,0,0,0,0,0,0,-32306,0,0,0,0,0,302173,0
301100,-3440,7012,274,428,-960,-3352,44749,7400,281,-1850,13280,37164,-430,30,65,0,0,0,0,0,0,0,0,-32306,0,0,0,0,0,302179,0
301105,-3400,7006,384,468,-1036,-3319,46451,7490,251,-1917,13272,37164,-430,30,65,0,0,0,0,0,0,0,0,-32305,0,0,0,0,0,302185,0
301110,-3174,6988,582,501,-1113,-3277,48131,7374,182,-2028,13200,37203,-502,30,65,0,0,0,0,0,0,0,0,-32305,0,0,0,0,0,302190,0
301115,-3190,6916,598,517,-1199,-3215,49806,7364,73,-2214,12944,37203,-502,30,65,0,0,0,0,0,0,0,0,-32304,0,0,0,0,0,302196,0
301120,-3098,7088,976,562,-1338,-3018,51449,7217,-69,-2244,12672,37244,-553,30,65,0,0,0,0,0,0,0,0,-32304,0,0,0,0,0,302201,0
301125,-3266,7248,952,578,-1382,-2887,53070,7136,-223,-2413,12400,37244,-553,30,65,0,0,0,0,0,0,0,0,-32306,0,0,0,0,0,302206,0
301130,-3286,7154,1036,583,-1424,-2716,54677,7064,-299,-2384,12024,37275,-602,30,65,0,0,0,0,0,0,0,0,-32306,0,0,0,0,0,302212,0
301135,-3052,7208,1134,611,-1453,-2542,56239,6854,-341,-2533,11656,37275,-602,30,65,0,0,0,0,0,0,0,0,-32306,0,0,0,0,0,302217,0
301140,-2818,7620,1148,608,-1500,-2195,57762,6686,-431,-2694,11328,37310,-667,30,65,0,0,0,0,0,0,0,0,-32306,0,0,0,0,0,302223,0
301145,-3048,7788,1268,578,-1528,-1992,59238,6469,-509,-2681,10688,37310,-667,30,65,0,0,0,0,0,0,0,0,-32305,0,0,0,0,0,302228,0
301150,-3336,7772,1266,591,-1550,-1775,60655,6206,-647,-2773,10232,37323,-694,30,65,0,0,0,0,0,0,0,0,-32305,0,0,0,0,0,302233,0
301155,-3504,7984,1350,567,-1578,-1551,62029,6028,-725,-2874,9560,37323,-694,30,65,0,0,0,0,0,0,0,0,-32305,0,0,0,0,0,302239,0
301160,-3510,7858,1254,574,-1627,-1079,63336,5716,-771,-2892,9008,37327,-692,30,65,0,0,0,0,0,0,0,0,-32307,0,0,0,0,0,302244,0
301165,-3714,8018,1142,544,-1639,-837,64563,5364,-882,-3062,8272,37327,-692,30,65,0,0,0,0,0,0,0,0,-32304,0,0,0,0,0,302249,0
301170,-4148,7954,1152,536,-1645,-598,65719,5064,-977,-3080,7616,37321,-667,30,65,0,0,0,0,0,0,0,0,-32304,0,0,0,0,0,302255,0
301175,-4490,7758,1058,519,-1629,-359,66801,4714,-1068,-3125,6744,37321,-667,30,65,0,0,0,0,0,0,0,0,-32306,0,0,0,0,0,302260,0
301180,-5216,7434,918,491,-1608,80,67794,4340,-1161,-3241,5960,37307,-617,30,65,0,0,0,0,0,0,0,0,-32304,0,0,0,0,0,302266,0
301185,-5374,7324,810,457,-1580,300,68713,4007,-1184,-3284,5272,37307,-617,30,65,0,0,0,0,0,0,0,0,-32304,0,0,0,0,0,302271,0
301190,-5788,7108,696,425,-1558,469,69565,3723,-1186,-3276,4624,37282,-546,31,65,0,0,0,0,0,0,0,0,-32304,0,0,0,0,0,302277,0
301195,-6042,7000,586,419,-1531,644,70349,3410,-1153,-3342,3944,37282,-546,31,65,0,0,0,0,0,0,0,0,-32305,0,0,0,0,0,302282,0
301200,-6376,6900,726,349,-1498,952,70924,3160,-1099,-3395,3272,37239,-454,31,65,0,0,0,0,0,0,0,0,-32304,0,0,0,0,0,302287,0
301205,-6482,6808,616,331,-1468,1093,71569,2813,-1090,-3471,2608,37239,-454,31,65,0,0,0,0,0,0,0,0,-32304,0,0,0,0,0,302293,0
301210,-6476,6694,588,313,-1442,1232,72142,2479,-1115,-3454,1880,37193,-368,31,65,0,0,0,0,0,0,0,0,-32306,0,0,0,0,0,302298,0
301215,-6574,6670,420,286,-1412,1358,72643,2162,-1139,-3467,1256,37193,-368,31,65,0,0,0,0,0,0,0,0,-32306,0,0,0,0,0,302303,0
301220,-6326,6316,666,241,-1342,1655,73072,1860,-1136,-3479,568,37149,-277,30,65,0,0,0,0,0,0,0,0,-32304,0,0,0,0,0,302309,0
301225,-6160,6392,660,217,-1305,1820,73430,1548,-1116,-3554,224,37149,-277,30,65,0,0,0,0,0,0,0,0,-32306,0,0,0,0,0,302314,0
301230,-5968,6264,622,205,-1261,1988,73695,1132,-1142,-3734,24,37097,-167,30,65,0,0,0,0,0,0,0,0,-32305,0,0,0,0,0,302319,0
301235,-5728,6136,580,193,-1206,2194,73859,678,-1241,-3819,-392,37097,-167,30,65,0,0,0,0,0,0,0,0,-32303,0,0,0,0,0,302325,0
301240,-5278,6194,596,157,-1124,2621,73931,265,-1349,-3698,-1056,37033,-28,30,65,0,0,0,0,0,0,0,0,-32303,0,0,0,0,0,302330,0
301245,-4764,6612,618,126,-1075,2819,73925,-49,-1401,-3489,-1496,37033,-28,30,65,0,0,0,0,0,0,0,0,-32304,0,0,0,0,0,302336,0
301250,-4242,6886,576,114,-1031,2970,73880,-211,-1274,-3345,-1936,36960,113,30,65,0,0,0,0,0,0,0,0,-32303,0,0,0,0,0,302341,0
301255,-3992,7226,572,99,-976,3094,73791,-404,-1038,-3427,-2296,36960,113,30,65,0,0,0,0,0,0,0,0,-32303,0,0,0,0,0,302347,0
301260,-3684,7360,616,71,-882,3368,73658,-605,-814,-3448,-2888,36899,222,30,65,0,0,0,0,0,0,0,0,-32305,0,0,0,0,0,302352,0
301265,-3632,7172,558,73,-845,3543,73467,-868,-722,-3469,-3288,36899,222,30,65,0,0,0,0,0,0,0,0,-32306,0,0,0,0,0,302357,0
301270,-3282,7008,594,56,-812,3767,73212,-1149,-767,-3431,-3944,36846,328,31,65,0,0,0,0,0,0,0,0,-32305,0,0,0,0,0,302363,0
301275,-2796,6764,628,47,-786,4008,72892,-1440,-868,-3441,-4680,36846,328,31,65,0,0,0,0,0,0,0,0,-32304,0,0,0,0,0,302368,0
301280,-2118,6802,584,50,-743,4529,72505,-1729,-952,-3385,-5272,36792,428,30,65,0,0,0,0,0,0,0,0,-32307,0,0,0,0,0,302373,0
301285,-1362,6900,610,51,-718,4844,72050,-2036,-1008,-3353,-5952,36792,428,30,65,0,0,0,0,0,0,0,0,-32304,0,0,0,0,0,302379,0
301290,-952,7226,522,49,-697,5129,71520,-2378,-1040,-3323,-6624,36733,531,30,65,0,0,0,0,0,0,0,0,-32305,0,0,0,0,0,302384,0
301295,-548,7298,586,35,-671,5453,70901,-2752,-1115,-3270,-7496,36733,531,30,65,0,0,0,0,0,0,0,0,-32306,0,0,0,0,0,302390,0
301300,116,7358,270,41,-614,6100,70192,-3157,-1211,-3258,-8312,36670,631,30,65,0,0,0,0,0,0,0,0,-32306,0,0,0,0,0,302395,0
301305,52,7522,298,31,-568,6421,69392,-3563,-1300,-3206,-9168,36670,631,30,65,0,0,0,0,0,0,0,0,-32306,0,0,0,0,0,302400,0
301310,394,7626,286,24,-529,6788,68502,-3954,-1363,-3124,-9840,36616,743,30,65,0,0,0,0,0,0,0,0,-32307,0,0,0,0,0,302406,0
301315,588,7840,218,11,-484,7167,67522,-4351,-1386,-3090,-10888,36616,743,30,65,0,0,0,0,0,0,0,0,-32306,0,0,0,0,0,302411,0
301320,764,8616,418,4,-381,7941,66446,-4791,-1404,-3007,-11928,36559,886,30,65,0,0,0,0,0,0,0,0,-32304,0,0,0,0,0,302416,0
301325,-1470,7000,-1374,101,-245,7769,65257,-5277,-1463,-3009,-12760,36559,886,30,65,0,0,0,0,0,0,0,0,-32306,0,0,0,0,0,302422,0
301330,938,8422,472,-29,-234,8427,63976,-5664,-1509,-2916,-13320,36489,1023,30,65,0,0,0,0,0,0,0,0,-32304,0,0,0,0,0,302427,0
301335,-1132,7818,-478,26,-241,8745,62616,-6029,-1492,-2772,-14248,36489,1023,30,65,0,0,0,0,0,0,0,0,-32304,0,0,0,0,0,302432,0
301340,-294,7684,42,21,-215,9345,61158,-6456,-1450,-2692,-14784,36430,1121,30,65,0,0,0,0,0,0,0,0,-32305,0,0,0,0,0,302438,0
301345,-596,8662,-334,51,-247,9701,59633,-6734,-1347,-2596,-15520,36430,1121,30,65,0,0,0,0,0,0,0,0,-32305,0,0,0,0,0,302443,0
301350,172,9926,4,26,-241,9940,58025,-7117,-1274,-2444,-16304,36378,1194,30,65,0,0,0,0,0,0,0,0,-32305,0,0,0,0,0,302449,0
301355,210,9060,-382,82,-198,10068,56323,-7529,-1274,-2448,-17160,36378,1194,30,65,0,0,0,0,0,0,0,0,-32305,0,0,0,0,0,302454,0
301360,-890,9624,170,52,-143,10540,54546,-7852,-1267,-2255,-17760,36348,1222,30,65,0,0,0,0,0,0,0,0,-32304,0,0,0,0,0,302460,0
301365,-1040,10066,130,53,-122,10791,52688,-8208,-1266,-2187,-18272,36348,1222,30,65,0,0,0,0,0,0,0,0,-32305,0,0,0,0,0,302465,0
301370,-1156,9724,-46,106,-157,11012,50787,-8378,-1188,-2097,-18608,36323,1236,30,65,0,0,0,0,0,0,0,0,-32305,0,0,0,0,0,302470,0
301375,-1030,9390,-310,116,-140,11229,48822,-8681,-1050,-1943,-19160,36323,1236,30,65,0,0,0,0,0,0,0,0,-32305,0,0,0,0,0,302476,0
301380,-458,10118,-54,68,-164,11494,46807,-8880,-928,-1801,-19608,36318,1226,30,65,0,0,0,0,0,0,0,0,-32305,0,0,0,0,0,302481,0
301385,-170,10416,226,113,-167,11634,44719,-9230,-900,-1680,-20312,36318,1226,30,65,0,0,0,0,0,0,0,0,-32305,0,0,0,0,0,302486,0
301390,-446,10352,42,149,-164,11751,42597,-9335,-852,-1580,-20440,36339,1159,30,65,0,0,0,0,0,0,0,0,-32304,0,0,0,0,0,302492,0
301395,-824,10270,96,158,-151,11846,40424,-9593,-843,-1430,-20872,36339,1159,30,65,0,0,0,0,0,0,0,0,-32304,0,0,0,0,0,302497,0
301400,-796,10656,-152,119,-102,12011,38220,-9714,-724,-1290,-21168,36374,1077,30,65,0,0,0,0,0,0,0,0,-32305,0,0,0,0,0,302502,0
301405,-210,10440,-50,137,-97,12045,35968,-9929,-679,-1157,-21248,36374,1077,30,65,0,0,0,0,0,0,0,0,-32306,0,0,0,0,0,302508,0
301410,-266,10586,36,180,-87,12029,33712,-9932,-539,-1052,-21352,36425,955,30,65,0,0,0,0,0,0,0,0,-32306,0,0,0,0,0,302513,0
301415,-652,10476,38,152,-101,12062,31422,-10083,-494,-911,-21392,36425,955,30,65,0,0,0,0,0,0,0,0,-32305,0,0,0,0,0,302519,0
301420,-304,10606,114,190,-99,12053,29121,-10151,-368,-761,-21568,36481,842,30,65,0,0,0,0,0,0,0,0,-32305,0,0,0,0,0,302524,0
301425,0,10502,120,188,-105,12025,26808,-10161,-306,-648,-21304,36481,842,30,65,0,0,0,0,0,0,0,0,-32304,0,0,0,0,0,302529,0
301430,-188,10404,-96,226,-90,11981,24495,-10198,-213,-507,-21136,36548,689,30,65,0,0,0,0,0,0,0,0,-32305,0,0,0,0,0,302535,0
301435,-38,10608,104,208,-77,11935,22187,-10141,-123,-383,-20880,36548,689,30,65,0,0,0,0,0,0,0,0,-32305,0,0,0,0,0,302540,0
301440,346,10478,66,216,-9,11805,19877,-10166,-51,-197,-20712,36621,534,30,65,0,0,0,0,0,0,0,0,-32305,0,0,0,0,0,302545,0
301445,498,10400,-62,249,12,11720,17610,-9949,117,-107,-20192,36621,534,30,65,0,0,0,0,0,0,0,0,-32305,0,0,0,0,0,302551,0
301450,496,10512,136,263,26,11605,15362,-9894,202,26,-19864,36696,373,30,65,0,0,0,0,0,0,0,0,-32305,0,0,0,0,0,302556,0
301455,478,10608,42,265,41,11495,13154,-9702,372,164,-19328,36696,373,30,65,0,0,0,0,0,0,0,0,-32305,0,0,0,0,0,302561,0
301460,25278,12516,962,179,358,6342,11028,-9293,558,99,-17224,36760,245,30,65,0,0,0,0,0,0,0,0,-32305,0,0,0,0,0,302567,0
301465,18584,8176,-832,357,778,5153,9327,-7227,1594,-332,-10440,36760,245,30,65,0,0,0,0,0,0,0,0,-32305,0,0,0,0,0,302572,0
301470,-2584,14150,662,466,1093,4082,8488,-3248,4174,-930,1176,36779,219,30,65,0,0,0,0,0,0,0,0,-32306,0,0,0,0,0,302577,0
301475,-21324,12946,490,591,732,5337,8794,1917,8301,848,8256,36779,219,30,65,0,0,0,0,0,0,0,0,-32306,0,0,0,0,0,302583,0
301480,-11484,5872,-1646,406,1221,5090,9941,5298,11973,-913,7768,36807,180,30,65,0,0,0,0,0,0,0,0,-32306,0,0,0,0,0,302588,0
301485,64,8364,-198,371,1487,4544,11162,5287,12226,-4144,9592,36807,180,30,65,0,0,0,0,0,0,0,0,-32304,0,0,0,0,0,302594,0
301490,7992,17284,4934,86,1392,4673,12330,5160,8907,-1398,9984,36902,13,30,65,0,0,0,0,0,0,0,0,-32305,0,0,0,0,0,302599,0
301495,-1456,15744,1974,355,1254,3792,13492,5102,4272,-99,9760,36902,13,30,65,0,0,0,0,0,0,0,0,-32305,0,0,0,0,0,302604,0
301500,-7818,9294,-172,474,839,3682,14564,4672,621,-2824,2008,36957,-92,30,65,0,0,0,0,0,0,0,0,-32307,0,0,0,0,0,302610,0
301505,-2692,6704,-4592,540,677,3228,15088,2035,-1970,-8488,-1864,36957,-92,30,65,0,0,0,0,0,0,0,0,-32309,0,0,0,0,0,302615,0
301510,-3174,8826,-1624,369,565,2889,14986,-683,-3791,-7331,-4000,37004,-111,30,65,0,0,0,0,0,0,0,0,-32305,0,0,0,0,0,302620,0
301515,-7682,8002,-1540,396,362,2928,14615,-1686,-5777,-2404,-3728,37004,-111,30,65,0,0,0,0,0,0,0,0,-32305,0,0,0,0,0,302626,0
301520,-7050,8310,788,421,30,3346,14212,-1778,-5835,-389,-2720,36693,177,30,65,0,0,0,0,0,0,0,0,-32305,0,0,0,0,0,302631,0
301525,-5492,7528,-896,510,-31,3580,13821,-1717,-4136,86,-1984,36693,177,30,65,0,0,0,0,0,0,0,0,-32305,0,0,0,0,0,302636,0
301530,-4622,7426,-252,504,-113,3737,13465,-1553,-2080,262,-1936,36687,144,30,65,0,0,0,0,0,0,0,0,-32305,0,0,0,0,0,302642,0
301535,-2184,8002,-456,483,-246,3493,13138,-1419,-283,171,-1728,36687,144,30,65,0,0,0,0,0,0,0,0,-32305,0,0,0,0,0,302647,0
301540,4712,10110,-722,564,-195,2155,12844,-1277,331,115,-1408,36558,226,30,65,0,0,0,0,0,0,0,0,-32305,0,0,0,0,0,302652,0
301545,-4316,6536,2038,543,-88,1506,12591,-1098,473,100,-944,36558,226,30,65,0,0,0,0,0,0,0,0,-32305,0,0,0,0,0,302658,0
301550,-6642,10792,2454,561,-43,1561,12388,-864,551,306,-128,36795,124,30,65,0,0,0,0,0,0,0,0,-32305,0,0,0,0,0,302663,0
301555,-6320,8472,1026,591,-132,1964,12302,-320,734,730,-88,36795,124,30,65,0,0,0,0,0,0,0,0,-32305,0,0,0,0,0,302668,0
301560,1500,9118,214,533,-197,1777,12316,91,1046,13,328,36799,122,30,65,0,0,0,0,0,0,0,0,-32305,0,0,0,0,0,302674,0
301565,460,7314,1870,448,-159,1391,12347,156,1189,-205,136,36799,122,30,65,0,0,0,0,0,0,0,0,-32305,0,0,0,0,0,302679,0
301570,230,8230,1350,551,-97,1252,12416,323,1110,107,304,36900,111,30,65,0,0,0,0,0,0,0,0,-32305,0,0,0,0,0,302685,0
301575,-856,8942,906,675,-22,1320,12511,422,838,133,368,36900,111,30,65,0,0,0,0,0,0,0,0,-32305,0,0,0,0,0,302690,0
301580,166,7852,-22,561,67,1295,12616,468,513,118,416,36899,120,30,65,0,0,0,0,0,0,0,0,-32305,0,0,0,0,0,302695,0
301585,652,7464,308,555,118,1174,12725,472,327,111,368,36899,120,30,65,0,0,0,0,0,0,0,0,-32305,0,0,0,0,0,302701,0
301590,688,7706,-620,668,202,1021,12836,474,223,91,320,36895,123,30,65,0,0,0,0,0,0,0,0,-32305,0,0,0,0,0,302706,0
301595,-294,7480,-218,604,255,964,12942,457,99,86,272,36895,123,30,65,0,0,0,0,0,0,0,0,-32306,0,0,0,0,0,302712,0
301600,-10,7054,-354,592,277,898,13043,428,11,61,224,36897,116,30,65,0,0,0,0,0,0,0,0,-32305,0,0,0,0,0,302717,0
301605,432,7258,268,580,288,864,13129,384,-57,41,184,36897,116,30,65,0,0,0,0,0,0,0,0,-32304,0,0,0,0,0,302722,0
301610,244,6952,34,576,297,798,13203,330,-107,38,152,36899,109,30,65,0,0,0,0,0,0,0,0,-32305,0,0,0,0,0,302728,0
301615,436,7034,-62,590,293,744,13266,269,-151,38,104,36899,109,30,65,0,0,0,0,0,0,0,0,-32305,0,0,0,0,0,302733,0
301620,610,6896,-30,542,312,617,13318,223,-171,27,80,36901,120,30,65,0,0,0,0,0,0,0,0,-32305,0,0,0,0,0,302738,0
301625,558,6806,-56,539,310,535,13359,178,-169,37,72,36901,120,30,65,0,0,0,0,0,0,0,0,-32305,0,0,0,0,0,302744,0
301630,614,6810,18,537,301,478,13387,109,-176,40,32,36896,114,30,65,0,0,0,0,0,0,0,0,-32305,0,0,0,0,0,302750,0
301635,654,6802,-84,533,294,422,13399,52,-190,45,16,36896,114,30,65,0,0,0,0,0,0,0,0,-32305,0,0,0,0,0,302755,0
301640,882,6684,-80,521,284,277,13399,4,-195,47,16,36899,110,30,65,0,0,0,0,0,0,0,0,-32305,0,0,0,0,0,302760,0
301645,934,6634,-128,521,290,213,13400,-9,-179,48,8,36899,110,30,65,0,0,0,0,0,0,0,0,-32305,0,0,0,0,0,302766,0
301650,964,6586,-98,522,289,175,13401,3,-134,48,16,36903,101,30,65,0,0,0,0,0,0,0,0,-32305,0,0,0,0,0,302771,0
301655,986,6458,-110,523,286,133,13403,11,-61,46,24,36903,101,30,65,0,0,0,0,0,0,0,0,-32305,0,0,0,0,0,302776,0
301660,1090,6240,-88,519,301,80,13408,22,-6,47,24,36906,97,30,65,0,0,0,0,0,0,0,0,-32305,0,0,0,0,0,302782,0
301665,1162,6234,-104,525,305,93,13420,54,30,46,32,36906,97,30,65,0,0,0,0,0,0,0,0,-32305,0,0,0,0,0,302787,0
301670,1244,6136,-114,530,320,95,13434,60,51,48,24,36899,107,30,65,0,0,0,0,0,0,0,0,-32305,0,0,0,0,0,302793,0
301675,1340,6148,-134,543,327,100,13445,38,50,47,32,36899,107,30,65,0,0,0,0,0,0,0,0,-32305,0,0,0,0,0,302798,0
301680,1580,6184,-148,562,350,121,13453,38,22,45,32,36899,108,30,65,0,0,0,0,0,0,0,0,-32305,0,0,0,0,0,302803,0
301685,1740,6218,-140,581,358,126,13464,48,0,42,32,36899,108,30,65,0,0,0,0,0,0,0,0,-32305,0,0,0,0,0,302809,0
301690,1936,6282,-194,587,368,108,13486,100,7,39,48,36901,109,30,65,0,0,0,0,0,0,0,0,-32305,0,0,0,0,0,302814,0
301695,2156,6348,-202,600,384,81,13513,118,46,41,48,36901,109,30,65,0,0,0,0,0,0,0,0,-32305,0,0,0,0,0,302819,0
301700,2382,6502,-216,635,421,3,13536,113,72,38,56,36904,104,30,65,0,0,0,0,0,0,0,0,-32305,0,0,0,0,0,302825,0
301705,2414,6548,-228,649,438,-45,13567,136,67,33,64,36904,104,30,65,0,0,0,0,0,0,0,0,-32305,0,0,0,0,0,302830,0
301710,2380,6534,-240,668,461,-88,13598,133,46,35,72,36904,103,30,65,0,0,0,0,0,0,0,0,-32305,0,0,0,0,0,302836,0
301715,2328,6538,-266,685,484,-132,13634,165,39,30,72,36904,103,30,65,0,0,0,0,0,0,0,0,-32305,0,0,0,0,0,302841,0
301720,2222,6506,-272,716,507,-197,13672,163,44,34,80,36901,114,30,65,0,0,0,0,0,0,0,0,-32305,0,0,0,0,0,302846,0
301725,2230,6488,-248,732,519,-223,13716,189,52,28,80,36901,114,30,65,0,0,0,0,0,0,0,0,-32305,0,0,0,0,0,302852,0
301730,2280,6504,-206,755,525,-250,13765,224,57,28,104,36902,114,30,65,0,0,0,0,0,0,0,0,-32305,0,0,0,0,0,302857,0
301735,2352,6530,-176,764,534,-283,13822,243,73,27,120,36902,114,30,65,0,0,0,0,0,0,0,0,-32305,0,0,0,0,0,302863,0
301740,2520,6590,-136,795,538,-368,13878,249,72,23,120,36905,118,30,65,0,0,0,0,0,0,0,0,-32305,0,0,0,0,0,302868,0
301745,2586,6620,-120,816,539,-408,13937,263,72,12,120,36905,118,30,65,0,0,0,0,0,0,0,0,-32305,0,0,0,0,0,302873,0
301750,2650,6636,-90,823,539,-445,13998,271,51,14,128,36904,114,30,65,0,0,0,0,0,0,0,0,-32305,0,0,0,0,0,302879,0
301755,2690,6704,-68,835,536,-486,14062,280,28,8,136,36904,114,30,65,0,0,0,0,0,0,0,0,-32305,0,0,0,0,0,302884,0
301760,2736,6876,-16,850,528,-553,14131,300,39,12,136,36902,119,30,65,0,0,0,0,0,0,0,0,-32305,0,0,0,0,0,302889,0
301765,2780,6844,34,854,526,-590,14206,324,52,5,160,36902,119,30,65,0,0,0,0,0,0,0,0,-32305,0,0,0,0,0,302895,0
301770,3036,6938,22,860,514,-621,14289,366,71,-1,184,36901,118,30,65,0,0,0,0,0,0,0,0,-32305,0,0,0,0,0,302900,0
301775,3166,6970,74,864,512,-666,14378,394,86,-4,208,36901,118,30,65,0,0,0,0,0,0,0,0,-32305,0,0,0,0,0,302906,0
301780,3308,7072,154,862,485,-743,14474,428,98,-9,240,36905,106,30,65,0,0,0,0,0,0,0,0,-32305,0,0,0,0,0,302911,0
301785,3388,7136,188,862,495,-778,14573,450,101,-12,256,36905,106,30,65,0,0,0,0,0,0,0,0,-32305,0,0,0,0,0,302917,0
301790,3456,7282,228,858,480,-812,14686,492,104,-13,296,36909,110,30,65,0,0,0,0,0,0,0,0,-32305,0,0,0,0,0,302922,0
301795,3510,7326,212,852,475,-838,14808,546,114,-9,376,36909,110,30,65,0,0,0,0,0,0,0,0,-32305,0,0,0,0,0,302927,0
301800,3618,7310,296,838,459,-887,14940,587,139,-12,416,36906,103,30,65,0,0,0,0,0,0,0,0,-32305,0,0,0,0,0,302933,0
301805,3740,7420,296,834,463,-910,15083,638,149,-28,480,36906,103,30,65,0,0,0,0,0,0,0,0,-32305,0,0,0,0,0,302938,0
301810,3798,7568,290,820,463,-934,15238,692,161,-48,552,36905,104,30,65,0,0,0,0,0,0,0,0,-32305,0,0,0,0,0,302943,0
301815,3904,7616,320,808,464,-956,15404,735,170,-53,560,36905,104,30,65,0,0,0,0,0,0,0,0,-32305,0,0,0,0,0,302949,0
301820,3942,7642,384,784,466,-1007,15580,779,165,-64,616,36906,96,30,65,0,0,0,0,0,0,0,0,-32305,0,0,0,0,0,302954,0
301825,3972,7622,368,781,460,-1020,15767,826,169,-86,680,36906,96,30,65,0,0,0,0,0,0,0,0,-32305,0,0,0,0,0,302959,0
301830,3978,7622,362,768,465,-1040,15959,856,157,-99,712,36911,103,30,65,0,0,0,0,0,0,0,0,-32305,0,0,0,0,0,302965,0
301835,3930,7636,360,756,454,-1057,16165,905,145,-118,800,36911,103,30,65,0,0,0,0,0,0,0,0,-32305,0,0,0,0,0,302970,0
301840,3868,7640,388,727,439,-1076,16378,938,136,-124,840,36909,106,30,65,0,0,0,0,0,0,0,0,-32305,0,0,0,0,0,302976,0
301845,3852,7624,366,700,415,-1079,16598,976,138,-139,896,36909,106,30,65,0,0,0,0,0,0,0,0,-32305,0,0,0,0,0,302981,0
301850,3826,7662,368,688,400,-1086,16825,1002,124,-151,920,36911,106,30,65,0,0,0,0,0,0,0,0,-32305,0,0,0,0,0,302986,0
301855,3770,7686,364,669,371,-1091,17055,1022,111,-159,920,36911,106,30,65,0,0,0,0,0,0,0,0,-32305,0,0,0,0,0,302992,0
301860,3826,7726,410,617,335,-1108,17289,1029,92,-175,896,36913,101,31,65,0,0,0,0,0,0,0,0,-32305,0,0,0,0,0,302997,0
301865,3800,7686,376,595,312,-1113,17526,1041,73,-198,888,36913,101,31,65,0,0,0,0,0,0,0,0,-32305,0,0,0,0,0,303003,0
301870,3774,7700,406,568,294,-1122,17766,1053,56,-206,872,36917,96,30,65,0,0,0,0,0,0,0,0,-32305,0,0,0,0,0,303008,0
301875,3654,7568,424,539,277,-1114,18006,1060,41,-229,888,36917,96,30,65,0,0,0,0,0,0,0,0,-32306,0,0,0,0,0,303013,0
301880,3734,7772,430,483,256,-1111,18247,1059,30,-245,880,36911,95,30,65,0,0,0,0,0,0,0,0,-32305,0,0,0,0,0,303019,0
301885,3800,7830,444,451,243,-1104,18488,1067,21,-262,880,36911,95,30,65,0,0,0,0,0,0,0,0,-32305,0,0,0,0,0,303024,0
301890,3854,7936,426,440,232,-1107,18729,1063,12,-261,848,36908,104,30,65,0,0,0,0,0,0,0,0,-32304,0,0,0,0,0,303030,0
301895,3834,7940,400,410,224,-1098,18974,1066,8,-283,832,36908,104,30,65,0,0,0,0,0,0,0,0,-32305,0,0,0,0,0,303035,0
301900,3770,7860,372,373,221,-1077,19217,1069,8,-294,800,36909,96,31,65,0,0,0,0,0,0,0,0,-32305,0,0,0,0,0,303040,0
301905,3768,7788,372,344,213,-1063,19460,1068,17,-306,760,36909,96,31,65,0,0,0,0,0,0,0,0,-32305,0,0,0,0,0,303046,0
301910,3782,7708,350,332,225,-1047,19701,1058,-1,-316,680,36913,93,30,65,0,0,0,0,0,0,0,0,-32305,0,0,0,0,0,303051,0
301915,3768,7708,340,315,223,-1038,19940,1044,-10,-333,624,36913,93,30,65,0,0,0,0,0,0,0,0,-32305,0,0,0,0,0,303056,0
301920,3608,7580,318,295,230,-1025,20176,1032,-27,-349,584,36914,101,30,65,0,0,0,0,0,0,0,0,-32305,0,0,0,0,0,303062,0
301925,3586,7572,284,289,233,-1015,20403,994,-45,-364,488,36914,101,30,65,0,0,0,0,0,0,0,0,-32306,0,0,0,0,0,303067,0
301930,3458,7560,226,280,243,-994,20620,954,-72,-397,400,36911,94,30,65,0,0,0,0,0,0,0,0,-32305,0,0,0,0,0,303072,0
301935,3480,7592,226,273,236,-983,20829,911,-105,-405,344,36911,94,30,65,0,0,0,0,0,0,0,0,-32305,0,0,0,0,0,303079,0
301940,3436,7640,174,268,230,-953,21025,863,-132,-420,280,36909,97,30,65,0,0,0,0,0,0,0,0,-32305,0,0,0,0,0,303084,0
301945,3438,7712,190,266,229,-940,21210,812,-152,-447,248,36909,97,30,65,0,0,0,0,0,0,0,0,-32305,0,0,0,0,0,303089,0
301950,3412,7812,188,262,223,-920,21381,750,-169,-464,176,36915,71,30,65,0,0,0,0,0,0,0,0,-32305,0,0,0,0,0,303094,0
301955,3416,7856,186,260,221,-901,21542,703,-175,-471,128,36915,71,30,65,0,0,0,0,0,0,0,0,-32305,0,0,0,0,0,303100,0
301960,3378,7820,188,251,208,-853,21689,639,-185,-474,80,36917,77,30,65,0,0,0,0,0,0,0,0,-32305,0,0,0,0,0,303105,0
301965,3472,7906,200,248,201,-832,21822,577,-194,-497,56,36917,77,30,65,0,0,0,0,0,0,0,0,-32305,0,0,0,0,0,303110,0
301970,3442,7968,202,239,212,-790,21940,508,-206,-514,8,36912,81,30,65,0,0,0,0,0,0,0,0,-32305,0,0,0,0,0,303117,0
301975,3398,8032,224,231,215,-757,22045,458,-208,-515,0,36912,81,30,65,0,0,0,0,0,0,0,0,-32305,0,0,0,0,0,303121,0
301980,3408,8176,292,226,215,-681,22134,386,-218,-516,8,36907,93,30,65,0,0,0,0,0,0,0,0,-32305,0,0,0,0,0,303127,0
301985,3444,8178,280,211,213,-653,22213,343,-212,-499,-16,36907,93,30,65,0,0,0,0,0,0,0,0,-32305,0,0,0,0,0,303132,0
301990,3490,8162,242,204,218,-623,22280,293,-202,-494,-32,36910,98,30,65,0,0,0,0,0,0,0,0,-32305,0,0,0,0,0,303137,0
301995,3510,8090,266,197,218,-601,22333,230,-194,-507,-56,36910,98,30,65,0,0,0,0,0,0,0,0,-32305,0,0,0,0,0,303143,0
302000,3462,7968,302,179,233,-545,22376,182,-188,-498,-64,36910,99,30,65,0,0,0,0,0,0,0,0,-32305,0,0,0,0,0,303148,0
302005,3470,7840,294,176,249,-514,22414,161,-166,-488,-96,36910,99,30,65,0,0,0,0,0,0,0,0,-32305,0,0,0,0,0,303154,0
302010,3458,7758,240,166,268,-485,22439,107,-158,-485,-104,36910,104,30,65,0,0,0,0,0,0,0,0,-32305,0,0,0,0,0,303159,0
302015,3436,7648,264,165,273,-455,22458,87,-139,-481,-120,36910,104,30,65,0,0,0,0,0,0,0,0,-32305,0,0,0,0,0,303164,0
302020,3384,7492,236,159,300,-411,22467,35,-132,-476,-168,36907,112,30,65,0,0,0,0,0,0,0,0,-32305,0,0,0,0,0,303170,0
302025,3328,7456,248,162,308,-386,22463,-24,-142,-472,-176,36907,112,30,65,0,0,0,0,0,0,0,0,-32305,0,0,0,0,0,303175,0
302030,3322,7456,226,162,316,-366,22461,-4,-129,-486,-160,36910,106,30,65,0,0,0,0,0,0,0,0,-32305,0,0,0,0,0,303180,0
302035,3410,7454,204,160,327,-361,22461,1,-93,-482,-168,36910,106,30,65,0,0,0,0,0,0,0,0,-32305,0,0,0,0,0,303186,0
302040,3360,7416,202,159,340,-360,22462,0,-52,-480,-160,36910,103,30,65,0,0,0,0,0,0,0,0,-32305,0,0,0,0,0,303191,0
302045,3274,7370,184,163,341,-357,22461,-7,-5,-482,-168,36910,103,30,65,0,0,0,0,0,0,0,0,-32305,0,0,0,0,0,303196,0
302050,3114,7342,168,166,344,-348,22461,-6,15,-480,-160,36907,99,30,65,0,0,0,0,0,0,0,0,-32305,0,0,0,0,0,303202,0
302055,3044,7344,160,173,334,-346,22462,2,5,-483,-160,36907,99,30,65,0,0,0,0,0,0,0,0,-32305,0,0,0,0,0,303207,0
302060,3060,7378,104,167,320,-332,22461,2,1,-481,-168,36904,123,30,65,0,0,0,0,0,0,0,0,-32305,0,0,0,0,0,303213,0
302065,3058,7356,104,168,315,-329,22461,-5,5,-480,-168,36904,123,30,65,0,0,0,0,0,0,0,0,-32305,0,0,0,0,0,303218,0
302070,3072,7366,118,169,300,-327,22462,5,3,-478,-160,36904,122,30,65,0,0,0,0,0,0,0,0,-32305,0,0,0,0,0,303223,0
302075,3042,7348,148,170,291,-322,22461,0,3,-481,-168,36904,122,30,65,0,0,0,0,0,0,0,0,-32305,0,0,0,0,0,303229,0
302080,2944,7312,112,166,278,-314,22463,3,-1,-481,-176,36906,130,30,65,0,0,0,0,0,0,0,0,-32305,0,0,0,0,0,303234,0
302085,2946,7264,134,169,269,-312,22461,-5,-6,-480,-160,36906,130,30,65,0,0,0,0,0,0,0,0,-32305,0,0,0,0,0,303240,0
302090,2938,7282,112,172,264,-305,22462,1,5,-482,-168,36903,121,30,65,0,0,0,0,0,0,0,0,-32305,0,0,0,0,0,303245,0
302095,2924,7280,126,171,250,-301,22461,0,-4,-481,-168,36903,121,30,65,0,0,0,0,0,0,0,0,-32305,0,0,0,0,0,303250,0
302100,2808,7262,112,171,238,-306,22462,0,-3,-482,-160,36899,123,30,65,0,0,0,0,0,0,0,0,-32305,0,0,0,0,0,303257,0
302105,2776,7244,128,172,231,-301,22461,1,-2,-482,-160,36899,123,30,65,0,0,0,0,0,0,0,0,-32305,0,0,0,0,0,303262,0
302110,2702,7198,138,168,231,-294,22461,0,1,-481,-168,36897,116,30,65,0,0,0,0,0,0,0,0,-32305,0,0,0,0,0,303268,0
302115,2650,7178,136,173,217,-296,22461,-3,1,-480,-176,36897,116,30,65,0,0,0,0,0,0,0,0,-32305,0,0,0,0,0,303273,0
302120,2560,7126,110,172,207,-300,22460,-5,-1,-481,-160,36900,104,30,65,0,0,0,0,0,0,0,0,-32305,0,0,0,0,0,303278,0
302125,2518,7106,110,168,214,-307,22459,-7,-5,-483,-168,36900,104,30,65,0,0,0,0,0,0,0,0,-32305,0,0,0,0,0,303284,0
302130,2482,7122,112,177,206,-320,22459,-2,-4,-481,-168,36905,107,30,65,0,0,0,0,0,0,0,0,-32305,0,0,0,0,0,303289,0
302135,2482,7124,102,178,200,-335,22457,-10,0,-480,-168,36905,107,30,65,0,0,0,0,0,0,0,0,-32305,0,0,0,0,0,303295,0
302140,2544,7180,72,178,206,-372,22457,-7,-2,-482,-168,36902,117,30,65,0,0,0,0,0,0,0,0,-32305,0,0,0,0,0,303300,0
302145,2482,7232,46,164,207,-391,22457,0,1,-479,-160,36902,117,30,65,0,0,0,0,0,0,0,0,-32305,0,0,0,0,0,303305,0
302150,2460,7246,74,169,207,-412,22457,1,5,-479,-160,36901,102,30,65,0,0,0,0,0,0,0,0,-32305,0,0,0,0,0,303311,0
302155,2402,7266,58,166,209,-433,22458,2,4,-480,-168,36901,102,30,65,0,0,0,0,0,0,0,0,-32305,0,0,0,0,0,303316,0
302160,2344,7300,72,156,213,-453,22458,0,7,-480,-160,36901,112,30,65,0,0,0,0,0,0,0,0,-32305,0,0,0,0,0,303321,0
302165,2354,7370,94,153,216,-465,22458,0,0,-479,-160,36901,112,30,65,0,0,0,0,0,0,0,0,-32305,0,0,0,0,0,303327,0
302170,2308,7444,82,144,219,-480,22458,5,-3,-481,-168,36907,107,30,65,0,0,0,0,0,0,0,0,-32305,0,0,0,0,0,303332,0
302175,2302,7432,84,141,217,-497,22458,7,-4,-482,-168,36907,107,30,65,0,0,0,0,0,0,0,0,-32305,0,0,0,0,0,303338,0
302180,2222,7362,56,134,223,-526,22458,3,1,-480,-168,36905,116,30,65,0,0,0,0,0,0,0,0,-32305,0,0,0,0,0,303343,0
302185,2188,7296,36,134,213,-544,22456,-3,-2,-483,-168,36905,116,30,65,0,0,0,0,0,0,0,0,-32305,0,0,0,0,0,303348,0
302190,2150,7280,38,128,218,-563,22457,5,-1,-482,-160,36902,123,30,65,0,0,0,0,0,0,0,0,-32305,0,0,0,0,0,303354,0
302195,2128,7242,10,128,221,-578,22456,-5,-8,-481,-168,36902,123,30,65,0,0,0,0,0,0,0,0,-32305,0,0,0,0,0,303359,0
302200,2048,7098,0,121,220,-623,22455,-10,-2,-479,-168,36904,114,30,65,0,0,0,0,0,0,0,0,-32305,0,0,0,0,0,303364,0
302205,2058,7132,-8,130,222,-649,22452,-11,-8,-480,-160,36904,114,30,65,0,0,0,0,0,0,0,0,-32304,0,0,0,0,0,303370,0
302210,2012,7132,-16,129,223,-679,22453,-3,-3,-480,-168,36905,108,30,65,0,0,0,0,0,0,0,0,-32305,0,0,0,0,0,303375,0
302215,1980,7210,150,130,217,-711,22452,-7,-4,-480,-168,36905,108,30,65,0,0,0,0,0,0,0,0,-32305,0,0,0,0,0,303380,0
302220,2000,7248,-46,128,222,-785,22450,-9,-6,-481,-168,36904,111,30,65,0,0,0,0,0,0,0,0,-32305,0,0,0,0,0,303386,0
302225,2002,7256,-58,132,224,-817,22451,0,4,-482,-168,36904,111,30,65,0,0,0,0,0,0,0,0,-32305,0,0,0,0,0,303391,0
302230,1992,7276,-50,133,235,-853,22450,-5,-2,-480,-168,36902,112,30,65,0,0,0,0,0,0,0,0,-32304,0,0,0,0,0,303397,0
302235,1924,7272,-48,134,234,-889,22452,-5,4,-482,-168,36902,112,30,65,0,0,0,0,0,0,0,0,-32305,0,0,0,0,0,303402,0
302240,1982,7466,-66,136,239,-942,22451,0,4,-483,-168,36901,120,30,65,0,0,0,0,0,0,0,0,-32306,0,0,0,0,0,303408,0
302245,4050,10400,418,92,233,-658,22450,-12,-1,-479,-176,36901,120,30,65,0,0,0,0,0,0,0,0,-32305,0,0,0,0,0,303413,0
302250,4934,10342,1134,16,231,-279,22444,-28,-15,-475,-200,36905,120,30,65,0,0,0,0,0,0,0,0,-32305,0,0,0,0,0,303418,0
302255,7696,11518,1832,-24,232,304,22424,-89,-55,-463,-272,36905,120,30,65,0,0,0,0,0,0,0,0,-32305,0,0,0,0,0,303423,0
302260,5572,12320,1688,-95,320,214,22382,-192,-122,-448,-384,36907,120,31,65,0,0,0,0,0,0,0,0,-32305,0,0,0,0,0,303429,0
302265,5132,12522,1508,-111,359,-145,22324,-271,-205,-456,-528,36907,120,31,65,0,0,0,0,0,0,0,0,-32305,0,0,0,0,0,303434,0
302270,5354,12916,1158,-153,330,-344,22247,-354,-258,-450,-664,36909,115,30,65,0,0,0,0,0,0,0,0,-32305,0,0,0,0,0,303440,0
302275,5216,12990,288,-133,275,-263,22149,-443,-292,-432,-888,36909,115,30,65,0,0,0,0,0,0,0,0,-32304,0,0,0,0,0,303445,0
302280,3964,11304,-430,-130,160,-481,22040,-491,-279,-438,-992,36908,115,30,65,0,0,0,0,0,0,0,0,-32305,0,0,0,0,0,303450,0
302285,3978,10740,-662,-97,130,-559,21917,-538,-260,-466,-1056,36908,115,30,65,0,0,0,0,0,0,0,0,-32305,0,0,0,0,0,303456,0
302290,3550,10308,-484,-66,113,-550,21793,-553,-199,-456,-1056,36905,108,30,65,0,0,0,0,0,0,0,0,-32305,0,0,0,0,0,303461,0
302295,2824,9386,-166,-75,126,-538,21665,-550,-135,-453,-968,36905,108,30,65,0,0,0,0,0,0,0,0,-32305,0,0,0,0,0,303467,0
302300,520,7608,172,-56,198,-426,21554,-480,-38,-449,-672,36900,116,30,65,0,0,0,0,0,0,0,0,-32305,0,0,0,0,0,303472,0
302305,246,6888,140,-51,210,-320,21472,-345,102,-456,-360,36900,116,30,65,0,0,0,0,0,0,0,0,-32305,0,0,0,0,0,303477,0
302310,940,6440,136,-49,224,-266,21428,-176,265,-415,-192,36898,120,30,65,0,0,0,0,0,0,0,0,-32305,0,0,0,0,0,303483,0
302315,1896,6550,114,-54,242,-284,21408,-84,393,-390,-176,36898,120,30,65,0,0,0,0,0,0,0,0,-32305,0,0,0,0,0,303488,0
302320,2722,7104,340,-54,264,-404,21397,-36,408,-419,-160,36899,106,30,65,0,0,0,0,0,0,0,0,-32305,0,0,0,0,0,303493,0
302325,3238,7320,288,-52,273,-351,21389,-30,317,-421,-152,36899,106,30,65,0,0,0,0,0,0,0,0,-32305,0,0,0,0,0,303499,0
302330,3192,7482,200,-55,271,-338,21376,-58,168,-413,-192,36902,111,30,65,0,0,0,0,0,0,0,0,-32305,0,0,0,0,0,303504,0
302335,3364,7388,112,-43,275,-391,21348,-124,20,-394,-256,36902,111,30,65,0,0,0,0,0,0,0,0,-32305,0,0,0,0,0,303509,0
302340,3908,7332,114,-40,258,-413,21312,-162,-80,-405,-288,36905,110,30,65,0,0,0,0,0,0,0,0,-32305,0,0,0,0,0,303515,0
302345,3934,7250,118,-33,245,-463,21264,-218,-141,-402,-352,36905,110,30,65,0,0,0,0,0,0,0,0,-32305,0,0,0,0,0,303520,0
302350,4116,7242,134,-29,228,-507,21199,-295,-182,-394,-504,36905,117,30,65,0,0,0,0,0,0,0,0,-32305,0,0,0,0,0,303525,0
302355,4248,7396,240,-18,231,-526,21115,-377,-206,-390,-648,36905,117,30,65,0,0,0,0,0,0,0,0,-32305,0,0,0,0,0,303531,0
302360,4074,7422,342,-12,238,-600,21016,-435,-230,-380,-760,36900,118,31,65,0,0,0,0,0,0,0,0,-32305,0,0,0,0,0,303537,0
302365,3862,7348,342,-7,246,-625,20906,-486,-244,-375,-896,36900,118,31,65,0,0,0,0,0,0,0,0,-32305,0,0,0,0,0,303542,0
302370,3696,7342,372,-4,251,-655,20788,-526,-211,-391,-960,36900,119,30,65,0,0,0,0,0,0,0,0,-32305,0,0,0,0,0,303547,0
302375,3478,7252,304,2,252,-681,20659,-568,-173,-389,-1040,36900,119,30,65,0,0,0,0,0,0,0,0,-32305,0,0,0,0,0,303553,0
302380,3278,7254,240,16,245,-719,20527,-581,-141,-381,-1032,36903,128,30,65,0,0,0,0,0,0,0,0,-32306,0,0,0,0,0,303558,0
302385,3134,7310,210,13,240,-730,20396,-577,-99,-371,-960,36903,128,30,65,0,0,0,0,0,0,0,0,-32305,0,0,0,0,0,303564,0
302390,2940,7328,198,20,240,-743,20266,-571,-55,-345,-968,36903,136,30,65,0,0,0,0,0,0,0,0,-32305,0,0,0,0,0,303569,0
302395,2772,7392,176,23,227,-742,20141,-551,-2,-336,-888,36903,136,30,65,0,0,0,0,0,0,0,0,-32305,0,0,0,0,0,303575,0
302400,2046,7506,138,25,222,-715,20028,-486,52,-345,-640,36901,135,30,65,0,0,0,0,0,0,0,0,-32305,0,0,0,0,0,303580,0
302405,1622,7476,72,25,222,-695,19937,-396,123,-349,-392,36901,135,30,65,0,0,0,0,0,0,0,0,-32305,0,0,0,0,0,303585,0
302410,1460,7568,26,25,209,-685,19871,-275,217,-332,-216,36898,118,30,65,0,0,0,0,0,0,0,0,-32305,0,0,0,0,0,303591,0
302415,1606,7726,-2,22,199,-686,19834,-155,305,-311,-128,36898,118,30,65,0,0,0,0,0,0,0,0,-32305,0,0,0,0,0,303596,0
302420,2470,8188,0,21,183,-708,19829,-8,389,-321,-80,36903,111,30,65,0,0,0,0,0,0,0,0,-32305,0,0,0,0,0,303601,0
302425,2916,8468,82,21,174,-716,19834,29,392,-328,-88,36903,111,30,65,0,0,0,0,0,0,0,0,-32305,0,0,0,0,0,303607,0
302430,3130,8602,128,21,167,-727,19835,0,309,-324,-96,36906,115,30,65,0,0,0,0,0,0,0,0,-32305,0,0,0,0,0,303612,0
302435,3112,8654,144,20,157,-750,19835,0,169,-330,-96,36906,115,30,65,0,0,0,0,0,0,0,0,-32305,0,0,0,0,0,303617,0
302440,2828,8382,64,17,145,-780,19836,5,50,-327,-104,36902,107,30,65,0,0,0,0,0,0,0,0,-32305,0,0,0,0,0,303623,0
302445,2614,8146,0,13,142,-786,19835,0,-16,-326,-104,36902,107,30,65,0,0,0,0,0,0,0,0,-32305,0,0,0,0,0,303628,0
302450,2304,7788,-74,13,126,-795,19836,3,-7,-326,-104,36901,100,30,65,0,0,0,0,0,0,0,0,-32305,0,0,0,0,0,303633,0
302455,2016,7538,-98,2,106,-790,19837,9,4,-328,-96,36901,100,30,65,0,0,0,0,0,0,0,0,-32305,0,0,0,0,0,303639,0
302460,1718,7148,-186,-11,73,-772,19838,7,5,-328,-96,36903,101,30,65,0,0,0,0,0,0,0,0,-32305,0,0,0,0,0,303644,0
302465,1734,7094,-214,-12,52,-762,19842,9,13,-328,-96,36903,101,30,65,0,0,0,0,0,0,0,0,-32305,0,0,0,0,0,303650,0
302470,1824,7140,-186,-15,44,-751,19841,-3,2,-328,-96,36907,104,30,65,0,0,0,0,0,0,0,0,-32305,0,0,0,0,0,303655,0
302475,2028,7192,-130,-32,32,-745,19841,2,-6,-329,-96,36907,104,30,65,0,0,0,0,0,0,0,0,-32306,0,0,0,0,0,303660,0
302480,2254,7384,-34,-43,7,-739,19841,0,-8,-329,-96,36908,115,30,65,0,0,0,0,0,0,0,0,-32305,0,0,0,0,0,303666,0
302485,2376,7538,4,-42,-3,-739,19841,0,-8,-328,-96,36908,115,30,65,0,0,0,0,0,0,0,0,-32305,0,0,0,0,0,303671,0
302490,2462,7660,26,-50,-10,-750,19841,4,-1,-326,-104,36906,106,30,65,0,0,0,0,0,0,0,0,-32305,0,0,0,0,0,303676,0
302495,2410,7712,20,-55,-26,-749,19842,11,0,-328,-96,36906,106,30,65,0,0,0,0,0,0,0,0,-32305,0,0,0,0,0,303682,0
302500,2238,7754,62,-62,-46,-759,19840,-1,-1,-328,-104,36910,116,30,65,0,0,0,0,0,0,0,0,-32305,0,0,0,0,0,303687,0
302505,2072,7742,64,-61,-54,-758,19841,-6,-1,-328,-104,36910,116,30,65,0,0,0,0,0,0,0,0,-32305,0,0,0,0,0,303693,0
302510,1958,7680,104,-58,-65,-751,19842,7,-3,-325,-104,36916,115,30,65,0,0,0,0,0,0,0,0,-32305,0,0,0,0,0,303698,0
302515,1892,7698,154,-62,-73,-750,19841,1,-1,-328,-96,36916,115,30,65,0,0,0,0,0,0,0,0,-32305,0,0,0,0,0,303704,0
302520,1756,7640,216,-63,-76,-739,19840,-3,2,-329,-96,36911,109,30,65,0,0,0,0,0,0,0,0,-32305,0,0,0,0,0,303709,0
302525,1714,7634,240,-63,-74,-729,19841,-3,-3,-328,-104,36911,109,30,65,0,0,0,0,0,0,0,0,-32305,0,0,0,0,0,303714,0
302530,1682,7612,258,-60,-64,-723,19841,4,3,-327,-104,36909,112,30,65,0,0,0,0,0,0,0,0,-32305,0,0,0,0,0,303720,0
302535,1724,7686,298,-59,-62,-711,19842,0,0,-328,-104,36909,112,30,65,0,0,0,0,0,0,0,0,-32305,0,0,0,0,0,303725,0
302540,1792,7630,306,-47,-46,-700,19840,-4,0,-328,-104,36907,102,30,65,0,0,0,0,0,0,0,0,-32305,0,0,0,0,0,303730,0
302545,1766,7402,332,-48,-31,-688,19841,-3,0,-327,-104,36907,102,30,65,0,0,0,0,0,0,0,0,-32305,0,0,0,0,0,303736,0
302550,1652,7128,310,-36,-9,-668,19840,-4,0,-328,-96,36907,117,30,65,0,0,0,0,0,0,0,0,-32306,0,0,0,0,0,303741,0
302555,1452,6700,276,-40,29,-636,19839,-1,-4,-326,-104,36907,117,30,65,0,0,0,0,0,0,0,0,-32305,0,0,0,0,0,303746,0
302560,478,5306,124,-21,161,-526,19837,-8,-1,-325,-96,36905,118,30,65,0,0,0,0,0,0,0,0,-32305,0,0,0,0,0,303752,0
302565,136,5318,462,-1,220,-455,19833,-11,-7,-329,-104,36905,118,30,65,0,0,0,0,0,0,0,0,-32305,0,0,0,0,0,303757,0
302570,206,6206,938,24,239,-389,19829,-25,-8,-328,-104,36904,115,30,65,0,0,0,0,0,0,0,0,-32305,0,0,0,0,0,303763,0
302575,692,7502,1232,39,235,-349,19824,-20,-16,-328,-112,36904,115,30,65,0,0,0,0,0,0,0,0,-32305,0,0,0,0,0,303768,0
302580,2320,9382,1104,45,134,-403,19810,-56,-24,-317,-144,36899,112,30,65,0,0,0,0,0,0,0,0,-32305,0,0,0,0,0,303774,0
302585,3366,9516,880,54,68,-459,19775,-166,-78,-295,-288,36899,112,30,65,0,0,0,0,0,0,0,0,-32305,0,0,0,0,0,303779,0
302590,3876,9200,564,62,16,-512,19709,-300,-172,-292,-504,36899,101,30,65,0,0,0,0,0,0,0,0,-32305,0,0,0,0,0,303785,0
302595,3862,8634,370,77,5,-562,19604,-476,-306,-286,-896,36899,101,30,65,0,0,0,0,0,0,0,0,-32306,0,0,0,0,0,303791,0
302600,2998,7908,508,105,53,-605,19459,-649,-443,-277,-1360,36910,108,30,65,0,0,0,0,0,0,0,0,-32305,0,0,0,0,0,303796,0
302605,2456,7966,658,126,72,-615,19278,-813,-547,-292,-1744,36910,108,30,65,0,0,0,0,0,0,0,0,-32305,0,0,0,0,0,303802,0
302610,1946,8180,770,137,88,-619,19062,-958,-572,-290,-1976,36919,117,30,65,0,0,0,0,0,0,0,0,-32305,0,0,0,0,0,303807,0
302615,1550,8330,784,147,88,-613,18825,-1052,-542,-280,-2120,36919,117,30,65,0,0,0,0,0,0,0,0,-32305,0,0,0,0,0,303812,0
302620,938,8378,776,182,100,-599,18571,-1117,-470,-261,-2232,36917,116,30,65,0,0,0,0,0,0,0,0,-32305,0,0,0,0,0,303818,0
302625,764,8466,726,202,125,-566,18304,-1171,-368,-250,-2264,36917,116,30,65,0,0,0,0,0,0,0,0,-32305,0,0,0,0,0,303823,0
302630,626,8504,718,207,147,-539,18033,-1195,-268,-229,-2288,36908,130,30,65,0,0,0,0,0,0,0,0,-32306,0,0,0,0,0,303829,0
302635,588,8528,722,233,194,-521,17754,-1228,-187,-193,-2352,36908,130,30,65,0,0,0,0,0,0,0,0,-32305,0,0,0,0,0,303834,0
302640,552,8452,698,273,275,-451,17468,-1261,-129,-181,-2408,36897,131,30,65,0,0,0,0,0,0,0,0,-32305,0,0,0,0,0,303839,0
302645,496,8356,626,279,315,-416,17173,-1307,-121,-153,-2488,36897,131,30,65,0,0,0,0,0,0,0,0,-32305,0,0,0,0,0,303845,0
302650,588,8216,622,284,356,-387,16858,-1384,-134,-136,-2648,36892,140,30,65,0,0,0,0,0,0,0,0,-32305,0,0,0,0,0,303850,0
302655,550,8172,486,302,381,-353,16522,-1491,-185,-125,-2848,36892,140,30,65,0,0,0,0,0,0,0,0,-32305,0,0,0,0,0,303856,0
302660,726,7894,484,322,436,-282,16159,-1613,-259,-93,-3112,36889,120,30,65,0,0,0,0,0,0,0,0,-32305,0,0,0,0,0,303861,0
302665,578,7714,484,328,465,-242,15758,-1775,-351,-79,-3408,36889,120,30,65,0,0,0,0,0,0,0,0,-32306,0,0,0,0,0,303867,0
302670,466,7722,464,338,500,-196,15318,-1949,-441,-59,-3768,36890,116,31,65,0,0,0,0,0,0,0,0,-32305,0,0,0,0,0,303872,0
302675,130,7762,490,345,518,-145,14837,-2137,-528,-28,-4128,36890,116,31,65,0,0,0,0,0,0,0,0,-32305,0,0,0,0,0,303877,0
302680,748,7840,426,382,532,-221,14311,-2337,-592,-6,-4456,36894,123,30,65,0,0,0,0,0,0,0,0,-32305,0,0,0,0,0,303883,0
302685,6716,7706,648,380,509,-609,13756,-2444,-613,-10,-4472,36894,123,30,65,0,0,0,0,0,0,0,0,-32305,0,0,0,0,0,303888,0
302690,12024,6744,70,370,578,-506,13208,-2406,-519,-2,-4152,36892,124,30,65,0,0,0,0,0,0,0,0,-32305,0,0,0,0,0,303894,0
302695,10388,5764,242,343,672,-655,12684,-2292,-309,45,-3696,36892,124,30,65,0,0,0,0,0,0,0,0,-32306,0,0,0,0,0,303899,0
302700,4042,7642,-182,373,727,-724,12200,-2097,-3,82,-3056,36892,134,30,65,0,0,0,0,0,0,0,0,-32305,0,0,0,0,0,303904,0
302705,586,8854,-366,381,722,-708,11815,-1625,391,53,-1632,36892,134,30,65,0,0,0,0,0,0,0,0,-32305,0,0,0,0,0,303910,0
302710,-1574,9138,-34,364,698,-727,11605,-830,937,68,96,36897,113,30,65,0,0,0,0,0,0,0,0,-32305,0,0,0,0,0,303915,0
302715,-1412,8500,-184,369,649,-727,11624,193,1677,430,776,36897,113,30,65,0,0,0,0,0,0,0,0,-32305,0,0,0,0,0,303920,0
302720,1072,7808,-302,333,490,-716,11817,907,2395,259,2240,36900,117,30,65,0,0,0,0,0,0,0,0,-32305,0,0,0,0,0,303926,0
302725,1118,8208,-88,334,425,-705,12105,1302,2674,201,2808,36900,117,30,65,0,0,0,0,0,0,0,0,-32305,0,0,0,0,0,303931,0
302730,432,8880,88,333,373,-706,12431,1445,2360,228,2776,36899,121,30,65,0,0,0,0,0,0,0,0,-32305,0,0,0,0,0,303937,0
302735,382,9314,10,313,312,-703,12766,1471,1630,170,2624,36899,121,30,65,0,0,0,0,0,0,0,0,-32305,0,0,0,0,0,303942,0
302740,2114,8764,-346,292,149,-750,13095,1436,826,111,2400,36894,118,30,65,0,0,0,0,0,0,0,0,-32305,0,0,0,0,0,303947,0
302745,3014,8336,-486,267,47,-789,13410,1377,288,77,2160,36894,118,30,65,0,0,0,0,0,0,0,0,-32305,0,0,0,0,0,303953,0
302750,3348,7834,-640,254,-34,-823,13698,1252,-37,40,1816,36895,120,30,65,0,0,0,0,0,0,0,0,-32305,0,0,0,0,0,303958,0
302755,3116,7728,-582,250,-122,-857,13947,1075,-235,42,1264,36895,120,30,65,0,0,0,0,0,0,0,0,-32305,0,0,0,0,0,303963,0
302760,1548,8114,-54,249,-240,-906,14129,773,-439,52,416,36902,103,30,65,0,0,0,0,0,0,0,0,-32305,0,0,0,0,0,303969,0
302765,744,8364,160,244,-307,-910,14224,377,-682,-82,-80,36902,103,30,65,0,0,0,0,0,0,0,0,-32305,0,0,0,0,0,303974,0
302770,528,8276,258,243,-361,-923,14207,-123,-1012,-217,-136,36905,103,30,65,0,0,0,0,0,0,0,0,-32305,0,0,0,0,0,303979,0
302775,568,8298,116,226,-436,-929,14127,-370,-1237,-46,-312,36905,103,30,65,0,0,0,0,0,0,0,0,-32305,0,0,0,0,0,303985,0
302780,1468,7708,-76,233,-538,-954,14009,-529,-1254,-36,-528,36900,103,30,65,0,0,0,0,0,0,0,0,-32305,0,0,0,0,0,303990,0
302785,1880,7898,122,224,-579,-971,13870,-619,-1031,-47,-584,36900,103,30,65,0,0,0,0,0,0,0,0,-32305,0,0,0,0,0,303997,0
302790,2202,7842,82,224,-614,-993,13722,-648,-689,-37,-488,36897,102,30,65,0,0,0,0,0,0,0,0,-32305,0,0,0,0,0,304001,0
302795,2154,7786,44,230,-656,-1021,13583,-610,-354,-9,-320,36897,102,30,65,0,0,0,0,0,0,0,0,-32305,0,0,0,0,0,304007,0
302800,2044,7802,196,222,-754,-1074,13456,-544,-127,46,-176,36904,116,30,65,0,0,0,0,0,0,0,0,-32305,0,0,0,0,0,304012,0
302805,1966,7732,190,226,-808,-1101,13349,-459,55,109,-104,36904,116,30,65,0,0,0,0,0,0,0,0,-32305,0,0,0,0,0,304017,0
302810,1954,7776,196,237,-857,-1123,13267,-356,189,129,-96,36908,107,30,65,0,0,0,0,0,0,0,0,-32305,0,0,0,0,0,304023,0
302815,1802,7796,288,234,-893,-1151,13210,-246,288,108,-32,36908,107,30,65,0,0,0,0,0,0,0,0,-32305,0,0,0,0,0,304029,0
302820,1686,7960,410,250,-957,-1181,13176,-135,339,112,-24,36908,110,30,65,0,0,0,0,0,0,0,0,-32305,0,0,0,0,0,304034,0
302825,1668,7954,414,257,-971,-1213,13162,-54,355,82,8,36908,110,30,65,0,0,0,0,0,0,0,0,-32306,0,0,0,0,0,304039,0
302830,1804,7996,378,262,-989,-1226,13165,23,345,53,24,36907,112,30,65,0,0,0,0,0,0,0,0,-32305,0,0,0,0,0,304044,0
302835,1880,7992,260,264,-1001,-1246,13171,24,293,64,16,36907,112,30,65,0,0,0,0,0,0,0,0,-32305,0,0,0,0,0,304050,0
302840,2028,7994,62,265,-1018,-1292,13171,-1,194,63,24,36902,107,30,65,0,0,0,0,0,0,0,0,-32306,0,0,0,0,0,304055,0
302845,2038,8002,8,272,-1020,-1310,13171,1,84,60,16,36902,107,30,65,0,0,0,0,0,0,0,0,-32305,0,0,0,0,0,304060,0
302850,2004,8028,-18,267,-1020,-1342,13170,-2,12,62,16,36902,109,30,65,0,0,0,0,0,0,0,0,-32305,0,0,0,0,0,304066,0
302855,1914,8024,-48,278,-1007,-1363,13172,-3,-17,62,16,36902,109,30,65,0,0,0,0,0,0,0,0,-32305,0,0,0,0,0,304071,0
302860,1820,8132,-136,272,-979,-1395,13171,-1,-10,60,16,36898,110,30,65,0,0,0,0,0,0,0,0,-32305,0,0,0,0,0,304077,0
302865,1786,8162,-204,269,-958,-1414,13171,-6,0,64,16,36898,110,30,65,0,0,0,0,0,0,0,0,-32305,0,0,0,0,0,304082,0
302870,1754,8292,-104,259,-927,-1429,13171,0,-3,62,16,36896,123,30,65,0,0,0,0,0,0,0,0,-32305,0,0,0,0,0,304087,0
302875,1678,8334,-196,264,-889,-1450,13172,-1,1,63,16,36896,123,30,65,0,0,0,0,0,0,0,0,-32305,0,0,0,0,0,304093,0
302880,1692,8290,-260,254,-814,-1472,13171,-3,3,63,16,36896,120,30,65,0,0,0,0,0,0,0,0,-32305,0,0,0,0,0,304098,0
302885,1670,8414,-240,257,-771,-1491,13171,0,-2,63,24,36896,120,30,65,0,0,0,0,0,0,0,0,-32305,0,0,0,0,0,304104,0
302890,1528,8530,-182,239,-734,-1508,13171,0,3,62,16,36900,120,30,65,0,0,0,0,0,0,0,0,-32305,0,0,0,0,0,304109,0
302895,1612,8248,-340,250,-678,-1518,13171,-2,1,61,16,36900,120,30,65,0,0,0,0,0,0,0,0,-32305,0,0,0,0,0,304114,0
302900,1464,8288,-180,234,-569,-1543,13172,0,1,59,16,36902,114,30,65,0,0,0,0,0,0,0,0,-32305,0,0,0,0,0,304120,0
302905,1458,8080,-430,238,-506,-1546,13171,0,3,59,16,36902,114,30,65,0,0,0,0,0,0,0,0,-32305,0,0,0,0,0,304125,0
302910,1286,8264,-354,220,-445,-1559,13172,-1,0,62,16,36904,113,30,65,0,0,0,0,0,0,0,0,-32305,0,0,0,0,0,304131,0
302915,1188,8276,-280,216,-390,-1561,13171,1,-3,62,16,36904,113,30,65,0,0,0,0,0,0,0,0,-32305,0,0,0,0,0,304136,0
302920,744,8292,-700,196,-314,-1573,13171,0,3,63,16,36904,113,30,65,0,0,0,0,0,0,0,0,-32305,0,0,0,0,0,304141,0
302925,1050,8312,-298,199,-265,-1572,13171,-3,-2,61,16,36904,113,30,65,0,0,0,0,0,0,0,0,-32305,0,0,0,0,0,304147,0
302930,1212,8144,-52,185,-203,-1575,13171,0,2,64,16,36905,100,30,65,0,0,0,0,0,0,0,0,-32305,0,0,0,0,0,304152,0
302935,1352,7948,-224,189,-135,-1577,13172,0,0,64,16,36905,100,30,65,0,0,0,0,0,0,0,0,-32305,0,0,0,0,0,304157,0
302940,1018,8084,-278,186,7,-1584,13172,0,1,62,16,36903,111,30,65,0,0,0,0,0,0,0,0,-32305,0,0,0,0,0,304163,0
302945,708,8120,-212,174,64,-1580,13172,0,1,61,16,36903,111,30,65,0,0,0,0,0,0,0,0,-32305,0,0,0,0,0,304168,0
302950,566,8174,-196,164,101,-1586,13170,-1,-1,60,16,36901,118,30,65,0,0,0,0,0,0,0,0,-32306,0,0,0,0,0,304174,0
302955,448,8018,-346,170,126,-1582,13172,3,-4,61,16,36901,118,30,65,0,0,0,0,0,0,0,0,-32305,0,0,0,0,0,304179,0
302960,538,8010,-286,161,187,-1575,13171,1,1,63,16,36900,105,30,65,0,0,0,0,0,0,0,0,-32305,0,0,0,0,0,304184,0
302965,478,7920,-168,150,213,-1573,13171,2,5,64,8,36900,105,30,65,0,0,0,0,0,0,0,0,-32305,0,0,0,0,0,304190,0
302970,522,7910,-134,147,237,-1580,13172,5,0,62,24,36902,102,30,65,0,0,0,0,0,0,0,0,-32305,0,0,0,0,0,304195,0
302975,504,7880,-156,152,257,-1575,13172,-5,-1,62,16,36902,102,30,65,0,0,0,0,0,0,0,0,-32305,0,0,0,0,0,304200,0
302980,324,7890,-272,153,291,-1577,13171,0,1,61,16,36907,109,30,65,0,0,0,0,0,0,0,0,-32306,0,0,0,0,0,304207,0
302985,192,7956,-144,151,294,-1576,13172,1,1,63,16,36907,109,30,65,0,0,0,0,0,0,0,0,-32306,0,0,0,0,0,304212,0
302990,138,7934,-78,151,287,-1574,13172,4,1,62,24,36906,120,30,65,0,0,0,0,0,0,0,0,-32305,0,0,0,0,0,304216,0
302995,114,7944,-120,146,292,-1581,13173,10,1,62,24,36906,120,30,65,0,0,0,0,0,0,0,0,-32305,0,0,0,0,0,304222,0
303000,108,8080,-34,154,292,-1579,13173,4,-3,60,16,36905,123,30,65,0,0,0,0,0,0,0,0,-32305,0,0,0,0,0,304228,0
303005,78,8074,8,156,290,-1587,13171,6,-3,60,16,36905,123,30,65,0,0,0,0,0,0,0,0,-32305,0,0,0,0,0,304233,0
303010,-16,8074,-42,155,280,-1587,13171,-2,-3,61,16,36917,110,30,65,0,0,0,0,0,0,0,0,-32305,0,0,0,0,0,304238,0
303015,66,8024,-166,168,273,-1600,13171,-6,-1,63,16,36917,110,30,65,0,0,0,0,0,0,0,0,-32305,0,0,0,0,0,304244,0
303020,-20,8272,-14,165,243,-1606,13172,-1,-2,63,16,36918,102,30,65,0,0,0,0,0,0,0,0,-32305,0,0,0,0,0,304249,0
303025,-742,8918,26,168,241,-1663,13171,0,-2,63,16,36918,102,30,65,0,0,0,0,0,0,0,0,-32306,0,0,0,0,0,304254,0
303030,-2826,11100,320,161,202,-1704,13171,0,-2,63,16,36914,110,30,65,0,0,0,0,0,0,0,0,-32305,0,0,0,0,0,304260,0
303035,-2934,11094,250,152,142,-1634,13171,-6,0,62,16,36914,110,30,65,0,0,0,0,0,0,0,0,-32305,0,0,0,0,0,304265,0
303040,674,8832,-538,193,89,-1625,13172,-3,1,62,24,36902,119,30,65,0,0,0,0,0,0,0,0,-32305,0,0,0,0,0,304271,0
303045,944,8622,110,184,51,-1638,13172,1,1,61,16,36902,119,30,65,0,0,0,0,0,0,0,0,-32305,0,0,0,0,0,304276,0
303050,492,8404,-20,193,21,-1662,13172,7,-1,62,16,36897,121,30,65,0,0,0,0,0,0,0,0,-32305,0,0,0,0,0,304282,0
303055,320,8054,-18,196,1,-1677,13171,-3,-3,61,16,36897,121,30,65,0,0,0,0,0,0,0,0,-32305,0,0,0,0,0,304287,0
303060,-30,7700,114,215,-28,-1690,13172,-1,-2,61,16,36900,112,30,65,0,0,0,0,0,0,0,0,-32305,0,0,0,0,0,304292,0
303065,-734,7866,78,215,-34,-1686,13171,-1,4,62,16,36900,112,30,65,0,0,0,0,0,0,0,0,-32305,0,0,0,0,0,304298,0
303070,-1298,8006,186,233,-37,-1672,13170,0,2,62,16,36902,123,30,65,0,0,0,0,0,0,0,0,-32305,0,0,0,0,0,304303,0
303075,-1528,7982,218,234,-44,-1656,13172,-6,-5,62,16,36902,123,30,65,0,0,0,0,0,0,0,0,-32305,0,0,0,0,0,304308,0
303080,-1474,7926,222,260,-66,-1612,13172,1,0,63,16,36899,123,30,65,0,0,0,0,0,0,0,0,-32305,0,0,0,0,0,304314,0
303085,-1198,7850,180,268,-74,-1596,13171,-1,5,63,24,36899,123,30,65,0,0,0,0,0,0,0,0,-32305,0,0,0,0,0,304319,0
303090,-968,7840,114,279,-82,-1591,13171,-7,-2,61,16,36899,126,30,65,0,0,0,0,0,0,0,0,-32305,0,0,0,0,0,304325,0
303095,-868,7860,36,287,-91,-1572,13170,-4,-3,62,16,36899,126,30,65,0,0,0,0,0,0,0,0,-32305,0,0,0,0,0,304330,0
303100,-826,7950,80,301,-98,-1560,13172,6,5,61,16,36902,111,30,65,0,0,0,0,0,0,0,0,-32305,0,0,0,0,0,304336,0
303105,-956,7988,68,309,-91,-1532,13158,-63,-7,-459,-984,36902,111,30,65,0,0,0,0,0,0,0,0,-32305,0,0,0,0,0,304342,0
303110,-1364,7970,18,309,-94,-1532,13077,-387,-158,-1331,-1296,36900,116,30,65,0,0,0,0,0,0,0,0,-32304,0,0,0,0,0,304347,0
303115,-1342,7954,16,318,-89,-1501,12946,-593,-397,-953,-1368,36900,116,30,65,0,0,0,0,0,0,0,0,-32305,0,0,0,0,0,304352,0
303120,-1484,7806,-94,329,-92,-1473,12792,-666,-593,-573,-1032,36895,127,30,65,0,0,0,0,0,0,0,0,-32305,0,0,0,0,0,304358,0
303125,-1410,7756,-78,326,-93,-1454,12646,-628,-576,-261,-560,36895,127,30,65,0,0,0,0,0,0,0,0,-32305,0,0,0,0,0,304363,0
303130,-1422,7764,-140,335,-84,-1435,12523,-530,-344,-102,-216,36892,118,30,65,0,0,0,0,0,0,0,0,-32305,0,0,0,0,0,304369,0
303135,-1480,7758,-184,334,-85,-1420,12434,-374,9,-3,-160,36892,118,30,65,0,0,0,0,0,0,0,0,-32305,0,0,0,0,0,304374,0
303140,-1568,7762,-236,333,-95,-1385,12380,-213,284,-123,-200,36896,115,30,65,0,0,0,0,0,0,0,0,-32305,0,0,0,0,0,304379,0
303145,-1522,7812,-294,334,-104,-1375,12356,-95,436,-388,-272,36896,115,30,65,0,0,0,0,0,0,0,0,-32305,0,0,0,0,0,304385,0
303150,-1604,7872,-342,332,-105,-1359,12353,-1,471,-647,-288,36900,109,30,65,0,0,0,0,0,0,0,0,-32305,0,0,0,0,0,304390,0
303155,-1626,7892,-324,330,-115,-1342,12353,0,412,-798,-272,36900,109,30,65,0,0,0,0,0,0,0,0,-32305,0,0,0,0,0,304396,0
303160,-1538,7884,-420,323,-119,-1314,12353,2,272,-830,-280,36901,124,30,65,0,0,0,0,0,0,0,0,-32305,0,0,0,0,0,304401,0
303165,-1598,7964,-460,314,-118,-1299,12353,4,136,-832,-272,36901,124,30,65,0,0,0,0,0,0,0,0,-32305,0,0,0,0,0,304407,0
303170,-1672,7958,-494,318,-123,-1280,12351,-1,44,-831,-272,36899,133,30,65,0,0,0,0,0,0,0,0,-32305,0,0,0,0,0,304412,0
303175,-1644,7916,-520,301,-119,-1269,12349,-9,-3,-822,-280,36899,133,30,65,0,0,0,0,0,0,0,0,-32305,0,0,0,0,0,304417,0
303180,-1652,7964,-528,289,-126,-1239,12347,-17,-8,-818,-288,36899,127,30,65,0,0,0,0,0,0,0,0,-32305,0,0,0,0,0,304423,0
303185,-1638,7950,-558,282,-128,-1222,12342,-17,-12,-799,-288,36899,127,30,65,0,0,0,0,0,0,0,0,-32305,0,0,0,0,0,304428,0
303190,-1562,7922,-618,269,-134,-1210,12333,-34,-22,-774,-288,36900,122,30,65,0,0,0,0,0,0,0,0,-32304,0,0,0,0,0,304433,0
303195,-1622,7978,-654,265,-126,-1197,12318,-72,-36,-742,-288,36900,122,30,65,0,0,0,0,0,0,0,0,-32305,0,0,0,0,0,304439,0
303200,-1596,7920,-596,234,-134,-1177,12302,-69,-53,-681,-272,36900,126,30,65,0,0,0,0,0,0,0,0,-32305,0,0,0,0,0,304444,0
303205,-1568,7936,-704,236,-125,-1172,12296,-29,-33,-676,-256,36900,126,30,65,0,0,0,0,0,0,0,0,-32305,0,0,0,0,0,304450,0
303210,-1620,7976,-710,221,-122,-1163,12296,0,11,-726,-264,36899,128,30,65,0,0,0,0,0,0,0,0,-32305,0,0,0,0,0,304455,0
303215,-1640,8028,-736,206,-115,-1151,12296,-3,52,-767,-256,36899,128,30,65,0,0,0,0,0,0,0,0,-32305,0,0,0,0,0,304460,0
303220,-1674,7968,-738,179,-107,-1133,12296,1,67,-776,-264,36898,125,30,65,0,0,0,0,0,0,0,0,-32305,0,0,0,0,0,304466,0
303225,-1664,8078,-804,161,-103,-1117,12295,-3,36,-775,-256,36898,125,30,65,0,0,0,0,0,0,0,0,-32305,0,0,0,0,0,304471,0
303230,-1662,7860,-622,168,-105,-1110,12295,0,8,-770,-256,36904,111,30,65,0,0,0,0,0,0,0,0,-32305,0,0,0,0,0,304476,0
303235,-1780,8040,-590,142,-109,-1104,12294,-4,-2,-775,-248,36904,111,30,65,0,0,0,0,0,0,0,0,-32305,0,0,0,0,0,304482,0
303240,-1894,7902,-818,138,-108,-1080,12295,1,2,-769,-248,36908,114,30,65,0,0,0,0,0,0,0,0,-32305,0,0,0,0,0,304487,0
303245,-1994,7986,-860,133,-115,-1068,12294,2,-3,-770,-256,36908,114,30,65,0,0,0,0,0,0,0,0,-32304,0,0,0,0,0,304492,0
303250,-2004,8036,-794,126,-135,-1056,12292,-10,-2,-768,-256,36905,105,30,65,0,0,0,0,0,0,0,0,-32305,0,0,0,0,0,304498,0
303255,-1952,8254,-704,108,-149,-1041,12292,2,-2,-756,-264,36905,105,30,65,0,0,0,0,0,0,0,0,-32305,0,0,0,0,0,304503,0
303260,-1576,8152,-564,89,-138,-1021,12289,-8,-4,-760,-264,36901,101,30,65,0,0,0,0,0,0,0,0,-32305,0,0,0,0,0,304509,0
303265,-1546,8222,-574,85,-140,-1013,12283,-23,-12,-745,-256,36901,101,30,65,0,0,0,0,0,0,0,0,-32305,0,0,0,0,0,304514,0
303270,-1568,8164,-546,72,-139,-1013,12282,-17,-6,-736,-264,36902,96,30,65,0,0,0,0,0,0,0,0,-32305,0,0,0,0,0,304519,0
303275,-1616,8084,-586,70,-143,-1010,12274,-32,-16,-724,-264,36902,96,30,65,0,0,0,0,0,0,0,0,-32305,0,0,0,0,0,304525,0
303280,-1710,8044,-596,56,-157,-1009,12261,-57,-40,-682,-272,36905,103,30,65,0,0,0,0,0,0,0,0,-32305,0,0,0,0,0,304530,0
303285,-1670,8084,-642,53,-166,-1009,12247,-67,-44,-636,-264,36905,103,30,65,0,0,0,0,0,0,0,0,-32305,0,0,0,0,0,304535,0
303290,-1686,7960,-628,52,-180,-1011,12237,-38,-35,-624,-232,36901,115,30,65,0,0,0,0,0,0,0,0,-32305,0,0,0,0,0,304541,0
303295,-1734,7978,-554,48,-188,-1007,12236,5,6,-663,-256,36901,115,30,65,0,0,0,0,0,0,0,0,-32305,0,0,0,0,0,304546,0
303300,-1734,7976,-416,54,-220,-1018,12237,5,46,-709,-256,36897,111,30,65,0,0,0,0,0,0,0,0,-32305,0,0,0,0,0,304551,0
303305,-1780,7950,-426,52,-236,-1016,12236,0,61,-718,-256,36897,111,30,65,0,0,0,0,0,0,0,0,-32305,0,0,0,0,0,304557,0
303310,-1734,7904,-416,62,-244,-1024,12237,-1,44,-715,-256,36899,112,30,65,0,0,0,0,0,0,0,0,-32305,0,0,0,0,0,304562,0
303315,-1706,7948,-386,60,-252,-1030,12237,3,11,-717,-256,36899,112,30,65,0,0,0,0,0,0,0,0,-32305,0,0,0,0,0,304568,0
303320,-1690,7940,-310,68,-266,-1039,12236,0,-3,-719,-248,36903,107,30,65,0,0,0,0,0,0,0,0,-32305,0,0,0,0,0,304573,0
303325,-1690,7988,-290,69,-272,-1043,12236,-8,0,-720,-248,36903,107,30,65,0,0,0,0,0,0,0,0,-32305,0,0,0,0,0,304578,0
303330,-1658,7994,-304,74,-282,-1046,12237,-4,-1,-716,-256,36909,93,30,65,0,0,0,0,0,0,0,0,-32305,0,0,0,0,0,304583,0
303335,-1672,8008,-328,83,-290,-1060,12236,-1,-1,-719,-248,36909,93,30,65,0,0,0,0,0,0,0,0,-32305,0,0,0,0,0,304589,0
303340,-1694,7992,-294,90,-310,-1076,12236,3,-1,-718,-256,36906,100,30,65,0,0,0,0,0,0,0,0,-32305,0,0,0,0,0,304595,0
303345,-1678,8074,-282,94,-320,-1080,12236,2,-2,-718,-248,36906,100,30,65,0,0,0,0,0,0,0,0,-32305,0,0,0,0,0,304601,0
303350,-1690,8020,-288,111,-328,-1095,12237,7,6,-716,-256,36905,90,31,65,0,0,0,0,0,0,0,0,-32305,0,0,0,0,0,304605,0
303355,-1674,8064,-320,102,-334,-1102,12237,7,7,-716,-256,36905,90,31,65,0,0,0,0,0,0,0,0,-32305,0,0,0,0,0,304611,0
303360,-1774,8074,-282,119,-348,-1116,12236,0,2,-715,-248,36901,102,30,65,0,0,0,0,0,0,0,0,-32305,0,0,0,0,0,304617,0
303365,-1746,8086,-268,123,-355,-1126,12237,8,5,-716,-256,36901,102,30,65,0,0,0,0,0,0,0,0,-32305,0,0,0,0,0,304621,0
303370,-1730,8030,-350,128,-360,-1144,12237,10,1,-721,-248,36901,113,30,65,0,0,0,0,0,0,0,0,-32305,0,0,0,0,0,304627,0
303375,-1736,8116,-308,130,-368,-1151,12235,0,2,-712,-248,36901,113,30,65,0,0,0,0,0,0,0,0,-32305,0,0,0,0,0,304632,0
303380,-1712,8068,-246,134,-371,-1173,12236,1,1,-713,-256,36900,110,30,65,0,0,0,0,0,0,0,0,-32305,0,0,0,0,0,304638,0
303385,-1498,8302,-712,118,-365,-1187,12236,-1,-1,-719,-248,36900,110,30,65,0,0,0,0,0,0,0,0,-32304,0,0,0,0,0,304643,0
303390,-1806,8288,210,135,-387,-1205,12235,-4,0,-717,-240,36899,120,30,65,0,0,0,0,0,0,0,0,-32305,0,0,0,0,0,304648,0
303395,-1394,8294,-260,139,-396,-1219,12236,0,-4,-715,-256,36899,120,30,65,0,0,0,0,0,0,0,0,-32305,0,0,0,0,0,304654,0
303400,-1628,8470,-442,136,-383,-1241,12235,0,0,-715,-248,36904,100,30,65,0,0,0,0,0,0,0,0,-32305,0,0,0,0,0,304659,0
303405,-1736,8600,-458,135,-387,-1247,12237,2,4,-719,-256,36904,100,30,65,0,0,0,0,0,0,0,0,-32305,0,0,0,0,0,304665,0
303410,-1850,8558,-442,129,-391,-1256,12235,-2,-1,-719,-248,36907,107,30,65,0,0,0,0,0,0,0,0,-32305,0,0,0,0,0,304670,0
303415,-1706,8556,-428,133,-405,-1268,12235,-3,1,-715,-248,36907,107,30,65,0,0,0,0,0,0,0,0,-32305,0,0,0,0,0,304675,0
303420,-1956,8648,-130,137,-421,-1293,12236,0,1,-717,-248,36902,101,30,65,0,0,0,0,0,0,0,0,-32305,0,0,0,0,0,304681,0
303425,-1614,8594,-450,145,-449,-1302,12235,0,0,-719,-256,36902,101,30,65,0,0,0,0,0,0,0,0,-32305,0,0,0,0,0,304686,0
303430,-1792,8414,-624,145,-466,-1313,12236,5,2,-720,-264,36905,103,30,65,0,0,0,0,0,0,0,0,-32305,0,0,0,0,0,304691,0
303435,-2016,8208,-760,159,-459,-1309,12235,-10,1,-724,-224,36905,103,30,65,0,0,0,0,0,0,0,0,-32305,0,0,0,0,0,304697,0
303440,-2502,9122,-464,164,-543,-1322,12236,-1,2,-714,-248,36904,103,30,65,0,0,0,0,0,0,0,0,-32305,0,0,0,0,0,304702,0
303445,-1500,8834,-766,152,-542,-1349,12235,5,-6,-720,-248,36904,103,30,65,0,0,0,0,0,0,0,0,-32304,0,0,0,0,0,304708,0
303450,-1468,8462,-532,184,-577,-1371,12236,-4,1,-717,-240,36906,108,30,65,0,0,0,0,0,0,0,0,-32304,0,0,0,0,0,304713,0
303455,-1744,8650,-856,198,-617,-1375,12235,-3,4,-714,-248,36906,108,30,65,0,0,0,0,0,0,0,0,-32304,0,0,0,0,0,304718,0
303460,-2080,8962,-784,209,-690,-1404,12237,3,0,-718,-256,36903,112,30,65,0,0,0,0,0,0,0,0,-32305,0,0,0,0,0,304724,0
303465,-2018,9130,-1112,218,-719,-1415,12236,3,1,-718,-256,36903,112,30,65,0,0,0,0,0,0,0,0,-32305,0,0,0,0,0,304729,0
303470,-2032,9300,-820,223,-760,-1426,12235,-8,0,-720,-240,36902,106,30,65,0,0,0,0,0,0,0,0,-32305,0,0,0,0,0,304734,0
303475,-2088,9478,-1036,223,-783,-1436,12235,-7,-5,-721,-248,36902,106,30,65,0,0,0,0,0,0,0,0,-32305,0,0,0,0,0,304740,0
303480,-2044,9680,-848,225,-823,-1448,12238,9,3,-720,-256,36907,102,30,65,0,0,0,0,0,0,0,0,-32305,0,0,0,0,0,304745,0
303485,-1960,9712,-824,217,-838,-1445,12237,-1,-3,-725,-240,36907,102,30,65,0,0,0,0,0,0,0,0,-32305,0,0,0,0,0,304750,0
303490,-1930,9586,-742,210,-838,-1458,12238,0,2,-722,-240,36910,103,30,65,0,0,0,0,0,0,0,0,-32305,0,0,0,0,0,304756,0
303495,-2018,9502,-726,205,-837,-1458,12238,0,-2,-731,-240,36910,103,30,65,0,0,0,0,0,0,0,0,-32305,0,0,0,0,0,304761,0
303500,-2172,9284,-658,180,-820,-1456,12241,12,7,-729,-248,36908,104,30,65,0,0,0,0,0,0,0,0,-32305,0,0,0,0,0,304767,0
303505,-2322,9108,-588,169,-813,-1458,12242,5,3,-734,-256,36908,104,30,65,0,0,0,0,0,0,0,0,-32305,0,0,0,0,0,304772,0
303510,-2346,8798,-576,152,-806,-1452,12244,7,3,-735,-256,36904,113,30,65,0,0,0,0,0,0,0,0,-32305,0,0,0,0,0,304778,0
303515,-2388,8496,-572,135,-798,-1454,12249,16,7,-744,-264,36904,113,30,65,0,0,0,0,0,0,0,0,-32305,0,0,0,0,0,304783,0
303520,-2702,7784,-454,109,-784,-1444,12250,14,0,-748,-256,36902,104,31,65,0,0,0,0,0,0,0,0,-32305,0,0,0,0,0,304788,0
303525,-2842,7432,-442,102,-776,-1439,12252,10,5,-754,-248,36902,104,31,65,0,0,0,0,0,0,0,0,-32305,0,0,0,0,0,304794,0
303530,-2926,7108,-342,97,-777,-1453,12257,10,1,-764,-248,36902,109,30,65,0,0,0,0,0,0,0,0,-32305,0,0,0,0,0,304799,0
303535,-2886,6856,-286,90,-782,-1459,12261,21,8,-777,-240,36902,109,30,65,0,0,0,0,0,0,0,0,-32305,0,0,0,0,0,304804,0
303540,-2660,6632,-174,75,-764,-1477,12271,42,17,-799,-224,36904,123,30,65,0,0,0,0,0,0,0,0,-32305,0,0,0,0,0,304810,0
303545,-2582,6626,-46,71,-752,-1500,12287,78,30,-847,-200,36904,123,30,65,0,0,0,0,0,0,0,0,-32305,0,0,0,0,0,304815,0
303550,-2234,6564,44,61,-732,-1551,12319,141,76,-957,-208,36903,119,30,65,0,0,0,0,0,0,0,0,-32305,0,0,0,0,0,304821,0
303555,-1724,6666,76,61,-719,-1591,12362,194,128,-1080,-168,36903,119,30,65,0,0,0,0,0,0,0,0,-32305,0,0,0,0,0,304826,0
303560,-1924,6756,350,52,-671,-1645,12425,279,177,-1219,-160,36903,117,30,65,0,0,0,0,0,0,0,0,-32305,0,0,0,0,0,304831,0
303565,-2084,6520,424,52,-646,-1660,12500,340,210,-1398,-160,36903,117,30,65,0,0,0,0,0,0,0,0,-32305,0,0,0,0,0,304837,0
303570,-2254,6390,474,49,-635,-1676,12589,404,225,-1581,-136,36904,101,30,65,0,0,0,0,0,0,0,0,-32306,0,0,0,0,0,304842,0
303575,-2366,6370,664,44,-602,-1681,12691,453,220,-1784,-128,36904,101,30,65,0,0,0,0,0,0,0,0,-32306,0,0,0,0,0,304847,0
303580,-2012,6636,818,44,-562,-1699,12832,656,238,-983,1432,36911,105,30,65,0,0,0,0,0,0,0,0,-32305,0,0,0,0,0,304853,0
303585,-1044,6824,800,53,-565,-1808,13109,1283,508,33,2856,36911,105,30,65,0,0,0,0,0,0,0,0,-32305,0,0,0,0,0,304858,0
303590,110,7596,664,63,-575,-1969,13517,1845,973,54,4000,36904,104,30,65,0,0,0,0,0,0,0,0,-32305,0,0,0,0,0,304864,0
303595,840,8446,606,85,-565,-2146,14039,2345,1472,55,4912,36904,104,30,65,0,0,0,0,0,0,0,0,-32305,0,0,0,0,0,304870,0
303600,1188,9494,680,111,-543,-2354,14664,2790,1776,25,5704,36897,107,30,65,0,0,0,0,0,0,0,0,-32306,0,0,0,0,0,304875,0
303605,1004,9640,696,126,-535,-2468,15386,3218,1783,-31,6512,36897,107,30,65,0,0,0,0,0,0,0,0,-32305,0,0,0,0,0,304880,0
303610,338,9880,764,152,-534,-2551,16211,3672,1642,-89,7320,36896,122,30,65,0,0,0,0,0,0,0,0,-32305,0,0,0,0,0,304886,0
303615,-300,9972,840,168,-515,-2637,17137,4114,1571,-152,8160,36896,122,30,65,0,0,0,0,0,0,0,0,-32305,0,0,0,0,0,304891,0
303620,-940,9784,724,191,-513,-2789,18157,4521,1531,-236,8968,36901,117,30,65,0,0,0,0,0,0,0,0,-32305,0,0,0,0,0,304896,0
303625,-834,9668,722,206,-510,-2862,19272,4951,1509,-319,9784,36901,117,30,65,0,0,0,0,0,0,0,0,-32305,0,0,0,0,0,304902,0
303630,-776,9502,620,217,-521,-2946,20488,5406,1502,-379,10656,36910,101,30,65,0,0,0,0,0,0,0,0,-32305,0,0,0,0,0,304907,0
303635,-532,9410,612,222,-511,-3023,21802,5814,1500,-432,11320,36910,101,30,65,0,0,0,0,0,0,0,0,-32305,0,0,0,0,0,304912,0
303640,-190,9164,518,269,-501,-3188,23190,6137,1461,-545,11888,36923,73,30,65,0,0,0,0,0,0,0,0,-32305,0,0,0,0,0,304918,0
303645,-402,9050,472,264,-505,-3269,24654,6481,1389,-658,12552,36923,73,30,65,0,0,0,0,0,0,0,0,-32304,0,0,0,0,0,304924,0
303650,-340,8872,652,279,-508,-3355,26193,6797,1282,-721,13008,36954,23,30,65,0,0,0,0,0,0,0,0,-32306,0,0,0,0,0,304929,0
303655,-900,8502,602,277,-518,-3420,27787,7040,1151,-833,13416,36954,23,30,65,0,0,0,0,0,0,0,0,-32306,0,0,0,0,0,304934,0
303660,-1526,7934,420,331,-539,-3548,29460,7399,1090,-926,13960,36987,-47,30,65,0,0,0,0,0,0,0,0,-32305,0,0,0,0,0,304940,0
303665,-1794,7766,412,330,-553,-3605,31181,7577,1037,-1018,14288,36987,-47,30,65,0,0,0,0,0,0,0,0,-32305,0,0,0,0,0,304945,0
303670,-1802,7506,490,353,-568,-3675,32949,7806,944,-1210,14800,37028,-147,30,65,0,0,0,0,0,0,0,0,-32304,0,0,0,0,0,304950,0
303675,-1820,7322,490,374,-591,-3724,34756,7961,852,-1255,14880,37028,-147,30,65,0,0,0,0,0,0,0,0,-32305,0,0,0,0,0,304956,0
303680,-2030,7126,294,406,-621,-3799,36599,8131,734,-1402,15224,37071,-250,30,65,0,0,0,0,0,0,0,0,-32305,0,0,0,0,0,304961,0
303685,-2210,7282,384,420,-607,-3857,38491,8334,649,-1511,15480,37071,-250,30,65,0,0,0,0,0,0,0,0,-32305,0,0,0,0,0,304966,0
303690,-2212,6928,374,437,-621,-3901,40396,8391,598,-1691,15824,37126,-363,30,65,0,0,0,0,0,0,0,0,-32305,0,0,0,0,0,304972,0
303695,-2154,7008,304,456,-642,-3947,42333,8533,530,-1810,16016,37126,-363,30,65,0,0,0,0,0,0,0,0,-32305,0,0,0,0,0,304977,0
303700,-2618,6526,374,421,-657,-3975,44282,8575,440,-1827,16056,37185,-464,30,65,0,0,0,0,0,0,0,0,-32306,0,0,0,0,0,304983,0
303705,-2870,6988,216,475,-685,-3989,46268,8765,392,-1940,16136,37185,-464,30,65,0,0,0,0,0,0,0,0,-32305,0,0,0,0,0,304988,0
303710,-2618,6504,76,490,-712,-3970,48248,8705,320,-2047,16112,37241,-564,30,65,0,0,0,0,0,0,0,0,-32306,0,0,0,0,0,304994,0
303715,-2784,6678,324,438,-726,-3931,50235,8747,269,-2302,16040,37241,-564,30,65,0,0,0,0,0,0,0,0,-32305,0,0,0,0,0,305000,0
303720,-3246,6614,276,482,-839,-3846,52198,8630,115,-2370,15872,37300,-680,30,65,0,0,0,0,0,0,0,0,-32306,0,0,0,0,0,305004,0
303725,-3580,6690,452,473,-887,-3746,54168,8667,6,-2497,15816,37300,-680,30,65,0,0,0,0,0,0,0,0,-32304,0,0,0,0,0,305010,0
303730,-3546,6818,532,476,-941,-3624,56114,8550,-117,-2556,15568,37355,-775,30,65,0,0,0,0,0,0,0,0,-32306,0,0,0,0,0,305015,0
303735,-3100,6978,762,457,-1000,-3509,58040,8473,-160,-2755,15328,37355,-775,30,65,0,0,0,0,0,0,0,0,-32304,0,0,0,0,0,305020,0
303740,-3074,7108,944,407,-1061,-3245,59933,8305,-255,-2770,14832,37406,-882,30,65,0,0,0,0,0,0,0,0,-32306,0,0,0,0,0,305026,0
303745,-3528,7316,900,362,-1089,-3095,61797,8205,-336,-2907,14456,37406,-882,30,65,0,0,0,0,0,0,0,0,-32306,0,0,0,0,0,305031,0
303750,-3310,7602,972,347,-1112,-2932,63620,7993,-433,-2924,13856,37441,-927,30,65,0,0,0,0,0,0,0,0,-32305,0,0,0,0,0,305036,0
303755,-3430,7560,1138,347,-1130,-2759,65381,7727,-540,-3131,13248,37441,-927,30,65,0,0,0,0,0,0,0,0,-32306,0,0,0,0,0,305042,0
303760,-3706,7260,1206,253,-1157,-2312,67080,7434,-676,-3202,12632,37470,-971,30,65,0,0,0,0,0,0,0,0,-32305,0,0,0,0,0,305047,0
303765,-4060,7112,1178,219,-1156,-2046,68699,7096,-842,-3268,11704,37470,-971,30,65,0,0,0,0,0,0,0,0,-32305,0,0,0,0,0,305053,0
303770,-4056,7112,1212,201,-1179,-1774,70262,6849,-975,-3341,11048,37479,-976,30,65,0,0,0,0,0,0,0,0,-32305,0,0,0,0,0,305058,0
303775,-4064,7170,1094,156,-1187,-1534,71743,6473,-1040,-3454,10240,37479,-976,30,65,0,0,0,0,0,0,0,0,-32306,0,0,0,0,0,305063,0
303780,-4892,7262,736,112,-1189,-1072,73127,6049,-1124,-3631,9384,37478,-955,30,65,0,0,0,0,0,0,0,0,-32306,0,0,0,0,0,305069,0
303785,-5396,7476,760,52,-1178,-846,74430,5701,-1202,-3651,8568,37478,-955,30,65,0,0,0,0,0,0,0,0,-32305,0,0,0,0,0,305074,0
303790,-5648,7184,638,33,-1167,-597,75646,5304,-1283,-3689,7608,37450,-882,30,65,0,0,0,0,0,0,0,0,-32305,0,0,0,0,0,305079,0
303795,-5892,6870,516,-2,-1140,-383,76772,4917,-1340,-3757,6784,37450,-882,30,65,0,0,0,0,0,0,0,0,-32305,0,0,0,0,0,305085,0
303800,-6462,6584,450,-59,-1078,46,77821,4580,-1320,-3803,6120,37413,-780,30,65,0,0,0,0,0,0,0,0,-32306,0,0,0,0,0,305090,0
303805,-6610,6196,340,-71,-1050,260,78793,4240,-1276,-3836,5208,37413,-780,30,65,0,0,0,0,0,0,0,0,-32304,0,0,0,0,0,305095,0
303810,-7042,6032,214,-99,-1028,423,79671,3822,-1271,-3876,4424,37361,-675,30,65,0,0,0,0,0,0,0,0,-32304,0,0,0,0,0,305101,0
303815,-7330,5918,42,-114,-994,583,80456,3407,-1288,-3990,3608,37361,-675,30,65,0,0,0,0,0,0,0,0,-32304,0,0,0,0,0,305106,0
303820,-7612,5766,126,-156,-926,894,81152,3029,-1334,-3995,2696,37308,-560,30,65,0,0,0,0,0,0,0,0,-32304,0,0,0,0,0,305112,0
303825,-7646,5570,-42,-187,-876,1062,81763,2654,-1370,-4036,1896,37308,-560,30,65,0,0,0,0,0,0,0,0,-32304,0,0,0,0,0,305117,0
303830,-7718,5476,62,-206,-823,1201,82287,2262,-1378,-4032,936,37247,-420,30,65,0,0,0,0,0,0,0,0,-32307,0,0,0,0,0,305122,0
303835,-7780,5442,26,-230,-766,1361,82718,1859,-1350,-4055,176,37247,-420,30,65,0,0,0,0,0,0,0,0,-32304,0,0,0,0,0,305128,0
303840,-7386,5234,10,-261,-649,1723,83049,1407,-1367,-4241,-152,37176,-266,30,65,0,0,0,0,0,0,0,0,-32307,0,0,0,0,0,305133,0
303845,-7424,5176,218,-291,-587,1903,83268,910,-1450,-4383,-408,37176,-266,30,65,0,0,0,0,0,0,0,0,-32303,0,0,0,0,0,305139,0
303850,-7436,5074,138,-317,-514,2117,83378,445,-1553,-4294,-1112,37087,-101,30,65,0,0,0,0,0,0,0,0,-32304,0,0,0,0,0,305144,0
303855,-7000,5174,194,-339,-447,2343,83394,33,-1600,-4076,-1664,37087,-101,30,65,0,0,0,0,0,0,0,0,-32305,0,0,0,0,0,305149,0
303860,-5684,5982,376,-373,-341,2778,83352,-190,-1531,-3945,-1976,36994,74,30,65,0,0,0,0,0,0,0,0,-32305,0,0,0,0,0,305155,0
303865,-5362,6592,378,-396,-283,2899,83277,-354,-1289,-3972,-2464,36994,74,30,65,0,0,0,0,0,0,0,0,-32304,0,0,0,0,0,305160,0
303870,-5366,6958,410,-427,-215,2989,83145,-600,-1010,-3980,-3096,36920,237,30,65,0,0,0,0,0,0,0,0,-32303,0,0,0,0,0,305165,0
303875,-5678,6804,380,-463,-138,3077,82951,-879,-840,-4012,-3624,36920,237,30,65,0,0,0,0,0,0,0,0,-32305,0,0,0,0,0,305171,0
303880,-5258,5752,508,-508,7,3385,82691,-1178,-818,-3986,-4216,36858,382,30,65,0,0,0,0,0,0,0,0,-32307,0,0,0,0,0,305176,0
303885,-4820,5420,488,-547,88,3569,82363,-1470,-913,-4032,-4856,36858,382,30,65,0,0,0,0,0,0,0,0,-32303,0,0,0,0,0,305182,0
303890,-4418,5162,472,-569,147,3768,81972,-1749,-986,-4007,-5392,36787,483,30,65,0,0,0,0,0,0,0,0,-32306,0,0,0,0,0,305187,0
303895,-4186,5232,488,-597,193,3995,81515,-2032,-1008,-3958,-5992,36787,483,30,65,0,0,0,0,0,0,0,0,-32303,0,0,0,0,0,305192,0
303900,-3470,5530,406,-634,266,4446,80991,-2340,-1005,-3881,-6752,36714,597,30,65,0,0,0,0,0,0,0,0,-32307,0,0,0,0,0,305198,0
303905,-2938,5924,516,-675,295,4687,80396,-2652,-1020,-3869,-7384,36714,597,30,65,0,0,0,0,0,0,0,0,-32305,0,0,0,0,0,305203,0
303910,-2672,6100,608,-687,333,4904,79721,-3005,-1059,-3784,-8080,36633,730,30,65,0,0,0,0,0,0,0,0,-32304,0,0,0,0,0,305208,0
303915,-2648,6078,668,-705,375,5133,78959,-3390,-1128,-3764,-8856,36633,730,30,65,0,0,0,0,0,0,0,0,-32303,0,0,0,0,0,305214,0
303920,-2234,6000,554,-751,441,5697,78109,-3780,-1217,-3760,-9608,36563,864,30,65,0,0,0,0,0,0,0,0,-32303,0,0,0,0,0,305219,0
303925,-1626,5786,482,-772,471,6011,77174,-4140,-1282,-3739,-10496,36563,864,30,65,0,0,0,0,0,0,0,0,-32304,0,0,0,0,0,305225,0
303930,-1304,6018,606,-794,486,6334,76166,-4466,-1291,-3560,-11056,36485,1004,30,65,0,0,0,0,0,0,0,0,-32306,0,0,0,0,0,305230,0
303935,-754,6444,572,-804,519,6674,75072,-4856,-1275,-3483,-12000,36485,1004,30,65,0,0,0,0,0,0,0,0,-32305,0,0,0,0,0,305236,0
303940,234,6902,814,-863,552,7401,73869,-5341,-1300,-3427,-12960,36415,1121,30,65,0,0,0,0,0,0,0,0,-32305,0,0,0,0,0,305241,0
303945,360,6962,82,-836,589,7685,72557,-5814,-1393,-3359,-14120,36415,1121,30,65,0,0,0,0,0,0,0,0,-32304,0,0,0,0,0,305246,0
303950,380,8022,526,-873,618,8125,71142,-6276,-1518,-3206,-14976,36352,1248,30,65,0,0,0,0,0,0,0,0,-32306,0,0,0,0,0,305252,0
303955,-1362,7842,-122,-864,696,8215,69610,-6790,-1631,-3190,-15968,36352,1248,30,65,0,0,0,0,0,0,0,0,-32306,0,0,0,0,0,305257,0
303960,-1266,6630,264,-873,673,8998,67991,-7155,-1647,-3143,-16624,36290,1359,30,65,0,0,0,0,0,0,0,0,-32306,0,0,0,0,0,305262,0
303965,-408,7778,486,-889,677,9391,66292,-7518,-1553,-3001,-17608,36290,1359,30,65,0,0,0,0,0,0,0,0,-32306,0,0,0,0,0,305268,0
303970,528,8210,296,-927,651,9651,64484,-7996,-1487,-2905,-18208,36240,1439,30,65,0,0,0,0,0,0,0,0,-32304,0,0,0,0,0,305273,0
303975,286,8772,790,-955,640,9904,62591,-8381,-1428,-2744,-19240,36240,1439,30,65,0,0,0,0,0,0,0,0,-32305,0,0,0,0,0,305278,0
303980,-842,9394,658,-948,702,10451,60587,-8858,-1448,-2639,-20048,36192,1499,30,65,0,0,0,0,0,0,0,0,-32305,0,0,0,0,0,305284,0
303985,-1044,9272,588,-974,728,10734,58525,-9106,-1433,-2568,-20688,36192,1499,30,65,0,0,0,0,0,0,0,0,-32305,0,0,0,0,0,305289,0
303990,-290,9220,498,-989,730,11019,56376,-9493,-1386,-2398,-21192,36170,1513,30,65,0,0,0,0,0,0,0,0,-32304,0,0,0,0,0,305295,0
303995,-88,10090,278,-1008,728,11209,54159,-9785,-1251,-2265,-22032,36170,1513,30,65,0,0,0,0,0,0,0,0,-32304,0,0,0,0,0,305300,0
304000,-796,9786,478,-991,708,11587,51868,-10101,-1191,-2095,-22480,36164,1502,30,65,0,0,0,0,0,0,0,0,-32305,0,0,0,0,0,305305,0
304005,-758,10040,466,-969,682,11789,49540,-10258,-1049,-2000,-22816,36164,1502,30,65,0,0,0,0,0,0,0,0,-32306,0,0,0,0,0,305311,0
304010,-938,10654,412,-967,671,11941,47160,-10485,-973,-1873,-22960,36185,1440,30,65,0,0,0,0,0,0,0,0,-32305,0,0,0,0,0,305316,0
304015,-378,10878,474,-969,638,12085,44723,-10773,-839,-1683,-23448,36185,1440,30,65,0,0,0,0,0,0,0,0,-32305,0,0,0,0,0,305322,0
304020,-700,11158,394,-967,578,12302,42259,-10833,-757,-1572,-23552,36228,1328,30,65,0,0,0,0,0,0,0,0,-32304,0,0,0,0,0,305327,0
304025,-196,11484,474,-938,586,12379,39752,-11053,-697,-1366,-23840,36228,1328,30,65,0,0,0,0,0,0,0,0,-32305,0,0,0,0,0,305332,0
304030,-18,11402,158,-912,603,12435,37215,-11184,-625,-1222,-24152,36281,1201,30,65,0,0,0,0,0,0,0,0,-32305,0,0,0,0,0,305338,0
304035,130,11608,104,-939,612,12445,34657,-11235,-560,-1085,-24192,36281,1201,30,65,0,0,0,0,0,0,0,0,-32305,0,0,0,0,0,305343,0
304040,-262,11938,296,-826,590,12487,32090,-11325,-417,-983,-24248,36351,1030,30,65,0,0,0,0,0,0,0,0,-32305,0,0,0,0,0,305349,0
304045,-200,11872,224,-811,564,12499,29518,-11308,-331,-837,-23984,36351,1030,30,65,0,0,0,0,0,0,0,0,-32305,0,0,0,0,0,305354,0
304050,188,12004,32,-778,556,12462,26934,-11352,-225,-679,-23896,36431,866,30,65,0,0,0,0,0,0,0,0,-32305,0,0,0,0,0,305359,0
304055,156,11938,-52,-756,552,12452,24362,-11331,-99,-533,-23576,36431,866,30,65,0,0,0,0,0,0,0,0,-32305,0,0,0,0,0,305365,0
304060,180,11750,-116,-707,503,12334,21808,-11223,-33,-378,-23224,36516,688,30,65,0,0,0,0,0,0,0,0,-32305,0,0,0,0,0,305370,0
304065,654,11570,-314,-647,471,12269,19265,-11182,80,-188,-22816,36516,688,30,65,0,0,0,0,0,0,0,0,-32305,0,0,0,0,0,305376,0
304070,736,11512,-206,-613,439,12158,16773,-10954,242,-84,-22240,36607,506,30,65,0,0,0,0,0,0,0,0,-32306,0,0,0,0,0,305381,0
304075,662,11570,-260,-553,372,12047,14315,-10792,352,77,-21640,36607,506,30,65,0,0,0,0,0,0,0,0,-32305,0,0,0,0,0,305386,0
304080,8688,4744,152,-337,-465,10000,11897,-10628,503,210,-20952,36710,331,30,65,0,0,0,0,0,0,0,0,-32305,0,0,0,0,0,305392,0
304085,31844,25150,2626,-624,381,6540,9749,-9259,899,-106,-15896,36710,331,30,65,0,0,0,0,0,0,0,0,-32305,0,0,0,0,0,305397,0
304090,12378,11088,618,-253,804,4946,8336,-5802,2551,-827,-6760,36750,303,30,65,0,0,0,0,0,0,0,0,-32305,0,0,0,0,0,305402,0
304095,-3174,15434,6388,-219,937,4274,8016,-901,5985,-2069,6440,36750,303,30,65,0,0,0,0,0,0,0,0,-32306,0,0,0,0,0,305408,0
304100,-19680,13164,500,-22,781,5159,8865,4233,10466,-40,11680,36745,344,30,65,0,0,0,0,0,0,0,0,-32306,0,0,0,0,0,305414,0
304105,-7840,7040,-1164,-119,941,5188,10288,6372,13638,-2190,7952,36745,344,30,65,0,0,0,0,0,0,0,0,-32306,0,0,0,0,0,305420,0
304110,-2354,11846,-428,-245,1153,4518,11541,5339,12578,-5539,8736,36888,-17,30,65,0,0,0,0,0,0,0,0,-32307,0,0,0,0,0,305425,0
304115,1854,10192,2082,-268,1040,4767,12694,5069,7983,-1723,9424,36888,-17,30,65,0,0,0,0,0,0,0,0,-32305,0,0,0,0,0,305430,0
304120,-5088,9042,628,-11,565,3855,13809,4893,2850,-260,9128,36949,-118,30,65,0,0,0,0,0,0,0,0,-32305,0,0,0,0,0,305435,0
304125,-4226,10814,746,23,341,3843,14782,4190,-533,-2914,928,36949,-118,30,65,0,0,0,0,0,0,0,0,-32305,0,0,0,0,0,305441,0
304130,80,6420,-4614,141,209,3422,15144,1298,-2437,-8830,-3648,37067,-332,30,65,0,0,0,0,0,0,0,0,-32308,0,0,0,0,0,305446,0
304135,-996,9414,-598,15,98,2902,14916,-1199,-4193,-7058,-4984,37067,-332,30,65,0,0,0,0,0,0,0,0,-32304,0,0,0,0,0,305452,0
304140,-7986,9760,1328,85,-321,3297,14487,-1932,-5964,-2331,-4376,36770,17,30,65,0,2,0,0,0,0,0,0,-32305,0,0,0,0,0,305457,0
304145,-7126,8036,558,122,-500,3548,14040,-1967,-6025,-342,-3752,36770,17,30,65,0,2,0,0,0,0,0,0,-32305,0,0,0,0,0,305462,0
304150,-6418,5198,-1574,260,-594,3591,13602,-1920,-4250,-128,-3328,36373,105,30,65,0,2,0,0,0,0,0,0,-32305,0,0,0,0,0,305468,0
304155,-3944,6432,-298,230,-651,3851,13181,-1840,-1723,1,-3072,36373,105,30,65,0,2,0,0,0,0,0,0,-32305,0,0,0,0,0,305473,0
304160,3504,5366,398,215,-911,3289,12789,-1716,-200,34,-2472,36027,228,31,65,0,0,0,0,0,0,0,0,-32305,0,0,0,0,0,305478,0
304165,7394,6974,-24,242,-786,2265,12433,-1539,258,25,-1976,36027,228,31,65,0,0,0,0,0,0,0,0,-32305,0,0,0,0,0,305484,0
304170,6820,7418,2760,254,-758,2379,12142,-1241,443,76,-1232,36119,134,31,65,0,0,0,0,0,0,0,0,-32305,0,0,0,0,0,305489,0
304175,1314,9330,582,415,-773,2010,11960,-737,713,71,-120,36119,134,31,65,0,0,0,0,0,0,0,0,-32305,0,0,0,0,0,305495,0
304180,-360,6624,-64,391,-802,2325,11940,-3,1154,390,176,36518,148,30,65,0,0,0,0,0,0,0,0,-32305,0,0,0,0,0,305500,0
304185,1258,10002,642,312,-707,1819,12036,448,1613,-82,-120,36518,148,30,65,0,0,0,0,0,0,0,0,-32305,0,0,0,0,0,305505,0
304190,986,7340,542,273,-659,1715,12158,553,1727,-410,704,36863,114,30,65,0,0,0,0,0,0,0,0,-32305,0,0,0,0,0,305511,0
304195,-646,7176,108,324,-580,1391,12321,739,1488,116,1136,36863,114,30,65,0,0,0,0,0,0,0,0,-32305,0,0,0,0,0,305516,0
304200,-790,7776,1060,339,-499,1684,12509,836,1018,126,1296,36888,115,30,65,0,0,0,0,0,0,0,0,-32305,0,0,0,0,0,305521,0
304205,862,7872,668,310,-423,1646,12702,861,566,122,1272,36888,115,30,65,0,0,0,0,0,0,0,0,-32305,0,0,0,0,0,305527,0
304210,1360,7612,-222,406,-306,1425,12858,856,327,99,1208,36890,116,30,65,0,0,0,0,0,0,0,0,-32305,0,0,0,0,0,305532,0
304215,622,7264,136,358,-221,1379,13045,825,174,91,1032,36890,116,30,65,0,0,0,0,0,0,0,0,-32305,0,0,0,0,0,305538,0
304220,18,7762,338,377,-157,1306,13223,776,14,76,864,36892,119,30,65,0,0,0,0,0,0,0,0,-32306,0,0,0,0,0,305543,0
304225,82,7328,1014,330,-135,1252,13387,716,-89,56,696,36892,119,30,65,0,0,0,0,0,0,0,0,-32305,0,0,0,0,0,305549,0
304230,322,6894,350,355,-115,1183,13536,651,-158,51,512,36888,115,30,65,0,0,0,0,0,0,0,0,-32305,0,0,0,0,0,305554,0
304235,290,7424,158,338,-80,1055,13668,568,-205,26,320,36888,115,30,65,0,0,0,0,0,0,0,0,-32305,0,0,0,0,0,305559,0
304240,484,7136,302,295,-63,896,13780,478,-239,-11,184,36887,108,30,65,0,0,0,0,0,0,0,0,-32305,0,0,0,0,0,305565,0
304245,572,6946,324,305,-42,852,13865,362,-290,-51,112,36887,108,30,65,0,0,0,0,0,0,0,0,-32305,0,0,0,0,0,305570,0
304250,420,6528,-74,334,-17,772,13925,247,-333,-36,72,36890,104,30,65,0,0,0,0,0,0,0,0,-32305,0,0,0,0,0,305575,0
304255,524,6876,-60,331,12,704,13962,155,-359,-25,32,36890,104,30,65,0,0,0,0,0,0,0,0,-32305,0,0,0,0,0,305581,0
304260,238,6636,140,286,33,590,13976,43,-374,6,0,36896,97,30,65,0,0,0,0,0,0,0,0,-32305,0,0,0,0,0,305586,0
304265,222,6626,218,290,38,562,13974,-14,-354,18,-16,36896,97,30,65,0,0,0,0,0,0,0,0,-32305,0,0,0,0,0,305592,0
304270,488,6644,380,292,71,518,13971,-14,-277,15,-16,36896,103,30,65,0,0,0,0,0,0,0,0,-32305,0,0,0,0,0,305597,0
304275,658,6562,176,299,118,502,13965,-22,-187,14,-8,36896,103,30,65,0,0,0,0,0,0,0,0,-32305,0,0,0,0,0,305603,0
304280,1126,6572,168,287,225,430,13965,-5,-84,14,0,36899,113,30,65,0,0,0,0,0,0,0,0,-32305,0,0,0,0,0,305608,0
304285,1280,6418,204,292,284,378,13964,-1,-7,13,0,36899,113,30,65,0,0,0,0,0,0,0,0,-32305,0,0,0,0,0,305613,0
304290,1502,6384,272,304,334,331,13964,2,18,16,0,36901,115,30,65,0,0,0,0,0,0,0,0,-32305,0,0,0,0,0,305619,0
304295,1628,6444,258,312,382,280,13965,1,20,14,0,36901,115,30,65,0,0,0,0,0,0,0,0,-32305,0,0,0,0,0,305624,0
304300,1868,6536,234,330,492,208,13964,0,10,15,0,36902,118,30,65,0,0,0,0,0,0,0,0,-32305,0,0,0,0,0,305629,0
304305,1920,6564,224,336,545,184,13966,5,5,14,8,36902,118,30,65,0,0,0,0,0,0,0,0,-32306,0,0,0,0,0,305635,0
304310,1902,6590,210,346,589,159,13968,11,6,14,0,36898,120,30,65,0,0,0,0,0,0,0,0,-32305,0,0,0,0,0,305640,0
304315,1854,6604,198,356,624,160,13970,14,10,15,16,36898,120,30,65,0,0,0,0,0,0,0,0,-32305,0,0,0,0,0,305645,0
304320,1920,6620,176,385,678,195,13976,26,19,12,24,36896,126,30,65,0,0,0,0,0,0,0,0,-32305,0,0,0,0,0,305651,0
304325,2036,6596,196,398,694,218,13990,61,38,12,40,36896,126,30,65,0,0,0,0,0,0,0,0,-32305,0,0,0,0,0,305656,0
304330,2300,6566,202,407,698,224,14017,115,77,9,40,36896,116,30,65,0,0,0,0,0,0,0,0,-32305,0,0,0,0,0,305662,0
304335,2568,6572,186,420,712,217,14046,136,99,11,48,36896,116,30,65,0,0,0,0,0,0,0,0,-32305,0,0,0,0,0,305667,0
304340,2896,6656,220,459,742,154,14081,162,110,3,72,36899,115,30,65,0,0,0,0,0,0,0,0,-32305,0,0,0,0,0,305673,0
304345,2898,6698,268,479,756,119,14121,179,108,12,72,36899,115,30,65,0,0,0,0,0,0,0,0,-32305,0,0,0,0,0,305678,0
304350,2838,6738,276,494,776,90,14166,201,88,7,80,36899,115,30,65,0,0,0,0,0,0,0,0,-32305,0,0,0,0,0,305683,0
304355,2710,6684,288,510,788,64,14216,232,83,0,112,36899,115,30,65,0,0,0,0,0,0,0,0,-32305,0,0,0,0,0,305689,0
304360,2614,6592,252,548,792,39,14275,264,93,3,136,36897,112,30,65,0,0,0,0,0,0,0,0,-32305,0,0,0,0,0,305694,0
304365,2664,6564,244,569,792,30,14343,302,104,2,152,36897,112,30,65,0,0,0,0,0,0,0,0,-32305,0,0,0,0,0,305699,0
304370,2638,6618,298,580,789,17,14419,338,119,1,160,36896,117,30,65,0,0,0,0,0,0,0,0,-32305,0,0,0,0,0,305705,0
304375,2682,6670,324,596,780,3,14499,354,120,-10,168,36896,117,30,65,0,0,0,0,0,0,0,0,-32305,0,0,0,0,0,305710,0
304380,2758,6710,360,632,754,-41,14584,378,100,-20,184,36900,111,30,65,0,0,0,0,0,0,0,0,-32305,0,0,0,0,0,305715,0
304385,2706,6756,368,657,735,-72,14672,400,83,-20,192,36900,111,30,65,0,0,0,0,0,0,0,0,-32305,0,0,0,0,0,305721,0
304390,2780,6752,354,673,712,-94,14770,426,82,-27,216,36904,122,30,65,0,0,0,0,0,0,0,0,-32305,0,0,0,0,0,305726,0
304395,2832,6714,406,689,683,-120,14870,441,80,-25,200,36904,122,30,65,0,0,0,0,0,0,0,0,-32305,0,0,0,0,0,305732,0
304400,2882,6744,440,724,605,-168,14974,455,70,-39,216,36901,122,30,65,0,0,0,0,0,0,0,0,-32305,0,0,0,0,0,305737,0
304405,2878,6738,430,734,557,-186,15084,484,72,-43,272,36901,122,30,65,0,0,0,0,0,0,0,0,-32305,0,0,0,0,0,305742,0
304410,2956,6868,444,740,513,-206,15203,522,76,-36,296,36897,109,30,65,0,0,0,0,0,0,0,0,-32305,0,0,0,0,0,305748,0
304415,2992,7012,420,758,468,-236,15327,551,86,-35,288,36897,109,30,65,0,0,0,0,0,0,0,0,-32305,0,0,0,0,0,305753,0
304420,3088,7382,490,768,367,-291,15457,564,98,-50,288,36899,106,30,65,0,0,0,0,0,0,0,0,-32306,0,0,0,0,0,305758,0
304425,3146,7552,498,773,314,-322,15592,594,99,-66,336,36899,106,30,65,0,0,0,0,0,0,0,0,-32305,0,0,0,0,0,305764,0
304430,3142,7698,520,776,263,-351,15730,614,81,-73,336,36903,106,30,65,0,0,0,0,0,0,0,0,-32305,0,0,0,0,0,305769,0
304435,3136,7846,504,777,210,-383,15871,623,66,-93,328,36903,106,30,65,0,0,0,0,0,0,0,0,-32305,0,0,0,0,0,305775,0
304440,3100,8098,544,783,124,-435,16019,649,70,-108,360,36903,105,30,65,0,0,0,0,0,0,0,0,-32305,0,0,0,0,0,305780,0
304445,3144,8234,550,774,75,-451,16169,663,65,-111,352,36903,105,30,65,0,0,0,0,0,0,0,0,-32305,0,0,0,0,0,305786,0
304450,3142,8372,576,773,31,-475,16322,672,57,-119,352,36901,106,30,65,0,0,0,0,0,0,0,0,-32305,0,0,0,0,0,305791,0
304455,3178,8462,614,771,-14,-495,16480,691,59,-131,368,36901,106,30,65,0,0,0,0,0,0,0,0,-32305,0,0,0,0,0,305796,0
304460,3236,8740,634,760,-84,-539,16639,698,52,-141,376,36903,99,30,65,0,0,0,0,0,0,0,0,-32305,0,0,0,0,0,305802,0
304465,3226,8788,682,750,-120,-567,16798,706,40,-154,368,36903,99,30,65,0,0,0,0,0,0,0,0,-32305,0,0,0,0,0,305807,0
304470,3300,8824,682,735,-153,-590,16959,702,29,-161,328,36903,94,30,65,0,0,0,0,0,0,0,0,-32305,0,0,0,0,0,305813,0
304475,3326,8882,728,718,-189,-614,17118,694,15,-171,296,36903,94,30,65,0,0,0,0,0,0,0,0,-32305,0,0,0,0,0,305819,0
304480,3274,8914,724,697,-263,-674,17276,688,0,-188,296,36902,94,30,65,0,0,0,0,0,0,0,0,-32305,0,0,0,0,0,305824,0
304485,3220,8874,772,673,-285,-702,17432,685,-17,-197,288,36902,94,30,65,0,0,0,0,0,0,0,0,-32305,0,0,0,0,0,305829,0
304490,3212,8852,782,660,-312,-725,17584,667,-24,-215,264,36908,109,30,65,0,0,0,0,0,0,0,0,-32305,0,0,0,0,0,305835,0
304495,3128,8758,826,640,-343,-750,17732,647,-42,-223,224,36908,109,30,65,0,0,0,0,0,0,0,0,-32305,0,0,0,0,0,305840,0
304500,3064,8598,820,601,-396,-785,17874,627,-53,-236,216,36909,116,30,65,0,0,0,0,0,0,0,0,-32305,0,0,0,0,0,305845,0
304505,3054,8510,832,577,-415,-803,18010,590,-72,-245,176,36909,116,30,65,0,0,0,0,0,0,0,0,-32305,0,0,0,0,0,305850,0
304510,3068,8400,854,569,-427,-821,18139,556,-82,-263,144,36913,110,30,65,0,0,0,0,0,0,0,0,-32305,0,0,0,0,0,305856,0
304515,3020,8260,824,551,-435,-834,18257,518,-158,-283,136,36913,110,30,65,0,0,0,0,0,0,0,0,-32305,0,0,0,0,0,305862,0
304520,3032,8016,796,519,-445,-869,18368,492,-142,-292,128,36909,110,30,65,0,0,0,0,0,0,0,0,-32305,0,0,0,0,0,305867,0
304525,3078,7910,796,507,-449,-883,18469,442,-93,-288,88,36909,110,30,65,0,0,0,0,0,0,0,0,-32305,0,0,0,0,0,305872,0
304530,3016,7782,766,502,-438,-895,18559,386,-104,-295,64,36903,106,30,65,0,0,0,0,0,0,0,0,-32305,0,0,0,0,0,305878,0
304535,3032,7698,752,492,-440,-906,18639,352,-88,-287,56,36903,106,30,65,0,0,0,0,0,0,0,0,-32306,0,0,0,0,0,305883,0
304540,3094,7476,692,488,-431,-917,18712,318,-149,-279,40,36900,112,30,65,0,0,0,0,0,0,0,0,-32305,0,0,0,0,0,305888,0
304545,3156,7352,720,487,-418,-923,18777,287,-147,-287,32,36900,112,30,65,0,0,0,0,0,0,0,0,-32305,0,0,0,0,0,305894,0
304550,3140,7298,702,488,-416,-932,18836,252,-126,-287,8,36902,96,30,65,0,0,0,0,0,0,0,0,-32305,0,0,0,0,0,305899,0
304555,3104,7208,702,492,-406,-939,18885,209,-113,-294,-8,36902,96,30,65,0,0,0,0,0,0,0,0,-32305,0,0,0,0,0,305904,0
304560,3014,7096,668,507,-388,-932,18920,149,-130,-291,-32,36904,97,30,65,0,0,0,0,0,0,0,0,-32305,0,0,0,0,0,305910,0
304565,3088,7056,640,523,-380,-924,18950,130,-142,-291,-40,36904,97,30,65,0,0,0,0,0,0,0,0,-32305,0,0,0,0,0,305915,0
304570,3124,7070,686,526,-374,-918,18969,81,-150,-275,-56,36901,106,30,65,0,0,0,0,0,0,0,0,-32305,0,0,0,0,0,305920,0
304575,3176,7042,660,536,-359,-910,18978,45,-145,-275,-64,36901,106,30,65,0,0,0,0,0,0,0,0,-32305,0,0,0,0,0,305926,0
304580,3358,7050,696,558,-330,-904,18990,44,-123,-279,-64,36901,107,30,65,0,0,0,0,0,0,0,0,-32305,0,0,0,0,0,305932,0
304585,3462,7100,706,574,-317,-899,19003,53,-83,-282,-64,36901,107,30,65,0,0,0,0,0,0,0,0,-32305,0,0,0,0,0,305937,0
304590,3492,7154,722,581,-289,-905,19011,34,-44,-277,-80,36901,109,30,65,0,0,0,0,0,0,0,0,-32305,0,0,0,0,0,305942,0
304595,3448,7162,766,597,-261,-906,19011,-1,-34,-279,-80,36901,109,30,65,0,0,0,0,0,0,0,0,-32305,0,0,0,0,0,305948,0
304600,3346,7056,786,619,-216,-872,19012,2,-41,-280,-80,36901,106,30,65,0,0,0,0,0,0,0,0,-32307,0,0,0,0,0,305953,0
304605,3410,7050,786,634,-185,-852,19012,-2,-51,-278,-88,36901,106,30,65,0,0,0,0,0,0,0,0,-32305,0,0,0,0,0,305958,0
304610,3478,7040,810,637,-156,-840,19013,1,-36,-277,-80,36900,104,30,65,0,0,0,0,0,0,0,0,-32305,0,0,0,0,0,305964,0
304615,3508,7086,810,641,-135,-831,19012,4,-15,-279,-88,36900,104,30,65,0,0,0,0,0,0,0,0,-32305,0,0,0,0,0,305969,0
304620,3448,7124,882,640,-88,-821,19012,2,2,-277,-88,36896,107,30,65,0,0,0,0,0,0,0,0,-32305,0,0,0,0,0,305974,0
304625,3424,7124,898,637,-69,-809,19012,-3,-3,-279,-80,36896,107,30,65,0,0,0,0,0,0,0,0,-32305,0,0,0,0,0,305980,0
304630,3374,7126,908,643,-45,-801,19011,3,0,-280,-80,36900,104,30,65,0,0,0,0,0,0,0,0,-32305,0,0,0,0,0,305985,0
304635,3192,7282,904,631,-32,-789,19011,0,3,-280,-88,36900,104,30,65,0,0,0,0,0,0,0,0,-32305,0,0,0,0,0,305991,0
304640,3312,7280,962,623,-9,-772,19013,0,-2,-278,-88,36901,118,30,65,0,0,0,0,0,0,0,0,-32306,0,0,0,0,0,305996,0
304645,3356,7252,974,612,15,-771,19011,0,-1,-279,-88,36901,118,30,65,0,0,0,0,0,0,0,0,-32305,0,0,0,0,0,306001,0
304650,3360,7258,996,603,23,-764,19012,7,1,-278,-80,36901,122,30,65,0,0,0,0,0,0,0,0,-32305,0,0,0,0,0,306007,0
304655,3280,7256,1034,597,40,-755,19012,-1,1,-277,-88,36901,122,30,65,0,0,0,0,0,0,0,0,-32305,0,0,0,0,0,306012,0
304660,3234,7328,1062,570,74,-746,19011,-5,4,-276,-80,36900,130,30,65,0,0,0,0,0,0,0,0,-32305,0,0,0,0,0,306018,0
304665,3200,7438,1062,561,85,-733,19011,-5,2,-279,-80,36900,130,30,65,0,0,0,0,0,0,0,0,-32305,0,0,0,0,0,306023,0
304670,3184,7420,1056,548,81,-730,19011,-1,-2,-279,-80,36898,117,30,65,0,0,0,0,0,0,0,0,-32305,0,0,0,0,0,306028,0
304675,3154,7476,1088,535,80,-724,19011,0,3,-279,-80,36898,117,30,65,0,0,0,0,0,0,0,0,-32305,0,0,0,0,0,306034,0
304680,3098,7524,1102,495,73,-715,19011,-1,6,-278,-80,36902,106,30,65,0,0,0,0,0,0,0,0,-32305,0,0,0,0,0,306039,0
304685,3026,7532,1138,471,71,-724,19012,-2,1,-281,-80,36902,106,30,65,0,0,0,0,0,0,0,0,-32305,0,0,0,0,0,306044,0
304690,3008,7570,1134,456,65,-721,19012,3,3,-279,-88,36904,117,30,65,0,0,0,0,0,0,0,0,-32305,0,0,0,0,0,306050,0
304695,2964,7564,1164,432,61,-725,19011,-1,-1,-278,-88,36904,117,30,65,0,0,0,0,0,0,0,0,-32305,0,0,0,0,0,306055,0
304700,2922,7642,1192,388,40,-735,19011,-6,2,-279,-80,36907,118,30,65,0,0,0,0,0,0,0,0,-32305,0,0,0,0,0,306061,0
304705,2948,7668,1238,367,29,-747,19011,-6,-1,-279,-88,36907,118,30,65,0,0,0,0,0,0,0,0,-32305,0,0,0,0,0,306066,0
304710,2936,7700,1246,338,22,-762,19011,-5,2,-277,-80,36903,111,30,65,0,0,0,0,0,0,0,0,-32305,0,0,0,0,0,306072,0
304715,2896,7766,1258,317,15,-776,19011,3,4,-279,-88,36903,111,30,65,0,0,0,0,0,0,0,0,-32305,0,0,0,0,0,306077,0
304720,2886,7824,1298,257,-2,-795,19011,0,3,-278,-88,36903,113,30,65,0,0,0,0,0,0,0,0,-32305,0,0,0,0,0,306082,0
304725,2884,7860,1270,236,-10,-807,19012,4,1,-280,-88,36903,113,30,65,0,0,0,0,0,0,0,0,-32305,0,0,0,0,0,306087,0
304730,2892,7932,1268,206,-19,-816,19011,-7,3,-280,-88,36902,113,30,65,0,0,0,0,0,0,0,0,-32305,0,0,0,0,0,306093,0
304735,2860,7996,1300,179,-35,-830,19011,-1,6,-278,-80,36902,113,30,65,0,0,0,0,0,0,0,0,-32305,0,0,0,0,0,306098,0
304740,2872,8072,1260,121,-69,-848,19012,4,-4,-278,-88,36900,120,30,65,0,0,0,0,0,0,0,0,-32305,0,0,0,0,0,306104,0
304745,2916,8108,1248,93,-84,-864,19011,3,3,-278,-80,36900,120,30,65,0,0,0,0,0,0,0,0,-32305,0,0,0,0,0,306109,0
304750,2914,8172,1214,68,-104,-870,19011,-4,-1,-278,-88,36899,114,30,65,0,0,0,0,0,0,0,0,-32305,0,0,0,0,0,306115,0
304755,2870,8168,1228,40,-127,-880,19010,-8,-2,-277,-80,36899,114,30,65,0,0,0,0,0,0,0,0,-32305,0,0,0,0,0,306120,0
304760,2842,8194,1194,-6,-172,-892,19011,1,2,-276,-88,36899,116,30,65,0,0,0,0,0,0,0,0,-32305,0,0,0,0,0,306125,0
304765,2906,8224,1188,-27,-196,-895,19012,3,2,-276,-80,36899,116,30,65,0,0,0,0,0,0,0,0,-32306,0,0,0,0,0,306131,0
304770,2920,8224,1162,-52,-215,-901,19011,3,2,-279,-80,36900,112,30,65,0,0,0,0,0,0,0,0,-32305,0,0,0,0,0,306136,0
304775,2916,8224,1162,-73,-243,-910,19011,-5,2,-280,-80,36900,112,30,65,0,0,0,0,0,0,0,0,-32306,0,0,0,0,0,306141,0
304780,2912,8238,1148,-110,-278,-904,19011,-1,0,-279,-80,36899,103,30,65,0,0,0,0,0,0,0,0,-32305,0,0,0,0,0,306147,0
304785,2848,8286,1134,-125,-297,-909,19011,-1,1,-280,-80,36899,103,30,65,0,0,0,0,0,0,0,0,-32305,0,0,0,0,0,306152,0
304790,2834,8300,1102,-147,-309,-907,19012,-1,0,-279,-88,36895,108,30,65,0,0,0,0,0,0,0,0,-32305,0,0,0,0,0,306158,0
304795,2834,8268,1068,-161,-328,-905,19012,2,2,-279,-80,36895,108,30,65,0,0,0,0,0,0,0,0,-32305,0,0,0,0,0,306163,0
304800,2824,8146,1044,-189,-364,-901,19012,3,3,-279,-80,36903,105,30,65,0,0,0,0,0,0,0,0,-32305,0,0,0,0,0,306169,0
304805,2814,8094,1022,-197,-386,-898,19012,3,-2,-277,-80,36903,105,30,65,0,0,0,0,0,0,0,0,-32305,0,0,0,0,0,306174,0
304810,2794,8070,1012,-216,-412,-905,19011,1,1,-277,-80,36905,112,30,65,0,0,0,0,0,0,0,0,-32305,0,0,0,0,0,306179,0
304815,2800,8058,996,-216,-431,-904,19010,-5,-1,-280,-80,36905,112,30,65,0,0,0,0,0,0,0,0,-32305,0,0,0,0,0,306185,0
304820,2758,7950,942,-235,-492,-912,19012,-2,-1,-278,-88,36905,114,30,65,0,0,0,0,0,0,0,0,-32305,0,0,0,0,0,306190,0
304825,2766,7896,922,-244,-520,-905,19013,8,-1,-281,-80,36905,114,30,65,0,0,0,0,0,0,0,0,-32305,0,0,0,0,0,306195,0
304830,2776,7826,908,-246,-556,-903,19011,0,7,-280,-88,36900,116,30,65,0,0,0,0,0,0,0,0,-32305,0,0,0,0,0,306201,0
304835,2772,7788,938,-259,-596,-900,19013,3,0,-279,-80,36900,116,30,65,0,0,0,0,0,0,0,0,-32305,0,0,0,0,0,306206,0
304840,2830,7862,958,-268,-658,-901,19011,3,-3,-278,-80,36898,115,30,65,0,0,0,0,0,0,0,0,-32306,0,0,0,0,0,306211,0
304845,2898,7894,1008,-275,-694,-894,19012,4,3,-279,-80,36898,115,30,65,0,0,0,0,0,0,0,0,-32305,0,0,0,0,0,306217,0
304850,2908,7874,1020,-287,-716,-888,19011,-2,-1,-280,-80,36898,104,30,65,0,0,0,0,0,0,0,0,-32305,0,0,0,0,0,306222,0
304855,2944,7860,1032,-291,-732,-881,19011,-5,-5,-278,-88,36898,104,30,65,0,0,0,0,0,0,0,0,-32305,0,0,0,0,0,306227,0
304860,3022,7860,1090,-313,-761,-856,19012,-1,2,-277,-80,36897,105,30,65,0,0,0,0,0,0,0,0,-32305,0,0,0,0,0,306233,0
304865,3012,7894,1098,-318,-766,-839,19011,7,-2,-278,-80,36897,105,30,65,0,0,0,0,0,0,0,0,-32305,0,0,0,0,0,306238,0
304870,3050,7900,1140,-326,-768,-826,19012,4,0,-279,-80,36896,103,30,65,0,0,0,0,0,0,0,0,-32305,0,0,0,0,0,306244,0
304875,3068,7926,1136,-346,-776,-806,19012,3,-7,-283,-80,36896,103,30,65,0,0,0,0,0,0,0,0,-32305,0,0,0,0,0,306249,0
304880,3028,7834,1152,-371,-784,-779,19011,-7,2,-280,-80,36895,106,30,65,0,0,0,0,0,0,0,0,-32305,0,0,0,0,0,306255,0
304885,3002,7850,1172,-386,-787,-755,19011,4,3,-281,-80,36895,106,30,65,0,0,0,0,0,0,0,0,-32305,0,0,0,0,0,306260,0
304890,2954,7864,1154,-404,-796,-745,19012,2,-6,-279,-88,36896,110,30,65,0,0,0,0,0,0,0,0,-32305,0,0,0,0,0,306265,0
304895,2906,7858,1166,-412,-810,-730,19012,7,0,-280,-80,36896,110,30,65,0,0,0,0,0,0,0,0,-32305,0,0,0,0,0,306271,0
304900,2832,7764,1152,-445,-846,-700,19012,-1,1,-279,-88,36901,106,30,65,0,0,0,0,0,0,0,0,-32306,0,0,0,0,0,306276,0
304905,2798,7760,1188,-457,-865,-691,19011,-2,-1,-278,-88,36901,106,30,65,0,0,0,0,0,0,0,0,-32305,0,0,0,0,0,306281,0
304910,2790,7730,1172,-480,-886,-677,19011,-1,-2,-278,-80,36901,116,30,65,0,0,0,0,0,0,0,0,-32305,0,0,0,0,0,306287,0
304915,2794,7716,1182,-492,-906,-671,19011,1,-2,-279,-80,36901,116,30,65,0,0,0,0,0,0,0,0,-32305,0,0,0,0,0,306292,0
304920,2786,7710,1180,-526,-936,-662,19011,-2,-2,-279,-80,36902,109,30,65,0,0,0,0,0,0,0,0,-32306,0,0,0,0,0,306298,0
304925,2784,7704,1202,-545,-953,-652,19012,1,1,-280,-80,36902,109,30,65,0,0,0,0,0,0,0,0,-32305,0,0,0,0,0,306303,0
304930,2794,7636,1218,-564,-970,-642,19012,-3,2,-281,-80,36905,105,30,65,0,0,0,0,0,0,0,0,-32305,0,0,0,0,0,306308,0
304935,2750,7592,1238,-573,-991,-638,19011,0,1,-280,-80,36905,105,30,65,0,0,0,0,0,0,0,0,-32306,0,0,0,0,0,306314,0
304940,2774,7522,1254,-604,-1022,-624,19012,7,-2,-280,-88,36905,99,30,65,0,0,0,0,0,0,0,0,-32305,0,0,0,0,0,306319,0
304945,2758,7508,1300,-619,-1045,-611,19011,-4,1,-280,-80,36905,99,30,65,0,0,0,0,0,0,0,0,-32305,0,0,0,0,0,306324,0
304950,2794,7436,1282,-636,-1070,-602,19012,2,0,-280,-80,36904,100,30,65,0,0,0,0,0,0,0,0,-32305,0,0,0,0,0,306330,0
304955,2756,7370,1302,-655,-1096,-594,19011,3,4,-279,-80,36904,100,30,65,0,0,0,0,0,0,0,0,-32305,0,0,0,0,0,306335,0
304960,2768,7298,1306,-686,-1156,-581,19010,-3,-1,-277,-80,36897,104,30,65,0,0,0,0,0,0,0,0,-32305,0,0,0,0,0,306340,0
304965,2770,7288,1326,-703,-1181,-573,19011,-3,-2,-277,-80,36897,104,30,65,0,0,0,0,0,0,0,0,-32305,0,0,0,0,0,306346,0
304970,2778,7250,1370,-721,-1219,-569,19012,7,3,-279,-80,36896,98,30,65,0,0,0,0,0,0,0,0,-32305,0,0,0,0,0,306352,0
304975,2734,7230,1364,-741,-1250,-565,19012,0,5,-279,-80,36896,98,30,65,0,0,0,0,0,0,0,0,-32305,0,0,0,0,0,306357,0
304980,2674,7166,1346,-783,-1337,-549,19012,5,-2,-281,-80,36898,105,30,65,0,0,0,0,0,0,0,0,-32304,0,0,0,0,0,306362,0
304985,2648,7142,1368,-794,-1385,-540,19011,-3,0,-280,-80,36898,105,30,65,0,0,0,0,0,0,0,0,-32305,0,0,0,0,0,306368,0
304990,2594,7146,1380,-812,-1436,-529,19010,-8,-2,-280,-88,36898,114,30,65,0,0,0,0,0,0,0,0,-32305,0,0,0,0,0,306373,0
304995,2584,7176,1326,-826,-1499,-522,19012,-3,-3,-279,-88,36898,114,30,65,0,0,0,0,0,0,0,0,-32305,0,0,0,0,0,306378,0
305000,2488,7126,1348,-847,-1627,-499,19011,-3,3,-277,-88,36897,106,30,65,0,0,0,0,0,0,0,0,-32305,0,0,0,0,0,306384,0
305005,2446,7156,1318,-864,-1701,-494,19011,1,2,-279,-80,36897,106,30,65,0,0,0,0,0,0,0,0,-32305,0,0,0,0,0,306389,0
305010,2424,7220,1294,-883,-1776,-486,19012,3,4,-278,-80,36895,97,30,65,0,0,0,0,0,0,0,0,-32305,0,0,0,0,0,306394,0
305015,2470,7320,1284,-890,-1847,-485,19011,-3,4,-280,-80,36895,97,30,65,0,0,0,0,0,0,0,0,-32304,0,0,0,0,0,306400,0
305020,2484,7546,1296,-913,-2008,-472,19010,-5,2,-281,-80,36901,92,30,65,0,0,0,0,0,0,0,0,-32305,0,0,0,0,0,306405,0
305025,2520,7634,1290,-937,-2092,-466,19010,-4,1,-278,-88,36901,92,30,65,0,0,0,0,0,0,0,0,-32305,0,0,0,0,0,306411,0
305030,2528,7728,1258,-946,-2165,-457,19013,1,2,-278,-80,36901,115,30,65,0,0,0,0,0,0,0,0,-32305,0,0,0,0,0,306416,0
305035,2554,7830,1246,-969,-2243,-447,19011,5,2,-281,-88,36901,115,30,65,0,0,0,0,0,0,0,0,-32305,0,0,0,0,0,306422,0
305040,2634,8054,1206,-1010,-2372,-421,19011,-7,6,-279,-88,36899,110,30,65,0,0,0,0,0,0,0,0,-32305,0,0,0,0,0,306427,0
305045,2658,8276,1220,-1040,-2440,-414,19012,-3,-2,-278,-88,36899,110,30,65,0,0,0,0,0,0,0,0,-32305,0,0,0,0,0,306432,0
305050,2666,8490,1240,-1065,-2511,-404,19011,-1,4,-279,-80,36893,104,30,65,0,0,0,0,0,0,0,0,-32305,0,0,0,0,0,306438,0
305055,2690,8670,1216,-1094,-2574,-397,19012,2,1,-278,-88,36893,104,30,65,0,0,0,0,0,0,0,0,-32305,0,0,0,0,0,306443,0
305060,2632,8904,1136,-1154,-2701,-364,19012,4,0,-277,-80,36894,107,30,65,0,0,0,0,0,0,0,0,-32305,0,0,0,0,0,306448,0
305065,2570,8982,1130,-1191,-2772,-342,19011,2,7,-279,-80,36894,107,30,65,0,0,0,0,0,0,0,0,-32305,0,0,0,0,0,306454,0
305070,2718,9108,1134,-1221,-2821,-319,19011,-5,-1,-279,-80,36898,102,30,65,0,0,0,0,0,0,0,0,-32305,0,0,0,0,0,306460,0
305075,2776,9216,1136,-1252,-2876,-302,19012,6,1,-279,-80,36898,102,30,65,0,0,0,0,0,0,0,0,-32305,0,0,0,0,0,306465,0
305080,2832,9380,1080,-1324,-2956,-258,19012,0,2,-281,-80,36895,107,30,65,0,0,0,0,0,0,0,0,-32305,0,0,0,0,0,306470,0
305085,2814,9420,1044,-1360,-2985,-240,19011,0,2,-281,-80,36895,107,30,65,0,0,0,0,0,0,0,0,-32305,0,0,0,0,0,306476,0
305090,2812,9480,1030,-1393,-3011,-221,19012,2,-1,-278,-88,36894,96,30,65,0,0,0,0,0,0,0,0,-32305,0,0,0,0,0,306481,0
305095,2830,9492,974,-1425,-3036,-201,19012,0,0,-278,-80,36894,96,30,65,0,0,0,0,0,0,0,0,-32305,0,0,0,0,0,306486,0
305100,2800,9446,924,-1482,-3071,-170,19011,-6,2,-279,-88,36896,91,30,65,0,0,0,0,0,0,0,0,-32305,0,0,0,0,0,306493,0
305105,2800,9404,882,-1517,-3095,-158,19012,4,-1,-277,-80,36896,91,30,65,0,0,0,0,0,0,0,0,-32305,0,0,0,0,0,306499,0
305110,2780,9368,842,-1539,-3104,-138,19011,0,3,-277,-80,36896,95,30,65,0,0,0,0,0,0,0,0,-32305,0,0,0,0,0,306504,0
305115,2768,9288,802,-1559,-3114,-123,19012,4,0,-279,-80,36896,95,30,65,0,0,0,0,0,0,0,0,-32306,0,0,0,0,0,306509,0
305120,2692,9102,786,-1604,-3142,-95,19012,2,0,-279,-80,36895,101,30,65,0,0,0,0,0,0,0,0,-32305,0,0,0,0,0,306515,0
305125,2664,8994,740,-1613,-3153,-87,19011,-5,0,-279,-80,36895,101,30,65,0,0,0,0,0,0,0,0,-32305,0,0,0,0,0,306520,0
305130,2642,8872,726,-1628,-3166,-72,19011,-3,-4,-279,-88,36893,111,30,65,0,0,0,0,0,0,0,0,-32305,0,0,0,0,0,306525,0
305135,2618,8788,710,-1633,-3174,-66,19013,10,2,-279,-80,36893,111,30,65,0,0,0,0,0,0,0,0,-32305,0,0,0,0,0,306531,0
305140,2582,8564,670,-1652,-3185,-46,19011,0,1,-279,-88,36894,114,30,65,0,0,0,0,0,0,0,0,-32305,0,0,0,0,0,306536,0
305145,2578,8480,638,-1657,-3192,-48,19011,-3,0,-279,-88,36894,114,30,65,0,0,0,0,0,0,0,0,-32305,0,0,0,0,0,306541,0
305150,2558,8360,632,-1657,-3197,-40,19011,-2,-3,-278,-80,36904,112,30,65,0,0,0,0,0,0,0,0,-32305,0,0,0,0,0,306547,0
305155,2606,8246,638,-1659,-3205,-30,19012,3,2,-279,-80,36904,112,30,65,0,0,0,0,0,0,0,0,-32305,0,0,0,0,0,306553,0
305160,2594,8012,600,-1650,-3200,-27,19011,2,-5,-278,-80,36917,117,31,65,0,0,0,0,0,0,0,0,-32305,0,0,0,0,0,306558,0
305165,2608,7946,592,-1658,-3208,-22,19011,1,-3,-278,-80,36917,117,31,65,0,0,0,0,0,0,0,0,-32305,0,0,0,0,0,306563,0
305170,2636,7896,598,-1656,-3208,-16,19011,3,-1,-278,-80,36932,106,30,65,0,0,0,0,0,0,0,0,-32305,0,0,0,0,0,306568,0
305175,2632,7844,610,-1653,-3210,-16,19009,-2,3,-280,-80,36932,106,30,65,0,0,0,0,0,0,0,0,-32306,0,0,0,0,0,306574,0
305180,2654,7794,612,-1642,-3215,6,19013,8,1,-281,-80,36928,107,30,65,0,0,0,0,0,0,0,0,-32305,0,0,0,0,0,306579,0
305185,2650,7744,606,-1635,-3233,14,19011,4,-4,-280,-88,36928,107,30,65,0,0,0,0,0,0,0,0,-32305,0,0,0,0,0,306585,0
305190,2610,7720,614,-1631,-3236,37,19011,-4,5,-278,-88,36915,93,30,65,0,0,0,0,0,0,0,0,-32305,0,0,0,0,0,306590,0
305195,2604,7690,644,-1623,-3259,50,19011,-2,-5,-280,-88,36915,93,30,65,0,0,0,0,0,0,0,0,-32305,0,0,0,0,0,306595,0
305200,2630,7742,644,-1616,-3299,94,19011,-3,-1,-278,-88,36905,105,30,65,0,0,0,0,0,0,0,0,-32305,0,0,0,0,0,306601,0
305205,2622,7784,670,-1616,-3321,113,19010,-4,0,-278,-88,36905,105,30,65,0,0,0,0,0,0,0,0,-32305,0,0,0,0,0,306606,0
305210,2654,7824,686,-1612,-3346,133,19011,2,-1,-277,-80,36899,110,30,65,0,0,0,0,0,0,0,0,-32305,0,0,0,0,0,306612,0
305215,2660,7834,720,-1619,-3377,154,19012,3,4,-280,-80,36899,110,30,65,0,0,0,0,0,0,0,0,-32305,0,0,0,0,0,306617,0
305220,2670,7868,754,-1623,-3419,209,19012,4,6,-280,-80,36899,98,30,65,0,0,0,0,0,0,0,0,-32305,0,0,0,0,0,306623,0
305225,2682,7904,762,-1630,-3443,236,19011,0,1,-277,-80,36899,98,30,65,0,0,0,0,0,0,0,0,-32305,0,0,0,0,0,306628,0
305230,2738,7890,796,-1642,-3466,260,19012,5,0,-278,-80,36903,93,30,65,0,0,0,0,0,0,0,0,-32305,0,0,0,0,0,306633,0
305235,2748,7896,808,-1663,-3492,288,19012,3,0,-280,-80,36903,93,30,65,0,0,0,0,0,0,0,0,-32305,0,0,0,0,0,306639,0
305240,2778,8064,846,-1687,-3531,341,19011,-3,-1,-279,-88,36905,96,30,65,0,0,0,0,0,0,0,0,-32305,0,0,0,0,0,306644,0
305245,2818,8166,846,-1697,-3546,360,19011,0,3,-278,-80,36905,96,30,65,0,0,0,0,0,0,0,0,-32305,0,0,0,0,0,306649,0
305250,2794,8254,890,-1728,-3561,384,19011,0,-2,-279,-80,36902,103,30,65,0,0,0,0,0,0,0,0,-32305,0,0,0,0,0,306655,0
305255,2824,8344,860,-1740,-3579,404,19011,3,0,-277,-80,36902,103,30,65,0,0,0,0,0,0,0,0,-32305,0,0,0,0,0,306661,0
305260,2846,8514,864,-1787,-3610,455,19011,-5,0,-276,-80,36894,114,30,65,0,0,0,0,0,0,0,0,-32305,0,0,0,0,0,306666,0
305265,2854,8588,866,-1816,-3634,482,19011,-5,-1,-278,-88,36894,114,30,65,0,0,0,0,0,0,0,0,-32305,0,0,0,0,0,306671,0
305270,2876,8660,884,-1835,-3652,502,19012,-1,1,-278,-88,36897,99,30,65,0,0,0,0,0,0,0,0,-32305,0,0,0,0,0,306677,0
305275,2874,8760,870,-1866,-3671,525,19012,6,-4,-279,-80,36897,99,30,65,0,0,0,0,0,0,0,0,-32305,0,0,0,0,0,306682,0
305280,2886,8988,824,-1925,-3710,563,19011,2,-1,-279,-80,36898,100,30,65,0,0,0,0,0,0,0,0,-32305,0,0,0,0,0,306688,0
305285,2900,9070,802,-1959,-3728,578,19011,0,1,-281,-88,36898,100,30,65,0,0,0,0,0,0,0,0,-32305,0,0,0,0,0,306693,0
305290,2894,9142,780,-1986,-3749,598,19012,1,5,-278,-88,36899,105,30,65,0,0,0,0,0,0,0,0,-32305,0,0,0,0,0,306699,0
305295,2886,9216,732,-2019,-3773,607,19012,1,0,-279,-80,36899,105,30,65,0,0,0,0,0,0,0,0,-32305,0,0,0,0,0,306704,0
305300,2892,9272,714,-2082,-3814,625,19012,2,-2,-279,-88,36896,123,30,65,0,0,0,0,0,0,0,0,-32305,0,0,0,0,0,306709,0
305305,2836,9302,650,-2111,-3838,625,19012,2,1,-278,-88,36896,123,30,65,0,0,0,0,0,0,0,0,-32305,0,0,0,0,0,306715,0
305310,2822,9330,598,-2138,-3866,633,19010,0,-3,-275,-88,36898,123,30,65,0,0,0,0,0,0,0,0,-32305,0,0,0,0,0,306720,0
305315,2796,9280,570,-2159,-3883,636,19011,2,-2,-277,-80,36898,123,30,65,0,0,0,0,0,0,0,0,-32305,0,0,0,0,0,306726,0
305320,2754,9222,450,-2208,-3927,633,19012,-1,0,-278,-88,36901,110,30,65,0,0,0,0,0,0,0,0,-32305,0,0,0,0,0,306731,0
305325,2736,9172,412,-2229,-3952,624,19012,4,-1,-279,-80,36901,110,30,65,0,0,0,0,0,0,0,0,-32305,0,0,0,0,0,306736,0
305330,2756,9140,338,-2238,-3970,613,19012,2,3,-281,-80,36901,115,30,65,0,0,0,0,0,0,0,0,-32305,0,0,0,0,0,306742,0
305335,2732,9062,304,-2256,-3981,600,19010,1,-1,-281,-88,36901,115,30,65,0,0,0,0,0,0,0,0,-32305,0,0,0,0,0,306747,0
305340,2690,8824,200,-2268,-4009,573,19010,0,-1,-278,-88,36898,112,30,65,0,0,0,0,0,0,0,0,-32305,0,0,0,0,0,306753,0
305345,2794,8744,114,-2269,-4013,551,19010,-2,1,-279,-88,36898,112,30,65,0,0,0,0,0,0,0,0,-32305,0,0,0,0,0,306758,0
305350,2856,8720,106,-2259,-4006,531,19011,0,3,-279,-80,36896,119,30,65,0,0,0,0,0,0,0,0,-32306,0,0,0,0,0,306764,0
305355,2820,8570,42,-2257,-4012,510,19011,0,0,-276,-80,36896,119,30,65,0,0,0,0,0,0,0,0,-32305,0,0,0,0,0,306769,0
305360,2806,8244,-66,-2229,-4015,464,19008,-5,-6,-278,-88,36900,120,30,65,0,0,0,0,0,0,0,0,-32305,0,0,0,0,0,306774,0
305365,2838,8114,-114,-2217,-4012,441,19011,0,-1,-278,-80,36900,120,30,65,0,0,0,0,0,0,0,0,-32305,0,0,0,0,0,306779,0
305370,2870,7974,-158,-2195,-4004,427,19011,7,3,-279,-88,36900,111,30,65,0,0,0,0,0,0,0,0,-32305,0,0,0,0,0,306785,0
305375,2874,7784,-198,-2178,-3998,404,19010,-2,-3,-279,-80,36900,111,30,65,0,0,0,0,0,0,0,0,-32305,0,0,0,0,0,306790,0
305380,2826,7462,-210,-2128,-3984,357,19010,0,2,-280,-88,36897,118,30,65,0,0,0,0,0,0,0,0,-32305,0,0,0,0,0,306796,0
305385,2814,7298,-256,-2099,-3980,332,19010,0,-1,-279,-88,36897,118,30,65,0,0,0,0,0,0,0,0,-32305,0,0,0,0,0,306801,0
305390,2816,7080,-296,-2084,-3970,314,19010,1,-4,-279,-88,36898,112,30,65,0,0,0,0,0,0,0,0,-32305,0,0,0,0,0,306807,0
305395,2822,6894,-334,-2070,-3958,290,19010,1,5,-280,-88,36898,112,30,65,0,0,0,0,0,0,0,0,-32305,0,0,0,0,0,306812,0
305400,2800,6584,-364,-2043,-3937,255,19010,3,2,-280,-88,36901,111,30,65,0,0,0,0,0,0,0,0,-32305,0,0,0,0,0,306817,0
305405,2818,6476,-382,-2021,-3933,233,19010,1,2,-278,-88,36901,111,30,65,0,0,0,0,0,0,0,0,-32305,0,0,0,0,0,306823,0
305410,2844,6364,-408,-2015,-3923,212,19010,2,2,-274,-88,36905,95,30,65,0,0,0,0,0,0,0,0,-32305,0,0,0,0,0,306828,0
305415,2886,6246,-438,-2020,-3909,197,19010,0,4,-277,-80,36905,95,30,65,0,0,0,0,0,0,0,0,-32305,0,0,0,0,0,306833,0
305420,2964,6036,-446,-2004,-3901,170,19009,5,0,-280,-80,36904,92,30,65,0,0,0,0,0,0,0,0,-32305,0,0,0,0,0,306839,0
305425,3010,5902,-458,-2001,-3889,168,19009,1,-3,-278,-80,36904,92,30,65,0,0,0,0,0,0,0,0,-32305,0,0,0,0,0,306844,0
305430,3062,5812,-508,-1995,-3884,162,19009,-5,-1,-279,-80,36899,98,30,65,0,0,0,0,0,0,0,0,-32305,0,0,0,0,0,306849,0
305435,3146,5730,-498,-1987,-3879,160,19010,0,1,-280,-80,36899,98,30,65,0,0,0,0,0,0,0,0,-32305,0,0,0,0,0,306855,0
305440,3278,5592,-528,-1978,-3853,184,19010,-1,-1,-279,-88,36905,94,30,65,0,0,0,0,0,0,0,0,-32305,0,0,0,0,0,306861,0
305445,3320,5498,-512,-1964,-3837,209,19010,3,1,-278,-80,36905,94,30,65,0,0,0,0,0,0,0,0,-32305,0,0,0,0,0,306866,0
305450,3338,5448,-534,-1953,-3828,234,19010,-4,-2,-280,-88,36906,107,30,65,0,0,0,0,0,0,0,0,-32305,0,0,0,0,0,306871,0
305455,3402,5440,-536,-1938,-3814,261,19011,-1,8,-277,-88,36906,107,30,65,0,0,0,0,0,0,0,0,-32305,0,0,0,0,0,306877,0
305460,3398,5314,-584,-1893,-3785,344,19010,0,-2,-276,-80,36908,111,30,65,0,0,0,0,0,0,0,0,-32305,0,0,0,0,0,306882,0
305465,3420,5338,-590,-1866,-3769,385,19009,-5,-2,-278,-80,36908,111,30,65,0,0,0,0,0,0,0,0,-32305,0,0,0,0,0,306887,0
305470,3382,5284,-626,-1831,-3755,426,19010,3,-4,-277,-88,36902,111,30,65,0,0,0,0,0,0,0,0,-32305,0,0,0,0,0,306893,0
305475,3456,5238,-660,-1802,-3751,471,19010,-7,1,-279,-88,36902,111,30,65,0,0,0,0,0,0,0,0,-32305,0,0,0,0,0,306898,0
305480,3468,5170,-704,-1737,-3732,550,19011,5,5,-280,-80,36899,103,30,65,0,0,0,0,0,0,0,0,-32305,0,0,0,0,0,306903,0
305485,3294,5170,-722,-1700,-3737,588,19011,7,-1,-280,-80,36899,103,30,65,0,0,0,0,0,0,0,0,-32305,0,0,0,0,0,306909,0
305490,3392,5066,-776,-1657,-3731,626,19010,3,2,-278,-96,36899,93,30,65,0,0,0,0,0,0,0,0,-32305,0,0,0,0,0,306915,0
305495,3500,5012,-756,-1615,-3722,656,19011,8,4,-279,-80,36899,93,30,65,0,0,0,0,0,0,0,0,-32305,0,0,0,0,0,306920,0
305500,3522,4894,-758,-1532,-3711,704,19010,3,1,-279,-88,36898,109,30,65,0,0,0,0,0,0,0,0,-32305,0,0,0,0,0,306925,0
305505,3494,4868,-740,-1487,-3698,723,19011,-2,1,-278,-80,36898,109,30,65,0,0,0,0,0,0,0,0,-32305,0,0,0,0,0,306931,0
305510,3478,4834,-752,-1444,-3692,744,19011,2,3,-277,-80,36897,117,30,65,0,0,0,0,0,0,0,0,-32305,0,0,0,0,0,306936,0
305515,3468,4866,-742,-1398,-3682,757,19011,0,-5,-278,-88,36897,117,30,65,0,0,0,0,0,0,0,0,-32305,0,0,0,0,0,306941,0
305520,3480,5016,-734,-1316,-3649,770,19010,-7,0,-278,-88,36896,121,30,65,0,0,0,0,0,0,0,0,-32305,0,0,0,0,0,306947,0
305525,3504,5124,-712,-1278,-3635,767,19010,-1,1,-279,-80,36896,121,30,65,0,0,0,0,0,0,0,0,-32305,0,0,0,0,0,306952,0
305530,3516,5326,-672,-1236,-3607,756,19011,-5,-3,-279,-80,36899,110,30,65,0,0,0,0,0,0,0,0,-32305,0,0,0,0,0,306958,0
305535,3574,5486,-632,-1205,-3589,740,19010,-1,4,-279,-88,36899,110,30,65,0,0,0,0,0,0,0,0,-32305,0,0,0,0,0,306963,0
305540,3634,5816,-500,-1140,-3518,700,19012,1,-1,-278,-88,36908,104,30,65,0,0,0,0,0,0,0,0,-32305,0,0,0,0,0,306969,0
305545,3678,5998,-446,-1108,-3471,680,19010,0,-1,-278,-88,36908,104,30,65,0,0,0,0,0,0,0,0,-32305,0,0,0,0,0,306974,0
305550,3714,6238,-408,-1083,-3423,660,19011,1,1,-278,-80,36905,101,30,65,0,0,0,0,0,0,0,0,-32305,0,0,0,0,0,306979,0
305555,3740,6456,-346,-1056,-3375,637,19010,-3,-1,-278,-88,36905,101,30,65,0,0,0,0,0,0,0,0,-32305,0,0,0,0,0,306985,0
305560,3844,6856,-276,-1009,-3266,590,19012,8,1,-275,-88,36901,93,30,65,0,0,0,0,0,0,0,0,-32305,0,0,0,0,0,306990,0
305565,3864,7084,-270,-992,-3212,564,19010,2,-1,-278,-88,36901,93,30,65,0,0,0,0,0,0,0,0,-32305,0,0,0,0,0,306995,0
305570,3912,7302,-264,-979,-3154,537,19009,-10,-1,-278,-88,36898,85,30,65,0,0,0,0,0,0,0,0,-32305,0,0,0,0,0,307001,0
305575,3916,7552,-264,-968,-3094,513,19010,-5,-4,-281,-88,36898,85,30,65,0,0,0,0,0,0,0,0,-32306,0,0,0,0,0,307007,0
305580,3932,7964,-206,-965,-2978,452,19010,-3,1,-281,-80,36900,87,30,65,0,0,0,0,0,0,0,0,-32305,0,0,0,0,0,307012,0
305585,3882,8144,-200,-961,-2911,420,19011,4,2,-280,-88,36900,87,30,65,0,0,0,0,0,0,0,0,-32305,0,0,0,0,0,307017,0
305590,3834,8286,-178,-967,-2846,385,19011,3,0,-278,-88,36902,93,30,65,0,0,0,0,0,0,0,0,-32305,0,0,0,0,0,307023,0
305595,3796,8382,-206,-973,-2780,352,19010,0,3,-280,-88,36902,93,30,65,0,0,0,0,0,0,0,0,-32305,0,0,0,0,0,307028,0
305600,3786,8562,-168,-993,-2642,280,19010,-3,0,-279,-80,36899,105,30,65,0,0,0,0,0,0,0,0,-32306,0,0,0,0,0,307033,0
305605,3716,8612,-188,-1006,-2565,233,19010,-1,1,-279,-80,36899,105,30,65,0,0,0,0,0,0,0,0,-32306,0,0,0,0,0,307039,0
305610,3644,8590,-160,-1013,-2494,185,19010,0,1,-277,-80,36901,98,30,65,0,0,0,0,0,0,0,0,-32305,0,0,0,0,0,307044,0
305615,3544,8578,-160,-1024,-2435,149,19010,-7,-2,-279,-80,36901,98,30,65,0,0,0,0,0,0,0,0,-32305,0,0,0,0,0,307049,0
305620,3444,8440,-238,-1042,-2308,59,19010,0,0,-280,-80,36903,99,31,65,0,0,0,0,0,0,0,0,-32305,0,0,0,0,0,307055,0
305625,3408,8396,-268,-1053,-2243,23,19011,2,1,-279,-80,36903,99,31,65,0,0,0,0,0,0,0,0,-32305,0,0,0,0,0,307060,0
305630,3338,8242,-284,-1062,-2186,-24,19011,8,1,-279,-80,36903,96,30,65,0,0,0,0,0,0,0,0,-32305,0,0,0,0,0,307066,0
305635,3298,8126,-312,-1070,-2134,-68,19009,-1,2,-281,-80,36903,96,30,65,0,0,0,0,0,0,0,0,-32305,0,0,0,0,0,307071,0
305640,3252,7944,-336,-1075,-2021,-151,19010,5,1,-280,-88,36902,101,30,65,0,0,0,0,0,0,0,0,-32305,0,0,0,0,0,307076,0
305645,3310,7868,-354,-1071,-1955,-196,19009,1,-4,-280,-88,36902,101,30,65,0,0,0,0,0,0,0,0,-32305,0,0,0,0,0,307082,0
305650,3370,7822,-368,-1078,-1883,-243,19011,4,3,-279,-80,36902,107,30,65,0,0,0,0,0,0,0,0,-32305,0,0,0,0,0,307087,0
305655,3394,7714,-378,-1068,-1811,-281,19010,-4,-3,-278,-88,36902,107,30,65,0,0,0,0,0,0,0,0,-32305,0,0,0,0,0,307093,0
305660,3358,7530,-414,-1048,-1667,-356,19010,0,4,-275,-80,36905,90,30,65,0,0,0,0,0,0,0,0,-32305,0,0,0,0,0,307098,0
305665,3362,7346,-410,-1027,-1591,-383,19010,1,-4,-278,-80,36905,90,30,65,0,0,0,0,0,0,0,0,-32305,0,0,0,0,0,307103,0
305670,3370,7246,-500,-1008,-1521,-411,19009,-3,-5,-279,-88,36906,94,30,65,0,0,0,0,0,0,0,0,-32305,0,0,0,0,0,307109,0
305675,3382,7192,-504,-987,-1443,-440,19010,-3,0,-280,-80,36906,94,30,65,0,0,0,0,0,0,0,0,-32305,0,0,0,0,0,307114,0
305680,3312,7024,-536,-921,-1293,-485,19009,-7,1,-281,-80,36901,98,30,65,0,0,0,0,0,0,0,0,-32305,0,0,0,0,0,307120,0
305685,3262,6944,-550,-881,-1233,-503,19009,-1,3,-281,-80,36901,98,30,65,0,0,0,0,0,0,0,0,-32305,0,0,0,0,0,307125,0
305690,3196,6830,-560,-843,-1167,-523,19010,0,-2,-278,-80,36896,101,30,65,0,0,0,0,0,0,0,0,-32305,0,0,0,0,0,307131,0
305695,3198,6816,-648,-801,-1108,-532,19011,0,4,-279,-80,36896,101,30,65,0,0,0,0,0,0,0,0,-32305,0,0,0,0,0,307136,0
305700,3142,6602,-630,-710,-1004,-557,19010,-3,-1,-278,-80,36897,95,30,65,0,0,0,0,0,0,0,0,-32305,0,0,0,0,0,307141,0
305705,3114,6458,-656,-662,-955,-564,19011,0,2,-277,-88,36897,95,30,65,0,0,0,0,0,0,0,0,-32305,0,0,0,0,0,307147,0
305710,3076,6326,-654,-601,-911,-574,19009,-13,-5,-276,-80,36899,87,30,65,0,0,0,0,0,0,0,0,-32305,0,0,0,0,0,307152,0
305715,3010,6212,-630,-553,-878,-582,19010,5,0,-276,-80,36899,87,30,65,0,0,0,0,0,0,0,0,-32305,0,0,0,0,0,307157,0
305720,2996,5980,-616,-451,-813,-599,19009,-3,-3,-276,-88,36900,94,30,65,0,0,0,0,0,0,0,0,-32305,0,0,0,0,0,307163,0
305725,3012,5918,-590,-402,-788,-607,19011,8,3,-279,-88,36900,94,30,65,0,0,0,0,0,0,0,0,-32305,0,0,0,0,0,307168,0
305730,3016,5922,-562,-353,-761,-615,19010,1,4,-280,-80,36896,95,30,65,0,0,0,0,0,0,0,0,-32305,0,0,0,0,0,307174,0
305735,3016,5884,-506,-308,-743,-625,19010,-1,5,-281,-88,36896,95,30,65,0,0,0,0,0,0,0,0,-32305,0,0,0,0,0,307179,0
305740,3042,5856,-378,-221,-712,-652,19010,0,-6,-278,-80,36898,99,30,65,0,0,0,0,0,0,0,0,-32305,0,0,0,0,0,307185,0
305745,3110,5862,-320,-180,-702,-662,19009,-4,-1,-279,-80,36898,99,30,65,0,0,0,0,0,0,0,0,-32305,0,0,0,0,0,307190,0
305750,3126,5890,-280,-147,-691,-665,19010,-3,1,-280,-80,36902,103,30,65,0,0,0,0,0,0,0,0,-32305,0,0,0,0,0,307195,0
305755,3172,5906,-194,-115,-683,-672,19010,-3,-4,-277,-80,36902,103,30,65,0,0,0,0,0,0,0,0,-32305,0,0,0,0,0,307201,0
305760,3248,6020,-48,-58,-668,-679,19010,0,1,-275,-80,36904,112,30,65,0,0,0,0,0,0,0,0,-32305,0,0,0,0,0,307207,0
305765,3280,6072,-8,-33,-655,-679,19011,1,-5,-278,-80,36904,112,30,65,0,0,0,0,0,0,0,0,-32305,0,0,0,0,0,307212,0
305770,3292,6152,76,-10,-653,-673,19011,4,1,-278,-80,36903,110,30,65,0,0,0,0,0,0,0,0,-32305,0,0,0,0,0,307217,0
305775,3328,6214,120,-1,-639,-666,19010,-3,-2,-280,-80,36903,110,30,65,0,0,0,0,0,0,0,0,-32305,0,0,0,0,0,307223,0
305780,3318,6396,228,25,-629,-643,19010,5,0,-280,-80,36900,99,30,65,0,0,0,0,0,0,0,0,-32305,0,0,0,0,0,307228,0
305785,3332,6516,236,38,-612,-642,19010,-1,-5,-279,-88,36900,99,30,65,0,0,0,0,0,0,0,0,-32305,0,0,0,0,0,307233,0
305790,3310,6646,284,40,-609,-623,19011,0,0,-279,-80,36903,102,30,65,0,0,0,0,0,0,0,0,-32305,0,0,0,0,0,307239,0
305795,3318,6786,354,44,-601,-614,19009,-3,-4,-279,-88,36903,102,30,65,0,0,0,0,0,0,0,0,-32305,0,0,0,0,0,307244,0
305800,3294,6984,444,41,-581,-595,19010,2,5,-278,-88,36902,99,30,65,0,0,0,0,0,0,0,0,-32305,0,0,0,0,0,307249,0
305805,3278,7102,488,27,-577,-589,19011,6,-4,-278,-80,36902,99,30,65,0,0,0,0,0,0,0,0,-32305,0,0,0,0,0,307255,0
305810,3272,7196,528,20,-575,-581,19010,-4,2,-278,-80,36901,97,30,65,0,0,0,0,0,0,0,0,-32305,0,0,0,0,0,307261,0
305815,3296,7296,558,11,-576,-585,19009,-3,3,-280,-80,36901,97,30,65,0,0,0,0,0,0,0,0,-32305,0,0,0,0,0,307266,0
305820,3338,7454,582,-21,-578,-584,19011,-2,-2,-279,-88,36898,101,30,65,0,0,0,0,0,0,0,0,-32305,0,0,0,0,0,307271,0
305825,3374,7498,620,-37,-584,-590,19010,3,0,-280,-88,36898,101,30,65,0,0,0,0,0,0,0,0,-32305,0,0,0,0,0,307276,0
305830,3346,7530,634,-50,-592,-593,19009,-1,4,-280,-80,36900,103,30,65,0,0,0,0,0,0,0,0,-32305,0,0,0,0,0,307282,0
305835,3354,7538,670,-70,-605,-596,19010,-4,0,-280,-88,36900,103,30,65,0,0,0,0,0,0,0,0,-32305,0,0,0,0,0,307287,0
305840,3388,7560,688,-114,-637,-614,19010,-4,0,-278,-88,36902,117,30,65,0,0,0,0,0,0,0,0,-32305,0,0,0,0,0,307293,0
305845,3424,7602,732,-134,-646,-627,19009,0,2,-279,-88,36902,117,30,65,0,0,0,0,0,0,0,0,-32305,0,0,0,0,0,307298,0
305850,3454,7582,696,-158,-668,-640,19010,-3,-1,-278,-80,36900,117,30,65,0,0,0,0,0,0,0,0,-32305,0,0,0,0,0,307304,0
305855,3468,7596,710,-173,-690,-655,19010,3,2,-278,-88,36900,117,30,65,0,0,0,0,0,0,0,0,-32305,0,0,0,0,0,307309,0
305860,3484,7568,732,-210,-733,-685,19010,-1,3,-279,-80,36900,109,30,65,0,0,0,0,0,0,0,0,-32306,0,0,0,0,0,307315,0
305865,3458,7572,734,-225,-759,-702,19010,-13,1,-280,-88,36900,109,30,65,0,0,0,0,0,0,0,0,-32305,0,0,0,0,0,307320,0
305870,3482,7546,716,-233,-783,-720,19010,-4,-3,-279,-80,36901,114,30,65,0,0,0,0,0,0,0,0,-32305,0,0,0,0,0,307325,0
305875,3538,7530,706,-245,-808,-733,19011,6,1,-278,-88,36901,114,30,65,0,0,0,0,0,0,0,0,-32305,0,0,0,0,0,307331,0
305880,3608,7522,658,-261,-848,-763,19011,0,-2,-279,-80,36907,117,30,65,0,0,0,0,0,0,0,0,-32305,0,0,0,0,0,307336,0
305885,3628,7506,648,-260,-865,-777,19011,5,-1,-281,-88,36907,117,30,65,0,0,0,0,0,0,0,0,-32305,0,0,0,0,0,307341,0
305890,3666,7478,602,-271,-880,-791,19009,-3,3,-279,-88,36903,108,30,65,0,0,0,0,0,0,0,0,-32306,0,0,0,0,0,307347,0
305895,3720,7510,640,-270,-887,-799,19011,5,2,-280,-80,36903,108,30,65,0,0,0,0,0,0,0,0,-32305,0,0,0,0,0,307352,0
305900,3784,7450,586,-274,-907,-816,19012,5,-7,-279,-80,36899,104,30,65,0,0,0,0,0,0,0,0,-32305,0,0,0,0,0,307357,0
305905,3804,7414,558,-264,-924,-823,19012,10,2,-277,-80,36899,104,30,65,0,0,0,0,0,0,0,0,-32305,0,0,0,0,0,307363,0
305910,3812,7386,552,-257,-936,-830,19009,-1,0,-278,-80,36899,101,30,65,0,0,0,0,0,0,0,0,-32305,0,0,0,0,0,307368,0
305915,3870,7394,536,-252,-947,-833,19011,-1,-5,-280,-88,36899,101,30,65,0,0,0,0,0,0,0,0,-32305,0,0,0,0,0,307374,0
305920,3898,7382,510,-242,-982,-833,19011,1,-4,-278,-88,36899,103,30,65,0,0,0,0,0,0,0,0,-32305,0,0,0,0,0,307379,0
305925,3926,7372,496,-226,-997,-834,19011,0,6,-278,-88,36899,103,30,65,0,0,0,0,0,0,0,0,-32305,0,0,0,0,0,307384,0
305930,3950,7364,488,-220,-1010,-826,19011,-1,1,-279,-88,36899,98,30,65,0,0,0,0,0,0,0,0,-32305,0,0,0,0,0,307390,0
305935,3962,7382,484,-207,-1031,-828,19011,4,1,-278,-80,36899,98,30,65,0,0,0,0,0,0,0,0,-32305,0,0,0,0,0,307395,0
305940,4038,7428,474,-184,-1070,-812,19013,10,1,-277,-88,36899,110,30,65,0,0,0,0,0,0,0,0,-32305,0,0,0,0,0,307401,0
305945,4084,7464,476,-176,-1082,-804,19011,0,0,-279,-80,36899,110,30,65,0,0,0,0,0,0,0,0,-32305,0,0,0,0,0,307406,0
305950,4118,7464,480,-163,-1095,-794,19012,-2,2,-280,-80,36900,116,30,65,0,0,0,0,0,0,0,0,-32305,0,0,0,0,0,307411,0
305955,4152,7418,490,-152,-1109,-784,19012,-3,1,-277,-88,36900,116,30,65,0,0,0,0,0,0,0,0,-32304,0,0,0,0,0,307417,0
305960,4228,7470,448,-134,-1122,-752,19013,0,1,-275,-80,36908,116,30,65,0,0,0,0,0,0,0,0,-32305,0,0,0,0,0,307422,0
305965,4208,7388,454,-119,-1128,-738,19014,0,1,-278,-80,36908,116,30,65,0,0,0,0,0,0,0,0,-32305,0,0,0,0,0,307427,0
305970,4304,7432,478,-108,-1116,-722,19014,1,-1,-279,-88,36908,114,30,65,0,0,0,0,0,0,0,0,-32305,0,0,0,0,0,307433,0
305975,4452,7536,474,-101,-1108,-706,19014,-1,2,-281,-80,36908,114,30,65,0,0,0,0,0,0,0,0,-32304,0,0,0,0,0,307438,0
305980,4384,7592,534,-77,-1088,-675,19015,3,-2,-281,-80,36904,109,30,65,0,0,0,0,0,0,0,0,-32305,0,0,0,0,0,307444,0
305985,4422,7570,520,-64,-1079,-657,19017,11,2,-281,-80,36904,109,30,65,0,0,0,0,0,0,0,0,-32305,0,0,0,0,0,307449,0
305990,4494,7598,534,-59,-1067,-628,19018,9,4,-280,-80,36896,111,30,65,0,0,0,0,0,0,0,0,-32305,0,0,0,0,0,307454,0
305995,4576,7656,536,-48,-1032,-605,19021,9,5,-280,-80,36896,111,30,65,0,0,0,0,0,0,0,0,-32305,0,0,0,0,0,307460,0
306000,4624,7656,590,-38,-980,-552,19022,9,2,-279,-80,36895,110,30,65,0,0,0,0,0,0,0,0,-32305,0,0,0,0,0,307465,0
306005,4630,7648,600,-27,-941,-529,19024,5,7,-280,-80,36895,110,30,65,0,0,0,0,0,0,0,0,-32305,0,0,0,0,0,307471,0
306010,4574,7610,608,-28,-907,-503,19029,19,4,-281,-72,36894,114,30,65,0,0,0,0,0,0,0,0,-32305,0,0,0,0,0,307477,0
306015,4578,7608,624,-18,-872,-476,19036,29,7,-281,-64,36894,114,30,65,0,0,0,0,0,0,0,0,-32305,0,0,0,0,0,307482,0
306020,4618,7630,628,-15,-788,-439,19049,66,26,-285,-48,36891,116,30,65,0,0,0,0,0,0,0,0,-32305,0,0,0,0,0,307487,0
306025,4682,7676,642,-10,-753,-429,19070,110,59,-291,-24,36891,116,30,65,0,0,0,0,0,0,0,0,-32305,0,0,0,0,0,307493,0
306030,4632,7680,626,-12,-713,-426,19093,100,82,-285,-40,36891,101,30,65,0,0,0,0,0,0,0,0,-32305,0,0,0,0,0,307498,0
306035,4504,7662,662,-8,-663,-413,19114,82,63,-288,-32,36891,101,30,65,0,0,0,0,0,0,0,0,-32305,0,0,0,0,0,307503,0
306040,4324,7432,698,-10,-574,-376,19140,118,50,-291,-32,36893,101,30,65,0,0,0,0,0,0,0,0,-32305,0,0,0,0,0,307509,0
306045,4366,7372,682,-13,-529,-349,19166,114,29,-290,-32,36893,101,30,65,0,0,0,0,0,0,0,0,-32305,0,0,0,0,0,307515,0
306050,4376,7396,688,-16,-487,-338,19197,142,14,-296,-16,36894,100,30,65,0,0,0,0,0,0,0,0,-32305,0,0,0,0,0,307520,0
306055,4470,7498,704,-20,-442,-326,19231,155,45,-285,-40,36894,100,30,65,0,0,0,0,0,0,0,0,-32305,0,0,0,0,0,307525,0
306060,4350,7644,676,-28,-355,-321,19267,152,51,-293,-24,36901,103,30,65,0,0,0,0,0,0,0,0,-32305,0,0,0,0,0,307531,0
306065,4228,7662,686,-33,-313,-316,19298,129,29,-297,-56,36901,103,30,65,0,0,0,0,0,0,0,0,-32305,0,0,0,0,0,307536,0
306070,4102,7662,684,-43,-282,-301,19326,132,1,-306,-32,36900,110,30,65,0,0,0,0,0,0,0,0,-32305,0,0,0,0,0,307541,0
306075,4062,7640,684,-44,-253,-281,19356,129,-16,-302,-40,36900,110,30,65,0,0,0,0,0,0,0,0,-32305,0,0,0,0,0,307547,0
306080,4068,7656,680,-57,-200,-248,19384,123,-27,-303,-40,36905,96,30,65,0,0,0,0,0,0,0,0,-32305,0,0,0,0,0,307552,0
306085,4058,7698,688,-63,-178,-238,19413,127,-12,-301,-48,36905,96,30,65,0,0,0,0,0,0,0,0,-32305,0,0,0,0,0,307557,0
306090,3976,7784,672,-70,-166,-221,19433,83,-17,-302,-48,36908,101,30,65,0,0,0,0,0,0,0,0,-32305,0,0,0,0,0,307563,0
306095,3834,7808,646,-77,-158,-209,19453,91,-39,-307,-48,36908,101,30,65,0,0,0,0,0,0,0,0,-32305,0,0,0,0,0,307569,0
306100,3806,7794,630,-83,-153,-190,19472,80,-40,-305,-64,36900,101,30,65,0,0,0,0,0,0,0,0,-32305,0,0,0,0,0,307575,0
306105,3764,7800,582,-85,-147,-173,19482,39,-49,-301,-80,36900,101,30,65,0,0,0,0,0,0,0,0,-32305,0,0,0,0,0,307580,0
306110,3716,7764,582,-92,-143,-159,19488,18,-59,-306,-88,36899,105,30,65,0,0,0,0,0,0,0,0,-32305,0,0,0,0,0,307586,0
306115,3670,7730,564,-91,-147,-144,19491,10,-67,-308,-88,36899,105,30,65,0,0,0,0,0,0,0,0,-32305,0,0,0,0,0,307591,0
306120,3756,7764,556,-103,-143,-130,19495,18,-61,-308,-80,36897,98,30,65,0,0,0,0,0,0,0,0,-32305,0,0,0,0,0,307596,0
306125,3762,7726,544,-96,-140,-135,19503,36,-36,-309,-80,36897,98,30,65,0,0,0,0,0,0,0,0,-32305,0,0,0,0,0,307602,0
306130,3764,7762,516,-102,-140,-138,19514,53,12,-308,-72,36903,91,30,65,0,0,0,0,0,0,0,0,-32305,0,0,0,0,0,307607,0
306135,3742,7716,506,-95,-130,-155,19526,45,32,-305,-80,36903,91,30,65,0,0,0,0,0,0,0,0,-32305,0,0,0,0,0,307612,0
306140,3514,7616,480,-90,-125,-163,19533,18,27,-305,-88,36905,97,30,65,0,0,0,0,0,0,0,0,-32306,0,0,0,0,0,307618,0
306145,3388,7550,462,-90,-123,-158,19532,-1,-12,-307,-96,36905,97,30,65,0,0,0,0,0,0,0,0,-32305,0,0,0,0,0,307623,0
306150,3388,7450,464,-87,-130,-142,19532,-3,-42,-309,-96,36901,95,30,65,0,0,0,0,0,0,0,0,-32305,0,0,0,0,0,307629,0
306155,3444,7428,446,-76,-135,-134,19533,2,-53,-309,-96,36901,95,30,65,0,0,0,0,0,0,0,0,-32305,0,0,0,0,0,307634,0
306160,3558,7424,454,-64,-147,-145,19532,0,-31,-310,-96,36899,95,30,65,0,0,0,0,0,0,0,0,-32305,0,0,0,0,0,307640,0
306165,3518,7460,426,-57,-155,-160,19531,-1,-8,-311,-88,36899,95,30,65,0,0,0,0,0,0,0,0,-32305,0,0,0,0,0,307645,0
306170,3454,7436,416,-48,-168,-173,19532,-1,-2,-311,-88,36904,104,30,65,0,0,0,0,0,0,0,0,-32305,0,0,0,0,0,307650,0
306175,3420,7372,410,-45,-167,-180,19532,5,2,-308,-88,36904,104,30,65,0,0,0,0,0,0,0,0,-32305,0,0,0,0,0,307656,0
306180,3372,7248,392,-26,-190,-189,19533,0,-1,-307,-96,36907,115,30,65,0,0,0,0,0,0,0,0,-32305,0,0,0,0,0,307661,0
306185,3390,7194,396,-17,-201,-183,19532,-4,0,-307,-88,36907,115,30,65,0,0,0,0,0,0,0,0,-32306,0,0,0,0,0,307666,0
306190,3420,7186,400,-15,-211,-185,19532,-2,-1,-308,-88,36901,114,30,65,0,0,0,0,0,0,0,0,-32306,0,0,0,0,0,307672,0
306195,3400,7206,408,-1,-227,-190,19532,0,-1,-307,-96,36901,114,30,65,0,0,0,0,0,0,0,0,-32305,0,0,0,0,0,307677,0
306200,3432,7166,382,18,-243,-202,19532,-2,-2,-308,-96,36896,99,30,65,0,0,0,0,0,0,0,0,-32305,0,0,0,0,0,307683,0
306205,3504,7154,410,24,-249,-206,19532,0,1,-308,-96,36896,99,30,65,0,0,0,0,0,0,0,0,-32305,0,0,0,0,0,307688,0
306210,3520,7156,416,37,-257,-209,19532,3,-2,-310,-96,36896,90,30,65,0,0,0,0,0,0,0,0,-32305,0,0,0,0,0,307693,0
306215,3506,7106,404,50,-265,-212,19533,7,4,-310,-96,36896,90,30,65,0,0,0,0,0,0,0,0,-32305,0,0,0,0,0,307699,0
306220,3514,7070,392,62,-278,-199,19533,1,4,-310,-96,36897,86,30,65,0,0,0,0,0,0,0,0,-32305,0,0,0,0,0,307704,0
306225,3546,7064,396,64,-285,-195,19532,7,1,-306,-96,36897,86,30,65,0,0,0,0,0,0,0,0,-32305,0,0,0,0,0,307709,0
306230,3574,7078,402,78,-291,-189,19532,1,0,-306,-96,36897,90,30,65,0,0,0,0,0,0,0,0,-32306,0,0,0,0,0,307715,0
306235,3612,7114,430,83,-291,-183,19531,-7,-3,-308,-96,36897,90,30,65,0,0,0,0,0,0,0,0,-32305,0,0,0,0,0,307720,0
306240,3656,7148,476,93,-296,-170,19533,5,1,-309,-88,36897,106,30,65,0,0,0,0,0,0,0,0,-32305,0,0,0,0,0,307726,0
306245,3692,7124,450,91,-285,-159,19532,-3,2,-308,-88,36897,106,30,65,0,0,0,0,0,0,0,0,-32305,0,0,0,0,0,307731,0
306250,3688,7142,470,96,-287,-149,19532,-1,1,-307,-88,36899,98,30,65,0,0,0,0,0,0,0,0,-32305,0,0,0,0,0,307736,0
306255,3726,7166,498,87,-272,-132,19533,1,2,-309,-96,36899,98,30,65,0,0,0,0,0,0,0,0,-32305,0,0,0,0,0,307742,0
306260,3758,7226,496,93,-252,-103,19532,3,-2,-309,-96,36902,106,30,65,0,0,0,0,0,0,0,0,-32306,0,0,0,0,0,307747,0
306265,3758,7268,502,87,-236,-87,19532,-1,3,-310,-104,36902,106,30,65,0,0,0,0,0,0,0,0,-32305,0,0,0,0,0,307753,0
306270,3760,7240,504,78,-218,-68,19532,2,3,-313,-96,36904,103,30,65,0,0,0,0,0,0,0,0,-32306,0,0,0,0,0,307758,0
306275,3718,7270,492,78,-210,-55,19532,0,2,-311,-96,36904,103,30,65,0,0,0,0,0,0,0,0,-32305,0,0,0,0,0,307763,0
306280,3708,7232,494,69,-177,-29,19532,0,0,-306,-96,36902,107,30,65,0,0,0,0,0,0,0,0,-32305,0,0,0,0,0,307769,0
306285,3696,7254,488,69,-163,-16,19532,0,-1,-306,-104,36902,107,30,65,0,0,0,0,0,0,0,0,-32305,0,0,0,0,0,307774,0
306290,3706,7256,490,63,-153,-3,19531,-2,0,-309,-96,36901,109,30,65,0,0,0,0,0,0,0,0,-32305,0,0,0,0,0,307779,0
306295,3688,7310,472,59,-135,7,19533,2,-2,-311,-88,36901,109,30,65,0,0,0,0,0,0,0,0,-32305,0,0,0,0,0,307785,0
306300,3642,7300,434,51,-123,27,19532,-2,-2,-308,-104,36901,104,30,65,0,0,0,0,0,0,0,0,-32305,0,0,0,0,0,307790,0
306305,3598,7294,424,44,-112,30,19531,-12,4,-308,-104,36901,104,30,65,0,0,0,0,0,0,0,0,-32305,0,0,0,0,0,307796,0
306310,3548,7290,444,38,-105,40,19532,-3,-2,-311,-96,36903,109,30,65,0,0,0,0,0,0,0,0,-32305,0,0,0,0,0,307802,0
306315,3528,7278,428,43,-97,46,19532,4,-5,-307,-96,36903,109,30,65,0,0,0,0,0,0,0,0,-32306,0,0,0,0,0,307807,0
306320,3512,7334,376,30,-97,49,19532,3,-3,-310,-96,36899,106,30,65,0,0,0,0,0,0,0,0,-32305,0,0,0,0,0,307812,0
306325,3534,7362,390,30,-90,55,19532,-1,1,-308,-96,36899,106,30,65,0,0,0,0,0,0,0,0,-32305,0,0,0,0,0,307817,0
306330,3546,7340,370,20,-84,60,19533,-2,5,-307,-96,36898,106,30,65,0,0,0,0,0,0,0,0,-32305,0,0,0,0,0,307823,0
306335,3580,7376,374,21,-79,60,19532,0,0,-307,-96,36898,106,30,65,0,0,0,0,0,0,0,0,-32305,0,0,0,0,0,307829,0
306340,3556,7400,356,19,-61,59,19532,1,-3,-309,-88,36898,112,30,65,0,0,0,0,0,0,0,0,-32305,0,0,0,0,0,307834,0
306345,3548,7402,346,17,-48,65,19532,0,2,-307,-96,36898,112,30,65,0,0,0,0,0,0,0,0,-32305,0,0,0,0,0,307839,0
306350,3536,7418,356,13,-36,65,19531,-1,-2,-306,-96,36903,117,30,65,0,0,0,0,0,0,0,0,-32305,0,0,0,0,0,307845,0
306355,3532,7412,338,14,-27,71,19532,-5,2,-311,-96,36903,117,30,65,0,0,0,0,0,0,0,0,-32305,0,0,0,0,0,307850,0
306360,3510,7426,308,9,-17,77,19532,2,-1,-310,-104,36902,114,30,65,0,0,0,0,0,0,0,0,-32306,0,0,0,0,0,307856,0
306365,3514,7434,298,14,-11,80,19532,0,1,-310,-104,36902,114,30,65,0,0,0,0,0,0,0,0,-32305,0,0,0,0,0,307861,0
306370,3470,7420,278,20,-12,84,19533,-3,3,-310,-104,36905,107,30,65,0,0,0,0,0,0,0,0,-32305,0,0,0,0,0,307866,0
306375,3480,7390,292,16,-5,88,19532,7,-1,-308,-104,36905,107,30,65,0,0,0,0,0,0,0,0,-32306,0,0,0,0,0,307871,0
306380,3426,7378,254,26,-7,85,19532,-1,0,-308,-96,36908,98,30,65,0,0,0,0,0,0,0,0,-32305,0,0,0,0,0,307877,0
306385,3410,7384,238,25,-11,87,19532,-1,3,-308,-96,36908,98,30,65,0,0,0,0,0,0,0,0,-32305,0,0,0,0,0,307882,0
306390,3414,7384,212,30,-8,88,19532,0,1,-308,-96,36909,112,30,65,0,0,0,0,0,0,0,0,-32305,0,0,0,0,0,307887,0
306395,3394,7364,218,30,-12,84,19532,-1,-2,-308,-88,36909,112,30,65,0,0,0,0,0,0,0,0,-32305,0,0,0,0,0,307893,0
306400,3404,7416,200,54,-17,77,19532,2,0,-309,-96,36907,115,30,65,0,0,0,0,0,0,0,0,-32305,0,0,0,0,0,307898,0
306405,3408,7408,180,57,-22,74,19534,3,4,-308,-96,36907,115,30,65,0,0,0,0,0,0,0,0,-32305,0,0,0,0,0,307904,0
306410,3406,7410,194,68,-22,70,19532,3,1,-310,-96,36899,126,30,65,0,0,0,0,0,0,0,0,-32306,0,0,0,0,0,307909,0
306415,3368,7396,184,73,-29,70,19533,0,1,-309,-96,36899,126,30,65,0,0,0,0,0,0,0,0,-32305,0,0,0,0,0,307915,0
306420,3354,7418,164,83,-41,71,19532,0,2,-309,-96,36900,101,30,65,0,0,0,0,0,0,0,0,-32305,0,0,0,0,0,307920,0
306425,3334,7420,178,101,-55,64,19532,-3,-1,-309,-96,36900,101,30,65,0,0,0,0,0,0,0,0,-32306,0,0,0,0,0,307925,0
306430,3352,7406,156,103,-60,68,19532,-2,-3,-308,-88,36909,101,30,65,0,0,0,0,0,0,0,0,-32305,0,0,0,0,0,307931,0
306435,3366,7386,156,115,-70,59,19532,0,0,-309,-96,36909,101,30,65,0,0,0,0,0,0,0,0,-32305,0,0,0,0,0,307936,0
306440,3344,7342,184,138,-91,54,19533,5,0,-310,-88,36922,102,30,65,0,0,0,0,0,0,0,0,-32305,0,0,0,0,0,307941,0
306445,3326,7340,168,141,-98,51,19532,-1,-4,-309,-88,36922,102,30,65,0,0,0,0,0,0,0,0,-32305,0,0,0,0,0,307947,0
306450,3354,7336,184,158,-106,52,19532,0,2,-308,-88,36919,107,30,65,0,0,0,0,0,0,0,0,-32305,0,0,0,0,0,307952,0
306455,3376,7344,186,164,-109,52,19532,7,-1,-308,-88,36919,107,30,65,0,0,0,0,0,0,0,0,-32306,0,0,0,0,0,307958,0
306460,3388,7316,210,186,-115,45,19532,5,2,-307,-96,36914,111,30,65,0,0,0,0,0,0,0,0,-32305,0,0,0,0,0,307963,0
306465,3442,7314,208,184,-113,40,19533,0,3,-309,-96,36914,111,30,65,0,0,0,0,0,0,0,0,-32305,0,0,0,0,0,307968,0
306470,3430,7330,224,199,-112,40,19531,-5,-2,-311,-96,36905,104,30,65,0,0,0,0,0,0,0,0,-32305,0,0,0,0,0,307974,0
306475,3450,7320,260,204,-110,40,19532,-9,-1,-309,-96,36905,104,30,65,0,0,0,0,0,0,0,0,-32306,0,0,0,0,0,307979,0
306480,3414,7290,290,214,-112,40,19533,1,2,-308,-96,36907,125,30,65,0,0,0,0,0,0,0,0,-32305,0,0,0,0,0,307984,0
306485,3402,7264,274,223,-105,40,19532,6,-4,-307,-96,36907,125,30,65,0,0,0,0,0,0,0,0,-32305,0,0,0,0,0,307990,0
306490,3416,7240,318,229,-111,35,19531,-1,-1,-307,-96,36904,125,30,65,0,0,0,0,0,0,0,0,-32305,0,0,0,0,0,307995,0
306495,3430,7276,316,227,-104,46,19531,-6,1,-307,-96,36904,125,30,65,0,0,0,0,0,0,0,0,-32305,0,0,0,0,0,308001,0
306500,3418,7354,340,237,-100,45,19533,5,3,-308,-104,36902,119,30,65,0,0,0,0,0,0,0,0,-32305,0,0,0,0,0,308006,0
306505,3444,7368,352,238,-98,43,19532,0,-3,-309,-96,36902,119,30,65,0,0,0,0,0,0,0,0,-32305,0,0,0,0,0,308011,0
306510,3400,7390,372,238,-100,41,19533,3,0,-310,-96,36901,113,30,65,0,0,0,0,0,0,0,0,-32305,0,0,0,0,0,308017,0
306515,3412,7378,374,241,-99,45,19532,0,1,-310,-96,36901,113,30,65,0,0,0,0,0,0,0,0,-32305,0,0,0,0,0,308023,0
306520,3394,7382,412,243,-90,49,19532,0,-6,-310,-104,36902,104,30,65,0,0,0,0,0,0,0,0,-32305,0,0,0,0,0,308029,0
306525,3402,7382,396,248,-96,49,19533,4,3,-310,-104,36902,104,30,65,0,0,0,0,0,0,0,0,-32305,0,0,0,0,0,308033,0
306530,3414,7418,412,245,-97,51,19532,-1,3,-309,-88,36899,110,30,65,0,0,0,0,0,0,0,0,-32305,0,0,0,0,0,308040,0
306535,3422,7430,416,245,-92,48,19532,3,0,-309,-88,36899,110,30,65,0,0,0,0,0,0,0,0,-32305,0,0,0,0,0,308045,0
306540,3438,7444,466,235,-95,45,19533,5,-3,-307,-88,36896,110,30,65,0,0,0,0,0,0,0,0,-32305,0,0,0,0,0,308050,0
306545,3428,7490,454,243,-98,39,19532,-3,-1,-307,-88,36896,110,30,65,0,0,0,0,0,0,0,0,-32305,0,0,0,0,0,308055,0
306550,3378,7486,464,229,-99,42,19531,0,0,-308,-88,36898,104,30,65,0,0,0,0,0,0,0,0,-32305,0,0,0,0,0,308061,0
306555,3414,7486,510,231,-99,47,19532,-5,-3,-309,-96,36898,104,30,65,0,0,0,0,0,0,0,0,-32305,0,0,0,0,0,308066,0
306560,3444,7452,514,221,-100,48,19532,-1,-2,-309,-96,36900,104,30,65,0,0,0,0,0,0,0,0,-32305,0,0,0,0,0,308070,0
306565,3468,7468,496,210,-97,48,19532,-2,-1,-310,-96,36900,104,30,65,0,0,0,0,0,0,0,0,-32305,0,0,0,0,0,308075,0
306570,3504,7442,528,204,-97,43,19532,-1,2,-310,-104,36902,105,30,65,0,0,0,0,0,0,0,0,-32305,0,0,0,0,0,308080,0
306575,3488,7430,540,200,-87,47,19532,1,-1,-309,-96,36902,105,30,65,0,0,0,0,0,0,0,0,-32305,0,0,0,0,0,308085,0
306580,3512,7402,542,185,-70,46,19534,5,2,-307,-96,36905,110,30,65,0,0,0,0,0,0,0,0,-32305,0,0,0,0,0,308090,0
306585,3538,7378,524,182,-55,46,19531,-1,0,-308,-104,36905,110,30,65,0,0,0,0,0,0,0,0,-32305,0,0,0,0,0,308093,0
306590,3522,7352,534,178,-47,49,19533,6,-2,-310,-96,36907,99,30,65,0,0,0,0,0,0,0,0,-32305,0,0,0,0,0,308097,0
306595,3504,7340,522,175,-36,47,19533,3,-2,-308,-88,36907,99,30,65,0,0,0,0,0,0,0,0,-32305,0,0,0,0,0,308102,0
306600,3458,7356,506,169,-17,48,19532,0,1,-309,-96,36914,102,30,65,0,0,0,0,0,0,0,0,-32305,0,0,0,0,0,308102,0
306605,3442,7352,510,163,-12,52,19532,-6,-6,-308,-96,36914,102,30,65,0,0,0,0,0,0,0,0,-32306,0,0,0,0,0,308104,0
306610,3426,7382,480,159,-6,54,19532,-3,-2,-309,-96,36919,104,30,65,0,0,0,0,0,0,0,0,-32305,0,0,0,0,0,308107,0
306615,3410,7380,470,161,-8,53,19532,0,2,-310,-96,36919,104,30,65,0,0,0,0,0,0,0,0,-32305,0,0,0,0,0,308112,0
306620,3366,7406,432,155,-8,54,19533,2,2,-310,-104,36917,102,30,65,0,0,0,0,0,0,0,0,-32306,0,0,0,0,0,308112,0
306625,3350,7466,444,156,-3,53,19532,0,1,-311,-96,36917,102,30,65,0,0,0,0,0,0,0,0,-32305,0,0,0,0,0,308116,0
306630,3364,7472,450,156,-10,51,19532,-6,2,-308,-96,36913,107,30,65,0,0,0,0,0,0,0,0,-32305,0,0,0,0,0,308117,0
306635,3370,7446,452,155,-14,49,19532,-2,0,-308,-104,36913,107,30,65,0,0,0,0,0,0,0,0,-32305,0,0,0,0,0,308120,0
306640,3346,7426,420,160,-30,49,19532,0,-1,-308,-96,36913,90,30,65,0,0,0,0,0,0,0,0,-32305,0,0,0,0,0,308122,0
306645,3362,7430,434,167,-37,50,19531,-5,5,-309,-96,36913,90,30,65,0,0,0,0,0,0,0,0,-32305,0,0,0,0,0,308126,0
