state_time,accelx,accely,accelz,gyrox,gyroy,gyroz,mot_ang,mot_vel,mot_acc,mot_cur,mot_volt,batt_volt,batt_curr,temperature,status_mn,status_ex,status_re,genvar_0,genvar_1,genvar_2,genvar_3,genvar_4,genvar_5,genvar_6,genvar_7,genvar_8,genvar_9,ank_ang,ank_vel,sys_time,event flags
153979,996,8026,700,66,0,31,20453,-2,-2,-3,0,37081,160,30,66,0,0,0,0,0,0,0,0,-32306,0,0,0,0,0,1309,0
153984,990,8052,694,65,8,27,20455,6,6,-2,0,37075,165,30,66,0,0,0,0,0,0,0,0,-32306,0,0,0,0,0,153984,0
153989,990,8056,688,66,1,29,20455,2,2,-2,0,37075,165,30,66,0,0,0,0,0,0,0,0,-32305,0,0,0,0,0,153989,0
153994,988,8028,666,70,0,31,20454,-4,1,-3,0,37065,153,30,66,0,0,0,0,0,0,0,0,-32305,0,0,0,0,0,153994,0
153999,1000,8080,692,69,4,23,20454,0,3,-3,0,37065,153,30,66,0,0,0,0,0,0,0,0,-32305,0,0,0,0,0,153999,0
154004,964,8042,664,70,7,26,20453,-5,-1,-3,0,37061,151,30,66,0,0,0,0,0,0,0,0,-32306,0,0,0,0,0,154004,0
154009,988,8066,688,73,6,26,20454,-1,2,-5,0,37061,151,30,66,0,0,0,0,0,0,0,0,-32305,0,0,0,0,0,154009,0
154014,972,8026,674,69,2,24,20454,4,2,-5,0,37057,146,30,66,0,0,0,0,0,0,0,0,-32306,0,0,0,0,0,154014,0
154019,974,8040,714,65,2,24,20453,-2,-1,-2,0,37057,146,30,66,0,0,0,0,0,0,0,0,-32306,0,0,0,0,0,154019,0
154024,1000,8024,682,63,7,23,20454,2,4,-3,0,37055,147,30,66,0,0,0,0,0,0,0,0,-32306,0,0,0,0,0,154024,0
154029,982,8034,724,71,4,24,20454,-5,-2,-4,0,37055,147,30,66,0,0,0,0,0,0,0,0,-32306,0,0,0,0,0,154029,0
154034,1012,8038,694,61,4,30,20454,-1,1,-2,0,37055,147,30,66,0,0,0,0,0,0,0,0,-32305,0,0,0,0,0,154034,0
154039,988,8032,712,73,4,24,20454,4,-1,-2,0,37055,147,30,66,0,0,0,0,0,0,0,0,-32305,0,0,0,0,0,154040,0
154044,984,8030,706,71,3,23,20455,-1,2,-2,0,37054,149,30,66,0,0,0,0,0,0,0,0,-32306,0,0,0,0,0,154044,0
154049,1004,8022,700,65,-1,21,20453,-5,0,-2,0,37054,149,30,66,0,0,0,0,0,0,0,0,-32305,0,0,0,0,0,154049,0
154054,974,8024,698,72,9,26,20454,7,2,-4,0,37052,149,30,66,0,0,0,0,0,0,0,0,-32305,0,0,0,0,0,154054,0
154059,988,8016,698,67,2,25,20454,-1,-4,-3,0,37052,149,30,66,0,0,0,0,0,0,0,0,-32305,0,0,0,0,0,154059,0
154064,982,8024,702,69,0,24,20455,10,3,-2,0,37055,140,30,66,0,0,0,0,0,0,0,0,-32306,0,0,0,0,0,154064,0
154069,976,8024,718,69,-2,23,20454,1,0,-1,0,37055,140,30,66,0,0,0,0,0,0,0,0,-32305,0,0,0,0,0,154069,0
154074,950,8058,686,70,-2,21,20453,-1,-3,-2,0,37058,149,30,66,0,0,0,0,0,0,0,0,-32306,0,0,0,0,0,154074,0
154079,966,8050,700,66,-4,19,20454,0,-6,-2,0,37058,149,30,66,0,0,0,0,0,0,0,0,-32306,0,0,0,0,0,154079,0
154084,964,8036,668,71,-1,22,20454,0,0,-2,0,37062,145,30,66,0,0,0,0,0,0,0,0,-32306,0,0,0,0,0,154084,0
154089,952,8050,666,70,1,26,20454,0,-1,-3,0,37062,145,30,66,0,0,0,0,0,0,0,0,-32305,0,0,0,0,0,154089,0
154094,958,8052,664,78,-2,20,20453,-2,2,-3,0,37060,158,30,66,0,0,0,0,0,0,0,0,-32306,0,0,0,0,0,154094,0
154099,960,8052,692,71,-10,21,20454,1,-1,-3,0,37060,158,30,66,0,0,0,0,0,0,0,0,-32305,0,0,0,0,0,154099,0
154104,972,8042,690,70,-9,24,20453,0,-1,-3,0,37052,147,30,66,0,0,0,0,0,0,0,0,-32306,0,0,0,0,0,154104,0
154109,982,8050,666,76,-3,20,20455,3,1,-4,0,37052,147,30,66,0,0,0,0,0,0,0,0,-32306,0,0,0,0,0,154109,0
154114,960,8042,694,63,-4,22,20453,-1,0,-2,0,37057,145,30,66,0,0,0,0,0,0,0,0,-32305,0,0,0,0,0,154114,0
154119,974,8034,682,70,-6,20,20454,5,3,-2,0,37057,145,30,66,0,0,0,0,0,0,0,0,-32305,0,0,0,0,0,154119,0
154124,960,8038,694,67,-8,21,20454,0,-4,-3,0,37070,148,30,66,0,0,0,0,0,0,0,0,-32305,0,0,0,0,0,154124,0
154129,972,8036,686,73,-9,25,20453,-3,2,-3,0,37070,148,30,66,0,0,0,0,0,0,0,0,-32306,0,0,0,0,0,154129,0
154134,980,8046,700,65,-6,26,20454,0,-1,-3,0,37082,153,30,66,0,0,0,0,0,0,0,0,-32305,0,0,0,0,0,154134,0
154139,984,8032,688,65,-5,20,20454,1,-2,-4,0,37082,153,30,66,0,0,0,0,0,0,0,0,-32306,0,0,0,0,0,154139,0
154144,980,8036,682,68,-7,23,20453,-1,0,-4,0,37075,164,30,66,0,0,0,0,0,0,0,0,-32306,0,0,0,0,0,154144,0
154149,986,8040,700,73,-6,21,20453,-3,0,-3,0,37075,164,30,66,0,0,0,0,0,0,0,0,-32305,0,0,0,0,0,154149,0
154154,1000,8024,676,68,-7,20,20453,1,0,-5,0,37063,153,30,66,0,0,0,0,0,0,0,0,-32305,0,0,0,0,0,154154,0
154159,990,8064,696,67,-7,17,20454,11,4,-3,0,37063,153,30,66,0,0,0,0,0,0,0,0,-32306,0,0,0,0,0,154159,0
154164,966,8064,704,68,-10,30,20452,-2,1,-3,0,37054,156,30,66,0,0,0,0,0,0,0,0,-32305,0,0,0,0,0,154164,0
154169,988,8056,686,65,-7,25,20453,-3,3,-2,0,37054,156,30,66,0,0,0,0,0,0,0,0,-32305,0,0,0,0,0,154169,0
154174,986,8042,698,67,-9,21,20454,2,2,-2,0,37059,159,30,66,0,0,0,0,0,0,0,0,-32306,0,0,0,0,0,154174,0
154179,980,8054,672,73,-7,25,20453,-4,2,-4,0,37059,159,30,66,0,0,0,0,0,0,0,0,-32305,0,0,0,0,0,154179,0
154184,974,8044,682,72,-9,17,20455,5,-1,-2,0,37057,153,30,66,0,0,0,0,0,0,0,0,-32306,0,0,0,0,0,154184,0
154189,960,8042,708,72,-8,23,20454,0,-1,-3,0,37057,153,30,66,0,0,0,0,0,0,0,0,-32306,0,0,0,0,0,154189,0
154194,962,8022,688,69,-10,20,20453,-4,3,-2,0,37053,144,30,66,0,0,0,0,0,0,0,0,-32306,0,0,0,0,0,154194,0
154199,980,8040,706,69,-2,22,20453,0,-1,-3,0,37053,144,30,66,0,0,0,0,0,0,0,0,-32305,0,0,0,0,0,154199,0
154204,978,8032,678,71,-3,18,20455,6,2,-3,0,37055,151,30,66,0,0,0,0,0,0,0,0,-32306,0,0,0,0,0,154204,0
154209,974,8050,684,72,-9,26,20454,1,2,-4,0,37055,151,30,66,0,0,0,0,0,0,0,0,-32306,0,0,0,0,0,154209,0
154214,948,8044,676,71,-4,24,20453,-1,1,-3,0,37055,149,30,66,0,0,0,0,0,0,0,0,-32305,0,0,0,0,0,154214,0
154219,990,8030,670,76,-3,24,20454,4,1,-2,0,37055,149,30,66,0,0,0,0,0,0,0,0,-32306,0,0,0,0,0,154219,0
154224,964,8032,686,71,-8,22,20455,2,-4,-4,0,37054,149,30,66,0,0,0,0,0,0,0,0,-32305,0,0,0,0,0,154224,0
154229,970,8034,674,70,-5,17,20454,5,2,-2,0,37054,149,30,66,0,0,0,0,0,0,0,0,-32305,0,0,0,0,0,154229,0
154234,986,8036,700,67,-2,22,20454,3,0,-2,0,37053,145,30,66,0,0,0,0,0,0,0,0,-32306,0,0,0,0,0,154234,0
154239,982,8038,672,71,-2,20,20454,1,-5,-1,0,37053,145,30,66,0,0,0,0,0,0,0,0,-32305,0,0,0,0,0,154239,0
154244,970,8030,672,77,-2,16,20454,2,-3,-3,0,37055,147,30,66,0,0,0,0,0,0,0,0,-32305,0,0,0,0,0,154244,0
154249,976,8036,672,73,-3,23,20454,3,2,-2,0,37055,147,30,66,0,0,0,0,0,0,0,0,-32305,0,0,0,0,0,154249,0
154254,974,8042,692,70,-3,16,20453,0,-2,-2,0,37056,150,30,66,0,0,0,0,0,0,0,0,-32305,0,0,0,0,0,154254,0
154259,950,8052,700,70,2,21,20454,1,3,-4,0,37056,150,30,66,0,0,0,0,0,0,0,0,-32305,0,0,0,0,0,154259,0
154264,984,8042,678,66,4,23,20454,0,-1,-2,0,37056,154,30,66,0,0,0,0,0,0,0,0,-32306,0,0,0,0,0,154264,0
154269,992,8042,704,68,1,20,20453,0,6,-3,0,37056,154,30,66,0,0,0,0,0,0,0,0,-32306,0,0,0,0,0,154271,0
154274,950,8030,696,68,3,19,20454,0,2,-4,0,37049,151,30,66,0,0,0,0,0,0,0,0,-32306,0,0,0,0,0,154274,0
154279,974,8022,688,69,4,24,20453,-2,1,-4,0,37049,151,30,66,0,0,0,0,0,0,0,0,-32305,0,0,0,0,0,154279,0
154284,972,8022,708,72,0,19,20454,0,2,-3,0,37051,152,30,66,0,0,0,0,0,0,0,0,-32305,0,0,0,0,0,154284,0
154289,972,8026,704,71,6,22,20453,-11,-1,-2,0,37051,152,30,66,0,0,0,0,0,0,0,0,-32306,0,0,0,0,0,154289,0
154294,976,8052,680,71,2,21,20453,0,2,-3,0,37054,155,30,66,0,0,0,0,0,0,0,0,-32305,0,0,0,0,0,154294,0
154299,970,8040,698,73,5,22,20455,9,-2,-1,0,37054,155,30,66,0,0,0,0,0,0,0,0,-32307,0,0,0,0,0,154299,0
154304,988,8034,688,70,7,19,20454,5,1,-3,0,37060,150,30,66,0,0,0,0,0,0,0,0,-32306,0,0,0,0,0,154304,0
154309,968,8034,700,76,10,24,20454,3,2,-3,0,37060,150,30,66,0,0,0,0,0,0,0,0,-32305,0,0,0,0,0,154309,0
154314,950,8072,702,70,5,21,20454,0,0,-3,0,37059,150,30,66,0,0,0,0,0,0,0,0,-32305,0,0,0,0,0,154314,0
154319,964,8050,690,68,7,21,20453,-2,1,-2,0,37059,150,30,66,0,0,0,0,0,0,0,0,-32305,0,0,0,0,0,154319,0
154324,978,8054,700,66,10,18,20453,-1,-3,-3,0,37058,141,30,66,0,0,0,0,0,0,0,0,-32305,0,0,0,0,0,154324,0
154329,974,8062,676,72,7,24,20453,0,-3,-4,0,37058,141,30,66,0,0,0,0,0,0,0,0,-32306,0,0,0,0,0,154329,0
154334,956,8060,682,75,5,24,20454,-3,0,-2,0,37056,137,30,66,0,0,0,0,0,0,0,0,-32305,0,0,0,0,0,154334,0
154339,972,8020,686,69,7,24,20454,-2,-1,-2,0,37056,137,30,66,0,0,0,0,0,0,0,0,-32305,0,0,0,0,0,154339,0
154344,936,8046,696,75,8,25,20454,1,4,-3,0,37058,152,30,66,0,0,0,0,0,0,0,0,-32305,0,0,0,0,0,154344,0
154349,960,8044,702,71,8,22,20454,0,-4,-2,0,37058,152,30,66,0,0,0,0,0,0,0,0,-32305,0,0,0,0,0,154349,0
154354,960,8050,684,67,9,26,20454,4,-2,-3,0,37055,149,30,66,0,0,0,0,0,0,0,0,-32305,0,0,0,0,0,154354,0
154359,976,8020,684,76,9,24,20454,3,1,-5,0,37055,149,30,66,0,0,0,0,0,0,0,0,-32306,0,0,0,0,0,154359,0
154364,946,8030,686,70,5,24,20453,-4,2,-4,0,37051,151,30,66,0,0,0,0,0,0,0,0,-32306,0,0,0,0,0,154364,0
154369,964,8034,692,74,5,25,20454,2,0,-4,0,37051,151,30,66,0,0,0,0,0,0,0,0,-32306,0,0,0,0,0,154369,0
154374,982,8018,700,71,9,19,20453,0,3,-4,0,37053,154,30,66,0,0,0,0,0,0,0,0,-32305,0,0,0,0,0,154374,0
154379,938,8046,710,69,9,25,20454,5,-2,-3,0,37053,154,30,66,0,0,0,0,0,0,0,0,-32305,0,0,0,0,0,154379,0
154384,928,8028,698,79,10,26,20454,0,2,0,0,37057,144,30,66,0,0,0,0,0,0,0,0,-32305,0,0,0,0,0,154384,0
154389,948,8036,686,71,11,26,20453,0,5,0,0,37057,144,30,66,0,0,0,0,0,0,0,0,-32305,0,0,0,0,0,154389,0
154394,954,8028,682,72,5,22,20453,-2,-2,-2,0,37057,148,30,66,0,0,0,0,0,0,0,0,-32305,0,0,0,0,0,154394,0
154399,962,8050,694,73,-1,25,20454,-1,1,-4,0,37057,148,30,66,0,0,0,0,0,0,0,0,-32306,0,0,0,0,0,154399,0
154404,934,8034,704,67,2,26,20453,3,0,-3,0,37054,139,30,66,0,0,0,0,0,0,0,0,-32305,0,0,0,0,0,154404,0
154409,934,8050,696,71,4,22,20453,-1,1,-3,0,37054,139,30,66,0,0,0,0,0,0,0,0,-32305,0,0,0,0,0,154409,0
154414,950,8042,706,66,-4,26,20455,3,-1,-2,0,37052,134,30,66,0,0,0,0,0,0,0,0,-32305,0,0,0,0,0,154414,0
154419,968,8036,694,72,-2,26,20454,3,3,-4,0,37052,134,30,66,0,0,0,0,0,0,0,0,-32306,0,0,0,0,0,154419,0
154424,948,8044,676,65,-6,24,20454,1,4,-4,0,37055,139,30,66,0,0,0,0,0,0,0,0,-32305,0,0,0,0,0,154424,0
154429,972,8038,688,68,-2,29,20454,3,-4,-3,0,37055,139,30,66,0,0,0,0,0,0,0,0,-32305,0,0,0,0,0,154429,0
154434,938,8062,690,68,-10,28,20453,0,0,-2,0,37057,151,30,66,0,0,0,0,0,0,0,0,-32305,0,0,0,0,0,154434,0
154439,944,8070,682,68,-5,29,20454,3,-1,-3,0,37057,151,30,66,0,0,0,0,0,0,0,0,-32306,0,0,0,0,0,154439,0
154444,932,8056,676,67,-8,30,20454,0,-1,-3,0,37053,155,30,66,0,0,0,0,0,0,0,0,-32306,0,0,0,0,0,154444,0
154449,942,8058,690,69,-10,25,20454,0,0,-2,0,37053,155,30,66,0,0,0,0,0,0,0,0,-32306,0,0,0,0,0,154449,0
154454,946,8042,688,69,-11,23,20453,-5,1,-3,0,37053,155,30,66,0,0,0,0,0,0,0,0,-32305,0,0,0,0,0,154454,0
154459,978,8066,686,67,-15,26,20454,0,-2,-4,0,37053,155,30,66,0,0,0,0,0,0,0,0,-32305,0,0,0,0,0,154459,0
154464,932,8054,674,62,-10,27,20454,0,-1,-2,0,37058,155,30,66,0,0,0,0,0,0,0,0,-32305,0,0,0,0,0,154464,0
154469,970,8042,672,68,-11,32,20454,-4,3,-3,0,37058,155,30,66,0,0,0,0,0,0,0,0,-32306,0,0,0,0,0,154469,0
154474,966,8036,694,71,-15,31,20454,0,0,-3,0,37059,155,30,66,0,0,0,0,0,0,0,0,-32305,0,0,0,0,0,154474,0
154479,968,8034,708,74,-8,24,20454,-1,-2,-2,0,37059,155,30,66,0,0,0,0,0,0,0,0,-32305,0,0,0,0,0,154479,0
154484,964,8038,698,74,-9,25,20454,4,0,-2,0,37056,161,30,66,0,0,0,0,0,0,0,0,-32305,0,0,0,0,0,154484,0
154489,966,8038,702,70,-9,29,20454,-5,-1,-2,0,37056,161,30,66,0,0,0,0,0,0,0,0,-32305,0,0,0,0,0,154489,0
154494,974,8050,704,66,-13,25,20454,0,1,0,0,37055,154,30,66,0,0,0,0,0,0,0,0,-32305,0,0,0,0,0,154494,0
154499,980,8032,698,77,-8,33,20454,5,0,-1,0,37055,154,30,66,0,0,0,0,0,0,0,0,-32305,0,0,0,0,0,154499,0
154504,950,8030,696,73,-11,35,20455,-1,2,-2,0,37056,151,30,66,0,0,0,0,0,0,0,0,-32305,0,0,0,0,0,154504,0
154509,984,8022,692,66,-11,32,20455,4,-3,-3,0,37056,151,30,66,0,0,0,0,0,0,0,0,-32306,0,0,0,0,0,154509,0
154514,972,8016,684,64,-13,31,20453,0,0,-4,0,37059,151,30,66,0,0,0,0,0,0,0,0,-32305,0,0,0,0,0,154514,0
154519,944,8034,682,69,-11,29,20455,4,-4,-4,0,37059,151,30,66,0,0,0,0,0,0,0,0,-32305,0,0,0,0,0,154519,0
154524,958,8048,698,73,-11,30,20454,4,-2,-5,0,37056,148,30,66,0,0,0,0,0,0,0,0,-32305,0,0,0,0,0,154524,0
154529,990,8050,702,74,-14,33,20454,2,5,-4,0,37056,148,30,66,0,0,0,0,0,0,0,0,-32306,0,0,0,0,0,154529,0
154534,946,8046,708,67,-14,34,20454,-6,-4,-3,0,37058,152,30,66,0,0,0,0,0,0,0,0,-32305,0,0,0,0,0,154534,0
154539,976,8060,708,74,-4,33,20454,3,-3,-2,0,37058,152,30,66,0,0,0,0,0,0,0,0,-32305,0,0,0,0,0,154539,0
154544,956,8058,696,73,-11,29,20454,-2,-1,-3,0,37061,144,30,66,0,0,0,0,0,0,0,0,-32305,0,0,0,0,0,154544,0
154549,964,8040,696,69,-10,32,20454,-1,-5,-3,0,37061,144,30,66,0,0,0,0,0,0,0,0,-32305,0,0,0,0,0,154549,0
154554,964,8044,708,74,-8,31,20453,-4,-5,-3,0,37060,136,30,66,0,0,0,0,0,0,0,0,-32306,0,0,0,0,0,154554,0
154559,968,8044,680,71,-10,33,20454,2,3,-4,0,37060,136,30,66,0,0,0,0,0,0,0,0,-32305,0,0,0,0,0,154559,0
154564,960,8050,694,73,-12,34,20453,1,-2,-4,0,37056,144,30,66,0,0,0,0,0,0,0,0,-32305,0,0,0,0,0,154564,0
154569,952,8058,688,70,-10,29,20454,-6,4,-3,0,37056,144,30,66,0,0,0,0,0,0,0,0,-32306,0,0,0,0,0,154569,0
154574,984,8034,692,75,-4,33,20454,2,-2,-3,0,37055,143,30,66,0,0,0,0,0,0,0,0,-32306,0,0,0,0,0,154574,0
154579,974,8054,710,74,-2,32,20454,5,-1,-3,0,37055,143,30,66,0,0,0,0,0,0,0,0,-32306,0,0,0,0,0,154579,0
154584,936,8012,686,75,-10,33,20453,0,1,-3,0,37053,143,30,66,0,0,0,0,0,0,0,0,-32306,0,0,0,0,0,154584,0
154589,996,8062,706,71,-5,34,20453,-1,-1,-3,0,37053,143,30,66,0,0,0,0,0,0,0,0,-32305,0,0,0,0,0,154589,0
154594,976,8034,692,72,-3,36,20455,4,6,-2,0,37055,146,30,66,0,0,0,0,0,0,0,0,-32306,0,0,0,0,0,154594,0
154599,968,8032,692,69,-4,30,20453,-1,-1,-4,0,37055,146,30,66,0,0,0,0,0,0,0,0,-32305,0,0,0,0,0,154599,0
154604,948,8032,690,65,-4,37,20454,-3,3,-6,0,37063,158,30,66,0,0,0,0,0,0,0,0,-32305,0,0,0,0,0,154604,0
154609,990,8036,688,73,0,36,20453,0,3,-4,0,37063,158,30,66,0,0,0,0,0,0,0,0,-32305,0,0,0,0,0,154609,0
154614,962,8024,704,66,-1,33,20453,-6,-2,-3,0,37060,165,30,66,0,0,0,0,0,0,0,0,-32305,0,0,0,0,0,154614,0
154619,964,8034,700,69,0,29,20453,3,-1,-2,0,37060,165,30,66,0,0,0,0,0,0,0,0,-32305,0,0,0,0,0,154619,0
154624,980,8030,688,71,-10,34,20453,1,-1,-3,0,37059,155,30,66,0,0,0,0,0,0,0,0,-32305,0,0,0,0,0,154624,0
154629,980,8036,688,78,-1,27,20453,-3,-1,-2,0,37059,155,30,66,0,0,0,0,0,0,0,0,-32305,0,0,0,0,0,154629,0
154634,978,8018,702,71,-3,36,20454,0,3,-2,0,37053,146,30,66,0,0,0,0,0,0,0,0,-32306,0,0,0,0,0,154634,0
154639,954,8040,698,68,-3,31,20453,0,0,-2,0,37053,146,30,66,0,0,0,0,0,0,0,0,-32306,0,0,0,0,0,154639,0
154644,952,8040,716,68,-7,33,20454,0,1,-3,0,37055,152,30,66,0,0,0,0,0,0,0,0,-32306,0,0,0,0,0,154644,0
154649,958,8044,708,72,-11,34,20452,-2,-3,-3,0,37055,152,30,66,0,0,0,0,0,0,0,0,-32305,0,0,0,0,0,154649,0
154654,966,8040,718,70,-13,34,20454,3,3,-4,0,37052,151,30,66,0,0,0,0,0,0,0,0,-32305,0,0,0,0,0,154654,0
154659,940,8044,710,74,-11,29,20454,0,3,-4,0,37052,151,30,66,0,0,0,0,0,0,0,0,-32306,0,0,0,0,0,154659,0
154664,976,8062,696,76,-11,34,20453,-1,3,-3,0,37052,143,30,66,0,0,0,0,0,0,0,0,-32305,0,0,0,0,0,154664,0
154669,950,8046,702,73,-12,31,20453,-1,-3,-4,0,37052,143,30,66,0,0,0,0,0,0,0,0,-32305,0,0,0,0,0,154669,0
154674,962,8066,696,75,-11,34,20452,-10,-4,-3,0,37053,136,30,66,0,0,0,0,0,0,0,0,-32305,0,0,0,0,0,154674,0
154679,948,8078,682,72,-17,33,20452,0,-3,-3,0,37053,136,30,66,0,0,0,0,0,0,0,0,-32305,0,0,0,0,0,154679,0
154684,964,8082,722,75,-12,35,20454,0,-1,-2,0,37056,147,30,66,0,0,0,0,0,0,0,0,-32306,0,0,0,0,0,154684,0
154689,948,8050,696,71,-14,35,20452,-3,-1,-2,0,37056,147,30,66,0,0,0,0,0,0,0,0,-32305,0,0,0,0,0,154689,0
154694,944,8036,704,71,-14,30,20454,0,2,-2,0,37053,148,30,66,0,0,0,0,0,0,0,0,-32305,0,0,0,0,0,154694,0
154699,952,8046,702,77,-19,32,20453,-6,0,-1,0,37053,148,30,66,0,0,0,0,0,0,0,0,-32306,0,0,0,0,0,154699,0
154704,962,8012,698,73,-17,31,20454,-1,0,-5,0,37052,146,30,66,0,0,0,0,0,0,0,0,-32305,0,0,0,0,0,154704,0
154709,940,8028,676,78,-15,37,20453,0,-1,-3,0,37052,146,30,66,0,0,0,0,0,0,0,0,-32305,0,0,0,0,0,154709,0
154714,984,8028,686,73,-16,34,20454,0,0,-3,0,37054,139,30,66,0,0,0,0,0,0,0,0,-32305,0,0,0,0,0,154714,0
154719,932,8018,686,74,-13,35,20455,8,2,-3,0,37054,139,30,66,0,0,0,0,0,0,0,0,-32305,0,0,0,0,0,154719,0
154724,980,8022,670,75,-9,36,20454,-1,2,-2,0,37059,143,30,66,0,0,0,0,0,0,0,0,-32305,0,0,0,0,0,154724,0
154729,986,8028,684,74,-15,37,20452,1,2,-3,0,37059,143,30,66,0,0,0,0,0,0,0,0,-32305,0,0,0,0,0,154729,0
154734,980,8010,680,75,-14,37,20453,-2,-2,-2,0,37056,161,30,66,0,0,0,0,0,0,0,0,-32305,0,0,0,0,0,154734,0
154739,994,8032,702,74,-11,33,20453,0,1,-1,0,37056,161,30,66,0,0,0,0,0,0,0,0,-32305,0,0,0,0,0,154739,0
154744,958,8054,686,68,-10,36,20453,0,0,-2,0,37051,159,30,66,0,0,0,0,0,0,0,0,-32305,0,0,0,0,0,154744,0
154749,980,8022,694,69,-18,36,20453,-1,1,-2,0,37051,159,30,66,0,0,0,0,0,0,0,0,-32305,0,0,0,0,0,154749,0
154754,984,8038,692,73,-12,34,20452,1,-2,-2,0,37051,161,30,66,0,0,0,0,0,0,0,0,-32305,0,0,0,0,0,154754,0
154759,986,8024,690,65,-17,34,20454,0,0,-3,0,37051,161,30,66,0,0,0,0,0,0,0,0,-32306,0,0,0,0,0,154759,0
154764,974,8002,674,70,-16,35,20453,-1,5,-2,0,37058,150,30,66,0,0,0,0,0,0,0,0,-32306,0,0,0,0,0,154764,0
154769,964,8030,708,75,-15,38,20453,-3,0,-3,0,37058,150,30,66,0,0,0,0,0,0,0,0,-32306,0,0,0,0,0,154769,0
154774,986,8038,704,73,-17,33,20453,0,-2,-4,0,37061,154,30,66,0,0,0,0,0,0,0,0,-32305,0,0,0,0,0,154774,0
154779,982,8020,688,70,-17,39,20453,0,-3,-3,0,37061,154,30,66,0,0,0,0,0,0,0,0,-32305,0,0,0,0,0,154780,0
154784,996,8068,688,70,-17,37,20452,-1,-2,-2,0,37054,157,30,66,0,0,0,0,0,0,0,0,-32305,0,0,0,0,0,154785,0
154789,1014,8054,682,70,-17,33,20454,1,0,-2,0,37054,157,30,66,0,0,0,0,0,0,0,0,-32305,0,0,0,0,0,154790,0
154794,996,8048,680,75,-21,35,20453,-1,0,-3,0,37049,154,30,66,0,0,0,0,0,0,0,0,-32306,0,0,0,0,0,154795,0
154799,1000,8030,682,68,-26,31,20453,-5,2,-3,0,37049,154,30,66,0,0,0,0,0,0,0,0,-32306,0,0,0,0,0,154800,0
154804,966,8048,698,77,-19,33,20452,0,-6,-2,0,37049,156,30,66,0,0,0,0,0,0,0,0,-32305,0,0,0,0,0,154805,0
154809,982,8060,696,74,-20,30,20452,1,-3,-2,0,37049,156,30,66,0,0,0,0,0,0,0,0,-32306,0,0,0,0,0,154810,0
154814,984,8072,704,74,-21,30,20452,-1,0,0,0,37057,150,30,66,0,0,0,0,0,0,0,0,-32306,0,0,0,0,0,154815,0
154819,950,8016,696,71,-19,33,20453,2,2,-3,0,37057,150,30,66,0,0,0,0,0,0,0,0,-32306,0,0,0,0,0,154820,0
154824,970,8032,698,76,-20,32,20453,-4,0,-4,0,37055,153,30,66,0,0,0,0,0,0,0,0,-32306,0,0,0,0,0,154825,0
154829,958,8040,700,72,-17,30,20454,-2,1,-3,0,37055,153,30,66,0,0,0,0,0,0,0,0,-32306,0,0,0,0,0,154830,0
154834,964,8046,718,74,-26,31,20452,0,-5,-3,0,37053,147,30,66,0,0,0,0,0,0,0,0,-32305,0,0,0,0,0,154835,0
154839,992,8028,696,76,-21,31,20453,0,-2,-2,0,37053,147,30,66,0,0,0,0,0,0,0,0,-32306,0,0,0,0,0,154840,0
154844,952,8040,700,71,-21,33,20453,9,0,-2,0,37049,148,30,66,0,0,0,0,0,0,0,0,-32305,0,0,0,0,0,154845,0
154849,974,8048,676,72,-20,33,20453,0,-3,-1,0,37049,148,30,66,0,0,0,0,0,0,0,0,-32306,0,0,0,0,0,154850,0
154854,964,8062,688,74,-23,29,20453,0,2,-3,0,37051,142,30,66,0,0,0,0,0,0,0,0,-32305,0,0,0,0,0,154855,0
154859,974,8030,672,73,-21,31,20453,0,-2,-4,0,37051,142,30,66,0,0,0,0,0,0,0,0,-32306,0,0,0,0,0,154860,0
154864,994,8034,684,78,-21,32,20453,2,2,-3,0,37050,146,30,66,0,0,0,0,0,0,0,0,-32305,0,0,0,0,0,154865,0
154869,982,8026,702,71,-22,33,20453,7,-1,-3,0,37050,146,30,66,0,0,0,0,0,0,0,0,-32305,0,0,0,0,0,154870,0
154874,976,8034,688,71,-16,33,20452,-1,-1,-4,0,37048,148,30,66,0,0,0,0,0,0,0,0,-32306,0,0,0,0,0,154875,0
154879,984,8046,688,74,-14,35,20453,4,2,-3,0,37048,148,30,66,0,0,0,0,0,0,0,0,-32306,0,0,0,0,0,154880,0
154884,1004,8038,692,73,-16,27,20452,-1,-3,-2,0,37050,150,30,66,0,0,0,0,0,0,0,0,-32306,0,0,0,0,0,154885,0
154889,976,8014,702,68,-12,31,20452,-1,-2,-3,0,37050,150,30,66,0,0,0,0,0,0,0,0,-32305,0,0,0,0,0,154890,0
154894,1008,8028,688,71,-16,32,20453,1,0,-3,0,37052,146,30,66,0,0,0,0,0,0,0,0,-32306,0,0,0,0,0,154895,0
154899,980,8034,658,76,-17,33,20453,5,2,-2,0,37052,146,30,66,0,0,0,0,0,0,0,0,-32305,0,0,0,0,0,154900,0
154904,960,8024,670,77,-21,29,20453,1,4,-3,0,37053,154,30,66,0,0,0,0,0,0,0,0,-32306,0,0,0,0,0,154905,0
154909,982,8042,682,77,-15,29,20453,2,3,-3,0,37053,154,30,66,0,0,0,0,0,0,0,0,-32305,0,0,0,0,0,154910,0
154914,950,8050,696,73,-8,34,20453,0,2,-1,0,37055,156,30,66,0,0,0,0,0,0,0,0,-32305,0,0,0,0,0,154915,0
154919,986,8048,702,72,-14,29,20453,4,2,0,0,37055,156,30,66,0,0,0,0,0,0,0,0,-32305,0,0,0,0,0,154920,0
154924,990,8038,700,69,-11,33,20453,0,0,-5,0,37053,154,30,66,0,0,0,0,0,0,0,0,-32306,0,0,0,0,0,154925,0
154929,986,8034,694,75,-14,29,20453,0,4,-3,0,37053,154,30,66,0,0,0,0,0,0,0,0,-32305,0,0,0,0,0,154930,0
154934,984,8050,682,72,-4,29,20452,0,-1,-2,0,37055,152,30,66,0,0,0,0,0,0,0,0,-32305,0,0,0,0,0,154935,0
154939,954,8044,686,72,-11,33,20453,0,2,-1,0,37055,152,30,66,0,0,0,0,0,0,0,0,-32305,0,0,0,0,0,154940,0
154944,982,8050,692,67,-9,32,20452,0,1,-2,0,37056,160,30,66,0,0,0,0,0,0,0,0,-32305,0,0,0,0,0,154945,0
154949,984,8032,684,75,-9,32,20453,-3,2,-1,0,37056,160,30,66,0,0,0,0,0,0,0,0,-32305,0,0,0,0,0,154950,0
154954,980,8044,670,76,-5,27,20452,-3,-1,-2,0,37049,167,30,66,0,0,0,0,0,0,0,0,-32306,0,0,0,0,0,154955,0
154959,984,8030,686,72,-5,28,20453,-1,-2,-4,0,37049,167,30,66,0,0,0,0,0,0,0,0,-32305,0,0,0,0,0,154960,0
154964,1000,8038,692,74,-9,30,20453,6,-1,-3,0,37047,159,30,66,0,0,0,0,0,0,0,0,-32306,0,0,0,0,0,154965,0
154969,956,8048,694,66,0,27,20453,-1,1,-4,0,37047,159,30,66,0,0,0,0,0,0,0,0,-32306,0,0,0,0,0,154970,0
154974,998,8052,684,72,-8,29,20453,2,1,-3,0,37049,154,30,66,0,0,0,0,0,0,0,0,-32305,0,0,0,0,0,154975,0
154979,986,8044,700,71,-2,30,20453,11,1,-2,0,37049,154,30,66,0,0,0,0,0,0,0,0,-32305,0,0,0,0,0,154980,0
154984,964,8046,670,71,-7,27,20452,-2,-1,-2,0,37053,164,30,66,0,0,0,0,0,0,0,0,-32306,0,0,0,0,0,154986,0
154989,956,8028,692,71,-2,24,20452,-4,-3,-3,0,37053,164,30,66,0,0,0,0,0,0,0,0,-32306,0,0,0,0,0,154991,0
154994,978,8042,686,68,-4,30,20452,0,-1,-3,0,37052,163,30,66,0,0,0,0,0,0,0,0,-32306,0,0,0,0,0,154996,0
154999,984,8058,694,74,-2,28,20452,-1,-3,-3,0,37052,163,30,66,0,0,0,0,0,0,0,0,-32306,0,0,0,0,0,155001,0
155004,960,8016,668,68,-3,31,20452,1,-2,-4,0,37051,155,30,66,0,0,0,0,0,0,0,0,-32306,0,0,0,0,0,155006,0
155009,968,8056,682,71,-4,26,20454,5,2,-3,0,37051,155,30,66,0,0,0,0,0,0,0,0,-32306,0,0,0,0,0,155011,0
155014,998,8048,682,68,-9,30,20454,4,4,-3,0,37052,144,30,66,0,0,0,0,0,0,0,0,-32306,0,0,0,0,0,155016,0
155019,984,8040,694,73,-5,34,20453,1,1,-3,0,37052,144,30,66,0,0,0,0,0,0,0,0,-32305,0,0,0,0,0,155021,0
155024,994,8008,692,70,-12,28,20452,0,-4,-4,0,37058,140,30,66,0,0,0,0,0,0,0,0,-32306,0,0,0,0,0,155026,0
155029,986,8022,686,73,-6,33,20453,-6,-2,-2,0,37058,140,30,66,0,0,0,0,0,0,0,0,-32306,0,0,0,0,0,155031,0
155034,960,8048,690,69,-5,30,20453,-2,2,-1,0,37055,150,30,66,0,0,0,0,0,0,0,0,-32306,0,0,0,0,0,155036,0
155039,990,8054,676,69,-3,31,20452,-3,-6,-2,0,37055,150,30,66,0,0,0,0,0,0,0,0,-32306,0,0,0,0,0,155041,0
155044,966,8028,698,72,-2,30,20453,-1,-4,-4,0,37051,149,30,66,0,0,0,0,0,0,0,0,-32306,0,0,0,0,0,155046,0
155049,980,8026,706,68,-4,31,20454,4,3,-2,0,37051,149,30,66,0,0,0,0,0,0,0,0,-32305,0,0,0,0,0,155051,0
155054,974,8018,696,70,-3,31,20453,2,0,-5,0,37052,145,30,66,0,0,0,0,0,0,0,0,-32305,0,0,0,0,0,155056,0
155059,978,8036,704,70,-5,33,20452,2,-2,-4,0,37052,145,30,66,0,0,0,0,0,0,0,0,-32305,0,0,0,0,0,155061,0
155064,990,8012,726,74,1,22,20453,6,0,-2,0,37052,140,30,66,0,0,0,0,0,0,0,0,-32305,0,0,0,0,0,155066,0
155069,988,8000,694,72,-1,35,20452,1,2,-3,0,37052,140,30,66,0,0,0,0,0,0,0,0,-32306,0,0,0,0,0,155071,0
155074,1014,8036,712,68,-1,32,20453,-1,-2,-2,0,37054,142,30,66,0,0,0,0,0,0,0,0,-32306,0,0,0,0,0,155076,0
155079,974,8026,708,76,-2,29,20452,-3,-6,-3,0,37054,142,30,66,0,0,0,0,0,0,0,0,-32306,0,0,0,0,0,155081,0
155084,996,8044,708,71,0,26,20452,-4,0,-3,0,37051,149,30,66,0,0,0,0,0,0,0,0,-32305,0,0,0,0,0,155086,0
155089,996,8030,704,76,-3,33,20452,2,-1,-2,0,37051,149,30,66,0,0,0,0,0,0,0,0,-32306,0,0,0,0,0,155091,0
155094,982,8052,712,73,-7,27,20452,-4,-3,-2,0,37051,154,30,66,0,0,0,0,0,0,0,0,-32306,0,0,0,0,0,155096,0
155099,1014,8032,686,73,-4,27,20452,4,1,-1,0,37051,154,30,66,0,0,0,0,0,0,0,0,-32306,0,0,0,0,0,155101,0
155104,984,8034,686,69,-8,29,20453,7,1,-2,0,37052,156,30,66,0,0,0,0,0,0,0,0,-32305,0,0,0,0,0,155106,0
155109,1000,8046,722,76,-10,26,20452,-2,2,-2,0,37052,156,30,66,0,0,0,0,0,0,0,0,-32306,0,0,0,0,0,155111,0
155114,1000,8028,684,77,-10,28,20453,2,2,-3,0,37052,149,30,66,0,0,0,0,0,0,0,0,-32305,0,0,0,0,0,155116,0
155119,992,8046,662,74,-14,27,20451,-9,-1,-2,0,37052,149,30,66,0,0,0,0,0,0,0,0,-32306,0,0,0,0,0,155121,0
155124,982,8060,678,75,-7,21,20452,2,-2,-3,0,37050,160,30,66,0,0,0,0,0,0,0,0,-32305,0,0,0,0,0,155126,0
155129,984,8058,676,77,-4,25,20451,2,0,-2,0,37050,160,30,66,0,0,0,0,0,0,0,0,-32306,0,0,0,0,0,155131,0
155134,968,8046,688,75,-10,26,20453,-1,2,-1,0,37050,149,30,66,0,0,0,0,0,0,0,0,-32306,0,0,0,0,0,155136,0
155139,976,8038,680,77,-10,28,20452,1,-1,-1,0,37050,149,30,66,0,0,0,0,0,0,0,0,-32306,0,0,0,0,0,155141,0
155144,944,8006,662,74,-13,25,20453,4,4,-2,0,37050,143,30,66,0,0,0,0,0,0,0,0,-32305,0,0,0,0,0,155146,0
155149,980,8048,676,80,-12,25,20453,0,-4,-1,0,37050,143,30,66,0,0,0,0,0,0,0,0,-32306,0,0,0,0,0,155151,0
155154,976,8046,666,75,-18,25,20452,0,0,-2,0,37052,141,30,66,0,0,0,0,0,0,0,0,-32305,0,0,0,0,0,155156,0
155159,970,8016,676,71,-15,25,20452,-2,-2,-4,0,37052,141,30,66,0,0,0,0,0,0,0,0,-32305,0,0,0,0,0,155161,0
155164,970,8032,684,76,-11,25,20452,-1,-3,-4,0,37048,139,30,66,0,0,0,0,0,0,0,0,-32306,0,0,0,0,0,155166,0
155169,976,8024,680,77,-15,24,20452,-1,-1,-2,0,37048,139,30,66,0,0,0,0,0,0,0,0,-32305,0,0,0,0,0,155171,0
155174,956,8020,700,71,-19,28,20452,-5,1,-2,0,37047,142,30,66,0,0,0,0,0,0,0,0,-32306,0,0,0,0,0,155176,0
155179,978,8046,688,72,-23,25,20451,-1,2,-3,0,37047,142,30,66,0,0,0,0,0,0,0,0,-32305,0,0,0,0,0,155181,0
155184,1004,8052,670,69,-17,26,20451,-2,5,-3,0,37049,147,30,66,0,0,0,0,0,0,0,0,-32306,0,0,0,0,0,155186,0
155189,986,8044,682,70,-17,24,20452,2,-1,-3,0,37049,147,30,66,0,0,0,0,0,0,0,0,-32305,0,0,0,0,0,155191,0
155194,988,8042,698,71,-14,29,20452,4,2,-3,0,37051,149,30,66,0,0,0,0,0,0,0,0,-32306,0,0,0,0,0,155196,0
155199,966,8042,680,72,-16,27,20452,0,4,-3,0,37051,149,30,66,0,0,0,0,0,0,0,0,-32306,0,0,0,0,0,155201,0
155204,990,8056,688,72,-21,24,20452,3,0,-3,0,37051,155,30,66,0,0,0,0,0,0,0,0,-32305,0,0,0,0,0,155206,0
155209,976,8026,664,75,-20,25,20451,0,1,-3,0,37051,155,30,66,0,0,0,0,0,0,0,0,-32305,0,0,0,0,0,155211,0
155214,986,8032,670,74,-18,30,20453,3,0,-2,0,37049,144,30,66,0,0,0,0,0,0,0,0,-32305,0,0,0,0,0,155216,0
155219,988,8062,698,72,-16,26,20452,1,2,-2,0,37049,144,30,66,0,0,0,0,0,0,0,0,-32305,0,0,0,0,0,155221,0
155224,990,8028,716,71,-16,25,20453,2,2,-2,0,37051,143,30,66,0,0,0,0,0,0,0,0,-32306,0,0,0,0,0,155226,0
155229,986,8030,686,72,-17,26,20451,-1,-4,-4,0,37051,143,30,66,0,0,0,0,0,0,0,0,-32305,0,0,0,0,0,155231,0
155234,960,8034,710,69,-19,28,20451,-4,-2,-4,0,37060,141,30,66,0,0,0,0,0,0,0,0,-32306,0,0,0,0,0,155236,0
155239,978,8052,686,71,-21,27,20452,0,-1,-1,0,37060,141,30,66,0,0,0,0,0,0,0,0,-32305,0,0,0,0,0,155241,0
155244,982,8030,700,73,-16,28,20452,3,5,-1,0,37064,146,30,66,0,0,0,0,0,0,0,0,-32306,0,0,0,0,0,155246,0
155249,986,8048,698,70,-22,26,20452,-5,-1,-1,0,37064,146,30,66,0,0,0,0,0,0,0,0,-32305,0,0,0,0,0,155251,0
155254,1006,8016,694,75,-24,28,20451,-7,2,-2,0,37058,140,30,66,0,0,0,0,0,0,0,0,-32306,0,0,0,0,0,155256,0
155259,994,8052,706,75,-19,27,20452,0,4,-3,0,37058,140,30,66,0,0,0,0,0,0,0,0,-32306,0,0,0,0,0,155261,0
155264,992,8028,724,75,-15,27,20452,0,1,-3,0,37051,139,30,66,0,0,0,0,0,0,0,0,-32306,0,0,0,0,0,155266,0
155269,986,8014,696,77,-18,23,20452,3,1,-3,0,37051,139,30,66,0,0,0,0,0,0,0,0,-32306,0,0,0,0,0,155271,0
155274,974,8072,682,67,-18,24,20453,1,-1,-3,0,37054,146,30,66,0,0,0,0,0,0,0,0,-32306,0,0,0,0,0,155276,0
155279,980,8026,702,76,-21,31,20453,4,2,-2,0,37054,146,30,66,0,0,0,0,0,0,0,0,-32305,0,0,0,0,0,155281,0
155284,958,8048,672,71,-18,29,20452,-2,-1,-2,0,37057,164,30,66,0,0,0,0,0,0,0,0,-32306,0,0,0,0,0,155286,0
155289,970,8066,698,73,-23,25,20452,2,-2,-3,0,37057,164,30,66,0,0,0,0,0,0,0,0,-32306,0,0,0,0,0,155291,0
155294,994,8040,676,70,-23,28,20453,6,-2,-3,0,37052,166,30,66,0,0,0,0,0,0,0,0,-32306,0,0,0,0,0,155296,0
155299,990,8044,678,74,-14,24,20453,5,0,-4,0,37052,166,30,66,0,0,0,0,0,0,0,0,-32306,0,0,0,0,0,155301,0
155304,976,8032,680,79,-17,29,20452,-1,-1,-4,0,37050,155,30,66,0,0,0,0,0,0,0,0,-32307,0,0,0,0,0,155306,0
155309,968,8056,680,71,-13,26,20451,0,2,-3,0,37050,155,30,66,0,0,0,0,0,0,0,0,-32306,0,0,0,0,0,155311,0
155314,980,8058,686,76,-14,29,20452,-6,-3,-5,0,37051,149,30,66,0,0,0,0,0,0,0,0,-32305,0,0,0,0,0,155316,0
155319,974,8034,688,78,-12,24,20452,0,-3,-4,0,37051,149,30,66,0,0,0,0,0,0,0,0,-32306,0,0,0,0,0,155321,0
155324,950,8012,684,75,-14,27,20452,0,1,-3,0,37056,153,30,66,0,0,0,0,0,0,0,0,-32306,0,0,0,0,0,155326,0
155329,966,8022,668,78,-12,26,20452,-2,1,-4,0,37056,153,30,66,0,0,0,0,0,0,0,0,-32306,0,0,0,0,0,155331,0
155334,988,8046,692,68,-14,28,20451,-2,-3,-3,0,37053,144,30,66,0,0,0,0,0,0,0,0,-32306,0,0,0,0,0,155336,0
155339,976,8022,698,77,-10,30,20452,0,1,0,0,37053,144,30,66,0,0,0,0,0,0,0,0,-32306,0,0,0,0,0,155341,0
155344,972,8044,692,72,-11,36,20451,0,-1,-1,0,37055,147,30,66,0,0,0,0,0,0,0,0,-32306,0,0,0,0,0,155346,0
155349,988,8028,678,73,-6,29,20452,-1,2,-1,0,37055,147,30,66,0,0,0,0,0,0,0,0,-32306,0,0,0,0,0,155351,0
155354,978,8046,676,76,-9,32,20452,6,3,-2,0,37054,149,30,66,0,0,0,0,0,0,0,0,-32305,0,0,0,0,0,155356,0
155359,968,8016,682,69,-8,33,20453,5,2,-3,0,37054,149,30,66,0,0,0,0,0,0,0,0,-32305,0,0,0,0,0,155361,0
155364,990,8014,690,75,-10,30,20452,1,0,-4,0,37056,151,30,66,0,0,0,0,0,0,0,0,-32305,0,0,0,0,0,155366,0
155369,1010,8062,708,74,-7,31,20451,-7,2,-4,0,37056,151,30,66,0,0,0,0,0,0,0,0,-32305,0,0,0,0,0,155371,0
155374,1004,8050,702,78,-10,29,20451,-5,-2,-1,0,37051,150,30,66,0,0,0,0,0,0,0,0,-32306,0,0,0,0,0,155376,0
155379,990,8046,678,69,-12,32,20452,5,1,-2,0,37051,150,30,66,0,0,0,0,0,0,0,0,-32305,0,0,0,0,0,155381,0
155384,1004,8040,698,74,-11,25,20452,-6,0,-3,0,37051,146,30,66,0,0,0,0,0,0,0,0,-32305,0,0,0,0,0,155386,0
155389,982,8052,674,76,-6,31,20452,0,2,-3,0,37051,146,30,66,0,0,0,0,0,0,0,0,-32305,0,0,0,0,0,155391,0
155394,978,8036,696,74,-12,28,20453,7,2,-1,0,37058,150,30,66,0,0,0,0,0,0,0,0,-32306,0,0,0,0,0,155396,0
155399,972,8028,682,72,-12,25,20452,2,0,-1,0,37058,150,30,66,0,0,0,0,0,0,0,0,-32305,0,0,0,0,0,155401,0
155404,1006,8044,690,65,-15,27,20451,-8,-4,-1,0,37066,153,30,66,0,0,0,0,0,0,0,0,-32306,0,0,0,0,0,155406,0
155409,1012,8036,682,71,-14,28,20452,0,-3,-2,0,37066,153,30,66,0,0,0,0,0,0,0,0,-32306,0,0,0,0,0,155411,0
155414,994,8036,674,76,-15,28,20452,0,0,-3,0,37066,149,30,66,0,0,0,0,0,0,0,0,-32306,0,0,0,0,0,155416,0
155419,1018,8058,692,70,-10,24,20451,-1,-4,-2,0,37066,149,30,66,0,0,0,0,0,0,0,0,-32305,0,0,0,0,0,155421,0
155424,990,8040,696,71,-19,26,20453,-1,-3,-2,0,37059,151,30,66,0,0,0,0,0,0,0,0,-32306,0,0,0,0,0,155426,0
155429,966,8036,702,74,-12,30,20452,-5,-4,-4,0,37059,151,30,66,0,0,0,0,0,0,0,0,-32306,0,0,0,0,0,155431,0
155434,998,8050,682,67,-15,27,20453,0,2,-4,0,37052,151,30,66,0,0,0,0,0,0,0,0,-32306,0,0,0,0,0,155436,0
155439,992,8034,688,74,-12,26,20451,0,0,-3,0,37052,151,30,66,0,0,0,0,0,0,0,0,-32306,0,0,0,0,0,155441,0
155444,986,8056,676,73,-16,23,20452,1,-3,-7,0,37052,160,30,66,0,0,0,0,0,0,0,0,-32306,0,0,0,0,0,155446,0
155449,982,8040,698,71,-15,22,20451,0,-1,-2,0,37052,160,30,66,0,0,0,0,0,0,0,0,-32306,0,0,0,0,0,155451,0
155454,978,8064,680,72,-20,26,20452,1,3,-3,0,37053,165,30,66,0,0,0,0,0,0,0,0,-32306,0,0,0,0,0,155456,0
155459,986,8074,672,73,-21,25,20452,1,2,-3,0,37053,165,30,66,0,0,0,0,0,0,0,0,-32305,0,0,0,0,0,155461,0
155464,986,8020,688,70,-19,25,20453,0,0,-2,0,37051,162,30,66,0,0,0,0,0,0,0,0,-32306,0,0,0,0,0,155466,0
155469,994,8036,694,70,-16,26,20452,5,0,-3,0,37051,162,30,66,0,0,0,0,0,0,0,0,-32305,0,0,0,0,0,155471,0
155474,996,8036,676,71,-18,29,20451,-6,-4,-4,0,37051,153,30,66,0,0,0,0,0,0,0,0,-32306,0,0,0,0,0,155476,0
155479,970,8042,704,74,-10,26,20453,10,-3,-4,0,37051,153,30,66,0,0,0,0,0,0,0,0,-32305,0,0,0,0,0,155481,0
155484,972,8028,686,71,-17,24,20453,1,0,-3,0,37054,145,30,66,0,0,0,0,0,0,0,0,-32305,0,0,0,0,0,155486,0
155489,958,8008,678,72,-17,24,20451,-3,4,-3,0,37054,145,30,66,0,0,0,0,0,0,0,0,-32305,0,0,0,0,0,155491,0
155494,982,8040,710,79,-18,25,20451,-1,-5,-2,0,37056,140,30,66,0,0,0,0,0,0,0,0,-32306,0,0,0,0,0,155496,0
155499,974,8044,680,68,-15,27,20452,-2,-4,-2,0,37056,140,30,66,0,0,0,0,0,0,0,0,-32306,0,0,0,0,0,155501,0
155504,950,8052,684,70,-14,33,20453,0,-2,-5,0,37053,143,30,66,0,0,0,0,0,0,0,0,-32306,0,0,0,0,0,155506,0
155509,992,8002,684,72,-17,28,20453,-2,1,-4,0,37053,143,30,66,0,0,0,0,0,0,0,0,-32306,0,0,0,0,0,155511,0
155514,986,8038,696,74,-12,29,20452,0,0,-3,0,37049,144,30,66,0,0,0,0,0,0,0,0,-32306,0,0,0,0,0,155516,0
155519,982,8016,708,73,-18,24,20451,0,0,-5,0,37049,144,30,66,0,0,0,0,0,0,0,0,-32305,0,0,0,0,0,155521,0
155524,970,8042,680,68,-15,28,20453,4,-2,-3,0,37049,150,30,66,0,0,0,0,0,0,0,0,-32305,0,0,0,0,0,155526,0
155529,978,8022,706,75,-19,32,20452,-1,-1,-3,0,37049,150,30,66,0,0,0,0,0,0,0,0,-32305,0,0,0,0,0,155531,0
155534,978,8058,696,71,-14,29,20452,2,4,-3,0,37051,152,30,66,0,0,0,0,0,0,0,0,-32306,0,0,0,0,0,155536,0
155539,954,8028,676,74,-16,28,20451,-6,-1,-2,0,37051,152,30,66,0,0,0,0,0,0,0,0,-32306,0,0,0,0,0,155541,0
155544,990,8056,682,77,-15,30,20451,-7,0,-2,0,37058,157,30,66,0,0,0,0,0,0,0,0,-32306,0,0,0,0,0,155546,0
155549,974,8048,698,69,-17,32,20452,0,1,-3,0,37058,157,30,66,0,0,0,0,0,0,0,0,-32306,0,0,0,0,0,155551,0
155554,1002,8018,696,76,-7,28,20453,-1,0,-3,0,37054,148,30,66,0,0,0,0,0,0,0,0,-32306,0,0,0,0,0,155556,0
155559,974,8072,688,70,-10,26,20452,1,2,-3,0,37054,148,30,66,0,0,0,0,0,0,0,0,-32306,0,0,0,0,0,155561,0
155564,998,8076,670,70,-14,28,20453,4,2,-3,0,37054,137,30,66,0,0,0,0,0,0,0,0,-32306,0,0,0,0,0,155566,0
155569,974,8048,686,69,-12,29,20453,0,2,-4,0,37054,137,30,66,0,0,0,0,0,0,0,0,-32306,0,0,0,0,0,155571,0
155574,984,8050,672,71,-10,32,20453,5,2,-3,0,37053,141,30,66,0,0,0,0,0,0,0,0,-32306,0,0,0,0,0,155576,0
155579,966,8036,688,69,-14,28,20452,-6,1,-4,0,37053,141,30,66,0,0,0,0,0,0,0,0,-32305,0,0,0,0,0,155581,0
155584,982,8062,690,78,-13,20,20452,2,-3,-4,0,37053,146,30,66,0,0,0,0,0,0,0,0,-32305,0,0,0,0,0,155586,0
155589,984,8064,704,73,-14,26,20452,-1,-6,-4,0,37053,146,30,66,0,0,0,0,0,0,0,0,-32305,0,0,0,0,0,155591,0
155594,984,8040,698,66,-15,30,20452,-3,0,-2,0,37050,152,30,66,0,0,0,0,0,0,0,0,-32306,0,0,0,0,0,155596,0
155599,992,8024,682,77,-9,29,20452,0,0,-2,0,37050,152,30,66,0,0,0,0,0,0,0,0,-32306,0,0,0,0,0,155601,0
155604,990,8038,702,75,-11,28,20453,6,2,-3,0,37048,147,30,66,0,0,0,0,0,0,0,0,-32306,0,0,0,0,0,155606,0
155609,992,8028,696,76,-13,29,20450,-5,-4,-3,0,37048,147,30,66,0,0,0,0,0,0,0,0,-32306,0,0,0,0,0,155611,0
155614,986,8030,680,73,-19,27,20452,-1,4,-3,0,37051,149,30,66,0,0,0,0,0,0,0,0,-32305,0,0,0,0,0,155616,0
155619,984,8050,684,73,-16,27,20453,4,0,-2,0,37051,149,30,66,0,0,0,0,0,0,0,0,-32306,0,0,0,0,0,155621,0
155624,994,8022,694,71,-19,27,20452,2,-2,-3,0,37054,154,30,66,0,0,0,0,0,0,0,0,-32306,0,0,0,0,0,155626,0
155629,998,8008,682,77,-14,31,20451,-2,-3,-3,0,37054,154,30,66,0,0,0,0,0,0,0,0,-32306,0,0,0,0,0,155631,0
155634,964,8032,668,73,-18,28,20452,-7,1,-2,0,37051,148,30,66,0,0,0,0,0,0,0,0,-32306,0,0,0,0,0,155636,0
155639,998,8040,688,77,-16,27,20452,3,-2,-2,0,37051,148,30,66,0,0,0,0,0,0,0,0,-32305,0,0,0,0,0,155641,0
155644,996,8002,684,77,-16,31,20453,3,-2,-3,0,37051,141,30,66,0,0,0,0,0,0,0,0,-32305,0,0,0,0,0,155646,0
155649,976,8022,690,74,-15,26,20452,6,2,-3,0,37051,141,30,66,0,0,0,0,0,0,0,0,-32305,0,0,0,0,0,155651,0
155654,1000,8010,668,73,-16,31,20451,1,-4,-3,0,37055,144,30,66,0,0,0,0,0,0,0,0,-32306,0,0,0,0,0,155656,0
155659,986,8030,670,74,-18,27,20452,2,3,-2,0,37055,144,30,66,0,0,0,0,0,0,0,0,-32305,0,0,0,0,0,155661,0
155664,980,8050,678,69,-18,27,20452,-1,1,-3,0,37056,144,30,66,0,0,0,0,0,0,0,0,-32305,0,0,0,0,0,155666,0
155669,968,8016,702,70,-17,29,20452,-2,0,-3,0,37056,144,30,66,0,0,0,0,0,0,0,0,-32306,0,0,0,0,0,155671,0
155674,1000,8026,652,70,-18,29,20451,-1,-4,-4,0,37055,147,30,66,0,0,0,0,0,0,0,0,-32306,0,0,0,0,0,155676,0
155679,986,8028,672,76,-15,28,20451,-5,-5,-3,0,37055,147,30,66,0,0,0,0,0,0,0,0,-32305,0,0,0,0,0,155681,0
155684,998,8054,694,73,-18,29,20452,0,1,-3,0,37048,149,30,66,0,0,0,0,0,0,0,0,-32306,0,0,0,0,0,155686,0
155689,1002,8052,692,72,-16,28,20452,0,-4,-3,0,37048,149,30,66,0,0,0,0,0,0,0,0,-32306,0,0,0,0,0,155691,0
155694,1006,8034,704,70,-22,30,20452,0,1,-3,0,37051,146,30,66,0,0,0,0,0,0,0,0,-32306,0,0,0,0,0,155696,0
155699,1002,8068,676,77,-16,27,20451,-2,-2,-3,0,37051,146,30,66,0,0,0,0,0,0,0,0,-32306,0,0,0,0,0,155701,0
155704,980,8034,680,69,-17,23,20452,-5,-3,-4,0,37053,147,30,66,0,0,0,0,0,0,0,0,-32305,0,0,0,0,0,155706,0
155709,990,8038,682,70,-19,22,20452,2,-2,-2,0,37053,147,30,66,0,0,0,0,0,0,0,0,-32306,0,0,0,0,0,155711,0
155714,990,8028,688,72,-21,25,20452,3,-2,-3,0,37055,147,30,66,0,0,0,0,0,0,0,0,-32305,0,0,0,0,0,155716,0
155719,990,8048,666,72,-15,25,20451,-2,-2,-4,0,37055,147,30,66,0,0,0,0,0,0,0,0,-32306,0,0,0,0,0,155721,0
155724,972,8060,696,72,-18,21,20451,-1,0,-4,0,37051,146,30,66,0,0,0,0,0,0,0,0,-32306,0,0,0,0,0,155726,0
155729,978,8060,688,75,-17,22,20451,-12,-5,-3,0,37051,146,30,66,0,0,0,0,0,0,0,0,-32306,0,0,0,0,0,155731,0
155734,1006,8026,692,72,-12,30,20451,-5,0,-1,0,37050,139,30,66,0,0,0,0,0,0,0,0,-32305,0,0,0,0,0,155736,0
155739,998,8046,692,74,-19,25,20454,6,2,-2,0,37050,139,30,66,0,0,0,0,0,0,0,0,-32306,0,0,0,0,0,155741,0
155744,980,8034,694,71,-18,29,20452,0,-2,-3,0,37051,148,30,66,0,0,0,0,0,0,0,0,-32306,0,0,0,0,0,155746,0
155749,978,8054,690,69,-17,26,20451,-2,-1,-1,0,37051,148,30,66,0,0,0,0,0,0,0,0,-32306,0,0,0,0,0,155751,0
155754,976,8036,692,67,-18,27,20450,-8,-3,-3,0,37055,158,30,66,0,0,0,0,0,0,0,0,-32306,0,0,0,0,0,155756,0
155759,968,8042,694,71,-15,22,20453,7,4,-4,0,37055,158,30,66,0,0,0,0,0,0,0,0,-32305,0,0,0,0,0,155761,0
155764,996,8046,674,77,-16,26,20451,-3,0,-5,0,37054,171,30,66,0,0,0,0,0,0,0,0,-32306,0,0,0,0,0,155766,0
155769,994,8050,694,71,-17,28,20451,-4,-3,-3,0,37054,171,30,66,0,0,0,0,0,0,0,0,-32306,0,0,0,0,0,155771,0
155774,980,8032,678,74,-15,27,20452,1,-1,-3,0,37052,164,30,66,0,0,0,0,0,0,0,0,-32305,0,0,0,0,0,155776,0
155779,978,8024,668,68,-8,24,20452,-2,0,-4,0,37052,164,30,66,0,0,0,0,0,0,0,0,-32306,0,0,0,0,0,155782,0
155784,992,8030,668,71,-14,24,20451,-4,-2,-4,0,37049,163,30,66,0,0,0,0,0,0,0,0,-32305,0,0,0,0,0,155787,0
155789,980,8030,692,72,-11,32,20452,1,1,-3,0,37049,163,30,66,0,0,0,0,0,0,0,0,-32305,0,0,0,0,0,155792,0
155794,1016,8042,694,70,-10,26,20451,0,-1,-1,0,37049,169,30,66,0,0,0,0,0,0,0,0,-32305,0,0,0,0,0,155797,0
155799,988,8038,686,71,-10,26,20453,9,3,-3,0,37049,169,30,66,0,0,0,0,0,0,0,0,-32305,0,0,0,0,0,155802,0
155804,988,8038,668,67,-7,27,20452,-3,2,-4,0,37046,161,30,66,0,0,0,0,0,0,0,0,-32306,0,0,0,0,0,155807,0
155809,1014,8044,682,71,-9,24,20451,0,3,-3,0,37046,161,30,66,0,0,0,0,0,0,0,0,-32306,0,0,0,0,0,155812,0
155814,1020,8058,684,74,-10,22,20452,0,-1,-2,0,37043,150,30,66,0,0,0,0,0,0,0,0,-32306,0,0,0,0,0,155817,0
155819,980,8020,690,71,-7,28,20452,-4,3,-2,0,37043,150,30,66,0,0,0,0,0,0,0,0,-32305,0,0,0,0,0,155822,0
155824,984,8042,670,68,-8,23,20452,1,0,-3,0,37046,143,30,66,0,0,0,0,0,0,0,0,-32305,0,0,0,0,0,155827,0
155829,996,8050,692,69,-6,28,20452,-3,0,-4,0,37046,143,30,66,0,0,0,0,0,0,0,0,-32305,0,0,0,0,0,155832,0
155834,994,8042,702,69,-4,27,20450,-8,-4,-2,0,37049,147,30,66,0,0,0,0,0,0,0,0,-32305,0,0,0,0,0,155837,0
155839,982,8038,686,73,-4,25,20451,-9,0,-1,0,37049,147,30,66,0,0,0,0,0,0,0,0,-32305,0,0,0,0,0,155842,0
155844,986,8028,682,75,-7,23,20452,-5,-2,-2,0,37049,155,30,66,0,0,0,0,0,0,0,0,-32306,0,0,0,0,0,155847,0
155849,980,8018,678,73,-5,25,20453,4,2,-2,0,37049,155,30,66,0,0,0,0,0,0,0,0,-32306,0,0,0,0,0,155852,0
155854,996,8028,668,70,-5,25,20452,-1,-1,-2,0,37045,148,30,66,0,0,0,0,0,0,0,0,-32306,0,0,0,0,0,155857,0
155859,1008,8042,658,72,-6,26,20451,0,-4,-1,0,37045,148,30,66,0,0,0,0,0,0,0,0,-32306,0,0,0,0,0,155862,0
155864,1000,8038,660,74,-6,21,20452,-2,1,-2,0,37044,143,30,66,0,0,0,0,0,0,0,0,-32305,0,0,0,0,0,155867,0
155869,1008,8064,666,73,-7,28,20451,-1,-2,-2,0,37044,143,30,66,0,0,0,0,0,0,0,0,-32305,0,0,0,0,0,155871,0
155874,994,8030,658,71,-8,24,20451,-2,-3,-3,0,37048,136,30,66,0,0,0,0,0,0,0,0,-32306,0,0,0,0,0,155876,0
155879,984,8038,658,66,0,25,20452,1,-3,-3,0,37048,136,30,66,0,0,0,0,0,0,0,0,-32305,0,0,0,0,0,155881,0
155884,990,8030,660,66,0,25,20452,5,0,-3,0,37047,147,30,66,0,0,0,0,0,0,0,0,-32306,0,0,0,0,0,155886,0
155889,970,8066,686,70,4,26,20451,2,-3,-1,0,37047,147,30,66,0,0,0,0,0,0,0,0,-32306,0,0,0,0,0,155891,0
155894,984,8044,678,71,-1,28,20451,-2,-2,-2,0,37045,153,30,66,0,0,0,0,0,0,0,0,-32305,0,0,0,0,0,155896,0
155899,990,8044,708,68,0,26,20452,0,-2,-3,0,37045,153,30,66,0,0,0,0,0,0,0,0,-32305,0,0,0,0,0,155901,0
155904,974,8002,694,76,7,28,20452,0,-3,-3,0,37045,156,30,66,0,0,0,0,0,0,0,0,-32306,0,0,0,0,0,155906,0
155909,1000,8032,692,66,-3,25,20451,0,-5,-3,0,37045,156,30,66,0,0,0,0,0,0,0,0,-32306,0,0,0,0,0,155911,0
155914,992,8032,696,71,-2,28,20451,-3,0,-3,0,37049,151,30,66,0,0,0,0,0,0,0,0,-32306,0,0,0,0,0,155916,0
155919,988,8056,676,68,2,23,20452,-3,3,-4,0,37049,151,30,66,0,0,0,0,0,0,0,0,-32306,0,0,0,0,0,155921,0
155924,1010,8046,686,72,-3,26,20453,7,1,-3,0,37051,152,30,66,0,0,0,0,0,0,0,0,-32305,0,0,0,0,0,155926,0
155929,978,8056,690,71,1,25,20451,-2,-4,-2,0,37051,152,30,66,0,0,0,0,0,0,0,0,-32305,0,0,0,0,0,155931,0
155934,960,8066,700,68,0,22,20452,-3,-1,-1,0,37049,157,30,66,0,0,0,0,0,0,0,0,-32306,0,0,0,0,0,155936,0
155939,960,8048,686,67,-4,24,20452,1,-1,-2,0,37049,157,30,66,0,0,0,0,0,0,0,0,-32305,0,0,0,0,0,155941,0
155944,964,8026,690,68,-6,26,20452,-2,0,-4,0,37049,152,30,66,0,0,0,0,0,0,0,0,-32306,0,0,0,0,0,155946,0
155949,964,8024,666,71,-8,24,20452,0,-2,-3,0,37049,152,30,66,0,0,0,0,0,0,0,0,-32305,0,0,0,0,0,155951,0
155954,974,8040,696,70,-4,25,20452,0,1,-3,0,37052,144,30,66,0,0,0,0,0,0,0,0,-32305,0,0,0,0,0,155956,0
155959,982,8028,672,68,-7,26,20452,0,2,-3,0,37052,144,30,66,0,0,0,0,0,0,0,0,-32306,0,0,0,0,0,155961,0
155964,970,8036,690,69,-3,28,20450,-5,-5,-3,0,37055,141,30,66,0,0,0,0,0,0,0,0,-32305,0,0,0,0,0,155966,0
155969,988,8026,694,70,-11,27,20452,-3,0,0,0,37055,141,30,66,0,0,0,0,0,0,0,0,-32306,0,0,0,0,0,155971,0
155974,994,8038,698,71,-7,29,20452,2,4,-2,0,37055,139,30,66,0,0,0,0,0,0,0,0,-32306,0,0,0,0,0,155976,0
155979,948,8042,692,65,-8,28,20452,0,-2,-4,0,37055,139,30,66,0,0,0,0,0,0,0,0,-32305,0,0,0,0,0,155981,0
155984,986,8068,668,69,-14,25,20451,-4,-1,-4,0,37051,142,30,66,0,0,0,0,0,0,0,0,-32305,0,0,0,0,0,155986,0
155989,986,8052,684,66,-9,30,20451,-4,-1,-3,0,37051,142,30,66,0,0,0,0,0,0,0,0,-32305,0,0,0,0,0,155991,0
155994,970,8046,684,74,-13,28,20453,0,4,-2,0,37052,143,30,66,0,0,0,0,0,0,0,0,-32305,0,0,0,0,0,155996,0
155999,982,8052,684,66,-14,24,20451,0,-4,-3,0,37052,143,30,66,0,0,0,0,0,0,0,0,-32305,0,0,0,0,0,156001,0
156004,1034,8044,686,68,-5,27,20451,-4,-1,-4,0,37048,139,30,66,0,0,0,0,0,0,0,0,-32306,0,0,0,0,0,156006,0
156009,992,8056,674,73,-13,26,20452,-4,1,-5,0,37048,139,30,66,0,0,0,0,0,0,0,0,-32306,0,0,0,0,0,156011,0
156014,966,8028,652,69,-16,28,20451,0,-1,-5,0,37048,149,30,66,0,0,0,0,0,0,0,0,-32305,0,0,0,0,0,156016,0
156019,980,8016,684,71,-15,28,20452,7,-1,-4,0,37048,149,30,66,0,0,0,0,0,0,0,0,-32306,0,0,0,0,0,156021,0
156024,946,8038,692,65,-21,27,20451,-2,1,-3,0,37046,151,30,66,0,0,0,0,0,0,0,0,-32306,0,0,0,0,0,156026,0
156029,998,8038,702,69,-18,23,20451,-3,0,-4,0,37046,151,30,66,0,0,0,0,0,0,0,0,-32305,0,0,0,0,0,156031,0
156034,972,8034,678,67,-15,28,20453,4,2,-3,0,37046,150,30,66,0,0,0,0,0,0,0,0,-32305,0,0,0,0,0,156036,0
156039,984,8030,688,70,-17,31,20452,10,-2,-1,0,37046,150,30,66,0,0,0,0,0,0,0,0,-32306,0,0,0,0,0,156041,0
156044,976,8014,686,71,-17,21,20452,3,-1,-3,0,37049,145,30,66,0,0,0,0,0,0,0,0,-32305,0,0,0,0,0,156046,0
156049,968,8044,696,69,-23,29,20452,5,2,-2,0,37049,145,30,66,0,0,0,0,0,0,0,0,-32305,0,0,0,0,0,156051,0
156054,948,8032,712,67,-24,25,20452,1,2,-1,0,37051,148,30,66,0,0,0,0,0,0,0,0,-32305,0,0,0,0,0,156056,0
156059,976,8036,682,70,-20,29,20452,0,4,-3,0,37051,148,30,66,0,0,0,0,0,0,0,0,-32306,0,0,0,0,0,156061,0
156064,978,8030,674,68,-25,26,20452,4,-2,-3,0,37048,149,30,66,0,0,0,0,0,0,0,0,-32305,0,0,0,0,0,156066,0
156069,982,8030,662,71,-20,27,20452,3,0,-3,0,37048,149,30,66,0,0,0,0,0,0,0,0,-32305,0,0,0,0,0,156071,0
156074,972,8062,678,71,-21,22,20451,0,2,-3,0,37051,144,30,66,0,0,0,0,0,0,0,0,-32305,0,0,0,0,0,156076,0
156079,990,8010,680,77,-20,26,20452,3,1,-2,0,37051,144,30,66,0,0,0,0,0,0,0,0,-32305,0,0,0,0,0,156081,0
156084,1006,8048,694,72,-23,25,20453,6,0,-3,0,37053,145,30,66,0,0,0,0,0,0,0,0,-32305,0,0,0,0,0,156086,0
156089,986,8050,692,67,-22,27,20451,-6,2,-3,0,37053,145,30,66,0,0,0,0,0,0,0,0,-32306,0,0,0,0,0,156091,0
156094,1008,8042,668,65,-19,27,20452,1,2,-2,0,37056,158,30,66,0,0,0,0,0,0,0,0,-32306,0,0,0,0,0,156096,0
156099,994,8044,676,70,-19,28,20452,0,-5,-2,0,37056,158,30,66,0,0,0,0,0,0,0,0,-32306,0,0,0,0,0,156101,0
156104,982,8048,680,72,-18,26,20452,1,4,-3,0,37049,164,30,66,0,0,0,0,0,0,0,0,-32306,0,0,0,0,0,156106,0
156109,1008,8058,694,70,-15,27,20451,3,0,-4,0,37049,164,30,66,0,0,0,0,0,0,0,0,-32306,0,0,0,0,0,156111,0
156114,978,8058,686,68,-14,30,20452,4,0,-3,0,37046,160,30,66,0,0,0,0,0,0,0,0,-32305,0,0,0,0,0,156116,0
156119,1002,8058,676,69,-13,27,20451,-5,2,-5,0,37046,160,30,66,0,0,0,0,0,0,0,0,-32306,0,0,0,0,0,156121,0
156124,984,8058,662,68,-12,29,20452,-3,1,-2,0,37048,146,30,66,0,0,0,0,0,0,0,0,-32305,0,0,0,0,0,156126,0
156129,982,8050,668,67,-12,27,20452,0,-1,-2,0,37048,146,30,66,0,0,0,0,0,0,0,0,-32306,0,0,0,0,0,156131,0
156134,996,8054,688,66,-8,31,20452,-3,2,-2,0,37050,157,30,66,0,0,0,0,0,0,0,0,-32306,0,0,0,0,0,156136,0
156139,988,8036,670,64,-11,29,20451,0,-2,-3,0,37050,157,30,66,0,0,0,0,0,0,0,0,-32305,0,0,0,0,0,156141,0
156144,964,8036,714,68,-8,30,20452,-3,-3,-1,0,37047,150,30,66,0,0,0,0,0,0,0,0,-32305,0,0,0,0,0,156146,0
156149,992,8046,690,67,-10,30,20451,0,4,-1,0,37047,150,30,66,0,0,0,0,0,0,0,0,-32306,0,0,0,0,0,156151,0
156154,1004,8040,702,70,-5,30,20451,0,-1,-2,0,37043,150,30,66,0,0,0,0,0,0,0,0,-32306,0,0,0,0,0,156156,0
156159,1002,8034,706,70,-5,25,20451,-7,2,-3,0,37043,150,30,66,0,0,0,0,0,0,0,0,-32305,0,0,0,0,0,156161,0
156164,992,8060,702,71,-5,28,20451,-3,2,-5,0,37047,147,30,66,0,0,0,0,0,0,0,0,-32306,0,0,0,0,0,156166,0
156169,1004,8042,676,66,-1,29,20452,-6,1,-2,0,37047,147,30,66,0,0,0,0,0,0,0,0,-32306,0,0,0,0,0,156171,0
156174,996,8032,684,65,-11,27,20452,3,1,-2,0,37053,145,30,66,0,0,0,0,0,0,0,0,-32306,0,0,0,0,0,156176,0
156179,990,8074,696,66,-8,32,20451,-4,2,-3,0,37053,145,30,66,0,0,0,0,0,0,0,0,-32305,0,0,0,0,0,156181,0
156184,988,8028,702,67,-3,32,20452,1,2,-4,0,37060,155,30,66,0,0,0,0,0,0,0,0,-32306,0,0,0,0,0,156186,0
156189,1002,8062,702,66,-3,32,20452,0,1,-3,0,37060,155,30,66,0,0,0,0,0,0,0,0,-32305,0,0,0,0,0,156191,0
156194,980,8020,704,71,-2,30,20452,3,5,-2,0,37054,149,30,66,0,0,0,0,0,0,0,0,-32306,0,0,0,0,0,156196,0
156199,1002,8030,698,69,0,28,20451,-5,-1,-3,0,37054,149,30,66,0,0,0,0,0,0,0,0,-32305,0,0,0,0,0,156201,0
156204,1000,8032,692,70,-4,33,20452,3,1,-3,0,37050,150,30,66,0,0,0,0,0,0,0,0,-32306,0,0,0,0,0,156206,0
156209,996,8036,702,69,-1,30,20452,-2,-2,-2,0,37050,150,30,66,0,0,0,0,0,0,0,0,-32305,0,0,0,0,0,156211,0
156214,968,8042,706,66,-9,26,20452,1,0,-3,0,37042,145,30,66,0,0,0,0,0,0,0,0,-32305,0,0,0,0,0,156216,0
156219,984,8046,696,70,-3,32,20452,0,-2,-3,0,37042,145,30,66,0,0,0,0,0,0,0,0,-32306,0,0,0,0,0,156221,0
156224,994,8058,688,67,-7,29,20452,2,3,-3,0,37041,147,30,66,0,0,0,0,0,0,0,0,-32305,0,0,0,0,0,156226,0
156229,978,8046,704,66,-9,29,20452,0,-2,-3,0,37041,147,30,66,0,0,0,0,0,0,0,0,-32305,0,0,0,0,0,156231,0
156234,988,8048,694,69,-8,28,20451,-2,0,-2,0,37038,150,30,66,0,0,0,0,0,0,0,0,-32305,0,0,0,0,0,156236,0
156239,996,8070,694,67,-13,26,20452,3,-2,-2,0,37038,150,30,66,0,0,0,0,0,0,0,0,-32305,0,0,0,0,0,156241,0
156244,1002,8044,692,67,-12,26,20453,0,-1,-3,0,37040,152,30,66,0,0,0,0,0,0,0,0,-32305,0,0,0,0,0,156246,0
156249,978,8042,684,71,-7,33,20452,2,3,-3,0,37040,152,30,66,0,0,0,0,0,0,0,0,-32305,0,0,0,0,0,156251,0
156254,990,8060,684,70,-12,29,20451,-5,-3,-4,0,37046,152,30,66,0,0,0,0,0,0,0,0,-32306,0,0,0,0,0,156256,0
156259,982,8070,682,70,-14,29,20452,0,-3,-4,0,37046,152,30,66,0,0,0,0,0,0,0,0,-32305,0,0,0,0,0,156261,0
156264,994,8044,688,68,-10,28,20451,0,2,-4,0,37049,148,30,66,0,0,0,0,0,0,0,0,-32305,0,0,0,0,0,156266,0
156269,970,8072,672,66,-10,29,20451,0,3,-4,0,37049,148,30,66,0,0,0,0,0,0,0,0,-32305,0,0,0,0,0,156271,0
156274,966,8032,666,70,-14,28,20452,4,-1,-3,0,37047,157,30,66,0,0,0,0,0,0,0,0,-32306,0,0,0,0,0,156276,0
156279,962,8042,682,67,-13,32,20451,-1,3,-4,0,37047,157,30,66,0,0,0,0,0,0,0,0,-32306,0,0,0,0,0,156281,0
156284,976,8048,700,66,-12,28,20451,0,4,-3,0,37049,161,30,66,0,0,0,0,0,0,0,0,-32306,0,0,0,0,0,156286,0
156289,980,8068,682,71,-13,27,20451,-2,-3,-4,0,37049,161,30,66,0,0,0,0,0,0,0,0,-32306,0,0,0,0,0,156291,0
156294,998,8064,690,65,-13,31,20453,1,-1,-2,0,37050,157,30,66,0,0,0,0,0,0,0,0,-32305,0,0,0,0,0,156296,0
156299,986,8086,690,69,-14,28,20452,0,-2,-2,0,37050,157,30,66,0,0,0,0,0,0,0,0,-32306,0,0,0,0,0,156301,0
156304,982,8072,684,67,-13,24,20452,0,0,-3,0,37053,146,30,66,0,0,0,0,0,0,0,0,-32307,0,0,0,0,0,156306,0
156309,962,8066,686,63,-10,26,20452,4,-3,-2,0,37053,146,30,66,0,0,0,0,0,0,0,0,-32306,0,0,0,0,0,156311,0
156314,942,8032,688,69,-12,31,20452,5,-2,-2,0,37053,144,30,66,0,0,0,0,0,0,0,0,-32305,0,0,0,0,0,156316,0
156319,958,8026,688,70,-15,29,20450,-3,-3,-2,0,37053,144,30,66,0,0,0,0,0,0,0,0,-32305,0,0,0,0,0,156321,0
156324,966,8064,688,69,-12,36,20451,-3,-2,-1,0,37047,147,30,66,0,0,0,0,0,0,0,0,-32306,0,0,0,0,0,156326,0
156329,946,8064,676,64,-10,29,20450,1,-3,-1,0,37047,147,30,66,0,0,0,0,0,0,0,0,-32305,0,0,0,0,0,156331,0
156334,960,8046,692,65,-8,34,20451,1,0,0,0,37046,153,30,66,0,0,0,0,0,0,0,0,-32305,0,0,0,0,0,156336,0
156339,978,8054,676,68,-8,34,20451,7,0,0,0,37046,153,30,66,0,0,0,0,0,0,0,0,-32305,0,0,0,0,0,156341,0
156344,972,8026,668,66,-7,33,20450,1,0,-1,0,37048,146,30,66,0,0,0,0,0,0,0,0,-32306,0,0,0,0,0,156346,0
156349,982,8028,686,68,-1,36,20450,0,-2,0,0,37048,146,30,66,0,0,0,0,0,0,0,0,-32305,0,0,0,0,0,156351,0
156354,996,8052,652,65,-4,36,20449,-4,-4,0,0,37050,154,30,66,0,0,0,0,0,0,0,0,-32306,0,0,0,0,0,156356,0
156359,1022,8048,670,64,-3,40,20449,5,0,-1,0,37050,154,30,66,0,0,0,0,0,0,0,0,-32305,0,0,0,0,0,156361,0
156364,1042,8040,650,62,9,36,20448,-3,0,1,0,37050,143,30,66,0,0,0,0,0,0,0,0,-32306,0,0,0,0,0,156366,0
156369,1050,8056,652,60,12,33,20449,-2,0,0,0,37050,143,30,66,0,0,0,0,0,0,0,0,-32305,0,0,0,0,0,156371,0
156374,1038,8064,648,53,13,32,20448,-2,-1,0,0,37049,140,30,66,0,0,0,0,0,0,0,0,-32305,0,0,0,0,0,156376,0
156379,1068,8020,652,55,16,32,20448,0,4,0,0,37049,140,30,66,0,0,0,0,0,0,0,0,-32305,0,0,0,0,0,156381,0
156384,1078,8012,638,60,24,28,20447,-5,-3,0,0,37050,144,30,66,0,0,0,0,0,0,0,0,-32305,0,0,0,0,0,156386,0
156389,1088,8038,638,57,25,30,20446,-9,1,0,0,37050,144,30,66,0,0,0,0,0,0,0,0,-32305,0,0,0,0,0,156391,0
156394,1110,8012,628,52,25,26,20447,6,-2,-2,0,37056,153,30,66,0,0,0,0,0,0,0,0,-32306,0,0,0,0,0,156396,0
156399,1116,8038,628,54,34,25,20446,-1,2,0,0,37056,153,30,66,0,0,0,0,0,0,0,0,-32306,0,0,0,0,0,156401,0
156404,1128,8054,620,49,38,20,20447,-2,4,0,0,37054,165,30,66,0,0,0,0,0,0,0,0,-32305,0,0,0,0,0,156406,0
156409,1140,8016,622,42,36,16,20447,5,0,-2,0,37054,165,30,66,0,0,0,0,0,0,0,0,-32306,0,0,0,0,0,156411,0
156414,1140,8024,620,48,39,10,20445,1,3,0,0,37057,155,30,66,0,0,0,0,0,0,0,0,-32306,0,0,0,0,0,156416,0
156419,1126,8036,620,44,44,8,20445,0,-2,0,0,37057,155,30,66,0,0,0,0,0,0,0,0,-32305,0,0,0,0,0,156421,0
156424,1136,8036,604,36,36,5,20445,-5,-5,1,0,37056,154,30,66,0,0,0,0,0,0,0,0,-32306,0,0,0,0,0,156426,0
156429,1132,8048,600,35,44,-2,20444,0,0,1,0,37056,154,30,66,0,0,0,0,0,0,0,0,-32305,0,0,0,0,0,156431,0
156434,1190,8070,592,31,42,-7,20443,-6,0,1,0,37059,156,30,66,0,0,0,0,0,0,0,0,-32306,0,0,0,0,0,156436,0
156439,1230,8056,600,30,37,-12,20443,-1,-5,1,0,37059,156,30,66,0,0,0,0,0,0,0,0,-32305,0,0,0,0,0,156441,0
156444,1214,8032,614,26,43,-25,20443,0,1,0,0,37052,159,30,66,0,0,0,0,0,0,0,0,-32305,0,0,0,0,0,156446,0
156449,1194,8064,612,24,37,-31,20444,5,3,0,0,37052,159,30,66,0,0,0,0,0,0,0,0,-32306,0,0,0,0,0,156451,0
156454,1214,8042,610,17,41,-36,20443,3,0,0,0,37046,151,30,66,0,0,0,0,0,0,0,0,-32305,0,0,0,0,0,156456,0
156459,1252,8046,618,22,34,-42,20442,-8,1,-1,0,37046,151,30,66,0,0,0,0,0,0,0,0,-32306,0,0,0,0,0,156461,0
156464,1216,8040,624,16,32,-50,20442,-2,-4,-2,0,37046,152,30,66,0,0,0,0,0,0,0,0,-32306,0,0,0,0,0,156466,0
156469,1206,8044,602,13,26,-61,20443,3,1,-3,0,37046,152,30,66,0,0,0,0,0,0,0,0,-32305,0,0,0,0,0,156471,0
156474,1168,8034,630,7,28,-65,20441,-3,-2,-3,0,37049,152,30,66,0,0,0,0,0,0,0,0,-32305,0,0,0,0,0,156476,0
156479,1154,7996,646,2,26,-69,20443,1,3,-4,0,37049,152,30,66,0,0,0,0,0,0,0,0,-32305,0,0,0,0,0,156481,0
156484,1080,8046,668,5,26,-78,20442,-4,0,-3,0,37050,148,30,66,0,0,0,0,0,0,0,0,-32305,0,0,0,0,0,156486,0
156489,1062,8032,654,-1,10,-82,20441,-9,-1,-3,0,37050,148,30,66,0,0,0,0,0,0,0,0,-32305,0,0,0,0,0,156491,0
156494,1084,8044,650,-1,21,-81,20442,-1,0,-3,0,37047,147,30,66,0,0,0,0,0,0,0,0,-32306,0,0,0,0,0,156496,0
156499,1060,8010,672,-1,12,-85,20442,-1,-1,-2,0,37047,147,30,66,0,0,0,0,0,0,0,0,-32305,0,0,0,0,0,156501,0
156504,1032,8050,670,-11,8,-93,20443,2,-2,-2,0,37051,154,30,66,0,0,0,0,0,0,0,0,-32305,0,0,0,0,0,156506,0
156509,1042,8048,678,-8,5,-102,20443,1,-2,-3,0,37051,154,30,66,0,0,0,0,0,0,0,0,-32305,0,0,0,0,0,156511,0
156514,1010,8036,678,-9,-1,-101,20444,3,2,-3,0,37052,150,30,66,0,0,0,0,0,0,0,0,-32306,0,0,0,0,0,156516,0
156519,1020,8064,680,-4,5,-102,20442,0,3,-2,0,37052,150,30,66,0,0,0,0,0,0,0,0,-32306,0,0,0,0,0,156521,0
156524,1054,8040,714,-14,-5,-104,20442,5,-4,-4,0,37053,153,30,66,0,0,0,0,0,0,0,0,-32306,0,0,0,0,0,156526,0
156529,1020,8034,730,-15,0,-113,20442,0,-5,-3,0,37053,153,30,66,0,0,0,0,0,0,0,0,-32305,0,0,0,0,0,156531,0
156534,1026,8064,704,-11,-3,-113,20442,1,4,-4,0,37047,146,30,66,0,0,0,0,0,0,0,0,-32305,0,0,0,0,0,156536,0
156539,1008,8028,730,-12,-2,-114,20444,5,4,-4,0,37047,146,30,66,0,0,0,0,0,0,0,0,-32306,0,0,0,0,0,156541,0
156544,954,8020,738,-14,-1,-117,20443,0,3,-3,0,37048,151,30,66,0,0,0,0,0,0,0,0,-32306,0,0,0,0,0,156546,0
156549,950,8020,732,-17,-3,-113,20442,-5,-3,-4,0,37048,151,30,66,0,0,0,0,0,0,0,0,-32305,0,0,0,0,0,156551,0
156554,938,8034,732,-14,2,-110,20442,0,-5,-4,0,37049,155,30,66,0,0,0,0,0,0,0,0,-32306,0,0,0,0,0,156556,0
156559,920,8030,742,-17,5,-120,20443,1,0,-5,0,37049,155,30,66,0,0,0,0,0,0,0,0,-32305,0,0,0,0,0,156561,0
156564,934,8018,752,-16,1,-113,20442,2,3,-4,0,37050,153,30,66,0,0,0,0,0,0,0,0,-32306,0,0,0,0,0,156566,0
156569,898,8004,742,-11,5,-115,20443,2,3,-4,0,37050,153,30,66,0,0,0,0,0,0,0,0,-32306,0,0,0,0,0,156571,0
156574,896,8034,736,-15,4,-117,20442,-1,-1,-3,0,37048,163,30,66,0,0,0,0,0,0,0,0,-32305,0,0,0,0,0,156576,0
156579,880,8042,742,-11,4,-113,20443,-1,5,-2,0,37048,163,30,66,0,0,0,0,0,0,0,0,-32306,0,0,0,0,0,156581,0
156584,910,8056,722,-14,7,-110,20443,1,3,-2,0,37047,159,30,66,0,0,0,0,0,0,0,0,-32306,0,0,0,0,0,156586,0
156589,912,8052,762,-14,8,-113,20444,7,-1,-3,0,37047,159,30,66,0,0,0,0,0,0,0,0,-32306,0,0,0,0,0,156591,0
156594,920,8060,744,-18,6,-113,20443,2,1,-3,0,37049,159,30,66,0,0,0,0,0,0,0,0,-32305,0,0,0,0,0,156596,0
156599,892,8050,748,-15,10,-112,20444,9,1,-3,0,37049,159,30,66,0,0,0,0,0,0,0,0,-32306,0,0,0,0,0,156601,0
156604,906,8052,744,-18,14,-115,20443,0,1,-3,0,37052,161,30,66,0,0,0,0,0,0,0,0,-32305,0,0,0,0,0,156606,0
156609,910,8054,734,-16,15,-109,20443,-2,8,-4,0,37052,161,30,66,0,0,0,0,0,0,0,0,-32305,0,0,0,0,0,156611,0
156614,904,8054,740,-13,21,-112,20443,3,-2,-3,0,37053,151,30,66,0,0,0,0,0,0,0,0,-32305,0,0,0,0,0,156616,0
156619,880,8034,752,-17,25,-108,20444,4,3,-2,0,37053,151,30,66,0,0,0,0,0,0,0,0,-32306,0,0,0,0,0,156621,0
156624,886,8034,756,-18,25,-105,20442,-3,-1,-3,0,37050,147,30,66,0,0,0,0,0,0,0,0,-32306,0,0,0,0,0,156626,0
156629,894,8014,758,-11,23,-107,20441,-6,-3,-4,0,37050,147,30,66,0,0,0,0,0,0,0,0,-32305,0,0,0,0,0,156631,0
156634,900,8058,764,-18,30,-107,20443,-5,6,-3,0,37051,149,30,66,0,0,0,0,0,0,0,0,-32305,0,0,0,0,0,156636,0
156639,912,8048,790,-17,28,-107,20441,-2,-7,-4,0,37051,149,30,66,0,0,0,0,0,0,0,0,-32306,0,0,0,0,0,156641,0
156644,906,8032,770,-13,34,-107,20442,-4,-3,-4,0,37048,152,30,66,0,0,0,0,0,0,0,0,-32305,0,0,0,0,0,156646,0
156649,928,8044,782,-16,37,-110,20444,1,10,-3,0,37048,152,30,66,0,0,0,0,0,0,0,0,-32305,0,0,0,0,0,156651,0
156654,914,8040,770,-15,37,-111,20442,-7,-1,-3,0,37048,155,30,66,0,0,0,0,0,0,0,0,-32306,0,0,0,0,0,156656,0
156659,912,8018,788,-15,40,-113,20442,-6,-7,-4,0,37048,155,30,66,0,0,0,0,0,0,0,0,-32306,0,0,0,0,0,156661,0
156664,904,7990,792,-15,37,-115,20442,-4,-3,-2,0,37049,145,30,66,0,0,0,0,0,0,0,0,-32305,0,0,0,0,0,156666,0
156669,880,8024,798,-16,40,-118,20443,2,3,-4,0,37049,145,30,66,0,0,0,0,0,0,0,0,-32305,0,0,0,0,0,156671,0
156674,896,8040,818,-11,38,-110,20443,4,-1,-4,0,37056,139,30,66,0,0,0,0,0,0,0,0,-32305,0,0,0,0,0,156676,0
156679,898,8026,826,-14,35,-119,20444,0,2,-4,0,37056,139,30,66,0,0,0,0,0,0,0,0,-32305,0,0,0,0,0,156681,0
156684,866,8042,802,-6,35,-117,20443,1,2,-4,0,37071,141,30,66,0,0,0,0,0,0,0,0,-32306,0,0,0,0,0,156686,0
156689,858,8052,796,-11,29,-121,20443,-5,2,-5,0,37071,141,30,66,0,0,0,0,0,0,0,0,-32306,0,0,0,0,0,156691,0
156694,836,8068,812,-9,28,-121,20443,0,-1,-4,0,37080,147,30,66,0,0,0,0,0,0,0,0,-32306,0,0,0,0,0,156696,0
156699,848,8062,792,-11,28,-113,20443,0,-4,-3,0,37080,147,30,66,0,0,0,0,0,0,0,0,-32306,0,0,0,0,0,156701,0
156704,858,8090,780,-11,25,-118,20444,0,2,-3,0,37072,146,30,66,0,0,0,0,0,0,0,0,-32305,0,0,0,0,0,156706,0
156709,824,8088,808,-15,24,-117,20442,-7,-3,-5,0,37072,146,30,66,0,0,0,0,0,0,0,0,-32306,0,0,0,0,0,156711,0
156714,828,8076,772,-11,20,-120,20445,12,7,-5,0,37064,133,30,66,0,0,0,0,0,0,0,0,-32306,0,0,0,0,0,156716,0
156719,844,8096,800,-15,19,-117,20442,-3,-4,-4,0,37064,133,30,66,0,0,0,0,0,0,0,0,-32305,0,0,0,0,0,156721,0
156724,762,8066,778,-13,18,-120,20444,-6,5,-5,0,37055,139,30,66,0,0,0,0,0,0,0,0,-32305,0,0,0,0,0,156726,0
156729,752,8080,770,-11,20,-120,20443,2,1,-5,0,37055,139,30,66,0,0,0,0,0,0,0,0,-32306,0,0,0,0,0,156731,0
156734,734,8076,752,-10,20,-120,20443,-3,-4,-4,0,37055,149,30,66,0,0,0,0,0,0,0,0,-32305,0,0,0,0,0,156736,0
156739,754,8076,794,-10,22,-115,20444,-2,0,-4,0,37055,149,30,66,0,0,0,0,0,0,0,0,-32306,0,0,0,0,0,156741,0
156744,722,8096,782,-14,24,-112,20444,5,-2,-5,0,37047,156,30,66,0,0,0,0,0,0,0,0,-32306,0,0,0,0,0,156746,0
156749,726,8072,776,-13,17,-103,20444,-5,-4,-3,0,37047,156,30,66,0,0,0,0,0,0,0,0,-32305,0,0,0,0,0,156751,0
156754,682,8064,764,-17,20,-105,20444,0,0,-4,0,37045,155,30,66,0,0,0,0,0,0,0,0,-32305,0,0,0,0,0,156756,0
156759,670,8048,776,-17,15,-100,20444,0,-3,-3,0,37045,155,30,66,0,0,0,0,0,0,0,0,-32306,0,0,0,0,0,156761,0
156764,674,8090,752,-25,16,-95,20443,-1,-3,-3,0,37049,157,30,66,0,0,0,0,0,0,0,0,-32305,0,0,0,0,0,156766,0
156769,710,8092,766,-22,13,-96,20444,-7,0,-5,0,37049,157,30,66,0,0,0,0,0,0,0,0,-32305,0,0,0,0,0,156771,0
156774,718,8090,776,-17,20,-93,20445,0,1,-4,0,37051,164,30,66,0,0,0,0,0,0,0,0,-32305,0,0,0,0,0,156776,0
156779,728,8090,766,-22,17,-89,20445,2,0,-4,0,37051,164,30,66,0,0,0,0,0,0,0,0,-32306,0,0,0,0,0,156782,0
156784,726,8040,788,-21,25,-88,20443,-5,-7,-3,0,37048,154,30,66,0,0,0,0,0,0,0,0,-32306,0,0,0,0,0,156787,0
156789,728,8052,826,-24,29,-88,20445,2,0,-2,0,37048,154,30,66,0,0,0,0,0,0,0,0,-32305,0,0,0,0,0,156792,0
156794,724,8104,788,-18,24,-87,20445,-1,2,-3,0,37043,148,30,66,0,0,0,0,0,0,0,0,-32305,0,0,0,0,0,156797,0
156799,778,8088,802,-24,26,-86,20444,0,0,-3,0,37043,148,30,66,0,0,0,0,0,0,0,0,-32305,0,0,0,0,0,156802,0
156804,776,7994,854,-25,30,-81,20444,0,-2,-4,0,37044,151,30,66,0,0,0,0,0,0,0,0,-32305,0,0,0,0,0,156807,0
156809,704,8026,828,-23,29,-79,20444,1,-2,-4,0,37044,151,30,66,0,0,0,0,0,0,0,0,-32306,0,0,0,0,0,156812,0
156814,682,8052,768,-23,24,-83,20443,-7,-1,-4,0,37046,143,30,66,0,0,0,0,0,0,0,0,-32305,0,0,0,0,0,156817,0
156819,730,8022,810,-29,32,-83,20444,-5,1,-4,0,37046,143,30,66,0,0,0,0,0,0,0,0,-32305,0,0,0,0,0,156822,0
156824,758,7982,848,-31,31,-80,20445,0,5,-3,0,37046,152,30,66,0,0,0,0,0,0,0,0,-32305,0,0,0,0,0,156827,0
156829,742,8002,842,-23,36,-77,20445,3,-1,-3,0,37046,152,30,66,0,0,0,0,0,0,0,0,-32305,0,0,0,0,0,156832,0
156834,770,8014,830,-28,32,-73,20445,-5,1,-2,0,37046,147,30,66,0,0,0,0,0,0,0,0,-32306,0,0,0,0,0,156837,0
156839,756,8034,840,-31,32,-73,20443,-6,-1,-1,0,37046,147,30,66,0,0,0,0,0,0,0,0,-32305,0,0,0,0,0,156842,0
156844,686,8098,836,-25,43,-74,20444,0,-4,-2,0,37047,146,30,66,0,0,0,0,0,0,0,0,-32306,0,0,0,0,0,156847,0
156849,734,8050,882,-26,45,-80,20444,2,0,-2,0,37047,146,30,66,0,0,0,0,0,0,0,0,-32306,0,0,0,0,0,156852,0
156854,742,8092,914,-27,52,-74,20444,2,1,-2,0,37046,136,30,66,0,0,0,0,0,0,0,0,-32306,0,0,0,0,0,156857,0
156859,742,8062,900,-26,54,-74,20444,0,-1,-3,0,37046,136,30,66,0,0,0,0,0,0,0,0,-32306,0,0,0,0,0,156862,0
156864,756,8192,900,-26,47,-69,20444,-3,0,-3,0,37046,136,30,66,0,0,0,0,0,0,0,0,-32306,0,0,0,0,0,156867,0
156869,648,8128,842,-23,45,-75,20444,-3,-2,-3,0,37046,136,30,66,0,0,0,0,0,0,0,0,-32305,0,0,0,0,0,156872,0
156874,646,8048,862,-20,52,-73,20445,1,2,-3,0,37043,141,30,66,0,0,0,0,0,0,0,0,-32306,0,0,0,0,0,156877,0
156879,616,8050,890,-21,51,-72,20445,4,-1,-3,0,37043,141,30,66,0,0,0,0,0,0,0,0,-32305,0,0,0,0,0,156882,0
156884,776,8140,866,-25,49,-66,20444,2,0,-3,0,37043,150,30,66,0,0,0,0,0,0,0,0,-32306,0,0,0,0,0,156887,0
156889,698,8104,846,-15,59,-62,20444,2,1,-2,0,37043,150,30,66,0,0,0,0,0,0,0,0,-32305,0,0,0,0,0,156892,0
156894,682,8156,922,-23,53,-63,20444,5,1,-2,0,37046,156,30,66,0,0,0,0,0,0,0,0,-32306,0,0,0,0,0,156897,0
156899,734,8186,876,-24,58,-69,20444,-4,1,-3,0,37046,156,30,66,0,0,0,0,0,0,0,0,-32306,0,0,0,0,0,156902,0
156904,712,8106,846,-22,67,-57,20445,5,0,-3,0,37051,155,30,66,0,0,0,0,0,0,0,0,-32305,0,0,0,0,0,156907,0
156909,830,8150,900,-27,71,-58,20444,-10,-2,-3,0,37051,155,30,66,0,0,0,0,0,0,0,0,-32305,0,0,0,0,0,156912,0
156914,788,8050,814,-20,74,-56,20445,-1,2,-4,0,37050,152,30,66,0,0,0,0,0,0,0,0,-32305,0,0,0,0,0,156917,0
156919,684,8040,796,-25,87,-58,20444,-4,-3,-3,0,37050,152,30,66,0,0,0,0,0,0,0,0,-32305,0,0,0,0,0,156922,0
156924,798,8116,838,-29,103,-51,20445,6,1,-3,0,37049,149,30,66,0,0,0,0,0,0,0,0,-32305,0,0,0,0,0,156927,0
156929,914,8050,844,-30,109,-56,20444,0,2,-3,0,37049,149,30,66,0,0,0,0,0,0,0,0,-32305,0,0,0,0,0,156932,0
156934,796,7982,824,-31,109,-60,20445,4,5,-3,0,37049,147,30,66,0,0,0,0,0,0,0,0,-32305,0,0,0,0,0,156937,0
156939,732,8004,792,-34,114,-52,20444,0,3,-3,0,37049,147,30,66,0,0,0,0,0,0,0,0,-32306,0,0,0,0,0,156942,0
156944,806,8016,854,-30,112,-55,20445,-3,5,-3,0,37051,164,30,66,0,0,0,0,0,0,0,0,-32306,0,0,0,0,0,156947,0
156949,720,7938,798,-29,113,-62,20444,3,-2,-1,0,37051,164,30,66,0,0,0,0,0,0,0,0,-32306,0,0,0,0,0,156952,0
156954,678,7962,862,-33,112,-63,20444,1,-5,-3,0,37048,153,30,66,0,0,0,0,0,0,0,0,-32306,0,0,0,0,0,156957,0
156959,778,8022,852,-39,112,-60,20446,15,4,-3,0,37048,153,30,66,0,0,0,0,0,0,0,0,-32306,0,0,0,0,0,156962,0
156964,672,7986,858,-47,109,-64,20444,5,-1,-2,0,37045,149,30,66,0,0,0,0,0,0,0,0,-32306,0,0,0,0,0,156967,0
156969,736,8044,870,-40,105,-57,20444,0,2,-4,0,37045,149,30,66,0,0,0,0,0,0,0,0,-32306,0,0,0,0,0,156972,0
156974,674,8044,840,-39,102,-64,20444,-3,0,-4,0,37046,141,30,66,0,0,0,0,0,0,0,0,-32305,0,0,0,0,0,156977,0
156979,624,8082,814,-43,104,-62,20445,-2,-1,-3,0,37046,141,30,66,0,0,0,0,0,0,0,0,-32306,0,0,0,0,0,156982,0
156984,654,8048,886,-46,105,-59,20445,5,-3,-3,0,37048,141,30,66,0,0,0,0,0,0,0,0,-32305,0,0,0,0,0,156987,0
156989,662,8122,876,-52,94,-58,20445,1,-1,-1,0,37048,141,30,66,0,0,0,0,0,0,0,0,-32306,0,0,0,0,0,156992,0
156994,650,8106,798,-48,99,-62,20445,3,2,-3,0,37046,146,30,66,0,0,0,0,0,0,0,0,-32306,0,0,0,0,0,156997,0
156999,698,8056,838,-48,99,-64,20445,5,3,-4,0,37046,146,30,66,0,0,0,0,0,0,0,0,-32306,0,0,0,0,0,157002,0
157004,668,8112,792,-54,101,-64,20446,-2,2,-3,0,37043,139,30,66,0,0,0,0,0,0,0,0,-32305,0,0,0,0,0,157007,0
157009,714,8120,862,-55,98,-67,20443,-2,-1,-2,0,37043,139,30,66,0,0,0,0,0,0,0,0,-32306,0,0,0,0,0,157012,0
157014,776,8260,916,-52,102,-62,20445,7,-3,-3,0,37043,134,30,66,0,0,0,0,0,0,0,0,-32306,0,0,0,0,0,157017,0
157019,824,8144,838,-55,97,-66,20445,0,0,-3,0,37043,134,30,66,0,0,0,0,0,0,0,0,-32305,0,0,0,0,0,157022,0
157024,656,8156,878,-57,100,-71,20445,0,5,-2,0,37052,144,30,66,0,0,0,0,0,0,0,0,-32306,0,0,0,0,0,157027,0
157029,634,8126,946,-60,110,-77,20445,5,5,-2,0,37052,144,30,66,0,0,0,0,0,0,0,0,-32305,0,0,0,0,0,157032,0
157034,736,8148,918,-59,108,-74,20444,0,0,-2,0,37055,152,30,66,0,0,0,0,0,0,0,0,-32305,0,0,0,0,0,157037,0
157039,698,8064,926,-59,116,-74,20443,-2,-2,-3,0,37055,152,30,66,0,0,0,0,0,0,0,0,-32305,0,0,0,0,0,157042,0
157044,738,8066,856,-52,124,-82,20444,3,-3,-3,0,37049,160,30,66,0,0,0,0,0,0,0,0,-32305,0,0,0,0,0,157047,0
157049,714,8082,1024,-66,119,-76,20444,-7,0,-2,0,37049,160,30,66,0,0,0,0,0,0,0,0,-32305,0,0,0,0,0,157052,0
157054,670,8128,914,-52,132,-82,20444,1,1,-3,0,37046,157,30,66,0,0,0,0,0,0,0,0,-32306,0,0,0,0,0,157057,0
157059,670,7986,926,-49,140,-79,20444,2,-4,-3,0,37046,157,30,66,0,0,0,0,0,0,0,0,-32306,0,0,0,0,0,157062,0
157064,664,7998,872,-45,141,-87,20444,2,5,-2,0,37046,153,30,66,0,0,0,0,0,0,0,0,-32305,0,0,0,0,0,157067,0
157069,692,8088,1066,-61,145,-77,20443,-2,2,-3,0,37046,153,30,66,0,0,0,0,0,0,0,0,-32306,0,0,0,0,0,157072,0
157074,844,8250,1042,-50,146,-80,20445,-3,-1,-3,0,37049,153,30,66,0,0,0,0,0,0,0,0,-32306,0,0,0,0,0,157077,0
157079,744,8014,930,-49,150,-88,20444,-3,-2,-3,0,37049,153,30,66,0,0,0,0,0,0,0,0,-32306,0,0,0,0,0,157082,0
157084,646,8084,988,-46,158,-94,20446,0,-5,-3,0,37047,155,30,66,0,0,0,0,0,0,0,0,-32305,0,0,0,0,0,157087,0
157089,684,8080,1008,-46,156,-96,20444,3,-1,-3,0,37047,155,30,66,0,0,0,0,0,0,0,0,-32305,0,0,0,0,0,157092,0
157094,742,8116,978,-45,159,-95,20444,2,6,-3,0,37045,155,30,66,0,0,0,0,0,0,0,0,-32306,0,0,0,0,0,157097,0
157099,762,8102,964,-46,159,-105,20445,1,-4,-5,0,37045,155,30,66,0,0,0,0,0,0,0,0,-32305,0,0,0,0,0,157102,0
157104,732,8096,988,-46,166,-107,20443,-11,3,-5,0,37047,155,30,66,0,0,0,0,0,0,0,0,-32305,0,0,0,0,0,157107,0
157109,740,8116,996,-42,169,-106,20446,0,0,-5,0,37047,155,30,66,0,0,0,0,0,0,0,0,-32306,0,0,0,0,0,157112,0
157114,708,8096,1006,-44,169,-105,20445,0,-1,-5,0,37049,150,30,66,0,0,0,0,0,0,0,0,-32306,0,0,0,0,0,157117,0
157119,700,8092,1006,-43,161,-108,20445,2,6,-7,0,37049,150,30,66,0,0,0,0,0,0,0,0,-32305,0,0,0,0,0,157122,0
157124,636,8074,1024,-42,166,-113,20446,0,0,-7,0,37048,150,30,66,0,0,0,0,0,0,0,0,-32305,0,0,0,0,0,157127,0
157129,584,8068,1028,-46,161,-114,20447,4,4,-7,0,37048,150,30,66,0,0,0,0,0,0,0,0,-32305,0,0,0,0,0,157132,0
157134,590,8042,1036,-49,164,-111,20447,0,1,-7,0,37049,156,30,66,0,0,0,0,0,0,0,0,-32306,0,0,0,0,0,157137,0
157139,588,8032,1006,-49,154,-113,20447,7,2,-8,0,37049,156,30,66,0,0,0,0,0,0,0,0,-32305,0,0,0,0,0,157142,0
157144,572,8020,1014,-44,162,-110,20447,-3,-5,-7,0,37051,150,30,66,0,0,0,0,0,0,0,0,-32306,0,0,0,0,0,157147,0
157149,594,8028,1012,-36,165,-109,20447,0,1,-7,0,37051,150,30,66,0,0,0,0,0,0,0,0,-32305,0,0,0,0,0,157152,0
157154,568,7996,1036,-41,164,-110,20449,4,-1,-7,0,37051,139,30,66,0,0,0,0,0,0,0,0,-32305,0,0,0,0,0,157157,0
157159,584,8026,1042,-39,172,-104,20449,0,-2,-7,0,37051,139,30,66,0,0,0,0,0,0,0,0,-32306,0,0,0,0,0,157162,0
157164,536,8054,1034,-39,174,-108,20448,-1,-2,-6,0,37049,142,30,66,0,0,0,0,0,0,0,0,-32306,0,0,0,0,0,157167,0
157169,570,8084,1050,-33,182,-102,20449,-3,-4,-7,0,37049,142,30,66,0,0,0,0,0,0,0,0,-32305,0,0,0,0,0,157172,0
157174,552,8076,1064,-38,185,-101,20449,0,-2,-7,0,37045,138,30,66,0,0,0,0,0,0,0,0,-32306,0,0,0,0,0,157177,0
157179,560,8082,1042,-35,182,-102,20450,5,3,-6,0,37045,138,30,66,0,0,0,0,0,0,0,0,-32305,0,0,0,0,0,157182,0
157184,560,8098,1060,-36,189,-102,20449,-1,-2,-6,0,37044,144,30,66,0,0,0,0,0,0,0,0,-32305,0,0,0,0,0,157187,0
157189,574,8102,1030,-35,189,-104,20450,2,3,-5,0,37044,144,30,66,0,0,0,0,0,0,0,0,-32305,0,0,0,0,0,157192,0
157194,580,8094,1008,-32,187,-100,20449,0,1,-4,0,37047,150,30,66,0,0,0,0,0,0,0,0,-32306,0,0,0,0,0,157197,0
157199,606,8162,1002,-42,190,-101,20450,3,2,-4,0,37047,150,30,66,0,0,0,0,0,0,0,0,-32306,0,0,0,0,0,157202,0
157204,604,8132,1002,-34,188,-106,20451,1,-2,-5,0,37049,151,30,66,0,0,0,0,0,0,0,0,-32305,0,0,0,0,0,157207,0
157209,632,8146,1020,-33,194,-102,20451,0,3,-5,0,37049,151,30,66,0,0,0,0,0,0,0,0,-32305,0,0,0,0,0,157212,0
157214,630,8134,1000,-38,194,-108,20451,6,3,-5,0,37046,162,30,66,0,0,0,0,0,0,0,0,-32305,0,0,0,0,0,157217,0
157219,638,8148,972,-37,193,-108,20451,1,3,-6,0,37046,162,30,66,0,0,0,0,0,0,0,0,-32306,0,0,0,0,0,157222,0
157224,650,8138,966,-43,193,-111,20452,-4,-3,-7,0,37043,148,30,66,0,0,0,0,0,0,0,0,-32305,0,0,0,0,0,157227,0
157229,626,8104,966,-36,193,-112,20451,1,6,-9,0,37043,148,30,66,0,0,0,0,0,0,0,0,-32306,0,0,0,0,0,157232,0
157234,598,8094,960,-37,191,-115,20453,3,1,-10,0,37044,152,30,66,0,0,0,0,0,0,0,0,-32306,0,0,0,0,0,157237,0
157239,618,8090,954,-38,189,-117,20454,4,1,-15,0,37044,152,30,66,0,0,0,0,0,0,0,0,-32306,0,0,0,0,0,157242,0
157244,534,8070,940,-38,185,-115,20455,9,4,-17,0,37048,162,30,66,0,0,0,0,0,0,0,0,-32306,0,0,0,0,0,157247,0
157249,518,8072,984,-41,183,-114,20457,8,5,-15,0,37048,162,30,66,0,0,0,0,0,0,0,0,-32305,0,0,0,0,0,157252,0
157254,482,8094,972,-38,175,-116,20459,10,0,-18,0,37046,156,30,66,0,0,0,0,0,0,0,0,-32305,0,0,0,0,0,157257,0
157259,460,8104,1002,-41,172,-110,20460,6,1,-25,0,37046,156,30,66,0,0,0,0,0,0,0,0,-32306,0,0,0,0,0,157262,0
157264,408,8134,1042,-43,168,-110,20465,21,7,-38,0,37044,148,30,66,0,0,0,0,0,0,0,0,-32305,0,0,0,0,0,157267,0
157269,396,8184,1088,-44,164,-108,20474,37,15,-64,0,37044,148,30,66,0,0,0,0,0,0,0,0,-32305,0,0,0,0,0,157272,0
157274,424,8158,1074,-45,161,-108,20491,82,42,-111,0,37046,139,30,66,0,0,0,0,0,0,0,0,-32306,0,0,0,0,0,157277,0
157279,514,8198,1082,-43,165,-112,20513,99,68,-149,0,37046,139,30,66,0,0,0,0,0,0,0,0,-32306,0,0,0,0,0,157282,0
157284,544,8208,1108,-42,161,-115,20532,82,68,-138,0,37049,144,30,66,0,0,0,0,0,0,0,0,-32306,0,0,0,0,0,157287,0
157289,530,8202,1108,-41,162,-112,20555,106,54,-150,0,37049,144,30,66,0,0,0,0,0,0,0,0,-32306,0,0,0,0,0,157292,0
157294,610,8196,1096,-38,164,-110,20585,129,49,-187,0,37048,142,30,66,0,0,0,0,0,0,0,0,-32306,0,0,0,0,0,157297,0
157299,560,8150,1070,-35,163,-112,20609,103,27,-170,0,37048,142,30,66,0,0,0,0,0,0,0,0,-32305,0,0,0,0,0,157302,0
157304,562,8038,996,-29,167,-87,20635,117,21,-164,0,37045,139,30,66,0,0,0,0,0,0,0,0,-32306,0,0,0,0,0,157307,0
157309,574,8024,946,-13,162,-50,20654,80,2,-147,0,37045,139,30,66,0,0,0,0,0,0,0,0,-32307,0,0,0,0,0,157312,0
157314,700,7980,748,5,158,-21,20663,47,-46,-86,0,37045,136,30,66,0,0,0,0,0,0,0,0,-32305,0,0,0,0,0,157317,0
157319,766,7964,668,14,151,18,20669,22,-74,-53,0,37045,136,30,66,0,0,0,0,0,0,0,0,-32305,0,0,0,0,0,157322,0
157324,1024,8050,578,55,141,66,20677,32,-78,-55,0,37050,136,30,66,0,0,0,0,0,0,0,0,-32306,0,0,0,0,0,157327,0
157329,1062,8194,678,66,137,79,20686,39,-59,-65,0,37050,136,30,66,0,0,0,0,0,0,0,0,-32306,0,0,0,0,0,157332,0
157334,1072,8244,698,78,146,68,20694,42,-16,-66,0,37051,147,30,66,0,0,0,0,0,0,0,0,-32305,0,0,0,0,0,157337,0
157339,1000,8222,706,103,152,68,20696,15,-3,-42,0,37051,147,30,66,0,0,0,0,0,0,0,0,-32305,0,0,0,0,0,157342,0
157344,800,8206,718,129,152,73,20699,5,-15,-7,0,37054,144,30,66,0,0,0,0,0,0,0,0,-32305,0,0,0,0,0,157347,0
157349,760,8150,768,145,158,90,20698,7,-34,4,0,37054,144,30,66,0,0,0,0,0,0,0,0,-32306,0,0,0,0,0,157352,0
157354,712,8124,790,150,153,110,20700,11,-27,2,0,37051,141,30,66,0,0,0,0,0,0,0,0,-32306,0,0,0,0,0,157357,0
157359,724,8174,806,167,160,126,20698,0,-27,3,0,37051,141,30,66,0,0,0,0,0,0,0,0,-32306,0,0,0,0,0,157362,0
157364,778,8286,896,184,166,145,20698,-2,-10,4,0,37053,137,30,66,0,0,0,0,0,0,0,0,-32305,0,0,0,0,0,157367,0
157369,836,8342,922,188,167,149,20698,2,-5,6,0,37053,137,30,66,0,0,0,0,0,0,0,0,-32306,0,0,0,0,0,157372,0
157374,806,8370,944,196,161,140,20698,0,-1,5,0,37052,139,30,66,0,0,0,0,0,0,0,0,-32305,0,0,0,0,0,157377,0
157379,800,8386,962,204,164,143,20698,-3,-1,4,0,37052,139,30,66,0,0,0,0,0,0,0,0,-32305,0,0,0,0,0,157382,0
157384,738,8400,1016,213,179,134,20699,6,-3,4,0,37050,148,30,66,0,0,0,0,0,0,0,0,-32305,0,0,0,0,0,157387,0
157389,738,8412,1068,215,175,140,20699,4,0,4,0,37050,148,30,66,0,0,0,0,0,0,0,0,-32305,0,0,0,0,0,157392,0
157394,694,8400,1096,222,173,143,20699,-1,1,3,0,37049,142,30,66,0,0,0,0,0,0,0,0,-32306,0,0,0,0,0,157397,0
157399,706,8392,1134,222,175,153,20698,0,-3,3,0,37049,142,30,66,0,0,0,0,0,0,0,0,-32305,0,0,0,0,0,157402,0
157404,694,8382,1174,222,177,159,20698,-6,-4,4,0,37050,141,30,66,0,0,0,0,0,0,0,0,-32306,0,0,0,0,0,157407,0
157409,704,8384,1196,214,177,157,20699,6,-5,4,0,37050,141,30,66,0,0,0,0,0,0,0,0,-32306,0,0,0,0,0,157412,0
157414,690,8356,1230,213,169,160,20697,0,0,4,0,37051,145,30,66,0,0,0,0,0,0,0,0,-32306,0,0,0,0,0,157417,0
157419,694,8316,1234,215,174,160,20698,-1,0,4,0,37051,145,30,66,0,0,0,0,0,0,0,0,-32305,0,0,0,0,0,157422,0
157424,654,8262,1286,198,172,171,20697,-9,-2,5,0,37048,145,30,66,0,0,0,0,0,0,0,0,-32306,0,0,0,0,0,157427,0
157429,622,8252,1314,190,162,170,20698,-3,1,4,0,37048,145,30,66,0,0,0,0,0,0,0,0,-32305,0,0,0,0,0,157432,0
157434,612,8232,1334,184,159,170,20698,1,0,4,0,37045,153,30,66,0,0,0,0,0,0,0,0,-32305,0,0,0,0,0,157437,0
157439,580,8174,1368,171,155,184,20698,6,1,3,0,37045,153,30,66,0,0,0,0,0,0,0,0,-32305,0,0,0,0,0,157442,0
157444,518,8092,1400,157,144,191,20699,-1,-2,3,0,37052,158,30,66,0,0,0,0,0,0,0,0,-32305,0,0,0,0,0,157447,0
157449,498,8030,1406,148,137,194,20699,-4,-1,4,0,37052,158,30,66,0,0,0,0,0,0,0,0,-32305,0,0,0,0,0,157452,0
157454,476,7990,1438,142,131,195,20696,-8,3,5,0,37053,160,30,66,0,0,0,0,0,0,0,0,-32306,0,0,0,0,0,157457,0
157459,460,7952,1438,128,118,195,20698,-2,-2,5,0,37053,160,30,66,0,0,0,0,0,0,0,0,-32306,0,0,0,0,0,157462,0
157464,428,7876,1446,103,113,199,20698,1,-4,3,0,37052,163,30,66,0,0,0,0,0,0,0,0,-32305,0,0,0,0,0,157467,0
157469,404,7844,1466,95,111,201,20697,-1,5,5,0,37052,163,30,66,0,0,0,0,0,0,0,0,-32305,0,0,0,0,0,157472,0
157474,368,7824,1468,88,98,201,20699,3,2,5,0,37046,152,30,66,0,0,0,0,0,0,0,0,-32305,0,0,0,0,0,157477,0
157479,350,7834,1480,75,94,198,20697,-7,1,4,0,37046,152,30,66,0,0,0,0,0,0,0,0,-32305,0,0,0,0,0,157482,0
157484,322,7796,1480,53,90,198,20698,0,8,4,0,37045,144,30,66,0,0,0,0,0,0,0,0,-32305,0,0,0,0,0,157487,0
157489,304,7800,1474,36,83,195,20698,1,-4,4,0,37045,144,30,66,0,0,0,0,0,0,0,0,-32306,0,0,0,0,0,157492,0
157494,318,7816,1506,27,87,188,20697,-5,2,4,0,37046,139,30,66,0,0,0,0,0,0,0,0,-32306,0,0,0,0,0,157497,0
157499,312,7778,1488,20,78,188,20697,-2,4,4,0,37046,139,30,66,0,0,0,0,0,0,0,0,-32306,0,0,0,0,0,157502,0
157504,268,7800,1488,-6,85,179,20698,0,4,5,0,37047,141,30,66,0,0,0,0,0,0,0,0,-32305,0,0,0,0,0,157507,0
157509,270,7818,1460,-17,87,174,20698,1,5,3,0,37047,141,30,66,0,0,0,0,0,0,0,0,-32305,0,0,0,0,0,157512,0
157514,262,7814,1462,-32,85,168,20698,5,1,5,0,37044,139,30,66,0,0,0,0,0,0,0,0,-32305,0,0,0,0,0,157517,0
157519,248,7810,1454,-31,95,169,20696,-9,0,5,0,37044,139,30,66,0,0,0,0,0,0,0,0,-32306,0,0,0,0,0,157522,0
157524,258,7806,1424,-52,101,160,20698,0,-3,4,0,37044,132,30,66,0,0,0,0,0,0,0,0,-32306,0,0,0,0,0,157527,0
157529,246,7832,1396,-63,108,154,20698,5,3,3,0,37044,132,30,66,0,0,0,0,0,0,0,0,-32305,0,0,0,0,0,157532,0
157534,230,7856,1394,-67,108,144,20698,5,1,3,0,37048,138,30,66,0,0,0,0,0,0,0,0,-32305,0,0,0,0,0,157537,0
157539,236,7884,1358,-74,113,143,20699,1,-5,4,0,37048,138,30,66,0,0,0,0,0,0,0,0,-32305,0,0,0,0,0,157542,0
157544,238,7896,1326,-84,133,141,20699,3,-2,4,0,37052,143,30,66,0,0,0,0,0,0,0,0,-32306,0,0,0,0,0,157547,0
157549,226,7904,1308,-92,140,137,20699,2,0,3,0,37052,143,30,66,0,0,0,0,0,0,0,0,-32305,0,0,0,0,0,157552,0
157554,234,7898,1304,-88,149,131,20698,1,-1,3,0,37053,146,30,66,0,0,0,0,0,0,0,0,-32306,0,0,0,0,0,157557,0
157559,232,7922,1294,-91,153,132,20699,3,-5,5,0,37053,146,30,66,0,0,0,0,0,0,0,0,-32305,0,0,0,0,0,157562,0
157564,242,7926,1258,-96,169,120,20699,-2,0,3,0,37050,143,30,66,0,0,0,0,0,0,0,0,-32306,0,0,0,0,0,157567,0
157569,238,7932,1224,-90,177,111,20698,5,0,4,0,37050,143,30,66,0,0,0,0,0,0,0,0,-32306,0,0,0,0,0,157572,0
157574,236,7924,1216,-95,183,108,20698,2,-3,3,0,37052,139,30,66,0,0,0,0,0,0,0,0,-32305,0,0,0,0,0,157577,0
157579,234,7918,1208,-89,194,101,20698,-2,2,4,0,37052,139,30,66,0,0,0,0,0,0,0,0,-32305,0,0,0,0,0,157582,0
157584,224,7878,1178,-96,202,89,20698,-1,-2,2,0,37052,161,30,66,0,0,0,0,0,0,0,0,-32306,0,0,0,0,0,157587,0
157589,224,7868,1172,-90,211,79,20697,-8,-2,3,0,37052,161,30,66,0,0,0,0,0,0,0,0,-32305,0,0,0,0,0,157592,0
157594,240,7882,1174,-93,213,74,20698,-2,-2,3,0,37049,158,30,66,0,0,0,0,0,0,0,0,-32306,0,0,0,0,0,157597,0
157599,222,7878,1174,-95,219,71,20698,3,-1,4,0,37049,158,30,66,0,0,0,0,0,0,0,0,-32305,0,0,0,0,0,157602,0
157604,280,7856,1130,-94,221,53,20697,-9,-2,5,0,37044,157,30,66,0,0,0,0,0,0,0,0,-32306,0,0,0,0,0,157607,0
157609,278,7862,1156,-97,230,48,20699,6,2,3,0,37044,157,30,66,0,0,0,0,0,0,0,0,-32305,0,0,0,0,0,157612,0
157614,298,7850,1150,-101,229,44,20698,6,0,4,0,37047,150,30,66,0,0,0,0,0,0,0,0,-32306,0,0,0,0,0,157617,0
157619,290,7840,1138,-98,231,38,20697,1,-1,6,0,37047,150,30,66,0,0,0,0,0,0,0,0,-32306,0,0,0,0,0,157622,0
157624,316,7874,1124,-99,236,25,20698,-6,0,6,0,37052,146,30,66,0,0,0,0,0,0,0,0,-32305,0,0,0,0,0,157627,0
157629,360,7912,1102,-99,227,24,20699,0,4,5,0,37052,146,30,66,0,0,0,0,0,0,0,0,-32306,0,0,0,0,0,157632,0
157634,388,7940,1098,-97,231,21,20697,-5,-8,4,0,37055,142,30,66,0,0,0,0,0,0,0,0,-32306,0,0,0,0,0,157637,0
157639,400,7910,1086,-97,228,20,20697,-7,-2,3,0,37055,142,30,66,0,0,0,0,0,0,0,0,-32306,0,0,0,0,0,157642,0
157644,422,7950,1070,-98,228,20,20698,7,0,3,0,37050,139,30,66,0,0,0,0,0,0,0,0,-32305,0,0,0,0,0,157647,0
157649,456,7964,1048,-105,216,19,20697,-14,1,3,0,37050,139,30,66,0,0,0,0,0,0,0,0,-32306,0,0,0,0,0,157652,0
157654,474,7952,1044,-99,211,21,20698,1,5,8,0,37052,140,30,66,0,0,0,0,0,0,0,0,-32306,0,0,0,0,0,157657,0
157659,482,7936,1036,-102,211,24,20698,1,-5,5,0,37052,140,30,66,0,0,0,0,0,0,0,0,-32306,0,0,0,0,0,157662,0
157664,496,7926,1022,-91,196,38,20699,0,4,3,0,37053,146,30,66,0,0,0,0,0,0,0,0,-32306,0,0,0,0,0,157667,0
157669,470,7920,1038,-90,189,43,20697,-4,-2,4,0,37053,146,30,66,0,0,0,0,0,0,0,0,-32306,0,0,0,0,0,157672,0
157674,534,7908,1016,-88,181,53,20698,-2,3,3,0,37054,145,30,66,0,0,0,0,0,0,0,0,-32306,0,0,0,0,0,157677,0
157679,510,7876,1034,-80,170,59,20698,-1,3,3,0,37054,145,30,66,0,0,0,0,0,0,0,0,-32306,0,0,0,0,0,157682,0
157684,528,7864,1008,-78,152,79,20700,5,4,5,0,37047,149,30,66,0,0,0,0,0,0,0,0,-32305,0,0,0,0,0,157687,0
157689,538,7864,1004,-77,141,76,20698,1,-1,5,0,37047,149,30,66,0,0,0,0,0,0,0,0,-32305,0,0,0,0,0,157692,0
157694,544,7882,1004,-67,129,88,20699,0,7,3,0,37047,149,30,66,0,0,0,0,0,0,0,0,-32305,0,0,0,0,0,157697,0
157699,492,7858,984,-68,119,88,20698,-2,-3,4,0,37047,149,30,66,0,0,0,0,0,0,0,0,-32305,0,0,0,0,0,157702,0
157704,450,7862,988,-56,92,92,20698,-1,2,3,0,37047,145,30,66,0,0,0,0,0,0,0,0,-32306,0,0,0,0,0,157707,0
157709,434,7854,976,-51,82,92,20698,-6,-3,2,0,37047,145,30,66,0,0,0,0,0,0,0,0,-32306,0,0,0,0,0,157712,0
157714,408,7828,984,-44,69,94,20699,3,3,3,0,37047,146,30,66,0,0,0,0,0,0,0,0,-32305,0,0,0,0,0,157717,0
157719,408,7816,980,-32,56,91,20700,5,0,4,0,37047,146,30,66,0,0,0,0,0,0,0,0,-32305,0,0,0,0,0,157722,0
157724,414,7850,998,-24,21,89,20698,3,-1,4,0,37045,152,30,66,0,0,0,0,0,0,0,0,-32306,0,0,0,0,0,157727,0
157729,436,7862,976,-16,11,84,20699,4,2,3,0,37045,152,30,66,0,0,0,0,0,0,0,0,-32306,0,0,0,0,0,157732,0
157734,410,7844,958,-6,-10,79,20698,3,1,4,0,37046,153,30,66,0,0,0,0,0,0,0,0,-32305,0,0,0,0,0,157737,0
157739,398,7886,956,-6,-23,76,20698,1,1,3,0,37046,153,30,66,0,0,0,0,0,0,0,0,-32306,0,0,0,0,0,157742,0
157744,414,7876,950,15,-50,68,20698,-5,3,3,0,37048,148,30,66,0,0,0,0,0,0,0,0,-32306,0,0,0,0,0,157747,0
157749,432,7900,944,14,-63,64,20698,0,-3,4,0,37048,148,30,66,0,0,0,0,0,0,0,0,-32306,0,0,0,0,0,157752,0
157754,446,7868,952,26,-82,65,20699,1,-2,5,0,37054,148,30,66,0,0,0,0,0,0,0,0,-32306,0,0,0,0,0,157757,0
157759,448,7866,958,35,-96,56,20697,4,-4,7,0,37054,148,30,66,0,0,0,0,0,0,0,0,-32305,0,0,0,0,0,157762,0
157764,444,7868,940,48,-126,59,20699,5,3,3,0,37052,152,30,66,0,0,0,0,0,0,0,0,-32305,0,0,0,0,0,157767,0
157769,484,7884,956,49,-141,51,20700,3,6,5,0,37052,152,30,66,0,0,0,0,0,0,0,0,-32305,0,0,0,0,0,157772,0
157774,482,7926,980,57,-153,49,20698,0,1,3,0,37049,148,30,66,0,0,0,0,0,0,0,0,-32305,0,0,0,0,0,157777,0
157779,502,7894,962,63,-167,49,20698,1,1,4,0,37049,148,30,66,0,0,0,0,0,0,0,0,-32306,0,0,0,0,0,157783,0
157784,516,7896,982,74,-184,50,20697,1,-3,3,0,37048,149,30,66,0,0,0,0,0,0,0,0,-32305,0,0,0,0,0,157788,0
157789,512,7910,960,85,-201,51,20698,-3,1,3,0,37048,149,30,66,0,0,0,0,0,0,0,0,-32306,0,0,0,0,0,157793,0
157794,512,7898,998,87,-202,45,20698,-1,7,4,0,37044,142,30,66,0,0,0,0,0,0,0,0,-32306,0,0,0,0,0,157798,0
157799,498,7866,1004,88,-215,46,20699,0,2,4,0,37044,142,30,66,0,0,0,0,0,0,0,0,-32306,0,0,0,0,0,157803,0
157804,534,7860,1026,92,-223,43,20696,-9,-8,5,0,37044,152,30,66,0,0,0,0,0,0,0,0,-32306,0,0,0,0,0,157808,0
157809,530,7846,1008,92,-223,47,20699,0,1,3,0,37044,152,30,66,0,0,0,0,0,0,0,0,-32305,0,0,0,0,0,157813,0
157814,540,7830,1008,94,-225,46,20698,-6,4,2,0,37043,142,30,66,0,0,0,0,0,0,0,0,-32305,0,0,0,0,0,157818,0
157819,540,7814,1020,102,-231,43,20698,-5,-3,3,0,37043,142,30,66,0,0,0,0,0,0,0,0,-32306,0,0,0,0,0,157823,0
157824,506,7820,984,110,-232,37,20699,2,2,5,0,37041,134,30,66,0,0,0,0,0,0,0,0,-32305,0,0,0,0,0,157828,0
157829,498,7836,1000,112,-236,41,20699,2,0,3,0,37041,134,30,66,0,0,0,0,0,0,0,0,-32305,0,0,0,0,0,157833,0
157834,496,7834,1018,112,-233,40,20697,0,-4,3,0,37043,134,30,66,0,0,0,0,0,0,0,0,-32305,0,0,0,0,0,157838,0
157839,492,7836,966,109,-234,39,20698,-1,1,3,0,37043,134,30,66,0,0,0,0,0,0,0,0,-32305,0,0,0,0,0,157843,0
157844,494,7814,1010,124,-231,38,20699,1,4,4,0,37045,141,30,66,0,0,0,0,0,0,0,0,-32306,0,0,0,0,0,157848,0
157849,510,7848,994,132,-229,37,20698,3,-5,4,0,37045,141,30,66,0,0,0,0,0,0,0,0,-32306,0,0,0,0,0,157853,0
157854,498,7868,970,130,-227,35,20699,5,3,4,0,37041,151,30,66,0,0,0,0,0,0,0,0,-32306,0,0,0,0,0,157858,0
157859,510,7868,988,140,-225,38,20698,3,-1,5,0,37041,151,30,66,0,0,0,0,0,0,0,0,-32306,0,0,0,0,0,157863,0
157864,522,7854,982,147,-217,32,20699,4,2,2,0,37044,145,30,66,0,0,0,0,0,0,0,0,-32305,0,0,0,0,0,157868,0
157869,508,7878,976,151,-213,28,20698,0,1,4,0,37044,145,30,66,0,0,0,0,0,0,0,0,-32305,0,0,0,0,0,157873,0
157874,532,7830,972,162,-210,33,20698,-3,0,4,0,37047,143,30,66,0,0,0,0,0,0,0,0,-32305,0,0,0,0,0,157878,0
157879,534,7844,986,170,-202,29,20698,-1,0,5,0,37047,143,30,66,0,0,0,0,0,0,0,0,-32306,0,0,0,0,0,157883,0
157884,482,7830,1008,186,-202,28,20697,-2,-5,4,0,37045,141,30,66,0,0,0,0,0,0,0,0,-32306,0,0,0,0,0,157888,0
157889,508,7860,996,186,-193,24,20699,10,2,3,0,37045,141,30,66,0,0,0,0,0,0,0,0,-32306,0,0,0,0,0,157893,0
157894,514,7872,984,196,-195,27,20698,2,-1,2,0,37037,140,30,66,0,0,0,0,0,0,0,0,-32306,0,0,0,0,0,157898,0
157899,526,7860,984,200,-186,23,20699,1,5,2,0,37037,140,30,66,0,0,0,0,0,0,0,0,-32306,0,0,0,0,0,157903,0
157904,504,7872,1008,211,-178,25,20697,-3,-1,5,0,37033,144,30,66,0,0,0,0,0,0,0,0,-32305,0,0,0,0,0,157908,0
157909,510,7876,994,219,-170,18,20697,0,-1,5,0,37033,144,30,66,0,0,0,0,0,0,0,0,-32306,0,0,0,0,0,157913,0
157914,514,7890,1034,222,-167,13,20698,0,1,6,0,37037,148,30,66,0,0,0,0,0,0,0,0,-32305,0,0,0,0,0,157918,0
157919,518,7924,1034,229,-165,16,20697,-2,-4,5,0,37037,148,30,66,0,0,0,0,0,0,0,0,-32306,0,0,0,0,0,157923,0
157924,538,7930,1052,242,-150,5,20697,-5,-1,4,0,37042,149,30,66,0,0,0,0,0,0,0,0,-32306,0,0,0,0,0,157928,0
157929,548,7880,1012,240,-136,-1,20699,0,1,4,0,37042,149,30,66,0,0,0,0,0,0,0,0,-32306,0,0,0,0,0,157933,0
157934,518,7904,1072,251,-124,-4,20698,0,-2,3,0,37041,143,30,66,0,0,0,0,0,0,0,0,-32305,0,0,0,0,0,157938,0
157939,532,7888,1072,253,-126,-6,20697,-3,-2,3,0,37041,143,30,66,0,0,0,0,0,0,0,0,-32306,0,0,0,0,0,157943,0
157944,516,8012,1106,267,-113,-20,20698,-2,1,5,0,37038,141,30,66,0,0,0,0,0,0,0,0,-32306,0,0,0,0,0,157948,0
157949,532,8026,1116,263,-109,-21,20698,-6,0,3,0,37038,141,30,66,0,0,0,0,0,0,0,0,-32306,0,0,0,0,0,157953,0
157954,542,8042,1126,260,-112,-22,20699,8,-2,3,0,37047,148,30,66,0,0,0,0,0,0,0,0,-32305,0,0,0,0,0,157958,0
157959,572,8058,1136,265,-102,-22,20697,-3,-3,5,0,37047,148,30,66,0,0,0,0,0,0,0,0,-32306,0,0,0,0,0,157963,0
157964,566,8058,1178,260,-94,-30,20698,-6,-2,3,0,37059,144,30,66,0,0,0,0,0,0,0,0,-32305,0,0,0,0,0,157968,0
157969,558,8072,1164,264,-95,-32,20697,-4,-2,4,0,37059,144,30,66,0,0,0,0,0,0,0,0,-32306,0,0,0,0,0,157973,0
157974,584,8092,1196,256,-91,-29,20698,9,0,3,0,37060,154,30,66,0,0,0,0,0,0,0,0,-32305,0,0,0,0,0,157978,0
157979,586,8086,1168,254,-84,-32,20698,-1,-2,4,0,37060,154,30,66,0,0,0,0,0,0,0,0,-32306,0,0,0,0,0,157983,0
157984,604,8080,1180,248,-81,-40,20698,-4,5,5,0,37055,154,30,66,0,0,0,0,0,0,0,0,-32306,0,0,0,0,0,157988,0
157989,642,8102,1192,246,-77,-44,20698,-1,1,5,0,37055,154,30,66,0,0,0,0,0,0,0,0,-32306,0,0,0,0,0,157993,0
157994,622,8116,1188,246,-67,-45,20699,2,3,4,0,37047,152,30,66,0,0,0,0,0,0,0,0,-32305,0,0,0,0,0,157998,0
157999,600,8102,1186,240,-62,-48,20699,7,1,4,0,37047,152,30,66,0,0,0,0,0,0,0,0,-32305,0,0,0,0,0,158003,0
158004,594,8148,1174,229,-55,-52,20698,1,0,4,0,37045,153,30,66,0,0,0,0,0,0,0,0,-32306,0,0,0,0,0,158008,0
158009,590,8136,1156,228,-52,-52,20698,6,2,2,0,37045,153,30,66,0,0,0,0,0,0,0,0,-32306,0,0,0,0,0,158013,0
158014,590,8170,1164,230,-50,-58,20698,-1,3,5,0,37045,150,30,66,0,0,0,0,0,0,0,0,-32305,0,0,0,0,0,158018,0
158019,614,8160,1138,222,-44,-55,20699,1,3,6,0,37045,150,30,66,0,0,0,0,0,0,0,0,-32306,0,0,0,0,0,158023,0
158024,612,8148,1150,221,-36,-66,20697,-5,2,4,0,37043,158,30,66,0,0,0,0,0,0,0,0,-32306,0,0,0,0,0,158028,0
158029,614,8158,1186,226,-27,-65,20698,0,-1,4,0,37043,158,30,66,0,0,0,0,0,0,0,0,-32306,0,0,0,0,0,158033,0
158034,632,8138,1152,226,-30,-67,20698,-8,-2,5,0,37043,146,30,66,0,0,0,0,0,0,0,0,-32306,0,0,0,0,0,158038,0
158039,628,8112,1156,222,-25,-68,20697,5,4,5,0,37043,146,30,66,0,0,0,0,0,0,0,0,-32306,0,0,0,0,0,158043,0
158044,664,8134,1168,220,-13,-70,20699,5,1,4,0,37044,150,30,66,0,0,0,0,0,0,0,0,-32306,0,0,0,0,0,158048,0
158049,700,8104,1174,224,-4,-70,20699,4,7,4,0,37044,150,30,66,0,0,0,0,0,0,0,0,-32306,0,0,0,0,0,158053,0
158054,694,8090,1156,231,1,-68,20698,0,3,3,0,37045,155,30,66,0,0,0,0,0,0,0,0,-32305,0,0,0,0,0,158058,0
158059,736,8112,1186,228,2,-64,20664,-183,-76,-1553,-2000,37045,155,30,66,0,0,0,0,0,0,0,0,-32304,0,0,0,0,0,158063,0
158064,4,7996,1188,233,22,90,20496,-772,-451,-2225,-2000,37029,190,30,66,0,0,0,0,0,0,0,0,-32305,0,0,0,0,0,158068,0
158069,-498,7768,1158,234,29,225,20303,-850,-650,-981,-2000,37029,190,30,66,0,0,0,0,0,0,0,0,-32306,0,0,0,0,0,158073,0
158074,-162,7666,1122,236,20,390,20109,-850,-735,-895,-2000,37018,197,30,66,0,0,0,0,0,0,0,0,-32306,0,0,0,0,0,158078,0
158079,616,7760,1094,234,27,523,19916,-845,-578,-858,-2000,37018,197,30,66,0,0,0,0,0,0,0,0,-32305,0,0,0,0,0,158083,0
158084,1546,8308,1254,241,29,611,19716,-880,-290,-806,-2000,37013,215,30,66,0,0,0,0,0,0,0,0,-32306,0,0,0,0,0,158088,0
158089,1690,8494,1264,247,25,589,19511,-909,-142,-673,-2000,37013,215,30,66,0,0,0,0,0,0,0,0,-32306,0,0,0,0,0,158093,0
158094,1512,8526,1248,245,24,544,19303,-919,-136,-626,-2000,37025,199,30,66,0,0,0,0,0,0,0,0,-32306,0,0,0,0,0,158098,0
158099,1290,8418,1274,252,26,519,19096,-912,-54,-601,-2000,37025,199,30,66,0,0,0,0,0,0,0,0,-32305,0,0,0,0,0,158103,0
158104,1040,7970,1274,226,36,509,18890,-909,-40,-636,-2000,37029,193,30,66,0,0,0,0,0,0,0,0,-32306,0,0,0,0,0,158108,0
158109,904,7838,1304,236,42,531,18686,-904,-11,-676,-2000,37029,193,30,66,0,0,0,0,0,0,0,0,-32306,0,0,0,0,0,158113,0
158114,820,7722,1334,231,43,568,18485,-887,15,-690,-2000,37025,175,30,66,0,0,0,0,0,0,0,0,-32306,0,0,0,0,0,158118,0
158119,826,7788,1326,232,43,610,18287,-879,29,-738,-2000,37025,175,30,66,0,0,0,0,0,0,0,0,-32305,0,0,0,0,0,158123,0
158124,906,8030,1292,220,43,660,18087,-872,29,-725,-2000,37022,167,30,66,0,0,0,0,0,0,0,0,-32306,0,0,0,0,0,158128,0
158129,990,8122,1330,226,46,662,17885,-883,20,-724,-2000,37022,167,30,66,0,0,0,0,0,0,0,0,-32306,0,0,0,0,0,158133,0
158134,1106,8194,1346,221,42,662,17682,-897,-6,-664,-2000,37023,170,30,66,0,0,0,0,0,0,0,0,-32305,0,0,0,0,0,158138,0
158139,1074,8192,1376,209,41,653,17476,-908,-17,-666,-2000,37023,170,30,66,0,0,0,0,0,0,0,0,-32305,0,0,0,0,0,158143,0
158144,982,8076,1378,194,40,633,17269,-905,-25,-637,-2000,37022,185,30,66,0,0,0,0,0,0,0,0,-32306,0,0,0,0,0,158148,0
158149,1006,8070,1364,195,36,627,17064,-902,-22,-637,-2000,37022,185,30,66,0,0,0,0,0,0,0,0,-32305,0,0,0,0,0,158153,0
158154,956,8012,1358,192,23,632,16858,-906,-13,-640,-2000,37019,184,30,66,0,0,0,0,0,0,0,0,-32306,0,0,0,0,0,158158,0
158159,924,7896,1294,182,28,637,16652,-902,-2,-653,-2000,37019,184,30,66,0,0,0,0,0,0,0,0,-32306,0,0,0,0,0,158163,0
158164,1008,8002,1330,179,-3,648,16444,-912,1,-661,-2000,37019,176,30,66,0,0,0,0,0,0,0,0,-32306,0,0,0,0,0,158168,0
158169,1028,8076,1336,179,-21,650,16238,-902,-7,-650,-2000,37019,176,30,66,0,0,0,0,0,0,0,0,-32306,0,0,0,0,0,158173,0
158174,1084,8098,1352,178,-26,656,16032,-910,-1,-656,-2000,37025,175,30,66,0,0,0,0,0,0,0,0,-32306,0,0,0,0,0,158178,0
158179,1184,8160,1334,175,-36,663,15825,-908,0,-672,-2000,37025,175,30,66,0,0,0,0,0,0,0,0,-32306,0,0,0,0,0,158183,0
158184,1222,8160,1358,169,-56,665,15621,-905,1,-660,-2000,37031,172,30,66,0,0,0,0,0,0,0,0,-32306,0,0,0,0,0,158188,0
158189,1222,8144,1402,157,-68,675,15418,-896,9,-670,-2000,37031,172,30,66,0,0,0,0,0,0,0,0,-32306,0,0,0,0,0,158193,0
158194,1270,8152,1374,158,-76,680,15212,-903,9,-660,-2000,37026,184,30,66,0,0,0,0,0,0,0,0,-32305,0,0,0,0,0,158198,0
158199,1210,8112,1398,147,-86,690,15008,-901,9,-672,-2000,37026,184,30,66,0,0,0,0,0,0,0,0,-32305,0,0,0,0,0,158203,0
158204,1196,8152,1424,137,-90,706,14807,-891,1,-665,-2000,37024,182,30,66,0,0,0,0,0,0,0,0,-32306,0,0,0,0,0,158208,0
158209,1210,8118,1438,121,-95,724,14603,-892,7,-660,-2000,37024,182,30,66,0,0,0,0,0,0,0,0,-32306,0,0,0,0,0,158213,0
158214,1236,8106,1418,116,-95,728,14398,-895,7,-672,-2000,37020,186,30,66,0,0,0,0,0,0,0,0,-32305,0,0,0,0,0,158218,0
158219,1246,8112,1474,103,-102,737,14194,-902,-1,-643,-2000,37020,186,30,66,0,0,0,0,0,0,0,0,-32306,0,0,0,0,0,158223,0
158224,1322,8112,1448,82,-97,734,13988,-908,-4,-658,-2000,37024,193,30,66,0,0,0,0,0,0,0,0,-32306,0,0,0,0,0,158228,0
158229,1292,8088,1476,65,-96,737,13784,-904,-8,-609,-2000,37024,193,30,66,0,0,0,0,0,0,0,0,-32306,0,0,0,0,0,158233,0
158234,1274,8106,1458,56,-108,729,13573,-920,-16,-626,-2000,37024,191,30,66,0,0,0,0,0,0,0,0,-32306,0,0,0,0,0,158238,0
158239,1322,8068,1476,46,-106,730,13367,-911,-14,-621,-2000,37024,191,30,66,0,0,0,0,0,0,0,0,-32306,0,0,0,0,0,158244,0
158244,1362,8066,1484,21,-107,728,13157,-913,-20,-618,-2000,37022,197,30,66,0,0,0,0,0,0,0,0,-32306,0,0,0,0,0,158249,0
158249,1298,8068,1472,5,-111,723,12950,-914,-1,-629,-2000,37022,197,30,66,0,0,0,0,0,0,0,0,-32305,0,0,0,0,0,158254,0
158254,1346,8056,1454,-11,-113,717,12743,-911,-3,-642,-2000,37022,195,30,66,0,0,0,0,0,0,0,0,-32305,0,0,0,0,0,158259,0
158259,3012,8054,1588,-16,-119,528,12545,-868,14,-775,-2000,37022,195,30,66,0,0,0,0,0,0,0,0,-32306,0,0,0,0,0,158264,0
158264,1660,8502,1430,-39,-101,195,12365,-780,62,-1072,-2000,37019,201,30,66,0,0,0,0,0,0,0,0,-32306,0,0,0,0,0,158269,0
158269,300,7876,1344,-47,-99,223,12214,-664,157,-1559,-2000,37019,201,30,66,0,0,0,0,0,0,0,0,-32305,0,0,0,0,0,158274,0
158274,298,7832,1298,-59,-125,231,12082,-568,254,-2131,-2000,37007,226,30,66,0,0,0,0,0,0,0,0,-32305,0,0,0,0,0,158279,0
158279,320,7208,1302,-69,-130,271,11967,-499,320,-2580,-2000,37007,226,30,66,0,0,0,0,0,0,0,0,-32305,0,0,0,0,0,158284,0
158284,1700,8070,1374,-80,-140,261,11868,-428,317,-2982,-2000,36994,264,30,66,0,0,0,0,0,0,0,0,-32306,0,0,0,0,0,158289,0
158289,1678,8134,1390,-78,-142,223,11780,-379,275,-3341,-2000,36994,264,30,66,0,0,0,0,0,0,0,0,-32307,0,0,0,0,0,158294,0
158294,1128,8340,1420,-89,-152,185,11707,-319,234,-3664,-2000,36973,300,30,66,0,0,0,0,0,0,0,0,-32307,0,0,0,0,0,158299,0
158299,858,8246,1262,-89,-155,194,11640,-287,206,-3912,-2000,36973,300,30,66,0,0,0,0,0,0,0,0,-32307,0,0,0,0,0,158304,0
158304,1288,8116,1234,-95,-161,232,11581,-265,174,-4066,-2000,36955,331,30,66,0,0,0,0,0,0,0,0,-32306,0,0,0,0,0,158309,0
158309,1548,8016,1228,-85,-171,221,11534,-208,149,-4247,-2000,36955,331,30,66,0,0,0,0,0,0,0,0,-32306,0,0,0,0,0,158314,0
158314,1528,7902,1246,-89,-166,204,11487,-201,127,-4529,-2000,36937,361,30,66,0,0,0,0,0,0,0,0,-32304,0,0,0,0,0,158319,0
158319,1374,7936,1260,-94,-169,207,11448,-166,110,-4540,-2000,36937,361,30,66,0,0,0,0,0,0,0,0,-32303,0,0,0,0,0,158324,0
158324,1220,7976,1194,-90,-172,233,11422,-119,108,-4802,-2000,36919,390,30,66,0,0,0,0,0,0,0,0,-32303,0,0,0,0,0,158329,0
158329,1340,8040,1180,-96,-173,250,11394,-127,103,-5025,-2000,36919,390,30,66,0,0,0,0,0,0,0,0,-32303,0,0,0,0,0,158334,0
158334,1464,8058,1226,-102,-172,248,11365,-120,81,-5108,-2000,36910,398,30,66,0,0,0,0,0,0,0,0,-32303,0,0,0,0,0,158339,0
158339,1492,8002,1250,-103,-169,247,11342,-103,58,-5112,-2000,36910,398,30,66,0,0,0,0,0,0,0,0,-32303,0,0,0,0,0,158344,0
158344,1268,7940,1264,-100,-157,243,11322,-82,35,-4930,0,36911,386,30,66,0,0,0,0,0,0,0,0,-32304,0,0,0,0,0,158349,0
158349,1604,8024,1214,-107,-157,219,11428,568,230,-2303,0,36911,386,30,66,0,0,0,0,0,0,0,0,-32305,0,0,0,0,0,158354,0
158354,1530,7972,1232,-109,-138,175,11623,865,672,-2317,0,36954,307,30,66,0,0,0,0,0,0,0,0,-32304,0,0,0,0,0,158359,0
158359,1434,8018,1226,-114,-138,162,11800,764,900,-2490,0,36954,307,30,66,0,0,0,0,0,0,0,0,-32306,0,0,0,0,0,158364,0
158364,748,7790,1218,-115,-121,182,11955,664,773,-1931,0,36996,218,30,66,0,0,0,0,0,0,0,0,-32306,0,0,0,0,0,158369,0
158369,910,7730,1194,-122,-116,205,12089,580,363,-1455,0,36996,218,30,66,0,0,0,0,0,0,0,0,-32305,0,0,0,0,0,158374,0
158374,1232,7808,1190,-121,-111,210,12204,497,-160,-1044,0,37037,117,30,66,0,0,0,0,0,0,0,0,-32305,0,0,0,0,0,158379,0
158379,1270,7822,1178,-126,-99,195,12304,438,-311,-784,0,37037,117,30,66,0,0,0,0,0,0,0,0,-32305,0,0,0,0,0,158384,0
158384,1044,7844,1180,-135,-96,164,12393,386,-276,-634,0,37047,118,30,66,0,0,0,0,0,0,0,0,-32305,0,0,0,0,0,158389,0
158389,918,7802,1142,-133,-97,174,12471,330,-234,-521,0,37047,118,30,66,0,0,0,0,0,0,0,0,-32305,0,0,0,0,0,158394,0
158394,932,7774,1120,-137,-96,172,12533,276,-207,-412,0,37046,137,30,66,0,0,0,0,0,0,0,0,-32306,0,0,0,0,0,158399,0
158399,1028,7712,1104,-137,-96,190,12583,221,-194,-341,0,37046,137,30,66,0,0,0,0,0,0,0,0,-32306,0,0,0,0,0,158404,0
158404,1198,7750,1086,-145,-92,191,12616,143,-205,-268,0,37043,150,30,66,0,0,0,0,0,0,0,0,-32306,0,0,0,0,0,158409,0
158409,1210,7760,1084,-143,-91,186,12644,111,-207,-206,0,37043,150,30,66,0,0,0,0,0,0,0,0,-32306,0,0,0,0,0,158414,0
158414,1154,7820,1082,-140,-90,182,12659,60,-192,-143,0,37038,147,30,66,0,0,0,0,0,0,0,0,-32305,0,0,0,0,0,158419,0
158419,1118,7852,1036,-140,-90,184,12664,26,-175,-70,0,37038,147,30,66,0,0,0,0,0,0,0,0,-32305,0,0,0,0,0,158424,0
158424,1204,7844,1032,-135,-91,192,12669,18,-147,-44,0,37040,143,30,66,0,0,0,0,0,0,0,0,-32306,0,0,0,0,0,158429,0
158429,1192,7852,1008,-133,-88,196,12675,29,-98,-53,0,37040,143,30,66,0,0,0,0,0,0,0,0,-32306,0,0,0,0,0,158434,0
158434,1258,7900,1008,-137,-87,193,12686,59,-41,-83,0,37042,142,30,66,0,0,0,0,0,0,0,0,-32305,0,0,0,0,0,158439,0
158439,1202,7928,994,-119,-80,186,12704,73,21,-118,0,37042,142,30,66,0,0,0,0,0,0,0,0,-32306,0,0,0,0,0,158444,0
158444,1146,7936,976,-122,-63,177,12718,61,45,-108,0,37041,147,30,66,0,0,0,0,0,0,0,0,-32306,0,0,0,0,0,158449,0
158449,1096,7950,982,-116,-58,173,12723,19,23,-58,0,37041,147,30,66,0,0,0,0,0,0,0,0,-32305,0,0,0,0,0,158454,0
158454,1052,7958,976,-112,-57,180,12724,11,-20,-16,0,37036,138,30,66,0,0,0,0,0,0,0,0,-32305,0,0,0,0,0,158459,0
158459,1048,7950,966,-107,-51,178,12723,-7,-69,-1,0,37036,138,30,66,0,0,0,0,0,0,0,0,-32306,0,0,0,0,0,158464,0
158464,1100,7950,944,-93,-38,175,12723,0,-58,0,0,37035,136,30,66,0,0,0,0,0,0,0,0,-32305,0,0,0,0,0,158469,0
158469,1104,7978,954,-94,-32,172,12722,0,-36,0,0,37035,136,30,66,0,0,0,0,0,0,0,0,-32305,0,0,0,0,0,158474,0
158474,1120,7960,954,-87,-27,156,12724,0,-7,0,0,37041,132,30,66,0,0,0,0,0,0,0,0,-32305,0,0,0,0,0,158479,0
158479,1098,7970,914,-79,-30,148,12724,1,-3,-1,0,37041,132,30,66,0,0,0,0,0,0,0,0,-32306,0,0,0,0,0,158484,0
158484,1044,7944,894,-78,-20,128,12723,-3,5,-1,0,37044,140,30,66,0,0,0,0,0,0,0,0,-32305,0,0,0,0,0,158489,0
158489,1044,7940,896,-73,-18,120,12723,-5,-1,-3,0,37044,140,30,66,0,0,0,0,0,0,0,0,-32306,0,0,0,0,0,158494,0
158494,1058,7948,900,-69,-18,119,12724,0,-6,-2,0,37045,147,30,66,0,0,0,0,0,0,0,0,-32305,0,0,0,0,0,158499,0
158499,1090,7954,900,-61,-13,109,12725,9,4,-2,0,37045,147,30,66,0,0,0,0,0,0,0,0,-32305,0,0,0,0,0,158504,0
158504,1096,7976,872,-52,-15,94,12722,0,0,0,0,37044,144,30,66,0,0,0,0,0,0,0,0,-32306,0,0,0,0,0,158509,0
158509,1062,7976,872,-46,-10,85,12723,1,4,-1,0,37044,144,30,66,0,0,0,0,0,0,0,0,-32306,0,0,0,0,0,158514,0
158514,1080,7956,864,-42,-6,78,12723,0,-2,-1,0,37047,137,30,66,0,0,0,0,0,0,0,0,-32305,0,0,0,0,0,158519,0
158519,1094,7970,878,-39,-7,76,12723,0,5,-1,0,37047,137,30,66,0,0,0,0,0,0,0,0,-32306,0,0,0,0,0,158524,0
158524,1120,7926,882,-31,-5,66,12723,0,0,-1,0,37045,137,30,66,0,0,0,0,0,0,0,0,-32306,0,0,0,0,0,158529,0
158529,1098,7922,894,-25,-2,61,12724,0,0,-1,0,37045,137,30,66,0,0,0,0,0,0,0,0,-32305,0,0,0,0,0,158534,0
158534,1132,7922,886,-16,5,60,12724,3,-1,0,0,37044,136,30,66,0,0,0,0,0,0,0,0,-32306,0,0,0,0,0,158539,0
158539,1102,7904,876,-16,9,53,12724,5,-1,0,0,37044,136,30,66,0,0,0,0,0,0,0,0,-32305,0,0,0,0,0,158544,0
158544,1122,7884,856,0,17,44,12723,3,0,-2,0,37042,138,30,66,0,0,0,0,0,0,0,0,-32305,0,0,0,0,0,158549,0
158549,1142,7856,874,6,27,37,12724,0,-2,-3,0,37042,138,30,66,0,0,0,0,0,0,0,0,-32305,0,0,0,0,0,158554,0
158554,1136,7896,852,12,30,31,12722,-10,-1,-2,0,37044,138,30,66,0,0,0,0,0,0,0,0,-32305,0,0,0,0,0,158559,0
158559,1164,7870,866,20,36,26,12723,-1,1,-1,0,37044,138,30,66,0,0,0,0,0,0,0,0,-32305,0,0,0,0,0,158564,0
158564,1152,7870,866,28,45,23,12722,-12,-5,-2,0,37047,143,30,66,0,0,0,0,0,0,0,0,-32305,0,0,0,0,0,158569,0
158569,1150,7850,846,38,45,21,12725,-1,3,-2,0,37047,143,30,66,0,0,0,0,0,0,0,0,-32305,0,0,0,0,0,158574,0
158574,1166,7858,868,45,53,15,12724,1,3,-1,0,37047,147,30,66,0,0,0,0,0,0,0,0,-32305,0,0,0,0,0,158579,0
158579,1170,7858,868,61,55,12,12724,3,5,-1,0,37047,147,30,66,0,0,0,0,0,0,0,0,-32306,0,0,0,0,0,158584,0
158584,1152,7832,898,73,64,7,12725,0,-2,-2,0,37047,153,30,66,0,0,0,0,0,0,0,0,-32305,0,0,0,0,0,158589,0
158589,1170,7828,882,76,65,6,12725,1,4,-4,0,37047,153,30,66,0,0,0,0,0,0,0,0,-32306,0,0,0,0,0,158594,0
158594,1144,7824,916,84,63,2,12725,4,2,-2,0,37049,148,30,66,0,0,0,0,0,0,0,0,-32305,0,0,0,0,0,158599,0
158599,1178,7818,924,83,63,5,12726,6,-4,-2,0,37049,148,30,66,0,0,0,0,0,0,0,0,-32305,0,0,0,0,0,158604,0
158604,1162,7832,926,94,67,-1,12726,7,1,-5,0,37048,144,30,66,0,0,0,0,0,0,0,0,-32306,0,0,0,0,0,158609,0
158609,1164,7826,946,99,64,-2,12727,5,1,-4,0,37048,144,30,66,0,0,0,0,0,0,0,0,-32306,0,0,0,0,0,158614,0
158614,1154,7820,950,106,70,-11,12727,4,4,-5,0,37047,154,30,66,0,0,0,0,0,0,0,0,-32306,0,0,0,0,0,158619,0
158619,1128,7816,962,108,65,-11,12727,5,5,-7,0,37047,154,30,66,0,0,0,0,0,0,0,0,-32305,0,0,0,0,0,158624,0
158624,1156,7862,948,109,70,-20,12727,5,2,-8,0,37043,150,30,66,0,0,0,0,0,0,0,0,-32305,0,0,0,0,0,158629,0
158629,1158,7844,982,107,66,-17,12729,7,7,-6,0,37043,150,30,66,0,0,0,0,0,0,0,0,-32305,0,0,0,0,0,158634,0
158634,1180,7864,966,116,65,-29,12728,8,2,-9,0,37040,134,30,66,0,0,0,0,0,0,0,0,-32305,0,0,0,0,0,158639,0
158639,1156,7878,1002,113,71,-27,12730,6,6,-14,0,37040,134,30,66,0,0,0,0,0,0,0,0,-32306,0,0,0,0,0,158644,0
158644,1174,7902,1004,119,76,-39,12730,-2,0,-17,0,37044,126,30,66,0,0,0,0,0,0,0,0,-32305,0,0,0,0,0,158649,0
158649,1214,7932,1010,117,84,-41,12735,14,7,-27,0,37044,126,30,66,0,0,0,0,0,0,0,0,-32306,0,0,0,0,0,158654,0
158654,1210,7936,1000,116,81,-51,12741,31,12,-42,0,37046,138,30,66,0,0,0,0,0,0,0,0,-32306,0,0,0,0,0,158659,0
158659,1224,7992,992,119,86,-58,12750,44,25,-68,0,37046,138,30,66,0,0,0,0,0,0,0,0,-32305,0,0,0,0,0,158664,0
158664,1280,7988,964,118,91,-75,12764,65,45,-98,0,37043,147,30,66,0,0,0,0,0,0,0,0,-32306,0,0,0,0,0,158669,0
158669,1264,8020,1002,123,99,-88,12777,51,41,-94,0,37043,147,30,66,0,0,0,0,0,0,0,0,-32306,0,0,0,0,0,158674,0
158674,1174,8030,978,122,99,-88,12785,33,19,-57,0,37042,141,30,66,0,0,0,0,0,0,0,0,-32306,0,0,0,0,0,158679,0
158679,1096,7996,948,126,102,-84,12787,9,-17,-26,0,37042,141,30,66,0,0,0,0,0,0,0,0,-32306,0,0,0,0,0,158684,0
158684,1120,7980,952,134,107,-64,12788,5,-45,-12,0,37045,147,30,66,0,0,0,0,0,0,0,0,-32305,0,0,0,0,0,158689,0
158689,1206,7984,922,135,107,-55,12789,1,-45,-10,0,37045,147,30,66,0,0,0,0,0,0,0,0,-32305,0,0,0,0,0,158694,0
158694,1246,8024,936,139,103,-54,12789,1,-27,-9,0,37049,152,30,66,0,0,0,0,0,0,0,0,-32306,0,0,0,0,0,158699,0
158699,1290,8030,942,144,101,-55,12791,0,-12,-7,0,37049,152,30,66,0,0,0,0,0,0,0,0,-32305,0,0,0,0,0,158704,0
158704,1244,8016,936,157,103,-70,12792,5,1,-5,0,37049,152,30,66,0,0,0,0,0,0,0,0,-32306,0,0,0,0,0,158709,0
158709,1212,7994,938,161,100,-73,12791,-2,-7,-4,0,37049,152,30,66,0,0,0,0,0,0,0,0,-32305,0,0,0,0,0,158714,0
158714,1198,7974,936,168,101,-74,12794,5,0,-9,0,37044,147,30,66,0,0,0,0,0,0,0,0,-32305,0,0,0,0,0,158719,0
158719,1176,7934,920,169,103,-77,12796,12,4,-14,0,37044,147,30,66,0,0,0,0,0,0,0,0,-32305,0,0,0,0,0,158724,0
158724,1178,7948,950,179,100,-73,12798,16,7,-26,0,37047,146,30,66,0,0,0,0,0,0,0,0,-32305,0,0,0,0,0,158729,0
158729,1198,7948,972,180,99,-85,12805,27,19,-43,0,37047,146,30,66,0,0,0,0,0,0,0,0,-32305,0,0,0,0,0,158734,0
158734,1200,7978,972,186,101,-85,12815,53,35,-75,0,37046,150,30,66,0,0,0,0,0,0,0,0,-32305,0,0,0,0,0,158739,0
158739,1240,8002,978,189,98,-100,12832,78,51,-111,0,37046,150,30,66,0,0,0,0,0,0,0,0,-32306,0,0,0,0,0,158744,0
158744,1160,7972,1012,192,102,-126,12846,58,53,-104,0,37046,156,30,66,0,0,0,0,0,0,0,0,-32306,0,0,0,0,0,158749,0
158749,1086,7948,1002,197,106,-130,12852,22,21,-53,0,37046,156,30,66,0,0,0,0,0,0,0,0,-32306,0,0,0,0,0,158754,0
158754,1002,7942,1002,200,109,-118,12854,0,-25,-10,0,37043,158,30,66,0,0,0,0,0,0,0,0,-32305,0,0,0,0,0,158759,0
158759,996,7922,1004,196,111,-110,12853,1,-63,2,0,37043,158,30,66,0,0,0,0,0,0,0,0,-32305,0,0,0,0,0,158764,0
158764,1148,7956,1038,194,113,-93,12853,1,-56,2,0,37043,157,30,66,0,0,0,0,0,0,0,0,-32306,0,0,0,0,0,158769,0
158769,1252,8022,1022,197,121,-97,12853,2,-27,3,0,37043,157,30,66,0,0,0,0,0,0,0,0,-32305,0,0,0,0,0,158774,0
158774,1284,8048,1038,195,119,-103,12853,3,-6,4,0,37046,152,30,66,0,0,0,0,0,0,0,0,-32305,0,0,0,0,0,158779,0
158779,1274,8076,1062,195,119,-112,12852,-3,0,3,0,37046,152,30,66,0,0,0,0,0,0,0,0,-32306,0,0,0,0,0,158785,0
158784,1210,8030,1044,194,126,-122,12852,1,-4,3,0,37045,155,30,66,0,0,0,0,0,0,0,0,-32306,0,0,0,0,0,158790,0
158789,1158,8006,1074,196,133,-122,12853,3,-2,3,0,37045,155,30,66,0,0,0,0,0,0,0,0,-32305,0,0,0,0,0,158795,0
158794,1138,7990,1044,193,133,-114,12852,-2,-2,2,0,37039,152,30,66,0,0,0,0,0,0,0,0,-32306,0,0,0,0,0,158800,0
158799,1156,7998,1058,195,125,-116,12853,-3,1,3,0,37039,152,30,66,0,0,0,0,0,0,0,0,-32306,0,0,0,0,0,158805,0
158804,1156,8020,1088,194,137,-108,12852,2,-2,4,0,37038,155,30,66,0,0,0,0,0,0,0,0,-32305,0,0,0,0,0,158810,0
158809,1166,8020,1074,196,139,-110,12853,0,-2,6,0,37038,155,30,66,0,0,0,0,0,0,0,0,-32305,0,0,0,0,0,158815,0
158814,1144,8036,1086,194,141,-116,12852,3,-2,6,0,37047,145,30,66,0,0,0,0,0,0,0,0,-32305,0,0,0,0,0,158820,0
158819,1142,8042,1080,193,143,-120,12853,-7,0,4,0,37047,145,30,66,0,0,0,0,0,0,0,0,-32306,0,0,0,0,0,158825,0
158824,1032,8010,1072,192,147,-125,12853,4,3,4,0,37052,139,30,66,0,0,0,0,0,0,0,0,-32306,0,0,0,0,0,158830,0
158829,1000,7994,1090,187,155,-128,12852,-5,-5,3,0,37052,139,30,66,0,0,0,0,0,0,0,0,-32306,0,0,0,0,0,158835,0
158834,956,8020,1106,190,152,-133,12853,1,4,3,0,37051,144,30,66,0,0,0,0,0,0,0,0,-32306,0,0,0,0,0,158840,0
158839,902,7996,1102,188,156,-137,12853,-2,-5,2,0,37051,144,30,66,0,0,0,0,0,0,0,0,-32306,0,0,0,0,0,158845,0
158844,880,8024,1086,180,152,-139,12853,0,1,2,0,37043,150,30,66,0,0,0,0,0,0,0,0,-32305,0,0,0,0,0,158850,0
158849,816,8026,1138,179,154,-151,12853,1,-1,2,0,37043,150,30,66,0,0,0,0,0,0,0,0,-32306,0,0,0,0,0,158855,0
158854,776,8032,1134,172,152,-156,12853,6,0,2,0,37043,155,30,66,0,0,0,0,0,0,0,0,-32305,0,0,0,0,0,158860,0
158859,738,8026,1170,168,151,-167,12853,2,-2,4,0,37043,155,30,66,0,0,0,0,0,0,0,0,-32306,0,0,0,0,0,158865,0
158864,642,8066,1184,155,137,-185,12852,-6,-3,2,0,37043,164,30,66,0,0,0,0,0,0,0,0,-32306,0,0,0,0,0,158870,0
158869,558,8030,1190,155,125,-199,12853,1,4,5,0,37043,164,30,66,0,0,0,0,0,0,0,0,-32305,0,0,0,0,0,158875,0
158874,524,8062,1182,142,128,-204,12853,1,0,4,0,37041,159,30,66,0,0,0,0,0,0,0,0,-32306,0,0,0,0,0,158880,0
158879,500,8034,1228,138,122,-226,12853,9,1,3,0,37041,159,30,66,0,0,0,0,0,0,0,0,-32305,0,0,0,0,0,158885,0
158884,438,8052,1234,126,104,-251,12853,4,1,4,0,37039,167,30,66,0,0,0,0,0,0,0,0,-32305,0,0,0,0,0,158890,0
158889,370,8078,1218,121,102,-272,12853,4,1,3,0,37039,167,30,66,0,0,0,0,0,0,0,0,-32305,0,0,0,0,0,158895,0
158894,326,8074,1198,115,89,-282,12853,2,-1,2,0,37040,166,30,66,0,0,0,0,0,0,0,0,-32306,0,0,0,0,0,158900,0
158899,364,8090,1208,108,89,-313,12853,1,1,2,0,37040,166,30,66,0,0,0,0,0,0,0,0,-32305,0,0,0,0,0,158905,0
158904,346,8136,1208,96,67,-377,12853,0,1,3,0,37042,160,30,66,0,0,0,0,0,0,0,0,-32306,0,0,0,0,0,158910,0
158909,240,8090,1206,95,64,-405,12852,0,-1,2,0,37042,160,30,66,0,0,0,0,0,0,0,0,-32306,0,0,0,0,0,158915,0
158914,98,8134,1152,92,62,-428,12852,-4,-2,2,0,37041,156,30,66,0,0,0,0,0,0,0,0,-32306,0,0,0,0,0,158920,0
158919,78,8166,1148,85,54,-446,12853,-2,2,5,0,37041,156,30,66,0,0,0,0,0,0,0,0,-32306,0,0,0,0,0,158925,0
158924,170,8188,1166,85,47,-476,12852,0,-1,3,0,37043,151,30,66,0,0,0,0,0,0,0,0,-32305,0,0,0,0,0,158930,0
158929,200,8186,1148,79,48,-502,12852,0,-3,2,0,37043,151,30,66,0,0,0,0,0,0,0,0,-32305,0,0,0,0,0,158935,0
158934,202,8222,1160,86,46,-525,12852,-6,2,3,0,37041,145,30,66,0,0,0,0,0,0,0,0,-32306,0,0,0,0,0,158940,0
158939,156,8256,1114,86,48,-549,12852,0,-3,2,0,37041,145,30,66,0,0,0,0,0,0,0,0,-32306,0,0,0,0,0,158945,0
158944,70,8230,1086,87,47,-580,12853,0,-3,3,0,37043,152,30,66,0,0,0,0,0,0,0,0,-32305,0,0,0,0,0,158950,0
158949,108,8232,1068,85,42,-598,12853,4,0,1,0,37043,152,30,66,0,0,0,0,0,0,0,0,-32306,0,0,0,0,0,158955,0
158954,162,8250,1074,84,49,-614,12852,-6,-3,2,0,37042,153,30,66,0,0,0,0,0,0,0,0,-32306,0,0,0,0,0,158960,0
158959,172,8258,1070,92,51,-639,12853,0,3,4,0,37042,153,30,66,0,0,0,0,0,0,0,0,-32305,0,0,0,0,0,158965,0
158964,124,8288,1116,94,61,-671,12853,5,-3,2,0,37039,148,30,66,0,0,0,0,0,0,0,0,-32305,0,0,0,0,0,158970,0
158969,116,8310,1100,95,67,-689,12853,3,1,3,0,37039,148,30,66,0,0,0,0,0,0,0,0,-32305,0,0,0,0,0,158975,0
158974,98,8316,1086,106,73,-704,12853,3,-1,4,0,37039,139,30,66,0,0,0,0,0,0,0,0,-32305,0,0,0,0,0,158980,0
158979,114,8294,1148,105,82,-720,12853,-3,0,2,0,37039,139,30,66,0,0,0,0,0,0,0,0,-32306,0,0,0,0,0,158985,0
158984,162,8322,1144,101,91,-755,12852,-2,-2,2,0,37043,142,30,66,0,0,0,0,0,0,0,0,-32305,0,0,0,0,0,158990,0
158989,144,8332,1160,108,100,-765,12853,4,-4,3,0,37043,142,30,66,0,0,0,0,0,0,0,0,-32305,0,0,0,0,0,158995,0
158994,140,8362,1152,108,109,-778,12852,-1,0,2,0,37046,150,30,66,0,0,0,0,0,0,0,0,-32306,0,0,0,0,0,159000,0
158999,126,8352,1184,107,123,-795,12852,-3,-2,1,0,37046,150,30,66,0,0,0,0,0,0,0,0,-32306,0,0,0,0,0,159005,0
159004,170,8346,1224,114,141,-823,12853,-2,-2,1,0,37043,157,30,66,0,0,0,0,0,0,0,0,-32306,0,0,0,0,0,159010,0
159009,168,8326,1230,113,153,-834,12853,0,-1,3,0,37043,157,30,66,0,0,0,0,0,0,0,0,-32306,0,0,0,0,0,159015,0
159014,174,8358,1252,114,163,-847,12853,3,1,3,0,37040,157,30,66,0,0,0,0,0,0,0,0,-32306,0,0,0,0,0,159020,0
159019,170,8356,1270,110,177,-859,12851,-1,-6,2,0,37040,157,30,66,0,0,0,0,0,0,0,0,-32306,0,0,0,0,0,159025,0
159024,184,8354,1304,102,201,-888,12853,1,-1,2,0,37044,155,30,66,0,0,0,0,0,0,0,0,-32306,0,0,0,0,0,159030,0
159029,216,8342,1324,106,213,-898,12853,0,2,1,0,37044,155,30,66,0,0,0,0,0,0,0,0,-32306,0,0,0,0,0,159035,0
159034,242,8334,1336,101,225,-905,12852,0,-1,2,0,37046,163,30,66,0,0,0,0,0,0,0,0,-32306,0,0,0,0,0,159040,0
159039,260,8314,1372,94,233,-924,12853,5,-1,3,0,37046,163,30,66,0,0,0,0,0,0,0,0,-32305,0,0,0,0,0,159045,0
159044,238,8328,1388,78,253,-940,12853,-1,0,3,0,37044,160,30,66,0,0,0,0,0,0,0,0,-32305,0,0,0,0,0,159050,0
159049,260,8298,1376,75,259,-946,12853,3,4,2,0,37044,160,30,66,0,0,0,0,0,0,0,0,-32306,0,0,0,0,0,159055,0
159054,300,8298,1402,70,264,-950,12852,-3,-5,3,0,37040,164,30,66,0,0,0,0,0,0,0,0,-32306,0,0,0,0,0,159060,0
159059,262,8240,1416,57,272,-953,12852,-5,-1,4,0,37040,164,30,66,0,0,0,0,0,0,0,0,-32305,0,0,0,0,0,159065,0
159064,290,8206,1416,40,287,-962,12853,-2,-1,3,0,37040,163,30,66,0,0,0,0,0,0,0,0,-32305,0,0,0,0,0,159070,0
159069,300,8174,1414,29,289,-958,12853,4,1,3,0,37040,163,30,66,0,0,0,0,0,0,0,0,-32306,0,0,0,0,0,159075,0
159074,270,8188,1414,18,294,-960,12852,0,3,2,0,37039,154,30,66,0,0,0,0,0,0,0,0,-32306,0,0,0,0,0,159080,0
159079,286,8162,1410,9,301,-963,12853,0,2,2,0,37039,154,30,66,0,0,0,0,0,0,0,0,-32306,0,0,0,0,0,159085,0
159084,280,8088,1420,-6,306,-953,12854,1,-2,1,0,37035,150,30,66,0,0,0,0,0,0,0,0,-32305,0,0,0,0,0,159090,0
159089,246,8070,1412,-16,304,-955,12854,0,1,3,0,37035,150,30,66,0,0,0,0,0,0,0,0,-32306,0,0,0,0,0,159095,0
159094,270,8044,1406,-18,310,-952,12852,-3,1,3,0,37034,139,30,66,0,0,0,0,0,0,0,0,-32305,0,0,0,0,0,159100,0
159099,246,8018,1378,-29,311,-951,12852,-3,-4,3,0,37034,139,30,66,0,0,0,0,0,0,0,0,-32306,0,0,0,0,0,159105,0
159104,246,7934,1320,-47,307,-948,12852,-7,1,3,0,37036,136,30,66,0,0,0,0,0,0,0,0,-32306,0,0,0,0,0,159110,0
159109,220,7908,1290,-56,308,-941,12852,-5,1,3,0,37036,136,30,66,0,0,0,0,0,0,0,0,-32306,0,0,0,0,0,159115,0
159114,254,7890,1282,-66,300,-939,12852,-4,3,2,0,37039,137,30,66,0,0,0,0,0,0,0,0,-32306,0,0,0,0,0,159120,0
159119,248,7852,1246,-66,299,-930,12852,1,2,2,0,37039,137,30,66,0,0,0,0,0,0,0,0,-32306,0,0,0,0,0,159125,0
159124,214,7818,1192,-77,280,-922,12853,4,5,3,0,37041,139,30,66,0,0,0,0,0,0,0,0,-32305,0,0,0,0,0,159130,0
159129,240,7874,1164,-84,276,-921,12853,1,2,1,0,37041,139,30,66,0,0,0,0,0,0,0,0,-32305,0,0,0,0,0,159135,0
159134,242,7792,1146,-90,269,-913,12853,-1,2,0,0,37045,151,30,66,0,0,0,0,0,0,0,0,-32305,0,0,0,0,0,159140,0
159139,256,7814,1110,-86,261,-909,12852,-1,2,1,0,37045,151,30,66,0,0,0,0,0,0,0,0,-32305,0,0,0,0,0,159145,0
159144,314,7750,1060,-91,245,-896,12853,3,1,2,0,37045,147,30,66,0,0,0,0,0,0,0,0,-32306,0,0,0,0,0,159150,0
159149,354,7754,1042,-91,230,-884,12854,2,-4,2,0,37045,147,30,66,0,0,0,0,0,0,0,0,-32305,0,0,0,0,0,159155,0
159154,364,7736,1004,-83,226,-881,12853,0,1,1,0,37046,150,30,66,0,0,0,0,0,0,0,0,-32306,0,0,0,0,0,159160,0
159159,388,7738,1010,-86,219,-874,12852,-4,2,2,0,37046,150,30,66,0,0,0,0,0,0,0,0,-32305,0,0,0,0,0,159165,0
159164,484,7718,948,-75,195,-850,12852,1,-2,3,0,37044,154,30,66,0,0,0,0,0,0,0,0,-32306,0,0,0,0,0,159170,0
159169,528,7692,958,-77,190,-842,12852,-1,2,4,0,37044,154,30,66,0,0,0,0,0,0,0,0,-32305,0,0,0,0,0,159175,0
159174,526,7698,904,-75,166,-828,12853,-5,0,4,0,37042,149,30,66,0,0,0,0,0,0,0,0,-32306,0,0,0,0,0,159180,0
159179,574,7684,918,-70,151,-816,12852,-3,0,2,0,37042,149,30,66,0,0,0,0,0,0,0,0,-32306,0,0,0,0,0,159185,0
159184,616,7686,854,-64,121,-771,12852,-3,3,1,0,37041,145,30,66,0,0,0,0,0,0,0,0,-32306,0,0,0,0,0,159190,0
159189,604,7700,868,-55,111,-757,12852,0,2,1,0,37041,145,30,66,0,0,0,0,0,0,0,0,-32305,0,0,0,0,0,159195,0
159194,674,7664,866,-49,90,-731,12852,-5,1,2,0,37043,143,30,66,0,0,0,0,0,0,0,0,-32306,0,0,0,0,0,159200,0
159199,664,7676,860,-42,73,-712,12853,4,2,2,0,37043,143,30,66,0,0,0,0,0,0,0,0,-32306,0,0,0,0,0,159205,0
159204,698,7654,816,-32,38,-665,12853,-1,2,2,0,37046,151,30,66,0,0,0,0,0,0,0,0,-32305,0,0,0,0,0,159210,0
159209,680,7700,806,-30,17,-636,12853,3,4,2,0,37046,151,30,66,0,0,0,0,0,0,0,0,-32306,0,0,0,0,0,159215,0
159214,734,7682,816,-22,-2,-616,12853,0,-1,3,0,37043,153,30,66,0,0,0,0,0,0,0,0,-32305,0,0,0,0,0,159220,0
159219,726,7680,840,-18,-17,-587,12852,-2,1,2,0,37043,153,30,66,0,0,0,0,0,0,0,0,-32305,0,0,0,0,0,159225,0
159224,666,7694,798,-10,-57,-534,12853,2,2,2,0,37040,155,30,66,0,0,0,0,0,0,0,0,-32306,0,0,0,0,0,159230,0
159229,646,7738,808,1,-70,-513,12853,2,1,1,0,37040,155,30,66,0,0,0,0,0,0,0,0,-32305,0,0,0,0,0,159235,0
159234,660,7726,830,-3,-90,-483,12852,-7,0,2,0,37048,154,30,66,0,0,0,0,0,0,0,0,-32306,0,0,0,0,0,159240,0
159239,630,7700,818,-3,-110,-461,12853,0,2,2,0,37048,154,30,66,0,0,0,0,0,0,0,0,-32306,0,0,0,0,0,159245,0
159244,614,7676,820,12,-145,-422,12854,6,-1,3,0,37063,158,30,66,0,0,0,0,0,0,0,0,-32305,0,0,0,0,0,159250,0
159249,562,7672,806,12,-170,-398,12855,11,2,3,0,37063,158,30,66,0,0,0,0,0,0,0,0,-32306,0,0,0,0,0,159255,0
159254,554,7648,816,28,-176,-379,12854,5,-2,2,0,37074,165,30,66,0,0,0,0,0,0,0,0,-32306,0,0,0,0,0,159260,0
159259,546,7654,812,18,-202,-359,12853,4,1,3,0,37074,165,30,66,0,0,0,0,0,0,0,0,-32306,0,0,0,0,0,159265,0
159264,500,7678,824,32,-230,-321,12854,7,-3,5,0,37069,154,30,66,0,0,0,0,0,0,0,0,-32305,0,0,0,0,0,159270,0
159269,476,7696,814,37,-250,-300,12853,-1,-1,3,0,37069,154,30,66,0,0,0,0,0,0,0,0,-32306,0,0,0,0,0,159275,0
159274,484,7752,810,33,-264,-287,12853,3,2,1,0,37054,144,30,66,0,0,0,0,0,0,0,0,-32306,0,0,0,0,0,159280,0
159279,454,7744,830,42,-277,-267,12854,-2,-2,2,0,37054,144,30,66,0,0,0,0,0,0,0,0,-32306,0,0,0,0,0,159285,0
159284,406,7764,834,52,-301,-238,12853,1,-2,2,0,37045,144,30,66,0,0,0,0,0,0,0,0,-32306,0,0,0,0,0,159290,0
159289,422,7812,830,50,-314,-213,12852,-3,-2,2,0,37045,144,30,66,0,0,0,0,0,0,0,0,-32306,0,0,0,0,0,159295,0
159294,372,7840,800,55,-323,-206,12852,-5,-1,2,0,37043,158,30,66,0,0,0,0,0,0,0,0,-32306,0,0,0,0,0,159300,0
159299,352,7860,784,56,-330,-188,12853,0,1,3,0,37043,158,30,66,0,0,0,0,0,0,0,0,-32306,0,0,0,0,0,159305,0
159304,334,7888,774,73,-347,-162,12852,-1,3,3,0,37043,162,30,66,0,0,0,0,0,0,0,0,-32306,0,0,0,0,0,159310,0
159309,306,7926,780,80,-351,-143,12853,-6,4,1,0,37043,162,30,66,0,0,0,0,0,0,0,0,-32307,0,0,0,0,0,159315,0
159314,292,7920,766,87,-356,-140,12855,0,0,2,0,37044,147,30,66,0,0,0,0,0,0,0,0,-32306,0,0,0,0,0,159320,0
159319,292,7958,756,89,-358,-123,12854,7,3,3,0,37044,147,30,66,0,0,0,0,0,0,0,0,-32306,0,0,0,0,0,159325,0
159324,306,7958,708,109,-361,-106,12853,3,2,2,0,37046,145,30,66,0,0,0,0,0,0,0,0,-32305,0,0,0,0,0,159330,0
159329,288,7944,698,114,-357,-95,12853,-4,-7,3,0,37046,145,30,66,0,0,0,0,0,0,0,0,-32306,0,0,0,0,0,159335,0
159334,254,7958,700,120,-356,-94,12854,0,2,3,0,37050,144,30,66,0,0,0,0,0,0,0,0,-32306,0,0,0,0,0,159340,0
159339,212,7936,694,130,-357,-79,12853,-3,2,4,0,37050,144,30,66,0,0,0,0,0,0,0,0,-32305,0,0,0,0,0,159345,0
159344,178,7940,650,152,-351,-66,12853,4,2,5,0,37049,141,30,66,0,0,0,0,0,0,0,0,-32306,0,0,0,0,0,159350,0
159349,192,7954,676,166,-353,-61,12853,-3,-4,2,0,37049,141,30,66,0,0,0,0,0,0,0,0,-32305,0,0,0,0,0,159355,0
159354,172,7962,662,174,-343,-53,12853,0,1,3,0,37047,145,30,66,0,0,0,0,0,0,0,0,-32305,0,0,0,0,0,159360,0
159359,162,7978,638,186,-343,-45,12853,0,2,5,0,37047,145,30,66,0,0,0,0,0,0,0,0,-32306,0,0,0,0,0,159365,0
159364,174,7964,648,210,-331,-37,12853,-2,-1,2,0,37048,147,30,66,0,0,0,0,0,0,0,0,-32306,0,0,0,0,0,159370,0
159369,138,8012,666,225,-324,-30,12854,-1,-5,1,0,37048,147,30,66,0,0,0,0,0,0,0,0,-32306,0,0,0,0,0,159375,0
159374,132,8004,672,234,-311,-28,12853,1,1,3,0,37046,153,30,66,0,0,0,0,0,0,0,0,-32305,0,0,0,0,0,159380,0
159379,146,7996,656,249,-311,-18,12852,-5,0,2,0,37046,153,30,66,0,0,0,0,0,0,0,0,-32305,0,0,0,0,0,159385,0
159384,166,7998,684,279,-293,-10,12853,0,-3,4,0,37045,156,30,66,0,0,0,0,0,0,0,0,-32306,0,0,0,0,0,159390,0
159389,152,7984,700,289,-286,-5,12854,0,0,3,0,37045,156,30,66,0,0,0,0,0,0,0,0,-32306,0,0,0,0,0,159395,0
159394,164,7982,680,301,-288,-1,12852,-1,1,1,0,37043,162,30,66,0,0,0,0,0,0,0,0,-32306,0,0,0,0,0,159400,0
159399,136,7996,682,317,-272,9,12852,-3,0,1,0,37043,162,30,66,0,0,0,0,0,0,0,0,-32306,0,0,0,0,0,159405,0
159404,190,8006,716,347,-260,15,12853,-4,-3,4,0,37043,157,30,66,0,0,0,0,0,0,0,0,-32305,0,0,0,0,0,159410,0
159409,222,8016,710,358,-256,29,12855,6,2,3,0,37043,157,30,66,0,0,0,0,0,0,0,0,-32306,0,0,0,0,0,159415,0
159414,180,8042,740,367,-252,30,12853,0,2,3,0,37044,151,30,66,0,0,0,0,0,0,0,0,-32305,0,0,0,0,0,159420,0
159419,226,8070,754,379,-241,30,12853,0,0,4,0,37044,151,30,66,0,0,0,0,0,0,0,0,-32306,0,0,0,0,0,159425,0
159424,216,8136,790,400,-235,50,12853,3,-6,2,0,37043,148,30,66,0,0,0,0,0,0,0,0,-32305,0,0,0,0,0,159430,0
159429,208,8146,800,412,-230,57,12853,-3,1,2,0,37043,148,30,66,0,0,0,0,0,0,0,0,-32305,0,0,0,0,0,159435,0
159434,218,8204,840,416,-227,64,12854,5,2,2,0,37042,148,30,66,0,0,0,0,0,0,0,0,-32306,0,0,0,0,0,159440,0
159439,216,8244,836,426,-219,78,12853,1,2,2,0,37042,148,30,66,0,0,0,0,0,0,0,0,-32305,0,0,0,0,0,159445,0
159444,226,8310,894,440,-212,96,12853,2,1,2,0,37042,142,30,66,0,0,0,0,0,0,0,0,-32306,0,0,0,0,0,159450,0
159449,226,8382,926,442,-205,104,12854,0,-2,1,0,37042,142,30,66,0,0,0,0,0,0,0,0,-32305,0,0,0,0,0,159455,0
159454,236,8434,900,450,-193,112,12853,0,-1,3,0,37044,140,30,66,0,0,0,0,0,0,0,0,-32306,0,0,0,0,0,159460,0
159459,214,8470,948,455,-190,119,12853,-4,2,3,0,37044,140,30,66,0,0,0,0,0,0,0,0,-32305,0,0,0,0,0,159465,0
159464,232,8524,980,459,-173,130,12853,-5,-3,2,0,37045,139,30,66,0,0,0,0,0,0,0,0,-32306,0,0,0,0,0,159470,0
159469,244,8546,1018,464,-161,135,12853,-4,-1,3,0,37045,139,30,66,0,0,0,0,0,0,0,0,-32305,0,0,0,0,0,159475,0
159474,250,8550,1038,465,-156,142,12853,4,0,3,0,37045,157,30,66,0,0,0,0,0,0,0,0,-32305,0,0,0,0,0,159480,0
159479,254,8562,1072,466,-147,141,12853,0,1,2,0,37045,157,30,66,0,0,0,0,0,0,0,0,-32305,0,0,0,0,0,159485,0
159484,254,8494,1124,462,-130,149,12852,-3,4,4,0,37042,145,30,66,0,0,0,0,0,0,0,0,-32306,0,0,0,0,0,159490,0
159489,268,8494,1144,466,-119,145,12853,0,0,5,0,37042,145,30,66,0,0,0,0,0,0,0,0,-32306,0,0,0,0,0,159495,0
159494,260,8486,1174,459,-115,149,12853,-1,4,2,0,37045,145,30,66,0,0,0,0,0,0,0,0,-32306,0,0,0,0,0,159500,0
159499,242,8456,1186,461,-107,150,12854,0,-1,2,0,37045,145,30,66,0,0,0,0,0,0,0,0,-32305,0,0,0,0,0,159505,0
159504,248,8444,1228,450,-89,151,12853,-4,-2,4,0,37047,164,30,66,0,0,0,0,0,0,0,0,-32306,0,0,0,0,0,159510,0
159509,232,8474,1276,443,-91,150,12853,5,1,3,0,37047,164,30,66,0,0,0,0,0,0,0,0,-32306,0,0,0,0,0,159515,0
159514,220,8452,1284,437,-86,152,12853,0,-1,2,0,37044,169,30,66,0,0,0,0,0,0,0,0,-32306,0,0,0,0,0,159520,0
159519,198,8436,1304,432,-76,152,12853,-3,2,4,0,37044,169,30,66,0,0,0,0,0,0,0,0,-32305,0,0,0,0,0,159525,0
159524,194,8432,1360,418,-63,148,12854,2,1,3,0,37039,163,30,66,0,0,0,0,0,0,0,0,-32305,0,0,0,0,0,159530,0
159529,192,8438,1362,412,-52,149,12854,3,5,4,0,37039,163,30,66,0,0,0,0,0,0,0,0,-32306,0,0,0,0,0,159535,0
159534,158,8392,1384,406,-58,151,12853,-4,-2,3,0,37041,163,30,66,0,0,0,0,0,0,0,0,-32305,0,0,0,0,0,159540,0
159539,192,8374,1420,394,-51,153,12853,0,-3,2,0,37041,163,30,66,0,0,0,0,0,0,0,0,-32306,0,0,0,0,0,159545,0
159544,168,8282,1436,378,-37,139,12853,4,2,2,0,37046,160,30,66,0,0,0,0,0,0,0,0,-32305,0,0,0,0,0,159550,0
159549,174,8266,1470,366,-24,143,12853,4,0,3,0,37046,160,30,66,0,0,0,0,0,0,0,0,-32306,0,0,0,0,0,159555,0
159554,188,8200,1472,353,-24,142,12853,-3,-3,5,0,37052,161,30,66,0,0,0,0,0,0,0,0,-32305,0,0,0,0,0,159560,0
159559,190,8156,1496,344,-15,140,12854,2,3,4,0,37052,161,30,66,0,0,0,0,0,0,0,0,-32305,0,0,0,0,0,159565,0
159564,240,8084,1508,321,-1,133,12853,-1,-1,2,0,37050,148,30,66,0,0,0,0,0,0,0,0,-32306,0,0,0,0,0,159570,0
159569,224,8050,1538,307,5,138,12852,0,-2,3,0,37050,148,30,66,0,0,0,0,0,0,0,0,-32306,0,0,0,0,0,159575,0
159574,264,8024,1538,298,16,135,12852,-1,-7,2,0,37049,139,30,66,0,0,0,0,0,0,0,0,-32306,0,0,0,0,0,159580,0
159579,254,7998,1556,281,17,140,12853,-3,2,2,0,37049,139,30,66,0,0,0,0,0,0,0,0,-32306,0,0,0,0,0,159585,0
159584,270,7938,1574,262,37,141,12853,-2,2,3,0,37046,133,30,66,0,0,0,0,0,0,0,0,-32306,0,0,0,0,0,159590,0
159589,296,7910,1550,248,32,143,12853,3,-1,4,0,37046,133,30,66,0,0,0,0,0,0,0,0,-32305,0,0,0,0,0,159595,0
159594,286,7900,1594,235,41,151,12854,9,-1,4,0,37046,146,30,66,0,0,0,0,0,0,0,0,-32305,0,0,0,0,0,159600,0
159599,284,7914,1604,225,46,152,12853,2,3,2,0,37046,146,30,66,0,0,0,0,0,0,0,0,-32305,0,0,0,0,0,159605,0
159604,280,7944,1578,196,58,163,12853,-3,0,3,0,37041,150,30,66,0,0,0,0,0,0,0,0,-32306,0,0,0,0,0,159610,0
159609,262,7916,1596,182,63,169,12854,-3,2,3,0,37041,150,30,66,0,0,0,0,0,0,0,0,-32305,0,0,0,0,0,159615,0
159614,280,7910,1592,169,70,176,12854,5,0,3,0,37040,147,30,66,0,0,0,0,0,0,0,0,-32306,0,0,0,0,0,159620,0
159619,274,7930,1578,155,69,183,12854,4,-6,3,0,37040,147,30,66,0,0,0,0,0,0,0,0,-32306,0,0,0,0,0,159625,0
159624,244,7954,1602,133,79,197,12853,-3,2,1,0,37044,142,30,66,0,0,0,0,0,0,0,0,-32306,0,0,0,0,0,159630,0
159629,258,7976,1592,120,79,201,12853,1,0,3,0,37044,142,30,66,0,0,0,0,0,0,0,0,-32305,0,0,0,0,0,159635,0
159634,250,7984,1584,103,88,210,12853,0,1,3,0,37046,140,30,66,0,0,0,0,0,0,0,0,-32305,0,0,0,0,0,159640,0
159639,266,7994,1576,97,88,213,12854,5,1,3,0,37046,140,30,66,0,0,0,0,0,0,0,0,-32305,0,0,0,0,0,159645,0
159644,210,8024,1536,69,99,224,12854,0,1,2,0,37043,154,30,66,0,0,0,0,0,0,0,0,-32306,0,0,0,0,0,159650,0
159649,188,8048,1540,51,100,217,12854,1,3,3,0,37043,154,30,66,0,0,0,0,0,0,0,0,-32306,0,0,0,0,0,159655,0
159654,202,8070,1516,40,106,226,12853,-2,-3,2,0,37039,157,30,66,0,0,0,0,0,0,0,0,-32306,0,0,0,0,0,159660,0
159659,172,8092,1500,25,102,228,12853,-1,2,7,0,37039,157,30,66,0,0,0,0,0,0,0,0,-32306,0,0,0,0,0,159665,0
159664,140,8170,1464,2,111,234,12854,-1,4,3,0,37040,159,30,66,0,0,0,0,0,0,0,0,-32306,0,0,0,0,0,159670,0
159669,148,8214,1480,-7,113,233,12852,-10,-2,2,0,37040,159,30,66,0,0,0,0,0,0,0,0,-32306,0,0,0,0,0,159675,0
159674,104,8218,1434,-24,117,236,12853,-2,4,3,0,37043,160,30,66,0,0,0,0,0,0,0,0,-32306,0,0,0,0,0,159680,0
159679,108,8288,1390,-32,114,237,12853,-2,-3,2,0,37043,160,30,66,0,0,0,0,0,0,0,0,-32306,0,0,0,0,0,159685,0
159684,74,8322,1368,-51,105,235,12854,2,5,4,0,37040,158,30,66,0,0,0,0,0,0,0,0,-32306,0,0,0,0,0,159690,0
159689,58,8330,1368,-56,111,232,12853,0,2,2,0,37040,158,30,66,0,0,0,0,0,0,0,0,-32306,0,0,0,0,0,159695,0
159694,10,8330,1354,-67,103,237,12854,2,-1,2,0,37041,159,30,66,0,0,0,0,0,0,0,0,-32305,0,0,0,0,0,159700,0
159699,26,8330,1316,-74,103,228,12853,9,2,2,0,37041,159,30,66,0,0,0,0,0,0,0,0,-32306,0,0,0,0,0,159705,0
159704,30,8322,1268,-87,93,226,12853,-3,4,3,0,37041,162,30,66,0,0,0,0,0,0,0,0,-32306,0,0,0,0,0,159710,0
159709,26,8284,1246,-97,95,221,12854,0,4,1,0,37041,162,30,66,0,0,0,0,0,0,0,0,-32306,0,0,0,0,0,159715,0
159714,18,8284,1216,-106,90,217,12853,-1,0,2,0,37042,157,30,66,0,0,0,0,0,0,0,0,-32306,0,0,0,0,0,159720,0
159719,4,8264,1210,-105,89,213,12853,0,0,1,0,37042,157,30,66,0,0,0,0,0,0,0,0,-32306,0,0,0,0,0,159725,0
159724,16,8254,1166,-123,77,206,12853,0,-2,2,0,37041,161,30,66,0,0,0,0,0,0,0,0,-32306,0,0,0,0,0,159730,0
159729,8,8206,1148,-128,70,202,12853,0,-1,4,0,37041,161,30,66,0,0,0,0,0,0,0,0,-32306,0,0,0,0,0,159735,0
159734,6,8192,1156,-130,70,195,12853,2,-1,4,0,37040,162,30,66,0,0,0,0,0,0,0,0,-32306,0,0,0,0,0,159740,0
159739,-16,8176,1102,-132,60,193,12852,-6,-3,5,0,37040,162,30,66,0,0,0,0,0,0,0,0,-32305,0,0,0,0,0,159745,0
159744,-38,8148,1084,-142,56,186,12854,4,1,4,0,37040,158,30,66,0,0,0,0,0,0,0,0,-32306,0,0,0,0,0,159750,0
159749,-34,8144,1084,-139,49,181,12853,1,-2,3,0,37040,158,30,66,0,0,0,0,0,0,0,0,-32305,0,0,0,0,0,159755,0
159754,-40,8126,1050,-148,41,184,12854,0,-1,4,0,37040,148,30,66,0,0,0,0,0,0,0,0,-32306,0,0,0,0,0,159760,0
159759,-38,8084,1050,-145,45,174,12853,1,0,3,0,37040,148,30,66,0,0,0,0,0,0,0,0,-32306,0,0,0,0,0,159765,0
159764,-62,8062,1004,-153,35,164,12853,0,0,2,0,37045,149,30,66,0,0,0,0,0,0,0,0,-32306,0,0,0,0,0,159770,0
159769,-72,8030,1006,-155,23,160,12853,0,-1,3,0,37045,149,30,66,0,0,0,0,0,0,0,0,-32306,0,0,0,0,0,159775,0
159774,-110,8018,960,-159,26,158,12854,3,2,3,0,37044,151,30,66,0,0,0,0,0,0,0,0,-32306,0,0,0,0,0,159780,0
159779,-82,8008,960,-156,16,155,12853,0,1,3,0,37044,151,30,66,0,0,0,0,0,0,0,0,-32306,0,0,0,0,0,159786,0
159784,-106,8004,910,-159,12,142,12853,-1,-2,4,0,37045,144,30,66,0,0,0,0,0,0,0,0,-32306,0,0,0,0,0,159791,0
159789,-90,8008,922,-157,12,143,12853,0,1,3,0,37045,144,30,66,0,0,0,0,0,0,0,0,-32306,0,0,0,0,0,159796,0
159794,-104,7990,908,-152,7,138,12854,7,2,1,0,37045,144,30,66,0,0,0,0,0,0,0,0,-32305,0,0,0,0,0,159801,0
159799,-94,7984,864,-159,3,130,12853,0,-1,1,0,37045,144,30,66,0,0,0,0,0,0,0,0,-32306,0,0,0,0,0,159806,0
159804,-88,7990,860,-147,0,122,12854,3,3,2,0,37046,149,30,66,0,0,0,0,0,0,0,0,-32305,0,0,0,0,0,159811,0
159809,-86,7976,842,-141,0,121,12853,-2,1,2,0,37046,149,30,66,0,0,0,0,0,0,0,0,-32305,0,0,0,0,0,159816,0
159814,-100,7982,838,-142,-4,117,12854,-1,-1,2,0,37042,157,30,66,0,0,0,0,0,0,0,0,-32305,0,0,0,0,0,159821,0
159819,-86,7946,798,-146,-6,112,12853,0,1,3,0,37042,157,30,66,0,0,0,0,0,0,0,0,-32305,0,0,0,0,0,159826,0
159824,-74,7928,788,-131,-11,104,12853,-1,1,2,0,37038,155,30,66,0,0,0,0,0,0,0,0,-32305,0,0,0,0,0,159831,0
159829,-82,7906,782,-125,-9,101,12853,-4,-2,3,0,37038,155,30,66,0,0,0,0,0,0,0,0,-32306,0,0,0,0,0,159836,0
159834,-70,7904,762,-123,-15,90,12853,0,2,3,0,37039,148,30,66,0,0,0,0,0,0,0,0,-32306,0,0,0,0,0,159841,0
159839,-64,7886,750,-116,-17,90,12853,0,-2,2,0,37039,148,30,66,0,0,0,0,0,0,0,0,-32305,0,0,0,0,0,159846,0
159844,-68,7864,728,-107,-20,82,12853,1,-1,4,0,37043,152,30,66,0,0,0,0,0,0,0,0,-32306,0,0,0,0,0,159851,0
159849,-90,7858,740,-97,-26,74,12854,1,6,4,0,37043,152,30,66,0,0,0,0,0,0,0,0,-32306,0,0,0,0,0,159856,0
159854,-80,7848,716,-101,-29,78,12853,-3,1,3,0,37042,151,30,66,0,0,0,0,0,0,0,0,-32305,0,0,0,0,0,159861,0
159859,-68,7852,702,-89,-29,74,12853,-5,0,3,0,37042,151,30,66,0,0,0,0,0,0,0,0,-32306,0,0,0,0,0,159866,0
159864,-88,7888,702,-74,-38,67,12853,-2,4,3,0,37039,150,30,66,0,0,0,0,0,0,0,0,-32306,0,0,0,0,0,159871,0
159869,-74,7866,662,-75,-35,66,12853,3,-1,5,0,37039,150,30,66,0,0,0,0,0,0,0,0,-32306,0,0,0,0,0,159876,0
159874,-74,7890,644,-63,-33,60,12854,5,5,6,0,37040,149,30,66,0,0,0,0,0,0,0,0,-32306,0,0,0,0,0,159881,0
159879,-96,7906,644,-52,-36,57,12853,2,-1,4,0,37040,149,30,66,0,0,0,0,0,0,0,0,-32305,0,0,0,0,0,159886,0
159884,-80,7940,630,-40,-41,46,12854,3,2,5,0,37041,150,30,66,0,0,0,0,0,0,0,0,-32305,0,0,0,0,0,159891,0
159889,-72,7956,638,-27,-39,42,12852,-9,-3,2,0,37041,150,30,66,0,0,0,0,0,0,0,0,-32305,0,0,0,0,0,159896,0
159894,-82,7970,602,-24,-37,40,12853,3,2,3,0,37040,160,30,66,0,0,0,0,0,0,0,0,-32306,0,0,0,0,0,159901,0
159899,-42,7964,618,-10,-42,38,12853,-3,-7,3,0,37040,160,30,66,0,0,0,0,0,0,0,0,-32306,0,0,0,0,0,159906,0
159904,-38,8010,582,3,-42,29,12851,-3,-5,3,0,37036,149,30,66,0,0,0,0,0,0,0,0,-32306,0,0,0,0,0,159911,0
159909,-52,8030,560,19,-45,26,12852,-2,-5,1,0,37036,149,30,66,0,0,0,0,0,0,0,0,-32306,0,0,0,0,0,159916,0
159914,-40,7994,584,34,-40,24,12854,0,4,2,0,37036,150,30,66,0,0,0,0,0,0,0,0,-32305,0,0,0,0,0,159921,0
159919,-14,8028,580,40,-41,18,12853,4,-3,4,0,37036,150,30,66,0,0,0,0,0,0,0,0,-32305,0,0,0,0,0,159926,0
159924,10,8008,554,59,-48,12,12853,1,0,3,0,37040,144,30,66,0,0,0,0,0,0,0,0,-32306,0,0,0,0,0,159931,0
159929,18,8004,568,69,-56,12,12853,-1,-1,4,0,37040,144,30,66,0,0,0,0,0,0,0,0,-32306,0,0,0,0,0,159936,0
159934,-16,7962,572,81,-53,10,12854,5,2,4,0,37043,152,30,66,0,0,0,0,0,0,0,0,-32306,0,0,0,0,0,159941,0
159939,-6,7970,588,93,-55,9,12853,3,1,2,0,37043,152,30,66,0,0,0,0,0,0,0,0,-32305,0,0,0,0,0,159946,0
159944,12,7938,604,109,-62,13,12854,2,1,2,0,37039,155,30,66,0,0,0,0,0,0,0,0,-32306,0,0,0,0,0,159951,0
159949,-14,7902,594,120,-63,4,12854,3,3,2,0,37039,155,30,66,0,0,0,0,0,0,0,0,-32305,0,0,0,0,0,159956,0
159954,20,7910,590,130,-62,1,12854,7,3,3,0,37037,152,30,66,0,0,0,0,0,0,0,0,-32306,0,0,0,0,0,159961,0
159959,-16,7866,578,146,-61,-3,12854,0,3,3,0,37037,152,30,66,0,0,0,0,0,0,0,0,-32306,0,0,0,0,0,159966,0
159964,-4,7884,580,161,-65,-3,12853,0,2,3,0,37038,150,30,66,0,0,0,0,0,0,0,0,-32306,0,0,0,0,0,159971,0
159969,26,7908,580,171,-65,-11,12853,-3,-3,1,0,37038,150,30,66,0,0,0,0,0,0,0,0,-32305,0,0,0,0,0,159976,0
159974,-4,7922,588,185,-66,-13,12852,-3,-4,1,0,37046,146,30,66,0,0,0,0,0,0,0,0,-32305,0,0,0,0,0,159981,0
159979,48,7970,578,188,-66,-21,12852,-3,-1,1,0,37046,146,30,66,0,0,0,0,0,0,0,0,-32305,0,0,0,0,0,159986,0
159984,72,8070,588,210,-53,-33,12853,2,-1,4,0,37044,151,30,66,0,0,0,0,0,0,0,0,-32306,0,0,0,0,0,159991,0
159989,72,8082,608,218,-48,-39,12852,-1,-2,3,0,37044,151,30,66,0,0,0,0,0,0,0,0,-32306,0,0,0,0,0,159996,0
159994,76,8114,616,229,-46,-39,12853,-9,2,2,0,37043,151,30,66,0,0,0,0,0,0,0,0,-32305,0,0,0,0,0,160001,0
159999,92,8140,622,240,-43,-42,12853,1,0,2,0,37043,151,30,66,0,0,0,0,0,0,0,0,-32305,0,0,0,0,0,160006,0
160004,128,8192,636,249,-32,-44,12853,-1,-4,3,0,37043,145,30,66,0,0,0,0,0,0,0,0,-32306,0,0,0,0,0,160011,0
160009,156,8218,644,254,-27,-47,12853,-4,-1,3,0,37043,145,30,66,0,0,0,0,0,0,0,0,-32305,0,0,0,0,0,160016,0
160014,172,8212,658,258,-20,-48,12852,-3,2,3,0,37043,149,30,66,0,0,0,0,0,0,0,0,-32305,0,0,0,0,0,160021,0
160019,196,8200,650,264,-14,-46,12852,2,-7,3,0,37043,149,30,66,0,0,0,0,0,0,0,0,-32305,0,0,0,0,0,160026,0
160024,294,8578,886,261,8,-44,12854,0,1,3,0,37043,155,30,66,0,0,0,0,0,0,0,0,-32306,0,0,0,0,0,160031,0
160029,304,8598,1166,244,22,-46,12853,-2,4,2,0,37043,155,30,66,0,0,0,0,0,0,0,0,-32305,0,0,0,0,0,160036,0
160034,354,8630,1286,239,37,-45,12853,-1,-2,3,0,37042,153,30,66,0,0,0,0,0,0,0,0,-32306,0,0,0,0,0,160041,0
160039,414,8700,1498,217,56,-36,12854,2,-1,2,0,37042,153,30,66,0,0,0,0,0,0,0,0,-32306,0,0,0,0,0,160046,0
160044,378,8704,1672,179,83,-23,12853,2,-3,4,0,37042,158,30,66,0,0,0,0,0,0,0,0,-32305,0,0,0,0,0,160051,0
160049,372,8678,1718,153,102,-18,12854,0,3,3,0,37042,158,30,66,0,0,0,0,0,0,0,0,-32306,0,0,0,0,0,160056,0
160054,344,8586,1766,133,116,-8,12853,0,2,2,0,37042,150,30,66,0,0,0,0,0,0,0,0,-32305,0,0,0,0,0,160061,0
160059,310,8580,1768,113,131,-10,12855,3,5,3,0,37042,150,30,66,0,0,0,0,0,0,0,0,-32306,0,0,0,0,0,160066,0
160064,240,8404,1674,87,167,-8,12853,-4,1,3,0,37040,165,30,66,0,0,0,0,0,0,0,0,-32305,0,0,0,0,0,160071,0
160069,238,8316,1586,77,176,-9,12853,0,2,2,0,37040,165,30,66,0,0,0,0,0,0,0,0,-32305,0,0,0,0,0,160076,0
160074,170,8210,1498,77,194,-8,12853,0,0,2,0,37037,157,30,66,0,0,0,0,0,0,0,0,-32305,0,0,0,0,0,160081,0
160079,128,8102,1388,80,205,-9,12853,-5,3,2,0,37037,157,30,66,0,0,0,0,0,0,0,0,-32305,0,0,0,0,0,160086,0
160084,108,8014,1226,85,215,-9,12853,-8,0,3,0,37040,150,30,66,0,0,0,0,0,0,0,0,-32305,0,0,0,0,0,160091,0
160089,96,7948,1180,100,229,-9,12854,6,4,1,0,37040,150,30,66,0,0,0,0,0,0,0,0,-32306,0,0,0,0,0,160096,0
160094,116,7926,1120,112,237,-9,12853,-4,-1,2,0,37043,150,30,66,0,0,0,0,0,0,0,0,-32305,0,0,0,0,0,160101,0
160099,88,7906,1108,128,244,-12,12853,-1,1,3,0,37043,150,30,66,0,0,0,0,0,0,0,0,-32305,0,0,0,0,0,160106,0
160104,52,7870,1058,152,242,-8,12853,-2,1,2,0,37045,152,30,66,0,0,0,0,0,0,0,0,-32306,0,0,0,0,0,160111,0
160109,40,7860,1050,171,246,-4,12853,-3,1,1,0,37045,152,30,66,0,0,0,0,0,0,0,0,-32305,0,0,0,0,0,160116,0
160114,46,7892,1050,181,242,-2,12854,2,0,3,0,37044,153,30,66,0,0,0,0,0,0,0,0,-32306,0,0,0,0,0,160121,0
160119,28,7866,1036,181,247,0,12854,3,4,3,0,37044,153,30,66,0,0,0,0,0,0,0,0,-32305,0,0,0,0,0,160126,0
160124,42,7926,1126,199,247,8,12853,-4,-2,3,0,37039,144,30,66,0,0,0,0,0,0,0,0,-32305,0,0,0,0,0,160131,0
160129,54,7978,1186,198,244,8,12852,-10,1,2,0,37039,144,30,66,0,0,0,0,0,0,0,0,-32306,0,0,0,0,0,160136,0
160134,36,7950,1188,201,242,10,12853,0,-1,1,0,37043,148,30,66,0,0,0,0,0,0,0,0,-32305,0,0,0,0,0,160141,0
160139,66,8028,1244,193,246,12,12852,-1,-1,3,0,37043,148,30,66,0,0,0,0,0,0,0,0,-32305,0,0,0,0,0,160146,0
160144,50,8054,1294,175,250,20,12854,2,1,3,0,37046,148,30,66,0,0,0,0,0,0,0,0,-32306,0,0,0,0,0,160151,0
160149,26,8090,1320,166,256,20,12853,-2,2,3,0,37046,148,30,66,0,0,0,0,0,0,0,0,-32306,0,0,0,0,0,160156,0
160154,22,8126,1342,151,253,20,12854,5,6,2,0,37042,147,30,66,0,0,0,0,0,0,0,0,-32306,0,0,0,0,0,160161,0
160159,-32,8166,1316,134,258,15,12853,-1,-2,3,0,37042,147,30,66,0,0,0,0,0,0,0,0,-32306,0,0,0,0,0,160166,0
160164,-76,8126,1206,121,263,2,12853,-7,0,3,0,37039,148,30,66,0,0,0,0,0,0,0,0,-32305,0,0,0,0,0,160171,0
160169,-96,8108,1052,119,265,4,12853,-4,-1,3,0,37039,148,30,66,0,0,0,0,0,0,0,0,-32305,0,0,0,0,0,160176,0
160174,-76,8100,910,113,271,8,12854,1,1,4,0,37041,153,30,66,0,0,0,0,0,0,0,0,-32305,0,0,0,0,0,160181,0
160179,-54,8124,784,110,270,14,12852,0,-1,2,0,37041,153,30,66,0,0,0,0,0,0,0,0,-32305,0,0,0,0,0,160186,0
160184,56,8158,712,115,267,19,12854,0,0,2,0,37048,158,30,66,0,0,0,0,0,0,0,0,-32305,0,0,0,0,0,160191,0
160189,118,8160,748,114,270,25,12853,-3,-2,4,0,37048,158,30,66,0,0,0,0,0,0,0,0,-32306,0,0,0,0,0,160196,0
160194,140,8174,800,109,274,22,12853,-1,4,2,0,37046,165,30,66,0,0,0,0,0,0,0,0,-32305,0,0,0,0,0,160201,0
160199,122,8224,838,112,277,19,12853,-3,-4,3,0,37046,165,30,66,0,0,0,0,0,0,0,0,-32305,0,0,0,0,0,160206,0
160204,64,8276,834,110,284,18,12852,-5,-1,3,0,37043,169,30,66,0,0,0,0,0,0,0,0,-32305,0,0,0,0,0,160211,0
160209,38,8230,878,107,281,25,12853,5,1,3,0,37043,169,30,66,0,0,0,0,0,0,0,0,-32305,0,0,0,0,0,160216,0
160214,10,8280,908,99,276,32,12854,0,2,3,0,37043,175,30,66,0,0,0,0,0,0,0,0,-32306,0,0,0,0,0,160221,0
160219,26,8258,924,101,269,31,12853,-4,0,3,0,37043,175,30,66,0,0,0,0,0,0,0,0,-32306,0,0,0,0,0,160226,0
160224,92,8316,942,90,257,38,12853,-1,4,3,0,37043,160,30,66,0,0,0,0,0,0,0,0,-32306,0,0,0,0,0,160231,0
160229,92,8266,920,90,248,45,12854,1,-4,3,0,37043,160,30,66,0,0,0,0,0,0,0,0,-32305,0,0,0,0,0,160236,0
160234,126,8236,924,80,239,46,12853,-3,-2,3,0,37042,155,30,66,0,0,0,0,0,0,0,0,-32306,0,0,0,0,0,160241,0
160239,166,8254,904,75,226,55,12852,-4,-1,2,0,37042,155,30,66,0,0,0,0,0,0,0,0,-32305,0,0,0,0,0,160246,0
160244,174,8274,944,72,199,60,12853,0,2,3,0,37039,154,30,66,0,0,0,0,0,0,0,0,-32305,0,0,0,0,0,160251,0
160249,176,8246,908,73,189,54,12853,0,-1,1,0,37039,154,30,66,0,0,0,0,0,0,0,0,-32305,0,0,0,0,0,160256,0
160254,138,8256,914,67,168,57,12853,2,2,2,0,37039,151,30,66,0,0,0,0,0,0,0,0,-32306,0,0,0,0,0,160261,0
160259,146,8240,900,74,162,61,12853,-4,-1,4,0,37039,151,30,66,0,0,0,0,0,0,0,0,-32305,0,0,0,0,0,160266,0
160264,138,8228,882,67,139,74,12853,1,1,2,0,37043,151,30,66,0,0,0,0,0,0,0,0,-32305,0,0,0,0,0,160271,0
160269,158,8236,880,68,123,76,12854,2,2,3,0,37043,151,30,66,0,0,0,0,0,0,0,0,-32305,0,0,0,0,0,160276,0
160274,208,8274,894,68,114,79,12853,-1,1,3,0,37046,143,30,66,0,0,0,0,0,0,0,0,-32306,0,0,0,0,0,160281,0
160279,236,8254,880,71,103,80,12854,-1,-1,3,0,37046,143,30,66,0,0,0,0,0,0,0,0,-32306,0,0,0,0,0,160286,0
160284,256,8282,866,66,86,86,12853,-3,-1,2,0,37043,148,30,66,0,0,0,0,0,0,0,0,-32306,0,0,0,0,0,160291,0
160289,284,8272,880,66,78,94,12852,5,1,3,0,37043,148,30,66,0,0,0,0,0,0,0,0,-32305,0,0,0,0,0,160296,0
160294,302,8286,894,69,71,100,12853,4,1,4,0,37046,148,30,66,0,0,0,0,0,0,0,0,-32306,0,0,0,0,0,160301,0
160299,308,8242,874,69,65,107,12853,-2,-1,2,0,37046,148,30,66,0,0,0,0,0,0,0,0,-32305,0,0,0,0,0,160306,0
160304,334,8252,880,68,55,130,12853,-1,4,3,0,37046,153,30,66,0,0,0,0,0,0,0,0,-32306,0,0,0,0,0,160311,0
160309,338,8236,860,69,49,146,12852,0,5,3,0,37046,153,30,66,0,0,0,0,0,0,0,0,-32305,0,0,0,0,0,160316,0
160314,306,8200,890,75,49,154,12854,2,-3,3,0,37049,163,30,66,0,0,0,0,0,0,0,0,-32307,0,0,0,0,0,160321,0
160319,364,8176,880,76,44,169,12853,2,-1,2,0,37049,163,30,66,0,0,0,0,0,0,0,0,-32305,0,0,0,0,0,160326,0
160324,350,8156,892,75,41,192,12852,0,3,2,0,37042,157,30,66,0,0,0,0,0,0,0,0,-32306,0,0,0,0,0,160331,0
160329,380,8166,878,81,42,204,12853,2,-1,3,0,37042,157,30,66,0,0,0,0,0,0,0,0,-32306,0,0,0,0,0,160336,0
160334,330,8130,884,81,39,212,12854,1,-2,2,0,37040,151,30,66,0,0,0,0,0,0,0,0,-32306,0,0,0,0,0,160341,0
160339,312,8120,924,80,43,226,12853,0,5,3,0,37040,151,30,66,0,0,0,0,0,0,0,0,-32306,0,0,0,0,0,160346,0
160344,286,8130,882,77,39,251,12853,-2,-2,3,0,37042,151,30,66,0,0,0,0,0,0,0,0,-32305,0,0,0,0,0,160351,0
160349,256,8164,914,87,41,264,12853,-1,-3,4,0,37042,151,30,66,0,0,0,0,0,0,0,0,-32305,0,0,0,0,0,160356,0
160354,256,8130,924,86,42,273,12852,-6,-3,3,0,37042,153,30,66,0,0,0,0,0,0,0,0,-32305,0,0,0,0,0,160361,0
160359,208,8144,930,86,36,286,12853,2,0,3,0,37042,153,30,66,0,0,0,0,0,0,0,0,-32305,0,0,0,0,0,160366,0
160364,190,8152,930,94,33,303,12853,1,6,1,0,37041,160,30,66,0,0,0,0,0,0,0,0,-32305,0,0,0,0,0,160371,0
160369,180,8118,938,93,36,318,12853,-1,1,2,0,37041,160,30,66,0,0,0,0,0,0,0,0,-32306,0,0,0,0,0,160376,0
160374,216,8086,952,92,33,329,12853,0,1,3,0,37039,157,30,66,0,0,0,0,0,0,0,0,-32305,0,0,0,0,0,160381,0
160379,176,8084,966,98,33,331,12853,3,2,3,0,37039,157,30,66,0,0,0,0,0,0,0,0,-32306,0,0,0,0,0,160386,0
160384,176,8084,974,95,31,345,12853,-2,-2,3,0,37038,153,30,66,0,0,0,0,0,0,0,0,-32305,0,0,0,0,0,160391,0
160389,182,8056,996,91,32,356,12853,-4,-4,1,0,37038,153,30,66,0,0,0,0,0,0,0,0,-32306,0,0,0,0,0,160396,0
160394,190,8070,980,92,37,362,12854,0,-3,2,0,37042,145,30,66,0,0,0,0,0,0,0,0,-32306,0,0,0,0,0,160401,0
160399,212,8066,1004,89,32,365,12853,0,-1,3,0,37042,145,30,66,0,0,0,0,0,0,0,0,-32305,0,0,0,0,0,160406,0
160404,184,8028,994,83,40,377,12854,1,1,3,0,37049,151,30,66,0,0,0,0,0,0,0,0,-32305,0,0,0,0,0,160411,0
160409,168,8018,1002,82,38,377,12852,-1,-2,2,0,37049,151,30,66,0,0,0,0,0,0,0,0,-32306,0,0,0,0,0,160416,0
160414,186,8040,1010,75,39,381,12853,0,4,3,0,37047,148,30,66,0,0,0,0,0,0,0,0,-32306,0,0,0,0,0,160421,0
160419,160,8060,1036,82,43,387,12853,4,-2,3,0,37047,148,30,66,0,0,0,0,0,0,0,0,-32305,0,0,0,0,0,160426,0
160424,130,8036,1042,76,54,393,12853,-1,5,3,0,37046,145,30,66,0,0,0,0,0,0,0,0,-32306,0,0,0,0,0,160431,0
160429,148,8012,1046,66,52,387,12854,3,1,1,0,37046,145,30,66,0,0,0,0,0,0,0,0,-32306,0,0,0,0,0,160436,0
160434,124,8022,1060,61,53,386,12854,2,-2,3,0,37043,150,30,66,0,0,0,0,0,0,0,0,-32306,0,0,0,0,0,160441,0
160439,110,8002,1038,52,57,389,12853,-3,-3,4,0,37043,150,30,66,0,0,0,0,0,0,0,0,-32305,0,0,0,0,0,160446,0
160444,70,7974,1022,38,56,382,12853,2,-1,3,0,37043,154,30,66,0,0,0,0,0,0,0,0,-32306,0,0,0,0,0,160451,0
160449,98,7966,1046,44,61,376,12853,0,0,3,0,37043,154,30,66,0,0,0,0,0,0,0,0,-32306,0,0,0,0,0,160456,0
160454,48,7952,1020,25,61,373,12853,0,0,4,0,37040,159,30,66,0,0,0,0,0,0,0,0,-32305,0,0,0,0,0,160461,0
160459,56,7942,1028,22,67,367,12853,-8,0,3,0,37040,159,30,66,0,0,0,0,0,0,0,0,-32305,0,0,0,0,0,160466,0
160464,44,7930,986,9,74,355,12854,-3,2,2,0,37040,152,30,66,0,0,0,0,0,0,0,0,-32306,0,0,0,0,0,160471,0
160469,26,7938,992,3,74,348,12853,-3,-3,2,0,37040,152,30,66,0,0,0,0,0,0,0,0,-32306,0,0,0,0,0,160476,0
160474,32,7916,990,-4,83,339,12853,-2,-2,2,0,37045,148,30,66,0,0,0,0,0,0,0,0,-32306,0,0,0,0,0,160481,0
160479,22,7942,964,-7,78,336,12854,4,-3,2,0,37045,148,30,66,0,0,0,0,0,0,0,0,-32306,0,0,0,0,0,160486,0
160484,0,7974,942,-17,77,324,12854,4,2,3,0,37048,159,30,66,0,0,0,0,0,0,0,0,-32306,0,0,0,0,0,160491,0
160489,-16,8006,938,-20,82,319,12855,6,2,2,0,37048,159,30,66,0,0,0,0,0,0,0,0,-32305,0,0,0,0,0,160496,0
160494,18,7978,916,-25,86,317,12853,-2,0,3,0,37047,154,30,66,0,0,0,0,0,0,0,0,-32305,0,0,0,0,0,160501,0
160499,-18,8036,918,-23,84,312,12853,6,-3,4,0,37047,154,30,66,0,0,0,0,0,0,0,0,-32305,0,0,0,0,0,160506,0
160504,-28,8058,872,-24,86,301,12853,-1,0,3,0,37046,159,30,66,0,0,0,0,0,0,0,0,-32305,0,0,0,0,0,160511,0
160509,-24,8052,844,-22,82,298,12853,-1,-3,4,0,37046,159,30,66,0,0,0,0,0,0,0,0,-32305,0,0,0,0,0,160516,0
160514,-18,8070,834,-16,84,294,12853,-4,-3,5,0,37057,157,30,66,0,0,0,0,0,0,0,0,-32305,0,0,0,0,0,160521,0
160519,-22,8034,842,-15,83,293,12853,0,1,3,0,37057,157,30,66,0,0,0,0,0,0,0,0,-32305,0,0,0,0,0,160526,0
160524,-16,8018,824,-5,84,286,12854,4,-5,1,0,37063,160,30,66,0,0,0,0,0,0,0,0,-32305,0,0,0,0,0,160531,0
160529,-22,8006,812,1,83,281,12853,-1,-1,3,0,37063,160,30,66,0,0,0,0,0,0,0,0,-32305,0,0,0,0,0,160536,0
160534,16,8006,806,9,84,274,12853,-1,4,3,0,37061,160,30,66,0,0,0,0,0,0,0,0,-32305,0,0,0,0,0,160541,0
160539,-16,8044,786,10,81,273,12853,0,1,4,0,37061,160,30,66,0,0,0,0,0,0,0,0,-32305,0,0,0,0,0,160546,0
160544,-46,8052,818,26,84,261,12853,0,-1,4,0,37052,160,30,66,0,0,0,0,0,0,0,0,-32305,0,0,0,0,0,160551,0
160549,-40,8090,790,31,78,253,12854,-7,-2,3,0,37052,160,30,66,0,0,0,0,0,0,0,0,-32305,0,0,0,0,0,160556,0
160554,-44,8082,796,39,86,250,12854,3,1,2,0,37040,152,30,66,0,0,0,0,0,0,0,0,-32305,0,0,0,0,0,160561,0
160559,-58,8144,820,47,84,239,12853,0,2,3,0,37040,152,30,66,0,0,0,0,0,0,0,0,-32306,0,0,0,0,0,160566,0
160564,-100,8170,836,54,84,225,12854,0,-4,3,0,37043,149,30,66,0,0,0,0,0,0,0,0,-32306,0,0,0,0,0,160571,0
160569,-98,8202,856,61,86,216,12853,-2,-4,2,0,37043,149,30,66,0,0,0,0,0,0,0,0,-32306,0,0,0,0,0,160576,0
160574,-104,8204,868,68,89,209,12854,0,1,2,0,37044,149,30,66,0,0,0,0,0,0,0,0,-32305,0,0,0,0,0,160581,0
160579,-102,8228,876,73,86,198,12854,-1,2,2,0,37044,149,30,66,0,0,0,0,0,0,0,0,-32305,0,0,0,0,0,160586,0
160584,-90,8252,906,82,95,178,12853,1,-1,2,0,37041,149,30,66,0,0,0,0,0,0,0,0,-32305,0,0,0,0,0,160591,0
160589,-106,8230,916,85,96,174,12853,-1,-3,1,0,37041,149,30,66,0,0,0,0,0,0,0,0,-32306,0,0,0,0,0,160596,0
160594,-122,8228,968,84,103,167,12853,-3,1,2,0,37040,144,30,66,0,0,0,0,0,0,0,0,-32306,0,0,0,0,0,160601,0
160599,-76,8264,978,85,114,152,12853,2,0,3,0,37040,144,30,66,0,0,0,0,0,0,0,0,-32306,0,0,0,0,0,160606,0
160604,-76,8242,998,84,122,132,12853,-1,-1,4,0,37041,141,30,66,0,0,0,0,0,0,0,0,-32306,0,0,0,0,0,160611,0
160609,-98,8240,1024,90,128,119,12852,-5,-2,3,0,37041,141,30,66,0,0,0,0,0,0,0,0,-32306,0,0,0,0,0,160616,0
160614,-128,8224,1032,88,136,109,12854,7,1,5,0,37047,148,30,66,0,0,0,0,0,0,0,0,-32305,0,0,0,0,0,160621,0
160619,-108,8228,1028,84,136,96,12853,-3,2,6,0,37047,148,30,66,0,0,0,0,0,0,0,0,-32305,0,0,0,0,0,160626,0
160624,-120,8240,1054,82,151,78,12855,1,5,3,0,37046,153,30,66,0,0,0,0,0,0,0,0,-32306,0,0,0,0,0,160631,0
160629,-106,8214,1096,85,152,66,12854,4,1,3,0,37046,153,30,66,0,0,0,0,0,0,0,0,-32305,0,0,0,0,0,160636,0
160634,-112,8180,1112,78,152,49,12853,-2,-1,3,0,37043,147,30,66,0,0,0,0,0,0,0,0,-32305,0,0,0,0,0,160641,0
160639,-132,8174,1134,78,159,36,12853,-4,-2,3,0,37043,147,30,66,0,0,0,0,0,0,0,0,-32305,0,0,0,0,0,160646,0
160644,-126,8136,1136,76,167,13,12853,-1,1,2,0,37041,143,30,66,0,0,0,0,0,0,0,0,-32305,0,0,0,0,0,160651,0
160649,-146,8138,1180,72,174,-1,12854,1,-1,3,0,37041,143,30,66,0,0,0,0,0,0,0,0,-32306,0,0,0,0,0,160656,0
160654,-126,8080,1192,63,174,-20,12853,-2,-1,2,0,37041,155,30,66,0,0,0,0,0,0,0,0,-32306,0,0,0,0,0,160661,0
160659,-112,8054,1198,63,175,-32,12853,3,0,2,0,37041,155,30,66,0,0,0,0,0,0,0,0,-32306,0,0,0,0,0,160666,0
160664,-96,7998,1254,57,181,-57,12853,-6,-1,3,0,37038,157,30,66,0,0,0,0,0,0,0,0,-32305,0,0,0,0,0,160671,0
160669,-62,7980,1254,52,188,-69,12853,-3,2,3,0,37038,157,30,66,0,0,0,0,0,0,0,0,-32305,0,0,0,0,0,160676,0
160674,-82,7990,1266,46,190,-84,12854,1,0,2,0,37034,154,30,66,0,0,0,0,0,0,0,0,-32306,0,0,0,0,0,160681,0
160679,-80,7984,1258,40,192,-98,12853,1,0,3,0,37034,154,30,66,0,0,0,0,0,0,0,0,-32306,0,0,0,0,0,160686,0
160684,-4,8020,1302,20,190,-120,12854,1,4,4,0,37036,160,30,66,0,0,0,0,0,0,0,0,-32306,0,0,0,0,0,160691,0
160689,-8,7992,1318,14,191,-127,12853,4,2,2,0,37036,160,30,66,0,0,0,0,0,0,0,0,-32306,0,0,0,0,0,160696,0
160694,12,7980,1292,17,199,-136,12854,3,0,2,0,37041,169,30,66,0,0,0,0,0,0,0,0,-32306,0,0,0,0,0,160701,0
160699,20,7980,1324,8,200,-141,12853,-4,1,3,0,37041,169,30,66,0,0,0,0,0,0,0,0,-32306,0,0,0,0,0,160706,0
160704,60,7948,1314,-8,196,-154,12853,-5,-1,4,0,37039,176,30,66,0,0,0,0,0,0,0,0,-32306,0,0,0,0,0,160711,0
160709,86,7936,1350,-11,201,-161,12854,3,-2,2,0,37039,176,30,66,0,0,0,0,0,0,0,0,-32306,0,0,0,0,0,160716,0
160714,124,7872,1340,-18,199,-171,12854,4,-3,3,0,37035,162,30,66,0,0,0,0,0,0,0,0,-32306,0,0,0,0,0,160721,0
160719,136,7856,1348,-23,195,-170,12853,-1,0,3,0,37035,162,30,66,0,0,0,0,0,0,0,0,-32306,0,0,0,0,0,160726,0
160724,122,7780,1342,-42,195,-178,12853,0,0,6,0,37039,147,30,66,0,0,0,0,0,0,0,0,-32306,0,0,0,0,0,160731,0
160729,162,7768,1304,-55,194,-178,12852,-3,-5,4,0,37039,147,30,66,0,0,0,0,0,0,0,0,-32306,0,0,0,0,0,160736,0
160734,154,7726,1318,-56,188,-183,12853,2,-2,3,0,37046,144,30,66,0,0,0,0,0,0,0,0,-32306,0,0,0,0,0,160741,0
160739,164,7678,1310,-68,184,-182,12853,5,-1,1,0,37046,144,30,66,0,0,0,0,0,0,0,0,-32305,0,0,0,0,0,160746,0
160744,178,7638,1288,-80,190,-193,12853,-11,1,2,0,37050,148,30,66,0,0,0,0,0,0,0,0,-32306,0,0,0,0,0,160751,0
160749,140,7634,1256,-88,187,-187,12853,1,3,2,0,37050,148,30,66,0,0,0,0,0,0,0,0,-32305,0,0,0,0,0,160756,0
160754,136,7604,1256,-96,196,-196,12853,-4,-7,3,0,37043,153,30,66,0,0,0,0,0,0,0,0,-32305,0,0,0,0,0,160761,0
160759,132,7604,1222,-104,196,-198,12854,0,5,2,0,37043,153,30,66,0,0,0,0,0,0,0,0,-32306,0,0,0,0,0,160766,0
160764,126,7600,1152,-117,205,-203,12854,3,-4,3,0,37041,144,30,66,0,0,0,0,0,0,0,0,-32306,0,0,0,0,0,160771,0
160769,130,7596,1142,-123,212,-204,12854,-2,3,4,0,37041,144,30,66,0,0,0,0,0,0,0,0,-32305,0,0,0,0,0,160776,0
160774,106,7626,1104,-127,221,-206,12854,6,2,3,0,37042,140,30,66,0,0,0,0,0,0,0,0,-32306,0,0,0,0,0,160781,0
160779,108,7676,1086,-128,224,-206,12853,-2,-1,2,0,37042,140,30,66,0,0,0,0,0,0,0,0,-32306,0,0,0,0,0,160787,0
160784,78,7740,1016,-127,242,-210,12853,0,2,3,0,37044,139,30,66,0,0,0,0,0,0,0,0,-32306,0,0,0,0,0,160792,0
160789,86,7804,994,-120,245,-208,12854,7,-1,2,0,37044,139,30,66,0,0,0,0,0,0,0,0,-32305,0,0,0,0,0,160797,0
160794,78,7822,964,-119,250,-212,12853,-5,0,2,0,37040,146,30,66,0,0,0,0,0,0,0,0,-32305,0,0,0,0,0,160802,0
160799,56,7860,934,-111,254,-214,12854,1,5,1,0,37040,146,30,66,0,0,0,0,0,0,0,0,-32305,0,0,0,0,0,160807,0
160804,68,7928,878,-91,253,-205,12854,6,-1,3,0,37037,150,30,66,0,0,0,0,0,0,0,0,-32305,0,0,0,0,0,160812,0
160809,94,7944,836,-92,248,-206,12855,3,6,2,0,37037,150,30,66,0,0,0,0,0,0,0,0,-32305,0,0,0,0,0,160817,0
160814,90,7916,810,-76,246,-206,12854,10,1,3,0,37039,152,30,66,0,0,0,0,0,0,0,0,-32306,0,0,0,0,0,160822,0
160819,96,7968,796,-68,233,-204,12852,0,-5,2,0,37039,152,30,66,0,0,0,0,0,0,0,0,-32305,0,0,0,0,0,160827,0
160824,130,7990,746,-48,209,-197,12854,0,4,3,0,37043,155,30,66,0,0,0,0,0,0,0,0,-32305,0,0,0,0,0,160832,0
160829,132,8014,738,-36,196,-194,12852,-5,-4,4,0,37043,155,30,66,0,0,0,0,0,0,0,0,-32305,0,0,0,0,0,160837,0
160834,134,8034,710,-25,178,-189,12853,-6,1,5,0,37045,154,30,66,0,0,0,0,0,0,0,0,-32305,0,0,0,0,0,160842,0
160839,190,8084,714,-5,165,-181,12853,0,-3,1,0,37045,154,30,66,0,0,0,0,0,0,0,0,-32305,0,0,0,0,0,160847,0
160844,180,8168,706,10,144,-173,12854,5,1,2,0,37043,157,30,66,0,0,0,0,0,0,0,0,-32306,0,0,0,0,0,160852,0
160849,188,8200,714,20,130,-168,12853,4,0,1,0,37043,157,30,66,0,0,0,0,0,0,0,0,-32305,0,0,0,0,0,160857,0
160854,224,8226,708,37,123,-160,12853,2,0,2,0,37042,160,30,66,0,0,0,0,0,0,0,0,-32305,0,0,0,0,0,160862,0
160859,230,8232,698,47,108,-157,12852,-3,-2,4,0,37042,160,30,66,0,0,0,0,0,0,0,0,-32305,0,0,0,0,0,160867,0
160864,250,8236,714,62,86,-148,12853,0,1,3,0,37040,161,30,66,0,0,0,0,0,0,0,0,-32305,0,0,0,0,0,160872,0
160869,252,8244,738,72,75,-143,12853,-3,0,3,0,37040,161,30,66,0,0,0,0,0,0,0,0,-32305,0,0,0,0,0,160877,0
160874,256,8206,736,77,63,-131,12853,2,0,3,0,37039,159,30,66,0,0,0,0,0,0,0,0,-32306,0,0,0,0,0,160882,0
160879,268,8178,756,91,51,-131,12853,-8,-1,3,0,37039,159,30,66,0,0,0,0,0,0,0,0,-32306,0,0,0,0,0,160887,0
160884,336,8156,756,104,22,-117,12852,-4,-5,3,0,37037,155,30,66,0,0,0,0,0,0,0,0,-32305,0,0,0,0,0,160892,0
160889,322,8140,760,111,7,-114,12854,7,1,2,0,37037,155,30,66,0,0,0,0,0,0,0,0,-32306,0,0,0,0,0,160897,0
160894,320,8136,758,123,-6,-107,12853,0,2,3,0,37037,147,30,66,0,0,0,0,0,0,0,0,-32305,0,0,0,0,0,160902,0
160899,330,8128,780,121,-19,-98,12854,6,5,2,0,37037,147,30,66,0,0,0,0,0,0,0,0,-32306,0,0,0,0,0,160907,0
160904,386,8090,814,136,-53,-81,12853,0,0,2,0,37038,147,30,66,0,0,0,0,0,0,0,0,-32305,0,0,0,0,0,160912,0
160909,374,8070,838,144,-71,-73,12853,1,0,3,0,37038,147,30,66,0,0,0,0,0,0,0,0,-32305,0,0,0,0,0,160917,0
160914,350,8038,856,145,-81,-65,12852,0,-4,4,0,37040,151,30,66,0,0,0,0,0,0,0,0,-32306,0,0,0,0,0,160922,0
160919,348,8034,848,154,-100,-57,12853,0,-3,3,0,37040,151,30,66,0,0,0,0,0,0,0,0,-32305,0,0,0,0,0,160927,0
160924,362,7972,890,159,-135,-37,12853,1,2,2,0,37037,161,30,66,0,0,0,0,0,0,0,0,-32305,0,0,0,0,0,160932,0
160929,372,7932,936,163,-151,-26,12853,-1,-1,3,0,37037,161,30,66,0,0,0,0,0,0,0,0,-32305,0,0,0,0,0,160937,0
160934,356,7960,964,168,-170,-17,12852,-9,2,3,0,37039,154,30,66,0,0,0,0,0,0,0,0,-32305,0,0,0,0,0,160942,0
160939,350,7950,942,166,-187,-15,12854,3,2,7,0,37039,154,30,66,0,0,0,0,0,0,0,0,-32306,0,0,0,0,0,160947,0
160944,362,7966,1002,174,-221,-10,12853,4,-3,4,0,37043,163,30,66,0,0,0,0,0,0,0,0,-32306,0,0,0,0,0,160952,0
160949,316,7990,1016,178,-241,-1,12854,1,5,3,0,37043,163,30,66,0,0,0,0,0,0,0,0,-32306,0,0,0,0,0,160957,0
160954,310,7984,1038,177,-259,-3,12852,-7,-2,3,0,37048,174,30,66,0,0,0,0,0,0,0,0,-32305,0,0,0,0,0,160962,0
160959,338,8026,1052,170,-276,5,12853,1,1,4,0,37048,174,30,66,0,0,0,0,0,0,0,0,-32306,0,0,0,0,0,160967,0
160964,374,8062,1068,167,-298,15,12853,-2,0,2,0,37047,178,30,66,0,0,0,0,0,0,0,0,-32306,0,0,0,0,0,160972,0
160969,364,8074,1080,160,-318,20,12853,-9,2,2,0,37047,178,30,66,0,0,0,0,0,0,0,0,-32306,0,0,0,0,0,160977,0
160974,382,8096,1092,158,-317,23,12852,-6,-6,4,0,37039,153,30,66,0,0,0,0,0,0,0,0,-32306,0,0,0,0,0,160982,0
160979,418,8072,1096,157,-334,26,12854,4,2,3,0,37039,153,30,66,0,0,0,0,0,0,0,0,-32306,0,0,0,0,0,160987,0
160984,452,8062,1136,143,-344,32,12854,6,0,5,0,37043,145,30,66,0,0,0,0,0,0,0,0,-32305,0,0,0,0,0,160992,0
160989,422,8042,1118,140,-357,40,12854,0,4,1,0,37043,145,30,66,0,0,0,0,0,0,0,0,-32306,0,0,0,0,0,160997,0
160994,424,8054,1110,137,-362,45,12852,-2,-3,3,0,37045,139,30,66,0,0,0,0,0,0,0,0,-32305,0,0,0,0,0,161002,0
160999,444,8048,1122,125,-368,48,12853,0,-3,3,0,37045,139,30,66,0,0,0,0,0,0,0,0,-32306,0,0,0,0,0,161007,0
161004,448,8060,1122,115,-374,65,12853,-3,-3,3,0,37043,152,30,66,0,0,0,0,0,0,0,0,-32305,0,0,0,0,0,161012,0
161009,478,8054,1112,104,-378,70,12853,0,3,2,0,37043,152,30,66,0,0,0,0,0,0,0,0,-32306,0,0,0,0,0,161017,0
161014,458,8060,1106,107,-376,81,12852,-1,-5,2,0,37038,158,30,66,0,0,0,0,0,0,0,0,-32306,0,0,0,0,0,161022,0
161019,466,8066,1136,104,-377,84,12853,0,1,2,0,37038,158,30,66,0,0,0,0,0,0,0,0,-32306,0,0,0,0,0,161027,0
161024,478,8090,1112,94,-376,106,12853,0,0,2,0,37039,158,30,66,0,0,0,0,0,0,0,0,-32305,0,0,0,0,0,161032,0
161029,486,8098,1108,86,-373,109,12855,4,2,2,0,37039,158,30,66,0,0,0,0,0,0,0,0,-32305,0,0,0,0,0,161037,0
161034,466,8078,1112,84,-371,121,12853,5,-1,2,0,37043,152,30,66,0,0,0,0,0,0,0,0,-32306,0,0,0,0,0,161042,0
161039,446,8080,1108,87,-367,126,12853,-2,0,2,0,37043,152,30,66,0,0,0,0,0,0,0,0,-32306,0,0,0,0,0,161047,0
161044,444,8036,1104,86,-355,140,12854,4,-1,2,0,37048,151,30,66,0,0,0,0,0,0,0,0,-32305,0,0,0,0,0,161052,0
161049,414,8060,1094,82,-349,151,12853,1,-2,1,0,37048,151,30,66,0,0,0,0,0,0,0,0,-32306,0,0,0,0,0,161057,0
161054,430,8058,1106,90,-348,159,12853,0,4,1,0,37044,146,30,66,0,0,0,0,0,0,0,0,-32305,0,0,0,0,0,161062,0
161059,434,8034,1104,84,-344,166,12853,-2,0,3,0,37044,146,30,66,0,0,0,0,0,0,0,0,-32305,0,0,0,0,0,161067,0
161064,416,8044,1126,86,-344,180,12853,0,1,2,0,37043,146,30,66,0,0,0,0,0,0,0,0,-32306,0,0,0,0,0,161072,0
161069,386,8026,1118,84,-335,186,12854,0,1,4,0,37043,146,30,66,0,0,0,0,0,0,0,0,-32306,0,0,0,0,0,161077,0
161074,382,8074,1132,90,-335,184,12853,-1,-1,5,0,37045,142,30,66,0,0,0,0,0,0,0,0,-32306,0,0,0,0,0,161082,0
161079,362,8010,1130,88,-335,197,12854,-4,-1,2,0,37045,142,30,66,0,0,0,0,0,0,0,0,-32306,0,0,0,0,0,161087,0
161084,358,8044,1134,85,-330,204,12854,2,0,3,0,37042,147,30,66,0,0,0,0,0,0,0,0,-32306,0,0,0,0,0,161092,0
161089,398,8058,1158,82,-324,213,12853,1,-4,2,0,37042,147,30,66,0,0,0,0,0,0,0,0,-32306,0,0,0,0,0,161097,0
161094,398,8064,1166,85,-322,214,12853,-6,-1,3,0,37039,158,30,66,0,0,0,0,0,0,0,0,-32305,0,0,0,0,0,161102,0
161099,382,8098,1162,76,-316,219,12853,-3,-6,3,0,37039,158,30,66,0,0,0,0,0,0,0,0,-32305,0,0,0,0,0,161107,0
161104,386,8074,1194,73,-307,220,12854,1,3,3,0,37038,154,30,66,0,0,0,0,0,0,0,0,-32305,0,0,0,0,0,161112,0
161109,358,8026,1186,63,-304,222,12853,1,0,2,0,37038,154,30,66,0,0,0,0,0,0,0,0,-32305,0,0,0,0,0,161117,0
161114,348,8064,1224,65,-295,224,12853,4,4,3,0,37040,151,30,66,0,0,0,0,0,0,0,0,-32305,0,0,0,0,0,161122,0
161119,344,8092,1222,60,-290,222,12853,4,0,1,0,37040,151,30,66,0,0,0,0,0,0,0,0,-32306,0,0,0,0,0,161127,0
161124,340,8058,1248,44,-278,221,12854,5,0,1,0,37042,150,30,66,0,0,0,0,0,0,0,0,-32305,0,0,0,0,0,161132,0
161129,316,8076,1258,46,-269,220,12853,0,1,3,0,37042,150,30,66,0,0,0,0,0,0,0,0,-32305,0,0,0,0,0,161137,0
161134,316,8052,1268,34,-266,216,12852,0,2,2,0,37042,149,30,66,0,0,0,0,0,0,0,0,-32305,0,0,0,0,0,161142,0
161139,300,8074,1270,30,-260,211,12852,-5,-2,4,0,37042,149,30,66,0,0,0,0,0,0,0,0,-32306,0,0,0,0,0,161147,0
161144,288,8124,1284,21,-257,207,12853,0,-4,5,0,37040,152,30,66,0,0,0,0,0,0,0,0,-32306,0,0,0,0,0,161152,0
161149,298,8122,1306,13,-252,201,12854,1,-1,2,0,37040,152,30,66,0,0,0,0,0,0,0,0,-32306,0,0,0,0,0,161157,0
161154,318,8160,1302,9,-253,197,12854,7,3,5,0,37043,151,30,66,0,0,0,0,0,0,0,0,-32305,0,0,0,0,0,161162,0
161159,344,8188,1298,-9,-250,195,12853,4,-1,4,0,37043,151,30,66,0,0,0,0,0,0,0,0,-32305,0,0,0,0,0,161167,0
161164,348,8184,1294,-21,-256,187,12854,2,-3,2,0,37043,150,30,66,0,0,0,0,0,0,0,0,-32306,0,0,0,0,0,161172,0
161169,334,8148,1322,-28,-253,180,12853,0,-3,4,0,37043,150,30,66,0,0,0,0,0,0,0,0,-32306,0,0,0,0,0,161177,0
161174,380,8120,1296,-40,-262,183,12853,0,1,3,0,37043,160,30,66,0,0,0,0,0,0,0,0,-32305,0,0,0,0,0,161182,0
161179,384,8116,1294,-46,-261,190,12854,3,-4,2,0,37043,160,30,66,0,0,0,0,0,0,0,0,-32305,0,0,0,0,0,161187,0
161184,400,8086,1272,-60,-263,186,12854,-2,-2,2,0,37039,162,30,66,0,0,0,0,0,0,0,0,-32305,0,0,0,0,0,161192,0
161189,422,8036,1260,-72,-271,183,12854,9,3,1,0,37039,162,30,66,0,0,0,0,0,0,0,0,-32306,0,0,0,0,0,161197,0
161194,406,8024,1276,-81,-272,189,12854,-2,-4,3,0,37039,166,30,66,0,0,0,0,0,0,0,0,-32305,0,0,0,0,0,161202,0
161199,418,8010,1238,-85,-268,190,12853,4,1,3,0,37039,166,30,66,0,0,0,0,0,0,0,0,-32306,0,0,0,0,0,161206,0
161204,412,8008,1226,-100,-282,192,12854,2,-2,3,0,37042,166,30,66,0,0,0,0,0,0,0,0,-32305,0,0,0,0,0,161211,0
161209,402,7958,1208,-99,-285,193,12853,-1,-2,2,0,37042,166,30,66,0,0,0,0,0,0,0,0,-32305,0,0,0,0,0,161216,0
161214,414,7920,1194,-102,-292,201,12853,-2,1,3,0,37042,167,30,66,0,0,0,0,0,0,0,0,-32306,0,0,0,0,0,161221,0
161219,394,7944,1190,-105,-298,204,12853,-2,-4,2,0,37042,167,30,66,0,0,0,0,0,0,0,0,-32305,0,0,0,0,0,161226,0
161224,408,7954,1162,-106,-306,218,12853,-5,-3,1,0,37036,158,30,66,0,0,0,0,0,0,0,0,-32306,0,0,0,0,0,161231,0
161229,452,7974,1168,-110,-307,219,12853,-6,1,2,0,37036,158,30,66,0,0,0,0,0,0,0,0,-32305,0,0,0,0,0,161236,0
161234,422,7958,1148,-105,-311,223,12853,0,-1,4,0,37032,145,30,66,0,0,0,0,0,0,0,0,-32306,0,0,0,0,0,161241,0
161239,466,7998,1148,-101,-319,223,12853,6,8,3,0,37032,145,30,66,0,0,0,0,0,0,0,0,-32305,0,0,0,0,0,161246,0
161244,470,8030,1096,-108,-322,227,12853,-9,0,2,0,37037,142,30,66,0,0,0,0,0,0,0,0,-32306,0,0,0,0,0,161251,0
161249,490,8040,1116,-95,-321,232,12853,-4,-2,2,0,37037,142,30,66,0,0,0,0,0,0,0,0,-32306,0,0,0,0,0,161256,0
161254,500,8036,1088,-95,-325,235,12854,0,0,2,0,37043,149,30,66,0,0,0,0,0,0,0,0,-32306,0,0,0,0,0,161261,0
161259,492,8066,1090,-95,-328,236,12854,1,1,4,0,37043,149,30,66,0,0,0,0,0,0,0,0,-32305,0,0,0,0,0,161266,0
161264,524,8100,1076,-88,-331,240,12854,1,2,5,0,37045,153,30,66,0,0,0,0,0,0,0,0,-32306,0,0,0,0,0,161271,0
161269,528,8138,1074,-85,-331,245,12853,2,-1,4,0,37045,153,30,66,0,0,0,0,0,0,0,0,-32305,0,0,0,0,0,161276,0
161274,538,8192,1096,-85,-326,245,12853,4,3,3,0,37041,144,30,66,0,0,0,0,0,0,0,0,-32306,0,0,0,0,0,161281,0
161279,550,8224,1084,-82,-327,249,12853,-5,-3,2,0,37041,144,30,66,0,0,0,0,0,0,0,0,-32305,0,0,0,0,0,161286,0
161284,518,8296,1116,-77,-324,255,12853,0,1,3,0,37043,139,30,66,0,0,0,0,0,0,0,0,-32306,0,0,0,0,0,161291,0
161289,508,8334,1086,-78,-324,255,12852,-2,2,3,0,37043,139,30,66,0,0,0,0,0,0,0,0,-32306,0,0,0,0,0,161296,0
161294,560,8356,1092,-80,-315,256,12853,0,2,3,0,37043,140,30,66,0,0,0,0,0,0,0,0,-32305,0,0,0,0,0,161301,0
161299,540,8418,1136,-75,-313,258,12853,-4,0,2,0,37043,140,30,66,0,0,0,0,0,0,0,0,-32305,0,0,0,0,0,161306,0
161304,538,8426,1108,-75,-292,261,12853,0,3,3,0,37041,142,30,66,0,0,0,0,0,0,0,0,-32306,0,0,0,0,0,161311,0
161309,530,8422,1112,-73,-283,257,12853,0,-3,2,0,37041,142,30,66,0,0,0,0,0,0,0,0,-32306,0,0,0,0,0,161316,0
161314,546,8436,1070,-72,-277,262,12854,4,2,3,0,37039,148,30,66,0,0,0,0,0,0,0,0,-32307,0,0,0,0,0,161321,0
161319,526,8396,1096,-78,-267,260,12853,-1,1,3,0,37039,148,30,66,0,0,0,0,0,0,0,0,-32306,0,0,0,0,0,161326,0
161324,492,8362,1074,-68,-245,261,12854,0,0,1,0,37042,154,30,66,0,0,0,0,0,0,0,0,-32306,0,0,0,0,0,161331,0
161329,506,8328,1088,-68,-236,253,12853,1,0,2,0,37042,154,30,66,0,0,0,0,0,0,0,0,-32305,0,0,0,0,0,161336,0
161334,468,8276,1068,-72,-232,254,12853,1,-1,2,0,37044,159,30,66,0,0,0,0,0,0,0,0,-32305,0,0,0,0,0,161341,0
161339,456,8230,1056,-67,-224,254,12854,5,-4,2,0,37044,159,30,66,0,0,0,0,0,0,0,0,-32306,0,0,0,0,0,161346,0
161344,456,8172,1058,-64,-204,240,12853,1,3,2,0,37043,166,30,66,0,0,0,0,0,0,0,0,-32305,0,0,0,0,0,161351,0
161349,440,8138,1086,-60,-204,236,12852,-8,2,3,0,37043,166,30,66,0,0,0,0,0,0,0,0,-32305,0,0,0,0,0,161356,0
161354,434,8110,1058,-57,-196,229,12852,-5,-5,1,0,37041,166,30,66,0,0,0,0,0,0,0,0,-32306,0,0,0,0,0,161361,0
161359,454,8078,1066,-54,-184,225,12853,1,0,4,0,37041,166,30,66,0,0,0,0,0,0,0,0,-32305,0,0,0,0,0,161366,0
161364,434,8030,1076,-46,-170,218,12853,0,1,3,0,37042,170,30,66,0,0,0,0,0,0,0,0,-32305,0,0,0,0,0,161371,0
161369,458,8028,1100,-37,-164,213,12854,9,0,2,0,37042,170,30,66,0,0,0,0,0,0,0,0,-32306,0,0,0,0,0,161376,0
161374,472,8008,1086,-36,-155,209,12853,4,1,3,0,37046,152,30,66,0,0,0,0,0,0,0,0,-32305,0,0,0,0,0,161381,0
161379,430,7986,1110,-30,-146,205,12852,-8,-1,4,0,37046,152,30,66,0,0,0,0,0,0,0,0,-32306,0,0,0,0,0,161386,0
161384,430,7940,1110,-16,-127,197,12853,3,-2,3,0,37045,145,30,66,0,0,0,0,0,0,0,0,-32306,0,0,0,0,0,161391,0
161389,446,7914,1164,-18,-125,194,12854,1,0,2,0,37045,145,30,66,0,0,0,0,0,0,0,0,-32305,0,0,0,0,0,161396,0
161394,428,7862,1160,-16,-120,191,12853,3,2,3,0,37042,139,30,66,0,0,0,0,0,0,0,0,-32306,0,0,0,0,0,161401,0
161399,450,7858,1170,-13,-115,185,12854,4,0,2,0,37042,139,30,66,0,0,0,0,0,0,0,0,-32305,0,0,0,0,0,161406,0
161404,468,7760,1196,-10,-109,176,12854,9,2,2,0,37037,146,30,66,0,0,0,0,0,0,0,0,-32305,0,0,0,0,0,161411,0
161409,480,7736,1186,-12,-99,172,12853,0,1,1,0,37037,146,30,66,0,0,0,0,0,0,0,0,-32306,0,0,0,0,0,161416,0
161414,470,7722,1206,-13,-91,164,12853,-3,1,5,0,37038,145,30,66,0,0,0,0,0,0,0,0,-32306,0,0,0,0,0,161421,0
161419,476,7704,1188,-18,-83,159,12852,2,1,4,0,37038,145,30,66,0,0,0,0,0,0,0,0,-32305,0,0,0,0,0,161426,0
161424,488,7716,1230,-23,-67,145,12853,3,-1,3,0,37041,147,30,66,0,0,0,0,0,0,0,0,-32305,0,0,0,0,0,161431,0
161429,464,7744,1218,-26,-60,148,12854,4,1,2,0,37041,147,30,66,0,0,0,0,0,0,0,0,-32305,0,0,0,0,0,161436,0
161434,476,7782,1216,-33,-51,134,12853,1,2,2,0,37041,146,30,66,0,0,0,0,0,0,0,0,-32306,0,0,0,0,0,161441,0
161439,478,7820,1206,-41,-41,135,12853,5,2,2,0,37041,146,30,66,0,0,0,0,0,0,0,0,-32305,0,0,0,0,0,161446,0
161444,466,7886,1158,-42,-25,122,12852,-5,-4,2,0,37043,148,30,66,0,0,0,0,0,0,0,0,-32306,0,0,0,0,0,161451,0
161449,474,7864,1186,-49,-17,112,12852,-8,0,2,0,37043,148,30,66,0,0,0,0,0,0,0,0,-32305,0,0,0,0,0,161456,0
161454,466,7902,1164,-48,-10,111,12853,0,1,2,0,37046,146,30,66,0,0,0,0,0,0,0,0,-32306,0,0,0,0,0,161461,0
161459,488,7944,1124,-56,1,108,12854,2,2,5,0,37046,146,30,66,0,0,0,0,0,0,0,0,-32305,0,0,0,0,0,161466,0
161464,504,7968,1104,-65,17,98,12853,-1,0,2,0,37046,151,30,66,0,0,0,0,0,0,0,0,-32306,0,0,0,0,0,161471,0
161469,518,8018,1084,-58,27,95,12854,2,-1,1,0,37046,151,30,66,0,0,0,0,0,0,0,0,-32305,0,0,0,0,0,161476,0
161474,516,7988,1060,-59,39,86,12853,-3,-2,0,0,37045,147,30,66,0,0,0,0,0,0,0,0,-32305,0,0,0,0,0,161481,0
161479,498,8000,1042,-54,48,83,12853,-4,-5,3,0,37045,147,30,66,0,0,0,0,0,0,0,0,-32305,0,0,0,0,0,161486,0
161484,516,7988,1004,-54,64,72,12853,0,-2,3,0,37040,146,30,66,0,0,0,0,0,0,0,0,-32306,0,0,0,0,0,161491,0
161489,530,8016,984,-52,69,65,12853,0,-2,4,0,37040,146,30,66,0,0,0,0,0,0,0,0,-32305,0,0,0,0,0,161496,0
161494,548,8012,962,-40,75,59,12853,-1,0,3,0,37042,149,30,66,0,0,0,0,0,0,0,0,-32306,0,0,0,0,0,161501,0
161499,508,8038,938,-34,79,61,12853,-4,-2,2,0,37042,149,30,66,0,0,0,0,0,0,0,0,-32305,0,0,0,0,0,161506,0
161504,518,8036,938,-18,93,40,12853,-1,-1,3,0,37043,154,30,66,0,0,0,0,0,0,0,0,-32306,0,0,0,0,0,161511,0
161509,528,8008,904,-17,100,42,12853,1,-2,1,0,37043,154,30,66,0,0,0,0,0,0,0,0,-32306,0,0,0,0,0,161516,0
161514,516,8058,894,-13,102,39,12853,-3,0,2,0,37043,169,30,66,0,0,0,0,0,0,0,0,-32306,0,0,0,0,0,161521,0
161519,548,8076,878,1,106,34,12854,3,-1,3,0,37043,169,30,66,0,0,0,0,0,0,0,0,-32306,0,0,0,0,0,161526,0
161524,534,8118,886,12,112,27,12853,7,4,3,0,37040,162,30,66,0,0,0,0,0,0,0,0,-32306,0,0,0,0,0,161531,0
161529,532,8134,862,22,121,24,12854,5,0,2,0,37040,162,30,66,0,0,0,0,0,0,0,0,-32306,0,0,0,0,0,161536,0
161534,562,8154,882,28,125,24,12852,-5,-2,3,0,37035,155,30,66,0,0,0,0,0,0,0,0,-32306,0,0,0,0,0,161541,0
161539,554,8148,874,35,125,18,12853,2,-1,2,0,37035,155,30,66,0,0,0,0,0,0,0,0,-32306,0,0,0,0,0,161546,0
161544,566,8168,850,55,137,15,12854,0,-4,3,0,37037,148,30,66,0,0,0,0,0,0,0,0,-32306,0,0,0,0,0,161551,0
161549,580,8188,872,59,135,16,12853,0,-2,3,0,37037,148,30,66,0,0,0,0,0,0,0,0,-32306,0,0,0,0,0,161556,0
161554,574,8212,858,70,140,13,12853,0,-5,4,0,37038,161,30,66,0,0,0,0,0,0,0,0,-32306,0,0,0,0,0,161561,0
161559,610,8206,868,77,136,18,12853,5,1,3,0,37038,161,30,66,0,0,0,0,0,0,0,0,-32306,0,0,0,0,0,161566,0
161564,632,8216,894,89,145,23,12854,-1,0,3,0,37037,161,30,66,0,0,0,0,0,0,0,0,-32305,0,0,0,0,0,161571,0
161569,608,8210,888,90,141,31,12853,-1,0,4,0,37037,161,30,66,0,0,0,0,0,0,0,0,-32306,0,0,0,0,0,161576,0
161574,610,8164,882,104,147,32,12854,5,-1,4,0,37040,154,30,66,0,0,0,0,0,0,0,0,-32306,0,0,0,0,0,161581,0
161579,620,8140,870,110,143,32,12854,5,-3,2,0,37040,154,30,66,0,0,0,0,0,0,0,0,-32306,0,0,0,0,0,161586,0
161584,644,8142,878,120,141,45,12853,-1,-2,5,0,37042,154,30,66,0,0,0,0,0,0,0,0,-32305,0,0,0,0,0,161591,0
161589,640,8150,894,131,138,49,12854,4,1,3,0,37042,154,30,66,0,0,0,0,0,0,0,0,-32306,0,0,0,0,0,161596,0
161594,630,8128,900,132,140,45,12854,6,0,3,0,37045,148,30,66,0,0,0,0,0,0,0,0,-32305,0,0,0,0,0,161601,0
161599,624,8094,916,142,138,50,12853,1,-1,3,0,37045,148,30,66,0,0,0,0,0,0,0,0,-32306,0,0,0,0,0,161606,0
161604,612,8040,924,154,135,55,12854,3,2,3,0,37043,145,30,66,0,0,0,0,0,0,0,0,-32306,0,0,0,0,0,161611,0
161609,590,7996,924,165,130,57,12852,0,-3,2,0,37043,145,30,66,0,0,0,0,0,0,0,0,-32306,0,0,0,0,0,161616,0
161614,594,7936,944,169,137,62,12853,-1,0,4,0,37037,146,30,66,0,0,0,0,0,0,0,0,-32306,0,0,0,0,0,161621,0
161619,562,7914,962,175,128,60,12853,-5,3,4,0,37037,146,30,66,0,0,0,0,0,0,0,0,-32306,0,0,0,0,0,161626,0
161624,558,7842,964,179,129,68,12853,6,1,3,0,37041,149,30,66,0,0,0,0,0,0,0,0,-32306,0,0,0,0,0,161631,0
161629,526,7832,974,184,125,58,12852,-1,-3,3,0,37041,149,30,66,0,0,0,0,0,0,0,0,-32305,0,0,0,0,0,161636,0
161634,538,7790,1000,189,117,56,12853,0,2,1,0,37044,148,30,66,0,0,0,0,0,0,0,0,-32306,0,0,0,0,0,161641,0
161639,528,7784,1024,193,116,57,12852,-5,-1,3,0,37044,148,30,66,0,0,0,0,0,0,0,0,-32305,0,0,0,0,0,161646,0
161644,488,7810,1042,197,108,55,12854,7,4,3,0,37041,150,30,66,0,0,0,0,0,0,0,0,-32305,0,0,0,0,0,161651,0
161649,528,7814,1050,200,107,51,12853,-2,-4,3,0,37041,150,30,66,0,0,0,0,0,0,0,0,-32306,0,0,0,0,0,161656,0
161654,520,7782,1050,197,103,48,12853,1,1,2,0,37039,157,30,66,0,0,0,0,0,0,0,0,-32305,0,0,0,0,0,161661,0
161659,516,7772,1082,190,97,49,12852,-4,-5,3,0,37039,157,30,66,0,0,0,0,0,0,0,0,-32305,0,0,0,0,0,161666,0
161664,536,7750,1086,199,102,52,12853,2,0,3,0,37040,159,30,66,0,0,0,0,0,0,0,0,-32305,0,0,0,0,0,161671,0
161669,560,7756,1102,194,95,55,12853,0,-4,4,0,37040,159,30,66,0,0,0,0,0,0,0,0,-32305,0,0,0,0,0,161676,0
161674,552,7772,1086,191,100,63,12852,-1,-3,3,0,37045,156,30,66,0,0,0,0,0,0,0,0,-32306,0,0,0,0,0,161681,0
161679,528,7786,1124,195,92,67,12853,3,-1,2,0,37045,156,30,66,0,0,0,0,0,0,0,0,-32306,0,0,0,0,0,161686,0
161684,524,7766,1140,187,96,70,12853,3,0,3,0,37051,156,30,66,0,0,0,0,0,0,0,0,-32306,0,0,0,0,0,161691,0
161689,528,7786,1128,195,98,71,12852,-5,1,3,0,37051,156,30,66,0,0,0,0,0,0,0,0,-32306,0,0,0,0,0,161696,0
161694,518,7792,1134,192,94,76,12854,-2,2,4,0,37050,153,30,66,0,0,0,0,0,0,0,0,-32306,0,0,0,0,0,161701,0
161699,496,7824,1124,188,95,76,12853,-4,2,2,0,37050,153,30,66,0,0,0,0,0,0,0,0,-32305,0,0,0,0,0,161706,0
161704,484,7850,1158,190,101,76,12853,9,-3,3,0,37047,151,30,66,0,0,0,0,0,0,0,0,-32305,0,0,0,0,0,161711,0
161709,480,7848,1144,192,108,78,12852,-3,-6,2,0,37047,151,30,66,0,0,0,0,0,0,0,0,-32306,0,0,0,0,0,161716,0
161714,438,7888,1146,185,108,73,12855,4,7,4,0,37041,146,30,66,0,0,0,0,0,0,0,0,-32305,0,0,0,0,0,161721,0
161719,432,7900,1158,183,112,75,12853,4,2,5,0,37041,146,30,66,0,0,0,0,0,0,0,0,-32306,0,0,0,0,0,161726,0
161724,396,7946,1130,176,116,70,12854,7,-1,2,0,37040,141,30,66,0,0,0,0,0,0,0,0,-32306,0,0,0,0,0,161731,0
161729,362,7970,1158,182,118,66,12853,0,0,3,0,37040,141,30,66,0,0,0,0,0,0,0,0,-32306,0,0,0,0,0,161736,0
161734,368,7984,1144,181,118,67,12854,0,0,5,0,37038,152,30,66,0,0,0,0,0,0,0,0,-32306,0,0,0,0,0,161741,0
161739,358,8018,1122,181,124,61,12853,-1,-3,3,0,37038,152,30,66,0,0,0,0,0,0,0,0,-32305,0,0,0,0,0,161746,0
161744,394,8102,1146,183,126,53,12853,2,-3,2,0,37038,151,30,66,0,0,0,0,0,0,0,0,-32305,0,0,0,0,0,161751,0
161749,396,8136,1136,179,125,53,12853,0,-2,3,0,37038,151,30,66,0,0,0,0,0,0,0,0,-32306,0,0,0,0,0,161756,0
161754,380,8168,1132,184,126,51,12853,1,1,3,0,37040,154,30,66,0,0,0,0,0,0,0,0,-32305,0,0,0,0,0,161761,0
161759,368,8176,1130,186,124,52,12852,-2,-3,4,0,37040,154,30,66,0,0,0,0,0,0,0,0,-32305,0,0,0,0,0,161766,0
161764,402,8226,1162,183,126,52,12853,-5,1,2,0,37042,162,30,66,0,0,0,0,0,0,0,0,-32306,0,0,0,0,0,161771,0
161769,398,8240,1148,187,133,56,12854,2,2,2,0,37042,162,30,66,0,0,0,0,0,0,0,0,-32306,0,0,0,0,0,161776,0
161774,408,8244,1150,190,139,52,12854,1,-2,2,0,37039,157,30,66,0,0,0,0,0,0,0,0,-32306,0,0,0,0,0,161781,0
161779,392,8254,1154,195,145,52,12854,1,0,2,0,37039,157,30,66,0,0,0,0,0,0,0,0,-32306,0,0,0,0,0,161787,0
161784,410,8196,1170,191,145,54,12854,7,2,0,0,37041,144,30,66,0,0,0,0,0,0,0,0,-32306,0,0,0,0,0,161792,0
161789,362,8180,1150,197,149,51,12854,-3,3,3,0,37041,144,30,66,0,0,0,0,0,0,0,0,-32305,0,0,0,0,0,161797,0
161794,398,8156,1160,191,147,51,12853,3,-2,3,0,37051,138,30,66,0,0,0,0,0,0,0,0,-32306,0,0,0,0,0,161802,0
161799,352,8134,1192,193,150,45,12854,3,2,3,0,37051,138,30,66,0,0,0,0,0,0,0,0,-32306,0,0,0,0,0,161807,0
161804,304,8128,1186,200,152,40,12853,4,1,3,0,37065,148,30,66,0,0,0,0,0,0,0,0,-32306,0,0,0,0,0,161812,0
161809,316,8104,1180,195,154,36,12853,-7,1,3,0,37065,148,30,66,0,0,0,0,0,0,0,0,-32305,0,0,0,0,0,161817,0
161814,278,8124,1200,196,155,34,12852,-4,0,3,0,37070,161,30,66,0,0,0,0,0,0,0,0,-32305,0,0,0,0,0,161822,0
161819,268,8112,1194,196,153,29,12853,0,-2,4,0,37070,161,30,66,0,0,0,0,0,0,0,0,-32305,0,0,0,0,0,161827,0
161824,226,8098,1262,197,138,17,12854,3,4,3,0,37062,155,30,66,0,0,0,0,0,0,0,0,-32306,0,0,0,0,0,161832,0
161829,226,8134,1268,189,139,13,12853,3,-1,2,0,37062,155,30,66,0,0,0,0,0,0,0,0,-32306,0,0,0,0,0,161837,0
161834,202,8092,1276,189,131,6,12853,2,1,3,0,37050,151,30,66,0,0,0,0,0,0,0,0,-32306,0,0,0,0,0,161842,0
161839,188,8074,1270,184,129,-1,12854,0,6,2,0,37050,151,30,66,0,0,0,0,0,0,0,0,-32305,0,0,0,0,0,161847,0
161844,194,8020,1296,179,117,-18,12853,0,0,2,0,37040,152,30,66,0,0,0,0,0,0,0,0,-32306,0,0,0,0,0,161852,0
161849,228,8014,1316,170,105,-20,12852,-7,-3,3,0,37040,152,30,66,0,0,0,0,0,0,0,0,-32306,0,0,0,0,0,161857,0
161854,204,8016,1332,166,100,-22,12853,0,-2,3,0,37040,160,30,66,0,0,0,0,0,0,0,0,-32305,0,0,0,0,0,161862,0
161859,230,8032,1328,162,94,-33,12852,-9,-10,3,0,37040,160,30,66,0,0,0,0,0,0,0,0,-32306,0,0,0,0,0,161867,0
161864,244,8004,1320,150,87,-35,12853,-4,-2,3,0,37036,154,30,66,0,0,0,0,0,0,0,0,-32306,0,0,0,0,0,161872,0
161869,234,8008,1342,144,78,-42,12853,-2,3,4,0,37036,154,30,66,0,0,0,0,0,0,0,0,-32305,0,0,0,0,0,161877,0
161874,256,8010,1356,142,69,-52,12853,2,-2,3,0,37034,148,30,66,0,0,0,0,0,0,0,0,-32306,0,0,0,0,0,161882,0
161879,264,8004,1334,130,65,-53,12853,-4,3,2,0,37034,148,30,66,0,0,0,0,0,0,0,0,-32306,0,0,0,0,0,161887,0
161884,312,8006,1342,117,56,-56,12852,-3,0,8,0,37038,153,30,66,0,0,0,0,0,0,0,0,-32305,0,0,0,0,0,161893,0
161889,296,8022,1346,117,53,-61,12853,-4,1,3,0,37038,153,30,66,0,0,0,0,0,0,0,0,-32306,0,0,0,0,0,161898,0
161894,300,8026,1360,108,49,-62,12854,-1,4,3,0,37040,161,30,66,0,0,0,0,0,0,0,0,-32305,0,0,0,0,0,161904,0
161899,306,8030,1348,106,50,-69,12854,6,1,3,0,37040,161,30,66,0,0,0,0,0,0,0,0,-32306,0,0,0,0,0,161909,0
161904,322,8032,1366,90,45,-75,12853,-3,5,4,0,37036,171,30,66,0,0,0,0,0,0,0,0,-32306,0,0,0,0,0,161914,0
161909,292,8030,1346,80,38,-74,12853,0,2,2,0,37036,171,30,66,0,0,0,0,0,0,0,0,-32306,0,0,0,0,0,161920,0
161914,288,8044,1338,85,36,-77,12853,0,3,3,0,37033,157,30,66,0,0,0,0,0,0,0,0,-32306,0,0,0,0,0,161925,0
161919,302,8024,1344,69,33,-74,12853,5,0,3,0,37033,157,30,66,0,0,0,0,0,0,0,0,-32305,0,0,0,0,0,161930,0
161924,308,7976,1340,59,26,-80,12853,-2,-1,1,0,37036,148,30,66,0,0,0,0,0,0,0,0,-32305,0,0,0,0,0,161935,0
161929,292,8006,1338,61,25,-81,12853,1,0,2,0,37036,148,30,66,0,0,0,0,0,0,0,0,-32305,0,0,0,0,0,161941,0
161934,340,7980,1306,59,17,-86,12853,0,-3,3,0,37036,149,30,66,0,0,0,0,0,0,0,0,-32305,0,0,0,0,0,161946,0
161939,322,7986,1284,50,19,-87,12854,0,-1,4,0,37036,149,30,66,0,0,0,0,0,0,0,0,-32305,0,0,0,0,0,161951,0
161944,326,7978,1274,37,5,-87,12853,1,-1,2,0,37033,143,30,66,0,0,0,0,0,0,0,0,-32306,0,0,0,0,0,161957,0
161949,316,7970,1260,34,7,-90,12853,1,-2,2,0,37033,143,30,66,0,0,0,0,0,0,0,0,-32305,0,0,0,0,0,161962,0
161954,340,8014,1264,32,8,-90,12852,-2,-1,4,0,37031,152,30,66,0,0,0,0,0,0,0,0,-32305,0,0,0,0,0,161967,0
161959,364,8048,1230,36,3,-97,12852,0,-2,3,0,37031,152,30,66,0,0,0,0,0,0,0,0,-32306,0,0,0,0,0,161973,0
161964,352,8082,1222,27,3,-91,12853,0,1,3,0,37032,155,30,66,0,0,0,0,0,0,0,0,-32306,0,0,0,0,0,161978,0
161969,388,8114,1220,15,5,-96,12853,-5,0,4,0,37032,155,30,66,0,0,0,0,0,0,0,0,-32305,0,0,0,0,0,161983,0
161974,384,8098,1212,17,3,-99,12853,0,2,3,0,37034,160,30,66,0,0,0,0,0,0,0,0,-32305,0,0,0,0,0,161989,0
161979,418,8118,1206,16,10,-95,12853,3,-3,1,0,37034,160,30,66,0,0,0,0,0,0,0,0,-32305,0,0,0,0,0,161994,0
161984,418,8184,1188,11,13,-95,12854,3,2,2,0,37039,162,30,66,0,0,0,0,0,0,0,0,-32305,0,0,0,0,0,161999,0
161989,420,8184,1146,6,12,-90,12853,1,4,6,0,37039,162,30,66,0,0,0,0,0,0,0,0,-32306,0,0,0,0,0,162005,0
161994,432,8164,1156,7,15,-89,12853,-5,-2,2,0,37037,158,30,66,0,0,0,0,0,0,0,0,-32305,0,0,0,0,0,162010,0
161999,454,8176,1132,9,15,-93,12853,0,-3,2,0,37037,158,30,66,0,0,0,0,0,0,0,0,-32306,0,0,0,0,0,162015,0
162004,434,8166,1108,10,17,-87,12853,0,-1,2,0,37036,156,30,66,0,0,0,0,0,0,0,0,-32306,0,0,0,0,0,162021,0
162009,448,8216,1098,5,25,-82,12852,-5,-2,3,0,37036,156,30,66,0,0,0,0,0,0,0,0,-32306,0,0,0,0,0,162026,0
162014,452,8204,1112,8,18,-76,12853,-5,0,5,0,37037,149,30,66,0,0,0,0,0,0,0,0,-32305,0,0,0,0,0,162031,0
162019,442,8224,1086,7,22,-72,12853,-1,-1,4,0,37037,149,30,66,0,0,0,0,0,0,0,0,-32305,0,0,0,0,0,162037,0
162024,428,8184,1062,14,26,-64,12852,-2,-2,2,0,37034,156,30,66,0,0,0,0,0,0,0,0,-32306,0,0,0,0,0,162042,0
162029,430,8172,1056,17,21,-65,12853,1,1,2,0,37034,156,30,66,0,0,0,0,0,0,0,0,-32305,0,0,0,0,0,162047,0
162034,428,8134,1062,23,19,-61,12854,7,8,3,0,37031,154,30,66,0,0,0,0,0,0,0,0,-32305,0,0,0,0,0,162053,0
162039,388,8136,1044,23,24,-60,12853,1,0,4,0,37031,154,30,66,0,0,0,0,0,0,0,0,-32305,0,0,0,0,0,162058,0
162044,402,8086,1028,26,15,-58,12853,-4,2,3,0,37029,143,30,66,0,0,0,0,0,0,0,0,-32306,0,0,0,0,0,162063,0
162049,394,8080,1030,27,10,-56,12852,0,-1,3,0,37029,143,30,66,0,0,0,0,0,0,0,0,-32305,0,0,0,0,0,162069,0
162054,374,8058,1026,31,4,-57,12854,5,-1,2,0,37030,142,30,66,0,0,0,0,0,0,0,0,-32305,0,0,0,0,0,162074,0
162059,368,8054,1034,31,6,-55,12854,3,2,2,0,37030,142,30,66,0,0,0,0,0,0,0,0,-32305,0,0,0,0,0,162079,0
162064,374,8062,1046,44,-3,-57,12854,1,1,2,0,37033,150,30,66,0,0,0,0,0,0,0,0,-32305,0,0,0,0,0,162084,0
162069,352,8012,1056,43,-12,-54,12853,-7,1,2,0,37033,150,30,66,0,0,0,0,0,0,0,0,-32305,0,0,0,0,0,162090,0
162074,388,8018,1064,45,-14,-52,12854,4,-1,3,0,37031,159,30,66,0,0,0,0,0,0,0,0,-32305,0,0,0,0,0,162095,0
162079,368,8004,1050,50,-17,-53,12853,9,-2,2,0,37031,159,30,66,0,0,0,0,0,0,0,0,-32306,0,0,0,0,0,162100,0
162084,392,7978,1066,48,-25,-56,12854,2,-3,2,0,37030,149,30,66,0,0,0,0,0,0,0,0,-32305,0,0,0,0,0,162106,0
162089,368,7950,1072,49,-30,-55,12853,-1,3,4,0,37030,149,30,66,0,0,0,0,0,0,0,0,-32305,0,0,0,0,0,162111,0
162094,402,7928,1046,49,-36,-49,12853,0,-1,4,0,37034,145,30,66,0,0,0,0,0,0,0,0,-32306,0,0,0,0,0,162116,0
162099,394,7900,1080,50,-38,-54,12854,-1,-2,2,0,37034,145,30,66,0,0,0,0,0,0,0,0,-32306,0,0,0,0,0,162122,0
162104,376,7892,1072,54,-48,-50,12854,7,-2,2,0,37038,160,30,66,0,0,0,0,0,0,0,0,-32305,0,0,0,0,0,162127,0
162109,374,7910,1082,46,-60,-53,12853,6,3,2,0,37038,160,30,66,0,0,0,0,0,0,0,0,-32306,0,0,0,0,0,162132,0
162114,354,7868,1090,44,-64,-54,12854,3,-2,2,0,37034,160,30,66,0,0,0,0,0,0,0,0,-32305,0,0,0,0,0,162138,0
162119,406,7880,1082,46,-65,-49,12853,-1,-4,2,0,37034,160,30,66,0,0,0,0,0,0,0,0,-32306,0,0,0,0,0,162143,0
162124,410,7880,1098,40,-73,-57,12853,-1,0,2,0,37028,155,30,66,0,0,0,0,0,0,0,0,-32305,0,0,0,0,0,162148,0
162129,418,7896,1076,44,-81,-53,12854,-1,-8,1,0,37028,155,30,66,0,0,0,0,0,0,0,0,-32305,0,0,0,0,0,162154,0
162134,434,7900,1062,39,-87,-56,12853,1,-3,2,0,37031,153,30,66,0,0,0,0,0,0,0,0,-32305,0,0,0,0,0,162159,0
162139,428,7918,1060,40,-90,-55,12853,2,-1,3,0,37031,153,30,66,0,0,0,0,0,0,0,0,-32305,0,0,0,0,0,162164,0
162144,434,7978,1060,37,-87,-56,12853,4,-1,2,0,37036,158,30,66,0,0,0,0,0,0,0,0,-32306,0,0,0,0,0,162170,0
162149,424,8012,1048,34,-90,-55,12854,2,-1,3,0,37036,158,30,66,0,0,0,0,0,0,0,0,-32305,0,0,0,0,0,162175,0
162154,428,7978,1028,29,-93,-56,12853,0,2,3,0,37039,164,30,66,0,0,0,0,0,0,0,0,-32305,0,0,0,0,0,162180,0
162159,410,7984,1018,35,-90,-55,12854,3,2,3,0,37039,164,30,66,0,0,0,0,0,0,0,0,-32305,0,0,0,0,0,162186,0
162164,400,7986,996,33,-102,-50,12853,0,0,1,0,37034,155,30,66,0,0,0,0,0,0,0,0,-32306,0,0,0,0,0,162191,0
162169,450,8000,996,32,-112,-50,12853,0,-2,3,0,37034,155,30,66,0,0,0,0,0,0,0,0,-32305,0,0,0,0,0,162196,0
162174,424,8008,992,34,-112,-53,12854,2,-3,2,0,37030,153,30,66,0,0,0,0,0,0,0,0,-32306,0,0,0,0,0,162202,0
162179,444,8022,984,37,-116,-47,12854,7,2,1,0,37030,153,30,66,0,0,0,0,0,0,0,0,-32306,0,0,0,0,0,162207,0
162184,454,7980,976,34,-121,-47,12853,1,1,2,0,37033,149,30,66,0,0,0,0,0,0,0,0,-32306,0,0,0,0,0,162212,0
162189,498,8008,932,39,-130,-46,12854,3,-4,5,0,37033,149,30,66,0,0,0,0,0,0,0,0,-32305,0,0,0,0,0,162217,0
162194,460,8012,958,44,-130,-43,12853,-2,-3,7,0,37039,155,30,66,0,0,0,0,0,0,0,0,-32306,0,0,0,0,0,162223,0
162199,484,8018,960,45,-130,-36,12853,2,4,2,0,37039,155,30,66,0,0,0,0,0,0,0,0,-32306,0,0,0,0,0,162228,0
162204,480,8070,932,58,-142,-37,12853,3,-4,3,0,37035,153,30,66,0,0,0,0,0,0,0,0,-32306,0,0,0,0,0,162233,0
162209,492,8060,950,65,-141,-34,12854,4,0,3,0,37035,153,30,66,0,0,0,0,0,0,0,0,-32305,0,0,0,0,0,162239,0
162214,480,8054,942,65,-143,-30,12853,-1,2,3,0,37033,146,30,66,0,0,0,0,0,0,0,0,-32306,0,0,0,0,0,162244,0
162219,492,8050,930,75,-147,-28,12853,0,0,2,0,37033,146,30,66,0,0,0,0,0,0,0,0,-32306,0,0,0,0,0,162249,0
162224,540,8036,938,81,-156,-22,12853,-1,-4,2,0,37030,143,30,66,0,0,0,0,0,0,0,0,-32305,0,0,0,0,0,162255,0
162229,518,8026,968,92,-157,-24,12854,0,-2,3,0,37030,143,30,66,0,0,0,0,0,0,0,0,-32305,0,0,0,0,0,162261,0
162234,524,8022,982,87,-157,-24,12854,8,-2,3,0,37033,141,30,66,0,0,0,0,0,0,0,0,-32305,0,0,0,0,0,162266,0
162239,528,8050,956,90,-163,-21,12854,3,1,4,0,37033,141,30,66,0,0,0,0,0,0,0,0,-32305,0,0,0,0,0,162271,0
162244,480,8076,974,94,-165,-12,12852,-4,-2,4,0,37032,141,30,66,0,0,0,0,0,0,0,0,-32306,0,0,0,0,0,162277,0
162249,496,8080,976,97,-169,-11,12853,3,-2,3,0,37032,141,30,66,0,0,0,0,0,0,0,0,-32305,0,0,0,0,0,162282,0
162254,534,8076,970,99,-167,-17,12854,5,-3,3,0,37031,148,30,66,0,0,0,0,0,0,0,0,-32305,0,0,0,0,0,162287,0
162259,528,8060,996,105,-169,-14,12854,6,1,2,0,37031,148,30,66,0,0,0,0,0,0,0,0,-32305,0,0,0,0,0,162292,0
162264,518,8132,988,104,-173,-10,12854,7,-1,3,0,37035,147,30,66,0,0,0,0,0,0,0,0,-32306,0,0,0,0,0,162298,0
162269,486,8152,1024,101,-167,-10,12853,0,-4,3,0,37035,147,30,66,0,0,0,0,0,0,0,0,-32306,0,0,0,0,0,162303,0
162274,488,8174,972,106,-161,-4,12853,4,0,3,0,37037,147,30,66,0,0,0,0,0,0,0,0,-32305,0,0,0,0,0,162308,0
162279,490,8178,978,102,-159,-10,12854,1,-5,1,0,37037,147,30,66,0,0,0,0,0,0,0,0,-32305,0,0,0,0,0,162314,0
162284,498,8158,1016,108,-150,-10,12853,-3,-1,2,0,37035,147,30,66,0,0,0,0,0,0,0,0,-32305,0,0,0,0,0,162319,0
162289,498,8136,1022,107,-151,-10,12853,-3,-2,2,0,37035,147,30,66,0,0,0,0,0,0,0,0,-32305,0,0,0,0,0,162324,0
162294,486,8112,1022,108,-143,-13,12853,-1,-3,2,0,37035,150,30,66,0,0,0,0,0,0,0,0,-32305,0,0,0,0,0,162330,0
162299,498,8048,1014,105,-135,-7,12854,0,-5,5,0,37035,150,30,66,0,0,0,0,0,0,0,0,-32306,0,0,0,0,0,162335,0
162304,506,8056,1004,110,-128,-9,12854,1,0,3,0,37036,148,30,66,0,0,0,0,0,0,0,0,-32305,0,0,0,0,0,162340,0
162309,514,8038,1006,114,-125,-12,12853,0,3,3,0,37036,148,30,66,0,0,0,0,0,0,0,0,-32306,0,0,0,0,0,162346,0
162314,506,8050,976,111,-116,-16,12853,0,2,3,0,37036,146,30,66,0,0,0,0,0,0,0,0,-32307,0,0,0,0,0,162351,0
162319,504,8056,984,116,-111,-17,12853,-2,-2,2,0,37036,146,30,66,0,0,0,0,0,0,0,0,-32307,0,0,0,0,0,162356,0
162324,518,8040,1002,124,-101,-17,12853,4,0,1,0,37034,160,30,66,0,0,0,0,0,0,0,0,-32306,0,0,0,0,0,162361,0
162329,516,7998,1008,121,-90,-13,12854,4,-2,3,0,37034,160,30,66,0,0,0,0,0,0,0,0,-32305,0,0,0,0,0,162367,0
162334,524,7990,1024,131,-87,-17,12853,0,2,3,0,37031,165,30,66,0,0,0,0,0,0,0,0,-32306,0,0,0,0,0,162372,0
162339,548,7974,1040,126,-81,-17,12853,0,-2,3,0,37031,165,30,66,0,0,0,0,0,0,0,0,-32306,0,0,0,0,0,162377,0
162344,518,7946,1048,132,-65,-16,12853,2,3,4,0,37030,160,30,66,0,0,0,0,0,0,0,0,-32305,0,0,0,0,0,162383,0
162349,538,7974,1058,139,-59,-12,12852,-4,0,3,0,37030,160,30,66,0,0,0,0,0,0,0,0,-32306,0,0,0,0,0,162388,0
162354,518,7970,1064,139,-50,-11,12853,-1,-1,4,0,37034,153,30,66,0,0,0,0,0,0,0,0,-32306,0,0,0,0,0,162393,0
162359,482,7942,1074,135,-49,-14,12853,-4,0,3,0,37034,153,30,66,0,0,0,0,0,0,0,0,-32305,0,0,0,0,0,162399,0
162364,512,7936,1090,146,-38,-3,12853,1,5,3,0,37035,155,30,66,0,0,0,0,0,0,0,0,-32305,0,0,0,0,0,162404,0
162369,518,7908,1104,138,-30,-4,12854,2,-1,3,0,37035,155,30,66,0,0,0,0,0,0,0,0,-32305,0,0,0,0,0,162409,0
162374,510,7896,1128,139,-34,0,12853,1,0,2,0,37033,163,30,66,0,0,0,0,0,0,0,0,-32305,0,0,0,0,0,162415,0
162379,532,7896,1132,144,-25,5,12854,0,0,2,0,37033,163,30,66,0,0,0,0,0,0,0,0,-32306,0,0,0,0,0,162420,0
162384,524,7908,1136,138,-14,7,12853,-2,1,4,0,37032,148,30,66,0,0,0,0,0,0,0,0,-32305,0,0,0,0,0,162425,0
162389,532,7920,1138,135,-6,10,12852,-10,-1,2,0,37032,148,30,66,0,0,0,0,0,0,0,0,-32305,0,0,0,0,0,162430,0
162394,510,7960,1170,137,4,14,12854,1,-3,3,0,37037,141,30,66,0,0,0,0,0,0,0,0,-32306,0,0,0,0,0,162436,0
162399,500,7926,1134,132,8,15,12853,1,1,2,0,37037,141,30,66,0,0,0,0,0,0,0,0,-32305,0,0,0,0,0,162441,0
162404,474,7956,1162,126,24,18,12854,0,0,1,0,37045,139,30,66,0,0,0,0,0,0,0,0,-32305,0,0,0,0,0,162446,0
162409,494,7944,1164,129,21,16,12853,0,0,2,0,37045,139,30,66,0,0,0,0,0,0,0,0,-32306,0,0,0,0,0,162452,0
162414,468,7958,1168,129,33,23,12853,0,2,1,0,37040,142,30,66,0,0,0,0,0,0,0,0,-32305,0,0,0,0,0,162457,0
162419,480,7920,1162,125,38,23,12853,-3,-2,2,0,37040,142,30,66,0,0,0,0,0,0,0,0,-32305,0,0,0,0,0,162462,0
162424,460,7968,1156,122,52,22,12854,3,3,2,0,37034,137,30,66,0,0,0,0,0,0,0,0,-32305,0,0,0,0,0,162468,0
162429,454,7930,1152,122,52,18,12853,0,-1,3,0,37034,137,30,66,0,0,0,0,0,0,0,0,-32305,0,0,0,0,0,162473,0
162434,446,7946,1130,113,59,11,12854,1,4,3,0,37032,145,30,66,0,0,0,0,0,0,0,0,-32305,0,0,0,0,0,162478,0
162439,436,7968,1158,110,67,14,12853,-1,-4,4,0,37032,145,30,66,0,0,0,0,0,0,0,0,-32305,0,0,0,0,0,162484,0
162444,384,8016,1122,105,69,4,12853,4,4,4,0,37035,142,30,66,0,0,0,0,0,0,0,0,-32305,0,0,0,0,0,162489,0
162449,378,7976,1130,102,66,5,12854,1,-2,3,0,37035,142,30,66,0,0,0,0,0,0,0,0,-32306,0,0,0,0,0,162494,0
162454,364,8066,1090,102,68,6,12854,2,2,4,0,37034,152,30,66,0,0,0,0,0,0,0,0,-32305,0,0,0,0,0,162500,0
162459,324,8046,1076,97,66,1,12853,-1,-2,4,0,37034,152,30,66,0,0,0,0,0,0,0,0,-32305,0,0,0,0,0,162505,0
162464,370,8066,1074,103,69,-5,12853,1,-1,2,0,37031,152,30,66,0,0,0,0,0,0,0,0,-32305,0,0,0,0,0,162510,0
162469,356,8084,1070,94,70,-2,12853,1,-3,3,0,37031,152,30,66,0,0,0,0,0,0,0,0,-32305,0,0,0,0,0,162516,0
162474,346,8092,1072,96,72,-10,12853,0,2,3,0,37031,151,30,66,0,0,0,0,0,0,0,0,-32305,0,0,0,0,0,162521,0
162479,344,8070,1050,100,74,-4,12854,1,-3,1,0,37031,151,30,66,0,0,0,0,0,0,0,0,-32306,0,0,0,0,0,162526,0
162484,364,8088,1036,101,77,-18,12853,-5,-3,4,0,37035,148,30,66,0,0,0,0,0,0,0,0,-32305,0,0,0,0,0,162532,0
162489,348,8100,1020,97,69,-14,12852,-5,-2,3,0,37035,148,30,66,0,0,0,0,0,0,0,0,-32306,0,0,0,0,0,162537,0
162494,382,8162,1034,98,83,-20,12853,2,0,3,0,37037,163,30,66,0,0,0,0,0,0,0,0,-32305,0,0,0,0,0,162542,0
162499,400,8156,1036,104,76,-23,12854,-2,-2,4,0,37037,163,30,66,0,0,0,0,0,0,0,0,-32305,0,0,0,0,0,162548,0
162504,414,8226,1014,116,84,-20,12854,3,3,2,0,37041,166,30,66,0,0,0,0,0,0,0,0,-32306,0,0,0,0,0,162553,0
162509,422,8246,1036,119,88,-20,12853,0,0,2,0,37041,166,30,66,0,0,0,0,0,0,0,0,-32305,0,0,0,0,0,162558,0
162514,418,8200,1026,122,86,-21,12853,-5,-5,4,0,37040,170,30,66,0,0,0,0,0,0,0,0,-32306,0,0,0,0,0,162563,0
162519,416,8250,1036,122,93,-17,12853,-4,-4,4,0,37040,170,30,66,0,0,0,0,0,0,0,0,-32305,0,0,0,0,0,162569,0
162524,404,8256,1056,136,95,-8,12854,3,3,0,0,37042,163,30,66,0,0,0,0,0,0,0,0,-32306,0,0,0,0,0,162574,0
162529,424,8246,1070,139,98,-12,12853,-5,-1,2,0,37042,163,30,66,0,0,0,0,0,0,0,0,-32305,0,0,0,0,0,162579,0
162534,384,8240,1052,143,100,-10,12853,0,-1,3,0,37036,153,30,66,0,0,0,0,0,0,0,0,-32306,0,0,0,0,0,162585,0
162539,412,8250,1068,141,95,-4,12854,3,1,2,0,37036,153,30,66,0,0,0,0,0,0,0,0,-32305,0,0,0,0,0,162590,0
162544,406,8232,1080,141,101,-8,12853,-3,-1,3,0,37034,157,30,66,0,0,0,0,0,0,0,0,-32305,0,0,0,0,0,162595,0
162549,406,8216,1086,137,99,-4,12853,3,-1,4,0,37034,157,30,66,0,0,0,0,0,0,0,0,-32305,0,0,0,0,0,162601,0
162554,396,8210,1138,147,108,-3,12853,-2,-2,3,0,37032,160,30,66,0,0,0,0,0,0,0,0,-32306,0,0,0,0,0,162606,0
162559,384,8176,1112,144,111,-3,12854,1,1,3,0,37032,160,30,66,0,0,0,0,0,0,0,0,-32305,0,0,0,0,0,162611,0
162564,386,8200,1144,139,117,-5,12853,-1,1,2,0,37034,159,30,66,0,0,0,0,0,0,0,0,-32305,0,0,0,0,0,162617,0
162569,366,8218,1144,142,105,-7,12854,1,-2,2,0,37034,159,30,66,0,0,0,0,0,0,0,0,-32306,0,0,0,0,0,162622,0
162574,354,8206,1178,139,113,0,12854,2,-6,3,0,37035,159,30,66,0,0,0,0,0,0,0,0,-32306,0,0,0,0,0,162627,0
162579,358,8186,1174,142,110,-5,12853,1,2,2,0,37035,159,30,66,0,0,0,0,0,0,0,0,-32306,0,0,0,0,0,162633,0
162584,358,8166,1184,133,99,-5,12853,-1,-1,2,0,37034,145,30,66,0,0,0,0,0,0,0,0,-32306,0,0,0,0,0,162638,0
162589,368,8152,1218,129,99,0,12854,0,0,3,0,37034,145,30,66,0,0,0,0,0,0,0,0,-32305,0,0,0,0,0,162643,0
162594,356,8154,1210,126,89,-2,12853,0,-1,2,0,37032,144,30,66,0,0,0,0,0,0,0,0,-32305,0,0,0,0,0,162649,0
162599,340,8110,1246,123,85,-1,12853,3,-2,3,0,37032,144,30,66,0,0,0,0,0,0,0,0,-32306,0,0,0,0,0,162654,0
162604,374,8018,1242,122,73,-3,12853,3,-2,3,0,37038,145,30,66,0,0,0,0,0,0,0,0,-32305,0,0,0,0,0,162659,0
162609,352,8038,1256,119,71,-3,12853,-2,0,3,0,37038,145,30,66,0,0,0,0,0,0,0,0,-32305,0,0,0,0,0,162665,0
162614,360,8014,1278,113,62,-4,12854,-3,1,1,0,37039,146,30,66,0,0,0,0,0,0,0,0,-32305,0,0,0,0,0,162670,0
162619,366,7992,1304,106,64,1,12852,-5,-2,3,0,37039,146,30,66,0,0,0,0,0,0,0,0,-32306,0,0,0,0,0,162675,0
162624,366,7994,1322,102,48,-3,12852,-4,-5,3,0,37042,156,30,66,0,0,0,0,0,0,0,0,-32306,0,0,0,0,0,162680,0
162629,344,7990,1316,95,46,3,12853,-1,0,3,0,37042,156,30,66,0,0,0,0,0,0,0,0,-32306,0,0,0,0,0,162686,0
162634,334,7998,1312,91,42,1,12853,0,0,2,0,37039,153,30,66,0,0,0,0,0,0,0,0,-32306,0,0,0,0,0,162691,0
162639,350,8004,1322,84,38,2,12853,3,2,2,0,37039,153,30,66,0,0,0,0,0,0,0,0,-32305,0,0,0,0,0,162697,0
162644,352,8030,1320,68,25,7,12853,-5,2,4,0,37036,157,30,66,0,0,0,0,0,0,0,0,-32305,0,0,0,0,0,162702,0
162649,326,8040,1342,66,24,1,12853,-1,4,3,0,37036,157,30,66,0,0,0,0,0,0,0,0,-32305,0,0,0,0,0,162707,0
162654,318,8044,1350,59,15,-6,12854,2,1,2,0,37038,152,30,66,0,0,0,0,0,0,0,0,-32306,0,0,0,0,0,162712,0
162659,334,8058,1348,57,12,1,12853,1,-3,2,0,37038,152,30,66,0,0,0,0,0,0,0,0,-32305,0,0,0,0,0,162718,0
162664,316,8028,1340,38,10,-5,12853,5,-1,3,0,37035,157,30,66,0,0,0,0,0,0,0,0,-32305,0,0,0,0,0,162723,0
162669,328,8052,1290,32,3,-3,12853,2,3,3,0,37035,157,30,66,0,0,0,0,0,0,0,0,-32305,0,0,0,0,0,162728,0
162674,334,8036,1320,18,3,-8,12853,4,0,2,0,37033,158,30,66,0,0,0,0,0,0,0,0,-32305,0,0,0,0,0,162734,0
162679,328,8030,1314,10,2,-4,12852,-3,-3,1,0,37033,158,30,66,0,0,0,0,0,0,0,0,-32305,0,0,0,0,0,162739,0
162684,360,7986,1238,0,2,-9,12853,-5,0,3,0,37031,154,30,66,0,0,0,0,0,0,0,0,-32305,0,0,0,0,0,162744,0
162689,352,7922,1244,-6,9,-15,12853,0,-3,3,0,37031,154,30,66,0,0,0,0,0,0,0,0,-32305,0,0,0,0,0,162750,0
162694,350,7894,1196,-13,7,-17,12853,1,-2,3,0,37035,155,30,66,0,0,0,0,0,0,0,0,-32306,0,0,0,0,0,162755,0
162699,342,7904,1180,-22,15,-17,12853,-6,-1,2,0,37035,155,30,66,0,0,0,0,0,0,0,0,-32306,0,0,0,0,0,162760,0
162704,350,7924,1138,-28,25,-20,12854,0,3,3,0,37037,152,30,66,0,0,0,0,0,0,0,0,-32305,0,0,0,0,0,162766,0
162709,372,7974,1134,-34,26,-19,12853,-2,0,2,0,37037,152,30,66,0,0,0,0,0,0,0,0,-32305,0,0,0,0,0,162771,0
162714,320,7974,1112,-32,30,-17,12853,3,-1,2,0,37039,148,30,66,0,0,0,0,0,0,0,0,-32305,0,0,0,0,0,162776,0
162719,322,7964,1090,-32,42,-27,12854,3,3,2,0,37039,148,30,66,0,0,0,0,0,0,0,0,-32305,0,0,0,0,0,162782,0
162724,322,7956,1002,-31,54,-23,12852,-3,-2,2,0,37037,139,30,66,0,0,0,0,0,0,0,0,-32305,0,0,0,0,0,162787,0
162729,332,7970,1006,-31,58,-17,12853,-6,-2,2,0,37037,139,30,66,0,0,0,0,0,0,0,0,-32305,0,0,0,0,0,162792,0
162734,318,7968,980,-28,70,-20,12853,0,-1,2,0,37040,141,30,66,0,0,0,0,0,0,0,0,-32305,0,0,0,0,0,162798,0
162739,338,8004,978,-24,79,-18,12854,7,-1,2,0,37040,141,30,66,0,0,0,0,0,0,0,0,-32305,0,0,0,0,0,162803,0
162744,308,8020,946,-12,91,-21,12853,3,-1,3,0,37038,151,30,66,0,0,0,0,0,0,0,0,-32306,0,0,0,0,0,162808,0
162749,314,8020,912,-11,100,-16,12852,-5,-2,4,0,37038,151,30,66,0,0,0,0,0,0,0,0,-32305,0,0,0,0,0,162814,0
162754,286,8002,912,5,101,-19,12853,-3,2,3,0,37034,141,30,66,0,0,0,0,0,0,0,0,-32305,0,0,0,0,0,162819,0
162759,304,8020,894,4,107,-17,12853,2,0,2,0,37034,141,30,66,0,0,0,0,0,0,0,0,-32305,0,0,0,0,0,162824,0
162764,288,8044,920,22,115,-14,12853,0,-5,2,0,37032,146,30,66,0,0,0,0,0,0,0,0,-32306,0,0,0,0,0,162830,0
162769,290,8058,896,24,121,-16,12853,-1,-1,2,0,37032,146,30,66,0,0,0,0,0,0,0,0,-32305,0,0,0,0,0,162835,0
162774,304,8064,922,33,116,-15,12853,0,2,3,0,37034,150,30,66,0,0,0,0,0,0,0,0,-32306,0,0,0,0,0,162840,0
162779,300,8064,940,43,126,-13,12854,5,1,1,0,37034,150,30,66,0,0,0,0,0,0,0,0,-32305,0,0,0,0,0,162847,0
162784,278,8024,922,54,117,-10,12853,-2,0,2,0,37035,152,30,66,0,0,0,0,0,0,0,0,-32306,0,0,0,0,0,162852,0
162789,254,8020,930,55,119,-11,12853,-1,0,2,0,37035,152,30,66,0,0,0,0,0,0,0,0,-32305,0,0,0,0,0,162857,0
162794,272,8010,952,64,116,-2,12854,0,1,2,0,37034,157,30,66,0,0,0,0,0,0,0,0,-32306,0,0,0,0,0,162862,0
162799,312,8014,960,67,112,-4,12854,-3,1,2,0,37034,157,30,66,0,0,0,0,0,0,0,0,-32305,0,0,0,0,0,162868,0
162804,298,8012,974,73,112,2,12853,-1,-5,2,0,37031,158,30,66,0,0,0,0,0,0,0,0,-32305,0,0,0,0,0,162873,0
162809,274,8008,994,66,106,0,12853,0,-2,3,0,37031,158,30,66,0,0,0,0,0,0,0,0,-32305,0,0,0,0,0,162878,0
162814,304,7970,984,75,102,3,12853,-1,1,3,0,37030,159,30,66,0,0,0,0,0,0,0,0,-32305,0,0,0,0,0,162884,0
162819,288,7968,996,84,95,1,12854,-3,3,3,0,37030,159,30,66,0,0,0,0,0,0,0,0,-32306,0,0,0,0,0,162889,0
162824,290,7966,1018,80,86,9,12853,-3,3,2,0,37036,155,30,66,0,0,0,0,0,0,0,0,-32305,0,0,0,0,0,162894,0
162829,314,7954,1026,78,75,8,12853,0,-4,3,0,37036,155,30,66,0,0,0,0,0,0,0,0,-32306,0,0,0,0,0,162900,0
162834,326,7972,1026,82,79,12,12853,-1,0,3,0,37036,148,30,66,0,0,0,0,0,0,0,0,-32305,0,0,0,0,0,162905,0
162839,296,7938,1040,80,67,9,12852,-1,-2,3,0,37036,148,30,66,0,0,0,0,0,0,0,0,-32306,0,0,0,0,0,162910,0
162844,318,7960,1038,80,45,18,12853,-1,-1,4,0,37033,149,30,66,0,0,0,0,0,0,0,0,-32305,0,0,0,0,0,162916,0
162849,306,7948,1062,78,39,16,12853,-1,4,2,0,37033,149,30,66,0,0,0,0,0,0,0,0,-32306,0,0,0,0,0,162921,0
162854,298,7952,1052,89,32,17,12852,-3,-4,2,0,37030,144,30,66,0,0,0,0,0,0,0,0,-32305,0,0,0,0,0,162926,0
162859,302,7940,1084,84,14,23,12853,-1,-2,2,0,37030,144,30,66,0,0,0,0,0,0,0,0,-32305,0,0,0,0,0,162932,0
162864,342,7950,1080,83,-5,25,12854,3,1,1,0,37034,137,30,66,0,0,0,0,0,0,0,0,-32306,0,0,0,0,0,162937,0
162869,334,7918,1074,85,-14,27,12853,2,0,1,0,37034,137,30,66,0,0,0,0,0,0,0,0,-32306,0,0,0,0,0,162943,0
162874,330,7972,1080,78,-24,26,12853,-6,-2,3,0,37034,136,30,66,0,0,0,0,0,0,0,0,-32305,0,0,0,0,0,162948,0
162879,376,7984,1064,79,-37,33,12853,-4,-1,2,0,37034,136,30,66,0,0,0,0,0,0,0,0,-32305,0,0,0,0,0,162954,0
162884,384,8024,1062,79,-55,31,12854,3,-1,2,0,37024,140,30,66,0,0,0,0,0,0,0,0,-32305,0,0,0,0,0,162960,0
162889,416,8048,1064,78,-63,31,12853,-1,1,3,0,37024,140,30,66,0,0,0,0,0,0,0,0,-32305,0,0,0,0,0,162966,0
162894,424,8072,1078,81,-72,32,12853,1,0,3,0,37012,145,30,66,0,0,0,0,0,0,0,0,-32306,0,0,0,0,0,162972,0
162899,450,8098,1048,83,-78,34,12853,0,1,3,0,37012,145,30,66,0,0,0,0,0,0,0,0,-32306,0,0,0,0,0,162972,0
162904,462,8182,1058,87,-93,36,12853,0,0,3,0,37003,146,30,66,0,0,0,0,0,0,0,0,-32305,0,0,0,0,0,162973,0
162909,486,8226,1058,85,-104,35,12853,0,-3,1,0,37003,146,30,66,0,0,0,0,0,0,0,0,-32305,0,0,0,0,0,162979,0
162914,472,8256,1062,91,-115,39,12854,1,1,2,0,37001,155,30,66,0,0,0,0,0,0,0,0,-32305,0,0,0,0,0,162985,0
162919,458,8278,1080,88,-122,43,12852,-1,-3,3,0,37001,155,30,66,0,0,0,0,0,0,0,0,-32305,0,0,0,0,0,162991,0
162924,484,8306,1100,90,-135,60,12854,7,2,0,0,37008,150,30,66,0,0,0,0,0,0,0,0,-32305,0,0,0,0,0,162996,0
162929,482,8312,1104,89,-146,58,12853,1,-1,1,0,37008,150,30,66,0,0,0,0,0,0,0,0,-32305,0,0,0,0,0,163002,0
162934,500,8350,1132,93,-151,68,12854,6,6,3,0,37012,152,30,66,0,0,0,0,0,0,0,0,-32306,0,0,0,0,0,163007,0
162939,540,8354,1110,94,-150,71,12854,-2,4,3,0,37012,152,30,66,0,0,0,0,0,0,0,0,-32305,0,0,0,0,0,163013,0
162944,536,8326,1146,89,-153,85,12852,0,0,3,0,37019,149,30,66,0,0,0,0,0,0,0,0,-32306,0,0,0,0,0,163018,0
162949,546,8300,1172,83,-148,95,12854,2,-1,4,0,37019,149,30,66,0,0,0,0,0,0,0,0,-32306,0,0,0,0,0,163024,0
162954,540,8298,1154,88,-144,98,12853,3,0,4,0,37019,158,30,66,0,0,0,0,0,0,0,0,-32305,0,0,0,0,0,163029,0
162959,544,8260,1144,84,-141,102,12853,2,1,3,0,37019,158,30,66,0,0,0,0,0,0,0,0,-32305,0,0,0,0,0,163034,0
162964,508,8250,1200,76,-130,109,12853,-2,-1,3,0,37021,170,30,66,0,0,0,0,0,0,0,0,-32305,0,0,0,0,0,163040,0
162969,508,8204,1204,78,-118,110,12853,3,4,4,0,37021,170,30,66,0,0,0,0,0,0,0,0,-32305,0,0,0,0,0,163045,0
162974,482,8182,1194,71,-115,115,12853,-3,-2,3,0,37022,160,30,66,0,0,0,0,0,0,0,0,-32306,0,0,0,0,0,163050,0
162979,468,8160,1196,72,-106,112,12854,0,2,3,0,37022,160,30,66,0,0,0,0,0,0,0,0,-32305,0,0,0,0,0,163056,0
162984,428,8080,1216,70,-90,117,12853,0,-3,4,0,37025,158,30,66,0,0,0,0,0,0,0,0,-32305,0,0,0,0,0,163061,0
162989,454,8056,1194,60,-76,117,12853,-1,-3,2,0,37025,158,30,66,0,0,0,0,0,0,0,0,-32305,0,0,0,0,0,163066,0
162994,420,8068,1198,62,-66,111,12854,7,3,2,0,37030,160,30,66,0,0,0,0,0,0,0,0,-32305,0,0,0,0,0,163072,0
162999,392,7994,1202,57,-56,116,12853,-2,-4,1,0,37030,160,30,66,0,0,0,0,0,0,0,0,-32305,0,0,0,0,0,163077,0
163004,392,7962,1222,54,-38,115,12853,-2,0,2,0,37032,165,30,66,0,0,0,0,0,0,0,0,-32306,0,0,0,0,0,163082,0
163009,392,7936,1248,55,-27,110,12853,-6,1,2,0,37032,165,30,66,0,0,0,0,0,0,0,0,-32306,0,0,0,0,0,163088,0
163014,376,7912,1226,49,-21,114,12853,-5,-1,2,0,37027,157,30,66,0,0,0,0,0,0,0,0,-32305,0,0,0,0,0,163093,0
163019,348,7920,1202,50,-7,108,12854,1,0,2,0,37027,157,30,66,0,0,0,0,0,0,0,0,-32305,0,0,0,0,0,163098,0
163024,352,7948,1216,44,6,107,12854,0,0,2,0,37026,146,30,66,0,0,0,0,0,0,0,0,-32305,0,0,0,0,0,163104,0
163029,304,7940,1200,45,17,113,12854,0,1,2,0,37026,146,30,66,0,0,0,0,0,0,0,0,-32305,0,0,0,0,0,163109,0
163034,318,7910,1200,41,22,108,12854,5,4,1,0,37033,143,30,66,0,0,0,0,0,0,0,0,-32306,0,0,0,0,0,163114,0
163039,318,7950,1216,49,24,102,12852,-2,-2,2,0,37033,143,30,66,0,0,0,0,0,0,0,0,-32305,0,0,0,0,0,163119,0
163044,298,7956,1218,45,40,103,12854,6,2,3,0,37035,147,30,66,0,0,0,0,0,0,0,0,-32305,0,0,0,0,0,163125,0
163049,258,7956,1190,44,46,105,12853,3,1,4,0,37035,147,30,66,0,0,0,0,0,0,0,0,-32305,0,0,0,0,0,163130,0
163054,270,7976,1206,40,54,98,12854,3,3,2,0,37030,147,30,66,0,0,0,0,0,0,0,0,-32306,0,0,0,0,0,163136,0
163059,232,7984,1206,36,54,92,12854,8,2,2,0,37030,147,30,66,0,0,0,0,0,0,0,0,-32305,0,0,0,0,0,163141,0
163064,232,7942,1208,31,62,91,12854,3,2,1,0,37022,149,30,66,0,0,0,0,0,0,0,0,-32306,0,0,0,0,0,163146,0
163069,234,7970,1184,35,76,81,12853,-1,4,3,0,37022,149,30,66,0,0,0,0,0,0,0,0,-32305,0,0,0,0,0,163152,0
163074,222,7954,1194,29,75,75,12853,-3,3,2,0,37033,145,30,66,0,0,0,0,0,0,0,0,-32305,0,0,0,0,0,163157,0
163079,196,7968,1198,26,90,71,12854,0,1,2,0,37033,145,30,66,0,0,0,0,0,0,0,0,-32305,0,0,0,0,0,163162,0
163084,212,7948,1166,17,99,61,12852,-2,-2,4,0,37045,146,30,66,0,0,0,0,0,0,0,0,-32305,0,0,0,0,0,163168,0
163089,200,7944,1156,13,109,56,12853,-1,2,3,0,37045,146,30,66,0,0,0,0,0,0,0,0,-32305,0,0,0,0,0,163173,0
163094,214,7926,1158,10,110,48,12854,5,-1,3,0,37045,147,30,66,0,0,0,0,0,0,0,0,-32305,0,0,0,0,0,163178,0
163099,188,7938,1154,8,119,44,12853,-3,4,4,0,37045,147,30,66,0,0,0,0,0,0,0,0,-32305,0,0,0,0,0,163184,0
163104,214,7984,1110,-1,128,30,12853,-4,1,3,0,37042,156,30,66,0,0,0,0,0,0,0,0,-32305,0,0,0,0,0,163189,0
163109,156,8006,1106,4,129,25,12853,1,-4,3,0,37042,156,30,66,0,0,0,0,0,0,0,0,-32305,0,0,0,0,0,163194,0
163114,172,8020,1072,1,136,16,12854,-1,2,4,0,37034,146,30,66,0,0,0,0,0,0,0,0,-32305,0,0,0,0,0,163199,0
163119,150,8018,1072,7,141,16,12853,-1,2,2,0,37034,146,30,66,0,0,0,0,0,0,0,0,-32305,0,0,0,0,0,163205,0
163124,160,8040,1054,3,136,5,12852,-4,1,2,0,37035,142,30,66,0,0,0,0,0,0,0,0,-32305,0,0,0,0,0,163210,0
163129,166,8028,1052,5,135,2,12853,-4,-5,3,0,37035,142,30,66,0,0,0,0,0,0,0,0,-32305,0,0,0,0,0,163215,0
163134,132,8074,1022,9,133,0,12852,-4,1,3,0,37033,151,30,66,0,0,0,0,0,0,0,0,-32305,0,0,0,0,0,163221,0
163139,178,8020,1012,10,133,1,12854,-3,5,2,0,37033,151,30,66,0,0,0,0,0,0,0,0,-32305,0,0,0,0,0,163226,0
163144,162,8034,996,13,126,-10,12854,2,2,2,0,37036,159,30,66,0,0,0,0,0,0,0,0,-32306,0,0,0,0,0,163231,0
163149,164,8014,992,22,122,-15,12853,-11,3,2,0,37036,159,30,66,0,0,0,0,0,0,0,0,-32305,0,0,0,0,0,163237,0
163154,172,8018,992,26,124,-18,12853,-9,-3,3,0,37036,162,30,66,0,0,0,0,0,0,0,0,-32306,0,0,0,0,0,163242,0
163159,160,7996,960,20,118,-23,12853,-4,-3,3,0,37036,162,30,66,0,0,0,0,0,0,0,0,-32305,0,0,0,0,0,163247,0
163164,186,7996,962,33,114,-28,12853,0,3,3,0,37037,163,30,66,0,0,0,0,0,0,0,0,-32305,0,0,0,0,0,163253,0
163169,178,7986,948,38,118,-32,12854,6,0,3,0,37037,163,30,66,0,0,0,0,0,0,0,0,-32305,0,0,0,0,0,163258,0
163174,184,8020,956,37,122,-38,12853,-3,4,3,0,37033,163,30,66,0,0,0,0,0,0,0,0,-32305,0,0,0,0,0,163263,0
163179,166,8012,912,41,120,-43,12853,-1,3,2,0,37033,163,30,66,0,0,0,0,0,0,0,0,-32305,0,0,0,0,0,163269,0
163184,212,8028,928,54,114,-49,12854,-2,-5,3,0,37030,170,30,66,0,0,0,0,0,0,0,0,-32305,0,0,0,0,0,163274,0
163189,226,8050,920,57,119,-52,12852,3,-1,4,0,37030,170,30,66,0,0,0,0,0,0,0,0,-32305,0,0,0,0,0,163279,0
163194,232,8032,922,62,120,-50,12854,-4,-5,5,0,37030,159,30,66,0,0,0,0,0,0,0,0,-32305,0,0,0,0,0,163285,0
163199,218,8022,910,69,122,-53,12854,2,-3,1,0,37030,159,30,66,0,0,0,0,0,0,0,0,-32306,0,0,0,0,0,163290,0
163204,198,7998,892,81,116,-53,12853,-1,4,1,0,37030,154,30,66,0,0,0,0,0,0,0,0,-32305,0,0,0,0,0,163295,0
163209,232,7978,888,84,112,-52,12852,-6,-1,0,0,37030,154,30,66,0,0,0,0,0,0,0,0,-32305,0,0,0,0,0,163301,0
163214,228,7960,908,90,112,-48,12854,6,-4,3,0,37032,163,30,66,0,0,0,0,0,0,0,0,-32305,0,0,0,0,0,163306,0
163219,236,7960,898,98,106,-53,12852,-3,4,5,0,37032,163,30,66,0,0,0,0,0,0,0,0,-32306,0,0,0,0,0,163311,0
163224,248,7950,894,113,98,-53,12853,3,4,2,0,37030,160,30,66,0,0,0,0,0,0,0,0,-32305,0,0,0,0,0,163317,0
163229,248,7924,918,111,96,-52,12853,1,-2,3,0,37030,160,30,66,0,0,0,0,0,0,0,0,-32305,0,0,0,0,0,163322,0
163234,262,7922,894,119,89,-51,12854,7,1,4,0,37027,148,30,66,0,0,0,0,0,0,0,0,-32306,0,0,0,0,0,163327,0
163239,264,7908,918,122,83,-48,12854,4,-1,3,0,37027,148,30,66,0,0,0,0,0,0,0,0,-32306,0,0,0,0,0,163332,0
163244,270,7964,914,130,73,-46,12854,0,2,2,0,37031,140,30,66,0,0,0,0,0,0,0,0,-32305,0,0,0,0,0,163338,0
163249,274,8014,930,139,73,-50,12853,1,-3,3,0,37031,140,30,66,0,0,0,0,0,0,0,0,-32305,0,0,0,0,0,163343,0
163254,246,7998,948,136,64,-52,12853,1,-3,3,0,37035,148,30,66,0,0,0,0,0,0,0,0,-32305,0,0,0,0,0,163348,0
163259,272,8020,964,142,62,-51,12854,-3,-4,3,0,37035,148,30,66,0,0,0,0,0,0,0,0,-32306,0,0,0,0,0,163354,0
163264,280,8038,972,150,51,-51,12854,1,-2,2,0,37033,157,30,66,0,0,0,0,0,0,0,0,-32305,0,0,0,0,0,163359,0
163269,280,8050,978,153,43,-47,12853,0,2,3,0,37033,157,30,66,0,0,0,0,0,0,0,0,-32306,0,0,0,0,0,163368,0
163274,298,8078,972,161,40,-44,12853,-2,-3,3,0,37026,161,30,66,0,0,0,0,0,0,0,0,-32306,0,0,0,0,0,163371,0
163279,334,8088,994,158,37,-44,12854,6,-2,3,0,37026,161,30,66,0,0,0,0,0,0,0,0,-32305,0,0,0,0,0,163376,0
163284,360,8084,1010,169,29,-35,12853,1,3,3,0,37025,154,30,66,0,0,0,0,0,0,0,0,-32306,0,0,0,0,0,163381,0
163289,346,8064,1000,167,20,-35,12854,-3,0,4,0,37025,154,30,66,0,0,0,0,0,0,0,0,-32306,0,0,0,0,0,163387,0
163294,378,8044,1010,168,19,-29,12854,3,0,4,0,37028,152,30,66,0,0,0,0,0,0,0,0,-32305,0,0,0,0,0,163392,0
163299,378,8028,996,177,14,-25,12852,-5,-1,2,0,37028,152,30,66,0,0,0,0,0,0,0,0,-32305,0,0,0,0,0,163397,0
163304,392,7992,992,175,7,-18,12854,1,-3,1,0,37032,161,30,66,0,0,0,0,0,0,0,0,-32306,0,0,0,0,0,163403,0
163309,446,7972,982,175,-3,-10,12852,3,0,1,0,37032,161,30,66,0,0,0,0,0,0,0,0,-32305,0,0,0,0,0,163408,0
163314,410,7970,976,177,-6,-3,12853,3,6,3,0,37030,161,30,66,0,0,0,0,0,0,0,0,-32305,0,0,0,0,0,163413,0
163319,400,7964,1008,175,-14,-1,12854,2,-2,3,0,37030,161,30,66,0,0,0,0,0,0,0,0,-32307,0,0,0,0,0,163419,0
163324,406,8004,1022,176,-27,3,12853,-1,4,2,0,37027,156,30,66,0,0,0,0,0,0,0,0,-32305,0,0,0,0,0,163424,0
163329,420,8014,1010,178,-31,1,12855,5,0,3,0,37027,156,30,66,0,0,0,0,0,0,0,0,-32305,0,0,0,0,0,163429,0
163334,364,7980,1024,183,-41,4,12853,1,-4,3,0,37033,150,30,66,0,0,0,0,0,0,0,0,-32305,0,0,0,0,0,163435,0
163339,424,8008,1034,172,-50,7,12853,-5,1,4,0,37033,150,30,66,0,0,0,0,0,0,0,0,-32305,0,0,0,0,0,163440,0
163344,362,8020,1052,183,-66,9,12853,-2,-4,3,0,37041,152,30,66,0,0,0,0,0,0,0,0,-32305,0,0,0,0,0,163445,0
163349,386,8054,1056,182,-76,14,12852,-7,1,1,0,37041,152,30,66,0,0,0,0,0,0,0,0,-32306,0,0,0,0,0,163450,0
163354,366,8054,1056,183,-82,18,12853,1,-1,3,0,37041,162,30,66,0,0,0,0,0,0,0,0,-32305,0,0,0,0,0,163456,0
163359,338,8078,1058,180,-98,18,12854,1,-2,3,0,37041,162,30,66,0,0,0,0,0,0,0,0,-32305,0,0,0,0,0,163461,0
163364,360,8102,1092,185,-108,24,12854,6,4,2,0,37037,155,30,66,0,0,0,0,0,0,0,0,-32306,0,0,0,0,0,163466,0
163369,376,8106,1086,179,-116,27,12854,5,3,3,0,37037,155,30,66,0,0,0,0,0,0,0,0,-32305,0,0,0,0,0,163472,0
163374,376,8094,1104,183,-126,27,12852,-5,0,3,0,37039,147,30,66,0,0,0,0,0,0,0,0,-32305,0,0,0,0,0,163477,0
163379,408,8098,1098,186,-134,32,12854,1,-3,2,0,37039,147,30,66,0,0,0,0,0,0,0,0,-32305,0,0,0,0,0,163482,0
163384,428,8072,1120,184,-140,37,12853,-3,-1,3,0,37035,149,30,66,0,0,0,0,0,0,0,0,-32306,0,0,0,0,0,163488,0
163389,402,8054,1112,189,-146,43,12854,7,4,3,0,37035,149,30,66,0,0,0,0,0,0,0,0,-32305,0,0,0,0,0,163493,0
163394,416,8092,1118,183,-147,47,12853,2,-4,3,0,37033,149,30,66,0,0,0,0,0,0,0,0,-32305,0,0,0,0,0,163498,0
163399,420,8072,1132,185,-148,47,12854,3,3,3,0,37033,149,30,66,0,0,0,0,0,0,0,0,-32305,0,0,0,0,0,163504,0
163404,404,8098,1130,182,-143,49,12853,3,0,3,0,37030,157,30,66,0,0,0,0,0,0,0,0,-32306,0,0,0,0,0,163509,0
163409,414,8122,1156,177,-140,51,12853,1,4,3,0,37030,157,30,66,0,0,0,0,0,0,0,0,-32305,0,0,0,0,0,163514,0
163414,376,8148,1160,180,-140,55,12853,0,-3,3,0,37028,157,30,66,0,0,0,0,0,0,0,0,-32306,0,0,0,0,0,163520,0
163419,376,8082,1138,179,-124,57,12853,2,2,3,0,37028,157,30,66,0,0,0,0,0,0,0,0,-32305,0,0,0,0,0,163525,0
163424,394,8166,1184,173,-121,56,12853,-4,-3,2,0,37029,152,30,66,0,0,0,0,0,0,0,0,-32306,0,0,0,0,0,163530,0
163429,358,8150,1194,170,-110,54,12853,1,-3,3,0,37029,152,30,66,0,0,0,0,0,0,0,0,-32306,0,0,0,0,0,163536,0
163434,338,8142,1188,161,-104,58,12853,-7,0,2,0,37029,156,30,66,0,0,0,0,0,0,0,0,-32305,0,0,0,0,0,163541,0
163439,360,8142,1214,166,-94,56,12853,-6,-1,2,0,37029,156,30,66,0,0,0,0,0,0,0,0,-32306,0,0,0,0,0,163546,0
163444,372,8148,1208,158,-74,56,12853,-7,-1,3,0,37031,155,30,66,0,0,0,0,0,0,0,0,-32305,0,0,0,0,0,163552,0
163449,372,8086,1196,156,-66,57,12852,-11,0,3,0,37031,155,30,66,0,0,0,0,0,0,0,0,-32306,0,0,0,0,0,163557,0
163454,320,8082,1206,146,-54,60,12853,1,0,4,0,37031,152,30,66,0,0,0,0,0,0,0,0,-32305,0,0,0,0,0,163562,0
163459,334,8066,1208,149,-49,59,12852,-5,2,3,0,37031,152,30,66,0,0,0,0,0,0,0,0,-32305,0,0,0,0,0,163567,0
163464,342,8072,1234,141,-30,60,12853,2,5,3,0,37033,150,30,66,0,0,0,0,0,0,0,0,-32305,0,0,0,0,0,163573,0
163469,326,8072,1230,138,-14,62,12852,-7,1,4,0,37033,150,30,66,0,0,0,0,0,0,0,0,-32305,0,0,0,0,0,163578,0
163474,318,8072,1224,131,-8,64,12854,0,4,3,0,37033,151,30,66,0,0,0,0,0,0,0,0,-32305,0,0,0,0,0,163583,0
163479,352,8064,1226,126,3,61,12854,0,0,2,0,37033,151,30,66,0,0,0,0,0,0,0,0,-32305,0,0,0,0,0,163589,0
163484,304,8044,1214,119,16,64,12852,-4,1,4,0,37027,159,30,66,0,0,0,0,0,0,0,0,-32305,0,0,0,0,0,163594,0
163489,346,8044,1212,119,28,63,12854,-1,-3,3,0,37027,159,30,66,0,0,0,0,0,0,0,0,-32306,0,0,0,0,0,163599,0
163494,288,8030,1232,109,37,61,12853,1,-1,3,0,37028,152,30,66,0,0,0,0,0,0,0,0,-32305,0,0,0,0,0,163605,0
163499,270,8056,1228,102,47,63,12853,2,4,2,0,37028,152,30,66,0,0,0,0,0,0,0,0,-32306,0,0,0,0,0,163610,0
163504,250,8014,1220,100,62,61,12853,1,-2,1,0,37031,152,30,66,0,0,0,0,0,0,0,0,-32305,0,0,0,0,0,163615,0
163509,220,8002,1206,92,64,59,12853,-2,2,2,0,37031,152,30,66,0,0,0,0,0,0,0,0,-32305,0,0,0,0,0,163621,0
163514,230,7966,1194,90,74,50,12853,0,5,3,0,37035,153,30,66,0,0,0,0,0,0,0,0,-32305,0,0,0,0,0,163626,0
163519,262,7958,1186,86,82,52,12854,4,-2,3,0,37035,153,30,66,0,0,0,0,0,0,0,0,-32305,0,0,0,0,0,163631,0
163524,248,7932,1182,77,93,48,12853,5,5,3,0,37033,151,30,66,0,0,0,0,0,0,0,0,-32305,0,0,0,0,0,163637,0
163529,216,7910,1176,75,96,37,12853,0,1,2,0,37033,151,30,66,0,0,0,0,0,0,0,0,-32305,0,0,0,0,0,163642,0
163534,230,7942,1166,71,92,43,12853,0,3,2,0,37031,143,30,66,0,0,0,0,0,0,0,0,-32305,0,0,0,0,0,163647,0
163539,226,7904,1158,65,102,41,12854,0,-1,3,0,37031,143,30,66,0,0,0,0,0,0,0,0,-32305,0,0,0,0,0,163653,0
163544,276,7950,1128,59,103,35,12854,6,-2,3,0,37032,138,30,66,0,0,0,0,0,0,0,0,-32305,0,0,0,0,0,163658,0
163549,260,7954,1122,58,116,32,12854,5,-1,2,0,37032,138,30,66,0,0,0,0,0,0,0,0,-32306,0,0,0,0,0,163663,0
163554,250,7944,1110,53,107,28,12854,2,-1,2,0,37039,155,30,66,0,0,0,0,0,0,0,0,-32305,0,0,0,0,0,163669,0
163559,274,8018,1102,51,116,32,12854,2,-3,2,0,37039,155,30,66,0,0,0,0,0,0,0,0,-32305,0,0,0,0,0,163674,0
163564,300,8036,1080,46,121,36,12854,2,-4,2,0,37036,151,30,66,0,0,0,0,0,0,0,0,-32305,0,0,0,0,0,163679,0
163569,298,8050,1054,40,121,34,12853,1,0,3,0,37036,151,30,66,0,0,0,0,0,0,0,0,-32305,0,0,0,0,0,163685,0
163574,296,8088,1064,36,123,31,12853,-4,-3,2,0,37033,157,30,66,0,0,0,0,0,0,0,0,-32305,0,0,0,0,0,163690,0
163579,300,8054,1028,40,124,33,12853,5,0,1,0,37033,157,30,66,0,0,0,0,0,0,0,0,-32305,0,0,0,0,0,163695,0
163584,290,8092,1010,35,122,38,12853,0,-3,4,0,37033,145,30,66,0,0,0,0,0,0,0,0,-32305,0,0,0,0,0,163700,0
163589,304,8104,1022,35,120,37,12853,0,0,2,0,37033,145,30,66,0,0,0,0,0,0,0,0,-32306,0,0,0,0,0,163706,0
163594,304,8096,984,32,114,40,12853,-1,1,3,0,37039,142,30,66,0,0,0,0,0,0,0,0,-32305,0,0,0,0,0,163711,0
163599,308,8118,974,32,111,44,12854,1,3,3,0,37039,142,30,66,0,0,0,0,0,0,0,0,-32305,0,0,0,0,0,163716,0
163604,270,8158,944,35,102,47,12854,0,-1,3,0,37039,149,30,66,0,0,0,0,0,0,0,0,-32305,0,0,0,0,0,163722,0
163609,278,8148,948,40,95,55,12854,6,-1,2,0,37039,149,30,66,0,0,0,0,0,0,0,0,-32305,0,0,0,0,0,163727,0
163614,268,8174,930,39,85,50,12854,2,0,4,0,37034,149,30,66,0,0,0,0,0,0,0,0,-32305,0,0,0,0,0,163732,0
163619,248,8180,930,46,87,57,12853,-1,1,3,0,37034,149,30,66,0,0,0,0,0,0,0,0,-32305,0,0,0,0,0,163738,0
163624,236,8162,880,53,72,56,12854,3,-2,1,0,37031,151,30,66,0,0,0,0,0,0,0,0,-32305,0,0,0,0,0,163743,0
163629,208,8160,904,55,70,58,12853,-2,-3,3,0,37031,151,30,66,0,0,0,0,0,0,0,0,-32305,0,0,0,0,0,163748,0
163634,196,8170,900,68,68,58,12853,-1,1,2,0,37032,155,30,66,0,0,0,0,0,0,0,0,-32305,0,0,0,0,0,163754,0
163639,214,8178,866,75,53,59,12855,5,4,2,0,37032,155,30,66,0,0,0,0,0,0,0,0,-32305,0,0,0,0,0,163759,0
163644,182,8136,868,85,45,56,12853,0,-1,2,0,37033,157,30,66,0,0,0,0,0,0,0,0,-32305,0,0,0,0,0,163764,0
163649,154,8134,858,85,35,58,12853,-5,-3,1,0,37033,157,30,66,0,0,0,0,0,0,0,0,-32305,0,0,0,0,0,163770,0
163654,158,8130,866,93,31,58,12853,-5,2,1,0,37035,171,30,66,0,0,0,0,0,0,0,0,-32305,0,0,0,0,0,163775,0
163659,126,8150,884,92,25,53,12853,-1,-1,3,0,37035,171,30,66,0,0,0,0,0,0,0,0,-32306,0,0,0,0,0,163780,0
163664,128,8134,888,107,7,46,12853,-3,0,2,0,37035,173,30,66,0,0,0,0,0,0,0,0,-32305,0,0,0,0,0,163785,0
163669,116,8158,908,111,5,38,12853,3,2,2,0,37035,173,30,66,0,0,0,0,0,0,0,0,-32305,0,0,0,0,0,163791,0
163674,134,8174,890,111,-10,37,12854,1,-1,2,0,37037,167,30,66,0,0,0,0,0,0,0,0,-32305,0,0,0,0,0,163796,0
163679,120,8174,916,113,-18,39,12853,0,0,2,0,37037,167,30,66,0,0,0,0,0,0,0,0,-32306,0,0,0,0,0,163802,0
163684,106,8210,948,119,-37,33,12852,-3,-1,4,0,37034,156,30,66,0,0,0,0,0,0,0,0,-32305,0,0,0,0,0,163807,0
163689,136,8210,960,122,-43,29,12855,8,3,2,0,37034,156,30,66,0,0,0,0,0,0,0,0,-32305,0,0,0,0,0,163812,0
163694,130,8216,966,118,-42,24,12853,3,-2,4,0,37031,156,30,66,0,0,0,0,0,0,0,0,-32305,0,0,0,0,0,163817,0
163699,168,8188,966,119,-59,25,12853,0,1,4,0,37031,156,30,66,0,0,0,0,0,0,0,0,-32305,0,0,0,0,0,163823,0
163704,170,8172,1000,130,-72,14,12853,0,1,3,0,37029,160,30,66,0,0,0,0,0,0,0,0,-32306,0,0,0,0,0,163828,0
163709,178,8126,990,125,-75,15,12854,-1,0,2,0,37029,160,30,66,0,0,0,0,0,0,0,0,-32305,0,0,0,0,0,163833,0
163714,210,8092,1004,117,-82,8,12853,-1,2,3,0,37030,156,30,66,0,0,0,0,0,0,0,0,-32306,0,0,0,0,0,163839,0
163719,220,8044,1010,115,-87,11,12853,2,2,4,0,37030,156,30,66,0,0,0,0,0,0,0,0,-32306,0,0,0,0,0,163844,0
163724,216,8022,1022,108,-97,8,12854,2,0,2,0,37032,153,30,66,0,0,0,0,0,0,0,0,-32306,0,0,0,0,0,163849,0
163729,252,8012,1030,113,-98,13,12853,4,3,2,0,37032,153,30,66,0,0,0,0,0,0,0,0,-32306,0,0,0,0,0,163855,0
163734,238,7956,1012,111,-101,9,12854,4,3,2,0,37031,149,30,66,0,0,0,0,0,0,0,0,-32306,0,0,0,0,0,163860,0
163739,222,7954,1032,110,-103,8,12853,3,1,2,0,37031,149,30,66,0,0,0,0,0,0,0,0,-32305,0,0,0,0,0,163865,0
163744,212,7910,1040,99,-110,14,12853,-1,1,3,0,37031,148,30,66,0,0,0,0,0,0,0,0,-32306,0,0,0,0,0,163871,0
163749,236,7894,1052,94,-117,11,12853,0,0,3,0,37031,148,30,66,0,0,0,0,0,0,0,0,-32305,0,0,0,0,0,163876,0
163754,240,7896,1058,100,-112,15,12853,-1,0,4,0,37034,150,30,66,0,0,0,0,0,0,0,0,-32305,0,0,0,0,0,163881,0
163759,240,7920,1040,103,-116,8,12855,11,0,6,0,37034,150,30,66,0,0,0,0,0,0,0,0,-32306,0,0,0,0,0,163887,0
163764,224,7944,1030,93,-119,9,12854,-1,-2,2,0,37038,146,30,66,0,0,0,0,0,0,0,0,-32305,0,0,0,0,0,163892,0
163769,234,7936,1042,96,-121,11,12854,7,4,3,0,37038,146,30,66,0,0,0,0,0,0,0,0,-32305,0,0,0,0,0,163897,0
163774,232,7942,1052,90,-125,9,12854,3,0,3,0,37037,155,30,66,0,0,0,0,0,0,0,0,-32305,0,0,0,0,0,163903,0
163779,200,7894,1040,87,-135,11,12853,-1,-3,1,0,37037,155,30,66,0,0,0,0,0,0,0,0,-32305,0,0,0,0,0,163909,0
163784,270,7896,1050,88,-130,11,12854,2,3,3,0,37033,152,30,66,0,0,0,0,0,0,0,0,-32305,0,0,0,0,0,163914,0
163789,240,7952,1020,90,-133,14,12852,-4,-6,3,0,37033,152,30,66,0,0,0,0,0,0,0,0,-32305,0,0,0,0,0,163920,0
163794,268,7934,1012,82,-130,12,12853,-2,0,3,0,37029,154,30,66,0,0,0,0,0,0,0,0,-32305,0,0,0,0,0,163925,0
163799,286,7950,1010,89,-131,6,12853,-7,-1,5,0,37029,154,30,66,0,0,0,0,0,0,0,0,-32305,0,0,0,0,0,163930,0
163804,284,7950,988,83,-136,7,12853,-2,1,4,0,37031,158,30,66,0,0,0,0,0,0,0,0,-32306,0,0,0,0,0,163935,0
163809,284,7970,986,85,-138,5,12853,-3,-1,2,0,37031,158,30,66,0,0,0,0,0,0,0,0,-32305,0,0,0,0,0,163941,0
163814,292,7976,992,81,-138,2,12853,0,0,2,0,37034,166,30,66,0,0,0,0,0,0,0,0,-32305,0,0,0,0,0,163946,0
163819,324,7992,994,80,-137,8,12853,5,0,2,0,37034,166,30,66,0,0,0,0,0,0,0,0,-32305,0,0,0,0,0,163951,0
163824,294,8110,982,90,-130,4,12853,0,1,3,0,37031,174,30,66,0,0,0,0,0,0,0,0,-32305,0,0,0,0,0,163957,0
163829,310,8094,1004,82,-122,2,12853,-3,4,1,0,37031,174,30,66,0,0,0,0,0,0,0,0,-32305,0,0,0,0,0,163962,0
163834,308,8156,992,84,-119,2,12853,1,0,0,0,37032,150,30,66,0,0,0,0,0,0,0,0,-32305,0,0,0,0,0,163967,0
163839,304,8178,996,86,-115,-2,12854,4,-1,2,0,37032,150,30,66,0,0,0,0,0,0,0,0,-32305,0,0,0,0,0,163973,0
163844,314,8188,988,83,-105,2,12855,0,2,2,0,37034,145,30,66,0,0,0,0,0,0,0,0,-32306,0,0,0,0,0,163978,0
163849,348,8220,966,84,-93,6,12853,0,5,3,0,37034,145,30,66,0,0,0,0,0,0,0,0,-32306,0,0,0,0,0,163983,0
163854,348,8198,986,87,-92,4,12853,0,-2,2,0,37036,143,30,66,0,0,0,0,0,0,0,0,-32305,0,0,0,0,0,163989,0
163859,320,8216,970,87,-82,3,12852,-4,-2,3,0,37036,143,30,66,0,0,0,0,0,0,0,0,-32305,0,0,0,0,0,163994,0
163864,328,8238,966,86,-62,8,12853,0,1,1,0,37037,154,30,66,0,0,0,0,0,0,0,0,-32306,0,0,0,0,0,163999,0
163869,312,8216,982,82,-60,9,12853,1,1,3,0,37037,154,30,66,0,0,0,0,0,0,0,0,-32305,0,0,0,0,0,164005,0
163874,304,8238,950,77,-58,2,12853,-3,-1,3,0,37031,153,30,66,0,0,0,0,0,0,0,0,-32305,0,0,0,0,0,164010,0
163879,294,8214,952,88,-50,5,12853,-4,0,2,0,37031,153,30,66,0,0,0,0,0,0,0,0,-32306,0,0,0,0,0,164015,0
163884,282,8184,954,83,-48,6,12853,-7,-3,3,0,37032,153,30,66,0,0,0,0,0,0,0,0,-32305,0,0,0,0,0,164021,0
163889,290,8174,924,86,-37,2,12853,1,0,3,0,37032,153,30,66,0,0,0,0,0,0,0,0,-32306,0,0,0,0,0,164026,0
163894,280,8190,932,84,-31,-4,12853,0,-1,2,0,37030,144,30,66,0,0,0,0,0,0,0,0,-32306,0,0,0,0,0,164031,0
163899,240,8202,936,88,-25,-12,12853,-2,0,5,0,37030,144,30,66,0,0,0,0,0,0,0,0,-32305,0,0,0,0,0,164037,0
163904,262,8170,920,90,-10,-12,12853,0,2,3,0,37031,155,30,66,0,0,0,0,0,0,0,0,-32305,0,0,0,0,0,164042,0
163909,280,8180,932,90,-11,-20,12852,-7,-1,2,0,37031,155,30,66,0,0,0,0,0,0,0,0,-32305,0,0,0,0,0,164047,0
163914,266,8164,956,93,-1,-20,12854,0,1,3,0,37028,158,30,66,0,0,0,0,0,0,0,0,-32305,0,0,0,0,0,164053,0
163919,274,8176,920,97,2,-18,12854,5,-1,4,0,37028,158,30,66,0,0,0,0,0,0,0,0,-32305,0,0,0,0,0,164058,0
163924,268,8178,954,109,4,-22,12854,1,1,3,0,37028,168,30,66,0,0,0,0,0,0,0,0,-32305,0,0,0,0,0,164064,0
163929,256,8158,952,111,11,-20,12853,4,-1,2,0,37028,168,30,66,0,0,0,0,0,0,0,0,-32306,0,0,0,0,0,164069,0
163934,282,8182,958,113,8,-24,12854,0,5,2,0,37028,159,30,66,0,0,0,0,0,0,0,0,-32305,0,0,0,0,0,164074,0
163939,278,8170,958,117,12,-29,12854,1,5,2,0,37028,159,30,66,0,0,0,0,0,0,0,0,-32305,0,0,0,0,0,164080,0
163944,270,8142,974,123,16,-26,12854,1,3,1,0,37028,165,30,66,0,0,0,0,0,0,0,0,-32306,0,0,0,0,0,164085,0
163949,292,8138,998,122,14,-24,12853,3,2,3,0,37028,165,30,66,0,0,0,0,0,0,0,0,-32305,0,0,0,0,0,164090,0
163954,290,8144,988,116,16,-23,12853,-4,0,3,0,37028,159,30,66,0,0,0,0,0,0,0,0,-32305,0,0,0,0,0,164096,0
163959,292,8114,1048,123,12,-26,12853,1,-1,3,0,37028,159,30,66,0,0,0,0,0,0,0,0,-32305,0,0,0,0,0,164101,0
163964,296,8090,1054,120,19,-28,12853,2,2,2,0,37030,161,30,66,0,0,0,0,0,0,0,0,-32305,0,0,0,0,0,164106,0
163969,278,8050,1090,118,18,-26,12853,0,-1,3,0,37030,161,30,66,0,0,0,0,0,0,0,0,-32306,0,0,0,0,0,164112,0
163974,282,8030,1050,115,20,-30,12853,-4,0,1,0,37037,162,30,66,0,0,0,0,0,0,0,0,-32305,0,0,0,0,0,164117,0
163979,232,8038,1080,110,22,-25,12853,1,-1,1,0,37037,162,30,66,0,0,0,0,0,0,0,0,-32305,0,0,0,0,0,164122,0
163984,226,8008,1090,100,28,-30,12853,0,1,2,0,37037,158,30,66,0,0,0,0,0,0,0,0,-32305,0,0,0,0,0,164128,0
163989,236,7974,1084,101,32,-33,12853,-4,-1,3,0,37037,158,30,66,0,0,0,0,0,0,0,0,-32306,0,0,0,0,0,164133,0
163994,210,7948,1084,98,36,-35,12853,-2,-3,3,0,37034,162,30,66,0,0,0,0,0,0,0,0,-32305,0,0,0,0,0,164138,0
163999,222,7946,1068,92,32,-44,12853,0,1,4,0,37034,162,30,66,0,0,0,0,0,0,0,0,-32305,0,0,0,0,0,164143,0
164004,172,7946,1070,83,39,-48,12853,0,-3,3,0,37026,152,30,66,0,0,0,0,0,0,0,0,-32306,0,0,0,0,0,164149,0
164009,180,7890,1070,84,31,-50,12852,0,-1,1,0,37026,152,30,66,0,0,0,0,0,0,0,0,-32306,0,0,0,0,0,164154,0
164014,180,7902,1050,80,31,-48,12854,0,3,3,0,37028,147,30,66,0,0,0,0,0,0,0,0,-32305,0,0,0,0,0,164159,0
164019,190,7876,1094,72,28,-55,12853,1,0,2,0,37028,147,30,66,0,0,0,0,0,0,0,0,-32305,0,0,0,0,0,164165,0
164024,192,7876,1030,68,26,-57,12854,3,3,2,0,37031,151,30,66,0,0,0,0,0,0,0,0,-32305,0,0,0,0,0,164170,0
164029,200,7872,1048,67,25,-57,12854,1,0,2,0,37031,151,30,66,0,0,0,0,0,0,0,0,-32305,0,0,0,0,0,164175,0
164034,222,7878,1012,65,28,-62,12853,0,-2,3,0,37030,146,30,66,0,0,0,0,0,0,0,0,-32306,0,0,0,0,0,164181,0
164039,232,7862,1014,63,29,-68,12854,2,2,3,0,37030,146,30,66,0,0,0,0,0,0,0,0,-32305,0,0,0,0,0,164186,0
164044,248,7868,1014,61,28,-66,12853,0,-2,3,0,37027,144,30,66,0,0,0,0,0,0,0,0,-32306,0,0,0,0,0,164191,0
164049,244,7896,988,55,31,-67,12853,-1,1,4,0,37027,144,30,66,0,0,0,0,0,0,0,0,-32305,0,0,0,0,0,164197,0
164054,218,7924,986,61,31,-70,12853,0,1,3,0,37028,151,30,66,0,0,0,0,0,0,0,0,-32305,0,0,0,0,0,164202,0
164059,278,7944,948,63,30,-73,12853,1,1,3,0,37028,151,30,66,0,0,0,0,0,0,0,0,-32305,0,0,0,0,0,164207,0
164064,262,7952,964,61,32,-74,12853,0,-3,3,0,37031,157,30,66,0,0,0,0,0,0,0,0,-32305,0,0,0,0,0,164213,0
164069,266,7964,944,61,32,-74,12853,-4,2,3,0,37031,157,30,66,0,0,0,0,0,0,0,0,-32306,0,0,0,0,0,164218,0
164074,248,7994,964,56,29,-76,12853,1,1,1,0,37038,150,30,66,0,0,0,0,0,0,0,0,-32305,0,0,0,0,0,164223,0
164079,276,7960,964,63,27,-77,12852,-1,-13,0,0,37038,150,30,66,0,0,0,0,0,0,0,0,-32306,0,0,0,0,0,164229,0
164084,278,8008,930,69,33,-79,12854,6,5,2,0,37040,142,30,66,0,0,0,0,0,0,0,0,-32305,0,0,0,0,0,164234,0
164089,280,8046,930,72,24,-80,12852,-7,-2,1,0,37040,142,30,66,0,0,0,0,0,0,0,0,-32306,0,0,0,0,0,164239,0
164094,310,8052,922,69,28,-83,12853,1,0,2,0,37038,134,30,66,0,0,0,0,0,0,0,0,-32306,0,0,0,0,0,164245,0
164099,312,8058,914,69,36,-81,12853,-2,-3,3,0,37038,134,30,66,0,0,0,0,0,0,0,0,-32305,0,0,0,0,0,164250,0
164104,348,8060,902,79,26,-78,12853,1,-1,3,0,37039,137,30,66,0,0,0,0,0,0,0,0,-32305,0,0,0,0,0,164255,0
164109,362,8076,908,76,27,-77,12855,6,2,3,0,37039,137,30,66,0,0,0,0,0,0,0,0,-32305,0,0,0,0,0,164260,0
164114,364,8096,930,84,24,-77,12854,1,2,3,0,37032,151,30,66,0,0,0,0,0,0,0,0,-32305,0,0,0,0,0,164266,0
164119,382,8084,908,86,33,-69,12853,0,1,3,0,37032,151,30,66,0,0,0,0,0,0,0,0,-32305,0,0,0,0,0,164271,0
164124,380,8076,922,84,34,-65,12852,-4,-6,2,0,37028,151,30,66,0,0,0,0,0,0,0,0,-32305,0,0,0,0,0,164276,0
164129,416,8084,916,84,29,-62,12854,0,-3,2,0,37028,151,30,66,0,0,0,0,0,0,0,0,-32305,0,0,0,0,0,164282,0
164134,400,8116,910,86,30,-57,12854,5,0,3,0,37027,146,30,66,0,0,0,0,0,0,0,0,-32305,0,0,0,0,0,164287,0
164139,390,8150,904,91,26,-51,12853,0,1,2,0,37027,146,30,66,0,0,0,0,0,0,0,0,-32306,0,0,0,0,0,164292,0
164144,398,8150,920,88,28,-41,12853,-1,-4,2,0,37030,151,30,66,0,0,0,0,0,0,0,0,-32305,0,0,0,0,0,164298,0
164149,392,8162,908,92,25,-41,12853,1,-1,4,0,37030,151,30,66,0,0,0,0,0,0,0,0,-32306,0,0,0,0,0,164303,0
164154,414,8124,904,90,30,-40,12853,-3,1,3,0,37033,153,30,66,0,0,0,0,0,0,0,0,-32305,0,0,0,0,0,164308,0
164159,412,8132,930,92,22,-38,12854,2,0,2,0,37033,153,30,66,0,0,0,0,0,0,0,0,-32305,0,0,0,0,0,164314,0
164164,414,8158,926,95,19,-34,12854,1,1,2,0,37030,155,30,66,0,0,0,0,0,0,0,0,-32306,0,0,0,0,0,164319,0
164169,378,8158,900,89,18,-26,12854,12,1,2,0,37030,155,30,66,0,0,0,0,0,0,0,0,-32306,0,0,0,0,0,164324,0
164174,388,8156,914,104,17,-26,12853,1,1,3,0,37031,146,30,66,0,0,0,0,0,0,0,0,-32305,0,0,0,0,0,164330,0
164179,400,8144,890,102,9,-25,12853,1,-1,0,0,37031,146,30,66,0,0,0,0,0,0,0,0,-32305,0,0,0,0,0,164335,0
164184,392,8154,884,103,7,-22,12855,7,-2,2,0,37034,150,30,66,0,0,0,0,0,0,0,0,-32306,0,0,0,0,0,164340,0
164189,386,8124,900,106,1,-18,12853,-2,-1,1,0,37034,150,30,66,0,0,0,0,0,0,0,0,-32305,0,0,0,0,0,164346,0
164194,428,8120,890,110,-4,-20,12854,4,-3,5,0,37036,155,30,66,0,0,0,0,0,0,0,0,-32306,0,0,0,0,0,164351,0
164199,402,8110,928,112,-5,-14,12853,2,-3,3,0,37036,155,30,66,0,0,0,0,0,0,0,0,-32305,0,0,0,0,0,164356,0
164204,480,8092,924,117,-9,-6,12853,0,1,2,0,37032,149,30,66,0,0,0,0,0,0,0,0,-32306,0,0,0,0,0,164362,0
164209,472,8102,940,118,-19,0,12854,5,-4,3,0,37032,149,30,66,0,0,0,0,0,0,0,0,-32305,0,0,0,0,0,164367,0
164214,470,8116,954,123,-17,2,12854,0,0,3,0,37027,151,30,66,0,0,0,0,0,0,0,0,-32305,0,0,0,0,0,164372,0
164219,468,8100,940,126,-23,8,12854,6,1,4,0,37027,151,30,66,0,0,0,0,0,0,0,0,-32305,0,0,0,0,0,164377,0
164224,506,8102,950,124,-19,20,12853,-1,-2,2,0,37029,151,30,66,0,0,0,0,0,0,0,0,-32305,0,0,0,0,0,164383,0
164229,500,8108,986,128,-20,26,12853,-3,2,3,0,37029,151,30,66,0,0,0,0,0,0,0,0,-32305,0,0,0,0,0,164388,0
164234,516,8052,968,129,-19,31,12853,-5,-6,2,0,37032,147,30,66,0,0,0,0,0,0,0,0,-32305,0,0,0,0,0,164393,0
164239,522,8084,990,133,-17,41,12854,3,5,2,0,37032,147,30,66,0,0,0,0,0,0,0,0,-32305,0,0,0,0,0,164399,0
164244,554,8046,982,126,-17,49,12853,-2,1,4,0,37031,148,30,66,0,0,0,0,0,0,0,0,-32306,0,0,0,0,0,164404,0
164249,528,8062,994,135,-15,60,12854,1,1,5,0,37031,148,30,66,0,0,0,0,0,0,0,0,-32305,0,0,0,0,0,164409,0
164254,528,8050,1006,130,-17,65,12853,0,1,4,0,37030,149,30,66,0,0,0,0,0,0,0,0,-32305,0,0,0,0,0,164415,0
164259,532,8092,1034,132,-12,68,12853,3,1,3,0,37030,149,30,66,0,0,0,0,0,0,0,0,-32305,0,0,0,0,0,164420,0
164264,524,8052,1068,125,-9,80,12851,-8,0,2,0,37029,149,30,66,0,0,0,0,0,0,0,0,-32305,0,0,0,0,0,164425,0
164269,544,8066,1034,124,-7,87,12853,-1,3,1,0,37029,149,30,66,0,0,0,0,0,0,0,0,-32306,0,0,0,0,0,164431,0
164274,530,8076,1058,118,-4,93,12853,-5,0,2,0,37030,149,30,66,0,0,0,0,0,0,0,0,-32305,0,0,0,0,0,164436,0
164279,530,8074,1074,116,4,99,12854,10,6,1,0,37030,149,30,66,0,0,0,0,0,0,0,0,-32306,0,0,0,0,0,164441,0
164284,524,8072,1082,106,9,108,12854,3,2,3,0,37029,160,30,66,0,0,0,0,0,0,0,0,-32305,0,0,0,0,0,164447,0
164289,520,8054,1080,98,14,111,12853,-2,1,2,0,37029,160,30,66,0,0,0,0,0,0,0,0,-32306,0,0,0,0,0,164452,0
164294,508,8060,1074,100,15,115,12854,2,0,2,0,37027,162,30,66,0,0,0,0,0,0,0,0,-32306,0,0,0,0,0,164457,0
164299,504,8042,1052,93,26,120,12852,-1,1,3,0,37027,162,30,66,0,0,0,0,0,0,0,0,-32306,0,0,0,0,0,164463,0
164304,474,8018,1060,90,29,126,12853,1,0,2,0,37029,166,30,66,0,0,0,0,0,0,0,0,-32305,0,0,0,0,0,164468,0
164309,484,8060,1060,82,29,126,12853,0,-5,2,0,37029,166,30,66,0,0,0,0,0,0,0,0,-32305,0,0,0,0,0,164473,0
164314,470,8032,1056,79,33,131,12853,-4,2,3,0,37035,160,30,66,0,0,0,0,0,0,0,0,-32305,0,0,0,0,0,164479,0
164319,474,8042,1062,85,37,134,12853,0,0,2,0,37035,160,30,66,0,0,0,0,0,0,0,0,-32306,0,0,0,0,0,164484,0
164324,428,8040,1020,74,49,141,12853,0,-3,2,0,37039,163,30,66,0,0,0,0,0,0,0,0,-32306,0,0,0,0,0,164489,0
164329,450,8044,1020,72,52,145,12852,-2,0,3,0,37039,163,30,66,0,0,0,0,0,0,0,0,-32305,0,0,0,0,0,164494,0
164334,430,8064,1020,77,54,143,12852,0,1,2,0,37034,154,30,66,0,0,0,0,0,0,0,0,-32306,0,0,0,0,0,164500,0
164339,422,8072,1024,70,65,145,12854,11,5,2,0,37034,154,30,66,0,0,0,0,0,0,0,0,-32305,0,0,0,0,0,164505,0
164344,438,8074,1006,67,74,147,12853,0,0,2,0,37032,145,30,66,0,0,0,0,0,0,0,0,-32306,0,0,0,0,0,164510,0
164349,430,8040,1000,63,80,146,12853,0,2,3,0,37032,145,30,66,0,0,0,0,0,0,0,0,-32305,0,0,0,0,0,164516,0
164354,432,8054,996,58,85,151,12852,-5,-2,3,0,37039,136,30,66,0,0,0,0,0,0,0,0,-32306,0,0,0,0,0,164521,0
164359,394,8048,996,71,85,145,12853,3,0,2,0,37039,136,30,66,0,0,0,0,0,0,0,0,-32306,0,0,0,0,0,164526,0
164364,408,8124,972,58,95,155,12853,0,-2,2,0,37051,157,30,66,0,0,0,0,0,0,0,0,-32305,0,0,0,0,0,164532,0
164369,384,8114,998,63,96,154,12853,-1,4,2,0,37051,157,30,66,0,0,0,0,0,0,0,0,-32305,0,0,0,0,0,164537,0
164374,372,8130,978,68,101,159,12854,3,-2,3,0,37059,167,30,66,0,0,0,0,0,0,0,0,-32306,0,0,0,0,0,164542,0
164379,358,8126,962,62,108,155,12852,-2,0,1,0,37059,167,30,66,0,0,0,0,0,0,0,0,-32305,0,0,0,0,0,164548,0
164384,372,8138,948,64,113,159,12853,1,0,2,0,37050,164,30,66,0,0,0,0,0,0,0,0,-32306,0,0,0,0,0,164553,0
164389,358,8152,950,65,113,164,12853,0,-3,1,0,37050,164,30,66,0,0,0,0,0,0,0,0,-32306,0,0,0,0,0,164558,0
164394,374,8158,970,64,121,159,12853,-1,1,1,0,37047,151,30,66,0,0,0,0,0,0,0,0,-32305,0,0,0,0,0,164564,0
164399,380,8138,964,69,124,167,12853,-4,0,0,0,37047,151,30,66,0,0,0,0,0,0,0,0,-32305,0,0,0,0,0,164569,0
164404,348,8156,962,63,126,167,12853,-8,-2,2,0,37039,150,30,66,0,0,0,0,0,0,0,0,-32305,0,0,0,0,0,164574,0
164409,340,8148,940,67,129,166,12852,-8,-2,2,0,37039,150,30,66,0,0,0,0,0,0,0,0,-32306,0,0,0,0,0,164580,0
164414,308,8160,954,65,130,170,12853,2,-4,4,0,37038,162,30,66,0,0,0,0,0,0,0,0,-32306,0,0,0,0,0,164585,0
164419,310,8132,978,68,133,173,12852,-1,5,4,0,37038,162,30,66,0,0,0,0,0,0,0,0,-32305,0,0,0,0,0,164590,0
164424,280,8128,956,67,134,172,12854,4,0,0,0,37028,153,30,66,0,0,0,0,0,0,0,0,-32306,0,0,0,0,0,164596,0
164429,274,8128,960,70,136,175,12852,-4,2,2,0,37028,153,30,66,0,0,0,0,0,0,0,0,-32305,0,0,0,0,0,164601,0
164434,248,8112,980,71,132,170,12853,1,4,2,0,37026,153,30,66,0,0,0,0,0,0,0,0,-32305,0,0,0,0,0,164606,0
164439,254,8090,982,70,126,171,12852,0,-1,3,0,37026,153,30,66,0,0,0,0,0,0,0,0,-32305,0,0,0,0,0,164612,0
164444,202,8056,986,73,134,173,12853,0,2,4,0,37031,150,30,66,0,0,0,0,0,0,0,0,-32305,0,0,0,0,0,164617,0
164449,220,8074,988,68,126,169,12852,-7,0,4,0,37031,150,30,66,0,0,0,0,0,0,0,0,-32305,0,0,0,0,0,164622,0
164454,200,8058,988,68,132,167,12853,-2,-2,4,0,37034,158,30,66,0,0,0,0,0,0,0,0,-32305,0,0,0,0,0,164627,0
164459,212,8064,1004,69,129,163,12853,-1,2,2,0,37034,158,30,66,0,0,0,0,0,0,0,0,-32306,0,0,0,0,0,164633,0
164464,166,8054,1008,59,130,157,12853,-3,2,1,0,37030,161,30,66,0,0,0,0,0,0,0,0,-32306,0,0,0,0,0,164638,0
164469,178,8060,1016,64,124,155,12853,-4,2,3,0,37030,161,30,66,0,0,0,0,0,0,0,0,-32305,0,0,0,0,0,164643,0
164474,172,8050,1004,55,122,151,12853,-1,2,1,0,37028,154,30,66,0,0,0,0,0,0,0,0,-32306,0,0,0,0,0,164649,0
164479,158,8038,1022,56,121,149,12853,0,2,3,0,37028,154,30,66,0,0,0,0,0,0,0,0,-32306,0,0,0,0,0,164654,0
164484,154,8048,1014,54,120,140,12853,3,5,4,0,37030,151,30,66,0,0,0,0,0,0,0,0,-32305,0,0,0,0,0,164659,0
164489,174,8066,1002,41,114,136,12852,-2,4,3,0,37030,151,30,66,0,0,0,0,0,0,0,0,-32306,0,0,0,0,0,164665,0
164494,166,8056,1018,42,115,130,12853,2,4,2,0,37039,142,30,66,0,0,0,0,0,0,0,0,-32306,0,0,0,0,0,164670,0
164499,184,8050,1010,42,111,130,12854,6,2,0,0,37039,142,30,66,0,0,0,0,0,0,0,0,-32305,0,0,0,0,0,164675,0
164504,184,8060,994,43,106,126,12853,0,5,2,0,37036,141,30,66,0,0,0,0,0,0,0,0,-32305,0,0,0,0,0,164681,0
164509,194,8060,996,32,107,129,12853,0,0,3,0,37036,141,30,66,0,0,0,0,0,0,0,0,-32305,0,0,0,0,0,164686,0
164514,164,8066,1004,35,100,124,12853,-1,-2,2,0,37034,139,30,66,0,0,0,0,0,0,0,0,-32306,0,0,0,0,0,164691,0
164519,166,8082,1006,31,100,128,12853,3,0,3,0,37034,139,30,66,0,0,0,0,0,0,0,0,-32305,0,0,0,0,0,164697,0
164524,172,8042,962,33,99,125,12852,-10,4,2,0,37033,142,30,66,0,0,0,0,0,0,0,0,-32306,0,0,0,0,0,164702,0
164529,146,8036,988,39,93,119,12852,-2,1,2,0,37033,142,30,66,0,0,0,0,0,0,0,0,-32305,0,0,0,0,0,164707,0
164534,148,8042,970,29,87,116,12854,2,-3,3,0,37033,145,30,66,0,0,0,0,0,0,0,0,-32306,0,0,0,0,0,164712,0
164539,138,8022,966,29,87,115,12854,4,0,3,0,37033,145,30,66,0,0,0,0,0,0,0,0,-32305,0,0,0,0,0,164717,0
164544,94,8064,958,33,83,109,12853,0,2,5,0,37033,154,30,66,0,0,0,0,0,0,0,0,-32306,0,0,0,0,0,164722,0
164549,90,8044,950,25,74,105,12854,5,2,3,0,37033,154,30,66,0,0,0,0,0,0,0,0,-32306,0,0,0,0,0,164727,0
164554,112,8052,932,31,68,103,12854,5,-1,3,0,37036,162,30,66,0,0,0,0,0,0,0,0,-32305,0,0,0,0,0,164732,0
164559,68,8072,936,36,64,96,12853,1,0,3,0,37036,162,30,66,0,0,0,0,0,0,0,0,-32305,0,0,0,0,0,164737,0
164564,84,8080,920,35,53,91,12851,-10,0,2,0,37039,154,30,66,0,0,0,0,0,0,0,0,-32305,0,0,0,0,0,164742,0
164569,98,8096,934,36,52,84,12853,1,-3,3,0,37039,154,30,66,0,0,0,0,0,0,0,0,-32305,0,0,0,0,0,164747,0
164574,114,8130,934,38,52,74,12852,-1,0,1,0,37038,141,30,66,0,0,0,0,0,0,0,0,-32305,0,0,0,0,0,164752,0
164579,86,8126,924,33,47,75,12853,-3,4,1,0,37038,141,30,66,0,0,0,0,0,0,0,0,-32305,0,0,0,0,0,164757,0
164584,112,8166,942,38,46,65,12854,3,1,2,0,37038,151,30,66,0,0,0,0,0,0,0,0,-32305,0,0,0,0,0,164762,0
164589,128,8172,926,39,43,66,12854,-1,6,3,0,37038,151,30,66,0,0,0,0,0,0,0,0,-32305,0,0,0,0,0,164767,0
164594,126,8156,926,40,39,61,12854,6,0,4,0,37037,155,30,66,0,0,0,0,0,0,0,0,-32305,0,0,0,0,0,164772,0
164599,158,8170,914,43,39,55,12854,0,-1,2,0,37037,155,30,66,0,0,0,0,0,0,0,0,-32305,0,0,0,0,0,164777,0
164604,176,8158,932,43,29,53,12853,0,4,2,0,37039,155,30,66,0,0,0,0,0,0,0,0,-32305,0,0,0,0,0,164782,0
164609,142,8172,920,46,29,53,12855,1,4,3,0,37039,155,30,66,0,0,0,0,0,0,0,0,-32305,0,0,0,0,0,164787,0
164614,180,8158,930,47,28,51,12853,0,0,4,0,37041,155,30,66,0,0,0,0,0,0,0,0,-32305,0,0,0,0,0,164792,0
164619,184,8146,940,42,25,50,12854,2,4,3,0,37041,155,30,66,0,0,0,0,0,0,0,0,-32305,0,0,0,0,0,164797,0
164624,214,8146,920,45,23,53,12854,0,0,3,0,37040,162,30,66,0,0,0,0,0,0,0,0,-32306,0,0,0,0,0,164802,0
164629,162,8072,920,45,22,47,12853,1,3,3,0,37040,162,30,66,0,0,0,0,0,0,0,0,-32305,0,0,0,0,0,164807,0
164634,178,8104,942,52,20,49,12853,-1,0,2,0,37033,175,30,66,0,0,0,0,0,0,0,0,-32306,0,0,0,0,0,164812,0
164639,176,8060,934,48,21,47,12854,1,1,1,0,37033,175,30,66,0,0,0,0,0,0,0,0,-32306,0,0,0,0,0,164817,0
164644,186,8070,944,53,24,42,12853,-3,-3,2,0,37032,161,30,66,0,0,0,0,0,0,0,0,-32306,0,0,0,0,0,164822,0
164649,148,8044,924,54,21,42,12853,0,3,1,0,37032,161,30,66,0,0,0,0,0,0,0,0,-32305,0,0,0,0,0,164827,0
164654,176,8016,920,48,25,33,12853,1,-3,3,0,37034,157,30,66,0,0,0,0,0,0,0,0,-32305,0,0,0,0,0,164832,0
164659,160,8012,912,54,23,25,12854,3,0,3,0,37034,157,30,66,0,0,0,0,0,0,0,0,-32306,0,0,0,0,0,164837,0
164664,160,7972,932,62,20,22,12853,0,1,3,0,37036,157,30,66,0,0,0,0,0,0,0,0,-32305,0,0,0,0,0,164842,0
164669,130,7966,946,57,20,13,12853,1,-1,3,0,37036,157,30,66,0,0,0,0,0,0,0,0,-32305,0,0,0,0,0,164847,0
164674,168,7966,948,53,22,9,12854,1,-1,3,0,37033,150,30,66,0,0,0,0,0,0,0,0,-32305,0,0,0,0,0,164852,0
164679,144,7986,934,59,19,4,12853,0,1,3,0,37033,150,30,66,0,0,0,0,0,0,0,0,-32305,0,0,0,0,0,164857,0
164684,148,8006,932,56,16,-4,12854,1,-1,5,0,37029,143,30,66,0,0,0,0,0,0,0,0,-32305,0,0,0,0,0,164862,0
164689,156,8002,922,55,14,-10,12854,0,0,3,0,37029,143,30,66,0,0,0,0,0,0,0,0,-32305,0,0,0,0,0,164867,0
164694,164,7976,912,57,18,-13,12854,1,3,3,0,37031,143,30,66,0,0,0,0,0,0,0,0,-32305,0,0,0,0,0,164872,0
164699,204,7980,912,57,15,-8,12853,3,-3,5,0,37031,143,30,66,0,0,0,0,0,0,0,0,-32305,0,0,0,0,0,164877,0
164704,214,7978,928,61,19,-13,12853,0,-2,6,0,37040,151,30,66,0,0,0,0,0,0,0,0,-32305,0,0,0,0,0,164882,0
164709,216,7980,934,59,12,-13,12853,5,1,2,0,37040,151,30,66,0,0,0,0,0,0,0,0,-32306,0,0,0,0,0,164887,0
164714,238,7984,918,59,12,-9,12852,-5,-3,2,0,37040,154,30,66,0,0,0,0,0,0,0,0,-32306,0,0,0,0,0,164892,0
164719,254,7990,910,62,18,-14,12855,2,7,2,0,37040,154,30,66,0,0,0,0,0,0,0,0,-32305,0,0,0,0,0,164897,0
164724,268,8034,936,62,20,-11,12853,2,1,1,0,37038,152,30,66,0,0,0,0,0,0,0,0,-32305,0,0,0,0,0,164902,0
164729,258,8038,900,66,17,-13,12853,-5,-3,3,0,37038,152,30,66,0,0,0,0,0,0,0,0,-32305,0,0,0,0,0,164907,0
164734,274,8052,936,65,24,-18,12853,1,2,1,0,37034,141,30,66,0,0,0,0,0,0,0,0,-32305,0,0,0,0,0,164912,0
164739,246,8048,942,67,21,-11,12854,1,-1,2,0,37034,141,30,66,0,0,0,0,0,0,0,0,-32305,0,0,0,0,0,164917,0
164744,282,8036,934,72,31,-11,12853,-3,-2,3,0,37037,138,30,66,0,0,0,0,0,0,0,0,-32306,0,0,0,0,0,164922,0
164749,266,8030,924,69,32,-17,12853,-3,-1,3,0,37037,138,30,66,0,0,0,0,0,0,0,0,-32306,0,0,0,0,0,164927,0
164754,258,8032,914,69,34,-17,12853,-2,-1,4,0,37037,148,30,66,0,0,0,0,0,0,0,0,-32305,0,0,0,0,0,164932,0
164759,256,8014,938,69,39,-16,12853,-1,-1,4,0,37037,148,30,66,0,0,0,0,0,0,0,0,-32305,0,0,0,0,0,164937,0
164764,264,8038,934,69,32,-22,12853,-3,2,3,0,37033,147,30,66,0,0,0,0,0,0,0,0,-32305,0,0,0,0,0,164942,0
164769,248,8046,918,73,35,-25,12854,4,4,3,0,37033,147,30,66,0,0,0,0,0,0,0,0,-32305,0,0,0,0,0,164947,0
164774,250,8052,920,75,33,-27,12853,0,-2,2,0,37030,153,30,66,0,0,0,0,0,0,0,0,-32305,0,0,0,0,0,164952,0
164779,270,8042,940,76,27,-24,12854,3,4,3,0,37030,153,30,66,0,0,0,0,0,0,0,0,-32305,0,0,0,0,0,164958,0
164784,300,8018,914,74,35,-28,12853,-1,-1,3,0,37035,157,30,66,0,0,0,0,0,0,0,0,-32305,0,0,0,0,0,164963,0
164789,302,8048,926,77,31,-31,12853,0,0,0,0,37035,157,30,66,0,0,0,0,0,0,0,0,-32305,0,0,0,0,0,164968,0
164794,316,8040,934,77,26,-32,12853,-1,-1,0,0,37039,160,30,66,0,0,0,0,0,0,0,0,-32306,0,0,0,0,0,164973,0
164799,326,8018,932,72,30,-32,12853,-2,1,3,0,37039,160,30,66,0,0,0,0,0,0,0,0,-32306,0,0,0,0,0,164978,0
164804,354,8030,908,77,28,-35,12852,-8,-2,0,0,37042,170,30,66,0,0,0,0,0,0,0,0,-32305,0,0,0,0,0,164983,0
164809,346,8048,928,81,27,-30,12852,-4,-5,2,0,37042,170,30,66,0,0,0,0,0,0,0,0,-32306,0,0,0,0,0,164988,0
164814,354,8056,916,79,23,-28,12854,1,5,4,0,37040,163,30,66,0,0,0,0,0,0,0,0,-32306,0,0,0,0,0,164993,0
164819,400,8058,912,76,22,-27,12853,4,1,3,0,37040,163,30,66,0,0,0,0,0,0,0,0,-32305,0,0,0,0,0,164998,0
164824,392,8044,888,81,20,-26,12853,-6,-3,4,0,37039,156,30,66,0,0,0,0,0,0,0,0,-32305,0,0,0,0,0,165003,0
164829,404,8068,896,82,13,-25,12853,-3,1,3,0,37039,156,30,66,0,0,0,0,0,0,0,0,-32305,0,0,0,0,0,165008,0
164834,374,8070,910,84,13,-21,12853,6,-3,4,0,37037,152,30,66,0,0,0,0,0,0,0,0,-32305,0,0,0,0,0,165013,0
164839,418,8076,906,77,1,-14,12853,0,-2,3,0,37037,152,30,66,0,0,0,0,0,0,0,0,-32306,0,0,0,0,0,165018,0
164844,448,8092,884,86,3,-9,12854,0,6,2,0,37034,149,30,66,0,0,0,0,0,0,0,0,-32305,0,0,0,0,0,165023,0
164849,428,8094,910,94,-1,-6,12853,3,4,4,0,37034,149,30,66,0,0,0,0,0,0,0,0,-32306,0,0,0,0,0,165028,0
164854,412,8108,914,92,-6,-2,12853,-3,-1,3,0,37032,159,30,66,0,0,0,0,0,0,0,0,-32305,0,0,0,0,0,165033,0
164859,416,8112,898,86,-7,1,12854,4,0,3,0,37032,159,30,66,0,0,0,0,0,0,0,0,-32305,0,0,0,0,0,165038,0
164864,456,8140,898,96,-10,7,12852,0,0,3,0,37034,157,30,66,0,0,0,0,0,0,0,0,-32305,0,0,0,0,0,165043,0
164869,478,8120,904,100,-15,12,12853,-1,-1,4,0,37034,157,30,66,0,0,0,0,0,0,0,0,-32305,0,0,0,0,0,165048,0
164874,450,8144,924,99,-11,14,12854,4,2,3,0,37035,152,30,66,0,0,0,0,0,0,0,0,-32305,0,0,0,0,0,165053,0
164879,462,8152,910,107,-14,22,12853,0,1,2,0,37035,152,30,66,0,0,0,0,0,0,0,0,-32305,0,0,0,0,0,165058,0
164884,480,8116,930,112,-16,31,12853,-3,-4,3,0,37035,152,30,66,0,0,0,0,0,0,0,0,-32305,0,0,0,0,0,165063,0
164889,456,8122,928,111,-23,33,12853,1,3,2,0,37035,152,30,66,0,0,0,0,0,0,0,0,-32305,0,0,0,0,0,165068,0
164894,498,8112,928,115,-22,33,12853,-1,-1,3,0,37034,155,30,66,0,0,0,0,0,0,0,0,-32305,0,0,0,0,0,165073,0
164899,464,8090,936,112,-21,38,12854,3,4,4,0,37034,155,30,66,0,0,0,0,0,0,0,0,-32306,0,0,0,0,0,165078,0
164904,478,8034,924,113,-25,50,12854,6,2,1,0,37037,153,30,66,0,0,0,0,0,0,0,0,-32306,0,0,0,0,0,165083,0
164909,472,8050,928,123,-26,51,12853,0,0,2,0,37037,153,30,66,0,0,0,0,0,0,0,0,-32306,0,0,0,0,0,165088,0
164914,442,8042,952,122,-29,51,12854,4,6,3,0,37037,153,30,66,0,0,0,0,0,0,0,0,-32306,0,0,0,0,0,165093,0
164919,432,8038,946,120,-28,54,12854,4,4,1,0,37037,153,30,66,0,0,0,0,0,0,0,0,-32305,0,0,0,0,0,165098,0
164924,402,8070,962,126,-30,59,12852,-2,-1,3,0,37037,158,30,66,0,0,0,0,0,0,0,0,-32306,0,0,0,0,0,165103,0
164929,404,8042,980,124,-34,65,12854,5,0,4,0,37037,158,30,66,0,0,0,0,0,0,0,0,-32306,0,0,0,0,0,165108,0
164934,416,8048,978,124,-33,59,12853,7,2,3,0,37031,161,30,66,0,0,0,0,0,0,0,0,-32306,0,0,0,0,0,165113,0
164939,432,8034,964,124,-38,61,12853,0,2,2,0,37031,161,30,66,0,0,0,0,0,0,0,0,-32305,0,0,0,0,0,165118,0
164944,384,8056,1016,123,-37,66,12854,-1,3,4,0,37032,154,30,66,0,0,0,0,0,0,0,0,-32305,0,0,0,0,0,165123,0
164949,360,8084,1000,118,-41,68,12853,0,-2,3,0,37032,154,30,66,0,0,0,0,0,0,0,0,-32306,0,0,0,0,0,165128,0
164954,368,8052,988,115,-40,63,12854,0,-2,2,0,37036,155,30,66,0,0,0,0,0,0,0,0,-32305,0,0,0,0,0,165133,0
164959,400,8064,1012,117,-43,71,12853,0,-2,2,0,37036,155,30,66,0,0,0,0,0,0,0,0,-32306,0,0,0,0,0,165138,0
164964,388,8022,1004,111,-44,72,12853,0,-1,2,0,37038,162,30,66,0,0,0,0,0,0,0,0,-32305,0,0,0,0,0,165143,0
164969,398,8012,1010,111,-44,69,12854,4,0,2,0,37038,162,30,66,0,0,0,0,0,0,0,0,-32305,0,0,0,0,0,165148,0
164974,392,7992,1020,111,-44,75,12855,0,3,3,0,37034,173,30,66,0,0,0,0,0,0,0,0,-32305,0,0,0,0,0,165153,0
164979,406,8010,996,107,-46,76,12853,0,1,2,0,37034,173,30,66,0,0,0,0,0,0,0,0,-32305,0,0,0,0,0,165158,0
164984,432,7980,1000,99,-43,79,12853,0,-4,3,0,37030,159,30,66,0,0,0,0,0,0,0,0,-32306,0,0,0,0,0,165163,0
164989,426,8002,1006,107,-41,80,12853,-3,2,2,0,37030,159,30,66,0,0,0,0,0,0,0,0,-32305,0,0,0,0,0,165168,0
164994,420,8006,1016,103,-43,81,12853,-4,1,3,0,37032,154,30,66,0,0,0,0,0,0,0,0,-32305,0,0,0,0,0,165173,0
164999,404,8020,1006,104,-40,85,12853,0,3,4,0,37032,154,30,66,0,0,0,0,0,0,0,0,-32305,0,0,0,0,0,165178,0
165004,416,8036,1004,101,-34,87,12853,1,1,2,0,37035,156,30,66,0,0,0,0,0,0,0,0,-32305,0,0,0,0,0,165183,0
165009,392,8044,980,99,-31,90,12853,-2,1,1,0,37035,156,30,66,0,0,0,0,0,0,0,0,-32305,0,0,0,0,0,165188,0
165014,368,8032,1000,101,-26,92,12853,0,1,0,0,37035,144,30,66,0,0,0,0,0,0,0,0,-32305,0,0,0,0,0,165193,0
165019,366,8064,1008,101,-21,90,12853,0,4,3,0,37035,144,30,66,0,0,0,0,0,0,0,0,-32305,0,0,0,0,0,165198,0
165024,360,8034,992,104,-13,92,12853,-1,-2,3,0,37031,147,30,66,0,0,0,0,0,0,0,0,-32305,0,0,0,0,0,165203,0
165029,338,8038,1004,104,-3,89,12853,-3,-1,2,0,37031,147,30,66,0,0,0,0,0,0,0,0,-32306,0,0,0,0,0,165208,0
165034,352,8040,990,97,-1,81,12853,0,-3,3,0,37036,149,30,66,0,0,0,0,0,0,0,0,-32306,0,0,0,0,0,165213,0
165039,336,8072,988,105,5,80,12854,8,0,3,0,37036,149,30,66,0,0,0,0,0,0,0,0,-32305,0,0,0,0,0,165218,0
165044,338,8042,1012,104,12,77,12853,-4,1,3,0,37039,154,30,66,0,0,0,0,0,0,0,0,-32306,0,0,0,0,0,165223,0
165049,326,8038,998,106,20,75,12853,-1,2,3,0,37039,154,30,66,0,0,0,0,0,0,0,0,-32306,0,0,0,0,0,165228,0
165054,330,8072,992,104,23,70,12852,-4,0,2,0,37041,147,30,66,0,0,0,0,0,0,0,0,-32305,0,0,0,0,0,165233,0
165059,338,8090,992,103,23,66,12853,-1,2,2,0,37041,147,30,66,0,0,0,0,0,0,0,0,-32305,0,0,0,0,0,165238,0
165064,350,8106,970,107,41,60,12853,0,-1,1,0,37038,143,30,66,0,0,0,0,0,0,0,0,-32305,0,0,0,0,0,165243,0
165069,332,8118,994,105,41,57,12853,-9,-1,2,0,37038,143,30,66,0,0,0,0,0,0,0,0,-32305,0,0,0,0,0,165248,0
165074,338,8162,1004,104,46,57,12853,1,4,2,0,37035,146,30,66,0,0,0,0,0,0,0,0,-32305,0,0,0,0,0,165253,0
165079,330,8190,1014,113,56,55,12853,0,-2,3,0,37035,146,30,66,0,0,0,0,0,0,0,0,-32306,0,0,0,0,0,165258,0
165084,368,8190,986,106,59,52,12852,-1,-2,5,0,37036,149,30,66,0,0,0,0,0,0,0,0,-32305,0,0,0,0,0,165263,0
165089,352,8188,996,106,76,52,12853,-3,-1,2,0,37036,149,30,66,0,0,0,0,0,0,0,0,-32305,0,0,0,0,0,165268,0
165094,348,8196,1012,108,80,50,12854,7,-3,2,0,37036,150,30,66,0,0,0,0,0,0,0,0,-32305,0,0,0,0,0,165273,0
165099,338,8182,1018,109,89,52,12854,6,-4,4,0,37036,150,30,66,0,0,0,0,0,0,0,0,-32306,0,0,0,0,0,165278,0
165104,346,8192,1016,111,100,48,12854,4,-1,4,0,37033,156,30,66,0,0,0,0,0,0,0,0,-32305,0,0,0,0,0,165283,0
165109,376,8178,1020,110,103,47,12853,0,-4,3,0,37033,156,30,66,0,0,0,0,0,0,0,0,-32306,0,0,0,0,0,165288,0
165114,376,8134,1042,108,117,47,12854,1,-4,3,0,37034,157,30,66,0,0,0,0,0,0,0,0,-32306,0,0,0,0,0,165293,0
165119,356,8132,1046,107,128,40,12853,-1,-2,4,0,37034,157,30,66,0,0,0,0,0,0,0,0,-32306,0,0,0,0,0,165298,0
165124,346,8120,1078,108,147,36,12853,-2,2,1,0,37038,156,30,66,0,0,0,0,0,0,0,0,-32305,0,0,0,0,0,165303,0
165129,356,8120,1066,107,156,31,12854,2,-4,2,0,37038,156,30,66,0,0,0,0,0,0,0,0,-32306,0,0,0,0,0,165308,0
165134,338,8104,1064,110,162,31,12852,-10,0,2,0,37042,155,30,66,0,0,0,0,0,0,0,0,-32306,0,0,0,0,0,165313,0
165139,320,8112,1066,100,177,24,12853,0,1,4,0,37042,155,30,66,0,0,0,0,0,0,0,0,-32305,0,0,0,0,0,165318,0
165144,312,8060,1100,102,187,18,12853,1,1,4,0,37040,151,30,66,0,0,0,0,0,0,0,0,-32305,0,0,0,0,0,165323,0
165149,292,8070,1094,103,196,14,12853,-2,2,4,0,37040,151,30,66,0,0,0,0,0,0,0,0,-32305,0,0,0,0,0,165328,0
165154,314,8066,1092,103,206,1,12853,3,2,3,0,37032,148,30,66,0,0,0,0,0,0,0,0,-32305,0,0,0,0,0,165333,0
165159,322,8094,1088,98,219,-4,12853,0,4,2,0,37032,148,30,66,0,0,0,0,0,0,0,0,-32306,0,0,0,0,0,165338,0
165164,290,8106,1082,97,237,-17,12853,3,4,3,0,37032,140,30,66,0,0,0,0,0,0,0,0,-32306,0,0,0,0,0,165343,0
165169,300,8092,1116,96,246,-21,12853,2,0,2,0,37032,140,30,66,0,0,0,0,0,0,0,0,-32306,0,0,0,0,0,165348,0
165174,300,8076,1096,93,255,-26,12854,0,0,2,0,37034,147,30,66,0,0,0,0,0,0,0,0,-32306,0,0,0,0,0,165353,0
165179,270,8076,1102,90,267,-33,12852,-8,2,2,0,37034,147,30,66,0,0,0,0,0,0,0,0,-32306,0,0,0,0,0,165358,0
165184,348,8036,1114,94,285,-50,12853,-4,3,3,0,37032,146,30,66,0,0,0,0,0,0,0,0,-32306,0,0,0,0,0,165363,0
165189,348,8084,1124,79,293,-53,12854,0,-2,2,0,37032,146,30,66,0,0,0,0,0,0,0,0,-32305,0,0,0,0,0,165368,0
165194,362,8080,1122,87,314,-58,12853,-1,0,3,0,37032,146,30,66,0,0,0,0,0,0,0,0,-32306,0,0,0,0,0,165373,0
165199,376,8082,1136,84,322,-67,12853,2,4,2,0,37032,146,30,66,0,0,0,0,0,0,0,0,-32306,0,0,0,0,0,165378,0
165204,394,8094,1140,75,347,-77,12854,5,4,3,0,37033,145,30,66,0,0,0,0,0,0,0,0,-32306,0,0,0,0,0,165383,0
165209,396,8088,1136,74,363,-82,12853,-1,2,2,0,37033,145,30,66,0,0,0,0,0,0,0,0,-32306,0,0,0,0,0,165388,0
165214,392,8088,1154,76,376,-86,12853,-8,2,1,0,37037,149,30,66,0,0,0,0,0,0,0,0,-32306,0,0,0,0,0,165393,0
165219,390,8126,1172,66,384,-85,12854,6,-2,1,0,37037,149,30,66,0,0,0,0,0,0,0,0,-32305,0,0,0,0,0,165398,0
165224,444,8102,1192,67,416,-92,12854,4,1,1,0,37040,160,30,66,0,0,0,0,0,0,0,0,-32306,0,0,0,0,0,165403,0
165229,484,8118,1208,64,437,-93,12852,-3,-1,2,0,37040,160,30,66,0,0,0,0,0,0,0,0,-32306,0,0,0,0,0,165408,0
165234,526,8098,1196,57,457,-98,12853,0,-3,2,0,37037,160,30,66,0,0,0,0,0,0,0,0,-32306,0,0,0,0,0,165413,0
165239,538,8108,1216,56,475,-105,12853,-1,-1,4,0,37037,160,30,66,0,0,0,0,0,0,0,0,-32305,0,0,0,0,0,165418,0
165244,584,8108,1244,47,522,-105,12853,-1,4,2,0,37036,155,30,66,0,0,0,0,0,0,0,0,-32306,0,0,0,0,0,165423,0
165249,610,8072,1268,50,541,-111,12854,-1,0,3,0,37036,155,30,66,0,0,0,0,0,0,0,0,-32305,0,0,0,0,0,165428,0
165254,660,8066,1260,42,572,-111,12853,0,1,2,0,37036,156,30,66,0,0,0,0,0,0,0,0,-32305,0,0,0,0,0,165433,0
165259,656,8064,1296,40,606,-117,12852,-7,-1,3,0,37036,156,30,66,0,0,0,0,0,0,0,0,-32305,0,0,0,0,0,165438,0
165264,726,8092,1304,31,666,-118,12853,2,0,2,0,37036,158,30,66,0,0,0,0,0,0,0,0,-32306,0,0,0,0,0,165443,0
165269,730,8082,1290,26,695,-113,12854,0,-1,2,0,37036,158,30,66,0,0,0,0,0,0,0,0,-32306,0,0,0,0,0,165448,0
165274,768,8106,1330,21,728,-118,12853,0,4,3,0,37033,163,30,66,0,0,0,0,0,0,0,0,-32305,0,0,0,0,0,165453,0
165279,790,8112,1348,20,765,-113,12853,0,2,2,0,37033,163,30,66,0,0,0,0,0,0,0,0,-32305,0,0,0,0,0,165458,0
165284,880,8112,1374,14,849,-111,12853,0,2,2,0,37034,153,30,66,0,0,0,0,0,0,0,0,-32305,0,0,0,0,0,165463,0
165289,882,8108,1408,5,890,-109,12853,1,-2,2,0,37034,153,30,66,0,0,0,0,0,0,0,0,-32305,0,0,0,0,0,165468,0
165294,956,8110,1424,7,940,-102,12853,5,4,3,0,37039,152,30,66,0,0,0,0,0,0,0,0,-32306,0,0,0,0,0,165473,0
165299,962,8070,1418,-1,977,-99,12854,2,0,4,0,37039,152,30,66,0,0,0,0,0,0,0,0,-32305,0,0,0,0,0,165478,0
165304,946,8066,1442,-11,1069,-81,12853,-1,1,2,0,37040,148,30,66,0,0,0,0,0,0,0,0,-32305,0,0,0,0,0,165483,0
165309,1012,8072,1458,-17,1113,-75,12854,2,-2,2,0,37040,148,30,66,0,0,0,0,0,0,0,0,-32305,0,0,0,0,0,165488,0
165314,994,8052,1440,-24,1148,-69,12853,0,1,2,0,37034,145,30,66,0,0,0,0,0,0,0,0,-32305,0,0,0,0,0,165493,0
165319,1024,8070,1450,-31,1194,-59,12852,-2,-2,2,0,37034,145,30,66,0,0,0,0,0,0,0,0,-32306,0,0,0,0,0,165498,0
165324,1008,8060,1436,-53,1264,-43,12853,-4,-1,3,0,37034,143,30,66,0,0,0,0,0,0,0,0,-32307,0,0,0,0,0,165503,0
165329,1010,8072,1442,-56,1294,-32,12854,6,-1,3,0,37034,143,30,66,0,0,0,0,0,0,0,0,-32306,0,0,0,0,0,165508,0
165334,972,8104,1454,-65,1329,-25,12853,3,3,2,0,37037,146,30,66,0,0,0,0,0,0,0,0,-32305,0,0,0,0,0,165513,0
165339,956,8112,1444,-73,1357,-17,12853,-4,1,2,0,37037,146,30,66,0,0,0,0,0,0,0,0,-32305,0,0,0,0,0,165518,0
165344,950,8144,1420,-91,1403,7,12853,0,-2,2,0,37041,149,30,66,0,0,0,0,0,0,0,0,-32305,0,0,0,0,0,165523,0
165349,912,8142,1434,-104,1429,20,12854,-2,2,2,0,37041,149,30,66,0,0,0,0,0,0,0,0,-32305,0,0,0,0,0,165528,0
165354,896,8178,1434,-111,1449,29,12855,5,0,2,0,37035,149,30,66,0,0,0,0,0,0,0,0,-32305,0,0,0,0,0,165533,0
165359,902,8198,1442,-116,1465,43,12853,-5,-3,1,0,37035,149,30,66,0,0,0,0,0,0,0,0,-32305,0,0,0,0,0,165538,0
165364,866,8184,1438,-128,1493,62,12853,-3,-1,1,0,37033,154,30,66,0,0,0,0,0,0,0,0,-32305,0,0,0,0,0,165543,0
165369,832,8146,1446,-139,1510,76,12853,0,-3,2,0,37033,154,30,66,0,0,0,0,0,0,0,0,-32306,0,0,0,0,0,165548,0
165374,792,8184,1466,-151,1514,78,12853,0,1,3,0,37035,159,30,66,0,0,0,0,0,0,0,0,-32306,0,0,0,0,0,165553,0
165379,814,8152,1444,-162,1530,89,12854,2,-1,3,0,37035,159,30,66,0,0,0,0,0,0,0,0,-32305,0,0,0,0,0,165558,0
165384,736,8106,1452,-180,1547,105,12853,0,7,3,0,37035,154,30,66,0,0,0,0,0,0,0,0,-32306,0,0,0,0,0,165563,0
165389,774,8116,1444,-191,1554,106,12854,0,-2,3,0,37035,154,30,66,0,0,0,0,0,0,0,0,-32306,0,0,0,0,0,165568,0
165394,750,8150,1452,-202,1561,105,12853,0,-1,4,0,37034,156,30,66,0,0,0,0,0,0,0,0,-32305,0,0,0,0,0,165573,0
165399,720,8186,1454,-207,1564,112,12853,2,0,4,0,37034,156,30,66,0,0,0,0,0,0,0,0,-32305,0,0,0,0,0,165578,0
165404,744,8236,1466,-225,1570,112,12853,-1,-2,3,0,37033,152,30,66,0,0,0,0,0,0,0,0,-32305,0,0,0,0,0,165583,0
165409,752,8230,1462,-235,1572,119,12852,-3,3,3,0,37033,152,30,66,0,0,0,0,0,0,0,0,-32305,0,0,0,0,0,165588,0
165414,722,8216,1476,-240,1586,121,12853,-1,2,3,0,37033,146,30,66,0,0,0,0,0,0,0,0,-32305,0,0,0,0,0,165593,0
165419,734,8236,1508,-251,1596,128,12854,0,-1,2,0,37033,146,30,66,0,0,0,0,0,0,0,0,-32305,0,0,0,0,0,165598,0
165424,798,8224,1470,-266,1606,135,12854,2,-1,3,0,37035,149,30,66,0,0,0,0,0,0,0,0,-32305,0,0,0,0,0,165603,0
165429,742,8250,1466,-279,1613,140,12853,1,0,1,0,37035,149,30,66,0,0,0,0,0,0,0,0,-32306,0,0,0,0,0,165608,0
165434,738,8230,1466,-288,1625,141,12854,0,-1,0,0,37041,162,30,66,0,0,0,0,0,0,0,0,-32305,0,0,0,0,0,165613,0
165439,728,8132,1444,-296,1622,142,12853,-4,-4,4,0,37041,162,30,66,0,0,0,0,0,0,0,0,-32305,0,0,0,0,0,165618,0
165444,606,8094,1468,-315,1641,142,12853,0,3,4,0,37038,170,30,66,0,0,0,0,0,0,0,0,-32305,0,0,0,0,0,165623,0
165449,638,8154,1454,-320,1622,142,12853,-3,-3,4,0,37038,170,30,66,0,0,0,0,0,0,0,0,-32306,0,0,0,0,0,165628,0
165454,630,8152,1406,-323,1626,136,12853,-3,-1,2,0,37037,164,30,66,0,0,0,0,0,0,0,0,-32305,0,0,0,0,0,165633,0
165459,612,8068,1410,-334,1623,133,12853,0,1,0,0,37037,164,30,66,0,0,0,0,0,0,0,0,-32306,0,0,0,0,0,165638,0
165464,506,8152,1442,-354,1595,142,12853,-1,5,0,0,37035,157,30,66,0,0,0,0,0,0,0,0,-32306,0,0,0,0,0,165643,0
165469,562,8128,1434,-356,1593,142,12853,2,-1,1,0,37035,157,30,66,0,0,0,0,0,0,0,0,-32305,0,0,0,0,0,165648,0
165474,588,8142,1406,-368,1581,151,12853,-2,-2,2,0,37039,160,30,66,0,0,0,0,0,0,0,0,-32305,0,0,0,0,0,165653,0
165479,540,8092,1436,-379,1574,151,12853,4,0,2,0,37039,160,30,66,0,0,0,0,0,0,0,0,-32305,0,0,0,0,0,165658,0
165484,498,8050,1414,-386,1559,161,12853,1,4,4,0,37037,160,30,66,0,0,0,0,0,0,0,0,-32305,0,0,0,0,0,165663,0
165489,496,7988,1410,-393,1550,157,12852,-1,4,2,0,37037,160,30,66,0,0,0,0,0,0,0,0,-32305,0,0,0,0,0,165668,0
165494,468,7970,1402,-399,1533,160,12852,-9,1,3,0,37034,150,30,66,0,0,0,0,0,0,0,0,-32305,0,0,0,0,0,165673,0
165499,418,7934,1378,-401,1522,156,12853,-1,-3,5,0,37034,150,30,66,0,0,0,0,0,0,0,0,-32305,0,0,0,0,0,165678,0
165504,384,7884,1356,-411,1501,158,12853,2,0,4,0,37034,147,30,66,0,0,0,0,0,0,0,0,-32305,0,0,0,0,0,165683,0
165509,372,7854,1366,-415,1488,159,12853,2,2,3,0,37034,147,30,66,0,0,0,0,0,0,0,0,-32305,0,0,0,0,0,165688,0
165514,350,7850,1344,-414,1478,155,12854,-1,-3,3,0,37038,155,30,66,0,0,0,0,0,0,0,0,-32305,0,0,0,0,0,165693,0
165519,344,7828,1358,-421,1463,152,12852,-4,4,1,0,37038,155,30,66,0,0,0,0,0,0,0,0,-32305,0,0,0,0,0,165698,0
165524,336,7824,1290,-430,1437,149,12854,-3,0,1,0,37038,157,30,66,0,0,0,0,0,0,0,0,-32305,0,0,0,0,0,165703,0
165529,322,7826,1292,-431,1428,145,12852,-4,-8,3,0,37038,157,30,66,0,0,0,0,0,0,0,0,-32305,0,0,0,0,0,165708,0
165534,278,7844,1276,-426,1413,140,12854,0,-1,1,0,37043,149,30,66,0,0,0,0,0,0,0,0,-32306,0,0,0,0,0,165713,0
165539,284,7892,1252,-424,1401,149,12853,0,-2,2,0,37043,149,30,66,0,0,0,0,0,0,0,0,-32306,0,0,0,0,0,165718,0
165544,268,7962,1242,-418,1379,148,12853,2,2,4,0,37042,134,30,66,0,0,0,0,0,0,0,0,-32305,0,0,0,0,0,165723,0
165549,252,7978,1236,-415,1375,144,12854,5,-2,3,0,37042,134,30,66,0,0,0,0,0,0,0,0,-32305,0,0,0,0,0,165728,0
165554,220,8006,1230,-406,1360,147,12853,-2,1,4,0,37045,133,30,66,0,0,0,0,0,0,0,0,-32306,0,0,0,0,0,165733,0
165559,190,8030,1204,-399,1351,142,12854,-1,-3,4,0,37045,133,30,66,0,0,0,0,0,0,0,0,-32306,0,0,0,0,0,165738,0
165564,160,8050,1164,-389,1331,138,12854,0,-5,4,0,37039,146,30,66,0,0,0,0,0,0,0,0,-32306,0,0,0,0,0,165743,0
165569,158,8024,1162,-376,1321,133,12853,0,0,4,0,37039,146,30,66,0,0,0,0,0,0,0,0,-32306,0,0,0,0,0,165748,0
165574,128,8010,1154,-366,1313,130,12853,2,-5,4,0,37033,155,30,66,0,0,0,0,0,0,0,0,-32306,0,0,0,0,0,165753,0
165579,94,8004,1144,-359,1306,125,12853,0,-2,2,0,37033,155,30,66,0,0,0,0,0,0,0,0,-32306,0,0,0,0,0,165758,0
165584,80,7992,1138,-337,1295,114,12853,-2,0,2,0,37031,158,30,66,0,0,0,0,0,0,0,0,-32305,0,0,0,0,0,165763,0
165589,82,8006,1136,-330,1297,107,12852,-5,-1,1,0,37031,158,30,66,0,0,0,0,0,0,0,0,-32305,0,0,0,0,0,165768,0
165594,80,7984,1134,-321,1285,97,12853,3,0,3,0,37036,156,30,66,0,0,0,0,0,0,0,0,-32305,0,0,0,0,0,165773,0
165599,42,8046,1150,-306,1300,96,12853,-1,-2,3,0,37036,156,30,66,0,0,0,0,0,0,0,0,-32306,0,0,0,0,0,165778,0
165604,24,8034,1126,-280,1305,83,12853,0,2,4,0,37036,156,30,66,0,0,0,0,0,0,0,0,-32306,0,0,0,0,0,165783,0
165609,0,8040,1130,-263,1315,75,12854,4,3,3,0,37036,156,30,66,0,0,0,0,0,0,0,0,-32305,0,0,0,0,0,165788,0
165614,-8,8026,1146,-258,1317,66,12855,9,5,1,0,37034,165,30,66,0,0,0,0,0,0,0,0,-32305,0,0,0,0,0,165793,0
165619,-28,8038,1128,-243,1332,59,12853,1,0,2,0,37034,165,30,66,0,0,0,0,0,0,0,0,-32306,0,0,0,0,0,165798,0
165624,-22,7984,1144,-215,1368,43,12852,-7,-1,3,0,37032,158,30,66,0,0,0,0,0,0,0,0,-32305,0,0,0,0,0,165803,0
165629,-104,8020,1138,-203,1375,34,12853,-3,1,3,0,37032,158,30,66,0,0,0,0,0,0,0,0,-32306,0,0,0,0,0,165808,0
165634,-130,7948,1120,-179,1389,23,12852,-5,-5,2,0,37040,158,30,66,0,0,0,0,0,0,0,0,-32305,0,0,0,0,0,165813,0
165639,-124,7868,1086,-165,1392,10,12853,0,-6,3,0,37040,158,30,66,0,0,0,0,0,0,0,0,-32305,0,0,0,0,0,165818,0
165644,-200,7676,1112,-139,1412,-7,12853,0,-4,1,0,37055,159,30,66,0,0,0,0,0,0,0,0,-32305,0,0,0,0,0,165823,0
165649,-174,7614,1080,-121,1416,-14,12853,1,4,1,0,37055,159,30,66,0,0,0,0,0,0,0,0,-32305,0,0,0,0,0,165828,0
165654,-138,7518,1100,-111,1432,-24,12854,1,1,3,0,37051,154,30,66,0,0,0,0,0,0,0,0,-32305,0,0,0,0,0,165833,0
165659,-114,7480,1074,-96,1442,-39,12854,6,3,2,0,37051,154,30,66,0,0,0,0,0,0,0,0,-32305,0,0,0,0,0,165838,0
165664,-116,7348,1062,-64,1459,-57,12853,1,-1,2,0,37045,156,30,66,0,0,0,0,0,0,0,0,-32306,0,0,0,0,0,165843,0
165669,-146,7306,1072,-45,1461,-63,12853,-5,0,3,0,37045,156,30,66,0,0,0,0,0,0,0,0,-32306,0,0,0,0,0,165848,0
165674,-120,7272,1074,-29,1479,-68,12853,2,2,2,0,37034,152,30,66,0,0,0,0,0,0,0,0,-32306,0,0,0,0,0,165853,0
165679,-104,7176,1114,-16,1501,-75,12853,2,-2,3,0,37034,152,30,66,0,0,0,0,0,0,0,0,-32305,0,0,0,0,0,165858,0
165684,-84,7308,1166,14,1533,-91,12854,1,4,2,0,37035,147,30,66,0,0,0,0,0,0,0,0,-32305,0,0,0,0,0,165863,0
165689,-110,7326,1124,36,1539,-94,12852,0,0,1,0,37035,147,30,66,0,0,0,0,0,0,0,0,-32305,0,0,0,0,0,165868,0
165694,-124,7316,1092,57,1559,-93,12852,-2,-1,4,0,37034,150,30,66,0,0,0,0,0,0,0,0,-32305,0,0,0,0,0,165873,0
165699,-112,7288,1104,70,1575,-90,12853,0,1,4,0,37034,150,30,66,0,0,0,0,0,0,0,0,-32306,0,0,0,0,0,165878,0
165704,-12,7254,1132,100,1615,-91,12853,1,-1,3,0,37033,151,30,66,0,0,0,0,0,0,0,0,-32305,0,0,0,0,0,165883,0
165709,28,7264,1122,123,1627,-93,12853,0,-1,1,0,37033,151,30,66,0,0,0,0,0,0,0,0,-32305,0,0,0,0,0,165888,0
165714,10,7258,1114,134,1649,-97,12854,0,-1,1,0,37033,147,30,66,0,0,0,0,0,0,0,0,-32306,0,0,0,0,0,165893,0
165719,-38,7242,1126,151,1667,-97,12853,2,0,2,0,37033,147,30,66,0,0,0,0,0,0,0,0,-32305,0,0,0,0,0,165898,0
165724,-12,7248,1092,190,1698,-93,12853,1,0,4,0,37036,146,30,66,0,0,0,0,0,0,0,0,-32305,0,0,0,0,0,165903,0
165729,22,7276,1110,197,1713,-91,12853,3,-1,4,0,37036,146,30,66,0,0,0,0,0,0,0,0,-32305,0,0,0,0,0,165908,0
165734,36,7262,1106,224,1731,-90,12853,0,2,3,0,37036,158,30,66,0,0,0,0,0,0,0,0,-32305,0,0,0,0,0,165913,0
165739,34,7320,1090,233,1741,-84,12853,-1,0,4,0,37036,158,30,66,0,0,0,0,0,0,0,0,-32306,0,0,0,0,0,165918,0
165744,34,7304,1100,266,1764,-84,12853,0,2,5,0,37036,163,30,66,0,0,0,0,0,0,0,0,-32306,0,0,0,0,0,165923,0
165749,12,7320,1098,272,1775,-79,12853,-1,-3,4,0,37036,163,30,66,0,0,0,0,0,0,0,0,-32306,0,0,0,0,0,165928,0
165754,44,7392,1094,283,1789,-78,12853,-4,3,2,0,37034,162,30,66,0,0,0,0,0,0,0,0,-32305,0,0,0,0,0,165933,0
165759,64,7448,1112,297,1806,-79,12852,-2,-2,2,0,37034,162,30,66,0,0,0,0,0,0,0,0,-32305,0,0,0,0,0,165938,0
165764,72,7538,1120,320,1836,-69,12853,0,-1,1,0,37038,162,30,66,0,0,0,0,0,0,0,0,-32306,0,0,0,0,0,165943,0
165769,64,7594,1136,342,1850,-69,12854,-3,5,3,0,37038,162,30,66,0,0,0,0,0,0,0,0,-32306,0,0,0,0,0,165948,0
165774,50,7626,1154,351,1870,-61,12853,-5,-3,3,0,37040,170,30,66,0,0,0,0,0,0,0,0,-32305,0,0,0,0,0,165953,0
165779,48,7644,1134,362,1886,-57,12852,-3,-6,2,0,37040,170,30,66,0,0,0,0,0,0,0,0,-32305,0,0,0,0,0,165959,0
165784,68,7604,1148,382,1918,-51,12853,0,0,3,0,37038,171,30,66,0,0,0,0,0,0,0,0,-32305,0,0,0,0,0,165964,0
165789,28,7600,1152,392,1938,-46,12853,3,-1,2,0,37038,171,30,66,0,0,0,0,0,0,0,0,-32305,0,0,0,0,0,165969,0
165794,20,7586,1162,399,1947,-40,12853,1,1,2,0,37035,152,30,66,0,0,0,0,0,0,0,0,-32306,0,0,0,0,0,165974,0
165799,2,7546,1154,403,1960,-35,12852,-4,-1,3,0,37035,152,30,66,0,0,0,0,0,0,0,0,-32306,0,0,0,0,0,165979,0
165804,46,7492,1146,426,1991,-26,12852,-6,-2,3,0,37035,140,30,66,0,0,0,0,0,0,0,0,-32306,0,0,0,0,0,165984,0
165809,36,7242,1142,431,2029,-18,12853,1,-2,4,0,37035,140,30,66,0,0,0,0,0,0,0,0,-32305,0,0,0,0,0,165989,0
165814,104,7350,1052,422,2057,-9,12853,0,2,4,0,37036,143,30,66,0,0,0,0,0,0,0,0,-32306,0,0,0,0,0,165994,0
165819,36,7420,1198,438,2077,-21,12853,-6,-1,2,0,37036,143,30,66,0,0,0,0,0,0,0,0,-32306,0,0,0,0,0,165999,0
165824,-38,7508,1104,463,2093,-12,12853,-1,0,3,0,37033,141,30,66,0,0,0,0,0,0,0,0,-32306,0,0,0,0,0,166004,0
165829,-70,7502,1078,468,2112,0,12853,-4,-5,4,0,37033,141,30,66,0,0,0,0,0,0,0,0,-32305,0,0,0,0,0,166009,0
165834,-74,7510,1050,475,2128,16,12853,0,-4,3,0,37029,142,30,66,0,0,0,0,0,0,0,0,-32305,0,0,0,0,0,166014,0
165839,-20,7524,1100,482,2144,36,12853,0,0,3,0,37029,142,30,66,0,0,0,0,0,0,0,0,-32305,0,0,0,0,0,166019,0
165844,28,7550,1066,503,2156,47,12853,-6,-1,3,0,37033,137,30,66,0,0,0,0,0,0,0,0,-32305,0,0,0,0,0,166024,0
165849,8,7480,1020,511,2166,53,12853,0,-1,4,0,37033,137,30,66,0,0,0,0,0,0,0,0,-32305,0,0,0,0,0,166029,0
165854,-34,7454,1014,512,2180,71,12853,1,-2,4,0,37037,141,30,66,0,0,0,0,0,0,0,0,-32305,0,0,0,0,0,166034,0
165859,-38,7406,1018,519,2195,88,12854,0,1,3,0,37037,141,30,66,0,0,0,0,0,0,0,0,-32305,0,0,0,0,0,166039,0
165864,-2,7292,996,534,2220,113,12853,3,0,2,0,37037,151,30,66,0,0,0,0,0,0,0,0,-32305,0,0,0,0,0,166044,0
165869,26,7262,996,540,2227,115,12854,9,2,3,0,37037,151,30,66,0,0,0,0,0,0,0,0,-32305,0,0,0,0,0,166049,0
165874,-22,7240,990,551,2233,122,12854,5,3,4,0,37030,156,30,66,0,0,0,0,0,0,0,0,-32305,0,0,0,0,0,166054,0
165879,-60,7210,936,553,2238,135,12853,-6,0,4,0,37030,156,30,66,0,0,0,0,0,0,0,0,-32305,0,0,0,0,0,166059,0
165884,-418,9058,1446,534,2244,132,12853,-2,2,3,0,37026,151,30,66,0,0,0,0,0,0,0,0,-32306,0,0,0,0,0,166064,0
165889,-1636,9376,1664,529,2314,-152,12852,-9,-7,1,0,37026,151,30,66,0,0,0,0,0,0,0,0,-32305,0,0,0,0,0,166069,0
165894,-1820,10350,1954,521,2397,-306,12856,20,3,-19,0,37030,147,30,66,0,0,0,0,0,0,0,0,-32305,0,0,0,0,0,166074,0
165899,-2876,11040,2018,520,2424,-406,12874,83,45,-107,0,37030,147,30,66,0,0,0,0,0,0,0,0,-32305,0,0,0,0,0,166079,0
165904,-3212,10864,1668,501,2335,-174,12914,189,126,-260,0,37033,156,30,66,0,0,0,0,0,0,0,0,-32305,0,0,0,0,0,166084,0
165909,-2254,10656,558,542,2345,-242,12968,234,194,-342,0,37033,156,30,66,0,0,0,0,0,0,0,0,-32305,0,0,0,0,0,166089,0
165914,-1792,10840,434,554,2350,-299,13027,254,222,-361,0,37031,155,30,66,0,0,0,0,0,0,0,0,-32306,0,0,0,0,0,166094,0
165919,-1290,11218,62,572,2283,-210,13085,250,167,-352,0,37031,155,30,66,0,0,0,0,0,0,0,0,-32305,0,0,0,0,0,166099,0
165924,-1546,10986,222,629,2165,-279,13140,240,80,-337,0,37032,150,30,66,0,0,0,0,0,0,0,0,-32306,0,0,0,0,0,166104,0
165929,-1452,11288,1142,607,2095,-272,13191,219,6,-328,0,37032,150,30,66,0,0,0,0,0,0,0,0,-32306,0,0,0,0,0,166109,0
165934,-1548,10326,1872,586,2005,-265,13232,185,-51,-283,0,37035,141,30,66,0,0,0,0,0,0,0,0,-32305,0,0,0,0,0,166114,0
165939,-1282,8666,1728,599,1921,-270,13268,148,-75,-239,0,37035,141,30,66,0,0,0,0,0,0,0,0,-32306,0,0,0,0,0,166119,0
165944,-376,7088,874,638,1892,-239,13304,155,-77,-229,0,37038,139,30,66,0,0,0,0,0,0,0,0,-32305,0,0,0,0,0,166124,0
165949,-476,7142,588,631,1912,-236,13333,120,-74,-207,0,37038,139,30,66,0,0,0,0,0,0,0,0,-32306,0,0,0,0,0,166129,0
165954,-834,7096,674,633,1906,-239,13360,120,-58,-184,0,37036,147,30,66,0,0,0,0,0,0,0,0,-32305,0,0,0,0,0,166134,0
165959,-1240,7212,988,618,1858,-237,13378,69,-72,-146,0,37036,147,30,66,0,0,0,0,0,0,0,0,-32306,0,0,0,0,0,166139,0
165964,-1710,7442,1594,611,1708,-203,13384,17,-91,-67,0,37033,153,30,66,0,0,0,0,0,0,0,0,-32306,0,0,0,0,0,166144,0
165969,-1782,7552,1624,612,1636,-186,13384,0,-117,-17,0,37033,153,30,66,0,0,0,0,0,0,0,0,-32306,0,0,0,0,0,166149,0
165974,-1784,7758,1588,600,1569,-171,13385,2,-107,-3,0,37034,151,30,66,0,0,0,0,0,0,0,0,-32306,0,0,0,0,0,166154,0
165979,-1828,7852,1380,613,1499,-150,13384,-5,-80,-2,0,37034,151,30,66,0,0,0,0,0,0,0,0,-32305,0,0,0,0,0,166159,0
165984,-2012,7950,1000,644,1342,-110,13385,2,-26,-3,0,37035,145,30,66,0,0,0,0,0,0,0,0,-32305,0,0,0,0,0,166164,0
165989,-1996,7978,882,659,1267,-92,13383,-9,-10,-3,0,37035,145,30,66,0,0,0,0,0,0,0,0,-32306,0,0,0,0,0,166169,0
165994,-2024,7942,932,671,1204,-72,13383,-5,-2,-5,0,37031,144,30,66,0,0,0,0,0,0,0,0,-32305,0,0,0,0,0,166174,0
165999,-2076,7868,1010,685,1116,-52,13384,0,-1,-1,0,37031,144,30,66,0,0,0,0,0,0,0,0,-32305,0,0,0,0,0,166179,0
166004,-2040,7614,1118,706,962,-19,13383,-2,-5,2,0,37032,150,30,66,0,0,0,0,0,0,0,0,-32306,0,0,0,0,0,166184,0
166009,-1980,7588,1136,716,879,1,13382,-3,-2,3,0,37032,150,30,66,0,0,0,0,0,0,0,0,-32305,0,0,0,0,0,166189,0
166014,-2010,7568,1132,717,799,20,13381,-1,-11,6,0,37035,154,30,66,0,0,0,0,0,0,0,0,-32305,0,0,0,0,0,166194,0
166019,-1916,7606,1108,733,717,27,13380,1,2,9,0,37035,154,30,66,0,0,0,0,0,0,0,0,-32305,0,0,0,0,0,166199,0
166024,-1790,7748,950,749,554,49,13377,-9,-4,11,0,37038,151,30,66,0,0,0,0,0,0,0,0,-32305,0,0,0,0,0,166204,0
166029,-1720,7808,906,762,485,53,13374,-5,-8,12,0,37038,151,30,66,0,0,0,0,0,0,0,0,-32306,0,0,0,0,0,166209,0
166034,-1702,7862,854,764,409,69,13374,-4,1,12,0,37037,156,30,66,0,0,0,0,0,0,0,0,-32305,0,0,0,0,0,166214,0
166039,-1620,7914,852,774,338,71,13371,-7,0,11,0,37037,156,30,66,0,0,0,0,0,0,0,0,-32305,0,0,0,0,0,166219,0
166044,-1510,7926,838,789,206,88,13369,0,-2,9,0,37033,141,30,66,0,0,0,0,0,0,0,0,-32305,0,0,0,0,0,166224,0
166049,-1448,7946,884,786,144,96,13369,-1,6,4,0,37033,141,30,66,0,0,0,0,0,0,0,0,-32306,0,0,0,0,0,166229,0
166054,-1478,7834,818,800,85,97,13368,0,3,6,0,37029,133,30,66,0,0,0,0,0,0,0,0,-32306,0,0,0,0,0,166234,0
166059,-1282,7890,828,805,28,68,13368,1,7,0,0,37029,133,30,66,0,0,0,0,0,0,0,0,-32305,0,0,0,0,0,166239,0
166064,276,8258,666,812,-48,57,13367,0,2,-1,0,37032,140,30,66,0,0,0,0,0,0,0,0,-32305,0,0,0,0,0,166244,0
166069,168,8428,674,821,-63,26,13366,1,0,-1,0,37032,140,30,66,0,0,0,0,0,0,0,0,-32305,0,0,0,0,0,166249,0
166074,-292,8364,762,823,-64,26,13367,0,3,-2,0,37033,154,30,66,0,0,0,0,0,0,0,0,-32306,0,0,0,0,0,166254,0
166079,-824,8262,794,827,-55,18,13366,0,2,-2,0,37033,154,30,66,0,0,0,0,0,0,0,0,-32306,0,0,0,0,0,166259,0
166084,-1078,7802,728,825,-16,29,13366,-2,-3,-4,0,37031,165,30,66,0,0,0,0,0,0,0,0,-32305,0,0,0,0,0,166264,0
166089,-982,7704,616,818,-9,27,13366,-2,-4,-4,0,37031,165,30,66,0,0,0,0,0,0,0,0,-32305,0,0,0,0,0,166269,0
166094,-986,7674,438,814,-3,34,13366,1,1,-4,0,37031,161,30,66,0,0,0,0,0,0,0,0,-32305,0,0,0,0,0,166274,0
166099,-746,7862,436,807,-7,40,13367,3,0,-4,0,37031,161,30,66,0,0,0,0,0,0,0,0,-32305,0,0,0,0,0,166279,0
166104,-1108,7778,364,804,-23,38,13366,-1,-2,-3,0,37033,155,30,66,0,0,0,0,0,0,0,0,-32306,0,0,0,0,0,166284,0
166109,-1120,7870,336,790,-30,43,13366,1,5,-3,0,37033,155,30,66,0,0,0,0,0,0,0,0,-32305,0,0,0,0,0,166289,0
166114,-822,8086,210,783,-27,43,13367,0,-5,-3,0,37035,157,30,66,0,0,0,0,0,0,0,0,-32305,0,0,0,0,0,166294,0
166119,-268,8364,72,778,-29,35,13366,0,-5,-2,0,37035,157,30,66,0,0,0,0,0,0,0,0,-32306,0,0,0,0,0,166299,0
166124,350,8756,52,761,2,12,13366,0,0,-2,0,37032,150,30,66,0,0,0,0,0,0,0,0,-32305,0,0,0,0,0,166304,0
166129,238,8782,148,748,20,0,13366,-1,2,-3,0,37032,150,30,66,0,0,0,0,0,0,0,0,-32305,0,0,0,0,0,166309,0
166134,-32,8664,148,737,43,-15,13365,-1,2,-2,0,37028,144,30,66,0,0,0,0,0,0,0,0,-32306,0,0,0,0,0,166314,0
166139,-312,8558,100,719,61,-25,13364,-12,-3,-5,0,37028,144,30,66,0,0,0,0,0,0,0,0,-32305,0,0,0,0,0,166319,0
166144,-536,8362,-68,702,82,-37,13366,3,2,-5,0,37031,141,30,66,0,0,0,0,0,0,0,0,-32305,0,0,0,0,0,166324,0
166149,-548,8290,-80,687,71,-47,13365,1,3,-5,0,37031,141,30,66,0,0,0,0,0,0,0,0,-32305,0,0,0,0,0,166329,0
166154,-544,8268,-84,673,72,-49,13365,3,10,-7,0,37039,142,30,66,0,0,0,0,0,0,0,0,-32305,0,0,0,0,0,166334,0
166159,-566,8246,-64,669,60,-61,13367,5,-4,-6,0,37039,142,30,66,0,0,0,0,0,0,0,0,-32305,0,0,0,0,0,166339,0
166164,-650,8162,60,647,56,-70,13365,-2,2,-3,0,37038,145,30,66,0,0,0,0,0,0,0,0,-32305,0,0,0,0,0,166344,0
166169,-676,8128,92,632,52,-77,13367,5,-5,-4,0,37038,145,30,66,0,0,0,0,0,0,0,0,-32306,0,0,0,0,0,166349,0
166174,-662,8064,142,623,56,-74,13364,-8,-4,-5,0,37034,147,30,66,0,0,0,0,0,0,0,0,-32305,0,0,0,0,0,166354,0
166179,-728,8080,112,620,67,-79,13366,1,-3,-2,0,37034,147,30,66,0,0,0,0,0,0,0,0,-32305,0,0,0,0,0,166359,0
166184,-852,8006,140,597,76,-78,13365,-4,-1,-3,0,37031,150,30,66,0,0,0,0,0,0,0,0,-32306,0,0,0,0,0,166364,0
166189,-964,8068,156,598,79,-78,13364,-9,0,-5,0,37031,150,30,66,0,0,0,0,0,0,0,0,-32305,0,0,0,0,0,166369,0
166194,-912,8178,98,594,75,-72,13366,1,-1,-4,0,37031,146,30,66,0,0,0,0,0,0,0,0,-32305,0,0,0,0,0,166374,0
166199,-922,8120,100,583,70,-70,13366,0,-2,-5,0,37031,146,30,66,0,0,0,0,0,0,0,0,-32305,0,0,0,0,0,166379,0
166204,-822,8110,198,571,66,-65,13366,3,1,-3,0,37031,149,30,66,0,0,0,0,0,0,0,0,-32306,0,0,0,0,0,166384,0
166209,-856,8178,126,571,60,-65,13365,-3,2,-4,0,37031,149,30,66,0,0,0,0,0,0,0,0,-32306,0,0,0,0,0,166389,0
166214,-848,8178,156,567,57,-65,13366,2,-1,-3,0,37024,149,30,66,0,0,0,0,0,0,0,0,-32306,0,0,0,0,0,166394,0
166219,-832,8096,236,563,55,-67,13366,0,-1,-4,0,37024,149,30,66,0,0,0,0,0,0,0,0,-32306,0,0,0,0,0,166399,0
166224,-766,8094,198,557,66,-61,13365,0,-1,-4,0,37020,152,30,66,0,0,0,0,0,0,0,0,-32306,0,0,0,0,0,166404,0
166229,-772,8094,202,561,72,-62,13364,-2,-1,-3,0,37020,152,30,66,0,0,0,0,0,0,0,0,-32306,0,0,0,0,0,166409,0
166234,-682,8078,296,549,72,-55,13365,0,-1,-3,0,37020,154,30,66,0,0,0,0,0,0,0,0,-32306,0,0,0,0,0,166414,0
166239,-764,8106,286,550,78,-59,13365,-1,-3,-2,0,37020,154,30,66,0,0,0,0,0,0,0,0,-32305,0,0,0,0,0,166419,0
166244,-888,8032,234,547,75,-47,13365,-1,7,-2,0,37025,152,30,66,0,0,0,0,0,0,0,0,-32305,0,0,0,0,0,166424,0
166249,-924,8094,182,552,76,-46,13365,0,0,-4,0,37025,152,30,66,0,0,0,0,0,0,0,0,-32305,0,0,0,0,0,166429,0
166254,-858,8102,236,556,66,-39,13366,4,1,-4,0,37028,168,30,66,0,0,0,0,0,0,0,0,-32305,0,0,0,0,0,166434,0
166259,-884,8168,196,557,65,-44,13363,-1,3,-2,0,37028,168,30,66,0,0,0,0,0,0,0,0,-32305,0,0,0,0,0,166439,0
166264,-958,8116,200,552,58,-39,13365,4,2,0,0,37037,165,30,66,0,0,0,0,0,0,0,0,-32305,0,0,0,0,0,166444,0
166269,-890,8162,134,549,49,-34,13365,0,-1,-1,0,37037,165,30,66,0,0,0,0,0,0,0,0,-32305,0,0,0,0,0,166449,0
166274,-876,8110,186,552,40,-34,13366,4,3,-3,0,37039,161,30,66,0,0,0,0,0,0,0,0,-32305,0,0,0,0,0,166454,0
166279,-936,8078,178,556,37,-31,13365,1,-4,-2,0,37039,161,30,66,0,0,0,0,0,0,0,0,-32306,0,0,0,0,0,166459,0
166284,-924,8048,276,556,19,-23,13365,3,-2,-5,0,37040,160,30,66,0,0,0,0,0,0,0,0,-32305,0,0,0,0,0,166464,0
166289,-980,8056,254,562,11,-25,13364,0,1,-3,0,37040,160,30,66,0,0,0,0,0,0,0,0,-32305,0,0,0,0,0,166469,0
166294,-1026,8020,224,568,6,-25,13366,7,0,-4,0,37033,146,30,66,0,0,0,0,0,0,0,0,-32305,0,0,0,0,0,166474,0
166299,-1048,8012,252,569,-2,-17,13365,-3,-1,-4,0,37033,146,30,66,0,0,0,0,0,0,0,0,-32306,0,0,0,0,0,166479,0
166304,-874,8042,176,579,-23,-11,13365,-2,-2,-4,0,37030,143,30,66,0,0,0,0,0,0,0,0,-32305,0,0,0,0,0,166484,0
166309,-850,8062,124,582,-25,-13,13365,0,-2,-4,0,37030,143,30,66,0,0,0,0,0,0,0,0,-32305,0,0,0,0,0,166489,0
166314,-772,8096,120,576,-30,-8,13363,-4,-2,-2,0,37031,134,30,66,0,0,0,0,0,0,0,0,-32305,0,0,0,0,0,166494,0
166319,-808,8210,32,588,-44,-12,13365,-2,-3,-1,0,37031,134,30,66,0,0,0,0,0,0,0,0,-32306,0,0,0,0,0,166499,0
166324,-754,8180,18,582,-54,-16,13363,0,-2,-3,0,37031,134,30,66,0,0,0,0,0,0,0,0,-32307,0,0,0,0,0,166504,0
166329,-754,8160,-44,579,-46,-17,13364,-2,5,-3,0,37031,134,30,66,0,0,0,0,0,0,0,0,-32306,0,0,0,0,0,166509,0
166334,-780,8210,-70,578,-49,-16,13365,7,0,-4,0,37031,136,30,66,0,0,0,0,0,0,0,0,-32306,0,0,0,0,0,166514,0
166339,-718,8262,-82,576,-49,-15,13364,4,4,-4,0,37031,136,30,66,0,0,0,0,0,0,0,0,-32305,0,0,0,0,0,166519,0
166344,-702,8122,-76,562,-50,-20,13365,0,1,-3,0,37031,136,30,66,0,0,0,0,0,0,0,0,-32305,0,0,0,0,0,166524,0
166349,-608,8150,-164,562,-30,-24,13363,-2,-6,-3,0,37031,136,30,66,0,0,0,0,0,0,0,0,-32305,0,0,0,0,0,166529,0
166354,-572,8210,-146,560,-25,-27,13363,-7,0,-3,0,37030,136,30,66,0,0,0,0,0,0,0,0,-32306,0,0,0,0,0,166534,0
166359,-508,8246,-134,550,-27,-31,13365,-3,-6,-3,0,37030,136,30,66,0,0,0,0,0,0,0,0,-32305,0,0,0,0,0,166539,0
166364,-570,8290,-198,541,-13,-42,13364,-1,1,-2,0,37033,142,30,66,0,0,0,0,0,0,0,0,-32306,0,0,0,0,0,166544,0
166369,-530,8212,-256,534,-1,-53,13364,1,3,-5,0,37033,142,30,66,0,0,0,0,0,0,0,0,-32305,0,0,0,0,0,166549,0
166374,-468,8170,-270,528,6,-60,13363,-7,-1,-4,0,37036,153,30,66,0,0,0,0,0,0,0,0,-32305,0,0,0,0,0,166554,0
166379,-522,8270,-274,520,16,-66,13363,-2,-2,-3,0,37036,153,30,66,0,0,0,0,0,0,0,0,-32305,0,0,0,0,0,166559,0
166384,-468,8324,-300,497,20,-82,13364,-3,3,-4,0,37035,157,30,66,0,0,0,0,0,0,0,0,-32305,0,0,0,0,0,166564,0
166389,-406,8240,-318,494,25,-94,13363,0,0,-2,0,37035,157,30,66,0,0,0,0,0,0,0,0,-32305,0,0,0,0,0,166569,0
166394,-354,8240,-376,482,29,-107,13364,8,3,-4,0,37034,146,30,66,0,0,0,0,0,0,0,0,-32305,0,0,0,0,0,166574,0
166399,-406,8332,-392,474,39,-120,13364,0,2,-5,0,37034,146,30,66,0,0,0,0,0,0,0,0,-32306,0,0,0,0,0,166579,0
166404,-464,8266,-386,458,29,-136,13364,1,-2,-3,0,37035,145,30,66,0,0,0,0,0,0,0,0,-32306,0,0,0,0,0,166584,0
166409,-334,8314,-462,451,39,-152,13363,0,-2,-5,0,37035,145,30,66,0,0,0,0,0,0,0,0,-32305,0,0,0,0,0,166589,0
166414,-372,8346,-538,446,44,-161,13364,3,-1,-4,0,37035,149,30,66,0,0,0,0,0,0,0,0,-32305,0,0,0,0,0,166594,0
166419,-390,8434,-448,429,37,-174,13363,-5,-3,-3,0,37035,149,30,66,0,0,0,0,0,0,0,0,-32305,0,0,0,0,0,166599,0
166424,-406,8402,-570,408,43,-198,13362,-9,-2,-3,0,37032,162,30,66,0,0,0,0,0,0,0,0,-32305,0,0,0,0,0,166604,0
166429,-414,8390,-564,397,44,-201,13364,0,-4,-3,0,37032,162,30,66,0,0,0,0,0,0,0,0,-32306,0,0,0,0,0,166609,0
166434,-500,8328,-570,382,46,-215,13364,5,2,-5,0,37030,155,30,66,0,0,0,0,0,0,0,0,-32306,0,0,0,0,0,166614,0
166439,-542,8334,-586,378,44,-216,13363,-1,1,-3,0,37030,155,30,66,0,0,0,0,0,0,0,0,-32306,0,0,0,0,0,166619,0
166444,-724,8296,-568,358,30,-233,13363,-3,-2,-4,0,37032,151,30,66,0,0,0,0,0,0,0,0,-32306,0,0,0,0,0,166624,0
166449,-826,8168,-516,342,29,-233,13363,-3,-1,-6,0,37032,151,30,66,0,0,0,0,0,0,0,0,-32305,0,0,0,0,0,166629,0
166454,-804,8136,-502,333,28,-239,13363,0,1,-3,0,37034,153,30,66,0,0,0,0,0,0,0,0,-32305,0,0,0,0,0,166634,0
166459,-918,8222,-500,335,26,-240,13363,0,0,-3,0,37034,153,30,66,0,0,0,0,0,0,0,0,-32306,0,0,0,0,0,166639,0
166464,-934,8124,-360,315,6,-233,13364,3,1,-3,0,37032,145,30,66,0,0,0,0,0,0,0,0,-32305,0,0,0,0,0,166644,0
166469,-944,8150,-402,307,8,-235,13364,3,1,-4,0,37032,145,30,66,0,0,0,0,0,0,0,0,-32305,0,0,0,0,0,166649,0
166474,-1052,8206,-398,309,2,-229,13364,1,1,-4,0,37033,148,30,66,0,0,0,0,0,0,0,0,-32306,0,0,0,0,0,166654,0
166479,-1098,8020,-324,300,2,-231,13362,-4,2,-4,0,37033,148,30,66,0,0,0,0,0,0,0,0,-32306,0,0,0,0,0,166659,0
166484,-1090,8104,-314,295,5,-226,13363,-3,-7,-4,0,37036,155,30,66,0,0,0,0,0,0,0,0,-32305,0,0,0,0,0,166664,0
166489,-1118,8104,-272,296,-6,-216,13364,4,-3,-4,0,37036,155,30,66,0,0,0,0,0,0,0,0,-32305,0,0,0,0,0,166669,0
166494,-1140,8090,-258,292,-5,-209,13364,1,2,-5,0,37039,153,30,66,0,0,0,0,0,0,0,0,-32306,0,0,0,0,0,166674,0
166499,-1106,8082,-252,291,-7,-205,13363,0,0,-7,0,37039,153,30,66,0,0,0,0,0,0,0,0,-32305,0,0,0,0,0,166679,0
166504,-1134,8038,-136,289,-13,-190,13363,0,-2,-5,0,37036,150,30,66,0,0,0,0,0,0,0,0,-32305,0,0,0,0,0,166684,0
166509,-1222,8064,-178,293,-10,-185,13363,-4,-2,-3,0,37036,150,30,66,0,0,0,0,0,0,0,0,-32305,0,0,0,0,0,166689,0
166514,-1186,7964,-34,294,-16,-175,13363,0,3,-3,0,37035,144,30,66,0,0,0,0,0,0,0,0,-32305,0,0,0,0,0,166694,0
166519,-1166,7916,-74,296,-14,-167,13363,-4,-1,-2,0,37035,144,30,66,0,0,0,0,0,0,0,0,-32306,0,0,0,0,0,166699,0
166524,-1244,8028,-92,306,-7,-153,13363,-3,-1,-5,0,37034,145,30,66,0,0,0,0,0,0,0,0,-32306,0,0,0,0,0,166704,0
166529,-1258,7956,-98,307,-10,-147,13363,1,1,-5,0,37034,145,30,66,0,0,0,0,0,0,0,0,-32305,0,0,0,0,0,166709,0
166534,-1208,8000,-152,311,-14,-141,13363,-1,2,-5,0,37034,146,30,66,0,0,0,0,0,0,0,0,-32306,0,0,0,0,0,166714,0
166539,-1174,7996,-108,314,-17,-134,13363,-4,0,-6,0,37034,146,30,66,0,0,0,0,0,0,0,0,-32305,0,0,0,0,0,166719,0
166544,-1112,8058,-124,319,-9,-121,13362,-1,-2,-4,0,37033,147,30,66,0,0,0,0,0,0,0,0,-32305,0,0,0,0,0,166724,0
166549,-1076,8076,-78,323,-9,-114,13363,0,2,-5,0,37033,147,30,66,0,0,0,0,0,0,0,0,-32305,0,0,0,0,0,166729,0
166554,-1038,8082,-106,323,-2,-111,13363,-1,1,-4,0,37030,149,30,66,0,0,0,0,0,0,0,0,-32306,0,0,0,0,0,166734,0
166559,-1344,8388,-240,315,-14,-108,13363,0,3,-4,0,37030,149,30,66,0,0,0,0,0,0,0,0,-32305,0,0,0,0,0,166739,0
166564,-1274,8228,102,317,-3,-98,13363,2,0,-4,0,37029,144,30,66,0,0,0,0,0,0,0,0,-32305,0,0,0,0,0,166744,0
166569,-916,8108,-160,325,10,-89,13364,-4,-1,-5,0,37029,144,30,66,0,0,0,0,0,0,0,0,-32305,0,0,0,0,0,166749,0
166574,-1128,8060,-372,333,28,-95,13364,0,1,-3,0,37031,147,30,66,0,0,0,0,0,0,0,0,-32305,0,0,0,0,0,166754,0
166579,-1188,8118,-280,327,30,-85,13364,5,4,-5,0,37031,147,30,66,0,0,0,0,0,0,0,0,-32305,0,0,0,0,0,166759,0
166584,-1042,8124,-508,321,28,-77,13363,2,-4,-7,0,37037,158,30,66,0,0,0,0,0,0,0,0,-32305,0,0,0,0,0,166764,0
166589,-1058,8136,-478,316,23,-69,13364,0,0,-4,0,37037,158,30,66,0,0,0,0,0,0,0,0,-32305,0,0,0,0,0,166769,0
166594,-1050,8134,-474,317,27,-69,13363,2,0,-5,0,37035,157,30,66,0,0,0,0,0,0,0,0,-32305,0,0,0,0,0,166774,0
166599,-1054,8116,-482,306,31,-63,13362,-6,-1,-5,0,37035,157,30,66,0,0,0,0,0,0,0,0,-32305,0,0,0,0,0,166779,0
166604,-1108,8124,-524,292,41,-55,13363,0,-4,-5,0,37033,160,30,66,0,0,0,0,0,0,0,0,-32305,0,0,0,0,0,166784,0
166609,-1112,8126,-544,287,45,-49,13363,-3,-3,-3,0,37033,160,30,66,0,0,0,0,0,0,0,0,-32305,0,0,0,0,0,166789,0
166614,-1116,8152,-586,282,48,-46,13362,-7,-3,-5,0,37032,150,30,66,0,0,0,0,0,0,0,0,-32306,0,0,0,0,0,166794,0
166619,-1144,8168,-616,272,56,-35,13363,-5,-3,-4,0,37032,150,30,66,0,0,0,0,0,0,0,0,-32306,0,0,0,0,0,166799,0
166624,-1138,8140,-680,253,61,-29,13363,-5,-2,-5,0,37035,158,30,66,0,0,0,0,0,0,0,0,-32306,0,0,0,0,0,166804,0
166629,-1200,8100,-692,249,56,-18,13363,-3,0,-3,0,37035,158,30,66,0,0,0,0,0,0,0,0,-32306,0,0,0,0,0,166809,0
166634,-1216,8062,-668,237,62,-13,13363,-1,-2,-3,0,37032,153,30,66,0,0,0,0,0,0,0,0,-32305,0,0,0,0,0,166814,0
166639,-1220,8050,-670,223,56,-5,13363,-4,-3,-3,0,37032,153,30,66,0,0,0,0,0,0,0,0,-32305,0,0,0,0,0,166819,0
166644,-1230,8068,-666,212,61,7,13363,0,2,-3,0,37030,147,30,66,0,0,0,0,0,0,0,0,-32306,0,0,0,0,0,166824,0
166649,-1250,8036,-644,199,70,11,13361,-6,-5,-5,0,37030,147,30,66,0,0,0,0,0,0,0,0,-32306,0,0,0,0,0,166829,0
166654,-1280,8052,-662,195,75,17,13362,-7,1,-4,0,37030,142,30,66,0,0,0,0,0,0,0,0,-32306,0,0,0,0,0,166834,0
166659,-1260,8042,-678,183,73,27,13363,-4,-4,-4,0,37030,142,30,66,0,0,0,0,0,0,0,0,-32306,0,0,0,0,0,166839,0
166664,-1178,7938,-976,148,63,42,13363,-2,-2,-3,0,37034,141,30,66,0,0,0,0,0,0,0,0,-32305,0,0,0,0,0,166844,0
166669,-1252,8156,-556,161,90,57,13364,3,-1,-5,0,37034,141,30,66,0,0,0,0,0,0,0,0,-32305,0,0,0,0,0,166849,0
166674,-1268,7968,-644,144,83,56,13363,5,3,-5,0,37035,156,30,66,0,0,0,0,0,0,0,0,-32306,0,0,0,0,0,166854,0
166679,-1314,8102,-746,128,85,69,13364,0,-3,-4,0,37035,156,30,66,0,0,0,0,0,0,0,0,-32305,0,0,0,0,0,166859,0
166684,-1264,8050,-722,112,93,83,13363,-1,4,-5,0,37039,143,30,66,0,0,0,0,0,0,0,0,-32305,0,0,0,0,0,166864,0
166689,-1202,8098,-780,103,88,86,13364,0,2,-5,0,37039,143,30,66,0,0,0,0,0,0,0,0,-32305,0,0,0,0,0,166869,0
166694,-1190,8116,-876,86,83,97,13363,4,0,-4,0,37038,140,30,66,0,0,0,0,0,0,0,0,-32306,0,0,0,0,0,166874,0
166699,-1162,8144,-882,77,82,99,13363,-5,-2,-5,0,37038,140,30,66,0,0,0,0,0,0,0,0,-32306,0,0,0,0,0,166879,0
166704,-1180,8154,-856,54,82,109,13362,-3,5,-6,0,37040,142,30,66,0,0,0,0,0,0,0,0,-32306,0,0,0,0,0,166884,0
166709,-1126,8144,-832,46,74,115,13364,-5,1,-5,0,37040,142,30,66,0,0,0,0,0,0,0,0,-32306,0,0,0,0,0,166889,0
166714,-1118,8164,-824,37,66,125,13363,-5,1,-5,0,37040,154,30,66,0,0,0,0,0,0,0,0,-32305,0,0,0,0,0,166894,0
166719,-1138,8156,-824,25,63,131,13363,0,-5,-6,0,37040,154,30,66,0,0,0,0,0,0,0,0,-32306,0,0,0,0,0,166899,0
166724,-1164,8130,-812,3,61,136,13363,0,-3,-5,0,37031,159,30,66,0,0,0,0,0,0,0,0,-32305,0,0,0,0,0,166904,0
166729,-1174,8112,-808,-11,58,147,13364,1,2,-4,0,37031,159,30,66,0,0,0,0,0,0,0,0,-32305,0,0,0,0,0,166909,0
166734,-1222,8124,-748,-17,54,148,13363,-4,2,-4,0,37032,155,30,66,0,0,0,0,0,0,0,0,-32306,0,0,0,0,0,166914,0
166739,-1192,8062,-744,-27,51,154,13364,1,1,-5,0,37032,155,30,66,0,0,0,0,0,0,0,0,-32305,0,0,0,0,0,166919,0
166744,-1228,8078,-710,-44,36,169,13362,-4,-6,-2,0,37038,152,30,66,0,0,0,0,0,0,0,0,-32306,0,0,0,0,0,166924,0
166749,-1230,8054,-638,-52,40,177,13363,0,1,-6,0,37038,152,30,66,0,0,0,0,0,0,0,0,-32306,0,0,0,0,0,166929,0
166754,-1250,8046,-620,-63,37,182,13363,-1,0,-5,0,37039,149,30,66,0,0,0,0,0,0,0,0,-32305,0,0,0,0,0,166934,0
166759,-1236,8076,-616,-66,32,191,13363,-4,-2,-3,0,37039,149,30,66,0,0,0,0,0,0,0,0,-32305,0,0,0,0,0,166939,0
166764,-1214,8084,-544,-78,28,201,13362,-4,1,-4,0,37035,155,30,66,0,0,0,0,0,0,0,0,-32305,0,0,0,0,0,166944,0
166769,-1178,8076,-508,-82,24,211,13363,-9,-5,-4,0,37035,155,30,66,0,0,0,0,0,0,0,0,-32305,0,0,0,0,0,166949,0
166774,-1168,8054,-480,-82,13,216,13363,-1,-1,-3,0,37032,156,30,66,0,0,0,0,0,0,0,0,-32305,0,0,0,0,0,166954,0
166779,-1124,8050,-398,-87,17,223,13363,-4,0,-4,0,37032,156,30,66,0,0,0,0,0,0,0,0,-32305,0,0,0,0,0,166960,0
166784,-1130,8060,-316,-86,4,229,13364,3,2,-5,0,37033,154,30,66,0,0,0,0,0,0,0,0,-32305,0,0,0,0,0,166965,0
166789,-1046,8100,-270,-80,-3,232,13363,-5,-3,-3,0,37033,154,30,66,0,0,0,0,0,0,0,0,-32306,0,0,0,0,0,166970,0
166794,-972,8104,-246,-85,2,233,13364,0,6,-3,0,37036,146,30,66,0,0,0,0,0,0,0,0,-32306,0,0,0,0,0,166975,0
166799,-992,8116,-216,-78,-2,236,13363,1,-3,-4,0,37036,146,30,66,0,0,0,0,0,0,0,0,-32305,0,0,0,0,0,166980,0
166804,-940,8084,-202,-72,1,242,13362,-4,-5,-4,0,37033,139,30,66,0,0,0,0,0,0,0,0,-32306,0,0,0,0,0,166985,0
166809,-930,8118,-184,-74,0,242,13364,6,2,-4,0,37033,139,30,66,0,0,0,0,0,0,0,0,-32305,0,0,0,0,0,166990,0
166814,-906,8080,-140,-70,3,247,13364,4,3,-3,0,37034,143,30,66,0,0,0,0,0,0,0,0,-32306,0,0,0,0,0,166995,0
166819,-914,8060,-150,-65,8,246,13362,3,-1,-3,0,37034,143,30,66,0,0,0,0,0,0,0,0,-32305,0,0,0,0,0,167000,0
166824,-910,8084,-140,-62,13,249,13364,1,0,-3,0,37033,144,30,66,0,0,0,0,0,0,0,0,-32306,0,0,0,0,0,167005,0
166829,-912,8076,-136,-55,15,246,13365,3,7,-3,0,37033,144,30,66,0,0,0,0,0,0,0,0,-32306,0,0,0,0,0,167010,0
166834,-912,8096,-164,-49,18,247,13364,-1,1,-4,0,37032,138,30,66,0,0,0,0,0,0,0,0,-32306,0,0,0,0,0,167015,0
166839,-920,8070,-176,-49,24,247,13363,4,-4,-4,0,37032,138,30,66,0,0,0,0,0,0,0,0,-32305,0,0,0,0,0,167020,0
166844,-896,8118,-238,-43,27,252,13364,3,0,-4,0,37030,144,30,66,0,0,0,0,0,0,0,0,-32305,0,0,0,0,0,167025,0
166849,-870,8126,-252,-44,26,249,13363,0,2,-6,0,37030,144,30,66,0,0,0,0,0,0,0,0,-32305,0,0,0,0,0,167030,0
166854,-850,8098,-304,-44,29,246,13363,-6,3,-6,0,37029,137,30,66,0,0,0,0,0,0,0,0,-32305,0,0,0,0,0,167035,0
166859,-828,8100,-300,-45,37,250,13365,7,5,-5,0,37029,137,30,66,0,0,0,0,0,0,0,0,-32306,0,0,0,0,0,167040,0
166864,-786,8112,-368,-48,49,246,13363,-1,-2,-4,0,37029,135,30,66,0,0,0,0,0,0,0,0,-32305,0,0,0,0,0,167045,0
166869,-800,8152,-378,-53,42,243,13364,1,5,-4,0,37029,135,30,66,0,0,0,0,0,0,0,0,-32305,0,0,0,0,0,167050,0
166874,-766,8120,-394,-57,46,242,13362,2,-2,-2,0,37031,139,30,66,0,0,0,0,0,0,0,0,-32306,0,0,0,0,0,167055,0
166879,-750,8146,-420,-57,45,238,13363,-2,-3,-3,0,37031,139,30,66,0,0,0,0,0,0,0,0,-32305,0,0,0,0,0,167060,0
166884,-738,8172,-440,-64,54,232,13362,-5,-1,-3,0,37031,151,30,66,0,0,0,0,0,0,0,0,-32305,0,0,0,0,0,167065,0
166889,-716,8166,-474,-75,57,234,13363,-8,1,-4,0,37031,151,30,66,0,0,0,0,0,0,0,0,-32306,0,0,0,0,0,167070,0
166894,-726,8164,-488,-76,56,227,13363,-4,-4,-5,0,37028,161,30,66,0,0,0,0,0,0,0,0,-32306,0,0,0,0,0,167075,0
166899,-702,8154,-502,-85,61,225,13362,-3,-5,-5,0,37028,161,30,66,0,0,0,0,0,0,0,0,-32306,0,0,0,0,0,167080,0
166904,-740,8168,-502,-98,71,220,13363,-5,-2,-2,0,37033,155,30,66,0,0,0,0,0,0,0,0,-32306,0,0,0,0,0,167085,0
166909,-698,8144,-512,-103,68,222,13364,0,5,-3,0,37033,155,30,66,0,0,0,0,0,0,0,0,-32305,0,0,0,0,0,167090,0
166914,-698,8192,-518,-113,75,210,13364,0,-1,-3,0,37041,154,30,66,0,0,0,0,0,0,0,0,-32305,0,0,0,0,0,167095,0
166919,-754,8244,-576,-115,72,217,13363,0,0,-2,0,37041,154,30,66,0,0,0,0,0,0,0,0,-32305,0,0,0,0,0,167100,0
166924,-644,8178,-536,-125,77,200,13363,0,0,-2,0,37056,166,30,66,0,0,0,0,0,0,0,0,-32306,0,0,0,0,0,167105,0
166929,-544,8124,-640,-124,98,198,13363,3,2,-3,0,37056,166,30,66,0,0,0,0,0,0,0,0,-32305,0,0,0,0,0,167110,0
166934,-484,8176,-644,-124,129,200,13363,1,2,-4,0,37057,170,30,66,0,0,0,0,0,0,0,0,-32306,0,0,0,0,0,167115,0
166939,-452,8196,-460,-132,168,192,13363,1,-2,-5,0,37057,170,30,66,0,0,0,0,0,0,0,0,-32305,0,0,0,0,0,167120,0
166944,-470,8184,-358,-149,212,180,13363,-4,0,-4,0,37049,159,30,66,0,0,0,0,0,0,0,0,-32305,0,0,0,0,0,167125,0
166949,-462,8224,-420,-162,227,179,13363,0,-1,-7,0,37049,159,30,66,0,0,0,0,0,0,0,0,-32306,0,0,0,0,0,167130,0
166954,-412,8212,-420,-160,241,169,13363,0,0,-5,0,37040,155,30,66,0,0,0,0,0,0,0,0,-32305,0,0,0,0,0,167135,0
166959,-450,8234,-406,-168,269,168,13364,1,3,-3,0,37040,155,30,66,0,0,0,0,0,0,0,0,-32306,0,0,0,0,0,167140,0
166964,-390,8184,-416,-172,319,153,13363,-1,0,-2,0,37033,149,30,66,0,0,0,0,0,0,0,0,-32306,0,0,0,0,0,167145,0
166969,-360,8218,-380,-184,344,147,13364,4,4,-3,0,37033,149,30,66,0,0,0,0,0,0,0,0,-32306,0,0,0,0,0,167150,0
166974,-326,8236,-380,-187,369,140,13363,-7,1,-3,0,37032,148,30,66,0,0,0,0,0,0,0,0,-32305,0,0,0,0,0,167155,0
166979,-356,8230,-348,-188,391,135,13363,-7,2,-3,0,37032,148,30,66,0,0,0,0,0,0,0,0,-32305,0,0,0,0,0,167160,0
166984,-298,8216,-318,-204,452,122,13362,-1,-6,-5,0,37029,140,30,66,0,0,0,0,0,0,0,0,-32305,0,0,0,0,0,167165,0
166989,-264,8198,-310,-200,486,113,13363,-5,-3,-4,0,37029,140,30,66,0,0,0,0,0,0,0,0,-32305,0,0,0,0,0,167170,0
166994,-194,8238,-242,-212,513,97,13364,0,6,-5,0,37029,142,30,66,0,0,0,0,0,0,0,0,-32305,0,0,0,0,0,167175,0
166999,-98,8200,-238,-206,537,83,13364,0,2,-6,0,37029,142,30,66,0,0,0,0,0,0,0,0,-32305,0,0,0,0,0,167180,0
167004,-78,8262,-152,-216,590,59,13363,0,-3,-7,0,37039,133,30,66,0,0,0,0,0,0,0,0,-32305,0,0,0,0,0,167185,0
167009,-134,8234,-146,-218,619,50,13364,2,1,-7,0,37039,133,30,66,0,0,0,0,0,0,0,0,-32306,0,0,0,0,0,167190,0
167014,-112,8236,-162,-221,650,33,13365,4,6,-8,0,37039,147,30,66,0,0,0,0,0,0,0,0,-32305,0,0,0,0,0,167195,0
167019,-124,8218,-128,-218,677,27,13363,-2,-1,-8,0,37039,147,30,66,0,0,0,0,0,0,0,0,-32306,0,0,0,0,0,167200,0
167024,-142,8200,-110,-220,736,1,13365,2,4,-8,0,37036,143,30,66,0,0,0,0,0,0,0,0,-32306,0,0,0,0,0,167205,0
167029,-226,8188,-46,-216,773,-3,13366,5,7,-8,0,37036,143,30,66,0,0,0,0,0,0,0,0,-32305,0,0,0,0,0,167210,0
167034,-258,8216,-28,-219,796,-13,13366,0,-1,-10,0,37032,147,30,66,0,0,0,0,0,0,0,0,-32305,0,0,0,0,0,167215,0
167039,-336,8168,-26,-216,825,-19,13366,0,2,-13,0,37032,147,30,66,0,0,0,0,0,0,0,0,-32306,0,0,0,0,0,167220,0
167044,-428,8142,2,-214,873,-23,13366,0,-3,-14,0,37034,143,30,66,0,0,0,0,0,0,0,0,-32305,0,0,0,0,0,167225,0
167049,-514,8106,-26,-205,899,-30,13368,2,4,-18,0,37034,143,30,66,0,0,0,0,0,0,0,0,-32306,0,0,0,0,0,167230,0
167054,-586,8110,-12,-198,934,-32,13370,3,4,-21,0,37036,141,30,66,0,0,0,0,0,0,0,0,-32305,0,0,0,0,0,167235,0
167059,-606,8086,-2,-201,953,-25,13372,11,1,-23,0,37036,141,30,66,0,0,0,0,0,0,0,0,-32306,0,0,0,0,0,167240,0
167064,-632,8078,98,-186,1005,-25,13376,14,3,-26,0,37032,151,30,66,0,0,0,0,0,0,0,0,-32306,0,0,0,0,0,167245,0
167069,-572,8098,166,-187,1027,-30,13378,10,7,-29,0,37032,151,30,66,0,0,0,0,0,0,0,0,-32306,0,0,0,0,0,167250,0
167074,-626,8006,132,-177,1055,-27,13382,14,8,-33,0,37031,149,30,66,0,0,0,0,0,0,0,0,-32306,0,0,0,0,0,167255,0
167079,-656,8006,138,-168,1080,-29,13387,22,7,-41,0,37031,149,30,66,0,0,0,0,0,0,0,0,-32305,0,0,0,0,0,167260,0
167084,-480,8040,162,-158,1129,-27,13394,37,11,-62,0,37031,152,30,66,0,0,0,0,0,0,0,0,-32306,0,0,0,0,0,167265,0
167089,-510,8058,172,-153,1152,-36,13408,70,31,-101,0,37031,152,30,66,0,0,0,0,0,0,0,0,-32305,0,0,0,0,0,167270,0
167094,-416,8086,200,-148,1166,-40,13427,91,50,-144,0,37034,158,30,66,0,0,0,0,0,0,0,0,-32305,0,0,0,0,0,167275,0
167099,-396,8088,144,-143,1191,-45,13441,57,44,-126,0,37034,158,30,66,0,0,0,0,0,0,0,0,-32306,0,0,0,0,0,167280,0
167104,-526,8138,208,-136,1227,-47,13448,31,13,-71,0,37036,155,30,66,0,0,0,0,0,0,0,0,-32306,0,0,0,0,0,167285,0
167109,-636,8052,134,-122,1253,-52,13453,27,-18,-47,0,37036,155,30,66,0,0,0,0,0,0,0,0,-32306,0,0,0,0,0,167290,0
167114,-604,8044,168,-123,1269,-53,13462,42,-45,-60,0,37035,157,30,66,0,0,0,0,0,0,0,0,-32306,0,0,0,0,0,167295,0
167119,-590,8068,132,-112,1292,-58,13474,61,-23,-97,0,37035,157,30,66,0,0,0,0,0,0,0,0,-32305,0,0,0,0,0,167300,0
167124,-516,8126,94,-105,1329,-66,13494,85,24,-132,0,37036,148,30,66,0,0,0,0,0,0,0,0,-32306,0,0,0,0,0,167305,0
167129,-496,8142,74,-101,1351,-63,13506,51,39,-108,0,37036,148,30,66,0,0,0,0,0,0,0,0,-32306,0,0,0,0,0,167310,0
167134,-522,8182,94,-106,1370,-70,13512,19,16,-56,0,37036,140,30,66,0,0,0,0,0,0,0,0,-32306,0,0,0,0,0,167315,0
167139,-548,8114,34,-94,1390,-73,13513,5,-34,-22,0,37036,140,30,66,0,0,0,0,0,0,0,0,-32306,0,0,0,0,0,167320,0
167144,-568,8174,-14,-99,1429,-81,13513,-5,-64,-9,0,37030,146,30,66,0,0,0,0,0,0,0,0,-32305,0,0,0,0,0,167325,0
167149,-484,8174,-34,-91,1446,-82,13514,0,-59,-6,0,37030,146,30,66,0,0,0,0,0,0,0,0,-32305,0,0,0,0,0,167330,0
167154,-508,8190,-92,-92,1467,-82,13515,3,-30,-7,0,37028,149,30,66,0,0,0,0,0,0,0,0,-32305,0,0,0,0,0,167335,0
167159,-492,8234,-62,-90,1480,-91,13516,0,-7,-9,0,37028,149,30,66,0,0,0,0,0,0,0,0,-32305,0,0,0,0,0,167340,0
167164,-540,8214,-150,-90,1503,-99,13518,2,2,-13,0,37028,146,30,66,0,0,0,0,0,0,0,0,-32305,0,0,0,0,0,167345,0
167169,-532,8142,-162,-90,1510,-100,13522,19,7,-22,0,37028,146,30,66,0,0,0,0,0,0,0,0,-32305,0,0,0,0,0,167350,0
167174,-594,8134,-172,-95,1524,-108,13526,31,13,-38,0,37032,143,30,66,0,0,0,0,0,0,0,0,-32305,0,0,0,0,0,167355,0
167179,-550,8150,-104,-96,1523,-111,13538,58,25,-69,0,37032,143,30,66,0,0,0,0,0,0,0,0,-32305,0,0,0,0,0,167360,0
167184,-704,8132,-172,-100,1514,-120,13553,77,41,-108,0,37034,143,30,66,0,0,0,0,0,0,0,0,-32305,0,0,0,0,0,167365,0
167189,-742,8128,-158,-106,1510,-123,13567,61,59,-111,0,37034,143,30,66,0,0,0,0,0,0,0,0,-32305,0,0,0,0,0,167370,0
167194,-900,8118,-206,-106,1500,-122,13576,32,31,-72,0,37033,149,30,66,0,0,0,0,0,0,0,0,-32305,0,0,0,0,0,167375,0
167199,-976,8126,-202,-107,1488,-118,13582,31,-8,-48,0,37033,149,30,66,0,0,0,0,0,0,0,0,-32306,0,0,0,0,0,167380,0
167204,-1128,8080,-208,-108,1464,-118,13590,37,-31,-54,0,37032,143,30,66,0,0,0,0,0,0,0,0,-32306,0,0,0,0,0,167385,0
167209,-1102,8028,-230,-114,1445,-111,13603,67,-24,-89,0,37032,143,30,66,0,0,0,0,0,0,0,0,-32306,0,0,0,0,0,167390,0
167214,-1056,8064,-232,-122,1428,-116,13622,86,21,-124,0,37044,153,30,66,0,0,0,0,0,0,0,0,-32306,0,0,0,0,0,167395,0
167219,-1028,8112,-194,-121,1410,-112,13636,53,45,-108,0,37044,153,30,66,0,0,0,0,0,0,0,0,-32305,0,0,0,0,0,167400,0
167224,-1166,8132,-180,-123,1356,-106,13639,14,13,-44,0,37045,153,30,66,0,0,0,0,0,0,0,0,-32305,0,0,0,0,0,167405,0
167229,-1202,8080,-202,-127,1324,-98,13640,2,-39,-1,0,37045,153,30,66,0,0,0,0,0,0,0,0,-32305,0,0,0,0,0,167410,0
167234,-1200,8080,-184,-133,1308,-96,13639,3,-70,1,0,37042,161,30,66,0,0,0,0,0,0,0,0,-32306,0,0,0,0,0,167415,0
167239,-1224,8040,-224,-137,1274,-94,13641,3,-59,2,0,37042,161,30,66,0,0,0,0,0,0,0,0,-32306,0,0,0,0,0,167420,0
167244,-1250,8076,-188,-134,1217,-83,13639,0,-31,2,0,37031,158,30,66,0,0,0,0,0,0,0,0,-32306,0,0,0,0,0,167425,0
167249,-1260,8072,-170,-132,1187,-84,13640,-4,-5,3,0,37031,158,30,66,0,0,0,0,0,0,0,0,-32306,0,0,0,0,0,167430,0
167254,-1276,8114,-152,-141,1144,-85,13640,1,-4,3,0,37028,155,30,66,0,0,0,0,0,0,0,0,-32305,0,0,0,0,0,167435,0
167259,-1230,8102,-212,-139,1111,-74,13639,0,1,4,0,37028,155,30,66,0,0,0,0,0,0,0,0,-32306,0,0,0,0,0,167440,0
167264,-1268,8080,-220,-142,1042,-71,13639,4,-2,5,0,37029,167,30,66,0,0,0,0,0,0,0,0,-32306,0,0,0,0,0,167445,0
167269,-1310,8124,-160,-143,998,-64,13639,-3,-3,6,0,37029,167,30,66,0,0,0,0,0,0,0,0,-32306,0,0,0,0,0,167450,0
167274,-1276,8116,-164,-143,962,-62,13637,-3,-1,7,0,37019,155,30,66,0,0,0,0,0,0,0,0,-32306,0,0,0,0,0,167455,0
167279,-1322,8114,-156,-140,923,-60,13638,-4,-2,6,0,37019,155,30,66,0,0,0,0,0,0,0,0,-32305,0,0,0,0,0,167460,0
167284,-1192,8138,-126,-137,838,-55,13637,-1,-5,6,0,37011,157,30,66,0,0,0,0,0,0,0,0,-32305,0,0,0,0,0,167465,0
167289,-1216,8114,-140,-132,801,-57,13637,-1,-2,6,0,37011,157,30,66,0,0,0,0,0,0,0,0,-32305,0,0,0,0,0,167470,0
167294,-1196,8094,-86,-138,766,-55,13636,0,2,6,0,37017,151,30,66,0,0,0,0,0,0,0,0,-32305,0,0,0,0,0,167475,0
167299,-1274,8104,-92,-133,722,-54,13636,0,1,5,0,37017,151,30,66,0,0,0,0,0,0,0,0,-32305,0,0,0,0,0,167480,0
167304,-1282,8088,0,-132,638,-47,13635,-3,4,4,0,37026,151,30,66,0,0,0,0,0,0,0,0,-32305,0,0,0,0,0,167485,0
167309,-1268,8084,-62,-127,591,-44,13636,2,2,4,0,37026,151,30,66,0,0,0,0,0,0,0,0,-32305,0,0,0,0,0,167490,0
167314,-1310,8094,-34,-124,551,-45,13636,-1,2,2,0,37035,157,30,66,0,0,0,0,0,0,0,0,-32306,0,0,0,0,0,167495,0
167319,-1312,8000,-24,-120,509,-45,13636,0,3,5,0,37035,157,30,66,0,0,0,0,0,0,0,0,-32306,0,0,0,0,0,167500,0
167324,-1428,8064,50,-114,424,-34,13636,0,-1,2,0,37034,154,30,66,0,0,0,0,0,0,0,0,-32307,0,0,0,0,0,167505,0
167329,-1416,8016,36,-112,380,-18,13635,-1,1,2,0,37034,154,30,66,0,0,0,0,0,0,0,0,-32307,0,0,0,0,0,167510,0
167334,-1500,7974,4,-108,344,-19,13636,0,-2,2,0,37033,152,30,66,0,0,0,0,0,0,0,0,-32306,0,0,0,0,0,167515,0
167339,-1532,7964,38,-100,303,-15,13636,0,4,2,0,37033,152,30,66,0,0,0,0,0,0,0,0,-32305,0,0,0,0,0,167520,0
167344,-1666,7940,52,-86,207,3,13636,0,2,3,0,37038,144,30,66,0,0,0,0,0,0,0,0,-32305,0,0,0,0,0,167525,0
167349,-1676,7930,70,-87,160,12,13635,1,1,3,0,37038,144,30,66,0,0,0,0,0,0,0,0,-32305,0,0,0,0,0,167530,0
167354,-1726,7946,72,-78,102,20,13638,7,-3,2,0,37035,143,30,66,0,0,0,0,0,0,0,0,-32305,0,0,0,0,0,167535,0
167359,-1690,7912,60,-68,57,30,13636,1,0,3,0,37035,143,30,66,0,0,0,0,0,0,0,0,-32305,0,0,0,0,0,167540,0
167364,-1704,7942,120,-55,-36,55,13636,-3,2,3,0,37031,146,30,66,0,0,0,0,0,0,0,0,-32306,0,0,0,0,0,167545,0
167369,-1658,7924,128,-52,-75,64,13636,-2,-5,3,0,37031,146,30,66,0,0,0,0,0,0,0,0,-32305,0,0,0,0,0,167550,0
167374,-1624,7906,120,-43,-102,79,13636,-3,-4,4,0,37030,147,30,66,0,0,0,0,0,0,0,0,-32305,0,0,0,0,0,167555,0
167379,-1528,7914,152,-39,-126,96,13635,0,2,2,0,37030,147,30,66,0,0,0,0,0,0,0,0,-32306,0,0,0,0,0,167560,0
167384,-1380,7922,188,-25,-151,120,13635,-5,-3,3,0,37031,150,30,66,0,0,0,0,0,0,0,0,-32305,0,0,0,0,0,167565,0
167389,-1306,7936,210,-16,-162,129,13637,1,-1,3,0,37031,150,30,66,0,0,0,0,0,0,0,0,-32306,0,0,0,0,0,167570,0
167394,-1256,7934,218,-20,-165,142,13637,5,3,3,0,37034,152,30,66,0,0,0,0,0,0,0,0,-32305,0,0,0,0,0,167575,0
167399,-1210,7948,182,-11,-172,145,13635,-1,5,3,0,37034,152,30,66,0,0,0,0,0,0,0,0,-32305,0,0,0,0,0,167580,0
167404,-1134,7978,194,-3,-170,163,13637,2,-1,4,0,37032,162,30,66,0,0,0,0,0,0,0,0,-32305,0,0,0,0,0,167585,0
167409,-1106,8004,194,-2,-163,169,13636,4,-2,4,0,37032,162,30,66,0,0,0,0,0,0,0,0,-32306,0,0,0,0,0,167590,0
167414,-1092,8006,156,4,-163,179,13636,0,2,3,0,37031,170,30,66,0,0,0,0,0,0,0,0,-32305,0,0,0,0,0,167595,0
167419,-1086,7996,194,4,-153,186,13636,5,-4,2,0,37031,170,30,66,0,0,0,0,0,0,0,0,-32306,0,0,0,0,0,167600,0
167424,-1044,8044,144,13,-144,197,13637,1,-3,1,0,37036,168,30,66,0,0,0,0,0,0,0,0,-32305,0,0,0,0,0,167605,0
167429,-1016,8060,148,10,-135,202,13635,0,2,1,0,37036,168,30,66,0,0,0,0,0,0,0,0,-32305,0,0,0,0,0,167610,0
167434,-972,8072,140,14,-130,209,13635,-3,1,2,0,37038,171,30,66,0,0,0,0,0,0,0,0,-32305,0,0,0,0,0,167615,0
167439,-924,8080,118,16,-127,212,13637,0,-4,2,0,37038,171,30,66,0,0,0,0,0,0,0,0,-32306,0,0,0,0,0,167620,0
167444,-846,8088,70,15,-122,214,13636,0,-2,3,0,37037,161,30,66,0,0,0,0,0,0,0,0,-32306,0,0,0,0,0,167625,0
167449,-826,8136,66,17,-120,215,13636,0,4,4,0,37037,161,30,66,0,0,0,0,0,0,0,0,-32305,0,0,0,0,0,167630,0
167454,-780,8130,62,16,-112,219,13636,0,-4,4,0,37033,155,30,66,0,0,0,0,0,0,0,0,-32305,0,0,0,0,0,167635,0
167459,-742,8128,34,14,-105,211,13634,-3,-1,5,0,37033,155,30,66,0,0,0,0,0,0,0,0,-32306,0,0,0,0,0,167640,0
167464,-698,8126,22,18,-97,208,13635,-1,-1,5,0,37034,149,30,66,0,0,0,0,0,0,0,0,-32305,0,0,0,0,0,167645,0
167469,-692,8166,-8,13,-96,202,13636,3,-1,5,0,37034,149,30,66,0,0,0,0,0,0,0,0,-32306,0,0,0,0,0,167650,0
167474,-624,8172,-18,7,-90,201,13635,-1,1,6,0,37036,147,30,66,0,0,0,0,0,0,0,0,-32305,0,0,0,0,0,167655,0
167479,-610,8198,-34,8,-91,196,13635,-3,1,5,0,37036,147,30,66,0,0,0,0,0,0,0,0,-32305,0,0,0,0,0,167660,0
167484,-596,8234,-46,-4,-84,186,13635,2,-3,5,0,37036,162,30,66,0,0,0,0,0,0,0,0,-32305,0,0,0,0,0,167665,0
167489,-552,8242,-32,2,-75,179,13634,1,4,5,0,37036,162,30,66,0,0,0,0,0,0,0,0,-32305,0,0,0,0,0,167670,0
167494,-496,8218,-48,-3,-77,172,13634,6,0,4,0,37034,148,30,66,0,0,0,0,0,0,0,0,-32305,0,0,0,0,0,167675,0
167499,-478,8244,-30,-6,-74,160,13634,1,1,5,0,37034,148,30,66,0,0,0,0,0,0,0,0,-32305,0,0,0,0,0,167680,0
167504,-478,8208,-34,-14,-63,145,13633,-6,1,5,0,37031,145,30,66,0,0,0,0,0,0,0,0,-32305,0,0,0,0,0,167685,0
167509,-466,8228,-10,-15,-58,143,13634,2,-2,3,0,37031,145,30,66,0,0,0,0,0,0,0,0,-32306,0,0,0,0,0,167690,0
167514,-494,8252,18,-17,-57,132,13634,-3,3,2,0,37034,142,30,66,0,0,0,0,0,0,0,0,-32305,0,0,0,0,0,167695,0
167519,-516,8202,-64,-10,-56,128,13635,0,-2,3,0,37034,142,30,66,0,0,0,0,0,0,0,0,-32306,0,0,0,0,0,167700,0
167524,-562,8210,-20,-23,-52,113,13634,-4,-1,2,0,37036,145,30,66,0,0,0,0,0,0,0,0,-32305,0,0,0,0,0,167705,0
167529,-568,8160,30,-22,-47,107,13634,1,-1,3,0,37036,145,30,66,0,0,0,0,0,0,0,0,-32306,0,0,0,0,0,167710,0
167534,-544,8166,-12,-25,-45,101,13634,-2,-6,2,0,37040,162,30,66,0,0,0,0,0,0,0,0,-32305,0,0,0,0,0,167715,0
167539,-568,8178,24,-25,-39,96,13634,0,4,3,0,37040,162,30,66,0,0,0,0,0,0,0,0,-32306,0,0,0,0,0,167720,0
167544,-570,8164,62,-31,-34,85,13634,0,-1,2,0,37039,157,30,66,0,0,0,0,0,0,0,0,-32305,0,0,0,0,0,167725,0
167549,-604,8164,58,-31,-17,87,13633,-4,4,3,0,37039,157,30,66,0,0,0,0,0,0,0,0,-32306,0,0,0,0,0,167730,0
167554,-616,8184,104,-24,-16,77,13634,0,-2,2,0,37041,158,30,66,0,0,0,0,0,0,0,0,-32306,0,0,0,0,0,167735,0
167559,-668,8120,122,-28,-14,79,13634,-1,4,1,0,37041,158,30,66,0,0,0,0,0,0,0,0,-32306,0,0,0,0,0,167740,0
167564,-794,8026,180,-19,-12,77,13635,8,2,0,0,37038,156,30,66,0,0,0,0,0,0,0,0,-32306,0,0,0,0,0,167745,0
167569,-788,8102,158,-23,-4,77,13634,-5,3,-1,0,37038,156,30,66,0,0,0,0,0,0,0,0,-32305,0,0,0,0,0,167750,0
167574,-856,8050,182,-21,-7,81,13636,3,0,-2,0,37034,154,30,66,0,0,0,0,0,0,0,0,-32305,0,0,0,0,0,167755,0
167579,-934,8032,162,-21,-9,84,13635,2,2,-1,0,37034,154,30,66,0,0,0,0,0,0,0,0,-32305,0,0,0,0,0,167760,0
167584,-970,7978,266,-18,-15,89,13636,5,2,-2,0,37028,147,30,66,0,0,0,0,0,0,0,0,-32306,0,0,0,0,0,167765,0
167589,-1038,8024,170,-10,-16,98,13636,1,-1,-2,0,37028,147,30,66,0,0,0,0,0,0,0,0,-32305,0,0,0,0,0,167770,0
167594,-1014,7992,202,-5,-26,104,13637,3,2,-2,0,37030,149,30,66,0,0,0,0,0,0,0,0,-32305,0,0,0,0,0,167775,0
167599,-1052,8010,204,0,-27,104,13638,5,1,-1,0,37030,149,30,66,0,0,0,0,0,0,0,0,-32305,0,0,0,0,0,167780,0
167604,-1002,7928,216,3,-43,117,13638,5,0,0,0,37035,147,30,66,0,0,0,0,0,0,0,0,-32306,0,0,0,0,0,167785,0
167609,-998,7960,224,7,-46,126,13638,2,0,2,0,37035,147,30,66,0,0,0,0,0,0,0,0,-32306,0,0,0,0,0,167790,0
167614,-954,8056,250,11,-59,131,13639,0,1,1,0,37034,149,30,66,0,0,0,0,0,0,0,0,-32305,0,0,0,0,0,167795,0
167619,-962,8026,210,20,-65,131,13639,0,0,2,0,37034,149,30,66,0,0,0,0,0,0,0,0,-32306,0,0,0,0,0,167800,0
167624,-898,8024,188,20,-80,136,13638,4,-6,2,0,37031,149,30,66,0,0,0,0,0,0,0,0,-32305,0,0,0,0,0,167805,0
167629,-876,8034,206,34,-83,133,13638,-6,-5,3,0,37031,149,30,66,0,0,0,0,0,0,0,0,-32306,0,0,0,0,0,167810,0
167634,-880,8052,232,33,-98,141,13639,-3,4,2,0,37032,153,30,66,0,0,0,0,0,0,0,0,-32306,0,0,0,0,0,167815,0
167639,-836,8092,236,36,-98,139,13638,6,-2,3,0,37032,153,30,66,0,0,0,0,0,0,0,0,-32305,0,0,0,0,0,167820,0
167644,-782,8100,228,48,-104,141,13639,3,-3,0,0,37034,135,30,66,0,0,0,0,0,0,0,0,-32306,0,0,0,0,0,167825,0
167649,-768,8130,218,43,-104,142,13638,0,3,2,0,37034,135,30,66,0,0,0,0,0,0,0,0,-32305,0,0,0,0,0,167830,0
167654,-712,8150,176,47,-98,141,13638,0,1,3,0,37036,139,30,66,0,0,0,0,0,0,0,0,-32306,0,0,0,0,0,167835,0
167659,-674,8124,170,51,-95,141,13639,0,2,4,0,37036,139,30,66,0,0,0,0,0,0,0,0,-32305,0,0,0,0,0,167840,0
167664,-590,8154,174,51,-86,138,13639,3,-2,3,0,37034,145,30,66,0,0,0,0,0,0,0,0,-32305,0,0,0,0,0,167845,0
167669,-552,8164,176,46,-82,130,13639,3,-1,4,0,37034,145,30,66,0,0,0,0,0,0,0,0,-32305,0,0,0,0,0,167850,0
167674,-536,8160,136,53,-78,126,13638,0,1,4,0,37031,162,30,66,0,0,0,0,0,0,0,0,-32305,0,0,0,0,0,167855,0
167679,-494,8172,106,49,-68,123,13638,-4,0,4,0,37031,162,30,66,0,0,0,0,0,0,0,0,-32305,0,0,0,0,0,167860,0
167684,-442,8204,114,42,-53,114,13639,4,0,5,0,37033,163,30,66,0,0,0,0,0,0,0,0,-32306,0,0,0,0,0,167865,0
167689,-438,8206,110,48,-44,105,13638,-1,2,3,0,37033,163,30,66,0,0,0,0,0,0,0,0,-32305,0,0,0,0,0,167870,0
167694,-482,8146,90,44,-41,101,13639,9,3,4,0,37035,161,30,66,0,0,0,0,0,0,0,0,-32305,0,0,0,0,0,167875,0
167699,-426,8186,70,43,-28,90,13638,-3,0,4,0,37035,161,30,66,0,0,0,0,0,0,0,0,-32305,0,0,0,0,0,167880,0
167704,-466,8224,50,42,-11,87,13638,0,4,3,0,37036,164,30,66,0,0,0,0,0,0,0,0,-32305,0,0,0,0,0,167885,0
167709,-464,8222,70,33,-4,76,13638,1,0,3,0,37036,164,30,66,0,0,0,0,0,0,0,0,-32306,0,0,0,0,0,167890,0
167714,-480,8204,-12,35,6,67,13638,6,5,3,0,37033,160,30,66,0,0,0,0,0,0,0,0,-32306,0,0,0,0,0,167895,0
167719,-532,8212,18,25,10,66,13637,-9,-4,2,0,37033,160,30,66,0,0,0,0,0,0,0,0,-32305,0,0,0,0,0,167900,0
167724,-568,8120,-4,20,17,58,13637,5,1,1,0,37035,160,30,66,0,0,0,0,0,0,0,0,-32305,0,0,0,0,0,167905,0
167729,-582,8194,4,16,18,60,13638,1,-1,3,0,37035,160,30,66,0,0,0,0,0,0,0,0,-32306,0,0,0,0,0,167910,0
167734,-602,8186,-6,19,30,48,13637,-1,2,2,0,37035,162,30,66,0,0,0,0,0,0,0,0,-32306,0,0,0,0,0,167915,0
167739,-594,8164,-18,14,33,53,13637,0,-1,3,0,37035,162,30,66,0,0,0,0,0,0,0,0,-32306,0,0,0,0,0,167920,0
167744,-600,8112,56,1,35,45,13639,5,6,4,0,37032,159,30,66,0,0,0,0,0,0,0,0,-32306,0,0,0,0,0,167925,0
167749,-610,8182,-8,8,44,39,13639,2,4,4,0,37032,159,30,66,0,0,0,0,0,0,0,0,-32305,0,0,0,0,0,167930,0
167754,-638,8142,-8,3,43,41,13638,8,0,6,0,37033,154,30,66,0,0,0,0,0,0,0,0,-32306,0,0,0,0,0,167935,0
167759,-644,8186,46,1,43,38,13638,5,-1,3,0,37033,154,30,66,0,0,0,0,0,0,0,0,-32305,0,0,0,0,0,167940,0
167764,-656,8144,40,-6,49,29,13638,1,2,2,0,37034,148,30,66,0,0,0,0,0,0,0,0,-32306,0,0,0,0,0,167945,0
167769,-676,8124,52,-5,44,28,13639,13,6,3,0,37034,148,30,66,0,0,0,0,0,0,0,0,-32305,0,0,0,0,0,167950,0
167774,-658,8114,84,-7,45,29,13637,-3,-4,2,0,37035,145,30,66,0,0,0,0,0,0,0,0,-32306,0,0,0,0,0,167955,0
167779,-698,8106,84,-2,43,27,13639,5,3,2,0,37035,145,30,66,0,0,0,0,0,0,0,0,-32305,0,0,0,0,0,167961,0
167784,-690,8140,120,-13,42,22,13638,0,0,4,0,37030,147,30,66,0,0,0,0,0,0,0,0,-32306,0,0,0,0,0,167966,0
167789,-650,8122,112,-14,39,24,13638,0,0,1,0,37030,147,30,66,0,0,0,0,0,0,0,0,-32305,0,0,0,0,0,167971,0
167794,-686,8108,122,-10,38,20,13637,-1,-5,4,0,37027,146,30,66,0,0,0,0,0,0,0,0,-32306,0,0,0,0,0,167976,0
167799,-674,8104,126,-12,31,19,13638,0,3,4,0,37027,146,30,66,0,0,0,0,0,0,0,0,-32305,0,0,0,0,0,167981,0
167804,-678,8146,112,-12,35,17,13639,7,4,3,0,37026,146,30,66,0,0,0,0,0,0,0,0,-32306,0,0,0,0,0,167986,0
167809,-686,8180,122,-14,36,15,13638,4,2,3,0,37026,146,30,66,0,0,0,0,0,0,0,0,-32305,0,0,0,0,0,167991,0
167814,-658,8112,120,-14,30,11,13638,1,2,4,0,37031,145,30,66,0,0,0,0,0,0,0,0,-32305,0,0,0,0,0,167996,0
167819,-710,8132,140,-17,33,10,13638,0,-1,2,0,37031,145,30,66,0,0,0,0,0,0,0,0,-32305,0,0,0,0,0,168001,0
167824,-682,8160,92,-4,27,11,13637,-2,2,1,0,37032,154,30,66,0,0,0,0,0,0,0,0,-32305,0,0,0,0,0,168006,0
167829,-672,8180,106,-15,28,5,13638,1,2,2,0,37032,154,30,66,0,0,0,0,0,0,0,0,-32306,0,0,0,0,0,168011,0
167834,-690,8192,118,-14,22,4,13638,-1,-4,1,0,37027,148,30,66,0,0,0,0,0,0,0,0,-32305,0,0,0,0,0,168016,0
167839,-698,8164,96,-17,19,2,13638,3,2,2,0,37027,148,30,66,0,0,0,0,0,0,0,0,-32306,0,0,0,0,0,168021,0
167844,-702,8174,112,-13,10,2,13636,-5,-2,2,0,37026,141,30,66,0,0,0,0,0,0,0,0,-32305,0,0,0,0,0,168026,0
167849,-748,8154,144,-16,2,-2,13637,1,-2,4,0,37026,141,30,66,0,0,0,0,0,0,0,0,-32306,0,0,0,0,0,168031,0
167854,-748,8128,142,-16,2,-3,13638,0,1,6,0,37031,151,30,66,0,0,0,0,0,0,0,0,-32306,0,0,0,0,0,168036,0
167859,-722,8142,130,-17,2,-2,13637,0,-1,3,0,37031,151,30,66,0,0,0,0,0,0,0,0,-32306,0,0,0,0,0,168041,0
167864,-736,8134,150,-13,-2,5,13638,-1,1,3,0,37031,151,30,66,0,0,0,0,0,0,0,0,-32305,0,0,0,0,0,168046,0
167869,-776,8098,162,-13,-2,2,13638,3,-3,4,0,37031,151,30,66,0,0,0,0,0,0,0,0,-32306,0,0,0,0,0,168051,0
167874,-758,8114,154,-17,0,1,13638,-1,0,0,0,37026,167,30,66,0,0,0,0,0,0,0,0,-32305,0,0,0,0,0,168056,0
167879,-738,8076,146,-18,4,1,13638,3,-2,1,0,37026,167,30,66,0,0,0,0,0,0,0,0,-32305,0,0,0,0,0,168061,0
167884,-762,8078,164,-14,6,7,13636,-1,-5,3,0,37022,155,30,66,0,0,0,0,0,0,0,0,-32306,0,0,0,0,0,168066,0
167889,-768,8064,154,-15,3,9,13637,-7,-7,3,0,37022,155,30,66,0,0,0,0,0,0,0,0,-32305,0,0,0,0,0,168071,0
167894,-810,8070,180,-23,5,10,13638,1,1,3,0,37025,162,30,66,0,0,0,0,0,0,0,0,-32305,0,0,0,0,0,168076,0
167899,-836,8086,174,-19,10,14,13638,-2,0,4,0,37025,162,30,66,0,0,0,0,0,0,0,0,-32306,0,0,0,0,0,168081,0
167904,-836,8056,196,-21,12,15,13638,-1,0,4,0,37028,164,30,66,0,0,0,0,0,0,0,0,-32305,0,0,0,0,0,168086,0
167909,-854,8066,164,-19,15,17,13637,0,0,3,0,37028,164,30,66,0,0,0,0,0,0,0,0,-32306,0,0,0,0,0,168091,0
167914,-798,8062,150,-20,15,17,13638,4,1,2,0,37026,165,30,66,0,0,0,0,0,0,0,0,-32306,0,0,0,0,0,168096,0
167919,-810,8086,156,-18,18,20,13637,0,1,1,0,37026,165,30,66,0,0,0,0,0,0,0,0,-32305,0,0,0,0,0,168101,0
167924,-764,8120,126,-27,13,27,13638,2,2,2,0,37025,164,30,66,0,0,0,0,0,0,0,0,-32306,0,0,0,0,0,168106,0
167929,-728,8108,152,-23,14,25,13638,5,-2,2,0,37025,164,30,66,0,0,0,0,0,0,0,0,-32305,0,0,0,0,0,168111,0
167934,-714,8124,122,-28,22,30,13637,1,-7,2,0,37029,168,30,66,0,0,0,0,0,0,0,0,-32305,0,0,0,0,0,168116,0
167939,-722,8128,138,-31,23,29,13638,5,3,2,0,37029,168,30,66,0,0,0,0,0,0,0,0,-32305,0,0,0,0,0,168121,0
167944,-716,8156,126,-30,24,29,13638,-5,1,2,0,37033,154,30,66,0,0,0,0,0,0,0,0,-32306,0,0,0,0,0,168126,0
167949,-720,8128,150,-33,26,29,13638,0,0,4,0,37033,154,30,66,0,0,0,0,0,0,0,0,-32306,0,0,0,0,0,168131,0
167954,-684,8118,148,-34,28,30,13639,7,4,1,0,37035,146,30,66,0,0,0,0,0,0,0,0,-32306,0,0,0,0,0,168136,0
167959,-694,8136,150,-38,30,28,13637,-3,-2,3,0,37035,146,30,66,0,0,0,0,0,0,0,0,-32305,0,0,0,0,0,168141,0
167964,-676,8160,146,-39,36,19,13637,1,0,3,0,37034,144,30,66,0,0,0,0,0,0,0,0,-32305,0,0,0,0,0,168146,0
167969,-658,8174,126,-42,32,23,13637,-4,2,3,0,37034,144,30,66,0,0,0,0,0,0,0,0,-32305,0,0,0,0,0,168151,0
167974,-662,8176,122,-43,38,26,13636,-7,-2,4,0,37032,148,30,66,0,0,0,0,0,0,0,0,-32305,0,0,0,0,0,168156,0
167979,-648,8172,132,-41,38,21,13636,0,-2,3,0,37032,148,30,66,0,0,0,0,0,0,0,0,-32305,0,0,0,0,0,168161,0
167984,-642,8140,132,-44,32,15,13638,1,1,4,0,37032,148,30,66,0,0,0,0,0,0,0,0,-32306,0,0,0,0,0,168166,0
167989,-644,8154,144,-51,36,13,13636,-3,0,4,0,37032,148,30,66,0,0,0,0,0,0,0,0,-32306,0,0,0,0,0,168171,0
167994,-670,8150,144,-53,29,9,13637,-3,1,4,0,37032,142,30,66,0,0,0,0,0,0,0,0,-32305,0,0,0,0,0,168176,0
167999,-664,8138,154,-55,30,10,13636,-2,-1,4,0,37032,142,30,66,0,0,0,0,0,0,0,0,-32306,0,0,0,0,0,168181,0
168004,-686,8102,174,-57,25,6,13637,0,2,4,0,37031,142,30,66,0,0,0,0,0,0,0,0,-32305,0,0,0,0,0,168186,0
168009,-700,8124,188,-58,24,1,13635,-5,-3,4,0,37031,142,30,66,0,0,0,0,0,0,0,0,-32305,0,0,0,0,0,168191,0
168014,-702,8142,196,-60,21,-5,13636,1,0,3,0,37029,139,30,66,0,0,0,0,0,0,0,0,-32305,0,0,0,0,0,168196,0
168019,-720,8114,192,-52,15,-2,13635,-3,-4,4,0,37029,139,30,66,0,0,0,0,0,0,0,0,-32305,0,0,0,0,0,168201,0
168024,-720,8130,210,-60,15,-3,13635,0,-1,4,0,37032,149,30,66,0,0,0,0,0,0,0,0,-32305,0,0,0,0,0,168206,0
168029,-738,8116,218,-60,8,-5,13635,-4,-3,3,0,37032,149,30,66,0,0,0,0,0,0,0,0,-32305,0,0,0,0,0,168211,0
168034,-726,8128,238,-60,3,-6,13635,-9,-2,5,0,37034,157,30,66,0,0,0,0,0,0,0,0,-32305,0,0,0,0,0,168216,0
168039,-710,8110,220,-65,3,-1,13634,0,-5,6,0,37034,157,30,66,0,0,0,0,0,0,0,0,-32305,0,0,0,0,0,168221,0
168044,-754,8132,264,-62,-3,-1,13636,0,-1,4,0,37032,168,30,66,0,0,0,0,0,0,0,0,-32305,0,0,0,0,0,168226,0
168049,-758,8138,244,-59,-2,-4,13634,0,-1,4,0,37032,168,30,66,0,0,0,0,0,0,0,0,-32305,0,0,0,0,0,168231,0
168054,-762,8112,240,-58,-9,-6,13635,3,-3,6,0,37034,155,30,66,0,0,0,0,0,0,0,0,-32305,0,0,0,0,0,168236,0
168059,-740,8106,248,-61,-12,-4,13634,1,-2,7,0,37034,155,30,66,0,0,0,0,0,0,0,0,-32306,0,0,0,0,0,168241,0
168064,-774,8110,254,-61,-11,-7,13634,-1,-2,6,0,37036,153,30,66,0,0,0,0,0,0,0,0,-32306,0,0,0,0,0,168246,0
168069,-754,8116,284,-62,-19,-7,13634,-1,1,4,0,37036,153,30,66,0,0,0,0,0,0,0,0,-32305,0,0,0,0,0,168251,0
168074,-772,8118,288,-56,-18,-5,13633,-2,-2,4,0,37039,160,30,66,0,0,0,0,0,0,0,0,-32305,0,0,0,0,0,168256,0
168079,-790,8096,270,-59,-19,-8,13634,6,0,5,0,37039,160,30,66,0,0,0,0,0,0,0,0,-32305,0,0,0,0,0,168261,0
168084,-776,8100,262,-62,-25,-4,13632,1,-5,8,0,37034,163,30,66,0,0,0,0,0,0,0,0,-32305,0,0,0,0,0,168266,0
168089,-772,8120,270,-59,-23,-4,13632,4,0,7,0,37034,163,30,66,0,0,0,0,0,0,0,0,-32306,0,0,0,0,0,168271,0
168094,-808,8118,234,-62,-21,5,13633,1,6,7,0,37028,154,30,66,0,0,0,0,0,0,0,0,-32305,0,0,0,0,0,168276,0
168099,-796,8098,250,-58,-22,-3,13631,-7,1,7,0,37028,154,30,66,0,0,0,0,0,0,0,0,-32305,0,0,0,0,0,168281,0
168104,-794,8072,264,-60,-24,2,13632,0,1,7,0,37030,150,30,66,0,0,0,0,0,0,0,0,-32305,0,0,0,0,0,168286,0
168109,-792,8072,298,-57,-28,2,13631,1,-3,6,0,37030,150,30,66,0,0,0,0,0,0,0,0,-32305,0,0,0,0,0,168291,0
168114,-800,8064,282,-57,-32,5,13632,-1,1,6,0,37032,150,30,66,0,0,0,0,0,0,0,0,-32306,0,0,0,0,0,168296,0
168119,-826,8072,282,-62,-30,6,13629,-3,-2,5,0,37032,150,30,66,0,0,0,0,0,0,0,0,-32305,0,0,0,0,0,168301,0
168124,-890,8068,284,-56,-34,13,13630,0,3,5,0,37031,161,30,66,0,0,0,0,0,0,0,0,-32306,0,0,0,0,0,168306,0
168129,-944,8056,278,-54,-33,15,13630,1,-3,4,0,37031,161,30,66,0,0,0,0,0,0,0,0,-32305,0,0,0,0,0,168311,0
168134,-950,8042,284,-55,-40,19,13629,1,5,4,0,37027,152,30,66,0,0,0,0,0,0,0,0,-32305,0,0,0,0,0,168316,0
168139,-960,8058,286,-62,-42,27,13629,0,1,6,0,37027,152,30,66,0,0,0,0,0,0,0,0,-32305,0,0,0,0,0,168321,0
168144,-1024,8026,282,-59,-34,42,13628,-5,2,6,0,37028,149,30,66,0,0,0,0,0,0,0,0,-32306,0,0,0,0,0,168326,0
168149,-1010,8030,298,-56,-39,49,13629,1,2,6,0,37028,149,30,66,0,0,0,0,0,0,0,0,-32305,0,0,0,0,0,168331,0
168154,-1052,8040,294,-57,-38,55,13630,7,-2,6,0,37033,143,30,66,0,0,0,0,0,0,0,0,-32305,0,0,0,0,0,168336,0
168159,-1020,8034,316,-62,-35,63,13628,0,3,5,0,37033,143,30,66,0,0,0,0,0,0,0,0,-32305,0,0,0,0,0,168341,0
168164,-966,8064,332,-58,-42,77,13626,-10,-3,8,0,37039,146,30,66,0,0,0,0,0,0,0,0,-32305,0,0,0,0,0,168346,0
168169,-954,8064,338,-56,-42,86,13626,0,-5,10,0,37039,146,30,66,0,0,0,0,0,0,0,0,-32306,0,0,0,0,0,168351,0
168174,-812,8146,370,-50,-41,58,13625,-3,-4,9,0,37037,153,30,66,0,0,0,0,0,0,0,0,-32305,0,0,0,0,0,168356,0
168179,72,8060,366,-53,-49,31,13626,-2,-1,6,0,37037,153,30,66,0,0,0,0,0,0,0,0,-32305,0,0,0,0,0,168361,0
168184,252,8348,416,-55,-50,6,13624,3,2,5,0,37038,150,30,66,0,0,0,0,0,0,0,0,-32305,0,0,0,0,0,168366,0
168189,-178,8342,458,-54,-41,6,13624,-3,6,3,0,37038,150,30,66,0,0,0,0,0,0,0,0,-32306,0,0,0,0,0,168371,0
168194,-574,8272,514,-54,-18,-4,13624,-2,-1,3,0,37042,153,30,66,0,0,0,0,0,0,0,0,-32306,0,0,0,0,0,168376,0
168199,-700,8136,462,-50,-2,-5,13625,-2,0,3,0,37042,153,30,66,0,0,0,0,0,0,0,0,-32306,0,0,0,0,0,168381,0
168204,-750,8108,412,-49,10,-6,13624,-3,5,2,0,37048,158,30,66,0,0,0,0,0,0,0,0,-32305,0,0,0,0,0,168386,0
168209,-790,8188,404,-39,9,-5,13624,-3,-2,3,0,37048,158,30,66,0,0,0,0,0,0,0,0,-32305,0,0,0,0,0,168391,0
168214,-762,8208,398,-38,-5,-7,13625,2,-3,2,0,37044,161,30,66,0,0,0,0,0,0,0,0,-32306,0,0,0,0,0,168396,0
168219,-720,8216,414,-30,-17,-10,13624,-2,-1,2,0,37044,161,30,66,0,0,0,0,0,0,0,0,-32305,0,0,0,0,0,168401,0
168224,-530,8106,454,-26,-22,-23,13624,0,2,3,0,37038,163,30,66,0,0,0,0,0,0,0,0,-32305,0,0,0,0,0,168406,0
168229,-466,8018,476,-29,-21,-28,13625,0,0,3,0,37038,163,30,66,0,0,0,0,0,0,0,0,-32305,0,0,0,0,0,168411,0
168234,-462,8012,488,-22,-19,-34,13625,0,2,2,0,37030,160,30,66,0,0,0,0,0,0,0,0,-32305,0,0,0,0,0,168416,0
168239,-558,8010,540,-17,-14,-34,13624,-2,2,2,0,37030,160,30,66,0,0,0,0,0,0,0,0,-32305,0,0,0,0,0,168421,0
168244,-784,8084,540,-15,-12,-41,13624,-5,-4,2,0,37033,160,30,66,0,0,0,0,0,0,0,0,-32305,0,0,0,0,0,168426,0
168249,-818,8098,498,-8,-15,-38,13624,0,2,3,0,37033,160,30,66,0,0,0,0,0,0,0,0,-32306,0,0,0,0,0,168431,0
168254,-820,8098,504,0,-22,-40,13624,4,2,3,0,37032,160,30,66,0,0,0,0,0,0,0,0,-32305,0,0,0,0,0,168436,0
168259,-820,8072,460,2,-25,-37,13625,0,2,3,0,37032,160,30,66,0,0,0,0,0,0,0,0,-32305,0,0,0,0,0,168441,0
168264,-774,8068,468,11,-30,-41,13625,2,2,2,0,37033,159,30,66,0,0,0,0,0,0,0,0,-32306,0,0,0,0,0,168446,0
168269,-712,8074,486,14,-41,-44,13625,3,1,1,0,37033,159,30,66,0,0,0,0,0,0,0,0,-32306,0,0,0,0,0,168451,0
168274,-678,8040,510,21,-37,-47,13625,4,-1,2,0,37036,152,30,66,0,0,0,0,0,0,0,0,-32305,0,0,0,0,0,168456,0
168279,-678,8060,560,19,-35,-44,13624,0,1,2,0,37036,152,30,66,0,0,0,0,0,0,0,0,-32305,0,0,0,0,0,168461,0
168284,-666,8072,560,33,-26,-50,13626,7,-3,3,0,37034,133,30,66,0,0,0,0,0,0,0,0,-32306,0,0,0,0,0,168466,0
168289,-826,8150,568,38,-22,-53,13625,3,1,3,0,37034,133,30,66,0,0,0,0,0,0,0,0,-32305,0,0,0,0,0,168471,0
168294,-790,8078,518,37,-18,-45,13623,-2,-2,3,0,37033,147,30,66,0,0,0,0,0,0,0,0,-32306,0,0,0,0,0,168476,0
168299,-738,8064,530,45,-18,-50,13624,1,-3,5,0,37033,147,30,66,0,0,0,0,0,0,0,0,-32306,0,0,0,0,0,168481,0
168304,-784,8072,514,52,-17,-47,13625,0,-6,3,0,37028,150,30,66,0,0,0,0,0,0,0,0,-32305,0,0,0,0,0,168486,0
168309,-798,8134,468,60,-15,-39,13624,2,-2,1,0,37028,150,30,66,0,0,0,0,0,0,0,0,-32305,0,0,0,0,0,168491,0
168314,-732,8114,518,60,-20,-43,13624,-2,0,2,0,37029,153,30,66,0,0,0,0,0,0,0,0,-32305,0,0,0,0,0,168496,0
168319,-798,8056,556,63,-20,-46,13624,0,-6,2,0,37029,153,30,66,0,0,0,0,0,0,0,0,-32305,0,0,0,0,0,168501,0
168324,-888,8086,506,78,-18,-46,13625,5,-2,1,0,37033,155,30,66,0,0,0,0,0,0,0,0,-32306,0,0,0,0,0,168506,0
168329,-862,8052,474,78,-21,-41,13624,1,0,2,0,37033,155,30,66,0,0,0,0,0,0,0,0,-32306,0,0,0,0,0,168511,0
168334,-828,8036,534,81,-20,-35,13626,3,-6,2,0,37037,165,30,66,0,0,0,0,0,0,0,0,-32305,0,0,0,0,0,168516,0
168339,-864,8092,536,92,-22,-37,13624,-2,-2,3,0,37037,165,30,66,0,0,0,0,0,0,0,0,-32305,0,0,0,0,0,168521,0
168344,-890,7986,516,94,-17,-30,13624,-3,1,3,0,37034,169,30,66,0,0,0,0,0,0,0,0,-32305,0,0,0,0,0,168526,0
168349,-890,8030,512,92,-18,-28,13624,1,-4,4,0,37034,169,30,66,0,0,0,0,0,0,0,0,-32305,0,0,0,0,0,168531,0
168354,-926,8050,470,107,-16,-30,13625,0,-5,2,0,37031,155,30,66,0,0,0,0,0,0,0,0,-32305,0,0,0,0,0,168536,0
168359,-894,8010,478,100,-12,-25,13625,0,0,4,0,37031,155,30,66,0,0,0,0,0,0,0,0,-32305,0,0,0,0,0,168541,0
168364,-878,8028,498,113,-13,-22,13624,-5,-1,5,0,37031,149,30,66,0,0,0,0,0,0,0,0,-32306,0,0,0,0,0,168546,0
168369,-876,8038,500,111,-9,-15,13623,-7,-2,3,0,37031,149,30,66,0,0,0,0,0,0,0,0,-32306,0,0,0,0,0,168551,0
168374,-938,8030,440,119,-6,-15,13624,-1,-4,0,0,37037,157,30,66,0,0,0,0,0,0,0,0,-32306,0,0,0,0,0,168556,0
168379,-840,7994,478,123,0,-7,13626,0,-2,2,0,37037,157,30,66,0,0,0,0,0,0,0,0,-32305,0,0,0,0,0,168561,0
168384,-782,8056,486,121,4,-6,13624,-2,0,4,0,37035,160,30,66,0,0,0,0,0,0,0,0,-32306,0,0,0,0,0,168566,0
168389,-808,8034,460,129,11,-8,13623,-3,5,2,0,37035,160,30,66,0,0,0,0,0,0,0,0,-32305,0,0,0,0,0,168571,0
168394,-820,8090,484,130,11,-5,13625,1,-4,3,0,37031,155,30,66,0,0,0,0,0,0,0,0,-32305,0,0,0,0,0,168576,0
168399,-804,8066,484,132,16,-4,13624,-3,-1,5,0,37031,155,30,66,0,0,0,0,0,0,0,0,-32305,0,0,0,0,0,168581,0
168404,-756,8104,430,132,18,-3,13623,-7,4,5,0,37031,157,30,66,0,0,0,0,0,0,0,0,-32306,0,0,0,0,0,168586,0
168409,-780,8096,416,133,31,-7,13624,-5,-2,3,0,37031,157,30,66,0,0,0,0,0,0,0,0,-32306,0,0,0,0,0,168591,0
168414,-792,8132,426,140,23,-8,13623,-1,3,2,0,37038,153,30,66,0,0,0,0,0,0,0,0,-32305,0,0,0,0,0,168596,0
168419,-774,8142,422,143,24,-7,13625,6,2,3,0,37038,153,30,66,0,0,0,0,0,0,0,0,-32305,0,0,0,0,0,168601,0
168424,-836,8100,324,147,28,-7,13624,-6,1,1,0,37040,149,30,66,0,0,0,0,0,0,0,0,-32305,0,0,0,0,0,168606,0
168429,-796,8122,388,149,28,-4,13624,-4,6,2,0,37040,149,30,66,0,0,0,0,0,0,0,0,-32306,0,0,0,0,0,168611,0
168434,-772,8076,414,148,23,-6,13624,-9,-2,2,0,37036,138,30,66,0,0,0,0,0,0,0,0,-32305,0,0,0,0,0,168616,0
168439,-762,8086,386,146,18,-7,13624,-5,-2,3,0,37036,138,30,66,0,0,0,0,0,0,0,0,-32305,0,0,0,0,0,168621,0
168444,-796,8082,378,153,21,-10,13624,-6,0,1,0,37034,133,30,66,0,0,0,0,0,0,0,0,-32305,0,0,0,0,0,168626,0
168449,-812,8156,398,153,24,-12,13625,3,3,2,0,37034,133,30,66,0,0,0,0,0,0,0,0,-32305,0,0,0,0,0,168631,0
168454,-766,8090,330,154,17,-9,13624,-3,2,3,0,37034,133,30,66,0,0,0,0,0,0,0,0,-32305,0,0,0,0,0,168636,0
168459,-780,8032,386,158,19,-14,13624,-2,10,3,0,37034,133,30,66,0,0,0,0,0,0,0,0,-32305,0,0,0,0,0,168641,0
168464,-830,8048,380,154,11,-14,13624,-1,-1,2,0,37034,147,30,66,0,0,0,0,0,0,0,0,-32305,0,0,0,0,0,168646,0
168469,-810,8044,378,154,6,-13,13624,3,4,3,0,37034,147,30,66,0,0,0,0,0,0,0,0,-32306,0,0,0,0,0,168651,0
168474,-818,8064,386,159,7,-15,13625,-2,3,3,0,37033,141,30,66,0,0,0,0,0,0,0,0,-32305,0,0,0,0,0,168656,0
168479,-832,8048,390,164,1,-14,13623,-7,0,1,0,37033,141,30,66,0,0,0,0,0,0,0,0,-32305,0,0,0,0,0,168661,0
168484,-828,8060,354,165,0,-11,13625,0,1,3,0,37032,144,30,66,0,0,0,0,0,0,0,0,-32305,0,0,0,0,0,168666,0
168489,-846,8086,344,169,0,-13,13625,-2,-3,2,0,37032,144,30,66,0,0,0,0,0,0,0,0,-32306,0,0,0,0,0,168671,0
168494,-850,8098,362,166,0,-16,13623,-3,3,3,0,37037,140,30,66,0,0,0,0,0,0,0,0,-32305,0,0,0,0,0,168676,0
168499,-846,8098,338,172,-9,-12,13625,0,1,3,0,37037,140,30,66,0,0,0,0,0,0,0,0,-32305,0,0,0,0,0,168681,0
168504,-876,8088,330,169,-10,-17,13625,0,-1,2,0,37037,131,30,66,0,0,0,0,0,0,0,0,-32306,0,0,0,0,0,168686,0
168509,-854,8066,344,169,-10,-8,13624,-9,2,2,0,37037,131,30,66,0,0,0,0,0,0,0,0,-32305,0,0,0,0,0,168691,0
168514,-882,8084,346,171,-8,-6,13624,0,0,1,0,37034,149,30,66,0,0,0,0,0,0,0,0,-32305,0,0,0,0,0,168696,0
168519,-894,8078,322,173,-11,-7,13624,2,1,2,0,37034,149,30,66,0,0,0,0,0,0,0,0,-32306,0,0,0,0,0,168701,0
168524,-870,8096,306,167,-10,1,13624,-2,2,2,0,37033,153,30,66,0,0,0,0,0,0,0,0,-32305,0,0,0,0,0,168706,0
168529,-850,8070,322,172,-9,-2,13624,4,0,1,0,37033,153,30,66,0,0,0,0,0,0,0,0,-32305,0,0,0,0,0,168711,0
168534,-856,8068,298,171,-4,-1,13623,-3,2,2,0,37034,157,30,66,0,0,0,0,0,0,0,0,-32306,0,0,0,0,0,168716,0
168539,-866,8076,294,169,-9,4,13625,-1,-1,3,0,37034,157,30,66,0,0,0,0,0,0,0,0,-32305,0,0,0,0,0,168721,0
168544,-852,8084,306,170,1,7,13623,-5,-3,2,0,37035,166,30,66,0,0,0,0,0,0,0,0,-32306,0,0,0,0,0,168726,0
168549,-862,8096,290,169,2,7,13625,1,4,3,0,37035,166,30,66,0,0,0,0,0,0,0,0,-32305,0,0,0,0,0,168731,0
168554,-846,8104,288,168,7,4,13625,9,-1,2,0,37033,164,30,66,0,0,0,0,0,0,0,0,-32305,0,0,0,0,0,168736,0
168559,-842,8104,288,174,11,8,13624,0,3,2,0,37033,164,30,66,0,0,0,0,0,0,0,0,-32306,0,0,0,0,0,168741,0
168564,-832,8142,270,163,15,12,13625,2,1,2,0,37032,166,30,66,0,0,0,0,0,0,0,0,-32305,0,0,0,0,0,168746,0
168569,-832,8124,280,165,18,14,13624,-1,-5,4,0,37032,166,30,66,0,0,0,0,0,0,0,0,-32305,0,0,0,0,0,168751,0
168574,-814,8110,294,161,24,16,13624,0,4,4,0,37034,163,30,66,0,0,0,0,0,0,0,0,-32306,0,0,0,0,0,168756,0
168579,-820,8100,306,167,28,14,13624,-4,-5,2,0,37034,163,30,66,0,0,0,0,0,0,0,0,-32306,0,0,0,0,0,168761,0
168584,-836,8116,288,166,35,14,13623,0,2,0,0,37039,150,30,66,0,0,0,0,0,0,0,0,-32306,0,0,0,0,0,168766,0
168589,-822,8112,270,161,37,20,13624,-3,2,1,0,37039,150,30,66,0,0,0,0,0,0,0,0,-32306,0,0,0,0,0,168771,0
168594,-774,8124,284,165,45,18,13625,0,0,3,0,37036,152,30,66,0,0,0,0,0,0,0,0,-32305,0,0,0,0,0,168776,0
168599,-804,8130,292,163,49,19,13625,1,3,3,0,37036,152,30,66,0,0,0,0,0,0,0,0,-32305,0,0,0,0,0,168781,0
168604,-784,8118,278,164,57,19,13624,-4,3,3,0,37035,151,30,66,0,0,0,0,0,0,0,0,-32305,0,0,0,0,0,168786,0
168609,-784,8112,276,160,53,19,13624,2,-4,2,0,37035,151,30,66,0,0,0,0,0,0,0,0,-32306,0,0,0,0,0,168791,0
168614,-792,8116,272,164,57,20,13624,-3,0,3,0,37030,155,30,66,0,0,0,0,0,0,0,0,-32306,0,0,0,0,0,168796,0
168619,-764,8114,276,165,58,14,13624,0,2,3,0,37030,155,30,66,0,0,0,0,0,0,0,0,-32305,0,0,0,0,0,168801,0
168624,-780,8114,270,165,61,18,13623,0,0,2,0,37033,156,30,66,0,0,0,0,0,0,0,0,-32305,0,0,0,0,0,168806,0
168629,-818,8106,276,160,62,9,13624,-4,0,2,0,37033,156,30,66,0,0,0,0,0,0,0,0,-32305,0,0,0,0,0,168811,0
168634,-784,8124,274,163,59,14,13625,6,5,2,0,37032,157,30,66,0,0,0,0,0,0,0,0,-32305,0,0,0,0,0,168816,0
168639,-786,8136,282,161,54,17,13624,0,0,2,0,37032,157,30,66,0,0,0,0,0,0,0,0,-32306,0,0,0,0,0,168821,0
168644,-784,8100,272,167,54,9,13624,4,4,2,0,37034,154,30,66,0,0,0,0,0,0,0,0,-32306,0,0,0,0,0,168826,0
168649,-812,8088,270,165,59,17,13625,0,0,3,0,37034,154,30,66,0,0,0,0,0,0,0,0,-32305,0,0,0,0,0,168831,0
168654,-778,8100,274,165,55,7,13624,-1,4,4,0,37035,145,30,66,0,0,0,0,0,0,0,0,-32305,0,0,0,0,0,168836,0
168659,-814,8106,262,169,51,8,13624,0,-2,2,0,37035,145,30,66,0,0,0,0,0,0,0,0,-32305,0,0,0,0,0,168841,0
168664,-812,8112,256,161,55,7,13624,0,0,2,0,37040,144,30,66,0,0,0,0,0,0,0,0,-32305,0,0,0,0,0,168846,0
168669,-834,8094,272,168,45,7,13625,4,2,1,0,37040,144,30,66,0,0,0,0,0,0,0,0,-32306,0,0,0,0,0,168851,0
168674,-824,8098,240,166,41,8,13625,8,2,0,0,37039,138,30,66,0,0,0,0,0,0,0,0,-32305,0,0,0,0,0,168856,0
168679,-824,8098,222,167,44,6,13624,0,0,1,0,37039,138,30,66,0,0,0,0,0,0,0,0,-32305,0,0,0,0,0,168861,0
168684,-880,8078,260,170,37,7,13623,0,-3,3,0,37039,147,30,66,0,0,0,0,0,0,0,0,-32305,0,0,0,0,0,168866,0
168689,-832,8082,212,162,32,8,13625,-1,4,1,0,37039,147,30,66,0,0,0,0,0,0,0,0,-32306,0,0,0,0,0,168871,0
168694,-824,8104,202,166,30,7,13624,-2,-1,2,0,37036,142,30,66,0,0,0,0,0,0,0,0,-32306,0,0,0,0,0,168876,0
168699,-848,8114,212,163,24,5,13624,-2,-3,3,0,37036,142,30,66,0,0,0,0,0,0,0,0,-32305,0,0,0,0,0,168881,0
168704,-866,8106,218,164,16,5,13622,-6,-3,2,0,37039,147,30,66,0,0,0,0,0,0,0,0,-32306,0,0,0,0,0,168886,0
168709,-874,8092,200,166,13,3,13624,0,-3,3,0,37039,147,30,66,0,0,0,0,0,0,0,0,-32305,0,0,0,0,0,168891,0
168714,-846,8092,204,163,10,3,13624,-4,3,4,0,37040,159,30,66,0,0,0,0,0,0,0,0,-32305,0,0,0,0,0,168896,0
168719,-836,8094,192,167,10,8,13624,-5,1,3,0,37040,159,30,66,0,0,0,0,0,0,0,0,-32305,0,0,0,0,0,168901,0
168724,-848,8132,186,159,5,5,13624,-3,-2,2,0,37035,155,30,66,0,0,0,0,0,0,0,0,-32305,0,0,0,0,0,168906,0
168729,-828,8124,172,169,2,2,13623,-3,-2,2,0,37035,155,30,66,0,0,0,0,0,0,0,0,-32306,0,0,0,0,0,168911,0
168734,-870,8144,178,167,-5,6,13624,-9,1,1,0,37031,161,30,66,0,0,0,0,0,0,0,0,-32305,0,0,0,0,0,168916,0
168739,-820,8144,166,159,-2,5,13624,-2,1,2,0,37031,161,30,66,0,0,0,0,0,0,0,0,-32306,0,0,0,0,0,168921,0
168744,-864,8116,178,159,-2,8,13625,8,2,3,0,37034,161,30,66,0,0,0,0,0,0,0,0,-32305,0,0,0,0,0,168926,0
168749,-882,8122,158,161,-5,2,13624,0,-1,4,0,37034,161,30,66,0,0,0,0,0,0,0,0,-32306,0,0,0,0,0,168931,0
168754,-904,8120,160,150,-12,6,13624,-1,-1,2,0,37036,167,30,66,0,0,0,0,0,0,0,0,-32305,0,0,0,0,0,168936,0
168759,-906,8114,152,161,-6,13,13624,0,3,2,0,37036,167,30,66,0,0,0,0,0,0,0,0,-32306,0,0,0,0,0,168941,0
168764,-926,8118,136,156,-6,12,13624,-1,-1,2,0,37033,161,30,66,0,0,0,0,0,0,0,0,-32305,0,0,0,0,0,168946,0
168769,-926,8110,120,150,-8,17,13623,-3,-5,2,0,37033,161,30,66,0,0,0,0,0,0,0,0,-32305,0,0,0,0,0,168951,0
168774,-924,8096,124,147,0,23,13623,-9,-5,2,0,37031,149,30,66,0,0,0,0,0,0,0,0,-32306,0,0,0,0,0,168956,0
168779,-958,8088,114,146,0,23,13624,0,-2,3,0,37031,149,30,66,0,0,0,0,0,0,0,0,-32305,0,0,0,0,0,168962,0
168784,-922,8092,126,140,-5,31,13624,-2,-6,4,0,37029,148,30,66,0,0,0,0,0,0,0,0,-32305,0,0,0,0,0,168967,0
168789,-952,8080,134,138,4,32,13624,-2,3,2,0,37029,148,30,66,0,0,0,0,0,0,0,0,-32306,0,0,0,0,0,168972,0
168794,-958,8084,108,133,1,40,13624,2,-2,0,0,37033,144,30,66,0,0,0,0,0,0,0,0,-32306,0,0,0,0,0,168977,0
168799,-958,8078,116,133,2,42,13623,-1,-1,3,0,37033,144,30,66,0,0,0,0,0,0,0,0,-32306,0,0,0,0,0,168982,0
168804,-972,8072,104,129,2,52,13624,-2,-1,2,0,37034,143,30,66,0,0,0,0,0,0,0,0,-32305,0,0,0,0,0,168987,0
168809,-972,8066,126,129,0,49,13626,8,2,2,0,37034,143,30,66,0,0,0,0,0,0,0,0,-32305,0,0,0,0,0,168992,0
168814,-978,8074,126,130,0,52,13625,4,1,2,0,37034,144,30,66,0,0,0,0,0,0,0,0,-32306,0,0,0,0,0,168997,0
168819,-956,8060,126,119,0,61,13624,1,-3,2,0,37034,144,30,66,0,0,0,0,0,0,0,0,-32305,0,0,0,0,0,169002,0
168824,-946,8072,122,121,1,63,13623,-3,-2,2,0,37033,147,30,66,0,0,0,0,0,0,0,0,-32306,0,0,0,0,0,169007,0
168829,-924,8068,128,118,-1,66,13625,1,4,1,0,37033,147,30,66,0,0,0,0,0,0,0,0,-32306,0,0,0,0,0,169012,0
168834,-910,8094,118,119,-8,63,13624,-1,0,1,0,37035,152,30,66,0,0,0,0,0,0,0,0,-32306,0,0,0,0,0,169017,0
168839,-906,8082,116,117,-3,70,13623,3,1,2,0,37035,152,30,66,0,0,0,0,0,0,0,0,-32306,0,0,0,0,0,169022,0
168844,-872,8116,126,113,-4,70,13625,1,0,3,0,37035,155,30,66,0,0,0,0,0,0,0,0,-32305,0,0,0,0,0,169027,0
168849,-842,8112,120,112,-12,72,13624,3,4,4,0,37035,155,30,66,0,0,0,0,0,0,0,0,-32305,0,0,0,0,0,169032,0
168854,-798,8166,118,109,-9,72,13623,-2,2,2,0,37032,158,30,66,0,0,0,0,0,0,0,0,-32305,0,0,0,0,0,169037,0
168859,-800,8202,112,105,-10,71,13624,-3,2,2,0,37032,158,30,66,0,0,0,0,0,0,0,0,-32305,0,0,0,0,0,169042,0
168864,-786,8184,104,109,-7,74,13624,-7,2,2,0,37030,156,30,66,0,0,0,0,0,0,0,0,-32306,0,0,0,0,0,169047,0
168869,-792,8188,96,102,-8,70,13623,-3,-10,2,0,37030,156,30,66,0,0,0,0,0,0,0,0,-32305,0,0,0,0,0,169052,0
168874,-786,8168,120,98,-5,71,13625,3,2,2,0,37031,152,30,66,0,0,0,0,0,0,0,0,-32305,0,0,0,0,0,169057,0
168879,-830,8160,72,98,-5,71,13624,-3,1,1,0,37031,152,30,66,0,0,0,0,0,0,0,0,-32305,0,0,0,0,0,169062,0
168884,-822,8142,98,94,-3,74,13625,4,2,2,0,37028,156,30,66,0,0,0,0,0,0,0,0,-32306,0,0,0,0,0,169067,0
168889,-844,8130,110,97,-8,74,13625,7,3,2,0,37028,156,30,66,0,0,0,0,0,0,0,0,-32305,0,0,0,0,0,169072,0
168894,-828,8114,108,91,-13,75,13623,-3,-4,0,0,37021,155,30,66,0,0,0,0,0,0,0,0,-32305,0,0,0,0,0,169074,0
168899,-860,8082,120,88,-9,73,13623,-4,-1,2,0,37021,155,30,66,0,0,0,0,0,0,0,0,-32305,0,0,0,0,0,169076,0
168904,-840,8094,104,93,-10,76,13625,5,1,3,0,37012,160,30,66,0,0,0,0,0,0,0,0,-32306,0,0,0,0,0,169081,0
168909,-820,8080,118,91,-10,76,13624,-5,0,2,0,37012,160,30,66,0,0,0,0,0,0,0,0,-32306,0,0,0,0,0,169086,0
168914,-842,8124,96,84,-11,75,13625,1,4,1,0,37011,159,30,66,0,0,0,0,0,0,0,0,-32305,0,0,0,0,0,169091,0
168919,-810,8114,136,85,-7,79,13624,5,-3,0,0,37011,159,30,66,0,0,0,0,0,0,0,0,-32305,0,0,0,0,0,169096,0
168924,-804,8108,100,77,-10,75,13624,3,1,1,0,37010,161,30,66,0,0,0,0,0,0,0,0,-32305,0,0,0,0,0,169101,0
168929,-784,8096,100,81,-4,75,13624,-1,1,3,0,37010,161,30,66,0,0,0,0,0,0,0,0,-32305,0,0,0,0,0,169106,0
168934,-788,8114,116,75,-2,76,13624,1,2,4,0,37013,160,30,66,0,0,0,0,0,0,0,0,-32306,0,0,0,0,0,169111,0
168939,-784,8124,126,63,-3,76,13624,5,-1,2,0,37013,160,30,66,0,0,0,0,0,0,0,0,-32306,0,0,0,0,0,169115,0
168944,-748,8138,88,66,4,73,13623,-2,-3,1,0,37014,148,30,66,0,0,0,0,0,0,0,0,-32305,0,0,0,0,0,169120,0
168949,-770,8140,86,63,11,74,13625,0,4,3,0,37014,148,30,66,0,0,0,0,0,0,0,0,-32306,0,0,0,0,0,169126,0
168954,-762,8126,88,55,16,69,13623,-2,0,4,0,37016,143,30,66,0,0,0,0,0,0,0,0,-32306,0,0,0,0,0,169130,0
168959,-782,8130,48,54,16,74,13624,-4,-1,2,0,37016,143,30,66,0,0,0,0,0,0,0,0,-32306,0,0,0,0,0,169135,0
168964,-796,8102,68,48,13,70,13624,-4,0,3,0,37025,148,30,66,0,0,0,0,0,0,0,0,-32305,0,0,0,0,0,169140,0
168969,-808,8140,40,46,17,78,13625,1,1,3,0,37025,148,30,66,0,0,0,0,0,0,0,0,-32306,0,0,0,0,0,169145,0
168974,-828,8116,26,43,9,72,13624,4,-3,3,0,37027,150,30,66,0,0,0,0,0,0,0,0,-32306,0,0,0,0,0,169150,0
168979,-810,8112,22,36,17,71,13625,6,2,1,0,37027,150,30,66,0,0,0,0,0,0,0,0,-32305,0,0,0,0,0,169155,0
168984,-840,8146,24,24,18,74,13624,3,2,3,0,37025,153,30,66,0,0,0,0,0,0,0,0,-32306,0,0,0,0,0,169160,0
168989,-808,8158,44,22,10,75,13625,2,-2,1,0,37025,153,30,66,0,0,0,0,0,0,0,0,-32305,0,0,0,0,0,169165,0
168994,-844,8190,16,25,13,76,13624,1,-2,1,0,37027,144,30,66,0,0,0,0,0,0,0,0,-32305,0,0,0,0,0,169170,0
168999,-778,8226,26,24,9,76,13625,3,3,1,0,37027,144,30,66,0,0,0,0,0,0,0,0,-32306,0,0,0,0,0,169175,0
169004,-814,8182,42,15,0,77,13624,0,-1,3,0,37034,147,30,66,0,0,0,0,0,0,0,0,-32306,0,0,0,0,0,169180,0
169009,-796,8168,76,7,2,71,13624,-3,0,3,0,37034,147,30,66,0,0,0,0,0,0,0,0,-32306,0,0,0,0,0,169185,0
169014,-826,8178,44,5,-1,75,13623,-6,-3,3,0,37037,154,30,66,0,0,0,0,0,0,0,0,-32306,0,0,0,0,0,169190,0
169019,-796,8144,64,8,-3,76,13624,1,-1,2,0,37037,154,30,66,0,0,0,0,0,0,0,0,-32305,0,0,0,0,0,169195,0
169024,-848,8196,68,3,-13,78,13624,-1,0,3,0,37033,152,30,66,0,0,0,0,0,0,0,0,-32306,0,0,0,0,0,169200,0
169029,-830,8128,66,1,-13,77,13625,4,1,3,0,37033,152,30,66,0,0,0,0,0,0,0,0,-32305,0,0,0,0,0,169205,0
169034,-834,8140,78,-4,-20,77,13626,5,7,3,0,37026,153,30,66,0,0,0,0,0,0,0,0,-32306,0,0,0,0,0,169211,0
169039,-828,8136,76,-9,-22,83,13625,3,1,4,0,37026,153,30,66,0,0,0,0,0,0,0,0,-32305,0,0,0,0,0,169215,0
169044,-836,8130,62,-9,-25,81,13625,7,1,3,0,37028,155,30,66,0,0,0,0,0,0,0,0,-32305,0,0,0,0,0,169220,0
169049,-824,8120,98,-12,-29,75,13624,0,4,4,0,37028,155,30,66,0,0,0,0,0,0,0,0,-32305,0,0,0,0,0,169226,0
169054,-840,8124,84,-13,-31,83,13624,-1,3,3,0,37032,162,30,66,0,0,0,0,0,0,0,0,-32306,0,0,0,0,0,169230,0
169059,-812,8124,44,-19,-37,81,13624,-4,0,2,0,37032,162,30,66,0,0,0,0,0,0,0,0,-32305,0,0,0,0,0,169235,0
169064,-824,8138,66,-27,-39,82,13624,-1,-1,2,0,37031,155,30,66,0,0,0,0,0,0,0,0,-32305,0,0,0,0,0,169240,0
169069,-816,8152,74,-31,-45,83,13625,10,-4,1,0,37031,155,30,66,0,0,0,0,0,0,0,0,-32305,0,0,0,0,0,169245,0
169074,-800,8138,74,-30,-45,79,13623,-7,-2,2,0,37029,156,30,66,0,0,0,0,0,0,0,0,-32305,0,0,0,0,0,169250,0
169079,-794,8122,84,-34,-42,80,13625,1,2,2,0,37029,156,30,66,0,0,0,0,0,0,0,0,-32306,0,0,0,0,0,169255,0
169084,-794,8126,84,-39,-51,86,13624,-1,-2,3,0,37031,153,30,66,0,0,0,0,0,0,0,0,-32306,0,0,0,0,0,169260,0
169089,-754,8128,98,-37,-45,82,13625,1,3,3,0,37031,153,30,66,0,0,0,0,0,0,0,0,-32306,0,0,0,0,0,169265,0
169094,-732,8102,136,-42,-45,74,13624,-2,-1,4,0,37032,155,30,66,0,0,0,0,0,0,0,0,-32305,0,0,0,0,0,169270,0
169099,-732,8142,142,-50,-43,84,13625,6,2,2,0,37032,155,30,66,0,0,0,0,0,0,0,0,-32306,0,0,0,0,0,169275,0
169104,-662,8178,168,-53,-34,80,13624,0,4,0,0,37035,161,30,66,0,0,0,0,0,0,0,0,-32306,0,0,0,0,0,169280,0
169109,-580,8186,184,-54,-32,77,13623,-1,-1,2,0,37035,161,30,66,0,0,0,0,0,0,0,0,-32305,0,0,0,0,0,169285,0
169114,-596,8162,162,-55,-27,67,13625,5,2,2,0,37033,163,30,66,0,0,0,0,0,0,0,0,-32305,0,0,0,0,0,169290,0
169119,-540,8176,176,-61,-19,61,13624,-1,2,3,0,37033,163,30,66,0,0,0,0,0,0,0,0,-32306,0,0,0,0,0,169295,0
169124,-520,8178,198,-60,-16,55,13625,0,1,3,0,37035,154,30,66,0,0,0,0,0,0,0,0,-32305,0,0,0,0,0,169300,0
169129,-506,8148,228,-58,-15,44,13624,0,-4,2,0,37035,154,30,66,0,0,0,0,0,0,0,0,-32305,0,0,0,0,0,169305,0
169134,-518,8178,256,-59,-9,40,13624,2,1,2,0,37036,149,30,66,0,0,0,0,0,0,0,0,-32305,0,0,0,0,0,169310,0
169139,-480,8206,264,-64,-4,32,13625,0,-4,2,0,37036,149,30,66,0,0,0,0,0,0,0,0,-32305,0,0,0,0,0,169315,0
169144,-546,8130,288,-59,-7,21,13625,6,0,1,0,37037,144,30,66,0,0,0,0,0,0,0,0,-32306,0,0,0,0,0,169320,0
169149,-578,8128,274,-64,-5,13,13624,3,2,1,0,37037,144,30,66,0,0,0,0,0,0,0,0,-32305,0,0,0,0,0,169325,0
169154,-506,8104,276,-60,8,12,13625,-1,-4,2,0,37034,151,30,66,0,0,0,0,0,0,0,0,-32305,0,0,0,0,0,169330,0
169159,-552,8148,272,-60,8,9,13625,3,0,1,0,37034,151,30,66,0,0,0,0,0,0,0,0,-32306,0,0,0,0,0,169335,0
169164,-544,8186,236,-62,8,-5,13625,-2,4,0,0,37032,141,30,66,0,0,0,0,0,0,0,0,-32306,0,0,0,0,0,169341,0
169169,-538,8188,246,-62,10,-18,13626,0,-2,0,0,37032,141,30,66,0,0,0,0,0,0,0,0,-32306,0,0,0,0,0,169345,0
169174,-502,8192,232,-67,15,-20,13625,0,-3,0,0,37034,144,30,66,0,0,0,0,0,0,0,0,-32305,0,0,0,0,0,169350,0
169179,-526,8216,220,-62,9,-28,13625,4,3,-1,0,37034,144,30,66,0,0,0,0,0,0,0,0,-32306,0,0,0,0,0,169355,0
169184,-532,8214,198,-70,16,-37,13625,-2,0,-2,0,37037,153,30,66,0,0,0,0,0,0,0,0,-32305,0,0,0,0,0,169360,0
169189,-586,8220,206,-72,13,-44,13626,0,5,-4,0,37037,153,30,66,0,0,0,0,0,0,0,0,-32306,0,0,0,0,0,169365,0
169194,-602,8194,208,-67,6,-49,13628,6,8,-4,0,37034,155,30,66,0,0,0,0,0,0,0,0,-32305,0,0,0,0,0,169371,0
169199,-692,8178,196,-78,11,-53,13629,3,3,-6,0,37034,155,30,66,0,0,0,0,0,0,0,0,-32306,0,0,0,0,0,169375,0
169204,-840,8134,138,-78,7,-49,13630,6,1,-11,0,37030,144,30,66,0,0,0,0,0,0,0,0,-32305,0,0,0,0,0,169381,0
169209,-894,8126,146,-79,4,-49,13634,9,2,-11,0,37030,144,30,66,0,0,0,0,0,0,0,0,-32305,0,0,0,0,0,169385,0
169214,-982,8146,98,-79,-2,-45,13635,12,8,-15,0,37035,145,30,66,0,0,0,0,0,0,0,0,-32305,0,0,0,0,0,169390,0
169219,-976,8164,160,-85,-1,-39,13639,19,6,-24,0,37035,145,30,66,0,0,0,0,0,0,0,0,-32306,0,0,0,0,0,169395,0
169224,-892,8082,158,-94,-6,-35,13642,19,2,-29,0,37039,150,30,66,0,0,0,0,0,0,0,0,-32306,0,0,0,0,0,169401,0
169229,-758,8140,194,-98,-11,-31,13647,19,11,-39,0,37039,150,30,66,0,0,0,0,0,0,0,0,-32305,0,0,0,0,0,169405,0
169234,-834,8076,130,-96,-6,-45,13657,44,19,-69,0,37037,160,30,66,0,0,0,0,0,0,0,0,-32305,0,0,0,0,0,169411,0
169239,-688,8168,162,-107,-16,-39,13676,87,36,-126,0,37037,160,30,66,0,0,0,0,0,0,0,0,-32305,0,0,0,0,0,169415,0
169244,-520,8222,120,-113,-18,-48,13699,104,70,-170,0,37030,147,30,66,0,0,0,0,0,0,0,0,-32306,0,0,0,0,0,169421,0
169249,-382,8274,100,-114,-9,-62,13719,84,68,-156,0,37030,147,30,66,0,0,0,0,0,0,0,0,-32305,0,0,0,0,0,169426,0
169254,-428,8100,16,-98,13,-71,13746,124,63,-178,0,37031,132,30,66,0,0,0,0,0,0,0,0,-32305,0,0,0,0,0,169431,0
169259,-302,8302,132,-116,42,-69,13779,141,54,-207,0,37031,132,30,66,0,0,0,0,0,0,0,0,-32306,0,0,0,0,0,169436,0
169264,-396,8190,252,-133,78,-84,13811,143,45,-202,0,37034,124,30,66,0,0,0,0,0,0,0,0,-32306,0,0,0,0,0,169441,0
169269,-502,8170,280,-138,88,-91,13843,141,48,-207,0,37034,124,30,66,0,0,0,0,0,0,0,0,-32306,0,0,0,0,0,169446,0
169274,-582,8162,274,-133,93,-98,13879,154,35,-207,0,37031,137,30,66,0,0,0,0,0,0,0,0,-32305,0,0,0,0,0,169451,0
169279,-640,8110,184,-144,95,-95,13918,170,21,-239,0,37031,137,30,66,0,0,0,0,0,0,0,0,-32305,0,0,0,0,0,169456,0
169284,-676,8122,190,-146,110,-103,13960,187,32,-271,0,37025,139,30,66,0,0,0,0,0,0,0,0,-32305,0,0,0,0,0,169461,0
169289,-764,8096,260,-152,117,-101,14001,185,31,-279,0,37025,139,30,66,0,0,0,0,0,0,0,0,-32305,0,0,0,0,0,169466,0
169294,-696,8076,286,-158,134,-98,14045,192,38,-279,0,37025,130,30,66,0,0,0,0,0,0,0,0,-32306,0,0,0,0,0,169471,0
169299,-734,8122,322,-159,143,-102,14094,223,34,-305,0,37025,130,30,66,0,0,0,0,0,0,0,0,-32305,0,0,0,0,0,169476,0
169304,-440,8178,658,-184,171,-96,14144,223,38,-327,0,37033,128,30,66,0,0,0,0,0,0,0,0,-32305,0,0,0,0,0,169481,0
169309,-378,8248,660,-196,190,-102,14195,222,38,-343,0,37033,128,30,66,0,0,0,0,0,0,0,0,-32306,0,0,0,0,0,169486,0
169314,-348,8222,680,-204,217,-101,14246,220,34,-356,0,37040,136,30,66,0,0,0,0,0,0,0,0,-32306,0,0,0,0,0,169491,0
169319,-358,8192,706,-217,240,-100,14299,235,22,-338,0,37040,136,30,66,0,0,0,0,0,0,0,0,-32305,0,0,0,0,0,169496,0
169324,-382,8124,666,-233,304,-105,14353,234,13,-337,0,37036,145,30,66,0,0,0,0,0,0,0,0,-32305,0,0,0,0,0,169501,0
169329,-430,8094,626,-239,341,-107,14408,243,15,-346,0,37036,145,30,66,0,0,0,0,0,0,0,0,-32306,0,0,0,0,0,169506,0
169334,-500,8014,570,-244,373,-106,14460,229,9,-353,0,37034,139,30,66,0,0,0,0,0,0,0,0,-32305,0,0,0,0,0,169511,0
169339,-488,8172,664,-245,404,-105,14512,221,2,-351,0,37034,139,30,66,0,0,0,0,0,0,0,0,-32305,0,0,0,0,0,169516,0
169344,-490,8166,664,-259,457,-103,14566,243,-4,-340,0,37036,136,30,66,0,0,0,0,0,0,0,0,-32305,0,0,0,0,0,169521,0
169349,-376,8178,720,-262,486,-103,14622,243,4,-338,0,37036,136,30,66,0,0,0,0,0,0,0,0,-32305,0,0,0,0,0,169526,0
169354,-302,8194,736,-273,521,-110,14681,262,16,-354,0,37040,145,30,66,0,0,0,0,0,0,0,0,-32305,0,0,0,0,0,169531,0
169359,-302,8134,722,-276,551,-114,14742,264,29,-388,0,37040,145,30,66,0,0,0,0,0,0,0,0,-32305,0,0,0,0,0,169536,0
169364,-164,8256,824,-291,618,-122,14799,251,24,-377,0,37039,146,30,66,0,0,0,0,0,0,0,0,-32305,0,0,0,0,0,169541,0
169369,-204,8144,808,-299,659,-125,14854,243,0,-353,0,37039,146,30,66,0,0,0,0,0,0,0,0,-32305,0,0,0,0,0,169546,0
169374,-210,8188,848,-303,708,-126,14909,246,-9,-354,0,37039,143,30,66,0,0,0,0,0,0,0,0,-32306,0,0,0,0,0,169551,0
169379,-126,8132,952,-315,751,-128,14964,241,-19,-363,0,37039,143,30,66,0,0,0,0,0,0,0,0,-32306,0,0,0,0,0,169556,0
169384,-174,8260,958,-330,835,-132,15019,240,-12,-375,0,37041,141,30,66,0,0,0,0,0,0,0,0,-32305,0,0,0,0,0,169561,0
169389,-64,8308,976,-348,874,-131,15074,242,-3,-358,0,37041,141,30,66,0,0,0,0,0,0,0,0,-32306,0,0,0,0,0,169566,0
169394,10,8316,982,-359,916,-142,15136,275,13,-376,0,37039,134,30,66,0,0,0,0,0,0,0,0,-32305,0,0,0,0,0,169571,0
169399,14,8260,966,-371,963,-144,15199,282,28,-402,0,37039,134,30,66,0,0,0,0,0,0,0,0,-32305,0,0,0,0,0,169576,0
169404,56,8156,932,-387,1089,-142,15261,269,35,-414,0,37036,138,30,66,0,0,0,0,0,0,0,0,-32305,0,0,0,0,0,169581,0
169409,-56,8172,990,-402,1142,-128,15322,269,21,-398,0,37036,138,30,66,0,0,0,0,0,0,0,0,-32306,0,0,0,0,0,169585,0
169414,-126,8226,1086,-415,1189,-128,15381,265,9,-373,0,37034,135,30,66,0,0,0,0,0,0,0,0,-32305,0,0,0,0,0,169590,0
169419,-68,8178,1084,-430,1238,-106,15443,267,-8,-374,0,37034,135,30,66,0,0,0,0,0,0,0,0,-32305,0,0,0,0,0,169595,0
169424,208,8224,1098,-460,1335,-97,15509,284,3,-407,0,37040,130,30,66,0,0,0,0,0,0,0,0,-32305,0,0,0,0,0,169600,0
169429,204,8210,1116,-470,1391,-84,15574,284,23,-423,0,37040,130,30,66,0,0,0,0,0,0,0,0,-32305,0,0,0,0,0,169605,0
169434,254,8174,1064,-488,1452,-62,15642,296,33,-422,0,37042,120,30,66,0,0,0,0,0,0,0,0,-32306,0,0,0,0,0,169610,0
169439,316,8160,1008,-489,1512,-45,15709,302,22,-421,0,37042,120,30,66,0,0,0,0,0,0,0,0,-32306,0,0,0,0,0,169615,0
169444,384,8096,1000,-512,1607,14,15769,275,7,-421,0,37043,129,30,66,0,0,0,0,0,0,0,0,-32306,0,0,0,0,0,169620,0
169449,330,7984,984,-535,1641,53,15829,254,-21,-397,0,37043,129,30,66,0,0,0,0,0,0,0,0,-32305,0,0,0,0,0,169625,0
169454,430,7978,1008,-546,1666,104,15886,260,-34,-370,0,37037,138,30,66,0,0,0,0,0,0,0,0,-32305,0,0,0,0,0,169630,0
169459,668,8012,1042,-558,1684,150,15946,256,-26,-372,0,37037,138,30,66,0,0,0,0,0,0,0,0,-32305,0,0,0,0,0,169635,0
169464,776,8070,1010,-583,1721,218,16003,247,-23,-367,0,37036,132,30,66,0,0,0,0,0,0,0,0,-32306,0,0,0,0,0,169640,0
169469,838,8120,1032,-601,1740,266,16057,232,-13,-369,0,37036,132,30,66,0,0,0,0,0,0,0,0,-32305,0,0,0,0,0,169645,0
169474,908,8130,1004,-611,1756,308,16110,228,-21,-336,0,37046,137,30,66,0,0,0,0,0,0,0,0,-32305,0,0,0,0,0,169650,0
169479,860,8102,982,-624,1777,351,16157,211,-35,-304,0,37046,137,30,66,0,0,0,0,0,0,0,0,-32305,0,0,0,0,0,169655,0
169484,1050,7978,978,-649,1799,462,16203,194,-34,-282,0,37061,140,30,66,0,0,0,0,0,0,0,0,-32305,0,0,0,0,0,169660,0
169489,1100,7926,980,-656,1809,519,16248,192,-45,-275,0,37061,140,30,66,0,0,0,0,0,0,0,0,-32306,0,0,0,0,0,169665,0
169494,1208,7952,962,-674,1813,572,16291,191,-31,-282,0,37066,150,30,66,0,0,0,0,0,0,0,0,-32306,0,0,0,0,0,169670,0
169499,1236,7946,970,-682,1818,616,16330,172,-32,-272,0,37066,150,30,66,0,0,0,0,0,0,0,0,-32305,0,0,0,0,0,169675,0
169504,1278,8062,960,-691,1805,714,16371,180,-25,-257,0,37057,137,30,66,0,0,0,0,0,0,0,0,-32305,0,0,0,0,0,169680,0
169509,1260,8214,912,-696,1806,753,16408,171,-26,-243,0,37057,137,30,66,0,0,0,0,0,0,0,0,-32305,0,0,0,0,0,169685,0
169514,1204,8316,854,-695,1818,782,16445,159,-20,-246,0,37049,133,30,66,0,0,0,0,0,0,0,0,-32306,0,0,0,0,0,169690,0
169519,1122,8394,808,-702,1811,810,16485,180,-15,-257,0,37049,133,30,66,0,0,0,0,0,0,0,0,-32305,0,0,0,0,0,169695,0
169524,892,8546,602,-684,1802,871,16524,170,0,-273,0,37045,137,30,66,0,0,0,0,0,0,0,0,-32305,0,0,0,0,0,169700,0
169529,618,8612,612,-686,1797,882,16561,160,2,-266,0,37045,137,30,66,0,0,0,0,0,0,0,0,-32305,0,0,0,0,0,169705,0
169534,334,8754,638,-676,1780,896,16593,142,-14,-238,0,37042,148,30,66,0,0,0,0,0,0,0,0,-32306,0,0,0,0,0,169710,0
169539,142,8702,606,-667,1752,931,16631,163,-13,-242,0,37042,148,30,66,0,0,0,0,0,0,0,0,-32305,0,0,0,0,0,169715,0
169544,406,8378,104,-629,1710,967,16669,167,-17,-243,0,37037,145,30,66,0,0,0,0,0,0,0,0,-32306,0,0,0,0,0,169720,0
169549,492,8724,220,-608,1683,974,16706,163,11,-247,0,37037,145,30,66,0,0,0,0,0,0,0,0,-32305,0,0,0,0,0,169725,0
169554,382,8778,216,-595,1647,976,16741,156,6,-228,0,37036,147,30,66,0,0,0,0,0,0,0,0,-32305,0,0,0,0,0,169730,0
169559,226,8742,322,-584,1599,970,16772,130,-8,-221,0,37036,147,30,66,0,0,0,0,0,0,0,0,-32305,0,0,0,0,0,169735,0
169564,486,8682,314,-530,1539,1007,16804,146,-23,-221,0,37040,141,30,66,0,0,0,0,0,0,0,0,-32305,0,0,0,0,0,169740,0
169569,680,8750,314,-510,1517,1041,16833,121,-27,-219,0,37040,141,30,66,0,0,0,0,0,0,0,0,-32305,0,0,0,0,0,169745,0
169574,892,8762,316,-491,1495,1081,16857,99,-34,-179,0,37039,147,30,66,0,0,0,0,0,0,0,0,-32305,0,0,0,0,0,169750,0
169579,1122,8736,380,-476,1473,1114,16881,101,-34,-165,0,37039,147,30,66,0,0,0,0,0,0,0,0,-32305,0,0,0,0,0,169755,0
169584,1300,8776,416,-432,1460,1167,16895,56,-45,-110,0,37034,145,30,66,0,0,0,0,0,0,0,0,-32305,0,0,0,0,0,169760,0
169589,1266,8912,432,-415,1463,1196,16905,42,-70,-70,0,37034,145,30,66,0,0,0,0,0,0,0,0,-32306,0,0,0,0,0,169765,0
169594,1216,9002,426,-392,1476,1216,16918,60,-62,-84,0,37033,138,30,66,0,0,0,0,0,0,0,0,-32305,0,0,0,0,0,169770,0
169599,1224,8976,436,-381,1494,1243,16934,63,-32,-109,0,37033,138,30,66,0,0,0,0,0,0,0,0,-32305,0,0,0,0,0,169775,0
169604,1310,8810,474,-346,1550,1288,16945,53,-12,-83,0,37039,134,30,66,0,0,0,0,0,0,0,0,-32305,0,0,0,0,0,169780,0
169609,910,8854,410,-335,1552,1322,16948,10,-13,-29,0,37039,134,30,66,0,0,0,0,0,0,0,0,-32305,0,0,0,0,0,169785,0
169614,970,8944,366,-322,1577,1368,16946,-4,-48,2,0,37043,137,30,66,0,0,0,0,0,0,0,0,-32306,0,0,0,0,0,169790,0
169619,726,8936,400,-311,1595,1409,16948,1,-62,4,0,37043,137,30,66,0,0,0,0,0,0,0,0,-32306,0,0,0,0,0,169795,0
169624,810,8956,352,-285,1618,1479,16947,1,-49,3,0,37042,141,30,66,0,0,0,0,0,0,0,0,-32305,0,0,0,0,0,169800,0
169629,768,8876,290,-271,1634,1500,16948,-2,-16,6,0,37042,141,30,66,0,0,0,0,0,0,0,0,-32305,0,0,0,0,0,169805,0
169634,716,8830,302,-254,1649,1515,16947,-6,0,2,0,37036,139,30,66,0,0,0,0,0,0,0,0,-32305,0,0,0,0,0,169810,0
169639,644,8734,298,-241,1659,1534,16948,-3,1,3,0,37036,139,30,66,0,0,0,0,0,0,0,0,-32305,0,0,0,0,0,169815,0
169644,538,8568,280,-219,1686,1572,16947,0,1,3,0,37036,131,30,66,0,0,0,0,0,0,0,0,-32305,0,0,0,0,0,169820,0
169649,552,8470,270,-208,1703,1586,16948,-4,-3,4,0,37036,131,30,66,0,0,0,0,0,0,0,0,-32305,0,0,0,0,0,169825,0
169654,422,8384,276,-196,1725,1609,16947,0,3,3,0,37040,133,30,66,0,0,0,0,0,0,0,0,-32305,0,0,0,0,0,169830,0
169659,412,8328,274,-187,1745,1625,16947,-5,-3,3,0,37040,133,30,66,0,0,0,0,0,0,0,0,-32305,0,0,0,0,0,169835,0
169664,324,8222,284,-160,1792,1654,16947,-1,2,2,0,37035,141,30,66,0,0,0,0,0,0,0,0,-32305,0,0,0,0,0,169840,0
169669,284,8192,288,-141,1814,1667,16948,7,2,3,0,37035,141,30,66,0,0,0,0,0,0,0,0,-32306,0,0,0,0,0,169845,0
169674,218,8190,284,-130,1842,1685,16947,0,1,5,0,37033,152,30,66,0,0,0,0,0,0,0,0,-32305,0,0,0,0,0,169850,0
169679,174,8166,290,-113,1876,1692,16948,0,4,6,0,37033,152,30,66,0,0,0,0,0,0,0,0,-32305,0,0,0,0,0,169855,0
169684,56,8160,320,-90,1940,1713,16947,0,0,5,0,37034,150,30,66,0,0,0,0,0,0,0,0,-32306,0,0,0,0,0,169860,0
169689,14,8084,336,-78,1976,1717,16946,1,-2,6,0,37034,150,30,66,0,0,0,0,0,0,0,0,-32306,0,0,0,0,0,169865,0
169694,-44,8096,306,-53,2017,1723,16946,0,0,7,0,37036,146,30,66,0,0,0,0,0,0,0,0,-32305,0,0,0,0,0,169870,0
169699,-128,8060,336,-45,2051,1730,16946,-7,0,7,0,37036,146,30,66,0,0,0,0,0,0,0,0,-32305,0,0,0,0,0,169875,0
169704,-236,8020,306,-15,2119,1729,16945,-7,1,7,0,37035,147,30,66,0,0,0,0,0,0,0,0,-32306,0,0,0,0,0,169880,0
169709,-242,7972,304,-1,2160,1735,16947,3,3,8,0,37035,147,30,66,0,0,0,0,0,0,0,0,-32305,0,0,0,0,0,169885,0
169714,-330,7922,310,14,2195,1723,16945,0,-3,8,0,37033,149,30,66,0,0,0,0,0,0,0,0,-32305,0,0,0,0,0,169890,0
169719,-356,7876,316,29,2230,1719,16944,2,1,8,0,37033,149,30,66,0,0,0,0,0,0,0,0,-32305,0,0,0,0,0,169895,0
169724,-400,7882,348,64,2296,1695,16943,-6,0,7,0,37032,147,30,66,0,0,0,0,0,0,0,0,-32305,0,0,0,0,0,169900,0
169729,-440,7868,344,71,2327,1679,16943,-8,0,8,0,37032,147,30,66,0,0,0,0,0,0,0,0,-32305,0,0,0,0,0,169905,0
169734,-464,7890,400,88,2368,1656,16944,-6,1,8,0,37035,138,30,66,0,0,0,0,0,0,0,0,-32305,0,0,0,0,0,169910,0
169739,-514,7946,426,97,2401,1633,16942,0,-3,8,0,37035,138,30,66,0,0,0,0,0,0,0,0,-32305,0,0,0,0,0,169915,0
169744,-602,8030,444,114,2468,1581,16942,0,-4,8,0,37035,146,30,66,0,0,0,0,0,0,0,0,-32305,0,0,0,0,0,169920,0
169749,-662,8060,458,120,2496,1554,16942,-4,1,9,0,37035,146,30,66,0,0,0,0,0,0,0,0,-32306,0,0,0,0,0,169925,0
169754,-680,8014,460,126,2525,1520,16940,-3,3,8,0,37033,138,30,66,0,0,0,0,0,0,0,0,-32305,0,0,0,0,0,169930,0
169759,-718,7982,488,131,2547,1490,16941,-5,1,10,0,37033,138,30,66,0,0,0,0,0,0,0,0,-32306,0,0,0,0,0,169935,0
169764,-724,7944,530,135,2595,1415,16939,-7,-1,14,0,37029,139,30,66,0,0,0,0,0,0,0,0,-32305,0,0,0,0,0,169940,0
169769,-706,7976,520,137,2622,1372,16938,-4,-4,14,0,37029,139,30,66,0,0,0,0,0,0,0,0,-32305,0,0,0,0,0,169945,0
169774,-784,7968,574,129,2639,1335,16938,-2,0,10,0,37032,137,30,66,0,0,0,0,0,0,0,0,-32305,0,0,0,0,0,169950,0
169779,-866,7930,592,126,2655,1288,16937,6,3,8,0,37032,137,30,66,0,0,0,0,0,0,0,0,-32305,0,0,0,0,0,169956,0
169784,-968,7906,646,109,2673,1192,16936,-9,1,7,0,37033,148,30,66,0,0,0,0,0,0,0,0,-32306,0,0,0,0,0,169961,0
169789,-1050,7816,658,104,2673,1150,16937,-1,6,6,0,37033,148,30,66,0,0,0,0,0,0,0,0,-32305,0,0,0,0,0,169966,0
169794,-1160,7752,672,90,2659,1102,16936,0,0,5,0,37030,152,30,66,0,0,0,0,0,0,0,0,-32305,0,0,0,0,0,169971,0
169799,-1234,7654,714,81,2642,1060,16938,10,3,3,0,37030,152,30,66,0,0,0,0,0,0,0,0,-32306,0,0,0,0,0,169976,0
169804,-1404,7416,780,54,2590,991,16937,4,-1,3,0,37029,146,30,66,0,0,0,0,0,0,0,0,-32306,0,0,0,0,0,169981,0
169809,-1454,7264,808,34,2555,962,16937,3,3,3,0,37029,146,30,66,0,0,0,0,0,0,0,0,-32305,0,0,0,0,0,169986,0
169814,-1496,7172,846,17,2505,934,16937,4,5,3,0,37031,142,30,66,0,0,0,0,0,0,0,0,-32305,0,0,0,0,0,169991,0
169819,-1556,7094,864,8,2459,904,16936,-1,0,3,0,37031,142,30,66,0,0,0,0,0,0,0,0,-32305,0,0,0,0,0,169996,0
169824,-1588,6952,902,-35,2346,857,16937,0,0,2,0,37035,139,30,66,0,0,0,0,0,0,0,0,-32305,0,0,0,0,0,170001,0
169829,-1602,6844,912,-57,2284,828,16937,-4,3,2,0,37035,139,30,66,0,0,0,0,0,0,0,0,-32305,0,0,0,0,0,170006,0
169834,-1584,6780,906,-67,2222,797,16937,1,3,3,0,37033,138,30,66,0,0,0,0,0,0,0,0,-32306,0,0,0,0,0,170011,0
169839,-1590,6678,908,-82,2159,767,16937,-1,-2,3,0,37033,138,30,66,0,0,0,0,0,0,0,0,-32306,0,0,0,0,0,170016,0
169844,-1604,6530,836,-106,2026,715,16937,4,2,3,0,37031,135,30,66,0,0,0,0,0,0,0,0,-32306,0,0,0,0,0,170021,0
169849,-1608,6434,850,-114,1954,692,16936,2,-4,5,0,37031,135,30,66,0,0,0,0,0,0,0,0,-32305,0,0,0,0,0,170026,0
169854,-1622,6368,810,-121,1885,671,16936,-1,3,3,0,37034,137,30,66,0,0,0,0,0,0,0,0,-32306,0,0,0,0,0,170031,0
169859,-1610,6334,800,-126,1820,649,16937,-1,2,3,0,37034,137,30,66,0,0,0,0,0,0,0,0,-32305,0,0,0,0,0,170036,0
169864,-1556,6224,726,-116,1684,611,16936,1,-2,2,0,37036,142,30,66,0,0,0,0,0,0,0,0,-32305,0,0,0,0,0,170041,0
169869,-1518,6192,712,-112,1616,594,16937,1,-1,2,0,37036,142,30,66,0,0,0,0,0,0,0,0,-32306,0,0,0,0,0,170046,0
169874,-1466,6178,708,-108,1552,581,16935,-8,-2,4,0,37032,146,30,66,0,0,0,0,0,0,0,0,-32306,0,0,0,0,0,170051,0
169879,-1456,6166,708,-91,1494,565,16937,2,2,3,0,37032,146,30,66,0,0,0,0,0,0,0,0,-32305,0,0,0,0,0,170056,0
169884,-1308,6100,690,-72,1366,518,16936,5,-3,3,0,37027,151,30,66,0,0,0,0,0,0,0,0,-32306,0,0,0,0,0,170061,0
169889,-1218,6108,694,-56,1311,501,16935,-5,0,2,0,37027,151,30,66,0,0,0,0,0,0,0,0,-32306,0,0,0,0,0,170066,0
169894,-1144,6150,694,-52,1252,483,16936,-5,2,3,0,37026,147,30,66,0,0,0,0,0,0,0,0,-32305,0,0,0,0,0,170071,0
169899,-1090,6188,678,-34,1194,458,16935,-6,-1,4,0,37026,147,30,66,0,0,0,0,0,0,0,0,-32305,0,0,0,0,0,170076,0
169904,-962,6330,686,-10,1071,424,16937,0,-4,4,0,37030,135,30,66,0,0,0,0,0,0,0,0,-32305,0,0,0,0,0,170081,0
169909,-880,6410,656,-3,1002,403,16937,-5,-2,4,0,37030,135,30,66,0,0,0,0,0,0,0,0,-32305,0,0,0,0,0,170086,0
169914,-800,6546,654,4,941,380,16936,0,2,3,0,37031,133,30,66,0,0,0,0,0,0,0,0,-32305,0,0,0,0,0,170091,0
169919,-744,6652,644,16,860,361,16937,-1,-1,4,0,37031,133,30,66,0,0,0,0,0,0,0,0,-32306,0,0,0,0,0,170096,0
169924,-626,7026,568,35,710,310,16936,-3,0,3,0,37028,131,30,66,0,0,0,0,0,0,0,0,-32305,0,0,0,0,0,170101,0
169929,-530,7232,550,45,624,288,16937,0,-2,4,0,37028,131,30,66,0,0,0,0,0,0,0,0,-32305,0,0,0,0,0,170106,0
169934,-404,7422,534,50,544,263,16937,1,1,4,0,37025,137,30,66,0,0,0,0,0,0,0,0,-32305,0,0,0,0,0,170111,0
169939,-276,7670,512,65,460,235,16937,-4,1,2,0,37025,137,30,66,0,0,0,0,0,0,0,0,-32305,0,0,0,0,0,170116,0
169944,-36,8056,414,91,296,179,16939,8,5,-1,0,37034,132,30,66,0,0,0,0,0,0,0,0,-32305,0,0,0,0,0,170121,0
169949,58,8258,392,102,212,154,16938,3,1,1,0,37034,132,30,66,0,0,0,0,0,0,0,0,-32305,0,0,0,0,0,170126,0
169954,92,8472,364,116,137,152,16938,1,2,-3,0,37035,128,30,66,0,0,0,0,0,0,0,0,-32306,0,0,0,0,0,170131,0
169959,40,8614,376,136,62,162,16941,13,5,-13,0,37035,128,30,66,0,0,0,0,0,0,0,0,-32306,0,0,0,0,0,170136,0
169964,-36,8890,326,174,-82,292,16945,19,13,-26,0,37035,139,30,66,0,0,0,0,0,0,0,0,-32305,0,0,0,0,0,170141,0
169969,62,8970,326,198,-154,382,16952,24,24,-40,0,37035,139,30,66,0,0,0,0,0,0,0,0,-32305,0,0,0,0,0,170146,0
169974,410,9134,292,212,-223,476,16961,45,30,-59,0,37030,145,30,66,0,0,0,0,0,0,0,0,-32306,0,0,0,0,0,170151,0
169979,860,9306,308,227,-304,550,16978,71,48,-94,0,37030,145,30,66,0,0,0,0,0,0,0,0,-32306,0,0,0,0,0,170156,0
169984,892,11414,1080,188,-393,415,17002,112,68,-146,0,37031,146,30,66,0,0,0,0,0,0,0,0,-32305,0,0,0,0,0,170161,0
169989,878,12178,1672,146,-414,302,17027,113,74,-171,0,37031,146,30,66,0,0,0,0,0,0,0,0,-32305,0,0,0,0,0,170166,0
169994,-44,12554,2242,114,-429,148,17064,176,97,-231,0,37034,152,30,66,0,0,0,0,0,0,0,0,-32305,0,0,0,0,0,170171,0
169999,-1518,12814,2238,70,-466,18,17123,270,144,-360,0,37034,152,30,66,0,0,0,0,0,0,0,0,-32306,0,0,0,0,0,170176,0
170004,-2374,12026,1544,7,-562,-20,17210,394,219,-560,0,37033,148,30,66,0,0,0,0,0,0,0,0,-32306,0,0,0,0,0,170181,0
170009,-2164,11904,1280,-18,-623,-23,17323,505,309,-863,0,37033,148,30,66,0,0,0,0,0,0,0,0,-32306,0,0,0,0,0,170186,0
170014,-1898,11806,796,-33,-679,-28,17447,553,349,-1096,0,37035,139,30,66,0,0,0,0,0,0,0,0,-32305,0,0,0,0,0,170191,0
170019,-1394,11824,552,-40,-726,-55,17573,555,291,-1184,0,37035,139,30,66,0,0,0,0,0,0,0,0,-32306,0,0,0,0,0,170196,0
170024,-734,11412,380,-40,-812,-109,17698,545,179,-1148,0,37040,132,30,66,0,0,0,0,0,0,0,0,-32305,0,0,0,0,0,170201,0
170029,-380,11106,574,-36,-843,-95,17821,544,66,-1125,0,37040,132,30,66,0,0,0,0,0,0,0,0,-32305,0,0,0,0,0,170206,0
170034,48,10830,704,-19,-859,-100,17943,537,4,-1096,0,37043,121,30,66,0,0,0,0,0,0,0,0,-32306,0,0,0,0,0,170211,0
170039,534,10302,870,-15,-863,-70,18059,513,-27,-1013,0,37043,121,30,66,0,0,0,0,0,0,0,0,-32306,0,0,0,0,0,170216,0
170044,1376,9292,744,16,-884,19,18167,478,-56,-921,0,37043,122,30,66,0,0,0,0,0,0,0,0,-32306,0,0,0,0,0,170221,0
170049,1844,8928,572,32,-890,97,18273,460,-66,-850,0,37043,122,30,66,0,0,0,0,0,0,0,0,-32305,0,0,0,0,0,170226,0
170054,2152,8578,284,76,-900,183,18373,434,-81,-780,0,37038,123,30,66,0,0,0,0,0,0,0,0,-32305,0,0,0,0,0,170231,0
170059,2330,8122,48,116,-909,285,18464,392,-88,-661,0,37038,123,30,66,0,0,0,0,0,0,0,0,-32305,0,0,0,0,0,170236,0
170064,2840,8082,-350,226,-934,531,18546,357,-103,-550,0,37038,127,30,66,0,0,0,0,0,0,0,0,-32305,0,0,0,0,0,170241,0
170069,2688,8108,114,249,-937,593,18618,310,-123,-468,0,37038,127,30,66,0,0,0,0,0,0,0,0,-32305,0,0,0,0,0,170246,0
170074,2670,7750,146,301,-927,628,18680,268,-136,-418,0,37040,129,30,66,0,0,0,0,0,0,0,0,-32306,0,0,0,0,0,170251,0
170079,2426,7422,-2,379,-883,700,18734,232,-145,-354,0,37040,129,30,66,0,0,0,0,0,0,0,0,-32306,0,0,0,0,0,170256,0
170084,1946,7040,98,460,-833,834,18787,229,-119,-336,0,37042,134,30,66,0,0,0,0,0,0,0,0,-32306,0,0,0,0,0,170261,0
170089,1790,6768,154,500,-821,909,18833,203,-99,-308,0,37042,134,30,66,0,0,0,0,0,0,0,0,-32305,0,0,0,0,0,170266,0
170094,1720,6540,104,545,-811,960,18871,159,-92,-271,0,37037,130,30,66,0,0,0,0,0,0,0,0,-32306,0,0,0,0,0,170271,0
170099,1622,6400,148,582,-807,1016,18898,115,-96,-219,0,37037,130,30,66,0,0,0,0,0,0,0,0,-32305,0,0,0,0,0,170276,0
170104,1358,6284,198,641,-811,1096,18913,70,-137,-134,0,37033,126,30,66,0,0,0,0,0,0,0,0,-32306,0,0,0,0,0,170281,0
170109,1362,6296,248,672,-821,1124,18925,57,-140,-103,0,37033,126,30,66,0,0,0,0,0,0,0,0,-32305,0,0,0,0,0,170286,0
170114,1288,6282,268,698,-826,1132,18938,52,-107,-102,0,37035,133,30,66,0,0,0,0,0,0,0,0,-32306,0,0,0,0,0,170291,0
170119,1262,6286,332,724,-829,1132,18945,22,-68,-66,0,37035,133,30,66,0,0,0,0,0,0,0,0,-32306,0,0,0,0,0,170296,0
170124,1158,6346,426,764,-841,1116,18944,-8,-49,-12,0,37037,136,30,66,0,0,0,0,0,0,0,0,-32306,0,0,0,0,0,170301,0
170129,1120,6396,426,773,-852,1097,18945,1,-60,-1,0,37037,136,30,66,0,0,0,0,0,0,0,0,-32306,0,0,0,0,0,170306,0
170134,1062,6404,472,783,-862,1072,18944,-6,-53,-2,0,37033,149,30,66,0,0,0,0,0,0,0,0,-32305,0,0,0,0,0,170311,0
170139,1038,6466,490,789,-869,1041,18947,8,-33,-2,0,37033,149,30,66,0,0,0,0,0,0,0,0,-32305,0,0,0,0,0,170316,0
170144,992,6664,534,798,-880,987,18944,-2,-13,0,0,37030,141,30,66,0,0,0,0,0,0,0,0,-32305,0,0,0,0,0,170321,0
170149,976,6768,574,804,-877,957,18944,-2,0,-1,0,37030,141,30,66,0,0,0,0,0,0,0,0,-32305,0,0,0,0,0,170326,0
170154,972,6896,604,801,-869,922,18945,5,-6,-3,0,37033,139,30,66,0,0,0,0,0,0,0,0,-32306,0,0,0,0,0,170331,0
170159,990,7014,626,793,-868,891,18944,-5,5,-2,0,37033,139,30,66,0,0,0,0,0,0,0,0,-32305,0,0,0,0,0,170336,0
170164,1096,7218,660,783,-834,817,18946,3,-1,-1,0,37036,140,30,66,0,0,0,0,0,0,0,0,-32306,0,0,0,0,0,170341,0
170169,1144,7326,668,773,-811,786,18944,-3,-4,-1,0,37036,140,30,66,0,0,0,0,0,0,0,0,-32306,0,0,0,0,0,170346,0
170174,1200,7440,682,760,-779,754,18945,2,1,-1,0,37033,132,30,66,0,0,0,0,0,0,0,0,-32305,0,0,0,0,0,170351,0
170179,1248,7546,680,759,-746,732,18945,5,-5,-1,0,37033,132,30,66,0,0,0,0,0,0,0,0,-32305,0,0,0,0,0,170356,0
170184,1276,7744,670,729,-661,687,18945,1,4,-1,0,37029,143,30,66,0,0,0,0,0,0,0,0,-32306,0,0,0,0,0,170361,0
170189,1340,7844,648,712,-619,669,18943,-7,1,-1,0,37029,143,30,66,0,0,0,0,0,0,0,0,-32305,0,0,0,0,0,170366,0
170194,1338,7904,620,706,-575,650,18945,0,0,-1,0,37030,149,30,66,0,0,0,0,0,0,0,0,-32306,0,0,0,0,0,170371,0
170199,1392,7938,606,691,-528,631,18945,1,-3,0,0,37030,149,30,66,0,0,0,0,0,0,0,0,-32305,0,0,0,0,0,170376,0
170204,1394,7964,538,670,-434,599,18945,3,2,-1,0,37032,151,30,66,0,0,0,0,0,0,0,0,-32305,0,0,0,0,0,170381,0
170209,1416,7950,528,655,-379,577,18944,-2,0,-1,0,37032,151,30,66,0,0,0,0,0,0,0,0,-32305,0,0,0,0,0,170386,0
170214,1416,7976,470,648,-327,561,18945,-7,-5,-1,0,37030,145,30,66,0,0,0,0,0,0,0,0,-32305,0,0,0,0,0,170391,0
170219,1444,7944,454,642,-270,545,18944,-3,-2,-1,0,37030,145,30,66,0,0,0,0,0,0,0,0,-32305,0,0,0,0,0,170396,0
170224,1468,7934,412,631,-147,506,18944,-1,0,0,0,37028,138,30,66,0,0,0,0,0,0,0,0,-32305,0,0,0,0,0,170401,0
170229,1492,7918,360,627,-84,490,18946,3,0,-1,0,37028,138,30,66,0,0,0,0,0,0,0,0,-32305,0,0,0,0,0,170406,0
170234,1470,7924,352,629,-20,479,18944,-11,-1,-2,0,37027,133,30,66,0,0,0,0,0,0,0,0,-32305,0,0,0,0,0,170411,0
170239,1480,7920,326,627,50,468,18945,-6,3,-1,0,37027,133,30,66,0,0,0,0,0,0,0,0,-32305,0,0,0,0,0,170416,0
170244,1424,7974,248,638,185,437,18944,0,-5,-1,0,37028,134,30,66,0,0,0,0,0,0,0,0,-32305,0,0,0,0,0,170421,0
170249,1390,7962,232,643,255,417,18944,-3,0,-1,0,37028,134,30,66,0,0,0,0,0,0,0,0,-32305,0,0,0,0,0,170426,0
170254,1354,8008,210,659,320,412,18944,-7,3,0,0,37030,142,30,66,0,0,0,0,0,0,0,0,-32306,0,0,0,0,0,170431,0
170259,1268,8010,164,663,379,400,18943,-9,5,0,0,37030,142,30,66,0,0,0,0,0,0,0,0,-32305,0,0,0,0,0,170436,0
170264,1176,8084,100,692,502,378,18945,10,7,-1,0,37029,147,30,66,0,0,0,0,0,0,0,0,-32305,0,0,0,0,0,170441,0
170269,1158,8106,92,713,559,362,18947,11,-1,0,0,37029,147,30,66,0,0,0,0,0,0,0,0,-32306,0,0,0,0,0,170446,0
170274,1134,8130,50,728,611,344,18945,4,4,-1,0,37029,144,30,66,0,0,0,0,0,0,0,0,-32306,0,0,0,0,0,170451,0
170279,1100,8150,56,748,661,325,18945,1,-2,-1,0,37029,144,30,66,0,0,0,0,0,0,0,0,-32305,0,0,0,0,0,170456,0
170284,1056,8120,16,787,747,284,18945,0,-1,-1,0,37029,140,30,66,0,0,0,0,0,0,0,0,-32305,0,0,0,0,0,170461,0
170289,1028,8076,22,810,784,265,18944,0,-2,-1,0,37029,140,30,66,0,0,0,0,0,0,0,0,-32305,0,0,0,0,0,170466,0
170294,1010,8054,52,829,820,244,18944,0,-5,0,0,37031,144,30,66,0,0,0,0,0,0,0,0,-32305,0,0,0,0,0,170471,0
170299,988,8048,54,851,848,230,18945,-5,-1,-1,0,37031,144,30,66,0,0,0,0,0,0,0,0,-32306,0,0,0,0,0,170476,0
170304,1018,7978,114,886,901,191,18944,0,3,-1,0,37030,149,30,66,0,0,0,0,0,0,0,0,-32305,0,0,0,0,0,170481,0
170309,1088,8510,296,890,928,182,18945,3,0,-1,0,37030,149,30,66,0,0,0,0,0,0,0,0,-32306,0,0,0,0,0,170486,0
170314,1200,8594,882,860,955,163,18945,2,1,-1,0,37030,143,30,66,0,0,0,0,0,0,0,0,-32305,0,0,0,0,0,170491,0
170319,1382,8936,1398,829,984,148,18945,4,1,-3,0,37030,143,30,66,0,0,0,0,0,0,0,0,-32306,0,0,0,0,0,170496,0
170324,1414,8816,1828,775,1062,115,18945,5,2,-2,0,37035,131,30,66,0,0,0,0,0,0,0,0,-32305,0,0,0,0,0,170501,0
170329,1432,9076,2174,721,1086,128,18944,-4,-4,0,0,37035,131,30,66,0,0,0,0,0,0,0,0,-32306,0,0,0,0,0,170506,0
170334,1328,9114,2584,648,1093,124,18945,0,-3,-1,0,37038,136,30,66,0,0,0,0,0,0,0,0,-32307,0,0,0,0,0,170511,0
170339,1370,8924,2656,589,1097,123,18945,0,-2,-2,0,37038,136,30,66,0,0,0,0,0,0,0,0,-32306,0,0,0,0,0,170516,0
170344,1384,8824,2882,475,1118,108,18945,0,1,-1,0,37035,133,30,66,0,0,0,0,0,0,0,0,-32306,0,0,0,0,0,170521,0
170349,1408,8870,2960,411,1125,96,18944,0,-3,0,0,37035,133,30,66,0,0,0,0,0,0,0,0,-32305,0,0,0,0,0,170526,0
170354,1350,8748,2910,347,1131,86,18944,-1,2,0,0,37033,136,30,66,0,0,0,0,0,0,0,0,-32305,0,0,0,0,0,170531,0
170359,1316,8692,2936,289,1135,68,18946,5,-1,0,0,37033,136,30,66,0,0,0,0,0,0,0,0,-32306,0,0,0,0,0,170536,0
170364,1240,8514,2812,199,1126,34,18945,0,1,-1,0,37033,140,30,66,0,0,0,0,0,0,0,0,-32305,0,0,0,0,0,170541,0
170369,1218,8446,2752,159,1124,15,18945,0,2,-3,0,37033,140,30,66,0,0,0,0,0,0,0,0,-32306,0,0,0,0,0,170546,0
170374,1188,8398,2616,122,1112,-1,18945,0,-4,-4,0,37035,150,30,66,0,0,0,0,0,0,0,0,-32306,0,0,0,0,0,170551,0
170379,1066,8306,2416,103,1097,-20,18947,1,2,-9,0,37035,150,30,66,0,0,0,0,0,0,0,0,-32305,0,0,0,0,0,170556,0
170384,926,8096,1918,76,1052,-43,18949,14,3,-16,0,37035,155,30,66,0,0,0,0,0,0,0,0,-32305,0,0,0,0,0,170561,0
170389,926,8066,1590,88,1017,-40,18950,6,8,-23,0,37035,155,30,66,0,0,0,0,0,0,0,0,-32305,0,0,0,0,0,170566,0
170394,948,8006,1200,107,970,-39,18953,8,5,-24,0,37028,146,30,66,0,0,0,0,0,0,0,0,-32305,0,0,0,0,0,170571,0
170399,1070,7994,868,124,934,-32,18956,18,6,-23,0,37028,146,30,66,0,0,0,0,0,0,0,0,-32305,0,0,0,0,0,170576,0
170404,1198,7996,530,178,875,-31,18959,11,4,-24,0,37028,139,30,66,0,0,0,0,0,0,0,0,-32306,0,0,0,0,0,170581,0
170409,1222,8062,564,200,839,-30,18960,13,0,-24,0,37028,139,30,66,0,0,0,0,0,0,0,0,-32306,0,0,0,0,0,170586,0
170414,1276,8056,680,217,807,-27,18963,10,0,-28,0,37031,133,30,66,0,0,0,0,0,0,0,0,-32305,0,0,0,0,0,170591,0
170419,1302,8030,784,232,778,-25,18968,21,1,-39,0,37031,133,30,66,0,0,0,0,0,0,0,0,-32306,0,0,0,0,0,170596,0
170424,1264,7972,974,240,724,-25,18978,44,16,-62,0,37032,136,30,66,0,0,0,0,0,0,0,0,-32305,0,0,0,0,0,170601,0
170429,1258,7908,964,244,690,-33,18994,77,42,-110,0,37032,136,30,66,0,0,0,0,0,0,0,0,-32306,0,0,0,0,0,170606,0
170434,1298,7914,936,237,653,-40,19018,101,67,-154,0,37028,138,30,66,0,0,0,0,0,0,0,0,-32306,0,0,0,0,0,170611,0
170439,1282,7958,856,241,621,-45,19039,87,68,-141,0,37028,138,30,66,0,0,0,0,0,0,0,0,-32306,0,0,0,0,0,170616,0
170444,1246,7940,622,236,544,-40,19062,104,61,-150,0,37027,132,30,66,0,0,0,0,0,0,0,0,-32305,0,0,0,0,0,170621,0
170449,1260,7936,522,233,515,-45,19089,114,43,-184,0,37027,132,30,66,0,0,0,0,0,0,0,0,-32305,0,0,0,0,0,170626,0
170454,1256,7924,404,236,484,-47,19112,97,14,-169,0,37031,129,30,66,0,0,0,0,0,0,0,0,-32306,0,0,0,0,0,170631,0
170459,1228,7874,350,235,456,-40,19138,125,15,-189,0,37031,129,30,66,0,0,0,0,0,0,0,0,-32305,0,0,0,0,0,170636,0
170464,1256,7890,246,228,404,-40,19164,113,20,-198,0,37041,127,30,66,0,0,0,0,0,0,0,0,-32306,0,0,0,0,0,170641,0
170469,1282,7900,232,228,382,-42,19196,136,11,-207,0,37041,127,30,66,0,0,0,0,0,0,0,0,-32305,0,0,0,0,0,170646,0
170474,1364,7924,202,230,362,-48,19233,154,39,-231,0,37040,131,30,66,0,0,0,0,0,0,0,0,-32305,0,0,0,0,0,170651,0
170479,1382,7958,186,222,342,-51,19271,168,53,-227,0,37040,131,30,66,0,0,0,0,0,0,0,0,-32305,0,0,0,0,0,170656,0
170484,1450,8012,152,218,312,-48,19304,148,41,-220,0,37039,134,30,66,0,0,0,0,0,0,0,0,-32305,0,0,0,0,0,170661,0
170489,1458,7978,140,208,298,-48,19341,165,23,-222,0,37039,134,30,66,0,0,0,0,0,0,0,0,-32305,0,0,0,0,0,170666,0
170494,1418,8044,84,197,291,-46,19379,165,3,-241,0,37035,134,30,66,0,0,0,0,0,0,0,0,-32305,0,0,0,0,0,170671,0
170499,1432,8046,70,186,282,-52,19417,172,12,-261,0,37035,134,30,66,0,0,0,0,0,0,0,0,-32306,0,0,0,0,0,170676,0
170504,1384,8100,-6,179,261,-47,19456,171,9,-258,0,37036,141,30,66,0,0,0,0,0,0,0,0,-32305,0,0,0,0,0,170681,0
170509,1340,8074,-4,173,248,-48,19499,181,23,-266,0,37036,141,30,66,0,0,0,0,0,0,0,0,-32305,0,0,0,0,0,170686,0
170514,1390,8110,8,163,235,-48,19547,216,26,-296,0,37036,143,30,66,0,0,0,0,0,0,0,0,-32306,0,0,0,0,0,170691,0
170519,1354,8086,18,159,231,-54,19598,231,40,-328,0,37036,143,30,66,0,0,0,0,0,0,0,0,-32306,0,0,0,0,0,170696,0
170524,1398,8148,112,147,207,-59,19652,232,54,-360,0,37033,152,30,66,0,0,0,0,0,0,0,0,-32306,0,0,0,0,0,170701,0
170529,1386,8132,132,137,201,-57,19708,239,51,-378,0,37033,152,30,66,0,0,0,0,0,0,0,0,-32306,0,0,0,0,0,170706,0
170534,1472,8160,186,131,197,-54,19768,262,43,-365,0,37033,153,30,66,0,0,0,0,0,0,0,0,-32306,0,0,0,0,0,170711,0
170539,1432,8170,234,133,186,-61,19827,264,36,-371,0,37033,153,30,66,0,0,0,0,0,0,0,0,-32306,0,0,0,0,0,170716,0
170544,1466,8158,262,122,192,-60,19891,279,30,-385,0,37033,149,30,66,0,0,0,0,0,0,0,0,-32306,0,0,0,0,0,170721,0
170549,1434,8184,284,118,188,-66,19949,268,20,-399,0,37033,149,30,66,0,0,0,0,0,0,0,0,-32305,0,0,0,0,0,170726,0
170554,1408,8132,330,115,187,-64,20011,276,18,-390,0,37034,144,30,66,0,0,0,0,0,0,0,0,-32305,0,0,0,0,0,170731,0
170559,1438,8064,324,114,192,-68,20075,282,3,-388,0,37034,144,30,66,0,0,0,0,0,0,0,0,-32305,0,0,0,0,0,170736,0
170564,1556,8092,376,111,195,-73,20143,299,20,-400,0,37040,136,30,66,0,0,0,0,0,0,0,0,-32305,0,0,0,0,0,170741,0
170569,1590,8066,400,119,195,-78,20211,299,30,-434,0,37040,136,30,66,0,0,0,0,0,0,0,0,-32305,0,0,0,0,0,170746,0
170574,1540,8052,422,112,200,-79,20275,282,20,-411,0,37043,131,30,66,0,0,0,0,0,0,0,0,-32305,0,0,0,0,0,170751,0
170579,1500,8026,416,118,199,-75,20340,283,0,-396,0,37043,131,30,66,0,0,0,0,0,0,0,0,-32305,0,0,0,0,0,170756,0
170584,1538,8000,398,115,205,-68,20400,272,-17,-398,0,37043,131,30,66,0,0,0,0,0,0,0,0,-32305,0,0,0,0,0,170761,0
170589,1592,8000,412,121,211,-69,20463,273,-21,-412,0,37043,131,30,66,0,0,0,0,0,0,0,0,-32305,0,0,0,0,0,170766,0
170594,1588,8026,418,123,207,-59,20523,266,-21,-398,0,37042,142,30,66,0,0,0,0,0,0,0,0,-32306,0,0,0,0,0,170771,0
170599,1638,8010,414,122,212,-54,20588,285,-3,-400,0,37042,142,30,66,0,0,0,0,0,0,0,0,-32306,0,0,0,0,0,170776,0
170604,1744,7972,414,126,212,-49,20643,300,13,-421,0,37034,147,30,66,0,0,0,0,0,0,0,0,-32305,0,0,0,0,0,170781,0
170609,1718,7934,394,130,215,-44,20706,280,14,-424,0,37034,147,30,66,0,0,0,0,0,0,0,0,-32305,0,0,0,0,0,170786,0
170614,1650,7932,408,128,218,-29,20767,265,6,-403,0,37032,131,30,66,0,0,0,0,0,0,0,0,-32305,0,0,0,0,0,170791,0
170619,1620,7878,394,132,222,-16,20827,258,-9,-374,0,37032,131,30,66,0,0,0,0,0,0,0,0,-32305,0,0,0,0,0,170796,0
170624,1718,7798,328,137,228,13,20889,263,-23,-371,0,37035,128,30,66,0,0,0,0,0,0,0,0,-32305,0,0,0,0,0,170801,0
170629,1754,7814,334,140,237,21,20952,275,-13,-396,0,37035,128,30,66,0,0,0,0,0,0,0,0,-32305,0,0,0,0,0,170806,0
170634,1794,7816,336,142,244,30,21016,279,3,-404,0,37039,138,30,66,0,0,0,0,0,0,0,0,-32305,0,0,0,0,0,170811,0
170639,1752,7826,314,142,248,40,21079,275,9,-394,0,37039,138,30,66,0,0,0,0,0,0,0,0,-32305,0,0,0,0,0,170816,0
170644,1640,7760,312,152,252,63,21142,273,10,-393,0,37036,145,30,66,0,0,0,0,0,0,0,0,-32306,0,0,0,0,0,170821,0
170649,1614,7772,310,155,259,82,21202,265,-7,-393,0,37036,145,30,66,0,0,0,0,0,0,0,0,-32306,0,0,0,0,0,170826,0
170654,1548,7756,292,154,259,102,21260,249,-14,-383,0,37033,139,30,66,0,0,0,0,0,0,0,0,-32306,0,0,0,0,0,170831,0
170659,1484,7676,292,154,256,126,21313,235,-37,-350,0,37033,139,30,66,0,0,0,0,0,0,0,0,-32305,0,0,0,0,0,170836,0
170664,1560,7674,282,161,250,152,21373,255,-21,-353,0,37034,134,30,66,0,0,0,0,0,0,0,0,-32305,0,0,0,0,0,170841,0
170669,1532,7700,300,165,245,155,21429,250,-14,-355,0,37034,134,30,66,0,0,0,0,0,0,0,0,-32305,0,0,0,0,0,170846,0
170674,1442,7710,294,165,241,159,21482,238,-9,-359,0,37040,146,30,66,0,0,0,0,0,0,0,0,-32306,0,0,0,0,0,170851,0
170679,1404,7760,276,168,242,158,21534,226,-12,-349,0,37040,146,30,66,0,0,0,0,0,0,0,0,-32305,0,0,0,0,0,170856,0
170684,1234,7748,310,172,233,165,21583,213,-27,-311,0,37038,150,30,66,0,0,0,0,0,0,0,0,-32305,0,0,0,0,0,170861,0
170689,1188,7798,322,169,233,171,21631,209,-36,-291,0,37038,150,30,66,0,0,0,0,0,0,0,0,-32305,0,0,0,0,0,170866,0
170694,1088,7856,320,174,227,171,21676,197,-34,-280,0,37034,154,30,66,0,0,0,0,0,0,0,0,-32305,0,0,0,0,0,170871,0
170699,1126,7892,316,169,218,174,21721,191,-33,-284,0,37034,154,30,66,0,0,0,0,0,0,0,0,-32305,0,0,0,0,0,170876,0
170704,998,8024,358,172,210,156,21765,194,-23,-291,0,37032,144,30,66,0,0,0,0,0,0,0,0,-32305,0,0,0,0,0,170881,0
170709,968,8104,398,168,199,151,21809,186,-20,-287,0,37032,144,30,66,0,0,0,0,0,0,0,0,-32305,0,0,0,0,0,170886,0
170714,942,8134,424,159,195,132,21854,196,-4,-286,0,37035,140,30,66,0,0,0,0,0,0,0,0,-32306,0,0,0,0,0,170891,0
170719,978,8236,450,164,202,119,21899,199,-4,-293,0,37035,140,30,66,0,0,0,0,0,0,0,0,-32306,0,0,0,0,0,170896,0
170724,1032,8328,520,156,204,84,21949,217,12,-312,0,37035,145,30,66,0,0,0,0,0,0,0,0,-32306,0,0,0,0,0,170901,0
170729,956,8338,558,154,208,57,21998,213,24,-334,0,37035,145,30,66,0,0,0,0,0,0,0,0,-32306,0,0,0,0,0,170906,0
170734,916,8378,540,144,214,42,22044,204,14,-322,0,37030,134,30,66,0,0,0,0,0,0,0,0,-32305,0,0,0,0,0,170911,0
170739,848,8366,558,144,213,29,22091,212,0,-303,0,37030,134,30,66,0,0,0,0,0,0,0,0,-32306,0,0,0,0,0,170916,0
170744,914,8370,586,126,216,10,22139,217,1,-311,0,37029,127,30,66,0,0,0,0,0,0,0,0,-32306,0,0,0,0,0,170921,0
170749,876,8370,544,126,224,-11,22187,213,-1,-316,0,37029,127,30,66,0,0,0,0,0,0,0,0,-32305,0,0,0,0,0,170926,0
170754,974,8360,532,123,219,-26,22238,219,10,-319,0,37040,126,30,66,0,0,0,0,0,0,0,0,-32306,0,0,0,0,0,170931,0
170759,984,8356,528,118,219,-28,22288,227,13,-335,0,37040,126,30,66,0,0,0,0,0,0,0,0,-32305,0,0,0,0,0,170936,0
170764,1180,8272,482,119,223,-11,22335,215,1,-320,0,37048,129,30,66,0,0,0,0,0,0,0,0,-32305,0,0,0,0,0,170941,0
170769,1220,8214,448,116,212,-8,22382,216,-2,-300,0,37048,129,30,66,0,0,0,0,0,0,0,0,-32305,0,0,0,0,0,170946,0
170774,1314,8158,390,118,220,-15,22431,215,-1,-295,0,37046,148,30,66,0,0,0,0,0,0,0,0,-32305,0,0,0,0,0,170951,0
170779,1354,8138,374,123,211,-12,22476,203,-5,-282,0,37046,148,30,66,0,0,0,0,0,0,0,0,-32305,0,0,0,0,0,170957,0
170784,1272,8008,420,126,203,6,22518,180,-18,-277,0,37041,147,30,66,0,0,0,0,0,0,0,0,-32305,0,0,0,0,0,170962,0
170789,1154,7940,394,134,198,12,22556,165,-32,-259,0,37041,147,30,66,0,0,0,0,0,0,0,0,-32305,0,0,0,0,0,170967,0
170794,1136,7940,396,133,200,13,22590,154,-52,-228,0,37035,145,30,66,0,0,0,0,0,0,0,0,-32306,0,0,0,0,0,170972,0
170799,1100,7862,406,128,195,17,22619,121,-59,-203,0,37035,145,30,66,0,0,0,0,0,0,0,0,-32305,0,0,0,0,0,170977,0
170804,1074,7874,394,134,184,38,22646,122,-59,-181,0,37038,137,30,66,0,0,0,0,0,0,0,0,-32305,0,0,0,0,0,170982,0
170809,1132,7930,400,138,172,43,22674,121,-52,-190,0,37038,137,30,66,0,0,0,0,0,0,0,0,-32305,0,0,0,0,0,170987,0
170814,1176,7988,360,130,162,42,22695,92,-39,-168,0,37036,128,30,66,0,0,0,0,0,0,0,0,-32305,0,0,0,0,0,170992,0
170819,1234,8066,404,133,150,46,22723,117,-23,-188,0,37036,128,30,66,0,0,0,0,0,0,0,0,-32306,0,0,0,0,0,170997,0
170824,1376,8138,414,137,137,52,22746,85,-12,-173,0,37031,130,30,66,0,0,0,0,0,0,0,0,-32305,0,0,0,0,0,171002,0
170829,1412,8132,410,135,131,52,22763,66,-31,-134,0,37031,130,30,66,0,0,0,0,0,0,0,0,-32306,0,0,0,0,0,171007,0
170834,1406,8106,384,135,125,45,22782,83,-33,-145,0,37028,140,30,66,0,0,0,0,0,0,0,0,-32305,0,0,0,0,0,171012,0
170839,1452,8180,422,136,117,49,22798,67,-34,-133,0,37028,140,30,66,0,0,0,0,0,0,0,0,-32305,0,0,0,0,0,171017,0
170844,1334,8126,404,138,103,45,22807,45,-46,-86,0,37027,139,30,66,0,0,0,0,0,0,0,0,-32306,0,0,0,0,0,171022,0
170849,1322,8136,378,139,93,51,22813,35,-39,-69,0,37027,139,30,66,0,0,0,0,0,0,0,0,-32306,0,0,0,0,0,171027,0
170854,1356,8118,362,137,85,43,22828,64,-26,-101,0,37027,147,30,66,0,0,0,0,0,0,0,0,-32306,0,0,0,0,0,171032,0
170859,1424,8102,346,138,77,33,22851,102,15,-155,0,37027,147,30,66,0,0,0,0,0,0,0,0,-32305,0,0,0,0,0,171037,0
170864,1564,8118,330,129,67,23,22872,94,45,-157,0,37025,144,30,66,0,0,0,0,0,0,0,0,-32305,0,0,0,0,0,171042,0
170869,1608,8108,318,129,50,23,22892,88,46,-131,0,37025,144,30,66,0,0,0,0,0,0,0,0,-32305,0,0,0,0,0,171047,0
170874,1600,8066,312,122,46,25,22915,106,31,-147,0,37026,132,30,66,0,0,0,0,0,0,0,0,-32305,0,0,0,0,0,171052,0
170879,1616,7996,266,121,47,19,22933,84,-1,-138,0,37026,132,30,66,0,0,0,0,0,0,0,0,-32305,0,0,0,0,0,171057,0
170884,1418,7908,234,118,38,21,22945,51,-23,-90,0,37028,123,30,66,0,0,0,0,0,0,0,0,-32306,0,0,0,0,0,171062,0
170889,1362,7888,202,118,42,27,22956,56,-35,-90,0,37028,123,30,66,0,0,0,0,0,0,0,0,-32305,0,0,0,0,0,171067,0
170894,1382,7834,202,119,42,28,22977,91,-17,-125,0,37029,131,30,66,0,0,0,0,0,0,0,0,-32305,0,0,0,0,0,171072,0
170899,1412,7832,196,116,44,17,22992,65,-8,-123,0,37029,131,30,66,0,0,0,0,0,0,0,0,-32305,0,0,0,0,0,171077,0
170904,1310,7830,180,114,53,34,23001,31,-3,-69,0,37028,147,30,66,0,0,0,0,0,0,0,0,-32305,0,0,0,0,0,171082,0
170909,1258,7836,196,109,60,42,23005,21,-29,-37,0,37028,147,30,66,0,0,0,0,0,0,0,0,-32305,0,0,0,0,0,171087,0
170914,1302,7822,180,109,69,51,23009,19,-60,-30,0,37024,144,30,66,0,0,0,0,0,0,0,0,-32305,0,0,0,0,0,171092,0
170919,1346,7836,122,104,80,54,23014,20,-44,-43,0,37024,144,30,66,0,0,0,0,0,0,0,0,-32305,0,0,0,0,0,171097,0
170924,1482,7920,120,98,93,42,23022,33,-12,-67,0,37027,144,30,66,0,0,0,0,0,0,0,0,-32305,0,0,0,0,0,171102,0
170929,1536,7962,154,98,106,38,23035,48,21,-91,0,37027,144,30,66,0,0,0,0,0,0,0,0,-32305,0,0,0,0,0,171107,0
170934,1566,7966,158,94,119,34,23046,48,27,-84,0,37031,141,30,66,0,0,0,0,0,0,0,0,-32305,0,0,0,0,0,171112,0
170939,1570,7962,208,92,136,43,23049,15,6,-35,0,37031,141,30,66,0,0,0,0,0,0,0,0,-32305,0,0,0,0,0,171117,0
170944,1632,7992,168,81,157,50,23048,1,-27,0,0,37029,146,30,66,0,0,0,0,0,0,0,0,-32305,0,0,0,0,0,171122,0
170949,1670,8074,82,102,167,49,23049,-1,-44,4,0,37029,146,30,66,0,0,0,0,0,0,0,0,-32306,0,0,0,0,0,171127,0
170954,1692,8148,46,98,180,43,23049,2,-39,4,0,37027,137,30,66,0,0,0,0,0,0,0,0,-32305,0,0,0,0,0,171132,0
170959,1714,8178,14,111,192,40,23048,-2,-23,4,0,37027,137,30,66,0,0,0,0,0,0,0,0,-32305,0,0,0,0,0,171137,0
170964,1802,8276,-70,126,215,26,23049,-2,-2,4,0,37030,136,30,66,0,0,0,0,0,0,0,0,-32305,0,0,0,0,0,171142,0
170969,1800,8298,-142,152,225,23,23050,9,1,2,0,37030,136,30,66,0,0,0,0,0,0,0,0,-32306,0,0,0,0,0,171147,0
170974,1824,8322,-222,169,235,15,23049,4,-3,2,0,37034,146,30,66,0,0,0,0,0,0,0,0,-32305,0,0,0,0,0,171152,0
170979,1878,8282,-322,188,244,12,23049,0,1,0,0,37034,146,30,66,0,0,0,0,0,0,0,0,-32305,0,0,0,0,0,171157,0
170984,1882,8220,-506,241,247,5,23049,-6,0,0,0,37035,144,30,66,0,0,0,0,0,0,0,0,-32305,0,0,0,0,0,171162,0
170989,1884,8256,-550,262,250,8,23049,-2,-3,3,0,37035,144,30,66,0,0,0,0,0,0,0,0,-32306,0,0,0,0,0,171167,0
170994,1910,8398,-466,281,255,19,23049,7,-2,2,0,37031,143,30,66,0,0,0,0,0,0,0,0,-32305,0,0,0,0,0,171172,0
170999,1936,8322,-420,294,253,19,23050,3,-2,2,0,37031,143,30,66,0,0,0,0,0,0,0,0,-32305,0,0,0,0,0,171177,0
171004,1944,8288,-406,333,257,39,23049,-1,2,2,0,37032,144,30,66,0,0,0,0,0,0,0,0,-32305,0,0,0,0,0,171182,0
171009,1910,8238,-396,341,271,47,23049,2,-2,0,0,37032,144,30,66,0,0,0,0,0,0,0,0,-32305,0,0,0,0,0,171187,0
171014,1904,8212,-384,350,270,77,23050,0,0,0,0,37028,149,30,66,0,0,0,0,0,0,0,0,-32305,0,0,0,0,0,171192,0
171019,1898,8108,-340,356,275,90,23051,1,-2,2,0,37028,149,30,66,0,0,0,0,0,0,0,0,-32305,0,0,0,0,0,171197,0
171024,1842,7972,-268,368,298,126,23051,7,4,3,0,37028,165,30,66,0,0,0,0,0,0,0,0,-32305,0,0,0,0,0,171202,0
171029,1848,7944,-258,367,305,150,23051,11,0,2,0,37028,165,30,66,0,0,0,0,0,0,0,0,-32305,0,0,0,0,0,171207,0
171034,1826,7866,-220,368,321,161,23050,3,-5,5,0,37028,159,30,66,0,0,0,0,0,0,0,0,-32305,0,0,0,0,0,171212,0
171039,1810,7842,-232,370,348,176,23050,-4,1,5,0,37028,159,30,66,0,0,0,0,0,0,0,0,-32306,0,0,0,0,0,171217,0
171044,1694,7746,-234,372,386,195,23051,2,3,4,0,37030,155,30,66,0,0,0,0,0,0,0,0,-32305,0,0,0,0,0,171222,0
171049,1618,7678,-210,374,410,206,23050,0,-2,4,0,37030,155,30,66,0,0,0,0,0,0,0,0,-32305,0,0,0,0,0,171227,0
171054,1590,7640,-208,381,432,215,23050,-1,0,4,0,37032,138,30,66,0,0,0,0,0,0,0,0,-32305,0,0,0,0,0,171232,0
171059,1514,7564,-198,382,464,221,23050,-7,-3,3,0,37032,138,30,66,0,0,0,0,0,0,0,0,-32305,0,0,0,0,0,171237,0
171064,1404,7480,-224,397,512,226,23050,0,0,4,0,37031,139,30,66,0,0,0,0,0,0,0,0,-32305,0,0,0,0,0,171242,0
171069,1366,7452,-246,402,531,226,23050,0,-2,4,0,37031,139,30,66,0,0,0,0,0,0,0,0,-32305,0,0,0,0,0,171247,0
171074,1318,7442,-244,410,553,228,23050,0,-1,5,0,37027,137,30,66,0,0,0,0,0,0,0,0,-32305,0,0,0,0,0,171252,0
171079,1280,7404,-244,420,572,215,23051,5,2,4,0,37027,137,30,66,0,0,0,0,0,0,0,0,-32306,0,0,0,0,0,171257,0
171084,1210,7392,-234,432,607,193,23050,2,2,4,0,37027,139,30,66,0,0,0,0,0,0,0,0,-32305,0,0,0,0,0,171262,0
171089,1180,7430,-218,445,622,184,23050,4,0,4,0,37027,139,30,66,0,0,0,0,0,0,0,0,-32305,0,0,0,0,0,171267,0
171094,1170,7406,-232,453,638,173,23050,3,0,7,0,37030,138,30,66,0,0,0,0,0,0,0,0,-32306,0,0,0,0,0,171272,0
171099,1094,7390,-198,458,648,155,23048,-2,-5,6,0,37030,138,30,66,0,0,0,0,0,0,0,0,-32305,0,0,0,0,0,171277,0
171104,1028,7400,-222,474,667,122,23048,-11,-3,5,0,37032,134,30,66,0,0,0,0,0,0,0,0,-32305,0,0,0,0,0,171282,0
171109,990,7408,-204,481,676,106,23050,4,0,5,0,37032,134,30,66,0,0,0,0,0,0,0,0,-32305,0,0,0,0,0,171287,0
171114,952,7420,-200,493,685,91,23049,2,0,4,0,37030,138,30,66,0,0,0,0,0,0,0,0,-32305,0,0,0,0,0,171292,0
171119,910,7430,-190,504,681,73,23050,2,-1,4,0,37030,138,30,66,0,0,0,0,0,0,0,0,-32306,0,0,0,0,0,171297,0
171124,886,7396,-160,525,683,40,23048,-1,-2,5,0,37027,140,30,66,0,0,0,0,0,0,0,0,-32305,0,0,0,0,0,171302,0
171129,864,7346,-146,525,681,21,23049,-6,1,4,0,37027,140,30,66,0,0,0,0,0,0,0,0,-32305,0,0,0,0,0,171307,0
171134,860,7304,-144,538,683,10,23049,3,-1,3,0,37029,139,30,66,0,0,0,0,0,0,0,0,-32305,0,0,0,0,0,171312,0
171139,854,7260,-126,549,682,-15,23049,3,-1,4,0,37029,139,30,66,0,0,0,0,0,0,0,0,-32306,0,0,0,0,0,171317,0
171144,830,7244,-100,564,668,-49,23050,6,0,3,0,37031,150,30,66,0,0,0,0,0,0,0,0,-32305,0,0,0,0,0,171322,0
171149,806,7224,-82,570,666,-62,23049,3,1,4,0,37031,150,30,66,0,0,0,0,0,0,0,0,-32305,0,0,0,0,0,171327,0
171154,786,7212,-46,575,659,-79,23049,-5,1,4,0,37029,154,30,66,0,0,0,0,0,0,0,0,-32305,0,0,0,0,0,171332,0
171159,792,7228,-34,581,657,-102,23049,4,-6,5,0,37029,154,30,66,0,0,0,0,0,0,0,0,-32305,0,0,0,0,0,171337,0
171164,858,7266,-44,579,645,-132,23049,10,-2,5,0,37027,153,30,66,0,0,0,0,0,0,0,0,-32305,0,0,0,0,0,171342,0
171169,860,7368,-36,583,649,-148,23049,1,1,4,0,37027,153,30,66,0,0,0,0,0,0,0,0,-32305,0,0,0,0,0,171347,0
171174,850,7420,-38,587,646,-159,23049,4,1,3,0,37030,158,30,66,0,0,0,0,0,0,0,0,-32305,0,0,0,0,0,171352,0
171179,1142,8402,402,576,646,-154,23049,-1,1,5,0,37030,158,30,66,0,0,0,0,0,0,0,0,-32305,0,0,0,0,0,171357,0
171184,2156,8924,1712,450,681,-66,23049,5,0,7,0,37031,158,30,66,0,0,0,0,0,0,0,0,-32305,0,0,0,0,0,171362,0
171189,2364,8972,2200,412,732,-4,23047,-4,-5,11,0,37031,158,30,66,0,0,0,0,0,0,0,0,-32305,0,0,0,0,0,171367,0
171194,2362,9112,2204,360,752,43,23047,-3,-1,10,0,37035,167,30,66,0,0,0,0,0,0,0,0,-32306,0,0,0,0,0,171372,0
171199,2464,9624,2770,266,761,84,23047,-11,-5,10,0,37035,167,30,66,0,0,0,0,0,0,0,0,-32305,0,0,0,0,0,171377,0
171204,2474,9486,3018,92,762,115,23046,-1,1,12,0,37032,149,30,66,0,0,0,0,0,0,0,0,-32305,0,0,0,0,0,171382,0
171209,2280,9538,3138,19,770,92,23044,-4,-3,9,0,37032,149,30,66,0,0,0,0,0,0,0,0,-32305,0,0,0,0,0,171387,0
171214,2114,9542,3010,-49,757,47,23045,0,3,6,0,37031,143,30,66,0,0,0,0,0,0,0,0,-32305,0,0,0,0,0,171392,0
171219,1868,9260,2472,-88,729,13,23046,-3,1,4,0,37031,143,30,66,0,0,0,0,0,0,0,0,-32305,0,0,0,0,0,171397,0
171224,1600,8802,788,-76,637,-24,23045,6,11,4,0,37028,141,30,66,0,0,0,0,0,0,0,0,-32305,0,0,0,0,0,171402,0
171229,1500,8660,-12,-48,587,-31,23046,6,2,2,0,37028,141,30,66,0,0,0,0,0,0,0,0,-32305,0,0,0,0,0,171407,0
171234,1398,8594,-358,-12,550,-53,23047,4,-2,1,0,37028,144,30,66,0,0,0,0,0,0,0,0,-32305,0,0,0,0,0,171412,0
171239,1340,8516,-426,36,514,-63,23046,3,0,0,0,37028,144,30,66,0,0,0,0,0,0,0,0,-32305,0,0,0,0,0,171417,0
171244,1390,8406,260,108,465,-71,23047,6,3,0,0,37025,139,30,66,0,0,0,0,0,0,0,0,-32305,0,0,0,0,0,171422,0
171249,1404,8426,748,135,460,-78,23048,6,-6,0,0,37025,139,30,66,0,0,0,0,0,0,0,0,-32305,0,0,0,0,0,171427,0
171254,1390,8418,1038,147,451,-81,23048,6,-1,-2,0,37024,138,30,66,0,0,0,0,0,0,0,0,-32306,0,0,0,0,0,171432,0
171259,1312,8444,1276,146,441,-84,23049,7,-1,-2,0,37024,138,30,66,0,0,0,0,0,0,0,0,-32305,0,0,0,0,0,171437,0
171264,1038,8338,1372,132,375,-92,23048,-3,-2,-1,0,37029,141,30,66,0,0,0,0,0,0,0,0,-32305,0,0,0,0,0,171442,0
171269,1050,8208,1084,146,333,-98,23049,1,0,-1,0,37029,141,30,66,0,0,0,0,0,0,0,0,-32305,0,0,0,0,0,171447,0
171274,1010,8096,810,154,297,-100,23050,2,-2,-2,0,37035,155,30,66,0,0,0,0,0,0,0,0,-32305,0,0,0,0,0,171452,0
171279,1000,7956,574,165,255,-91,23051,0,1,-3,0,37035,155,30,66,0,0,0,0,0,0,0,0,-32305,0,0,0,0,0,171457,0
171284,874,7786,366,180,183,-86,23053,8,1,-5,0,37034,147,30,66,0,0,0,0,0,0,0,0,-32305,0,0,0,0,0,171462,0
171289,848,7744,316,193,154,-75,23054,14,4,-9,0,37034,147,30,66,0,0,0,0,0,0,0,0,-32305,0,0,0,0,0,171467,0
171294,820,7720,280,195,121,-63,23054,4,1,-11,0,37030,148,30,66,0,0,0,0,0,0,0,0,-32305,0,0,0,0,0,171472,0
171299,876,7710,276,203,99,-61,23057,7,-1,-9,0,37030,148,30,66,0,0,0,0,0,0,0,0,-32306,0,0,0,0,0,171477,0
171304,920,7678,246,207,36,-45,23057,4,4,-9,0,37037,138,30,66,0,0,0,0,0,0,0,0,-32305,0,0,0,0,0,171482,0
171309,950,7644,228,197,12,-33,23058,0,0,-5,0,37037,138,30,66,0,0,0,0,0,0,0,0,-32305,0,0,0,0,0,171487,0
171314,966,7638,168,197,-7,-28,23058,1,-3,-2,0,37038,141,30,66,0,0,0,0,0,0,0,0,-32305,0,0,0,0,0,171492,0
171319,1000,7640,116,188,-27,-15,23060,5,-2,-1,0,37038,141,30,66,0,0,0,0,0,0,0,0,-32305,0,0,0,0,0,171497,0
171324,1066,7748,-30,182,-45,-2,23060,2,0,1,0,37035,142,30,66,0,0,0,0,0,0,0,0,-32305,0,0,0,0,0,171502,0
171329,1110,7788,-112,182,-53,6,23060,4,-3,3,0,37035,142,30,66,0,0,0,0,0,0,0,0,-32305,0,0,0,0,0,171507,0
171334,1136,7812,-108,175,-56,13,23060,3,0,3,0,37028,148,30,66,0,0,0,0,0,0,0,0,-32307,0,0,0,0,0,171512,0
171339,1172,7848,-184,172,-52,20,23059,0,-3,4,0,37028,148,30,66,0,0,0,0,0,0,0,0,-32305,0,0,0,0,0,171517,0
171344,1226,7912,-238,170,-56,36,23060,-1,-3,3,0,37029,154,30,66,0,0,0,0,0,0,0,0,-32305,0,0,0,0,0,171522,0
171349,1282,7980,-238,167,-47,38,23059,3,2,5,0,37029,154,30,66,0,0,0,0,0,0,0,0,-32305,0,0,0,0,0,171527,0
171354,1294,8004,-234,167,-36,40,23059,-1,1,5,0,37030,153,30,66,0,0,0,0,0,0,0,0,-32305,0,0,0,0,0,171532,0
171359,1350,8026,-236,156,-31,45,23059,2,0,3,0,37030,153,30,66,0,0,0,0,0,0,0,0,-32305,0,0,0,0,0,171537,0
171364,1388,7998,-180,144,-21,49,23060,-3,-1,5,0,37030,161,30,66,0,0,0,0,0,0,0,0,-32305,0,0,0,0,0,171542,0
171369,1420,7964,-160,141,-14,54,23061,6,1,3,0,37030,161,30,66,0,0,0,0,0,0,0,0,-32305,0,0,0,0,0,171547,0
171374,1424,7926,-144,136,-14,51,23059,1,1,4,0,37028,153,30,66,0,0,0,0,0,0,0,0,-32306,0,0,0,0,0,171552,0
171379,1452,7940,-130,124,-11,56,23059,-1,-2,4,0,37028,153,30,66,0,0,0,0,0,0,0,0,-32306,0,0,0,0,0,171557,0
171384,1516,7948,-144,121,-3,49,23059,-2,-4,7,0,37028,148,30,66,0,0,0,0,0,0,0,0,-32305,0,0,0,0,0,171562,0
171389,1508,7954,-148,114,-8,49,23058,0,2,6,0,37028,148,30,66,0,0,0,0,0,0,0,0,-32305,0,0,0,0,0,171567,0
171394,1554,7986,-152,109,-5,47,23059,-1,0,5,0,37030,140,30,66,0,0,0,0,0,0,0,0,-32305,0,0,0,0,0,171572,0
171399,1580,7988,-138,99,-1,43,23059,1,-1,5,0,37030,140,30,66,0,0,0,0,0,0,0,0,-32305,0,0,0,0,0,171577,0
171404,1634,8100,-128,98,6,38,23059,0,2,6,0,37032,146,30,66,0,0,0,0,0,0,0,0,-32305,0,0,0,0,0,171582,0
171409,1644,8188,-88,97,14,33,23058,3,1,4,0,37032,146,30,66,0,0,0,0,0,0,0,0,-32305,0,0,0,0,0,171587,0
171414,1654,8238,-44,100,17,27,23059,1,-2,5,0,37030,154,30,66,0,0,0,0,0,0,0,0,-32306,0,0,0,0,0,171592,0
171419,1664,8258,-16,98,17,23,23058,-4,2,4,0,37030,154,30,66,0,0,0,0,0,0,0,0,-32305,0,0,0,0,0,171597,0
171424,1676,8282,126,102,19,8,23058,-2,-2,3,0,37030,154,30,66,0,0,0,0,0,0,0,0,-32305,0,0,0,0,0,171602,0
171429,1632,8304,166,89,21,-1,23058,4,1,2,0,37030,154,30,66,0,0,0,0,0,0,0,0,-32305,0,0,0,0,0,171607,0
171434,1598,8274,206,101,23,-7,23059,-1,-2,3,0,37029,151,30,66,0,0,0,0,0,0,0,0,-32305,0,0,0,0,0,171612,0
171439,1590,8232,240,95,16,-12,23058,-5,2,3,0,37029,151,30,66,0,0,0,0,0,0,0,0,-32306,0,0,0,0,0,171617,0
171444,1538,8094,254,99,12,-28,23059,6,2,3,0,37031,158,30,66,0,0,0,0,0,0,0,0,-32305,0,0,0,0,0,171622,0
171449,1564,8092,270,96,1,-26,23061,5,-2,2,0,37031,158,30,66,0,0,0,0,0,0,0,0,-32306,0,0,0,0,0,171627,0
171454,1550,8012,278,98,-4,-35,23059,0,3,1,0,37029,148,30,66,0,0,0,0,0,0,0,0,-32305,0,0,0,0,0,171632,0
171459,1618,8014,250,105,-12,-45,23060,1,3,-1,0,37029,148,30,66,0,0,0,0,0,0,0,0,-32305,0,0,0,0,0,171637,0
171464,1686,7974,220,101,-22,-63,23060,0,0,-5,0,37026,136,30,66,0,0,0,0,0,0,0,0,-32306,0,0,0,0,0,171642,0
171469,1742,7992,170,107,-36,-68,23063,7,6,-13,0,37026,136,30,66,0,0,0,0,0,0,0,0,-32306,0,0,0,0,0,171647,0
171474,1814,8010,166,109,-34,-83,23069,25,12,-32,0,37028,133,30,66,0,0,0,0,0,0,0,0,-32305,0,0,0,0,0,171652,0
171479,1862,8016,148,116,-41,-85,23079,49,29,-65,0,37028,133,30,66,0,0,0,0,0,0,0,0,-32305,0,0,0,0,0,171657,0
171484,1986,8100,68,107,-39,-126,23100,101,55,-130,0,37029,141,30,66,0,0,0,0,0,0,0,0,-32305,0,0,0,0,0,171662,0
171489,2062,8118,52,108,-37,-140,23130,131,90,-188,0,37029,141,30,66,0,0,0,0,0,0,0,0,-32305,0,0,0,0,0,171667,0
171494,2086,8130,2,111,-36,-160,23164,156,114,-208,0,37029,149,30,66,0,0,0,0,0,0,0,0,-32305,0,0,0,0,0,171672,0
171499,2132,8136,4,110,-32,-171,23207,190,124,-253,0,37029,149,30,66,0,0,0,0,0,0,0,0,-32305,0,0,0,0,0,171677,0
171504,2118,8150,-52,108,-12,-206,23257,226,112,-287,0,37029,151,30,66,0,0,0,0,0,0,0,0,-32306,0,0,0,0,0,171682,0
171509,2118,8178,-44,98,9,-228,23315,264,108,-360,0,37029,151,30,66,0,0,0,0,0,0,0,0,-32305,0,0,0,0,0,171687,0
171514,2024,8130,-72,93,19,-237,23380,291,117,-415,0,37038,142,30,66,0,0,0,0,0,0,0,0,-32305,0,0,0,0,0,171692,0
171519,2014,8118,-88,97,36,-243,23452,315,117,-446,0,37038,142,30,66,0,0,0,0,0,0,0,0,-32305,0,0,0,0,0,171697,0
171524,2062,8026,-90,86,70,-238,23530,346,110,-494,0,37045,142,30,66,0,0,0,0,0,0,0,0,-32305,0,0,0,0,0,171702,0
171529,2182,8066,-94,88,85,-217,23609,355,95,-539,0,37045,142,30,66,0,0,0,0,0,0,0,0,-32306,0,0,0,0,0,171707,0
171534,2344,8058,-46,78,91,-191,23694,381,77,-571,0,37044,144,30,66,0,0,0,0,0,0,0,0,-32305,0,0,0,0,0,171712,0
171539,2486,8062,-48,74,104,-171,23784,391,70,-614,0,37044,144,30,66,0,0,0,0,0,0,0,0,-32305,0,0,0,0,0,171717,0
171544,2616,7940,-14,67,126,-137,23873,388,63,-630,0,37035,135,30,66,0,0,0,0,0,0,0,0,-32305,0,0,0,0,0,171722,0
171549,2566,7850,-18,63,135,-118,23961,390,41,-608,0,37035,135,30,66,0,0,0,0,0,0,0,0,-32305,0,0,0,0,0,171727,0
171554,2566,7760,-14,52,141,-78,24051,385,16,-593,0,37032,126,30,66,0,0,0,0,0,0,0,0,-32305,0,0,0,0,0,171732,0
171559,2586,7658,-22,47,153,-45,24141,396,0,-610,0,37032,126,30,66,0,0,0,0,0,0,0,0,-32306,0,0,0,0,0,171737,0
171564,2826,7594,-32,36,175,22,24231,395,4,-618,0,37038,127,30,66,0,0,0,0,0,0,0,0,-32305,0,0,0,0,0,171742,0
171569,2870,7540,-58,26,184,48,24319,383,0,-619,0,37038,127,30,66,0,0,0,0,0,0,0,0,-32306,0,0,0,0,0,171747,0
171574,2902,7540,-48,29,199,85,24403,371,-12,-584,0,37036,134,30,66,0,0,0,0,0,0,0,0,-32305,0,0,0,0,0,171752,0
171579,2880,7532,-74,24,211,129,24484,359,-26,-545,0,37036,134,30,66,0,0,0,0,0,0,0,0,-32305,0,0,0,0,0,171757,0
171584,2960,7582,-118,19,234,210,24566,357,-33,-546,0,37032,141,30,66,0,0,0,0,0,0,0,0,-32305,0,0,0,0,0,171762,0
171589,3004,7574,-116,24,247,243,24645,342,-35,-543,0,37032,141,30,66,0,0,0,0,0,0,0,0,-32305,0,0,0,0,0,171767,0
171594,3042,7664,-122,22,257,279,24725,351,-19,-519,0,37029,133,30,66,0,0,0,0,0,0,0,0,-32305,0,0,0,0,0,171772,0
171599,3068,7684,-108,20,274,302,24803,340,-17,-494,0,37029,133,30,66,0,0,0,0,0,0,0,0,-32305,0,0,0,0,0,171777,0
171604,3050,7728,-156,29,300,366,24878,332,-18,-482,0,37033,129,30,66,0,0,0,0,0,0,0,0,-32305,0,0,0,0,0,171782,0
171609,3046,7754,-180,33,311,410,24937,323,-27,-471,0,37033,129,30,66,0,0,0,0,0,0,0,0,-32306,0,0,0,0,0,171787,0
171614,3060,7780,-218,34,318,446,25008,319,-27,-459,0,37044,125,30,66,0,0,0,0,0,0,0,0,-32306,0,0,0,0,0,171792,0
171619,3090,7808,-208,39,324,484,25081,321,-24,-463,0,37044,125,30,66,0,0,0,0,0,0,0,0,-32305,0,0,0,0,0,171797,0
171624,3210,7902,-244,48,329,572,25150,311,-17,-467,0,37042,126,30,66,0,0,0,0,0,0,0,0,-32306,0,0,0,0,0,171802,0
171629,3258,7996,-274,58,330,612,25217,290,-22,-429,0,37042,126,30,66,0,0,0,0,0,0,0,0,-32306,0,0,0,0,0,171807,0
171634,3282,8096,-234,65,325,654,25280,285,-25,-398,0,37040,136,30,66,0,0,0,0,0,0,0,0,-32305,0,0,0,0,0,171812,0
171639,3252,8240,-262,69,317,699,25340,266,-44,-378,0,37040,136,30,66,0,0,0,0,0,0,0,0,-32305,0,0,0,0,0,171817,0
171644,3098,8234,-268,82,303,765,25394,239,-52,-367,0,37034,141,30,66,0,0,0,0,0,0,0,0,-32305,0,0,0,0,0,171822,0
171649,3018,8278,-296,100,290,804,25444,225,-63,-344,0,37034,141,30,66,0,0,0,0,0,0,0,0,-32305,0,0,0,0,0,171827,0
171654,3008,8244,-316,102,272,850,25496,221,-52,-323,0,37034,141,30,66,0,0,0,0,0,0,0,0,-32305,0,0,0,0,0,171832,0
171659,3122,8260,-270,110,260,888,25547,222,-33,-312,0,37034,141,30,66,0,0,0,0,0,0,0,0,-32305,0,0,0,0,0,171837,0
171664,3036,8438,-294,126,225,955,25601,238,-15,-317,0,37033,146,30,66,0,0,0,0,0,0,0,0,-32305,0,0,0,0,0,171842,0
171669,3000,8522,-324,126,202,982,25651,219,2,-333,0,37033,146,30,66,0,0,0,0,0,0,0,0,-32305,0,0,0,0,0,171847,0
171674,2878,8516,-324,144,176,1009,25697,195,-7,-310,0,37032,147,30,66,0,0,0,0,0,0,0,0,-32305,0,0,0,0,0,171852,0
171679,2912,8522,-300,149,160,1050,25742,192,-26,-277,0,37032,147,30,66,0,0,0,0,0,0,0,0,-32305,0,0,0,0,0,171857,0
171684,2858,8568,-280,162,125,1117,25782,179,-45,-269,0,37032,150,30,66,0,0,0,0,0,0,0,0,-32306,0,0,0,0,0,171862,0
171689,2860,8636,-300,173,115,1149,25820,166,-51,-256,0,37032,150,30,66,0,0,0,0,0,0,0,0,-32306,0,0,0,0,0,171867,0
171694,2798,8584,-300,184,90,1183,25857,159,-40,-255,0,37034,142,30,66,0,0,0,0,0,0,0,0,-32305,0,0,0,0,0,171872,0
171699,2758,8582,-312,186,76,1207,25894,159,-31,-251,0,37034,142,30,66,0,0,0,0,0,0,0,0,-32306,0,0,0,0,0,171877,0
171704,2654,8528,-300,198,29,1258,25928,144,-26,-250,0,37034,143,30,66,0,0,0,0,0,0,0,0,-32305,0,0,0,0,0,171882,0
171709,2628,8522,-266,208,3,1280,25959,128,-28,-219,0,37034,143,30,66,0,0,0,0,0,0,0,0,-32305,0,0,0,0,0,171887,0
171714,2630,8534,-240,214,-9,1306,25991,144,-25,-218,0,37030,143,30,66,0,0,0,0,0,0,0,0,-32306,0,0,0,0,0,171892,0
171719,2600,8474,-228,215,-35,1325,26025,148,-13,-217,0,37030,143,30,66,0,0,0,0,0,0,0,0,-32305,0,0,0,0,0,171897,0
171724,2582,8358,-220,231,-68,1354,26061,159,3,-232,0,37027,137,30,66,0,0,0,0,0,0,0,0,-32305,0,0,0,0,0,171902,0
171729,2510,8302,-178,232,-83,1358,26094,148,15,-220,0,37027,137,30,66,0,0,0,0,0,0,0,0,-32305,0,0,0,0,0,171907,0
171734,2408,8214,-188,242,-98,1380,26124,126,-1,-203,0,37027,144,30,66,0,0,0,0,0,0,0,0,-32305,0,0,0,0,0,171912,0
171739,2314,8168,-158,246,-116,1396,26145,96,-34,-170,0,37027,144,30,66,0,0,0,0,0,0,0,0,-32305,0,0,0,0,0,171917,0
171744,2270,8104,-160,243,-146,1455,26171,108,-46,-184,0,37029,147,30,66,0,0,0,0,0,0,0,0,-32306,0,0,0,0,0,171922,0
171749,2258,8112,-116,255,-154,1474,26189,83,-52,-147,0,37029,147,30,66,0,0,0,0,0,0,0,0,-32306,0,0,0,0,0,171927,0
171754,2208,8054,-104,260,-169,1486,26204,65,-52,-108,0,37028,148,30,66,0,0,0,0,0,0,0,0,-32306,0,0,0,0,0,171932,0
171759,2156,8040,-112,266,-175,1505,26222,82,-35,-124,0,37028,148,30,66,0,0,0,0,0,0,0,0,-32305,0,0,0,0,0,171937,0
171764,2090,7964,-72,271,-199,1519,26239,76,-23,-115,0,37028,134,30,66,0,0,0,0,0,0,0,0,-32306,0,0,0,0,0,171942,0
171769,1996,7918,-94,266,-208,1524,26244,17,-33,-54,0,37028,134,30,66,0,0,0,0,0,0,0,0,-32305,0,0,0,0,0,171947,0
171774,1910,7854,-80,274,-208,1534,26243,-4,-56,-5,0,37029,125,30,66,0,0,0,0,0,0,0,0,-32305,0,0,0,0,0,171952,0
171779,1906,7828,-62,273,-225,1552,26244,-7,-74,3,0,37029,125,30,66,0,0,0,0,0,0,0,0,-32305,0,0,0,0,0,171958,0
171784,1980,7730,-58,272,-234,1552,26245,-3,-64,3,0,37031,140,30,66,0,0,0,0,0,0,0,0,-32305,0,0,0,0,0,171963,0
171789,1982,7744,-62,276,-240,1546,26245,-3,-33,4,0,37031,140,30,66,0,0,0,0,0,0,0,0,-32306,0,0,0,0,0,171968,0
171794,1948,7786,-34,282,-237,1540,26244,-5,-7,4,0,37028,141,30,66,0,0,0,0,0,0,0,0,-32305,0,0,0,0,0,171973,0
171799,1928,7806,-28,276,-234,1537,26244,-2,-2,4,0,37028,141,30,66,0,0,0,0,0,0,0,0,-32305,0,0,0,0,0,171978,0
171804,1878,7806,-4,279,-233,1524,26245,3,1,3,0,37023,148,30,66,0,0,0,0,0,0,0,0,-32305,0,0,0,0,0,171983,0
171809,1822,7796,-8,274,-231,1515,26245,0,1,3,0,37023,148,30,66,0,0,0,0,0,0,0,0,-32306,0,0,0,0,0,171988,0
171814,1782,7796,12,274,-227,1505,26244,-3,-3,5,0,37025,145,30,66,0,0,0,0,0,0,0,0,-32305,0,0,0,0,0,171993,0
171819,1770,7798,12,269,-231,1500,26245,-1,3,5,0,37025,145,30,66,0,0,0,0,0,0,0,0,-32305,0,0,0,0,0,171998,0
171824,1704,7770,20,272,-218,1476,26244,-4,-3,6,0,37034,163,30,66,0,0,0,0,0,0,0,0,-32305,0,0,0,0,0,172003,0
171829,1690,7786,38,272,-218,1462,26245,-1,-5,6,0,37034,163,30,66,0,0,0,0,0,0,0,0,-32305,0,0,0,0,0,172008,0
171834,1674,7776,20,268,-218,1454,26245,1,-1,3,0,37033,171,30,66,0,0,0,0,0,0,0,0,-32306,0,0,0,0,0,172013,0
171839,1672,7788,68,268,-213,1435,26245,-5,-1,5,0,37033,171,30,66,0,0,0,0,0,0,0,0,-32305,0,0,0,0,0,172018,0
171844,1672,7782,68,268,-212,1406,26244,0,0,6,0,37030,165,30,66,0,0,0,0,0,0,0,0,-32305,0,0,0,0,0,172023,0
171849,1696,7838,76,269,-197,1384,26244,5,0,5,0,37030,165,30,66,0,0,0,0,0,0,0,0,-32306,0,0,0,0,0,172028,0
171854,1720,7848,74,270,-194,1368,26244,0,0,5,0,37024,154,30,66,0,0,0,0,0,0,0,0,-32306,0,0,0,0,0,172033,0
171859,1720,7834,96,266,-177,1346,26244,0,1,5,0,37024,154,30,66,0,0,0,0,0,0,0,0,-32305,0,0,0,0,0,172038,0
171864,1726,7812,114,254,-159,1317,26244,3,2,5,0,37026,141,30,66,0,0,0,0,0,0,0,0,-32306,0,0,0,0,0,172043,0
171869,1706,7824,108,252,-141,1295,26243,-7,-5,4,0,37026,141,30,66,0,0,0,0,0,0,0,0,-32305,0,0,0,0,0,172048,0
171874,1740,7824,122,242,-119,1282,26244,-1,1,4,0,37025,144,30,66,0,0,0,0,0,0,0,0,-32306,0,0,0,0,0,172053,0
171879,1734,7806,138,241,-110,1266,26244,-1,-1,5,0,37025,144,30,66,0,0,0,0,0,0,0,0,-32305,0,0,0,0,0,172058,0
171884,1760,7788,172,219,-79,1226,26244,2,-1,3,0,37021,150,30,66,0,0,0,0,0,0,0,0,-32306,0,0,0,0,0,172063,0
171889,1738,7810,148,207,-60,1208,26245,4,2,4,0,37021,150,30,66,0,0,0,0,0,0,0,0,-32306,0,0,0,0,0,172068,0
171894,1768,7808,160,196,-49,1191,26244,-3,0,5,0,37021,147,30,66,0,0,0,0,0,0,0,0,-32306,0,0,0,0,0,172073,0
171899,1750,7760,150,184,-33,1162,26244,1,4,4,0,37021,147,30,66,0,0,0,0,0,0,0,0,-32306,0,0,0,0,0,172078,0
171904,1746,7674,150,154,-3,1117,26246,5,3,3,0,37025,141,30,66,0,0,0,0,0,0,0,0,-32306,0,0,0,0,0,172083,0
171909,1754,7716,134,148,5,1097,26244,0,0,4,0,37025,141,30,66,0,0,0,0,0,0,0,0,-32305,0,0,0,0,0,172088,0
171914,1718,7670,150,137,17,1075,26244,2,-1,4,0,37028,141,30,66,0,0,0,0,0,0,0,0,-32305,0,0,0,0,0,172093,0
171919,1724,7694,134,115,28,1051,26244,-5,2,5,0,37028,141,30,66,0,0,0,0,0,0,0,0,-32305,0,0,0,0,0,172098,0
171924,1726,7730,94,95,44,1006,26244,4,2,6,0,37025,143,30,66,0,0,0,0,0,0,0,0,-32305,0,0,0,0,0,172103,0
171929,1710,7710,110,85,53,982,26245,2,3,6,0,37025,143,30,66,0,0,0,0,0,0,0,0,-32305,0,0,0,0,0,172108,0
171934,1724,7714,68,77,54,960,26243,-1,0,6,0,37026,149,30,66,0,0,0,0,0,0,0,0,-32306,0,0,0,0,0,172113,0
171939,1744,7696,56,69,60,932,26245,0,3,4,0,37026,149,30,66,0,0,0,0,0,0,0,0,-32305,0,0,0,0,0,172118,0
171944,1764,7706,32,58,72,890,26245,-1,5,3,0,37026,150,30,66,0,0,0,0,0,0,0,0,-32306,0,0,0,0,0,172123,0
171949,1712,7722,28,53,71,859,26244,1,0,5,0,37026,150,30,66,0,0,0,0,0,0,0,0,-32305,0,0,0,0,0,172128,0
171954,1738,7716,2,50,64,843,26244,1,-3,4,0,37029,156,30,66,0,0,0,0,0,0,0,0,-32305,0,0,0,0,0,172133,0
171959,1780,7682,-12,46,62,821,26244,0,1,3,0,37029,156,30,66,0,0,0,0,0,0,0,0,-32305,0,0,0,0,0,172138,0
171964,1794,7666,-56,40,52,783,26244,-3,1,5,0,37027,156,30,66,0,0,0,0,0,0,0,0,-32306,0,0,0,0,0,172143,0
171969,1802,7638,-66,43,40,762,26244,2,-2,3,0,37027,156,30,66,0,0,0,0,0,0,0,0,-32306,0,0,0,0,0,172148,0
171974,1818,7610,-82,40,38,735,26245,-2,-2,4,0,37026,159,30,66,0,0,0,0,0,0,0,0,-32305,0,0,0,0,0,172153,0
171979,1846,7598,-92,43,26,716,26244,1,-3,5,0,37026,159,30,66,0,0,0,0,0,0,0,0,-32306,0,0,0,0,0,172158,0
171984,1912,7548,-78,53,16,678,26244,0,-1,3,0,37029,161,30,66,0,0,0,0,0,0,0,0,-32306,0,0,0,0,0,172163,0
171989,1932,7548,-76,57,11,655,26244,-5,2,3,0,37029,161,30,66,0,0,0,0,0,0,0,0,-32306,0,0,0,0,0,172168,0
171994,1958,7486,-78,55,12,632,26246,2,1,4,0,37031,151,30,66,0,0,0,0,0,0,0,0,-32305,0,0,0,0,0,172173,0
171999,1990,7474,-68,60,4,615,26245,2,0,3,0,37031,151,30,66,0,0,0,0,0,0,0,0,-32306,0,0,0,0,0,172178,0
172004,2060,7536,-46,68,-1,570,26244,0,-3,4,0,37033,162,30,66,0,0,0,0,0,0,0,0,-32305,0,0,0,0,0,172183,0
172009,2064,7514,-20,74,-1,546,26244,0,0,5,0,37033,162,30,66,0,0,0,0,0,0,0,0,-32305,0,0,0,0,0,172188,0
172014,2106,7520,-14,71,-5,527,26244,-1,2,5,0,37029,154,30,66,0,0,0,0,0,0,0,0,-32305,0,0,0,0,0,172193,0
172019,2128,7516,-8,82,-3,505,26245,2,2,5,0,37029,154,30,66,0,0,0,0,0,0,0,0,-32306,0,0,0,0,0,172198,0
172024,2178,7518,22,83,-15,460,26244,-4,1,5,0,37027,147,30,66,0,0,0,0,0,0,0,0,-32306,0,0,0,0,0,172203,0
172029,2206,7510,32,79,-23,439,26243,-1,-2,3,0,37027,147,30,66,0,0,0,0,0,0,0,0,-32306,0,0,0,0,0,172208,0
172034,2228,7496,14,79,-31,421,26243,-6,-3,4,0,37034,141,30,66,0,0,0,0,0,0,0,0,-32305,0,0,0,0,0,172213,0
172039,2286,7502,42,80,-41,399,26245,1,-1,3,0,37034,141,30,66,0,0,0,0,0,0,0,0,-32305,0,0,0,0,0,172218,0
172044,2336,7536,44,70,-52,364,26245,10,-2,4,0,37046,146,30,66,0,0,0,0,0,0,0,0,-32306,0,0,0,0,0,172223,0
172049,2404,7516,38,74,-65,349,26244,-2,4,5,0,37046,146,30,66,0,0,0,0,0,0,0,0,-32306,0,0,0,0,0,172228,0
172054,2392,7536,48,74,-61,335,26243,-8,0,6,0,37051,157,30,66,0,0,0,0,0,0,0,0,-32306,0,0,0,0,0,172233,0
172059,2434,7554,62,68,-74,318,26243,-4,-2,4,0,37051,157,30,66,0,0,0,0,0,0,0,0,-32306,0,0,0,0,0,172238,0
172064,2490,7598,68,64,-87,292,26245,-1,0,5,0,37048,146,30,66,0,0,0,0,0,0,0,0,-32305,0,0,0,0,0,172243,0
172069,2504,7618,78,62,-89,281,26244,-1,-3,4,0,37048,146,30,66,0,0,0,0,0,0,0,0,-32305,0,0,0,0,0,172248,0
172074,2552,7636,70,59,-98,270,26243,-3,-3,4,0,37039,143,30,66,0,0,0,0,0,0,0,0,-32305,0,0,0,0,0,172253,0
172079,2586,7660,78,59,-98,260,26246,3,4,4,0,37039,143,30,66,0,0,0,0,0,0,0,0,-32305,0,0,0,0,0,172258,0
172084,2636,7658,110,47,-106,235,26245,9,3,5,0,37032,151,30,66,0,0,0,0,0,0,0,0,-32306,0,0,0,0,0,172263,0
172089,2676,7684,74,35,-110,219,26246,6,2,4,0,37032,151,30,66,0,0,0,0,0,0,0,0,-32306,0,0,0,0,0,172268,0
172094,2710,7628,80,33,-113,212,26245,1,4,2,0,37028,146,30,66,0,0,0,0,0,0,0,0,-32305,0,0,0,0,0,172273,0
172099,2780,7634,110,33,-117,194,26244,-5,1,2,0,37028,146,30,66,0,0,0,0,0,0,0,0,-32305,0,0,0,0,0,172278,0
172104,2862,7630,98,20,-120,180,26243,-7,-3,3,0,37024,141,30,66,0,0,0,0,0,0,0,0,-32306,0,0,0,0,0,172283,0
172109,2918,7670,106,16,-128,172,26245,1,1,1,0,37024,141,30,66,0,0,0,0,0,0,0,0,-32305,0,0,0,0,0,172288,0
172114,2944,7664,116,6,-127,163,26246,3,-2,2,0,37026,138,30,66,0,0,0,0,0,0,0,0,-32305,0,0,0,0,0,172293,0
172119,2970,7646,128,5,-130,157,26245,3,0,1,0,37026,138,30,66,0,0,0,0,0,0,0,0,-32305,0,0,0,0,0,172298,0
172124,3028,7590,138,-3,-139,148,26245,-2,1,0,0,37031,139,30,66,0,0,0,0,0,0,0,0,-32305,0,0,0,0,0,172303,0
172129,3044,7604,118,-3,-137,140,26247,9,0,-2,0,37031,139,30,66,0,0,0,0,0,0,0,0,-32305,0,0,0,0,0,172308,0
172134,3062,7562,108,-4,-148,138,26247,-3,3,-4,0,37029,145,30,66,0,0,0,0,0,0,0,0,-32305,0,0,0,0,0,172313,0
172139,3086,7572,94,-10,-158,139,26248,6,4,-5,0,37029,145,30,66,0,0,0,0,0,0,0,0,-32306,0,0,0,0,0,172318,0
172144,3170,7604,94,-13,-185,120,26251,14,3,-8,0,37025,151,30,66,0,0,0,0,0,0,0,0,-32305,0,0,0,0,0,172323,0
172149,3248,7574,88,-15,-186,115,26254,15,6,-18,0,37025,151,30,66,0,0,0,0,0,0,0,0,-32305,0,0,0,0,0,172328,0
172154,3272,7538,78,-13,-198,114,26258,16,11,-34,0,37025,149,30,66,0,0,0,0,0,0,0,0,-32306,0,0,0,0,0,172333,0
172159,3330,7546,68,-10,-216,104,26270,50,26,-65,0,37025,149,30,66,0,0,0,0,0,0,0,0,-32305,0,0,0,0,0,172338,0
172164,3440,7562,64,-8,-224,92,26289,84,49,-113,0,37028,141,30,66,0,0,0,0,0,0,0,0,-32305,0,0,0,0,0,172343,0
172169,3500,7564,58,-5,-230,83,26310,92,69,-138,0,37028,141,30,66,0,0,0,0,0,0,0,0,-32305,0,0,0,0,0,172348,0
172174,3438,7546,44,-4,-233,78,26329,84,67,-123,0,37029,146,30,66,0,0,0,0,0,0,0,0,-32305,0,0,0,0,0,172353,0
172179,3388,7496,82,-1,-238,77,26355,125,54,-157,0,37029,146,30,66,0,0,0,0,0,0,0,0,-32305,0,0,0,0,0,172358,0
172184,3494,7386,62,0,-233,83,26387,136,50,-198,0,37026,145,30,66,0,0,0,0,0,0,0,0,-32305,0,0,0,0,0,172363,0
172189,3528,7318,76,7,-228,77,26417,143,41,-209,0,37026,145,30,66,0,0,0,0,0,0,0,0,-32306,0,0,0,0,0,172368,0
172194,3512,7296,90,-1,-235,83,26450,135,48,-226,0,37025,144,30,66,0,0,0,0,0,0,0,0,-32305,0,0,0,0,0,172373,0
172199,3468,7262,98,-4,-233,94,26485,155,39,-226,0,37025,144,30,66,0,0,0,0,0,0,0,0,-32305,0,0,0,0,0,172378,0
172204,3508,7218,96,-10,-222,97,26520,153,23,-239,0,37028,138,30,66,0,0,0,0,0,0,0,0,-32305,0,0,0,0,0,172383,0
172209,3518,7200,106,-14,-218,100,26558,159,21,-238,0,37028,138,30,66,0,0,0,0,0,0,0,0,-32306,0,0,0,0,0,172388,0
172214,3520,7146,136,-10,-203,99,26589,135,5,-233,0,37031,139,30,66,0,0,0,0,0,0,0,0,-32305,0,0,0,0,0,172393,0
172219,3488,7184,116,-16,-202,105,26624,152,5,-225,0,37031,139,30,66,0,0,0,0,0,0,0,0,-32305,0,0,0,0,0,172398,0
172224,3410,7162,72,-21,-195,120,26653,123,-24,-216,0,37029,146,30,66,0,0,0,0,0,0,0,0,-32305,0,0,0,0,0,172403,0
172229,3414,7198,74,-20,-194,130,26681,128,-23,-207,0,37029,146,30,66,0,0,0,0,0,0,0,0,-32305,0,0,0,0,0,172408,0
172234,3372,7198,60,-24,-186,143,26704,95,-37,-192,0,37030,142,30,66,0,0,0,0,0,0,0,0,-32305,0,0,0,0,0,172413,0
172239,3352,7172,44,-17,-186,150,26723,81,-44,-149,0,37030,142,30,66,0,0,0,0,0,0,0,0,-32305,0,0,0,0,0,172418,0
172244,3414,7248,18,-21,-183,165,26747,106,-43,-162,0,37032,141,30,66,0,0,0,0,0,0,0,0,-32305,0,0,0,0,0,172423,0
172249,3456,7292,-12,-21,-183,152,26770,101,-18,-164,0,37032,141,30,66,0,0,0,0,0,0,0,0,-32305,0,0,0,0,0,172428,0
172254,3440,7340,-40,-17,-179,146,26792,99,-10,-152,0,37037,132,30,66,0,0,0,0,0,0,0,0,-32305,0,0,0,0,0,172433,0
172259,3408,7380,-14,-16,-180,140,26819,121,16,-185,0,37037,132,30,66,0,0,0,0,0,0,0,0,-32305,0,0,0,0,0,172438,0
172264,3312,7360,-68,-11,-172,126,26846,108,20,-174,0,37034,126,30,66,0,0,0,0,0,0,0,0,-32305,0,0,0,0,0,172443,0
172269,3252,7386,-52,-12,-166,123,26871,117,10,-168,0,37034,126,30,66,0,0,0,0,0,0,0,0,-32305,0,0,0,0,0,172448,0
172274,3206,7422,-70,-5,-170,128,26896,109,12,-177,0,37032,130,30,66,0,0,0,0,0,0,0,0,-32305,0,0,0,0,0,172453,0
172279,3218,7466,-98,-6,-164,135,26917,93,-11,-161,0,37032,130,30,66,0,0,0,0,0,0,0,0,-32305,0,0,0,0,0,172458,0
172284,3264,7598,-114,3,-158,136,26944,120,-8,-190,0,37029,141,30,66,0,0,0,0,0,0,0,0,-32305,0,0,0,0,0,172463,0
172289,3228,7626,-124,1,-150,121,26966,91,-1,-181,0,37029,141,30,66,0,0,0,0,0,0,0,0,-32306,0,0,0,0,0,172468,0
172294,3180,7634,-102,2,-148,120,26987,90,-10,-144,0,37029,143,30,66,0,0,0,0,0,0,0,0,-32305,0,0,0,0,0,172473,0
172299,3114,7580,-114,4,-140,113,27009,99,-7,-151,0,37029,143,30,66,0,0,0,0,0,0,0,0,-32305,0,0,0,0,0,172478,0
172304,3044,7444,-116,8,-127,107,27025,63,-16,-122,0,37029,152,30,66,0,0,0,0,0,0,0,0,-32305,0,0,0,0,0,172483,0
172309,3024,7428,-116,7,-126,107,27034,42,-43,-73,0,37029,152,30,66,0,0,0,0,0,0,0,0,-32306,0,0,0,0,0,172488,0
172314,3032,7388,-130,10,-120,101,27045,44,-45,-66,0,37028,153,30,66,0,0,0,0,0,0,0,0,-32306,0,0,0,0,0,172493,0
172319,3156,7460,-108,9,-109,90,27060,66,-35,-96,0,37028,153,30,66,0,0,0,0,0,0,0,0,-32305,0,0,0,0,0,172498,0
172324,3328,7574,-134,9,-91,54,27075,60,-13,-103,0,37028,159,30,66,0,0,0,0,0,0,0,0,-32305,0,0,0,0,0,172503,0
172329,3252,7594,-140,12,-76,36,27084,28,4,-64,0,37028,159,30,66,0,0,0,0,0,0,0,0,-32305,0,0,0,0,0,172508,0
172334,3146,7526,-146,19,-54,37,27084,2,-23,-21,0,37030,148,30,66,0,0,0,0,0,0,0,0,-32306,0,0,0,0,0,172513,0
172339,3066,7492,-146,23,-45,43,27084,2,-52,-3,0,37030,148,30,66,0,0,0,0,0,0,0,0,-32306,0,0,0,0,0,172518,0
172344,3210,7434,-188,32,-24,56,27086,2,-63,-2,0,37030,160,30,66,0,0,0,0,0,0,0,0,-32306,0,0,0,0,0,172524,0
172349,3274,7448,-176,35,-11,56,27086,2,-41,-1,0,37030,160,30,66,0,0,0,0,0,0,0,0,-32305,0,0,0,0,0,172529,0
172354,3270,7472,-196,46,1,54,27085,-7,-11,0,0,37028,159,30,66,0,0,0,0,0,0,0,0,-32306,0,0,0,0,0,172534,0
172359,3310,7482,-180,52,9,44,27086,0,-4,2,0,37028,159,30,66,0,0,0,0,0,0,0,0,-32305,0,0,0,0,0,172539,0
172364,3246,7418,-190,69,37,24,27086,-1,-5,2,0,37027,151,30,66,0,0,0,0,0,0,0,0,-32305,0,0,0,0,0,172544,0
172369,3216,7402,-188,79,50,26,27085,1,2,2,0,37027,151,30,66,0,0,0,0,0,0,0,0,-32306,0,0,0,0,0,172549,0
172374,3174,7352,-204,82,65,23,27085,0,-3,2,0,37029,149,30,66,0,0,0,0,0,0,0,0,-32305,0,0,0,0,0,172554,0
172379,3206,7268,-198,87,74,33,27086,4,3,1,0,37029,149,30,66,0,0,0,0,0,0,0,0,-32306,0,0,0,0,0,172559,0
172384,3136,7220,-180,102,89,34,27087,1,4,1,0,37028,141,30,66,0,0,0,0,0,0,0,0,-32305,0,0,0,0,0,172564,0
172389,3152,7196,-208,111,95,33,27086,-3,0,2,0,37028,141,30,66,0,0,0,0,0,0,0,0,-32305,0,0,0,0,0,172569,0
172394,3130,7194,-174,120,104,21,27088,5,1,3,0,37024,147,30,66,0,0,0,0,0,0,0,0,-32305,0,0,0,0,0,172574,0
172399,3142,7202,-174,126,109,19,27087,0,-1,3,0,37024,147,30,66,0,0,0,0,0,0,0,0,-32305,0,0,0,0,0,172579,0
172404,3140,7178,-128,139,121,9,27086,0,-1,3,0,37022,140,30,66,0,0,0,0,0,0,0,0,-32306,0,0,0,0,0,172584,0
172409,3110,7160,-130,141,131,-3,27086,1,-2,2,0,37022,140,30,66,0,0,0,0,0,0,0,0,-32305,0,0,0,0,0,172589,0
172414,3112,7154,-116,148,141,-6,27087,7,0,3,0,37023,137,30,66,0,0,0,0,0,0,0,0,-32305,0,0,0,0,0,172594,0
172419,3078,7136,-138,151,145,-16,27086,2,4,2,0,37023,137,30,66,0,0,0,0,0,0,0,0,-32305,0,0,0,0,0,172599,0
172424,3032,7178,-84,146,149,-27,27086,3,-2,3,0,37027,148,30,66,0,0,0,0,0,0,0,0,-32305,0,0,0,0,0,172604,0
172429,3026,7210,-88,148,148,-32,27086,-1,-1,4,0,37027,148,30,66,0,0,0,0,0,0,0,0,-32305,0,0,0,0,0,172609,0
172434,3014,7188,-96,149,146,-46,27086,0,4,2,0,37025,142,30,66,0,0,0,0,0,0,0,0,-32306,0,0,0,0,0,172614,0
172439,3014,7202,-104,149,146,-56,27086,4,-5,3,0,37025,142,30,66,0,0,0,0,0,0,0,0,-32305,0,0,0,0,0,172619,0
172444,3018,7208,-126,145,145,-69,27086,5,6,1,0,37023,149,30,66,0,0,0,0,0,0,0,0,-32305,0,0,0,0,0,172624,0
172449,3018,7246,-86,148,137,-81,27086,4,-1,4,0,37023,149,30,66,0,0,0,0,0,0,0,0,-32305,0,0,0,0,0,172629,0
172454,2982,7232,-100,148,138,-88,27087,3,-1,4,0,37024,146,30,66,0,0,0,0,0,0,0,0,-32305,0,0,0,0,0,172635,0
172459,2984,7260,-120,146,129,-95,27086,3,4,6,0,37024,146,30,66,0,0,0,0,0,0,0,0,-32305,0,0,0,0,0,172641,0
172464,3014,7242,-158,146,128,-97,27083,-18,-3,-197,-256,37028,146,30,66,0,0,0,0,0,0,0,0,-32305,0,0,0,0,0,172646,0
172469,2904,7254,-158,149,126,-96,27067,-74,-39,-594,-264,37028,146,30,66,0,0,0,0,0,0,0,0,-32305,0,0,0,0,0,172652,0
172474,2876,7196,-126,148,128,-93,27055,-52,-62,-586,-232,37029,146,30,66,0,0,0,0,0,0,0,0,-32305,0,0,0,0,0,172657,0
172479,2974,7202,-144,151,124,-91,27052,-11,-42,-596,-192,37029,146,30,66,0,0,0,0,0,0,0,0,-32305,0,0,0,0,0,172662,0
172484,3198,7310,-168,155,132,-130,27052,0,3,-589,-192,37029,144,30,66,0,0,0,0,0,0,0,0,-32305,0,0,0,0,0,172668,0
172489,3136,7348,-136,157,134,-148,27052,5,44,-585,-200,37029,144,30,66,0,0,0,0,0,0,0,0,-32305,0,0,0,0,0,172673,0
172494,2998,7318,-126,154,137,-165,27053,0,56,-584,-200,37024,142,30,66,0,0,0,0,0,0,0,0,-32305,0,0,0,0,0,172679,0
172499,2932,7268,-160,164,145,-179,27053,-1,26,-579,-200,37024,142,30,66,0,0,0,0,0,0,0,0,-32305,0,0,0,0,0,172685,0
172504,2934,7320,-210,156,146,-186,27052,-3,2,-582,-192,37024,137,30,66,0,0,0,0,0,0,0,0,-32305,0,0,0,0,0,172690,0
172509,2994,7350,-204,162,140,-186,27053,0,-1,-583,-192,37024,137,30,66,0,0,0,0,0,0,0,0,-32305,0,0,0,0,0,172696,0
172514,3012,7380,-248,171,139,-195,27052,-10,-5,-586,-184,37022,138,30,66,0,0,0,0,0,0,0,0,-32305,0,0,0,0,0,172701,0
172519,3034,7416,-220,171,136,-199,27053,3,1,-586,-192,37022,138,30,66,0,0,0,0,0,0,0,0,-32305,0,0,0,0,0,172706,0
172524,3006,7546,-230,180,140,-215,27054,3,-2,-584,-192,37019,139,30,66,0,0,0,0,0,0,0,0,-32305,0,0,0,0,0,172712,0
172529,2996,7556,-234,183,137,-224,27053,1,1,-585,-192,37019,139,30,66,0,0,0,0,0,0,0,0,-32305,0,0,0,0,0,172717,0
172534,3024,7588,-240,185,143,-226,27053,3,-1,-585,-200,37019,135,30,66,0,0,0,0,0,0,0,0,-32305,0,0,0,0,0,172723,0
172539,3044,7578,-268,197,140,-232,27052,0,-3,-586,-200,37019,135,30,66,0,0,0,0,0,0,0,0,-32305,0,0,0,0,0,172729,0
172544,3046,7572,-264,201,145,-239,27053,1,1,-584,-200,37020,139,30,66,0,0,0,0,0,0,0,0,-32305,0,0,0,0,0,172734,0
172549,3036,7578,-252,211,145,-242,27053,-1,-2,-582,-192,37020,139,30,66,0,0,0,0,0,0,0,0,-32305,0,0,0,0,0,172740,0
172554,3052,7604,-268,218,144,-243,27054,6,3,-582,-192,37022,145,30,66,0,0,0,0,0,0,0,0,-32305,0,0,0,0,0,172745,0
172559,3028,7620,-238,223,148,-250,27053,6,2,-584,-200,37022,145,30,66,0,0,0,0,0,0,0,0,-32305,0,0,0,0,0,172751,0
172564,3016,7590,-218,231,146,-248,27054,6,-2,-585,-200,37021,156,30,66,0,0,0,0,0,0,0,0,-32305,0,0,0,0,0,172756,0
172569,3016,7600,-188,231,147,-250,27052,3,-5,-585,-192,37021,156,30,66,0,0,0,0,0,0,0,0,-32305,0,0,0,0,0,172762,0
172574,3044,7548,-200,237,140,-258,27052,-3,-1,-586,-200,37021,148,30,66,0,0,0,0,0,0,0,0,-32305,0,0,0,0,0,172767,0
172579,3018,7528,-176,235,147,-266,27052,0,0,-587,-192,37021,148,30,66,0,0,0,0,0,0,0,0,-32305,0,0,0,0,0,172773,0
172584,3014,7534,-164,240,145,-278,27053,0,0,-587,-200,37024,145,30,66,0,0,0,0,0,0,0,0,-32305,0,0,0,0,0,172778,0
172589,3044,7496,-148,239,143,-284,27052,-1,1,-584,-192,37024,145,30,66,0,0,0,0,0,0,0,0,-32305,0,0,0,0,0,172784,0
172594,3054,7484,-130,238,147,-292,27053,-2,-4,-584,-192,37025,151,30,66,0,0,0,0,0,0,0,0,-32305,0,0,0,0,0,172789,0
172599,3060,7468,-108,238,142,-301,27052,0,1,-584,-192,37025,151,30,66,0,0,0,0,0,0,0,0,-32305,0,0,0,0,0,172795,0
172604,3114,7436,-72,231,150,-316,27053,1,2,-582,-200,37022,147,30,66,0,0,0,0,0,0,0,0,-32305,0,0,0,0,0,172800,0
172609,3120,7454,-70,234,151,-322,27053,0,0,-583,-192,37022,147,30,66,0,0,0,0,0,0,0,0,-32305,0,0,0,0,0,172806,0
172614,3138,7468,-50,234,155,-326,27053,-3,3,-586,-192,37021,145,30,66,0,0,0,0,0,0,0,0,-32305,0,0,0,0,0,172811,0
172619,3130,7480,-40,237,154,-331,27053,4,-1,-587,-200,37021,145,30,66,0,0,0,0,0,0,0,0,-32305,0,0,0,0,0,172816,0
172624,3166,7550,-14,226,160,-331,27053,-6,-2,-585,-200,37023,143,30,66,0,0,0,0,0,0,0,0,-32305,0,0,0,0,0,172822,0
172629,3196,7538,-12,224,160,-329,27052,0,1,-586,-192,37023,143,30,66,0,0,0,0,0,0,0,0,-32305,0,0,0,0,0,172827,0
172634,3204,7532,6,215,169,-329,27053,2,-4,-585,-192,37026,146,30,66,0,0,0,0,0,0,0,0,-32305,0,0,0,0,0,172833,0
172639,3186,7558,18,221,168,-333,27054,5,2,-584,-200,37026,146,30,66,0,0,0,0,0,0,0,0,-32305,0,0,0,0,0,172838,0
172644,3172,7636,32,211,178,-326,27053,-3,2,-585,-192,37025,157,30,66,0,0,0,0,0,0,0,0,-32305,0,0,0,0,0,172844,0
172649,3158,7638,42,209,177,-319,27053,0,-1,-584,-192,37025,157,30,66,0,0,0,0,0,0,0,0,-32305,0,0,0,0,0,172849,0
172654,3180,7630,56,202,180,-316,27053,6,-1,-583,-192,37022,149,30,66,0,0,0,0,0,0,0,0,-32305,0,0,0,0,0,172855,0
172659,3164,7620,56,200,182,-320,27053,0,3,-584,-200,37022,149,30,66,0,0,0,0,0,0,0,0,-32305,0,0,0,0,0,172860,0
172664,3112,7602,58,195,180,-309,27052,-2,1,-584,-192,37018,151,30,66,0,0,0,0,0,0,0,0,-32306,0,0,0,0,0,172866,0
172669,3108,7572,74,192,176,-305,27052,-1,0,-586,-192,37018,151,30,66,0,0,0,0,0,0,0,0,-32305,0,0,0,0,0,172871,0
172674,3134,7578,94,187,179,-311,27053,10,4,-585,-200,37021,152,30,66,0,0,0,0,0,0,0,0,-32305,0,0,0,0,0,172876,0
172679,3106,7592,86,183,179,-312,27053,3,1,-587,-200,37021,152,30,66,0,0,0,0,0,0,0,0,-32305,0,0,0,0,0,172882,0
172684,3088,7566,126,170,174,-316,27054,1,7,-584,-192,37022,156,30,66,0,0,0,0,0,0,0,0,-32305,0,0,0,0,0,172887,0
172689,3048,7576,154,164,174,-324,27053,5,3,-585,-200,37022,156,30,66,0,0,0,0,0,0,0,0,-32305,0,0,0,0,0,172893,0
172694,3014,7552,170,159,167,-326,27054,7,1,-585,-200,37019,147,30,66,0,0,0,0,0,0,0,0,-32305,0,0,0,0,0,172898,0
172699,3008,7566,174,154,174,-339,27053,0,0,-584,-192,37019,147,30,66,0,0,0,0,0,0,0,0,-32305,0,0,0,0,0,172904,0
172704,2950,7588,196,142,172,-347,27053,-2,4,-584,-200,37017,139,30,66,0,0,0,0,0,0,0,0,-32305,0,0,0,0,0,172910,0
172709,2930,7606,206,141,172,-361,27052,-4,-2,-585,-200,37017,139,30,66,0,0,0,0,0,0,0,0,-32305,0,0,0,0,0,172915,0
172714,2872,7566,186,133,164,-365,27054,5,-1,-583,-200,37022,139,30,66,0,0,0,0,0,0,0,0,-32305,0,0,0,0,0,172920,0
172719,2850,7578,218,121,166,-372,27053,2,5,-583,-192,37022,139,30,66,0,0,0,0,0,0,0,0,-32305,0,0,0,0,0,172926,0
172724,2816,7564,242,110,150,-384,27052,0,1,-586,-184,37026,142,30,66,0,0,0,0,0,0,0,0,-32305,0,0,0,0,0,172931,0
172729,2782,7560,230,100,137,-392,27053,0,2,-587,-200,37026,142,30,66,0,0,0,0,0,0,0,0,-32305,0,0,0,0,0,172937,0
172734,2774,7538,236,98,135,-400,27052,-1,1,-584,-200,37023,135,30,66,0,0,0,0,0,0,0,0,-32305,0,0,0,0,0,172942,0
172739,2768,7520,262,94,123,-406,27053,-2,1,-584,-192,37023,135,30,66,0,0,0,0,0,0,0,0,-32305,0,0,0,0,0,172948,0
172744,2730,7500,250,84,108,-413,27053,-1,-1,-585,-200,37019,141,30,66,0,0,0,0,0,0,0,0,-32306,0,0,0,0,0,172953,0
172749,2742,7506,252,68,104,-420,27052,1,1,-583,-192,37019,141,30,66,0,0,0,0,0,0,0,0,-32305,0,0,0,0,0,172958,0
172754,2738,7462,272,57,104,-423,27052,-5,-5,-582,-192,37021,137,30,66,0,0,0,0,0,0,0,0,-32305,0,0,0,0,0,172964,0
172759,2688,7456,246,59,95,-427,27053,0,4,-583,-200,37021,137,30,66,0,0,0,0,0,0,0,0,-32305,0,0,0,0,0,172969,0
172764,2668,7426,282,43,92,-439,27053,7,2,-583,-200,37023,144,30,66,0,0,0,0,0,0,0,0,-32305,0,0,0,0,0,172975,0
172769,2672,7410,268,43,92,-445,27052,-6,-7,-584,-192,37023,144,30,66,0,0,0,0,0,0,0,0,-32305,0,0,0,0,0,172981,0
172774,2658,7476,290,27,84,-453,27051,-12,1,-588,-200,37022,143,30,66,0,0,0,0,0,0,0,0,-32305,0,0,0,0,0,172986,0
172779,2646,7526,282,20,85,-462,27053,2,0,-585,-184,37022,143,30,66,0,0,0,0,0,0,0,0,-32305,0,0,0,0,0,172992,0
172784,2604,7588,258,4,86,-478,27053,4,-4,-586,-192,37020,147,30,66,0,0,0,0,0,0,0,0,-32305,0,0,0,0,0,172998,0
172789,2532,7626,246,5,88,-490,27053,0,-2,-586,-200,37020,147,30,66,0,0,0,0,0,0,0,0,-32305,0,0,0,0,0,173003,0
172794,2512,7652,262,-3,84,-500,27053,-5,3,-585,-192,37021,145,30,66,0,0,0,0,0,0,0,0,-32305,0,0,0,0,0,173009,0
172799,2476,7684,220,-19,76,-507,27052,0,0,-585,-192,37021,145,30,66,0,0,0,0,0,0,0,0,-32305,0,0,0,0,0,173014,0
172804,2394,7758,230,-28,74,-527,27052,-3,1,-582,-192,37023,139,30,66,0,0,0,0,0,0,0,0,-32305,0,0,0,0,0,173019,0
172809,2350,7778,194,-31,67,-542,27054,7,-1,-585,-200,37023,139,30,66,0,0,0,0,0,0,0,0,-32305,0,0,0,0,0,173025,0
172814,2314,7778,192,-41,60,-551,27053,2,0,-586,-192,37024,148,30,66,0,0,0,0,0,0,0,0,-32305,0,0,0,0,0,173030,0
172819,2284,7776,190,-41,56,-563,27053,2,4,-587,-192,37024,148,30,66,0,0,0,0,0,0,0,0,-32305,0,0,0,0,0,173036,0
172824,2228,7788,164,-55,44,-597,27053,1,3,-588,-200,37021,146,30,66,0,0,0,0,0,0,0,0,-32305,0,0,0,0,0,173041,0
172829,2234,7794,134,-57,45,-612,27052,2,1,-583,-192,37021,146,30,66,0,0,0,0,0,0,0,0,-32305,0,0,0,0,0,173047,0
172834,2210,7778,128,-66,40,-626,27052,1,-3,-586,-200,37019,150,30,66,0,0,0,0,0,0,0,0,-32305,0,0,0,0,0,173052,0
172839,2178,7784,128,-68,37,-642,27052,1,0,-586,-200,37019,150,30,66,0,0,0,0,0,0,0,0,-32305,0,0,0,0,0,173058,0
172844,2152,7692,108,-74,22,-676,27053,2,3,-586,-200,37020,148,30,66,0,0,0,0,0,0,0,0,-32305,0,0,0,0,0,173063,0
172849,2132,7632,126,-72,16,-698,27052,-3,-3,-583,-192,37020,148,30,66,0,0,0,0,0,0,0,0,-32305,0,0,0,0,0,173069,0
172854,2122,7636,98,-81,7,-713,27053,0,1,-585,-200,37021,143,30,66,0,0,0,0,0,0,0,0,-32305,0,0,0,0,0,173074,0
172859,2160,7592,94,-87,3,-737,27052,6,-3,-583,-192,37021,143,30,66,0,0,0,0,0,0,0,0,-32305,0,0,0,0,0,173080,0
172864,2170,7572,106,-79,-12,-784,27052,2,-2,-585,-192,37018,145,30,66,0,0,0,0,0,0,0,0,-32305,0,0,0,0,0,173085,0
172869,2148,7550,82,-85,-16,-803,27052,-10,4,-585,-192,37018,145,30,66,0,0,0,0,0,0,0,0,-32305,0,0,0,0,0,173090,0
172874,2152,7562,66,-80,-15,-828,27052,3,0,-588,-200,37018,136,30,66,0,0,0,0,0,0,0,0,-32305,0,0,0,0,0,173096,0
172879,2194,7594,86,-87,-19,-847,27051,-2,-5,-584,-192,37018,136,30,66,0,0,0,0,0,0,0,0,-32305,0,0,0,0,0,173101,0
172884,2206,7638,74,-87,-14,-891,27052,1,0,-587,-200,37023,132,30,66,0,0,0,0,0,0,0,0,-32305,0,0,0,0,0,173107,0
172889,2224,7686,56,-87,-9,-915,27051,-1,0,-585,-200,37023,132,30,66,0,0,0,0,0,0,0,0,-32305,0,0,0,0,0,173112,0
172894,2212,7684,82,-85,-3,-932,27051,1,-3,-584,-192,37024,137,30,66,0,0,0,0,0,0,0,0,-32305,0,0,0,0,0,173118,0
172899,2268,7696,76,-84,-1,-952,27052,-5,4,-582,-192,37024,137,30,66,0,0,0,0,0,0,0,0,-32305,0,0,0,0,0,173123,0
172904,2296,7772,78,-92,3,-983,27052,0,1,-583,-192,37022,138,30,66,0,0,0,0,0,0,0,0,-32305,0,0,0,0,0,173128,0
172909,2346,7836,62,-88,17,-1003,27051,-3,-4,-584,-200,37022,138,30,66,0,0,0,0,0,0,0,0,-32305,0,0,0,0,0,173134,0
172914,2366,7866,62,-94,20,-1012,27052,1,1,-584,-200,37015,136,30,66,0,0,0,0,0,0,0,0,-32305,0,0,0,0,0,173140,0
172919,2442,7886,70,-99,29,-1019,27051,0,-2,-584,-192,37015,136,30,66,0,0,0,0,0,0,0,0,-32305,0,0,0,0,0,173145,0
172924,2430,7924,62,-110,42,-1041,27051,1,-2,-586,-192,37019,135,30,66,0,0,0,0,0,0,0,0,-32304,0,0,0,0,0,173151,0
172929,2444,7902,40,-112,56,-1047,27051,-8,-3,-585,-192,37019,135,30,66,0,0,0,0,0,0,0,0,-32305,0,0,0,0,0,173156,0
172934,2454,7904,18,-115,56,-1056,27053,3,3,-585,-200,37021,145,30,66,0,0,0,0,0,0,0,0,-32305,0,0,0,0,0,173161,0
172939,2402,7894,26,-110,67,-1058,27051,-4,-2,-585,-200,37021,145,30,66,0,0,0,0,0,0,0,0,-32305,0,0,0,0,0,173167,0
172944,2412,7850,34,-123,66,-1060,27052,1,-2,-584,-200,37021,153,30,66,0,0,0,0,0,0,0,0,-32305,0,0,0,0,0,173172,0
172949,2434,7834,8,-118,71,-1067,27052,0,-3,-583,-200,37021,153,30,66,0,0,0,0,0,0,0,0,-32305,0,0,0,0,0,173178,0
172954,2408,7800,12,-126,61,-1069,27051,-10,0,-585,-192,37019,147,30,66,0,0,0,0,0,0,0,0,-32305,0,0,0,0,0,173183,0
172959,2424,7756,-2,-116,59,-1075,27052,-2,-1,-584,-200,37019,147,30,66,0,0,0,0,0,0,0,0,-32305,0,0,0,0,0,173189,0
172964,2418,7698,12,-116,55,-1082,27052,-1,-1,-583,-192,37021,143,30,66,0,0,0,0,0,0,0,0,-32305,0,0,0,0,0,173195,0
172969,2438,7710,20,-113,47,-1082,27053,6,4,-586,-192,37021,143,30,66,0,0,0,0,0,0,0,0,-32305,0,0,0,0,0,173200,0
172974,2454,7682,4,-120,43,-1079,27052,9,-1,-582,-192,37024,139,30,66,0,0,0,0,0,0,0,0,-32306,0,0,0,0,0,173206,0
172979,2456,7690,16,-110,41,-1075,27051,0,1,-585,-184,37024,139,30,66,0,0,0,0,0,0,0,0,-32305,0,0,0,0,0,173211,0
172984,2446,7726,4,-109,45,-1067,27052,0,2,-585,-192,37028,154,30,66,0,0,0,0,0,0,0,0,-32305,0,0,0,0,0,173216,0
172989,2454,7808,0,-108,41,-1067,27052,0,5,-584,-192,37028,154,30,66,0,0,0,0,0,0,0,0,-32305,0,0,0,0,0,173222,0
172994,2406,7826,6,-107,38,-1063,27053,1,2,-585,-192,37023,154,30,66,0,0,0,0,0,0,0,0,-32305,0,0,0,0,0,173227,0
172999,2410,7870,6,-103,39,-1055,27052,0,-1,-585,-200,37023,154,30,66,0,0,0,0,0,0,0,0,-32305,0,0,0,0,0,173233,0
173004,2388,7928,-24,-84,49,-1048,27053,9,-3,-580,-192,37022,146,30,66,0,0,0,0,0,0,0,0,-32305,0,0,0,0,0,173238,0
173009,2406,7970,4,-85,51,-1045,27052,3,-3,-584,-192,37022,146,30,66,0,0,0,0,0,0,0,0,-32305,0,0,0,0,0,173243,0
173014,2398,7998,-52,-77,47,-1036,27053,3,3,-586,-192,37021,141,30,66,0,0,0,0,0,0,0,0,-32305,0,0,0,0,0,173249,0
173019,2366,8032,-22,-66,50,-1026,27052,0,0,-585,-192,37021,141,30,66,0,0,0,0,0,0,0,0,-32305,0,0,0,0,0,173254,0
173024,2320,8060,-16,-55,54,-1014,27053,4,2,-586,-192,37022,137,30,66,0,0,0,0,0,0,0,0,-32305,0,0,0,0,0,173260,0
173029,2320,8088,-14,-53,51,-1004,27051,-2,-3,-585,-192,37022,137,30,66,0,0,0,0,0,0,0,0,-32305,0,0,0,0,0,173266,0
173034,2302,8102,-20,-51,52,-999,27052,-3,0,-586,-200,37017,151,30,66,0,0,0,0,0,0,0,0,-32305,0,0,0,0,0,173271,0
173039,2270,8116,-8,-49,54,-992,27052,1,-4,-586,-192,37017,151,30,66,0,0,0,0,0,0,0,0,-32305,0,0,0,0,0,173277,0
173044,2198,8168,-2,-56,61,-983,27051,-4,-2,-587,-200,37015,149,30,66,0,0,0,0,0,0,0,0,-32305,0,0,0,0,0,173282,0
173049,2182,8218,-18,-55,58,-976,27051,0,-3,-585,-192,37015,149,30,66,0,0,0,0,0,0,0,0,-32305,0,0,0,0,0,173287,0
173054,2096,8292,-26,-58,63,-969,27053,0,1,-583,-192,37017,148,30,66,0,0,0,0,0,0,0,0,-32305,0,0,0,0,0,173293,0
173059,2024,8320,-48,-57,61,-959,27053,3,6,-585,-192,37017,148,30,66,0,0,0,0,0,0,0,0,-32305,0,0,0,0,0,173298,0
173064,1812,8278,-48,-49,60,-956,27052,2,0,-586,-200,37020,150,30,66,0,0,0,0,0,0,0,0,-32305,0,0,0,0,0,173305,0
173069,1760,8224,-56,-46,52,-957,27052,2,0,-582,-192,37020,150,30,66,0,0,0,0,0,0,0,0,-32306,0,0,0,0,0,173309,0
173074,1682,8156,-48,-47,38,-953,27053,0,3,-587,-200,37018,146,30,66,0,0,0,0,0,0,0,0,-32305,0,0,0,0,0,173315,0
173079,1680,8130,-66,-42,32,-959,27051,-1,-2,-584,-192,37018,146,30,66,0,0,0,0,0,0,0,0,-32305,0,0,0,0,0,173321,0
173084,1652,8034,-62,-25,5,-975,27051,-5,0,-587,-192,37017,145,30,66,0,0,0,0,0,0,0,0,-32305,0,0,0,0,0,173326,0
173089,1654,8002,-70,-16,-5,-996,27052,-3,4,-585,-200,37017,145,30,66,0,0,0,0,0,0,0,0,-32305,0,0,0,0,0,173332,0
173094,1644,7962,-84,-14,-19,-1006,27050,-2,-1,-585,-192,37024,151,30,66,0,0,0,0,0,0,0,0,-32305,0,0,0,0,0,173337,0
173099,1600,7926,-56,-15,-33,-1022,27050,5,-4,-581,-192,37024,151,30,66,0,0,0,0,0,0,0,0,-32305,0,0,0,0,0,173342,0
173104,1616,7856,-56,0,-53,-1042,27050,-1,2,-586,-192,37026,149,30,66,0,0,0,0,0,0,0,0,-32305,0,0,0,0,0,173348,0
173109,1614,7858,-42,1,-61,-1050,27049,1,3,-581,-192,37026,149,30,66,0,0,0,0,0,0,0,0,-32305,0,0,0,0,0,173353,0
173114,1592,7922,-18,3,-76,-1063,27049,0,-1,-585,-192,37024,153,30,66,0,0,0,0,0,0,0,0,-32305,0,0,0,0,0,173359,0
173119,1604,7928,-30,5,-81,-1067,27049,5,7,-582,-192,37024,153,30,66,0,0,0,0,0,0,0,0,-32305,0,0,0,0,0,173364,0
173124,1622,7888,-34,18,-102,-1076,27050,1,2,-584,-192,37018,148,30,66,0,0,0,0,0,0,0,0,-32305,0,0,0,0,0,173370,0
173129,1632,7866,-28,23,-108,-1081,27049,-1,0,-586,-192,37018,148,30,66,0,0,0,0,0,0,0,0,-32305,0,0,0,0,0,173375,0
173134,1664,7880,-36,24,-116,-1078,27049,0,-2,-586,-200,37019,147,30,66,0,0,0,0,0,0,0,0,-32305,0,0,0,0,0,173381,0
173139,1658,7856,-32,27,-116,-1084,27049,0,-2,-583,-200,37019,147,30,66,0,0,0,0,0,0,0,0,-32305,0,0,0,0,0,173386,0
173144,1674,7772,-62,35,-135,-1088,27049,0,-2,-584,-184,37023,143,30,66,0,0,0,0,0,0,0,0,-32305,0,0,0,0,0,173392,0
173149,1652,7756,-74,41,-152,-1080,27048,-1,3,-584,-200,37023,143,30,66,0,0,0,0,0,0,0,0,-32305,0,0,0,0,0,173397,0
173154,1610,7722,-82,49,-162,-1085,27049,-5,3,-580,-192,37023,147,30,66,0,0,0,0,0,0,0,0,-32305,0,0,0,0,0,173403,0
173159,1626,7772,-86,52,-182,-1079,27050,-1,2,-582,-192,37023,147,30,66,0,0,0,0,0,0,0,0,-32305,0,0,0,0,0,173408,0
173164,1606,7812,-130,72,-219,-1076,27049,0,3,-581,-192,37022,150,30,66,0,0,0,0,0,0,0,0,-32305,0,0,0,0,0,173413,0
173169,1590,7762,-198,79,-235,-1076,27049,0,0,-585,-192,37022,150,30,66,0,0,0,0,0,0,0,0,-32305,0,0,0,0,0,173419,0
173174,1560,7686,-166,101,-263,-1074,27048,-2,-1,-584,-192,37019,142,30,66,0,0,0,0,0,0,0,0,-32305,0,0,0,0,0,173425,0
173179,1526,7616,-208,107,-284,-1072,27048,-8,3,-582,-192,37019,142,30,66,0,0,0,0,0,0,0,0,-32305,0,0,0,0,0,173430,0
173184,1518,7578,-268,126,-334,-1073,27048,-5,4,-586,-200,37022,141,30,66,0,0,0,0,0,0,0,0,-32305,0,0,0,0,0,173435,0
173189,1520,7560,-286,140,-356,-1075,27049,2,2,-583,-200,37022,141,30,66,0,0,0,0,0,0,0,0,-32305,0,0,0,0,0,173441,0
173194,1556,7554,-306,150,-383,-1082,27049,-2,1,-583,-184,37025,142,30,66,0,0,0,0,0,0,0,0,-32305,0,0,0,0,0,173446,0
173199,1566,7554,-304,161,-395,-1084,27048,-4,1,-585,-192,37025,142,30,66,0,0,0,0,0,0,0,0,-32305,0,0,0,0,0,173452,0
173204,2304,8280,-180,167,-434,-968,27048,-6,-2,-579,-200,37030,158,30,66,0,0,0,0,0,0,0,0,-32305,0,0,0,0,0,173457,0
173209,3120,8786,-118,179,-442,-852,27044,-18,-7,-578,-216,37030,158,30,66,0,0,0,0,0,0,0,0,-32305,0,0,0,0,0,173463,0
173214,3532,8706,-102,181,-439,-700,27032,-62,-23,-568,-272,37028,145,30,66,0,0,0,0,0,0,0,0,-32305,0,0,0,0,0,173468,0
173219,4038,8942,4,170,-443,-513,27002,-141,-72,-547,-376,37028,145,30,66,0,0,0,0,0,0,0,0,-32305,0,0,0,0,0,173473,0
173224,4526,9064,222,154,-428,-127,26950,-232,-156,-547,-512,37027,143,30,66,0,0,0,0,0,0,0,0,-32305,0,0,0,0,0,173479,0
173229,4594,9000,320,135,-410,53,26879,-321,-230,-542,-688,37027,143,30,66,0,0,0,0,0,0,0,0,-32305,0,0,0,0,0,173484,0
173234,4548,9026,588,110,-391,207,26784,-424,-289,-509,-968,37022,151,30,66,0,0,0,0,0,0,0,0,-32305,0,0,0,0,0,173490,0
173239,3832,8714,510,97,-360,179,26668,-530,-319,-493,-1280,37022,151,30,66,0,0,0,0,0,0,0,0,-32305,0,0,0,0,0,173495,0
173244,2830,8520,306,85,-293,-187,26522,-660,-347,-521,-1560,37016,157,30,66,0,0,0,0,0,0,0,0,-32305,0,0,0,0,0,173500,0
173249,2744,8360,86,87,-280,-153,26349,-771,-374,-520,-1736,37016,157,30,66,0,0,0,0,0,0,0,0,-32305,0,0,0,0,0,173506,0
173254,2492,8194,38,86,-280,-79,26155,-866,-390,-490,-1944,37007,165,30,66,0,0,0,0,0,0,0,0,-32305,0,0,0,0,0,173511,0
173259,2046,7930,-16,85,-281,-105,25939,-954,-391,-499,-2056,37007,165,30,66,0,0,0,0,0,0,0,0,-32305,0,0,0,0,0,173517,0
173264,1730,7728,-176,107,-240,-246,25707,-1025,-355,-468,-2176,37007,165,30,66,0,0,0,0,0,0,0,0,-32306,0,0,0,0,0,173522,0
173269,1606,7834,-34,112,-230,-208,25462,-1079,-302,-447,-2256,37007,165,30,66,0,0,0,0,0,0,0,0,-32305,0,0,0,0,0,173528,0
173274,1442,7784,72,118,-224,-164,25207,-1120,-251,-438,-2312,37007,171,30,66,0,0,0,0,0,0,0,0,-32305,0,0,0,0,0,173533,0
173279,1232,7762,188,129,-220,-169,24951,-1131,-196,-431,-2296,37007,171,30,66,0,0,0,0,0,0,0,0,-32306,0,0,0,0,0,173539,0
173284,722,7810,310,133,-199,-187,24700,-1107,-121,-414,-2192,37005,185,30,66,0,0,0,0,0,0,0,0,-32306,0,0,0,0,0,173544,0
173289,634,7802,316,128,-207,-160,24460,-1052,-27,-402,-2064,37005,185,30,66,0,0,0,0,0,0,0,0,-32305,0,0,0,0,0,173550,0
173294,688,7770,284,137,-206,-157,24235,-977,72,-405,-1848,37003,181,30,66,0,0,0,0,0,0,0,0,-32306,0,0,0,0,0,173555,0
173299,884,7806,280,131,-209,-171,24029,-903,149,-385,-1696,37003,181,30,66,0,0,0,0,0,0,0,0,-32305,0,0,0,0,0,173561,0
173304,1432,7898,242,143,-214,-198,23839,-829,217,-377,-1552,37010,175,30,66,0,0,0,0,0,0,0,0,-32305,0,0,0,0,0,173566,0
173309,1626,7902,252,141,-224,-199,23662,-771,244,-389,-1408,37010,175,30,66,0,0,0,0,0,0,0,0,-32305,0,0,0,0,0,173572,0
173314,1716,7904,220,145,-231,-212,23498,-716,240,-382,-1296,37022,166,30,66,0,0,0,0,0,0,0,0,-32306,0,0,0,0,0,173577,0
173319,1734,7834,238,147,-232,-237,23343,-679,208,-369,-1240,37022,166,30,66,0,0,0,0,0,0,0,0,-32305,0,0,0,0,0,173583,0
173324,1796,7780,148,151,-235,-259,23194,-645,181,-367,-1200,37033,165,30,66,0,0,0,0,0,0,0,0,-32305,0,0,0,0,0,173588,0
173329,1786,7662,140,153,-231,-267,23054,-622,150,-375,-1136,37033,165,30,66,0,0,0,0,0,0,0,0,-32305,0,0,0,0,0,173594,0
173334,1770,7566,106,157,-226,-279,22915,-600,113,-371,-1112,37022,167,30,66,0,0,0,0,0,0,0,0,-32305,0,0,0,0,0,173599,0
173339,1736,7534,74,159,-222,-293,22782,-582,91,-368,-1032,37022,167,30,66,0,0,0,0,0,0,0,0,-32306,0,0,0,0,0,173605,0
173344,1692,7474,48,154,-180,-308,22652,-561,75,-369,-976,37019,168,30,66,0,0,0,0,0,0,0,0,-32305,0,0,0,0,0,173610,0
173349,1682,7526,30,163,-153,-313,22527,-546,66,-355,-960,37019,168,30,66,0,0,0,0,0,0,0,0,-32305,0,0,0,0,0,173617,0
173354,1664,7610,16,167,-133,-322,22406,-529,65,-350,-896,37008,157,30,66,0,0,0,0,0,0,0,0,-32305,0,0,0,0,0,173622,0
173359,1678,7698,-10,165,-99,-335,22292,-503,64,-364,-808,37008,157,30,66,0,0,0,0,0,0,0,0,-32305,0,0,0,0,0,173628,0
173364,1762,7952,-64,169,-37,-350,22180,-480,69,-355,-736,37007,150,30,66,0,0,0,0,0,0,0,0,-32305,0,0,0,0,0,173633,0
173369,1796,8048,-68,170,-6,-362,22075,-467,66,-354,-680,37007,150,30,66,0,0,0,0,0,0,0,0,-32305,0,0,0,0,0,173640,0
173374,1868,8114,-102,164,22,-383,21970,-452,64,-355,-648,37003,152,30,66,0,0,0,0,0,0,0,0,-32306,0,0,0,0,0,173645,0
173379,1980,8250,-104,169,57,-392,21870,-439,62,-344,-608,37003,152,30,66,0,0,0,0,0,0,0,0,-32305,0,0,0,0,0,173651,0
173384,1990,8370,-124,167,122,-435,21776,-414,53,-339,-560,37005,157,30,66,0,0,0,0,0,0,0,0,-32306,0,0,0,0,0,173656,0
173389,2010,8362,-100,171,152,-461,21685,-398,61,-340,-552,37005,157,30,66,0,0,0,0,0,0,0,0,-32305,0,0,0,0,0,173661,0
173394,2004,8418,-124,170,168,-479,21595,-395,59,-336,-536,37010,153,30,66,0,0,0,0,0,0,0,0,-32305,0,0,0,0,0,173667,0
173399,1934,8432,-112,171,189,-499,21507,-391,48,-347,-504,37010,153,30,66,0,0,0,0,0,0,0,0,-32305,0,0,0,0,0,173673,0
173404,1760,8414,-128,164,202,-540,21425,-363,42,-348,-432,37019,158,30,66,0,0,0,0,0,0,0,0,-32305,0,0,0,0,0,173678,0
173409,1640,8354,-132,160,199,-563,21351,-328,54,-337,-408,37019,158,30,66,0,0,0,0,0,0,0,0,-32305,0,0,0,0,0,173684,0
173414,1592,8312,-114,164,198,-581,21287,-275,81,-338,-296,37019,152,30,66,0,0,0,0,0,0,0,0,-32306,0,0,0,0,0,173689,0
173419,1500,8228,-134,157,180,-599,21233,-231,116,-334,-264,37019,152,30,66,0,0,0,0,0,0,0,0,-32306,0,0,0,0,0,173695,0
173424,1394,8144,-50,152,147,-634,21185,-206,131,-335,-208,37018,145,30,66,0,0,0,0,0,0,0,0,-32305,0,0,0,0,0,173700,0
173429,1332,8102,-58,152,118,-653,21144,-173,135,-340,-192,37018,145,30,66,0,0,0,0,0,0,0,0,-32305,0,0,0,0,0,173706,0
173434,1316,8062,-24,150,83,-671,21120,-93,142,-341,-144,37017,144,30,66,0,0,0,0,0,0,0,0,-32305,0,0,0,0,0,173712,0
173439,1266,8040,0,148,58,-683,21103,-66,141,-340,-144,37017,144,30,66,0,0,0,0,0,0,0,0,-32306,0,0,0,0,0,173717,0
173444,1266,7942,-8,142,-11,-719,21091,-49,148,-347,-128,37022,141,30,66,0,0,0,0,0,0,0,0,-32306,0,0,0,0,0,173723,0
173449,1262,7936,-4,138,-37,-731,21087,-6,138,-355,-104,37022,141,30,66,0,0,0,0,0,0,0,0,-32306,0,0,0,0,0,173728,0
173454,1230,7896,20,134,-60,-749,21088,7,122,-354,-104,37026,153,30,66,0,0,0,0,0,0,0,0,-32305,0,0,0,0,0,173734,0
173459,1270,7890,-6,136,-78,-760,21088,-1,78,-352,-112,37026,153,30,66,0,0,0,0,0,0,0,0,-32306,0,0,0,0,0,173739,0
173464,1092,7870,8,131,-113,-779,21088,-1,55,-351,-104,37024,148,30,66,0,0,0,0,0,0,0,0,-32305,0,0,0,0,0,173744,0
173469,1050,7874,10,137,-123,-786,21088,-3,25,-349,-104,37024,148,30,66,0,0,0,0,0,0,0,0,-32305,0,0,0,0,0,173750,0
173474,1006,7900,16,138,-131,-795,21089,2,1,-350,-104,37019,145,30,66,0,0,0,0,0,0,0,0,-32305,0,0,0,0,0,173756,0
173479,1000,7962,14,134,-137,-804,21089,1,-3,-348,-104,37019,145,30,66,0,0,0,0,0,0,0,0,-32306,0,0,0,0,0,173761,0
173484,982,8094,8,134,-141,-814,21088,0,0,-349,-104,37021,146,30,66,0,0,0,0,0,0,0,0,-32305,0,0,0,0,0,173767,0
173489,990,8148,-10,135,-145,-824,21088,-1,0,-351,-104,37021,146,30,66,0,0,0,0,0,0,0,0,-32305,0,0,0,0,0,173772,0
173494,1004,8186,-34,142,-142,-830,21089,-1,-2,-352,-112,37022,154,30,66,0,0,0,0,0,0,0,0,-32305,0,0,0,0,0,173778,0
173499,996,8254,-44,130,-138,-839,21089,5,2,-352,-104,37022,154,30,66,0,0,0,0,0,0,0,0,-32305,0,0,0,0,0,173784,0
173504,1010,8352,-84,134,-124,-857,21089,0,0,-352,-104,37019,153,30,66,0,0,0,0,0,0,0,0,-32306,0,0,0,0,0,173789,0
173509,1026,8322,-106,129,-119,-867,21089,7,-3,-353,-104,37019,153,30,66,0,0,0,0,0,0,0,0,-32306,0,0,0,0,0,173795,0
173514,1006,8320,-126,138,-104,-880,21090,7,0,-352,-104,37022,138,30,66,0,0,0,0,0,0,0,0,-32306,0,0,0,0,0,173800,0
173519,922,8318,-152,131,-98,-890,21091,7,-1,-349,-104,37022,138,30,66,0,0,0,0,0,0,0,0,-32305,0,0,0,0,0,173806,0
173524,814,8242,-118,126,-88,-901,21090,-4,0,-347,-112,37024,133,30,66,0,0,0,0,0,0,0,0,-32305,0,0,0,0,0,173811,0
173529,710,8208,-58,128,-95,-903,21092,5,1,-349,-104,37024,133,30,66,0,0,0,0,0,0,0,0,-32305,0,0,0,0,0,173817,0
173534,636,8150,-68,126,-94,-908,21094,6,-3,-349,-104,37028,137,30,66,0,0,0,0,0,0,0,0,-32305,0,0,0,0,0,173822,0
173539,566,8094,-26,124,-94,-913,21094,5,0,-350,-96,37028,137,30,66,0,0,0,0,0,0,0,0,-32305,0,0,0,0,0,173827,0
173544,466,7984,-4,123,-104,-918,21094,-1,0,-351,-112,37021,141,30,66,0,0,0,0,0,0,0,0,-32305,0,0,0,0,0,173833,0
173549,396,7972,-10,120,-111,-908,21095,1,-4,-352,-96,37021,141,30,66,0,0,0,0,0,0,0,0,-32305,0,0,0,0,0,173839,0
173554,400,7948,-28,121,-116,-914,21097,6,-5,-351,-104,37018,137,30,66,0,0,0,0,0,0,0,0,-32305,0,0,0,0,0,173844,0
173559,366,7948,-58,122,-118,-910,21096,1,1,-352,-104,37018,137,30,66,0,0,0,0,0,0,0,0,-32306,0,0,0,0,0,173850,0
173564,340,7946,-46,121,-124,-905,21097,3,2,-351,-104,37021,135,30,66,0,0,0,0,0,0,0,0,-32305,0,0,0,0,0,173855,0
173569,244,7942,-66,119,-130,-902,21096,0,2,-351,-104,37021,135,30,66,0,0,0,0,0,0,0,0,-32305,0,0,0,0,0,173861,0
173574,248,7946,-78,119,-125,-901,21098,-1,1,-349,-104,37025,133,30,66,0,0,0,0,0,0,0,0,-32305,0,0,0,0,0,173866,0
173579,232,7986,-144,109,-125,-891,21098,2,-1,-350,-112,37025,133,30,66,0,0,0,0,0,0,0,0,-32306,0,0,0,0,0,173871,0
173584,192,8000,-212,111,-124,-891,21099,0,0,-350,-96,37024,132,30,66,0,0,0,0,0,0,0,0,-32306,0,0,0,0,0,173877,0
173589,178,8054,-228,107,-111,-883,21098,-6,-3,-349,-104,37024,132,30,66,0,0,0,0,0,0,0,0,-32306,0,0,0,0,0,173882,0
173594,166,8062,-238,102,-111,-883,21098,5,5,-351,-104,37019,135,30,66,0,0,0,0,0,0,0,0,-32306,0,0,0,0,0,173888,0
173599,170,8116,-218,100,-106,-873,21099,7,2,-351,-104,37019,135,30,66,0,0,0,0,0,0,0,0,-32305,0,0,0,0,0,173893,0
173604,168,8196,-270,86,-93,-872,21097,-3,-1,-354,-104,37022,145,30,66,0,0,0,0,0,0,0,0,-32306,0,0,0,0,0,173899,0
173609,162,8258,-232,81,-89,-864,21098,3,1,-352,-104,37022,145,30,66,0,0,0,0,0,0,0,0,-32305,0,0,0,0,0,173905,0
173614,224,8264,-268,79,-77,-869,21098,-3,-1,-352,-104,37027,139,30,66,0,0,0,0,0,0,0,0,-32305,0,0,0,0,0,173910,0
173619,256,8256,-244,73,-66,-871,21099,0,4,-350,-104,37027,139,30,66,0,0,0,0,0,0,0,0,-32306,0,0,0,0,0,173916,0
173624,256,8204,-216,65,-48,-879,21099,11,-3,-348,-104,37027,154,30,66,0,0,0,0,0,0,0,0,-32306,0,0,0,0,0,173921,0
173629,154,7996,-150,62,-39,-871,21099,3,2,-348,-104,37027,154,30,66,0,0,0,0,0,0,0,0,-32305,0,0,0,0,0,173926,0
173634,58,7742,-150,56,-23,-870,21098,3,2,-351,-112,37024,152,30,66,0,0,0,0,0,0,0,0,-32305,0,0,0,0,0,173932,0
173639,-76,7576,-112,56,-22,-865,21097,4,-2,-352,-104,37024,152,30,66,0,0,0,0,0,0,0,0,-32305,0,0,0,0,0,173937,0
173644,162,7828,-68,52,-25,-858,21096,0,-1,-350,-112,37019,152,30,66,0,0,0,0,0,0,0,0,-32305,0,0,0,0,0,173943,0
173649,440,8152,2,54,-36,-866,21093,-7,-10,-351,-104,37019,152,30,66,0,0,0,0,0,0,0,0,-32305,0,0,0,0,0,173949,0
173654,714,8440,66,62,-47,-884,21092,-11,-6,-351,-104,37020,147,30,66,0,0,0,0,0,0,0,0,-32305,0,0,0,0,0,173954,0
173659,942,8576,178,62,-63,-911,21091,-1,-5,-352,-112,37020,147,30,66,0,0,0,0,0,0,0,0,-32305,0,0,0,0,0,173960,0
173664,1068,8384,188,69,-92,-974,21091,-6,1,-352,-112,37021,142,30,66,0,0,0,0,0,0,0,0,-32305,0,0,0,0,0,173965,0
173669,972,8218,48,67,-102,-995,21091,0,6,-350,-104,37021,142,30,66,0,0,0,0,0,0,0,0,-32306,0,0,0,0,0,173971,0
173674,836,8112,-4,68,-106,-1020,21091,-3,4,-350,-104,37019,149,30,66,0,0,0,0,0,0,0,0,-32305,0,0,0,0,0,173976,0
173679,712,8058,-58,71,-111,-1041,21091,5,6,-350,-112,37019,149,30,66,0,0,0,0,0,0,0,0,-32305,0,0,0,0,0,173982,0
173684,484,8066,-14,80,-124,-1078,21091,5,3,-350,-104,37022,141,30,66,0,0,0,0,0,0,0,0,-32305,0,0,0,0,0,173987,0
173689,450,8080,34,82,-126,-1090,21091,1,-1,-351,-104,37022,141,30,66,0,0,0,0,0,0,0,0,-32306,0,0,0,0,0,173992,0
173694,432,8110,70,80,-136,-1107,21091,4,0,-351,-104,37027,143,30,66,0,0,0,0,0,0,0,0,-32306,0,0,0,0,0,173998,0
173699,370,8094,100,83,-150,-1123,21091,0,0,-351,-104,37027,143,30,66,0,0,0,0,0,0,0,0,-32305,0,0,0,0,0,174003,0
173704,222,8078,38,92,-151,-1146,21091,0,-2,-351,-104,37029,144,30,66,0,0,0,0,0,0,0,0,-32305,0,0,0,0,0,174009,0
173709,132,8068,12,92,-162,-1160,21091,2,0,-351,-104,37029,144,30,66,0,0,0,0,0,0,0,0,-32306,0,0,0,0,0,174015,0
173714,74,8106,-8,92,-161,-1161,21091,-5,-3,-351,-104,37028,138,30,66,0,0,0,0,0,0,0,0,-32306,0,0,0,0,0,174020,0
173719,6,8152,6,95,-157,-1177,21094,2,4,-349,-104,37028,138,30,66,0,0,0,0,0,0,0,0,-32306,0,0,0,0,0,174026,0
173724,-198,8102,-30,94,-162,-1188,21093,-1,-1,-350,-112,37024,132,30,66,0,0,0,0,0,0,0,0,-32306,0,0,0,0,0,174031,0
173729,-226,8160,20,92,-155,-1186,21094,2,-2,-350,-112,37024,132,30,66,0,0,0,0,0,0,0,0,-32306,0,0,0,0,0,174036,0
173734,-324,8140,-42,101,-150,-1190,21095,1,0,-352,-104,37026,138,30,66,0,0,0,0,0,0,0,0,-32305,0,0,0,0,0,174042,0
173739,-378,8174,-50,92,-152,-1192,21096,-1,0,-351,-104,37026,138,30,66,0,0,0,0,0,0,0,0,-32306,0,0,0,0,0,174048,0
173744,-482,8110,-90,88,-137,-1191,21098,7,1,-351,-104,37022,138,30,66,0,0,0,0,0,0,0,0,-32305,0,0,0,0,0,174053,0
173749,-488,8168,-194,86,-116,-1187,21098,0,-2,-351,-104,37022,138,30,66,0,0,0,0,0,0,0,0,-32305,0,0,0,0,0,174059,0
173754,-518,8086,-122,79,-106,-1187,21098,0,-3,-352,-104,37019,142,30,66,0,0,0,0,0,0,0,0,-32306,0,0,0,0,0,174064,0
173759,-578,8072,-232,79,-90,-1180,21098,-4,-6,-352,-112,37019,142,30,66,0,0,0,0,0,0,0,0,-32305,0,0,0,0,0,174070,0
173764,-2782,10184,184,61,-38,-1272,21099,3,0,-351,-104,37017,140,30,66,0,0,0,0,0,0,0,0,-32305,0,0,0,0,0,174075,0
173769,-3552,11490,-182,67,6,-1182,21100,2,-2,-349,-104,37017,140,30,66,0,0,0,0,0,0,0,0,-32305,0,0,0,0,0,174081,0
173774,-3654,10772,32,54,51,-1097,21099,-5,3,-350,-104,37019,137,30,66,0,0,0,0,0,0,0,0,-32306,0,0,0,0,0,174086,0
173779,-2616,9000,-468,57,80,-989,21096,-18,-7,-346,-128,37019,137,30,66,0,0,0,0,0,0,0,0,-32305,0,0,0,0,0,174093,0
173784,-2326,8016,-930,43,81,-865,21087,-31,-31,-344,-128,37023,139,30,66,0,0,0,0,0,0,0,0,-32305,0,0,0,0,0,174098,0
173789,-2630,7710,-576,33,72,-817,21077,-43,-40,-347,-128,37023,139,30,66,0,0,0,0,0,0,0,0,-32306,0,0,0,0,0,174104,0
173794,-2742,7558,-198,28,69,-754,21069,-43,-34,-346,-136,37024,151,30,66,0,0,0,0,0,0,0,0,-32306,0,0,0,0,0,174109,0
173799,-2398,7094,258,25,79,-717,21055,-66,-32,-341,-168,37024,151,30,66,0,0,0,0,0,0,0,0,-32305,0,0,0,0,0,174115,0
173804,-528,7034,222,17,146,-716,21014,-195,-89,-307,-336,37019,144,30,66,0,0,0,0,0,0,0,0,-32305,0,0,0,0,0,174120,0
173809,-422,7332,100,18,188,-709,20932,-380,-222,-278,-728,37019,144,30,66,0,0,0,0,0,0,0,0,-32306,0,0,0,0,0,174126,0
173814,-976,7730,114,17,221,-693,20787,-667,-449,-237,-1576,37016,140,30,66,0,0,0,0,0,0,0,0,-32305,0,0,0,0,0,174131,0
173819,-2008,8256,282,11,227,-644,20568,-996,-699,-252,-2328,37016,140,30,66,0,0,0,0,0,0,0,0,-32305,0,0,0,0,0,174137,0
173824,-3284,8180,-114,22,184,-499,20267,-1355,-945,-245,-3088,37019,147,30,66,0,0,0,0,0,0,0,0,-32305,0,0,0,0,0,174142,0
173829,-3600,7976,-172,32,158,-405,19883,-1722,-1117,-217,-3808,37019,147,30,66,0,0,0,0,0,0,0,0,-32305,0,0,0,0,0,174148,0
173834,-3976,7750,-98,32,125,-313,19423,-2060,-1200,-194,-4424,37016,164,30,66,0,0,0,0,0,0,0,0,-32305,0,0,0,0,0,174153,0
173839,-4266,7386,124,59,90,-219,18891,-2372,-1212,-158,-4952,37016,164,30,66,0,0,0,0,0,0,0,0,-32305,0,0,0,0,0,174159,0
173844,-4440,7034,236,73,19,-39,18291,-2677,-1167,-113,-5472,37008,179,30,66,0,0,0,0,0,0,0,0,-32305,0,0,0,0,0,174164,0
173849,-4308,6936,298,92,0,62,17624,-2963,-1104,-61,-5976,37008,179,30,66,0,0,0,0,0,0,0,0,-32305,0,0,0,0,0,174170,0
173854,-4208,6874,242,102,-20,148,16889,-3266,-1062,-8,-6464,37001,169,30,66,0,0,0,0,0,0,0,0,-32305,0,0,0,0,0,174175,0
173859,-4066,6968,246,110,-33,241,16087,-3561,-1041,48,-6952,37001,169,30,66,0,0,0,0,0,0,0,0,-32306,0,0,0,0,0,174181,0
173864,-3950,7118,260,123,-45,420,15221,-3828,-1027,112,-7408,37006,162,30,66,0,0,0,0,0,0,0,0,-32305,0,0,0,0,0,174186,0
173869,-966,7742,144,162,-137,-44,14300,-4071,-991,171,-7760,37006,162,30,66,0,0,0,0,0,0,0,0,-32305,0,0,0,0,0,174192,0
173874,10976,4902,654,164,-295,-383,13366,-4103,-839,151,-7472,37013,155,30,66,0,0,0,0,0,0,0,0,-32305,0,0,0,0,0,174197,0
173879,13714,9140,148,96,-212,-550,12457,-3977,-538,184,-6864,37013,155,30,66,0,0,0,0,0,0,0,0,-32305,0,0,0,0,0,174203,0
173884,1464,14354,-624,113,118,-615,11643,-3525,0,171,-5320,37015,141,30,66,0,0,0,0,0,0,0,0,-32305,0,0,0,0,0,174208,0
173889,3454,11360,86,120,218,-652,11071,-2381,931,56,-2152,37015,141,30,66,0,0,0,0,0,0,0,0,-32305,0,0,0,0,0,174214,0
173894,5092,9640,530,70,231,-765,10871,-691,2320,252,1912,37014,141,30,66,0,0,0,0,0,0,0,0,-32306,0,0,0,0,0,174219,0
173899,4064,9450,-292,79,179,-870,11095,1161,3907,783,2864,37014,141,30,66,0,0,0,0,0,0,0,0,-32305,0,0,0,0,0,174225,0
173904,-2046,9046,-420,95,74,-898,11565,2138,4891,-790,1512,37020,117,30,66,0,0,0,0,0,0,0,0,-32305,0,0,0,0,0,174230,0
173909,-2906,7988,-362,114,21,-896,12001,1865,4399,-2974,304,37020,117,30,66,0,0,0,0,0,0,0,0,-32307,0,0,0,0,0,174236,0
173914,-2106,7084,-120,106,-37,-881,12223,868,2372,-3687,-344,37039,84,30,66,0,0,0,0,0,0,0,0,-32304,0,0,0,0,0,174241,0
173919,-1378,6840,-22,115,-65,-898,12250,51,-138,-2434,-408,37039,84,30,66,0,0,0,0,0,0,0,0,-32304,0,0,0,0,0,174247,0
173924,-618,7578,80,108,-23,-917,12216,-142,-1778,-888,-144,37040,92,30,66,0,0,0,0,0,0,0,0,-32305,0,0,0,0,0,174252,0
173929,-436,7856,0,107,9,-942,12211,-4,-1872,-425,-176,37040,92,30,66,0,0,0,0,0,0,0,0,-32305,0,0,0,0,0,174258,0
173934,-196,8074,-212,93,35,-961,12216,19,-1055,-558,-200,37047,106,30,66,0,0,0,0,0,0,0,0,-32305,0,0,0,0,0,174263,0
173939,-182,8310,-392,81,41,-976,12215,0,-249,-605,-200,37047,106,30,66,0,0,0,0,0,0,0,0,-32305,0,0,0,0,0,174269,0
173944,-494,8538,-542,65,52,-986,12215,0,73,-583,-184,37022,148,30,66,0,0,0,0,0,0,0,0,-32305,0,0,0,0,0,174275,0
173949,-800,8450,-560,54,45,-990,12215,2,49,-581,-200,37022,148,30,66,0,0,0,0,0,0,0,0,-32305,0,0,0,0,0,174281,0
173954,-1138,8316,-500,52,26,-987,12215,-1,-8,-581,-200,37020,140,30,66,0,0,0,0,0,0,0,0,-32305,0,0,0,0,0,174288,0
173959,-1384,8180,-456,42,-3,-985,12215,-6,-6,-583,-192,37020,140,30,66,0,0,0,0,0,0,0,0,-32305,0,0,0,0,0,174291,0
173964,-1432,8094,-342,34,-37,-965,12214,-8,-3,-584,-176,37006,133,30,66,0,0,0,0,0,0,0,0,-32305,0,0,0,0,0,174293,0
173969,-1342,8056,-272,27,-39,-959,12215,0,-3,-589,-176,37006,133,30,66,0,0,0,0,0,0,0,0,-32305,0,0,0,0,0,174298,0
173974,-1250,7992,-242,20,-32,-953,12215,1,-3,-583,-192,36998,141,30,66,0,0,0,0,0,0,0,0,-32305,0,0,0,0,0,174304,0
173979,-1200,7940,-250,13,-18,-949,12215,4,1,-582,-192,36998,141,30,66,0,0,0,0,0,0,0,0,-32305,0,0,0,0,0,174310,0
173984,-1456,7820,-274,-5,15,-928,12215,-3,1,-586,-192,36996,147,30,66,0,0,0,0,0,0,0,0,-32305,0,0,0,0,0,174315,0
173989,-1610,7778,-144,-13,26,-922,12216,1,1,-586,-200,36996,147,30,66,0,0,0,0,0,0,0,0,-32305,0,0,0,0,0,174322,0
173994,-1748,7800,-192,-19,31,-904,12215,-3,2,-587,-200,37000,154,30,66,0,0,0,0,0,0,0,0,-32305,0,0,0,0,0,174327,0
173999,-2016,7800,-212,-29,47,-887,12215,0,-5,-582,-192,37000,154,30,66,0,0,0,0,0,0,0,0,-32305,0,0,0,0,0,174333,0
174004,-2042,7742,-248,-45,41,-855,12216,2,2,-585,-192,37004,156,30,66,0,0,0,0,0,0,0,0,-32305,0,0,0,0,0,174338,0
174009,-1944,7720,-174,-53,39,-837,12215,0,3,-585,-192,37004,156,30,66,0,0,0,0,0,0,0,0,-32305,0,0,0,0,0,174344,0
174014,-1856,7834,-164,-67,56,-814,12217,11,4,-577,-200,37004,158,30,66,0,0,0,0,0,0,0,0,-32305,0,0,0,0,0,174350,0
174019,-1828,7872,-152,-70,53,-806,12216,0,2,-584,-200,37004,158,30,66,0,0,0,0,0,0,0,0,-32305,0,0,0,0,0,174355,0
174024,-1670,7972,-218,-78,59,-783,12216,-2,4,-581,-192,37006,148,30,66,0,0,0,0,0,0,0,0,-32305,0,0,0,0,0,174361,0
174029,-1632,7956,-220,-86,55,-759,12214,-6,-4,-585,-192,37006,148,30,66,0,0,0,0,0,0,0,0,-32305,0,0,0,0,0,174367,0
174034,-1618,8074,-222,-93,54,-757,12215,-2,-3,-585,-184,37014,145,30,66,0,0,0,0,0,0,0,0,-32305,0,0,0,0,0,174372,0
174039,-1600,8050,-210,-83,49,-751,12214,-2,-2,-587,-192,37014,145,30,66,0,0,0,0,0,0,0,0,-32305,0,0,0,0,0,174378,0
174044,-1516,8084,-106,-96,41,-731,12216,0,-1,-582,-192,37020,156,30,66,0,0,0,0,0,0,0,0,-32305,0,0,0,0,0,174383,0
174049,-1442,8080,-120,-102,50,-725,12214,1,-4,-579,-192,37020,156,30,66,0,0,0,0,0,0,0,0,-32305,0,0,0,0,0,174389,0
174054,-1428,8080,-66,-101,55,-723,12216,4,5,-577,-200,37018,151,30,66,0,0,0,0,0,0,0,0,-32305,0,0,0,0,0,174394,0
174059,-1356,8108,-12,-103,57,-721,12216,13,5,-575,-216,37018,151,30,66,0,0,0,0,0,0,0,0,-32305,0,0,0,0,0,174400,0
174064,-1304,8092,-48,-115,74,-722,12214,-5,-2,-591,-184,37015,145,30,66,0,0,0,0,0,0,0,0,-32305,0,0,0,0,0,174405,0
174069,-1268,8096,-106,-119,79,-721,12214,-1,4,-584,-184,37015,145,30,66,0,0,0,0,0,0,0,0,-32305,0,0,0,0,0,174411,0
174074,-1252,8130,-104,-118,96,-721,12214,3,-4,-584,-200,37014,132,30,66,0,0,0,0,0,0,0,0,-32305,0,0,0,0,0,174416,0
174079,-1258,8184,-92,-126,99,-727,12214,-3,0,-582,-184,37014,132,30,66,0,0,0,0,0,0,0,0,-32305,0,0,0,0,0,174422,0
174084,-1220,8206,-96,-144,126,-734,12215,2,4,-580,-200,37018,144,30,66,0,0,0,0,0,0,0,0,-32305,0,0,0,0,0,174427,0
174089,-1222,8190,-114,-155,135,-741,12215,0,0,-583,-192,37018,144,30,66,0,0,0,0,0,0,0,0,-32305,0,0,0,0,0,174433,0
174094,-1204,8160,-214,-156,143,-740,12214,0,0,-581,-200,37019,155,30,66,0,0,0,0,0,0,0,0,-32305,0,0,0,0,0,174438,0
174099,-1216,8140,-156,-159,145,-746,12213,-4,-3,-580,-192,37019,155,30,66,0,0,0,0,0,0,0,0,-32305,0,0,0,0,0,174444,0
174104,-1274,8292,-184,-175,155,-757,12215,12,-2,-580,-208,37016,149,30,66,0,0,0,0,0,0,0,0,-32305,0,0,0,0,0,174449,0
174109,-1358,8418,-216,-176,157,-758,12214,3,-3,-580,-200,37016,149,30,66,0,0,0,0,0,0,0,0,-32305,0,0,0,0,0,174455,0
174114,-1264,8218,-162,-179,148,-771,12215,0,4,-581,-200,37013,147,30,66,0,0,0,0,0,0,0,0,-32305,0,0,0,0,0,174461,0
174119,-1166,8256,-120,-180,141,-779,12214,-3,2,-585,-192,37013,147,30,66,0,0,0,0,0,0,0,0,-32306,0,0,0,0,0,174466,0
174124,-1262,8216,-76,-181,141,-794,12216,9,-7,-579,-200,37017,147,30,66,0,0,0,0,0,0,0,0,-32305,0,0,0,0,0,174472,0
174129,-1292,8170,32,-183,134,-812,12214,7,-1,-578,-208,37017,147,30,66,0,0,0,0,0,0,0,0,-32305,0,0,0,0,0,174477,0
174134,-1278,8110,60,-188,130,-817,12213,3,4,-582,-192,37020,157,30,66,0,0,0,0,0,0,0,0,-32305,0,0,0,0,0,174482,0
174139,-1288,8086,142,-186,130,-831,12214,6,-6,-578,-192,37020,157,30,66,0,0,0,0,0,0,0,0,-32305,0,0,0,0,0,174488,0
174144,-1380,8038,248,-182,140,-847,12213,-3,1,-584,-200,37017,162,30,66,0,0,0,0,0,0,0,0,-32306,0,0,0,0,0,174493,0
174149,-1402,7994,314,-180,143,-852,12215,10,3,-579,-200,37017,162,30,66,0,0,0,0,0,0,0,0,-32305,0,0,0,0,0,174499,0
174154,-1442,8060,350,-179,154,-861,12213,0,-5,-581,-184,37015,153,30,66,0,0,0,0,0,0,0,0,-32305,0,0,0,0,0,174504,0
174159,-1400,8028,438,-176,161,-869,12213,-3,0,-571,-192,37015,153,30,66,0,0,0,0,0,0,0,0,-32305,0,0,0,0,0,174509,0
174164,-1426,8064,438,-172,189,-885,12213,2,-3,-578,-176,37017,151,30,66,0,0,0,0,0,0,0,0,-32305,0,0,0,0,0,174515,0
174169,-1468,8014,468,-171,193,-889,12213,2,1,-581,-200,37017,151,30,66,0,0,0,0,0,0,0,0,-32305,0,0,0,0,0,174520,0
174174,-1502,8038,484,-163,200,-899,12214,1,2,-586,-192,37021,144,30,66,0,0,0,0,0,0,0,0,-32305,0,0,0,0,0,174526,0
174179,-1512,8028,406,-160,209,-905,12213,3,1,-581,-192,37021,144,30,66,0,0,0,0,0,0,0,0,-32305,0,0,0,0,0,174531,0
174184,-1572,8036,396,-149,224,-916,12213,0,0,-581,-192,37022,149,30,66,0,0,0,0,0,0,0,0,-32305,0,0,0,0,0,174537,0
174189,-1584,8038,388,-138,227,-926,12214,2,-5,-580,-192,37022,149,30,66,0,0,0,0,0,0,0,0,-32305,0,0,0,0,0,174543,0
174194,-1690,8028,394,-135,225,-933,12212,-3,-2,-586,-192,37019,146,30,66,0,0,0,0,0,0,0,0,-32305,0,0,0,0,0,174548,0
174199,-1654,7986,364,-130,228,-940,12214,1,0,-579,-192,37019,146,30,66,0,0,0,0,0,0,0,0,-32305,0,0,0,0,0,174553,0
174204,-1676,8012,346,-117,229,-954,12211,-4,-3,-578,-192,37019,139,30,66,0,0,0,0,0,0,0,0,-32305,0,0,0,0,0,174559,0
174209,-1620,8040,332,-113,233,-962,12213,-3,2,-576,-184,37019,139,30,66,0,0,0,0,0,0,0,0,-32305,0,0,0,0,0,174564,0
174214,-1642,8016,296,-103,233,-971,12213,-1,-3,-582,-184,37020,135,30,66,0,0,0,0,0,0,0,0,-32305,0,0,0,0,0,174570,0
174219,-1702,8022,302,-96,231,-975,12213,5,3,-580,-200,37020,135,30,66,0,0,0,0,0,0,0,0,-32305,0,0,0,0,0,174575,0
174224,-1722,8056,240,-81,220,-996,12212,0,1,-581,-192,37017,140,30,66,0,0,0,0,0,0,0,0,-32305,0,0,0,0,0,174581,0
174229,-1730,8096,214,-77,215,-1004,12214,5,-1,-578,-184,37017,140,30,66,0,0,0,0,0,0,0,0,-32305,0,0,0,0,0,174586,0
174234,-1798,8084,180,-76,212,-1011,12214,6,2,-583,-208,37017,141,30,66,0,0,0,0,0,0,0,0,-32305,0,0,0,0,0,174591,0
174239,-1826,8078,150,-67,202,-1019,12213,-2,4,-589,-184,37017,141,30,66,0,0,0,0,0,0,0,0,-32305,0,0,0,0,0,174597,0
174244,-1884,8082,52,-51,181,-1040,12214,1,-7,-580,-200,37024,148,30,66,0,0,0,0,0,0,0,0,-32305,0,0,0,0,0,174603,0
174249,-1922,8054,-26,-53,165,-1044,12213,0,0,-580,-192,37024,148,30,66,0,0,0,0,0,0,0,0,-32305,0,0,0,0,0,174608,0
174254,-1976,8038,-20,-46,152,-1049,12213,0,-4,-578,-200,37025,145,30,66,0,0,0,0,0,0,0,0,-32305,0,0,0,0,0,174614,0
174259,-2034,7994,-70,-34,132,-1057,12213,0,-5,-574,-192,37025,145,30,66,0,0,0,0,0,0,0,0,-32305,0,0,0,0,0,174619,0
174264,-2042,7942,-128,-38,105,-1070,12212,1,4,-581,-200,37023,155,30,66,0,0,0,0,0,0,0,0,-32305,0,0,0,0,0,174625,0
174269,-2080,7914,-182,-35,96,-1077,12212,-11,-2,-584,-176,37023,155,30,66,0,0,0,0,0,0,0,0,-32305,0,0,0,0,0,174630,0
174274,-2086,7918,-212,-41,83,-1087,12214,0,-3,-576,-192,37016,148,30,66,0,0,0,0,0,0,0,0,-32305,0,0,0,0,0,174636,0
174279,-2162,7884,-200,-39,73,-1091,12212,-3,2,-585,-192,37016,148,30,66,0,0,0,0,0,0,0,0,-32305,0,0,0,0,0,174641,0
174284,-2198,7804,-164,-47,56,-1106,12213,-3,1,-581,-184,37017,150,30,66,0,0,0,0,0,0,0,0,-32305,0,0,0,0,0,174646,0
174289,-2240,7830,-142,-49,56,-1106,12213,-1,-3,-581,-192,37017,150,30,66,0,0,0,0,0,0,0,0,-32305,0,0,0,0,0,174652,0
174294,-2248,7806,-114,-54,51,-1112,12213,-1,7,-579,-192,37019,147,30,66,0,0,0,0,0,0,0,0,-32305,0,0,0,0,0,174657,0
174299,-2290,7768,-96,-55,42,-1112,12214,-7,2,-585,-184,37019,147,30,66,0,0,0,0,0,0,0,0,-32305,0,0,0,0,0,174663,0
174304,-2360,7774,-90,-69,46,-1122,12213,-1,0,-581,-200,37020,150,30,66,0,0,0,0,0,0,0,0,-32305,0,0,0,0,0,174669,0
174309,-2360,7740,-32,-75,41,-1123,12214,7,6,-576,-192,37020,150,30,66,0,0,0,0,0,0,0,0,-32305,0,0,0,0,0,174674,0
174314,-2342,7764,-74,-87,44,-1127,12213,-3,1,-583,-192,37016,159,30,66,0,0,0,0,0,0,0,0,-32305,0,0,0,0,0,174680,0
174319,-2364,7802,-60,-88,41,-1130,12214,6,2,-580,-192,37016,159,30,66,0,0,0,0,0,0,0,0,-32305,0,0,0,0,0,174685,0
174324,-2440,7982,-86,-98,44,-1129,12213,5,3,-579,-200,37014,150,30,66,0,0,0,0,0,0,0,0,-32305,0,0,0,0,0,174691,0
174329,-2448,7974,-22,-101,43,-1127,12211,-8,3,-583,-184,37014,150,30,66,0,0,0,0,0,0,0,0,-32305,0,0,0,0,0,174696,0
174334,-2318,7890,-80,-108,39,-1132,12212,0,-1,-580,-184,37012,146,30,66,0,0,0,0,0,0,0,0,-32305,0,0,0,0,0,174702,0
174339,-2316,7962,-20,-122,47,-1132,12213,-2,-1,-583,-192,37012,146,30,66,0,0,0,0,0,0,0,0,-32306,0,0,0,0,0,174708,0
174344,-2516,8016,-32,-133,52,-1134,12212,-4,6,-584,-176,37011,144,30,66,0,0,0,0,0,0,0,0,-32305,0,0,0,0,0,174713,0
174349,-2540,7980,10,-138,49,-1132,12212,-7,-4,-579,-192,37011,144,30,66,0,0,0,0,0,0,0,0,-32305,0,0,0,0,0,174719,0
174354,-2494,7902,-30,-143,46,-1134,12212,-1,3,-579,-192,37011,149,30,66,0,0,0,0,0,0,0,0,-32305,0,0,0,0,0,174724,0
174359,-2574,7866,-58,-142,49,-1132,12213,-1,0,-581,-192,37011,149,30,66,0,0,0,0,0,0,0,0,-32305,0,0,0,0,0,174730,0
174364,-2522,7714,60,-150,47,-1134,12214,7,0,-578,-208,37010,145,30,66,0,0,0,0,0,0,0,0,-32305,0,0,0,0,0,174735,0
174369,-2562,7776,102,-155,42,-1141,12212,0,5,-586,-184,37010,145,30,66,0,0,0,0,0,0,0,0,-32305,0,0,0,0,0,174742,0
174374,-2616,7844,126,-155,42,-1142,12213,5,5,-577,-184,37015,140,30,66,0,0,0,0,0,0,0,0,-32305,0,0,0,0,0,174747,0
174379,-2584,7718,202,-153,41,-1142,12214,2,-4,-582,-200,37015,140,30,66,0,0,0,0,0,0,0,0,-32305,0,0,0,0,0,174752,0
174384,-2674,7652,266,-153,34,-1147,12213,2,2,-582,-192,37017,142,30,66,0,0,0,0,0,0,0,0,-32305,0,0,0,0,0,174758,0
174389,-2628,7556,152,-154,39,-1155,12213,2,0,-581,-192,37017,142,30,66,0,0,0,0,0,0,0,0,-32305,0,0,0,0,0,174763,0
174394,-2668,7614,222,-153,37,-1157,12213,-2,0,-582,-176,37016,145,30,66,0,0,0,0,0,0,0,0,-32305,0,0,0,0,0,174769,0
174399,-2710,7686,160,-157,40,-1154,12213,-6,-2,-584,-184,37016,145,30,66,0,0,0,0,0,0,0,0,-32305,0,0,0,0,0,174774,0
174404,-2820,7872,202,-153,30,-1160,12214,-1,-1,-583,-192,37013,144,30,66,0,0,0,0,0,0,0,0,-32305,0,0,0,0,0,174780,0
174409,-2846,7752,366,-146,18,-1166,12214,3,2,-581,-192,37013,144,30,66,0,0,0,0,0,0,0,0,-32305,0,0,0,0,0,174785,0
174414,-2770,7474,270,-140,19,-1166,12215,1,-2,-582,-192,37014,148,30,66,0,0,0,0,0,0,0,0,-32305,0,0,0,0,0,174791,0
174419,-3044,7972,296,-140,-9,-1164,12213,-5,-2,-583,-184,37014,148,30,66,0,0,0,0,0,0,0,0,-32305,0,0,0,0,0,174797,0
174424,-2974,7612,382,-112,-13,-1171,12215,3,1,-579,-192,37019,136,30,66,0,0,0,0,0,0,0,0,-32305,0,0,0,0,0,174802,0
174429,-2846,7786,426,-116,-16,-1172,12214,3,2,-585,-192,37019,136,30,66,0,0,0,0,0,0,0,0,-32305,0,0,0,0,0,174807,0
174434,-2880,7674,500,-102,-18,-1179,12214,3,1,-577,-192,37019,136,30,66,0,0,0,0,0,0,0,0,-32306,0,0,0,0,0,174813,0
174439,-2940,7834,364,-93,-17,-1179,12215,0,-1,-583,-192,37019,136,30,66,0,0,0,0,0,0,0,0,-32305,0,0,0,0,0,174818,0
174444,-2802,7722,406,-83,-27,-1177,12215,-1,1,-590,-184,37019,136,30,66,0,0,0,0,0,0,0,0,-32305,0,0,0,0,0,174824,0
174449,-2800,7896,420,-86,-21,-1185,12215,1,4,-587,-192,37019,136,30,66,0,0,0,0,0,0,0,0,-32305,0,0,0,0,0,174830,0
174454,-2876,8016,428,-78,-15,-1183,12217,-2,1,-589,-192,37019,136,30,66,0,0,0,0,0,0,0,0,-32305,0,0,0,0,0,174835,0
174459,-2882,8098,400,-73,-9,-1188,12219,8,2,-594,-200,37019,136,30,66,0,0,0,0,0,0,0,0,-32305,0,0,0,0,0,174840,0
174464,-3038,8222,474,-75,8,-1183,12222,17,5,-599,-208,37019,136,30,66,0,0,0,0,0,0,0,0,-32305,0,0,0,0,0,174846,0
174469,-3032,8088,440,-83,18,-1181,12225,16,12,-608,-200,37021,145,30,66,0,0,0,0,0,0,0,0,-32305,0,0,0,0,0,174852,0
174474,-2990,8074,512,-81,31,-1174,12229,15,8,-618,-200,37021,145,30,66,0,0,0,0,0,0,0,0,-32306,0,0,0,0,0,174857,0
174479,-3336,8274,490,-88,55,-1163,12231,10,6,-623,-192,37018,142,30,66,0,0,0,0,0,0,0,0,-32305,0,0,0,0,0,174862,0
174484,-3108,8102,518,-81,80,-1154,12233,11,-1,-621,-200,37018,142,30,66,0,0,0,0,0,0,0,0,-32305,0,0,0,0,0,174868,0
174489,-2898,8080,420,-95,95,-1151,12235,4,-8,-614,-200,37013,136,30,66,0,0,0,0,0,0,0,0,-32305,0,0,0,0,0,174873,0
174494,-3268,8230,460,-100,117,-1142,12236,3,-4,-615,-192,37013,136,30,66,0,0,0,0,0,0,0,0,-32305,0,0,0,0,0,174879,0
174499,-3302,8106,430,-102,133,-1144,12239,4,-6,-624,-192,37012,135,30,66,0,0,0,0,0,0,0,0,-32305,0,0,0,0,0,174884,0
174504,-3282,8164,336,-127,178,-1127,12240,1,-7,-623,-192,37012,135,30,66,0,0,0,0,0,0,0,0,-32305,0,0,0,0,0,174890,0
174509,-3388,8206,332,-131,205,-1110,12243,12,1,-616,-200,37013,133,30,66,0,0,0,0,0,0,0,0,-32305,0,0,0,0,0,174895,0
174514,-3594,8238,316,-150,230,-1100,12245,5,1,-628,-200,37013,133,30,66,0,0,0,0,0,0,0,0,-32305,0,0,0,0,0,174900,0
174519,-3752,8270,330,-159,253,-1078,12247,9,1,-626,-200,37015,137,30,66,0,0,0,0,0,0,0,0,-32305,0,0,0,0,0,174906,0
174524,-3404,8096,284,-201,321,-1047,12250,12,1,-629,-200,37015,137,30,66,0,0,0,0,0,0,0,0,-32305,0,0,0,0,0,174912,0
174529,-3528,8076,190,-225,355,-1035,12251,17,2,-630,-200,37014,145,30,66,0,0,0,0,0,0,0,0,-32305,0,0,0,0,0,174917,0
174534,-3506,8030,188,-258,388,-1020,12254,12,5,-635,-200,37014,145,30,66,0,0,0,0,0,0,0,0,-32305,0,0,0,0,0,174923,0
174539,-3520,8028,162,-281,438,-1006,12258,20,4,-644,-200,37011,137,30,66,0,0,0,0,0,0,0,0,-32305,0,0,0,0,0,174928,0
174544,-3514,7956,112,-341,530,-974,12262,16,6,-655,-192,37011,137,30,66,0,0,0,0,0,0,0,0,-32305,0,0,0,0,0,174934,0
174549,-3588,7894,116,-374,577,-958,12270,36,12,-666,-192,37011,141,30,66,0,0,0,0,0,0,0,0,-32305,0,0,0,0,0,174939,0
174554,-3692,7784,90,-404,623,-936,12283,63,22,-703,-192,37011,141,30,66,0,0,0,0,0,0,0,0,-32305,0,0,0,0,0,174945,0
174559,-3734,7556,76,-445,664,-922,12307,108,58,-771,-176,37012,134,30,66,0,0,0,0,0,0,0,0,-32305,0,0,0,0,0,174950,0
174564,-3578,7132,108,-511,755,-896,12331,101,79,-856,-224,37012,134,30,66,0,0,0,0,0,0,0,0,-32305,0,0,0,0,0,174955,0
174569,-3454,7032,84,-544,802,-885,12352,83,67,-884,-184,37018,131,30,66,0,0,0,0,0,0,0,0,-32306,0,0,0,0,0,174961,0
174574,-3368,6976,66,-570,836,-880,12378,118,43,-883,-208,37018,131,30,66,0,0,0,0,0,0,0,0,-32305,0,0,0,0,0,174966,0
174579,-3282,6968,142,-603,871,-878,12398,87,15,-926,-232,37021,138,30,66,0,0,0,0,0,0,0,0,-32306,0,0,0,0,0,174972,0
174584,-3348,6890,226,-646,948,-872,12410,46,-24,-914,-232,37021,138,30,66,0,0,0,0,0,0,0,0,-32305,0,0,0,0,0,174977,0
174589,-3140,6798,280,-669,974,-895,12433,102,-25,-895,-192,37025,135,30,66,0,0,0,0,0,0,0,0,-32305,0,0,0,0,0,174983,0
174594,-2930,6852,272,-686,984,-913,12464,142,6,-975,-184,37025,135,30,66,0,0,0,0,0,0,0,0,-32306,0,0,0,0,0,174988,0
174599,-3016,6858,276,-695,1000,-915,12507,195,55,-1080,-184,37033,133,30,66,0,0,0,0,0,0,0,0,-32306,0,0,0,0,0,174994,0
174604,-3292,6804,316,-703,1018,-935,12562,251,129,-1207,-136,37033,133,30,66,0,0,0,0,0,0,0,0,-32306,0,0,0,0,0,174999,0
174609,-3346,6788,314,-700,1024,-952,12636,318,188,-1363,-120,37040,133,30,66,0,0,0,0,0,0,0,0,-32306,0,0,0,0,0,175005,0
174614,-3386,6782,322,-694,1031,-958,12704,370,199,-1557,-128,37040,133,30,66,0,0,0,0,0,0,0,0,-32306,0,0,0,0,0,175010,0
174619,-3466,6806,344,-692,1024,-967,12800,427,218,-1745,-120,37046,126,30,66,0,0,0,0,0,0,0,0,-32306,0,0,0,0,0,175016,0
174624,-3704,6828,434,-664,1000,-981,12905,469,206,-1922,-136,37046,126,30,66,0,0,0,0,0,0,0,0,-32305,0,0,0,0,0,175021,0
174629,-3838,6866,472,-644,979,-982,13015,489,171,-2084,-104,37040,120,30,66,0,0,0,0,0,0,0,0,-32304,0,0,0,0,0,175026,0
174634,-3978,6876,512,-625,960,-978,13128,491,129,-2252,-144,37040,120,30,66,0,0,0,0,0,0,0,0,-32304,0,0,0,0,0,175032,0
174639,-4034,6904,580,-603,936,-974,13243,503,81,-2381,-168,37033,123,30,66,0,0,0,0,0,0,0,0,-32305,0,0,0,0,0,175037,0
174644,-4118,6860,624,-552,886,-979,13362,525,52,-2511,-184,37033,123,30,66,0,0,0,0,0,0,0,0,-32307,0,0,0,0,0,175043,0
174649,-4098,6842,648,-527,863,-976,13485,542,42,-2655,-184,37022,114,30,66,0,0,0,0,0,0,0,0,-32306,0,0,0,0,0,175048,0
174654,-4090,6836,674,-497,831,-976,13601,515,23,-2812,-200,37022,114,30,66,0,0,0,0,0,0,0,0,-32306,0,0,0,0,0,175054,0
174659,-4090,6812,682,-472,813,-970,13717,506,9,-2903,-208,37019,118,30,66,0,0,0,0,0,0,0,0,-32304,0,0,0,0,0,175059,0
174664,-3642,6658,762,-412,743,-1043,13857,644,44,-1597,1520,37019,118,30,66,0,0,0,0,0,0,0,0,-32305,0,0,0,0,0,175065,0
174669,-2348,6828,724,-386,678,-1190,14173,1461,485,-4,3336,37019,122,30,66,0,0,0,0,0,0,0,0,-32306,0,0,0,0,0,175070,0
174674,-272,7304,344,-340,613,-1354,14656,2200,1174,-17,4784,37019,122,30,66,0,0,0,0,0,0,0,0,-32305,0,0,0,0,0,175076,0
174679,1354,8046,198,-310,562,-1479,15283,2820,1877,-13,5904,37020,130,30,66,0,0,0,0,0,0,0,0,-32305,0,0,0,0,0,175081,0
174684,1914,8896,114,-215,461,-1776,16038,3373,2264,-38,6872,37020,130,30,66,0,0,0,0,0,0,0,0,-32305,0,0,0,0,0,175087,0
174689,1310,9038,150,-175,414,-1906,16907,3873,2211,-87,7752,37016,146,30,66,0,0,0,0,0,0,0,0,-32305,0,0,0,0,0,175092,0
174694,320,8642,498,-137,375,-2014,17881,4319,1952,-166,8696,37016,146,30,66,0,0,0,0,0,0,0,0,-32305,0,0,0,0,0,175098,0
174699,-840,8294,542,-98,347,-2124,18958,4788,1761,-247,9648,37016,142,30,66,0,0,0,0,0,0,0,0,-32305,0,0,0,0,0,175103,0
174704,-2000,7770,920,-86,289,-2315,20158,5326,1694,-284,10760,37016,142,30,66,0,0,0,0,0,0,0,0,-32305,0,0,0,0,0,175108,0
174709,-2022,7852,744,-64,261,-2417,21477,5858,1714,-306,11744,37016,127,30,66,0,0,0,0,0,0,0,0,-32305,0,0,0,0,0,175114,0
174714,-1628,7996,520,-54,239,-2502,22891,6259,1717,-346,12504,37016,127,30,66,0,0,0,0,0,0,0,0,-32305,0,0,0,0,0,175120,0
174719,-1316,8342,324,-54,210,-2589,24388,6624,1650,-433,13264,37025,103,30,66,0,0,0,0,0,0,0,0,-32305,0,0,0,0,0,175125,0
174724,-872,8584,-18,-16,161,-2779,25960,6946,1484,-428,13696,37025,103,30,66,0,0,0,0,0,0,0,0,-32305,0,0,0,0,0,175131,0
174729,-834,8574,-142,14,134,-2862,27574,7110,1230,-469,13944,37039,81,30,66,0,0,0,0,0,0,0,0,-32305,0,0,0,0,0,175136,0
174734,-1310,8450,-166,44,109,-2933,29247,7390,1025,-527,14344,37039,81,30,66,0,0,0,0,0,0,0,0,-32306,0,0,0,0,0,175142,0
174739,-1868,8328,-56,60,74,-3010,30955,7526,856,-544,14568,37055,45,30,66,0,0,0,0,0,0,0,0,-32306,0,0,0,0,0,175147,0
174744,-2828,7980,178,73,-11,-3137,32695,7682,705,-696,15008,37055,45,30,66,0,0,0,0,0,0,0,0,-32305,0,0,0,0,0,175152,0
174749,-3172,8028,220,123,-54,-3190,34478,7848,633,-688,15240,37077,6,30,66,0,0,0,0,0,0,0,0,-32305,0,0,0,0,0,175158,0
174754,-3532,8152,246,125,-113,-3230,36291,8010,583,-737,15600,37077,6,30,66,0,0,0,0,0,0,0,0,-32305,0,0,0,0,0,175163,0
174759,-3528,8306,76,136,-149,-3285,38163,8263,585,-756,15992,37101,-46,30,66,0,0,0,0,0,0,0,0,-32305,0,0,0,0,0,175169,0
174764,-2878,8472,74,185,-243,-3385,40061,8356,628,-800,16192,37101,-46,30,66,0,0,0,0,0,0,0,0,-32305,0,0,0,0,0,175174,0
174769,-2512,8446,-46,206,-273,-3441,41995,8526,605,-872,16448,37126,-89,30,66,0,0,0,0,0,0,0,0,-32306,0,0,0,0,0,175180,0
174774,-2972,8696,-118,200,-308,-3477,43938,8553,524,-884,16424,37126,-89,30,66,0,0,0,0,0,0,0,0,-32306,0,0,0,0,0,175185,0
174779,-3160,8666,106,261,-363,-3525,45918,8740,443,-954,16712,37148,-122,30,66,0,0,0,0,0,0,0,0,-32305,0,0,0,0,0,175192,0
174784,-3564,8214,150,279,-433,-3596,47906,8735,356,-979,16608,37148,-122,30,66,0,0,0,0,0,0,0,0,-32305,0,0,0,0,0,175197,0
174789,-3734,7844,198,303,-487,-3647,49913,8843,327,-1099,16976,37179,-176,30,66,0,0,0,0,0,0,0,0,-32305,0,0,0,0,0,175203,0
174794,-3744,7696,480,280,-540,-3663,51924,8840,250,-1064,16880,37179,-176,30,66,0,0,0,0,0,0,0,0,-32305,0,0,0,0,0,175208,0
174799,-3892,7354,382,295,-583,-3666,53970,9026,262,-1119,17160,37203,-237,30,66,0,0,0,0,0,0,0,0,-32305,0,0,0,0,0,175214,0
174804,-4180,6826,606,319,-628,-3719,56032,9075,255,-1160,17408,37203,-237,30,66,0,0,0,0,0,0,0,0,-32306,0,0,0,0,0,175219,0
174809,-3732,6842,404,330,-652,-3735,58113,9175,318,-1313,17680,37233,-284,30,66,0,0,0,0,0,0,0,0,-32305,0,0,0,0,0,175225,0
174814,-3952,6832,334,300,-692,-3754,60208,9202,299,-1236,17656,37233,-284,30,66,0,0,0,0,0,0,0,0,-32305,0,0,0,0,0,175230,0
174819,-3864,6790,376,295,-723,-3752,62333,9378,321,-1280,17728,37257,-329,30,66,0,0,0,0,0,0,0,0,-32306,0,0,0,0,0,175235,0
174824,-3906,6670,344,324,-821,-3708,64460,9338,255,-1297,17792,37257,-329,30,66,0,0,0,0,0,0,0,0,-32305,0,0,0,0,0,175241,0
174829,-2924,6210,586,330,-898,-3590,66593,9392,236,-1427,17696,37281,-373,30,66,0,0,0,0,0,0,0,0,-32305,0,0,0,0,0,175246,0
174834,-3204,6856,1058,324,-1033,-3464,68703,9274,88,-1424,17560,37281,-373,30,66,0,0,0,0,0,0,0,0,-32305,0,0,0,0,0,175252,0
174839,-2698,6758,1262,315,-1118,-3264,70817,9296,5,-1456,17408,37307,-430,30,66,0,0,0,0,0,0,0,0,-32306,0,0,0,0,0,175257,0
174844,-1690,8076,1332,272,-1192,-2882,72889,9089,-174,-1510,16968,37307,-430,30,66,0,0,0,0,0,0,0,0,-32305,0,0,0,0,0,175262,0
174849,-1956,8006,1190,253,-1202,-2700,74926,8948,-292,-1548,16552,37326,-465,30,66,0,0,0,0,0,0,0,0,-32305,0,0,0,0,0,175268,0
174854,-1924,7552,1278,221,-1177,-2500,76909,8693,-473,-1527,15920,37326,-465,30,66,0,0,0,0,0,0,0,0,-32306,0,0,0,0,0,175274,0
174859,-3014,8036,1162,179,-1163,-2310,78864,8597,-566,-1600,15488,37341,-479,30,66,0,0,0,0,0,0,0,0,-32305,0,0,0,0,0,175279,0
174864,-3110,7394,858,138,-1118,-1918,80753,8271,-682,-1646,14912,37341,-479,30,66,0,0,0,0,0,0,0,0,-32305,0,0,0,0,0,175285,0
174869,-3796,7492,868,113,-1093,-1741,82592,8066,-713,-1750,14512,37349,-495,30,66,0,0,0,0,0,0,0,0,-32306,0,0,0,0,0,175290,0
174874,-4672,7276,646,83,-1064,-1553,84367,7776,-807,-1690,13872,37349,-495,30,66,0,0,0,0,0,0,0,0,-32304,0,0,0,0,0,175296,0
174879,-5256,6870,670,70,-1046,-1369,86101,7617,-821,-1753,13576,37354,-502,30,66,0,0,0,0,0,0,0,0,-32305,0,0,0,0,0,175301,0
174884,-6596,6656,608,43,-951,-1193,87802,7459,-786,-1759,13080,37354,-502,30,66,0,0,0,0,0,0,0,0,-32306,0,0,0,0,0,175307,0
174889,-7296,6478,798,-15,-914,-1172,89453,7248,-694,-1838,12992,37359,-490,30,66,0,0,0,0,0,0,0,0,-32307,0,0,0,0,0,175312,0
174894,-7820,6048,222,1,-852,-1190,91081,7151,-618,-1867,12792,37359,-490,30,66,0,0,0,0,0,0,0,0,-32306,0,0,0,0,0,175318,0
174899,-9096,5716,296,-44,-814,-1217,92679,7023,-531,-1834,12496,37357,-469,30,66,0,0,0,0,0,0,0,0,-32306,0,0,0,0,0,175323,0
174904,-9036,5030,302,-26,-807,-1144,94271,7003,-445,-1897,12448,37357,-469,30,66,0,0,0,0,0,0,0,0,-32306,0,0,0,0,0,175329,0
174909,-8872,5190,542,-12,-805,-1131,95863,6994,-285,-1805,12216,37351,-453,30,66,0,0,0,0,0,0,0,0,-32306,0,0,0,0,0,175334,0
174914,-8512,5272,438,13,-806,-1120,97422,6843,-222,-1950,12072,37351,-453,30,66,0,0,0,0,0,0,0,0,-32306,0,0,0,0,0,175340,0
174919,-7946,5428,-264,58,-793,-978,98959,6756,-241,-1920,11736,37348,-445,30,66,0,0,0,0,0,0,0,0,-32306,0,0,0,0,0,175345,0
174924,-6428,6958,68,115,-853,-576,100446,6503,-348,-1887,11016,37348,-445,30,66,0,0,0,0,0,0,0,0,-32306,0,0,0,0,0,175350,0
174929,-5536,7442,244,153,-820,-347,101864,6213,-567,-1967,10344,37346,-440,30,66,0,0,0,0,0,0,0,0,-32306,0,0,0,0,0,175356,0
174934,-5466,7820,122,184,-768,-127,103212,5898,-779,-1925,9392,37346,-440,30,66,0,0,0,0,0,0,0,0,-32305,0,0,0,0,0,175361,0
174939,-5552,8060,84,192,-713,45,104459,5443,-1011,-1989,8408,37339,-420,30,66,0,0,0,0,0,0,0,0,-32305,0,0,0,0,0,175367,0
174944,-5402,7680,-140,241,-577,552,105597,4952,-1263,-2048,7472,37339,-420,30,66,0,0,0,0,0,0,0,0,-32305,0,0,0,0,0,175372,0
174949,-5462,7382,-130,256,-500,836,106632,4512,-1437,-2037,6512,37319,-379,30,66,0,0,0,0,0,0,0,0,-32306,0,0,0,0,0,175378,0
174954,-5636,7254,-122,277,-434,1134,107567,4069,-1559,-2005,5480,37319,-379,30,66,0,0,0,0,0,0,0,0,-32304,0,0,0,0,0,175383,0
174959,-5562,6868,-204,309,-371,1460,108392,3583,-1605,-2013,4512,37289,-322,30,66,0,0,0,0,0,0,0,0,-32305,0,0,0,0,0,175388,0
174964,-5700,6440,-182,363,-269,2115,109108,3100,-1610,-2047,3496,37289,-322,30,66,0,0,0,0,0,0,0,0,-32305,0,0,0,0,0,175394,0
174969,-6090,6560,2,387,-221,2382,109717,2634,-1628,-2011,2528,37252,-243,30,66,0,0,0,0,0,0,0,0,-32305,0,0,0,0,0,175399,0
174974,-6244,6482,104,420,-171,2640,110222,2167,-1648,-1998,1536,37252,-243,30,66,0,0,0,0,0,0,0,0,-32306,0,0,0,0,0,175405,0
174979,-6232,6500,166,427,-97,2841,110617,1699,-1645,-1987,504,37210,-145,30,66,0,0,0,0,0,0,0,0,-32305,0,0,0,0,0,175411,0
174984,-7206,6072,278,441,-35,3176,110908,1227,-1637,-2100,128,37210,-145,30,66,0,0,0,0,0,0,0,0,-32306,0,0,0,0,0,175416,0
174989,-7700,5632,412,451,-7,3351,111082,719,-1655,-2262,-152,37163,-52,30,66,0,0,0,0,0,0,0,0,-32306,0,0,0,0,0,175422,0
174994,-7932,5126,362,454,40,3521,111151,262,-1665,-2237,-504,37163,-52,30,66,0,0,0,0,0,0,0,0,-32305,0,0,0,0,0,175427,0
174999,-8030,4836,534,457,59,3676,111140,-78,-1612,-1963,-840,37118,43,30,66,0,0,0,0,0,0,0,0,-32305,0,0,0,0,0,175432,0
175004,-8162,5070,640,453,107,3814,111102,-174,-1374,-1820,-1056,37118,43,30,66,0,0,0,0,0,0,0,0,-32305,0,0,0,0,0,175438,0
175009,-7770,5210,626,452,116,3882,111047,-257,-998,-1818,-1272,37072,112,30,66,0,0,0,0,0,0,0,0,-32305,0,0,0,0,0,175443,0
175014,-8030,5692,702,446,135,3893,110964,-379,-640,-1844,-1600,37072,112,30,66,0,0,0,0,0,0,0,0,-32306,0,0,0,0,0,175449,0
175019,-7774,5920,604,446,153,3903,110850,-518,-439,-1835,-1944,37038,161,30,66,0,0,0,0,0,0,0,0,-32306,0,0,0,0,0,175454,0
175024,-5730,5584,110,494,172,4279,110695,-703,-423,-1866,-2416,37038,161,30,66,0,0,0,0,0,0,0,0,-32306,0,0,0,0,0,175460,0
175029,-5486,6566,-174,512,180,4440,110486,-944,-538,-1868,-2872,36840,194,30,66,0,0,0,0,0,0,0,0,-32304,0,0,0,0,0,175466,0
175034,-5424,7458,470,480,175,4546,110214,-1241,-683,-1828,-3600,36840,194,30,66,0,0,0,0,0,0,0,0,-32305,0,0,0,0,0,175471,0
175039,-4780,7194,146,507,209,4686,109870,-1541,-834,-1811,-4224,36611,236,30,66,0,0,0,0,0,0,0,0,-32306,0,0,0,0,0,175477,0
175044,-4368,6548,158,516,259,5251,109455,-1856,-967,-1790,-4936,36611,236,30,66,0,0,0,0,0,0,0,0,-32305,0,0,0,0,0,175482,0
175049,-4262,7070,162,526,262,5457,108966,-2182,-1053,-1755,-5624,36377,295,30,66,0,0,0,0,0,0,0,0,-32305,0,0,0,0,0,175488,0
175054,-3890,7032,-232,533,271,5719,108399,-2533,-1111,-1750,-6464,36377,295,30,66,0,0,0,0,0,0,0,0,-32306,0,0,0,0,0,175493,0
175059,-3736,7244,254,534,274,5959,107745,-2913,-1165,-1752,-7168,36264,370,30,66,0,0,0,0,0,0,0,0,-32305,0,0,0,0,0,175499,0
175064,-3864,6924,562,517,299,6313,107005,-3304,-1230,-1721,-7992,36264,370,30,66,0,0,0,0,0,0,0,0,-32305,0,0,0,0,0,175504,0
175069,-4052,6900,484,507,306,6504,106176,-3681,-1293,-1708,-8720,36227,440,30,66,0,0,0,0,0,0,0,0,-32304,0,0,0,0,0,175510,0
175074,-3984,6840,556,515,299,6703,105270,-4024,-1311,-1645,-9520,36227,440,30,66,0,0,0,0,0,0,0,0,-32306,0,0,0,0,0,175515,0
175079,-4206,6548,480,497,292,6854,104289,-4354,-1275,-1593,-10168,36190,505,30,66,0,0,0,0,0,0,0,0,-32305,0,0,0,0,0,175521,0
175084,-3954,6374,552,492,250,7217,103225,-4722,-1241,-1589,-10832,36190,505,30,66,0,0,0,0,0,0,0,0,-32305,0,0,0,0,0,175526,0
175089,-3888,6348,670,493,238,7364,102082,-5067,-1214,-1562,-11528,36151,564,30,66,0,0,0,0,0,0,0,0,-32305,0,0,0,0,0,175532,0
175094,-3770,6306,640,501,221,7528,100879,-5321,-1171,-1500,-12040,36151,564,30,66,0,0,0,0,0,0,0,0,-32306,0,0,0,0,0,175537,0
175099,-3764,6348,590,466,203,7676,99618,-5581,-1098,-1440,-12624,36118,603,30,66,0,0,0,0,0,0,0,0,-32305,0,0,0,0,0,175543,0
175104,-3664,6420,584,470,173,7956,98285,-5901,-1035,-1441,-13328,36118,603,30,66,0,0,0,0,0,0,0,0,-32305,0,0,0,0,0,175548,0
175109,-3652,6568,682,452,171,8076,96887,-6173,-997,-1427,-13768,36090,651,30,66,0,0,0,0,0,0,0,0,-32306,0,0,0,0,0,175553,0
175114,-3588,6776,664,433,172,8197,95431,-6438,-981,-1302,-14392,36090,651,30,66,0,0,0,0,0,0,0,0,-32305,0,0,0,0,0,175559,0
175119,-3586,7056,648,406,165,8312,93895,-6794,-321,-1339,-15024,36069,685,30,66,0,0,0,0,0,0,0,0,-32306,0,0,0,0,0,175564,0
175124,-3506,7268,630,391,157,8525,92310,-6987,-632,-1295,-15472,36069,685,30,66,0,0,0,0,0,0,0,0,-32305,0,0,0,0,0,175570,0
175129,-3478,7486,650,373,164,8620,90667,-7262,-1238,-1198,-15984,36050,706,30,66,0,0,0,0,0,0,0,0,-32305,0,0,0,0,0,175575,0
175134,-3460,7624,538,357,170,8714,88961,-7521,-1236,-1227,-16536,36050,706,30,66,0,0,0,0,0,0,0,0,-32305,0,0,0,0,0,175581,0
175139,-3424,7654,474,350,163,8813,87208,-7734,-1536,-1113,-16912,36040,715,30,66,0,0,0,0,0,0,0,0,-32305,0,0,0,0,0,175586,0
175144,-3296,7894,454,342,160,8978,85394,-8007,-864,-1131,-17448,36040,715,30,66,0,0,0,0,0,0,0,0,-32305,0,0,0,0,0,175591,0
175149,-3426,8104,388,348,164,9067,83553,-8099,-821,-1062,-17688,36033,722,30,66,0,0,0,0,0,0,0,0,-32306,0,0,0,0,0,175597,0
175154,-3392,8290,338,359,156,9140,81668,-8326,-729,-990,-18080,36033,722,30,66,0,0,0,0,0,0,0,0,-32305,0,0,0,0,0,175602,0
175159,-3206,8344,396,352,152,9224,79752,-8435,-654,-966,-18280,36038,703,30,66,0,0,0,0,0,0,0,0,-32305,0,0,0,0,0,175608,0
175164,-3086,8672,222,340,159,9361,77785,-8683,-605,-885,-18712,36038,703,30,66,0,0,0,0,0,0,0,0,-32305,0,0,0,0,0,175614,0
175169,-2918,8458,254,354,172,9432,75797,-8738,-577,-895,-18792,36042,683,30,66,0,0,0,0,0,0,0,0,-32306,0,0,0,0,0,175619,0
175174,-2590,8524,188,348,212,9481,73773,-8922,-568,-799,-19112,36042,683,30,66,0,0,0,0,0,0,0,0,-32305,0,0,0,0,0,175624,0
175179,-2728,8784,204,350,232,9530,71723,-9023,-509,-809,-19184,36055,651,30,66,0,0,0,0,0,0,0,0,-32306,0,0,0,0,0,175630,0
175184,-2382,8584,94,350,260,9602,69640,-9197,-493,-722,-19576,36055,651,30,66,0,0,0,0,0,0,0,0,-32305,0,0,0,0,0,175635,0
175189,-2272,8590,180,396,297,9625,67546,-9209,-427,-724,-19536,36066,638,30,66,0,0,0,0,0,0,0,0,-32306,0,0,0,0,0,175641,0
175194,-1996,8636,168,412,281,9635,65433,-9311,-386,-617,-19664,36066,638,30,66,0,0,0,0,0,0,0,0,-32305,0,0,0,0,0,175646,0
175199,-1788,8720,154,412,300,9612,63307,-9354,-315,-592,-19760,36082,610,30,66,0,0,0,0,0,0,0,0,-32305,0,0,0,0,0,175652,0
175204,-1366,8840,222,420,343,9565,61146,-9535,-299,-540,-20080,36082,610,30,66,0,0,0,0,0,0,0,0,-32305,0,0,0,0,0,175657,0
175209,-1382,8918,180,432,382,9531,58989,-9479,-264,-517,-19960,36106,566,30,66,0,0,0,0,0,0,0,0,-32305,0,0,0,0,0,175663,0
175214,-1506,8882,120,423,385,9521,56810,-9593,-277,-456,-19992,36106,566,30,66,0,0,0,0,0,0,0,0,-32305,0,0,0,0,0,175668,0
175219,-1352,8850,122,426,423,9506,54632,-9580,-203,-456,-19992,36126,523,30,66,0,0,0,0,0,0,0,0,-32305,0,0,0,0,0,175673,0
175224,-1112,8916,150,393,476,9499,52441,-9645,-184,-360,-19960,36126,523,30,66,0,0,0,0,0,0,0,0,-32305,0,0,0,0,0,175679,0
175229,-958,8960,116,438,505,9465,50276,-9511,-61,-363,-19704,36148,482,30,66,0,0,0,0,0,0,0,0,-32305,0,0,0,0,0,175685,0
175234,-736,9160,142,469,505,9438,48106,-9547,-24,-316,-19656,36148,482,30,66,0,0,0,0,0,0,0,0,-32305,0,0,0,0,0,175691,0
175239,-504,9264,132,448,550,9403,45951,-9476,85,-250,-19584,36162,436,30,66,0,0,0,0,0,0,0,0,-32305,0,0,0,0,0,175696,0
175244,-246,9522,72,442,593,9307,43791,-9496,74,-209,-19456,36162,436,30,66,0,0,0,0,0,0,0,0,-32304,0,0,0,0,0,175701,0
175249,-244,9606,74,448,597,9239,41659,-9380,132,-172,-19192,36188,397,30,66,0,0,0,0,0,0,0,0,-32305,0,0,0,0,0,175707,0
175254,-162,9638,64,440,637,9180,39531,-9349,110,-146,-19040,36188,397,30,66,0,0,0,0,0,0,0,0,-32305,0,0,0,0,0,175712,0
175259,46,9576,124,443,664,9106,37418,-9291,175,-69,-19008,36214,349,30,66,0,0,0,0,0,0,0,0,-32305,0,0,0,0,0,175718,0
175264,150,9558,80,481,706,8956,35326,-9181,195,-50,-18512,36214,349,30,66,0,0,0,0,0,0,0,0,-32306,0,0,0,0,0,175723,0
175269,276,9428,106,489,703,8880,33274,-9022,278,-33,-18192,36242,312,30,66,0,0,0,0,0,0,0,0,-32305,0,0,0,0,0,175729,0
175274,300,9462,184,525,698,8791,31238,-8945,320,2,-17904,36242,312,30,66,0,0,0,0,0,0,0,0,-32305,0,0,0,0,0,175734,0
175279,378,9316,100,500,706,8715,29231,-8831,393,93,-17776,36271,267,30,66,0,0,0,0,0,0,0,0,-32305,0,0,0,0,0,175739,0
175284,758,9130,114,532,716,8504,27248,-8704,386,60,-17344,36271,267,30,66,0,0,0,0,0,0,0,0,-32305,0,0,0,0,0,175745,0
175289,850,8886,104,562,723,8382,25307,-8532,418,158,-17024,36297,228,30,66,0,0,0,0,0,0,0,0,-32305,0,0,0,0,0,175750,0
175294,970,8790,178,545,736,8266,23388,-8428,429,138,-16600,36297,228,30,66,0,0,0,0,0,0,0,0,-32305,0,0,0,0,0,175756,0
175299,1046,8652,34,583,727,8139,21506,-8272,470,194,-16344,36320,190,30,66,0,0,0,0,0,0,0,0,-32306,0,0,0,0,0,175761,0
175304,1296,8426,138,623,729,7860,19650,-8143,471,233,-15760,36320,190,30,66,0,0,0,0,0,0,0,0,-32306,0,0,0,0,0,175767,0
175309,1558,8332,92,643,725,7707,17861,-7837,521,367,-15056,36352,153,30,66,0,0,0,0,0,0,0,0,-32306,0,0,0,0,0,175772,0
175314,1570,8298,96,628,720,7550,16115,-7665,607,462,-14600,36352,153,30,66,0,0,0,0,0,0,0,0,-32305,0,0,0,0,0,175778,0
175319,1610,8236,162,657,714,7380,14431,-7382,723,509,-13840,36388,93,30,66,0,0,0,0,0,0,0,0,-32305,0,0,0,0,0,175783,0
175324,8718,4408,668,920,146,5641,12802,-7155,807,569,-13312,36388,93,30,66,0,0,0,0,0,0,0,0,-32305,0,0,0,0,0,175789,0
175329,29372,9322,-748,710,748,3949,11293,-6569,929,431,-11224,36423,43,30,66,0,0,0,0,0,0,0,0,-32305,0,0,0,0,0,175794,0
175334,19292,9650,2540,655,1168,2362,10169,-4720,1585,82,-5648,36423,43,30,66,0,0,0,0,0,0,0,0,-32305,0,0,0,0,0,175800,0
175339,-5712,10770,2784,766,1372,1758,9722,-1633,3387,55,1664,36419,69,30,66,0,0,0,0,0,0,0,0,-32306,0,0,0,0,0,175805,0
175344,-7864,8094,-1660,822,976,3022,10044,1751,6106,421,7128,36419,69,30,66,0,0,0,0,0,0,0,0,-32307,0,0,0,0,0,175810,0
175349,1514,6784,-592,624,957,2590,10898,3936,8528,494,10056,36391,111,30,66,0,0,0,0,0,0,0,0,-32306,0,0,0,0,0,175816,0
175354,3798,6022,-5408,785,1034,1940,12004,4942,9143,486,10432,36391,111,30,66,0,0,0,0,0,0,0,0,-32305,0,0,0,0,0,175821,0
175359,360,5744,944,608,1053,1429,13177,5164,7513,182,9624,36340,202,30,66,0,0,0,0,0,0,0,0,-32305,0,0,0,0,0,175827,0
175364,-274,5134,1362,795,453,1149,14311,4961,4597,-206,8736,36340,202,30,66,0,0,0,0,0,0,0,0,-32305,0,0,0,0,0,175832,0
175369,3852,7460,114,781,425,538,15353,4538,1794,-393,7472,36338,187,30,66,0,0,0,0,0,0,0,0,-32305,0,0,0,0,0,175838,0
175374,5348,7196,-236,751,415,-266,16253,3890,-112,-394,5736,36338,187,30,66,0,0,0,0,0,0,0,0,-32306,0,0,0,0,0,175843,0
175379,3988,6862,-20,733,499,-859,16996,3199,-1261,-447,4200,36350,147,30,66,0,0,0,0,0,0,0,0,-32306,0,0,0,0,0,175849,0
175384,-2578,8574,406,857,477,-1394,17616,2674,-1859,-563,3360,36350,147,30,66,0,0,0,0,0,0,0,0,-32306,0,0,0,0,0,175855,0
175389,-2616,7972,724,803,465,-1305,18154,2337,-2000,-585,2880,36384,96,30,66,0,0,0,0,0,0,0,0,-32305,0,0,0,0,0,175860,0
175394,-1988,5814,-184,806,447,-1169,18638,2106,-1785,-526,2504,36384,96,30,66,0,0,0,0,0,0,0,0,-32306,0,0,0,0,0,175865,0
175399,-1454,7242,1988,657,439,-1302,19077,1910,-1369,-478,2144,36398,81,30,66,0,0,0,0,0,0,0,0,-32306,0,0,0,0,0,175871,0
175404,-1994,5946,832,731,323,-940,19483,1772,-971,-476,1944,36398,81,30,66,0,0,0,0,0,0,0,0,-32305,0,0,0,0,0,175876,0
175409,-1928,5274,1010,729,287,-804,19870,1703,-692,-489,1880,36399,89,30,66,0,0,0,0,0,0,0,0,-32305,0,0,0,0,0,175882,0
175414,856,6218,924,717,226,-482,20248,1660,-488,-469,1752,36399,89,30,66,0,0,0,0,0,0,0,0,-32305,0,0,0,0,0,175887,0
175419,670,6706,676,724,241,-444,20610,1590,-341,-452,1544,36398,99,30,66,0,0,0,0,0,0,0,0,-32306,0,0,0,0,0,175893,0
175424,1494,8074,636,679,230,-428,20945,1457,-267,-455,1208,36398,99,30,66,0,0,0,0,0,0,0,0,-32305,0,0,0,0,0,175898,0
175429,2132,8264,840,656,207,-426,21243,1294,-296,-470,840,36397,94,30,66,0,0,0,0,0,0,0,0,-32305,0,0,0,0,0,175904,0
175434,2008,7944,742,647,201,-544,21505,1126,-392,-483,488,36397,94,30,66,0,0,0,0,0,0,0,0,-32305,0,0,0,0,0,175910,0
175439,2262,7552,668,642,193,-591,21729,965,-495,-485,248,36394,99,30,66,0,0,0,0,0,0,0,0,-32305,0,0,0,0,0,175915,0
175444,1610,6954,410,612,198,-578,21917,805,-555,-546,128,36394,99,30,66,0,0,0,0,0,0,0,0,-32305,0,0,0,0,0,175921,0
175449,1052,6408,494,581,190,-526,22074,679,-555,-560,72,36390,106,30,66,0,0,0,0,0,0,0,0,-32306,0,0,0,0,0,175926,0
175454,608,6068,404,571,184,-395,22212,597,-511,-535,64,36390,106,30,66,0,0,0,0,0,0,0,0,-32305,0,0,0,0,0,175931,0
175459,686,6226,676,563,173,-257,22331,517,-437,-514,24,36388,109,30,66,0,0,0,0,0,0,0,0,-32305,0,0,0,0,0,175937,0
175464,1636,6318,442,536,195,-82,22432,433,-357,-524,-40,36388,109,30,66,0,0,0,0,0,0,0,0,-32305,0,0,0,0,0,175942,0
175469,1936,6586,468,512,223,-60,22504,305,-321,-516,-72,36384,118,30,66,0,0,0,0,0,0,0,0,-32305,0,0,0,0,0,175948,0
175474,2046,6684,424,503,263,-60,22547,173,-336,-488,-112,36384,118,30,66,0,0,0,0,0,0,0,0,-32305,0,0,0,0,0,175954,0
175479,1926,6762,482,486,294,-70,22554,16,-403,-444,-144,36382,125,30,66,0,0,0,0,0,0,0,0,-32306,0,0,0,0,0,175959,0
175484,1724,6700,448,452,364,-62,22542,-54,-434,-399,-176,36382,125,30,66,0,0,0,0,0,0,0,0,-32305,0,0,0,0,0,175965,0
175489,1774,6528,388,439,392,-52,22524,-84,-405,-394,-192,36379,126,30,66,0,0,0,0,0,0,0,0,-32305,0,0,0,0,0,175970,0
175494,1922,6428,336,418,426,-57,22511,-52,-286,-404,-152,36379,126,30,66,0,0,0,0,0,0,0,0,-32305,0,0,0,0,0,175976,0
175499,2090,6384,320,406,442,-70,22508,-4,-122,-415,-128,36376,137,30,66,0,0,0,0,0,0,0,0,-32305,0,0,0,0,0,175981,0
175504,2290,6528,298,370,467,-120,22509,2,16,-408,-128,36376,137,30,66,0,0,0,0,0,0,0,0,-32306,0,0,0,0,0,175987,0
175509,2232,6520,166,378,481,-158,22510,1,64,-404,-120,36374,142,30,66,0,0,0,0,0,0,0,0,-32305,0,0,0,0,0,175992,0
175514,2134,6610,162,373,472,-200,22508,-6,67,-404,-128,36374,142,30,66,0,0,0,0,0,0,0,0,-32306,0,0,0,0,0,175998,0
175519,2150,6640,104,369,472,-225,22510,-7,25,-407,-136,36375,140,30,66,0,0,0,0,0,0,0,0,-32306,0,0,0,0,0,176003,0
175524,2328,6572,0,370,445,-275,22509,1,-1,-406,-128,36375,140,30,66,0,0,0,0,0,0,0,0,-32305,0,0,0,0,0,176009,0
175529,2478,6538,-32,377,437,-290,22511,1,4,-404,-120,36376,143,30,66,0,0,0,0,0,0,0,0,-32305,0,0,0,0,0,176014,0
175534,2564,6608,-32,382,420,-305,22511,8,2,-404,-128,36376,143,30,66,0,0,0,0,0,0,0,0,-32305,0,0,0,0,0,176020,0
175539,2642,6706,-38,391,400,-326,22513,1,8,-406,-128,36377,138,30,66,0,0,0,0,0,0,0,0,-32305,0,0,0,0,0,176025,0
175544,2706,6936,-62,408,361,-343,22513,0,10,-407,-128,36377,138,30,66,0,0,0,0,0,0,0,0,-32305,0,0,0,0,0,176031,0
175549,2798,7012,-58,421,347,-362,22514,0,0,-407,-128,36373,133,30,66,0,0,0,0,0,0,0,0,-32305,0,0,0,0,0,176036,0
175554,2902,7126,-80,431,327,-368,22515,6,-1,-406,-120,36373,133,30,66,0,0,0,0,0,0,0,0,-32305,0,0,0,0,0,176042,0
175559,3044,7236,-54,447,309,-387,22514,0,-4,-407,-128,36376,139,30,66,0,0,0,0,0,0,0,0,-32305,0,0,0,0,0,176047,0
175564,3194,7374,-26,474,292,-439,22515,2,-1,-407,-120,36376,139,30,66,0,0,0,0,0,0,0,0,-32306,0,0,0,0,0,176052,0
175569,3228,7396,10,494,289,-460,22515,4,-2,-406,-128,36378,135,30,66,0,0,0,0,0,0,0,0,-32305,0,0,0,0,0,176058,0
175574,3288,7422,48,496,282,-483,22516,4,2,-406,-120,36378,135,30,66,0,0,0,0,0,0,0,0,-32305,0,0,0,0,0,176063,0
175579,3360,7398,60,515,280,-502,22516,9,2,-405,-120,36381,129,30,66,0,0,0,0,0,0,0,0,-32305,0,0,0,0,0,176069,0
175584,3514,7418,70,539,282,-549,22518,14,3,-405,-128,36381,129,30,66,0,0,0,0,0,0,0,0,-32305,0,0,0,0,0,176075,0
175589,3584,7458,72,543,284,-570,22516,0,0,-407,-128,36379,136,30,66,0,0,0,0,0,0,0,0,-32305,0,0,0,0,0,176080,0
175594,3634,7404,102,555,288,-592,22517,0,1,-406,-120,36379,136,30,66,0,0,0,0,0,0,0,0,-32305,0,0,0,0,0,176086,0
175599,3686,7386,148,553,295,-603,22517,-1,1,-405,-120,36378,136,30,66,0,0,0,0,0,0,0,0,-32305,0,0,0,0,0,176091,0
175604,3768,7366,204,551,304,-629,22518,1,0,-404,-120,36378,136,30,66,0,0,0,0,0,0,0,0,-32305,0,0,0,0,0,176097,0
175609,3826,7388,198,547,310,-642,22518,-2,-1,-405,-120,36375,143,30,66,0,0,0,0,0,0,0,0,-32305,0,0,0,0,0,176102,0
175614,3848,7420,222,542,309,-649,22521,7,4,-405,-120,36375,143,30,66,0,0,0,0,0,0,0,0,-32306,0,0,0,0,0,176108,0
175619,3888,7472,194,533,318,-652,22520,1,1,-406,-120,36380,138,30,66,0,0,0,0,0,0,0,0,-32305,0,0,0,0,0,176113,0
175624,3888,7466,220,514,313,-661,22521,4,2,-406,-120,36380,138,30,66,0,0,0,0,0,0,0,0,-32305,0,0,0,0,0,176119,0
175629,3896,7516,208,504,294,-658,22522,-1,0,-407,-120,36381,131,30,66,0,0,0,0,0,0,0,0,-32305,0,0,0,0,0,176125,0
175634,3940,7514,174,495,291,-653,22524,11,6,-406,-128,36381,131,30,66,0,0,0,0,0,0,0,0,-32305,0,0,0,0,0,176130,0
175639,3984,7586,204,480,272,-647,22525,0,1,-408,-120,36380,133,30,66,0,0,0,0,0,0,0,0,-32305,0,0,0,0,0,176136,0
175644,4096,7612,188,470,251,-627,22525,0,4,-408,-128,36380,133,30,66,0,0,0,0,0,0,0,0,-32305,0,0,0,0,0,176141,0
175649,4136,7606,192,455,238,-616,22525,2,-1,-406,-120,36378,129,30,66,0,0,0,0,0,0,0,0,-32305,0,0,0,0,0,176147,0
175654,4176,7632,208,447,226,-603,22528,8,2,-407,-128,36378,129,30,66,0,0,0,0,0,0,0,0,-32305,0,0,0,0,0,176152,0
175659,4226,7672,210,443,215,-586,22528,7,0,-407,-120,36376,121,30,66,0,0,0,0,0,0,0,0,-32306,0,0,0,0,0,176157,0
175664,4350,7772,226,425,212,-550,22528,1,3,-408,-120,36376,121,30,66,0,0,0,0,0,0,0,0,-32306,0,0,0,0,0,176163,0
175669,4344,7736,240,423,210,-528,22530,9,-2,-407,-128,36377,128,30,66,0,0,0,0,0,0,0,0,-32305,0,0,0,0,0,176169,0
175674,4326,7704,212,411,202,-502,22529,0,-4,-405,-120,36377,128,30,66,0,0,0,0,0,0,0,0,-32305,0,0,0,0,0,176174,0
175679,4348,7678,218,412,197,-490,22530,-3,3,-405,-120,36377,129,30,66,0,0,0,0,0,0,0,0,-32305,0,0,0,0,0,176180,0
175684,4354,7642,206,406,189,-451,22529,-1,-3,-406,-120,36377,129,30,66,0,0,0,0,0,0,0,0,-32305,0,0,0,0,0,176185,0
175689,4322,7586,240,399,194,-442,22530,5,-2,-407,-128,36376,132,30,66,0,0,0,0,0,0,0,0,-32305,0,0,0,0,0,176191,0
175694,4326,7574,232,395,193,-427,22530,1,0,-408,-128,36376,132,30,66,0,0,0,0,0,0,0,0,-32305,0,0,0,0,0,176196,0
175699,4278,7530,220,386,194,-418,22529,-1,1,-406,-128,36375,137,30,66,0,0,0,0,0,0,0,0,-32305,0,0,0,0,0,176202,0
175704,4246,7474,216,384,211,-404,22529,-2,1,-406,-128,36375,137,30,66,0,0,0,0,0,0,0,0,-32305,0,0,0,0,0,176207,0
175709,4240,7474,208,375,209,-395,22529,-3,0,-406,-120,36376,139,30,66,0,0,0,0,0,0,0,0,-32305,0,0,0,0,0,176213,0
175714,4242,7486,210,382,220,-389,22530,0,-1,-406,-128,36376,139,30,66,0,0,0,0,0,0,0,0,-32305,0,0,0,0,0,176218,0
175719,4250,7502,200,373,234,-386,22528,-4,-1,-407,-128,36375,134,30,66,0,0,0,0,0,0,0,0,-32305,0,0,0,0,0,176224,0
175724,4266,7524,182,366,254,-382,22528,-3,-5,-407,-128,36375,134,30,66,0,0,0,0,0,0,0,0,-32305,0,0,0,0,0,176229,0
175729,4242,7506,210,371,268,-376,22529,-5,0,-406,-120,36380,136,30,66,0,0,0,0,0,0,0,0,-32305,0,0,0,0,0,176235,0
175734,4246,7556,204,364,284,-374,22529,1,-1,-407,-128,36380,136,30,66,0,0,0,0,0,0,0,0,-32305,0,0,0,0,0,176240,0
175739,4272,7594,192,358,301,-370,22529,0,-1,-407,-128,36382,133,30,66,0,0,0,0,0,0,0,0,-32305,0,0,0,0,0,176246,0
175744,4236,7640,204,356,329,-358,22530,-1,-1,-407,-128,36382,133,30,66,0,0,0,0,0,0,0,0,-32305,0,0,0,0,0,176251,0
175749,4256,7582,188,351,335,-352,22529,0,-1,-407,-120,36383,129,30,66,0,0,0,0,0,0,0,0,-32305,0,0,0,0,0,176257,0
175754,4192,7648,212,349,341,-348,22529,0,-2,-407,-128,36383,129,30,66,0,0,0,0,0,0,0,0,-32305,0,0,0,0,0,176262,0
175759,4194,7640,200,339,342,-338,22529,0,0,-407,-128,36375,129,30,66,0,0,0,0,0,0,0,0,-32305,0,0,0,0,0,176268,0
175764,4228,7556,220,338,349,-329,22530,1,3,-407,-128,36375,129,30,66,0,0,0,0,0,0,0,0,-32305,0,0,0,0,0,176274,0
175769,4180,7554,262,333,345,-320,22529,-5,0,-406,-128,36374,121,30,66,0,0,0,0,0,0,0,0,-32305,0,0,0,0,0,176279,0
175774,4192,7482,232,325,353,-318,22529,0,-2,-406,-128,36374,121,30,66,0,0,0,0,0,0,0,0,-32305,0,0,0,0,0,176284,0
175779,4126,7416,262,324,360,-306,22530,1,-1,-405,-128,36375,130,30,66,0,0,0,0,0,0,0,0,-32305,0,0,0,0,0,176291,0
175784,4046,7322,230,321,356,-286,22530,-2,5,-406,-128,36375,130,30,66,0,0,0,0,0,0,0,0,-32305,0,0,0,0,0,176296,0
175789,4024,7260,246,306,355,-278,22529,0,-1,-408,-120,36376,134,30,66,0,0,0,0,0,0,0,0,-32305,0,0,0,0,0,176302,0
175794,4000,7224,228,308,350,-268,22529,1,-1,-407,-128,36376,134,30,66,0,0,0,0,0,0,0,0,-32305,0,0,0,0,0,176307,0
175799,3978,7166,222,303,352,-258,22528,-7,-5,-406,-128,36377,134,30,66,0,0,0,0,0,0,0,0,-32305,0,0,0,0,0,176313,0
175804,3902,7124,186,295,349,-245,22530,1,0,-406,-128,36377,134,30,66,0,0,0,0,0,0,0,0,-32305,0,0,0,0,0,176318,0
175809,3860,7086,184,300,339,-237,22530,4,-1,-407,-120,36376,138,30,66,0,0,0,0,0,0,0,0,-32306,0,0,0,0,0,176324,0
175814,3842,7100,186,298,335,-225,22530,0,3,-407,-120,36376,138,30,66,0,0,0,0,0,0,0,0,-32305,0,0,0,0,0,176330,0
175819,3834,7120,178,292,330,-221,22529,1,-3,-405,-128,36381,134,30,66,0,0,0,0,0,0,0,0,-32305,0,0,0,0,0,176335,0
175824,3820,7246,142,290,315,-215,22529,0,-1,-405,-120,36381,134,30,66,0,0,0,0,0,0,0,0,-32305,0,0,0,0,0,176340,0
175829,3794,7272,142,294,313,-207,22529,-1,1,-407,-128,36384,138,30,66,0,0,0,0,0,0,0,0,-32305,0,0,0,0,0,176346,0
175834,3764,7316,126,287,308,-199,22529,-1,0,-405,-128,36384,138,30,66,0,0,0,0,0,0,0,0,-32305,0,0,0,0,0,176351,0
175839,3772,7360,116,295,300,-188,22529,-3,-1,-407,-128,36387,145,30,66,0,0,0,0,0,0,0,0,-32305,0,0,0,0,0,176357,0
175844,3746,7408,114,291,284,-166,22529,0,-2,-406,-120,36387,145,30,66,0,0,0,0,0,0,0,0,-32305,0,0,0,0,0,176362,0
175849,3784,7390,96,289,267,-154,22530,3,1,-405,-128,36385,136,30,66,0,0,0,0,0,0,0,0,-32305,0,0,0,0,0,176368,0
175854,3760,7376,120,295,254,-143,22529,8,-4,-407,-128,36385,136,30,66,0,0,0,0,0,0,0,0,-32305,0,0,0,0,0,176373,0
175859,3772,7382,88,297,246,-126,22529,3,2,-406,-128,36383,138,30,66,0,0,0,0,0,0,0,0,-32305,0,0,0,0,0,176379,0
175864,3702,7334,114,298,229,-105,22530,0,0,-406,-128,36383,138,30,66,0,0,0,0,0,0,0,0,-32305,0,0,0,0,0,176384,0
175869,3720,7284,114,304,222,-92,22529,-2,1,-406,-128,36376,129,30,66,0,0,0,0,0,0,0,0,-32305,0,0,0,0,0,176390,0
175874,3720,7222,86,301,211,-80,22528,-8,-5,-405,-128,36376,129,30,66,0,0,0,0,0,0,0,0,-32305,0,0,0,0,0,176395,0
175879,3668,7136,102,301,204,-69,22528,-4,-4,-406,-128,36388,120,30,66,0,0,0,0,0,0,0,0,-32306,0,0,0,0,0,176401,0
175884,3606,6988,92,307,185,-46,22529,4,-2,-407,-128,36388,120,30,66,0,0,0,0,0,0,0,0,-32306,0,0,0,0,0,176406,0
175889,3586,6956,96,305,175,-36,22529,-1,1,-407,-128,36391,126,30,66,0,0,0,0,0,0,0,0,-32305,0,0,0,0,0,176412,0
175894,3582,6932,80,310,160,-37,22531,3,5,-406,-128,36391,126,30,66,0,0,0,0,0,0,0,0,-32305,0,0,0,0,0,176418,0
175899,3570,6914,48,307,152,-33,22528,-2,-2,-406,-128,36390,129,30,66,0,0,0,0,0,0,0,0,-32306,0,0,0,0,0,176423,0
175904,3556,6920,76,313,138,-41,22529,-5,-1,-407,-128,36390,129,30,66,0,0,0,0,0,0,0,0,-32305,0,0,0,0,0,176429,0
175909,3548,6956,54,318,124,-40,22529,-1,1,-407,-120,36379,129,30,66,0,0,0,0,0,0,0,0,-32305,0,0,0,0,0,176434,0
175914,3514,6926,58,318,106,-35,22530,3,2,-407,-120,36379,129,30,66,0,0,0,0,0,0,0,0,-32305,0,0,0,0,0,176440,0
175919,3506,6950,80,326,97,-32,22530,6,-1,-407,-128,36373,132,30,66,0,0,0,0,0,0,0,0,-32306,0,0,0,0,0,176445,0
175924,3574,7040,98,333,73,-24,22529,0,1,-404,-128,36373,132,30,66,0,0,0,0,0,0,0,0,-32305,0,0,0,0,0,176451,0
175929,3646,7064,104,336,61,-24,22530,-1,2,-404,-128,36376,138,30,66,0,0,0,0,0,0,0,0,-32305,0,0,0,0,0,176456,0
175934,3680,7132,82,344,42,-24,22529,1,-3,-406,-128,36376,138,30,66,0,0,0,0,0,0,0,0,-32306,0,0,0,0,0,176462,0
175939,3758,7138,102,346,35,-20,22530,5,3,-408,-128,36383,131,30,66,0,0,0,0,0,0,0,0,-32306,0,0,0,0,0,176467,0
175944,3796,7100,118,355,12,-7,22529,-3,0,-407,-128,36383,131,30,66,0,0,0,0,0,0,0,0,-32305,0,0,0,0,0,176473,0
175949,3854,7112,114,361,3,7,22530,3,5,-407,-120,36382,128,30,66,0,0,0,0,0,0,0,0,-32305,0,0,0,0,0,176478,0
175954,3886,7114,124,373,4,17,22529,0,1,-407,-128,36382,128,30,66,0,0,0,0,0,0,0,0,-32305,0,0,0,0,0,176483,0
175959,3948,7150,134,373,-4,34,22527,0,-2,-405,-120,36382,129,30,66,0,0,0,0,0,0,0,0,-32305,0,0,0,0,0,176489,0
175964,4018,7140,142,375,-8,61,22529,1,2,-407,-128,36382,129,30,66,0,0,0,0,0,0,0,0,-32305,0,0,0,0,0,176495,0
175969,4006,7140,142,384,-6,83,22529,8,4,-407,-128,36375,139,30,66,0,0,0,0,0,0,0,0,-32305,0,0,0,0,0,176500,0
175974,4036,7152,162,382,-13,85,22530,2,2,-406,-128,36375,139,30,66,0,0,0,0,0,0,0,0,-32306,0,0,0,0,0,176506,0
175979,4046,7184,132,386,-19,103,22530,0,5,-405,-120,36376,138,30,66,0,0,0,0,0,0,0,0,-32305,0,0,0,0,0,176511,0
175984,4100,7290,130,386,-22,124,22530,2,1,-405,-128,36376,138,30,66,0,0,0,0,0,0,0,0,-32305,0,0,0,0,0,176517,0
175989,4184,7358,116,385,-21,133,22530,2,2,-408,-128,36377,129,30,66,0,0,0,0,0,0,0,0,-32306,0,0,0,0,0,176522,0
175994,4250,7390,150,387,-17,137,22531,1,5,-408,-128,36377,129,30,66,0,0,0,0,0,0,0,0,-32305,0,0,0,0,0,176527,0
175999,4320,7438,150,388,-14,146,22528,3,-2,-406,-128,36378,133,30,66,0,0,0,0,0,0,0,0,-32305,0,0,0,0,0,176533,0
176004,4522,7626,160,398,-10,163,22529,3,-4,-406,-128,36378,133,30,66,0,0,0,0,0,0,0,0,-32305,0,0,0,0,0,176538,0
176009,4638,7768,166,400,-9,176,22530,1,1,-407,-120,36377,141,30,66,0,0,0,0,0,0,0,0,-32306,0,0,0,0,0,176544,0
176014,4756,7828,164,406,3,189,22530,0,5,-405,-120,36377,141,30,66,0,0,0,0,0,0,0,0,-32305,0,0,0,0,0,176549,0
176019,4872,7878,182,416,5,201,22532,5,2,-406,-128,36374,131,30,66,0,0,0,0,0,0,0,0,-32306,0,0,0,0,0,176555,0
176024,5094,7896,246,434,21,243,22535,12,6,-406,-128,36374,131,30,66,0,0,0,0,0,0,0,0,-32306,0,0,0,0,0,176561,0
176029,5270,8008,206,452,25,261,22538,14,13,-405,-120,36372,135,30,66,0,0,0,0,0,0,0,0,-32305,0,0,0,0,0,176566,0
176034,5382,8062,256,464,47,289,22542,16,14,-408,-120,36372,135,30,66,0,0,0,0,0,0,0,0,-32305,0,0,0,0,0,176572,0
176039,5472,8092,280,478,53,310,22549,31,20,-413,-104,36376,138,30,66,0,0,0,0,0,0,0,0,-32305,0,0,0,0,0,176577,0
176044,5788,8142,344,498,89,361,22562,52,26,-416,-88,36376,138,30,66,0,0,0,0,0,0,0,0,-32305,0,0,0,0,0,176583,0
176049,5912,8156,374,516,107,381,22588,121,68,-419,-64,36378,134,30,66,0,0,0,0,0,0,0,0,-32306,0,0,0,0,0,176588,0
176054,6038,8148,392,526,137,395,22623,150,109,-418,-48,36378,134,30,66,0,0,0,0,0,0,0,0,-32305,0,0,0,0,0,176594,0
176059,6076,8188,450,537,163,408,22666,199,137,-420,-32,36379,141,30,66,0,0,0,0,0,0,0,0,-32306,0,0,0,0,0,176599,0
176064,6206,8204,546,554,223,435,22722,254,154,-421,0,36379,141,30,66,0,0,0,0,0,0,0,0,-32305,0,0,0,0,0,176605,0
176069,6262,8146,642,561,258,442,22792,306,176,-422,24,36380,123,30,66,0,0,0,0,0,0,0,0,-32305,0,0,0,0,0,176610,0
176074,6362,8112,658,570,284,458,22875,371,177,-427,48,36380,123,30,66,0,0,0,0,0,0,0,0,-32305,0,0,0,0,0,176616,0
176079,6492,8112,758,564,314,468,22971,435,200,-429,72,36381,110,30,66,0,0,0,0,0,0,0,0,-32305,0,0,0,0,0,176621,0
176084,6646,8136,888,554,374,499,23079,471,200,-434,72,36381,110,30,66,0,0,0,0,0,0,0,0,-32305,0,0,0,0,0,176627,0
176089,6570,8052,976,540,396,521,23196,523,187,-433,96,36382,116,30,66,0,0,0,0,0,0,0,0,-32305,0,0,0,0,0,176632,0
176094,6660,8020,1076,531,410,541,23329,589,191,-433,160,36382,116,30,66,0,0,0,0,0,0,0,0,-32306,0,0,0,0,0,176638,0
176099,6746,7982,1120,516,419,565,23479,669,198,-429,176,36381,120,30,66,0,0,0,0,0,0,0,0,-32305,0,0,0,0,0,176643,0
176104,6850,8170,1228,467,425,596,23644,730,220,-462,224,36381,120,30,66,0,0,0,0,0,0,0,0,-32305,0,0,0,0,0,176649,0
176109,6828,8264,1304,431,417,613,23824,797,237,-479,296,36382,120,30,66,0,0,0,0,0,0,0,0,-32305,0,0,0,0,0,176655,0
176114,6734,8406,1340,390,404,637,24021,874,245,-485,344,36382,120,30,66,0,0,0,0,0,0,0,0,-32305,0,0,0,0,0,176660,0
176119,6660,8666,1376,340,388,665,24232,936,146,-515,408,36384,119,30,66,0,0,0,0,0,0,0,0,-32306,0,0,0,0,0,176666,0
176124,6534,9326,1426,213,349,744,24460,999,145,-530,488,36384,119,30,66,0,0,0,0,0,0,0,0,-32306,0,0,0,0,0,176671,0
176129,6482,9700,1428,138,328,786,24702,1066,179,-540,568,36388,112,30,66,0,0,0,0,0,0,0,0,-32305,0,0,0,0,0,176676,0
176134,6378,10154,1446,54,317,838,24957,1124,266,-571,672,36388,112,30,66,0,0,0,0,0,0,0,0,-32305,0,0,0,0,0,176682,0
176139,6222,10682,1468,-27,309,888,25223,1178,257,-596,808,36395,112,30,66,0,0,0,0,0,0,0,0,-32306,0,0,0,0,0,176687,0
176144,5974,11548,1372,-206,291,1007,25500,1222,289,-620,856,36395,112,30,66,0,0,0,0,0,0,0,0,-32305,0,0,0,0,0,176693,0
176149,5888,11958,1342,-293,295,1067,25784,1252,178,-626,880,36395,107,30,66,0,0,0,0,0,0,0,0,-32305,0,0,0,0,0,176699,0
176154,5780,12300,1250,-373,303,1126,26069,1256,140,-633,888,36395,107,30,66,0,0,0,0,0,0,0,0,-32305,0,0,0,0,0,176704,0
176159,5658,12648,1114,-457,315,1185,26356,1262,102,-655,864,36398,97,30,66,0,0,0,0,0,0,0,0,-32305,0,0,0,0,0,176710,0
176164,5280,13394,876,-619,363,1305,26642,1252,54,-665,848,36398,97,30,66,0,0,0,0,0,0,0,0,-32306,0,0,0,0,0,176715,0
176169,5042,13654,676,-690,393,1359,26923,1234,17,-681,792,36397,95,30,66,0,0,0,0,0,0,0,0,-32305,0,0,0,0,0,176721,0
176174,4912,13920,566,-776,415,1422,27198,1206,-25,-665,656,36397,95,30,66,0,0,0,0,0,0,0,0,-32305,0,0,0,0,0,176726,0
176179,4736,14124,432,-849,446,1464,27461,1160,-65,-680,560,36400,96,30,66,0,0,0,0,0,0,0,0,-32306,0,0,0,0,0,176732,0
176184,4296,14284,102,-996,524,1538,27709,1087,-113,-704,400,36400,96,30,66,0,0,0,0,0,0,0,0,-32305,0,0,0,0,0,176737,0
176189,3916,14276,-16,-1056,565,1569,27937,990,-174,-720,264,36401,97,30,66,0,0,0,0,0,0,0,0,-32305,0,0,0,0,0,176743,0
176194,3528,14174,-134,-1110,600,1605,28140,869,-241,-759,136,36401,97,30,66,0,0,0,0,0,0,0,0,-32306,0,0,0,0,0,176749,0
176199,3270,13970,-282,-1161,627,1634,28311,744,-312,-788,88,36398,110,30,66,0,0,0,0,0,0,0,0,-32306,0,0,0,0,0,176754,0
176204,2688,13348,-518,-1243,679,1672,28450,595,-386,-791,-8,36398,110,30,66,0,0,0,0,0,0,0,0,-32305,0,0,0,0,0,176759,0
176209,2344,12998,-674,-1258,675,1684,28547,405,-458,-816,-152,36395,109,30,66,0,0,0,0,0,0,0,0,-32305,0,0,0,0,0,176765,0
176214,1954,12524,-782,-1285,671,1696,28599,209,-537,-781,-168,36395,109,30,66,0,0,0,0,0,0,0,0,-32305,0,0,0,0,0,176770,0
176219,1618,12108,-912,-1297,660,1705,28617,61,-588,-695,-224,36388,114,30,66,0,0,0,0,0,0,0,0,-32305,0,0,0,0,0,176776,0
176224,1496,11120,-1100,-1305,664,1694,28608,-39,-595,-639,-264,36388,114,30,66,0,0,0,0,0,0,0,0,-32305,0,0,0,0,0,176781,0
176229,1470,10578,-1180,-1299,669,1662,28589,-86,-504,-629,-320,36383,129,30,66,0,0,0,0,0,0,0,0,-32305,0,0,0,0,0,176787,0
176234,1424,10004,-1282,-1290,674,1618,28554,-170,-387,-612,-424,36383,129,30,66,0,0,0,0,0,0,0,0,-32305,0,0,0,0,0,176793,0
176239,1346,9414,-1404,-1269,679,1562,28502,-238,-288,-596,-576,36379,142,30,66,0,0,0,0,0,0,0,0,-32305,0,0,0,0,0,176798,0
176244,1078,8202,-1514,-1228,667,1429,28429,-327,-249,-597,-720,36379,142,30,66,0,0,0,0,0,0,0,0,-32306,0,0,0,0,0,176804,0
176249,1082,7400,-1564,-1194,651,1368,28340,-402,-262,-573,-952,36373,149,30,66,0,0,0,0,0,0,0,0,-32305,0,0,0,0,0,176809,0
176254,1144,6526,-1746,-1145,641,1297,28232,-473,-281,-573,-1128,36373,149,30,66,0,0,0,0,0,0,0,0,-32306,0,0,0,0,0,176815,0
176259,1148,5846,-1846,-1092,640,1243,28108,-555,-270,-584,-1344,36370,157,30,66,0,0,0,0,0,0,0,0,-32305,0,0,0,0,0,176820,0
176264,1006,4506,-1914,-1004,631,1144,27965,-633,-275,-592,-1464,36370,157,30,66,0,0,0,0,0,0,0,0,-32305,0,0,0,0,0,176825,0
176269,1020,3814,-1962,-944,626,1110,27807,-706,-263,-574,-1584,36364,147,30,66,0,0,0,0,0,0,0,0,-32305,0,0,0,0,0,176832,0
176274,978,3118,-2118,-873,629,1085,27637,-753,-255,-562,-1632,36364,147,30,66,0,0,0,0,0,0,0,0,-32305,0,0,0,0,0,176837,0
176279,1010,2654,-2004,-824,629,1065,27458,-797,-227,-543,-1760,36360,153,30,66,0,0,0,0,0,0,0,0,-32305,0,0,0,0,0,176843,0
176284,1264,1502,-2248,-691,614,1039,27270,-834,-198,-531,-1800,36360,153,30,66,0,0,0,0,0,0,0,0,-32306,0,0,0,0,0,176848,0
176289,1368,1052,-2284,-627,610,1031,27075,-858,-153,-514,-1872,36361,157,30,66,0,0,0,0,0,0,0,0,-32305,0,0,0,0,0,176853,0
176294,1416,566,-2386,-557,598,1010,26872,-898,-131,-519,-1912,36361,157,30,66,0,0,0,0,0,0,0,0,-32305,0,0,0,0,0,176859,0
176299,1520,164,-2518,-488,584,988,26660,-933,-123,-495,-1992,36361,157,30,66,0,0,0,0,0,0,0,0,-32305,0,0,0,0,0,176864,0
176304,1676,-518,-2638,-323,534,941,26445,-961,-117,-487,-2072,36361,157,30,66,0,0,0,0,0,0,0,0,-32305,0,0,0,0,0,176870,0
176309,1714,-854,-2710,-237,515,925,26221,-983,-111,-485,-2032,36363,156,30,66,0,0,0,0,0,0,0,0,-32305,0,0,0,0,0,176875,0
176314,1762,-1144,-2676,-148,482,906,25992,-1008,-99,-461,-2112,36363,156,30,66,0,0,0,0,0,0,0,0,-32305,0,0,0,0,0,176881,0
176319,1868,-1244,-2692,-68,465,893,25762,-1018,-88,-464,-2104,36358,152,30,66,0,0,0,0,0,0,0,0,-32305,0,0,0,0,0,176887,0
176324,1824,-1360,-2612,125,431,875,25529,-1023,-68,-447,-2136,36358,152,30,66,0,0,0,0,0,0,0,0,-32305,0,0,0,0,0,176892,0
176329,1774,-1194,-2500,220,407,876,25296,-1028,-45,-444,-2072,36357,154,30,66,0,0,0,0,0,0,0,0,-32305,0,0,0,0,0,176898,0
176334,1660,-984,-2376,324,387,883,25065,-1014,-23,-431,-2016,36357,154,30,66,0,0,0,0,0,0,0,0,-32305,0,0,0,0,0,176903,0
176339,1544,-628,-2196,423,364,896,24838,-997,0,-418,-1968,36355,167,30,66,0,0,0,0,0,0,0,0,-32305,0,0,0,0,0,176909,0
176344,1380,-28,-1978,612,315,930,24619,-966,35,-416,-1904,36355,167,30,66,0,0,0,0,0,0,0,0,-32307,0,0,0,0,0,176914,0
176349,1308,266,-1864,698,278,944,24409,-921,66,-413,-1784,36358,173,30,66,0,0,0,0,0,0,0,0,-32305,0,0,0,0,0,176919,0
176354,1258,514,-1730,772,239,964,24206,-891,100,-390,-1720,36358,173,30,66,0,0,0,0,0,0,0,0,-32305,0,0,0,0,0,176925,0
176359,1238,734,-1616,844,194,995,24014,-840,123,-393,-1616,36358,165,30,66,0,0,0,0,0,0,0,0,-32305,0,0,0,0,0,176931,0
176364,1164,1112,-1330,968,91,1032,23832,-801,139,-389,-1504,36358,165,30,66,0,0,0,0,0,0,0,0,-32305,0,0,0,0,0,176936,0
176369,1194,1296,-1190,1025,43,1047,23662,-741,148,-393,-1368,36362,161,30,66,0,0,0,0,0,0,0,0,-32305,0,0,0,0,0,176942,0
176374,1294,1534,-1026,1079,-4,1070,23504,-690,157,-389,-1232,36362,161,30,66,0,0,0,0,0,0,0,0,-32306,0,0,0,0,0,176947,0
176379,1366,1852,-838,1127,-45,1082,23357,-637,177,-380,-1128,36364,150,30,66,0,0,0,0,0,0,0,0,-32306,0,0,0,0,0,176953,0
176384,1638,2374,-556,1214,-118,1086,23224,-578,180,-381,-1000,36364,150,30,66,0,0,0,0,0,0,0,0,-32305,0,0,0,0,0,176958,0
176389,1668,2668,-406,1249,-142,1083,23105,-521,191,-374,-848,36366,141,30,66,0,0,0,0,0,0,0,0,-32306,0,0,0,0,0,176964,0
176394,1662,2942,-252,1283,-181,1079,22996,-473,189,-378,-720,36366,141,30,66,0,0,0,0,0,0,0,0,-32305,0,0,0,0,0,176969,0
176399,1586,3138,-106,1304,-215,1063,22896,-430,185,-375,-640,36366,145,30,66,0,0,0,0,0,0,0,0,-32306,0,0,0,0,0,176975,0
176404,1470,3592,174,1325,-294,1044,22807,-385,171,-392,-536,36366,145,30,66,0,0,0,0,0,0,0,0,-32305,0,0,0,0,0,176980,0
176409,1424,3796,286,1324,-330,1029,22730,-340,161,-393,-464,36366,139,30,66,0,0,0,0,0,0,0,0,-32305,0,0,0,0,0,176986,0
176414,1344,3958,448,1326,-370,1004,22659,-300,150,-396,-400,36366,139,30,66,0,0,0,0,0,0,0,0,-32306,0,0,0,0,0,176991,0
176419,1318,4118,644,1307,-408,974,22594,-276,143,-384,-368,36366,137,30,66,0,0,0,0,0,0,0,0,-32305,0,0,0,0,0,176997,0
176424,1328,4434,912,1249,-467,906,22531,-267,116,-379,-368,36366,137,30,66,0,0,0,0,0,0,0,0,-32305,0,0,0,0,0,177002,0
176429,1388,4564,1024,1216,-493,854,22472,-254,84,-377,-352,36369,133,30,66,0,0,0,0,0,0,0,0,-32305,0,0,0,0,0,177008,0
176434,1410,4702,1138,1171,-527,793,22411,-254,57,-379,-360,36369,133,30,66,0,0,0,0,0,0,0,0,-32305,0,0,0,0,0,177013,0
176439,1470,4806,1202,1115,-547,724,22355,-253,35,-385,-344,36372,126,30,66,0,0,0,0,0,0,0,0,-32304,0,0,0,0,0,177019,0
176444,1766,5018,1462,975,-597,559,22298,-253,15,-391,-320,36372,126,30,66,0,0,0,0,0,0,0,0,-32305,0,0,0,0,0,177024,0
176449,1902,5070,1572,900,-618,455,22238,-261,15,-374,-352,36379,126,30,66,0,0,0,0,0,0,0,0,-32305,0,0,0,0,0,177030,0
176454,2054,5156,1640,815,-635,358,22179,-262,0,-375,-352,36379,126,30,66,0,0,0,0,0,0,0,0,-32305,0,0,0,0,0,177036,0
176459,2258,5212,1692,734,-642,253,22120,-264,-7,-361,-392,36378,123,30,66,0,0,0,0,0,0,0,0,-32305,0,0,0,0,0,177041,0
176464,2450,5324,1708,567,-644,37,22060,-262,-5,-372,-360,36378,123,30,66,0,0,0,0,0,0,0,0,-32305,0,0,0,0,0,177047,0
176469,2562,5388,1726,472,-642,-70,22002,-257,-1,-374,-336,36378,123,30,66,0,0,0,0,0,0,0,0,-32305,0,0,0,0,0,177052,0
176474,2740,5422,1664,396,-633,-180,21947,-238,8,-369,-280,36378,123,30,66,0,0,0,0,0,0,0,0,-32305,0,0,0,0,0,177057,0
176479,2902,5450,1610,321,-625,-287,21901,-192,28,-371,-216,36376,138,30,66,0,0,0,0,0,0,0,0,-32306,0,0,0,0,0,177063,0
176484,3322,5590,1388,164,-589,-511,21865,-151,72,-362,-208,36376,138,30,66,0,0,0,0,0,0,0,0,-32305,0,0,0,0,0,177068,0
176489,3626,5740,1298,96,-572,-633,21837,-112,102,-371,-168,36372,140,30,66,0,0,0,0,0,0,0,0,-32305,0,0,0,0,0,177074,0
176494,3836,5916,1174,32,-551,-763,21817,-89,135,-371,-168,36372,140,30,66,0,0,0,0,0,0,0,0,-32305,0,0,0,0,0,177080,0
176499,4088,6196,1032,-32,-525,-895,21803,-62,127,-379,-136,36373,145,30,66,0,0,0,0,0,0,0,0,-32305,0,0,0,0,0,177085,0
176504,4622,6830,722,-167,-450,-1162,21802,0,125,-383,-112,36373,145,30,66,0,0,0,0,0,0,0,0,-32305,0,0,0,0,0,177090,0
176509,4876,7160,530,-222,-394,-1296,21805,10,121,-377,-120,36374,137,30,66,0,0,0,0,0,0,0,0,-32304,0,0,0,0,0,177096,0
176514,5156,7560,392,-274,-324,-1425,21805,1,99,-381,-128,36374,137,30,66,0,0,0,0,0,0,0,0,-32305,0,0,0,0,0,177102,0
176519,5406,7964,252,-319,-262,-1557,21806,8,65,-379,-120,36374,131,30,66,0,0,0,0,0,0,0,0,-32305,0,0,0,0,0,177107,0
176524,5972,9052,-94,-384,-103,-1769,21809,16,32,-379,-104,36374,131,30,66,0,0,0,0,0,0,0,0,-32305,0,0,0,0,0,177113,0
176529,6286,9590,-350,-406,-26,-1854,21815,21,12,-380,-104,36374,128,30,66,0,0,0,0,0,0,0,0,-32305,0,0,0,0,0,177117,0
176534,6694,10196,-478,-417,67,-1917,21823,39,17,-379,-96,36374,128,30,66,0,0,0,0,0,0,0,0,-32305,0,0,0,0,0,177124,0
176539,7030,10834,-596,-407,157,-1969,21835,58,35,-384,-80,36375,131,30,66,0,0,0,0,0,0,0,0,-32306,0,0,0,0,0,177129,0
176544,7960,11992,-628,-372,336,-2034,21864,134,61,-391,-40,36375,131,30,66,0,0,0,0,0,0,0,0,-32305,0,0,0,0,0,177134,0
176549,8442,12428,-590,-339,443,-2059,21915,235,128,-391,24,36380,127,30,66,0,0,0,0,0,0,0,0,-32305,0,0,0,0,0,177140,0
176554,8872,12788,-546,-285,552,-2096,21997,374,230,-366,104,36380,127,30,66,0,0,0,0,0,0,0,0,-32305,0,0,0,0,0,177145,0
176559,9072,13054,-426,-229,654,-2123,22110,506,330,-342,208,36386,121,30,66,0,0,0,0,0,0,0,0,-32305,0,0,0,0,0,177151,0
176564,9192,13158,-438,-103,856,-2160,22260,676,430,-320,344,36386,121,30,66,0,0,0,0,0,0,0,0,-32305,0,0,0,0,0,177157,0
176569,9194,13052,-516,-38,953,-2168,22445,838,493,-342,456,36386,123,30,66,0,0,0,0,0,0,0,0,-32305,0,0,0,0,0,177162,0
176574,9116,12832,-460,20,1023,-2179,22672,1006,538,-406,640,36386,123,30,66,0,0,0,0,0,0,0,0,-32305,0,0,0,0,0,177167,0
176579,9020,12542,-428,83,1086,-2184,22930,1152,553,-461,928,36385,104,30,66,0,0,0,0,0,0,0,0,-32305,0,0,0,0,0,177172,0
176584,8812,11798,-280,182,1188,-2185,23213,1259,547,-502,1064,36385,104,30,66,0,0,0,0,0,0,0,0,-32305,0,0,0,0,0,177178,0
176589,8774,11376,-246,242,1225,-2194,23523,1369,493,-514,1264,36385,114,30,66,0,0,0,0,0,0,0,0,-32305,0,0,0,0,0,177184,0
176594,8688,11058,-142,285,1270,-2209,23852,1456,427,-549,1416,36385,114,30,66,0,0,0,0,0,0,0,0,-32305,0,0,0,0,0,177189,0
176599,8590,10742,-48,320,1301,-2232,24199,1538,378,-568,1592,36391,108,30,66,0,0,0,0,0,0,0,0,-32306,0,0,0,0,0,177195,0
176604,8136,10198,254,394,1343,-2258,24564,1602,323,-593,1664,36391,108,30,66,0,0,0,0,0,0,0,0,-32305,0,0,0,0,0,177200,0
176609,8042,10166,318,418,1351,-2266,24942,1668,285,-614,1736,36392,109,30,66,0,0,0,0,0,0,0,0,-32305,0,0,0,0,0,177206,0
176614,7920,10088,414,441,1349,-2278,25331,1717,245,-636,1816,36392,109,30,66,0,0,0,0,0,0,0,0,-32305,0,0,0,0,0,177212,0
176619,7732,10112,592,459,1336,-2278,25647,1741,209,-653,1880,36395,102,30,66,0,0,0,0,0,0,0,0,-32305,0,0,0,0,0,177217,0
176624,7258,10394,756,457,1269,-2266,26048,1765,165,-679,1912,36395,102,30,66,0,0,0,0,0,0,0,0,-32305,0,0,0,0,0,177223,0
176629,7110,10586,840,441,1220,-2248,26452,1779,125,-699,1944,36401,89,30,66,0,0,0,0,0,0,0,0,-32306,0,0,0,0,0,177228,0
176634,6946,10840,934,420,1152,-2224,26859,1787,85,-724,1960,36401,89,30,66,0,0,0,0,0,0,0,0,-32305,0,0,0,0,0,177234,0
176639,6748,11134,1054,389,1075,-2198,27265,1784,51,-732,1936,36409,82,30,66,0,0,0,0,0,0,0,0,-32305,0,0,0,0,0,177239,0
176644,6442,11852,1190,305,907,-2129,27673,1794,31,-747,1904,36409,82,30,66,0,0,0,0,0,0,0,0,-32306,0,0,0,0,0,177245,0
176649,6328,12232,1240,249,825,-2079,28081,1794,17,-770,1896,36411,74,30,66,0,0,0,0,0,0,0,0,-32306,0,0,0,0,0,177250,0
176654,6128,12454,1300,208,731,-2036,28487,1790,4,-786,1864,36411,74,30,66,0,0,0,0,0,0,0,0,-32305,0,0,0,0,0,177256,0
176659,6066,12708,1296,142,652,-1975,28893,1787,1,-791,1800,36411,70,30,66,0,0,0,0,0,0,0,0,-32305,0,0,0,0,0,177261,0
176664,5816,13148,1294,26,487,-1861,29296,1772,-15,-808,1744,36411,70,30,66,0,0,0,0,0,0,0,0,-32305,0,0,0,0,0,177267,0
176669,5672,13324,1252,-38,405,-1795,29693,1735,-31,-820,1656,36420,68,30,66,0,0,0,0,0,0,0,0,-32305,0,0,0,0,0,177272,0
176674,5450,13392,1138,-106,333,-1727,30080,1699,-61,-841,1584,36420,68,30,66,0,0,0,0,0,0,0,0,-32305,0,0,0,0,0,177278,0
176679,5192,13336,1150,-172,258,-1656,30455,1645,-109,-861,1496,36424,71,30,66,0,0,0,0,0,0,0,0,-32306,0,0,0,0,0,177283,0
176684,4750,13058,960,-275,118,-1499,30817,1586,-144,-864,1368,36424,71,30,66,0,0,0,0,0,0,0,0,-32305,0,0,0,0,0,177289,0
176689,4538,12912,872,-320,56,-1427,31165,1518,-175,-861,1208,36426,60,30,66,0,0,0,0,0,0,0,0,-32305,0,0,0,0,0,177293,0
176694,4306,12640,758,-362,-11,-1361,31491,1427,-218,-878,984,36426,60,30,66,0,0,0,0,0,0,0,0,-32306,0,0,0,0,0,177300,0
176699,3990,12378,610,-393,-86,-1300,31795,1331,-257,-876,728,36418,77,30,66,0,0,0,0,0,0,0,0,-32305,0,0,0,0,0,177306,0
176704,3436,11612,340,-436,-232,-1154,32069,1195,-316,-881,440,36418,77,30,66,0,0,0,0,0,0,0,0,-32306,0,0,0,0,0,177311,0
176709,3166,11208,268,-441,-298,-1082,32318,1067,-363,-923,280,36413,84,30,66,0,0,0,0,0,0,0,0,-32306,0,0,0,0,0,177317,0
176714,2982,10700,126,-440,-365,-999,32529,920,-420,-957,136,36413,84,30,66,0,0,0,0,0,0,0,0,-32304,0,0,0,0,0,177321,0
176719,2772,10202,12,-432,-428,-906,32698,723,-496,-1010,72,36407,95,30,66,0,0,0,0,0,0,0,0,-32305,0,0,0,0,0,177327,0
176724,2604,9156,-144,-391,-537,-718,32820,521,-563,-1019,64,36407,95,30,66,0,0,0,0,0,0,0,0,-32305,0,0,0,0,0,177333,0
176729,2540,8592,-234,-351,-592,-610,32897,317,-638,-1009,-104,36401,104,30,66,0,0,0,0,0,0,0,0,-32306,0,0,0,0,0,177338,0
176734,2564,8078,-264,-313,-642,-516,32933,139,-674,-881,-256,36401,104,30,66,0,0,0,0,0,0,0,0,-32306,0,0,0,0,0,177344,0
176739,2560,7504,-322,-278,-686,-422,32928,-36,-674,-809,-328,36392,113,30,66,0,0,0,0,0,0,0,0,-32305,0,0,0,0,0,177349,0
176744,2886,6574,-400,-177,-779,-300,32913,-67,-584,-805,-328,36392,113,30,66,0,0,0,0,0,0,0,0,-32305,0,0,0,0,0,177355,0
176749,3124,6158,-416,-136,-815,-271,32901,-50,-408,-815,-296,36382,125,30,66,0,0,0,0,0,0,0,0,-32306,0,0,0,0,0,177360,0
176754,3196,5708,-408,-90,-838,-269,32892,-47,-215,-805,-320,36382,125,30,66,0,0,0,0,0,0,0,0,-32305,0,0,0,0,0,177366,0
176759,3128,5226,-392,-40,-854,-272,32875,-81,-73,-802,-344,36375,136,30,66,0,0,0,0,0,0,0,0,-32305,0,0,0,0,0,177371,0
176764,2798,4062,-328,60,-881,-245,32851,-109,-32,-799,-360,36375,136,30,66,0,0,0,0,0,0,0,0,-32305,0,0,0,0,0,177377,0
176769,2740,3504,-332,102,-899,-216,32832,-76,-36,-819,-304,36374,140,30,66,0,0,0,0,0,0,0,0,-32305,0,0,0,0,0,177382,0
176774,2832,2986,-324,150,-919,-176,32820,-51,-17,-808,-312,36374,140,30,66,0,0,0,0,0,0,0,0,-32306,0,0,0,0,0,177388,0
176779,2880,2518,-312,203,-932,-164,32806,-67,14,-787,-368,36379,147,30,66,0,0,0,0,0,0,0,0,-32306,0,0,0,0,0,177394,0
176784,2828,1662,-222,307,-969,-89,32786,-92,18,-788,-376,36379,147,30,66,0,0,0,0,0,0,0,0,-32305,0,0,0,0,0,177400,0
176789,2840,1274,-178,357,-985,-43,32769,-73,3,-810,-328,36378,155,30,66,0,0,0,0,0,0,0,0,-32305,0,0,0,0,0,177405,0
176794,2876,862,-148,399,-1002,-2,32752,-74,-21,-810,-336,36378,155,30,66,0,0,0,0,0,0,0,0,-32305,0,0,0,0,0,177411,0
176799,2966,510,-128,443,-1035,44,32730,-97,-15,-787,-368,36380,144,30,66,0,0,0,0,0,0,0,0,-32305,0,0,0,0,0,177416,0
176804,3036,-272,-14,522,-1057,132,32708,-94,-17,-802,-336,36380,144,30,66,0,0,0,0,0,0,0,0,-32306,0,0,0,0,0,177422,0
176809,3104,-588,12,565,-1075,174,32690,-72,-8,-804,-352,36376,142,30,66,0,0,0,0,0,0,0,0,-32306,0,0,0,0,0,177428,0
176814,3188,-832,74,596,-1087,220,32669,-95,-8,-774,-416,36376,142,30,66,0,0,0,0,0,0,0,0,-32305,0,0,0,0,0,177433,0
176819,3118,-1052,110,625,-1102,261,32642,-115,-13,-792,-384,36374,134,30,66,0,0,0,0,0,0,0,0,-32305,0,0,0,0,0,177438,0
176824,3094,-1412,254,682,-1104,361,32614,-122,-22,-796,-408,36374,134,30,66,0,0,0,0,0,0,0,0,-32305,0,0,0,0,0,177444,0
176829,3064,-1470,268,699,-1094,411,32581,-152,-49,-779,-424,36370,130,30,66,0,0,0,0,0,0,0,0,-32305,0,0,0,0,0,177449,0
176834,3056,-1480,340,712,-1093,464,32545,-163,-60,-770,-512,36370,130,30,66,0,0,0,0,0,0,0,0,-32305,0,0,0,0,0,177455,0
176839,3018,-1474,386,727,-1085,507,32504,-191,-60,-769,-528,36368,140,30,66,0,0,0,0,0,0,0,0,-32305,0,0,0,0,0,177460,0
176844,2846,-1086,462,736,-1069,596,32455,-216,-77,-789,-536,36368,140,30,66,0,0,0,0,0,0,0,0,-32305,0,0,0,0,0,177466,0
176849,2798,-712,480,733,-1052,644,32401,-231,-85,-767,-608,36367,145,30,66,0,0,0,0,0,0,0,0,-32305,0,0,0,0,0,177471,0
176854,2778,-292,502,721,-1050,684,32344,-244,-77,-762,-592,36367,145,30,66,0,0,0,0,0,0,0,0,-32305,0,0,0,0,0,177477,0
176859,2740,166,574,710,-1036,719,32283,-265,-69,-763,-680,36366,148,30,66,0,0,0,0,0,0,0,0,-32305,0,0,0,0,0,177483,0
176864,2748,914,702,676,-1018,795,32218,-287,-61,-761,-672,36366,148,30,66,0,0,0,0,0,0,0,0,-32305,0,0,0,0,0,177488,0
176869,2838,1210,740,652,-1007,831,32149,-305,-54,-755,-760,36364,151,30,66,0,0,0,0,0,0,0,0,-32306,0,0,0,0,0,177493,0
176874,2914,1506,864,633,-1000,873,32077,-317,-60,-745,-744,36364,151,30,66,0,0,0,0,0,0,0,0,-32306,0,0,0,0,0,177498,0
176879,2968,1688,852,602,-978,918,32004,-319,-54,-748,-784,36368,148,30,66,0,0,0,0,0,0,0,0,-32305,0,0,0,0,0,177504,0
176884,3140,2140,1008,551,-938,1007,31934,-308,-29,-763,-672,36368,148,30,66,0,0,0,0,0,0,0,0,-32305,0,0,0,0,0,177510,0
176889,3198,2402,1066,522,-914,1047,31867,-296,-5,-759,-656,36370,147,30,66,0,0,0,0,0,0,0,0,-32305,0,0,0,0,0,177515,0
176894,3252,2674,1130,496,-894,1082,31806,-272,30,-748,-608,36370,147,30,66,0,0,0,0,0,0,0,0,-32305,0,0,0,0,0,177521,0
176899,3222,2940,1162,466,-885,1114,31748,-250,46,-730,-608,36371,151,30,66,0,0,0,0,0,0,0,0,-32305,0,0,0,0,0,177525,0
176904,2990,3472,1218,398,-888,1171,31690,-250,49,-740,-592,36371,151,30,66,0,0,0,0,0,0,0,0,-32305,0,0,0,0,0,177532,0
176909,2928,3746,1250,377,-901,1198,31631,-259,35,-740,-608,36369,145,30,66,0,0,0,0,0,0,0,0,-32304,0,0,0,0,0,177537,0
176914,2808,3992,1278,330,-916,1220,31575,-249,19,-733,-576,36369,145,30,66,0,0,0,0,0,0,0,0,-32305,0,0,0,0,0,177543,0
176919,2706,4212,1316,299,-945,1248,31517,-256,8,-740,-600,36363,139,30,66,0,0,0,0,0,0,0,0,-32305,0,0,0,0,0,177548,0
176924,2652,4740,1316,223,-990,1268,31463,-240,11,-739,-536,36363,139,30,66,0,0,0,0,0,0,0,0,-32305,0,0,0,0,0,177553,0
176929,2636,5052,1296,177,-1017,1267,31409,-234,15,-752,-544,36365,145,30,66,0,0,0,0,0,0,0,0,-32305,0,0,0,0,0,177559,0
176934,2604,5362,1288,128,-1039,1258,31350,-262,3,-716,-624,36365,145,30,66,0,0,0,0,0,0,0,0,-32305,0,0,0,0,0,177565,0
176939,2544,5662,1234,81,-1065,1234,31286,-286,-19,-725,-656,36366,144,30,66,0,0,0,0,0,0,0,0,-32306,0,0,0,0,0,177570,0
176944,2260,6200,1098,-38,-1121,1198,31214,-313,-58,-697,-784,36366,144,30,66,0,0,0,0,0,0,0,0,-32305,0,0,0,0,0,177576,0
176949,2194,6522,1024,-102,-1156,1176,31135,-349,-80,-694,-848,36365,150,30,66,0,0,0,0,0,0,0,0,-32305,0,0,0,0,0,177580,0
176954,2246,6862,946,-170,-1187,1147,31050,-388,-100,-703,-920,36365,150,30,66,0,0,0,0,0,0,0,0,-32305,0,0,0,0,0,177587,0
176959,2214,7278,852,-237,-1214,1111,30957,-418,-106,-693,-1024,36364,149,30,66,0,0,0,0,0,0,0,0,-32305,0,0,0,0,0,177592,0
176964,2300,8218,660,-388,-1232,1017,30855,-459,-118,-678,-1136,36364,149,30,66,0,0,0,0,0,0,0,0,-32305,0,0,0,0,0,177597,0
176969,2370,8718,554,-448,-1226,957,30740,-507,-136,-693,-1256,36362,143,30,66,0,0,0,0,0,0,0,0,-32305,0,0,0,0,0,177603,0
176974,2420,9206,454,-528,-1208,887,30610,-568,-158,-696,-1376,36362,143,30,66,0,0,0,0,0,0,0,0,-32305,0,0,0,0,0,177608,0
176979,2604,9736,330,-602,-1169,816,30466,-637,-187,-692,-1504,36363,156,30,66,0,0,0,0,0,0,0,0,-32305,0,0,0,0,0,177614,0
176984,2780,10768,138,-749,-1051,667,30314,-670,-190,-651,-1576,36363,156,30,66,0,0,0,0,0,0,0,0,-32305,0,0,0,0,0,177620,0
176989,2912,11300,14,-817,-972,586,30147,-731,-188,-656,-1640,36364,178,30,66,0,0,0,0,0,0,0,0,-32305,0,0,0,0,0,177625,0
176994,3016,11884,-92,-886,-898,517,29975,-759,-169,-654,-1688,36364,178,30,66,0,0,0,0,0,0,0,0,-32305,0,0,0,0,0,177631,0
176999,3146,12370,-262,-943,-811,448,29799,-769,-140,-636,-1680,36354,184,30,66,0,0,0,0,0,0,0,0,-32305,0,0,0,0,0,177636,0
177004,3306,13224,-584,-1040,-659,313,29621,-782,-102,-641,-1632,36354,184,30,66,0,0,0,0,0,0,0,0,-32306,0,0,0,0,0,177642,0
177009,3354,13598,-702,-1075,-602,247,29446,-759,-54,-617,-1640,36353,192,30,66,0,0,0,0,0,0,0,0,-32305,0,0,0,0,0,177647,0
177014,3306,13810,-872,-1091,-561,178,29277,-740,-1,-622,-1544,36353,192,30,66,0,0,0,0,0,0,0,0,-32305,0,0,0,0,0,177653,0
177019,3342,13986,-1004,-1106,-534,114,29119,-694,48,-611,-1432,36308,175,30,66,0,0,0,0,0,0,0,0,-32305,0,0,0,0,0,177658,0
177024,3348,14078,-1268,-1087,-507,-27,28969,-655,95,-601,-1336,36308,175,30,66,0,0,0,0,0,0,0,0,-32305,0,0,0,0,0,177664,0
177029,3406,14018,-1378,-1064,-492,-105,28827,-621,119,-597,-1248,36318,151,30,66,0,0,0,0,0,0,0,0,-32306,0,0,0,0,0,177669,0
177034,3294,13802,-1482,-1029,-487,-181,28693,-582,122,-604,-1184,36318,151,30,66,0,0,0,0,0,0,0,0,-32305,0,0,0,0,0,177675,0
177039,3196,13552,-1578,-985,-483,-265,28570,-542,137,-592,-1096,36321,155,30,66,0,0,0,0,0,0,0,0,-32305,0,0,0,0,0,177680,0
177044,3326,13046,-1624,-898,-470,-433,28449,-523,123,-580,-1064,36321,155,30,66,0,0,0,0,0,0,0,0,-32305,0,0,0,0,0,177686,0
177049,3464,12618,-1664,-836,-431,-530,28333,-509,104,-584,-1040,36361,150,30,66,0,0,0,0,0,0,0,0,-32305,0,0,0,0,0,177691,0
177054,3512,12286,-1728,-773,-392,-643,28220,-493,85,-576,-1024,36361,150,30,66,0,0,0,0,0,0,0,0,-32305,0,0,0,0,0,177696,0
177059,3452,11990,-1724,-705,-355,-752,28110,-483,66,-570,-1040,36360,149,30,66,0,0,0,0,0,0,0,0,-32305,0,0,0,0,0,177702,0
177064,3302,11308,-1652,-576,-279,-975,28000,-485,44,-572,-1040,36360,149,30,66,0,0,0,0,0,0,0,0,-32306,0,0,0,0,0,177707,0
177069,3306,10920,-1562,-502,-243,-1090,27887,-497,17,-588,-1040,36361,149,30,66,0,0,0,0,0,0,0,0,-32305,0,0,0,0,0,177713,0
177074,3284,10594,-1450,-440,-202,-1202,27775,-497,0,-582,-1016,36361,149,30,66,0,0,0,0,0,0,0,0,-32305,0,0,0,0,0,177718,0
177079,3296,10176,-1328,-393,-166,-1300,27661,-491,-11,-582,-1016,36363,152,30,66,0,0,0,0,0,0,0,0,-32305,0,0,0,0,0,177724,0
177084,3298,9618,-1094,-303,-94,-1486,27551,-482,-3,-569,-1008,36363,152,30,66,0,0,0,0,0,0,0,0,-32306,0,0,0,0,0,177729,0
177089,3310,9378,-990,-275,-76,-1561,27439,-482,3,-560,-1008,36366,153,30,66,0,0,0,0,0,0,0,0,-32306,0,0,0,0,0,177735,0
177094,3374,9228,-876,-255,-54,-1633,27334,-459,25,-563,-904,36366,153,30,66,0,0,0,0,0,0,0,0,-32305,0,0,0,0,0,177740,0
177099,3386,8990,-838,-237,-36,-1701,27244,-395,67,-209,0,36366,148,30,66,0,0,0,0,0,0,0,0,-32305,0,0,0,0,0,177745,0
177104,4010,8760,-684,-219,14,-1900,27208,-136,209,288,0,36366,148,30,66,0,0,0,0,0,0,0,0,-32305,0,0,0,0,0,177750,0
177109,4236,8660,-648,-214,33,-2018,27210,15,385,26,0,36372,137,30,66,0,0,0,0,0,0,0,0,-32306,0,0,0,0,0,177755,0
177114,4082,8512,-492,-216,81,-2128,27221,43,473,-72,0,36372,137,30,66,0,0,0,0,0,0,0,0,-32305,0,0,0,0,0,177760,0
177119,3726,8250,-288,-208,104,-2201,27235,57,416,-106,0,36373,144,30,66,0,0,0,0,0,0,0,0,-32305,0,0,0,0,0,177765,0
177124,3132,7570,-254,-190,137,-2219,27267,134,271,-182,0,36373,144,30,66,0,0,0,0,0,0,0,0,-32305,0,0,0,0,0,177770,0
177129,3140,7186,-300,-182,142,-2194,27302,151,143,-229,0,36376,126,30,66,0,0,0,0,0,0,0,0,-32305,0,0,0,0,0,177775,0
177134,3236,6824,-228,-174,141,-2169,27345,189,114,-269,0,36376,126,30,66,0,0,0,0,0,0,0,0,-32305,0,0,0,0,0,177780,0
177139,3442,6536,-206,-164,130,-2153,27390,203,119,-300,0,36379,126,30,66,0,0,0,0,0,0,0,0,-32305,0,0,0,0,0,177785,0
177144,3564,6198,-24,-134,92,-2144,27438,205,105,-322,0,36379,126,30,66,0,0,0,0,0,0,0,0,-32305,0,0,0,0,0,177790,0
177149,3526,5984,22,-130,86,-2125,27483,195,49,-315,0,36383,125,30,66,0,0,0,0,0,0,0,0,-32305,0,0,0,0,0,177795,0
177154,3372,5680,58,-120,63,-2105,27525,183,15,-287,0,36383,125,30,66,0,0,0,0,0,0,0,0,-32305,0,0,0,0,0,177800,0
177159,3386,5370,76,-106,49,-2077,27567,179,-8,-277,0,36395,138,30,66,0,0,0,0,0,0,0,0,-32306,0,0,0,0,0,177805,0
177164,3608,4882,118,-83,11,-2033,27611,193,-14,-282,0,36395,138,30,66,0,0,0,0,0,0,0,0,-32306,0,0,0,0,0,177810,0
177169,3684,4660,180,-68,-8,-2018,27652,184,-13,-273,0,36301,103,30,66,0,0,0,0,0,0,0,0,-32306,0,0,0,0,0,177815,0
177174,3588,4478,248,-56,-30,-2000,27691,170,-7,-270,0,36301,103,30,66,0,0,0,0,0,0,0,0,-32305,0,0,0,0,0,177820,0
177179,3568,4298,282,-44,-42,-1978,27730,174,-14,-273,0,36093,132,30,66,0,0,0,0,0,0,0,0,-32305,0,0,0,0,0,177825,0
177184,3450,4076,340,-15,-75,-1932,27766,154,-23,-256,0,36093,132,30,66,0,0,0,0,0,0,0,0,-32305,0,0,0,0,0,177830,0
177189,3420,4010,364,-3,-89,-1924,27801,153,-24,-237,0,36087,123,30,66,0,0,0,0,0,0,0,0,-32306,0,0,0,0,0,177835,0
