state_time,accelx,accely,accelz,gyrox,gyroy,gyroz,mot_ang,mot_vel,mot_acc,mot_cur,mot_volt,batt_volt,batt_curr,temperature,status_mn,status_ex,status_re,genvar_0,genvar_1,genvar_2,genvar_3,genvar_4,genvar_5,genvar_6,genvar_7,genvar_8,genvar_9,ank_ang,ank_vel,sys_time,event flags
79711,-774,8128,48,74,-7,39,14121,3,2,0,0,37098,135,29,144,0,0,0,0,0,0,0,0,-32307,0,0,0,0,0,1354,0
79716,-780,8100,40,72,-15,35,14121,2,0,1,0,37099,123,29,144,0,0,0,0,0,0,0,0,-32307,0,0,0,0,0,79714,0
79721,-812,8102,44,77,-5,38,14120,-3,3,1,0,37099,123,29,144,0,0,0,0,0,0,0,0,-32307,0,0,0,0,0,79719,0
79726,-800,8112,50,76,-6,32,14121,2,-1,0,0,37098,116,29,144,0,0,0,0,0,0,0,0,-32307,0,0,0,0,0,79724,0
79731,-772,8126,46,71,-7,37,14121,0,1,2,0,37098,116,29,144,0,0,0,0,0,0,0,0,-32307,0,0,0,0,0,79729,0
79736,-822,8132,56,74,-7,34,14120,0,-1,1,0,37098,113,29,144,0,0,0,0,0,0,0,0,-32307,0,0,0,0,0,79734,0
79741,-786,8070,26,72,-3,29,14120,5,-2,0,0,37098,113,29,144,0,0,0,0,0,0,0,0,-32307,0,0,0,0,0,79739,0
79746,-848,8058,66,72,-2,33,14120,1,-1,0,0,37096,120,29,144,0,0,0,0,0,0,0,0,-32307,0,0,0,0,0,79744,0
79751,-780,8174,4,77,-1,31,14120,4,1,1,0,37096,120,29,144,0,0,0,0,0,0,0,0,-32307,0,0,0,0,0,79749,0
79756,-744,8108,26,70,-8,23,14121,3,0,0,0,37092,129,29,144,0,0,0,0,0,0,0,0,-32307,0,0,0,0,0,79754,0
79761,-754,8114,36,70,-6,24,14120,-3,-1,0,0,37092,129,29,144,0,0,0,0,0,0,0,0,-32307,0,0,0,0,0,79759,0
79766,-796,8166,26,76,-17,23,14122,4,5,1,0,37091,123,29,144,0,0,0,0,0,0,0,0,-32307,0,0,0,0,0,79764,0
79771,-810,8132,28,73,-10,27,14121,0,0,1,0,37091,123,29,144,0,0,0,0,0,0,0,0,-32307,0,0,0,0,0,79769,0
79776,-816,8114,40,71,-15,23,14120,-2,-5,1,0,37087,123,29,144,0,0,0,0,0,0,0,0,-32307,0,0,0,0,0,79774,0
79781,-816,8106,54,75,-17,23,14120,-5,-3,1,0,37087,123,29,144,0,0,0,0,0,0,0,0,-32307,0,0,0,0,0,79779,0
79786,-820,8090,40,73,-12,20,14121,-5,1,1,0,37080,122,29,144,0,0,0,0,0,0,0,0,-32307,0,0,0,0,0,79785,0
79791,-846,8102,14,67,-16,21,14120,-2,-4,2,0,37080,122,29,144,0,0,0,0,0,0,0,0,-32307,0,0,0,0,0,79790,0
79796,-850,8124,26,69,-17,22,14118,-7,-7,2,0,37073,125,29,144,0,0,0,0,0,0,0,0,-32307,0,0,0,0,0,79795,0
79801,-840,8106,40,70,-22,25,14120,-4,-4,2,0,37073,125,29,144,0,0,0,0,0,0,0,0,-32307,0,0,0,0,0,79800,0
79806,-844,8120,20,66,-17,20,14120,-4,2,1,0,37069,132,29,144,0,0,0,0,0,0,0,0,-32307,0,0,0,0,0,79805,0
79811,-846,8088,16,71,-20,22,14120,-1,2,1,0,37069,132,29,144,0,0,0,0,0,0,0,0,-32307,0,0,0,0,0,79810,0
79816,-862,8102,48,67,-15,29,14121,0,-3,2,0,37072,139,29,144,0,0,0,0,0,0,0,0,-32307,0,0,0,0,0,79815,0
79821,-852,8112,34,66,-14,29,14120,4,0,3,0,37072,139,29,144,0,0,0,0,0,0,0,0,-32307,0,0,0,0,0,79820,0
79826,-864,8106,46,65,-13,29,14120,-1,4,0,0,37077,137,29,144,0,0,0,0,0,0,0,0,-32307,0,0,0,0,0,79825,0
79831,-862,8100,38,65,-15,30,14119,-7,2,1,0,37077,137,29,144,0,0,0,0,0,0,0,0,-32307,0,0,0,0,0,79830,0
79836,-840,8110,56,64,-17,34,14120,0,-2,1,0,37077,140,29,144,0,0,0,0,0,0,0,0,-32307,0,0,0,0,0,79835,0
79841,-852,8110,34,66,-9,28,14120,3,-1,0,0,37077,140,29,144,0,0,0,0,0,0,0,0,-32307,0,0,0,0,0,79840,0
79846,-860,8100,54,67,-4,34,14120,-1,2,0,0,37075,129,29,144,0,0,0,0,0,0,0,0,-32307,0,0,0,0,0,79845,0
79851,-862,8104,28,61,-9,38,14121,3,0,0,0,37075,129,29,144,0,0,0,0,0,0,0,0,-32307,0,0,0,0,0,79850,0
79856,-852,8086,68,66,-8,37,14120,4,-2,0,0,37070,127,29,144,0,0,0,0,0,0,0,0,-32307,0,0,0,0,0,79855,0
79861,-872,8082,64,65,-10,38,14120,0,-4,0,0,37070,127,29,144,0,0,0,0,0,0,0,0,-32307,0,0,0,0,0,79860,0
79866,-824,8096,80,63,-8,38,14121,2,-1,2,0,37070,128,29,144,0,0,0,0,0,0,0,0,-32307,0,0,0,0,0,79865,0
79871,-868,8092,76,63,-13,42,14120,-1,1,2,0,37070,128,29,144,0,0,0,0,0,0,0,0,-32307,0,0,0,0,0,79870,0
79876,-864,8094,84,68,-9,42,14120,-5,-3,1,0,37075,124,29,144,0,0,0,0,0,0,0,0,-32307,0,0,0,0,0,79875,0
79881,-874,8098,54,66,-12,46,14121,2,-10,2,0,37075,124,29,144,0,0,0,0,0,0,0,0,-32307,0,0,0,0,0,79880,0
79886,-840,8108,68,72,-16,41,14120,-3,0,2,0,37085,130,29,144,0,0,0,0,0,0,0,0,-32307,0,0,0,0,0,79885,0
79891,-868,8126,76,70,-13,37,14120,-4,-2,0,0,37085,130,29,144,0,0,0,0,0,0,0,0,-32307,0,0,0,0,0,79890,0
79896,-844,8022,84,71,-12,43,14121,2,2,0,0,37096,133,29,144,0,0,0,0,0,0,0,0,-32307,0,0,0,0,0,79895,0
79901,-880,8044,106,79,-11,41,14120,0,0,1,0,37096,133,29,144,0,0,0,0,0,0,0,0,-32307,0,0,0,0,0,79900,0
79906,-862,8152,54,72,-13,46,14120,0,1,1,0,37091,131,29,144,0,0,0,0,0,0,0,0,-32307,0,0,0,0,0,79905,0
79911,-832,8096,62,73,-15,48,14121,4,2,2,0,37091,131,29,144,0,0,0,0,0,0,0,0,-32307,0,0,0,0,0,79910,0
79916,-836,8102,58,72,-17,50,14121,7,3,2,0,37078,129,29,144,0,0,0,0,0,0,0,0,-32307,0,0,0,0,0,79915,0
79921,-864,8116,76,75,-8,48,14120,-4,-1,-1,0,37078,129,29,144,0,0,0,0,0,0,0,0,-32307,0,0,0,0,0,79920,0
79926,-826,8088,78,71,-17,52,14122,3,-3,-1,0,37067,125,29,144,0,0,0,0,0,0,0,0,-32307,0,0,0,0,0,79925,0
79931,-830,8114,48,71,-18,44,14121,9,-1,1,0,37067,125,29,144,0,0,0,0,0,0,0,0,-32307,0,0,0,0,0,79930,0
79936,-836,8118,48,81,-14,47,14120,0,1,1,0,37064,128,29,144,0,0,0,0,0,0,0,0,-32307,0,0,0,0,0,79935,0
79941,-798,8112,84,74,-16,52,14120,-9,-8,0,0,37064,128,29,144,0,0,0,0,0,0,0,0,-32307,0,0,0,0,0,79940,0
79946,-824,8114,42,81,-9,47,14120,-9,-2,1,0,37063,132,29,144,0,0,0,0,0,0,0,0,-32307,0,0,0,0,0,79945,0
79951,-840,8120,54,71,-14,47,14120,-2,1,2,0,37063,132,29,144,0,0,0,0,0,0,0,0,-32307,0,0,0,0,0,79950,0
79956,-834,8100,38,74,-6,53,14121,6,1,1,0,37060,122,29,144,0,0,0,0,0,0,0,0,-32307,0,0,0,0,0,79955,0
79961,-824,8108,44,74,-11,54,14121,0,2,1,0,37060,122,29,144,0,0,0,0,0,0,0,0,-32307,0,0,0,0,0,79960,0
79966,-826,8126,54,78,-17,52,14121,0,4,1,0,37060,124,29,144,0,0,0,0,0,0,0,0,-32307,0,0,0,0,0,79965,0
79971,-826,8098,44,72,-15,52,14122,-1,-2,1,0,37060,124,29,144,0,0,0,0,0,0,0,0,-32307,0,0,0,0,0,79970,0
79976,-800,8090,46,72,-10,49,14120,-3,-1,2,0,37061,127,29,144,0,0,0,0,0,0,0,0,-32307,0,0,0,0,0,79975,0
79981,-856,8078,-20,69,-13,48,14119,-3,0,1,0,37061,127,29,144,0,0,0,0,0,0,0,0,-32307,0,0,0,0,0,79980,0
79986,-818,8132,24,72,-13,56,14120,-3,-2,0,0,37060,136,29,144,0,0,0,0,0,0,0,0,-32307,0,0,0,0,0,79985,0
79991,-816,8132,40,75,-8,54,14120,1,2,1,0,37060,136,29,144,0,0,0,0,0,0,0,0,-32307,0,0,0,0,0,79990,0
79996,-808,8120,8,71,-14,54,14121,1,5,0,0,37060,134,29,144,0,0,0,0,0,0,0,0,-32306,0,0,0,0,0,79995,0
80001,-808,8108,20,70,-14,48,14121,-3,-3,2,0,37060,134,29,144,0,0,0,0,0,0,0,0,-32307,0,0,0,0,0,80000,0
80006,-838,8128,-20,70,-6,50,14121,4,-2,1,0,37059,128,29,144,0,0,0,0,0,0,0,0,-32307,0,0,0,0,0,80005,0
80011,-812,8128,22,64,-14,52,14120,-4,0,0,0,37059,128,29,144,0,0,0,0,0,0,0,0,-32307,0,0,0,0,0,80010,0
80016,-844,8090,26,62,-10,50,14120,-4,-3,1,0,37060,118,29,144,0,0,0,0,0,0,0,0,-32307,0,0,0,0,0,80015,0
80021,-818,8148,-14,60,-8,56,14120,3,1,0,0,37060,118,29,144,0,0,0,0,0,0,0,0,-32307,0,0,0,0,0,80020,0
80026,-824,8104,2,68,-13,54,14120,1,2,0,0,37060,120,29,144,0,0,0,0,0,0,0,0,-32307,0,0,0,0,0,80025,0
80031,-818,8088,-8,66,-15,51,14119,-7,4,0,0,37060,120,29,144,0,0,0,0,0,0,0,0,-32307,0,0,0,0,0,80030,0
80036,-838,8136,36,61,-13,55,14120,0,4,3,0,37066,128,29,144,0,0,0,0,0,0,0,0,-32307,0,0,0,0,0,80035,0
80041,-838,8090,28,59,-13,57,14120,-5,4,2,0,37066,128,29,144,0,0,0,0,0,0,0,0,-32307,0,0,0,0,0,80040,0
80046,-784,8128,72,54,-10,58,14120,1,3,0,0,37065,129,29,144,0,0,0,0,0,0,0,0,-32307,0,0,0,0,0,80045,0
80051,-818,8112,8,60,-9,56,14120,0,3,1,0,37065,129,29,144,0,0,0,0,0,0,0,0,-32307,0,0,0,0,0,80050,0
80056,-814,8114,54,52,-12,53,14120,0,0,0,0,37064,131,29,144,0,0,0,0,0,0,0,0,-32307,0,0,0,0,0,80055,0
80061,-810,8118,46,61,-14,54,14119,-6,0,1,0,37064,131,29,144,0,0,0,0,0,0,0,0,-32307,0,0,0,0,0,80060,0
80066,-798,8126,26,57,-15,59,14119,-9,3,1,0,37062,131,29,144,0,0,0,0,0,0,0,0,-32307,0,0,0,0,0,80065,0
80071,-796,8104,38,53,-19,54,14121,0,-4,1,0,37062,131,29,144,0,0,0,0,0,0,0,0,-32307,0,0,0,0,0,80070,0
80076,-824,8152,16,56,-19,50,14120,5,5,1,0,37066,136,29,144,0,0,0,0,0,0,0,0,-32307,0,0,0,0,0,80075,0
80081,-818,8106,38,56,-15,59,14120,-1,3,2,0,37066,136,29,144,0,0,0,0,0,0,0,0,-32307,0,0,0,0,0,80079,0
80086,-798,8134,50,52,-18,53,14120,-3,-1,1,0,37069,135,29,144,0,0,0,0,0,0,0,0,-32307,0,0,0,0,0,80084,0
80091,-784,8126,66,54,-17,51,14120,3,0,0,0,37069,135,29,144,0,0,0,0,0,0,0,0,-32307,0,0,0,0,0,80089,0
80096,-794,8130,58,54,-15,50,14120,-3,4,2,0,37067,122,29,144,0,0,0,0,0,0,0,0,-32307,0,0,0,0,0,80094,0
80101,-804,8078,30,53,-18,51,14121,0,1,1,0,37067,122,29,144,0,0,0,0,0,0,0,0,-32307,0,0,0,0,0,80099,0
80106,-860,8048,60,56,-12,53,14120,2,5,1,0,37064,121,29,144,0,0,0,0,0,0,0,0,-32307,0,0,0,0,0,80104,0
80111,-842,8172,54,50,-19,58,14120,-2,-3,0,0,37064,121,29,144,0,0,0,0,0,0,0,0,-32307,0,0,0,0,0,80109,0
80116,-830,8090,46,51,-14,49,14120,-3,-5,1,0,37065,128,29,144,0,0,0,0,0,0,0,0,-32307,0,0,0,0,0,80114,0
80121,-824,8108,56,53,-16,59,14119,-5,3,1,0,37065,128,29,144,0,0,0,0,0,0,0,0,-32307,0,0,0,0,0,80119,0
80126,-844,8116,60,53,-16,53,14121,7,5,1,0,37067,137,29,144,0,0,0,0,0,0,0,0,-32307,0,0,0,0,0,80124,0
80131,-838,8088,80,53,-17,54,14120,-11,-2,1,0,37067,137,29,144,0,0,0,0,0,0,0,0,-32307,0,0,0,0,0,80129,0
80136,-856,8082,54,51,-17,58,14121,4,2,1,0,37072,135,29,144,0,0,0,0,0,0,0,0,-32307,0,0,0,0,0,80134,0
80141,-854,8140,58,50,-14,59,14120,0,-1,2,0,37072,135,29,144,0,0,0,0,0,0,0,0,-32307,0,0,0,0,0,80139,0
80146,-842,8086,46,55,-16,54,14119,-5,1,3,0,37072,133,29,144,0,0,0,0,0,0,0,0,-32307,0,0,0,0,0,80144,0
80151,-798,8082,54,51,-10,60,14120,-3,-4,2,0,37072,133,29,144,0,0,0,0,0,0,0,0,-32308,0,0,0,0,0,80149,0
80156,-810,8054,62,50,-11,60,14120,-5,4,1,0,37073,135,29,144,0,0,0,0,0,0,0,0,-32308,0,0,0,0,0,80154,0
80161,-842,8068,46,50,-7,63,14119,-10,1,1,0,37073,135,29,144,0,0,0,0,0,0,0,0,-32307,0,0,0,0,0,80159,0
80166,-826,8114,74,51,-9,66,14121,-2,0,2,0,37067,133,29,144,0,0,0,0,0,0,0,0,-32307,0,0,0,0,0,80164,0
80171,-806,8118,80,50,-12,68,14120,-3,-4,1,0,37067,133,29,144,0,0,0,0,0,0,0,0,-32307,0,0,0,0,0,80169,0
80176,-766,8084,84,47,-16,70,14120,0,4,2,0,37067,125,29,144,0,0,0,0,0,0,0,0,-32307,0,0,0,0,0,80174,0
80181,-826,8142,66,58,-9,67,14121,1,0,2,0,37067,125,29,144,0,0,0,0,0,0,0,0,-32307,0,0,0,0,0,80179,0
80186,-820,8144,54,50,-14,69,14120,-2,-2,2,0,37065,126,29,144,0,0,0,0,0,0,0,0,-32307,0,0,0,0,0,80184,0
80191,-780,8128,98,48,-18,73,14121,0,3,2,0,37065,126,29,144,0,0,0,0,0,0,0,0,-32307,0,0,0,0,0,80189,0
80196,-758,8112,98,49,-11,73,14120,0,-5,0,0,37065,123,29,144,0,0,0,0,0,0,0,0,-32307,0,0,0,0,0,80194,0
80201,-786,8140,70,53,-15,64,14120,-2,1,0,0,37065,123,29,144,0,0,0,0,0,0,0,0,-32307,0,0,0,0,0,80199,0
80206,-794,8112,94,55,-12,69,14121,0,-4,0,0,37063,122,29,144,0,0,0,0,0,0,0,0,-32307,0,0,0,0,0,80204,0
80211,-786,8112,88,50,-8,67,14121,3,2,-1,0,37063,122,29,144,0,0,0,0,0,0,0,0,-32307,0,0,0,0,0,80209,0
80216,-774,8078,16,55,-11,70,14121,2,0,1,0,37063,117,29,144,0,0,0,0,0,0,0,0,-32307,0,0,0,0,0,80214,0
80221,-822,8102,66,50,-15,71,14121,3,0,1,0,37063,117,29,144,0,0,0,0,0,0,0,0,-32307,0,0,0,0,0,80219,0
80226,-776,8162,60,54,-12,69,14120,0,1,0,0,37062,119,29,144,0,0,0,0,0,0,0,0,-32307,0,0,0,0,0,80224,0
80231,-762,8138,38,53,-12,64,14120,-5,0,5,0,37062,119,29,144,0,0,0,0,0,0,0,0,-32307,0,0,0,0,0,80229,0
80236,-760,8114,46,49,-14,65,14120,3,-3,4,0,37068,121,29,144,0,0,0,0,0,0,0,0,-32307,0,0,0,0,0,80234,0
80241,-762,8072,80,56,-13,63,14121,5,1,1,0,37068,121,29,144,0,0,0,0,0,0,0,0,-32307,0,0,0,0,0,80239,0
80246,-810,8072,46,50,-12,65,14121,-2,3,1,0,37067,120,29,144,0,0,0,0,0,0,0,0,-32307,0,0,0,0,0,80244,0
80251,-766,8152,58,53,-12,65,14119,-3,-2,1,0,37067,120,29,144,0,0,0,0,0,0,0,0,-32307,0,0,0,0,0,80249,0
80256,-762,8092,62,54,-12,66,14121,-3,0,0,0,37068,123,29,144,0,0,0,0,0,0,0,0,-32307,0,0,0,0,0,80254,0
80261,-750,8158,38,49,-13,65,14120,3,-2,0,0,37068,123,29,144,0,0,0,0,0,0,0,0,-32307,0,0,0,0,0,80259,0
80266,-782,8134,36,55,-15,62,14120,0,5,2,0,37064,123,29,144,0,0,0,0,0,0,0,0,-32307,0,0,0,0,0,80264,0
80271,-772,8048,62,50,-11,68,14120,1,3,1,0,37064,123,29,144,0,0,0,0,0,0,0,0,-32307,0,0,0,0,0,80269,0
80276,-752,8140,46,46,-11,66,14120,0,-2,2,0,37065,130,29,144,0,0,0,0,0,0,0,0,-32307,0,0,0,0,0,80274,0
80281,-752,8120,58,46,-12,66,14120,-7,0,1,0,37065,130,29,144,0,0,0,0,0,0,0,0,-32307,0,0,0,0,0,80279,0
80286,-754,8086,24,46,-15,64,14119,-6,0,1,0,37064,130,29,144,0,0,0,0,0,0,0,0,-32307,0,0,0,0,0,80284,0
80291,-798,8088,36,47,-12,65,14120,-5,3,1,0,37064,130,29,144,0,0,0,0,0,0,0,0,-32307,0,0,0,0,0,80289,0
80296,-782,8066,48,41,-14,63,14121,0,0,2,0,37064,136,29,144,0,0,0,0,0,0,0,0,-32307,0,0,0,0,0,80294,0
80301,-768,8096,96,44,-14,66,14121,-2,0,3,0,37064,136,29,144,0,0,0,0,0,0,0,0,-32307,0,0,0,0,0,80299,0
80306,-798,8156,48,45,-15,63,14121,0,2,1,0,37062,146,29,144,0,0,0,0,0,0,0,0,-32307,0,0,0,0,0,80304,0
80311,-786,8094,44,40,-12,64,14120,0,0,1,0,37062,146,29,144,0,0,0,0,0,0,0,0,-32307,0,0,0,0,0,80309,0
80316,-766,8122,60,40,-13,63,14120,0,1,0,0,37064,144,29,144,0,0,0,0,0,0,0,0,-32307,0,0,0,0,0,80314,0
80321,-768,8144,24,44,-16,68,14120,4,-1,1,0,37064,144,29,144,0,0,0,0,0,0,0,0,-32307,0,0,0,0,0,80319,0
80326,-730,8150,112,36,-12,69,14120,-2,4,2,0,37067,139,29,144,0,0,0,0,0,0,0,0,-32307,0,0,0,0,0,80324,0
80331,-784,8150,48,43,-14,69,14121,4,0,2,0,37067,139,29,144,0,0,0,0,0,0,0,0,-32307,0,0,0,0,0,80329,0
80336,-764,8138,96,46,-13,68,14119,-1,2,-1,0,37075,131,29,144,0,0,0,0,0,0,0,0,-32307,0,0,0,0,0,80334,0
80341,-758,8112,96,43,-14,65,14118,-9,6,1,0,37075,131,29,144,0,0,0,0,0,0,0,0,-32307,0,0,0,0,0,80339,0
80346,-740,8118,60,45,-13,69,14120,-11,-2,3,0,37075,125,29,144,0,0,0,0,0,0,0,0,-32307,0,0,0,0,0,80344,0
80351,-756,8108,90,41,-17,67,14120,-5,4,1,0,37075,125,29,144,0,0,0,0,0,0,0,0,-32307,0,0,0,0,0,80349,0
80356,-784,8064,58,41,-10,63,14120,-3,1,1,0,37072,115,29,144,0,0,0,0,0,0,0,0,-32307,0,0,0,0,0,80354,0
80361,-752,8128,78,33,-10,69,14121,0,-1,0,0,37072,115,29,144,0,0,0,0,0,0,0,0,-32307,0,0,0,0,0,80359,0
80366,-768,8114,98,45,-10,62,14121,-5,-2,0,0,37066,122,29,144,0,0,0,0,0,0,0,0,-32307,0,0,0,0,0,80364,0
80371,-764,8124,86,39,-10,70,14121,3,3,0,0,37066,122,29,144,0,0,0,0,0,0,0,0,-32307,0,0,0,0,0,80369,0
80376,-742,8126,96,40,-15,71,14120,0,0,1,0,37067,124,29,144,0,0,0,0,0,0,0,0,-32307,0,0,0,0,0,80374,0
80381,-718,8120,148,37,-14,67,14121,3,1,0,0,37067,124,29,144,0,0,0,0,0,0,0,0,-32307,0,0,0,0,0,80379,0
80386,-750,8158,68,41,-10,66,14120,-1,-2,2,0,37066,136,29,144,0,0,0,0,0,0,0,0,-32307,0,0,0,0,0,80384,0
80391,-736,8128,92,38,-15,64,14119,-4,0,0,0,37066,136,29,144,0,0,0,0,0,0,0,0,-32307,0,0,0,0,0,80389,0
80396,-756,8114,100,41,-13,62,14120,-3,1,1,0,37064,135,29,144,0,0,0,0,0,0,0,0,-32307,0,0,0,0,0,80394,0
80401,-724,8130,72,38,-15,62,14121,-1,1,1,0,37064,135,29,144,0,0,0,0,0,0,0,0,-32307,0,0,0,0,0,80399,0
80406,-748,8140,92,40,-14,61,14121,6,2,0,0,37063,131,29,144,0,0,0,0,0,0,0,0,-32307,0,0,0,0,0,80404,0
80411,-748,8128,98,40,-14,63,14120,-1,0,0,0,37063,131,29,144,0,0,0,0,0,0,0,0,-32307,0,0,0,0,0,80409,0
80416,-778,8064,76,38,-14,60,14120,-2,-1,1,0,37066,126,29,144,0,0,0,0,0,0,0,0,-32307,0,0,0,0,0,80414,0
80421,-744,8134,100,40,-15,65,14120,0,0,2,0,37066,126,29,144,0,0,0,0,0,0,0,0,-32307,0,0,0,0,0,80419,0
80426,-724,8114,116,41,-15,61,14120,-2,0,0,0,37067,132,29,144,0,0,0,0,0,0,0,0,-32307,0,0,0,0,0,80424,0
80431,-708,8094,102,43,-16,57,14120,1,1,3,0,37067,132,29,144,0,0,0,0,0,0,0,0,-32307,0,0,0,0,0,80429,0
80436,-724,8128,84,45,-18,60,14120,1,-1,0,0,37066,125,29,144,0,0,0,0,0,0,0,0,-32307,0,0,0,0,0,80434,0
80441,-732,8128,110,43,-18,58,14121,3,2,0,0,37066,125,29,144,0,0,0,0,0,0,0,0,-32307,0,0,0,0,0,80439,0
80446,-696,8148,130,46,-17,62,14121,2,2,1,0,37071,132,29,144,0,0,0,0,0,0,0,0,-32307,0,0,0,0,0,80444,0
80451,-702,8098,92,42,-19,56,14121,4,2,2,0,37071,132,29,144,0,0,0,0,0,0,0,0,-32307,0,0,0,0,0,80449,0
80456,-738,8136,96,47,-13,59,14121,8,-2,2,0,37072,131,29,144,0,0,0,0,0,0,0,0,-32307,0,0,0,0,0,80454,0
80461,-726,8132,116,45,-22,55,14120,-2,-1,0,0,37072,131,29,144,0,0,0,0,0,0,0,0,-32307,0,0,0,0,0,80459,0
80466,-734,8120,98,43,-16,59,14121,-5,-6,1,0,37072,131,29,144,0,0,0,0,0,0,0,0,-32307,0,0,0,0,0,80464,0
80471,-740,8112,90,45,-16,59,14122,14,-1,2,0,37072,131,29,144,0,0,0,0,0,0,0,0,-32307,0,0,0,0,0,80469,0
80476,-714,8120,88,48,-15,54,14122,9,0,0,0,37066,139,29,144,0,0,0,0,0,0,0,0,-32307,0,0,0,0,0,80474,0
80481,-726,8104,118,50,-17,57,14120,6,-1,0,0,37066,139,29,144,0,0,0,0,0,0,0,0,-32307,0,0,0,0,0,80479,0
80486,-694,8126,100,40,-11,61,14120,-3,-2,2,0,37067,133,29,144,0,0,0,0,0,0,0,0,-32307,0,0,0,0,0,80484,0
80491,-728,8044,90,40,-13,55,14120,2,-1,2,0,37067,133,29,144,0,0,0,0,0,0,0,0,-32307,0,0,0,0,0,80489,0
80496,-762,8168,74,48,-15,56,14121,0,-3,2,0,37067,131,29,144,0,0,0,0,0,0,0,0,-32308,0,0,0,0,0,80494,0
80501,-742,8114,56,40,-17,58,14121,6,2,1,0,37067,131,29,144,0,0,0,0,0,0,0,0,-32307,0,0,0,0,0,80499,0
80506,-714,8096,86,44,-12,56,14121,-3,-7,1,0,37069,123,29,144,0,0,0,0,0,0,0,0,-32307,0,0,0,0,0,80504,0
80511,-704,8142,128,43,-12,53,14120,0,-1,0,0,37069,123,29,144,0,0,0,0,0,0,0,0,-32307,0,0,0,0,0,80509,0
80516,-716,8112,98,48,-18,60,14120,-3,-7,0,0,37066,121,29,144,0,0,0,0,0,0,0,0,-32307,0,0,0,0,0,80514,0
80521,-724,8132,122,44,-11,56,14120,0,-2,0,0,37066,121,29,144,0,0,0,0,0,0,0,0,-32307,0,0,0,0,0,80519,0
80526,-722,8112,102,42,-13,60,14121,-1,-2,1,0,37067,130,29,144,0,0,0,0,0,0,0,0,-32307,0,0,0,0,0,80524,0
80531,-730,8050,118,44,-7,54,14121,2,0,2,0,37067,130,29,144,0,0,0,0,0,0,0,0,-32307,0,0,0,0,0,80529,0
80536,-720,8150,106,46,-11,56,14122,9,1,1,0,37066,130,29,144,0,0,0,0,0,0,0,0,-32307,0,0,0,0,0,80534,0
80541,-724,8100,90,45,-11,52,14120,-1,2,0,0,37066,130,29,144,0,0,0,0,0,0,0,0,-32307,0,0,0,0,0,80539,0
80546,-692,8136,100,41,-19,63,14120,-5,-3,0,0,37069,124,29,144,0,0,0,0,0,0,0,0,-32307,0,0,0,0,0,80544,0
80551,-736,8118,118,45,-11,56,14122,9,-1,-1,0,37069,124,29,144,0,0,0,0,0,0,0,0,-32307,0,0,0,0,0,80549,0
80556,-702,8134,106,43,-13,55,14121,-1,3,0,0,37066,126,29,144,0,0,0,0,0,0,0,0,-32307,0,0,0,0,0,80554,0
80561,-712,8130,114,41,-8,53,14120,-3,0,0,0,37066,126,29,144,0,0,0,0,0,0,0,0,-32308,0,0,0,0,0,80559,0
80566,-680,8154,112,39,-12,54,14120,0,-2,1,0,37069,134,29,144,0,0,0,0,0,0,0,0,-32307,0,0,0,0,0,80564,0
80571,-670,8134,82,45,-7,50,14121,3,0,2,0,37069,134,29,144,0,0,0,0,0,0,0,0,-32307,0,0,0,0,0,80569,0
80576,-728,8134,130,41,-7,51,14120,-2,2,0,0,37070,134,29,144,0,0,0,0,0,0,0,0,-32307,0,0,0,0,0,80574,0
80581,-666,8074,166,38,-9,53,14121,2,1,0,0,37070,134,29,144,0,0,0,0,0,0,0,0,-32307,0,0,0,0,0,80579,0
80586,-740,8160,118,40,-4,52,14120,1,-2,0,0,37070,131,29,144,0,0,0,0,0,0,0,0,-32307,0,0,0,0,0,80584,0
80591,-750,8124,108,41,-6,54,14120,0,0,0,0,37070,131,29,144,0,0,0,0,0,0,0,0,-32307,0,0,0,0,0,80589,0
80596,-722,8124,110,35,-6,53,14120,-5,1,0,0,37070,121,29,144,0,0,0,0,0,0,0,0,-32307,0,0,0,0,0,80594,0
80601,-738,8102,106,42,-10,55,14121,7,4,1,0,37070,121,29,144,0,0,0,0,0,0,0,0,-32307,0,0,0,0,0,80599,0
80606,-730,8118,106,34,-7,53,14121,4,1,1,0,37068,127,29,144,0,0,0,0,0,0,0,0,-32307,0,0,0,0,0,80604,0
80611,-736,8122,112,39,-10,47,14120,6,-2,0,0,37068,127,29,144,0,0,0,0,0,0,0,0,-32307,0,0,0,0,0,80609,0
80616,-728,8086,110,44,-8,50,14120,3,3,0,0,37064,126,29,144,0,0,0,0,0,0,0,0,-32307,0,0,0,0,0,80614,0
80621,-742,8118,110,44,-4,57,14121,6,1,0,0,37064,126,29,144,0,0,0,0,0,0,0,0,-32307,0,0,0,0,0,80619,0
80626,-726,8118,136,46,-8,50,14122,-1,5,0,0,37064,139,29,144,0,0,0,0,0,0,0,0,-32307,0,0,0,0,0,80624,0
80631,-742,8110,138,42,-14,53,14120,-2,0,2,0,37064,139,29,144,0,0,0,0,0,0,0,0,-32307,0,0,0,0,0,80629,0
80636,-698,8138,144,48,-13,51,14120,-1,-4,2,0,37066,141,29,144,0,0,0,0,0,0,0,0,-32307,0,0,0,0,0,80634,0
80641,-670,8104,198,41,-14,53,14121,2,-4,1,0,37066,141,29,144,0,0,0,0,0,0,0,0,-32307,0,0,0,0,0,80639,0
80646,-714,8104,108,49,-13,49,14121,1,0,1,0,37066,141,29,144,0,0,0,0,0,0,0,0,-32307,0,0,0,0,0,80644,0
80651,-698,8124,144,42,-14,51,14121,-3,3,0,0,37066,141,29,144,0,0,0,0,0,0,0,0,-32307,0,0,0,0,0,80649,0
80656,-712,8118,142,44,-11,50,14121,0,2,-1,0,37066,131,29,144,0,0,0,0,0,0,0,0,-32307,0,0,0,0,0,80654,0
80661,-708,8124,134,53,-12,50,14121,0,2,1,0,37066,131,29,144,0,0,0,0,0,0,0,0,-32307,0,0,0,0,0,80659,0
80666,-708,8136,126,49,-15,50,14121,-1,3,1,0,37067,122,29,144,0,0,0,0,0,0,0,0,-32307,0,0,0,0,0,80664,0
80671,-696,8132,154,47,-15,54,14120,-5,3,1,0,37067,122,29,144,0,0,0,0,0,0,0,0,-32307,0,0,0,0,0,80669,0
80676,-682,8098,136,49,-18,45,14120,-2,0,1,0,37068,123,29,144,0,0,0,0,0,0,0,0,-32307,0,0,0,0,0,80674,0
80681,-686,8110,134,48,-18,47,14121,1,0,1,0,37068,123,29,144,0,0,0,0,0,0,0,0,-32307,0,0,0,0,0,80679,0
80686,-680,8086,152,50,-19,44,14120,-3,0,2,0,37065,132,29,144,0,0,0,0,0,0,0,0,-32307,0,0,0,0,0,80684,0
80691,-698,8102,158,51,-17,46,14121,6,3,2,0,37065,132,29,144,0,0,0,0,0,0,0,0,-32307,0,0,0,0,0,80689,0
80696,-708,8122,140,53,-21,46,14120,-6,-4,1,0,37061,137,29,144,0,0,0,0,0,0,0,0,-32307,0,0,0,0,0,80694,0
80701,-708,8078,90,52,-22,39,14120,4,-2,1,0,37061,137,29,144,0,0,0,0,0,0,0,0,-32307,0,0,0,0,0,80699,0
80706,-732,8052,136,56,-18,42,14121,0,0,0,0,37063,135,29,144,0,0,0,0,0,0,0,0,-32307,0,0,0,0,0,80704,0
80711,-692,8172,146,54,-21,41,14122,9,3,1,0,37063,135,29,144,0,0,0,0,0,0,0,0,-32307,0,0,0,0,0,80709,0
80716,-680,8114,122,54,-12,45,14121,4,1,2,0,37065,125,29,144,0,0,0,0,0,0,0,0,-32307,0,0,0,0,0,80714,0
80721,-684,8112,152,47,-20,41,14121,-4,4,1,0,37065,125,29,144,0,0,0,0,0,0,0,0,-32307,0,0,0,0,0,80719,0
80726,-694,8124,126,53,-17,42,14120,-1,-1,1,0,37066,123,29,144,0,0,0,0,0,0,0,0,-32307,0,0,0,0,0,80724,0
80731,-686,8118,126,58,-18,40,14121,-3,0,2,0,37066,123,29,144,0,0,0,0,0,0,0,0,-32307,0,0,0,0,0,80729,0
80736,-680,8128,134,53,-19,43,14121,-7,-1,2,0,37063,119,29,144,0,0,0,0,0,0,0,0,-32307,0,0,0,0,0,80734,0
80741,-672,8116,132,53,-14,36,14121,3,3,2,0,37063,119,29,144,0,0,0,0,0,0,0,0,-32307,0,0,0,0,0,80739,0
80746,-704,8118,132,50,-16,40,14120,0,-4,0,0,37061,126,29,144,0,0,0,0,0,0,0,0,-32307,0,0,0,0,0,80744,0
80751,-684,8122,124,54,-22,35,14120,0,1,0,0,37061,126,29,144,0,0,0,0,0,0,0,0,-32307,0,0,0,0,0,80749,0
80756,-672,8100,132,56,-18,41,14120,-1,-2,0,0,37064,122,29,144,0,0,0,0,0,0,0,0,-32307,0,0,0,0,0,80754,0
80761,-702,8138,124,51,-16,40,14121,2,1,1,0,37064,122,29,144,0,0,0,0,0,0,0,0,-32307,0,0,0,0,0,80759,0
80766,-700,8160,152,52,-15,35,14122,5,4,0,0,37069,129,29,144,0,0,0,0,0,0,0,0,-32307,0,0,0,0,0,80764,0
80771,-724,8142,134,50,-20,34,14121,0,-2,0,0,37069,129,29,144,0,0,0,0,0,0,0,0,-32308,0,0,0,0,0,80769,0
80776,-710,8132,128,49,-13,38,14120,0,-3,1,0,37069,130,29,144,0,0,0,0,0,0,0,0,-32307,0,0,0,0,0,80774,0
80781,-684,8088,136,51,-17,36,14120,-2,-2,1,0,37069,130,29,144,0,0,0,0,0,0,0,0,-32307,0,0,0,0,0,80779,0
80786,-692,8118,128,57,-14,33,14121,2,1,1,0,37068,136,29,144,0,0,0,0,0,0,0,0,-32307,0,0,0,0,0,80784,0
80791,-694,8124,130,53,-13,31,14121,2,2,2,0,37068,136,29,144,0,0,0,0,0,0,0,0,-32307,0,0,0,0,0,80790,0
80796,-690,8110,154,52,-15,36,14121,0,0,1,0,37061,136,29,144,0,0,0,0,0,0,0,0,-32307,0,0,0,0,0,80795,0
80801,-702,8126,132,51,-10,35,14121,0,2,1,0,37061,136,29,144,0,0,0,0,0,0,0,0,-32307,0,0,0,0,0,80800,0
80806,-686,8108,148,56,-19,37,14122,8,0,0,0,37060,132,29,144,0,0,0,0,0,0,0,0,-32307,0,0,0,0,0,80805,0
80811,-706,8136,140,55,-17,35,14122,0,-1,1,0,37060,132,29,144,0,0,0,0,0,0,0,0,-32307,0,0,0,0,0,80810,0
80816,-714,8120,150,58,-11,34,14121,1,0,2,0,37062,137,29,144,0,0,0,0,0,0,0,0,-32307,0,0,0,0,0,80815,0
80821,-718,8106,140,53,-18,36,14121,0,0,1,0,37062,137,29,144,0,0,0,0,0,0,0,0,-32307,0,0,0,0,0,80820,0
80826,-684,8116,160,50,-13,34,14121,2,0,1,0,37065,137,29,144,0,0,0,0,0,0,0,0,-32307,0,0,0,0,0,80825,0
80831,-702,8120,160,49,-15,32,14121,0,-2,1,0,37065,137,29,144,0,0,0,0,0,0,0,0,-32307,0,0,0,0,0,80830,0
80836,-688,8110,132,52,-14,34,14121,0,0,2,0,37069,139,29,144,0,0,0,0,0,0,0,0,-32307,0,0,0,0,0,80835,0
80841,-692,8134,166,58,-15,26,14121,8,0,2,0,37069,139,29,144,0,0,0,0,0,0,0,0,-32307,0,0,0,0,0,80840,0
80846,-698,8124,166,52,-15,30,14121,2,1,1,0,37065,131,29,144,0,0,0,0,0,0,0,0,-32307,0,0,0,0,0,80845,0
80851,-692,8132,156,54,-14,29,14120,0,-4,1,0,37065,131,29,144,0,0,0,0,0,0,0,0,-32307,0,0,0,0,0,80850,0
80856,-684,8088,160,61,-17,26,14121,-1,-1,2,0,37064,124,29,144,0,0,0,0,0,0,0,0,-32307,0,0,0,0,0,80855,0
80861,-688,8114,146,56,-17,28,14123,2,1,3,0,37064,124,29,144,0,0,0,0,0,0,0,0,-32307,0,0,0,0,0,80860,0
80866,-690,8092,154,59,-13,25,14121,5,-2,3,0,37063,116,29,144,0,0,0,0,0,0,0,0,-32307,0,0,0,0,0,80865,0
80871,-706,8090,158,51,-14,27,14121,-1,-3,1,0,37063,116,29,144,0,0,0,0,0,0,0,0,-32307,0,0,0,0,0,80870,0
80876,-680,8110,138,58,-16,22,14120,-7,-7,0,0,37063,118,29,144,0,0,0,0,0,0,0,0,-32307,0,0,0,0,0,80875,0
80881,-696,8102,152,61,-9,21,14121,7,1,1,0,37063,118,29,144,0,0,0,0,0,0,0,0,-32307,0,0,0,0,0,80880,0
80886,-684,8110,146,57,-13,23,14121,0,4,2,0,37063,120,29,144,0,0,0,0,0,0,0,0,-32307,0,0,0,0,0,80885,0
80891,-688,8106,162,65,-19,22,14123,9,0,1,0,37063,120,29,144,0,0,0,0,0,0,0,0,-32307,0,0,0,0,0,80890,0
80896,-714,8124,168,60,-15,21,14123,11,1,1,0,37060,135,29,144,0,0,0,0,0,0,0,0,-32307,0,0,0,0,0,80895,0
80901,-690,8098,160,59,-14,19,14120,-2,2,2,0,37060,135,29,144,0,0,0,0,0,0,0,0,-32307,0,0,0,0,0,80900,0
80906,-680,8120,146,60,-13,19,14120,-9,-8,1,0,37061,133,29,144,0,0,0,0,0,0,0,0,-32307,0,0,0,0,0,80905,0
80911,-686,8132,158,60,-15,20,14120,-7,0,0,0,37061,133,29,144,0,0,0,0,0,0,0,0,-32307,0,0,0,0,0,80911,0
80916,-670,8126,144,61,-8,18,14121,-3,-1,2,0,37061,124,29,144,0,0,0,0,0,0,0,0,-32307,0,0,0,0,0,80916,0
80921,-666,8148,188,67,-13,15,14121,-2,-1,0,0,37061,124,29,144,0,0,0,0,0,0,0,0,-32307,0,0,0,0,0,80921,0
80926,-668,8134,136,59,-13,17,14122,4,2,0,0,37063,122,29,144,0,0,0,0,0,0,0,0,-32307,0,0,0,0,0,80926,0
80931,-708,8090,164,63,-11,16,14122,7,2,2,0,37063,122,29,144,0,0,0,0,0,0,0,0,-32307,0,0,0,0,0,80931,0
80936,-708,8116,152,66,-14,14,14121,-5,1,1,0,37065,114,29,144,0,0,0,0,0,0,0,0,-32307,0,0,0,0,0,80936,0
80941,-718,8132,156,58,-8,16,14121,0,-2,1,0,37065,114,29,144,0,0,0,0,0,0,0,0,-32307,0,0,0,0,0,80941,0
80946,-740,8126,156,64,-8,17,14122,4,-3,2,0,37063,120,29,144,0,0,0,0,0,0,0,0,-32306,0,0,0,0,0,80946,0
80951,-708,8118,156,64,-17,19,14121,-1,2,0,0,37063,120,29,144,0,0,0,0,0,0,0,0,-32307,0,0,0,0,0,80951,0
80956,-766,8110,156,67,-13,18,14121,-2,-1,0,0,37063,128,29,144,0,0,0,0,0,0,0,0,-32307,0,0,0,0,0,80956,0
80961,-760,8100,150,70,-12,17,14121,-4,-3,-1,0,37063,128,29,144,0,0,0,0,0,0,0,0,-32307,0,0,0,0,0,80961,0
80966,-746,8092,144,65,-14,21,14122,2,0,1,0,37066,135,29,144,0,0,0,0,0,0,0,0,-32307,0,0,0,0,0,80966,0
80971,-772,8098,156,70,-17,21,14122,-2,1,0,0,37066,135,29,144,0,0,0,0,0,0,0,0,-32307,0,0,0,0,0,80971,0
80976,-750,8094,138,64,-14,25,14121,-1,-1,1,0,37069,141,29,144,0,0,0,0,0,0,0,0,-32307,0,0,0,0,0,80976,0
80981,-770,8094,156,71,-19,21,14121,2,-2,1,0,37069,141,29,144,0,0,0,0,0,0,0,0,-32307,0,0,0,0,0,80981,0
80986,-766,8116,154,65,-18,27,14120,-3,0,1,0,37067,139,29,144,0,0,0,0,0,0,0,0,-32307,0,0,0,0,0,80986,0
80991,-742,8106,164,66,-20,20,14121,-1,2,1,0,37067,139,29,144,0,0,0,0,0,0,0,0,-32307,0,0,0,0,0,80991,0
80996,-750,8136,160,70,-21,21,14121,0,1,1,0,37058,130,29,144,0,0,0,0,0,0,0,0,-32307,0,0,0,0,0,80996,0
81001,-716,8132,148,76,-20,24,14121,0,1,2,0,37058,130,29,144,0,0,0,0,0,0,0,0,-32307,0,0,0,0,0,81001,0
81006,-728,8104,166,73,-15,26,14121,1,0,1,0,37052,122,29,144,0,0,0,0,0,0,0,0,-32307,0,0,0,0,0,81006,0
81011,-704,8094,162,70,-17,27,14120,0,3,0,0,37052,122,29,144,0,0,0,0,0,0,0,0,-32307,0,0,0,0,0,81011,0
81016,-696,8120,170,65,-20,26,14122,0,1,0,0,37053,125,29,144,0,0,0,0,0,0,0,0,-32308,0,0,0,0,0,81016,0
81021,-698,8118,164,70,-18,25,14121,1,-2,0,0,37053,125,29,144,0,0,0,0,0,0,0,0,-32307,0,0,0,0,0,81021,0
81026,-730,8134,174,72,-15,25,14122,2,3,1,0,37056,128,29,144,0,0,0,0,0,0,0,0,-32307,0,0,0,0,0,81026,0
81031,-720,8102,168,70,-17,26,14121,-1,1,1,0,37056,128,29,144,0,0,0,0,0,0,0,0,-32307,0,0,0,0,0,81031,0
81036,-694,8098,170,73,-16,22,14122,4,1,1,0,37058,136,29,144,0,0,0,0,0,0,0,0,-32307,0,0,0,0,0,81036,0
81041,-694,8106,156,71,-18,24,14121,0,-6,2,0,37058,136,29,144,0,0,0,0,0,0,0,0,-32307,0,0,0,0,0,81041,0
81046,-716,8122,148,71,-15,26,14120,-4,-3,3,0,37058,141,29,144,0,0,0,0,0,0,0,0,-32307,0,0,0,0,0,81046,0
81051,-670,8092,170,74,-19,20,14121,0,2,0,0,37058,141,29,144,0,0,0,0,0,0,0,0,-32307,0,0,0,0,0,81050,0
81056,-678,8108,166,70,-20,23,14120,-5,2,0,0,37057,132,29,144,0,0,0,0,0,0,0,0,-32307,0,0,0,0,0,81055,0
81061,-700,8120,174,70,-15,25,14120,-5,-2,-1,0,37057,132,29,144,0,0,0,0,0,0,0,0,-32307,0,0,0,0,0,81060,0
81066,-696,8122,160,74,-14,21,14122,3,-1,1,0,37061,124,29,144,0,0,0,0,0,0,0,0,-32308,0,0,0,0,0,81065,0
81071,-676,8146,144,81,-15,20,14120,0,4,1,0,37061,124,29,144,0,0,0,0,0,0,0,0,-32307,0,0,0,0,0,81070,0
81076,-648,8146,170,76,-15,23,14122,1,3,0,0,37065,119,29,144,0,0,0,0,0,0,0,0,-32307,0,0,0,0,0,81075,0
81081,-678,8108,180,78,-14,17,14121,-5,-2,0,0,37065,119,29,144,0,0,0,0,0,0,0,0,-32307,0,0,0,0,0,81080,0
81086,-696,8124,172,76,-12,15,14120,-9,-2,1,0,37069,123,29,144,0,0,0,0,0,0,0,0,-32307,0,0,0,0,0,81085,0
81091,-700,8110,160,81,-10,18,14121,-2,-4,1,0,37069,123,29,144,0,0,0,0,0,0,0,0,-32307,0,0,0,0,0,81090,0
81096,-710,8106,168,79,-8,15,14121,0,-4,2,0,37066,125,29,144,0,0,0,0,0,0,0,0,-32307,0,0,0,0,0,81095,0
81101,-730,8102,164,81,-11,18,14121,4,1,2,0,37066,125,29,144,0,0,0,0,0,0,0,0,-32307,0,0,0,0,0,81100,0
81106,-738,8052,144,83,-9,17,14122,4,2,0,0,37064,119,29,144,0,0,0,0,0,0,0,0,-32307,0,0,0,0,0,81105,0
81111,-784,8010,200,78,-5,19,14121,2,4,1,0,37064,119,29,144,0,0,0,0,0,0,0,0,-32307,0,0,0,0,0,81110,0
81116,-870,8018,228,83,-4,23,14121,-1,0,1,0,37062,133,29,144,0,0,0,0,0,0,0,0,-32307,0,0,0,0,0,81115,0
81121,-886,8032,232,86,-1,32,14122,6,-2,1,0,37062,133,29,144,0,0,0,0,0,0,0,0,-32307,0,0,0,0,0,81120,0
81126,-888,8022,252,89,-3,34,14120,-3,-3,1,0,37063,137,29,144,0,0,0,0,0,0,0,0,-32307,0,0,0,0,0,81125,0
81131,-910,8012,258,96,2,40,14122,3,2,0,0,37063,137,29,144,0,0,0,0,0,0,0,0,-32307,0,0,0,0,0,81130,0
81136,-868,8010,262,94,8,52,14121,-3,-4,1,0,37063,137,29,144,0,0,0,0,0,0,0,0,-32307,0,0,0,0,0,81135,0
81141,-944,7988,204,101,7,59,14120,-1,5,2,0,37063,137,29,144,0,0,0,0,0,0,0,0,-32306,0,0,0,0,0,81140,0
81146,-910,8022,190,96,16,62,14121,-1,-1,2,0,37063,134,29,144,0,0,0,0,0,0,0,0,-32307,0,0,0,0,0,81145,0
81151,-958,7988,258,105,17,64,14122,7,-1,1,0,37063,134,29,144,0,0,0,0,0,0,0,0,-32307,0,0,0,0,0,81150,0
81156,-936,7938,248,110,25,83,14122,8,2,1,0,37069,127,29,144,0,0,0,0,0,0,0,0,-32308,0,0,0,0,0,81155,0
81161,-830,8022,286,108,27,90,14121,3,3,2,0,37069,127,29,144,0,0,0,0,0,0,0,0,-32307,0,0,0,0,0,81160,0
81166,-926,7932,240,111,32,93,14121,0,-2,4,0,37083,125,29,144,0,0,0,0,0,0,0,0,-32307,0,0,0,0,0,81165,0
81171,-1028,7830,230,123,31,100,14121,-2,-3,2,0,37083,125,29,144,0,0,0,0,0,0,0,0,-32307,0,0,0,0,0,81170,0
81176,-1056,7968,254,125,37,115,14121,2,-4,2,0,37082,131,29,144,0,0,0,0,0,0,0,0,-32307,0,0,0,0,0,81175,0
81181,-998,7948,240,130,32,124,14121,0,-2,2,0,37082,131,29,144,0,0,0,0,0,0,0,0,-32308,0,0,0,0,0,81180,0
81186,-978,8022,254,128,34,132,14120,-5,-1,3,0,37078,132,29,144,0,0,0,0,0,0,0,0,-32308,0,0,0,0,0,81185,0
81191,-966,8042,272,135,29,140,14119,-5,-1,3,0,37078,132,29,144,0,0,0,0,0,0,0,0,-32307,0,0,0,0,0,81190,0
81196,-914,8068,314,147,23,153,14120,-6,2,4,0,37067,136,29,144,0,0,0,0,0,0,0,0,-32307,0,0,0,0,0,81195,0
81201,-904,8112,290,146,24,162,14121,5,1,3,0,37067,136,29,144,0,0,0,0,0,0,0,0,-32307,0,0,0,0,0,81200,0
81206,-858,8110,282,155,20,166,14120,2,0,5,0,37063,129,29,144,0,0,0,0,0,0,0,0,-32307,0,0,0,0,0,81205,0
81211,-812,8124,244,161,13,168,14120,2,4,6,0,37063,129,29,144,0,0,0,0,0,0,0,0,-32307,0,0,0,0,0,81210,0
81216,-828,8120,236,169,5,182,14118,-3,-1,5,0,37063,126,29,144,0,0,0,0,0,0,0,0,-32307,0,0,0,0,0,81215,0
81221,-802,8096,262,168,5,186,14118,-5,2,8,0,37063,126,29,144,0,0,0,0,0,0,0,0,-32307,0,0,0,0,0,81220,0
81226,-790,8082,240,170,-1,184,14117,-2,-10,11,0,37063,125,29,144,0,0,0,0,0,0,0,0,-32307,0,0,0,0,0,81225,0
81231,-786,8104,252,182,-11,186,14115,-5,-1,14,0,37063,125,29,144,0,0,0,0,0,0,0,0,-32307,0,0,0,0,0,81230,0
81236,-718,8046,260,189,-11,190,14112,-11,-2,18,0,37063,126,29,144,0,0,0,0,0,0,0,0,-32307,0,0,0,0,0,81235,0
81241,-728,8050,252,195,-20,190,14111,-10,-5,26,0,37063,126,29,144,0,0,0,0,0,0,0,0,-32307,0,0,0,0,0,81240,0
81246,-726,8042,276,195,-19,189,14104,-26,-6,38,0,37063,119,29,144,0,0,0,0,0,0,0,0,-32307,0,0,0,0,0,81245,0
81251,-684,8024,276,206,-16,189,14097,-37,-20,61,0,37063,119,29,144,0,0,0,0,0,0,0,0,-32307,0,0,0,0,0,81250,0
81256,-680,8036,280,209,-22,194,14083,-65,-33,95,0,37061,122,29,144,0,0,0,0,0,0,0,0,-32307,0,0,0,0,0,81255,0
81261,-638,8060,286,210,-23,190,14071,-55,-42,110,0,37061,122,29,144,0,0,0,0,0,0,0,0,-32307,0,0,0,0,0,81260,0
81266,-592,8062,258,221,-20,188,14065,-27,-26,73,0,37065,128,29,144,0,0,0,0,0,0,0,0,-32307,0,0,0,0,0,81265,0
81271,-546,8040,246,223,-16,186,14064,-7,14,19,0,37065,128,29,144,0,0,0,0,0,0,0,0,-32306,0,0,0,0,0,81270,0
81276,-476,8100,198,225,-16,178,14064,-3,44,2,0,37070,135,29,144,0,0,0,0,0,0,0,0,-32307,0,0,0,0,0,81275,0
81281,-460,8140,204,234,-4,176,14066,1,52,3,0,37070,135,29,144,0,0,0,0,0,0,0,0,-32307,0,0,0,0,0,81280,0
81286,-470,8144,180,231,-11,165,14065,4,35,3,0,37069,136,29,144,0,0,0,0,0,0,0,0,-32307,0,0,0,0,0,81285,0
81291,-470,8136,172,236,-11,162,14065,-1,13,3,0,37069,136,29,144,0,0,0,0,0,0,0,0,-32307,0,0,0,0,0,81290,0
81296,-426,8144,128,242,-9,152,14065,1,-1,3,0,37066,130,29,144,0,0,0,0,0,0,0,0,-32307,0,0,0,0,0,81295,0
81301,-392,8154,120,240,-15,153,14065,3,-3,4,0,37066,130,29,144,0,0,0,0,0,0,0,0,-32307,0,0,0,0,0,81300,0
81306,-382,8160,116,237,-16,137,14064,0,3,4,0,37061,130,29,144,0,0,0,0,0,0,0,0,-32307,0,0,0,0,0,81305,0
81311,-332,8184,70,238,-10,130,14064,0,-1,4,0,37061,130,29,144,0,0,0,0,0,0,0,0,-32307,0,0,0,0,0,81310,0
81316,-302,8226,52,242,-17,114,14064,-8,-3,6,0,37062,136,29,144,0,0,0,0,0,0,0,0,-32307,0,0,0,0,0,81315,0
81321,-326,8220,62,237,-20,108,14064,2,4,5,0,37062,136,29,144,0,0,0,0,0,0,0,0,-32307,0,0,0,0,0,81320,0
81326,-356,8230,52,244,-19,100,14063,-8,-2,5,0,37065,133,29,144,0,0,0,0,0,0,0,0,-32307,0,0,0,0,0,81325,0
81331,-400,8184,10,239,-19,93,14064,0,2,6,0,37065,133,29,144,0,0,0,0,0,0,0,0,-32307,0,0,0,0,0,81330,0
81336,-422,8226,26,234,-19,83,14062,-3,3,6,0,37067,133,29,144,0,0,0,0,0,0,0,0,-32307,0,0,0,0,0,81335,0
81341,-368,8316,36,238,-15,73,14063,-2,1,5,0,37067,133,29,144,0,0,0,0,0,0,0,0,-32307,0,0,0,0,0,81340,0
81346,-406,8172,-66,241,-15,71,14063,2,-3,6,0,37068,128,29,144,0,0,0,0,0,0,0,0,-32307,0,0,0,0,0,81345,0
81351,-392,8226,0,237,-16,62,14062,1,1,6,0,37068,128,29,144,0,0,0,0,0,0,0,0,-32307,0,0,0,0,0,81350,0
81356,-406,8224,-78,228,-13,55,14062,-1,2,5,0,37064,125,29,144,0,0,0,0,0,0,0,0,-32307,0,0,0,0,0,81355,0
81361,-398,8268,-106,224,-16,47,14061,-3,-3,6,0,37064,125,29,144,0,0,0,0,0,0,0,0,-32307,0,0,0,0,0,81360,0
81366,-430,8190,-44,223,-9,43,14060,-5,0,9,0,37063,122,29,144,0,0,0,0,0,0,0,0,-32307,0,0,0,0,0,81365,0
81371,-454,8206,-110,227,-6,42,14059,-7,-3,7,0,37063,122,29,144,0,0,0,0,0,0,0,0,-32307,0,0,0,0,0,81370,0
81376,-504,8132,-44,215,-16,30,14061,-1,2,4,0,37064,124,29,144,0,0,0,0,0,0,0,0,-32307,0,0,0,0,0,81375,0
81381,-514,8142,-102,224,-20,21,14059,-6,0,4,0,37064,124,29,144,0,0,0,0,0,0,0,0,-32307,0,0,0,0,0,81380,0
81386,-500,8206,-94,208,-22,16,14060,-7,2,5,0,37067,118,29,144,0,0,0,0,0,0,0,0,-32307,0,0,0,0,0,81385,0
81391,-440,8168,-108,210,-23,14,14060,-5,-2,8,0,37067,118,29,144,0,0,0,0,0,0,0,0,-32307,0,0,0,0,0,81390,0
81396,-374,8324,-164,199,-27,0,14059,-4,4,7,0,37066,123,29,144,0,0,0,0,0,0,0,0,-32307,0,0,0,0,0,81395,0
81401,-326,8294,-194,197,-24,0,14059,-3,-2,7,0,37066,123,29,144,0,0,0,0,0,0,0,0,-32307,0,0,0,0,0,81400,0
81406,-318,8306,-202,192,-27,-13,14058,-2,0,7,0,37064,123,29,144,0,0,0,0,0,0,0,0,-32307,0,0,0,0,0,81405,0
81411,-314,8296,-232,188,-37,-17,14057,-6,2,8,0,37064,123,29,144,0,0,0,0,0,0,0,0,-32307,0,0,0,0,0,81410,0
81416,-352,8266,-234,173,-41,-34,14057,5,1,8,0,37061,128,29,144,0,0,0,0,0,0,0,0,-32307,0,0,0,0,0,81415,0
81421,-404,8288,-250,169,-49,-40,14057,-2,3,6,0,37061,128,29,144,0,0,0,0,0,0,0,0,-32307,0,0,0,0,0,81420,0
81426,-394,8286,-278,161,-48,-48,14057,-3,3,5,0,37064,127,29,144,0,0,0,0,0,0,0,0,-32307,0,0,0,0,0,81425,0
81431,-396,8274,-286,157,-46,-52,14058,-2,0,6,0,37064,127,29,144,0,0,0,0,0,0,0,0,-32307,0,0,0,0,0,81430,0
81436,-412,8298,-354,139,-48,-67,14057,1,-2,5,0,37064,128,29,144,0,0,0,0,0,0,0,0,-32307,0,0,0,0,0,81435,0
81441,-388,8332,-354,128,-49,-69,14056,1,-1,4,0,37064,128,29,144,0,0,0,0,0,0,0,0,-32307,0,0,0,0,0,81440,0
81446,-430,8306,-390,120,-50,-74,14057,1,-1,3,0,37065,124,29,144,0,0,0,0,0,0,0,0,-32307,0,0,0,0,0,81445,0
81451,-448,8302,-392,112,-52,-82,14057,2,-1,3,0,37065,124,29,144,0,0,0,0,0,0,0,0,-32307,0,0,0,0,0,81450,0
81456,-448,8260,-416,87,-43,-85,14057,2,3,3,0,37064,128,29,144,0,0,0,0,0,0,0,0,-32307,0,0,0,0,0,81455,0
81461,-454,8260,-406,77,-41,-94,14056,-2,-7,3,0,37064,128,29,144,0,0,0,0,0,0,0,0,-32307,0,0,0,0,0,81460,0
81466,-488,8284,-402,69,-39,-97,14057,0,0,1,0,37065,123,29,144,0,0,0,0,0,0,0,0,-32307,0,0,0,0,0,81465,0
81471,-512,8274,-398,47,-36,-94,14056,3,-4,1,0,37065,123,29,144,0,0,0,0,0,0,0,0,-32307,0,0,0,0,0,81470,0
81476,-504,8264,-338,32,-27,-100,14056,-4,0,2,0,37065,128,29,144,0,0,0,0,0,0,0,0,-32307,0,0,0,0,0,81475,0
81481,-532,8232,-412,25,-24,-101,14055,-5,-2,3,0,37065,128,29,144,0,0,0,0,0,0,0,0,-32307,0,0,0,0,0,81480,0
81486,-498,8228,-368,12,-13,-106,14057,3,4,3,0,37068,129,29,144,0,0,0,0,0,0,0,0,-32307,0,0,0,0,0,81485,0
81491,-510,8510,-338,0,-11,-103,14057,2,1,4,0,37068,129,29,144,0,0,0,0,0,0,0,0,-32307,0,0,0,0,0,81490,0
81496,-520,8142,-332,-15,-5,-112,14056,-4,3,1,0,37069,126,29,144,0,0,0,0,0,0,0,0,-32307,0,0,0,0,0,81495,0
81501,-540,8240,-370,-24,-1,-107,14056,-2,1,2,0,37069,126,29,144,0,0,0,0,0,0,0,0,-32307,0,0,0,0,0,81500,0
81506,-678,8298,-288,-28,-1,-106,14056,3,0,2,0,37068,120,29,144,0,0,0,0,0,0,0,0,-32307,0,0,0,0,0,81505,0
81511,-718,8234,-284,-34,-1,-104,14057,0,1,3,0,37068,120,29,144,0,0,0,0,0,0,0,0,-32307,0,0,0,0,0,81510,0
81516,-776,8276,-328,-52,18,-96,14056,-1,0,4,0,37065,119,29,144,0,0,0,0,0,0,0,0,-32307,0,0,0,0,0,81515,0
81521,-840,8252,-296,-53,14,-89,14058,9,2,2,0,37065,119,29,144,0,0,0,0,0,0,0,0,-32307,0,0,0,0,0,81520,0
81526,-912,8226,-270,-63,20,-76,14057,1,-2,2,0,37064,115,29,144,0,0,0,0,0,0,0,0,-32307,0,0,0,0,0,81525,0
81531,-914,8160,-242,-70,16,-65,14057,3,0,2,0,37064,115,29,144,0,0,0,0,0,0,0,0,-32307,0,0,0,0,0,81530,0
81536,-1072,8024,-126,-79,19,-44,14056,5,0,2,0,37064,127,29,144,0,0,0,0,0,0,0,0,-32307,0,0,0,0,0,81535,0
81541,-1136,7986,-90,-80,24,-35,14055,2,-3,1,0,37064,127,29,144,0,0,0,0,0,0,0,0,-32307,0,0,0,0,0,81540,0
81546,-1250,7966,-66,-84,24,-22,14056,-4,-2,2,0,37061,122,29,144,0,0,0,0,0,0,0,0,-32307,0,0,0,0,0,81545,0
81551,-1312,7884,-46,-85,27,-4,14057,4,0,2,0,37061,122,29,144,0,0,0,0,0,0,0,0,-32307,0,0,0,0,0,81550,0
81556,-1386,7910,54,-87,20,31,14056,-5,2,1,0,37062,123,29,144,0,0,0,0,0,0,0,0,-32307,0,0,0,0,0,81555,0
81561,-1332,7944,46,-83,18,43,14057,0,-1,2,0,37062,123,29,144,0,0,0,0,0,0,0,0,-32306,0,0,0,0,0,81560,0
81566,-1332,7872,68,-86,14,62,14056,-2,-5,4,0,37064,128,29,144,0,0,0,0,0,0,0,0,-32307,0,0,0,0,0,81565,0
81571,-1252,7972,76,-81,10,81,14057,-2,0,2,0,37064,128,29,144,0,0,0,0,0,0,0,0,-32307,0,0,0,0,0,81570,0
81576,-1128,7950,160,-77,12,104,14056,-9,-3,3,0,37067,125,29,144,0,0,0,0,0,0,0,0,-32307,0,0,0,0,0,81575,0
81581,-1080,7980,164,-77,5,116,14058,0,3,2,0,37067,125,29,144,0,0,0,0,0,0,0,0,-32306,0,0,0,0,0,81580,0
81586,-1048,7994,156,-66,-4,124,14057,-1,-2,3,0,37070,128,29,144,0,0,0,0,0,0,0,0,-32307,0,0,0,0,0,81585,0
81591,-970,8020,206,-61,-5,132,14057,0,-1,3,0,37070,128,29,144,0,0,0,0,0,0,0,0,-32307,0,0,0,0,0,81590,0
81596,-872,8038,220,-54,-15,143,14056,0,-3,0,0,37071,123,29,144,0,0,0,0,0,0,0,0,-32307,0,0,0,0,0,81595,0
81601,-804,8058,236,-54,-17,151,14057,-1,-1,1,0,37071,123,29,144,0,0,0,0,0,0,0,0,-32307,0,0,0,0,0,81600,0
81606,-724,8078,238,-44,-24,154,14057,3,3,1,0,37069,119,29,144,0,0,0,0,0,0,0,0,-32307,0,0,0,0,0,81605,0
81611,-688,8098,202,-40,-26,153,14057,0,1,0,0,37069,119,29,144,0,0,0,0,0,0,0,0,-32307,0,0,0,0,0,81610,0
81616,-590,8114,238,-36,-30,154,14057,-5,1,1,0,37068,121,29,144,0,0,0,0,0,0,0,0,-32307,0,0,0,0,0,81615,0
81621,-564,8112,210,-32,-34,146,14058,-2,0,0,0,37068,121,29,144,0,0,0,0,0,0,0,0,-32307,0,0,0,0,0,81620,0
81626,-504,8130,170,-29,-35,144,14057,0,1,0,0,37061,123,29,144,0,0,0,0,0,0,0,0,-32307,0,0,0,0,0,81625,0
81631,-498,8148,178,-23,-39,139,14057,-3,-1,1,0,37061,123,29,144,0,0,0,0,0,0,0,0,-32307,0,0,0,0,0,81630,0
81636,-474,8148,144,-19,-49,128,14058,1,-1,1,0,37060,133,29,144,0,0,0,0,0,0,0,0,-32307,0,0,0,0,0,81635,0
81641,-476,8164,92,-15,-63,128,14058,-1,0,1,0,37060,133,29,144,0,0,0,0,0,0,0,0,-32307,0,0,0,0,0,81640,0
81646,-470,8164,92,-23,-62,116,14057,0,-3,0,0,37061,132,29,144,0,0,0,0,0,0,0,0,-32307,0,0,0,0,0,81645,0
81651,-406,8168,84,-19,-71,114,14058,0,0,0,0,37061,132,29,144,0,0,0,0,0,0,0,0,-32307,0,0,0,0,0,81650,0
81656,-368,8204,50,-15,-63,96,14058,-7,-2,2,0,37062,128,29,144,0,0,0,0,0,0,0,0,-32307,0,0,0,0,0,81655,0
81661,-348,8244,30,-19,-68,89,14058,-2,-4,0,0,37062,128,29,144,0,0,0,0,0,0,0,0,-32307,0,0,0,0,0,81660,0
81666,-336,8246,24,-23,-71,83,14059,-7,0,0,0,37061,122,29,144,0,0,0,0,0,0,0,0,-32307,0,0,0,0,0,81665,0
81671,-340,8254,12,-24,-65,76,14059,3,-6,0,0,37061,122,29,144,0,0,0,0,0,0,0,0,-32307,0,0,0,0,0,81670,0
81676,-318,8280,-10,-30,-69,61,14059,5,-4,0,0,37063,123,29,144,0,0,0,0,0,0,0,0,-32307,0,0,0,0,0,81675,0
81681,-302,8224,-18,-33,-66,44,14059,-3,-1,-1,0,37063,123,29,144,0,0,0,0,0,0,0,0,-32307,0,0,0,0,0,81680,0
81686,-214,8296,-56,-34,-64,32,14061,8,3,-3,0,37064,123,29,144,0,0,0,0,0,0,0,0,-32307,0,0,0,0,0,81685,0
81691,-110,8302,6,-48,-70,22,14060,0,-2,-6,0,37064,123,29,144,0,0,0,0,0,0,0,0,-32307,0,0,0,0,0,81690,0
81696,-16,8298,-66,-46,-58,-14,14062,1,3,-7,0,37069,120,29,144,0,0,0,0,0,0,0,0,-32307,0,0,0,0,0,81695,0
81701,-38,8292,-40,-45,-54,-30,14064,2,1,-5,0,37069,120,29,144,0,0,0,0,0,0,0,0,-32308,0,0,0,0,0,81700,0
81706,54,8368,-8,-61,-50,-46,14064,0,0,-5,0,37068,125,29,144,0,0,0,0,0,0,0,0,-32307,0,0,0,0,0,81705,0
81711,-96,8190,-62,-53,-40,-61,14065,-1,-1,-8,0,37068,125,29,144,0,0,0,0,0,0,0,0,-32307,0,0,0,0,0,81710,0
81716,34,8352,54,-69,-36,-93,14066,0,-4,-9,0,37068,126,29,144,0,0,0,0,0,0,0,0,-32307,0,0,0,0,0,81715,0
81721,38,8308,0,-75,-30,-113,14068,0,3,-9,0,37068,126,29,144,0,0,0,0,0,0,0,0,-32307,0,0,0,0,0,81720,0
81726,24,8272,-16,-72,-35,-132,14070,8,-1,-8,0,37068,126,29,144,0,0,0,0,0,0,0,0,-32307,0,0,0,0,0,81725,0
81731,-90,8248,-16,-76,-30,-148,14069,-3,-1,-7,0,37068,126,29,144,0,0,0,0,0,0,0,0,-32307,0,0,0,0,0,81730,0
81736,-342,8258,20,-84,-23,-156,14073,9,3,-13,0,37062,124,29,144,0,0,0,0,0,0,0,0,-32307,0,0,0,0,0,81735,0
81741,-604,8238,64,-86,-17,-154,14077,21,10,-26,0,37062,124,29,144,0,0,0,0,0,0,0,0,-32307,0,0,0,0,0,81740,0
81746,-910,8182,88,-83,-14,-143,14082,25,14,-45,0,37061,127,29,144,0,0,0,0,0,0,0,0,-32307,0,0,0,0,0,81745,0
81751,-1282,8112,94,-85,-10,-122,14095,54,32,-75,0,37061,127,29,144,0,0,0,0,0,0,0,0,-32307,0,0,0,0,0,81750,0
81756,-1868,7924,142,-84,-12,-71,14116,99,63,-130,0,37061,134,29,144,0,0,0,0,0,0,0,0,-32307,0,0,0,0,0,81755,0
81761,-1810,7850,140,-82,-12,-41,14157,192,120,-244,0,37061,134,29,144,0,0,0,0,0,0,0,0,-32307,0,0,0,0,0,81760,0
81766,-1728,7790,192,-85,-23,-30,14211,249,171,-350,0,37063,132,29,144,0,0,0,0,0,0,0,0,-32307,0,0,0,0,0,81765,0
81771,-1456,7816,228,-84,-28,-4,14273,275,203,-411,0,37063,132,29,144,0,0,0,0,0,0,0,0,-32307,0,0,0,0,0,81770,0
81776,-962,7844,248,-79,-45,9,14343,303,192,-430,0,37067,131,29,144,0,0,0,0,0,0,0,0,-32307,0,0,0,0,0,81775,0
81781,-808,7790,218,-80,-49,26,14409,301,121,-437,0,37067,131,29,144,0,0,0,0,0,0,0,0,-32307,0,0,0,0,0,81780,0
81786,-806,7850,180,-68,-37,19,14473,276,57,-431,0,37069,133,29,144,0,0,0,0,0,0,0,0,-32307,0,0,0,0,0,81785,0
81791,-800,7876,226,-72,-27,36,14531,259,-3,-410,0,37069,133,29,144,0,0,0,0,0,0,0,0,-32307,0,0,0,0,0,81790,0
81796,-888,7938,290,-70,-12,50,14592,263,-24,-384,0,37067,128,29,144,0,0,0,0,0,0,0,0,-32307,0,0,0,0,0,81795,0
81801,-994,8068,256,-71,0,55,14653,264,-30,-375,0,37067,128,29,144,0,0,0,0,0,0,0,0,-32307,0,0,0,0,0,81800,0
81806,-986,8140,240,-61,9,70,14716,273,-3,-394,0,37068,123,29,144,0,0,0,0,0,0,0,0,-32307,0,0,0,0,0,81805,0
81811,-970,8136,218,-64,15,82,14777,260,5,-395,0,37068,123,29,144,0,0,0,0,0,0,0,0,-32307,0,0,0,0,0,81810,0
81816,-914,8168,210,-65,26,100,14834,247,-7,-354,0,37068,118,29,144,0,0,0,0,0,0,0,0,-32307,0,0,0,0,0,81815,0
81821,-836,8138,182,-64,29,104,14887,234,-23,-336,0,37068,118,29,144,0,0,0,0,0,0,0,0,-32307,0,0,0,0,0,81820,0
81826,-730,8144,218,-64,36,105,14938,224,-43,-325,0,37071,125,29,144,0,0,0,0,0,0,0,0,-32307,0,0,0,0,0,81825,0
81831,-670,8098,238,-59,37,110,14986,212,-51,-329,0,37071,125,29,144,0,0,0,0,0,0,0,0,-32307,0,0,0,0,0,81830,0
81836,-586,8102,268,-60,44,109,15030,187,-44,-314,0,37070,128,29,144,0,0,0,0,0,0,0,0,-32308,0,0,0,0,0,81835,0
81841,-510,8080,244,-57,48,108,15076,199,-39,-295,0,37070,128,29,144,0,0,0,0,0,0,0,0,-32307,0,0,0,0,0,81840,0
81846,-484,8098,254,-54,55,101,15127,227,-12,-316,0,37071,131,29,144,0,0,0,0,0,0,0,0,-32307,0,0,0,0,0,81845,0
81851,-426,8144,266,-60,55,95,15181,234,19,-340,0,37071,131,29,144,0,0,0,0,0,0,0,0,-32308,0,0,0,0,0,81850,0
81856,-424,8184,278,-53,70,93,15230,213,25,-348,0,37069,124,29,144,0,0,0,0,0,0,0,0,-32307,0,0,0,0,0,81855,0
81861,-454,8218,254,-55,75,90,15280,211,-3,-347,0,37069,124,29,144,0,0,0,0,0,0,0,0,-32307,0,0,0,0,0,81860,0
81866,-468,8182,268,-55,87,85,15331,233,-7,-332,0,37070,120,29,144,0,0,0,0,0,0,0,0,-32307,0,0,0,0,0,81865,0
81871,-504,8174,258,-51,101,80,15385,232,-13,-333,0,37070,120,29,144,0,0,0,0,0,0,0,0,-32307,0,0,0,0,0,81870,0
81876,-314,8222,236,-57,130,71,15447,273,24,-355,0,37069,113,29,144,0,0,0,0,0,0,0,0,-32307,0,0,0,0,0,81875,0
81881,-314,8348,168,-63,149,72,15510,286,71,-407,0,37069,113,29,144,0,0,0,0,0,0,0,0,-32307,0,0,0,0,0,81880,0
81886,-268,8262,180,-60,165,61,15577,300,86,-430,0,37067,112,29,144,0,0,0,0,0,0,0,0,-32307,0,0,0,0,0,81885,0
81891,-218,8248,180,-67,179,49,15650,309,60,-448,0,37067,112,29,144,0,0,0,0,0,0,0,0,-32308,0,0,0,0,0,81890,0
81896,-190,8226,88,-63,229,40,15724,326,63,-469,0,37066,112,29,144,0,0,0,0,0,0,0,0,-32308,0,0,0,0,0,81895,0
81901,-210,8208,0,-68,269,41,15799,329,50,-492,0,37066,112,29,144,0,0,0,0,0,0,0,0,-32308,0,0,0,0,0,81900,0
81906,-250,8126,-18,-66,313,37,15877,345,37,-502,0,37072,110,29,144,0,0,0,0,0,0,0,0,-32307,0,0,0,0,0,81905,0
81911,-226,8216,28,-64,354,42,15962,374,40,-564,0,37072,110,29,144,0,0,0,0,0,0,0,0,-32307,0,0,0,0,0,81911,0
81916,-258,8186,172,-76,435,35,16050,391,53,-608,0,37072,109,29,144,0,0,0,0,0,0,0,0,-32307,0,0,0,0,0,81916,0
81921,-308,8208,158,-77,474,33,16140,399,61,-631,0,37072,109,29,144,0,0,0,0,0,0,0,0,-32306,0,0,0,0,0,81921,0
81926,-358,8144,136,-91,507,37,16234,412,58,-632,0,37073,114,29,144,0,0,0,0,0,0,0,0,-32307,0,0,0,0,0,81926,0
81931,-374,8134,-2,-85,543,33,16328,418,48,-655,0,37073,114,29,144,0,0,0,0,0,0,0,0,-32307,0,0,0,0,0,81931,0
81936,-380,8094,4,-100,627,39,16427,433,41,-689,0,37069,120,29,144,0,0,0,0,0,0,0,0,-32308,0,0,0,0,0,81936,0
81941,-338,8056,118,-101,669,38,16527,450,37,-730,0,37069,120,29,144,0,0,0,0,0,0,0,0,-32307,0,0,0,0,0,81941,0
81946,-424,8116,128,-102,701,39,16626,438,34,-742,0,37071,120,29,144,0,0,0,0,0,0,0,0,-32307,0,0,0,0,0,81946,0
81951,-410,8108,280,-105,752,50,16727,441,16,-740,0,37071,120,29,144,0,0,0,0,0,0,0,0,-32307,0,0,0,0,0,81951,0
81956,-478,8116,256,-117,827,51,16828,454,10,-745,0,37073,116,29,144,0,0,0,0,0,0,0,0,-32307,0,0,0,0,0,81956,0
81961,-458,8122,194,-118,863,61,16926,448,4,-750,0,37073,116,29,144,0,0,0,0,0,0,0,0,-32306,0,0,0,0,0,81961,0
81966,-474,8128,124,-124,890,62,17030,455,3,-760,0,37072,118,29,144,0,0,0,0,0,0,0,0,-32307,0,0,0,0,0,81966,0
81971,-478,8138,114,-120,910,65,17133,453,10,-768,0,37072,118,29,144,0,0,0,0,0,0,0,0,-32307,0,0,0,0,0,81971,0
81976,-572,8096,164,-127,947,60,17236,444,10,-758,0,37072,120,29,144,0,0,0,0,0,0,0,0,-32308,0,0,0,0,0,81976,0
81981,-586,8158,122,-131,955,55,17337,449,1,-779,0,37072,120,29,144,0,0,0,0,0,0,0,0,-32307,0,0,0,0,0,81981,0
81986,-558,8166,190,-135,961,65,17441,460,0,-795,0,37072,115,29,144,0,0,0,0,0,0,0,0,-32307,0,0,0,0,0,81986,0
81991,-516,8200,190,-139,967,64,17546,458,1,-815,0,37072,115,29,144,0,0,0,0,0,0,0,0,-32307,0,0,0,0,0,81991,0
81996,-710,8078,124,-143,970,61,17648,449,4,-792,0,37072,107,29,144,0,0,0,0,0,0,0,0,-32307,0,0,0,0,0,81996,0
82001,-822,8078,64,-142,964,54,17751,456,2,-772,0,37072,107,29,144,0,0,0,0,0,0,0,0,-32307,0,0,0,0,0,82001,0
82006,-702,8112,142,-156,962,58,17855,461,-7,-786,0,37075,111,29,144,0,0,0,0,0,0,0,0,-32307,0,0,0,0,0,82006,0
82011,-664,8162,138,-149,948,60,17959,463,-3,-785,0,37075,111,29,144,0,0,0,0,0,0,0,0,-32307,0,0,0,0,0,82011,0
82016,-652,8200,166,-167,916,60,18060,445,-3,-762,0,37071,112,29,144,0,0,0,0,0,0,0,0,-32307,0,0,0,0,0,82016,0
82021,-760,8144,84,-166,901,49,18158,431,-7,-743,0,37071,112,29,144,0,0,0,0,0,0,0,0,-32308,0,0,0,0,0,82021,0
82026,-756,8070,184,-166,888,43,18257,442,-19,-750,0,37070,106,29,144,0,0,0,0,0,0,0,0,-32307,0,0,0,0,0,82026,0
82031,-818,8148,120,-172,861,35,18356,439,-17,-768,0,37070,106,29,144,0,0,0,0,0,0,0,0,-32307,0,0,0,0,0,82031,0
82036,-680,8238,144,-173,801,32,18455,430,-8,-736,0,37067,107,29,144,0,0,0,0,0,0,0,0,-32307,0,0,0,0,0,82036,0
82041,-690,8228,236,-178,770,29,18552,422,-8,-697,0,37067,107,29,144,0,0,0,0,0,0,0,0,-32307,0,0,0,0,0,82041,0
82046,-754,8160,166,-176,738,15,18648,426,-8,-692,0,37069,114,29,144,0,0,0,0,0,0,0,0,-32307,0,0,0,0,0,82046,0
82051,-762,8164,216,-182,698,15,18745,430,-15,-700,0,37069,114,29,144,0,0,0,0,0,0,0,0,-32307,0,0,0,0,0,82051,0
82056,-748,8182,234,-187,626,6,18842,427,-8,-699,0,37069,112,29,144,0,0,0,0,0,0,0,0,-32308,0,0,0,0,0,82056,0
82061,-766,8194,156,-179,594,-7,18933,402,-4,-679,0,37069,112,29,144,0,0,0,0,0,0,0,0,-32307,0,0,0,0,0,82061,0
82066,-812,8134,218,-177,551,-12,19026,401,-17,-649,0,37069,112,29,144,0,0,0,0,0,0,0,0,-32307,0,0,0,0,0,82066,0
82071,-782,8188,278,-187,515,-6,19115,390,-29,-641,0,37069,112,29,144,0,0,0,0,0,0,0,0,-32307,0,0,0,0,0,82071,0
82076,-840,8140,308,-187,437,-23,19203,391,-29,-627,0,37072,120,29,144,0,0,0,0,0,0,0,0,-32307,0,0,0,0,0,82076,0
82081,-760,8130,258,-192,402,-30,19293,398,-21,-613,0,37072,120,29,144,0,0,0,0,0,0,0,0,-32307,0,0,0,0,0,82081,0
82086,-740,8094,294,-185,365,-42,19379,388,-15,-590,0,37076,119,29,144,0,0,0,0,0,0,0,0,-32307,0,0,0,0,0,82086,0
82091,-632,8190,350,-193,328,-39,19466,378,-15,-575,0,37076,119,29,144,0,0,0,0,0,0,0,0,-32306,0,0,0,0,0,82091,0
82096,-682,8172,360,-191,269,-50,19550,374,-13,-565,0,37078,122,29,144,0,0,0,0,0,0,0,0,-32307,0,0,0,0,0,82096,0
82101,-620,8198,298,-189,238,-59,19636,378,-14,-584,0,37078,122,29,144,0,0,0,0,0,0,0,0,-32307,0,0,0,0,0,82101,0
82106,-688,8048,286,-184,220,-66,19724,383,-6,-595,0,37075,114,29,144,0,0,0,0,0,0,0,0,-32307,0,0,0,0,0,82106,0
82111,-612,8164,406,-193,191,-72,19810,381,5,-592,0,37075,114,29,144,0,0,0,0,0,0,0,0,-32307,0,0,0,0,0,82111,0
82116,-718,8066,330,-184,155,-80,19895,376,4,-590,0,37076,112,29,144,0,0,0,0,0,0,0,0,-32307,0,0,0,0,0,82116,0
82121,-700,8234,394,-194,135,-75,19981,377,-3,-582,0,37076,112,29,144,0,0,0,0,0,0,0,0,-32306,0,0,0,0,0,82121,0
82126,-774,8126,314,-180,123,-86,20067,376,-4,-577,0,37073,116,29,144,0,0,0,0,0,0,0,0,-32307,0,0,0,0,0,82126,0
82131,-804,8132,390,-186,113,-88,20157,401,5,-587,0,37073,116,29,144,0,0,0,0,0,0,0,0,-32307,0,0,0,0,0,82131,0
82136,-760,8172,374,-180,87,-80,20245,385,10,-598,0,37073,121,29,144,0,0,0,0,0,0,0,0,-32307,0,0,0,0,0,82136,0
82141,-888,8138,440,-178,73,-88,20331,377,10,-573,0,37073,121,29,144,0,0,0,0,0,0,0,0,-32307,0,0,0,0,0,82141,0
82146,-872,8196,484,-177,72,-83,20416,375,-3,-567,0,37068,124,29,144,0,0,0,0,0,0,0,0,-32307,0,0,0,0,0,82146,0
82151,-854,8146,500,-177,62,-82,20500,362,-16,-566,0,37068,124,29,144,0,0,0,0,0,0,0,0,-32307,0,0,0,0,0,82151,0
82156,-850,8114,530,-167,52,-77,20587,386,-19,-574,0,37070,117,29,144,0,0,0,0,0,0,0,0,-32308,0,0,0,0,0,82156,0
82161,-848,8134,536,-170,38,-82,20673,381,0,-600,0,37070,117,29,144,0,0,0,0,0,0,0,0,-32307,0,0,0,0,0,82161,0
82166,-816,8142,538,-158,29,-74,20758,368,4,-585,0,37072,109,29,144,0,0,0,0,0,0,0,0,-32306,0,0,0,0,0,82166,0
82171,-840,8114,526,-160,21,-73,20842,368,1,-555,0,37072,109,29,144,0,0,0,0,0,0,0,0,-32307,0,0,0,0,0,82171,0
82176,-874,8080,564,-154,-1,-67,20926,378,-2,-548,0,37072,106,29,144,0,0,0,0,0,0,0,0,-32306,0,0,0,0,0,82176,0
82181,-876,8082,578,-151,-8,-68,21012,370,-8,-568,0,37072,106,29,144,0,0,0,0,0,0,0,0,-32307,0,0,0,0,0,82181,0
82186,-860,8098,582,-151,-18,-67,21100,381,5,-577,0,37069,106,29,144,0,0,0,0,0,0,0,0,-32307,0,0,0,0,0,82186,0
82191,-882,8066,598,-145,-28,-64,21187,374,12,-575,0,37069,106,29,144,0,0,0,0,0,0,0,0,-32307,0,0,0,0,0,82191,0
82196,-950,8046,608,-141,-53,-53,21267,361,2,-559,0,37067,112,29,144,0,0,0,0,0,0,0,0,-32307,0,0,0,0,0,82196,0
82201,-982,8036,634,-137,-54,-44,21350,360,-22,-535,0,37067,112,29,144,0,0,0,0,0,0,0,0,-32307,0,0,0,0,0,82201,0
82206,-942,8088,684,-132,-63,-33,21431,355,-24,-545,0,37069,118,29,144,0,0,0,0,0,0,0,0,-32307,0,0,0,0,0,82206,0
82211,-892,8124,720,-137,-70,-26,21512,355,-17,-545,0,37069,118,29,144,0,0,0,0,0,0,0,0,-32306,0,0,0,0,0,82211,0
82216,-792,8206,886,-151,-80,-5,21588,334,-19,-513,0,37075,110,29,144,0,0,0,0,0,0,0,0,-32307,0,0,0,0,0,82216,0
82221,-732,8252,950,-145,-77,14,21660,315,-27,-458,0,37075,110,29,144,0,0,0,0,0,0,0,0,-32307,0,0,0,0,0,82221,0
82226,-676,8262,1046,-158,-74,32,21729,294,-46,-422,0,37076,111,29,144,0,0,0,0,0,0,0,0,-32306,0,0,0,0,0,82226,0
82231,-628,8318,1118,-170,-59,59,21792,279,-55,-412,0,37076,111,29,144,0,0,0,0,0,0,0,0,-32307,0,0,0,0,0,82231,0
82236,-432,8380,1358,-197,-31,97,21852,260,-63,-375,0,37075,111,29,144,0,0,0,0,0,0,0,0,-32307,0,0,0,0,0,82236,0
82241,-356,8426,1420,-219,-14,123,21909,250,-62,-350,0,37075,111,29,144,0,0,0,0,0,0,0,0,-32307,0,0,0,0,0,82241,0
82246,-234,8448,1528,-233,23,143,21964,245,-57,-345,0,37069,109,29,144,0,0,0,0,0,0,0,0,-32307,0,0,0,0,0,82246,0
82251,-170,8456,1626,-259,47,170,22012,208,-47,-337,0,37069,109,29,144,0,0,0,0,0,0,0,0,-32307,0,0,0,0,0,82251,0
82256,-26,8450,1896,-326,110,230,22049,150,-74,-285,0,37070,114,29,144,0,0,0,0,0,0,0,0,-32307,0,0,0,0,0,82256,0
82261,88,8482,2030,-361,145,263,22084,150,-87,-236,0,37070,114,29,144,0,0,0,0,0,0,0,0,-32307,0,0,0,0,0,82261,0
82266,170,8536,2182,-404,180,306,22112,120,-102,-197,0,37069,124,29,144,0,0,0,0,0,0,0,0,-32307,0,0,0,0,0,82266,0
82271,274,8510,2254,-444,211,339,22137,114,-92,-180,0,37069,124,29,144,0,0,0,0,0,0,0,0,-32307,0,0,0,0,0,82271,0
82276,402,8546,2418,-534,267,410,22158,84,-77,-152,0,37069,131,29,144,0,0,0,0,0,0,0,0,-32307,0,0,0,0,0,82276,0
82281,404,8588,2522,-588,296,447,22163,22,-79,-80,0,37069,131,29,144,0,0,0,0,0,0,0,0,-32307,0,0,0,0,0,82281,0
82286,382,8632,2594,-644,308,494,22167,7,-102,-32,0,37067,131,29,144,0,0,0,0,0,0,0,0,-32307,0,0,0,0,0,82286,0
82291,334,8746,2618,-695,325,533,22167,5,-106,-11,0,37067,131,29,144,0,0,0,0,0,0,0,0,-32306,0,0,0,0,0,82291,0
82296,236,9026,2518,-781,348,586,22166,0,-87,-4,0,37065,126,29,144,0,0,0,0,0,0,0,0,-32307,0,0,0,0,0,82296,0
82301,176,9148,2524,-828,351,616,22167,0,-49,-3,0,37065,126,29,144,0,0,0,0,0,0,0,0,-32307,0,0,0,0,0,82300,0
82306,-2,9174,2470,-869,342,636,22166,2,-16,-2,0,37063,118,29,144,0,0,0,0,0,0,0,0,-32307,0,0,0,0,0,82306,0
82311,-66,9178,2506,-907,326,663,22167,5,-1,-1,0,37063,118,29,144,0,0,0,0,0,0,0,0,-32307,0,0,0,0,0,82310,0
82316,-380,9096,2372,-965,280,694,22167,5,-1,-2,0,37062,121,29,144,0,0,0,0,0,0,0,0,-32307,0,0,0,0,0,82315,0
82321,-516,9094,2286,-992,238,718,22166,1,0,-3,0,37062,121,29,144,0,0,0,0,0,0,0,0,-32307,0,0,0,0,0,82320,0
82326,-634,9076,2264,-1018,201,739,22166,1,-2,-3,0,37067,125,29,144,0,0,0,0,0,0,0,0,-32307,0,0,0,0,0,82325,0
82331,-744,8984,2210,-1039,145,764,22167,6,0,-4,0,37067,125,29,144,0,0,0,0,0,0,0,0,-32307,0,0,0,0,0,82330,0
82336,-938,8732,2122,-1075,43,800,22166,1,-2,-2,0,37071,129,29,144,0,0,0,0,0,0,0,0,-32307,0,0,0,0,0,82335,0
82341,-980,8638,2074,-1085,-15,815,22166,-2,-4,0,0,37071,129,29,144,0,0,0,0,0,0,0,0,-32307,0,0,0,0,0,82340,0
82346,-1026,8516,2030,-1096,-58,821,22167,-2,-1,0,0,37074,131,29,144,0,0,0,0,0,0,0,0,-32307,0,0,0,0,0,82345,0
82351,-1106,8370,1996,-1107,-108,828,22164,-11,-1,4,0,37074,131,29,144,0,0,0,0,0,0,0,0,-32307,0,0,0,0,0,82350,0
82356,-1140,8170,1882,-1126,-207,831,22163,-12,-6,5,0,37070,123,29,144,0,0,0,0,0,0,0,0,-32307,0,0,0,0,0,82355,0
82361,-1176,8078,1844,-1124,-254,822,22162,-12,-10,10,0,37070,123,29,144,0,0,0,0,0,0,0,0,-32307,0,0,0,0,0,82360,0
82366,-1190,8004,1788,-1136,-304,811,22159,-12,-7,15,0,37067,117,29,144,0,0,0,0,0,0,0,0,-32307,0,0,0,0,0,82365,0
82371,-1216,7926,1758,-1141,-351,793,22156,-11,0,21,0,37067,117,29,144,0,0,0,0,0,0,0,0,-32306,0,0,0,0,0,82370,0
82376,-1244,7800,1676,-1154,-446,744,22152,-20,-11,26,0,37067,115,29,144,0,0,0,0,0,0,0,0,-32307,0,0,0,0,0,82375,0
82381,-1230,7702,1650,-1154,-491,712,22149,-10,-8,30,0,37067,115,29,144,0,0,0,0,0,0,0,0,-32307,0,0,0,0,0,82380,0
82386,-1218,7700,1610,-1160,-533,685,22144,-11,-2,30,0,37068,117,29,144,0,0,0,0,0,0,0,0,-32307,0,0,0,0,0,82385,0
82391,-1218,7674,1554,-1161,-585,641,22141,-10,-1,20,0,37068,117,29,144,0,0,0,0,0,0,0,0,-32307,0,0,0,0,0,82390,0
82396,-1170,7616,1472,-1168,-655,545,22141,1,7,10,0,37065,114,29,144,0,0,0,0,0,0,0,0,-32307,0,0,0,0,0,82395,0
82401,-1064,7644,1470,-1176,-699,500,22140,0,12,3,0,37065,114,29,144,0,0,0,0,0,0,0,0,-32307,0,0,0,0,0,82400,0
82406,-1084,7614,1404,-1175,-724,438,22140,-6,12,1,0,37065,116,29,144,0,0,0,0,0,0,0,0,-32307,0,0,0,0,0,82405,0
82411,-1082,7634,1406,-1177,-755,386,22140,7,8,0,0,37065,116,29,144,0,0,0,0,0,0,0,0,-32307,0,0,0,0,0,82410,0
82416,-1146,7682,1324,-1179,-799,294,22140,0,5,-3,0,37065,113,29,144,0,0,0,0,0,0,0,0,-32307,0,0,0,0,0,82415,0
82421,-1234,7654,1318,-1185,-816,258,22140,0,2,-4,0,37065,113,29,144,0,0,0,0,0,0,0,0,-32307,0,0,0,0,0,82420,0
82426,-1252,7684,1246,-1187,-823,237,22140,5,-1,-5,0,37070,112,29,144,0,0,0,0,0,0,0,0,-32307,0,0,0,0,0,82425,0
82431,-1274,7748,1258,-1176,-843,218,22139,-2,-2,-3,0,37070,112,29,144,0,0,0,0,0,0,0,0,-32307,0,0,0,0,0,82430,0
82436,-1262,7778,1142,-1183,-862,199,22138,-3,-3,-1,0,37075,113,29,144,0,0,0,0,0,0,0,0,-32307,0,0,0,0,0,82435,0
82441,-1240,7724,1154,-1177,-868,188,22140,0,3,-1,0,37075,113,29,144,0,0,0,0,0,0,0,0,-32307,0,0,0,0,0,82440,0
82446,-1114,7868,1008,-1173,-874,179,22140,-3,-1,-4,0,37086,121,29,144,0,0,0,0,0,0,0,0,-32307,0,0,0,0,0,82445,0
82451,-1138,7890,998,-1174,-875,171,22139,0,1,-3,0,37086,121,29,144,0,0,0,0,0,0,0,0,-32306,0,0,0,0,0,82450,0
82456,-1036,7936,906,-1160,-883,144,22139,-1,-3,-3,0,37093,130,29,144,0,0,0,0,0,0,0,0,-32307,0,0,0,0,0,82455,0
82461,-1048,8024,906,-1157,-883,130,22140,-9,-4,-2,0,37093,130,29,144,0,0,0,0,0,0,0,0,-32307,0,0,0,0,0,82460,0
82466,-1012,7974,874,-1143,-884,117,22140,6,2,-2,0,37089,128,29,144,0,0,0,0,0,0,0,0,-32307,0,0,0,0,0,82465,0
82471,-950,8004,770,-1131,-879,108,22139,-8,4,-3,0,37089,128,29,144,0,0,0,0,0,0,0,0,-32307,0,0,0,0,0,82470,0
82476,-950,7978,740,-1102,-876,85,22140,0,-2,-4,0,37077,122,29,144,0,0,0,0,0,0,0,0,-32307,0,0,0,0,0,82475,0
82481,-900,7906,712,-1087,-872,71,22139,-3,0,-2,0,37077,122,29,144,0,0,0,0,0,0,0,0,-32307,0,0,0,0,0,82480,0
82486,-876,7942,664,-1063,-872,66,22140,4,1,-1,0,37064,120,29,144,0,0,0,0,0,0,0,0,-32307,0,0,0,0,0,82485,0
82491,-906,7928,626,-1048,-868,58,22138,-1,1,-3,0,37064,120,29,144,0,0,0,0,0,0,0,0,-32307,0,0,0,0,0,82490,0
82496,-944,7828,614,-999,-866,45,22140,3,3,-3,0,37064,125,29,144,0,0,0,0,0,0,0,0,-32307,0,0,0,0,0,82495,0
82501,-888,7784,562,-977,-857,43,22138,-5,-1,-2,0,37064,125,29,144,0,0,0,0,0,0,0,0,-32307,0,0,0,0,0,82500,0
82506,-878,7860,498,-952,-861,41,22139,-6,3,-1,0,37065,127,29,144,0,0,0,0,0,0,0,0,-32307,0,0,0,0,0,82505,0
82511,-864,7798,474,-927,-854,39,22140,6,1,-2,0,37065,127,29,144,0,0,0,0,0,0,0,0,-32307,0,0,0,0,0,82510,0
82516,-856,7780,444,-864,-857,27,22139,1,4,-2,0,37065,122,29,144,0,0,0,0,0,0,0,0,-32307,0,0,0,0,0,82515,0
82521,-818,7814,432,-829,-862,21,22139,-8,0,-2,0,37065,122,29,144,0,0,0,0,0,0,0,0,-32307,0,0,0,0,0,82520,0
82526,-810,7812,412,-798,-869,10,22138,-3,0,-7,0,37066,113,29,144,0,0,0,0,0,0,0,0,-32307,0,0,0,0,0,82525,0
82531,-816,7766,354,-760,-870,1,22139,-8,4,-5,0,37066,113,29,144,0,0,0,0,0,0,0,0,-32307,0,0,0,0,0,82530,0
82536,-782,7788,360,-688,-880,-20,22139,-3,4,-2,0,37065,106,29,144,0,0,0,0,0,0,0,0,-32307,0,0,0,0,0,82535,0
82541,-772,7780,342,-650,-879,-31,22139,-4,0,-3,0,37065,106,29,144,0,0,0,0,0,0,0,0,-32307,0,0,0,0,0,82540,0
82546,-776,7766,338,-612,-873,-44,22138,-3,1,-4,0,37064,111,29,144,0,0,0,0,0,0,0,0,-32307,0,0,0,0,0,82545,0
82551,-732,7780,320,-574,-869,-57,22140,2,1,-1,0,37064,111,29,144,0,0,0,0,0,0,0,0,-32307,0,0,0,0,0,82550,0
82556,-734,7806,330,-491,-862,-78,22140,0,5,-1,0,37063,119,29,144,0,0,0,0,0,0,0,0,-32307,0,0,0,0,0,82555,0
82561,-730,7846,336,-447,-858,-90,22139,1,4,-3,0,37063,119,29,144,0,0,0,0,0,0,0,0,-32307,0,0,0,0,0,82560,0
82566,-710,7852,340,-414,-850,-99,22139,-1,-1,-3,0,37064,128,29,144,0,0,0,0,0,0,0,0,-32307,0,0,0,0,0,82565,0
82571,-692,7890,360,-372,-843,-115,22140,6,2,-2,0,37064,128,29,144,0,0,0,0,0,0,0,0,-32307,0,0,0,0,0,82570,0
82576,-670,7898,394,-300,-834,-143,22140,5,0,-3,0,37066,128,29,144,0,0,0,0,0,0,0,0,-32308,0,0,0,0,0,82575,0
82581,-640,7896,398,-257,-829,-155,22139,-3,-2,-1,0,37066,128,29,144,0,0,0,0,0,0,0,0,-32307,0,0,0,0,0,82580,0
82586,-582,7888,420,-223,-823,-169,22139,-12,0,0,0,37069,119,29,144,0,0,0,0,0,0,0,0,-32307,0,0,0,0,0,82588,0
82591,-530,7854,430,-186,-815,-186,22138,-9,-3,-2,0,37069,119,29,144,0,0,0,0,0,0,0,0,-32307,0,0,0,0,0,82592,0
82596,-480,7788,492,-131,-810,-219,22140,1,-5,-4,0,37069,118,29,144,0,0,0,0,0,0,0,0,-32307,0,0,0,0,0,82600,0
82601,-434,7802,528,-98,-803,-230,22139,-2,0,-3,0,37069,118,29,144,0,0,0,0,0,0,0,0,-32307,0,0,0,0,0,82600,0
82606,-418,7780,560,-70,-802,-245,22140,1,0,-4,0,37066,112,29,144,0,0,0,0,0,0,0,0,-32307,0,0,0,0,0,82605,0
82611,-364,7778,614,-49,-799,-260,22139,-1,-1,-4,0,37066,112,29,144,0,0,0,0,0,0,0,0,-32307,0,0,0,0,0,82610,0
82616,-282,7724,642,-1,-789,-286,22139,-2,-4,-4,0,37061,112,29,144,0,0,0,0,0,0,0,0,-32307,0,0,0,0,0,82615,0
82621,-160,7666,694,16,-790,-298,22141,0,2,-3,0,37061,112,29,144,0,0,0,0,0,0,0,0,-32307,0,0,0,0,0,82620,0
82626,-198,7690,704,35,-790,-315,22141,6,2,-4,0,37062,116,29,144,0,0,0,0,0,0,0,0,-32307,0,0,0,0,0,82625,0
82631,-200,7644,726,61,-787,-332,22140,0,-4,-3,0,37062,116,29,144,0,0,0,0,0,0,0,0,-32307,0,0,0,0,0,82630,0
82636,-120,7704,778,86,-789,-353,22140,4,4,-6,0,37066,125,29,144,0,0,0,0,0,0,0,0,-32307,0,0,0,0,0,82635,0
82641,-112,7676,782,109,-784,-356,22140,0,0,-6,0,37066,125,29,144,0,0,0,0,0,0,0,0,-32307,0,0,0,0,0,82640,0
82646,-56,7678,816,122,-785,-364,22140,2,0,-4,-2000,37066,128,29,144,0,0,0,0,0,0,0,0,-32307,0,0,0,0,0,82646,0
82651,118,7652,828,131,-770,-343,22089,-278,-118,-1740,-2000,37066,128,29,144,0,0,0,0,0,0,0,0,-32307,0,0,0,0,0,82651,0
82656,-268,7776,928,157,-757,-274,21908,-831,-510,-1744,-2000,37052,157,29,144,0,0,0,0,0,0,0,0,-32307,0,0,0,0,0,82656,0
82661,-772,7666,876,170,-740,-195,21701,-909,-810,-700,-2000,37052,157,29,144,0,0,0,0,0,0,0,0,-32307,0,0,0,0,0,82661,0
82666,-916,7474,840,188,-731,-42,21495,-909,-865,-635,-2000,37041,165,29,144,0,0,0,0,0,0,0,0,-32307,0,0,0,0,0,82666,0
82671,-878,7436,896,208,-725,114,21293,-888,-624,-732,-2000,37041,165,29,144,0,0,0,0,0,0,0,0,-32307,0,0,0,0,0,82671,0
82676,64,7554,912,248,-724,370,21093,-888,-197,-751,-2000,37036,176,29,144,0,0,0,0,0,0,0,0,-32307,0,0,0,0,0,82676,0
82681,730,7644,900,257,-717,442,20891,-894,0,-732,-2000,37036,176,29,144,0,0,0,0,0,0,0,0,-32307,0,0,0,0,0,82681,0
82686,1058,7998,842,266,-708,454,20682,-917,0,-642,-2000,37041,164,29,144,0,0,0,0,0,0,0,0,-32307,0,0,0,0,0,82686,0
82691,1146,8148,934,278,-715,438,20470,-939,-30,-598,-2000,37041,164,29,144,0,0,0,0,0,0,0,0,-32307,0,0,0,0,0,82691,0
82696,808,8148,934,306,-723,395,20255,-940,-57,-552,-2000,37040,152,29,144,0,0,0,0,0,0,0,0,-32307,0,0,0,0,0,82696,0
82701,700,8078,976,321,-713,395,20042,-944,-47,-511,-2000,37040,152,29,144,0,0,0,0,0,0,0,0,-32307,0,0,0,0,0,82701,0
82706,578,7884,998,339,-699,404,19829,-929,-19,-567,-2000,37039,151,29,144,0,0,0,0,0,0,0,0,-32307,0,0,0,0,0,82706,0
82711,542,7656,1030,347,-674,435,19618,-926,-2,-584,-2000,37039,151,29,144,0,0,0,0,0,0,0,0,-32307,0,0,0,0,0,82711,0
82716,590,7464,1030,385,-635,505,19412,-908,19,-621,-2000,37041,150,29,144,0,0,0,0,0,0,0,0,-32307,0,0,0,0,0,82716,0
82721,602,7452,1034,396,-626,538,19208,-905,34,-639,-2000,37041,150,29,144,0,0,0,0,0,0,0,0,-32307,0,0,0,0,0,82721,0
82726,646,7532,1002,417,-620,566,19004,-894,34,-655,-2000,37040,157,29,144,0,0,0,0,0,0,0,0,-32307,0,0,0,0,0,82726,0
82731,632,7620,1004,427,-612,581,18799,-903,21,-658,-2000,37040,157,29,144,0,0,0,0,0,0,0,0,-32307,0,0,0,0,0,82730,0
82736,584,7780,1084,458,-600,604,18594,-896,10,-616,-2000,37037,160,29,144,0,0,0,0,0,0,0,0,-32307,0,0,0,0,0,82735,0
82741,634,7758,1108,475,-590,609,18387,-907,-1,-622,-2000,37037,160,29,144,0,0,0,0,0,0,0,0,-32306,0,0,0,0,0,82740,0
82746,690,7778,1150,486,-574,613,18179,-916,-11,-625,-2000,37043,165,29,144,0,0,0,0,0,0,0,0,-32307,0,0,0,0,0,82746,0
82751,736,7760,1158,500,-554,621,17972,-920,-10,-602,-2000,37043,165,29,144,0,0,0,0,0,0,0,0,-32307,0,0,0,0,0,82751,0
82756,798,7720,1210,535,-514,616,17765,-909,-2,-601,-2000,37043,167,29,144,0,0,0,0,0,0,0,0,-32307,0,0,0,0,0,82756,0
82761,758,7746,1230,540,-492,615,17556,-914,-11,-600,-2000,37043,167,29,144,0,0,0,0,0,0,0,0,-32306,0,0,0,0,0,82761,0
82766,706,7762,1226,553,-470,619,17349,-916,0,-611,-2000,37044,162,29,144,0,0,0,0,0,0,0,0,-32307,0,0,0,0,0,82766,0
82771,722,7780,1218,565,-464,626,17140,-917,-3,-608,-2000,37044,162,29,144,0,0,0,0,0,0,0,0,-32307,0,0,0,0,0,82771,0
82776,750,7840,1274,576,-428,638,16931,-919,-3,-576,-2000,37038,160,29,144,0,0,0,0,0,0,0,0,-32307,0,0,0,0,0,82776,0
82781,800,7834,1306,589,-422,634,16723,-919,-1,-622,-2000,37038,160,29,144,0,0,0,0,0,0,0,0,-32306,0,0,0,0,0,82781,0
82786,888,7912,1346,594,-414,634,16513,-924,-2,-594,-2000,37040,163,29,144,0,0,0,0,0,0,0,0,-32307,0,0,0,0,0,82786,0
82791,894,7942,1354,598,-406,632,16302,-925,-7,-595,-2000,37040,163,29,144,0,0,0,0,0,0,0,0,-32307,0,0,0,0,0,82791,0
82796,884,7938,1392,603,-395,638,16093,-927,-6,-596,-2000,37041,165,29,144,0,0,0,0,0,0,0,0,-32307,0,0,0,0,0,82796,0
82801,922,7954,1424,607,-386,642,15884,-922,-1,-610,-2000,37041,165,29,144,0,0,0,0,0,0,0,0,-32307,0,0,0,0,0,82801,0
82806,932,7946,1422,606,-381,653,15675,-919,0,-628,-2000,37041,161,29,144,0,0,0,0,0,0,0,0,-32307,0,0,0,0,0,82806,0
82811,950,7958,1466,601,-382,657,15469,-907,6,-601,-2000,37041,161,29,144,0,0,0,0,0,0,0,0,-32307,0,0,0,0,0,82811,0
82816,1054,7998,1490,605,-364,676,15263,-905,5,-631,-2000,37041,159,29,144,0,0,0,0,0,0,0,0,-32306,0,0,0,0,0,82816,0
82821,1048,8014,1518,604,-361,686,15056,-913,11,-625,-2000,37041,159,29,144,0,0,0,0,0,0,0,0,-32307,0,0,0,0,0,82821,0
82826,1076,7986,1546,603,-345,698,14850,-906,5,-621,-2000,37042,161,29,144,0,0,0,0,0,0,0,0,-32307,0,0,0,0,0,82826,0
82831,1144,8020,1546,599,-335,707,14645,-902,6,-623,-2000,37042,161,29,144,0,0,0,0,0,0,0,0,-32307,0,0,0,0,0,82831,0
82836,1160,8006,1580,593,-305,733,14439,-904,1,-628,-2000,37046,156,29,144,0,0,0,0,0,0,0,0,-32306,0,0,0,0,0,82836,0
82841,1190,7956,1598,593,-291,741,14234,-910,5,-636,-2000,37046,156,29,144,0,0,0,0,0,0,0,0,-32307,0,0,0,0,0,82841,0
82846,1204,7918,1596,588,-267,758,14029,-903,2,-621,-2000,37045,155,29,144,0,0,0,0,0,0,0,0,-32307,0,0,0,0,0,82846,0
82851,1198,7924,1602,592,-256,757,13822,-913,-1,-606,-2000,37045,155,29,144,0,0,0,0,0,0,0,0,-32307,0,0,0,0,0,82851,0
82856,1208,7864,1622,578,-221,778,13614,-911,-11,-633,-2000,37047,152,29,144,0,0,0,0,0,0,0,0,-32306,0,0,0,0,0,82856,0
82861,1218,7862,1632,579,-210,786,13406,-917,80,-614,-2000,37047,152,29,144,0,0,0,0,0,0,0,0,-32307,0,0,0,0,0,82861,0
82866,1156,7856,1636,570,-188,792,13198,-915,80,-629,-2000,37046,159,29,144,0,0,0,0,0,0,0,0,-32307,0,0,0,0,0,82866,0
82871,1188,7854,1672,571,-174,802,12990,-909,39,-608,-2000,37046,159,29,144,0,0,0,0,0,0,0,0,-32306,0,0,0,0,0,82871,0
82876,1682,8048,1626,570,-148,744,12781,-918,42,-639,-2000,37046,152,29,144,0,0,0,0,0,0,0,0,-32307,0,0,0,0,0,82876,0
82881,2772,7828,1730,559,-133,550,12578,-886,-44,-718,-2000,37046,152,29,144,0,0,0,0,0,0,0,0,-32307,0,0,0,0,0,82881,0
82886,2410,8040,1692,544,-106,325,12393,-804,-44,-979,-2000,37044,163,29,144,0,0,0,0,0,0,0,0,-32307,0,0,0,0,0,82886,0
82891,928,8484,1736,549,-87,306,12235,-686,137,-1457,-2000,37044,163,29,144,0,0,0,0,0,0,0,0,-32306,0,0,0,0,0,82891,0
82896,-416,7278,1672,553,-19,335,12096,-595,233,-2023,-2000,37036,182,29,144,0,0,0,0,0,0,0,0,-32306,0,0,0,0,0,82896,0
82901,854,7254,1794,554,-5,394,11977,-524,308,-2488,-2000,37036,182,29,144,0,0,0,0,0,0,0,0,-32306,0,0,0,0,0,82901,0
82906,432,7412,1684,550,5,337,11875,-444,313,-2900,-2000,37019,221,29,144,0,0,0,0,0,0,0,0,-32308,0,0,0,0,0,82906,0
82911,1118,7890,1648,551,-7,399,11784,-384,286,-3269,-2000,37019,221,29,144,0,0,0,0,0,0,0,0,-32308,0,0,0,0,0,82912,0
82916,1168,7676,1658,556,8,334,11707,-337,245,-3596,-2000,36994,260,29,144,0,0,0,0,0,0,0,0,-32308,0,0,0,0,0,82917,0
82921,486,7842,1750,548,18,288,11637,-300,207,-3854,-2000,36994,260,29,144,0,0,0,0,0,0,0,0,-32308,0,0,0,0,0,82922,0
82926,450,8038,1690,543,7,331,11577,-263,178,-4002,-2000,36974,301,29,144,0,0,0,0,0,0,0,0,-32307,0,0,0,0,0,82927,0
82931,886,8070,1800,535,13,345,11526,-218,158,-4233,-2000,36974,301,29,144,0,0,0,0,0,0,0,0,-32306,0,0,0,0,0,82932,0
82936,1240,7952,1800,531,46,292,11478,-203,128,-4462,-2000,36958,342,29,144,0,0,0,0,0,0,0,0,-32305,0,0,0,0,0,82937,0
82941,940,7978,1798,527,63,285,11443,-155,116,-4531,-2000,36958,342,29,144,0,0,0,0,0,0,0,0,-32305,0,0,0,0,0,82942,0
82946,836,7926,1762,526,72,297,11413,-121,119,-4854,-2000,36946,363,29,144,0,0,0,0,0,0,0,0,-32305,0,0,0,0,0,82947,0
82951,878,7822,1782,519,82,307,11380,-146,101,-5033,-2000,36946,363,29,144,0,0,0,0,0,0,0,0,-32304,0,0,0,0,0,82952,0
82956,1044,7880,1810,500,96,315,11354,-119,74,-5096,-2000,36935,387,29,144,0,0,0,0,0,0,0,0,-32305,0,0,0,0,0,82957,0
82961,1156,7896,1810,494,108,314,11330,-112,52,-5027,-2000,36935,387,29,144,0,0,0,0,0,0,0,0,-32305,0,0,0,0,0,82963,0
82966,1112,7886,1802,486,116,309,11316,-56,46,-4447,0,36928,391,29,144,0,0,0,0,0,0,0,0,-32305,0,0,0,0,0,82968,0
82971,1328,7904,1878,474,126,264,11448,669,298,-2075,0,36928,391,29,144,0,0,0,0,0,0,0,0,-32306,0,0,0,0,0,82973,0
82976,1302,8120,1870,450,150,222,11644,865,728,-2537,0,36963,300,29,144,0,0,0,0,0,0,0,0,-32306,0,0,0,0,0,82977,0
82981,972,7914,1816,441,170,224,11818,751,919,-2399,0,36963,300,29,144,0,0,0,0,0,0,0,0,-32308,0,0,0,0,0,82982,0
82986,790,7912,1854,429,193,246,11969,655,724,-1845,0,37005,202,29,144,0,0,0,0,0,0,0,0,-32307,0,0,0,0,0,82987,0
82991,822,7906,1894,420,198,266,12100,561,287,-1378,0,37005,202,29,144,0,0,0,0,0,0,0,0,-32307,0,0,0,0,0,82992,0
82996,1324,7998,1838,393,229,284,12212,488,-213,-1000,0,37047,104,29,144,0,0,0,0,0,0,0,0,-32306,0,0,0,0,0,82997,0
83001,1252,8008,1800,369,242,277,12311,436,-312,-759,0,37047,104,29,144,0,0,0,0,0,0,0,0,-32307,0,0,0,0,0,83002,0
83006,1018,8036,1774,357,254,274,12399,378,-269,-611,0,37058,95,29,144,0,0,0,0,0,0,0,0,-32307,0,0,0,0,0,83007,0
83011,860,8110,1756,346,273,287,12473,315,-223,-493,0,37058,95,29,144,0,0,0,0,0,0,0,0,-32307,0,0,0,0,0,83012,0
83016,966,8042,1744,317,291,329,12535,259,-202,-387,0,37058,104,29,144,0,0,0,0,0,0,0,0,-32307,0,0,0,0,0,83017,0
83021,1072,8016,1732,310,297,329,12582,210,-200,-316,0,37058,104,29,144,0,0,0,0,0,0,0,0,-32307,0,0,0,0,0,83022,0
83026,1042,8064,1748,301,299,329,12616,139,-208,-241,0,37057,105,29,144,0,0,0,0,0,0,0,0,-32307,0,0,0,0,0,83027,0
83031,1038,8084,1704,292,304,332,12640,108,-204,-186,0,37057,105,29,144,0,0,0,0,0,0,0,0,-32307,0,0,0,0,0,83032,0
83036,866,8048,1636,275,309,341,12654,53,-182,-134,0,37058,115,29,144,0,0,0,0,0,0,0,0,-32307,0,0,0,0,0,83037,0
83041,864,8022,1606,259,309,357,12659,16,-168,-56,0,37058,115,29,144,0,0,0,0,0,0,0,0,-32307,0,0,0,0,0,83042,0
83046,902,8042,1620,254,305,364,12660,7,-150,-13,0,37056,114,29,144,0,0,0,0,0,0,0,0,-32307,0,0,0,0,0,83047,0
83051,990,8014,1594,248,305,362,12660,-3,-112,0,0,37056,114,29,144,0,0,0,0,0,0,0,0,-32307,0,0,0,0,0,83052,0
83056,990,8020,1546,241,304,356,12659,-6,-75,-2,0,37056,117,29,144,0,0,0,0,0,0,0,0,-32307,0,0,0,0,0,83057,0
83061,948,8048,1518,234,299,354,12659,0,-32,-2,0,37056,117,29,144,0,0,0,0,0,0,0,0,-32307,0,0,0,0,0,83063,0
83066,920,8068,1540,238,303,357,12660,0,-11,-3,0,37058,118,29,144,0,0,0,0,0,0,0,0,-32307,0,0,0,0,0,83068,0
83071,924,8100,1506,237,299,363,12660,0,0,-4,0,37058,118,29,144,0,0,0,0,0,0,0,0,-32307,0,0,0,0,0,83073,0
83076,986,8112,1504,237,304,362,12661,8,4,-7,0,37062,126,29,144,0,0,0,0,0,0,0,0,-32307,0,0,0,0,0,83078,0
83081,984,8118,1484,242,302,361,12661,6,7,-8,0,37062,126,29,144,0,0,0,0,0,0,0,0,-32307,0,0,0,0,0,83083,0
83086,976,8172,1472,238,302,361,12663,13,4,-10,0,37065,135,29,144,0,0,0,0,0,0,0,0,-32307,0,0,0,0,0,83088,0
83091,936,8164,1478,248,302,365,12664,13,4,-16,0,37065,135,29,144,0,0,0,0,0,0,0,0,-32307,0,0,0,0,0,83093,0
83096,928,8208,1472,248,303,369,12668,24,11,-27,0,37063,133,29,144,0,0,0,0,0,0,0,0,-32307,0,0,0,0,0,83098,0
83101,962,8198,1476,254,303,366,12673,23,12,-45,0,37063,133,29,144,0,0,0,0,0,0,0,0,-32307,0,0,0,0,0,83103,0
83106,956,8226,1482,251,300,372,12685,53,23,-75,0,37060,128,29,144,0,0,0,0,0,0,0,0,-32307,0,0,0,0,0,83108,0
83111,974,8190,1500,248,305,368,12701,74,45,-114,0,37060,128,29,144,0,0,0,0,0,0,0,0,-32307,0,0,0,0,0,83113,0
83116,904,8200,1476,255,299,368,12715,62,51,-115,0,37059,123,29,144,0,0,0,0,0,0,0,0,-32307,0,0,0,0,0,83118,0
83121,864,8212,1460,254,293,376,12722,33,26,-68,0,37059,123,29,144,0,0,0,0,0,0,0,0,-32307,0,0,0,0,0,83123,0
83126,858,8184,1470,256,283,382,12725,12,-14,-26,0,37060,133,29,144,0,0,0,0,0,0,0,0,-32307,0,0,0,0,0,83128,0
83131,828,8178,1474,257,283,392,12724,-7,-55,-6,0,37060,133,29,144,0,0,0,0,0,0,0,0,-32307,0,0,0,0,0,83133,0
83136,840,8100,1486,253,267,411,12723,-11,-64,0,0,37060,130,29,144,0,0,0,0,0,0,0,0,-32307,0,0,0,0,0,83138,0
83141,880,8086,1500,251,255,419,12724,1,-43,0,0,37060,130,29,144,0,0,0,0,0,0,0,0,-32307,0,0,0,0,0,83143,0
83146,914,8068,1514,247,251,417,12724,0,-20,-2,0,37058,126,29,144,0,0,0,0,0,0,0,0,-32307,0,0,0,0,0,83148,0
83151,876,8038,1484,250,238,418,12724,0,0,-2,0,37058,126,29,144,0,0,0,0,0,0,0,0,-32307,0,0,0,0,0,83153,0
83156,862,8006,1488,248,230,421,12723,-4,-1,-1,0,37059,121,29,144,0,0,0,0,0,0,0,0,-32308,0,0,0,0,0,83158,0
83161,830,8002,1526,236,220,418,12724,-1,2,-4,0,37059,121,29,144,0,0,0,0,0,0,0,0,-32308,0,0,0,0,0,83163,0
83166,828,7974,1502,233,219,420,12725,8,-1,-4,0,37066,124,29,144,0,0,0,0,0,0,0,0,-32307,0,0,0,0,0,83168,0
83171,796,7934,1512,233,213,420,12724,7,5,-2,0,37066,124,29,144,0,0,0,0,0,0,0,0,-32307,0,0,0,0,0,83173,0
83176,806,7950,1514,225,196,422,12725,4,-1,-2,0,37068,119,29,144,0,0,0,0,0,0,0,0,-32307,0,0,0,0,0,83178,0
83181,820,7958,1536,221,202,423,12725,12,-2,-2,0,37068,119,29,144,0,0,0,0,0,0,0,0,-32307,0,0,0,0,0,83183,0
83186,810,7974,1556,212,192,420,12723,-3,3,0,0,37067,112,29,144,0,0,0,0,0,0,0,0,-32307,0,0,0,0,0,83188,0
83191,794,7984,1534,215,188,420,12725,1,-2,-1,0,37067,112,29,144,0,0,0,0,0,0,0,0,-32307,0,0,0,0,0,83193,0
83196,804,7986,1580,207,181,423,12725,4,-1,-2,0,37063,113,29,144,0,0,0,0,0,0,0,0,-32307,0,0,0,0,0,83198,0
83201,810,7970,1524,197,172,426,12725,-1,2,-1,0,37063,113,29,144,0,0,0,0,0,0,0,0,-32307,0,0,0,0,0,83203,0
83206,812,7988,1538,184,171,423,12725,1,-6,-1,0,37061,114,29,144,0,0,0,0,0,0,0,0,-32307,0,0,0,0,0,83208,0
83211,774,7964,1540,180,162,422,12724,-6,-5,-2,0,37061,114,29,144,0,0,0,0,0,0,0,0,-32307,0,0,0,0,0,83213,0
83216,806,7934,1498,166,155,421,12724,-1,0,-1,0,37059,117,29,144,0,0,0,0,0,0,0,0,-32307,0,0,0,0,0,83218,0
83221,780,7916,1528,157,148,424,12723,-5,0,-2,0,37059,117,29,144,0,0,0,0,0,0,0,0,-32307,0,0,0,0,0,83223,0
83226,810,7954,1510,152,144,420,12724,5,1,-2,0,37059,117,29,144,0,0,0,0,0,0,0,0,-32307,0,0,0,0,0,83228,0
83231,824,7924,1490,142,142,424,12725,5,2,-3,0,37059,117,29,144,0,0,0,0,0,0,0,0,-32307,0,0,0,0,0,83233,0
83236,820,7946,1484,122,134,415,12723,1,5,-2,0,37061,122,29,144,0,0,0,0,0,0,0,0,-32307,0,0,0,0,0,83238,0
83241,816,7966,1464,124,126,421,12724,-6,0,-2,0,37061,122,29,144,0,0,0,0,0,0,0,0,-32307,0,0,0,0,0,83243,0
83246,798,7952,1446,126,123,411,12723,0,-1,-2,0,37064,125,29,144,0,0,0,0,0,0,0,0,-32307,0,0,0,0,0,83248,0
83251,798,7960,1412,120,128,418,12725,0,4,-2,0,37064,125,29,144,0,0,0,0,0,0,0,0,-32307,0,0,0,0,0,83253,0
83256,770,7940,1404,104,121,410,12724,0,1,-3,0,37062,128,29,144,0,0,0,0,0,0,0,0,-32307,0,0,0,0,0,83258,0
83261,762,7934,1392,103,120,408,12725,4,-1,-3,0,37062,128,29,144,0,0,0,0,0,0,0,0,-32307,0,0,0,0,0,83263,0
83266,764,7916,1356,100,116,407,12725,0,1,-2,0,37063,126,29,144,0,0,0,0,0,0,0,0,-32307,0,0,0,0,0,83268,0
83271,744,7906,1372,98,108,404,12724,0,0,-3,0,37063,126,29,144,0,0,0,0,0,0,0,0,-32307,0,0,0,0,0,83273,0
83276,724,7932,1306,104,97,394,12724,0,1,-3,0,37065,119,29,144,0,0,0,0,0,0,0,0,-32307,0,0,0,0,0,83278,0
83281,698,7940,1300,102,85,394,12725,5,-3,-2,0,37065,119,29,144,0,0,0,0,0,0,0,0,-32307,0,0,0,0,0,83283,0
83286,700,7974,1292,100,82,385,12725,9,0,-2,0,37065,120,29,144,0,0,0,0,0,0,0,0,-32307,0,0,0,0,0,83288,0
83291,718,7974,1294,102,75,377,12724,1,1,-2,0,37065,120,29,144,0,0,0,0,0,0,0,0,-32307,0,0,0,0,0,83293,0
83296,692,7962,1238,106,73,370,12723,3,-3,-1,0,37062,120,29,144,0,0,0,0,0,0,0,0,-32307,0,0,0,0,0,83298,0
83301,682,8006,1266,104,67,360,12723,1,4,-1,0,37062,120,29,144,0,0,0,0,0,0,0,0,-32306,0,0,0,0,0,83303,0
83306,684,8008,1246,108,67,357,12724,2,0,-3,0,37057,124,29,144,0,0,0,0,0,0,0,0,-32307,0,0,0,0,0,83308,0
83311,724,8044,1258,118,69,352,12724,-1,4,-1,0,37057,124,29,144,0,0,0,0,0,0,0,0,-32307,0,0,0,0,0,83313,0
83316,704,8058,1262,118,64,340,12725,2,0,-1,0,37059,122,29,144,0,0,0,0,0,0,0,0,-32307,0,0,0,0,0,83318,0
83321,678,8078,1214,121,59,334,12725,0,0,-2,0,37059,122,29,144,0,0,0,0,0,0,0,0,-32307,0,0,0,0,0,83323,0
83326,666,8086,1200,120,54,330,12726,9,1,-4,0,37063,115,29,144,0,0,0,0,0,0,0,0,-32307,0,0,0,0,0,83328,0
83331,690,8076,1188,129,48,325,12724,1,-1,-3,0,37063,115,29,144,0,0,0,0,0,0,0,0,-32307,0,0,0,0,0,83333,0
83336,686,8070,1212,142,37,314,12725,-1,0,-3,0,37066,109,29,144,0,0,0,0,0,0,0,0,-32307,0,0,0,0,0,83338,0
83341,678,8082,1208,140,37,303,12723,-6,-6,-2,0,37066,109,29,144,0,0,0,0,0,0,0,0,-32307,0,0,0,0,0,83343,0
83346,668,8054,1208,142,37,298,12725,2,5,-1,0,37064,112,29,144,0,0,0,0,0,0,0,0,-32307,0,0,0,0,0,83348,0
83351,684,8036,1206,144,34,285,12724,0,-2,-1,0,37064,112,29,144,0,0,0,0,0,0,0,0,-32306,0,0,0,0,0,83353,0
83356,680,8036,1196,155,25,274,12724,-8,1,-1,0,37061,106,29,144,0,0,0,0,0,0,0,0,-32307,0,0,0,0,0,83358,0
83361,704,8026,1216,153,19,271,12725,0,0,-2,0,37061,106,29,144,0,0,0,0,0,0,0,0,-32307,0,0,0,0,0,83363,0
83366,684,8004,1210,151,21,257,12723,0,-1,-2,0,37059,105,29,144,0,0,0,0,0,0,0,0,-32307,0,0,0,0,0,83368,0
83371,698,7992,1208,158,20,252,12725,3,3,-1,0,37059,105,29,144,0,0,0,0,0,0,0,0,-32307,0,0,0,0,0,83373,0
83376,712,8022,1224,157,24,233,12725,0,-2,0,0,37064,109,29,144,0,0,0,0,0,0,0,0,-32307,0,0,0,0,0,83378,0
83381,720,8002,1236,162,28,221,12724,5,5,-1,0,37064,109,29,144,0,0,0,0,0,0,0,0,-32307,0,0,0,0,0,83383,0
83386,682,7988,1220,159,30,213,12726,8,2,-3,0,37069,129,29,144,0,0,0,0,0,0,0,0,-32307,0,0,0,0,0,83388,0
83391,688,7974,1232,163,41,202,12723,-5,-4,-1,0,37069,129,29,144,0,0,0,0,0,0,0,0,-32307,0,0,0,0,0,83393,0
83396,668,8014,1254,156,51,175,12725,0,-3,-3,0,37069,130,29,144,0,0,0,0,0,0,0,0,-32307,0,0,0,0,0,83398,0
83401,690,7978,1256,154,56,159,12725,3,-2,-3,0,37069,130,29,144,0,0,0,0,0,0,0,0,-32307,0,0,0,0,0,83403,0
83406,698,7974,1254,154,64,143,12725,8,2,-2,0,37068,124,29,144,0,0,0,0,0,0,0,0,-32307,0,0,0,0,0,83408,0
83411,698,7970,1272,151,73,134,12725,1,-4,-1,0,37068,124,29,144,0,0,0,0,0,0,0,0,-32307,0,0,0,0,0,83413,0
83416,680,7948,1294,142,89,105,12723,0,-1,-1,0,37063,115,29,144,0,0,0,0,0,0,0,0,-32307,0,0,0,0,0,83418,0
83421,698,7918,1284,139,99,93,12725,-3,0,-2,0,37063,115,29,144,0,0,0,0,0,0,0,0,-32307,0,0,0,0,0,83423,0
83426,702,7934,1262,135,104,75,12723,-8,-1,-3,0,37063,121,29,144,0,0,0,0,0,0,0,0,-32307,0,0,0,0,0,83428,0
83431,726,7922,1280,126,115,64,12725,3,1,-2,0,37063,121,29,144,0,0,0,0,0,0,0,0,-32307,0,0,0,0,0,83433,0
83436,734,7926,1272,115,130,36,12726,5,-2,-2,0,37062,126,29,144,0,0,0,0,0,0,0,0,-32307,0,0,0,0,0,83438,0
83441,742,7916,1280,117,133,18,12726,9,2,-2,0,37062,126,29,144,0,0,0,0,0,0,0,0,-32307,0,0,0,0,0,83443,0
83446,766,7908,1258,105,147,10,12724,0,2,-3,0,37061,125,29,144,0,0,0,0,0,0,0,0,-32307,0,0,0,0,0,83448,0
83451,774,7916,1250,94,148,5,12724,-1,-4,-2,0,37061,125,29,144,0,0,0,0,0,0,0,0,-32307,0,0,0,0,0,83453,0
83456,806,7894,1246,89,165,-19,12723,-7,0,-1,0,37062,121,29,144,0,0,0,0,0,0,0,0,-32307,0,0,0,0,0,83458,0
83461,830,7876,1228,81,172,-31,12726,4,-2,-2,0,37062,121,29,144,0,0,0,0,0,0,0,0,-32306,0,0,0,0,0,83463,0
83466,858,7890,1228,76,174,-39,12725,0,0,-1,0,37062,114,29,144,0,0,0,0,0,0,0,0,-32307,0,0,0,0,0,83468,0
83471,878,7856,1204,73,182,-43,12724,-4,2,-3,0,37062,114,29,144,0,0,0,0,0,0,0,0,-32307,0,0,0,0,0,83473,0
83476,906,7848,1180,65,190,-60,12724,-4,0,-3,0,37061,113,29,144,0,0,0,0,0,0,0,0,-32307,0,0,0,0,0,83478,0
83481,896,7836,1150,60,193,-67,12724,-1,0,-2,0,37061,113,29,144,0,0,0,0,0,0,0,0,-32307,0,0,0,0,0,83483,0
83486,920,7848,1170,60,197,-63,12725,4,1,-2,0,37065,120,29,144,0,0,0,0,0,0,0,0,-32307,0,0,0,0,0,83488,0
83491,916,7844,1146,64,201,-71,12724,-6,1,-4,0,37065,120,29,144,0,0,0,0,0,0,0,0,-32307,0,0,0,0,0,83493,0
83496,930,7814,1124,59,204,-72,12725,-1,5,-4,0,37064,121,29,144,0,0,0,0,0,0,0,0,-32307,0,0,0,0,0,83498,0
83501,916,7804,1092,55,208,-76,12726,9,4,-4,0,37064,121,29,144,0,0,0,0,0,0,0,0,-32307,0,0,0,0,0,83506,0
83506,894,7816,1088,59,210,-75,12726,2,3,-5,0,37064,115,29,144,0,0,0,0,0,0,0,0,-32307,0,0,0,0,0,83508,0
83511,920,7828,1076,63,207,-78,12727,4,1,-4,0,37064,115,29,144,0,0,0,0,0,0,0,0,-32307,0,0,0,0,0,83513,0
83516,908,7836,1052,71,207,-78,12726,0,2,-5,0,37064,115,29,144,0,0,0,0,0,0,0,0,-32307,0,0,0,0,0,83518,0
83521,908,7828,1022,68,200,-89,12727,13,3,-5,0,37064,115,29,144,0,0,0,0,0,0,0,0,-32307,0,0,0,0,0,83523,0
83526,924,7798,1032,74,198,-85,12727,1,-6,-6,0,37061,123,29,144,0,0,0,0,0,0,0,0,-32307,0,0,0,0,0,83528,0
83531,910,7820,970,73,191,-89,12726,-7,3,-7,0,37061,123,29,144,0,0,0,0,0,0,0,0,-32307,0,0,0,0,0,83533,0
83536,900,7906,960,83,178,-92,12728,2,1,-7,0,37063,120,29,144,0,0,0,0,0,0,0,0,-32307,0,0,0,0,0,83538,0
83541,892,7904,926,89,169,-103,12727,-3,-3,-9,0,37063,120,29,144,0,0,0,0,0,0,0,0,-32307,0,0,0,0,0,83543,0
83546,970,7960,902,101,160,-101,12730,7,2,-10,0,37061,121,29,144,0,0,0,0,0,0,0,0,-32307,0,0,0,0,0,83547,0
83551,954,7958,926,106,145,-110,12731,5,3,-12,0,37061,121,29,144,0,0,0,0,0,0,0,0,-32308,0,0,0,0,0,83552,0
83556,1028,7918,898,118,117,-117,12732,8,10,-17,0,37061,117,29,144,0,0,0,0,0,0,0,0,-32307,0,0,0,0,0,83557,0
83561,1074,8004,872,120,102,-122,12735,14,3,-26,0,37061,117,29,144,0,0,0,0,0,0,0,0,-32307,0,0,0,0,0,83562,0
83566,1044,8058,876,131,78,-127,12740,26,13,-39,0,37063,125,29,144,0,0,0,0,0,0,0,0,-32307,0,0,0,0,0,83567,0
83571,1010,8018,894,137,54,-133,12748,43,24,-65,0,37063,125,29,144,0,0,0,0,0,0,0,0,-32307,0,0,0,0,0,83572,0
83576,1198,8116,864,151,13,-154,12761,62,41,-100,0,37066,124,29,144,0,0,0,0,0,0,0,0,-32307,0,0,0,0,0,83577,0
83581,1222,8180,886,161,-2,-157,12776,59,50,-108,0,37066,124,29,144,0,0,0,0,0,0,0,0,-32307,0,0,0,0,0,83582,0
83586,1196,8168,866,168,-17,-166,12786,34,27,-79,0,37071,125,29,144,0,0,0,0,0,0,0,0,-32307,0,0,0,0,0,83587,0
83591,1098,8152,892,174,-28,-158,12790,21,-6,-51,0,37071,125,29,144,0,0,0,0,0,0,0,0,-32307,0,0,0,0,0,83592,0
83596,1126,8174,922,188,-56,-127,12796,30,-31,-46,0,37068,123,29,144,0,0,0,0,0,0,0,0,-32307,0,0,0,0,0,83597,0
83601,1202,8142,956,200,-67,-114,12803,36,-24,-65,0,37068,123,29,144,0,0,0,0,0,0,0,0,-32307,0,0,0,0,0,83602,0
83606,1370,8162,970,209,-87,-114,12819,69,14,-103,0,37065,124,29,144,0,0,0,0,0,0,0,0,-32307,0,0,0,0,0,83607,0
83611,1448,8160,972,210,-94,-124,12839,90,57,-142,0,37065,124,29,144,0,0,0,0,0,0,0,0,-32307,0,0,0,0,0,83612,0
83616,1356,8160,1018,217,-110,-146,12854,59,50,-121,0,37064,128,29,144,0,0,0,0,0,0,0,0,-32307,0,0,0,0,0,83617,0
83621,1214,8152,1010,221,-122,-145,12861,28,13,-72,0,37064,128,29,144,0,0,0,0,0,0,0,0,-32307,0,0,0,0,0,83622,0
83626,1122,8086,1030,228,-135,-123,12869,31,-30,-63,0,37058,124,29,144,0,0,0,0,0,0,0,0,-32307,0,0,0,0,0,83627,0
83631,1108,8056,1054,230,-150,-105,12883,58,-31,-96,0,37058,124,29,144,0,0,0,0,0,0,0,0,-32307,0,0,0,0,0,83632,0
83636,1404,8024,1106,231,-176,-95,12901,80,0,-133,0,37059,123,29,144,0,0,0,0,0,0,0,0,-32307,0,0,0,0,0,83637,0
83641,1398,8058,1106,228,-190,-100,12912,52,24,-110,0,37059,123,29,144,0,0,0,0,0,0,0,0,-32307,0,0,0,0,0,83642,0
83646,1266,8062,1128,232,-200,-97,12916,20,0,-48,0,37058,128,29,144,0,0,0,0,0,0,0,0,-32307,0,0,0,0,0,83647,0
83651,1154,8088,1146,223,-213,-85,12917,1,-36,-9,0,37058,128,29,144,0,0,0,0,0,0,0,0,-32307,0,0,0,0,0,83652,0
83656,1116,8082,1172,224,-244,-45,12916,-1,-64,-2,0,37054,130,29,144,0,0,0,0,0,0,0,0,-32307,0,0,0,0,0,83657,0
83661,1202,8066,1190,223,-255,-35,12916,-1,-59,-3,0,37054,130,29,144,0,0,0,0,0,0,0,0,-32307,0,0,0,0,0,83662,0
83666,1310,8046,1220,222,-262,-27,12918,0,-21,-1,0,37049,123,29,144,0,0,0,0,0,0,0,0,-32307,0,0,0,0,0,83667,0
83671,1350,8022,1228,213,-275,-30,12917,-2,-4,-1,0,37049,123,29,144,0,0,0,0,0,0,0,0,-32307,0,0,0,0,0,83672,0
83676,1268,8020,1258,213,-288,-23,12916,-4,-5,-1,0,37049,122,29,144,0,0,0,0,0,0,0,0,-32307,0,0,0,0,0,83677,0
83681,1206,8022,1266,202,-291,-19,12917,0,-4,-1,0,37049,122,29,144,0,0,0,0,0,0,0,0,-32307,0,0,0,0,0,83682,0
83686,1176,8002,1288,204,-296,-11,12917,0,-4,-1,0,37053,118,29,144,0,0,0,0,0,0,0,0,-32307,0,0,0,0,0,83687,0
83691,1188,7956,1290,195,-306,-15,12917,7,2,-2,0,37053,118,29,144,0,0,0,0,0,0,0,0,-32307,0,0,0,0,0,83692,0
83696,1198,7944,1302,181,-324,-3,12918,5,2,-3,0,37062,124,29,144,0,0,0,0,0,0,0,0,-32307,0,0,0,0,0,83697,0
83701,1184,7922,1318,180,-324,-4,12917,1,1,-4,0,37062,124,29,144,0,0,0,0,0,0,0,0,-32307,0,0,0,0,0,83702,0
83706,1152,7938,1316,177,-338,-6,12917,0,-2,-1,0,37065,126,29,144,0,0,0,0,0,0,0,0,-32307,0,0,0,0,0,83707,0
83711,1120,7932,1330,169,-340,-8,12916,-8,-1,-1,0,37065,126,29,144,0,0,0,0,0,0,0,0,-32307,0,0,0,0,0,83712,0
83716,1136,7968,1346,156,-345,-3,12916,1,-2,-3,0,37071,129,29,144,0,0,0,0,0,0,0,0,-32307,0,0,0,0,0,83717,0
83721,1132,8000,1364,147,-349,-5,12918,2,1,-1,0,37071,129,29,144,0,0,0,0,0,0,0,0,-32307,0,0,0,0,0,83722,0
83726,1134,7986,1356,139,-349,-5,12916,-1,3,-1,0,37079,127,29,144,0,0,0,0,0,0,0,0,-32307,0,0,0,0,0,83727,0
83731,1078,7994,1362,139,-353,-13,12916,1,-2,-2,0,37079,127,29,144,0,0,0,0,0,0,0,0,-32307,0,0,0,0,0,83732,0
83736,1088,8042,1372,120,-352,-18,12917,0,2,-1,0,37072,125,29,144,0,0,0,0,0,0,0,0,-32307,0,0,0,0,0,83737,0
83741,1078,8082,1348,111,-356,-20,12916,-6,1,-2,0,37072,125,29,144,0,0,0,0,0,0,0,0,-32307,0,0,0,0,0,83742,0
83746,1058,8090,1368,99,-361,-19,12917,-4,5,-2,0,37069,126,29,144,0,0,0,0,0,0,0,0,-32307,0,0,0,0,0,83747,0
83751,1046,8110,1334,97,-361,-26,12916,-4,-1,0,0,37069,126,29,144,0,0,0,0,0,0,0,0,-32307,0,0,0,0,0,83752,0
83756,1070,8168,1336,74,-357,-27,12916,-2,-4,0,0,37059,123,29,144,0,0,0,0,0,0,0,0,-32307,0,0,0,0,0,83757,0
83761,1068,8186,1306,70,-349,-32,12917,0,1,-1,0,37059,123,29,144,0,0,0,0,0,0,0,0,-32307,0,0,0,0,0,83762,0
83766,1036,8166,1294,60,-355,-33,12917,3,3,-3,0,37059,119,29,144,0,0,0,0,0,0,0,0,-32307,0,0,0,0,0,83767,0
83771,1044,8178,1294,54,-347,-38,12917,5,-1,-4,0,37059,119,29,144,0,0,0,0,0,0,0,0,-32307,0,0,0,0,0,83772,0
83776,1002,8186,1272,35,-345,-36,12917,3,0,-3,0,37060,123,29,144,0,0,0,0,0,0,0,0,-32307,0,0,0,0,0,83777,0
83781,1010,8228,1256,31,-344,-35,12917,-5,4,-2,0,37060,123,29,144,0,0,0,0,0,0,0,0,-32307,0,0,0,0,0,83782,0
83786,996,8176,1224,25,-336,-37,12917,3,1,0,0,37061,127,29,144,0,0,0,0,0,0,0,0,-32307,0,0,0,0,0,83787,0
83791,970,8188,1240,17,-345,-37,12915,-2,-6,-1,0,37061,127,29,144,0,0,0,0,0,0,0,0,-32307,0,0,0,0,0,83792,0
83796,950,8178,1226,7,-341,-39,12917,0,-1,-1,0,37062,138,29,144,0,0,0,0,0,0,0,0,-32307,0,0,0,0,0,83797,0
83801,940,8166,1174,-1,-339,-41,12917,0,5,0,0,37062,138,29,144,0,0,0,0,0,0,0,0,-32307,0,0,0,0,0,83806,0
83806,896,8180,1170,3,-336,-39,12918,3,2,-2,0,37066,136,29,144,0,0,0,0,0,0,0,0,-32307,0,0,0,0,0,83810,0
83811,878,8176,1164,-3,-336,-37,12915,-12,-4,-3,0,37066,136,29,144,0,0,0,0,0,0,0,0,-32307,0,0,0,0,0,83812,0
83816,872,8262,1136,-9,-339,-44,12917,0,2,-2,0,37066,127,29,144,0,0,0,0,0,0,0,0,-32307,0,0,0,0,0,83817,0
83821,868,8268,1136,-8,-338,-46,12916,-9,-6,-1,0,37066,127,29,144,0,0,0,0,0,0,0,0,-32307,0,0,0,0,0,83822,0
83826,852,8310,1122,-7,-340,-55,12917,1,0,-2,0,37069,129,29,144,0,0,0,0,0,0,0,0,-32307,0,0,0,0,0,83827,0
83831,828,8290,1096,-12,-346,-52,12917,-3,-1,-2,0,37069,129,29,144,0,0,0,0,0,0,0,0,-32307,0,0,0,0,0,83832,0
83836,830,8366,1082,-10,-347,-64,12917,9,1,-1,0,37063,116,29,144,0,0,0,0,0,0,0,0,-32307,0,0,0,0,0,83837,0
83841,902,8490,1034,-11,-334,-67,12917,0,0,-3,0,37063,116,29,144,0,0,0,0,0,0,0,0,-32307,0,0,0,0,0,83842,0
83846,908,8552,1038,-16,-331,-72,12916,3,3,-3,0,37060,115,29,144,0,0,0,0,0,0,0,0,-32307,0,0,0,0,0,83847,0
83851,856,8606,1032,-11,-338,-73,12917,-1,0,0,0,37060,115,29,144,0,0,0,0,0,0,0,0,-32307,0,0,0,0,0,83852,0
83856,848,8684,986,0,-333,-72,12918,7,5,0,0,37057,113,29,144,0,0,0,0,0,0,0,0,-32307,0,0,0,0,0,83857,0
83861,882,8708,990,10,-320,-71,12917,5,-2,-2,0,37057,113,29,144,0,0,0,0,0,0,0,0,-32307,0,0,0,0,0,83862,0
83866,918,8696,958,13,-312,-73,12918,10,1,-3,0,37058,116,29,144,0,0,0,0,0,0,0,0,-32307,0,0,0,0,0,83867,0
83871,906,8690,954,15,-314,-70,12916,4,1,-3,0,37058,116,29,144,0,0,0,0,0,0,0,0,-32307,0,0,0,0,0,83872,0
83876,904,8618,944,32,-304,-62,12917,-1,4,0,0,37060,117,29,144,0,0,0,0,0,0,0,0,-32307,0,0,0,0,0,83877,0
83881,900,8602,934,39,-294,-62,12917,0,-1,-2,0,37060,117,29,144,0,0,0,0,0,0,0,0,-32307,0,0,0,0,0,83882,0
83886,888,8620,916,42,-292,-68,12918,9,1,-1,0,37060,117,29,144,0,0,0,0,0,0,0,0,-32307,0,0,0,0,0,83887,0
83891,806,8526,916,46,-288,-69,12917,-1,-1,-2,0,37060,117,29,144,0,0,0,0,0,0,0,0,-32307,0,0,0,0,0,83892,0
83896,792,8406,892,58,-289,-70,12916,-4,-5,-2,0,37060,126,29,144,0,0,0,0,0,0,0,0,-32307,0,0,0,0,0,83897,0
83901,790,8346,878,64,-291,-76,12917,0,-2,-1,0,37060,126,29,144,0,0,0,0,0,0,0,0,-32307,0,0,0,0,0,83902,0
83906,724,8332,870,73,-290,-79,12917,2,0,1,0,37063,125,29,144,0,0,0,0,0,0,0,0,-32307,0,0,0,0,0,83907,0
83911,696,8256,856,80,-291,-78,12917,3,-2,0,0,37063,125,29,144,0,0,0,0,0,0,0,0,-32307,0,0,0,0,0,83913,0
83916,636,8154,866,91,-295,-86,12916,-5,-2,-1,0,37063,123,29,144,0,0,0,0,0,0,0,0,-32307,0,0,0,0,0,83918,0
83921,570,8084,864,96,-294,-97,12916,0,1,-1,0,37063,123,29,144,0,0,0,0,0,0,0,0,-32307,0,0,0,0,0,83923,0
83926,560,8072,878,105,-299,-94,12916,-2,-2,0,0,37063,121,29,144,0,0,0,0,0,0,0,0,-32307,0,0,0,0,0,83928,0
83931,556,8062,852,111,-308,-103,12915,-5,6,-2,0,37063,121,29,144,0,0,0,0,0,0,0,0,-32307,0,0,0,0,0,83933,0
83936,566,8014,844,119,-304,-123,12917,-1,-3,0,0,37061,124,29,144,0,0,0,0,0,0,0,0,-32307,0,0,0,0,0,83938,0
83941,532,7978,866,120,-303,-135,12916,0,4,-2,0,37061,124,29,144,0,0,0,0,0,0,0,0,-32307,0,0,0,0,0,83943,0
83946,496,7970,870,130,-304,-146,12917,7,4,-3,0,37059,128,29,144,0,0,0,0,0,0,0,0,-32307,0,0,0,0,0,83948,0
83951,510,7942,874,130,-296,-160,12917,1,1,-2,0,37059,128,29,144,0,0,0,0,0,0,0,0,-32308,0,0,0,0,0,83953,0
83956,454,7854,850,148,-290,-177,12917,7,-1,-1,0,37058,125,29,144,0,0,0,0,0,0,0,0,-32307,0,0,0,0,0,83958,0
83961,436,7818,866,141,-285,-186,12917,4,0,-2,0,37058,125,29,144,0,0,0,0,0,0,0,0,-32307,0,0,0,0,0,83963,0
83966,464,7774,884,144,-283,-195,12917,5,0,-1,0,37057,120,29,144,0,0,0,0,0,0,0,0,-32307,0,0,0,0,0,83968,0
83971,484,7754,864,155,-277,-207,12917,4,-2,-1,0,37057,120,29,144,0,0,0,0,0,0,0,0,-32307,0,0,0,0,0,83973,0
83976,434,7662,884,158,-268,-230,12915,0,0,-1,0,37058,115,29,144,0,0,0,0,0,0,0,0,-32307,0,0,0,0,0,83978,0
83981,424,7630,884,161,-266,-244,12916,-3,-3,0,0,37058,115,29,144,0,0,0,0,0,0,0,0,-32307,0,0,0,0,0,83983,0
83986,408,7560,900,158,-258,-251,12917,5,-2,-1,0,37058,116,29,144,0,0,0,0,0,0,0,0,-32307,0,0,0,0,0,83988,0
83991,392,7514,890,164,-257,-265,12916,0,0,-1,0,37058,116,29,144,0,0,0,0,0,0,0,0,-32307,0,0,0,0,0,83993,0
83996,386,7474,924,181,-242,-285,12916,0,2,0,0,37057,115,29,144,0,0,0,0,0,0,0,0,-32307,0,0,0,0,0,83998,0
84001,410,7414,926,181,-232,-287,12915,0,-1,-1,0,37057,115,29,144,0,0,0,0,0,0,0,0,-32307,0,0,0,0,0,84003,0
84006,394,7360,922,184,-223,-304,12916,2,0,0,0,37057,125,29,144,0,0,0,0,0,0,0,0,-32307,0,0,0,0,0,84008,0
84011,406,7320,938,185,-221,-311,12916,1,-1,0,0,37057,125,29,144,0,0,0,0,0,0,0,0,-32307,0,0,0,0,0,84013,0
84016,418,7244,936,189,-193,-332,12916,-1,3,-1,0,37061,124,29,144,0,0,0,0,0,0,0,0,-32307,0,0,0,0,0,84018,0
84021,404,7220,962,190,-182,-344,12917,2,2,0,0,37061,124,29,144,0,0,0,0,0,0,0,0,-32307,0,0,0,0,0,84023,0
84026,404,7218,954,192,-171,-356,12916,-3,-2,-1,0,37061,122,29,144,0,0,0,0,0,0,0,0,-32307,0,0,0,0,0,84028,0
84031,386,7188,1006,193,-158,-369,12916,0,-2,-2,0,37061,122,29,144,0,0,0,0,0,0,0,0,-32307,0,0,0,0,0,84033,0
84036,366,7146,984,192,-135,-396,12915,0,-1,-2,0,37061,117,29,144,0,0,0,0,0,0,0,0,-32307,0,0,0,0,0,84038,0
84041,368,7132,984,193,-116,-411,12914,-9,2,-2,0,37061,117,29,144,0,0,0,0,0,0,0,0,-32307,0,0,0,0,0,84043,0
84046,372,7152,986,192,-106,-423,12916,0,-1,-2,0,37057,125,29,144,0,0,0,0,0,0,0,0,-32307,0,0,0,0,0,84048,0
84051,340,7120,986,192,-102,-434,12915,-2,3,-2,0,37057,125,29,144,0,0,0,0,0,0,0,0,-32307,0,0,0,0,0,84053,0
84056,350,7136,986,186,-75,-456,12915,-4,1,-1,0,37058,126,29,144,0,0,0,0,0,0,0,0,-32307,0,0,0,0,0,84058,0
84061,330,7170,978,187,-73,-465,12916,-4,0,-3,0,37058,126,29,144,0,0,0,0,0,0,0,0,-32307,0,0,0,0,0,84063,0
84066,312,7166,954,189,-67,-474,12915,0,1,-2,0,37060,123,29,144,0,0,0,0,0,0,0,0,-32307,0,0,0,0,0,84068,0
84071,334,7174,972,182,-65,-490,12916,0,1,0,0,37060,123,29,144,0,0,0,0,0,0,0,0,-32307,0,0,0,0,0,84073,0
84076,330,7228,940,182,-58,-502,12917,7,0,-1,0,37060,118,29,144,0,0,0,0,0,0,0,0,-32307,0,0,0,0,0,84078,0
84081,324,7272,936,173,-60,-509,12916,0,3,0,0,37060,118,29,144,0,0,0,0,0,0,0,0,-32307,0,0,0,0,0,84083,0
84086,346,7340,956,175,-53,-520,12915,1,1,-1,0,37061,123,29,144,0,0,0,0,0,0,0,0,-32307,0,0,0,0,0,84088,0
84091,344,7394,926,171,-48,-528,12916,3,0,-1,0,37061,123,29,144,0,0,0,0,0,0,0,0,-32307,0,0,0,0,0,84093,0
84096,376,7532,916,168,-52,-536,12916,-1,-4,-1,0,37059,126,29,144,0,0,0,0,0,0,0,0,-32307,0,0,0,0,0,84098,0
84101,414,7586,906,169,-52,-541,12915,-1,-2,-1,0,37059,126,29,144,0,0,0,0,0,0,0,0,-32307,0,0,0,0,0,84103,0
84106,416,7610,898,166,-57,-541,12916,0,1,-1,0,37057,128,29,144,0,0,0,0,0,0,0,0,-32307,0,0,0,0,0,84108,0
84111,412,7690,924,172,-51,-540,12915,0,-3,-2,0,37057,128,29,144,0,0,0,0,0,0,0,0,-32307,0,0,0,0,0,84113,0
84116,484,7818,898,170,-48,-554,12916,3,0,0,0,37061,118,29,144,0,0,0,0,0,0,0,0,-32307,0,0,0,0,0,84118,0
84121,494,7876,868,164,-48,-550,12917,1,-3,0,0,37061,118,29,144,0,0,0,0,0,0,0,0,-32307,0,0,0,0,0,84123,0
84126,500,7970,868,168,-47,-549,12916,0,1,-1,0,37062,118,29,144,0,0,0,0,0,0,0,0,-32307,0,0,0,0,0,84128,0
84131,524,8036,860,165,-41,-548,12916,6,1,-3,0,37062,118,29,144,0,0,0,0,0,0,0,0,-32307,0,0,0,0,0,84133,0
84136,576,8080,860,159,-28,-553,12915,-4,-4,-3,0,37060,121,29,144,0,0,0,0,0,0,0,0,-32307,0,0,0,0,0,84138,0
84141,626,8222,852,166,-24,-551,12916,4,-2,-2,0,37060,121,29,144,0,0,0,0,0,0,0,0,-32307,0,0,0,0,0,84143,0
84146,652,8284,896,161,-14,-549,12914,-6,-2,-2,0,37056,115,29,144,0,0,0,0,0,0,0,0,-32307,0,0,0,0,0,84148,0
84151,672,8378,834,162,4,-550,12916,-6,1,-1,0,37056,115,29,144,0,0,0,0,0,0,0,0,-32307,0,0,0,0,0,84153,0
84156,672,8528,864,162,25,-547,12916,0,-3,0,0,37053,125,29,144,0,0,0,0,0,0,0,0,-32307,0,0,0,0,0,84158,0
84161,660,8522,836,168,38,-545,12915,-6,3,0,0,37053,125,29,144,0,0,0,0,0,0,0,0,-32307,0,0,0,0,0,84163,0
84166,684,8558,836,170,42,-538,12915,-8,-3,-3,0,37056,120,29,144,0,0,0,0,0,0,0,0,-32307,0,0,0,0,0,84168,0
84171,766,8604,848,171,51,-525,12916,4,0,-3,0,37056,120,29,144,0,0,0,0,0,0,0,0,-32307,0,0,0,0,0,84173,0
84176,792,8630,832,173,75,-514,12915,-3,2,-1,0,37057,121,29,144,0,0,0,0,0,0,0,0,-32307,0,0,0,0,0,84178,0
84181,806,8626,858,170,80,-507,12915,-5,2,-3,0,37057,121,29,144,0,0,0,0,0,0,0,0,-32307,0,0,0,0,0,84183,0
84186,802,8618,850,177,86,-495,12916,3,3,-1,0,37057,126,29,144,0,0,0,0,0,0,0,0,-32307,0,0,0,0,0,84188,0
84191,762,8660,834,177,92,-486,12917,1,2,-2,0,37057,126,29,144,0,0,0,0,0,0,0,0,-32307,0,0,0,0,0,84193,0
84196,800,8616,846,182,102,-466,12916,4,-3,-3,0,37056,118,29,144,0,0,0,0,0,0,0,0,-32307,0,0,0,0,0,84198,0
84201,836,8600,864,182,109,-458,12916,0,-3,-2,0,37056,118,29,144,0,0,0,0,0,0,0,0,-32307,0,0,0,0,0,84203,0
84206,816,8570,862,185,112,-449,12915,0,-1,-2,0,37055,118,29,144,0,0,0,0,0,0,0,0,-32307,0,0,0,0,0,84208,0
84211,852,8558,844,182,117,-436,12916,-1,-1,-2,0,37055,118,29,144,0,0,0,0,0,0,0,0,-32307,0,0,0,0,0,84213,0
84216,840,8518,864,191,128,-415,12916,2,0,-2,0,37057,114,29,144,0,0,0,0,0,0,0,0,-32307,0,0,0,0,0,84218,0
84221,874,8488,852,188,139,-399,12916,-3,-2,-1,0,37057,114,29,144,0,0,0,0,0,0,0,0,-32307,0,0,0,0,0,84223,0
84226,866,8446,852,186,142,-388,12916,-1,0,0,0,37060,108,29,144,0,0,0,0,0,0,0,0,-32307,0,0,0,0,0,84228,0
84231,886,8442,842,191,145,-376,12914,-10,-2,-1,0,37060,108,29,144,0,0,0,0,0,0,0,0,-32307,0,0,0,0,0,84233,0
84236,868,8396,846,191,148,-352,12916,0,0,-2,0,37060,119,29,144,0,0,0,0,0,0,0,0,-32307,0,0,0,0,0,84238,0
84241,880,8376,850,193,146,-333,12916,1,-1,-4,0,37060,119,29,144,0,0,0,0,0,0,0,0,-32307,0,0,0,0,0,84243,0
84246,894,8370,846,199,149,-318,12914,-4,6,-3,0,37060,120,29,144,0,0,0,0,0,0,0,0,-32307,0,0,0,0,0,84248,0
84251,882,8342,842,200,154,-302,12916,-1,0,-1,0,37060,120,29,144,0,0,0,0,0,0,0,0,-32308,0,0,0,0,0,84253,0
84256,868,8312,852,204,135,-265,12916,0,2,-2,0,37057,125,29,144,0,0,0,0,0,0,0,0,-32307,0,0,0,0,0,84258,0
84261,842,8324,872,199,136,-254,12915,-5,7,-2,0,37057,125,29,144,0,0,0,0,0,0,0,0,-32307,0,0,0,0,0,84263,0
84266,852,8334,854,201,124,-236,12916,5,0,-2,0,37057,122,29,144,0,0,0,0,0,0,0,0,-32307,0,0,0,0,0,84268,0
84271,794,8282,872,198,110,-218,12916,4,1,-3,0,37057,122,29,144,0,0,0,0,0,0,0,0,-32307,0,0,0,0,0,84273,0
84276,800,8266,874,214,81,-178,12915,-5,0,-2,0,37057,125,29,144,0,0,0,0,0,0,0,0,-32307,0,0,0,0,0,84278,0
84281,806,8276,876,211,69,-160,12917,3,0,-2,0,37057,125,29,144,0,0,0,0,0,0,0,0,-32307,0,0,0,0,0,84283,0
84286,782,8274,898,209,60,-138,12916,-2,4,-1,0,37057,120,29,144,0,0,0,0,0,0,0,0,-32307,0,0,0,0,0,84288,0
84291,798,8288,908,211,39,-122,12917,0,-3,-2,0,37057,120,29,144,0,0,0,0,0,0,0,0,-32307,0,0,0,0,0,84293,0
84296,800,8242,898,205,3,-85,12916,6,-2,0,0,37057,122,29,144,0,0,0,0,0,0,0,0,-32307,0,0,0,0,0,84298,0
84301,790,8208,912,210,-6,-75,12916,1,-2,0,0,37057,122,29,144,0,0,0,0,0,0,0,0,-32307,0,0,0,0,0,84303,0
84306,798,8222,908,218,-29,-51,12916,0,1,-1,0,37060,126,29,144,0,0,0,0,0,0,0,0,-32308,0,0,0,0,0,84308,0
84311,768,8204,924,205,-43,-43,12916,-3,1,-2,0,37060,126,29,144,0,0,0,0,0,0,0,0,-32307,0,0,0,0,0,84313,0
84316,740,8186,948,210,-83,2,12915,0,-3,-2,0,37061,124,29,144,0,0,0,0,0,0,0,0,-32307,0,0,0,0,0,84318,0
84321,726,8124,940,215,-100,18,12916,0,-1,-3,0,37061,124,29,144,0,0,0,0,0,0,0,0,-32307,0,0,0,0,0,84323,0
84326,714,8102,952,213,-115,31,12916,1,-1,0,0,37068,107,29,144,0,0,0,0,0,0,0,0,-32307,0,0,0,0,0,84328,0
84331,702,8090,954,210,-134,49,12916,0,1,0,0,37068,107,29,144,0,0,0,0,0,0,0,0,-32307,0,0,0,0,0,84333,0
84336,612,8060,956,220,-160,72,12917,2,-3,-1,0,37066,108,29,144,0,0,0,0,0,0,0,0,-32307,0,0,0,0,0,84338,0
84341,596,8048,982,213,-184,90,12915,-1,2,-1,0,37066,108,29,144,0,0,0,0,0,0,0,0,-32307,0,0,0,0,0,84343,0
84346,600,7986,980,220,-200,102,12916,3,0,-2,0,37066,109,29,144,0,0,0,0,0,0,0,0,-32307,0,0,0,0,0,84348,0
84351,536,7972,1004,219,-215,113,12916,3,-1,-1,0,37066,109,29,144,0,0,0,0,0,0,0,0,-32307,0,0,0,0,0,84353,0
84356,506,7914,1022,212,-251,134,12916,7,5,-1,0,37062,127,29,144,0,0,0,0,0,0,0,0,-32307,0,0,0,0,0,84358,0
84361,484,7914,1032,224,-269,138,12917,4,-1,0,0,37062,127,29,144,0,0,0,0,0,0,0,0,-32307,0,0,0,0,0,84363,0
84366,448,7904,1034,215,-278,148,12915,-4,2,-1,0,37056,123,29,144,0,0,0,0,0,0,0,0,-32307,0,0,0,0,0,84368,0
84371,434,7904,1026,213,-302,151,12916,-3,2,-1,0,37056,123,29,144,0,0,0,0,0,0,0,0,-32307,0,0,0,0,0,84373,0
84376,396,7856,1070,203,-330,156,12916,2,-2,-2,0,37055,121,29,144,0,0,0,0,0,0,0,0,-32307,0,0,0,0,0,84378,0
84381,372,7860,1050,213,-343,158,12916,6,0,-2,0,37055,121,29,144,0,0,0,0,0,0,0,0,-32307,0,0,0,0,0,84383,0
84386,364,7842,1060,202,-362,160,12917,2,4,-1,0,37057,120,29,144,0,0,0,0,0,0,0,0,-32307,0,0,0,0,0,84388,0
84391,320,7862,1066,198,-368,155,12916,0,-1,-2,0,37057,120,29,144,0,0,0,0,0,0,0,0,-32307,0,0,0,0,0,84393,0
84396,342,7848,1096,188,-393,154,12915,-3,4,0,0,37059,127,29,144,0,0,0,0,0,0,0,0,-32307,0,0,0,0,0,84398,0
84401,374,7856,1112,184,-407,150,12916,-1,-5,-2,0,37059,127,29,144,0,0,0,0,0,0,0,0,-32307,0,0,0,0,0,84403,0
84406,338,7862,1122,176,-409,148,12916,2,1,-1,0,37057,130,29,144,0,0,0,0,0,0,0,0,-32307,0,0,0,0,0,84408,0
84411,352,7894,1120,173,-417,147,12916,-4,1,-2,0,37057,130,29,144,0,0,0,0,0,0,0,0,-32307,0,0,0,0,0,84413,0
84416,306,7882,1138,159,-428,143,12915,0,-1,-3,0,37058,131,29,144,0,0,0,0,0,0,0,0,-32307,0,0,0,0,0,84418,0
84421,318,7860,1128,148,-432,143,12916,-1,-2,-2,0,37058,131,29,144,0,0,0,0,0,0,0,0,-32307,0,0,0,0,0,84423,0
84426,302,7838,1130,145,-443,148,12916,0,-3,-1,0,37059,126,29,144,0,0,0,0,0,0,0,0,-32307,0,0,0,0,0,84428,0
84431,274,7816,1150,139,-446,145,12916,0,2,-1,0,37059,126,29,144,0,0,0,0,0,0,0,0,-32307,0,0,0,0,0,84433,0
84436,276,7722,1154,121,-453,135,12916,2,0,0,0,37063,130,29,144,0,0,0,0,0,0,0,0,-32307,0,0,0,0,0,84438,0
84441,282,7700,1126,114,-450,139,12916,0,0,-1,0,37063,130,29,144,0,0,0,0,0,0,0,0,-32307,0,0,0,0,0,84443,0
84446,254,7668,1128,113,-455,128,12916,0,1,-3,0,37059,123,29,144,0,0,0,0,0,0,0,0,-32307,0,0,0,0,0,84449,0
84451,274,7630,1104,106,-451,126,12917,-4,0,-2,0,37059,123,29,144,0,0,0,0,0,0,0,0,-32307,0,0,0,0,0,84454,0
84456,280,7594,1128,96,-448,119,12916,-2,-1,0,0,37055,123,29,144,0,0,0,0,0,0,0,0,-32307,0,0,0,0,0,84459,0
84461,270,7600,1128,90,-441,110,12917,-3,-7,-1,0,37055,123,29,144,0,0,0,0,0,0,0,0,-32307,0,0,0,0,0,84465,0
84466,272,7550,1122,80,-428,101,12915,-5,-4,-1,0,37052,121,29,144,0,0,0,0,0,0,0,0,-32307,0,0,0,0,0,84470,0
84471,300,7542,1138,78,-414,100,12916,-1,0,-2,0,37052,121,29,144,0,0,0,0,0,0,0,0,-32307,0,0,0,0,0,84475,0
84476,360,7550,1150,62,-379,84,12916,0,-1,0,0,37053,115,29,144,0,0,0,0,0,0,0,0,-32307,0,0,0,0,0,84481,0
84481,352,7542,1150,60,-355,76,12915,-7,2,-1,0,37053,115,29,144,0,0,0,0,0,0,0,0,-32307,0,0,0,0,0,84486,0
84486,422,7614,1154,52,-327,69,12915,-3,-1,-2,0,37054,121,29,144,0,0,0,0,0,0,0,0,-32307,0,0,0,0,0,84491,0
84491,414,7584,1148,40,-300,57,12916,1,1,-3,0,37054,121,29,144,0,0,0,0,0,0,0,0,-32307,0,0,0,0,0,84497,0
84496,430,7632,1154,37,-238,42,12917,8,2,-2,0,37052,121,29,144,0,0,0,0,0,0,0,0,-32307,0,0,0,0,0,84502,0
84501,466,7662,1160,28,-200,41,12916,1,3,-3,0,37052,121,29,144,0,0,0,0,0,0,0,0,-32307,0,0,0,0,0,84507,0
84506,478,7660,1152,22,-166,36,12915,3,2,-3,0,37051,123,29,144,0,0,0,0,0,0,0,0,-32307,0,0,0,0,0,84513,0
84511,468,7726,1138,22,-130,35,12915,1,1,-2,0,37051,123,29,144,0,0,0,0,0,0,0,0,-32307,0,0,0,0,0,84518,0
84516,538,7800,1120,-1,-57,32,12916,2,-1,-3,0,37050,120,29,144,0,0,0,0,0,0,0,0,-32307,0,0,0,0,0,84523,0
84521,560,7886,1092,1,-18,28,12916,0,0,-2,0,37050,120,29,144,0,0,0,0,0,0,0,0,-32307,0,0,0,0,0,84529,0
84526,560,7926,1088,-9,16,27,12916,-1,1,-2,0,37051,126,29,144,0,0,0,0,0,0,0,0,-32307,0,0,0,0,0,84534,0
84531,576,7976,1060,-26,51,22,12916,1,-4,-1,0,37051,126,29,144,0,0,0,0,0,0,0,0,-32307,0,0,0,0,0,84539,0
84536,606,8068,1038,-38,121,19,12916,0,-2,-1,0,37057,135,29,144,0,0,0,0,0,0,0,0,-32307,0,0,0,0,0,84545,0
84541,620,8120,1022,-36,162,14,12916,2,-1,-3,0,37057,135,29,144,0,0,0,0,0,0,0,0,-32307,0,0,0,0,0,84550,0
84546,642,8182,992,-46,196,15,12916,0,-2,-1,0,37059,137,29,144,0,0,0,0,0,0,0,0,-32307,0,0,0,0,0,84555,0
84551,636,8214,980,-55,231,17,12915,-1,-2,-2,0,37059,137,29,144,0,0,0,0,0,0,0,0,-32307,0,0,0,0,0,84561,0
84556,640,8310,990,-68,301,19,12915,0,1,-1,0,37062,138,29,144,0,0,0,0,0,0,0,0,-32307,0,0,0,0,0,84566,0
84561,654,8308,976,-78,338,17,12915,-8,-2,-2,0,37062,138,29,144,0,0,0,0,0,0,0,0,-32307,0,0,0,0,0,84571,0
84566,656,8330,934,-83,374,21,12916,1,2,-1,0,37057,127,29,144,0,0,0,0,0,0,0,0,-32307,0,0,0,0,0,84577,0
84571,646,8336,904,-81,402,25,12916,1,1,-2,0,37057,127,29,144,0,0,0,0,0,0,0,0,-32307,0,0,0,0,0,84582,0
84576,662,8384,876,-91,454,31,12915,-2,1,-1,0,37056,122,29,144,0,0,0,0,0,0,0,0,-32307,0,0,0,0,0,84587,0
84581,644,8376,872,-93,488,31,12915,-2,1,-2,0,37056,122,29,144,0,0,0,0,0,0,0,0,-32306,0,0,0,0,0,84593,0
84586,624,8378,850,-104,508,30,12915,-3,1,-3,0,37054,128,29,144,0,0,0,0,0,0,0,0,-32307,0,0,0,0,0,84598,0
84591,620,8374,814,-96,528,25,12916,-3,0,-2,0,37054,128,29,144,0,0,0,0,0,0,0,0,-32307,0,0,0,0,0,84603,0
84596,620,8374,778,-95,568,28,12916,1,2,-1,0,37052,124,29,144,0,0,0,0,0,0,0,0,-32307,0,0,0,0,0,84609,0
84601,628,8362,744,-100,585,25,12916,3,-3,-2,0,37052,124,29,144,0,0,0,0,0,0,0,0,-32307,0,0,0,0,0,84614,0
84606,596,8360,748,-97,601,20,12916,0,1,-1,0,37051,131,29,144,0,0,0,0,0,0,0,0,-32307,0,0,0,0,0,84619,0
84611,592,8320,726,-94,609,20,12915,0,0,-2,0,37051,131,29,144,0,0,0,0,0,0,0,0,-32307,0,0,0,0,0,84624,0
84616,620,8292,710,-86,630,13,12916,0,0,-2,0,37050,128,29,144,0,0,0,0,0,0,0,0,-32307,0,0,0,0,0,84630,0
84621,616,8300,696,-74,638,16,12916,2,3,-2,0,37050,128,29,144,0,0,0,0,0,0,0,0,-32307,0,0,0,0,0,84635,0
84626,612,8292,644,-78,647,12,12916,4,1,-2,0,37049,126,29,144,0,0,0,0,0,0,0,0,-32307,0,0,0,0,0,84641,0
84631,608,8294,656,-70,654,14,12916,2,2,-2,0,37049,126,29,144,0,0,0,0,0,0,0,0,-32307,0,0,0,0,0,84646,0
84636,628,8268,612,-57,662,4,12915,-5,-1,-2,0,37050,112,29,144,0,0,0,0,0,0,0,0,-32307,0,0,0,0,0,84651,0
84641,624,8252,626,-45,663,-2,12915,-6,1,-2,0,37050,112,29,144,0,0,0,0,0,0,0,0,-32307,0,0,0,0,0,84656,0
84646,634,8236,592,-36,668,-3,12916,-1,-1,-2,0,37053,111,29,144,0,0,0,0,0,0,0,0,-32307,0,0,0,0,0,84662,0
84651,666,8242,586,-36,657,0,12916,0,1,-2,0,37053,111,29,144,0,0,0,0,0,0,0,0,-32307,0,0,0,0,0,84667,0
84656,652,8196,570,-20,657,-3,12915,-5,-1,-2,0,37051,107,29,144,0,0,0,0,0,0,0,0,-32307,0,0,0,0,0,84672,0
84661,672,8194,582,-12,651,0,12915,0,-1,-2,0,37051,107,29,144,0,0,0,0,0,0,0,0,-32307,0,0,0,0,0,84678,0
84666,690,8170,594,8,647,-1,12916,0,-1,-3,0,37049,106,29,144,0,0,0,0,0,0,0,0,-32307,0,0,0,0,0,84684,0
84671,708,8130,578,3,641,3,12916,3,0,-2,0,37049,106,29,144,0,0,0,0,0,0,0,0,-32307,0,0,0,0,0,84689,0
84676,724,8148,634,25,625,5,12915,-2,-4,-2,0,37048,117,29,144,0,0,0,0,0,0,0,0,-32307,0,0,0,0,0,84694,0
84681,700,8118,620,29,618,20,12916,2,0,-2,0,37048,117,29,144,0,0,0,0,0,0,0,0,-32307,0,0,0,0,0,84700,0
84686,688,8128,628,35,600,18,12917,5,4,-1,0,37051,126,29,144,0,0,0,0,0,0,0,0,-32307,0,0,0,0,0,84705,0
84691,676,8104,644,41,590,24,12916,0,1,-2,0,37051,126,29,144,0,0,0,0,0,0,0,0,-32307,0,0,0,0,0,84710,0
84696,664,8080,650,50,561,44,12916,0,2,-1,0,37051,130,29,144,0,0,0,0,0,0,0,0,-32307,0,0,0,0,0,84716,0
84701,648,8124,664,51,544,48,12916,5,-2,0,0,37051,130,29,144,0,0,0,0,0,0,0,0,-32306,0,0,0,0,0,84721,0
84706,628,8106,666,53,534,58,12916,0,1,0,0,37052,128,29,144,0,0,0,0,0,0,0,0,-32307,0,0,0,0,0,84726,0
84711,640,8114,692,51,510,63,12917,3,5,0,0,37052,128,29,144,0,0,0,0,0,0,0,0,-32307,0,0,0,0,0,84731,0
84716,650,8130,624,56,474,74,12917,5,1,-1,0,37052,128,29,144,0,0,0,0,0,0,0,0,-32307,0,0,0,0,0,84737,0
84721,644,8142,662,58,449,86,12915,-3,-3,-2,0,37052,128,29,144,0,0,0,0,0,0,0,0,-32307,0,0,0,0,0,84742,0
84726,618,8154,626,59,426,97,12916,0,3,-1,0,37053,127,29,144,0,0,0,0,0,0,0,0,-32307,0,0,0,0,0,84747,0
84731,626,8210,640,63,413,99,12915,-4,0,-2,0,37053,127,29,144,0,0,0,0,0,0,0,0,-32307,0,0,0,0,0,84753,0
84736,648,8250,654,61,365,126,12916,1,0,-1,0,37053,124,29,144,0,0,0,0,0,0,0,0,-32307,0,0,0,0,0,84758,0
84741,634,8300,668,69,343,135,12916,-5,1,-3,0,37053,124,29,144,0,0,0,0,0,0,0,0,-32307,0,0,0,0,0,84763,0
84746,660,8276,650,68,321,148,12917,-1,6,-1,0,37059,127,29,144,0,0,0,0,0,0,0,0,-32307,0,0,0,0,0,84769,0
84751,634,8264,668,76,300,157,12916,0,-2,-2,0,37059,127,29,144,0,0,0,0,0,0,0,0,-32307,0,0,0,0,0,84774,0
84756,614,8310,646,84,257,183,12916,4,-2,-1,0,37059,128,29,144,0,0,0,0,0,0,0,0,-32307,0,0,0,0,0,84779,0
84761,638,8272,630,82,234,194,12916,5,0,0,0,37059,128,29,144,0,0,0,0,0,0,0,0,-32307,0,0,0,0,0,84785,0
84766,594,8248,638,90,210,213,12916,0,2,-2,0,37058,129,29,144,0,0,0,0,0,0,0,0,-32307,0,0,0,0,0,84790,0
84771,602,8246,642,101,192,217,12916,-5,2,-2,0,37058,129,29,144,0,0,0,0,0,0,0,0,-32307,0,0,0,0,0,84795,0
84776,588,8216,628,106,147,233,12916,6,-3,0,0,37052,122,29,144,0,0,0,0,0,0,0,0,-32307,0,0,0,0,0,84801,0
84781,534,8230,644,113,125,247,12917,1,1,-2,0,37052,122,29,144,0,0,0,0,0,0,0,0,-32307,0,0,0,0,0,84806,0
84786,536,8244,636,120,104,254,12915,-3,1,-2,0,37052,124,29,144,0,0,0,0,0,0,0,0,-32307,0,0,0,0,0,84811,0
84791,514,8214,648,126,82,270,12916,0,0,-1,0,37052,124,29,144,0,0,0,0,0,0,0,0,-32307,0,0,0,0,0,84817,0
84796,456,8156,632,142,46,277,12916,6,2,-2,0,37054,125,29,144,0,0,0,0,0,0,0,0,-32307,0,0,0,0,0,84822,0
84801,434,8128,654,150,25,290,12916,1,1,-3,0,37054,125,29,144,0,0,0,0,0,0,0,0,-32307,0,0,0,0,0,84827,0
84806,430,8144,652,152,6,291,12917,1,5,-1,0,37054,126,29,144,0,0,0,0,0,0,0,0,-32307,0,0,0,0,0,84832,0
84811,422,8140,686,159,-5,296,12916,1,0,-2,0,37054,126,29,144,0,0,0,0,0,0,0,0,-32307,0,0,0,0,0,84838,0
84816,390,8126,694,171,-40,302,12916,4,-3,-1,0,37054,122,29,144,0,0,0,0,0,0,0,0,-32307,0,0,0,0,0,84843,0
84821,366,8096,700,177,-58,305,12915,-6,-1,0,0,37054,122,29,144,0,0,0,0,0,0,0,0,-32307,0,0,0,0,0,84848,0
84826,338,8104,684,179,-67,303,12916,0,2,-1,0,37054,121,29,144,0,0,0,0,0,0,0,0,-32307,0,0,0,0,0,84854,0
84831,312,8114,712,182,-85,299,12916,4,3,-3,0,37054,121,29,144,0,0,0,0,0,0,0,0,-32307,0,0,0,0,0,84859,0
84836,242,8136,744,190,-115,300,12916,-1,-2,-3,0,37053,121,29,144,0,0,0,0,0,0,0,0,-32307,0,0,0,0,0,84864,0
84841,226,8106,786,191,-126,302,12916,0,4,-2,0,37053,121,29,144,0,0,0,0,0,0,0,0,-32307,0,0,0,0,0,84870,0
84846,208,8108,792,191,-133,302,12915,-1,-3,-6,0,37060,115,29,144,0,0,0,0,0,0,0,0,-32307,0,0,0,0,0,84875,0
84851,194,8108,822,195,-150,299,12916,0,1,-4,0,37060,115,29,144,0,0,0,0,0,0,0,0,-32307,0,0,0,0,0,84880,0
84856,172,8084,834,197,-167,298,12916,1,1,-1,0,37060,120,29,144,0,0,0,0,0,0,0,0,-32307,0,0,0,0,0,84886,0
84861,138,8050,850,199,-185,296,12915,-4,-6,0,0,37060,120,29,144,0,0,0,0,0,0,0,0,-32307,0,0,0,0,0,84891,0
84866,128,8032,842,201,-186,293,12916,-2,3,-3,0,37059,121,29,144,0,0,0,0,0,0,0,0,-32307,0,0,0,0,0,84896,0
84871,130,7994,862,202,-200,289,12916,2,-1,-1,0,37059,121,29,144,0,0,0,0,0,0,0,0,-32307,0,0,0,0,0,84902,0
84876,94,7944,918,204,-220,280,12916,1,2,-1,0,37053,126,29,144,0,0,0,0,0,0,0,0,-32307,0,0,0,0,0,84907,0
84881,82,7924,902,206,-225,285,12915,-7,3,-2,0,37053,126,29,144,0,0,0,0,0,0,0,0,-32307,0,0,0,0,0,84912,0
84886,56,7902,924,210,-227,280,12914,-8,-3,-2,0,37052,128,29,144,0,0,0,0,0,0,0,0,-32307,0,0,0,0,0,84918,0
84891,46,7860,922,213,-231,273,12916,1,-2,-1,0,37052,128,29,144,0,0,0,0,0,0,0,0,-32307,0,0,0,0,0,84923,0
84896,46,7780,918,210,-232,278,12916,-3,0,0,0,37053,126,29,144,0,0,0,0,0,0,0,0,-32307,0,0,0,0,0,84928,0
84901,58,7740,922,215,-219,276,12915,0,6,-1,0,37053,126,29,144,0,0,0,0,0,0,0,0,-32307,0,0,0,0,0,84934,0
84906,44,7742,934,212,-223,274,12915,-1,2,0,0,37052,128,29,144,0,0,0,0,0,0,0,0,-32307,0,0,0,0,0,84939,0
84911,48,7698,924,215,-216,270,12916,-7,-5,-2,0,37052,128,29,144,0,0,0,0,0,0,0,0,-32307,0,0,0,0,0,84945,0
84916,56,7698,910,224,-201,262,12915,-6,0,-2,0,37050,129,29,144,0,0,0,0,0,0,0,0,-32307,0,0,0,0,0,84950,0
84921,56,7696,920,225,-193,258,12916,3,2,-1,0,37050,129,29,144,0,0,0,0,0,0,0,0,-32307,0,0,0,0,0,84956,0
84926,30,7698,896,230,-191,256,12915,2,2,-1,0,37050,130,29,144,0,0,0,0,0,0,0,0,-32307,0,0,0,0,0,84961,0
84931,6,7714,942,227,-184,251,12916,0,-1,-2,0,37050,130,29,144,0,0,0,0,0,0,0,0,-32307,0,0,0,0,0,84966,0
84936,-46,7720,928,231,-181,248,12915,0,1,-1,0,37052,125,29,144,0,0,0,0,0,0,0,0,-32307,0,0,0,0,0,84972,0
84941,-14,7728,946,238,-170,240,12915,0,3,-2,0,37052,125,29,144,0,0,0,0,0,0,0,0,-32307,0,0,0,0,0,84977,0
84946,-24,7778,950,233,-164,235,12915,0,-2,-3,0,37053,128,29,144,0,0,0,0,0,0,0,0,-32307,0,0,0,0,0,84982,0
84951,-32,7772,962,241,-155,235,12916,1,0,0,0,37053,128,29,144,0,0,0,0,0,0,0,0,-32307,0,0,0,0,0,84988,0
84956,-24,7828,954,241,-144,223,12915,0,2,0,0,37051,131,29,144,0,0,0,0,0,0,0,0,-32308,0,0,0,0,0,84993,0
84961,-12,7864,944,248,-146,214,12914,-7,-1,0,0,37051,131,29,144,0,0,0,0,0,0,0,0,-32307,0,0,0,0,0,84998,0
84966,-12,7900,980,240,-140,203,12915,-5,-5,-2,0,37051,134,29,144,0,0,0,0,0,0,0,0,-32307,0,0,0,0,0,85004,0
84971,-8,7932,974,245,-141,194,12915,-1,-1,-3,0,37051,134,29,144,0,0,0,0,0,0,0,0,-32307,0,0,0,0,0,85009,0
84976,8,7972,984,239,-127,169,12914,-3,5,-1,0,37053,136,29,144,0,0,0,0,0,0,0,0,-32307,0,0,0,0,0,85014,0
84981,8,8028,980,235,-124,153,12914,-3,2,-1,0,37053,136,29,144,0,0,0,0,0,0,0,0,-32307,0,0,0,0,0,85020,0
84986,20,8070,976,229,-119,139,12914,-3,0,0,0,37054,122,29,144,0,0,0,0,0,0,0,0,-32307,0,0,0,0,0,85025,0
84991,12,8080,1004,225,-113,124,12916,4,2,-1,0,37054,122,29,144,0,0,0,0,0,0,0,0,-32307,0,0,0,0,0,85030,0
84996,62,8184,994,213,-103,92,12913,-3,4,0,0,37058,123,29,144,0,0,0,0,0,0,0,0,-32307,0,0,0,0,0,85036,0
85001,96,8252,1030,205,-101,77,12915,-3,0,-1,0,37058,123,29,144,0,0,0,0,0,0,0,0,-32307,0,0,0,0,0,85041,0
85006,84,8316,1006,200,-93,59,12915,5,-5,0,0,37070,123,29,144,0,0,0,0,0,0,0,0,-32307,0,0,0,0,0,85046,0
85011,122,8356,1008,191,-84,41,12914,-4,1,-2,0,37070,123,29,144,0,0,0,0,0,0,0,0,-32307,0,0,0,0,0,85052,0
85016,110,8510,1010,175,-73,7,12916,1,-2,-3,0,37081,133,29,144,0,0,0,0,0,0,0,0,-32307,0,0,0,0,0,85057,0
85021,136,8556,1014,164,-64,-5,12916,-1,-2,-2,0,37081,133,29,144,0,0,0,0,0,0,0,0,-32307,0,0,0,0,0,85062,0
85026,150,8530,1028,152,-58,-24,12916,5,2,-1,0,37078,133,29,144,0,0,0,0,0,0,0,0,-32307,0,0,0,0,0,85068,0
85031,134,8600,992,142,-56,-39,12913,-6,-4,-3,0,37078,133,29,144,0,0,0,0,0,0,0,0,-32307,0,0,0,0,0,85073,0
85036,154,8644,1006,125,-55,-66,12916,1,-1,-2,0,37065,129,29,144,0,0,0,0,0,0,0,0,-32307,0,0,0,0,0,85078,0
85041,186,8618,1004,112,-52,-82,12914,-2,-2,-2,0,37065,129,29,144,0,0,0,0,0,0,0,0,-32306,0,0,0,0,0,85084,0
85046,222,8638,1004,108,-50,-90,12914,-1,7,-2,0,37054,132,29,144,0,0,0,0,0,0,0,0,-32307,0,0,0,0,0,85089,0
85051,262,8590,1008,93,-48,-108,12916,1,-3,-2,0,37054,132,29,144,0,0,0,0,0,0,0,0,-32307,0,0,0,0,0,85094,0
85056,262,8478,1004,82,-45,-130,12915,-2,0,-1,0,37054,134,29,144,0,0,0,0,0,0,0,0,-32307,0,0,0,0,0,85100,0
85061,318,8410,984,72,-43,-149,12915,-1,1,-5,0,37054,134,29,144,0,0,0,0,0,0,0,0,-32307,0,0,0,0,0,85105,0
85066,286,8356,972,61,-44,-155,12915,6,1,-4,0,37058,123,29,144,0,0,0,0,0,0,0,0,-32307,0,0,0,0,0,85110,0
85071,320,8320,966,54,-50,-165,12915,0,-2,-3,0,37058,123,29,144,0,0,0,0,0,0,0,0,-32307,0,0,0,0,0,85116,0
85076,400,8194,960,39,-49,-194,12915,4,0,-1,0,37056,122,29,144,0,0,0,0,0,0,0,0,-32307,0,0,0,0,0,85121,0
85081,396,8188,952,28,-47,-209,12915,-6,2,-2,0,37056,122,29,144,0,0,0,0,0,0,0,0,-32307,0,0,0,0,0,85126,0
85086,410,8126,952,26,-44,-215,12916,8,0,-2,0,37055,124,29,144,0,0,0,0,0,0,0,0,-32307,0,0,0,0,0,85132,0
85091,404,8100,912,23,-46,-226,12915,2,1,-1,0,37055,124,29,144,0,0,0,0,0,0,0,0,-32307,0,0,0,0,0,85137,0
85096,470,8064,896,4,-42,-248,12915,0,-1,-2,0,37050,131,29,144,0,0,0,0,0,0,0,0,-32307,0,0,0,0,0,85142,0
85101,462,8076,902,2,-44,-252,12915,2,-2,-2,0,37050,131,29,144,0,0,0,0,0,0,0,0,-32307,0,0,0,0,0,85147,0
85106,492,8074,890,-6,-35,-260,12915,5,0,-1,0,37050,134,29,144,0,0,0,0,0,0,0,0,-32307,0,0,0,0,0,85153,0
85111,512,8102,858,-7,-30,-273,12914,0,0,-3,0,37050,134,29,144,0,0,0,0,0,0,0,0,-32307,0,0,0,0,0,85158,0
85116,544,8102,836,-19,-31,-273,12915,-3,1,-4,0,37052,132,29,144,0,0,0,0,0,0,0,0,-32307,0,0,0,0,0,85163,0
85121,594,8084,864,-20,-33,-280,12915,-3,-1,-2,0,37052,132,29,144,0,0,0,0,0,0,0,0,-32307,0,0,0,0,0,85169,0
85126,618,8066,840,-23,-27,-286,12915,-7,1,-1,0,37052,129,29,144,0,0,0,0,0,0,0,0,-32307,0,0,0,0,0,85174,0
85131,622,8064,832,-30,-25,-285,12915,-1,-2,-1,0,37052,129,29,144,0,0,0,0,0,0,0,0,-32306,0,0,0,0,0,85179,0
85136,668,8082,818,-36,-32,-287,12914,-7,0,0,0,37052,123,29,144,0,0,0,0,0,0,0,0,-32307,0,0,0,0,0,85185,0
85141,686,8050,828,-41,-31,-283,12916,1,0,-2,0,37052,123,29,144,0,0,0,0,0,0,0,0,-32307,0,0,0,0,0,85190,0
85146,694,8046,816,-44,-27,-279,12915,-1,3,-2,0,37051,124,29,144,0,0,0,0,0,0,0,0,-32307,0,0,0,0,0,85195,0
85151,702,8022,802,-43,-29,-275,12916,4,0,-1,0,37051,124,29,144,0,0,0,0,0,0,0,0,-32307,0,0,0,0,0,85201,0
85156,770,8030,780,-46,-34,-264,12915,0,0,-2,0,37052,127,29,144,0,0,0,0,0,0,0,0,-32307,0,0,0,0,0,85206,0
85161,818,7986,800,-55,-43,-254,12916,0,0,-1,0,37052,127,29,144,0,0,0,0,0,0,0,0,-32308,0,0,0,0,0,85211,0
85166,796,8028,778,-54,-37,-247,12915,1,-1,0,0,37054,132,29,144,0,0,0,0,0,0,0,0,-32307,0,0,0,0,0,85217,0
85171,832,8048,784,-54,-38,-242,12914,0,1,0,0,37054,132,29,144,0,0,0,0,0,0,0,0,-32308,0,0,0,0,0,85222,0
85176,908,8084,752,-54,-39,-223,12915,-1,-1,-1,0,37053,120,29,144,0,0,0,0,0,0,0,0,-32307,0,0,0,0,0,85227,0
85181,918,8054,766,-56,-38,-215,12914,-1,1,-3,0,37053,120,29,144,0,0,0,0,0,0,0,0,-32307,0,0,0,0,0,85232,0
85186,928,8030,784,-55,-34,-207,12915,1,2,-2,0,37053,116,29,144,0,0,0,0,0,0,0,0,-32307,0,0,0,0,0,85238,0
85191,938,8034,770,-54,-31,-192,12915,-2,2,-2,0,37053,116,29,144,0,0,0,0,0,0,0,0,-32307,0,0,0,0,0,85243,0
85196,872,8024,752,-53,-27,-166,12915,0,5,-4,0,37053,125,29,144,0,0,0,0,0,0,0,0,-32307,0,0,0,0,0,85248,0
85201,884,8060,722,-54,-22,-153,12914,-8,2,-2,0,37053,125,29,144,0,0,0,0,0,0,0,0,-32307,0,0,0,0,0,85254,0
85206,906,8036,738,-58,-26,-141,12916,2,0,-1,0,37054,127,29,144,0,0,0,0,0,0,0,0,-32307,0,0,0,0,0,85259,0
85211,922,8062,700,-53,-18,-132,12916,3,0,-1,0,37054,127,29,144,0,0,0,0,0,0,0,0,-32307,0,0,0,0,0,85264,0
85216,918,8062,700,-52,-20,-104,12915,0,5,-3,0,37053,124,29,144,0,0,0,0,0,0,0,0,-32307,0,0,0,0,0,85270,0
85221,926,8068,720,-48,-13,-99,12915,1,0,-1,0,37053,124,29,144,0,0,0,0,0,0,0,0,-32307,0,0,0,0,0,85275,0
85226,904,8088,702,-43,-21,-77,12916,0,0,-1,0,37054,124,29,144,0,0,0,0,0,0,0,0,-32307,0,0,0,0,0,85280,0
85231,874,8076,682,-42,-12,-64,12916,-2,2,-4,0,37054,124,29,144,0,0,0,0,0,0,0,0,-32307,0,0,0,0,0,85286,0
85236,858,8078,694,-39,-25,-38,12916,0,3,-1,0,37054,125,29,144,0,0,0,0,0,0,0,0,-32307,0,0,0,0,0,85291,0
85241,828,8088,676,-29,-22,-19,12915,1,-3,-2,0,37054,125,29,144,0,0,0,0,0,0,0,0,-32307,0,0,0,0,0,85296,0
85246,812,8114,710,-25,-24,-6,12914,-3,-1,-3,0,37054,142,29,144,0,0,0,0,0,0,0,0,-32307,0,0,0,0,0,85302,0
85251,838,8098,684,-19,-26,4,12916,7,2,-2,0,37054,142,29,144,0,0,0,0,0,0,0,0,-32307,0,0,0,0,0,85307,0
85256,830,8098,700,-7,-31,40,12915,1,6,-2,0,37052,131,29,144,0,0,0,0,0,0,0,0,-32307,0,0,0,0,0,85312,0
85261,802,8146,688,-4,-28,49,12915,-5,1,-1,0,37052,131,29,144,0,0,0,0,0,0,0,0,-32307,0,0,0,0,0,85317,0
85266,788,8154,682,1,-25,63,12915,2,-4,-3,0,37053,122,29,144,0,0,0,0,0,0,0,0,-32307,0,0,0,0,0,85323,0
85271,754,8188,698,3,-38,77,12916,2,3,-3,0,37053,122,29,144,0,0,0,0,0,0,0,0,-32307,0,0,0,0,0,85328,0
85276,702,8218,720,20,-44,102,12915,-7,2,-2,0,37054,116,29,144,0,0,0,0,0,0,0,0,-32307,0,0,0,0,0,85333,0
85281,648,8234,728,26,-42,111,12914,-2,4,-2,0,37054,116,29,144,0,0,0,0,0,0,0,0,-32307,0,0,0,0,0,85339,0
85286,616,8198,758,34,-52,121,12915,-3,0,-3,0,37055,123,29,144,0,0,0,0,0,0,0,0,-32307,0,0,0,0,0,85344,0
85291,614,8224,726,39,-49,128,12916,4,0,-2,0,37055,123,29,144,0,0,0,0,0,0,0,0,-32307,0,0,0,0,0,85349,0
85296,508,8244,758,54,-65,145,12915,-3,2,-2,0,37054,123,29,144,0,0,0,0,0,0,0,0,-32307,0,0,0,0,0,85355,0
85301,476,8268,784,57,-69,155,12915,0,4,-3,0,37054,123,29,144,0,0,0,0,0,0,0,0,-32307,0,0,0,0,0,85360,0
85306,482,8232,806,62,-76,163,12915,-1,-5,-2,0,37054,128,29,144,0,0,0,0,0,0,0,0,-32307,0,0,0,0,0,85365,0
85311,464,8208,818,71,-85,171,12916,3,5,-2,0,37054,128,29,144,0,0,0,0,0,0,0,0,-32307,0,0,0,0,0,85371,0
85316,402,8192,852,84,-92,174,12916,5,1,-2,0,37054,122,29,144,0,0,0,0,0,0,0,0,-32307,0,0,0,0,0,85376,0
85321,378,8178,880,88,-97,175,12915,3,2,-1,0,37054,122,29,144,0,0,0,0,0,0,0,0,-32307,0,0,0,0,0,85381,0
85326,312,8176,912,101,-101,177,12915,-2,-2,-1,0,37054,123,29,144,0,0,0,0,0,0,0,0,-32307,0,0,0,0,0,85387,0
85331,326,8148,880,108,-106,184,12916,9,-2,-2,0,37054,123,29,144,0,0,0,0,0,0,0,0,-32307,0,0,0,0,0,85392,0
85336,240,8120,930,116,-118,184,12915,-1,2,-2,0,37053,125,29,144,0,0,0,0,0,0,0,0,-32307,0,0,0,0,0,85397,0
85341,242,8102,936,122,-123,189,12915,0,-2,-2,0,37053,125,29,144,0,0,0,0,0,0,0,0,-32307,0,0,0,0,0,85403,0
85346,218,8106,968,125,-123,187,12915,0,-1,-3,0,37054,135,29,144,0,0,0,0,0,0,0,0,-32307,0,0,0,0,0,85408,0
85351,208,8082,1000,131,-128,187,12915,2,2,-2,0,37054,135,29,144,0,0,0,0,0,0,0,0,-32307,0,0,0,0,0,85413,0
85356,190,8042,1002,146,-134,185,12916,1,-2,-2,0,37052,128,29,144,0,0,0,0,0,0,0,0,-32307,0,0,0,0,0,85418,0
85361,178,8032,1032,149,-142,178,12915,1,1,-3,0,37052,128,29,144,0,0,0,0,0,0,0,0,-32307,0,0,0,0,0,85424,0
85366,152,7996,1046,148,-144,178,12915,-7,-2,-3,0,37052,130,29,144,0,0,0,0,0,0,0,0,-32307,0,0,0,0,0,85429,0
85371,140,7996,1060,155,-153,176,12915,-6,-3,-2,0,37052,130,29,144,0,0,0,0,0,0,0,0,-32308,0,0,0,0,0,85434,0
85376,138,7994,1122,159,-163,167,12914,-6,2,0,0,37056,118,29,144,0,0,0,0,0,0,0,0,-32307,0,0,0,0,0,85440,0
85381,98,7964,1126,155,-170,159,12915,-2,-1,-1,0,37056,118,29,144,0,0,0,0,0,0,0,0,-32307,0,0,0,0,0,85445,0
85386,88,7964,1134,160,-165,154,12915,-6,0,-1,0,37057,123,29,144,0,0,0,0,0,0,0,0,-32307,0,0,0,0,0,85450,0
85391,84,7924,1156,155,-179,150,12913,-10,6,-1,0,37057,123,29,144,0,0,0,0,0,0,0,0,-32307,0,0,0,0,0,85456,0
85396,76,7888,1220,148,-196,133,12914,-5,2,-2,0,37058,121,29,144,0,0,0,0,0,0,0,0,-32307,0,0,0,0,0,85461,0
85401,50,7856,1236,148,-194,128,12915,0,-1,-4,0,37058,121,29,144,0,0,0,0,0,0,0,0,-32307,0,0,0,0,0,85466,0
85406,84,7908,1228,141,-201,117,12915,-2,4,-2,0,37055,119,29,144,0,0,0,0,0,0,0,0,-32307,0,0,0,0,0,85472,0
85411,94,7924,1246,130,-198,107,12915,0,5,-1,0,37055,119,29,144,0,0,0,0,0,0,0,0,-32307,0,0,0,0,0,85477,0
85416,88,7952,1262,107,-206,89,12915,0,4,-4,0,37052,129,29,144,0,0,0,0,0,0,0,0,-32307,0,0,0,0,0,85482,0
85421,74,7942,1282,99,-205,80,12915,-1,-1,-3,0,37052,129,29,144,0,0,0,0,0,0,0,0,-32307,0,0,0,0,0,85488,0
85426,130,7944,1266,89,-208,61,12915,-3,-3,-3,0,37051,132,29,144,0,0,0,0,0,0,0,0,-32307,0,0,0,0,0,85493,0
85431,128,7904,1282,78,-208,52,12915,0,-1,-3,0,37051,132,29,144,0,0,0,0,0,0,0,0,-32307,0,0,0,0,0,85498,0
85436,146,7952,1328,48,-205,30,12915,0,3,-3,0,37050,126,29,144,0,0,0,0,0,0,0,0,-32307,0,0,0,0,0,85503,0
85441,134,7962,1332,28,-203,24,12914,-3,1,-3,0,37050,126,29,144,0,0,0,0,0,0,0,0,-32307,0,0,0,0,0,85509,0
85446,142,8024,1342,16,-194,9,12916,0,-3,-2,0,37050,126,29,144,0,0,0,0,0,0,0,0,-32307,0,0,0,0,0,85514,0
85451,170,8028,1298,-6,-188,2,12915,2,-1,-1,0,37050,126,29,144,0,0,0,0,0,0,0,0,-32307,0,0,0,0,0,85519,0
85456,174,8046,1328,-45,-175,-21,12915,0,2,-1,0,37050,126,29,144,0,0,0,0,0,0,0,0,-32307,0,0,0,0,0,85525,0
85461,214,8052,1324,-61,-168,-32,12916,0,-3,-1,0,37050,126,29,144,0,0,0,0,0,0,0,0,-32307,0,0,0,0,0,85530,0
85466,212,8062,1304,-78,-161,-39,12916,1,2,-2,0,37049,126,29,144,0,0,0,0,0,0,0,0,-32307,0,0,0,0,0,85535,0
85471,208,8102,1316,-96,-150,-55,12915,-7,2,-3,0,37049,126,29,144,0,0,0,0,0,0,0,0,-32307,0,0,0,0,0,85541,0
85476,242,8104,1280,-137,-124,-69,12916,1,-3,-2,0,37048,123,29,144,0,0,0,0,0,0,0,0,-32307,0,0,0,0,0,85546,0
85481,238,8150,1268,-155,-118,-76,12916,7,-2,-1,0,37048,123,29,144,0,0,0,0,0,0,0,0,-32307,0,0,0,0,0,85551,0
85486,236,8204,1220,-163,-104,-89,12915,1,1,-1,0,37051,118,29,144,0,0,0,0,0,0,0,0,-32307,0,0,0,0,0,85557,0
85491,230,8204,1218,-183,-94,-97,12915,5,-3,-1,0,37051,118,29,144,0,0,0,0,0,0,0,0,-32307,0,0,0,0,0,85562,0
85496,218,8256,1158,-205,-73,-114,12915,6,5,-2,0,37051,124,29,144,0,0,0,0,0,0,0,0,-32307,0,0,0,0,0,85567,0
85501,220,8278,1144,-221,-69,-120,12915,1,4,-1,0,37051,124,29,144,0,0,0,0,0,0,0,0,-32307,0,0,0,0,0,85572,0
85506,222,8258,1110,-227,-61,-131,12916,4,-2,-1,0,37051,119,29,144,0,0,0,0,0,0,0,0,-32307,0,0,0,0,0,85578,0
85511,210,8238,1090,-232,-60,-136,12915,1,1,-1,0,37051,119,29,144,0,0,0,0,0,0,0,0,-32307,0,0,0,0,0,85583,0
85516,212,8212,1002,-249,-52,-151,12914,-8,-2,-2,0,37045,125,29,144,0,0,0,0,0,0,0,0,-32307,0,0,0,0,0,85588,0
85521,254,8212,986,-254,-42,-165,12916,6,-1,0,0,37045,125,29,144,0,0,0,0,0,0,0,0,-32307,0,0,0,0,0,85594,0
85526,258,8232,970,-250,-37,-172,12915,0,-1,-2,0,37044,122,29,144,0,0,0,0,0,0,0,0,-32307,0,0,0,0,0,85599,0
85531,292,8206,948,-257,-38,-178,12914,-8,1,-1,0,37044,122,29,144,0,0,0,0,0,0,0,0,-32307,0,0,0,0,0,85604,0
85536,292,8218,856,-257,-34,-196,12916,5,-5,0,0,37048,130,29,144,0,0,0,0,0,0,0,0,-32307,0,0,0,0,0,85610,0
85541,290,8208,860,-254,-27,-203,12915,2,2,-2,0,37048,130,29,144,0,0,0,0,0,0,0,0,-32307,0,0,0,0,0,85615,0
85546,322,8220,820,-253,-32,-216,12915,0,-1,-3,0,37051,132,29,144,0,0,0,0,0,0,0,0,-32307,0,0,0,0,0,85620,0
85551,338,8162,820,-249,-29,-222,12915,3,-3,-1,0,37051,132,29,144,0,0,0,0,0,0,0,0,-32307,0,0,0,0,0,85626,0
85556,354,8158,792,-238,-31,-231,12916,1,1,-4,0,37054,140,29,144,0,0,0,0,0,0,0,0,-32306,0,0,0,0,0,85631,0
85561,372,8172,794,-232,-23,-242,12915,-8,0,-3,0,37054,140,29,144,0,0,0,0,0,0,0,0,-32307,0,0,0,0,0,85636,0
85566,362,8124,798,-223,-27,-243,12915,3,-2,-1,0,37053,129,29,144,0,0,0,0,0,0,0,0,-32307,0,0,0,0,0,85642,0
85571,432,8126,786,-212,-30,-246,12916,5,-2,-2,0,37053,129,29,144,0,0,0,0,0,0,0,0,-32307,0,0,0,0,0,85647,0
85576,424,8102,766,-199,-30,-255,12916,-2,0,-2,0,37054,126,29,144,0,0,0,0,0,0,0,0,-32307,0,0,0,0,0,85652,0
85581,466,8148,756,-200,-24,-249,12916,7,1,-1,0,37054,126,29,144,0,0,0,0,0,0,0,0,-32307,0,0,0,0,0,85658,0
85586,444,8134,770,-190,-28,-252,12915,-2,-3,-1,0,37049,132,29,144,0,0,0,0,0,0,0,0,-32306,0,0,0,0,0,85663,0
85591,480,8176,744,-185,-27,-256,12915,1,-4,-1,0,37049,132,29,144,0,0,0,0,0,0,0,0,-32307,0,0,0,0,0,85668,0
85596,520,8176,760,-174,-27,-247,12916,-1,-1,-2,0,37049,136,29,144,0,0,0,0,0,0,0,0,-32307,0,0,0,0,0,85673,0
85601,544,8192,746,-168,-25,-250,12916,3,5,-2,0,37049,136,29,144,0,0,0,0,0,0,0,0,-32307,0,0,0,0,0,85679,0
85606,494,8198,762,-167,-22,-246,12916,7,0,-1,0,37048,137,29,144,0,0,0,0,0,0,0,0,-32307,0,0,0,0,0,85684,0
85611,546,8184,754,-157,-25,-244,12915,3,2,-2,0,37048,137,29,144,0,0,0,0,0,0,0,0,-32307,0,0,0,0,0,85689,0
85616,556,8178,772,-144,-24,-236,12915,-5,6,-2,0,37049,126,29,144,0,0,0,0,0,0,0,0,-32307,0,0,0,0,0,85695,0
85621,562,8146,756,-146,-24,-228,12917,2,2,0,0,37049,126,29,144,0,0,0,0,0,0,0,0,-32307,0,0,0,0,0,85700,0
85626,574,8096,750,-143,-23,-227,12916,2,0,-1,0,37048,113,29,144,0,0,0,0,0,0,0,0,-32307,0,0,0,0,0,85705,0
85631,562,8090,752,-141,-29,-218,12916,-4,4,-3,0,37048,113,29,144,0,0,0,0,0,0,0,0,-32307,0,0,0,0,0,85711,0
85636,570,8036,762,-136,-32,-202,12915,0,0,-2,0,37048,118,29,144,0,0,0,0,0,0,0,0,-32307,0,0,0,0,0,85716,0
85641,564,8018,738,-130,-38,-202,12914,-3,-3,-2,0,37048,118,29,144,0,0,0,0,0,0,0,0,-32307,0,0,0,0,0,85721,0
85646,572,7972,746,-130,-47,-197,12916,0,1,-3,0,37048,122,29,144,0,0,0,0,0,0,0,0,-32307,0,0,0,0,0,85727,0
85651,584,7952,770,-122,-55,-191,12914,-2,-1,0,0,37048,122,29,144,0,0,0,0,0,0,0,0,-32307,0,0,0,0,0,85732,0
85656,564,7926,738,-115,-65,-178,12916,6,2,-1,0,37047,122,29,144,0,0,0,0,0,0,0,0,-32307,0,0,0,0,0,85737,0
85661,522,7900,744,-123,-71,-174,12914,-1,-3,0,0,37047,122,29,144,0,0,0,0,0,0,0,0,-32307,0,0,0,0,0,85743,0
85666,556,7914,754,-113,-79,-166,12915,0,-4,-2,0,37048,116,29,144,0,0,0,0,0,0,0,0,-32307,0,0,0,0,0,85748,0
85671,576,7878,740,-109,-81,-164,12916,6,0,-2,0,37048,116,29,144,0,0,0,0,0,0,0,0,-32307,0,0,0,0,0,85753,0
85676,578,7856,726,-100,-92,-149,12915,0,0,-2,0,37048,117,29,144,0,0,0,0,0,0,0,0,-32307,0,0,0,0,0,85759,0
85681,582,7840,736,-96,-104,-141,12915,-4,-2,-3,0,37048,117,29,144,0,0,0,0,0,0,0,0,-32307,0,0,0,0,0,85764,0
85686,614,7822,722,-93,-108,-136,12915,1,-2,-2,0,37050,126,29,144,0,0,0,0,0,0,0,0,-32307,0,0,0,0,0,85769,0
85691,626,7818,700,-92,-114,-128,12915,0,-3,-5,0,37050,126,29,144,0,0,0,0,0,0,0,0,-32307,0,0,0,0,0,85775,0
85696,572,7790,736,-80,-126,-114,12916,2,2,-3,0,37052,138,29,144,0,0,0,0,0,0,0,0,-32307,0,0,0,0,0,85780,0
85701,604,7780,706,-63,-128,-105,12915,-2,-1,-2,0,37052,138,29,144,0,0,0,0,0,0,0,0,-32307,0,0,0,0,0,85785,0
85706,582,7746,732,-62,-140,-95,12915,-3,-1,-1,0,37053,135,29,144,0,0,0,0,0,0,0,0,-32307,0,0,0,0,0,85790,0
85711,614,7756,740,-53,-145,-92,12916,0,3,-1,0,37053,135,29,144,0,0,0,0,0,0,0,0,-32307,0,0,0,0,0,85796,0
85716,616,7726,702,-45,-169,-73,12916,2,1,-1,0,37053,137,29,144,0,0,0,0,0,0,0,0,-32307,0,0,0,0,0,85801,0
85721,590,7762,714,-40,-170,-69,12916,4,-1,-1,0,37053,137,29,144,0,0,0,0,0,0,0,0,-32307,0,0,0,0,0,85806,0
85726,628,7792,710,-39,-181,-60,12915,0,3,-2,0,37051,125,29,144,0,0,0,0,0,0,0,0,-32307,0,0,0,0,0,85812,0
85731,594,7802,726,-28,-190,-50,12915,-4,-2,-1,0,37051,125,29,144,0,0,0,0,0,0,0,0,-32307,0,0,0,0,0,85817,0
85736,618,7840,732,-18,-211,-37,12915,-5,1,-1,0,37051,129,29,144,0,0,0,0,0,0,0,0,-32307,0,0,0,0,0,85822,0
85741,610,7878,732,-11,-220,-29,12915,2,-4,-1,0,37051,129,29,144,0,0,0,0,0,0,0,0,-32307,0,0,0,0,0,85828,0
85746,588,7848,728,-10,-229,-25,12916,5,-1,-2,0,37050,129,29,144,0,0,0,0,0,0,0,0,-32307,0,0,0,0,0,85833,0
85751,594,7886,736,-1,-235,-12,12916,3,0,-1,0,37050,129,29,144,0,0,0,0,0,0,0,0,-32307,0,0,0,0,0,85838,0
85756,600,7924,740,4,-244,9,12916,3,4,-3,0,37050,134,29,144,0,0,0,0,0,0,0,0,-32307,0,0,0,0,0,85844,0
85761,608,7966,744,9,-253,17,12915,-5,2,-2,0,37050,134,29,144,0,0,0,0,0,0,0,0,-32307,0,0,0,0,0,85849,0
85766,602,7994,732,24,-252,21,12915,0,-2,-1,0,37048,127,29,144,0,0,0,0,0,0,0,0,-32307,0,0,0,0,0,85854,0
85771,604,7974,758,25,-259,36,12914,-7,-7,-2,0,37048,127,29,144,0,0,0,0,0,0,0,0,-32307,0,0,0,0,0,85860,0
85776,610,7988,730,33,-269,44,12915,4,-1,-3,0,37047,120,29,144,0,0,0,0,0,0,0,0,-32307,0,0,0,0,0,85865,0
85781,584,7992,736,36,-272,51,12915,-5,0,-2,0,37047,120,29,144,0,0,0,0,0,0,0,0,-32307,0,0,0,0,0,85870,0
85786,608,7996,710,41,-275,57,12916,-1,5,0,0,37048,126,29,144,0,0,0,0,0,0,0,0,-32307,0,0,0,0,0,85875,0
85791,558,7982,746,42,-281,64,12915,-3,-5,-2,0,37048,126,29,144,0,0,0,0,0,0,0,0,-32307,0,0,0,0,0,85881,0
85796,568,8008,756,62,-286,73,12915,-3,1,-1,0,37058,121,29,144,0,0,0,0,0,0,0,0,-32307,0,0,0,0,0,85886,0
85801,540,8028,760,59,-289,80,12915,1,-5,-2,0,37058,121,29,144,0,0,0,0,0,0,0,0,-32307,0,0,0,0,0,85892,0
85806,554,8010,746,66,-298,77,12916,0,-1,-2,0,37059,124,29,144,0,0,0,0,0,0,0,0,-32307,0,0,0,0,0,85897,0
85811,538,7996,732,71,-297,84,12914,-6,-1,-2,0,37059,124,29,144,0,0,0,0,0,0,0,0,-32307,0,0,0,0,0,85902,0
85816,482,7964,738,82,-302,89,12915,-2,-3,-1,0,37055,115,29,144,0,0,0,0,0,0,0,0,-32307,0,0,0,0,0,85907,0
85821,510,7954,752,88,-306,85,12915,2,-1,-2,0,37055,115,29,144,0,0,0,0,0,0,0,0,-32307,0,0,0,0,0,85913,0
85826,506,7980,746,94,-307,86,12916,5,-1,-2,0,37050,120,29,144,0,0,0,0,0,0,0,0,-32307,0,0,0,0,0,85918,0
85831,490,7962,746,99,-301,84,12915,0,-1,-2,0,37050,120,29,144,0,0,0,0,0,0,0,0,-32307,0,0,0,0,0,85923,0
85836,500,7990,762,108,-303,88,12916,0,3,-1,0,37051,115,29,144,0,0,0,0,0,0,0,0,-32307,0,0,0,0,0,85929,0
85841,486,7972,764,111,-304,81,12915,-2,-2,-2,0,37051,115,29,144,0,0,0,0,0,0,0,0,-32307,0,0,0,0,0,85934,0
85846,478,7972,738,116,-302,87,12916,1,3,-2,0,37053,123,29,144,0,0,0,0,0,0,0,0,-32307,0,0,0,0,0,85939,0
85851,488,7970,754,114,-301,85,12916,1,5,-1,0,37053,123,29,144,0,0,0,0,0,0,0,0,-32307,0,0,0,0,0,85945,0
85856,508,7984,754,126,-290,84,12916,3,0,-1,0,37051,122,29,144,0,0,0,0,0,0,0,0,-32307,0,0,0,0,0,85950,0
85861,522,8032,754,134,-282,80,12916,3,4,-2,0,37051,122,29,144,0,0,0,0,0,0,0,0,-32307,0,0,0,0,0,85955,0
85866,512,8058,756,144,-279,80,12916,3,1,-1,0,37050,123,29,144,0,0,0,0,0,0,0,0,-32307,0,0,0,0,0,85961,0
85871,502,8100,762,136,-262,80,12915,0,0,-1,0,37050,123,29,144,0,0,0,0,0,0,0,0,-32307,0,0,0,0,0,85966,0
85876,488,8082,760,156,-248,80,12916,-2,-3,-1,0,37051,123,29,144,0,0,0,0,0,0,0,0,-32307,0,0,0,0,0,85971,0
85881,500,8088,736,157,-244,83,12915,1,0,-1,0,37051,123,29,144,0,0,0,0,0,0,0,0,-32307,0,0,0,0,0,85977,0
85886,518,8056,762,169,-236,79,12916,2,2,-1,0,37051,125,29,144,0,0,0,0,0,0,0,0,-32307,0,0,0,0,0,85982,0
85891,504,8074,750,163,-224,81,12915,0,0,-2,0,37051,125,29,144,0,0,0,0,0,0,0,0,-32307,0,0,0,0,0,85987,0
85896,522,8086,768,177,-207,80,12917,0,-4,-3,0,37050,131,29,144,0,0,0,0,0,0,0,0,-32307,0,0,0,0,0,85993,0
85901,492,8068,818,183,-203,77,12915,4,0,-2,0,37050,131,29,144,0,0,0,0,0,0,0,0,-32307,0,0,0,0,0,85998,0
85906,506,8070,802,191,-189,78,12916,3,1,-1,0,37055,133,29,144,0,0,0,0,0,0,0,0,-32307,0,0,0,0,0,86003,0
85911,504,8088,792,196,-182,74,12915,-3,-4,-3,0,37055,133,29,144,0,0,0,0,0,0,0,0,-32307,0,0,0,0,0,86010,0
85916,464,8088,814,207,-163,71,12916,6,-4,-2,0,37056,126,29,144,0,0,0,0,0,0,0,0,-32307,0,0,0,0,0,86015,0
85921,466,8068,802,215,-157,66,12917,8,0,-2,0,37056,126,29,144,0,0,0,0,0,0,0,0,-32307,0,0,0,0,0,86020,0
85926,442,8082,820,217,-145,69,12914,-6,-3,-1,0,37056,121,29,144,0,0,0,0,0,0,0,0,-32307,0,0,0,0,0,86025,0
85931,472,8038,802,219,-139,67,12914,-9,-1,-2,0,37056,121,29,144,0,0,0,0,0,0,0,0,-32307,0,0,0,0,0,86031,0
85936,458,8022,816,231,-122,59,12916,1,-6,-1,0,37050,125,29,144,0,0,0,0,0,0,0,0,-32307,0,0,0,0,0,86036,0
85941,440,8022,856,241,-113,54,12916,3,-1,0,0,37050,125,29,144,0,0,0,0,0,0,0,0,-32307,0,0,0,0,0,86041,0
85946,438,8010,842,244,-105,53,12915,-4,0,-1,0,37050,127,29,144,0,0,0,0,0,0,0,0,-32307,0,0,0,0,0,86047,0
85951,440,8042,810,249,-94,50,12915,-3,-2,-1,0,37050,127,29,144,0,0,0,0,0,0,0,0,-32307,0,0,0,0,0,86052,0
85956,436,8016,852,256,-71,41,12915,-3,1,-1,0,37048,126,29,144,0,0,0,0,0,0,0,0,-32307,0,0,0,0,0,86057,0
85961,452,8008,884,264,-56,37,12916,-1,0,-3,0,37048,126,29,144,0,0,0,0,0,0,0,0,-32307,0,0,0,0,0,86063,0
85966,448,8016,900,260,-58,28,12916,5,0,-3,0,37047,123,29,144,0,0,0,0,0,0,0,0,-32307,0,0,0,0,0,86068,0
85971,440,8034,874,263,-45,30,12915,-3,1,-2,0,37047,123,29,144,0,0,0,0,0,0,0,0,-32307,0,0,0,0,0,86073,0
85976,462,8062,920,271,-25,29,12917,7,0,-1,0,37049,127,29,144,0,0,0,0,0,0,0,0,-32307,0,0,0,0,0,86079,0
85981,448,8038,948,272,-13,28,12915,-3,-5,-2,0,37049,127,29,144,0,0,0,0,0,0,0,0,-32307,0,0,0,0,0,86084,0
85986,466,8024,954,273,-5,25,12915,-5,0,-1,0,37051,126,29,144,0,0,0,0,0,0,0,0,-32307,0,0,0,0,0,86089,0
85991,488,8006,958,277,2,24,12915,0,-4,-2,0,37051,126,29,144,0,0,0,0,0,0,0,0,-32307,0,0,0,0,0,86095,0
85996,466,7988,974,270,21,23,12915,-3,5,-2,0,37049,126,29,144,0,0,0,0,0,0,0,0,-32307,0,0,0,0,0,86101,0
86001,492,8018,994,274,26,27,12916,1,-2,-4,0,37049,126,29,144,0,0,0,0,0,0,0,0,-32307,0,0,0,0,0,86106,0
86006,500,7978,986,269,39,27,12915,-1,4,-4,0,37046,124,29,144,0,0,0,0,0,0,0,0,-32307,0,0,0,0,0,86112,0
86011,480,7988,1024,268,44,27,12915,4,4,-5,0,37046,124,29,144,0,0,0,0,0,0,0,0,-32307,0,0,0,0,0,86118,0
86016,506,7996,1036,266,57,30,12915,-3,0,-3,0,37038,120,29,144,0,0,0,0,0,0,0,0,-32307,0,0,0,0,0,86124,0
86021,492,8002,1038,262,57,34,12916,0,-1,-1,0,37038,120,29,144,0,0,0,0,0,0,0,0,-32307,0,0,0,0,0,86129,0
86026,492,8068,1026,261,75,30,12915,5,3,-2,0,37035,122,29,144,0,0,0,0,0,0,0,0,-32307,0,0,0,0,0,86135,0
86031,490,8052,1038,257,73,33,12915,-7,0,-1,0,37035,122,29,144,0,0,0,0,0,0,0,0,-32307,0,0,0,0,0,86142,0
86036,474,8038,1034,243,77,38,12915,1,-3,-3,0,37034,126,29,144,0,0,0,0,0,0,0,0,-32307,0,0,0,0,0,86142,0
86041,476,8062,1068,251,88,31,12916,7,-1,-3,0,37034,126,29,144,0,0,0,0,0,0,0,0,-32307,0,0,0,0,0,86145,0
86046,460,8066,1034,245,94,41,12914,-4,1,-3,0,37029,131,29,144,0,0,0,0,0,0,0,0,-32307,0,0,0,0,0,86151,0
86051,430,8064,1056,240,97,38,12915,-2,-1,-2,0,37029,131,29,144,0,0,0,0,0,0,0,0,-32307,0,0,0,0,0,86156,0
86056,424,8082,1066,234,102,38,12917,0,-2,-3,0,37028,134,29,144,0,0,0,0,0,0,0,0,-32307,0,0,0,0,0,86162,0
86061,452,8060,1070,235,100,37,12915,-5,1,-3,0,37028,134,29,144,0,0,0,0,0,0,0,0,-32307,0,0,0,0,0,86167,0
86066,470,8070,1060,231,101,32,12915,8,1,-2,0,37027,130,29,144,0,0,0,0,0,0,0,0,-32307,0,0,0,0,0,86172,0
86071,448,8070,1060,225,112,32,12916,2,-3,-2,0,37027,130,29,144,0,0,0,0,0,0,0,0,-32307,0,0,0,0,0,86178,0
86076,486,8078,1082,215,117,26,12915,-1,2,-1,0,37030,123,29,144,0,0,0,0,0,0,0,0,-32307,0,0,0,0,0,86183,0
86081,488,8088,1074,213,117,23,12915,-5,2,-2,0,37030,123,29,144,0,0,0,0,0,0,0,0,-32307,0,0,0,0,0,86189,0
86086,502,8088,1074,216,120,23,12914,-4,-1,-2,0,37033,126,29,144,0,0,0,0,0,0,0,0,-32307,0,0,0,0,0,86194,0
86091,528,8104,1086,206,133,23,12915,-7,-4,-1,0,37033,126,29,144,0,0,0,0,0,0,0,0,-32307,0,0,0,0,0,86199,0
86096,504,8130,1048,199,137,19,12915,0,-1,-2,0,37037,125,29,144,0,0,0,0,0,0,0,0,-32308,0,0,0,0,0,86205,0
86101,516,8140,1060,200,147,20,12915,-5,2,-3,0,37037,125,29,144,0,0,0,0,0,0,0,0,-32307,0,0,0,0,0,86210,0
86106,548,8160,1064,197,149,18,12916,4,4,-1,0,37039,127,29,144,0,0,0,0,0,0,0,0,-32307,0,0,0,0,0,86215,0
86111,520,8216,1058,193,155,24,12915,0,1,1,0,37039,127,29,144,0,0,0,0,0,0,0,0,-32307,0,0,0,0,0,86221,0
86116,510,8204,1048,190,163,22,12915,-5,1,0,0,37050,123,29,144,0,0,0,0,0,0,0,0,-32307,0,0,0,0,0,86226,0
86121,544,8216,1052,189,163,23,12915,-4,-2,-1,0,37050,123,29,144,0,0,0,0,0,0,0,0,-32307,0,0,0,0,0,86231,0
86126,518,8196,1044,190,162,29,12913,-11,6,-2,0,37052,121,29,144,0,0,0,0,0,0,0,0,-32307,0,0,0,0,0,86237,0
86131,522,8184,1040,182,169,35,12916,-1,3,-2,0,37052,121,29,144,0,0,0,0,0,0,0,0,-32307,0,0,0,0,0,86242,0
86136,516,8264,1044,180,171,43,12915,-1,0,-3,0,37055,120,29,144,0,0,0,0,0,0,0,0,-32307,0,0,0,0,0,86247,0
86141,498,8252,1030,181,171,47,12915,7,11,-1,0,37055,120,29,144,0,0,0,0,0,0,0,0,-32307,0,0,0,0,0,86253,0
86146,496,8268,1036,176,163,56,12915,-1,0,-2,0,37047,118,29,144,0,0,0,0,0,0,0,0,-32307,0,0,0,0,0,86258,0
86151,500,8232,1010,180,162,52,12915,0,8,-1,0,37047,118,29,144,0,0,0,0,0,0,0,0,-32307,0,0,0,0,0,86263,0
86156,474,8168,1030,173,148,60,12916,0,3,-2,0,37045,118,29,144,0,0,0,0,0,0,0,0,-32307,0,0,0,0,0,86269,0
86161,462,8146,1032,173,141,68,12915,0,-3,-1,0,37045,118,29,144,0,0,0,0,0,0,0,0,-32307,0,0,0,0,0,86274,0
86166,450,8164,1024,179,138,72,12915,-1,-1,-1,0,37046,118,29,144,0,0,0,0,0,0,0,0,-32308,0,0,0,0,0,86279,0
86171,464,8148,1000,172,134,72,12916,3,-2,-3,0,37046,118,29,144,0,0,0,0,0,0,0,0,-32307,0,0,0,0,0,86285,0
86176,450,8148,1012,167,131,78,12915,2,4,-1,0,37049,118,29,144,0,0,0,0,0,0,0,0,-32307,0,0,0,0,0,86290,0
86181,444,8152,1036,167,123,85,12916,3,-1,-2,0,37049,118,29,144,0,0,0,0,0,0,0,0,-32307,0,0,0,0,0,86296,0
86186,438,8082,1022,169,118,82,12915,-5,-2,-1,0,37049,123,29,144,0,0,0,0,0,0,0,0,-32306,0,0,0,0,0,86301,0
86191,438,8084,1032,166,111,89,12915,-2,0,-1,0,37049,123,29,144,0,0,0,0,0,0,0,0,-32308,0,0,0,0,0,86306,0
86196,426,7994,1054,165,112,86,12914,0,-3,-2,0,37049,124,29,144,0,0,0,0,0,0,0,0,-32307,0,0,0,0,0,86312,0
86201,404,7984,1062,162,103,90,12916,4,0,-2,0,37049,124,29,144,0,0,0,0,0,0,0,0,-32307,0,0,0,0,0,86317,0
86206,436,7938,1076,159,104,92,12915,-4,0,-2,0,37048,130,29,144,0,0,0,0,0,0,0,0,-32307,0,0,0,0,0,86322,0
86211,436,7980,1068,159,100,93,12916,-1,3,-3,0,37048,130,29,144,0,0,0,0,0,0,0,0,-32307,0,0,0,0,0,86327,0
86216,414,8034,1090,154,95,90,12916,-3,-6,-4,0,37049,123,29,144,0,0,0,0,0,0,0,0,-32307,0,0,0,0,0,86333,0
86221,418,8036,1090,160,94,88,12915,0,-3,-3,0,37049,123,29,144,0,0,0,0,0,0,0,0,-32307,0,0,0,0,0,86338,0
86226,424,8032,1094,148,92,92,12916,4,1,-3,0,37049,120,29,144,0,0,0,0,0,0,0,0,-32307,0,0,0,0,0,86343,0
86231,396,8044,1068,143,92,100,12916,7,2,-2,0,37049,120,29,144,0,0,0,0,0,0,0,0,-32307,0,0,0,0,0,86349,0
86236,390,8074,1078,138,87,103,12914,-3,2,-1,0,37050,117,29,144,0,0,0,0,0,0,0,0,-32307,0,0,0,0,0,86354,0
86241,396,8042,1098,132,82,102,12915,-3,-1,-2,0,37050,117,29,144,0,0,0,0,0,0,0,0,-32307,0,0,0,0,0,86359,0
86246,412,8040,1098,125,86,106,12916,8,0,-1,0,37050,123,29,144,0,0,0,0,0,0,0,0,-32307,0,0,0,0,0,86365,0
86251,404,8056,1100,128,87,106,12916,0,2,-1,0,37050,123,29,144,0,0,0,0,0,0,0,0,-32307,0,0,0,0,0,86370,0
86256,388,8032,1096,113,80,103,12914,-1,0,-3,0,37049,128,29,144,0,0,0,0,0,0,0,0,-32307,0,0,0,0,0,86375,0
86261,356,8036,1082,106,76,106,12915,0,-3,-3,0,37049,128,29,144,0,0,0,0,0,0,0,0,-32307,0,0,0,0,0,86381,0
86266,346,8044,1074,111,64,104,12916,1,1,-3,0,37047,130,29,144,0,0,0,0,0,0,0,0,-32307,0,0,0,0,0,86386,0
86271,326,8034,1086,104,63,107,12917,4,3,-2,0,37047,130,29,144,0,0,0,0,0,0,0,0,-32307,0,0,0,0,0,86391,0
86276,346,8094,1070,103,57,110,12915,-6,0,-2,0,37054,129,29,144,0,0,0,0,0,0,0,0,-32307,0,0,0,0,0,86397,0
86281,328,8046,1064,92,47,112,12915,1,-3,-1,0,37054,129,29,144,0,0,0,0,0,0,0,0,-32307,0,0,0,0,0,86402,0
86286,332,8076,1074,90,42,115,12917,7,-2,-2,0,37066,125,29,144,0,0,0,0,0,0,0,0,-32307,0,0,0,0,0,86407,0
86291,310,8030,1052,88,32,115,12914,-3,0,-2,0,37066,125,29,144,0,0,0,0,0,0,0,0,-32307,0,0,0,0,0,86413,0
86296,326,8032,1036,83,22,113,12915,0,-1,-2,0,37070,119,29,144,0,0,0,0,0,0,0,0,-32307,0,0,0,0,0,86418,0
86301,306,8042,1066,79,14,116,12917,9,-3,-2,0,37070,119,29,144,0,0,0,0,0,0,0,0,-32307,0,0,0,0,0,86423,0
86306,326,8038,1016,76,6,110,12915,-6,2,-1,0,37066,120,29,144,0,0,0,0,0,0,0,0,-32307,0,0,0,0,0,86429,0
86311,302,8018,1028,75,-4,119,12915,0,0,-2,0,37066,120,29,144,0,0,0,0,0,0,0,0,-32307,0,0,0,0,0,86434,0
86316,316,8032,1020,65,-15,111,12915,0,-5,-3,0,37054,113,29,144,0,0,0,0,0,0,0,0,-32307,0,0,0,0,0,86439,0
86321,306,8034,1008,68,-19,114,12915,1,0,-2,0,37054,113,29,144,0,0,0,0,0,0,0,0,-32307,0,0,0,0,0,86445,0
86326,332,8028,1020,70,-31,117,12915,5,3,-3,0,37051,130,29,144,0,0,0,0,0,0,0,0,-32307,0,0,0,0,0,86450,0
86331,312,8056,1008,68,-39,116,12916,2,3,-1,0,37051,130,29,144,0,0,0,0,0,0,0,0,-32307,0,0,0,0,0,86455,0
86336,326,8030,1004,63,-61,118,12915,-1,1,-2,0,37051,128,29,144,0,0,0,0,0,0,0,0,-32307,0,0,0,0,0,86461,0
86341,330,8048,980,60,-71,117,12916,1,0,-1,0,37051,128,29,144,0,0,0,0,0,0,0,0,-32307,0,0,0,0,0,86466,0
86346,322,8062,996,56,-79,119,12915,-1,0,-1,0,37052,141,29,144,0,0,0,0,0,0,0,0,-32307,0,0,0,0,0,86471,0
86351,294,8066,988,54,-93,118,12915,3,-4,-2,0,37052,141,29,144,0,0,0,0,0,0,0,0,-32307,0,0,0,0,0,86477,0
86356,318,8090,990,54,-117,117,12915,0,0,-3,0,37051,128,29,144,0,0,0,0,0,0,0,0,-32307,0,0,0,0,0,86482,0
86361,316,8112,992,48,-127,120,12915,-5,4,-1,0,37051,128,29,144,0,0,0,0,0,0,0,0,-32307,0,0,0,0,0,86487,0
86366,316,8084,988,43,-138,120,12915,0,2,-1,0,37048,122,29,144,0,0,0,0,0,0,0,0,-32307,0,0,0,0,0,86493,0
86371,322,8094,1008,45,-150,114,12916,6,3,0,0,37048,122,29,144,0,0,0,0,0,0,0,0,-32307,0,0,0,0,0,86498,0
86376,334,8158,972,39,-177,113,12915,-3,-3,0,0,37047,126,29,144,0,0,0,0,0,0,0,0,-32307,0,0,0,0,0,86503,0
86381,316,8154,954,37,-187,108,12915,-1,2,-1,0,37047,126,29,144,0,0,0,0,0,0,0,0,-32307,0,0,0,0,0,86508,0
86386,354,8172,964,31,-194,112,12915,-2,-1,-1,0,37048,129,29,144,0,0,0,0,0,0,0,0,-32307,0,0,0,0,0,86514,0
86391,322,8162,962,31,-214,103,12915,-4,0,-2,0,37048,129,29,144,0,0,0,0,0,0,0,0,-32307,0,0,0,0,0,86519,0
86396,352,8206,954,23,-231,98,12916,6,0,-3,0,37048,138,29,144,0,0,0,0,0,0,0,0,-32307,0,0,0,0,0,86525,0
86401,310,8238,950,25,-241,95,12915,-1,1,-2,0,37048,138,29,144,0,0,0,0,0,0,0,0,-32307,0,0,0,0,0,86530,0
86406,326,8282,940,26,-250,88,12916,5,2,-2,0,37044,130,29,144,0,0,0,0,0,0,0,0,-32307,0,0,0,0,0,86536,0
86411,338,8312,934,17,-260,86,12915,1,0,-2,0,37044,130,29,144,0,0,0,0,0,0,0,0,-32307,0,0,0,0,0,86541,0
86416,366,8300,936,21,-278,84,12914,0,2,-1,0,37042,123,29,144,0,0,0,0,0,0,0,0,-32307,0,0,0,0,0,86547,0
86421,344,8272,922,22,-288,76,12914,-6,-2,-2,0,37042,123,29,144,0,0,0,0,0,0,0,0,-32307,0,0,0,0,0,86552,0
86426,326,8268,926,16,-298,69,12915,-3,3,0,0,37044,128,29,144,0,0,0,0,0,0,0,0,-32307,0,0,0,0,0,86558,0
86431,340,8216,920,15,-305,71,12916,1,0,-2,0,37044,128,29,144,0,0,0,0,0,0,0,0,-32307,0,0,0,0,0,86563,0
86436,372,8256,918,15,-312,72,12914,-2,2,0,0,37047,126,29,144,0,0,0,0,0,0,0,0,-32307,0,0,0,0,0,86568,0
86441,372,8218,888,14,-311,62,12915,0,0,-1,0,37047,126,29,144,0,0,0,0,0,0,0,0,-32307,0,0,0,0,0,86574,0
86446,406,8204,898,17,-322,58,12916,5,-2,-3,0,37047,130,29,144,0,0,0,0,0,0,0,0,-32307,0,0,0,0,0,86580,0
86451,378,8226,898,9,-325,58,12916,5,3,-1,0,37047,130,29,144,0,0,0,0,0,0,0,0,-32307,0,0,0,0,0,86584,0
86456,402,8176,870,9,-337,51,12914,0,0,-2,0,37046,126,29,144,0,0,0,0,0,0,0,0,-32307,0,0,0,0,0,86590,0
86461,366,8128,898,11,-340,50,12916,7,-2,-1,0,37046,126,29,144,0,0,0,0,0,0,0,0,-32307,0,0,0,0,0,86595,0
86466,408,8144,906,19,-345,50,12916,4,-1,-2,0,37046,124,29,144,0,0,0,0,0,0,0,0,-32307,0,0,0,0,0,86601,0
86471,408,8092,896,9,-348,50,12916,0,0,-1,0,37046,124,29,144,0,0,0,0,0,0,0,0,-32307,0,0,0,0,0,86605,0
86476,392,8110,892,12,-349,45,12915,1,-3,-1,0,37050,129,29,144,0,0,0,0,0,0,0,0,-32307,0,0,0,0,0,86611,0
86481,426,8138,898,16,-348,43,12914,-3,-4,0,0,37050,129,29,144,0,0,0,0,0,0,0,0,-32307,0,0,0,0,0,86617,0
86486,402,8132,892,24,-345,43,12915,0,-1,0,0,37051,129,29,144,0,0,0,0,0,0,0,0,-32307,0,0,0,0,0,86621,0
86491,416,8104,890,16,-345,42,12916,1,-3,-1,0,37051,129,29,144,0,0,0,0,0,0,0,0,-32307,0,0,0,0,0,86627,0
86496,394,8074,884,20,-349,40,12914,-2,4,-2,0,37052,127,29,144,0,0,0,0,0,0,0,0,-32307,0,0,0,0,0,86633,0
86501,418,8054,888,18,-342,40,12915,0,0,-2,0,37052,127,29,144,0,0,0,0,0,0,0,0,-32307,0,0,0,0,0,86638,0
86506,420,8016,868,23,-342,37,12915,-2,2,-2,0,37051,126,29,144,0,0,0,0,0,0,0,0,-32307,0,0,0,0,0,86644,0
86511,458,7984,874,21,-335,40,12916,1,0,-2,0,37051,126,29,144,0,0,0,0,0,0,0,0,-32307,0,0,0,0,0,86648,0
86516,470,7946,896,20,-332,34,12916,0,0,-1,0,37051,123,29,144,0,0,0,0,0,0,0,0,-32307,0,0,0,0,0,86653,0
86521,450,7912,890,20,-331,26,12916,2,-1,-1,0,37051,123,29,144,0,0,0,0,0,0,0,0,-32307,0,0,0,0,0,86659,0
86526,484,7920,904,15,-328,29,12916,7,-2,-3,0,37051,133,29,144,0,0,0,0,0,0,0,0,-32307,0,0,0,0,0,86665,0
86531,478,7936,906,22,-328,29,12915,7,1,-4,0,37051,133,29,144,0,0,0,0,0,0,0,0,-32307,0,0,0,0,0,86669,0
86536,512,7892,908,14,-321,35,12915,2,-1,-2,0,37055,137,29,144,0,0,0,0,0,0,0,0,-32308,0,0,0,0,0,86675,0
86541,520,7910,918,16,-320,33,12915,-5,1,-2,0,37055,137,29,144,0,0,0,0,0,0,0,0,-32307,0,0,0,0,0,86681,0
86546,528,7890,924,15,-309,33,12916,4,0,-1,0,37058,134,29,144,0,0,0,0,0,0,0,0,-32307,0,0,0,0,0,86685,0
86551,562,7924,884,11,-307,36,12915,0,1,-1,0,37058,134,29,144,0,0,0,0,0,0,0,0,-32307,0,0,0,0,0,86691,0
86556,598,7960,908,12,-301,39,12915,-2,1,-2,0,37057,121,29,144,0,0,0,0,0,0,0,0,-32307,0,0,0,0,0,86697,0
86561,602,7978,896,11,-297,38,12916,6,0,-2,0,37057,121,29,144,0,0,0,0,0,0,0,0,-32307,0,0,0,0,0,86702,0
86566,596,8006,916,11,-295,43,12914,-11,3,-1,0,37052,129,29,144,0,0,0,0,0,0,0,0,-32307,0,0,0,0,0,86708,0
86571,594,8026,900,12,-290,41,12915,1,0,-1,0,37052,129,29,144,0,0,0,0,0,0,0,0,-32307,0,0,0,0,0,86712,0
86576,634,8006,912,9,-289,52,12916,6,1,-2,0,37049,134,29,144,0,0,0,0,0,0,0,0,-32307,0,0,0,0,0,86717,0
86581,634,7980,894,9,-284,59,12915,0,3,-2,0,37049,134,29,144,0,0,0,0,0,0,0,0,-32307,0,0,0,0,0,86723,0
86586,646,8024,918,3,-285,65,12915,2,-1,0,0,37049,137,29,144,0,0,0,0,0,0,0,0,-32307,0,0,0,0,0,86729,0
86591,674,8010,912,5,-284,62,12916,0,6,-2,0,37049,137,29,144,0,0,0,0,0,0,0,0,-32307,0,0,0,0,0,86733,0
86596,688,8018,922,5,-279,67,12915,2,-1,-2,0,37049,128,29,144,0,0,0,0,0,0,0,0,-32307,0,0,0,0,0,86739,0
86601,692,8018,928,0,-274,70,12916,4,2,0,0,37049,128,29,144,0,0,0,0,0,0,0,0,-32307,0,0,0,0,0,86744,0
86606,716,8030,910,6,-276,73,12916,2,5,-1,0,37048,128,29,144,0,0,0,0,0,0,0,0,-32307,0,0,0,0,0,86749,0
86611,724,8038,940,3,-274,73,12916,0,2,-3,0,37048,128,29,144,0,0,0,0,0,0,0,0,-32307,0,0,0,0,0,86754,0
86616,690,8066,928,-3,-271,83,12915,-4,2,-2,0,37048,128,29,144,0,0,0,0,0,0,0,0,-32307,0,0,0,0,0,86760,0
86621,668,8128,936,-8,-264,86,12914,-2,-2,-2,0,37048,128,29,144,0,0,0,0,0,0,0,0,-32307,0,0,0,0,0,86766,0
86626,664,8132,912,-1,-261,93,12916,-1,-1,-2,0,37047,117,29,144,0,0,0,0,0,0,0,0,-32307,0,0,0,0,0,86772,0
86631,702,8114,916,-3,-264,90,12914,-3,1,0,0,37047,117,29,144,0,0,0,0,0,0,0,0,-32307,0,0,0,0,0,86776,0
86636,696,8158,918,-13,-255,101,12916,3,3,-1,0,37052,112,29,144,0,0,0,0,0,0,0,0,-32307,0,0,0,0,0,86781,0
86641,674,8154,926,-12,-249,95,12915,-1,1,-1,0,37052,112,29,144,0,0,0,0,0,0,0,0,-32307,0,0,0,0,0,86787,0
86646,628,8140,906,-12,-242,99,12916,2,0,-2,0,37054,121,29,144,0,0,0,0,0,0,0,0,-32307,0,0,0,0,0,86793,0
86651,642,8134,894,-16,-239,104,12915,4,-1,-2,0,37054,121,29,144,0,0,0,0,0,0,0,0,-32307,0,0,0,0,0,86797,0
86656,652,8150,860,-15,-240,102,12915,2,1,-3,0,37055,125,29,144,0,0,0,0,0,0,0,0,-32307,0,0,0,0,0,86803,0
86661,606,8156,852,-17,-233,103,12915,-8,3,-2,0,37055,125,29,144,0,0,0,0,0,0,0,0,-32307,0,0,0,0,0,86808,0
86666,642,8144,844,-10,-227,104,12915,-1,4,-3,0,37048,125,29,144,0,0,0,0,0,0,0,0,-32307,0,0,0,0,0,86813,0
86671,608,8176,854,-8,-226,106,12915,0,-2,-2,0,37048,125,29,144,0,0,0,0,0,0,0,0,-32307,0,0,0,0,0,86818,0
86676,570,8136,840,-5,-220,99,12915,1,-1,0,0,37047,120,29,144,0,0,0,0,0,0,0,0,-32307,0,0,0,0,0,86824,0
86681,576,8120,828,-1,-220,107,12916,-3,2,-1,0,37047,120,29,144,0,0,0,0,0,0,0,0,-32307,0,0,0,0,0,86830,0
86686,550,8054,826,2,-217,103,12916,1,3,-1,0,37048,121,29,144,0,0,0,0,0,0,0,0,-32307,0,0,0,0,0,86834,0
86691,526,8030,834,0,-222,100,12914,5,-4,-2,0,37048,121,29,144,0,0,0,0,0,0,0,0,-32307,0,0,0,0,0,86839,0
86696,564,7992,824,12,-215,97,12915,0,-1,-1,0,37048,128,29,144,0,0,0,0,0,0,0,0,-32308,0,0,0,0,0,86845,0
86701,528,7960,804,17,-213,90,12914,-3,0,-1,0,37048,128,29,144,0,0,0,0,0,0,0,0,-32307,0,0,0,0,0,86851,0
86706,544,7944,804,12,-212,92,12915,0,-1,-1,0,37047,123,29,144,0,0,0,0,0,0,0,0,-32307,0,0,0,0,0,86857,0
86711,532,7924,802,15,-211,91,12915,-1,-2,-1,0,37047,123,29,144,0,0,0,0,0,0,0,0,-32307,0,0,0,0,0,86861,0
86716,550,7908,790,23,-210,87,12916,1,1,-2,0,37046,125,29,144,0,0,0,0,0,0,0,0,-32307,0,0,0,0,0,86866,0
86721,526,7874,786,21,-206,82,12914,-5,-3,-1,0,37046,125,29,144,0,0,0,0,0,0,0,0,-32307,0,0,0,0,0,86872,0
86726,514,7894,804,22,-205,87,12916,0,2,-2,0,37049,118,29,144,0,0,0,0,0,0,0,0,-32307,0,0,0,0,0,86877,0
86731,536,7900,798,30,-200,81,12916,2,-2,0,0,37049,118,29,144,0,0,0,0,0,0,0,0,-32307,0,0,0,0,0,86882,0
86736,536,7928,796,35,-188,79,12915,-1,-2,-1,0,37054,128,29,144,0,0,0,0,0,0,0,0,-32307,0,0,0,0,0,86888,0
86741,522,7914,796,32,-184,83,12916,6,-2,-1,0,37054,128,29,144,0,0,0,0,0,0,0,0,-32307,0,0,0,0,0,86894,0
86746,530,7896,822,41,-181,72,12915,0,2,-3,0,37052,128,29,144,0,0,0,0,0,0,0,0,-32307,0,0,0,0,0,86898,0
86751,554,7886,812,41,-173,76,12915,-1,5,-1,0,37052,128,29,144,0,0,0,0,0,0,0,0,-32307,0,0,0,0,0,86903,0
86756,558,7908,792,41,-161,83,12915,5,-2,-2,0,37051,138,29,144,0,0,0,0,0,0,0,0,-32307,0,0,0,0,0,86909,0
86761,560,7928,794,41,-150,83,12917,3,5,-3,0,37051,138,29,144,0,0,0,0,0,0,0,0,-32307,0,0,0,0,0,86915,0
86766,580,7946,806,41,-144,80,12916,1,6,-3,0,37045,128,29,144,0,0,0,0,0,0,0,0,-32307,0,0,0,0,0,86920,0
86771,564,7938,806,51,-131,81,12915,4,-2,-2,0,37045,128,29,144,0,0,0,0,0,0,0,0,-32307,0,0,0,0,0,86925,0
86776,570,7958,792,55,-118,79,12914,-5,-6,-1,0,37048,131,29,144,0,0,0,0,0,0,0,0,-32307,0,0,0,0,0,86930,0
86781,552,7950,784,53,-119,77,12916,3,4,-2,0,37048,131,29,144,0,0,0,0,0,0,0,0,-32307,0,0,0,0,0,86936,0
86786,560,7970,788,51,-105,78,12915,2,-2,-2,0,37049,134,29,144,0,0,0,0,0,0,0,0,-32307,0,0,0,0,0,86941,0
86791,588,7980,794,49,-97,77,12915,-7,-1,-1,0,37049,134,29,144,0,0,0,0,0,0,0,0,-32307,0,0,0,0,0,86946,0
86796,572,7978,788,58,-87,75,12915,-3,-2,-3,0,37052,132,29,144,0,0,0,0,0,0,0,0,-32307,0,0,0,0,0,86952,0
86801,554,7982,768,61,-83,78,12916,-6,-1,-2,0,37052,132,29,144,0,0,0,0,0,0,0,0,-32307,0,0,0,0,0,86957,0
86806,546,8016,776,64,-79,67,12916,4,1,-2,0,37051,122,29,144,0,0,0,0,0,0,0,0,-32307,0,0,0,0,0,86962,0
86811,562,8024,754,64,-76,70,12915,0,-3,-3,0,37051,122,29,144,0,0,0,0,0,0,0,0,-32307,0,0,0,0,0,86967,0
86816,538,8054,764,67,-75,65,12915,-3,2,-3,0,37051,118,29,144,0,0,0,0,0,0,0,0,-32307,0,0,0,0,0,86973,0
86821,534,8036,764,70,-70,64,12915,-5,1,-2,0,37051,118,29,144,0,0,0,0,0,0,0,0,-32307,0,0,0,0,0,86979,0
86826,508,8052,738,72,-71,52,12915,1,1,-1,0,37048,126,29,144,0,0,0,0,0,0,0,0,-32307,0,0,0,0,0,86984,0
86831,502,8040,750,72,-71,50,12915,0,-5,-2,0,37048,126,29,144,0,0,0,0,0,0,0,0,-32307,0,0,0,0,0,86988,0
86836,530,8096,744,80,-66,45,12916,-5,1,-2,0,37049,130,29,144,0,0,0,0,0,0,0,0,-32307,0,0,0,0,0,86994,0
86841,524,8092,742,84,-58,41,12915,3,4,0,0,37049,130,29,144,0,0,0,0,0,0,0,0,-32307,0,0,0,0,0,87000,0
86846,524,8108,726,83,-61,38,12915,5,-5,-1,0,37051,126,29,144,0,0,0,0,0,0,0,0,-32307,0,0,0,0,0,87005,0
86851,518,8136,742,91,-57,31,12916,4,2,0,0,37051,126,29,144,0,0,0,0,0,0,0,0,-32307,0,0,0,0,0,87010,0
86856,556,8126,732,102,-48,28,12915,0,3,-1,0,37051,122,29,144,0,0,0,0,0,0,0,0,-32307,0,0,0,0,0,87016,0
86861,572,8156,730,106,-45,29,12915,2,2,-1,0,37051,122,29,144,0,0,0,0,0,0,0,0,-32307,0,0,0,0,0,87021,0
86866,552,8132,728,109,-42,26,12915,-3,-2,-2,0,37051,123,29,144,0,0,0,0,0,0,0,0,-32307,0,0,0,0,0,87026,0
86871,576,8142,730,112,-36,23,12915,-6,-2,-2,0,37051,123,29,144,0,0,0,0,0,0,0,0,-32307,0,0,0,0,0,87031,0
86876,592,8150,748,126,-33,20,12916,2,1,-1,0,37048,128,29,144,0,0,0,0,0,0,0,0,-32307,0,0,0,0,0,87037,0
86881,596,8156,770,132,-29,17,12916,0,-2,-2,0,37048,128,29,144,0,0,0,0,0,0,0,0,-32307,0,0,0,0,0,87043,0
86886,590,8138,764,133,-27,12,12915,0,2,-2,0,37048,129,29,144,0,0,0,0,0,0,0,0,-32307,0,0,0,0,0,87047,0
86891,620,8148,786,147,-23,12,12915,-3,-2,-1,0,37048,129,29,144,0,0,0,0,0,0,0,0,-32307,0,0,0,0,0,87052,0
86896,582,8200,796,143,-11,14,12916,4,2,-2,0,37047,130,29,144,0,0,0,0,0,0,0,0,-32307,0,0,0,0,0,87058,0
86901,608,8228,794,151,-6,7,12916,0,0,-2,0,37047,130,29,144,0,0,0,0,0,0,0,0,-32307,0,0,0,0,0,87064,0
86906,602,8238,790,157,-9,6,12915,0,1,-1,0,37047,130,29,144,0,0,0,0,0,0,0,0,-32307,0,0,0,0,0,87068,0
86911,580,8234,802,159,1,10,12917,7,-1,-3,0,37047,130,29,144,0,0,0,0,0,0,0,0,-32307,0,0,0,0,0,87074,0
86916,570,8278,834,165,6,4,12915,-3,0,-3,0,37048,136,29,144,0,0,0,0,0,0,0,0,-32307,0,0,0,0,0,87080,0
86921,570,8270,862,169,13,0,12915,-3,-1,-3,0,37048,136,29,144,0,0,0,0,0,0,0,0,-32307,0,0,0,0,0,87086,0
86926,568,8252,852,163,16,3,12915,0,1,-1,0,37048,131,29,144,0,0,0,0,0,0,0,0,-32306,0,0,0,0,0,87090,0
86931,578,8260,862,168,25,1,12915,-1,-1,-1,0,37048,131,29,144,0,0,0,0,0,0,0,0,-32307,0,0,0,0,0,87096,0
86936,566,8228,888,173,40,-7,12915,-5,-3,-1,0,37048,126,29,144,0,0,0,0,0,0,0,0,-32307,0,0,0,0,0,87102,0
86941,554,8238,898,169,34,-4,12915,0,0,-2,0,37048,126,29,144,0,0,0,0,0,0,0,0,-32307,0,0,0,0,0,87108,0
86946,552,8228,914,172,39,-6,12915,-1,-2,0,0,37051,121,29,144,0,0,0,0,0,0,0,0,-32307,0,0,0,0,0,87112,0
86951,562,8250,906,178,41,-10,12915,0,0,0,0,37051,121,29,144,0,0,0,0,0,0,0,0,-32307,0,0,0,0,0,87117,0
86956,540,8236,934,172,49,-7,12915,-2,-1,-2,0,37051,115,29,144,0,0,0,0,0,0,0,0,-32307,0,0,0,0,0,87123,0
86961,536,8216,922,177,54,-11,12915,1,1,-2,0,37051,115,29,144,0,0,0,0,0,0,0,0,-32307,0,0,0,0,0,87129,0
86966,540,8174,942,178,56,-9,12915,2,2,-1,0,37049,121,29,144,0,0,0,0,0,0,0,0,-32307,0,0,0,0,0,87133,0
86971,526,8154,940,173,48,-7,12914,5,2,-1,0,37049,121,29,144,0,0,0,0,0,0,0,0,-32307,0,0,0,0,0,87138,0
86976,530,8116,968,177,65,-10,12915,0,1,-1,0,37050,118,29,144,0,0,0,0,0,0,0,0,-32307,0,0,0,0,0,87144,0
86981,514,8100,976,175,68,-12,12916,5,-2,-2,0,37050,118,29,144,0,0,0,0,0,0,0,0,-32307,0,0,0,0,0,87150,0
86986,524,8070,986,178,71,-13,12915,-6,-1,-3,0,37048,129,29,144,0,0,0,0,0,0,0,0,-32307,0,0,0,0,0,87154,0
86991,526,8078,974,168,75,-14,12915,1,1,-1,0,37048,129,29,144,0,0,0,0,0,0,0,0,-32307,0,0,0,0,0,87160,0
86996,518,8024,984,174,75,-12,12915,0,-7,-3,0,37049,131,29,144,0,0,0,0,0,0,0,0,-32307,0,0,0,0,0,87165,0
87001,512,7974,998,173,87,-9,12915,0,3,-3,0,37049,131,29,144,0,0,0,0,0,0,0,0,-32307,0,0,0,0,0,87170,0
87006,480,7962,1000,167,84,-14,12914,-6,-1,-2,0,37045,134,29,144,0,0,0,0,0,0,0,0,-32306,0,0,0,0,0,87176,0
87011,514,7950,1012,164,88,-9,12915,-7,-1,-3,0,37045,134,29,144,0,0,0,0,0,0,0,0,-32307,0,0,0,0,0,87182,0
87016,516,7946,1040,167,104,-7,12915,3,-1,-3,0,37042,131,29,144,0,0,0,0,0,0,0,0,-32307,0,0,0,0,0,87187,0
87021,508,7944,1050,166,112,-9,12916,2,2,-1,0,37042,131,29,144,0,0,0,0,0,0,0,0,-32307,0,0,0,0,0,87192,0
87026,500,7930,1034,169,115,-11,12916,1,-3,-2,0,37042,131,29,144,0,0,0,0,0,0,0,0,-32306,0,0,0,0,0,87198,0
87031,514,7926,1022,170,117,-9,12915,-3,0,-1,0,37042,131,29,144,0,0,0,0,0,0,0,0,-32307,0,0,0,0,0,87203,0
87036,494,7854,1036,164,131,-8,12916,0,-3,-2,0,37047,130,29,144,0,0,0,0,0,0,0,0,-32307,0,0,0,0,0,87208,0
87041,496,7842,1026,160,128,-12,12916,4,-6,-1,0,37047,130,29,144,0,0,0,0,0,0,0,0,-32307,0,0,0,0,0,87214,0
87046,518,7858,1024,154,138,-11,12915,1,4,-2,0,37050,129,29,144,0,0,0,0,0,0,0,0,-32307,0,0,0,0,0,87219,0
87051,554,7814,1026,153,141,-3,12916,0,-6,-1,0,37050,129,29,144,0,0,0,0,0,0,0,0,-32307,0,0,0,0,0,87224,0
87056,514,7806,1056,146,151,-6,12916,5,-3,-4,0,37052,130,29,144,0,0,0,0,0,0,0,0,-32307,0,0,0,0,0,87230,0
87061,516,7826,1054,147,153,-2,12915,-4,2,-3,0,37052,130,29,144,0,0,0,0,0,0,0,0,-32307,0,0,0,0,0,87235,0
87066,528,7796,1030,146,162,-4,12915,2,-3,-4,0,37051,128,29,144,0,0,0,0,0,0,0,0,-32307,0,0,0,0,0,87240,0
87071,500,7820,1040,139,166,-1,12914,-8,-1,-3,0,37051,128,29,144,0,0,0,0,0,0,0,0,-32307,0,0,0,0,0,87246,0
87076,502,7872,1044,134,169,-1,12916,1,-1,-1,0,37051,121,29,144,0,0,0,0,0,0,0,0,-32307,0,0,0,0,0,87251,0
87081,508,7854,1038,123,172,4,12916,3,0,-2,0,37051,121,29,144,0,0,0,0,0,0,0,0,-32307,0,0,0,0,0,87256,0
87086,516,7860,1036,123,171,3,12916,3,3,-2,0,37048,123,29,144,0,0,0,0,0,0,0,0,-32307,0,0,0,0,0,87261,0
87091,484,7878,1048,122,177,4,12916,5,-1,-1,0,37048,123,29,144,0,0,0,0,0,0,0,0,-32307,0,0,0,0,0,87266,0
87096,482,7860,1044,113,172,14,12916,0,-1,-3,0,37048,129,29,144,0,0,0,0,0,0,0,0,-32307,0,0,0,0,0,87271,0
87101,506,7848,1050,114,167,14,12915,0,-2,-3,0,37048,129,29,144,0,0,0,0,0,0,0,0,-32307,0,0,0,0,0,87276,0
87106,486,7848,1042,116,167,8,12916,4,1,-1,0,37048,128,29,144,0,0,0,0,0,0,0,0,-32307,0,0,0,0,0,87281,0
87111,488,7822,1030,111,163,11,12915,7,-1,-1,0,37048,128,29,144,0,0,0,0,0,0,0,0,-32307,0,0,0,0,0,87286,0
87116,484,7870,1054,104,147,10,12915,1,0,-2,0,37050,133,29,144,0,0,0,0,0,0,0,0,-32307,0,0,0,0,0,87291,0
87121,470,7864,1064,96,135,5,12915,-7,-4,-2,0,37050,133,29,144,0,0,0,0,0,0,0,0,-32307,0,0,0,0,0,87296,0
87126,500,7860,1056,98,132,2,12915,0,0,-2,0,37051,125,29,144,0,0,0,0,0,0,0,0,-32307,0,0,0,0,0,87301,0
87131,464,7878,1040,97,115,-1,12916,0,2,-2,0,37051,125,29,144,0,0,0,0,0,0,0,0,-32307,0,0,0,0,0,87306,0
87136,498,7888,1050,93,99,-5,12915,-1,0,-2,0,37052,117,29,144,0,0,0,0,0,0,0,0,-32307,0,0,0,0,0,87311,0
87141,498,7906,1044,94,89,-4,12915,-4,-1,-3,0,37052,117,29,144,0,0,0,0,0,0,0,0,-32308,0,0,0,0,0,87316,0
87146,502,7948,1058,93,81,0,12916,-1,-3,-2,0,37051,117,29,144,0,0,0,0,0,0,0,0,-32307,0,0,0,0,0,87321,0
87151,522,7956,1058,84,72,-6,12914,0,2,-3,0,37051,117,29,144,0,0,0,0,0,0,0,0,-32306,0,0,0,0,0,87326,0
87156,506,7962,1060,78,48,-10,12915,-1,5,-2,0,37052,117,29,144,0,0,0,0,0,0,0,0,-32307,0,0,0,0,0,87331,0
87161,522,7950,1052,83,37,-10,12916,0,-2,0,0,37052,117,29,144,0,0,0,0,0,0,0,0,-32307,0,0,0,0,0,87336,0
87166,562,7930,1056,78,32,-16,12915,-3,6,0,0,37059,123,29,144,0,0,0,0,0,0,0,0,-32308,0,0,0,0,0,87341,0
87171,536,7922,1082,68,13,-20,12916,3,2,-3,0,37059,123,29,144,0,0,0,0,0,0,0,0,-32307,0,0,0,0,0,87346,0
87176,552,7982,1100,57,-13,-26,12914,-4,-3,-2,0,37060,125,29,144,0,0,0,0,0,0,0,0,-32307,0,0,0,0,0,87351,0
87181,584,7990,1092,60,-24,-25,12916,0,4,-1,0,37060,125,29,144,0,0,0,0,0,0,0,0,-32307,0,0,0,0,0,87356,0
87186,582,8002,1086,49,-34,-28,12915,-1,0,-1,0,37059,126,29,144,0,0,0,0,0,0,0,0,-32307,0,0,0,0,0,87361,0
87191,584,8008,1084,46,-42,-35,12915,-3,8,0,0,37059,126,29,144,0,0,0,0,0,0,0,0,-32307,0,0,0,0,0,87366,0
87196,608,8048,1072,25,-72,-39,12916,0,-3,-2,0,37053,126,29,144,0,0,0,0,0,0,0,0,-32307,0,0,0,0,0,87371,0
87201,608,8044,1072,15,-86,-38,12916,-3,0,-1,0,37053,126,29,144,0,0,0,0,0,0,0,0,-32307,0,0,0,0,0,87376,0
87206,628,8108,1072,5,-101,-42,12914,-2,3,0,0,37053,134,29,144,0,0,0,0,0,0,0,0,-32307,0,0,0,0,0,87381,0
87211,626,8122,1086,3,-108,-46,12914,-1,2,-1,0,37053,134,29,144,0,0,0,0,0,0,0,0,-32307,0,0,0,0,0,87386,0
87216,622,8134,1072,-18,-135,-50,12915,1,0,-1,0,37051,130,29,144,0,0,0,0,0,0,0,0,-32307,0,0,0,0,0,87391,0
87221,658,8130,1056,-29,-151,-44,12915,-5,4,-1,0,37051,130,29,144,0,0,0,0,0,0,0,0,-32306,0,0,0,0,0,87396,0
87226,672,8114,1044,-40,-159,-44,12914,-3,5,-1,0,37050,128,29,144,0,0,0,0,0,0,0,0,-32307,0,0,0,0,0,87401,0
87231,692,8138,1050,-43,-169,-43,12915,2,2,0,0,37050,128,29,144,0,0,0,0,0,0,0,0,-32307,0,0,0,0,0,87406,0
87236,720,8188,1036,-58,-196,-36,12915,-2,3,0,0,37050,131,29,144,0,0,0,0,0,0,0,0,-32307,0,0,0,0,0,87411,0
87241,756,8198,1020,-68,-209,-38,12915,-2,2,-1,0,37050,131,29,144,0,0,0,0,0,0,0,0,-32307,0,0,0,0,0,87416,0
87246,748,8178,996,-76,-213,-32,12916,3,3,-3,0,37051,128,29,144,0,0,0,0,0,0,0,0,-32307,0,0,0,0,0,87421,0
87251,782,8202,976,-80,-226,-21,12916,5,3,-2,0,37051,128,29,144,0,0,0,0,0,0,0,0,-32307,0,0,0,0,0,87426,0
87256,788,8218,944,-93,-241,-8,12916,1,-1,-2,0,37049,130,29,144,0,0,0,0,0,0,0,0,-32307,0,0,0,0,0,87431,0
87261,834,8226,918,-93,-254,-1,12915,2,-1,-2,0,37049,130,29,144,0,0,0,0,0,0,0,0,-32307,0,0,0,0,0,87439,0
87266,822,8204,910,-90,-247,10,12916,-3,-3,-2,0,37048,133,29,144,0,0,0,0,0,0,0,0,-32307,0,0,0,0,0,87441,0
87271,848,8206,902,-100,-256,20,12916,3,2,-5,0,37048,133,29,144,0,0,0,0,0,0,0,0,-32307,0,0,0,0,0,87446,0
87276,830,8136,830,-94,-268,34,12916,5,0,-3,0,37056,139,29,144,0,0,0,0,0,0,0,0,-32307,0,0,0,0,0,87451,0
87281,870,8166,846,-93,-276,47,12915,-3,-3,-1,0,37056,139,29,144,0,0,0,0,0,0,0,0,-32307,0,0,0,0,0,87456,0
87286,878,8154,830,-89,-275,57,12914,-6,-4,-1,0,37060,137,29,144,0,0,0,0,0,0,0,0,-32307,0,0,0,0,0,87461,0
87291,870,8150,816,-84,-283,70,12915,0,0,-1,0,37060,137,29,144,0,0,0,0,0,0,0,0,-32308,0,0,0,0,0,87466,0
87296,880,8130,784,-72,-288,82,12915,-3,-1,-2,0,37061,125,29,144,0,0,0,0,0,0,0,0,-32307,0,0,0,0,0,87471,0
87301,878,8054,796,-68,-286,92,12916,4,5,-3,0,37061,125,29,144,0,0,0,0,0,0,0,0,-32308,0,0,0,0,0,87476,0
87306,874,8054,776,-66,-284,99,12915,0,0,-2,0,37056,123,29,144,0,0,0,0,0,0,0,0,-32308,0,0,0,0,0,87481,0
87311,856,8014,768,-56,-288,106,12915,-1,5,-3,0,37056,123,29,144,0,0,0,0,0,0,0,0,-32307,0,0,0,0,0,87486,0
87316,846,8044,808,-46,-290,122,12916,4,-4,-3,0,37055,125,29,144,0,0,0,0,0,0,0,0,-32307,0,0,0,0,0,87491,0
87321,882,8064,794,-43,-281,126,12915,0,1,-1,0,37055,125,29,144,0,0,0,0,0,0,0,0,-32307,0,0,0,0,0,87496,0
87326,874,8082,766,-34,-278,130,12915,-3,-2,0,0,37054,128,29,144,0,0,0,0,0,0,0,0,-32307,0,0,0,0,0,87501,0
87331,848,8068,772,-35,-276,136,12917,0,-2,-2,0,37054,128,29,144,0,0,0,0,0,0,0,0,-32307,0,0,0,0,0,87506,0
87336,816,8052,768,-28,-264,146,12916,-6,-2,-3,0,37054,129,29,144,0,0,0,0,0,0,0,0,-32307,0,0,0,0,0,87511,0
87341,794,8048,760,-25,-266,150,12916,6,-3,-1,0,37054,129,29,144,0,0,0,0,0,0,0,0,-32307,0,0,0,0,0,87516,0
87346,794,8024,756,-17,-267,162,12915,-2,-7,-1,0,37054,129,29,144,0,0,0,0,0,0,0,0,-32307,0,0,0,0,0,87521,0
87351,830,8026,766,-19,-262,164,12916,1,0,-1,0,37054,129,29,144,0,0,0,0,0,0,0,0,-32307,0,0,0,0,0,87526,0
87356,898,8006,776,-20,-252,172,12915,2,0,-3,0,37054,135,29,144,0,0,0,0,0,0,0,0,-32307,0,0,0,0,0,87531,0
87361,870,8066,792,-13,-240,170,12915,-1,3,-2,0,37054,135,29,144,0,0,0,0,0,0,0,0,-32307,0,0,0,0,0,87536,0
87366,842,8062,806,-23,-237,175,12914,-8,-6,-2,0,37054,135,29,144,0,0,0,0,0,0,0,0,-32308,0,0,0,0,0,87541,0
87371,810,8126,778,-17,-234,178,12915,0,1,-3,0,37054,135,29,144,0,0,0,0,0,0,0,0,-32307,0,0,0,0,0,87546,0
87376,830,8162,770,-18,-218,190,12916,12,4,-2,0,37055,131,29,144,0,0,0,0,0,0,0,0,-32307,0,0,0,0,0,87551,0
87381,808,8164,756,-27,-204,193,12914,-6,-2,-4,0,37055,131,29,144,0,0,0,0,0,0,0,0,-32307,0,0,0,0,0,87556,0
87386,848,8168,770,-18,-199,199,12917,6,-1,-2,0,37058,133,29,144,0,0,0,0,0,0,0,0,-32307,0,0,0,0,0,87561,0
87391,858,8128,762,-21,-193,201,12915,3,2,-1,0,37058,133,29,144,0,0,0,0,0,0,0,0,-32307,0,0,0,0,0,87566,0
87396,830,8164,762,-26,-173,208,12916,2,1,-2,0,37058,134,29,144,0,0,0,0,0,0,0,0,-32307,0,0,0,0,0,87571,0
87401,832,8174,764,-29,-166,208,12915,0,-11,-2,0,37058,134,29,144,0,0,0,0,0,0,0,0,-32307,0,0,0,0,0,87576,0
87406,810,8188,754,-27,-147,217,12914,-3,1,-2,0,37057,139,29,144,0,0,0,0,0,0,0,0,-32307,0,0,0,0,0,87581,0
87411,792,8202,742,-22,-138,215,12916,-3,1,-2,0,37057,139,29,144,0,0,0,0,0,0,0,0,-32307,0,0,0,0,0,87586,0
87416,758,8194,700,-24,-123,222,12916,0,0,-1,0,37051,136,29,144,0,0,0,0,0,0,0,0,-32307,0,0,0,0,0,87591,0
87421,764,8156,696,-20,-110,221,12916,1,4,-2,0,37051,136,29,144,0,0,0,0,0,0,0,0,-32307,0,0,0,0,0,87596,0
87426,768,8192,700,-17,-105,220,12915,0,0,-2,0,37052,144,29,144,0,0,0,0,0,0,0,0,-32307,0,0,0,0,0,87601,0
87431,760,8168,694,-18,-92,221,12914,-1,-2,-2,0,37052,144,29,144,0,0,0,0,0,0,0,0,-32307,0,0,0,0,0,87606,0
87436,756,8170,682,-3,-76,222,12916,3,4,-1,0,37051,130,29,144,0,0,0,0,0,0,0,0,-32307,0,0,0,0,0,87611,0
87441,746,8136,652,1,-62,223,12916,0,1,-1,0,37051,130,29,144,0,0,0,0,0,0,0,0,-32307,0,0,0,0,0,87616,0
87446,734,8126,656,8,-55,220,12915,1,4,-2,0,37053,125,29,144,0,0,0,0,0,0,0,0,-32307,0,0,0,0,0,87621,0
87451,610,7990,712,12,-54,222,12915,0,-2,-3,0,37053,125,29,144,0,0,0,0,0,0,0,0,-32307,0,0,0,0,0,87626,0
87456,718,8052,636,25,-39,225,12916,0,-1,-2,0,37052,122,29,144,0,0,0,0,0,0,0,0,-32307,0,0,0,0,0,87631,0
87461,614,8066,620,31,-34,220,12915,0,0,-1,0,37052,122,29,144,0,0,0,0,0,0,0,0,-32307,0,0,0,0,0,87636,0
87466,658,8192,666,37,-27,217,12915,0,1,-1,0,37053,125,29,144,0,0,0,0,0,0,0,0,-32307,0,0,0,0,0,87641,0
87471,710,8242,646,46,-20,211,12914,0,-1,-3,0,37053,125,29,144,0,0,0,0,0,0,0,0,-32307,0,0,0,0,0,87646,0
87476,698,8114,638,58,-4,202,12916,0,0,-3,0,37052,124,29,144,0,0,0,0,0,0,0,0,-32307,0,0,0,0,0,87651,0
87481,692,8086,638,64,0,206,12915,-3,4,-5,0,37052,124,29,144,0,0,0,0,0,0,0,0,-32307,0,0,0,0,0,87656,0
87486,686,8064,658,74,9,202,12915,-1,4,-2,0,37059,128,29,144,0,0,0,0,0,0,0,0,-32307,0,0,0,0,0,87661,0
87491,674,8074,650,84,15,210,12916,0,-1,-2,0,37059,128,29,144,0,0,0,0,0,0,0,0,-32307,0,0,0,0,0,87666,0
87496,660,8072,666,101,27,212,12916,3,2,-3,0,37061,136,29,144,0,0,0,0,0,0,0,0,-32307,0,0,0,0,0,87671,0
87501,684,8074,680,106,33,208,12915,-4,4,-1,0,37061,136,29,144,0,0,0,0,0,0,0,0,-32307,0,0,0,0,0,87676,0
87506,704,8056,672,110,43,211,12916,1,1,-2,0,37061,139,29,144,0,0,0,0,0,0,0,0,-32307,0,0,0,0,0,87681,0
87511,712,7992,648,122,47,207,12915,-2,-3,-3,0,37061,139,29,144,0,0,0,0,0,0,0,0,-32307,0,0,0,0,0,87686,0
87516,678,7942,680,129,58,203,12916,1,1,-3,0,37053,132,29,144,0,0,0,0,0,0,0,0,-32307,0,0,0,0,0,87691,0
87521,632,7954,708,140,64,208,12915,1,-3,-1,0,37053,132,29,144,0,0,0,0,0,0,0,0,-32307,0,0,0,0,0,87696,0
87526,654,8040,724,144,70,206,12916,0,2,-1,0,37054,124,29,144,0,0,0,0,0,0,0,0,-32307,0,0,0,0,0,87701,0
87531,640,8022,758,147,83,203,12916,-2,1,-2,0,37054,124,29,144,0,0,0,0,0,0,0,0,-32307,0,0,0,0,0,87706,0
87536,630,8054,744,157,96,197,12915,3,3,-1,0,37057,122,29,144,0,0,0,0,0,0,0,0,-32307,0,0,0,0,0,87711,0
87541,606,8040,738,151,97,193,12916,6,-1,0,0,37057,122,29,144,0,0,0,0,0,0,0,0,-32307,0,0,0,0,0,87716,0
87546,580,8068,766,153,102,193,12914,-2,-4,-1,0,37056,126,29,144,0,0,0,0,0,0,0,0,-32307,0,0,0,0,0,87721,0
87551,584,8050,774,160,108,186,12915,-5,-2,-2,0,37056,126,29,144,0,0,0,0,0,0,0,0,-32307,0,0,0,0,0,87726,0
87556,602,8020,780,155,119,183,12915,-3,1,-2,0,37059,125,29,144,0,0,0,0,0,0,0,0,-32307,0,0,0,0,0,87731,0
87561,572,8006,802,152,120,175,12915,-4,4,-2,0,37059,125,29,144,0,0,0,0,0,0,0,0,-32307,0,0,0,0,0,87736,0
87566,584,8012,782,148,122,172,12916,3,-3,-3,0,37068,128,29,144,0,0,0,0,0,0,0,0,-32307,0,0,0,0,0,87741,0
87571,572,8036,800,153,131,157,12915,-4,-3,-2,0,37068,128,29,144,0,0,0,0,0,0,0,0,-32307,0,0,0,0,0,87746,0
87576,556,8026,782,146,139,149,12916,-9,6,-2,0,37080,123,29,144,0,0,0,0,0,0,0,0,-32307,0,0,0,0,0,87751,0
87581,568,8012,774,145,139,147,12913,-5,-4,-4,0,37080,123,29,144,0,0,0,0,0,0,0,0,-32307,0,0,0,0,0,87756,0
87586,540,8046,776,143,141,140,12915,1,1,0,0,37080,124,29,144,0,0,0,0,0,0,0,0,-32307,0,0,0,0,0,87761,0
87591,556,8026,780,142,147,129,12916,4,4,-1,0,37080,124,29,144,0,0,0,0,0,0,0,0,-32307,0,0,0,0,0,87766,0
87596,560,8034,754,143,151,118,12916,1,0,-4,0,37068,119,29,144,0,0,0,0,0,0,0,0,-32307,0,0,0,0,0,87771,0
87601,558,8028,742,142,156,110,12915,0,4,-1,0,37068,119,29,144,0,0,0,0,0,0,0,0,-32307,0,0,0,0,0,87776,0
87606,536,8010,746,138,157,107,12916,7,4,-1,0,37057,122,29,144,0,0,0,0,0,0,0,0,-32307,0,0,0,0,0,87781,0
87611,538,8064,752,142,157,96,12915,-1,-2,-2,0,37057,122,29,144,0,0,0,0,0,0,0,0,-32307,0,0,0,0,0,87786,0
87616,536,8064,730,142,167,84,12915,1,0,-2,0,37052,117,29,144,0,0,0,0,0,0,0,0,-32307,0,0,0,0,0,87791,0
87621,528,8080,724,147,171,84,12916,5,4,-2,0,37052,117,29,144,0,0,0,0,0,0,0,0,-32307,0,0,0,0,0,87796,0
87626,530,8102,732,148,170,81,12916,0,1,-2,0,37052,119,29,144,0,0,0,0,0,0,0,0,-32307,0,0,0,0,0,87801,0
87631,534,8080,722,151,178,75,12915,-2,3,-1,0,37052,119,29,144,0,0,0,0,0,0,0,0,-32307,0,0,0,0,0,87806,0
87636,506,8110,696,158,181,67,12915,-3,2,-1,0,37050,117,29,144,0,0,0,0,0,0,0,0,-32307,0,0,0,0,0,87811,0
87641,554,8104,706,166,185,63,12915,-5,-2,-1,0,37050,117,29,144,0,0,0,0,0,0,0,0,-32307,0,0,0,0,0,87816,0
87646,536,8070,706,168,179,52,12915,-2,-2,-2,0,37050,123,29,144,0,0,0,0,0,0,0,0,-32307,0,0,0,0,0,87821,0
87651,522,8094,686,177,188,52,12914,-2,-3,-3,0,37050,123,29,144,0,0,0,0,0,0,0,0,-32308,0,0,0,0,0,87826,0
87656,520,8056,678,186,192,45,12915,-5,1,-3,0,37051,129,29,144,0,0,0,0,0,0,0,0,-32307,0,0,0,0,0,87831,0
87661,548,8096,682,186,196,41,12916,1,1,-3,0,37051,129,29,144,0,0,0,0,0,0,0,0,-32307,0,0,0,0,0,87836,0
87666,538,8090,680,200,197,39,12915,2,0,-2,0,37052,128,29,144,0,0,0,0,0,0,0,0,-32307,0,0,0,0,0,87841,0
87671,544,8064,690,209,194,39,12915,-2,4,-3,0,37052,128,29,144,0,0,0,0,0,0,0,0,-32307,0,0,0,0,0,87846,0
87676,568,8052,686,223,199,35,12914,-3,-2,-2,0,37051,126,29,144,0,0,0,0,0,0,0,0,-32307,0,0,0,0,0,87851,0
87681,550,8090,698,228,198,32,12915,2,0,-1,0,37051,126,29,144,0,0,0,0,0,0,0,0,-32307,0,0,0,0,0,87856,0
87686,532,8096,712,237,206,33,12916,0,0,0,0,37052,123,29,144,0,0,0,0,0,0,0,0,-32307,0,0,0,0,0,87861,0
87691,540,8056,700,238,204,31,12915,0,0,-3,0,37052,123,29,144,0,0,0,0,0,0,0,0,-32307,0,0,0,0,0,87866,0
87696,558,8026,712,249,211,29,12915,0,-4,-3,0,37056,136,29,144,0,0,0,0,0,0,0,0,-32307,0,0,0,0,0,87871,0
87701,558,8034,742,260,209,29,12915,-1,0,-3,0,37056,136,29,144,0,0,0,0,0,0,0,0,-32307,0,0,0,0,0,87876,0
87706,550,8016,778,264,220,29,12915,0,-2,-1,0,37055,140,29,144,0,0,0,0,0,0,0,0,-32307,0,0,0,0,0,87881,0
87711,538,8010,758,267,219,27,12915,-1,-2,-1,0,37055,140,29,144,0,0,0,0,0,0,0,0,-32307,0,0,0,0,0,87886,0
87716,552,7988,780,275,221,29,12915,-1,-1,-2,0,37054,141,29,144,0,0,0,0,0,0,0,0,-32307,0,0,0,0,0,87891,0
87721,546,7988,788,275,225,22,12915,4,-3,-1,0,37054,141,29,144,0,0,0,0,0,0,0,0,-32307,0,0,0,0,0,87896,0
87726,550,7968,798,275,226,26,12915,3,-1,-1,0,37050,133,29,144,0,0,0,0,0,0,0,0,-32307,0,0,0,0,0,87901,0
87731,530,7962,802,277,224,23,12915,1,0,0,0,37050,133,29,144,0,0,0,0,0,0,0,0,-32307,0,0,0,0,0,87906,0
87736,540,7968,824,278,226,23,12916,5,1,0,0,37050,121,29,144,0,0,0,0,0,0,0,0,-32307,0,0,0,0,0,87911,0
87741,516,7988,858,279,229,23,12916,2,1,-2,0,37050,121,29,144,0,0,0,0,0,0,0,0,-32307,0,0,0,0,0,87916,0
87746,530,8002,880,282,236,22,12915,2,-1,-3,0,37049,118,29,144,0,0,0,0,0,0,0,0,-32307,0,0,0,0,0,87921,0
87751,530,8006,886,275,227,19,12915,-1,-1,-2,0,37049,118,29,144,0,0,0,0,0,0,0,0,-32307,0,0,0,0,0,87925,0
87756,518,7966,904,273,225,16,12915,-1,-1,-3,0,37051,123,29,144,0,0,0,0,0,0,0,0,-32307,0,0,0,0,0,87930,0
87761,512,8004,884,273,223,7,12916,2,4,-3,0,37051,123,29,144,0,0,0,0,0,0,0,0,-32307,0,0,0,0,0,87935,0
87766,484,8038,932,265,219,11,12916,0,4,-2,0,37052,126,29,144,0,0,0,0,0,0,0,0,-32307,0,0,0,0,0,87940,0
87771,502,8046,908,259,224,6,12916,1,-1,-2,0,37052,126,29,144,0,0,0,0,0,0,0,0,-32307,0,0,0,0,0,87945,0
87776,496,8058,952,260,218,-2,12915,-6,1,-1,0,37053,122,29,144,0,0,0,0,0,0,0,0,-32307,0,0,0,0,0,87950,0
87781,484,8074,922,248,216,-5,12914,-8,-2,-2,0,37053,122,29,144,0,0,0,0,0,0,0,0,-32307,0,0,0,0,0,87955,0
87786,514,8056,932,249,208,-5,12916,-1,0,-2,0,37056,112,29,144,0,0,0,0,0,0,0,0,-32307,0,0,0,0,0,87960,0
87791,500,8066,944,240,211,-7,12916,3,2,-2,0,37056,112,29,144,0,0,0,0,0,0,0,0,-32307,0,0,0,0,0,87965,0
87796,494,8118,954,238,204,-15,12915,3,0,-3,0,37057,124,29,144,0,0,0,0,0,0,0,0,-32307,0,0,0,0,0,87970,0
87801,480,8116,952,233,203,-17,12916,3,0,-1,0,37057,124,29,144,0,0,0,0,0,0,0,0,-32307,0,0,0,0,0,87975,0
87806,480,8092,960,229,197,-23,12916,2,1,-2,0,37057,126,29,144,0,0,0,0,0,0,0,0,-32307,0,0,0,0,0,87980,0
87811,506,8040,962,230,192,-23,12915,-5,3,-4,0,37057,126,29,144,0,0,0,0,0,0,0,0,-32307,0,0,0,0,0,87985,0
87816,492,8024,962,225,182,-36,12915,-2,0,-3,0,37052,131,29,144,0,0,0,0,0,0,0,0,-32307,0,0,0,0,0,87990,0
87821,504,8004,950,220,175,-40,12915,-4,-3,-3,0,37052,131,29,144,0,0,0,0,0,0,0,0,-32307,0,0,0,0,0,87995,0
87826,486,8004,974,218,172,-44,12915,0,1,-3,0,37051,130,29,144,0,0,0,0,0,0,0,0,-32307,0,0,0,0,0,88000,0
87831,518,7986,944,214,165,-50,12915,-2,-1,-2,0,37051,130,29,144,0,0,0,0,0,0,0,0,-32307,0,0,0,0,0,88005,0
87836,544,8020,980,212,150,-56,12916,1,0,-3,0,37051,129,29,144,0,0,0,0,0,0,0,0,-32308,0,0,0,0,0,88010,0
87841,508,8016,952,207,143,-60,12915,0,2,-1,0,37051,129,29,144,0,0,0,0,0,0,0,0,-32307,0,0,0,0,0,88015,0
87846,508,8042,954,204,142,-58,12915,-4,1,-1,0,37052,133,29,144,0,0,0,0,0,0,0,0,-32307,0,0,0,0,0,88020,0
87851,496,8034,952,203,125,-61,12915,-1,-2,-2,0,37052,133,29,144,0,0,0,0,0,0,0,0,-32307,0,0,0,0,0,88025,0
87856,536,8010,966,196,109,-64,12916,1,0,-2,0,37053,131,29,144,0,0,0,0,0,0,0,0,-32307,0,0,0,0,0,88030,0
87861,546,8028,962,195,104,-58,12915,-1,-1,-3,0,37053,131,29,144,0,0,0,0,0,0,0,0,-32307,0,0,0,0,0,88035,0
87866,568,8044,936,195,100,-65,12915,-1,-1,-2,0,37052,131,29,144,0,0,0,0,0,0,0,0,-32307,0,0,0,0,0,88040,0
87871,590,8028,974,193,86,-63,12915,4,1,-2,0,37052,131,29,144,0,0,0,0,0,0,0,0,-32307,0,0,0,0,0,88045,0
87876,628,8018,972,186,66,-68,12915,-1,-2,-2,0,37052,128,29,144,0,0,0,0,0,0,0,0,-32307,0,0,0,0,0,88050,0
87881,616,8020,968,185,61,-66,12915,0,4,-1,0,37052,128,29,144,0,0,0,0,0,0,0,0,-32307,0,0,0,0,0,88055,0
87886,600,8024,960,181,48,-69,12915,-9,-1,-2,0,37051,128,29,144,0,0,0,0,0,0,0,0,-32307,0,0,0,0,0,88060,0
87891,610,7996,992,180,46,-66,12916,-5,-6,-1,0,37051,128,29,144,0,0,0,0,0,0,0,0,-32307,0,0,0,0,0,88065,0
87896,664,8012,996,167,27,-63,12916,5,1,-2,0,37050,128,29,144,0,0,0,0,0,0,0,0,-32307,0,0,0,0,0,88070,0
87901,646,8024,1012,165,29,-67,12915,-1,4,-1,0,37050,128,29,144,0,0,0,0,0,0,0,0,-32306,0,0,0,0,0,88075,0
87906,662,8020,1008,161,19,-58,12916,-3,-3,-4,0,37051,127,29,144,0,0,0,0,0,0,0,0,-32307,0,0,0,0,0,88080,0
87911,656,8048,1010,154,14,-58,12915,-1,2,-4,0,37051,127,29,144,0,0,0,0,0,0,0,0,-32307,0,0,0,0,0,88086,0
87916,678,8088,1010,139,0,-65,12915,1,2,-2,0,37051,123,29,144,0,0,0,0,0,0,0,0,-32307,0,0,0,0,0,88091,0
87921,664,8106,1004,133,-10,-61,12916,5,-4,-1,0,37051,123,29,144,0,0,0,0,0,0,0,0,-32307,0,0,0,0,0,88096,0
87926,710,8096,1010,125,-9,-55,12916,5,1,-2,0,37051,120,29,144,0,0,0,0,0,0,0,0,-32307,0,0,0,0,0,88101,0
87931,702,8082,986,120,-12,-55,12915,-4,-2,-1,0,37051,120,29,144,0,0,0,0,0,0,0,0,-32307,0,0,0,0,0,88106,0
87936,704,8106,1010,107,-25,-50,12915,-8,-3,0,0,37052,122,29,144,0,0,0,0,0,0,0,0,-32307,0,0,0,0,0,88111,0
87941,682,8118,982,107,-35,-46,12915,0,-5,0,0,37052,122,29,144,0,0,0,0,0,0,0,0,-32307,0,0,0,0,0,88116,0
87946,728,8088,1002,93,-32,-48,12916,1,2,-1,0,37049,126,29,144,0,0,0,0,0,0,0,0,-32307,0,0,0,0,0,88121,0
87951,724,8102,972,94,-33,-44,12916,-1,-4,-1,0,37049,126,29,144,0,0,0,0,0,0,0,0,-32307,0,0,0,0,0,88126,0
87956,738,8060,930,83,-56,-40,12916,-2,0,-3,0,37049,123,29,144,0,0,0,0,0,0,0,0,-32307,0,0,0,0,0,88131,0
87961,744,8098,930,82,-57,-36,12916,0,-3,-3,0,37049,123,29,144,0,0,0,0,0,0,0,0,-32307,0,0,0,0,0,88136,0
87966,770,8118,906,75,-64,-37,12916,4,0,-2,0,37049,117,29,144,0,0,0,0,0,0,0,0,-32307,0,0,0,0,0,88141,0
87971,750,8144,908,73,-67,-31,12915,-2,-1,-1,0,37049,117,29,144,0,0,0,0,0,0,0,0,-32307,0,0,0,0,0,88146,0
87976,752,8078,892,72,-84,-18,12915,-1,-2,0,0,37049,121,29,144,0,0,0,0,0,0,0,0,-32307,0,0,0,0,0,88151,0
87981,760,8080,872,74,-85,-11,12915,-2,-3,-3,0,37049,121,29,144,0,0,0,0,0,0,0,0,-32307,0,0,0,0,0,88156,0
87986,772,8096,870,75,-92,-1,12916,3,0,-2,0,37049,126,29,144,0,0,0,0,0,0,0,0,-32307,0,0,0,0,0,88161,0
87991,742,8106,866,78,-103,2,12915,0,1,-2,0,37049,126,29,144,0,0,0,0,0,0,0,0,-32307,0,0,0,0,0,88166,0
87996,760,8078,870,82,-100,6,12916,7,2,-1,0,37048,129,29,144,0,0,0,0,0,0,0,0,-32307,0,0,0,0,0,88171,0
88001,786,8068,866,79,-109,13,12915,0,-2,-2,0,37048,129,29,144,0,0,0,0,0,0,0,0,-32307,0,0,0,0,0,88176,0
88006,782,8040,848,90,-109,16,12916,2,2,-4,0,37054,134,29,144,0,0,0,0,0,0,0,0,-32307,0,0,0,0,0,88181,0
88011,770,8000,840,86,-117,10,12915,0,0,-4,0,37054,134,29,144,0,0,0,0,0,0,0,0,-32307,0,0,0,0,0,88186,0
88016,756,8024,864,90,-119,14,12914,-6,-1,-2,0,37055,138,29,144,0,0,0,0,0,0,0,0,-32307,0,0,0,0,0,88191,0
88021,750,8036,848,96,-119,14,12915,3,-4,-2,0,37055,138,29,144,0,0,0,0,0,0,0,0,-32307,0,0,0,0,0,88196,0
88026,748,8056,874,91,-122,24,12915,3,2,-2,0,37058,139,29,144,0,0,0,0,0,0,0,0,-32307,0,0,0,0,0,88201,0
88031,752,8022,884,94,-118,20,12916,4,2,-1,0,37058,139,29,144,0,0,0,0,0,0,0,0,-32307,0,0,0,0,0,88206,0
88036,740,8022,882,88,-118,22,12916,7,2,-1,0,37056,127,29,144,0,0,0,0,0,0,0,0,-32307,0,0,0,0,0,88211,0
88041,746,8020,894,95,-111,16,12916,2,-3,-1,0,37056,127,29,144,0,0,0,0,0,0,0,0,-32307,0,0,0,0,0,88216,0
88046,748,8058,896,84,-113,15,12916,0,0,-2,0,37052,128,29,144,0,0,0,0,0,0,0,0,-32307,0,0,0,0,0,88221,0
88051,742,8102,900,82,-109,16,12914,-1,-3,0,0,37052,128,29,144,0,0,0,0,0,0,0,0,-32307,0,0,0,0,0,88226,0
88056,764,8112,910,75,-102,13,12915,4,-2,-2,0,37053,123,29,144,0,0,0,0,0,0,0,0,-32307,0,0,0,0,0,88231,0
88061,760,8110,908,72,-91,13,12915,-2,-5,-2,0,37053,123,29,144,0,0,0,0,0,0,0,0,-32307,0,0,0,0,0,88236,0
88066,792,8134,910,60,-94,14,12916,5,0,-2,0,37050,132,29,144,0,0,0,0,0,0,0,0,-32307,0,0,0,0,0,88241,0
88071,766,8156,920,57,-81,11,12915,0,0,-3,0,37050,132,29,144,0,0,0,0,0,0,0,0,-32307,0,0,0,0,0,88246,0
88076,772,8218,912,45,-64,11,12915,0,1,-2,0,37047,126,29,144,0,0,0,0,0,0,0,0,-32307,0,0,0,0,0,88251,0
88081,784,8184,922,39,-58,17,12915,-2,-3,-3,0,37047,126,29,144,0,0,0,0,0,0,0,0,-32307,0,0,0,0,0,88256,0
88086,784,8164,906,35,-59,19,12915,-1,1,-3,0,37047,123,29,144,0,0,0,0,0,0,0,0,-32307,0,0,0,0,0,88261,0
88091,806,8176,872,29,-43,17,12916,3,-1,-2,0,37047,123,29,144,0,0,0,0,0,0,0,0,-32307,0,0,0,0,0,88266,0
88096,790,8164,916,16,-29,27,12914,-9,0,-2,0,37048,122,29,144,0,0,0,0,0,0,0,0,-32307,0,0,0,0,0,88271,0
88101,794,8148,872,13,-24,23,12915,-5,-2,-1,0,37048,122,29,144,0,0,0,0,0,0,0,0,-32307,0,0,0,0,0,88276,0
88106,750,8126,844,16,-18,28,12914,-5,-1,-2,0,37050,120,29,144,0,0,0,0,0,0,0,0,-32307,0,0,0,0,0,88281,0
88111,810,8102,840,10,-16,21,12914,-8,1,-2,0,37050,120,29,144,0,0,0,0,0,0,0,0,-32307,0,0,0,0,0,88286,0
88116,796,8086,800,8,0,30,12915,-6,-1,0,0,37051,129,29,144,0,0,0,0,0,0,0,0,-32307,0,0,0,0,0,88291,0
88121,762,8096,796,5,4,29,12916,0,4,-1,0,37051,129,29,144,0,0,0,0,0,0,0,0,-32307,0,0,0,0,0,88296,0
88126,782,8072,778,5,9,32,12915,-1,1,-2,0,37051,123,29,144,0,0,0,0,0,0,0,0,-32307,0,0,0,0,0,88301,0
88131,758,8022,778,9,19,38,12916,-2,3,-2,0,37051,123,29,144,0,0,0,0,0,0,0,0,-32307,0,0,0,0,0,88306,0
88136,754,8024,756,13,25,38,12917,10,2,-2,0,37054,117,29,144,0,0,0,0,0,0,0,0,-32307,0,0,0,0,0,88311,0
88141,756,7976,754,14,30,39,12915,0,2,-1,0,37054,117,29,144,0,0,0,0,0,0,0,0,-32307,0,0,0,0,0,88316,0
88146,760,7974,750,19,31,37,12914,-4,-2,-2,0,37052,120,29,144,0,0,0,0,0,0,0,0,-32307,0,0,0,0,0,88321,0
88151,768,7966,732,19,40,40,12916,1,-6,-1,0,37052,120,29,144,0,0,0,0,0,0,0,0,-32307,0,0,0,0,0,88326,0
88156,756,7958,708,30,38,45,12915,1,4,-2,0,37050,125,29,144,0,0,0,0,0,0,0,0,-32307,0,0,0,0,0,88331,0
88161,766,7954,722,31,46,52,12915,-3,1,-2,0,37050,125,29,144,0,0,0,0,0,0,0,0,-32307,0,0,0,0,0,88336,0
88166,766,7964,716,40,45,51,12915,-2,-1,-2,0,37049,129,29,144,0,0,0,0,0,0,0,0,-32308,0,0,0,0,0,88341,0
88171,768,7962,712,43,50,55,12916,0,-1,-2,0,37049,129,29,144,0,0,0,0,0,0,0,0,-32308,0,0,0,0,0,88346,0
88176,774,7986,740,49,48,61,12915,-2,1,-1,0,37052,118,29,144,0,0,0,0,0,0,0,0,-32307,0,0,0,0,0,88351,0
88181,798,7966,738,51,50,63,12914,-7,0,-1,0,37052,118,29,144,0,0,0,0,0,0,0,0,-32307,0,0,0,0,0,88356,0
88186,810,8022,726,52,50,72,12916,2,1,-1,0,37052,116,29,144,0,0,0,0,0,0,0,0,-32307,0,0,0,0,0,88361,0
88191,802,8028,738,55,55,73,12915,3,2,0,0,37052,116,29,144,0,0,0,0,0,0,0,0,-32307,0,0,0,0,0,88366,0
88196,800,8098,746,53,58,81,12916,0,2,-1,0,37053,124,29,144,0,0,0,0,0,0,0,0,-32307,0,0,0,0,0,88371,0
88201,780,8092,768,63,56,87,12915,4,1,-2,0,37053,124,29,144,0,0,0,0,0,0,0,0,-32307,0,0,0,0,0,88376,0
88206,784,8126,752,58,57,94,12914,-10,5,-1,0,37051,134,29,144,0,0,0,0,0,0,0,0,-32307,0,0,0,0,0,88381,0
88211,772,8118,746,56,56,96,12916,-1,-1,-1,0,37051,134,29,144,0,0,0,0,0,0,0,0,-32307,0,0,0,0,0,88386,0
88216,776,8136,772,50,53,102,12915,0,2,0,0,37054,132,29,144,0,0,0,0,0,0,0,0,-32307,0,0,0,0,0,88391,0
88221,776,8132,768,51,54,103,12915,-1,5,0,0,37054,132,29,144,0,0,0,0,0,0,0,0,-32307,0,0,0,0,0,88396,0
88226,752,8144,768,53,53,107,12915,-3,-4,-3,0,37054,118,29,144,0,0,0,0,0,0,0,0,-32307,0,0,0,0,0,88401,0
88231,746,8166,788,47,56,104,12915,-1,3,-2,0,37054,118,29,144,0,0,0,0,0,0,0,0,-32307,0,0,0,0,0,88406,0
88236,686,8146,756,46,53,104,12915,-4,3,-1,0,37053,115,29,144,0,0,0,0,0,0,0,0,-32307,0,0,0,0,0,88411,0
88241,718,8158,760,38,44,108,12915,1,4,-2,0,37053,115,29,144,0,0,0,0,0,0,0,0,-32307,0,0,0,0,0,88416,0
88246,712,8162,760,40,45,108,12915,-4,1,-1,0,37053,119,29,144,0,0,0,0,0,0,0,0,-32307,0,0,0,0,0,88421,0
88251,686,8186,740,35,40,109,12915,-4,1,-2,0,37053,119,29,144,0,0,0,0,0,0,0,0,-32307,0,0,0,0,0,88426,0
88256,660,8220,744,37,32,105,12914,-5,2,-1,0,37048,126,29,144,0,0,0,0,0,0,0,0,-32307,0,0,0,0,0,88431,0
88261,678,8220,720,31,31,106,12916,2,4,-2,0,37048,126,29,144,0,0,0,0,0,0,0,0,-32307,0,0,0,0,0,88436,0
88266,670,8192,712,38,27,105,12915,-4,1,-4,0,37048,124,29,144,0,0,0,0,0,0,0,0,-32307,0,0,0,0,0,88441,0
88271,658,8162,730,38,22,104,12915,-1,3,-4,0,37048,124,29,144,0,0,0,0,0,0,0,0,-32307,0,0,0,0,0,88446,0
88276,688,8180,724,36,13,100,12915,-1,-1,-2,0,37050,121,29,144,0,0,0,0,0,0,0,0,-32307,0,0,0,0,0,88451,0
88281,706,8200,742,36,6,101,12915,-2,1,-2,0,37050,121,29,144,0,0,0,0,0,0,0,0,-32306,0,0,0,0,0,88456,0
88286,704,8180,736,39,5,93,12915,7,7,-2,0,37052,116,29,144,0,0,0,0,0,0,0,0,-32307,0,0,0,0,0,88461,0
88291,728,8154,714,42,3,99,12916,0,0,-2,0,37052,116,29,144,0,0,0,0,0,0,0,0,-32307,0,0,0,0,0,88466,0
88296,724,8184,736,44,-6,95,12915,3,1,-2,0,37051,115,29,144,0,0,0,0,0,0,0,0,-32307,0,0,0,0,0,88471,0
88301,710,8152,774,42,-9,97,12916,9,3,-2,0,37051,115,29,144,0,0,0,0,0,0,0,0,-32307,0,0,0,0,0,88476,0
88306,718,8148,768,45,-7,99,12915,3,1,-2,0,37050,115,29,144,0,0,0,0,0,0,0,0,-32308,0,0,0,0,0,88481,0
88311,718,8158,734,46,-16,103,12916,-1,2,-2,0,37050,115,29,144,0,0,0,0,0,0,0,0,-32307,0,0,0,0,0,88486,0
88316,720,8128,772,45,-21,104,12914,-5,0,-2,0,37048,123,29,144,0,0,0,0,0,0,0,0,-32307,0,0,0,0,0,88491,0
88321,728,8108,754,45,-23,101,12915,-5,-4,-3,0,37048,123,29,144,0,0,0,0,0,0,0,0,-32307,0,0,0,0,0,88496,0
88326,736,8132,762,54,-28,102,12915,-3,-3,-4,0,37051,134,29,144,0,0,0,0,0,0,0,0,-32308,0,0,0,0,0,88501,0
88331,742,8128,750,56,-28,97,12916,0,-1,-1,0,37051,134,29,144,0,0,0,0,0,0,0,0,-32307,0,0,0,0,0,88506,0
88336,706,8146,772,55,-41,109,12916,0,2,0,0,37050,137,29,144,0,0,0,0,0,0,0,0,-32307,0,0,0,0,0,88511,0
88341,666,8124,760,62,-41,108,12915,1,0,0,0,37050,137,29,144,0,0,0,0,0,0,0,0,-32307,0,0,0,0,0,88516,0
88346,690,8092,754,59,-42,110,12915,-3,-1,-2,0,37053,142,29,144,0,0,0,0,0,0,0,0,-32307,0,0,0,0,0,88521,0
88351,664,8088,746,59,-56,104,12916,6,2,-2,0,37053,142,29,144,0,0,0,0,0,0,0,0,-32307,0,0,0,0,0,88526,0
88356,662,8126,774,58,-55,106,12915,3,1,-1,0,37053,136,29,144,0,0,0,0,0,0,0,0,-32307,0,0,0,0,0,88531,0
88361,664,8114,770,62,-57,111,12915,-3,3,0,0,37053,136,29,144,0,0,0,0,0,0,0,0,-32307,0,0,0,0,0,88536,0
88366,650,8128,780,69,-58,104,12915,-2,-4,-2,0,37051,132,29,144,0,0,0,0,0,0,0,0,-32307,0,0,0,0,0,88541,0
88371,666,8096,790,67,-63,103,12915,-3,3,-3,0,37051,132,29,144,0,0,0,0,0,0,0,0,-32307,0,0,0,0,0,88546,0
88376,626,8102,776,63,-67,100,12916,2,-2,-2,0,37051,123,29,144,0,0,0,0,0,0,0,0,-32307,0,0,0,0,0,88551,0
88381,614,8070,804,67,-74,103,12914,-8,0,-2,0,37051,123,29,144,0,0,0,0,0,0,0,0,-32307,0,0,0,0,0,88556,0
88386,646,8038,796,66,-76,103,12915,0,1,-2,0,37051,118,29,144,0,0,0,0,0,0,0,0,-32308,0,0,0,0,0,88561,0
88391,604,8084,808,67,-84,101,12916,4,0,-1,0,37051,118,29,144,0,0,0,0,0,0,0,0,-32307,0,0,0,0,0,88566,0
88396,630,8046,822,63,-97,98,12916,3,2,-2,0,37052,123,29,144,0,0,0,0,0,0,0,0,-32307,0,0,0,0,0,88571,0
88401,650,8022,808,64,-104,97,12916,5,-1,-3,0,37052,123,29,144,0,0,0,0,0,0,0,0,-32307,0,0,0,0,0,88576,0
88406,620,8010,792,58,-112,90,12916,8,1,-2,0,37051,125,29,144,0,0,0,0,0,0,0,0,-32307,0,0,0,0,0,88581,0
88411,606,8006,798,59,-111,86,12915,2,0,-4,0,37051,125,29,144,0,0,0,0,0,0,0,0,-32307,0,0,0,0,0,88586,0
88416,618,8064,822,50,-118,84,12915,2,-1,-3,0,37049,129,29,144,0,0,0,0,0,0,0,0,-32307,0,0,0,0,0,88591,0
88421,600,8056,828,58,-121,73,12917,2,-3,-2,0,37049,129,29,144,0,0,0,0,0,0,0,0,-32307,0,0,0,0,0,88596,0
88426,622,8046,802,59,-123,76,12915,2,-1,-4,0,37052,130,29,144,0,0,0,0,0,0,0,0,-32307,0,0,0,0,0,88601,0
88431,618,8028,826,53,-130,72,12915,-1,-2,-4,0,37052,130,29,144,0,0,0,0,0,0,0,0,-32307,0,0,0,0,0,88606,0
88436,620,8032,822,54,-125,62,12916,3,-10,0,0,37054,129,29,144,0,0,0,0,0,0,0,0,-32307,0,0,0,0,0,88611,0
88441,642,8004,786,47,-127,62,12915,0,3,-1,0,37054,129,29,144,0,0,0,0,0,0,0,0,-32307,0,0,0,0,0,88616,0
88446,616,8034,830,43,-131,56,12916,3,3,-3,0,37055,122,29,144,0,0,0,0,0,0,0,0,-32307,0,0,0,0,0,88621,0
88451,636,8004,836,46,-128,55,12916,5,-4,-2,0,37055,122,29,144,0,0,0,0,0,0,0,0,-32307,0,0,0,0,0,88626,0
88456,596,7966,806,43,-131,43,12915,-7,2,-3,0,37053,119,29,144,0,0,0,0,0,0,0,0,-32307,0,0,0,0,0,88631,0
88461,610,7966,804,45,-134,41,12914,7,0,-2,0,37053,119,29,144,0,0,0,0,0,0,0,0,-32307,0,0,0,0,0,88636,0
88466,602,7944,786,43,-132,38,12915,-6,-3,-3,0,37051,118,29,144,0,0,0,0,0,0,0,0,-32307,0,0,0,0,0,88641,0
88471,586,7938,802,42,-136,38,12915,-5,-1,-2,0,37051,118,29,144,0,0,0,0,0,0,0,0,-32307,0,0,0,0,0,88646,0
88476,586,7906,786,41,-136,33,12916,2,1,-2,0,37051,118,29,144,0,0,0,0,0,0,0,0,-32307,0,0,0,0,0,88651,0
88481,608,7932,792,40,-141,26,12915,-1,3,-2,0,37051,118,29,144,0,0,0,0,0,0,0,0,-32307,0,0,0,0,0,88656,0
88486,620,7910,776,44,-135,27,12916,6,-2,-2,0,37051,125,29,144,0,0,0,0,0,0,0,0,-32307,0,0,0,0,0,88661,0
88491,594,7900,798,39,-142,20,12915,1,2,0,0,37051,125,29,144,0,0,0,0,0,0,0,0,-32307,0,0,0,0,0,88666,0
88496,592,7850,778,44,-134,6,12916,3,2,-2,0,37052,131,29,144,0,0,0,0,0,0,0,0,-32307,0,0,0,0,0,88671,0
88501,636,7848,806,39,-132,1,12914,-12,0,-1,0,37052,131,29,144,0,0,0,0,0,0,0,0,-32307,0,0,0,0,0,88676,0
88506,600,7814,782,43,-132,-2,12917,5,2,-2,0,37054,140,29,144,0,0,0,0,0,0,0,0,-32307,0,0,0,0,0,88681,0
88511,598,7814,780,41,-133,-3,12915,3,-2,-3,0,37054,140,29,144,0,0,0,0,0,0,0,0,-32307,0,0,0,0,0,88686,0
88516,610,7804,766,45,-134,-15,12915,-2,2,-2,0,37056,135,29,144,0,0,0,0,0,0,0,0,-32307,0,0,0,0,0,88691,0
88521,608,7768,794,47,-133,-19,12916,3,-3,-1,0,37056,135,29,144,0,0,0,0,0,0,0,0,-32307,0,0,0,0,0,88696,0
88526,622,7770,778,44,-135,-24,12916,10,6,-4,0,37057,130,29,144,0,0,0,0,0,0,0,0,-32307,0,0,0,0,0,88701,0
88531,648,7802,766,47,-132,-27,12915,0,1,0,0,37057,130,29,144,0,0,0,0,0,0,0,0,-32307,0,0,0,0,0,88706,0
88536,622,7800,772,44,-127,-37,12915,2,-3,1,0,37058,128,29,144,0,0,0,0,0,0,0,0,-32307,0,0,0,0,0,88711,0
88541,626,7844,758,48,-132,-40,12915,-4,-1,0,0,37058,128,29,144,0,0,0,0,0,0,0,0,-32307,0,0,0,0,0,88716,0
88546,660,7824,746,45,-128,-44,12915,-1,1,-2,0,37056,135,29,144,0,0,0,0,0,0,0,0,-32307,0,0,0,0,0,88721,0
88551,666,7854,760,47,-130,-47,12916,5,-1,-1,0,37056,135,29,144,0,0,0,0,0,0,0,0,-32307,0,0,0,0,0,88726,0
88556,650,7944,742,45,-136,-50,12916,1,-1,-2,0,37053,133,29,144,0,0,0,0,0,0,0,0,-32307,0,0,0,0,0,88731,0
88561,692,7980,736,55,-135,-51,12916,7,2,-2,0,37053,133,29,144,0,0,0,0,0,0,0,0,-32307,0,0,0,0,0,88736,0
88566,690,8008,740,44,-131,-52,12915,1,3,-2,0,37052,133,29,144,0,0,0,0,0,0,0,0,-32307,0,0,0,0,0,88741,0
88571,696,8024,736,49,-133,-46,12915,3,-1,-3,0,37052,133,29,144,0,0,0,0,0,0,0,0,-32307,0,0,0,0,0,88746,0
88576,718,8094,744,46,-133,-46,12914,-1,0,-1,0,37048,129,29,144,0,0,0,0,0,0,0,0,-32307,0,0,0,0,0,88751,0
88581,718,8140,724,43,-132,-46,12914,3,2,-3,0,37048,129,29,144,0,0,0,0,0,0,0,0,-32307,0,0,0,0,0,88756,0
88586,710,8154,708,50,-127,-41,12916,1,2,-1,0,37050,126,29,144,0,0,0,0,0,0,0,0,-32307,0,0,0,0,0,88761,0
88591,716,8160,704,50,-124,-44,12915,-4,-1,-3,0,37050,126,29,144,0,0,0,0,0,0,0,0,-32307,0,0,0,0,0,88766,0
88596,768,8172,708,52,-122,-40,12916,2,2,-2,0,37051,128,29,144,0,0,0,0,0,0,0,0,-32307,0,0,0,0,0,88771,0
88601,740,8202,706,57,-115,-42,12914,-10,-3,-2,0,37051,128,29,144,0,0,0,0,0,0,0,0,-32307,0,0,0,0,0,88776,0
88606,758,8200,704,61,-116,-47,12915,-5,-4,0,0,37052,129,29,144,0,0,0,0,0,0,0,0,-32307,0,0,0,0,0,88781,0
88611,732,8194,712,64,-121,-46,12915,0,-2,-1,0,37052,129,29,144,0,0,0,0,0,0,0,0,-32307,0,0,0,0,0,88786,0
88616,750,8204,658,57,-115,-47,12914,-3,-5,-2,0,37052,122,29,144,0,0,0,0,0,0,0,0,-32307,0,0,0,0,0,88791,0
88621,762,8174,642,69,-108,-48,12916,0,3,-2,0,37052,122,29,144,0,0,0,0,0,0,0,0,-32307,0,0,0,0,0,88796,0
88626,748,8186,676,69,-111,-50,12915,3,2,-4,0,37051,117,29,144,0,0,0,0,0,0,0,0,-32307,0,0,0,0,0,88801,0
88631,726,8220,654,71,-109,-48,12916,0,0,-2,0,37051,117,29,144,0,0,0,0,0,0,0,0,-32307,0,0,0,0,0,88806,0
88636,730,8272,664,84,-99,-55,12915,-1,0,0,0,37049,114,29,144,0,0,0,0,0,0,0,0,-32307,0,0,0,0,0,88811,0
88641,738,8256,642,83,-96,-47,12916,8,0,-2,0,37049,114,29,144,0,0,0,0,0,0,0,0,-32307,0,0,0,0,0,88816,0
88646,702,8218,630,93,-93,-54,12915,-5,-1,-5,0,37057,115,29,144,0,0,0,0,0,0,0,0,-32307,0,0,0,0,0,88821,0
88651,704,8192,632,95,-85,-51,12915,0,-1,-4,0,37057,115,29,144,0,0,0,0,0,0,0,0,-32307,0,0,0,0,0,88826,0
88656,726,8170,644,105,-92,-54,12916,6,-1,-2,0,37058,123,29,144,0,0,0,0,0,0,0,0,-32307,0,0,0,0,0,88831,0
88661,730,8188,640,114,-83,-55,12917,5,2,-2,0,37058,123,29,144,0,0,0,0,0,0,0,0,-32307,0,0,0,0,0,88836,0
88666,722,8184,672,116,-77,-55,12915,0,0,-2,0,37057,123,29,144,0,0,0,0,0,0,0,0,-32307,0,0,0,0,0,88841,0
88671,712,8150,646,123,-75,-55,12916,3,2,-2,0,37057,123,29,144,0,0,0,0,0,0,0,0,-32307,0,0,0,0,0,88846,0
88676,724,8080,644,130,-78,-54,12915,7,-3,-1,0,37051,123,29,144,0,0,0,0,0,0,0,0,-32307,0,0,0,0,0,88851,0
88681,742,8076,668,137,-75,-55,12915,-5,0,-1,0,37051,123,29,144,0,0,0,0,0,0,0,0,-32307,0,0,0,0,0,88856,0
88686,738,8030,656,139,-77,-52,12914,0,4,-1,0,37050,122,29,144,0,0,0,0,0,0,0,0,-32308,0,0,0,0,0,88861,0
88691,736,8056,656,139,-76,-48,12914,-4,-6,-1,0,37050,122,29,144,0,0,0,0,0,0,0,0,-32307,0,0,0,0,0,88866,0
88696,744,8050,686,149,-71,-50,12915,0,-1,-2,0,37050,123,29,144,0,0,0,0,0,0,0,0,-32307,0,0,0,0,0,88871,0
88701,742,8056,672,156,-75,-50,12916,4,2,-2,0,37050,123,29,144,0,0,0,0,0,0,0,0,-32307,0,0,0,0,0,88876,0
88706,756,8038,698,153,-70,-47,12916,0,0,-2,0,37049,120,29,144,0,0,0,0,0,0,0,0,-32307,0,0,0,0,0,88881,0
88711,730,8040,708,161,-72,-39,12915,-1,-2,-2,0,37049,120,29,144,0,0,0,0,0,0,0,0,-32307,0,0,0,0,0,88886,0
88716,740,8012,718,167,-66,-47,12915,-3,-2,-1,0,37048,125,29,144,0,0,0,0,0,0,0,0,-32307,0,0,0,0,0,88891,0
88721,756,8020,718,169,-61,-39,12915,0,-3,-1,0,37048,125,29,144,0,0,0,0,0,0,0,0,-32307,0,0,0,0,0,88896,0
88726,730,8042,752,168,-59,-35,12916,2,4,-2,0,37047,127,29,144,0,0,0,0,0,0,0,0,-32307,0,0,0,0,0,88901,0
88731,764,8048,732,171,-61,-36,12915,-2,-2,-2,0,37047,127,29,144,0,0,0,0,0,0,0,0,-32307,0,0,0,0,0,88906,0
88736,748,8004,774,170,-54,-31,12916,9,2,-1,0,37048,128,29,144,0,0,0,0,0,0,0,0,-32307,0,0,0,0,0,88911,0
88741,766,8002,770,170,-55,-29,12915,-2,1,-1,0,37048,128,29,144,0,0,0,0,0,0,0,0,-32307,0,0,0,0,0,88916,0
88746,740,7984,782,172,-57,-27,12916,4,6,-1,0,37049,125,29,144,0,0,0,0,0,0,0,0,-32307,0,0,0,0,0,88921,0
88751,746,7968,796,176,-56,-27,12914,-7,-3,-1,0,37049,125,29,144,0,0,0,0,0,0,0,0,-32307,0,0,0,0,0,88926,0
88756,738,7912,804,167,-55,-21,12916,0,0,-1,0,37052,127,29,144,0,0,0,0,0,0,0,0,-32307,0,0,0,0,0,88931,0
88761,748,7940,798,171,-58,-21,12917,11,0,-2,0,37052,127,29,144,0,0,0,0,0,0,0,0,-32307,0,0,0,0,0,88936,0
88766,724,7918,832,168,-54,-26,12916,3,-2,-2,0,37054,127,29,144,0,0,0,0,0,0,0,0,-32307,0,0,0,0,0,88941,0
88771,732,7938,818,165,-61,-24,12915,-5,-1,-3,0,37054,127,29,144,0,0,0,0,0,0,0,0,-32307,0,0,0,0,0,88946,0
88776,722,7986,824,163,-60,-30,12915,-6,3,-2,0,37052,118,29,144,0,0,0,0,0,0,0,0,-32307,0,0,0,0,0,88951,0
88781,706,8020,838,160,-58,-26,12916,3,1,0,0,37052,118,29,144,0,0,0,0,0,0,0,0,-32307,0,0,0,0,0,88956,0
88786,748,8036,826,158,-58,-23,12916,0,-2,0,0,37049,120,29,144,0,0,0,0,0,0,0,0,-32307,0,0,0,0,0,88961,0
88791,716,8046,850,154,-56,-20,12915,-1,0,0,0,37049,120,29,144,0,0,0,0,0,0,0,0,-32307,0,0,0,0,0,88966,0
88796,760,8060,822,157,-48,-20,12916,1,1,-2,0,37049,123,29,144,0,0,0,0,0,0,0,0,-32307,0,0,0,0,0,88971,0
88801,754,8094,850,149,-52,-13,12916,3,0,-3,0,37049,123,29,144,0,0,0,0,0,0,0,0,-32307,0,0,0,0,0,88977,0
88806,738,8068,842,149,-48,-17,12914,-3,-3,-2,0,37048,129,29,144,0,0,0,0,0,0,0,0,-32307,0,0,0,0,0,88982,0
88811,758,8088,826,149,-40,-18,12916,11,0,15,24,37048,129,29,144,0,0,0,0,0,0,0,0,-32307,0,0,0,0,0,88988,0
88816,758,8070,842,144,-47,-20,12915,-2,0,72,16,37045,121,29,144,0,0,0,0,0,0,0,0,-32307,0,0,0,0,0,88994,0
88821,744,8008,838,142,-43,-17,12916,0,5,83,24,37045,121,29,144,0,0,0,0,0,0,0,0,-32306,0,0,0,0,0,88999,0
88826,746,8034,834,145,-47,-18,12917,0,3,83,24,37041,125,29,144,0,0,0,0,0,0,0,0,-32306,0,0,0,0,0,89005,0
88831,772,8028,838,135,-41,-14,12915,-3,-3,82,24,37041,125,29,144,0,0,0,0,0,0,0,0,-32307,0,0,0,0,0,89010,0
88836,742,7974,846,136,-39,-10,12918,1,2,81,24,37045,128,29,144,0,0,0,0,0,0,0,0,-32307,0,0,0,0,0,89015,0
88841,758,7974,838,131,-38,-12,12916,-2,1,80,24,37045,128,29,144,0,0,0,0,0,0,0,0,-32307,0,0,0,0,0,89021,0
88846,782,7926,858,132,-41,-12,12917,9,4,80,24,37052,130,30,144,0,0,0,0,0,0,0,0,-32307,0,0,0,0,0,89027,0
88851,762,7920,846,124,-40,-13,12916,-2,-1,83,24,37052,130,30,144,0,0,0,0,0,0,0,0,-32307,0,0,0,0,0,89032,0
88856,754,7894,864,120,-44,-16,12916,0,1,81,16,37059,122,29,144,0,0,0,0,0,0,0,0,-32307,0,0,0,0,0,89037,0
88861,742,7900,868,117,-38,-15,12916,-3,1,81,16,37059,122,29,144,0,0,0,0,0,0,0,0,-32307,0,0,0,0,0,89043,0
88866,724,7902,862,111,-36,-14,12918,12,3,82,24,37055,115,29,144,0,0,0,0,0,0,0,0,-32307,0,0,0,0,0,89049,0
88871,740,7896,874,105,-32,-12,12916,0,-3,84,24,37055,115,29,144,0,0,0,0,0,0,0,0,-32307,0,0,0,0,0,89054,0
88876,760,7856,844,97,-41,-16,12917,4,6,83,32,37046,118,29,144,0,0,0,0,0,0,0,0,-32307,0,0,0,0,0,89059,0
88881,762,7882,868,98,-38,-17,12916,-3,-1,83,24,37046,118,29,144,0,0,0,0,0,0,0,0,-32307,0,0,0,0,0,89065,0
88886,772,7900,868,89,-37,-15,12916,-1,2,84,24,37040,113,29,144,0,0,0,0,0,0,0,0,-32307,0,0,0,0,0,89070,0
88891,762,7884,848,91,-31,-15,12916,0,0,82,24,37040,113,29,144,0,0,0,0,0,0,0,0,-32307,0,0,0,0,0,89076,0
88896,786,7942,854,81,-34,-11,12917,2,3,80,24,37041,116,29,144,0,0,0,0,0,0,0,0,-32307,0,0,0,0,0,89081,0
88901,778,7950,846,76,-38,-11,12916,-3,-3,81,24,37041,116,29,144,0,0,0,0,0,0,0,0,-32307,0,0,0,0,0,89087,0
88906,796,7990,838,71,-47,-4,12917,0,1,81,16,37040,116,29,144,0,0,0,0,0,0,0,0,-32306,0,0,0,0,0,89092,0
88911,808,8018,826,71,-38,0,12918,8,0,81,24,37040,116,29,144,0,0,0,0,0,0,0,0,-32306,0,0,0,0,0,89098,0
88916,810,8072,802,64,-51,12,12916,-1,0,82,16,37039,118,29,144,0,0,0,0,0,0,0,0,-32307,0,0,0,0,0,89104,0
88921,838,8082,812,61,-53,12,12916,-1,-3,83,24,37039,118,29,144,0,0,0,0,0,0,0,0,-32307,0,0,0,0,0,89109,0
88926,858,8054,802,56,-56,17,12918,7,0,84,24,37036,116,29,144,0,0,0,0,0,0,0,0,-32306,0,0,0,0,0,89115,0
88931,850,8088,760,54,-56,24,12917,10,1,82,24,37036,116,29,144,0,0,0,0,0,0,0,0,-32307,0,0,0,0,0,89121,0
88936,842,8130,760,58,-69,33,12917,3,2,83,24,37038,117,29,144,0,0,0,0,0,0,0,0,-32307,0,0,0,0,0,89126,0
88941,854,8122,758,54,-73,36,12917,0,-4,80,24,37038,117,29,144,0,0,0,0,0,0,0,0,-32306,0,0,0,0,0,89131,0
88946,860,8132,738,53,-72,38,12918,6,-1,80,24,37041,120,29,144,0,0,0,0,0,0,0,0,-32307,0,0,0,0,0,89137,0
88951,870,8112,738,47,-78,44,12918,9,-2,81,24,37041,120,29,144,0,0,0,0,0,0,0,0,-32307,0,0,0,0,0,89142,0
88956,856,8148,714,53,-83,48,12916,-9,-3,81,24,37044,123,29,144,0,0,0,0,0,0,0,0,-32307,0,0,0,0,0,89148,0
88961,876,8120,700,46,-83,53,12916,-7,-4,80,24,37044,123,29,144,0,0,0,0,0,0,0,0,-32307,0,0,0,0,0,89153,0
88966,864,8150,682,48,-83,50,12917,-1,-4,81,16,37046,127,29,144,0,0,0,0,0,0,0,0,-32307,0,0,0,0,0,89159,0
88971,860,8186,698,44,-79,52,12917,-1,0,83,24,37046,127,29,144,0,0,0,0,0,0,0,0,-32307,0,0,0,0,0,89164,0
88976,870,8162,686,40,-85,60,12917,0,0,84,24,37044,127,29,144,0,0,0,0,0,0,0,0,-32306,0,0,0,0,0,89170,0
88981,854,8190,684,42,-88,64,12917,0,-1,83,32,37044,127,29,144,0,0,0,0,0,0,0,0,-32307,0,0,0,0,0,89175,0
88986,880,8174,660,42,-85,60,12917,-2,-1,80,24,37047,126,29,144,0,0,0,0,0,0,0,0,-32307,0,0,0,0,0,89180,0
88991,854,8198,660,40,-89,64,12917,1,2,82,16,37047,126,29,144,0,0,0,0,0,0,0,0,-32307,0,0,0,0,0,89186,0
88996,840,8248,642,38,-86,69,12917,-2,1,81,24,37043,129,29,144,0,0,0,0,0,0,0,0,-32307,0,0,0,0,0,89192,0
89001,878,8226,644,48,-81,74,12918,6,-4,81,24,37043,129,29,144,0,0,0,0,0,0,0,0,-32307,0,0,0,0,0,89197,0
89006,868,8210,632,42,-85,76,12918,-5,-1,81,24,37045,128,29,144,0,0,0,0,0,0,0,0,-32307,0,0,0,0,0,89202,0
89011,868,8198,632,47,-82,73,12917,0,1,78,24,37045,128,29,144,0,0,0,0,0,0,0,0,-32307,0,0,0,0,0,89208,0
89016,900,8180,626,45,-80,83,12918,-1,-4,82,16,37043,125,29,144,0,0,0,0,0,0,0,0,-32307,0,0,0,0,0,89214,0
89021,892,8206,622,52,-81,84,12916,-4,-1,83,24,37043,125,29,144,0,0,0,0,0,0,0,0,-32307,0,0,0,0,0,89219,0
89026,904,8170,614,54,-81,91,12917,-1,2,84,32,37042,123,29,144,0,0,0,0,0,0,0,0,-32307,0,0,0,0,0,89225,0
89031,924,8140,588,59,-71,89,12917,0,0,82,24,37042,123,29,144,0,0,0,0,0,0,0,0,-32307,0,0,0,0,0,89230,0
89036,914,8102,580,63,-70,91,12918,1,1,83,24,37041,124,29,144,0,0,0,0,0,0,0,0,-32307,0,0,0,0,0,89236,0
89041,930,8086,590,68,-62,98,12917,0,2,82,24,37041,124,29,144,0,0,0,0,0,0,0,0,-32307,0,0,0,0,0,89241,0
89046,872,8108,590,74,-62,101,12918,5,0,81,24,37040,129,29,144,0,0,0,0,0,0,0,0,-32307,0,0,0,0,0,89247,0
89051,932,8108,584,75,-53,100,12917,0,1,82,24,37040,129,29,144,0,0,0,0,0,0,0,0,-32307,0,0,0,0,0,89252,0
89056,908,8068,580,80,-44,100,12918,-1,-4,80,24,37039,127,29,144,0,0,0,0,0,0,0,0,-32306,0,0,0,0,0,89257,0
89061,906,8070,582,88,-45,104,12918,6,-2,80,24,37039,127,29,144,0,0,0,0,0,0,0,0,-32307,0,0,0,0,0,89263,0
89066,902,8084,594,84,-41,111,12918,5,3,81,24,37042,129,29,144,0,0,0,0,0,0,0,0,-32307,0,0,0,0,0,89268,0
89071,906,8104,584,86,-38,107,12917,0,-4,83,24,37042,129,29,144,0,0,0,0,0,0,0,0,-32307,0,0,0,0,0,89274,0
89076,910,8092,594,95,-32,118,12918,-4,-2,83,24,37042,128,29,144,0,0,0,0,0,0,0,0,-32307,0,0,0,0,0,89279,0
89081,916,8072,580,99,-29,119,12917,-5,3,83,24,37042,128,29,144,0,0,0,0,0,0,0,0,-32307,0,0,0,0,0,89285,0
89086,912,8060,580,98,-27,120,12918,-3,-2,81,24,37042,127,29,144,0,0,0,0,0,0,0,0,-32307,0,0,0,0,0,89290,0
89091,930,8034,582,100,-23,120,12918,2,-1,81,24,37042,127,29,144,0,0,0,0,0,0,0,0,-32307,0,0,0,0,0,89296,0
89096,940,8086,598,102,-21,134,12918,-6,-4,80,24,37039,128,29,144,0,0,0,0,0,0,0,0,-32307,0,0,0,0,0,89301,0
89101,960,8068,602,101,-16,138,12918,2,3,80,24,37039,128,29,144,0,0,0,0,0,0,0,0,-32306,0,0,0,0,0,89307,0
89106,938,8040,598,100,-12,141,12918,-3,-1,81,16,37039,123,29,144,0,0,0,0,0,0,0,0,-32307,0,0,0,0,0,89313,0
89111,966,8074,600,102,-6,148,12918,0,3,82,24,37039,123,29,144,0,0,0,0,0,0,0,0,-32307,0,0,0,0,0,89318,0
89116,950,8008,582,104,-2,155,12918,1,-1,83,16,37040,125,29,144,0,0,0,0,0,0,0,0,-32307,0,0,0,0,0,89323,0
89121,978,8000,618,107,4,165,12919,5,2,84,24,37040,125,29,144,0,0,0,0,0,0,0,0,-32307,0,0,0,0,0,89329,0
89126,988,8028,602,111,4,170,12919,1,0,83,24,37041,124,29,144,0,0,0,0,0,0,0,0,-32307,0,0,0,0,0,89334,0
89131,996,8030,580,111,13,177,12919,-2,1,83,24,37041,124,29,144,0,0,0,0,0,0,0,0,-32307,0,0,0,0,0,89340,0
89136,1026,8040,582,119,22,185,12920,0,-1,82,24,37042,122,29,144,0,0,0,0,0,0,0,0,-32307,0,0,0,0,0,89346,0
89141,1026,8042,610,118,24,183,12920,8,-1,81,24,37042,122,29,144,0,0,0,0,0,0,0,0,-32307,0,0,0,0,0,89351,0
89146,1046,8050,626,124,29,191,12920,1,1,81,32,37040,119,29,144,0,0,0,0,0,0,0,0,-32307,0,0,0,0,0,89356,0
89151,1044,8078,566,125,33,196,12921,2,-3,80,24,37040,119,29,144,0,0,0,0,0,0,0,0,-32307,0,0,0,0,0,89362,0
89156,1048,8072,602,131,42,201,12922,1,5,79,24,37040,121,29,144,0,0,0,0,0,0,0,0,-32307,0,0,0,0,0,89367,0
89161,1084,8102,596,138,49,208,12926,18,7,80,24,37040,121,29,144,0,0,0,0,0,0,0,0,-32306,0,0,0,0,0,89373,0
89166,1102,8104,580,138,49,205,12928,20,3,80,32,37044,127,29,144,0,0,0,0,0,0,0,0,-32307,0,0,0,0,0,89378,0
89171,1148,8126,606,144,55,213,12937,40,22,81,48,37044,127,29,144,0,0,0,0,0,0,0,0,-32307,0,0,0,0,0,89384,0
89176,1238,8104,610,151,60,201,12957,92,42,74,72,37044,134,29,144,0,0,0,0,0,0,0,0,-32307,0,0,0,0,0,89389,0
89181,1232,8110,602,158,68,187,12985,119,87,75,64,37044,134,29,144,0,0,0,0,0,0,0,0,-32307,0,0,0,0,0,89395,0
89186,1188,8082,588,160,65,173,13010,113,90,76,64,37044,128,29,144,0,0,0,0,0,0,0,0,-32306,0,0,0,0,0,89400,0
89191,1162,8096,610,161,70,171,13039,131,82,70,72,37044,128,29,144,0,0,0,0,0,0,0,0,-32307,0,0,0,0,0,89405,0
89196,1080,8042,584,161,78,161,13071,133,55,74,72,37042,127,29,144,0,0,0,0,0,0,0,0,-32307,0,0,0,0,0,89411,0
89201,1132,7994,608,163,78,170,13106,162,30,67,96,37042,127,29,144,0,0,0,0,0,0,0,0,-32307,0,0,0,0,0,89417,0
89206,1160,8036,618,170,76,169,13147,188,48,72,104,37039,125,29,144,0,0,0,0,0,0,0,0,-32306,0,0,0,0,0,89422,0
89211,1234,8086,630,170,83,167,13198,223,72,70,120,37039,125,29,144,0,0,0,0,0,0,0,0,-32307,0,0,0,0,0,89427,0
89216,1330,8138,636,171,84,141,13252,244,89,71,120,37037,129,29,144,0,0,0,0,0,0,0,0,-32307,0,0,0,0,0,89433,0
89221,1298,8144,636,177,90,126,13312,270,100,60,136,37037,129,29,144,0,0,0,0,0,0,0,0,-32307,0,0,0,0,0,89438,0
89226,1290,8094,626,175,89,111,13376,288,87,66,152,37036,134,29,144,0,0,0,0,0,0,0,0,-32307,0,0,0,0,0,89444,0
89231,1240,8138,644,178,90,97,13445,297,78,55,152,37036,134,29,144,0,0,0,0,0,0,0,0,-32307,0,0,0,0,0,89450,0
89236,1224,8066,638,174,97,99,13512,303,61,40,160,37037,133,29,144,0,0,0,0,0,0,0,0,-32307,0,0,0,0,0,89455,0
89241,1222,8094,658,174,97,100,13585,315,48,39,168,37037,133,29,144,0,0,0,0,0,0,0,0,-32306,0,0,0,0,0,89461,0
89246,1242,8110,678,173,95,102,13663,348,41,39,208,37041,131,29,144,0,0,0,0,0,0,0,0,-32307,0,0,0,0,0,89466,0
89251,1242,8130,684,174,96,107,13745,360,53,35,192,37041,131,29,144,0,0,0,0,0,0,0,0,-32306,0,0,0,0,0,89472,0
89256,1344,8200,686,175,99,107,13832,386,69,28,208,37040,120,29,144,0,0,0,0,0,0,0,0,-32307,0,0,0,0,0,89477,0
89261,1360,8210,676,170,95,99,13919,384,63,24,200,37040,120,29,144,0,0,0,0,0,0,0,0,-32307,0,0,0,0,0,89483,0
89266,1370,8188,714,174,102,91,14008,390,49,15,192,37039,119,29,144,0,0,0,0,0,0,0,0,-32306,0,0,0,0,0,89488,0
89271,1336,8178,674,172,102,88,14094,386,27,11,192,37039,119,29,144,0,0,0,0,0,0,0,0,-32307,0,0,0,0,0,89494,0
89276,1320,8068,682,173,94,95,14183,388,13,2,184,37038,113,29,144,0,0,0,0,0,0,0,0,-32307,0,0,0,0,0,89499,0
89281,1312,8044,688,169,96,107,14273,402,5,-1,208,37038,113,29,144,0,0,0,0,0,0,0,0,-32307,0,0,0,0,0,89505,0
89286,1376,7970,664,171,101,114,14365,406,14,-3,216,37039,117,29,144,0,0,0,0,0,0,0,0,-32307,0,0,0,0,0,89510,0
89291,1388,7994,682,166,97,117,14457,410,19,-6,192,37039,117,29,144,0,0,0,0,0,0,0,0,-32307,0,0,0,0,0,89516,0
89296,1468,8022,686,166,107,120,14548,397,14,-18,192,37040,119,29,144,0,0,0,0,0,0,0,0,-32307,0,0,0,0,0,89521,0
89301,1454,8034,690,162,106,121,14637,395,4,-25,176,37040,119,29,144,0,0,0,0,0,0,0,0,-32307,0,0,0,0,0,89526,0
89306,1478,8034,678,161,106,120,14726,397,-7,-29,184,37040,126,29,144,0,0,0,0,0,0,0,0,-32307,0,0,0,0,0,89532,0
89311,1512,8006,694,158,105,129,14817,399,-10,-27,160,37040,126,29,144,0,0,0,0,0,0,0,0,-32307,0,0,0,0,0,89538,0
89316,1496,8016,678,153,117,143,14904,382,-8,-41,152,37040,127,29,144,0,0,0,0,0,0,0,0,-32307,0,0,0,0,0,89543,0
89321,1488,7996,674,159,121,159,14990,380,-8,-48,160,37040,127,29,144,0,0,0,0,0,0,0,0,-32307,0,0,0,0,0,89548,0
89326,1490,7996,688,144,122,175,15074,374,-22,-49,152,37042,126,29,144,0,0,0,0,0,0,0,0,-32307,0,0,0,0,0,89554,0
89331,1540,7986,682,143,128,197,15164,393,-16,-53,168,37042,126,29,144,0,0,0,0,0,0,0,0,-32307,0,0,0,0,0,89559,0
89336,1634,7974,678,143,129,218,15253,396,1,-52,168,37042,124,29,144,0,0,0,0,0,0,0,0,-32307,0,0,0,0,0,89565,0
89341,1606,7984,690,136,130,233,15338,379,11,-64,128,37042,124,29,144,0,0,0,0,0,0,0,0,-32307,0,0,0,0,0,89570,0
89346,1596,7988,676,134,138,243,15420,357,-6,-71,128,37042,128,29,144,0,0,0,0,0,0,0,0,-32306,0,0,0,0,0,89576,0
89351,1564,7950,646,134,136,261,15502,350,-26,-79,136,37042,128,29,144,0,0,0,0,0,0,0,0,-32307,0,0,0,0,0,89581,0
89356,1616,7946,642,125,141,300,15583,364,-32,-78,144,37040,129,29,144,0,0,0,0,0,0,0,0,-32307,0,0,0,0,0,89587,0
89361,1640,7964,652,128,140,319,15663,357,-25,-77,120,37040,129,29,144,0,0,0,0,0,0,0,0,-32307,0,0,0,0,0,89593,0
89366,1648,7926,616,128,140,339,15741,339,-22,-85,120,37040,128,29,144,0,0,0,0,0,0,0,0,-32307,0,0,0,0,0,89598,0
89371,1636,7908,640,125,142,360,15814,318,-23,-91,88,37040,128,29,144,0,0,0,0,0,0,0,0,-32307,0,0,0,0,0,89603,0
89376,1520,7886,614,131,136,401,15882,303,-36,-105,104,37041,126,29,144,0,0,0,0,0,0,0,0,-32307,0,0,0,0,0,89609,0
89381,1560,7882,580,122,142,424,15952,305,-53,-102,104,37041,126,29,144,0,0,0,0,0,0,0,0,-32306,0,0,0,0,0,89614,0
89386,1582,7836,580,125,133,441,16017,290,-49,-106,96,37045,118,29,144,0,0,0,0,0,0,0,0,-32307,0,0,0,0,0,89620,0
89391,1640,7830,582,128,131,462,16083,291,-34,-109,80,37045,118,29,144,0,0,0,0,0,0,0,0,-32307,0,0,0,0,0,89625,0
89396,1596,7824,552,135,122,490,16141,258,-34,-115,64,37044,117,29,144,0,0,0,0,0,0,0,0,-32307,0,0,0,0,0,89631,0
89401,1556,7800,532,129,124,515,16192,225,-47,-125,32,37044,117,29,144,0,0,0,0,0,0,0,0,-32307,0,0,0,0,0,89636,0
89406,1514,7806,522,136,123,535,16239,200,-73,-122,40,37044,115,29,144,0,0,0,0,0,0,0,0,-32307,0,0,0,0,0,89642,0
89411,1484,7756,506,140,123,563,16278,176,-87,-126,40,37044,115,29,144,0,0,0,0,0,0,0,0,-32307,0,0,0,0,0,89647,0
89416,1596,7786,508,145,114,617,16314,156,-92,-124,16,37040,117,29,144,0,0,0,0,0,0,0,0,-32307,0,0,0,0,0,89653,0
89421,1672,7798,454,152,109,644,16347,149,-81,-126,24,37040,117,29,144,0,0,0,0,0,0,0,0,-32307,0,0,0,0,0,89659,0
89426,1708,7838,490,151,104,658,16375,113,-68,-122,0,37039,121,29,144,0,0,0,0,0,0,0,0,-32307,0,0,0,0,0,89664,0
89431,1678,7846,498,160,103,673,16397,94,-65,-124,8,37039,121,29,144,0,0,0,0,0,0,0,0,-32306,0,0,0,0,0,89669,0
89436,1694,7892,450,172,97,708,16419,89,-62,-122,0,37041,124,29,144,0,0,0,0,0,0,0,0,-32307,0,0,0,0,0,89675,0
89441,1690,7840,442,167,93,732,16435,65,-58,-115,-16,37041,124,29,144,0,0,0,0,0,0,0,0,-32307,0,0,0,0,0,89680,0
89446,1656,7846,470,179,94,748,16446,50,-64,-118,-24,37040,126,29,144,0,0,0,0,0,0,0,0,-32307,0,0,0,0,0,89686,0
89451,1558,7662,500,179,74,771,16461,68,-53,-127,-8,37040,126,29,144,0,0,0,0,0,0,0,0,-32307,0,0,0,0,0,89691,0
89456,1834,7798,452,184,72,795,16479,88,-26,-128,8,37042,128,29,144,0,0,0,0,0,0,0,0,-32307,0,0,0,0,0,89697,0
89461,1964,7994,500,188,74,794,16493,60,2,-118,-32,37042,128,29,144,0,0,0,0,0,0,0,0,-32307,0,0,0,0,0,89702,0
89466,1904,8078,498,193,75,798,16497,8,-8,-119,-40,37043,126,29,144,0,0,0,0,0,0,0,0,-32307,0,0,0,0,0,89708,0
89471,1670,8030,482,196,65,811,16497,2,-45,-126,-40,37043,126,29,144,0,0,0,0,0,0,0,0,-32307,0,0,0,0,0,89713,0
89476,1656,7902,398,195,56,861,16496,-7,-72,-126,-40,37042,126,29,144,0,0,0,0,0,0,0,0,-32307,0,0,0,0,0,89719,0
89481,1844,7908,436,198,46,885,16497,-1,-70,-125,-40,37042,126,29,144,0,0,0,0,0,0,0,0,-32307,0,0,0,0,0,89724,0
89486,1942,7948,474,205,45,897,16497,1,-30,-125,-40,37046,122,29,144,0,0,0,0,0,0,0,0,-32307,0,0,0,0,0,89730,0
89491,1992,7950,480,201,45,905,16498,4,-1,-124,-32,37046,122,29,144,0,0,0,0,0,0,0,0,-32307,0,0,0,0,0,89735,0
89496,1938,7958,502,206,41,910,16497,-3,-3,-125,-32,37046,120,29,144,0,0,0,0,0,0,0,0,-32307,0,0,0,0,0,89740,0
89501,1922,7944,478,203,38,914,16496,0,3,-125,-32,37046,120,29,144,0,0,0,0,0,0,0,0,-32307,0,0,0,0,0,89746,0
89506,1884,7886,458,204,27,921,16497,-1,1,-126,-32,37046,120,29,144,0,0,0,0,0,0,0,0,-32307,0,0,0,0,0,89751,0
89511,1864,7854,470,207,25,934,16497,2,-2,-122,-40,37046,120,29,144,0,0,0,0,0,0,0,0,-32307,0,0,0,0,0,89757,0
89516,1958,7806,512,203,11,958,16496,-3,5,-124,-32,37041,125,29,144,0,0,0,0,0,0,0,0,-32307,0,0,0,0,0,89762,0
89521,1954,7822,500,201,-3,972,16498,0,-3,-124,-32,37041,125,29,144,0,0,0,0,0,0,0,0,-32306,0,0,0,0,0,89768,0
89526,1966,7848,492,198,-8,985,16496,-4,0,-127,-40,37041,128,29,144,0,0,0,0,0,0,0,0,-32307,0,0,0,0,0,89773,0
89531,1968,7850,474,199,-20,992,16496,0,1,-124,-32,37041,128,29,144,0,0,0,0,0,0,0,0,-32307,0,0,0,0,0,89778,0
89536,1996,7900,476,194,-56,1002,16497,-1,-4,-124,-32,37042,123,29,144,0,0,0,0,0,0,0,0,-32307,0,0,0,0,0,89784,0
89541,2044,7902,468,193,-72,1015,16497,5,3,-125,-32,37042,123,29,144,0,0,0,0,0,0,0,0,-32307,0,0,0,0,0,89789,0
89546,2068,7920,520,193,-76,1016,16496,1,1,-124,-40,37041,123,29,144,0,0,0,0,0,0,0,0,-32307,0,0,0,0,0,89795,0
89551,2108,7888,522,189,-85,1026,16497,0,0,-123,-24,37041,123,29,144,0,0,0,0,0,0,0,0,-32307,0,0,0,0,0,89801,0
89556,2228,7894,538,190,-82,1040,16498,-1,-6,-123,-32,37041,121,29,144,0,0,0,0,0,0,0,0,-32307,0,0,0,0,0,89806,0
89561,2240,7908,544,195,-75,1041,16498,4,2,-122,-40,37041,121,29,144,0,0,0,0,0,0,0,0,-32307,0,0,0,0,0,89811,0
89566,2320,7898,558,192,-65,1055,16496,0,0,-125,-32,37040,123,29,144,0,0,0,0,0,0,0,0,-32307,0,0,0,0,0,89817,0
89571,2378,7886,588,192,-47,1060,16497,-5,-2,-125,-32,37040,123,29,144,0,0,0,0,0,0,0,0,-32307,0,0,0,0,0,89822,0
89576,2410,7870,606,191,-17,1075,16496,3,2,-125,-40,37041,126,29,144,0,0,0,0,0,0,0,0,-32307,0,0,0,0,0,89827,0
89581,2458,7888,590,189,-5,1088,16498,4,4,-125,-40,37041,126,29,144,0,0,0,0,0,0,0,0,-32307,0,0,0,0,0,89833,0
89586,2490,7902,608,182,7,1094,16497,0,1,-125,-32,37041,118,29,144,0,0,0,0,0,0,0,0,-32307,0,0,0,0,0,89839,0
89591,2500,7936,598,190,20,1103,16497,-1,1,-126,-32,37041,118,29,144,0,0,0,0,0,0,0,0,-32307,0,0,0,0,0,89844,0
89596,2516,7962,604,182,44,1121,16498,3,4,-124,-40,37046,118,29,144,0,0,0,0,0,0,0,0,-32307,0,0,0,0,0,89849,0
89601,2562,7948,604,182,49,1134,16497,-2,-4,-124,-40,37046,118,29,144,0,0,0,0,0,0,0,0,-32307,0,0,0,0,0,89855,0
89606,2530,7958,594,187,52,1142,16497,-3,0,-124,-32,37046,121,29,144,0,0,0,0,0,0,0,0,-32307,0,0,0,0,0,89860,0
89611,2542,7830,478,178,41,1154,16499,5,4,-124,-40,37046,121,29,144,0,0,0,0,0,0,0,0,-32307,0,0,0,0,0,89865,0
89616,2530,8056,566,182,38,1185,16497,0,-4,-125,-32,37046,130,29,144,0,0,0,0,0,0,0,0,-32307,0,0,0,0,0,89871,0
89621,2540,8112,534,181,36,1195,16497,0,2,-125,-40,37046,130,29,144,0,0,0,0,0,0,0,0,-32307,0,0,0,0,0,89876,0
89626,2552,8070,526,179,24,1209,16498,1,4,-126,-32,37041,131,29,144,0,0,0,0,0,0,0,0,-32307,0,0,0,0,0,89882,0
89631,2518,8032,552,179,12,1223,16497,2,0,-128,-40,37041,131,29,144,0,0,0,0,0,0,0,0,-32307,0,0,0,0,0,89887,0
89636,2538,8038,542,189,-16,1243,16497,-2,0,-126,-32,37042,129,29,144,0,0,0,0,0,0,0,0,-32307,0,0,0,0,0,89893,0
89641,2542,8084,538,187,-24,1261,16497,0,1,-125,-40,37042,129,29,144,0,0,0,0,0,0,0,0,-32307,0,0,0,0,0,89898,0
89646,2544,8052,510,191,-35,1274,16499,5,5,-123,-40,37040,127,29,144,0,0,0,0,0,0,0,0,-32307,0,0,0,0,0,89903,0
89651,2532,8086,534,195,-48,1286,16497,-3,-5,-124,-32,37040,127,29,144,0,0,0,0,0,0,0,0,-32307,0,0,0,0,0,89909,0
89656,2494,8096,568,210,-76,1309,16498,1,-2,-123,-32,37040,125,29,144,0,0,0,0,0,0,0,0,-32306,0,0,0,0,0,89914,0
89661,2484,8098,560,206,-88,1320,16497,-1,-2,-125,-40,37040,125,29,144,0,0,0,0,0,0,0,0,-32307,0,0,0,0,0,89920,0
89666,2514,8074,536,212,-105,1324,16497,-3,-2,-126,-32,37040,126,29,144,0,0,0,0,0,0,0,0,-32307,0,0,0,0,0,89925,0
89671,2488,8076,566,212,-118,1336,16499,6,7,-125,-32,37040,126,29,144,0,0,0,0,0,0,0,0,-32307,0,0,0,0,0,89931,0
89676,2444,8068,562,225,-140,1347,16498,1,0,-126,-40,37040,123,29,144,0,0,0,0,0,0,0,0,-32307,0,0,0,0,0,89936,0
89681,2422,8036,580,225,-152,1350,16498,-2,2,-126,-32,37040,123,29,144,0,0,0,0,0,0,0,0,-32307,0,0,0,0,0,89942,0
89686,2440,8058,584,225,-170,1354,16497,-2,1,-125,-32,37039,123,29,144,0,0,0,0,0,0,0,0,-32307,0,0,0,0,0,89947,0
89691,2446,8070,592,232,-180,1353,16497,-1,0,-125,-40,37039,123,29,144,0,0,0,0,0,0,0,0,-32307,0,0,0,0,0,89952,0
89696,2420,8094,634,237,-196,1348,16499,5,4,-126,-32,37040,123,29,144,0,0,0,0,0,0,0,0,-32307,0,0,0,0,0,89959,0
89701,2414,8084,656,234,-197,1351,16497,-2,1,-124,-32,37040,123,29,144,0,0,0,0,0,0,0,0,-32307,0,0,0,0,0,89964,0
89706,2424,8068,676,228,-202,1341,16499,5,1,-123,-32,37037,129,29,144,0,0,0,0,0,0,0,0,-32307,0,0,0,0,0,89970,0
89711,2380,8028,692,230,-206,1339,16497,4,3,-125,-40,37037,129,29,144,0,0,0,0,0,0,0,0,-32307,0,0,0,0,0,89976,0
89716,2328,7984,716,233,-209,1324,16497,-8,0,-125,-40,37035,134,29,144,0,0,0,0,0,0,0,0,-32307,0,0,0,0,0,89981,0
89721,2314,7902,742,225,-208,1318,16498,6,5,-125,-32,37035,134,29,144,0,0,0,0,0,0,0,0,-32307,0,0,0,0,0,89987,0
89726,2292,7838,770,224,-210,1309,16498,6,-3,-126,-40,37036,123,29,144,0,0,0,0,0,0,0,0,-32307,0,0,0,0,0,89992,0
89731,2270,7778,750,223,-200,1297,16497,-3,0,-125,-32,37036,123,29,144,0,0,0,0,0,0,0,0,-32307,0,0,0,0,0,89998,0
89736,2292,7668,792,208,-203,1275,16498,9,4,-124,-32,37036,120,29,144,0,0,0,0,0,0,0,0,-32307,0,0,0,0,0,90003,0
89741,2254,7646,760,209,-199,1257,16497,-2,-1,-124,-32,37036,120,29,144,0,0,0,0,0,0,0,0,-32307,0,0,0,0,0,90009,0
89746,2232,7614,800,205,-195,1239,16498,0,3,-124,-40,37041,115,29,144,0,0,0,0,0,0,0,0,-32306,0,0,0,0,0,90014,0
89751,2240,7552,758,194,-198,1229,16498,1,2,-124,-32,37041,115,29,144,0,0,0,0,0,0,0,0,-32307,0,0,0,0,0,90019,0
89756,2196,7540,746,181,-189,1202,16497,0,1,-124,-32,37042,122,29,144,0,0,0,0,0,0,0,0,-32307,0,0,0,0,0,90025,0
89761,2176,7534,706,171,-200,1181,16497,-2,1,-124,-40,37042,122,29,144,0,0,0,0,0,0,0,0,-32307,0,0,0,0,0,90030,0
89766,2134,7510,734,168,-202,1173,16499,1,1,-125,-40,37042,126,29,144,0,0,0,0,0,0,0,0,-32307,0,0,0,0,0,90036,0
89771,2118,7474,686,168,-201,1163,16498,5,-1,-127,-40,37042,126,29,144,0,0,0,0,0,0,0,0,-32307,0,0,0,0,0,90041,0
89776,2114,7516,650,163,-211,1141,16497,0,-1,-126,-32,37039,125,29,144,0,0,0,0,0,0,0,0,-32307,0,0,0,0,0,90047,0
89781,2112,7518,606,161,-216,1131,16498,0,-1,-126,-32,37039,125,29,144,0,0,0,0,0,0,0,0,-32307,0,0,0,0,0,90052,0
89786,2088,7528,598,158,-226,1123,16497,-1,1,-124,-40,37038,123,29,144,0,0,0,0,0,0,0,0,-32307,0,0,0,0,0,90057,0
89791,2042,7540,568,155,-235,1117,16497,0,-1,-124,-40,37038,123,29,144,0,0,0,0,0,0,0,0,-32307,0,0,0,0,0,90063,0
89796,1984,7530,536,159,-254,1108,16499,7,3,-124,-40,37041,123,29,144,0,0,0,0,0,0,0,0,-32307,0,0,0,0,0,90069,0
89801,1962,7526,508,161,-253,1105,16496,-5,-3,-122,-32,37041,123,29,144,0,0,0,0,0,0,0,0,-32307,0,0,0,0,0,90074,0
89806,1900,7514,512,167,-260,1102,16498,9,5,-123,-32,37045,125,29,144,0,0,0,0,0,0,0,0,-32307,0,0,0,0,0,90079,0
89811,1912,7522,496,164,-270,1100,16497,6,0,-123,-40,37045,125,29,144,0,0,0,0,0,0,0,0,-32307,0,0,0,0,0,90085,0
89816,1874,7516,460,173,-275,1083,16498,3,5,-124,-32,37045,128,29,144,0,0,0,0,0,0,0,0,-32307,0,0,0,0,0,90090,0
89821,1850,7470,472,171,-285,1077,16497,-1,4,-125,-32,37045,128,29,144,0,0,0,0,0,0,0,0,-32307,0,0,0,0,0,90096,0
89826,1828,7428,478,178,-278,1066,16497,-2,1,-125,-40,37044,124,29,144,0,0,0,0,0,0,0,0,-32307,0,0,0,0,0,90102,0
89831,1788,7392,452,176,-280,1051,16498,5,1,-124,-40,37044,124,29,144,0,0,0,0,0,0,0,0,-32307,0,0,0,0,0,90107,0
89836,1766,7320,436,177,-280,1020,16497,7,1,-126,-32,37038,123,29,144,0,0,0,0,0,0,0,0,-32307,0,0,0,0,0,90113,0
89841,1796,7314,418,177,-276,999,16497,3,3,-126,-40,37038,123,29,144,0,0,0,0,0,0,0,0,-32307,0,0,0,0,0,90118,0
89846,1772,7308,408,176,-271,979,16497,5,2,-124,-40,37040,119,29,144,0,0,0,0,0,0,0,0,-32307,0,0,0,0,0,90124,0
89851,1778,7324,410,171,-269,958,16497,-9,-2,-125,-40,37040,119,29,144,0,0,0,0,0,0,0,0,-32307,0,0,0,0,0,90128,0
89856,1788,7324,416,173,-248,906,16497,3,1,-125,-40,37040,120,29,144,0,0,0,0,0,0,0,0,-32307,0,0,0,0,0,90134,0
89861,1784,7344,400,177,-243,882,16496,-4,-4,-124,-32,37040,120,29,144,0,0,0,0,0,0,0,0,-32307,0,0,0,0,0,90140,0
89866,1782,7360,404,179,-242,858,16496,-1,-2,-126,-32,37040,126,29,144,0,0,0,0,0,0,0,0,-32307,0,0,0,0,0,90145,0
89871,1792,7370,388,172,-230,828,16497,2,-1,-125,-32,37040,126,29,144,0,0,0,0,0,0,0,0,-32306,0,0,0,0,0,90150,0
89876,1802,7406,400,179,-217,772,16496,-1,2,-126,-40,37039,125,29,144,0,0,0,0,0,0,0,0,-32307,0,0,0,0,0,90156,0
89881,1848,7452,356,177,-207,749,16498,7,0,-125,-40,37039,125,29,144,0,0,0,0,0,0,0,0,-32307,0,0,0,0,0,90161,0
89886,1840,7434,360,174,-204,720,16496,-5,-2,-124,-40,37039,124,29,144,0,0,0,0,0,0,0,0,-32307,0,0,0,0,0,90166,0
89891,1750,7330,380,187,-206,696,16496,-2,0,-125,-32,37039,124,29,144,0,0,0,0,0,0,0,0,-32307,0,0,0,0,0,90172,0
89896,1962,7422,380,181,-186,643,16497,0,1,-124,-40,37039,115,29,144,0,0,0,0,0,0,0,0,-32307,0,0,0,0,0,90178,0
89901,1994,7474,382,179,-179,611,16496,-8,-1,-124,-40,37039,115,29,144,0,0,0,0,0,0,0,0,-32307,0,0,0,0,0,90183,0
89906,2014,7462,282,179,-177,579,16496,-2,-4,-123,-40,37040,117,29,144,0,0,0,0,0,0,0,0,-32308,0,0,0,0,0,90189,0
89911,2034,7598,432,182,-170,557,16496,-3,-1,-123,-40,37040,117,29,144,0,0,0,0,0,0,0,0,-32307,0,0,0,0,0,90195,0
89916,2148,7710,308,177,-164,500,16498,5,2,-125,-40,37047,119,29,144,0,0,0,0,0,0,0,0,-32307,0,0,0,0,0,90200,0
89921,2224,7724,306,181,-158,482,16496,-1,-2,-125,-40,37047,119,29,144,0,0,0,0,0,0,0,0,-32307,0,0,0,0,0,90206,0
89926,2274,7700,306,182,-153,460,16497,-2,5,-125,-40,37046,120,29,144,0,0,0,0,0,0,0,0,-32306,0,0,0,0,0,90212,0
89931,2282,7688,354,176,-149,444,16496,-3,-4,-126,-40,37046,120,29,144,0,0,0,0,0,0,0,0,-32307,0,0,0,0,0,90217,0
89936,2372,7720,332,182,-134,416,16497,0,3,-125,-32,37043,120,29,144,0,0,0,0,0,0,0,0,-32307,0,0,0,0,0,90222,0
89941,2424,7688,330,185,-130,402,16495,-3,-2,-124,-32,37043,120,29,144,0,0,0,0,0,0,0,0,-32307,0,0,0,0,0,90228,0
89946,2440,7654,340,182,-128,387,16496,-5,0,-123,-32,37036,129,29,144,0,0,0,0,0,0,0,0,-32307,0,0,0,0,0,90233,0
89951,2460,7594,332,181,-123,369,16496,0,-1,-122,-32,37036,129,29,144,0,0,0,0,0,0,0,0,-32307,0,0,0,0,0,90239,0
89956,2514,7516,310,179,-114,338,16497,4,8,-126,-40,37040,130,29,144,0,0,0,0,0,0,0,0,-32306,0,0,0,0,0,90245,0
89961,2552,7496,338,178,-113,322,16497,1,3,-125,-40,37040,130,29,144,0,0,0,0,0,0,0,0,-32307,0,0,0,0,0,90250,0
89966,2544,7484,310,175,-112,301,16496,-3,1,-125,-40,37042,130,29,144,0,0,0,0,0,0,0,0,-32307,0,0,0,0,0,90255,0
89971,2564,7454,318,176,-105,285,16496,-5,-4,-125,-40,37042,130,29,144,0,0,0,0,0,0,0,0,-32307,0,0,0,0,0,90261,0
89976,2650,7440,348,179,-98,250,16496,-1,0,-126,-40,37044,124,29,144,0,0,0,0,0,0,0,0,-32307,0,0,0,0,0,90266,0
89981,2660,7480,338,162,-86,238,16498,4,-2,-125,-40,37044,124,29,144,0,0,0,0,0,0,0,0,-32307,0,0,0,0,0,90272,0
89986,2730,7470,322,162,-90,218,16499,6,1,-125,-32,37041,127,29,144,0,0,0,0,0,0,0,0,-32307,0,0,0,0,0,90277,0
89991,2734,7510,326,154,-80,206,16498,8,2,-125,-32,37041,127,29,144,0,0,0,0,0,0,0,0,-32307,0,0,0,0,0,90283,0
89996,2766,7496,316,142,-76,179,16496,-2,-4,-123,-32,37037,127,29,144,0,0,0,0,0,0,0,0,-32307,0,0,0,0,0,90288,0
90001,2660,7370,350,143,-72,170,16496,-5,-3,-123,-32,37037,127,29,144,0,0,0,0,0,0,0,0,-32307,0,0,0,0,0,90294,0
90006,2512,7090,334,131,-91,175,16497,2,-6,-123,-32,37036,125,29,144,0,0,0,0,0,0,0,0,-32307,0,0,0,0,0,90299,0
90011,2822,7316,402,129,-69,162,16496,0,2,-123,-32,37036,125,29,144,0,0,0,0,0,0,0,0,-32307,0,0,0,0,0,90305,0
90016,2930,7506,364,110,-45,129,16498,3,-1,-124,-40,37038,123,29,144,0,0,0,0,0,0,0,0,-32307,0,0,0,0,0,90310,0
90021,2858,7572,374,101,-37,105,16498,6,-2,-126,-32,37038,123,29,144,0,0,0,0,0,0,0,0,-32307,0,0,0,0,0,90316,0
90026,2802,7598,338,94,-36,100,16497,-2,2,-126,-40,37043,128,29,144,0,0,0,0,0,0,0,0,-32307,0,0,0,0,0,90321,0
90031,2796,7604,346,90,-36,96,16497,2,-3,-126,-40,37043,128,29,144,0,0,0,0,0,0,0,0,-32307,0,0,0,0,0,90327,0
90036,2898,7476,302,74,-38,101,16497,-2,-5,-125,-40,37043,125,29,144,0,0,0,0,0,0,0,0,-32307,0,0,0,0,0,90333,0
90041,2986,7456,330,78,-35,97,16497,1,-2,-125,-32,37043,125,29,144,0,0,0,0,0,0,0,0,-32306,0,0,0,0,0,90338,0
90046,2998,7466,302,66,-25,107,16498,2,-1,-124,-40,37043,125,29,144,0,0,0,0,0,0,0,0,-32307,0,0,0,0,0,90343,0
90051,3022,7478,274,67,-18,106,16498,0,-2,-125,-32,37043,125,29,144,0,0,0,0,0,0,0,0,-32307,0,0,0,0,0,90349,0
90056,3020,7510,232,64,-5,108,16498,-1,1,-124,-32,37039,122,29,144,0,0,0,0,0,0,0,0,-32307,0,0,0,0,0,90355,0
90061,2988,7522,208,51,-7,105,16497,-5,0,-125,-40,37039,122,29,144,0,0,0,0,0,0,0,0,-32307,0,0,0,0,0,90360,0
90066,2956,7528,218,57,-6,107,16499,5,-5,-126,-40,37040,120,29,144,0,0,0,0,0,0,0,0,-32307,0,0,0,0,0,90365,0
90071,2952,7536,204,62,-9,102,16498,3,0,-125,-40,37040,120,29,144,0,0,0,0,0,0,0,0,-32307,0,0,0,0,0,90371,0
90076,2926,7526,152,72,-8,104,16498,-1,1,-127,-40,37037,118,29,144,0,0,0,0,0,0,0,0,-32307,0,0,0,0,0,90376,0
90081,2952,7514,156,70,-10,110,16499,7,-1,-125,-40,37037,118,29,144,0,0,0,0,0,0,0,0,-32307,0,0,0,0,0,90382,0
90086,2932,7558,122,77,-8,106,16498,-3,-3,-126,-40,37037,118,29,144,0,0,0,0,0,0,0,0,-32307,0,0,0,0,0,90389,0
90091,2938,7550,100,85,0,104,16496,-12,-4,-124,-40,37037,118,29,144,0,0,0,0,0,0,0,0,-32307,0,0,0,0,0,90393,0
90096,2888,7444,74,101,-6,106,16499,1,-8,-124,-40,37037,120,29,144,0,0,0,0,0,0,0,0,-32306,0,0,0,0,0,90398,0
90101,2864,7422,76,112,-8,95,16498,1,0,-123,-40,37037,120,29,144,0,0,0,0,0,0,0,0,-32307,0,0,0,0,0,90403,0
90106,2864,7366,68,120,-10,90,16499,-1,4,-124,-32,37035,123,29,144,0,0,0,0,0,0,0,0,-32307,0,0,0,0,0,90409,0
90111,2804,7306,48,133,-17,86,16498,3,-2,-125,-32,37035,123,29,144,0,0,0,0,0,0,0,0,-32307,0,0,0,0,0,90415,0
90116,2758,7226,60,156,-26,70,16498,4,2,-124,-40,37040,126,29,144,0,0,0,0,0,0,0,0,-32307,0,0,0,0,0,90420,0
90121,2772,7202,42,152,-34,63,16497,-1,-1,-125,-32,37040,126,29,144,0,0,0,0,0,0,0,0,-32307,0,0,0,0,0,90425,0
90126,2766,7182,28,165,-40,51,16498,-4,0,-127,-40,37052,126,30,144,0,0,0,0,0,0,0,0,-32307,0,0,0,0,0,90431,0
90131,2750,7188,48,171,-48,41,16498,-5,-2,-127,-32,37052,126,30,144,0,0,0,0,0,0,0,0,-32307,0,0,0,0,0,90437,0
90136,2792,7302,70,180,-68,17,16498,1,-1,-127,-32,37067,137,29,144,0,0,0,0,0,0,0,0,-32307,0,0,0,0,0,90442,0
90141,2760,7322,84,175,-69,7,16498,-7,-2,-128,-40,37067,137,29,144,0,0,0,0,0,0,0,0,-32307,0,0,0,0,0,90448,0
90146,2798,7388,102,192,-70,-2,16498,0,-1,-122,-40,37068,138,29,144,0,0,0,0,0,0,0,0,-32307,0,0,0,0,0,90453,0
90151,2786,7488,104,188,-74,-16,16498,-1,0,-123,-40,37068,138,29,144,0,0,0,0,0,0,0,0,-32306,0,0,0,0,0,90458,0
90156,2782,7542,128,190,-83,-30,16497,-4,3,-124,-32,37057,142,29,144,0,0,0,0,0,0,0,0,-32307,0,0,0,0,0,90464,0
90161,2772,7532,164,195,-86,-31,16498,-3,-1,-124,-32,37057,142,29,144,0,0,0,0,0,0,0,0,-32307,0,0,0,0,0,90469,0
90166,2728,7520,156,196,-91,-35,16498,-2,4,-124,-40,37043,139,29,144,0,0,0,0,0,0,0,0,-32307,0,0,0,0,0,90475,0
90171,2708,7512,164,188,-100,-42,16498,1,-1,-126,-32,37043,139,29,144,0,0,0,0,0,0,0,0,-32308,0,0,0,0,0,90480,0
90176,2684,7474,154,197,-108,-55,16498,0,-2,-126,-40,37039,131,29,144,0,0,0,0,0,0,0,0,-32308,0,0,0,0,0,90486,0
90181,2680,7438,182,186,-115,-65,16498,-2,3,-126,-32,37039,131,29,144,0,0,0,0,0,0,0,0,-32307,0,0,0,0,0,90491,0
90186,2656,7422,174,194,-114,-84,16498,0,-1,-126,-32,37039,130,29,144,0,0,0,0,0,0,0,0,-32307,0,0,0,0,0,90496,0
90191,2636,7408,180,186,-118,-99,16498,-5,0,-125,-32,37039,130,29,144,0,0,0,0,0,0,0,0,-32307,0,0,0,0,0,90502,0
90196,2588,7426,146,189,-125,-132,16498,1,-2,-123,-40,37040,129,29,144,0,0,0,0,0,0,0,0,-32307,0,0,0,0,0,90507,0
90201,2572,7482,132,183,-130,-149,16498,3,0,-125,-32,37040,129,29,144,0,0,0,0,0,0,0,0,-32307,0,0,0,0,0,90513,0
90206,2522,7544,112,182,-133,-168,16497,0,0,-125,-40,37041,131,29,144,0,0,0,0,0,0,0,0,-32306,0,0,0,0,0,90518,0
90211,2528,7594,106,180,-130,-185,16498,4,1,-124,-40,37041,131,29,144,0,0,0,0,0,0,0,0,-32307,0,0,0,0,0,90523,0
90216,2520,7698,56,174,-134,-220,16497,0,0,-123,-32,37043,121,29,144,0,0,0,0,0,0,0,0,-32307,0,0,0,0,0,90529,0
90221,2518,7716,40,175,-134,-245,16498,0,3,-124,-32,37043,121,29,144,0,0,0,0,0,0,0,0,-32307,0,0,0,0,0,90535,0
90226,2536,7766,58,178,-137,-267,16497,-2,-1,-125,-32,37042,113,29,144,0,0,0,0,0,0,0,0,-32307,0,0,0,0,0,90540,0
90231,2516,7822,34,171,-133,-288,16499,0,-2,-124,-40,37042,113,29,144,0,0,0,0,0,0,0,0,-32307,0,0,0,0,0,90545,0
90236,2474,7668,48,178,-128,-325,16498,0,-1,-124,-32,37042,122,29,144,0,0,0,0,0,0,0,0,-32307,0,0,0,0,0,90551,0
90241,2530,7698,50,181,-126,-337,16498,0,6,-125,-32,37042,122,29,144,0,0,0,0,0,0,0,0,-32307,0,0,0,0,0,90556,0
90246,2564,7750,38,176,-109,-352,16498,1,0,-125,-32,37041,129,29,144,0,0,0,0,0,0,0,0,-32307,0,0,0,0,0,90562,0
90251,2606,7774,6,179,-100,-375,16497,-1,-4,-125,-40,37041,129,29,144,0,0,0,0,0,0,0,0,-32307,0,0,0,0,0,90567,0
90256,2680,7872,-4,190,-69,-419,16498,-1,3,-125,-32,37042,130,29,144,0,0,0,0,0,0,0,0,-32307,0,0,0,0,0,90573,0
90261,2618,7822,-12,189,-56,-439,16498,-2,-3,-125,-40,37042,130,29,144,0,0,0,0,0,0,0,0,-32307,0,0,0,0,0,90578,0
90266,2614,7724,-26,202,-44,-466,16498,8,4,-123,-40,37038,126,29,144,0,0,0,0,0,0,0,0,-32307,0,0,0,0,0,90583,0
90271,2612,7700,-14,201,-38,-481,16497,0,1,-123,-40,37038,126,29,144,0,0,0,0,0,0,0,0,-32307,0,0,0,0,0,90589,0
90276,2576,7598,-24,217,-8,-508,16497,-3,0,-125,-48,37039,130,29,144,0,0,0,0,0,0,0,0,-32307,0,0,0,0,0,90594,0
90281,2568,7558,-14,220,3,-523,16498,0,2,-127,-32,37039,130,29,144,0,0,0,0,0,0,0,0,-32307,0,0,0,0,0,90600,0
90286,2534,7500,0,232,15,-536,16497,-11,0,-126,-32,37039,135,29,144,0,0,0,0,0,0,0,0,-32307,0,0,0,0,0,90605,0
90291,2512,7490,-8,235,24,-554,16497,-7,0,-126,-32,37039,135,29,144,0,0,0,0,0,0,0,0,-32307,0,0,0,0,0,90611,0
90296,2728,8030,78,251,43,-579,16498,-4,-3,-126,-40,37037,131,29,144,0,0,0,0,0,0,0,0,-32307,0,0,0,0,0,90616,0
90301,4324,8966,834,184,49,-357,16497,-7,1,-124,-32,37037,131,29,144,0,0,0,0,0,0,0,0,-32307,0,0,0,0,0,90621,0
90306,4810,9186,1186,162,85,-299,16494,-11,-6,-123,-40,37038,131,29,144,0,0,0,0,0,0,0,0,-32307,0,0,0,0,0,90627,0
90311,5656,9612,2100,116,121,6,16487,-35,-14,-121,-48,37038,131,29,144,0,0,0,0,0,0,0,0,-32307,0,0,0,0,0,90632,0
90316,4430,9694,1758,68,199,-92,16483,-23,-21,-125,-40,37039,133,29,144,0,0,0,0,0,0,0,0,-32307,0,0,0,0,0,90638,0
90321,4048,9768,1646,25,185,-200,16482,-4,-10,-123,-32,37039,133,29,144,0,0,0,0,0,0,0,0,-32307,0,0,0,0,0,90644,0
90326,3668,9818,1450,-23,165,-338,16481,4,11,-123,-32,37038,145,29,144,0,0,0,0,0,0,0,0,-32307,0,0,0,0,0,90649,0
90331,3720,9564,784,-17,140,-347,16482,3,20,-125,-32,37038,145,29,144,0,0,0,0,0,0,0,0,-32307,0,0,0,0,0,90654,0
90336,3536,9046,148,-2,113,-337,16483,1,21,-125,-32,37037,129,29,144,0,0,0,0,0,0,0,0,-32307,0,0,0,0,0,90660,0
90341,3272,8656,-180,19,112,-376,16482,1,12,-122,-32,37037,129,29,144,0,0,0,0,0,0,0,0,-32307,0,0,0,0,0,90665,0
90346,3100,8544,-354,56,120,-411,16481,-2,5,-122,-32,37045,126,29,144,0,0,0,0,0,0,0,0,-32307,0,0,0,0,0,90670,0
90351,2964,8442,-302,72,124,-411,16482,0,-5,-124,-32,37045,126,29,144,0,0,0,0,0,0,0,0,-32307,0,0,0,0,0,90676,0
90356,2792,8198,28,107,171,-397,16483,4,-1,-122,-32,37047,124,29,144,0,0,0,0,0,0,0,0,-32307,0,0,0,0,0,90681,0
90361,2690,8084,238,111,185,-398,16481,-1,3,-123,-40,37047,124,29,144,0,0,0,0,0,0,0,0,-32307,0,0,0,0,0,90687,0
90366,2734,7918,462,116,196,-399,16483,-1,-4,-124,-32,37046,133,29,144,0,0,0,0,0,0,0,0,-32307,0,0,0,0,0,90692,0
90371,2802,7830,620,114,202,-398,16482,5,-2,-123,-32,37046,133,29,144,0,0,0,0,0,0,0,0,-32307,0,0,0,0,0,90698,0
90376,2984,7706,758,107,206,-396,16481,-3,3,-127,-32,37037,136,29,144,0,0,0,0,0,0,0,0,-32307,0,0,0,0,0,90703,0
90381,3072,7626,716,118,203,-404,16483,-1,-5,-126,-32,37037,136,29,144,0,0,0,0,0,0,0,0,-32307,0,0,0,0,0,90709,0
90386,3054,7544,596,121,202,-412,16481,-2,0,-122,-32,37037,132,29,144,0,0,0,0,0,0,0,0,-32307,0,0,0,0,0,90714,0
90391,3142,7526,502,128,195,-416,16480,-4,3,-121,-32,37037,132,29,144,0,0,0,0,0,0,0,0,-32307,0,0,0,0,0,90719,0
90396,3252,7430,330,152,181,-429,16482,-1,-5,-123,-48,37040,122,29,144,0,0,0,0,0,0,0,0,-32307,0,0,0,0,0,90725,0
90401,3206,7338,338,163,183,-435,16481,-3,1,-123,-32,37040,122,29,144,0,0,0,0,0,0,0,0,-32307,0,0,0,0,0,90731,0
90406,3216,7326,350,166,184,-438,16481,-3,3,-123,-40,37042,123,29,144,0,0,0,0,0,0,0,0,-32307,0,0,0,0,0,90737,0
90411,3184,7332,406,179,174,-440,16482,0,0,-123,-32,37042,123,29,144,0,0,0,0,0,0,0,0,-32307,0,0,0,0,0,90741,0
90416,3068,7300,440,188,178,-460,16481,-1,0,-123,-40,37039,120,29,144,0,0,0,0,0,0,0,0,-32307,0,0,0,0,0,90747,0
90421,3006,7280,522,192,178,-456,16481,2,1,-125,-32,37039,120,29,144,0,0,0,0,0,0,0,0,-32306,0,0,0,0,0,90753,0
90426,3022,7334,472,203,176,-453,16482,-3,-6,-124,-32,37036,122,29,144,0,0,0,0,0,0,0,0,-32307,0,0,0,0,0,90758,0
90431,2924,7304,444,202,173,-463,16480,3,-4,-124,-32,37036,122,29,144,0,0,0,0,0,0,0,0,-32307,0,0,0,0,0,90763,0
90436,2838,7310,356,209,164,-459,16480,-2,2,-125,-32,37035,120,29,144,0,0,0,0,0,0,0,0,-32307,0,0,0,0,0,90769,0
90441,2798,7350,280,209,155,-454,16480,-3,-4,-124,-32,37035,120,29,144,0,0,0,0,0,0,0,0,-32307,0,0,0,0,0,90774,0
90446,2788,7356,216,219,155,-455,16480,0,-1,-122,-40,37045,125,29,144,0,0,0,0,0,0,0,0,-32307,0,0,0,0,0,90779,0
90451,2732,7420,158,214,156,-451,16479,0,1,-120,-40,37045,125,29,144,0,0,0,0,0,0,0,0,-32307,0,0,0,0,0,90785,0
90456,2730,7476,128,220,151,-448,16479,0,-4,-124,-24,37050,132,29,144,0,0,0,0,0,0,0,0,-32307,0,0,0,0,0,90791,0
90461,2682,7516,74,225,159,-446,16479,0,2,-121,-32,37050,132,29,144,0,0,0,0,0,0,0,0,-32307,0,0,0,0,0,90796,0
90466,2658,7600,66,221,156,-438,16478,1,-2,-122,-32,37051,135,29,144,0,0,0,0,0,0,0,0,-32307,0,0,0,0,0,90802,0
90471,2584,7622,78,215,156,-437,16478,6,0,-122,-32,37051,135,29,144,0,0,0,0,0,0,0,0,-32307,0,0,0,0,0,90807,0
90476,2574,7692,-28,206,159,-431,16476,0,0,-126,-32,37043,132,29,144,0,0,0,0,0,0,0,0,-32307,0,0,0,0,0,90812,0
90481,2578,7670,-90,198,151,-424,16476,-7,-1,-125,-40,37043,132,29,144,0,0,0,0,0,0,0,0,-32307,0,0,0,0,0,90818,0
90486,2552,7682,-118,194,149,-419,16476,-5,-1,-124,-40,37039,127,29,144,0,0,0,0,0,0,0,0,-32307,0,0,0,0,0,90824,0
90491,2550,7712,-150,186,145,-423,16476,3,2,-124,-32,37039,127,29,144,0,0,0,0,0,0,0,0,-32307,0,0,0,0,0,90829,0
90496,2526,7720,-248,167,146,-409,16477,0,-1,-122,-32,37038,129,29,144,0,0,0,0,0,0,0,0,-32307,0,0,0,0,0,90835,0
90501,2526,7738,-270,156,148,-407,16477,0,-3,-122,-24,37038,129,29,144,0,0,0,0,0,0,0,0,-32307,0,0,0,0,0,90840,0
90506,2574,7734,-310,148,152,-407,16475,2,3,-123,-32,37039,133,29,144,0,0,0,0,0,0,0,0,-32307,0,0,0,0,0,90846,0
90511,2648,7786,-322,137,157,-402,16472,-2,-6,-123,-40,37039,133,29,144,0,0,0,0,0,0,0,0,-32307,0,0,0,0,0,90851,0
90516,2812,7802,-418,114,169,-409,16470,-5,-12,-122,-40,37040,131,29,144,0,0,0,0,0,0,0,0,-32307,0,0,0,0,0,90857,0
90521,2966,7834,-378,107,179,-413,16466,-13,-13,-122,-48,37040,131,29,144,0,0,0,0,0,0,0,0,-32307,0,0,0,0,0,90862,0
90526,3032,7856,-402,91,186,-417,16460,-22,-11,-121,-48,37040,130,29,144,0,0,0,0,0,0,0,0,-32307,0,0,0,0,0,90867,0
90531,3094,7872,-386,81,201,-429,16454,-22,-14,-123,-48,37040,130,29,144,0,0,0,0,0,0,0,0,-32307,0,0,0,0,0,90873,0
90536,3054,7824,-350,59,213,-443,16439,-54,-29,-122,-72,37039,123,29,144,0,0,0,0,0,0,0,0,-32307,0,0,0,0,0,90879,0
90541,2938,7770,-328,55,231,-444,16411,-132,-61,-109,-104,37039,123,29,144,0,0,0,0,0,0,0,0,-32307,0,0,0,0,0,90884,0
90546,2754,7688,-298,41,238,-439,16369,-195,-122,-117,-128,37040,128,29,144,0,0,0,0,0,0,0,0,-32307,0,0,0,0,0,90889,0
90551,2490,7552,-284,25,248,-434,16309,-263,-172,-122,-184,37040,128,29,144,0,0,0,0,0,0,0,0,-32307,0,0,0,0,0,90895,0
90556,2108,7368,-212,6,269,-407,16240,-312,-209,-121,-232,37046,125,29,144,0,0,0,0,0,0,0,0,-32307,0,0,0,0,0,90900,0
90561,1932,7326,-198,4,282,-390,16157,-372,-221,-117,-296,37046,125,29,144,0,0,0,0,0,0,0,0,-32307,0,0,0,0,0,90906,0
90566,1852,7336,-162,-10,295,-370,16062,-425,-200,-110,-328,37047,129,29,144,0,0,0,0,0,0,0,0,-32307,0,0,0,0,0,90911,0
90571,1844,7324,-114,-9,305,-348,15958,-463,-187,-105,-384,37047,129,29,144,0,0,0,0,0,0,0,0,-32307,0,0,0,0,0,90917,0
90576,1908,7410,-36,-21,319,-314,15842,-514,-180,-100,-480,37047,134,29,144,0,0,0,0,0,0,0,0,-32307,0,0,0,0,0,90922,0
90581,2020,7466,-14,-27,311,-295,15742,-553,-168,-88,-592,37047,134,29,144,0,0,0,0,0,0,0,0,-32307,0,0,0,0,0,90928,0
90586,1996,7478,38,-31,314,-280,15601,-630,-177,-78,-744,37041,138,29,144,0,0,0,0,0,0,0,0,-32307,0,0,0,0,0,90933,0
90591,1974,7450,86,-41,313,-262,15443,-698,-201,-63,-888,37041,138,29,144,0,0,0,0,0,0,0,0,-32307,0,0,0,0,0,90938,0
90596,1638,6968,108,-45,315,-211,15269,-774,-233,-46,-1056,37039,130,29,144,0,0,0,0,0,0,0,0,-32307,0,0,0,0,0,90944,0
90601,1334,6560,86,-51,322,-175,15077,-862,-252,-41,-1216,37039,130,29,144,0,0,0,0,0,0,0,0,-32307,0,0,0,0,0,90949,0
90606,926,6088,16,-56,349,-124,14864,-947,-273,-19,-1416,37040,128,29,144,0,0,0,0,0,0,0,0,-32307,0,0,0,0,0,90955,0
90611,720,5886,28,-55,366,-71,14625,-1066,-307,2,-1680,37040,128,29,144,0,0,0,0,0,0,0,0,-32307,0,0,0,0,0,90961,0
90616,2636,7640,236,-23,363,-156,14352,-1214,-361,12,-2000,37039,125,29,144,0,0,0,0,0,0,0,0,-32307,0,0,0,0,0,90966,0
90621,7114,8500,676,-34,360,-410,14053,-1330,-401,9,-2152,37039,125,29,144,0,0,0,0,0,0,0,0,-32307,0,0,0,0,0,90972,0
90626,10850,8808,534,-47,355,-420,13749,-1331,-377,-2,-2000,37037,129,29,144,0,0,0,0,0,0,0,0,-32307,0,0,0,0,0,90977,0
90631,10086,7976,602,-49,378,-436,13461,-1264,-252,6,-1688,37037,129,29,144,0,0,0,0,0,0,0,0,-32307,0,0,0,0,0,90983,0
90636,3280,6330,448,-15,407,-536,13191,-1174,-48,39,-1400,37036,124,29,144,0,0,0,0,0,0,0,0,-32307,0,0,0,0,0,90988,0
90641,1034,7564,620,17,387,-569,12948,-1064,164,62,-1064,37036,124,29,144,0,0,0,0,0,0,0,0,-32307,0,0,0,0,0,90994,0
90646,780,8838,780,26,362,-586,12736,-908,311,67,-592,37036,121,29,144,0,0,0,0,0,0,0,0,-32307,0,0,0,0,0,90999,0
90651,1172,9346,860,20,334,-587,12572,-703,431,98,-184,37036,121,29,144,0,0,0,0,0,0,0,0,-32307,0,0,0,0,0,91005,0
90656,2240,8444,722,21,227,-612,12477,-387,604,273,16,37041,119,29,144,0,0,0,0,0,0,0,0,-32307,0,0,0,0,0,91010,0
90661,2670,7918,678,46,165,-632,12470,9,831,311,80,37041,119,29,144,0,0,0,0,0,0,0,0,-32307,0,0,0,0,0,91016,0
90666,2786,8014,770,65,115,-652,12519,232,987,134,192,37044,119,29,144,0,0,0,0,0,0,0,0,-32307,0,0,0,0,0,91021,0
90671,2642,8266,960,81,97,-661,12595,341,977,128,248,37044,119,29,144,0,0,0,0,0,0,0,0,-32306,0,0,0,0,0,91027,0
90676,2336,8546,1214,105,113,-691,12683,387,773,121,280,37041,122,29,144,0,0,0,0,0,0,0,0,-32307,0,0,0,0,0,91032,0
90681,2526,8418,1106,123,125,-703,12777,417,477,98,304,37041,122,29,144,0,0,0,0,0,0,0,0,-32307,0,0,0,0,0,91038,0
90686,2996,8218,908,137,118,-724,12871,417,225,89,280,37042,122,29,144,0,0,0,0,0,0,0,0,-32307,0,0,0,0,0,91043,0
90691,3354,7932,730,155,113,-742,12961,396,92,80,216,37042,122,29,144,0,0,0,0,0,0,0,0,-32307,0,0,0,0,0,91049,0
90696,3338,7580,684,190,79,-782,13042,351,0,69,168,37038,127,29,144,0,0,0,0,0,0,0,0,-32307,0,0,0,0,0,91054,0
90701,3056,7592,792,209,70,-798,13111,300,-72,55,120,37038,127,29,144,0,0,0,0,0,0,0,0,-32307,0,0,0,0,0,91059,0
90706,2726,7702,900,222,74,-814,13167,249,-136,42,104,37042,126,29,144,0,0,0,0,0,0,0,0,-32307,0,0,0,0,0,91065,0
90711,2484,7818,992,237,89,-829,13212,187,-169,46,80,37042,126,29,144,0,0,0,0,0,0,0,0,-32307,0,0,0,0,0,91071,0
90716,2300,7836,930,267,104,-849,13246,145,-177,54,40,37040,122,29,144,0,0,0,0,0,0,0,0,-32307,0,0,0,0,0,91076,0
90721,2258,7804,830,278,107,-854,13261,56,-194,61,24,37040,122,29,144,0,0,0,0,0,0,0,0,-32307,0,0,0,0,0,91082,0
90726,2356,7806,716,296,107,-865,13270,28,-195,60,24,37036,114,29,144,0,0,0,0,0,0,0,0,-32307,0,0,0,0,0,91087,0
90731,2424,7772,620,306,98,-872,13276,26,-169,58,32,37036,114,29,144,0,0,0,0,0,0,0,0,-32307,0,0,0,0,0,91093,0
90736,2588,7732,494,318,80,-890,13280,19,-118,61,24,37033,109,29,144,0,0,0,0,0,0,0,0,-32307,0,0,0,0,0,91099,0
90741,2608,7702,472,330,69,-902,13285,11,-60,63,16,37033,109,29,144,0,0,0,0,0,0,0,0,-32307,0,0,0,0,0,91104,0
90746,2648,7778,426,332,51,-910,13289,10,-22,64,8,37034,117,29,144,0,0,0,0,0,0,0,0,-32307,0,0,0,0,0,91109,0
90751,2598,7800,410,343,41,-918,13289,0,-20,61,16,37034,117,29,144,0,0,0,0,0,0,0,0,-32307,0,0,0,0,0,91115,0
90756,2296,7680,378,346,6,-937,13289,3,-23,63,24,37038,123,29,144,0,0,0,0,0,0,0,0,-32307,0,0,0,0,0,91120,0
90761,2296,7824,404,347,-8,-943,13288,-8,-24,64,16,37038,123,29,144,0,0,0,0,0,0,0,0,-32307,0,0,0,0,0,91126,0
90766,2112,7786,300,352,-30,-953,13288,0,-11,65,24,37043,128,29,144,0,0,0,0,0,0,0,0,-32307,0,0,0,0,0,91131,0
90771,1984,7672,170,349,-44,-964,13289,-3,-4,63,24,37043,128,29,144,0,0,0,0,0,0,0,0,-32307,0,0,0,0,0,91137,0
90776,1992,7746,132,342,-85,-967,13290,0,2,60,16,37042,127,29,144,0,0,0,0,0,0,0,0,-32307,0,0,0,0,0,91142,0
90781,2002,7810,52,341,-111,-971,13288,0,-2,59,16,37042,127,29,144,0,0,0,0,0,0,0,0,-32307,0,0,0,0,0,91148,0
90786,1992,7756,-2,337,-130,-976,13289,0,-1,60,8,37040,126,29,144,0,0,0,0,0,0,0,0,-32307,0,0,0,0,0,91153,0
90791,1974,7766,-84,328,-157,-982,13289,0,-2,61,24,37040,126,29,144,0,0,0,0,0,0,0,0,-32307,0,0,0,0,0,91158,0
90796,2040,7778,-188,306,-199,-997,13289,1,3,59,8,37039,131,29,144,0,0,0,0,0,0,0,0,-32307,0,0,0,0,0,91164,0
90801,2034,7758,-260,302,-218,-1004,13288,-2,-4,61,16,37039,131,29,144,0,0,0,0,0,0,0,0,-32307,0,0,0,0,0,91170,0
90806,2016,7820,-266,292,-244,-1007,13289,0,4,66,16,37037,127,29,144,0,0,0,0,0,0,0,0,-32307,0,0,0,0,0,91175,0
90811,2032,7878,-308,273,-264,-1015,13288,-7,-2,65,24,37037,127,29,144,0,0,0,0,0,0,0,0,-32307,0,0,0,0,0,91180,0
90816,1940,7964,-342,245,-310,-1029,13287,-5,-1,61,24,37038,128,29,144,0,0,0,0,0,0,0,0,-32307,0,0,0,0,0,91186,0
90821,1934,7996,-356,239,-330,-1039,13288,-2,-5,61,24,37038,128,29,144,0,0,0,0,0,0,0,0,-32307,0,0,0,0,0,91191,0
90826,1932,8068,-364,221,-353,-1050,13289,1,0,61,24,37037,132,29,144,0,0,0,0,0,0,0,0,-32307,0,0,0,0,0,91197,0
90831,1984,8064,-408,209,-365,-1061,13290,-1,3,59,24,37037,132,29,144,0,0,0,0,0,0,0,0,-32307,0,0,0,0,0,91202,0
90836,2098,8074,-416,183,-394,-1082,13289,0,1,57,8,37038,126,29,144,0,0,0,0,0,0,0,0,-32306,0,0,0,0,0,91208,0
90841,2136,8126,-390,169,-404,-1094,13289,3,4,61,16,37038,126,29,144,0,0,0,0,0,0,0,0,-32307,0,0,0,0,0,91213,0
90846,2178,8098,-432,157,-412,-1106,13289,2,-3,62,8,37038,130,29,144,0,0,0,0,0,0,0,0,-32307,0,0,0,0,0,91219,0
90851,2190,8106,-444,130,-417,-1123,13289,0,3,64,16,37038,130,29,144,0,0,0,0,0,0,0,0,-32307,0,0,0,0,0,91225,0
90856,2162,8062,-488,104,-431,-1151,13289,-3,3,62,16,37039,126,29,144,0,0,0,0,0,0,0,0,-32307,0,0,0,0,0,91229,0
90861,2134,8032,-494,93,-437,-1167,13290,1,4,64,24,37039,126,29,144,0,0,0,0,0,0,0,0,-32306,0,0,0,0,0,91235,0
90866,2074,7968,-490,74,-435,-1180,13289,-2,-2,60,24,37038,131,29,144,0,0,0,0,0,0,0,0,-32307,0,0,0,0,0,91241,0
90871,1988,7970,-472,58,-442,-1187,13288,-8,0,61,16,37038,131,29,144,0,0,0,0,0,0,0,0,-32307,0,0,0,0,0,91246,0
90876,1912,7776,-454,32,-437,-1216,13289,-4,0,60,16,37042,126,29,144,0,0,0,0,0,0,0,0,-32307,0,0,0,0,0,91251,0
90881,1916,7746,-396,21,-435,-1219,13288,-3,-1,58,16,37042,126,29,144,0,0,0,0,0,0,0,0,-32307,0,0,0,0,0,91257,0
90886,1932,7782,-394,9,-428,-1228,13288,-6,2,61,8,37041,118,29,144,0,0,0,0,0,0,0,0,-32307,0,0,0,0,0,91262,0
90891,1924,7694,-340,-7,-418,-1235,13290,0,2,62,16,37041,118,29,144,0,0,0,0,0,0,0,0,-32307,0,0,0,0,0,91268,0
90896,1880,7604,-256,-24,-405,-1251,13289,-1,-4,58,16,37040,117,29,144,0,0,0,0,0,0,0,0,-32307,0,0,0,0,0,91273,0
90901,1910,7656,-242,-30,-391,-1260,13288,0,2,61,24,37040,117,29,144,0,0,0,0,0,0,0,0,-32307,0,0,0,0,0,91279,0
90906,1860,7672,-174,-42,-381,-1267,13289,0,1,63,16,37037,123,29,144,0,0,0,0,0,0,0,0,-32307,0,0,0,0,0,91284,0
90911,1824,7674,-128,-43,-364,-1271,13289,1,1,64,8,37037,123,29,144,0,0,0,0,0,0,0,0,-32307,0,0,0,0,0,91291,0
90916,1730,7732,-46,-58,-340,-1281,13288,-2,6,62,16,37037,127,29,144,0,0,0,0,0,0,0,0,-32307,0,0,0,0,0,91296,0
90921,1666,7770,20,-63,-321,-1291,13290,5,-1,61,16,37037,127,29,144,0,0,0,0,0,0,0,0,-32307,0,0,0,0,0,91301,0
90926,1600,7810,106,-58,-303,-1294,13289,0,3,60,16,37036,126,29,144,0,0,0,0,0,0,0,0,-32307,0,0,0,0,0,91307,0
90931,1566,7890,124,-60,-286,-1302,13289,1,4,59,16,37036,126,29,144,0,0,0,0,0,0,0,0,-32307,0,0,0,0,0,91313,0
90936,1606,8114,174,-55,-243,-1312,13288,0,-3,60,24,37035,119,29,144,0,0,0,0,0,0,0,0,-32307,0,0,0,0,0,91318,0
90941,1474,8180,144,-62,-225,-1313,13289,0,-1,62,16,37035,119,29,144,0,0,0,0,0,0,0,0,-32307,0,0,0,0,0,91323,0
90946,1490,8260,160,-59,-201,-1326,13288,-6,-3,61,24,37040,126,29,144,0,0,0,0,0,0,0,0,-32307,0,0,0,0,0,91329,0
90951,1506,8332,154,-50,-181,-1337,13290,9,3,63,24,37040,126,29,144,0,0,0,0,0,0,0,0,-32307,0,0,0,0,0,91334,0
90956,1396,8408,182,-55,-139,-1345,13289,2,-4,66,16,37043,122,29,144,0,0,0,0,0,0,0,0,-32306,0,0,0,0,0,91340,0
90961,1366,8414,188,-52,-123,-1355,13289,1,2,61,24,37043,122,29,144,0,0,0,0,0,0,0,0,-32306,0,0,0,0,0,91345,0
90966,1284,8424,148,-44,-102,-1359,13288,-5,-5,61,24,37042,125,29,144,0,0,0,0,0,0,0,0,-32307,0,0,0,0,0,91351,0
90971,1236,8424,116,-47,-91,-1371,13289,0,-2,62,24,37042,125,29,144,0,0,0,0,0,0,0,0,-32306,0,0,0,0,0,91356,0
90976,1152,8342,114,-45,-62,-1377,13290,3,-2,63,16,37043,129,29,144,0,0,0,0,0,0,0,0,-32306,0,0,0,0,0,91362,0
90981,1104,8254,88,-44,-40,-1377,13288,-4,0,60,8,37043,129,29,144,0,0,0,0,0,0,0,0,-32307,0,0,0,0,0,91367,0
90986,1030,8240,68,-45,-29,-1382,13289,1,-2,61,16,37040,132,29,144,0,0,0,0,0,0,0,0,-32307,0,0,0,0,0,91372,0
90991,1002,8180,60,-43,-18,-1382,13288,0,-3,59,24,37040,132,29,144,0,0,0,0,0,0,0,0,-32307,0,0,0,0,0,91379,0
90996,906,8048,80,-56,10,-1382,13289,-4,2,61,24,37040,132,29,144,0,0,0,0,0,0,0,0,-32307,0,0,0,0,0,91384,0
91001,932,7998,-28,-52,28,-1380,13289,2,3,61,16,37040,132,29,144,0,0,0,0,0,0,0,0,-32307,0,0,0,0,0,91390,0
91006,844,7952,-26,-53,41,-1379,13288,-5,1,65,16,37028,123,29,144,0,0,0,0,0,0,0,0,-32307,0,0,0,0,0,91396,0
91011,814,8042,6,-59,53,-1372,13288,-6,-1,62,24,37028,123,29,144,0,0,0,0,0,0,0,0,-32307,0,0,0,0,0,91402,0
91016,692,8054,-30,-62,79,-1367,13289,0,3,63,16,37022,122,29,144,0,0,0,0,0,0,0,0,-32306,0,0,0,0,0,91407,0
91021,634,8076,-42,-67,85,-1361,13289,-1,1,61,16,37022,122,29,144,0,0,0,0,0,0,0,0,-32307,0,0,0,0,0,91413,0
91026,568,8106,-48,-70,98,-1359,13289,-2,2,60,24,37022,122,29,144,0,0,0,0,0,0,0,0,-32307,0,0,0,0,0,91418,0
91031,534,8108,-20,-77,109,-1356,13289,2,0,59,24,37022,122,29,144,0,0,0,0,0,0,0,0,-32307,0,0,0,0,0,91424,0
91036,420,8086,-40,-81,121,-1345,13289,-1,1,61,24,37025,121,29,144,0,0,0,0,0,0,0,0,-32307,0,0,0,0,0,91429,0
91041,404,8094,36,-88,123,-1341,13288,-1,-1,59,16,37025,121,29,144,0,0,0,0,0,0,0,0,-32307,0,0,0,0,0,91435,0
91046,412,8102,32,-90,122,-1337,13288,-7,0,61,16,37031,120,29,144,0,0,0,0,0,0,0,0,-32307,0,0,0,0,0,91440,0
91051,384,8036,48,-88,126,-1334,13288,2,-1,63,24,37031,120,29,144,0,0,0,0,0,0,0,0,-32307,0,0,0,0,0,91445,0
91056,356,7984,100,-97,128,-1325,13289,-1,0,62,16,37033,121,29,144,0,0,0,0,0,0,0,0,-32306,0,0,0,0,0,91451,0
91061,338,7992,92,-96,129,-1315,13289,2,3,65,8,37033,121,29,144,0,0,0,0,0,0,0,0,-32307,0,0,0,0,0,91456,0
91066,282,8030,138,-94,131,-1312,13290,4,2,63,16,37034,126,29,144,0,0,0,0,0,0,0,0,-32307,0,0,0,0,0,91462,0
91071,274,8040,170,-100,126,-1301,13289,-5,0,63,16,37034,126,29,144,0,0,0,0,0,0,0,0,-32307,0,0,0,0,0,91467,0
91076,146,8080,180,-97,134,-1294,13288,-1,-3,61,16,37033,125,29,144,0,0,0,0,0,0,0,0,-32307,0,0,0,0,0,91473,0
91081,140,8088,200,-95,132,-1286,13289,1,-4,61,8,37033,125,29,144,0,0,0,0,0,0,0,0,-32306,0,0,0,0,0,91478,0
91086,92,8092,220,-96,124,-1283,13289,-2,0,61,24,37034,124,29,144,0,0,0,0,0,0,0,0,-32307,0,0,0,0,0,91484,0
91091,32,8114,238,-90,119,-1281,13288,3,1,61,24,37034,124,29,144,0,0,0,0,0,0,0,0,-32307,0,0,0,0,0,91489,0
91096,34,8102,262,-94,97,-1269,13290,5,1,62,16,37034,124,29,144,0,0,0,0,0,0,0,0,-32307,0,0,0,0,0,91494,0
91101,16,8124,292,-90,87,-1262,13288,0,-1,61,24,37034,124,29,144,0,0,0,0,0,0,0,0,-32307,0,0,0,0,0,91500,0
91106,-26,8080,358,-84,67,-1263,13288,-8,3,63,8,37036,123,29,144,0,0,0,0,0,0,0,0,-32307,0,0,0,0,0,91505,0
91111,-52,8124,374,-84,54,-1265,13289,-2,-4,65,24,37036,123,29,144,0,0,0,0,0,0,0,0,-32307,0,0,0,0,0,91510,0
91116,-74,8024,404,-72,28,-1254,13289,3,-1,62,24,37037,126,29,144,0,0,0,0,0,0,0,0,-32307,0,0,0,0,0,91516,0
91121,-66,8040,412,-61,13,-1250,13288,1,6,64,24,37037,126,29,144,0,0,0,0,0,0,0,0,-32307,0,0,0,0,0,91522,0
91126,-110,8036,488,-61,0,-1251,13289,6,0,60,24,37038,126,29,144,0,0,0,0,0,0,0,0,-32307,0,0,0,0,0,91527,0
91131,-148,8038,472,-52,-6,-1249,13287,-8,4,61,16,37038,126,29,144,0,0,0,0,0,0,0,0,-32307,0,0,0,0,0,91532,0
91136,-118,8028,460,-40,-18,-1244,13290,3,7,61,16,37037,132,29,144,0,0,0,0,0,0,0,0,-32307,0,0,0,0,0,91538,0
91141,-76,8024,492,-38,-22,-1233,13289,2,0,59,16,37037,132,29,144,0,0,0,0,0,0,0,0,-32307,0,0,0,0,0,91543,0
91146,-102,8040,536,-25,-16,-1238,13290,7,2,64,16,37035,132,29,144,0,0,0,0,0,0,0,0,-32307,0,0,0,0,0,91548,0
91151,-90,8056,576,-14,-18,-1230,13288,0,-4,63,24,37035,132,29,144,0,0,0,0,0,0,0,0,-32307,0,0,0,0,0,91554,0
91156,-1138,9222,838,-12,-15,-1260,13289,-1,4,63,16,37034,126,29,144,0,0,0,0,0,0,0,0,-32307,0,0,0,0,0,91559,0
91161,-1948,10172,1424,-30,-22,-1271,13289,1,3,65,8,37034,126,29,144,0,0,0,0,0,0,0,0,-32307,0,0,0,0,0,91564,0
91166,-2084,10206,530,20,-5,-1253,13289,0,-2,61,16,37034,125,29,144,0,0,0,0,0,0,0,0,-32307,0,0,0,0,0,91570,0
91171,-794,9392,320,34,-4,-1218,13288,0,-4,62,16,37034,125,29,144,0,0,0,0,0,0,0,0,-32308,0,0,0,0,0,91576,0
91176,888,8370,348,60,-23,-1222,13288,-1,-1,60,16,37037,125,29,144,0,0,0,0,0,0,0,0,-32307,0,0,0,0,0,91581,0
91181,626,8274,612,64,-19,-1244,13287,-6,1,61,24,37037,125,29,144,0,0,0,0,0,0,0,0,-32307,0,0,0,0,0,91586,0
91186,468,8110,876,74,-19,-1251,13289,0,3,59,16,37044,127,29,144,0,0,0,0,0,0,0,0,-32307,0,0,0,0,0,91592,0
91191,310,7826,882,83,2,-1261,13289,3,4,60,24,37044,127,29,144,0,0,0,0,0,0,0,0,-32307,0,0,0,0,0,91597,0
91196,-284,7696,874,116,40,-1263,13288,-5,0,62,8,37046,121,29,144,0,0,0,0,0,0,0,0,-32307,0,0,0,0,0,91602,0
91201,-798,7832,778,122,46,-1250,13288,-7,0,62,24,37046,121,29,144,0,0,0,0,0,0,0,0,-32307,0,0,0,0,0,91608,0
91206,-1164,7986,742,138,53,-1235,13289,0,-1,63,16,37048,117,29,144,0,0,0,0,0,0,0,0,-32307,0,0,0,0,0,91613,0
91211,-1264,7936,700,151,51,-1219,13288,-4,0,63,8,37048,117,29,144,0,0,0,0,0,0,0,0,-32307,0,0,0,0,0,91619,0
91216,-946,8002,608,177,27,-1189,13289,-5,-3,62,24,37040,115,29,144,0,0,0,0,0,0,0,0,-32306,0,0,0,0,0,91624,0
91221,-676,8016,624,187,23,-1181,13288,-3,-2,61,16,37040,115,29,144,0,0,0,0,0,0,0,0,-32307,0,0,0,0,0,91630,0
91226,-504,8002,522,196,23,-1172,13288,-4,2,60,8,37037,111,29,144,0,0,0,0,0,0,0,0,-32307,0,0,0,0,0,91635,0
91231,-446,7998,442,210,24,-1170,13289,-1,-2,61,-1096,37037,111,29,144,0,0,0,0,0,0,0,0,-32307,0,0,0,0,0,91640,0
91236,-728,8046,502,218,11,-1163,13256,-184,-45,-836,-1048,37033,124,29,144,0,0,0,0,0,0,0,0,-32307,0,0,0,0,0,91646,0
91241,-568,8130,416,230,3,-1151,13152,-471,-245,-1091,-1344,37033,124,29,144,0,0,0,0,0,0,0,0,-32307,0,0,0,0,0,91651,0
91246,-710,8124,432,230,5,-1147,13012,-626,-471,-713,-1280,37031,136,29,144,0,0,0,0,0,0,0,0,-32307,0,0,0,0,0,91657,0
91251,-804,7988,338,239,11,-1140,12859,-673,-606,-408,-896,37031,136,29,144,0,0,0,0,0,0,0,0,-32307,0,0,0,0,0,91662,0
91256,-702,8076,364,235,14,-1118,12721,-601,-515,-183,-448,37029,144,29,144,0,0,0,0,0,0,0,0,-32307,0,0,0,0,0,91668,0
91261,-982,7966,244,252,-8,-1114,12608,-477,-217,-70,-184,37029,144,29,144,0,0,0,0,0,0,0,0,-32307,0,0,0,0,0,91673,0
91266,-816,7954,260,247,-4,-1109,12526,-345,104,-55,-216,37029,138,29,144,0,0,0,0,0,0,0,0,-32307,0,0,0,0,0,91679,0
91271,-776,7898,198,252,-13,-1103,12474,-215,317,-229,-240,37029,138,29,144,0,0,0,0,0,0,0,0,-32307,0,0,0,0,0,91684,0
91276,-838,7990,178,245,-9,-1099,12443,-127,413,-421,-296,37033,129,29,144,0,0,0,0,0,0,0,0,-32307,0,0,0,0,0,91689,0
91281,-842,8022,120,246,-15,-1098,12422,-89,392,-576,-264,37033,129,29,144,0,0,0,0,0,0,0,0,-32307,0,0,0,0,0,91695,0
91286,-904,8116,28,246,-16,-1094,12418,-19,322,-665,-264,37036,125,29,144,0,0,0,0,0,0,0,0,-32307,0,0,0,0,0,91701,0
91291,-856,8028,138,244,-24,-1093,12417,-6,239,-758,-264,37036,125,29,144,0,0,0,0,0,0,0,0,-32307,0,0,0,0,0,91706,0
91296,-776,8038,30,237,-40,-1097,12417,-3,157,-794,-256,37040,122,29,144,0,0,0,0,0,0,0,0,-32307,0,0,0,0,0,91711,0
91301,-812,8104,22,235,-40,-1097,12418,2,90,-792,-256,37040,122,29,144,0,0,0,0,0,0,0,0,-32307,0,0,0,0,0,91717,0
91306,-880,8104,-32,229,-42,-1095,12413,-6,39,-786,-256,37039,125,29,144,0,0,0,0,0,0,0,0,-32307,0,0,0,0,0,91722,0
91311,-864,8080,-30,228,-46,-1095,12412,-8,0,-769,-264,37039,125,29,144,0,0,0,0,0,0,0,0,-32307,0,0,0,0,0,91728,0
91316,-918,8086,-54,214,-61,-1102,12407,-23,-16,-767,-264,37037,123,29,144,0,0,0,0,0,0,0,0,-32307,0,0,0,0,0,91733,0
91321,-946,8106,-48,214,-66,-1103,12399,-43,-16,-746,-288,37037,123,29,144,0,0,0,0,0,0,0,0,-32307,0,0,0,0,0,91739,0
91326,-860,8088,-64,205,-65,-1105,12387,-59,-35,-704,-272,37034,128,29,144,0,0,0,0,0,0,0,0,-32307,0,0,0,0,0,91744,0
91331,-864,8112,-110,204,-67,-1111,12375,-48,-45,-674,-256,37034,128,29,144,0,0,0,0,0,0,0,0,-32307,0,0,0,0,0,91750,0
91336,-822,8220,-98,191,-78,-1121,12371,-2,-19,-675,-264,37034,126,29,144,0,0,0,0,0,0,0,0,-32307,0,0,0,0,0,91755,0
91341,-762,8236,-74,181,-85,-1128,12372,0,20,-726,-264,37034,126,29,144,0,0,0,0,0,0,0,0,-32307,0,0,0,0,0,91760,0
91346,-588,8264,-110,177,-84,-1137,12371,8,46,-747,-256,37035,122,29,144,0,0,0,0,0,0,0,0,-32307,0,0,0,0,0,91766,0
91351,-682,8256,-152,178,-86,-1144,12370,-6,49,-749,-256,37035,122,29,144,0,0,0,0,0,0,0,0,-32307,0,0,0,0,0,91772,0
91356,-676,8272,-168,159,-88,-1162,12370,-8,24,-747,-272,37036,128,29,144,0,0,0,0,0,0,0,0,-32307,0,0,0,0,0,91777,0
91361,-704,8224,-158,150,-96,-1178,12371,0,4,-747,-272,37036,128,29,144,0,0,0,0,0,0,0,0,-32306,0,0,0,0,0,91782,0
91366,-766,8262,-148,147,-93,-1186,12370,0,3,-750,-256,37036,126,29,144,0,0,0,0,0,0,0,0,-32307,0,0,0,0,0,91788,0
91371,-846,8284,-170,138,-100,-1190,12370,1,-2,-742,-264,37036,126,29,144,0,0,0,0,0,0,0,0,-32307,0,0,0,0,0,91793,0
91376,-852,8084,-38,124,-96,-1212,12370,-6,-4,-749,-256,37035,126,29,144,0,0,0,0,0,0,0,0,-32307,0,0,0,0,0,91799,0
91381,-898,8116,-70,118,-98,-1221,12370,-5,-2,-749,-248,37035,126,29,144,0,0,0,0,0,0,0,0,-32307,0,0,0,0,0,91804,0
91386,-1024,8130,-114,118,-100,-1226,12368,-4,2,-741,-256,37035,129,29,144,0,0,0,0,0,0,0,0,-32307,0,0,0,0,0,91809,0
91391,-1026,8112,-102,110,-92,-1230,12368,-3,1,-746,-264,37035,129,29,144,0,0,0,0,0,0,0,0,-32307,0,0,0,0,0,91815,0
91396,-1096,8078,-102,98,-93,-1247,12367,-9,-5,-749,-256,37042,132,29,144,0,0,0,0,0,0,0,0,-32307,0,0,0,0,0,91821,0
91401,-1128,8070,-66,94,-99,-1252,12366,-8,3,-742,-256,37042,132,29,144,0,0,0,0,0,0,0,0,-32307,0,0,0,0,0,91826,0
91406,-1142,8078,-18,81,-95,-1256,12367,-7,1,-743,-264,37059,130,29,144,0,0,0,0,0,0,0,0,-32306,0,0,0,0,0,91831,0
91411,-1148,8064,-28,82,-93,-1263,12365,-1,1,-740,-256,37059,130,29,144,0,0,0,0,0,0,0,0,-32307,0,0,0,0,0,91837,0
91416,-1238,8000,12,74,-87,-1273,12365,-6,4,-738,-256,37058,128,29,144,0,0,0,0,0,0,0,0,-32306,0,0,0,0,0,91842,0
91421,-1256,7980,66,71,-87,-1274,12365,-6,0,-745,-256,37058,128,29,144,0,0,0,0,0,0,0,0,-32306,0,0,0,0,0,91847,0
91426,-1316,8112,144,57,-82,-1277,12363,-1,4,-738,-264,37054,135,29,144,0,0,0,0,0,0,0,0,-32307,0,0,0,0,0,91853,0
91431,-1384,8060,58,63,-78,-1284,12364,7,1,-733,-264,37054,135,29,144,0,0,0,0,0,0,0,0,-32307,0,0,0,0,0,91859,0
91436,-1462,8096,-78,65,-89,-1288,12363,-3,-1,-737,-264,37040,137,29,144,0,0,0,0,0,0,0,0,-32307,0,0,0,0,0,91864,0
91441,-1498,8160,-122,69,-105,-1285,12363,3,3,-734,-264,37040,137,29,144,0,0,0,0,0,0,0,0,-32307,0,0,0,0,0,91870,0
91446,-1528,8386,-32,66,-117,-1288,12362,4,5,-735,-272,37038,133,29,144,0,0,0,0,0,0,0,0,-32307,0,0,0,0,0,91875,0
91451,-1514,8498,176,63,-120,-1279,12362,6,0,-735,-256,37038,133,29,144,0,0,0,0,0,0,0,0,-32307,0,0,0,0,0,91880,0
91456,-1136,8196,222,73,-126,-1289,12360,0,-3,-731,-264,37040,124,29,144,0,0,0,0,0,0,0,0,-32307,0,0,0,0,0,91886,0
91461,-1280,8172,196,74,-122,-1297,12360,1,3,-729,-272,37040,124,29,144,0,0,0,0,0,0,0,0,-32307,0,0,0,0,0,91891,0
91466,-1464,8144,202,68,-130,-1298,12359,-2,-1,-733,-256,37039,132,29,144,0,0,0,0,0,0,0,0,-32307,0,0,0,0,0,91898,0
91471,-1574,8098,212,83,-130,-1300,12358,-3,6,-731,-264,37039,132,29,144,0,0,0,0,0,0,0,0,-32307,0,0,0,0,0,91902,0
91476,-1706,7966,202,96,-159,-1307,12358,-6,0,-736,-256,37036,140,29,144,0,0,0,0,0,0,0,0,-32306,0,0,0,0,0,91908,0
91481,-1788,7888,148,104,-173,-1308,12359,0,1,-731,-256,37036,140,29,144,0,0,0,0,0,0,0,0,-32307,0,0,0,0,0,91914,0
91486,-1852,7924,228,109,-188,-1310,12359,5,3,-736,-256,37033,143,29,144,0,0,0,0,0,0,0,0,-32307,0,0,0,0,0,91919,0
91491,-1892,7820,220,122,-207,-1314,12357,-1,3,-731,-248,37033,143,29,144,0,0,0,0,0,0,0,0,-32307,0,0,0,0,0,91924,0
91496,-1922,7750,308,141,-236,-1312,12358,0,-2,-730,-264,37034,137,29,144,0,0,0,0,0,0,0,0,-32307,0,0,0,0,0,91930,0
91501,-2016,7814,274,157,-253,-1313,12358,3,-1,-737,-256,37034,137,29,144,0,0,0,0,0,0,0,0,-32307,0,0,0,0,0,91935,0
91506,-2062,7844,242,159,-269,-1316,12358,0,3,-735,-256,37041,134,29,144,0,0,0,0,0,0,0,0,-32306,0,0,0,0,0,91940,0
91511,-2076,7850,228,171,-281,-1312,12358,2,2,-731,-264,37041,134,29,144,0,0,0,0,0,0,0,0,-32307,0,0,0,0,0,91946,0
91516,-2018,8204,160,167,-285,-1306,12357,-5,-1,-736,-256,37041,139,29,144,0,0,0,0,0,0,0,0,-32307,0,0,0,0,0,91951,0
91521,-1956,7780,514,200,-313,-1312,12358,5,-5,-732,-264,37041,139,29,144,0,0,0,0,0,0,0,0,-32307,0,0,0,0,0,91957,0
91526,-2034,8000,292,205,-334,-1308,12357,-1,-5,-731,-256,37039,139,29,144,0,0,0,0,0,0,0,0,-32307,0,0,0,0,0,91962,0
91531,-1890,7880,248,205,-338,-1313,12357,6,3,-729,-256,37039,139,29,144,0,0,0,0,0,0,0,0,-32307,0,0,0,0,0,91968,0
91536,-1918,8048,58,207,-333,-1312,12355,-5,-4,-735,-264,37040,141,29,144,0,0,0,0,0,0,0,0,-32306,0,0,0,0,0,91973,0
91541,-1922,8242,6,207,-330,-1314,12356,1,-1,-732,-256,37040,141,29,144,0,0,0,0,0,0,0,0,-32307,0,0,0,0,0,91978,0
91546,-1848,8296,-84,191,-323,-1321,12356,0,-2,-737,-248,37037,135,29,144,0,0,0,0,0,0,0,0,-32307,0,0,0,0,0,91984,0
91551,-1890,8342,-548,187,-310,-1322,12355,0,3,-731,-256,37037,135,29,144,0,0,0,0,0,0,0,0,-32307,0,0,0,0,0,91989,0
91556,-1380,8918,-308,165,-296,-1322,12356,4,-3,-726,-256,37039,134,29,144,0,0,0,0,0,0,0,0,-32307,0,0,0,0,0,91995,0
91561,-1500,8924,-298,143,-272,-1338,12356,7,1,-729,-272,37039,134,29,144,0,0,0,0,0,0,0,0,-32307,0,0,0,0,0,92000,0
91566,-1406,8966,-316,130,-253,-1338,12355,3,2,-727,-248,37038,134,29,144,0,0,0,0,0,0,0,0,-32307,0,0,0,0,0,92005,0
91571,-1426,9054,-322,115,-234,-1347,12354,-2,-2,-729,-256,37038,134,29,144,0,0,0,0,0,0,0,0,-32307,0,0,0,0,0,92011,0
91576,-1672,9374,46,82,-195,-1369,12354,-7,-2,-735,-256,37037,135,29,144,0,0,0,0,0,0,0,0,-32307,0,0,0,0,0,92016,0
91581,-1094,9146,-374,71,-193,-1370,12355,-10,0,-737,-264,37037,135,29,144,0,0,0,0,0,0,0,0,-32307,0,0,0,0,0,92021,0
91586,-1204,9172,-420,33,-168,-1385,12354,-2,1,-737,-240,37036,138,29,144,0,0,0,0,0,0,0,0,-32306,0,0,0,0,0,92027,0
91591,-1064,8890,-350,37,-145,-1395,12356,1,2,-737,-256,37036,138,29,144,0,0,0,0,0,0,0,0,-32307,0,0,0,0,0,92033,0
91596,-1556,9400,-498,-8,-134,-1412,12355,-7,0,-741,-256,37036,136,29,144,0,0,0,0,0,0,0,0,-32307,0,0,0,0,0,92039,0
91601,-2010,9628,-250,-25,-111,-1410,12356,0,1,-734,-256,37036,136,29,144,0,0,0,0,0,0,0,0,-32307,0,0,0,0,0,92044,0
91606,-1832,9458,-506,-31,-112,-1418,12357,2,0,-736,-272,37034,138,29,144,0,0,0,0,0,0,0,0,-32307,0,0,0,0,0,92049,0
91611,-1934,9164,-266,-39,-116,-1423,12356,2,2,-738,-256,37034,138,29,144,0,0,0,0,0,0,0,0,-32307,0,0,0,0,0,92055,0
91616,-2056,8888,-364,-60,-127,-1435,12357,0,4,-744,-248,37035,146,29,144,0,0,0,0,0,0,0,0,-32307,0,0,0,0,0,92060,0
91621,-2186,8716,-268,-61,-127,-1436,12357,0,3,-741,-248,37035,146,29,144,0,0,0,0,0,0,0,0,-32307,0,0,0,0,0,92066,0
91626,-2330,8548,-260,-71,-132,-1441,12361,5,5,-750,-256,37036,148,29,144,0,0,0,0,0,0,0,0,-32307,0,0,0,0,0,92071,0
91631,-2384,8416,-170,-71,-130,-1437,12365,16,13,-756,-272,37036,148,29,144,0,0,0,0,0,0,0,0,-32307,0,0,0,0,0,92076,0
91636,-2636,8238,-54,-79,-145,-1437,12365,3,2,-764,-256,37037,144,29,144,0,0,0,0,0,0,0,0,-32307,0,0,0,0,0,92082,0
91641,-2774,8042,82,-83,-146,-1433,12368,12,6,-761,-256,37037,144,29,144,0,0,0,0,0,0,0,0,-32307,0,0,0,0,0,92087,0
91646,-2830,7984,110,-92,-145,-1424,12372,20,8,-764,-272,37035,141,29,144,0,0,0,0,0,0,0,0,-32307,0,0,0,0,0,92092,0
91651,-2692,7862,70,-93,-140,-1423,12373,6,5,-773,-256,37035,141,29,144,0,0,0,0,0,0,0,0,-32307,0,0,0,0,0,92098,0
91656,-2700,7508,196,-106,-130,-1411,12376,11,3,-773,-256,37034,136,29,144,0,0,0,0,0,0,0,0,-32307,0,0,0,0,0,92104,0
91661,-2786,7252,230,-104,-127,-1407,12378,8,0,-772,-256,37034,136,29,144,0,0,0,0,0,0,0,0,-32307,0,0,0,0,0,92109,0
91666,-2960,6978,232,-112,-132,-1404,12382,8,5,-777,-256,37031,129,29,144,0,0,0,0,0,0,0,0,-32307,0,0,0,0,0,92115,0
91671,-3054,6792,226,-109,-122,-1412,12385,10,-1,-786,-248,37031,129,29,144,0,0,0,0,0,0,0,0,-32306,0,0,0,0,0,92120,0
91676,-2776,6528,294,-97,-132,-1432,12388,19,2,-786,-264,37033,125,29,144,0,0,0,0,0,0,0,0,-32307,0,0,0,0,0,92126,0
91681,-2582,6594,284,-106,-133,-1446,12392,20,3,-800,-240,37033,125,29,144,0,0,0,0,0,0,0,0,-32307,0,0,0,0,0,92131,0
91686,-2430,6620,330,-99,-134,-1464,12401,36,16,-826,-224,37035,131,29,144,0,0,0,0,0,0,0,0,-32307,0,0,0,0,0,92136,0
91691,-2258,6798,366,-98,-124,-1481,12416,76,32,-864,-224,37035,131,29,144,0,0,0,0,0,0,0,0,-32307,0,0,0,0,0,92142,0
91696,-1376,7244,458,-109,-103,-1575,12443,126,76,-950,-208,37037,133,29,144,0,0,0,0,0,0,0,0,-32307,0,0,0,0,0,92146,0
91701,-1162,7492,466,-111,-79,-1602,12478,153,108,-1055,-192,37037,133,29,144,0,0,0,0,0,0,0,0,-32307,0,0,0,0,0,92153,0
91706,-1266,7658,602,-120,-61,-1651,12527,216,146,-1171,-160,37040,121,29,144,0,0,0,0,0,0,0,0,-32307,0,0,0,0,0,92158,0
91711,-1466,7776,764,-119,-33,-1685,12594,301,181,-1319,-192,37040,121,29,144,0,0,0,0,0,0,0,0,-32307,0,0,0,0,0,92164,0
91716,-1894,7734,988,-128,34,-1735,12680,392,213,-1505,-152,37044,119,29,144,0,0,0,0,0,0,0,0,-32308,0,0,0,0,0,92169,0
91721,-2090,7668,1058,-137,63,-1754,12783,467,251,-1740,-168,37044,119,29,144,0,0,0,0,0,0,0,0,-32307,0,0,0,0,0,92174,0
91726,-2254,7622,1134,-139,85,-1770,12902,537,276,-1933,-96,37046,117,29,144,0,0,0,0,0,0,0,0,-32307,0,0,0,0,0,92180,0
91731,-2386,7588,1102,-140,117,-1788,13036,587,268,-1747,1088,37046,117,29,144,0,0,0,0,0,0,0,0,-32306,0,0,0,0,0,92185,0
91736,-1520,7722,1112,-127,133,-1924,13275,1118,448,-332,2456,37047,127,29,144,0,0,0,0,0,0,0,0,-32307,0,0,0,0,0,92191,0
91741,210,8050,860,-110,112,-2061,13663,1765,891,-4,3864,37047,127,29,144,0,0,0,0,0,0,0,0,-32306,0,0,0,0,0,92196,0
91746,1592,8718,546,-68,87,-2183,14178,2324,1427,38,4912,37045,124,29,144,0,0,0,0,0,0,0,0,-32307,0,0,0,0,0,92201,0
91751,2030,9394,410,-61,75,-2312,14804,2794,1811,28,5752,37045,124,29,144,0,0,0,0,0,0,0,0,-32307,0,0,0,0,0,92207,0
91756,1666,9804,430,-13,47,-2557,15533,3250,1906,-21,6560,37039,134,29,144,0,0,0,0,0,0,0,0,-32306,0,0,0,0,0,92212,0
91761,878,9596,698,22,29,-2685,16363,3701,1740,-89,7400,37039,134,29,144,0,0,0,0,0,0,0,0,-32307,0,0,0,0,0,92218,0
91766,82,9416,730,29,20,-2776,17300,4169,1632,-162,8280,37036,138,29,144,0,0,0,0,0,0,0,0,-32307,0,0,0,0,0,92223,0
91771,-642,9110,946,53,5,-2865,18336,4612,1588,-252,9208,37036,138,29,144,0,0,0,0,0,0,0,0,-32307,0,0,0,0,0,92229,0
91776,-1308,8874,826,75,-11,-3018,19482,5092,1592,-333,10176,37039,132,29,144,0,0,0,0,0,0,0,0,-32307,0,0,0,0,0,92234,0
91781,-1096,8906,774,108,-27,-3105,20746,5619,1639,-376,11096,37039,132,29,144,0,0,0,0,0,0,0,0,-32307,0,0,0,0,0,92240,0
91786,-616,9014,740,117,-38,-3177,22110,6045,1662,-431,11840,37047,100,29,144,0,0,0,0,0,0,0,0,-32307,0,0,0,0,0,92245,0
91791,-278,9052,626,143,-51,-3280,23548,6356,1599,-556,12360,37047,100,29,144,0,0,0,0,0,0,0,0,-32306,0,0,0,0,0,92251,0
91796,-48,8878,366,160,-86,-3450,25067,6718,1462,-658,12984,37067,51,29,144,0,0,0,0,0,0,0,0,-32306,0,0,0,0,0,92256,0
91801,-180,8786,580,175,-82,-3539,26648,6980,1278,-724,13328,37067,51,29,144,0,0,0,0,0,0,0,0,-32307,0,0,0,0,0,92261,0
91806,-808,8392,474,179,-97,-3606,28287,7242,1103,-863,13800,37097,-13,29,144,0,0,0,0,0,0,0,0,-32307,0,0,0,0,0,92267,0
91811,-1342,8154,446,183,-109,-3665,29999,7573,1040,-940,14312,37097,-13,29,144,0,0,0,0,0,0,0,0,-32307,0,0,0,0,0,92272,0
91816,-2090,7976,430,206,-138,-3784,31754,7735,966,-1125,14680,37137,-91,29,144,0,0,0,0,0,0,0,0,-32307,0,0,0,0,0,92278,0
91821,-2010,7988,344,219,-173,-3835,33566,8011,904,-1263,15208,37137,-91,29,144,0,0,0,0,0,0,0,0,-32307,0,0,0,0,0,92284,0
91826,-2206,8198,388,253,-210,-3881,35418,8163,838,-1286,15488,37186,-192,29,144,0,0,0,0,0,0,0,0,-32307,0,0,0,0,0,92289,0
91831,-2244,8146,208,227,-250,-3907,37330,8446,788,-1436,15920,37186,-192,29,144,0,0,0,0,0,0,0,0,-32307,0,0,0,0,0,92294,0
91836,-2546,8300,-86,291,-291,-3997,39285,8613,758,-1533,16288,37241,-304,29,144,0,0,0,0,0,0,0,0,-32307,0,0,0,0,0,92300,0
91841,-2292,8090,-230,280,-325,-4054,41271,8756,723,-1780,16680,37241,-304,29,144,0,0,0,0,0,0,0,0,-32307,0,0,0,0,0,92305,0
91846,-2366,8056,-98,311,-365,-4082,43289,8886,636,-1790,16656,37308,-443,29,144,0,0,0,0,0,0,0,0,-32307,0,0,0,0,0,92311,0
91851,-2640,7702,-134,303,-407,-4099,45343,9070,573,-1900,17000,37308,-443,29,144,0,0,0,0,0,0,0,0,-32307,0,0,0,0,0,92316,0
91856,-3032,7112,-174,356,-519,-4160,47432,9180,516,-2009,17256,37367,-557,29,144,0,0,0,0,0,0,0,0,-32308,0,0,0,0,0,92321,0
91861,-3432,7324,-170,317,-569,-4165,49535,9268,492,-2289,17304,37367,-557,29,144,0,0,0,0,0,0,0,0,-32306,0,0,0,0,0,92326,0
91866,-3488,7014,20,369,-625,-4201,51645,9278,385,-2311,17520,37437,-692,29,144,0,0,0,0,0,0,0,0,-32307,0,0,0,0,0,92332,0
91871,-4030,6940,-30,388,-682,-4178,53785,9433,336,-2427,17480,37437,-692,29,144,0,0,0,0,0,0,0,0,-32307,0,0,0,0,0,92338,0
91876,-3942,6554,230,365,-806,-4109,55940,9474,260,-2528,17776,37500,-803,29,144,0,0,0,0,0,0,0,0,-32307,0,0,0,0,0,92343,0
91881,-3448,6460,428,386,-895,-4037,58100,9519,263,-2764,17720,37500,-803,29,144,0,0,0,0,0,0,0,0,-32306,0,0,0,0,0,92348,0
91886,-3418,6630,796,392,-1006,-3956,60251,9457,168,-2785,17544,37571,-936,29,144,0,0,0,0,0,0,0,0,-32307,0,0,0,0,0,92354,0
91891,-3208,6692,1138,375,-1121,-3823,62410,9513,-853,-2886,17192,37571,-936,29,144,0,0,0,0,0,0,0,0,-32309,0,0,0,0,0,92359,0
91896,-2592,6932,1620,340,-1304,-3519,64526,9287,-530,-3037,16808,37631,-1041,29,144,0,0,0,0,0,0,0,0,-32307,0,0,0,0,0,92365,0
91901,-2212,7048,2018,273,-1391,-3292,66599,9101,282,-3239,16232,37631,-1041,29,144,0,0,0,0,0,0,0,0,-32306,0,0,0,0,0,92370,0
91906,-2480,7250,2142,265,-1475,-3056,68599,8766,16,-3253,15400,37686,-1128,29,144,0,0,0,0,0,0,0,0,-32308,0,0,0,0,0,92376,0
91911,-2422,7174,2218,249,-1531,-2783,70546,8541,275,-3409,14664,37686,-1128,29,144,0,0,0,0,0,0,0,0,-32306,0,0,0,0,0,92382,0
91916,-2490,7288,2078,151,-1600,-2198,72399,8112,-924,-3532,13944,37721,-1181,29,144,0,0,0,0,0,0,0,0,-32308,0,0,0,0,0,92387,0
91921,-2940,7722,2028,120,-1619,-1911,74161,7711,-1078,-3700,12864,37721,-1181,29,144,0,0,0,0,0,0,0,0,-32307,0,0,0,0,0,92393,0
91926,-3538,7892,1862,80,-1641,-1600,75827,7282,-1241,-3731,11656,37736,-1181,29,144,0,0,0,0,0,0,0,0,-32306,0,0,0,0,0,92398,0
91931,-3904,8040,1892,48,-1669,-1294,77389,6836,-1378,-3819,10728,37736,-1181,29,144,0,0,0,0,0,0,0,0,-32306,0,0,0,0,0,92404,0
91936,-4744,8054,1592,-28,-1673,-683,78866,6460,-1461,-3831,9912,37729,-1131,29,144,0,0,0,0,0,0,0,0,-32307,0,0,0,0,0,92410,0
91941,-5300,8074,1476,-49,-1673,-393,80226,5928,-1486,-3980,8776,37729,-1131,29,144,0,0,0,0,0,0,0,0,-32308,0,0,0,0,0,92415,0
91946,-5788,7758,1336,-76,-1671,-125,81475,5452,-1556,-4121,7768,37695,-1031,29,144,0,0,0,0,0,0,0,0,-32308,0,0,0,0,0,92421,0
91951,-6410,7544,1242,-87,-1681,146,82624,5005,-1596,-4096,6768,37695,-1031,29,144,0,0,0,0,0,0,0,0,-32306,0,0,0,0,0,92426,0
91956,-7098,7084,958,-116,-1651,662,83663,4514,-1636,-4171,5752,37640,-902,29,144,0,0,0,0,0,0,0,0,-32306,0,0,0,0,0,92432,0
91961,-7572,6776,874,-119,-1638,924,84595,4057,-1657,-4250,4752,37640,-902,29,144,0,0,0,0,0,0,0,0,-32308,0,0,0,0,0,92437,0
91966,-7602,6500,786,-115,-1632,1169,85433,3647,-1607,-4206,3888,37565,-752,29,144,0,0,0,0,0,0,0,0,-32309,0,0,0,0,0,92443,0
91971,-7556,6652,738,-117,-1618,1400,86179,3247,-1563,-4264,2912,37565,-752,29,144,0,0,0,0,0,0,0,0,-32309,0,0,0,0,0,92447,0
91976,-7278,6662,702,-118,-1601,1874,86826,2799,-1511,-4331,1952,37488,-586,29,144,0,0,0,0,0,0,0,0,-32308,0,0,0,0,0,92453,0
91981,-7374,6638,682,-102,-1571,2095,87367,2326,-1486,-4318,824,37488,-586,29,144,0,0,0,0,0,0,0,0,-32305,0,0,0,0,0,92460,0
91986,-7126,6552,554,-97,-1543,2327,87793,1831,-1536,-4404,128,37399,-407,29,144,0,0,0,0,0,0,0,0,-32308,0,0,0,0,0,92465,0
91991,-6810,6386,674,-82,-1532,2612,88090,1244,-1646,-4647,-296,37399,-407,29,144,0,0,0,0,0,0,0,0,-32306,0,0,0,0,0,92470,0
91996,-6270,5954,606,-59,-1458,3225,88246,627,-1801,-4692,-864,37294,-188,29,144,0,0,0,0,0,0,0,0,-32308,0,0,0,0,0,92475,0
92001,-6242,6232,718,-53,-1408,3527,88277,84,-1930,-4486,-1776,37294,-188,29,144,0,0,0,0,0,0,0,0,-32309,0,0,0,0,0,92482,0
92006,-5318,6370,584,-36,-1357,3816,88220,-276,-1932,-4222,-2384,37179,41,29,144,0,0,0,0,0,0,0,0,-32308,0,0,0,0,0,92486,0
92011,-4494,6684,552,-17,-1317,4106,88100,-559,-1740,-4174,-3288,37179,41,29,144,0,0,0,0,0,0,0,0,-32308,0,0,0,0,0,92491,0
92016,-3186,7408,598,-7,-1180,4653,87887,-985,-1489,-4261,-4096,37064,258,29,144,0,0,0,0,0,0,0,0,-32306,0,0,0,0,0,92497,0
92021,-2926,7340,656,4,-1092,4937,87564,-1465,-1350,-4278,-5264,37064,258,29,144,0,0,0,0,0,0,0,0,-32307,0,0,0,0,0,92503,0
92026,-2330,7122,512,24,-1003,5332,87123,-1995,-1406,-4234,-6264,36950,471,29,144,0,0,0,0,0,0,0,0,-32307,0,0,0,0,0,92508,0
92031,-1612,7060,594,19,-919,5719,86558,-2539,-1596,-4234,-7672,36950,471,29,144,0,0,0,0,0,0,0,0,-32308,0,0,0,0,0,92513,0
92036,-414,7178,384,50,-724,6584,85866,-3104,-1777,-4229,-8696,36834,689,29,144,0,0,0,0,0,0,0,0,-32307,0,0,0,0,0,92518,0
92041,-360,6660,-222,104,-642,7047,85044,-3666,-1880,-4129,-10016,36834,689,29,144,0,0,0,0,0,0,0,0,-32306,0,0,0,0,0,92524,0
92046,-1516,7922,584,96,-587,7317,84099,-4211,-1927,-4028,-10976,36711,932,29,144,0,0,0,0,0,0,0,0,-32307,0,0,0,0,0,92530,0
92051,386,6734,772,89,-514,7867,83027,-4771,-1941,-3967,-12304,36711,932,29,144,0,0,0,0,0,0,0,0,-32308,0,0,0,0,0,92535,0
92056,428,7482,206,159,-366,8705,81814,-5404,-1963,-3922,-13408,36582,1177,29,144,0,0,0,0,0,0,0,0,-32306,0,0,0,0,0,92540,0
92061,134,8046,-386,177,-346,9119,80466,-5988,-2006,-3850,-14856,36582,1177,29,144,0,0,0,0,0,0,0,0,-32306,0,0,0,0,0,92546,0
92066,738,7224,356,134,-310,9498,78984,-6582,-2048,-3667,-16088,36459,1400,29,144,0,0,0,0,0,0,0,0,-32307,0,0,0,0,0,92551,0
92071,-644,7626,574,193,-220,9845,77356,-7225,-2101,-3683,-17256,36459,1400,29,144,0,0,0,0,0,0,0,0,-32308,0,0,0,0,0,92556,0
92076,-344,9450,84,226,-160,10796,75625,-7663,-2069,-3614,-17968,36336,1616,29,144,0,0,0,0,0,0,0,0,-32306,0,0,0,0,0,92562,0
92081,226,8868,494,200,-136,11121,73769,-8227,-1982,-3424,-19368,36336,1616,29,144,0,0,0,0,0,0,0,0,-32305,0,0,0,0,0,92567,0
92086,276,8664,654,240,-109,11458,71798,-8709,-1903,-3305,-20032,36234,1789,29,144,0,0,0,0,0,0,0,0,-32308,0,0,0,0,0,92572,0
92091,-114,9644,780,232,-72,11769,69706,-9261,-1827,-3092,-21168,36234,1789,29,144,0,0,0,0,0,0,0,0,-32306,0,0,0,0,0,92578,0
92096,-678,9990,604,251,-80,12420,67522,-9647,-1764,-3079,-22000,36165,1890,29,144,0,0,0,0,0,0,0,0,-32306,0,0,0,0,0,92583,0
92101,-530,9908,442,279,-35,12744,65245,-10075,-1684,-2811,-22800,36165,1890,29,144,0,0,0,0,0,0,0,0,-32307,0,0,0,0,0,92589,0
92106,-648,10472,704,312,-61,12959,62877,-10446,-1557,-2739,-23792,36126,1919,29,144,0,0,0,0,0,0,0,0,-32307,0,0,0,0,0,92594,0
92111,-442,10868,632,303,-81,13204,60405,-10925,-1505,-2558,-24320,36126,1919,29,144,0,0,0,0,0,0,0,0,-32306,0,0,0,0,0,92599,0
92116,-782,11332,418,295,-171,13706,57875,-11161,-1379,-2415,-24880,36123,1879,29,144,0,0,0,0,0,0,0,0,-32306,0,0,0,0,0,92605,0
92121,-184,11012,312,305,-176,13859,55270,-11486,-1333,-2275,-25560,36123,1879,29,144,0,0,0,0,0,0,0,0,-32307,0,0,0,0,0,92609,0
92126,-72,11988,350,331,-165,14016,52587,-11842,-1203,-2072,-25984,36143,1796,29,144,0,0,0,0,0,0,0,0,-32307,0,0,0,0,0,92616,0
92131,-716,11588,492,354,-220,14209,49872,-11948,-1080,-1984,-26112,36143,1796,29,144,0,0,0,0,0,0,0,0,-32306,0,0,0,0,0,92621,0
92136,-142,11818,410,391,-284,14449,47105,-12181,-947,-1799,-26656,36185,1687,29,144,0,0,0,0,0,0,0,0,-32306,0,0,0,0,0,92627,0
92141,398,12068,512,368,-282,14557,44283,-12459,-841,-1556,-27144,36185,1687,29,144,0,0,0,0,0,0,0,0,-32307,0,0,0,0,0,92632,0
92146,142,12632,720,372,-311,14614,41446,-12496,-723,-1461,-27048,36253,1525,29,144,0,0,0,0,0,0,0,0,-32306,0,0,0,0,0,92638,0
92151,182,12456,722,330,-287,14645,38574,-12632,-616,-1292,-27144,36253,1525,29,144,0,0,0,0,0,0,0,0,-32306,0,0,0,0,0,92643,0
92156,1010,12426,594,297,-235,14680,35675,-12779,-537,-1057,-27480,36339,1320,29,144,0,0,0,0,0,0,0,0,-32306,0,0,0,0,0,92649,0
92161,720,12566,646,295,-231,14670,32785,-12725,-406,-974,-27064,36339,1320,29,144,0,0,0,0,0,0,0,0,-32307,0,0,0,0,0,92654,0
92166,616,12638,848,316,-233,14648,29889,-12714,-260,-777,-27000,36436,1103,29,144,0,0,0,0,0,0,0,0,-32307,0,0,0,0,0,92659,0
92171,894,12538,704,279,-215,14625,26987,-12756,-155,-603,-26752,36436,1103,29,144,0,0,0,0,0,0,0,0,-32307,0,0,0,0,0,92664,0
92176,880,12308,578,269,-198,14500,24108,-12681,-24,-453,-26296,36548,869,29,144,0,0,0,0,0,0,0,0,-32308,0,0,0,0,0,92670,0
92181,1058,12050,680,230,-190,14445,21249,-12567,82,-283,-25864,36548,869,29,144,0,0,0,0,0,0,0,0,-32307,0,0,0,0,0,92676,0
92186,1074,11970,652,207,-184,14362,18422,-12409,184,-74,-25416,36660,650,29,144,0,0,0,0,0,0,0,0,-32307,0,0,0,0,0,92680,0
92191,1206,11724,612,284,-188,14239,15637,-12256,354,55,-24912,36660,650,29,144,0,0,0,0,0,0,0,0,-32307,0,0,0,0,0,92686,0
92196,4056,10522,988,292,-215,13535,12903,-12010,488,233,-24256,36785,394,29,144,0,0,0,0,0,0,0,0,-32307,0,0,0,0,0,92692,0
92201,28194,15522,538,297,-399,9275,10314,-11256,712,67,-20832,36785,394,29,144,0,0,0,0,0,0,0,0,-32307,0,0,0,0,0,92698,0
92206,32511,8498,-1936,393,336,7642,8364,-8198,1980,-811,-12024,36852,306,29,144,0,0,0,0,0,0,0,0,-32307,0,0,0,0,0,92703,0
92211,4694,13128,2206,375,913,4942,7553,-3028,5146,-2957,1672,36852,306,29,144,0,0,0,0,0,0,0,0,-32307,0,0,0,0,0,92708,0
92216,-25646,8636,-1114,575,827,6459,8045,2785,9947,-1431,10208,36825,391,29,144,0,0,0,0,0,0,0,0,-32308,0,0,0,0,0,92714,0
92221,-9130,7272,590,295,893,6837,9460,6482,14366,-2089,9984,36825,391,29,144,0,0,0,0,0,0,0,0,-32308,0,0,0,0,0,92719,0
92226,3368,10688,468,215,1035,6262,10883,6148,14841,-6512,10432,36987,10,29,144,0,0,0,0,0,0,0,0,-32310,0,0,0,0,0,92725,0
92231,17344,16440,2234,307,888,6463,12070,5221,10604,-3890,9480,36987,10,29,144,0,0,0,0,0,0,0,0,-32307,0,0,0,0,0,92730,0
92236,-10928,8586,1746,342,1029,4468,13238,5121,4756,-483,9680,37067,-164,29,144,0,0,0,0,0,0,0,0,-32307,0,0,0,0,0,92735,0
92241,-11548,10732,1186,440,752,4721,14357,4901,239,-504,2520,37067,-164,29,144,0,0,0,0,0,0,0,0,-32306,0,0,0,0,0,92741,0
92246,-5996,5338,-3392,476,601,4315,15078,2866,-1839,-5704,-1128,37181,-475,29,144,0,0,0,0,0,0,0,0,-32307,0,0,0,0,0,92746,0
92251,-656,8610,-592,292,484,3822,15146,1,-3250,-7534,-3560,37181,-475,29,144,0,0,0,0,0,0,0,0,-32305,0,0,0,0,0,92752,0
92256,-6510,10068,2700,265,-11,4086,14830,-1485,-5154,-3711,-3752,37090,-139,29,144,0,0,0,0,0,0,0,0,-32307,0,0,0,0,0,92757,0
92261,-7972,9064,-750,436,-208,4372,14444,-1706,-6095,-756,-3384,37090,-139,29,144,0,0,0,0,0,0,0,0,-32306,0,0,0,0,0,92763,0
92266,-9934,6794,904,434,-266,4100,14056,-1698,-5181,-187,-2936,36842,125,29,144,0,0,0,0,0,0,0,0,-32307,0,0,0,0,0,92768,0
92271,-4308,8572,1766,307,-452,4616,13674,-1671,-2821,-47,-2672,36842,125,29,144,0,0,0,0,0,0,0,0,-32307,0,0,0,0,0,92773,0
92276,4860,5404,266,468,-665,3092,13313,-1583,-794,14,-2360,36854,208,29,144,0,0,0,0,0,0,0,0,-32307,0,0,0,0,0,92779,0
92281,7966,7530,-768,555,-770,2982,12977,-1466,47,57,-1976,36854,208,29,144,0,0,0,0,0,0,0,0,-32307,0,0,0,0,0,92784,0
92286,120,8152,-266,562,-811,2154,12674,-1321,265,61,-1504,36774,175,29,144,0,0,0,0,0,0,0,0,-32307,0,0,0,0,0,92789,0
92291,-2688,7650,902,546,-903,2370,12417,-1109,392,109,-88,36774,175,29,144,0,0,0,0,0,0,0,0,-32307,0,0,0,0,0,92795,0
92296,-3660,6198,78,645,-887,2236,12270,-571,620,836,328,36910,148,29,144,0,0,0,0,0,0,0,0,-32307,0,0,0,0,0,92800,0
92301,2854,6062,766,536,-962,2425,12272,64,1043,805,-128,36910,148,29,144,0,0,0,0,0,0,0,0,-32307,0,0,0,0,0,92806,0
92306,3298,6036,74,548,-909,1841,12310,171,1353,-236,152,36932,128,29,144,0,0,0,0,0,0,0,0,-32307,0,0,0,0,0,92811,0
92311,2524,6464,-104,651,-822,1613,12382,328,1366,16,352,36932,128,29,144,0,0,0,0,0,0,0,0,-32307,0,0,0,0,0,92817,0
92316,1054,8820,1390,630,-707,1744,12484,460,1091,130,472,37026,125,29,144,0,0,0,0,0,0,0,0,-32307,0,0,0,0,0,92823,0
92321,2128,8816,1864,598,-594,1656,12601,513,672,140,512,37026,125,29,144,0,0,0,0,0,0,0,0,-32306,0,0,0,0,0,92828,0
92326,1876,7184,426,756,-562,1360,12723,543,370,129,520,37026,132,29,144,0,0,0,0,0,0,0,0,-32307,0,0,0,0,0,92833,0
92331,1378,8632,866,578,-375,1272,12844,542,259,102,472,37026,132,29,144,0,0,0,0,0,0,0,0,-32307,0,0,0,0,0,92839,0
92336,-292,7960,1356,530,-292,1099,12965,524,128,92,400,37025,132,29,144,0,0,0,0,0,0,0,0,-32307,0,0,0,0,0,92843,0
92341,450,6662,966,584,-253,1131,13076,484,20,79,272,37025,132,29,144,0,0,0,0,0,0,0,0,-32306,0,0,0,0,0,92850,0
92346,696,6932,704,589,-194,1060,13177,440,-48,39,240,37025,127,29,144,0,0,0,0,0,0,0,0,-32307,0,0,0,0,0,92855,0
92351,648,6990,806,565,-123,1046,13264,372,-113,33,168,37025,127,29,144,0,0,0,0,0,0,0,0,-32307,0,0,0,0,0,92860,0
92356,882,6392,780,528,10,918,13341,337,-151,38,160,37027,122,29,144,0,0,0,0,0,0,0,0,-32307,0,0,0,0,0,92866,0
92361,1090,6228,528,534,83,843,13401,261,-177,42,72,37027,122,29,144,0,0,0,0,0,0,0,0,-32307,0,0,0,0,0,92871,0
92366,1324,6372,696,513,170,706,13446,188,-199,25,40,37033,126,29,144,0,0,0,0,0,0,0,0,-32307,0,0,0,0,0,92877,0
92371,1090,6244,626,503,251,599,13470,101,-234,35,40,37033,126,29,144,0,0,0,0,0,0,0,0,-32307,0,0,0,0,0,92882,0
92376,880,5888,374,485,375,454,13484,57,-237,44,16,37034,120,29,144,0,0,0,0,0,0,0,0,-32307,0,0,0,0,0,92888,0
92381,1046,6026,510,458,436,363,13487,9,-240,52,16,37034,120,29,144,0,0,0,0,0,0,0,0,-32307,0,0,0,0,0,92893,0
92386,1150,5744,522,438,496,286,13485,-8,-197,47,16,37033,123,29,144,0,0,0,0,0,0,0,0,-32307,0,0,0,0,0,92899,0
92391,1310,5684,354,435,561,188,13485,-1,-131,45,16,37033,123,29,144,0,0,0,0,0,0,0,0,-32307,0,0,0,0,0,92904,0
92396,1636,5664,344,430,660,22,13485,2,-73,50,8,37029,122,29,144,0,0,0,0,0,0,0,0,-32307,0,0,0,0,0,92910,0
92401,1780,5652,270,423,707,-73,13485,-3,-29,50,16,37029,122,29,144,0,0,0,0,0,0,0,0,-32307,0,0,0,0,0,92914,0
92406,1904,5728,300,417,752,-169,13485,1,1,48,16,37029,124,29,144,0,0,0,0,0,0,0,0,-32307,0,0,0,0,0,92920,0
92411,1980,5708,252,425,772,-261,13486,2,4,46,16,37029,124,29,144,0,0,0,0,0,0,0,0,-32307,0,0,0,0,0,92926,0
92416,2360,5694,204,444,823,-458,13485,3,-1,49,16,37030,126,29,144,0,0,0,0,0,0,0,0,-32307,0,0,0,0,0,92931,0
92421,2364,5760,152,460,836,-554,13487,1,-1,47,24,37030,126,29,144,0,0,0,0,0,0,0,0,-32307,0,0,0,0,0,92937,0
92426,2306,5804,120,478,834,-644,13488,2,2,47,16,37027,130,29,144,0,0,0,0,0,0,0,0,-32307,0,0,0,0,0,92942,0
92431,2388,5784,86,501,849,-704,13492,15,4,49,16,37027,130,29,144,0,0,0,0,0,0,0,0,-32307,0,0,0,0,0,92948,0
92436,2176,5702,68,550,848,-759,13498,38,12,47,32,37027,131,29,144,0,0,0,0,0,0,0,0,-32307,0,0,0,0,0,92953,0
92441,2110,5672,78,573,829,-737,13509,55,29,45,40,37027,131,29,144,0,0,0,0,0,0,0,0,-32307,0,0,0,0,0,92958,0
92446,2172,5646,24,605,812,-692,13534,110,59,38,72,37030,134,29,144,0,0,0,0,0,0,0,0,-32307,0,0,0,0,0,92964,0
92451,2506,5692,50,635,791,-662,13580,212,121,37,136,37030,134,29,144,0,0,0,0,0,0,0,0,-32307,0,0,0,0,0,92968,0
92456,3698,6018,182,705,745,-688,13643,289,193,52,200,37034,131,29,144,0,0,0,0,0,0,0,0,-32307,0,0,0,0,0,92974,0
92461,4102,6188,248,741,731,-753,13720,344,239,57,216,37034,131,29,144,0,0,0,0,0,0,0,0,-32307,0,0,0,0,0,92980,0
92466,4290,6352,326,784,715,-840,13811,405,251,42,288,37041,122,29,144,0,0,0,0,0,0,0,0,-32307,0,0,0,0,0,92985,0
92471,4280,6432,332,823,697,-927,13909,441,232,37,296,37041,122,29,144,0,0,0,0,0,0,0,0,-32306,0,0,0,0,0,92990,0
92476,3856,6206,294,886,661,-1022,14026,507,196,33,408,37041,116,29,144,0,0,0,0,0,0,0,0,-32307,0,0,0,0,0,92996,0
92481,3794,6052,328,901,635,-1030,14157,591,194,36,592,37041,116,29,144,0,0,0,0,0,0,0,0,-32306,0,0,0,0,0,93002,0
92486,3770,5932,374,921,595,-1037,14312,694,229,26,760,37039,110,29,144,0,0,0,0,0,0,0,0,-32307,0,0,0,0,0,93007,0
92491,3888,5828,444,937,554,-1046,14483,763,260,2,880,37039,110,29,144,0,0,0,0,0,0,0,0,-32307,0,0,0,0,0,93013,0
92496,4188,5902,614,960,462,-1087,14672,830,284,-6,960,37039,116,29,144,0,0,0,0,0,0,0,0,-32307,0,0,0,0,0,93018,0
92501,4228,6016,648,961,428,-1128,14875,903,279,-22,1080,37039,116,29,144,0,0,0,0,0,0,0,0,-32307,0,0,0,0,0,93022,0
92506,4228,6080,714,962,382,-1175,15089,946,254,-32,1144,37034,120,29,144,0,0,0,0,0,0,0,0,-32307,0,0,0,0,0,93029,0
92511,4146,6066,716,951,344,-1213,15315,1000,214,-60,1224,37034,120,29,144,0,0,0,0,0,0,0,0,-32307,0,0,0,0,0,93034,0
92516,4116,6064,792,934,244,-1278,15552,1048,192,-62,1264,37034,120,29,144,0,0,0,0,0,0,0,0,-32307,0,0,0,0,0,93039,0
92521,4154,6092,804,915,187,-1301,15802,1104,185,-78,1344,37034,120,29,144,0,0,0,0,0,0,0,0,-32307,0,0,0,0,0,93045,0
92526,4266,6156,824,896,130,-1323,16060,1147,172,-101,1416,37036,117,29,144,0,0,0,0,0,0,0,0,-32307,0,0,0,0,0,93051,0
92531,4340,6232,848,871,79,-1345,16332,1195,178,-110,1440,37036,117,29,144,0,0,0,0,0,0,0,0,-32307,0,0,0,0,0,93056,0
92536,4430,6606,932,823,-14,-1395,16614,1233,169,-122,1488,37036,118,29,144,0,0,0,0,0,0,0,0,-32307,0,0,0,0,0,93061,0
92541,4394,6706,900,797,-73,-1418,16902,1275,163,-146,1504,37036,118,29,144,0,0,0,0,0,0,0,0,-32307,0,0,0,0,0,93067,0
92546,4570,6758,1048,770,-120,-1439,17197,1304,143,-158,1520,37035,114,29,144,0,0,0,0,0,0,0,0,-32307,0,0,0,0,0,93072,0
92551,4658,6762,1048,747,-155,-1468,17499,1328,123,-178,1528,37035,114,29,144,0,0,0,0,0,0,0,0,-32307,0,0,0,0,0,93078,0
92556,4710,6828,1076,699,-228,-1502,17808,1356,114,-201,1552,37034,114,29,144,0,0,0,0,0,0,0,0,-32307,0,0,0,0,0,93083,0
92561,4616,6844,1058,670,-263,-1504,18123,1380,113,-221,1608,37034,114,29,144,0,0,0,0,0,0,0,0,-32306,0,0,0,0,0,93089,0
92566,4482,6872,1040,644,-305,-1507,18447,1421,98,-255,1640,37039,116,29,144,0,0,0,0,0,0,0,0,-32307,0,0,0,0,0,93093,0
92571,4538,6904,1064,622,-342,-1501,18777,1455,107,-260,1664,37039,116,29,144,0,0,0,0,0,0,0,0,-32307,0,0,0,0,0,93099,0
92576,4640,7120,1032,562,-414,-1517,19111,1473,105,-281,1696,37041,114,29,144,0,0,0,0,0,0,0,0,-32307,0,0,0,0,0,93105,0
92581,4618,7138,1016,536,-457,-1523,19451,1496,95,-299,1672,37041,114,29,144,0,0,0,0,0,0,0,0,-32307,0,0,0,0,0,93110,0
92586,4568,7166,986,509,-497,-1536,19722,1493,80,-314,1632,37043,111,29,144,0,0,0,0,0,0,0,0,-32307,0,0,0,0,0,93115,0
92591,4572,7208,998,474,-531,-1542,20067,1516,65,-338,1600,37043,111,29,144,0,0,0,0,0,0,0,0,-32306,0,0,0,0,0,93121,0
92596,4484,7202,892,423,-593,-1544,20412,1516,45,-358,1584,37041,105,29,144,0,0,0,0,0,0,0,0,-32307,0,0,0,0,0,93127,0
92601,4482,7256,852,395,-612,-1541,20756,1512,28,-381,1536,37041,105,29,144,0,0,0,0,0,0,0,0,-32306,0,0,0,0,0,93132,0
92606,4512,7258,814,376,-636,-1539,21095,1492,2,-404,1440,37037,101,29,144,0,0,0,0,0,0,0,0,-32307,0,0,0,0,0,93137,0
92611,4494,7254,806,355,-654,-1537,21431,1471,-22,-429,1408,37037,101,29,144,0,0,0,0,0,0,0,0,-32307,0,0,0,0,0,93143,0
92616,4390,7282,722,327,-686,-1531,21758,1437,-60,-455,1288,37038,110,29,144,0,0,0,0,0,0,0,0,-32307,0,0,0,0,0,93147,0
92621,4384,7238,676,309,-704,-1525,22077,1395,-86,-469,1216,37038,110,29,144,0,0,0,0,0,0,0,0,-32307,0,0,0,0,0,93154,0
92626,4330,7122,646,290,-710,-1520,22384,1351,-114,-503,1088,37039,107,29,144,0,0,0,0,0,0,0,0,-32307,0,0,0,0,0,93159,0
92631,4406,7164,614,285,-726,-1509,22682,1309,-140,-507,984,37039,107,29,144,0,0,0,0,0,0,0,0,-32307,0,0,0,0,0,93165,0
92636,4404,7162,508,260,-735,-1491,22966,1250,-159,-530,888,37039,105,29,144,0,0,0,0,0,0,0,0,-32307,0,0,0,0,0,93170,0
92641,4344,7168,508,250,-740,-1483,23242,1200,-163,-532,736,37039,105,29,144,0,0,0,0,0,0,0,0,-32306,0,0,0,0,0,93175,0
92646,4406,7166,480,243,-751,-1473,23503,1153,-174,-542,616,37039,93,29,144,0,0,0,0,0,0,0,0,-32307,0,0,0,0,0,93181,0
92651,4432,7122,438,237,-755,-1461,23753,1087,-179,-570,488,37039,93,29,144,0,0,0,0,0,0,0,0,-32306,0,0,0,0,0,93186,0
92656,4476,7084,360,222,-741,-1426,23990,1035,-186,-594,376,37041,94,29,144,0,0,0,0,0,0,0,0,-32307,0,0,0,0,0,93192,0
92661,4468,7032,342,218,-741,-1407,24214,985,-191,-615,320,37041,94,29,144,0,0,0,0,0,0,0,0,-32307,0,0,0,0,0,93197,0
92666,4512,7060,348,224,-730,-1375,24421,912,-202,-629,256,37041,91,29,144,0,0,0,0,0,0,0,0,-32307,0,0,0,0,0,93202,0
92671,4490,7078,324,216,-713,-1355,24615,840,-211,-651,192,37041,91,29,144,0,0,0,0,0,0,0,0,-32306,0,0,0,0,0,93208,0
92676,4568,7112,310,220,-703,-1291,24791,772,-226,-668,144,37044,98,29,144,0,0,0,0,0,0,0,0,-32306,0,0,0,0,0,93213,0
92681,4594,7166,310,225,-682,-1257,24953,699,-234,-678,128,37044,98,29,144,0,0,0,0,0,0,0,0,-32307,0,0,0,0,0,93218,0
92686,4632,7194,268,223,-665,-1226,25097,629,-242,-700,112,37051,97,30,144,0,0,0,0,0,0,0,0,-32307,0,0,0,0,0,93224,0
92691,4652,7206,236,229,-649,-1187,25228,571,-242,-702,56,37051,97,30,144,0,0,0,0,0,0,0,0,-32307,0,0,0,0,0,93230,0
92696,4746,7172,216,233,-609,-1104,25343,498,-235,-717,32,37065,99,30,144,0,0,0,0,0,0,0,0,-32307,0,0,0,0,0,93235,0
92701,4728,7178,246,239,-575,-1059,25441,423,-236,-732,-16,37065,99,30,144,0,0,0,0,0,0,0,0,-32307,0,0,0,0,0,93241,0
92706,4758,7150,242,243,-546,-1009,25522,350,-242,-709,-40,37064,104,29,144,0,0,0,0,0,0,0,0,-32307,0,0,0,0,0,93246,0
92711,4802,7154,258,244,-516,-963,25592,298,-236,-693,-64,37064,104,29,144,0,0,0,0,0,0,0,0,-32306,0,0,0,0,0,93251,0
92716,4958,7164,272,256,-432,-874,25648,243,-226,-690,-88,37052,110,29,144,0,0,0,0,0,0,0,0,-32307,0,0,0,0,0,93256,0
92721,4900,7148,260,254,-386,-830,25687,155,-218,-689,-136,37052,110,29,144,0,0,0,0,0,0,0,0,-32307,0,0,0,0,0,93262,0
92726,4846,7148,290,253,-344,-782,25712,104,-221,-678,-176,37039,120,29,144,0,0,0,0,0,0,0,0,-32307,0,0,0,0,0,93268,0
92731,4800,7118,262,257,-308,-735,25721,29,-232,-648,-224,37039,120,29,144,0,0,0,0,0,0,0,0,-32307,0,0,0,0,0,93272,0
92736,4812,7066,274,253,-224,-637,25717,-19,-233,-662,-224,37032,118,29,144,0,0,0,0,0,0,0,0,-32307,0,0,0,0,0,93278,0
92741,4904,7046,290,253,-182,-611,25713,-6,-193,-670,-216,37032,118,29,144,0,0,0,0,0,0,0,0,-32307,0,0,0,0,0,93284,0
92746,5024,7088,288,251,-147,-593,25714,6,-117,-666,-208,37033,121,29,144,0,0,0,0,0,0,0,0,-32307,0,0,0,0,0,93290,0
92751,5042,7130,306,238,-106,-590,25712,-11,-48,-667,-232,37033,121,29,144,0,0,0,0,0,0,0,0,-32307,0,0,0,0,0,93295,0
92756,4844,7050,308,228,-31,-590,25713,-2,8,-664,-216,37032,126,29,144,0,0,0,0,0,0,0,0,-32307,0,0,0,0,0,93300,0
92761,4712,6958,338,211,-8,-582,25712,-5,7,-661,-232,37032,126,29,144,0,0,0,0,0,0,0,0,-32307,0,0,0,0,0,93306,0
92766,4652,6884,316,213,14,-568,25713,2,2,-662,-216,37033,129,29,144,0,0,0,0,0,0,0,0,-32307,0,0,0,0,0,93311,0
92771,4602,6784,344,202,25,-553,25712,1,0,-664,-224,37033,129,29,144,0,0,0,0,0,0,0,0,-32307,0,0,0,0,0,93317,0
92776,4634,6828,360,185,47,-534,25714,3,7,-663,-224,37038,127,29,144,0,0,0,0,0,0,0,0,-32307,0,0,0,0,0,93322,0
92781,4672,6888,374,171,55,-540,25711,-2,-2,-664,-224,37038,127,29,144,0,0,0,0,0,0,0,0,-32307,0,0,0,0,0,93327,0
92786,4686,6890,384,157,65,-532,25713,0,0,-667,-224,37038,122,29,144,0,0,0,0,0,0,0,0,-32307,0,0,0,0,0,93333,0
92791,4670,6932,386,146,62,-537,25713,4,2,-666,-224,37038,122,29,144,0,0,0,0,0,0,0,0,-32307,0,0,0,0,0,93339,0
92796,4612,6930,364,126,65,-529,25713,-5,-2,-665,-216,37037,118,29,144,0,0,0,0,0,0,0,0,-32307,0,0,0,0,0,93344,0
92801,4652,6898,330,106,63,-520,25712,-2,-1,-666,-216,37037,118,29,144,0,0,0,0,0,0,0,0,-32306,0,0,0,0,0,93349,0
92806,4606,6924,336,98,52,-516,25713,3,0,-662,-216,37031,120,29,144,0,0,0,0,0,0,0,0,-32307,0,0,0,0,0,93355,0
92811,4654,6934,360,86,55,-499,25713,0,1,-663,-216,37031,120,29,144,0,0,0,0,0,0,0,0,-32307,0,0,0,0,0,93361,0
92816,4702,6976,334,69,42,-480,25712,0,-1,-666,-216,37030,120,29,144,0,0,0,0,0,0,0,0,-32307,0,0,0,0,0,93366,0
92821,4710,7006,326,64,35,-470,25711,-6,-1,-665,-216,37030,120,29,144,0,0,0,0,0,0,0,0,-32307,0,0,0,0,0,93371,0
92826,4678,6990,334,52,33,-464,25712,-5,1,-665,-224,37031,124,29,144,0,0,0,0,0,0,0,0,-32307,0,0,0,0,0,93377,0
92831,4726,6994,320,47,28,-451,25713,5,1,-664,-216,37031,124,29,144,0,0,0,0,0,0,0,0,-32307,0,0,0,0,0,93382,0
92836,4646,6994,310,39,19,-431,25713,5,3,-667,-216,37031,126,29,144,0,0,0,0,0,0,0,0,-32307,0,0,0,0,0,93388,0
92841,4654,6974,296,39,17,-423,25711,-4,0,-666,-232,37031,126,29,144,0,0,0,0,0,0,0,0,-32307,0,0,0,0,0,93393,0
92846,4632,6956,252,27,19,-414,25712,-8,-1,-661,-216,37032,131,29,144,0,0,0,0,0,0,0,0,-32307,0,0,0,0,0,93398,0
92851,4628,6978,262,21,6,-404,25712,1,-4,-663,-224,37032,131,29,144,0,0,0,0,0,0,0,0,-32307,0,0,0,0,0,93404,0
92856,4602,7042,276,21,-5,-396,25712,-1,-2,-665,-224,37032,125,29,144,0,0,0,0,0,0,0,0,-32307,0,0,0,0,0,93409,0
92861,4664,7110,258,18,-14,-401,25712,-3,-2,-664,-224,37032,125,29,144,0,0,0,0,0,0,0,0,-32307,0,0,0,0,0,93415,0
92866,4656,7162,246,11,-20,-396,25712,-3,-5,-663,-216,37031,124,29,144,0,0,0,0,0,0,0,0,-32307,0,0,0,0,0,93420,0
92871,4674,7206,264,8,-21,-394,25713,0,3,-663,-224,37031,124,29,144,0,0,0,0,0,0,0,0,-32307,0,0,0,0,0,93426,0
92876,4646,7272,248,-2,-39,-386,25712,-7,-1,-664,-224,37031,122,29,144,0,0,0,0,0,0,0,0,-32307,0,0,0,0,0,93431,0
92881,4602,7308,276,-9,-46,-377,25712,-1,0,-665,-216,37031,122,29,144,0,0,0,0,0,0,0,0,-32307,0,0,0,0,0,93437,0
92886,4628,7330,256,-16,-54,-365,25713,1,-1,-663,-224,37036,126,29,144,0,0,0,0,0,0,0,0,-32307,0,0,0,0,0,93442,0
92891,4630,7366,258,-20,-59,-358,25712,0,1,-665,-224,37036,126,29,144,0,0,0,0,0,0,0,0,-32307,0,0,0,0,0,93447,0
92896,4634,7388,258,-42,-80,-347,25712,1,0,-665,-224,37037,124,29,144,0,0,0,0,0,0,0,0,-32307,0,0,0,0,0,93452,0
92901,4570,7380,236,-44,-91,-341,25713,3,1,-663,-224,37037,124,29,144,0,0,0,0,0,0,0,0,-32307,0,0,0,0,0,93458,0
92906,4550,7382,238,-58,-100,-338,25712,-1,4,-663,-216,37038,126,29,144,0,0,0,0,0,0,0,0,-32307,0,0,0,0,0,93464,0
92911,4522,7326,246,-65,-109,-329,25712,-5,2,-663,-216,37038,126,29,144,0,0,0,0,0,0,0,0,-32307,0,0,0,0,0,93470,0
92916,4466,7308,232,-78,-128,-318,25713,-2,0,-666,-224,37032,127,29,144,0,0,0,0,0,0,0,0,-32307,0,0,0,0,0,93475,0
92921,4454,7260,218,-87,-137,-313,25713,-3,3,-665,-216,37032,127,29,144,0,0,0,0,0,0,0,0,-32307,0,0,0,0,0,93481,0
92926,4448,7200,198,-91,-142,-307,25711,-1,0,-664,-216,37031,131,29,144,0,0,0,0,0,0,0,0,-32307,0,0,0,0,0,93487,0
92931,4410,7174,196,-102,-147,-301,25712,0,-1,-665,-224,37031,131,29,144,0,0,0,0,0,0,0,0,-32307,0,0,0,0,0,93492,0
92936,4362,7116,168,-104,-152,-292,25713,-2,-2,-667,-232,37030,132,29,144,0,0,0,0,0,0,0,0,-32307,0,0,0,0,0,93497,0
92941,4370,7090,156,-111,-153,-295,25712,3,5,-665,-224,37030,132,29,144,0,0,0,0,0,0,0,0,-32307,0,0,0,0,0,93503,0
92946,4374,7096,184,-113,-155,-298,25712,0,2,-661,-232,37033,122,29,144,0,0,0,0,0,0,0,0,-32307,0,0,0,0,0,93507,0
92951,4344,7090,136,-116,-149,-296,25711,-2,-2,-663,-224,37033,122,29,144,0,0,0,0,0,0,0,0,-32307,0,0,0,0,0,93513,0
92956,4308,7054,120,-132,-147,-296,25712,-1,-2,-663,-224,37037,125,29,144,0,0,0,0,0,0,0,0,-32307,0,0,0,0,0,93519,0
92961,4256,7038,102,-134,-143,-295,25713,6,-3,-663,-224,37037,125,29,144,0,0,0,0,0,0,0,0,-32307,0,0,0,0,0,93524,0
92966,4208,7012,122,-134,-138,-293,25712,4,1,-664,-216,37038,117,29,144,0,0,0,0,0,0,0,0,-32307,0,0,0,0,0,93529,0
92971,4212,6980,104,-136,-131,-292,25710,-2,0,-663,-224,37038,117,29,144,0,0,0,0,0,0,0,0,-32307,0,0,0,0,0,93535,0
92976,4164,6984,52,-146,-123,-297,25712,2,-6,-665,-224,37034,122,29,144,0,0,0,0,0,0,0,0,-32307,0,0,0,0,0,93541,0
92981,4124,6968,70,-148,-115,-294,25709,-7,-2,-667,-208,37034,122,29,144,0,0,0,0,0,0,0,0,-32307,0,0,0,0,0,93546,0
92986,4142,6978,42,-150,-111,-297,25710,0,-3,-671,-200,37031,118,29,144,0,0,0,0,0,0,0,0,-32307,0,0,0,0,0,93551,0
92991,4136,6978,28,-147,-103,-300,25709,-3,-4,-667,-200,37031,118,29,144,0,0,0,0,0,0,0,0,-32307,0,0,0,0,0,93557,0
92996,4064,7028,8,-143,-81,-305,25708,-7,1,-664,-208,37034,121,29,144,0,0,0,0,0,0,0,0,-32307,0,0,0,0,0,93561,0
93001,4058,7052,-12,-144,-65,-305,25710,3,-2,-662,-200,37034,121,29,144,0,0,0,0,0,0,0,0,-32307,0,0,0,0,0,93568,0
93006,3966,7046,-44,-150,-57,-306,25709,1,5,-661,-208,37034,118,29,144,0,0,0,0,0,0,0,0,-32307,0,0,0,0,0,93573,0
93011,3948,7106,-66,-141,-46,-311,25709,4,2,-664,-200,37034,118,29,144,0,0,0,0,0,0,0,0,-32307,0,0,0,0,0,93579,0
93016,3886,7082,-66,-137,-29,-310,25709,0,-1,-663,-200,37034,121,29,144,0,0,0,0,0,0,0,0,-32307,0,0,0,0,0,93584,0
93021,3826,7104,-56,-134,-29,-317,25708,0,1,-665,-200,37034,121,29,144,0,0,0,0,0,0,0,0,-32307,0,0,0,0,0,93589,0
93026,3786,7066,-104,-126,-24,-321,25708,-3,-6,-666,-208,37030,122,29,144,0,0,0,0,0,0,0,0,-32307,0,0,0,0,0,93595,0
93031,3768,7062,-110,-130,-14,-325,25707,-3,-4,-667,-208,37030,122,29,144,0,0,0,0,0,0,0,0,-32307,0,0,0,0,0,93600,0
93036,3708,7054,-126,-107,-4,-341,25706,-4,-3,-666,-216,37030,112,29,144,0,0,0,0,0,0,0,0,-32307,0,0,0,0,0,93606,0
93041,3676,7050,-150,-107,5,-356,25707,-1,-4,-666,-200,37030,112,29,144,0,0,0,0,0,0,0,0,-32307,0,0,0,0,0,93611,0
93046,3642,7086,-140,-101,4,-364,25707,2,1,-664,-200,37030,115,29,144,0,0,0,0,0,0,0,0,-32307,0,0,0,0,0,93616,0
93051,3634,7116,-136,-103,11,-377,25705,-1,2,-664,-200,37030,115,29,144,0,0,0,0,0,0,0,0,-32307,0,0,0,0,0,93622,0
93056,3622,7160,-180,-95,21,-400,25705,-5,-3,-662,-208,37030,123,29,144,0,0,0,0,0,0,0,0,-32307,0,0,0,0,0,93627,0
93061,3624,7174,-166,-90,33,-418,25705,0,-1,-661,-208,37030,123,29,144,0,0,0,0,0,0,0,0,-32307,0,0,0,0,0,93633,0
93066,3580,7172,-120,-86,40,-430,25706,6,4,-665,-200,37030,131,29,144,0,0,0,0,0,0,0,0,-32307,0,0,0,0,0,93638,0
93071,3534,7176,-142,-80,52,-444,25705,0,-1,-663,-208,37030,131,29,144,0,0,0,0,0,0,0,0,-32307,0,0,0,0,0,93644,0
93076,3526,7140,-144,-79,71,-467,25705,1,0,-667,-208,37032,127,29,144,0,0,0,0,0,0,0,0,-32307,0,0,0,0,0,93649,0
93081,3494,7098,-138,-71,86,-475,25704,4,0,-667,-208,37032,127,29,144,0,0,0,0,0,0,0,0,-32307,0,0,0,0,0,93655,0
93086,3448,7100,-168,-75,99,-488,25705,2,-1,-666,-208,37033,129,29,144,0,0,0,0,0,0,0,0,-32307,0,0,0,0,0,93660,0
93091,3462,7048,-166,-65,114,-497,25704,-4,-5,-664,-200,37033,129,29,144,0,0,0,0,0,0,0,0,-32307,0,0,0,0,0,93665,0
93096,3400,7032,-164,-65,140,-530,25703,-3,1,-657,-224,37037,125,29,144,0,0,0,0,0,0,0,0,-32308,0,0,0,0,0,93670,0
93101,3386,7032,-176,-58,143,-540,25702,-7,-2,-663,-224,37037,125,29,144,0,0,0,0,0,0,0,0,-32307,0,0,0,0,0,93676,0
93106,3360,7020,-188,-53,160,-557,25702,-4,-3,-663,-224,37037,132,29,144,0,0,0,0,0,0,0,0,-32307,0,0,0,0,0,93682,0
93111,3346,7038,-190,-48,166,-570,25701,-3,-1,-662,-224,37037,132,29,144,0,0,0,0,0,0,0,0,-32307,0,0,0,0,0,93686,0
93116,3290,7078,-202,-35,185,-598,25703,2,4,-662,-216,37037,128,29,144,0,0,0,0,0,0,0,0,-32307,0,0,0,0,0,93692,0
93121,3258,7102,-210,-31,196,-617,25702,-1,2,-663,-224,37037,128,29,144,0,0,0,0,0,0,0,0,-32307,0,0,0,0,0,93698,0
93126,3254,7066,-234,-24,203,-627,25701,2,2,-664,-224,37035,122,29,144,0,0,0,0,0,0,0,0,-32307,0,0,0,0,0,93704,0
93131,3228,7096,-238,-11,210,-645,25701,0,-5,-665,-224,37035,122,29,144,0,0,0,0,0,0,0,0,-32307,0,0,0,0,0,93709,0
93136,3198,7070,-204,6,222,-670,25701,-1,0,-667,-216,37031,125,29,144,0,0,0,0,0,0,0,0,-32308,0,0,0,0,0,93714,0
93141,3212,7068,-220,10,227,-686,25701,-2,2,-665,-216,37031,125,29,144,0,0,0,0,0,0,0,0,-32307,0,0,0,0,0,93720,0
93146,3158,6952,-204,18,228,-700,25701,0,0,-665,-232,37032,118,29,144,0,0,0,0,0,0,0,0,-32307,0,0,0,0,0,93724,0
93151,3198,6972,-230,33,237,-710,25700,-3,-3,-664,-224,37032,118,29,144,0,0,0,0,0,0,0,0,-32307,0,0,0,0,0,93730,0
93156,3208,7150,-240,51,262,-748,25701,4,-1,-662,-216,37032,120,29,144,0,0,0,0,0,0,0,0,-32307,0,0,0,0,0,93736,0
93161,3172,7144,-258,58,264,-757,25701,1,-3,-664,-224,37032,120,29,144,0,0,0,0,0,0,0,0,-32307,0,0,0,0,0,93741,0
93166,3088,7128,-264,74,268,-766,25701,3,5,-665,-216,37032,121,29,144,0,0,0,0,0,0,0,0,-32307,0,0,0,0,0,93747,0
93171,3092,7100,-278,87,266,-770,25700,1,0,-663,-216,37032,121,29,144,0,0,0,0,0,0,0,0,-32307,0,0,0,0,0,93752,0
93176,3138,7074,-304,121,279,-788,25701,1,2,-667,-232,37033,115,29,144,0,0,0,0,0,0,0,0,-32308,0,0,0,0,0,93758,0
93181,3090,7112,-280,129,286,-797,25701,0,-3,-667,-232,37033,115,29,144,0,0,0,0,0,0,0,0,-32308,0,0,0,0,0,93763,0
93186,3040,7096,-266,144,290,-804,25701,4,4,-664,-224,37035,112,29,144,0,0,0,0,0,0,0,0,-32307,0,0,0,0,0,93769,0
93191,3034,7146,-258,161,292,-810,25700,1,0,-661,-216,37035,112,29,144,0,0,0,0,0,0,0,0,-32307,0,0,0,0,0,93774,0
93196,3008,7184,-300,190,313,-832,25700,-2,1,-663,-208,37035,109,29,144,0,0,0,0,0,0,0,0,-32307,0,0,0,0,0,93779,0
93201,3014,7200,-298,196,312,-843,25699,-11,0,-666,-232,37035,109,29,144,0,0,0,0,0,0,0,0,-32307,0,0,0,0,0,93785,0
93206,3004,7194,-296,213,326,-851,25700,-3,-1,-665,-224,37044,110,29,144,0,0,0,0,0,0,0,0,-32307,0,0,0,0,0,93790,0
93211,3006,7222,-286,221,332,-863,25699,2,2,-663,-224,37044,110,29,144,0,0,0,0,0,0,0,0,-32307,0,0,0,0,0,93795,0
93216,2952,7188,-234,241,351,-877,25699,-5,2,-663,-224,37043,115,29,144,0,0,0,0,0,0,0,0,-32307,0,0,0,0,0,93801,0
93221,2954,7194,-244,249,359,-890,25699,0,1,-664,-224,37043,115,29,144,0,0,0,0,0,0,0,0,-32307,0,0,0,0,0,93807,0
93226,2912,7188,-224,251,372,-900,25699,0,4,-663,-224,37040,119,29,144,0,0,0,0,0,0,0,0,-32307,0,0,0,0,0,93812,0
93231,2918,7186,-200,264,384,-910,25700,4,-1,-662,-224,37040,119,29,144,0,0,0,0,0,0,0,0,-32307,0,0,0,0,0,93817,0
93236,2852,7238,-190,270,406,-940,25698,1,-1,-665,-224,37032,124,29,144,0,0,0,0,0,0,0,0,-32307,0,0,0,0,0,93823,0
93241,2810,7280,-186,277,420,-954,25698,-4,-1,-662,-216,37032,124,29,144,0,0,0,0,0,0,0,0,-32307,0,0,0,0,0,93826,0
93246,2822,7288,-188,282,423,-963,25697,-4,-2,-664,-216,37031,127,29,144,0,0,0,0,0,0,0,0,-32307,0,0,0,0,0,93830,0
93251,2814,7248,-192,286,436,-982,25696,-2,-2,-668,-224,37031,127,29,144,0,0,0,0,0,0,0,0,-32307,0,0,0,0,0,93833,0
93256,2784,7282,-170,301,469,-1020,25694,-9,-8,-665,-224,37034,132,29,144,0,0,0,0,0,0,0,0,-32307,0,0,0,0,0,93836,0
93261,2784,7306,-198,306,481,-1034,25695,2,3,-660,-232,37034,132,29,144,0,0,0,0,0,0,0,0,-32307,0,0,0,0,0,93838,0
93266,2774,7328,-182,312,496,-1052,25693,-7,2,-663,-216,37036,127,29,144,0,0,0,0,0,0,0,0,-32307,0,0,0,0,0,93842,0
93271,2790,7318,-178,309,510,-1064,25694,-2,8,-663,-224,37036,127,29,144,0,0,0,0,0,0,0,0,-32307,0,0,0,0,0,93845,0
93276,2744,7350,-162,324,545,-1101,25693,-2,-1,-663,-224,37036,128,29,144,0,0,0,0,0,0,0,0,-32307,0,0,0,0,0,93848,0
93281,2790,7344,-178,326,560,-1125,25694,4,3,-665,-216,37036,128,29,144,0,0,0,0,0,0,0,0,-32306,0,0,0,0,0,93854,0
93286,2776,7356,-148,335,577,-1140,25692,2,0,-666,-224,37037,127,29,144,0,0,0,0,0,0,0,0,-32307,0,0,0,0,0,93859,0
93291,2774,7388,-174,341,591,-1159,25693,-3,4,-664,-224,37037,127,29,144,0,0,0,0,0,0,0,0,-32307,0,0,0,0,0,93865,0
93296,2744,7348,-134,354,620,-1187,25693,0,-1,-664,-216,37035,118,29,144,0,0,0,0,0,0,0,0,-32307,0,0,0,0,0,93870,0
93301,2748,7318,-160,359,636,-1203,25692,-1,5,-662,-224,37035,118,29,144,0,0,0,0,0,0,0,0,-32307,0,0,0,0,0,93876,0
93306,2704,7294,-176,360,651,-1215,25693,0,-1,-663,-224,37034,115,29,144,0,0,0,0,0,0,0,0,-32307,0,0,0,0,0,93882,0
93311,2670,7246,-150,367,661,-1226,25694,3,0,-661,-232,37034,115,29,144,0,0,0,0,0,0,0,0,-32306,0,0,0,0,0,93887,0
93316,2622,7202,-158,382,680,-1254,25693,0,4,-664,-224,37037,123,29,144,0,0,0,0,0,0,0,0,-32307,0,0,0,0,0,93892,0
93321,2590,7164,-176,388,701,-1264,25693,-1,-1,-663,-232,37037,123,29,144,0,0,0,0,0,0,0,0,-32307,0,0,0,0,0,93897,0
93326,4162,10104,730,348,683,-1073,25689,-18,-7,-656,-256,37036,131,29,144,0,0,0,0,0,0,0,0,-32307,0,0,0,0,0,93902,0
93331,5856,10078,1878,250,698,-709,25675,-69,-27,-644,-320,37036,131,29,144,0,0,0,0,0,0,0,0,-32307,0,0,0,0,0,93908,0
93336,9086,11846,3122,125,817,142,25634,-194,-103,-603,-576,37034,131,29,144,0,0,0,0,0,0,0,0,-32307,0,0,0,0,0,93913,0
93341,7112,12516,3556,10,938,210,25562,-325,-215,-609,-832,37034,131,29,144,0,0,0,0,0,0,0,0,-32307,0,0,0,0,0,93919,0
93346,6130,11680,2762,-28,979,-99,25461,-452,-331,-604,-1120,37029,124,29,144,0,0,0,0,0,0,0,0,-32307,0,0,0,0,0,93924,0
93351,5080,12682,3008,-116,953,-420,25333,-577,-413,-625,-1472,37029,124,29,144,0,0,0,0,0,0,0,0,-32306,0,0,0,0,0,93930,0
93356,4270,11778,260,-110,810,-610,25173,-715,-447,-660,-1688,37026,137,29,144,0,0,0,0,0,0,0,0,-32307,0,0,0,0,0,93935,0
93361,3956,10990,-332,-105,730,-594,24993,-804,-437,-643,-1848,37026,137,29,144,0,0,0,0,0,0,0,0,-32307,0,0,0,0,0,93941,0
93366,3064,9892,-896,-101,682,-659,24803,-843,-396,-637,-1808,37023,147,29,144,0,0,0,0,0,0,0,0,-32307,0,0,0,0,0,93946,0
93371,1552,8838,-1050,-41,655,-610,24622,-783,-280,-663,-1488,37023,147,29,144,0,0,0,0,0,0,0,0,-32307,0,0,0,0,0,93952,0
93376,510,6806,-216,-6,667,-285,24481,-600,-77,-656,-960,37019,154,29,144,0,0,0,0,0,0,0,0,-32307,0,0,0,0,0,93957,0
93381,1816,6456,-100,7,726,-163,24387,-395,200,-573,-520,37019,154,29,144,0,0,0,0,0,0,0,0,-32307,0,0,0,0,0,93963,0
93386,3190,6826,284,16,806,-157,24321,-283,428,-530,-480,37020,147,29,144,0,0,0,0,0,0,0,0,-32307,0,0,0,0,0,93968,0
93391,3628,7372,584,10,867,-273,24259,-275,496,-536,-520,37020,147,29,144,0,0,0,0,0,0,0,0,-32307,0,0,0,0,0,93973,0
93396,3300,7874,650,19,951,-592,24194,-295,381,-550,-608,37022,141,29,144,0,0,0,0,0,0,0,0,-32307,0,0,0,0,0,93979,0
93401,3384,8118,506,26,968,-685,24124,-314,176,-552,-640,37022,141,29,144,0,0,0,0,0,0,0,0,-32307,0,0,0,0,0,93984,0
93406,3726,8052,436,15,955,-650,24043,-355,4,-552,-720,37026,135,29,144,0,0,0,0,0,0,0,0,-32307,0,0,0,0,0,93990,0
93411,3662,7774,376,12,920,-649,23954,-389,-87,-538,-840,37026,135,29,144,0,0,0,0,0,0,0,0,-32307,0,0,0,0,0,93995,0
93416,3492,7290,450,28,879,-732,23858,-424,-116,-536,-880,37027,139,29,144,0,0,0,0,0,0,0,0,-32306,0,0,0,0,0,94001,0
93421,3276,7248,470,39,866,-733,23758,-436,-116,-554,-880,37027,139,29,144,0,0,0,0,0,0,0,0,-32306,0,0,0,0,0,94006,0
93426,3020,7150,466,41,872,-729,23662,-414,-83,-553,-808,37031,149,29,144,0,0,0,0,0,0,0,0,-32307,0,0,0,0,0,94012,0
93431,2768,7136,474,55,887,-746,23575,-384,-28,-555,-696,37031,149,29,144,0,0,0,0,0,0,0,0,-32307,0,0,0,0,0,94017,0
93436,2592,7192,558,58,910,-761,23493,-363,32,-552,-632,37032,154,29,144,0,0,0,0,0,0,0,0,-32307,0,0,0,0,0,94022,0
93441,2672,7210,562,74,928,-763,23416,-335,72,-534,-600,37032,154,29,144,0,0,0,0,0,0,0,0,-32307,0,0,0,0,0,94028,0
93446,2788,7298,510,78,932,-771,23345,-313,93,-523,-560,37033,147,29,144,0,0,0,0,0,0,0,0,-32307,0,0,0,0,0,94034,0
93451,2824,7420,554,89,927,-776,23284,-279,93,-517,-488,37033,147,29,144,0,0,0,0,0,0,0,0,-32307,0,0,0,0,0,94039,0
93456,2890,7732,594,93,923,-799,23231,-229,108,-518,-400,37030,136,29,144,0,0,0,0,0,0,0,0,-32307,0,0,0,0,0,94044,0
93461,2900,7866,586,102,911,-814,23186,-196,118,-514,-360,37030,136,29,144,0,0,0,0,0,0,0,0,-32306,0,0,0,0,0,94050,0
93466,2800,7936,580,111,897,-827,23145,-170,114,-516,-304,37031,129,29,144,0,0,0,0,0,0,0,0,-32307,0,0,0,0,0,94055,0
93471,2786,7934,560,110,877,-842,23112,-145,119,-523,-288,37031,129,29,144,0,0,0,0,0,0,0,0,-32306,0,0,0,0,0,94061,0
93476,2644,7894,528,114,848,-865,23087,-113,104,-517,-224,37030,131,29,144,0,0,0,0,0,0,0,0,-32307,0,0,0,0,0,94066,0
93481,2556,7844,506,126,828,-875,23076,-42,117,-529,-176,37030,131,29,144,0,0,0,0,0,0,0,0,-32307,0,0,0,0,0,94072,0
93486,2506,7790,492,121,817,-889,23074,1,140,-521,-168,37031,131,29,144,0,0,0,0,0,0,0,0,-32307,0,0,0,0,0,94077,0
93491,2446,7750,446,128,805,-894,23074,0,144,-508,-160,37031,131,29,144,0,0,0,0,0,0,0,0,-32306,0,0,0,0,0,94082,0
93496,2200,7638,398,128,785,-899,23074,-2,116,-511,-152,37031,126,29,144,0,0,0,0,0,0,0,0,-32306,0,0,0,0,0,94088,0
93501,2128,7618,378,129,781,-902,23074,1,69,-511,-168,37031,126,29,144,0,0,0,0,0,0,0,0,-32307,0,0,0,0,0,94093,0
93506,2058,7574,380,130,778,-892,23074,-1,27,-512,-168,37034,123,29,144,0,0,0,0,0,0,0,0,-32307,0,0,0,0,0,94099,0
93511,2010,7544,340,133,762,-898,23074,-7,-1,-512,-168,37034,123,29,144,0,0,0,0,0,0,0,0,-32306,0,0,0,0,0,94104,0
93516,1988,7566,278,125,753,-891,23075,-3,2,-511,-168,37035,126,29,144,0,0,0,0,0,0,0,0,-32307,0,0,0,0,0,94110,0
93521,2018,7660,284,130,742,-895,23075,0,1,-510,-168,37035,126,29,144,0,0,0,0,0,0,0,0,-32307,0,0,0,0,0,94115,0
93526,2040,7746,280,123,733,-896,23075,4,-2,-511,-152,37035,127,29,144,0,0,0,0,0,0,0,0,-32307,0,0,0,0,0,94121,0
93531,2052,7818,284,119,722,-899,23074,-7,-1,-511,-160,37035,127,29,144,0,0,0,0,0,0,0,0,-32307,0,0,0,0,0,94126,0
93536,2016,7892,300,117,706,-894,23076,3,-5,-511,-168,37038,116,29,144,0,0,0,0,0,0,0,0,-32307,0,0,0,0,0,94131,0
93541,1980,7910,310,113,684,-896,23074,-7,3,-509,-160,37038,116,29,144,0,0,0,0,0,0,0,0,-32307,0,0,0,0,0,94137,0
93546,1896,7890,310,113,673,-901,23074,-3,2,-511,-160,37039,117,29,144,0,0,0,0,0,0,0,0,-32307,0,0,0,0,0,94142,0
93551,1844,7860,314,103,655,-898,23074,-5,-6,-513,-160,37039,117,29,144,0,0,0,0,0,0,0,0,-32306,0,0,0,0,0,94148,0
93556,1780,7716,332,99,611,-903,23074,0,4,-511,-168,37040,114,29,144,0,0,0,0,0,0,0,0,-32306,0,0,0,0,0,94153,0
93561,1710,7612,312,93,585,-896,23075,-3,-1,-511,-152,37040,114,29,144,0,0,0,0,0,0,0,0,-32307,0,0,0,0,0,94159,0
93566,1676,7608,312,88,545,-898,23075,3,0,-513,-168,37034,121,29,144,0,0,0,0,0,0,0,0,-32307,0,0,0,0,0,94164,0
93571,1638,7516,288,81,515,-896,23075,3,1,-512,-160,37034,121,29,144,0,0,0,0,0,0,0,0,-32307,0,0,0,0,0,94170,0
93576,1532,7472,286,68,443,-890,23074,1,1,-513,-152,37033,123,29,144,0,0,0,0,0,0,0,0,-32307,0,0,0,0,0,94175,0
93581,1512,7434,290,62,404,-885,23071,-7,-5,-510,-168,37033,123,29,144,0,0,0,0,0,0,0,0,-32307,0,0,0,0,0,94181,0
93586,1488,7364,242,50,370,-881,23065,-30,-14,-509,-176,37033,130,29,144,0,0,0,0,0,0,0,0,-32306,0,0,0,0,0,94186,0
93591,1418,7280,242,51,337,-871,23052,-70,-42,-498,-240,37033,130,29,144,0,0,0,0,0,0,0,0,-32307,0,0,0,0,0,94192,0
93596,1218,7050,212,28,276,-850,23028,-101,-79,-495,-248,37036,135,29,144,0,0,0,0,0,0,0,0,-32307,0,0,0,0,0,94197,0
93601,1042,6642,216,25,263,-826,23004,-116,-95,-503,-272,37036,135,29,144,0,0,0,0,0,0,0,0,-32307,0,0,0,0,0,94202,0
93606,668,6000,154,11,271,-789,22968,-164,-107,-488,-336,37035,128,29,144,0,0,0,0,0,0,0,0,-32307,0,0,0,0,0,94208,0
93611,296,5532,186,6,278,-735,22922,-204,-114,-485,-432,37035,128,29,144,0,0,0,0,0,0,0,0,-32307,0,0,0,0,0,94213,0
93616,736,7104,406,6,278,-654,22863,-260,-133,-484,-512,37032,130,29,144,0,0,0,0,0,0,0,0,-32307,0,0,0,0,0,94219,0
93621,1502,8514,522,8,256,-643,22788,-332,-169,-483,-656,37032,130,29,144,0,0,0,0,0,0,0,0,-32307,0,0,0,0,0,94224,0
93626,1988,9270,642,2,241,-655,22696,-415,-207,-454,-856,37030,130,29,144,0,0,0,0,0,0,0,0,-32308,0,0,0,0,0,94230,0
93631,2280,9412,684,4,212,-688,22586,-493,-233,-443,-1072,37030,130,29,144,0,0,0,0,0,0,0,0,-32307,0,0,0,0,0,94235,0
93636,2088,8506,558,3,171,-734,22453,-589,-271,-470,-1360,37030,136,29,144,0,0,0,0,0,0,0,0,-32306,0,0,0,0,0,94241,0
93641,1794,8090,406,-1,160,-740,22299,-688,-299,-491,-1512,37030,136,29,144,0,0,0,0,0,0,0,0,-32307,0,0,0,0,0,94246,0
93646,1520,8034,358,6,152,-744,22120,-790,-322,-466,-1696,37028,144,29,144,0,0,0,0,0,0,0,0,-32306,0,0,0,0,0,94252,0
93651,1370,8208,388,3,158,-739,21918,-894,-345,-441,-1952,37028,144,29,144,0,0,0,0,0,0,0,0,-32307,0,0,0,0,0,94257,0
93656,1258,8540,548,9,160,-726,21696,-981,-347,-418,-2120,37027,150,29,144,0,0,0,0,0,0,0,0,-32307,0,0,0,0,0,94263,0
93661,1194,8574,616,6,167,-722,21450,-1093,-343,-411,-2328,37027,150,29,144,0,0,0,0,0,0,0,0,-32306,0,0,0,0,0,94268,0
93666,1126,8486,636,10,168,-710,21182,-1188,-343,-393,-2504,37020,157,29,144,0,0,0,0,0,0,0,0,-32307,0,0,0,0,0,94273,0
93671,1090,8408,674,19,178,-691,20891,-1285,-346,-375,-2752,37020,157,29,144,0,0,0,0,0,0,0,0,-32307,0,0,0,0,0,94279,0
93676,784,8386,734,37,196,-668,20577,-1388,-350,-352,-2912,37021,154,29,144,0,0,0,0,0,0,0,0,-32307,0,0,0,0,0,94284,0
93681,636,8470,788,53,211,-645,20241,-1484,-345,-334,-3128,37021,154,29,144,0,0,0,0,0,0,0,0,-32307,0,0,0,0,0,94290,0
93686,568,8558,806,49,222,-620,19886,-1574,-338,-303,-3288,37020,150,29,144,0,0,0,0,0,0,0,0,-32307,0,0,0,0,0,94295,0
93691,496,8456,842,62,228,-603,19509,-1667,-330,-289,-3464,37020,150,29,144,0,0,0,0,0,0,0,0,-32307,0,0,0,0,0,94301,0
93696,422,8376,684,76,238,-548,19113,-1759,-320,-261,-3656,37019,150,29,144,0,0,0,0,0,0,0,0,-32307,0,0,0,0,0,94306,0
93701,388,8430,636,86,236,-519,18692,-1858,-328,-240,-3872,37019,150,29,144,0,0,0,0,0,0,0,0,-32307,0,0,0,0,0,94312,0
93706,280,8386,754,92,245,-495,18245,-1975,-339,-212,-4080,37016,154,29,144,0,0,0,0,0,0,0,0,-32307,0,0,0,0,0,94317,0
93711,282,8280,670,98,250,-466,17772,-2102,-365,-190,-4304,37016,154,29,144,0,0,0,0,0,0,0,0,-32307,0,0,0,0,0,94323,0
93716,-94,8172,594,107,227,-395,17265,-2246,-402,-170,-4528,37014,155,29,144,0,0,0,0,0,0,0,0,-32307,0,0,0,0,0,94328,0
93721,-50,7904,786,109,231,-351,16722,-2404,-455,-141,-4792,37014,155,29,144,0,0,0,0,0,0,0,0,-32307,0,0,0,0,0,94334,0
93726,-42,7806,968,120,239,-305,16142,-2570,-502,-109,-5072,37014,152,29,144,0,0,0,0,0,0,0,0,-32307,0,0,0,0,0,94339,0
93731,-258,7736,892,138,244,-259,15530,-2719,-526,-65,-5312,37014,152,29,144,0,0,0,0,0,0,0,0,-32307,0,0,0,0,0,94344,0
93736,-734,7790,896,145,237,-150,14880,-2870,-545,-21,-5584,37022,147,30,144,0,0,0,0,0,0,0,0,-32306,0,0,0,0,0,94350,0
93741,602,7760,860,172,207,-289,14195,-3034,-548,19,-5816,37022,147,30,144,0,0,0,0,0,0,0,0,-32307,0,0,0,0,0,94355,0
93746,8326,8144,1264,150,99,-883,13495,-3082,-501,3,-5616,37023,146,29,144,0,0,0,0,0,0,0,0,-32307,0,0,0,0,0,94361,0
93751,13898,6482,56,167,73,-726,12810,-3005,-351,27,-5208,37023,146,29,144,0,0,0,0,0,0,0,0,-32307,0,0,0,0,0,94366,0
93756,10456,4858,502,121,220,-939,12160,-2830,-86,77,-4568,37027,144,29,144,0,0,0,0,0,0,0,0,-32306,0,0,0,0,0,94372,0
93761,4360,7732,394,165,211,-1065,11621,-2305,372,53,-2936,37027,144,29,144,0,0,0,0,0,0,0,0,-32307,0,0,0,0,0,94377,0
93766,566,8948,536,194,205,-1077,11302,-1290,1145,14,-200,37029,140,29,144,0,0,0,0,0,0,0,0,-32307,0,0,0,0,0,94383,0
93771,-1310,8820,1080,172,220,-1133,11283,55,2203,404,1248,37029,140,29,144,0,0,0,0,0,0,0,0,-32307,0,0,0,0,0,94388,0
93776,950,7498,758,168,176,-1163,11524,1151,3208,337,3208,37025,137,29,144,0,0,0,0,0,0,0,0,-32307,0,0,0,0,0,94394,0
93781,1766,7122,508,184,113,-1143,11921,1791,3642,315,4064,37025,137,29,144,0,0,0,0,0,0,0,0,-32307,0,0,0,0,0,94399,0
93786,802,7944,418,192,96,-1146,12383,2054,3234,327,4136,37019,145,29,144,0,0,0,0,0,0,0,0,-32307,0,0,0,0,0,94404,0
93791,-308,8824,694,196,93,-1116,12863,2103,2239,219,3928,37019,145,29,144,0,0,0,0,0,0,0,0,-32307,0,0,0,0,0,94410,0
93796,908,9226,616,194,113,-1160,13334,2059,1145,119,3664,37015,149,29,144,0,0,0,0,0,0,0,0,-32307,0,0,0,0,0,94415,0
93801,2750,8552,376,191,98,-1200,13780,1950,369,56,3280,37015,149,29,144,0,0,0,0,0,0,0,0,-32307,0,0,0,0,0,94421,0
93806,4118,7860,-30,182,78,-1237,14176,1707,-134,51,2512,37016,149,29,144,0,0,0,0,0,0,0,0,-32307,0,0,0,0,0,94426,0
93811,4444,7662,-220,167,68,-1283,14471,1244,-561,60,1216,37016,149,29,144,0,0,0,0,0,0,0,0,-32307,0,0,0,0,0,94432,0
93816,2144,7930,140,174,85,-1322,14620,592,-1055,18,-24,37020,143,29,144,0,0,0,0,0,0,0,0,-32307,0,0,0,0,0,94437,0
93821,596,8146,450,166,96,-1334,14601,-173,-1628,-287,-352,37020,143,29,144,0,0,0,0,0,0,0,0,-32307,0,0,0,0,0,94443,0
93826,-148,8260,556,165,86,-1319,14457,-674,-2026,-99,-1240,37023,130,29,144,0,0,0,0,0,0,0,0,-32307,0,0,0,0,0,94448,0
93831,-272,8240,520,152,73,-1320,14244,-960,-2041,-59,-1672,37023,130,29,144,0,0,0,0,0,0,0,0,-32307,0,0,0,0,0,94454,0
93836,832,8264,114,136,60,-1326,13993,-1121,-1669,-57,-1800,37022,125,29,144,0,0,0,0,0,0,0,0,-32307,0,0,0,0,0,94459,0
93841,1348,8358,-32,131,73,-1344,13736,-1140,-1096,-33,-1640,37022,125,29,144,0,0,0,0,0,0,0,0,-32307,0,0,0,0,0,94465,0
93846,1798,8500,-118,126,82,-1368,13488,-1082,-537,-8,-1336,37029,120,29,144,0,0,0,0,0,0,0,0,-32307,0,0,0,0,0,94470,0
93851,2034,8530,-126,116,87,-1381,13255,-1008,-156,25,-1048,37029,120,29,144,0,0,0,0,0,0,0,0,-32307,0,0,0,0,0,94476,0
93856,2132,8352,-32,85,81,-1432,13042,-918,93,59,-784,37032,121,29,144,0,0,0,0,0,0,0,0,-32307,0,0,0,0,0,94481,0
93861,1906,8316,48,82,75,-1458,12855,-809,245,69,-464,37032,121,29,144,0,0,0,0,0,0,0,0,-32307,0,0,0,0,0,94487,0
93866,1456,8240,110,68,75,-1470,12698,-665,331,105,-200,37034,122,29,144,0,0,0,0,0,0,0,0,-32308,0,0,0,0,0,94492,0
93871,1056,8334,216,65,67,-1479,12579,-503,413,193,-112,37034,122,29,144,0,0,0,0,0,0,0,0,-32307,0,0,0,0,0,94498,0
93876,448,8388,220,51,72,-1483,12508,-286,509,271,-40,37031,121,29,144,0,0,0,0,0,0,0,0,-32307,0,0,0,0,0,94503,0
93881,442,8366,302,46,74,-1494,12487,-73,608,210,40,37031,121,29,144,0,0,0,0,0,0,0,0,-32307,0,0,0,0,0,94509,0
93886,586,8236,346,42,81,-1495,12508,102,678,121,80,37032,115,29,144,0,0,0,0,0,0,0,0,-32307,0,0,0,0,0,94514,0
93891,900,8230,414,44,86,-1501,12538,133,620,105,80,37032,115,29,144,0,0,0,0,0,0,0,0,-32307,0,0,0,0,0,94519,0
93896,1078,8042,486,33,99,-1514,12570,149,443,100,80,37032,122,29,144,0,0,0,0,0,0,0,0,-32307,0,0,0,0,0,94525,0
93901,1010,8030,540,46,99,-1518,12604,137,244,106,72,37032,122,29,144,0,0,0,0,0,0,0,0,-32307,0,0,0,0,0,94530,0
93906,144,8316,382,33,36,-1525,12634,134,73,90,72,37030,128,29,144,0,0,0,0,0,0,0,0,-32307,0,0,0,0,0,94536,0
93911,824,7838,438,47,37,-1534,12660,112,11,99,64,37030,128,29,144,0,0,0,0,0,0,0,0,-32307,0,0,0,0,0,94541,0
93916,764,7688,958,64,44,-1528,12678,81,-23,99,48,37033,136,29,144,0,0,0,0,0,0,0,0,-32307,0,0,0,0,0,94548,0
93921,404,7796,1032,78,61,-1533,12699,96,-59,91,72,37033,136,29,144,0,0,0,0,0,0,0,0,-32307,0,0,0,0,0,94553,0
93926,74,8074,1140,89,73,-1522,12720,91,-39,95,48,37034,136,29,144,0,0,0,0,0,0,0,0,-32306,0,0,0,0,0,94559,0
93931,-208,8134,1054,99,74,-1528,12735,59,-37,95,40,37034,136,29,144,0,0,0,0,0,0,0,0,-32307,0,0,0,0,0,94564,0
93936,-180,7988,900,126,45,-1516,12744,40,-39,92,40,37037,130,29,144,0,0,0,0,0,0,0,0,-32307,0,0,0,0,0,94570,0
93941,30,7898,846,144,25,-1515,12756,56,-41,90,48,37037,130,29,144,0,0,0,0,0,0,0,0,-32307,0,0,0,0,0,94575,0
93946,94,7888,798,153,13,-1508,12771,73,-35,92,48,37036,127,29,144,0,0,0,0,0,0,0,0,-32307,0,0,0,0,0,94581,0
93951,124,8004,994,163,-2,-1508,12782,53,-14,95,24,37036,127,29,144,0,0,0,0,0,0,0,0,-32307,0,0,0,0,0,94586,0
93956,10,8104,986,184,-28,-1508,12784,3,-17,92,24,37048,120,29,144,0,0,0,0,0,0,0,0,-32307,0,0,0,0,0,94591,0
93961,80,8106,1014,197,-48,-1501,12783,-2,-42,87,24,37048,120,29,144,0,0,0,0,0,0,0,0,-32307,0,0,0,0,0,94597,0
93966,32,8086,1034,213,-50,-1506,12783,-1,-59,89,24,37056,118,29,144,0,0,0,0,0,0,0,0,-32307,0,0,0,0,0,94602,0
93971,68,8034,942,219,-60,-1509,12783,-2,-52,89,24,37056,118,29,144,0,0,0,0,0,0,0,0,-32307,0,0,0,0,0,94608,0
93976,-2210,10208,1574,211,-65,-1576,12783,3,-24,91,24,37055,118,29,144,0,0,0,0,0,0,0,0,-32307,0,0,0,0,0,94613,0
93981,-1718,10018,1204,222,-74,-1511,12784,1,2,90,24,37055,118,29,144,0,0,0,0,0,0,0,0,-32307,0,0,0,0,0,94619,0
93986,-1240,9672,476,248,-35,-1534,12783,-4,2,90,24,37043,128,29,144,0,0,0,0,0,0,0,0,-32306,0,0,0,0,0,94624,0
93991,504,8974,502,279,-8,-1478,12782,-1,4,91,24,37043,128,29,144,0,0,0,0,0,0,0,0,-32307,0,0,0,0,0,94630,0
93996,704,8412,418,284,-22,-1500,12783,0,-1,92,24,37030,131,29,144,0,0,0,0,0,0,0,0,-32307,0,0,0,0,0,94635,0
94001,564,8166,582,282,-33,-1526,12782,-2,-1,90,24,37030,131,29,144,0,0,0,0,0,0,0,0,-32307,0,0,0,0,0,94641,0
94006,674,7890,580,283,-17,-1536,12783,-3,2,88,32,37032,129,29,144,0,0,0,0,0,0,0,0,-32307,0,0,0,0,0,94646,0
94011,504,7624,608,290,-1,-1547,12783,0,3,88,32,37032,129,29,144,0,0,0,0,0,0,0,0,-32306,0,0,0,0,0,94651,0
94016,-698,7816,822,296,21,-1550,12783,-6,0,90,24,37032,124,29,144,0,0,0,0,0,0,0,0,-32307,0,0,0,0,0,94657,0
94021,-1118,7904,658,299,17,-1535,12783,6,-2,90,24,37032,124,29,144,0,0,0,0,0,0,0,0,-32307,0,0,0,0,0,94662,0
94026,-1148,7996,608,313,22,-1523,12783,2,0,90,24,37033,121,29,144,0,0,0,0,0,0,0,0,-32307,0,0,0,0,0,94668,0
94031,-948,7960,606,315,14,-1514,12783,-5,-3,89,32,37033,121,29,144,0,0,0,0,0,0,0,0,-32307,0,0,0,0,0,94673,0
94036,-372,8132,336,323,-15,-1512,12784,4,1,92,24,37031,123,29,144,0,0,0,0,0,0,0,0,-32307,0,0,0,0,0,94678,0
94041,-158,8198,282,325,-22,-1507,12783,2,3,92,-728,37031,123,29,144,0,0,0,0,0,0,0,0,-32307,0,0,0,0,0,94684,0
94046,-14,8304,200,319,-29,-1506,12759,-131,-35,-583,-616,37031,122,29,144,0,0,0,0,0,0,0,0,-32307,0,0,0,0,0,94690,0
94051,-70,8374,230,311,-33,-1522,12692,-303,-169,-815,-656,37031,122,29,144,0,0,0,0,0,0,0,0,-32307,0,0,0,0,0,94695,0
94056,-264,8404,174,303,-33,-1522,12608,-376,-299,-551,-528,37030,122,29,144,0,0,0,0,0,0,0,0,-32307,0,0,0,0,0,94700,0
94061,-396,8326,174,309,-34,-1532,12522,-376,-355,-365,-384,37030,122,29,144,0,0,0,0,0,0,0,0,-32307,0,0,0,0,0,94706,0
94066,-394,8260,138,296,-37,-1526,12450,-313,-271,-274,-272,37031,126,29,144,0,0,0,0,0,0,0,0,-32307,0,0,0,0,0,94712,0
94071,-430,8184,176,295,-38,-1526,12394,-225,-64,-269,-232,37031,126,29,144,0,0,0,0,0,0,0,0,-32307,0,0,0,0,0,94717,0
94076,-564,8100,162,279,-49,-1539,12359,-146,126,-345,-224,37031,137,29,144,0,0,0,0,0,0,0,0,-32307,0,0,0,0,0,94723,0
94081,-488,8062,54,275,-50,-1528,12347,-45,240,-503,-232,37031,137,29,144,0,0,0,0,0,0,0,0,-32306,0,0,0,0,0,94728,0
94086,-542,8064,108,273,-47,-1538,12345,-8,288,-655,-232,37031,140,29,144,0,0,0,0,0,0,0,0,-32307,0,0,0,0,0,94734,0
94091,-666,8156,182,265,-50,-1542,12345,-5,251,-711,-240,37031,140,29,144,0,0,0,0,0,0,0,0,-32307,0,0,0,0,0,94739,0
94096,-884,8112,106,254,-70,-1537,12344,-1,167,-720,-232,37030,140,29,144,0,0,0,0,0,0,0,0,-32307,0,0,0,0,0,94745,0
94101,-848,8054,76,242,-74,-1532,12343,-10,82,-720,-232,37030,140,29,144,0,0,0,0,0,0,0,0,-32307,0,0,0,0,0,94750,0
94106,-930,7978,62,248,-82,-1535,12339,-20,15,-706,-224,37031,134,29,144,0,0,0,0,0,0,0,0,-32307,0,0,0,0,0,94755,0
94111,-974,7926,28,239,-95,-1535,12335,-22,-11,-676,-256,37031,134,29,144,0,0,0,0,0,0,0,0,-32307,0,0,0,0,0,94761,0
94116,-1160,7890,-34,220,-112,-1528,12323,-42,-26,-645,-256,37031,132,29,144,0,0,0,0,0,0,0,0,-32307,0,0,0,0,0,94766,0
94121,-1244,7846,-26,214,-123,-1528,12310,-53,-40,-608,-264,37031,132,29,144,0,0,0,0,0,0,0,0,-32307,0,0,0,0,0,94772,0
94126,-1222,7954,-28,205,-131,-1522,12302,-29,-38,-601,-224,37028,130,29,144,0,0,0,0,0,0,0,0,-32307,0,0,0,0,0,94777,0
94131,-1236,8038,10,199,-133,-1519,12301,0,2,-646,-232,37028,130,29,144,0,0,0,0,0,0,0,0,-32306,0,0,0,0,0,94783,0
94136,-1022,8078,-58,183,-138,-1514,12302,1,35,-677,-240,37026,131,29,144,0,0,0,0,0,0,0,0,-32307,0,0,0,0,0,94788,0
94141,-984,8106,-32,171,-138,-1517,12302,3,50,-681,-232,37026,131,29,144,0,0,0,0,0,0,0,0,-32306,0,0,0,0,0,94794,0
94146,-924,8128,-74,164,-142,-1517,12302,2,39,-678,-232,37028,133,29,144,0,0,0,0,0,0,0,0,-32306,0,0,0,0,0,94799,0
94151,-888,8126,-88,158,-146,-1523,12301,1,12,-679,-232,37028,133,29,144,0,0,0,0,0,0,0,0,-32306,0,0,0,0,0,94804,0
94156,-1006,8196,-78,147,-155,-1532,12301,0,-1,-680,-232,37030,132,29,144,0,0,0,0,0,0,0,0,-32307,0,0,0,0,0,94810,0
94161,-944,8190,-64,136,-173,-1537,12301,-1,-2,-674,-224,37030,132,29,144,0,0,0,0,0,0,0,0,-32307,0,0,0,0,0,94815,0
94166,-966,8112,-88,131,-178,-1546,12299,-3,-3,-671,-224,37040,129,29,144,0,0,0,0,0,0,0,0,-32306,0,0,0,0,0,94821,0
94171,-982,8122,-76,126,-194,-1553,12299,-3,-2,-675,-216,37040,129,29,144,0,0,0,0,0,0,0,0,-32306,0,0,0,0,0,94826,0
94176,-944,8166,-96,106,-213,-1575,12300,3,-3,-675,-224,37040,126,29,144,0,0,0,0,0,0,0,0,-32307,0,0,0,0,0,94832,0
94181,-938,8174,-146,105,-221,-1589,12298,-1,2,-673,-232,37040,126,29,144,0,0,0,0,0,0,0,0,-32308,0,0,0,0,0,94837,0
94186,-934,8208,-198,103,-238,-1598,12297,0,4,-672,-216,37040,118,29,144,0,0,0,0,0,0,0,0,-32306,0,0,0,0,0,94843,0
94191,-926,8134,-236,98,-255,-1613,12297,-4,-4,-676,-224,37040,118,29,144,0,0,0,0,0,0,0,0,-32307,0,0,0,0,0,94848,0
94196,-1172,8216,-718,113,-336,-1645,12297,-1,2,-676,-224,37035,118,29,144,0,0,0,0,0,0,0,0,-32306,0,0,0,0,0,94854,0
94201,-1046,8840,-788,82,-365,-1660,12296,1,1,-672,-224,37035,118,29,144,0,0,0,0,0,0,0,0,-32307,0,0,0,0,0,94859,0
94206,-1214,8342,-332,111,-425,-1676,12295,-2,-1,-671,-216,37030,130,29,144,0,0,0,0,0,0,0,0,-32307,0,0,0,0,0,94865,0
94211,-1328,8272,-578,107,-485,-1697,12295,0,-3,-674,-216,37030,130,29,144,0,0,0,0,0,0,0,0,-32307,0,0,0,0,0,94870,0
94216,-1254,8236,-342,106,-567,-1729,12295,-1,0,-676,-224,37030,136,29,144,0,0,0,0,0,0,0,0,-32307,0,0,0,0,0,94875,0
94221,-1314,8406,-196,105,-589,-1744,12296,5,2,-669,-232,37030,136,29,144,0,0,0,0,0,0,0,0,-32307,0,0,0,0,0,94881,0
94226,-1602,9232,56,83,-609,-1733,12294,-8,-1,-671,-224,37031,133,29,144,0,0,0,0,0,0,0,0,-32307,0,0,0,0,0,94886,0
94231,-1374,8482,-146,79,-629,-1766,12294,0,-1,-667,-224,37031,133,29,144,0,0,0,0,0,0,0,0,-32307,0,0,0,0,0,94892,0
94236,-312,8340,84,79,-647,-1806,12294,-8,-6,-677,-232,37030,128,29,144,0,0,0,0,0,0,0,0,-32306,0,0,0,0,0,94897,0
94241,-706,8532,112,74,-654,-1822,12293,1,1,-665,-224,37030,128,29,144,0,0,0,0,0,0,0,0,-32306,0,0,0,0,0,94903,0
94246,-942,8578,246,68,-645,-1839,12293,0,3,-670,-224,37028,128,29,144,0,0,0,0,0,0,0,0,-32306,0,0,0,0,0,94908,0
94251,-1074,8406,128,75,-653,-1862,12293,-5,0,-673,-224,37028,128,29,144,0,0,0,0,0,0,0,0,-32307,0,0,0,0,0,94914,0
94256,-1422,7852,-138,82,-681,-1893,12294,-2,2,-670,-224,37029,131,29,144,0,0,0,0,0,0,0,0,-32307,0,0,0,0,0,94919,0
94261,-1388,8508,216,79,-703,-1916,12294,1,4,-671,-224,37029,131,29,144,0,0,0,0,0,0,0,0,-32307,0,0,0,0,0,94925,0
94266,-1172,8730,160,73,-725,-1925,12293,8,0,-672,-232,37032,129,29,144,0,0,0,0,0,0,0,0,-32306,0,0,0,0,0,94930,0
94271,-1210,8684,58,78,-743,-1945,12292,0,-1,-675,-232,37032,129,29,144,0,0,0,0,0,0,0,0,-32307,0,0,0,0,0,94936,0
94276,-1342,8472,36,96,-769,-1965,12294,0,-4,-672,-216,37035,128,29,144,0,0,0,0,0,0,0,0,-32306,0,0,0,0,0,94941,0
94281,-1328,9104,232,92,-793,-1990,12293,1,4,-675,-224,37035,128,29,144,0,0,0,0,0,0,0,0,-32307,0,0,0,0,0,94946,0
94286,-1042,9412,112,78,-792,-1982,12293,0,0,-671,-216,37036,132,29,144,0,0,0,0,0,0,0,0,-32307,0,0,0,0,0,94952,0
94291,-1112,9646,-338,63,-774,-1990,12293,2,-4,-673,-224,37036,132,29,144,0,0,0,0,0,0,0,0,-32307,0,0,0,0,0,94957,0
94296,-1198,10034,56,41,-763,-1990,12293,-1,0,-672,-216,37036,131,29,144,0,0,0,0,0,0,0,0,-32307,0,0,0,0,0,94963,0
94301,-1262,9650,364,47,-748,-1982,12293,4,4,-673,-224,37036,131,29,144,0,0,0,0,0,0,0,0,-32306,0,0,0,0,0,94968,0
94306,-1612,9988,-54,29,-709,-1962,12294,3,-3,-672,-216,37031,128,29,144,0,0,0,0,0,0,0,0,-32307,0,0,0,0,0,94974,0
94311,-1900,9598,446,17,-693,-1948,12294,-5,-2,-676,-200,37031,128,29,144,0,0,0,0,0,0,0,0,-32307,0,0,0,0,0,94979,0
94316,-1876,8940,120,-5,-665,-1922,12294,1,0,-676,-224,37030,121,29,144,0,0,0,0,0,0,0,0,-32306,0,0,0,0,0,94985,0
94321,-2060,8992,364,-22,-637,-1913,12294,3,2,-676,-224,37030,121,29,144,0,0,0,0,0,0,0,0,-32306,0,0,0,0,0,94991,0
94326,-2310,9026,296,-30,-614,-1895,12296,12,1,-675,-240,37030,118,29,144,0,0,0,0,0,0,0,0,-32306,0,0,0,0,0,94996,0
94331,-2422,8762,228,-43,-595,-1882,12295,7,1,-681,-216,37030,118,29,144,0,0,0,0,0,0,0,0,-32307,0,0,0,0,0,95001,0
94336,-2630,8460,220,-70,-543,-1840,12298,9,7,-681,-216,37029,122,29,144,0,0,0,0,0,0,0,0,-32307,0,0,0,0,0,95007,0
94341,-2894,8470,250,-87,-509,-1815,12301,10,10,-696,-216,37029,122,29,144,0,0,0,0,0,0,0,0,-32307,0,0,0,0,0,95012,0
94346,-3170,8212,356,-104,-489,-1798,12303,8,13,-705,-224,37029,123,29,144,0,0,0,0,0,0,0,0,-32306,0,0,0,0,0,95018,0
94351,-3404,7782,428,-123,-474,-1761,12306,9,5,-704,-200,37029,123,29,144,0,0,0,0,0,0,0,0,-32307,0,0,0,0,0,95024,0
94356,-3358,7424,248,-153,-430,-1696,12310,15,4,-711,-216,37030,124,29,144,0,0,0,0,0,0,0,0,-32306,0,0,0,0,0,95029,0
94361,-3398,7254,278,-163,-405,-1668,12313,20,3,-711,-216,37030,124,29,144,0,0,0,0,0,0,0,0,-32306,0,0,0,0,0,95034,0
94366,-3550,6972,302,-176,-400,-1635,12317,15,6,-718,-224,37033,124,29,144,0,0,0,0,0,0,0,0,-32306,0,0,0,0,0,95040,0
94371,-3728,6692,338,-182,-399,-1610,12321,16,-1,-723,-216,37033,124,29,144,0,0,0,0,0,0,0,0,-32306,0,0,0,0,0,95045,0
94376,-3740,6178,230,-198,-405,-1576,12326,29,5,-731,-232,37037,126,29,144,0,0,0,0,0,0,0,0,-32307,0,0,0,0,0,95051,0
94381,-3746,6156,278,-203,-411,-1544,12336,48,13,-755,-200,37037,126,29,144,0,0,0,0,0,0,0,0,-32307,0,0,0,0,0,95056,0
94386,-3738,6204,264,-202,-409,-1533,12355,86,39,-806,-192,37035,135,29,144,0,0,0,0,0,0,0,0,-32307,0,0,0,0,0,95062,0
94391,-3542,6340,312,-201,-417,-1535,12388,144,84,-903,-192,37035,135,29,144,0,0,0,0,0,0,0,0,-32307,0,0,0,0,0,95067,0
94396,-2716,6572,322,-205,-422,-1532,12425,164,118,-1015,-176,37035,139,29,144,0,0,0,0,0,0,0,0,-32307,0,0,0,0,0,95073,0
94401,-2716,6700,390,-211,-418,-1531,12470,196,131,-1090,-168,37035,139,29,144,0,0,0,0,0,0,0,0,-32307,0,0,0,0,0,95078,0
94406,-2862,6790,498,-222,-407,-1527,12526,253,128,-1190,-136,37034,144,29,144,0,0,0,0,0,0,0,0,-32307,0,0,0,0,0,95083,0
94411,-2992,6720,566,-234,-388,-1521,12595,315,137,-1328,-136,37034,144,29,144,0,0,0,0,0,0,0,0,-32308,0,0,0,0,0,95089,0
94416,-3128,6616,736,-259,-351,-1490,12676,361,155,-1500,-128,37036,132,29,144,0,0,0,0,0,0,0,0,-32307,0,0,0,0,0,95095,0
94421,-3214,6412,742,-271,-322,-1473,12771,419,183,-1687,-120,37036,132,29,144,0,0,0,0,0,0,0,0,-32307,0,0,0,0,0,95100,0
94426,-3332,6422,894,-281,-310,-1451,12873,453,191,-1738,760,37037,123,29,144,0,0,0,0,0,0,0,0,-32306,0,0,0,0,0,95105,0
94431,-3358,6452,950,-284,-311,-1464,13062,884,291,-500,1936,37037,123,29,144,0,0,0,0,0,0,0,0,-32307,0,0,0,0,0,95111,0
94436,-922,6932,746,-286,-329,-1646,13373,1423,624,32,3120,37037,128,29,144,0,0,0,0,0,0,0,0,-32307,0,0,0,0,0,95116,0
94441,24,7520,468,-263,-346,-1772,13794,1893,1089,56,4040,37037,128,29,144,0,0,0,0,0,0,0,0,-32307,0,0,0,0,0,95122,0
94446,638,8222,260,-251,-369,-1842,14308,2303,1453,56,4768,37034,127,29,144,0,0,0,0,0,0,0,0,-32307,0,0,0,0,0,95127,0
94451,702,8776,334,-236,-394,-1944,14902,2648,1598,22,5320,37034,127,29,144,0,0,0,0,0,0,0,0,-32307,0,0,0,0,0,95133,0
94456,-78,9210,510,-189,-466,-2113,15579,3010,1474,-35,5992,37029,130,29,144,0,0,0,0,0,0,0,0,-32307,0,0,0,0,0,95138,0
94461,-766,9232,666,-174,-498,-2183,16344,3395,1344,-91,6696,37029,130,29,144,0,0,0,0,0,0,0,0,-32306,0,0,0,0,0,95144,0
94466,-1352,9128,652,-144,-531,-2250,17197,3787,1309,-144,7408,37030,131,29,144,0,0,0,0,0,0,0,0,-32307,0,0,0,0,0,95149,0
94471,-1730,9058,750,-120,-577,-2307,18132,4151,1306,-213,8136,37030,131,29,144,0,0,0,0,0,0,0,0,-32307,0,0,0,0,0,95154,0
94476,-1976,8766,624,-77,-684,-2414,19149,4515,1311,-293,8832,37033,123,29,144,0,0,0,0,0,0,0,0,-32307,0,0,0,0,0,95160,0
94481,-1842,8660,602,-51,-752,-2485,20256,4906,1302,-353,9520,37033,123,29,144,0,0,0,0,0,0,0,0,-32307,0,0,0,0,0,95166,0
94486,-1478,8618,492,3,-812,-2554,21444,5262,1303,-384,10080,37040,104,29,144,0,0,0,0,0,0,0,0,-32307,0,0,0,0,0,95171,0
94491,-1204,8496,524,58,-880,-2612,22690,5507,1256,-471,10464,37040,104,29,144,0,0,0,0,0,0,0,0,-32307,0,0,0,0,0,95176,0
94496,-1368,7862,474,109,-998,-2763,23989,5738,1146,-590,10872,37055,67,29,144,0,0,0,0,0,0,0,0,-32307,0,0,0,0,0,95182,0
94501,-1656,7634,522,171,-1080,-2828,25345,5992,1011,-666,11224,37055,67,29,144,0,0,0,0,0,0,0,0,-32306,0,0,0,0,0,95187,0
94506,-2070,7236,726,195,-1142,-2876,26742,6162,879,-727,11456,37077,25,29,144,0,0,0,0,0,0,0,0,-32307,0,0,0,0,0,95193,0
94511,-2220,7234,802,253,-1223,-2925,28175,6321,759,-840,11744,37077,25,29,144,0,0,0,0,0,0,0,0,-32307,0,0,0,0,0,95198,0
94516,-2686,6690,784,330,-1368,-3023,29659,6548,710,-911,11904,37107,-30,29,144,0,0,0,0,0,0,0,0,-32307,0,0,0,0,0,95204,0
94521,-2730,6810,868,363,-1433,-3063,31157,6597,629,-1006,12032,37107,-30,29,144,0,0,0,0,0,0,0,0,-32308,0,0,0,0,0,95209,0
94526,-2872,7150,978,409,-1513,-3107,32674,6682,517,-1199,12208,37142,-103,29,144,0,0,0,0,0,0,0,0,-32307,0,0,0,0,0,95214,0
94531,-2944,7298,846,436,-1587,-3132,34205,6739,417,-1203,12136,37142,-103,29,144,0,0,0,0,0,0,0,0,-32307,0,0,0,0,0,95220,0
94536,-3464,7288,786,525,-1729,-3176,35739,6746,282,-1321,12152,37176,-169,29,144,0,0,0,0,0,0,0,0,-32306,0,0,0,0,0,95226,0
94541,-3524,7242,838,567,-1780,-3195,37296,6868,204,-1401,12272,37176,-169,29,144,0,0,0,0,0,0,0,0,-32307,0,0,0,0,0,95231,0
94546,-3800,7318,974,613,-1856,-3208,38863,6885,211,-1504,12384,37212,-245,29,144,0,0,0,0,0,0,0,0,-32307,0,0,0,0,0,95236,0
94551,-3928,7324,1012,658,-1917,-3222,40426,6880,170,-1655,12312,37212,-245,29,144,0,0,0,0,0,0,0,0,-32307,0,0,0,0,0,95242,0
94556,-3976,7162,1022,729,-2051,-3242,42002,6932,145,-1715,12408,37248,-314,29,144,0,0,0,0,0,0,0,0,-32307,0,0,0,0,0,95247,0
94561,-4086,7190,1118,764,-2122,-3239,43570,6896,101,-1765,12176,37248,-314,29,144,0,0,0,0,0,0,0,0,-32307,0,0,0,0,0,95253,0
94566,-4346,7176,1086,796,-2188,-3235,45144,6933,40,-1865,12176,37284,-379,29,144,0,0,0,0,0,0,0,0,-32307,0,0,0,0,0,95258,0
94571,-4518,6930,1192,822,-2252,-3241,46723,6932,45,-1945,12024,37284,-379,29,144,0,0,0,0,0,0,0,0,-32307,0,0,0,0,0,95263,0
94576,-4848,6976,1022,892,-2390,-3224,48272,6809,-14,-2091,11928,37318,-426,29,144,0,0,0,0,0,0,0,0,-32307,0,0,0,0,0,95269,0
94581,-4780,6646,1132,916,-2438,-3204,49816,6791,-81,-2204,11856,37318,-426,29,144,0,0,0,0,0,0,0,0,-32307,0,0,0,0,0,95275,0
94586,-4886,6526,1140,970,-2501,-3182,51336,6668,-164,-2204,11528,37351,-482,29,144,0,0,0,0,0,0,0,0,-32307,0,0,0,0,0,95280,0
94591,-4994,6380,1208,983,-2574,-3146,52838,6611,-244,-2353,11456,37351,-482,29,144,0,0,0,0,0,0,0,0,-32306,0,0,0,0,0,95285,0
94596,-5198,5968,1538,1045,-2697,-3044,54040,6608,-240,-2390,11304,37384,-532,29,144,0,0,0,0,0,0,0,0,-32306,0,0,0,0,0,95291,0
94601,-5028,5864,1622,1071,-2765,-2988,55517,6488,-234,-2516,11016,37384,-532,29,144,0,0,0,0,0,0,0,0,-32306,0,0,0,0,0,95297,0
94606,-4644,5762,1790,1078,-2819,-2909,56966,6361,-269,-2639,10768,37410,-580,29,144,0,0,0,0,0,0,0,0,-32307,0,0,0,0,0,95302,0
94611,-4326,5658,1796,1107,-2898,-2822,58392,6271,-301,-2645,10432,37410,-580,29,144,0,0,0,0,0,0,0,0,-32308,0,0,0,0,0,95308,0
94616,-3894,6164,2030,1119,-3008,-2589,59775,6056,-398,-2711,9832,37426,-609,29,144,0,0,0,0,0,0,0,0,-32308,0,0,0,0,0,95313,0
94621,-3784,6064,2030,1131,-3059,-2448,61112,5870,-505,-2811,9400,37426,-609,29,144,0,0,0,0,0,0,0,0,-32307,0,0,0,0,0,95318,0
94626,-3454,6086,2196,1123,-3110,-2278,62409,5684,-578,-2861,8848,37433,-620,29,144,0,0,0,0,0,0,0,0,-32306,0,0,0,0,0,95324,0
94631,-3208,6410,2286,1132,-3136,-2090,63636,5359,-691,-2951,8112,37433,-620,29,144,0,0,0,0,0,0,0,0,-32308,0,0,0,0,0,95329,0
94636,-3066,6340,2464,1109,-3170,-1654,64786,5021,-844,-3059,7456,37432,-617,29,144,0,0,0,0,0,0,0,0,-32306,0,0,0,0,0,95334,0
94641,-3174,6604,2604,1091,-3166,-1414,65864,4717,-975,-3059,6712,37432,-617,29,144,0,0,0,0,0,0,0,0,-32308,0,0,0,0,0,95340,0
94646,-3326,6656,2460,1092,-3168,-1165,66859,4330,-1110,-3109,5728,37420,-574,29,144,0,0,0,0,0,0,0,0,-32308,0,0,0,0,0,95346,0
94651,-3144,6736,2490,1076,-3149,-885,67757,3905,-1221,-3249,4848,37420,-574,29,144,0,0,0,0,0,0,0,0,-32306,0,0,0,0,0,95351,0
94656,-3706,6844,2546,1050,-3108,-345,68565,3510,-1296,-3249,3992,37397,-503,29,144,0,0,0,0,0,0,0,0,-32306,0,0,0,0,0,95357,0
94661,-3810,6902,2556,1031,-3090,-74,69285,3133,-1361,-3303,3072,37397,-503,29,144,0,0,0,0,0,0,0,0,-32306,0,0,0,0,0,95362,0
94666,-3914,7000,2384,1015,-3083,210,69918,2744,-1383,-3299,2336,37358,-399,29,144,0,0,0,0,0,0,0,0,-32307,0,0,0,0,0,95368,0
94671,-4138,7172,2336,996,-3080,486,70459,2336,-1367,-3334,1456,37358,-399,29,144,0,0,0,0,0,0,0,0,-32308,0,0,0,0,0,95373,0
94676,-4512,7442,2442,953,-3052,1003,70906,1925,-1375,-3376,496,37305,-286,29,144,0,0,0,0,0,0,0,0,-32306,0,0,0,0,0,95379,0
94681,-4720,7486,2360,934,-3010,1258,71253,1485,-1416,-3483,144,37305,-286,29,144,0,0,0,0,0,0,0,0,-32309,0,0,0,0,0,95384,0
94686,-5130,7450,2372,905,-2968,1490,71492,994,-1482,-3716,-72,37240,-161,29,144,0,0,0,0,0,0,0,0,-32306,0,0,0,0,0,95389,0
94691,-5290,7114,2302,879,-2908,1742,71626,545,-1549,-3702,-504,37240,-161,29,144,0,0,0,0,0,0,0,0,-32305,0,0,0,0,0,95395,0
94696,-5288,6748,2250,827,-2786,2234,71677,186,-1548,-3483,-1176,37173,-8,29,144,0,0,0,0,0,0,0,0,-32306,0,0,0,0,0,95400,0
94701,-5206,6960,2202,789,-2727,2424,71665,-78,-1436,-3280,-1480,37173,-8,29,144,0,0,0,0,0,0,0,0,-32307,0,0,0,0,0,95406,0
94706,-4812,7220,2208,756,-2660,2544,71622,-192,-1177,-3302,-1624,37102,129,29,144,0,0,0,0,0,0,0,0,-32306,0,0,0,0,0,95411,0
94711,-4970,7504,2162,733,-2580,2587,71551,-327,-869,-3275,-2048,37102,129,29,144,0,0,0,0,0,0,0,0,-32306,0,0,0,0,0,95417,0
94716,-4674,7226,1894,693,-2416,2734,71450,-468,-623,-3306,-2328,37040,229,29,144,0,0,0,0,0,0,0,0,-32305,0,0,0,0,0,95422,0
94721,-4420,7008,1888,663,-2344,2818,71320,-588,-488,-3322,-2696,37040,229,29,144,0,0,0,0,0,0,0,0,-32306,0,0,0,0,0,95427,0
94726,-3784,6710,1758,664,-2249,2968,71150,-766,-467,-3317,-2960,36991,297,29,144,0,0,0,0,0,0,0,0,-32308,0,0,0,0,0,95433,0
94731,-3592,6892,1740,653,-2166,3101,70938,-953,-524,-3327,-3464,36991,297,29,144,0,0,0,0,0,0,0,0,-32308,0,0,0,0,0,95439,0
94736,-3762,6784,1730,636,-1992,3368,70683,-1144,-579,-3309,-3824,36956,357,29,144,0,0,0,0,0,0,0,0,-32306,0,0,0,0,0,95444,0
94741,-3336,6462,1372,647,-1882,3508,70379,-1357,-638,-3250,-4216,36956,357,29,144,0,0,0,0,0,0,0,0,-32307,0,0,0,0,0,95450,0
94746,-2862,6612,1416,640,-1791,3665,70023,-1589,-701,-3245,-4768,36918,421,29,144,0,0,0,0,0,0,0,0,-32308,0,0,0,0,0,95455,0
94751,-2146,6312,1008,665,-1713,3942,69610,-1848,-750,-3211,-5256,36918,421,29,144,0,0,0,0,0,0,0,0,-32306,0,0,0,0,0,95460,0
94756,-208,7016,874,704,-1572,4480,69132,-2142,-828,-3180,-6000,36875,491,29,144,0,0,0,0,0,0,0,0,-32307,0,0,0,0,0,95466,0
94761,126,7396,742,744,-1484,4774,68577,-2476,-927,-3120,-6824,36875,491,29,144,0,0,0,0,0,0,0,0,-32308,0,0,0,0,0,95471,0
94766,-42,7976,802,753,-1394,5026,67939,-2847,-1045,-3129,-7624,36828,574,29,144,0,0,0,0,0,0,0,0,-32306,0,0,0,0,0,95477,0
94771,84,7844,952,751,-1294,5267,67215,-3224,-1166,-3069,-8368,36828,574,29,144,0,0,0,0,0,0,0,0,-32305,0,0,0,0,0,95483,0
94776,520,7252,396,838,-1126,6044,66396,-3635,-1269,-3028,-9344,36771,687,29,144,0,0,0,0,0,0,0,0,-32305,0,0,0,0,0,95488,0
94781,1066,8006,1164,815,-1081,6343,65477,-4082,-1369,-2963,-10256,36771,687,29,144,0,0,0,0,0,0,0,0,-32306,0,0,0,0,0,95493,0
94786,1290,7832,640,850,-991,6661,64458,-4527,-1442,-2895,-11128,36707,809,29,144,0,0,0,0,0,0,0,0,-32308,0,0,0,0,0,95499,0
94791,1272,8044,1108,888,-905,6932,63347,-4931,-1478,-2808,-12000,36707,809,29,144,0,0,0,0,0,0,0,0,-32306,0,0,0,0,0,95504,0
94796,252,8168,898,880,-747,7560,62133,-5386,-1511,-2780,-12896,36644,927,29,144,0,0,0,0,0,0,0,0,-32307,0,0,0,0,0,95510,0
94801,104,8156,904,904,-681,7849,60823,-5798,-1505,-2727,-13472,36644,927,29,144,0,0,0,0,0,0,0,0,-32305,0,0,0,0,0,95515,0
94806,624,8186,1128,910,-632,8170,59447,-6081,-1423,-2580,-14272,36589,1039,29,144,0,0,0,0,0,0,0,0,-32307,0,0,0,0,0,95521,0
94811,640,8566,1086,918,-596,8413,57988,-6466,-1344,-2428,-14904,36589,1039,29,144,0,0,0,0,0,0,0,0,-32308,0,0,0,0,0,95526,0
94816,372,8964,1046,893,-528,8838,56437,-6857,-1286,-2447,-15656,36540,1109,29,144,0,0,0,0,0,0,0,0,-32308,0,0,0,0,0,95532,0
94821,112,8898,1150,898,-502,9060,54816,-7166,-1237,-2305,-16376,36540,1109,29,144,0,0,0,0,0,0,0,0,-32307,0,0,0,0,0,95538,0
94826,-222,8972,1176,879,-460,9295,53114,-7522,-1242,-2240,-16960,36508,1150,29,144,0,0,0,0,0,0,0,0,-32307,0,0,0,0,0,95543,0
94831,-342,9002,1376,889,-455,9511,51361,-7725,-1170,-2094,-17312,36508,1150,29,144,0,0,0,0,0,0,0,0,-32307,0,0,0,0,0,95549,0
94836,506,9080,1292,881,-451,9930,49561,-7948,-1018,-1985,-17632,36492,1144,29,144,0,0,0,0,0,0,0,0,-32306,0,0,0,0,0,95554,0
94841,632,9632,1458,831,-459,10065,47701,-8208,-912,-1918,-18168,36492,1144,29,144,0,0,0,0,0,0,0,0,-32308,0,0,0,0,0,95560,0
94846,434,9858,1442,799,-445,10188,45793,-8427,-830,-1708,-18736,36488,1136,29,144,0,0,0,0,0,0,0,0,-32307,0,0,0,0,0,95565,0
94851,116,10136,1432,797,-443,10306,43825,-8666,-819,-1635,-18944,36488,1136,29,144,0,0,0,0,0,0,0,0,-32306,0,0,0,0,0,95571,0
94856,-334,10092,1614,733,-429,10543,41837,-8770,-769,-1481,-19216,36507,1083,29,144,0,0,0,0,0,0,0,0,-32306,0,0,0,0,0,95576,0
94861,44,10450,1608,718,-428,10622,39803,-8969,-688,-1390,-19336,36507,1083,29,144,0,0,0,0,0,0,0,0,-32307,0,0,0,0,0,95581,0
94866,120,10404,1678,689,-405,10663,37740,-9100,-604,-1270,-19768,36538,1004,29,144,0,0,0,0,0,0,0,0,-32306,0,0,0,0,0,95587,0
94871,460,10230,1762,635,-386,10700,35638,-9254,-548,-1165,-19896,36538,1004,29,144,0,0,0,0,0,0,0,0,-32307,0,0,0,0,0,95592,0
94876,-182,10362,1840,551,-357,10757,33533,-9262,-478,-1014,-19824,36583,908,29,144,0,0,0,0,0,0,0,0,-32307,0,0,0,0,0,95598,0
94881,-16,10238,1924,541,-357,10798,31406,-9369,-389,-919,-19912,36583,908,29,144,0,0,0,0,0,0,0,0,-32307,0,0,0,0,0,95603,0
94886,312,10486,1870,536,-348,10806,29272,-9401,-288,-776,-19808,36631,798,29,144,0,0,0,0,0,0,0,0,-32307,0,0,0,0,0,95609,0
94891,152,10434,1854,471,-325,10791,27122,-9442,-225,-679,-19696,36631,798,29,144,0,0,0,0,0,0,0,0,-32306,0,0,0,0,0,95614,0
94896,472,10620,2054,377,-276,10745,24983,-9421,806,-519,-19536,36687,681,29,144,0,0,0,0,0,0,0,0,-32307,0,0,0,0,0,95620,0
94901,296,10470,2010,369,-243,10709,22844,-9399,868,-429,-19304,36687,681,29,144,0,0,0,0,0,0,0,0,-32307,0,0,0,0,0,95625,0
94906,452,10584,1908,304,-202,10663,20712,-9382,469,-254,-19224,36757,558,29,144,0,0,0,0,0,0,0,0,-32307,0,0,0,0,0,95631,0
94911,450,10418,1970,277,-185,10588,18605,-9249,-396,-159,-18680,36757,558,29,144,0,0,0,0,0,0,0,0,-32307,0,0,0,0,0,95636,0
94916,674,10212,1888,226,-134,10402,16534,-9114,-288,-19,-18296,36829,415,29,144,0,0,0,0,0,0,0,0,-32307,0,0,0,0,0,95643,0
94921,676,10034,1812,164,-117,10299,14490,-8966,-639,57,-17768,36829,415,29,144,0,0,0,0,0,0,0,0,-32307,0,0,0,0,0,95648,0
94926,3420,8846,2606,178,-99,9983,12479,-8835,419,209,-17288,36893,288,29,144,0,0,0,0,0,0,0,0,-32307,0,0,0,0,0,95653,0
94931,20082,11624,3174,135,-139,6649,10620,-8059,635,-3,-14088,36893,288,29,144,0,0,0,0,0,0,0,0,-32306,0,0,0,0,0,95659,0
94936,2008,13280,292,131,480,3588,9275,-5621,1673,-334,-6896,36923,230,29,144,0,0,0,0,0,0,0,0,-32307,0,0,0,0,0,95664,0
94941,-15300,11610,2130,45,484,4042,8818,-1593,4228,274,4000,36923,230,29,144,0,0,0,0,0,0,0,0,-32307,0,0,0,0,0,95670,0
94946,-17876,5724,-212,280,295,4599,9437,3170,8084,1611,8208,36921,249,29,144,0,0,0,0,0,0,0,0,-32308,0,0,0,0,0,95675,0
94951,-3410,5814,3250,109,186,5086,10584,5165,11219,-1968,5888,36921,249,29,144,0,0,0,0,0,0,0,0,-32309,0,0,0,0,0,95681,0
94956,13904,13050,-2912,194,245,3942,11636,4512,10951,-4023,8008,37022,26,29,144,0,0,0,0,0,0,0,0,-32307,0,0,0,0,0,95686,0
94961,-5358,9784,590,14,563,2797,12646,4451,7484,-405,8448,37022,26,29,144,0,0,0,0,0,0,0,0,-32307,0,0,0,0,0,95691,0
94966,-9490,7596,1546,73,496,3202,13635,4342,3133,-80,8104,37054,-12,29,144,0,0,0,0,0,0,0,0,-32307,0,0,0,0,0,95697,0
94971,-7144,5350,464,134,244,3196,14533,3903,78,-2762,280,37054,-12,29,144,0,0,0,0,0,0,0,0,-32309,0,0,0,0,0,95703,0
94976,-1396,7460,1172,167,181,2464,14853,1098,-1745,-8458,-2952,37113,-127,29,144,0,0,0,0,0,0,0,0,-32309,0,0,0,0,0,95708,0
94981,-4746,6778,-20,173,165,2282,14641,-1098,-3600,-5485,-3912,37113,-127,29,144,0,0,0,0,0,0,0,0,-32307,0,0,0,0,0,95713,0
94986,-6212,7184,780,153,56,2421,14256,-1723,-5326,-1586,-3560,37021,130,29,144,0,0,0,0,0,0,0,0,-32307,0,0,0,0,0,95719,0
94991,-4786,6796,1004,193,0,2715,13857,-1756,-5410,-253,-3136,37021,130,29,144,0,0,0,0,0,0,0,0,-32307,0,0,0,0,0,95724,0
94996,-3460,4702,8,263,60,2778,13467,-1714,-3855,-68,-2744,36992,183,29,144,0,0,0,0,0,0,0,0,-32307,0,0,0,0,0,95730,0
95001,616,5134,150,293,49,2639,13094,-1625,-1491,13,-2392,36992,183,29,144,0,0,0,0,0,0,0,0,-32306,0,0,0,0,0,95735,0
95006,3926,6828,1294,212,203,1813,12753,-1489,-144,54,-1928,36966,250,29,144,0,0,0,0,0,0,0,0,-32307,0,0,0,0,0,95740,0
95011,7510,9496,-2008,420,219,1808,12450,-1309,276,84,-1416,36966,250,29,144,0,0,0,0,0,0,0,0,-32307,0,0,0,0,0,95746,0
95016,-3356,8050,302,322,261,1281,12215,-998,477,80,-512,37016,136,29,144,0,0,0,0,0,0,0,0,-32307,0,0,0,0,0,95752,0
95021,-2496,8336,1800,343,192,1472,12090,-489,745,445,240,37016,136,29,144,0,0,0,0,0,0,0,0,-32307,0,0,0,0,0,95757,0
95026,1344,6878,922,358,159,1434,12125,210,1190,516,-160,37024,123,29,144,0,0,0,0,0,0,0,0,-32307,0,0,0,0,0,95762,0
95031,3444,8782,796,408,214,1095,12194,300,1483,-721,-144,37024,123,29,144,0,0,0,0,0,0,0,0,-32306,0,0,0,0,0,95768,0
95036,-22,7302,544,389,330,822,12258,284,1372,-521,296,37030,115,29,144,0,0,0,0,0,0,0,0,-32307,0,0,0,0,0,95773,0
95041,-1112,8118,546,454,352,960,12360,471,982,124,576,37030,115,29,144,0,0,0,0,0,0,0,0,-32307,0,0,0,0,0,95778,0
95046,424,8034,1570,423,391,932,12492,589,565,133,816,37024,122,29,144,0,0,0,0,0,0,0,0,-32306,0,0,0,0,0,95784,0
95051,1714,7696,742,445,461,912,12637,641,327,141,800,37024,122,29,144,0,0,0,0,0,0,0,0,-32307,0,0,0,0,0,95790,0
95056,952,8220,210,508,644,631,12783,650,325,105,784,37022,122,29,144,0,0,0,0,0,0,0,0,-32307,0,0,0,0,0,95795,0
95061,632,8098,426,531,708,575,12928,644,241,95,672,37022,122,29,144,0,0,0,0,0,0,0,0,-32307,0,0,0,0,0,95800,0
95066,750,7800,554,536,757,549,13066,608,89,96,520,37022,131,29,144,0,0,0,0,0,0,0,0,-32307,0,0,0,0,0,95806,0
95071,800,7318,564,552,805,453,13197,569,-16,70,384,37022,131,29,144,0,0,0,0,0,0,0,0,-32307,0,0,0,0,0,95811,0
95076,1046,7526,538,620,933,329,13316,524,-80,38,312,37022,133,29,144,0,0,0,0,0,0,0,0,-32307,0,0,0,0,0,95817,0
95081,1006,7394,546,628,994,292,13424,467,-119,18,208,37022,133,29,144,0,0,0,0,0,0,0,0,-32307,0,0,0,0,0,95822,0
95086,922,6996,438,637,1056,233,13516,397,-168,-1,168,37025,133,29,144,0,0,0,0,0,0,0,0,-32307,0,0,0,0,0,95828,0
95091,994,6832,388,663,1119,173,13592,328,-194,4,144,37025,133,29,144,0,0,0,0,0,0,0,0,-32307,0,0,0,0,0,95833,0
95096,1178,6888,216,723,1268,83,13656,272,-214,20,104,37026,132,29,144,0,0,0,0,0,0,0,0,-32306,0,0,0,0,0,95839,0
95101,1164,6842,-16,751,1356,34,13711,232,-209,12,88,37026,132,29,144,0,0,0,0,0,0,0,0,-32307,0,0,0,0,0,95844,0
95106,1230,6976,72,762,1424,-5,13759,207,-188,13,88,37027,129,29,144,0,0,0,0,0,0,0,0,-32307,0,0,0,0,0,95849,0
95111,1228,6926,132,775,1469,-32,13798,168,-151,17,72,37027,129,29,144,0,0,0,0,0,0,0,0,-32306,0,0,0,0,0,95855,0
95116,1432,6892,238,824,1574,-77,13835,153,-125,15,56,37029,128,29,144,0,0,0,0,0,0,0,0,-32307,0,0,0,0,0,95861,0
95121,1634,6894,208,855,1632,-93,13861,110,-108,20,48,37029,128,29,144,0,0,0,0,0,0,0,0,-32307,0,0,0,0,0,95866,0
95126,1748,6946,176,884,1698,-106,13890,133,-84,17,56,37030,126,29,144,0,0,0,0,0,0,0,0,-32307,0,0,0,0,0,95871,0
95131,1878,6928,140,908,1775,-109,13917,112,-66,24,48,37030,126,29,144,0,0,0,0,0,0,0,0,-32307,0,0,0,0,0,95877,0
95136,2016,6926,168,957,1926,-110,13950,142,-24,16,64,37029,136,29,144,0,0,0,0,0,0,0,0,-32307,0,0,0,0,0,95882,0
95141,2140,6984,164,994,1997,-105,13983,140,7,22,56,37029,136,29,144,0,0,0,0,0,0,0,0,-32306,0,0,0,0,0,95888,0
95146,2232,7012,164,1024,2069,-105,14021,165,33,16,64,37029,135,29,144,0,0,0,0,0,0,0,0,-32307,0,0,0,0,0,95894,0
95151,2358,7020,156,1046,2134,-101,14059,168,35,18,80,37029,135,29,144,0,0,0,0,0,0,0,0,-32307,0,0,0,0,0,95899,0
95156,2442,7012,130,1110,2267,-127,14103,196,53,14,80,37026,129,29,144,0,0,0,0,0,0,0,0,-32307,0,0,0,0,0,95904,0
95161,2510,7004,134,1143,2328,-135,14153,213,49,18,80,37026,129,29,144,0,0,0,0,0,0,0,0,-32306,0,0,0,0,0,95910,0
95166,2464,7006,136,1171,2384,-156,14205,227,58,3,112,37031,125,29,144,0,0,0,0,0,0,0,0,-32307,0,0,0,0,0,95915,0
95171,2460,7008,148,1199,2441,-167,14261,248,66,2,112,37031,125,29,144,0,0,0,0,0,0,0,0,-32307,0,0,0,0,0,95921,0
95176,2378,6962,196,1251,2543,-198,14320,260,61,1,120,37033,129,29,144,0,0,0,0,0,0,0,0,-32307,0,0,0,0,0,95926,0
95181,2352,6940,188,1272,2597,-212,14380,271,52,0,120,37033,129,29,144,0,0,0,0,0,0,0,0,-32308,0,0,0,0,0,95932,0
95186,2322,6902,230,1290,2644,-228,14442,262,44,-3,104,37032,129,29,144,0,0,0,0,0,0,0,0,-32307,0,0,0,0,0,95937,0
95191,2268,6960,272,1317,2691,-238,14500,257,21,-11,96,37032,129,29,144,0,0,0,0,0,0,0,0,-32307,0,0,0,0,0,95943,0
95196,2222,6978,300,1362,2775,-254,14561,267,11,-10,104,37029,130,29,144,0,0,0,0,0,0,0,0,-32307,0,0,0,0,0,95948,0
95201,2254,7026,316,1373,2817,-266,14620,255,-3,-20,88,37029,130,29,144,0,0,0,0,0,0,0,0,-32307,0,0,0,0,0,95953,0
95206,2290,7070,346,1391,2848,-286,14681,267,-3,-24,96,37028,121,29,144,0,0,0,0,0,0,0,0,-32306,0,0,0,0,0,95959,0
95211,2288,7092,358,1417,2879,-295,14743,278,6,-21,120,37028,121,29,144,0,0,0,0,0,0,0,0,-32307,0,0,0,0,0,95965,0
95216,2374,7196,396,1449,2938,-339,14803,268,10,-29,96,37029,133,29,144,0,0,0,0,0,0,0,0,-32307,0,0,0,0,0,95970,0
95221,2372,7270,392,1457,2960,-353,14859,251,-5,-44,96,37029,133,29,144,0,0,0,0,0,0,0,0,-32307,0,0,0,0,0,95975,0
95226,2348,7360,454,1478,2986,-360,14913,231,-23,-42,88,37034,134,29,144,0,0,0,0,0,0,0,0,-32307,0,0,0,0,0,95981,0
95231,2370,7434,444,1497,3003,-372,14967,233,-33,-40,88,37034,134,29,144,0,0,0,0,0,0,0,0,-32307,0,0,0,0,0,95986,0
95236,2388,7392,430,1529,3046,-381,15021,240,-25,-38,80,37039,142,29,144,0,0,0,0,0,0,0,0,-32307,0,0,0,0,0,95992,0
95241,2544,7512,482,1553,3061,-386,15079,257,-8,-40,104,37039,142,29,144,0,0,0,0,0,0,0,0,-32307,0,0,0,0,0,95997,0
95246,2636,7596,456,1571,3077,-390,15144,289,21,-37,128,37051,131,30,144,0,0,0,0,0,0,0,0,-32307,0,0,0,0,0,96003,0
95251,2728,7728,480,1582,3094,-404,15215,310,54,-38,128,37051,131,30,144,0,0,0,0,0,0,0,0,-32307,0,0,0,0,0,96008,0
95256,2736,7828,498,1620,3117,-434,15284,308,64,-51,112,37058,131,29,144,0,0,0,0,0,0,0,0,-32307,0,0,0,0,0,96014,0
95261,2706,7842,514,1637,3131,-440,15353,304,52,-60,104,37058,131,29,144,0,0,0,0,0,0,0,0,-32307,0,0,0,0,0,96020,0
95266,2694,7846,526,1654,3149,-447,15423,302,26,-66,104,37054,125,29,144,0,0,0,0,0,0,0,0,-32307,0,0,0,0,0,96025,0
95271,2648,7870,532,1668,3158,-440,15494,317,7,-71,120,37054,125,29,144,0,0,0,0,0,0,0,0,-32307,0,0,0,0,0,96030,0
95276,2652,7926,592,1696,3175,-430,15573,344,20,-66,128,37042,126,29,144,0,0,0,0,0,0,0,0,-32307,0,0,0,0,0,96036,0
95281,2662,7954,606,1709,3188,-431,15656,367,40,-73,128,37042,126,29,144,0,0,0,0,0,0,0,0,-32307,0,0,0,0,0,96041,0
95286,2708,7962,624,1716,3191,-428,15738,361,53,-82,128,37029,123,29,144,0,0,0,0,0,0,0,0,-32307,0,0,0,0,0,96047,0
95291,2634,8000,650,1729,3208,-437,15816,348,40,-95,112,37029,123,29,144,0,0,0,0,0,0,0,0,-32307,0,0,0,0,0,96052,0
95296,2512,8018,692,1745,3231,-433,15894,338,9,-100,128,37031,116,29,144,0,0,0,0,0,0,0,0,-32307,0,0,0,0,0,96058,0
95301,2538,7998,700,1752,3244,-428,15975,354,-9,-99,120,37031,116,29,144,0,0,0,0,0,0,0,0,-32307,0,0,0,0,0,96063,0
95306,2546,7978,728,1747,3248,-426,16053,355,-11,-105,128,37030,117,29,144,0,0,0,0,0,0,0,0,-32307,0,0,0,0,0,96069,0
95311,2566,7944,738,1744,3267,-427,16132,342,0,-104,104,37030,117,29,144,0,0,0,0,0,0,0,0,-32307,0,0,0,0,0,96074,0
95316,2522,8030,802,1739,3290,-425,16204,318,-13,-113,88,37030,124,29,144,0,0,0,0,0,0,0,0,-32306,0,0,0,0,0,96079,0
95321,2500,8048,808,1729,3300,-416,16275,302,-26,-123,80,37030,124,29,144,0,0,0,0,0,0,0,0,-32307,0,0,0,0,0,96085,0
95326,2476,8100,818,1721,3311,-407,16342,291,-47,-127,80,37031,128,29,144,0,0,0,0,0,0,0,0,-32307,0,0,0,0,0,96091,0
95331,2528,8106,820,1721,3330,-400,16408,289,-45,-122,64,37031,128,29,144,0,0,0,0,0,0,0,0,-32307,0,0,0,0,0,96096,0
95336,2554,8096,816,1708,3355,-370,16472,278,-40,-133,72,37034,123,29,144,0,0,0,0,0,0,0,0,-32307,0,0,0,0,0,96102,0
95341,2566,8106,836,1711,3378,-367,16538,285,-25,-133,72,37034,123,29,144,0,0,0,0,0,0,0,0,-32307,0,0,0,0,0,96107,0
95346,2592,8146,820,1709,3399,-352,16598,264,-18,-138,64,37033,122,29,144,0,0,0,0,0,0,0,0,-32307,0,0,0,0,0,96112,0
95351,2598,8194,812,1713,3425,-335,16654,245,-25,-146,56,37033,122,29,144,0,0,0,0,0,0,0,0,-32307,0,0,0,0,0,96118,0
95356,2528,8184,804,1721,3476,-301,16708,230,-42,-147,32,37034,123,29,144,0,0,0,0,0,0,0,0,-32307,0,0,0,0,0,96124,0
95361,2590,8202,818,1722,3506,-289,16759,223,-47,-145,48,37034,123,29,144,0,0,0,0,0,0,0,0,-32306,0,0,0,0,0,96129,0
95366,2594,8228,786,1737,3542,-266,16803,203,-54,-154,48,37031,129,29,144,0,0,0,0,0,0,0,0,-32306,0,0,0,0,0,96135,0
95371,2606,8246,796,1738,3574,-242,16846,184,-54,-152,24,37031,129,29,144,0,0,0,0,0,0,0,0,-32307,0,0,0,0,0,96140,0
95376,2574,8210,732,1769,3637,-219,16886,176,-56,-153,24,37031,129,29,144,0,0,0,0,0,0,0,0,-32307,0,0,0,0,0,96146,0
95381,2580,8190,778,1781,3677,-199,16922,154,-51,-157,24,37031,129,29,144,0,0,0,0,0,0,0,0,-32307,0,0,0,0,0,96151,0
95386,2530,8164,762,1788,3712,-185,16956,151,-45,-161,16,37032,126,29,144,0,0,0,0,0,0,0,0,-32307,0,0,0,0,0,96157,0
95391,2500,8160,798,1804,3749,-171,16984,114,-52,-157,8,37032,126,29,144,0,0,0,0,0,0,0,0,-32306,0,0,0,0,0,96162,0
95396,2412,8114,776,1826,3833,-137,17011,119,-51,-161,-8,37034,130,29,144,0,0,0,0,0,0,0,0,-32307,0,0,0,0,0,96167,0
95401,2344,8090,784,1835,3875,-123,17024,59,-66,-150,-40,37034,130,29,144,0,0,0,0,0,0,0,0,-32307,0,0,0,0,0,96173,0
95406,2256,8056,762,1849,3914,-102,17028,11,-94,-156,-40,37036,132,29,144,0,0,0,0,0,0,0,0,-32307,0,0,0,0,0,96178,0
95411,2184,8038,828,1854,3952,-77,17027,-9,-123,-155,-48,37036,132,29,144,0,0,0,0,0,0,0,0,-32307,0,0,0,0,0,96184,0
95416,2244,8020,836,1862,4024,-49,17028,-1,-106,-156,-48,37037,134,29,144,0,0,0,0,0,0,0,0,-32307,0,0,0,0,0,96189,0
95421,2256,8038,864,1874,4058,-42,17028,-3,-77,-155,-48,37037,134,29,144,0,0,0,0,0,0,0,0,-32307,0,0,0,0,0,96195,0
95426,2252,8044,902,1873,4094,-51,17029,-3,-29,-158,-40,37034,130,29,144,0,0,0,0,0,0,0,0,-32307,0,0,0,0,0,96200,0
95431,2204,8072,904,1871,4129,-67,17028,-5,-6,-155,-48,37034,130,29,144,0,0,0,0,0,0,0,0,-32307,0,0,0,0,0,96206,0
95436,2090,7974,922,1870,4201,-92,17028,-2,0,-156,-48,37037,122,29,144,0,0,0,0,0,0,0,0,-32307,0,0,0,0,0,96211,0
95441,2014,8004,968,1864,4240,-102,17028,-5,-1,-157,-40,37037,122,29,144,0,0,0,0,0,0,0,0,-32307,0,0,0,0,0,96217,0
95446,2028,8000,986,1857,4272,-115,17029,6,3,-156,-48,37035,118,29,144,0,0,0,0,0,0,0,0,-32307,0,0,0,0,0,96222,0
95451,1962,7994,1002,1855,4314,-130,17029,3,3,-157,-40,37035,118,29,144,0,0,0,0,0,0,0,0,-32306,0,0,0,0,0,96228,0
95456,1930,8008,1052,1838,4387,-144,17029,2,2,-155,-48,37034,122,29,144,0,0,0,0,0,0,0,0,-32307,0,0,0,0,0,96233,0
95461,1880,8018,1068,1826,4421,-151,17027,-4,-3,-157,-48,37034,122,29,144,0,0,0,0,0,0,0,0,-32307,0,0,0,0,0,96238,0
95466,1866,7998,1076,1816,4456,-171,17029,0,0,-158,-48,37034,129,29,144,0,0,0,0,0,0,0,0,-32307,0,0,0,0,0,96244,0
95471,1826,8008,1120,1796,4484,-179,17028,3,-1,-156,-48,37034,129,29,144,0,0,0,0,0,0,0,0,-32307,0,0,0,0,0,96249,0
95476,1830,8012,1122,1778,4544,-210,17027,0,1,-157,-48,37033,125,29,144,0,0,0,0,0,0,0,0,-32307,0,0,0,0,0,96255,0
95481,1826,8050,1140,1754,4568,-231,17028,-1,-3,-157,-48,37033,125,29,144,0,0,0,0,0,0,0,0,-32307,0,0,0,0,0,96260,0
95486,1826,8040,1130,1746,4596,-241,17028,6,0,-155,-48,37034,125,29,144,0,0,0,0,0,0,0,0,-32307,0,0,0,0,0,96266,0
95491,1780,8030,1144,1727,4616,-260,17028,0,3,-156,-48,37034,125,29,144,0,0,0,0,0,0,0,0,-32307,0,0,0,0,0,96271,0
95496,1768,8018,1166,1692,4652,-280,17029,5,-1,-155,-48,37031,129,29,144,0,0,0,0,0,0,0,0,-32306,0,0,0,0,0,96277,0
95501,1742,8006,1172,1688,4666,-294,17028,0,-4,-157,-48,37031,129,29,144,0,0,0,0,0,0,0,0,-32307,0,0,0,0,0,96282,0
95506,1740,8010,1172,1662,4678,-296,17027,-4,-1,-156,-48,37031,128,29,144,0,0,0,0,0,0,0,0,-32307,0,0,0,0,0,96287,0
95511,1758,8000,1156,1642,4693,-310,17028,0,-6,-155,-48,37031,128,29,144,0,0,0,0,0,0,0,0,-32307,0,0,0,0,0,96293,0
95516,1810,8014,1204,1605,4708,-331,17028,0,3,-156,-48,37031,131,29,144,0,0,0,0,0,0,0,0,-32307,0,0,0,0,0,96298,0
95521,1782,7998,1174,1584,4723,-342,17028,5,3,-156,-48,37031,131,29,144,0,0,0,0,0,0,0,0,-32307,0,0,0,0,0,96304,0
95526,1764,7980,1202,1564,4728,-352,17028,4,-3,-157,-40,37033,130,29,144,0,0,0,0,0,0,0,0,-32307,0,0,0,0,0,96309,0
95531,1772,8020,1214,1542,4738,-360,17027,-2,4,-157,-48,37033,130,29,144,0,0,0,0,0,0,0,0,-32307,0,0,0,0,0,96315,0
95536,1802,8026,1234,1493,4740,-377,17028,0,1,-157,-48,37038,136,29,144,0,0,0,0,0,0,0,0,-32307,0,0,0,0,0,96320,0
95541,1846,8028,1244,1465,4747,-388,17028,3,1,-155,-40,37038,136,29,144,0,0,0,0,0,0,0,0,-32307,0,0,0,0,0,96326,0
95546,1864,8032,1284,1441,4756,-386,17028,0,-2,-156,-48,37038,137,29,144,0,0,0,0,0,0,0,0,-32307,0,0,0,0,0,96331,0
95551,1884,8040,1300,1419,4760,-395,17028,4,-2,-155,-48,37038,137,29,144,0,0,0,0,0,0,0,0,-32307,0,0,0,0,0,96337,0
95556,1968,8098,1360,1369,4782,-400,17029,-3,-2,-157,-48,37038,139,29,144,0,0,0,0,0,0,0,0,-32307,0,0,0,0,0,96342,0
95561,1976,8114,1380,1333,4795,-398,17027,-1,2,-158,-48,37038,139,29,144,0,0,0,0,0,0,0,0,-32307,0,0,0,0,0,96348,0
95566,1974,8080,1410,1306,4802,-397,17028,0,-2,-156,-48,37035,140,29,144,0,0,0,0,0,0,0,0,-32307,0,0,0,0,0,96353,0
95571,2052,8084,1406,1282,4817,-394,17028,5,0,-157,-48,37035,140,29,144,0,0,0,0,0,0,0,0,-32307,0,0,0,0,0,96359,0
95576,2068,8088,1430,1224,4840,-383,17028,0,4,-156,-48,37031,140,29,144,0,0,0,0,0,0,0,0,-32307,0,0,0,0,0,96364,0
95581,2038,8038,1422,1190,4857,-370,17027,-2,3,-157,-48,37031,140,29,144,0,0,0,0,0,0,0,0,-32307,0,0,0,0,0,96369,0
95586,2044,7980,1382,1166,4873,-360,17028,2,1,-157,-48,37031,142,29,144,0,0,0,0,0,0,0,0,-32307,0,0,0,0,0,96375,0
95591,2056,7898,1404,1137,4882,-347,17028,-1,0,-157,-48,37031,142,29,144,0,0,0,0,0,0,0,0,-32307,0,0,0,0,0,96380,0
95596,2064,7790,1328,1082,4900,-323,17028,0,1,-156,-48,37033,135,29,144,0,0,0,0,0,0,0,0,-32307,0,0,0,0,0,96386,0
95601,2068,7736,1332,1054,4920,-310,17029,6,4,-156,-48,37033,135,29,144,0,0,0,0,0,0,0,0,-32307,0,0,0,0,0,96391,0
95606,2044,7724,1288,1034,4927,-302,17027,0,0,-156,-48,37032,134,29,144,0,0,0,0,0,0,0,0,-32307,0,0,0,0,0,96396,0
95611,2046,7672,1268,1007,4936,-294,17027,-1,-2,-155,-48,37032,134,29,144,0,0,0,0,0,0,0,0,-32307,0,0,0,0,0,96402,0
95616,2026,7656,1192,964,4949,-273,17028,0,2,-156,-48,37033,131,29,144,0,0,0,0,0,0,0,0,-32307,0,0,0,0,0,96407,0
95621,2018,7640,1182,945,4963,-262,17028,0,2,-157,-48,37033,131,29,144,0,0,0,0,0,0,0,0,-32307,0,0,0,0,0,96413,0
95626,2034,7662,1138,929,4967,-247,17028,0,0,-156,-48,37031,134,29,144,0,0,0,0,0,0,0,0,-32307,0,0,0,0,0,96418,0
95631,2018,7718,1120,908,4973,-236,17028,0,2,-156,-48,37031,134,29,144,0,0,0,0,0,0,0,0,-32307,0,0,0,0,0,96424,0
95636,2000,7784,1082,877,4990,-200,17029,9,2,-156,-56,37031,132,29,144,0,0,0,0,0,0,0,0,-32307,0,0,0,0,0,96429,0
95641,2016,7834,1030,865,4994,-185,17029,6,2,-159,-40,37031,132,29,144,0,0,0,0,0,0,0,0,-32307,0,0,0,0,0,96434,0
95646,1976,7896,970,852,5003,-159,17029,6,1,-155,-48,37036,130,29,144,0,0,0,0,0,0,0,0,-32308,0,0,0,0,0,96440,0
95651,1936,7934,954,839,5005,-137,17029,1,6,-157,-48,37036,130,29,144,0,0,0,0,0,0,0,0,-32307,0,0,0,0,0,96445,0
95656,1892,8010,878,823,5014,-89,17028,3,2,-156,-48,37040,130,29,144,0,0,0,0,0,0,0,0,-32307,0,0,0,0,0,96450,0
95661,1886,8038,834,823,5010,-57,17028,-1,-2,-155,-48,37040,130,29,144,0,0,0,0,0,0,0,0,-32307,0,0,0,0,0,96456,0
95666,1866,8004,806,813,5002,-39,17028,-3,0,-157,-48,37043,133,29,144,0,0,0,0,0,0,0,0,-32306,0,0,0,0,0,96462,0
95671,1814,8014,756,815,4996,-15,17028,1,-5,-156,-48,37043,133,29,144,0,0,0,0,0,0,0,0,-32307,0,0,0,0,0,96467,0
95676,1760,8018,700,808,4977,33,17028,-3,2,-156,-48,37037,128,29,144,0,0,0,0,0,0,0,0,-32307,0,0,0,0,0,96472,0
95681,1758,7994,664,815,4971,43,17028,0,2,-156,-48,37037,128,29,144,0,0,0,0,0,0,0,0,-32307,0,0,0,0,0,96478,0
95686,1736,7928,670,815,4954,70,17028,1,3,-158,-48,37032,141,29,144,0,0,0,0,0,0,0,0,-32307,0,0,0,0,0,96483,0
95691,1708,7958,654,816,4937,89,17029,5,2,-158,-48,37032,141,29,144,0,0,0,0,0,0,0,0,-32307,0,0,0,0,0,96489,0
95696,1666,7940,608,829,4902,115,17028,5,0,-157,-48,37029,134,29,144,0,0,0,0,0,0,0,0,-32307,0,0,0,0,0,96494,0
95701,1636,7952,622,831,4892,133,17027,2,1,-156,-48,37029,134,29,144,0,0,0,0,0,0,0,0,-32307,0,0,0,0,0,96500,0
95706,1650,7968,602,832,4872,138,17029,2,7,-154,-48,37027,143,29,144,0,0,0,0,0,0,0,0,-32307,0,0,0,0,0,96505,0
95711,1614,7956,594,841,4865,153,17028,1,1,-155,-48,37027,143,29,144,0,0,0,0,0,0,0,0,-32307,0,0,0,0,0,96511,0
95716,1588,8044,572,852,4839,167,17028,-3,1,-154,-40,37027,140,29,144,0,0,0,0,0,0,0,0,-32307,0,0,0,0,0,96516,0
95721,1548,8060,602,858,4827,180,17028,4,1,-156,-48,37027,140,29,144,0,0,0,0,0,0,0,0,-32307,0,0,0,0,0,96522,0
95726,1556,8078,600,859,4808,187,17027,-7,-7,-156,-40,37029,141,29,144,0,0,0,0,0,0,0,0,-32306,0,0,0,0,0,96527,0
95731,1534,8134,584,858,4795,196,17027,-6,2,-156,-48,37029,141,29,144,0,0,0,0,0,0,0,0,-32307,0,0,0,0,0,96533,0
95736,1488,8168,600,875,4773,210,17028,-2,0,-156,-48,37029,143,29,144,0,0,0,0,0,0,0,0,-32307,0,0,0,0,0,96538,0
95741,1480,8212,630,878,4754,219,17028,0,1,-155,-48,37029,143,29,144,0,0,0,0,0,0,0,0,-32307,0,0,0,0,0,96544,0
95746,1472,8292,654,876,4748,227,17029,0,1,-156,-48,37030,133,29,144,0,0,0,0,0,0,0,0,-32307,0,0,0,0,0,96549,0
95751,1454,8334,652,879,4742,233,17029,4,7,-155,-48,37030,133,29,144,0,0,0,0,0,0,0,0,-32307,0,0,0,0,0,96554,0
95756,1430,8410,708,884,4713,237,17028,-2,-1,-155,-40,37035,128,29,144,0,0,0,0,0,0,0,0,-32307,0,0,0,0,0,96560,0
95761,1396,8462,718,879,4701,249,17030,7,5,-155,-48,37035,128,29,144,0,0,0,0,0,0,0,0,-32307,0,0,0,0,0,96565,0
95766,1362,8438,730,883,4688,246,17028,1,3,-156,-40,37036,127,29,144,0,0,0,0,0,0,0,0,-32307,0,0,0,0,0,96571,0
95771,1384,8464,760,879,4683,254,17028,3,3,-157,-48,37036,127,29,144,0,0,0,0,0,0,0,0,-32307,0,0,0,0,0,96576,0
95776,1390,8470,786,875,4648,271,17028,-1,3,-157,-40,37037,125,29,144,0,0,0,0,0,0,0,0,-32307,0,0,0,0,0,96582,0
95781,1376,8450,816,874,4638,270,17028,0,4,-157,-40,37037,125,29,144,0,0,0,0,0,0,0,0,-32307,0,0,0,0,0,96587,0
95786,1396,8478,820,873,4619,272,17029,5,2,-156,-40,37032,131,29,144,0,0,0,0,0,0,0,0,-32307,0,0,0,0,0,96592,0
95791,1372,8448,872,857,4607,281,17027,1,1,-156,-40,37032,131,29,144,0,0,0,0,0,0,0,0,-32307,0,0,0,0,0,96598,0
95796,1382,8474,878,844,4579,281,17028,2,0,-156,-48,37033,130,29,144,0,0,0,0,0,0,0,0,-32307,0,0,0,0,0,96604,0
95801,1380,8444,916,834,4570,281,17028,1,4,-157,-48,37033,130,29,144,0,0,0,0,0,0,0,0,-32306,0,0,0,0,0,96609,0
95806,1356,8454,918,822,4563,286,17029,8,3,-155,-48,37032,130,29,144,0,0,0,0,0,0,0,0,-32306,0,0,0,0,0,96614,0
95811,1360,8448,938,815,4545,294,17027,-11,-5,-155,-40,37032,130,29,144,0,0,0,0,0,0,0,0,-32307,0,0,0,0,0,96620,0
95816,1312,8502,934,784,4517,303,17029,1,7,-157,-40,37033,130,29,144,0,0,0,0,0,0,0,0,-32307,0,0,0,0,0,96625,0
95821,1320,8466,944,768,4505,305,17027,-3,-5,-154,-48,37033,130,29,144,0,0,0,0,0,0,0,0,-32307,0,0,0,0,0,96631,0
95826,1294,8496,936,753,4483,315,17027,0,-4,-156,-40,37032,129,29,144,0,0,0,0,0,0,0,0,-32307,0,0,0,0,0,96637,0
95831,1262,8484,928,736,4471,315,17028,-2,5,-157,-48,37032,129,29,144,0,0,0,0,0,0,0,0,-32307,0,0,0,0,0,96642,0
95836,1236,8488,932,696,4435,331,17028,1,0,-157,-48,37029,129,29,144,0,0,0,0,0,0,0,0,-32307,0,0,0,0,0,96647,0
95841,1232,8452,930,678,4410,332,17027,-8,-1,-158,-48,37029,129,29,144,0,0,0,0,0,0,0,0,-32307,0,0,0,0,0,96653,0
95846,1228,8422,904,661,4394,340,17028,1,-1,-159,-48,37029,131,29,144,0,0,0,0,0,0,0,0,-32307,0,0,0,0,0,96658,0
95851,1226,8366,932,642,4374,348,17027,-5,-2,-158,-48,37029,131,29,144,0,0,0,0,0,0,0,0,-32307,0,0,0,0,0,96664,0
95856,1160,8190,926,609,4328,355,17027,2,-2,-155,-48,37030,130,29,144,0,0,0,0,0,0,0,0,-32307,0,0,0,0,0,96669,0
95861,1184,8102,910,587,4301,360,17028,0,1,-156,-48,37030,130,29,144,0,0,0,0,0,0,0,0,-32307,0,0,0,0,0,96675,0
95866,1202,8038,886,567,4275,369,17028,4,3,-156,-48,37037,139,29,144,0,0,0,0,0,0,0,0,-32307,0,0,0,0,0,96680,0
95871,1178,7916,856,555,4256,373,17028,6,-2,-156,-40,37037,139,29,144,0,0,0,0,0,0,0,0,-32307,0,0,0,0,0,96686,0
95876,1214,7736,848,515,4195,377,17028,1,3,-157,-40,37037,146,29,144,0,0,0,0,0,0,0,0,-32307,0,0,0,0,0,96691,0
95881,1228,7648,804,497,4164,381,17028,-2,3,-156,-48,37037,146,29,144,0,0,0,0,0,0,0,0,-32307,0,0,0,0,0,96697,0
95886,1230,7596,790,482,4138,382,17029,10,4,-157,-40,37032,150,29,144,0,0,0,0,0,0,0,0,-32307,0,0,0,0,0,96702,0
95891,1228,7548,754,453,4110,387,17029,7,1,-156,-48,37032,150,29,144,0,0,0,0,0,0,0,0,-32307,0,0,0,0,0,96710,0
95896,1282,7508,694,428,4057,390,17029,8,7,-157,-48,37017,141,29,144,0,0,0,0,0,0,0,0,-32307,0,0,0,0,0,96714,0
95901,1330,7440,646,406,4043,392,17028,-1,3,-157,-48,37017,141,29,144,0,0,0,0,0,0,0,0,-32307,0,0,0,0,0,96719,0
95906,1358,7450,608,392,4017,396,17029,7,2,-156,-40,37010,134,29,144,0,0,0,0,0,0,0,0,-32306,0,0,0,0,0,96725,0
95911,1410,7438,582,371,3995,398,17029,-3,-2,-156,-48,37010,134,29,144,0,0,0,0,0,0,0,0,-32307,0,0,0,0,0,96731,0
95916,1484,7452,490,338,3971,404,17028,-2,-2,-157,-40,37016,130,29,144,0,0,0,0,0,0,0,0,-32307,0,0,0,0,0,96737,0
95921,1556,7432,466,332,3964,407,17028,2,-4,-156,-48,37016,130,29,144,0,0,0,0,0,0,0,0,-32307,0,0,0,0,0,96743,0
95926,1586,7392,440,312,3953,415,17028,11,-2,-155,-48,37022,129,29,144,0,0,0,0,0,0,0,0,-32307,0,0,0,0,0,96748,0
95931,1610,7416,390,302,3956,419,17027,1,0,-157,-48,37022,129,29,144,0,0,0,0,0,0,0,0,-32307,0,0,0,0,0,96753,0
95936,1702,7516,342,274,3957,448,17028,-1,0,-156,-48,37028,128,29,144,0,0,0,0,0,0,0,0,-32307,0,0,0,0,0,96759,0
95941,1746,7582,300,268,3971,462,17029,-1,-2,-155,-48,37028,128,29,144,0,0,0,0,0,0,0,0,-32307,0,0,0,0,0,96764,0
95946,1756,7620,252,250,3983,475,17028,0,1,-157,-48,37027,131,29,144,0,0,0,0,0,0,0,0,-32307,0,0,0,0,0,96770,0
95951,1766,7628,214,243,3993,496,17028,0,0,-157,-48,37027,131,29,144,0,0,0,0,0,0,0,0,-32307,0,0,0,0,0,96775,0
95956,1790,7700,120,223,4007,531,17028,-1,-6,-155,-48,37027,138,29,144,0,0,0,0,0,0,0,0,-32307,0,0,0,0,0,96781,0
95961,1756,7710,46,221,4024,546,17028,-2,1,-156,-48,37027,138,29,144,0,0,0,0,0,0,0,0,-32307,0,0,0,0,0,96786,0
95966,1740,7698,14,219,4027,568,17029,2,1,-157,-40,37034,141,29,144,0,0,0,0,0,0,0,0,-32307,0,0,0,0,0,96792,0
95971,1732,7702,-34,206,4040,589,17027,0,2,-154,-48,37034,141,29,144,0,0,0,0,0,0,0,0,-32307,0,0,0,0,0,96797,0
95976,1714,7716,-152,210,4048,634,17028,-7,1,-155,-40,37036,135,29,144,0,0,0,0,0,0,0,0,-32307,0,0,0,0,0,96803,0
95981,1728,7740,-222,215,4060,654,17028,-5,-1,-156,-48,37036,135,29,144,0,0,0,0,0,0,0,0,-32307,0,0,0,0,0,96808,0
95986,1732,7734,-252,218,4066,673,17027,-2,4,-156,-48,37035,132,29,144,0,0,0,0,0,0,0,0,-32307,0,0,0,0,0,96814,0
95991,1708,7738,-290,230,4071,688,17028,-2,-1,-156,-48,37035,132,29,144,0,0,0,0,0,0,0,0,-32307,0,0,0,0,0,96822,0
95996,1716,7808,-398,248,4071,727,17028,-1,2,-156,-48,37026,122,29,144,0,0,0,0,0,0,0,0,-32307,0,0,0,0,0,96825,0
96001,1700,7860,-442,257,4076,748,17028,4,5,-157,-48,37026,122,29,144,0,0,0,0,0,0,0,0,-32307,0,0,0,0,0,96831,0
96006,1700,7890,-498,267,4081,769,17028,-1,2,-158,-48,37021,125,29,144,0,0,0,0,0,0,0,0,-32307,0,0,0,0,0,96837,0
96011,1684,7958,-512,281,4087,788,17029,9,2,-156,-48,37021,125,29,144,0,0,0,0,0,0,0,0,-32306,0,0,0,0,0,96843,0
96016,1684,8114,-558,316,4102,830,17028,2,-2,-155,-48,37019,125,29,144,0,0,0,0,0,0,0,0,-32307,0,0,0,0,0,96848,0
96021,1652,8166,-578,326,4107,858,17027,0,3,-156,-48,37019,125,29,144,0,0,0,0,0,0,0,0,-32307,0,0,0,0,0,96854,0
96026,1614,8272,-606,347,4115,882,17028,0,-6,-156,-48,37022,136,29,144,0,0,0,0,0,0,0,0,-32307,0,0,0,0,0,96859,0
96031,1570,8320,-642,369,4123,904,17029,6,1,-156,-48,37022,136,29,144,0,0,0,0,0,0,0,0,-32307,0,0,0,0,0,96865,0
96036,1506,8374,-676,408,4131,954,17029,1,-2,-159,-40,37027,133,29,144,0,0,0,0,0,0,0,0,-32307,0,0,0,0,0,96870,0
96041,1446,8384,-694,428,4129,983,17027,-5,1,-159,-48,37027,133,29,144,0,0,0,0,0,0,0,0,-32307,0,0,0,0,0,96876,0
96046,1464,8398,-704,451,4137,1007,17027,-5,-4,-159,-48,37030,137,29,144,0,0,0,0,0,0,0,0,-32306,0,0,0,0,0,96881,0
96051,1438,8406,-706,474,4129,1029,17028,-8,-2,-157,-48,37030,137,29,144,0,0,0,0,0,0,0,0,-32307,0,0,0,0,0,96886,0
96056,1372,8508,-690,522,4136,1074,17028,2,1,-154,-48,37030,135,29,144,0,0,0,0,0,0,0,0,-32307,0,0,0,0,0,96892,0
96061,1326,8478,-700,543,4150,1099,17028,0,0,-157,-48,37030,135,29,144,0,0,0,0,0,0,0,0,-32307,0,0,0,0,0,96897,0
96066,1282,8494,-704,564,4148,1122,17028,5,4,-156,-40,37031,135,29,144,0,0,0,0,0,0,0,0,-32307,0,0,0,0,0,96903,0
96071,1192,8516,-698,585,4141,1141,17028,2,1,-155,-48,37031,135,29,144,0,0,0,0,0,0,0,0,-32307,0,0,0,0,0,96908,0
96076,1112,8508,-652,633,4130,1176,17027,0,5,-156,-48,37031,132,29,144,0,0,0,0,0,0,0,0,-32307,0,0,0,0,0,96914,0
96081,1036,8550,-636,647,4121,1196,17028,0,1,-155,-48,37031,132,29,144,0,0,0,0,0,0,0,0,-32307,0,0,0,0,0,96919,0
96086,990,8514,-620,669,4113,1209,17028,3,1,-156,-48,37029,125,29,144,0,0,0,0,0,0,0,0,-32307,0,0,0,0,0,96925,0
96091,952,8514,-600,689,4099,1230,17028,-3,-1,-156,-40,37029,125,29,144,0,0,0,0,0,0,0,0,-32307,0,0,0,0,0,96930,0
96096,828,8524,-532,722,4076,1244,17028,0,0,-157,-48,37028,125,29,144,0,0,0,0,0,0,0,0,-32307,0,0,0,0,0,96935,0
96101,798,8500,-526,740,4058,1251,17028,0,-2,-156,-48,37028,125,29,144,0,0,0,0,0,0,0,0,-32307,0,0,0,0,0,96941,0
96106,754,8472,-476,751,4053,1265,17028,-1,1,-156,-48,37028,124,29,144,0,0,0,0,0,0,0,0,-32307,0,0,0,0,0,96947,0
96111,706,8472,-440,764,4038,1267,17028,1,-3,-156,-48,37028,124,29,144,0,0,0,0,0,0,0,0,-32307,0,0,0,0,0,96952,0
96116,592,8420,-342,788,4012,1279,17027,0,2,-156,-48,37030,128,29,144,0,0,0,0,0,0,0,0,-32307,0,0,0,0,0,96957,0
96121,544,8374,-294,796,3998,1284,17027,-1,0,-156,-48,37030,128,29,144,0,0,0,0,0,0,0,0,-32307,0,0,0,0,0,96963,0
96126,532,8336,-256,810,3989,1281,17027,-2,1,-156,-48,37029,131,29,144,0,0,0,0,0,0,0,0,-32307,0,0,0,0,0,96969,0
96131,504,8292,-230,815,3975,1284,17027,-5,0,-157,-48,37029,131,29,144,0,0,0,0,0,0,0,0,-32307,0,0,0,0,0,96974,0
96136,360,8200,-124,844,3942,1288,17025,-1,1,-156,-48,37028,131,29,144,0,0,0,0,0,0,0,0,-32307,0,0,0,0,0,96979,0
96141,344,8176,-110,847,3930,1287,17025,-3,-1,-155,-48,37028,131,29,144,0,0,0,0,0,0,0,0,-32307,0,0,0,0,0,96985,0
96146,310,8148,-76,855,3912,1285,17026,4,1,-158,-48,37028,129,29,144,0,0,0,0,0,0,0,0,-32307,0,0,0,0,0,96990,0
96151,254,8100,-36,868,3888,1279,17025,4,1,-158,-48,37028,129,29,144,0,0,0,0,0,0,0,0,-32307,0,0,0,0,0,96996,0
96156,134,8034,-10,882,3829,1271,17023,5,7,-156,-48,37032,131,29,144,0,0,0,0,0,0,0,0,-32307,0,0,0,0,0,97001,0
96161,140,8000,-8,890,3792,1259,17023,4,-4,-156,-48,37032,131,29,144,0,0,0,0,0,0,0,0,-32307,0,0,0,0,0,97007,0
96166,108,8002,30,894,3757,1250,17023,-4,0,-156,-48,37034,133,29,144,0,0,0,0,0,0,0,0,-32306,0,0,0,0,0,97012,0
96171,80,7980,62,909,3722,1235,17022,-1,-1,-154,-56,37034,133,29,144,0,0,0,0,0,0,0,0,-32307,0,0,0,0,0,97018,0
96176,42,7902,106,921,3649,1211,17020,-14,-5,-155,-40,37037,131,29,144,0,0,0,0,0,0,0,0,-32307,0,0,0,0,0,97023,0
96181,10,7892,98,931,3607,1197,17020,-1,-5,-155,-48,37037,131,29,144,0,0,0,0,0,0,0,0,-32307,0,0,0,0,0,97029,0
96186,28,7840,114,935,3567,1186,17020,0,-4,-156,-48,37036,119,29,144,0,0,0,0,0,0,0,0,-32308,0,0,0,0,0,97035,0
96191,60,7808,136,947,3530,1172,17019,-4,0,-157,-48,37036,119,29,144,0,0,0,0,0,0,0,0,-32307,0,0,0,0,0,97040,0
96196,56,7730,150,966,3442,1145,17016,-9,0,-157,-56,37031,125,29,144,0,0,0,0,0,0,0,0,-32307,0,0,0,0,0,97046,0
96201,76,7644,166,974,3402,1132,17017,-1,2,-156,-48,37031,125,29,144,0,0,0,0,0,0,0,0,-32307,0,0,0,0,0,97051,0
96206,66,7596,188,990,3362,1115,17017,-3,0,-155,-48,37028,121,29,144,0,0,0,0,0,0,0,0,-32307,0,0,0,0,0,97057,0
96211,60,7538,198,997,3321,1108,17017,-3,4,-153,-40,37028,121,29,144,0,0,0,0,0,0,0,0,-32307,0,0,0,0,0,97062,0
96216,70,7456,198,1018,3241,1089,17016,-1,2,-156,-48,37025,134,29,144,0,0,0,0,0,0,0,0,-32307,0,0,0,0,0,97068,0
96221,96,7458,228,1028,3203,1075,17017,0,3,-154,-48,37025,134,29,144,0,0,0,0,0,0,0,0,-32307,0,0,0,0,0,97073,0
96226,78,7410,234,1035,3161,1068,17017,1,3,-156,-48,37027,131,29,144,0,0,0,0,0,0,0,0,-32307,0,0,0,0,0,97078,0
96231,50,7402,232,1040,3119,1053,17017,2,3,-156,-48,37027,131,29,144,0,0,0,0,0,0,0,0,-32306,0,0,0,0,0,97084,0
96236,72,7416,192,1054,3038,1034,17016,-2,2,-155,-48,37029,127,29,144,0,0,0,0,0,0,0,0,-32307,0,0,0,0,0,97089,0
96241,102,7466,188,1052,3003,1024,17017,1,-2,-156,-48,37029,127,29,144,0,0,0,0,0,0,0,0,-32307,0,0,0,0,0,97095,0
96246,134,7516,196,1059,2958,1007,17016,7,1,-158,-48,37030,135,29,144,0,0,0,0,0,0,0,0,-32307,0,0,0,0,0,97100,0
96251,128,7564,182,1059,2920,994,17016,-1,1,-154,-48,37030,135,29,144,0,0,0,0,0,0,0,0,-32306,0,0,0,0,0,97106,0
96256,156,7648,160,1066,2848,962,17016,-1,0,-153,-56,37031,129,29,144,0,0,0,0,0,0,0,0,-32307,0,0,0,0,0,97111,0
96261,188,7696,174,1053,2814,946,17016,0,0,-155,-48,37031,129,29,144,0,0,0,0,0,0,0,0,-32307,0,0,0,0,0,97117,0
96266,206,7792,166,1060,2784,946,17016,-2,3,-154,-48,37032,125,29,144,0,0,0,0,0,0,0,0,-32307,0,0,0,0,0,97122,0
96271,188,7810,192,1057,2757,936,17017,7,-2,-155,-48,37032,125,29,144,0,0,0,0,0,0,0,0,-32307,0,0,0,0,0,97128,0
96276,274,7948,200,1050,2700,926,17017,3,2,-154,-48,37031,125,29,144,0,0,0,0,0,0,0,0,-32307,0,0,0,0,0,97133,0
96281,292,7966,192,1048,2679,913,17016,0,0,-156,-48,37031,125,29,144,0,0,0,0,0,0,0,0,-32307,0,0,0,0,0,97139,0
96286,286,8008,192,1054,2649,909,17015,-7,-2,-154,-48,37031,125,29,144,0,0,0,0,0,0,0,0,-32307,0,0,0,0,0,97144,0
96291,336,8028,196,1054,2623,901,17016,-3,-2,-155,-48,37031,125,29,144,0,0,0,0,0,0,0,0,-32307,0,0,0,0,0,97150,0
96296,362,7992,188,1056,2564,871,17017,-3,-4,-154,-40,37031,137,29,144,0,0,0,0,0,0,0,0,-32307,0,0,0,0,0,97155,0
96301,430,7984,204,1066,2532,860,17017,0,2,-153,-48,37031,137,29,144,0,0,0,0,0,0,0,0,-32307,0,0,0,0,0,97161,0
96306,460,8004,230,1072,2504,842,17016,-3,-1,-156,-48,37031,124,29,144,0,0,0,0,0,0,0,0,-32306,0,0,0,0,0,97166,0
96311,528,8022,234,1087,2466,816,17015,-1,-1,-155,-48,37031,124,29,144,0,0,0,0,0,0,0,0,-32307,0,0,0,0,0,97172,0
96316,666,7982,232,1108,2403,783,17016,5,0,-156,-48,37031,126,29,144,0,0,0,0,0,0,0,0,-32307,0,0,0,0,0,97177,0
96321,752,7988,252,1118,2371,764,17016,-3,5,-155,-48,37031,126,29,144,0,0,0,0,0,0,0,0,-32307,0,0,0,0,0,97183,0
96326,816,8028,262,1140,2345,745,17017,6,3,-157,-40,37031,130,29,144,0,0,0,0,0,0,0,0,-32307,0,0,0,0,0,97188,0
96331,908,8088,296,1150,2313,730,17016,0,3,-155,-48,37031,130,29,144,0,0,0,0,0,0,0,0,-32306,0,0,0,0,0,97194,0
96336,1066,8240,344,1186,2263,705,17017,3,-3,-155,-48,37030,133,29,144,0,0,0,0,0,0,0,0,-32307,0,0,0,0,0,97199,0
96341,1144,8272,362,1208,2244,698,17015,-4,-1,-154,-40,37030,133,29,144,0,0,0,0,0,0,0,0,-32307,0,0,0,0,0,97205,0
96346,1186,8330,336,1222,2215,694,17016,0,2,-157,-48,37029,133,29,144,0,0,0,0,0,0,0,0,-32306,0,0,0,0,0,97210,0
96351,1242,8376,380,1233,2192,691,17017,9,2,-154,-48,37029,133,29,144,0,0,0,0,0,0,0,0,-32307,0,0,0,0,0,97216,0
96356,1302,8498,414,1267,2149,699,17017,5,3,-155,-48,37029,128,29,144,0,0,0,0,0,0,0,0,-32307,0,0,0,0,0,97221,0
96361,1348,8548,434,1278,2127,704,17017,7,5,-154,-48,37029,128,29,144,0,0,0,0,0,0,0,0,-32306,0,0,0,0,0,97227,0
96366,1380,8542,492,1279,2113,710,17017,5,-2,-154,-48,37032,130,29,144,0,0,0,0,0,0,0,0,-32306,0,0,0,0,0,97232,0
96371,1422,8598,508,1290,2088,715,17017,1,-1,-153,-48,37032,130,29,144,0,0,0,0,0,0,0,0,-32307,0,0,0,0,0,97238,0
96376,1484,8672,606,1301,2052,725,17016,-2,-4,-156,-48,37032,130,29,144,0,0,0,0,0,0,0,0,-32306,0,0,0,0,0,97243,0
96381,1518,8668,650,1303,2038,738,17017,4,0,-156,-48,37032,130,29,144,0,0,0,0,0,0,0,0,-32307,0,0,0,0,0,97249,0
96386,1550,8640,676,1300,2025,744,17016,0,-2,-156,-48,37034,126,29,144,0,0,0,0,0,0,0,0,-32306,0,0,0,0,0,97254,0
96391,1566,8598,726,1303,2009,743,17017,0,0,-155,-48,37034,126,29,144,0,0,0,0,0,0,0,0,-32307,0,0,0,0,0,97260,0
96396,1602,8442,830,1284,1963,745,17017,5,0,-156,-40,37034,130,29,144,0,0,0,0,0,0,0,0,-32307,0,0,0,0,0,97265,0
96401,1610,8334,856,1282,1954,749,17017,4,2,-156,-48,37034,130,29,144,0,0,0,0,0,0,0,0,-32306,0,0,0,0,0,97270,0
96406,1676,8266,896,1272,1937,752,17017,2,1,-154,-48,37036,135,29,144,0,0,0,0,0,0,0,0,-32307,0,0,0,0,0,97276,0
96411,1714,8152,932,1263,1931,751,17016,0,0,-154,-48,37036,135,29,144,0,0,0,0,0,0,0,0,-32307,0,0,0,0,0,97282,0
96416,1796,8010,940,1231,1902,746,17017,0,-1,-155,-40,37039,129,29,144,0,0,0,0,0,0,0,0,-32307,0,0,0,0,0,97287,0
96421,1830,7990,928,1212,1894,748,17016,-4,-1,-154,-48,37039,129,29,144,0,0,0,0,0,0,0,0,-32307,0,0,0,0,0,97292,0
96426,1896,7980,930,1199,1889,740,17017,0,0,-155,-48,37036,132,29,144,0,0,0,0,0,0,0,0,-32307,0,0,0,0,0,97298,0
96431,1922,8022,914,1179,1884,740,17018,4,-3,-154,-48,37036,132,29,144,0,0,0,0,0,0,0,0,-32307,0,0,0,0,0,97303,0
96436,2068,8082,822,1147,1871,729,17017,4,1,-157,-48,37033,119,29,144,0,0,0,0,0,0,0,0,-32307,0,0,0,0,0,97309,0
96441,2126,8114,794,1135,1866,732,17016,-8,0,-156,-48,37033,119,29,144,0,0,0,0,0,0,0,0,-32307,0,0,0,0,0,97314,0
96446,2144,8178,770,1116,1868,727,17017,5,-3,-156,-48,37032,127,29,144,0,0,0,0,0,0,0,0,-32307,0,0,0,0,0,97320,0
96451,2170,8220,774,1106,1859,724,17017,1,1,-157,-48,37032,127,29,144,0,0,0,0,0,0,0,0,-32307,0,0,0,0,0,97325,0
96456,2154,8240,744,1090,1847,748,17018,4,4,-156,-48,37031,128,29,144,0,0,0,0,0,0,0,0,-32307,0,0,0,0,0,97331,0
96461,2168,8258,738,1081,1830,757,17019,3,1,-156,-48,37031,128,29,144,0,0,0,0,0,0,0,0,-32306,0,0,0,0,0,97336,0
96466,2164,8222,722,1079,1828,784,17020,7,6,-157,-40,37031,137,29,144,0,0,0,0,0,0,0,0,-32307,0,0,0,0,0,97342,0
96471,2172,8212,718,1069,1819,805,17021,12,-1,-155,-48,37031,137,29,144,0,0,0,0,0,0,0,0,-32307,0,0,0,0,0,97347,0
96476,2216,8104,708,1068,1780,843,17019,1,-2,-156,-48,37030,136,29,144,0,0,0,0,0,0,0,0,-32307,0,0,0,0,0,97353,0
96481,2274,8006,692,1071,1760,866,17020,-3,-4,-157,-48,37030,136,29,144,0,0,0,0,0,0,0,0,-32307,0,0,0,0,0,97358,0
96486,2284,7894,690,1067,1740,883,17020,0,-4,-157,-40,37031,127,29,144,0,0,0,0,0,0,0,0,-32307,0,0,0,0,0,97364,0
96491,2294,7760,692,1065,1726,896,17020,0,-3,-157,-48,37031,127,29,144,0,0,0,0,0,0,0,0,-32306,0,0,0,0,0,97369,0
96496,2316,7592,672,1061,1690,918,17020,0,-3,-155,-40,37034,133,29,144,0,0,0,0,0,0,0,0,-32307,0,0,0,0,0,97374,0
96501,2310,7542,698,1063,1676,932,17020,0,-4,-153,-48,37034,133,29,144,0,0,0,0,0,0,0,0,-32306,0,0,0,0,0,97380,0
96506,2330,7494,676,1059,1662,939,17020,-1,2,-156,-56,37036,138,29,144,0,0,0,0,0,0,0,0,-32307,0,0,0,0,0,97385,0
96511,2290,7470,648,1053,1653,949,17019,1,-1,-155,-48,37036,138,29,144,0,0,0,0,0,0,0,0,-32307,0,0,0,0,0,97391,0
96516,2326,7512,564,1045,1631,967,17020,-1,1,-156,-48,37041,143,29,144,0,0,0,0,0,0,0,0,-32307,0,0,0,0,0,97396,0
96521,2352,7566,530,1035,1621,971,17019,-5,0,-155,-48,37041,143,29,144,0,0,0,0,0,0,0,0,-32307,0,0,0,0,0,97402,0
96526,2432,7624,470,1030,1613,980,17020,-1,-3,-156,-48,37045,137,29,144,0,0,0,0,0,0,0,0,-32306,0,0,0,0,0,97407,0
96531,2440,7730,460,1026,1616,989,17021,4,-1,-155,-48,37045,137,29,144,0,0,0,0,0,0,0,0,-32307,0,0,0,0,0,97412,0
96536,2426,7932,378,1011,1616,1005,17020,0,-2,-155,-48,37046,136,29,144,0,0,0,0,0,0,0,0,-32307,0,0,0,0,0,97418,0
96541,2398,8036,328,1013,1620,1020,17021,1,0,-156,-48,37046,136,29,144,0,0,0,0,0,0,0,0,-32307,0,0,0,0,0,97424,0
96546,2396,8160,312,1016,1623,1039,17021,-3,-2,-157,-48,37042,141,29,144,0,0,0,0,0,0,0,0,-32307,0,0,0,0,0,97429,0
96551,2402,8280,290,1013,1629,1057,17021,1,1,-156,-48,37042,141,29,144,0,0,0,0,0,0,0,0,-32307,0,0,0,0,0,97434,0
96556,2384,8554,238,1020,1638,1098,17021,4,-4,-155,-48,37030,143,29,144,0,0,0,0,0,0,0,0,-32307,0,0,0,0,0,97440,0
96561,2410,8648,254,1026,1642,1118,17021,5,-1,-155,-48,37030,143,29,144,0,0,0,0,0,0,0,0,-32307,0,0,0,0,0,97445,0
96566,2402,8746,260,1029,1652,1135,17021,5,5,-157,-40,37027,135,29,144,0,0,0,0,0,0,0,0,-32307,0,0,0,0,0,97451,0
96571,2390,8828,236,1035,1659,1156,17021,3,1,-157,-48,37027,135,29,144,0,0,0,0,0,0,0,0,-32307,0,0,0,0,0,97456,0
96576,2432,8838,248,1057,1673,1202,17022,0,0,-157,-48,37027,127,29,144,0,0,0,0,0,0,0,0,-32307,0,0,0,0,0,97462,0
96581,2428,8814,272,1073,1679,1214,17022,-1,0,-157,-56,37027,127,29,144,0,0,0,0,0,0,0,0,-32307,0,0,0,0,0,97467,0
96586,2426,8820,268,1075,1683,1228,17022,-4,-5,-157,-48,37027,128,29,144,0,0,0,0,0,0,0,0,-32306,0,0,0,0,0,97473,0
96591,2454,8826,260,1097,1692,1242,17021,-7,-4,-157,-48,37027,128,29,144,0,0,0,0,0,0,0,0,-32307,0,0,0,0,0,97478,0
96596,2444,8742,328,1114,1701,1242,17021,-1,-3,-156,-40,37026,139,29,144,0,0,0,0,0,0,0,0,-32307,0,0,0,0,0,97484,0
96601,2432,8698,362,1122,1709,1248,17022,7,0,-156,-48,37026,139,29,144,0,0,0,0,0,0,0,0,-32307,0,0,0,0,0,97489,0
96606,2428,8640,396,1131,1708,1235,17021,-3,0,-157,-48,37031,144,29,144,0,0,0,0,0,0,0,0,-32307,0,0,0,0,0,97495,0
96611,2444,8598,434,1133,1715,1230,17021,0,0,-156,-40,37031,144,29,144,0,0,0,0,0,0,0,0,-32307,0,0,0,0,0,97500,0
96616,2420,8428,554,1146,1729,1212,17021,0,1,-155,-48,37032,139,29,144,0,0,0,0,0,0,0,0,-32306,0,0,0,0,0,97506,0
96621,2418,8336,618,1147,1736,1208,17021,-2,-3,-157,-48,37032,139,29,144,0,0,0,0,0,0,0,0,-32307,0,0,0,0,0,97511,0
96626,2360,8204,692,1144,1738,1199,17022,1,1,-158,-48,37033,131,29,144,0,0,0,0,0,0,0,0,-32307,0,0,0,0,0,97517,0
96631,2340,8092,736,1145,1745,1186,17022,-2,0,-156,-48,37033,131,29,144,0,0,0,0,0,0,0,0,-32306,0,0,0,0,0,97522,0
96636,2254,7892,870,1136,1750,1158,17021,-2,-2,-157,-48,37029,121,29,144,0,0,0,0,0,0,0,0,-32306,0,0,0,0,0,97528,0
96641,2264,7786,924,1129,1747,1144,17021,2,0,-156,-48,37029,121,29,144,0,0,0,0,0,0,0,0,-32307,0,0,0,0,0,97533,0
96646,2214,7706,956,1121,1746,1125,17021,-6,1,-155,-48,37029,126,29,144,0,0,0,0,0,0,0,0,-32307,0,0,0,0,0,97538,0
96651,2186,7676,990,1105,1747,1107,17022,-2,2,-155,-48,37029,126,29,144,0,0,0,0,0,0,0,0,-32307,0,0,0,0,0,97544,0
96656,2158,7594,1044,1070,1739,1064,17020,-1,-1,-155,-48,37031,127,29,144,0,0,0,0,0,0,0,0,-32307,0,0,0,0,0,97549,0
96661,2144,7580,1076,1050,1739,1045,17021,-6,-2,-155,-48,37031,127,29,144,0,0,0,0,0,0,0,0,-32307,0,0,0,0,0,97555,0
96666,2138,7602,1072,1021,1740,1023,17022,1,2,-155,-48,37034,125,29,144,0,0,0,0,0,0,0,0,-32307,0,0,0,0,0,97560,0
96671,2146,7664,1084,996,1730,1002,17021,-1,-2,-157,-48,37034,125,29,144,0,0,0,0,0,0,0,0,-32307,0,0,0,0,0,97566,0
96676,2090,7780,1078,940,1726,954,17022,0,4,-157,-48,37035,120,29,144,0,0,0,0,0,0,0,0,-32307,0,0,0,0,0,97571,0
96681,2104,7870,1092,909,1723,938,17022,5,3,-158,-48,37035,120,29,144,0,0,0,0,0,0,0,0,-32307,0,0,0,0,0,97577,0
96686,2078,7994,1064,876,1714,921,17022,-1,-1,-157,-48,37033,125,29,144,0,0,0,0,0,0,0,0,-32307,0,0,0,0,0,97582,0
96691,2052,8128,1034,838,1712,902,17022,4,2,-156,-48,37033,125,29,144,0,0,0,0,0,0,0,0,-32307,0,0,0,0,0,97588,0
96696,2152,8348,994,757,1705,870,17022,2,1,-155,-40,37030,126,29,144,0,0,0,0,0,0,0,0,-32307,0,0,0,0,0,97593,0
96701,2198,8424,962,724,1709,853,17022,0,2,-157,-48,37030,126,29,144,0,0,0,0,0,0,0,0,-32307,0,0,0,0,0,97599,0
96706,2254,8508,898,677,1705,842,17022,2,-1,-158,-48,37031,133,29,144,0,0,0,0,0,0,0,0,-32307,0,0,0,0,0,97604,0
96711,2264,8534,874,636,1703,835,17021,-1,-3,-155,-48,37031,133,29,144,0,0,0,0,0,0,0,0,-32307,0,0,0,0,0,97609,0
96716,2350,8554,782,546,1707,824,17020,-1,-2,-154,-48,37034,139,29,144,0,0,0,0,0,0,0,0,-32307,0,0,0,0,0,97615,0
96721,2354,8446,728,513,1699,821,17021,-8,-1,-155,-48,37034,139,29,144,0,0,0,0,0,0,0,0,-32307,0,0,0,0,0,97620,0
96726,2384,8352,648,469,1687,818,17021,0,1,-155,-48,37032,141,29,144,0,0,0,0,0,0,0,0,-32307,0,0,0,0,0,97626,0
96731,2388,8274,580,424,1671,816,17023,8,1,-156,-48,37032,141,29,144,0,0,0,0,0,0,0,0,-32307,0,0,0,0,0,97632,0
96736,2438,8024,474,347,1641,817,17021,0,2,-155,-48,37031,142,29,144,0,0,0,0,0,0,0,0,-32307,0,0,0,0,0,97637,0
96741,2492,7898,438,305,1617,817,17022,0,3,-153,-48,37031,142,29,144,0,0,0,0,0,0,0,0,-32307,0,0,0,0,0,97642,0
96746,2462,7700,360,276,1606,822,17022,-3,3,-156,-48,37026,137,29,144,0,0,0,0,0,0,0,0,-32307,0,0,0,0,0,97648,0
96751,2480,7518,338,239,1577,820,17022,0,-2,-155,-48,37026,137,29,144,0,0,0,0,0,0,0,0,-32307,0,0,0,0,0,97653,0
96756,2468,7120,242,178,1538,821,17022,5,-1,-157,-40,37028,134,29,144,0,0,0,0,0,0,0,0,-32307,0,0,0,0,0,97658,0
96761,2444,6952,178,150,1516,821,17021,-2,-2,-156,-48,37028,134,29,144,0,0,0,0,0,0,0,0,-32307,0,0,0,0,0,97664,0
96766,2446,6762,112,129,1499,808,17021,-1,0,-155,-48,37028,134,29,144,0,0,0,0,0,0,0,0,-32306,0,0,0,0,0,97670,0
96771,2438,6562,74,113,1483,805,17023,7,2,-155,-48,37028,134,29,144,0,0,0,0,0,0,0,0,-32307,0,0,0,0,0,97675,0
96776,2404,6214,-54,78,1449,783,17022,4,1,-157,-48,37028,128,29,144,0,0,0,0,0,0,0,0,-32306,0,0,0,0,0,97680,0
96781,2402,6064,-102,71,1432,767,17022,5,-2,-157,-48,37028,128,29,144,0,0,0,0,0,0,0,0,-32307,0,0,0,0,0,97686,0
96786,2418,5970,-154,63,1426,751,17021,-4,-1,-156,-48,37031,117,29,144,0,0,0,0,0,0,0,0,-32307,0,0,0,0,0,97691,0
96791,2392,5874,-212,54,1417,730,17022,0,1,-158,-48,37031,117,29,144,0,0,0,0,0,0,0,0,-32307,0,0,0,0,0,97697,0
96796,2428,5814,-318,45,1395,686,17022,2,-3,-156,-48,37031,113,29,144,0,0,0,0,0,0,0,0,-32306,0,0,0,0,0,97702,0
96801,2460,5806,-370,45,1393,661,17022,-1,1,-155,-48,37031,113,29,144,0,0,0,0,0,0,0,0,-32307,0,0,0,0,0,97708,0
96806,2480,5810,-440,46,1384,636,17022,4,1,-155,-48,37030,118,29,144,0,0,0,0,0,0,0,0,-32307,0,0,0,0,0,97713,0
96811,2486,5906,-474,50,1381,605,17022,0,3,-155,-48,37030,118,29,144,0,0,0,0,0,0,0,0,-32307,0,0,0,0,0,97719,0
96816,2594,6074,-554,49,1375,558,17022,3,1,-157,-40,37035,122,29,144,0,0,0,0,0,0,0,0,-32307,0,0,0,0,0,97725,0
96821,2670,6174,-574,59,1381,538,17021,0,-5,-155,-56,37035,122,29,144,0,0,0,0,0,0,0,0,-32307,0,0,0,0,0,97730,0
96826,2724,6312,-612,75,1377,514,17022,1,2,-155,-48,37036,122,29,144,0,0,0,0,0,0,0,0,-32306,0,0,0,0,0,97735,0
96831,2768,6512,-626,77,1378,496,17022,1,3,-156,-48,37036,122,29,144,0,0,0,0,0,0,0,0,-32307,0,0,0,0,0,97741,0
96836,2904,6890,-674,104,1380,470,17023,4,0,-157,-48,37036,125,29,144,0,0,0,0,0,0,0,0,-32307,0,0,0,0,0,97746,0
96841,2938,7084,-700,111,1383,464,17021,3,0,-155,-48,37036,125,29,144,0,0,0,0,0,0,0,0,-32307,0,0,0,0,0,97752,0
96846,3016,7268,-686,126,1380,460,17021,2,-2,-157,-48,37036,124,29,144,0,0,0,0,0,0,0,0,-32307,0,0,0,0,0,97758,0
96851,3034,7432,-700,140,1385,464,17022,1,-2,-158,-48,37036,124,29,144,0,0,0,0,0,0,0,0,-32307,0,0,0,0,0,97763,0
96856,3194,7802,-692,172,1379,476,17025,8,11,-159,-40,37030,131,29,144,0,0,0,0,0,0,0,0,-32307,0,0,0,0,0,97768,0
96861,3234,7982,-686,191,1378,484,17029,20,13,-157,-40,37030,131,29,144,0,0,0,0,0,0,0,0,-32307,0,0,0,0,0,97774,0
96866,3268,8110,-684,210,1364,493,17037,40,23,-158,-24,37030,137,29,144,0,0,0,0,0,0,0,0,-32307,0,0,0,0,0,97779,0
96871,3418,8334,-698,233,1359,504,17057,89,55,-163,0,37030,137,29,144,0,0,0,0,0,0,0,0,-32307,0,0,0,0,0,97785,0
96876,3550,8584,-672,285,1343,511,17082,115,86,-162,8,37030,139,29,144,0,0,0,0,0,0,0,0,-32307,0,0,0,0,0,97790,0
96881,3540,8634,-654,313,1331,516,17111,120,99,-162,16,37030,139,29,144,0,0,0,0,0,0,0,0,-32307,0,0,0,0,0,97796,0
96886,3544,8654,-660,345,1307,534,17146,163,98,-165,24,37029,137,29,144,0,0,0,0,0,0,0,0,-32307,0,0,0,0,0,97801,0
96891,3550,8690,-636,379,1298,545,17186,174,86,-165,40,37029,137,29,144,0,0,0,0,0,0,0,0,-32307,0,0,0,0,0,97807,0
96896,3636,8586,-628,457,1263,570,17232,199,80,-165,48,37032,132,29,144,0,0,0,0,0,0,0,0,-32307,0,0,0,0,0,97812,0
96901,3746,8496,-596,499,1236,575,17289,249,97,-164,56,37032,132,29,144,0,0,0,0,0,0,0,0,-32306,0,0,0,0,0,97817,0
96906,3808,8424,-570,536,1224,565,17351,268,73,-159,64,37035,129,29,144,0,0,0,0,0,0,0,0,-32307,0,0,0,0,0,97823,0
96911,3764,8364,-514,577,1206,558,17422,311,93,-166,80,37035,129,29,144,0,0,0,0,0,0,0,0,-32307,0,0,0,0,0,97829,0
96916,3700,8208,-492,675,1164,542,17502,342,91,-169,96,37039,122,29,144,0,0,0,0,0,0,0,0,-32307,0,0,0,0,0,97835,0
96921,3682,8122,-476,716,1141,532,17584,366,123,-189,104,37039,122,29,144,0,0,0,0,0,0,0,0,-32306,0,0,0,0,0,97840,0
96926,3626,8024,-474,761,1109,523,17669,372,119,-194,96,37044,118,29,144,0,0,0,0,0,0,0,0,-32307,0,0,0,0,0,97846,0
96931,3570,7894,-436,802,1076,522,17755,382,76,-202,96,37044,118,29,144,0,0,0,0,0,0,0,0,-32307,0,0,0,0,0,97851,0
96936,3614,7766,-350,883,1013,509,17846,401,49,-206,120,37040,118,29,144,0,0,0,0,0,0,0,0,-32307,0,0,0,0,0,97857,0
96941,3654,7710,-284,919,975,496,17941,418,50,-204,104,37040,118,29,144,0,0,0,0,0,0,0,0,-32307,0,0,0,0,0,97862,0
96946,3670,7672,-238,958,937,491,18035,412,47,-215,104,37039,120,29,144,0,0,0,0,0,0,0,0,-32307,0,0,0,0,0,97867,0
96951,3604,7620,-196,988,886,477,18129,406,30,-231,96,37039,120,29,144,0,0,0,0,0,0,0,0,-32307,0,0,0,0,0,97873,0
96956,3520,7546,-90,1043,796,466,18222,410,13,-238,112,37033,121,29,144,0,0,0,0,0,0,0,0,-32306,0,0,0,0,0,97878,0
96961,3532,7542,-24,1075,736,456,18319,430,5,-234,120,37033,121,29,144,0,0,0,0,0,0,0,0,-32306,0,0,0,0,0,97884,0
96966,3630,7542,16,1091,683,445,18420,438,11,-237,120,37035,122,29,144,0,0,0,0,0,0,0,0,-32307,0,0,0,0,0,97889,0
96971,3644,7544,68,1111,626,439,18520,443,22,-244,104,37035,122,29,144,0,0,0,0,0,0,0,0,-32306,0,0,0,0,0,97895,0
96976,3524,7514,220,1131,504,427,18621,446,29,-260,120,37035,118,29,144,0,0,0,0,0,0,0,0,-32307,0,0,0,0,0,97900,0
96981,3542,7552,252,1141,455,430,18723,451,20,-254,120,37035,118,29,144,0,0,0,0,0,0,0,0,-32307,0,0,0,0,0,97905,0
96986,3642,7618,292,1144,401,436,18832,476,29,-250,128,37035,123,29,144,0,0,0,0,0,0,0,0,-32307,0,0,0,0,0,97911,0
96991,3710,7702,360,1142,354,435,18943,482,37,-257,120,37035,123,29,144,0,0,0,0,0,0,0,0,-32307,0,0,0,0,0,97917,0
96996,3728,7874,432,1131,252,438,19054,489,44,-275,120,37034,121,29,144,0,0,0,0,0,0,0,0,-32307,0,0,0,0,0,97922,0
97001,3696,7888,472,1124,209,441,19165,487,34,-279,112,37034,121,29,144,0,0,0,0,0,0,0,0,-32307,0,0,0,0,0,97928,0
97006,3758,7954,496,1103,161,456,19279,509,24,-281,112,37034,116,29,144,0,0,0,0,0,0,0,0,-32307,0,0,0,0,0,97933,0
97011,3690,7906,518,1087,126,462,19396,512,21,-278,128,37034,116,29,144,0,0,0,0,0,0,0,0,-32307,0,0,0,0,0,97939,0
97016,3860,8198,578,1062,43,475,19512,503,24,-301,112,37031,104,29,144,0,0,0,0,0,0,0,0,-32307,0,0,0,0,0,97944,0
97021,3792,8164,606,1038,10,480,19629,508,21,-318,120,37031,104,29,144,0,0,0,0,0,0,0,0,-32307,0,0,0,0,0,97950,0
97026,3824,8202,594,1023,-24,487,19745,524,13,-321,136,37034,119,29,144,0,0,0,0,0,0,0,0,-32307,0,0,0,0,0,97956,0
97031,3790,8158,634,1001,-58,503,19866,529,9,-314,120,37034,119,29,144,0,0,0,0,0,0,0,0,-32307,0,0,0,0,0,97961,0
97036,3852,8114,640,954,-94,524,19984,520,10,-335,112,37036,130,29,144,0,0,0,0,0,0,0,0,-32307,0,0,0,0,0,97967,0
97041,3832,8076,648,937,-98,541,20102,518,15,-341,112,37036,130,29,144,0,0,0,0,0,0,0,0,-32306,0,0,0,0,0,97972,0
97046,3808,8028,640,906,-98,551,20221,524,4,-347,104,37038,136,29,144,0,0,0,0,0,0,0,0,-32307,0,0,0,0,0,97977,0
97051,3802,7918,654,885,-90,564,20332,488,-16,-367,64,37038,136,29,144,0,0,0,0,0,0,0,0,-32307,0,0,0,0,0,97983,0
97056,3658,7688,640,840,-53,595,20433,443,-43,-406,56,37039,129,29,144,0,0,0,0,0,0,0,0,-32306,0,0,0,0,0,97988,0
97061,3630,7602,632,819,-24,612,20526,398,-83,-404,40,37039,129,29,144,0,0,0,0,0,0,0,0,-32307,0,0,0,0,0,97994,0
97066,3636,7538,610,792,10,631,20610,363,-123,-395,24,37036,115,29,144,0,0,0,0,0,0,0,0,-32307,0,0,0,0,0,97999,0
97071,3656,7460,604,770,49,645,20689,335,-127,-389,24,37036,115,29,144,0,0,0,0,0,0,0,0,-32306,0,0,0,0,0,98005,0
97076,3556,7272,590,723,138,665,20751,271,-137,-400,-24,37034,115,29,144,0,0,0,0,0,0,0,0,-32306,0,0,0,0,0,98010,0
97081,3454,7190,566,705,186,675,20801,207,-148,-405,-48,37034,115,29,144,0,0,0,0,0,0,0,0,-32307,0,0,0,0,0,98016,0
97086,3416,7142,534,685,236,692,20838,151,-180,-399,-72,37033,121,29,144,0,0,0,0,0,0,0,0,-32307,0,0,0,0,0,98021,0
97091,3420,7128,486,668,286,707,20859,80,-202,-387,-104,37033,121,29,144,0,0,0,0,0,0,0,0,-32306,0,0,0,0,0,98027,0
97096,3536,7184,432,642,385,729,20868,32,-215,-382,-104,37032,122,29,144,0,0,0,0,0,0,0,0,-32307,0,0,0,0,0,98032,0
97101,3656,7216,406,626,431,728,20872,20,-196,-380,-128,37032,122,29,144,0,0,0,0,0,0,0,0,-32307,0,0,0,0,0,98038,0
97106,3688,7250,376,619,483,725,20876,16,-149,-378,-128,37032,126,29,144,0,0,0,0,0,0,0,0,-32307,0,0,0,0,0,98043,0
97111,3666,7220,402,604,522,715,20880,14,-93,-383,-120,37032,126,29,144,0,0,0,0,0,0,0,0,-32307,0,0,0,0,0,98048,0
97116,3524,7200,330,591,610,694,20879,-5,-44,-383,-120,37031,120,29,144,0,0,0,0,0,0,0,0,-32307,0,0,0,0,0,98054,0
97121,3446,7172,308,589,648,683,20881,7,-15,-380,-120,37031,120,29,144,0,0,0,0,0,0,0,0,-32307,0,0,0,0,0,98059,0
97126,3434,7146,270,590,687,683,20882,1,-22,-382,-120,37030,117,29,144,0,0,0,0,0,0,0,0,-32307,0,0,0,0,0,98065,0
97131,3406,7088,240,593,723,684,20881,-2,-6,-383,-128,37030,117,29,144,0,0,0,0,0,0,0,0,-32306,0,0,0,0,0,98070,0
97136,3392,6954,200,597,774,669,20882,-1,-5,-382,-128,37034,126,29,144,0,0,0,0,0,0,0,0,-32307,0,0,0,0,0,98076,0
97141,3380,6962,164,603,809,668,20881,-1,-6,-382,-128,37034,126,29,144,0,0,0,0,0,0,0,0,-32306,0,0,0,0,0,98081,0
97146,3394,6926,158,606,838,665,20882,1,-1,-381,-128,37034,120,29,144,0,0,0,0,0,0,0,0,-32306,0,0,0,0,0,98087,0
97151,3396,6900,150,621,869,665,20883,6,1,-384,-128,37034,120,29,144,0,0,0,0,0,0,0,0,-32307,0,0,0,0,0,98092,0
97156,3338,6790,118,640,933,670,20882,0,2,-382,-128,37034,127,29,144,0,0,0,0,0,0,0,0,-32307,0,0,0,0,0,98098,0
97161,3338,6726,80,653,961,668,20882,0,3,-382,-120,37034,127,29,144,0,0,0,0,0,0,0,0,-32307,0,0,0,0,0,98103,0
97166,3322,6644,64,660,984,664,20882,-2,-3,-383,-128,37032,119,29,144,0,0,0,0,0,0,0,0,-32307,0,0,0,0,0,98109,0
97171,3336,6664,50,673,1009,660,20883,0,-2,-380,-128,37032,119,29,144,0,0,0,0,0,0,0,0,-32306,0,0,0,0,0,98114,0
97176,3316,6660,26,687,1039,648,20882,0,-3,-381,-120,37034,122,29,144,0,0,0,0,0,0,0,0,-32307,0,0,0,0,0,98119,0
97181,3310,6660,34,688,1049,643,20882,0,5,-382,-128,37034,122,29,144,0,0,0,0,0,0,0,0,-32307,0,0,0,0,0,98125,0
97186,3310,6636,30,698,1067,641,20882,2,2,-383,-128,37034,123,29,144,0,0,0,0,0,0,0,0,-32308,0,0,0,0,0,98130,0
97191,3332,6618,46,695,1080,634,20883,4,1,-381,-128,37034,123,29,144,0,0,0,0,0,0,0,0,-32307,0,0,0,0,0,98135,0
97196,3338,6716,48,696,1098,622,20884,4,3,-380,-128,37032,126,29,144,0,0,0,0,0,0,0,0,-32306,0,0,0,0,0,98141,0
97201,3398,6778,50,690,1119,612,20883,3,2,-382,-128,37032,126,29,144,0,0,0,0,0,0,0,0,-32307,0,0,0,0,0,98147,0
97206,3378,6884,60,683,1121,605,20883,0,-1,-383,-128,37031,121,29,144,0,0,0,0,0,0,0,0,-32307,0,0,0,0,0,98152,0
97211,3386,6960,72,676,1129,596,20883,2,-3,-381,-128,37031,121,29,144,0,0,0,0,0,0,0,0,-32307,0,0,0,0,0,98157,0
97216,3312,7040,52,657,1135,577,20884,4,-3,-383,-128,37031,122,29,144,0,0,0,0,0,0,0,0,-32307,0,0,0,0,0,98163,0
97221,3288,7066,50,647,1128,572,20883,3,2,-382,-128,37031,122,29,144,0,0,0,0,0,0,0,0,-32307,0,0,0,0,0,98168,0
97226,3248,7056,92,641,1120,565,20884,0,-5,-382,-120,37030,122,29,144,0,0,0,0,0,0,0,0,-32307,0,0,0,0,0,98174,0
97231,3274,7108,82,630,1109,566,20885,4,-5,-381,-128,37030,122,29,144,0,0,0,0,0,0,0,0,-32307,0,0,0,0,0,98179,0
97236,3276,7214,104,600,1088,559,20885,2,2,-381,-128,37029,128,29,144,0,0,0,0,0,0,0,0,-32307,0,0,0,0,0,98185,0
97241,3254,7216,124,592,1081,550,20885,7,-1,-381,-128,37029,128,29,144,0,0,0,0,0,0,0,0,-32306,0,0,0,0,0,98190,0
97246,3214,7196,114,580,1066,546,20885,-1,-6,-383,-120,37031,126,29,144,0,0,0,0,0,0,0,0,-32307,0,0,0,0,0,98196,0
97251,3248,7214,120,565,1058,538,20884,0,-4,-383,-128,37031,126,29,144,0,0,0,0,0,0,0,0,-32307,0,0,0,0,0,98201,0
97256,3242,7236,102,537,1032,515,20884,-3,-2,-383,-128,37031,130,29,144,0,0,0,0,0,0,0,0,-32306,0,0,0,0,0,98207,0
97261,3230,7250,68,528,1031,502,20885,5,0,-380,-128,37031,130,29,144,0,0,0,0,0,0,0,0,-32306,0,0,0,0,0,98212,0
97266,3224,7222,64,513,1013,492,20886,8,0,-383,-128,37032,128,29,144,0,0,0,0,0,0,0,0,-32307,0,0,0,0,0,98218,0
97271,3262,7210,44,496,1001,478,20884,-2,2,-383,-128,37032,128,29,144,0,0,0,0,0,0,0,0,-32307,0,0,0,0,0,98223,0
97276,3198,7158,52,474,967,460,20884,-2,-5,-382,-128,37029,125,29,144,0,0,0,0,0,0,0,0,-32307,0,0,0,0,0,98229,0
97281,3212,7120,42,470,957,437,20885,6,-4,-383,-128,37029,125,29,144,0,0,0,0,0,0,0,0,-32307,0,0,0,0,0,98234,0
97286,3214,7132,28,455,939,425,20884,0,1,-382,-136,37028,117,29,144,0,0,0,0,0,0,0,0,-32307,0,0,0,0,0,98240,0
97291,3258,7148,12,449,921,412,20884,-3,-1,-382,-128,37028,117,29,144,0,0,0,0,0,0,0,0,-32307,0,0,0,0,0,98245,0
97296,3270,7114,-42,428,897,371,20885,7,-3,-383,-120,37029,117,29,144,0,0,0,0,0,0,0,0,-32307,0,0,0,0,0,98251,0
97301,3262,7118,-46,421,872,345,20884,-5,3,-384,-128,37029,117,29,144,0,0,0,0,0,0,0,0,-32307,0,0,0,0,0,98256,0
97306,3246,7072,-68,413,856,332,20885,6,0,-384,-128,37031,118,29,144,0,0,0,0,0,0,0,0,-32307,0,0,0,0,0,98261,0
97311,3236,7084,-74,411,840,314,20884,0,-4,-380,-128,37031,118,29,144,0,0,0,0,0,0,0,0,-32306,0,0,0,0,0,98267,0
97316,3258,6968,-82,405,803,275,20884,0,2,-383,-120,37029,121,29,144,0,0,0,0,0,0,0,0,-32307,0,0,0,0,0,98272,0
97321,3198,6860,-46,406,774,261,20885,9,0,-384,-128,37029,121,29,144,0,0,0,0,0,0,0,0,-32307,0,0,0,0,0,98278,0
97326,3298,6912,-80,402,759,238,20884,4,3,-383,-128,37030,125,29,144,0,0,0,0,0,0,0,0,-32307,0,0,0,0,0,98284,0
97331,3382,7058,-104,405,748,214,20883,-4,-1,-382,-136,37030,125,29,144,0,0,0,0,0,0,0,0,-32307,0,0,0,0,0,98289,0
97336,3394,7278,-92,406,719,165,20884,1,0,-383,-128,37029,127,29,144,0,0,0,0,0,0,0,0,-32307,0,0,0,0,0,98294,0
97341,3376,7406,-108,413,697,145,20885,0,0,-382,-128,37029,127,29,144,0,0,0,0,0,0,0,0,-32307,0,0,0,0,0,98300,0
97346,3440,7480,-104,413,675,130,20885,5,1,-382,-128,37032,127,29,144,0,0,0,0,0,0,0,0,-32307,0,0,0,0,0,98305,0
97351,3460,7496,-118,420,659,113,20885,-1,2,-382,-120,37032,127,29,144,0,0,0,0,0,0,0,0,-32306,0,0,0,0,0,98311,0
97356,3482,7370,-94,438,627,97,20885,-1,1,-383,-128,37034,139,29,144,0,0,0,0,0,0,0,0,-32306,0,0,0,0,0,98317,0
97361,3518,7484,-100,448,616,88,20888,5,3,-381,-136,37034,139,29,144,0,0,0,0,0,0,0,0,-32306,0,0,0,0,0,98322,0
97366,3512,7562,-54,453,608,88,20888,9,1,-384,-128,37036,146,29,144,0,0,0,0,0,0,0,0,-32307,0,0,0,0,0,98327,0
97371,3376,7482,-46,466,586,77,20887,2,6,-381,-136,37036,146,29,144,0,0,0,0,0,0,0,0,-32307,0,0,0,0,0,98333,0
97376,3476,7334,-28,486,551,75,20889,5,-3,-382,-128,37035,143,29,144,0,0,0,0,0,0,0,0,-32307,0,0,0,0,0,98338,0
97381,3542,7204,-66,488,545,59,20887,0,-4,-381,-120,37035,143,29,144,0,0,0,0,0,0,0,0,-32306,0,0,0,0,0,98344,0
97386,3546,7082,-28,495,533,55,20887,4,0,-381,-128,37031,129,29,144,0,0,0,0,0,0,0,0,-32307,0,0,0,0,0,98349,0
97391,3508,7000,16,496,530,39,20887,-3,-1,-382,-128,37031,129,29,144,0,0,0,0,0,0,0,0,-32307,0,0,0,0,0,98355,0
97396,3460,6848,56,503,516,33,20888,-3,-4,-383,-128,37032,130,29,144,0,0,0,0,0,0,0,0,-32307,0,0,0,0,0,98360,0
97401,3486,6774,86,503,514,25,20888,4,1,-381,-128,37032,130,29,144,0,0,0,0,0,0,0,0,-32307,0,0,0,0,0,98365,0
97406,3464,6696,100,504,517,16,20888,-2,2,-382,-128,37034,130,29,144,0,0,0,0,0,0,0,0,-32307,0,0,0,0,0,98371,0
97411,3454,6634,110,505,514,5,20887,-2,-2,-382,-120,37034,130,29,144,0,0,0,0,0,0,0,0,-32307,0,0,0,0,0,98376,0
97416,3444,6628,112,491,519,-21,20888,0,-1,-382,-128,37034,120,29,144,0,0,0,0,0,0,0,0,-32307,0,0,0,0,0,98382,0
97421,3488,6638,128,491,518,-36,20888,3,1,-383,-128,37034,120,29,144,0,0,0,0,0,0,0,0,-32307,0,0,0,0,0,98387,0
97426,3476,6708,142,480,518,-52,20888,0,2,-382,-120,37033,114,29,144,0,0,0,0,0,0,0,0,-32307,0,0,0,0,0,98393,0
97431,3528,6768,138,474,523,-61,20886,-10,0,-383,-120,37033,114,29,144,0,0,0,0,0,0,0,0,-32307,0,0,0,0,0,98398,0
97436,3502,6840,144,462,533,-76,20887,-3,0,-383,-128,37030,116,29,144,0,0,0,0,0,0,0,0,-32307,0,0,0,0,0,98404,0
97441,3450,6840,128,452,531,-76,20887,2,1,-382,-120,37030,116,29,144,0,0,0,0,0,0,0,0,-32306,0,0,0,0,0,98409,0
97446,3444,6902,128,444,538,-77,20888,4,4,-382,-128,37029,117,29,144,0,0,0,0,0,0,0,0,-32307,0,0,0,0,0,98415,0
97451,3482,6888,158,442,532,-79,20887,2,4,-383,-128,37029,117,29,144,0,0,0,0,0,0,0,0,-32307,0,0,0,0,0,98420,0
97456,3460,6942,134,427,540,-80,20888,-3,-2,-382,-128,37032,116,29,144,0,0,0,0,0,0,0,0,-32308,0,0,0,0,0,98426,0
97461,3424,6920,142,420,536,-84,20887,-6,-1,-383,-120,37032,116,29,144,0,0,0,0,0,0,0,0,-32307,0,0,0,0,0,98431,0
97466,3390,6870,134,420,536,-81,20888,0,1,-383,-120,37034,114,29,144,0,0,0,0,0,0,0,0,-32307,0,0,0,0,0,98436,0
97471,3382,6850,146,417,541,-93,20888,3,-1,-380,-128,37034,114,29,144,0,0,0,0,0,0,0,0,-32307,0,0,0,0,0,98442,0
97476,3386,6878,146,404,532,-87,20889,4,1,-382,-128,37036,124,29,144,0,0,0,0,0,0,0,0,-32306,0,0,0,0,0,98447,0
97481,3360,6966,174,398,532,-96,20888,2,-1,-383,-120,37036,124,29,144,0,0,0,0,0,0,0,0,-32307,0,0,0,0,0,98453,0
97486,3348,6990,154,398,527,-108,20888,0,2,-382,-136,37034,120,29,144,0,0,0,0,0,0,0,0,-32307,0,0,0,0,0,98458,0
97491,3324,6992,162,389,527,-108,20888,1,-2,-382,-128,37034,120,29,144,0,0,0,0,0,0,0,0,-32307,0,0,0,0,0,98464,0
97496,3268,7012,172,376,521,-116,20888,0,-2,-382,-120,37031,124,29,144,0,0,0,0,0,0,0,0,-32307,0,0,0,0,0,98469,0
97501,3222,7038,180,371,520,-123,20889,5,-1,-383,-120,37031,124,29,144,0,0,0,0,0,0,0,0,-32307,0,0,0,0,0,98475,0
97506,3226,7088,184,366,514,-126,20888,8,-2,-382,-128,37031,120,29,144,0,0,0,0,0,0,0,0,-32307,0,0,0,0,0,98480,0
97511,3210,7160,192,353,507,-141,20889,7,2,-382,-120,37031,120,29,144,0,0,0,0,0,0,0,0,-32307,0,0,0,0,0,98486,0
97516,3260,7284,174,331,503,-169,20887,-3,-6,-382,-128,37031,123,29,144,0,0,0,0,0,0,0,0,-32307,0,0,0,0,0,98491,0
97521,3240,7358,208,322,492,-182,20887,1,-3,-380,-128,37031,123,29,144,0,0,0,0,0,0,0,0,-32307,0,0,0,0,0,98497,0
97526,3222,7370,180,313,482,-192,20888,0,-6,-383,-128,37031,126,29,144,0,0,0,0,0,0,0,0,-32307,0,0,0,0,0,98502,0
97531,3144,7410,218,309,480,-195,20886,-4,0,-384,-128,37031,126,29,144,0,0,0,0,0,0,0,0,-32307,0,0,0,0,0,98507,0
97536,3148,7500,192,282,466,-209,20888,0,1,-382,-136,37031,131,29,144,0,0,0,0,0,0,0,0,-32306,0,0,0,0,0,98513,0
97541,3172,7528,198,271,463,-217,20887,1,-1,-381,-120,37031,131,29,144,0,0,0,0,0,0,0,0,-32307,0,0,0,0,0,98519,0
97546,3172,7542,204,264,460,-227,20887,-7,1,-383,-120,37031,132,29,144,0,0,0,0,0,0,0,0,-32307,0,0,0,0,0,98524,0
97551,3106,7474,192,251,451,-240,20888,1,-1,-382,-128,37031,132,29,144,0,0,0,0,0,0,0,0,-32307,0,0,0,0,0,98529,0
97556,3058,7354,206,236,450,-260,20889,4,-1,-383,-128,37035,124,29,144,0,0,0,0,0,0,0,0,-32307,0,0,0,0,0,98535,0
97561,3010,7278,202,231,446,-269,20888,-3,2,-382,-120,37035,124,29,144,0,0,0,0,0,0,0,0,-32307,0,0,0,0,0,98540,0
97566,2996,7236,176,229,448,-282,20887,-1,-2,-382,-128,37036,120,29,144,0,0,0,0,0,0,0,0,-32306,0,0,0,0,0,98546,0
97571,2944,7214,166,222,443,-291,20888,-3,-2,-381,-128,37036,120,29,144,0,0,0,0,0,0,0,0,-32306,0,0,0,0,0,98552,0
97576,2956,7224,144,218,436,-331,20888,-3,-1,-383,-120,37034,123,29,144,0,0,0,0,0,0,0,0,-32306,0,0,0,0,0,98557,0
97581,2990,7220,150,216,432,-356,20888,-1,-1,-383,-128,37034,123,29,144,0,0,0,0,0,0,0,0,-32307,0,0,0,0,0,98562,0
97586,3034,7254,136,216,434,-387,20887,0,0,-383,-120,37032,126,29,144,0,0,0,0,0,0,0,0,-32307,0,0,0,0,0,98568,0
97591,3104,7314,126,214,424,-420,20887,-3,1,-383,-128,37032,126,29,144,0,0,0,0,0,0,0,0,-32307,0,0,0,0,0,98573,0
97596,3114,7458,124,213,426,-471,20888,0,1,-385,-120,37031,121,29,144,0,0,0,0,0,0,0,0,-32306,0,0,0,0,0,98579,0
97601,3118,7514,142,211,434,-493,20888,-2,6,-382,-128,37031,121,29,144,0,0,0,0,0,0,0,0,-32307,0,0,0,0,0,98584,0
97606,3120,7556,124,206,428,-508,20889,6,5,-384,-128,37032,122,29,144,0,0,0,0,0,0,0,0,-32307,0,0,0,0,0,98590,0
97611,3118,7602,138,204,426,-520,20887,2,-6,-382,-128,37032,122,29,144,0,0,0,0,0,0,0,0,-32306,0,0,0,0,0,98595,0
97616,3200,7740,150,198,417,-553,20888,-5,3,-384,-120,37031,119,29,144,0,0,0,0,0,0,0,0,-32307,0,0,0,0,0,98601,0
97621,3222,7798,152,194,418,-566,20887,2,1,-382,-128,37031,119,29,144,0,0,0,0,0,0,0,0,-32307,0,0,0,0,0,98606,0
97626,3214,7824,168,190,418,-583,20888,-4,1,-381,-128,37031,128,29,144,0,0,0,0,0,0,0,0,-32307,0,0,0,0,0,98611,0
97631,3220,7808,134,182,414,-599,20888,0,3,-382,-128,37031,128,29,144,0,0,0,0,0,0,0,0,-32307,0,0,0,0,0,98617,0
97636,3184,7682,128,177,402,-613,20888,-5,-1,-382,-128,37032,132,29,144,0,0,0,0,0,0,0,0,-32307,0,0,0,0,0,98622,0
97641,3194,7630,144,175,389,-614,20888,-3,2,-383,-120,37032,132,29,144,0,0,0,0,0,0,0,0,-32307,0,0,0,0,0,98627,0
97646,3192,7580,136,172,388,-618,20887,-1,-3,-383,-120,37033,127,29,144,0,0,0,0,0,0,0,0,-32307,0,0,0,0,0,98633,0
97651,3192,7528,150,163,381,-619,20888,-2,-2,-384,-128,37033,127,29,144,0,0,0,0,0,0,0,0,-32307,0,0,0,0,0,98638,0
97656,3154,7448,138,163,379,-631,20888,1,0,-382,-128,37035,129,29,144,0,0,0,0,0,0,0,0,-32307,0,0,0,0,0,98644,0
97661,3156,7394,144,162,375,-639,20888,4,-1,-382,-136,37035,129,29,144,0,0,0,0,0,0,0,0,-32307,0,0,0,0,0,98649,0
97666,3166,7382,138,162,373,-647,20888,2,-4,-382,-120,37039,123,29,144,0,0,0,0,0,0,0,0,-32307,0,0,0,0,0,98655,0
97671,3142,7338,146,160,376,-659,20887,0,2,-382,-128,37039,123,29,144,0,0,0,0,0,0,0,0,-32307,0,0,0,0,0,98660,0
97676,3138,7406,104,163,379,-674,20888,-2,0,-383,-128,37037,127,29,144,0,0,0,0,0,0,0,0,-32307,0,0,0,0,0,98665,0
97681,3158,7378,82,155,382,-682,20888,9,0,-384,-128,37037,127,29,144,0,0,0,0,0,0,0,0,-32307,0,0,0,0,0,98671,0
97686,3160,7410,72,152,391,-695,20887,-2,-4,-381,-136,37036,122,29,144,0,0,0,0,0,0,0,0,-32307,0,0,0,0,0,98676,0
97691,3158,7490,56,147,389,-699,20886,-9,0,-383,-128,37036,122,29,144,0,0,0,0,0,0,0,0,-32307,0,0,0,0,0,98682,0
97696,3194,7708,76,142,404,-716,20888,1,0,-384,-128,37033,130,29,144,0,0,0,0,0,0,0,0,-32306,0,0,0,0,0,98687,0
97701,3172,7710,54,135,409,-718,20889,3,-6,-383,-128,37033,130,29,144,0,0,0,0,0,0,0,0,-32307,0,0,0,0,0,98693,0
97706,3140,7778,54,131,419,-728,20887,0,-4,-382,-128,37033,123,29,144,0,0,0,0,0,0,0,0,-32307,0,0,0,0,0,98698,0
97711,3130,7766,68,128,412,-724,20888,1,-2,-381,-128,37033,123,29,144,0,0,0,0,0,0,0,0,-32307,0,0,0,0,0,98703,0
97716,3102,7766,42,108,414,-726,20887,-4,1,-382,-128,37031,117,29,144,0,0,0,0,0,0,0,0,-32307,0,0,0,0,0,98709,0
97721,3078,7778,56,110,417,-718,20887,-1,-5,-381,-120,37031,117,29,144,0,0,0,0,0,0,0,0,-32307,0,0,0,0,0,98714,0
97726,3122,7780,42,103,423,-721,20888,5,2,-382,-128,37031,116,29,144,0,0,0,0,0,0,0,0,-32307,0,0,0,0,0,98719,0
97731,3074,7760,58,103,426,-721,20888,0,0,-383,-128,37031,116,29,144,0,0,0,0,0,0,0,0,-32307,0,0,0,0,0,98725,0
97736,3028,7572,44,102,429,-729,20888,3,1,-382,-128,37031,118,29,144,0,0,0,0,0,0,0,0,-32307,0,0,0,0,0,98731,0
97741,2952,7462,58,94,428,-730,20888,1,1,-384,-120,37031,118,29,144,0,0,0,0,0,0,0,0,-32307,0,0,0,0,0,98736,0
97746,2928,7364,24,106,430,-730,20888,-5,-2,-383,-120,37030,123,29,144,0,0,0,0,0,0,0,0,-32307,0,0,0,0,0,98741,0
97751,2876,7288,18,102,423,-736,20889,-1,2,-385,-128,37030,123,29,144,0,0,0,0,0,0,0,0,-32307,0,0,0,0,0,98747,0
97756,2818,7160,24,110,429,-756,20887,-4,-6,-383,-128,37028,121,29,144,0,0,0,0,0,0,0,0,-32307,0,0,0,0,0,98752,0
97761,2832,7146,8,123,422,-763,20887,-5,-6,-382,-128,37028,121,29,144,0,0,0,0,0,0,0,0,-32307,0,0,0,0,0,98758,0
97766,2778,7124,-26,123,427,-786,20888,-2,2,-381,-136,37028,116,29,144,0,0,0,0,0,0,0,0,-32307,0,0,0,0,0,98763,0
97771,2752,7146,-26,125,423,-800,20887,-3,1,-382,-128,37028,116,29,144,0,0,0,0,0,0,0,0,-32306,0,0,0,0,0,98769,0
97776,3002,7632,-64,130,424,-771,20888,0,-3,-383,-120,37031,120,29,144,0,0,0,0,0,0,0,0,-32307,0,0,0,0,0,98774,0
97781,4788,9098,370,93,418,-482,20886,-6,-2,-383,-128,37031,120,29,144,0,0,0,0,0,0,0,0,-32307,0,0,0,0,0,98780,0
97786,5450,9098,600,78,406,-312,20883,-17,-12,-379,-144,37032,116,29,144,0,0,0,0,0,0,0,0,-32307,0,0,0,0,0,98785,0
97791,6420,9856,1686,8,427,49,20874,-32,-20,-378,-144,37032,116,29,144,0,0,0,0,0,0,0,0,-32306,0,0,0,0,0,98791,0
97796,5398,10302,1212,-6,514,-143,20862,-53,-38,-381,-168,37034,117,29,144,0,0,0,0,0,0,0,0,-32307,0,0,0,0,0,98796,0
97801,4672,10236,1204,-40,504,-319,20841,-102,-62,-367,-216,37034,117,29,144,0,0,0,0,0,0,0,0,-32306,0,0,0,0,0,98802,0
97806,4172,10384,1210,-82,464,-443,20807,-160,-97,-361,-256,37044,125,30,144,0,0,0,0,0,0,0,0,-32307,0,0,0,0,0,98807,0
97811,3958,9960,718,-65,414,-473,20764,-183,-135,-375,-280,37044,125,30,144,0,0,0,0,0,0,0,0,-32307,0,0,0,0,0,98813,0
97816,3698,9186,282,-72,342,-476,20716,-206,-143,-377,-272,37057,130,29,144,0,0,0,0,0,0,0,0,-32307,0,0,0,0,0,98819,0
97821,3250,8714,-52,-51,314,-493,20668,-206,-115,-377,-248,37057,130,29,144,0,0,0,0,0,0,0,0,-32306,0,0,0,0,0,98824,0
97826,3030,8408,-46,-30,294,-460,20626,-183,-49,-377,-216,37054,132,29,144,0,0,0,0,0,0,0,0,-32307,0,0,0,0,0,98829,0
97831,2764,8016,6,-15,280,-426,20598,-116,27,-371,-152,37054,132,29,144,0,0,0,0,0,0,0,0,-32306,0,0,0,0,0,98835,0
97836,2930,7604,132,23,290,-308,20584,-47,110,-368,-136,37045,134,29,144,0,0,0,0,0,0,0,0,-32307,0,0,0,0,0,98840,0
97841,3202,7504,296,21,298,-292,20577,-30,155,-368,-128,37045,134,29,144,0,0,0,0,0,0,0,0,-32307,0,0,0,0,0,98845,0
97846,3340,7320,442,24,299,-307,20573,-15,155,-365,-128,37031,128,29,144,0,0,0,0,0,0,0,0,-32307,0,0,0,0,0,98851,0
97851,3414,7330,494,35,305,-347,20572,-11,120,-363,-120,37031,128,29,144,0,0,0,0,0,0,0,0,-32307,0,0,0,0,0,98857,0
97856,3466,7308,498,39,296,-447,20569,-7,56,-365,-128,37031,125,29,144,0,0,0,0,0,0,0,0,-32307,0,0,0,0,0,98862,0
97861,3486,7308,518,32,299,-501,20568,-5,18,-368,-120,37031,125,29,144,0,0,0,0,0,0,0,0,-32307,0,0,0,0,0,98867,0
97866,3532,7324,506,37,290,-560,20566,-4,12,-366,-128,37029,124,29,144,0,0,0,0,0,0,0,0,-32307,0,0,0,0,0,98873,0
97871,3610,7332,538,39,290,-598,20566,-4,7,-364,-120,37029,124,29,144,0,0,0,0,0,0,0,0,-32307,0,0,0,0,0,98878,0
97876,3744,7394,478,51,278,-605,20567,1,8,-365,-120,37031,122,29,144,0,0,0,0,0,0,0,0,-32307,0,0,0,0,0,98884,0
97881,3648,7426,470,64,277,-622,20568,16,8,-365,-120,37031,122,29,144,0,0,0,0,0,0,0,0,-32307,0,0,0,0,0,98890,0
97886,3558,7460,472,70,274,-638,20567,8,5,-366,-120,37032,126,29,144,0,0,0,0,0,0,0,0,-32307,0,0,0,0,0,98895,0
97891,3448,7524,468,83,265,-643,20567,5,11,-363,-120,37032,126,29,144,0,0,0,0,0,0,0,0,-32306,0,0,0,0,0,98900,0
97896,3240,7570,496,92,246,-657,20567,3,2,-363,-128,37034,124,29,144,0,0,0,0,0,0,0,0,-32307,0,0,0,0,0,98906,0
97901,3160,7552,524,104,244,-660,20566,3,-1,-363,-120,37034,124,29,144,0,0,0,0,0,0,0,0,-32307,0,0,0,0,0,98911,0
97906,3094,7560,550,106,229,-665,20566,-4,-2,-364,-120,37038,118,29,144,0,0,0,0,0,0,0,0,-32307,0,0,0,0,0,98917,0
97911,3062,7516,550,117,211,-673,20567,0,2,-366,-120,37038,118,29,144,0,0,0,0,0,0,0,0,-32307,0,0,0,0,0,98923,0
97916,2904,7466,590,129,183,-668,20567,0,-6,-363,-120,37034,121,29,144,0,0,0,0,0,0,0,0,-32307,0,0,0,0,0,98929,0
97921,2844,7470,570,135,173,-671,20567,0,-3,-365,-120,37034,121,29,144,0,0,0,0,0,0,0,0,-32306,0,0,0,0,0,98934,0
97926,2820,7426,524,142,156,-661,20566,-1,-1,-364,-120,37032,113,29,144,0,0,0,0,0,0,0,0,-32307,0,0,0,0,0,98940,0
97931,2804,7428,482,144,143,-660,20567,2,3,-363,-120,37032,113,29,144,0,0,0,0,0,0,0,0,-32307,0,0,0,0,0,98945,0
97936,2738,7374,414,155,118,-637,20567,-7,-1,-366,-120,37031,112,29,144,0,0,0,0,0,0,0,0,-32307,0,0,0,0,0,98950,0
97941,2730,7376,392,163,105,-636,20567,-5,-2,-366,-120,37031,112,29,144,0,0,0,0,0,0,0,0,-32307,0,0,0,0,0,98956,0
97946,2730,7362,358,166,98,-624,20569,-3,1,-364,-128,37030,101,29,144,0,0,0,0,0,0,0,0,-32307,0,0,0,0,0,98962,0
97951,2704,7390,370,171,90,-623,20568,5,-1,-363,-120,37030,101,29,144,0,0,0,0,0,0,0,0,-32307,0,0,0,0,0,98967,0
97956,2664,7410,354,173,84,-605,20568,11,-2,-364,-120,37030,107,29,144,0,0,0,0,0,0,0,0,-32307,0,0,0,0,0,98972,0
97961,2670,7462,334,177,75,-599,20567,-6,0,-366,-120,37030,107,29,144,0,0,0,0,0,0,0,0,-32307,0,0,0,0,0,98978,0
97966,2646,7444,294,175,75,-590,20568,-8,-2,-367,-120,37030,116,29,144,0,0,0,0,0,0,0,0,-32307,0,0,0,0,0,98983,0
97971,2620,7460,264,179,73,-592,20567,0,3,-365,-120,37030,116,29,144,0,0,0,0,0,0,0,0,-32307,0,0,0,0,0,98989,0
97976,2568,7532,212,179,65,-583,20568,-1,-2,-366,-120,37030,122,29,144,0,0,0,0,0,0,0,0,-32307,0,0,0,0,0,98994,0
97981,2500,7558,228,180,64,-576,20567,-5,-8,-362,-128,37030,122,29,144,0,0,0,0,0,0,0,0,-32307,0,0,0,0,0,98999,0
97986,2480,7568,182,179,61,-572,20569,5,6,-366,-128,37035,121,29,144,0,0,0,0,0,0,0,0,-32307,0,0,0,0,0,99005,0
97991,2512,7604,166,180,62,-567,20567,0,5,-363,-128,37035,121,29,144,0,0,0,0,0,0,0,0,-32307,0,0,0,0,0,99010,0
97996,2502,7650,152,178,68,-563,20568,6,0,-364,-128,37036,122,29,144,0,0,0,0,0,0,0,0,-32307,0,0,0,0,0,99016,0
98001,2492,7744,136,173,74,-554,20568,-4,-3,-363,-120,37036,122,29,144,0,0,0,0,0,0,0,0,-32307,0,0,0,0,0,99021,0
98006,2524,7766,114,179,81,-550,20569,4,-5,-363,-120,37036,119,29,144,0,0,0,0,0,0,0,0,-32307,0,0,0,0,0,99027,0
98011,2534,7810,108,179,93,-552,20569,0,1,-365,-120,37036,119,29,144,0,0,0,0,0,0,0,0,-32307,0,0,0,0,0,99032,0
98016,2564,7834,60,174,104,-544,20569,2,-2,-364,-128,37031,120,29,144,0,0,0,0,0,0,0,0,-32307,0,0,0,0,0,99038,0
98021,2592,7856,68,168,116,-539,20569,11,-5,-366,-120,37031,120,29,144,0,0,0,0,0,0,0,0,-32307,0,0,0,0,0,99043,0
98026,2636,7866,58,172,131,-536,20567,0,-1,-365,-120,37032,123,29,144,0,0,0,0,0,0,0,0,-32307,0,0,0,0,0,99048,0
98031,2676,7884,66,167,146,-534,20569,1,-4,-365,-120,37032,123,29,144,0,0,0,0,0,0,0,0,-32307,0,0,0,0,0,99054,0
98036,2682,7842,84,167,172,-531,20566,-1,2,-365,-120,37031,119,29,144,0,0,0,0,0,0,0,0,-32307,0,0,0,0,0,99059,0
98041,2682,7808,114,166,182,-529,20567,-5,1,-364,-120,37031,119,29,144,0,0,0,0,0,0,0,0,-32307,0,0,0,0,0,99065,0
98046,2700,7788,106,168,194,-525,20568,-1,-5,-363,-120,37031,120,29,144,0,0,0,0,0,0,0,0,-32307,0,0,0,0,0,99070,0
98051,2720,7706,120,169,201,-528,20568,-2,2,-364,-128,37031,120,29,144,0,0,0,0,0,0,0,0,-32307,0,0,0,0,0,99076,0
98056,2744,7652,138,167,212,-527,20568,0,3,-364,-120,37029,115,29,144,0,0,0,0,0,0,0,0,-32307,0,0,0,0,0,99081,0
98061,2718,7616,114,168,224,-527,20567,-3,1,-365,-120,37029,115,29,144,0,0,0,0,0,0,0,0,-32307,0,0,0,0,0,99087,0
98066,2726,7590,182,164,222,-528,20567,0,-1,-364,-120,37030,118,29,144,0,0,0,0,0,0,0,0,-32306,0,0,0,0,0,99092,0
98071,2712,7584,210,172,224,-526,20569,1,0,-365,-120,37030,118,29,144,0,0,0,0,0,0,0,0,-32307,0,0,0,0,0,99098,0
98076,2724,7520,196,159,217,-533,20568,-1,-3,-364,-120,37031,121,29,144,0,0,0,0,0,0,0,0,-32307,0,0,0,0,0,99103,0
98081,2738,7492,256,167,212,-534,20567,-3,-2,-363,-120,37031,121,29,144,0,0,0,0,0,0,0,0,-32307,0,0,0,0,0,99109,0
98086,2714,7412,256,178,214,-533,20567,-5,-5,-365,-120,37030,117,29,144,0,0,0,0,0,0,0,0,-32307,0,0,0,0,0,99114,0
98091,2706,7406,260,167,214,-539,20567,-3,-4,-364,-120,37030,117,29,144,0,0,0,0,0,0,0,0,-32307,0,0,0,0,0,99120,0
98096,2714,7372,276,176,206,-545,20567,-3,3,-363,-128,37033,113,29,144,0,0,0,0,0,0,0,0,-32307,0,0,0,0,0,99125,0
98101,2720,7368,280,173,208,-542,20568,3,-1,-360,-120,37033,113,29,144,0,0,0,0,0,0,0,0,-32307,0,0,0,0,0,99130,0
98106,2702,7344,288,176,205,-551,20567,-8,-1,-365,-128,37034,109,29,144,0,0,0,0,0,0,0,0,-32307,0,0,0,0,0,99136,0
98111,2680,7416,330,180,198,-549,20566,-3,0,-366,-120,37034,109,29,144,0,0,0,0,0,0,0,0,-32307,0,0,0,0,0,99141,0
98116,2742,7518,276,182,189,-566,20565,-2,0,-364,-120,37034,116,29,144,0,0,0,0,0,0,0,0,-32307,0,0,0,0,0,99147,0
98121,2792,7592,266,179,189,-571,20567,2,2,-365,-120,37034,116,29,144,0,0,0,0,0,0,0,0,-32307,0,0,0,0,0,99152,0
98126,2768,7632,290,188,181,-574,20566,0,-1,-366,-120,37028,121,29,144,0,0,0,0,0,0,0,0,-32307,0,0,0,0,0,99158,0
98131,2772,7656,272,194,176,-583,20565,-5,3,-364,-128,37028,121,29,144,0,0,0,0,0,0,0,0,-32307,0,0,0,0,0,99163,0
98136,2762,7676,272,196,174,-603,20565,-6,-4,-364,-112,37031,125,29,144,0,0,0,0,0,0,0,0,-32306,0,0,0,0,0,99169,0
98141,2734,7614,318,202,171,-609,20564,-2,-3,-365,-128,37031,125,29,144,0,0,0,0,0,0,0,0,-32307,0,0,0,0,0,99174,0
98146,2728,7538,338,200,162,-611,20562,-11,-3,-363,-120,37033,128,29,144,0,0,0,0,0,0,0,0,-32306,0,0,0,0,0,99180,0
98151,2650,7502,358,204,155,-621,20563,0,0,-362,-128,37033,128,29,144,0,0,0,0,0,0,0,0,-32307,0,0,0,0,0,99185,0
98156,2522,7356,338,208,142,-630,20562,-7,-1,-363,-128,37037,123,29,144,0,0,0,0,0,0,0,0,-32307,0,0,0,0,0,99191,0
98161,2430,7298,286,216,139,-633,20562,-7,8,-364,-128,37037,123,29,144,0,0,0,0,0,0,0,0,-32307,0,0,0,0,0,99196,0
98166,2326,7260,282,212,123,-627,20562,2,-2,-364,-128,37034,125,29,144,0,0,0,0,0,0,0,0,-32307,0,0,0,0,0,99201,0
98171,2144,7172,284,221,111,-624,20560,-2,3,-364,-128,37034,125,29,144,0,0,0,0,0,0,0,0,-32307,0,0,0,0,0,99207,0
98176,1618,6680,190,212,92,-592,20560,-6,0,-365,-128,37033,125,29,144,0,0,0,0,0,0,0,0,-32307,0,0,0,0,0,99212,0
98181,1290,6490,174,214,75,-559,20559,0,-1,-363,-128,37033,125,29,144,0,0,0,0,0,0,0,0,-32307,0,0,0,0,0,99218,0
98186,1256,6688,142,214,60,-541,20554,-2,0,-364,-120,37031,131,29,144,0,0,0,0,0,0,0,0,-32308,0,0,0,0,0,99223,0
98191,1690,7300,122,215,32,-525,20548,-26,-15,-364,-136,37031,131,29,144,0,0,0,0,0,0,0,0,-32308,0,0,0,0,0,99229,0
98196,3372,8716,178,213,-20,-581,20534,-69,-36,-354,-176,37031,126,29,144,0,0,0,0,0,0,0,0,-32307,0,0,0,0,0,99234,0
98201,4048,9018,274,217,-53,-628,20495,-186,-83,-330,-328,37031,126,29,144,0,0,0,0,0,0,0,0,-32307,0,0,0,0,0,99240,0
98206,4214,8970,326,216,-78,-667,20423,-337,-195,-312,-616,37035,129,29,144,0,0,0,0,0,0,0,0,-32307,0,0,0,0,0,99245,0
98211,3896,8674,350,210,-97,-716,20312,-505,-347,-309,-1048,37035,129,29,144,0,0,0,0,0,0,0,0,-32307,0,0,0,0,0,99251,0
98216,2514,8138,176,207,-131,-758,20170,-642,-456,-317,-1368,37034,132,29,144,0,0,0,0,0,0,0,0,-32307,0,0,0,0,0,99256,0
98221,2086,8110,70,203,-151,-765,20001,-745,-504,-354,-1504,37034,132,29,144,0,0,0,0,0,0,0,0,-32307,0,0,0,0,0,99262,0
98226,1904,8198,10,208,-167,-773,19817,-817,-466,-347,-1592,37030,137,29,144,0,0,0,0,0,0,0,0,-32307,0,0,0,0,0,99267,0
98231,1906,8322,-12,209,-189,-776,19621,-869,-381,-319,-1632,37030,137,29,144,0,0,0,0,0,0,0,0,-32306,0,0,0,0,0,99272,0
98236,1928,8290,126,213,-219,-777,19421,-884,-270,-300,-1680,37023,135,29,144,0,0,0,0,0,0,0,0,-32307,0,0,0,0,0,99278,0
98241,1834,8202,176,203,-226,-780,19219,-887,-174,-267,-1672,37023,135,29,144,0,0,0,0,0,0,0,0,-32307,0,0,0,0,0,99283,0
98246,1688,8114,182,206,-241,-773,19018,-883,-93,-279,-1624,37020,136,29,144,0,0,0,0,0,0,0,0,-32307,0,0,0,0,0,99289,0
98251,1494,8018,176,194,-251,-764,18817,-878,-41,-258,-1592,37020,136,29,144,0,0,0,0,0,0,0,0,-32307,0,0,0,0,0,99294,0
98256,1362,7806,26,193,-270,-734,18623,-850,0,-240,-1512,37020,133,29,144,0,0,0,0,0,0,0,0,-32307,0,0,0,0,0,99300,0
98261,1396,7710,-60,192,-287,-716,18430,-843,27,-231,-1480,37020,133,29,144,0,0,0,0,0,0,0,0,-32307,0,0,0,0,0,99305,0
98266,1446,7658,-50,187,-294,-697,18240,-839,42,-231,-1448,37020,136,29,144,0,0,0,0,0,0,0,0,-32307,0,0,0,0,0,99311,0
98271,1576,7554,-32,189,-303,-690,18051,-828,39,-205,-1432,37020,136,29,144,0,0,0,0,0,0,0,0,-32307,0,0,0,0,0,99316,0
98276,1572,7510,80,176,-305,-661,17858,-843,28,-188,-1480,37022,133,29,144,0,0,0,0,0,0,0,0,-32307,0,0,0,0,0,99321,0
98281,1598,7480,96,178,-301,-651,17664,-864,1,-186,-1496,37022,133,29,144,0,0,0,0,0,0,0,0,-32307,0,0,0,0,0,99327,0
98286,1680,7464,114,170,-296,-640,17459,-908,-33,-169,-1608,37022,140,29,144,0,0,0,0,0,0,0,0,-32307,0,0,0,0,0,99333,0
98291,1656,7386,78,177,-294,-625,17241,-969,-78,-155,-1744,37022,140,29,144,0,0,0,0,0,0,0,0,-32306,0,0,0,0,0,99338,0
98296,1560,7304,-10,172,-301,-589,17003,-1055,-146,-135,-1960,37022,134,29,144,0,0,0,0,0,0,0,0,-32307,0,0,0,0,0,99343,0
98301,1464,7316,-44,171,-305,-575,16741,-1161,-217,-128,-2168,37022,134,29,144,0,0,0,0,0,0,0,0,-32306,0,0,0,0,0,99349,0
98306,1324,7370,-22,164,-308,-553,16452,-1287,-291,-123,-2424,37022,136,29,144,0,0,0,0,0,0,0,0,-32307,0,0,0,0,0,99354,0
98311,1210,7444,26,170,-303,-525,16132,-1411,-357,-98,-2680,37022,136,29,144,0,0,0,0,0,0,0,0,-32306,0,0,0,0,0,99359,0
98316,956,7670,90,165,-284,-468,15780,-1559,-414,-82,-2952,37023,133,29,144,0,0,0,0,0,0,0,0,-32307,0,0,0,0,0,99365,0
98321,826,7750,162,168,-261,-435,15396,-1699,-455,-62,-3240,37023,133,29,144,0,0,0,0,0,0,0,0,-32307,0,0,0,0,0,99371,0
98326,700,7820,82,166,-229,-393,14981,-1840,-478,-41,-3464,37026,138,29,144,0,0,0,0,0,0,0,0,-32307,0,0,0,0,0,99376,0
98331,666,7968,132,164,-186,-353,14530,-1989,-487,-12,-3736,37026,138,29,144,0,0,0,0,0,0,0,0,-32307,0,0,0,0,0,99381,0
98336,3760,7538,56,195,-182,-637,14048,-2134,-500,5,-3928,37027,144,29,144,0,0,0,0,0,0,0,0,-32306,0,0,0,0,0,99387,0
98341,10710,8380,126,173,-119,-811,13561,-2139,-463,-2,-3720,37027,144,29,144,0,0,0,0,0,0,0,0,-32307,0,0,0,0,0,99393,0
98346,12196,7112,-344,204,-19,-811,13087,-2074,-323,17,-3400,37025,140,29,144,0,0,0,0,0,0,0,0,-32307,0,0,0,0,0,99398,0
98351,10372,6374,-56,168,104,-944,12641,-1951,-109,57,-2936,37025,140,29,144,0,0,0,0,0,0,0,0,-32307,0,0,0,0,0,99404,0
98356,3442,8206,-302,171,247,-1032,12240,-1739,156,79,-2272,37024,138,29,144,0,0,0,0,0,0,0,0,-32307,0,0,0,0,0,99409,0
98361,846,9204,-204,182,281,-1047,11937,-1276,496,58,-920,37024,138,29,144,0,0,0,0,0,0,0,0,-32307,0,0,0,0,0,99415,0
98366,-248,9072,30,170,302,-1078,11794,-557,956,150,416,37025,136,29,144,0,0,0,0,0,0,0,0,-32307,0,0,0,0,0,99420,0
98371,404,8324,-64,163,295,-1073,11845,305,1586,453,744,37025,136,29,144,0,0,0,0,0,0,0,0,-32307,0,0,0,0,0,99426,0
98376,2234,7496,-366,154,250,-1089,12023,822,2111,167,1888,37026,132,29,144,0,0,0,0,0,0,0,0,-32307,0,0,0,0,0,99431,0
98381,2062,7722,-126,143,267,-1091,12269,1107,2244,186,2232,37026,132,29,144,0,0,0,0,0,0,0,0,-32307,0,0,0,0,0,99437,0
98386,1612,8104,90,136,290,-1091,12543,1220,1876,203,2248,37028,134,29,144,0,0,0,0,0,0,0,0,-32307,0,0,0,0,0,99442,0
98391,1780,7994,-56,139,328,-1095,12821,1220,1222,151,2088,37028,134,29,144,0,0,0,0,0,0,0,0,-32307,0,0,0,0,0,99447,0
98396,3006,7500,-402,117,379,-1129,13091,1184,588,108,1888,37027,134,29,144,0,0,0,0,0,0,0,0,-32307,0,0,0,0,0,99453,0
98401,3076,7206,-662,105,376,-1148,13349,1127,182,88,1656,37027,134,29,144,0,0,0,0,0,0,0,0,-32307,0,0,0,0,0,99459,0
98406,2840,7190,-702,97,378,-1157,13588,1036,-59,58,1392,37031,130,29,144,0,0,0,0,0,0,0,0,-32307,0,0,0,0,0,99464,0
98411,2168,7454,-556,90,371,-1175,13800,914,-198,47,1032,37031,130,29,144,0,0,0,0,0,0,0,0,-32307,0,0,0,0,0,99469,0
98416,1174,8094,-218,79,366,-1183,13970,729,-315,55,480,37031,129,29,144,0,0,0,0,0,0,0,0,-32307,0,0,0,0,0,99475,0
98421,1138,8306,-128,58,353,-1192,14080,448,-467,11,-88,37031,129,29,144,0,0,0,0,0,0,0,0,-32307,0,0,0,0,0,99480,0
98426,1174,8434,-176,50,337,-1193,14107,77,-687,-158,-88,37031,118,29,144,0,0,0,0,0,0,0,0,-32307,0,0,0,0,0,99486,0
98431,1362,8550,-256,45,314,-1207,14067,-198,-899,-50,-160,37031,118,29,144,0,0,0,0,0,0,0,0,-32306,0,0,0,0,0,99491,0
98436,1762,8814,-422,23,270,-1231,13995,-322,-979,-2,-224,37030,118,29,144,0,0,0,0,0,0,0,0,-32307,0,0,0,0,0,99497,0
98441,1926,8856,-454,12,261,-1250,13902,-413,-874,-10,-256,37030,118,29,144,0,0,0,0,0,0,0,0,-32307,0,0,0,0,0,99502,0
98446,2048,8848,-432,4,249,-1271,13799,-446,-625,1,-224,37031,118,29,144,0,0,0,0,0,0,0,0,-32307,0,0,0,0,0,99508,0
98451,2098,8852,-376,-5,244,-1294,13703,-424,-349,18,-160,37031,118,29,144,0,0,0,0,0,0,0,0,-32306,0,0,0,0,0,99513,0
98456,1916,8686,-332,-27,208,-1333,13616,-372,-135,50,-120,37031,123,29,144,0,0,0,0,0,0,0,0,-32307,0,0,0,0,0,99518,0
98461,1718,8556,-344,-41,191,-1348,13548,-296,27,64,-72,37031,123,29,144,0,0,0,0,0,0,0,0,-32307,0,0,0,0,0,99524,0
98466,1494,8434,-376,-56,174,-1366,13499,-207,149,87,-32,37031,123,29,144,0,0,0,0,0,0,0,0,-32307,0,0,0,0,0,99530,0
98471,1316,8288,-438,-63,159,-1366,13467,-127,231,76,0,37031,123,29,144,0,0,0,0,0,0,0,0,-32307,0,0,0,0,0,99535,0
98476,1220,8082,-310,-85,126,-1379,13458,-30,273,60,8,37031,126,29,144,0,0,0,0,0,0,0,0,-32307,0,0,0,0,0,99540,0
98481,1198,7984,-294,-98,111,-1381,13462,18,290,46,24,37031,126,29,144,0,0,0,0,0,0,0,0,-32306,0,0,0,0,0,99546,0
98486,1166,7746,-252,-107,102,-1387,13467,27,250,51,24,37032,128,29,144,0,0,0,0,0,0,0,0,-32307,0,0,0,0,0,99551,0
98491,1154,7734,-248,-108,89,-1383,13473,28,182,52,16,37032,128,29,144,0,0,0,0,0,0,0,0,-32306,0,0,0,0,0,99557,0
98496,1062,7720,-22,-126,89,-1378,13478,18,89,50,24,37034,125,29,144,0,0,0,0,0,0,0,0,-32307,0,0,0,0,0,99562,0
98501,744,7646,-18,-126,84,-1376,13479,4,20,53,8,37034,125,29,144,0,0,0,0,0,0,0,0,-32307,0,0,0,0,0,99568,0
98506,852,7722,-44,-133,44,-1373,13480,2,-16,50,8,37033,126,29,144,0,0,0,0,0,0,0,0,-32307,0,0,0,0,0,99573,0
98511,1000,7624,90,-130,49,-1363,13479,-5,-29,50,16,37033,126,29,144,0,0,0,0,0,0,0,0,-32306,0,0,0,0,0,99579,0
98516,1054,7738,324,-124,84,-1350,13480,0,-21,50,8,37037,129,29,144,0,0,0,0,0,0,0,0,-32307,0,0,0,0,0,99584,0
98521,908,7794,298,-121,103,-1355,13479,-3,-15,49,16,37037,129,29,144,0,0,0,0,0,0,0,0,-32306,0,0,0,0,0,99589,0
98526,718,8048,382,-111,118,-1354,13479,1,-3,49,16,37036,131,29,144,0,0,0,0,0,0,0,0,-32307,0,0,0,0,0,99595,0
98531,590,8132,432,-104,126,-1338,13479,-1,2,50,16,37036,131,29,144,0,0,0,0,0,0,0,0,-32306,0,0,0,0,0,99600,0
98536,606,8188,472,-96,116,-1340,13480,6,3,48,16,37036,124,29,144,0,0,0,0,0,0,0,0,-32307,0,0,0,0,0,99606,0
98541,634,8216,478,-80,109,-1327,13479,-3,-1,49,16,37036,124,29,144,0,0,0,0,0,0,0,0,-32307,0,0,0,0,0,99611,0
98546,600,8278,556,-73,103,-1328,13480,5,-5,51,16,37031,125,29,144,0,0,0,0,0,0,0,0,-32307,0,0,0,0,0,99617,0
98551,544,8314,594,-57,97,-1327,13479,3,-2,50,16,37031,125,29,144,0,0,0,0,0,0,0,0,-32307,0,0,0,0,0,99622,0
98556,252,8326,674,-36,65,-1318,13479,0,-6,51,8,37028,127,29,144,0,0,0,0,0,0,0,0,-32307,0,0,0,0,0,99627,0
98561,-530,8668,406,-30,-14,-1310,13479,-2,-3,49,16,37028,127,29,144,0,0,0,0,0,0,0,0,-32307,0,0,0,0,0,99633,0
98566,148,8208,452,-12,-46,-1319,13480,0,-3,50,16,37029,121,29,144,0,0,0,0,0,0,0,0,-32307,0,0,0,0,0,99639,0
98571,430,8052,736,-5,-81,-1307,13479,1,0,48,16,37029,121,29,144,0,0,0,0,0,0,0,0,-32307,0,0,0,0,0,99644,0
98576,384,7972,800,32,-120,-1298,13480,2,-8,50,16,37030,121,29,144,0,0,0,0,0,0,0,0,-32307,0,0,0,0,0,99649,0
98581,62,8104,820,47,-142,-1293,13480,-3,1,50,16,37030,121,29,144,0,0,0,0,0,0,0,0,-32307,0,0,0,0,0,99655,0
98586,-94,8110,724,60,-170,-1285,13479,5,1,49,16,37032,121,29,144,0,0,0,0,0,0,0,0,-32307,0,0,0,0,0,99660,0
98591,-112,8072,636,69,-202,-1280,13480,4,-2,49,16,37032,121,29,144,0,0,0,0,0,0,0,0,-32307,0,0,0,0,0,99666,0
98596,-94,7926,482,95,-286,-1267,13479,-4,-1,47,16,37032,131,29,144,0,0,0,0,0,0,0,0,-32307,0,0,0,0,0,99671,0
98601,-28,7884,474,100,-320,-1260,13479,-1,1,47,16,37032,131,29,144,0,0,0,0,0,0,0,0,-32307,0,0,0,0,0,99677,0
98606,50,7902,534,110,-343,-1252,13479,-1,1,50,16,37028,128,29,144,0,0,0,0,0,0,0,0,-32307,0,0,0,0,0,99682,0
98611,72,7932,572,119,-371,-1244,13481,12,4,47,16,37028,128,29,144,0,0,0,0,0,0,0,0,-32307,0,0,0,0,0,99688,0
98616,44,8016,478,137,-398,-1229,13480,6,-2,47,16,37034,135,29,144,0,0,0,0,0,0,0,0,-32307,0,0,0,0,0,99693,0
98621,14,8074,432,143,-406,-1233,13480,2,5,49,16,37034,135,29,144,0,0,0,0,0,0,0,0,-32307,0,0,0,0,0,99699,0
98626,-58,8160,350,152,-423,-1220,13479,-3,3,49,16,37035,131,29,144,0,0,0,0,0,0,0,0,-32307,0,0,0,0,0,99704,0
98631,-60,8240,284,150,-435,-1216,13480,3,3,50,16,37035,131,29,144,0,0,0,0,0,0,0,0,-32307,0,0,0,0,0,99710,0
98636,34,8278,172,154,-460,-1208,13480,0,2,48,16,37036,133,29,144,0,0,0,0,0,0,0,0,-32307,0,0,0,0,0,99715,0
98641,96,8336,178,153,-473,-1206,13480,-2,-1,47,16,37036,133,29,144,0,0,0,0,0,0,0,0,-32307,0,0,0,0,0,99721,0
98646,106,8326,114,155,-475,-1204,13480,0,0,52,8,37030,124,29,144,0,0,0,0,0,0,0,0,-32307,0,0,0,0,0,99726,0
98651,178,8244,82,163,-480,-1206,13478,-1,-5,48,16,37030,124,29,144,0,0,0,0,0,0,0,0,-32307,0,0,0,0,0,99731,0
98656,250,8174,90,155,-480,-1203,13480,0,-4,50,16,37031,120,29,144,0,0,0,0,0,0,0,0,-32306,0,0,0,0,0,99737,0
98661,186,8204,12,147,-475,-1201,13478,-7,-4,49,8,37031,120,29,144,0,0,0,0,0,0,0,0,-32307,0,0,0,0,0,99743,0
98666,80,8178,-82,146,-476,-1206,13480,-1,1,49,16,37032,121,29,144,0,0,0,0,0,0,0,0,-32307,0,0,0,0,0,99748,0
98671,104,8210,-36,143,-478,-1205,13480,3,2,50,8,37032,121,29,144,0,0,0,0,0,0,0,0,-32306,0,0,0,0,0,99753,0
98676,90,8130,-82,129,-472,-1202,13479,-3,-1,48,8,37029,126,29,144,0,0,0,0,0,0,0,0,-32307,0,0,0,0,0,99759,0
98681,-6,8100,-74,122,-472,-1202,13480,1,0,49,16,37029,126,29,144,0,0,0,0,0,0,0,0,-32307,0,0,0,0,0,99764,0
98686,80,8126,-24,119,-466,-1201,13481,3,3,47,16,37025,131,29,144,0,0,0,0,0,0,0,0,-32307,0,0,0,0,0,99770,0
98691,22,8038,-70,112,-461,-1199,13480,1,-1,50,8,37025,131,29,144,0,0,0,0,0,0,0,0,-32307,0,0,0,0,0,99775,0
98696,-50,8002,-112,101,-447,-1189,13480,8,0,51,16,37026,127,29,144,0,0,0,0,0,0,0,0,-32307,0,0,0,0,0,99781,0
98701,-438,8344,54,96,-436,-1218,13479,1,-1,51,16,37026,127,29,144,0,0,0,0,0,0,0,0,-32306,0,0,0,0,0,99786,0
98706,-1186,9042,96,91,-417,-1230,13480,4,6,50,16,37028,128,29,144,0,0,0,0,0,0,0,0,-32307,0,0,0,0,0,99791,0
98711,-700,8894,30,97,-387,-1199,13479,-1,-1,50,16,37028,128,29,144,0,0,0,0,0,0,0,0,-32307,0,0,0,0,0,99797,0
98716,-274,9396,140,88,-288,-1187,13480,2,4,52,16,37033,122,29,144,0,0,0,0,0,0,0,0,-32307,0,0,0,0,0,99802,0
98721,-10,8928,-68,90,-236,-1188,13480,7,-1,49,16,37033,122,29,144,0,0,0,0,0,0,0,0,-32307,0,0,0,0,0,99808,0
98726,436,8598,12,77,-205,-1182,13479,0,1,49,16,37031,125,29,144,0,0,0,0,0,0,0,0,-32307,0,0,0,0,0,99814,0
98731,-148,8610,-166,69,-211,-1178,13479,-7,4,48,16,37031,125,29,144,0,0,0,0,0,0,0,0,-32307,0,0,0,0,0,99819,0
98736,810,7914,164,66,-130,-1204,13480,3,1,49,16,37031,117,29,144,0,0,0,0,0,0,0,0,-32307,0,0,0,0,0,99824,0
98741,430,8016,352,52,-83,-1207,13479,0,-1,49,8,37031,117,29,144,0,0,0,0,0,0,0,0,-32307,0,0,0,0,0,99830,0
98746,-182,8194,418,52,-45,-1202,13479,0,-2,49,8,37028,123,29,144,0,0,0,0,0,0,0,0,-32307,0,0,0,0,0,99835,0
98751,-640,8296,342,49,-3,-1193,13481,12,3,50,16,37028,123,29,144,0,0,0,0,0,0,0,0,-32307,0,0,0,0,0,99841,0
98756,-688,8046,40,54,11,-1173,13480,1,3,49,8,37028,120,29,144,0,0,0,0,0,0,0,0,-32306,0,0,0,0,0,99846,0
98761,-460,8022,20,56,7,-1173,13479,-1,0,49,16,37028,120,29,144,0,0,0,0,0,0,0,0,-32307,0,0,0,0,0,99852,0
98766,-384,8052,88,53,3,-1171,13479,-3,-2,49,16,37027,124,29,144,0,0,0,0,0,0,0,0,-32306,0,0,0,0,0,99857,0
98771,-324,8098,194,63,-1,-1173,13480,2,2,49,16,37027,124,29,144,0,0,0,0,0,0,0,0,-32307,0,0,0,0,0,99863,0
98776,-282,8050,272,70,5,-1168,13479,0,0,47,8,37028,126,29,144,0,0,0,0,0,0,0,0,-32307,0,0,0,0,0,99868,0
98781,-480,8100,298,68,10,-1169,13480,4,0,49,16,37028,126,29,144,0,0,0,0,0,0,0,0,-32307,0,0,0,0,0,99874,0
98786,-648,8100,274,78,12,-1168,13479,-2,0,47,16,37028,119,29,144,0,0,0,0,0,0,0,0,-32307,0,0,0,0,0,99879,0
98791,-678,8054,244,79,0,-1163,13479,-5,-4,49,16,37028,119,29,144,0,0,0,0,0,0,0,0,-32307,0,0,0,0,0,99885,0
98796,-590,8110,140,83,-24,-1146,13471,-36,-19,-554,-992,37029,124,29,144,0,0,0,0,0,0,0,0,-32307,0,0,0,0,0,99890,0
98801,-808,8036,182,88,-36,-1163,13386,-415,-213,-1450,-1440,37029,124,29,144,0,0,0,0,0,0,0,0,-32308,0,0,0,0,0,99895,0
98806,-676,8082,264,96,-47,-1154,13237,-676,-485,-1011,-1544,37024,142,29,144,0,0,0,0,0,0,0,0,-32307,0,0,0,0,0,99901,0
98811,-624,8064,230,100,-61,-1155,13062,-779,-692,-546,-1296,37024,142,29,144,0,0,0,0,0,0,0,0,-32307,0,0,0,0,0,99907,0
98816,-508,8176,186,110,-86,-1163,12884,-771,-676,-202,-792,37024,155,29,144,0,0,0,0,0,0,0,0,-32307,0,0,0,0,0,99912,0
98821,-468,8200,200,112,-84,-1161,12726,-688,-398,-41,-296,37024,155,29,144,0,0,0,0,0,0,0,0,-32307,0,0,0,0,0,99917,0
98826,-494,8216,144,112,-88,-1170,12598,-538,-18,101,-200,37022,147,29,144,0,0,0,0,0,0,0,0,-32307,0,0,0,0,0,99923,0
98831,-498,8202,176,124,-99,-1174,12508,-378,266,118,-208,37022,147,29,144,0,0,0,0,0,0,0,0,-32306,0,0,0,0,0,99928,0
98836,-492,8170,108,124,-130,-1187,12451,-238,432,-126,-256,37028,135,29,144,0,0,0,0,0,0,0,0,-32307,0,0,0,0,0,99934,0
98841,-516,8130,78,124,-139,-1199,12408,-164,463,-335,-264,37028,135,29,144,0,0,0,0,0,0,0,0,-32307,0,0,0,0,0,99940,0
98846,-552,8130,100,130,-145,-1203,12380,-126,409,-461,-288,37027,133,29,144,0,0,0,0,0,0,0,0,-32306,0,0,0,0,0,99945,0
98851,-528,8120,52,126,-160,-1212,12361,-75,301,-552,-256,37027,133,29,144,0,0,0,0,0,0,0,0,-32307,0,0,0,0,0,99950,0
98856,-600,8098,46,122,-172,-1229,12357,-8,215,-634,-256,37027,140,29,144,0,0,0,0,0,0,0,0,-32307,0,0,0,0,0,99956,0
98861,-662,8112,90,129,-178,-1243,12356,10,172,-703,-272,37027,140,29,144,0,0,0,0,0,0,0,0,-32307,0,0,0,0,0,99961,0
98866,-614,8082,92,123,-183,-1247,12355,-4,129,-732,-256,37025,138,29,144,0,0,0,0,0,0,0,0,-32306,0,0,0,0,0,99967,0
98871,-506,8090,118,126,-169,-1257,12357,2,84,-724,-264,37025,138,29,144,0,0,0,0,0,0,0,0,-32307,0,0,0,0,0,99973,0
98876,-682,8124,80,122,-158,-1280,12357,3,36,-737,-264,37027,141,29,144,0,0,0,0,0,0,0,0,-32307,0,0,0,0,0,99978,0
98881,-606,8114,108,120,-151,-1281,12354,-8,-7,-733,-256,37027,141,29,144,0,0,0,0,0,0,0,0,-32307,0,0,0,0,0,99983,0
98886,-654,8074,120,118,-147,-1293,12355,0,-1,-735,-248,37029,142,29,144,0,0,0,0,0,0,0,0,-32307,0,0,0,0,0,99989,0
98891,-672,8080,160,116,-140,-1308,12354,1,-2,-735,-256,37029,142,29,144,0,0,0,0,0,0,0,0,-32307,0,0,0,0,0,99994,0
98896,-644,8116,170,120,-116,-1326,12357,6,0,-731,-256,37031,146,29,144,0,0,0,0,0,0,0,0,-32307,0,0,0,0,0,100000,0
98901,-664,8174,152,120,-106,-1333,12356,1,7,-733,-272,37031,146,29,144,0,0,0,0,0,0,0,0,-32307,0,0,0,0,0,100005,0
98906,-658,8170,120,116,-100,-1349,12354,-5,-3,-725,-256,37030,138,29,144,0,0,0,0,0,0,0,0,-32307,0,0,0,0,0,100011,0
98911,-648,8110,112,121,-88,-1361,12353,-10,-2,-724,-256,37030,138,29,144,0,0,0,0,0,0,0,0,-32307,0,0,0,0,0,100016,0
98916,-690,8198,172,121,-80,-1384,12352,-12,-5,-724,-248,37029,133,29,144,0,0,0,0,0,0,0,0,-32307,0,0,0,0,0,100023,0
98921,-696,8194,194,130,-81,-1396,12348,-13,-6,-720,-240,37029,133,29,144,0,0,0,0,0,0,0,0,-32307,0,0,0,0,0,100028,0
98926,-692,8134,180,128,-77,-1413,12348,-10,-7,-713,-248,37034,129,29,144,0,0,0,0,0,0,0,0,-32307,0,0,0,0,0,100033,0
98931,-716,8134,152,132,-77,-1420,12341,-32,-5,-706,-232,37034,129,29,144,0,0,0,0,0,0,0,0,-32307,0,0,0,0,0,100039,0
98936,-874,8006,50,152,-97,-1447,12333,-45,-13,-665,-248,37034,130,29,144,0,0,0,0,0,0,0,0,-32306,0,0,0,0,0,100045,0
98941,-1062,7982,-72,154,-117,-1457,12320,-65,-35,-626,-256,37034,130,29,144,0,0,0,0,0,0,0,0,-32307,0,0,0,0,0,100050,0
98946,-1238,7900,-132,170,-145,-1472,12304,-76,-49,-590,-248,37031,132,29,144,0,0,0,0,0,0,0,0,-32307,0,0,0,0,0,100055,0
98951,-1336,7940,-106,183,-183,-1490,12297,-34,-30,-590,-224,37031,132,29,144,0,0,0,0,0,0,0,0,-32307,0,0,0,0,0,100061,0
98956,-1418,7976,-72,206,-255,-1506,12297,2,14,-637,-232,37026,130,29,144,0,0,0,0,0,0,0,0,-32307,0,0,0,0,0,100066,0
98961,-1462,8070,-42,214,-290,-1517,12297,-2,51,-672,-224,37026,130,29,144,0,0,0,0,0,0,0,0,-32307,0,0,0,0,0,100072,0
98966,-1456,8024,110,226,-331,-1527,12297,-5,63,-680,-216,37028,127,29,144,0,0,0,0,0,0,0,0,-32307,0,0,0,0,0,100077,0
98971,-1486,8074,-8,234,-364,-1534,12299,1,42,-678,-224,37028,127,29,144,0,0,0,0,0,0,0,0,-32307,0,0,0,0,0,100083,0
98976,-1532,8272,170,250,-422,-1547,12298,3,12,-674,-232,37029,127,29,144,0,0,0,0,0,0,0,0,-32307,0,0,0,0,0,100088,0
98981,-1530,8216,148,255,-443,-1548,12297,2,2,-677,-216,37029,127,29,144,0,0,0,0,0,0,0,0,-32307,0,0,0,0,0,100094,0
98986,-1500,8220,156,263,-460,-1557,12297,0,-2,-677,-224,37028,130,29,144,0,0,0,0,0,0,0,0,-32307,0,0,0,0,0,100099,0
98991,-1490,8536,230,256,-461,-1553,12297,0,2,-678,-224,37028,130,29,144,0,0,0,0,0,0,0,0,-32306,0,0,0,0,0,100105,0
98996,-1460,8116,118,260,-464,-1563,12297,-6,2,-676,-216,37028,131,29,144,0,0,0,0,0,0,0,0,-32306,0,0,0,0,0,100110,0
99001,-742,7998,108,269,-461,-1548,12297,2,4,-678,-224,37028,131,29,144,0,0,0,0,0,0,0,0,-32306,0,0,0,0,0,100116,0
99006,-956,7948,32,270,-463,-1583,12297,1,2,-680,-224,37027,136,29,144,0,0,0,0,0,0,0,0,-32307,0,0,0,0,0,100121,0
99011,-1320,8226,180,270,-454,-1581,12296,0,0,-675,-216,37027,136,29,144,0,0,0,0,0,0,0,0,-32306,0,0,0,0,0,100127,0
99016,-1510,8236,70,262,-438,-1586,12297,-1,3,-673,-224,37028,132,29,144,0,0,0,0,0,0,0,0,-32307,0,0,0,0,0,100132,0
99021,-1794,7890,-190,261,-419,-1590,12297,-8,0,-675,-224,37028,132,29,144,0,0,0,0,0,0,0,0,-32307,0,0,0,0,0,100137,0
99026,-1606,8106,202,268,-413,-1603,12297,-1,2,-675,-224,37028,129,29,144,0,0,0,0,0,0,0,0,-32307,0,0,0,0,0,100143,0
99031,-1398,8182,126,254,-418,-1601,12297,5,-2,-680,-232,37028,129,29,144,0,0,0,0,0,0,0,0,-32306,0,0,0,0,0,100149,0
99036,-1958,7790,-288,261,-373,-1615,12297,4,2,-675,-232,37033,129,29,144,0,0,0,0,0,0,0,0,-32307,0,0,0,0,0,100154,0
99041,-1758,8610,222,244,-366,-1616,12297,-3,-1,-676,-224,37033,129,29,144,0,0,0,0,0,0,0,0,-32307,0,0,0,0,0,100160,0
99046,-1438,8814,78,223,-355,-1612,12298,0,0,-676,-232,37034,118,29,144,0,0,0,0,0,0,0,0,-32306,0,0,0,0,0,100165,0
99051,-1444,9030,-414,208,-313,-1615,12298,6,-3,-672,-224,37034,118,29,144,0,0,0,0,0,0,0,0,-32306,0,0,0,0,0,100171,0
99056,-1694,8886,-96,208,-291,-1603,12297,0,-1,-678,-224,37035,123,29,144,0,0,0,0,0,0,0,0,-32307,0,0,0,0,0,100176,0
99061,-2066,8450,-312,199,-280,-1596,12297,1,-6,-675,-232,37035,123,29,144,0,0,0,0,0,0,0,0,-32306,0,0,0,0,0,100182,0
99066,-1860,8968,24,179,-258,-1594,12297,0,-1,-674,-232,37027,127,29,144,0,0,0,0,0,0,0,0,-32307,0,0,0,0,0,100187,0
99071,-1788,9172,-366,160,-237,-1584,12297,3,2,-671,-240,37027,127,29,144,0,0,0,0,0,0,0,0,-32306,0,0,0,0,0,100192,0
99076,-2092,8922,-394,131,-191,-1555,12297,6,0,-676,-224,37035,134,29,144,0,0,0,0,0,0,0,0,-32307,0,0,0,0,0,100198,0
99081,-2400,9160,-120,114,-173,-1556,12297,5,0,-677,-224,37035,134,29,144,0,0,0,0,0,0,0,0,-32307,0,0,0,0,0,100204,0
99086,-1958,8764,-252,112,-155,-1536,12297,-1,1,-673,-224,37042,131,29,144,0,0,0,0,0,0,0,0,-32307,0,0,0,0,0,100209,0
99091,-1874,8908,-284,81,-143,-1529,12297,-4,1,-674,-224,37042,131,29,144,0,0,0,0,0,0,0,0,-32306,0,0,0,0,0,100214,0
99096,-2124,8770,-294,53,-97,-1516,12299,9,2,-675,-232,37044,128,29,144,0,0,0,0,0,0,0,0,-32307,0,0,0,0,0,100220,0
99101,-2414,8760,-298,41,-79,-1501,12298,6,-1,-681,-232,37044,128,29,144,0,0,0,0,0,0,0,0,-32307,0,0,0,0,0,100225,0
99106,-2484,8552,-288,21,-64,-1486,12299,4,0,-680,-224,37038,125,29,144,0,0,0,0,0,0,0,0,-32306,0,0,0,0,0,100231,0
99111,-2582,8490,-242,7,-51,-1475,12299,3,0,-683,-216,37038,125,29,144,0,0,0,0,0,0,0,0,-32306,0,0,0,0,0,100236,0
99116,-2748,8268,-206,-27,-3,-1436,12300,1,7,-690,-216,37027,125,29,144,0,0,0,0,0,0,0,0,-32307,0,0,0,0,0,100242,0
99121,-2808,8124,-106,-45,20,-1425,12302,5,0,-691,-224,37027,125,29,144,0,0,0,0,0,0,0,0,-32306,0,0,0,0,0,100247,0
99126,-2898,7948,-72,-62,35,-1403,12304,15,1,-692,-232,37028,127,29,144,0,0,0,0,0,0,0,0,-32307,0,0,0,0,0,100253,0
99131,-2924,7740,-10,-80,56,-1387,12306,18,7,-699,-240,37028,127,29,144,0,0,0,0,0,0,0,0,-32307,0,0,0,0,0,100258,0
99136,-2804,7520,-38,-119,100,-1344,12308,8,0,-704,-216,37036,129,29,144,0,0,0,0,0,0,0,0,-32307,0,0,0,0,0,100264,0
99141,-2850,7336,20,-122,117,-1319,12310,17,0,-701,-232,37036,129,29,144,0,0,0,0,0,0,0,0,-32307,0,0,0,0,0,100269,0
99146,-3166,7174,82,-136,126,-1314,12312,8,-2,-706,-224,37040,133,29,144,0,0,0,0,0,0,0,0,-32307,0,0,0,0,0,100275,0
99151,-3328,6938,36,-147,132,-1294,12315,6,-1,-711,-216,37040,133,29,144,0,0,0,0,0,0,0,0,-32306,0,0,0,0,0,100280,0
99156,-3500,6648,-76,-158,145,-1273,12317,11,-1,-714,-224,37039,128,29,144,0,0,0,0,0,0,0,0,-32307,0,0,0,0,0,100286,0
99161,-3518,6512,-120,-166,147,-1263,12320,16,2,-715,-232,37039,128,29,144,0,0,0,0,0,0,0,0,-32307,0,0,0,0,0,100291,0
99166,-3378,6514,-110,-174,143,-1246,12324,18,0,-723,-224,37031,131,29,144,0,0,0,0,0,0,0,0,-32307,0,0,0,0,0,100296,0
99171,-3304,6548,-142,-175,148,-1239,12330,25,6,-740,-224,37031,131,29,144,0,0,0,0,0,0,0,0,-32307,0,0,0,0,0,100302,0
99176,-3170,6708,-32,-186,145,-1225,12338,29,15,-768,-200,37031,129,29,144,0,0,0,0,0,0,0,0,-32307,0,0,0,0,0,100308,0
99181,-3114,6794,-12,-198,150,-1220,12354,77,36,-805,-208,37031,129,29,144,0,0,0,0,0,0,0,0,-32307,0,0,0,0,0,100313,0
99186,-3024,6914,6,-206,152,-1223,12381,117,65,-898,-224,37030,131,29,144,0,0,0,0,0,0,0,0,-32307,0,0,0,0,0,100318,0
99191,-2696,7026,76,-216,169,-1226,12403,94,77,-956,-216,37030,131,29,144,0,0,0,0,0,0,0,0,-32307,0,0,0,0,0,100324,0
99196,-2642,7292,110,-237,196,-1231,12431,126,72,-977,-192,37031,127,29,144,0,0,0,0,0,0,0,0,-32307,0,0,0,0,0,100329,0
99201,-2698,7330,166,-248,222,-1229,12464,152,64,-1039,-200,37031,127,29,144,0,0,0,0,0,0,0,0,-32307,0,0,0,0,0,100335,0
99206,-2788,7416,244,-265,251,-1226,12505,187,59,-1121,-184,37030,122,29,144,0,0,0,0,0,0,0,0,-32307,0,0,0,0,0,100340,0
99211,-2914,7410,308,-266,272,-1218,12556,228,81,-1233,-168,37030,122,29,144,0,0,0,0,0,0,0,0,-32307,0,0,0,0,0,100346,0
99216,-3144,7268,306,-300,304,-1207,12617,270,118,-1353,-192,37031,110,29,144,0,0,0,0,0,0,0,0,-32307,0,0,0,0,0,100351,0
99221,-3200,7202,292,-309,319,-1190,12682,296,129,-1474,-160,37031,110,29,144,0,0,0,0,0,0,0,0,-32308,0,0,0,0,0,100357,0
99226,-3226,7208,288,-312,331,-1192,12756,327,128,-1595,-176,37032,112,29,144,0,0,0,0,0,0,0,0,-32308,0,0,0,0,0,100362,0
99231,-3292,7172,266,-321,351,-1188,12832,332,106,-1720,-176,37032,112,29,144,0,0,0,0,0,0,0,0,-32307,0,0,0,0,0,100367,0
99236,-3206,7182,176,-322,358,-1163,12911,346,88,-1816,-208,37032,108,29,144,0,0,0,0,0,0,0,0,-32306,0,0,0,0,0,100373,0
99241,-3326,7210,194,-320,346,-1148,12986,327,52,-1903,-192,37032,108,29,144,0,0,0,0,0,0,0,0,-32307,0,0,0,0,0,100379,0
99246,-3402,7238,184,-317,347,-1138,13062,332,9,-1517,544,37037,114,29,144,0,0,0,0,0,0,0,0,-32306,0,0,0,0,0,100384,0
99251,-3238,7248,200,-309,324,-1168,13236,823,149,-214,1736,37037,114,29,144,0,0,0,0,0,0,0,0,-32307,0,0,0,0,0,100389,0
99256,-902,7654,0,-283,290,-1384,13526,1326,548,25,2840,37037,120,29,144,0,0,0,0,0,0,0,0,-32306,0,0,0,0,0,100395,0
99261,282,8296,-238,-254,264,-1464,13912,1746,1045,51,3608,37037,120,29,144,0,0,0,0,0,0,0,0,-32306,0,0,0,0,0,100400,0
99266,578,8798,-396,-243,237,-1560,14377,2079,1389,47,4160,37037,120,29,144,0,0,0,0,0,0,0,0,-32307,0,0,0,0,0,100406,0
99271,504,9064,-202,-226,205,-1662,14912,2377,1462,2,4664,37037,120,29,144,0,0,0,0,0,0,0,0,-32307,0,0,0,0,0,100411,0
99276,-304,9034,164,-203,166,-1823,15515,2681,1282,-44,5184,37029,124,29,144,0,0,0,0,0,0,0,0,-32307,0,0,0,0,0,100417,0
99281,-1116,8832,216,-190,133,-1898,16189,2994,1140,-355,528,37029,124,29,144,0,0,0,0,0,0,0,0,-32307,0,0,0,0,0,100422,0
99286,-2264,8568,290,-182,150,-1750,16601,1574,593,-6729,-2040,37036,111,29,144,0,0,0,0,0,0,0,0,-32311,0,0,0,0,0,100428,0
99291,-6654,8544,480,-200,187,-1456,16604,-122,-999,-7937,-2400,37036,111,29,144,0,0,0,0,0,0,0,0,-32308,0,0,0,0,0,100433,0
99296,-12226,4440,1720,-272,114,-648,16485,-531,-2570,-5167,-2264,36987,241,29,144,0,0,0,0,0,0,0,0,-32308,0,0,0,0,0,100438,0
99301,-8480,3620,1118,-247,37,-261,16386,-414,-3138,-4083,184,36987,241,29,144,0,0,0,0,0,0,0,0,-32308,0,0,0,0,0,100444,0
99306,-4746,4500,558,-234,-39,-160,16391,114,-2363,-1643,216,36960,284,29,144,0,0,0,0,0,0,0,0,-32307,0,0,0,0,0,100450,0
99311,-932,6526,412,-250,-85,-364,16560,805,-340,-94,1440,36960,284,29,144,0,0,0,0,0,0,0,0,-32307,0,0,0,0,0,100455,0
99316,1066,9140,-122,-219,-43,-1290,16832,1241,1172,-66,2160,36949,305,29,144,0,0,0,0,0,0,0,0,-32306,0,0,0,0,0,100460,0
99321,214,8850,-518,-164,47,-1644,17196,1633,1711,-95,2872,36949,305,29,144,0,0,0,0,0,0,0,0,-32307,0,0,0,0,0,100466,0
99326,-316,7862,-954,-94,115,-1762,17655,2063,1767,-187,3856,36931,173,29,144,0,0,0,0,0,0,0,0,-32307,0,0,0,0,0,100471,0
99331,-982,7240,-864,-65,85,-1798,18220,2532,1594,-323,5192,36931,173,29,144,0,0,0,0,0,0,0,0,-32307,0,0,0,0,0,100477,0
99336,-3186,7674,42,-58,-70,-1932,18898,3040,1515,-216,5728,36057,84,29,144,0,0,0,0,0,0,0,0,-32306,0,0,0,0,0,100482,0
99341,-3066,8192,256,-31,-103,-2018,19709,3630,1633,-75,6536,36057,84,29,144,0,0,0,0,0,0,0,0,-32307,0,0,0,0,0,100488,0
99346,-2056,8936,266,4,-131,-2110,20628,4088,1752,-342,7608,36058,83,29,144,0,0,0,0,0,0,0,0,-32307,0,0,0,0,0,100493,0
99351,-778,9532,172,1,-151,-2155,21622,4395,1738,-442,8136,36058,83,29,144,0,0,0,0,0,0,0,0,-32307,0,0,0,0,0,100498,0
99356,136,9742,126,-8,-166,-2318,22667,4617,1543,-477,8464,36067,64,29,144,0,0,0,0,0,0,0,0,-32307,0,0,0,0,0,100504,0
99361,-230,9232,100,-16,-144,-2386,23755,4811,1230,-568,8832,36067,64,29,144,0,0,0,0,0,0,0,0,-32307,0,0,0,0,0,100509,0
99366,-908,8754,270,-13,-117,-2449,24902,5067,944,-646,9248,37008,118,29,144,0,0,0,0,0,0,0,0,-32307,0,0,0,0,0,100515,0
99371,-1540,8118,368,-27,-86,-2510,26100,5294,815,-712,9632,37008,118,29,144,0,0,0,0,0,0,0,0,-32307,0,0,0,0,0,100521,0
99376,-2614,7570,590,-50,-99,-2600,27345,5490,784,-789,10000,37069,23,29,144,0,0,0,0,0,0,0,0,-32307,0,0,0,0,0,100526,0
99381,-2624,7792,518,-45,-97,-2646,28647,5754,788,-881,10488,37069,23,29,144,0,0,0,0,0,0,0,0,-32307,0,0,0,0,0,100532,0
99386,-2554,7542,362,-52,-94,-2691,30001,5982,812,-927,10760,37096,-29,29,144,0,0,0,0,0,0,0,0,-32307,0,0,0,0,0,100537,0
99391,-2472,7870,212,-62,-114,-2730,31378,6063,759,-1031,10952,37096,-29,29,144,0,0,0,0,0,0,0,0,-32306,0,0,0,0,0,100543,0
99396,-2376,7944,-30,-48,-140,-2821,32783,6195,662,-1163,11168,37129,-92,29,144,0,0,0,0,0,0,0,0,-32307,0,0,0,0,0,100548,0
99401,-2628,8110,-264,-43,-166,-2843,34207,6265,539,-1210,11168,37129,-92,29,144,0,0,0,0,0,0,0,0,-32307,0,0,0,0,0,100554,0
99406,-2822,7954,-78,-47,-177,-2864,35635,6294,375,-1306,11272,37160,-155,29,144,0,0,0,0,0,0,0,0,-32307,0,0,0,0,0,100559,0
99411,-3558,7940,6,-13,-218,-2901,37094,6433,295,-1385,11392,37160,-155,29,144,0,0,0,0,0,0,0,0,-32307,0,0,0,0,0,100564,0
99416,-3754,7634,114,21,-253,-2935,38575,6519,295,-1463,11496,37192,-221,29,144,0,0,0,0,0,0,0,0,-32307,0,0,0,0,0,100570,0
99421,-3926,7784,122,23,-262,-2955,40057,6532,272,-1628,11656,37192,-221,29,144,0,0,0,0,0,0,0,0,-32307,0,0,0,0,0,100576,0
99426,-3698,7780,236,32,-280,-2973,41556,6611,260,-1689,11896,37228,-288,29,144,0,0,0,0,0,0,0,0,-32307,0,0,0,0,0,100581,0
99431,-3592,7628,204,17,-284,-2984,43061,6612,222,-1710,11720,37228,-288,29,144,0,0,0,0,0,0,0,0,-32307,0,0,0,0,0,100586,0
99436,-3616,7266,440,22,-310,-2995,44563,6618,137,-1824,11736,37263,-345,29,144,0,0,0,0,0,0,0,0,-32307,0,0,0,0,0,100592,0
99441,-3812,7174,314,21,-324,-3012,46083,6691,120,-1856,11576,37263,-345,29,144,0,0,0,0,0,0,0,0,-32308,0,0,0,0,0,100597,0
99446,-3914,7048,520,25,-342,-3023,47585,6597,80,-2020,11504,37296,-401,29,144,0,0,0,0,0,0,0,0,-32308,0,0,0,0,0,100603,0
99451,-4230,6940,508,53,-343,-3029,49080,6574,-3,-2183,11504,37296,-401,29,144,0,0,0,0,0,0,0,0,-32307,0,0,0,0,0,100608,0
99456,-4462,6390,396,54,-401,-3015,50568,6542,-50,-2180,11272,37327,-454,29,144,0,0,0,0,0,0,0,0,-32308,0,0,0,0,0,100614,0
99461,-4518,6264,322,61,-408,-3005,52041,6477,-117,-2279,11208,37327,-454,29,144,0,0,0,0,0,0,0,0,-32307,0,0,0,0,0,100619,0
99466,-4602,5996,372,87,-435,-3000,53523,6525,-134,-2379,11208,37356,-511,29,144,0,0,0,0,0,0,0,0,-32306,0,0,0,0,0,100625,0
99471,-4538,5960,370,104,-454,-2971,55003,6517,-62,-2424,11032,37356,-511,29,144,0,0,0,0,0,0,0,0,-32306,0,0,0,0,0,100630,0
99476,-4034,5766,542,83,-479,-2880,56465,6429,-59,-2557,10880,37387,-565,29,144,0,0,0,0,0,0,0,0,-32306,0,0,0,0,0,100635,0
99481,-3736,5602,626,110,-506,-2836,57919,6388,-78,-2625,10880,37387,-565,29,144,0,0,0,0,0,0,0,0,-32307,0,0,0,0,0,100641,0
99486,-3688,5852,748,100,-534,-2789,59349,6269,-137,-2669,10440,37411,-591,29,144,0,0,0,0,0,0,0,0,-32308,0,0,0,0,0,100647,0
99491,-3634,6076,828,79,-555,-2721,60745,6126,-260,-2783,9912,37411,-591,29,144,0,0,0,0,0,0,0,0,-32308,0,0,0,0,0,100652,0
99496,-3672,5938,876,36,-596,-2535,62117,6037,-334,-2816,9752,37432,-627,29,144,0,0,0,0,0,0,0,0,-32307,0,0,0,0,0,100657,0
99501,-3366,5994,962,56,-605,-2422,63445,5817,-408,-2917,9176,37432,-627,29,144,0,0,0,0,0,0,0,0,-32306,0,0,0,0,0,100663,0
99506,-3622,6224,1074,38,-608,-2289,64716,5564,-531,-3076,8672,37446,-647,29,144,0,0,0,0,0,0,0,0,-32308,0,0,0,0,0,100668,0
99511,-3724,6076,1124,47,-614,-2158,65940,5369,-629,-3151,8256,37446,-647,29,144,0,0,0,0,0,0,0,0,-32306,0,0,0,0,0,100674,0
99516,-4182,6200,1136,-13,-611,-1870,67108,5103,-728,-3138,7512,37450,-639,29,144,0,0,0,0,0,0,0,0,-32307,0,0,0,0,0,100679,0
99521,-4436,6354,1154,-34,-601,-1737,68211,4824,-825,-3274,6960,37450,-639,29,144,0,0,0,0,0,0,0,0,-32306,0,0,0,0,0,100685,0
99526,-4806,6456,1130,-41,-577,-1600,69268,4623,-842,-3306,6592,37445,-621,29,144,0,0,0,0,0,0,0,0,-32308,0,0,0,0,0,100690,0
99531,-5076,6354,1082,-52,-561,-1480,70281,4435,-819,-3325,6064,37445,-621,29,144,0,0,0,0,0,0,0,0,-32306,0,0,0,0,0,100696,0
99536,-5892,6546,888,-95,-526,-1289,71246,4219,-789,-3400,5664,37428,-579,29,144,0,0,0,0,0,0,0,0,-32307,0,0,0,0,0,100701,0
99541,-6180,6472,924,-108,-538,-1202,72157,3990,-745,-3513,5176,37428,-579,29,144,0,0,0,0,0,0,0,0,-32307,0,0,0,0,0,100706,0
99546,-6468,6324,798,-128,-521,-1118,73027,3804,-723,-3510,4872,37404,-530,29,144,0,0,0,0,0,0,0,0,-32308,0,0,0,0,0,100712,0
99551,-6860,6246,842,-136,-534,-1027,73865,3666,-703,-3537,4592,37404,-530,29,144,0,0,0,0,0,0,0,0,-32309,0,0,0,0,0,100718,0
99556,-7074,6172,794,-138,-557,-844,74669,3520,-639,-3592,4368,37379,-477,29,144,0,0,0,0,0,0,0,0,-32308,0,0,0,0,0,100723,0
99561,-7034,6178,630,-144,-576,-757,75435,3354,-573,-3616,3912,37379,-477,29,144,0,0,0,0,0,0,0,0,-32308,0,0,0,0,0,100728,0
99566,-6916,6134,652,-123,-593,-659,76156,3151,-559,-3652,3408,37362,-425,29,144,0,0,0,0,0,0,0,0,-32309,0,0,0,0,0,100734,0
99571,-6806,6176,708,-117,-615,-556,76832,2955,-589,-3713,2904,37362,-425,29,144,0,0,0,0,0,0,0,0,-32308,0,0,0,0,0,100739,0
99576,-6470,6184,786,-106,-644,-315,77461,2748,-644,-3726,2536,37338,-377,29,144,0,0,0,0,0,0,0,0,-32307,0,0,0,0,0,100745,0
99581,-6248,5994,734,-105,-637,-188,78043,2526,-690,-3740,1912,37338,-377,29,144,0,0,0,0,0,0,0,0,-32305,0,0,0,0,0,100750,0
99586,-6054,6006,902,-102,-624,-41,78564,2269,-736,-3783,1360,37307,-310,29,144,0,0,0,0,0,0,0,0,-32307,0,0,0,0,0,100756,0
99591,-5964,5994,824,-91,-619,110,79020,1981,-799,-3816,792,37307,-310,29,144,0,0,0,0,0,0,0,0,-32308,0,0,0,0,0,100761,0
99596,-5730,6006,946,-96,-592,441,79404,1668,-889,-3881,304,37265,-232,29,144,0,0,0,0,0,0,0,0,-32306,0,0,0,0,0,100766,0
99601,-5814,5952,952,-97,-570,612,79711,1305,-990,-4035,224,37265,-232,29,144,0,0,0,0,0,0,0,0,-32308,0,0,0,0,0,100772,0
99606,-5996,5848,984,-95,-546,789,79892,997,-1106,-4141,-56,37215,-131,29,144,0,0,0,0,0,0,0,0,-32308,0,0,0,0,0,100777,0
99611,-6116,5666,998,-89,-523,981,80045,638,-1192,-4102,-376,37215,-131,29,144,0,0,0,0,0,0,0,0,-32305,0,0,0,0,0,100783,0
99616,-6276,5702,1110,-81,-477,1337,80127,334,-1228,-4012,-976,37154,-13,29,144,0,0,0,0,0,0,0,0,-32305,0,0,0,0,0,100788,0
99621,-6320,5872,1168,-85,-467,1497,80148,70,-1180,-3825,-1472,37154,-13,29,144,0,0,0,0,0,0,0,0,-32305,0,0,0,0,0,100794,0
99626,-6344,6070,1294,-78,-464,1628,80129,-89,-1034,-3771,-1616,37091,118,29,144,0,0,0,0,0,0,0,0,-32305,0,0,0,0,0,100799,0
99631,-6140,6320,1294,-64,-455,1715,80100,-127,-788,-3832,-1608,37091,118,29,144,0,0,0,0,0,0,0,0,-32305,0,0,0,0,0,100805,0
99636,-5946,6746,1312,-65,-439,1782,80059,-187,-527,-3843,-1704,37036,213,29,144,0,0,0,0,0,0,0,0,-32305,0,0,0,0,0,100810,0
99641,-6006,6614,1310,-63,-422,1802,80009,-221,-319,-3795,-1912,37036,213,29,144,0,0,0,0,0,0,0,0,-32305,0,0,0,0,0,100815,0
99646,-5848,6394,1254,-57,-399,1830,79947,-281,-192,-3813,-1920,36998,280,29,144,0,0,0,0,0,0,0,0,-32306,0,0,0,0,0,100821,0
99651,-5852,6182,1284,-54,-388,1881,79865,-361,-184,-3797,-2224,36998,280,29,144,0,0,0,0,0,0,0,0,-32306,0,0,0,0,0,100826,0
99656,-5520,6072,1158,-47,-381,2036,79770,-429,-209,-3807,-2344,36970,302,29,144,0,0,0,0,0,0,0,0,-32308,0,0,0,0,0,100832,0
99661,-5288,6204,1212,-41,-389,2125,79660,-488,-228,-3822,-2440,36970,302,29,144,0,0,0,0,0,0,0,0,-32309,0,0,0,0,0,100837,0
99666,-5078,6314,1256,-41,-395,2224,79534,-562,-238,-3838,-2664,36951,336,29,144,0,0,0,0,0,0,0,0,-32308,0,0,0,0,0,100843,0
99671,-4708,6440,1222,-33,-393,2340,79382,-677,-260,-3790,-3048,36951,336,29,144,0,0,0,0,0,0,0,0,-32305,0,0,0,0,0,100848,0
99676,-4586,6580,1250,-30,-400,2580,79192,-841,-333,-3817,-3160,36927,378,29,144,0,0,0,0,0,0,0,0,-32305,0,0,0,0,0,100854,0
99681,-4388,6626,1222,-18,-415,2706,78972,-993,-402,-3741,-3608,36927,378,29,144,0,0,0,0,0,0,0,0,-32307,0,0,0,0,0,100859,0
99686,-4298,6564,1176,-26,-417,2853,78714,-1151,-485,-3766,-3960,36902,427,29,144,0,0,0,0,0,0,0,0,-32308,0,0,0,0,0,100865,0
99691,-4140,6382,1210,-17,-430,3003,78417,-1320,-542,-3753,-4176,36902,427,29,144,0,0,0,0,0,0,0,0,-32305,0,0,0,0,0,100870,0
99696,-3864,6326,1210,4,-479,3332,78082,-1489,-561,-3756,-4632,36868,483,29,144,0,0,0,0,0,0,0,0,-32308,0,0,0,0,0,100876,0
99701,-3634,6392,1158,15,-500,3511,77706,-1675,-588,-3709,-5024,36868,483,29,144,0,0,0,0,0,0,0,0,-32306,0,0,0,0,0,100881,0
99706,-3504,6582,1124,18,-517,3676,77284,-1871,-615,-3691,-5392,36832,542,29,144,0,0,0,0,0,0,0,0,-32308,0,0,0,0,0,100886,0
99711,-3214,6486,1090,22,-540,3848,76818,-2075,-647,-3655,-6008,36832,542,29,144,0,0,0,0,0,0,0,0,-32305,0,0,0,0,0,100892,0
99716,-3206,6714,1170,30,-574,4205,76300,-2293,-683,-3590,-6400,36793,617,29,144,0,0,0,0,0,0,0,0,-32309,0,0,0,0,0,100897,0
99721,-2870,6530,1026,41,-595,4398,75731,-2532,-730,-3555,-6944,36793,617,29,144,0,0,0,0,0,0,0,0,-32307,0,0,0,0,0,100903,0
99726,-2700,6498,1030,50,-607,4595,75100,-2805,-781,-3508,-7352,36750,692,29,144,0,0,0,0,0,0,0,0,-32305,0,0,0,0,0,100908,0
99731,-2478,6486,950,54,-621,4805,74406,-3091,-850,-3488,-8048,36750,692,29,144,0,0,0,0,0,0,0,0,-32305,0,0,0,0,0,100914,0
99736,-1730,6520,870,73,-650,5300,73643,-3385,-931,-3442,-8688,36704,781,29,144,0,0,0,0,0,0,0,0,-32305,0,0,0,0,0,100919,0
99741,-1366,6496,952,71,-671,5535,72813,-3679,-988,-3378,-9216,36704,781,29,144,0,0,0,0,0,0,0,0,-32305,0,0,0,0,0,100924,0
99746,-976,6554,732,72,-668,5798,71912,-3993,-1026,-3340,-9944,36657,866,29,144,0,0,0,0,0,0,0,0,-32305,0,0,0,0,0,100930,0
99751,-724,6544,898,84,-674,6088,70933,-4336,-1068,-3271,-10728,36657,866,29,144,0,0,0,0,0,0,0,0,-32306,0,0,0,0,0,100935,0
99756,278,7120,776,112,-689,6735,69866,-4730,-1137,-3192,-11560,36603,966,29,144,0,0,0,0,0,0,0,0,-32308,0,0,0,0,0,100940,0
99761,974,7142,682,109,-706,7087,68714,-5102,-1217,-3163,-12392,36603,966,29,144,0,0,0,0,0,0,0,0,-32305,0,0,0,0,0,100946,0
99766,1044,6786,-134,170,-680,7344,67483,-5458,-1266,-3054,-13128,36554,1056,29,144,0,0,0,0,0,0,0,0,-32308,0,0,0,0,0,100951,0
99771,680,8186,926,95,-693,7498,66156,-5881,-1310,-2962,-13992,36554,1056,29,144,0,0,0,0,0,0,0,0,-32306,0,0,0,0,0,100957,0
99776,300,7518,478,133,-652,8116,64724,-6336,-1374,-2913,-14688,36503,1164,29,144,0,0,0,0,0,0,0,0,-32305,0,0,0,0,0,100962,0
99781,554,7656,686,133,-642,8390,63210,-6694,-1407,-2795,-15560,36503,1164,29,144,0,0,0,0,0,0,0,0,-32306,0,0,0,0,0,100968,0
99786,198,7988,576,123,-617,8644,61596,-7150,-1445,-2673,-16352,36458,1243,29,144,0,0,0,0,0,0,0,0,-32306,0,0,0,0,0,100973,0
99791,-150,7574,836,109,-607,8906,59907,-7453,-1412,-2635,-17104,36458,1243,29,144,0,0,0,0,0,0,0,0,-32305,0,0,0,0,0,100978,0
99796,784,8310,596,142,-605,9488,58151,-7759,-1308,-2476,-17560,36420,1297,29,144,0,0,0,0,0,0,0,0,-32306,0,0,0,0,0,100984,0
99801,1022,8674,404,149,-578,9663,56309,-8145,-1236,-2433,-18392,36420,1297,29,144,0,0,0,0,0,0,0,0,-32308,0,0,0,0,0,100989,0
99806,1022,8750,642,151,-560,9845,54398,-8443,-1188,-2244,-19072,36390,1341,30,144,0,0,0,0,0,0,0,0,-32307,0,0,0,0,0,100995,0
99811,108,9128,528,138,-518,10040,52413,-8765,-1142,-2129,-19520,36390,1341,30,144,0,0,0,0,0,0,0,0,-32307,0,0,0,0,0,101000,0
99816,468,9240,600,126,-472,10454,50398,-8877,-1060,-1996,-19648,36385,1332,29,144,0,0,0,0,0,0,0,0,-32306,0,0,0,0,0,101006,0
99821,594,9526,466,126,-462,10588,48326,-9148,-920,-1852,-20192,36385,1332,29,144,0,0,0,0,0,0,0,0,-32307,0,0,0,0,0,101011,0
99826,666,9522,396,113,-468,10692,46212,-9313,-787,-1743,-20672,36401,1280,29,144,0,0,0,0,0,0,0,0,-32306,0,0,0,0,0,101017,0
99831,792,10016,308,166,-448,10806,44036,-9594,-758,-1598,-20968,36401,1280,29,144,0,0,0,0,0,0,0,0,-32306,0,0,0,0,0,101023,0
99836,234,10220,554,126,-403,11024,41844,-9657,-695,-1479,-21088,36434,1187,29,144,0,0,0,0,0,0,0,0,-32307,0,0,0,0,0,101028,0
99841,544,10536,544,99,-383,11094,39611,-9838,-660,-1381,-21312,36434,1187,29,144,0,0,0,0,0,0,0,0,-32307,0,0,0,0,0,101034,0
99846,478,10680,480,98,-362,11147,37350,-9970,-563,-1212,-21552,36477,1074,29,144,0,0,0,0,0,0,0,0,-32307,0,0,0,0,0,101039,0
99851,868,10870,410,103,-325,11182,35070,-10032,-472,-1111,-21512,36477,1074,29,144,0,0,0,0,0,0,0,0,-32307,0,0,0,0,0,101044,0
99856,228,10880,540,109,-346,11217,32785,-10069,-376,-960,-21344,36531,956,29,144,0,0,0,0,0,0,0,0,-32307,0,0,0,0,0,101050,0
99861,412,11176,460,64,-336,11222,30494,-10066,-271,-868,-21184,36531,956,29,144,0,0,0,0,0,0,0,0,-32307,0,0,0,0,0,101056,0
99866,552,11188,302,66,-331,11219,28180,-10199,-206,-695,-21352,36595,825,29,144,0,0,0,0,0,0,0,0,-32307,0,0,0,0,0,101061,0
99871,804,11208,452,87,-324,11172,25887,-10064,-92,-595,-20896,36595,825,29,144,0,0,0,0,0,0,0,0,-32307,0,0,0,0,0,101066,0
99876,490,11200,478,38,-317,11094,23589,-10106,-75,-439,-20800,36669,673,29,144,0,0,0,0,0,0,0,0,-32307,0,0,0,0,0,101072,0
99881,732,11098,454,62,-290,11031,21312,-10018,55,-291,-20600,36669,673,29,144,0,0,0,0,0,0,0,0,-32307,0,0,0,0,0,101077,0
99886,756,11326,274,99,-287,10951,19050,-9935,122,-161,-20152,36744,522,29,144,0,0,0,0,0,0,0,0,-32307,0,0,0,0,0,101083,0
99891,860,11220,328,56,-276,10861,16834,-9738,274,-47,-19600,36744,522,29,144,0,0,0,0,0,0,0,0,-32307,0,0,0,0,0,101088,0
99896,838,11222,188,80,-262,10645,14648,-9598,370,68,-19144,36818,368,29,144,0,0,0,0,0,0,0,0,-32306,0,0,0,0,0,101094,0
99901,4808,11468,602,146,-399,9854,12499,-9449,477,216,-18616,36818,368,29,144,0,0,0,0,0,0,0,0,-32307,0,0,0,0,0,101099,0
99906,32511,12348,902,116,-128,6665,10504,-8645,805,-2,-15240,36883,248,29,144,0,0,0,0,0,0,0,0,-32306,0,0,0,0,0,101104,0
99911,29812,8112,232,233,31,5526,9058,-6058,2668,-390,-7816,36883,248,29,144,0,0,0,0,0,0,0,0,-32307,0,0,0,0,0,101110,0
99916,-12440,13074,-422,261,530,4133,8547,-1774,5223,-137,3968,36905,228,29,144,0,0,0,0,0,0,0,0,-32307,0,0,0,0,0,101116,0
99921,-19978,6718,-1602,432,508,4491,9180,3265,8825,1352,8872,36905,228,29,144,0,0,0,0,0,0,0,0,-32307,0,0,0,0,0,101122,0
99926,-7284,8532,1782,188,434,4921,10407,5531,11408,-2167,6376,36937,173,29,144,0,0,0,0,0,0,0,0,-32308,0,0,0,0,0,101128,0
99931,3898,9220,-880,187,415,4442,11521,4762,10821,-5216,7832,36937,173,29,144,0,0,0,0,0,0,0,0,-32308,0,0,0,0,0,101133,0
99936,-6440,10932,-2120,244,595,2908,12521,4396,7196,-1527,8104,37052,-49,29,144,0,0,0,0,0,0,0,0,-32307,0,0,0,0,0,101138,0
99941,-8626,7046,-1580,351,403,3368,13493,4262,3123,-238,7960,37052,-49,29,144,0,0,0,0,0,0,0,0,-32307,0,0,0,0,0,101144,0
99946,-7160,7516,-1204,333,50,3321,14410,4005,-219,-1556,664,37096,-115,29,144,0,0,0,0,0,0,0,0,-32307,0,0,0,0,0,101149,0
99951,-2364,5646,-2904,467,-130,3059,14847,1604,-1770,-7406,-2456,37096,-115,29,144,0,0,0,0,0,0,0,0,-32308,0,0,0,0,0,101155,0
99956,-5130,7830,-362,363,-164,2427,14696,-869,-3309,-6226,-3832,37123,-127,29,144,0,0,0,0,0,0,0,0,-32308,0,0,0,0,0,101160,0
99961,-6492,8334,86,417,-285,2620,14325,-1681,-5041,-2079,-3608,37123,-127,29,144,0,0,0,0,0,0,0,0,-32306,0,0,0,0,0,101166,0
99966,-5296,8408,968,460,-353,2832,13925,-1762,-5435,-336,-3200,36995,181,29,144,0,0,0,0,0,0,0,0,-32306,0,0,0,0,0,101171,0
99971,-3784,7996,852,464,-371,3079,13533,-1712,-4169,-82,-2792,36995,181,29,144,0,0,0,0,0,0,0,0,-32307,0,0,0,0,0,101177,0
99976,-636,7282,-410,534,-281,2926,13160,-1637,-1837,8,-2456,36991,189,30,144,0,0,0,0,0,0,0,0,-32307,0,0,0,0,0,101182,0
99981,1944,7146,348,511,-231,2226,12811,-1517,-283,51,-2040,36991,189,30,144,0,0,0,0,0,0,0,0,-32307,0,0,0,0,0,101187,0
99986,3390,9756,-10,555,-212,1710,12503,-1331,241,71,-1496,36938,201,29,144,0,0,0,0,0,0,0,0,-32306,0,0,0,0,0,101193,0
99991,370,6938,828,548,-188,1710,12250,-1075,431,87,-736,36938,201,29,144,0,0,0,0,0,0,0,0,-32307,0,0,0,0,0,101199,0
99996,-2252,9544,690,629,-337,1714,12098,-622,674,328,80,36971,142,29,144,0,0,0,0,0,0,0,0,-32307,0,0,0,0,0,101204,0
100001,1206,6788,-30,593,-425,1623,12107,117,1087,649,344,36971,142,29,144,0,0,0,0,0,0,0,0,-32307,0,0,0,0,0,101209,0
100006,1134,9900,654,571,-439,1294,12201,444,1481,123,616,36970,142,29,144,0,0,0,0,0,0,0,0,-32307,0,0,0,0,0,101215,0
100011,2352,7548,346,601,-451,1445,12345,652,1611,146,1104,36970,142,29,144,0,0,0,0,0,0,0,0,-32307,0,0,0,0,0,101220,0
100016,-364,7998,362,680,-326,1213,12517,771,1391,149,1216,37014,120,29,144,0,0,0,0,0,0,0,0,-32307,0,0,0,0,0,101225,0
100021,-908,8634,1232,617,-338,1149,12699,797,945,139,1168,37014,120,29,144,0,0,0,0,0,0,0,0,-32306,0,0,0,0,0,101231,0
100026,486,7896,622,628,-326,1196,12881,799,476,103,1112,37016,118,29,144,0,0,0,0,0,0,0,0,-32307,0,0,0,0,0,101236,0
100031,692,6946,22,661,-306,1049,13058,773,226,96,936,37016,118,29,144,0,0,0,0,0,0,0,0,-32307,0,0,0,0,0,101242,0
100036,360,7596,84,660,-245,869,13224,727,41,85,776,37016,122,29,144,0,0,0,0,0,0,0,0,-32307,0,0,0,0,0,101247,0
100041,308,7280,308,661,-219,834,13380,676,-70,68,592,37016,122,29,144,0,0,0,0,0,0,0,0,-32307,0,0,0,0,0,101253,0
100046,396,6954,504,638,-192,763,13520,606,-128,61,416,37017,128,29,144,0,0,0,0,0,0,0,0,-32307,0,0,0,0,0,101258,0
100051,592,6790,390,655,-158,648,13643,530,-185,25,256,37017,128,29,144,0,0,0,0,0,0,0,0,-32307,0,0,0,0,0,101264,0
100056,834,7000,246,670,-83,498,13745,440,-227,-19,160,37017,128,29,144,0,0,0,0,0,0,0,0,-32307,0,0,0,0,0,101269,0
100061,880,7012,306,658,-38,448,13828,356,-266,-30,120,37017,128,29,144,0,0,0,0,0,0,0,0,-32307,0,0,0,0,0,101274,0
100066,766,6872,676,634,-4,361,13887,256,-294,-14,72,37018,123,29,144,0,0,0,0,0,0,0,0,-32307,0,0,0,0,0,101280,0
100071,812,6654,86,583,-136,387,13930,174,-310,-20,56,37018,123,29,144,0,0,0,0,0,0,0,0,-32306,0,0,0,0,0,101286,0
100076,972,7096,270,638,136,184,13957,114,-304,1,32,37022,123,29,144,0,0,0,0,0,0,0,0,-32307,0,0,0,0,0,101291,0
100081,1052,7088,142,664,134,125,13968,34,-281,26,0,37022,123,29,144,0,0,0,0,0,0,0,0,-32306,0,0,0,0,0,101296,0
100086,1014,7140,380,649,161,73,13964,-20,-260,27,-16,37029,135,29,144,0,0,0,0,0,0,0,0,-32307,0,0,0,0,0,101302,0
100091,1106,7180,348,645,169,40,13961,-16,-214,20,0,37029,135,29,144,0,0,0,0,0,0,0,0,-32307,0,0,0,0,0,101308,0
100096,1036,7202,408,653,200,47,13962,0,-144,19,8,37026,141,29,144,0,0,0,0,0,0,0,0,-32307,0,0,0,0,0,101313,0
100101,996,7184,374,653,222,92,13966,16,-61,18,16,37026,141,29,144,0,0,0,0,0,0,0,0,-32307,0,0,0,0,0,101318,0
100106,998,7222,374,655,242,160,13972,35,15,17,16,37025,135,29,144,0,0,0,0,0,0,0,0,-32307,0,0,0,0,0,101324,0
100111,1190,7236,352,652,258,246,13989,88,62,14,48,37025,135,29,144,0,0,0,0,0,0,0,0,-32307,0,0,0,0,0,101329,0
100116,2280,7292,464,653,289,330,14022,158,100,12,64,37022,124,29,144,0,0,0,0,0,0,0,0,-32307,0,0,0,0,0,101335,0
100121,2738,7450,524,659,317,325,14065,182,138,20,88,37022,124,29,144,0,0,0,0,0,0,0,0,-32307,0,0,0,0,0,101340,0
100126,2952,7638,560,658,350,284,14113,215,162,19,88,37027,123,29,144,0,0,0,0,0,0,0,0,-32307,0,0,0,0,0,101346,0
100131,2974,7682,526,660,372,231,14164,230,145,16,88,37027,123,29,144,0,0,0,0,0,0,0,0,-32307,0,0,0,0,0,101351,0
100136,2662,7548,448,653,423,129,14219,248,100,5,120,37031,130,29,144,0,0,0,0,0,0,0,0,-32307,0,0,0,0,0,101357,0
100141,2420,7342,372,649,431,103,14279,261,67,4,128,37031,130,29,144,0,0,0,0,0,0,0,0,-32307,0,0,0,0,0,101362,0
100146,2244,7172,384,640,431,105,14347,298,67,3,152,37028,125,29,144,0,0,0,0,0,0,0,0,-32307,0,0,0,0,0,101367,0
100151,2140,7060,396,643,439,106,14420,330,78,4,160,37028,125,29,144,0,0,0,0,0,0,0,0,-32307,0,0,0,0,0,101373,0
100156,2170,7112,420,635,460,112,14499,350,90,-1,184,37026,125,29,144,0,0,0,0,0,0,0,0,-32307,0,0,0,0,0,101378,0
100161,2282,7192,434,638,458,104,14584,373,88,-9,176,37026,125,29,144,0,0,0,0,0,0,0,0,-32307,0,0,0,0,0,101384,0
100166,2334,7270,466,637,464,79,14667,377,83,-18,176,37022,121,29,144,0,0,0,0,0,0,0,0,-32306,0,0,0,0,0,101390,0
100171,2326,7324,426,638,463,50,14754,383,63,-24,160,37022,121,29,144,0,0,0,0,0,0,0,0,-32306,0,0,0,0,0,101395,0
100176,2302,7440,438,631,456,-33,14838,366,30,-29,144,37022,120,29,144,0,0,0,0,0,0,0,0,-32307,0,0,0,0,0,101400,0
100181,2276,7490,442,631,457,-67,14918,349,2,-42,144,37022,120,29,144,0,0,0,0,0,0,0,0,-32306,0,0,0,0,0,101406,0
100186,2238,7458,434,630,448,-88,14996,336,-19,-49,136,37027,131,29,144,0,0,0,0,0,0,0,0,-32306,0,0,0,0,0,101412,0
100191,2208,7500,470,630,433,-101,15075,352,-33,-51,144,37027,131,29,144,0,0,0,0,0,0,0,0,-32308,0,0,0,0,0,101417,0
100196,2360,7640,470,628,403,-116,15161,385,-12,-47,168,37028,126,29,144,0,0,0,0,0,0,0,0,-32307,0,0,0,0,0,101423,0
100201,2456,7690,500,638,382,-126,15254,403,30,-43,168,37028,126,29,144,0,0,0,0,0,0,0,0,-32307,0,0,0,0,0,101428,0
100206,2510,7774,522,636,353,-137,15348,420,59,-52,184,37028,125,29,144,0,0,0,0,0,0,0,0,-32307,0,0,0,0,0,101434,0
100211,2540,7760,538,641,326,-159,15440,414,67,-64,168,37028,125,29,144,0,0,0,0,0,0,0,0,-32307,0,0,0,0,0,101439,0
100216,2642,7698,562,641,269,-191,15541,433,46,-75,192,37029,123,29,144,0,0,0,0,0,0,0,0,-32307,0,0,0,0,0,101444,0
100221,2660,7606,590,636,232,-201,15643,457,40,-76,224,37029,123,29,144,0,0,0,0,0,0,0,0,-32307,0,0,0,0,0,101450,0
100226,2700,7538,604,635,201,-209,15748,465,49,-77,208,37027,124,29,144,0,0,0,0,0,0,0,0,-32307,0,0,0,0,0,101455,0
100231,2796,7514,650,633,173,-224,15854,463,44,-86,192,37027,124,29,144,0,0,0,0,0,0,0,0,-32306,0,0,0,0,0,101461,0
100236,2748,7460,662,621,114,-245,15967,491,47,-93,224,37028,120,29,144,0,0,0,0,0,0,0,0,-32307,0,0,0,0,0,101466,0
100241,2818,7450,676,605,94,-255,16081,512,52,-88,224,37028,120,29,144,0,0,0,0,0,0,0,0,-32307,0,0,0,0,0,101471,0
100246,2798,7438,688,601,60,-272,16199,516,53,-94,200,37027,120,29,144,0,0,0,0,0,0,0,0,-32307,0,0,0,0,0,101477,0
100251,2822,7410,664,589,35,-289,16317,512,40,-118,200,37027,120,29,144,0,0,0,0,0,0,0,0,-32306,0,0,0,0,0,101483,0
100256,2770,7412,658,566,-13,-321,16432,505,29,-136,192,37026,117,29,144,0,0,0,0,0,0,0,0,-32307,0,0,0,0,0,101488,0
100261,2766,7452,690,547,-36,-327,16547,507,9,-140,184,37026,117,29,144,0,0,0,0,0,0,0,0,-32306,0,0,0,0,0,101493,0
100266,2750,7432,702,533,-66,-342,16660,495,-15,-146,176,37028,119,29,144,0,0,0,0,0,0,0,0,-32307,0,0,0,0,0,101499,0
100271,2808,7420,710,520,-87,-349,16770,476,-23,-156,152,37028,119,29,144,0,0,0,0,0,0,0,0,-32306,0,0,0,0,0,101504,0
100276,2744,7410,704,489,-133,-365,16877,467,-29,-165,128,37028,115,29,144,0,0,0,0,0,0,0,0,-32306,0,0,0,0,0,101510,0
100281,2840,7446,692,476,-157,-370,16982,461,-38,-168,144,37028,115,29,144,0,0,0,0,0,0,0,0,-32307,0,0,0,0,0,101515,0
100286,2876,7436,690,454,-184,-377,17084,447,-38,-175,136,37028,120,29,144,0,0,0,0,0,0,0,0,-32307,0,0,0,0,0,101521,0
100291,2904,7470,714,445,-201,-392,17181,430,-44,-188,120,37028,120,29,144,0,0,0,0,0,0,0,0,-32306,0,0,0,0,0,101526,0
100296,2888,7446,710,412,-241,-404,17274,408,-45,-184,104,37030,119,29,144,0,0,0,0,0,0,0,0,-32307,0,0,0,0,0,101531,0
100301,2818,7344,710,395,-266,-407,17365,391,-55,-187,104,37030,119,29,144,0,0,0,0,0,0,0,0,-32307,0,0,0,0,0,101537,0
100306,3010,7356,672,376,-280,-414,17456,396,-50,-190,112,37029,120,29,144,0,0,0,0,0,0,0,0,-32307,0,0,0,0,0,101542,0
100311,3048,7468,672,356,-288,-417,17547,394,-34,-187,88,37029,120,29,144,0,0,0,0,0,0,0,0,-32306,0,0,0,0,0,101548,0
100316,3024,7500,658,325,-332,-427,17632,375,-24,-199,80,37028,116,29,144,0,0,0,0,0,0,0,0,-32307,0,0,0,0,0,101553,0
100321,3010,7530,586,317,-350,-428,17713,356,-29,-205,72,37028,116,29,144,0,0,0,0,0,0,0,0,-32307,0,0,0,0,0,101559,0
100326,3014,7526,564,298,-373,-430,17793,346,-44,-212,64,37027,115,29,144,0,0,0,0,0,0,0,0,-32307,0,0,0,0,0,101564,0
100331,3040,7466,552,293,-386,-426,17871,349,-44,-213,88,37027,115,29,144,0,0,0,0,0,0,0,0,-32307,0,0,0,0,0,101570,0
100336,3198,7512,510,257,-421,-426,17949,337,-35,-210,56,37028,113,29,144,0,0,0,0,0,0,0,0,-32307,0,0,0,0,0,101575,0
100341,3196,7524,520,250,-434,-430,18022,313,-31,-221,48,37028,113,29,144,0,0,0,0,0,0,0,0,-32307,0,0,0,0,0,101580,0
100346,3192,7544,522,231,-449,-431,18091,299,-31,-229,56,37027,114,29,144,0,0,0,0,0,0,0,0,-32307,0,0,0,0,0,101586,0
100351,3134,7506,498,220,-459,-435,18151,266,-51,-240,24,37027,114,29,144,0,0,0,0,0,0,0,0,-32307,0,0,0,0,0,101592,0
100356,3116,7474,478,193,-481,-416,18213,267,-68,-238,24,37031,115,29,144,0,0,0,0,0,0,0,0,-32307,0,0,0,0,0,101597,0
100361,3186,7514,440,185,-489,-414,18274,269,-57,-227,24,37031,115,29,144,0,0,0,0,0,0,0,0,-32307,0,0,0,0,0,101603,0
100366,3282,7522,448,172,-491,-420,18335,271,-30,-238,48,37043,117,29,144,0,0,0,0,0,0,0,0,-32307,0,0,0,0,0,101608,0
100371,3256,7554,432,162,-491,-423,18392,251,-15,-244,24,37043,117,29,144,0,0,0,0,0,0,0,0,-32306,0,0,0,0,0,101613,0
100376,3138,7564,418,150,-493,-423,18445,231,-21,-252,16,37057,118,30,144,0,0,0,0,0,0,0,0,-32307,0,0,0,0,0,101619,0
100381,3076,7490,414,137,-490,-418,18492,212,-41,-254,16,37057,118,30,144,0,0,0,0,0,0,0,0,-32306,0,0,0,0,0,101625,0
100386,3136,7456,408,129,-477,-399,18533,183,-63,-250,-16,37059,106,29,144,0,0,0,0,0,0,0,0,-32307,0,0,0,0,0,101630,0
100391,3202,7486,374,118,-476,-387,18572,174,-76,-252,-8,37059,106,29,144,0,0,0,0,0,0,0,0,-32307,0,0,0,0,0,101635,0
100396,3272,7544,394,111,-438,-370,18609,163,-68,-254,0,37046,104,29,144,0,0,0,0,0,0,0,0,-32307,0,0,0,0,0,101641,0
100401,3344,7580,380,98,-426,-374,18644,164,-51,-254,-24,37046,104,29,144,0,0,0,0,0,0,0,0,-32307,0,0,0,0,0,101646,0
100406,3336,7582,340,103,-410,-380,18675,132,-50,-255,-24,37031,102,29,144,0,0,0,0,0,0,0,0,-32306,0,0,0,0,0,101652,0
100411,3318,7568,360,96,-389,-377,18701,119,-39,-259,-40,37031,102,29,144,0,0,0,0,0,0,0,0,-32307,0,0,0,0,0,101657,0
100416,3252,7552,308,88,-368,-367,18724,96,-52,-258,-40,37028,108,29,144,0,0,0,0,0,0,0,0,-32307,0,0,0,0,0,101663,0
100421,3312,7540,328,79,-348,-359,18752,126,-49,-262,-24,37028,108,29,144,0,0,0,0,0,0,0,0,-32307,0,0,0,0,0,101668,0
100426,3366,7544,316,75,-330,-358,18776,105,-27,-257,-32,37025,111,29,144,0,0,0,0,0,0,0,0,-32307,0,0,0,0,0,101674,0
100431,3352,7548,312,74,-318,-359,18801,103,-14,-261,-32,37025,111,29,144,0,0,0,0,0,0,0,0,-32306,0,0,0,0,0,101679,0
100436,3312,7546,300,72,-285,-363,18824,104,-7,-260,-40,37027,115,29,144,0,0,0,0,0,0,0,0,-32307,0,0,0,0,0,101685,0
100441,3242,7528,306,64,-268,-350,18836,46,-23,-256,-56,37027,115,29,144,0,0,0,0,0,0,0,0,-32307,0,0,0,0,0,101690,0
100446,3128,7512,292,63,-256,-334,18838,7,-72,-257,-72,37028,121,29,144,0,0,0,0,0,0,0,0,-32307,0,0,0,0,0,101696,0
100451,3092,7470,268,62,-247,-313,18838,0,-96,-259,-72,37028,121,29,144,0,0,0,0,0,0,0,0,-32307,0,0,0,0,0,101701,0
100456,3240,7514,274,59,-234,-290,18839,3,-97,-260,-80,37029,121,29,144,0,0,0,0,0,0,0,0,-32307,0,0,0,0,0,101707,0
100461,3370,7618,266,53,-228,-296,18837,-7,-68,-263,-72,37029,121,29,144,0,0,0,0,0,0,0,0,-32307,0,0,0,0,0,101712,0
100466,3410,7638,274,54,-220,-301,18838,-6,-25,-263,-64,37029,122,29,144,0,0,0,0,0,0,0,0,-32307,0,0,0,0,0,101718,0
100471,3370,7620,288,47,-206,-313,18839,1,-3,-262,-72,37029,122,29,144,0,0,0,0,0,0,0,0,-32307,0,0,0,0,0,101723,0
100476,3230,7596,260,43,-194,-329,18838,-1,2,-263,-72,37029,125,29,144,0,0,0,0,0,0,0,0,-32307,0,0,0,0,0,101729,0
100481,3246,7566,252,43,-186,-325,18837,-3,2,-260,-64,37029,125,29,144,0,0,0,0,0,0,0,0,-32307,0,0,0,0,0,101734,0
100486,3248,7560,258,38,-192,-321,18839,3,-1,-261,-72,37029,122,29,144,0,0,0,0,0,0,0,0,-32307,0,0,0,0,0,101739,0
100491,3306,7572,262,32,-185,-317,18838,0,3,-260,-72,37029,122,29,144,0,0,0,0,0,0,0,0,-32307,0,0,0,0,0,101745,0
100496,3394,7714,294,23,-182,-315,18838,1,4,-260,-64,37034,117,29,144,0,0,0,0,0,0,0,0,-32307,0,0,0,0,0,101750,0
100501,3412,7722,280,15,-176,-329,18839,7,-5,-263,-72,37034,117,29,144,0,0,0,0,0,0,0,0,-32307,0,0,0,0,0,101756,0
100506,3428,7740,278,18,-171,-332,18838,-4,-1,-261,-64,37034,107,29,144,0,0,0,0,0,0,0,0,-32307,0,0,0,0,0,101761,0
100511,3410,7738,276,9,-164,-335,18839,3,1,-265,-72,37034,107,29,144,0,0,0,0,0,0,0,0,-32307,0,0,0,0,0,101767,0
100516,3398,7642,298,-2,-168,-330,18838,0,-1,-261,-64,37032,107,29,144,0,0,0,0,0,0,0,0,-32307,0,0,0,0,0,101772,0
100521,3420,7624,300,-6,-167,-323,18838,0,-1,-263,-64,37032,107,29,144,0,0,0,0,0,0,0,0,-32307,0,0,0,0,0,101778,0
100526,3432,7644,306,-7,-160,-323,18839,3,-2,-260,-80,37034,114,29,144,0,0,0,0,0,0,0,0,-32307,0,0,0,0,0,101783,0
100531,3452,7622,326,-16,-165,-312,18837,-5,-1,-261,-72,37034,114,29,144,0,0,0,0,0,0,0,0,-32307,0,0,0,0,0,101789,0
100536,3486,7572,314,-32,-165,-307,18837,-3,-2,-262,-72,37028,114,29,144,0,0,0,0,0,0,0,0,-32306,0,0,0,0,0,101794,0
100541,3488,7550,326,-36,-174,-307,18837,-3,0,-261,-72,37028,114,29,144,0,0,0,0,0,0,0,0,-32307,0,0,0,0,0,101800,0
100546,3446,7506,286,-44,-173,-309,18838,0,4,-260,-72,37028,117,29,144,0,0,0,0,0,0,0,0,-32307,0,0,0,0,0,101805,0
100551,3468,7498,262,-51,-174,-305,18838,-1,3,-263,-72,37028,117,29,144,0,0,0,0,0,0,0,0,-32307,0,0,0,0,0,101810,0
100556,3482,7504,288,-63,-182,-295,18839,2,1,-264,-80,37026,107,29,144,0,0,0,0,0,0,0,0,-32306,0,0,0,0,0,101816,0
100561,3532,7550,276,-71,-183,-288,18839,1,1,-263,-72,37026,107,29,144,0,0,0,0,0,0,0,0,-32306,0,0,0,0,0,101821,0
100566,3542,7538,238,-74,-190,-287,18838,0,3,-262,-72,37026,112,29,144,0,0,0,0,0,0,0,0,-32307,0,0,0,0,0,101827,0
100571,3520,7554,252,-78,-186,-285,18839,5,-3,-260,-72,37026,112,29,144,0,0,0,0,0,0,0,0,-32307,0,0,0,0,0,101832,0
100576,3562,7590,214,-89,-195,-265,18838,-7,-2,-262,-72,37026,118,29,144,0,0,0,0,0,0,0,0,-32307,0,0,0,0,0,101838,0
100581,3596,7600,194,-98,-197,-269,18837,-8,0,-262,-72,37026,118,29,144,0,0,0,0,0,0,0,0,-32307,0,0,0,0,0,101843,0
100586,3608,7598,182,-97,-207,-259,18838,1,2,-260,-72,37028,126,29,144,0,0,0,0,0,0,0,0,-32307,0,0,0,0,0,101849,0
100591,3662,7590,132,-104,-218,-260,18838,3,1,-261,-72,37028,126,29,144,0,0,0,0,0,0,0,0,-32307,0,0,0,0,0,101854,0
100596,3708,7536,142,-114,-226,-250,18839,2,-1,-262,-72,37030,128,29,144,0,0,0,0,0,0,0,0,-32307,0,0,0,0,0,101860,0
100601,3740,7486,122,-122,-234,-241,18838,-1,1,-262,-72,37030,128,29,144,0,0,0,0,0,0,0,0,-32307,0,0,0,0,0,101865,0
100606,3764,7472,138,-123,-245,-235,18838,-2,3,-262,-72,37031,120,29,144,0,0,0,0,0,0,0,0,-32307,0,0,0,0,0,101871,0
100611,3770,7398,100,-128,-258,-223,18838,-1,-2,-263,-80,37031,120,29,144,0,0,0,0,0,0,0,0,-32307,0,0,0,0,0,101876,0
100616,3738,7250,130,-124,-272,-207,18838,-3,1,-262,-72,37030,112,29,144,0,0,0,0,0,0,0,0,-32307,0,0,0,0,0,101881,0
100621,3776,7120,144,-123,-282,-202,18839,5,2,-262,-64,37030,112,29,144,0,0,0,0,0,0,0,0,-32307,0,0,0,0,0,101887,0
100626,3890,7190,90,-125,-280,-200,18837,0,-2,-260,-72,37033,115,29,144,0,0,0,0,0,0,0,0,-32307,0,0,0,0,0,101892,0
100631,3908,7218,74,-123,-276,-191,18839,2,6,-259,-72,37033,115,29,144,0,0,0,0,0,0,0,0,-32307,0,0,0,0,0,101898,0
100636,3890,7172,70,-126,-283,-190,18839,1,2,-262,-72,37032,118,29,144,0,0,0,0,0,0,0,0,-32307,0,0,0,0,0,101903,0
100641,3900,7122,62,-127,-290,-187,18838,-4,-2,-260,-72,37032,118,29,144,0,0,0,0,0,0,0,0,-32307,0,0,0,0,0,101909,0
100646,3934,7084,40,-126,-291,-177,18838,0,-5,-261,-72,37030,119,29,144,0,0,0,0,0,0,0,0,-32307,0,0,0,0,0,101914,0
100651,3940,7022,42,-120,-290,-166,18836,-5,-6,-262,-72,37030,119,29,144,0,0,0,0,0,0,0,0,-32307,0,0,0,0,0,101920,0
100656,3962,6998,56,-111,-297,-140,18838,0,-3,-262,-72,37027,113,29,144,0,0,0,0,0,0,0,0,-32307,0,0,0,0,0,101925,0
100661,4000,6972,20,-108,-293,-130,18840,3,1,-263,-72,37027,113,29,144,0,0,0,0,0,0,0,0,-32307,0,0,0,0,0,101931,0
100666,4006,6938,18,-98,-293,-115,18839,4,-1,-262,-72,37023,119,29,144,0,0,0,0,0,0,0,0,-32307,0,0,0,0,0,101936,0
100671,4050,6902,4,-91,-293,-108,18840,7,4,-260,-64,37023,119,29,144,0,0,0,0,0,0,0,0,-32307,0,0,0,0,0,101942,0
100676,4036,6814,18,-83,-295,-79,18841,11,1,-262,-80,37024,119,29,144,0,0,0,0,0,0,0,0,-32306,0,0,0,0,0,101947,0
100681,4078,6852,-14,-74,-285,-68,18843,10,8,-262,-72,37024,119,29,144,0,0,0,0,0,0,0,0,-32306,0,0,0,0,0,101953,0
100686,4018,6800,-22,-70,-282,-54,18842,4,4,-261,-64,37024,115,29,144,0,0,0,0,0,0,0,0,-32307,0,0,0,0,0,101958,0
100691,4018,6784,-30,-63,-281,-44,18845,9,6,-263,-64,37024,115,29,144,0,0,0,0,0,0,0,0,-32307,0,0,0,0,0,101964,0
100696,4086,6724,-50,-55,-279,-25,18854,36,20,-266,-48,37024,116,29,144,0,0,0,0,0,0,0,0,-32307,0,0,0,0,0,101969,0
100701,4144,6708,-76,-48,-275,-27,18867,68,36,-266,-56,37024,116,29,144,0,0,0,0,0,0,0,0,-32306,0,0,0,0,0,101975,0
100706,4120,6708,-62,-36,-273,-25,18881,70,54,-262,-56,37031,120,29,144,0,0,0,0,0,0,0,0,-32307,0,0,0,0,0,101980,0
100711,4082,6756,-66,-32,-266,-16,18891,40,43,-262,-72,37031,120,29,144,0,0,0,0,0,0,0,0,-32307,0,0,0,0,0,101985,0
100716,3862,6694,-110,-20,-265,15,18891,2,-8,-262,-64,37030,121,29,144,0,0,0,0,0,0,0,0,-32307,0,0,0,0,0,101991,0
100721,3872,6718,-106,-18,-264,40,18891,-5,-46,-265,-72,37030,121,29,144,0,0,0,0,0,0,0,0,-32307,0,0,0,0,0,101996,0
100726,3930,6744,-112,-10,-262,68,18893,5,-58,-265,-80,37031,122,29,144,0,0,0,0,0,0,0,0,-32307,0,0,0,0,0,102002,0
100731,4032,6772,-108,-5,-262,85,18892,-2,-42,-264,-80,37031,122,29,144,0,0,0,0,0,0,0,0,-32306,0,0,0,0,0,102007,0
100736,4094,6916,-72,-3,-254,85,18892,1,-14,-266,-72,37025,122,29,144,0,0,0,0,0,0,0,0,-32306,0,0,0,0,0,102012,0
100741,4056,6932,-94,-2,-248,86,18892,-2,-1,-266,-80,37025,122,29,144,0,0,0,0,0,0,0,0,-32307,0,0,0,0,0,102018,0
100746,3998,6898,-128,4,-249,87,18891,2,0,-265,-72,37023,126,29,144,0,0,0,0,0,0,0,0,-32307,0,0,0,0,0,102023,0
100751,3924,6814,-128,9,-240,91,18891,8,1,-264,-72,37023,126,29,144,0,0,0,0,0,0,0,0,-32307,0,0,0,0,0,102029,0
100756,3868,6680,-162,10,-241,115,18892,6,4,-267,-80,37023,128,29,144,0,0,0,0,0,0,0,0,-32307,0,0,0,0,0,102034,0
100761,3900,6764,-124,14,-240,111,18891,3,0,-265,-72,37023,128,29,144,0,0,0,0,0,0,0,0,-32306,0,0,0,0,0,102039,0
100766,3928,6838,-116,13,-228,117,18892,3,-1,-263,-72,37023,128,29,144,0,0,0,0,0,0,0,0,-32307,0,0,0,0,0,102045,0
100771,3958,6910,-136,13,-218,116,18892,1,-3,-264,-64,37023,128,29,144,0,0,0,0,0,0,0,0,-32307,0,0,0,0,0,102051,0
100776,3902,6954,-204,20,-193,104,18891,-2,-4,-265,-64,37025,131,29,144,0,0,0,0,0,0,0,0,-32307,0,0,0,0,0,102056,0
100781,3882,6944,-202,30,-189,97,18891,-3,2,-266,-72,37025,131,29,144,0,0,0,0,0,0,0,0,-32306,0,0,0,0,0,102062,0
100786,3868,6968,-212,26,-180,103,18891,-6,-3,-266,-72,37026,126,29,144,0,0,0,0,0,0,0,0,-32307,0,0,0,0,0,102067,0
100791,3882,6990,-230,35,-168,100,18892,-1,3,-265,-72,37026,126,29,144,0,0,0,0,0,0,0,0,-32307,0,0,0,0,0,102073,0
100796,3914,6990,-182,46,-138,101,18892,2,-1,-266,-72,37026,129,29,144,0,0,0,0,0,0,0,0,-32307,0,0,0,0,0,102078,0
100801,3892,7002,-162,56,-120,97,18891,3,-4,-266,-72,37026,129,29,144,0,0,0,0,0,0,0,0,-32307,0,0,0,0,0,102084,0
100806,3898,6964,-178,58,-114,98,18892,3,4,-265,-80,37025,127,29,144,0,0,0,0,0,0,0,0,-32307,0,0,0,0,0,102089,0
100811,3876,7020,-204,67,-88,93,18891,-6,4,-267,-80,37025,127,29,144,0,0,0,0,0,0,0,0,-32307,0,0,0,0,0,102094,0
100816,3826,7140,-210,77,-59,83,18892,3,3,-267,-72,37030,140,29,144,0,0,0,0,0,0,0,0,-32307,0,0,0,0,0,102100,0
100821,3816,7198,-216,85,-49,80,18892,3,0,-266,-72,37030,140,29,144,0,0,0,0,0,0,0,0,-32307,0,0,0,0,0,102105,0
100826,3820,7184,-216,89,-31,76,18891,-4,0,-266,-80,37031,135,29,144,0,0,0,0,0,0,0,0,-32307,0,0,0,0,0,102111,0
100831,3822,7192,-230,100,-19,65,18891,-3,-3,-265,-72,37031,135,29,144,0,0,0,0,0,0,0,0,-32307,0,0,0,0,0,102116,0
100836,3832,7214,-224,117,14,55,18892,-1,-1,-266,-72,37032,129,29,144,0,0,0,0,0,0,0,0,-32307,0,0,0,0,0,102122,0
100841,3820,7192,-226,125,28,57,18891,1,-3,-265,-72,37032,129,29,144,0,0,0,0,0,0,0,0,-32307,0,0,0,0,0,102127,0
100846,3794,7222,-238,129,44,57,18891,0,-1,-265,-72,37027,122,29,144,0,0,0,0,0,0,0,0,-32307,0,0,0,0,0,102133,0
100851,3764,7244,-244,140,49,52,18892,1,1,-267,-72,37027,122,29,144,0,0,0,0,0,0,0,0,-32307,0,0,0,0,0,102139,0
100856,3750,7234,-240,165,69,41,18891,2,0,-265,-80,37024,123,29,144,0,0,0,0,0,0,0,0,-32307,0,0,0,0,0,102144,0
100861,3754,7222,-214,169,70,30,18891,-1,-5,-267,-72,37024,123,29,144,0,0,0,0,0,0,0,0,-32307,0,0,0,0,0,102149,0
100866,3740,7226,-240,176,77,28,18893,7,7,-267,-72,37024,124,29,144,0,0,0,0,0,0,0,0,-32307,0,0,0,0,0,102155,0
100871,3696,7232,-208,184,83,22,18891,-2,-1,-264,-72,37024,124,29,144,0,0,0,0,0,0,0,0,-32307,0,0,0,0,0,102160,0
100876,3696,7204,-210,201,98,18,18891,0,-1,-265,-80,37025,125,29,144,0,0,0,0,0,0,0,0,-32307,0,0,0,0,0,102166,0
100881,3734,7208,-224,204,96,9,18892,-1,3,-265,-80,37025,125,29,144,0,0,0,0,0,0,0,0,-32307,0,0,0,0,0,102171,0
100886,3712,7230,-216,212,101,5,18891,1,3,-265,-72,37031,123,29,144,0,0,0,0,0,0,0,0,-32307,0,0,0,0,0,102177,0
100891,3724,7204,-200,213,103,0,18892,-7,1,-264,-72,37031,123,29,144,0,0,0,0,0,0,0,0,-32307,0,0,0,0,0,102182,0
100896,3738,7222,-190,221,113,-12,18892,0,2,-265,-72,37030,118,29,144,0,0,0,0,0,0,0,0,-32307,0,0,0,0,0,102188,0
100901,3716,7190,-184,234,129,-15,18892,9,2,-263,-72,37030,118,29,144,0,0,0,0,0,0,0,0,-32307,0,0,0,0,0,102193,0
100906,3712,7206,-186,240,130,-17,18892,1,5,-266,-80,37028,105,29,144,0,0,0,0,0,0,0,0,-32307,0,0,0,0,0,102198,0
100911,3718,7178,-192,240,133,-18,18892,4,3,-267,-72,37028,105,29,144,0,0,0,0,0,0,0,0,-32306,0,0,0,0,0,102204,0
100916,3636,7196,-154,257,152,-19,18891,-1,4,-267,-80,37025,118,29,144,0,0,0,0,0,0,0,0,-32307,0,0,0,0,0,102211,0
100921,3622,7162,-152,270,151,-22,18891,0,1,-264,-72,37025,118,29,144,0,0,0,0,0,0,0,0,-32307,0,0,0,0,0,102216,0
100926,3602,7206,-162,271,157,-21,18892,0,0,-265,-72,37026,125,29,144,0,0,0,0,0,0,0,0,-32307,0,0,0,0,0,102222,0
100931,3576,7244,-168,281,162,-24,18890,-2,1,-266,-72,37026,125,29,144,0,0,0,0,0,0,0,0,-32307,0,0,0,0,0,102227,0
100936,3548,7258,-134,295,171,-38,18890,0,1,-267,-72,37027,134,29,144,0,0,0,0,0,0,0,0,-32307,0,0,0,0,0,102232,0
100941,3504,7232,-124,300,174,-43,18891,4,0,-265,-72,37027,134,29,144,0,0,0,0,0,0,0,0,-32307,0,0,0,0,0,102238,0
100946,3492,7256,-100,305,175,-37,18892,3,5,-264,-72,37025,127,29,144,0,0,0,0,0,0,0,0,-32307,0,0,0,0,0,102244,0
100951,3460,7248,-98,312,177,-47,18891,0,3,-264,-80,37025,127,29,144,0,0,0,0,0,0,0,0,-32307,0,0,0,0,0,102249,0
100956,3378,7296,-62,319,192,-38,18891,1,3,-263,-80,37026,126,30,144,0,0,0,0,0,0,0,0,-32307,0,0,0,0,0,102254,0
100961,3326,7304,-54,316,190,-44,18893,1,-7,-265,-72,37026,126,30,144,0,0,0,0,0,0,0,0,-32307,0,0,0,0,0,102260,0
100966,3274,7252,-24,318,194,-46,18891,-5,-3,-265,-72,37024,130,29,144,0,0,0,0,0,0,0,0,-32307,0,0,0,0,0,102266,0
100971,3210,7218,-24,322,205,-42,18892,0,2,-267,-72,37024,130,29,144,0,0,0,0,0,0,0,0,-32307,0,0,0,0,0,102271,0
100976,3054,7156,18,319,212,-49,18890,-2,-3,-267,-80,37024,137,29,144,0,0,0,0,0,0,0,0,-32307,0,0,0,0,0,102277,0
100981,2978,7176,26,317,214,-54,18890,-2,-3,-266,-72,37024,137,29,144,0,0,0,0,0,0,0,0,-32307,0,0,0,0,0,102282,0
100986,2930,7140,14,321,221,-60,18891,3,-6,-265,-72,37022,135,29,144,0,0,0,0,0,0,0,0,-32307,0,0,0,0,0,102287,0
100991,2880,7110,44,315,225,-64,18889,-9,-1,-264,-72,37022,135,29,144,0,0,0,0,0,0,0,0,-32307,0,0,0,0,0,102296,0
100996,2748,7102,62,306,243,-94,18888,-11,-2,-265,-72,37020,120,29,144,0,0,0,0,0,0,0,0,-32307,0,0,0,0,0,102299,0
101001,2744,7094,54,303,252,-105,18889,4,-3,-265,-72,37020,120,29,144,0,0,0,0,0,0,0,0,-32307,0,0,0,0,0,102305,0
101006,2698,7124,60,309,263,-130,18888,2,1,-264,-72,37017,114,29,144,0,0,0,0,0,0,0,0,-32307,0,0,0,0,0,102311,0
101011,2644,7156,40,291,267,-146,18887,1,0,-265,-72,37017,114,29,144,0,0,0,0,0,0,0,0,-32306,0,0,0,0,0,102316,0
101016,2630,7182,28,280,283,-201,18886,-6,-2,-267,-72,37015,112,29,144,0,0,0,0,0,0,0,0,-32307,0,0,0,0,0,102322,0
101021,2614,7184,32,276,293,-220,18886,-2,2,-266,-72,37015,112,29,144,0,0,0,0,0,0,0,0,-32307,0,0,0,0,0,102328,0
101026,2552,7208,42,267,301,-252,18886,-2,2,-264,-72,37016,115,29,144,0,0,0,0,0,0,0,0,-32307,0,0,0,0,0,102333,0
101031,2488,7202,26,262,311,-280,18887,1,3,-265,-72,37016,115,29,144,0,0,0,0,0,0,0,0,-32307,0,0,0,0,0,102339,0
101036,2398,7196,28,256,318,-336,18886,0,4,-265,-72,37019,117,29,144,0,0,0,0,0,0,0,0,-32307,0,0,0,0,0,102344,0
101041,2326,7156,8,250,318,-363,18886,0,-1,-266,-80,37019,117,29,144,0,0,0,0,0,0,0,0,-32306,0,0,0,0,0,102350,0
101046,2280,7116,62,252,321,-398,18886,0,-1,-264,-72,37020,112,29,144,0,0,0,0,0,0,0,0,-32307,0,0,0,0,0,102355,0
101051,2194,7086,28,247,319,-421,18886,0,1,-268,-72,37020,112,29,144,0,0,0,0,0,0,0,0,-32307,0,0,0,0,0,102361,0
101056,2034,6932,-6,245,312,-485,18884,-4,-4,-267,-72,37021,115,29,144,0,0,0,0,0,0,0,0,-32307,0,0,0,0,0,102366,0
101061,1956,6872,-62,238,312,-517,18884,1,0,-266,-80,37021,115,29,144,0,0,0,0,0,0,0,0,-32307,0,0,0,0,0,102371,0
101066,1932,6814,-62,239,312,-545,18882,0,-3,-265,-72,37021,121,29,144,0,0,0,0,0,0,0,0,-32307,0,0,0,0,0,102377,0
101071,1898,6768,-68,240,311,-583,18882,-2,-1,-265,-72,37021,121,29,144,0,0,0,0,0,0,0,0,-32307,0,0,0,0,0,102382,0
101076,1910,6666,-78,235,310,-660,18883,3,-2,-267,-80,37023,123,29,144,0,0,0,0,0,0,0,0,-32307,0,0,0,0,0,102388,0
101081,1874,6646,-92,237,320,-703,18880,-4,4,-265,-80,37023,123,29,144,0,0,0,0,0,0,0,0,-32307,0,0,0,0,0,102393,0
101086,1856,6600,-72,234,338,-752,18880,0,-3,-264,-72,37023,121,29,144,0,0,0,0,0,0,0,0,-32307,0,0,0,0,0,102399,0
101091,1866,6536,-90,238,358,-797,18879,-4,-5,-265,-72,37023,121,29,144,0,0,0,0,0,0,0,0,-32307,0,0,0,0,0,102404,0
101096,3434,9536,2378,62,404,-550,18878,-11,0,-263,-80,37023,118,29,144,0,0,0,0,0,0,0,0,-32307,0,0,0,0,0,102410,0
101101,5194,10480,1650,104,444,-480,18871,-37,-8,-262,-80,37023,118,29,144,0,0,0,0,0,0,0,0,-32307,0,0,0,0,0,102415,0
101106,4492,11362,1326,132,511,-562,18868,-23,-17,-264,-80,37022,122,29,144,0,0,0,0,0,0,0,0,-32307,0,0,0,0,0,102421,0
101111,4136,12888,1562,23,512,-718,18866,-6,-13,-267,-72,37022,122,29,144,0,0,0,0,0,0,0,0,-32308,0,0,0,0,0,102426,0
101116,4502,13494,550,16,422,-813,18865,-11,4,-265,-72,37022,128,29,144,0,0,0,0,0,0,0,0,-32307,0,0,0,0,0,102432,0
101121,3934,14154,388,2,360,-872,18867,2,15,-264,-64,37022,128,29,144,0,0,0,0,0,0,0,0,-32307,0,0,0,0,0,102437,0
101126,3348,14004,-530,28,319,-934,18870,19,31,-265,-64,37025,123,29,144,0,0,0,0,0,0,0,0,-32307,0,0,0,0,0,102442,0
101131,2850,13482,-772,52,293,-945,18880,44,37,-267,-40,37025,123,29,144,0,0,0,0,0,0,0,0,-32307,0,0,0,0,0,102448,0
101136,1330,11866,-706,86,294,-847,18896,78,51,-271,-32,37030,123,29,144,0,0,0,0,0,0,0,0,-32307,0,0,0,0,0,102453,0
101141,1296,10750,-364,92,315,-743,18929,147,95,-278,16,37030,123,29,144,0,0,0,0,0,0,0,0,-32306,0,0,0,0,0,102459,0
101146,1764,9740,6,92,354,-686,18983,242,160,-260,32,37031,117,29,144,0,0,0,0,0,0,0,0,-32307,0,0,0,0,0,102464,0
101151,2316,9236,188,83,414,-686,19047,277,207,-249,32,37031,117,29,144,0,0,0,0,0,0,0,0,-32307,0,0,0,0,0,102470,0
101156,2542,8474,118,90,513,-847,19108,262,205,-268,8,37030,118,29,144,0,0,0,0,0,0,0,0,-32307,0,0,0,0,0,102475,0
101161,2424,7982,-130,86,544,-945,19153,184,112,-299,-32,37030,118,29,144,0,0,0,0,0,0,0,0,-32307,0,0,0,0,0,102481,0
101166,2278,7534,-288,83,566,-990,19177,94,-34,-301,-56,37028,118,29,144,0,0,0,0,0,0,0,0,-32307,0,0,0,0,0,102486,0
101171,2340,6920,-418,78,565,-987,19189,52,-164,-290,-72,37028,118,29,144,0,0,0,0,0,0,0,0,-32307,0,0,0,0,0,102491,0
101176,2740,6062,-300,74,551,-958,19191,-2,-215,-280,-88,37028,113,29,144,0,0,0,0,0,0,0,0,-32307,0,0,0,0,0,102497,0
101181,2926,5830,-166,71,563,-953,19188,-15,-205,-283,-80,37028,113,29,144,0,0,0,0,0,0,0,0,-32306,0,0,0,0,0,102503,0
101186,2996,5780,-96,74,565,-935,19188,-8,-136,-286,-80,37028,122,29,144,0,0,0,0,0,0,0,0,-32307,0,0,0,0,0,102508,0
101191,2996,5880,58,73,572,-926,19188,2,-70,-288,-72,37028,122,29,144,0,0,0,0,0,0,0,0,-32307,0,0,0,0,0,102513,0
101196,3076,6306,62,69,589,-929,19187,-2,-26,-286,-80,37028,115,29,144,0,0,0,0,0,0,0,0,-32308,0,0,0,0,0,102519,0
101201,3168,6558,108,71,578,-934,19186,-3,2,-283,-80,37028,115,29,144,0,0,0,0,0,0,0,0,-32307,0,0,0,0,0,102524,0
101206,3254,6778,88,80,571,-944,19185,-4,-1,-283,-80,37025,115,29,144,0,0,0,0,0,0,0,0,-32307,0,0,0,0,0,102530,0
101211,3354,6966,180,77,553,-963,19182,-7,-1,-283,-80,37025,115,29,144,0,0,0,0,0,0,0,0,-32307,0,0,0,0,0,102535,0
101216,3446,7390,158,78,503,-1015,19180,-10,-12,-282,-72,37025,118,29,144,0,0,0,0,0,0,0,0,-32307,0,0,0,0,0,102541,0
101221,3430,7592,178,74,472,-1041,19178,-14,-10,-284,-80,37025,118,29,144,0,0,0,0,0,0,0,0,-32307,0,0,0,0,0,102546,0
101226,3292,7710,98,75,433,-1061,19177,1,-1,-288,-64,37029,115,29,144,0,0,0,0,0,0,0,0,-32307,0,0,0,0,0,102552,0
101231,3056,7682,74,75,396,-1088,19177,4,3,-284,-72,37029,115,29,144,0,0,0,0,0,0,0,0,-32307,0,0,0,0,0,102558,0
101236,2672,7548,44,72,297,-1134,19177,2,7,-284,-72,37027,112,29,144,0,0,0,0,0,0,0,0,-32307,0,0,0,0,0,102563,0
101241,2642,7444,6,63,249,-1155,19177,0,8,-283,-72,37027,112,29,144,0,0,0,0,0,0,0,0,-32307,0,0,0,0,0,102568,0
101246,2542,7346,-6,58,206,-1160,19177,8,7,-284,-72,37027,110,29,144,0,0,0,0,0,0,0,0,-32307,0,0,0,0,0,102574,0
101251,2358,7208,-16,55,169,-1164,19177,0,1,-283,-72,37027,110,29,144,0,0,0,0,0,0,0,0,-32306,0,0,0,0,0,102579,0
101256,1828,7166,-16,48,102,-1149,19179,9,1,-282,-64,37024,111,29,144,0,0,0,0,0,0,0,0,-32307,0,0,0,0,0,102585,0
101261,1392,7098,22,44,65,-1121,19182,17,3,-282,-64,37024,111,29,144,0,0,0,0,0,0,0,0,-32307,0,0,0,0,0,102590,0
101266,716,6844,6,37,38,-1079,19188,37,19,-285,-64,37025,114,29,144,0,0,0,0,0,0,0,0,-32307,0,0,0,0,0,102596,0
101271,78,6506,42,37,24,-1031,19197,41,27,-284,-72,37025,114,29,144,0,0,0,0,0,0,0,0,-32307,0,0,0,0,0,102601,0
101276,-1646,4418,152,24,18,-883,19204,25,30,-282,-80,37028,119,29,144,0,0,0,0,0,0,0,0,-32307,0,0,0,0,0,102607,0
101281,-2276,3338,8,25,32,-765,19200,-12,5,-281,-88,37028,119,29,144,0,0,0,0,0,0,0,0,-32307,0,0,0,0,0,102612,0
101286,-2152,4468,-248,14,82,-598,19194,-29,-36,-281,-104,37028,127,29,144,0,0,0,0,0,0,0,0,-32307,0,0,0,0,0,102617,0
101291,-1270,7038,-312,29,93,-478,19186,-30,-69,-285,-96,37028,127,29,144,0,0,0,0,0,0,0,0,-32307,0,0,0,0,0,102623,0
101296,1126,10708,108,45,69,-427,19179,-23,-55,-288,-80,37026,130,29,144,0,0,0,0,0,0,0,0,-32307,0,0,0,0,0,102629,0
101301,2872,10810,474,49,59,-508,19164,-74,-41,-275,-136,37026,130,29,144,0,0,0,0,0,0,0,0,-32307,0,0,0,0,0,102634,0
101306,4088,10240,764,42,48,-552,19112,-254,-95,-233,-408,37025,124,29,144,0,0,0,0,0,0,0,0,-32307,0,0,0,0,0,102639,0
101311,4196,9360,840,35,45,-596,18996,-537,-273,-198,-1176,37025,124,29,144,0,0,0,0,0,0,0,0,-32307,0,0,0,0,0,102645,0
101316,2902,8636,382,56,45,-642,18805,-883,-556,-189,-2096,37025,123,29,144,0,0,0,0,0,0,0,0,-32307,0,0,0,0,0,102650,0
101321,2274,8996,96,60,49,-642,18529,-1250,-865,-208,-2952,37025,123,29,144,0,0,0,0,0,0,0,0,-32307,0,0,0,0,0,102656,0
101326,1576,9306,24,70,42,-622,18175,-1588,-1092,-232,-3584,37023,130,29,144,0,0,0,0,0,0,0,0,-32307,0,0,0,0,0,102661,0
101331,916,9366,44,79,19,-601,17752,-1894,-1186,-222,-4144,37023,130,29,144,0,0,0,0,0,0,0,0,-32307,0,0,0,0,0,102667,0
101336,-370,9002,390,103,-27,-516,17272,-2133,-1154,-214,-4472,37016,143,29,144,0,0,0,0,0,0,0,0,-32307,0,0,0,0,0,102672,0
101341,-798,8990,644,110,-33,-469,16749,-2323,-1034,-188,-4696,37016,143,29,144,0,0,0,0,0,0,0,0,-32307,0,0,0,0,0,102678,0
101346,-1128,8918,688,117,-43,-404,16192,-2463,-863,-150,-4864,37009,152,29,144,0,0,0,0,0,0,0,0,-32307,0,0,0,0,0,102683,0
101351,-1326,8774,732,136,-42,-339,15607,-2579,-694,-100,-4984,37009,152,29,144,0,0,0,0,0,0,0,0,-32307,0,0,0,0,0,102688,0
101356,-1192,8368,848,173,-32,-199,14996,-2703,-557,-46,-5184,37005,157,29,144,0,0,0,0,0,0,0,0,-32307,0,0,0,0,0,102694,0
101361,-888,8096,716,191,-31,-132,14352,-2848,-473,6,-5440,37005,157,29,144,0,0,0,0,0,0,0,0,-32307,0,0,0,0,0,102700,0
101366,5630,7238,1088,235,-160,-769,13689,-2925,-434,16,-5400,37002,156,29,144,0,0,0,0,0,0,0,0,-32306,0,0,0,0,0,102705,0
101371,14438,6768,628,208,-198,-795,13032,-2886,-363,16,-5072,37002,156,29,144,0,0,0,0,0,0,0,0,-32307,0,0,0,0,0,102711,0
101376,13060,4318,428,204,-94,-992,12403,-2752,-190,65,-4584,37010,154,29,144,0,0,0,0,0,0,0,0,-32306,0,0,0,0,0,102716,0
101381,7838,5792,166,217,-115,-1029,11842,-2424,103,77,-3496,37010,154,29,144,0,0,0,0,0,0,0,0,-32307,0,0,0,0,0,102722,0
101386,2556,7992,260,251,-141,-1122,11446,-1646,635,31,-1280,37005,135,29,144,0,0,0,0,0,0,0,0,-32307,0,0,0,0,0,102727,0
101391,-960,8866,730,276,-165,-1135,11306,-491,1456,175,888,37005,135,29,144,0,0,0,0,0,0,0,0,-32307,0,0,0,0,0,102733,0
101396,-94,7368,858,266,-243,-1144,11454,757,2498,420,2448,37012,121,29,144,0,0,0,0,0,0,0,0,-32307,0,0,0,0,0,102738,0
101401,1512,6930,374,278,-323,-1135,11778,1491,3277,224,3648,37012,121,29,144,0,0,0,0,0,0,0,0,-32307,0,0,0,0,0,102744,0
101406,1870,7126,10,301,-367,-1103,12197,1875,3384,311,3968,37009,124,29,144,0,0,0,0,0,0,0,0,-32307,0,0,0,0,0,102749,0
101411,688,7922,178,303,-407,-1088,12644,1979,2714,267,3816,37009,124,29,144,0,0,0,0,0,0,0,0,-32307,0,0,0,0,0,102755,0
101416,222,9256,180,313,-464,-1084,13094,1967,1675,166,3560,37013,141,29,144,0,0,0,0,0,0,0,0,-32307,0,0,0,0,0,102760,0
101421,1418,9116,164,298,-485,-1099,13526,1889,738,97,3248,37013,141,29,144,0,0,0,0,0,0,0,0,-32307,0,0,0,0,0,102766,0
101426,3068,8558,-306,289,-522,-1132,13927,1745,152,53,2776,37010,142,29,144,0,0,0,0,0,0,0,0,-32307,0,0,0,0,0,102771,0
101431,4374,8018,-778,281,-557,-1175,14262,1435,-251,58,1864,37010,142,29,144,0,0,0,0,0,0,0,0,-32307,0,0,0,0,0,102777,0
101436,3648,8040,-738,261,-589,-1240,14487,934,-629,60,496,37013,134,29,144,0,0,0,0,0,0,0,0,-32307,0,0,0,0,0,102782,0
101441,2352,8336,-490,251,-604,-1252,14565,281,-1094,-85,-320,37013,134,29,144,0,0,0,0,0,0,0,0,-32307,0,0,0,0,0,102788,0
101446,1062,8494,-294,238,-620,-1256,14489,-393,-1613,-273,-584,37022,131,29,144,0,0,0,0,0,0,0,0,-32307,0,0,0,0,0,102793,0
101451,502,8536,-200,223,-651,-1251,14328,-737,-1913,-52,-1280,37022,131,29,144,0,0,0,0,0,0,0,0,-32307,0,0,0,0,0,102798,0
101456,1092,8316,-412,193,-705,-1268,14114,-951,-1850,-60,-1544,37025,135,29,144,0,0,0,0,0,0,0,0,-32307,0,0,0,0,0,102804,0
101461,1654,8232,-566,184,-718,-1284,13881,-1027,-1436,-43,-1536,37025,135,29,144,0,0,0,0,0,0,0,0,-32307,0,0,0,0,0,102809,0
101466,2144,8272,-664,167,-736,-1304,13649,-1019,-887,-25,-1312,37024,131,29,144,0,0,0,0,0,0,0,0,-32306,0,0,0,0,0,102815,0
101471,2552,8324,-726,150,-731,-1334,13427,-964,-394,-9,-1040,37024,131,29,144,0,0,0,0,0,0,0,0,-32306,0,0,0,0,0,102821,0
101476,2964,8108,-790,119,-744,-1382,13224,-891,-84,31,-784,37022,123,29,144,0,0,0,0,0,0,0,0,-32307,0,0,0,0,0,102826,0
101481,2906,8126,-800,98,-742,-1406,13041,-789,123,55,-488,37022,123,29,144,0,0,0,0,0,0,0,0,-32307,0,0,0,0,0,102831,0
101486,2598,8032,-760,89,-748,-1429,12882,-687,242,80,-264,37024,121,29,144,0,0,0,0,0,0,0,0,-32307,0,0,0,0,0,102837,0
101491,2192,8028,-636,70,-737,-1446,12755,-549,323,142,-88,37024,121,29,144,0,0,0,0,0,0,0,0,-32307,0,0,0,0,0,102842,0
101496,1348,8172,-346,41,-717,-1465,12672,-355,406,235,-24,37025,121,29,144,0,0,0,0,0,0,0,0,-32307,0,0,0,0,0,102848,0
101501,1144,8168,-356,28,-695,-1456,12629,-169,504,225,16,37025,121,29,144,0,0,0,0,0,0,0,0,-32307,0,0,0,0,0,102853,0
101506,1152,8080,-400,22,-667,-1461,12627,3,573,146,40,37024,126,29,144,0,0,0,0,0,0,0,0,-32307,0,0,0,0,0,102859,0
101511,1288,8070,-362,19,-637,-1462,12643,79,586,97,64,37024,126,29,144,0,0,0,0,0,0,0,0,-32307,0,0,0,0,0,102864,0
101516,1736,7982,-426,-1,-575,-1467,12660,70,487,102,40,37022,127,29,144,0,0,0,0,0,0,0,0,-32307,0,0,0,0,0,102870,0
101521,1862,7948,-396,-11,-544,-1473,12676,59,297,97,48,37022,127,29,144,0,0,0,0,0,0,0,0,-32307,0,0,0,0,0,102875,0
101526,1872,7928,-348,-13,-506,-1477,12693,85,138,89,64,37023,118,29,144,0,0,0,0,0,0,0,0,-32307,0,0,0,0,0,102880,0
101531,1836,7934,-232,-24,-462,-1481,12717,104,44,94,64,37023,118,29,144,0,0,0,0,0,0,0,0,-32306,0,0,0,0,0,102886,0
101536,1396,7920,-186,-38,-379,-1479,12734,74,15,98,48,37024,113,29,144,0,0,0,0,0,0,0,0,-32307,0,0,0,0,0,102891,0
101541,1224,7926,-256,-31,-338,-1473,12750,66,4,88,48,37024,113,29,144,0,0,0,0,0,0,0,0,-32306,0,0,0,0,0,102897,0
101546,1144,8064,-184,-31,-280,-1474,12769,83,-4,86,56,37029,107,29,144,0,0,0,0,0,0,0,0,-32307,0,0,0,0,0,102903,0
101551,904,8134,-96,-32,-237,-1467,12785,73,-13,92,48,37029,107,29,144,0,0,0,0,0,0,0,0,-32306,0,0,0,0,0,102908,0
101556,1000,8166,-180,-29,-150,-1449,12792,35,-29,95,32,37028,117,29,144,0,0,0,0,0,0,0,0,-32306,0,0,0,0,0,102913,0
101561,998,8078,22,-37,-114,-1458,12793,-2,-51,92,24,37028,117,29,144,0,0,0,0,0,0,0,0,-32306,0,0,0,0,0,102919,0
101566,1210,8182,28,-43,-79,-1445,12792,-6,-73,89,32,37030,117,29,144,0,0,0,0,0,0,0,0,-32307,0,0,0,0,0,102924,0
101571,1134,8176,-110,-30,-32,-1452,12792,-4,-70,89,24,37030,117,29,144,0,0,0,0,0,0,0,0,-32307,0,0,0,0,0,102930,0
101576,1012,8140,66,-39,26,-1447,12792,-8,-45,89,24,37022,123,29,144,0,0,0,0,0,0,0,0,-32307,0,0,0,0,0,102936,0
101581,1072,7950,-154,-16,65,-1445,12793,1,-13,89,24,37022,123,29,144,0,0,0,0,0,0,0,0,-32306,0,0,0,0,0,102941,0
101586,1084,8080,92,-24,94,-1436,12793,5,3,87,32,37022,128,29,144,0,0,0,0,0,0,0,0,-32307,0,0,0,0,0,102946,0
101591,844,8128,244,-23,123,-1443,12792,-3,2,89,24,37022,128,29,144,0,0,0,0,0,0,0,0,-32307,0,0,0,0,0,102952,0
101596,780,8106,170,-5,183,-1440,12794,11,1,88,24,37022,131,29,144,0,0,0,0,0,0,0,0,-32307,0,0,0,0,0,102957,0
101601,694,8196,250,2,208,-1426,12793,0,0,90,24,37022,131,29,144,0,0,0,0,0,0,0,0,-32307,0,0,0,0,0,102963,0
101606,564,8210,48,-1,187,-1435,12792,5,3,90,24,37023,128,29,144,0,0,0,0,0,0,0,0,-32307,0,0,0,0,0,102968,0
101611,786,7956,196,16,210,-1431,12793,6,-3,88,32,37023,128,29,144,0,0,0,0,0,0,0,0,-32307,0,0,0,0,0,102974,0
101616,964,7866,370,35,273,-1433,12794,-1,3,90,32,37023,129,29,144,0,0,0,0,0,0,0,0,-32307,0,0,0,0,0,102979,0
101621,816,7960,384,34,300,-1432,12793,4,2,90,24,37023,129,29,144,0,0,0,0,0,0,0,0,-32307,0,0,0,0,0,102985,0
101626,702,7924,294,49,318,-1428,12792,-4,-3,88,24,37023,131,29,144,0,0,0,0,0,0,0,0,-32307,0,0,0,0,0,102990,0
101631,532,7986,274,58,334,-1432,12793,-3,1,88,24,37023,131,29,144,0,0,0,0,0,0,0,0,-32307,0,0,0,0,0,102995,0
101636,568,7860,248,72,354,-1430,12792,1,1,88,32,37032,138,29,144,0,0,0,0,0,0,0,0,-32307,0,0,0,0,0,103001,0
101641,524,7902,168,89,362,-1430,12792,-9,-1,89,24,37032,138,29,144,0,0,0,0,0,0,0,0,-32307,0,0,0,0,0,103007,0
101646,500,7904,310,98,354,-1435,12793,7,2,89,24,37047,134,29,144,0,0,0,0,0,0,0,0,-32307,0,0,0,0,0,103012,0
101651,494,7804,366,101,355,-1436,12792,5,-4,90,24,37047,134,29,144,0,0,0,0,0,0,0,0,-32306,0,0,0,0,0,103017,0
101656,570,7846,300,126,357,-1438,12793,5,5,90,32,37048,130,29,144,0,0,0,0,0,0,0,0,-32307,0,0,0,0,0,103023,0
101661,532,7920,292,139,352,-1448,12792,-3,0,91,24,37048,130,29,144,0,0,0,0,0,0,0,0,-32307,0,0,0,0,0,103028,0
101666,456,7980,314,139,344,-1457,12792,0,2,91,32,37041,117,29,144,0,0,0,0,0,0,0,0,-32307,0,0,0,0,0,103034,0
101671,364,8058,224,156,335,-1458,12794,9,2,91,24,37041,117,29,144,0,0,0,0,0,0,0,0,-32307,0,0,0,0,0,103039,0
101676,314,8068,318,170,301,-1472,12793,2,0,89,24,37024,120,29,144,0,0,0,0,0,0,0,0,-32307,0,0,0,0,0,103045,0
101681,390,7952,290,179,285,-1481,12793,6,-1,89,24,37024,120,29,144,0,0,0,0,0,0,0,0,-32307,0,0,0,0,0,103050,0
101686,422,7948,270,187,277,-1485,12792,-2,-2,88,24,37021,120,29,144,0,0,0,0,0,0,0,0,-32307,0,0,0,0,0,103056,0
101691,366,7972,284,193,260,-1499,12793,0,2,88,24,37021,120,29,144,0,0,0,0,0,0,0,0,-32307,0,0,0,0,0,103061,0
101696,236,7996,180,215,223,-1513,12793,1,1,89,16,37021,122,29,144,0,0,0,0,0,0,0,0,-32307,0,0,0,0,0,103066,0
101701,246,8034,178,215,205,-1518,12794,7,-2,89,24,37021,122,29,144,0,0,0,0,0,0,0,0,-32307,0,0,0,0,0,103072,0
101706,330,8032,210,225,182,-1540,12792,0,-1,89,32,37022,119,29,144,0,0,0,0,0,0,0,0,-32307,0,0,0,0,0,103077,0
101711,364,8036,176,236,162,-1543,12792,0,3,90,24,37022,119,29,144,0,0,0,0,0,0,0,0,-32307,0,0,0,0,0,103083,0
101716,302,8082,118,247,126,-1576,12792,-4,1,91,32,37022,113,29,144,0,0,0,0,0,0,0,0,-32307,0,0,0,0,0,103088,0
101721,308,8096,96,245,112,-1588,12793,0,-1,90,24,37022,113,29,144,0,0,0,0,0,0,0,0,-32307,0,0,0,0,0,103094,0
101726,32,8444,132,256,92,-1621,12792,-2,-4,89,32,37022,109,29,144,0,0,0,0,0,0,0,0,-32307,0,0,0,0,0,103099,0
101731,-2140,10372,486,246,79,-1733,12794,-1,1,89,24,37022,109,29,144,0,0,0,0,0,0,0,0,-32307,0,0,0,0,0,103104,0
101736,-1250,9958,-64,263,8,-1658,12793,5,-1,86,32,37025,111,29,144,0,0,0,0,0,0,0,0,-32307,0,0,0,0,0,103110,0
101741,510,9222,-330,285,2,-1641,12793,8,0,87,32,37025,111,29,144,0,0,0,0,0,0,0,0,-32307,0,0,0,0,0,103115,0
101746,868,8886,0,269,-31,-1651,12794,5,4,93,16,37024,113,29,144,0,0,0,0,0,0,0,0,-32306,0,0,0,0,0,103120,0
101751,728,8646,-208,282,-50,-1682,12793,1,2,90,24,37024,113,29,144,0,0,0,0,0,0,0,0,-32308,0,0,0,0,0,103126,0
101756,714,7988,48,285,-51,-1719,12792,-5,2,90,24,37025,121,29,144,0,0,0,0,0,0,0,0,-32306,0,0,0,0,0,103132,0
101761,422,7856,126,283,-37,-1735,12792,0,-1,89,24,37025,121,29,144,0,0,0,0,0,0,0,0,-32307,0,0,0,0,0,103137,0
101766,-158,7902,126,294,-11,-1734,12794,4,-1,91,24,37023,115,29,144,0,0,0,0,0,0,0,0,-32307,0,0,0,0,0,103143,0
101771,-740,8006,148,294,-5,-1734,12793,0,-1,91,16,37023,115,29,144,0,0,0,0,0,0,0,0,-32307,0,0,0,0,0,103148,0
101776,-1376,8108,84,304,2,-1701,12793,-1,-1,91,24,37023,117,29,144,0,0,0,0,0,0,0,0,-32307,0,0,0,0,0,103153,0
101781,-1204,7992,76,306,-1,-1682,12792,-2,-1,88,24,37023,117,29,144,0,0,0,0,0,0,0,0,-32307,0,0,0,0,0,103159,0
101786,-1000,7966,-32,313,1,-1672,12792,-2,-2,89,24,37023,120,29,144,0,0,0,0,0,0,0,0,-32307,0,0,0,0,0,103165,0
101791,-842,8004,-122,309,-1,-1663,12793,1,-1,88,24,37023,120,29,144,0,0,0,0,0,0,0,0,-32307,0,0,0,0,0,103170,0
101796,-588,8054,-116,312,-3,-1650,12792,-4,2,88,24,37023,120,29,144,0,0,0,0,0,0,0,0,-32307,0,0,0,0,0,103175,0
101801,-676,8042,-176,309,9,-1637,12793,3,0,89,32,37023,120,29,144,0,0,0,0,0,0,0,0,-32306,0,0,0,0,0,103181,0
101806,-850,8078,-152,308,14,-1627,12787,-20,-12,-334,-592,37022,127,29,144,0,0,0,0,0,0,0,0,-32306,0,0,0,0,0,103186,0
101811,-1228,8012,-122,307,20,-1618,12734,-259,-129,-962,-680,37022,127,29,144,0,0,0,0,0,0,0,0,-32307,0,0,0,0,0,103191,0
101816,-1430,7934,-182,311,26,-1578,12655,-353,-271,-681,-600,37020,132,29,144,0,0,0,0,0,0,0,0,-32307,0,0,0,0,0,103197,0
101821,-1640,7590,-284,309,20,-1559,12570,-373,-357,-446,-440,37020,132,29,144,0,0,0,0,0,0,0,0,-32306,0,0,0,0,0,103203,0
101826,-1498,7894,-164,298,10,-1538,12491,-341,-302,-321,-296,37020,136,29,144,0,0,0,0,0,0,0,0,-32307,0,0,0,0,0,103208,0
101831,-1404,7780,-150,302,20,-1527,12432,-254,-106,-284,-248,37020,136,29,144,0,0,0,0,0,0,0,0,-32306,0,0,0,0,0,103213,0
101836,-1542,7756,-326,295,22,-1493,12395,-153,110,-358,-248,37019,130,29,144,0,0,0,0,0,0,0,0,-32307,0,0,0,0,0,103219,0
101841,-1560,7988,-378,281,23,-1475,12374,-85,231,-489,-264,37019,130,29,144,0,0,0,0,0,0,0,0,-32307,0,0,0,0,0,103224,0
101846,-1476,7632,-226,305,20,-1463,12364,-33,265,-616,-240,37018,128,29,144,0,0,0,0,0,0,0,0,-32306,0,0,0,0,0,103230,0
101851,-1740,7864,-256,291,-4,-1437,12367,7,242,-695,-264,37018,128,29,144,0,0,0,0,0,0,0,0,-32306,0,0,0,0,0,103236,0
101856,-1762,7780,-460,282,-11,-1402,12364,-1,170,-743,-256,37022,131,29,144,0,0,0,0,0,0,0,0,-32307,0,0,0,0,0,103241,0
101861,-1834,7918,-412,271,-13,-1382,12366,1,100,-742,-264,37022,131,29,144,0,0,0,0,0,0,0,0,-32307,0,0,0,0,0,103246,0
101866,-1786,7922,-396,269,-20,-1363,12365,-4,44,-755,-256,37021,136,29,144,0,0,0,0,0,0,0,0,-32306,0,0,0,0,0,103252,0
101871,-1724,7944,-476,261,-30,-1344,12365,0,8,-742,-264,37021,136,29,144,0,0,0,0,0,0,0,0,-32307,0,0,0,0,0,103258,0
101876,-1916,7550,-758,249,-39,-1305,12364,-9,-5,-744,-248,37020,137,29,144,0,0,0,0,0,0,0,0,-32306,0,0,0,0,0,103263,0
101881,-1652,8134,-420,236,-40,-1294,12364,-6,0,-742,-248,37020,137,29,144,0,0,0,0,0,0,0,0,-32307,0,0,0,0,0,103269,0
101886,-1526,7904,-498,232,-48,-1281,12365,1,0,-740,-264,37019,136,29,144,0,0,0,0,0,0,0,0,-32307,0,0,0,0,0,103274,0
101891,-1568,7850,-594,218,-44,-1272,12364,-9,-2,-745,-248,37019,136,29,144,0,0,0,0,0,0,0,0,-32306,0,0,0,0,0,103279,0
101896,-1696,7942,-526,204,-49,-1244,12363,-9,-2,-737,-256,37021,137,29,144,0,0,0,0,0,0,0,0,-32307,0,0,0,0,0,103285,0
101901,-1708,7894,-530,203,-47,-1241,12363,0,-1,-739,-256,37021,137,29,144,0,0,0,0,0,0,0,0,-32307,0,0,0,0,0,103290,0
101906,-1698,7934,-552,196,-53,-1222,12363,-4,-1,-743,-248,37023,135,29,144,0,0,0,0,0,0,0,0,-32306,0,0,0,0,0,103296,0
101911,-1754,7918,-536,181,-49,-1211,12361,-15,-4,-736,-256,37023,135,29,144,0,0,0,0,0,0,0,0,-32306,0,0,0,0,0,103302,0
101916,-1650,7560,-434,185,-45,-1187,12361,0,0,-730,-264,37024,129,29,144,0,0,0,0,0,0,0,0,-32307,0,0,0,0,0,103308,0
101921,-1734,8098,-362,150,-56,-1174,12359,-7,3,-742,-248,37024,129,29,144,0,0,0,0,0,0,0,0,-32306,0,0,0,0,0,103313,0
101926,-1660,8074,-494,150,-49,-1167,12361,4,1,-731,-256,37022,123,29,144,0,0,0,0,0,0,0,0,-32307,0,0,0,0,0,103319,0
101931,-1610,8006,-522,137,-38,-1154,12359,-11,-2,-732,-248,37022,123,29,144,0,0,0,0,0,0,0,0,-32307,0,0,0,0,0,103324,0
101936,-1816,8436,-598,123,-33,-1124,12358,4,4,-727,-256,37022,130,29,144,0,0,0,0,0,0,0,0,-32307,0,0,0,0,0,103329,0
101941,-1734,8324,-648,115,-34,-1125,12359,-4,-6,-728,-264,37022,130,29,144,0,0,0,0,0,0,0,0,-32307,0,0,0,0,0,103335,0
101946,-1454,8124,-696,112,-42,-1116,12357,-6,4,-728,-248,37020,134,29,144,0,0,0,0,0,0,0,0,-32307,0,0,0,0,0,103340,0
101951,-1520,8300,-700,106,-52,-1116,12356,-1,0,-726,-256,37020,134,29,144,0,0,0,0,0,0,0,0,-32307,0,0,0,0,0,103346,0
101956,-1494,8144,-588,95,-63,-1112,12355,-12,-5,-728,-256,37022,139,29,144,0,0,0,0,0,0,0,0,-32307,0,0,0,0,0,103352,0
101961,-1514,7998,-556,87,-77,-1117,12352,1,-3,-721,-256,37022,139,29,144,0,0,0,0,0,0,0,0,-32307,0,0,0,0,0,103357,0
101966,-1554,8020,-522,87,-90,-1120,12352,-5,2,-726,-256,37027,136,29,144,0,0,0,0,0,0,0,0,-32306,0,0,0,0,0,103362,0
101971,-1644,8046,-490,77,-94,-1118,12350,-7,2,-722,-248,37027,136,29,144,0,0,0,0,0,0,0,0,-32307,0,0,0,0,0,103368,0
101976,-1764,7964,-438,75,-102,-1118,12349,-5,-1,-716,-256,37026,134,29,144,0,0,0,0,0,0,0,0,-32307,0,0,0,0,0,103373,0
101981,-1722,7866,-400,70,-116,-1118,12345,-11,1,-710,-256,37026,134,29,144,0,0,0,0,0,0,0,0,-32307,0,0,0,0,0,103379,0
101986,-1760,7922,-380,72,-122,-1123,12341,-20,-10,-698,-240,37026,129,29,144,0,0,0,0,0,0,0,0,-32307,0,0,0,0,0,103384,0
101991,-1758,7880,-394,68,-130,-1124,12333,-36,-20,-670,-248,37026,129,29,144,0,0,0,0,0,0,0,0,-32307,0,0,0,0,0,103390,0
101996,-1774,7900,-354,66,-141,-1127,12321,-56,-26,-633,-256,37021,134,29,144,0,0,0,0,0,0,0,0,-32307,0,0,0,0,0,103395,0
102001,-1842,7880,-324,65,-151,-1133,12308,-57,-40,-600,-256,37021,134,29,144,0,0,0,0,0,0,0,0,-32306,0,0,0,0,0,103401,0
102006,-1850,7896,-320,67,-162,-1131,12301,-24,-26,-604,-224,37021,131,29,144,0,0,0,0,0,0,0,0,-32307,0,0,0,0,0,103406,0
102011,-1812,7898,-276,67,-167,-1137,12301,0,6,-652,-232,37021,131,29,144,0,0,0,0,0,0,0,0,-32306,0,0,0,0,0,103412,0
102016,-1782,7976,-224,73,-178,-1140,12302,5,41,-680,-240,37017,130,29,144,0,0,0,0,0,0,0,0,-32307,0,0,0,0,0,103417,0
102021,-1638,8374,-276,59,-166,-1142,12301,2,55,-682,-232,37017,130,29,144,0,0,0,0,0,0,0,0,-32307,0,0,0,0,0,103423,0
102026,-1580,7954,96,85,-174,-1142,12301,3,39,-682,-224,37016,125,29,144,0,0,0,0,0,0,0,0,-32307,0,0,0,0,0,103428,0
102031,-1742,8162,-294,88,-192,-1145,12302,4,6,-681,-232,37016,125,29,144,0,0,0,0,0,0,0,0,-32307,0,0,0,0,0,103434,0
102036,-1694,8186,-240,76,-182,-1150,12300,5,2,-677,-232,37016,124,29,144,0,0,0,0,0,0,0,0,-32306,0,0,0,0,0,103439,0
102041,-1680,8248,-232,87,-185,-1157,12301,5,2,-679,-224,37016,124,29,144,0,0,0,0,0,0,0,0,-32307,0,0,0,0,0,103445,0
102046,-1700,8264,-252,83,-191,-1162,12301,3,0,-678,-224,37018,127,29,144,0,0,0,0,0,0,0,0,-32306,0,0,0,0,0,103450,0
102051,-1692,8304,-304,82,-189,-1162,12300,-2,-1,-676,-232,37018,127,29,144,0,0,0,0,0,0,0,0,-32306,0,0,0,0,0,103456,0
102056,-1750,8294,-312,88,-189,-1174,12301,1,-1,-676,-216,37018,124,29,144,0,0,0,0,0,0,0,0,-32307,0,0,0,0,0,103462,0
102061,-1860,8322,-360,86,-189,-1178,12299,-3,-1,-683,-216,37018,124,29,144,0,0,0,0,0,0,0,0,-32306,0,0,0,0,0,103467,0
102066,-1766,8298,-302,81,-188,-1180,12300,1,-1,-678,-224,37020,123,29,144,0,0,0,0,0,0,0,0,-32307,0,0,0,0,0,103472,0
102071,-2096,7524,-514,100,-188,-1184,12301,1,2,-681,-232,37020,123,29,144,0,0,0,0,0,0,0,0,-32307,0,0,0,0,0,103478,0
102076,-1766,8262,-186,79,-203,-1198,12300,-3,5,-686,-216,37022,127,29,144,0,0,0,0,0,0,0,0,-32307,0,0,0,0,0,103484,0
102081,-1702,8128,-258,86,-195,-1212,12301,0,0,-680,-232,37022,127,29,144,0,0,0,0,0,0,0,0,-32307,0,0,0,0,0,103489,0
102086,-1806,8162,-342,90,-199,-1216,12300,-3,-1,-681,-224,37022,129,29,144,0,0,0,0,0,0,0,0,-32307,0,0,0,0,0,103494,0
102091,-1798,8186,-364,75,-187,-1225,12301,0,1,-683,-224,37022,129,29,144,0,0,0,0,0,0,0,0,-32307,0,0,0,0,0,103500,0
102096,-2036,8196,-370,81,-192,-1242,12300,-2,-2,-681,-224,37017,138,29,144,0,0,0,0,0,0,0,0,-32307,0,0,0,0,0,103505,0
102101,-1948,8276,-316,68,-181,-1230,12300,-1,-2,-678,-224,37017,138,29,144,0,0,0,0,0,0,0,0,-32306,0,0,0,0,0,103511,0
102106,-1940,8276,-268,71,-176,-1248,12299,-2,0,-687,-224,37017,130,29,144,0,0,0,0,0,0,0,0,-32307,0,0,0,0,0,103516,0
102111,-1786,8450,-606,54,-169,-1250,12301,0,3,-686,-224,37017,130,29,144,0,0,0,0,0,0,0,0,-32306,0,0,0,0,0,103521,0
102116,-1966,8164,-378,75,-184,-1265,12301,-4,-1,-682,-224,37016,129,29,144,0,0,0,0,0,0,0,0,-32307,0,0,0,0,0,103527,0
102121,-1742,8306,-526,62,-192,-1266,12300,-2,7,-681,-216,37016,129,29,144,0,0,0,0,0,0,0,0,-32306,0,0,0,0,0,103533,0
102126,-1864,8154,-160,73,-213,-1285,12301,7,-1,-680,-232,37015,129,29,144,0,0,0,0,0,0,0,0,-32306,0,0,0,0,0,103538,0
102131,-2078,8328,-422,83,-219,-1282,12301,0,-2,-682,-224,37015,129,29,144,0,0,0,0,0,0,0,0,-32307,0,0,0,0,0,103543,0
102136,-2286,8480,-232,86,-259,-1305,12301,0,2,-679,-232,37014,126,29,144,0,0,0,0,0,0,0,0,-32306,0,0,0,0,0,103549,0
102141,-2220,8428,-276,94,-278,-1299,12301,3,0,-682,-232,37014,126,29,144,0,0,0,0,0,0,0,0,-32307,0,0,0,0,0,103554,0
102146,-2042,8462,-286,99,-292,-1316,12302,4,1,-685,-232,37014,129,29,144,0,0,0,0,0,0,0,0,-32307,0,0,0,0,0,103560,0
102151,-1938,8472,-358,104,-308,-1334,12301,0,-4,-681,-232,37014,129,29,144,0,0,0,0,0,0,0,0,-32306,0,0,0,0,0,103565,0
102156,-1892,8584,-460,114,-327,-1356,12301,5,1,-675,-232,37018,130,29,144,0,0,0,0,0,0,0,0,-32307,0,0,0,0,0,103571,0
102161,-1824,8764,-470,110,-331,-1380,12302,-1,-1,-686,-224,37018,130,29,144,0,0,0,0,0,0,0,0,-32307,0,0,0,0,0,103576,0
102166,-1712,8798,-498,110,-329,-1393,12301,2,-2,-685,-224,37021,129,29,144,0,0,0,0,0,0,0,0,-32307,0,0,0,0,0,103582,0
102171,-1616,8932,-534,104,-326,-1420,12302,-1,1,-684,-224,37021,129,29,144,0,0,0,0,0,0,0,0,-32307,0,0,0,0,0,103587,0
102176,-1506,9180,-474,76,-305,-1459,12301,-2,0,-683,-208,37026,120,29,144,0,0,0,0,0,0,0,0,-32307,0,0,0,0,0,103592,0
102181,-1436,9324,-492,64,-286,-1481,12302,1,1,-686,-224,37026,120,29,144,0,0,0,0,0,0,0,0,-32307,0,0,0,0,0,103598,0
102186,-1444,9314,-398,42,-270,-1504,12303,-3,1,-687,-208,37027,120,29,144,0,0,0,0,0,0,0,0,-32306,0,0,0,0,0,103604,0
102191,-1364,9336,-384,29,-245,-1528,12305,9,7,-688,-240,37027,120,29,144,0,0,0,0,0,0,0,0,-32307,0,0,0,0,0,103609,0
102196,-1284,9238,-438,-25,-176,-1574,12307,6,4,-696,-216,37026,114,29,144,0,0,0,0,0,0,0,0,-32308,0,0,0,0,0,103614,0
102201,-1380,9062,-422,-52,-139,-1595,12307,3,6,-696,-232,37026,114,29,144,0,0,0,0,0,0,0,0,-32307,0,0,0,0,0,103620,0
102206,-1548,8858,-430,-75,-106,-1614,12308,-3,2,-704,-216,37022,122,29,144,0,0,0,0,0,0,0,0,-32307,0,0,0,0,0,103625,0
102211,-1704,8594,-360,-105,-80,-1634,12311,7,3,-704,-216,37022,122,29,144,0,0,0,0,0,0,0,0,-32307,0,0,0,0,0,103631,0
102216,-1914,8134,-382,-160,-4,-1681,12314,9,5,-711,-224,37022,122,29,144,0,0,0,0,0,0,0,0,-32307,0,0,0,0,0,103636,0
102221,-2040,7902,-370,-181,20,-1705,12316,9,8,-716,-224,37022,122,29,144,0,0,0,0,0,0,0,0,-32307,0,0,0,0,0,103642,0
102226,-1988,7728,-350,-203,48,-1730,12322,23,11,-725,-224,37020,124,29,144,0,0,0,0,0,0,0,0,-32307,0,0,0,0,0,103647,0
102231,-2058,7702,-378,-225,68,-1749,12329,29,10,-743,-232,37020,124,29,144,0,0,0,0,0,0,0,0,-32307,0,0,0,0,0,103653,0
102236,-1910,7718,-254,-253,112,-1826,12340,54,27,-775,-208,37020,122,29,144,0,0,0,0,0,0,0,0,-32307,0,0,0,0,0,103658,0
102241,-1440,7576,-172,-258,128,-1878,12367,130,57,-858,-184,37020,122,29,144,0,0,0,0,0,0,0,0,-32306,0,0,0,0,0,103663,0
102246,-1120,7474,-188,-284,150,-1906,12415,212,126,-1023,-152,37021,123,29,144,0,0,0,0,0,0,0,0,-32307,0,0,0,0,0,103669,0
102251,-1334,7354,-192,-300,177,-1947,12477,285,191,-1182,-120,37021,123,29,144,0,0,0,0,0,0,0,0,-32307,0,0,0,0,0,103675,0
102256,-2064,7040,54,-328,265,-1997,12560,365,244,-1376,-120,37024,122,29,144,0,0,0,0,0,0,0,0,-32307,0,0,0,0,0,103680,0
102261,-2278,6976,146,-343,293,-2011,12659,461,273,-1611,-72,37024,122,29,144,0,0,0,0,0,0,0,0,-32307,0,0,0,0,0,103685,0
102266,-2492,6952,270,-351,320,-2018,12779,538,273,-1818,-48,37027,120,29,144,0,0,0,0,0,0,0,0,-32307,0,0,0,0,0,103691,0
102271,-2738,6932,372,-351,330,-2032,12915,605,286,-2083,-88,37027,120,29,144,0,0,0,0,0,0,0,0,-32306,0,0,0,0,0,103696,0
102276,-3034,7096,402,-359,362,-2040,13058,630,259,-2244,1192,37032,108,29,144,0,0,0,0,0,0,0,0,-32306,0,0,0,0,0,103701,0
102281,-2624,7144,438,-352,353,-2096,13298,1136,344,-704,2488,37032,108,29,144,0,0,0,0,0,0,0,0,-32307,0,0,0,0,0,103707,0
102286,-1472,7240,314,-340,345,-2235,13699,1836,754,-30,4072,37035,118,29,144,0,0,0,0,0,0,0,0,-32307,0,0,0,0,0,103713,0
102291,190,7760,12,-318,335,-2359,14243,2450,1334,17,5280,37035,118,29,144,0,0,0,0,0,0,0,0,-32307,0,0,0,0,0,103718,0
102296,1764,9216,-302,-293,318,-2597,14910,2983,1840,18,6208,37030,127,29,144,0,0,0,0,0,0,0,0,-32307,0,0,0,0,0,103724,0
102301,1610,9502,-290,-280,306,-2715,15690,3481,2081,-30,7112,37030,127,29,144,0,0,0,0,0,0,0,0,-32307,0,0,0,0,0,103729,0
102306,1050,9432,-164,-254,290,-2820,16583,3980,1965,-87,8032,37022,144,29,144,0,0,0,0,0,0,0,0,-32307,0,0,0,0,0,103734,0
102311,188,9248,-70,-247,290,-2917,17586,4455,1812,-170,8912,37022,144,29,144,0,0,0,0,0,0,0,0,-32307,0,0,0,0,0,103740,0
102316,-1552,8644,174,-236,252,-3069,18694,4918,1723,-281,9864,37018,132,29,144,0,0,0,0,0,0,0,0,-32307,0,0,0,0,0,103746,0
102321,-2048,8470,184,-236,238,-3125,19921,5452,1696,-362,10960,37018,132,29,144,0,0,0,0,0,0,0,0,-32307,0,0,0,0,0,103751,0
102326,-1814,8034,102,-209,218,-3198,21271,5995,1729,-383,11872,37028,107,29,144,0,0,0,0,0,0,0,0,-32307,0,0,0,0,0,103756,0
102331,-1372,8244,-78,-187,198,-3267,22718,6397,1741,-463,12584,37028,107,29,144,0,0,0,0,0,0,0,0,-32307,0,0,0,0,0,103762,0
102336,-778,7726,-336,-167,189,-3430,24246,6761,1674,-609,13280,37048,64,29,144,0,0,0,0,0,0,0,0,-32307,0,0,0,0,0,103767,0
102341,-676,7642,-232,-144,184,-3514,25856,7114,1545,-686,13856,37048,64,29,144,0,0,0,0,0,0,0,0,-32308,0,0,0,0,0,103773,0
102346,-692,7358,-156,-149,175,-3578,27518,7335,1328,-748,14088,37076,7,29,144,0,0,0,0,0,0,0,0,-32307,0,0,0,0,0,103778,0
102351,-1164,7120,-44,-158,146,-3640,29250,7658,1147,-874,14568,37076,7,29,144,0,0,0,0,0,0,0,0,-32308,0,0,0,0,0,103784,0
102356,-2124,6958,36,-108,81,-3762,31027,7819,1019,-978,14640,37108,-71,29,144,0,0,0,0,0,0,0,0,-32307,0,0,0,0,0,103789,0
102361,-2506,7108,20,-75,37,-3811,32839,8001,869,-1183,15224,37108,-71,29,144,0,0,0,0,0,0,0,0,-32307,0,0,0,0,0,103795,0
102366,-2702,7234,78,-48,-6,-3845,34684,8132,741,-1246,15264,37157,-172,29,144,0,0,0,0,0,0,0,0,-32306,0,0,0,0,0,103800,0
102371,-2860,7052,62,-35,-13,-3859,36558,8269,619,-1371,15576,37157,-172,29,144,0,0,0,0,0,0,0,0,-32307,0,0,0,0,0,103806,0
102376,-3230,7404,78,9,-81,-3934,38477,8455,541,-1456,15696,37209,-271,29,144,0,0,0,0,0,0,0,0,-32306,0,0,0,0,0,103811,0
102381,-3172,7470,20,67,-102,-3977,40402,8482,503,-1614,16072,37209,-271,29,144,0,0,0,0,0,0,0,0,-32307,0,0,0,0,0,103817,0
102386,-2946,7654,56,51,-132,-3991,42354,8591,438,-1757,16072,37274,-375,29,144,0,0,0,0,0,0,0,0,-32307,0,0,0,0,0,103822,0
102391,-3070,7428,306,83,-143,-4015,44308,8603,346,-1776,16024,37274,-375,29,144,0,0,0,0,0,0,0,0,-32307,0,0,0,0,0,103827,0
102396,-3734,7350,130,111,-222,-4055,46294,8757,289,-1899,16056,37328,-472,29,144,0,0,0,0,0,0,0,0,-32307,0,0,0,0,0,103833,0
102401,-3528,6782,-52,184,-242,-4065,48267,8680,213,-2027,16032,37328,-472,29,144,0,0,0,0,0,0,0,0,-32308,0,0,0,0,0,103839,0
102406,-3856,6748,312,146,-286,-4077,50251,8729,178,-2276,16024,37389,-583,29,144,0,0,0,0,0,0,0,0,-32306,0,0,0,0,0,103844,0
102411,-3966,6670,188,167,-318,-4093,52217,8655,67,-2309,16040,37389,-583,29,144,0,0,0,0,0,0,0,0,-32307,0,0,0,0,0,103850,0
102416,-4590,6232,48,220,-364,-4069,54206,8763,40,-2438,16008,37443,-677,29,144,0,0,0,0,0,0,0,0,-32306,0,0,0,0,0,103855,0
102421,-4778,6240,126,252,-387,-4087,56186,8698,0,-2540,16080,37443,-677,29,144,0,0,0,0,0,0,0,0,-32308,0,0,0,0,0,103860,0
102426,-4554,6076,86,279,-406,-4081,58165,8715,33,-2773,16096,37499,-803,29,144,0,0,0,0,0,0,0,0,-32307,0,0,0,0,0,103866,0
102431,-4598,5886,228,260,-433,-4068,60134,8651,-8,-2751,15720,37499,-803,29,144,0,0,0,0,0,0,0,0,-32308,0,0,0,0,0,103871,0
102436,-5038,5406,44,288,-495,-4047,62110,8707,-21,-2874,15664,37551,-895,29,144,0,0,0,0,0,0,0,0,-32306,0,0,0,0,0,103877,0
102441,-4764,5268,116,273,-514,-4024,64066,8580,-72,-2981,15360,37551,-895,29,144,0,0,0,0,0,0,0,0,-32308,0,0,0,0,0,103882,0
102446,-4714,4852,16,277,-530,-3995,65997,8499,-109,-3183,15232,37600,-989,29,144,0,0,0,0,0,0,0,0,-32306,0,0,0,0,0,103888,0
102451,-4554,4416,174,301,-535,-3933,67890,8307,-237,-3228,14608,37600,-989,29,144,0,0,0,0,0,0,0,0,-32308,0,0,0,0,0,103893,0
102456,-4704,4578,148,310,-643,-3651,69753,8200,-359,-3347,14208,37639,-1051,29,144,0,0,0,0,0,0,0,0,-32306,0,0,0,0,0,103899,0
102461,-3830,4568,656,317,-708,-3487,71582,8030,-465,-3335,13768,37639,-1051,29,144,0,0,0,0,0,0,0,0,-32307,0,0,0,0,0,103904,0
102466,-3706,4848,940,318,-757,-3336,73344,7727,-545,-3546,13160,37669,-1091,29,144,0,0,0,0,0,0,0,0,-32308,0,0,0,0,0,103910,0
102471,-3932,5312,982,291,-801,-3169,75044,7449,-681,-3642,12472,37669,-1091,29,144,0,0,0,0,0,0,0,0,-32308,0,0,0,0,0,103915,0
102476,-4584,5858,810,238,-815,-2807,76660,7075,-845,-3743,11576,37684,-1101,29,144,0,0,0,0,0,0,0,0,-32307,0,0,0,0,0,103921,0
102481,-4852,5956,954,214,-795,-2619,78217,6823,-1008,-3831,10952,37684,-1101,29,144,0,0,0,0,0,0,0,0,-32306,0,0,0,0,0,103926,0
102486,-5300,6120,834,176,-797,-2434,79700,6488,-1068,-3874,10176,37687,-1073,29,144,0,0,0,0,0,0,0,0,-32307,0,0,0,0,0,103931,0
102491,-5882,5936,600,148,-737,-2280,81099,6117,-1099,-4068,9464,37687,-1073,29,144,0,0,0,0,0,0,0,0,-32308,0,0,0,0,0,103937,0
102496,-7526,5748,460,104,-683,-1994,82438,5866,-1107,-4104,8936,37679,-1033,29,144,0,0,0,0,0,0,0,0,-32308,0,0,0,0,0,103942,0
102501,-8176,5884,354,85,-645,-1879,83706,5548,-1086,-4116,8248,37679,-1033,29,144,0,0,0,0,0,0,0,0,-32306,0,0,0,0,0,103948,0
102506,-8630,5418,274,44,-616,-1763,84913,5274,-1078,-4247,7600,37651,-958,29,144,0,0,0,0,0,0,0,0,-32308,0,0,0,0,0,103953,0
102511,-8930,5144,66,54,-611,-1656,86075,5106,-987,-4280,7192,37651,-958,29,144,0,0,0,0,0,0,0,0,-32305,0,0,0,0,0,103959,0
102516,-9156,5196,184,36,-622,-1384,87197,4906,-863,-4303,6744,37619,-886,29,144,0,0,0,0,0,0,0,0,-32309,0,0,0,0,0,103964,0
102521,-8884,5226,202,46,-642,-1230,88261,4653,-797,-4381,6240,37619,-886,29,144,0,0,0,0,0,0,0,0,-32305,0,0,0,0,0,103970,0
102526,-8704,5312,194,43,-639,-1102,89264,4392,-759,-4481,5560,37577,-806,29,144,0,0,0,0,0,0,0,0,-32307,0,0,0,0,0,103975,0
102531,-8766,5694,82,29,-638,-962,90211,4139,-802,-4498,5104,37577,-806,29,144,0,0,0,0,0,0,0,0,-32309,0,0,0,0,0,103980,0
102536,-8212,5714,310,-11,-596,-643,91093,3848,-874,-4501,4352,37538,-728,29,144,0,0,0,0,0,0,0,0,-32308,0,0,0,0,0,103986,0
102541,-8044,5544,308,-20,-571,-433,91897,3494,-944,-4584,3528,37538,-728,29,144,0,0,0,0,0,0,0,0,-32307,0,0,0,0,0,103991,0
102546,-7824,5518,460,-48,-556,-210,92613,3105,-1039,-4628,2672,37491,-626,29,144,0,0,0,0,0,0,0,0,-32307,0,0,0,0,0,103997,0
102551,-7596,5478,498,-73,-531,53,93237,2701,-1173,-4680,1608,37491,-626,29,144,0,0,0,0,0,0,0,0,-32309,0,0,0,0,0,104002,0
102556,-7564,5408,394,-112,-501,551,93764,2278,-1306,-4698,904,37429,-497,29,144,0,0,0,0,0,0,0,0,-32307,0,0,0,0,0,104008,0
102561,-7508,5134,540,-132,-471,806,94185,1813,-1407,-4732,384,37429,-497,29,144,0,0,0,0,0,0,0,0,-32306,0,0,0,0,0,104014,0
102566,-7774,4814,432,-159,-414,1028,94484,1254,-1524,-5029,-248,37346,-328,29,144,0,0,0,0,0,0,0,0,-32307,0,0,0,0,0,104019,0
102571,-8180,4462,338,-179,-364,1263,94656,703,-1667,-5119,-592,37346,-328,29,144,0,0,0,0,0,0,0,0,-32309,0,0,0,0,0,104024,0
102576,-8652,3816,416,-238,-255,1628,94733,301,-1742,-4935,-1272,37238,-119,29,144,0,0,0,0,0,0,0,0,-32307,0,0,0,0,0,104030,0
102581,-8856,3876,362,-265,-200,1762,94744,28,-1681,-4770,-1648,37238,-119,29,144,0,0,0,0,0,0,0,0,-32306,0,0,0,0,0,104035,0
102586,-8990,4110,402,-286,-163,1829,94730,-67,-1405,-4678,-1728,37127,103,29,144,0,0,0,0,0,0,0,0,-32306,0,0,0,0,0,104041,0
102591,-9092,4456,396,-317,-107,1840,94712,-89,-961,-4666,-1904,37127,103,29,144,0,0,0,0,0,0,0,0,-32306,0,0,0,0,0,104046,0
102596,-8786,4828,314,-369,1,1821,94673,-184,-564,-4615,-2128,37042,278,29,144,0,0,0,0,0,0,0,0,-32307,0,0,0,0,0,104052,0
102601,-8290,4770,346,-395,38,1857,94613,-276,-327,-4673,-2184,37042,278,29,144,0,0,0,0,0,0,0,0,-32308,0,0,0,0,0,104057,0
102606,-7654,4690,416,-419,89,1923,94531,-374,-267,-4655,-2488,36981,375,29,144,0,0,0,0,0,0,0,0,-32308,0,0,0,0,0,104063,0
102611,-7294,4740,474,-445,138,1991,94420,-501,-311,-4646,-2792,36981,375,29,144,0,0,0,0,0,0,0,0,-32309,0,0,0,0,0,104068,0
102616,-6520,4962,554,-501,202,2214,94309,-607,-371,-4645,-3192,36940,425,29,144,0,0,0,0,0,0,0,0,-32308,0,0,0,0,0,104073,0
102621,-6024,5146,578,-527,227,2368,94131,-803,-441,-4652,-3504,36940,425,29,144,0,0,0,0,0,0,0,0,-32305,0,0,0,0,0,104079,0
102626,-5750,5292,686,-559,257,2514,93899,-1043,-548,-4622,-4064,36895,475,29,144,0,0,0,0,0,0,0,0,-32305,0,0,0,0,0,104084,0
102631,-5460,5344,682,-592,282,2683,93612,-1289,-667,-4621,-4672,36895,475,29,144,0,0,0,0,0,0,0,0,-32309,0,0,0,0,0,104089,0
102636,-5648,5370,680,-645,350,2948,93269,-1536,-773,-4639,-5048,36845,578,29,144,0,0,0,0,0,0,0,0,-32305,0,0,0,0,0,104095,0
102641,-6008,5250,574,-684,398,3026,92873,-1761,-828,-4613,-5520,36845,578,29,144,0,0,0,0,0,0,0,0,-32308,0,0,0,0,0,104101,0
102646,-6192,4892,618,-713,407,3143,92435,-1945,-808,-4598,-6008,36784,687,29,144,0,0,0,0,0,0,0,0,-32305,0,0,0,0,0,104106,0
102651,-5982,4808,652,-734,416,3293,91960,-2105,-748,-4539,-6264,36784,687,29,144,0,0,0,0,0,0,0,0,-32308,0,0,0,0,0,104111,0
102656,-5702,5206,642,-763,438,3507,91452,-2251,-656,-4495,-6392,36723,799,29,144,0,0,0,0,0,0,0,0,-32306,0,0,0,0,0,104117,0
102661,-6110,5496,566,-801,450,3572,90911,-2400,-577,-4478,-6880,36723,799,29,144,0,0,0,0,0,0,0,0,-32305,0,0,0,0,0,104122,0
102666,-6390,5558,442,-810,467,3622,90339,-2525,-524,-4455,-6864,36672,873,29,144,0,0,0,0,0,0,0,0,-32308,0,0,0,0,0,104128,0
102671,-6248,5380,526,-831,490,3685,89744,-2634,-484,-4393,-7224,36672,873,29,144,0,0,0,0,0,0,0,0,-32308,0,0,0,0,0,104133,0
102676,-5900,5298,594,-879,505,3796,89136,-2685,-414,-4361,-7040,36636,931,29,144,0,0,0,0,0,0,0,0,-32305,0,0,0,0,0,104139,0
102681,-5584,5408,646,-881,493,3882,88516,-2730,-329,-4280,-7320,36636,931,29,144,0,0,0,0,0,0,0,0,-32305,0,0,0,0,0,104144,0
102686,-5824,5668,706,-887,483,3915,87885,-2785,-249,-4324,-7328,36607,963,29,144,0,0,0,0,0,0,0,0,-32307,0,0,0,0,0,104150,0
102691,-5858,5636,678,-910,499,3953,87236,-2858,-211,-4204,-7488,36607,963,29,144,0,0,0,0,0,0,0,0,-32308,0,0,0,0,0,104155,0
102696,-5550,5692,544,-908,485,4008,86572,-2932,-212,-4207,-7696,36586,992,29,144,0,0,0,0,0,0,0,0,-32308,0,0,0,0,0,104161,0
102701,-5238,5520,518,-905,457,4062,85891,-3005,-234,-4203,-7816,36586,992,29,144,0,0,0,0,0,0,0,0,-32307,0,0,0,0,0,104166,0
102706,-4850,5538,578,-892,424,4149,85199,-3050,-239,-4092,-7832,36571,1000,30,144,0,0,0,0,0,0,0,0,-32305,0,0,0,0,0,104172,0
102711,-4484,5514,732,-882,398,4239,84496,-3103,-219,-4007,-7928,36571,1000,30,144,0,0,0,0,0,0,0,0,-32305,0,0,0,0,0,104177,0
102716,-3576,6230,652,-871,317,4491,83773,-3186,-219,-4003,-8296,36559,1014,29,144,0,0,0,0,0,0,0,0,-32305,0,0,0,0,0,104182,0
102721,-3012,6000,804,-870,266,4642,83019,-3332,-259,-3956,-8712,36559,1014,29,144,0,0,0,0,0,0,0,0,-32305,0,0,0,0,0,104188,0
102726,-2776,6442,966,-866,235,4804,82220,-3536,-363,-3924,-9048,36544,1030,29,144,0,0,0,0,0,0,0,0,-32305,0,0,0,0,0,104193,0
102731,-2194,6212,894,-861,190,4993,81368,-3771,-519,-3887,-9440,36544,1030,29,144,0,0,0,0,0,0,0,0,-32305,0,0,0,0,0,104199,0
102736,-1788,5962,790,-858,118,5438,80464,-3997,-664,-3860,-10144,36523,1069,29,144,0,0,0,0,0,0,0,0,-32305,0,0,0,0,0,104204,0
102741,-1582,5934,924,-871,87,5695,79508,-4234,-754,-3734,-10520,36523,1069,29,144,0,0,0,0,0,0,0,0,-32307,0,0,0,0,0,104210,0
102746,-976,5890,1048,-864,35,6017,78484,-4537,-835,-3704,-11216,36491,1137,29,144,0,0,0,0,0,0,0,0,-32308,0,0,0,0,0,104215,0
102751,-494,6118,1258,-865,-10,6274,77387,-4851,-913,-3675,-11832,36491,1137,29,144,0,0,0,0,0,0,0,0,-32305,0,0,0,0,0,104221,0
102756,448,6848,1068,-867,-87,6890,76231,-5111,-970,-3581,-12512,36451,1208,29,144,0,0,0,0,0,0,0,0,-32307,0,0,0,0,0,104226,0
102761,522,6386,636,-835,-124,7171,75000,-5452,-1025,-3471,-13376,36451,1208,29,144,0,0,0,0,0,0,0,0,-32305,0,0,0,0,0,104232,0
102766,470,7414,586,-839,-171,7438,73673,-5886,-1114,-3462,-13912,36408,1289,29,144,0,0,0,0,0,0,0,0,-32308,0,0,0,0,0,104237,0
102771,686,6686,370,-809,-225,7755,72259,-6256,-1209,-3401,-14904,36408,1289,29,144,0,0,0,0,0,0,0,0,-32307,0,0,0,0,0,104243,0
102776,1038,6992,1396,-830,-333,8470,70756,-6648,-1309,-3237,-15752,36361,1372,29,144,0,0,0,0,0,0,0,0,-32307,0,0,0,0,0,104248,0
102781,1334,7342,1212,-787,-387,8829,69159,-7061,-1380,-3136,-16480,36361,1372,29,144,0,0,0,0,0,0,0,0,-32306,0,0,0,0,0,104253,0
102786,1814,7190,458,-776,-404,9131,67493,-7357,-1342,-3032,-16968,36319,1456,29,144,0,0,0,0,0,0,0,0,-32307,0,0,0,0,0,104259,0
102791,1608,7724,930,-814,-431,9349,65742,-7748,-1292,-2888,-17896,36319,1456,29,144,0,0,0,0,0,0,0,0,-32308,0,0,0,0,0,104264,0
102796,1060,8712,828,-722,-487,9938,63902,-8126,-1280,-2829,-18616,36282,1515,29,144,0,0,0,0,0,0,0,0,-32306,0,0,0,0,0,104270,0
102801,992,8586,682,-699,-505,10194,61977,-8516,-1280,-2636,-19504,36282,1515,29,144,0,0,0,0,0,0,0,0,-32306,0,0,0,0,0,104275,0
102806,452,8234,596,-742,-524,10434,59972,-8842,-1291,-2603,-20056,36269,1512,30,144,0,0,0,0,0,0,0,0,-32307,0,0,0,0,0,104281,0
102811,322,8290,736,-701,-559,10705,57912,-9094,-1239,-2446,-20520,36269,1512,30,144,0,0,0,0,0,0,0,0,-32307,0,0,0,0,0,104286,0
102816,936,9330,478,-668,-621,11151,55785,-9381,-1118,-2335,-20952,36262,1511,29,144,0,0,0,0,0,0,0,0,-32306,0,0,0,0,0,104292,0
102821,834,9092,388,-676,-644,11350,53593,-9679,-1046,-2162,-21440,36262,1511,29,144,0,0,0,0,0,0,0,0,-32306,0,0,0,0,0,104298,0
102826,42,9240,246,-615,-682,11540,51352,-9853,-944,-2058,-21776,36273,1467,29,144,0,0,0,0,0,0,0,0,-32307,0,0,0,0,0,104303,0
102831,364,9918,422,-599,-704,11736,49077,-10039,-871,-1891,-22072,36273,1467,29,144,0,0,0,0,0,0,0,0,-32307,0,0,0,0,0,104308,0
102836,884,10172,246,-518,-767,11995,46762,-10185,-738,-1760,-22392,36293,1412,29,144,0,0,0,0,0,0,0,0,-32307,0,0,0,0,0,104314,0
102841,1074,10810,296,-504,-768,12100,44392,-10454,-690,-1623,-22800,36293,1412,29,144,0,0,0,0,0,0,0,0,-32306,0,0,0,0,0,104319,0
102846,320,10760,330,-464,-792,12165,42009,-10490,-587,-1547,-22736,36343,1286,29,144,0,0,0,0,0,0,0,0,-32307,0,0,0,0,0,104325,0
102851,560,11040,156,-427,-818,12249,39588,-10664,-586,-1386,-22808,36343,1286,29,144,0,0,0,0,0,0,0,0,-32306,0,0,0,0,0,104330,0
102856,1048,11772,106,-419,-823,12320,37143,-10780,-490,-1190,-23112,36401,1162,29,144,0,0,0,0,0,0,0,0,-32307,0,0,0,0,0,104336,0
102861,560,11536,110,-305,-820,12325,34688,-10785,-419,-1101,-23008,36401,1162,29,144,0,0,0,0,0,0,0,0,-32307,0,0,0,0,0,104341,0
102866,414,11694,188,-289,-892,12352,32229,-10838,-297,-914,-23064,36472,1014,29,144,0,0,0,0,0,0,0,0,-32307,0,0,0,0,0,104347,0
102871,666,12022,114,-275,-926,12346,29775,-10784,-173,-769,-22760,36472,1014,29,144,0,0,0,0,0,0,0,0,-32306,0,0,0,0,0,104352,0
102876,1466,12264,150,-204,-956,12258,27308,-10849,-106,-638,-22584,36549,853,29,144,0,0,0,0,0,0,0,0,-32306,0,0,0,0,0,104358,0
102881,854,12160,406,-163,-983,12192,24865,-10760,18,-522,-22272,36549,853,29,144,0,0,0,0,0,0,0,0,-32306,0,0,0,0,0,104364,0
102886,1270,12340,494,-186,-983,12127,22434,-10677,57,-376,-22016,36634,683,29,144,0,0,0,0,0,0,0,0,-32307,0,0,0,0,0,104369,0
102891,1474,12326,264,-138,-985,12032,20013,-10647,140,-210,-21768,36634,683,29,144,0,0,0,0,0,0,0,0,-32307,0,0,0,0,0,104374,0
102896,1726,12764,324,-95,-959,11801,17645,-10392,281,-106,-21032,36723,507,29,144,0,0,0,0,0,0,0,0,-32307,0,0,0,0,0,104380,0
102901,1688,12734,280,-78,-964,11654,15304,-10292,373,50,-20688,36723,507,29,144,0,0,0,0,0,0,0,0,-32307,0,0,0,0,0,104386,0
102906,1936,12634,276,-66,-964,11506,13014,-10055,520,227,-20080,36814,340,29,144,0,0,0,0,0,0,0,0,-32307,0,0,0,0,0,104391,0
102911,6098,3740,954,87,-1797,9692,10824,-9549,720,104,-17544,36814,340,29,144,0,0,0,0,0,0,0,0,-32307,0,0,0,0,0,104396,0
102916,15536,14592,1472,-39,-367,4739,9107,-7283,1869,-367,-10560,36881,254,29,144,0,0,0,0,0,0,0,0,-32307,0,0,0,0,0,104403,0
102921,-3926,17656,6212,26,-160,3882,8311,-3033,4785,-803,1656,36881,254,29,144,0,0,0,0,0,0,0,0,-32307,0,0,0,0,0,104408,0
102926,-20186,15504,2584,183,-382,5025,8713,2331,8384,835,8720,36907,274,29,144,0,0,0,0,0,0,0,0,-32308,0,0,0,0,0,104414,0
102931,-18018,12482,216,222,-410,4674,9935,5613,12085,-1187,8088,36907,274,29,144,0,0,0,0,0,0,0,0,-32308,0,0,0,0,0,104419,0
102936,-5186,10556,150,-26,-197,3980,11192,5428,12259,-4515,9840,37033,14,29,144,0,0,0,0,0,0,0,0,-32305,0,0,0,0,0,104425,0
102941,-124,12294,2508,-216,-386,4462,12385,5259,8957,-1426,10136,37033,14,29,144,0,0,0,0,0,0,0,0,-32307,0,0,0,0,0,104430,0
102946,5470,11472,1314,-6,-621,3807,13568,5191,4510,-101,9864,37063,-16,29,144,0,0,0,0,0,0,0,0,-32307,0,0,0,0,0,104436,0
102951,-5626,9182,3170,-17,-841,3343,14657,4740,990,-2899,2160,37063,-16,29,144,0,0,0,0,0,0,0,0,-32307,0,0,0,0,0,104441,0
102956,516,7872,-22,231,-815,2707,15195,2111,-1559,-8415,-1952,37146,-225,29,144,0,0,0,0,0,0,0,0,-32309,0,0,0,0,0,104446,0
102961,-3194,8366,286,202,-791,2347,15107,-620,-3644,-7250,-4264,37146,-225,29,144,0,0,0,0,0,0,0,0,-32305,0,0,0,0,0,104452,0
102966,-4988,10322,2286,101,-914,2576,14736,-1694,-5736,-2845,-3728,36729,65,29,144,0,2,0,0,0,0,0,0,-32307,0,0,0,0,0,104457,0
102971,-4722,8840,190,233,-953,2875,14321,-1830,-6220,-531,-3304,36729,65,29,144,0,2,0,0,0,0,0,0,-32306,0,0,0,0,0,104462,0
102976,-1386,5458,-1112,273,-976,2805,13914,-1783,-4754,-108,-2960,36650,147,29,144,0,0,0,0,0,0,0,0,-32307,0,0,0,0,0,104468,0
102981,-1068,6622,284,208,-941,2866,13530,-1687,-2230,1,-2576,36650,147,29,144,0,0,0,0,0,0,0,0,-32307,0,0,0,0,0,104474,0
102986,-246,8132,6,194,-914,3009,13177,-1540,-415,54,-2184,36414,287,29,144,0,2,0,0,0,0,0,0,-32307,0,0,0,0,0,104479,0
102991,524,8548,68,165,-910,3085,12859,-1389,249,72,-1736,36414,287,29,144,0,2,0,0,0,0,0,0,-32307,0,0,0,0,0,104485,0
102996,4894,8244,278,167,-834,2007,12577,-1215,428,77,-1232,36685,254,29,144,0,0,0,0,0,0,0,0,-32307,0,0,0,0,0,104490,0
103001,4730,9288,242,226,-697,1333,12346,-983,527,95,-600,36685,254,29,144,0,0,0,0,0,0,0,0,-32307,0,0,0,0,0,104495,0
103006,3108,12222,2362,183,-715,1576,12196,-627,666,151,-88,36808,143,29,144,0,0,0,0,0,0,0,0,-32307,0,0,0,0,0,104501,0
103011,-202,11306,704,256,-727,1357,12165,-80,919,389,192,36808,143,29,144,0,0,0,0,0,0,0,0,-32307,0,0,0,0,0,104506,0
103016,1900,7462,1154,103,-751,1491,12236,347,1243,257,456,36888,164,29,144,0,0,0,0,0,0,0,0,-32307,0,0,0,0,0,104512,0
103021,1674,6560,-1298,256,-687,1195,12358,562,1394,131,880,36888,164,29,144,0,0,0,0,0,0,0,0,-32307,0,0,0,0,0,104517,0
103026,442,6058,-1104,275,-546,1269,12511,689,1289,141,1056,37014,116,29,144,0,0,0,0,0,0,0,0,-32307,0,0,0,0,0,104523,0
103031,640,7088,-368,237,-459,1116,12675,731,958,142,1040,37014,116,29,144,0,0,0,0,0,0,0,0,-32306,0,0,0,0,0,104528,0
103036,242,8376,444,228,-341,1240,12845,742,546,103,992,37016,123,29,144,0,0,0,0,0,0,0,0,-32307,0,0,0,0,0,104534,0
103041,648,7054,680,205,-291,1198,13013,734,264,100,880,37016,123,29,144,0,0,0,0,0,0,0,0,-32307,0,0,0,0,0,104539,0
103046,1476,7240,712,224,-250,1154,13170,692,91,91,712,37009,129,29,144,0,0,0,0,0,0,0,0,-32307,0,0,0,0,0,104545,0
103051,1488,6562,-46,295,-200,986,13318,647,-29,69,560,37009,129,29,144,0,0,0,0,0,0,0,0,-32307,0,0,0,0,0,104550,0
103056,1860,6986,50,281,-57,789,13455,596,-103,53,408,37008,134,29,144,0,0,0,0,0,0,0,0,-32307,0,0,0,0,0,104556,0
103061,1764,6974,182,281,-9,736,13576,530,-151,23,280,37008,134,29,144,0,0,0,0,0,0,0,0,-32307,0,0,0,0,0,104561,0
103066,1272,6470,256,324,25,601,13679,452,-186,-14,192,37008,125,29,144,0,0,0,0,0,0,0,0,-32306,0,0,0,0,0,104566,0
103071,1258,6536,48,339,61,548,13769,385,-218,-23,160,37008,125,29,144,0,0,0,0,0,0,0,0,-32307,0,0,0,0,0,104572,0
103076,1246,6552,84,346,159,426,13844,327,-231,1,112,37009,129,29,144,0,0,0,0,0,0,0,0,-32307,0,0,0,0,0,104578,0
103081,1272,6270,78,363,200,392,13907,273,-228,0,96,37009,129,29,144,0,0,0,0,0,0,0,0,-32307,0,0,0,0,0,104587,0
103086,1092,6044,102,355,238,352,13956,221,-221,-7,80,37011,128,29,144,0,0,0,0,0,0,0,0,-32307,0,0,0,0,0,104588,0
103091,1152,6008,66,413,295,327,13996,169,-200,6,72,37011,128,29,144,0,0,0,0,0,0,0,0,-32306,0,0,0,0,0,104594,0
103096,1002,5946,34,440,385,346,14032,153,-177,7,56,37012,131,29,144,0,0,0,0,0,0,0,0,-32307,0,0,0,0,0,104600,0
103101,980,5930,116,456,416,375,14064,148,-137,8,72,37012,131,29,144,0,0,0,0,0,0,0,0,-32306,0,0,0,0,0,104605,0
103106,1094,5950,172,478,461,419,14104,171,-75,16,64,37013,132,29,144,0,0,0,0,0,0,0,0,-32307,0,0,0,0,0,104610,0
103111,1368,6068,162,494,500,454,14146,191,-22,13,80,37013,132,29,144,0,0,0,0,0,0,0,0,-32307,0,0,0,0,0,104616,0
103116,1996,6198,182,537,594,468,14189,196,28,6,88,37020,132,29,144,0,0,0,0,0,0,0,0,-32307,0,0,0,0,0,104621,0
103121,2206,6238,194,558,641,439,14236,206,49,6,72,37020,132,29,144,0,0,0,0,0,0,0,0,-32307,0,0,0,0,0,104626,0
103126,2330,6266,214,584,682,399,14281,205,32,3,72,37022,131,29,144,0,0,0,0,0,0,0,0,-32307,0,0,0,0,0,104632,0
103131,2296,6340,246,601,732,362,14321,173,12,-7,80,37022,131,29,144,0,0,0,0,0,0,0,0,-32307,0,0,0,0,0,104637,0
103136,2078,6402,238,637,822,293,14362,183,-11,-11,56,37022,126,29,144,0,0,0,0,0,0,0,0,-32307,0,0,0,0,0,104643,0
103141,1988,6376,222,656,861,278,14398,158,-30,-10,72,37022,126,29,144,0,0,0,0,0,0,0,0,-32306,0,0,0,0,0,104648,0
103146,1836,6212,238,675,889,278,14433,144,-35,-11,56,37015,123,29,144,0,0,0,0,0,0,0,0,-32307,0,0,0,0,0,104654,0
103151,1744,6136,232,686,909,282,14466,142,-42,-18,56,37015,123,29,144,0,0,0,0,0,0,0,0,-32307,0,0,0,0,0,104659,0
103156,1694,6138,306,716,950,283,14497,136,-30,-9,48,37013,125,29,144,0,0,0,0,0,0,0,0,-32307,0,0,0,0,0,104664,0
103161,1746,6228,354,728,972,275,14529,146,-26,-12,64,37013,125,29,144,0,0,0,0,0,0,0,0,-32307,0,0,0,0,0,104670,0
103166,1770,6270,388,741,988,250,14559,131,-13,-13,40,37015,129,29,144,0,0,0,0,0,0,0,0,-32307,0,0,0,0,0,104676,0
103171,1798,6346,400,742,994,222,14580,93,-27,-18,40,37015,129,29,144,0,0,0,0,0,0,0,0,-32306,0,0,0,0,0,104681,0
103176,1766,6368,442,766,1016,136,14598,75,-42,-14,16,37017,128,29,144,0,0,0,0,0,0,0,0,-32306,0,0,0,0,0,104687,0
103181,1750,6392,436,772,1011,98,14605,24,-75,-10,-16,37017,128,29,144,0,0,0,0,0,0,0,0,-32307,0,0,0,0,0,104692,0
103186,1682,6444,466,772,1008,61,14602,-7,-106,-9,-8,37022,126,29,144,0,0,0,0,0,0,0,0,-32307,0,0,0,0,0,104698,0
103191,1708,6470,490,768,1002,25,14602,-4,-106,-16,-8,37022,126,29,144,0,0,0,0,0,0,0,0,-32307,0,0,0,0,0,104703,0
103196,1728,6536,536,765,967,-44,14603,-1,-83,-16,-8,37022,120,29,144,0,0,0,0,0,0,0,0,-32308,0,0,0,0,0,104708,0
103201,1782,6576,572,757,948,-76,14603,-1,-37,-16,-8,37022,120,29,144,0,0,0,0,0,0,0,0,-32308,0,0,0,0,0,104714,0
103206,1860,6634,612,753,926,-109,14603,5,-5,-15,-8,37019,113,29,144,0,0,0,0,0,0,0,0,-32307,0,0,0,0,0,104719,0
103211,1892,6702,636,751,892,-143,14604,8,3,-15,-8,37019,113,29,144,0,0,0,0,0,0,0,0,-32307,0,0,0,0,0,104725,0
103216,2034,6888,682,733,835,-218,14603,7,2,-17,-8,37018,105,30,144,0,0,0,0,0,0,0,0,-32307,0,0,0,0,0,104730,0
103221,2098,6978,706,722,799,-247,14603,0,1,-15,-8,37018,105,30,144,0,0,0,0,0,0,0,0,-32306,0,0,0,0,0,104736,0
103226,2148,7048,720,706,774,-284,14604,5,-3,-13,0,37018,118,29,144,0,0,0,0,0,0,0,0,-32306,0,0,0,0,0,104741,0
103231,2228,7096,742,691,755,-312,14602,0,1,-14,-8,37018,118,29,144,0,0,0,0,0,0,0,0,-32307,0,0,0,0,0,104747,0
103236,2234,7206,806,661,708,-351,14603,2,0,-15,-8,37018,120,29,144,0,0,0,0,0,0,0,0,-32307,0,0,0,0,0,104752,0
103241,2262,7242,808,653,692,-370,14603,0,-4,-15,0,37018,120,29,144,0,0,0,0,0,0,0,0,-32307,0,0,0,0,0,104758,0
103246,2278,7264,788,637,674,-382,14603,0,3,-14,-8,37019,129,29,144,0,0,0,0,0,0,0,0,-32307,0,0,0,0,0,104763,0
103251,2242,7242,822,631,653,-394,14604,4,-2,-13,-8,37019,129,29,144,0,0,0,0,0,0,0,0,-32306,0,0,0,0,0,104769,0
103256,2374,7192,798,613,615,-429,14604,-1,-3,-15,0,37016,124,29,144,0,0,0,0,0,0,0,0,-32307,0,0,0,0,0,104774,0
103261,2416,7242,816,600,605,-449,14603,-5,-2,-16,-8,37016,124,29,144,0,0,0,0,0,0,0,0,-32307,0,0,0,0,0,104780,0
103266,2466,7234,798,591,583,-483,14604,5,-1,-16,-8,37016,125,29,144,0,0,0,0,0,0,0,0,-32307,0,0,0,0,0,104785,0
103271,2490,7188,804,587,573,-515,14604,6,0,-15,-16,37016,125,29,144,0,0,0,0,0,0,0,0,-32307,0,0,0,0,0,104791,0
103276,2402,7076,794,580,537,-580,14605,1,-2,-15,-8,37015,127,29,144,0,0,0,0,0,0,0,0,-32307,0,0,0,0,0,104796,0
103281,2340,7030,766,569,514,-613,14604,2,-2,-15,-8,37015,127,29,144,0,0,0,0,0,0,0,0,-32307,0,0,0,0,0,104802,0
103286,2322,7008,774,560,490,-637,14605,2,2,-15,-8,37016,121,29,144,0,0,0,0,0,0,0,0,-32307,0,0,0,0,0,104807,0
103291,2326,7010,746,558,475,-671,14604,0,-7,-15,-8,37016,121,29,144,0,0,0,0,0,0,0,0,-32307,0,0,0,0,0,104813,0
103296,2380,7018,748,543,430,-741,14604,4,0,-16,-8,37015,127,29,144,0,0,0,0,0,0,0,0,-32307,0,0,0,0,0,104818,0
103301,2416,6976,782,534,405,-768,14604,0,-1,-13,-8,37015,127,29,144,0,0,0,0,0,0,0,0,-32307,0,0,0,0,0,104823,0
103306,2402,7006,734,533,387,-803,14603,-5,-1,-16,-8,37017,125,29,144,0,0,0,0,0,0,0,0,-32307,0,0,0,0,0,104829,0
103311,2434,7060,772,518,369,-834,14604,-3,1,-15,-8,37017,125,29,144,0,0,0,0,0,0,0,0,-32306,0,0,0,0,0,104835,0
103316,2502,7288,800,517,341,-884,14605,2,-1,-16,-8,37016,125,29,144,0,0,0,0,0,0,0,0,-32307,0,0,0,0,0,104840,0
103321,2574,7404,834,510,336,-907,14605,5,3,-14,0,37016,125,29,144,0,0,0,0,0,0,0,0,-32307,0,0,0,0,0,104845,0
103326,2648,7426,856,513,327,-930,14604,-2,2,-15,-8,37018,128,29,144,0,0,0,0,0,0,0,0,-32307,0,0,0,0,0,104851,0
103331,2720,7444,866,515,322,-957,14604,-3,2,-15,-8,37018,128,29,144,0,0,0,0,0,0,0,0,-32307,0,0,0,0,0,104856,0
103336,2788,7382,888,522,311,-988,14606,5,3,-16,-8,37018,127,29,144,0,0,0,0,0,0,0,0,-32307,0,0,0,0,0,104862,0
103341,2798,7408,902,519,318,-996,14608,9,11,-16,0,37018,127,29,144,0,0,0,0,0,0,0,0,-32307,0,0,0,0,0,104867,0
103346,2850,7400,928,529,313,-1007,14612,16,15,-17,8,37018,125,29,144,0,0,0,0,0,0,0,0,-32307,0,0,0,0,0,104873,0
103351,2902,7440,932,526,314,-1018,14620,35,20,-18,24,37018,125,29,144,0,0,0,0,0,0,0,0,-32307,0,0,0,0,0,104878,0
103356,2966,7332,936,533,306,-1050,14637,78,45,-22,48,37016,119,29,144,0,0,0,0,0,0,0,0,-32307,0,0,0,0,0,104884,0
103361,3088,7256,962,534,310,-1071,14669,148,86,-24,72,37016,119,29,144,0,0,0,0,0,0,0,0,-32307,0,0,0,0,0,104889,0
103366,3120,7240,952,539,306,-1101,14711,183,129,-20,80,37015,114,29,144,0,0,0,0,0,0,0,0,-32307,0,0,0,0,0,104895,0
103371,3122,7308,972,544,316,-1137,14758,210,155,-16,80,37015,114,29,144,0,0,0,0,0,0,0,0,-32307,0,0,0,0,0,104901,0
103376,2868,7320,978,547,329,-1205,14808,227,146,-21,72,37015,115,29,144,0,0,0,0,0,0,0,0,-32307,0,0,0,0,0,104906,0
103381,2796,7260,972,543,329,-1228,14862,235,107,-29,88,37015,115,29,144,0,0,0,0,0,0,0,0,-32306,0,0,0,0,0,104911,0
103386,2704,7148,960,548,327,-1241,14919,249,64,-34,96,37016,117,29,144,0,0,0,0,0,0,0,0,-32307,0,0,0,0,0,104917,0
103391,2728,7120,1002,547,323,-1250,14979,270,51,-33,112,37016,117,29,144,0,0,0,0,0,0,0,0,-32307,0,0,0,0,0,104922,0
103396,2808,7178,1006,535,315,-1286,15045,283,55,-32,104,37018,123,29,144,0,0,0,0,0,0,0,0,-32307,0,0,0,0,0,104928,0
103401,2850,7352,1032,540,316,-1314,15117,318,61,-43,144,37018,123,29,144,0,0,0,0,0,0,0,0,-32307,0,0,0,0,0,104934,0
103406,2924,7452,1052,531,318,-1346,15197,349,83,-40,136,37019,123,29,144,0,0,0,0,0,0,0,0,-32306,0,0,0,0,0,104939,0
103411,2924,7544,1050,528,316,-1377,15278,359,86,-51,144,37019,123,29,144,0,0,0,0,0,0,0,0,-32307,0,0,0,0,0,104944,0
103416,2822,7618,1036,510,322,-1426,15359,359,70,-60,136,37020,126,29,144,0,0,0,0,0,0,0,0,-32306,0,0,0,0,0,104950,0
103421,2782,7640,1028,504,322,-1436,15442,362,51,-63,136,37020,126,29,144,0,0,0,0,0,0,0,0,-32307,0,0,0,0,0,104956,0
103426,2754,7750,1080,494,320,-1447,15531,388,35,-65,144,37022,127,29,144,0,0,0,0,0,0,0,0,-32307,0,0,0,0,0,104961,0
103431,2770,7898,1080,482,313,-1453,15629,427,41,-69,216,37022,127,29,144,0,0,0,0,0,0,0,0,-32307,0,0,0,0,0,104966,0
103436,2914,8204,1074,447,301,-1478,15726,435,66,-66,176,37030,122,29,144,0,0,0,0,0,0,0,0,-32307,0,0,0,0,0,104972,0
103441,2874,8346,1082,435,286,-1496,15827,444,75,-82,168,37030,122,29,144,0,0,0,0,0,0,0,0,-32307,0,0,0,0,0,104977,0
103446,2798,8386,1086,418,265,-1509,15930,451,57,-93,184,37029,114,29,144,0,0,0,0,0,0,0,0,-32307,0,0,0,0,0,104983,0
103451,2782,8530,1112,404,248,-1522,16040,482,50,-96,232,37029,114,29,144,0,0,0,0,0,0,0,0,-32307,0,0,0,0,0,104988,0
103456,2770,8872,1158,374,214,-1539,16154,502,52,-85,216,37027,107,29,144,0,0,0,0,0,0,0,0,-32307,0,0,0,0,0,104994,0
103461,2782,8956,1140,353,195,-1549,16268,504,57,-106,232,37027,107,29,144,0,0,0,0,0,0,0,0,-32307,0,0,0,0,0,104999,0
103466,2750,9018,1132,335,174,-1566,16385,515,54,-117,200,37019,111,29,144,0,0,0,0,0,0,0,0,-32307,0,0,0,0,0,105005,0
103471,2692,8980,1136,323,153,-1570,16505,530,47,-120,216,37019,111,29,144,0,0,0,0,0,0,0,0,-32306,0,0,0,0,0,105010,0
103476,2634,8878,1084,293,100,-1584,16627,537,36,-130,208,37020,112,29,144,0,0,0,0,0,0,0,0,-32307,0,0,0,0,0,105015,0
103481,2700,8810,1106,281,69,-1587,16747,531,29,-140,192,37020,112,29,144,0,0,0,0,0,0,0,0,-32307,0,0,0,0,0,105021,0
103486,2658,8732,1098,265,42,-1597,16866,520,17,-157,176,37023,118,29,144,0,0,0,0,0,0,0,0,-32307,0,0,0,0,0,105027,0
103491,2708,8636,1068,251,19,-1604,16982,508,-5,-165,168,37023,118,29,144,0,0,0,0,0,0,0,0,-32307,0,0,0,0,0,105032,0
103496,2740,8546,1076,213,-34,-1633,17094,491,-23,-175,144,37023,119,29,144,0,0,0,0,0,0,0,0,-32307,0,0,0,0,0,105037,0
103501,2754,8580,1052,199,-60,-1641,17202,469,-42,-189,120,37023,119,29,144,0,0,0,0,0,0,0,0,-32307,0,0,0,0,0,105043,0
103506,2668,8570,1034,186,-86,-1655,17303,441,-58,-205,112,37023,114,29,144,0,0,0,0,0,0,0,0,-32307,0,0,0,0,0,105048,0
103511,2634,8594,1026,169,-109,-1656,17400,423,-67,-204,112,37023,114,29,144,0,0,0,0,0,0,0,0,-32307,0,0,0,0,0,105054,0
103516,2760,8626,1034,126,-162,-1655,17497,429,-67,-190,112,37021,114,29,144,0,0,0,0,0,0,0,0,-32307,0,0,0,0,0,105059,0
103521,2812,8612,1012,108,-188,-1659,17592,417,-53,-194,112,37021,114,29,144,0,0,0,0,0,0,0,0,-32306,0,0,0,0,0,105065,0
103526,2848,8554,1020,90,-206,-1662,17681,394,-43,-206,104,37023,113,29,144,0,0,0,0,0,0,0,0,-32307,0,0,0,0,0,105070,0
103531,2810,8518,1014,76,-226,-1654,17766,381,-41,-214,88,37023,113,29,144,0,0,0,0,0,0,0,0,-32306,0,0,0,0,0,105076,0
103536,2918,8550,1056,40,-258,-1644,17852,376,-50,-215,88,37026,127,29,144,0,0,0,0,0,0,0,0,-32307,0,0,0,0,0,105081,0
103541,2986,8578,1058,27,-269,-1632,17937,376,-41,-213,80,37026,127,29,144,0,0,0,0,0,0,0,0,-32307,0,0,0,0,0,105087,0
103546,3062,8536,1060,17,-288,-1624,18021,369,-26,-216,88,37025,134,29,144,0,0,0,0,0,0,0,0,-32307,0,0,0,0,0,105092,0
103551,3050,8466,1064,1,-305,-1619,18100,351,-17,-225,64,37025,134,29,144,0,0,0,0,0,0,0,0,-32307,0,0,0,0,0,105098,0
103556,2984,8234,1062,-12,-352,-1593,18177,334,-32,-239,72,37023,139,29,144,0,0,0,0,0,0,0,0,-32307,0,0,0,0,0,105103,0
103561,2984,8216,1040,-14,-373,-1581,18254,341,-33,-233,72,37023,139,29,144,0,0,0,0,0,0,0,0,-32307,0,0,0,0,0,105109,0
103566,3076,8232,1048,-30,-406,-1573,18334,349,-22,-235,80,37021,119,29,144,0,0,0,0,0,0,0,0,-32306,0,0,0,0,0,105114,0
103571,3228,8326,1038,-34,-429,-1581,18414,345,-11,-237,72,37021,119,29,144,0,0,0,0,0,0,0,0,-32307,0,0,0,0,0,105120,0
103576,3312,8450,1022,-43,-484,-1591,18489,325,-2,-246,64,37022,121,29,144,0,0,0,0,0,0,0,0,-32306,0,0,0,0,0,105125,0
103581,3258,8454,1026,-47,-508,-1588,18560,312,-14,-255,48,37022,121,29,144,0,0,0,0,0,0,0,0,-32307,0,0,0,0,0,105131,0
103586,3260,8420,1012,-56,-542,-1575,18635,330,-28,-259,64,37022,119,29,144,0,0,0,0,0,0,0,0,-32307,0,0,0,0,0,105136,0
103591,3368,8470,1046,-55,-571,-1556,18711,339,-18,-250,56,37022,119,29,144,0,0,0,0,0,0,0,0,-32307,0,0,0,0,0,105141,0
103596,3576,8542,992,-58,-644,-1535,18792,363,10,-258,80,37024,121,29,144,0,0,0,0,0,0,0,0,-32307,0,0,0,0,0,105147,0
103601,3562,8548,1008,-66,-666,-1517,18876,367,35,-257,80,37024,121,29,144,0,0,0,0,0,0,0,0,-32307,0,0,0,0,0,105152,0
103606,3646,8548,1044,-65,-684,-1510,18959,362,44,-270,56,37024,122,29,144,0,0,0,0,0,0,0,0,-32307,0,0,0,0,0,105158,0
103611,3610,8510,1080,-69,-707,-1489,19043,368,31,-277,64,37024,122,29,144,0,0,0,0,0,0,0,0,-32307,0,0,0,0,0,105163,0
103616,3562,8596,1102,-88,-763,-1447,19130,388,22,-277,80,37024,123,29,144,0,0,0,0,0,0,0,0,-32307,0,0,0,0,0,105169,0
103621,3570,8598,1050,-98,-783,-1410,19203,399,21,-280,72,37024,123,29,144,0,0,0,0,0,0,0,0,-32306,0,0,0,0,0,105174,0
103626,3558,8702,1110,-101,-807,-1397,19297,418,39,-279,80,37024,122,29,144,0,0,0,0,0,0,0,0,-32307,0,0,0,0,0,105180,0
103631,3564,8726,1102,-112,-840,-1367,19393,428,47,-299,88,37024,122,29,144,0,0,0,0,0,0,0,0,-32307,0,0,0,0,0,105185,0
103636,3462,8714,1138,-139,-911,-1307,19487,414,40,-304,88,37024,124,29,144,0,0,0,0,0,0,0,0,-32307,0,0,0,0,0,105191,0
103641,3432,8676,1188,-148,-942,-1275,19582,423,20,-313,72,37024,124,29,144,0,0,0,0,0,0,0,0,-32307,0,0,0,0,0,105196,0
103646,3388,8658,1218,-157,-970,-1246,19682,430,15,-313,80,37030,109,29,144,0,0,0,0,0,0,0,0,-32307,0,0,0,0,0,105202,0
103651,3420,8588,1246,-171,-1004,-1214,19784,443,25,-315,80,37030,109,29,144,0,0,0,0,0,0,0,0,-32307,0,0,0,0,0,105207,0
103656,3414,8588,1296,-207,-1066,-1148,19888,453,29,-327,96,37029,105,29,144,0,0,0,0,0,0,0,0,-32307,0,0,0,0,0,105213,0
103661,3330,8494,1304,-228,-1085,-1124,19991,453,29,-338,72,37029,105,29,144,0,0,0,0,0,0,0,0,-32307,0,0,0,0,0,105218,0
103666,3280,8524,1346,-247,-1112,-1088,20091,448,11,-340,80,37030,107,29,144,0,0,0,0,0,0,0,0,-32307,0,0,0,0,0,105224,0
103671,3254,8500,1368,-270,-1136,-1052,20195,449,4,-343,64,37030,107,29,144,0,0,0,0,0,0,0,0,-32306,0,0,0,0,0,105229,0
103676,3172,8478,1398,-317,-1190,-982,20295,436,-5,-359,64,37025,109,29,144,0,0,0,0,0,0,0,0,-32307,0,0,0,0,0,105235,0
103681,3078,8420,1380,-342,-1210,-949,20386,403,-27,-369,48,37025,109,29,144,0,0,0,0,0,0,0,0,-32307,0,0,0,0,0,105240,0
103686,3044,8350,1434,-368,-1234,-904,20474,375,-50,-377,32,37028,113,29,144,0,0,0,0,0,0,0,0,-32307,0,0,0,0,0,105245,0
103691,3008,8350,1426,-400,-1262,-854,20555,356,-75,-380,40,37028,113,29,144,0,0,0,0,0,0,0,0,-32307,0,0,0,0,0,105251,0
103696,2996,8448,1450,-455,-1317,-781,20636,351,-78,-378,24,37028,107,29,144,0,0,0,0,0,0,0,0,-32307,0,0,0,0,0,105257,0
103701,2974,8432,1452,-485,-1335,-753,20708,314,-76,-387,16,37028,107,29,144,0,0,0,0,0,0,0,0,-32306,0,0,0,0,0,105262,0
103706,2828,8416,1454,-512,-1361,-711,20772,275,-79,-393,-16,37026,120,29,144,0,0,0,0,0,0,0,0,-32307,0,0,0,0,0,105267,0
103711,2774,8360,1440,-536,-1381,-671,20825,231,-101,-406,-40,37026,120,29,144,0,0,0,0,0,0,0,0,-32306,0,0,0,0,0,105273,0
103716,2600,8274,1426,-594,-1429,-577,20867,185,-130,-400,-56,37022,121,29,144,0,0,0,0,0,0,0,0,-32306,0,0,0,0,0,105278,0
103721,2588,8260,1468,-624,-1464,-535,20902,159,-147,-398,-56,37022,121,29,144,0,0,0,0,0,0,0,0,-32307,0,0,0,0,0,105284,0
103726,2596,8212,1446,-649,-1485,-498,20931,120,-135,-391,-80,37021,119,29,144,0,0,0,0,0,0,0,0,-32307,0,0,0,0,0,105289,0
103731,2552,8154,1450,-671,-1521,-462,20952,91,-118,-389,-88,37021,119,29,144,0,0,0,0,0,0,0,0,-32306,0,0,0,0,0,105295,0
103736,2440,7950,1408,-718,-1583,-404,20965,60,-118,-382,-112,37020,118,29,144,0,0,0,0,0,0,0,0,-32307,0,0,0,0,0,105300,0
103741,2318,7884,1412,-732,-1611,-374,20966,-6,-127,-379,-128,37020,118,29,144,0,0,0,0,0,0,0,0,-32307,0,0,0,0,0,105305,0
103746,2304,7852,1402,-757,-1640,-352,20963,-18,-130,-387,-120,37027,123,29,144,0,0,0,0,0,0,0,0,-32307,0,0,0,0,0,105311,0
103751,2314,7804,1396,-764,-1671,-335,20963,-2,-96,-384,-128,37027,123,29,144,0,0,0,0,0,0,0,0,-32307,0,0,0,0,0,105316,0
103756,2312,7662,1376,-802,-1742,-330,20964,5,-59,-386,-128,37027,134,29,144,0,0,0,0,0,0,0,0,-32307,0,0,0,0,0,105321,0
103761,2258,7556,1352,-816,-1775,-331,20963,-4,-18,-388,-128,37027,134,29,144,0,0,0,0,0,0,0,0,-32307,0,0,0,0,0,105327,0
103766,2182,7478,1378,-828,-1815,-338,20963,3,7,-388,-128,37027,134,29,144,0,0,0,0,0,0,0,0,-32307,0,0,0,0,0,105332,0
103771,2072,7472,1350,-848,-1859,-343,20963,0,2,-388,-128,37027,134,29,144,0,0,0,0,0,0,0,0,-32306,0,0,0,0,0,105338,0
103776,2022,7296,1390,-879,-1936,-354,20963,0,3,-389,-128,37022,132,29,144,0,0,0,0,0,0,0,0,-32307,0,0,0,0,0,105343,0
103781,2006,7252,1392,-898,-1976,-366,20962,0,1,-386,-120,37022,132,29,144,0,0,0,0,0,0,0,0,-32307,0,0,0,0,0,105349,0
103786,1984,7214,1362,-912,-2015,-373,20962,-3,2,-387,-128,37023,129,29,144,0,0,0,0,0,0,0,0,-32307,0,0,0,0,0,105354,0
103791,1938,7170,1340,-937,-2059,-382,20961,-2,-4,-385,-128,37023,129,29,144,0,0,0,0,0,0,0,0,-32307,0,0,0,0,0,105360,0
103796,1940,7198,1346,-979,-2138,-399,20962,-3,3,-388,-120,37024,132,29,144,0,0,0,0,0,0,0,0,-32307,0,0,0,0,0,105365,0
103801,1886,7254,1360,-1000,-2175,-406,20960,-5,-2,-386,-128,37024,132,29,144,0,0,0,0,0,0,0,0,-32307,0,0,0,0,0,105370,0
103806,1892,7324,1354,-1027,-2211,-411,20962,0,-2,-386,-128,37022,132,29,144,0,0,0,0,0,0,0,0,-32307,0,0,0,0,0,105376,0
103811,1882,7390,1316,-1054,-2247,-421,20961,-1,2,-389,-120,37022,132,29,144,0,0,0,0,0,0,0,0,-32307,0,0,0,0,0,105381,0
103816,1854,7424,1286,-1116,-2312,-428,20960,-4,-2,-389,-128,37020,130,29,144,0,0,0,0,0,0,0,0,-32307,0,0,0,0,0,105387,0
103821,1812,7458,1266,-1143,-2340,-430,20962,3,1,-386,-128,37020,130,29,144,0,0,0,0,0,0,0,0,-32307,0,0,0,0,0,105392,0
103826,1802,7550,1280,-1172,-2375,-429,20962,3,-1,-386,-128,37021,127,29,144,0,0,0,0,0,0,0,0,-32307,0,0,0,0,0,105398,0
103831,1778,7664,1260,-1199,-2405,-424,20962,4,-1,-387,-120,37021,127,29,144,0,0,0,0,0,0,0,0,-32307,0,0,0,0,0,105403,0
103836,1800,7854,1206,-1253,-2459,-429,20961,0,-2,-387,-128,37020,125,29,144,0,0,0,0,0,0,0,0,-32307,0,0,0,0,0,105408,0
103841,1802,7890,1188,-1284,-2480,-428,20962,-1,1,-386,-128,37020,125,29,144,0,0,0,0,0,0,0,0,-32307,0,0,0,0,0,105414,0
103846,1758,7980,1150,-1312,-2501,-433,20961,-2,2,-388,-120,37020,127,29,144,0,0,0,0,0,0,0,0,-32307,0,0,0,0,0,105419,0
103851,1752,8076,1120,-1341,-2519,-427,20961,2,-2,-386,-136,37020,127,29,144,0,0,0,0,0,0,0,0,-32307,0,0,0,0,0,105425,0
103856,1662,8178,1074,-1400,-2562,-428,20961,-7,-2,-387,-120,37025,117,29,144,0,0,0,0,0,0,0,0,-32307,0,0,0,0,0,105431,0
103861,1672,8230,1028,-1425,-2588,-431,20961,-3,2,-389,-120,37025,117,29,144,0,0,0,0,0,0,0,0,-32307,0,0,0,0,0,105436,0
103866,1656,8210,970,-1449,-2603,-429,20961,2,0,-386,-128,37025,113,29,144,0,0,0,0,0,0,0,0,-32307,0,0,0,0,0,105441,0
103871,1634,8204,942,-1475,-2632,-433,20961,1,-1,-389,-128,37025,113,29,144,0,0,0,0,0,0,0,0,-32307,0,0,0,0,0,105447,0
103876,1612,8282,842,-1519,-2672,-439,20961,6,0,-387,-128,37028,115,29,144,0,0,0,0,0,0,0,0,-32307,0,0,0,0,0,105453,0
103881,1630,8286,802,-1544,-2692,-443,20961,1,1,-386,-128,37028,115,29,144,0,0,0,0,0,0,0,0,-32306,0,0,0,0,0,105458,0
103886,1624,8302,752,-1568,-2713,-451,20961,3,1,-387,-120,37020,128,29,144,0,0,0,0,0,0,0,0,-32307,0,0,0,0,0,105463,0
103891,1606,8270,686,-1581,-2735,-458,20960,0,-2,-386,-120,37020,128,29,144,0,0,0,0,0,0,0,0,-32307,0,0,0,0,0,105469,0
103896,1600,8234,600,-1614,-2782,-482,20960,1,2,-386,-128,37019,133,29,144,0,0,0,0,0,0,0,0,-32307,0,0,0,0,0,105474,0
103901,1612,8236,570,-1625,-2803,-490,20960,0,2,-386,-128,37019,133,29,144,0,0,0,0,0,0,0,0,-32307,0,0,0,0,0,105480,0
103906,1604,8208,516,-1640,-2825,-494,20960,-1,5,-385,-128,37019,133,29,144,0,0,0,0,0,0,0,0,-32307,0,0,0,0,0,105485,0
103911,1628,8198,456,-1647,-2844,-499,20960,3,0,-389,-120,37019,133,29,144,0,0,0,0,0,0,0,0,-32307,0,0,0,0,0,105491,0
103916,1604,8232,412,-1653,-2886,-515,20960,6,3,-388,-128,37021,132,29,144,0,0,0,0,0,0,0,0,-32307,0,0,0,0,0,105497,0
103921,1614,8250,386,-1661,-2902,-517,20960,3,0,-387,-128,37021,132,29,144,0,0,0,0,0,0,0,0,-32307,0,0,0,0,0,105502,0
103926,1636,8260,340,-1654,-2911,-523,20959,-3,2,-388,-128,37022,139,29,144,0,0,0,0,0,0,0,0,-32307,0,0,0,0,0,105508,0
103931,1632,8296,318,-1657,-2929,-520,20960,-3,1,-389,-128,37022,139,29,144,0,0,0,0,0,0,0,0,-32307,0,0,0,0,0,105513,0
103936,1648,8162,294,-1643,-2963,-531,20961,2,-4,-387,-128,37024,137,29,144,0,0,0,0,0,0,0,0,-32307,0,0,0,0,0,105519,0
103941,1652,8172,234,-1640,-2973,-524,20959,-1,-1,-384,-128,37024,137,29,144,0,0,0,0,0,0,0,0,-32307,0,0,0,0,0,105524,0
103946,1660,8166,220,-1635,-2987,-519,20960,3,1,-386,-120,37023,127,29,144,0,0,0,0,0,0,0,0,-32306,0,0,0,0,0,105530,0
103951,1636,8120,196,-1622,-3006,-518,20960,0,-2,-384,-128,37023,127,29,144,0,0,0,0,0,0,0,0,-32307,0,0,0,0,0,105535,0
103956,1650,8004,134,-1602,-3035,-520,20961,5,4,-387,-128,37022,120,29,144,0,0,0,0,0,0,0,0,-32307,0,0,0,0,0,105541,0
103961,1642,7884,112,-1592,-3053,-520,20960,-3,-3,-387,-120,37022,120,29,144,0,0,0,0,0,0,0,0,-32307,0,0,0,0,0,105546,0
103966,1624,7828,98,-1576,-3068,-528,20960,3,-2,-387,-128,37023,122,29,144,0,0,0,0,0,0,0,0,-32307,0,0,0,0,0,105552,0
103971,1586,7758,80,-1568,-3098,-527,20960,2,-3,-388,-128,37023,122,29,144,0,0,0,0,0,0,0,0,-32307,0,0,0,0,0,105557,0
103976,1572,7618,54,-1539,-3152,-542,20960,-2,-2,-386,-128,37022,120,29,144,0,0,0,0,0,0,0,0,-32307,0,0,0,0,0,105563,0
103981,1578,7606,50,-1524,-3175,-549,20960,8,-4,-388,-120,37022,120,29,144,0,0,0,0,0,0,0,0,-32307,0,0,0,0,0,105568,0
103986,1568,7572,38,-1510,-3203,-559,20959,-2,-2,-386,-120,37021,118,29,144,0,0,0,0,0,0,0,0,-32307,0,0,0,0,0,105573,0
103991,1632,7610,28,-1500,-3226,-569,20959,-4,-2,-385,-120,37021,118,29,144,0,0,0,0,0,0,0,0,-32306,0,0,0,0,0,105579,0
103996,1676,7712,22,-1478,-3272,-590,20958,-5,0,-384,-120,37018,117,29,144,0,0,0,0,0,0,0,0,-32307,0,0,0,0,0,105584,0
104001,1666,7744,16,-1469,-3297,-602,20960,-1,-3,-386,-128,37018,117,29,144,0,0,0,0,0,0,0,0,-32307,0,0,0,0,0,105590,0
104006,1754,7852,6,-1462,-3312,-605,20959,-3,-4,-387,-128,37020,122,29,144,0,0,0,0,0,0,0,0,-32306,0,0,0,0,0,105595,0
104011,1728,7922,-10,-1451,-3340,-612,20960,2,2,-388,-120,37020,122,29,144,0,0,0,0,0,0,0,0,-32307,0,0,0,0,0,105601,0
104016,1830,8024,-18,-1442,-3399,-612,20959,-4,-3,-387,-128,37019,123,29,144,0,0,0,0,0,0,0,0,-32307,0,0,0,0,0,105606,0
104021,1870,8050,-22,-1439,-3429,-610,20959,0,0,-387,-120,37019,123,29,144,0,0,0,0,0,0,0,0,-32307,0,0,0,0,0,105612,0
104026,1972,8092,-26,-1429,-3458,-607,20959,-5,-1,-387,-128,37020,123,29,144,0,0,0,0,0,0,0,0,-32307,0,0,0,0,0,105617,0
104031,2056,8192,-10,-1431,-3481,-600,20960,0,4,-384,-128,37020,123,29,144,0,0,0,0,0,0,0,0,-32306,0,0,0,0,0,105622,0
104036,2192,8288,8,-1422,-3528,-575,20960,5,1,-384,-128,37020,125,29,144,0,0,0,0,0,0,0,0,-32307,0,0,0,0,0,105628,0
104041,2200,8288,40,-1418,-3541,-550,20959,0,1,-383,-128,37020,125,29,144,0,0,0,0,0,0,0,0,-32307,0,0,0,0,0,105634,0
104046,2236,8308,14,-1411,-3559,-535,20960,-5,-4,-387,-120,37022,119,29,144,0,0,0,0,0,0,0,0,-32307,0,0,0,0,0,105639,0
104051,2278,8350,38,-1400,-3575,-509,20960,0,-1,-388,-120,37022,119,29,144,0,0,0,0,0,0,0,0,-32307,0,0,0,0,0,105644,0
104056,2274,8380,36,-1398,-3609,-457,20959,3,3,-386,-128,37022,122,29,144,0,0,0,0,0,0,0,0,-32307,0,0,0,0,0,105650,0
104061,2294,8362,28,-1390,-3607,-440,20960,1,-1,-387,-120,37022,122,29,144,0,0,0,0,0,0,0,0,-32307,0,0,0,0,0,105655,0
104066,2332,8368,16,-1388,-3622,-416,20959,0,0,-386,-128,37027,127,29,144,0,0,0,0,0,0,0,0,-32307,0,0,0,0,0,105660,0
104071,2326,8336,4,-1380,-3619,-403,20960,0,5,-387,-120,37027,127,29,144,0,0,0,0,0,0,0,0,-32307,0,0,0,0,0,105666,0
104076,2342,8232,-20,-1367,-3621,-361,20959,-1,0,-388,-128,37027,130,29,144,0,0,0,0,0,0,0,0,-32307,0,0,0,0,0,105671,0
104081,2330,8156,-28,-1364,-3624,-346,20960,0,0,-387,-128,37027,130,29,144,0,0,0,0,0,0,0,0,-32307,0,0,0,0,0,105677,0
104086,2366,8120,-28,-1347,-3623,-329,20960,3,0,-386,-128,37028,134,29,144,0,0,0,0,0,0,0,0,-32307,0,0,0,0,0,105682,0
104091,2374,8084,-60,-1346,-3628,-320,20960,-1,-1,-385,-128,37028,134,29,144,0,0,0,0,0,0,0,0,-32307,0,0,0,0,0,105688,0
104096,2420,8016,-90,-1325,-3621,-302,20960,1,-3,-385,-120,37020,128,29,144,0,0,0,0,0,0,0,0,-32307,0,0,0,0,0,105693,0
104101,2426,8012,-82,-1313,-3616,-287,20960,1,1,-387,-128,37020,128,29,144,0,0,0,0,0,0,0,0,-32307,0,0,0,0,0,105699,0
104106,2464,7986,-102,-1300,-3620,-274,20960,3,0,-388,-128,37019,129,29,144,0,0,0,0,0,0,0,0,-32307,0,0,0,0,0,105705,0
104111,2478,7990,-60,-1288,-3609,-267,20960,2,3,-387,-120,37019,129,29,144,0,0,0,0,0,0,0,0,-32307,0,0,0,0,0,105710,0
104116,2528,7996,-56,-1261,-3600,-240,20959,0,2,-389,-120,37017,129,29,144,0,0,0,0,0,0,0,0,-32307,0,0,0,0,0,105715,0
104121,2570,8022,-86,-1253,-3591,-231,20959,-1,-2,-387,-128,37017,129,29,144,0,0,0,0,0,0,0,0,-32307,0,0,0,0,0,105721,0
104126,2552,8042,-40,-1227,-3576,-218,20959,-9,1,-387,-128,37019,129,29,144,0,0,0,0,0,0,0,0,-32307,0,0,0,0,0,105726,0
104131,2590,8096,-50,-1213,-3569,-199,20959,-6,0,-386,-128,37019,129,29,144,0,0,0,0,0,0,0,0,-32307,0,0,0,0,0,105732,0
104136,2568,8108,10,-1178,-3547,-164,20958,-6,1,-388,-128,37019,126,29,144,0,0,0,0,0,0,0,0,-32306,0,0,0,0,0,105737,0
104141,2582,8072,4,-1156,-3540,-144,20960,-8,-2,-383,-128,37019,126,29,144,0,0,0,0,0,0,0,0,-32307,0,0,0,0,0,105743,0
104146,2574,8048,48,-1133,-3523,-127,20959,-7,-1,-388,-120,37020,129,29,144,0,0,0,0,0,0,0,0,-32307,0,0,0,0,0,105748,0
104151,2530,7954,92,-1113,-3510,-105,20960,-4,7,-386,-120,37020,129,29,144,0,0,0,0,0,0,0,0,-32307,0,0,0,0,0,105754,0
104156,2544,7920,102,-1064,-3476,-77,20959,-2,-2,-386,-128,37018,131,29,144,0,0,0,0,0,0,0,0,-32307,0,0,0,0,0,105759,0
104161,2556,7906,104,-1045,-3467,-66,20960,4,-1,-386,-120,37018,131,29,144,0,0,0,0,0,0,0,0,-32306,0,0,0,0,0,105764,0
104166,2550,7836,106,-1030,-3450,-55,20959,-5,2,-390,-128,37019,131,29,144,0,0,0,0,0,0,0,0,-32307,0,0,0,0,0,105770,0
104171,2502,7826,130,-1006,-3432,-48,20960,0,0,-387,-120,37019,131,29,144,0,0,0,0,0,0,0,0,-32307,0,0,0,0,0,105775,0
104176,2470,7802,174,-970,-3404,-41,20960,-1,3,-385,-128,37022,125,29,144,0,0,0,0,0,0,0,0,-32307,0,0,0,0,0,105781,0
104181,2440,7796,178,-954,-3402,-33,20960,0,0,-385,-128,37022,125,29,144,0,0,0,0,0,0,0,0,-32307,0,0,0,0,0,105786,0
104186,2438,7772,208,-933,-3387,-34,20959,-1,1,-384,-128,37025,128,29,144,0,0,0,0,0,0,0,0,-32307,0,0,0,0,0,105792,0
104191,2412,7744,226,-912,-3381,-29,20960,-2,-2,-384,-120,37025,128,29,144,0,0,0,0,0,0,0,0,-32307,0,0,0,0,0,105797,0
104196,2468,7672,250,-881,-3353,-26,20960,-4,0,-387,-120,37030,129,29,144,0,0,0,0,0,0,0,0,-32307,0,0,0,0,0,105802,0
104201,2472,7604,272,-872,-3345,-26,20960,0,2,-388,-128,37030,129,29,144,0,0,0,0,0,0,0,0,-32308,0,0,0,0,0,105808,0
104206,2502,7612,278,-857,-3328,-24,20959,-3,-2,-385,-128,37037,126,29,144,0,0,0,0,0,0,0,0,-32307,0,0,0,0,0,105814,0
104211,2482,7516,324,-844,-3329,-17,20960,-3,0,-387,-128,37037,126,29,144,0,0,0,0,0,0,0,0,-32307,0,0,0,0,0,105819,0
104216,2480,7414,342,-823,-3301,-11,20960,4,0,-388,-120,37035,124,29,144,0,0,0,0,0,0,0,0,-32307,0,0,0,0,0,105824,0
104221,2482,7324,308,-814,-3292,-7,20961,2,3,-387,-120,37035,124,29,144,0,0,0,0,0,0,0,0,-32307,0,0,0,0,0,105830,0
104226,2478,7294,346,-805,-3278,-3,20959,0,3,-385,-128,37030,119,29,144,0,0,0,0,0,0,0,0,-32307,0,0,0,0,0,105835,0
104231,2486,7260,336,-792,-3272,-2,20959,-4,-2,-384,-128,37030,119,29,144,0,0,0,0,0,0,0,0,-32307,0,0,0,0,0,105841,0
104236,2464,7236,398,-773,-3240,3,20960,3,0,-387,-128,37019,119,29,144,0,0,0,0,0,0,0,0,-32307,0,0,0,0,0,105846,0
104241,2452,7198,388,-763,-3223,6,20960,0,-3,-384,-128,37019,119,29,144,0,0,0,0,0,0,0,0,-32307,0,0,0,0,0,105852,0
104246,2424,7152,386,-747,-3204,9,20960,1,2,-387,-120,37019,124,29,144,0,0,0,0,0,0,0,0,-32307,0,0,0,0,0,105857,0
104251,2458,7108,402,-739,-3186,16,20959,-1,-1,-386,-128,37019,124,29,144,0,0,0,0,0,0,0,0,-32307,0,0,0,0,0,105863,0
104256,2406,7080,420,-722,-3137,18,20959,-1,0,-387,-120,37019,130,29,144,0,0,0,0,0,0,0,0,-32307,0,0,0,0,0,105868,0
104261,2422,7086,404,-716,-3113,17,20959,1,-4,-387,-128,37019,130,29,144,0,0,0,0,0,0,0,0,-32307,0,0,0,0,0,105873,0
104266,2420,7100,430,-707,-3097,16,20959,-4,2,-388,-128,37021,133,29,144,0,0,0,0,0,0,0,0,-32307,0,0,0,0,0,105879,0
104271,2410,7080,432,-703,-3066,14,20960,1,-3,-390,-128,37021,133,29,144,0,0,0,0,0,0,0,0,-32307,0,0,0,0,0,105885,0
104276,2364,7026,442,-683,-3021,5,20961,8,2,-388,-128,37021,124,29,144,0,0,0,0,0,0,0,0,-32307,0,0,0,0,0,105890,0
104281,2346,7014,450,-682,-3008,-7,20959,-4,-3,-386,-120,37021,124,29,144,0,0,0,0,0,0,0,0,-32306,0,0,0,0,0,105895,0
104286,2292,7024,418,-681,-2991,-11,20960,0,-1,-385,-128,37021,122,29,144,0,0,0,0,0,0,0,0,-32307,0,0,0,0,0,105901,0
104291,2324,7022,436,-668,-2977,-11,20959,-2,-2,-385,-128,37021,122,29,144,0,0,0,0,0,0,0,0,-32307,0,0,0,0,0,105906,0
104296,2260,6964,408,-671,-2953,-29,20960,3,1,-386,-120,37021,118,29,144,0,0,0,0,0,0,0,0,-32306,0,0,0,0,0,105912,0
104301,2274,6972,414,-676,-2934,-31,20959,-1,-1,-386,-128,37021,118,29,144,0,0,0,0,0,0,0,0,-32307,0,0,0,0,0,105917,0
104306,2246,6960,418,-676,-2924,-45,20958,-3,0,-386,-128,37019,126,29,144,0,0,0,0,0,0,0,0,-32306,0,0,0,0,0,105923,0
104311,2268,6994,410,-679,-2918,-53,20960,5,6,-388,-120,37019,126,29,144,0,0,0,0,0,0,0,0,-32307,0,0,0,0,0,105928,0
104316,2300,7000,374,-679,-2905,-75,20961,3,1,-388,-128,37020,128,29,144,0,0,0,0,0,0,0,0,-32307,0,0,0,0,0,105934,0
104321,2300,6990,356,-673,-2902,-86,20960,2,5,-388,-128,37020,128,29,144,0,0,0,0,0,0,0,0,-32307,0,0,0,0,0,105939,0
104326,2336,6994,346,-673,-2899,-94,20960,2,0,-388,-128,37018,131,29,144,0,0,0,0,0,0,0,0,-32307,0,0,0,0,0,105944,0
104331,2360,6966,346,-671,-2896,-108,20959,0,-1,-388,-128,37018,131,29,144,0,0,0,0,0,0,0,0,-32307,0,0,0,0,0,105950,0
104336,2466,6952,310,-653,-2895,-123,20959,-3,-1,-386,-128,37019,129,29,144,0,0,0,0,0,0,0,0,-32307,0,0,0,0,0,105956,0
104341,2522,6986,264,-636,-2889,-123,20960,-5,-2,-387,-128,37019,129,29,144,0,0,0,0,0,0,0,0,-32307,0,0,0,0,0,105961,0
104346,2520,6986,264,-628,-2890,-127,20958,-9,2,-388,-120,37019,126,29,144,0,0,0,0,0,0,0,0,-32307,0,0,0,0,0,105966,0
104351,2580,7048,254,-619,-2894,-133,20961,1,3,-385,-128,37019,126,29,144,0,0,0,0,0,0,0,0,-32306,0,0,0,0,0,105972,0
104356,2638,7024,230,-588,-2884,-130,20959,0,-2,-386,-120,37019,125,29,144,0,0,0,0,0,0,0,0,-32307,0,0,0,0,0,105978,0
104361,2676,7012,240,-571,-2881,-133,20960,-3,2,-389,-128,37019,125,29,144,0,0,0,0,0,0,0,0,-32307,0,0,0,0,0,105983,0
104366,2722,6976,230,-556,-2877,-131,20961,5,-1,-387,-128,37019,122,29,144,0,0,0,0,0,0,0,0,-32306,0,0,0,0,0,105989,0
104371,2728,6964,232,-545,-2873,-139,20961,6,7,-388,-120,37019,122,29,144,0,0,0,0,0,0,0,0,-32307,0,0,0,0,0,105994,0
104376,2764,6990,224,-517,-2851,-145,20959,3,0,-387,-128,37023,134,29,144,0,0,0,0,0,0,0,0,-32307,0,0,0,0,0,105999,0
104381,2762,7008,212,-503,-2845,-150,20959,-4,-2,-387,-128,37023,134,29,144,0,0,0,0,0,0,0,0,-32306,0,0,0,0,0,106005,0
104386,2782,7034,226,-485,-2838,-156,20959,-4,-2,-386,-128,37024,130,29,144,0,0,0,0,0,0,0,0,-32306,0,0,0,0,0,106010,0
104391,2746,7052,228,-465,-2829,-164,20960,6,-1,-385,-128,37024,130,29,144,0,0,0,0,0,0,0,0,-32307,0,0,0,0,0,106016,0
104396,2724,7152,222,-432,-2824,-180,20959,0,4,-386,-120,37025,127,29,144,0,0,0,0,0,0,0,0,-32306,0,0,0,0,0,106022,0
104401,2720,7186,272,-410,-2820,-187,20959,0,1,-385,-136,37025,127,29,144,0,0,0,0,0,0,0,0,-32306,0,0,0,0,0,106027,0
104406,2736,7254,258,-405,-2814,-193,20960,-1,-1,-386,-128,37020,132,29,144,0,0,0,0,0,0,0,0,-32307,0,0,0,0,0,106032,0
104411,2768,7340,276,-381,-2811,-203,20960,4,3,-387,-112,37020,132,29,144,0,0,0,0,0,0,0,0,-32306,0,0,0,0,0,106038,0
104416,2822,7474,354,-353,-2796,-212,20960,0,1,-389,-120,37021,137,29,144,0,0,0,0,0,0,0,0,-32307,0,0,0,0,0,106043,0
104421,2836,7498,360,-339,-2784,-216,20960,7,0,-389,-120,37021,137,29,144,0,0,0,0,0,0,0,0,-32307,0,0,0,0,0,106049,0
104426,2896,7570,396,-327,-2772,-219,20961,3,-1,-388,-120,37022,134,29,144,0,0,0,0,0,0,0,0,-32307,0,0,0,0,0,106054,0
104431,2902,7626,416,-317,-2754,-222,20959,1,1,-388,-120,37022,134,29,144,0,0,0,0,0,0,0,0,-32306,0,0,0,0,0,106060,0
104436,2996,7772,450,-303,-2731,-228,20959,-4,-4,-385,-128,37023,123,29,144,0,0,0,0,0,0,0,0,-32307,0,0,0,0,0,106065,0
104441,3058,7820,448,-299,-2716,-230,20960,-2,-2,-386,-128,37023,123,29,144,0,0,0,0,0,0,0,0,-32307,0,0,0,0,0,106071,0
104446,3056,7840,476,-293,-2691,-233,20961,6,2,-386,-120,37025,114,29,144,0,0,0,0,0,0,0,0,-32307,0,0,0,0,0,106077,0
104451,3082,7842,534,-288,-2673,-241,20960,3,3,-384,-128,37025,114,29,144,0,0,0,0,0,0,0,0,-32307,0,0,0,0,0,106082,0
104456,3126,7886,554,-286,-2632,-248,20959,-1,-4,-386,-128,37024,123,29,144,0,0,0,0,0,0,0,0,-32307,0,0,0,0,0,106087,0
104461,3172,7866,566,-284,-2602,-257,20960,-2,-1,-386,-120,37024,123,29,144,0,0,0,0,0,0,0,0,-32307,0,0,0,0,0,106093,0
104466,3232,7882,594,-286,-2579,-266,20961,4,4,-388,-128,37022,126,29,144,0,0,0,0,0,0,0,0,-32307,0,0,0,0,0,106098,0
104471,3258,7900,618,-294,-2542,-272,20959,-1,2,-387,-128,37022,126,29,144,0,0,0,0,0,0,0,0,-32307,0,0,0,0,0,106103,0
104476,3222,7930,660,-293,-2475,-293,20960,3,-1,-387,-120,37021,129,29,144,0,0,0,0,0,0,0,0,-32307,0,0,0,0,0,106109,0
104481,3212,7920,666,-300,-2446,-298,20960,0,-4,-386,-128,37021,129,29,144,0,0,0,0,0,0,0,0,-32307,0,0,0,0,0,106114,0
104486,3226,7940,696,-306,-2410,-298,20959,-5,2,-386,-128,37028,121,29,144,0,0,0,0,0,0,0,0,-32307,0,0,0,0,0,106120,0
104491,3258,7900,684,-301,-2379,-301,20960,-2,1,-386,-128,37028,121,29,144,0,0,0,0,0,0,0,0,-32306,0,0,0,0,0,106125,0
104496,3276,7978,732,-316,-2304,-296,20960,1,1,-386,-128,37029,121,29,144,0,0,0,0,0,0,0,0,-32307,0,0,0,0,0,106131,0
104501,3280,7986,738,-323,-2268,-300,20960,2,2,-387,-128,37029,121,29,144,0,0,0,0,0,0,0,0,-32307,0,0,0,0,0,106136,0
104506,3264,7982,768,-328,-2230,-297,20960,2,2,-385,-128,37029,120,29,144,0,0,0,0,0,0,0,0,-32307,0,0,0,0,0,106142,0
104511,3242,7974,742,-334,-2195,-292,20960,1,-1,-385,-128,37029,120,29,144,0,0,0,0,0,0,0,0,-32307,0,0,0,0,0,106147,0
104516,3230,7914,746,-334,-2123,-288,20960,-1,1,-389,-128,37023,126,29,144,0,0,0,0,0,0,0,0,-32307,0,0,0,0,0,106153,0
104521,3220,7858,774,-338,-2096,-283,20960,0,3,-386,-128,37023,126,29,144,0,0,0,0,0,0,0,0,-32307,0,0,0,0,0,106158,0
104526,3216,7856,750,-342,-2061,-282,20960,0,-1,-388,-128,37021,132,29,144,0,0,0,0,0,0,0,0,-32307,0,0,0,0,0,106163,0
104531,3150,7844,774,-346,-2028,-276,20960,0,0,-388,-128,37021,132,29,144,0,0,0,0,0,0,0,0,-32307,0,0,0,0,0,106169,0
104536,3094,7750,784,-347,-1974,-274,20961,2,0,-387,-136,37021,133,29,144,0,0,0,0,0,0,0,0,-32307,0,0,0,0,0,106174,0
104541,3042,7686,788,-350,-1953,-274,20961,2,0,-384,-128,37021,133,29,144,0,0,0,0,0,0,0,0,-32307,0,0,0,0,0,106180,0
104546,2994,7632,796,-351,-1936,-268,20960,5,-1,-389,-120,37022,134,29,144,0,0,0,0,0,0,0,0,-32307,0,0,0,0,0,106185,0
104551,3002,7604,814,-354,-1909,-272,20959,-9,0,-386,-128,37022,134,29,144,0,0,0,0,0,0,0,0,-32307,0,0,0,0,0,106190,0
104556,2956,7520,800,-359,-1874,-268,20960,3,-3,-387,-128,37023,135,29,144,0,0,0,0,0,0,0,0,-32307,0,0,0,0,0,106196,0
104561,2936,7506,816,-361,-1860,-267,20960,-7,0,-388,-120,37023,135,29,144,0,0,0,0,0,0,0,0,-32307,0,0,0,0,0,106202,0
104566,3072,7402,846,-360,-1832,-269,20961,5,4,-389,-128,37022,131,29,144,0,0,0,0,0,0,0,0,-32307,0,0,0,0,0,106207,0
104571,3464,7348,980,-352,-1787,-275,20961,0,1,-390,-128,37022,131,29,144,0,0,0,0,0,0,0,0,-32307,0,0,0,0,0,106212,0
104576,4338,7382,1200,-347,-1575,-294,20961,4,0,-388,-128,37020,132,30,144,0,0,0,0,0,0,0,0,-32307,0,0,0,0,0,106218,0
104581,4888,7310,1272,-345,-1425,-303,20962,9,-2,-386,-128,37020,132,30,144,0,0,0,0,0,0,0,0,-32307,0,0,0,0,0,106223,0
104586,5320,7280,1330,-353,-1237,-306,20963,9,2,-384,-128,37022,138,29,144,0,0,0,0,0,0,0,0,-32307,0,0,0,0,0,106229,0
104591,5504,7348,1350,-354,-1032,-302,20964,6,2,-387,-120,37022,138,29,144,0,0,0,0,0,0,0,0,-32307,0,0,0,0,0,106234,0
104596,5408,7564,1406,-366,-604,-244,20966,13,10,-388,-112,37029,136,29,144,0,0,0,0,0,0,0,0,-32307,0,0,0,0,0,106240,0
104601,5258,7650,1398,-374,-402,-199,20968,8,4,-385,-128,37029,136,29,144,0,0,0,0,0,0,0,0,-32307,0,0,0,0,0,106245,0
104606,5142,7684,1414,-382,-236,-162,20967,-1,1,-386,-128,37029,137,29,144,0,0,0,0,0,0,0,0,-32307,0,0,0,0,0,106251,0
104611,4992,7724,1388,-382,-95,-134,20968,-1,-7,-388,-128,37029,137,29,144,0,0,0,0,0,0,0,0,-32307,0,0,0,0,0,106256,0
104616,4408,7832,1352,-401,77,-101,20968,2,-10,-389,-120,37028,139,29,144,0,0,0,0,0,0,0,0,-32307,0,0,0,0,0,106261,0
104621,4028,7846,1370,-416,131,-86,20969,0,-3,-388,-128,37028,139,29,144,0,0,0,0,0,0,0,0,-32307,0,0,0,0,0,106267,0
104626,3672,7784,1374,-421,157,-63,20967,-1,-4,-388,-120,37019,131,29,144,0,0,0,0,0,0,0,0,-32307,0,0,0,0,0,106273,0
104631,3394,7744,1392,-430,167,-44,20967,-5,-3,-388,-128,37019,131,29,144,0,0,0,0,0,0,0,0,-32307,0,0,0,0,0,106278,0
104636,2970,7762,1420,-455,115,-14,20967,1,-1,-386,-128,37020,125,29,144,0,0,0,0,0,0,0,0,-32307,0,0,0,0,0,106283,0
104641,2814,7750,1432,-468,71,-7,20967,-6,0,-384,-128,37020,125,29,144,0,0,0,0,0,0,0,0,-32307,0,0,0,0,0,106290,0
104646,2668,7750,1412,-475,8,-10,20967,-1,0,-387,-120,37015,122,29,144,0,0,0,0,0,0,0,0,-32307,0,0,0,0,0,106295,0
104651,2530,7758,1444,-481,-73,-17,20966,-6,-4,-386,-128,37015,122,29,144,0,0,0,0,0,0,0,0,-32307,0,0,0,0,0,106300,0
104656,2404,7740,1424,-513,-272,-35,20966,-9,-1,-385,-128,37013,123,29,144,0,0,0,0,0,0,0,0,-32307,0,0,0,0,0,106306,0
104661,2366,7692,1450,-523,-380,-50,20967,-1,2,-387,-128,37013,123,29,144,0,0,0,0,0,0,0,0,-32307,0,0,0,0,0,106311,0
104666,2354,7694,1450,-535,-504,-63,20967,-1,-2,-387,-128,37011,124,29,144,0,0,0,0,0,0,0,0,-32307,0,0,0,0,0,106317,0
104671,2348,7712,1450,-544,-626,-70,20966,-2,1,-387,-128,37011,124,29,144,0,0,0,0,0,0,0,0,-32307,0,0,0,0,0,106322,0
104676,2388,7754,1488,-568,-849,-93,20967,-2,5,-387,-112,37017,125,29,144,0,0,0,0,0,0,0,0,-32307,0,0,0,0,0,106328,0
104681,2444,7798,1512,-581,-960,-99,20966,4,-1,-387,-128,37017,125,29,144,0,0,0,0,0,0,0,0,-32307,0,0,0,0,0,106333,0
104686,2510,7802,1502,-598,-1061,-113,20967,3,0,-387,-128,37022,117,29,144,0,0,0,0,0,0,0,0,-32307,0,0,0,0,0,106339,0
104691,2590,7792,1514,-603,-1161,-118,20966,-1,4,-386,-120,37022,117,29,144,0,0,0,0,0,0,0,0,-32307,0,0,0,0,0,106344,0
104696,2726,7760,1504,-634,-1324,-137,20966,0,-1,-387,-128,37031,113,29,144,0,0,0,0,0,0,0,0,-32307,0,0,0,0,0,106349,0
104701,2880,7750,1508,-639,-1390,-142,20966,0,-2,-386,-128,37031,113,29,144,0,0,0,0,0,0,0,0,-32307,0,0,0,0,0,106355,0
104706,2936,7754,1490,-648,-1440,-141,20966,0,2,-386,-128,37031,112,29,144,0,0,0,0,0,0,0,0,-32307,0,0,0,0,0,106361,0
104711,3042,7720,1490,-652,-1489,-147,20968,1,4,-385,-128,37031,112,29,144,0,0,0,0,0,0,0,0,-32307,0,0,0,0,0,106366,0
104716,3162,7688,1454,-660,-1545,-148,20966,-3,-2,-388,-128,37030,113,29,144,0,0,0,0,0,0,0,0,-32306,0,0,0,0,0,106372,0
104721,3224,7740,1420,-667,-1565,-141,20967,3,-1,-389,-120,37030,113,29,144,0,0,0,0,0,0,0,0,-32307,0,0,0,0,0,106377,0
104726,3236,7800,1420,-663,-1575,-139,20967,-1,-1,-388,-128,37022,119,29,144,0,0,0,0,0,0,0,0,-32307,0,0,0,0,0,106382,0
104731,3150,7866,1376,-671,-1581,-146,20966,3,-1,-388,-128,37022,119,29,144,0,0,0,0,0,0,0,0,-32306,0,0,0,0,0,106388,0
104736,2918,7872,1298,-676,-1625,-146,20966,1,-2,-385,-128,37021,122,29,144,0,0,0,0,0,0,0,0,-32307,0,0,0,0,0,106393,0
104741,2764,7828,1208,-672,-1655,-158,20967,3,1,-385,-128,37021,122,29,144,0,0,0,0,0,0,0,0,-32307,0,0,0,0,0,106399,0
104746,2554,7770,1154,-682,-1713,-166,20967,-2,1,-389,-120,37021,127,29,144,0,0,0,0,0,0,0,0,-32307,0,0,0,0,0,106404,0
104751,2368,7690,1096,-680,-1783,-168,20967,0,3,-388,-120,37021,127,29,144,0,0,0,0,0,0,0,0,-32307,0,0,0,0,0,106410,0
104756,2206,7624,1028,-681,-1955,-181,20965,-4,-4,-387,-128,37020,130,29,144,0,0,0,0,0,0,0,0,-32307,0,0,0,0,0,106415,0
104761,2240,7596,1000,-686,-2043,-178,20967,5,1,-388,-128,37020,130,29,144,0,0,0,0,0,0,0,0,-32306,0,0,0,0,0,106420,0
104766,2370,7630,980,-686,-2118,-181,20966,-3,-2,-387,-128,37019,125,29,144,0,0,0,0,0,0,0,0,-32307,0,0,0,0,0,106426,0
104771,2576,7562,960,-684,-2179,-184,20966,0,3,-389,-128,37019,125,29,144,0,0,0,0,0,0,0,0,-32307,0,0,0,0,0,106432,0
104776,3158,7474,968,-687,-2214,-181,20967,1,4,-389,-128,37020,128,29,144,0,0,0,0,0,0,0,0,-32307,0,0,0,0,0,106437,0
104781,3426,7488,996,-681,-2191,-174,20965,-5,0,-388,-128,37020,128,29,144,0,0,0,0,0,0,0,0,-32307,0,0,0,0,0,106442,0
104786,3686,7532,994,-679,-2144,-156,20967,7,0,-387,-128,37022,128,29,144,0,0,0,0,0,0,0,0,-32307,0,0,0,0,0,106448,0
104791,3852,7572,966,-667,-2093,-134,20966,-1,-1,-386,-120,37022,128,29,144,0,0,0,0,0,0,0,0,-32307,0,0,0,0,0,106453,0
104796,4054,7654,916,-650,-1966,-81,20966,1,-1,-387,-112,37027,129,29,144,0,0,0,0,0,0,0,0,-32307,0,0,0,0,0,106459,0
104801,4044,7678,858,-638,-1906,-44,20968,0,1,-386,-120,37027,129,29,144,0,0,0,0,0,0,0,0,-32306,0,0,0,0,0,106464,0
104806,3978,7686,808,-613,-1855,-3,20967,-3,0,-387,-128,37026,133,29,144,0,0,0,0,0,0,0,0,-32307,0,0,0,0,0,106470,0
104811,3856,7696,822,-598,-1832,40,20968,4,-1,-389,-128,37026,133,29,144,0,0,0,0,0,0,0,0,-32307,0,0,0,0,0,106475,0
104816,3634,7618,746,-564,-1807,126,20967,-5,-4,-390,-128,37025,129,29,144,0,0,0,0,0,0,0,0,-32307,0,0,0,0,0,106481,0
104821,3492,7536,766,-544,-1797,166,20968,3,3,-388,-120,37025,129,29,144,0,0,0,0,0,0,0,0,-32307,0,0,0,0,0,106486,0
104826,3400,7458,770,-528,-1790,211,20967,0,-1,-389,-128,37018,125,29,144,0,0,0,0,0,0,0,0,-32307,0,0,0,0,0,106491,0
104831,3320,7412,798,-502,-1790,237,20969,4,2,-386,-120,37018,125,29,144,0,0,0,0,0,0,0,0,-32307,0,0,0,0,0,106497,0
104836,3224,7336,794,-473,-1782,297,20966,-7,-2,-388,-128,37018,123,29,144,0,0,0,0,0,0,0,0,-32307,0,0,0,0,0,106503,0
104841,3174,7308,792,-456,-1769,320,20967,1,-1,-385,-120,37018,123,29,144,0,0,0,0,0,0,0,0,-32307,0,0,0,0,0,106508,0
104846,3144,7250,786,-443,-1754,336,20967,1,0,-386,-120,37019,122,29,144,0,0,0,0,0,0,0,0,-32307,0,0,0,0,0,106513,0
104851,3110,7166,784,-429,-1738,359,20968,0,3,-385,-128,37019,122,29,144,0,0,0,0,0,0,0,0,-32306,0,0,0,0,0,106519,0
104856,2994,7068,798,-413,-1690,391,20968,4,1,-386,-128,37019,130,29,144,0,0,0,0,0,0,0,0,-32307,0,0,0,0,0,106524,0
104861,2970,7040,844,-402,-1666,402,20967,-2,-2,-387,-128,37019,130,29,144,0,0,0,0,0,0,0,0,-32306,0,0,0,0,0,106530,0
104866,2906,7036,834,-393,-1644,414,20967,3,0,-387,-128,37016,133,29,144,0,0,0,0,0,0,0,0,-32307,0,0,0,0,0,106536,0
104871,2862,7078,858,-389,-1620,416,20966,-4,-1,-387,-120,37016,133,29,144,0,0,0,0,0,0,0,0,-32307,0,0,0,0,0,106541,0
104876,2724,7126,888,-374,-1570,426,20965,0,1,-387,-128,37013,131,29,144,0,0,0,0,0,0,0,0,-32307,0,0,0,0,0,106546,0
104881,2630,7208,880,-370,-1558,429,20966,1,-2,-386,-128,37013,131,29,144,0,0,0,0,0,0,0,0,-32307,0,0,0,0,0,106552,0
104886,2550,7258,906,-363,-1532,431,20965,-11,2,-386,-128,37013,131,29,144,0,0,0,0,0,0,0,0,-32307,0,0,0,0,0,106557,0
104891,2462,7320,928,-366,-1522,435,20967,0,3,-385,-128,37013,131,29,144,0,0,0,0,0,0,0,0,-32307,0,0,0,0,0,106563,0
104896,2340,7372,932,-359,-1498,427,20965,0,-2,-387,-120,37019,132,29,144,0,0,0,0,0,0,0,0,-32307,0,0,0,0,0,106568,0
104901,2286,7434,954,-364,-1487,427,20965,-3,-3,-387,-120,37019,132,29,144,0,0,0,0,0,0,0,0,-32307,0,0,0,0,0,106574,0
104906,2240,7460,938,-358,-1475,420,20965,4,0,-387,-128,37020,127,29,144,0,0,0,0,0,0,0,0,-32307,0,0,0,0,0,106579,0
104911,2220,7482,934,-366,-1467,410,20964,-3,-5,-390,-128,37020,127,29,144,0,0,0,0,0,0,0,0,-32307,0,0,0,0,0,106585,0
104916,2184,7538,932,-364,-1438,386,20962,-5,-1,-391,-128,37018,131,29,144,0,0,0,0,0,0,0,0,-32307,0,0,0,0,0,106591,0
104921,2196,7552,948,-372,-1417,367,20964,3,2,-386,-128,37018,131,29,144,0,0,0,0,0,0,0,0,-32307,0,0,0,0,0,106596,0
104926,2176,7530,912,-375,-1406,347,20963,-2,2,-390,-128,37013,126,29,144,0,0,0,0,0,0,0,0,-32306,0,0,0,0,0,106602,0
104931,2182,7554,924,-374,-1382,335,20962,-1,2,-388,-128,37013,126,29,144,0,0,0,0,0,0,0,0,-32307,0,0,0,0,0,106608,0
104936,2128,7512,902,-381,-1339,279,20962,-1,-2,-386,-128,37019,128,29,144,0,0,0,0,0,0,0,0,-32307,0,0,0,0,0,106613,0
104941,2078,7518,866,-380,-1318,253,20961,1,-2,-384,-120,37019,128,29,144,0,0,0,0,0,0,0,0,-32307,0,0,0,0,0,106619,0
104946,2000,7462,880,-386,-1301,228,20961,-5,-3,-386,-120,37024,127,29,144,0,0,0,0,0,0,0,0,-32307,0,0,0,0,0,106624,0
104951,1954,7406,866,-379,-1288,202,20961,0,-1,-386,-128,37024,127,29,144,0,0,0,0,0,0,0,0,-32307,0,0,0,0,0,106630,0
104956,1882,7340,834,-368,-1275,138,20960,-4,0,-386,-128,37022,126,29,144,0,0,0,0,0,0,0,0,-32306,0,0,0,0,0,106635,0
104961,1840,7318,816,-363,-1256,108,20959,-9,-2,-387,-128,37022,126,29,144,0,0,0,0,0,0,0,0,-32307,0,0,0,0,0,106641,0
104966,1814,7308,814,-359,-1258,73,20960,0,-4,-388,-128,37019,128,29,144,0,0,0,0,0,0,0,0,-32307,0,0,0,0,0,106646,0
104971,1832,7274,798,-357,-1257,40,20959,1,3,-388,-128,37019,128,29,144,0,0,0,0,0,0,0,0,-32307,0,0,0,0,0,106651,0
104976,1844,7222,736,-335,-1257,-36,20959,5,3,-386,-128,37019,118,29,144,0,0,0,0,0,0,0,0,-32307,0,0,0,0,0,106657,0
104981,1812,7170,696,-327,-1255,-72,20959,4,1,-386,-128,37019,118,29,144,0,0,0,0,0,0,0,0,-32307,0,0,0,0,0,106662,0
104986,1790,7152,678,-327,-1259,-114,20959,1,3,-383,-128,37019,123,29,144,0,0,0,0,0,0,0,0,-32307,0,0,0,0,0,106668,0
104991,1778,7110,646,-311,-1262,-144,20960,5,1,-385,-120,37019,123,29,144,0,0,0,0,0,0,0,0,-32307,0,0,0,0,0,106673,0
104996,1756,7006,584,-284,-1299,-211,20959,3,1,-386,-120,37020,131,29,144,0,0,0,0,0,0,0,0,-32307,0,0,0,0,0,106679,0
105001,1774,6980,574,-274,-1324,-234,20959,-1,0,-386,-128,37020,131,29,144,0,0,0,0,0,0,0,0,-32307,0,0,0,0,0,106684,0
105006,1794,6946,580,-259,-1340,-264,20959,2,-5,-384,-128,37022,132,29,144,0,0,0,0,0,0,0,0,-32306,0,0,0,0,0,106689,0
105011,1916,6906,566,-242,-1355,-280,20960,3,-5,-386,-128,37022,132,29,144,0,0,0,0,0,0,0,0,-32307,0,0,0,0,0,106695,0
105016,1990,6856,544,-216,-1399,-320,20959,-3,-4,-387,-128,37022,123,29,144,0,0,0,0,0,0,0,0,-32307,0,0,0,0,0,106700,0
105021,2000,6822,550,-211,-1412,-339,20959,0,1,-389,-120,37022,123,29,144,0,0,0,0,0,0,0,0,-32307,0,0,0,0,0,106706,0
105026,2032,6826,548,-200,-1423,-355,20959,7,-1,-388,-128,37022,123,29,144,0,0,0,0,0,0,0,0,-32307,0,0,0,0,0,106711,0
105031,2098,6786,570,-193,-1443,-364,20960,8,-4,-386,-128,37022,123,29,144,0,0,0,0,0,0,0,0,-32307,0,0,0,0,0,106717,0
105036,2176,6746,516,-168,-1468,-382,20959,0,-6,-386,-120,37018,126,29,144,0,0,0,0,0,0,0,0,-32306,0,0,0,0,0,106722,0
105041,2194,6748,502,-161,-1476,-389,20958,-3,1,-387,-120,37018,126,29,144,0,0,0,0,0,0,0,0,-32307,0,0,0,0,0,106728,0
105046,2266,6744,478,-150,-1480,-389,20959,2,1,-385,-120,37020,131,29,144,0,0,0,0,0,0,0,0,-32306,0,0,0,0,0,106733,0
105051,2254,6720,466,-143,-1480,-395,20959,0,-1,-385,-128,37020,131,29,144,0,0,0,0,0,0,0,0,-32307,0,0,0,0,0,106738,0
105056,2356,6780,424,-123,-1483,-394,20959,0,0,-384,-120,37020,128,29,144,0,0,0,0,0,0,0,0,-32306,0,0,0,0,0,106744,0
105061,2378,6808,400,-120,-1483,-395,20959,3,0,-386,-120,37020,128,29,144,0,0,0,0,0,0,0,0,-32306,0,0,0,0,0,106750,0
105066,2386,6806,386,-117,-1479,-396,20958,-5,-2,-387,-128,37018,132,29,144,0,0,0,0,0,0,0,0,-32307,0,0,0,0,0,106755,0
105071,2456,6866,372,-105,-1470,-395,20958,-5,0,-386,-120,37018,132,29,144,0,0,0,0,0,0,0,0,-32306,0,0,0,0,0,106760,0
105076,2508,6978,344,-93,-1450,-384,20958,0,2,-387,-128,37015,134,29,144,0,0,0,0,0,0,0,0,-32307,0,0,0,0,0,106766,0
105081,2552,7028,322,-88,-1434,-390,20958,-1,1,-386,-128,37015,134,29,144,0,0,0,0,0,0,0,0,-32307,0,0,0,0,0,106772,0
105086,2580,7036,318,-77,-1420,-387,20959,-4,2,-387,-128,37012,134,29,144,0,0,0,0,0,0,0,0,-32307,0,0,0,0,0,106777,0
105091,2598,7070,294,-73,-1410,-389,20959,-3,2,-385,-128,37012,134,29,144,0,0,0,0,0,0,0,0,-32307,0,0,0,0,0,106783,0
105096,2640,7126,280,-54,-1383,-391,20958,1,7,-386,-120,37012,129,29,144,0,0,0,0,0,0,0,0,-32306,0,0,0,0,0,106788,0
105101,2674,7214,258,-54,-1367,-387,20960,3,-1,-384,-128,37012,129,29,144,0,0,0,0,0,0,0,0,-32307,0,0,0,0,0,106794,0
105106,2684,7252,230,-42,-1356,-396,20960,2,-3,-384,-120,37017,126,29,144,0,0,0,0,0,0,0,0,-32307,0,0,0,0,0,106799,0
105111,2690,7266,220,-34,-1343,-394,20959,0,1,-386,-120,37017,126,29,144,0,0,0,0,0,0,0,0,-32306,0,0,0,0,0,106805,0
105116,2726,7358,188,-22,-1321,-403,20960,1,-2,-387,-128,37021,125,29,144,0,0,0,0,0,0,0,0,-32307,0,0,0,0,0,106810,0
105121,2748,7394,176,-8,-1305,-405,20960,4,-7,-389,-128,37021,125,29,144,0,0,0,0,0,0,0,0,-32307,0,0,0,0,0,106816,0
105126,2732,7462,152,-1,-1289,-412,20958,-7,-4,-389,-128,37021,122,29,144,0,0,0,0,0,0,0,0,-32307,0,0,0,0,0,106821,0
105131,2742,7504,142,16,-1278,-417,20959,0,-1,-384,-120,37021,122,29,144,0,0,0,0,0,0,0,0,-32307,0,0,0,0,0,106826,0
105136,2776,7562,138,35,-1240,-422,20959,-1,-5,-384,-128,37019,119,29,144,0,0,0,0,0,0,0,0,-32307,0,0,0,0,0,106832,0
105141,2786,7600,132,52,-1223,-428,20958,-3,1,-384,-128,37019,119,29,144,0,0,0,0,0,0,0,0,-32307,0,0,0,0,0,106837,0
105146,2822,7630,128,67,-1195,-430,20959,0,1,-385,-120,37019,117,29,144,0,0,0,0,0,0,0,0,-32307,0,0,0,0,0,106843,0
105151,2820,7686,140,76,-1179,-436,20960,6,-1,-387,-128,37019,117,29,144,0,0,0,0,0,0,0,0,-32307,0,0,0,0,0,106849,0
105156,2834,7720,142,110,-1138,-453,20960,2,3,-386,-128,37019,116,29,144,0,0,0,0,0,0,0,0,-32307,0,0,0,0,0,106854,0
105161,2868,7708,154,129,-1118,-462,20959,1,4,-387,-128,37019,116,29,144,0,0,0,0,0,0,0,0,-32307,0,0,0,0,0,106859,0
105166,2878,7696,156,136,-1101,-474,20959,-1,1,-384,-120,37017,122,29,144,0,0,0,0,0,0,0,0,-32307,0,0,0,0,0,106865,0
105171,2848,7698,168,159,-1082,-479,20958,-4,-2,-386,-128,37017,122,29,144,0,0,0,0,0,0,0,0,-32307,0,0,0,0,0,106871,0
105176,2936,7718,194,186,-1032,-503,20958,-9,1,-386,-128,37017,129,29,144,0,0,0,0,0,0,0,0,-32307,0,0,0,0,0,106876,0
105181,2968,7720,184,198,-1011,-510,20960,1,1,-387,-128,37017,129,29,144,0,0,0,0,0,0,0,0,-32307,0,0,0,0,0,106881,0
105186,2996,7720,198,205,-990,-522,20960,6,3,-384,-120,37020,129,29,144,0,0,0,0,0,0,0,0,-32307,0,0,0,0,0,106887,0
105191,3042,7764,242,220,-961,-540,20959,0,6,-386,-120,37020,129,29,144,0,0,0,0,0,0,0,0,-32307,0,0,0,0,0,106892,0
105196,3104,7850,302,234,-912,-562,20959,-1,-5,-387,-120,37025,133,29,144,0,0,0,0,0,0,0,0,-32306,0,0,0,0,0,106898,0
105201,3170,7870,350,238,-889,-577,20961,6,1,-385,-128,37025,133,29,144,0,0,0,0,0,0,0,0,-32308,0,0,0,0,0,106904,0
105206,3196,7890,350,241,-857,-579,20961,2,3,-386,-120,37031,128,29,144,0,0,0,0,0,0,0,0,-32308,0,0,0,0,0,106909,0
105211,3230,7902,394,247,-838,-589,20961,0,1,-386,-128,37031,128,29,144,0,0,0,0,0,0,0,0,-32307,0,0,0,0,0,106914,0
105216,3288,7992,436,248,-789,-592,20960,1,-4,-389,-120,37028,125,29,144,0,0,0,0,0,0,0,0,-32307,0,0,0,0,0,106920,0
105221,3356,7986,454,254,-763,-595,20959,0,0,-389,-120,37028,125,29,144,0,0,0,0,0,0,0,0,-32307,0,0,0,0,0,106926,0
105226,3362,8006,462,253,-736,-586,20960,1,1,-387,-128,37025,126,29,144,0,0,0,0,0,0,0,0,-32306,0,0,0,0,0,106931,0
105231,3384,8044,484,245,-712,-587,20960,-1,4,-388,-128,37025,126,29,144,0,0,0,0,0,0,0,0,-32306,0,0,0,0,0,106936,0
105236,3466,8008,494,250,-658,-576,20960,-6,6,-385,-128,37021,132,29,144,0,0,0,0,0,0,0,0,-32307,0,0,0,0,0,106942,0
105241,3456,7964,500,257,-633,-570,20962,0,3,-386,-128,37021,132,29,144,0,0,0,0,0,0,0,0,-32307,0,0,0,0,0,106947,0
105246,3430,7942,474,256,-613,-561,20961,-3,-3,-387,-120,37019,130,29,144,0,0,0,0,0,0,0,0,-32307,0,0,0,0,0,106953,0
105251,3444,7910,512,254,-585,-548,20961,-3,2,-384,-128,37019,130,29,144,0,0,0,0,0,0,0,0,-32307,0,0,0,0,0,106958,0
105256,3498,7802,510,259,-537,-532,20961,0,-1,-387,-120,37017,128,29,144,0,0,0,0,0,0,0,0,-32307,0,0,0,0,0,106964,0
105261,3494,7758,534,261,-513,-525,20961,-1,1,-388,-128,37017,128,29,144,0,0,0,0,0,0,0,0,-32307,0,0,0,0,0,106969,0
105266,3496,7734,554,261,-488,-515,20960,-4,2,-388,-120,37019,127,29,144,0,0,0,0,0,0,0,0,-32306,0,0,0,0,0,106975,0
105271,3490,7738,554,264,-465,-508,20961,-1,0,-388,-128,37019,127,29,144,0,0,0,0,0,0,0,0,-32307,0,0,0,0,0,106980,0
105276,3486,7672,594,276,-412,-494,20961,-5,2,-387,-128,37020,121,29,144,0,0,0,0,0,0,0,0,-32307,0,0,0,0,0,106985,0
105281,3458,7618,604,264,-402,-482,20961,0,2,-388,-128,37020,121,29,144,0,0,0,0,0,0,0,0,-32306,0,0,0,0,0,106991,0
105286,3460,7566,634,268,-374,-471,20961,0,2,-387,-128,37021,122,29,144,0,0,0,0,0,0,0,0,-32307,0,0,0,0,0,106997,0
105291,3384,7554,640,270,-361,-459,20961,2,-5,-384,-128,37021,122,29,144,0,0,0,0,0,0,0,0,-32307,0,0,0,0,0,107002,0
105296,3428,7534,676,273,-331,-438,20961,-2,-3,-386,-128,37022,125,29,144,0,0,0,0,0,0,0,0,-32307,0,0,0,0,0,107007,0
105301,3452,7572,702,268,-313,-425,20962,2,1,-386,-128,37022,125,29,144,0,0,0,0,0,0,0,0,-32307,0,0,0,0,0,107013,0
105306,3450,7568,704,267,-300,-412,20962,5,3,-387,-120,37022,126,29,144,0,0,0,0,0,0,0,0,-32306,0,0,0,0,0,107018,0
105311,3468,7574,708,272,-289,-401,20962,11,0,-387,-120,37022,126,29,144,0,0,0,0,0,0,0,0,-32307,0,0,0,0,0,107024,0
105316,3490,7638,738,261,-263,-370,20963,9,-4,-387,-128,37027,117,29,144,0,0,0,0,0,0,0,0,-32307,0,0,0,0,0,107029,0
105321,3494,7696,748,259,-249,-347,20962,2,-1,-388,-120,37027,117,29,144,0,0,0,0,0,0,0,0,-32307,0,0,0,0,0,107035,0
105326,3530,7812,764,261,-240,-326,20962,2,0,-387,-128,37027,112,29,144,0,0,0,0,0,0,0,0,-32306,0,0,0,0,0,107040,0
105331,3534,7874,776,250,-231,-311,20963,0,-2,-387,-128,37027,112,29,144,0,0,0,0,0,0,0,0,-32307,0,0,0,0,0,107045,0
105336,3544,8008,804,243,-212,-261,20962,2,-2,-386,-128,37026,122,29,144,0,0,0,0,0,0,0,0,-32307,0,0,0,0,0,107051,0
105341,3532,8028,820,245,-213,-229,20963,5,-1,-385,-120,37026,122,29,144,0,0,0,0,0,0,0,0,-32307,0,0,0,0,0,107056,0
105346,3486,8058,850,245,-204,-200,20964,-1,0,-386,-120,37021,127,29,144,0,0,0,0,0,0,0,0,-32307,0,0,0,0,0,107062,0
105351,3472,8072,862,234,-203,-171,20963,3,0,-387,-120,37021,127,29,144,0,0,0,0,0,0,0,0,-32307,0,0,0,0,0,107067,0
105356,3458,8134,904,232,-198,-117,20963,0,3,-388,-120,37020,125,29,144,0,0,0,0,0,0,0,0,-32306,0,0,0,0,0,107073,0
105361,3440,8148,928,218,-198,-97,20964,5,-4,-387,-120,37020,125,29,144,0,0,0,0,0,0,0,0,-32307,0,0,0,0,0,107078,0
105366,3414,8146,948,208,-201,-74,20963,0,2,-386,-136,37019,124,30,144,0,0,0,0,0,0,0,0,-32307,0,0,0,0,0,107084,0
105371,3380,8104,930,203,-202,-59,20963,-1,3,-387,-128,37019,124,30,144,0,0,0,0,0,0,0,0,-32307,0,0,0,0,0,107089,0
105376,3316,8016,976,183,-195,-25,20964,4,-3,-386,-128,37019,125,29,144,0,0,0,0,0,0,0,0,-32307,0,0,0,0,0,107094,0
105381,3276,8024,1000,168,-202,-12,20964,1,1,-388,-128,37019,125,29,144,0,0,0,0,0,0,0,0,-32307,0,0,0,0,0,107100,0
105386,3234,7992,1016,161,-208,2,20964,1,-2,-387,-120,37018,130,29,144,0,0,0,0,0,0,0,0,-32307,0,0,0,0,0,107106,0
105391,3194,7942,1038,144,-212,15,20963,5,-3,-387,-120,37018,130,29,144,0,0,0,0,0,0,0,0,-32306,0,0,0,0,0,107111,0
105396,3096,7834,1068,116,-238,30,20963,1,0,-386,-120,37017,130,29,144,0,0,0,0,0,0,0,0,-32307,0,0,0,0,0,107117,0
105401,3036,7798,1084,108,-252,35,20964,3,-5,-386,-120,37017,130,29,144,0,0,0,0,0,0,0,0,-32306,0,0,0,0,0,107122,0
105406,3034,7756,1058,93,-262,48,20963,5,0,-386,-128,37018,130,29,144,0,0,0,0,0,0,0,0,-32307,0,0,0,0,0,107128,0
105411,2978,7738,1068,73,-280,51,20962,-2,2,-387,-128,37018,130,29,144,0,0,0,0,0,0,0,0,-32306,0,0,0,0,0,107133,0
105416,2980,7750,1086,48,-305,60,20963,0,-4,-389,-128,37018,133,29,144,0,0,0,0,0,0,0,0,-32307,0,0,0,0,0,107139,0
105421,2938,7750,1094,30,-323,65,20963,0,0,-389,-120,37018,133,29,144,0,0,0,0,0,0,0,0,-32307,0,0,0,0,0,107144,0
105426,2908,7746,1096,17,-347,70,20963,0,0,-388,-120,37024,126,30,144,0,0,0,0,0,0,0,0,-32307,0,0,0,0,0,107150,0
105431,2908,7732,1072,4,-360,78,20963,0,-7,-386,-128,37024,126,30,144,0,0,0,0,0,0,0,0,-32307,0,0,0,0,0,107155,0
105436,2848,7768,1104,-29,-413,91,20963,-1,1,-385,-136,37026,123,29,144,0,0,0,0,0,0,0,0,-32307,0,0,0,0,0,107160,0
105441,2852,7814,1098,-41,-424,99,20963,2,-2,-386,-128,37026,123,29,144,0,0,0,0,0,0,0,0,-32306,0,0,0,0,0,107166,0
105446,2858,7820,1106,-53,-449,104,20963,-2,0,-387,-128,37030,121,29,144,0,0,0,0,0,0,0,0,-32307,0,0,0,0,0,107171,0
105451,2830,7834,1094,-75,-471,117,20963,0,-2,-386,-128,37030,121,29,144,0,0,0,0,0,0,0,0,-32307,0,0,0,0,0,107177,0
105456,2768,7806,1076,-95,-522,126,20963,-4,-2,-386,-128,37024,118,29,144,0,0,0,0,0,0,0,0,-32307,0,0,0,0,0,107182,0
105461,2760,7768,1070,-100,-556,134,20963,-1,-1,-388,-120,37024,118,29,144,0,0,0,0,0,0,0,0,-32307,0,0,0,0,0,107188,0
105466,2738,7762,1052,-116,-573,146,20963,0,-3,-388,-128,37022,116,29,144,0,0,0,0,0,0,0,0,-32306,0,0,0,0,0,107193,0
105471,2714,7782,1048,-127,-597,147,20962,-1,0,-388,-128,37022,116,29,144,0,0,0,0,0,0,0,0,-32306,0,0,0,0,0,107198,0
105476,2712,7822,1036,-156,-639,146,20962,-3,2,-387,-128,37026,115,29,144,0,0,0,0,0,0,0,0,-32307,0,0,0,0,0,107204,0
105481,2660,7794,1026,-166,-672,145,20963,5,3,-386,-120,37026,115,29,144,0,0,0,0,0,0,0,0,-32306,0,0,0,0,0,107210,0
105486,2624,7794,1020,-176,-689,139,20962,-1,1,-386,-120,37037,122,29,144,0,0,0,0,0,0,0,0,-32307,0,0,0,0,0,107215,0
105491,2614,7778,994,-191,-709,139,20964,8,2,-385,-128,37037,122,29,144,0,0,0,0,0,0,0,0,-32307,0,0,0,0,0,107221,0
105496,2542,7776,958,-215,-754,141,20963,-2,-4,-385,-120,37051,137,29,144,0,0,0,0,0,0,0,0,-32307,0,0,0,0,0,107226,0
105501,2568,7754,958,-222,-771,132,20962,-2,2,-386,-128,37051,137,29,144,0,0,0,0,0,0,0,0,-32307,0,0,0,0,0,107231,0
105506,2530,7760,978,-235,-791,131,20962,-7,-3,-385,-128,37045,137,29,144,0,0,0,0,0,0,0,0,-32307,0,0,0,0,0,107237,0
105511,2540,7788,936,-251,-805,125,20962,-1,0,-387,-120,37045,137,29,144,0,0,0,0,0,0,0,0,-32307,0,0,0,0,0,107242,0
105516,2524,7768,952,-270,-828,116,20962,-8,1,-387,-128,37033,133,29,144,0,0,0,0,0,0,0,0,-32306,0,0,0,0,0,107248,0
105521,2514,7744,908,-281,-846,115,20962,4,0,-386,-120,37033,133,29,144,0,0,0,0,0,0,0,0,-32307,0,0,0,0,0,107253,0
105526,2488,7708,902,-295,-858,113,20962,0,1,-387,-128,37025,131,29,144,0,0,0,0,0,0,0,0,-32307,0,0,0,0,0,107259,0
105531,2510,7694,874,-308,-864,111,20963,-1,2,-387,-120,37025,131,29,144,0,0,0,0,0,0,0,0,-32307,0,0,0,0,0,107264,0
105536,2514,7670,858,-329,-874,109,20962,0,0,-386,-128,37027,136,29,144,0,0,0,0,0,0,0,0,-32307,0,0,0,0,0,107269,0
105541,2496,7662,832,-337,-876,106,20963,1,5,-385,-128,37027,136,29,144,0,0,0,0,0,0,0,0,-32306,0,0,0,0,0,107275,0
105546,2494,7680,814,-346,-879,94,20963,0,-6,-386,-120,37026,133,29,144,0,0,0,0,0,0,0,0,-32307,0,0,0,0,0,107281,0
105551,2522,7660,798,-351,-876,94,20963,1,0,-386,-128,37026,133,29,144,0,0,0,0,0,0,0,0,-32307,0,0,0,0,0,107286,0
105556,2512,7618,748,-366,-877,86,20961,-3,3,-386,-128,37019,139,29,144,0,0,0,0,0,0,0,0,-32306,0,0,0,0,0,107292,0
105561,2492,7566,766,-371,-872,79,20961,-3,2,-388,-128,37019,139,29,144,0,0,0,0,0,0,0,0,-32307,0,0,0,0,0,107297,0
105566,2500,7556,716,-379,-868,77,20963,5,-2,-387,-120,37020,136,29,144,0,0,0,0,0,0,0,0,-32307,0,0,0,0,0,107302,0
105571,2510,7556,708,-383,-860,72,20962,0,5,-388,-120,37020,136,29,144,0,0,0,0,0,0,0,0,-32307,0,0,0,0,0,107308,0
105576,2516,7592,662,-394,-851,60,20963,6,4,-386,-128,37020,134,29,144,0,0,0,0,0,0,0,0,-32307,0,0,0,0,0,107314,0
105581,2518,7586,670,-393,-851,49,20962,-1,0,-388,-128,37020,134,29,144,0,0,0,0,0,0,0,0,-32307,0,0,0,0,0,107319,0
105586,2530,7590,614,-398,-844,50,20964,8,4,-386,-128,37019,126,29,144,0,0,0,0,0,0,0,0,-32306,0,0,0,0,0,107324,0
105591,2516,7584,632,-398,-840,41,20962,1,-4,-385,-128,37019,126,29,144,0,0,0,0,0,0,0,0,-32307,0,0,0,0,0,107330,0
105596,2542,7604,592,-400,-822,25,20963,4,-2,-387,-120,37019,125,29,144,0,0,0,0,0,0,0,0,-32307,0,0,0,0,0,107335,0
105601,2558,7606,560,-401,-813,14,20962,6,-4,-385,-128,37019,125,29,144,0,0,0,0,0,0,0,0,-32306,0,0,0,0,0,107340,0
105606,2548,7612,552,-399,-809,9,20962,-9,1,-386,-128,37019,131,29,144,0,0,0,0,0,0,0,0,-32307,0,0,0,0,0,107346,0
105611,2610,7582,538,-409,-797,3,20962,0,0,-388,-128,37019,131,29,144,0,0,0,0,0,0,0,0,-32307,0,0,0,0,0,107352,0
105616,2548,7566,514,-400,-795,-3,20962,2,2,-388,-128,37018,130,29,144,0,0,0,0,0,0,0,0,-32307,0,0,0,0,0,107357,0
105621,2562,7592,508,-402,-784,-7,20962,2,4,-387,-128,37018,130,29,144,0,0,0,0,0,0,0,0,-32307,0,0,0,0,0,107363,0
105626,2588,7610,484,-401,-780,-15,20962,3,-4,-388,-120,37019,125,29,144,0,0,0,0,0,0,0,0,-32307,0,0,0,0,0,107368,0
105631,2602,7684,490,-404,-769,-21,20962,-4,3,-388,-136,37019,125,29,144,0,0,0,0,0,0,0,0,-32307,0,0,0,0,0,107374,0
105636,2648,7776,438,-393,-759,-36,20962,1,0,-384,-128,37024,122,29,144,0,0,0,0,0,0,0,0,-32307,0,0,0,0,0,107379,0
105641,2640,7760,418,-393,-758,-43,20962,4,-2,-384,-120,37024,122,29,144,0,0,0,0,0,0,0,0,-32307,0,0,0,0,0,107385,0
105646,2654,7762,430,-392,-762,-40,20963,2,0,-385,-120,37025,125,29,144,0,0,0,0,0,0,0,0,-32307,0,0,0,0,0,107390,0
105651,2626,7744,418,-396,-753,-48,20962,0,1,-386,-120,37025,125,29,144,0,0,0,0,0,0,0,0,-32307,0,0,0,0,0,107395,0
105656,2662,7728,402,-397,-752,-48,20961,-3,-4,-385,-128,37026,132,29,144,0,0,0,0,0,0,0,0,-32306,0,0,0,0,0,107401,0
105661,2688,7722,370,-388,-751,-48,20961,-2,-6,-387,-120,37026,132,29,144,0,0,0,0,0,0,0,0,-32306,0,0,0,0,0,107406,0
105666,2722,7780,374,-390,-742,-51,20962,-1,-3,-387,-128,37019,135,29,144,0,0,0,0,0,0,0,0,-32306,0,0,0,0,0,107411,0
105671,2718,7796,358,-388,-730,-58,20962,4,-3,-388,-120,37019,135,29,144,0,0,0,0,0,0,0,0,-32307,0,0,0,0,0,107417,0
105676,2736,7822,360,-386,-728,-63,20963,5,-1,-386,-120,37021,138,29,144,0,0,0,0,0,0,0,0,-32307,0,0,0,0,0,107423,0
105681,2724,7806,318,-386,-720,-62,20962,-1,-1,-388,-128,37021,138,29,144,0,0,0,0,0,0,0,0,-32307,0,0,0,0,0,107428,0
105686,2746,7812,334,-380,-714,-68,20963,3,0,-386,-128,37021,139,29,144,0,0,0,0,0,0,0,0,-32307,0,0,0,0,0,107433,0
105691,2758,7762,344,-378,-704,-69,20963,0,0,-385,-120,37021,139,29,144,0,0,0,0,0,0,0,0,-32307,0,0,0,0,0,107439,0
105696,2774,7788,316,-376,-690,-69,20962,-1,-1,-387,-120,37023,134,29,144,0,0,0,0,0,0,0,0,-32307,0,0,0,0,0,107444,0
105701,2820,7814,298,-373,-677,-70,20963,0,-1,-386,-128,37023,134,29,144,0,0,0,0,0,0,0,0,-32307,0,0,0,0,0,107450,0
105706,2818,7814,310,-372,-675,-76,20963,-1,2,-387,-128,37022,129,29,144,0,0,0,0,0,0,0,0,-32307,0,0,0,0,0,107455,0
105711,2810,7794,296,-367,-668,-74,20963,0,2,-388,-128,37022,129,29,144,0,0,0,0,0,0,0,0,-32307,0,0,0,0,0,107461,0
105716,2822,7774,280,-365,-653,-75,20962,-1,-3,-386,-128,37021,121,29,144,0,0,0,0,0,0,0,0,-32307,0,0,0,0,0,107466,0
105721,2834,7748,228,-356,-646,-77,20963,4,0,-387,-128,37021,121,29,144,0,0,0,0,0,0,0,0,-32306,0,0,0,0,0,107472,0
105726,2862,7722,252,-350,-637,-77,20963,0,-1,-386,-128,37019,128,29,144,0,0,0,0,0,0,0,0,-32307,0,0,0,0,0,107477,0
105731,2870,7716,254,-346,-630,-75,20963,-1,1,-388,-128,37019,128,29,144,0,0,0,0,0,0,0,0,-32307,0,0,0,0,0,107482,0
105736,2868,7676,236,-338,-605,-68,20963,2,0,-386,-128,37019,127,29,144,0,0,0,0,0,0,0,0,-32307,0,0,0,0,0,107488,0
105741,2882,7626,232,-329,-597,-69,20963,4,2,-388,-120,37019,127,29,144,0,0,0,0,0,0,0,0,-32307,0,0,0,0,0,107494,0
105746,2894,7618,216,-316,-579,-66,20962,1,-3,-388,-120,37024,125,29,144,0,0,0,0,0,0,0,0,-32307,0,0,0,0,0,107499,0
105751,2890,7616,226,-317,-570,-61,20962,0,4,-385,-120,37024,125,29,144,0,0,0,0,0,0,0,0,-32307,0,0,0,0,0,107504,0
105756,2898,7606,208,-297,-540,-57,20963,5,4,-386,-120,37023,129,29,144,0,0,0,0,0,0,0,0,-32307,0,0,0,0,0,107510,0
105761,2882,7574,226,-281,-525,-51,20962,-3,-3,-386,-120,37023,129,29,144,0,0,0,0,0,0,0,0,-32307,0,0,0,0,0,107515,0
105766,2876,7556,206,-280,-516,-45,20964,3,5,-385,-128,37020,127,29,144,0,0,0,0,0,0,0,0,-32307,0,0,0,0,0,107521,0
105771,2892,7554,204,-268,-499,-41,20963,2,-1,-388,-128,37020,127,29,144,0,0,0,0,0,0,0,0,-32306,0,0,0,0,0,107526,0
105776,2850,7560,180,-250,-484,-37,20963,4,4,-388,-112,37014,131,29,144,0,0,0,0,0,0,0,0,-32307,0,0,0,0,0,107532,0
105781,2840,7550,186,-242,-475,-33,20962,0,3,-388,-128,37014,131,29,144,0,0,0,0,0,0,0,0,-32307,0,0,0,0,0,107537,0
105786,2830,7570,178,-229,-474,-34,20962,1,-1,-386,-120,37016,126,29,144,0,0,0,0,0,0,0,0,-32306,0,0,0,0,0,107543,0
105791,2840,7548,184,-219,-459,-32,20962,4,2,-384,-128,37016,126,29,144,0,0,0,0,0,0,0,0,-32307,0,0,0,0,0,107548,0
105796,2846,7586,210,-200,-438,-36,20963,3,3,-385,-120,37018,127,29,144,0,0,0,0,0,0,0,0,-32307,0,0,0,0,0,107553,0
105801,2852,7548,218,-194,-429,-39,20962,1,-1,-386,-128,37018,127,29,144,0,0,0,0,0,0,0,0,-32307,0,0,0,0,0,107559,0
105806,2872,7544,230,-185,-413,-35,20962,1,3,-385,-128,37019,121,29,144,0,0,0,0,0,0,0,0,-32307,0,0,0,0,0,107565,0
105811,2892,7552,244,-178,-397,-38,20963,0,2,-386,-128,37019,121,29,144,0,0,0,0,0,0,0,0,-32307,0,0,0,0,0,107570,0
105816,2866,7502,258,-157,-361,-42,20962,0,-1,-388,-128,37018,116,29,144,0,0,0,0,0,0,0,0,-32307,0,0,0,0,0,107575,0
105821,2850,7504,266,-151,-340,-38,20963,5,-1,-386,-120,37018,116,29,144,0,0,0,0,0,0,0,0,-32306,0,0,0,0,0,107581,0
105826,2874,7526,254,-144,-321,-44,20961,-6,-5,-388,-128,37018,117,29,144,0,0,0,0,0,0,0,0,-32307,0,0,0,0,0,107586,0
105831,2850,7544,288,-136,-300,-48,20962,0,2,-387,-128,37018,117,29,144,0,0,0,0,0,0,0,0,-32307,0,0,0,0,0,107591,0
105836,2834,7518,310,-120,-272,-47,20962,4,-3,-383,-128,37019,120,29,144,0,0,0,0,0,0,0,0,-32307,0,0,0,0,0,107597,0
105841,2804,7518,302,-115,-256,-49,20961,-2,-5,-384,-128,37019,120,29,144,0,0,0,0,0,0,0,0,-32307,0,0,0,0,0,107602,0
105846,2804,7490,292,-103,-255,-50,20962,-4,-3,-385,-120,37023,125,29,144,0,0,0,0,0,0,0,0,-32307,0,0,0,0,0,107608,0
105851,2816,7570,308,-95,-238,-48,20963,3,2,-388,-128,37023,125,29,144,0,0,0,0,0,0,0,0,-32307,0,0,0,0,0,107613,0
105856,2818,7598,322,-84,-219,-57,20962,6,-2,-386,-120,37024,131,29,144,0,0,0,0,0,0,0,0,-32307,0,0,0,0,0,107619,0
105861,2792,7586,340,-82,-206,-60,20961,-1,-8,-386,-120,37024,131,29,144,0,0,0,0,0,0,0,0,-32307,0,0,0,0,0,107624,0
105866,2786,7564,366,-73,-201,-59,20961,-2,0,-385,-128,37024,126,29,144,0,0,0,0,0,0,0,0,-32307,0,0,0,0,0,107629,0
105871,2782,7544,360,-70,-197,-62,20962,-1,1,-387,-128,37024,126,29,144,0,0,0,0,0,0,0,0,-32306,0,0,0,0,0,107634,0
105876,2748,7458,364,-59,-182,-60,20963,-1,1,-388,-128,37024,134,29,144,0,0,0,0,0,0,0,0,-32307,0,0,0,0,0,107639,0
105881,2742,7432,392,-63,-183,-64,20963,-2,-1,-389,-128,37024,134,29,144,0,0,0,0,0,0,0,0,-32307,0,0,0,0,0,107644,0
105886,2766,7446,390,-61,-172,-61,20962,-6,-5,-386,-128,37020,129,29,144,0,0,0,0,0,0,0,0,-32307,0,0,0,0,0,107649,0
105891,2780,7496,416,-61,-174,-69,20962,-1,-3,-385,-128,37020,129,29,144,0,0,0,0,0,0,0,0,-32307,0,0,0,0,0,107654,0
105896,2758,7516,406,-52,-167,-86,20962,-1,-3,-387,-120,37020,136,29,144,0,0,0,0,0,0,0,0,-32307,0,0,0,0,0,107659,0
105901,2748,7502,418,-55,-165,-89,20962,-2,0,-387,-128,37020,136,29,144,0,0,0,0,0,0,0,0,-32306,0,0,0,0,0,107664,0
105906,2740,7500,436,-54,-161,-93,20963,11,2,-384,-120,37019,134,29,144,0,0,0,0,0,0,0,0,-32307,0,0,0,0,0,107669,0
105911,2682,7492,422,-44,-152,-91,20961,-5,-5,-386,-128,37019,134,29,144,0,0,0,0,0,0,0,0,-32307,0,0,0,0,0,107674,0
105916,2674,7494,444,-40,-150,-89,20962,-6,1,-387,-128,37019,125,29,144,0,0,0,0,0,0,0,0,-32307,0,0,0,0,0,107680,0
105921,2676,7520,432,-37,-161,-91,20963,0,4,-387,-120,37019,125,29,144,0,0,0,0,0,0,0,0,-32307,0,0,0,0,0,107685,0
105926,2712,7506,420,-40,-158,-100,20961,-4,-8,-386,-128,37019,132,29,144,0,0,0,0,0,0,0,0,-32306,0,0,0,0,0,107690,0
105931,2680,7456,436,-32,-160,-100,20961,2,-1,-386,-128,37019,132,29,144,0,0,0,0,0,0,0,0,-32307,0,0,0,0,0,107695,0
105936,2754,7524,434,-22,-159,-108,20962,-1,3,-385,-128,37023,126,29,144,0,0,0,0,0,0,0,0,-32306,0,0,0,0,0,107700,0
105941,2728,7526,452,-20,-155,-111,20962,0,0,-385,-120,37023,126,29,144,0,0,0,0,0,0,0,0,-32307,0,0,0,0,0,107705,0
105946,2748,7526,420,-16,-161,-108,20962,-5,-2,-386,-120,37026,124,29,144,0,0,0,0,0,0,0,0,-32307,0,0,0,0,0,107710,0
105951,2740,7530,452,-5,-160,-108,20963,-1,0,-386,-128,37026,124,29,144,0,0,0,0,0,0,0,0,-32306,0,0,0,0,0,107715,0
