state_time,accelx,accely,accelz,gyrox,gyroy,gyroz,mot_ang,mot_vel,mot_acc,mot_cur,mot_volt,batt_volt,batt_curr,temperature,status_mn,status_ex,status_re,genvar_0,genvar_1,genvar_2,genvar_3,genvar_4,genvar_5,genvar_6,genvar_7,genvar_8,genvar_9,ank_ang,ank_vel,sys_time,event flags
28227,-762,8080,602,87,-8,30,13170,-4,-1,2,0,37310,126,27,65,0,0,0,0,0,0,0,0,-32311,0,0,0,0,0,1354,0
28232,-744,8094,596,81,-12,24,13170,-6,1,3,0,37310,126,27,65,0,0,0,0,0,0,0,0,-32311,0,0,0,0,0,28232,0
28237,-732,8076,582,84,-10,29,13171,4,4,3,0,37308,123,27,65,0,0,0,0,0,0,0,0,-32311,0,0,0,0,0,28237,0
28242,-734,8090,580,81,-8,26,13171,0,-2,3,0,37308,123,27,65,0,0,0,0,0,0,0,0,-32311,0,0,0,0,0,28242,0
28247,-748,8092,590,86,-9,26,13170,-3,1,3,0,37306,123,27,65,0,0,0,0,0,0,0,0,-32311,0,0,0,0,0,28247,0
28252,-738,8092,608,86,-8,26,13171,1,-1,3,0,37306,123,27,65,0,0,0,0,0,0,0,0,-32311,0,0,0,0,0,28252,0
28257,-708,8086,596,87,-6,21,13171,-3,5,3,0,37300,121,27,65,0,0,0,0,0,0,0,0,-32311,0,0,0,0,0,28257,0
28262,-740,8104,576,87,-9,25,13171,2,0,2,0,37300,121,27,65,0,0,0,0,0,0,0,0,-32311,0,0,0,0,0,28262,0
28267,-720,8080,598,84,-4,25,13171,2,-1,2,0,37298,123,27,65,0,0,0,0,0,0,0,0,-32311,0,0,0,0,0,28267,0
28272,-724,8078,594,82,-7,25,13170,-5,1,2,0,37298,123,27,65,0,0,0,0,0,0,0,0,-32311,0,0,0,0,0,28272,0
28277,-734,8084,584,82,0,27,13171,0,0,2,0,37295,126,27,65,0,0,0,0,0,0,0,0,-32311,0,0,0,0,0,28277,0
28282,-708,8088,574,86,-1,22,13172,6,1,2,0,37295,126,27,65,0,0,0,0,0,0,0,0,-32311,0,0,0,0,0,28282,0
28287,-724,8100,594,89,-5,20,13171,1,3,3,0,37295,129,27,65,0,0,0,0,0,0,0,0,-32311,0,0,0,0,0,28287,0
28292,-754,8080,598,88,0,22,13170,-1,0,4,0,37295,129,27,65,0,0,0,0,0,0,0,0,-32311,0,0,0,0,0,28292,0
28297,-744,8082,598,83,0,22,13171,-2,-4,2,0,37298,124,27,65,0,0,0,0,0,0,0,0,-32310,0,0,0,0,0,28297,0
28302,-732,8088,592,85,0,22,13171,3,1,3,0,37298,124,27,65,0,0,0,0,0,0,0,0,-32311,0,0,0,0,0,28303,0
28307,-732,8102,588,86,-1,24,13170,-2,1,2,0,37299,123,27,65,0,0,0,0,0,0,0,0,-32310,0,0,0,0,0,28308,0
28312,-728,8092,588,87,-3,22,13171,-2,2,2,0,37299,123,27,65,0,0,0,0,0,0,0,0,-32310,0,0,0,0,0,28313,0
28317,-712,8108,594,88,-2,19,13171,5,-1,2,0,37292,122,27,65,0,0,0,0,0,0,0,0,-32311,0,0,0,0,0,28318,0
28322,-728,8114,590,85,-5,18,13171,3,3,3,0,37292,122,27,65,0,0,0,0,0,0,0,0,-32310,0,0,0,0,0,28323,0
28327,-726,8092,596,82,-10,22,13170,1,-3,2,0,37285,126,27,65,0,0,0,0,0,0,0,0,-32310,0,0,0,0,0,28328,0
28332,-724,8080,594,79,0,19,13172,0,-2,5,0,37285,126,27,65,0,0,0,0,0,0,0,0,-32311,0,0,0,0,0,28333,0
28337,-762,8096,584,87,-4,16,13171,1,2,2,0,37284,128,27,65,0,0,0,0,0,0,0,0,-32311,0,0,0,0,0,28338,0
28342,-720,8076,582,82,0,22,13171,0,-2,3,0,37284,128,27,65,0,0,0,0,0,0,0,0,-32311,0,0,0,0,0,28343,0
28347,-744,8100,582,84,-6,17,13170,0,-3,3,0,37284,117,27,65,0,0,0,0,0,0,0,0,-32311,0,0,0,0,0,28348,0
28352,-732,8084,560,91,-6,11,13170,0,-6,4,0,37284,117,27,65,0,0,0,0,0,0,0,0,-32311,0,0,0,0,0,28353,0
28357,-722,8104,592,84,-9,17,13170,0,3,2,0,37283,117,27,65,0,0,0,0,0,0,0,0,-32311,0,0,0,0,0,28358,0
28362,-722,8104,580,86,-4,14,13170,-7,1,2,0,37283,117,27,65,0,0,0,0,0,0,0,0,-32311,0,0,0,0,0,28363,0
28367,-704,8082,556,88,0,13,13171,2,5,3,0,37279,122,27,65,0,0,0,0,0,0,0,0,-32311,0,0,0,0,0,28368,0
28372,-744,8082,580,80,-5,15,13170,0,-1,1,0,37279,122,27,65,0,0,0,0,0,0,0,0,-32311,0,0,0,0,0,28373,0
28377,-734,8090,550,84,-7,15,13172,8,0,2,0,37278,126,27,65,0,0,0,0,0,0,0,0,-32311,0,0,0,0,0,28378,0
28382,-728,8098,550,82,-5,12,13171,4,-1,4,0,37278,126,27,65,0,0,0,0,0,0,0,0,-32311,0,0,0,0,0,28383,0
28387,-730,8090,570,81,-5,15,13170,6,4,1,0,37277,125,27,65,0,0,0,0,0,0,0,0,-32311,0,0,0,0,0,28388,0
28392,-696,8110,568,81,-2,10,13170,-4,-4,3,0,37277,125,27,65,0,0,0,0,0,0,0,0,-32311,0,0,0,0,0,28393,0
28397,-728,8112,538,76,-2,12,13171,1,-1,3,0,37274,128,27,65,0,0,0,0,0,0,0,0,-32311,0,0,0,0,0,28398,0
28402,-736,8082,558,80,-7,12,13171,3,-1,4,0,37274,128,27,65,0,0,0,0,0,0,0,0,-32311,0,0,0,0,0,28403,0
28407,-736,8088,554,80,-4,10,13170,-3,-3,3,0,37276,133,27,65,0,0,0,0,0,0,0,0,-32311,0,0,0,0,0,28408,0
28412,-736,8094,554,81,-5,13,13170,4,-4,2,0,37276,133,27,65,0,0,0,0,0,0,0,0,-32311,0,0,0,0,0,28413,0
28417,-730,8082,582,76,-4,7,13170,-1,0,3,0,37280,134,27,65,0,0,0,0,0,0,0,0,-32311,0,0,0,0,0,28418,0
28422,-768,8088,584,80,-6,8,13171,4,1,2,0,37280,134,27,65,0,0,0,0,0,0,0,0,-32311,0,0,0,0,0,28423,0
28427,-726,8104,570,77,-1,8,13171,1,2,3,0,37282,126,27,65,0,0,0,0,0,0,0,0,-32311,0,0,0,0,0,28428,0
28432,-722,8108,576,79,-6,10,13170,3,3,2,0,37282,126,27,65,0,0,0,0,0,0,0,0,-32311,0,0,0,0,0,28433,0
28437,-728,8094,566,75,0,10,13171,6,0,3,0,37286,125,27,65,0,0,0,0,0,0,0,0,-32311,0,0,0,0,0,28438,0
28442,-748,8110,560,77,-3,10,13170,-2,-2,2,0,37286,125,27,65,0,0,0,0,0,0,0,0,-32311,0,0,0,0,0,28443,0
28447,-756,8070,554,74,-3,4,13171,-3,2,2,0,37283,120,27,65,0,0,0,0,0,0,0,0,-32311,0,0,0,0,0,28448,0
28452,-730,8084,574,69,-1,9,13170,-4,0,3,0,37283,120,27,65,0,0,0,0,0,0,0,0,-32311,0,0,0,0,0,28453,0
28457,-730,8114,580,70,-7,7,13171,2,-1,1,0,37280,117,27,65,0,0,0,0,0,0,0,0,-32311,0,0,0,0,0,28458,0
28462,-740,8102,568,74,1,8,13171,2,-2,3,0,37280,117,27,65,0,0,0,0,0,0,0,0,-32311,0,0,0,0,0,28463,0
28467,-752,8114,562,71,-6,11,13171,0,4,3,0,37276,120,27,65,0,0,0,0,0,0,0,0,-32311,0,0,0,0,0,28468,0
28472,-746,8090,580,72,-4,11,13171,5,0,2,0,37276,120,27,65,0,0,0,0,0,0,0,0,-32311,0,0,0,0,0,28473,0
28477,-742,8106,580,74,-2,10,13171,1,-2,2,0,37275,119,27,65,0,0,0,0,0,0,0,0,-32311,0,0,0,0,0,28478,0
28482,-770,8108,580,73,-4,10,13170,-2,1,2,0,37275,119,27,65,0,0,0,0,0,0,0,0,-32311,0,0,0,0,0,28483,0
28487,-754,8078,566,70,-6,6,13170,-4,-2,1,0,37274,115,27,65,0,0,0,0,0,0,0,0,-32311,0,0,0,0,0,28488,0
28492,-800,8062,560,78,-7,10,13172,7,3,3,0,37274,115,27,65,0,0,0,0,0,0,0,0,-32311,0,0,0,0,0,28493,0
28497,-804,8092,578,70,-3,11,13172,6,6,3,0,37272,113,27,65,0,0,0,0,0,0,0,0,-32311,0,0,0,0,0,28498,0
28502,-826,8066,570,79,-2,12,13171,-4,3,3,0,37272,113,27,65,0,0,0,0,0,0,0,0,-32311,0,0,0,0,0,28503,0
28507,-796,8048,594,74,-7,14,13170,-1,1,4,0,37273,113,27,65,0,0,0,0,0,0,0,0,-32311,0,0,0,0,0,28508,0
28512,-802,8064,588,73,-8,17,13170,0,-2,3,0,37273,113,27,65,0,0,0,0,0,0,0,0,-32311,0,0,0,0,0,28513,0
28517,-812,8096,554,78,-10,14,13171,-2,-1,2,0,37274,114,27,65,0,0,0,0,0,0,0,0,-32310,0,0,0,0,0,28518,0
28522,-750,8070,570,77,-7,12,13171,2,3,2,0,37274,114,27,65,0,0,0,0,0,0,0,0,-32311,0,0,0,0,0,28523,0
28527,-772,8086,598,76,-12,15,13171,3,-2,2,0,37274,119,27,65,0,0,0,0,0,0,0,0,-32311,0,0,0,0,0,28528,0
28532,-772,8096,562,75,-10,17,13171,6,1,2,0,37274,119,27,65,0,0,0,0,0,0,0,0,-32311,0,0,0,0,0,28533,0
28537,-778,8086,568,76,-11,14,13171,0,2,2,0,37272,121,27,65,0,0,0,0,0,0,0,0,-32311,0,0,0,0,0,28538,0
28542,-804,8108,564,74,-13,20,13171,3,6,4,0,37272,121,27,65,0,0,0,0,0,0,0,0,-32311,0,0,0,0,0,28543,0
28547,-774,8104,580,73,-8,14,13171,-2,0,3,0,37275,140,27,65,0,0,0,0,0,0,0,0,-32311,0,0,0,0,0,28548,0
28552,-786,8082,566,76,-7,16,13171,0,1,4,0,37275,140,27,65,0,0,0,0,0,0,0,0,-32311,0,0,0,0,0,28553,0
28557,-794,8108,560,71,-11,22,13170,-2,-3,3,0,37274,142,27,65,0,0,0,0,0,0,0,0,-32311,0,0,0,0,0,28560,0
28562,-772,8084,578,69,-9,16,13171,0,4,2,0,37274,142,27,65,0,0,0,0,0,0,0,0,-32311,0,0,0,0,0,28563,0
28567,-764,8086,580,69,-9,19,13170,-2,0,2,0,37272,139,27,65,0,0,0,0,0,0,0,0,-32311,0,0,0,0,0,28568,0
28572,-754,8102,568,66,-13,25,13171,-1,3,2,0,37272,139,27,65,0,0,0,0,0,0,0,0,-32310,0,0,0,0,0,28573,0
28577,-798,8090,554,75,-14,27,13171,2,4,2,0,37267,129,27,65,0,0,0,0,0,0,0,0,-32310,0,0,0,0,0,28578,0
28582,-806,8098,558,76,-10,22,13171,1,0,3,0,37267,129,27,65,0,0,0,0,0,0,0,0,-32311,0,0,0,0,0,28583,0
28587,-788,8082,560,70,-13,23,13172,7,3,2,0,37267,128,27,65,0,0,0,0,0,0,0,0,-32311,0,0,0,0,0,28588,0
28592,-810,8068,552,72,-10,26,13170,4,0,2,0,37267,128,27,65,0,0,0,0,0,0,0,0,-32311,0,0,0,0,0,28593,0
28597,-774,8092,576,73,-13,24,13171,-1,2,2,0,37271,120,27,65,0,0,0,0,0,0,0,0,-32311,0,0,0,0,0,28598,0
28602,-800,8078,574,71,-11,22,13171,-2,0,3,0,37271,120,27,65,0,0,0,0,0,0,0,0,-32311,0,0,0,0,0,28603,0
28607,-792,8090,542,71,-10,27,13170,0,-2,3,0,37271,121,27,65,0,0,0,0,0,0,0,0,-32311,0,0,0,0,0,28608,0
28612,-766,8088,556,62,-15,30,13170,-2,-3,4,0,37271,121,27,65,0,0,0,0,0,0,0,0,-32311,0,0,0,0,0,28613,0
28617,-786,8076,556,66,-10,30,13171,0,3,5,0,37271,121,27,65,0,0,0,0,0,0,0,0,-32311,0,0,0,0,0,28618,0
28622,-758,8084,560,67,-15,27,13171,0,6,2,0,37271,121,27,65,0,0,0,0,0,0,0,0,-32311,0,0,0,0,0,28623,0
28627,-786,8076,558,59,-11,29,13170,6,4,2,0,37271,129,27,65,0,0,0,0,0,0,0,0,-32311,0,0,0,0,0,28628,0
28632,-782,8102,570,62,-13,28,13170,-9,-3,3,0,37271,129,27,65,0,0,0,0,0,0,0,0,-32311,0,0,0,0,0,28633,0
28637,-776,8094,568,66,-10,26,13171,-5,4,3,0,37272,133,27,65,0,0,0,0,0,0,0,0,-32311,0,0,0,0,0,28638,0
28642,-774,8100,552,70,-11,30,13171,-4,-1,4,0,37272,133,27,65,0,0,0,0,0,0,0,0,-32310,0,0,0,0,0,28643,0
28647,-762,8104,576,62,-15,28,13171,5,1,5,0,37277,123,27,65,0,0,0,0,0,0,0,0,-32311,0,0,0,0,0,28648,0
28652,-796,8066,578,67,-7,32,13170,0,-2,4,0,37277,123,27,65,0,0,0,0,0,0,0,0,-32311,0,0,0,0,0,28653,0
28657,-790,8092,580,64,-17,30,13172,0,5,4,0,37275,120,27,65,0,0,0,0,0,0,0,0,-32311,0,0,0,0,0,28658,0
28662,-786,8084,560,65,-14,34,13171,-1,3,4,0,37275,120,27,65,0,0,0,0,0,0,0,0,-32311,0,0,0,0,0,28663,0
28667,-770,8104,580,73,-9,30,13170,-1,0,3,0,37277,123,27,65,0,0,0,0,0,0,0,0,-32310,0,0,0,0,0,28668,0
28672,-766,8068,570,61,-12,29,13169,-4,-6,2,0,37277,123,27,65,0,0,0,0,0,0,0,0,-32311,0,0,0,0,0,28673,0
28677,-774,8094,562,64,-11,36,13171,3,-1,3,0,37282,124,27,65,0,0,0,0,0,0,0,0,-32311,0,0,0,0,0,28678,0
28682,-788,8084,570,59,-18,34,13171,3,-1,3,0,37282,124,27,65,0,0,0,0,0,0,0,0,-32311,0,0,0,0,0,28683,0
28687,-762,8100,568,63,-14,36,13171,1,3,1,0,37295,129,27,65,0,0,0,0,0,0,0,0,-32311,0,0,0,0,0,28688,0
28692,-750,8094,548,59,-13,33,13171,7,3,3,0,37295,129,27,65,0,0,0,0,0,0,0,0,-32311,0,0,0,0,0,28693,0
28697,-778,8102,578,62,-12,37,13170,3,-1,2,0,37304,123,27,65,0,0,0,0,0,0,0,0,-32311,0,0,0,0,0,28698,0
28702,-736,8106,580,65,-13,36,13171,0,1,3,0,37304,123,27,65,0,0,0,0,0,0,0,0,-32311,0,0,0,0,0,28703,0
28707,-732,8090,558,62,-15,33,13171,5,5,3,0,37296,119,27,65,0,0,0,0,0,0,0,0,-32311,0,0,0,0,0,28708,0
28712,-758,8092,586,61,-8,38,13170,-3,-3,3,0,37296,119,27,65,0,0,0,0,0,0,0,0,-32312,0,0,0,0,0,28713,0
28717,-750,8072,570,63,-15,31,13170,-2,-2,4,0,37280,120,27,65,0,0,0,0,0,0,0,0,-32311,0,0,0,0,0,28718,0
28722,-758,8090,582,68,-10,35,13171,3,-2,2,0,37280,120,27,65,0,0,0,0,0,0,0,0,-32311,0,0,0,0,0,28723,0
28727,-748,8084,582,62,-14,35,13169,-6,-1,4,0,37265,123,27,65,0,0,0,0,0,0,0,0,-32311,0,0,0,0,0,28728,0
28732,-734,8090,582,64,-10,29,13172,4,4,3,0,37265,123,27,65,0,0,0,0,0,0,0,0,-32311,0,0,0,0,0,28733,0
28737,-752,8092,604,64,-11,36,13169,2,-5,1,0,37262,128,27,65,0,0,0,0,0,0,0,0,-32311,0,0,0,0,0,28738,0
28742,-740,8064,592,62,-10,33,13170,-5,-3,1,0,37262,128,27,65,0,0,0,0,0,0,0,0,-32311,0,0,0,0,0,28743,0
28747,-736,8088,572,60,-17,32,13171,0,-1,2,0,37266,126,27,65,0,0,0,0,0,0,0,0,-32311,0,0,0,0,0,28748,0
28752,-734,8070,596,64,-12,33,13171,-3,-4,4,0,37266,126,27,65,0,0,0,0,0,0,0,0,-32311,0,0,0,0,0,28753,0
28757,-752,8068,608,58,-15,34,13171,-4,-5,3,0,37272,121,27,65,0,0,0,0,0,0,0,0,-32311,0,0,0,0,0,28758,0
28762,-756,8082,584,60,-13,32,13170,-2,-4,4,0,37272,121,27,65,0,0,0,0,0,0,0,0,-32311,0,0,0,0,0,28763,0
28767,-744,8100,580,61,-15,36,13170,-2,-3,2,0,37274,121,27,65,0,0,0,0,0,0,0,0,-32311,0,0,0,0,0,28768,0
28772,-732,8104,566,62,-19,34,13172,4,0,2,0,37274,121,27,65,0,0,0,0,0,0,0,0,-32311,0,0,0,0,0,28773,0
28777,-744,8114,586,59,-12,32,13171,2,3,3,0,37274,122,27,65,0,0,0,0,0,0,0,0,-32311,0,0,0,0,0,28778,0
28782,-774,8102,554,64,-13,30,13170,0,4,3,0,37274,122,27,65,0,0,0,0,0,0,0,0,-32311,0,0,0,0,0,28783,0
28787,-710,8090,574,69,-13,26,13171,-4,-5,1,0,37269,123,27,65,0,0,0,0,0,0,0,0,-32311,0,0,0,0,0,28788,0
28792,-746,8074,564,62,-12,29,13171,0,1,1,0,37269,123,27,65,0,0,0,0,0,0,0,0,-32311,0,0,0,0,0,28793,0
28797,-754,8106,582,61,-13,30,13170,4,3,3,0,37268,118,27,65,0,0,0,0,0,0,0,0,-32311,0,0,0,0,0,28798,0
28802,-752,8100,594,65,-10,25,13171,3,1,5,0,37268,118,27,65,0,0,0,0,0,0,0,0,-32311,0,0,0,0,0,28803,0
28807,-708,8092,574,62,-14,32,13170,0,-2,4,0,37271,118,27,65,0,0,0,0,0,0,0,0,-32311,0,0,0,0,0,28808,0
28812,-762,8100,564,57,-8,29,13170,1,5,4,0,37271,118,27,65,0,0,0,0,0,0,0,0,-32311,0,0,0,0,0,28813,0
28817,-738,8080,598,54,-9,28,13170,-4,-1,3,0,37272,116,27,65,0,0,0,0,0,0,0,0,-32310,0,0,0,0,0,28818,0
28822,-740,8088,572,58,-8,27,13171,-1,-2,2,0,37272,116,27,65,0,0,0,0,0,0,0,0,-32310,0,0,0,0,0,28823,0
28827,-768,8078,556,59,-7,28,13171,-2,-3,2,0,37269,115,27,65,0,0,0,0,0,0,0,0,-32310,0,0,0,0,0,28828,0
28832,-760,8106,572,59,-11,31,13170,-2,-2,2,0,37269,115,27,65,0,0,0,0,0,0,0,0,-32311,0,0,0,0,0,28833,0
28837,-774,8072,592,62,-16,22,13171,-2,-3,1,0,37269,115,27,65,0,0,0,0,0,0,0,0,-32311,0,0,0,0,0,28838,0
28842,-766,8090,576,58,-14,31,13170,0,2,0,0,37269,115,27,65,0,0,0,0,0,0,0,0,-32311,0,0,0,0,0,28843,0
28847,-758,8082,606,58,-12,31,13172,6,3,2,0,37269,119,27,65,0,0,0,0,0,0,0,0,-32310,0,0,0,0,0,28848,0
28852,-790,8066,608,58,-8,26,13171,0,-1,6,0,37269,119,27,65,0,0,0,0,0,0,0,0,-32311,0,0,0,0,0,28853,0
28857,-752,8078,566,67,-15,26,13170,-4,-4,4,0,37270,126,27,65,0,0,0,0,0,0,0,0,-32311,0,0,0,0,0,28858,0
28862,-756,8090,572,64,-16,30,13170,-1,-1,3,0,37270,126,27,65,0,0,0,0,0,0,0,0,-32310,0,0,0,0,0,28863,0
28867,-728,8098,586,57,-14,32,13171,4,-4,3,0,37270,123,27,65,0,0,0,0,0,0,0,0,-32311,0,0,0,0,0,28868,0
28872,-760,8072,596,58,-13,29,13171,-4,1,2,0,37270,123,27,65,0,0,0,0,0,0,0,0,-32311,0,0,0,0,0,28873,0
28877,-774,8082,606,69,-13,30,13171,0,1,3,0,37270,131,27,65,0,0,0,0,0,0,0,0,-32311,0,0,0,0,0,28878,0
28882,-788,8094,594,66,-10,29,13171,2,0,3,0,37270,131,27,65,0,0,0,0,0,0,0,0,-32310,0,0,0,0,0,28883,0
28887,-754,8094,624,65,-11,32,13170,6,1,0,0,37271,130,27,65,0,0,0,0,0,0,0,0,-32311,0,0,0,0,0,28888,0
28892,-740,8066,588,67,-16,29,13170,-3,-3,3,0,37271,130,27,65,0,0,0,0,0,0,0,0,-32311,0,0,0,0,0,28893,0
28897,-732,8098,600,61,-10,29,13171,3,-1,2,0,37271,130,27,65,0,0,0,0,0,0,0,0,-32310,0,0,0,0,0,28898,0
28902,-764,8082,598,67,-13,29,13172,7,-2,2,0,37271,130,27,65,0,0,0,0,0,0,0,0,-32311,0,0,0,0,0,28903,0
28907,-728,8060,602,70,-13,33,13170,0,4,1,0,37271,125,27,65,0,0,0,0,0,0,0,0,-32311,0,0,0,0,0,28908,0
28912,-740,8084,604,68,-20,31,13170,-2,-2,3,0,37271,125,27,65,0,0,0,0,0,0,0,0,-32311,0,0,0,0,0,28913,0
28917,-764,8074,594,68,-20,31,13170,0,-1,2,0,37270,121,27,65,0,0,0,0,0,0,0,0,-32311,0,0,0,0,0,28918,0
28922,-724,8084,588,70,-16,28,13171,2,-2,3,0,37270,121,27,65,0,0,0,0,0,0,0,0,-32311,0,0,0,0,0,28923,0
28927,-770,8104,598,62,-16,32,13171,4,1,3,0,37268,120,27,65,0,0,0,0,0,0,0,0,-32310,0,0,0,0,0,28928,0
28932,-754,8106,604,66,-13,30,13171,1,1,2,0,37268,120,27,65,0,0,0,0,0,0,0,0,-32311,0,0,0,0,0,28933,0
28937,-754,8088,606,69,-16,28,13171,3,2,3,0,37269,123,27,65,0,0,0,0,0,0,0,0,-32311,0,0,0,0,0,28938,0
28942,-752,8086,586,70,-11,32,13171,0,-3,3,0,37269,123,27,65,0,0,0,0,0,0,0,0,-32310,0,0,0,0,0,28943,0
28947,-762,8114,598,63,-14,30,13170,1,1,3,0,37271,126,27,65,0,0,0,0,0,0,0,0,-32311,0,0,0,0,0,28948,0
28952,-752,8092,570,71,-10,30,13171,1,-3,5,0,37271,126,27,65,0,0,0,0,0,0,0,0,-32311,0,0,0,0,0,28953,0
28957,-760,8082,592,71,-10,28,13171,0,-5,5,0,37279,118,27,65,0,0,0,0,0,0,0,0,-32310,0,0,0,0,0,28958,0
28962,-758,8088,590,73,-7,31,13170,-3,0,3,0,37279,118,27,65,0,0,0,0,0,0,0,0,-32311,0,0,0,0,0,28963,0
28967,-772,8080,584,75,-11,30,13171,-1,1,3,0,37280,110,27,65,0,0,0,0,0,0,0,0,-32311,0,0,0,0,0,28968,0
28972,-746,8086,592,74,-9,39,13170,3,-2,2,0,37280,110,27,65,0,0,0,0,0,0,0,0,-32310,0,0,0,0,0,28973,0
28977,-778,8108,584,71,-14,31,13171,3,2,3,0,37278,110,27,65,0,0,0,0,0,0,0,0,-32310,0,0,0,0,0,28978,0
28982,-752,8092,594,70,-13,32,13170,-5,-1,3,0,37278,110,27,65,0,0,0,0,0,0,0,0,-32311,0,0,0,0,0,28983,0
28987,-754,8078,596,72,-14,33,13170,-4,-1,2,0,37272,112,27,65,0,0,0,0,0,0,0,0,-32311,0,0,0,0,0,28988,0
28992,-738,8084,620,80,-19,30,13170,-6,1,2,0,37272,112,27,65,0,0,0,0,0,0,0,0,-32310,0,0,0,0,0,28993,0
28997,-746,8076,588,71,-15,37,13171,-1,0,3,0,37270,118,27,65,0,0,0,0,0,0,0,0,-32311,0,0,0,0,0,28998,0
29002,-752,8062,594,72,-14,34,13171,0,-2,2,0,37270,118,27,65,0,0,0,0,0,0,0,0,-32310,0,0,0,0,0,29003,0
29007,-774,8102,592,69,-18,37,13170,1,4,2,0,37271,115,27,65,0,0,0,0,0,0,0,0,-32310,0,0,0,0,0,29008,0
29012,-728,8090,626,76,-13,31,13171,-1,-2,2,0,37271,115,27,65,0,0,0,0,0,0,0,0,-32311,0,0,0,0,0,29013,0
29017,-722,8068,606,74,-14,32,13170,-4,1,2,0,37271,113,27,65,0,0,0,0,0,0,0,0,-32311,0,0,0,0,0,29018,0
29022,-732,8108,624,77,-13,30,13171,1,2,0,0,37271,113,27,65,0,0,0,0,0,0,0,0,-32311,0,0,0,0,0,29023,0
29027,-718,8084,610,72,-16,35,13171,6,1,3,0,37271,115,27,65,0,0,0,0,0,0,0,0,-32310,0,0,0,0,0,29028,0
29032,-736,8076,598,74,-14,30,13169,-1,1,3,0,37271,115,27,65,0,0,0,0,0,0,0,0,-32311,0,0,0,0,0,29033,0
29037,-730,8100,608,78,-14,33,13171,-2,-3,2,0,37270,124,27,65,0,0,0,0,0,0,0,0,-32311,0,0,0,0,0,29038,0
29042,-734,8086,598,79,-14,32,13170,-3,2,3,0,37270,124,27,65,0,0,0,0,0,0,0,0,-32311,0,0,0,0,0,29043,0
29047,-732,8082,622,78,-17,29,13169,-5,3,3,0,37267,126,27,65,0,0,0,0,0,0,0,0,-32311,0,0,0,0,0,29048,0
29052,-722,8084,602,80,-10,33,13170,-3,-3,3,0,37267,126,27,65,0,0,0,0,0,0,0,0,-32312,0,0,0,0,0,29053,0
29057,-702,8102,592,75,-16,29,13171,0,-1,2,0,37269,133,27,65,0,0,0,0,0,0,0,0,-32311,0,0,0,0,0,29058,0
29062,-708,8092,590,80,-12,28,13171,3,2,5,0,37269,133,27,65,0,0,0,0,0,0,0,0,-32311,0,0,0,0,0,29063,0
29067,-738,8088,598,72,-11,22,13171,1,3,2,0,37276,138,27,65,0,0,0,0,0,0,0,0,-32310,0,0,0,0,0,29068,0
29072,-706,8068,612,80,-10,23,13171,3,0,1,0,37276,138,27,65,0,0,0,0,0,0,0,0,-32311,0,0,0,0,0,29073,0
29077,-694,8064,598,80,-8,31,13170,-6,-1,3,0,37277,137,27,65,0,0,0,0,0,0,0,0,-32310,0,0,0,0,0,29078,0
29082,-706,8106,596,76,-9,21,13171,0,0,4,0,37277,137,27,65,0,0,0,0,0,0,0,0,-32311,0,0,0,0,0,29083,0
29087,-698,8062,594,84,0,22,13170,-2,0,2,0,37275,125,27,65,0,0,0,0,0,0,0,0,-32311,0,0,0,0,0,29088,0
29092,-712,8094,606,79,-7,21,13170,0,4,1,0,37275,125,27,65,0,0,0,0,0,0,0,0,-32311,0,0,0,0,0,29093,0
29097,-708,8098,566,81,-4,22,13170,0,-1,2,0,37269,115,27,65,0,0,0,0,0,0,0,0,-32311,0,0,0,0,0,29098,0
29102,-712,8096,590,77,-5,17,13170,-4,3,5,0,37269,115,27,65,0,0,0,0,0,0,0,0,-32311,0,0,0,0,0,29103,0
29107,-694,8098,584,79,-6,26,13170,-5,2,2,0,37272,113,27,65,0,0,0,0,0,0,0,0,-32311,0,0,0,0,0,29108,0
29112,-724,8116,582,81,2,17,13170,-3,3,2,0,37272,113,27,65,0,0,0,0,0,0,0,0,-32311,0,0,0,0,0,29113,0
29117,-726,8080,590,80,-1,18,13170,-2,0,3,0,37272,123,27,65,0,0,0,0,0,0,0,0,-32311,0,0,0,0,0,29118,0
29122,-732,8096,592,79,1,11,13170,0,2,1,0,37272,123,27,65,0,0,0,0,0,0,0,0,-32311,0,0,0,0,0,29123,0
29127,-716,8098,580,82,2,14,13170,-2,3,2,0,37271,120,27,65,0,0,0,0,0,0,0,0,-32310,0,0,0,0,0,29128,0
29132,-716,8108,586,79,-4,14,13170,0,4,2,0,37271,120,27,65,0,0,0,0,0,0,0,0,-32311,0,0,0,0,0,29133,0
29137,-728,8090,576,82,2,11,13172,4,1,1,0,37271,125,27,65,0,0,0,0,0,0,0,0,-32311,0,0,0,0,0,29138,0
29142,-738,8104,562,79,0,10,13171,1,-1,2,0,37271,125,27,65,0,0,0,0,0,0,0,0,-32311,0,0,0,0,0,29143,0
29147,-718,8102,568,77,2,10,13170,3,3,3,0,37272,129,27,65,0,0,0,0,0,0,0,0,-32310,0,0,0,0,0,29148,0
29152,-748,8104,542,83,-2,13,13171,-3,-1,3,0,37272,129,27,65,0,0,0,0,0,0,0,0,-32310,0,0,0,0,0,29153,0
29157,-738,8082,560,78,-6,9,13170,0,-4,4,0,37271,124,27,65,0,0,0,0,0,0,0,0,-32310,0,0,0,0,0,29158,0
29162,-744,8096,550,85,-8,11,13171,2,0,3,0,37271,124,27,65,0,0,0,0,0,0,0,0,-32310,0,0,0,0,0,29163,0
29167,-726,8104,558,76,2,4,13170,-2,-2,2,0,37271,124,27,65,0,0,0,0,0,0,0,0,-32311,0,0,0,0,0,29168,0
29172,-732,8104,570,77,-1,9,13171,1,-1,1,0,37271,124,27,65,0,0,0,0,0,0,0,0,-32311,0,0,0,0,0,29173,0
29177,-758,8062,576,72,-3,9,13170,-1,3,2,0,37275,116,27,65,0,0,0,0,0,0,0,0,-32311,0,0,0,0,0,29178,0
29182,-756,8110,556,76,-4,5,13171,1,2,2,0,37275,116,27,65,0,0,0,0,0,0,0,0,-32311,0,0,0,0,0,29183,0
29187,-746,8086,560,74,-4,9,13171,3,2,0,0,37274,117,27,65,0,0,0,0,0,0,0,0,-32311,0,0,0,0,0,29188,0
29192,-738,8082,566,75,-7,4,13170,-2,3,3,0,37274,117,27,65,0,0,0,0,0,0,0,0,-32311,0,0,0,0,0,29193,0
29197,-746,8086,560,74,-4,5,13170,0,-1,3,0,37274,124,27,65,0,0,0,0,0,0,0,0,-32311,0,0,0,0,0,29198,0
29202,-750,8104,566,70,-6,6,13172,3,1,4,0,37274,124,27,65,0,0,0,0,0,0,0,0,-32311,0,0,0,0,0,29203,0
29207,-778,8098,576,75,-6,6,13172,0,2,2,0,37271,124,27,65,0,0,0,0,0,0,0,0,-32311,0,0,0,0,0,29208,0
29212,-796,8086,572,71,-7,3,13171,3,0,3,0,37271,124,27,65,0,0,0,0,0,0,0,0,-32311,0,0,0,0,0,29213,0
29217,-752,8100,576,74,-7,3,13170,-5,-3,3,0,37274,130,27,65,0,0,0,0,0,0,0,0,-32311,0,0,0,0,0,29218,0
29222,-764,8084,566,73,-6,6,13169,-5,-3,1,0,37274,130,27,65,0,0,0,0,0,0,0,0,-32311,0,0,0,0,0,29223,0
29227,-724,8098,574,72,-7,7,13170,0,-2,2,0,37276,128,27,65,0,0,0,0,0,0,0,0,-32310,0,0,0,0,0,29228,0
29232,-730,8080,580,69,-15,9,13171,5,2,2,0,37276,128,27,65,0,0,0,0,0,0,0,0,-32311,0,0,0,0,0,29233,0
29237,-762,8090,560,71,-7,2,13171,4,4,2,0,37274,125,27,65,0,0,0,0,0,0,0,0,-32311,0,0,0,0,0,29238,0
29242,-752,8080,568,69,-12,6,13170,-5,4,2,0,37274,125,27,65,0,0,0,0,0,0,0,0,-32311,0,0,0,0,0,29243,0
29247,-736,8094,590,71,-9,4,13171,1,-2,3,0,37271,116,27,65,0,0,0,0,0,0,0,0,-32311,0,0,0,0,0,29248,0
29252,-764,8096,588,71,-8,2,13170,0,-3,4,0,37271,116,27,65,0,0,0,0,0,0,0,0,-32311,0,0,0,0,0,29253,0
29257,-782,8096,566,72,-8,4,13171,-5,0,4,0,37269,121,27,65,0,0,0,0,0,0,0,0,-32311,0,0,0,0,0,29258,0
29262,-766,8076,586,69,-11,2,13171,-1,-4,3,0,37269,121,27,65,0,0,0,0,0,0,0,0,-32311,0,0,0,0,0,29263,0
29267,-770,8096,588,73,-7,8,13171,-1,-3,3,0,37271,116,27,65,0,0,0,0,0,0,0,0,-32310,0,0,0,0,0,29268,0
29272,-796,8060,584,72,-7,5,13171,5,-1,5,0,37271,116,27,65,0,0,0,0,0,0,0,0,-32310,0,0,0,0,0,29273,0
29277,-748,8100,602,76,-12,4,13170,-1,-2,4,0,37273,114,27,65,0,0,0,0,0,0,0,0,-32311,0,0,0,0,0,29278,0
29282,-762,8048,590,72,-11,9,13171,0,3,3,0,37273,114,27,65,0,0,0,0,0,0,0,0,-32311,0,0,0,0,0,29283,0
29287,-784,8100,576,73,-6,11,13171,-1,-3,2,0,37274,115,27,65,0,0,0,0,0,0,0,0,-32311,0,0,0,0,0,29288,0
29292,-818,8090,588,73,-11,13,13171,-1,0,3,0,37274,115,27,65,0,0,0,0,0,0,0,0,-32311,0,0,0,0,0,29293,0
29297,-824,8074,576,71,-8,10,13170,-3,-1,3,0,37273,119,27,65,0,0,0,0,0,0,0,0,-32310,0,0,0,0,0,29298,0
29302,-802,8094,574,74,-13,10,13171,-1,-1,3,0,37273,119,27,65,0,0,0,0,0,0,0,0,-32311,0,0,0,0,0,29303,0
29307,-820,8070,584,74,-17,15,13170,-5,-4,3,0,37269,121,27,65,0,0,0,0,0,0,0,0,-32311,0,0,0,0,0,29309,0
29312,-812,8082,588,76,-11,17,13170,-3,2,3,0,37269,121,27,65,0,0,0,0,0,0,0,0,-32311,0,0,0,0,0,29314,0
29317,-778,8050,602,76,-13,14,13171,-3,-3,4,0,37270,120,27,65,0,0,0,0,0,0,0,0,-32311,0,0,0,0,0,29319,0
29322,-780,8068,598,73,-11,21,13171,2,0,2,0,37270,120,27,65,0,0,0,0,0,0,0,0,-32310,0,0,0,0,0,29324,0
29327,-790,8088,618,77,-14,16,13171,5,3,3,0,37270,123,27,65,0,0,0,0,0,0,0,0,-32310,0,0,0,0,0,29329,0
29332,-790,8076,598,74,-14,19,13170,5,1,3,0,37270,123,27,65,0,0,0,0,0,0,0,0,-32311,0,0,0,0,0,29334,0
29337,-800,8058,580,73,-11,17,13170,-1,-1,1,0,37268,126,27,65,0,0,0,0,0,0,0,0,-32310,0,0,0,0,0,29339,0
29342,-772,8086,574,77,-16,20,13170,3,2,2,0,37268,126,27,65,0,0,0,0,0,0,0,0,-32310,0,0,0,0,0,29344,0
29347,-752,8098,570,78,-15,22,13170,-1,3,4,0,37266,126,27,65,0,0,0,0,0,0,0,0,-32311,0,0,0,0,0,29349,0
29352,-812,8086,578,78,-9,19,13170,-4,0,2,0,37266,126,27,65,0,0,0,0,0,0,0,0,-32311,0,0,0,0,0,29354,0
29357,-782,8090,560,80,-11,25,13172,6,-4,3,0,37269,129,27,65,0,0,0,0,0,0,0,0,-32310,0,0,0,0,0,29359,0
29362,-768,8066,566,78,-7,20,13170,-4,2,3,0,37269,129,27,65,0,0,0,0,0,0,0,0,-32311,0,0,0,0,0,29364,0
29367,-808,8066,562,76,-12,21,13170,-2,-1,4,0,37271,130,27,65,0,0,0,0,0,0,0,0,-32311,0,0,0,0,0,29369,0
29372,-786,8070,582,76,-12,21,13171,6,-2,2,0,37271,130,27,65,0,0,0,0,0,0,0,0,-32311,0,0,0,0,0,29374,0
29377,-804,8060,588,76,-7,23,13172,0,-2,5,0,37274,129,27,65,0,0,0,0,0,0,0,0,-32310,0,0,0,0,0,29379,0
29382,-792,8078,566,76,-8,25,13171,-2,1,4,0,37274,129,27,65,0,0,0,0,0,0,0,0,-32311,0,0,0,0,0,29384,0
29387,-804,8066,560,74,-11,27,13171,0,-1,2,0,37271,130,27,65,0,0,0,0,0,0,0,0,-32311,0,0,0,0,0,29389,0
29392,-748,8070,572,79,-11,23,13170,-5,-1,3,0,37271,130,27,65,0,0,0,0,0,0,0,0,-32311,0,0,0,0,0,29394,0
29397,-752,8082,566,75,-14,24,13169,-9,-2,2,0,37271,124,27,65,0,0,0,0,0,0,0,0,-32311,0,0,0,0,0,29399,0
29402,-746,8112,578,79,-7,25,13171,-3,-1,4,0,37271,124,27,65,0,0,0,0,0,0,0,0,-32311,0,0,0,0,0,29405,0
29407,-770,8104,572,79,-7,22,13171,2,3,3,0,37271,117,27,65,0,0,0,0,0,0,0,0,-32311,0,0,0,0,0,29409,0
29412,-734,8094,558,75,-14,26,13171,4,4,4,0,37271,117,27,65,0,0,0,0,0,0,0,0,-32311,0,0,0,0,0,29414,0
29417,-752,8122,548,71,-10,22,13170,-1,1,2,0,37269,117,27,65,0,0,0,0,0,0,0,0,-32311,0,0,0,0,0,29419,0
29422,-736,8068,572,75,-14,23,13172,0,-3,3,0,37269,117,27,65,0,0,0,0,0,0,0,0,-32311,0,0,0,0,0,29424,0
29427,-724,8116,562,76,-6,20,13170,-3,-3,4,0,37268,121,27,65,0,0,0,0,0,0,0,0,-32311,0,0,0,0,0,29430,0
29432,-740,8090,582,69,-13,21,13171,-3,0,2,0,37268,121,27,65,0,0,0,0,0,0,0,0,-32311,0,0,0,0,0,29435,0
29437,-766,8096,548,73,-3,18,13170,-5,-4,2,0,37267,125,27,65,0,0,0,0,0,0,0,0,-32311,0,0,0,0,0,29440,0
29442,-752,8092,566,68,-12,15,13171,-3,3,2,0,37267,125,27,65,0,0,0,0,0,0,0,0,-32311,0,0,0,0,0,29445,0
29447,-764,8078,552,72,-13,15,13170,-1,-1,2,0,37269,122,27,65,0,0,0,0,0,0,0,0,-32311,0,0,0,0,0,29450,0
29452,-740,8092,548,74,-6,14,13170,-3,-2,3,0,37269,122,27,65,0,0,0,0,0,0,0,0,-32311,0,0,0,0,0,29456,0
29457,-758,8126,562,71,-12,16,13171,7,1,4,0,37268,121,27,65,0,0,0,0,0,0,0,0,-32311,0,0,0,0,0,29460,0
29462,-764,8088,574,66,-11,12,13170,-1,-1,3,0,37268,121,27,65,0,0,0,0,0,0,0,0,-32311,0,0,0,0,0,29465,0
29467,-762,8104,562,71,-13,10,13170,-6,1,2,0,37267,124,27,65,0,0,0,0,0,0,0,0,-32311,0,0,0,0,0,29470,0
29472,-748,8106,566,69,-5,13,13171,-1,1,2,0,37267,124,27,65,0,0,0,0,0,0,0,0,-32311,0,0,0,0,0,29475,0
29477,-756,8088,540,65,-6,7,13171,-2,-5,4,0,37269,119,27,65,0,0,0,0,0,0,0,0,-32310,0,0,0,0,0,29480,0
29482,-750,8100,578,73,-12,10,13171,-2,0,3,0,37269,119,27,65,0,0,0,0,0,0,0,0,-32311,0,0,0,0,0,29485,0
29487,-768,8094,552,68,-4,14,13171,-1,-2,0,0,37279,118,27,65,0,0,0,0,0,0,0,0,-32311,0,0,0,0,0,29490,0
29492,-760,8114,562,63,-4,15,13171,0,-1,2,0,37279,118,27,65,0,0,0,0,0,0,0,0,-32311,0,0,0,0,0,29495,0
29497,-770,8118,544,67,-6,13,13170,-1,-2,2,0,37281,112,27,65,0,0,0,0,0,0,0,0,-32311,0,0,0,0,0,29500,0
29502,-754,8108,558,56,-5,12,13171,1,-1,4,0,37281,112,27,65,0,0,0,0,0,0,0,0,-32310,0,0,0,0,0,29505,0
29507,-778,8092,528,60,-2,13,13169,0,-2,3,0,37279,123,27,65,0,0,0,0,0,0,0,0,-32310,0,0,0,0,0,29510,0
29512,-756,8068,564,65,-3,13,13170,0,1,2,0,37279,123,27,65,0,0,0,0,0,0,0,0,-32311,0,0,0,0,0,29515,0
29517,-790,8098,574,62,0,11,13170,-3,-1,4,0,37274,134,27,65,0,0,0,0,0,0,0,0,-32310,0,0,0,0,0,29520,0
29522,-786,8078,568,63,-5,12,13170,-3,-3,2,0,37274,134,27,65,0,0,0,0,0,0,0,0,-32311,0,0,0,0,0,29525,0
29527,-796,8066,558,62,0,14,13171,1,3,2,0,37272,139,27,65,0,0,0,0,0,0,0,0,-32311,0,0,0,0,0,29530,0
29532,-774,8058,552,59,-3,9,13171,1,-3,2,0,37272,139,27,65,0,0,0,0,0,0,0,0,-32311,0,0,0,0,0,29535,0
29537,-788,8102,572,59,-3,14,13170,-4,0,1,0,37270,132,27,65,0,0,0,0,0,0,0,0,-32311,0,0,0,0,0,29540,0
29542,-784,8102,578,61,-6,19,13170,-1,1,2,0,37270,132,27,65,0,0,0,0,0,0,0,0,-32311,0,0,0,0,0,29545,0
29547,-808,8080,596,55,-7,13,13170,3,-2,1,0,37269,131,27,65,0,0,0,0,0,0,0,0,-32311,0,0,0,0,0,29550,0
29552,-796,8088,572,59,-6,12,13171,1,2,3,0,37269,131,27,65,0,0,0,0,0,0,0,0,-32311,0,0,0,0,0,29555,0
29557,-806,8066,582,65,-6,15,13170,-2,1,1,0,37270,134,27,65,0,0,0,0,0,0,0,0,-32311,0,0,0,0,0,29560,0
29562,-800,8094,578,62,-10,17,13169,-5,-5,2,0,37270,134,27,65,0,0,0,0,0,0,0,0,-32311,0,0,0,0,0,29565,0
29567,-806,8084,588,62,-6,17,13172,3,1,2,0,37270,128,27,65,0,0,0,0,0,0,0,0,-32311,0,0,0,0,0,29570,0
29572,-816,8074,584,62,-8,19,13170,-4,-1,2,0,37270,128,27,65,0,0,0,0,0,0,0,0,-32311,0,0,0,0,0,29575,0
29577,-790,8086,568,57,-7,18,13170,2,0,2,0,37269,128,27,65,0,0,0,0,0,0,0,0,-32310,0,0,0,0,0,29580,0
29582,-796,8068,592,60,-8,20,13170,-2,-3,2,0,37269,128,27,65,0,0,0,0,0,0,0,0,-32311,0,0,0,0,0,29585,0
29587,-828,8086,588,65,-8,18,13171,0,1,2,0,37268,128,27,65,0,0,0,0,0,0,0,0,-32311,0,0,0,0,0,29590,0
29592,-784,8070,590,60,-11,24,13171,1,-3,5,0,37268,128,27,65,0,0,0,0,0,0,0,0,-32311,0,0,0,0,0,29597,0
29597,-810,8088,582,64,-7,29,13170,-1,0,4,0,37268,139,27,65,0,0,0,0,0,0,0,0,-32311,0,0,0,0,0,29600,0
29602,-800,8080,582,62,-11,24,13171,-1,3,4,0,37268,139,27,65,0,0,0,0,0,0,0,0,-32311,0,0,0,0,0,29606,0
29607,-824,8072,600,64,-14,26,13170,-2,1,2,0,37264,132,27,65,0,0,0,0,0,0,0,0,-32311,0,0,0,0,0,29610,0
29612,-810,8072,594,62,-11,24,13171,1,1,3,0,37264,132,27,65,0,0,0,0,0,0,0,0,-32311,0,0,0,0,0,29615,0
29617,-826,8044,592,65,-10,30,13170,-4,0,2,0,37261,129,27,65,0,0,0,0,0,0,0,0,-32311,0,0,0,0,0,29620,0
29622,-782,8064,584,67,-13,30,13171,5,4,2,0,37261,129,27,65,0,0,0,0,0,0,0,0,-32311,0,0,0,0,0,29625,0
29627,-826,8066,592,64,-11,32,13170,-4,-2,1,0,37256,125,27,65,0,0,0,0,0,0,0,0,-32311,0,0,0,0,0,29630,0
29632,-782,8058,590,65,-7,31,13170,0,1,3,0,37256,125,27,65,0,0,0,0,0,0,0,0,-32311,0,0,0,0,0,29635,0
29637,-800,8062,592,68,-11,33,13172,7,4,2,0,37253,127,27,65,0,0,0,0,0,0,0,0,-32311,0,0,0,0,0,29640,0
29642,-824,8074,594,61,-13,36,13170,-1,0,3,0,37253,127,27,65,0,0,0,0,0,0,0,0,-32311,0,0,0,0,0,29645,0
29647,-802,8092,566,67,-12,35,13170,-8,1,4,0,37253,133,27,65,0,0,0,0,0,0,0,0,-32311,0,0,0,0,0,29650,0
29652,-810,8078,592,61,-9,33,13171,0,0,3,0,37253,133,27,65,0,0,0,0,0,0,0,0,-32311,0,0,0,0,0,29655,0
29657,-776,8086,564,73,-10,35,13170,2,-4,1,0,37253,129,27,65,0,0,0,0,0,0,0,0,-32311,0,0,0,0,0,29660,0
29662,-784,8098,594,66,-12,34,13171,5,-2,2,0,37253,129,27,65,0,0,0,0,0,0,0,0,-32311,0,0,0,0,0,29665,0
29667,-794,8092,592,65,-10,38,13170,-1,2,3,0,37257,128,27,65,0,0,0,0,0,0,0,0,-32311,0,0,0,0,0,29670,0
29672,-804,8090,574,66,-14,40,13170,-3,-3,2,0,37257,128,27,65,0,0,0,0,0,0,0,0,-32310,0,0,0,0,0,29675,0
29677,-782,8074,588,67,-10,38,13170,-4,2,3,0,37260,127,27,65,0,0,0,0,0,0,0,0,-32311,0,0,0,0,0,29680,0
29682,-780,8106,598,69,-13,39,13170,-5,-2,2,0,37260,127,27,65,0,0,0,0,0,0,0,0,-32311,0,0,0,0,0,29685,0
29687,-776,8082,584,74,-11,37,13170,-2,0,2,0,37263,126,27,65,0,0,0,0,0,0,0,0,-32310,0,0,0,0,0,29690,0
29692,-786,8086,586,72,-9,36,13169,0,-3,3,0,37263,126,27,65,0,0,0,0,0,0,0,0,-32311,0,0,0,0,0,29695,0
29697,-764,8108,560,60,-6,44,13171,2,1,4,0,37271,124,27,65,0,0,0,0,0,0,0,0,-32310,0,0,0,0,0,29700,0
29702,-772,8090,560,61,-12,38,13171,1,1,3,0,37271,124,27,65,0,0,0,0,0,0,0,0,-32311,0,0,0,0,0,29705,0
29707,-778,8096,566,68,-9,36,13170,-7,-1,2,0,37272,123,27,65,0,0,0,0,0,0,0,0,-32311,0,0,0,0,0,29710,0
29712,-748,8098,576,69,-7,32,13170,-4,-1,3,0,37272,123,27,65,0,0,0,0,0,0,0,0,-32311,0,0,0,0,0,29715,0
29717,-758,8112,574,66,-7,40,13170,-5,-2,1,0,37271,124,27,65,0,0,0,0,0,0,0,0,-32311,0,0,0,0,0,29720,0
29722,-786,8090,580,61,-15,40,13171,-1,-1,2,0,37271,124,27,65,0,0,0,0,0,0,0,0,-32311,0,0,0,0,0,29725,0
29727,-734,8074,572,64,-18,40,13171,5,0,2,0,37264,131,27,65,0,0,0,0,0,0,0,0,-32311,0,0,0,0,0,29730,0
29732,-788,8076,584,66,-12,37,13171,0,1,2,0,37264,131,27,65,0,0,0,0,0,0,0,0,-32311,0,0,0,0,0,29735,0
29737,-786,8098,562,66,-11,38,13170,-3,-2,1,0,37266,131,27,65,0,0,0,0,0,0,0,0,-32311,0,0,0,0,0,29740,0
29742,-774,8100,566,61,-16,37,13171,2,2,2,0,37266,131,27,65,0,0,0,0,0,0,0,0,-32311,0,0,0,0,0,29745,0
29747,-764,8088,566,62,-9,36,13171,0,-1,3,0,37268,130,27,65,0,0,0,0,0,0,0,0,-32311,0,0,0,0,0,29750,0
29752,-790,8074,566,61,-11,40,13171,5,1,3,0,37268,130,27,65,0,0,0,0,0,0,0,0,-32311,0,0,0,0,0,29755,0
29757,-754,8108,572,60,-11,35,13171,4,0,2,0,37270,120,27,65,0,0,0,0,0,0,0,0,-32310,0,0,0,0,0,29760,0
29762,-768,8098,570,62,-9,38,13170,0,0,3,0,37270,120,27,65,0,0,0,0,0,0,0,0,-32311,0,0,0,0,0,29765,0
29767,-780,8090,580,59,-10,38,13171,0,0,3,0,37268,116,27,65,0,0,0,0,0,0,0,0,-32311,0,0,0,0,0,29770,0
29772,-756,8108,572,53,-12,41,13171,1,-1,2,0,37268,116,27,65,0,0,0,0,0,0,0,0,-32311,0,0,0,0,0,29775,0
29777,-754,8090,578,59,-13,34,13171,1,-3,4,0,37266,123,27,65,0,0,0,0,0,0,0,0,-32310,0,0,0,0,0,29780,0
29782,-732,8104,566,56,-11,37,13171,1,0,3,0,37266,123,27,65,0,0,0,0,0,0,0,0,-32311,0,0,0,0,0,29785,0
29787,-758,8108,584,61,-12,39,13171,1,-3,1,0,37263,129,27,65,0,0,0,0,0,0,0,0,-32311,0,0,0,0,0,29790,0
29792,-742,8076,586,62,-3,35,13171,3,2,4,0,37263,129,27,65,0,0,0,0,0,0,0,0,-32311,0,0,0,0,0,29795,0
29797,-776,8076,596,55,-9,36,13171,0,-3,3,0,37267,117,27,65,0,0,0,0,0,0,0,0,-32311,0,0,0,0,0,29800,0
29802,-758,8092,588,58,-9,32,13170,-1,-2,3,0,37267,117,27,65,0,0,0,0,0,0,0,0,-32311,0,0,0,0,0,29805,0
29807,-776,8080,578,58,-12,37,13170,-6,-1,3,0,37267,110,27,65,0,0,0,0,0,0,0,0,-32311,0,0,0,0,0,29810,0
29812,-778,8074,598,60,-11,37,13171,5,-2,3,0,37267,110,27,65,0,0,0,0,0,0,0,0,-32311,0,0,0,0,0,29815,0
29817,-762,8090,590,58,-18,33,13171,2,0,3,0,37269,111,27,65,0,0,0,0,0,0,0,0,-32311,0,0,0,0,0,29820,0
29822,-752,8082,574,58,-13,31,13170,-1,1,1,0,37269,111,27,65,0,0,0,0,0,0,0,0,-32310,0,0,0,0,0,29825,0
29827,-758,8084,604,57,-9,40,13170,-3,0,2,0,37268,114,27,65,0,0,0,0,0,0,0,0,-32311,0,0,0,0,0,29830,0
29832,-750,8104,580,61,-13,30,13171,2,1,2,0,37268,114,27,65,0,0,0,0,0,0,0,0,-32311,0,0,0,0,0,29835,0
29837,-756,8074,586,59,-13,34,13170,-6,1,1,0,37265,125,27,65,0,0,0,0,0,0,0,0,-32310,0,0,0,0,0,29840,0
29842,-752,8076,566,62,-12,31,13170,-1,-1,3,0,37265,125,27,65,0,0,0,0,0,0,0,0,-32311,0,0,0,0,0,29845,0
29847,-746,8078,594,61,-15,29,13170,-1,-1,3,0,37263,130,27,65,0,0,0,0,0,0,0,0,-32310,0,0,0,0,0,29850,0
29852,-724,8076,570,57,-13,35,13171,2,1,5,0,37263,130,27,65,0,0,0,0,0,0,0,0,-32311,0,0,0,0,0,29855,0
29857,-744,8098,580,68,-12,30,13171,2,3,4,0,37263,133,27,65,0,0,0,0,0,0,0,0,-32311,0,0,0,0,0,29860,0
29862,-760,8086,604,59,-16,33,13171,3,0,2,0,37263,133,27,65,0,0,0,0,0,0,0,0,-32311,0,0,0,0,0,29865,0
29867,-760,8106,606,56,-11,34,13171,0,-1,2,0,37265,136,27,65,0,0,0,0,0,0,0,0,-32311,0,0,0,0,0,29870,0
29872,-760,8082,606,66,-15,32,13172,3,-5,2,0,37265,136,27,65,0,0,0,0,0,0,0,0,-32311,0,0,0,0,0,29875,0
29877,-772,8050,612,63,-17,30,13170,0,-2,4,0,37265,131,27,65,0,0,0,0,0,0,0,0,-32310,0,0,0,0,0,29880,0
29882,-752,8082,598,59,-12,27,13170,-1,-6,3,0,37265,131,27,65,0,0,0,0,0,0,0,0,-32311,0,0,0,0,0,29885,0
29887,-764,8064,594,61,-14,34,13171,2,-4,2,0,37264,126,27,65,0,0,0,0,0,0,0,0,-32311,0,0,0,0,0,29890,0
29892,-768,8088,604,61,-16,32,13171,3,-1,3,0,37264,126,27,65,0,0,0,0,0,0,0,0,-32311,0,0,0,0,0,29895,0
29897,-756,8072,620,60,-12,31,13170,-6,-1,5,0,37265,121,27,65,0,0,0,0,0,0,0,0,-32311,0,0,0,0,0,29900,0
29902,-754,8072,606,62,-12,31,13170,-5,-4,6,0,37265,121,27,65,0,0,0,0,0,0,0,0,-32311,0,0,0,0,0,29905,0
29907,-726,8072,612,65,-14,30,13170,-3,-3,2,0,37268,113,27,65,0,0,0,0,0,0,0,0,-32310,0,0,0,0,0,29910,0
29912,-764,8072,610,68,-13,29,13171,3,2,4,0,37268,113,27,65,0,0,0,0,0,0,0,0,-32311,0,0,0,0,0,29917,0
29917,-720,8092,616,67,-16,23,13171,2,2,3,0,37270,117,27,65,0,0,0,0,0,0,0,0,-32310,0,0,0,0,0,29920,0
29922,-704,8112,606,60,-7,28,13171,-1,3,3,0,37270,117,27,65,0,0,0,0,0,0,0,0,-32311,0,0,0,0,0,29925,0
29927,-722,8094,628,63,-14,30,13171,4,1,3,0,37270,122,27,65,0,0,0,0,0,0,0,0,-32311,0,0,0,0,0,29930,0
29932,-716,8116,566,65,-14,23,13170,0,1,2,0,37270,122,27,65,0,0,0,0,0,0,0,0,-32311,0,0,0,0,0,29935,0
29937,-724,8104,620,68,-15,26,13171,0,-2,2,0,37262,124,27,65,0,0,0,0,0,0,0,0,-32311,0,0,0,0,0,29940,0
29942,-730,8098,612,67,-10,24,13171,1,-1,2,0,37262,124,27,65,0,0,0,0,0,0,0,0,-32311,0,0,0,0,0,29945,0
29947,-702,8094,568,67,-14,25,13170,-5,-2,2,0,37261,127,27,65,0,0,0,0,0,0,0,0,-32310,0,0,0,0,0,29950,0
29952,-716,8138,590,70,-5,16,13172,3,-3,3,0,37261,127,27,65,0,0,0,0,0,0,0,0,-32311,0,0,0,0,0,29955,0
29957,-702,8102,590,67,-8,17,13170,3,-4,2,0,37270,131,27,65,0,0,0,0,0,0,0,0,-32310,0,0,0,0,0,29960,0
29962,-716,8108,582,65,-6,15,13169,-4,0,2,0,37270,131,27,65,0,0,0,0,0,0,0,0,-32310,0,0,0,0,0,29965,0
29967,-700,8090,580,63,-9,17,13171,5,-3,2,0,37280,127,27,65,0,0,0,0,0,0,0,0,-32310,0,0,0,0,0,29970,0
29972,-706,8096,600,65,-8,12,13169,-1,1,2,0,37280,127,27,65,0,0,0,0,0,0,0,0,-32311,0,0,0,0,0,29975,0
29977,-692,8096,584,61,-6,13,13169,0,6,4,0,37276,118,27,65,0,0,0,0,0,0,0,0,-32311,0,0,0,0,0,29980,0
29982,-716,8110,572,66,-8,8,13171,-1,-2,1,0,37276,118,27,65,0,0,0,0,0,0,0,0,-32311,0,0,0,0,0,29985,0
29987,-724,8116,578,68,-5,11,13171,-2,1,1,0,37271,113,27,65,0,0,0,0,0,0,0,0,-32311,0,0,0,0,0,29990,0
29992,-708,8090,576,64,-4,4,13170,0,2,3,0,37271,113,27,65,0,0,0,0,0,0,0,0,-32311,0,0,0,0,0,29995,0
29997,-734,8104,558,67,-6,1,13170,0,-1,1,0,37261,117,27,65,0,0,0,0,0,0,0,0,-32310,0,0,0,0,0,30000,0
30002,-732,8118,554,63,-6,3,13171,-1,-4,3,0,37261,117,27,65,0,0,0,0,0,0,0,0,-32311,0,0,0,0,0,30005,0
30007,-750,8110,572,57,-7,2,13171,3,3,1,0,37267,124,27,65,0,0,0,0,0,0,0,0,-32311,0,0,0,0,0,30010,0
30012,-762,8080,556,58,-5,0,13171,-3,0,5,0,37267,124,27,65,0,0,0,0,0,0,0,0,-32311,0,0,0,0,0,30015,0
30017,-750,8106,592,56,-3,5,13171,4,-2,3,0,37268,121,27,65,0,0,0,0,0,0,0,0,-32311,0,0,0,0,0,30020,0
30022,-738,8082,580,64,-6,1,13170,0,2,2,0,37268,121,27,65,0,0,0,0,0,0,0,0,-32311,0,0,0,0,0,30025,0
30027,-762,8102,572,55,-2,3,13171,-3,0,2,0,37268,122,27,65,0,0,0,0,0,0,0,0,-32311,0,0,0,0,0,30030,0
30032,-776,8086,608,57,-2,5,13171,0,-4,2,0,37268,122,27,65,0,0,0,0,0,0,0,0,-32311,0,0,0,0,0,30035,0
30037,-794,8116,574,59,-2,3,13170,-2,1,1,0,37266,118,27,65,0,0,0,0,0,0,0,0,-32311,0,0,0,0,0,30040,0
30042,-778,8092,590,59,1,1,13171,0,-3,3,0,37266,118,27,65,0,0,0,0,0,0,0,0,-32310,0,0,0,0,0,30045,0
30047,-796,8080,586,50,-8,4,13170,-3,-2,3,0,37265,121,27,65,0,0,0,0,0,0,0,0,-32311,0,0,0,0,0,30050,0
30052,-780,8062,578,55,-2,3,13170,-1,2,3,0,37265,121,27,65,0,0,0,0,0,0,0,0,-32312,0,0,0,0,0,30056,0
30057,-770,8050,590,57,-3,2,13171,0,2,4,0,37264,118,27,65,0,0,0,0,0,0,0,0,-32311,0,0,0,0,0,30060,0
30062,-780,8058,584,59,-1,9,13170,-3,1,3,0,37264,118,27,65,0,0,0,0,0,0,0,0,-32310,0,0,0,0,0,30065,0
30067,-804,8074,596,56,-6,4,13170,-7,2,3,0,37259,117,27,65,0,0,0,0,0,0,0,0,-32311,0,0,0,0,0,30070,0
30072,-790,8072,582,56,-8,10,13171,-3,1,2,0,37259,117,27,65,0,0,0,0,0,0,0,0,-32311,0,0,0,0,0,30075,0
30077,-788,8080,586,55,-7,6,13170,-1,1,3,0,37259,122,27,65,0,0,0,0,0,0,0,0,-32311,0,0,0,0,0,30080,0
30082,-798,8068,582,53,-11,9,13169,-3,4,1,0,37259,122,27,65,0,0,0,0,0,0,0,0,-32311,0,0,0,0,0,30085,0
30087,-810,8068,576,60,-4,8,13171,0,-1,0,0,37259,128,27,65,0,0,0,0,0,0,0,0,-32311,0,0,0,0,0,30090,0
30092,-830,8072,612,54,-10,14,13170,1,3,3,0,37259,128,27,65,0,0,0,0,0,0,0,0,-32311,0,0,0,0,0,30095,0
30097,-792,8084,602,53,-14,12,13170,-7,5,2,0,37261,126,27,65,0,0,0,0,0,0,0,0,-32311,0,0,0,0,0,30100,0
30102,-802,8064,596,55,-12,10,13171,0,-4,2,0,37261,126,27,65,0,0,0,0,0,0,0,0,-32311,0,0,0,0,0,30105,0
30107,-788,8066,604,51,-11,13,13170,-2,-2,0,0,37269,123,27,65,0,0,0,0,0,0,0,0,-32311,0,0,0,0,0,30110,0
30112,-820,8082,614,60,-14,16,13169,-3,2,2,0,37269,123,27,65,0,0,0,0,0,0,0,0,-32311,0,0,0,0,0,30115,0
30117,-820,8064,610,58,-10,20,13170,-3,0,3,0,37271,118,27,65,0,0,0,0,0,0,0,0,-32310,0,0,0,0,0,30120,0
30122,-822,8054,636,63,-11,16,13171,2,3,1,0,37271,118,27,65,0,0,0,0,0,0,0,0,-32311,0,0,0,0,0,30125,0
30127,-804,8094,600,58,-14,21,13170,-5,5,1,0,37271,123,27,65,0,0,0,0,0,0,0,0,-32310,0,0,0,0,0,30130,0
30132,-812,8080,616,63,-13,22,13171,5,2,2,0,37271,123,27,65,0,0,0,0,0,0,0,0,-32311,0,0,0,0,0,30135,0
30137,-818,8078,632,62,-13,23,13171,2,-2,3,0,37268,128,27,65,0,0,0,0,0,0,0,0,-32311,0,0,0,0,0,30140,0
30142,-782,8060,634,58,-17,20,13171,-3,0,3,0,37268,128,27,65,0,0,0,0,0,0,0,0,-32311,0,0,0,0,0,30145,0
30147,-808,8060,634,62,-15,26,13171,5,-2,3,0,37262,121,27,65,0,0,0,0,0,0,0,0,-32311,0,0,0,0,0,30150,0
30152,-810,8052,632,68,-15,23,13170,0,0,3,0,37262,121,27,65,0,0,0,0,0,0,0,0,-32311,0,0,0,0,0,30155,0
30157,-788,8064,618,65,-17,27,13170,-1,-1,3,0,37262,119,27,65,0,0,0,0,0,0,0,0,-32311,0,0,0,0,0,30160,0
30162,-786,8078,634,59,-16,23,13172,5,-4,4,0,37262,119,27,65,0,0,0,0,0,0,0,0,-32311,0,0,0,0,0,30165,0
30167,-800,8086,620,66,-11,27,13170,-3,0,1,0,37263,125,27,65,0,0,0,0,0,0,0,0,-32311,0,0,0,0,0,30170,0
30172,-802,8086,610,68,-17,23,13171,4,-2,2,0,37263,125,27,65,0,0,0,0,0,0,0,0,-32312,0,0,0,0,0,30175,0
30177,-774,8074,594,66,-14,30,13170,-7,-4,4,0,37263,124,27,65,0,0,0,0,0,0,0,0,-32311,0,0,0,0,0,30180,0
30182,-812,8080,618,71,-15,31,13171,6,2,4,0,37263,124,27,65,0,0,0,0,0,0,0,0,-32311,0,0,0,0,0,30185,0
30187,-790,8060,614,69,-15,31,13170,0,1,2,0,37262,119,27,65,0,0,0,0,0,0,0,0,-32311,0,0,0,0,0,30190,0
30192,-790,8074,608,66,-16,34,13171,2,0,2,0,37262,119,27,65,0,0,0,0,0,0,0,0,-32311,0,0,0,0,0,30195,0
30197,-800,8048,612,68,-18,35,13170,-3,-2,3,0,37257,115,27,65,0,0,0,0,0,0,0,0,-32311,0,0,0,0,0,30200,0
30202,-804,8072,612,70,-12,33,13170,0,5,4,0,37257,115,27,65,0,0,0,0,0,0,0,0,-32310,0,0,0,0,0,30205,0
30207,-792,8074,604,74,-14,29,13171,0,-4,3,0,37255,118,27,65,0,0,0,0,0,0,0,0,-32310,0,0,0,0,0,30210,0
30212,-802,8070,596,67,-17,34,13171,-3,2,0,0,37255,118,27,65,0,0,0,0,0,0,0,0,-32311,0,0,0,0,0,30215,0
30217,-802,8066,618,64,-15,37,13169,-3,4,0,0,37262,122,27,65,0,0,0,0,0,0,0,0,-32311,0,0,0,0,0,30220,0
30222,-784,8078,578,71,-14,38,13171,1,3,3,0,37262,122,27,65,0,0,0,0,0,0,0,0,-32311,0,0,0,0,0,30225,0
30227,-766,8082,596,74,-14,34,13170,-1,0,2,0,37263,122,27,65,0,0,0,0,0,0,0,0,-32311,0,0,0,0,0,30230,0
30232,-740,8096,604,69,-16,36,13171,1,3,2,0,37263,122,27,65,0,0,0,0,0,0,0,0,-32311,0,0,0,0,0,30235,0
30237,-780,8096,582,66,-14,35,13170,-3,1,3,0,37261,117,27,65,0,0,0,0,0,0,0,0,-32310,0,0,0,0,0,30240,0
30242,-782,8076,608,72,-10,36,13171,1,-2,3,0,37261,117,27,65,0,0,0,0,0,0,0,0,-32311,0,0,0,0,0,30245,0
30247,-770,8088,584,72,-15,31,13172,2,-4,2,0,37254,109,27,65,0,0,0,0,0,0,0,0,-32310,0,0,0,0,0,30250,0
30252,-752,8108,576,71,-14,34,13170,0,-2,3,0,37254,109,27,65,0,0,0,0,0,0,0,0,-32311,0,0,0,0,0,30255,0
30257,-758,8078,590,62,-14,35,13171,0,0,3,0,37259,114,27,65,0,0,0,0,0,0,0,0,-32311,0,0,0,0,0,30260,0
30262,-776,8068,604,68,-16,36,13170,-2,-2,2,0,37259,114,27,65,0,0,0,0,0,0,0,0,-32310,0,0,0,0,0,30265,0
30267,-762,8076,578,64,-14,37,13171,0,-3,4,0,37261,116,27,65,0,0,0,0,0,0,0,0,-32311,0,0,0,0,0,30270,0
30272,-804,8094,596,69,-13,38,13170,0,-3,2,0,37261,116,27,65,0,0,0,0,0,0,0,0,-32311,0,0,0,0,0,30275,0
30277,-774,8070,604,70,-13,32,13171,0,1,3,0,37261,115,27,65,0,0,0,0,0,0,0,0,-32311,0,0,0,0,0,30280,0
30282,-762,8102,594,67,-11,38,13171,5,1,1,0,37261,115,27,65,0,0,0,0,0,0,0,0,-32311,0,0,0,0,0,30285,0
30287,-780,8088,610,66,-11,39,13170,0,4,1,0,37260,118,27,65,0,0,0,0,0,0,0,0,-32311,0,0,0,0,0,30290,0
30292,-774,8070,604,68,-17,33,13170,-2,1,3,0,37260,118,27,65,0,0,0,0,0,0,0,0,-32311,0,0,0,0,0,30295,0
30297,-774,8090,612,70,-11,34,13171,14,-1,4,0,37261,117,27,65,0,0,0,0,0,0,0,0,-32311,0,0,0,0,0,30300,0
30302,-764,8088,594,70,-10,39,13171,2,2,2,0,37261,117,27,65,0,0,0,0,0,0,0,0,-32311,0,0,0,0,0,30305,0
30307,-736,8094,596,67,-12,35,13171,0,1,2,0,37262,118,27,65,0,0,0,0,0,0,0,0,-32311,0,0,0,0,0,30310,0
30312,-748,8122,584,68,-9,34,13171,2,0,3,0,37262,118,27,65,0,0,0,0,0,0,0,0,-32311,0,0,0,0,0,30315,0
30317,-748,8070,610,69,-10,39,13171,0,-2,4,0,37262,118,27,65,0,0,0,0,0,0,0,0,-32311,0,0,0,0,0,30320,0
30322,-740,8070,576,66,-14,34,13171,5,-6,3,0,37262,118,27,65,0,0,0,0,0,0,0,0,-32311,0,0,0,0,0,30325,0
30327,-736,8072,614,66,-12,35,13171,1,-1,2,0,37268,117,27,65,0,0,0,0,0,0,0,0,-32311,0,0,0,0,0,30330,0
30332,-744,8078,612,60,-9,35,13171,-3,0,2,0,37268,117,27,65,0,0,0,0,0,0,0,0,-32311,0,0,0,0,0,30335,0
30337,-748,8074,600,66,-5,36,13171,0,-2,1,0,37267,115,27,65,0,0,0,0,0,0,0,0,-32311,0,0,0,0,0,30340,0
30342,-726,8078,606,65,-12,37,13172,4,0,1,0,37267,115,27,65,0,0,0,0,0,0,0,0,-32311,0,0,0,0,0,30345,0
30347,-744,8080,602,61,-6,34,13170,-3,-3,2,0,37265,122,27,65,0,0,0,0,0,0,0,0,-32311,0,0,0,0,0,30350,0
30352,-764,8102,586,60,-4,33,13171,0,-1,3,0,37265,122,27,65,0,0,0,0,0,0,0,0,-32311,0,0,0,0,0,30355,0
30357,-756,8092,602,64,-8,33,13171,3,-2,3,0,37259,125,27,65,0,0,0,0,0,0,0,0,-32311,0,0,0,0,0,30360,0
30362,-764,8092,594,66,-5,32,13171,4,1,2,0,37259,125,27,65,0,0,0,0,0,0,0,0,-32311,0,0,0,0,0,30365,0
30367,-760,8102,612,69,-11,31,13171,1,-2,3,0,37261,132,27,65,0,0,0,0,0,0,0,0,-32311,0,0,0,0,0,30370,0
30372,-762,8076,618,65,-8,35,13170,-3,-2,2,0,37261,132,27,65,0,0,0,0,0,0,0,0,-32311,0,0,0,0,0,30375,0
30377,-774,8116,616,66,-13,28,13171,3,-2,3,0,37262,129,27,65,0,0,0,0,0,0,0,0,-32310,0,0,0,0,0,30380,0
30382,-744,8066,628,63,-9,32,13170,-1,-2,3,0,37262,129,27,65,0,0,0,0,0,0,0,0,-32310,0,0,0,0,0,30385,0
30387,-770,8078,644,67,-7,35,13170,0,2,1,0,37263,124,27,65,0,0,0,0,0,0,0,0,-32311,0,0,0,0,0,30390,0
30392,-762,8108,618,68,-12,30,13170,-2,3,2,0,37263,124,27,65,0,0,0,0,0,0,0,0,-32311,0,0,0,0,0,30395,0
30397,-726,8106,620,68,-10,33,13171,3,-2,2,0,37262,120,27,65,0,0,0,0,0,0,0,0,-32311,0,0,0,0,0,30400,0
30402,-744,8086,630,62,-12,32,13171,6,-1,4,0,37262,120,27,65,0,0,0,0,0,0,0,0,-32311,0,0,0,0,0,30405,0
30407,-746,8088,616,65,-9,36,13170,-2,-1,3,0,37262,120,27,65,0,0,0,0,0,0,0,0,-32311,0,0,0,0,0,30410,0
30412,-794,8070,630,66,-12,28,13171,0,0,3,0,37262,120,27,65,0,0,0,0,0,0,0,0,-32311,0,0,0,0,0,30415,0
30417,-744,8074,626,69,-8,33,13170,-3,2,2,0,37264,120,27,65,0,0,0,0,0,0,0,0,-32311,0,0,0,0,0,30420,0
30422,-748,8078,604,71,-13,32,13171,0,-4,2,0,37264,120,27,65,0,0,0,0,0,0,0,0,-32311,0,0,0,0,0,30425,0
30427,-746,8068,628,77,-7,31,13171,-2,-3,2,0,37264,122,27,65,0,0,0,0,0,0,0,0,-32311,0,0,0,0,0,30431,0
30432,-742,8070,620,71,-8,34,13171,-3,1,0,0,37264,122,27,65,0,0,0,0,0,0,0,0,-32311,0,0,0,0,0,30436,0
30437,-768,8084,622,73,-4,30,13170,-1,0,2,0,37269,129,27,65,0,0,0,0,0,0,0,0,-32310,0,0,0,0,0,30441,0
30442,-758,8084,610,72,-8,29,13171,0,0,1,0,37269,129,27,65,0,0,0,0,0,0,0,0,-32311,0,0,0,0,0,30446,0
30447,-772,8060,624,71,-11,31,13171,1,0,3,0,37267,130,27,65,0,0,0,0,0,0,0,0,-32310,0,0,0,0,0,30451,0
30452,-734,8086,602,71,-6,32,13171,1,4,3,0,37267,130,27,65,0,0,0,0,0,0,0,0,-32311,0,0,0,0,0,30456,0
30457,-758,8080,592,70,-9,30,13171,2,2,2,0,37267,122,27,65,0,0,0,0,0,0,0,0,-32311,0,0,0,0,0,30461,0
30462,-750,8078,608,68,-8,33,13170,-2,1,1,0,37267,122,27,65,0,0,0,0,0,0,0,0,-32311,0,0,0,0,0,30466,0
30467,-734,8100,588,70,-12,30,13171,4,3,2,0,37263,121,27,65,0,0,0,0,0,0,0,0,-32311,0,0,0,0,0,30471,0
30472,-756,8074,592,70,-8,28,13170,-2,0,2,0,37263,121,27,65,0,0,0,0,0,0,0,0,-32311,0,0,0,0,0,30476,0
30477,-754,8080,588,74,-7,31,13171,0,1,2,0,37265,130,27,65,0,0,0,0,0,0,0,0,-32311,0,0,0,0,0,30481,0
30482,-752,8084,592,72,-7,32,13171,4,2,2,0,37265,130,27,65,0,0,0,0,0,0,0,0,-32311,0,0,0,0,0,30486,0
30487,-744,8086,594,70,-2,29,13172,5,2,2,0,37262,126,27,65,0,0,0,0,0,0,0,0,-32311,0,0,0,0,0,30491,0
30492,-736,8078,588,70,-4,30,13170,1,-2,3,0,37262,126,27,65,0,0,0,0,0,0,0,0,-32311,0,0,0,0,0,30496,0
30497,-732,8106,570,67,1,29,13170,1,-1,3,0,37260,128,27,65,0,0,0,0,0,0,0,0,-32310,0,0,0,0,0,30501,0
30502,-762,8088,560,70,-10,27,13172,1,4,3,0,37260,128,27,65,0,0,0,0,0,0,0,0,-32311,0,0,0,0,0,30506,0
30507,-754,8112,600,75,-5,29,13170,-1,-1,2,0,37261,128,27,65,0,0,0,0,0,0,0,0,-32311,0,0,0,0,0,30511,0
30512,-734,8134,574,69,-9,28,13171,5,-2,0,0,37261,128,27,65,0,0,0,0,0,0,0,0,-32311,0,0,0,0,0,30516,0
30517,-760,8070,590,71,-8,30,13172,11,3,3,0,37266,137,27,65,0,0,0,0,0,0,0,0,-32311,0,0,0,0,0,30521,0
30522,-758,8092,588,67,-8,30,13170,-5,-3,1,0,37266,137,27,65,0,0,0,0,0,0,0,0,-32311,0,0,0,0,0,30526,0
30527,-730,8124,574,69,-9,25,13171,-1,4,1,0,37268,136,27,65,0,0,0,0,0,0,0,0,-32311,0,0,0,0,0,30531,0
30532,-730,8090,598,68,-6,24,13171,0,-2,3,0,37268,136,27,65,0,0,0,0,0,0,0,0,-32311,0,0,0,0,0,30536,0
30537,-744,8088,588,67,-12,27,13171,1,3,3,0,37268,128,27,65,0,0,0,0,0,0,0,0,-32311,0,0,0,0,0,30541,0
30542,-734,8082,584,72,-11,20,13170,4,-2,3,0,37268,128,27,65,0,0,0,0,0,0,0,0,-32311,0,0,0,0,0,30546,0
30547,-736,8088,598,70,-8,25,13171,7,1,2,0,37266,122,27,65,0,0,0,0,0,0,0,0,-32311,0,0,0,0,0,30551,0
30552,-744,8112,590,64,-18,25,13171,3,1,3,0,37266,122,27,65,0,0,0,0,0,0,0,0,-32311,0,0,0,0,0,30556,0
30557,-724,8088,602,66,-10,21,13170,-1,-1,2,0,37267,123,27,65,0,0,0,0,0,0,0,0,-32311,0,0,0,0,0,30561,0
30562,-748,8098,580,64,-16,21,13170,-3,-2,3,0,37267,123,27,65,0,0,0,0,0,0,0,0,-32311,0,0,0,0,0,30566,0
30567,-756,8098,602,65,-10,17,13170,-3,-2,4,0,37262,126,27,65,0,0,0,0,0,0,0,0,-32310,0,0,0,0,0,30571,0
30572,-762,8080,592,66,-15,19,13170,-2,-3,3,0,37262,126,27,65,0,0,0,0,0,0,0,0,-32311,0,0,0,0,0,30576,0
30577,-768,8074,620,60,-13,17,13171,6,0,2,0,37261,129,27,65,0,0,0,0,0,0,0,0,-32311,0,0,0,0,0,30581,0
30582,-750,8066,614,65,-12,21,13170,-3,-1,3,0,37261,129,27,65,0,0,0,0,0,0,0,0,-32311,0,0,0,0,0,30586,0
30587,-762,8066,618,67,-11,17,13171,-3,3,3,0,37261,130,27,65,0,0,0,0,0,0,0,0,-32311,0,0,0,0,0,30591,0
30592,-764,8082,612,67,-5,20,13170,1,1,3,0,37261,130,27,65,0,0,0,0,0,0,0,0,-32311,0,0,0,0,0,30596,0
30597,-764,8108,596,68,-11,15,13170,-1,-2,2,0,37263,136,27,65,0,0,0,0,0,0,0,0,-32310,0,0,0,0,0,30601,0
30602,-770,8076,620,65,-10,20,13170,-3,2,3,0,37263,136,27,65,0,0,0,0,0,0,0,0,-32311,0,0,0,0,0,30606,0
30607,-756,8092,616,69,-5,19,13170,-2,-1,2,0,37262,125,27,65,0,0,0,0,0,0,0,0,-32310,0,0,0,0,0,30611,0
30612,-782,8096,644,65,-13,16,13171,1,1,2,0,37262,125,27,65,0,0,0,0,0,0,0,0,-32311,0,0,0,0,0,30616,0
30617,-772,8090,610,68,-5,22,13172,3,3,4,0,37263,125,27,65,0,0,0,0,0,0,0,0,-32311,0,0,0,0,0,30621,0
30622,-750,8096,614,64,-10,23,13170,-4,-1,2,0,37263,125,27,65,0,0,0,0,0,0,0,0,-32311,0,0,0,0,0,30626,0
30627,-756,8088,598,68,-2,18,13171,0,0,2,0,37263,120,27,65,0,0,0,0,0,0,0,0,-32311,0,0,0,0,0,30631,0
30632,-770,8082,630,66,-2,23,13171,-1,1,3,0,37263,120,27,65,0,0,0,0,0,0,0,0,-32310,0,0,0,0,0,30636,0
30637,-738,8056,604,64,-8,19,13170,-4,-3,1,0,37268,120,27,65,0,0,0,0,0,0,0,0,-32311,0,0,0,0,0,30641,0
30642,-748,8074,614,71,-7,22,13171,7,0,3,0,37268,120,27,65,0,0,0,0,0,0,0,0,-32311,0,0,0,0,0,30646,0
30647,-774,8064,614,69,0,15,13171,0,0,2,0,37268,115,27,65,0,0,0,0,0,0,0,0,-32311,0,0,0,0,0,30651,0
30652,-760,8074,636,66,-9,18,13172,1,5,5,0,37268,115,27,65,0,0,0,0,0,0,0,0,-32311,0,0,0,0,0,30656,0
30657,-772,8086,614,67,-11,25,13171,4,2,4,0,37267,121,27,65,0,0,0,0,0,0,0,0,-32310,0,0,0,0,0,30661,0
30662,-746,8080,618,67,-11,16,13171,3,-1,3,0,37267,121,27,65,0,0,0,0,0,0,0,0,-32310,0,0,0,0,0,30666,0
30667,-762,8092,596,71,-4,20,13171,0,-1,2,0,37262,129,27,65,0,0,0,0,0,0,0,0,-32311,0,0,0,0,0,30671,0
30672,-748,8082,590,74,-5,16,13172,3,4,1,0,37262,129,27,65,0,0,0,0,0,0,0,0,-32311,0,0,0,0,0,30676,0
30677,-754,8072,590,68,-6,16,13170,4,1,4,0,37265,135,27,65,0,0,0,0,0,0,0,0,-32311,0,0,0,0,0,30681,0
30682,-760,8072,596,65,-5,17,13170,1,-1,3,0,37265,135,27,65,0,0,0,0,0,0,0,0,-32311,0,0,0,0,0,30686,0
30687,-758,8074,604,66,-10,22,13170,-3,1,2,0,37264,136,27,65,0,0,0,0,0,0,0,0,-32311,0,0,0,0,0,30691,0
30692,-808,8058,598,73,-10,24,13170,0,1,4,0,37264,136,27,65,0,0,0,0,0,0,0,0,-32311,0,0,0,0,0,30696,0
30697,-792,8054,608,71,-12,19,13172,3,1,2,0,37265,132,27,65,0,0,0,0,0,0,0,0,-32311,0,0,0,0,0,30701,0
30702,-780,8056,612,66,-12,20,13171,0,3,3,0,37265,132,27,65,0,0,0,0,0,0,0,0,-32310,0,0,0,0,0,30706,0
30707,-784,8082,598,69,-12,17,13172,2,1,3,0,37265,131,27,65,0,0,0,0,0,0,0,0,-32311,0,0,0,0,0,30711,0
30712,-776,8090,592,71,-13,22,13171,0,-2,4,0,37265,131,27,65,0,0,0,0,0,0,0,0,-32311,0,0,0,0,0,30716,0
30717,-774,8100,612,67,-17,17,13171,-2,2,2,0,37263,118,27,65,0,0,0,0,0,0,0,0,-32311,0,0,0,0,0,30721,0
30722,-782,8064,598,73,-13,18,13170,1,2,2,0,37263,118,27,65,0,0,0,0,0,0,0,0,-32311,0,0,0,0,0,30726,0
30727,-774,8086,594,67,-20,22,13171,-1,2,2,0,37262,118,27,65,0,0,0,0,0,0,0,0,-32311,0,0,0,0,0,30731,0
30732,-752,8086,604,64,-14,21,13170,-5,-1,2,0,37262,118,27,65,0,0,0,0,0,0,0,0,-32311,0,0,0,0,0,30736,0
30737,-750,8094,600,71,-15,19,13171,0,1,1,0,37262,122,27,65,0,0,0,0,0,0,0,0,-32311,0,0,0,0,0,30741,0
30742,-766,8116,594,66,-18,20,13171,0,0,2,0,37262,122,27,65,0,0,0,0,0,0,0,0,-32311,0,0,0,0,0,30746,0
30747,-764,8086,604,66,-14,18,13170,-2,-2,2,0,37260,129,27,65,0,0,0,0,0,0,0,0,-32311,0,0,0,0,0,30751,0
30752,-772,8100,596,69,-21,14,13170,-4,-3,3,0,37260,129,27,65,0,0,0,0,0,0,0,0,-32310,0,0,0,0,0,30756,0
30757,-760,8076,586,67,-21,17,13170,1,3,3,0,37260,128,27,65,0,0,0,0,0,0,0,0,-32311,0,0,0,0,0,30761,0
30762,-770,8082,608,67,-20,21,13170,-5,0,1,0,37260,128,27,65,0,0,0,0,0,0,0,0,-32311,0,0,0,0,0,30766,0
30767,-740,8090,590,71,-16,18,13171,1,1,3,0,37263,126,27,65,0,0,0,0,0,0,0,0,-32311,0,0,0,0,0,30771,0
30772,-772,8064,604,73,-11,22,13170,0,3,2,0,37263,126,27,65,0,0,0,0,0,0,0,0,-32311,0,0,0,0,0,30776,0
30777,-720,8114,606,65,-9,20,13170,-4,4,3,0,37267,118,27,65,0,0,0,0,0,0,0,0,-32311,0,0,0,0,0,30781,0
30782,-766,8102,600,67,-14,22,13170,0,-1,3,0,37267,118,27,65,0,0,0,0,0,0,0,0,-32311,0,0,0,0,0,30786,0
30787,-758,8106,596,67,-7,18,13170,1,2,2,0,37268,118,27,65,0,0,0,0,0,0,0,0,-32311,0,0,0,0,0,30791,0
30792,-748,8084,598,70,-10,18,13171,2,-2,3,0,37268,118,27,65,0,0,0,0,0,0,0,0,-32311,0,0,0,0,0,30796,0
30797,-772,8072,610,69,-6,20,13171,1,1,1,0,37264,114,27,65,0,0,0,0,0,0,0,0,-32311,0,0,0,0,0,30801,0
30802,-752,8094,608,69,-4,17,13171,1,2,3,0,37264,114,27,65,0,0,0,0,0,0,0,0,-32311,0,0,0,0,0,30806,0
30807,-744,8058,590,67,-8,18,13171,2,-1,4,0,37262,120,27,65,0,0,0,0,0,0,0,0,-32311,0,0,0,0,0,30811,0
30812,-776,8074,578,65,-4,18,13171,9,-1,3,0,37262,120,27,65,0,0,0,0,0,0,0,0,-32311,0,0,0,0,0,30816,0
30817,-782,8082,590,64,-6,17,13170,0,-2,3,0,37262,122,27,65,0,0,0,0,0,0,0,0,-32311,0,0,0,0,0,30821,0
30822,-780,8094,612,65,-7,19,13171,-7,-3,3,0,37262,122,27,65,0,0,0,0,0,0,0,0,-32311,0,0,0,0,0,30826,0
30827,-770,8094,588,67,-10,22,13171,2,1,2,0,37262,123,27,65,0,0,0,0,0,0,0,0,-32311,0,0,0,0,0,30831,0
30832,-778,8104,580,62,-3,22,13171,1,0,1,0,37262,123,27,65,0,0,0,0,0,0,0,0,-32311,0,0,0,0,0,30836,0
30837,-792,8072,608,67,-8,19,13171,7,2,0,0,37263,122,27,65,0,0,0,0,0,0,0,0,-32310,0,0,0,0,0,30841,0
30842,-790,8076,586,59,-12,20,13171,3,-5,0,0,37263,122,27,65,0,0,0,0,0,0,0,0,-32311,0,0,0,0,0,30846,0
30847,-766,8086,588,67,-6,21,13170,4,6,3,0,37264,118,27,65,0,0,0,0,0,0,0,0,-32311,0,0,0,0,0,30851,0
30852,-784,8078,598,65,-7,23,13170,-2,1,4,0,37264,118,27,65,0,0,0,0,0,0,0,0,-32311,0,0,0,0,0,30856,0
30857,-784,8072,624,62,-10,23,13171,7,0,2,0,37265,120,27,65,0,0,0,0,0,0,0,0,-32310,0,0,0,0,0,30861,0
30862,-754,8092,612,65,-11,15,13171,1,-3,3,0,37265,120,27,65,0,0,0,0,0,0,0,0,-32311,0,0,0,0,0,30866,0
30867,-760,8110,616,67,-8,18,13170,-3,1,4,0,37265,122,27,65,0,0,0,0,0,0,0,0,-32310,0,0,0,0,0,30871,0
30872,-750,8070,622,64,-13,16,13169,-6,-4,4,0,37265,122,27,65,0,0,0,0,0,0,0,0,-32311,0,0,0,0,0,30876,0
30877,-758,8078,600,61,-9,21,13170,-4,-1,2,0,37261,127,27,65,0,0,0,0,0,0,0,0,-32310,0,0,0,0,0,30881,0
30882,-760,8094,614,64,-15,19,13170,-3,1,2,0,37261,127,27,65,0,0,0,0,0,0,0,0,-32310,0,0,0,0,0,30886,0
30887,-770,8110,620,65,-9,17,13170,0,4,1,0,37259,124,27,65,0,0,0,0,0,0,0,0,-32311,0,0,0,0,0,30891,0
30892,-788,8108,620,67,-14,19,13171,0,2,1,0,37259,124,27,65,0,0,0,0,0,0,0,0,-32311,0,0,0,0,0,30896,0
30897,-786,8068,620,65,-12,18,13170,-3,1,3,0,37261,119,27,65,0,0,0,0,0,0,0,0,-32311,0,0,0,0,0,30901,0
30902,-770,8070,618,68,-15,19,13171,4,3,3,0,37261,119,27,65,0,0,0,0,0,0,0,0,-32310,0,0,0,0,0,30906,0
30907,-754,8096,606,64,-12,19,13171,-1,0,3,0,37262,110,27,65,0,0,0,0,0,0,0,0,-32311,0,0,0,0,0,30911,0
30912,-780,8080,602,69,-13,17,13170,-2,2,2,0,37262,110,27,65,0,0,0,0,0,0,0,0,-32311,0,0,0,0,0,30916,0
30917,-792,8058,602,64,-8,18,13171,2,2,3,0,37262,112,27,65,0,0,0,0,0,0,0,0,-32311,0,0,0,0,0,30921,0
30922,-762,8082,626,68,-13,14,13170,-1,0,2,0,37262,112,27,65,0,0,0,0,0,0,0,0,-32311,0,0,0,0,0,30926,0
30927,-776,8088,616,64,-9,17,13171,1,-1,3,0,37262,118,27,65,0,0,0,0,0,0,0,0,-32311,0,0,0,0,0,30931,0
30932,-774,8064,614,68,-13,20,13171,0,-2,3,0,37262,118,27,65,0,0,0,0,0,0,0,0,-32311,0,0,0,0,0,30936,0
30937,-750,8098,630,62,-10,22,13172,5,0,2,0,37260,124,27,65,0,0,0,0,0,0,0,0,-32310,0,0,0,0,0,30941,0
30942,-792,8086,606,64,-9,19,13171,5,-3,2,0,37260,124,27,65,0,0,0,0,0,0,0,0,-32311,0,0,0,0,0,30946,0
30947,-790,8090,600,64,-9,18,13170,-2,-1,5,0,37266,120,27,65,0,0,0,0,0,0,0,0,-32311,0,0,0,0,0,30951,0
30952,-780,8110,600,64,-13,19,13170,-5,-3,5,0,37266,120,27,65,0,0,0,0,0,0,0,0,-32311,0,0,0,0,0,30956,0
30957,-764,8084,610,66,-8,24,13171,-4,-5,3,0,37267,118,27,65,0,0,0,0,0,0,0,0,-32310,0,0,0,0,0,30961,0
30962,-772,8082,606,65,-11,25,13171,0,3,3,0,37267,118,27,65,0,0,0,0,0,0,0,0,-32311,0,0,0,0,0,30966,0
30967,-780,8076,616,62,-4,21,13171,1,0,5,0,37268,117,27,65,0,0,0,0,0,0,0,0,-32311,0,0,0,0,0,30971,0
30972,-774,8102,622,65,-10,25,13171,5,-2,3,0,37268,117,27,65,0,0,0,0,0,0,0,0,-32311,0,0,0,0,0,30976,0
30977,-772,8086,628,63,-5,23,13171,6,2,3,0,37268,123,27,65,0,0,0,0,0,0,0,0,-32310,0,0,0,0,0,30981,0
30982,-784,8100,610,64,-13,22,13171,0,1,2,0,37268,123,27,65,0,0,0,0,0,0,0,0,-32311,0,0,0,0,0,30986,0
30987,-782,8058,606,65,-15,22,13170,-9,1,1,0,37262,121,27,65,0,0,0,0,0,0,0,0,-32311,0,0,0,0,0,30991,0
30992,-784,8090,638,64,-15,22,13170,1,-2,3,0,37262,121,27,65,0,0,0,0,0,0,0,0,-32311,0,0,0,0,0,30996,0
30997,-772,8092,602,68,-12,23,13171,5,-2,1,0,37261,124,27,65,0,0,0,0,0,0,0,0,-32310,0,0,0,0,0,31001,0
31002,-776,8080,634,70,-13,21,13170,-3,-1,3,0,37261,124,27,65,0,0,0,0,0,0,0,0,-32311,0,0,0,0,0,31006,0
31007,-764,8094,638,68,-9,23,13171,-1,3,1,0,37259,127,27,65,0,0,0,0,0,0,0,0,-32310,0,0,0,0,0,31011,0
31012,-748,8082,620,68,-13,20,13169,-4,2,1,0,37259,127,27,65,0,0,0,0,0,0,0,0,-32311,0,0,0,0,0,31016,0
31017,-762,8078,638,67,-13,25,13170,-2,1,2,0,37258,125,27,65,0,0,0,0,0,0,0,0,-32311,0,0,0,0,0,31021,0
31022,-776,8092,610,70,-18,23,13171,2,-3,2,0,37258,125,27,65,0,0,0,0,0,0,0,0,-32311,0,0,0,0,0,31026,0
31027,-762,8118,606,71,-16,23,13171,0,0,2,0,37259,128,27,65,0,0,0,0,0,0,0,0,-32311,0,0,0,0,0,31031,0
31032,-780,8104,608,75,-16,24,13170,0,2,1,0,37259,128,27,65,0,0,0,0,0,0,0,0,-32311,0,0,0,0,0,31036,0
31037,-768,8078,612,74,-14,21,13170,-1,0,1,0,37262,133,27,65,0,0,0,0,0,0,0,0,-32311,0,0,0,0,0,31041,0
31042,-756,8084,622,65,-11,25,13172,5,-2,1,0,37262,133,27,65,0,0,0,0,0,0,0,0,-32311,0,0,0,0,0,31046,0
31047,-774,8080,602,71,-12,26,13170,-1,-2,3,0,37265,130,27,65,0,0,0,0,0,0,0,0,-32311,0,0,0,0,0,31051,0
31052,-768,8066,620,64,-11,22,13170,-3,0,4,0,37265,130,27,65,0,0,0,0,0,0,0,0,-32312,0,0,0,0,0,31056,0
31057,-784,8100,612,67,-11,23,13171,9,-3,3,0,37267,120,27,65,0,0,0,0,0,0,0,0,-32312,0,0,0,0,0,31061,0
31062,-786,8094,608,64,-13,24,13170,-5,1,3,0,37267,120,27,65,0,0,0,0,0,0,0,0,-32311,0,0,0,0,0,31066,0
31067,-778,8090,614,64,-9,28,13169,-4,5,5,0,37265,123,27,65,0,0,0,0,0,0,0,0,-32311,0,0,0,0,0,31071,0
31072,-764,8086,624,68,-10,24,13170,-2,-2,3,0,37265,123,27,65,0,0,0,0,0,0,0,0,-32311,0,0,0,0,0,31076,0
31077,-792,8056,624,69,-11,25,13171,0,4,3,0,37264,130,27,65,0,0,0,0,0,0,0,0,-32311,0,0,0,0,0,31081,0
31082,-788,8056,594,70,-10,24,13170,-2,4,3,0,37264,130,27,65,0,0,0,0,0,0,0,0,-32311,0,0,0,0,0,31086,0
31087,-758,8080,634,66,-8,28,13171,4,3,2,0,37259,127,27,65,0,0,0,0,0,0,0,0,-32311,0,0,0,0,0,31091,0
31092,-772,8088,634,65,-11,22,13170,-2,2,4,0,37259,127,27,65,0,0,0,0,0,0,0,0,-32311,0,0,0,0,0,31096,0
31097,-780,8100,624,71,-12,24,13170,1,2,3,0,37258,132,27,65,0,0,0,0,0,0,0,0,-32311,0,0,0,0,0,31101,0
31102,-764,8088,596,66,-8,22,13171,2,2,4,0,37258,132,27,65,0,0,0,0,0,0,0,0,-32311,0,0,0,0,0,31106,0
31107,-784,8066,622,69,-8,23,13171,1,3,4,0,37260,125,27,65,0,0,0,0,0,0,0,0,-32311,0,0,0,0,0,31111,0
31112,-788,8062,606,65,-6,29,13170,-2,2,3,0,37260,125,27,65,0,0,0,0,0,0,0,0,-32311,0,0,0,0,0,31116,0
31117,-800,8088,590,67,-9,20,13171,0,-1,3,0,37262,126,27,65,0,0,0,0,0,0,0,0,-32310,0,0,0,0,0,31121,0
31122,-794,8100,610,61,-4,26,13171,-4,-2,2,0,37262,126,27,65,0,0,0,0,0,0,0,0,-32311,0,0,0,0,0,31126,0
31127,-780,8066,616,62,-9,23,13171,1,-1,0,0,37263,117,27,65,0,0,0,0,0,0,0,0,-32310,0,0,0,0,0,31131,0
31132,-766,8080,582,68,-11,25,13171,4,2,0,0,37263,117,27,65,0,0,0,0,0,0,0,0,-32311,0,0,0,0,0,31136,0
31137,-748,8088,604,65,-10,24,13171,2,-3,2,0,37262,119,27,65,0,0,0,0,0,0,0,0,-32311,0,0,0,0,0,31141,0
31142,-798,8070,606,70,-7,26,13170,-4,-1,3,0,37262,119,27,65,0,0,0,0,0,0,0,0,-32311,0,0,0,0,0,31146,0
31147,-788,8064,612,62,-6,26,13171,0,-2,4,0,37260,127,27,65,0,0,0,0,0,0,0,0,-32311,0,0,0,0,0,31151,0
31152,-804,8088,618,68,-9,27,13170,0,-2,4,0,37260,127,27,65,0,0,0,0,0,0,0,0,-32311,0,0,0,0,0,31156,0
31157,-766,8088,632,61,-9,25,13170,0,3,4,0,37265,111,27,65,0,0,0,0,0,0,0,0,-32311,0,0,0,0,0,31161,0
31162,-772,8082,634,73,-6,26,13171,0,-1,2,0,37265,111,27,65,0,0,0,0,0,0,0,0,-32310,0,0,0,0,0,31166,0
31167,-814,8084,608,67,-13,27,13171,-1,2,4,0,37262,117,27,65,0,0,0,0,0,0,0,0,-32311,0,0,0,0,0,31171,0
31172,-782,8100,622,66,-7,31,13171,-4,-2,5,0,37262,117,27,65,0,0,0,0,0,0,0,0,-32311,0,0,0,0,0,31176,0
31177,-762,8112,612,63,-15,30,13172,4,-3,3,0,37263,118,27,65,0,0,0,0,0,0,0,0,-32311,0,0,0,0,0,31181,0
31182,-794,8090,626,66,-9,31,13171,2,-1,2,0,37263,118,27,65,0,0,0,0,0,0,0,0,-32311,0,0,0,0,0,31186,0
31187,-758,8090,620,64,-14,25,13171,2,-1,2,0,37262,123,27,65,0,0,0,0,0,0,0,0,-32311,0,0,0,0,0,31191,0
31192,-784,8078,646,69,-12,29,13170,-3,-3,5,0,37262,123,27,65,0,0,0,0,0,0,0,0,-32311,0,0,0,0,0,31196,0
31197,-796,8078,632,69,-7,26,13170,1,1,3,0,37262,132,27,65,0,0,0,0,0,0,0,0,-32311,0,0,0,0,0,31201,0
31202,-770,8074,636,71,-13,34,13171,0,-1,3,0,37262,132,27,65,0,0,0,0,0,0,0,0,-32311,0,0,0,0,0,31206,0
31207,-780,8076,632,66,-11,29,13170,-2,0,4,0,37262,122,27,65,0,0,0,0,0,0,0,0,-32310,0,0,0,0,0,31211,0
31212,-766,8084,630,69,-11,28,13171,1,0,3,0,37262,122,27,65,0,0,0,0,0,0,0,0,-32310,0,0,0,0,0,31216,0
31217,-776,8078,632,65,-9,31,13170,3,2,2,0,37262,114,27,65,0,0,0,0,0,0,0,0,-32311,0,0,0,0,0,31221,0
31222,-746,8076,622,67,-11,30,13171,6,4,2,0,37262,114,27,65,0,0,0,0,0,0,0,0,-32311,0,0,0,0,0,31226,0
31227,-798,8074,622,67,-12,29,13171,-2,-1,2,0,37262,122,27,65,0,0,0,0,0,0,0,0,-32311,0,0,0,0,0,31231,0
31232,-780,8092,640,63,-10,34,13170,-1,-1,3,0,37262,122,27,65,0,0,0,0,0,0,0,0,-32311,0,0,0,0,0,31236,0
31237,-766,8078,604,66,-9,33,13170,0,-1,2,0,37268,122,27,65,0,0,0,0,0,0,0,0,-32310,0,0,0,0,0,31241,0
31242,-780,8076,618,71,-12,30,13170,3,-3,2,0,37268,122,27,65,0,0,0,0,0,0,0,0,-32311,0,0,0,0,0,31246,0
31247,-780,8072,628,63,-9,29,13171,2,-2,2,0,37279,131,27,65,0,0,0,0,0,0,0,0,-32311,0,0,0,0,0,31251,0
31252,-778,8078,630,65,-5,37,13171,3,1,3,0,37279,131,27,65,0,0,0,0,0,0,0,0,-32311,0,0,0,0,0,31256,0
31257,-764,8080,642,71,-5,32,13171,1,2,1,0,37288,124,27,65,0,0,0,0,0,0,0,0,-32311,0,0,0,0,0,31261,0
31262,-800,8078,626,68,-9,34,13171,3,-1,0,0,37288,124,27,65,0,0,0,0,0,0,0,0,-32311,0,0,0,0,0,31266,0
31267,-754,8074,622,71,-3,32,13171,3,-2,2,0,37286,126,27,65,0,0,0,0,0,0,0,0,-32311,0,0,0,0,0,31271,0
31272,-772,8072,618,69,-3,35,13171,-6,-1,2,0,37286,126,27,65,0,0,0,0,0,0,0,0,-32311,0,0,0,0,0,31276,0
31277,-768,8078,614,70,-6,30,13171,1,-2,3,0,37276,122,27,65,0,0,0,0,0,0,0,0,-32311,0,0,0,0,0,31281,0
31282,-736,8076,616,69,-4,33,13169,-6,-5,3,0,37276,122,27,65,0,0,0,0,0,0,0,0,-32310,0,0,0,0,0,31286,0
31287,-784,8074,638,70,-8,35,13171,2,-1,2,0,37263,125,27,65,0,0,0,0,0,0,0,0,-32311,0,0,0,0,0,31291,0
31292,-766,8094,630,72,-2,29,13171,6,-2,3,0,37263,125,27,65,0,0,0,0,0,0,0,0,-32311,0,0,0,0,0,31296,0
31297,-790,8084,606,73,-14,32,13170,0,3,2,0,37259,126,27,65,0,0,0,0,0,0,0,0,-32310,0,0,0,0,0,31301,0
31302,-776,8108,616,69,-10,29,13171,-2,-3,4,0,37259,126,27,65,0,0,0,0,0,0,0,0,-32310,0,0,0,0,0,31306,0
31307,-756,8102,608,69,-12,32,13172,4,-4,2,0,37262,130,27,65,0,0,0,0,0,0,0,0,-32311,0,0,0,0,0,31311,0
31312,-758,8122,620,72,-12,33,13171,4,-1,2,0,37262,130,27,65,0,0,0,0,0,0,0,0,-32311,0,0,0,0,0,31316,0
31317,-774,8110,622,70,-9,33,13171,-4,-5,4,0,37266,136,27,65,0,0,0,0,0,0,0,0,-32311,0,0,0,0,0,31321,0
31322,-788,8100,616,72,-9,35,13171,0,-2,2,0,37266,136,27,65,0,0,0,0,0,0,0,0,-32311,0,0,0,0,0,31326,0
31327,-772,8088,616,68,-7,26,13171,9,3,2,0,37268,128,27,65,0,0,0,0,0,0,0,0,-32311,0,0,0,0,0,31331,0
31332,-764,8086,596,71,-9,26,13171,0,0,3,0,37268,128,27,65,0,0,0,0,0,0,0,0,-32311,0,0,0,0,0,31336,0
31337,-778,8080,608,66,-14,36,13171,2,-2,3,0,37265,121,27,65,0,0,0,0,0,0,0,0,-32310,0,0,0,0,0,31341,0
31342,-758,8072,604,66,-13,34,13170,-4,2,3,0,37265,121,27,65,0,0,0,0,0,0,0,0,-32311,0,0,0,0,0,31346,0
31347,-758,8104,612,70,-10,31,13170,-3,-1,2,0,37260,112,27,65,0,0,0,0,0,0,0,0,-32311,0,0,0,0,0,31351,0
31352,-778,8084,612,67,-8,36,13170,-5,-6,3,0,37260,112,27,65,0,0,0,0,0,0,0,0,-32311,0,0,0,0,0,31356,0
31357,-764,8098,638,69,-12,34,13170,-2,3,2,0,37259,113,27,65,0,0,0,0,0,0,0,0,-32311,0,0,0,0,0,31361,0
31362,-752,8084,614,66,-13,31,13170,2,3,2,0,37259,113,27,65,0,0,0,0,0,0,0,0,-32310,0,0,0,0,0,31366,0
31367,-782,8086,624,65,-15,32,13171,-1,1,4,0,37265,120,27,65,0,0,0,0,0,0,0,0,-32311,0,0,0,0,0,31371,0
31372,-722,8096,614,73,-10,32,13171,-2,1,4,0,37265,120,27,65,0,0,0,0,0,0,0,0,-32311,0,0,0,0,0,31376,0
31377,-750,8064,612,65,-14,31,13171,1,0,3,0,37265,130,27,65,0,0,0,0,0,0,0,0,-32311,0,0,0,0,0,31381,0
31382,-746,8064,614,70,-7,27,13171,0,-1,4,0,37265,130,27,65,0,0,0,0,0,0,0,0,-32311,0,0,0,0,0,31386,0
31387,-746,8084,608,70,-11,30,13171,4,0,2,0,37263,125,27,65,0,0,0,0,0,0,0,0,-32311,0,0,0,0,0,31391,0
31392,-760,8100,612,72,-11,33,13171,3,-3,2,0,37263,125,27,65,0,0,0,0,0,0,0,0,-32311,0,0,0,0,0,31396,0
31397,-758,8088,626,67,-11,27,13171,9,-2,3,0,37262,122,27,65,0,0,0,0,0,0,0,0,-32311,0,0,0,0,0,31401,0
31402,-762,8074,636,69,-11,31,13170,2,1,3,0,37262,122,27,65,0,0,0,0,0,0,0,0,-32311,0,0,0,0,0,31406,0
31407,-760,8084,618,69,-5,28,13171,4,3,2,0,37260,121,27,65,0,0,0,0,0,0,0,0,-32311,0,0,0,0,0,31411,0
31412,-776,8074,604,63,-8,32,13170,0,-2,1,0,37260,121,27,65,0,0,0,0,0,0,0,0,-32311,0,0,0,0,0,31416,0
31417,-798,8068,614,69,-7,28,13170,2,1,3,0,37262,119,27,65,0,0,0,0,0,0,0,0,-32311,0,0,0,0,0,31421,0
31422,-772,8082,618,70,-7,36,13171,4,-4,3,0,37262,119,27,65,0,0,0,0,0,0,0,0,-32311,0,0,0,0,0,31426,0
31427,-764,8092,618,72,-7,29,13171,4,3,4,0,37262,121,27,65,0,0,0,0,0,0,0,0,-32311,0,0,0,0,0,31431,0
31432,-740,8068,624,70,-11,30,13171,0,1,4,0,37262,121,27,65,0,0,0,0,0,0,0,0,-32311,0,0,0,0,0,31436,0
31437,-758,8080,612,71,-7,33,13171,6,0,3,0,37262,122,27,65,0,0,0,0,0,0,0,0,-32311,0,0,0,0,0,31441,0
31442,-746,8076,626,69,-10,31,13171,4,-2,2,0,37262,122,27,65,0,0,0,0,0,0,0,0,-32311,0,0,0,0,0,31446,0
31447,-778,8072,608,74,-9,34,13170,-1,1,2,0,37265,126,27,65,0,0,0,0,0,0,0,0,-32311,0,0,0,0,0,31451,0
31452,-750,8084,622,78,-6,29,13171,2,0,3,0,37265,126,27,65,0,0,0,0,0,0,0,0,-32311,0,0,0,0,0,31456,0
31457,-750,8092,602,70,-6,31,13171,3,2,3,0,37264,121,27,65,0,0,0,0,0,0,0,0,-32311,0,0,0,0,0,31461,0
31462,-748,8082,610,69,-9,31,13171,6,4,2,0,37264,121,27,65,0,0,0,0,0,0,0,0,-32311,0,0,0,0,0,31466,0
31467,-772,8120,608,69,-8,25,13170,3,-6,4,0,37262,116,27,65,0,0,0,0,0,0,0,0,-32311,0,0,0,0,0,31471,0
31472,-762,8060,608,71,-7,26,13172,8,4,2,0,37262,116,27,65,0,0,0,0,0,0,0,0,-32311,0,0,0,0,0,31476,0
31477,-772,8084,610,65,-11,28,13171,2,3,2,0,37265,118,27,65,0,0,0,0,0,0,0,0,-32311,0,0,0,0,0,31481,0
31482,-774,8092,608,65,-11,30,13171,0,0,1,0,37265,118,27,65,0,0,0,0,0,0,0,0,-32311,0,0,0,0,0,31486,0
31487,-732,8074,598,67,-10,26,13170,0,1,1,0,37266,125,27,65,0,0,0,0,0,0,0,0,-32311,0,0,0,0,0,31491,0
31492,-736,8086,602,71,-5,28,13170,-4,0,2,0,37266,125,27,65,0,0,0,0,0,0,0,0,-32311,0,0,0,0,0,31496,0
31497,-758,8070,614,72,-15,27,13173,5,5,2,0,37267,126,27,65,0,0,0,0,0,0,0,0,-32310,0,0,0,0,0,31501,0
31502,-738,8118,608,65,-9,27,13170,4,-2,2,0,37267,126,27,65,0,0,0,0,0,0,0,0,-32310,0,0,0,0,0,31506,0
31507,-750,8080,606,69,-2,25,13171,-1,1,3,0,37261,123,27,65,0,0,0,0,0,0,0,0,-32311,0,0,0,0,0,31511,0
31512,-756,8086,624,64,-10,24,13170,-2,-1,2,0,37261,123,27,65,0,0,0,0,0,0,0,0,-32311,0,0,0,0,0,31516,0
31517,-772,8076,620,65,-8,23,13171,2,3,3,0,37262,127,27,65,0,0,0,0,0,0,0,0,-32311,0,0,0,0,0,31521,0
31522,-742,8108,614,66,-14,24,13171,-1,1,2,0,37262,127,27,65,0,0,0,0,0,0,0,0,-32310,0,0,0,0,0,31526,0
31527,-760,8092,638,69,-11,27,13170,3,1,2,0,37259,133,27,65,0,0,0,0,0,0,0,0,-32311,0,0,0,0,0,31531,0
31532,-768,8086,628,67,-12,24,13170,-1,-3,4,0,37259,133,27,65,0,0,0,0,0,0,0,0,-32311,0,0,0,0,0,31536,0
31537,-746,8100,618,68,-10,25,13170,-2,0,1,0,37256,130,27,65,0,0,0,0,0,0,0,0,-32310,0,0,0,0,0,31541,0
31542,-740,8096,600,69,-13,22,13170,-3,-3,1,0,37256,130,27,65,0,0,0,0,0,0,0,0,-32310,0,0,0,0,0,31546,0
31547,-748,8088,620,66,-9,25,13171,5,2,4,0,37253,126,27,65,0,0,0,0,0,0,0,0,-32311,0,0,0,0,0,31551,0
31552,-762,8090,620,68,-11,17,13171,1,0,3,0,37253,126,27,65,0,0,0,0,0,0,0,0,-32311,0,0,0,0,0,31556,0
31557,-786,8092,614,60,-16,21,13171,0,3,2,0,37253,122,27,65,0,0,0,0,0,0,0,0,-32311,0,0,0,0,0,31561,0
31562,-754,8074,626,67,-16,23,13171,-3,-1,1,0,37253,122,27,65,0,0,0,0,0,0,0,0,-32311,0,0,0,0,0,31566,0
31567,-724,8082,626,67,-12,19,13170,-2,-1,2,0,37259,121,27,65,0,0,0,0,0,0,0,0,-32310,0,0,0,0,0,31571,0
31572,-756,8116,630,73,-11,21,13171,-1,1,2,0,37259,121,27,65,0,0,0,0,0,0,0,0,-32311,0,0,0,0,0,31576,0
31577,-742,8100,628,65,-13,21,13171,4,0,2,0,37263,123,27,65,0,0,0,0,0,0,0,0,-32310,0,0,0,0,0,31581,0
31582,-750,8080,632,71,-9,21,13170,-1,-1,2,0,37263,123,27,65,0,0,0,0,0,0,0,0,-32311,0,0,0,0,0,31586,0
31587,-742,8092,622,66,-6,21,13171,1,2,1,0,37266,122,27,65,0,0,0,0,0,0,0,0,-32310,0,0,0,0,0,31591,0
31592,-764,8100,612,63,-8,19,13171,7,0,3,0,37266,122,27,65,0,0,0,0,0,0,0,0,-32311,0,0,0,0,0,31596,0
31597,-732,8098,618,65,-12,17,13171,4,-2,4,0,37265,115,27,65,0,0,0,0,0,0,0,0,-32311,0,0,0,0,0,31601,0
31602,-736,8086,622,70,-8,20,13170,0,-1,3,0,37265,115,27,65,0,0,0,0,0,0,0,0,-32311,0,0,0,0,0,31606,0
31607,-754,8078,590,67,-8,13,13171,2,0,1,0,37262,118,27,65,0,0,0,0,0,0,0,0,-32310,0,0,0,0,0,31611,0
31612,-750,8098,604,66,-9,18,13171,4,-1,2,0,37262,118,27,65,0,0,0,0,0,0,0,0,-32311,0,0,0,0,0,31616,0
31617,-764,8070,604,66,-3,18,13171,2,0,2,0,37261,124,27,65,0,0,0,0,0,0,0,0,-32311,0,0,0,0,0,31621,0
31622,-760,8108,600,65,-9,15,13170,-2,-3,2,0,37261,124,27,65,0,0,0,0,0,0,0,0,-32311,0,0,0,0,0,31626,0
31627,-756,8106,610,67,-8,12,13171,0,0,3,0,37262,134,27,65,0,0,0,0,0,0,0,0,-32311,0,0,0,0,0,31631,0
31632,-786,8080,632,60,-6,15,13170,0,2,4,0,37262,134,27,65,0,0,0,0,0,0,0,0,-32311,0,0,0,0,0,31636,0
31637,-760,8072,606,59,-5,13,13170,-3,0,1,0,37260,133,27,65,0,0,0,0,0,0,0,0,-32311,0,0,0,0,0,31641,0
31642,-750,8080,606,65,-7,10,13170,-5,0,1,0,37260,133,27,65,0,0,0,0,0,0,0,0,-32311,0,0,0,0,0,31646,0
31647,-758,8102,618,62,-7,17,13170,-1,-1,2,0,37258,126,27,65,0,0,0,0,0,0,0,0,-32311,0,0,0,0,0,31651,0
31652,-752,8088,614,67,-7,9,13170,-3,-2,2,0,37258,126,27,65,0,0,0,0,0,0,0,0,-32311,0,0,0,0,0,31656,0
31657,-754,8078,630,59,-12,13,13170,-1,-2,4,0,37259,123,27,65,0,0,0,0,0,0,0,0,-32311,0,0,0,0,0,31661,0
31662,-750,8112,636,61,-7,12,13171,1,1,3,0,37259,123,27,65,0,0,0,0,0,0,0,0,-32311,0,0,0,0,0,31666,0
31667,-754,8096,640,59,-12,10,13170,-2,-3,3,0,37260,125,27,65,0,0,0,0,0,0,0,0,-32311,0,0,0,0,0,31671,0
31672,-774,8074,614,61,-9,11,13171,1,2,1,0,37260,125,27,65,0,0,0,0,0,0,0,0,-32311,0,0,0,0,0,31676,0
31677,-776,8100,626,59,-5,11,13171,0,0,2,0,37261,127,27,65,0,0,0,0,0,0,0,0,-32311,0,0,0,0,0,31681,0
31682,-766,8094,620,61,-8,10,13170,-10,-3,1,0,37261,127,27,65,0,0,0,0,0,0,0,0,-32311,0,0,0,0,0,31686,0
31687,-776,8076,636,64,-9,13,13170,0,-2,0,0,37262,127,27,65,0,0,0,0,0,0,0,0,-32311,0,0,0,0,0,31691,0
31692,-684,8140,668,61,-4,10,13170,-4,-3,3,0,37262,127,27,65,0,0,0,0,0,0,0,0,-32311,0,0,0,0,0,31696,0
31697,-750,8010,662,66,-11,11,13170,-3,-1,2,0,37263,120,27,65,0,0,0,0,0,0,0,0,-32310,0,0,0,0,0,31701,0
31702,-748,8064,654,61,-9,11,13170,-1,-3,2,0,37263,120,27,65,0,0,0,0,0,0,0,0,-32311,0,0,0,0,0,31706,0
31707,-782,8118,642,60,-8,12,13172,5,5,3,0,37265,118,27,65,0,0,0,0,0,0,0,0,-32311,0,0,0,0,0,31711,0
31712,-748,8060,668,63,-2,8,13171,0,3,2,0,37265,118,27,65,0,0,0,0,0,0,0,0,-32311,0,0,0,0,0,31716,0
31717,-768,8074,632,58,-2,13,13171,-5,0,2,0,37261,121,27,65,0,0,0,0,0,0,0,0,-32311,0,0,0,0,0,31721,0
31722,-766,8066,616,65,-2,10,13171,0,-3,1,0,37261,121,27,65,0,0,0,0,0,0,0,0,-32311,0,0,0,0,0,31726,0
31727,-810,8110,622,64,-1,9,13170,-4,-5,1,0,37259,129,27,65,0,0,0,0,0,0,0,0,-32311,0,0,0,0,0,31731,0
31732,-738,8084,620,60,-4,6,13171,5,1,2,0,37259,129,27,65,0,0,0,0,0,0,0,0,-32311,0,0,0,0,0,31736,0
31737,-752,8064,638,64,-4,10,13171,2,0,2,0,37258,130,27,65,0,0,0,0,0,0,0,0,-32311,0,0,0,0,0,31741,0
31742,-754,8096,634,65,1,10,13170,-4,2,3,0,37258,130,27,65,0,0,0,0,0,0,0,0,-32311,0,0,0,0,0,31746,0
31747,-754,8074,642,64,1,7,13171,5,2,4,0,37262,124,27,65,0,0,0,0,0,0,0,0,-32311,0,0,0,0,0,31751,0
31752,-758,8088,632,62,7,9,13171,4,0,3,0,37262,124,27,65,0,0,0,0,0,0,0,0,-32311,0,0,0,0,0,31756,0
31757,-746,8084,644,67,0,6,13169,-7,3,2,0,37262,119,27,65,0,0,0,0,0,0,0,0,-32311,0,0,0,0,0,31761,0
31762,-778,8096,630,71,3,6,13171,-3,-1,3,0,37262,119,27,65,0,0,0,0,0,0,0,0,-32311,0,0,0,0,0,31766,0
31767,-758,8100,632,65,0,10,13170,-2,0,3,0,37261,120,27,65,0,0,0,0,0,0,0,0,-32311,0,0,0,0,0,31771,0
31772,-676,8160,616,71,1,6,13170,-1,4,2,0,37261,120,27,65,0,0,0,0,0,0,0,0,-32311,0,0,0,0,0,31776,0
31777,-722,8010,638,68,4,2,13171,-3,-4,4,0,37260,119,27,65,0,0,0,0,0,0,0,0,-32310,0,0,0,0,0,31781,0
31782,-748,8084,644,61,-5,9,13170,0,2,4,0,37260,119,27,65,0,0,0,0,0,0,0,0,-32310,0,0,0,0,0,31786,0
31787,-780,8098,628,67,3,1,13170,2,3,5,0,37261,115,27,65,0,0,0,0,0,0,0,0,-32310,0,0,0,0,0,31791,0
31792,-786,8068,662,71,0,4,13170,-2,-1,6,0,37261,115,27,65,0,0,0,0,0,0,0,0,-32311,0,0,0,0,0,31796,0
31797,-782,8054,628,64,-5,7,13171,7,2,0,0,37262,115,27,65,0,0,0,0,0,0,0,0,-32311,0,0,0,0,0,31801,0
31802,-794,8064,622,67,0,0,13171,2,2,2,0,37262,115,27,65,0,0,0,0,0,0,0,0,-32310,0,0,0,0,0,31806,0
31807,-808,8082,618,64,0,4,13170,2,0,4,0,37261,118,27,65,0,0,0,0,0,0,0,0,-32311,0,0,0,0,0,31811,0
31812,-792,8082,628,67,-3,4,13171,0,-3,3,0,37261,118,27,65,0,0,0,0,0,0,0,0,-32311,0,0,0,0,0,31816,0
31817,-790,8090,628,66,-5,5,13172,0,-2,3,0,37262,128,27,65,0,0,0,0,0,0,0,0,-32311,0,0,0,0,0,31821,0
31822,-790,8068,632,71,-9,8,13170,-2,-1,3,0,37262,128,27,65,0,0,0,0,0,0,0,0,-32310,0,0,0,0,0,31826,0
31827,-794,8086,648,69,-6,9,13171,0,-3,1,0,37261,136,27,65,0,0,0,0,0,0,0,0,-32311,0,0,0,0,0,31831,0
31832,-872,8092,558,74,-8,1,13170,0,-5,1,0,37261,136,27,65,0,0,0,0,0,0,0,0,-32311,0,0,0,0,0,31836,0
31837,-772,7998,630,70,-7,11,13171,-3,-1,2,0,37262,131,27,65,0,0,0,0,0,0,0,0,-32310,0,0,0,0,0,31841,0
31842,-748,8068,638,72,-8,8,13170,-3,0,2,0,37262,131,27,65,0,0,0,0,0,0,0,0,-32311,0,0,0,0,0,31846,0
31847,-772,8080,632,75,-10,8,13170,2,-2,3,0,37264,133,27,65,0,0,0,0,0,0,0,0,-32311,0,0,0,0,0,31851,0
31852,-778,8080,654,70,-3,3,13170,0,0,2,0,37264,133,27,65,0,0,0,0,0,0,0,0,-32311,0,0,0,0,0,31856,0
31857,-790,8062,668,75,-8,4,13170,-5,-1,3,0,37262,119,27,65,0,0,0,0,0,0,0,0,-32311,0,0,0,0,0,31863,0
31862,-776,8066,650,78,-7,5,13170,-1,2,2,0,37262,119,27,65,0,0,0,0,0,0,0,0,-32310,0,0,0,0,0,31868,0
31867,-800,8068,638,75,-10,10,13170,1,3,1,0,37256,115,27,65,0,0,0,0,0,0,0,0,-32310,0,0,0,0,0,31873,0
31872,-816,8062,656,73,-8,12,13171,-1,-1,1,0,37256,115,27,65,0,0,0,0,0,0,0,0,-32310,0,0,0,0,0,31876,0
31877,-806,8104,652,76,-8,8,13171,0,-2,4,0,37248,109,27,65,0,0,0,0,0,0,0,0,-32311,0,0,0,0,0,31880,0
31882,-776,8094,648,74,-12,7,13170,0,4,4,0,37248,109,27,65,0,0,0,0,0,0,0,0,-32311,0,0,0,0,0,31885,0
31887,-790,8072,648,79,-7,7,13171,2,1,1,0,37237,118,27,65,0,0,0,0,0,0,0,0,-32310,0,0,0,0,0,31890,0
31892,-780,8082,636,73,-8,11,13171,-2,-2,1,0,37237,118,27,65,0,0,0,0,0,0,0,0,-32311,0,0,0,0,0,31895,0
31897,-800,8094,630,81,-5,10,13171,0,1,-1,0,37239,127,27,65,0,0,0,0,0,0,0,0,-32311,0,0,0,0,0,31900,0
31902,-786,8086,642,74,-8,11,13170,-4,-2,2,0,37239,127,27,65,0,0,0,0,0,0,0,0,-32311,0,0,0,0,0,31905,0
31907,-812,8160,644,80,-7,12,13171,0,4,3,0,37238,131,27,65,0,0,0,0,0,0,0,0,-32311,0,0,0,0,0,31910,0
31912,-794,8026,638,77,-12,12,13170,1,-1,3,0,37238,131,27,65,0,0,0,0,0,0,0,0,-32311,0,0,0,0,0,31916,0
31917,-776,8060,646,72,-13,13,13170,0,3,3,0,37245,126,27,65,0,0,0,0,0,0,0,0,-32311,0,0,0,0,0,31920,0
31922,-782,8078,660,81,-3,8,13171,1,0,2,0,37245,126,27,65,0,0,0,0,0,0,0,0,-32311,0,0,0,0,0,31925,0
31927,-806,8046,614,81,-6,12,13170,-5,3,3,0,37244,126,27,65,0,0,0,0,0,0,0,0,-32311,0,0,0,0,0,31930,0
31932,-824,8052,642,74,-7,16,13171,-5,-2,2,0,37244,126,27,65,0,0,0,0,0,0,0,0,-32311,0,0,0,0,0,31935,0
31937,-776,8074,610,81,-10,14,13171,3,-3,2,0,37247,121,27,65,0,0,0,0,0,0,0,0,-32311,0,0,0,0,0,31940,0
31942,-828,8074,622,85,-7,15,13170,0,2,3,0,37247,121,27,65,0,0,0,0,0,0,0,0,-32311,0,0,0,0,0,31945,0
31947,-820,8062,638,77,-11,11,13171,5,0,2,0,37249,123,27,65,0,0,0,0,0,0,0,0,-32310,0,0,0,0,0,31950,0
31952,-828,8086,618,80,-7,14,13170,-2,2,2,0,37249,123,27,65,0,0,0,0,0,0,0,0,-32310,0,0,0,0,0,31955,0
31957,-798,8056,618,84,-8,15,13171,-1,-1,3,0,37252,117,27,65,0,0,0,0,0,0,0,0,-32311,0,0,0,0,0,31960,0
31962,-802,8064,658,79,-14,9,13170,0,-2,3,0,37252,117,27,65,0,0,0,0,0,0,0,0,-32311,0,0,0,0,0,31965,0
31967,-790,8096,618,79,-11,14,13171,4,3,3,0,37254,116,27,65,0,0,0,0,0,0,0,0,-32311,0,0,0,0,0,31970,0
31972,-792,8102,610,74,-9,9,13171,3,-1,3,0,37254,116,27,65,0,0,0,0,0,0,0,0,-32311,0,0,0,0,0,31975,0
31977,-798,8078,606,81,-10,16,13170,-5,3,2,0,37255,123,27,65,0,0,0,0,0,0,0,0,-32310,0,0,0,0,0,31980,0
31982,-810,8102,612,77,-10,12,13171,-3,-1,1,0,37255,123,27,65,0,0,0,0,0,0,0,0,-32311,0,0,0,0,0,31985,0
31987,-786,8054,620,82,-17,15,13171,2,-1,0,0,37254,127,27,65,0,0,0,0,0,0,0,0,-32311,0,0,0,0,0,31990,0
31992,-798,8104,598,82,-12,11,13170,-1,2,2,0,37254,127,27,65,0,0,0,0,0,0,0,0,-32311,0,0,0,0,0,31995,0
31997,-776,8092,594,78,-11,12,13172,2,1,0,0,37259,127,27,65,0,0,0,0,0,0,0,0,-32311,0,0,0,0,0,32000,0
32002,-768,8104,596,82,-13,10,13170,3,-1,2,0,37259,127,27,65,0,0,0,0,0,0,0,0,-32311,0,0,0,0,0,32005,0
32007,-806,8086,588,80,-5,11,13169,-5,5,3,0,37260,133,27,65,0,0,0,0,0,0,0,0,-32310,0,0,0,0,0,32010,0
32012,-878,8092,552,77,-14,7,13170,-5,-1,3,0,37260,133,27,65,0,0,0,0,0,0,0,0,-32311,0,0,0,0,0,32016,0
32017,-786,8012,608,78,-10,13,13170,-4,1,2,0,37260,136,27,65,0,0,0,0,0,0,0,0,-32310,0,0,0,0,0,32020,0
32022,-766,8058,612,79,-15,7,13170,5,4,2,0,37260,136,27,65,0,0,0,0,0,0,0,0,-32311,0,0,0,0,0,32025,0
32027,-804,8056,582,80,-10,12,13171,0,-1,2,0,37258,137,27,65,0,0,0,0,0,0,0,0,-32311,0,0,0,0,0,32030,0
32032,-806,8110,642,78,-11,10,13171,4,2,3,0,37258,137,27,65,0,0,0,0,0,0,0,0,-32311,0,0,0,0,0,32035,0
32037,-776,8058,622,70,-12,7,13170,-2,0,0,0,37254,131,27,65,0,0,0,0,0,0,0,0,-32311,0,0,0,0,0,32040,0
32042,-786,8068,598,74,-8,7,13171,5,-1,2,0,37254,131,27,65,0,0,0,0,0,0,0,0,-32311,0,0,0,0,0,32045,0
32047,-814,8112,584,76,-8,9,13170,0,-2,3,0,37254,124,27,65,0,0,0,0,0,0,0,0,-32311,0,0,0,0,0,32050,0
32052,-808,8074,608,67,-10,5,13171,5,6,2,0,37254,124,27,65,0,0,0,0,0,0,0,0,-32311,0,0,0,0,0,32055,0
32057,-778,8070,586,73,-2,10,13170,3,2,2,0,37256,113,27,65,0,0,0,0,0,0,0,0,-32312,0,0,0,0,0,32060,0
32062,-794,8090,600,67,-2,7,13171,2,-2,3,0,37256,113,27,65,0,0,0,0,0,0,0,0,-32311,0,0,0,0,0,32065,0
32067,-778,8080,624,77,3,11,13170,-6,-5,3,0,37256,116,27,65,0,0,0,0,0,0,0,0,-32310,0,0,0,0,0,32070,0
32072,-800,8100,608,71,-3,7,13169,-9,-1,1,0,37256,116,27,65,0,0,0,0,0,0,0,0,-32311,0,0,0,0,0,32075,0
32077,-790,8106,608,75,-1,8,13171,1,0,3,0,37257,118,27,65,0,0,0,0,0,0,0,0,-32311,0,0,0,0,0,32080,0
32082,-796,8074,614,70,-6,9,13170,-11,-2,2,0,37257,118,27,65,0,0,0,0,0,0,0,0,-32310,0,0,0,0,0,32085,0
32087,-820,8072,608,74,-6,11,13172,1,0,2,0,37258,126,27,65,0,0,0,0,0,0,0,0,-32311,0,0,0,0,0,32090,0
32092,-828,8086,610,73,-1,10,13170,2,1,3,0,37258,126,27,65,0,0,0,0,0,0,0,0,-32310,0,0,0,0,0,32095,0
32097,-814,8104,578,78,-8,12,13171,0,-1,2,0,37258,121,27,65,0,0,0,0,0,0,0,0,-32310,0,0,0,0,0,32100,0
32102,-806,8152,592,71,1,8,13170,-3,-2,4,0,37258,121,27,65,0,0,0,0,0,0,0,0,-32310,0,0,0,0,0,32105,0
32107,-756,8124,654,63,-4,13,13171,1,5,3,0,37265,131,27,65,0,0,0,0,0,0,0,0,-32311,0,0,0,0,0,32110,0
32112,-808,8066,644,68,-7,9,13171,-2,-2,3,0,37265,131,27,65,0,0,0,0,0,0,0,0,-32310,0,0,0,0,0,32115,0
32117,-804,8106,640,69,-5,6,13169,-5,1,3,0,37268,123,27,65,0,0,0,0,0,0,0,0,-32311,0,0,0,0,0,32120,0
32122,-816,8076,616,70,-2,11,13170,-3,3,1,0,37268,123,27,65,0,0,0,0,0,0,0,0,-32311,0,0,0,0,0,32125,0
32127,-810,8052,622,72,-4,9,13170,1,0,2,0,37268,119,27,65,0,0,0,0,0,0,0,0,-32311,0,0,0,0,0,32130,0
32132,-822,8066,620,69,-5,10,13171,1,3,1,0,37268,119,27,65,0,0,0,0,0,0,0,0,-32311,0,0,0,0,0,32135,0
32137,-822,8076,598,66,-4,11,13170,1,4,1,0,37261,111,27,65,0,0,0,0,0,0,0,0,-32310,0,0,0,0,0,32140,0
32142,-810,8072,622,68,-4,11,13171,3,1,2,0,37261,111,27,65,0,0,0,0,0,0,0,0,-32310,0,0,0,0,0,32145,0
32147,-788,8076,602,66,-5,11,13171,2,4,3,0,37259,122,27,65,0,0,0,0,0,0,0,0,-32310,0,0,0,0,0,32150,0
32152,-814,8054,610,65,-2,10,13171,7,1,2,0,37259,122,27,65,0,0,0,0,0,0,0,0,-32311,0,0,0,0,0,32155,0
32157,-810,8060,594,65,-2,8,13170,-4,-1,2,0,37259,127,27,65,0,0,0,0,0,0,0,0,-32311,0,0,0,0,0,32160,0
32162,-816,8100,584,67,-9,10,13171,1,0,2,0,37259,127,27,65,0,0,0,0,0,0,0,0,-32311,0,0,0,0,0,32165,0
32167,-806,8086,624,67,-3,12,13171,-1,0,4,0,37259,125,27,65,0,0,0,0,0,0,0,0,-32310,0,0,0,0,0,32170,0
32172,-766,8112,602,65,-10,7,13170,-1,2,1,0,37259,125,27,65,0,0,0,0,0,0,0,0,-32311,0,0,0,0,0,32175,0
32177,-756,8120,602,61,0,9,13171,0,-2,1,0,37261,127,27,65,0,0,0,0,0,0,0,0,-32310,0,0,0,0,0,32180,0
32182,-806,8148,522,74,-7,8,13171,5,2,2,0,37261,127,27,65,0,0,0,0,0,0,0,0,-32311,0,0,0,0,0,32185,0
32187,-716,8018,610,65,-3,7,13170,-2,2,4,0,37261,128,27,65,0,0,0,0,0,0,0,0,-32311,0,0,0,0,0,32190,0
32192,-826,8032,580,64,0,5,13171,2,1,5,0,37261,128,27,65,0,0,0,0,0,0,0,0,-32311,0,0,0,0,0,32195,0
32197,-788,8090,580,67,-3,-2,13171,7,-1,1,0,37260,125,27,65,0,0,0,0,0,0,0,0,-32311,0,0,0,0,0,32200,0
32202,-776,8076,612,64,0,-2,13171,0,4,4,0,37260,125,27,65,0,0,0,0,0,0,0,0,-32311,0,0,0,0,0,32205,0
32207,-782,8064,614,65,-9,2,13171,0,-6,2,0,37262,116,27,65,0,0,0,0,0,0,0,0,-32310,0,0,0,0,0,32210,0
32212,-806,8110,590,58,-1,-1,13171,1,-4,0,0,37262,116,27,65,0,0,0,0,0,0,0,0,-32311,0,0,0,0,0,32215,0
32217,-802,8108,592,62,3,1,13171,-2,0,3,0,37263,119,27,65,0,0,0,0,0,0,0,0,-32311,0,0,0,0,0,32220,0
32222,-786,8084,596,59,3,-1,13171,0,-5,2,0,37263,119,27,65,0,0,0,0,0,0,0,0,-32311,0,0,0,0,0,32225,0
32227,-886,8072,508,66,2,-5,13171,-7,-3,2,0,37264,116,27,65,0,0,0,0,0,0,0,0,-32311,0,0,0,0,0,32230,0
32232,-750,8086,614,54,0,-2,13171,5,2,3,0,37264,116,27,65,0,0,0,0,0,0,0,0,-32310,0,0,0,0,0,32235,0
32237,-768,8056,596,61,3,-3,13171,0,1,2,0,37263,123,27,65,0,0,0,0,0,0,0,0,-32310,0,0,0,0,0,32240,0
32242,-804,8070,604,60,3,-6,13170,-3,-2,2,0,37263,123,27,65,0,0,0,0,0,0,0,0,-32311,0,0,0,0,0,32245,0
32247,-784,8088,618,52,5,-3,13170,-6,0,2,0,37260,122,27,65,0,0,0,0,0,0,0,0,-32311,0,0,0,0,0,32250,0
32252,-796,8066,596,53,6,-3,13169,-5,2,2,0,37260,122,27,65,0,0,0,0,0,0,0,0,-32311,0,0,0,0,0,32255,0
32257,-784,8096,590,59,3,-10,13171,1,0,2,0,37261,128,27,65,0,0,0,0,0,0,0,0,-32311,0,0,0,0,0,32260,0
32262,-812,8160,570,52,4,-5,13170,2,6,4,0,37261,128,27,65,0,0,0,0,0,0,0,0,-32310,0,0,0,0,0,32265,0
32267,-730,8158,646,52,3,-5,13171,0,4,5,0,37262,124,27,65,0,0,0,0,0,0,0,0,-32311,0,0,0,0,0,32270,0
32272,-802,8084,592,44,2,-6,13170,0,0,3,0,37262,124,27,65,0,0,0,0,0,0,0,0,-32310,0,0,0,0,0,32275,0
32277,-814,8106,584,45,4,-8,13171,2,-1,3,0,37263,114,27,65,0,0,0,0,0,0,0,0,-32311,0,0,0,0,0,32280,0
32282,-812,8110,572,49,6,-10,13171,4,1,3,0,37263,114,27,65,0,0,0,0,0,0,0,0,-32311,0,0,0,0,0,32285,0
32287,-800,8100,584,45,0,-11,13172,7,0,3,0,37261,114,27,65,0,0,0,0,0,0,0,0,-32311,0,0,0,0,0,32290,0
32292,-858,8090,506,42,5,-16,13170,-2,1,4,0,37261,114,27,65,0,0,0,0,0,0,0,0,-32311,0,0,0,0,0,32295,0
32297,-802,8010,586,45,9,-12,13170,-10,-6,2,0,37258,122,27,65,0,0,0,0,0,0,0,0,-32311,0,0,0,0,0,32300,0
32302,-750,8096,578,37,4,-13,13171,-3,-5,3,0,37258,122,27,65,0,0,0,0,0,0,0,0,-32311,0,0,0,0,0,32305,0
32307,-826,8086,546,40,5,-12,13171,4,0,4,0,37256,127,27,65,0,0,0,0,0,0,0,0,-32311,0,0,0,0,0,32310,0
32312,-830,8166,590,42,-1,-17,13171,5,2,3,0,37256,127,27,65,0,0,0,0,0,0,0,0,-32311,0,0,0,0,0,32315,0
32317,-764,8120,646,33,5,-12,13171,0,-1,4,0,37257,138,27,65,0,0,0,0,0,0,0,0,-32310,0,0,0,0,0,32320,0
32322,-796,8054,610,35,2,-16,13171,-3,0,3,0,37257,138,27,65,0,0,0,0,0,0,0,0,-32311,0,0,0,0,0,32325,0
32327,-824,8062,594,34,3,-17,13170,-2,1,3,0,37261,144,27,65,0,0,0,0,0,0,0,0,-32311,0,0,0,0,0,32330,0
32332,-826,8166,610,36,3,-10,13170,-1,-2,3,0,37261,144,27,65,0,0,0,0,0,0,0,0,-32311,0,0,0,0,0,32335,0
32337,-788,8118,572,31,-3,-14,13171,7,-2,1,0,37265,141,27,65,0,0,0,0,0,0,0,0,-32311,0,0,0,0,0,32340,0
32342,-774,8042,618,31,7,-17,13170,-6,-1,2,0,37265,141,27,65,0,0,0,0,0,0,0,0,-32310,0,0,0,0,0,32345,0
32347,-774,8120,628,35,1,-13,13171,1,5,3,0,37265,140,27,65,0,0,0,0,0,0,0,0,-32311,0,0,0,0,0,32350,0
32352,-854,8186,596,36,7,-14,13169,-4,-3,2,0,37265,140,27,65,0,0,0,0,0,0,0,0,-32311,0,0,0,0,0,32355,0
32357,-778,8146,598,25,13,-17,13170,0,3,2,0,37261,125,27,65,0,0,0,0,0,0,0,0,-32311,0,0,0,0,0,32360,0
32362,-846,7980,618,31,5,-15,13171,0,-4,2,0,37261,125,27,65,0,0,0,0,0,0,0,0,-32311,0,0,0,0,0,32365,0
32367,-848,8086,598,24,3,-15,13171,-1,3,2,0,37261,126,27,65,0,0,0,0,0,0,0,0,-32310,0,0,0,0,0,32370,0
32372,-944,8064,532,29,6,-15,13170,0,2,2,0,37261,126,27,65,0,0,0,0,0,0,0,0,-32311,0,0,0,0,0,32375,0
32377,-864,8012,628,22,12,-8,13170,-2,-5,2,0,37264,123,27,65,0,0,0,0,0,0,0,0,-32310,0,0,0,0,0,32380,0
32382,-862,8068,638,20,15,-8,13171,1,-2,2,0,37264,123,27,65,0,0,0,0,0,0,0,0,-32311,0,0,0,0,0,32385,0
32387,-886,8068,600,24,7,-7,13170,-1,1,2,0,37266,121,27,65,0,0,0,0,0,0,0,0,-32311,0,0,0,0,0,32390,0
32392,-914,8100,692,18,14,-3,13171,0,-2,3,0,37266,121,27,65,0,0,0,0,0,0,0,0,-32311,0,0,0,0,0,32395,0
32397,-884,8024,672,18,11,-5,13171,2,2,3,0,37264,118,27,65,0,0,0,0,0,0,0,0,-32311,0,0,0,0,0,32400,0
32402,-878,8018,622,21,16,-2,13171,4,-1,3,0,37264,118,27,65,0,0,0,0,0,0,0,0,-32311,0,0,0,0,0,32405,0
32407,-880,8066,656,18,16,-4,13171,3,-1,3,0,37263,117,27,65,0,0,0,0,0,0,0,0,-32310,0,0,0,0,0,32410,0
32412,-882,8090,634,24,14,2,13171,0,-1,1,0,37263,117,27,65,0,0,0,0,0,0,0,0,-32311,0,0,0,0,0,32415,0
32417,-868,8006,664,17,18,3,13170,-5,1,4,0,37263,115,27,65,0,0,0,0,0,0,0,0,-32311,0,0,0,0,0,32420,0
32422,-826,8062,686,24,15,-5,13171,0,-4,3,0,37263,115,27,65,0,0,0,0,0,0,0,0,-32310,0,0,0,0,0,32425,0
32427,-854,8044,676,16,17,2,13171,2,-1,3,0,37265,123,27,65,0,0,0,0,0,0,0,0,-32310,0,0,0,0,0,32430,0
32432,-838,8070,766,23,24,3,13170,1,-1,3,0,37265,123,27,65,0,0,0,0,0,0,0,0,-32310,0,0,0,0,0,32435,0
32437,-804,8060,740,19,33,5,13172,3,0,3,0,37264,123,27,65,0,0,0,0,0,0,0,0,-32310,0,0,0,0,0,32440,0
32442,-776,8154,792,18,28,2,13171,1,2,2,0,37264,123,27,65,0,0,0,0,0,0,0,0,-32310,0,0,0,0,0,32445,0
32447,-670,8148,748,18,35,9,13170,3,3,3,0,37264,127,27,65,0,0,0,0,0,0,0,0,-32310,0,0,0,0,0,32450,0
32452,-750,8102,796,10,49,4,13172,5,0,2,0,37264,127,27,65,0,0,0,0,0,0,0,0,-32311,0,0,0,0,0,32455,0
32457,-742,8132,746,14,61,-3,13170,0,-3,2,0,37261,119,27,65,0,0,0,0,0,0,0,0,-32311,0,0,0,0,0,32460,0
32462,-688,8008,822,15,79,2,13170,0,2,3,0,37261,119,27,65,0,0,0,0,0,0,0,0,-32311,0,0,0,0,0,32465,0
32467,-798,8034,720,15,88,4,13171,3,4,4,0,37262,114,27,65,0,0,0,0,0,0,0,0,-32311,0,0,0,0,0,32470,0
32472,-756,8056,802,15,105,-6,13171,9,1,3,0,37262,114,27,65,0,0,0,0,0,0,0,0,-32311,0,0,0,0,0,32475,0
32477,-792,8070,740,12,107,-3,13170,-2,-2,3,0,37264,118,27,65,0,0,0,0,0,0,0,0,-32310,0,0,0,0,0,32480,0
32482,-760,8086,738,18,119,-1,13172,7,4,2,0,37264,118,27,65,0,0,0,0,0,0,0,0,-32311,0,0,0,0,0,32485,0
32487,-762,8130,732,17,122,-1,13170,-3,0,0,0,37264,122,27,65,0,0,0,0,0,0,0,0,-32310,0,0,0,0,0,32490,0
32492,-730,8062,750,12,139,-2,13171,-1,-2,3,0,37264,122,27,65,0,0,0,0,0,0,0,0,-32310,0,0,0,0,0,32495,0
32497,-702,8098,744,9,144,-4,13171,2,-1,2,0,37261,123,27,65,0,0,0,0,0,0,0,0,-32311,0,0,0,0,0,32500,0
32502,-776,8092,722,13,147,-8,13171,0,-1,3,0,37261,123,27,65,0,0,0,0,0,0,0,0,-32310,0,0,0,0,0,32505,0
32507,-774,8166,724,13,160,-5,13171,-2,0,2,0,37259,117,27,65,0,0,0,0,0,0,0,0,-32310,0,0,0,0,0,32510,0
32512,-774,8034,768,7,173,-5,13171,4,0,1,0,37259,117,27,65,0,0,0,0,0,0,0,0,-32311,0,0,0,0,0,32515,0
32517,-802,8050,788,6,184,1,13171,-5,0,1,0,37268,122,27,65,0,0,0,0,0,0,0,0,-32310,0,0,0,0,0,32520,0
32522,-852,8082,712,10,192,-4,13170,-4,-1,2,0,37268,122,27,65,0,0,0,0,0,0,0,0,-32311,0,0,0,0,0,32525,0
32527,-846,8098,770,4,203,-3,13171,-1,0,3,0,37282,126,27,65,0,0,0,0,0,0,0,0,-32310,0,0,0,0,0,32530,0
32532,-806,8016,774,-1,212,1,13170,1,-4,2,0,37282,126,27,65,0,0,0,0,0,0,0,0,-32310,0,0,0,0,0,32535,0
32537,-904,8038,690,4,224,0,13170,3,-1,1,0,37281,126,27,65,0,0,0,0,0,0,0,0,-32310,0,0,0,0,0,32540,0
32542,-840,8084,734,2,236,7,13171,0,1,0,0,37281,126,27,65,0,0,0,0,0,0,0,0,-32311,0,0,0,0,0,32545,0
32547,-836,8030,794,-1,238,7,13171,2,6,2,0,37274,127,27,65,0,0,0,0,0,0,0,0,-32311,0,0,0,0,0,32550,0
32552,-838,8064,722,2,253,7,13171,5,0,3,0,37274,127,27,65,0,0,0,0,0,0,0,0,-32311,0,0,0,0,0,32555,0
32557,-916,8044,664,-1,259,6,13171,6,0,4,0,37264,131,27,65,0,0,0,0,0,0,0,0,-32311,0,0,0,0,0,32560,0
32562,-838,8024,734,0,265,11,13170,1,1,3,0,37264,131,27,65,0,0,0,0,0,0,0,0,-32310,0,0,0,0,0,32565,0
32567,-800,8098,786,-13,269,16,13171,0,1,3,0,37262,131,27,65,0,0,0,0,0,0,0,0,-32311,0,0,0,0,0,32570,0
32572,-812,8110,754,-4,280,14,13171,7,0,2,0,37262,131,27,65,0,0,0,0,0,0,0,0,-32310,0,0,0,0,0,32575,0
32577,-714,8110,668,0,289,16,13171,1,1,3,0,37262,124,27,65,0,0,0,0,0,0,0,0,-32310,0,0,0,0,0,32580,0
32582,-794,8024,794,-10,299,14,13171,5,-1,3,0,37262,124,27,65,0,0,0,0,0,0,0,0,-32310,0,0,0,0,0,32585,0
32587,-768,8022,730,-12,301,15,13171,1,-1,2,0,37260,120,27,65,0,0,0,0,0,0,0,0,-32310,0,0,0,0,0,32590,0
32592,-780,8058,610,-7,318,15,13170,0,-3,3,0,37260,120,27,65,0,0,0,0,0,0,0,0,-32311,0,0,0,0,0,32595,0
32597,-804,8006,720,-10,322,17,13169,-8,-1,2,0,37261,127,27,65,0,0,0,0,0,0,0,0,-32310,0,0,0,0,0,32600,0
32602,-790,8072,804,-19,331,18,13170,-2,-1,2,0,37261,127,27,65,0,0,0,0,0,0,0,0,-32311,0,0,0,0,0,32605,0
32607,-810,8150,764,-18,335,20,13171,2,0,3,0,37260,134,27,65,0,0,0,0,0,0,0,0,-32311,0,0,0,0,0,32610,0
32612,-764,8018,722,-12,347,16,13171,4,-2,2,0,37260,134,27,65,0,0,0,0,0,0,0,0,-32310,0,0,0,0,0,32615,0
32617,-768,8084,746,-19,355,20,13171,1,0,2,0,37261,139,27,65,0,0,0,0,0,0,0,0,-32311,0,0,0,0,0,32620,0
32622,-772,8118,772,-23,364,20,13171,0,2,2,0,37261,139,27,65,0,0,0,0,0,0,0,0,-32311,0,0,0,0,0,32625,0
32627,-866,8016,634,-14,372,12,13171,-1,1,0,0,37267,143,27,65,0,0,0,0,0,0,0,0,-32310,0,0,0,0,0,32630,0
32632,-724,8070,786,-18,389,19,13171,0,0,2,0,37267,143,27,65,0,0,0,0,0,0,0,0,-32311,0,0,0,0,0,32635,0
32637,-782,8154,752,-32,388,16,13170,-1,-1,1,0,37269,140,27,65,0,0,0,0,0,0,0,0,-32311,0,0,0,0,0,32640,0
32642,-814,8058,644,-21,401,14,13171,0,4,2,0,37269,140,27,65,0,0,0,0,0,0,0,0,-32311,0,0,0,0,0,32645,0
32647,-730,8038,762,-34,406,17,13170,2,-1,3,0,37267,137,27,65,0,0,0,0,0,0,0,0,-32311,0,0,0,0,0,32650,0
32652,-802,8120,702,-35,428,13,13170,-3,2,2,0,37267,137,27,65,0,0,0,0,0,0,0,0,-32311,0,0,0,0,0,32655,0
32657,-806,8086,750,-40,440,20,13171,3,1,3,0,37264,136,27,65,0,0,0,0,0,0,0,0,-32311,0,0,0,0,0,32660,0
32662,-826,8084,822,-41,447,14,13170,0,-2,3,0,37264,136,27,65,0,0,0,0,0,0,0,0,-32311,0,0,0,0,0,32665,0
32667,-812,8144,802,-42,457,15,13172,2,3,3,0,37260,124,27,65,0,0,0,0,0,0,0,0,-32310,0,0,0,0,0,32670,0
32672,-798,8054,804,-51,483,20,13170,0,-1,2,0,37260,124,27,65,0,0,0,0,0,0,0,0,-32310,0,0,0,0,0,32675,0
32677,-764,8070,806,-57,496,21,13170,1,-2,1,0,37260,125,27,65,0,0,0,0,0,0,0,0,-32311,0,0,0,0,0,32680,0
32682,-830,8008,674,-47,506,21,13170,-2,0,1,0,37260,125,27,65,0,0,0,0,0,0,0,0,-32311,0,0,0,0,0,32685,0
32687,-740,8040,790,-52,525,25,13171,4,-1,0,0,37260,122,27,65,0,0,0,0,0,0,0,0,-32310,0,0,0,0,0,32690,0
32692,-810,8062,788,-61,555,24,13170,0,-1,3,0,37260,122,27,65,0,0,0,0,0,0,0,0,-32311,0,0,0,0,0,32695,0
32697,-802,8132,888,-72,574,23,13171,2,1,2,0,37259,122,27,65,0,0,0,0,0,0,0,0,-32311,0,0,0,0,0,32700,0
32702,-778,8122,962,-71,589,27,13171,0,2,4,0,37259,122,27,65,0,0,0,0,0,0,0,0,-32311,0,0,0,0,0,32705,0
32707,-784,8114,884,-70,609,29,13170,0,-1,3,0,37259,121,27,65,0,0,0,0,0,0,0,0,-32311,0,0,0,0,0,32710,0
32712,-690,8054,870,-72,648,35,13172,2,1,1,0,37259,121,27,65,0,0,0,0,0,0,0,0,-32311,0,0,0,0,0,32715,0
32717,-674,8064,910,-86,662,36,13171,0,5,2,0,37260,118,27,65,0,0,0,0,0,0,0,0,-32311,0,0,0,0,0,32720,0
32722,-816,8046,806,-84,685,32,13171,3,-1,2,0,37260,118,27,65,0,0,0,0,0,0,0,0,-32310,0,0,0,0,0,32726,0
32727,-724,8014,876,-88,702,40,13170,-6,-1,2,0,37261,120,27,65,0,0,0,0,0,0,0,0,-32310,0,0,0,0,0,32730,0
32732,-834,8010,846,-89,738,41,13170,-1,-2,0,0,37261,120,27,65,0,0,0,0,0,0,0,0,-32310,0,0,0,0,0,32735,0
32737,-740,7982,886,-97,761,47,13171,-3,-2,1,0,37262,123,27,65,0,0,0,0,0,0,0,0,-32310,0,0,0,0,0,32740,0
32742,-762,8132,958,-106,774,52,13170,-1,1,2,0,37262,123,27,65,0,0,0,0,0,0,0,0,-32311,0,0,0,0,0,32745,0
32747,-832,7986,756,-96,794,41,13171,0,0,2,0,37258,130,27,65,0,0,0,0,0,0,0,0,-32311,0,0,0,0,0,32750,0
32752,-754,8088,932,-108,828,56,13170,-1,2,2,0,37258,130,27,65,0,0,0,0,0,0,0,0,-32310,0,0,0,0,0,32755,0
32757,-882,7976,800,-105,842,54,13171,-1,4,3,0,37256,127,27,65,0,0,0,0,0,0,0,0,-32311,0,0,0,0,0,32760,0
32762,-830,7998,860,-113,854,58,13171,3,2,4,0,37256,127,27,65,0,0,0,0,0,0,0,0,-32311,0,0,0,0,0,32765,0
32767,-772,8068,974,-112,871,60,13171,0,0,3,0,37255,127,27,65,0,0,0,0,0,0,0,0,-32310,0,0,0,0,0,32770,0
32772,-862,8096,900,-119,898,65,13171,3,-3,2,0,37255,127,27,65,0,0,0,0,0,0,0,0,-32311,0,0,0,0,0,32775,0
32777,-848,8044,950,-123,908,62,13170,0,-1,3,0,37262,125,27,65,0,0,0,0,0,0,0,0,-32311,0,0,0,0,0,32780,0
32782,-834,8080,892,-117,919,70,13171,0,0,3,0,37262,125,27,65,0,0,0,0,0,0,0,0,-32311,0,0,0,0,0,32785,0
32787,-868,8018,710,-113,938,67,13170,-2,-4,2,0,37262,125,27,65,0,0,0,0,0,0,0,0,-32310,0,0,0,0,0,32790,0
32792,-800,8042,956,-130,958,72,13170,1,-1,3,0,37262,125,27,65,0,0,0,0,0,0,0,0,-32311,0,0,0,0,0,32795,0
32797,-862,8086,844,-115,963,67,13170,-1,0,1,0,37260,124,27,65,0,0,0,0,0,0,0,0,-32311,0,0,0,0,0,32800,0
32802,-848,8108,894,-120,972,73,13171,0,1,3,0,37260,124,27,65,0,0,0,0,0,0,0,0,-32311,0,0,0,0,0,32805,0
32807,-882,8034,958,-123,978,71,13171,4,-2,3,0,37259,125,27,65,0,0,0,0,0,0,0,0,-32311,0,0,0,0,0,32810,0
32812,-810,7980,694,-114,993,77,13171,5,5,2,0,37259,125,27,65,0,0,0,0,0,0,0,0,-32310,0,0,0,0,0,32815,0
32817,-908,7982,852,-111,996,73,13171,-3,-1,3,0,37262,131,27,65,0,0,0,0,0,0,0,0,-32310,0,0,0,0,0,32820,0
32822,-924,8014,860,-121,1001,75,13170,2,0,3,0,37262,131,27,65,0,0,0,0,0,0,0,0,-32311,0,0,0,0,0,32825,0
32827,-942,8046,820,-117,1005,76,13170,2,-2,3,0,37262,135,27,65,0,0,0,0,0,0,0,0,-32311,0,0,0,0,0,32830,0
32832,-954,8022,908,-110,1008,77,13172,6,-5,2,0,37262,135,27,65,0,0,0,0,0,0,0,0,-32310,0,0,0,0,0,32835,0
32837,-960,8020,796,-112,1002,74,13171,1,-1,1,0,37260,128,27,65,0,0,0,0,0,0,0,0,-32311,0,0,0,0,0,32840,0
32842,-1006,7994,658,-108,1001,75,13171,2,1,1,0,37260,128,27,65,0,0,0,0,0,0,0,0,-32311,0,0,0,0,0,32845,0
32847,-918,7976,772,-107,997,77,13171,2,-2,3,0,37263,124,27,65,0,0,0,0,0,0,0,0,-32311,0,0,0,0,0,32850,0
32852,-934,8122,846,-104,997,77,13170,-4,-5,3,0,37263,124,27,65,0,0,0,0,0,0,0,0,-32311,0,0,0,0,0,32855,0
32857,-926,7970,634,-92,990,74,13170,-3,-4,3,0,37264,123,27,65,0,0,0,0,0,0,0,0,-32311,0,0,0,0,0,32860,0
32862,-962,7964,734,-100,980,75,13171,3,-3,2,0,37264,123,27,65,0,0,0,0,0,0,0,0,-32311,0,0,0,0,0,32865,0
32867,-936,7980,774,-98,977,74,13170,2,4,2,0,37264,117,27,65,0,0,0,0,0,0,0,0,-32311,0,0,0,0,0,32870,0
32872,-968,8112,800,-92,965,74,13170,-2,2,3,0,37264,117,27,65,0,0,0,0,0,0,0,0,-32311,0,0,0,0,0,32875,0
32877,-938,8004,594,-77,954,74,13171,-1,1,2,0,37259,116,27,65,0,0,0,0,0,0,0,0,-32310,0,0,0,0,0,32880,0
32882,-922,7998,714,-75,945,77,13171,4,4,3,0,37259,116,27,65,0,0,0,0,0,0,0,0,-32310,0,0,0,0,0,32885,0
32887,-978,7974,764,-81,929,76,13172,8,0,3,0,37261,120,27,65,0,0,0,0,0,0,0,0,-32311,0,0,0,0,0,32890,0
32892,-994,8014,724,-70,917,67,13171,5,1,1,0,37261,120,27,65,0,0,0,0,0,0,0,0,-32311,0,0,0,0,0,32895,0
32897,-1050,8010,674,-61,896,71,13171,4,-1,2,0,37264,117,27,65,0,0,0,0,0,0,0,0,-32311,0,0,0,0,0,32900,0
32902,-1028,8082,730,-61,881,72,13172,11,-2,3,0,37264,117,27,65,0,0,0,0,0,0,0,0,-32311,0,0,0,0,0,32905,0
32907,-1096,8014,746,-53,872,67,13170,-3,-2,2,0,37264,112,27,65,0,0,0,0,0,0,0,0,-32311,0,0,0,0,0,32910,0
32912,-1066,8022,690,-47,838,67,13171,1,-1,2,0,37264,112,27,65,0,0,0,0,0,0,0,0,-32311,0,0,0,0,0,32915,0
32917,-1068,8102,690,-40,820,65,13170,-3,-5,3,0,37260,109,27,65,0,0,0,0,0,0,0,0,-32311,0,0,0,0,0,32920,0
32922,-1084,7970,512,-32,794,58,13170,0,3,2,0,37260,109,27,65,0,0,0,0,0,0,0,0,-32311,0,0,0,0,0,32925,0
32927,-1022,7944,594,-29,777,62,13171,0,-4,4,0,37259,113,27,65,0,0,0,0,0,0,0,0,-32311,0,0,0,0,0,32930,0
32932,-1126,8026,612,-25,737,60,13170,0,1,4,0,37259,113,27,65,0,0,0,0,0,0,0,0,-32311,0,0,0,0,0,32935,0
32937,-1164,7986,576,-23,718,58,13170,-3,4,1,0,37259,117,27,65,0,0,0,0,0,0,0,0,-32310,0,0,0,0,0,32940,0
32942,-1156,8038,578,-14,695,57,13171,0,2,1,0,37259,117,27,65,0,0,0,0,0,0,0,0,-32311,0,0,0,0,0,32945,0
32947,-1154,8068,592,-11,669,58,13171,1,-1,2,0,37261,117,27,65,0,0,0,0,0,0,0,0,-32311,0,0,0,0,0,32950,0
32952,-1054,8106,518,3,625,52,13169,-1,3,3,0,37261,117,27,65,0,0,0,0,0,0,0,0,-32311,0,0,0,0,0,32955,0
32957,-1194,7970,520,4,605,49,13170,-6,2,3,0,37263,125,27,65,0,0,0,0,0,0,0,0,-32311,0,0,0,0,0,32960,0
32962,-1206,8024,548,8,571,55,13171,0,3,3,0,37263,125,27,65,0,0,0,0,0,0,0,0,-32311,0,0,0,0,0,32965,0
32967,-1192,8010,544,18,549,47,13171,4,1,3,0,37263,135,27,65,0,0,0,0,0,0,0,0,-32310,0,0,0,0,0,32970,0
32972,-1136,8070,576,20,495,50,13170,-1,2,3,0,37263,135,27,65,0,0,0,0,0,0,0,0,-32310,0,0,0,0,0,32975,0
32977,-1178,8042,532,25,475,44,13171,3,0,4,0,37261,142,27,65,0,0,0,0,0,0,0,0,-32311,0,0,0,0,0,32980,0
32982,-1186,8018,514,32,446,48,13170,0,2,4,0,37261,142,27,65,0,0,0,0,0,0,0,0,-32311,0,0,0,0,0,32985,0
32987,-1168,8016,498,33,419,43,13170,-3,2,4,0,37258,135,27,65,0,0,0,0,0,0,0,0,-32311,0,0,0,0,0,32990,0
32992,-1228,8052,520,35,366,38,13171,-2,-3,3,0,37258,135,27,65,0,0,0,0,0,0,0,0,-32311,0,0,0,0,0,32995,0
32997,-1238,8022,496,46,338,42,13169,-5,4,2,0,37257,132,27,65,0,0,0,0,0,0,0,0,-32310,0,0,0,0,0,33000,0
33002,-1240,8024,402,53,307,35,13171,5,1,2,0,37257,132,27,65,0,0,0,0,0,0,0,0,-32311,0,0,0,0,0,33005,0
33007,-1234,8078,518,59,280,41,13171,-3,-2,4,0,37256,124,27,65,0,0,0,0,0,0,0,0,-32310,0,0,0,0,0,33010,0
33012,-1220,8016,500,64,215,32,13169,0,4,3,0,37256,124,27,65,0,0,0,0,0,0,0,0,-32311,0,0,0,0,0,33015,0
33017,-1272,7996,478,75,190,34,13170,-1,2,3,0,37254,121,27,65,0,0,0,0,0,0,0,0,-32311,0,0,0,0,0,33020,0
33022,-1276,7998,536,80,157,34,13169,-5,0,2,0,37254,121,27,65,0,0,0,0,0,0,0,0,-32311,0,0,0,0,0,33025,0
33027,-1238,8008,514,81,128,31,13170,-1,2,3,0,37254,123,27,65,0,0,0,0,0,0,0,0,-32311,0,0,0,0,0,33030,0
33032,-1292,7998,496,96,72,31,13171,1,2,4,0,37254,123,27,65,0,0,0,0,0,0,0,0,-32311,0,0,0,0,0,33035,0
33037,-1270,7990,518,97,45,29,13170,-3,5,3,0,37255,126,27,65,0,0,0,0,0,0,0,0,-32310,0,0,0,0,0,33040,0
33042,-1258,8002,518,105,15,29,13170,-3,0,2,0,37255,126,27,65,0,0,0,0,0,0,0,0,-32311,0,0,0,0,0,33045,0
33047,-1246,8014,538,106,-5,29,13170,4,-1,2,0,37257,129,27,65,0,0,0,0,0,0,0,0,-32310,0,0,0,0,0,33050,0
33052,-1160,8068,662,109,-46,35,13172,9,2,2,0,37257,129,27,65,0,0,0,0,0,0,0,0,-32310,0,0,0,0,0,33055,0
33057,-1122,8060,702,106,-66,26,13170,-2,0,3,0,37262,122,27,65,0,0,0,0,0,0,0,0,-32311,0,0,0,0,0,33060,0
33062,-1054,8026,740,112,-70,31,13169,0,7,3,0,37262,122,27,65,0,0,0,0,0,0,0,0,-32311,0,0,0,0,0,33065,0
33067,-998,8034,800,112,-71,34,13171,-3,-5,3,0,37267,118,27,65,0,0,0,0,0,0,0,0,-32311,0,0,0,0,0,33070,0
33072,-968,8028,794,108,-73,41,13170,-5,0,2,0,37267,118,27,65,0,0,0,0,0,0,0,0,-32311,0,0,0,0,0,33075,0
33077,-956,8036,784,108,-68,37,13169,-7,2,3,0,37269,114,27,65,0,0,0,0,0,0,0,0,-32310,0,0,0,0,0,33080,0
33082,-980,8040,776,110,-72,35,13170,-2,-3,2,0,37269,114,27,65,0,0,0,0,0,0,0,0,-32311,0,0,0,0,0,33085,0
33087,-954,8052,756,111,-63,37,13171,1,2,1,0,37267,118,27,65,0,0,0,0,0,0,0,0,-32310,0,0,0,0,0,33090,0
33092,-930,8078,790,110,-58,44,13170,6,7,2,0,37267,118,27,65,0,0,0,0,0,0,0,0,-32311,0,0,0,0,0,33095,0
33097,-970,8026,782,112,-53,42,13171,4,1,3,0,37258,124,27,65,0,0,0,0,0,0,0,0,-32310,0,0,0,0,0,33100,0
33102,-964,8018,794,112,-53,42,13169,-2,-2,4,0,37258,124,27,65,0,0,0,0,0,0,0,0,-32311,0,0,0,0,0,33105,0
33107,-950,8018,786,106,-43,42,13171,0,0,4,0,37256,125,27,65,0,0,0,0,0,0,0,0,-32310,0,0,0,0,0,33110,0
33112,-928,8060,820,113,-40,45,13170,-1,-2,3,0,37256,125,27,65,0,0,0,0,0,0,0,0,-32310,0,0,0,0,0,33115,0
33117,-922,8046,792,107,-26,40,13170,-3,0,3,0,37256,118,27,65,0,0,0,0,0,0,0,0,-32311,0,0,0,0,0,33120,0
33122,-944,8038,794,110,-31,48,13170,-3,0,3,0,37256,118,27,65,0,0,0,0,0,0,0,0,-32310,0,0,0,0,0,33125,0
33127,-956,8062,794,104,-18,49,13170,-4,1,4,0,37258,124,27,65,0,0,0,0,0,0,0,0,-32310,0,0,0,0,0,33130,0
33132,-936,8068,830,110,-4,42,13171,4,1,2,0,37258,124,27,65,0,0,0,0,0,0,0,0,-32310,0,0,0,0,0,33135,0
33137,-926,8070,806,112,-2,49,13171,0,-1,2,0,37259,130,27,65,0,0,0,0,0,0,0,0,-32311,0,0,0,0,0,33140,0
33142,-922,8028,806,110,9,51,13170,0,-1,1,0,37259,130,27,65,0,0,0,0,0,0,0,0,-32310,0,0,0,0,0,33145,0
33147,-934,8062,794,111,6,48,13170,0,-1,3,0,37262,130,27,65,0,0,0,0,0,0,0,0,-32311,0,0,0,0,0,33150,0
33152,-934,8074,780,109,10,50,13171,7,2,3,0,37262,130,27,65,0,0,0,0,0,0,0,0,-32311,0,0,0,0,0,33155,0
33157,-942,8064,788,115,13,48,13170,1,-1,3,0,37265,126,27,65,0,0,0,0,0,0,0,0,-32310,0,0,0,0,0,33160,0
33162,-962,8054,760,115,16,44,13169,-8,-1,1,0,37265,126,27,65,0,0,0,0,0,0,0,0,-32311,0,0,0,0,0,33165,0
33167,-962,8034,776,113,8,46,13171,0,-5,1,0,37268,121,27,65,0,0,0,0,0,0,0,0,-32311,0,0,0,0,0,33170,0
33172,-960,8078,746,116,8,47,13170,2,1,3,0,37268,121,27,65,0,0,0,0,0,0,0,0,-32310,0,0,0,0,0,33175,0
33177,-976,8086,720,110,15,51,13171,0,-1,3,0,37265,124,27,65,0,0,0,0,0,0,0,0,-32311,0,0,0,0,0,33180,0
33182,-978,8092,710,113,3,47,13169,-8,-3,4,0,37265,124,27,65,0,0,0,0,0,0,0,0,-32311,0,0,0,0,0,33185,0
33187,-994,8072,722,111,7,53,13170,0,2,3,0,37263,131,27,65,0,0,0,0,0,0,0,0,-32311,0,0,0,0,0,33190,0
33192,-1000,8034,736,110,-3,53,13171,3,3,4,0,37263,131,27,65,0,0,0,0,0,0,0,0,-32311,0,0,0,0,0,33195,0
33197,-1012,8050,736,108,0,54,13171,5,0,2,0,37259,125,27,65,0,0,0,0,0,0,0,0,-32310,0,0,0,0,0,33200,0
33202,-1000,8046,734,113,-8,53,13170,4,-2,4,0,37259,125,27,65,0,0,0,0,0,0,0,0,-32311,0,0,0,0,0,33205,0
33207,-976,8020,722,112,-3,52,13169,-4,-2,3,0,37259,120,27,65,0,0,0,0,0,0,0,0,-32310,0,0,0,0,0,33210,0
33212,-1016,8040,730,112,-7,54,13170,-1,-2,3,0,37259,120,27,65,0,0,0,0,0,0,0,0,-32311,0,0,0,0,0,33215,0
33217,-974,8094,702,112,-10,58,13171,-1,-3,4,0,37259,118,27,65,0,0,0,0,0,0,0,0,-32310,0,0,0,0,0,33220,0
33222,-942,8080,712,111,-13,55,13171,4,2,2,0,37259,118,27,65,0,0,0,0,0,0,0,0,-32310,0,0,0,0,0,33225,0
33227,-934,8066,722,113,-9,56,13170,0,-2,2,0,37260,123,27,65,0,0,0,0,0,0,0,0,-32310,0,0,0,0,0,33230,0
33232,-916,8028,704,106,-10,55,13170,0,-2,2,0,37260,123,27,65,0,0,0,0,0,0,0,0,-32310,0,0,0,0,0,33235,0
33237,-1000,8044,694,105,-21,55,13171,13,1,2,0,37260,122,27,65,0,0,0,0,0,0,0,0,-32311,0,0,0,0,0,33240,0
33242,-942,8128,664,102,-14,58,13171,4,-1,2,0,37260,122,27,65,0,0,0,0,0,0,0,0,-32311,0,0,0,0,0,33245,0
33247,-898,8118,656,102,-18,53,13170,2,1,3,0,37258,122,27,65,0,0,0,0,0,0,0,0,-32310,0,0,0,0,0,33250,0
33252,-902,8080,660,100,-16,50,13171,1,0,3,0,37258,122,27,65,0,0,0,0,0,0,0,0,-32311,0,0,0,0,0,33255,0
33257,-902,8092,652,98,-23,53,13170,1,-1,3,0,37257,122,27,65,0,0,0,0,0,0,0,0,-32311,0,0,0,0,0,33260,0
33262,-940,8112,666,98,-20,47,13170,-4,-4,2,0,37257,122,27,65,0,0,0,0,0,0,0,0,-32310,0,0,0,0,0,33265,0
33267,-922,8088,680,98,-18,44,13171,8,-4,1,0,37264,120,27,65,0,0,0,0,0,0,0,0,-32311,0,0,0,0,0,33270,0
33272,-854,8078,716,91,-23,48,13171,0,-1,3,0,37264,120,27,65,0,0,0,0,0,0,0,0,-32310,0,0,0,0,0,33275,0
33277,-902,8130,664,87,-24,41,13170,3,2,3,0,37265,116,27,65,0,0,0,0,0,0,0,0,-32310,0,0,0,0,0,33280,0
33282,-936,8070,668,84,-13,40,13171,7,-1,1,0,37265,116,27,65,0,0,0,0,0,0,0,0,-32310,0,0,0,0,0,33285,0
33287,-902,8098,658,79,-20,40,13169,-3,-1,1,0,37267,114,27,65,0,0,0,0,0,0,0,0,-32310,0,0,0,0,0,33290,0
33292,-890,8118,654,76,-14,37,13170,4,-3,4,0,37267,114,27,65,0,0,0,0,0,0,0,0,-32310,0,0,0,0,0,33295,0
33297,-890,8096,646,75,-11,39,13171,7,0,3,0,37265,125,27,65,0,0,0,0,0,0,0,0,-32311,0,0,0,0,0,33300,0
33302,-866,8090,674,71,-8,34,13171,1,3,4,0,37265,125,27,65,0,0,0,0,0,0,0,0,-32311,0,0,0,0,0,33305,0
33307,-862,8106,688,70,-9,39,13170,2,1,3,0,37259,126,27,65,0,0,0,0,0,0,0,0,-32311,0,0,0,0,0,33310,0
33312,-834,8110,682,66,-2,30,13171,3,-2,2,0,37259,126,27,65,0,0,0,0,0,0,0,0,-32311,0,0,0,0,0,33315,0
33317,-876,8106,698,64,-7,33,13171,-1,-2,2,0,37258,127,27,65,0,0,0,0,0,0,0,0,-32310,0,0,0,0,0,33320,0
33322,-890,8080,690,66,2,31,13171,3,-2,2,0,37258,127,27,65,0,0,0,0,0,0,0,0,-32311,0,0,0,0,0,33325,0
33327,-876,8088,692,65,1,28,13170,5,0,2,0,37258,120,27,65,0,0,0,0,0,0,0,0,-32311,0,0,0,0,0,33330,0
33332,-910,8070,708,60,-3,29,13170,-3,1,1,0,37258,120,27,65,0,0,0,0,0,0,0,0,-32311,0,0,0,0,0,33335,0
33337,-926,8050,716,61,4,29,13170,-3,0,1,0,37260,123,27,65,0,0,0,0,0,0,0,0,-32310,0,0,0,0,0,33340,0
33342,-912,8062,734,62,3,30,13171,4,4,2,0,37260,123,27,65,0,0,0,0,0,0,0,0,-32311,0,0,0,0,0,33345,0
33347,-932,8046,720,59,6,27,13170,-2,1,2,0,37261,124,27,65,0,0,0,0,0,0,0,0,-32310,0,0,0,0,0,33350,0
33352,-936,8082,724,58,1,28,13170,-2,-3,3,0,37261,124,27,65,0,0,0,0,0,0,0,0,-32310,0,0,0,0,0,33355,0
33357,-968,8070,736,62,1,24,13170,1,2,3,0,37260,120,27,65,0,0,0,0,0,0,0,0,-32311,0,0,0,0,0,33360,0
33362,-972,8056,732,61,-2,31,13170,-2,3,3,0,37260,120,27,65,0,0,0,0,0,0,0,0,-32311,0,0,0,0,0,33365,0
33367,-992,8044,712,65,-11,29,13170,-2,1,1,0,37261,115,27,65,0,0,0,0,0,0,0,0,-32310,0,0,0,0,0,33370,0
33372,-966,8044,728,67,-10,27,13169,-7,1,2,0,37261,115,27,65,0,0,0,0,0,0,0,0,-32311,0,0,0,0,0,33375,0
33377,-986,8066,742,64,-10,30,13170,-3,0,3,0,37265,124,27,65,0,0,0,0,0,0,0,0,-32310,0,0,0,0,0,33380,0
33382,-980,8034,738,66,-20,31,13170,0,3,3,0,37265,124,27,65,0,0,0,0,0,0,0,0,-32311,0,0,0,0,0,33385,0
33387,-1012,8032,742,65,-23,31,13169,-7,-1,2,0,37264,129,27,65,0,0,0,0,0,0,0,0,-32310,0,0,0,0,0,33390,0
33392,-996,8026,760,70,-25,34,13170,0,2,1,0,37264,129,27,65,0,0,0,0,0,0,0,0,-32310,0,0,0,0,0,33395,0
33397,-1004,8032,768,71,-28,31,13171,0,2,2,0,37265,132,27,65,0,0,0,0,0,0,0,0,-32311,0,0,0,0,0,33400,0
33402,-982,8046,790,67,-27,37,13170,0,1,3,0,37265,132,27,65,0,0,0,0,0,0,0,0,-32311,0,0,0,0,0,33405,0
33407,-998,8026,778,75,-33,34,13169,-7,-2,2,0,37264,127,27,65,0,0,0,0,0,0,0,0,-32311,0,0,0,0,0,33410,0
33412,-1006,8032,772,72,-32,41,13171,-1,1,2,0,37264,127,27,65,0,0,0,0,0,0,0,0,-32310,0,0,0,0,0,33415,0
33417,-1028,8036,780,72,-37,39,13169,0,2,2,0,37266,112,27,65,0,0,0,0,0,0,0,0,-32311,0,0,0,0,0,33420,0
33422,-962,8058,782,73,-34,38,13170,-5,2,2,0,37266,112,27,65,0,0,0,0,0,0,0,0,-32311,0,0,0,0,0,33425,0
33427,-988,8036,762,73,-30,39,13170,-5,-3,3,0,37265,111,27,65,0,0,0,0,0,0,0,0,-32311,0,0,0,0,0,33431,0
33432,-976,8042,756,77,-30,45,13170,-1,1,4,0,37265,111,27,65,0,0,0,0,0,0,0,0,-32311,0,0,0,0,0,33436,0
33437,-970,8040,756,73,-33,45,13171,2,2,3,0,37262,112,27,65,0,0,0,0,0,0,0,0,-32310,0,0,0,0,0,33441,0
33442,-984,8028,744,77,-26,48,13170,-2,-3,2,0,37262,112,27,65,0,0,0,0,0,0,0,0,-32311,0,0,0,0,0,33446,0
33447,-1018,8034,748,77,-25,51,13170,-4,2,4,0,37261,121,27,65,0,0,0,0,0,0,0,0,-32311,0,0,0,0,0,33451,0
33452,-980,8016,764,77,-22,54,13170,0,-3,2,0,37261,121,27,65,0,0,0,0,0,0,0,0,-32311,0,0,0,0,0,33456,0
33457,-922,8016,792,73,-17,53,13169,-2,-1,3,0,37262,129,27,65,0,0,0,0,0,0,0,0,-32311,0,0,0,0,0,33461,0
33462,-1004,8108,758,71,-17,55,13169,-6,-4,3,0,37262,129,27,65,0,0,0,0,0,0,0,0,-32311,0,0,0,0,0,33466,0
33467,-1028,8034,732,77,-10,59,13171,0,1,3,0,37261,128,27,65,0,0,0,0,0,0,0,0,-32311,0,0,0,0,0,33471,0
33472,-1008,8038,788,76,-7,69,13169,0,-2,3,0,37261,128,27,65,0,0,0,0,0,0,0,0,-32311,0,0,0,0,0,33476,0
33477,-970,8028,716,75,-11,60,13171,2,-1,2,0,37260,130,27,65,0,0,0,0,0,0,0,0,-32311,0,0,0,0,0,33481,0
33482,-926,8064,766,70,-14,68,13170,0,0,3,0,37260,130,27,65,0,0,0,0,0,0,0,0,-32310,0,0,0,0,0,33486,0
33487,-952,8102,774,79,-12,70,13171,5,1,2,0,37263,134,27,65,0,0,0,0,0,0,0,0,-32311,0,0,0,0,0,33491,0
33492,-972,8054,742,75,-10,68,13170,-2,2,3,0,37263,134,27,65,0,0,0,0,0,0,0,0,-32310,0,0,0,0,0,33496,0
33497,-960,8028,742,73,-7,71,13170,-1,2,2,0,37264,126,27,65,0,0,0,0,0,0,0,0,-32311,0,0,0,0,0,33501,0
33502,-932,8030,802,71,-7,73,13171,4,2,3,0,37264,126,27,65,0,0,0,0,0,0,0,0,-32311,0,0,0,0,0,33506,0
33507,-950,8120,698,77,-14,70,13171,1,3,2,0,37263,115,27,65,0,0,0,0,0,0,0,0,-32310,0,0,0,0,0,33511,0
33512,-986,8052,774,80,-13,80,13170,0,0,2,0,37263,115,27,65,0,0,0,0,0,0,0,0,-32310,0,0,0,0,0,33516,0
33517,-960,7984,724,74,-8,72,13171,0,2,3,0,37259,110,27,65,0,0,0,0,0,0,0,0,-32311,0,0,0,0,0,33521,0
33522,-1050,8012,732,77,-11,77,13170,3,3,2,0,37259,110,27,65,0,0,0,0,0,0,0,0,-32311,0,0,0,0,0,33526,0
33527,-988,8130,722,84,-13,79,13170,-1,-2,2,0,37258,123,27,65,0,0,0,0,0,0,0,0,-32310,0,0,0,0,0,33531,0
33532,-956,8042,754,85,-20,82,13169,-10,-1,2,0,37258,123,27,65,0,0,0,0,0,0,0,0,-32310,0,0,0,0,0,33536,0
33537,-848,8016,818,77,-18,81,13170,-3,0,2,0,37259,127,27,65,0,0,0,0,0,0,0,0,-32311,0,0,0,0,0,33541,0
33542,-956,8058,756,85,-18,83,13171,1,-2,3,0,37259,127,27,65,0,0,0,0,0,0,0,0,-32311,0,0,0,0,0,33546,0
33547,-966,8070,752,80,-12,85,13170,2,-3,3,0,37260,131,27,65,0,0,0,0,0,0,0,0,-32311,0,0,0,0,0,33551,0
33552,-832,8038,828,75,-16,93,13171,6,5,3,0,37260,131,27,65,0,0,0,0,0,0,0,0,-32311,0,0,0,0,0,33556,0
33557,-902,8068,740,78,-13,85,13171,1,0,2,0,37259,126,27,65,0,0,0,0,0,0,0,0,-32310,0,0,0,0,0,33561,0
33562,-938,8100,716,80,-14,88,13170,1,-3,2,0,37259,126,27,65,0,0,0,0,0,0,0,0,-32311,0,0,0,0,0,33566,0
33567,-928,8066,776,76,-10,85,13170,0,1,4,0,37258,124,27,65,0,0,0,0,0,0,0,0,-32311,0,0,0,0,0,33571,0
33572,-916,8108,708,85,-12,86,13170,-1,1,2,0,37258,124,27,65,0,0,0,0,0,0,0,0,-32311,0,0,0,0,0,33576,0
33577,-946,8056,706,82,-14,88,13170,1,2,2,0,37259,124,27,65,0,0,0,0,0,0,0,0,-32311,0,0,0,0,0,33581,0
33582,-928,8066,762,80,-16,90,13170,-7,1,1,0,37259,124,27,65,0,0,0,0,0,0,0,0,-32310,0,0,0,0,0,33586,0
33587,-838,8080,798,75,-16,92,13170,-3,-1,0,0,37261,123,27,65,0,0,0,0,0,0,0,0,-32311,0,0,0,0,0,33591,0
33592,-936,8050,706,88,-13,85,13171,1,-3,3,0,37261,123,27,65,0,0,0,0,0,0,0,0,-32311,0,0,0,0,0,33596,0
33597,-898,8082,784,78,-12,92,13170,-3,1,2,0,37262,132,27,65,0,0,0,0,0,0,0,0,-32311,0,0,0,0,0,33601,0
33602,-828,8072,830,73,-12,89,13170,3,1,3,0,37262,132,27,65,0,0,0,0,0,0,0,0,-32311,0,0,0,0,0,33606,0
33607,-896,8112,724,84,-12,88,13171,3,-1,3,0,37261,133,27,65,0,0,0,0,0,0,0,0,-32311,0,0,0,0,0,33611,0
33612,-862,8084,806,81,-11,86,13170,0,4,2,0,37261,133,27,65,0,0,0,0,0,0,0,0,-32311,0,0,0,0,0,33616,0
33617,-766,8086,806,74,-14,91,13170,-1,-1,3,0,37258,124,27,65,0,0,0,0,0,0,0,0,-32311,0,0,0,0,0,33621,0
33622,-862,8126,720,77,-4,81,13171,4,2,3,0,37258,124,27,65,0,0,0,0,0,0,0,0,-32311,0,0,0,0,0,33626,0
33627,-898,8090,728,84,-6,80,13171,2,0,4,0,37259,125,27,65,0,0,0,0,0,0,0,0,-32311,0,0,0,0,0,33631,0
33632,-832,8044,754,81,-2,78,13171,0,2,3,0,37259,125,27,65,0,0,0,0,0,0,0,0,-32310,0,0,0,0,0,33636,0
33637,-888,8004,666,86,-6,80,13170,0,-2,2,0,37259,128,27,65,0,0,0,0,0,0,0,0,-32310,0,0,0,0,0,33641,0
33642,-846,8126,688,82,-6,81,13170,-4,1,3,0,37259,128,27,65,0,0,0,0,0,0,0,0,-32311,0,0,0,0,0,33646,0
33647,-854,8090,738,85,-3,81,13170,0,0,3,0,37259,129,27,65,0,0,0,0,0,0,0,0,-32310,0,0,0,0,0,33651,0
33652,-824,7982,694,83,-3,72,13171,3,3,2,0,37259,129,27,65,0,0,0,0,0,0,0,0,-32311,0,0,0,0,0,33656,0
33657,-890,8072,738,77,3,73,13171,4,3,3,0,37260,123,27,65,0,0,0,0,0,0,0,0,-32310,0,0,0,0,0,33661,0
33662,-870,8126,724,82,3,74,13170,0,0,2,0,37260,123,27,65,0,0,0,0,0,0,0,0,-32311,0,0,0,0,0,33666,0
33667,-920,8052,712,78,-3,73,13170,-3,2,3,0,37261,123,27,65,0,0,0,0,0,0,0,0,-32310,0,0,0,0,0,33671,0
33672,-832,8056,740,78,-2,68,13170,2,2,3,0,37261,123,27,65,0,0,0,0,0,0,0,0,-32310,0,0,0,0,0,33676,0
33677,-730,8110,784,77,-3,74,13171,3,-4,2,0,37260,117,27,65,0,0,0,0,0,0,0,0,-32310,0,0,0,0,0,33681,0
33682,-810,8092,726,79,0,66,13171,9,3,3,0,37260,117,27,65,0,0,0,0,0,0,0,0,-32310,0,0,0,0,0,33686,0
33687,-854,8094,708,80,5,67,13171,4,2,3,0,37258,117,27,65,0,0,0,0,0,0,0,0,-32311,0,0,0,0,0,33691,0
33692,-822,8066,726,79,-5,64,13170,0,4,6,0,37258,117,27,65,0,0,0,0,0,0,0,0,-32311,0,0,0,0,0,33696,0
33697,-816,8112,716,82,1,61,13170,2,0,3,0,37260,116,27,65,0,0,0,0,0,0,0,0,-32311,0,0,0,0,0,33701,0
33702,-768,8100,758,82,0,59,13170,3,0,2,0,37260,116,27,65,0,0,0,0,0,0,0,0,-32311,0,0,0,0,0,33706,0
33707,-830,8110,730,80,-1,61,13171,2,3,3,0,37262,125,27,65,0,0,0,0,0,0,0,0,-32311,0,0,0,0,0,33711,0
33712,-850,8122,722,82,2,56,13171,5,4,2,0,37262,125,27,65,0,0,0,0,0,0,0,0,-32311,0,0,0,0,0,33716,0
33717,-824,8066,702,72,4,55,13171,5,3,3,0,37263,126,27,65,0,0,0,0,0,0,0,0,-32310,0,0,0,0,0,33721,0
33722,-824,8064,714,77,-2,54,13169,-4,-5,3,0,37263,126,27,65,0,0,0,0,0,0,0,0,-32311,0,0,0,0,0,33726,0
33727,-840,8066,710,76,3,57,13171,1,0,3,0,37259,118,27,65,0,0,0,0,0,0,0,0,-32310,0,0,0,0,0,33731,0
33732,-830,8062,724,76,-3,48,13170,-3,1,3,0,37259,118,27,65,0,0,0,0,0,0,0,0,-32310,0,0,0,0,0,33736,0
33737,-816,8060,696,79,-1,54,13170,-1,1,1,0,37258,117,27,65,0,0,0,0,0,0,0,0,-32310,0,0,0,0,0,33741,0
33742,-836,8076,720,80,-4,46,13171,0,0,2,0,37258,117,27,65,0,0,0,0,0,0,0,0,-32311,0,0,0,0,0,33746,0
33747,-810,8072,740,77,0,46,13171,0,5,3,0,37257,121,27,65,0,0,0,0,0,0,0,0,-32311,0,0,0,0,0,33751,0
33752,-864,8000,682,78,2,38,13170,0,-1,3,0,37257,121,27,65,0,0,0,0,0,0,0,0,-32311,0,0,0,0,0,33756,0
33757,-832,8108,702,77,-1,44,13170,0,-1,3,0,37255,126,27,65,0,0,0,0,0,0,0,0,-32310,0,0,0,0,0,33761,0
33762,-838,8098,738,76,0,43,13170,0,2,4,0,37255,126,27,65,0,0,0,0,0,0,0,0,-32310,0,0,0,0,0,33766,0
33767,-796,8064,746,75,5,40,13171,3,0,3,0,37255,128,27,65,0,0,0,0,0,0,0,0,-32311,0,0,0,0,0,33771,0
33772,-808,8110,712,79,2,38,13170,-3,-2,2,0,37255,128,27,65,0,0,0,0,0,0,0,0,-32310,0,0,0,0,0,33776,0
33777,-838,8082,762,84,-1,35,13171,4,-2,2,0,37257,129,27,65,0,0,0,0,0,0,0,0,-32310,0,0,0,0,0,33781,0
33782,-830,8078,746,82,1,37,13170,-2,-1,2,0,37257,129,27,65,0,0,0,0,0,0,0,0,-32310,0,0,0,0,0,33786,0
33787,-804,8064,728,77,-9,33,13170,-2,2,2,0,37259,126,27,65,0,0,0,0,0,0,0,0,-32311,0,0,0,0,0,33791,0
33792,-820,8060,744,76,-4,31,13171,1,-3,3,0,37259,126,27,65,0,0,0,0,0,0,0,0,-32310,0,0,0,0,0,33796,0
33797,-834,8048,716,79,-5,32,13171,4,-2,1,0,37269,129,27,65,0,0,0,0,0,0,0,0,-32310,0,0,0,0,0,33801,0
33802,-846,8076,736,82,-9,27,13169,-1,4,2,0,37269,129,27,65,0,0,0,0,0,0,0,0,-32311,0,0,0,0,0,33806,0
33807,-836,8086,728,80,-7,23,13170,-4,-1,3,0,37278,125,27,65,0,0,0,0,0,0,0,0,-32311,0,0,0,0,0,33811,0
33812,-820,8084,724,81,-2,24,13170,0,-2,3,0,37278,125,27,65,0,0,0,0,0,0,0,0,-32311,0,0,0,0,0,33816,0
33817,-840,8024,730,79,-6,25,13169,-2,3,2,0,37290,120,27,65,0,0,0,0,0,0,0,0,-32311,0,0,0,0,0,33821,0
33822,-838,8058,724,82,-1,23,13170,-2,2,2,0,37290,120,27,65,0,0,0,0,0,0,0,0,-32310,0,0,0,0,0,33826,0
33827,-818,8058,724,83,-6,19,13170,1,1,2,0,37287,118,27,65,0,0,0,0,0,0,0,0,-32311,0,0,0,0,0,33831,0
33832,-832,8080,734,89,0,20,13169,-5,6,3,0,37287,118,27,65,0,0,0,0,0,0,0,0,-32311,0,0,0,0,0,33836,0
33837,-858,8084,712,85,-3,18,13171,4,1,1,0,37277,121,27,65,0,0,0,0,0,0,0,0,-32310,0,0,0,0,0,33841,0
33842,-860,8072,694,81,-9,18,13170,0,0,2,0,37277,121,27,65,0,0,0,0,0,0,0,0,-32310,0,0,0,0,0,33846,0
33847,-848,8050,712,83,-3,17,13172,11,1,3,0,37267,121,27,65,0,0,0,0,0,0,0,0,-32310,0,0,0,0,0,33851,0
33852,-880,8074,696,79,-4,14,13170,0,-3,3,0,37267,121,27,65,0,0,0,0,0,0,0,0,-32310,0,0,0,0,0,33856,0
33857,-878,8050,708,78,1,14,13170,0,-3,3,0,37258,126,27,65,0,0,0,0,0,0,0,0,-32311,0,0,0,0,0,33861,0
33862,-864,8070,698,74,-3,17,13170,0,-6,2,0,37258,126,27,65,0,0,0,0,0,0,0,0,-32311,0,0,0,0,0,33866,0
33867,-878,8082,714,76,-2,16,13171,3,-4,2,0,37259,122,27,65,0,0,0,0,0,0,0,0,-32311,0,0,0,0,0,33871,0
33872,-874,8078,698,80,0,18,13171,6,-3,0,0,37259,122,27,65,0,0,0,0,0,0,0,0,-32311,0,0,0,0,0,33876,0
33877,-876,8074,704,77,-3,16,13170,0,-3,2,0,37258,126,27,65,0,0,0,0,0,0,0,0,-32311,0,0,0,0,0,33881,0
33882,-880,8064,704,76,-5,16,13170,-4,-7,3,0,37258,126,27,65,0,0,0,0,0,0,0,0,-32311,0,0,0,0,0,33886,0
33887,-854,8098,712,70,-3,13,13171,1,-5,2,0,37256,126,27,65,0,0,0,0,0,0,0,0,-32310,0,0,0,0,0,33891,0
33892,-860,8086,696,71,-8,15,13170,-3,0,2,0,37256,126,27,65,0,0,0,0,0,0,0,0,-32310,0,0,0,0,0,33896,0
33897,-852,8052,720,69,-6,16,13170,-5,-2,2,0,37257,124,27,65,0,0,0,0,0,0,0,0,-32310,0,0,0,0,0,33901,0
33902,-866,8066,666,79,-7,11,13170,2,-1,3,0,37257,124,27,65,0,0,0,0,0,0,0,0,-32310,0,0,0,0,0,33906,0
33907,-868,8076,702,72,-3,17,13170,0,1,0,0,37262,125,27,65,0,0,0,0,0,0,0,0,-32311,0,0,0,0,0,33911,0
33912,-872,8116,672,69,-10,11,13170,0,-1,4,0,37262,125,27,65,0,0,0,0,0,0,0,0,-32311,0,0,0,0,0,33916,0
33917,-844,8094,684,72,-7,8,13170,4,1,3,0,37267,116,27,65,0,0,0,0,0,0,0,0,-32311,0,0,0,0,0,33921,0
33922,-868,8054,704,65,-8,13,13170,-3,2,3,0,37267,116,27,65,0,0,0,0,0,0,0,0,-32310,0,0,0,0,0,33926,0
33927,-862,8106,684,70,-7,9,13170,2,-1,3,0,37269,120,27,65,0,0,0,0,0,0,0,0,-32311,0,0,0,0,0,33931,0
33932,-862,8054,700,69,-13,9,13171,0,2,3,0,37269,120,27,65,0,0,0,0,0,0,0,0,-32311,0,0,0,0,0,33936,0
33937,-902,8062,690,67,-12,10,13170,1,0,2,0,37266,122,27,65,0,0,0,0,0,0,0,0,-32311,0,0,0,0,0,33941,0
33942,-854,8102,700,67,-17,12,13170,0,-1,3,0,37266,122,27,65,0,0,0,0,0,0,0,0,-32311,0,0,0,0,0,33946,0
33947,-872,8100,734,66,-10,9,13170,-1,-4,3,0,37259,123,27,65,0,0,0,0,0,0,0,0,-32310,0,0,0,0,0,33951,0
33952,-894,8066,718,67,-13,8,13170,2,1,3,0,37259,123,27,65,0,0,0,0,0,0,0,0,-32310,0,0,0,0,0,33956,0
33957,-908,8072,718,68,-13,13,13171,9,4,3,0,37258,120,27,65,0,0,0,0,0,0,0,0,-32311,0,0,0,0,0,33961,0
33962,-874,8044,726,73,-15,7,13171,2,-5,2,0,37258,120,27,65,0,0,0,0,0,0,0,0,-32311,0,0,0,0,0,33966,0
33967,-910,8050,720,72,-16,9,13170,0,3,2,0,37260,128,27,65,0,0,0,0,0,0,0,0,-32311,0,0,0,0,0,33971,0
33972,-898,8028,734,64,-16,7,13171,-1,-3,2,0,37260,128,27,65,0,0,0,0,0,0,0,0,-32311,0,0,0,0,0,33976,0
33977,-906,8032,730,66,-13,14,13170,-3,2,3,0,37260,134,27,65,0,0,0,0,0,0,0,0,-32310,0,0,0,0,0,33981,0
33982,-902,8036,732,66,-15,13,13170,0,-4,3,0,37260,134,27,65,0,0,0,0,0,0,0,0,-32311,0,0,0,0,0,33986,0
33987,-872,8042,734,65,-19,7,13170,1,-4,0,0,37258,136,27,65,0,0,0,0,0,0,0,0,-32311,0,0,0,0,0,33991,0
33992,-926,8052,718,70,-15,20,13170,1,2,2,0,37258,136,27,65,0,0,0,0,0,0,0,0,-32311,0,0,0,0,0,33996,0
33997,-882,8060,720,65,-13,12,13170,2,3,1,0,37257,132,27,65,0,0,0,0,0,0,0,0,-32310,0,0,0,0,0,34001,0
34002,-896,8052,710,68,-13,12,13170,-7,1,2,0,37257,132,27,65,0,0,0,0,0,0,0,0,-32310,0,0,0,0,0,34006,0
34007,-908,8062,722,69,-13,10,13170,-7,-4,3,0,37258,126,27,65,0,0,0,0,0,0,0,0,-32311,0,0,0,0,0,34011,0
34012,-892,8054,704,68,-11,11,13171,1,-1,1,0,37258,126,27,65,0,0,0,0,0,0,0,0,-32311,0,0,0,0,0,34016,0
34017,-898,8070,714,64,-20,16,13170,-2,-3,3,0,37259,127,27,65,0,0,0,0,0,0,0,0,-32311,0,0,0,0,0,34021,0
34022,-910,8060,716,67,-13,22,13171,-3,-2,2,0,37259,127,27,65,0,0,0,0,0,0,0,0,-32311,0,0,0,0,0,34026,0
34027,-874,8084,702,63,-11,17,13170,-1,-1,2,0,37256,125,27,65,0,0,0,0,0,0,0,0,-32310,0,0,0,0,0,34031,0
34032,-914,8076,716,68,-13,19,13170,1,2,3,0,37256,125,27,65,0,0,0,0,0,0,0,0,-32310,0,0,0,0,0,34036,0
34037,-906,8042,718,73,-11,18,13170,1,-4,1,0,37254,126,27,65,0,0,0,0,0,0,0,0,-32311,0,0,0,0,0,34041,0
34042,-920,8036,730,59,-8,21,13170,1,0,2,0,37254,126,27,65,0,0,0,0,0,0,0,0,-32311,0,0,0,0,0,34046,0
34047,-920,8042,734,64,-13,22,13170,3,2,3,0,37254,121,27,65,0,0,0,0,0,0,0,0,-32310,0,0,0,0,0,34051,0
34052,-910,8058,724,74,-10,20,13171,-1,-1,3,0,37254,121,27,65,0,0,0,0,0,0,0,0,-32311,0,0,0,0,0,34056,0
34057,-904,8050,724,70,-9,21,13170,0,-1,4,0,37255,124,27,65,0,0,0,0,0,0,0,0,-32311,0,0,0,0,0,34061,0
34062,-902,8034,714,65,-7,27,13170,-5,-1,4,0,37255,124,27,65,0,0,0,0,0,0,0,0,-32312,0,0,0,0,0,34066,0
34067,-902,8078,734,64,-12,23,13170,0,-5,2,0,37258,125,27,65,0,0,0,0,0,0,0,0,-32311,0,0,0,0,0,34071,0
34072,-916,8074,714,66,-10,21,13170,-6,-1,3,0,37258,125,27,65,0,0,0,0,0,0,0,0,-32311,0,0,0,0,0,34076,0
34077,-886,8072,714,66,-12,22,13170,-6,-2,3,0,37259,124,27,65,0,0,0,0,0,0,0,0,-32311,0,0,0,0,0,34081,0
34082,-904,8082,726,63,-13,24,13170,3,-2,4,0,37259,124,27,65,0,0,0,0,0,0,0,0,-32311,0,0,0,0,0,34086,0
34087,-896,8048,728,62,-12,21,13170,-8,1,2,0,37259,125,27,65,0,0,0,0,0,0,0,0,-32311,0,0,0,0,0,34091,0
34092,-908,8090,738,65,-16,22,13170,-2,0,3,0,37259,125,27,65,0,0,0,0,0,0,0,0,-32311,0,0,0,0,0,34096,0
34097,-902,8072,706,64,-13,24,13169,-4,3,2,0,37259,124,27,65,0,0,0,0,0,0,0,0,-32311,0,0,0,0,0,34101,0
34102,-898,8040,728,66,-18,27,13170,0,3,3,0,37259,124,27,65,0,0,0,0,0,0,0,0,-32311,0,0,0,0,0,34106,0
34107,-878,8070,708,64,-14,24,13170,-9,-4,2,0,37258,124,27,65,0,0,0,0,0,0,0,0,-32311,0,0,0,0,0,34111,0
34112,-890,8042,708,63,-13,26,13170,-4,3,2,0,37258,124,27,65,0,0,0,0,0,0,0,0,-32310,0,0,0,0,0,34116,0
34117,-894,8076,704,60,-15,21,13169,-4,-1,5,0,37260,125,27,65,0,0,0,0,0,0,0,0,-32311,0,0,0,0,0,34121,0
34122,-900,8048,724,63,-16,24,13170,0,0,5,0,37260,125,27,65,0,0,0,0,0,0,0,0,-32311,0,0,0,0,0,34126,0
34127,-858,8038,724,62,-16,19,13170,-3,0,3,0,37261,126,27,65,0,0,0,0,0,0,0,0,-32311,0,0,0,0,0,34131,0
34132,-872,8070,708,68,-15,19,13170,0,4,3,0,37261,126,27,65,0,0,0,0,0,0,0,0,-32311,0,0,0,0,0,34136,0
34137,-864,8066,720,58,-17,23,13170,-3,2,2,0,37260,128,27,65,0,0,0,0,0,0,0,0,-32311,0,0,0,0,0,34141,0
34142,-850,8084,720,62,-19,20,13169,-2,0,3,0,37260,128,27,65,0,0,0,0,0,0,0,0,-32311,0,0,0,0,0,34146,0
34147,-882,8074,718,64,-14,17,13170,0,0,4,0,37260,134,27,65,0,0,0,0,0,0,0,0,-32311,0,0,0,0,0,34151,0
34152,-850,8104,716,66,-12,19,13169,-3,1,2,0,37260,134,27,65,0,0,0,0,0,0,0,0,-32311,0,0,0,0,0,34156,0
34157,-882,8086,714,61,-15,15,13171,5,5,3,0,37256,125,27,65,0,0,0,0,0,0,0,0,-32311,0,0,0,0,0,34161,0
34162,-852,8084,714,62,-15,17,13170,2,5,4,0,37256,125,27,65,0,0,0,0,0,0,0,0,-32311,0,0,0,0,0,34166,0
34167,-858,8086,712,59,-15,17,13169,-2,3,3,0,37260,121,27,65,0,0,0,0,0,0,0,0,-32311,0,0,0,0,0,34171,0
34172,-836,8062,718,67,-8,13,13171,3,-2,2,0,37260,121,27,65,0,0,0,0,0,0,0,0,-32310,0,0,0,0,0,34176,0
34177,-842,8074,730,55,-16,12,13170,0,2,3,0,37263,112,27,65,0,0,0,0,0,0,0,0,-32310,0,0,0,0,0,34181,0
34182,-832,8072,718,56,-15,13,13171,2,2,3,0,37263,112,27,65,0,0,0,0,0,0,0,0,-32310,0,0,0,0,0,34186,0
34187,-824,8080,714,58,-11,10,13170,-1,0,1,0,37262,121,27,65,0,0,0,0,0,0,0,0,-32310,0,0,0,0,0,34191,0
34192,-856,8068,724,53,-4,13,13170,-2,-1,3,0,37262,121,27,65,0,0,0,0,0,0,0,0,-32311,0,0,0,0,0,34196,0
34197,-840,8052,744,61,-8,8,13170,-3,-4,3,0,37259,123,27,65,0,0,0,0,0,0,0,0,-32311,0,0,0,0,0,34201,0
34202,-850,8062,716,62,-13,8,13170,5,0,3,0,37259,123,27,65,0,0,0,0,0,0,0,0,-32311,0,0,0,0,0,34206,0
34207,-832,8068,754,56,-13,7,13170,0,2,2,0,37257,125,27,65,0,0,0,0,0,0,0,0,-32310,0,0,0,0,0,34211,0
34212,-840,8066,726,59,-7,5,13170,-2,0,3,0,37257,125,27,65,0,0,0,0,0,0,0,0,-32311,0,0,0,0,0,34216,0
34217,-846,8068,758,57,-5,-2,13171,-1,0,1,0,37260,121,27,65,0,0,0,0,0,0,0,0,-32311,0,0,0,0,0,34221,0
34222,-868,8052,706,60,-16,-1,13170,1,2,1,0,37260,121,27,65,0,0,0,0,0,0,0,0,-32311,0,0,0,0,0,34226,0
34227,-852,8058,756,58,-9,0,13170,2,3,2,0,37268,122,27,65,0,0,0,0,0,0,0,0,-32311,0,0,0,0,0,34231,0
34232,-876,8068,744,60,-12,-1,13170,0,-2,2,0,37268,122,27,65,0,0,0,0,0,0,0,0,-32310,0,0,0,0,0,34236,0
34237,-854,8060,732,58,-10,-3,13169,0,4,1,0,37267,125,27,65,0,0,0,0,0,0,0,0,-32310,0,0,0,0,0,34241,0
34242,-864,8068,732,59,-8,-3,13170,-5,2,2,0,37267,125,27,65,0,0,0,0,0,0,0,0,-32311,0,0,0,0,0,34246,0
34247,-828,8076,752,56,-14,-4,13169,1,3,3,0,37265,121,27,65,0,0,0,0,0,0,0,0,-32310,0,0,0,0,0,34251,0
34252,-862,8082,726,59,-8,1,13170,1,3,2,0,37265,121,27,65,0,0,0,0,0,0,0,0,-32310,0,0,0,0,0,34256,0
34257,-860,8070,734,64,-8,-6,13170,-4,1,4,0,37257,126,27,65,0,0,0,0,0,0,0,0,-32310,0,0,0,0,0,34261,0
34262,-854,8074,734,63,-3,-6,13171,1,0,2,0,37257,126,27,65,0,0,0,0,0,0,0,0,-32310,0,0,0,0,0,34266,0
34267,-858,8080,722,67,-8,-6,13170,0,3,3,0,37258,127,27,65,0,0,0,0,0,0,0,0,-32310,0,0,0,0,0,34271,0
34272,-852,8094,740,61,-1,-5,13170,-4,0,4,0,37258,127,27,65,0,0,0,0,0,0,0,0,-32311,0,0,0,0,0,34276,0
34277,-858,8066,750,60,-5,-8,13171,-4,-2,3,0,37259,134,27,65,0,0,0,0,0,0,0,0,-32311,0,0,0,0,0,34281,0
34282,-864,8092,732,64,-3,-11,13170,-3,-1,2,0,37259,134,27,65,0,0,0,0,0,0,0,0,-32311,0,0,0,0,0,34286,0
34287,-900,8068,726,59,-5,-12,13169,-1,1,2,0,37257,134,27,65,0,0,0,0,0,0,0,0,-32310,0,0,0,0,0,34291,0
34292,-902,8062,722,59,-11,-10,13170,-2,-2,3,0,37257,134,27,65,0,0,0,0,0,0,0,0,-32311,0,0,0,0,0,34296,0
34297,-868,8042,726,57,-3,-11,13170,0,0,2,0,37256,130,27,65,0,0,0,0,0,0,0,0,-32311,0,0,0,0,0,34301,0
34302,-890,8050,730,62,-8,-11,13170,-2,5,3,0,37256,130,27,65,0,0,0,0,0,0,0,0,-32310,0,0,0,0,0,34306,0
34307,-904,8046,722,54,-10,-7,13171,5,1,3,0,37259,126,27,65,0,0,0,0,0,0,0,0,-32311,0,0,0,0,0,34311,0
34312,-918,8044,714,59,-9,-6,13170,1,-1,4,0,37259,126,27,65,0,0,0,0,0,0,0,0,-32310,0,0,0,0,0,34316,0
34317,-912,8070,694,62,-15,-13,13170,-4,0,2,0,37259,120,27,65,0,0,0,0,0,0,0,0,-32310,0,0,0,0,0,34321,0
34322,-932,8060,714,57,-12,-9,13171,4,-2,2,0,37259,120,27,65,0,0,0,0,0,0,0,0,-32310,0,0,0,0,0,34326,0
34327,-932,8044,736,63,-10,-6,13170,-1,0,6,0,37262,123,27,65,0,0,0,0,0,0,0,0,-32310,0,0,0,0,0,34331,0
34332,-940,8064,692,57,-16,-12,13171,-1,-3,4,0,37262,123,27,65,0,0,0,0,0,0,0,0,-32311,0,0,0,0,0,34336,0
34337,-938,8070,720,57,-11,-8,13170,-4,-2,2,0,37262,131,27,65,0,0,0,0,0,0,0,0,-32310,0,0,0,0,0,34341,0
34342,-934,8050,716,57,-15,-7,13170,2,3,3,0,37262,131,27,65,0,0,0,0,0,0,0,0,-32310,0,0,0,0,0,34346,0
34347,-950,8034,720,59,-17,-6,13171,4,0,3,0,37262,129,27,65,0,0,0,0,0,0,0,0,-32311,0,0,0,0,0,34351,0
34352,-966,8044,742,58,-19,1,13171,0,1,3,0,37262,129,27,65,0,0,0,0,0,0,0,0,-32310,0,0,0,0,0,34356,0
34357,-960,8050,720,59,-14,-4,13170,-4,1,4,0,37262,122,27,65,0,0,0,0,0,0,0,0,-32311,0,0,0,0,0,34361,0
34362,-922,8068,706,59,-23,-4,13170,-4,0,3,0,37262,122,27,65,0,0,0,0,0,0,0,0,-32311,0,0,0,0,0,34366,0
34367,-954,8032,738,59,-22,-2,13170,0,1,4,0,37256,122,27,65,0,0,0,0,0,0,0,0,-32310,0,0,0,0,0,34371,0
34372,-938,8080,752,58,-21,7,13170,1,1,3,0,37256,122,27,65,0,0,0,0,0,0,0,0,-32310,0,0,0,0,0,34376,0
34377,-934,8114,730,60,-19,6,13170,-1,2,4,0,37257,123,27,65,0,0,0,0,0,0,0,0,-32310,0,0,0,0,0,34381,0
34382,-894,8072,754,59,-21,6,13170,-1,1,3,0,37257,123,27,65,0,0,0,0,0,0,0,0,-32311,0,0,0,0,0,34386,0
34387,-928,8032,754,57,-16,9,13170,-2,1,0,0,37256,123,27,65,0,0,0,0,0,0,0,0,-32311,0,0,0,0,0,34391,0
34392,-976,8050,746,63,-19,11,13170,-3,2,2,0,37256,123,27,65,0,0,0,0,0,0,0,0,-32311,0,0,0,0,0,34396,0
34397,-976,8040,754,57,-18,12,13171,2,-2,1,0,37256,120,27,65,0,0,0,0,0,0,0,0,-32311,0,0,0,0,0,34401,0
34402,-964,8014,782,66,-18,13,13171,4,-1,3,0,37256,120,27,65,0,0,0,0,0,0,0,0,-32310,0,0,0,0,0,34406,0
34407,-962,8026,770,62,-16,13,13170,-1,-4,2,0,37258,122,27,65,0,0,0,0,0,0,0,0,-32310,0,0,0,0,0,34411,0
34412,-958,8024,770,61,-16,16,13170,0,0,2,0,37258,122,27,65,0,0,0,0,0,0,0,0,-32311,0,0,0,0,0,34416,0
34417,-964,8022,758,64,-17,18,13171,1,-2,0,0,37262,126,27,65,0,0,0,0,0,0,0,0,-32311,0,0,0,0,0,34421,0
34422,-946,8050,756,62,-19,19,13171,1,-1,2,0,37262,126,27,65,0,0,0,0,0,0,0,0,-32311,0,0,0,0,0,34426,0
34427,-944,8054,746,69,-12,23,13171,1,-1,2,0,37266,114,27,65,0,0,0,0,0,0,0,0,-32310,0,0,0,0,0,34432,0
34432,-912,8066,758,62,-17,26,13170,2,-2,4,0,37266,114,27,65,0,0,0,0,0,0,0,0,-32310,0,0,0,0,0,34437,0
34437,-932,8066,738,63,-13,27,13171,4,-2,3,0,37271,117,27,65,0,0,0,0,0,0,0,0,-32311,0,0,0,0,0,34442,0
34442,-926,8058,758,61,-7,24,13170,2,-1,3,0,37271,117,27,65,0,0,0,0,0,0,0,0,-32310,0,0,0,0,0,34447,0
34447,-932,8076,722,62,-12,28,13171,0,-3,3,0,37269,121,27,65,0,0,0,0,0,0,0,0,-32310,0,0,0,0,0,34452,0
34452,-948,8052,734,65,-14,28,13169,-4,-2,3,0,37269,121,27,65,0,0,0,0,0,0,0,0,-32311,0,0,0,0,0,34457,0
34457,-948,8068,736,63,-20,29,13171,5,2,3,0,37265,135,27,65,0,0,0,0,0,0,0,0,-32311,0,0,0,0,0,34462,0
34462,-924,8086,720,62,-15,34,13170,-3,-2,1,0,37265,135,27,65,0,0,0,0,0,0,0,0,-32310,0,0,0,0,0,34467,0
34467,-908,8068,738,59,-15,27,13171,0,3,3,0,37259,134,27,65,0,0,0,0,0,0,0,0,-32311,0,0,0,0,0,34472,0
34472,-928,8046,734,62,-18,30,13170,4,2,3,0,37259,134,27,65,0,0,0,0,0,0,0,0,-32311,0,0,0,0,0,34477,0
34477,-930,8040,738,66,-20,29,13170,0,1,2,0,37260,134,27,65,0,0,0,0,0,0,0,0,-32310,0,0,0,0,0,34482,0
34482,-940,8040,738,60,-18,30,13169,-2,-1,3,0,37260,134,27,65,0,0,0,0,0,0,0,0,-32311,0,0,0,0,0,34487,0
34487,-964,8048,730,64,-22,33,13170,0,0,4,0,37260,127,27,65,0,0,0,0,0,0,0,0,-32311,0,0,0,0,0,34492,0
34492,-990,8052,726,63,-18,35,13169,-5,-1,4,0,37260,127,27,65,0,0,0,0,0,0,0,0,-32311,0,0,0,0,0,34497,0
34497,-938,8036,716,64,-25,35,13170,0,-1,2,0,37259,128,27,65,0,0,0,0,0,0,0,0,-32311,0,0,0,0,0,34502,0
34502,-936,8044,744,55,-20,35,13171,-1,4,2,0,37259,128,27,65,0,0,0,0,0,0,0,0,-32311,0,0,0,0,0,34507,0
34507,-948,8036,720,62,-19,34,13170,2,0,2,0,37257,120,27,65,0,0,0,0,0,0,0,0,-32311,0,0,0,0,0,34512,0
34512,-920,8036,740,55,-16,36,13169,-5,-7,2,0,37257,120,27,65,0,0,0,0,0,0,0,0,-32310,0,0,0,0,0,34517,0
34517,-902,8066,722,60,-28,37,13170,-2,2,2,0,37257,119,27,65,0,0,0,0,0,0,0,0,-32310,0,0,0,0,0,34522,0
34522,-912,8052,752,62,-20,39,13169,-5,-2,3,0,37257,119,27,65,0,0,0,0,0,0,0,0,-32310,0,0,0,0,0,34527,0
34527,-892,8044,754,58,-17,41,13170,1,-1,3,0,37259,118,27,65,0,0,0,0,0,0,0,0,-32310,0,0,0,0,0,34532,0
34532,-876,8094,752,61,-17,43,13170,0,1,6,0,37259,118,27,65,0,0,0,0,0,0,0,0,-32311,0,0,0,0,0,34537,0
34537,-890,8076,760,60,-19,44,13170,-1,1,3,0,37262,125,27,65,0,0,0,0,0,0,0,0,-32311,0,0,0,0,0,34542,0
34542,-900,8082,730,63,-16,33,13171,3,3,2,0,37262,125,27,65,0,0,0,0,0,0,0,0,-32310,0,0,0,0,0,34547,0
34547,-896,8090,744,59,-13,39,13171,4,3,3,0,37262,126,27,65,0,0,0,0,0,0,0,0,-32310,0,0,0,0,0,34552,0
34552,-892,8076,758,62,-11,41,13170,-6,0,2,0,37262,126,27,65,0,0,0,0,0,0,0,0,-32310,0,0,0,0,0,34557,0
34557,-894,8104,730,55,-9,37,13170,-1,0,2,0,37262,128,27,65,0,0,0,0,0,0,0,0,-32311,0,0,0,0,0,34562,0
34562,-890,8056,738,54,-7,34,13170,0,-1,2,0,37262,128,27,65,0,0,0,0,0,0,0,0,-32311,0,0,0,0,0,34567,0
34567,-918,8082,752,58,-11,40,13170,0,-4,2,0,37258,122,27,65,0,0,0,0,0,0,0,0,-32310,0,0,0,0,0,34572,0
34572,-920,8064,736,61,-7,39,13170,2,2,2,0,37258,122,27,65,0,0,0,0,0,0,0,0,-32310,0,0,0,0,0,34577,0
34577,-908,8040,742,60,-12,39,13170,-2,-1,3,0,37257,126,27,65,0,0,0,0,0,0,0,0,-32310,0,0,0,0,0,34582,0
34582,-922,8056,748,55,-8,39,13171,4,1,2,0,37257,126,27,65,0,0,0,0,0,0,0,0,-32311,0,0,0,0,0,34587,0
34587,-906,8048,748,60,-13,39,13171,7,1,1,0,37256,128,27,65,0,0,0,0,0,0,0,0,-32311,0,0,0,0,0,34592,0
34592,-948,8020,770,60,-13,38,13170,1,-2,3,0,37256,128,27,65,0,0,0,0,0,0,0,0,-32311,0,0,0,0,0,34597,0
34597,-914,8028,788,61,-11,40,13170,0,-1,2,0,37255,128,27,65,0,0,0,0,0,0,0,0,-32310,0,0,0,0,0,34602,0
34602,-914,8056,774,58,-7,39,13171,3,6,2,0,37255,128,27,65,0,0,0,0,0,0,0,0,-32310,0,0,0,0,0,34607,0
34607,-918,8054,778,62,-11,39,13169,-3,-3,2,0,37256,127,27,65,0,0,0,0,0,0,0,0,-32311,0,0,0,0,0,34612,0
34612,-892,8016,740,60,-11,38,13171,4,1,2,0,37256,127,27,65,0,0,0,0,0,0,0,0,-32310,0,0,0,0,0,34617,0
34617,-894,8076,758,64,-12,44,13171,2,5,2,0,37256,117,27,65,0,0,0,0,0,0,0,0,-32310,0,0,0,0,0,34622,0
34622,-892,8038,780,65,-13,40,13171,0,-2,3,0,37256,117,27,65,0,0,0,0,0,0,0,0,-32310,0,0,0,0,0,34627,0
34627,-896,8052,750,60,-12,38,13170,-4,0,3,0,37257,127,27,65,0,0,0,0,0,0,0,0,-32311,0,0,0,0,0,34632,0
34632,-878,8082,764,63,-11,42,13170,5,1,2,0,37257,127,27,65,0,0,0,0,0,0,0,0,-32310,0,0,0,0,0,34637,0
34637,-898,8050,750,62,-10,40,13171,-2,0,1,0,37257,130,27,65,0,0,0,0,0,0,0,0,-32310,0,0,0,0,0,34642,0
34642,-892,8084,754,60,-15,40,13170,2,1,0,0,37257,130,27,65,0,0,0,0,0,0,0,0,-32311,0,0,0,0,0,34647,0
34647,-886,8070,752,71,-16,37,13171,2,-1,0,0,37264,134,27,65,0,0,0,0,0,0,0,0,-32311,0,0,0,0,0,34652,0
34652,-884,8064,758,64,-18,36,13169,0,0,2,0,37264,134,27,65,0,0,0,0,0,0,0,0,-32311,0,0,0,0,0,34657,0
34657,-896,8072,760,67,-21,39,13171,5,1,3,0,37263,122,27,65,0,0,0,0,0,0,0,0,-32310,0,0,0,0,0,34662,0
34662,-910,8060,746,66,-20,39,13170,1,-1,1,0,37263,122,27,65,0,0,0,0,0,0,0,0,-32310,0,0,0,0,0,34667,0
34667,-916,8066,740,68,-18,39,13170,-2,0,2,0,37264,118,27,65,0,0,0,0,0,0,0,0,-32310,0,0,0,0,0,34672,0
34672,-880,8068,738,68,-18,39,13170,-1,0,2,0,37264,118,27,65,0,0,0,0,0,0,0,0,-32311,0,0,0,0,0,34677,0
34677,-896,8026,748,65,-22,37,13170,0,-3,4,0,37261,121,27,65,0,0,0,0,0,0,0,0,-32310,0,0,0,0,0,34682,0
34682,-900,8032,772,69,-22,39,13171,4,0,3,0,37261,121,27,65,0,0,0,0,0,0,0,0,-32311,0,0,0,0,0,34687,0
34687,-884,8050,752,67,-14,32,13171,1,1,2,0,37260,125,27,65,0,0,0,0,0,0,0,0,-32311,0,0,0,0,0,34692,0
34692,-912,8036,764,73,-22,31,13169,-6,-4,3,0,37260,125,27,65,0,0,0,0,0,0,0,0,-32311,0,0,0,0,0,34697,0
34697,-888,8048,758,66,-17,41,13170,-2,-1,3,0,37257,125,27,65,0,0,0,0,0,0,0,0,-32311,0,0,0,0,0,34702,0
34702,-892,8066,766,76,-20,36,13170,-4,-2,3,0,37257,125,27,65,0,0,0,0,0,0,0,0,-32310,0,0,0,0,0,34707,0
34707,-904,8052,786,69,-18,36,13169,0,-1,3,0,37257,122,27,65,0,0,0,0,0,0,0,0,-32311,0,0,0,0,0,34712,0
34712,-884,8074,776,73,-11,32,13171,4,-2,2,0,37257,122,27,65,0,0,0,0,0,0,0,0,-32311,0,0,0,0,0,34717,0
34717,-882,8040,752,72,-15,38,13170,-5,2,3,0,37256,125,27,65,0,0,0,0,0,0,0,0,-32311,0,0,0,0,0,34722,0
34722,-858,8068,750,72,-9,38,13170,0,3,4,0,37256,125,27,65,0,0,0,0,0,0,0,0,-32310,0,0,0,0,0,34727,0
34727,-886,8058,776,72,-9,36,13171,2,1,3,0,37260,123,27,65,0,0,0,0,0,0,0,0,-32310,0,0,0,0,0,34732,0
34732,-882,8068,758,70,-3,35,13171,3,2,2,0,37260,123,27,65,0,0,0,0,0,0,0,0,-32311,0,0,0,0,0,34737,0
34737,-888,8058,754,70,-11,36,13169,-3,0,0,0,37259,121,27,65,0,0,0,0,0,0,0,0,-32310,0,0,0,0,0,34742,0
34742,-852,8084,756,74,-7,36,13170,-4,0,6,0,37259,121,27,65,0,0,0,0,0,0,0,0,-32310,0,0,0,0,0,34747,0
34747,-866,8090,746,70,-13,35,13170,-5,1,7,0,37259,124,27,65,0,0,0,0,0,0,0,0,-32311,0,0,0,0,0,34752,0
34752,-872,8052,754,72,0,36,13171,4,2,1,0,37259,124,27,65,0,0,0,0,0,0,0,0,-32310,0,0,0,0,0,34757,0
34757,-890,8042,762,74,-3,31,13170,3,-2,2,0,37257,123,27,65,0,0,0,0,0,0,0,0,-32310,0,0,0,0,0,34762,0
34762,-870,8040,748,73,-11,33,13171,-4,0,1,0,37257,123,27,65,0,0,0,0,0,0,0,0,-32310,0,0,0,0,0,34767,0
34767,-908,8078,750,69,-11,34,13170,0,1,1,0,37258,125,27,65,0,0,0,0,0,0,0,0,-32310,0,0,0,0,0,34772,0
34772,-908,8034,774,75,-12,33,13170,0,0,2,0,37258,125,27,65,0,0,0,0,0,0,0,0,-32310,0,0,0,0,0,34777,0
34777,-900,8064,770,76,-9,34,13171,1,-2,2,0,37258,131,27,65,0,0,0,0,0,0,0,0,-32311,0,0,0,0,0,34782,0
34782,-900,8042,770,68,-4,34,13170,-2,-2,2,0,37258,131,27,65,0,0,0,0,0,0,0,0,-32310,0,0,0,0,0,34787,0
34787,-886,8040,786,73,-5,33,13170,1,1,1,0,37260,136,27,65,0,0,0,0,0,0,0,0,-32311,0,0,0,0,0,34792,0
34792,-886,8066,746,74,-7,29,13170,0,-3,3,0,37260,136,27,65,0,0,0,0,0,0,0,0,-32310,0,0,0,0,0,34797,0
34797,-890,8064,752,73,-5,32,13170,-3,1,3,0,37258,134,27,65,0,0,0,0,0,0,0,0,-32311,0,0,0,0,0,34802,0
34802,-894,8074,762,76,-7,31,13171,0,-1,2,0,37258,134,27,65,0,0,0,0,0,0,0,0,-32310,0,0,0,0,0,34807,0
34807,-890,8080,768,76,-5,31,13170,1,0,4,0,37257,126,27,65,0,0,0,0,0,0,0,0,-32310,0,0,0,0,0,34812,0
34812,-884,8070,754,77,-5,32,13170,0,-3,3,0,37257,126,27,65,0,0,0,0,0,0,0,0,-32311,0,0,0,0,0,34817,0
34817,-874,8052,740,76,-7,32,13170,-2,-4,3,0,37257,124,27,65,0,0,0,0,0,0,0,0,-32311,0,0,0,0,0,34822,0
34822,-900,8060,742,71,-5,31,13170,3,3,2,0,37257,124,27,65,0,0,0,0,0,0,0,0,-32311,0,0,0,0,0,34827,0
34827,-874,8068,728,77,-6,28,13170,-5,0,2,0,37257,123,27,65,0,0,0,0,0,0,0,0,-32311,0,0,0,0,0,34832,0
34832,-898,8062,748,74,-5,32,13171,2,0,3,0,37257,123,27,65,0,0,0,0,0,0,0,0,-32311,0,0,0,0,0,34837,0
34837,-916,8064,748,72,-4,30,13171,0,-2,1,0,37257,124,27,65,0,0,0,0,0,0,0,0,-32310,0,0,0,0,0,34842,0
34842,-916,8066,746,76,-5,30,13170,0,-1,4,0,37257,124,27,65,0,0,0,0,0,0,0,0,-32311,0,0,0,0,0,34847,0
34847,-896,8058,740,75,-3,30,13170,-1,0,7,0,37262,122,27,65,0,0,0,0,0,0,0,0,-32310,0,0,0,0,0,34852,0
34852,-906,8066,724,74,0,31,13170,-3,0,3,0,37262,122,27,65,0,0,0,0,0,0,0,0,-32310,0,0,0,0,0,34857,0
34857,-872,8066,760,79,-1,33,13170,-4,0,3,0,37264,129,27,65,0,0,0,0,0,0,0,0,-32310,0,0,0,0,0,34862,0
34862,-886,8034,756,78,-4,30,13171,-1,-4,3,0,37264,129,27,65,0,0,0,0,0,0,0,0,-32310,0,0,0,0,0,34867,0
34867,-904,8052,764,73,-3,30,13169,-1,2,2,0,37264,125,27,65,0,0,0,0,0,0,0,0,-32310,0,0,0,0,0,34872,0
34872,-912,8076,758,76,-6,28,13170,-4,0,3,0,37264,125,27,65,0,0,0,0,0,0,0,0,-32311,0,0,0,0,0,34877,0
34877,-890,8076,742,77,-10,33,13170,2,0,3,0,37258,120,27,65,0,0,0,0,0,0,0,0,-32310,0,0,0,0,0,34882,0
34882,-906,8048,750,74,-10,27,13171,6,7,3,0,37258,120,27,65,0,0,0,0,0,0,0,0,-32311,0,0,0,0,0,34887,0
34887,-874,8074,740,79,-8,34,13170,1,1,1,0,37258,115,27,65,0,0,0,0,0,0,0,0,-32310,0,0,0,0,0,34892,0
34892,-894,8058,774,74,-7,27,13170,-3,0,2,0,37258,115,27,65,0,0,0,0,0,0,0,0,-32311,0,0,0,0,0,34897,0
34897,-888,8058,756,76,-14,31,13170,-3,-2,3,0,37256,115,27,65,0,0,0,0,0,0,0,0,-32310,0,0,0,0,0,34902,0
34902,-880,8062,744,77,-6,30,13171,-1,0,3,0,37256,115,27,65,0,0,0,0,0,0,0,0,-32310,0,0,0,0,0,34907,0
34907,-898,8068,776,81,-12,35,13170,5,1,2,0,37255,124,27,65,0,0,0,0,0,0,0,0,-32310,0,0,0,0,0,34912,0
34912,-898,8052,750,76,-8,32,13170,-2,2,2,0,37255,124,27,65,0,0,0,0,0,0,0,0,-32310,0,0,0,0,0,34917,0
34917,-894,8050,752,77,-5,31,13170,4,-2,2,0,37255,123,27,65,0,0,0,0,0,0,0,0,-32311,0,0,0,0,0,34922,0
34922,-912,8058,736,74,-8,32,13170,0,2,2,0,37255,123,27,65,0,0,0,0,0,0,0,0,-32311,0,0,0,0,0,34927,0
34927,-888,8088,736,76,-4,28,13169,-11,3,4,0,37259,124,27,65,0,0,0,0,0,0,0,0,-32310,0,0,0,0,0,34932,0
34932,-900,8068,736,75,-5,28,13171,4,3,3,0,37259,124,27,65,0,0,0,0,0,0,0,0,-32311,0,0,0,0,0,34937,0
34937,-894,8090,734,74,-2,28,13171,5,3,1,0,37262,119,27,65,0,0,0,0,0,0,0,0,-32310,0,0,0,0,0,34942,0
34942,-874,8096,718,73,-1,25,13170,0,-1,2,0,37262,119,27,65,0,0,0,0,0,0,0,0,-32311,0,0,0,0,0,34947,0
34947,-908,8058,742,77,-6,28,13169,0,-1,3,0,37265,123,27,65,0,0,0,0,0,0,0,0,-32311,0,0,0,0,0,34952,0
34952,-894,8074,722,75,-6,30,13170,-2,1,2,0,37265,123,27,65,0,0,0,0,0,0,0,0,-32311,0,0,0,0,0,34957,0
34957,-874,8072,738,76,-5,27,13170,0,3,2,0,37263,123,27,65,0,0,0,0,0,0,0,0,-32310,0,0,0,0,0,34962,0
34962,-898,8056,732,73,-10,30,13170,3,2,2,0,37263,123,27,65,0,0,0,0,0,0,0,0,-32311,0,0,0,0,0,34967,0
34967,-898,8090,728,74,-7,28,13170,-4,-1,3,0,37260,123,27,65,0,0,0,0,0,0,0,0,-32310,0,0,0,0,0,34972,0
34972,-906,8054,730,74,-7,26,13170,-1,0,3,0,37260,123,27,65,0,0,0,0,0,0,0,0,-32310,0,0,0,0,0,34977,0
34977,-938,8048,726,67,-10,29,13169,-2,1,4,0,37258,123,27,65,0,0,0,0,0,0,0,0,-32310,0,0,0,0,0,34982,0
34982,-910,8026,734,72,-8,26,13170,4,7,4,0,37258,123,27,65,0,0,0,0,0,0,0,0,-32310,0,0,0,0,0,34987,0
34987,-902,8034,730,72,-13,30,13170,0,-2,1,0,37256,122,27,65,0,0,0,0,0,0,0,0,-32311,0,0,0,0,0,34992,0
34992,-892,8044,738,70,-10,30,13169,-4,2,2,0,37256,122,27,65,0,0,0,0,0,0,0,0,-32311,0,0,0,0,0,34997,0
34997,-878,8082,728,75,-10,31,13171,0,2,2,0,37258,130,27,65,0,0,0,0,0,0,0,0,-32310,0,0,0,0,0,35002,0
35002,-892,8088,744,64,-13,30,13170,-1,1,3,0,37258,130,27,65,0,0,0,0,0,0,0,0,-32310,0,0,0,0,0,35007,0
35007,-902,8058,738,71,-13,29,13170,-1,2,2,0,37256,129,27,65,0,0,0,0,0,0,0,0,-32311,0,0,0,0,0,35012,0
35012,-878,8068,742,68,-13,26,13171,-6,-6,3,0,37256,129,27,65,0,0,0,0,0,0,0,0,-32311,0,0,0,0,0,35017,0
35017,-900,8064,740,74,-15,31,13170,2,2,3,0,37253,123,27,65,0,0,0,0,0,0,0,0,-32311,0,0,0,0,0,35023,0
35022,-884,8066,742,69,-15,31,13170,0,1,2,0,37253,123,27,65,0,0,0,0,0,0,0,0,-32311,0,0,0,0,0,35027,0
35027,-908,8052,746,67,-13,30,13170,1,-4,3,0,37250,120,27,65,0,0,0,0,0,0,0,0,-32311,0,0,0,0,0,35032,0
35032,-890,8062,774,72,-15,29,13169,4,3,4,0,37250,120,27,65,0,0,0,0,0,0,0,0,-32311,0,0,0,0,0,35037,0
35037,-894,8072,762,74,-14,27,13170,0,3,1,0,37249,119,27,65,0,0,0,0,0,0,0,0,-32310,0,0,0,0,0,35042,0
35042,-882,8052,754,71,-16,27,13170,-2,-3,3,0,37249,119,27,65,0,0,0,0,0,0,0,0,-32310,0,0,0,0,0,35047,0
35047,-866,8084,740,70,-10,31,13170,1,2,2,0,37249,123,27,65,0,0,0,0,0,0,0,0,-32310,0,0,0,0,0,35052,0
35052,-866,8054,734,71,-12,23,13170,0,-3,0,0,37249,123,27,65,0,0,0,0,0,0,0,0,-32310,0,0,0,0,0,35057,0
35057,-864,8092,746,65,-11,27,13170,0,-5,2,0,37259,119,27,65,0,0,0,0,0,0,0,0,-32310,0,0,0,0,0,35062,0
35062,-878,8062,758,74,-12,25,13170,0,-4,3,0,37259,119,27,65,0,0,0,0,0,0,0,0,-32312,0,0,0,0,0,35067,0
35067,-858,8072,752,65,-15,28,13170,2,1,3,0,37263,116,27,65,0,0,0,0,0,0,0,0,-32311,0,0,0,0,0,35072,0
35072,-856,8060,740,71,-15,28,13171,1,-3,4,0,37263,116,27,65,0,0,0,0,0,0,0,0,-32310,0,0,0,0,0,35077,0
35077,-864,8086,754,72,-14,27,13171,4,1,4,0,37273,118,27,65,0,0,0,0,0,0,0,0,-32310,0,0,0,0,0,35082,0
35082,-870,8044,754,74,-7,25,13170,5,-4,2,0,37273,118,27,65,0,0,0,0,0,0,0,0,-32310,0,0,0,0,0,35087,0
35087,-892,8060,754,68,-13,24,13170,2,-1,0,0,37274,130,27,65,0,0,0,0,0,0,0,0,-32310,0,0,0,0,0,35092,0
35092,-894,8056,740,69,-4,22,13170,2,-4,2,0,37274,130,27,65,0,0,0,0,0,0,0,0,-32310,0,0,0,0,0,35097,0
35097,-908,8062,750,69,-11,31,13170,-1,-1,1,0,37270,130,27,65,0,0,0,0,0,0,0,0,-32311,0,0,0,0,0,35102,0
35102,-886,8056,758,69,-12,27,13170,1,-1,2,0,37270,130,27,65,0,0,0,0,0,0,0,0,-32311,0,0,0,0,0,35107,0
35107,-878,8078,738,66,-5,23,13170,-5,-1,2,0,37266,135,27,65,0,0,0,0,0,0,0,0,-32310,0,0,0,0,0,35112,0
35112,-888,8052,766,69,-13,26,13170,-4,-1,2,0,37266,135,27,65,0,0,0,0,0,0,0,0,-32310,0,0,0,0,0,35117,0
35117,-900,8048,738,75,-8,29,13170,-5,-2,1,0,37258,133,27,65,0,0,0,0,0,0,0,0,-32310,0,0,0,0,0,35122,0
35122,-912,8056,746,76,-9,22,13170,5,-1,3,0,37258,133,27,65,0,0,0,0,0,0,0,0,-32310,0,0,0,0,0,35127,0
35127,-882,8056,770,71,-12,24,13170,2,3,3,0,37259,126,27,65,0,0,0,0,0,0,0,0,-32310,0,0,0,0,0,35132,0
35132,-916,8056,744,72,-9,28,13170,-5,1,3,0,37259,126,27,65,0,0,0,0,0,0,0,0,-32310,0,0,0,0,0,35137,0
35137,-914,8044,746,72,-12,26,13170,-1,4,2,0,37256,122,27,65,0,0,0,0,0,0,0,0,-32311,0,0,0,0,0,35142,0
35142,-896,8060,754,72,-8,29,13171,4,-1,2,0,37256,122,27,65,0,0,0,0,0,0,0,0,-32310,0,0,0,0,0,35147,0
35147,-894,8048,746,72,-8,21,13170,-3,-1,3,0,37255,117,27,65,0,0,0,0,0,0,0,0,-32310,0,0,0,0,0,35152,0
35152,-882,8048,764,75,-11,26,13170,-2,1,2,0,37255,117,27,65,0,0,0,0,0,0,0,0,-32311,0,0,0,0,0,35157,0
35157,-878,8048,772,75,-10,32,13171,1,0,3,0,37259,122,27,65,0,0,0,0,0,0,0,0,-32310,0,0,0,0,0,35162,0
35162,-896,8042,734,69,-9,25,13170,0,0,3,0,37259,122,27,65,0,0,0,0,0,0,0,0,-32311,0,0,0,0,0,35167,0
35167,-892,8100,750,75,-10,28,13171,2,0,-25,-2000,37259,123,27,65,0,0,0,0,0,0,0,0,-32311,0,0,0,0,0,35172,0
35172,-1242,8050,824,68,-3,9,13063,-568,-164,-1958,-2000,37259,123,27,65,0,0,0,0,0,0,0,0,-32310,0,0,0,0,0,35177,0
35177,-780,8030,666,86,-12,42,12864,-887,-566,-1285,-2000,37245,158,27,65,0,0,0,0,0,0,0,0,-32310,0,0,0,0,0,35182,0
35182,-1022,8026,756,73,-8,25,12654,-925,-855,-697,-2000,37245,158,27,65,0,0,0,0,0,0,0,0,-32311,0,0,0,0,0,35187,0
35187,-918,8126,726,78,-6,54,12455,-880,-840,-724,-2000,37236,167,27,65,0,0,0,0,0,0,0,0,-32311,0,0,0,0,0,35192,0
35192,-1030,7994,730,77,-11,62,12277,-768,-517,-1084,-2000,37236,167,27,65,0,0,0,0,0,0,0,0,-32310,0,0,0,0,0,35197,0
35197,-1026,8000,732,77,-10,50,12124,-665,2,-1636,-2000,37227,189,27,65,0,0,0,0,0,0,0,0,-32309,0,0,0,0,0,35202,0
35202,-886,7972,734,71,-8,54,11992,-575,251,-2195,-2000,37227,189,27,65,0,0,0,0,0,0,0,0,-32310,0,0,0,0,0,35207,0
35207,-886,8008,750,75,-7,49,11876,-498,314,-2614,-2000,37221,192,27,65,0,0,0,0,0,0,0,0,-32311,0,0,0,0,0,35212,0
35212,-708,8076,716,71,-8,48,11774,-435,311,-2997,-2000,37221,192,27,65,0,0,0,0,0,0,0,0,-32312,0,0,0,0,0,35217,0
35217,-786,8096,746,72,-3,45,11685,-384,265,-3330,-2000,37200,239,27,65,0,0,0,0,0,0,0,0,-32311,0,0,0,0,0,35222,0
35222,-752,8112,728,72,2,41,11607,-347,228,-3606,-2000,37200,239,27,65,0,0,0,0,0,0,0,0,-32311,0,0,0,0,0,35227,0
35227,-828,8104,740,71,2,37,11541,-282,194,-3788,-2000,37178,288,27,65,0,0,0,0,0,0,0,0,-32310,0,0,0,0,0,35232,0
35232,-816,8116,732,72,1,35,11479,-267,169,-4131,-2000,37178,288,27,65,0,0,0,0,0,0,0,0,-32309,0,0,0,0,0,35237,0
35237,-830,8116,708,71,3,40,11429,-209,151,-4242,-2000,37160,321,27,65,0,0,0,0,0,0,0,0,-32308,0,0,0,0,0,35242,0
35242,-790,8076,718,74,-2,36,11387,-186,142,-4643,-2000,37160,321,27,65,0,0,0,0,0,0,0,0,-32308,0,0,0,0,0,35247,0
35247,-812,8098,702,68,-9,32,11346,-172,125,-4780,-2000,37145,348,27,65,0,0,0,0,0,0,0,0,-32308,0,0,0,0,0,35252,0
35252,-824,8074,742,70,-1,28,11315,-137,108,-4776,-2000,37145,348,27,65,0,0,0,0,0,0,0,0,-32309,0,0,0,0,0,35257,0
35257,-782,8060,726,67,-9,32,11292,-95,104,-4995,-2000,37138,365,27,65,0,0,0,0,0,0,0,0,-32310,0,0,0,0,0,35262,0
35262,-894,8042,738,72,-6,25,11263,-132,84,-5151,-2000,37138,365,27,65,0,0,0,0,0,0,0,0,-32310,0,0,0,0,0,35268,0
35267,-912,8066,758,62,-13,25,11235,-124,51,-5179,-2000,37125,389,27,65,0,0,0,0,0,0,0,0,-32310,0,0,0,0,0,35273,0
35272,-874,8024,740,71,-15,25,11215,-89,33,-5115,-2000,37125,389,27,65,0,0,0,0,0,0,0,0,-32310,0,0,0,0,0,35278,0
35277,-880,8040,760,67,-16,25,11197,-74,31,-5074,0,37116,397,27,65,0,0,0,0,0,0,0,0,-32310,0,0,0,0,0,35283,0
35282,-1114,7920,674,73,-14,-16,11269,408,160,-2802,0,37116,397,27,65,0,0,0,0,0,0,0,0,-32310,0,0,0,0,0,35288,0
35287,-222,7948,668,74,-24,8,11461,863,605,-2047,0,37139,338,27,65,0,0,0,0,0,0,0,0,-32309,0,0,0,0,0,35293,0
35292,-458,8220,790,72,-12,-6,11645,795,865,-2618,0,37139,338,27,65,0,0,0,0,0,0,0,0,-32310,0,0,0,0,0,35298,0
35297,-892,8226,824,74,-7,-18,11801,668,811,-2022,0,37180,232,27,65,0,0,0,0,0,0,0,0,-32311,0,0,0,0,0,35303,0
35302,-998,8190,794,77,-6,-8,11937,587,442,-1503,0,37180,232,27,65,0,0,0,0,0,0,0,0,-32311,0,0,0,0,0,35308,0
35307,-964,8140,754,69,-5,-5,12056,515,-77,-1147,0,37225,134,27,65,0,0,0,0,0,0,0,0,-32311,0,0,0,0,0,35313,0
35312,-1030,8042,708,72,-14,3,12155,429,-311,-834,0,37225,134,27,65,0,0,0,0,0,0,0,0,-32310,0,0,0,0,0,35318,0
35317,-1090,8052,718,74,-13,4,12241,366,-296,-612,0,37251,83,27,65,0,0,0,0,0,0,0,0,-32310,0,0,0,0,0,35323,0
35322,-988,8004,750,74,-20,2,12313,311,-256,-473,0,37251,83,27,65,0,0,0,0,0,0,0,0,-32310,0,0,0,0,0,35328,0
35327,-924,7968,762,76,-24,5,12373,260,-238,-384,0,37252,96,27,65,0,0,0,0,0,0,0,0,-32311,0,0,0,0,0,35333,0
35332,-882,7994,774,74,-21,3,12421,209,-211,-332,0,37252,96,27,65,0,0,0,0,0,0,0,0,-32311,0,0,0,0,0,35338,0
35337,-922,8002,784,76,-15,8,12459,157,-192,-255,0,37250,108,27,65,0,0,0,0,0,0,0,0,-32310,0,0,0,0,0,35343,0
35342,-1046,8050,790,74,-16,5,12482,99,-187,-171,0,37250,108,27,65,0,0,0,0,0,0,0,0,-32311,0,0,0,0,0,35348,0
35347,-1022,8062,746,79,-15,15,12502,87,-167,-134,0,37247,112,27,65,0,0,0,0,0,0,0,0,-32310,0,0,0,0,0,35353,0
35352,-970,8072,726,72,-15,15,12516,56,-145,-116,0,37247,112,27,65,0,0,0,0,0,0,0,0,-32310,0,0,0,0,0,35358,0
35357,-930,8074,702,74,-16,17,12521,13,-123,-56,0,37245,109,27,65,0,0,0,0,0,0,0,0,-32311,0,0,0,0,0,35363,0
35362,-896,8056,714,79,-18,16,12521,4,-105,-2,0,37245,109,27,65,0,0,0,0,0,0,0,0,-32310,0,0,0,0,0,35368,0
35367,-820,8056,728,72,-18,14,12521,5,-84,2,0,37249,107,27,65,0,0,0,0,0,0,0,0,-32310,0,0,0,0,0,35373,0
35372,-792,8062,768,66,-10,15,12521,2,-69,1,0,37249,107,27,65,0,0,0,0,0,0,0,0,-32310,0,0,0,0,0,35378,0
35377,-812,8098,792,69,-6,10,12521,0,-34,1,0,37255,112,27,65,0,0,0,0,0,0,0,0,-32310,0,0,0,0,0,35383,0
35382,-884,8066,768,75,4,15,12521,0,-4,3,0,37255,112,27,65,0,0,0,0,0,0,0,0,-32311,0,0,0,0,0,35388,0
35387,-930,8050,724,69,-1,15,12520,-5,-1,3,0,37255,121,27,65,0,0,0,0,0,0,0,0,-32310,0,0,0,0,0,35393,0
35392,-934,8062,698,74,-3,13,12520,-3,-5,2,0,37255,121,27,65,0,0,0,0,0,0,0,0,-32311,0,0,0,0,0,35398,0
35397,-940,8072,684,72,-8,16,12521,5,-4,2,0,37252,117,27,65,0,0,0,0,0,0,0,0,-32311,0,0,0,0,0,35403,0
35402,-918,8078,690,75,-8,14,12521,-1,2,3,0,37252,117,27,65,0,0,0,0,0,0,0,0,-32311,0,0,0,0,0,35408,0
35407,-914,8072,726,68,-10,17,12519,-6,0,0,0,37252,119,27,65,0,0,0,0,0,0,0,0,-32310,0,0,0,0,0,35413,0
35412,-926,8060,722,70,-14,16,12521,2,-1,1,0,37252,119,27,65,0,0,0,0,0,0,0,0,-32310,0,0,0,0,0,35418,0
35417,-912,8058,718,69,-11,18,12520,0,0,1,0,37255,117,27,65,0,0,0,0,0,0,0,0,-32310,0,0,0,0,0,35423,0
35422,-924,8062,734,73,-12,18,12521,0,1,1,0,37255,117,27,65,0,0,0,0,0,0,0,0,-32310,0,0,0,0,0,35428,0
35427,-930,8062,722,67,-14,20,12520,-1,2,2,0,37255,121,27,65,0,0,0,0,0,0,0,0,-32310,0,0,0,0,0,35434,0
35432,-928,8066,706,68,-16,24,12521,4,3,2,0,37255,121,27,65,0,0,0,0,0,0,0,0,-32311,0,0,0,0,0,35439,0
35437,-880,8034,742,66,-11,22,12521,-3,-1,3,0,37255,135,27,65,0,0,0,0,0,0,0,0,-32311,0,0,0,0,0,35444,0
35442,-882,8044,764,73,-12,21,12520,3,6,0,0,37255,135,27,65,0,0,0,0,0,0,0,0,-32311,0,0,0,0,0,35449,0
35447,-868,8072,764,67,-5,21,12522,5,3,2,0,37256,135,27,65,0,0,0,0,0,0,0,0,-32310,0,0,0,0,0,35454,0
35452,-866,8072,780,68,5,24,12520,5,2,2,0,37256,135,27,65,0,0,0,0,0,0,0,0,-32310,0,0,0,0,0,35459,0
35457,-846,8060,740,68,1,23,12521,0,0,2,0,37262,133,27,65,0,0,0,0,0,0,0,0,-32310,0,0,0,0,0,35464,0
35462,-900,8080,756,67,0,23,12520,-10,-1,1,0,37262,133,27,65,0,0,0,0,0,0,0,0,-32311,0,0,0,0,0,35469,0
35467,-898,8066,764,70,-6,22,12521,4,-1,3,0,37264,113,27,65,0,0,0,0,0,0,0,0,-32310,0,0,0,0,0,35474,0
35472,-900,8068,724,77,-9,18,12521,-4,1,6,0,37264,113,27,65,0,0,0,0,0,0,0,0,-32310,0,0,0,0,0,35479,0
35477,-914,8050,732,68,-12,20,12521,7,-1,2,0,37262,113,27,65,0,0,0,0,0,0,0,0,-32311,0,0,0,0,0,35484,0
35482,-894,8058,754,76,-9,21,12521,0,-2,2,0,37262,113,27,65,0,0,0,0,0,0,0,0,-32310,0,0,0,0,0,35489,0
35487,-902,8076,736,72,-15,17,12520,-3,2,1,0,37260,111,27,65,0,0,0,0,0,0,0,0,-32310,0,0,0,0,0,35494,0
35492,-872,8076,728,72,-20,19,12520,-1,1,1,0,37260,111,27,65,0,0,0,0,0,0,0,0,-32311,0,0,0,0,0,35499,0
35497,-870,8060,748,70,-19,20,12521,8,0,1,0,37259,120,27,65,0,0,0,0,0,0,0,0,-32311,0,0,0,0,0,35504,0
35502,-876,8058,766,72,-18,23,12520,0,2,1,0,37259,120,27,65,0,0,0,0,0,0,0,0,-32311,0,0,0,0,0,35509,0
35507,-896,8066,750,72,-20,18,12521,-1,6,2,0,37255,124,27,65,0,0,0,0,0,0,0,0,-32310,0,0,0,0,0,35514,0
35512,-874,8050,762,79,-16,19,12521,2,3,0,0,37255,124,27,65,0,0,0,0,0,0,0,0,-32310,0,0,0,0,0,35519,0
35517,-896,8032,784,76,-15,23,12522,6,5,1,0,37253,122,27,65,0,0,0,0,0,0,0,0,-32310,0,0,0,0,0,35524,0
35522,-902,8040,764,75,-9,20,12521,2,2,0,0,37253,122,27,65,0,0,0,0,0,0,0,0,-32311,0,0,0,0,0,35529,0
35527,-864,8044,778,72,-8,22,12521,3,3,2,0,37255,128,27,65,0,0,0,0,0,0,0,0,-32310,0,0,0,0,0,35534,0
35532,-884,8048,762,79,-6,21,12521,-3,-2,1,0,37255,128,27,65,0,0,0,0,0,0,0,0,-32311,0,0,0,0,0,35539,0
35537,-904,8076,760,72,-4,16,12521,0,2,1,0,37255,118,27,65,0,0,0,0,0,0,0,0,-32310,0,0,0,0,0,35544,0
35542,-890,8078,734,73,-10,21,12521,-1,-5,1,0,37255,118,27,65,0,0,0,0,0,0,0,0,-32311,0,0,0,0,0,35549,0
35547,-880,8068,748,75,-2,17,12520,-8,-1,2,0,37252,117,27,65,0,0,0,0,0,0,0,0,-32311,0,0,0,0,0,35554,0
35552,-904,8062,744,73,-2,18,12521,0,0,2,0,37252,117,27,65,0,0,0,0,0,0,0,0,-32310,0,0,0,0,0,35559,0
35557,-892,8076,744,74,-13,22,12520,-3,-4,2,0,37251,117,27,65,0,0,0,0,0,0,0,0,-32310,0,0,0,0,0,35564,0
35562,-888,8078,730,74,-5,21,12521,3,-2,2,0,37251,117,27,65,0,0,0,0,0,0,0,0,-32310,0,0,0,0,0,35569,0
35567,-878,8084,714,79,-5,27,12520,-6,-1,2,0,37250,123,27,65,0,0,0,0,0,0,0,0,-32310,0,0,0,0,0,35574,0
35572,-920,8040,720,75,-11,23,12521,-4,0,3,0,37250,123,27,65,0,0,0,0,0,0,0,0,-32311,0,0,0,0,0,35579,0
35577,-896,8056,710,74,-7,22,12521,0,-3,0,0,37253,133,27,65,0,0,0,0,0,0,0,0,-32311,0,0,0,0,0,35584,0
35582,-910,8066,732,71,-10,23,12521,2,-5,3,0,37253,133,27,65,0,0,0,0,0,0,0,0,-32310,0,0,0,0,0,35589,0
35587,-916,8044,726,74,-11,21,12521,5,0,3,0,37255,131,27,65,0,0,0,0,0,0,0,0,-32310,0,0,0,0,0,35594,0
35592,-888,8058,730,72,-8,17,12521,0,4,2,0,37255,131,27,65,0,0,0,0,0,0,0,0,-32311,0,0,0,0,0,35599,0
35597,-884,8070,706,75,-7,22,12521,0,5,1,0,37257,140,27,65,0,0,0,0,0,0,0,0,-32311,0,0,0,0,0,35604,0
35602,-894,8068,716,74,-7,24,12522,1,1,3,0,37257,140,27,65,0,0,0,0,0,0,0,0,-32310,0,0,0,0,0,35609,0
35607,-928,8068,732,69,-12,23,12521,-1,1,3,0,37253,137,27,65,0,0,0,0,0,0,0,0,-32310,0,0,0,0,0,35614,0
35612,-918,8070,738,68,-10,27,12521,-3,-1,3,0,37253,137,27,65,0,0,0,0,0,0,0,0,-32311,0,0,0,0,0,35619,0
35617,-910,8068,732,73,-16,21,12522,1,3,1,0,37255,130,27,65,0,0,0,0,0,0,0,0,-32310,0,0,0,0,0,35624,0
35622,-920,8076,732,72,-12,29,12521,2,0,1,0,37255,130,27,65,0,0,0,0,0,0,0,0,-32311,0,0,0,0,0,35629,0
35627,-924,8066,704,60,-15,24,12521,2,0,1,0,37256,124,27,65,0,0,0,0,0,0,0,0,-32311,0,0,0,0,0,35634,0
35632,-934,8060,748,66,-18,25,12521,2,1,2,0,37256,124,27,65,0,0,0,0,0,0,0,0,-32311,0,0,0,0,0,35639,0
35637,-886,8076,732,70,-22,22,12522,1,4,2,0,37257,126,27,65,0,0,0,0,0,0,0,0,-32311,0,0,0,0,0,35644,0
35642,-856,8058,724,69,-19,25,12521,0,1,1,0,37257,126,27,65,0,0,0,0,0,0,0,0,-32310,0,0,0,0,0,35649,0
35647,-898,8076,752,66,-18,25,12521,0,1,1,0,37255,127,27,65,0,0,0,0,0,0,0,0,-32310,0,0,0,0,0,35654,0
35652,-872,8054,730,67,-18,22,12521,-3,-3,0,0,37255,127,27,65,0,0,0,0,0,0,0,0,-32311,0,0,0,0,0,35659,0
35657,-878,8072,748,65,-24,23,12521,1,2,0,0,37253,128,27,65,0,0,0,0,0,0,0,0,-32310,0,0,0,0,0,35664,0
35662,-874,8058,736,70,-19,21,12521,-8,-1,1,0,37253,128,27,65,0,0,0,0,0,0,0,0,-32310,0,0,0,0,0,35669,0
35667,-874,8072,738,67,-18,25,12520,-8,-2,1,0,37252,125,27,65,0,0,0,0,0,0,0,0,-32310,0,0,0,0,0,35674,0
35672,-882,8098,740,67,-22,24,12522,4,1,1,0,37252,125,27,65,0,0,0,0,0,0,0,0,-32310,0,0,0,0,0,35679,0
35677,-884,8060,770,67,-19,22,12520,-4,-4,2,0,37254,117,27,65,0,0,0,0,0,0,0,0,-32311,0,0,0,0,0,35684,0
35682,-900,8080,762,66,-19,22,12521,-4,-1,0,0,37254,117,27,65,0,0,0,0,0,0,0,0,-32311,0,0,0,0,0,35689,0
35687,-868,8056,752,66,-21,21,12521,1,2,0,0,37257,111,27,65,0,0,0,0,0,0,0,0,-32311,0,0,0,0,0,35694,0
35692,-888,8052,754,64,-22,23,12523,8,2,1,0,37257,111,27,65,0,0,0,0,0,0,0,0,-32311,0,0,0,0,0,35699,0
35697,-886,8050,772,66,-17,22,12522,2,2,2,0,37257,113,27,65,0,0,0,0,0,0,0,0,-32310,0,0,0,0,0,35704,0
35702,-882,8062,754,64,-20,22,12522,2,4,2,0,37257,113,27,65,0,0,0,0,0,0,0,0,-32311,0,0,0,0,0,35709,0
35707,-882,8048,746,67,-17,20,12521,-3,-3,0,0,37257,117,27,65,0,0,0,0,0,0,0,0,-32311,0,0,0,0,0,35714,0
35712,-878,8068,742,70,-13,16,12520,-4,-5,0,0,37257,117,27,65,0,0,0,0,0,0,0,0,-32311,0,0,0,0,0,35719,0
35717,-866,8050,754,73,-11,16,12521,0,0,1,0,37259,117,27,65,0,0,0,0,0,0,0,0,-32311,0,0,0,0,0,35724,0
35722,-842,8074,762,71,-17,19,12522,-3,-1,1,0,37259,117,27,65,0,0,0,0,0,0,0,0,-32311,0,0,0,0,0,35729,0
35727,-904,8070,760,63,-14,21,12521,2,-2,1,0,37258,115,27,65,0,0,0,0,0,0,0,0,-32311,0,0,0,0,0,35734,0
35732,-890,8080,746,70,-8,15,12520,-4,-4,1,0,37258,115,27,65,0,0,0,0,0,0,0,0,-32310,0,0,0,0,0,35739,0
35737,-880,8046,738,75,-10,19,12522,-1,6,0,0,37257,112,27,65,0,0,0,0,0,0,0,0,-32310,0,0,0,0,0,35744,0
35742,-878,8052,740,66,-9,12,12521,-2,-4,0,0,37257,112,27,65,0,0,0,0,0,0,0,0,-32310,0,0,0,0,0,35749,0
35747,-902,8026,738,64,-7,17,12522,7,2,1,0,37252,118,27,65,0,0,0,0,0,0,0,0,-32310,0,0,0,0,0,35754,0
35752,-914,8048,736,66,-6,13,12522,1,0,1,0,37252,118,27,65,0,0,0,0,0,0,0,0,-32310,0,0,0,0,0,35759,0
35757,-892,8064,766,65,-9,14,12522,4,5,0,0,37251,119,27,65,0,0,0,0,0,0,0,0,-32310,0,0,0,0,0,35764,0
35762,-910,8050,734,62,-8,14,12522,3,0,2,0,37251,119,27,65,0,0,0,0,0,0,0,0,-32310,0,0,0,0,0,35769,0
35767,-866,8050,738,69,-9,17,12522,1,0,2,0,37250,115,27,65,0,0,0,0,0,0,0,0,-32310,0,0,0,0,0,35774,0
35772,-888,8070,734,64,-6,15,12521,1,1,1,0,37250,115,27,65,0,0,0,0,0,0,0,0,-32310,0,0,0,0,0,35779,0
35777,-878,8070,746,63,-12,16,12521,0,-3,1,0,37250,119,27,65,0,0,0,0,0,0,0,0,-32310,0,0,0,0,0,35784,0
35782,-902,8038,710,69,-7,20,12522,0,-1,2,0,37250,119,27,65,0,0,0,0,0,0,0,0,-32310,0,0,0,0,0,35789,0
35787,-896,8068,726,64,-7,14,12523,11,2,0,0,37259,122,27,65,0,0,0,0,0,0,0,0,-32311,0,0,0,0,0,35794,0
35792,-872,8090,716,73,-11,17,12521,-1,-1,0,0,37259,122,27,65,0,0,0,0,0,0,0,0,-32311,0,0,0,0,0,35799,0
35797,-874,8088,734,64,-6,17,12521,-3,-5,2,0,37262,121,27,65,0,0,0,0,0,0,0,0,-32311,0,0,0,0,0,35804,0
35802,-898,8078,724,67,-8,15,12523,1,-6,1,0,37262,121,27,65,0,0,0,0,0,0,0,0,-32310,0,0,0,0,0,35809,0
35807,-894,8080,762,68,-7,14,12521,-3,3,1,0,37262,122,27,65,0,0,0,0,0,0,0,0,-32311,0,0,0,0,0,35814,0
35812,-904,8074,734,63,-14,13,12522,0,-2,1,0,37262,122,27,65,0,0,0,0,0,0,0,0,-32310,0,0,0,0,0,35819,0
35817,-910,8034,732,64,-10,15,12522,-5,-7,2,0,37259,126,27,65,0,0,0,0,0,0,0,0,-32310,0,0,0,0,0,35824,0
35822,-906,8042,738,63,-10,18,12521,-4,1,2,0,37259,126,27,65,0,0,0,0,0,0,0,0,-32311,0,0,0,0,0,35829,0
35827,-896,8064,720,67,-10,16,12522,3,3,2,0,37254,130,27,65,0,0,0,0,0,0,0,0,-32310,0,0,0,0,0,35834,0
35832,-898,8056,750,66,-7,13,12522,3,2,3,0,37254,130,27,65,0,0,0,0,0,0,0,0,-32311,0,0,0,0,0,35839,0
35837,-916,8056,728,64,-13,17,12522,3,2,2,0,37255,129,27,65,0,0,0,0,0,0,0,0,-32311,0,0,0,0,0,35844,0
35842,-926,8066,722,66,-13,15,12522,-1,2,2,0,37255,129,27,65,0,0,0,0,0,0,0,0,-32311,0,0,0,0,0,35849,0
35847,-916,8044,726,67,-12,9,12523,0,0,3,0,37254,117,27,65,0,0,0,0,0,0,0,0,-32310,0,0,0,0,0,35854,0
35852,-934,8040,746,64,-5,16,12522,0,-1,3,0,37254,117,27,65,0,0,0,0,0,0,0,0,-32310,0,0,0,0,0,35859,0
35857,-910,8056,748,58,-11,13,12522,-7,-3,1,0,37255,115,27,65,0,0,0,0,0,0,0,0,-32311,0,0,0,0,0,35864,0
35862,-884,8054,754,57,-18,24,12522,0,-4,1,0,37255,115,27,65,0,0,0,0,0,0,0,0,-32311,0,0,0,0,0,35869,0
35867,-914,8084,742,65,-10,18,12522,3,2,1,0,37255,114,27,65,0,0,0,0,0,0,0,0,-32310,0,0,0,0,0,35874,0
35872,-886,8068,756,65,-11,18,12522,-1,1,1,0,37255,114,27,65,0,0,0,0,0,0,0,0,-32310,0,0,0,0,0,35879,0
35877,-900,8050,762,61,-11,13,12523,-3,-1,1,0,37255,107,27,65,0,0,0,0,0,0,0,0,-32310,0,0,0,0,0,35884,0
35882,-888,8066,750,64,-11,17,12522,0,3,1,0,37255,107,27,65,0,0,0,0,0,0,0,0,-32311,0,0,0,0,0,35889,0
35887,-888,8068,740,69,-9,18,12522,3,1,0,0,37255,111,27,65,0,0,0,0,0,0,0,0,-32311,0,0,0,0,0,35894,0
35892,-900,8068,760,64,-12,16,12522,-2,-1,1,0,37255,111,27,65,0,0,0,0,0,0,0,0,-32310,0,0,0,0,0,35899,0
35897,-876,8054,752,63,-13,19,12522,-2,-1,3,0,37260,116,27,65,0,0,0,0,0,0,0,0,-32311,0,0,0,0,0,35904,0
35902,-890,8056,740,66,-11,12,12523,2,-1,2,0,37260,116,27,65,0,0,0,0,0,0,0,0,-32311,0,0,0,0,0,35909,0
35907,-892,8058,754,63,-12,15,12523,8,0,1,0,37260,125,27,65,0,0,0,0,0,0,0,0,-32310,0,0,0,0,0,35914,0
35912,-898,8064,734,60,-12,13,12522,3,3,1,0,37260,125,27,65,0,0,0,0,0,0,0,0,-32310,0,0,0,0,0,35919,0
35917,-898,8066,740,62,-11,13,12521,-9,4,1,0,37259,125,27,65,0,0,0,0,0,0,0,0,-32310,0,0,0,0,0,35924,0
35922,-908,8048,748,56,-12,12,12522,-1,-4,2,0,37259,125,27,65,0,0,0,0,0,0,0,0,-32311,0,0,0,0,0,35929,0
35927,-928,8076,752,64,-15,9,12522,-5,-2,1,0,37255,134,27,65,0,0,0,0,0,0,0,0,-32310,0,0,0,0,0,35934,0
35932,-908,8084,724,65,-12,10,12522,-6,4,2,0,37255,134,27,65,0,0,0,0,0,0,0,0,-32311,0,0,0,0,0,35939,0
35937,-970,8088,690,68,-14,9,12522,-3,-1,2,0,37255,132,27,65,0,0,0,0,0,0,0,0,-32310,0,0,0,0,0,35944,0
35942,-894,8014,720,64,-16,11,12522,-3,0,2,0,37255,132,27,65,0,0,0,0,0,0,0,0,-32311,0,0,0,0,0,35949,0
35947,-842,8066,714,59,-6,11,12522,-6,-1,2,0,37254,135,27,65,0,0,0,0,0,0,0,0,-32310,0,0,0,0,0,35954,0
35952,-900,8054,716,58,-13,10,12524,8,2,2,0,37254,135,27,65,0,0,0,0,0,0,0,0,-32310,0,0,0,0,0,35959,0
35957,-910,8056,746,55,-18,11,12522,3,3,2,0,37253,128,27,65,0,0,0,0,0,0,0,0,-32310,0,0,0,0,0,35964,0
35962,-898,8044,754,58,-15,9,12523,0,-1,1,0,37253,128,27,65,0,0,0,0,0,0,0,0,-32311,0,0,0,0,0,35969,0
35967,-922,8038,718,52,-13,9,12522,-5,-3,1,0,37257,127,27,65,0,0,0,0,0,0,0,0,-32310,0,0,0,0,0,35974,0
35972,-922,8048,722,60,-18,12,12522,-6,2,2,0,37257,127,27,65,0,0,0,0,0,0,0,0,-32311,0,0,0,0,0,35979,0
35977,-966,8074,738,52,-13,9,12521,0,-1,2,0,37261,112,27,65,0,0,0,0,0,0,0,0,-32310,0,0,0,0,0,35984,0
35982,-974,8078,672,61,-18,10,12523,3,-2,1,0,37261,112,27,65,0,0,0,0,0,0,0,0,-32311,0,0,0,0,0,35989,0
35987,-946,8066,730,53,-17,12,12523,2,2,2,0,37259,107,27,65,0,0,0,0,0,0,0,0,-32311,0,0,0,0,0,35994,0
35992,-926,8034,724,57,-19,10,12522,-1,2,1,0,37259,107,27,65,0,0,0,0,0,0,0,0,-32311,0,0,0,0,0,35999,0
35997,-912,8060,718,52,-19,8,12522,1,3,2,0,37256,109,27,65,0,0,0,0,0,0,0,0,-32310,0,0,0,0,0,36004,0
36002,-932,8074,758,55,-18,12,12522,0,-3,5,0,37256,109,27,65,0,0,0,0,0,0,0,0,-32310,0,0,0,0,0,36009,0
36007,-924,8066,768,48,-17,10,12522,1,2,2,0,37259,122,27,65,0,0,0,0,0,0,0,0,-32310,0,0,0,0,0,36014,0
36012,-922,8048,756,46,-14,11,12524,-3,-1,1,0,37259,122,27,65,0,0,0,0,0,0,0,0,-32310,0,0,0,0,0,36019,0
36017,-922,8050,742,52,-14,7,12523,5,6,1,0,37259,128,27,65,0,0,0,0,0,0,0,0,-32310,0,0,0,0,0,36024,0
36022,-932,8056,756,50,-15,10,12522,-3,0,2,0,37259,128,27,65,0,0,0,0,0,0,0,0,-32310,0,0,0,0,0,36029,0
36027,-902,8060,742,49,-16,9,12523,0,-2,2,0,37260,122,27,65,0,0,0,0,0,0,0,0,-32310,0,0,0,0,0,36034,0
36032,-888,8066,742,51,-11,9,12524,3,-2,2,0,37260,122,27,65,0,0,0,0,0,0,0,0,-32310,0,0,0,0,0,36039,0
36037,-980,8074,698,53,-14,9,12524,5,3,2,0,37254,123,27,65,0,0,0,0,0,0,0,0,-32310,0,0,0,0,0,36044,0
36042,-926,8042,744,50,-11,13,12523,-1,1,1,0,37254,123,27,65,0,0,0,0,0,0,0,0,-32311,0,0,0,0,0,36049,0
36047,-872,8032,754,52,-14,11,12523,0,0,3,0,37253,116,27,65,0,0,0,0,0,0,0,0,-32311,0,0,0,0,0,36054,0
36052,-902,8052,756,52,-15,9,12523,0,-1,1,0,37253,116,27,65,0,0,0,0,0,0,0,0,-32310,0,0,0,0,0,36059,0
36057,-914,8072,762,49,-12,13,12523,2,0,2,0,37251,121,27,65,0,0,0,0,0,0,0,0,-32310,0,0,0,0,0,36064,0
36062,-878,8050,750,53,-10,8,12523,3,1,1,0,37251,121,27,65,0,0,0,0,0,0,0,0,-32311,0,0,0,0,0,36069,0
36067,-896,8060,740,52,-13,8,12523,0,0,2,0,37253,118,27,65,0,0,0,0,0,0,0,0,-32312,0,0,0,0,0,36074,0
36072,-934,8072,770,51,-10,5,12523,-2,-2,3,0,37253,118,27,65,0,0,0,0,0,0,0,0,-32310,0,0,0,0,0,36079,0
36077,-916,8070,754,49,-12,13,12522,-3,2,1,0,37254,126,27,65,0,0,0,0,0,0,0,0,-32311,0,0,0,0,0,36084,0
36082,-958,8064,674,55,-9,10,12523,-2,-6,3,0,37254,126,27,65,0,0,0,0,0,0,0,0,-32310,0,0,0,0,0,36089,0
36087,-942,8038,730,51,-16,6,12522,-2,-2,2,0,37256,131,27,65,0,0,0,0,0,0,0,0,-32310,0,0,0,0,0,36094,0
36092,-910,8022,762,45,-15,8,12523,4,3,1,0,37256,131,27,65,0,0,0,0,0,0,0,0,-32310,0,0,0,0,0,36099,0
36097,-940,8074,762,48,-15,5,12523,1,2,2,0,37256,133,27,65,0,0,0,0,0,0,0,0,-32310,0,0,0,0,0,36104,0
36102,-942,8044,784,46,-13,6,12524,5,0,1,0,37256,133,27,65,0,0,0,0,0,0,0,0,-32311,0,0,0,0,0,36109,0
36107,-922,8034,766,45,-10,7,12522,0,1,2,0,37254,128,27,65,0,0,0,0,0,0,0,0,-32310,0,0,0,0,0,36114,0
36112,-918,8026,740,49,-14,8,12523,-1,2,2,0,37254,128,27,65,0,0,0,0,0,0,0,0,-32310,0,0,0,0,0,36119,0
36117,-980,8048,702,52,-8,8,12522,-7,-2,1,0,37258,123,27,65,0,0,0,0,0,0,0,0,-32310,0,0,0,0,0,36124,0
36122,-944,8056,770,48,-13,9,12522,-5,0,2,0,37258,123,27,65,0,0,0,0,0,0,0,0,-32310,0,0,0,0,0,36129,0
36127,-914,8036,750,55,-11,2,12523,0,-2,2,0,37258,119,27,65,0,0,0,0,0,0,0,0,-32310,0,0,0,0,0,36134,0
36132,-926,8068,752,50,-13,3,12523,3,1,3,0,37258,119,27,65,0,0,0,0,0,0,0,0,-32310,0,0,0,0,0,36139,0
36137,-932,8086,776,48,-10,8,12523,1,4,1,0,37259,121,27,65,0,0,0,0,0,0,0,0,-32311,0,0,0,0,0,36144,0
36142,-924,8070,776,48,-11,4,12523,-3,1,2,0,37259,121,27,65,0,0,0,0,0,0,0,0,-32310,0,0,0,0,0,36149,0
36147,-930,8056,760,46,-11,7,12522,-2,0,2,0,37252,121,27,65,0,0,0,0,0,0,0,0,-32310,0,0,0,0,0,36154,0
36152,-928,8064,760,47,-9,11,12523,0,0,1,0,37252,121,27,65,0,0,0,0,0,0,0,0,-32310,0,0,0,0,0,36159,0
36157,-890,8122,792,43,-8,10,12522,-3,-1,2,0,37252,124,27,65,0,0,0,0,0,0,0,0,-32311,0,0,0,0,0,36164,0
36162,-816,8142,740,48,-12,10,12523,0,1,2,0,37252,124,27,65,0,0,0,0,0,0,0,0,-32310,0,0,0,0,0,36169,0
36167,-918,8018,764,44,-17,4,12523,0,5,2,0,37252,119,27,65,0,0,0,0,0,0,0,0,-32310,0,0,0,0,0,36174,0
36172,-930,8064,748,45,-5,10,12523,-8,0,2,0,37252,119,27,65,0,0,0,0,0,0,0,0,-32311,0,0,0,0,0,36179,0
36177,-926,8050,734,48,-10,10,12523,-2,-2,3,0,37247,119,27,65,0,0,0,0,0,0,0,0,-32310,0,0,0,0,0,36184,0
36182,-930,8056,774,48,-13,7,12523,1,-3,3,0,37247,119,27,65,0,0,0,0,0,0,0,0,-32310,0,0,0,0,0,36189,0
36187,-928,8038,770,38,-10,10,12524,1,1,2,0,37245,117,27,65,0,0,0,0,0,0,0,0,-32310,0,0,0,0,0,36194,0
36192,-972,8118,764,43,-12,10,12524,1,2,0,0,37245,117,27,65,0,0,0,0,0,0,0,0,-32311,0,0,0,0,0,36199,0
36197,-950,8090,726,44,-10,9,12523,0,4,1,0,37242,118,27,65,0,0,0,0,0,0,0,0,-32310,0,0,0,0,0,36204,0
36202,-928,8004,764,45,-16,8,12524,-1,-2,3,0,37242,118,27,65,0,0,0,0,0,0,0,0,-32310,0,0,0,0,0,36209,0
36207,-874,8050,770,42,-11,13,12523,-4,-2,2,0,37244,116,27,65,0,0,0,0,0,0,0,0,-32310,0,0,0,0,0,36214,0
36212,-918,8040,752,43,-17,8,12523,-1,0,1,0,37244,116,27,65,0,0,0,0,0,0,0,0,-32311,0,0,0,0,0,36219,0
36217,-922,8060,786,39,-13,7,12524,1,-1,0,0,37251,120,27,65,0,0,0,0,0,0,0,0,-32311,0,0,0,0,0,36224,0
36222,-934,8044,810,40,-12,9,12522,-4,-1,2,0,37251,120,27,65,0,0,0,0,0,0,0,0,-32310,0,0,0,0,0,36229,0
36227,-898,8062,742,41,-11,8,12523,-3,-1,2,0,37257,125,27,65,0,0,0,0,0,0,0,0,-32310,0,0,0,0,0,36234,0
36232,-940,8064,776,41,-12,5,12523,0,1,4,0,37257,125,27,65,0,0,0,0,0,0,0,0,-32311,0,0,0,0,0,36239,0
36237,-928,8140,784,41,-20,9,12523,4,6,2,0,37258,127,27,65,0,0,0,0,0,0,0,0,-32310,0,0,0,0,0,36244,0
36242,-822,8116,756,43,-15,8,12523,-3,0,2,0,37258,127,27,65,0,0,0,0,0,0,0,0,-32311,0,0,0,0,0,36249,0
36247,-910,8014,794,40,-20,7,12523,1,3,3,0,37253,120,27,65,0,0,0,0,0,0,0,0,-32310,0,0,0,0,0,36254,0
36252,-932,8054,778,40,-17,7,12523,-7,0,2,0,37253,120,27,65,0,0,0,0,0,0,0,0,-32310,0,0,0,0,0,36259,0
36257,-912,8044,778,44,-13,8,12522,-7,3,2,0,37252,123,27,65,0,0,0,0,0,0,0,0,-32310,0,0,0,0,0,36264,0
36262,-932,8042,804,39,-14,5,12524,0,-5,2,0,37252,123,27,65,0,0,0,0,0,0,0,0,-32310,0,0,0,0,0,36269,0
36267,-914,8058,794,36,-21,7,12524,2,4,0,0,37251,123,27,65,0,0,0,0,0,0,0,0,-32310,0,0,0,0,0,36274,0
36272,-916,8134,764,43,-22,5,12524,3,3,1,0,37251,123,27,65,0,0,0,0,0,0,0,0,-32310,0,0,0,0,0,36279,0
36277,-844,8124,804,44,-19,6,12524,0,-3,1,0,37253,129,27,65,0,0,0,0,0,0,0,0,-32310,0,0,0,0,0,36284,0
36282,-898,8032,782,47,-24,4,12524,3,-1,1,0,37253,129,27,65,0,0,0,0,0,0,0,0,-32310,0,0,0,0,0,36289,0
36287,-900,8032,798,34,-20,8,12523,2,1,3,0,37253,124,27,65,0,0,0,0,0,0,0,0,-32310,0,0,0,0,0,36294,0
36292,-946,8058,780,37,-17,7,12523,-3,0,2,0,37253,124,27,65,0,0,0,0,0,0,0,0,-32310,0,0,0,0,0,36299,0
36297,-928,8046,778,37,-20,7,12524,3,-3,2,0,37253,127,27,65,0,0,0,0,0,0,0,0,-32311,0,0,0,0,0,36304,0
36302,-916,8048,762,40,-16,5,12523,-6,-4,2,0,37253,127,27,65,0,0,0,0,0,0,0,0,-32310,0,0,0,0,0,36309,0
36307,-942,8154,774,40,-20,7,12524,0,1,0,0,37254,130,27,65,0,0,0,0,0,0,0,0,-32310,0,0,0,0,0,36314,0
36312,-908,8024,804,37,-18,8,12523,-1,-3,0,0,37254,130,27,65,0,0,0,0,0,0,0,0,-32310,0,0,0,0,0,36319,0
36317,-934,8046,802,39,-15,7,12523,0,1,1,0,37254,127,27,65,0,0,0,0,0,0,0,0,-32310,0,0,0,0,0,36324,0
36322,-918,8096,762,38,-17,3,12525,2,-3,1,0,37254,127,27,65,0,0,0,0,0,0,0,0,-32311,0,0,0,0,0,36329,0
36327,-894,8054,778,42,-15,4,12524,1,2,1,0,37255,129,27,65,0,0,0,0,0,0,0,0,-32310,0,0,0,0,0,36334,0
36332,-914,8042,778,40,-14,5,12523,2,1,2,0,37255,129,27,65,0,0,0,0,0,0,0,0,-32311,0,0,0,0,0,36339,0
36337,-984,8032,714,41,-13,-2,12524,1,-3,1,0,37256,128,27,65,0,0,0,0,0,0,0,0,-32311,0,0,0,0,0,36344,0
36342,-938,8014,778,40,-14,2,12523,3,-2,0,0,37256,128,27,65,0,0,0,0,0,0,0,0,-32311,0,0,0,0,0,36349,0
36347,-892,8044,794,41,-15,4,12523,4,3,1,0,37256,123,27,65,0,0,0,0,0,0,0,0,-32311,0,0,0,0,0,36354,0
36352,-950,8052,760,35,-10,3,12523,-2,0,1,0,37256,123,27,65,0,0,0,0,0,0,0,0,-32311,0,0,0,0,0,36359,0
36357,-928,8062,804,43,-8,2,12523,0,-1,2,0,37262,125,27,65,0,0,0,0,0,0,0,0,-32311,0,0,0,0,0,36364,0
36362,-940,8028,800,35,-11,1,12524,-3,-2,1,0,37262,125,27,65,0,0,0,0,0,0,0,0,-32311,0,0,0,0,0,36369,0
36367,-948,8118,778,40,-8,1,12524,4,1,1,0,37270,125,27,65,0,0,0,0,0,0,0,0,-32310,0,0,0,0,0,36374,0
36372,-948,7992,804,35,-9,0,12524,-3,0,2,0,37270,125,27,65,0,0,0,0,0,0,0,0,-32311,0,0,0,0,0,36379,0
36377,-950,8044,800,38,-17,0,12524,1,1,1,0,37279,128,27,65,0,0,0,0,0,0,0,0,-32311,0,0,0,0,0,36384,0
36382,-970,8068,782,34,-14,-1,12524,1,-5,2,0,37279,128,27,65,0,0,0,0,0,0,0,0,-32311,0,0,0,0,0,36389,0
36387,-950,8074,774,37,-14,3,12525,9,2,1,0,37276,121,27,65,0,0,0,0,0,0,0,0,-32311,0,0,0,0,0,36394,0
36392,-924,8088,774,31,-14,1,12522,-3,1,1,0,37276,121,27,65,0,0,0,0,0,0,0,0,-32310,0,0,0,0,0,36399,0
36397,-974,8056,710,33,-13,0,12525,9,1,2,0,37268,123,27,65,0,0,0,0,0,0,0,0,-32310,0,0,0,0,0,36404,0
36402,-946,8030,806,32,-16,-1,12524,-1,-1,3,0,37268,123,27,65,0,0,0,0,0,0,0,0,-32310,0,0,0,0,0,36409,0
36407,-924,8044,808,29,-22,5,12523,-6,4,2,0,37255,123,27,65,0,0,0,0,0,0,0,0,-32310,0,0,0,0,0,36414,0
36412,-926,8062,754,37,-16,0,12524,0,-4,1,0,37255,123,27,65,0,0,0,0,0,0,0,0,-32310,0,0,0,0,0,36419,0
36417,-958,8050,812,35,-19,-4,12524,3,1,1,0,37253,126,27,65,0,0,0,0,0,0,0,0,-32310,0,0,0,0,0,36424,0
36422,-968,8050,802,33,-18,1,12523,-2,3,1,0,37253,126,27,65,0,0,0,0,0,0,0,0,-32311,0,0,0,0,0,36429,0
36427,-888,8050,810,33,-22,0,12525,4,2,1,0,37253,126,27,65,0,0,0,0,0,0,0,0,-32310,0,0,0,0,0,36435,0
36432,-970,8026,834,24,-22,-2,12524,0,2,2,0,37253,126,27,65,0,0,0,0,0,0,0,0,-32310,0,0,0,0,0,36440,0
36437,-986,8062,806,26,-21,1,12523,-3,-1,1,0,37260,129,27,65,0,0,0,0,0,0,0,0,-32311,0,0,0,0,0,36445,0
36442,-942,8056,804,27,-22,3,12524,-3,-2,1,0,37260,129,27,65,0,0,0,0,0,0,0,0,-32311,0,0,0,0,0,36450,0
36447,-990,8046,824,32,-28,1,12523,0,1,2,0,37262,137,27,65,0,0,0,0,0,0,0,0,-32310,0,0,0,0,0,36455,0
36452,-1008,8022,800,34,-20,2,12523,-5,1,2,0,37262,137,27,65,0,0,0,0,0,0,0,0,-32311,0,0,0,0,0,36460,0
36457,-922,8054,810,31,-23,-3,12523,-5,-2,1,0,37259,134,27,65,0,0,0,0,0,0,0,0,-32311,0,0,0,0,0,36465,0
36462,-964,8040,804,25,-28,3,12523,-1,2,3,0,37259,134,27,65,0,0,0,0,0,0,0,0,-32311,0,0,0,0,0,36470,0
36467,-978,8050,814,32,-25,5,12523,-2,1,3,0,37252,127,27,65,0,0,0,0,0,0,0,0,-32310,0,0,0,0,0,36475,0
36472,-976,8112,876,29,-24,6,12524,-5,2,2,0,37252,127,27,65,0,0,0,0,0,0,0,0,-32310,0,0,0,0,0,36480,0
36477,-886,8088,798,32,-25,7,12524,0,2,0,0,37254,122,27,65,0,0,0,0,0,0,0,0,-32311,0,0,0,0,0,36485,0
36482,-958,7982,828,26,-20,1,12524,-2,1,1,0,37254,122,27,65,0,0,0,0,0,0,0,0,-32311,0,0,0,0,0,36490,0
36487,-980,8036,868,26,-21,4,12523,-7,-1,0,0,37259,129,27,65,0,0,0,0,0,0,0,0,-32311,0,0,0,0,0,36495,0
36492,-934,8040,828,25,-17,4,12524,3,1,1,0,37259,129,27,65,0,0,0,0,0,0,0,0,-32310,0,0,0,0,0,36500,0
36497,-946,8042,850,32,-17,3,12524,0,1,2,0,37261,122,27,65,0,0,0,0,0,0,0,0,-32310,0,0,0,0,0,36505,0
36502,-904,8040,862,37,-14,4,12523,0,0,2,0,37261,122,27,65,0,0,0,0,0,0,0,0,-32310,0,0,0,0,0,36510,0
36507,-936,8066,834,29,-11,7,12525,-3,4,1,0,37256,111,27,65,0,0,0,0,0,0,0,0,-32310,0,0,0,0,0,36515,0
36512,-1032,8022,794,33,-17,5,12524,3,1,0,0,37256,111,27,65,0,0,0,0,0,0,0,0,-32311,0,0,0,0,0,36520,0
36517,-972,8024,824,29,-13,8,12523,0,-4,1,0,37253,102,27,65,0,0,0,0,0,0,0,0,-32310,0,0,0,0,0,36525,0
36522,-908,8042,842,28,-15,3,12524,0,3,2,0,37253,102,27,65,0,0,0,0,0,0,0,0,-32311,0,0,0,0,0,36530,0
36527,-914,8038,828,33,-17,6,12525,1,1,1,0,37253,107,27,65,0,0,0,0,0,0,0,0,-32310,0,0,0,0,0,36535,0
36532,-974,8066,820,37,-17,2,12525,4,0,1,0,37253,107,27,65,0,0,0,0,0,0,0,0,-32311,0,0,0,0,0,36540,0
36537,-952,8048,852,27,-14,6,12524,2,-5,1,0,37253,123,27,65,0,0,0,0,0,0,0,0,-32311,0,0,0,0,0,36545,0
36542,-980,8052,806,34,-10,9,12525,2,3,0,0,37253,123,27,65,0,0,0,0,0,0,0,0,-32310,0,0,0,0,0,36550,0
36547,-984,8050,780,38,-13,7,12524,-2,3,2,0,37257,120,27,65,0,0,0,0,0,0,0,0,-32310,0,0,0,0,0,36555,0
36552,-940,7984,828,32,-18,10,12523,-4,0,2,0,37257,120,27,65,0,0,0,0,0,0,0,0,-32310,0,0,0,0,0,36560,0
36557,-992,8012,836,37,-21,7,12524,-6,1,1,0,37257,124,27,65,0,0,0,0,0,0,0,0,-32311,0,0,0,0,0,36565,0
36562,-978,8024,840,35,-21,7,12523,-3,0,2,0,37257,124,27,65,0,0,0,0,0,0,0,0,-32311,0,0,0,0,0,36570,0
36567,-1006,8046,848,34,-15,9,12524,0,0,1,0,37258,122,27,65,0,0,0,0,0,0,0,0,-32310,0,0,0,0,0,36575,0
36572,-964,8030,826,40,-19,9,12523,1,-4,3,0,37258,122,27,65,0,0,0,0,0,0,0,0,-32311,0,0,0,0,0,36580,0
36577,-984,8080,818,44,-19,7,12524,1,0,0,0,37253,126,27,65,0,0,0,0,0,0,0,0,-32310,0,0,0,0,0,36585,0
36582,-1050,8060,810,33,-19,11,12524,3,2,2,0,37253,126,27,65,0,0,0,0,0,0,0,0,-32311,0,0,0,0,0,36590,0
36587,-988,7992,826,34,-22,8,12525,4,-2,2,0,37253,125,27,65,0,0,0,0,0,0,0,0,-32311,0,0,0,0,0,36595,0
36592,-948,8024,822,39,-22,10,12524,1,1,3,0,37253,125,27,65,0,0,0,0,0,0,0,0,-32310,0,0,0,0,0,36600,0
36597,-950,8048,812,35,-20,16,12524,4,-2,2,0,37253,123,27,65,0,0,0,0,0,0,0,0,-32310,0,0,0,0,0,36605,0
36602,-974,8034,866,39,-23,7,12524,3,1,2,0,37253,123,27,65,0,0,0,0,0,0,0,0,-32310,0,0,0,0,0,36610,0
36607,-942,8050,858,37,-19,12,12525,8,2,0,0,37255,121,27,65,0,0,0,0,0,0,0,0,-32310,0,0,0,0,0,36615,0
36612,-980,8038,852,36,-19,13,12525,-1,2,1,0,37255,121,27,65,0,0,0,0,0,0,0,0,-32311,0,0,0,0,0,36620,0
36617,-952,8064,842,34,-22,11,12524,0,0,1,0,37255,117,27,65,0,0,0,0,0,0,0,0,-32311,0,0,0,0,0,36625,0
36622,-1034,8040,794,36,-20,6,12524,1,-2,3,0,37255,117,27,65,0,0,0,0,0,0,0,0,-32311,0,0,0,0,0,36630,0
36627,-972,7990,812,44,-11,8,12524,3,-1,2,0,37253,117,27,65,0,0,0,0,0,0,0,0,-32311,0,0,0,0,0,36635,0
36632,-936,7988,840,40,-20,14,12525,3,2,3,0,37253,117,27,65,0,0,0,0,0,0,0,0,-32311,0,0,0,0,0,36640,0
36637,-968,8038,834,43,-18,10,12525,4,4,2,0,37254,123,27,65,0,0,0,0,0,0,0,0,-32311,0,0,0,0,0,36644,0
36642,-956,8040,862,35,-15,10,12523,-6,-2,0,0,37254,123,27,65,0,0,0,0,0,0,0,0,-32311,0,0,0,0,0,36650,0
36647,-938,8040,882,34,-15,12,12524,-5,1,3,0,37253,128,27,65,0,0,0,0,0,0,0,0,-32310,0,0,0,0,0,36654,0
36652,-958,8050,836,45,-12,13,12525,2,0,2,0,37253,128,27,65,0,0,0,0,0,0,0,0,-32311,0,0,0,0,0,36659,0
36657,-978,8038,828,40,-16,15,12525,5,2,2,0,37253,120,27,65,0,0,0,0,0,0,0,0,-32311,0,0,0,0,0,36664,0
36662,-952,8048,844,39,-14,13,12525,4,2,1,0,37253,120,27,65,0,0,0,0,0,0,0,0,-32310,0,0,0,0,0,36669,0
36667,-946,8056,862,39,-12,10,12524,-2,5,1,0,37253,121,27,65,0,0,0,0,0,0,0,0,-32311,0,0,0,0,0,36674,0
36672,-1038,8056,792,43,-10,4,12524,-5,-4,3,0,37253,121,27,65,0,0,0,0,0,0,0,0,-32311,0,0,0,0,0,36679,0
36677,-996,8052,842,39,-15,14,12526,5,5,1,0,37253,125,27,65,0,0,0,0,0,0,0,0,-32311,0,0,0,0,0,36684,0
36682,-914,8036,842,36,-17,13,12525,3,2,2,0,37253,125,27,65,0,0,0,0,0,0,0,0,-32311,0,0,0,0,0,36689,0
36687,-926,8022,850,36,-14,13,12523,-8,-6,1,0,37255,120,27,65,0,0,0,0,0,0,0,0,-32311,0,0,0,0,0,36694,0
36692,-984,8034,866,33,-14,15,12524,-6,-2,1,0,37255,120,27,65,0,0,0,0,0,0,0,0,-32311,0,0,0,0,0,36699,0
36697,-966,8014,862,38,-12,11,12524,-1,-1,3,0,37256,113,27,65,0,0,0,0,0,0,0,0,-32311,0,0,0,0,0,36704,0
36702,-986,8010,842,41,-13,15,12526,9,3,3,0,37256,113,27,65,0,0,0,0,0,0,0,0,-32311,0,0,0,0,0,36709,0
36707,-978,8040,854,37,-13,11,12524,0,1,1,0,37256,117,27,65,0,0,0,0,0,0,0,0,-32311,0,0,0,0,0,36714,0
36712,-960,8112,880,48,-19,15,12524,0,0,2,0,37256,117,27,65,0,0,0,0,0,0,0,0,-32310,0,0,0,0,0,36719,0
36717,-914,8106,842,31,-18,13,12524,0,0,2,0,37254,126,27,65,0,0,0,0,0,0,0,0,-32310,0,0,0,0,0,36724,0
36722,-970,7994,832,42,-15,9,12524,5,0,1,0,37254,126,27,65,0,0,0,0,0,0,0,0,-32311,0,0,0,0,0,36729,0
36727,-952,8030,876,40,-24,15,12525,2,0,2,0,37252,131,27,65,0,0,0,0,0,0,0,0,-32311,0,0,0,0,0,36734,0
36732,-974,8022,846,41,-14,14,12524,3,2,2,0,37252,131,27,65,0,0,0,0,0,0,0,0,-32311,0,0,0,0,0,36739,0
36737,-970,8022,884,38,-19,16,12525,-3,-1,2,0,37256,134,27,65,0,0,0,0,0,0,0,0,-32310,0,0,0,0,0,36744,0
36742,-1000,8026,874,35,-15,12,12525,-2,1,1,0,37256,134,27,65,0,0,0,0,0,0,0,0,-32311,0,0,0,0,0,36749,0
36747,-966,8028,864,42,-19,14,12525,7,-3,2,0,37259,138,27,65,0,0,0,0,0,0,0,0,-32310,0,0,0,0,0,36754,0
36752,-996,8028,880,40,-18,17,12525,3,-1,-1,0,37259,138,27,65,0,0,0,0,0,0,0,0,-32310,0,0,0,0,0,36759,0
36757,-958,8054,858,35,-17,14,12523,-4,-1,-1,0,37265,132,27,65,0,0,0,0,0,0,0,0,-32310,0,0,0,0,0,36764,0
36762,-978,8048,862,39,-16,15,12524,-2,0,3,0,37265,132,27,65,0,0,0,0,0,0,0,0,-32310,0,0,0,0,0,36769,0
36767,-958,8018,876,44,-20,14,12524,-3,2,2,0,37262,117,27,65,0,0,0,0,0,0,0,0,-32310,0,0,0,0,0,36774,0
36772,-1002,8010,840,42,-14,17,12525,3,-2,1,0,37262,117,27,65,0,0,0,0,0,0,0,0,-32310,0,0,0,0,0,36779,0
36777,-916,8014,866,37,-19,24,12525,4,-2,1,0,37262,108,27,65,0,0,0,0,0,0,0,0,-32310,0,0,0,0,0,36784,0
36782,-936,8024,846,40,-21,19,12524,0,3,2,0,37262,108,27,65,0,0,0,0,0,0,0,0,-32310,0,0,0,0,0,36789,0
36787,-932,8038,864,42,-13,13,12525,-1,1,1,0,37256,112,27,65,0,0,0,0,0,0,0,0,-32310,0,0,0,0,0,36794,0
36792,-936,8064,872,43,-16,16,12523,0,4,1,0,37256,112,27,65,0,0,0,0,0,0,0,0,-32311,0,0,0,0,0,36799,0
36797,-946,8024,868,41,-14,20,12524,3,3,3,0,37254,121,27,65,0,0,0,0,0,0,0,0,-32310,0,0,0,0,0,36804,0
36802,-962,8046,880,44,-16,19,12524,-4,-1,2,0,37254,121,27,65,0,0,0,0,0,0,0,0,-32311,0,0,0,0,0,36809,0
36807,-978,8024,878,52,-17,13,12526,2,2,1,0,37252,126,27,65,0,0,0,0,0,0,0,0,-32310,0,0,0,0,0,36814,0
36812,-966,8030,872,44,-16,16,12523,-10,3,3,0,37252,126,27,65,0,0,0,0,0,0,0,0,-32310,0,0,0,0,0,36819,0
36817,-968,8024,884,45,-16,18,12525,-4,1,2,0,37252,126,27,65,0,0,0,0,0,0,0,0,-32311,0,0,0,0,0,36824,0
36822,-1034,8012,858,48,-18,13,12525,0,-10,1,0,37252,126,27,65,0,0,0,0,0,0,0,0,-32311,0,0,0,0,0,36829,0
36827,-1006,8000,870,42,-14,17,12525,4,6,0,0,37254,114,27,65,0,0,0,0,0,0,0,0,-32310,0,0,0,0,0,36834,0
36832,-962,8000,858,42,-12,11,12526,6,0,2,0,37254,114,27,65,0,0,0,0,0,0,0,0,-32311,0,0,0,0,0,36839,0
36837,-968,8004,854,49,-18,21,12525,-1,-2,1,0,37255,116,27,65,0,0,0,0,0,0,0,0,-32310,0,0,0,0,0,36844,0
36842,-988,8036,902,45,-15,15,12525,-1,-1,1,0,37255,116,27,65,0,0,0,0,0,0,0,0,-32311,0,0,0,0,0,36849,0
36847,-986,8024,900,44,-16,13,12525,0,-4,2,0,37253,117,27,65,0,0,0,0,0,0,0,0,-32310,0,0,0,0,0,36854,0
36852,-1008,8034,876,39,-19,13,12525,4,-1,1,0,37253,117,27,65,0,0,0,0,0,0,0,0,-32310,0,0,0,0,0,36859,0
36857,-986,8034,886,44,-17,17,12525,0,-4,0,0,37257,124,27,65,0,0,0,0,0,0,0,0,-32310,0,0,0,0,0,36864,0
36862,-974,8022,910,46,-14,19,12524,-5,1,2,0,37257,124,27,65,0,0,0,0,0,0,0,0,-32311,0,0,0,0,0,36869,0
36867,-976,8028,874,49,-14,18,12526,8,0,1,0,37258,119,27,65,0,0,0,0,0,0,0,0,-32310,0,0,0,0,0,36874,0
36872,-980,8036,902,47,-16,23,12525,-3,2,1,0,37258,119,27,65,0,0,0,0,0,0,0,0,-32310,0,0,0,0,0,36879,0
36877,-960,8046,888,46,-17,19,12526,3,-1,2,0,37259,121,27,65,0,0,0,0,0,0,0,0,-32310,0,0,0,0,0,36884,0
36882,-984,8048,892,46,-14,18,12524,-4,-4,2,0,37259,121,27,65,0,0,0,0,0,0,0,0,-32310,0,0,0,0,0,36889,0
36887,-974,8024,882,56,-10,20,12526,4,-1,1,0,37253,120,27,65,0,0,0,0,0,0,0,0,-32310,0,0,0,0,0,36894,0
36892,-1008,8030,878,48,-12,17,12525,7,-4,3,0,37253,120,27,65,0,0,0,0,0,0,0,0,-32310,0,0,0,0,0,36899,0
36897,-972,8080,868,58,-14,15,12525,-1,5,3,0,37253,128,27,65,0,0,0,0,0,0,0,0,-32310,0,0,0,0,0,36904,0
36902,-914,8090,912,50,-17,27,12526,-1,-3,2,0,37253,128,27,65,0,0,0,0,0,0,0,0,-32310,0,0,0,0,0,36909,0
36907,-954,8066,890,49,-14,21,12525,-2,-1,0,0,37252,128,27,65,0,0,0,0,0,0,0,0,-32310,0,0,0,0,0,36914,0
36912,-1012,8040,852,51,-16,23,12524,-8,-3,2,0,37252,128,27,65,0,0,0,0,0,0,0,0,-32310,0,0,0,0,0,36919,0
36917,-1008,8042,876,50,-15,21,12526,0,-2,2,0,37253,121,27,65,0,0,0,0,0,0,0,0,-32310,0,0,0,0,0,36924,0
36922,-976,8050,918,47,-12,20,12525,3,1,1,0,37253,121,27,65,0,0,0,0,0,0,0,0,-32311,0,0,0,0,0,36930,0
36927,-964,7992,876,49,-10,17,12525,1,4,1,0,37247,121,27,65,0,0,0,0,0,0,0,0,-32310,0,0,0,0,0,36934,0
36932,-982,8030,872,49,-14,24,12525,0,-2,3,0,37247,121,27,65,0,0,0,0,0,0,0,0,-32311,0,0,0,0,0,36939,0
36937,-968,8062,892,54,-10,16,12525,-5,0,1,0,37243,121,27,65,0,0,0,0,0,0,0,0,-32310,0,0,0,0,0,36944,0
36942,-994,8048,878,51,-8,20,12525,-1,1,0,0,37243,121,27,65,0,0,0,0,0,0,0,0,-32311,0,0,0,0,0,36949,0
36947,-968,8026,888,49,-12,21,12525,0,-1,2,0,37242,126,27,65,0,0,0,0,0,0,0,0,-32310,0,0,0,0,0,36954,0
36952,-986,8042,886,52,-14,22,12524,-9,1,1,0,37242,126,27,65,0,0,0,0,0,0,0,0,-32311,0,0,0,0,0,36959,0
36957,-954,8054,872,52,-11,14,12525,-4,2,1,0,37245,118,27,65,0,0,0,0,0,0,0,0,-32310,0,0,0,0,0,36964,0
36962,-946,8030,894,52,-12,23,12526,-3,1,1,0,37245,118,27,65,0,0,0,0,0,0,0,0,-32310,0,0,0,0,0,36969,0
36967,-944,8048,886,50,-13,22,12524,-10,4,2,0,37250,118,27,65,0,0,0,0,0,0,0,0,-32310,0,0,0,0,0,36974,0
36972,-974,8064,898,54,-11,22,12526,2,2,1,0,37250,118,27,65,0,0,0,0,0,0,0,0,-32310,0,0,0,0,0,36979,0
36977,-956,8034,900,54,-13,21,12524,3,4,1,0,37249,120,27,65,0,0,0,0,0,0,0,0,-32310,0,0,0,0,0,36984,0
36982,-954,8036,878,53,-17,23,12527,9,7,2,0,37249,120,27,65,0,0,0,0,0,0,0,0,-32310,0,0,0,0,0,36989,0
36987,-956,8062,888,47,-14,17,12524,-7,0,1,0,37248,117,27,65,0,0,0,0,0,0,0,0,-32310,0,0,0,0,0,36994,0
36992,-862,8122,902,50,-12,19,12525,1,5,1,0,37248,117,27,65,0,0,0,0,0,0,0,0,-32311,0,0,0,0,0,36999,0
36997,-936,8036,904,52,-19,18,12525,-3,1,3,0,37246,124,27,65,0,0,0,0,0,0,0,0,-32310,0,0,0,0,0,37004,0
37002,-962,8034,890,46,-15,17,12525,-4,2,2,0,37246,124,27,65,0,0,0,0,0,0,0,0,-32311,0,0,0,0,0,37009,0
37007,-944,8056,872,50,-14,14,12526,2,4,0,0,37247,124,27,65,0,0,0,0,0,0,0,0,-32310,0,0,0,0,0,37014,0
37012,-978,8038,878,52,-15,17,12526,6,2,0,0,37247,124,27,65,0,0,0,0,0,0,0,0,-32310,0,0,0,0,0,37019,0
37017,-960,8024,874,50,-11,17,12525,-2,-1,0,0,37248,120,27,65,0,0,0,0,0,0,0,0,-32310,0,0,0,0,0,37024,0
37022,-952,8054,840,48,-14,9,12527,11,1,1,0,37248,120,27,65,0,0,0,0,0,0,0,0,-32310,0,0,0,0,0,37029,0
37027,-992,8076,868,52,-15,13,12525,0,2,1,0,37249,110,27,65,0,0,0,0,0,0,0,0,-32310,0,0,0,0,0,37034,0
37032,-968,8032,842,50,-18,11,12526,3,3,1,0,37249,110,27,65,0,0,0,0,0,0,0,0,-32310,0,0,0,0,0,37039,0
37037,-1010,8056,790,49,-14,6,12525,-4,-10,0,0,37251,109,27,65,0,0,0,0,0,0,0,0,-32310,0,0,0,0,0,37044,0
37042,-958,8028,848,48,-18,6,12526,6,5,1,0,37251,109,27,65,0,0,0,0,0,0,0,0,-32311,0,0,0,0,0,37049,0
37047,-894,8050,858,43,-16,7,12526,2,0,2,0,37251,117,27,65,0,0,0,0,0,0,0,0,-32310,0,0,0,0,0,37054,0
37052,-944,8072,848,40,-15,9,12525,1,4,1,0,37251,117,27,65,0,0,0,0,0,0,0,0,-32310,0,0,0,0,0,37059,0
37057,-968,8028,876,40,-12,1,12526,-5,-3,1,0,37248,124,27,65,0,0,0,0,0,0,0,0,-32310,0,0,0,0,0,37064,0
37062,-952,8026,874,40,-16,9,12526,1,0,0,0,37248,124,27,65,0,0,0,0,0,0,0,0,-32310,0,0,0,0,0,37069,0
37067,-1022,8018,858,41,-12,2,12526,5,2,0,0,37251,128,27,65,0,0,0,0,0,0,0,0,-32311,0,0,0,0,0,37074,0
37072,-950,8020,862,36,-12,6,12526,6,2,1,0,37251,128,27,65,0,0,0,0,0,0,0,0,-32310,0,0,0,0,0,37079,0
37077,-948,8010,856,33,-10,9,12527,8,2,2,0,37254,128,27,65,0,0,0,0,0,0,0,0,-32310,0,0,0,0,0,37084,0
37082,-954,8040,836,36,-12,4,12526,1,2,1,0,37254,128,27,65,0,0,0,0,0,0,0,0,-32310,0,0,0,0,0,37089,0
37087,-980,8034,866,40,-11,1,12526,-3,2,0,0,37255,131,27,65,0,0,0,0,0,0,0,0,-32310,0,0,0,0,0,37094,0
37092,-894,8082,824,32,-16,2,12527,5,-4,0,0,37255,131,27,65,0,0,0,0,0,0,0,0,-32311,0,0,0,0,0,37099,0
37097,-958,8008,858,35,-11,1,12527,0,-2,1,0,37249,127,27,65,0,0,0,0,0,0,0,0,-32310,0,0,0,0,0,37104,0
37102,-976,8020,876,32,-13,2,12527,2,-1,2,0,37249,127,27,65,0,0,0,0,0,0,0,0,-32310,0,0,0,0,0,37109,0
37107,-972,8056,846,33,-12,4,12526,0,-4,0,0,37247,120,27,65,0,0,0,0,0,0,0,0,-32310,0,0,0,0,0,37114,0
37112,-960,8020,888,27,-11,-1,12527,-2,1,0,0,37247,120,27,65,0,0,0,0,0,0,0,0,-32310,0,0,0,0,0,37119,0
37117,-942,8034,876,26,-11,3,12527,0,0,0,0,37249,114,27,65,0,0,0,0,0,0,0,0,-32310,0,0,0,0,0,37124,0
37122,-928,8066,888,27,-12,4,12529,6,5,0,0,37249,114,27,65,0,0,0,0,0,0,0,0,-32310,0,0,0,0,0,37129,0
37127,-974,8034,904,24,-12,-3,12528,3,-5,1,0,37251,114,27,65,0,0,0,0,0,0,0,0,-32310,0,0,0,0,0,37134,0
37132,-976,8060,890,28,-14,-1,12528,-1,-3,2,0,37251,114,27,65,0,0,0,0,0,0,0,0,-32311,0,0,0,0,0,37139,0
37137,-982,8058,886,24,-8,1,12527,-2,-2,0,0,37251,114,27,65,0,0,0,0,0,0,0,0,-32310,0,0,0,0,0,37144,0
37142,-974,8088,890,26,-9,1,12527,2,-3,0,0,37251,114,27,65,0,0,0,0,0,0,0,0,-32310,0,0,0,0,0,37149,0
37147,-832,8114,870,25,-13,0,12526,-7,0,1,0,37248,117,27,65,0,0,0,0,0,0,0,0,-32311,0,0,0,0,0,37154,0
37152,-1008,8024,900,20,-12,-2,12528,0,-2,0,0,37248,117,27,65,0,0,0,0,0,0,0,0,-32311,0,0,0,0,0,37159,0
37157,-990,8028,892,13,-6,-6,12528,-3,2,1,0,37247,125,27,65,0,0,0,0,0,0,0,0,-32310,0,0,0,0,0,37164,0
37162,-970,8056,860,22,-5,-2,12527,0,4,0,0,37247,125,27,65,0,0,0,0,0,0,0,0,-32310,0,0,0,0,0,37169,0
37167,-1064,8062,852,21,-6,-11,12528,-1,-1,0,0,37250,123,27,65,0,0,0,0,0,0,0,0,-32310,0,0,0,0,0,37174,0
37172,-966,8020,884,15,-12,-4,12529,-2,0,0,0,37250,123,27,65,0,0,0,0,0,0,0,0,-32311,0,0,0,0,0,37179,0
37177,-956,8032,866,17,-10,-4,12530,7,2,0,0,37254,126,27,65,0,0,0,0,0,0,0,0,-32311,0,0,0,0,0,37184,0
37182,-984,8076,878,12,-7,-11,12529,0,4,0,0,37254,126,27,65,0,0,0,0,0,0,0,0,-32310,0,0,0,0,0,37189,0
37187,-1006,8052,870,14,-10,-6,12529,0,-1,-2,0,37254,120,27,65,0,0,0,0,0,0,0,0,-32310,0,0,0,0,0,37194,0
37192,-952,8060,896,11,-15,-8,12530,6,-2,-2,0,37254,120,27,65,0,0,0,0,0,0,0,0,-32310,0,0,0,0,0,37199,0
37197,-1004,8038,872,11,-9,-7,12531,1,3,-2,0,37254,118,27,65,0,0,0,0,0,0,0,0,-32310,0,0,0,0,0,37204,0
37202,-1020,8052,882,12,-7,-12,12532,8,0,-4,0,37254,118,27,65,0,0,0,0,0,0,0,0,-32310,0,0,0,0,0,37209,0
37207,-1058,8064,840,13,-9,-6,12533,0,2,-9,0,37244,115,27,65,0,0,0,0,0,0,0,0,-32310,0,0,0,0,0,37213,0
37212,-986,8022,886,6,-18,-5,12534,12,2,-10,0,37244,115,27,65,0,0,0,0,0,0,0,0,-32310,0,0,0,0,0,37218,0
37217,-996,8012,874,4,-14,-8,12536,12,0,-16,0,37234,119,27,65,0,0,0,0,0,0,0,0,-32310,0,0,0,0,0,37223,0
37222,-1064,8066,870,3,-9,-4,12541,25,8,-26,0,37234,119,27,65,0,0,0,0,0,0,0,0,-32310,0,0,0,0,0,37228,0
37227,-1136,8028,874,5,-14,-5,12546,28,13,-43,0,37227,123,27,65,0,0,0,0,0,0,0,0,-32311,0,0,0,0,0,37233,0
37232,-966,8012,878,0,-19,-2,12557,45,29,-66,0,37227,123,27,65,0,0,0,0,0,0,0,0,-32310,0,0,0,0,0,37238,0
37237,-1010,8000,856,3,-14,-3,12568,58,35,-83,0,37222,134,27,65,0,0,0,0,0,0,0,0,-32311,0,0,0,0,0,37243,0
37242,-1078,8036,878,-1,-16,-2,12575,23,24,-64,0,37222,134,27,65,0,0,0,0,0,0,0,0,-32311,0,0,0,0,0,37248,0
37247,-1136,8034,868,4,-19,-10,12576,7,-4,-15,0,37227,129,27,65,0,0,0,0,0,0,0,0,-32310,0,0,0,0,0,37255,0
37252,-1030,8018,886,-7,-21,1,12577,-3,-32,0,0,37227,129,27,65,0,0,0,0,0,0,0,0,-32311,0,0,0,0,0,37258,0
37257,-1006,8010,888,-6,-26,-1,12577,-1,-46,0,0,37232,130,27,65,0,0,0,0,0,0,0,0,-32310,0,0,0,0,0,37263,0
37262,-1034,8040,884,-5,-25,-4,12576,6,-39,0,0,37232,130,27,65,0,0,0,0,0,0,0,0,-32310,0,0,0,0,0,37268,0
37267,-1030,8076,888,-4,-26,6,12577,7,-13,0,0,37236,126,27,65,0,0,0,0,0,0,0,0,-32310,0,0,0,0,0,37273,0
37272,-1008,8028,922,-8,-27,-3,12578,7,-7,1,0,37236,126,27,65,0,0,0,0,0,0,0,0,-32311,0,0,0,0,0,37278,0
37277,-1016,8038,906,-13,-22,3,12576,0,6,0,0,37248,120,27,65,0,0,0,0,0,0,0,0,-32310,0,0,0,0,0,37283,0
37282,-1084,8020,878,-15,-25,7,12576,1,-1,0,0,37248,120,27,65,0,0,0,0,0,0,0,0,-32310,0,0,0,0,0,37288,0
37287,-1056,8052,866,-11,-25,7,12577,0,-7,0,0,37256,117,27,65,0,0,0,0,0,0,0,0,-32310,0,0,0,0,0,37293,0
37292,-1032,8014,916,-24,-24,4,12576,-1,3,0,0,37256,117,27,65,0,0,0,0,0,0,0,0,-32310,0,0,0,0,0,37298,0
37297,-1042,8004,902,-19,-25,8,12576,1,-1,1,0,37255,112,27,65,0,0,0,0,0,0,0,0,-32310,0,0,0,0,0,37303,0
37302,-1046,8012,866,-18,-28,12,12576,-4,-3,1,0,37255,112,27,65,0,0,0,0,0,0,0,0,-32310,0,0,0,0,0,37308,0
37307,-1056,8108,904,-22,-21,16,12575,-6,1,0,0,37248,121,27,65,0,0,0,0,0,0,0,0,-32310,0,0,0,0,0,37313,0
37312,-1068,7976,880,-25,-27,14,12576,-7,1,0,0,37248,121,27,65,0,0,0,0,0,0,0,0,-32310,0,0,0,0,0,37318,0
37317,-1002,7978,896,-30,-27,14,12576,-3,3,0,0,37245,126,27,65,0,0,0,0,0,0,0,0,-32310,0,0,0,0,0,37323,0
37322,-1000,8028,898,-26,-21,13,12577,2,4,0,0,37245,126,27,65,0,0,0,0,0,0,0,0,-32310,0,0,0,0,0,37328,0
37327,-1004,8040,910,-27,-23,14,12576,-6,0,1,0,37244,121,27,65,0,0,0,0,0,0,0,0,-32310,0,0,0,0,0,37333,0
37332,-1060,8028,890,-33,-21,16,12576,0,3,0,0,37244,121,27,65,0,0,0,0,0,0,0,0,-32311,0,0,0,0,0,37338,0
37337,-1058,7966,898,-30,-23,15,12577,10,1,0,0,37248,125,27,65,0,0,0,0,0,0,0,0,-32310,0,0,0,0,0,37343,0
37342,-992,8026,914,-35,-27,17,12576,1,1,1,0,37248,125,27,65,0,0,0,0,0,0,0,0,-32310,0,0,0,0,0,37348,0
37347,-1014,8038,898,-32,-20,20,12576,-5,3,1,0,37247,115,27,65,0,0,0,0,0,0,0,0,-32310,0,0,0,0,0,37354,0
37352,-1028,8022,922,-39,-22,14,12577,3,-1,0,0,37247,115,27,65,0,0,0,0,0,0,0,0,-32311,0,0,0,0,0,37358,0
37357,-1004,8070,938,-40,-21,21,12576,4,-1,0,0,37244,115,27,65,0,0,0,0,0,0,0,0,-32310,0,0,0,0,0,37363,0
37362,-1054,8052,864,-37,-16,16,12576,0,-2,0,0,37244,115,27,65,0,0,0,0,0,0,0,0,-32310,0,0,0,0,0,37368,0
37367,-1076,7990,912,-45,-21,23,12577,0,-2,0,0,37242,113,27,65,0,0,0,0,0,0,0,0,-32310,0,0,0,0,0,37373,0
37372,-980,8042,920,-47,-26,26,12577,1,1,1,0,37242,113,27,65,0,0,0,0,0,0,0,0,-32310,0,0,0,0,0,37378,0
37377,-1004,8030,924,-46,-23,22,12576,0,-2,4,0,37251,123,27,65,0,0,0,0,0,0,0,0,-32310,0,0,0,0,0,37383,0
37382,-1008,8026,972,-51,-22,20,12576,0,-3,1,0,37251,123,27,65,0,0,0,0,0,0,0,0,-32311,0,0,0,0,0,37388,0
37387,-1026,8026,938,-50,-27,20,12576,-3,-1,2,0,37254,128,27,65,0,0,0,0,0,0,0,0,-32310,0,0,0,0,0,37393,0
37392,-1000,8040,972,-57,-22,23,12577,2,-1,1,0,37254,128,27,65,0,0,0,0,0,0,0,0,-32311,0,0,0,0,0,37398,0
37397,-1032,8058,958,-55,-21,26,12576,4,-1,1,0,37252,121,27,65,0,0,0,0,0,0,0,0,-32311,0,0,0,0,0,37403,0
37402,-1064,8022,940,-59,-19,27,12576,-3,1,1,0,37252,121,27,65,0,0,0,0,0,0,0,0,-32310,0,0,0,0,0,37408,0
37407,-1058,8062,958,-58,-19,24,12576,-3,-4,0,0,37247,120,27,65,0,0,0,0,0,0,0,0,-32310,0,0,0,0,0,37413,0
37412,-1060,7986,920,-57,-23,26,12577,2,-1,0,0,37247,120,27,65,0,0,0,0,0,0,0,0,-32310,0,0,0,0,0,37418,0
37417,-1004,8004,962,-59,-20,31,12577,5,0,1,0,37245,122,27,65,0,0,0,0,0,0,0,0,-32310,0,0,0,0,0,37423,0
37422,-998,8010,952,-65,-18,31,12577,1,0,0,0,37245,122,27,65,0,0,0,0,0,0,0,0,-32310,0,0,0,0,0,37428,0
37427,-1038,8028,956,-65,-18,30,12576,3,1,1,0,37247,119,27,65,0,0,0,0,0,0,0,0,-32310,0,0,0,0,0,37433,0
37432,-1028,8048,998,-64,-26,41,12576,-3,1,0,0,37247,119,27,65,0,0,0,0,0,0,0,0,-32310,0,0,0,0,0,37438,0
37437,-1034,8020,1018,-64,-18,36,12577,1,-4,1,0,37247,119,27,65,0,0,0,0,0,0,0,0,-32310,0,0,0,0,0,37443,0
37442,-1068,8004,992,-65,-24,35,12577,5,0,0,0,37247,119,27,65,0,0,0,0,0,0,0,0,-32310,0,0,0,0,0,37448,0
37447,-1092,7982,1000,-68,-25,40,12576,-3,-1,0,0,37247,123,27,65,0,0,0,0,0,0,0,0,-32310,0,0,0,0,0,37453,0
37452,-1086,7988,1026,-68,-24,36,12577,3,-1,0,0,37247,123,27,65,0,0,0,0,0,0,0,0,-32310,0,0,0,0,0,37458,0
37457,-1182,7984,966,-69,-28,41,12577,0,1,0,0,37247,127,27,65,0,0,0,0,0,0,0,0,-32310,0,0,0,0,0,37463,0
37462,-1072,7966,990,-67,-29,52,12576,0,0,0,0,37247,127,27,65,0,0,0,0,0,0,0,0,-32310,0,0,0,0,0,37468,0
37467,-1062,8010,994,-73,-32,49,12577,-3,0,0,0,37247,125,27,65,0,0,0,0,0,0,0,0,-32310,0,0,0,0,0,37473,0
37472,-1118,7994,1012,-74,-41,51,12578,3,0,0,0,37247,125,27,65,0,0,0,0,0,0,0,0,-32310,0,0,0,0,0,37478,0
37477,-1098,7988,1032,-71,-31,52,12577,4,3,0,0,37252,126,27,65,0,0,0,0,0,0,0,0,-32311,0,0,0,0,0,37483,0
37482,-1084,7984,1036,-68,-35,52,12577,4,0,-1,0,37252,126,27,65,0,0,0,0,0,0,0,0,-32310,0,0,0,0,0,37488,0
37487,-1074,7992,1062,-69,-36,54,12577,0,0,0,0,37253,124,27,65,0,0,0,0,0,0,0,0,-32310,0,0,0,0,0,37493,0
37492,-1080,7984,1040,-70,-34,57,12578,0,6,1,0,37253,124,27,65,0,0,0,0,0,0,0,0,-32311,0,0,0,0,0,37498,0
37497,-1054,8016,1050,-71,-38,64,12579,4,4,1,0,37254,118,27,65,0,0,0,0,0,0,0,0,-32310,0,0,0,0,0,37503,0
37502,-1074,8014,1040,-74,-34,65,12578,-5,0,0,0,37254,118,27,65,0,0,0,0,0,0,0,0,-32311,0,0,0,0,0,37508,0
37507,-1064,7996,1038,-75,-37,67,12577,1,0,-1,0,37252,112,27,65,0,0,0,0,0,0,0,0,-32311,0,0,0,0,0,37513,0
37512,-1052,8024,1052,-74,-39,70,12578,3,-2,0,0,37252,112,27,65,0,0,0,0,0,0,0,0,-32310,0,0,0,0,0,37518,0
37517,-1074,7992,1058,-71,-34,73,12578,0,0,0,0,37249,113,27,65,0,0,0,0,0,0,0,0,-32311,0,0,0,0,0,37523,0
37522,-1070,8014,1050,-71,-45,75,12576,-5,-3,0,0,37249,113,27,65,0,0,0,0,0,0,0,0,-32311,0,0,0,0,0,37528,0
37527,-1074,7976,1060,-75,-39,78,12579,0,0,0,0,37247,125,27,65,0,0,0,0,0,0,0,0,-32311,0,0,0,0,0,37533,0
37532,-1060,8012,1092,-74,-33,79,12579,8,1,0,0,37247,125,27,65,0,0,0,0,0,0,0,0,-32310,0,0,0,0,0,37538,0
37537,-1026,8004,1080,-67,-42,79,12579,7,-3,0,0,37249,135,27,65,0,0,0,0,0,0,0,0,-32310,0,0,0,0,0,37543,0
37542,-926,8016,1064,-74,-33,88,12579,0,4,-1,0,37249,135,27,65,0,0,0,0,0,0,0,0,-32310,0,0,0,0,0,37548,0
37547,-648,7834,1472,-106,-11,109,12579,1,6,0,0,37253,139,27,65,0,0,0,0,0,0,0,0,-32310,0,0,0,0,0,37553,0
37552,-840,7988,1028,-81,33,95,12580,5,0,-1,0,37253,139,27,65,0,0,0,0,0,0,0,0,-32311,0,0,0,0,0,37558,0
37557,-1006,8010,1196,-85,45,93,12580,-2,0,-1,0,37253,137,27,65,0,0,0,0,0,0,0,0,-32311,0,0,0,0,0,37563,0
37562,-966,7992,1108,-91,46,102,12579,7,0,-2,0,37253,137,27,65,0,0,0,0,0,0,0,0,-32310,0,0,0,0,0,37568,0
37567,-988,7968,1058,-94,50,102,12579,-4,-3,-1,0,37251,124,27,65,0,0,0,0,0,0,0,0,-32310,0,0,0,0,0,37573,0
37572,-1044,7982,1106,-92,61,103,12579,-4,1,-2,0,37251,124,27,65,0,0,0,0,0,0,0,0,-32311,0,0,0,0,0,37578,0
37577,-1004,8016,1140,-88,67,105,12581,2,-1,-2,0,37247,121,27,65,0,0,0,0,0,0,0,0,-32310,0,0,0,0,0,37583,0
37582,-1018,8006,1156,-90,74,110,12581,8,0,-2,0,37247,121,27,65,0,0,0,0,0,0,0,0,-32310,0,0,0,0,0,37588,0
37587,-962,8020,1198,-95,80,107,12581,5,2,-2,0,37247,122,27,65,0,0,0,0,0,0,0,0,-32310,0,0,0,0,0,37593,0
37592,-940,8000,1210,-95,94,109,12581,-1,2,-1,0,37247,122,27,65,0,0,0,0,0,0,0,0,-32311,0,0,0,0,0,37598,0
37597,-910,7992,1254,-93,101,114,12581,-1,2,0,0,37245,127,27,65,0,0,0,0,0,0,0,0,-32311,0,0,0,0,0,37603,0
37602,-910,7994,1246,-98,115,119,12581,-2,-1,0,0,37245,127,27,65,0,0,0,0,0,0,0,0,-32310,0,0,0,0,0,37608,0
37607,-926,7936,1254,-95,120,121,12581,0,-4,-2,0,37246,126,27,65,0,0,0,0,0,0,0,0,-32311,0,0,0,0,0,37613,0
37612,-888,8000,1294,-96,146,121,12581,-5,-2,-2,0,37246,126,27,65,0,0,0,0,0,0,0,0,-32310,0,0,0,0,0,37618,0
37617,-886,7970,1270,-106,154,130,12582,1,0,-2,0,37243,122,27,65,0,0,0,0,0,0,0,0,-32311,0,0,0,0,0,37623,0
37622,-900,7952,1290,-101,163,125,12583,5,3,-2,0,37243,122,27,65,0,0,0,0,0,0,0,0,-32310,0,0,0,0,0,37628,0
37627,-862,7980,1278,-103,178,126,12583,2,4,0,0,37246,118,27,65,0,0,0,0,0,0,0,0,-32310,0,0,0,0,0,37633,0
37632,-896,7988,1292,-102,203,128,12583,0,1,0,0,37246,118,27,65,0,0,0,0,0,0,0,0,-32310,0,0,0,0,0,37638,0
37637,-880,7948,1252,-111,212,129,12583,6,0,0,0,37255,124,27,65,0,0,0,0,0,0,0,0,-32311,0,0,0,0,0,37643,0
37642,-904,8004,1314,-110,219,129,12583,3,2,0,0,37255,124,27,65,0,0,0,0,0,0,0,0,-32310,0,0,0,0,0,37648,0
37647,-880,8018,1316,-103,229,136,12582,-6,-2,-1,0,37259,125,27,65,0,0,0,0,0,0,0,0,-32310,0,0,0,0,0,37653,0
37652,-862,7998,1300,-101,254,132,12583,-3,1,-2,0,37259,125,27,65,0,0,0,0,0,0,0,0,-32310,0,0,0,0,0,37658,0
37657,-884,7982,1290,-113,257,132,12583,4,0,0,0,37259,123,27,65,0,0,0,0,0,0,0,0,-32310,0,0,0,0,0,37663,0
37662,-882,7994,1302,-107,268,136,12584,7,-2,0,0,37259,123,27,65,0,0,0,0,0,0,0,0,-32310,0,0,0,0,0,37668,0
37667,-876,8010,1278,-108,275,135,12583,-7,-1,-1,0,37253,116,27,65,0,0,0,0,0,0,0,0,-32310,0,0,0,0,0,37673,0
37672,-854,8000,1326,-114,290,138,12582,-9,-2,0,0,37253,116,27,65,0,0,0,0,0,0,0,0,-32310,0,0,0,0,0,37678,0
37677,-850,7986,1322,-115,306,139,12585,6,-1,-1,0,37249,116,27,65,0,0,0,0,0,0,0,0,-32310,0,0,0,0,0,37683,0
37682,-850,7974,1312,-111,311,141,12585,1,1,-1,0,37249,116,27,65,0,0,0,0,0,0,0,0,-32310,0,0,0,0,0,37688,0
37687,-858,7988,1290,-104,321,140,12583,0,-4,-1,0,37249,117,27,65,0,0,0,0,0,0,0,0,-32310,0,0,0,0,0,37693,0
37692,-842,7960,1330,-114,344,132,12585,0,3,-3,0,37249,117,27,65,0,0,0,0,0,0,0,0,-32310,0,0,0,0,0,37698,0
37697,-856,7930,1300,-114,357,139,12585,1,2,-2,0,37250,121,27,65,0,0,0,0,0,0,0,0,-32310,0,0,0,0,0,37703,0
37702,-842,8028,1388,-112,361,136,12585,-1,-2,-1,0,37250,121,27,65,0,0,0,0,0,0,0,0,-32311,0,0,0,0,0,37708,0
37707,-842,8008,1322,-115,371,141,12584,-9,1,0,0,37250,121,27,65,0,0,0,0,0,0,0,0,-32310,0,0,0,0,0,37713,0
37712,-818,7958,1308,-118,382,141,12585,3,-1,-2,0,37250,121,27,65,0,0,0,0,0,0,0,0,-32311,0,0,0,0,0,37718,0
37717,-874,7964,1320,-118,393,138,12585,0,-4,-2,0,37250,127,27,65,0,0,0,0,0,0,0,0,-32310,0,0,0,0,0,37723,0
37722,-882,7986,1320,-121,404,136,12586,3,3,-2,0,37250,127,27,65,0,0,0,0,0,0,0,0,-32310,0,0,0,0,0,37728,0
37727,-922,7968,1294,-118,408,140,12586,-3,1,-1,0,37247,133,27,65,0,0,0,0,0,0,0,0,-32310,0,0,0,0,0,37733,0
37732,-886,7976,1248,-116,421,141,12586,0,0,0,0,37247,133,27,65,0,0,0,0,0,0,0,0,-32310,0,0,0,0,0,37738,0
37737,-860,7974,1282,-109,424,132,12586,-5,-4,-2,0,37242,130,27,65,0,0,0,0,0,0,0,0,-32310,0,0,0,0,0,37743,0
37742,-884,8004,1304,-119,432,139,12587,4,1,-1,0,37242,130,27,65,0,0,0,0,0,0,0,0,-32310,0,0,0,0,0,37748,0
37747,-872,7994,1262,-113,435,134,12586,-1,-4,0,0,37238,129,27,65,0,0,0,0,0,0,0,0,-32310,0,0,0,0,0,37753,0
37752,-844,8036,1310,-110,439,137,12587,0,0,-1,0,37238,129,27,65,0,0,0,0,0,0,0,0,-32311,0,0,0,0,0,37758,0
37757,-816,7994,1302,-110,445,131,12586,0,-2,-2,0,37239,123,27,65,0,0,0,0,0,0,0,0,-32310,0,0,0,0,0,37763,0
37762,-850,8008,1290,-106,446,139,12587,-3,-2,-1,0,37239,123,27,65,0,0,0,0,0,0,0,0,-32311,0,0,0,0,0,37768,0
37767,-846,8008,1322,-115,448,135,12589,5,5,-1,0,37242,125,27,65,0,0,0,0,0,0,0,0,-32310,0,0,0,0,0,37773,0
37772,-844,8036,1306,-119,466,134,12587,0,2,0,0,37242,125,27,65,0,0,0,0,0,0,0,0,-32310,0,0,0,0,0,37778,0
37777,-812,8040,1340,-112,469,131,12587,-4,3,0,0,37244,125,27,65,0,0,0,0,0,0,0,0,-32310,0,0,0,0,0,37783,0
37782,-820,8016,1334,-111,481,129,12588,-3,-4,-2,0,37244,125,27,65,0,0,0,0,0,0,0,0,-32310,0,0,0,0,0,37788,0
37787,-776,8044,1348,-116,489,130,12589,7,6,-2,0,37245,132,27,65,0,0,0,0,0,0,0,0,-32310,0,0,0,0,0,37793,0
37792,-674,8064,1242,-112,502,126,12590,7,5,-3,0,37245,132,27,65,0,0,0,0,0,0,0,0,-32310,0,0,0,0,0,37798,0
37797,-730,8002,1322,-108,501,125,12590,9,2,-5,0,37249,133,27,65,0,0,0,0,0,0,0,0,-32310,0,0,0,0,0,37803,0
37802,-740,8024,1410,-118,505,128,12590,3,1,-1,0,37249,133,27,65,0,0,0,0,0,0,0,0,-32310,0,0,0,0,0,37808,0
37807,-780,7984,1318,-110,504,123,12590,-4,-6,-5,0,37251,124,27,65,0,0,0,0,0,0,0,0,-32310,0,0,0,0,0,37813,0
37812,-792,8004,1470,-113,520,118,12591,2,-1,-5,0,37251,124,27,65,0,0,0,0,0,0,0,0,-32310,0,0,0,0,0,37818,0
37817,-820,8000,1302,-114,523,115,12590,3,-2,-5,0,37252,122,27,65,0,0,0,0,0,0,0,0,-32310,0,0,0,0,0,37823,0
37822,-846,7918,1320,-108,537,114,12592,-2,-1,-6,0,37252,122,27,65,0,0,0,0,0,0,0,0,-32310,0,0,0,0,0,37828,0
37827,-840,8030,1406,-124,534,118,12592,2,-2,-8,0,37250,110,27,65,0,0,0,0,0,0,0,0,-32310,0,0,0,0,0,37833,0
37832,-882,8048,1390,-111,548,114,12594,0,2,-10,0,37250,110,27,65,0,0,0,0,0,0,0,0,-32310,0,0,0,0,0,37838,0
37837,-870,8052,1404,-112,559,115,12593,-1,3,-11,0,37248,107,27,65,0,0,0,0,0,0,0,0,-32310,0,0,0,0,0,37843,0
37842,-812,7962,1266,-120,559,113,12596,3,2,-14,0,37248,107,27,65,0,0,0,0,0,0,0,0,-32311,0,0,0,0,0,37848,0
37847,-778,8060,1284,-106,566,111,12598,11,7,-17,0,37248,107,27,65,0,0,0,0,0,0,0,0,-32311,0,0,0,0,0,37853,0
37852,-840,8128,1316,-111,564,106,12601,14,12,-24,0,37248,107,27,65,0,0,0,0,0,0,0,0,-32310,0,0,0,0,0,37858,0
37857,-824,8204,1302,-109,564,104,12607,21,12,-38,0,37249,113,27,65,0,0,0,0,0,0,0,0,-32310,0,0,0,0,0,37863,0
37862,-830,8168,1288,-107,560,105,12616,42,23,-65,0,37249,113,27,65,0,0,0,0,0,0,0,0,-32311,0,0,0,0,0,37868,0
37867,-812,8162,1258,-106,555,99,12630,64,40,-98,0,37248,116,27,65,0,0,0,0,0,0,0,0,-32311,0,0,0,0,0,37873,0
37872,-780,8172,1270,-94,553,94,12642,48,44,-104,0,37248,116,27,65,0,0,0,0,0,0,0,0,-32310,0,0,0,0,0,37878,0
37877,-838,8170,1306,-101,549,92,12647,19,23,-62,0,37248,113,27,65,0,0,0,0,0,0,0,0,-32311,0,0,0,0,0,37883,0
37882,-866,8092,1268,-108,548,90,12647,-2,-18,-13,0,37248,113,27,65,0,0,0,0,0,0,0,0,-32310,0,0,0,0,0,37888,0
37887,-868,8112,1298,-94,539,92,12648,0,-51,0,0,37248,122,27,65,0,0,0,0,0,0,0,0,-32310,0,0,0,0,0,37893,0
37892,-862,8018,1262,-84,529,80,12647,-7,-55,0,0,37248,122,27,65,0,0,0,0,0,0,0,0,-32310,0,0,0,0,0,37898,0
37897,-896,8034,1250,-90,512,77,12648,3,-27,-1,0,37254,130,27,65,0,0,0,0,0,0,0,0,-32310,0,0,0,0,0,37903,0
37902,-872,7994,1248,-90,509,66,12647,0,-7,-1,0,37254,130,27,65,0,0,0,0,0,0,0,0,-32311,0,0,0,0,0,37908,0
37907,-856,7976,1224,-88,499,66,12648,0,2,-1,0,37253,128,27,65,0,0,0,0,0,0,0,0,-32311,0,0,0,0,0,37913,0
37912,-868,7994,1260,-79,480,56,12648,-3,-1,-1,0,37253,128,27,65,0,0,0,0,0,0,0,0,-32310,0,0,0,0,0,37918,0
37917,-912,7978,1234,-76,470,51,12649,2,6,-2,0,37251,123,27,65,0,0,0,0,0,0,0,0,-32310,0,0,0,0,0,37923,0
37922,-910,7988,1264,-80,461,51,12649,3,-1,-4,0,37251,123,27,65,0,0,0,0,0,0,0,0,-32310,0,0,0,0,0,37928,0
37927,-888,8020,1250,-76,450,48,12648,-9,-2,-4,0,37252,110,27,65,0,0,0,0,0,0,0,0,-32310,0,0,0,0,0,37933,0
37932,-880,8056,1236,-64,427,33,12649,1,0,-5,0,37252,110,27,65,0,0,0,0,0,0,0,0,-32310,0,0,0,0,0,37938,0
37937,-904,8046,1190,-70,428,29,12650,0,3,-4,0,37247,116,27,65,0,0,0,0,0,0,0,0,-32310,0,0,0,0,0,37943,0
37942,-884,8048,1188,-65,418,29,12650,6,2,-5,0,37247,116,27,65,0,0,0,0,0,0,0,0,-32311,0,0,0,0,0,37948,0
37947,-852,8056,1182,-68,414,25,12651,5,1,-6,0,37246,118,27,65,0,0,0,0,0,0,0,0,-32310,0,0,0,0,0,37953,0
37952,-872,8084,1172,-67,395,17,12651,4,2,-6,0,37246,118,27,65,0,0,0,0,0,0,0,0,-32310,0,0,0,0,0,37958,0
37957,-890,8070,1180,-64,388,13,12651,-2,2,-7,0,37244,122,27,65,0,0,0,0,0,0,0,0,-32310,0,0,0,0,0,37963,0
37962,-934,8044,1178,-64,380,4,12652,-3,2,-8,0,37244,122,27,65,0,0,0,0,0,0,0,0,-32311,0,0,0,0,0,37968,0
37967,-938,8016,1188,-64,372,12,12654,10,0,-12,0,37244,125,27,65,0,0,0,0,0,0,0,0,-32310,0,0,0,0,0,37973,0
37972,-920,7984,1170,-63,365,11,12655,4,-1,-14,0,37244,125,27,65,0,0,0,0,0,0,0,0,-32310,0,0,0,0,0,37978,0
37977,-884,7988,1182,-71,358,4,12657,10,1,-15,0,37247,121,27,65,0,0,0,0,0,0,0,0,-32311,0,0,0,0,0,37983,0
37982,-860,8012,1146,-60,352,4,12659,8,4,-19,0,37247,121,27,65,0,0,0,0,0,0,0,0,-32311,0,0,0,0,0,37988,0
37987,-838,7998,1150,-72,348,11,12661,14,4,-23,0,37248,120,27,65,0,0,0,0,0,0,0,0,-32310,0,0,0,0,0,37993,0
37992,-786,8020,1196,-65,343,19,12665,16,3,-31,0,37248,120,27,65,0,0,0,0,0,0,0,0,-32310,0,0,0,0,0,37998,0
37997,-772,7994,1200,-76,340,22,12672,24,11,-50,0,37250,133,27,65,0,0,0,0,0,0,0,0,-32310,0,0,0,0,0,38003,0
38002,-698,8010,1208,-79,337,26,12684,57,22,-81,0,37250,133,27,65,0,0,0,0,0,0,0,0,-32310,0,0,0,0,0,38008,0
38007,-654,8038,1194,-74,333,30,12702,83,48,-122,0,37250,133,27,65,0,0,0,0,0,0,0,0,-32310,0,0,0,0,0,38013,0
38012,-672,8042,1168,-75,327,45,12716,67,51,-123,0,37250,133,27,65,0,0,0,0,0,0,0,0,-32311,0,0,0,0,0,38018,0
38017,-638,8006,1196,-74,324,61,12722,16,29,-68,0,37249,128,27,65,0,0,0,0,0,0,0,0,-32310,0,0,0,0,0,38023,0
38022,-682,7994,1196,-72,316,77,12725,6,-25,-17,0,37249,128,27,65,0,0,0,0,0,0,0,0,-32311,0,0,0,0,0,38028,0
38027,-606,7982,1246,-74,319,88,12723,-1,-62,-2,0,37249,122,27,65,0,0,0,0,0,0,0,0,-32310,0,0,0,0,0,38033,0
38032,-502,7990,1110,-59,314,114,12723,-3,-67,-4,0,37249,122,27,65,0,0,0,0,0,0,0,0,-32310,0,0,0,0,0,38038,0
38037,-522,8028,1204,-60,311,122,12723,-5,-43,-1,0,37245,115,27,65,0,0,0,0,0,0,0,0,-32310,0,0,0,0,0,38043,0
38042,-420,7986,1064,-45,313,137,12724,4,-11,-2,0,37245,115,27,65,0,0,0,0,0,0,0,0,-32311,0,0,0,0,0,38048,0
38047,-434,7976,1048,-46,314,150,12723,-3,2,-2,0,37244,119,27,65,0,0,0,0,0,0,0,0,-32310,0,0,0,0,0,38054,0
38052,-444,7966,1040,-31,319,170,12723,-5,-2,-1,0,37244,119,27,65,0,0,0,0,0,0,0,0,-32310,0,0,0,0,0,38059,0
38057,-352,8012,964,-13,317,190,12723,-3,4,-1,0,37244,124,27,65,0,0,0,0,0,0,0,0,-32310,0,0,0,0,0,38064,0
38062,-326,8022,998,-5,321,203,12723,0,4,-3,0,37244,124,27,65,0,0,0,0,0,0,0,0,-32310,0,0,0,0,0,38069,0
38067,-222,8058,956,10,321,224,12724,0,-1,-1,0,37248,123,27,65,0,0,0,0,0,0,0,0,-32311,0,0,0,0,0,38074,0
38072,-412,8036,798,48,336,237,12723,3,5,-2,0,37248,123,27,65,0,0,0,0,0,0,0,0,-32311,0,0,0,0,0,38079,0
38077,-424,8184,852,54,338,253,12724,3,3,-3,0,37252,121,27,65,0,0,0,0,0,0,0,0,-32310,0,0,0,0,0,38084,0
38082,-512,8186,970,71,332,257,12724,3,-2,-3,0,37252,121,27,65,0,0,0,0,0,0,0,0,-32311,0,0,0,0,0,38089,0
38087,-576,8148,976,74,324,264,12724,2,1,-2,0,37254,114,27,65,0,0,0,0,0,0,0,0,-32311,0,0,0,0,0,38094,0
38092,-378,8124,842,122,331,302,12722,-5,-1,0,0,37254,114,27,65,0,0,0,0,0,0,0,0,-32310,0,0,0,0,0,38099,0
38097,-318,8216,850,140,335,310,12724,0,-2,0,0,37255,116,27,65,0,0,0,0,0,0,0,0,-32310,0,0,0,0,0,38104,0
38102,-350,8196,862,149,334,314,12722,-2,-4,-2,0,37255,116,27,65,0,0,0,0,0,0,0,0,-32311,0,0,0,0,0,38109,0
38107,-398,8224,850,162,330,324,12723,3,3,-3,0,37251,110,27,65,0,0,0,0,0,0,0,0,-32310,0,0,0,0,0,38114,0
38112,-470,8184,868,202,332,341,12722,-4,2,-2,0,37251,110,27,65,0,0,0,0,0,0,0,0,-32310,0,0,0,0,0,38119,0
38117,-494,8220,882,213,329,352,12723,-6,0,-2,0,37249,117,27,65,0,0,0,0,0,0,0,0,-32310,0,0,0,0,0,38124,0
38122,-298,8240,904,225,332,362,12723,6,2,-2,0,37249,117,27,65,0,0,0,0,0,0,0,0,-32310,0,0,0,0,0,38129,0
38127,-374,8090,788,248,342,348,12724,1,1,-3,0,37248,116,27,65,0,0,0,0,0,0,0,0,-32310,0,0,0,0,0,38134,0
38132,-606,8310,934,272,339,374,12723,0,0,-3,0,37248,116,27,65,0,0,0,0,0,0,0,0,-32310,0,0,0,0,0,38139,0
38137,-512,8212,998,279,329,384,12723,0,-1,-2,0,37244,111,27,65,0,0,0,0,0,0,0,0,-32310,0,0,0,0,0,38144,0
38142,-464,8186,948,291,337,385,12723,1,1,-1,0,37244,111,27,65,0,0,0,0,0,0,0,0,-32311,0,0,0,0,0,38149,0
38147,-548,8224,1004,306,336,386,12724,6,1,-2,0,37245,109,27,65,0,0,0,0,0,0,0,0,-32311,0,0,0,0,0,38154,0
38152,-570,8200,1048,316,331,396,12725,7,-2,-1,0,37245,109,27,65,0,0,0,0,0,0,0,0,-32310,0,0,0,0,0,38159,0
38157,-616,8184,1060,322,335,399,12723,-1,-1,-2,0,37247,114,27,65,0,0,0,0,0,0,0,0,-32310,0,0,0,0,0,38164,0
38162,-606,8226,1090,319,330,405,12724,8,-2,-2,0,37247,114,27,65,0,0,0,0,0,0,0,0,-32310,0,0,0,0,0,38169,0
38167,-596,8234,1128,321,333,407,12723,-6,-5,-3,0,37246,123,27,65,0,0,0,0,0,0,0,0,-32310,0,0,0,0,0,38174,0
38172,-656,8194,1170,320,322,410,12723,-8,-2,-2,0,37246,123,27,65,0,0,0,0,0,0,0,0,-32311,0,0,0,0,0,38179,0
38177,-666,8176,1184,325,320,413,12723,4,-2,-2,0,37244,122,27,65,0,0,0,0,0,0,0,0,-32310,0,0,0,0,0,38184,0
38182,-680,8172,1200,317,313,407,12724,2,1,-3,0,37244,122,27,65,0,0,0,0,0,0,0,0,-32310,0,0,0,0,0,38189,0
38187,-662,8150,1208,318,306,415,12723,-2,-1,-1,0,37244,121,27,65,0,0,0,0,0,0,0,0,-32311,0,0,0,0,0,38194,0
38192,-674,8106,1270,310,297,422,12724,-3,2,-1,0,37244,121,27,65,0,0,0,0,0,0,0,0,-32311,0,0,0,0,0,38199,0
38197,-690,8102,1304,301,289,426,12723,4,2,0,0,37246,115,27,65,0,0,0,0,0,0,0,0,-32310,0,0,0,0,0,38204,0
38202,-692,8038,1334,300,280,424,12724,2,-2,-3,0,37246,115,27,65,0,0,0,0,0,0,0,0,-32311,0,0,0,0,0,38209,0
38207,-686,8024,1346,295,274,429,12723,0,-1,-5,0,37249,122,27,65,0,0,0,0,0,0,0,0,-32310,0,0,0,0,0,38214,0
38212,-694,7988,1366,278,246,436,12722,-3,3,-2,0,37249,122,27,65,0,0,0,0,0,0,0,0,-32311,0,0,0,0,0,38219,0
38217,-722,7978,1420,271,239,441,12723,0,0,-1,0,37248,113,27,65,0,0,0,0,0,0,0,0,-32310,0,0,0,0,0,38224,0
38222,-738,7942,1430,268,223,446,12724,2,-1,-1,0,37248,113,27,65,0,0,0,0,0,0,0,0,-32310,0,0,0,0,0,38229,0
38227,-758,7914,1424,247,208,448,12723,0,3,-1,0,37248,111,27,65,0,0,0,0,0,0,0,0,-32310,0,0,0,0,0,38234,0
38232,-734,7826,1428,230,174,451,12723,-2,-1,-2,0,37248,111,27,65,0,0,0,0,0,0,0,0,-32310,0,0,0,0,0,38239,0
38237,-764,7792,1450,218,159,455,12724,5,-2,-2,0,37246,110,27,65,0,0,0,0,0,0,0,0,-32310,0,0,0,0,0,38244,0
38242,-762,7810,1442,217,144,460,12724,0,0,-1,0,37246,110,27,65,0,0,0,0,0,0,0,0,-32311,0,0,0,0,0,38249,0
38247,-768,7806,1476,207,124,461,12723,0,4,-2,0,37246,116,27,65,0,0,0,0,0,0,0,0,-32310,0,0,0,0,0,38254,0
38252,-778,7784,1480,188,97,466,12724,4,-3,-1,0,37246,116,27,65,0,0,0,0,0,0,0,0,-32310,0,0,0,0,0,38259,0
38257,-778,7792,1486,177,84,466,12723,0,-1,-1,0,37245,118,27,65,0,0,0,0,0,0,0,0,-32310,0,0,0,0,0,38264,0
38262,-852,7780,1470,172,64,466,12724,-1,-2,-2,0,37245,118,27,65,0,0,0,0,0,0,0,0,-32310,0,0,0,0,0,38269,0
38267,-806,7788,1474,165,50,469,12725,12,0,-1,0,37246,120,27,65,0,0,0,0,0,0,0,0,-32310,0,0,0,0,0,38274,0
38272,-864,7806,1462,149,16,473,12723,0,2,-3,0,37246,120,27,65,0,0,0,0,0,0,0,0,-32310,0,0,0,0,0,38279,0
38277,-890,7800,1472,139,2,475,12722,-5,2,-2,0,37248,119,27,65,0,0,0,0,0,0,0,0,-32310,0,0,0,0,0,38284,0
38282,-872,7832,1456,135,-15,474,12723,-1,-4,-2,0,37248,119,27,65,0,0,0,0,0,0,0,0,-32310,0,0,0,0,0,38289,0
38287,-874,7850,1466,124,-29,475,12722,0,2,-2,0,37248,119,27,65,0,0,0,0,0,0,0,0,-32311,0,0,0,0,0,38294,0
38292,-912,7888,1450,115,-54,480,12722,-6,0,-1,0,37248,119,27,65,0,0,0,0,0,0,0,0,-32310,0,0,0,0,0,38299,0
38297,-934,7906,1440,107,-72,478,12723,-3,5,-1,0,37244,117,27,65,0,0,0,0,0,0,0,0,-32311,0,0,0,0,0,38304,0
38302,-946,7910,1440,105,-83,466,12722,-7,2,0,0,37244,117,27,65,0,0,0,0,0,0,0,0,-32310,0,0,0,0,0,38309,0
38307,-944,7966,1420,95,-93,474,12723,-2,8,0,0,37242,117,27,65,0,0,0,0,0,0,0,0,-32311,0,0,0,0,0,38314,0
38312,-980,8000,1392,89,-118,464,12724,3,-1,0,0,37242,117,27,65,0,0,0,0,0,0,0,0,-32310,0,0,0,0,0,38319,0
38317,-994,8034,1418,90,-130,463,12723,-5,5,-1,0,37245,117,27,65,0,0,0,0,0,0,0,0,-32310,0,0,0,0,0,38324,0
38322,-1022,8074,1368,82,-137,456,12723,-1,0,0,0,37245,117,27,65,0,0,0,0,0,0,0,0,-32311,0,0,0,0,0,38329,0
38327,-1040,8082,1374,75,-142,454,12723,-2,-1,-1,0,37247,113,27,65,0,0,0,0,0,0,0,0,-32310,0,0,0,0,0,38334,0
38332,-1048,8138,1386,73,-145,438,12723,-7,4,-2,0,37247,113,27,65,0,0,0,0,0,0,0,0,-32311,0,0,0,0,0,38339,0
38337,-1058,8162,1372,63,-155,438,12725,3,-3,-2,0,37250,111,27,65,0,0,0,0,0,0,0,0,-32311,0,0,0,0,0,38344,0
38342,-1070,8178,1342,63,-153,434,12723,-4,-3,-3,0,37250,111,27,65,0,0,0,0,0,0,0,0,-32310,0,0,0,0,0,38349,0
38347,-1072,8216,1398,63,-143,425,12724,4,2,-2,0,37250,114,27,65,0,0,0,0,0,0,0,0,-32310,0,0,0,0,0,38354,0
38352,-1058,8246,1368,62,-141,410,12723,1,-6,-2,0,37250,114,27,65,0,0,0,0,0,0,0,0,-32310,0,0,0,0,0,38359,0
38357,-1080,8246,1368,55,-125,400,12724,1,6,-4,0,37249,112,27,65,0,0,0,0,0,0,0,0,-32310,0,0,0,0,0,38364,0
38362,-1080,8240,1368,56,-119,388,12722,-6,0,-4,0,37249,112,27,65,0,0,0,0,0,0,0,0,-32310,0,0,0,0,0,38369,0
38367,-1072,8204,1374,52,-108,385,12723,-3,0,-1,0,37248,114,27,65,0,0,0,0,0,0,0,0,-32311,0,0,0,0,0,38374,0
38372,-1090,8190,1342,53,-81,367,12723,-1,-1,-2,0,37248,114,27,65,0,0,0,0,0,0,0,0,-32310,0,0,0,0,0,38379,0
38377,-1100,8180,1348,57,-75,359,12723,-2,0,-2,0,37246,113,27,65,0,0,0,0,0,0,0,0,-32310,0,0,0,0,0,38384,0
38382,-1110,8160,1328,54,-60,350,12725,6,2,-3,0,37246,113,27,65,0,0,0,0,0,0,0,0,-32310,0,0,0,0,0,38389,0
38387,-1114,8126,1334,55,-50,332,12723,-4,0,-4,0,37247,114,27,65,0,0,0,0,0,0,0,0,-32310,0,0,0,0,0,38394,0
38392,-1102,8074,1352,53,-33,306,12724,0,1,-4,0,37247,114,27,65,0,0,0,0,0,0,0,0,-32311,0,0,0,0,0,38399,0
38397,-1100,8036,1364,56,-18,295,12724,5,-1,-2,0,37247,113,27,65,0,0,0,0,0,0,0,0,-32310,0,0,0,0,0,38404,0
38402,-960,8010,1398,59,7,276,12723,0,4,-1,0,37247,113,27,65,0,0,0,0,0,0,0,0,-32310,0,0,0,0,0,38409,0
38407,-1130,7962,1366,60,6,264,12724,-2,-5,-3,0,37246,115,27,65,0,0,0,0,0,0,0,0,-32310,0,0,0,0,0,38414,0
38412,-1134,7904,1330,60,13,236,12723,-3,-2,-2,0,37246,115,27,65,0,0,0,0,0,0,0,0,-32310,0,0,0,0,0,38419,0
38417,-1132,7844,1326,56,17,222,12723,0,1,0,0,37250,115,27,65,0,0,0,0,0,0,0,0,-32310,0,0,0,0,0,38424,0
38422,-1102,7862,1344,51,12,212,12724,0,-2,-1,0,37250,115,27,65,0,0,0,0,0,0,0,0,-32310,0,0,0,0,0,38429,0
38427,-1100,7830,1384,52,12,196,12723,-3,1,-1,0,37251,113,27,65,0,0,0,0,0,0,0,0,-32311,0,0,0,0,0,38435,0
38432,-1062,7794,1346,45,15,172,12723,0,4,-1,0,37251,113,27,65,0,0,0,0,0,0,0,0,-32311,0,0,0,0,0,38440,0
38437,-1032,7780,1376,46,17,160,12723,0,-1,-1,0,37252,110,27,65,0,0,0,0,0,0,0,0,-32311,0,0,0,0,0,38445,0
38442,-1026,7770,1354,42,11,150,12724,4,-1,-2,0,37252,110,27,65,0,0,0,0,0,0,0,0,-32310,0,0,0,0,0,38450,0
38447,-1028,7746,1356,41,21,135,12722,2,0,-1,0,37252,111,27,65,0,0,0,0,0,0,0,0,-32310,0,0,0,0,0,38455,0
38452,-980,7758,1370,32,19,118,12723,4,2,-2,0,37252,111,27,65,0,0,0,0,0,0,0,0,-32310,0,0,0,0,0,38460,0
38457,-982,7734,1354,37,22,106,12723,-3,-1,-2,0,37249,112,27,65,0,0,0,0,0,0,0,0,-32310,0,0,0,0,0,38465,0
38462,-946,7718,1388,25,23,100,12722,-1,2,-2,0,37249,112,27,65,0,0,0,0,0,0,0,0,-32311,0,0,0,0,0,38470,0
38467,-888,7730,1368,22,28,90,12723,0,1,-1,0,37250,112,27,65,0,0,0,0,0,0,0,0,-32310,0,0,0,0,0,38475,0
38472,-882,7684,1376,9,28,78,12722,-5,-4,-2,0,37250,112,27,65,0,0,0,0,0,0,0,0,-32311,0,0,0,0,0,38480,0
38477,-870,7720,1364,14,27,72,12724,-1,1,-3,0,37250,112,27,65,0,0,0,0,0,0,0,0,-32311,0,0,0,0,0,38485,0
38482,-860,7718,1316,11,25,69,12723,-2,0,-3,0,37250,112,27,65,0,0,0,0,0,0,0,0,-32310,0,0,0,0,0,38490,0
38487,-864,7718,1326,6,28,55,12725,6,-2,-1,0,37251,118,27,65,0,0,0,0,0,0,0,0,-32310,0,0,0,0,0,38495,0
38492,-792,7752,1322,-4,12,49,12724,7,-1,-3,0,37251,118,27,65,0,0,0,0,0,0,0,0,-32310,0,0,0,0,0,38500,0
38497,-836,7762,1298,1,17,43,12722,-6,-2,-3,0,37251,115,27,65,0,0,0,0,0,0,0,0,-32311,0,0,0,0,0,38505,0
38502,-806,7770,1286,-5,8,37,12722,0,-3,-3,0,37251,115,27,65,0,0,0,0,0,0,0,0,-32310,0,0,0,0,0,38510,0
38507,-782,7798,1276,-9,6,37,12723,-1,-8,-3,0,37249,122,27,65,0,0,0,0,0,0,0,0,-32310,0,0,0,0,0,38515,0
38512,-772,7856,1254,-2,-4,22,12723,0,-3,-3,0,37249,122,27,65,0,0,0,0,0,0,0,0,-32311,0,0,0,0,0,38520,0
38517,-754,7854,1248,-1,-6,16,12725,4,-1,-4,0,37247,121,27,65,0,0,0,0,0,0,0,0,-32310,0,0,0,0,0,38525,0
38522,-716,7892,1240,-4,-6,15,12723,-6,-3,-3,0,37247,121,27,65,0,0,0,0,0,0,0,0,-32311,0,0,0,0,0,38530,0
38527,-760,7908,1246,-5,-14,9,12723,-1,-4,-5,0,37246,124,27,65,0,0,0,0,0,0,0,0,-32311,0,0,0,0,0,38535,0
38532,-742,7920,1226,-3,-19,-2,12723,-4,-4,-3,0,37246,124,27,65,0,0,0,0,0,0,0,0,-32310,0,0,0,0,0,38540,0
38537,-718,7936,1214,2,-29,-4,12723,-1,-1,-2,0,37246,127,27,65,0,0,0,0,0,0,0,0,-32310,0,0,0,0,0,38545,0
38542,-714,7916,1198,1,-26,-9,12723,0,-3,-2,0,37246,127,27,65,0,0,0,0,0,0,0,0,-32310,0,0,0,0,0,38550,0
38547,-742,7910,1212,9,-39,-16,12724,5,1,-2,0,37246,123,27,65,0,0,0,0,0,0,0,0,-32310,0,0,0,0,0,38555,0
38552,-682,7916,1194,12,-48,-15,12724,1,1,-2,0,37246,123,27,65,0,0,0,0,0,0,0,0,-32310,0,0,0,0,0,38560,0
38557,-692,7918,1198,13,-52,-25,12723,2,0,-2,0,37246,126,27,65,0,0,0,0,0,0,0,0,-32310,0,0,0,0,0,38565,0
38562,-632,7906,1178,21,-58,-26,12723,-1,-2,-2,0,37246,126,27,65,0,0,0,0,0,0,0,0,-32310,0,0,0,0,0,38570,0
38567,-644,7892,1188,21,-67,-33,12724,5,4,-1,0,37243,131,27,65,0,0,0,0,0,0,0,0,-32311,0,0,0,0,0,38575,0
38572,-630,7906,1200,28,-78,-42,12724,5,1,-2,0,37243,131,27,65,0,0,0,0,0,0,0,0,-32310,0,0,0,0,0,38580,0
38577,-620,7900,1202,32,-80,-43,12724,-2,2,-2,0,37243,127,27,65,0,0,0,0,0,0,0,0,-32311,0,0,0,0,0,38585,0
38582,-586,7894,1198,35,-89,-44,12723,0,2,-2,0,37243,127,27,65,0,0,0,0,0,0,0,0,-32310,0,0,0,0,0,38591,0
38587,-582,7920,1206,39,-92,-44,12724,6,-1,-2,0,37242,122,27,65,0,0,0,0,0,0,0,0,-32310,0,0,0,0,0,38596,0
38592,-552,7954,1220,42,-100,-49,12723,-1,1,-3,0,37242,122,27,65,0,0,0,0,0,0,0,0,-32311,0,0,0,0,0,38601,0
38597,-542,8012,1218,40,-101,-47,12724,5,1,-2,0,37244,116,27,65,0,0,0,0,0,0,0,0,-32310,0,0,0,0,0,38607,0
38602,-536,7986,1212,43,-101,-47,12724,0,0,-1,0,37244,116,27,65,0,0,0,0,0,0,0,0,-32311,0,0,0,0,0,38612,0
38607,-500,7994,1196,41,-103,-42,12723,-4,1,-2,0,37244,112,27,65,0,0,0,0,0,0,0,0,-32310,0,0,0,0,0,38617,0
38612,-562,8068,1230,40,-118,-43,12725,4,0,-1,0,37244,112,27,65,0,0,0,0,0,0,0,0,-32310,0,0,0,0,0,38623,0
38617,-544,8084,1220,42,-121,-41,12723,1,-2,-2,0,37244,107,27,65,0,0,0,0,0,0,0,0,-32310,0,0,0,0,0,38628,0
38622,-518,8072,1248,45,-121,-41,12723,-1,0,-2,0,37244,107,27,65,0,0,0,0,0,0,0,0,-32310,0,0,0,0,0,38633,0
38627,-474,8080,1254,46,-121,-41,12724,5,4,-2,0,37244,108,27,65,0,0,0,0,0,0,0,0,-32310,0,0,0,0,0,38639,0
38632,-500,8100,1228,40,-125,-38,12723,-1,-1,0,0,37244,108,27,65,0,0,0,0,0,0,0,0,-32310,0,0,0,0,0,38644,0
38637,-512,8130,1226,39,-133,-42,12723,2,2,-1,0,37250,106,27,65,0,0,0,0,0,0,0,0,-32310,0,0,0,0,0,38649,0
38642,-522,8140,1222,36,-138,-32,12723,-1,0,-2,0,37250,106,27,65,0,0,0,0,0,0,0,0,-32310,0,0,0,0,0,38655,0
38647,-504,8154,1224,40,-148,-33,12724,0,0,-1,0,37251,107,27,65,0,0,0,0,0,0,0,0,-32310,0,0,0,0,0,38660,0
38652,-484,8192,1246,36,-157,-33,12724,6,1,-2,0,37251,107,27,65,0,0,0,0,0,0,0,0,-32310,0,0,0,0,0,38665,0
38657,-500,8170,1232,36,-161,-38,12723,-3,-3,-3,0,37250,104,27,65,0,0,0,0,0,0,0,0,-32310,0,0,0,0,0,38671,0
38662,-488,8118,1240,33,-163,-33,12723,3,-1,-3,0,37250,104,27,65,0,0,0,0,0,0,0,0,-32310,0,0,0,0,0,38676,0
38667,-472,8132,1176,34,-158,-34,12724,4,0,-1,0,37242,109,27,65,0,0,0,0,0,0,0,0,-32311,0,0,0,0,0,38681,0
38672,-498,8148,1194,36,-170,-34,12724,4,4,-2,0,37242,109,27,65,0,0,0,0,0,0,0,0,-32311,0,0,0,0,0,38687,0
38677,-474,8122,1212,35,-174,-32,12723,-2,-5,-1,0,37242,117,27,65,0,0,0,0,0,0,0,0,-32310,0,0,0,0,0,38692,0
38682,-456,8094,1196,40,-178,-37,12724,2,1,-1,0,37242,117,27,65,0,0,0,0,0,0,0,0,-32310,0,0,0,0,0,38697,0
38687,-462,8084,1216,41,-171,-37,12723,-4,-4,0,0,37243,123,27,65,0,0,0,0,0,0,0,0,-32310,0,0,0,0,0,38703,0
38692,-458,8054,1202,48,-167,-41,12723,-1,1,-2,0,37243,123,27,65,0,0,0,0,0,0,0,0,-32310,0,0,0,0,0,38708,0
38697,-468,8042,1180,52,-169,-38,12722,-6,-2,-2,0,37245,124,27,65,0,0,0,0,0,0,0,0,-32310,0,0,0,0,0,38713,0
38702,-444,8018,1178,54,-169,-37,12723,5,-1,-2,0,37245,124,27,65,0,0,0,0,0,0,0,0,-32311,0,0,0,0,0,38719,0
38707,-446,8038,1178,62,-169,-42,12723,-3,0,-3,0,37245,119,27,65,0,0,0,0,0,0,0,0,-32310,0,0,0,0,0,38724,0
38712,-444,7980,1190,68,-173,-41,12722,-7,0,-1,0,37245,119,27,65,0,0,0,0,0,0,0,0,-32310,0,0,0,0,0,38729,0
38717,-444,8004,1188,69,-175,-40,12723,-1,-1,-1,0,37245,113,27,65,0,0,0,0,0,0,0,0,-32310,0,0,0,0,0,38735,0
38722,-464,7988,1202,77,-169,-36,12724,1,0,-2,0,37245,113,27,65,0,0,0,0,0,0,0,0,-32310,0,0,0,0,0,38740,0
38727,-432,7974,1214,81,-176,-32,12724,0,-4,-3,0,37244,113,27,65,0,0,0,0,0,0,0,0,-32310,0,0,0,0,0,38745,0
38732,-458,7946,1202,86,-175,-36,12722,-7,-3,-1,0,37244,113,27,65,0,0,0,0,0,0,0,0,-32311,0,0,0,0,0,38751,0
38737,-412,7906,1234,86,-175,-29,12723,-5,1,0,0,37245,113,27,65,0,0,0,0,0,0,0,0,-32310,0,0,0,0,0,38756,0
38742,-420,7910,1214,98,-179,-28,12723,0,-6,0,0,37245,113,27,65,0,0,0,0,0,0,0,0,-32310,0,0,0,0,0,38762,0
38747,-402,7904,1208,97,-178,-26,12724,2,2,-2,0,37244,114,27,65,0,0,0,0,0,0,0,0,-32310,0,0,0,0,0,38767,0
38752,-410,7878,1220,103,-174,-23,12723,-1,0,-1,0,37244,114,27,65,0,0,0,0,0,0,0,0,-32310,0,0,0,0,0,38773,0
38757,-388,7840,1234,109,-170,-23,12724,0,1,-2,0,37243,116,27,65,0,0,0,0,0,0,0,0,-32311,0,0,0,0,0,38778,0
38762,-420,7850,1252,111,-170,-16,12723,0,1,-3,0,37243,116,27,65,0,0,0,0,0,0,0,0,-32310,0,0,0,0,0,38783,0
38767,-398,7864,1236,104,-168,-16,12724,-2,1,0,0,37242,113,27,65,0,0,0,0,0,0,0,0,-32310,0,0,0,0,0,38789,0
38772,-374,7850,1260,115,-168,-9,12724,-2,1,-1,0,37242,113,27,65,0,0,0,0,0,0,0,0,-32310,0,0,0,0,0,38794,0
38777,-362,7866,1276,114,-171,-16,12724,3,4,-2,0,37240,117,27,65,0,0,0,0,0,0,0,0,-32310,0,0,0,0,0,38799,0
38782,-382,7864,1284,115,-169,-4,12724,5,-1,-1,0,37240,117,27,65,0,0,0,0,0,0,0,0,-32311,0,0,0,0,0,38805,0
38787,-382,7872,1276,116,-172,-5,12723,-1,-1,0,0,37244,120,27,65,0,0,0,0,0,0,0,0,-32310,0,0,0,0,0,38810,0
38792,-376,7910,1280,115,-167,0,12723,-4,-2,-3,0,37244,120,27,65,0,0,0,0,0,0,0,0,-32310,0,0,0,0,0,38815,0
38797,-368,7886,1282,119,-168,6,12723,-7,-2,-2,0,37243,120,27,65,0,0,0,0,0,0,0,0,-32310,0,0,0,0,0,38821,0
38802,-366,7892,1290,114,-166,6,12723,0,1,-3,0,37243,120,27,65,0,0,0,0,0,0,0,0,-32310,0,0,0,0,0,38826,0
38807,-338,7922,1280,113,-173,10,12724,2,0,-3,0,37240,117,27,65,0,0,0,0,0,0,0,0,-32310,0,0,0,0,0,38831,0
38812,-320,7900,1278,114,-172,13,12723,0,2,-1,0,37240,117,27,65,0,0,0,0,0,0,0,0,-32311,0,0,0,0,0,38836,0
38817,-374,7948,1286,110,-180,17,12724,4,4,-1,0,37239,117,27,65,0,0,0,0,0,0,0,0,-32310,0,0,0,0,0,38842,0
38822,-336,7946,1280,103,-181,18,12724,3,1,-2,0,37239,117,27,65,0,0,0,0,0,0,0,0,-32310,0,0,0,0,0,38847,0
38827,-356,7944,1282,104,-186,17,12723,-5,-3,-2,0,37241,119,27,65,0,0,0,0,0,0,0,0,-32310,0,0,0,0,0,38852,0
38832,-324,7974,1246,100,-186,21,12724,0,-1,-3,0,37241,119,27,65,0,0,0,0,0,0,0,0,-32310,0,0,0,0,0,38858,0
38837,-296,7910,1304,101,-194,27,12723,-1,-1,-1,0,37241,114,27,65,0,0,0,0,0,0,0,0,-32310,0,0,0,0,0,38863,0
38842,-288,7956,1274,105,-189,29,12724,0,0,-1,0,37241,114,27,65,0,0,0,0,0,0,0,0,-32310,0,0,0,0,0,38868,0
38847,-326,7950,1198,97,-188,29,12724,4,-3,-3,0,37248,112,27,65,0,0,0,0,0,0,0,0,-32310,0,0,0,0,0,38874,0
38852,-312,8042,1258,96,-193,25,12722,-3,3,-1,0,37248,112,27,65,0,0,0,0,0,0,0,0,-32310,0,0,0,0,0,38879,0
38857,-304,8020,1228,93,-200,27,12723,-1,1,-3,0,37249,114,27,65,0,0,0,0,0,0,0,0,-32311,0,0,0,0,0,38884,0
38862,-286,8040,1260,93,-204,33,12723,0,-3,-2,0,37249,114,27,65,0,0,0,0,0,0,0,0,-32311,0,0,0,0,0,38890,0
38867,-312,8038,1198,95,-204,33,12723,0,2,-2,0,37253,117,27,65,0,0,0,0,0,0,0,0,-32310,0,0,0,0,0,38895,0
38872,-304,8076,1206,93,-212,35,12724,1,-4,-3,0,37253,117,27,65,0,0,0,0,0,0,0,0,-32310,0,0,0,0,0,38900,0
38877,-288,8102,1228,93,-216,35,12724,0,0,-4,0,37248,109,27,65,0,0,0,0,0,0,0,0,-32310,0,0,0,0,0,38906,0
38882,-252,8102,1240,93,-221,40,12723,-1,-2,-3,0,37248,109,27,65,0,0,0,0,0,0,0,0,-32310,0,0,0,0,0,38911,0
38887,-260,8100,1226,96,-210,41,12723,2,0,-2,0,37247,109,27,65,0,0,0,0,0,0,0,0,-32310,0,0,0,0,0,38916,0
38892,-258,8080,1214,104,-216,42,12723,2,-4,-2,0,37247,109,27,65,0,0,0,0,0,0,0,0,-32310,0,0,0,0,0,38922,0
38897,-256,8058,1198,99,-209,46,12724,1,-3,-2,0,37247,115,27,65,0,0,0,0,0,0,0,0,-32310,0,0,0,0,0,38927,0
38902,-242,8068,1224,104,-206,47,12723,-3,-1,-3,0,37247,115,27,65,0,0,0,0,0,0,0,0,-32311,0,0,0,0,0,38932,0
38907,-244,8072,1202,106,-210,52,12723,-1,0,-3,0,37246,120,27,65,0,0,0,0,0,0,0,0,-32310,0,0,0,0,0,38938,0
38912,-190,8034,1198,112,-206,56,12725,4,-4,-1,0,37246,120,27,65,0,0,0,0,0,0,0,0,-32310,0,0,0,0,0,38943,0
38917,-228,8056,1194,115,-205,59,12723,0,-3,0,0,37251,119,27,65,0,0,0,0,0,0,0,0,-32311,0,0,0,0,0,38948,0
38922,-224,8044,1202,113,-202,61,12724,11,2,-1,0,37251,119,27,65,0,0,0,0,0,0,0,0,-32310,0,0,0,0,0,38954,0
38927,-212,8054,1180,120,-205,62,12724,4,-1,-3,0,37259,121,27,65,0,0,0,0,0,0,0,0,-32311,0,0,0,0,0,38959,0
38932,-210,8044,1210,122,-196,63,12724,7,0,-3,0,37259,121,27,65,0,0,0,0,0,0,0,0,-32311,0,0,0,0,0,38964,0
38937,-204,8030,1216,117,-196,66,12723,-1,0,-2,0,37269,126,27,65,0,0,0,0,0,0,0,0,-32310,0,0,0,0,0,38970,0
38942,-222,8084,1222,120,-185,73,12724,-2,-3,-3,0,37269,126,27,65,0,0,0,0,0,0,0,0,-32310,0,0,0,0,0,38975,0
38947,-246,8058,1204,130,-187,70,12724,5,-2,-1,0,37264,123,27,65,0,0,0,0,0,0,0,0,-32311,0,0,0,0,0,38980,0
38952,-218,8078,1202,130,-181,80,12723,-3,-2,4,0,37264,123,27,65,0,0,0,0,0,0,0,0,-32311,0,0,0,0,0,38986,0
38957,-222,8064,1220,126,-178,85,12724,0,-3,-1,0,37256,113,27,65,0,0,0,0,0,0,0,0,-32311,0,0,0,0,0,38991,0
38962,-222,8102,1206,136,-187,87,12724,-2,-1,-1,0,37256,113,27,65,0,0,0,0,0,0,0,0,-32310,0,0,0,0,0,38996,0
38967,-208,8104,1214,132,-178,87,12724,5,4,-1,0,37244,117,27,65,0,0,0,0,0,0,0,0,-32311,0,0,0,0,0,39002,0
38972,-194,8120,1228,132,-172,100,12724,0,1,-2,0,37244,117,27,65,0,0,0,0,0,0,0,0,-32311,0,0,0,0,0,39007,0
38977,-194,8094,1234,137,-169,102,12722,-8,-1,-2,0,37245,115,27,65,0,0,0,0,0,0,0,0,-32311,0,0,0,0,0,39012,0
38982,-168,8110,1240,131,-163,105,12723,3,1,-2,0,37245,115,27,65,0,0,0,0,0,0,0,0,-32310,0,0,0,0,0,39018,0
38987,-184,8048,1242,139,-159,111,12724,0,-2,-2,0,37244,116,27,65,0,0,0,0,0,0,0,0,-32310,0,0,0,0,0,39023,0
38992,-180,8134,1232,132,-152,119,12724,0,2,-2,0,37244,116,27,65,0,0,0,0,0,0,0,0,-32311,0,0,0,0,0,39028,0
38997,-186,8156,1248,131,-146,124,12723,-7,3,-2,0,37246,117,27,65,0,0,0,0,0,0,0,0,-32311,0,0,0,0,0,39034,0
39002,-176,8168,1270,132,-151,125,12723,0,2,-3,0,37246,117,27,65,0,0,0,0,0,0,0,0,-32310,0,0,0,0,0,39039,0
39007,-142,8150,1274,130,-136,130,12724,-5,-2,-2,0,37244,122,27,65,0,0,0,0,0,0,0,0,-32310,0,0,0,0,0,39044,0
39012,-164,8166,1284,126,-124,137,12724,-2,-1,0,0,37244,122,27,65,0,0,0,0,0,0,0,0,-32311,0,0,0,0,0,39050,0
39017,-180,8168,1320,118,-114,144,12724,5,2,-1,0,37242,127,27,65,0,0,0,0,0,0,0,0,-32310,0,0,0,0,0,39055,0
39022,-192,8152,1290,124,-112,144,12723,3,2,-2,0,37242,127,27,65,0,0,0,0,0,0,0,0,-32311,0,0,0,0,0,39060,0
39027,-186,8128,1294,116,-110,152,12724,6,0,-2,0,37240,117,27,65,0,0,0,0,0,0,0,0,-32311,0,0,0,0,0,39065,0
39032,-180,8094,1294,114,-96,165,12723,-8,0,-3,0,37240,117,27,65,0,0,0,0,0,0,0,0,-32311,0,0,0,0,0,39071,0
39037,-196,8086,1298,114,-90,165,12723,-1,2,-1,0,37242,114,27,65,0,0,0,0,0,0,0,0,-32310,0,0,0,0,0,39076,0
39042,-174,8058,1294,110,-82,167,12724,0,-1,-1,0,37242,114,27,65,0,0,0,0,0,0,0,0,-32311,0,0,0,0,0,39082,0
39047,-204,8024,1290,108,-73,176,12724,-6,-4,-1,0,37243,115,27,65,0,0,0,0,0,0,0,0,-32310,0,0,0,0,0,39087,0
39052,-244,8018,1292,100,-63,175,12723,-7,5,1,0,37243,115,27,65,0,0,0,0,0,0,0,0,-32310,0,0,0,0,0,39092,0
39057,-232,7980,1266,101,-52,174,12723,0,0,-3,0,37249,120,27,65,0,0,0,0,0,0,0,0,-32310,0,0,0,0,0,39097,0
39062,-246,7970,1276,94,-46,177,12724,3,-4,-3,0,37249,120,27,65,0,0,0,0,0,0,0,0,-32311,0,0,0,0,0,39103,0
39067,-254,7986,1272,98,-37,176,12722,-8,1,-1,0,37247,119,27,65,0,0,0,0,0,0,0,0,-32310,0,0,0,0,0,39108,0
39072,-278,7974,1280,84,-32,183,12723,-1,1,-1,0,37247,119,27,65,0,0,0,0,0,0,0,0,-32312,0,0,0,0,0,39113,0
39077,-276,7968,1266,91,-26,185,12724,0,1,-2,0,37249,118,27,65,0,0,0,0,0,0,0,0,-32311,0,0,0,0,0,39119,0
39082,-306,7996,1288,90,-19,184,12725,0,4,-2,0,37249,118,27,65,0,0,0,0,0,0,0,0,-32311,0,0,0,0,0,39124,0
39087,-302,8012,1282,85,-11,185,12723,-3,-5,-3,0,37244,115,27,65,0,0,0,0,0,0,0,0,-32310,0,0,0,0,0,39129,0
39092,-298,7998,1280,79,0,188,12724,5,1,-3,0,37244,115,27,65,0,0,0,0,0,0,0,0,-32310,0,0,0,0,0,39135,0
39097,-306,7988,1280,72,3,189,12723,-2,-3,-1,0,37244,125,27,65,0,0,0,0,0,0,0,0,-32310,0,0,0,0,0,39140,0
39102,-312,7986,1282,74,4,188,12724,2,0,-2,0,37244,125,27,65,0,0,0,0,0,0,0,0,-32310,0,0,0,0,0,39145,0
39107,-308,7964,1272,75,14,190,12724,1,-3,-2,0,37243,128,27,65,0,0,0,0,0,0,0,0,-32310,0,0,0,0,0,39151,0
39112,-300,7984,1274,76,17,188,12723,0,0,-2,0,37243,128,27,65,0,0,0,0,0,0,0,0,-32310,0,0,0,0,0,39156,0
39117,-326,7992,1276,69,27,188,12724,-6,0,-2,0,37244,126,27,65,0,0,0,0,0,0,0,0,-32310,0,0,0,0,0,39161,0
39122,-318,7988,1256,65,30,190,12725,0,-2,-2,0,37244,126,27,65,0,0,0,0,0,0,0,0,-32310,0,0,0,0,0,39167,0
39127,-324,7968,1256,64,33,190,12722,-4,0,-1,0,37249,119,27,65,0,0,0,0,0,0,0,0,-32310,0,0,0,0,0,39172,0
39132,-324,7966,1244,65,39,184,12723,-7,-3,-1,0,37249,119,27,65,0,0,0,0,0,0,0,0,-32310,0,0,0,0,0,39177,0
39137,-360,7942,1230,58,49,173,12723,-3,-2,-1,0,37247,116,27,65,0,0,0,0,0,0,0,0,-32310,0,0,0,0,0,39183,0
39142,-380,7964,1224,56,46,172,12723,-7,8,-3,0,37247,116,27,65,0,0,0,0,0,0,0,0,-32310,0,0,0,0,0,39188,0
39147,-376,8004,1224,55,48,172,12723,3,2,-2,0,37246,116,27,65,0,0,0,0,0,0,0,0,-32310,0,0,0,0,0,39193,0
39152,-402,8004,1236,54,53,161,12724,0,1,-2,0,37246,116,27,65,0,0,0,0,0,0,0,0,-32310,0,0,0,0,0,39198,0
39157,-416,8014,1222,49,49,161,12723,0,4,-2,0,37246,109,27,65,0,0,0,0,0,0,0,0,-32310,0,0,0,0,0,39204,0
39162,-436,8056,1226,34,45,155,12723,-1,1,-4,0,37246,109,27,65,0,0,0,0,0,0,0,0,-32310,0,0,0,0,0,39209,0
39167,-428,8068,1208,35,51,150,12724,7,4,-1,0,37247,110,27,65,0,0,0,0,0,0,0,0,-32311,0,0,0,0,0,39214,0
39172,-450,8084,1238,38,51,137,12725,8,2,-1,0,37247,110,27,65,0,0,0,0,0,0,0,0,-32310,0,0,0,0,0,39220,0
39177,-434,8088,1216,21,50,133,12723,3,1,-2,0,37247,115,27,65,0,0,0,0,0,0,0,0,-32310,0,0,0,0,0,39225,0
39182,-448,8122,1196,23,47,134,12724,2,-4,-2,0,37247,115,27,65,0,0,0,0,0,0,0,0,-32310,0,0,0,0,0,39230,0
39187,-452,8138,1192,25,49,131,12723,4,0,-2,0,37247,121,27,65,0,0,0,0,0,0,0,0,-32310,0,0,0,0,0,39236,0
39192,-424,8148,1182,24,50,115,12723,-2,-3,-2,0,37247,121,27,65,0,0,0,0,0,0,0,0,-32311,0,0,0,0,0,39241,0
39197,-420,8126,1158,21,47,114,12721,-4,-3,-1,0,37245,123,27,65,0,0,0,0,0,0,0,0,-32310,0,0,0,0,0,39246,0
39202,-422,8130,1146,21,45,112,12724,0,-1,-2,0,37245,123,27,65,0,0,0,0,0,0,0,0,-32310,0,0,0,0,0,39252,0
39207,-394,8146,1162,18,48,109,12723,4,-1,-3,0,37246,122,27,65,0,0,0,0,0,0,0,0,-32310,0,0,0,0,0,39257,0
39212,-410,8150,1134,24,45,109,12724,5,7,-3,0,37246,122,27,65,0,0,0,0,0,0,0,0,-32311,0,0,0,0,0,39262,0
39217,-432,8156,1112,22,46,102,12724,-2,-3,-2,0,37244,115,27,65,0,0,0,0,0,0,0,0,-32310,0,0,0,0,0,39268,0
39222,-386,8164,1136,20,38,98,12723,-5,0,-2,0,37244,115,27,65,0,0,0,0,0,0,0,0,-32310,0,0,0,0,0,39273,0
39227,-440,8130,1066,30,39,94,12723,-2,1,-2,0,37243,113,27,65,0,0,0,0,0,0,0,0,-32310,0,0,0,0,0,39278,0
39232,-400,8142,1114,35,27,89,12724,3,-4,-1,0,37243,113,27,65,0,0,0,0,0,0,0,0,-32310,0,0,0,0,0,39283,0
39237,-394,8132,1100,34,23,89,12722,-1,1,-2,0,37244,118,27,65,0,0,0,0,0,0,0,0,-32311,0,0,0,0,0,39289,0
39242,-420,8110,1086,48,22,84,12725,3,5,-3,0,37244,118,27,65,0,0,0,0,0,0,0,0,-32310,0,0,0,0,0,39294,0
39247,-408,8140,1096,48,18,78,12723,0,-1,-4,0,37244,113,27,65,0,0,0,0,0,0,0,0,-32310,0,0,0,0,0,39299,0
39252,-466,8108,1086,54,16,75,12724,3,5,-3,0,37244,113,27,65,0,0,0,0,0,0,0,0,-32311,0,0,0,0,0,39305,0
39257,-460,8098,1096,58,5,74,12724,8,-5,-4,0,37242,113,27,65,0,0,0,0,0,0,0,0,-32310,0,0,0,0,0,39310,0
39262,-448,8114,1078,64,-4,69,12723,2,2,-6,0,37242,113,27,65,0,0,0,0,0,0,0,0,-32311,0,0,0,0,0,39315,0
39267,-452,8110,1104,65,-9,60,12723,0,0,-2,0,37246,116,27,65,0,0,0,0,0,0,0,0,-32310,0,0,0,0,0,39321,0
39272,-436,8060,1104,68,-27,51,12724,-2,-2,-3,0,37246,116,27,65,0,0,0,0,0,0,0,0,-32310,0,0,0,0,0,39326,0
39277,-424,8068,1094,79,-29,54,12723,-4,0,-3,0,37245,117,27,65,0,0,0,0,0,0,0,0,-32310,0,0,0,0,0,39331,0
39282,-444,8068,1098,78,-39,45,12723,-6,-1,-2,0,37245,117,27,65,0,0,0,0,0,0,0,0,-32310,0,0,0,0,0,39337,0
39287,-426,8056,1122,89,-41,38,12723,0,-1,-1,0,37245,116,27,65,0,0,0,0,0,0,0,0,-32310,0,0,0,0,0,39342,0
39292,-430,8038,1146,84,-55,37,12724,-3,3,-3,0,37245,116,27,65,0,0,0,0,0,0,0,0,-32311,0,0,0,0,0,39347,0
39297,-400,8030,1146,90,-69,30,12724,0,0,-2,0,37242,113,27,65,0,0,0,0,0,0,0,0,-32311,0,0,0,0,0,39353,0
39302,-394,8032,1154,92,-75,34,12723,-5,2,-4,0,37242,113,27,65,0,0,0,0,0,0,0,0,-32311,0,0,0,0,0,39358,0
39307,-376,8044,1176,91,-65,28,12723,-2,-2,-3,0,37244,114,27,65,0,0,0,0,0,0,0,0,-32311,0,0,0,0,0,39363,0
39312,-340,8014,1200,86,-81,24,12723,0,3,-1,0,37244,114,27,65,0,0,0,0,0,0,0,0,-32311,0,0,0,0,0,39369,0
39317,-362,7998,1178,87,-88,28,12723,-6,5,-1,0,37244,120,27,65,0,0,0,0,0,0,0,0,-32310,0,0,0,0,0,39374,0
39322,-336,7954,1178,86,-94,30,12724,-1,-3,-3,0,37244,120,27,65,0,0,0,0,0,0,0,0,-32311,0,0,0,0,0,39379,0
39327,-308,8010,1202,85,-90,29,12723,-9,0,-3,0,37244,114,27,65,0,0,0,0,0,0,0,0,-32311,0,0,0,0,0,39384,0
39332,-330,8004,1220,78,-90,22,12724,-1,0,-2,0,37244,114,27,65,0,0,0,0,0,0,0,0,-32311,0,0,0,0,0,39390,0
39337,-300,7994,1234,80,-97,25,12724,1,1,-2,0,37244,108,27,65,0,0,0,0,0,0,0,0,-32310,0,0,0,0,0,39395,0
39342,-300,8010,1228,74,-93,26,12723,4,6,-1,0,37244,108,27,65,0,0,0,0,0,0,0,0,-32311,0,0,0,0,0,39400,0
39347,-282,8006,1224,68,-92,28,12725,7,-2,-1,0,37246,115,27,65,0,0,0,0,0,0,0,0,-32310,0,0,0,0,0,39406,0
39352,-288,8024,1236,59,-87,19,12723,-2,1,-2,0,37246,115,27,65,0,0,0,0,0,0,0,0,-32310,0,0,0,0,0,39411,0
39357,-300,7998,1218,54,-95,23,12723,-1,3,-2,0,37245,124,27,65,0,0,0,0,0,0,0,0,-32311,0,0,0,0,0,39416,0
39362,-292,8022,1216,60,-86,22,12724,-2,-4,-2,0,37245,124,27,65,0,0,0,0,0,0,0,0,-32310,0,0,0,0,0,39422,0
39367,-274,8006,1202,51,-84,21,12723,-2,-1,0,0,37247,124,27,65,0,0,0,0,0,0,0,0,-32310,0,0,0,0,0,39427,0
39372,-258,7990,1224,48,-78,19,12723,-6,2,-1,0,37247,124,27,65,0,0,0,0,0,0,0,0,-32310,0,0,0,0,0,39432,0
39377,-284,8022,1180,44,-81,19,12724,-4,-2,-3,0,37250,121,27,65,0,0,0,0,0,0,0,0,-32310,0,0,0,0,0,39438,0
39382,-266,7988,1190,42,-76,16,12724,-1,-2,-4,0,37250,121,27,65,0,0,0,0,0,0,0,0,-32311,0,0,0,0,0,39443,0
39387,-268,8002,1180,47,-77,16,12724,-3,3,-3,0,37250,115,27,65,0,0,0,0,0,0,0,0,-32310,0,0,0,0,0,39448,0
39392,-268,7970,1168,47,-70,16,12724,9,4,-2,0,37250,115,27,65,0,0,0,0,0,0,0,0,-32310,0,0,0,0,0,39454,0
39397,-272,8006,1162,45,-68,20,12725,4,2,-1,0,37249,115,27,65,0,0,0,0,0,0,0,0,-32310,0,0,0,0,0,39459,0
39402,-256,8000,1146,46,-65,17,12723,4,0,-2,0,37249,115,27,65,0,0,0,0,0,0,0,0,-32310,0,0,0,0,0,39464,0
39407,-272,8016,1146,47,-63,15,12723,0,0,-2,0,37244,110,27,65,0,0,0,0,0,0,0,0,-32310,0,0,0,0,0,39470,0
39412,-268,7996,1136,51,-65,12,12723,-1,-1,-1,0,37244,110,27,65,0,0,0,0,0,0,0,0,-32310,0,0,0,0,0,39475,0
39417,-272,8034,1144,56,-60,14,12724,-2,-1,0,0,37242,116,27,65,0,0,0,0,0,0,0,0,-32310,0,0,0,0,0,39480,0
39422,-268,8032,1148,56,-58,16,12724,1,1,-2,0,37242,116,27,65,0,0,0,0,0,0,0,0,-32310,0,0,0,0,0,39486,0
39427,-260,8030,1128,49,-57,13,12724,0,-1,-1,0,37243,116,27,65,0,0,0,0,0,0,0,0,-32311,0,0,0,0,0,39492,0
39432,-268,8042,1122,50,-51,17,12723,-2,-1,-2,0,37243,116,27,65,0,0,0,0,0,0,0,0,-32310,0,0,0,0,0,39497,0
39437,-260,8040,1138,56,-53,15,12725,3,-2,-2,0,37242,114,27,65,0,0,0,0,0,0,0,0,-32310,0,0,0,0,0,39503,0
39442,-228,8036,1138,61,-52,15,12724,10,3,-2,0,37242,114,27,65,0,0,0,0,0,0,0,0,-32310,0,0,0,0,0,39508,0
39447,-244,8066,1132,56,-48,17,12724,2,-1,-2,0,37242,110,27,65,0,0,0,0,0,0,0,0,-32310,0,0,0,0,0,39513,0
39452,-238,8058,1122,67,-45,17,12724,-3,-2,-3,0,37242,110,27,65,0,0,0,0,0,0,0,0,-32310,0,0,0,0,0,39519,0
39457,-254,8064,1126,64,-44,16,12722,-4,0,-2,0,37242,109,27,65,0,0,0,0,0,0,0,0,-32310,0,0,0,0,0,39524,0
39462,-236,8056,1102,65,-48,17,12723,0,3,-3,0,37242,109,27,65,0,0,0,0,0,0,0,0,-32310,0,0,0,0,0,39529,0
39467,-270,8054,1134,65,-48,21,12724,0,-1,-2,0,37245,109,27,65,0,0,0,0,0,0,0,0,-32310,0,0,0,0,0,39535,0
39472,-260,8074,1126,68,-48,19,12723,-1,1,-2,0,37245,109,27,65,0,0,0,0,0,0,0,0,-32311,0,0,0,0,0,39540,0
39477,-260,8054,1132,70,-42,20,12725,4,8,-3,0,37249,106,27,65,0,0,0,0,0,0,0,0,-32311,0,0,0,0,0,39545,0
39482,-242,8052,1128,69,-49,19,12723,1,-4,-2,0,37249,106,27,65,0,0,0,0,0,0,0,0,-32310,0,0,0,0,0,39551,0
39487,-262,8064,1144,79,-45,19,12724,1,4,-3,0,37248,108,27,65,0,0,0,0,0,0,0,0,-32310,0,0,0,0,0,39556,0
39492,-246,8068,1144,73,-44,23,12724,0,1,-3,0,37248,108,27,65,0,0,0,0,0,0,0,0,-32311,0,0,0,0,0,39561,0
39497,-264,8040,1140,73,-49,23,12724,9,1,0,0,37249,118,27,65,0,0,0,0,0,0,0,0,-32311,0,0,0,0,0,39567,0
39502,-240,8058,1116,75,-53,24,12725,1,3,-2,0,37249,118,27,65,0,0,0,0,0,0,0,0,-32310,0,0,0,0,0,39572,0
39507,-244,8048,1144,78,-49,31,12721,-7,-2,-2,0,37248,119,27,65,0,0,0,0,0,0,0,0,-32310,0,0,0,0,0,39577,0
39512,-252,8084,1152,78,-55,29,12724,-3,1,-1,0,37248,119,27,65,0,0,0,0,0,0,0,0,-32311,0,0,0,0,0,39583,0
39517,-244,8100,1138,79,-57,31,12723,0,-6,-2,0,37247,118,27,65,0,0,0,0,0,0,0,0,-32310,0,0,0,0,0,39588,0
39522,-276,8078,1154,84,-56,30,12723,-3,-2,-3,0,37247,118,27,65,0,0,0,0,0,0,0,0,-32310,0,0,0,0,0,39593,0
39527,-260,8092,1150,83,-61,30,12723,-2,0,-3,0,37244,120,27,65,0,0,0,0,0,0,0,0,-32310,0,0,0,0,0,39599,0
39532,-258,8074,1160,83,-64,30,12724,-1,1,-4,0,37244,120,27,65,0,0,0,0,0,0,0,0,-32311,0,0,0,0,0,39604,0
39537,-260,8088,1128,78,-71,29,12723,1,-4,-2,0,37243,125,27,65,0,0,0,0,0,0,0,0,-32311,0,0,0,0,0,39609,0
39542,-264,8060,1158,87,-69,24,12723,-2,-2,-3,0,37243,125,27,65,0,0,0,0,0,0,0,0,-32310,0,0,0,0,0,39615,0
39547,-258,8064,1132,90,-70,28,12724,6,-2,-2,0,37244,128,27,65,0,0,0,0,0,0,0,0,-32311,0,0,0,0,0,39620,0
39552,-248,8058,1160,87,-77,25,12724,5,3,-2,0,37244,128,27,65,0,0,0,0,0,0,0,0,-32310,0,0,0,0,0,39625,0
39557,-256,8058,1160,90,-81,23,12724,1,7,-3,0,37243,117,27,65,0,0,0,0,0,0,0,0,-32311,0,0,0,0,0,39631,0
39562,-230,8046,1162,92,-81,21,12725,5,0,-3,0,37243,117,27,65,0,0,0,0,0,0,0,0,-32311,0,0,0,0,0,39636,0
39567,-236,8036,1174,94,-84,18,12724,0,-2,-1,0,37243,118,27,65,0,0,0,0,0,0,0,0,-32310,0,0,0,0,0,39641,0
39572,-256,8030,1150,96,-88,21,12724,1,4,-1,0,37243,118,27,65,0,0,0,0,0,0,0,0,-32310,0,0,0,0,0,39647,0
39577,-254,8026,1166,96,-88,21,12724,2,-1,-2,0,37242,118,27,65,0,0,0,0,0,0,0,0,-32310,0,0,0,0,0,39652,0
39582,-262,8028,1174,96,-90,22,12724,0,0,-3,0,37242,118,27,65,0,0,0,0,0,0,0,0,-32310,0,0,0,0,0,39658,0
39587,-272,8030,1160,98,-92,19,12723,0,0,-2,0,37241,120,27,65,0,0,0,0,0,0,0,0,-32310,0,0,0,0,0,39663,0
39592,-242,8024,1174,95,-92,20,12724,3,0,-2,0,37241,120,27,65,0,0,0,0,0,0,0,0,-32310,0,0,0,0,0,39669,0
39597,-240,8006,1168,101,-98,23,12723,-1,1,-1,0,37237,126,27,65,0,0,0,0,0,0,0,0,-32310,0,0,0,0,0,39675,0
39602,-248,8020,1158,99,-96,20,12723,0,-4,-1,0,37237,126,27,65,0,0,0,0,0,0,0,0,-32310,0,0,0,0,0,39680,0
39607,-208,8006,1180,97,-91,21,12724,0,3,-3,0,37234,126,27,65,0,0,0,0,0,0,0,0,-32310,0,0,0,0,0,39685,0
39612,-176,7988,1168,92,-101,24,12723,0,-2,-1,0,37234,126,27,65,0,0,0,0,0,0,0,0,-32310,0,0,0,0,0,39691,0
39617,-178,7978,1176,105,-101,20,12725,7,1,-1,0,37233,127,27,65,0,0,0,0,0,0,0,0,-32310,0,0,0,0,0,39696,0
39622,-166,8004,1160,105,-98,25,12723,-6,-1,-2,0,37233,127,27,65,0,0,0,0,0,0,0,0,-32310,0,0,0,0,0,39701,0
39627,-174,7976,1190,100,-100,26,12724,1,3,-2,0,37239,124,27,65,0,0,0,0,0,0,0,0,-32310,0,0,0,0,0,39707,0
39632,-172,7980,1180,107,-104,35,12725,8,2,-3,0,37239,124,27,65,0,0,0,0,0,0,0,0,-32310,0,0,0,0,0,39712,0
39637,-160,7994,1172,101,-104,31,12725,7,3,-2,0,37246,125,27,65,0,0,0,0,0,0,0,0,-32310,0,0,0,0,0,39717,0
39642,-164,7984,1190,102,-102,29,12724,7,2,-3,0,37246,125,27,65,0,0,0,0,0,0,0,0,-32310,0,0,0,0,0,39723,0
39647,-160,7980,1158,99,-108,38,12724,3,1,-2,0,37250,121,27,65,0,0,0,0,0,0,0,0,-32311,0,0,0,0,0,39728,0
39652,-174,8012,1188,106,-107,37,12722,-10,-1,-2,0,37250,121,27,65,0,0,0,0,0,0,0,0,-32310,0,0,0,0,0,39733,0
39657,-140,8008,1184,105,-113,39,12724,0,-1,-1,0,37247,117,27,65,0,0,0,0,0,0,0,0,-32310,0,0,0,0,0,39739,0
39662,-144,7998,1194,106,-114,41,12723,-1,-4,-1,0,37247,117,27,65,0,0,0,0,0,0,0,0,-32310,0,0,0,0,0,39744,0
39667,-84,7980,1216,99,-112,43,12722,-8,-4,0,0,37242,109,27,65,0,0,0,0,0,0,0,0,-32310,0,0,0,0,0,39749,0
39672,-136,8032,1180,102,-120,50,12722,-6,-3,-3,0,37242,109,27,65,0,0,0,0,0,0,0,0,-32310,0,0,0,0,0,39755,0
39677,-126,8038,1196,106,-117,45,12724,5,-2,-2,0,37242,115,27,65,0,0,0,0,0,0,0,0,-32310,0,0,0,0,0,39760,0
39682,-132,8014,1216,107,-115,52,12724,3,2,-2,0,37242,115,27,65,0,0,0,0,0,0,0,0,-32310,0,0,0,0,0,39765,0
39687,-98,8022,1196,100,-115,45,12722,-9,-3,-3,0,37243,120,27,65,0,0,0,0,0,0,0,0,-32310,0,0,0,0,0,39771,0
39692,-84,7998,1214,96,-114,53,12723,-7,-2,-1,0,37243,120,27,65,0,0,0,0,0,0,0,0,-32310,0,0,0,0,0,39776,0
39697,-106,8002,1194,100,-120,52,12724,1,0,-1,0,37248,125,27,65,0,0,0,0,0,0,0,0,-32310,0,0,0,0,0,39781,0
39702,-134,7984,1186,95,-119,54,12724,1,-2,-2,0,37248,125,27,65,0,0,0,0,0,0,0,0,-32310,0,0,0,0,0,39787,0
39707,-84,7998,1184,91,-124,54,12724,5,1,-2,0,37248,126,27,65,0,0,0,0,0,0,0,0,-32310,0,0,0,0,0,39792,0
39712,-78,8024,1206,92,-127,58,12725,7,7,-1,0,37248,126,27,65,0,0,0,0,0,0,0,0,-32311,0,0,0,0,0,39797,0
39717,-94,8016,1188,86,-131,60,12723,-1,0,-2,0,37247,132,27,65,0,0,0,0,0,0,0,0,-32310,0,0,0,0,0,39803,0
39722,-86,8010,1204,85,-130,62,12724,0,3,-2,0,37247,132,27,65,0,0,0,0,0,0,0,0,-32310,0,0,0,0,0,39808,0
39727,-86,8026,1222,87,-124,67,12723,-4,0,-1,0,37244,125,27,65,0,0,0,0,0,0,0,0,-32311,0,0,0,0,0,39813,0
39732,-70,8042,1174,81,-126,71,12723,-6,-4,-1,0,37244,125,27,65,0,0,0,0,0,0,0,0,-32310,0,0,0,0,0,39819,0
39737,-68,8036,1182,78,-125,73,12724,1,-1,-1,0,37244,123,27,65,0,0,0,0,0,0,0,0,-32310,0,0,0,0,0,39824,0
39742,-66,8066,1184,81,-120,83,12723,0,-3,-4,0,37244,123,27,65,0,0,0,0,0,0,0,0,-32310,0,0,0,0,0,39829,0
39747,-72,8078,1170,77,-120,82,12723,-1,-2,-2,0,37243,122,27,65,0,0,0,0,0,0,0,0,-32310,0,0,0,0,0,39835,0
39752,-56,8044,1184,76,-114,88,12723,-1,1,-1,0,37243,122,27,65,0,0,0,0,0,0,0,0,-32311,0,0,0,0,0,39840,0
39757,-40,8032,1146,76,-116,91,12723,-1,-5,-3,0,37243,118,27,65,0,0,0,0,0,0,0,0,-32310,0,0,0,0,0,39845,0
39762,-74,8084,1160,77,-109,102,12724,0,3,-1,0,37243,118,27,65,0,0,0,0,0,0,0,0,-32311,0,0,0,0,0,39851,0
39767,-84,8062,1160,81,-110,99,12723,2,-1,0,0,37243,121,27,65,0,0,0,0,0,0,0,0,-32310,0,0,0,0,0,39856,0
39772,-84,8064,1154,84,-111,108,12723,-4,-1,-3,0,37243,121,27,65,0,0,0,0,0,0,0,0,-32310,0,0,0,0,0,39861,0
39777,-100,8060,1134,85,-109,108,12724,1,1,-3,0,37243,120,27,65,0,0,0,0,0,0,0,0,-32310,0,0,0,0,0,39867,0
39782,-106,8068,1154,91,-111,116,12723,0,-3,-2,0,37243,120,27,65,0,0,0,0,0,0,0,0,-32310,0,0,0,0,0,39872,0
39787,-112,8034,1128,88,-112,117,12724,0,-1,-1,0,37242,122,27,65,0,0,0,0,0,0,0,0,-32310,0,0,0,0,0,39877,0
39792,-110,8066,1136,94,-110,125,12725,7,-1,-2,0,37242,122,27,65,0,0,0,0,0,0,0,0,-32310,0,0,0,0,0,39883,0
39797,-120,8080,1148,105,-109,126,12723,-4,-1,-2,0,37243,119,27,65,0,0,0,0,0,0,0,0,-32310,0,0,0,0,0,39888,0
39802,-126,8066,1134,107,-106,128,12724,-1,-1,-5,0,37243,119,27,65,0,0,0,0,0,0,0,0,-32310,0,0,0,0,0,39893,0
39807,-124,8056,1124,111,-108,131,12724,4,-6,-1,0,37250,115,27,65,0,0,0,0,0,0,0,0,-32311,0,0,0,0,0,39899,0
39812,-136,8060,1162,116,-107,136,12724,3,5,-1,0,37250,115,27,65,0,0,0,0,0,0,0,0,-32310,0,0,0,0,0,39904,0
39817,-154,8056,1164,122,-112,132,12723,-2,-2,-2,0,37250,124,27,65,0,0,0,0,0,0,0,0,-32310,0,0,0,0,0,39909,0
39822,-148,8090,1168,116,-108,137,12724,1,-2,-1,0,37250,124,27,65,0,0,0,0,0,0,0,0,-32310,0,0,0,0,0,39914,0
39827,-160,8070,1174,121,-110,140,12724,2,-2,-1,0,37248,118,27,65,0,0,0,0,0,0,0,0,-32310,0,0,0,0,0,39920,0
39832,-156,8080,1178,124,-104,143,12723,-2,0,-3,0,37248,118,27,65,0,0,0,0,0,0,0,0,-32310,0,0,0,0,0,39925,0
39837,-152,8084,1204,125,-104,143,12724,-5,-1,-4,0,37242,118,27,65,0,0,0,0,0,0,0,0,-32310,0,0,0,0,0,39931,0
39842,-150,8074,1204,125,-99,138,12724,4,0,-3,0,37242,118,27,65,0,0,0,0,0,0,0,0,-32311,0,0,0,0,0,39936,0
39847,-130,8066,1206,119,-98,142,12724,1,1,-2,0,37243,122,27,65,0,0,0,0,0,0,0,0,-32310,0,0,0,0,0,39941,0
39852,-188,8072,1244,125,-95,140,12724,0,-1,-1,0,37243,122,27,65,0,0,0,0,0,0,0,0,-32310,0,0,0,0,0,39946,0
39857,-184,8102,1248,121,-93,140,12723,-3,2,-2,0,37243,126,27,65,0,0,0,0,0,0,0,0,-32310,0,0,0,0,0,39952,0
39862,-188,8100,1260,122,-89,140,12724,0,0,-2,0,37243,126,27,65,0,0,0,0,0,0,0,0,-32310,0,0,0,0,0,39957,0
39867,-210,8114,1250,118,-89,140,12723,0,1,-1,0,37242,131,27,65,0,0,0,0,0,0,0,0,-32310,0,0,0,0,0,39962,0
39872,-226,8124,1268,113,-82,135,12723,-3,3,-1,0,37242,131,27,65,0,0,0,0,0,0,0,0,-32311,0,0,0,0,0,39968,0
39877,-236,8112,1260,111,-84,135,12723,-1,-3,-1,0,37241,122,27,65,0,0,0,0,0,0,0,0,-32310,0,0,0,0,0,39973,0
39882,-202,8128,1238,106,-83,133,12724,-2,-1,-3,0,37241,122,27,65,0,0,0,0,0,0,0,0,-32310,0,0,0,0,0,39978,0
39887,-236,8120,1262,108,-82,125,12724,-1,4,-3,0,37244,116,27,65,0,0,0,0,0,0,0,0,-32310,0,0,0,0,0,39984,0
39892,-258,8086,1264,107,-85,122,12724,0,2,-3,0,37244,116,27,65,0,0,0,0,0,0,0,0,-32310,0,0,0,0,0,39989,0
39897,-260,8078,1282,101,-86,123,12723,0,-1,-2,0,37247,113,27,65,0,0,0,0,0,0,0,0,-32310,0,0,0,0,0,39994,0
39902,-266,8088,1272,102,-89,117,12722,-1,-1,-2,0,37247,113,27,65,0,0,0,0,0,0,0,0,-32310,0,0,0,0,0,40000,0
39907,-282,8106,1280,100,-94,115,12723,-4,2,-3,0,37252,115,27,65,0,0,0,0,0,0,0,0,-32310,0,0,0,0,0,40005,0
39912,-302,8062,1268,92,-102,104,12723,-4,-1,0,0,37252,115,27,65,0,0,0,0,0,0,0,0,-32310,0,0,0,0,0,40010,0
39917,-312,8080,1270,90,-98,103,12725,5,4,-1,0,37249,113,27,65,0,0,0,0,0,0,0,0,-32310,0,0,0,0,0,40016,0
39922,-308,8046,1274,84,-105,94,12724,3,-1,0,0,37249,113,27,65,0,0,0,0,0,0,0,0,-32310,0,0,0,0,0,40021,0
39927,-290,8052,1266,86,-101,93,12723,0,1,-1,0,37247,111,27,65,0,0,0,0,0,0,0,0,-32310,0,0,0,0,0,40026,0
39932,-302,8016,1266,85,-101,87,12722,-3,-1,-2,0,37247,111,27,65,0,0,0,0,0,0,0,0,-32310,0,0,0,0,0,40032,0
39937,-294,7998,1266,81,-103,84,12724,-3,-1,-2,0,37249,108,27,65,0,0,0,0,0,0,0,0,-32310,0,0,0,0,0,40037,0
39942,-278,7984,1248,86,-104,80,12723,0,-2,-3,0,37249,108,27,65,0,0,0,0,0,0,0,0,-32311,0,0,0,0,0,40042,0
39947,-238,7962,1270,86,-103,76,12724,2,5,-1,0,37245,112,27,65,0,0,0,0,0,0,0,0,-32310,0,0,0,0,0,40048,0
39952,-210,7960,1270,85,-92,67,12724,0,3,-2,0,37245,112,27,65,0,0,0,0,0,0,0,0,-32311,0,0,0,0,0,40053,0
39957,-210,7968,1256,87,-89,66,12723,-3,-3,-3,0,37242,114,27,65,0,0,0,0,0,0,0,0,-32310,0,0,0,0,0,40058,0
39962,-252,7988,1232,80,-97,65,12724,0,1,-2,0,37242,114,27,65,0,0,0,0,0,0,0,0,-32310,0,0,0,0,0,40064,0
39967,-230,7968,1260,83,-92,55,12724,3,0,-2,0,37242,122,27,65,0,0,0,0,0,0,0,0,-32310,0,0,0,0,0,40069,0
39972,-242,8020,1252,82,-89,57,12724,9,3,-4,0,37242,122,27,65,0,0,0,0,0,0,0,0,-32311,0,0,0,0,0,40074,0
39977,-222,8016,1254,84,-84,54,12724,3,2,-2,0,37243,122,27,65,0,0,0,0,0,0,0,0,-32310,0,0,0,0,0,40080,0
39982,-234,8040,1256,85,-85,54,12724,1,1,-3,0,37243,122,27,65,0,0,0,0,0,0,0,0,-32311,0,0,0,0,0,40085,0
39987,-232,8002,1264,87,-82,56,12724,2,-1,-3,0,37245,123,27,65,0,0,0,0,0,0,0,0,-32310,0,0,0,0,0,40090,0
39992,-186,8016,1280,84,-73,51,12724,-4,-3,-1,0,37245,123,27,65,0,0,0,0,0,0,0,0,-32311,0,0,0,0,0,40096,0
39997,-230,8010,1282,82,-73,46,12724,0,2,-1,0,37244,115,27,65,0,0,0,0,0,0,0,0,-32310,0,0,0,0,0,40101,0
40002,-218,8006,1292,78,-69,46,12723,0,0,-2,0,37244,115,27,65,0,0,0,0,0,0,0,0,-32310,0,0,0,0,0,40106,0
40007,-220,8010,1268,75,-68,46,12723,1,2,-1,0,37244,117,27,65,0,0,0,0,0,0,0,0,-32310,0,0,0,0,0,40112,0
40012,-214,8004,1264,71,-57,41,12724,0,-2,1,0,37244,117,27,65,0,0,0,0,0,0,0,0,-32310,0,0,0,0,0,40117,0
40017,-232,8004,1258,77,-57,43,12724,-4,2,-1,0,37248,122,27,65,0,0,0,0,0,0,0,0,-32310,0,0,0,0,0,40122,0
40022,-202,7994,1262,64,-58,37,12723,1,1,-1,0,37248,122,27,65,0,0,0,0,0,0,0,0,-32311,0,0,0,0,0,40128,0
40027,-202,8006,1240,65,-52,34,12723,-4,2,-1,0,37249,120,27,65,0,0,0,0,0,0,0,0,-32311,0,0,0,0,0,40133,0
40032,-180,8016,1240,62,-44,33,12724,1,-2,-5,0,37249,120,27,65,0,0,0,0,0,0,0,0,-32310,0,0,0,0,0,40138,0
40037,-242,8006,1240,64,-36,26,12724,7,4,-3,0,37248,125,27,65,0,0,0,0,0,0,0,0,-32310,0,0,0,0,0,40144,0
40042,-234,8020,1228,59,-37,27,12723,5,6,-2,0,37248,125,27,65,0,0,0,0,0,0,0,0,-32310,0,0,0,0,0,40149,0
40047,-230,8054,1222,61,-25,24,12724,5,-3,-3,0,37242,126,27,65,0,0,0,0,0,0,0,0,-32310,0,0,0,0,0,40154,0
40052,-230,8060,1242,65,-25,15,12723,-3,-1,-2,0,37242,126,27,65,0,0,0,0,0,0,0,0,-32310,0,0,0,0,0,40160,0
40057,-244,8040,1224,59,-17,16,12725,4,2,-1,0,37240,128,27,65,0,0,0,0,0,0,0,0,-32310,0,0,0,0,0,40165,0
40062,-232,8070,1238,58,-17,13,12725,1,0,-2,0,37240,128,27,65,0,0,0,0,0,0,0,0,-32310,0,0,0,0,0,40170,0
40067,-226,8098,1216,56,-17,11,12724,0,-1,-2,0,37240,122,27,65,0,0,0,0,0,0,0,0,-32310,0,0,0,0,0,40176,0
40072,-220,8100,1220,60,-16,6,12724,-5,-8,-2,0,37240,122,27,65,0,0,0,0,0,0,0,0,-32311,0,0,0,0,0,40181,0
40077,-230,8086,1220,60,-20,5,12723,1,-3,-1,0,37241,118,27,65,0,0,0,0,0,0,0,0,-32311,0,0,0,0,0,40186,0
40082,-230,8138,1218,59,-11,0,12724,0,0,-2,0,37241,118,27,65,0,0,0,0,0,0,0,0,-32310,0,0,0,0,0,40192,0
40087,-216,8102,1212,59,-17,1,12723,3,3,-2,0,37242,113,27,65,0,0,0,0,0,0,0,0,-32310,0,0,0,0,0,40197,0
40092,-222,8100,1218,61,-20,-4,12724,3,5,-2,0,37242,113,27,65,0,0,0,0,0,0,0,0,-32311,0,0,0,0,0,40202,0
40097,-228,8136,1218,55,-16,-2,12723,-2,0,-2,0,37243,117,27,65,0,0,0,0,0,0,0,0,-32311,0,0,0,0,0,40207,0
40102,-224,8124,1208,54,-14,-6,12723,0,2,-1,0,37243,117,27,65,0,0,0,0,0,0,0,0,-32311,0,0,0,0,0,40213,0
40107,-202,8126,1206,56,-14,-1,12723,0,-1,-2,0,37242,116,27,65,0,0,0,0,0,0,0,0,-32310,0,0,0,0,0,40218,0
40112,-216,8120,1208,60,-6,-9,12723,-2,-3,-3,0,37242,116,27,65,0,0,0,0,0,0,0,0,-32310,0,0,0,0,0,40224,0
40117,-202,8090,1188,64,-10,-9,12723,-7,2,0,0,37243,121,27,65,0,0,0,0,0,0,0,0,-32310,0,0,0,0,0,40229,0
40122,-202,8094,1202,63,-6,-11,12724,1,4,1,0,37243,121,27,65,0,0,0,0,0,0,0,0,-32311,0,0,0,0,0,40234,0
40127,-204,8092,1202,66,-15,-11,12724,1,-2,-2,0,37246,118,27,65,0,0,0,0,0,0,0,0,-32310,0,0,0,0,0,40240,0
40132,-198,8076,1202,68,-15,-9,12723,0,2,-3,0,37246,118,27,65,0,0,0,0,0,0,0,0,-32310,0,0,0,0,0,40245,0
40137,-232,8074,1234,69,-10,-16,12723,2,1,-3,0,37247,120,27,65,0,0,0,0,0,0,0,0,-32310,0,0,0,0,0,40250,0
40142,-218,8056,1210,73,-13,-13,12723,0,3,-3,0,37247,120,27,65,0,0,0,0,0,0,0,0,-32310,0,0,0,0,0,40256,0
40147,-220,8050,1246,75,-15,-24,12724,1,3,-2,0,37251,122,27,65,0,0,0,0,0,0,0,0,-32310,0,0,0,0,0,40261,0
40152,-202,8028,1222,74,-15,-20,12723,-7,-3,0,0,37251,122,27,65,0,0,0,0,0,0,0,0,-32311,0,0,0,0,0,40266,0
40157,-188,8038,1222,78,-16,-18,12724,1,4,-2,0,37249,132,27,65,0,0,0,0,0,0,0,0,-32310,0,0,0,0,0,40272,0
40162,-178,8062,1238,77,-15,-21,12723,-1,1,-2,0,37249,132,27,65,0,0,0,0,0,0,0,0,-32310,0,0,0,0,0,40277,0
40167,-176,8048,1252,81,-14,-25,12724,3,3,-1,0,37250,122,27,65,0,0,0,0,0,0,0,0,-32310,0,0,0,0,0,40283,0
40172,-182,8056,1236,81,-7,-25,12724,5,-1,-2,0,37250,122,27,65,0,0,0,0,0,0,0,0,-32310,0,0,0,0,0,40288,0
40177,-166,8050,1248,83,-13,-24,12723,-5,3,-1,0,37246,113,27,65,0,0,0,0,0,0,0,0,-32310,0,0,0,0,0,40293,0
40182,-164,8064,1252,84,-15,-24,12724,0,0,-3,0,37246,113,27,65,0,0,0,0,0,0,0,0,-32310,0,0,0,0,0,40299,0
40187,-212,8048,1246,79,-15,-23,12724,0,0,-1,0,37245,110,27,65,0,0,0,0,0,0,0,0,-32310,0,0,0,0,0,40304,0
40192,-162,8072,1292,86,-20,-25,12724,3,4,-2,0,37245,110,27,65,0,0,0,0,0,0,0,0,-32310,0,0,0,0,0,40309,0
40197,-172,8056,1284,74,-24,-19,12723,-8,-2,-2,0,37252,119,27,65,0,0,0,0,0,0,0,0,-32310,0,0,0,0,0,40315,0
40202,-146,8032,1304,81,-20,-26,12723,-1,-4,-2,0,37252,119,27,65,0,0,0,0,0,0,0,0,-32310,0,0,0,0,0,40320,0
40207,-168,8066,1312,76,-22,-24,12723,2,-1,-2,0,37259,128,27,65,0,0,0,0,0,0,0,0,-32310,0,0,0,0,0,40325,0
40212,-150,8044,1318,64,-27,-21,12723,-4,3,-2,0,37259,128,27,65,0,0,0,0,0,0,0,0,-32310,0,0,0,0,0,40331,0
40217,-130,8032,1308,69,-32,-22,12723,-2,-1,-1,0,37257,124,27,65,0,0,0,0,0,0,0,0,-32310,0,0,0,0,0,40336,0
40222,-142,8040,1300,63,-25,-22,12723,-8,2,-2,0,37257,124,27,65,0,0,0,0,0,0,0,0,-32310,0,0,0,0,0,40341,0
40227,-178,8068,1320,58,-28,-24,12725,0,-2,-2,0,37253,117,27,65,0,0,0,0,0,0,0,0,-32310,0,0,0,0,0,40346,0
40232,-120,8040,1322,60,-29,-25,12724,-2,-2,-3,0,37253,117,27,65,0,0,0,0,0,0,0,0,-32310,0,0,0,0,0,40352,0
40237,-120,8010,1318,50,-24,-25,12723,-4,-1,-2,0,37247,119,27,65,0,0,0,0,0,0,0,0,-32310,0,0,0,0,0,40357,0
40242,-124,8002,1318,51,-26,-22,12724,9,-3,-3,0,37247,119,27,65,0,0,0,0,0,0,0,0,-32310,0,0,0,0,0,40362,0
40247,-118,8000,1342,45,-27,-20,12723,-1,4,-2,0,37247,127,27,65,0,0,0,0,0,0,0,0,-32310,0,0,0,0,0,40368,0
40252,-96,8020,1308,36,-19,-20,12724,0,4,-2,0,37247,127,27,65,0,0,0,0,0,0,0,0,-32310,0,0,0,0,0,40373,0
40257,-84,8018,1302,40,-14,-20,12724,4,1,-2,0,37244,125,27,65,0,0,0,0,0,0,0,0,-32310,0,0,0,0,0,40378,0
40262,-96,8054,1338,34,-15,-18,12723,2,1,-1,0,37244,125,27,65,0,0,0,0,0,0,0,0,-32310,0,0,0,0,0,40384,0
40267,-92,8040,1336,31,-12,-17,12723,-1,-4,0,0,37241,123,27,65,0,0,0,0,0,0,0,0,-32310,0,0,0,0,0,40389,0
40272,-90,8022,1304,22,-3,-14,12724,0,1,-2,0,37241,123,27,65,0,0,0,0,0,0,0,0,-32310,0,0,0,0,0,40394,0
40277,-64,7976,1348,21,4,-17,12723,-4,3,-2,0,37243,120,27,65,0,0,0,0,0,0,0,0,-32310,0,0,0,0,0,40400,0
40282,-112,7986,1254,13,3,-16,12724,3,-1,-3,0,37243,120,27,65,0,0,0,0,0,0,0,0,-32310,0,0,0,0,0,40405,0
40287,-118,8034,1296,12,1,-16,12723,-9,-3,-4,0,37245,110,27,65,0,0,0,0,0,0,0,0,-32310,0,0,0,0,0,40410,0
40292,-166,7882,1226,16,7,-14,12724,3,-2,-3,0,37245,110,27,65,0,0,0,0,0,0,0,0,-32310,0,0,0,0,0,40416,0
40297,-58,7996,1308,11,7,-11,12724,3,2,-2,0,37245,116,27,65,0,0,0,0,0,0,0,0,-32310,0,0,0,0,0,40421,0
40302,-52,7976,1276,10,14,-13,12723,4,3,-2,0,37245,116,27,65,0,0,0,0,0,0,0,0,-32310,0,0,0,0,0,40426,0
40307,-106,7974,1280,8,17,-9,12724,6,-2,-2,0,37246,114,27,65,0,0,0,0,0,0,0,0,-32310,0,0,0,0,0,40432,0
40312,-120,7982,1266,10,19,-6,12724,4,1,-2,0,37246,114,27,65,0,0,0,0,0,0,0,0,-32310,0,0,0,0,0,40437,0
40317,-100,7992,1272,8,17,-1,12723,0,0,-2,0,37246,119,27,65,0,0,0,0,0,0,0,0,-32310,0,0,0,0,0,40442,0
40322,-80,8004,1228,11,14,-8,12723,4,-5,-2,0,37246,119,27,65,0,0,0,0,0,0,0,0,-32310,0,0,0,0,0,40448,0
40327,-114,8004,1246,11,21,-2,12724,-4,-1,-2,0,37245,116,27,65,0,0,0,0,0,0,0,0,-32310,0,0,0,0,0,40453,0
40332,-96,8068,1234,11,15,2,12723,4,2,-1,0,37245,116,27,65,0,0,0,0,0,0,0,0,-32310,0,0,0,0,0,40458,0
40337,-106,8066,1216,12,23,6,12724,2,-2,-1,0,37249,120,27,65,0,0,0,0,0,0,0,0,-32310,0,0,0,0,0,40464,0
40342,-104,8050,1204,10,21,5,12723,-1,-4,-2,0,37249,120,27,65,0,0,0,0,0,0,0,0,-32310,0,0,0,0,0,40469,0
40347,-122,8052,1206,15,15,13,12723,-1,1,-2,0,37249,125,27,65,0,0,0,0,0,0,0,0,-32310,0,0,0,0,0,40474,0
40352,-130,8018,1204,12,14,17,12724,8,0,-1,0,37249,125,27,65,0,0,0,0,0,0,0,0,-32310,0,0,0,0,0,40480,0
40357,-124,8032,1212,11,16,16,12725,4,0,-2,0,37250,130,27,65,0,0,0,0,0,0,0,0,-32310,0,0,0,0,0,40485,0
40362,-122,7992,1198,9,10,16,12724,5,-3,-1,0,37250,130,27,65,0,0,0,0,0,0,0,0,-32310,0,0,0,0,0,40490,0
40367,-114,8000,1196,21,5,18,12723,-4,-2,0,0,37245,123,27,65,0,0,0,0,0,0,0,0,-32310,0,0,0,0,0,40496,0
40372,-122,8016,1208,5,3,16,12723,-4,-5,-2,0,37245,123,27,65,0,0,0,0,0,0,0,0,-32310,0,0,0,0,0,40501,0
40377,-124,8002,1172,11,-7,19,12722,-3,-2,-1,0,37244,120,27,65,0,0,0,0,0,0,0,0,-32311,0,0,0,0,0,40506,0
40382,-118,8032,1174,14,0,24,12724,5,1,-2,0,37244,120,27,65,0,0,0,0,0,0,0,0,-32310,0,0,0,0,0,40512,0
40387,-112,8032,1200,9,-5,22,12725,3,-3,-3,0,37245,122,27,65,0,0,0,0,0,0,0,0,-32310,0,0,0,0,0,40517,0
40392,-118,8030,1180,13,-6,22,12723,0,4,-2,0,37245,122,27,65,0,0,0,0,0,0,0,0,-32310,0,0,0,0,0,40522,0
40397,-86,8038,1186,9,-15,23,12724,6,1,-3,0,37243,120,27,65,0,0,0,0,0,0,0,0,-32310,0,0,0,0,0,40528,0
40402,-122,8062,1196,12,-5,28,12723,5,-4,-2,0,37243,120,27,65,0,0,0,0,0,0,0,0,-32310,0,0,0,0,0,40533,0
40407,-120,8018,1190,15,-10,33,12723,-2,2,-1,0,37245,120,27,65,0,0,0,0,0,0,0,0,-32310,0,0,0,0,0,40538,0
40412,-118,8028,1176,5,-8,32,12724,1,-1,-2,0,37245,120,27,65,0,0,0,0,0,0,0,0,-32310,0,0,0,0,0,40544,0
40417,-96,8030,1174,13,-11,32,12724,3,2,-2,0,37246,126,27,65,0,0,0,0,0,0,0,0,-32309,0,0,0,0,0,40549,0
40422,-94,8024,1176,15,-12,33,12723,0,1,-2,0,37246,126,27,65,0,0,0,0,0,0,0,0,-32310,0,0,0,0,0,40554,0
40427,-100,8022,1146,10,-13,34,12723,2,0,-3,0,37249,129,27,65,0,0,0,0,0,0,0,0,-32310,0,0,0,0,0,40561,0
40432,-106,8078,1156,13,-9,40,12723,-5,-1,-3,0,37249,129,27,65,0,0,0,0,0,0,0,0,-32310,0,0,0,0,0,40566,0
40437,-86,8056,1140,17,-11,41,12723,-7,-1,0,0,37251,119,27,65,0,0,0,0,0,0,0,0,-32309,0,0,0,0,0,40571,0
40442,-98,8062,1134,16,-13,39,12723,-5,0,0,0,37251,119,27,65,0,0,0,0,0,0,0,0,-32310,0,0,0,0,0,40577,0
40447,-72,8056,1136,19,-20,44,12724,1,0,-2,0,37256,121,27,65,0,0,0,0,0,0,0,0,-32310,0,0,0,0,0,40582,0
40452,-100,8062,1134,19,-20,46,12724,6,-1,-2,0,37256,121,27,65,0,0,0,0,0,0,0,0,-32310,0,0,0,0,0,40587,0
40457,-100,8080,1122,18,-29,49,12723,6,5,-3,0,37256,124,27,65,0,0,0,0,0,0,0,0,-32310,0,0,0,0,0,40593,0
40462,-120,8124,1126,25,-34,52,12724,1,0,-3,0,37256,124,27,65,0,0,0,0,0,0,0,0,-32310,0,0,0,0,0,40598,0
40467,-116,8070,1124,26,-36,55,12723,-2,0,-2,0,37255,121,27,65,0,0,0,0,0,0,0,0,-32310,0,0,0,0,0,40603,0
40472,-108,8120,1124,28,-59,55,12724,0,3,-2,0,37255,121,27,65,0,0,0,0,0,0,0,0,-32310,0,0,0,0,0,40609,0
40477,-106,8106,1094,32,-56,55,12724,-4,-2,-1,0,37245,116,27,65,0,0,0,0,0,0,0,0,-32310,0,0,0,0,0,40614,0
40482,-106,8092,1150,39,-69,60,12723,-4,-3,-3,0,37245,116,27,65,0,0,0,0,0,0,0,0,-32310,0,0,0,0,0,40619,0
40487,-152,8070,1070,42,-75,62,12723,-1,-1,-1,0,37242,113,27,65,0,0,0,0,0,0,0,0,-32310,0,0,0,0,0,40625,0
40492,-136,8114,1088,47,-106,63,12724,-5,2,-1,0,37242,113,27,65,0,0,0,0,0,0,0,0,-32310,0,0,0,0,0,40630,0
40497,-108,8104,1084,49,-117,64,12724,6,3,-2,0,37243,114,27,65,0,0,0,0,0,0,0,0,-32310,0,0,0,0,0,40635,0
40502,-70,8064,1124,50,-121,66,12723,1,-2,-4,0,37243,114,27,65,0,0,0,0,0,0,0,0,-32310,0,0,0,0,0,40641,0
40507,-82,8052,1100,57,-125,66,12723,-1,3,-3,0,37243,125,27,65,0,0,0,0,0,0,0,0,-32310,0,0,0,0,0,40646,0
40512,-98,8064,1114,66,-142,67,12724,-4,3,-1,0,37243,125,27,65,0,0,0,0,0,0,0,0,-32310,0,0,0,0,0,40651,0
40517,-80,8062,1100,65,-152,73,12723,2,-1,-2,0,37242,128,27,65,0,0,0,0,0,0,0,0,-32310,0,0,0,0,0,40657,0
40522,-64,8018,1128,67,-163,78,12723,-7,-7,-1,0,37242,128,27,65,0,0,0,0,0,0,0,0,-32310,0,0,0,0,0,40662,0
40527,-50,8036,1132,61,-168,74,12723,-8,1,0,0,37241,127,27,65,0,0,0,0,0,0,0,0,-32310,0,0,0,0,0,40667,0
40532,-28,8026,1128,69,-174,76,12725,-1,3,-2,0,37241,127,27,65,0,0,0,0,0,0,0,0,-32310,0,0,0,0,0,40673,0
40537,-48,8046,1154,67,-178,78,12722,-9,-8,-2,0,37241,123,27,65,0,0,0,0,0,0,0,0,-32310,0,0,0,0,0,40678,0
40542,-66,8024,1158,68,-184,84,12725,3,0,-4,0,37241,123,27,65,0,0,0,0,0,0,0,0,-32310,0,0,0,0,0,40683,0
40547,-34,8056,1144,70,-188,86,12724,0,2,-4,0,37246,117,27,65,0,0,0,0,0,0,0,0,-32310,0,0,0,0,0,40689,0
40552,-44,7984,1170,68,-188,89,12724,0,1,-2,0,37246,117,27,65,0,0,0,0,0,0,0,0,-32310,0,0,0,0,0,40694,0
40557,-44,8004,1174,66,-191,91,12724,2,3,-3,0,37245,123,27,65,0,0,0,0,0,0,0,0,-32310,0,0,0,0,0,40699,0
40562,-46,8020,1166,68,-185,93,12723,0,-2,-2,0,37245,123,27,65,0,0,0,0,0,0,0,0,-32311,0,0,0,0,0,40705,0
40567,-18,8014,1174,70,-188,95,12723,0,2,0,0,37245,120,27,65,0,0,0,0,0,0,0,0,-32310,0,0,0,0,0,40710,0
40572,-24,8006,1186,66,-187,100,12723,-2,0,-3,0,37245,120,27,65,0,0,0,0,0,0,0,0,-32310,0,0,0,0,0,40715,0
40577,-40,7978,1188,61,-188,96,12724,-3,6,-1,0,37243,118,27,65,0,0,0,0,0,0,0,0,-32310,0,0,0,0,0,40721,0
40582,-38,7970,1156,57,-186,103,12724,2,-1,-4,0,37243,118,27,65,0,0,0,0,0,0,0,0,-32310,0,0,0,0,0,40726,0
40587,-18,7978,1184,61,-186,104,12724,-1,1,-3,0,37244,110,27,65,0,0,0,0,0,0,0,0,-32310,0,0,0,0,0,40731,0
40592,-32,7996,1160,55,-186,109,12725,4,4,-2,0,37244,110,27,65,0,0,0,0,0,0,0,0,-32310,0,0,0,0,0,40737,0
40597,-18,8002,1164,53,-182,112,12724,2,4,-3,0,37244,112,27,65,0,0,0,0,0,0,0,0,-32310,0,0,0,0,0,40742,0
40602,-34,7994,1166,51,-174,112,12724,-2,3,-1,0,37244,112,27,65,0,0,0,0,0,0,0,0,-32311,0,0,0,0,0,40748,0
40607,-44,7984,1150,58,-176,113,12722,-5,-2,-3,0,37242,118,27,65,0,0,0,0,0,0,0,0,-32310,0,0,0,0,0,40753,0
40612,-62,7956,1156,51,-171,112,12724,-5,0,-1,0,37242,118,27,65,0,0,0,0,0,0,0,0,-32310,0,0,0,0,0,40758,0
40617,-62,7970,1152,52,-167,115,12724,8,2,-1,0,37241,122,27,65,0,0,0,0,0,0,0,0,-32310,0,0,0,0,0,40764,0
40622,-80,7958,1154,50,-160,122,12723,-3,-2,0,0,37241,122,27,65,0,0,0,0,0,0,0,0,-32310,0,0,0,0,0,40769,0
40627,-88,7998,1150,54,-159,116,12724,-2,1,-1,0,37242,124,27,65,0,0,0,0,0,0,0,0,-32310,0,0,0,0,0,40774,0
40632,-90,8000,1120,59,-145,117,12724,2,-1,-4,0,37242,124,27,65,0,0,0,0,0,0,0,0,-32310,0,0,0,0,0,40780,0
40637,-118,8010,1126,59,-140,113,12724,4,4,-1,0,37245,129,27,65,0,0,0,0,0,0,0,0,-32310,0,0,0,0,0,40785,0
40642,-94,7992,1110,66,-132,113,12724,3,-1,-1,0,37245,129,27,65,0,0,0,0,0,0,0,0,-32310,0,0,0,0,0,40790,0
40647,-86,7988,1112,66,-132,106,12724,3,-1,-2,0,37246,131,27,65,0,0,0,0,0,0,0,0,-32310,0,0,0,0,0,40796,0
40652,-126,7948,1096,64,-128,108,12724,1,0,-1,0,37246,131,27,65,0,0,0,0,0,0,0,0,-32310,0,0,0,0,0,40801,0
40657,-90,7948,1080,70,-126,105,12723,2,-1,-2,0,37245,128,27,65,0,0,0,0,0,0,0,0,-32310,0,0,0,0,0,40806,0
40662,-80,7940,1098,79,-112,105,12724,3,-2,-2,0,37245,128,27,65,0,0,0,0,0,0,0,0,-32310,0,0,0,0,0,40812,0
40667,-98,7936,1096,78,-107,95,12723,5,0,0,0,37244,117,27,65,0,0,0,0,0,0,0,0,-32310,0,0,0,0,0,40817,0
40672,-98,7944,1088,84,-102,94,12725,-2,4,-1,0,37244,117,27,65,0,0,0,0,0,0,0,0,-32310,0,0,0,0,0,40822,0
40677,-136,7952,1092,91,-89,88,12724,2,2,-2,0,37245,117,27,65,0,0,0,0,0,0,0,0,-32310,0,0,0,0,0,40828,0
40682,-134,7980,1060,97,-88,85,12724,1,-4,-3,0,37245,117,27,65,0,0,0,0,0,0,0,0,-32310,0,0,0,0,0,40833,0
40687,-128,7978,1070,95,-74,85,12723,-3,-3,-3,0,37249,121,27,65,0,0,0,0,0,0,0,0,-32310,0,0,0,0,0,40838,0
40692,-156,8018,1088,102,-74,81,12724,5,1,-3,0,37249,121,27,65,0,0,0,0,0,0,0,0,-32310,0,0,0,0,0,40844,0
40697,-134,8022,1094,101,-64,83,12723,5,-1,-3,0,37248,120,27,65,0,0,0,0,0,0,0,0,-32310,0,0,0,0,0,40849,0
40702,-132,8022,1098,106,-59,70,12725,8,2,-3,0,37248,120,27,65,0,0,0,0,0,0,0,0,-32311,0,0,0,0,0,40854,0
40707,-144,8056,1098,102,-51,71,12723,-8,1,-3,0,37248,109,27,65,0,0,0,0,0,0,0,0,-32310,0,0,0,0,0,40860,0
40712,-134,8118,1116,115,-39,74,12724,1,1,-2,0,37248,109,27,65,0,0,0,0,0,0,0,0,-32310,0,0,0,0,0,40865,0
40717,-142,8134,1150,113,-35,70,12724,0,-5,-2,0,37247,119,27,65,0,0,0,0,0,0,0,0,-32310,0,0,0,0,0,40870,0
40722,-122,8132,1110,117,-35,66,12724,-1,1,-1,0,37247,119,27,65,0,0,0,0,0,0,0,0,-32310,0,0,0,0,0,40876,0
40727,-136,8122,1114,119,-31,67,12722,-9,-3,-2,0,37247,117,27,65,0,0,0,0,0,0,0,0,-32310,0,0,0,0,0,40881,0
40732,-162,8068,1108,121,-17,58,12723,-1,2,-2,0,37247,117,27,65,0,0,0,0,0,0,0,0,-32310,0,0,0,0,0,40886,0
40737,-152,8012,1112,123,-20,64,12723,-4,-4,-2,0,37245,112,27,65,0,0,0,0,0,0,0,0,-32310,0,0,0,0,0,40891,0
40742,-138,8010,1094,124,-15,59,12723,-5,1,-3,0,37245,112,27,65,0,0,0,0,0,0,0,0,-32310,0,0,0,0,0,40897,0
40747,-124,8010,1098,133,-11,59,12724,2,1,-5,0,37250,114,27,65,0,0,0,0,0,0,0,0,-32310,0,0,0,0,0,40902,0
40752,-144,8052,1128,132,-8,48,12723,0,-2,-1,0,37250,114,27,65,0,0,0,0,0,0,0,0,-32310,0,0,0,0,0,40907,0
40757,-172,8050,1124,138,-4,48,12724,-4,1,-3,0,37250,113,27,65,0,0,0,0,0,0,0,0,-32310,0,0,0,0,0,40913,0
40762,-166,8066,1118,140,-1,42,12724,1,3,-3,0,37250,113,27,65,0,0,0,0,0,0,0,0,-32310,0,0,0,0,0,40918,0
40767,-164,8054,1114,140,0,39,12723,-2,-4,0,0,37248,118,27,65,0,0,0,0,0,0,0,0,-32310,0,0,0,0,0,40923,0
40772,-180,8050,1104,147,3,27,12724,-5,0,-2,0,37248,118,27,65,0,0,0,0,0,0,0,0,-32310,0,0,0,0,0,40929,0
40777,-174,8070,1114,155,1,25,12724,3,0,-2,0,37242,113,27,65,0,0,0,0,0,0,0,0,-32311,0,0,0,0,0,40934,0
40782,-186,8114,1120,158,4,23,12724,0,0,-2,0,37242,113,27,65,0,0,0,0,0,0,0,0,-32310,0,0,0,0,0,40939,0
40787,-162,8102,1156,158,4,17,12724,-3,-3,-2,0,37242,114,27,65,0,0,0,0,0,0,0,0,-32310,0,0,0,0,0,40945,0
40792,-182,8112,1144,169,0,9,12724,1,3,-3,0,37242,114,27,65,0,0,0,0,0,0,0,0,-32310,0,0,0,0,0,40950,0
40797,-180,8100,1182,162,6,8,12723,0,0,-3,0,37245,110,27,65,0,0,0,0,0,0,0,0,-32310,0,0,0,0,0,40955,0
40802,-186,8076,1172,167,-3,8,12723,2,0,-2,0,37245,110,27,65,0,0,0,0,0,0,0,0,-32310,0,0,0,0,0,40961,0
40807,-168,8074,1180,169,-3,8,12723,-2,-1,-1,0,37244,107,27,65,0,0,0,0,0,0,0,0,-32310,0,0,0,0,0,40966,0
40812,-164,8020,1182,177,-7,4,12724,2,0,-2,0,37244,107,27,65,0,0,0,0,0,0,0,0,-32310,0,0,0,0,0,40971,0
40817,-120,8002,1196,166,-12,1,12724,3,2,-1,0,37245,109,27,65,0,0,0,0,0,0,0,0,-32309,0,0,0,0,0,40976,0
40822,-104,8000,1204,165,-11,0,12724,-7,1,-1,0,37245,109,27,65,0,0,0,0,0,0,0,0,-32310,0,0,0,0,0,40982,0
40827,-128,7982,1222,170,-10,-1,12724,-2,-2,-2,0,37245,112,27,65,0,0,0,0,0,0,0,0,-32310,0,0,0,0,0,40987,0
40832,-128,7992,1224,166,-7,-2,12724,-5,-1,-2,0,37245,112,27,65,0,0,0,0,0,0,0,0,-32310,0,0,0,0,0,40992,0
40837,-126,7966,1220,163,-10,-3,12722,-3,-2,-1,0,37244,113,27,65,0,0,0,0,0,0,0,0,-32310,0,0,0,0,0,40998,0
40842,-130,7982,1250,162,-10,-4,12725,5,1,-2,0,37244,113,27,65,0,0,0,0,0,0,0,0,-32310,0,0,0,0,0,41003,0
40847,-118,7992,1238,160,-7,-10,12724,5,0,-2,0,37245,117,27,65,0,0,0,0,0,0,0,0,-32310,0,0,0,0,0,41008,0
40852,-124,8008,1246,156,-6,-9,12725,3,4,-4,0,37245,117,27,65,0,0,0,0,0,0,0,0,-32310,0,0,0,0,0,41014,0
40857,-104,8004,1262,150,-7,-5,12723,3,-1,-2,0,37248,132,27,65,0,0,0,0,0,0,0,0,-32310,0,0,0,0,0,41019,0
40862,-124,8042,1266,156,-5,-7,12723,-12,-2,-2,0,37248,132,27,65,0,0,0,0,0,0,0,0,-32310,0,0,0,0,0,41024,0
40867,-110,8050,1254,150,-2,-10,12723,-5,-3,-1,0,37249,132,27,65,0,0,0,0,0,0,0,0,-32310,0,0,0,0,0,41030,0
40872,-120,8002,1256,138,-8,-12,12722,-5,1,-2,0,37249,132,27,65,0,0,0,0,0,0,0,0,-32310,0,0,0,0,0,41035,0
40877,-98,7990,1272,144,-1,-13,12724,0,1,-1,0,37250,127,27,65,0,0,0,0,0,0,0,0,-32310,0,0,0,0,0,41040,0
40882,-80,7994,1258,139,-2,-10,12724,-1,3,-3,0,37250,127,27,65,0,0,0,0,0,0,0,0,-32310,0,0,0,0,0,41046,0
40887,-68,7990,1250,133,-1,-7,12723,0,8,-2,0,37246,108,27,65,0,0,0,0,0,0,0,0,-32310,0,0,0,0,0,41051,0
40892,-78,7984,1278,135,4,-7,12723,-6,1,-1,0,37246,108,27,65,0,0,0,0,0,0,0,0,-32311,0,0,0,0,0,41056,0
40897,-52,7992,1240,134,6,-11,12724,2,1,-2,0,37246,102,27,65,0,0,0,0,0,0,0,0,-32310,0,0,0,0,0,41062,0
40902,-62,8024,1276,136,8,-8,12724,-6,2,-3,0,37246,102,27,65,0,0,0,0,0,0,0,0,-32310,0,0,0,0,0,41067,0
40907,-60,8028,1258,133,4,-6,12723,-5,0,-3,0,37244,113,27,65,0,0,0,0,0,0,0,0,-32310,0,0,0,0,0,41072,0
40912,-48,8040,1238,126,10,-1,12725,3,-2,-2,0,37244,113,27,65,0,0,0,0,0,0,0,0,-32310,0,0,0,0,0,41078,0
40917,-42,8044,1254,133,16,-2,12724,0,-1,0,0,37242,120,27,65,0,0,0,0,0,0,0,0,-32310,0,0,0,0,0,41083,0
40922,-72,8062,1262,126,21,-5,12724,1,-1,-1,0,37242,120,27,65,0,0,0,0,0,0,0,0,-32310,0,0,0,0,0,41088,0
40927,-94,8070,1254,129,22,-3,12724,-3,-4,-2,0,37241,117,27,65,0,0,0,0,0,0,0,0,-32310,0,0,0,0,0,41093,0
40932,-128,8042,1258,132,27,1,12725,3,-1,-2,0,37241,117,27,65,0,0,0,0,0,0,0,0,-32310,0,0,0,0,0,41099,0
40937,-100,8056,1266,133,22,-2,12723,5,-1,0,0,37245,119,27,65,0,0,0,0,0,0,0,0,-32310,0,0,0,0,0,41104,0
40942,-104,8052,1252,125,31,7,12724,-1,-4,-2,0,37245,119,27,65,0,0,0,0,0,0,0,0,-32310,0,0,0,0,0,41110,0
40947,-124,8048,1256,132,28,-3,12724,4,-5,-3,0,37251,122,27,65,0,0,0,0,0,0,0,0,-32310,0,0,0,0,0,41115,0
40952,-128,8066,1248,122,29,-5,12724,3,2,-1,0,37251,122,27,65,0,0,0,0,0,0,0,0,-32310,0,0,0,0,0,41120,0
40957,-138,8040,1258,122,36,-1,12723,-1,-1,-2,0,37258,120,27,65,0,0,0,0,0,0,0,0,-32310,0,0,0,0,0,41125,0
40962,-132,8044,1266,121,27,2,12724,5,-3,-3,0,37258,120,27,65,0,0,0,0,0,0,0,0,-32310,0,0,0,0,0,41131,0
40967,-108,8044,1262,124,35,-2,12725,6,3,-2,0,37254,120,27,65,0,0,0,0,0,0,0,0,-32310,0,0,0,0,0,41136,0
40972,-108,8050,1246,116,29,-3,12723,-4,3,-2,0,37254,120,27,65,0,0,0,0,0,0,0,0,-32310,0,0,0,0,0,41141,0
40977,-112,8094,1248,120,30,-2,12724,-5,-4,-1,0,37250,119,27,65,0,0,0,0,0,0,0,0,-32310,0,0,0,0,0,41147,0
40982,-114,8078,1282,115,30,0,12725,1,-1,-2,0,37250,119,27,65,0,0,0,0,0,0,0,0,-32310,0,0,0,0,0,41152,0
40987,-70,8082,1248,115,22,2,12725,7,1,-1,0,37245,117,27,65,0,0,0,0,0,0,0,0,-32310,0,0,0,0,0,41157,0
40992,-72,8066,1248,113,25,-5,12723,-9,-3,-4,0,37245,117,27,65,0,0,0,0,0,0,0,0,-32310,0,0,0,0,0,41163,0
40997,-66,8080,1266,102,27,0,12724,0,-3,-3,0,37245,121,27,65,0,0,0,0,0,0,0,0,-32310,0,0,0,0,0,41168,0
41002,-54,8092,1268,112,27,4,12724,-4,-5,-2,0,37245,121,27,65,0,0,0,0,0,0,0,0,-32310,0,0,0,0,0,41173,0
41007,-70,8098,1276,104,28,6,12723,-7,3,-2,0,37245,118,27,65,0,0,0,0,0,0,0,0,-32310,0,0,0,0,0,41179,0
41012,-50,8128,1276,102,21,4,12723,-1,2,-3,0,37245,118,27,65,0,0,0,0,0,0,0,0,-32310,0,0,0,0,0,41184,0
41017,-70,8106,1272,99,23,7,12723,2,2,-2,0,37243,127,27,65,0,0,0,0,0,0,0,0,-32310,0,0,0,0,0,41189,0
41022,-52,8112,1262,100,24,8,12723,-4,0,-2,0,37243,127,27,65,0,0,0,0,0,0,0,0,-32310,0,0,0,0,0,41195,0
41027,-52,8110,1262,97,23,13,12724,2,2,-3,0,37244,123,27,65,0,0,0,0,0,0,0,0,-32310,0,0,0,0,0,41200,0
41032,-48,8162,1266,93,21,14,12723,0,3,-2,0,37244,123,27,65,0,0,0,0,0,0,0,0,-32310,0,0,0,0,0,41205,0
41037,-30,8162,1280,84,17,17,12723,-4,7,-2,0,37244,121,27,65,0,0,0,0,0,0,0,0,-32310,0,0,0,0,0,41211,0
41042,-52,8146,1268,86,19,21,12724,-5,-5,-2,0,37244,121,27,65,0,0,0,0,0,0,0,0,-32310,0,0,0,0,0,41216,0
41047,-64,8158,1266,83,17,18,12724,1,2,-2,0,37244,123,27,65,0,0,0,0,0,0,0,0,-32310,0,0,0,0,0,41221,0
41052,-46,8144,1278,78,12,16,12723,-1,1,0,0,37244,123,27,65,0,0,0,0,0,0,0,0,-32310,0,0,0,0,0,41227,0
41057,-30,8140,1254,72,14,21,12724,-4,-2,-3,0,37244,122,27,65,0,0,0,0,0,0,0,0,-32310,0,0,0,0,0,41232,0
41062,-72,8132,1246,76,8,22,12723,0,-1,-3,0,37244,122,27,65,0,0,0,0,0,0,0,0,-32310,0,0,0,0,0,41237,0
41067,-52,8134,1240,74,5,23,12722,-7,6,-1,0,37245,128,27,65,0,0,0,0,0,0,0,0,-32310,0,0,0,0,0,41243,0
41072,-54,8118,1238,71,0,28,12723,-7,-1,-1,0,37245,128,27,65,0,0,0,0,0,0,0,0,-32311,0,0,0,0,0,41248,0
41077,-54,8130,1252,70,-7,29,12724,3,3,-1,0,37247,129,27,65,0,0,0,0,0,0,0,0,-32311,0,0,0,0,0,41253,0
41082,-74,8066,1244,74,-7,31,12724,-2,2,-2,0,37247,129,27,65,0,0,0,0,0,0,0,0,-32310,0,0,0,0,0,41259,0
41087,-78,8086,1256,72,-16,29,12724,-4,0,-2,0,37249,137,27,65,0,0,0,0,0,0,0,0,-32310,0,0,0,0,0,41264,0
41092,-98,8076,1244,67,-22,36,12724,-3,-3,-2,0,37249,137,27,65,0,0,0,0,0,0,0,0,-32310,0,0,0,0,0,41269,0
41097,-82,8054,1262,68,-29,36,12724,5,0,-3,0,37248,122,27,65,0,0,0,0,0,0,0,0,-32310,0,0,0,0,0,41275,0
41102,-46,8044,1256,67,-28,41,12724,-5,-4,-2,0,37248,122,27,65,0,0,0,0,0,0,0,0,-32310,0,0,0,0,0,41280,0
41107,-54,8032,1264,60,-31,44,12723,-2,-1,-2,0,37245,111,27,65,0,0,0,0,0,0,0,0,-32310,0,0,0,0,0,41285,0
41112,-50,8016,1244,58,-37,46,12724,-1,-1,-2,0,37245,111,27,65,0,0,0,0,0,0,0,0,-32310,0,0,0,0,0,41291,0
41117,-52,8044,1246,60,-39,51,12723,-11,2,0,0,37245,103,27,65,0,0,0,0,0,0,0,0,-32310,0,0,0,0,0,41296,0
41122,-70,8032,1256,58,-45,55,12723,-7,-1,-1,0,37245,103,27,65,0,0,0,0,0,0,0,0,-32311,0,0,0,0,0,41301,0
41127,-48,8016,1270,54,-44,62,12723,-3,1,-1,0,37246,113,27,65,0,0,0,0,0,0,0,0,-32310,0,0,0,0,0,41307,0
41132,-92,7982,1272,52,-48,61,12724,1,2,-3,0,37246,113,27,65,0,0,0,0,0,0,0,0,-32310,0,0,0,0,0,41312,0
41137,-58,7976,1250,50,-47,63,12724,5,3,-1,0,37245,110,27,65,0,0,0,0,0,0,0,0,-32310,0,0,0,0,0,41317,0
41142,-74,7988,1260,49,-48,68,12724,1,2,-1,0,37245,110,27,65,0,0,0,0,0,0,0,0,-32311,0,0,0,0,0,41323,0
41147,-82,7964,1260,42,-47,67,12723,-9,2,-2,0,37246,111,27,65,0,0,0,0,0,0,0,0,-32310,0,0,0,0,0,41328,0
41152,-56,7966,1238,44,-47,68,12725,5,-1,-1,0,37246,111,27,65,0,0,0,0,0,0,0,0,-32310,0,0,0,0,0,41333,0
41157,-92,7956,1246,36,-47,69,12723,-3,-2,-2,0,37246,107,27,65,0,0,0,0,0,0,0,0,-32310,0,0,0,0,0,41339,0
41162,-60,7972,1226,39,-45,69,12724,4,1,-2,0,37246,107,27,65,0,0,0,0,0,0,0,0,-32310,0,0,0,0,0,41344,0
41167,-68,7970,1254,35,-45,71,12724,1,-3,-3,0,37252,117,27,65,0,0,0,0,0,0,0,0,-32310,0,0,0,0,0,41349,0
41172,-72,7976,1252,30,-40,73,12724,5,5,-2,0,37252,117,27,65,0,0,0,0,0,0,0,0,-32310,0,0,0,0,0,41355,0
41177,-70,8000,1238,29,-39,71,12724,-2,2,-1,0,37250,123,27,65,0,0,0,0,0,0,0,0,-32310,0,0,0,0,0,41360,0
41182,-70,8008,1232,29,-40,73,12723,0,-1,-2,0,37250,123,27,65,0,0,0,0,0,0,0,0,-32311,0,0,0,0,0,41365,0
41187,-94,8040,1208,25,-35,78,12724,-1,-1,-2,0,37247,120,27,65,0,0,0,0,0,0,0,0,-32310,0,0,0,0,0,41370,0
41192,-90,8054,1208,22,-41,76,12724,2,2,-1,0,37247,120,27,65,0,0,0,0,0,0,0,0,-32310,0,0,0,0,0,41376,0
41197,-90,8048,1192,16,-37,77,12723,-1,3,-4,0,37249,118,27,65,0,0,0,0,0,0,0,0,-32310,0,0,0,0,0,41381,0
41202,-86,7988,1176,18,-37,76,12724,-2,1,-3,0,37249,118,27,65,0,0,0,0,0,0,0,0,-32310,0,0,0,0,0,41387,0
41207,-102,8056,1202,22,-35,77,12724,6,-3,-1,0,37248,121,27,65,0,0,0,0,0,0,0,0,-32310,0,0,0,0,0,41392,0
41212,-106,8082,1184,13,-35,75,12724,-4,4,-3,0,37248,121,27,65,0,0,0,0,0,0,0,0,-32310,0,0,0,0,0,41397,0
41217,-86,8088,1172,19,-27,74,12723,7,1,-1,0,37251,125,27,65,0,0,0,0,0,0,0,0,-32310,0,0,0,0,0,41402,0
41222,-78,8074,1184,15,-34,75,12724,-1,1,-1,0,37251,125,27,65,0,0,0,0,0,0,0,0,-32310,0,0,0,0,0,41407,0
41227,-98,8076,1146,10,-28,77,12725,7,1,-2,0,37250,126,27,65,0,0,0,0,0,0,0,0,-32310,0,0,0,0,0,41412,0
41232,-126,8058,1152,13,-24,75,12723,-3,0,-3,0,37250,126,27,65,0,0,0,0,0,0,0,0,-32310,0,0,0,0,0,41417,0
41237,-104,8056,1130,18,-24,78,12723,0,3,-2,0,37249,119,27,65,0,0,0,0,0,0,0,0,-32310,0,0,0,0,0,41422,0
41242,-110,8076,1104,13,-19,71,12723,-2,0,-2,0,37249,119,27,65,0,0,0,0,0,0,0,0,-32310,0,0,0,0,0,41427,0
41247,-96,8092,1152,14,-18,72,12724,0,6,-2,0,37247,112,27,65,0,0,0,0,0,0,0,0,-32310,0,0,0,0,0,41432,0
41252,-104,8078,1106,16,-13,67,12725,3,0,-1,0,37247,112,27,65,0,0,0,0,0,0,0,0,-32310,0,0,0,0,0,41437,0
41257,-124,8118,1128,20,-10,60,12724,0,1,-2,0,37244,112,27,65,0,0,0,0,0,0,0,0,-32310,0,0,0,0,0,41442,0
41262,-158,8116,1102,16,-10,57,12724,3,1,-3,0,37244,112,27,65,0,0,0,0,0,0,0,0,-32310,0,0,0,0,0,41447,0
41267,-140,8088,1094,18,-9,55,12724,0,0,-3,0,37241,117,27,65,0,0,0,0,0,0,0,0,-32310,0,0,0,0,0,41452,0
41272,-162,8088,1094,25,-13,52,12724,-1,1,-4,0,37241,117,27,65,0,0,0,0,0,0,0,0,-32310,0,0,0,0,0,41457,0
41277,-136,8094,1086,28,-7,49,12723,4,5,-2,0,37245,111,27,65,0,0,0,0,0,0,0,0,-32310,0,0,0,0,0,41462,0
41282,-118,8102,1118,31,-1,49,12724,-1,2,-3,0,37245,111,27,65,0,0,0,0,0,0,0,0,-32310,0,0,0,0,0,41467,0
41287,-160,8104,1104,35,-7,41,12723,-4,0,-1,0,37245,104,27,65,0,0,0,0,0,0,0,0,-32310,0,0,0,0,0,41472,0
41292,-164,8120,1064,44,-2,45,12724,1,4,-2,0,37245,104,27,65,0,0,0,0,0,0,0,0,-32310,0,0,0,0,0,41477,0
41297,-150,8126,1080,41,0,43,12724,0,1,-3,0,37248,109,27,65,0,0,0,0,0,0,0,0,-32310,0,0,0,0,0,41482,0
41302,-132,8108,1112,46,-2,41,12724,6,3,-3,0,37248,109,27,65,0,0,0,0,0,0,0,0,-32310,0,0,0,0,0,41487,0
41307,-134,8072,1068,50,-6,45,12723,-2,1,-2,0,37243,121,27,65,0,0,0,0,0,0,0,0,-32310,0,0,0,0,0,41492,0
41312,-110,8016,1082,54,-11,40,12723,-5,1,-2,0,37243,121,27,65,0,0,0,0,0,0,0,0,-32310,0,0,0,0,0,41497,0
41317,-102,8020,1104,61,-17,44,12723,-11,-2,-1,0,37243,126,27,65,0,0,0,0,0,0,0,0,-32310,0,0,0,0,0,41502,0
41322,-132,8008,1100,62,-8,44,12723,-5,2,-1,0,37243,126,27,65,0,0,0,0,0,0,0,0,-32310,0,0,0,0,0,41507,0
41327,-102,8066,1120,65,-9,44,12724,2,-4,-1,0,37241,114,27,65,0,0,0,0,0,0,0,0,-32310,0,0,0,0,0,41512,0
41332,-148,8058,1110,65,-14,43,12723,-6,2,-2,0,37241,114,27,65,0,0,0,0,0,0,0,0,-32310,0,0,0,0,0,41517,0
41337,-100,8076,1130,70,-9,42,12724,3,4,-3,0,37242,110,27,65,0,0,0,0,0,0,0,0,-32310,0,0,0,0,0,41522,0
41342,-138,8024,1116,70,-18,39,12724,-1,0,-2,0,37242,110,27,65,0,0,0,0,0,0,0,0,-32310,0,0,0,0,0,41527,0
41347,-140,8060,1144,68,-19,35,12724,-2,2,-1,0,37245,112,27,65,0,0,0,0,0,0,0,0,-32310,0,0,0,0,0,41532,0
41352,-130,8002,1134,80,-25,27,12724,-1,-3,-1,0,37245,112,27,65,0,0,0,0,0,0,0,0,-32311,0,0,0,0,0,41537,0
41357,-146,8014,1142,75,-22,28,12724,-2,-1,-2,0,37245,120,27,65,0,0,0,0,0,0,0,0,-32310,0,0,0,0,0,41542,0
41362,-134,8008,1182,75,-26,29,12724,0,1,-1,0,37245,120,27,65,0,0,0,0,0,0,0,0,-32310,0,0,0,0,0,41547,0
41367,-152,8012,1152,72,-24,21,12723,-6,0,1,0,37245,118,27,65,0,0,0,0,0,0,0,0,-32310,0,0,0,0,0,41552,0
41372,-154,8020,1180,73,-41,21,12724,-4,3,-1,0,37245,118,27,65,0,0,0,0,0,0,0,0,-32310,0,0,0,0,0,41557,0
41377,-144,8004,1164,70,-46,17,12725,0,-2,0,0,37247,111,27,65,0,0,0,0,0,0,0,0,-32310,0,0,0,0,0,41562,0
41382,-150,7990,1162,72,-47,14,12724,0,1,-2,0,37247,111,27,65,0,0,0,0,0,0,0,0,-32310,0,0,0,0,0,41567,0
41387,-136,7968,1176,78,-54,13,12724,-1,-2,-3,0,37251,115,27,65,0,0,0,0,0,0,0,0,-32310,0,0,0,0,0,41572,0
41392,-108,7960,1172,66,-55,13,12723,-4,1,-2,0,37251,115,27,65,0,0,0,0,0,0,0,0,-32310,0,0,0,0,0,41577,0
41397,-96,7988,1178,66,-61,10,12725,-1,-1,-3,0,37251,115,27,65,0,0,0,0,0,0,0,0,-32310,0,0,0,0,0,41582,0
41402,-110,7972,1180,64,-54,7,12725,8,0,-3,0,37251,115,27,65,0,0,0,0,0,0,0,0,-32310,0,0,0,0,0,41587,0
41407,-112,7982,1186,65,-63,7,12723,-1,0,-2,0,37248,115,27,65,0,0,0,0,0,0,0,0,-32310,0,0,0,0,0,41592,0
41412,-94,8020,1184,66,-53,4,12725,-1,-2,-1,0,37248,115,27,65,0,0,0,0,0,0,0,0,-32310,0,0,0,0,0,41597,0
41417,-96,8022,1164,66,-61,3,12723,3,1,-1,0,37245,111,27,65,0,0,0,0,0,0,0,0,-32310,0,0,0,0,0,41602,0
41422,-96,7976,1170,67,-50,0,12724,3,4,-1,0,37245,111,27,65,0,0,0,0,0,0,0,0,-32310,0,0,0,0,0,41607,0
41427,-80,8036,1158,63,-54,-1,12723,0,-3,-2,0,37245,114,27,65,0,0,0,0,0,0,0,0,-32310,0,0,0,0,0,41613,0
41432,-50,7994,1156,61,-43,-2,12724,4,1,-3,0,37245,114,27,65,0,0,0,0,0,0,0,0,-32310,0,0,0,0,0,41618,0
41437,-62,7976,1146,60,-39,-7,12724,0,2,-2,0,37247,109,27,65,0,0,0,0,0,0,0,0,-32310,0,0,0,0,0,41623,0
41442,-60,7960,1178,57,-45,-4,12723,1,5,-2,0,37247,109,27,65,0,0,0,0,0,0,0,0,-32310,0,0,0,0,0,41628,0
41447,-74,7974,1168,58,-36,-4,12724,-2,0,-1,0,37247,109,27,65,0,0,0,0,0,0,0,0,-32310,0,0,0,0,0,41633,0
41452,-48,8008,1130,52,-34,-3,12725,6,0,-1,0,37247,109,27,65,0,0,0,0,0,0,0,0,-32310,0,0,0,0,0,41638,0
41457,-58,8014,1128,53,-29,-1,12725,3,-3,-3,0,37250,115,27,65,0,0,0,0,0,0,0,0,-32310,0,0,0,0,0,41643,0
41462,-68,7988,1132,54,-22,-9,12724,-4,-2,-1,0,37250,115,27,65,0,0,0,0,0,0,0,0,-32310,0,0,0,0,0,41648,0
41467,-52,8018,1120,55,-16,-4,12723,-4,-4,0,0,37253,123,27,65,0,0,0,0,0,0,0,0,-32310,0,0,0,0,0,41653,0
41472,-72,8014,1122,56,-17,-9,12723,-1,0,-2,0,37253,123,27,65,0,0,0,0,0,0,0,0,-32310,0,0,0,0,0,41658,0
41477,-82,8020,1118,56,-5,-6,12724,1,-2,-1,0,37263,124,27,65,0,0,0,0,0,0,0,0,-32310,0,0,0,0,0,41663,0
41482,-64,8022,1110,58,-5,-6,12723,0,1,-3,0,37263,124,27,65,0,0,0,0,0,0,0,0,-32310,0,0,0,0,0,41668,0
41487,-66,8030,1096,62,6,-8,12724,-2,2,-4,0,37271,121,27,65,0,0,0,0,0,0,0,0,-32311,0,0,0,0,0,41673,0
41492,-82,8034,1096,65,21,-8,12723,-1,-3,-4,0,37271,121,27,65,0,0,0,0,0,0,0,0,-32310,0,0,0,0,0,41678,0
41497,-40,8026,1084,66,28,-7,12724,3,1,-1,0,37282,122,27,65,0,0,0,0,0,0,0,0,-32310,0,0,0,0,0,41683,0
41502,-68,8054,1066,77,33,-8,12723,-3,-3,0,0,37282,122,27,65,0,0,0,0,0,0,0,0,-32310,0,0,0,0,0,41688,0
41507,-92,8046,1074,73,28,-8,12724,0,3,-2,0,37276,123,27,65,0,0,0,0,0,0,0,0,-32310,0,0,0,0,0,41693,0
41512,-106,8082,1020,87,39,-8,12725,8,2,-3,0,37276,123,27,65,0,0,0,0,0,0,0,0,-32310,0,0,0,0,0,41698,0
41517,-96,8060,1038,90,38,-4,12724,-3,-2,-2,0,37264,120,27,65,0,0,0,0,0,0,0,0,-32310,0,0,0,0,0,41703,0
41522,-80,8076,1056,87,43,-8,12724,-3,0,-1,0,37264,120,27,65,0,0,0,0,0,0,0,0,-32310,0,0,0,0,0,41708,0
41527,-92,8056,1040,95,43,-8,12724,-6,-3,-1,0,37252,119,27,65,0,0,0,0,0,0,0,0,-32310,0,0,0,0,0,41713,0
41532,-134,8084,1046,105,44,-8,12724,3,-1,-3,0,37252,119,27,65,0,0,0,0,0,0,0,0,-32310,0,0,0,0,0,41718,0
41537,-96,8090,1050,107,44,-10,12724,1,-3,-2,0,37248,113,27,65,0,0,0,0,0,0,0,0,-32310,0,0,0,0,0,41723,0
41542,-56,8102,1054,114,47,-6,12724,4,2,-3,0,37248,113,27,65,0,0,0,0,0,0,0,0,-32310,0,0,0,0,0,41728,0
41547,-90,8112,1086,114,46,-12,12724,0,2,-4,0,37249,108,27,65,0,0,0,0,0,0,0,0,-32310,0,0,0,0,0,41733,0
41552,-114,8102,1060,118,47,-12,12724,2,2,-2,0,37249,108,27,65,0,0,0,0,0,0,0,0,-32310,0,0,0,0,0,41738,0
41557,-102,8116,1086,120,47,-8,12724,2,-3,-3,0,37250,96,27,65,0,0,0,0,0,0,0,0,-32310,0,0,0,0,0,41743,0
41562,-98,8100,1096,128,50,-11,12722,-9,-2,-3,0,37250,96,27,65,0,0,0,0,0,0,0,0,-32310,0,0,0,0,0,41748,0
41567,-106,8106,1110,129,51,-13,12723,-6,1,0,0,37249,107,27,65,0,0,0,0,0,0,0,0,-32310,0,0,0,0,0,41753,0
41572,-108,8074,1104,125,45,-15,12723,-3,-5,-2,0,37249,107,27,65,0,0,0,0,0,0,0,0,-32310,0,0,0,0,0,41758,0
41577,-102,8052,1102,125,41,-19,12724,5,-2,-2,0,37246,108,27,65,0,0,0,0,0,0,0,0,-32310,0,0,0,0,0,41763,0
41582,-102,8086,1128,125,45,-20,12724,6,0,-3,0,37246,108,27,65,0,0,0,0,0,0,0,0,-32310,0,0,0,0,0,41768,0
41587,-118,8072,1126,122,44,-21,12724,-2,4,-2,0,37247,112,27,65,0,0,0,0,0,0,0,0,-32310,0,0,0,0,0,41773,0
41592,-116,8054,1134,122,30,-21,12722,-3,-1,-5,0,37247,112,27,65,0,0,0,0,0,0,0,0,-32310,0,0,0,0,0,41778,0
41597,-96,8054,1110,119,33,-20,12724,-8,0,-3,0,37250,113,27,65,0,0,0,0,0,0,0,0,-32310,0,0,0,0,0,41783,0
41602,-138,8020,1132,124,41,-27,12724,-3,3,-1,0,37250,113,27,65,0,0,0,0,0,0,0,0,-32310,0,0,0,0,0,41788,0
41607,-100,7992,1144,121,27,-24,12724,1,-4,0,0,37253,118,27,65,0,0,0,0,0,0,0,0,-32310,0,0,0,0,0,41793,0
41612,-134,8004,1138,124,30,-27,12724,-2,3,-1,0,37253,118,27,65,0,0,0,0,0,0,0,0,-32310,0,0,0,0,0,41798,0
41617,-122,7956,1152,118,24,-30,12724,8,1,-2,0,37253,116,27,65,0,0,0,0,0,0,0,0,-32310,0,0,0,0,0,41803,0
41622,-106,7986,1148,122,25,-29,12724,1,1,-1,0,37253,116,27,65,0,0,0,0,0,0,0,0,-32310,0,0,0,0,0,41808,0
41627,-102,7992,1120,122,21,-29,12723,0,1,-2,0,37250,111,27,65,0,0,0,0,0,0,0,0,-32310,0,0,0,0,0,41813,0
41632,-110,7982,1130,124,22,-32,12725,0,7,-4,0,37250,111,27,65,0,0,0,0,0,0,0,0,-32310,0,0,0,0,0,41818,0
41637,-98,7954,1114,119,20,-31,12722,-7,-5,-2,0,37250,112,27,65,0,0,0,0,0,0,0,0,-32310,0,0,0,0,0,41823,0
41642,-112,7944,1126,120,14,-33,12724,-1,-5,-3,0,37250,112,27,65,0,0,0,0,0,0,0,0,-32310,0,0,0,0,0,41828,0
41647,-72,7938,1134,119,17,-27,12725,9,2,-3,0,37252,118,27,65,0,0,0,0,0,0,0,0,-32310,0,0,0,0,0,41833,0
41652,-86,7954,1116,130,12,-30,12724,0,2,-1,0,37252,118,27,65,0,0,0,0,0,0,0,0,-32310,0,0,0,0,0,41838,0
41657,-82,7940,1140,126,15,-28,12724,3,0,-3,0,37251,123,27,65,0,0,0,0,0,0,0,0,-32310,0,0,0,0,0,41843,0
41662,-60,7962,1124,130,15,-32,12725,10,2,-3,0,37251,123,27,65,0,0,0,0,0,0,0,0,-32310,0,0,0,0,0,41848,0
41667,-72,7982,1122,130,16,-29,12724,1,5,-1,0,37250,123,27,65,0,0,0,0,0,0,0,0,-32311,0,0,0,0,0,41853,0
41672,-40,8014,1118,128,12,-19,12724,1,7,-2,0,37250,123,27,65,0,0,0,0,0,0,0,0,-32310,0,0,0,0,0,41858,0
41677,-74,7968,1144,133,12,-23,12724,-1,3,-2,0,37248,114,27,65,0,0,0,0,0,0,0,0,-32310,0,0,0,0,0,41863,0
41682,-60,7968,1110,131,11,-13,12724,-4,1,-2,0,37248,114,27,65,0,0,0,0,0,0,0,0,-32310,0,0,0,0,0,41868,0
41687,-32,7996,1126,137,7,-16,12725,-1,6,-1,0,37249,116,27,65,0,0,0,0,0,0,0,0,-32311,0,0,0,0,0,41873,0
41692,-36,8042,1140,139,2,-16,12725,5,1,-2,0,37249,116,27,65,0,0,0,0,0,0,0,0,-32310,0,0,0,0,0,41878,0
41697,-20,8022,1104,135,3,-12,12724,0,-1,-2,0,37250,118,27,65,0,0,0,0,0,0,0,0,-32310,0,0,0,0,0,41883,0
41702,-6,8046,1132,143,6,-14,12723,-1,0,-2,0,37250,118,27,65,0,0,0,0,0,0,0,0,-32311,0,0,0,0,0,41888,0
41707,-8,8042,1124,141,6,-10,12723,-7,3,-3,0,37252,120,27,65,0,0,0,0,0,0,0,0,-32310,0,0,0,0,0,41893,0
41712,4,8060,1126,139,4,-5,12725,5,2,-2,0,37252,120,27,65,0,0,0,0,0,0,0,0,-32311,0,0,0,0,0,41898,0
41717,10,8076,1138,145,3,0,12724,7,-2,-1,0,37250,122,27,65,0,0,0,0,0,0,0,0,-32310,0,0,0,0,0,41903,0
41722,32,8082,1146,146,-4,-3,12724,-1,0,-1,0,37250,122,27,65,0,0,0,0,0,0,0,0,-32310,0,0,0,0,0,41908,0
41727,12,8076,1148,137,4,3,12724,-3,-4,-1,0,37253,116,27,65,0,0,0,0,0,0,0,0,-32310,0,0,0,0,0,41913,0
41732,38,8094,1156,131,-1,5,12725,-2,2,-4,0,37253,116,27,65,0,0,0,0,0,0,0,0,-32310,0,0,0,0,0,41918,0
41737,44,8106,1148,140,10,12,12725,-2,0,-2,0,37251,114,27,65,0,0,0,0,0,0,0,0,-32310,0,0,0,0,0,41923,0
41742,54,8098,1176,138,5,14,12724,-1,-3,-1,0,37251,114,27,65,0,0,0,0,0,0,0,0,-32310,0,0,0,0,0,41928,0
41747,44,8100,1192,137,11,17,12725,0,2,-2,0,37254,114,27,65,0,0,0,0,0,0,0,0,-32310,0,0,0,0,0,41933,0
41752,58,8140,1174,130,14,27,12723,0,-1,-1,0,37254,114,27,65,0,0,0,0,0,0,0,0,-32311,0,0,0,0,0,41938,0
41757,60,8114,1174,128,15,26,12724,-1,2,-2,0,37253,104,27,65,0,0,0,0,0,0,0,0,-32310,0,0,0,0,0,41943,0
41762,46,8124,1174,125,9,31,12725,0,5,-2,0,37253,104,27,65,0,0,0,0,0,0,0,0,-32310,0,0,0,0,0,41948,0
41767,52,8096,1156,124,12,33,12724,0,0,-1,0,37252,102,27,65,0,0,0,0,0,0,0,0,-32310,0,0,0,0,0,41953,0
41772,64,8098,1168,121,7,35,12723,-7,-2,-3,0,37252,102,27,65,0,0,0,0,0,0,0,0,-32310,0,0,0,0,0,41958,0
41777,30,8098,1170,118,17,46,12724,-1,1,-3,0,37250,95,27,65,0,0,0,0,0,0,0,0,-32310,0,0,0,0,0,41963,0
41782,60,8100,1172,111,12,46,12724,-3,0,-2,0,37250,95,27,65,0,0,0,0,0,0,0,0,-32310,0,0,0,0,0,41968,0
41787,46,8126,1158,107,19,46,12724,5,1,-1,0,37250,103,27,65,0,0,0,0,0,0,0,0,-32310,0,0,0,0,0,41973,0
41792,4,8096,1180,109,14,53,12724,0,0,-3,0,37250,103,27,65,0,0,0,0,0,0,0,0,-32310,0,0,0,0,0,41978,0
41797,8,8074,1172,108,17,58,12723,-6,4,-2,0,37249,107,27,65,0,0,0,0,0,0,0,0,-32310,0,0,0,0,0,41983,0
41802,24,8092,1144,111,11,60,12724,-1,0,-1,0,37249,107,27,65,0,0,0,0,0,0,0,0,-32310,0,0,0,0,0,41988,0
41807,-4,8096,1134,112,11,69,12724,1,2,-1,0,37250,110,27,65,0,0,0,0,0,0,0,0,-32310,0,0,0,0,0,41993,0
41812,20,8094,1132,110,12,72,12724,2,1,0,0,37250,110,27,65,0,0,0,0,0,0,0,0,-32310,0,0,0,0,0,41998,0
41817,28,8098,1158,116,8,71,12723,-4,-1,-1,0,37254,108,27,65,0,0,0,0,0,0,0,0,-32310,0,0,0,0,0,42003,0
41822,-16,8104,1162,109,9,71,12725,5,0,-3,0,37254,108,27,65,0,0,0,0,0,0,0,0,-32311,0,0,0,0,0,42008,0
41827,16,8106,1168,116,5,77,12724,5,2,-1,0,37255,108,27,65,0,0,0,0,0,0,0,0,-32310,0,0,0,0,0,42013,0
41832,-8,8118,1130,111,5,83,12724,0,3,-2,0,37255,108,27,65,0,0,0,0,0,0,0,0,-32310,0,0,0,0,0,42018,0
41837,-8,8102,1164,113,3,86,12723,-2,-6,-1,0,37254,110,27,65,0,0,0,0,0,0,0,0,-32310,0,0,0,0,0,42023,0
41842,-20,8136,1154,114,-1,87,12722,-7,-1,-1,0,37254,110,27,65,0,0,0,0,0,0,0,0,-32310,0,0,0,0,0,42028,0
41847,-4,8128,1168,113,-4,86,12724,-1,0,-1,0,37249,107,27,65,0,0,0,0,0,0,0,0,-32310,0,0,0,0,0,42033,0
41852,-28,8128,1176,109,-8,94,12723,1,2,-2,0,37249,107,27,65,0,0,0,0,0,0,0,0,-32310,0,0,0,0,0,42038,0
41857,-58,8136,1182,118,-11,97,12725,2,5,-2,0,37248,108,27,65,0,0,0,0,0,0,0,0,-32310,0,0,0,0,0,42043,0
41862,-34,8148,1172,118,-11,101,12724,3,-2,-2,0,37248,108,27,65,0,0,0,0,0,0,0,0,-32310,0,0,0,0,0,42048,0
41867,-44,8138,1186,114,-17,97,12724,-1,0,-2,0,37247,116,27,65,0,0,0,0,0,0,0,0,-32310,0,0,0,0,0,42053,0
41872,-52,8132,1204,108,-20,102,12724,4,-3,-3,0,37247,116,27,65,0,0,0,0,0,0,0,0,-32310,0,0,0,0,0,42058,0
41877,-54,8142,1204,108,-25,103,12724,-5,-5,-2,0,37247,116,27,65,0,0,0,0,0,0,0,0,-32310,0,0,0,0,0,42063,0
41882,-48,8110,1206,106,-23,106,12723,-3,2,-3,0,37247,116,27,65,0,0,0,0,0,0,0,0,-32310,0,0,0,0,0,42068,0
41887,-66,8108,1212,102,-32,99,12724,-2,-3,-2,0,37247,111,27,65,0,0,0,0,0,0,0,0,-32310,0,0,0,0,0,42073,0
41892,-56,8052,1226,99,-38,106,12723,-3,2,-1,0,37247,111,27,65,0,0,0,0,0,0,0,0,-32310,0,0,0,0,0,42078,0
41897,-76,8052,1218,92,-32,107,12724,2,-2,-1,0,37249,105,27,65,0,0,0,0,0,0,0,0,-32310,0,0,0,0,0,42083,0
41902,-76,8034,1232,89,-33,107,12724,3,4,-1,0,37249,105,27,65,0,0,0,0,0,0,0,0,-32310,0,0,0,0,0,42088,0
41907,-76,8044,1234,92,-41,110,12724,0,4,-1,0,37250,105,27,65,0,0,0,0,0,0,0,0,-32310,0,0,0,0,0,42093,0
41912,-54,8000,1232,77,-35,106,12725,3,1,0,0,37250,105,27,65,0,0,0,0,0,0,0,0,-32310,0,0,0,0,0,42098,0
41917,-64,8016,1222,77,-43,113,12724,1,2,-3,0,37249,116,27,65,0,0,0,0,0,0,0,0,-32310,0,0,0,0,0,42103,0
41922,-86,7996,1232,75,-31,102,12723,0,-4,-3,0,37249,116,27,65,0,0,0,0,0,0,0,0,-32310,0,0,0,0,0,42108,0
41927,-96,8014,1236,66,-29,104,12724,1,-4,-2,0,37247,110,27,65,0,0,0,0,0,0,0,0,-32310,0,0,0,0,0,42113,0
41932,-82,7986,1212,65,-24,106,12724,-3,-1,-3,0,37247,110,27,65,0,0,0,0,0,0,0,0,-32310,0,0,0,0,0,42118,0
41937,-90,8008,1238,59,-29,100,12724,0,3,-3,0,37249,107,27,65,0,0,0,0,0,0,0,0,-32310,0,0,0,0,0,42123,0
41942,-98,7980,1186,57,-27,100,12723,-8,-1,-3,0,37249,107,27,65,0,0,0,0,0,0,0,0,-32310,0,0,0,0,0,42128,0
41947,-108,8010,1224,52,-24,96,12724,-3,-6,-3,0,37248,110,27,65,0,0,0,0,0,0,0,0,-32310,0,0,0,0,0,42133,0
41952,-116,7990,1226,49,-17,93,12724,5,0,-1,0,37248,110,27,65,0,0,0,0,0,0,0,0,-32310,0,0,0,0,0,42138,0
41957,-120,7978,1248,46,-19,93,12724,6,3,-2,0,37250,114,27,65,0,0,0,0,0,0,0,0,-32310,0,0,0,0,0,42143,0
41962,-146,8000,1242,40,-18,90,12723,-2,1,-2,0,37250,114,27,65,0,0,0,0,0,0,0,0,-32310,0,0,0,0,0,42148,0
41967,-122,8016,1220,41,-13,86,12724,4,2,-1,0,37247,121,27,65,0,0,0,0,0,0,0,0,-32310,0,0,0,0,0,42153,0
41972,-164,7984,1222,29,-11,81,12723,0,3,-1,0,37247,121,27,65,0,0,0,0,0,0,0,0,-32310,0,0,0,0,0,42158,0
41977,-138,7982,1236,24,-11,85,12723,-4,1,-2,0,37247,126,27,65,0,0,0,0,0,0,0,0,-32311,0,0,0,0,0,42163,0
41982,-148,7974,1204,30,-7,83,12724,2,-6,-3,0,37247,126,27,65,0,0,0,0,0,0,0,0,-32310,0,0,0,0,0,42168,0
41987,-150,7974,1200,19,1,81,12725,2,-1,-2,0,37247,125,27,65,0,0,0,0,0,0,0,0,-32310,0,0,0,0,0,42173,0
41992,-154,8002,1184,20,5,73,12724,-1,1,-2,0,37247,125,27,65,0,0,0,0,0,0,0,0,-32310,0,0,0,0,0,42178,0
41997,-184,8018,1182,10,14,70,12724,3,-2,-2,0,37246,129,27,65,0,0,0,0,0,0,0,0,-32310,0,0,0,0,0,42183,0
42002,-176,8020,1166,10,15,65,12724,0,-1,-2,0,37246,129,27,65,0,0,0,0,0,0,0,0,-32310,0,0,0,0,0,42188,0
42007,-160,8016,1174,11,15,61,12723,-3,0,-2,0,37248,123,27,65,0,0,0,0,0,0,0,0,-32310,0,0,0,0,0,42193,0
42012,-172,8038,1156,12,28,52,12724,0,-2,-2,0,37248,123,27,65,0,0,0,0,0,0,0,0,-32311,0,0,0,0,0,42198,0
42017,-158,8040,1140,9,32,51,12723,-3,1,-2,0,37250,116,27,65,0,0,0,0,0,0,0,0,-32311,0,0,0,0,0,42203,0
42022,-214,8064,1154,10,33,50,12724,-2,3,0,0,37250,116,27,65,0,0,0,0,0,0,0,0,-32311,0,0,0,0,0,42208,0
42027,-176,8062,1112,7,40,42,12724,-1,1,-1,0,37259,104,27,65,0,0,0,0,0,0,0,0,-32310,0,0,0,0,0,42213,0
42032,-158,8070,1110,8,40,33,12723,1,3,-2,0,37259,104,27,65,0,0,0,0,0,0,0,0,-32310,0,0,0,0,0,42218,0
42037,-176,8112,1112,13,51,29,12724,7,4,-1,0,37256,101,27,65,0,0,0,0,0,0,0,0,-32310,0,0,0,0,0,42223,0
42042,-146,8120,1112,13,50,28,12724,4,0,-2,0,37256,101,27,65,0,0,0,0,0,0,0,0,-32310,0,0,0,0,0,42228,0
42047,-162,8134,1110,7,55,23,12724,-1,4,-1,0,37255,100,27,65,0,0,0,0,0,0,0,0,-32310,0,0,0,0,0,42233,0
42052,-132,8138,1090,14,59,24,12724,-1,-1,0,0,37255,100,27,65,0,0,0,0,0,0,0,0,-32310,0,0,0,0,0,42238,0
42057,-124,8160,1108,14,61,19,12724,0,-2,-1,0,37248,110,27,65,0,0,0,0,0,0,0,0,-32310,0,0,0,0,0,42243,0
42062,-106,8142,1100,16,62,17,12723,-3,-2,-2,0,37248,110,27,65,0,0,0,0,0,0,0,0,-32310,0,0,0,0,0,42248,0
42067,-100,8116,1076,19,70,18,12724,1,-2,-1,0,37247,113,27,65,0,0,0,0,0,0,0,0,-32311,0,0,0,0,0,42253,0
42072,-100,8140,1062,23,77,15,12725,2,0,-2,0,37247,113,27,65,0,0,0,0,0,0,0,0,-32311,0,0,0,0,0,42258,0
42077,-98,8144,1088,27,74,13,12724,-7,1,0,0,37248,110,27,65,0,0,0,0,0,0,0,0,-32311,0,0,0,0,0,42263,0
42082,-116,8120,1082,25,76,11,12724,-1,-1,-1,0,37248,110,27,65,0,0,0,0,0,0,0,0,-32310,0,0,0,0,0,42268,0
42087,-118,8132,1074,27,75,10,12723,-7,0,0,0,37249,114,27,65,0,0,0,0,0,0,0,0,-32310,0,0,0,0,0,42273,0
42092,-112,8120,1092,28,72,9,12723,1,-1,-2,0,37249,114,27,65,0,0,0,0,0,0,0,0,-32311,0,0,0,0,0,42278,0
42097,-112,8132,1074,34,70,9,12725,9,4,-2,0,37250,113,27,65,0,0,0,0,0,0,0,0,-32311,0,0,0,0,0,42283,0
42102,-144,8110,1062,40,65,8,12724,8,5,-1,0,37250,113,27,65,0,0,0,0,0,0,0,0,-32310,0,0,0,0,0,42288,0
42107,-106,8118,1074,36,62,6,12724,5,5,-1,0,37251,114,27,65,0,0,0,0,0,0,0,0,-32310,0,0,0,0,0,42293,0
42112,-92,8108,1082,48,53,0,12724,3,3,-1,0,37251,114,27,65,0,0,0,0,0,0,0,0,-32311,0,0,0,0,0,42298,0
42117,-130,8102,1068,45,46,0,12723,0,-1,-2,0,37249,109,27,65,0,0,0,0,0,0,0,0,-32310,0,0,0,0,0,42303,0
42122,-134,8106,1072,43,46,-5,12724,-1,-7,-4,0,37249,109,27,65,0,0,0,0,0,0,0,0,-32310,0,0,0,0,0,42308,0
42127,-128,8096,1078,52,41,1,12724,-1,-2,-3,0,37250,117,27,65,0,0,0,0,0,0,0,0,-32310,0,0,0,0,0,42313,0
42132,-120,8068,1098,54,21,-2,12724,-3,1,-2,0,37250,117,27,65,0,0,0,0,0,0,0,0,-32311,0,0,0,0,0,42318,0
42137,-148,8076,1086,56,21,-3,12724,0,0,-2,0,37248,123,27,65,0,0,0,0,0,0,0,0,-32310,0,0,0,0,0,42323,0
42142,-140,8060,1070,50,7,-6,12724,-4,-3,-3,0,37248,123,27,65,0,0,0,0,0,0,0,0,-32311,0,0,0,0,0,42328,0
42147,-108,8048,1092,58,9,-7,12723,0,0,-4,0,37249,133,27,65,0,0,0,0,0,0,0,0,-32311,0,0,0,0,0,42333,0
42152,-114,8056,1092,51,-13,-4,12722,-7,2,-3,0,37249,133,27,65,0,0,0,0,0,0,0,0,-32310,0,0,0,0,0,42337,0
42157,-106,8042,1110,52,-22,-7,12724,0,0,-2,0,37250,124,27,65,0,0,0,0,0,0,0,0,-32310,0,0,0,0,0,42342,0
42162,-92,8026,1108,57,-22,-6,12725,9,1,-1,0,37250,124,27,65,0,0,0,0,0,0,0,0,-32310,0,0,0,0,0,42347,0
42167,-64,8032,1080,54,-30,-5,12724,8,6,0,0,37250,128,27,65,0,0,0,0,0,0,0,0,-32310,0,0,0,0,0,42352,0
42172,-74,8026,1096,55,-34,-4,12723,-5,1,-1,0,37250,128,27,65,0,0,0,0,0,0,0,0,-32310,0,0,0,0,0,42357,0
42177,-62,8042,1118,55,-40,-6,12724,-5,-3,-2,0,37247,123,27,65,0,0,0,0,0,0,0,0,-32310,0,0,0,0,0,42362,0
42182,-20,8048,1106,60,-40,-2,12725,4,-3,-3,0,37247,123,27,65,0,0,0,0,0,0,0,0,-32310,0,0,0,0,0,42367,0
42187,-38,8052,1134,60,-42,-5,12724,2,-1,-2,0,37246,108,27,65,0,0,0,0,0,0,0,0,-32310,0,0,0,0,0,42372,0
42192,-60,7994,1104,56,-46,-2,12724,0,0,-2,0,37246,108,27,65,0,0,0,0,0,0,0,0,-32310,0,0,0,0,0,42377,0
42197,-20,7992,1100,59,-47,4,12723,-5,-2,-2,0,37247,107,27,65,0,0,0,0,0,0,0,0,-32310,0,0,0,0,0,42382,0
42202,-34,7984,1104,62,-56,8,12724,-1,3,-1,0,37247,107,27,65,0,0,0,0,0,0,0,0,-32310,0,0,0,0,0,42387,0
42207,-42,7974,1092,59,-55,7,12724,1,-3,-3,0,37249,108,27,65,0,0,0,0,0,0,0,0,-32310,0,0,0,0,0,42392,0
42212,-44,8002,1094,56,-58,12,12723,0,-3,-2,0,37249,108,27,65,0,0,0,0,0,0,0,0,-32311,0,0,0,0,0,42397,0
42217,-66,8010,1106,68,-62,14,12724,3,0,-1,0,37247,113,27,65,0,0,0,0,0,0,0,0,-32310,0,0,0,0,0,42402,0
42222,-32,7982,1088,62,-63,18,12724,0,0,-2,0,37247,113,27,65,0,0,0,0,0,0,0,0,-32310,0,0,0,0,0,42407,0
42227,-42,7944,1104,65,-65,18,12724,4,5,-2,0,37249,112,27,65,0,0,0,0,0,0,0,0,-32311,0,0,0,0,0,42412,0
42232,-10,7984,1086,63,-67,22,12724,7,-1,-3,0,37249,112,27,65,0,0,0,0,0,0,0,0,-32310,0,0,0,0,0,42417,0
42237,-14,7980,1088,69,-60,24,12723,-1,-2,-3,0,37251,110,27,65,0,0,0,0,0,0,0,0,-32310,0,0,0,0,0,42422,0
42242,-18,8008,1086,75,-60,24,12724,2,1,-3,0,37251,110,27,65,0,0,0,0,0,0,0,0,-32310,0,0,0,0,0,42427,0
42247,-20,8048,1070,70,-53,27,12724,0,0,-2,0,37251,113,27,65,0,0,0,0,0,0,0,0,-32310,0,0,0,0,0,42432,0
42252,-36,8000,1072,69,-51,32,12725,-3,-4,-2,0,37251,113,27,65,0,0,0,0,0,0,0,0,-32311,0,0,0,0,0,42438,0
42257,-36,8030,1084,78,-46,31,12723,-4,-3,-2,0,37246,112,27,65,0,0,0,0,0,0,0,0,-32310,0,0,0,0,0,42443,0
42262,-26,8020,1072,79,-45,32,12724,-1,0,-2,0,37246,112,27,65,0,0,0,0,0,0,0,0,-32311,0,0,0,0,0,42448,0
42267,-22,8014,1072,84,-40,32,12723,-1,-3,-1,0,37241,111,27,65,0,0,0,0,0,0,0,0,-32310,0,0,0,0,0,42453,0
42272,-42,8026,1082,83,-31,36,12725,1,-3,-2,0,37241,111,27,65,0,0,0,0,0,0,0,0,-32310,0,0,0,0,0,42454,0
42277,-66,8020,1082,80,-29,32,12724,5,4,-1,0,37236,115,27,65,0,0,0,0,0,0,0,0,-32310,0,0,0,0,0,42454,0
42282,-34,8008,1074,82,-27,37,12724,4,0,-3,0,37236,115,27,65,0,0,0,0,0,0,0,0,-32311,0,0,0,0,0,42459,0
42287,-74,8034,1080,91,-23,36,12724,1,-3,-2,0,37226,106,27,65,0,0,0,0,0,0,0,0,-32310,0,0,0,0,0,42464,0
42292,-84,8046,1088,90,-16,32,12724,-4,-1,-2,0,37226,106,27,65,0,0,0,0,0,0,0,0,-32310,0,0,0,0,0,42469,0
42297,-56,8048,1098,91,-12,34,12723,-4,1,-2,0,37224,109,27,65,0,0,0,0,0,0,0,0,-32310,0,0,0,0,0,42474,0
42302,-82,8038,1072,93,-10,31,12723,1,-1,-2,0,37224,109,27,65,0,0,0,0,0,0,0,0,-32311,0,0,0,0,0,42479,0
42307,-100,8054,1090,86,-6,35,12723,0,-2,-3,0,37222,109,27,65,0,0,0,0,0,0,0,0,-32310,0,0,0,0,0,42484,0
42312,-88,8038,1084,93,0,32,12723,-6,1,-3,0,37222,109,27,65,0,0,0,0,0,0,0,0,-32311,0,0,0,0,0,42489,0
42317,-92,8014,1110,89,9,30,12724,3,6,-1,0,37229,120,27,65,0,0,0,0,0,0,0,0,-32310,0,0,0,0,0,42494,0
42322,-84,8048,1088,90,5,28,12725,2,2,-1,0,37229,120,27,65,0,0,0,0,0,0,0,0,-32311,0,0,0,0,0,42499,0
42327,-110,8026,1114,93,13,29,12725,7,-2,-1,0,37234,120,27,65,0,0,0,0,0,0,0,0,-32310,0,0,0,0,0,42504,0
42332,-98,8044,1120,93,17,27,12723,0,-1,0,0,37234,120,27,65,0,0,0,0,0,0,0,0,-32310,0,0,0,0,0,42509,0
42337,-108,8054,1100,95,18,28,12725,0,-3,-2,0,37246,104,27,65,0,0,0,0,0,0,0,0,-32310,0,0,0,0,0,42514,0
42342,-114,8060,1094,93,25,30,12724,0,-6,-1,0,37246,104,27,65,0,0,0,0,0,0,0,0,-32310,0,0,0,0,0,42519,0
42347,-104,8052,1094,91,28,28,12723,3,2,-1,0,37250,92,27,65,0,0,0,0,0,0,0,0,-32310,0,0,0,0,0,42524,0
42352,-60,8044,1104,85,35,26,12725,7,-4,-1,0,37250,92,27,65,0,0,0,0,0,0,0,0,-32310,0,0,0,0,0,42529,0
42357,-94,8044,1086,93,40,26,12725,9,-2,-4,0,37251,95,27,65,0,0,0,0,0,0,0,0,-32310,0,0,0,0,0,42534,0
42362,-108,8030,1080,88,42,27,12724,1,4,-2,0,37251,95,27,65,0,0,0,0,0,0,0,0,-32310,0,0,0,0,0,42539,0
42367,-98,8032,1094,92,45,24,12724,0,0,-2,0,37242,108,27,65,0,0,0,0,0,0,0,0,-32310,0,0,0,0,0,42544,0
42372,-124,8024,1086,89,48,23,12723,-1,-2,-3,0,37242,108,27,65,0,0,0,0,0,0,0,0,-32310,0,0,0,0,0,42549,0
42377,-78,7996,1096,96,49,21,12723,-4,2,-3,0,37241,111,27,65,0,0,0,0,0,0,0,0,-32310,0,0,0,0,0,42554,0
42382,-110,8040,1068,99,49,17,12724,3,-4,-3,0,37241,111,27,65,0,0,0,0,0,0,0,0,-32310,0,0,0,0,0,42559,0
42387,-116,8012,1062,97,51,19,12723,1,7,-4,0,37243,111,27,65,0,0,0,0,0,0,0,0,-32310,0,0,0,0,0,42564,0
42392,-102,7990,1088,99,45,13,12724,-6,2,-4,0,37243,111,27,65,0,0,0,0,0,0,0,0,-32310,0,0,0,0,0,42569,0
42397,-116,7998,1082,101,51,16,12724,-1,2,-3,0,37246,109,27,65,0,0,0,0,0,0,0,0,-32310,0,0,0,0,0,42574,0
42402,-136,8002,1088,100,46,17,12724,-6,2,-3,0,37246,109,27,65,0,0,0,0,0,0,0,0,-32310,0,0,0,0,0,42579,0
42407,-116,8010,1084,103,50,15,12724,2,-2,-2,0,37248,107,27,65,0,0,0,0,0,0,0,0,-32310,0,0,0,0,0,42584,0
42412,-134,8014,1072,106,45,16,12723,-9,-1,-2,0,37248,107,27,65,0,0,0,0,0,0,0,0,-32310,0,0,0,0,0,42590,0
42417,-140,8006,1106,104,45,14,12723,-5,3,-2,0,37248,112,27,65,0,0,0,0,0,0,0,0,-32310,0,0,0,0,0,42594,0
42422,-136,8030,1064,102,34,10,12723,-2,3,-1,0,37248,112,27,65,0,0,0,0,0,0,0,0,-32310,0,0,0,0,0,42599,0
42427,-134,8018,1076,103,43,7,12724,-3,2,-2,0,37245,111,27,65,0,0,0,0,0,0,0,0,-32310,0,0,0,0,0,42605,0
42432,-124,8000,1080,107,34,9,12724,0,-2,-6,0,37245,111,27,65,0,0,0,0,0,0,0,0,-32310,0,0,0,0,0,42610,0
42437,-148,8010,1068,107,33,4,12723,-3,5,-2,0,37243,110,27,65,0,0,0,0,0,0,0,0,-32310,0,0,0,0,0,42615,0
42442,-130,8014,1068,103,31,13,12724,1,-2,-1,0,37243,110,27,65,0,0,0,0,0,0,0,0,-32311,0,0,0,0,0,42620,0
42447,-100,8022,1072,102,27,5,12723,-7,-2,-1,0,37244,109,27,65,0,0,0,0,0,0,0,0,-32310,0,0,0,0,0,42625,0
42452,-112,8022,1072,110,26,3,12724,1,1,-1,0,37244,109,27,65,0,0,0,0,0,0,0,0,-32310,0,0,0,0,0,42630,0
42457,-86,8010,1068,112,23,5,12723,-3,-2,-2,0,37248,117,27,65,0,0,0,0,0,0,0,0,-32310,0,0,0,0,0,42635,0
42462,-120,8044,1080,111,22,10,12724,2,1,-1,0,37248,117,27,65,0,0,0,0,0,0,0,0,-32310,0,0,0,0,0,42640,0
42467,-86,8028,1060,114,19,8,12725,-2,0,-1,0,37248,122,27,65,0,0,0,0,0,0,0,0,-32311,0,0,0,0,0,42645,0
42472,-116,8052,1066,117,17,10,12724,0,0,-3,0,37248,122,27,65,0,0,0,0,0,0,0,0,-32310,0,0,0,0,0,42650,0
42477,-104,8048,1068,115,19,11,12724,0,-3,-1,0,37247,119,27,65,0,0,0,0,0,0,0,0,-32310,0,0,0,0,0,42655,0
42482,-94,8078,1064,119,17,7,12723,-3,-5,-1,0,37247,119,27,65,0,0,0,0,0,0,0,0,-32310,0,0,0,0,0,42660,0
42487,-114,8102,1064,120,17,9,12723,-4,0,-1,0,37247,112,27,65,0,0,0,0,0,0,0,0,-32310,0,0,0,0,0,42665,0
42492,-134,8114,1062,121,13,8,12725,4,5,-3,0,37247,112,27,65,0,0,0,0,0,0,0,0,-32310,0,0,0,0,0,42670,0
42497,-118,8142,1072,122,7,13,12723,3,-3,-2,0,37248,115,27,65,0,0,0,0,0,0,0,0,-32310,0,0,0,0,0,42675,0
42502,-128,8152,1064,122,11,10,12724,1,-1,-2,0,37248,115,27,65,0,0,0,0,0,0,0,0,-32310,0,0,0,0,0,42680,0
42507,-122,8146,1080,123,5,12,12724,0,5,-2,0,37245,118,27,65,0,0,0,0,0,0,0,0,-32310,0,0,0,0,0,42685,0
42512,-140,8168,1074,125,1,5,12724,2,0,-2,0,37245,118,27,65,0,0,0,0,0,0,0,0,-32310,0,0,0,0,0,42690,0
42517,-136,8174,1098,131,5,5,12724,0,-1,-2,0,37243,111,27,65,0,0,0,0,0,0,0,0,-32310,0,0,0,0,0,42695,0
42522,-126,8188,1094,128,-6,13,12725,8,1,-2,0,37243,111,27,65,0,0,0,0,0,0,0,0,-32310,0,0,0,0,0,42700,0
42527,-156,8160,1106,128,-3,13,12724,0,-3,-3,0,37243,105,27,65,0,0,0,0,0,0,0,0,-32311,0,0,0,0,0,42705,0
42532,-148,8188,1090,134,-8,5,12724,3,-1,-3,0,37243,105,27,65,0,0,0,0,0,0,0,0,-32310,0,0,0,0,0,42710,0
42537,-166,8144,1104,130,-12,8,12723,-1,-4,-2,0,37248,102,27,65,0,0,0,0,0,0,0,0,-32310,0,0,0,0,0,42715,0
42542,-180,8172,1092,131,-16,6,12724,-1,4,-1,0,37248,102,27,65,0,0,0,0,0,0,0,0,-32310,0,0,0,0,0,42720,0
42547,-154,8156,1112,138,-18,3,12724,-1,-5,-2,0,37256,97,27,65,0,0,0,0,0,0,0,0,-32310,0,0,0,0,0,42725,0
42552,-168,8138,1118,134,-19,5,12724,2,-1,-1,0,37256,97,27,65,0,0,0,0,0,0,0,0,-32310,0,0,0,0,0,42730,0
42557,-164,8130,1150,136,-19,-2,12724,6,-3,-2,0,37253,94,27,65,0,0,0,0,0,0,0,0,-32310,0,0,0,0,0,42735,0
42562,-148,8130,1144,134,-19,3,12723,-4,-3,-2,0,37253,94,27,65,0,0,0,0,0,0,0,0,-32310,0,0,0,0,0,42740,0
42567,-146,8106,1168,133,-15,-2,12725,0,5,-1,0,37251,98,27,65,0,0,0,0,0,0,0,0,-32310,0,0,0,0,0,42745,0
42572,-136,8108,1176,124,-12,-7,12724,-1,0,-2,0,37251,98,27,65,0,0,0,0,0,0,0,0,-32310,0,0,0,0,0,42750,0
42577,-134,8082,1170,130,-13,-3,12723,-1,-5,-1,0,37244,109,27,65,0,0,0,0,0,0,0,0,-32310,0,0,0,0,0,42755,0
42582,-176,8102,1176,124,-14,-6,12724,-4,-4,-3,0,37244,109,27,65,0,0,0,0,0,0,0,0,-32310,0,0,0,0,0,42760,0
42587,-154,8052,1186,122,-17,-4,12725,4,5,-3,0,37246,114,27,65,0,0,0,0,0,0,0,0,-32311,0,0,0,0,0,42765,0
42592,-134,8044,1176,119,-13,-10,12725,0,0,-1,0,37246,114,27,65,0,0,0,0,0,0,0,0,-32310,0,0,0,0,0,42770,0
42597,-140,8048,1186,118,-21,-12,12724,2,2,-1,0,37244,121,27,65,0,0,0,0,0,0,0,0,-32310,0,0,0,0,0,42775,0
42602,-150,8026,1166,112,-12,-12,12723,-3,-2,-3,0,37244,121,27,65,0,0,0,0,0,0,0,0,-32310,0,0,0,0,0,42780,0
42607,-138,8016,1166,108,-13,-6,12724,2,3,-2,0,37245,126,27,65,0,0,0,0,0,0,0,0,-32310,0,0,0,0,0,42785,0
42612,-148,8000,1180,107,-15,-12,12725,6,2,-1,0,37245,126,27,65,0,0,0,0,0,0,0,0,-32310,0,0,0,0,0,42790,0
42617,-118,7976,1164,111,-17,-11,12724,7,2,-2,0,37245,124,27,65,0,0,0,0,0,0,0,0,-32310,0,0,0,0,0,42795,0
42622,-134,7984,1182,106,-20,-13,12723,-5,0,-1,0,37245,124,27,65,0,0,0,0,0,0,0,0,-32311,0,0,0,0,0,42800,0
42627,-108,7988,1182,106,-18,-13,12724,0,-1,-1,0,37246,117,27,65,0,0,0,0,0,0,0,0,-32310,0,0,0,0,0,42805,0
42632,-108,7934,1172,103,-21,-11,12725,-1,3,-2,0,37246,117,27,65,0,0,0,0,0,0,0,0,-32310,0,0,0,0,0,42810,0
42637,-112,7966,1192,102,-27,-14,12723,-4,-2,-3,0,37246,115,27,65,0,0,0,0,0,0,0,0,-32310,0,0,0,0,0,42815,0
42642,-108,7944,1176,99,-25,-11,12723,-5,-6,-3,0,37246,115,27,65,0,0,0,0,0,0,0,0,-32310,0,0,0,0,0,42820,0
42647,-96,7966,1192,102,-34,-8,12723,0,-1,0,0,37249,122,27,65,0,0,0,0,0,0,0,0,-32310,0,0,0,0,0,42825,0
42652,-106,7992,1182,90,-33,-4,12724,5,0,-2,0,37249,122,27,65,0,0,0,0,0,0,0,0,-32310,0,0,0,0,0,42830,0
42657,-114,7982,1184,94,-40,-4,12724,6,-1,-3,0,37245,127,27,65,0,0,0,0,0,0,0,0,-32310,0,0,0,0,0,42835,0
42662,-110,7994,1176,86,-43,-5,12724,4,2,-2,0,37245,127,27,65,0,0,0,0,0,0,0,0,-32310,0,0,0,0,0,42840,0
42667,-78,8022,1192,86,-44,-2,12724,-4,1,0,0,37245,121,27,65,0,0,0,0,0,0,0,0,-32310,0,0,0,0,0,42845,0
42672,-84,8000,1170,81,-48,1,12725,5,4,0,0,37245,121,27,65,0,0,0,0,0,0,0,0,-32310,0,0,0,0,0,42850,0
42677,-82,8002,1160,78,-53,5,12724,-1,-2,-1,0,37244,120,27,65,0,0,0,0,0,0,0,0,-32310,0,0,0,0,0,42855,0
42682,-66,8014,1186,76,-52,3,12724,-3,0,-3,0,37244,120,27,65,0,0,0,0,0,0,0,0,-32310,0,0,0,0,0,42860,0
42687,-54,8032,1162,71,-54,7,12724,6,-2,-3,0,37244,115,27,65,0,0,0,0,0,0,0,0,-32310,0,0,0,0,0,42865,0
42692,-38,8050,1180,69,-53,10,12724,-4,2,-4,0,37244,115,27,65,0,0,0,0,0,0,0,0,-32310,0,0,0,0,0,42870,0
42697,-58,8070,1150,65,-52,11,12725,10,2,-3,0,37245,114,27,65,0,0,0,0,0,0,0,0,-32310,0,0,0,0,0,42875,0
42702,-60,8050,1194,60,-53,12,12725,5,0,-2,0,37245,114,27,65,0,0,0,0,0,0,0,0,-32310,0,0,0,0,0,42880,0
42707,-76,8068,1146,62,-54,15,12723,-5,-1,-3,0,37245,114,27,65,0,0,0,0,0,0,0,0,-32310,0,0,0,0,0,42885,0
42712,-78,8066,1138,61,-50,19,12724,-2,-2,-2,0,37245,114,27,65,0,0,0,0,0,0,0,0,-32310,0,0,0,0,0,42890,0
42717,-92,8108,1116,55,-52,18,12723,-1,-1,-2,0,37244,117,27,65,0,0,0,0,0,0,0,0,-32310,0,0,0,0,0,42895,0
42722,-70,8098,1132,53,-45,20,12723,-1,-1,-1,0,37244,117,27,65,0,0,0,0,0,0,0,0,-32310,0,0,0,0,0,42901,0
42727,-66,8120,1102,59,-48,19,12724,4,1,-1,0,37242,120,27,65,0,0,0,0,0,0,0,0,-32310,0,0,0,0,0,42905,0
42732,-64,8120,1118,53,-54,21,12723,-1,0,-2,0,37242,120,27,65,0,0,0,0,0,0,0,0,-32310,0,0,0,0,0,42911,0
42737,-66,8146,1090,53,-53,24,12725,4,1,-2,0,37237,109,27,65,0,0,0,0,0,0,0,0,-32310,0,0,0,0,0,42915,0
42742,-78,8150,1102,59,-51,17,12724,0,-1,-2,0,37237,109,27,65,0,0,0,0,0,0,0,0,-32311,0,0,0,0,0,42920,0
42747,-62,8144,1092,56,-56,24,12725,4,-1,0,0,37236,102,27,65,0,0,0,0,0,0,0,0,-32310,0,0,0,0,0,42925,0
42752,-76,8172,1096,57,-53,27,12724,2,-1,0,0,37236,102,27,65,0,0,0,0,0,0,0,0,-32310,0,0,0,0,0,42930,0
42757,-76,8174,1112,54,-55,20,12724,3,0,-1,0,37245,111,27,65,0,0,0,0,0,0,0,0,-32310,0,0,0,0,0,42935,0
42762,-64,8210,1102,58,-55,23,12723,-8,-4,-2,0,37245,111,27,65,0,0,0,0,0,0,0,0,-32310,0,0,0,0,0,42940,0
42767,-100,8190,1098,59,-56,23,12723,-5,-1,-1,0,37256,117,27,65,0,0,0,0,0,0,0,0,-32310,0,0,0,0,0,42945,0
42772,-62,8220,1082,59,-64,27,12724,6,0,-1,0,37256,117,27,65,0,0,0,0,0,0,0,0,-32310,0,0,0,0,0,42950,0
42777,-62,8212,1092,57,-61,25,12723,-3,-1,-2,0,37259,117,27,65,0,0,0,0,0,0,0,0,-32310,0,0,0,0,0,42955,0
42782,-72,8216,1098,58,-65,29,12725,7,-2,-3,0,37259,117,27,65,0,0,0,0,0,0,0,0,-32311,0,0,0,0,0,42960,0
42787,-72,8206,1100,55,-68,26,12723,-3,3,-3,0,37256,116,27,65,0,0,0,0,0,0,0,0,-32311,0,0,0,0,0,42965,0
42792,-66,8194,1098,53,-66,28,12725,3,3,-2,0,37256,116,27,65,0,0,0,0,0,0,0,0,-32310,0,0,0,0,0,42970,0
42797,-78,8188,1098,58,-64,25,12724,0,-2,-2,0,37250,112,27,65,0,0,0,0,0,0,0,0,-32310,0,0,0,0,0,42975,0
42802,-76,8120,1072,56,-72,27,12724,-3,0,-2,0,37250,112,27,65,0,0,0,0,0,0,0,0,-32310,0,0,0,0,0,42981,0
42807,-80,8140,1086,61,-63,27,12723,-7,-5,-3,0,37250,109,27,65,0,0,0,0,0,0,0,0,-32310,0,0,0,0,0,42986,0
42812,-72,8140,1074,52,-73,34,12723,-10,-5,-2,0,37250,109,27,65,0,0,0,0,0,0,0,0,-32311,0,0,0,0,0,42991,0
42817,-64,8128,1096,57,-72,29,12724,0,2,-2,0,37247,108,27,65,0,0,0,0,0,0,0,0,-32310,0,0,0,0,0,42996,0
42822,-74,8118,1108,60,-72,35,12723,-6,-1,-2,0,37247,108,27,65,0,0,0,0,0,0,0,0,-32310,0,0,0,0,0,43001,0
42827,-96,8104,1106,64,-72,35,12724,2,3,-1,0,37242,101,27,65,0,0,0,0,0,0,0,0,-32310,0,0,0,0,0,43006,0
42832,-92,8072,1116,61,-75,38,12724,-4,0,-1,0,37242,101,27,65,0,0,0,0,0,0,0,0,-32311,0,0,0,0,0,43011,0
42837,-82,8078,1130,65,-72,32,12724,3,6,-2,0,37242,107,27,65,0,0,0,0,0,0,0,0,-32311,0,0,0,0,0,43016,0
42842,-58,8080,1130,57,-71,27,12724,-5,-2,-1,0,37242,107,27,65,0,0,0,0,0,0,0,0,-32310,0,0,0,0,0,43021,0
42847,-74,8064,1130,58,-73,34,12723,0,1,-2,0,37243,106,27,65,0,0,0,0,0,0,0,0,-32310,0,0,0,0,0,43026,0
42852,-88,8026,1154,54,-72,39,12724,0,0,-1,0,37243,106,27,65,0,0,0,0,0,0,0,0,-32311,0,0,0,0,0,43031,0
42857,-98,8020,1142,61,-76,36,12724,0,2,-1,0,37241,114,27,65,0,0,0,0,0,0,0,0,-32310,0,0,0,0,0,43036,0
42862,-90,8006,1172,53,-80,37,12724,-4,-2,0,0,37241,114,27,65,0,0,0,0,0,0,0,0,-32310,0,0,0,0,0,43041,0
42867,-100,8000,1152,55,-77,33,12724,-4,3,0,0,37244,117,27,65,0,0,0,0,0,0,0,0,-32310,0,0,0,0,0,43046,0
42872,-86,7992,1172,49,-73,42,12724,0,-1,-2,0,37244,117,27,65,0,0,0,0,0,0,0,0,-32310,0,0,0,0,0,43051,0
42877,-82,8026,1150,46,-75,40,12725,10,-2,0,0,37245,117,27,65,0,0,0,0,0,0,0,0,-32310,0,0,0,0,0,43056,0
42882,-106,8002,1152,48,-75,42,12725,0,-1,-2,0,37245,117,27,65,0,0,0,0,0,0,0,0,-32310,0,0,0,0,0,43061,0
42887,-78,8030,1168,45,-75,40,12724,0,-1,-4,0,37246,117,27,65,0,0,0,0,0,0,0,0,-32310,0,0,0,0,0,43066,0
42892,-118,7968,1162,43,-71,41,12723,0,2,-3,0,37246,117,27,65,0,0,0,0,0,0,0,0,-32310,0,0,0,0,0,43071,0
42897,-116,8006,1164,43,-72,42,12725,8,-1,-2,0,37243,121,27,65,0,0,0,0,0,0,0,0,-32310,0,0,0,0,0,43076,0
42902,-108,8006,1164,38,-66,42,12724,-3,0,-1,0,37243,121,27,65,0,0,0,0,0,0,0,0,-32311,0,0,0,0,0,43081,0
42907,-80,7998,1164,40,-65,42,12725,6,0,-3,0,37243,121,27,65,0,0,0,0,0,0,0,0,-32310,0,0,0,0,0,43087,0
42912,-74,8016,1178,35,-63,42,12724,2,-4,-2,0,37243,121,27,65,0,0,0,0,0,0,0,0,-32310,0,0,0,0,0,43092,0
42917,-80,8014,1174,30,-62,39,12723,-5,-1,-3,0,37242,117,27,65,0,0,0,0,0,0,0,0,-32310,0,0,0,0,0,43098,0
42922,-122,8002,1160,32,-57,46,12723,0,-3,-16,-8,37242,117,27,65,0,0,0,0,0,0,0,0,-32310,0,0,0,0,0,43103,0
42927,-90,8014,1154,30,-56,47,12723,-6,0,-32,-16,37239,104,27,65,0,0,0,0,0,0,0,0,-32310,0,0,0,0,0,43109,0
42932,-110,7990,1130,25,-50,39,12724,0,3,-30,-16,37239,104,27,65,0,0,0,0,0,0,0,0,-32310,0,0,0,0,0,43115,0
42937,-110,8018,1156,20,-54,41,12724,-1,2,-30,-8,37236,104,27,65,0,0,0,0,0,0,0,0,-32310,0,0,0,0,0,43120,0
42942,-110,8028,1126,29,-55,40,12723,-7,3,-30,-8,37236,104,27,65,0,0,0,0,0,0,0,0,-32310,0,0,0,0,0,43126,0
42947,-106,8014,1110,18,-57,40,12724,5,0,-29,-16,37235,110,27,65,0,0,0,0,0,0,0,0,-32311,0,0,0,0,0,43131,0
42952,-92,8002,1118,17,-50,40,12724,0,0,-30,-16,37235,110,27,65,0,0,0,0,0,0,0,0,-32311,0,0,0,0,0,43137,0
42957,-106,7970,1120,19,-49,39,12724,0,2,-30,-8,37235,116,27,65,0,0,0,0,0,0,0,0,-32310,0,0,0,0,0,43142,0
42962,-120,7994,1106,15,-45,36,12723,-8,-1,-31,-16,37235,116,27,65,0,0,0,0,0,0,0,0,-32310,0,0,0,0,0,43148,0
42967,-146,8004,1092,16,-46,36,12724,1,2,-28,-8,37236,113,27,65,0,0,0,0,0,0,0,0,-32310,0,0,0,0,0,43153,0
42972,-120,8008,1094,13,-47,33,12723,-2,0,-29,-8,37236,113,27,65,0,0,0,0,0,0,0,0,-32310,0,0,0,0,0,43159,0
42977,-142,8014,1110,14,-37,34,12723,-5,0,-30,-8,37240,114,27,65,0,0,0,0,0,0,0,0,-32310,0,0,0,0,0,43165,0
42982,-114,8028,1082,5,-41,34,12723,-2,4,-30,-8,37240,114,27,65,0,0,0,0,0,0,0,0,-32310,0,0,0,0,0,43170,0
42987,-126,8006,1086,18,-34,32,12724,0,3,-31,-8,37239,113,27,65,0,0,0,0,0,0,0,0,-32310,0,0,0,0,0,43177,0
42992,-124,8042,1074,19,-31,30,12724,3,2,-30,-8,37239,113,27,65,0,0,0,0,0,0,0,0,-32310,0,0,0,0,0,43181,0
42997,-130,8052,1074,10,-26,27,12724,1,3,-31,-8,37238,107,27,65,0,0,0,0,0,0,0,0,-32310,0,0,0,0,0,43187,0
43002,-140,8038,1070,13,-21,25,12723,2,4,-31,-8,37238,107,27,65,0,0,0,0,0,0,0,0,-32310,0,0,0,0,0,43193,0
43007,-98,8060,1054,15,-23,25,12724,0,-1,-30,-8,37233,109,27,65,0,0,0,0,0,0,0,0,-32310,0,0,0,0,0,43198,0
43012,-138,8090,1070,17,-17,24,12725,9,2,-31,-8,37233,109,27,65,0,0,0,0,0,0,0,0,-32311,0,0,0,0,0,43204,0
43017,-120,8116,1040,17,-14,21,12724,-1,-1,-30,-8,37231,113,27,65,0,0,0,0,0,0,0,0,-32310,0,0,0,0,0,43209,0
43022,-144,8120,1034,19,-9,21,12724,0,-1,-31,-8,37231,113,27,65,0,0,0,0,0,0,0,0,-32310,0,0,0,0,0,43215,0
43027,-154,8118,1026,27,-10,24,12724,0,-8,-30,-16,37228,116,27,65,0,0,0,0,0,0,0,0,-32310,0,0,0,0,0,43221,0
43032,-174,8156,1024,35,-13,17,12724,0,2,-31,-8,37228,116,27,65,0,0,0,0,0,0,0,0,-32310,0,0,0,0,0,43226,0
43037,-162,8174,996,36,-13,21,12724,4,0,-30,-8,37230,113,27,65,0,0,0,0,0,0,0,0,-32310,0,0,0,0,0,43232,0
43042,-158,8190,1028,34,-11,15,12725,3,2,-29,-8,37230,113,27,65,0,0,0,0,0,0,0,0,-32310,0,0,0,0,0,43237,0
43047,-168,8176,1010,41,-10,14,12725,5,-2,-30,-8,37234,110,27,65,0,0,0,0,0,0,0,0,-32310,0,0,0,0,0,43242,0
43052,-164,8140,988,52,-16,11,12725,7,3,-28,-16,37234,110,27,65,0,0,0,0,0,0,0,0,-32310,0,0,0,0,0,43248,0
43057,-182,8140,990,59,-18,10,12723,0,2,-30,-8,37237,109,27,65,0,0,0,0,0,0,0,0,-32310,0,0,0,0,0,43254,0
43062,-180,8140,1018,58,-14,7,12723,-2,-2,-29,-8,37237,109,27,65,0,0,0,0,0,0,0,0,-32310,0,0,0,0,0,43259,0
43067,-200,8150,1028,59,-19,10,12723,-4,-2,-29,-16,37237,102,27,65,0,0,0,0,0,0,0,0,-32310,0,0,0,0,0,43265,0
43072,-164,8138,1032,66,-18,1,12724,4,1,-31,-8,37237,102,27,65,0,0,0,0,0,0,0,0,-32310,0,0,0,0,0,43270,0
43077,-158,8112,1052,72,-16,-1,12725,1,3,-28,-8,37237,106,27,65,0,0,0,0,0,0,0,0,-32312,0,0,0,0,0,43276,0
43082,-188,8120,1054,70,-20,-2,12724,1,3,-28,-8,37237,106,27,65,0,0,0,0,0,0,0,0,-32312,0,0,0,0,0,43281,0
43087,-170,8120,1044,77,-26,-6,12724,1,0,-32,-8,37235,110,27,65,0,0,0,0,0,0,0,0,-32310,0,0,0,0,0,43287,0
43092,-166,8082,1072,77,-34,-1,12723,5,-2,-32,-8,37235,110,27,65,0,0,0,0,0,0,0,0,-32310,0,0,0,0,0,43292,0
43097,-190,8114,1082,78,-32,-7,12726,6,-2,-29,-16,37238,113,27,65,0,0,0,0,0,0,0,0,-32310,0,0,0,0,0,43298,0
43102,-148,8106,1070,77,-34,-1,12725,0,3,-29,-8,37238,113,27,65,0,0,0,0,0,0,0,0,-32311,0,0,0,0,0,43303,0
43107,-152,8114,1092,82,-39,-9,12723,-6,2,-30,-8,37234,113,27,65,0,0,0,0,0,0,0,0,-32310,0,0,0,0,0,43311,0
43112,-136,8048,1104,81,-47,-8,12724,0,-6,-31,-8,37234,113,27,65,0,0,0,0,0,0,0,0,-32310,0,0,0,0,0,43315,0
43117,-154,8020,1086,75,-50,-6,12723,0,-5,-29,-8,37229,118,27,65,0,0,0,0,0,0,0,0,-32310,0,0,0,0,0,43321,0
43122,-138,8002,1110,80,-57,-10,12723,3,11,-29,-8,37229,118,27,65,0,0,0,0,0,0,0,0,-32310,0,0,0,0,0,43326,0
43127,-100,7986,1124,74,-55,-10,12724,0,1,-31,-8,37228,118,27,65,0,0,0,0,0,0,0,0,-32310,0,0,0,0,0,43331,0
43132,-92,7970,1122,80,-62,-8,12724,1,4,-31,-8,37228,118,27,65,0,0,0,0,0,0,0,0,-32310,0,0,0,0,0,43337,0
43137,-100,7978,1142,81,-67,-5,12724,0,1,-29,-8,37229,121,27,65,0,0,0,0,0,0,0,0,-32310,0,0,0,0,0,43343,0
43142,-80,7964,1136,75,-71,-6,12724,-3,1,-31,-8,37229,121,27,65,0,0,0,0,0,0,0,0,-32311,0,0,0,0,0,43348,0
43147,-92,7944,1138,77,-76,-4,12724,1,0,-30,-16,37232,119,27,65,0,0,0,0,0,0,0,0,-32310,0,0,0,0,0,43354,0
43152,-94,7938,1142,78,-79,-1,12723,-5,-2,-28,-16,37232,119,27,65,0,0,0,0,0,0,0,0,-32310,0,0,0,0,0,43359,0
43157,-84,7942,1140,79,-82,2,12723,-3,-2,-32,-8,37232,113,27,65,0,0,0,0,0,0,0,0,-32310,0,0,0,0,0,43364,0
43162,-84,7930,1144,72,-89,3,12725,0,0,-30,-16,37232,113,27,65,0,0,0,0,0,0,0,0,-32310,0,0,0,0,0,43370,0
43167,-60,7944,1148,77,-89,1,12723,-1,6,-29,-16,37232,112,27,65,0,0,0,0,0,0,0,0,-32311,0,0,0,0,0,43375,0
43172,-46,7930,1142,70,-96,1,12722,-6,0,-29,-8,37232,112,27,65,0,0,0,0,0,0,0,0,-32310,0,0,0,0,0,43381,0
43177,-44,7894,1136,70,-93,-1,12724,0,-3,-32,-16,37239,121,27,65,0,0,0,0,0,0,0,0,-32310,0,0,0,0,0,43387,0
43182,-60,7906,1156,67,-93,6,12723,-6,2,-31,-16,37239,121,27,65,0,0,0,0,0,0,0,0,-32311,0,0,0,0,0,43392,0
43187,-28,7878,1138,64,-99,2,12723,0,7,-30,-8,37241,116,27,65,0,0,0,0,0,0,0,0,-32310,0,0,0,0,0,43398,0
43192,-72,7920,1172,60,-97,5,12723,-1,2,-31,-8,37241,116,27,65,0,0,0,0,0,0,0,0,-32310,0,0,0,0,0,43403,0
43197,-38,7898,1146,61,-100,2,12725,7,3,-29,-16,37239,120,27,65,0,0,0,0,0,0,0,0,-32310,0,0,0,0,0,43409,0
43202,-36,7916,1138,62,-93,6,12724,-2,0,-29,-8,37239,120,27,65,0,0,0,0,0,0,0,0,-32310,0,0,0,0,0,43414,0
43207,-58,7898,1142,55,-96,3,12724,-2,2,-29,-16,37238,122,27,65,0,0,0,0,0,0,0,0,-32310,0,0,0,0,0,43420,0
43212,-58,7900,1146,51,-93,3,12725,7,-3,-29,-8,37238,122,27,65,0,0,0,0,0,0,0,0,-32310,0,0,0,0,0,43426,0
43217,-36,7864,1100,49,-88,3,12724,0,-3,-28,-8,37232,113,27,65,0,0,0,0,0,0,0,0,-32310,0,0,0,0,0,43431,0
43222,-34,7928,1094,53,-85,9,12724,-3,-5,-31,-8,37232,113,27,65,0,0,0,0,0,0,0,0,-32310,0,0,0,0,0,43437,0
43227,-24,7950,1108,47,-88,6,12723,0,-2,-32,-16,37231,106,27,65,0,0,0,0,0,0,0,0,-32310,0,0,0,0,0,43442,0
43232,-14,7960,1094,42,-73,7,12723,1,4,-29,-8,37231,106,27,65,0,0,0,0,0,0,0,0,-32310,0,0,0,0,0,43448,0
43237,-42,7956,1094,45,-69,1,12723,1,-2,-30,-16,37232,110,27,65,0,0,0,0,0,0,0,0,-32310,0,0,0,0,0,43453,0
43242,-34,7986,1064,43,-61,4,12724,0,0,-30,-8,37232,110,27,65,0,0,0,0,0,0,0,0,-32310,0,0,0,0,0,43459,0
43247,-40,7992,1080,40,-53,7,12723,-3,5,-29,-16,37233,110,27,65,0,0,0,0,0,0,0,0,-32310,0,0,0,0,0,43464,0
43252,-36,8070,1038,42,-46,2,12724,-3,1,-29,-16,37233,110,27,65,0,0,0,0,0,0,0,0,-32310,0,0,0,0,0,43470,0
43257,-26,8094,1012,42,-42,10,12724,-3,-3,-31,-8,37234,113,27,65,0,0,0,0,0,0,0,0,-32310,0,0,0,0,0,43476,0
43262,2,8114,1020,43,-37,10,12724,1,3,-30,-8,37234,113,27,65,0,0,0,0,0,0,0,0,-32310,0,0,0,0,0,43481,0
43267,-32,8120,1028,43,-22,10,12725,5,2,-30,-8,37235,117,27,65,0,0,0,0,0,0,0,0,-32310,0,0,0,0,0,43487,0
43272,-34,8186,1014,50,-21,12,12724,0,2,-30,-16,37235,117,27,65,0,0,0,0,0,0,0,0,-32310,0,0,0,0,0,43492,0
43277,-54,8194,1004,54,-18,17,12723,-3,-1,-29,-8,37234,119,27,65,0,0,0,0,0,0,0,0,-32310,0,0,0,0,0,43498,0
43282,-56,8202,998,49,-1,13,12724,6,2,-30,-16,37234,119,27,65,0,0,0,0,0,0,0,0,-32310,0,0,0,0,0,43503,0
43287,-22,8190,982,50,-4,19,12723,-2,2,-29,-8,37234,117,27,65,0,0,0,0,0,0,0,0,-32310,0,0,0,0,0,43508,0
43292,-48,8230,976,58,0,15,12725,2,0,-30,-8,37234,117,27,65,0,0,0,0,0,0,0,0,-32311,0,0,0,0,0,43514,0
43297,-66,8180,978,57,7,20,12723,-3,-1,-31,-16,37235,118,27,65,0,0,0,0,0,0,0,0,-32310,0,0,0,0,0,43519,0
43302,-20,8230,978,64,15,19,12723,-3,2,-30,-16,37235,118,27,65,0,0,0,0,0,0,0,0,-32310,0,0,0,0,0,43525,0
43307,-70,8266,954,66,19,21,12724,-1,-2,-29,-16,37239,122,27,65,0,0,0,0,0,0,0,0,-32310,0,0,0,0,0,43531,0
43312,-80,8260,958,76,22,23,12723,-1,3,-31,-8,37239,122,27,65,0,0,0,0,0,0,0,0,-32310,0,0,0,0,0,43536,0
43317,-82,8256,990,77,26,19,12724,-1,0,-31,-8,37241,123,27,65,0,0,0,0,0,0,0,0,-32310,0,0,0,0,0,43542,0
43322,-60,8240,994,89,29,19,12724,0,2,-30,-8,37241,123,27,65,0,0,0,0,0,0,0,0,-32310,0,0,0,0,0,43547,0
43327,-50,8256,978,96,33,20,12724,2,5,-31,-16,37241,112,27,65,0,0,0,0,0,0,0,0,-32310,0,0,0,0,0,43553,0
43332,-154,8234,960,111,37,27,12724,-5,0,-30,-8,37241,112,27,65,0,0,0,0,0,0,0,0,-32310,0,0,0,0,0,43558,0
43337,-114,8186,956,120,32,25,12724,-5,-3,-30,-8,37236,107,27,65,0,0,0,0,0,0,0,0,-32310,0,0,0,0,0,43564,0
43342,-82,8160,972,118,31,20,12724,0,0,-29,-8,37236,107,27,65,0,0,0,0,0,0,0,0,-32310,0,0,0,0,0,43569,0
43347,-96,8162,994,130,26,25,12723,-4,4,-30,-16,37234,100,27,65,0,0,0,0,0,0,0,0,-32310,0,0,0,0,0,43575,0
43352,-112,8180,1026,140,17,20,12725,6,-1,-29,-8,37234,100,27,65,0,0,0,0,0,0,0,0,-32311,0,0,0,0,0,43581,0
43357,-82,8128,1030,145,14,24,12724,0,-1,-31,-8,37235,103,27,65,0,0,0,0,0,0,0,0,-32311,0,0,0,0,0,43586,0
43362,-96,8132,1036,142,8,24,12724,-2,3,-31,-8,37235,103,27,65,0,0,0,0,0,0,0,0,-32310,0,0,0,0,0,43592,0
43367,-90,8114,1048,144,7,23,12724,0,1,-28,-16,37234,108,27,65,0,0,0,0,0,0,0,0,-32310,0,0,0,0,0,43597,0
43372,-98,8096,1080,149,-2,30,12723,-10,-1,-31,-8,37234,108,27,65,0,0,0,0,0,0,0,0,-32310,0,0,0,0,0,43602,0
43377,-106,8124,1084,152,-9,28,12724,-1,0,-30,-16,37233,112,27,65,0,0,0,0,0,0,0,0,-32310,0,0,0,0,0,43608,0
43382,-124,8110,1140,149,-7,26,12725,1,-3,-31,-8,37233,112,27,65,0,0,0,0,0,0,0,0,-32310,0,0,0,0,0,43613,0
43387,-108,8124,1120,146,-13,27,12723,0,2,-28,-8,37236,109,27,65,0,0,0,0,0,0,0,0,-32310,0,0,0,0,0,43619,0
43392,-120,8104,1170,147,-23,27,12725,2,3,-31,-16,37236,109,27,65,0,0,0,0,0,0,0,0,-32310,0,0,0,0,0,43625,0
43397,-106,8100,1166,141,-31,27,12723,-7,-6,-32,-16,37237,114,27,65,0,0,0,0,0,0,0,0,-32310,0,0,0,0,0,43630,0
43402,-98,8054,1180,138,-30,32,12724,1,5,-29,-16,37237,114,27,65,0,0,0,0,0,0,0,0,-32310,0,0,0,0,0,43636,0
43407,-104,8080,1178,140,-35,31,12725,9,0,-30,-8,37239,109,27,65,0,0,0,0,0,0,0,0,-32310,0,0,0,0,0,43641,0
43412,-84,8068,1216,130,-40,30,12724,0,4,-30,-8,37239,109,27,65,0,0,0,0,0,0,0,0,-32310,0,0,0,0,0,43647,0
43417,-46,8046,1222,137,-42,34,12724,-1,0,-31,-16,37236,112,27,65,0,0,0,0,0,0,0,0,-32310,0,0,0,0,0,43652,0
43422,-50,8016,1244,128,-42,34,12725,4,-1,-29,-8,37236,112,27,65,0,0,0,0,0,0,0,0,-32310,0,0,0,0,0,43658,0
43427,-54,8022,1234,126,-45,32,12724,4,1,-31,-16,37233,120,27,65,0,0,0,0,0,0,0,0,-32310,0,0,0,0,0,43664,0
43432,-56,8046,1240,124,-46,28,12724,2,1,-29,-8,37233,120,27,65,0,0,0,0,0,0,0,0,-32310,0,0,0,0,0,43670,0
43437,-82,8060,1250,123,-50,29,12725,7,-1,-31,-8,37233,115,27,65,0,0,0,0,0,0,0,0,-32310,0,0,0,0,0,43676,0
43442,-42,8042,1244,117,-45,31,12725,6,1,-30,-8,37233,115,27,65,0,0,0,0,0,0,0,0,-32310,0,0,0,0,0,43681,0
43447,-50,8074,1250,117,-52,29,12724,-2,2,-29,-16,37231,117,27,65,0,0,0,0,0,0,0,0,-32310,0,0,0,0,0,43687,0
43452,-42,8122,1266,114,-53,28,12724,-1,-3,-31,-8,37231,117,27,65,0,0,0,0,0,0,0,0,-32310,0,0,0,0,0,43692,0
43457,-62,8130,1248,111,-51,25,12723,-7,-2,-31,-8,37232,112,27,65,0,0,0,0,0,0,0,0,-32310,0,0,0,0,0,43698,0
43462,-34,8154,1272,107,-54,28,12724,-3,-4,-31,-8,37232,112,27,65,0,0,0,0,0,0,0,0,-32310,0,0,0,0,0,43703,0
43467,-54,8180,1246,111,-43,25,12724,0,-2,-29,-8,37233,116,27,65,0,0,0,0,0,0,0,0,-32310,0,0,0,0,0,43709,0
43472,-58,8238,1266,101,-50,23,12724,1,5,-30,-16,37233,116,27,65,0,0,0,0,0,0,0,0,-32310,0,0,0,0,0,43715,0
43477,-84,8250,1286,102,-54,27,12724,6,0,-29,-16,37233,117,27,65,0,0,0,0,0,0,0,0,-32310,0,0,0,0,0,43720,0
43482,-54,8202,1272,95,-52,27,12724,-3,3,-30,-16,37233,117,27,65,0,0,0,0,0,0,0,0,-32310,0,0,0,0,0,43725,0
43487,-36,8212,1280,96,-54,24,12724,0,2,-31,-8,37239,110,27,65,0,0,0,0,0,0,0,0,-32310,0,0,0,0,0,43731,0
43492,-60,8246,1314,90,-54,24,12725,0,2,-30,-8,37239,110,27,65,0,0,0,0,0,0,0,0,-32310,0,0,0,0,0,43736,0
43497,-42,8206,1320,86,-53,28,12724,-1,0,-29,-16,37239,116,27,65,0,0,0,0,0,0,0,0,-32310,0,0,0,0,0,43742,0
43502,-48,8198,1326,81,-53,25,12724,2,-5,-30,-8,37239,116,27,65,0,0,0,0,0,0,0,0,-32310,0,0,0,0,0,43747,0
43507,-42,8130,1306,81,-54,31,12724,1,1,-29,-8,37240,116,27,65,0,0,0,0,0,0,0,0,-32310,0,0,0,0,0,43753,0
43512,-20,8050,1332,67,-50,27,12724,5,0,-30,-8,37240,116,27,65,0,0,0,0,0,0,0,0,-32310,0,0,0,0,0,43758,0
43517,-22,8018,1338,62,-42,20,12724,1,0,-30,-8,37238,117,27,65,0,0,0,0,0,0,0,0,-32310,0,0,0,0,0,43764,0
43522,-32,8002,1328,56,-43,20,12724,-4,2,-29,-8,37238,117,27,65,0,0,0,0,0,0,0,0,-32310,0,0,0,0,0,43770,0
43527,-12,7964,1374,53,-29,23,12723,0,-2,-30,-16,37233,116,27,65,0,0,0,0,0,0,0,0,-32310,0,0,0,0,0,43775,0
43532,-24,7932,1330,39,-18,18,12724,-2,-2,-31,-16,37233,116,27,65,0,0,0,0,0,0,0,0,-32310,0,0,0,0,0,43781,0
43537,-36,7904,1342,38,-8,15,12723,0,-4,-29,-8,37231,114,27,65,0,0,0,0,0,0,0,0,-32310,0,0,0,0,0,43786,0
43542,-28,7898,1324,33,-5,18,12724,2,-1,-30,-8,37231,114,27,65,0,0,0,0,0,0,0,0,-32310,0,0,0,0,0,43792,0
43547,-42,7868,1322,21,7,16,12724,4,-1,-32,-16,37231,118,27,65,0,0,0,0,0,0,0,0,-32310,0,0,0,0,0,43797,0
43552,-18,7890,1346,14,16,13,12724,0,-3,-30,-8,37231,118,27,65,0,0,0,0,0,0,0,0,-32310,0,0,0,0,0,43803,0
43557,-34,7888,1312,9,25,15,12724,-2,2,-30,-8,37231,127,27,65,0,0,0,0,0,0,0,0,-32310,0,0,0,0,0,43809,0
43562,-36,7874,1318,-5,33,13,12724,8,-4,-30,-8,37231,127,27,65,0,0,0,0,0,0,0,0,-32310,0,0,0,0,0,43814,0
43567,-36,7854,1306,-3,35,16,12725,7,0,-30,-8,37230,127,27,65,0,0,0,0,0,0,0,0,-32310,0,0,0,0,0,43820,0
43572,-32,7818,1268,-17,41,11,12725,3,4,-30,-8,37230,127,27,65,0,0,0,0,0,0,0,0,-32310,0,0,0,0,0,43826,0
43577,-34,7856,1266,-21,43,20,12725,5,6,-31,-16,37229,125,27,65,0,0,0,0,0,0,0,0,-32310,0,0,0,0,0,43831,0
43582,-26,7858,1264,-31,43,25,12724,0,-2,-31,-16,37229,125,27,65,0,0,0,0,0,0,0,0,-32310,0,0,0,0,0,43837,0
43587,-6,7816,1256,-31,42,23,12724,0,-1,-31,-16,37229,115,27,65,0,0,0,0,0,0,0,0,-32310,0,0,0,0,0,43843,0
43592,-14,7868,1254,-32,52,31,12724,-2,3,-29,-8,37229,115,27,65,0,0,0,0,0,0,0,0,-32310,0,0,0,0,0,43848,0
43597,-16,7850,1206,-47,57,27,12723,4,-3,-28,-16,37228,114,27,65,0,0,0,0,0,0,0,0,-32310,0,0,0,0,0,43854,0
43602,-34,7826,1184,-40,57,35,12724,-4,-4,-29,-16,37228,114,27,65,0,0,0,0,0,0,0,0,-32310,0,0,0,0,0,43859,0
43607,-20,7796,1188,-48,60,37,12723,0,0,-29,-16,37228,120,27,65,0,0,0,0,0,0,0,0,-32310,0,0,0,0,0,43865,0
43612,-28,7838,1132,-52,64,47,12724,1,-3,-30,-16,37228,120,27,65,0,0,0,0,0,0,0,0,-32310,0,0,0,0,0,43871,0
43617,-42,7868,1138,-48,65,45,12723,-3,-2,-30,-16,37227,120,27,65,0,0,0,0,0,0,0,0,-32310,0,0,0,0,0,43876,0
43622,-66,7878,1124,-50,68,50,12723,-1,-3,-30,-8,37227,120,27,65,0,0,0,0,0,0,0,0,-32311,0,0,0,0,0,43882,0
43627,-68,7856,1116,-54,67,46,12724,2,1,-30,-16,37225,116,27,65,0,0,0,0,0,0,0,0,-32310,0,0,0,0,0,43887,0
43632,-96,7862,1068,-53,70,48,12724,0,3,-30,-8,37225,116,27,65,0,0,0,0,0,0,0,0,-32310,0,0,0,0,0,43893,0
43637,-108,7896,1038,-52,70,45,12723,-6,-3,-30,-8,37228,112,27,65,0,0,0,0,0,0,0,0,-32310,0,0,0,0,0,43898,0
43642,-92,7906,1054,-48,73,44,12721,-9,-4,-31,-8,37228,112,27,65,0,0,0,0,0,0,0,0,-32310,0,0,0,0,0,43904,0
43647,-96,7920,1044,-45,73,44,12724,-3,-3,-30,-16,37229,112,27,65,0,0,0,0,0,0,0,0,-32310,0,0,0,0,0,43910,0
43652,-120,7942,1010,-42,73,39,12724,0,-1,-29,-8,37229,112,27,65,0,0,0,0,0,0,0,0,-32311,0,0,0,0,0,43915,0
43657,-112,7952,994,-43,76,36,12725,-2,0,-29,-16,37228,112,27,65,0,0,0,0,0,0,0,0,-32310,0,0,0,0,0,43921,0
43662,-126,8006,980,-41,69,38,12725,6,2,-30,-16,37228,112,27,65,0,0,0,0,0,0,0,0,-32311,0,0,0,0,0,43926,0
43667,-120,7990,972,-37,64,38,12724,0,-3,-30,-8,37227,113,27,65,0,0,0,0,0,0,0,0,-32310,0,0,0,0,0,43932,0
43672,-100,8018,946,-31,60,36,12723,-3,0,-31,-8,37227,113,27,65,0,0,0,0,0,0,0,0,-32310,0,0,0,0,0,43937,0
43677,-96,8018,932,-31,59,37,12725,0,1,-30,-16,37227,114,27,65,0,0,0,0,0,0,0,0,-32310,0,0,0,0,0,43943,0
43682,-100,7990,932,-20,56,31,12724,6,1,-30,-16,37227,114,27,65,0,0,0,0,0,0,0,0,-32310,0,0,0,0,0,43948,0
43687,-110,7988,930,-22,56,30,12725,4,3,-30,-8,37229,120,27,65,0,0,0,0,0,0,0,0,-32310,0,0,0,0,0,43954,0
43692,-134,7990,932,-5,46,33,12724,-3,2,-30,-16,37229,120,27,65,0,0,0,0,0,0,0,0,-32310,0,0,0,0,0,43960,0
43697,-128,8002,886,-3,44,36,12724,0,1,-31,-16,37239,117,27,65,0,0,0,0,0,0,0,0,-32310,0,0,0,0,0,43965,0
43702,-146,7970,876,3,38,32,12725,3,4,-30,-8,37239,117,27,65,0,0,0,0,0,0,0,0,-32310,0,0,0,0,0,43970,0
43707,-102,7966,894,6,43,33,12724,1,-1,-30,-8,37239,112,27,65,0,0,0,0,0,0,0,0,-32310,0,0,0,0,0,43976,0
43712,-136,8002,872,12,32,37,12725,3,1,-30,-8,37239,112,27,65,0,0,0,0,0,0,0,0,-32310,0,0,0,0,0,43981,0
43717,-162,8014,884,20,34,32,12724,0,3,-29,-8,37239,110,27,65,0,0,0,0,0,0,0,0,-32310,0,0,0,0,0,43987,0
43722,-130,7970,870,24,27,41,12724,1,-1,-31,-8,37239,110,27,65,0,0,0,0,0,0,0,0,-32310,0,0,0,0,0,43993,0
43727,-156,7968,866,26,18,37,12724,3,-2,-30,-16,37233,109,27,65,0,0,0,0,0,0,0,0,-32310,0,0,0,0,0,43999,0
43732,-150,7990,834,43,8,39,12724,0,-1,-30,-16,37233,109,27,65,0,0,0,0,0,0,0,0,-32310,0,0,0,0,0,44004,0
43737,-192,7972,876,49,4,38,12724,-3,0,-30,-8,37232,112,27,65,0,0,0,0,0,0,0,0,-32310,0,0,0,0,0,44010,0
43742,-152,7990,874,52,-9,38,12723,0,-1,-31,-8,37232,112,27,65,0,0,0,0,0,0,0,0,-32310,0,0,0,0,0,44015,0
43747,-176,7996,880,62,-11,41,12724,0,-1,-28,-16,37228,112,27,65,0,0,0,0,0,0,0,0,-32310,0,0,0,0,0,44021,0
43752,-128,7998,896,81,-18,47,12723,2,-3,-30,-8,37228,112,27,65,0,0,0,0,0,0,0,0,-32310,0,0,0,0,0,44026,0
43757,-110,8038,880,88,-28,50,12724,2,0,-29,-8,37228,120,27,65,0,0,0,0,0,0,0,0,-32310,0,0,0,0,0,44032,0
43762,-116,8030,892,96,-37,54,12723,-1,-4,-31,-8,37228,120,27,65,0,0,0,0,0,0,0,0,-32310,0,0,0,0,0,44038,0
43767,-108,8036,888,103,-43,58,12723,-5,-2,-29,-8,37230,116,27,65,0,0,0,0,0,0,0,0,-32310,0,0,0,0,0,44043,0
43772,-84,8056,902,118,-58,62,12724,-3,0,-31,-16,37230,116,27,65,0,0,0,0,0,0,0,0,-32310,0,0,0,0,0,44049,0
43777,-90,8076,928,119,-69,73,12723,-9,-7,-30,-16,37232,115,27,65,0,0,0,0,0,0,0,0,-32310,0,0,0,0,0,44054,0
43782,-74,8092,922,129,-75,70,12725,1,2,-31,-16,37232,115,27,65,0,0,0,0,0,0,0,0,-32310,0,0,0,0,0,44060,0
43787,-80,8098,946,134,-83,79,12724,0,-1,-33,-16,37233,112,27,65,0,0,0,0,0,0,0,0,-32311,0,0,0,0,0,44065,0
43792,-96,8112,944,151,-95,88,12725,9,-3,-31,-8,37233,112,27,65,0,0,0,0,0,0,0,0,-32310,0,0,0,0,0,44071,0
43797,-76,8136,944,161,-108,92,12724,0,0,-29,-16,37231,113,27,65,0,0,0,0,0,0,0,0,-32310,0,0,0,0,0,44077,0
43802,-90,8140,960,166,-115,102,12725,1,-1,-30,-16,37231,113,27,65,0,0,0,0,0,0,0,0,-32310,0,0,0,0,0,44086,0
43807,-62,8138,976,168,-119,106,12724,0,-2,-30,-8,37230,114,27,65,0,0,0,0,0,0,0,0,-32309,0,0,0,0,0,44087,0
43812,-72,8174,984,188,-132,118,12724,-3,-3,-31,-8,37230,114,27,65,0,0,0,0,0,0,0,0,-32310,0,0,0,0,0,44094,0
43817,-46,8186,994,190,-140,116,12725,5,-5,-30,-8,37227,108,27,65,0,0,0,0,0,0,0,0,-32310,0,0,0,0,0,44099,0
43822,-42,8188,998,196,-144,122,12725,4,2,-30,-8,37227,108,27,65,0,0,0,0,0,0,0,0,-32310,0,0,0,0,0,44105,0
43827,-48,8164,1028,199,-149,124,12724,-5,-3,-31,-16,37224,112,27,65,0,0,0,0,0,0,0,0,-32310,0,0,0,0,0,44110,0
43832,-42,8206,1044,205,-158,139,12724,0,-7,-31,-16,37224,112,27,65,0,0,0,0,0,0,0,0,-32310,0,0,0,0,0,44116,0
43837,-30,8202,1066,214,-166,135,12723,-2,-2,-31,-8,37224,111,27,65,0,0,0,0,0,0,0,0,-32310,0,0,0,0,0,44122,0
43842,-28,8236,1066,218,-169,138,12724,0,-2,-31,-16,37224,111,27,65,0,0,0,0,0,0,0,0,-32310,0,0,0,0,0,44127,0
43847,0,8200,1090,222,-174,143,12723,-1,1,-31,-16,37229,113,27,65,0,0,0,0,0,0,0,0,-32310,0,0,0,0,0,44133,0
43852,-6,8190,1128,221,-181,149,12725,1,5,-30,-8,37229,113,27,65,0,0,0,0,0,0,0,0,-32311,0,0,0,0,0,44138,0
43857,-16,8198,1128,222,-185,150,12724,2,1,-31,-16,37236,117,27,65,0,0,0,0,0,0,0,0,-32310,0,0,0,0,0,44144,0
43862,-38,8188,1142,232,-195,149,12722,-8,3,-30,-16,37236,117,27,65,0,0,0,0,0,0,0,0,-32310,0,0,0,0,0,44149,0
43867,-34,8176,1150,228,-192,156,12723,-5,-1,-28,-8,37234,113,27,65,0,0,0,0,0,0,0,0,-32310,0,0,0,0,0,44155,0
43872,-6,8178,1180,227,-201,157,12724,-2,-1,-30,-8,37234,113,27,65,0,0,0,0,0,0,0,0,-32310,0,0,0,0,0,44161,0
43877,-22,8170,1192,225,-206,159,12725,1,1,-31,-16,37233,113,27,65,0,0,0,0,0,0,0,0,-32310,0,0,0,0,0,44165,0
43882,-12,8112,1210,218,-216,162,12724,-4,-1,-31,-16,37233,113,27,65,0,0,0,0,0,0,0,0,-32310,0,0,0,0,0,44171,0
43887,0,8124,1228,216,-214,162,12724,2,1,-31,-16,37228,104,27,65,0,0,0,0,0,0,0,0,-32310,0,0,0,0,0,44177,0
43892,-16,8108,1244,212,-222,165,12724,2,-1,-30,-8,37228,104,27,65,0,0,0,0,0,0,0,0,-32310,0,0,0,0,0,44182,0
43897,-18,8096,1262,210,-222,165,12724,0,3,-31,-8,37229,111,27,65,0,0,0,0,0,0,0,0,-32310,0,0,0,0,0,44188,0
43902,-12,8074,1258,203,-225,160,12725,2,0,-29,-8,37229,111,27,65,0,0,0,0,0,0,0,0,-32310,0,0,0,0,0,44193,0
43907,2,8014,1264,200,-233,166,12725,7,-3,-29,-8,37232,118,27,65,0,0,0,0,0,0,0,0,-32310,0,0,0,0,0,44199,0
43912,-12,7964,1288,194,-230,167,12724,3,-1,-30,-8,37232,118,27,65,0,0,0,0,0,0,0,0,-32310,0,0,0,0,0,44205,0
43917,16,7916,1280,180,-232,166,12724,-3,-6,-29,-8,37233,122,27,65,0,0,0,0,0,0,0,0,-32310,0,0,0,0,0,44210,0
43922,-4,7942,1294,178,-231,168,12723,0,-3,-31,-8,37233,122,27,65,0,0,0,0,0,0,0,0,-32310,0,0,0,0,0,44216,0
43927,0,7928,1274,174,-234,167,12723,-3,0,-32,-16,37232,124,27,65,0,0,0,0,0,0,0,0,-32310,0,0,0,0,0,44221,0
43932,-20,7868,1284,160,-223,162,12724,-9,-1,-32,-8,37232,124,27,65,0,0,0,0,0,0,0,0,-32310,0,0,0,0,0,44227,0
43937,4,7862,1294,156,-218,161,12725,2,0,-33,-8,37231,123,27,65,0,0,0,0,0,0,0,0,-32310,0,0,0,0,0,44232,0
43942,-20,7872,1266,149,-224,165,12725,4,0,-31,-16,37231,123,27,65,0,0,0,0,0,0,0,0,-32310,0,0,0,0,0,44238,0
43947,-6,7836,1294,142,-226,159,12723,0,1,-30,-16,37233,119,27,65,0,0,0,0,0,0,0,0,-32310,0,0,0,0,0,44244,0
43952,18,7830,1282,134,-218,156,12723,2,-1,-30,-8,37233,119,27,65,0,0,0,0,0,0,0,0,-32310,0,0,0,0,0,44249,0
43957,8,7834,1304,123,-217,153,12724,4,5,-31,-8,37233,121,27,65,0,0,0,0,0,0,0,0,-32310,0,0,0,0,0,44255,0
43962,12,7820,1260,122,-218,155,12725,3,2,-32,-16,37233,121,27,65,0,0,0,0,0,0,0,0,-32310,0,0,0,0,0,44260,0
43967,14,7850,1280,114,-213,155,12724,5,1,-29,-8,37234,121,27,65,0,0,0,0,0,0,0,0,-32309,0,0,0,0,0,44266,0
43972,-10,7874,1252,103,-210,152,12724,0,0,-30,-8,37234,121,27,65,0,0,0,0,0,0,0,0,-32310,0,0,0,0,0,44271,0
43977,-22,7872,1258,92,-212,151,12723,0,-4,-31,-16,37232,122,27,65,0,0,0,0,0,0,0,0,-32310,0,0,0,0,0,44277,0
43982,-34,7870,1274,88,-209,149,12723,0,2,-31,-16,37232,122,27,65,0,0,0,0,0,0,0,0,-32310,0,0,0,0,0,44283,0
43987,-22,7898,1246,81,-209,152,12724,-7,-1,-30,-16,37232,117,27,65,0,0,0,0,0,0,0,0,-32310,0,0,0,0,0,44288,0
43992,-28,7964,1228,74,-203,149,12723,-6,1,-29,-8,37232,117,27,65,0,0,0,0,0,0,0,0,-32310,0,0,0,0,0,44294,0
43997,-30,7934,1236,67,-203,149,12724,-3,-2,-29,-16,37232,118,27,65,0,0,0,0,0,0,0,0,-32310,0,0,0,0,0,44299,0
44002,-26,7976,1232,59,-198,145,12724,-4,-4,-29,-16,37232,118,27,65,0,0,0,0,0,0,0,0,-32310,0,0,0,0,0,44305,0
44007,-24,7996,1222,58,-192,148,12725,-1,2,-31,-8,37230,118,27,65,0,0,0,0,0,0,0,0,-32310,0,0,0,0,0,44310,0
44012,-14,8008,1210,47,-183,139,12724,-1,0,-31,-8,37230,118,27,65,0,0,0,0,0,0,0,0,-32311,0,0,0,0,0,44316,0
44017,-44,8054,1196,45,-178,137,12724,0,2,-28,-16,37230,120,27,65,0,0,0,0,0,0,0,0,-32310,0,0,0,0,0,44322,0
44022,-10,8088,1194,45,-166,137,12724,0,0,-30,-8,37230,120,27,65,0,0,0,0,0,0,0,0,-32310,0,0,0,0,0,44327,0
44027,-18,8102,1172,41,-155,129,12724,-1,1,-33,-16,37232,117,27,65,0,0,0,0,0,0,0,0,-32310,0,0,0,0,0,44335,0
44032,-26,8174,1170,37,-146,122,12724,0,3,-31,-8,37232,117,27,65,0,0,0,0,0,0,0,0,-32310,0,0,0,0,0,44338,0
44037,-72,8180,1144,39,-138,124,12724,2,0,-30,-8,37238,117,27,65,0,0,0,0,0,0,0,0,-32310,0,0,0,0,0,44344,0
44042,-32,8192,1116,32,-130,119,12723,-2,-1,-30,-16,37238,117,27,65,0,0,0,0,0,0,0,0,-32310,0,0,0,0,0,44349,0
44047,-54,8216,1142,40,-122,117,12725,0,1,-28,-16,37245,118,27,65,0,0,0,0,0,0,0,0,-32310,0,0,0,0,0,44355,0
44052,-38,8260,1084,39,-111,106,12725,-1,-3,-31,-8,37245,118,27,65,0,0,0,0,0,0,0,0,-32310,0,0,0,0,0,44361,0
44057,-58,8428,1108,40,-103,101,12724,3,0,-30,-8,37253,126,28,65,0,0,0,0,0,0,0,0,-32310,0,0,0,0,0,44366,0
44062,-136,8442,1052,43,-91,82,12724,1,-3,-30,-8,37253,126,28,65,0,0,0,0,0,0,0,0,-32310,0,0,0,0,0,44372,0
44067,-240,8422,1054,48,-85,71,12724,2,0,-30,-8,37250,119,27,65,0,0,0,0,0,0,0,0,-32310,0,0,0,0,0,44377,0
44072,-346,8454,982,52,-76,62,12724,0,1,-31,-8,37250,119,27,65,0,0,0,0,0,0,0,0,-32310,0,0,0,0,0,44383,0
44077,-332,8424,990,59,-70,56,12725,0,0,-31,-8,37241,122,27,65,0,0,0,0,0,0,0,0,-32310,0,0,0,0,0,44388,0
44082,-278,8500,962,63,-66,41,12724,-1,0,-30,-16,37241,122,27,65,0,0,0,0,0,0,0,0,-32311,0,0,0,0,0,44394,0
44087,-228,8494,976,63,-62,38,12724,1,-1,-29,-8,37228,126,27,65,0,0,0,0,0,0,0,0,-32310,0,0,0,0,0,44400,0
44092,-100,8476,994,80,-55,32,12724,-1,-1,-30,-8,37228,126,27,65,0,0,0,0,0,0,0,0,-32310,0,0,0,0,0,44405,0
44097,60,8460,1030,78,-45,35,12723,-1,0,-29,-16,37230,130,27,65,0,0,0,0,0,0,0,0,-32310,0,0,0,0,0,44411,0
44102,172,8418,1060,74,-49,39,12724,-3,3,-28,-16,37230,130,27,65,0,0,0,0,0,0,0,0,-32310,0,0,0,0,0,44416,0
44107,214,8364,1124,72,-40,32,12724,3,2,-31,-16,37231,123,27,65,0,0,0,0,0,0,0,0,-32310,0,0,0,0,0,44422,0
44112,144,8298,1188,81,-33,37,12724,0,1,-30,-8,37231,123,27,65,0,0,0,0,0,0,0,0,-32310,0,0,0,0,0,44427,0
44117,100,8218,1164,81,-32,39,12724,-1,0,-28,-8,37233,115,27,65,0,0,0,0,0,0,0,0,-32310,0,0,0,0,0,44433,0
44122,52,8158,1138,81,-27,40,12723,-2,-2,-30,-8,37233,115,27,65,0,0,0,0,0,0,0,0,-32310,0,0,0,0,0,44438,0
44127,26,8086,1118,86,-16,40,12725,1,2,-29,-8,37239,123,27,65,0,0,0,0,0,0,0,0,-32310,0,0,0,0,0,44443,0
44132,-24,8066,1080,85,-19,44,12725,9,3,-31,-8,37239,123,27,65,0,0,0,0,0,0,0,0,-32310,0,0,0,0,0,44449,0
44137,20,8094,1102,87,-10,48,12723,-5,2,-31,-8,37238,121,27,65,0,0,0,0,0,0,0,0,-32310,0,0,0,0,0,44455,0
44142,6,8074,1096,91,-6,42,12724,-2,-3,-31,-8,37238,121,27,65,0,0,0,0,0,0,0,0,-32310,0,0,0,0,0,44460,0
44147,-24,8102,1100,93,-10,38,12724,4,-3,-30,-16,37238,118,27,65,0,0,0,0,0,0,0,0,-32310,0,0,0,0,0,44466,0
44152,-52,8012,1140,94,-12,31,12724,2,4,-30,-8,37238,118,27,65,0,0,0,0,0,0,0,0,-32310,0,0,0,0,0,44471,0
44157,-42,7988,1122,99,-14,31,12723,0,-1,-30,-16,37233,117,27,65,0,0,0,0,0,0,0,0,-32310,0,0,0,0,0,44477,0
44162,-18,7992,1148,97,-16,35,12724,6,3,-30,-8,37233,117,27,65,0,0,0,0,0,0,0,0,-32310,0,0,0,0,0,44482,0
44167,-14,7948,1158,92,-25,36,12724,0,1,-30,-16,37234,116,27,65,0,0,0,0,0,0,0,0,-32310,0,0,0,0,0,44488,0
44172,10,7930,1168,92,-29,28,12725,8,2,-30,-8,37234,116,27,65,0,0,0,0,0,0,0,0,-32310,0,0,0,0,0,44493,0
44177,12,7938,1170,83,-38,28,12724,0,0,-30,-16,37234,118,27,65,0,0,0,0,0,0,0,0,-32310,0,0,0,0,0,44499,0
44182,36,7910,1186,82,-36,25,12724,0,-1,-32,-16,37234,118,27,65,0,0,0,0,0,0,0,0,-32310,0,0,0,0,0,44504,0
44187,46,7888,1182,80,-40,25,12723,0,-5,-30,-8,37231,112,27,65,0,0,0,0,0,0,0,0,-32310,0,0,0,0,0,44510,0
44192,40,7898,1196,69,-51,17,12724,-5,-3,-30,-8,37231,112,27,65,0,0,0,0,0,0,0,0,-32310,0,0,0,0,0,44516,0
44197,38,7892,1196,67,-53,18,12724,-3,1,-29,-16,37232,106,27,65,0,0,0,0,0,0,0,0,-32310,0,0,0,0,0,44521,0
44202,46,7874,1198,70,-54,17,12724,3,-2,-29,-16,37232,106,27,65,0,0,0,0,0,0,0,0,-32311,0,0,0,0,0,44526,0
44207,46,7902,1200,64,-50,14,12723,-6,-2,-30,-16,37235,109,27,65,0,0,0,0,0,0,0,0,-32310,0,0,0,0,0,44532,0
44212,32,7882,1210,48,-52,7,12725,1,-4,-31,-8,37235,109,27,65,0,0,0,0,0,0,0,0,-32310,0,0,0,0,0,44537,0
44217,10,7838,1206,47,-53,5,12725,-1,-1,-30,-16,37234,110,27,65,0,0,0,0,0,0,0,0,-32310,0,0,0,0,0,44543,0
44222,14,7854,1198,41,-51,-3,12724,0,2,-30,-8,37234,110,27,65,0,0,0,0,0,0,0,0,-32310,0,0,0,0,0,44549,0
44227,30,7806,1186,37,-54,-3,12724,-3,-3,-30,-16,37230,117,27,65,0,0,0,0,0,0,0,0,-32310,0,0,0,0,0,44554,0
44232,0,7844,1154,21,-56,-6,12725,3,-3,-30,-16,37230,117,27,65,0,0,0,0,0,0,0,0,-32310,0,0,0,0,0,44560,0
44237,-30,7886,1164,23,-56,-13,12724,-2,0,-30,-8,37230,115,27,65,0,0,0,0,0,0,0,0,-32310,0,0,0,0,0,44565,0
44242,12,7896,1152,19,-56,-11,12723,-1,1,-31,-8,37230,115,27,65,0,0,0,0,0,0,0,0,-32310,0,0,0,0,0,44571,0
44247,16,7902,1138,11,-62,-15,12724,5,-7,-29,-16,37231,117,27,65,0,0,0,0,0,0,0,0,-32310,0,0,0,0,0,44576,0
44252,16,7892,1120,8,-64,-17,12725,2,2,-29,-16,37231,117,27,65,0,0,0,0,0,0,0,0,-32310,0,0,0,0,0,44582,0
44257,14,7940,1066,5,-69,-19,12723,-5,1,-30,-16,37236,113,27,65,0,0,0,0,0,0,0,0,-32310,0,0,0,0,0,44587,0
44262,30,7962,1094,4,-67,-21,12724,5,1,-30,-16,37236,113,27,65,0,0,0,0,0,0,0,0,-32310,0,0,0,0,0,44593,0
44267,74,8002,1052,7,-60,-16,12724,1,-6,-29,-8,37234,123,27,65,0,0,0,0,0,0,0,0,-32310,0,0,0,0,0,44598,0
44272,58,8026,1044,10,-64,-21,12723,-1,-2,-30,-8,37234,123,27,65,0,0,0,0,0,0,0,0,-32310,0,0,0,0,0,44604,0
44277,52,8008,1052,9,-60,-21,12724,-3,-3,-31,-16,37233,116,27,65,0,0,0,0,0,0,0,0,-32310,0,0,0,0,0,44610,0
44282,70,8044,1012,14,-57,-22,12724,-3,-3,-31,-16,37233,116,27,65,0,0,0,0,0,0,0,0,-32310,0,0,0,0,0,44615,0
44287,98,8082,988,14,-57,-23,12725,2,3,-31,-8,37233,121,27,65,0,0,0,0,0,0,0,0,-32310,0,0,0,0,0,44621,0
44292,102,8112,1002,15,-47,-19,12723,-5,-1,-32,-16,37233,121,27,65,0,0,0,0,0,0,0,0,-32310,0,0,0,0,0,44626,0
44297,118,8128,968,27,-47,-17,12724,0,-2,-30,-16,37234,121,27,65,0,0,0,0,0,0,0,0,-32310,0,0,0,0,0,44632,0
44302,114,8166,974,28,-44,-18,12724,3,1,-30,-8,37234,121,27,65,0,0,0,0,0,0,0,0,-32310,0,0,0,0,0,44637,0
44307,120,8192,960,27,-44,-16,12724,-5,2,-30,-16,37233,123,27,65,0,0,0,0,0,0,0,0,-32310,0,0,0,0,0,44642,0
44312,104,8256,966,39,-35,-9,12723,-6,1,-30,-8,37233,123,27,65,0,0,0,0,0,0,0,0,-32310,0,0,0,0,0,44648,0
44317,130,8228,968,41,-28,-9,12723,-3,0,-27,-8,37232,119,27,65,0,0,0,0,0,0,0,0,-32310,0,0,0,0,0,44653,0
44322,128,8216,946,47,-21,-10,12724,-1,-1,-30,-8,37232,119,27,65,0,0,0,0,0,0,0,0,-32311,0,0,0,0,0,44659,0
44327,140,8230,936,55,-22,-9,12725,3,-1,-31,-8,37235,116,27,65,0,0,0,0,0,0,0,0,-32310,0,0,0,0,0,44665,0
44332,162,8246,946,64,-10,-6,12724,1,6,-31,-16,37235,116,27,65,0,0,0,0,0,0,0,0,-32310,0,0,0,0,0,44670,0
44337,158,8258,952,65,-5,2,12723,-1,1,-30,-8,37235,113,27,65,0,0,0,0,0,0,0,0,-32310,0,0,0,0,0,44676,0
44342,150,8260,950,71,4,0,12723,0,-2,-32,-8,37235,113,27,65,0,0,0,0,0,0,0,0,-32310,0,0,0,0,0,44681,0
44347,116,8238,934,75,5,5,12724,2,1,-30,-16,37234,122,27,65,0,0,0,0,0,0,0,0,-32310,0,0,0,0,0,44687,0
44352,118,8226,924,83,15,8,12725,-1,0,-30,-8,37234,122,27,65,0,0,0,0,0,0,0,0,-32310,0,0,0,0,0,44692,0
44357,146,8204,944,83,13,9,12723,3,5,-31,-8,37234,131,27,65,0,0,0,0,0,0,0,0,-32310,0,0,0,0,0,44698,0
44362,148,8232,942,92,25,8,12724,-4,-2,-30,-8,37234,131,27,65,0,0,0,0,0,0,0,0,-32310,0,0,0,0,0,44703,0
44367,146,8224,950,91,20,12,12724,-1,-3,-29,-8,37237,123,27,65,0,0,0,0,0,0,0,0,-32310,0,0,0,0,0,44709,0
44372,144,8198,946,95,31,16,12724,-4,1,-30,-8,37237,123,27,65,0,0,0,0,0,0,0,0,-32310,0,0,0,0,0,44715,0
44377,134,8192,958,94,35,12,12724,4,4,-31,-16,37238,109,27,65,0,0,0,0,0,0,0,0,-32310,0,0,0,0,0,44720,0
44382,150,8148,958,104,31,15,12724,-1,-1,-30,-16,37238,109,27,65,0,0,0,0,0,0,0,0,-32310,0,0,0,0,0,44726,0
44387,138,8166,976,103,38,18,12724,-3,-2,-30,-8,37236,102,27,65,0,0,0,0,0,0,0,0,-32310,0,0,0,0,0,44731,0
44392,184,8130,966,108,48,13,12724,-3,-1,-30,-16,37236,102,27,65,0,0,0,0,0,0,0,0,-32310,0,0,0,0,0,44737,0
44397,136,8090,972,104,52,14,12723,5,4,-30,-16,37234,106,27,65,0,0,0,0,0,0,0,0,-32310,0,0,0,0,0,44743,0
44402,152,8074,952,110,57,14,12724,0,-6,-31,-16,37234,106,27,65,0,0,0,0,0,0,0,0,-32310,0,0,0,0,0,44748,0
44407,140,8076,956,113,55,17,12724,0,-2,-29,-8,37232,112,27,65,0,0,0,0,0,0,0,0,-32310,0,0,0,0,0,44754,0
44412,194,8048,960,117,59,14,12723,0,5,-31,-8,37232,112,27,65,0,0,0,0,0,0,0,0,-32310,0,0,0,0,0,44759,0
44417,176,7988,968,121,53,16,12724,2,0,-31,-8,37231,114,27,65,0,0,0,0,0,0,0,0,-32310,0,0,0,0,0,44765,0
44422,172,8040,968,121,60,15,12724,1,-2,-30,-16,37231,114,27,65,0,0,0,0,0,0,0,0,-32310,0,0,0,0,0,44770,0
44427,160,7996,978,116,57,16,12724,2,2,-31,-16,37236,118,27,65,0,0,0,0,0,0,0,0,-32311,0,0,0,0,0,44777,0
44432,140,7930,1000,121,52,22,12723,0,-1,-30,-16,37236,118,27,65,0,0,0,0,0,0,0,0,-32310,0,0,0,0,0,44782,0
44437,142,7948,1008,118,43,21,12725,0,-2,-30,0,37236,116,27,65,0,0,0,0,0,0,0,0,-32310,0,0,0,0,0,44788,0
44442,148,7938,1012,120,44,19,12724,2,-4,-33,-16,37236,116,27,65,0,0,0,0,0,0,0,0,-32310,0,0,0,0,0,44793,0
44447,148,7922,1010,115,40,21,12724,-2,3,-31,-16,37237,114,27,65,0,0,0,0,0,0,0,0,-32310,0,0,0,0,0,44799,0
44452,148,7946,1030,118,31,27,12724,1,-6,-30,-8,37237,114,27,65,0,0,0,0,0,0,0,0,-32310,0,0,0,0,0,44804,0
44457,168,7942,1024,112,28,23,12724,0,-2,-30,-16,37239,114,27,65,0,0,0,0,0,0,0,0,-32310,0,0,0,0,0,44810,0
44462,154,7914,1040,113,32,27,12723,-1,3,-30,-8,37239,114,27,65,0,0,0,0,0,0,0,0,-32311,0,0,0,0,0,44815,0
44467,174,7938,1034,115,31,27,12725,0,-1,-31,-16,37235,112,27,65,0,0,0,0,0,0,0,0,-32310,0,0,0,0,0,44821,0
44472,142,7922,1034,114,18,28,12724,-2,-2,-31,-16,37235,112,27,65,0,0,0,0,0,0,0,0,-32310,0,0,0,0,0,44826,0
44477,142,7942,1058,114,21,25,12724,7,2,-30,-16,37235,115,27,65,0,0,0,0,0,0,0,0,-32311,0,0,0,0,0,44832,0
44482,152,7934,1064,107,13,26,12724,0,-1,-30,-8,37235,115,27,65,0,0,0,0,0,0,0,0,-32311,0,0,0,0,0,44837,0
44487,158,7944,1060,108,14,27,12725,0,0,-31,-8,37233,115,27,65,0,0,0,0,0,0,0,0,-32310,0,0,0,0,0,44843,0
44492,176,7918,1064,110,7,28,12724,0,-1,-29,-8,37233,115,27,65,0,0,0,0,0,0,0,0,-32310,0,0,0,0,0,44848,0
44497,120,7932,1082,106,4,30,12724,2,3,-29,-16,37234,121,27,65,0,0,0,0,0,0,0,0,-32310,0,0,0,0,0,44854,0
44502,138,7922,1074,103,-4,37,12725,0,0,-31,-8,37234,121,27,65,0,0,0,0,0,0,0,0,-32310,0,0,0,0,0,44860,0
44507,124,7944,1092,101,-5,34,12725,5,5,-31,-8,37234,125,27,65,0,0,0,0,0,0,0,0,-32310,0,0,0,0,0,44865,0
44512,126,7962,1056,101,-19,34,12724,-2,-1,-31,-8,37234,125,27,65,0,0,0,0,0,0,0,0,-32310,0,0,0,0,0,44871,0
44517,112,7950,1050,95,-18,31,12723,-3,0,-30,-8,37231,118,27,65,0,0,0,0,0,0,0,0,-32310,0,0,0,0,0,44876,0
44522,126,7912,1066,100,-24,38,12723,-2,-1,-30,-8,37231,118,27,65,0,0,0,0,0,0,0,0,-32310,0,0,0,0,0,44882,0
44527,110,7936,1060,93,-25,38,12723,-3,0,-30,-16,37228,113,27,65,0,0,0,0,0,0,0,0,-32311,0,0,0,0,0,44888,0
44532,104,7982,1048,88,-31,40,12724,0,-2,-31,-8,37228,113,27,65,0,0,0,0,0,0,0,0,-32310,0,0,0,0,0,44893,0
44537,102,7956,1038,91,-32,45,12723,-2,-1,-29,-8,37234,107,27,65,0,0,0,0,0,0,0,0,-32310,0,0,0,0,0,44899,0
44542,104,7988,1046,93,-38,39,12724,-2,0,-31,-16,37234,107,27,65,0,0,0,0,0,0,0,0,-32310,0,0,0,0,0,44904,0
44547,90,7978,1078,90,-38,38,12722,-9,-5,-29,-16,37231,105,27,65,0,0,0,0,0,0,0,0,-32310,0,0,0,0,0,44910,0
44552,128,8038,1056,86,-42,46,12724,1,3,-30,-8,37231,105,27,65,0,0,0,0,0,0,0,0,-32310,0,0,0,0,0,44916,0
44557,88,8058,1064,82,-42,42,12723,0,-3,-29,-8,37232,105,27,65,0,0,0,0,0,0,0,0,-32310,0,0,0,0,0,44921,0
44562,100,8080,1046,86,-38,48,12724,0,1,-30,-16,37232,105,27,65,0,0,0,0,0,0,0,0,-32310,0,0,0,0,0,44927,0
44567,96,8098,1048,84,-47,48,12725,-2,4,-29,-16,37228,120,27,65,0,0,0,0,0,0,0,0,-32311,0,0,0,0,0,44932,0
44572,102,8112,1038,84,-46,55,12723,-3,-1,-31,-16,37228,120,27,65,0,0,0,0,0,0,0,0,-32310,0,0,0,0,0,44938,0
44577,86,8078,1032,82,-50,59,12724,0,1,-31,-16,37232,124,27,65,0,0,0,0,0,0,0,0,-32310,0,0,0,0,0,44943,0
44582,118,8088,1048,80,-41,59,12724,2,0,-32,-16,37232,124,27,65,0,0,0,0,0,0,0,0,-32310,0,0,0,0,0,44949,0
44587,126,8082,1044,79,-37,56,12724,-6,1,-30,-16,37234,127,27,65,0,0,0,0,0,0,0,0,-32310,0,0,0,0,0,44954,0
44592,112,8118,1046,77,-25,67,12724,6,0,-30,-8,37234,127,27,65,0,0,0,0,0,0,0,0,-32310,0,0,0,0,0,44960,0
44597,96,8154,1074,80,-30,62,12725,-5,0,-30,-16,37231,123,27,65,0,0,0,0,0,0,0,0,-32310,0,0,0,0,0,44965,0
44602,64,8182,1136,73,-21,61,12724,0,6,-30,-16,37231,123,27,65,0,0,0,0,0,0,0,0,-32310,0,0,0,0,0,44971,0
44607,-24,8218,1188,77,-12,51,12724,0,-2,-32,-16,37231,123,27,65,0,0,0,0,0,0,0,0,-32310,0,0,0,0,0,44976,0
44612,-84,8240,1232,65,0,51,12723,-3,-2,-30,-16,37231,123,27,65,0,0,0,0,0,0,0,0,-32310,0,0,0,0,0,44982,0
44617,-116,8270,1216,62,7,46,12724,-3,1,-29,-8,37232,124,27,65,0,0,0,0,0,0,0,0,-32310,0,0,0,0,0,44987,0
44622,-106,8288,1192,54,8,47,12724,0,0,-31,-16,37232,124,27,65,0,0,0,0,0,0,0,0,-32310,0,0,0,0,0,44993,0
44627,-100,8324,1224,51,15,38,12724,-4,3,-30,-16,37233,125,27,65,0,0,0,0,0,0,0,0,-32310,0,0,0,0,0,44998,0
44632,-110,8296,1206,43,25,27,12725,5,-1,-31,-16,37233,125,27,65,0,0,0,0,0,0,0,0,-32310,0,0,0,0,0,45004,0
44637,-100,8268,1214,42,31,24,12724,0,-2,-29,-16,37235,112,27,65,0,0,0,0,0,0,0,0,-32310,0,0,0,0,0,45009,0
44642,-96,8234,1208,40,38,26,12724,0,1,-29,-16,37235,112,27,65,0,0,0,0,0,0,0,0,-32310,0,0,0,0,0,45015,0
44647,-84,8184,1186,37,45,17,12724,2,-3,-28,-16,37238,117,27,65,0,0,0,0,0,0,0,0,-32310,0,0,0,0,0,45020,0
44652,-20,8162,1140,38,50,17,12724,1,2,-28,-8,37238,117,27,65,0,0,0,0,0,0,0,0,-32310,0,0,0,0,0,45026,0
44657,-2,8158,1144,40,58,18,12724,0,2,-29,-16,37236,115,27,65,0,0,0,0,0,0,0,0,-32311,0,0,0,0,0,45032,0
44662,0,8138,1136,40,58,14,12724,2,-2,-30,-8,37236,115,27,65,0,0,0,0,0,0,0,0,-32310,0,0,0,0,0,45037,0
44667,64,8110,1104,46,58,22,12725,2,5,-31,-8,37235,115,27,65,0,0,0,0,0,0,0,0,-32310,0,0,0,0,0,45043,0
44672,90,8036,1058,55,59,20,12725,2,0,-31,-16,37235,115,27,65,0,0,0,0,0,0,0,0,-32310,0,0,0,0,0,45048,0
44677,46,8040,1024,60,52,31,12724,1,0,-32,-8,37230,112,27,65,0,0,0,0,0,0,0,0,-32310,0,0,0,0,0,45053,0
44682,34,7976,1002,67,56,20,12724,-2,0,-31,-8,37230,112,27,65,0,0,0,0,0,0,0,0,-32310,0,0,0,0,0,45059,0
44687,50,8006,994,72,60,28,12723,-5,-2,-30,-8,37230,110,27,65,0,0,0,0,0,0,0,0,-32310,0,0,0,0,0,45065,0
44692,2,7940,944,83,49,31,12724,0,-1,-31,-8,37230,110,27,65,0,0,0,0,0,0,0,0,-32310,0,0,0,0,0,45071,0
44697,-6,7934,934,84,54,36,12724,0,1,-30,-16,37230,113,27,65,0,0,0,0,0,0,0,0,-32310,0,0,0,0,0,45076,0
44702,-4,7950,954,98,52,43,12725,-2,1,-30,-16,37230,113,27,65,0,0,0,0,0,0,0,0,-32310,0,0,0,0,0,45081,0
44707,-2,7976,964,89,49,40,12724,3,-1,-29,-8,37230,111,27,65,0,0,0,0,0,0,0,0,-32310,0,0,0,0,0,45087,0
44712,-6,7978,1000,103,43,39,12723,-7,-4,-30,-8,37230,111,27,65,0,0,0,0,0,0,0,0,-32310,0,0,0,0,0,45092,0
44717,-44,7996,998,103,40,41,12724,-7,2,-29,-8,37233,109,27,65,0,0,0,0,0,0,0,0,-32310,0,0,0,0,0,45098,0
44722,-30,7996,1010,97,36,40,12724,0,-1,-29,-8,37233,109,27,65,0,0,0,0,0,0,0,0,-32310,0,0,0,0,0,45103,0
44727,-20,8016,1044,102,34,40,12724,-3,0,-31,-16,37232,107,27,65,0,0,0,0,0,0,0,0,-32310,0,0,0,0,0,45109,0
44732,-44,8084,1086,101,25,46,12724,-1,-3,-32,-16,37232,107,27,65,0,0,0,0,0,0,0,0,-32310,0,0,0,0,0,45114,0
44737,-44,8100,1084,94,27,42,12724,1,0,-31,-8,37233,110,27,65,0,0,0,0,0,0,0,0,-32310,0,0,0,0,0,45120,0
44742,-10,8118,1082,92,19,41,12724,-1,4,-30,-8,37233,110,27,65,0,0,0,0,0,0,0,0,-32310,0,0,0,0,0,45125,0
44747,-80,8114,1102,90,23,40,12723,-4,-6,-29,-16,37235,121,27,65,0,0,0,0,0,0,0,0,-32310,0,0,0,0,0,45131,0
44752,-60,8128,1112,85,20,36,12725,11,4,-27,-8,37235,121,27,65,0,0,0,0,0,0,0,0,-32310,0,0,0,0,0,45137,0
44757,-42,8134,1136,84,13,35,12724,3,-2,-32,-8,37239,126,27,65,0,0,0,0,0,0,0,0,-32310,0,0,0,0,0,45142,0
44762,-44,8132,1088,77,13,38,12724,0,4,-31,-8,37239,126,27,65,0,0,0,0,0,0,0,0,-32310,0,0,0,0,0,45147,0
44767,-66,8126,1126,77,12,33,12723,4,-2,-30,-16,37239,126,27,65,0,0,0,0,0,0,0,0,-32310,0,0,0,0,0,45153,0
44772,-66,8106,1114,75,12,29,12724,1,0,-30,-16,37239,126,27,65,0,0,0,0,0,0,0,0,-32310,0,0,0,0,0,45158,0
44777,-100,8064,1090,70,7,23,12725,9,2,-30,-16,37238,123,27,65,0,0,0,0,0,0,0,0,-32310,0,0,0,0,0,45164,0
44782,-128,8040,1112,76,12,20,12724,2,-1,-31,-16,37238,123,27,65,0,0,0,0,0,0,0,0,-32310,0,0,0,0,0,45170,0
44787,-136,8054,1096,66,12,17,12724,0,1,-31,-8,37235,124,27,65,0,0,0,0,0,0,0,0,-32310,0,0,0,0,0,45175,0
44792,-150,7996,1076,68,5,0,12723,-6,-1,-31,-8,37235,124,27,65,0,0,0,0,0,0,0,0,-32310,0,0,0,0,0,45181,0
44797,-176,7990,1066,67,7,-8,12724,-2,-1,-32,-16,37235,126,27,65,0,0,0,0,0,0,0,0,-32310,0,0,0,0,0,45186,0
44802,-182,7990,1052,66,7,-11,12725,0,1,-31,-8,37235,126,27,65,0,0,0,0,0,0,0,0,-32310,0,0,0,0,0,45192,0
44807,-182,7994,1054,68,3,-18,12722,-11,3,-30,-8,37236,126,27,65,0,0,0,0,0,0,0,0,-32310,0,0,0,0,0,45197,0
44812,-160,7990,1046,72,10,-31,12725,-1,-1,-30,-8,37236,126,27,65,0,0,0,0,0,0,0,0,-32311,0,0,0,0,0,45203,0
44817,-176,7974,1034,71,12,-43,12724,1,0,-30,-8,37235,125,27,65,0,0,0,0,0,0,0,0,-32310,0,0,0,0,0,45208,0
44822,-174,7988,1040,70,15,-42,12725,3,5,-29,-16,37235,125,27,65,0,0,0,0,0,0,0,0,-32310,0,0,0,0,0,45214,0
44827,-150,7996,1030,72,21,-47,12724,0,0,-31,-8,37232,122,27,65,0,0,0,0,0,0,0,0,-32311,0,0,0,0,0,45219,0
44832,-138,7980,1050,76,30,-61,12724,-3,-1,-31,-8,37232,122,27,65,0,0,0,0,0,0,0,0,-32310,0,0,0,0,0,45225,0
44837,-126,7986,1018,75,35,-67,12724,5,3,-29,-16,37231,122,27,65,0,0,0,0,0,0,0,0,-32311,0,0,0,0,0,45231,0
44842,-124,7990,1008,79,38,-66,12724,2,1,-30,-8,37231,122,27,65,0,0,0,0,0,0,0,0,-32310,0,0,0,0,0,45236,0
44847,-104,8046,1012,75,44,-72,12724,1,1,-31,-8,37235,118,27,65,0,0,0,0,0,0,0,0,-32310,0,0,0,0,0,45242,0
44852,-88,8042,980,83,57,-80,12724,1,-2,-28,-8,37235,118,27,65,0,0,0,0,0,0,0,0,-32310,0,0,0,0,0,45247,0
44857,-70,8036,984,83,64,-82,12725,10,2,-28,-8,37235,115,27,65,0,0,0,0,0,0,0,0,-32310,0,0,0,0,0,45253,0
44862,-58,8060,976,84,69,-79,12724,0,-2,-30,-16,37235,115,27,65,0,0,0,0,0,0,0,0,-32310,0,0,0,0,0,45259,0
44867,-60,8076,980,92,72,-85,12724,-4,0,-27,-16,37236,119,27,65,0,0,0,0,0,0,0,0,-32310,0,0,0,0,0,45264,0
44872,-42,8112,948,101,87,-84,12724,-8,-4,-31,-8,37236,119,27,65,0,0,0,0,0,0,0,0,-32310,0,0,0,0,0,45270,0
44877,-58,8132,928,103,96,-89,12724,0,-3,-30,-16,37239,113,27,65,0,0,0,0,0,0,0,0,-32310,0,0,0,0,0,45275,0
44882,-30,8138,920,105,104,-90,12725,3,-1,-30,-16,37239,113,27,65,0,0,0,0,0,0,0,0,-32310,0,0,0,0,0,45280,0
44887,-58,8138,928,103,111,-87,12724,-1,-2,-30,-8,37237,113,27,65,0,0,0,0,0,0,0,0,-32310,0,0,0,0,0,45286,0
44892,-40,8174,914,114,134,-90,12725,1,1,-32,-8,37237,113,27,65,0,0,0,0,0,0,0,0,-32310,0,0,0,0,0,45291,0
44897,-36,8168,918,121,143,-85,12724,-3,-2,-30,-16,37235,106,27,65,0,0,0,0,0,0,0,0,-32310,0,0,0,0,0,45297,0
44902,-42,8164,912,126,161,-93,12725,3,-1,-30,-8,37235,106,27,65,0,0,0,0,0,0,0,0,-32310,0,0,0,0,0,45303,0
44907,-82,8182,876,123,170,-95,12723,-3,0,-31,-8,37232,107,27,65,0,0,0,0,0,0,0,0,-32310,0,0,0,0,0,45308,0
44912,-82,8188,864,136,188,-97,12724,-4,-1,-31,-8,37232,107,27,65,0,0,0,0,0,0,0,0,-32310,0,0,0,0,0,45314,0
44917,-102,8180,870,142,203,-107,12724,3,-4,-29,-16,37231,115,27,65,0,0,0,0,0,0,0,0,-32310,0,0,0,0,0,45319,0
44922,-122,8190,850,152,216,-112,12724,5,5,-29,-16,37231,115,27,65,0,0,0,0,0,0,0,0,-32310,0,0,0,0,0,45325,0
44927,-174,8170,820,150,222,-117,12724,1,0,-30,-8,37228,119,27,65,0,0,0,0,0,0,0,0,-32310,0,0,0,0,0,45330,0
44932,-168,8180,828,163,254,-130,12724,0,-1,-31,-16,37228,119,27,65,0,0,0,0,0,0,0,0,-32310,0,0,0,0,0,45336,0
44937,-148,8164,826,168,264,-137,12724,-1,5,-32,-16,37231,115,27,65,0,0,0,0,0,0,0,0,-32310,0,0,0,0,0,45341,0
44942,-178,8132,822,175,278,-147,12724,0,-4,-31,-8,37231,115,27,65,0,0,0,0,0,0,0,0,-32310,0,0,0,0,0,45347,0
44947,-148,8130,824,179,284,-153,12724,5,-4,-30,0,37229,117,27,65,0,0,0,0,0,0,0,0,-32310,0,0,0,0,0,45353,0
44952,-148,8052,818,196,314,-167,12724,1,-2,-28,-8,37229,117,27,65,0,0,0,0,0,0,0,0,-32310,0,0,0,0,0,45358,0
44957,-138,8054,810,201,331,-174,12724,-5,3,-29,-16,37232,117,27,65,0,0,0,0,0,0,0,0,-32310,0,0,0,0,0,45364,0
44962,-160,8024,794,212,346,-179,12725,4,-2,-29,-16,37232,117,27,65,0,0,0,0,0,0,0,0,-32310,0,0,0,0,0,45369,0
44967,-130,8048,814,216,363,-193,12723,1,0,-29,-8,37233,124,27,65,0,0,0,0,0,0,0,0,-32310,0,0,0,0,0,45375,0
44972,-130,7966,808,224,387,-204,12723,-3,-2,-30,-16,37233,124,27,65,0,0,0,0,0,0,0,0,-32310,0,0,0,0,0,45380,0
44977,-126,7954,790,232,404,-204,12723,-3,-5,-29,-16,37231,119,27,65,0,0,0,0,0,0,0,0,-32310,0,0,0,0,0,45386,0
44982,-98,7946,810,238,413,-213,12723,-3,6,-30,-16,37231,119,27,65,0,0,0,0,0,0,0,0,-32310,0,0,0,0,0,45392,0
44987,-122,7928,838,242,430,-218,12724,-3,2,-30,-16,37228,121,27,65,0,0,0,0,0,0,0,0,-32310,0,0,0,0,0,45397,0
44992,-92,7910,818,256,457,-230,12723,-5,1,-30,-8,37228,121,27,65,0,0,0,0,0,0,0,0,-32310,0,0,0,0,0,45403,0
44997,-110,7878,816,259,470,-230,12724,-3,3,-30,-16,37228,112,27,65,0,0,0,0,0,0,0,0,-32310,0,0,0,0,0,45408,0
45002,-144,7860,818,264,477,-231,12725,2,0,-31,-8,37228,112,27,65,0,0,0,0,0,0,0,0,-32310,0,0,0,0,0,45414,0
45007,-110,7836,858,273,497,-232,12723,0,1,-30,-16,37230,106,27,65,0,0,0,0,0,0,0,0,-32311,0,0,0,0,0,45419,0
45012,-96,7828,838,276,512,-238,12724,-1,-3,-29,-8,37230,106,27,65,0,0,0,0,0,0,0,0,-32310,0,0,0,0,0,45425,0
45017,-108,7816,858,280,514,-237,12723,-3,-4,-29,-16,37227,107,27,65,0,0,0,0,0,0,0,0,-32310,0,0,0,0,0,45431,0
45022,-128,7808,860,281,529,-237,12725,1,4,-30,-16,37227,107,27,65,0,0,0,0,0,0,0,0,-32310,0,0,0,0,0,45436,0
45027,-132,7796,832,290,535,-239,12724,-1,-3,-30,-8,37224,111,27,65,0,0,0,0,0,0,0,0,-32310,0,0,0,0,0,45442,0
45032,-134,7808,852,293,541,-238,12723,-7,0,-31,-8,37224,111,27,65,0,0,0,0,0,0,0,0,-32310,0,0,0,0,0,45447,0
45037,-120,7804,844,290,540,-235,12725,6,-3,-28,-16,37223,111,27,65,0,0,0,0,0,0,0,0,-32310,0,0,0,0,0,45453,0
45042,-130,7788,844,301,545,-238,12723,-4,0,-29,-8,37223,111,27,65,0,0,0,0,0,0,0,0,-32310,0,0,0,0,0,45459,0
45047,-134,7756,876,303,550,-234,12723,-7,2,-29,-8,37227,115,27,65,0,0,0,0,0,0,0,0,-32310,0,0,0,0,0,45464,0
45052,-160,7788,870,306,550,-235,12725,5,-1,-30,-8,37227,115,27,65,0,0,0,0,0,0,0,0,-32310,0,0,0,0,0,45470,0
45057,-220,7800,842,305,543,-234,12725,9,2,-30,-8,37234,120,27,65,0,0,0,0,0,0,0,0,-32310,0,0,0,0,0,45475,0
45062,-144,8000,920,309,538,-224,12724,5,0,-29,-8,37234,120,27,65,0,0,0,0,0,0,0,0,-32310,0,0,0,0,0,45481,0
45067,-110,8080,1026,298,541,-221,12723,-5,-3,-28,-8,37234,120,27,65,0,0,0,0,0,0,0,0,-32310,0,0,0,0,0,45486,0
45072,94,8240,1206,289,537,-203,12723,-4,0,-30,-16,37234,120,27,65,0,0,0,0,0,0,0,0,-32310,0,0,0,0,0,45492,0
45077,116,8336,1320,277,532,-193,12724,0,1,-30,-8,37231,123,27,65,0,0,0,0,0,0,0,0,-32310,0,0,0,0,0,45498,0
45082,144,8342,1418,265,522,-189,12724,5,-3,-31,-8,37231,123,27,65,0,0,0,0,0,0,0,0,-32311,0,0,0,0,0,45503,0
45087,200,8424,1446,253,521,-163,12723,-7,-4,-31,-8,37229,120,27,65,0,0,0,0,0,0,0,0,-32310,0,0,0,0,0,45509,0
45092,266,8478,1548,216,511,-143,12724,-1,-2,-31,-16,37229,120,27,65,0,0,0,0,0,0,0,0,-32310,0,0,0,0,0,45514,0
45097,320,8466,1534,199,502,-123,12723,-3,2,-31,-16,37230,117,27,65,0,0,0,0,0,0,0,0,-32310,0,0,0,0,0,45519,0
45102,272,8444,1540,186,493,-114,12724,0,3,-30,-8,37230,117,27,65,0,0,0,0,0,0,0,0,-32310,0,0,0,0,0,45525,0
45107,286,8488,1532,171,483,-100,12723,-8,-1,-30,-8,37231,117,27,65,0,0,0,0,0,0,0,0,-32310,0,0,0,0,0,45530,0
45112,196,8394,1478,148,463,-78,12723,-2,1,-30,-16,37231,117,27,65,0,0,0,0,0,0,0,0,-32310,0,0,0,0,0,45536,0
45117,144,8372,1482,137,450,-71,12724,-5,-3,-30,-16,37230,118,27,65,0,0,0,0,0,0,0,0,-32310,0,0,0,0,0,45541,0
45122,88,8292,1400,134,441,-60,12724,5,2,-30,-8,37230,118,27,65,0,0,0,0,0,0,0,0,-32310,0,0,0,0,0,45547,0
45127,14,8246,1336,125,426,-52,12723,6,5,-30,-16,37230,117,27,65,0,0,0,0,0,0,0,0,-32310,0,0,0,0,0,45553,0
45132,-190,8140,1212,125,400,-53,12724,-2,0,-32,-8,37230,117,27,65,0,0,0,0,0,0,0,0,-32310,0,0,0,0,0,45558,0
45137,-298,8048,1134,122,389,-54,12725,0,-2,-30,-8,37234,119,27,65,0,0,0,0,0,0,0,0,-32310,0,0,0,0,0,45564,0
45142,-392,8022,1102,136,373,-59,12724,9,8,-30,-8,37234,119,27,65,0,0,0,0,0,0,0,0,-32310,0,0,0,0,0,45569,0
45147,-470,7962,1068,139,359,-63,12724,0,-4,-30,-16,37237,118,27,65,0,0,0,0,0,0,0,0,-32310,0,0,0,0,0,45575,0
45152,-642,7876,1012,153,327,-75,12724,-1,-4,-28,-8,37237,118,27,65,0,0,0,0,0,0,0,0,-32310,0,0,0,0,0,45580,0
45157,-704,7870,1004,166,306,-88,12724,6,3,-31,-8,37239,110,27,65,0,0,0,0,0,0,0,0,-32310,0,0,0,0,0,45586,0
45162,-748,7842,992,170,295,-93,12723,-7,2,-30,-8,37239,110,27,65,0,0,0,0,0,0,0,0,-32310,0,0,0,0,0,45592,0
45167,-696,7834,976,179,277,-113,12723,-1,0,-30,-16,37236,102,27,65,0,0,0,0,0,0,0,0,-32310,0,0,0,0,0,45597,0
45172,-718,7864,1038,196,257,-135,12723,-7,1,-30,-16,37236,102,27,65,0,0,0,0,0,0,0,0,-32310,0,0,0,0,0,45603,0
45177,-744,7908,1014,197,244,-144,12723,-1,1,-31,-16,37233,99,27,65,0,0,0,0,0,0,0,0,-32310,0,0,0,0,0,45608,0
45182,-738,7932,968,194,224,-155,12723,-4,0,-29,-16,37233,99,27,65,0,0,0,0,0,0,0,0,-32310,0,0,0,0,0,45614,0
45187,-702,7942,1020,196,205,-159,12724,0,1,-30,-8,37230,107,27,65,0,0,0,0,0,0,0,0,-32310,0,0,0,0,0,45619,0
45192,-530,8034,1074,195,160,-163,12723,0,3,-31,-16,37230,107,27,65,0,0,0,0,0,0,0,0,-32310,0,0,0,0,0,45625,0
45197,-478,8048,1108,203,147,-176,12723,0,5,-30,-8,37229,110,27,65,0,0,0,0,0,0,0,0,-32310,0,0,0,0,0,45630,0
45202,-386,8084,1118,194,136,-165,12724,0,0,-29,-16,37229,110,27,65,0,0,0,0,0,0,0,0,-32310,0,0,0,0,0,45636,0
45207,-276,8136,1124,194,123,-165,12723,-6,2,-31,-8,37230,113,27,65,0,0,0,0,0,0,0,0,-32310,0,0,0,0,0,45641,0
45212,-132,8222,1150,185,112,-152,12723,-6,2,-30,-16,37230,113,27,65,0,0,0,0,0,0,0,0,-32310,0,0,0,0,0,45647,0
45217,-96,8180,1154,185,106,-155,12725,5,-3,-29,-8,37230,112,27,65,0,0,0,0,0,0,0,0,-32310,0,0,0,0,0,45652,0
45222,-52,8158,1150,171,103,-147,12724,1,3,-30,-8,37230,112,27,65,0,0,0,0,0,0,0,0,-32310,0,0,0,0,0,45658,0
45227,18,8220,1118,174,99,-140,12724,0,1,-30,-8,37230,112,27,65,0,0,0,0,0,0,0,0,-32310,0,0,0,0,0,45663,0
45232,6,8114,1106,174,105,-120,12724,1,-4,-31,-8,37230,112,27,65,0,0,0,0,0,0,0,0,-32310,0,0,0,0,0,45669,0
45237,48,8108,1108,159,100,-105,12723,-4,1,-30,-8,37231,112,27,65,0,0,0,0,0,0,0,0,-32310,0,0,0,0,0,45674,0
45242,90,8046,1052,165,109,-96,12723,1,-2,-30,-8,37231,112,27,65,0,0,0,0,0,0,0,0,-32310,0,0,0,0,0,45680,0
45247,86,8032,1042,151,110,-96,12724,0,-1,-29,-16,37229,119,27,65,0,0,0,0,0,0,0,0,-32310,0,0,0,0,0,45686,0
45252,42,7976,974,145,116,-77,12723,-3,3,-30,-16,37229,119,27,65,0,0,0,0,0,0,0,0,-32310,0,0,0,0,0,45691,0
45257,-2,7986,958,146,109,-64,12726,10,2,-32,-8,37236,112,27,65,0,0,0,0,0,0,0,0,-32310,0,0,0,0,0,45697,0
45262,8,7918,904,140,116,-57,12722,-7,-1,-31,-16,37236,112,27,65,0,0,0,0,0,0,0,0,-32310,0,0,0,0,0,45702,0
45267,24,7910,904,138,116,-50,12724,-6,0,-29,-16,37237,115,27,65,0,0,0,0,0,0,0,0,-32310,0,0,0,0,0,45708,0
45272,-10,7940,832,140,111,-42,12724,-3,-6,-32,-8,37237,115,27,65,0,0,0,0,0,0,0,0,-32310,0,0,0,0,0,45713,0
45277,16,7924,824,129,111,-35,12724,4,5,-30,-16,37238,119,27,65,0,0,0,0,0,0,0,0,-32310,0,0,0,0,0,45718,0
45282,112,7990,826,126,106,-22,12723,0,-1,-32,-8,37238,119,27,65,0,0,0,0,0,0,0,0,-32310,0,0,0,0,0,45724,0
45287,122,8032,794,126,104,-12,12724,0,0,-33,-8,37231,125,27,65,0,0,0,0,0,0,0,0,-32310,0,0,0,0,0,45730,0
45292,156,8042,792,129,98,-1,12725,0,3,-30,-16,37231,125,27,65,0,0,0,0,0,0,0,0,-32310,0,0,0,0,0,45735,0
45297,168,8080,766,129,89,4,12724,0,3,-30,-16,37230,117,27,65,0,0,0,0,0,0,0,0,-32310,0,0,0,0,0,45741,0
45302,184,8084,734,128,90,15,12724,1,-3,-29,-8,37230,117,27,65,0,0,0,0,0,0,0,0,-32310,0,0,0,0,0,45746,0
45307,194,8114,744,125,86,24,12723,1,-4,-31,-8,37232,114,27,65,0,0,0,0,0,0,0,0,-32310,0,0,0,0,0,45752,0
45312,164,8150,720,120,68,28,12725,0,-2,-31,-8,37232,114,27,65,0,0,0,0,0,0,0,0,-32310,0,0,0,0,0,45757,0
45317,8,8124,712,129,65,19,12723,0,3,-29,-8,37240,123,27,65,0,0,0,0,0,0,0,0,-32310,0,0,0,0,0,45763,0
45322,-140,8138,720,128,55,11,12723,-5,3,-29,-16,37240,123,27,65,0,0,0,0,0,0,0,0,-32310,0,0,0,0,0,45768,0
45327,-300,8128,768,125,58,10,12724,8,-1,-31,-16,37245,132,27,65,0,0,0,0,0,0,0,0,-32310,0,0,0,0,0,45774,0
45332,-438,8092,808,121,45,-2,12724,0,0,-31,-16,37245,132,27,65,0,0,0,0,0,0,0,0,-32310,0,0,0,0,0,45780,0
45337,-414,8100,832,123,42,-6,12724,-1,2,-30,-16,37241,125,27,65,0,0,0,0,0,0,0,0,-32310,0,0,0,0,0,45785,0
45342,-354,8164,826,116,38,-7,12724,0,1,-31,-8,37241,125,27,65,0,0,0,0,0,0,0,0,-32310,0,0,0,0,0,45791,0
45347,-242,8186,812,112,33,-10,12723,2,3,-31,-16,37238,118,27,65,0,0,0,0,0,0,0,0,-32310,0,0,0,0,0,45796,0
45352,-122,8228,786,112,26,-23,12723,-5,-1,-29,-24,37238,118,27,65,0,0,0,0,0,0,0,0,-32310,0,0,0,0,0,45802,0
45357,-98,8204,758,117,27,-27,12724,1,0,-31,-8,37233,112,27,65,0,0,0,0,0,0,0,0,-32310,0,0,0,0,0,45807,0
45362,-134,8162,732,113,25,-30,12723,0,6,-31,-16,37233,112,27,65,0,0,0,0,0,0,0,0,-32310,0,0,0,0,0,45812,0
45367,-172,8196,754,117,22,-31,12724,0,5,-29,-8,37233,115,27,65,0,0,0,0,0,0,0,0,-32310,0,0,0,0,0,45818,0
45372,-418,8090,738,116,24,-41,12723,0,-1,-31,-8,37233,115,27,65,0,0,0,0,0,0,0,0,-32310,0,0,0,0,0,45824,0
45377,-364,8130,838,107,19,-37,12723,-3,3,-31,-16,37230,120,27,65,0,0,0,0,0,0,0,0,-32310,0,0,0,0,0,45829,0
45382,-438,8056,732,118,24,-42,12724,1,1,-30,-8,37230,120,27,65,0,0,0,0,0,0,0,0,-32310,0,0,0,0,0,45835,0
45387,-398,8094,848,110,18,-39,12723,-3,1,-32,-8,37231,124,27,65,0,0,0,0,0,0,0,0,-32310,0,0,0,0,0,45840,0
45392,-486,8080,836,106,12,-42,12725,0,2,-32,-16,37231,124,27,65,0,0,0,0,0,0,0,0,-32310,0,0,0,0,0,45846,0
45397,-342,8152,862,105,12,-37,12724,4,1,-30,-8,37231,124,27,65,0,0,0,0,0,0,0,0,-32310,0,0,0,0,0,45851,0
45402,-410,8014,716,108,5,-40,12723,0,2,-30,-8,37231,124,27,65,0,0,0,0,0,0,0,0,-32309,0,0,0,0,0,45857,0
45407,-376,8092,802,103,1,-40,12725,0,-4,-30,-16,37236,122,27,65,0,0,0,0,0,0,0,0,-32310,0,0,0,0,0,45862,0
45412,-404,8002,712,112,-1,-42,12724,2,0,-30,-16,37236,122,27,65,0,0,0,0,0,0,0,0,-32310,0,0,0,0,0,45867,0
45417,-404,8082,818,102,9,-38,12724,0,0,-29,-8,37237,126,27,65,0,0,0,0,0,0,0,0,-32309,0,0,0,0,0,45873,0
45422,-422,8154,768,101,1,-28,12723,1,-3,-31,-8,37237,126,27,65,0,0,0,0,0,0,0,0,-32310,0,0,0,0,0,45878,0
45427,-520,8034,780,99,-3,-34,12724,-3,-4,-30,-16,37236,117,27,65,0,0,0,0,0,0,0,0,-32310,0,0,0,0,0,45885,0
45432,-472,8078,802,102,0,-28,12723,1,0,-32,-16,37236,117,27,65,0,0,0,0,0,0,0,0,-32311,0,0,0,0,0,45891,0
45437,-574,8028,854,103,2,-35,12723,-1,5,-29,-8,37234,114,27,65,0,0,0,0,0,0,0,0,-32310,0,0,0,0,0,45896,0
45442,-414,8170,916,99,-5,-20,12724,5,0,-31,-8,37234,114,27,65,0,0,0,0,0,0,0,0,-32310,0,0,0,0,0,45902,0
45447,-448,8052,796,108,-4,-23,12724,4,-1,-30,-16,37234,107,28,65,0,0,0,0,0,0,0,0,-32310,0,0,0,0,0,45907,0
45452,-324,8154,882,103,3,-13,12723,-2,2,-30,-8,37234,107,28,65,0,0,0,0,0,0,0,0,-32310,0,0,0,0,0,45913,0
45457,-416,7996,774,110,-3,-18,12725,5,-1,-31,-8,37234,109,27,65,0,0,0,0,0,0,0,0,-32310,0,0,0,0,0,45918,0
45462,-462,8010,828,112,3,-25,12724,0,-1,-30,-8,37234,109,27,65,0,0,0,0,0,0,0,0,-32310,0,0,0,0,0,45924,0
45467,-310,8114,894,107,6,-15,12724,-3,-1,-28,-16,37241,117,27,65,0,0,0,0,0,0,0,0,-32310,0,0,0,0,0,45929,0
45472,-432,7980,812,111,11,-19,12724,0,-7,-30,-8,37241,117,27,65,0,0,0,0,0,0,0,0,-32311,0,0,0,0,0,45935,0
45477,-362,8088,878,109,15,-19,12724,4,-1,-29,-8,37240,120,27,65,0,0,0,0,0,0,0,0,-32310,0,0,0,0,0,45941,0
45482,-278,8174,854,108,20,-11,12723,-2,-1,-29,-8,37240,120,27,65,0,0,0,0,0,0,0,0,-32310,0,0,0,0,0,45946,0
45487,-366,8084,790,118,23,-16,12723,0,-2,-30,-8,37241,118,27,65,0,0,0,0,0,0,0,0,-32310,0,0,0,0,0,45951,0
45492,-322,8144,870,112,36,-17,12724,0,1,-31,-16,37241,118,27,65,0,0,0,0,0,0,0,0,-32310,0,0,0,0,0,45957,0
45497,-296,8164,828,119,36,-10,12723,-2,1,-29,-16,37233,114,27,65,0,0,0,0,0,0,0,0,-32310,0,0,0,0,0,45962,0
45502,-412,8034,764,118,43,-17,12725,2,2,-31,-8,37233,114,27,65,0,0,0,0,0,0,0,0,-32310,0,0,0,0,0,45968,0
45507,-354,8136,868,109,42,-14,12724,-1,-1,-30,-8,37233,115,27,65,0,0,0,0,0,0,0,0,-32310,0,0,0,0,0,45974,0
45512,-420,8052,722,121,46,-18,12724,6,2,-30,-8,37233,115,27,65,0,0,0,0,0,0,0,0,-32310,0,0,0,0,0,45979,0
45517,-338,8146,864,119,53,-16,12723,-3,-6,-29,-16,37229,112,27,65,0,0,0,0,0,0,0,0,-32310,0,0,0,0,0,45985,0
45522,-362,8078,730,121,47,-15,12723,-3,1,-30,-16,37229,112,27,65,0,0,0,0,0,0,0,0,-32310,0,0,0,0,0,45990,0
45527,-452,8044,804,122,49,-23,12725,2,1,-29,-16,37227,109,27,65,0,0,0,0,0,0,0,0,-32310,0,0,0,0,0,45996,0
45532,-434,7958,720,121,52,-22,12725,1,0,-30,-16,37227,109,27,65,0,0,0,0,0,0,0,0,-32310,0,0,0,0,0,46001,0
45537,-358,8096,842,117,50,-17,12724,0,-2,-32,-8,37227,108,27,65,0,0,0,0,0,0,0,0,-32310,0,0,0,0,0,46008,0
45542,-396,8130,778,112,42,-9,12724,0,-1,-31,-16,37227,108,27,65,0,0,0,0,0,0,0,0,-32310,0,0,0,0,0,46013,0
45547,-458,7994,728,122,45,-18,12724,2,-1,-30,-16,37227,115,27,65,0,0,0,0,0,0,0,0,-32310,0,0,0,0,0,46018,0
45552,-362,8068,716,114,47,-12,12724,0,2,-29,-8,37227,115,27,65,0,0,0,0,0,0,0,0,-32310,0,0,0,0,0,46024,0
45557,-378,7980,686,111,47,-22,12725,3,3,-31,-8,37225,111,27,65,0,0,0,0,0,0,0,0,-32310,0,0,0,0,0,46029,0
45562,-408,8082,808,110,57,-14,12723,-6,-1,-30,-8,37225,111,27,65,0,0,0,0,0,0,0,0,-32310,0,0,0,0,0,46035,0
45567,-290,8182,800,111,56,-16,12724,-3,1,-30,-8,37226,116,27,65,0,0,0,0,0,0,0,0,-32310,0,0,0,0,0,46040,0
45572,-412,8050,716,114,56,-19,12723,-4,-3,-30,-16,37226,116,27,65,0,0,0,0,0,0,0,0,-32310,0,0,0,0,0,46046,0
45577,-302,8168,794,110,60,-16,12723,-7,-6,-29,-16,37229,120,27,65,0,0,0,0,0,0,0,0,-32310,0,0,0,0,0,46051,0
45582,-324,8138,716,113,64,-21,12724,-1,1,-30,-16,37229,120,27,65,0,0,0,0,0,0,0,0,-32310,0,0,0,0,0,46057,0
45587,-414,8064,692,111,62,-23,12723,0,0,-31,-8,37230,122,27,65,0,0,0,0,0,0,0,0,-32309,0,0,0,0,0,46063,0
45592,-348,8120,684,112,69,-22,12724,-5,-2,-30,-16,37230,122,27,65,0,0,0,0,0,0,0,0,-32310,0,0,0,0,0,46068,0
45597,-440,8068,722,103,72,-25,12724,2,5,-29,-8,37227,122,27,65,0,0,0,0,0,0,0,0,-32310,0,0,0,0,0,46074,0
45602,-326,8238,762,105,80,-24,12724,-1,-1,-30,-8,37227,122,27,65,0,0,0,0,0,0,0,0,-32310,0,0,0,0,0,46079,0
45607,-440,8068,622,112,81,-32,12724,0,3,-31,-8,37230,121,27,65,0,0,0,0,0,0,0,0,-32310,0,0,0,0,0,46085,0
45612,-372,8096,600,111,74,-32,12723,0,-4,-31,-8,37230,121,27,65,0,0,0,0,0,0,0,0,-32310,0,0,0,0,0,46090,0
45617,-386,8092,700,99,80,-30,12724,-3,1,-30,-8,37231,117,27,65,0,0,0,0,0,0,0,0,-32310,0,0,0,0,0,46096,0
45622,-426,8038,614,103,70,-30,12724,2,5,-29,-8,37231,117,27,65,0,0,0,0,0,0,0,0,-32310,0,0,0,0,0,46101,0
45627,-390,8084,658,101,74,-33,12724,-2,0,-30,-16,37231,120,27,65,0,0,0,0,0,0,0,0,-32310,0,0,0,0,0,46107,0
45632,-408,8166,698,96,62,-32,12724,2,-1,-29,-16,37231,120,27,65,0,0,0,0,0,0,0,0,-32310,0,0,0,0,0,46112,0
45637,-354,8098,780,91,65,-43,12725,0,0,-29,-8,37229,121,27,65,0,0,0,0,0,0,0,0,-32310,0,0,0,0,0,46118,0
45642,-390,8182,738,88,58,-36,12723,-3,0,-32,-8,37229,121,27,65,0,0,0,0,0,0,0,0,-32310,0,0,0,0,0,46123,0
45647,-384,8150,764,87,65,-35,12724,-1,0,-29,-8,37230,118,27,65,0,0,0,0,0,0,0,0,-32310,0,0,0,0,0,46129,0
45652,-338,8122,752,81,59,-41,12723,0,-3,-29,-8,37230,118,27,65,0,0,0,0,0,0,0,0,-32310,0,0,0,0,0,46134,0
45657,-336,8180,650,89,57,-46,12723,-8,-5,-31,-8,37232,119,27,65,0,0,0,0,0,0,0,0,-32310,0,0,0,0,0,46140,0
45662,-348,8104,734,82,48,-47,12724,0,4,-30,-16,37232,119,27,65,0,0,0,0,0,0,0,0,-32310,0,0,0,0,0,46145,0
45667,-352,8132,632,85,52,-48,12724,2,-4,-30,-8,37233,112,27,65,0,0,0,0,0,0,0,0,-32309,0,0,0,0,0,46151,0
45672,-378,8138,618,86,51,-52,12724,1,-2,-34,-16,37233,112,27,65,0,0,0,0,0,0,0,0,-32310,0,0,0,0,0,46157,0
45677,-368,8148,680,75,48,-50,12724,2,-2,-30,-8,37239,113,27,65,0,0,0,0,0,0,0,0,-32310,0,0,0,0,0,46162,0
45682,-400,8106,734,77,46,-49,12725,4,3,-31,-8,37239,113,27,65,0,0,0,0,0,0,0,0,-32310,0,0,0,0,0,46167,0
45687,-376,8180,744,79,42,-52,12724,-2,1,-32,-8,37239,110,27,65,0,0,0,0,0,0,0,0,-32310,0,0,0,0,0,46173,0
45692,-462,8018,678,75,40,-56,12724,-1,2,-31,-16,37239,110,27,65,0,0,0,0,0,0,0,0,-32310,0,0,0,0,0,46178,0
45697,-408,8110,748,72,39,-62,12725,16,2,-30,-16,37238,110,27,65,0,0,0,0,0,0,0,0,-32310,0,0,0,0,0,46184,0
45702,-378,8098,778,68,29,-54,12724,3,2,-31,-8,37238,110,27,65,0,0,0,0,0,0,0,0,-32310,0,0,0,0,0,46189,0
45707,-374,8128,754,79,30,-57,12725,7,7,-31,-8,37232,115,27,65,0,0,0,0,0,0,0,0,-32310,0,0,0,0,0,46195,0
45712,-432,8048,732,75,30,-63,12725,4,1,-32,-8,37232,115,27,65,0,0,0,0,0,0,0,0,-32309,0,0,0,0,0,46200,0
45717,-388,8072,776,72,29,-60,12725,0,4,-30,-8,37231,117,27,65,0,0,0,0,0,0,0,0,-32310,0,0,0,0,0,46206,0
45722,-330,8066,818,70,28,-60,12724,2,-2,-31,-8,37231,117,27,65,0,0,0,0,0,0,0,0,-32310,0,0,0,0,0,46212,0
45727,-386,8170,790,78,31,-63,12724,-2,0,-29,-16,37230,115,27,65,0,0,0,0,0,0,0,0,-32310,0,0,0,0,0,46217,0
45732,-458,8086,740,80,38,-67,12724,-1,-4,-30,-8,37230,115,27,65,0,0,0,0,0,0,0,0,-32310,0,0,0,0,0,46223,0
45737,-466,8048,754,71,36,-64,12724,3,0,-30,-8,37232,115,27,65,0,0,0,0,0,0,0,0,-32310,0,0,0,0,0,46228,0
45742,-498,8038,686,79,36,-64,12723,-2,1,-32,-8,37232,115,27,65,0,0,0,0,0,0,0,0,-32310,0,0,0,0,0,46233,0
45747,-462,8026,670,73,42,-64,12723,0,0,-30,-8,37233,115,27,65,0,0,0,0,0,0,0,0,-32310,0,0,0,0,0,46239,0
45752,-470,8074,794,78,41,-63,12724,1,3,-29,-8,37233,115,27,65,0,0,0,0,0,0,0,0,-32310,0,0,0,0,0,46244,0
45757,-430,8092,826,73,42,-64,12723,-2,1,-28,-8,37232,120,27,65,0,0,0,0,0,0,0,0,-32310,0,0,0,0,0,46250,0
45762,-498,8196,832,72,42,-63,12723,-5,-2,-30,-8,37232,120,27,65,0,0,0,0,0,0,0,0,-32310,0,0,0,0,0,46255,0
45767,-480,8110,808,69,38,-63,12726,8,6,-29,-16,37232,119,27,65,0,0,0,0,0,0,0,0,-32310,0,0,0,0,0,46261,0
45772,-552,8056,720,74,36,-60,12723,-10,-3,-31,-8,37232,119,27,65,0,0,0,0,0,0,0,0,-32310,0,0,0,0,0,46266,0
45777,-570,8054,692,78,36,-54,12724,-10,-1,-30,-16,37237,120,27,65,0,0,0,0,0,0,0,0,-32310,0,0,0,0,0,46272,0
45782,-526,8062,744,81,34,-57,12725,4,1,-31,-16,37237,120,27,65,0,0,0,0,0,0,0,0,-32310,0,0,0,0,0,46277,0
45787,-550,8076,808,72,33,-54,12725,4,-1,-28,-8,37235,112,28,65,0,0,0,0,0,0,0,0,-32310,0,0,0,0,0,46283,0
45792,-526,8090,842,72,41,-57,12725,10,2,-28,-8,37235,112,28,65,0,0,0,0,0,0,0,0,-32310,0,0,0,0,0,46289,0
45797,-558,8110,752,76,37,-45,12724,2,3,-28,-16,37233,110,27,65,0,0,0,0,0,0,0,0,-32310,0,0,0,0,0,46294,0
45802,-554,8076,758,75,34,-50,12726,0,4,-30,-16,37233,110,27,65,0,0,0,0,0,0,0,0,-32311,0,0,0,0,0,46300,0
45807,-504,8050,842,75,37,-48,12724,-3,-5,-32,-8,37228,112,27,65,0,0,0,0,0,0,0,0,-32310,0,0,0,0,0,46305,0
45812,-520,8066,800,79,43,-43,12724,-1,-3,-31,-8,37228,112,27,65,0,0,0,0,0,0,0,0,-32310,0,0,0,0,0,46311,0
45817,-532,8044,732,72,44,-40,12724,0,-4,-29,-16,37229,113,27,65,0,0,0,0,0,0,0,0,-32310,0,0,0,0,0,46316,0
45822,-544,7994,730,76,38,-45,12724,3,-3,-30,-16,37229,113,27,65,0,0,0,0,0,0,0,0,-32310,0,0,0,0,0,46321,0
45827,-564,8022,698,75,38,-37,12724,4,3,-29,-16,37227,112,27,65,0,0,0,0,0,0,0,0,-32310,0,0,0,0,0,46327,0
45832,-536,8014,746,73,37,-39,12724,2,-2,-29,-16,37227,112,27,65,0,0,0,0,0,0,0,0,-32310,0,0,0,0,0,46333,0
45837,-498,8058,720,75,39,-41,12723,-7,0,-30,-8,37228,109,27,65,0,0,0,0,0,0,0,0,-32310,0,0,0,0,0,46338,0
45842,-518,8046,798,70,41,-37,12724,-2,-2,-31,-8,37228,109,27,65,0,0,0,0,0,0,0,0,-32310,0,0,0,0,0,46344,0
45847,-484,8108,740,74,35,-38,12723,-6,-2,-30,-16,37229,117,27,65,0,0,0,0,0,0,0,0,-32311,0,0,0,0,0,46349,0
45852,-474,8072,796,77,47,-35,12724,0,1,-30,-8,37229,117,27,65,0,0,0,0,0,0,0,0,-32310,0,0,0,0,0,46355,0
45857,-496,8068,814,69,49,-34,12725,3,-2,-32,-8,37230,116,27,65,0,0,0,0,0,0,0,0,-32310,0,0,0,0,0,46360,0
45862,-492,8096,770,80,56,-34,12725,3,2,-31,-8,37230,116,27,65,0,0,0,0,0,0,0,0,-32310,0,0,0,0,0,46366,0
45867,-490,8084,802,75,60,-33,12723,-6,1,-29,-8,37230,117,27,65,0,0,0,0,0,0,0,0,-32310,0,0,0,0,0,46371,0
45872,-414,8148,800,76,72,-38,12723,-8,-2,-31,-8,37230,117,27,65,0,0,0,0,0,0,0,0,-32310,0,0,0,0,0,46377,0
45877,-408,8154,764,69,74,-40,12723,0,-4,-29,-16,37230,111,27,65,0,0,0,0,0,0,0,0,-32310,0,0,0,0,0,46382,0
45882,-374,8154,816,73,80,-37,12723,-5,1,-30,-16,37230,111,27,65,0,0,0,0,0,0,0,0,-32310,0,0,0,0,0,46388,0
45887,-342,8340,844,80,82,-43,12724,5,3,-31,-16,37233,113,27,65,0,0,0,0,0,0,0,0,-32310,0,0,0,0,0,46393,0
45892,-430,8176,780,75,93,-48,12724,0,3,-30,-16,37233,113,27,65,0,0,0,0,0,0,0,0,-32310,0,0,0,0,0,46399,0
45897,-458,8068,724,75,96,-47,12725,1,2,-30,-8,37231,111,27,65,0,0,0,0,0,0,0,0,-32310,0,0,0,0,0,46404,0
45902,-376,8088,744,72,94,-50,12725,4,-3,-28,-16,37231,111,27,65,0,0,0,0,0,0,0,0,-32310,0,0,0,0,0,46410,0
45907,-400,8174,706,77,97,-57,12723,-1,-1,-31,-8,37230,118,27,65,0,0,0,0,0,0,0,0,-32310,0,0,0,0,0,46415,0
45912,-428,8056,722,72,91,-63,12724,3,-3,-30,-16,37230,118,27,65,0,0,0,0,0,0,0,0,-32310,0,0,0,0,0,46421,0
45917,-376,8184,780,72,80,-69,12725,0,0,-30,-8,37227,125,27,65,0,0,0,0,0,0,0,0,-32310,0,0,0,0,0,46426,0
45922,-322,8134,802,72,77,-70,12723,0,2,-31,-16,37227,125,27,65,0,0,0,0,0,0,0,0,-32310,0,0,0,0,0,46432,0
45927,-412,8058,724,77,74,-74,12724,2,-1,-31,-16,37229,126,27,65,0,0,0,0,0,0,0,0,-32310,0,0,0,0,0,46438,0
45932,-430,8104,752,73,60,-81,12724,4,-1,-30,-16,37229,126,27,65,0,0,0,0,0,0,0,0,-32310,0,0,0,0,0,46443,0
45937,-500,8014,670,72,58,-83,12724,0,3,-29,-8,37232,120,27,65,0,0,0,0,0,0,0,0,-32310,0,0,0,0,0,46449,0
45942,-460,8132,730,67,51,-87,12724,-5,4,-31,-8,37232,120,27,65,0,0,0,0,0,0,0,0,-32310,0,0,0,0,0,46454,0
45947,-434,8124,714,70,47,-90,12724,0,-4,-29,-16,37233,112,27,65,0,0,0,0,0,0,0,0,-32310,0,0,0,0,0,46460,0
45952,-408,8160,756,66,43,-95,12723,-1,-1,-28,-8,37233,112,27,65,0,0,0,0,0,0,0,0,-32310,0,0,0,0,0,46465,0
45957,-374,8134,722,71,37,-100,12723,0,1,-30,-8,37230,108,27,65,0,0,0,0,0,0,0,0,-32310,0,0,0,0,0,46471,0
45962,-428,8010,690,72,35,-104,12724,2,0,-29,-16,37230,108,27,65,0,0,0,0,0,0,0,0,-32310,0,0,0,0,0,46477,0
45967,-478,8210,786,69,32,-106,12724,1,6,-27,-8,37228,111,27,65,0,0,0,0,0,0,0,0,-32310,0,0,0,0,0,46482,0
45972,-736,8286,838,68,24,-116,12725,3,4,-31,-8,37228,111,27,65,0,0,0,0,0,0,0,0,-32310,0,0,0,0,0,46488,0
45977,-720,8368,742,61,13,-118,12725,10,-1,-30,-16,37226,118,27,65,0,0,0,0,0,0,0,0,-32310,0,0,0,0,0,46493,0
45982,-564,8312,690,66,18,-118,12724,0,-4,-30,-16,37226,118,27,65,0,0,0,0,0,0,0,0,-32310,0,0,0,0,0,46499,0
45987,-524,8280,608,69,19,-119,12723,-3,-3,-33,-8,37231,124,27,65,0,0,0,0,0,0,0,0,-32310,0,0,0,0,0,46504,0
45992,-490,8136,696,69,16,-125,12724,-6,-3,-31,-16,37231,124,27,65,0,0,0,0,0,0,0,0,-32310,0,0,0,0,0,46510,0
45997,-458,8114,696,68,2,-126,12724,2,-1,-29,-16,37231,122,27,65,0,0,0,0,0,0,0,0,-32310,0,0,0,0,0,46516,0
46002,-444,8086,770,64,-2,-127,12725,2,-2,-28,-8,37231,122,27,65,0,0,0,0,0,0,0,0,-32310,0,0,0,0,0,46521,0
46007,-436,8054,810,69,-4,-135,12723,-5,0,-31,-8,37230,118,27,65,0,0,0,0,0,0,0,0,-32310,0,0,0,0,0,46527,0
46012,-498,8038,802,68,-3,-143,12725,1,0,-31,-16,37230,118,27,65,0,0,0,0,0,0,0,0,-32310,0,0,0,0,0,46532,0
46017,-560,8072,798,64,-7,-138,12722,-8,-2,-30,-8,37225,120,27,65,0,0,0,0,0,0,0,0,-32310,0,0,0,0,0,46537,0
46022,-612,8080,810,68,0,-135,12724,-1,0,-31,-8,37225,120,27,65,0,0,0,0,0,0,0,0,-32310,0,0,0,0,0,46543,0
46027,-666,8098,822,73,0,-136,12725,2,-5,-30,-8,37226,124,27,65,0,0,0,0,0,0,0,0,-32310,0,0,0,0,0,46548,0
46032,-680,8076,812,74,-1,-134,12724,1,4,-30,-8,37226,124,27,65,0,0,0,0,0,0,0,0,-32310,0,0,0,0,0,46555,0
46037,-682,8056,808,77,-3,-130,12724,5,4,-30,-16,37228,123,27,65,0,0,0,0,0,0,0,0,-32310,0,0,0,0,0,46560,0
46042,-636,8028,828,73,-2,-128,12724,9,-3,-30,-8,37228,123,27,65,0,0,0,0,0,0,0,0,-32310,0,0,0,0,0,46566,0
46047,-634,8044,836,75,-2,-127,12724,5,1,-29,-8,37227,120,27,65,0,0,0,0,0,0,0,0,-32310,0,0,0,0,0,46571,0
46052,-614,8058,856,78,-8,-124,12724,5,2,-30,-16,37227,120,27,65,0,0,0,0,0,0,0,0,-32310,0,0,0,0,0,46577,0
46057,-624,8086,866,83,-1,-125,12724,1,3,-30,-8,37226,115,27,65,0,0,0,0,0,0,0,0,-32310,0,0,0,0,0,46582,0
46062,-692,8022,818,86,-4,-130,12723,-1,-1,-31,-16,37226,115,27,65,0,0,0,0,0,0,0,0,-32310,0,0,0,0,0,46588,0
46067,-674,8024,834,88,0,-125,12723,-7,-5,-30,-16,37227,117,27,65,0,0,0,0,0,0,0,0,-32310,0,0,0,0,0,46593,0
46072,-740,8014,824,92,-2,-120,12724,0,-3,-29,-16,37227,117,27,65,0,0,0,0,0,0,0,0,-32310,0,0,0,0,0,46599,0
46077,-708,8030,834,94,1,-120,12723,0,6,-30,-16,37230,114,27,65,0,0,0,0,0,0,0,0,-32310,0,0,0,0,0,46604,0
46082,-660,8044,850,97,5,-115,12724,0,2,-31,-8,37230,114,27,65,0,0,0,0,0,0,0,0,-32311,0,0,0,0,0,46610,0
46087,-682,8042,856,98,3,-111,12723,-1,-2,-29,-16,37236,114,27,65,0,0,0,0,0,0,0,0,-32311,0,0,0,0,0,46615,0
46092,-616,8076,846,106,4,-105,12724,4,-2,-29,-8,37236,114,27,65,0,0,0,0,0,0,0,0,-32310,0,0,0,0,0,46621,0
46097,-660,8072,832,102,3,-109,12723,-1,1,-29,-16,37234,113,27,65,0,0,0,0,0,0,0,0,-32310,0,0,0,0,0,46626,0
46102,-656,8082,820,112,7,-110,12724,1,2,-30,-8,37234,113,27,65,0,0,0,0,0,0,0,0,-32310,0,0,0,0,0,46632,0
46107,-664,8072,834,113,13,-107,12726,5,-2,-30,-8,37233,113,27,65,0,0,0,0,0,0,0,0,-32310,0,0,0,0,0,46637,0
46112,-694,8048,840,111,11,-103,12723,-6,0,-31,-8,37233,113,27,65,0,0,0,0,0,0,0,0,-32310,0,0,0,0,0,46643,0
46117,-700,8058,812,117,10,-101,12724,2,-5,-29,-16,37229,113,27,65,0,0,0,0,0,0,0,0,-32310,0,0,0,0,0,46649,0
46122,-694,8084,816,116,10,-100,12723,-7,-5,-30,-8,37229,113,27,65,0,0,0,0,0,0,0,0,-32310,0,0,0,0,0,46654,0
46127,-696,8110,806,118,6,-100,12723,-2,-1,-30,-16,37229,115,27,65,0,0,0,0,0,0,0,0,-32310,0,0,0,0,0,46659,0
46132,-686,8078,834,124,2,-95,12724,-1,-1,-30,-16,37229,115,27,65,0,0,0,0,0,0,0,0,-32310,0,0,0,0,0,46665,0
46137,-726,8052,836,123,6,-93,12723,-7,-2,-29,-8,37230,112,28,65,0,0,0,0,0,0,0,0,-32310,0,0,0,0,0,46670,0
46142,-714,8066,794,126,-2,-94,12723,0,4,-31,-16,37230,112,28,65,0,0,0,0,0,0,0,0,-32310,0,0,0,0,0,46676,0
46147,-700,8024,836,123,2,-89,12723,-4,1,-30,-16,37228,114,28,65,0,0,0,0,0,0,0,0,-32310,0,0,0,0,0,46681,0
46152,-718,8056,794,133,0,-90,12724,0,0,-29,-8,37228,114,28,65,0,0,0,0,0,0,0,0,-32310,0,0,0,0,0,46687,0
46157,-730,8056,784,129,-1,-92,12724,7,3,-31,-8,37228,110,27,65,0,0,0,0,0,0,0,0,-32310,0,0,0,0,0,46692,0
46162,-780,8122,716,135,-1,-94,12724,7,2,-31,-8,37228,110,27,65,0,0,0,0,0,0,0,0,-32310,0,0,0,0,0,46698,0
46167,-764,8036,806,139,0,-87,12724,-1,2,-31,-8,37229,115,27,65,0,0,0,0,0,0,0,0,-32310,0,0,0,0,0,46704,0
46172,-664,8008,732,136,-11,-89,12725,12,-2,-31,-8,37229,115,27,65,0,0,0,0,0,0,0,0,-32310,0,0,0,0,0,46709,0
46177,-640,8054,720,144,-12,-88,12725,9,2,-29,-16,37228,118,27,65,0,0,0,0,0,0,0,0,-32310,0,0,0,0,0,46715,0
46182,-676,8074,744,139,-6,-89,12724,10,0,-32,-16,37228,118,27,65,0,0,0,0,0,0,0,0,-32310,0,0,0,0,0,46720,0
46187,-694,8082,740,138,-14,-87,12724,6,-3,-31,-8,37232,119,27,65,0,0,0,0,0,0,0,0,-32310,0,0,0,0,0,46726,0
46192,-766,8092,662,141,-7,-85,12723,0,0,-29,-8,37232,119,27,65,0,0,0,0,0,0,0,0,-32310,0,0,0,0,0,46731,0
46197,-730,8042,752,138,-11,-90,12724,10,-2,-30,-8,37235,118,27,65,0,0,0,0,0,0,0,0,-32310,0,0,0,0,0,46736,0
46202,-738,8012,728,143,-9,-82,12723,-4,-3,-30,-16,37235,118,27,65,0,0,0,0,0,0,0,0,-32310,0,0,0,0,0,46742,0
46207,-746,7998,724,139,-2,-84,12724,0,-4,-29,-8,37240,120,27,65,0,0,0,0,0,0,0,0,-32310,0,0,0,0,0,46748,0
46212,-738,8046,728,140,4,-78,12724,-5,-3,-30,-8,37240,120,27,65,0,0,0,0,0,0,0,0,-32310,0,0,0,0,0,46753,0
46217,-724,8068,760,134,6,-78,12724,2,0,-29,-8,37238,113,27,65,0,0,0,0,0,0,0,0,-32310,0,0,0,0,0,46759,0
46222,-742,8038,704,142,11,-77,12723,0,-4,-30,-8,37238,113,27,65,0,0,0,0,0,0,0,0,-32310,0,0,0,0,0,46764,0
46227,-726,8056,736,136,12,-79,12724,1,-2,-30,-16,37233,113,28,65,0,0,0,0,0,0,0,0,-32310,0,0,0,0,0,46770,0
46232,-686,8078,726,133,15,-73,12723,-3,1,-31,-16,37233,113,28,65,0,0,0,0,0,0,0,0,-32310,0,0,0,0,0,46775,0
46237,-672,8112,706,139,17,-71,12723,-2,3,-30,-8,37230,111,27,65,0,0,0,0,0,0,0,0,-32310,0,0,0,0,0,46781,0
46242,-668,8112,688,138,21,-70,12723,-4,-4,-31,-16,37230,111,27,65,0,0,0,0,0,0,0,0,-32310,0,0,0,0,0,46786,0
46247,-636,8140,670,135,21,-69,12723,2,0,-30,-16,37230,115,27,65,0,0,0,0,0,0,0,0,-32310,0,0,0,0,0,46791,0
46252,-638,8136,680,140,22,-74,12723,3,-1,-31,-16,37230,115,27,65,0,0,0,0,0,0,0,0,-32310,0,0,0,0,0,46797,0
46257,-654,8144,660,133,22,-63,12705,-100,-20,-580,-600,37230,116,27,65,0,0,0,0,0,0,0,0,-32310,0,0,0,0,0,46803,0
46262,-724,8124,692,131,21,-79,12647,-267,-139,-978,-704,37230,116,27,65,0,0,0,0,0,0,0,0,-32311,0,0,0,0,0,46808,0
46267,-744,8112,696,132,17,-68,12573,-321,-254,-725,-552,37225,121,27,65,0,0,0,0,0,0,0,0,-32311,0,0,0,0,0,46814,0
46272,-688,8076,658,131,15,-73,12507,-275,-296,-562,-392,37225,121,27,65,0,0,0,0,0,0,0,0,-32310,0,0,0,0,0,46819,0
46277,-654,8092,640,129,12,-82,12470,-150,-182,-525,-296,37223,126,27,65,0,0,0,0,0,0,0,0,-32310,0,0,0,0,0,46825,0
46282,-558,8120,652,132,11,-84,12454,-63,56,-661,-328,37223,126,27,65,0,0,0,0,0,0,0,0,-32310,0,0,0,0,0,46830,0
46287,-628,8140,612,128,15,-87,12443,-42,226,-817,-320,37221,127,27,65,0,0,0,0,0,0,0,0,-32311,0,0,0,0,0,46835,0
46292,-640,8082,674,126,5,-98,12439,-18,249,-873,-304,37221,127,27,65,0,0,0,0,0,0,0,0,-32311,0,0,0,0,0,46840,0
46297,-654,8078,664,119,2,-92,12439,-11,180,-904,-296,37228,119,27,65,0,0,0,0,0,0,0,0,-32310,0,0,0,0,0,46845,0
46302,-680,8120,672,117,2,-97,12441,4,100,-926,-296,37228,119,27,65,0,0,0,0,0,0,0,0,-32310,0,0,0,0,0,46850,0
46307,-690,8120,632,128,0,-97,12440,5,46,-933,-288,37227,120,27,65,0,0,0,0,0,0,0,0,-32310,0,0,0,0,0,46856,0
46312,-752,8146,654,125,-7,-103,12439,0,26,-925,-304,37227,120,27,65,0,0,0,0,0,0,0,0,-32310,0,0,0,0,0,46861,0
46317,-692,8040,676,122,-3,-105,12439,3,2,-925,-288,37228,121,27,65,0,0,0,0,0,0,0,0,-32310,0,0,0,0,0,46867,0
46322,-682,8076,664,120,-8,-100,12438,-2,-2,-925,-296,37228,121,27,65,0,0,0,0,0,0,0,0,-32310,0,0,0,0,0,46872,0
46327,-704,8074,674,121,-8,-107,12437,-8,2,-927,-296,37224,123,27,65,0,0,0,0,0,0,0,0,-32310,0,0,0,0,0,46878,0
46332,-724,8098,684,118,-4,-102,12438,0,0,-924,-296,37224,123,27,65,0,0,0,0,0,0,0,0,-32311,0,0,0,0,0,46883,0
46337,-734,8058,702,120,-10,-111,12437,-6,0,-925,-304,37222,117,27,65,0,0,0,0,0,0,0,0,-32310,0,0,0,0,0,46889,0
46342,-792,8060,688,115,-5,-107,12437,2,0,-928,-296,37222,117,27,65,0,0,0,0,0,0,0,0,-32310,0,0,0,0,0,46894,0
46347,-782,8132,692,117,-10,-100,12436,-9,-3,-931,-288,37221,115,28,65,0,0,0,0,0,0,0,0,-32310,0,0,0,0,0,46900,0
46352,-756,8072,692,115,-7,-107,12436,3,1,-922,-288,37221,115,28,65,0,0,0,0,0,0,0,0,-32310,0,0,0,0,0,46905,0
46357,-712,8130,726,117,-11,-108,12436,1,2,-921,-296,37224,121,28,65,0,0,0,0,0,0,0,0,-32310,0,0,0,0,0,46911,0
46362,-710,8150,686,124,-8,-109,12434,-1,-1,-923,-288,37224,121,28,65,0,0,0,0,0,0,0,0,-32310,0,0,0,0,0,46917,0
46367,-724,8126,700,116,-13,-100,12435,3,0,-919,-296,37227,120,27,65,0,0,0,0,0,0,0,0,-32310,0,0,0,0,0,46922,0
46372,-826,8088,742,122,-9,-109,12433,-4,-2,-925,-280,37227,120,27,65,0,0,0,0,0,0,0,0,-32310,0,0,0,0,0,46928,0
46377,-786,8046,762,117,-17,-106,12434,5,0,-917,-304,37229,120,27,65,0,0,0,0,0,0,0,0,-32310,0,0,0,0,0,46933,0
46382,-798,8032,682,123,-14,-108,12432,-9,-2,-925,-304,37229,120,27,65,0,0,0,0,0,0,0,0,-32310,0,0,0,0,0,46939,0
46387,-900,8036,670,125,-11,-111,12432,-4,-2,-923,-296,37230,123,27,65,0,0,0,0,0,0,0,0,-32310,0,0,0,0,0,46944,0
46392,-898,7990,684,126,-20,-109,12432,0,-5,-917,-288,37230,123,27,65,0,0,0,0,0,0,0,0,-32310,0,0,0,0,0,46950,0
46397,-936,8028,688,128,-15,-98,12430,-7,3,-920,-288,37227,126,27,65,0,0,0,0,0,0,0,0,-32310,0,0,0,0,0,46955,0
46402,-832,8058,740,123,-17,-96,12431,-7,2,-920,-288,37227,126,27,65,0,0,0,0,0,0,0,0,-32310,0,0,0,0,0,46960,0
46407,-926,7998,728,125,-14,-94,12431,1,2,-916,-296,37226,131,27,65,0,0,0,0,0,0,0,0,-32310,0,0,0,0,0,46966,0
46412,-904,8034,798,132,-17,-91,12431,2,2,-917,-304,37226,131,27,65,0,0,0,0,0,0,0,0,-32310,0,0,0,0,0,46972,0
46417,-904,8076,734,136,-14,-91,12429,0,-2,-917,-280,37227,128,27,65,0,0,0,0,0,0,0,0,-32310,0,0,0,0,0,46977,0
46422,-822,8092,764,136,-13,-85,12428,-2,-1,-912,-288,37227,128,27,65,0,0,0,0,0,0,0,0,-32311,0,0,0,0,0,46983,0
46427,-902,8042,792,140,-13,-84,12428,-2,-2,-914,-288,37226,129,28,65,0,0,0,0,0,0,0,0,-32310,0,0,0,0,0,46989,0
46432,-802,8082,748,138,-15,-82,12428,-5,0,-916,-272,37226,129,28,65,0,0,0,0,0,0,0,0,-32310,0,0,0,0,0,46995,0
46437,-766,8192,706,142,-12,-81,12428,2,-2,-915,-272,37225,129,27,65,0,0,0,0,0,0,0,0,-32310,0,0,0,0,0,47000,0
46442,-810,8150,730,147,-14,-75,12426,-6,-2,-916,-280,37225,129,27,65,0,0,0,0,0,0,0,0,-32310,0,0,0,0,0,47006,0
46447,-764,8052,806,150,-8,-78,12425,-1,-5,-912,-272,37226,118,27,65,0,0,0,0,0,0,0,0,-32310,0,0,0,0,0,47011,0
46452,-768,8114,792,151,-13,-78,12425,5,-1,-908,-288,37226,118,27,65,0,0,0,0,0,0,0,0,-32310,0,0,0,0,0,47017,0
46457,-684,8120,762,157,-11,-76,12423,-6,3,-912,-288,37227,115,27,65,0,0,0,0,0,0,0,0,-32310,0,0,0,0,0,47023,0
46462,-804,8030,792,157,-13,-85,12424,4,1,-901,-296,37227,115,27,65,0,0,0,0,0,0,0,0,-32310,0,0,0,0,0,47028,0
46467,-766,8110,822,158,-10,-81,12423,-3,2,-913,-296,37230,115,27,65,0,0,0,0,0,0,0,0,-32310,0,0,0,0,0,47034,0
46472,-736,8032,716,165,-6,-87,12422,-1,2,-907,-296,37230,115,27,65,0,0,0,0,0,0,0,0,-32310,0,0,0,0,0,47039,0
46477,-728,8170,736,167,-12,-90,12421,-8,-2,-911,-296,37228,113,27,65,0,0,0,0,0,0,0,0,-32310,0,0,0,0,0,47045,0
46482,-706,8112,732,167,-5,-87,12421,-2,-3,-906,-288,37228,113,27,65,0,0,0,0,0,0,0,0,-32310,0,0,0,0,0,47051,0
46487,-786,8058,676,175,-10,-90,12420,-4,-2,-909,-288,37223,113,27,65,0,0,0,0,0,0,0,0,-32310,0,0,0,0,0,47056,0
46492,-806,8070,708,169,-12,-93,12419,-5,2,-905,-296,37223,113,27,65,0,0,0,0,0,0,0,0,-32310,0,0,0,0,0,47062,0
46497,-764,8138,606,166,-15,-97,12417,-5,-5,-903,-304,37224,118,27,65,0,0,0,0,0,0,0,0,-32310,0,0,0,0,0,47067,0
46502,-722,8076,638,164,-12,-96,12417,1,2,-898,-296,37224,118,27,65,0,0,0,0,0,0,0,0,-32311,0,0,0,0,0,47073,0
46507,-724,8136,626,167,-9,-100,12415,-3,-2,-899,-296,37231,120,27,65,0,0,0,0,0,0,0,0,-32310,0,0,0,0,0,47078,0
46512,-744,8118,622,162,-12,-109,12413,-6,0,-889,-296,37231,120,27,65,0,0,0,0,0,0,0,0,-32311,0,0,0,0,0,47084,0
46517,-836,8110,570,163,-7,-106,12412,-11,-2,-891,-304,37230,126,27,65,0,0,0,0,0,0,0,0,-32311,0,0,0,0,0,47089,0
46522,-796,8092,554,157,-8,-105,12407,-11,-7,-879,-296,37230,126,27,65,0,0,0,0,0,0,0,0,-32310,0,0,0,0,0,47095,0
46527,-826,8108,504,155,-6,-112,12401,-33,-21,-868,-280,37227,127,27,65,0,0,0,0,0,0,0,0,-32310,0,0,0,0,0,47101,0
46532,-810,8142,452,153,-3,-118,12394,-31,-21,-834,-312,37227,127,27,65,0,0,0,0,0,0,0,0,-32310,0,0,0,0,0,47106,0
46537,-756,8110,454,143,3,-117,12385,-42,-25,-819,-304,37222,126,28,65,0,0,0,0,0,0,0,0,-32310,0,0,0,0,0,47112,0
46542,-808,8106,400,142,5,-116,12378,-23,-16,-818,-296,37222,126,28,65,0,0,0,0,0,0,0,0,-32310,0,0,0,0,0,47117,0
46547,-812,8132,438,132,10,-123,12377,-6,4,-842,-288,37227,129,27,65,0,0,0,0,0,0,0,0,-32310,0,0,0,0,0,47123,0
46552,-818,8110,412,126,11,-122,12378,-4,34,-871,-288,37227,129,27,65,0,0,0,0,0,0,0,0,-32310,0,0,0,0,0,47128,0
46557,-764,8148,390,119,6,-115,12379,1,41,-873,-304,37229,134,27,65,0,0,0,0,0,0,0,0,-32310,0,0,0,0,0,47134,0
46562,-878,8104,390,119,6,-126,12377,-8,18,-874,-296,37229,134,27,65,0,0,0,0,0,0,0,0,-32310,0,0,0,0,0,47139,0
46567,-870,8106,424,101,8,-118,12377,-1,6,-870,-296,37227,134,27,65,0,0,0,0,0,0,0,0,-32310,0,0,0,0,0,47145,0
46572,-978,8046,390,96,12,-121,12378,2,1,-873,-296,37227,134,27,65,0,0,0,0,0,0,0,0,-32310,0,0,0,0,0,47150,0
46577,-964,8124,372,91,7,-122,12378,0,3,-870,-288,37227,131,28,65,0,0,0,0,0,0,0,0,-32310,0,0,0,0,0,47156,0
46582,-958,8064,368,90,9,-123,12377,-7,0,-873,-288,37227,131,28,65,0,0,0,0,0,0,0,0,-32310,0,0,0,0,0,47161,0
46587,-932,8112,346,78,6,-115,12378,-3,3,-873,-288,37225,130,27,65,0,0,0,0,0,0,0,0,-32310,0,0,0,0,0,47167,0
46592,-896,8118,346,68,5,-113,12377,-3,-2,-874,-296,37225,130,27,65,0,0,0,0,0,0,0,0,-32310,0,0,0,0,0,47172,0
46597,-976,8100,382,64,-1,-114,12377,2,-3,-870,-288,37232,129,28,65,0,0,0,0,0,0,0,0,-32310,0,0,0,0,0,47178,0
46602,-934,8136,408,60,-1,-111,12377,-5,0,-866,-296,37232,129,28,65,0,0,0,0,0,0,0,0,-32310,0,0,0,0,0,47183,0
46607,-940,8084,438,49,0,-111,12377,-7,1,-870,-296,37241,131,28,65,0,0,0,0,0,0,0,0,-32310,0,0,0,0,0,47189,0
46612,-956,8092,500,49,-5,-107,12377,-1,2,-870,-304,37241,131,28,65,0,0,0,0,0,0,0,0,-32310,0,0,0,0,0,47194,0
46617,-934,8108,448,34,-9,-107,12377,3,0,-871,-296,37255,136,28,65,0,0,0,0,0,0,0,0,-32310,0,0,0,0,0,47200,0
46622,-1010,8096,464,37,-9,-104,12377,0,1,-871,-296,37255,136,28,65,0,0,0,0,0,0,0,0,-32310,0,0,0,0,0,47205,0
46627,-1044,8078,464,32,-6,-102,12376,-5,1,-866,-304,37253,134,27,65,0,0,0,0,0,0,0,0,-32310,0,0,0,0,0,47211,0
46632,-1056,8076,450,28,-10,-99,12377,0,6,-862,-296,37253,134,27,65,0,0,0,0,0,0,0,0,-32310,0,0,0,0,0,47216,0
46637,-1006,8034,488,21,-13,-98,12376,0,-1,-866,-304,37245,131,28,65,0,0,0,0,0,0,0,0,-32310,0,0,0,0,0,47222,0
46642,-1022,8102,512,20,-11,-94,12376,0,-1,-866,-296,37245,131,28,65,0,0,0,0,0,0,0,0,-32310,0,0,0,0,0,47227,0
46647,-960,8120,526,21,-6,-91,12374,-6,0,-868,-296,37231,130,28,65,0,0,0,0,0,0,0,0,-32310,0,0,0,0,0,47233,0
46652,-948,8092,544,11,-9,-80,12374,-3,1,-867,-288,37231,130,28,65,0,0,0,0,0,0,0,0,-32310,0,0,0,0,0,47238,0
46657,-972,8084,566,10,-11,-83,12374,-5,-3,-864,-296,37228,131,27,65,0,0,0,0,0,0,0,0,-32310,0,0,0,0,0,47243,0
46662,-1050,8120,522,9,-12,-82,12375,1,2,-866,-288,37228,131,27,65,0,0,0,0,0,0,0,0,-32310,0,0,0,0,0,47249,0
46667,-1066,8038,538,1,-8,-74,12374,0,3,-872,-288,37229,126,27,65,0,0,0,0,0,0,0,0,-32310,0,0,0,0,0,47255,0
46672,-994,8038,598,1,-13,-66,12374,0,1,-863,-288,37229,126,27,65,0,0,0,0,0,0,0,0,-32310,0,0,0,0,0,47260,0
46677,-1042,8068,596,7,-17,-58,12374,3,2,-865,-296,37229,128,27,65,0,0,0,0,0,0,0,0,-32310,0,0,0,0,0,47266,0
46682,-1056,8048,596,1,-17,-57,12373,-3,-1,-866,-304,37229,128,27,65,0,0,0,0,0,0,0,0,-32310,0,0,0,0,0,47272,0
46687,-1094,7980,676,5,-14,-62,12374,5,1,-862,-304,37226,128,27,65,0,0,0,0,0,0,0,0,-32310,0,0,0,0,0,47277,0
46692,-1068,8024,718,1,-18,-48,12373,-3,1,-868,-296,37226,128,27,65,0,0,0,0,0,0,0,0,-32310,0,0,0,0,0,47282,0
46697,-1104,7984,686,-1,-20,-44,12373,0,3,-866,-304,37224,133,28,65,0,0,0,0,0,0,0,0,-32309,0,0,0,0,0,47288,0
46702,-1128,8030,720,6,-18,-38,12373,-1,1,-868,-296,37224,133,28,65,0,0,0,0,0,0,0,0,-32310,0,0,0,0,0,47294,0
46707,-1158,8032,668,8,-21,-33,12373,-4,0,-863,-296,37224,128,27,65,0,0,0,0,0,0,0,0,-32310,0,0,0,0,0,47299,0
46712,-1080,7984,704,5,-16,-28,12373,-5,-2,-865,-296,37224,128,27,65,0,0,0,0,0,0,0,0,-32310,0,0,0,0,0,47305,0
46717,-1104,7988,714,9,-21,-22,12372,-4,-2,-865,-296,37229,127,27,65,0,0,0,0,0,0,0,0,-32310,0,0,0,0,0,47310,0
46722,-1110,7994,724,15,-17,-18,12373,-2,-2,-864,-288,37229,127,27,65,0,0,0,0,0,0,0,0,-32310,0,0,0,0,0,47316,0
46727,-1078,8028,768,16,-20,-10,12373,-1,0,-866,-296,37238,145,27,65,0,0,0,0,0,0,0,0,-32310,0,0,0,0,0,47321,0
46732,-1074,8040,706,18,-17,1,12372,0,-2,-868,-296,37238,145,27,65,0,0,0,0,0,0,0,0,-32310,0,0,0,0,0,47327,0
46737,-1046,7986,792,18,-29,-3,12372,-1,-1,-865,-296,37237,145,27,65,0,0,0,0,0,0,0,0,-32310,0,0,0,0,0,47332,0
46742,-1028,8038,794,24,-17,8,12372,1,5,-866,-304,37237,145,27,65,0,0,0,0,0,0,0,0,-32310,0,0,0,0,0,47338,0
46747,-1068,8006,780,28,-21,8,12373,3,0,-866,-296,37234,140,27,65,0,0,0,0,0,0,0,0,-32310,0,0,0,0,0,47343,0
46752,-1010,8028,764,28,-17,15,12371,0,-3,-863,-296,37234,140,27,65,0,0,0,0,0,0,0,0,-32310,0,0,0,0,0,47349,0
46757,-1028,8016,774,35,-18,17,12372,0,1,-866,-296,37228,126,27,65,0,0,0,0,0,0,0,0,-32310,0,0,0,0,0,47354,0
46762,-1042,8034,756,38,-14,21,12373,1,3,-864,-296,37228,126,27,65,0,0,0,0,0,0,0,0,-32310,0,0,0,0,0,47360,0
46767,-1028,8056,744,41,-16,23,12373,1,1,-862,-304,37228,130,27,65,0,0,0,0,0,0,0,0,-32310,0,0,0,0,0,47365,0
46772,-1054,8038,724,43,-16,33,12371,2,-2,-863,-296,37228,130,27,65,0,0,0,0,0,0,0,0,-32310,0,0,0,0,0,47371,0
46777,-1030,8040,698,41,-12,34,12371,0,-2,-861,-296,37227,130,28,65,0,0,0,0,0,0,0,0,-32310,0,0,0,0,0,47376,0
46782,-1052,8026,724,48,-11,36,12372,0,4,-861,-296,37227,130,28,65,0,0,0,0,0,0,0,0,-32311,0,0,0,0,0,47382,0
46787,-1050,7980,714,43,-12,40,12371,-1,-1,-869,-296,37224,126,28,65,0,0,0,0,0,0,0,0,-32310,0,0,0,0,0,47387,0
46792,-1082,8010,706,52,-9,42,12371,1,-2,-865,-296,37224,126,28,65,0,0,0,0,0,0,0,0,-32310,0,0,0,0,0,47393,0
46797,-1074,8026,714,47,-10,47,12372,6,3,-863,-296,37223,129,27,65,0,0,0,0,0,0,0,0,-32310,0,0,0,0,0,47398,0
46802,-1044,7992,684,49,-8,45,12371,-7,-7,-863,-296,37223,129,27,65,0,0,0,0,0,0,0,0,-32310,0,0,0,0,0,47404,0
46807,-1036,8054,656,44,-10,56,12371,-3,0,-859,-288,37224,128,27,65,0,0,0,0,0,0,0,0,-32310,0,0,0,0,0,47409,0
46812,-996,8100,624,48,-5,52,12371,2,1,-867,-288,37224,128,27,65,0,0,0,0,0,0,0,0,-32310,0,0,0,0,0,47415,0
46817,-986,8092,630,54,-12,58,12371,-2,0,-870,-288,37224,123,27,65,0,0,0,0,0,0,0,0,-32310,0,0,0,0,0,47420,0
46822,-976,8086,628,46,-15,60,12372,4,-2,-862,-296,37224,123,27,65,0,0,0,0,0,0,0,0,-32310,0,0,0,0,0,47426,0
46827,-1026,8066,616,52,-14,67,12370,-3,1,-863,-296,37228,123,27,65,0,0,0,0,0,0,0,0,-32310,0,0,0,0,0,47431,0
46832,-960,8092,610,45,-19,66,12372,0,0,-865,-288,37228,123,27,65,0,0,0,0,0,0,0,0,-32310,0,0,0,0,0,47437,0
46837,-960,8094,584,39,-17,71,12372,6,0,-865,-296,37227,121,27,65,0,0,0,0,0,0,0,0,-32309,0,0,0,0,0,47442,0
46842,-970,8056,616,38,-20,69,12371,3,4,-864,-304,37227,121,27,65,0,0,0,0,0,0,0,0,-32310,0,0,0,0,0,47448,0
46847,-990,8090,592,43,-23,69,12372,5,-2,-863,-304,37228,120,27,65,0,0,0,0,0,0,0,0,-32310,0,0,0,0,0,47454,0
46852,-972,8064,592,40,-28,74,12371,0,-4,-864,-296,37228,120,27,65,0,0,0,0,0,0,0,0,-32310,0,0,0,0,0,47459,0
46857,-940,8072,596,38,-27,69,12370,-3,4,-862,-288,37227,124,27,65,0,0,0,0,0,0,0,0,-32310,0,0,0,0,0,47465,0
46862,-958,8090,594,31,-27,69,12371,-1,0,-866,-288,37227,124,27,65,0,0,0,0,0,0,0,0,-32310,0,0,0,0,0,47470,0
46867,-928,8068,598,33,-24,69,12371,4,-1,-866,-288,37223,133,27,65,0,0,0,0,0,0,0,0,-32310,0,0,0,0,0,47476,0
46872,-956,8076,622,29,-29,74,12371,5,1,-862,-296,37223,133,27,65,0,0,0,0,0,0,0,0,-32310,0,0,0,0,0,47481,0
46877,-954,8076,588,26,-31,70,12371,-2,2,-866,-288,37223,136,28,65,0,0,0,0,0,0,0,0,-32310,0,0,0,0,0,47487,0
46882,-954,8072,584,21,-31,73,12372,3,0,-863,-296,37223,136,28,65,0,0,0,0,0,0,0,0,-32310,0,0,0,0,0,47492,0
46887,-972,8060,604,22,-28,71,12371,3,2,-862,-304,37225,137,28,65,0,0,0,0,0,0,0,0,-32310,0,0,0,0,0,47498,0
46892,-986,8064,592,20,-34,74,12371,0,-4,-862,-296,37225,137,28,65,0,0,0,0,0,0,0,0,-32310,0,0,0,0,0,47503,0
46897,-968,8066,618,14,-29,72,12372,0,-5,-863,-296,37225,131,27,65,0,0,0,0,0,0,0,0,-32310,0,0,0,0,0,47509,0
46902,-924,8068,622,18,-32,74,12372,0,1,-864,-296,37225,131,27,65,0,0,0,0,0,0,0,0,-32310,0,0,0,0,0,47514,0
46907,-920,8064,630,12,-30,75,12372,0,0,-864,-296,37224,136,27,65,0,0,0,0,0,0,0,0,-32310,0,0,0,0,0,47520,0
46912,-886,8102,622,11,-32,73,12371,5,-4,-858,-288,37224,136,27,65,0,0,0,0,0,0,0,0,-32310,0,0,0,0,0,47525,0
46917,-878,8122,658,13,-32,75,12371,0,-3,-866,-296,37224,137,27,65,0,0,0,0,0,0,0,0,-32310,0,0,0,0,0,47531,0
46922,-878,8098,656,5,-29,69,12370,-3,0,-868,-296,37224,137,27,65,0,0,0,0,0,0,0,0,-32310,0,0,0,0,0,47536,0
46927,-878,8114,662,9,-31,69,12371,0,-1,-863,-288,37227,136,27,65,0,0,0,0,0,0,0,0,-32310,0,0,0,0,0,47542,0
46932,-870,8086,668,3,-29,70,12371,0,3,-867,-296,37227,136,27,65,0,0,0,0,0,0,0,0,-32310,0,0,0,0,0,47547,0
46937,-908,8066,670,9,-31,71,12372,6,-1,-862,-304,37234,128,27,65,0,0,0,0,0,0,0,0,-32310,0,0,0,0,0,47553,0
46942,-884,8074,688,1,-28,69,12369,-10,0,-864,-288,37234,128,27,65,0,0,0,0,0,0,0,0,-32310,0,0,0,0,0,47558,0
46947,-908,8046,704,5,-31,69,12371,-2,-1,-864,-288,37232,122,27,65,0,0,0,0,0,0,0,0,-32310,0,0,0,0,0,47564,0
46952,-920,8016,718,8,-26,66,12371,-7,-2,-869,-288,37232,122,27,65,0,0,0,0,0,0,0,0,-32310,0,0,0,0,0,47569,0
46957,-890,8056,744,3,-26,65,12371,-2,3,-860,-296,37230,125,28,65,0,0,0,0,0,0,0,0,-32310,0,0,0,0,0,47575,0
46962,-906,8060,746,7,-28,66,12371,-5,-2,-864,-288,37230,125,28,65,0,0,0,0,0,0,0,0,-32310,0,0,0,0,0,47580,0
46967,-878,8060,720,3,-21,68,12371,3,3,-864,-296,37221,129,27,65,0,0,0,0,0,0,0,0,-32310,0,0,0,0,0,47586,0
46972,-878,8044,736,7,-18,63,12371,-1,1,-860,-304,37221,129,27,65,0,0,0,0,0,0,0,0,-32310,0,0,0,0,0,47591,0
46977,-906,8054,722,9,-15,64,12371,-2,4,-861,-296,37224,126,27,65,0,0,0,0,0,0,0,0,-32310,0,0,0,0,0,47597,0
46982,-918,8054,776,9,-11,61,12371,-2,-1,-864,-296,37224,126,27,65,0,0,0,0,0,0,0,0,-32310,0,0,0,0,0,47602,0
46987,-898,8062,746,6,-12,67,12372,3,2,-866,-296,37227,121,28,65,0,0,0,0,0,0,0,0,-32310,0,0,0,0,0,47608,0
46992,-904,8046,716,14,-9,63,12371,3,-1,-863,-304,37227,121,28,65,0,0,0,0,0,0,0,0,-32310,0,0,0,0,0,47614,0
46997,-920,8034,740,11,-2,64,12371,0,1,-863,-296,37230,112,28,65,0,0,0,0,0,0,0,0,-32310,0,0,0,0,0,47619,0
47002,-936,8032,740,9,-8,64,12371,-4,-4,-864,-296,37230,112,28,65,0,0,0,0,0,0,0,0,-32310,0,0,0,0,0,47625,0
47007,-902,8026,748,12,-5,67,12371,-1,2,-861,-296,37226,120,27,65,0,0,0,0,0,0,0,0,-32310,0,0,0,0,0,47631,0
47012,-860,8046,750,20,-8,63,12370,-5,3,-861,-288,37226,120,27,65,0,0,0,0,0,0,0,0,-32310,0,0,0,0,0,47636,0
47017,-894,8056,776,18,-9,63,12371,-3,-5,-862,-288,37224,121,27,65,0,0,0,0,0,0,0,0,-32310,0,0,0,0,0,47642,0
47022,-860,8074,742,16,-8,61,12372,2,-1,-863,-304,37224,121,27,65,0,0,0,0,0,0,0,0,-32310,0,0,0,0,0,47647,0
47027,-896,8050,798,20,-6,64,12371,0,4,-863,-296,37223,129,27,65,0,0,0,0,0,0,0,0,-32310,0,0,0,0,0,47653,0
47032,-886,8068,748,26,-11,62,12370,-7,5,-864,-288,37223,129,27,65,0,0,0,0,0,0,0,0,-32310,0,0,0,0,0,47658,0
47037,-904,8064,738,23,-10,58,12372,3,0,-860,-304,37222,132,27,65,0,0,0,0,0,0,0,0,-32310,0,0,0,0,0,47664,0
47042,-910,8060,764,28,-15,59,12370,-6,0,-864,-296,37222,132,27,65,0,0,0,0,0,0,0,0,-32310,0,0,0,0,0,47669,0
47047,-920,8060,740,17,-18,56,12372,6,3,-864,-296,37226,134,27,65,0,0,0,0,0,0,0,0,-32310,0,0,0,0,0,47675,0
47052,-936,8068,758,34,-20,62,12372,3,-2,-867,-296,37226,134,27,65,0,0,0,0,0,0,0,0,-32310,0,0,0,0,0,47680,0
47057,-908,8012,786,26,-15,60,12371,0,4,-861,-296,37227,134,27,65,0,0,0,0,0,0,0,0,-32310,0,0,0,0,0,47685,0
47062,-920,7998,770,32,-10,65,12372,-1,-6,-861,-296,37227,134,27,65,0,0,0,0,0,0,0,0,-32310,0,0,0,0,0,47692,0
47067,-896,8014,784,25,-17,62,12371,0,-5,-864,-296,37226,133,27,65,0,0,0,0,0,0,0,0,-32310,0,0,0,0,0,47697,0
47072,-958,8058,724,37,-16,62,12371,1,1,-866,-296,37226,133,27,65,0,0,0,0,0,0,0,0,-32310,0,0,0,0,0,47703,0
47077,-912,8088,728,30,-11,64,12371,2,-3,-864,-288,37221,131,27,65,0,0,0,0,0,0,0,0,-32310,0,0,0,0,0,47708,0
47082,-870,8074,726,37,-17,61,12371,-3,3,-867,-288,37221,131,27,65,0,0,0,0,0,0,0,0,-32310,0,0,0,0,0,47714,0
47087,-884,8096,748,31,-16,56,12370,1,-1,-864,-288,37219,129,27,65,0,0,0,0,0,0,0,0,-32311,0,0,0,0,0,47719,0
47092,-860,8114,768,37,-7,55,12371,-2,-2,-865,-296,37219,129,27,65,0,0,0,0,0,0,0,0,-32310,0,0,0,0,0,47725,0
47097,-920,8094,754,33,-8,66,12371,0,-4,-866,-288,37223,127,27,65,0,0,0,0,0,0,0,0,-32310,0,0,0,0,0,47730,0
47102,-914,8074,764,40,-13,62,12371,-2,-1,-869,-296,37223,127,27,65,0,0,0,0,0,0,0,0,-32310,0,0,0,0,0,47736,0
47107,-896,8072,764,41,-12,64,12371,1,-1,-864,-296,37226,125,27,65,0,0,0,0,0,0,0,0,-32310,0,0,0,0,0,47741,0
47112,-894,8068,702,35,-10,64,12371,-1,0,-862,-296,37226,125,27,65,0,0,0,0,0,0,0,0,-32310,0,0,0,0,0,47747,0
47117,-920,8058,740,41,-17,65,12372,3,-2,-862,-296,37227,122,27,65,0,0,0,0,0,0,0,0,-32310,0,0,0,0,0,47752,0
47122,-904,8034,736,32,-20,62,12371,0,-3,-865,-296,37227,122,27,65,0,0,0,0,0,0,0,0,-32310,0,0,0,0,0,47758,0
47127,-846,8030,774,32,-13,66,12371,-2,-1,-865,-296,37223,125,27,65,0,0,0,0,0,0,0,0,-32310,0,0,0,0,0,47763,0
47132,-914,8082,726,36,-13,59,12370,1,0,-861,-280,37223,125,27,65,0,0,0,0,0,0,0,0,-32310,0,0,0,0,0,47769,0
47137,-926,8052,734,37,-17,68,12371,3,1,-859,-296,37223,129,27,65,0,0,0,0,0,0,0,0,-32310,0,0,0,0,0,47775,0
47142,-920,8044,728,39,-22,64,12369,-9,0,-864,-288,37223,129,27,65,0,0,0,0,0,0,0,0,-32310,0,0,0,0,0,47780,0
47147,-888,8048,710,35,-18,64,12371,2,2,-863,-288,37226,130,27,65,0,0,0,0,0,0,0,0,-32310,0,0,0,0,0,47786,0
47152,-920,8054,746,36,-19,61,12371,8,1,-867,-296,37226,130,27,65,0,0,0,0,0,0,0,0,-32310,0,0,0,0,0,47791,0
47157,-838,8034,812,37,-21,68,12372,4,3,-863,-304,37227,132,27,65,0,0,0,0,0,0,0,0,-32310,0,0,0,0,0,47797,0
47162,-858,8098,768,39,-19,64,12372,2,2,-865,-288,37227,132,27,65,0,0,0,0,0,0,0,0,-32310,0,0,0,0,0,47802,0
47167,-932,8060,758,36,-17,61,12372,3,-1,-864,-304,37228,128,27,65,0,0,0,0,0,0,0,0,-32310,0,0,0,0,0,47808,0
47172,-838,8074,784,36,-13,65,12371,0,-4,-860,-296,37228,128,27,65,0,0,0,0,0,0,0,0,-32310,0,0,0,0,0,47813,0
47177,-856,8004,710,37,-13,63,12370,-7,-7,-863,-288,37224,130,27,65,0,0,0,0,0,0,0,0,-32310,0,0,0,0,0,47819,0
47182,-908,8058,748,37,-7,59,12371,0,-4,-863,-280,37224,130,27,65,0,0,0,0,0,0,0,0,-32310,0,0,0,0,0,47824,0
47187,-886,8122,772,37,-14,63,12371,0,-1,-866,-296,37222,130,28,65,0,0,0,0,0,0,0,0,-32309,0,0,0,0,0,47830,0
47192,-810,8068,756,46,-14,59,12371,0,2,-864,-296,37222,130,28,65,0,0,0,0,0,0,0,0,-32309,0,0,0,0,0,47835,0
47197,-808,8092,736,40,-16,58,12370,-4,-1,-863,-296,37223,130,27,65,0,0,0,0,0,0,0,0,-32310,0,0,0,0,0,47841,0
47202,-826,8086,738,43,-15,55,12371,2,-2,-861,-296,37223,130,27,65,0,0,0,0,0,0,0,0,-32309,0,0,0,0,0,47846,0
47207,-840,8076,760,45,-17,54,12371,-1,1,-865,-288,37223,130,27,65,0,0,0,0,0,0,0,0,-32310,0,0,0,0,0,47852,0
47212,-836,8014,720,44,-22,56,12370,-3,0,-866,-296,37223,130,27,65,0,0,0,0,0,0,0,0,-32309,0,0,0,0,0,47858,0
47217,-864,8038,768,39,-17,48,12370,-6,0,-863,-296,37223,131,28,65,0,0,0,0,0,0,0,0,-32310,0,0,0,0,0,47863,0
47222,-826,8124,732,47,-21,55,12370,-8,-3,-863,-296,37223,131,28,65,0,0,0,0,0,0,0,0,-32310,0,0,0,0,0,47868,0
47227,-840,8074,684,45,-25,47,12372,0,-3,-866,-280,37223,139,27,65,0,0,0,0,0,0,0,0,-32310,0,0,0,0,0,47874,0
47232,-800,8080,746,41,-25,44,12370,0,3,-868,-288,37223,139,27,65,0,0,0,0,0,0,0,0,-32310,0,0,0,0,0,47880,0
47237,-832,8116,710,43,-18,45,12372,1,0,-864,-296,37227,136,28,65,0,0,0,0,0,0,0,0,-32310,0,0,0,0,0,47885,0
47242,-836,8080,762,39,-17,44,12371,1,-5,-863,-288,37227,136,28,65,0,0,0,0,0,0,0,0,-32310,0,0,0,0,0,47890,0
47247,-838,8060,754,37,-15,47,12371,0,5,-864,-296,37231,132,27,65,0,0,0,0,0,0,0,0,-32310,0,0,0,0,0,47896,0
47252,-858,8048,718,36,-14,46,12371,0,-3,-863,-288,37231,132,27,65,0,0,0,0,0,0,0,0,-32310,0,0,0,0,0,47901,0
47257,-860,8088,758,43,-10,41,12371,-6,-4,-866,-280,37233,121,27,65,0,0,0,0,0,0,0,0,-32310,0,0,0,0,0,47907,0
47262,-870,8066,718,40,-10,43,12370,1,1,-865,-304,37233,121,27,65,0,0,0,0,0,0,0,0,-32310,0,0,0,0,0,47912,0
47267,-890,8080,704,37,-7,44,12371,-2,-2,-865,-296,37230,118,27,65,0,0,0,0,0,0,0,0,-32310,0,0,0,0,0,47918,0
47272,-908,8050,726,36,-3,47,12371,1,4,-860,-296,37230,118,27,65,0,0,0,0,0,0,0,0,-32310,0,0,0,0,0,47923,0
47277,-918,8038,718,37,-13,48,12371,2,3,-865,-288,37226,123,27,65,0,0,0,0,0,0,0,0,-32310,0,0,0,0,0,47929,0
47282,-922,8054,738,34,-9,51,12371,-2,-3,-862,-288,37226,123,27,65,0,0,0,0,0,0,0,0,-32310,0,0,0,0,0,47934,0
47287,-922,8012,730,35,-12,53,12371,-1,-1,-862,-304,37225,129,28,65,0,0,0,0,0,0,0,0,-32310,0,0,0,0,0,47939,0
47292,-966,7928,792,35,-8,48,12371,6,0,-862,-296,37225,129,28,65,0,0,0,0,0,0,0,0,-32310,0,0,0,0,0,47945,0
47297,-1052,7982,726,34,-10,49,12372,1,-2,-866,-296,37225,132,27,65,0,0,0,0,0,0,0,0,-32310,0,0,0,0,0,47951,0
47302,-942,8066,738,39,-18,60,12371,0,0,-867,-296,37225,132,27,65,0,0,0,0,0,0,0,0,-32310,0,0,0,0,0,47956,0
47307,-884,8056,702,44,-15,56,12371,-2,-1,-862,-296,37226,132,27,65,0,0,0,0,0,0,0,0,-32309,0,0,0,0,0,47962,0
47312,-886,8014,724,33,-21,59,12371,-5,-4,-865,-296,37226,132,27,65,0,0,0,0,0,0,0,0,-32310,0,0,0,0,0,47967,0
47317,-894,8044,764,38,-17,59,12372,1,-2,-867,-296,37228,134,27,65,0,0,0,0,0,0,0,0,-32310,0,0,0,0,0,47973,0
47322,-908,7984,790,40,-22,58,12371,-8,-1,-869,-288,37228,134,27,65,0,0,0,0,0,0,0,0,-32310,0,0,0,0,0,47978,0
47327,-988,7996,848,45,-22,63,12371,0,-1,-862,-288,37228,130,27,65,0,0,0,0,0,0,0,0,-32309,0,0,0,0,0,47983,0
47332,-886,8046,778,47,-23,67,12371,1,-3,-865,-296,37228,130,27,65,0,0,0,0,0,0,0,0,-32310,0,0,0,0,0,47989,0
47337,-890,8044,784,46,-24,66,12370,-5,1,-865,-304,37227,126,27,65,0,0,0,0,0,0,0,0,-32310,0,0,0,0,0,47994,0
47342,-848,8030,776,45,-20,66,12371,1,1,-861,-296,37227,126,27,65,0,0,0,0,0,0,0,0,-32310,0,0,0,0,0,48000,0
47347,-888,7956,742,50,-21,67,12371,3,2,-863,-296,37224,129,28,65,0,0,0,0,0,0,0,0,-32310,0,0,0,0,0,48006,0
47352,-902,8106,798,46,-20,70,12371,1,1,-861,-296,37224,129,28,65,0,0,0,0,0,0,0,0,-32311,0,0,0,0,0,48011,0
47357,-848,8040,764,49,-14,70,12373,5,-2,-864,-296,37228,132,28,65,0,0,0,0,0,0,0,0,-32310,0,0,0,0,0,48017,0
47362,-780,8062,786,54,-11,67,12372,3,-4,-863,-288,37228,132,28,65,0,0,0,0,0,0,0,0,-32310,0,0,0,0,0,48022,0
47367,-770,8050,808,49,-9,69,12372,0,0,-864,-296,37229,139,27,65,0,0,0,0,0,0,0,0,-32310,0,0,0,0,0,48028,0
47372,-828,8152,802,46,-5,70,12371,4,-6,-868,-304,37229,139,27,65,0,0,0,0,0,0,0,0,-32310,0,0,0,0,0,48033,0
47377,-902,8082,788,51,0,68,12371,-3,-4,-861,-296,37228,137,27,65,0,0,0,0,0,0,0,0,-32310,0,0,0,0,0,48039,0
47382,-842,8106,818,51,-4,70,12370,-4,0,-864,-296,37228,137,27,65,0,0,0,0,0,0,0,0,-32310,0,0,0,0,0,48044,0
47387,-832,8054,786,52,0,68,12370,0,-1,-861,-304,37227,133,28,65,0,0,0,0,0,0,0,0,-32310,0,0,0,0,0,48050,0
47392,-912,8026,790,49,0,62,12370,-10,-1,-863,-296,37227,133,28,65,0,0,0,0,0,0,0,0,-32310,0,0,0,0,0,48056,0
47397,-850,8106,764,52,-1,67,12371,-1,2,-864,-288,37226,136,28,65,0,0,0,0,0,0,0,0,-32310,0,0,0,0,0,48061,0
47402,-828,8084,754,52,0,65,12370,-3,1,-869,-288,37226,136,28,65,0,0,0,0,0,0,0,0,-32310,0,0,0,0,0,48066,0
47407,-794,8056,760,46,3,63,12371,6,4,-858,-304,37227,136,28,65,0,0,0,0,0,0,0,0,-32310,0,0,0,0,0,48072,0
47412,-782,8036,754,56,1,61,12372,3,0,-866,-304,37227,136,28,65,0,0,0,0,0,0,0,0,-32310,0,0,0,0,0,48077,0
47417,-774,8066,864,53,-2,63,12371,1,3,-867,-296,37226,128,27,65,0,0,0,0,0,0,0,0,-32310,0,0,0,0,0,48083,0
47422,-814,8094,790,54,-6,63,12371,-3,-1,-860,-288,37226,128,27,65,0,0,0,0,0,0,0,0,-32310,0,0,0,0,0,48088,0
47427,-844,8052,748,53,-2,56,12371,-1,0,-863,-288,37224,128,27,65,0,0,0,0,0,0,0,0,-32310,0,0,0,0,0,48095,0
47432,-830,8072,802,53,-10,57,12370,-6,-3,-867,-296,37224,128,27,65,0,0,0,0,0,0,0,0,-32310,0,0,0,0,0,48101,0
47437,-804,8084,756,51,-10,55,12371,-2,-2,-862,-288,37224,126,28,65,0,0,0,0,0,0,0,0,-32310,0,0,0,0,0,48106,0
47442,-790,8080,760,53,-8,55,12371,1,-2,-864,-296,37224,126,28,65,0,0,0,0,0,0,0,0,-32310,0,0,0,0,0,48112,0
47447,-826,8098,786,57,-10,53,12371,4,5,-869,-288,37221,130,27,65,0,0,0,0,0,0,0,0,-32310,0,0,0,0,0,48117,0
47452,-778,8038,844,52,-5,55,12371,1,0,-865,-288,37221,130,27,65,0,0,0,0,0,0,0,0,-32310,0,0,0,0,0,48123,0
47457,-826,8092,794,58,-11,53,12372,2,-1,-862,-296,37227,127,27,65,0,0,0,0,0,0,0,0,-32310,0,0,0,0,0,48128,0
47462,-910,8026,774,55,-15,48,12370,-1,1,-863,-288,37227,127,27,65,0,0,0,0,0,0,0,0,-32310,0,0,0,0,0,48134,0
47467,-842,8052,784,56,-19,54,12372,1,-1,-862,-296,37227,133,27,65,0,0,0,0,0,0,0,0,-32310,0,0,0,0,0,48139,0
47472,-818,8050,776,58,-15,52,12370,0,-3,-864,-304,37227,133,27,65,0,0,0,0,0,0,0,0,-32310,0,0,0,0,0,48145,0
47477,-836,8082,774,60,-13,49,12370,0,-1,-862,-296,37227,137,27,65,0,0,0,0,0,0,0,0,-32310,0,0,0,0,0,48151,0
47482,-870,8064,806,57,-19,48,12371,0,0,-866,-296,37227,137,27,65,0,0,0,0,0,0,0,0,-32310,0,0,0,0,0,48156,0
47487,-838,8068,774,58,-21,46,12371,2,2,-866,-304,37227,139,28,65,0,0,0,0,0,0,0,0,-32310,0,0,0,0,0,48162,0
47492,-818,8106,802,55,-16,50,12371,0,4,-858,-296,37227,139,28,65,0,0,0,0,0,0,0,0,-32310,0,0,0,0,0,48167,0
47497,-872,8068,798,58,-20,48,12370,-3,-2,-864,-296,37224,136,28,65,0,0,0,0,0,0,0,0,-32310,0,0,0,0,0,48173,0
47502,-854,8100,804,55,-20,46,12371,0,-3,-863,-296,37224,136,28,65,0,0,0,0,0,0,0,0,-32310,0,0,0,0,0,48178,0
47507,-850,8096,786,59,-21,50,12372,3,0,-864,-304,37227,131,27,65,0,0,0,0,0,0,0,0,-32310,0,0,0,0,0,48184,0
47512,-828,8054,766,63,-21,46,12370,-3,-2,-864,-296,37227,131,27,65,0,0,0,0,0,0,0,0,-32310,0,0,0,0,0,48189,0
47517,-824,8092,790,59,-23,44,12371,-5,0,-866,-288,37228,124,28,65,0,0,0,0,0,0,0,0,-32310,0,0,0,0,0,48195,0
47522,-804,8062,792,57,-17,50,12372,3,1,-863,-304,37228,124,28,65,0,0,0,0,0,0,0,0,-32310,0,0,0,0,0,48200,0
47527,-788,8032,776,56,-21,45,12371,1,0,-867,-304,37228,122,28,65,0,0,0,0,0,0,0,0,-32310,0,0,0,0,0,48206,0
47532,-764,8068,844,60,-14,45,12372,4,3,-865,-296,37228,122,28,65,0,0,0,0,0,0,0,0,-32310,0,0,0,0,0,48211,0
47537,-838,8076,780,64,-16,50,12371,4,-1,-861,-296,37227,126,28,65,0,0,0,0,0,0,0,0,-32310,0,0,0,0,0,48217,0
47542,-844,8084,810,57,-10,51,12369,-7,-5,-862,-288,37227,126,28,65,0,0,0,0,0,0,0,0,-32310,0,0,0,0,0,48223,0
47547,-870,8098,824,64,-16,48,12372,1,2,-861,-296,37221,127,28,65,0,0,0,0,0,0,0,0,-32310,0,0,0,0,0,48229,0
47552,-800,8068,770,58,-13,47,12371,0,-2,-863,-304,37221,127,28,65,0,0,0,0,0,0,0,0,-32310,0,0,0,0,0,48234,0
47557,-842,8090,792,68,-11,47,12372,7,1,-866,-296,37220,134,28,65,0,0,0,0,0,0,0,0,-32310,0,0,0,0,0,48239,0
47562,-826,8074,816,63,-13,48,12371,0,-3,-867,-296,37220,134,28,65,0,0,0,0,0,0,0,0,-32310,0,0,0,0,0,48245,0
47567,-824,8078,782,57,-7,47,12371,0,-1,-860,-296,37225,132,28,65,0,0,0,0,0,0,0,0,-32310,0,0,0,0,0,48250,0
47572,-824,8074,820,66,-3,48,12371,-6,-5,-862,-296,37225,132,28,65,0,0,0,0,0,0,0,0,-32310,0,0,0,0,0,48256,0
47577,-836,8046,812,67,-7,49,12372,2,3,-862,-304,37229,136,28,65,0,0,0,0,0,0,0,0,-32310,0,0,0,0,0,48262,0
47582,-812,8048,810,63,-4,49,12371,0,-3,-863,-296,37229,136,28,65,0,0,0,0,0,0,0,0,-32310,0,0,0,0,0,48267,0
47587,-768,8086,860,67,-9,51,12371,-1,-3,-865,-296,37229,131,28,65,0,0,0,0,0,0,0,0,-32309,0,0,0,0,0,48273,0
47592,-858,8076,784,66,-8,47,12371,0,-1,-864,-288,37229,131,28,65,0,0,0,0,0,0,0,0,-32310,0,0,0,0,0,48278,0
47597,-844,8062,786,69,-4,50,12371,-3,0,-863,-304,37223,124,28,65,0,0,0,0,0,0,0,0,-32310,0,0,0,0,0,48284,0
47602,-844,8086,784,63,-6,46,12372,0,5,-866,-296,37223,124,28,65,0,0,0,0,0,0,0,0,-32309,0,0,0,0,0,48289,0
47607,-782,8052,756,70,-7,51,12371,0,-3,-862,-304,37224,125,27,65,0,0,0,0,0,0,0,0,-32310,0,0,0,0,0,48295,0
47612,-806,8076,808,69,-12,43,12371,-5,0,-861,-296,37224,125,27,65,0,0,0,0,0,0,0,0,-32310,0,0,0,0,0,48300,0
47617,-818,8084,782,62,-7,44,12370,0,-2,-863,-288,37224,126,27,65,0,0,0,0,0,0,0,0,-32310,0,0,0,0,0,48306,0
47622,-800,8042,798,67,-14,46,12372,4,0,-866,-296,37224,126,27,65,0,0,0,0,0,0,0,0,-32310,0,0,0,0,0,48311,0
47627,-790,8030,782,69,-8,44,12370,-3,0,-864,-304,37224,127,28,65,0,0,0,0,0,0,0,0,-32310,0,0,0,0,0,48316,0
47632,-786,8068,770,67,-11,37,12372,4,5,-865,-288,37224,127,28,65,0,0,0,0,0,0,0,0,-32311,0,0,0,0,0,48322,0
47637,-816,8050,782,71,-17,38,12371,-4,-1,-869,-304,37224,128,28,65,0,0,0,0,0,0,0,0,-32310,0,0,0,0,0,48328,0
47642,-816,8000,782,72,-8,41,12371,1,0,-861,-296,37224,128,28,65,0,0,0,0,0,0,0,0,-32310,0,0,0,0,0,48333,0
47647,-760,8044,804,68,-11,42,12372,9,5,-864,-296,37224,136,27,65,0,0,0,0,0,0,0,0,-32310,0,0,0,0,0,48339,0
47652,-878,8018,742,74,-9,39,12371,0,-1,-863,-304,37224,136,27,65,0,0,0,0,0,0,0,0,-32310,0,0,0,0,0,48344,0
47657,-800,8076,778,69,-15,36,12370,-5,6,-862,-296,37228,144,28,65,0,0,0,0,0,0,0,0,-32310,0,0,0,0,0,48350,0
47662,-772,8064,778,73,-15,37,12371,0,-3,-863,-296,37228,144,28,65,0,0,0,0,0,0,0,0,-32310,0,0,0,0,0,48355,0
47667,-764,8098,762,73,-13,35,12370,-4,-2,-866,-296,37229,138,28,65,0,0,0,0,0,0,0,0,-32309,0,0,0,0,0,48361,0
47672,-770,8082,786,69,-12,37,12370,-4,-1,-863,-280,37229,138,28,65,0,0,0,0,0,0,0,0,-32310,0,0,0,0,0,48366,0
47677,-772,8088,772,66,-9,33,12372,3,3,-864,-288,37231,129,28,65,0,0,0,0,0,0,0,0,-32310,0,0,0,0,0,48372,0
47682,-776,8106,780,71,-9,30,12371,-4,2,-864,-288,37231,129,28,65,0,0,0,0,0,0,0,0,-32310,0,0,0,0,0,48378,0
47687,-756,8070,776,68,-9,37,12371,-4,-1,-866,-304,37229,127,28,65,0,0,0,0,0,0,0,0,-32310,0,0,0,0,0,48383,0
47692,-778,8080,766,68,-14,26,12371,-1,-3,-866,-288,37229,127,28,65,0,0,0,0,0,0,0,0,-32310,0,0,0,0,0,48389,0
47697,-788,8094,780,67,-9,26,12371,7,1,-864,-296,37230,122,28,65,0,0,0,0,0,0,0,0,-32310,0,0,0,0,0,48394,0
47702,-738,8120,766,59,-7,28,12371,0,1,-861,-304,37230,122,28,65,0,0,0,0,0,0,0,0,-32310,0,0,0,0,0,48399,0
47707,-780,8070,796,68,-8,25,12371,0,3,-865,-296,37224,129,28,65,0,0,0,0,0,0,0,0,-32310,0,0,0,0,0,48405,0
47712,-786,8082,772,68,-6,17,12371,1,0,-862,-296,37224,129,28,65,0,0,0,0,0,0,0,0,-32310,0,0,0,0,0,48410,0
47717,-782,8058,772,70,-6,20,12372,8,3,-864,-304,37225,132,28,65,0,0,0,0,0,0,0,0,-32310,0,0,0,0,0,48416,0
47722,-802,8058,766,67,-10,20,12370,-3,-2,-862,-304,37225,132,28,65,0,0,0,0,0,0,0,0,-32310,0,0,0,0,0,48421,0
47727,-790,8094,772,69,-8,22,12372,5,2,-861,-304,37224,137,27,65,0,0,0,0,0,0,0,0,-32310,0,0,0,0,0,48428,0
47732,-806,8078,760,61,-9,19,12371,-2,-3,-864,-296,37224,137,27,65,0,0,0,0,0,0,0,0,-32310,0,0,0,0,0,48433,0
47737,-812,8066,762,61,-7,12,12370,0,-1,-863,-296,37220,136,28,65,0,0,0,0,0,0,0,0,-32310,0,0,0,0,0,48440,0
47742,-794,8070,778,63,-8,22,12370,-2,-2,-863,-296,37220,136,28,65,0,0,0,0,0,0,0,0,-32310,0,0,0,0,0,48445,0
47747,-830,8096,752,58,1,16,12371,-5,-2,-862,-296,37218,138,28,65,0,0,0,0,0,0,0,0,-32310,0,0,0,0,0,48451,0
47752,-786,8060,768,65,-1,18,12371,0,-2,-863,-296,37218,138,28,65,0,0,0,0,0,0,0,0,-32310,0,0,0,0,0,48457,0
47757,-810,8058,772,63,-4,12,12371,3,1,-867,-296,37219,138,27,65,0,0,0,0,0,0,0,0,-32310,0,0,0,0,0,48462,0
47762,-814,8056,766,63,-6,18,12372,3,2,-863,-296,37219,138,27,65,0,0,0,0,0,0,0,0,-32310,0,0,0,0,0,48468,0
47767,-812,8064,742,56,0,21,12371,4,-1,-867,-296,37224,140,28,65,0,0,0,0,0,0,0,0,-32310,0,0,0,0,0,48473,0
47772,-818,8064,764,57,-4,16,12370,-5,3,-866,-288,37224,140,28,65,0,0,0,0,0,0,0,0,-32310,0,0,0,0,0,48479,0
47777,-842,8070,788,58,-2,16,12370,-3,-1,-860,-280,37228,143,27,65,0,0,0,0,0,0,0,0,-32310,0,0,0,0,0,48484,0
47782,-820,8068,762,61,-4,15,12372,2,0,-859,-304,37228,143,27,65,0,0,0,0,0,0,0,0,-32310,0,0,0,0,0,48490,0
47787,-838,8064,782,63,-10,17,12371,0,0,-865,-304,37228,136,27,65,0,0,0,0,0,0,0,0,-32310,0,0,0,0,0,48495,0
47792,-846,8066,778,57,-9,20,12370,-3,-2,-863,-296,37228,136,27,65,0,0,0,0,0,0,0,0,-32310,0,0,0,0,0,48501,0
47797,-840,8078,784,58,-9,15,12371,0,-1,-865,-288,37225,137,27,65,0,0,0,0,0,0,0,0,-32310,0,0,0,0,0,48506,0
47802,-826,8070,782,64,-8,17,12370,-1,4,-868,-288,37225,137,27,65,0,0,0,0,0,0,0,0,-32310,0,0,0,0,0,48512,0
47807,-844,8054,784,62,-8,19,12372,3,1,-864,-296,37224,136,28,65,0,0,0,0,0,0,0,0,-32310,0,0,0,0,0,48517,0
47812,-746,8150,844,53,-6,22,12371,1,4,-861,-288,37224,136,28,65,0,0,0,0,0,0,0,0,-32310,0,0,0,0,0,48523,0
47817,-806,8036,748,66,-5,17,12371,-2,1,-864,-288,37225,121,28,65,0,0,0,0,0,0,0,0,-32310,0,0,0,0,0,48528,0
47822,-814,8046,778,59,-6,19,12371,-2,-3,-863,-288,37225,121,28,65,0,0,0,0,0,0,0,0,-32310,0,0,0,0,0,48534,0
47827,-830,8044,774,61,-4,20,12371,6,2,-861,-296,37226,119,28,65,0,0,0,0,0,0,0,0,-32311,0,0,0,0,0,48539,0
47832,-840,8092,798,56,-8,21,12372,0,-1,-865,-296,37226,119,28,65,0,0,0,0,0,0,0,0,-32310,0,0,0,0,0,48545,0
47837,-844,8082,818,58,-7,19,12370,-1,-1,-862,-296,37225,124,28,65,0,0,0,0,0,0,0,0,-32310,0,0,0,0,0,48550,0
47842,-828,8026,818,66,-3,22,12372,3,-3,-860,-304,37225,124,28,65,0,0,0,0,0,0,0,0,-32310,0,0,0,0,0,48556,0
47847,-796,8072,836,57,-7,16,12370,-6,-3,-867,-304,37224,132,28,65,0,0,0,0,0,0,0,0,-32310,0,0,0,0,0,48561,0
47852,-836,8038,794,60,-2,19,12371,1,-2,-859,-296,37224,132,28,65,0,0,0,0,0,0,0,0,-32310,0,0,0,0,0,48567,0
47857,-834,8080,816,67,-10,16,12371,-1,-1,-868,-288,37223,129,28,65,0,0,0,0,0,0,0,0,-32310,0,0,0,0,0,48572,0
47862,-818,8058,818,62,-8,20,12371,-1,-1,-868,-296,37223,129,28,65,0,0,0,0,0,0,0,0,-32310,0,0,0,0,0,48578,0
47867,-826,8058,808,67,-2,19,12370,0,2,-869,-296,37225,133,27,65,0,0,0,0,0,0,0,0,-32310,0,0,0,0,0,48583,0
47872,-848,8056,810,63,-7,18,12371,-6,0,-867,-296,37225,133,27,65,0,0,0,0,0,0,0,0,-32310,0,0,0,0,0,48589,0
47877,-810,8066,800,65,-2,22,12372,4,0,-858,-304,37233,134,28,65,0,0,0,0,0,0,0,0,-32310,0,0,0,0,0,48594,0
47882,-834,8068,786,59,-4,17,12372,9,2,-866,-296,37233,134,28,65,0,0,0,0,0,0,0,0,-32310,0,0,0,0,0,48600,0
47887,-846,8054,778,67,-5,20,12371,0,0,-863,-304,37239,147,28,65,0,0,0,0,0,0,0,0,-32310,0,0,0,0,0,48605,0
47892,-858,8054,786,72,-5,18,12371,-3,-4,-860,-296,37239,147,28,65,0,0,0,0,0,0,0,0,-32310,0,0,0,0,0,48611,0
47897,-856,8060,756,64,-4,18,12371,-5,2,-865,-296,37237,137,28,65,0,0,0,0,0,0,0,0,-32310,0,0,0,0,0,48616,0
47902,-828,8040,764,67,-3,19,12372,4,0,-861,-304,37237,137,28,65,0,0,0,0,0,0,0,0,-32310,0,0,0,0,0,48622,0
47907,-844,8058,776,64,-7,23,12371,3,-2,-863,-296,37233,129,28,65,0,0,0,0,0,0,0,0,-32309,0,0,0,0,0,48627,0
47912,-880,8080,758,68,-4,23,12370,-3,0,-863,-288,37233,129,28,65,0,0,0,0,0,0,0,0,-32310,0,0,0,0,0,48633,0
47917,-838,8028,760,62,-1,25,12371,3,-3,-863,-296,37225,121,28,65,0,0,0,0,0,0,0,0,-32310,0,0,0,0,0,48638,0
47922,-882,8044,776,67,-1,21,12369,-8,4,-867,-288,37225,121,28,65,0,0,0,0,0,0,0,0,-32310,0,0,0,0,0,48644,0
47927,-884,8066,732,67,1,25,12370,-3,3,-863,-296,37226,123,27,65,0,0,0,0,0,0,0,0,-32309,0,0,0,0,0,48649,0
47932,-882,8058,780,58,-5,28,12371,0,1,-868,-288,37226,123,27,65,0,0,0,0,0,0,0,0,-32310,0,0,0,0,0,48655,0
47937,-858,8038,782,57,-5,31,12370,-1,4,-864,-304,37222,128,27,65,0,0,0,0,0,0,0,0,-32310,0,0,0,0,0,48660,0
47942,-862,8076,774,61,-8,24,12371,1,-1,-865,-296,37222,128,27,65,0,0,0,0,0,0,0,0,-32310,0,0,0,0,0,48666,0
47947,-858,8068,802,59,-11,34,12371,0,1,-866,-296,37222,131,27,65,0,0,0,0,0,0,0,0,-32309,0,0,0,0,0,48671,0
47952,-844,8064,774,59,-10,28,12371,1,1,-864,-296,37222,131,27,65,0,0,0,0,0,0,0,0,-32310,0,0,0,0,0,48677,0
47957,-856,8072,804,62,-5,31,12371,0,3,-868,-288,37224,129,27,65,0,0,0,0,0,0,0,0,-32310,0,0,0,0,0,48682,0
47962,-868,8074,794,65,-11,28,12372,7,-2,-862,-304,37224,129,27,65,0,0,0,0,0,0,0,0,-32310,0,0,0,0,0,48688,0
47967,-818,8084,772,63,-12,31,12371,0,-3,-863,-296,37225,131,27,65,0,0,0,0,0,0,0,0,-32310,0,0,0,0,0,48694,0
47972,-808,8086,790,65,-14,29,12372,2,0,-861,-296,37225,131,27,65,0,0,0,0,0,0,0,0,-32310,0,0,0,0,0,48699,0
47977,-860,8042,792,60,-11,34,12372,3,-5,-865,-304,37222,133,28,65,0,0,0,0,0,0,0,0,-32310,0,0,0,0,0,48705,0
47982,-872,8056,776,60,-21,34,12371,4,0,-867,-296,37222,133,28,65,0,0,0,0,0,0,0,0,-32310,0,0,0,0,0,48710,0
47987,-886,8050,784,60,-16,37,12371,0,-4,-864,-288,37221,131,28,65,0,0,0,0,0,0,0,0,-32309,0,0,0,0,0,48716,0
47992,-892,8034,778,62,-17,31,12371,-1,-1,-862,-304,37221,131,28,65,0,0,0,0,0,0,0,0,-32310,0,0,0,0,0,48722,0
47997,-866,8010,786,63,-21,35,12372,-1,0,-863,-288,37222,131,27,65,0,0,0,0,0,0,0,0,-32309,0,0,0,0,0,48727,0
48002,-896,8036,820,63,-18,34,12372,10,-3,-863,-304,37222,131,27,65,0,0,0,0,0,0,0,0,-32310,0,0,0,0,0,48733,0
48007,-864,8050,796,67,-17,38,12370,-4,-5,-864,-296,37223,130,27,65,0,0,0,0,0,0,0,0,-32310,0,0,0,0,0,48738,0
48012,-850,8046,802,66,-19,38,12370,-4,-2,-861,-296,37223,130,27,65,0,0,0,0,0,0,0,0,-32310,0,0,0,0,0,48744,0
48017,-832,8044,774,67,-21,44,12371,-3,-3,-866,-296,37224,135,27,65,0,0,0,0,0,0,0,0,-32310,0,0,0,0,0,48749,0
48022,-848,8052,810,61,-22,40,12371,3,5,-864,-296,37224,135,27,65,0,0,0,0,0,0,0,0,-32310,0,0,0,0,0,48755,0
48027,-834,8060,818,64,-17,42,12371,1,0,-866,-288,37222,137,28,65,0,0,0,0,0,0,0,0,-32310,0,0,0,0,0,48760,0
48032,-810,8082,782,65,-14,46,12371,3,-2,-859,-304,37222,137,28,65,0,0,0,0,0,0,0,0,-32310,0,0,0,0,0,48766,0
48037,-840,8090,796,63,-18,46,12371,1,2,-866,-296,37226,138,28,65,0,0,0,0,0,0,0,0,-32310,0,0,0,0,0,48771,0
48042,-840,8054,772,63,-16,45,12370,-3,0,-866,-288,37226,138,28,65,0,0,0,0,0,0,0,0,-32310,0,0,0,0,0,48777,0
48047,-830,8074,786,64,-15,44,12370,2,0,-862,-296,37225,135,28,65,0,0,0,0,0,0,0,0,-32310,0,0,0,0,0,48782,0
48052,-836,8076,800,65,-12,43,12371,-2,-1,-864,-296,37225,135,28,65,0,0,0,0,0,0,0,0,-32310,0,0,0,0,0,48788,0
48057,-832,8052,798,63,-14,45,12371,-1,1,-863,-296,37219,134,27,65,0,0,0,0,0,0,0,0,-32310,0,0,0,0,0,48794,0
48062,-840,8042,820,63,-14,43,12371,1,0,-862,-296,37219,134,27,65,0,0,0,0,0,0,0,0,-32310,0,0,0,0,0,48800,0
48067,-726,8048,848,57,-10,52,12371,0,4,-867,-296,37216,136,27,65,0,0,0,0,0,0,0,0,-32310,0,0,0,0,0,48805,0
48072,-892,8024,788,60,-10,48,12370,-7,-3,-864,-288,37216,136,27,65,0,0,0,0,0,0,0,0,-32310,0,0,0,0,0,48811,0
48077,-860,8076,840,64,-11,49,12371,7,2,-855,-304,37215,131,27,65,0,0,0,0,0,0,0,0,-32311,0,0,0,0,0,48816,0
48082,-840,8060,820,61,-13,49,12371,-9,-1,-867,-296,37215,131,27,65,0,0,0,0,0,0,0,0,-32310,0,0,0,0,0,48821,0
48087,-814,8080,744,65,-7,50,12372,3,3,-866,-288,37218,124,28,65,0,0,0,0,0,0,0,0,-32311,0,0,0,0,0,48827,0
48092,-806,8066,808,62,-10,49,12371,5,1,-867,-304,37218,124,28,65,0,0,0,0,0,0,0,0,-32311,0,0,0,0,0,48832,0
48097,-780,8078,786,57,-12,47,12371,-3,1,-861,-288,37221,125,28,65,0,0,0,0,0,0,0,0,-32310,0,0,0,0,0,48838,0
48102,-702,8084,864,59,-13,49,12371,-1,-6,-860,-296,37221,125,28,65,0,0,0,0,0,0,0,0,-32310,0,0,0,0,0,48843,0
48107,-748,8136,816,59,-10,46,12372,5,2,-862,-304,37227,126,28,65,0,0,0,0,0,0,0,0,-32310,0,0,0,0,0,48849,0
48112,-872,8100,834,58,-13,52,12371,3,-1,-866,-304,37227,126,28,65,0,0,0,0,0,0,0,0,-32310,0,0,0,0,0,48855,0
48117,-810,8080,784,65,-8,47,12372,-1,-4,-863,-296,37228,120,28,65,0,0,0,0,0,0,0,0,-32310,0,0,0,0,0,48860,0
48122,-790,8054,800,64,-15,46,12372,0,-2,-865,-296,37228,120,28,65,0,0,0,0,0,0,0,0,-32309,0,0,0,0,0,48866,0
48127,-790,8088,786,65,-15,44,12371,-2,-2,-862,-304,37227,121,28,65,0,0,0,0,0,0,0,0,-32311,0,0,0,0,0,48871,0
48132,-772,8086,838,63,-20,47,12371,7,0,-859,-296,37227,121,28,65,0,0,0,0,0,0,0,0,-32310,0,0,0,0,0,48876,0
48137,-764,8046,816,67,-17,44,12371,-4,0,-869,-296,37224,118,28,65,0,0,0,0,0,0,0,0,-32310,0,0,0,0,0,48882,0
48142,-792,8070,832,67,-17,44,12371,0,0,-861,-296,37224,118,28,65,0,0,0,0,0,0,0,0,-32310,0,0,0,0,0,48887,0
48147,-782,8072,826,68,-17,44,12371,0,5,-864,-304,37224,126,27,65,0,0,0,0,0,0,0,0,-32310,0,0,0,0,0,48893,0
48152,-788,8062,816,69,-17,44,12370,2,4,-861,-288,37224,126,27,65,0,0,0,0,0,0,0,0,-32310,0,0,0,0,0,48898,0
48157,-790,8056,804,70,-20,47,12371,0,1,-862,-296,37225,125,27,65,0,0,0,0,0,0,0,0,-32310,0,0,0,0,0,48904,0
48162,-818,8046,810,68,-16,41,12370,-6,-2,-863,-280,37225,125,27,65,0,0,0,0,0,0,0,0,-32310,0,0,0,0,0,48910,0
48167,-690,8078,840,64,-21,48,12371,-4,0,-865,-296,37225,127,27,65,0,0,0,0,0,0,0,0,-32310,0,0,0,0,0,48915,0
48172,-848,8048,832,72,-14,43,12371,2,2,-864,-296,37225,127,27,65,0,0,0,0,0,0,0,0,-32310,0,0,0,0,0,48920,0
48177,-844,8098,858,66,-15,45,12370,-6,3,-865,-296,37226,128,27,65,0,0,0,0,0,0,0,0,-32310,0,0,0,0,0,48926,0
48182,-806,8084,840,65,-14,44,12371,1,-1,-861,-296,37226,128,27,65,0,0,0,0,0,0,0,0,-32310,0,0,0,0,0,48931,0
48187,-758,8084,806,71,-14,43,12372,0,2,-868,-296,37226,127,28,65,0,0,0,0,0,0,0,0,-32310,0,0,0,0,0,48937,0
48192,-782,8098,844,74,-9,40,12371,-1,3,-865,-296,37226,127,28,65,0,0,0,0,0,0,0,0,-32310,0,0,0,0,0,48942,0
48197,-776,8078,804,69,-11,35,12369,-8,0,-863,-296,37224,124,28,65,0,0,0,0,0,0,0,0,-32309,0,0,0,0,0,48948,0
48202,-756,8084,806,73,-11,43,12371,-1,1,-864,-304,37224,124,28,65,0,0,0,0,0,0,0,0,-32310,0,0,0,0,0,48953,0
48207,-802,8030,788,67,-11,36,12370,-3,2,-864,-304,37228,125,27,65,0,0,0,0,0,0,0,0,-32310,0,0,0,0,0,48959,0
48212,-780,8048,780,70,-7,42,12370,-6,4,-863,-304,37228,125,27,65,0,0,0,0,0,0,0,0,-32310,0,0,0,0,0,48964,0
48217,-784,8078,776,75,-8,39,12371,-3,-3,-863,-296,37228,132,27,65,0,0,0,0,0,0,0,0,-32310,0,0,0,0,0,48970,0
48222,-832,8048,790,70,-11,39,12370,-3,-2,-862,-296,37228,132,27,65,0,0,0,0,0,0,0,0,-32310,0,0,0,0,0,48976,0
48227,-812,8040,788,67,-6,39,12372,1,-1,-862,-288,37227,131,28,65,0,0,0,0,0,0,0,0,-32310,0,0,0,0,0,48981,0
48232,-800,8066,816,66,-9,36,12371,0,2,-870,-288,37227,131,28,65,0,0,0,0,0,0,0,0,-32310,0,0,0,0,0,48987,0
48237,-712,8046,886,72,-6,37,12370,-1,2,-866,-296,37221,130,28,65,0,0,0,0,0,0,0,0,-32310,0,0,0,0,0,48992,0
48242,-800,8114,824,68,-5,36,12370,-5,0,-862,-288,37221,130,28,65,0,0,0,0,0,0,0,0,-32310,0,0,0,0,0,48998,0
48247,-810,8106,784,70,-6,37,12370,0,4,-866,-304,37221,131,28,65,0,0,0,0,0,0,0,0,-32310,0,0,0,0,0,49003,0
48252,-818,8072,796,71,-8,34,12371,0,2,-865,-296,37221,131,28,65,0,0,0,0,0,0,0,0,-32310,0,0,0,0,0,49008,0
48257,-760,8070,782,68,-8,37,12372,3,2,-859,-288,37223,133,27,65,0,0,0,0,0,0,0,0,-32310,0,0,0,0,0,49014,0
48262,-778,8070,780,74,-4,38,12370,0,3,-863,-288,37223,133,27,65,0,0,0,0,0,0,0,0,-32310,0,0,0,0,0,49020,0
48267,-802,8062,794,70,-8,34,12370,-1,0,-861,-288,37225,127,27,65,0,0,0,0,0,0,0,0,-32310,0,0,0,0,0,49025,0
48272,-772,8038,808,72,-13,29,12371,-1,-2,-866,-304,37225,127,27,65,0,0,0,0,0,0,0,0,-32310,0,0,0,0,0,49031,0
48277,-802,8078,802,77,-12,33,12371,2,0,-864,-288,37226,125,27,65,0,0,0,0,0,0,0,0,-32310,0,0,0,0,0,49036,0
48282,-808,8072,790,76,-16,32,12370,-1,3,-865,-288,37226,125,27,65,0,0,0,0,0,0,0,0,-32310,0,0,0,0,0,49042,0
48287,-806,8068,778,69,-13,32,12371,-1,1,-866,-296,37227,124,27,65,0,0,0,0,0,0,0,0,-32309,0,0,0,0,0,49047,0
48292,-802,8058,794,70,-13,28,12371,-3,-2,-866,-296,37227,124,27,65,0,0,0,0,0,0,0,0,-32310,0,0,0,0,0,49053,0
48297,-790,8084,770,78,-15,30,12371,2,2,-861,-288,37227,119,28,65,0,0,0,0,0,0,0,0,-32310,0,0,0,0,0,49058,0
48302,-826,8046,796,70,-9,35,12370,-3,0,-866,-296,37227,119,28,65,0,0,0,0,0,0,0,0,-32309,0,0,0,0,0,49064,0
48307,-810,8066,812,78,-14,30,12370,0,1,-863,-312,37227,121,27,65,0,0,0,0,0,0,0,0,-32310,0,0,0,0,0,49069,0
48312,-842,8054,816,72,-16,34,12370,-4,1,-861,-296,37227,121,27,65,0,0,0,0,0,0,0,0,-32310,0,0,0,0,0,49075,0
48317,-846,8092,834,71,-14,36,12370,-2,3,-862,-296,37226,128,28,65,0,0,0,0,0,0,0,0,-32310,0,0,0,0,0,49080,0
48322,-862,8052,786,73,-17,44,12372,7,3,-866,-296,37226,128,28,65,0,0,0,0,0,0,0,0,-32310,0,0,0,0,0,49086,0
48327,-866,8014,790,68,-16,41,12371,4,4,-865,-304,37225,131,27,65,0,0,0,0,0,0,0,0,-32310,0,0,0,0,0,49091,0
48332,-782,8056,820,73,-14,35,12370,-1,3,-862,-296,37225,131,27,65,0,0,0,0,0,0,0,0,-32310,0,0,0,0,0,49097,0
48337,-770,8032,782,70,-13,39,12370,-9,-6,-863,-296,37225,133,27,65,0,0,0,0,0,0,0,0,-32310,0,0,0,0,0,49102,0
48342,-808,8078,794,71,-13,36,12371,-5,2,-867,-296,37225,133,27,65,0,0,0,0,0,0,0,0,-32310,0,0,0,0,0,49108,0
48347,-816,8078,804,81,-11,38,12371,-3,1,-868,-304,37224,128,28,65,0,0,0,0,0,0,0,0,-32310,0,0,0,0,0,49113,0
48352,-794,8092,794,71,-17,39,12370,0,0,-865,-288,37224,128,28,65,0,0,0,0,0,0,0,0,-32310,0,0,0,0,0,49119,0
48357,-798,8068,822,76,-7,35,12371,-1,0,-864,-296,37222,130,28,65,0,0,0,0,0,0,0,0,-32310,0,0,0,0,0,49125,0
48362,-768,8092,790,69,-14,41,12371,-3,0,-867,-288,37222,130,28,65,0,0,0,0,0,0,0,0,-32310,0,0,0,0,0,49130,0
48367,-814,8066,784,67,-13,40,12370,-8,6,-866,-304,37224,134,27,65,0,0,0,0,0,0,0,0,-32309,0,0,0,0,0,